CODIGO,ESTACION,YEAR,MONTH,DAY,PP,TMAX,TMIN
100080,LAGUNAS,1965,01,01,0.0,-999,-999
100080,LAGUNAS,1965,01,02,19.0,-999,-999
100080,LAGUNAS,1965,01,03,2.0,-999,-999
100080,LAGUNAS,1965,01,04,2.5,-999,-999
100080,LAGUNAS,1965,01,05,0.0,-999,-999
100080,LAGUNAS,1965,01,06,0.0,-999,-999
100080,LAGUNAS,1965,01,07,13.0,-999,-999
100080,LAGUNAS,1965,01,08,0.0,-999,-999
100080,LAGUNAS,1965,01,09,9.0,-999,-999
100080,LAGUNAS,1965,01,10,0.0,-999,-999
100080,LAGUNAS,1965,01,11,0.0,-999,-999
100080,LAGUNAS,1965,01,12,0.0,-999,-999
100080,LAGUNAS,1965,01,13,0.0,-999,-999
100080,LAGUNAS,1965,01,14,0.0,-999,-999
100080,LAGUNAS,1965,01,15,0.0,-999,-999
100080,LAGUNAS,1965,01,16,13.5,-999,-999
100080,LAGUNAS,1965,01,17,22.0,-999,-999
100080,LAGUNAS,1965,01,18,0.0,-999,-999
100080,LAGUNAS,1965,01,19,2.0,-999,-999
100080,LAGUNAS,1965,01,20,0.0,-999,-999
100080,LAGUNAS,1965,01,21,0.0,-999,-999
100080,LAGUNAS,1965,01,22,0.0,-999,-999
100080,LAGUNAS,1965,01,23,0.0,-999,-999
100080,LAGUNAS,1965,01,24,0.0,-999,-999
100080,LAGUNAS,1965,01,25,0.0,-999,-999
100080,LAGUNAS,1965,01,26,0.0,-999,-999
100080,LAGUNAS,1965,01,27,0.0,-999,-999
100080,LAGUNAS,1965,01,28,0.0,-999,-999
100080,LAGUNAS,1965,01,29,0.0,-999,-999
100080,LAGUNAS,1965,01,30,0.0,-999,-999
100080,LAGUNAS,1965,01,31,0.0,-999,-999
100080,LAGUNAS,1965,02,01,18.0,-999,-999
100080,LAGUNAS,1965,02,02,0.0,-999,-999
100080,LAGUNAS,1965,02,03,0.0,-999,-999
100080,LAGUNAS,1965,02,04,0.0,-999,-999
100080,LAGUNAS,1965,02,05,0.0,-999,-999
100080,LAGUNAS,1965,02,06,0.0,-999,-999
100080,LAGUNAS,1965,02,07,35.0,-999,-999
100080,LAGUNAS,1965,02,08,0.0,-999,-999
100080,LAGUNAS,1965,02,09,0.0,-999,-999
100080,LAGUNAS,1965,02,10,0.0,-999,-999
100080,LAGUNAS,1965,02,11,0.0,-999,-999
100080,LAGUNAS,1965,02,12,0.0,-999,-999
100080,LAGUNAS,1965,02,13,10.0,-999,-999
100080,LAGUNAS,1965,02,14,0.0,-999,-999
100080,LAGUNAS,1965,02,15,0.0,-999,-999
100080,LAGUNAS,1965,02,16,0.0,-999,-999
100080,LAGUNAS,1965,02,17,0.0,-999,-999
100080,LAGUNAS,1965,02,18,18.0,-999,-999
100080,LAGUNAS,1965,02,19,0.0,-999,-999
100080,LAGUNAS,1965,02,20,0.0,-999,-999
100080,LAGUNAS,1965,02,21,12.0,-999,-999
100080,LAGUNAS,1965,02,22,0.0,-999,-999
100080,LAGUNAS,1965,02,23,14.0,-999,-999
100080,LAGUNAS,1965,02,24,0.0,-999,-999
100080,LAGUNAS,1965,02,25,0.0,-999,-999
100080,LAGUNAS,1965,02,26,0.0,-999,-999
100080,LAGUNAS,1965,02,27,0.0,-999,-999
100080,LAGUNAS,1965,02,28,2.0,-999,-999
100080,LAGUNAS,1965,03,01,0.0,-999,-999
100080,LAGUNAS,1965,03,02,0.4,-999,-999
100080,LAGUNAS,1965,03,03,4.0,-999,-999
100080,LAGUNAS,1965,03,04,3.0,-999,-999
100080,LAGUNAS,1965,03,05,0.0,-999,-999
100080,LAGUNAS,1965,03,06,0.8,-999,-999
100080,LAGUNAS,1965,03,07,14.0,-999,-999
100080,LAGUNAS,1965,03,08,0.0,-999,-999
100080,LAGUNAS,1965,03,09,0.2,-999,-999
100080,LAGUNAS,1965,03,10,1.0,-999,-999
100080,LAGUNAS,1965,03,11,0.0,-999,-999
100080,LAGUNAS,1965,03,12,0.0,-999,-999
100080,LAGUNAS,1965,03,13,12.0,-999,-999
100080,LAGUNAS,1965,03,14,0.7,-999,-999
100080,LAGUNAS,1965,03,15,0.0,-999,-999
100080,LAGUNAS,1965,03,16,0.0,-999,-999
100080,LAGUNAS,1965,03,17,0.0,-999,-999
100080,LAGUNAS,1965,03,18,0.0,-999,-999
100080,LAGUNAS,1965,03,19,0.0,-999,-999
100080,LAGUNAS,1965,03,20,0.0,-999,-999
100080,LAGUNAS,1965,03,21,0.0,-999,-999
100080,LAGUNAS,1965,03,22,0.0,-999,-999
100080,LAGUNAS,1965,03,23,0.5,-999,-999
100080,LAGUNAS,1965,03,24,0.0,-999,-999
100080,LAGUNAS,1965,03,25,0.5,-999,-999
100080,LAGUNAS,1965,03,26,0.0,-999,-999
100080,LAGUNAS,1965,03,27,25.0,-999,-999
100080,LAGUNAS,1965,03,28,0.0,-999,-999
100080,LAGUNAS,1965,03,29,0.0,-999,-999
100080,LAGUNAS,1965,03,30,0.0,-999,-999
100080,LAGUNAS,1965,03,31,0.0,-999,-999
100080,LAGUNAS,1965,04,01,47.0,-999,-999
100080,LAGUNAS,1965,04,02,0.0,-999,-999
100080,LAGUNAS,1965,04,03,0.0,-999,-999
100080,LAGUNAS,1965,04,04,0.0,-999,-999
100080,LAGUNAS,1965,04,05,15.0,-999,-999
100080,LAGUNAS,1965,04,06,0.0,-999,-999
100080,LAGUNAS,1965,04,07,0.0,-999,-999
100080,LAGUNAS,1965,04,08,0.0,-999,-999
100080,LAGUNAS,1965,04,09,0.0,-999,-999
100080,LAGUNAS,1965,04,10,0.0,-999,-999
100080,LAGUNAS,1965,04,11,49.0,-999,-999
100080,LAGUNAS,1965,04,12,0.0,-999,-999
100080,LAGUNAS,1965,04,13,0.0,-999,-999
100080,LAGUNAS,1965,04,14,34.0,-999,-999
100080,LAGUNAS,1965,04,15,45.0,-999,-999
100080,LAGUNAS,1965,04,16,75.0,-999,-999
100080,LAGUNAS,1965,04,17,0.0,-999,-999
100080,LAGUNAS,1965,04,18,0.0,-999,-999
100080,LAGUNAS,1965,04,19,0.0,-999,-999
100080,LAGUNAS,1965,04,20,1.0,-999,-999
100080,LAGUNAS,1965,04,21,20.0,-999,-999
100080,LAGUNAS,1965,04,22,0.0,-999,-999
100080,LAGUNAS,1965,04,23,0.0,-999,-999
100080,LAGUNAS,1965,04,24,0.0,-999,-999
100080,LAGUNAS,1965,04,25,40.0,-999,-999
100080,LAGUNAS,1965,04,26,0.0,-999,-999
100080,LAGUNAS,1965,04,27,0.0,-999,-999
100080,LAGUNAS,1965,04,28,0.0,-999,-999
100080,LAGUNAS,1965,04,29,11.0,-999,-999
100080,LAGUNAS,1965,04,30,20.0,-999,-999
100080,LAGUNAS,1965,05,01,0.0,-999,-999
100080,LAGUNAS,1965,05,02,0.0,-999,-999
100080,LAGUNAS,1965,05,03,7.0,-999,-999
100080,LAGUNAS,1965,05,04,0.0,-999,-999
100080,LAGUNAS,1965,05,05,6.0,-999,-999
100080,LAGUNAS,1965,05,06,2.0,-999,-999
100080,LAGUNAS,1965,05,07,27.0,-999,-999
100080,LAGUNAS,1965,05,08,0.0,-999,-999
100080,LAGUNAS,1965,05,09,0.0,-999,-999
100080,LAGUNAS,1965,05,10,0.0,-999,-999
100080,LAGUNAS,1965,05,11,16.0,-999,-999
100080,LAGUNAS,1965,05,12,0.0,-999,-999
100080,LAGUNAS,1965,05,13,0.0,-999,-999
100080,LAGUNAS,1965,05,14,0.0,-999,-999
100080,LAGUNAS,1965,05,15,33.0,-999,-999
100080,LAGUNAS,1965,05,16,0.0,-999,-999
100080,LAGUNAS,1965,05,17,0.0,-999,-999
100080,LAGUNAS,1965,05,18,0.0,-999,-999
100080,LAGUNAS,1965,05,19,0.0,-999,-999
100080,LAGUNAS,1965,05,20,34.0,-999,-999
100080,LAGUNAS,1965,05,21,35.0,-999,-999
100080,LAGUNAS,1965,05,22,17.0,-999,-999
100080,LAGUNAS,1965,05,23,0.0,-999,-999
100080,LAGUNAS,1965,05,24,0.0,-999,-999
100080,LAGUNAS,1965,05,25,0.0,-999,-999
100080,LAGUNAS,1965,05,26,14.0,-999,-999
100080,LAGUNAS,1965,05,27,27.0,-999,-999
100080,LAGUNAS,1965,05,28,0.0,-999,-999
100080,LAGUNAS,1965,05,29,0.0,-999,-999
100080,LAGUNAS,1965,05,30,0.0,-999,-999
100080,LAGUNAS,1965,05,31,0.0,-999,-999
100080,LAGUNAS,1965,06,01,0.0,-999,-999
100080,LAGUNAS,1965,06,02,8.0,-999,-999
100080,LAGUNAS,1965,06,03,7.0,-999,-999
100080,LAGUNAS,1965,06,04,7.0,-999,-999
100080,LAGUNAS,1965,06,05,0.0,-999,-999
100080,LAGUNAS,1965,06,06,0.0,-999,-999
100080,LAGUNAS,1965,06,07,0.0,-999,-999
100080,LAGUNAS,1965,06,08,15.0,-999,-999
100080,LAGUNAS,1965,06,09,0.0,-999,-999
100080,LAGUNAS,1965,06,10,0.0,-999,-999
100080,LAGUNAS,1965,06,11,16.0,-999,-999
100080,LAGUNAS,1965,06,12,0.0,-999,-999
100080,LAGUNAS,1965,06,13,8.0,-999,-999
100080,LAGUNAS,1965,06,14,2.0,-999,-999
100080,LAGUNAS,1965,06,15,2.0,-999,-999
100080,LAGUNAS,1965,06,16,6.0,-999,-999
100080,LAGUNAS,1965,06,17,62.0,-999,-999
100080,LAGUNAS,1965,06,18,10.0,-999,-999
100080,LAGUNAS,1965,06,19,30.0,-999,-999
100080,LAGUNAS,1965,06,20,16.0,-999,-999
100080,LAGUNAS,1965,06,21,0.0,-999,-999
100080,LAGUNAS,1965,06,22,20.0,-999,-999
100080,LAGUNAS,1965,06,23,0.0,-999,-999
100080,LAGUNAS,1965,06,24,0.0,-999,-999
100080,LAGUNAS,1965,06,25,0.0,-999,-999
100080,LAGUNAS,1965,06,26,0.0,-999,-999
100080,LAGUNAS,1965,06,27,0.0,-999,-999
100080,LAGUNAS,1965,06,28,7.0,-999,-999
100080,LAGUNAS,1965,06,29,0.0,-999,-999
100080,LAGUNAS,1965,06,30,0.0,-999,-999
100080,LAGUNAS,1965,07,01,0.0,-999,-999
100080,LAGUNAS,1965,07,02,0.0,-999,-999
100080,LAGUNAS,1965,07,03,0.0,-999,-999
100080,LAGUNAS,1965,07,04,0.0,-999,-999
100080,LAGUNAS,1965,07,05,9.0,-999,-999
100080,LAGUNAS,1965,07,06,0.0,-999,-999
100080,LAGUNAS,1965,07,07,4.0,-999,-999
100080,LAGUNAS,1965,07,08,0.0,-999,-999
100080,LAGUNAS,1965,07,09,0.0,-999,-999
100080,LAGUNAS,1965,07,10,0.0,-999,-999
100080,LAGUNAS,1965,07,11,60.0,-999,-999
100080,LAGUNAS,1965,07,12,0.0,-999,-999
100080,LAGUNAS,1965,07,13,0.0,-999,-999
100080,LAGUNAS,1965,07,14,0.0,-999,-999
100080,LAGUNAS,1965,07,15,0.0,-999,-999
100080,LAGUNAS,1965,07,16,0.0,-999,-999
100080,LAGUNAS,1965,07,17,0.0,-999,-999
100080,LAGUNAS,1965,07,18,0.0,-999,-999
100080,LAGUNAS,1965,07,19,0.0,-999,-999
100080,LAGUNAS,1965,07,20,10.0,-999,-999
100080,LAGUNAS,1965,07,21,21.0,-999,-999
100080,LAGUNAS,1965,07,22,0.0,-999,-999
100080,LAGUNAS,1965,07,23,0.0,-999,-999
100080,LAGUNAS,1965,07,24,18.0,-999,-999
100080,LAGUNAS,1965,07,25,32.0,-999,-999
100080,LAGUNAS,1965,07,26,0.0,-999,-999
100080,LAGUNAS,1965,07,27,0.0,-999,-999
100080,LAGUNAS,1965,07,28,0.0,-999,-999
100080,LAGUNAS,1965,07,29,8.0,-999,-999
100080,LAGUNAS,1965,07,30,2.0,-999,-999
100080,LAGUNAS,1965,07,31,0.0,-999,-999
100080,LAGUNAS,1965,08,01,0.0,-999,-999
100080,LAGUNAS,1965,08,02,0.0,-999,-999
100080,LAGUNAS,1965,08,03,0.0,-999,-999
100080,LAGUNAS,1965,08,04,23.0,-999,-999
100080,LAGUNAS,1965,08,05,60.0,-999,-999
100080,LAGUNAS,1965,08,06,0.0,-999,-999
100080,LAGUNAS,1965,08,07,0.0,-999,-999
100080,LAGUNAS,1965,08,08,0.0,-999,-999
100080,LAGUNAS,1965,08,09,8.0,-999,-999
100080,LAGUNAS,1965,08,10,0.0,-999,-999
100080,LAGUNAS,1965,08,11,0.0,-999,-999
100080,LAGUNAS,1965,08,12,0.0,-999,-999
100080,LAGUNAS,1965,08,13,0.0,-999,-999
100080,LAGUNAS,1965,08,14,0.0,-999,-999
100080,LAGUNAS,1965,08,15,0.0,-999,-999
100080,LAGUNAS,1965,08,16,0.0,-999,-999
100080,LAGUNAS,1965,08,17,0.0,-999,-999
100080,LAGUNAS,1965,08,18,0.0,-999,-999
100080,LAGUNAS,1965,08,19,45.0,-999,-999
100080,LAGUNAS,1965,08,20,0.0,-999,-999
100080,LAGUNAS,1965,08,21,0.0,-999,-999
100080,LAGUNAS,1965,08,22,0.0,-999,-999
100080,LAGUNAS,1965,08,23,0.0,-999,-999
100080,LAGUNAS,1965,08,24,0.0,-999,-999
100080,LAGUNAS,1965,08,25,14.0,-999,-999
100080,LAGUNAS,1965,08,26,0.0,-999,-999
100080,LAGUNAS,1965,08,27,0.0,-999,-999
100080,LAGUNAS,1965,08,28,0.0,-999,-999
100080,LAGUNAS,1965,08,29,0.0,-999,-999
100080,LAGUNAS,1965,08,30,15.0,-999,-999
100080,LAGUNAS,1965,08,31,0.0,-999,-999
100080,LAGUNAS,1965,09,01,0.0,-999,-999
100080,LAGUNAS,1965,09,02,2.0,-999,-999
100080,LAGUNAS,1965,09,03,0.0,-999,-999
100080,LAGUNAS,1965,09,04,0.0,-999,-999
100080,LAGUNAS,1965,09,05,0.0,-999,-999
100080,LAGUNAS,1965,09,06,8.0,-999,-999
100080,LAGUNAS,1965,09,07,0.0,-999,-999
100080,LAGUNAS,1965,09,08,0.0,-999,-999
100080,LAGUNAS,1965,09,09,0.0,-999,-999
100080,LAGUNAS,1965,09,10,0.0,-999,-999
100080,LAGUNAS,1965,09,11,0.0,-999,-999
100080,LAGUNAS,1965,09,12,0.0,-999,-999
100080,LAGUNAS,1965,09,13,0.0,-999,-999
100080,LAGUNAS,1965,09,14,0.0,-999,-999
100080,LAGUNAS,1965,09,15,49.0,-999,-999
100080,LAGUNAS,1965,09,16,0.0,-999,-999
100080,LAGUNAS,1965,09,17,30.0,-999,-999
100080,LAGUNAS,1965,09,18,0.0,-999,-999
100080,LAGUNAS,1965,09,19,0.0,-999,-999
100080,LAGUNAS,1965,09,20,24.0,-999,-999
100080,LAGUNAS,1965,09,21,3.0,-999,-999
100080,LAGUNAS,1965,09,22,0.0,-999,-999
100080,LAGUNAS,1965,09,23,15.0,-999,-999
100080,LAGUNAS,1965,09,24,0.0,-999,-999
100080,LAGUNAS,1965,09,25,0.0,-999,-999
100080,LAGUNAS,1965,09,26,9.0,-999,-999
100080,LAGUNAS,1965,09,27,24.0,-999,-999
100080,LAGUNAS,1965,09,28,0.0,-999,-999
100080,LAGUNAS,1965,09,29,0.0,-999,-999
100080,LAGUNAS,1965,09,30,0.0,-999,-999
100080,LAGUNAS,1965,10,01,0.0,-999,-999
100080,LAGUNAS,1965,10,02,0.0,-999,-999
100080,LAGUNAS,1965,10,03,0.0,-999,-999
100080,LAGUNAS,1965,10,04,10.0,-999,-999
100080,LAGUNAS,1965,10,05,0.0,-999,-999
100080,LAGUNAS,1965,10,06,0.0,-999,-999
100080,LAGUNAS,1965,10,07,0.0,-999,-999
100080,LAGUNAS,1965,10,08,0.0,-999,-999
100080,LAGUNAS,1965,10,09,0.0,-999,-999
100080,LAGUNAS,1965,10,10,0.0,-999,-999
100080,LAGUNAS,1965,10,11,0.0,-999,-999
100080,LAGUNAS,1965,10,12,35.0,-999,-999
100080,LAGUNAS,1965,10,13,0.0,-999,-999
100080,LAGUNAS,1965,10,14,0.0,-999,-999
100080,LAGUNAS,1965,10,15,0.0,-999,-999
100080,LAGUNAS,1965,10,16,8.0,-999,-999
100080,LAGUNAS,1965,10,17,0.0,-999,-999
100080,LAGUNAS,1965,10,18,0.0,-999,-999
100080,LAGUNAS,1965,10,19,27.0,-999,-999
100080,LAGUNAS,1965,10,20,0.0,-999,-999
100080,LAGUNAS,1965,10,21,0.0,-999,-999
100080,LAGUNAS,1965,10,22,6.0,-999,-999
100080,LAGUNAS,1965,10,23,0.0,-999,-999
100080,LAGUNAS,1965,10,24,7.0,-999,-999
100080,LAGUNAS,1965,10,25,0.0,-999,-999
100080,LAGUNAS,1965,10,26,0.0,-999,-999
100080,LAGUNAS,1965,10,27,6.0,-999,-999
100080,LAGUNAS,1965,10,28,33.0,-999,-999
100080,LAGUNAS,1965,10,29,0.0,-999,-999
100080,LAGUNAS,1965,10,30,0.0,-999,-999
100080,LAGUNAS,1965,10,31,0.0,-999,-999
100080,LAGUNAS,1965,11,01,0.0,-999,-999
100080,LAGUNAS,1965,11,02,3.0,-999,-999
100080,LAGUNAS,1965,11,03,7.0,-999,-999
100080,LAGUNAS,1965,11,04,41.0,-999,-999
100080,LAGUNAS,1965,11,05,0.0,-999,-999
100080,LAGUNAS,1965,11,06,0.0,-999,-999
100080,LAGUNAS,1965,11,07,6.0,-999,-999
100080,LAGUNAS,1965,11,08,31.0,-999,-999
100080,LAGUNAS,1965,11,09,0.0,-999,-999
100080,LAGUNAS,1965,11,10,0.0,-999,-999
100080,LAGUNAS,1965,11,11,0.0,-999,-999
100080,LAGUNAS,1965,11,12,0.0,-999,-999
100080,LAGUNAS,1965,11,13,17.0,-999,-999
100080,LAGUNAS,1965,11,14,0.0,-999,-999
100080,LAGUNAS,1965,11,15,44.0,-999,-999
100080,LAGUNAS,1965,11,16,0.0,-999,-999
100080,LAGUNAS,1965,11,17,0.0,-999,-999
100080,LAGUNAS,1965,11,18,8.0,-999,-999
100080,LAGUNAS,1965,11,19,0.0,-999,-999
100080,LAGUNAS,1965,11,20,0.0,-999,-999
100080,LAGUNAS,1965,11,21,7.0,-999,-999
100080,LAGUNAS,1965,11,22,5.0,-999,-999
100080,LAGUNAS,1965,11,23,0.0,-999,-999
100080,LAGUNAS,1965,11,24,0.0,-999,-999
100080,LAGUNAS,1965,11,25,0.0,-999,-999
100080,LAGUNAS,1965,11,26,0.0,-999,-999
100080,LAGUNAS,1965,11,27,0.0,-999,-999
100080,LAGUNAS,1965,11,28,0.0,-999,-999
100080,LAGUNAS,1965,11,29,0.0,-999,-999
100080,LAGUNAS,1965,11,30,34.0,-999,-999
100080,LAGUNAS,1965,12,01,8.1,-999,-999
100080,LAGUNAS,1965,12,02,0.0,-999,-999
100080,LAGUNAS,1965,12,03,11.4,-999,-999
100080,LAGUNAS,1965,12,04,4.4,-999,-999
100080,LAGUNAS,1965,12,05,4.1,-999,-999
100080,LAGUNAS,1965,12,06,0.0,-999,-999
100080,LAGUNAS,1965,12,07,0.0,-999,-999
100080,LAGUNAS,1965,12,08,14.3,-999,-999
100080,LAGUNAS,1965,12,09,0.0,-999,-999
100080,LAGUNAS,1965,12,10,0.0,-999,-999
100080,LAGUNAS,1965,12,11,47.2,-999,-999
100080,LAGUNAS,1965,12,12,20.2,-999,-999
100080,LAGUNAS,1965,12,13,0.0,-999,-999
100080,LAGUNAS,1965,12,14,16.2,-999,-999
100080,LAGUNAS,1965,12,15,11.0,-999,-999
100080,LAGUNAS,1965,12,16,0.0,-999,-999
100080,LAGUNAS,1965,12,17,22.2,-999,-999
100080,LAGUNAS,1965,12,18,0.0,-999,-999
100080,LAGUNAS,1965,12,19,0.0,-999,-999
100080,LAGUNAS,1965,12,20,4.2,-999,-999
100080,LAGUNAS,1965,12,21,11.0,-999,-999
100080,LAGUNAS,1965,12,22,0.0,-999,-999
100080,LAGUNAS,1965,12,23,0.0,-999,-999
100080,LAGUNAS,1965,12,24,0.0,-999,-999
100080,LAGUNAS,1965,12,25,0.0,-999,-999
100080,LAGUNAS,1965,12,26,16.2,-999,-999
100080,LAGUNAS,1965,12,27,0.0,-999,-999
100080,LAGUNAS,1965,12,28,14.1,-999,-999
100080,LAGUNAS,1965,12,29,6.4,-999,-999
100080,LAGUNAS,1965,12,30,0.0,-999,-999
100080,LAGUNAS,1965,12,31,0.0,-999,-999
100080,LAGUNAS,1966,01,01,0.0,-999,-999
100080,LAGUNAS,1966,01,02,0.0,-999,-999
100080,LAGUNAS,1966,01,03,0.0,-999,-999
100080,LAGUNAS,1966,01,04,15.0,-999,-999
100080,LAGUNAS,1966,01,05,0.0,-999,-999
100080,LAGUNAS,1966,01,06,43.0,-999,-999
100080,LAGUNAS,1966,01,07,0.0,-999,-999
100080,LAGUNAS,1966,01,08,0.0,-999,-999
100080,LAGUNAS,1966,01,09,47.0,-999,-999
100080,LAGUNAS,1966,01,10,0.0,-999,-999
100080,LAGUNAS,1966,01,11,0.0,-999,-999
100080,LAGUNAS,1966,01,12,10.0,-999,-999
100080,LAGUNAS,1966,01,13,16.0,-999,-999
100080,LAGUNAS,1966,01,14,34.0,-999,-999
100080,LAGUNAS,1966,01,15,0.0,-999,-999
100080,LAGUNAS,1966,01,16,7.0,-999,-999
100080,LAGUNAS,1966,01,17,9.0,-999,-999
100080,LAGUNAS,1966,01,18,0.0,-999,-999
100080,LAGUNAS,1966,01,19,14.0,-999,-999
100080,LAGUNAS,1966,01,20,7.0,-999,-999
100080,LAGUNAS,1966,01,21,0.0,-999,-999
100080,LAGUNAS,1966,01,22,7.0,-999,-999
100080,LAGUNAS,1966,01,23,27.0,-999,-999
100080,LAGUNAS,1966,01,24,0.0,-999,-999
100080,LAGUNAS,1966,01,25,0.0,-999,-999
100080,LAGUNAS,1966,01,26,7.0,-999,-999
100080,LAGUNAS,1966,01,27,0.0,-999,-999
100080,LAGUNAS,1966,01,28,0.0,-999,-999
100080,LAGUNAS,1966,01,29,0.0,-999,-999
100080,LAGUNAS,1966,01,30,0.0,-999,-999
100080,LAGUNAS,1966,01,31,11.0,-999,-999
100080,LAGUNAS,1966,02,01,0.0,-999,-999
100080,LAGUNAS,1966,02,02,0.0,-999,-999
100080,LAGUNAS,1966,02,03,0.0,-999,-999
100080,LAGUNAS,1966,02,04,0.0,-999,-999
100080,LAGUNAS,1966,02,05,0.0,-999,-999
100080,LAGUNAS,1966,02,06,0.0,-999,-999
100080,LAGUNAS,1966,02,07,0.0,-999,-999
100080,LAGUNAS,1966,02,08,0.0,-999,-999
100080,LAGUNAS,1966,02,09,0.0,-999,-999
100080,LAGUNAS,1966,02,10,0.0,-999,-999
100080,LAGUNAS,1966,02,11,0.0,-999,-999
100080,LAGUNAS,1966,02,12,0.0,-999,-999
100080,LAGUNAS,1966,02,13,19.0,-999,-999
100080,LAGUNAS,1966,02,14,0.0,-999,-999
100080,LAGUNAS,1966,02,15,10.0,-999,-999
100080,LAGUNAS,1966,02,16,0.0,-999,-999
100080,LAGUNAS,1966,02,17,10.0,-999,-999
100080,LAGUNAS,1966,02,18,0.0,-999,-999
100080,LAGUNAS,1966,02,19,0.0,-999,-999
100080,LAGUNAS,1966,02,20,0.0,-999,-999
100080,LAGUNAS,1966,02,21,0.0,-999,-999
100080,LAGUNAS,1966,02,22,0.0,-999,-999
100080,LAGUNAS,1966,02,23,0.0,-999,-999
100080,LAGUNAS,1966,02,24,0.0,-999,-999
100080,LAGUNAS,1966,02,25,0.0,-999,-999
100080,LAGUNAS,1966,02,26,65.0,-999,-999
100080,LAGUNAS,1966,02,27,18.0,-999,-999
100080,LAGUNAS,1966,02,28,0.0,-999,-999
100080,LAGUNAS,1966,03,01,0.0,-999,-999
100080,LAGUNAS,1966,03,02,0.0,-999,-999
100080,LAGUNAS,1966,03,03,0.0,-999,-999
100080,LAGUNAS,1966,03,04,0.0,-999,-999
100080,LAGUNAS,1966,03,05,0.0,-999,-999
100080,LAGUNAS,1966,03,06,53.0,-999,-999
100080,LAGUNAS,1966,03,07,0.0,-999,-999
100080,LAGUNAS,1966,03,08,0.0,-999,-999
100080,LAGUNAS,1966,03,09,0.0,-999,-999
100080,LAGUNAS,1966,03,10,0.0,-999,-999
100080,LAGUNAS,1966,03,11,0.0,-999,-999
100080,LAGUNAS,1966,03,12,0.0,-999,-999
100080,LAGUNAS,1966,03,13,0.0,-999,-999
100080,LAGUNAS,1966,03,14,0.0,-999,-999
100080,LAGUNAS,1966,03,15,51.0,-999,-999
100080,LAGUNAS,1966,03,16,0.0,-999,-999
100080,LAGUNAS,1966,03,17,0.0,-999,-999
100080,LAGUNAS,1966,03,18,0.0,-999,-999
100080,LAGUNAS,1966,03,19,0.0,-999,-999
100080,LAGUNAS,1966,03,20,9.0,-999,-999
100080,LAGUNAS,1966,03,21,0.0,-999,-999
100080,LAGUNAS,1966,03,22,5.0,-999,-999
100080,LAGUNAS,1966,03,23,0.0,-999,-999
100080,LAGUNAS,1966,03,24,0.0,-999,-999
100080,LAGUNAS,1966,03,25,51.0,-999,-999
100080,LAGUNAS,1966,03,26,0.0,-999,-999
100080,LAGUNAS,1966,03,27,39.0,-999,-999
100080,LAGUNAS,1966,03,28,0.0,-999,-999
100080,LAGUNAS,1966,03,29,43.0,-999,-999
100080,LAGUNAS,1966,03,30,0.0,-999,-999
100080,LAGUNAS,1966,03,31,18.0,-999,-999
100080,LAGUNAS,1966,04,01,0.0,-999,-999
100080,LAGUNAS,1966,04,02,0.0,-999,-999
100080,LAGUNAS,1966,04,03,0.0,-999,-999
100080,LAGUNAS,1966,04,04,0.0,-999,-999
100080,LAGUNAS,1966,04,05,0.0,-999,-999
100080,LAGUNAS,1966,04,06,0.0,-999,-999
100080,LAGUNAS,1966,04,07,0.0,-999,-999
100080,LAGUNAS,1966,04,08,0.0,-999,-999
100080,LAGUNAS,1966,04,09,9.0,-999,-999
100080,LAGUNAS,1966,04,10,27.0,-999,-999
100080,LAGUNAS,1966,04,11,0.0,-999,-999
100080,LAGUNAS,1966,04,12,0.0,-999,-999
100080,LAGUNAS,1966,04,13,0.0,-999,-999
100080,LAGUNAS,1966,04,14,0.0,-999,-999
100080,LAGUNAS,1966,04,15,0.0,-999,-999
100080,LAGUNAS,1966,04,16,47.0,-999,-999
100080,LAGUNAS,1966,04,17,0.0,-999,-999
100080,LAGUNAS,1966,04,18,0.0,-999,-999
100080,LAGUNAS,1966,04,19,0.0,-999,-999
100080,LAGUNAS,1966,04,20,14.0,-999,-999
100080,LAGUNAS,1966,04,21,0.0,-999,-999
100080,LAGUNAS,1966,04,22,0.0,-999,-999
100080,LAGUNAS,1966,04,23,0.0,-999,-999
100080,LAGUNAS,1966,04,24,0.0,-999,-999
100080,LAGUNAS,1966,04,25,16.0,-999,-999
100080,LAGUNAS,1966,04,26,0.0,-999,-999
100080,LAGUNAS,1966,04,27,0.0,-999,-999
100080,LAGUNAS,1966,04,28,22.0,-999,-999
100080,LAGUNAS,1966,04,29,14.0,-999,-999
100080,LAGUNAS,1966,04,30,0.0,-999,-999
100080,LAGUNAS,1966,05,01,0.0,-999,-999
100080,LAGUNAS,1966,05,02,0.0,-999,-999
100080,LAGUNAS,1966,05,03,0.0,-999,-999
100080,LAGUNAS,1966,05,04,18.0,-999,-999
100080,LAGUNAS,1966,05,05,0.0,-999,-999
100080,LAGUNAS,1966,05,06,0.0,-999,-999
100080,LAGUNAS,1966,05,07,7.0,-999,-999
100080,LAGUNAS,1966,05,08,10.0,-999,-999
100080,LAGUNAS,1966,05,09,0.0,-999,-999
100080,LAGUNAS,1966,05,10,0.0,-999,-999
100080,LAGUNAS,1966,05,11,0.0,-999,-999
100080,LAGUNAS,1966,05,12,9.0,-999,-999
100080,LAGUNAS,1966,05,13,8.0,-999,-999
100080,LAGUNAS,1966,05,14,0.0,-999,-999
100080,LAGUNAS,1966,05,15,17.0,-999,-999
100080,LAGUNAS,1966,05,16,0.0,-999,-999
100080,LAGUNAS,1966,05,17,0.0,-999,-999
100080,LAGUNAS,1966,05,18,0.0,-999,-999
100080,LAGUNAS,1966,05,19,0.0,-999,-999
100080,LAGUNAS,1966,05,20,0.0,-999,-999
100080,LAGUNAS,1966,05,21,0.0,-999,-999
100080,LAGUNAS,1966,05,22,0.0,-999,-999
100080,LAGUNAS,1966,05,23,38.0,-999,-999
100080,LAGUNAS,1966,05,24,0.0,-999,-999
100080,LAGUNAS,1966,05,25,0.0,-999,-999
100080,LAGUNAS,1966,05,26,0.0,-999,-999
100080,LAGUNAS,1966,05,27,0.0,-999,-999
100080,LAGUNAS,1966,05,28,0.0,-999,-999
100080,LAGUNAS,1966,05,29,0.0,-999,-999
100080,LAGUNAS,1966,05,30,0.0,-999,-999
100080,LAGUNAS,1966,05,31,0.0,-999,-999
100080,LAGUNAS,1966,06,01,0.0,-999,-999
100080,LAGUNAS,1966,06,02,0.0,-999,-999
100080,LAGUNAS,1966,06,03,0.0,-999,-999
100080,LAGUNAS,1966,06,04,0.0,-999,-999
100080,LAGUNAS,1966,06,05,0.0,-999,-999
100080,LAGUNAS,1966,06,06,0.0,-999,-999
100080,LAGUNAS,1966,06,07,0.0,-999,-999
100080,LAGUNAS,1966,06,08,0.0,-999,-999
100080,LAGUNAS,1966,06,09,0.0,-999,-999
100080,LAGUNAS,1966,06,10,0.0,-999,-999
100080,LAGUNAS,1966,06,11,0.0,-999,-999
100080,LAGUNAS,1966,06,12,0.0,-999,-999
100080,LAGUNAS,1966,06,13,4.0,-999,-999
100080,LAGUNAS,1966,06,14,0.0,-999,-999
100080,LAGUNAS,1966,06,15,0.0,-999,-999
100080,LAGUNAS,1966,06,16,0.0,-999,-999
100080,LAGUNAS,1966,06,17,0.0,-999,-999
100080,LAGUNAS,1966,06,18,21.0,-999,-999
100080,LAGUNAS,1966,06,19,0.0,-999,-999
100080,LAGUNAS,1966,06,20,0.0,-999,-999
100080,LAGUNAS,1966,06,21,0.0,-999,-999
100080,LAGUNAS,1966,06,22,0.0,-999,-999
100080,LAGUNAS,1966,06,23,0.0,-999,-999
100080,LAGUNAS,1966,06,24,53.0,-999,-999
100080,LAGUNAS,1966,06,25,0.0,-999,-999
100080,LAGUNAS,1966,06,26,0.0,-999,-999
100080,LAGUNAS,1966,06,27,0.0,-999,-999
100080,LAGUNAS,1966,06,28,0.0,-999,-999
100080,LAGUNAS,1966,06,29,35.0,-999,-999
100080,LAGUNAS,1966,06,30,10.0,-999,-999
100080,LAGUNAS,1966,07,01,12.0,-999,-999
100080,LAGUNAS,1966,07,02,0.0,-999,-999
100080,LAGUNAS,1966,07,03,0.0,-999,-999
100080,LAGUNAS,1966,07,04,0.0,-999,-999
100080,LAGUNAS,1966,07,05,0.0,-999,-999
100080,LAGUNAS,1966,07,06,0.0,-999,-999
100080,LAGUNAS,1966,07,07,0.0,-999,-999
100080,LAGUNAS,1966,07,08,28.0,-999,-999
100080,LAGUNAS,1966,07,09,0.0,-999,-999
100080,LAGUNAS,1966,07,10,0.0,-999,-999
100080,LAGUNAS,1966,07,11,0.0,-999,-999
100080,LAGUNAS,1966,07,12,0.0,-999,-999
100080,LAGUNAS,1966,07,13,9.0,-999,-999
100080,LAGUNAS,1966,07,14,27.4,-999,-999
100080,LAGUNAS,1966,07,15,0.0,-999,-999
100080,LAGUNAS,1966,07,16,4.0,-999,-999
100080,LAGUNAS,1966,07,17,0.0,-999,-999
100080,LAGUNAS,1966,07,18,0.0,-999,-999
100080,LAGUNAS,1966,07,19,0.0,-999,-999
100080,LAGUNAS,1966,07,20,0.0,-999,-999
100080,LAGUNAS,1966,07,21,0.0,-999,-999
100080,LAGUNAS,1966,07,22,0.0,-999,-999
100080,LAGUNAS,1966,07,23,0.0,-999,-999
100080,LAGUNAS,1966,07,24,0.0,-999,-999
100080,LAGUNAS,1966,07,25,0.0,-999,-999
100080,LAGUNAS,1966,07,26,0.0,-999,-999
100080,LAGUNAS,1966,07,27,0.0,-999,-999
100080,LAGUNAS,1966,07,28,0.0,-999,-999
100080,LAGUNAS,1966,07,29,0.0,-999,-999
100080,LAGUNAS,1966,07,30,0.0,-999,-999
100080,LAGUNAS,1966,07,31,-999,-999,-999
100080,LAGUNAS,1966,10,01,0.0,-999,-999
100080,LAGUNAS,1966,10,02,0.0,-999,-999
100080,LAGUNAS,1966,10,03,0.0,-999,-999
100080,LAGUNAS,1966,10,04,0.0,-999,-999
100080,LAGUNAS,1966,10,05,0.0,-999,-999
100080,LAGUNAS,1966,10,06,0.0,-999,-999
100080,LAGUNAS,1966,10,07,0.0,-999,-999
100080,LAGUNAS,1966,10,08,0.0,-999,-999
100080,LAGUNAS,1966,10,09,0.0,-999,-999
100080,LAGUNAS,1966,10,10,0.0,-999,-999
100080,LAGUNAS,1966,10,11,0.0,-999,-999
100080,LAGUNAS,1966,10,12,0.0,-999,-999
100080,LAGUNAS,1966,10,13,2.0,-999,-999
100080,LAGUNAS,1966,10,14,19.3,-999,-999
100080,LAGUNAS,1966,10,15,0.0,-999,-999
100080,LAGUNAS,1966,10,16,0.0,-999,-999
100080,LAGUNAS,1966,10,17,0.0,-999,-999
100080,LAGUNAS,1966,10,18,0.0,-999,-999
100080,LAGUNAS,1966,10,19,2.4,-999,-999
100080,LAGUNAS,1966,10,20,0.0,-999,-999
100080,LAGUNAS,1966,10,21,0.0,-999,-999
100080,LAGUNAS,1966,10,22,0.0,-999,-999
100080,LAGUNAS,1966,10,23,0.0,-999,-999
100080,LAGUNAS,1966,10,24,11.2,-999,-999
100080,LAGUNAS,1966,10,25,0.0,-999,-999
100080,LAGUNAS,1966,10,26,0.0,-999,-999
100080,LAGUNAS,1966,10,27,0.0,-999,-999
100080,LAGUNAS,1966,10,28,0.0,-999,-999
100080,LAGUNAS,1966,10,29,8.1,-999,-999
100080,LAGUNAS,1966,10,30,24.3,-999,-999
100080,LAGUNAS,1966,10,31,0.0,-999,-999
100080,LAGUNAS,1966,11,01,0.0,-999,-999
100080,LAGUNAS,1966,11,02,0.0,-999,-999
100080,LAGUNAS,1966,11,03,0.0,-999,-999
100080,LAGUNAS,1966,11,04,0.0,-999,-999
100080,LAGUNAS,1966,11,05,49.2,-999,-999
100080,LAGUNAS,1966,11,06,24.3,-999,-999
100080,LAGUNAS,1966,11,07,0.0,-999,-999
100080,LAGUNAS,1966,11,08,0.0,-999,-999
100080,LAGUNAS,1966,11,09,4.1,-999,-999
100080,LAGUNAS,1966,11,10,0.0,-999,-999
100080,LAGUNAS,1966,11,11,0.0,-999,-999
100080,LAGUNAS,1966,11,12,0.0,-999,-999
100080,LAGUNAS,1966,11,13,7.4,-999,-999
100080,LAGUNAS,1966,11,14,0.0,-999,-999
100080,LAGUNAS,1966,11,15,0.0,-999,-999
100080,LAGUNAS,1966,11,16,0.0,-999,-999
100080,LAGUNAS,1966,11,17,19.3,-999,-999
100080,LAGUNAS,1966,11,18,0.0,-999,-999
100080,LAGUNAS,1966,11,19,0.0,-999,-999
100080,LAGUNAS,1966,11,20,0.0,-999,-999
100080,LAGUNAS,1966,11,21,61.3,-999,-999
100080,LAGUNAS,1966,11,22,5.2,-999,-999
100080,LAGUNAS,1966,11,23,0.0,-999,-999
100080,LAGUNAS,1966,11,24,0.0,-999,-999
100080,LAGUNAS,1966,11,25,0.0,-999,-999
100080,LAGUNAS,1966,11,26,0.0,-999,-999
100080,LAGUNAS,1966,11,27,0.0,-999,-999
100080,LAGUNAS,1966,11,28,0.0,-999,-999
100080,LAGUNAS,1966,11,29,0.0,-999,-999
100080,LAGUNAS,1966,11,30,28.5,-999,-999
100080,LAGUNAS,1966,12,01,0.0,-999,-999
100080,LAGUNAS,1966,12,02,0.0,-999,-999
100080,LAGUNAS,1966,12,03,55.2,-999,-999
100080,LAGUNAS,1966,12,04,25.8,-999,-999
100080,LAGUNAS,1966,12,05,0.0,-999,-999
100080,LAGUNAS,1966,12,06,0.0,-999,-999
100080,LAGUNAS,1966,12,07,0.0,-999,-999
100080,LAGUNAS,1966,12,08,0.0,-999,-999
100080,LAGUNAS,1966,12,09,0.0,-999,-999
100080,LAGUNAS,1966,12,10,0.0,-999,-999
100080,LAGUNAS,1966,12,11,0.0,-999,-999
100080,LAGUNAS,1966,12,12,0.0,-999,-999
100080,LAGUNAS,1966,12,13,0.0,-999,-999
100080,LAGUNAS,1966,12,14,0.0,-999,-999
100080,LAGUNAS,1966,12,15,0.0,-999,-999
100080,LAGUNAS,1966,12,16,0.0,-999,-999
100080,LAGUNAS,1966,12,17,0.0,-999,-999
100080,LAGUNAS,1966,12,18,0.0,-999,-999
100080,LAGUNAS,1966,12,19,0.0,-999,-999
100080,LAGUNAS,1966,12,20,0.0,-999,-999
100080,LAGUNAS,1966,12,21,0.0,-999,-999
100080,LAGUNAS,1966,12,22,71.5,-999,-999
100080,LAGUNAS,1966,12,23,4.2,-999,-999
100080,LAGUNAS,1966,12,24,0.0,-999,-999
100080,LAGUNAS,1966,12,25,0.0,-999,-999
100080,LAGUNAS,1966,12,26,0.0,-999,-999
100080,LAGUNAS,1966,12,27,0.0,-999,-999
100080,LAGUNAS,1966,12,28,0.0,-999,-999
100080,LAGUNAS,1966,12,29,9.8,-999,-999
100080,LAGUNAS,1966,12,30,57.4,-999,-999
100080,LAGUNAS,1966,12,31,31.4,-999,-999
100080,LAGUNAS,1967,01,01,0.0,-999,-999
100080,LAGUNAS,1967,01,02,0.0,-999,-999
100080,LAGUNAS,1967,01,03,0.0,-999,-999
100080,LAGUNAS,1967,01,04,0.0,-999,-999
100080,LAGUNAS,1967,01,05,0.0,-999,-999
100080,LAGUNAS,1967,01,06,0.0,-999,-999
100080,LAGUNAS,1967,01,07,0.0,-999,-999
100080,LAGUNAS,1967,01,08,17.2,-999,-999
100080,LAGUNAS,1967,01,09,7.1,-999,-999
100080,LAGUNAS,1967,01,10,3.4,-999,-999
100080,LAGUNAS,1967,01,11,0.0,-999,-999
100080,LAGUNAS,1967,01,12,0.0,-999,-999
100080,LAGUNAS,1967,01,13,0.0,-999,-999
100080,LAGUNAS,1967,01,14,0.0,-999,-999
100080,LAGUNAS,1967,01,15,0.0,-999,-999
100080,LAGUNAS,1967,01,16,10.8,-999,-999
100080,LAGUNAS,1967,01,17,0.0,-999,-999
100080,LAGUNAS,1967,01,18,0.0,-999,-999
100080,LAGUNAS,1967,01,19,0.0,-999,-999
100080,LAGUNAS,1967,01,20,10.3,-999,-999
100080,LAGUNAS,1967,01,21,11.2,-999,-999
100080,LAGUNAS,1967,01,22,2.0,-999,-999
100080,LAGUNAS,1967,01,23,0.0,-999,-999
100080,LAGUNAS,1967,01,24,14.8,-999,-999
100080,LAGUNAS,1967,01,25,0.0,-999,-999
100080,LAGUNAS,1967,01,26,6.9,-999,-999
100080,LAGUNAS,1967,01,27,6.2,-999,-999
100080,LAGUNAS,1967,01,28,0.0,-999,-999
100080,LAGUNAS,1967,01,29,0.0,-999,-999
100080,LAGUNAS,1967,01,30,0.0,-999,-999
100080,LAGUNAS,1967,01,31,5.3,-999,-999
100080,LAGUNAS,1967,02,01,0.0,-999,-999
100080,LAGUNAS,1967,02,02,0.0,-999,-999
100080,LAGUNAS,1967,02,03,15.3,-999,-999
100080,LAGUNAS,1967,02,04,0.0,-999,-999
100080,LAGUNAS,1967,02,05,0.0,-999,-999
100080,LAGUNAS,1967,02,06,0.0,-999,-999
100080,LAGUNAS,1967,02,07,14.7,-999,-999
100080,LAGUNAS,1967,02,08,0.0,-999,-999
100080,LAGUNAS,1967,02,09,0.0,-999,-999
100080,LAGUNAS,1967,02,10,7.8,-999,-999
100080,LAGUNAS,1967,02,11,0.0,-999,-999
100080,LAGUNAS,1967,02,12,0.0,-999,-999
100080,LAGUNAS,1967,02,13,0.0,-999,-999
100080,LAGUNAS,1967,02,14,0.0,-999,-999
100080,LAGUNAS,1967,02,15,0.0,-999,-999
100080,LAGUNAS,1967,02,16,0.0,-999,-999
100080,LAGUNAS,1967,02,17,23.2,-999,-999
100080,LAGUNAS,1967,02,18,0.0,-999,-999
100080,LAGUNAS,1967,02,19,0.0,-999,-999
100080,LAGUNAS,1967,02,20,0.0,-999,-999
100080,LAGUNAS,1967,02,21,0.0,-999,-999
100080,LAGUNAS,1967,02,22,15.8,-999,-999
100080,LAGUNAS,1967,02,23,0.0,-999,-999
100080,LAGUNAS,1967,02,24,0.0,-999,-999
100080,LAGUNAS,1967,02,25,0.0,-999,-999
100080,LAGUNAS,1967,02,26,25.4,-999,-999
100080,LAGUNAS,1967,02,27,0.0,-999,-999
100080,LAGUNAS,1967,02,28,0.0,-999,-999
100080,LAGUNAS,1967,03,01,0.0,-999,-999
100080,LAGUNAS,1967,03,02,0.0,-999,-999
100080,LAGUNAS,1967,03,03,0.0,-999,-999
100080,LAGUNAS,1967,03,04,0.0,-999,-999
100080,LAGUNAS,1967,03,05,0.0,-999,-999
100080,LAGUNAS,1967,03,06,0.0,-999,-999
100080,LAGUNAS,1967,03,07,43.2,-999,-999
100080,LAGUNAS,1967,03,08,0.0,-999,-999
100080,LAGUNAS,1967,03,09,40.3,-999,-999
100080,LAGUNAS,1967,03,10,5.7,-999,-999
100080,LAGUNAS,1967,03,11,0.0,-999,-999
100080,LAGUNAS,1967,03,12,60.4,-999,-999
100080,LAGUNAS,1967,03,13,0.0,-999,-999
100080,LAGUNAS,1967,03,14,25.7,-999,-999
100080,LAGUNAS,1967,03,15,22.8,-999,-999
100080,LAGUNAS,1967,03,16,0.0,-999,-999
100080,LAGUNAS,1967,03,17,67.3,-999,-999
100080,LAGUNAS,1967,03,18,42.1,-999,-999
100080,LAGUNAS,1967,03,19,21.4,-999,-999
100080,LAGUNAS,1967,03,20,0.0,-999,-999
100080,LAGUNAS,1967,03,21,0.0,-999,-999
100080,LAGUNAS,1967,03,22,0.0,-999,-999
100080,LAGUNAS,1967,03,23,0.0,-999,-999
100080,LAGUNAS,1967,03,24,50.8,-999,-999
100080,LAGUNAS,1967,03,25,0.0,-999,-999
100080,LAGUNAS,1967,03,26,0.0,-999,-999
100080,LAGUNAS,1967,03,27,0.0,-999,-999
100080,LAGUNAS,1967,03,28,0.0,-999,-999
100080,LAGUNAS,1967,03,29,0.0,-999,-999
100080,LAGUNAS,1967,03,30,0.0,-999,-999
100080,LAGUNAS,1967,03,31,0.0,-999,-999
100080,LAGUNAS,1967,04,01,13.5,-999,-999
100080,LAGUNAS,1967,04,02,20.7,-999,-999
100080,LAGUNAS,1967,04,03,9.5,-999,-999
100080,LAGUNAS,1967,04,04,0.0,-999,-999
100080,LAGUNAS,1967,04,05,0.0,-999,-999
100080,LAGUNAS,1967,04,06,10.7,-999,-999
100080,LAGUNAS,1967,04,07,17.1,-999,-999
100080,LAGUNAS,1967,04,08,0.0,-999,-999
100080,LAGUNAS,1967,04,09,0.0,-999,-999
100080,LAGUNAS,1967,04,10,0.0,-999,-999
100080,LAGUNAS,1967,04,11,0.0,-999,-999
100080,LAGUNAS,1967,04,12,22.0,-999,-999
100080,LAGUNAS,1967,04,13,0.0,-999,-999
100080,LAGUNAS,1967,04,14,0.0,-999,-999
100080,LAGUNAS,1967,04,15,0.0,-999,-999
100080,LAGUNAS,1967,04,16,0.0,-999,-999
100080,LAGUNAS,1967,04,17,0.0,-999,-999
100080,LAGUNAS,1967,04,18,50.2,-999,-999
100080,LAGUNAS,1967,04,19,0.0,-999,-999
100080,LAGUNAS,1967,04,20,0.0,-999,-999
100080,LAGUNAS,1967,04,21,0.0,-999,-999
100080,LAGUNAS,1967,04,22,0.0,-999,-999
100080,LAGUNAS,1967,04,23,0.0,-999,-999
100080,LAGUNAS,1967,04,24,0.0,-999,-999
100080,LAGUNAS,1967,04,25,70.5,-999,-999
100080,LAGUNAS,1967,04,26,0.0,-999,-999
100080,LAGUNAS,1967,04,27,0.0,-999,-999
100080,LAGUNAS,1967,04,28,0.0,-999,-999
100080,LAGUNAS,1967,04,29,20.3,-999,-999
100080,LAGUNAS,1967,04,30,0.0,-999,-999
100080,LAGUNAS,1967,05,01,33.2,-999,-999
100080,LAGUNAS,1967,05,02,0.0,-999,-999
100080,LAGUNAS,1967,05,03,0.0,-999,-999
100080,LAGUNAS,1967,05,04,0.0,-999,-999
100080,LAGUNAS,1967,05,05,22.1,-999,-999
100080,LAGUNAS,1967,05,06,0.0,-999,-999
100080,LAGUNAS,1967,05,07,0.0,-999,-999
100080,LAGUNAS,1967,05,08,0.0,-999,-999
100080,LAGUNAS,1967,05,09,0.0,-999,-999
100080,LAGUNAS,1967,05,10,20.7,-999,-999
100080,LAGUNAS,1967,05,11,0.0,-999,-999
100080,LAGUNAS,1967,05,12,0.0,-999,-999
100080,LAGUNAS,1967,05,13,20.7,-999,-999
100080,LAGUNAS,1967,05,14,1.8,-999,-999
100080,LAGUNAS,1967,05,15,0.0,-999,-999
100080,LAGUNAS,1967,05,16,0.0,-999,-999
100080,LAGUNAS,1967,05,17,0.0,-999,-999
100080,LAGUNAS,1967,05,18,0.0,-999,-999
100080,LAGUNAS,1967,05,19,23.5,-999,-999
100080,LAGUNAS,1967,05,20,5.5,-999,-999
100080,LAGUNAS,1967,05,21,5.2,-999,-999
100080,LAGUNAS,1967,05,22,0.0,-999,-999
100080,LAGUNAS,1967,05,23,0.0,-999,-999
100080,LAGUNAS,1967,05,24,6.8,-999,-999
100080,LAGUNAS,1967,05,25,40.3,-999,-999
100080,LAGUNAS,1967,05,26,3.5,-999,-999
100080,LAGUNAS,1967,05,27,0.0,-999,-999
100080,LAGUNAS,1967,05,28,0.0,-999,-999
100080,LAGUNAS,1967,05,29,11.5,-999,-999
100080,LAGUNAS,1967,05,30,0.0,-999,-999
100080,LAGUNAS,1967,05,31,22.0,-999,-999
100080,LAGUNAS,1967,06,01,0.0,-999,-999
100080,LAGUNAS,1967,06,02,1.2,-999,-999
100080,LAGUNAS,1967,06,03,0.0,-999,-999
100080,LAGUNAS,1967,06,04,0.0,-999,-999
100080,LAGUNAS,1967,06,05,25.1,-999,-999
100080,LAGUNAS,1967,06,06,1.5,-999,-999
100080,LAGUNAS,1967,06,07,13.1,-999,-999
100080,LAGUNAS,1967,06,08,27.6,-999,-999
100080,LAGUNAS,1967,06,09,0.0,-999,-999
100080,LAGUNAS,1967,06,10,0.0,-999,-999
100080,LAGUNAS,1967,06,11,0.0,-999,-999
100080,LAGUNAS,1967,06,12,11.1,-999,-999
100080,LAGUNAS,1967,06,13,20.7,-999,-999
100080,LAGUNAS,1967,06,14,0.0,-999,-999
100080,LAGUNAS,1967,06,15,0.0,-999,-999
100080,LAGUNAS,1967,06,16,0.0,-999,-999
100080,LAGUNAS,1967,06,17,0.0,-999,-999
100080,LAGUNAS,1967,06,18,0.0,-999,-999
100080,LAGUNAS,1967,06,19,6.3,-999,-999
100080,LAGUNAS,1967,06,20,5.7,-999,-999
100080,LAGUNAS,1967,06,21,0.0,-999,-999
100080,LAGUNAS,1967,06,22,0.0,-999,-999
100080,LAGUNAS,1967,06,23,0.0,-999,-999
100080,LAGUNAS,1967,06,24,5.0,-999,-999
100080,LAGUNAS,1967,06,25,8.3,-999,-999
100080,LAGUNAS,1967,06,26,0.0,-999,-999
100080,LAGUNAS,1967,06,27,9.2,-999,-999
100080,LAGUNAS,1967,06,28,10.5,-999,-999
100080,LAGUNAS,1967,06,29,17.3,-999,-999
100080,LAGUNAS,1967,06,30,15.3,-999,-999
100080,LAGUNAS,1967,07,01,0.0,-999,-999
100080,LAGUNAS,1967,07,02,0.0,-999,-999
100080,LAGUNAS,1967,07,03,0.0,-999,-999
100080,LAGUNAS,1967,07,04,4.0,-999,-999
100080,LAGUNAS,1967,07,05,0.0,-999,-999
100080,LAGUNAS,1967,07,06,0.0,-999,-999
100080,LAGUNAS,1967,07,07,0.0,-999,-999
100080,LAGUNAS,1967,07,08,0.0,-999,-999
100080,LAGUNAS,1967,07,09,0.0,-999,-999
100080,LAGUNAS,1967,07,10,0.0,-999,-999
100080,LAGUNAS,1967,07,11,5.2,-999,-999
100080,LAGUNAS,1967,07,12,20.1,-999,-999
100080,LAGUNAS,1967,07,13,40.9,-999,-999
100080,LAGUNAS,1967,07,14,0.0,-999,-999
100080,LAGUNAS,1967,07,15,0.0,-999,-999
100080,LAGUNAS,1967,07,16,0.0,-999,-999
100080,LAGUNAS,1967,07,17,0.0,-999,-999
100080,LAGUNAS,1967,07,18,0.0,-999,-999
100080,LAGUNAS,1967,07,19,0.0,-999,-999
100080,LAGUNAS,1967,07,20,0.0,-999,-999
100080,LAGUNAS,1967,07,21,0.0,-999,-999
100080,LAGUNAS,1967,07,22,13.1,-999,-999
100080,LAGUNAS,1967,07,23,0.0,-999,-999
100080,LAGUNAS,1967,07,24,0.0,-999,-999
100080,LAGUNAS,1967,07,25,0.0,-999,-999
100080,LAGUNAS,1967,07,26,0.0,-999,-999
100080,LAGUNAS,1967,07,27,0.0,-999,-999
100080,LAGUNAS,1967,07,28,0.0,-999,-999
100080,LAGUNAS,1967,07,29,0.0,-999,-999
100080,LAGUNAS,1967,07,30,0.0,-999,-999
100080,LAGUNAS,1967,07,31,15.5,-999,-999
100080,LAGUNAS,1967,08,01,7.2,-999,-999
100080,LAGUNAS,1967,08,02,4.3,-999,-999
100080,LAGUNAS,1967,08,03,0.0,-999,-999
100080,LAGUNAS,1967,08,04,0.0,-999,-999
100080,LAGUNAS,1967,08,05,0.0,-999,-999
100080,LAGUNAS,1967,08,06,0.0,-999,-999
100080,LAGUNAS,1967,08,07,0.0,-999,-999
100080,LAGUNAS,1967,08,08,0.0,-999,-999
100080,LAGUNAS,1967,08,09,0.0,-999,-999
100080,LAGUNAS,1967,08,10,0.0,-999,-999
100080,LAGUNAS,1967,08,11,5.6,-999,-999
100080,LAGUNAS,1967,08,12,0.0,-999,-999
100080,LAGUNAS,1967,08,13,0.0,-999,-999
100080,LAGUNAS,1967,08,14,0.0,-999,-999
100080,LAGUNAS,1967,08,15,29.3,-999,-999
100080,LAGUNAS,1967,08,16,0.0,-999,-999
100080,LAGUNAS,1967,08,17,3.1,-999,-999
100080,LAGUNAS,1967,08,18,0.0,-999,-999
100080,LAGUNAS,1967,08,19,0.0,-999,-999
100080,LAGUNAS,1967,08,20,0.0,-999,-999
100080,LAGUNAS,1967,08,21,0.0,-999,-999
100080,LAGUNAS,1967,08,22,0.0,-999,-999
100080,LAGUNAS,1967,08,23,14.7,-999,-999
100080,LAGUNAS,1967,08,24,0.0,-999,-999
100080,LAGUNAS,1967,08,25,0.0,-999,-999
100080,LAGUNAS,1967,08,26,0.0,-999,-999
100080,LAGUNAS,1967,08,27,0.0,-999,-999
100080,LAGUNAS,1967,08,28,3.5,-999,-999
100080,LAGUNAS,1967,08,29,0.0,-999,-999
100080,LAGUNAS,1967,08,30,10.5,-999,-999
100080,LAGUNAS,1967,08,31,29.6,-999,-999
100080,LAGUNAS,1967,09,01,0.0,-999,-999
100080,LAGUNAS,1967,09,02,0.0,-999,-999
100080,LAGUNAS,1967,09,03,0.0,-999,-999
100080,LAGUNAS,1967,09,04,0.0,-999,-999
100080,LAGUNAS,1967,09,05,0.0,-999,-999
100080,LAGUNAS,1967,09,06,0.0,-999,-999
100080,LAGUNAS,1967,09,07,0.0,-999,-999
100080,LAGUNAS,1967,09,08,0.0,-999,-999
100080,LAGUNAS,1967,09,09,0.0,-999,-999
100080,LAGUNAS,1967,09,10,0.0,-999,-999
100080,LAGUNAS,1967,09,11,0.0,-999,-999
100080,LAGUNAS,1967,09,12,0.0,-999,-999
100080,LAGUNAS,1967,09,13,0.0,-999,-999
100080,LAGUNAS,1967,09,14,4.3,-999,-999
100080,LAGUNAS,1967,09,15,0.0,-999,-999
100080,LAGUNAS,1967,09,16,0.0,-999,-999
100080,LAGUNAS,1967,09,17,0.0,-999,-999
100080,LAGUNAS,1967,09,18,0.0,-999,-999
100080,LAGUNAS,1967,09,19,0.0,-999,-999
100080,LAGUNAS,1967,09,20,0.0,-999,-999
100080,LAGUNAS,1967,09,21,0.0,-999,-999
100080,LAGUNAS,1967,09,22,0.0,-999,-999
100080,LAGUNAS,1967,09,23,0.0,-999,-999
100080,LAGUNAS,1967,09,24,0.0,-999,-999
100080,LAGUNAS,1967,09,25,0.0,-999,-999
100080,LAGUNAS,1967,09,26,12.1,-999,-999
100080,LAGUNAS,1967,09,27,0.0,-999,-999
100080,LAGUNAS,1967,09,28,14.2,-999,-999
100080,LAGUNAS,1967,09,29,3.3,-999,-999
100080,LAGUNAS,1967,09,30,0.0,-999,-999
100080,LAGUNAS,1967,10,01,0.0,-999,-999
100080,LAGUNAS,1967,10,02,0.0,-999,-999
100080,LAGUNAS,1967,10,03,1.0,-999,-999
100080,LAGUNAS,1967,10,04,0.0,-999,-999
100080,LAGUNAS,1967,10,05,8.4,-999,-999
100080,LAGUNAS,1967,10,06,0.0,-999,-999
100080,LAGUNAS,1967,10,07,40.4,-999,-999
100080,LAGUNAS,1967,10,08,0.0,-999,-999
100080,LAGUNAS,1967,10,09,0.0,-999,-999
100080,LAGUNAS,1967,10,10,9.4,-999,-999
100080,LAGUNAS,1967,10,11,1.0,-999,-999
100080,LAGUNAS,1967,10,12,0.0,-999,-999
100080,LAGUNAS,1967,10,13,0.0,-999,-999
100080,LAGUNAS,1967,10,14,0.0,-999,-999
100080,LAGUNAS,1967,10,15,2.0,-999,-999
100080,LAGUNAS,1967,10,16,1.3,-999,-999
100080,LAGUNAS,1967,10,17,0.0,-999,-999
100080,LAGUNAS,1967,10,18,0.0,-999,-999
100080,LAGUNAS,1967,10,19,5.1,-999,-999
100080,LAGUNAS,1967,10,20,7.4,-999,-999
100080,LAGUNAS,1967,10,21,20.1,-999,-999
100080,LAGUNAS,1967,10,22,16.0,-999,-999
100080,LAGUNAS,1967,10,23,0.0,-999,-999
100080,LAGUNAS,1967,10,24,0.0,-999,-999
100080,LAGUNAS,1967,10,25,0.0,-999,-999
100080,LAGUNAS,1967,10,26,8.3,-999,-999
100080,LAGUNAS,1967,10,27,0.0,-999,-999
100080,LAGUNAS,1967,10,28,0.0,-999,-999
100080,LAGUNAS,1967,10,29,0.0,-999,-999
100080,LAGUNAS,1967,10,30,0.0,-999,-999
100080,LAGUNAS,1967,10,31,0.0,-999,-999
100080,LAGUNAS,1967,11,01,0.0,-999,-999
100080,LAGUNAS,1967,11,02,21.3,-999,-999
100080,LAGUNAS,1967,11,03,0.0,-999,-999
100080,LAGUNAS,1967,11,04,0.0,-999,-999
100080,LAGUNAS,1967,11,05,0.0,-999,-999
100080,LAGUNAS,1967,11,06,19.3,-999,-999
100080,LAGUNAS,1967,11,07,0.0,-999,-999
100080,LAGUNAS,1967,11,08,0.0,-999,-999
100080,LAGUNAS,1967,11,09,0.0,-999,-999
100080,LAGUNAS,1967,11,10,3.2,-999,-999
100080,LAGUNAS,1967,11,11,0.0,-999,-999
100080,LAGUNAS,1967,11,12,8.1,-999,-999
100080,LAGUNAS,1967,11,13,6.0,-999,-999
100080,LAGUNAS,1967,11,14,0.0,-999,-999
100080,LAGUNAS,1967,11,15,3.4,-999,-999
100080,LAGUNAS,1967,11,16,0.0,-999,-999
100080,LAGUNAS,1967,11,17,2.4,-999,-999
100080,LAGUNAS,1967,11,18,0.0,-999,-999
100080,LAGUNAS,1967,11,19,68.3,-999,-999
100080,LAGUNAS,1967,11,20,0.0,-999,-999
100080,LAGUNAS,1967,11,21,0.0,-999,-999
100080,LAGUNAS,1967,11,22,0.0,-999,-999
100080,LAGUNAS,1967,11,23,26.2,-999,-999
100080,LAGUNAS,1967,11,24,0.0,-999,-999
100080,LAGUNAS,1967,11,25,0.0,-999,-999
100080,LAGUNAS,1967,11,26,0.0,-999,-999
100080,LAGUNAS,1967,11,27,0.0,-999,-999
100080,LAGUNAS,1967,11,28,1.3,-999,-999
100080,LAGUNAS,1967,11,29,0.0,-999,-999
100080,LAGUNAS,1967,11,30,4.0,-999,-999
100080,LAGUNAS,1967,12,01,1.3,-999,-999
100080,LAGUNAS,1967,12,02,0.0,-999,-999
100080,LAGUNAS,1967,12,03,13.4,-999,-999
100080,LAGUNAS,1967,12,04,5.3,-999,-999
100080,LAGUNAS,1967,12,05,1.2,-999,-999
100080,LAGUNAS,1967,12,06,0.0,-999,-999
100080,LAGUNAS,1967,12,07,0.0,-999,-999
100080,LAGUNAS,1967,12,08,58.3,-999,-999
100080,LAGUNAS,1967,12,09,0.0,-999,-999
100080,LAGUNAS,1967,12,10,1.1,-999,-999
100080,LAGUNAS,1967,12,11,0.0,-999,-999
100080,LAGUNAS,1967,12,12,0.0,-999,-999
100080,LAGUNAS,1967,12,13,0.0,-999,-999
100080,LAGUNAS,1967,12,14,0.0,-999,-999
100080,LAGUNAS,1967,12,15,0.0,-999,-999
100080,LAGUNAS,1967,12,16,0.0,-999,-999
100080,LAGUNAS,1967,12,17,3.3,-999,-999
100080,LAGUNAS,1967,12,18,0.0,-999,-999
100080,LAGUNAS,1967,12,19,0.0,-999,-999
100080,LAGUNAS,1967,12,20,0.0,-999,-999
100080,LAGUNAS,1967,12,21,6.4,-999,-999
100080,LAGUNAS,1967,12,22,0.0,-999,-999
100080,LAGUNAS,1967,12,23,7.0,-999,-999
100080,LAGUNAS,1967,12,24,0.0,-999,-999
100080,LAGUNAS,1967,12,25,0.0,-999,-999
100080,LAGUNAS,1967,12,26,1.6,-999,-999
100080,LAGUNAS,1967,12,27,1.1,-999,-999
100080,LAGUNAS,1967,12,28,2.6,-999,-999
100080,LAGUNAS,1967,12,29,0.0,-999,-999
100080,LAGUNAS,1967,12,30,0.0,-999,-999
100080,LAGUNAS,1967,12,31,0.0,-999,-999
100080,LAGUNAS,1968,01,01,1.0,-999,-999
100080,LAGUNAS,1968,01,02,3.3,-999,-999
100080,LAGUNAS,1968,01,03,0.0,-999,-999
100080,LAGUNAS,1968,01,04,0.0,-999,-999
100080,LAGUNAS,1968,01,05,0.0,-999,-999
100080,LAGUNAS,1968,01,06,0.0,-999,-999
100080,LAGUNAS,1968,01,07,12.1,-999,-999
100080,LAGUNAS,1968,01,08,0.0,-999,-999
100080,LAGUNAS,1968,01,09,0.0,-999,-999
100080,LAGUNAS,1968,01,10,0.0,-999,-999
100080,LAGUNAS,1968,01,11,0.0,-999,-999
100080,LAGUNAS,1968,01,12,0.0,-999,-999
100080,LAGUNAS,1968,01,13,0.0,-999,-999
100080,LAGUNAS,1968,01,14,0.0,-999,-999
100080,LAGUNAS,1968,01,15,4.0,-999,-999
100080,LAGUNAS,1968,01,16,0.0,-999,-999
100080,LAGUNAS,1968,01,17,0.0,-999,-999
100080,LAGUNAS,1968,01,18,0.0,-999,-999
100080,LAGUNAS,1968,01,19,18.0,-999,-999
100080,LAGUNAS,1968,01,20,0.0,-999,-999
100080,LAGUNAS,1968,01,21,0.0,-999,-999
100080,LAGUNAS,1968,01,22,32.0,-999,-999
100080,LAGUNAS,1968,01,23,0.0,-999,-999
100080,LAGUNAS,1968,01,24,0.0,-999,-999
100080,LAGUNAS,1968,01,25,0.0,-999,-999
100080,LAGUNAS,1968,01,26,0.0,-999,-999
100080,LAGUNAS,1968,01,27,0.0,-999,-999
100080,LAGUNAS,1968,01,28,0.0,-999,-999
100080,LAGUNAS,1968,01,29,15.0,-999,-999
100080,LAGUNAS,1968,01,30,0.0,-999,-999
100080,LAGUNAS,1968,01,31,0.0,-999,-999
100080,LAGUNAS,1968,02,01,0.0,-999,-999
100080,LAGUNAS,1968,02,02,0.0,-999,-999
100080,LAGUNAS,1968,02,03,0.0,-999,-999
100080,LAGUNAS,1968,02,04,0.0,-999,-999
100080,LAGUNAS,1968,02,05,0.0,-999,-999
100080,LAGUNAS,1968,02,06,0.0,-999,-999
100080,LAGUNAS,1968,02,07,0.0,-999,-999
100080,LAGUNAS,1968,02,08,0.0,-999,-999
100080,LAGUNAS,1968,02,09,0.0,-999,-999
100080,LAGUNAS,1968,02,10,20.0,-999,-999
100080,LAGUNAS,1968,02,11,3.5,-999,-999
100080,LAGUNAS,1968,02,12,0.0,-999,-999
100080,LAGUNAS,1968,02,13,0.0,-999,-999
100080,LAGUNAS,1968,02,14,0.0,-999,-999
100080,LAGUNAS,1968,02,15,-888,-999,-999
100080,LAGUNAS,1968,02,16,-888,-999,-999
100080,LAGUNAS,1968,02,17,17.0,-999,-999
100080,LAGUNAS,1968,02,18,-888,-999,-999
100080,LAGUNAS,1968,02,19,13.5,-999,-999
100080,LAGUNAS,1968,02,20,0.0,-999,-999
100080,LAGUNAS,1968,02,21,0.0,-999,-999
100080,LAGUNAS,1968,02,22,8.0,-999,-999
100080,LAGUNAS,1968,02,23,24.0,-999,-999
100080,LAGUNAS,1968,02,24,0.0,-999,-999
100080,LAGUNAS,1968,02,25,0.0,-999,-999
100080,LAGUNAS,1968,02,26,0.0,-999,-999
100080,LAGUNAS,1968,02,27,34.0,-999,-999
100080,LAGUNAS,1968,02,28,0.0,-999,-999
100080,LAGUNAS,1968,02,29,0.0,-999,-999
100080,LAGUNAS,1968,03,01,-888,-999,-999
100080,LAGUNAS,1968,03,02,-888,-999,-999
100080,LAGUNAS,1968,03,03,15.5,-999,-999
100080,LAGUNAS,1968,03,04,0.6,-999,-999
100080,LAGUNAS,1968,03,05,-888,-999,-999
100080,LAGUNAS,1968,03,06,-888,-999,-999
100080,LAGUNAS,1968,03,07,-888,-999,-999
100080,LAGUNAS,1968,03,08,-888,-999,-999
100080,LAGUNAS,1968,03,09,-888,-999,-999
100080,LAGUNAS,1968,03,10,0.4,-999,-999
100080,LAGUNAS,1968,03,11,-888,-999,-999
100080,LAGUNAS,1968,03,12,-888,-999,-999
100080,LAGUNAS,1968,03,13,11.4,-999,-999
100080,LAGUNAS,1968,03,14,0.0,-999,-999
100080,LAGUNAS,1968,03,15,6.5,-999,-999
100080,LAGUNAS,1968,03,16,17.3,-999,-999
100080,LAGUNAS,1968,03,17,-888,-999,-999
100080,LAGUNAS,1968,03,18,3.5,-999,-999
100080,LAGUNAS,1968,03,19,8.8,-999,-999
100080,LAGUNAS,1968,03,20,0.0,-999,-999
100080,LAGUNAS,1968,03,21,-888,-999,-999
100080,LAGUNAS,1968,03,22,5.4,-999,-999
100080,LAGUNAS,1968,03,23,11.3,-999,-999
100080,LAGUNAS,1968,03,24,3.5,-999,-999
100080,LAGUNAS,1968,03,25,23.2,-999,-999
100080,LAGUNAS,1968,03,26,23.9,-999,-999
100080,LAGUNAS,1968,03,27,13.4,-999,-999
100080,LAGUNAS,1968,03,28,24.8,-999,-999
100080,LAGUNAS,1968,03,29,43.8,-999,-999
100080,LAGUNAS,1968,03,30,5.8,-999,-999
100080,LAGUNAS,1968,03,31,22.9,-999,-999
100080,LAGUNAS,1968,04,01,33.3,-999,-999
100080,LAGUNAS,1968,04,02,18.9,-999,-999
100080,LAGUNAS,1968,04,03,0.0,-999,-999
100080,LAGUNAS,1968,04,04,0.0,-999,-999
100080,LAGUNAS,1968,04,05,0.0,-999,-999
100080,LAGUNAS,1968,04,06,0.0,-999,-999
100080,LAGUNAS,1968,04,07,0.0,-999,-999
100080,LAGUNAS,1968,04,08,0.0,-999,-999
100080,LAGUNAS,1968,04,09,0.0,-999,-999
100080,LAGUNAS,1968,04,10,0.0,-999,-999
100080,LAGUNAS,1968,04,11,0.0,-999,-999
100080,LAGUNAS,1968,04,12,0.0,-999,-999
100080,LAGUNAS,1968,04,13,0.0,-999,-999
100080,LAGUNAS,1968,04,14,0.0,-999,-999
100080,LAGUNAS,1968,04,15,0.0,-999,-999
100080,LAGUNAS,1968,04,16,0.0,-999,-999
100080,LAGUNAS,1968,04,17,0.0,-999,-999
100080,LAGUNAS,1968,04,18,0.0,-999,-999
100080,LAGUNAS,1968,04,19,0.0,-999,-999
100080,LAGUNAS,1968,04,20,0.0,-999,-999
100080,LAGUNAS,1968,04,21,0.0,-999,-999
100080,LAGUNAS,1968,04,22,0.0,-999,-999
100080,LAGUNAS,1968,04,23,0.0,-999,-999
100080,LAGUNAS,1968,04,24,0.0,-999,-999
100080,LAGUNAS,1968,04,25,0.0,-999,-999
100080,LAGUNAS,1968,04,26,0.0,-999,-999
100080,LAGUNAS,1968,04,27,8.0,-999,-999
100080,LAGUNAS,1968,04,28,11.5,-999,-999
100080,LAGUNAS,1968,04,29,28.0,-999,-999
100080,LAGUNAS,1968,04,30,16.5,-999,-999
100080,LAGUNAS,1968,05,01,0.0,-999,-999
100080,LAGUNAS,1968,05,02,-888,-999,-999
100080,LAGUNAS,1968,05,03,-888,-999,-999
100080,LAGUNAS,1968,05,04,-888,-999,-999
100080,LAGUNAS,1968,05,05,0.0,-999,-999
100080,LAGUNAS,1968,05,06,0.0,-999,-999
100080,LAGUNAS,1968,05,07,0.0,-999,-999
100080,LAGUNAS,1968,05,08,0.0,-999,-999
100080,LAGUNAS,1968,05,09,0.0,-999,-999
100080,LAGUNAS,1968,05,10,1.5,-999,-999
100080,LAGUNAS,1968,05,11,2.0,-999,-999
100080,LAGUNAS,1968,05,12,0.0,-999,-999
100080,LAGUNAS,1968,05,13,-888,-999,-999
100080,LAGUNAS,1968,05,14,11.0,-999,-999
100080,LAGUNAS,1968,05,15,0.0,-999,-999
100080,LAGUNAS,1968,05,16,48.0,-999,-999
100080,LAGUNAS,1968,05,17,0.0,-999,-999
100080,LAGUNAS,1968,05,18,0.0,-999,-999
100080,LAGUNAS,1968,05,19,0.0,-999,-999
100080,LAGUNAS,1968,05,20,0.0,-999,-999
100080,LAGUNAS,1968,05,21,-888,-999,-999
100080,LAGUNAS,1968,05,22,0.0,-999,-999
100080,LAGUNAS,1968,05,23,-888,-999,-999
100080,LAGUNAS,1968,05,24,-888,-999,-999
100080,LAGUNAS,1968,05,25,0.0,-999,-999
100080,LAGUNAS,1968,05,26,7.0,-999,-999
100080,LAGUNAS,1968,05,27,0.0,-999,-999
100080,LAGUNAS,1968,05,28,0.0,-999,-999
100080,LAGUNAS,1968,05,29,11.5,-999,-999
100080,LAGUNAS,1968,05,30,0.0,-999,-999
100080,LAGUNAS,1968,05,31,0.0,-999,-999
100080,LAGUNAS,1968,06,01,0.0,-999,-999
100080,LAGUNAS,1968,06,02,0.0,-999,-999
100080,LAGUNAS,1968,06,03,0.0,-999,-999
100080,LAGUNAS,1968,06,04,25.4,-999,-999
100080,LAGUNAS,1968,06,05,0.0,-999,-999
100080,LAGUNAS,1968,06,06,0.0,-999,-999
100080,LAGUNAS,1968,06,07,2.4,-999,-999
100080,LAGUNAS,1968,06,08,0.0,-999,-999
100080,LAGUNAS,1968,06,09,0.0,-999,-999
100080,LAGUNAS,1968,06,10,0.0,-999,-999
100080,LAGUNAS,1968,06,11,0.0,-999,-999
100080,LAGUNAS,1968,06,12,14.0,-999,-999
100080,LAGUNAS,1968,06,13,18.0,-999,-999
100080,LAGUNAS,1968,06,14,0.0,-999,-999
100080,LAGUNAS,1968,06,15,0.0,-999,-999
100080,LAGUNAS,1968,06,16,0.0,-999,-999
100080,LAGUNAS,1968,06,17,0.0,-999,-999
100080,LAGUNAS,1968,06,18,0.0,-999,-999
100080,LAGUNAS,1968,06,19,2.5,-999,-999
100080,LAGUNAS,1968,06,20,0.0,-999,-999
100080,LAGUNAS,1968,06,21,0.0,-999,-999
100080,LAGUNAS,1968,06,22,0.0,-999,-999
100080,LAGUNAS,1968,06,23,2.0,-999,-999
100080,LAGUNAS,1968,06,24,0.0,-999,-999
100080,LAGUNAS,1968,06,25,0.0,-999,-999
100080,LAGUNAS,1968,06,26,0.0,-999,-999
100080,LAGUNAS,1968,06,27,0.0,-999,-999
100080,LAGUNAS,1968,06,28,0.0,-999,-999
100080,LAGUNAS,1968,06,29,0.0,-999,-999
100080,LAGUNAS,1968,06,30,16.4,-999,-999
100080,LAGUNAS,1968,07,01,0.0,-999,-999
100080,LAGUNAS,1968,07,02,0.0,-999,-999
100080,LAGUNAS,1968,07,03,2.5,-999,-999
100080,LAGUNAS,1968,07,04,0.0,-999,-999
100080,LAGUNAS,1968,07,05,2.0,-999,-999
100080,LAGUNAS,1968,07,06,0.0,-999,-999
100080,LAGUNAS,1968,07,07,0.0,-999,-999
100080,LAGUNAS,1968,07,08,2.5,-999,-999
100080,LAGUNAS,1968,07,09,0.0,-999,-999
100080,LAGUNAS,1968,07,10,0.0,-999,-999
100080,LAGUNAS,1968,07,11,1.2,-999,-999
100080,LAGUNAS,1968,07,12,0.0,-999,-999
100080,LAGUNAS,1968,07,13,0.0,-999,-999
100080,LAGUNAS,1968,07,14,0.0,-999,-999
100080,LAGUNAS,1968,07,15,14.5,-999,-999
100080,LAGUNAS,1968,07,16,0.0,-999,-999
100080,LAGUNAS,1968,07,17,0.0,-999,-999
100080,LAGUNAS,1968,07,18,0.0,-999,-999
100080,LAGUNAS,1968,07,19,0.0,-999,-999
100080,LAGUNAS,1968,07,20,0.0,-999,-999
100080,LAGUNAS,1968,07,21,0.0,-999,-999
100080,LAGUNAS,1968,07,22,23.7,-999,-999
100080,LAGUNAS,1968,07,23,0.0,-999,-999
100080,LAGUNAS,1968,07,24,0.0,-999,-999
100080,LAGUNAS,1968,07,25,0.0,-999,-999
100080,LAGUNAS,1968,07,26,0.0,-999,-999
100080,LAGUNAS,1968,07,27,0.0,-999,-999
100080,LAGUNAS,1968,07,28,0.0,-999,-999
100080,LAGUNAS,1968,07,29,0.0,-999,-999
100080,LAGUNAS,1968,07,30,1.9,-999,-999
100080,LAGUNAS,1968,07,31,0.0,-999,-999
100080,LAGUNAS,1968,08,01,0.0,-999,-999
100080,LAGUNAS,1968,08,02,0.0,-999,-999
100080,LAGUNAS,1968,08,03,0.0,-999,-999
100080,LAGUNAS,1968,08,04,0.0,-999,-999
100080,LAGUNAS,1968,08,05,0.0,-999,-999
100080,LAGUNAS,1968,08,06,0.0,-999,-999
100080,LAGUNAS,1968,08,07,0.0,-999,-999
100080,LAGUNAS,1968,08,08,0.0,-999,-999
100080,LAGUNAS,1968,08,09,0.0,-999,-999
100080,LAGUNAS,1968,08,10,0.0,-999,-999
100080,LAGUNAS,1968,08,11,0.0,-999,-999
100080,LAGUNAS,1968,08,12,0.0,-999,-999
100080,LAGUNAS,1968,08,13,0.0,-999,-999
100080,LAGUNAS,1968,08,14,0.0,-999,-999
100080,LAGUNAS,1968,08,15,22.0,-999,-999
100080,LAGUNAS,1968,08,16,0.0,-999,-999
100080,LAGUNAS,1968,08,17,13.0,-999,-999
100080,LAGUNAS,1968,08,18,10.0,-999,-999
100080,LAGUNAS,1968,08,19,0.0,-999,-999
100080,LAGUNAS,1968,08,20,0.0,-999,-999
100080,LAGUNAS,1968,08,21,0.0,-999,-999
100080,LAGUNAS,1968,08,22,0.0,-999,-999
100080,LAGUNAS,1968,08,23,12.0,-999,-999
100080,LAGUNAS,1968,08,24,0.0,-999,-999
100080,LAGUNAS,1968,08,25,0.0,-999,-999
100080,LAGUNAS,1968,08,26,0.0,-999,-999
100080,LAGUNAS,1968,08,27,0.0,-999,-999
100080,LAGUNAS,1968,08,28,19.0,-999,-999
100080,LAGUNAS,1968,08,29,0.0,-999,-999
100080,LAGUNAS,1968,08,30,0.0,-999,-999
100080,LAGUNAS,1968,08,31,0.0,-999,-999
100080,LAGUNAS,1968,09,01,0.0,-999,-999
100080,LAGUNAS,1968,09,02,10.0,-999,-999
100080,LAGUNAS,1968,09,03,0.0,-999,-999
100080,LAGUNAS,1968,09,04,0.0,-999,-999
100080,LAGUNAS,1968,09,05,0.0,-999,-999
100080,LAGUNAS,1968,09,06,0.0,-999,-999
100080,LAGUNAS,1968,09,07,0.0,-999,-999
100080,LAGUNAS,1968,09,08,15.0,-999,-999
100080,LAGUNAS,1968,09,09,0.0,-999,-999
100080,LAGUNAS,1968,09,10,0.0,-999,-999
100080,LAGUNAS,1968,09,11,20.0,-999,-999
100080,LAGUNAS,1968,09,12,0.0,-999,-999
100080,LAGUNAS,1968,09,13,5.0,-999,-999
100080,LAGUNAS,1968,09,14,0.0,-999,-999
100080,LAGUNAS,1968,09,15,0.0,-999,-999
100080,LAGUNAS,1968,09,16,13.0,-999,-999
100080,LAGUNAS,1968,09,17,12.0,-999,-999
100080,LAGUNAS,1968,09,18,0.0,-999,-999
100080,LAGUNAS,1968,09,19,0.0,-999,-999
100080,LAGUNAS,1968,09,20,8.3,-999,-999
100080,LAGUNAS,1968,09,21,0.0,-999,-999
100080,LAGUNAS,1968,09,22,16.5,-999,-999
100080,LAGUNAS,1968,09,23,0.0,-999,-999
100080,LAGUNAS,1968,09,24,0.0,-999,-999
100080,LAGUNAS,1968,09,25,0.0,-999,-999
100080,LAGUNAS,1968,09,26,0.0,-999,-999
100080,LAGUNAS,1968,09,27,25.0,-999,-999
100080,LAGUNAS,1968,09,28,0.0,-999,-999
100080,LAGUNAS,1968,09,29,11.1,-999,-999
100080,LAGUNAS,1968,09,30,0.0,-999,-999
100080,LAGUNAS,1968,10,01,0.0,-999,-999
100080,LAGUNAS,1968,10,02,0.0,-999,-999
100080,LAGUNAS,1968,10,03,22.0,-999,-999
100080,LAGUNAS,1968,10,04,0.0,-999,-999
100080,LAGUNAS,1968,10,05,0.0,-999,-999
100080,LAGUNAS,1968,10,06,0.0,-999,-999
100080,LAGUNAS,1968,10,07,0.0,-999,-999
100080,LAGUNAS,1968,10,08,17.0,-999,-999
100080,LAGUNAS,1968,10,09,0.0,-999,-999
100080,LAGUNAS,1968,10,10,0.0,-999,-999
100080,LAGUNAS,1968,10,11,0.0,-999,-999
100080,LAGUNAS,1968,10,12,0.0,-999,-999
100080,LAGUNAS,1968,10,13,28.0,-999,-999
100080,LAGUNAS,1968,10,14,0.0,-999,-999
100080,LAGUNAS,1968,10,15,0.0,-999,-999
100080,LAGUNAS,1968,10,16,0.0,-999,-999
100080,LAGUNAS,1968,10,17,0.0,-999,-999
100080,LAGUNAS,1968,10,18,0.0,-999,-999
100080,LAGUNAS,1968,10,19,0.0,-999,-999
100080,LAGUNAS,1968,10,20,11.0,-999,-999
100080,LAGUNAS,1968,10,21,0.0,-999,-999
100080,LAGUNAS,1968,10,22,0.0,-999,-999
100080,LAGUNAS,1968,10,23,0.0,-999,-999
100080,LAGUNAS,1968,10,24,0.0,-999,-999
100080,LAGUNAS,1968,10,25,0.0,-999,-999
100080,LAGUNAS,1968,10,26,0.0,-999,-999
100080,LAGUNAS,1968,10,27,0.0,-999,-999
100080,LAGUNAS,1968,10,28,7.0,-999,-999
100080,LAGUNAS,1968,10,29,0.0,-999,-999
100080,LAGUNAS,1968,10,30,0.0,-999,-999
100080,LAGUNAS,1968,10,31,0.0,-999,-999
100080,LAGUNAS,1968,11,01,0.0,-999,-999
100080,LAGUNAS,1968,11,02,0.0,-999,-999
100080,LAGUNAS,1968,11,03,0.0,-999,-999
100080,LAGUNAS,1968,11,04,12.0,-999,-999
100080,LAGUNAS,1968,11,05,0.0,-999,-999
100080,LAGUNAS,1968,11,06,0.0,-999,-999
100080,LAGUNAS,1968,11,07,0.0,-999,-999
100080,LAGUNAS,1968,11,08,0.0,-999,-999
100080,LAGUNAS,1968,11,09,0.0,-999,-999
100080,LAGUNAS,1968,11,10,8.2,-999,-999
100080,LAGUNAS,1968,11,11,0.0,-999,-999
100080,LAGUNAS,1968,11,12,0.0,-999,-999
100080,LAGUNAS,1968,11,13,0.0,-999,-999
100080,LAGUNAS,1968,11,14,0.0,-999,-999
100080,LAGUNAS,1968,11,15,0.0,-999,-999
100080,LAGUNAS,1968,11,16,0.0,-999,-999
100080,LAGUNAS,1968,11,17,0.0,-999,-999
100080,LAGUNAS,1968,11,18,5.0,-999,-999
100080,LAGUNAS,1968,11,19,0.0,-999,-999
100080,LAGUNAS,1968,11,20,0.0,-999,-999
100080,LAGUNAS,1968,11,21,0.0,-999,-999
100080,LAGUNAS,1968,11,22,0.0,-999,-999
100080,LAGUNAS,1968,11,23,0.0,-999,-999
100080,LAGUNAS,1968,11,24,0.0,-999,-999
100080,LAGUNAS,1968,11,25,6.0,-999,-999
100080,LAGUNAS,1968,11,26,0.0,-999,-999
100080,LAGUNAS,1968,11,27,0.0,-999,-999
100080,LAGUNAS,1968,11,28,11.2,-999,-999
100080,LAGUNAS,1968,11,29,0.0,-999,-999
100080,LAGUNAS,1968,11,30,0.0,-999,-999
100080,LAGUNAS,1968,12,01,0.0,-999,-999
100080,LAGUNAS,1968,12,02,0.0,-999,-999
100080,LAGUNAS,1968,12,03,0.0,-999,-999
100080,LAGUNAS,1968,12,04,16.2,-999,-999
100080,LAGUNAS,1968,12,05,0.0,-999,-999
100080,LAGUNAS,1968,12,06,0.0,-999,-999
100080,LAGUNAS,1968,12,07,0.0,-999,-999
100080,LAGUNAS,1968,12,08,9.2,-999,-999
100080,LAGUNAS,1968,12,09,0.0,-999,-999
100080,LAGUNAS,1968,12,10,0.0,-999,-999
100080,LAGUNAS,1968,12,11,0.0,-999,-999
100080,LAGUNAS,1968,12,12,0.0,-999,-999
100080,LAGUNAS,1968,12,13,22.2,-999,-999
100080,LAGUNAS,1968,12,14,0.0,-999,-999
100080,LAGUNAS,1968,12,15,0.0,-999,-999
100080,LAGUNAS,1968,12,16,0.0,-999,-999
100080,LAGUNAS,1968,12,17,15.0,-999,-999
100080,LAGUNAS,1968,12,18,0.0,-999,-999
100080,LAGUNAS,1968,12,19,21.2,-999,-999
100080,LAGUNAS,1968,12,20,0.0,-999,-999
100080,LAGUNAS,1968,12,21,0.0,-999,-999
100080,LAGUNAS,1968,12,22,18.3,-999,-999
100080,LAGUNAS,1968,12,23,0.0,-999,-999
100080,LAGUNAS,1968,12,24,0.0,-999,-999
100080,LAGUNAS,1968,12,25,2.3,-999,-999
100080,LAGUNAS,1968,12,26,16.2,-999,-999
100080,LAGUNAS,1968,12,27,0.0,-999,-999
100080,LAGUNAS,1968,12,28,12.3,-999,-999
100080,LAGUNAS,1968,12,29,0.0,-999,-999
100080,LAGUNAS,1968,12,30,15.4,-999,-999
100080,LAGUNAS,1968,12,31,0.0,-999,-999
100080,LAGUNAS,1969,01,01,0.0,-999,-999
100080,LAGUNAS,1969,01,02,0.0,-999,-999
100080,LAGUNAS,1969,01,03,13.0,-999,-999
100080,LAGUNAS,1969,01,04,4.3,-999,-999
100080,LAGUNAS,1969,01,05,0.0,-999,-999
100080,LAGUNAS,1969,01,06,0.0,-999,-999
100080,LAGUNAS,1969,01,07,0.0,-999,-999
100080,LAGUNAS,1969,01,08,0.0,-999,-999
100080,LAGUNAS,1969,01,09,15.0,-999,-999
100080,LAGUNAS,1969,01,10,0.0,-999,-999
100080,LAGUNAS,1969,01,11,11.3,-999,-999
100080,LAGUNAS,1969,01,12,0.0,-999,-999
100080,LAGUNAS,1969,01,13,0.0,-999,-999
100080,LAGUNAS,1969,01,14,0.0,-999,-999
100080,LAGUNAS,1969,01,15,0.0,-999,-999
100080,LAGUNAS,1969,01,16,8.4,-999,-999
100080,LAGUNAS,1969,01,17,0.0,-999,-999
100080,LAGUNAS,1969,01,18,10.1,-999,-999
100080,LAGUNAS,1969,01,19,0.0,-999,-999
100080,LAGUNAS,1969,01,20,0.0,-999,-999
100080,LAGUNAS,1969,01,21,9.4,-999,-999
100080,LAGUNAS,1969,01,22,0.0,-999,-999
100080,LAGUNAS,1969,01,23,0.0,-999,-999
100080,LAGUNAS,1969,01,24,0.0,-999,-999
100080,LAGUNAS,1969,01,25,6.3,-999,-999
100080,LAGUNAS,1969,01,26,0.0,-999,-999
100080,LAGUNAS,1969,01,27,8.2,-999,-999
100080,LAGUNAS,1969,01,28,0.0,-999,-999
100080,LAGUNAS,1969,01,29,4.4,-999,-999
100080,LAGUNAS,1969,01,30,0.0,-999,-999
100080,LAGUNAS,1969,01,31,0.0,-999,-999
100080,LAGUNAS,1969,02,01,0.0,-999,-999
100080,LAGUNAS,1969,02,02,0.0,-999,-999
100080,LAGUNAS,1969,02,03,0.0,-999,-999
100080,LAGUNAS,1969,02,04,0.0,-999,-999
100080,LAGUNAS,1969,02,05,0.0,-999,-999
100080,LAGUNAS,1969,02,06,0.0,-999,-999
100080,LAGUNAS,1969,02,07,7.4,-999,-999
100080,LAGUNAS,1969,02,08,0.0,-999,-999
100080,LAGUNAS,1969,02,09,0.0,-999,-999
100080,LAGUNAS,1969,02,10,0.0,-999,-999
100080,LAGUNAS,1969,02,11,0.0,-999,-999
100080,LAGUNAS,1969,02,12,18.3,-999,-999
100080,LAGUNAS,1969,02,13,0.0,-999,-999
100080,LAGUNAS,1969,02,14,6.1,-999,-999
100080,LAGUNAS,1969,02,15,0.0,-999,-999
100080,LAGUNAS,1969,02,16,0.0,-999,-999
100080,LAGUNAS,1969,02,17,3.1,-999,-999
100080,LAGUNAS,1969,02,18,0.0,-999,-999
100080,LAGUNAS,1969,02,19,0.0,-999,-999
100080,LAGUNAS,1969,02,20,0.0,-999,-999
100080,LAGUNAS,1969,02,21,0.0,-999,-999
100080,LAGUNAS,1969,02,22,6.0,-999,-999
100080,LAGUNAS,1969,02,23,0.0,-999,-999
100080,LAGUNAS,1969,02,24,0.0,-999,-999
100080,LAGUNAS,1969,02,25,0.0,-999,-999
100080,LAGUNAS,1969,02,26,0.0,-999,-999
100080,LAGUNAS,1969,02,27,4.2,-999,-999
100080,LAGUNAS,1969,02,28,0.0,-999,-999
100080,LAGUNAS,1969,03,01,10.0,-999,-999
100080,LAGUNAS,1969,03,02,0.0,-999,-999
100080,LAGUNAS,1969,03,03,0.0,-999,-999
100080,LAGUNAS,1969,03,04,0.0,-999,-999
100080,LAGUNAS,1969,03,05,9.2,-999,-999
100080,LAGUNAS,1969,03,06,0.0,-999,-999
100080,LAGUNAS,1969,03,07,6.1,-999,-999
100080,LAGUNAS,1969,03,08,11.2,-999,-999
100080,LAGUNAS,1969,03,09,13.1,-999,-999
100080,LAGUNAS,1969,03,10,0.0,-999,-999
100080,LAGUNAS,1969,03,11,0.0,-999,-999
100080,LAGUNAS,1969,03,12,0.0,-999,-999
100080,LAGUNAS,1969,03,13,3.2,-999,-999
100080,LAGUNAS,1969,03,14,0.0,-999,-999
100080,LAGUNAS,1969,03,15,0.0,-999,-999
100080,LAGUNAS,1969,03,16,0.0,-999,-999
100080,LAGUNAS,1969,03,17,0.0,-999,-999
100080,LAGUNAS,1969,03,18,0.0,-999,-999
100080,LAGUNAS,1969,03,19,6.4,-999,-999
100080,LAGUNAS,1969,03,20,0.0,-999,-999
100080,LAGUNAS,1969,03,21,6.4,-999,-999
100080,LAGUNAS,1969,03,22,0.0,-999,-999
100080,LAGUNAS,1969,03,23,0.0,-999,-999
100080,LAGUNAS,1969,03,24,0.0,-999,-999
100080,LAGUNAS,1969,03,25,0.0,-999,-999
100080,LAGUNAS,1969,03,26,6.0,-999,-999
100080,LAGUNAS,1969,03,27,10.0,-999,-999
100080,LAGUNAS,1969,03,28,0.0,-999,-999
100080,LAGUNAS,1969,03,29,3.1,-999,-999
100080,LAGUNAS,1969,03,30,2.1,-999,-999
100080,LAGUNAS,1969,03,31,0.0,-999,-999
100080,LAGUNAS,1969,04,01,0.0,-999,-999
100080,LAGUNAS,1969,04,02,0.0,-999,-999
100080,LAGUNAS,1969,04,03,8.3,-999,-999
100080,LAGUNAS,1969,04,04,0.0,-999,-999
100080,LAGUNAS,1969,04,05,5.1,-999,-999
100080,LAGUNAS,1969,04,06,0.0,-999,-999
100080,LAGUNAS,1969,04,07,0.0,-999,-999
100080,LAGUNAS,1969,04,08,9.4,-999,-999
100080,LAGUNAS,1969,04,09,0.0,-999,-999
100080,LAGUNAS,1969,04,10,0.0,-999,-999
100080,LAGUNAS,1969,04,11,6.1,-999,-999
100080,LAGUNAS,1969,04,12,0.0,-999,-999
100080,LAGUNAS,1969,04,13,7.4,-999,-999
100080,LAGUNAS,1969,04,14,4.4,-999,-999
100080,LAGUNAS,1969,04,15,0.0,-999,-999
100080,LAGUNAS,1969,04,16,0.0,-999,-999
100080,LAGUNAS,1969,04,17,0.0,-999,-999
100080,LAGUNAS,1969,04,18,0.0,-999,-999
100080,LAGUNAS,1969,04,19,13.2,-999,-999
100080,LAGUNAS,1969,04,20,13.3,-999,-999
100080,LAGUNAS,1969,04,21,0.0,-999,-999
100080,LAGUNAS,1969,04,22,0.0,-999,-999
100080,LAGUNAS,1969,04,23,9.4,-999,-999
100080,LAGUNAS,1969,04,24,6.1,-999,-999
100080,LAGUNAS,1969,04,25,4.2,-999,-999
100080,LAGUNAS,1969,04,26,0.0,-999,-999
100080,LAGUNAS,1969,04,27,0.0,-999,-999
100080,LAGUNAS,1969,04,28,11.3,-999,-999
100080,LAGUNAS,1969,04,29,2.1,-999,-999
100080,LAGUNAS,1969,04,30,6.4,-999,-999
100080,LAGUNAS,1969,05,01,4.1,-999,-999
100080,LAGUNAS,1969,05,02,0.0,-999,-999
100080,LAGUNAS,1969,05,03,7.3,-999,-999
100080,LAGUNAS,1969,05,04,0.0,-999,-999
100080,LAGUNAS,1969,05,05,14.1,-999,-999
100080,LAGUNAS,1969,05,06,0.0,-999,-999
100080,LAGUNAS,1969,05,07,10.2,-999,-999
100080,LAGUNAS,1969,05,08,4.1,-999,-999
100080,LAGUNAS,1969,05,09,0.0,-999,-999
100080,LAGUNAS,1969,05,10,9.4,-999,-999
100080,LAGUNAS,1969,05,11,0.0,-999,-999
100080,LAGUNAS,1969,05,12,7.2,-999,-999
100080,LAGUNAS,1969,05,13,0.0,-999,-999
100080,LAGUNAS,1969,05,14,3.1,-999,-999
100080,LAGUNAS,1969,05,15,0.0,-999,-999
100080,LAGUNAS,1969,05,16,0.0,-999,-999
100080,LAGUNAS,1969,05,17,0.0,-999,-999
100080,LAGUNAS,1969,05,18,18.4,-999,-999
100080,LAGUNAS,1969,05,19,0.0,-999,-999
100080,LAGUNAS,1969,05,20,0.0,-999,-999
100080,LAGUNAS,1969,05,21,0.0,-999,-999
100080,LAGUNAS,1969,05,22,7.4,-999,-999
100080,LAGUNAS,1969,05,23,0.0,-999,-999
100080,LAGUNAS,1969,05,24,0.0,-999,-999
100080,LAGUNAS,1969,05,25,0.0,-999,-999
100080,LAGUNAS,1969,05,26,0.0,-999,-999
100080,LAGUNAS,1969,05,27,7.1,-999,-999
100080,LAGUNAS,1969,05,28,0.0,-999,-999
100080,LAGUNAS,1969,05,29,4.3,-999,-999
100080,LAGUNAS,1969,05,30,0.0,-999,-999
100080,LAGUNAS,1969,05,31,3.1,-999,-999
100080,LAGUNAS,1969,06,01,0.0,-999,-999
100080,LAGUNAS,1969,06,02,3.5,-999,-999
100080,LAGUNAS,1969,06,03,0.0,-999,-999
100080,LAGUNAS,1969,06,04,0.0,-999,-999
100080,LAGUNAS,1969,06,05,10.5,-999,-999
100080,LAGUNAS,1969,06,06,0.0,-999,-999
100080,LAGUNAS,1969,06,07,0.0,-999,-999
100080,LAGUNAS,1969,06,08,0.0,-999,-999
100080,LAGUNAS,1969,06,09,0.0,-999,-999
100080,LAGUNAS,1969,06,10,7.5,-999,-999
100080,LAGUNAS,1969,06,11,3.8,-999,-999
100080,LAGUNAS,1969,06,12,5.9,-999,-999
100080,LAGUNAS,1969,06,13,0.0,-999,-999
100080,LAGUNAS,1969,06,14,0.0,-999,-999
100080,LAGUNAS,1969,06,15,0.0,-999,-999
100080,LAGUNAS,1969,06,16,4.5,-999,-999
100080,LAGUNAS,1969,06,17,6.6,-999,-999
100080,LAGUNAS,1969,06,18,0.0,-999,-999
100080,LAGUNAS,1969,06,19,0.0,-999,-999
100080,LAGUNAS,1969,06,20,4.5,-999,-999
100080,LAGUNAS,1969,06,21,0.0,-999,-999
100080,LAGUNAS,1969,06,22,0.0,-999,-999
100080,LAGUNAS,1969,06,23,0.0,-999,-999
100080,LAGUNAS,1969,06,24,3.3,-999,-999
100080,LAGUNAS,1969,06,25,0.0,-999,-999
100080,LAGUNAS,1969,06,26,0.0,-999,-999
100080,LAGUNAS,1969,06,27,0.0,-999,-999
100080,LAGUNAS,1969,06,28,0.0,-999,-999
100080,LAGUNAS,1969,06,29,3.5,-999,-999
100080,LAGUNAS,1969,06,30,0.0,-999,-999
100080,LAGUNAS,1969,07,01,0.0,-999,-999
100080,LAGUNAS,1969,07,02,0.0,-999,-999
100080,LAGUNAS,1969,07,03,0.0,-999,-999
100080,LAGUNAS,1969,07,04,5.5,-999,-999
100080,LAGUNAS,1969,07,05,3.5,-999,-999
100080,LAGUNAS,1969,07,06,0.0,-999,-999
100080,LAGUNAS,1969,07,07,0.0,-999,-999
100080,LAGUNAS,1969,07,08,-888,-999,-999
100080,LAGUNAS,1969,07,09,-888,-999,-999
100080,LAGUNAS,1969,07,10,0.0,-999,-999
100080,LAGUNAS,1969,07,11,0.0,-999,-999
100080,LAGUNAS,1969,07,12,4.8,-999,-999
100080,LAGUNAS,1969,07,13,0.0,-999,-999
100080,LAGUNAS,1969,07,14,0.0,-999,-999
100080,LAGUNAS,1969,07,15,0.0,-999,-999
100080,LAGUNAS,1969,07,16,3.5,-999,-999
100080,LAGUNAS,1969,07,17,0.0,-999,-999
100080,LAGUNAS,1969,07,18,-888,-999,-999
100080,LAGUNAS,1969,07,19,-888,-999,-999
100080,LAGUNAS,1969,07,20,0.0,-999,-999
100080,LAGUNAS,1969,07,21,0.0,-999,-999
100080,LAGUNAS,1969,07,22,-888,-999,-999
100080,LAGUNAS,1969,07,23,-888,-999,-999
100080,LAGUNAS,1969,07,24,0.0,-999,-999
100080,LAGUNAS,1969,07,25,0.0,-999,-999
100080,LAGUNAS,1969,07,26,3.5,-999,-999
100080,LAGUNAS,1969,07,27,0.0,-999,-999
100080,LAGUNAS,1969,07,28,0.0,-999,-999
100080,LAGUNAS,1969,07,29,0.0,-999,-999
100080,LAGUNAS,1969,07,30,0.0,-999,-999
100080,LAGUNAS,1969,07,31,0.0,-999,-999
100080,LAGUNAS,1969,08,01,4.5,-999,-999
100080,LAGUNAS,1969,08,02,0.0,-999,-999
100080,LAGUNAS,1969,08,03,5.4,-999,-999
100080,LAGUNAS,1969,08,04,0.0,-999,-999
100080,LAGUNAS,1969,08,05,0.0,-999,-999
100080,LAGUNAS,1969,08,06,0.0,-999,-999
100080,LAGUNAS,1969,08,07,9.8,-999,-999
100080,LAGUNAS,1969,08,08,4.2,-999,-999
100080,LAGUNAS,1969,08,09,0.0,-999,-999
100080,LAGUNAS,1969,08,10,4.8,-999,-999
100080,LAGUNAS,1969,08,11,8.8,-999,-999
100080,LAGUNAS,1969,08,12,0.0,-999,-999
100080,LAGUNAS,1969,08,13,0.0,-999,-999
100080,LAGUNAS,1969,08,14,0.0,-999,-999
100080,LAGUNAS,1969,08,15,9.7,-999,-999
100080,LAGUNAS,1969,08,16,2.3,-999,-999
100080,LAGUNAS,1969,08,17,0.0,-999,-999
100080,LAGUNAS,1969,08,18,0.0,-999,-999
100080,LAGUNAS,1969,08,19,4.5,-999,-999
100080,LAGUNAS,1969,08,20,3.5,-999,-999
100080,LAGUNAS,1969,08,21,4.5,-999,-999
100080,LAGUNAS,1969,08,22,6.5,-999,-999
100080,LAGUNAS,1969,08,23,0.0,-999,-999
100080,LAGUNAS,1969,08,24,6.8,-999,-999
100080,LAGUNAS,1969,08,25,0.0,-999,-999
100080,LAGUNAS,1969,08,26,3.5,-999,-999
100080,LAGUNAS,1969,08,27,8.5,-999,-999
100080,LAGUNAS,1969,08,28,3.4,-999,-999
100080,LAGUNAS,1969,08,29,0.0,-999,-999
100080,LAGUNAS,1969,08,30,5.5,-999,-999
100080,LAGUNAS,1969,08,31,3.4,-999,-999
100080,LAGUNAS,1969,09,01,5.6,-999,-999
100080,LAGUNAS,1969,09,02,0.0,-999,-999
100080,LAGUNAS,1969,09,03,4.3,-999,-999
100080,LAGUNAS,1969,09,04,0.0,-999,-999
100080,LAGUNAS,1969,09,05,0.0,-999,-999
100080,LAGUNAS,1969,09,06,0.0,-999,-999
100080,LAGUNAS,1969,09,07,0.0,-999,-999
100080,LAGUNAS,1969,09,08,90.3,-999,-999
100080,LAGUNAS,1969,09,09,0.0,-999,-999
100080,LAGUNAS,1969,09,10,15.3,-999,-999
100080,LAGUNAS,1969,09,11,0.0,-999,-999
100080,LAGUNAS,1969,09,12,0.0,-999,-999
100080,LAGUNAS,1969,09,13,0.0,-999,-999
100080,LAGUNAS,1969,09,14,0.0,-999,-999
100080,LAGUNAS,1969,09,15,3.0,-999,-999
100080,LAGUNAS,1969,09,16,0.0,-999,-999
100080,LAGUNAS,1969,09,17,4.4,-999,-999
100080,LAGUNAS,1969,09,18,0.0,-999,-999
100080,LAGUNAS,1969,09,19,0.0,-999,-999
100080,LAGUNAS,1969,09,20,0.0,-999,-999
100080,LAGUNAS,1969,09,21,0.0,-999,-999
100080,LAGUNAS,1969,09,22,0.0,-999,-999
100080,LAGUNAS,1969,09,23,0.0,-999,-999
100080,LAGUNAS,1969,09,24,12.4,-999,-999
100080,LAGUNAS,1969,09,25,0.0,-999,-999
100080,LAGUNAS,1969,09,26,0.0,-999,-999
100080,LAGUNAS,1969,09,27,12.4,-999,-999
100080,LAGUNAS,1969,09,28,0.0,-999,-999
100080,LAGUNAS,1969,09,29,0.0,-999,-999
100080,LAGUNAS,1969,09,30,22.0,-999,-999
100080,LAGUNAS,1969,10,01,0.0,-999,-999
100080,LAGUNAS,1969,10,02,4.4,-999,-999
100080,LAGUNAS,1969,10,03,0.0,-999,-999
100080,LAGUNAS,1969,10,04,0.0,-999,-999
100080,LAGUNAS,1969,10,05,0.0,-999,-999
100080,LAGUNAS,1969,10,06,0.0,-999,-999
100080,LAGUNAS,1969,10,07,27.3,-999,-999
100080,LAGUNAS,1969,10,08,0.0,-999,-999
100080,LAGUNAS,1969,10,09,0.0,-999,-999
100080,LAGUNAS,1969,10,10,0.0,-999,-999
100080,LAGUNAS,1969,10,11,0.0,-999,-999
100080,LAGUNAS,1969,10,12,12.0,-999,-999
100080,LAGUNAS,1969,10,13,0.0,-999,-999
100080,LAGUNAS,1969,10,14,21.0,-999,-999
100080,LAGUNAS,1969,10,15,43.0,-999,-999
100080,LAGUNAS,1969,10,16,55.4,-999,-999
100080,LAGUNAS,1969,10,17,0.0,-999,-999
100080,LAGUNAS,1969,10,18,0.0,-999,-999
100080,LAGUNAS,1969,10,19,0.0,-999,-999
100080,LAGUNAS,1969,10,20,0.0,-999,-999
100080,LAGUNAS,1969,10,21,0.0,-999,-999
100080,LAGUNAS,1969,10,22,6.0,-999,-999
100080,LAGUNAS,1969,10,23,0.0,-999,-999
100080,LAGUNAS,1969,10,24,7.2,-999,-999
100080,LAGUNAS,1969,10,25,0.0,-999,-999
100080,LAGUNAS,1969,10,26,12.3,-999,-999
100080,LAGUNAS,1969,10,27,0.0,-999,-999
100080,LAGUNAS,1969,10,28,0.0,-999,-999
100080,LAGUNAS,1969,10,29,0.0,-999,-999
100080,LAGUNAS,1969,10,30,0.0,-999,-999
100080,LAGUNAS,1969,10,31,0.0,-999,-999
100080,LAGUNAS,1969,11,01,0.0,-999,-999
100080,LAGUNAS,1969,11,02,0.0,-999,-999
100080,LAGUNAS,1969,11,03,0.0,-999,-999
100080,LAGUNAS,1969,11,04,0.0,-999,-999
100080,LAGUNAS,1969,11,05,37.0,-999,-999
100080,LAGUNAS,1969,11,06,0.0,-999,-999
100080,LAGUNAS,1969,11,07,12.4,-999,-999
100080,LAGUNAS,1969,11,08,0.0,-999,-999
100080,LAGUNAS,1969,11,09,0.0,-999,-999
100080,LAGUNAS,1969,11,10,0.0,-999,-999
100080,LAGUNAS,1969,11,11,0.0,-999,-999
100080,LAGUNAS,1969,11,12,0.0,-999,-999
100080,LAGUNAS,1969,11,13,0.0,-999,-999
100080,LAGUNAS,1969,11,14,10.4,-999,-999
100080,LAGUNAS,1969,11,15,0.0,-999,-999
100080,LAGUNAS,1969,11,16,0.0,-999,-999
100080,LAGUNAS,1969,11,17,0.0,-999,-999
100080,LAGUNAS,1969,11,18,0.0,-999,-999
100080,LAGUNAS,1969,11,19,0.0,-999,-999
100080,LAGUNAS,1969,11,20,8.4,-999,-999
100080,LAGUNAS,1969,11,21,8.0,-999,-999
100080,LAGUNAS,1969,11,22,4.0,-999,-999
100080,LAGUNAS,1969,11,23,0.0,-999,-999
100080,LAGUNAS,1969,11,24,0.0,-999,-999
100080,LAGUNAS,1969,11,25,15.0,-999,-999
100080,LAGUNAS,1969,11,26,0.0,-999,-999
100080,LAGUNAS,1969,11,27,0.0,-999,-999
100080,LAGUNAS,1969,11,28,0.0,-999,-999
100080,LAGUNAS,1969,11,29,0.0,-999,-999
100080,LAGUNAS,1969,11,30,0.0,-999,-999
100080,LAGUNAS,1969,12,01,0.0,-999,-999
100080,LAGUNAS,1969,12,02,9.4,-999,-999
100080,LAGUNAS,1969,12,03,0.0,-999,-999
100080,LAGUNAS,1969,12,04,0.0,-999,-999
100080,LAGUNAS,1969,12,05,0.0,-999,-999
100080,LAGUNAS,1969,12,06,0.0,-999,-999
100080,LAGUNAS,1969,12,07,0.0,-999,-999
100080,LAGUNAS,1969,12,08,7.4,-999,-999
100080,LAGUNAS,1969,12,09,4.0,-999,-999
100080,LAGUNAS,1969,12,10,0.0,-999,-999
100080,LAGUNAS,1969,12,11,0.0,-999,-999
100080,LAGUNAS,1969,12,12,0.0,-999,-999
100080,LAGUNAS,1969,12,13,5.0,-999,-999
100080,LAGUNAS,1969,12,14,0.0,-999,-999
100080,LAGUNAS,1969,12,15,0.0,-999,-999
100080,LAGUNAS,1969,12,16,0.0,-999,-999
100080,LAGUNAS,1969,12,17,8.0,-999,-999
100080,LAGUNAS,1969,12,18,0.0,-999,-999
100080,LAGUNAS,1969,12,19,0.0,-999,-999
100080,LAGUNAS,1969,12,20,0.0,-999,-999
100080,LAGUNAS,1969,12,21,0.0,-999,-999
100080,LAGUNAS,1969,12,22,0.0,-999,-999
100080,LAGUNAS,1969,12,23,14.0,-999,-999
100080,LAGUNAS,1969,12,24,0.0,-999,-999
100080,LAGUNAS,1969,12,25,0.0,-999,-999
100080,LAGUNAS,1969,12,26,0.0,-999,-999
100080,LAGUNAS,1969,12,27,0.0,-999,-999
100080,LAGUNAS,1969,12,28,7.0,-999,-999
100080,LAGUNAS,1969,12,29,0.0,-999,-999
100080,LAGUNAS,1969,12,30,5.0,-999,-999
100080,LAGUNAS,1969,12,31,0.0,-999,-999
100080,LAGUNAS,1970,01,01,6.0,-999,-999
100080,LAGUNAS,1970,01,02,0.0,-999,-999
100080,LAGUNAS,1970,01,03,5.0,-999,-999
100080,LAGUNAS,1970,01,04,0.0,-999,-999
100080,LAGUNAS,1970,01,05,0.0,-999,-999
100080,LAGUNAS,1970,01,06,20.0,-999,-999
100080,LAGUNAS,1970,01,07,13.0,-999,-999
100080,LAGUNAS,1970,01,08,0.0,-999,-999
100080,LAGUNAS,1970,01,09,35.0,-999,-999
100080,LAGUNAS,1970,01,10,0.0,-999,-999
100080,LAGUNAS,1970,01,11,80.0,-999,-999
100080,LAGUNAS,1970,01,12,0.0,-999,-999
100080,LAGUNAS,1970,01,13,0.0,-999,-999
100080,LAGUNAS,1970,01,14,16.0,-999,-999
100080,LAGUNAS,1970,01,15,19.0,-999,-999
100080,LAGUNAS,1970,01,16,15.0,-999,-999
100080,LAGUNAS,1970,01,17,0.0,-999,-999
100080,LAGUNAS,1970,01,18,0.0,-999,-999
100080,LAGUNAS,1970,01,19,55.0,-999,-999
100080,LAGUNAS,1970,01,20,0.0,-999,-999
100080,LAGUNAS,1970,01,21,0.0,-999,-999
100080,LAGUNAS,1970,01,22,0.0,-999,-999
100080,LAGUNAS,1970,01,23,0.0,-999,-999
100080,LAGUNAS,1970,01,24,0.0,-999,-999
100080,LAGUNAS,1970,01,25,0.0,-999,-999
100080,LAGUNAS,1970,01,26,0.0,-999,-999
100080,LAGUNAS,1970,01,27,19.0,-999,-999
100080,LAGUNAS,1970,01,28,0.0,-999,-999
100080,LAGUNAS,1970,01,29,13.0,-999,-999
100080,LAGUNAS,1970,01,30,0.0,-999,-999
100080,LAGUNAS,1970,01,31,8.0,-999,-999
100080,LAGUNAS,1970,02,01,12.0,-999,-999
100080,LAGUNAS,1970,02,02,15.0,-999,-999
100080,LAGUNAS,1970,02,03,0.0,-999,-999
100080,LAGUNAS,1970,02,04,0.0,-999,-999
100080,LAGUNAS,1970,02,05,18.0,-999,-999
100080,LAGUNAS,1970,02,06,0.0,-999,-999
100080,LAGUNAS,1970,02,07,33.0,-999,-999
100080,LAGUNAS,1970,02,08,0.0,-999,-999
100080,LAGUNAS,1970,02,09,0.0,-999,-999
100080,LAGUNAS,1970,02,10,3.0,-999,-999
100080,LAGUNAS,1970,02,11,0.0,-999,-999
100080,LAGUNAS,1970,02,12,11.0,-999,-999
100080,LAGUNAS,1970,02,13,0.0,-999,-999
100080,LAGUNAS,1970,02,14,0.0,-999,-999
100080,LAGUNAS,1970,02,15,0.0,-999,-999
100080,LAGUNAS,1970,02,16,0.0,-999,-999
100080,LAGUNAS,1970,02,17,5.0,-999,-999
100080,LAGUNAS,1970,02,18,0.0,-999,-999
100080,LAGUNAS,1970,02,19,0.0,-999,-999
100080,LAGUNAS,1970,02,20,0.0,-999,-999
100080,LAGUNAS,1970,02,21,0.0,-999,-999
100080,LAGUNAS,1970,02,22,19.0,-999,-999
100080,LAGUNAS,1970,02,23,0.0,-999,-999
100080,LAGUNAS,1970,02,24,0.0,-999,-999
100080,LAGUNAS,1970,02,25,4.0,-999,-999
100080,LAGUNAS,1970,02,26,0.0,-999,-999
100080,LAGUNAS,1970,02,27,87.0,-999,-999
100080,LAGUNAS,1970,02,28,0.0,-999,-999
100080,LAGUNAS,1970,03,01,0.0,-999,-999
100080,LAGUNAS,1970,03,02,0.0,-999,-999
100080,LAGUNAS,1970,03,03,2.0,-999,-999
100080,LAGUNAS,1970,03,04,0.0,-999,-999
100080,LAGUNAS,1970,03,05,0.0,-999,-999
100080,LAGUNAS,1970,03,06,0.0,-999,-999
100080,LAGUNAS,1970,03,07,11.0,-999,-999
100080,LAGUNAS,1970,03,08,0.0,-999,-999
100080,LAGUNAS,1970,03,09,0.0,-999,-999
100080,LAGUNAS,1970,03,10,10.0,-999,-999
100080,LAGUNAS,1970,03,11,0.0,-999,-999
100080,LAGUNAS,1970,03,12,17.0,-999,-999
100080,LAGUNAS,1970,03,13,0.0,-999,-999
100080,LAGUNAS,1970,03,14,0.0,-999,-999
100080,LAGUNAS,1970,03,15,0.0,-999,-999
100080,LAGUNAS,1970,03,16,10.0,-999,-999
100080,LAGUNAS,1970,03,17,18.0,-999,-999
100080,LAGUNAS,1970,03,18,0.0,-999,-999
100080,LAGUNAS,1970,03,19,23.0,-999,-999
100080,LAGUNAS,1970,03,20,0.0,-999,-999
100080,LAGUNAS,1970,03,21,14.0,-999,-999
100080,LAGUNAS,1970,03,22,22.0,-999,-999
100080,LAGUNAS,1970,03,23,0.0,-999,-999
100080,LAGUNAS,1970,03,24,0.0,-999,-999
100080,LAGUNAS,1970,03,25,19.0,-999,-999
100080,LAGUNAS,1970,03,26,0.0,-999,-999
100080,LAGUNAS,1970,03,27,23.0,-999,-999
100080,LAGUNAS,1970,03,28,0.0,-999,-999
100080,LAGUNAS,1970,03,29,0.0,-999,-999
100080,LAGUNAS,1970,03,30,0.0,-999,-999
100080,LAGUNAS,1970,03,31,0.0,-999,-999
100080,LAGUNAS,1970,04,01,0.0,-999,-999
100080,LAGUNAS,1970,04,02,0.0,-999,-999
100080,LAGUNAS,1970,04,03,18.0,-999,-999
100080,LAGUNAS,1970,04,04,15.0,-999,-999
100080,LAGUNAS,1970,04,05,0.0,-999,-999
100080,LAGUNAS,1970,04,06,11.0,-999,-999
100080,LAGUNAS,1970,04,07,0.0,-999,-999
100080,LAGUNAS,1970,04,08,0.0,-999,-999
100080,LAGUNAS,1970,04,09,0.0,-999,-999
100080,LAGUNAS,1970,04,10,25.0,-999,-999
100080,LAGUNAS,1970,04,11,0.0,-999,-999
100080,LAGUNAS,1970,04,12,0.0,-999,-999
100080,LAGUNAS,1970,04,13,14.0,-999,-999
100080,LAGUNAS,1970,04,14,17.0,-999,-999
100080,LAGUNAS,1970,04,15,29.0,-999,-999
100080,LAGUNAS,1970,04,16,10.0,-999,-999
100080,LAGUNAS,1970,04,17,0.0,-999,-999
100080,LAGUNAS,1970,04,18,29.0,-999,-999
100080,LAGUNAS,1970,04,19,0.0,-999,-999
100080,LAGUNAS,1970,04,20,6.0,-999,-999
100080,LAGUNAS,1970,04,21,0.0,-999,-999
100080,LAGUNAS,1970,04,22,16.0,-999,-999
100080,LAGUNAS,1970,04,23,23.0,-999,-999
100080,LAGUNAS,1970,04,24,5.0,-999,-999
100080,LAGUNAS,1970,04,25,9.0,-999,-999
100080,LAGUNAS,1970,04,26,14.0,-999,-999
100080,LAGUNAS,1970,04,27,0.0,-999,-999
100080,LAGUNAS,1970,04,28,18.0,-999,-999
100080,LAGUNAS,1970,04,29,0.0,-999,-999
100080,LAGUNAS,1970,04,30,5.0,-999,-999
100080,LAGUNAS,1970,05,01,11.0,-999,-999
100080,LAGUNAS,1970,05,02,0.0,-999,-999
100080,LAGUNAS,1970,05,03,0.0,-999,-999
100080,LAGUNAS,1970,05,04,0.0,-999,-999
100080,LAGUNAS,1970,05,05,0.0,-999,-999
100080,LAGUNAS,1970,05,06,0.0,-999,-999
100080,LAGUNAS,1970,05,07,24.0,-999,-999
100080,LAGUNAS,1970,05,08,0.0,-999,-999
100080,LAGUNAS,1970,05,09,25.0,-999,-999
100080,LAGUNAS,1970,05,10,0.0,-999,-999
100080,LAGUNAS,1970,05,11,25.0,-999,-999
100080,LAGUNAS,1970,05,12,0.0,-999,-999
100080,LAGUNAS,1970,05,13,0.0,-999,-999
100080,LAGUNAS,1970,05,14,0.0,-999,-999
100080,LAGUNAS,1970,05,15,0.0,-999,-999
100080,LAGUNAS,1970,05,16,0.0,-999,-999
100080,LAGUNAS,1970,05,17,0.0,-999,-999
100080,LAGUNAS,1970,05,18,14.0,-999,-999
100080,LAGUNAS,1970,05,19,0.0,-999,-999
100080,LAGUNAS,1970,05,20,0.0,-999,-999
100080,LAGUNAS,1970,05,21,41.0,-999,-999
100080,LAGUNAS,1970,05,22,0.0,-999,-999
100080,LAGUNAS,1970,05,23,0.0,-999,-999
100080,LAGUNAS,1970,05,24,0.0,-999,-999
100080,LAGUNAS,1970,05,25,25.0,-999,-999
100080,LAGUNAS,1970,05,26,0.0,-999,-999
100080,LAGUNAS,1970,05,27,0.0,-999,-999
100080,LAGUNAS,1970,05,28,0.0,-999,-999
100080,LAGUNAS,1970,05,29,0.0,-999,-999
100080,LAGUNAS,1970,05,30,0.0,-999,-999
100080,LAGUNAS,1970,05,31,0.0,-999,-999
100080,LAGUNAS,1970,06,01,0.0,-999,-999
100080,LAGUNAS,1970,06,02,0.0,-999,-999
100080,LAGUNAS,1970,06,03,0.0,-999,-999
100080,LAGUNAS,1970,06,04,0.0,-999,-999
100080,LAGUNAS,1970,06,05,0.0,-999,-999
100080,LAGUNAS,1970,06,06,0.0,-999,-999
100080,LAGUNAS,1970,06,07,0.0,-999,-999
100080,LAGUNAS,1970,06,08,15.0,-999,-999
100080,LAGUNAS,1970,06,09,0.0,-999,-999
100080,LAGUNAS,1970,06,10,0.0,-999,-999
100080,LAGUNAS,1970,06,11,0.0,-999,-999
100080,LAGUNAS,1970,06,12,0.0,-999,-999
100080,LAGUNAS,1970,06,13,0.0,-999,-999
100080,LAGUNAS,1970,06,14,12.0,-999,-999
100080,LAGUNAS,1970,06,15,0.0,-999,-999
100080,LAGUNAS,1970,06,16,24.0,-999,-999
100080,LAGUNAS,1970,06,17,0.0,-999,-999
100080,LAGUNAS,1970,06,18,0.0,-999,-999
100080,LAGUNAS,1970,06,19,0.0,-999,-999
100080,LAGUNAS,1970,06,20,0.0,-999,-999
100080,LAGUNAS,1970,06,21,1.0,-999,-999
100080,LAGUNAS,1970,06,22,9.6,-999,-999
100080,LAGUNAS,1970,06,23,0.0,-999,-999
100080,LAGUNAS,1970,06,24,0.0,-999,-999
100080,LAGUNAS,1970,06,25,0.0,-999,-999
100080,LAGUNAS,1970,06,26,0.0,-999,-999
100080,LAGUNAS,1970,06,27,0.0,-999,-999
100080,LAGUNAS,1970,06,28,0.0,-999,-999
100080,LAGUNAS,1970,06,29,0.0,-999,-999
100080,LAGUNAS,1970,06,30,0.0,-999,-999
100080,LAGUNAS,1970,07,01,0.0,-999,-999
100080,LAGUNAS,1970,07,02,0.0,-999,-999
100080,LAGUNAS,1970,07,03,0.0,-999,-999
100080,LAGUNAS,1970,07,04,17.0,-999,-999
100080,LAGUNAS,1970,07,05,0.0,-999,-999
100080,LAGUNAS,1970,07,06,0.0,-999,-999
100080,LAGUNAS,1970,07,07,0.0,-999,-999
100080,LAGUNAS,1970,07,08,0.0,-999,-999
100080,LAGUNAS,1970,07,09,0.0,-999,-999
100080,LAGUNAS,1970,07,10,0.0,-999,-999
100080,LAGUNAS,1970,07,11,0.0,-999,-999
100080,LAGUNAS,1970,07,12,0.0,-999,-999
100080,LAGUNAS,1970,07,13,0.0,-999,-999
100080,LAGUNAS,1970,07,14,0.0,-999,-999
100080,LAGUNAS,1970,07,15,0.0,-999,-999
100080,LAGUNAS,1970,07,16,0.0,-999,-999
100080,LAGUNAS,1970,07,17,0.0,-999,-999
100080,LAGUNAS,1970,07,18,18.0,-999,-999
100080,LAGUNAS,1970,07,19,0.0,-999,-999
100080,LAGUNAS,1970,07,20,0.0,-999,-999
100080,LAGUNAS,1970,07,21,0.0,-999,-999
100080,LAGUNAS,1970,07,22,0.0,-999,-999
100080,LAGUNAS,1970,07,23,0.0,-999,-999
100080,LAGUNAS,1970,07,24,0.0,-999,-999
100080,LAGUNAS,1970,07,25,0.0,-999,-999
100080,LAGUNAS,1970,07,26,0.0,-999,-999
100080,LAGUNAS,1970,07,27,0.0,-999,-999
100080,LAGUNAS,1970,07,28,0.0,-999,-999
100080,LAGUNAS,1970,07,29,0.0,-999,-999
100080,LAGUNAS,1970,07,30,0.0,-999,-999
100080,LAGUNAS,1970,07,31,0.0,-999,-999
100080,LAGUNAS,1970,08,01,0.0,-999,-999
100080,LAGUNAS,1970,08,02,0.0,-999,-999
100080,LAGUNAS,1970,08,03,0.0,-999,-999
100080,LAGUNAS,1970,08,04,0.0,-999,-999
100080,LAGUNAS,1970,08,05,0.0,-999,-999
100080,LAGUNAS,1970,08,06,19.0,-999,-999
100080,LAGUNAS,1970,08,07,0.0,-999,-999
100080,LAGUNAS,1970,08,08,0.0,-999,-999
100080,LAGUNAS,1970,08,09,0.0,-999,-999
100080,LAGUNAS,1970,08,10,0.0,-999,-999
100080,LAGUNAS,1970,08,11,0.0,-999,-999
100080,LAGUNAS,1970,08,12,0.0,-999,-999
100080,LAGUNAS,1970,08,13,0.0,-999,-999
100080,LAGUNAS,1970,08,14,0.0,-999,-999
100080,LAGUNAS,1970,08,15,0.0,-999,-999
100080,LAGUNAS,1970,08,16,0.0,-999,-999
100080,LAGUNAS,1970,08,17,0.0,-999,-999
100080,LAGUNAS,1970,08,18,0.0,-999,-999
100080,LAGUNAS,1970,08,19,0.0,-999,-999
100080,LAGUNAS,1970,08,20,25.0,-999,-999
100080,LAGUNAS,1970,08,21,0.0,-999,-999
100080,LAGUNAS,1970,08,22,0.0,-999,-999
100080,LAGUNAS,1970,08,23,0.0,-999,-999
100080,LAGUNAS,1970,08,24,0.0,-999,-999
100080,LAGUNAS,1970,08,25,0.0,-999,-999
100080,LAGUNAS,1970,08,26,16.0,-999,-999
100080,LAGUNAS,1970,08,27,0.0,-999,-999
100080,LAGUNAS,1970,08,28,0.0,-999,-999
100080,LAGUNAS,1970,08,29,0.0,-999,-999
100080,LAGUNAS,1970,08,30,0.0,-999,-999
100080,LAGUNAS,1970,08,31,0.0,-999,-999
100080,LAGUNAS,1970,09,01,0.0,-999,-999
100080,LAGUNAS,1970,09,02,0.0,-999,-999
100080,LAGUNAS,1970,09,03,0.0,-999,-999
100080,LAGUNAS,1970,09,04,15.0,-999,-999
100080,LAGUNAS,1970,09,05,0.0,-999,-999
100080,LAGUNAS,1970,09,06,0.0,-999,-999
100080,LAGUNAS,1970,09,07,0.0,-999,-999
100080,LAGUNAS,1970,09,08,0.0,-999,-999
100080,LAGUNAS,1970,09,09,2.3,-999,-999
100080,LAGUNAS,1970,09,10,0.0,-999,-999
100080,LAGUNAS,1970,09,11,0.0,-999,-999
100080,LAGUNAS,1970,09,12,0.0,-999,-999
100080,LAGUNAS,1970,09,13,0.0,-999,-999
100080,LAGUNAS,1970,09,14,46.0,-999,-999
100080,LAGUNAS,1970,09,15,0.0,-999,-999
100080,LAGUNAS,1970,09,16,0.0,-999,-999
100080,LAGUNAS,1970,09,17,0.0,-999,-999
100080,LAGUNAS,1970,09,18,7.5,-999,-999
100080,LAGUNAS,1970,09,19,0.0,-999,-999
100080,LAGUNAS,1970,09,20,0.0,-999,-999
100080,LAGUNAS,1970,09,21,0.0,-999,-999
100080,LAGUNAS,1970,09,22,0.0,-999,-999
100080,LAGUNAS,1970,09,23,0.0,-999,-999
100080,LAGUNAS,1970,09,24,0.0,-999,-999
100080,LAGUNAS,1970,09,25,0.0,-999,-999
100080,LAGUNAS,1970,09,26,0.0,-999,-999
100080,LAGUNAS,1970,09,27,0.3,-999,-999
100080,LAGUNAS,1970,09,28,0.0,-999,-999
100080,LAGUNAS,1970,09,29,0.2,-999,-999
100080,LAGUNAS,1970,09,30,0.0,-999,-999
100080,LAGUNAS,1970,10,01,0.0,-999,-999
100080,LAGUNAS,1970,10,02,0.0,-999,-999
100080,LAGUNAS,1970,10,03,0.0,-999,-999
100080,LAGUNAS,1970,10,04,0.0,-999,-999
100080,LAGUNAS,1970,10,05,0.0,-999,-999
100080,LAGUNAS,1970,10,06,0.0,-999,-999
100080,LAGUNAS,1970,10,07,0.0,-999,-999
100080,LAGUNAS,1970,10,08,0.0,-999,-999
100080,LAGUNAS,1970,10,09,0.0,-999,-999
100080,LAGUNAS,1970,10,10,0.0,-999,-999
100080,LAGUNAS,1970,10,11,0.0,-999,-999
100080,LAGUNAS,1970,10,12,0.0,-999,-999
100080,LAGUNAS,1970,10,13,0.0,-999,-999
100080,LAGUNAS,1970,10,14,0.0,-999,-999
100080,LAGUNAS,1970,10,15,0.0,-999,-999
100080,LAGUNAS,1970,10,16,6.0,-999,-999
100080,LAGUNAS,1970,10,17,0.0,-999,-999
100080,LAGUNAS,1970,10,18,5.0,-999,-999
100080,LAGUNAS,1970,10,19,0.0,-999,-999
100080,LAGUNAS,1970,10,20,0.0,-999,-999
100080,LAGUNAS,1970,10,21,0.0,-999,-999
100080,LAGUNAS,1970,10,22,0.0,-999,-999
100080,LAGUNAS,1970,10,23,0.0,-999,-999
100080,LAGUNAS,1970,10,24,0.0,-999,-999
100080,LAGUNAS,1970,10,25,0.0,-999,-999
100080,LAGUNAS,1970,10,26,2.8,-999,-999
100080,LAGUNAS,1970,10,27,0.0,-999,-999
100080,LAGUNAS,1970,10,28,0.0,-999,-999
100080,LAGUNAS,1970,10,29,1.0,-999,-999
100080,LAGUNAS,1970,10,30,0.0,-999,-999
100080,LAGUNAS,1970,10,31,0.0,-999,-999
100080,LAGUNAS,1970,11,01,0.0,-999,-999
100080,LAGUNAS,1970,11,02,9.3,-999,-999
100080,LAGUNAS,1970,11,03,0.0,-999,-999
100080,LAGUNAS,1970,11,04,0.0,-999,-999
100080,LAGUNAS,1970,11,05,0.0,-999,-999
100080,LAGUNAS,1970,11,06,3.5,-999,-999
100080,LAGUNAS,1970,11,07,0.0,-999,-999
100080,LAGUNAS,1970,11,08,0.0,-999,-999
100080,LAGUNAS,1970,11,09,14.0,-999,-999
100080,LAGUNAS,1970,11,10,0.0,-999,-999
100080,LAGUNAS,1970,11,11,0.0,-999,-999
100080,LAGUNAS,1970,11,12,0.0,-999,-999
100080,LAGUNAS,1970,11,13,0.0,-999,-999
100080,LAGUNAS,1970,11,14,0.0,-999,-999
100080,LAGUNAS,1970,11,15,0.0,-999,-999
100080,LAGUNAS,1970,11,16,0.0,-999,-999
100080,LAGUNAS,1970,11,17,0.0,-999,-999
100080,LAGUNAS,1970,11,18,52.0,-999,-999
100080,LAGUNAS,1970,11,19,0.0,-999,-999
100080,LAGUNAS,1970,11,20,0.0,-999,-999
100080,LAGUNAS,1970,11,21,0.0,-999,-999
100080,LAGUNAS,1970,11,22,39.0,-999,-999
100080,LAGUNAS,1970,11,23,0.0,-999,-999
100080,LAGUNAS,1970,11,24,0.0,-999,-999
100080,LAGUNAS,1970,11,25,0.0,-999,-999
100080,LAGUNAS,1970,11,26,10.0,-999,-999
100080,LAGUNAS,1970,11,27,0.0,-999,-999
100080,LAGUNAS,1970,11,28,18.0,-999,-999
100080,LAGUNAS,1970,11,29,19.0,-999,-999
100080,LAGUNAS,1970,11,30,0.0,-999,-999
100080,LAGUNAS,1970,12,01,0.0,-999,-999
100080,LAGUNAS,1970,12,02,0.0,-999,-999
100080,LAGUNAS,1970,12,03,10.0,-999,-999
100080,LAGUNAS,1970,12,04,0.0,-999,-999
100080,LAGUNAS,1970,12,05,7.0,-999,-999
100080,LAGUNAS,1970,12,06,0.0,-999,-999
100080,LAGUNAS,1970,12,07,20.0,-999,-999
100080,LAGUNAS,1970,12,08,0.0,-999,-999
100080,LAGUNAS,1970,12,09,0.0,-999,-999
100080,LAGUNAS,1970,12,10,0.0,-999,-999
100080,LAGUNAS,1970,12,11,0.0,-999,-999
100080,LAGUNAS,1970,12,12,12.0,-999,-999
100080,LAGUNAS,1970,12,13,10.0,-999,-999
100080,LAGUNAS,1970,12,14,0.0,-999,-999
100080,LAGUNAS,1970,12,15,0.0,-999,-999
100080,LAGUNAS,1970,12,16,0.0,-999,-999
100080,LAGUNAS,1970,12,17,0.0,-999,-999
100080,LAGUNAS,1970,12,18,15.0,-999,-999
100080,LAGUNAS,1970,12,19,0.0,-999,-999
100080,LAGUNAS,1970,12,20,0.0,-999,-999
100080,LAGUNAS,1970,12,21,0.0,-999,-999
100080,LAGUNAS,1970,12,22,11.0,-999,-999
100080,LAGUNAS,1970,12,23,0.0,-999,-999
100080,LAGUNAS,1970,12,24,58.0,-999,-999
100080,LAGUNAS,1970,12,25,18.0,-999,-999
100080,LAGUNAS,1970,12,26,25.0,-999,-999
100080,LAGUNAS,1970,12,27,39.0,-999,-999
100080,LAGUNAS,1970,12,28,0.0,-999,-999
100080,LAGUNAS,1970,12,29,18.0,-999,-999
100080,LAGUNAS,1970,12,30,0.0,-999,-999
100080,LAGUNAS,1970,12,31,0.0,-999,-999
100080,LAGUNAS,1971,01,01,0.0,-999,-999
100080,LAGUNAS,1971,01,02,0.0,-999,-999
100080,LAGUNAS,1971,01,03,25.0,-999,-999
100080,LAGUNAS,1971,01,04,0.0,-999,-999
100080,LAGUNAS,1971,01,05,20.0,-999,-999
100080,LAGUNAS,1971,01,06,0.0,-999,-999
100080,LAGUNAS,1971,01,07,0.0,-999,-999
100080,LAGUNAS,1971,01,08,22.0,-999,-999
100080,LAGUNAS,1971,01,09,0.0,-999,-999
100080,LAGUNAS,1971,01,10,0.0,-999,-999
100080,LAGUNAS,1971,01,11,10.0,-999,-999
100080,LAGUNAS,1971,01,12,0.0,-999,-999
100080,LAGUNAS,1971,01,13,0.0,-999,-999
100080,LAGUNAS,1971,01,14,15.0,-999,-999
100080,LAGUNAS,1971,01,15,0.0,-999,-999
100080,LAGUNAS,1971,01,16,0.0,-999,-999
100080,LAGUNAS,1971,01,17,20.0,-999,-999
100080,LAGUNAS,1971,01,18,0.0,-999,-999
100080,LAGUNAS,1971,01,19,0.0,-999,-999
100080,LAGUNAS,1971,01,20,0.0,-999,-999
100080,LAGUNAS,1971,01,21,20.0,-999,-999
100080,LAGUNAS,1971,01,22,0.0,-999,-999
100080,LAGUNAS,1971,01,23,0.0,-999,-999
100080,LAGUNAS,1971,01,24,10.0,-999,-999
100080,LAGUNAS,1971,01,25,0.0,-999,-999
100080,LAGUNAS,1971,01,26,18.0,-999,-999
100080,LAGUNAS,1971,01,27,16.0,-999,-999
100080,LAGUNAS,1971,01,28,0.0,-999,-999
100080,LAGUNAS,1971,01,29,19.0,-999,-999
100080,LAGUNAS,1971,01,30,16.0,-999,-999
100080,LAGUNAS,1971,01,31,0.0,-999,-999
100080,LAGUNAS,1971,02,01,5.0,-999,-999
100080,LAGUNAS,1971,02,02,0.0,-999,-999
100080,LAGUNAS,1971,02,03,0.0,-999,-999
100080,LAGUNAS,1971,02,04,0.0,-999,-999
100080,LAGUNAS,1971,02,05,0.0,-999,-999
100080,LAGUNAS,1971,02,06,75.0,-999,-999
100080,LAGUNAS,1971,02,07,26.0,-999,-999
100080,LAGUNAS,1971,02,08,0.0,-999,-999
100080,LAGUNAS,1971,02,09,17.0,-999,-999
100080,LAGUNAS,1971,02,10,0.0,-999,-999
100080,LAGUNAS,1971,02,11,20.0,-999,-999
100080,LAGUNAS,1971,02,12,0.0,-999,-999
100080,LAGUNAS,1971,02,13,0.0,-999,-999
100080,LAGUNAS,1971,02,14,16.0,-999,-999
100080,LAGUNAS,1971,02,15,0.0,-999,-999
100080,LAGUNAS,1971,02,16,68.0,-999,-999
100080,LAGUNAS,1971,02,17,0.0,-999,-999
100080,LAGUNAS,1971,02,18,0.0,-999,-999
100080,LAGUNAS,1971,02,19,45.0,-999,-999
100080,LAGUNAS,1971,02,20,50.0,-999,-999
100080,LAGUNAS,1971,02,21,40.0,-999,-999
100080,LAGUNAS,1971,02,22,0.0,-999,-999
100080,LAGUNAS,1971,02,23,0.0,-999,-999
100080,LAGUNAS,1971,02,24,0.0,-999,-999
100080,LAGUNAS,1971,02,25,0.0,-999,-999
100080,LAGUNAS,1971,02,26,0.0,-999,-999
100080,LAGUNAS,1971,02,27,23.0,-999,-999
100080,LAGUNAS,1971,02,28,0.0,-999,-999
100080,LAGUNAS,1971,03,01,0.0,-999,-999
100080,LAGUNAS,1971,03,02,30.0,-999,-999
100080,LAGUNAS,1971,03,03,0.0,-999,-999
100080,LAGUNAS,1971,03,04,0.0,-999,-999
100080,LAGUNAS,1971,03,05,10.0,-999,-999
100080,LAGUNAS,1971,03,06,0.0,-999,-999
100080,LAGUNAS,1971,03,07,5.0,-999,-999
100080,LAGUNAS,1971,03,08,0.0,-999,-999
100080,LAGUNAS,1971,03,09,0.0,-999,-999
100080,LAGUNAS,1971,03,10,0.0,-999,-999
100080,LAGUNAS,1971,03,11,0.0,-999,-999
100080,LAGUNAS,1971,03,12,0.0,-999,-999
100080,LAGUNAS,1971,03,13,0.0,-999,-999
100080,LAGUNAS,1971,03,14,2.5,-999,-999
100080,LAGUNAS,1971,03,15,0.0,-999,-999
100080,LAGUNAS,1971,03,16,2.5,-999,-999
100080,LAGUNAS,1971,03,17,2.0,-999,-999
100080,LAGUNAS,1971,03,18,0.0,-999,-999
100080,LAGUNAS,1971,03,19,0.0,-999,-999
100080,LAGUNAS,1971,03,20,18.0,-999,-999
100080,LAGUNAS,1971,03,21,0.0,-999,-999
100080,LAGUNAS,1971,03,22,0.7,-999,-999
100080,LAGUNAS,1971,03,23,0.0,-999,-999
100080,LAGUNAS,1971,03,24,0.0,-999,-999
100080,LAGUNAS,1971,03,25,0.0,-999,-999
100080,LAGUNAS,1971,03,26,10.0,-999,-999
100080,LAGUNAS,1971,03,27,0.0,-999,-999
100080,LAGUNAS,1971,03,28,0.0,-999,-999
100080,LAGUNAS,1971,03,29,1.0,-999,-999
100080,LAGUNAS,1971,03,30,0.0,-999,-999
100080,LAGUNAS,1971,03,31,0.0,-999,-999
100080,LAGUNAS,1971,04,01,0.0,-999,-999
100080,LAGUNAS,1971,04,02,25.0,-999,-999
100080,LAGUNAS,1971,04,03,0.0,-999,-999
100080,LAGUNAS,1971,04,04,1.5,-999,-999
100080,LAGUNAS,1971,04,05,0.0,-999,-999
100080,LAGUNAS,1971,04,06,0.0,-999,-999
100080,LAGUNAS,1971,04,07,2.5,-999,-999
100080,LAGUNAS,1971,04,08,0.0,-999,-999
100080,LAGUNAS,1971,04,09,0.0,-999,-999
100080,LAGUNAS,1971,04,10,0.0,-999,-999
100080,LAGUNAS,1971,04,11,1.5,-999,-999
100080,LAGUNAS,1971,04,12,0.0,-999,-999
100080,LAGUNAS,1971,04,13,0.0,-999,-999
100080,LAGUNAS,1971,04,14,0.0,-999,-999
100080,LAGUNAS,1971,04,15,0.0,-999,-999
100080,LAGUNAS,1971,04,16,0.0,-999,-999
100080,LAGUNAS,1971,04,17,0.0,-999,-999
100080,LAGUNAS,1971,04,18,0.0,-999,-999
100080,LAGUNAS,1971,04,19,0.0,-999,-999
100080,LAGUNAS,1971,04,20,0.0,-999,-999
100080,LAGUNAS,1971,04,21,0.0,-999,-999
100080,LAGUNAS,1971,04,22,1.0,-999,-999
100080,LAGUNAS,1971,04,23,0.0,-999,-999
100080,LAGUNAS,1971,04,24,0.0,-999,-999
100080,LAGUNAS,1971,04,25,0.0,-999,-999
100080,LAGUNAS,1971,04,26,5.0,-999,-999
100080,LAGUNAS,1971,04,27,0.0,-999,-999
100080,LAGUNAS,1971,04,28,20.0,-999,-999
100080,LAGUNAS,1971,04,29,0.0,-999,-999
100080,LAGUNAS,1971,04,30,0.0,-999,-999
100080,LAGUNAS,1971,05,01,1.0,-999,-999
100080,LAGUNAS,1971,05,02,1.0,-999,-999
100080,LAGUNAS,1971,05,03,0.0,-999,-999
100080,LAGUNAS,1971,05,04,1.5,-999,-999
100080,LAGUNAS,1971,05,05,0.0,-999,-999
100080,LAGUNAS,1971,05,06,0.0,-999,-999
100080,LAGUNAS,1971,05,07,1.8,-999,-999
100080,LAGUNAS,1971,05,08,0.0,-999,-999
100080,LAGUNAS,1971,05,09,0.0,-999,-999
100080,LAGUNAS,1971,05,10,0.0,-999,-999
100080,LAGUNAS,1971,05,11,0.0,-999,-999
100080,LAGUNAS,1971,05,12,2.0,-999,-999
100080,LAGUNAS,1971,05,13,0.0,-999,-999
100080,LAGUNAS,1971,05,14,0.0,-999,-999
100080,LAGUNAS,1971,05,15,0.0,-999,-999
100080,LAGUNAS,1971,05,16,0.0,-999,-999
100080,LAGUNAS,1971,05,17,1.0,-999,-999
100080,LAGUNAS,1971,05,18,0.0,-999,-999
100080,LAGUNAS,1971,05,19,0.0,-999,-999
100080,LAGUNAS,1971,05,20,2.0,-999,-999
100080,LAGUNAS,1971,05,21,0.0,-999,-999
100080,LAGUNAS,1971,05,22,2.5,-999,-999
100080,LAGUNAS,1971,05,23,0.0,-999,-999
100080,LAGUNAS,1971,05,24,1.7,-999,-999
100080,LAGUNAS,1971,05,25,1.0,-999,-999
100080,LAGUNAS,1971,05,26,0.0,-999,-999
100080,LAGUNAS,1971,05,27,1.0,-999,-999
100080,LAGUNAS,1971,05,28,0.0,-999,-999
100080,LAGUNAS,1971,05,29,0.0,-999,-999
100080,LAGUNAS,1971,05,30,0.0,-999,-999
100080,LAGUNAS,1971,05,31,0.0,-999,-999
100080,LAGUNAS,1971,06,01,0.0,-999,-999
100080,LAGUNAS,1971,06,02,23.0,-999,-999
100080,LAGUNAS,1971,06,03,0.0,-999,-999
100080,LAGUNAS,1971,06,04,17.0,-999,-999
100080,LAGUNAS,1971,06,05,0.0,-999,-999
100080,LAGUNAS,1971,06,06,15.0,-999,-999
100080,LAGUNAS,1971,06,07,0.0,-999,-999
100080,LAGUNAS,1971,06,08,12.0,-999,-999
100080,LAGUNAS,1971,06,09,12.0,-999,-999
100080,LAGUNAS,1971,06,10,0.0,-999,-999
100080,LAGUNAS,1971,06,11,15.0,-999,-999
100080,LAGUNAS,1971,06,12,0.0,-999,-999
100080,LAGUNAS,1971,06,13,0.0,-999,-999
100080,LAGUNAS,1971,06,14,0.0,-999,-999
100080,LAGUNAS,1971,06,15,12.0,-999,-999
100080,LAGUNAS,1971,06,16,0.0,-999,-999
100080,LAGUNAS,1971,06,17,0.0,-999,-999
100080,LAGUNAS,1971,06,18,5.0,-999,-999
100080,LAGUNAS,1971,06,19,0.0,-999,-999
100080,LAGUNAS,1971,06,20,0.0,-999,-999
100080,LAGUNAS,1971,06,21,0.0,-999,-999
100080,LAGUNAS,1971,06,22,22.0,-999,-999
100080,LAGUNAS,1971,06,23,0.0,-999,-999
100080,LAGUNAS,1971,06,24,0.0,-999,-999
100080,LAGUNAS,1971,06,25,0.0,-999,-999
100080,LAGUNAS,1971,06,26,15.0,-999,-999
100080,LAGUNAS,1971,06,27,0.0,-999,-999
100080,LAGUNAS,1971,06,28,10.0,-999,-999
100080,LAGUNAS,1971,06,29,0.0,-999,-999
100080,LAGUNAS,1971,06,30,0.0,-999,-999
100080,LAGUNAS,1971,07,01,0.0,-999,-999
100080,LAGUNAS,1971,07,02,10.0,-999,-999
100080,LAGUNAS,1971,07,03,0.0,-999,-999
100080,LAGUNAS,1971,07,04,0.0,-999,-999
100080,LAGUNAS,1971,07,05,0.0,-999,-999
100080,LAGUNAS,1971,07,06,0.5,-999,-999
100080,LAGUNAS,1971,07,07,0.0,-999,-999
100080,LAGUNAS,1971,07,08,15.0,-999,-999
100080,LAGUNAS,1971,07,09,0.0,-999,-999
100080,LAGUNAS,1971,07,10,0.0,-999,-999
100080,LAGUNAS,1971,07,11,14.0,-999,-999
100080,LAGUNAS,1971,07,12,0.0,-999,-999
100080,LAGUNAS,1971,07,13,0.0,-999,-999
100080,LAGUNAS,1971,07,14,0.0,-999,-999
100080,LAGUNAS,1971,07,15,0.0,-999,-999
100080,LAGUNAS,1971,07,16,0.0,-999,-999
100080,LAGUNAS,1971,07,17,0.0,-999,-999
100080,LAGUNAS,1971,07,18,0.0,-999,-999
100080,LAGUNAS,1971,07,19,29.0,-999,-999
100080,LAGUNAS,1971,07,20,0.0,-999,-999
100080,LAGUNAS,1971,07,21,0.0,-999,-999
100080,LAGUNAS,1971,07,22,0.0,-999,-999
100080,LAGUNAS,1971,07,23,25.0,-999,-999
100080,LAGUNAS,1971,07,24,0.0,-999,-999
100080,LAGUNAS,1971,07,25,0.0,-999,-999
100080,LAGUNAS,1971,07,26,15.0,-999,-999
100080,LAGUNAS,1971,07,27,0.0,-999,-999
100080,LAGUNAS,1971,07,28,0.0,-999,-999
100080,LAGUNAS,1971,07,29,19.0,-999,-999
100080,LAGUNAS,1971,07,30,0.0,-999,-999
100080,LAGUNAS,1971,07,31,0.0,-999,-999
100080,LAGUNAS,1971,08,01,0.0,-999,-999
100080,LAGUNAS,1971,08,02,0.0,-999,-999
100080,LAGUNAS,1971,08,03,0.9,-999,-999
100080,LAGUNAS,1971,08,04,0.0,-999,-999
100080,LAGUNAS,1971,08,05,0.8,-999,-999
100080,LAGUNAS,1971,08,06,0.0,-999,-999
100080,LAGUNAS,1971,08,07,0.0,-999,-999
100080,LAGUNAS,1971,08,08,18.0,-999,-999
100080,LAGUNAS,1971,08,09,0.0,-999,-999
100080,LAGUNAS,1971,08,10,0.0,-999,-999
100080,LAGUNAS,1971,08,11,0.0,-999,-999
100080,LAGUNAS,1971,08,12,20.0,-999,-999
100080,LAGUNAS,1971,08,13,0.0,-999,-999
100080,LAGUNAS,1971,08,14,0.0,-999,-999
100080,LAGUNAS,1971,08,15,0.0,-999,-999
100080,LAGUNAS,1971,08,16,25.0,-999,-999
100080,LAGUNAS,1971,08,17,0.0,-999,-999
100080,LAGUNAS,1971,08,18,0.0,-999,-999
100080,LAGUNAS,1971,08,19,15.0,-999,-999
100080,LAGUNAS,1971,08,20,0.0,-999,-999
100080,LAGUNAS,1971,08,21,0.0,-999,-999
100080,LAGUNAS,1971,08,22,0.0,-999,-999
100080,LAGUNAS,1971,08,23,18.0,-999,-999
100080,LAGUNAS,1971,08,24,0.0,-999,-999
100080,LAGUNAS,1971,08,25,0.0,-999,-999
100080,LAGUNAS,1971,08,26,0.0,-999,-999
100080,LAGUNAS,1971,08,27,0.0,-999,-999
100080,LAGUNAS,1971,08,28,0.0,-999,-999
100080,LAGUNAS,1971,08,29,0.0,-999,-999
100080,LAGUNAS,1971,08,30,0.0,-999,-999
100080,LAGUNAS,1971,08,31,0.0,-999,-999
100080,LAGUNAS,1971,09,01,0.0,-999,-999
100080,LAGUNAS,1971,09,02,0.0,-999,-999
100080,LAGUNAS,1971,09,03,22.0,-999,-999
100080,LAGUNAS,1971,09,04,0.0,-999,-999
100080,LAGUNAS,1971,09,05,0.0,-999,-999
100080,LAGUNAS,1971,09,06,21.0,-999,-999
100080,LAGUNAS,1971,09,07,0.0,-999,-999
100080,LAGUNAS,1971,09,08,18.0,-999,-999
100080,LAGUNAS,1971,09,09,0.0,-999,-999
100080,LAGUNAS,1971,09,10,0.0,-999,-999
100080,LAGUNAS,1971,09,11,0.0,-999,-999
100080,LAGUNAS,1971,09,12,16.0,-999,-999
100080,LAGUNAS,1971,09,13,0.0,-999,-999
100080,LAGUNAS,1971,09,14,0.0,-999,-999
100080,LAGUNAS,1971,09,15,0.0,-999,-999
100080,LAGUNAS,1971,09,16,10.0,-999,-999
100080,LAGUNAS,1971,09,17,0.0,-999,-999
100080,LAGUNAS,1971,09,18,0.0,-999,-999
100080,LAGUNAS,1971,09,19,15.0,-999,-999
100080,LAGUNAS,1971,09,20,0.0,-999,-999
100080,LAGUNAS,1971,09,21,0.0,-999,-999
100080,LAGUNAS,1971,09,22,0.0,-999,-999
100080,LAGUNAS,1971,09,23,35.0,-999,-999
100080,LAGUNAS,1971,09,24,0.0,-999,-999
100080,LAGUNAS,1971,09,25,0.0,-999,-999
100080,LAGUNAS,1971,09,26,0.0,-999,-999
100080,LAGUNAS,1971,09,27,0.0,-999,-999
100080,LAGUNAS,1971,09,28,0.0,-999,-999
100080,LAGUNAS,1971,09,29,0.0,-999,-999
100080,LAGUNAS,1971,09,30,0.0,-999,-999
100080,LAGUNAS,1971,10,01,0.0,-999,-999
100080,LAGUNAS,1971,10,02,0.0,-999,-999
100080,LAGUNAS,1971,10,03,13.0,-999,-999
100080,LAGUNAS,1971,10,04,0.0,-999,-999
100080,LAGUNAS,1971,10,05,0.6,-999,-999
100080,LAGUNAS,1971,10,06,0.0,-999,-999
100080,LAGUNAS,1971,10,07,0.0,-999,-999
100080,LAGUNAS,1971,10,08,0.0,-999,-999
100080,LAGUNAS,1971,10,09,0.0,-999,-999
100080,LAGUNAS,1971,10,10,11.3,-999,-999
100080,LAGUNAS,1971,10,11,36.0,-999,-999
100080,LAGUNAS,1971,10,12,0.0,-999,-999
100080,LAGUNAS,1971,10,13,0.0,-999,-999
100080,LAGUNAS,1971,10,14,0.0,-999,-999
100080,LAGUNAS,1971,10,15,0.0,-999,-999
100080,LAGUNAS,1971,10,16,13.0,-999,-999
100080,LAGUNAS,1971,10,17,0.0,-999,-999
100080,LAGUNAS,1971,10,18,0.0,-999,-999
100080,LAGUNAS,1971,10,19,0.0,-999,-999
100080,LAGUNAS,1971,10,20,0.6,-999,-999
100080,LAGUNAS,1971,10,21,0.0,-999,-999
100080,LAGUNAS,1971,10,22,0.0,-999,-999
100080,LAGUNAS,1971,10,23,0.0,-999,-999
100080,LAGUNAS,1971,10,24,15.0,-999,-999
100080,LAGUNAS,1971,10,25,20.0,-999,-999
100080,LAGUNAS,1971,10,26,0.0,-999,-999
100080,LAGUNAS,1971,10,27,0.0,-999,-999
100080,LAGUNAS,1971,10,28,0.0,-999,-999
100080,LAGUNAS,1971,10,29,0.0,-999,-999
100080,LAGUNAS,1971,10,30,13.0,-999,-999
100080,LAGUNAS,1971,10,31,0.0,-999,-999
100080,LAGUNAS,1971,11,01,8.0,-999,-999
100080,LAGUNAS,1971,11,02,0.0,-999,-999
100080,LAGUNAS,1971,11,03,0.0,-999,-999
100080,LAGUNAS,1971,11,04,0.0,-999,-999
100080,LAGUNAS,1971,11,05,0.0,-999,-999
100080,LAGUNAS,1971,11,06,0.0,-999,-999
100080,LAGUNAS,1971,11,07,14.0,-999,-999
100080,LAGUNAS,1971,11,08,18.0,-999,-999
100080,LAGUNAS,1971,11,09,0.0,-999,-999
100080,LAGUNAS,1971,11,10,0.0,-999,-999
100080,LAGUNAS,1971,11,11,0.0,-999,-999
100080,LAGUNAS,1971,11,12,0.0,-999,-999
100080,LAGUNAS,1971,11,13,0.0,-999,-999
100080,LAGUNAS,1971,11,14,0.0,-999,-999
100080,LAGUNAS,1971,11,15,0.0,-999,-999
100080,LAGUNAS,1971,11,16,11.3,-999,-999
100080,LAGUNAS,1971,11,17,0.0,-999,-999
100080,LAGUNAS,1971,11,18,0.0,-999,-999
100080,LAGUNAS,1971,11,19,11.3,-999,-999
100080,LAGUNAS,1971,11,20,0.0,-999,-999
100080,LAGUNAS,1971,11,21,19.0,-999,-999
100080,LAGUNAS,1971,11,22,0.0,-999,-999
100080,LAGUNAS,1971,11,23,14.0,-999,-999
100080,LAGUNAS,1971,11,24,9.0,-999,-999
100080,LAGUNAS,1971,11,25,0.0,-999,-999
100080,LAGUNAS,1971,11,26,0.0,-999,-999
100080,LAGUNAS,1971,11,27,0.0,-999,-999
100080,LAGUNAS,1971,11,28,15.0,-999,-999
100080,LAGUNAS,1971,11,29,8.0,-999,-999
100080,LAGUNAS,1971,11,30,83.0,-999,-999
100080,LAGUNAS,1971,12,01,0.0,-999,-999
100080,LAGUNAS,1971,12,02,0.0,-999,-999
100080,LAGUNAS,1971,12,03,10.0,-999,-999
100080,LAGUNAS,1971,12,04,8.0,-999,-999
100080,LAGUNAS,1971,12,05,0.0,-999,-999
100080,LAGUNAS,1971,12,06,0.0,-999,-999
100080,LAGUNAS,1971,12,07,0.0,-999,-999
100080,LAGUNAS,1971,12,08,0.0,-999,-999
100080,LAGUNAS,1971,12,09,0.0,-999,-999
100080,LAGUNAS,1971,12,10,0.0,-999,-999
100080,LAGUNAS,1971,12,11,193.0,-999,-999
100080,LAGUNAS,1971,12,12,0.0,-999,-999
100080,LAGUNAS,1971,12,13,0.0,-999,-999
100080,LAGUNAS,1971,12,14,0.0,-999,-999
100080,LAGUNAS,1971,12,15,0.0,-999,-999
100080,LAGUNAS,1971,12,16,0.0,-999,-999
100080,LAGUNAS,1971,12,17,0.0,-999,-999
100080,LAGUNAS,1971,12,18,0.0,-999,-999
100080,LAGUNAS,1971,12,19,0.0,-999,-999
100080,LAGUNAS,1971,12,20,9.0,-999,-999
100080,LAGUNAS,1971,12,21,0.0,-999,-999
100080,LAGUNAS,1971,12,22,0.0,-999,-999
100080,LAGUNAS,1971,12,23,0.0,-999,-999
100080,LAGUNAS,1971,12,24,15.0,-999,-999
100080,LAGUNAS,1971,12,25,0.0,-999,-999
100080,LAGUNAS,1971,12,26,0.0,-999,-999
100080,LAGUNAS,1971,12,27,0.0,-999,-999
100080,LAGUNAS,1971,12,28,12.0,-999,-999
100080,LAGUNAS,1971,12,29,0.0,-999,-999
100080,LAGUNAS,1971,12,30,0.0,-999,-999
100080,LAGUNAS,1971,12,31,0.0,-999,-999
100080,LAGUNAS,1972,01,01,0.0,-999,-999
100080,LAGUNAS,1972,01,02,0.7,-999,-999
100080,LAGUNAS,1972,01,03,0.0,-999,-999
100080,LAGUNAS,1972,01,04,0.8,-999,-999
100080,LAGUNAS,1972,01,05,0.0,-999,-999
100080,LAGUNAS,1972,01,06,35.0,-999,-999
100080,LAGUNAS,1972,01,07,0.6,-999,-999
100080,LAGUNAS,1972,01,08,0.4,-999,-999
100080,LAGUNAS,1972,01,09,13.0,-999,-999
100080,LAGUNAS,1972,01,10,0.0,-999,-999
100080,LAGUNAS,1972,01,11,0.0,-999,-999
100080,LAGUNAS,1972,01,12,0.0,-999,-999
100080,LAGUNAS,1972,01,13,0.0,-999,-999
100080,LAGUNAS,1972,01,14,0.0,-999,-999
100080,LAGUNAS,1972,01,15,0.0,-999,-999
100080,LAGUNAS,1972,01,16,0.0,-999,-999
100080,LAGUNAS,1972,01,17,0.8,-999,-999
100080,LAGUNAS,1972,01,18,0.8,-999,-999
100080,LAGUNAS,1972,01,19,0.5,-999,-999
100080,LAGUNAS,1972,01,20,0.0,-999,-999
100080,LAGUNAS,1972,01,21,0.0,-999,-999
100080,LAGUNAS,1972,01,22,0.0,-999,-999
100080,LAGUNAS,1972,01,23,0.0,-999,-999
100080,LAGUNAS,1972,01,24,0.0,-999,-999
100080,LAGUNAS,1972,01,25,0.0,-999,-999
100080,LAGUNAS,1972,01,26,0.0,-999,-999
100080,LAGUNAS,1972,01,27,0.0,-999,-999
100080,LAGUNAS,1972,01,28,0.0,-999,-999
100080,LAGUNAS,1972,01,29,20.0,-999,-999
100080,LAGUNAS,1972,01,30,0.0,-999,-999
100080,LAGUNAS,1972,01,31,0.0,-999,-999
100080,LAGUNAS,1972,02,01,8.0,-999,-999
100080,LAGUNAS,1972,02,02,0.0,-999,-999
100080,LAGUNAS,1972,02,03,0.0,-999,-999
100080,LAGUNAS,1972,02,04,0.0,-999,-999
100080,LAGUNAS,1972,02,05,0.0,-999,-999
100080,LAGUNAS,1972,02,06,0.0,-999,-999
100080,LAGUNAS,1972,02,07,0.0,-999,-999
100080,LAGUNAS,1972,02,08,0.0,-999,-999
100080,LAGUNAS,1972,02,09,0.0,-999,-999
100080,LAGUNAS,1972,02,10,0.0,-999,-999
100080,LAGUNAS,1972,02,11,0.0,-999,-999
100080,LAGUNAS,1972,02,12,0.0,-999,-999
100080,LAGUNAS,1972,02,13,11.3,-999,-999
100080,LAGUNAS,1972,02,14,0.0,-999,-999
100080,LAGUNAS,1972,02,15,0.0,-999,-999
100080,LAGUNAS,1972,02,16,0.0,-999,-999
100080,LAGUNAS,1972,02,17,10.3,-999,-999
100080,LAGUNAS,1972,02,18,0.0,-999,-999
100080,LAGUNAS,1972,02,19,0.0,-999,-999
100080,LAGUNAS,1972,02,20,0.0,-999,-999
100080,LAGUNAS,1972,02,21,14.0,-999,-999
100080,LAGUNAS,1972,02,22,0.0,-999,-999
100080,LAGUNAS,1972,02,23,0.0,-999,-999
100080,LAGUNAS,1972,02,24,0.0,-999,-999
100080,LAGUNAS,1972,02,25,17.0,-999,-999
100080,LAGUNAS,1972,02,26,19.0,-999,-999
100080,LAGUNAS,1972,02,27,0.0,-999,-999
100080,LAGUNAS,1972,02,28,0.0,-999,-999
100080,LAGUNAS,1972,02,29,0.0,-999,-999
100080,LAGUNAS,1972,03,01,15.0,-999,-999
100080,LAGUNAS,1972,03,02,9.0,-999,-999
100080,LAGUNAS,1972,03,03,10.0,-999,-999
100080,LAGUNAS,1972,03,04,0.0,-999,-999
100080,LAGUNAS,1972,03,05,0.0,-999,-999
100080,LAGUNAS,1972,03,06,22.0,-999,-999
100080,LAGUNAS,1972,03,07,0.0,-999,-999
100080,LAGUNAS,1972,03,08,0.0,-999,-999
100080,LAGUNAS,1972,03,09,0.0,-999,-999
100080,LAGUNAS,1972,03,10,0.0,-999,-999
100080,LAGUNAS,1972,03,11,9.0,-999,-999
100080,LAGUNAS,1972,03,12,0.0,-999,-999
100080,LAGUNAS,1972,03,13,11.0,-999,-999
100080,LAGUNAS,1972,03,14,0.0,-999,-999
100080,LAGUNAS,1972,03,15,13.0,-999,-999
100080,LAGUNAS,1972,03,16,0.0,-999,-999
100080,LAGUNAS,1972,03,17,0.0,-999,-999
100080,LAGUNAS,1972,03,18,20.0,-999,-999
100080,LAGUNAS,1972,03,19,7.0,-999,-999
100080,LAGUNAS,1972,03,20,0.0,-999,-999
100080,LAGUNAS,1972,03,21,20.0,-999,-999
100080,LAGUNAS,1972,03,22,0.0,-999,-999
100080,LAGUNAS,1972,03,23,4.0,-999,-999
100080,LAGUNAS,1972,03,24,0.0,-999,-999
100080,LAGUNAS,1972,03,25,6.0,-999,-999
100080,LAGUNAS,1972,03,26,0.0,-999,-999
100080,LAGUNAS,1972,03,27,10.0,-999,-999
100080,LAGUNAS,1972,03,28,0.0,-999,-999
100080,LAGUNAS,1972,03,29,15.0,-999,-999
100080,LAGUNAS,1972,03,30,10.0,-999,-999
100080,LAGUNAS,1972,03,31,18.0,-999,-999
100080,LAGUNAS,1972,04,01,0.0,-999,-999
100080,LAGUNAS,1972,04,02,0.0,-999,-999
100080,LAGUNAS,1972,04,03,0.0,-999,-999
100080,LAGUNAS,1972,04,04,0.0,-999,-999
100080,LAGUNAS,1972,04,05,0.0,-999,-999
100080,LAGUNAS,1972,04,06,12.0,-999,-999
100080,LAGUNAS,1972,04,07,0.0,-999,-999
100080,LAGUNAS,1972,04,08,0.0,-999,-999
100080,LAGUNAS,1972,04,09,0.0,-999,-999
100080,LAGUNAS,1972,04,10,0.0,-999,-999
100080,LAGUNAS,1972,04,11,10.0,-999,-999
100080,LAGUNAS,1972,04,12,0.0,-999,-999
100080,LAGUNAS,1972,04,13,0.0,-999,-999
100080,LAGUNAS,1972,04,14,0.0,-999,-999
100080,LAGUNAS,1972,04,15,0.0,-999,-999
100080,LAGUNAS,1972,04,16,0.0,-999,-999
100080,LAGUNAS,1972,04,17,0.0,-999,-999
100080,LAGUNAS,1972,04,18,0.0,-999,-999
100080,LAGUNAS,1972,04,19,11.0,-999,-999
100080,LAGUNAS,1972,04,20,0.0,-999,-999
100080,LAGUNAS,1972,04,21,0.9,-999,-999
100080,LAGUNAS,1972,04,22,0.0,-999,-999
100080,LAGUNAS,1972,04,23,0.0,-999,-999
100080,LAGUNAS,1972,04,24,0.0,-999,-999
100080,LAGUNAS,1972,04,25,21.0,-999,-999
100080,LAGUNAS,1972,04,26,0.0,-999,-999
100080,LAGUNAS,1972,04,27,0.0,-999,-999
100080,LAGUNAS,1972,04,28,0.0,-999,-999
100080,LAGUNAS,1972,04,29,0.0,-999,-999
100080,LAGUNAS,1972,04,30,0.0,-999,-999
100080,LAGUNAS,1972,05,01,0.0,-999,-999
100080,LAGUNAS,1972,05,02,0.0,-999,-999
100080,LAGUNAS,1972,05,03,0.0,-999,-999
100080,LAGUNAS,1972,05,04,0.0,-999,-999
100080,LAGUNAS,1972,05,05,0.0,-999,-999
100080,LAGUNAS,1972,05,06,0.0,-999,-999
100080,LAGUNAS,1972,05,07,11.0,-999,-999
100080,LAGUNAS,1972,05,08,0.0,-999,-999
100080,LAGUNAS,1972,05,09,0.0,-999,-999
100080,LAGUNAS,1972,05,10,0.0,-999,-999
100080,LAGUNAS,1972,05,11,14.0,-999,-999
100080,LAGUNAS,1972,05,12,0.0,-999,-999
100080,LAGUNAS,1972,05,13,10.0,-999,-999
100080,LAGUNAS,1972,05,14,0.0,-999,-999
100080,LAGUNAS,1972,05,15,9.0,-999,-999
100080,LAGUNAS,1972,05,16,10.0,-999,-999
100080,LAGUNAS,1972,05,17,0.0,-999,-999
100080,LAGUNAS,1972,05,18,0.0,-999,-999
100080,LAGUNAS,1972,05,19,0.0,-999,-999
100080,LAGUNAS,1972,05,20,0.0,-999,-999
100080,LAGUNAS,1972,05,21,0.0,-999,-999
100080,LAGUNAS,1972,05,22,0.0,-999,-999
100080,LAGUNAS,1972,05,23,13.0,-999,-999
100080,LAGUNAS,1972,05,24,0.0,-999,-999
100080,LAGUNAS,1972,05,25,0.0,-999,-999
100080,LAGUNAS,1972,05,26,0.0,-999,-999
100080,LAGUNAS,1972,05,27,0.0,-999,-999
100080,LAGUNAS,1972,05,28,0.0,-999,-999
100080,LAGUNAS,1972,05,29,7.0,-999,-999
100080,LAGUNAS,1972,05,30,0.0,-999,-999
100080,LAGUNAS,1972,05,31,0.0,-999,-999
100080,LAGUNAS,1972,06,01,0.0,-999,-999
100080,LAGUNAS,1972,06,02,0.0,-999,-999
100080,LAGUNAS,1972,06,03,15.0,-999,-999
100080,LAGUNAS,1972,06,04,0.0,-999,-999
100080,LAGUNAS,1972,06,05,13.0,-999,-999
100080,LAGUNAS,1972,06,06,0.0,-999,-999
100080,LAGUNAS,1972,06,07,7.0,-999,-999
100080,LAGUNAS,1972,06,08,0.0,-999,-999
100080,LAGUNAS,1972,06,09,0.0,-999,-999
100080,LAGUNAS,1972,06,10,0.0,-999,-999
100080,LAGUNAS,1972,06,11,0.0,-999,-999
100080,LAGUNAS,1972,06,12,0.0,-999,-999
100080,LAGUNAS,1972,06,13,0.0,-999,-999
100080,LAGUNAS,1972,06,14,0.0,-999,-999
100080,LAGUNAS,1972,06,15,18.0,-999,-999
100080,LAGUNAS,1972,06,16,16.0,-999,-999
100080,LAGUNAS,1972,06,17,10.0,-999,-999
100080,LAGUNAS,1972,06,18,0.0,-999,-999
100080,LAGUNAS,1972,06,19,8.0,-999,-999
100080,LAGUNAS,1972,06,20,0.0,-999,-999
100080,LAGUNAS,1972,06,21,14.0,-999,-999
100080,LAGUNAS,1972,06,22,56.0,-999,-999
100080,LAGUNAS,1972,06,23,0.0,-999,-999
100080,LAGUNAS,1972,06,24,16.8,-999,-999
100080,LAGUNAS,1972,06,25,0.0,-999,-999
100080,LAGUNAS,1972,06,26,0.0,-999,-999
100080,LAGUNAS,1972,06,27,10.0,-999,-999
100080,LAGUNAS,1972,06,28,0.0,-999,-999
100080,LAGUNAS,1972,06,29,0.0,-999,-999
100080,LAGUNAS,1972,06,30,18.0,-999,-999
100080,LAGUNAS,1972,07,01,0.0,-999,-999
100080,LAGUNAS,1972,07,02,0.0,-999,-999
100080,LAGUNAS,1972,07,03,0.0,-999,-999
100080,LAGUNAS,1972,07,04,9.0,-999,-999
100080,LAGUNAS,1972,07,05,0.0,-999,-999
100080,LAGUNAS,1972,07,06,0.0,-999,-999
100080,LAGUNAS,1972,07,07,7.0,-999,-999
100080,LAGUNAS,1972,07,08,9.0,-999,-999
100080,LAGUNAS,1972,07,09,0.0,-999,-999
100080,LAGUNAS,1972,07,10,6.0,-999,-999
100080,LAGUNAS,1972,07,11,0.0,-999,-999
100080,LAGUNAS,1972,07,12,0.0,-999,-999
100080,LAGUNAS,1972,07,13,0.0,-999,-999
100080,LAGUNAS,1972,07,14,0.0,-999,-999
100080,LAGUNAS,1972,07,15,0.0,-999,-999
100080,LAGUNAS,1972,07,16,14.0,-999,-999
100080,LAGUNAS,1972,07,17,0.0,-999,-999
100080,LAGUNAS,1972,07,18,0.0,-999,-999
100080,LAGUNAS,1972,07,19,0.0,-999,-999
100080,LAGUNAS,1972,07,20,0.0,-999,-999
100080,LAGUNAS,1972,07,21,0.0,-999,-999
100080,LAGUNAS,1972,07,22,15.0,-999,-999
100080,LAGUNAS,1972,07,23,0.0,-999,-999
100080,LAGUNAS,1972,07,24,0.0,-999,-999
100080,LAGUNAS,1972,07,25,17.0,-999,-999
100080,LAGUNAS,1972,07,26,0.0,-999,-999
100080,LAGUNAS,1972,07,27,14.0,-999,-999
100080,LAGUNAS,1972,07,28,0.0,-999,-999
100080,LAGUNAS,1972,07,29,11.0,-999,-999
100080,LAGUNAS,1972,07,30,0.0,-999,-999
100080,LAGUNAS,1972,07,31,6.0,-999,-999
100080,LAGUNAS,1972,08,01,0.0,-999,-999
100080,LAGUNAS,1972,08,02,0.0,-999,-999
100080,LAGUNAS,1972,08,03,7.0,-999,-999
100080,LAGUNAS,1972,08,04,0.0,-999,-999
100080,LAGUNAS,1972,08,05,14.0,-999,-999
100080,LAGUNAS,1972,08,06,0.0,-999,-999
100080,LAGUNAS,1972,08,07,10.0,-999,-999
100080,LAGUNAS,1972,08,08,0.0,-999,-999
100080,LAGUNAS,1972,08,09,9.0,-999,-999
100080,LAGUNAS,1972,08,10,0.0,-999,-999
100080,LAGUNAS,1972,08,11,0.0,-999,-999
100080,LAGUNAS,1972,08,12,11.0,-999,-999
100080,LAGUNAS,1972,08,13,0.0,-999,-999
100080,LAGUNAS,1972,08,14,0.0,-999,-999
100080,LAGUNAS,1972,08,15,0.0,-999,-999
100080,LAGUNAS,1972,08,16,0.0,-999,-999
100080,LAGUNAS,1972,08,17,0.0,-999,-999
100080,LAGUNAS,1972,08,18,0.0,-999,-999
100080,LAGUNAS,1972,08,19,13.0,-999,-999
100080,LAGUNAS,1972,08,20,19.0,-999,-999
100080,LAGUNAS,1972,08,21,0.0,-999,-999
100080,LAGUNAS,1972,08,22,12.0,-999,-999
100080,LAGUNAS,1972,08,23,19.0,-999,-999
100080,LAGUNAS,1972,08,24,0.0,-999,-999
100080,LAGUNAS,1972,08,25,0.0,-999,-999
100080,LAGUNAS,1972,08,26,0.0,-999,-999
100080,LAGUNAS,1972,08,27,0.0,-999,-999
100080,LAGUNAS,1972,08,28,13.0,-999,-999
100080,LAGUNAS,1972,08,29,0.0,-999,-999
100080,LAGUNAS,1972,08,30,10.0,-999,-999
100080,LAGUNAS,1972,08,31,0.0,-999,-999
100080,LAGUNAS,1972,09,01,0.0,-999,-999
100080,LAGUNAS,1972,09,02,0.0,-999,-999
100080,LAGUNAS,1972,09,03,13.0,-999,-999
100080,LAGUNAS,1972,09,04,15.0,-999,-999
100080,LAGUNAS,1972,09,05,0.0,-999,-999
100080,LAGUNAS,1972,09,06,0.0,-999,-999
100080,LAGUNAS,1972,09,07,0.0,-999,-999
100080,LAGUNAS,1972,09,08,0.0,-999,-999
100080,LAGUNAS,1972,09,09,0.0,-999,-999
100080,LAGUNAS,1972,09,10,0.0,-999,-999
100080,LAGUNAS,1972,09,11,0.0,-999,-999
100080,LAGUNAS,1972,09,12,17.0,-999,-999
100080,LAGUNAS,1972,09,13,0.0,-999,-999
100080,LAGUNAS,1972,09,14,0.0,-999,-999
100080,LAGUNAS,1972,09,15,0.0,-999,-999
100080,LAGUNAS,1972,09,16,0.0,-999,-999
100080,LAGUNAS,1972,09,17,30.0,-999,-999
100080,LAGUNAS,1972,09,18,0.0,-999,-999
100080,LAGUNAS,1972,09,19,0.0,-999,-999
100080,LAGUNAS,1972,09,20,0.0,-999,-999
100080,LAGUNAS,1972,09,21,0.0,-999,-999
100080,LAGUNAS,1972,09,22,0.0,-999,-999
100080,LAGUNAS,1972,09,23,0.0,-999,-999
100080,LAGUNAS,1972,09,24,0.0,-999,-999
100080,LAGUNAS,1972,09,25,0.0,-999,-999
100080,LAGUNAS,1972,09,26,10.0,-999,-999
100080,LAGUNAS,1972,09,27,0.0,-999,-999
100080,LAGUNAS,1972,09,28,0.0,-999,-999
100080,LAGUNAS,1972,09,29,0.0,-999,-999
100080,LAGUNAS,1972,09,30,20.0,-999,-999
100080,LAGUNAS,1972,10,01,0.0,-999,-999
100080,LAGUNAS,1972,10,02,0.0,-999,-999
100080,LAGUNAS,1972,10,03,10.0,-999,-999
100080,LAGUNAS,1972,10,04,0.0,-999,-999
100080,LAGUNAS,1972,10,05,0.0,-999,-999
100080,LAGUNAS,1972,10,06,0.0,-999,-999
100080,LAGUNAS,1972,10,07,0.0,-999,-999
100080,LAGUNAS,1972,10,08,0.0,-999,-999
100080,LAGUNAS,1972,10,09,0.0,-999,-999
100080,LAGUNAS,1972,10,10,0.0,-999,-999
100080,LAGUNAS,1972,10,11,0.0,-999,-999
100080,LAGUNAS,1972,10,12,0.7,-999,-999
100080,LAGUNAS,1972,10,13,0.0,-999,-999
100080,LAGUNAS,1972,10,14,0.0,-999,-999
100080,LAGUNAS,1972,10,15,0.0,-999,-999
100080,LAGUNAS,1972,10,16,0.0,-999,-999
100080,LAGUNAS,1972,10,17,0.0,-999,-999
100080,LAGUNAS,1972,10,18,0.0,-999,-999
100080,LAGUNAS,1972,10,19,0.0,-999,-999
100080,LAGUNAS,1972,10,20,0.0,-999,-999
100080,LAGUNAS,1972,10,21,0.0,-999,-999
100080,LAGUNAS,1972,10,22,0.6,-999,-999
100080,LAGUNAS,1972,10,23,0.9,-999,-999
100080,LAGUNAS,1972,10,24,0.0,-999,-999
100080,LAGUNAS,1972,10,25,13.0,-999,-999
100080,LAGUNAS,1972,10,26,0.0,-999,-999
100080,LAGUNAS,1972,10,27,0.0,-999,-999
100080,LAGUNAS,1972,10,28,0.0,-999,-999
100080,LAGUNAS,1972,10,29,10.0,-999,-999
100080,LAGUNAS,1972,10,30,0.0,-999,-999
100080,LAGUNAS,1972,10,31,0.0,-999,-999
100080,LAGUNAS,1972,11,01,0.0,-999,-999
100080,LAGUNAS,1972,11,02,0.7,-999,-999
100080,LAGUNAS,1972,11,03,0.0,-999,-999
100080,LAGUNAS,1972,11,04,0.0,-999,-999
100080,LAGUNAS,1972,11,05,0.0,-999,-999
100080,LAGUNAS,1972,11,06,0.0,-999,-999
100080,LAGUNAS,1972,11,07,0.0,-999,-999
100080,LAGUNAS,1972,11,08,0.0,-999,-999
100080,LAGUNAS,1972,11,09,0.0,-999,-999
100080,LAGUNAS,1972,11,10,13.0,-999,-999
100080,LAGUNAS,1972,11,11,14.0,-999,-999
100080,LAGUNAS,1972,11,12,0.0,-999,-999
100080,LAGUNAS,1972,11,13,0.0,-999,-999
100080,LAGUNAS,1972,11,14,0.8,-999,-999
100080,LAGUNAS,1972,11,15,0.0,-999,-999
100080,LAGUNAS,1972,11,16,0.0,-999,-999
100080,LAGUNAS,1972,11,17,0.0,-999,-999
100080,LAGUNAS,1972,11,18,14.0,-999,-999
100080,LAGUNAS,1972,11,19,0.0,-999,-999
100080,LAGUNAS,1972,11,20,0.0,-999,-999
100080,LAGUNAS,1972,11,21,14.0,-999,-999
100080,LAGUNAS,1972,11,22,13.0,-999,-999
100080,LAGUNAS,1972,11,23,10.0,-999,-999
100080,LAGUNAS,1972,11,24,12.0,-999,-999
100080,LAGUNAS,1972,11,25,0.0,-999,-999
100080,LAGUNAS,1972,11,26,0.0,-999,-999
100080,LAGUNAS,1972,11,27,0.0,-999,-999
100080,LAGUNAS,1972,11,28,0.0,-999,-999
100080,LAGUNAS,1972,11,29,0.0,-999,-999
100080,LAGUNAS,1972,11,30,0.0,-999,-999
100080,LAGUNAS,1972,12,01,0.0,-999,-999
100080,LAGUNAS,1972,12,02,13.0,-999,-999
100080,LAGUNAS,1972,12,03,0.0,-999,-999
100080,LAGUNAS,1972,12,04,0.0,-999,-999
100080,LAGUNAS,1972,12,05,0.0,-999,-999
100080,LAGUNAS,1972,12,06,0.0,-999,-999
100080,LAGUNAS,1972,12,07,14.0,-999,-999
100080,LAGUNAS,1972,12,08,0.7,-999,-999
100080,LAGUNAS,1972,12,09,0.0,-999,-999
100080,LAGUNAS,1972,12,10,0.0,-999,-999
100080,LAGUNAS,1972,12,11,16.6,-999,-999
100080,LAGUNAS,1972,12,12,0.0,-999,-999
100080,LAGUNAS,1972,12,13,0.0,-999,-999
100080,LAGUNAS,1972,12,14,0.0,-999,-999
100080,LAGUNAS,1972,12,15,0.7,-999,-999
100080,LAGUNAS,1972,12,16,0.0,-999,-999
100080,LAGUNAS,1972,12,17,17.0,-999,-999
100080,LAGUNAS,1972,12,18,0.0,-999,-999
100080,LAGUNAS,1972,12,19,0.0,-999,-999
100080,LAGUNAS,1972,12,20,0.0,-999,-999
100080,LAGUNAS,1972,12,21,0.0,-999,-999
100080,LAGUNAS,1972,12,22,0.0,-999,-999
100080,LAGUNAS,1972,12,23,0.0,-999,-999
100080,LAGUNAS,1972,12,24,0.0,-999,-999
100080,LAGUNAS,1972,12,25,0.0,-999,-999
100080,LAGUNAS,1972,12,26,0.0,-999,-999
100080,LAGUNAS,1972,12,27,0.0,-999,-999
100080,LAGUNAS,1972,12,28,0.0,-999,-999
100080,LAGUNAS,1972,12,29,0.0,-999,-999
100080,LAGUNAS,1972,12,30,0.0,-999,-999
100080,LAGUNAS,1972,12,31,0.0,-999,-999
100080,LAGUNAS,1973,01,01,0.0,-999,-999
100080,LAGUNAS,1973,01,02,0.0,-999,-999
100080,LAGUNAS,1973,01,03,7.0,-999,-999
100080,LAGUNAS,1973,01,04,0.0,-999,-999
100080,LAGUNAS,1973,01,05,0.0,-999,-999
100080,LAGUNAS,1973,01,06,0.0,-999,-999
100080,LAGUNAS,1973,01,07,0.0,-999,-999
100080,LAGUNAS,1973,01,08,0.0,-999,-999
100080,LAGUNAS,1973,01,09,0.0,-999,-999
100080,LAGUNAS,1973,01,10,13.3,-999,-999
100080,LAGUNAS,1973,01,11,0.0,-999,-999
100080,LAGUNAS,1973,01,12,14.0,-999,-999
100080,LAGUNAS,1973,01,13,0.0,-999,-999
100080,LAGUNAS,1973,01,14,8.0,-999,-999
100080,LAGUNAS,1973,01,15,0.0,-999,-999
100080,LAGUNAS,1973,01,16,0.0,-999,-999
100080,LAGUNAS,1973,01,17,0.0,-999,-999
100080,LAGUNAS,1973,01,18,0.0,-999,-999
100080,LAGUNAS,1973,01,19,0.0,-999,-999
100080,LAGUNAS,1973,01,20,14.0,-999,-999
100080,LAGUNAS,1973,01,21,15.3,-999,-999
100080,LAGUNAS,1973,01,22,0.0,-999,-999
100080,LAGUNAS,1973,01,23,0.0,-999,-999
100080,LAGUNAS,1973,01,24,16.0,-999,-999
100080,LAGUNAS,1973,01,25,0.0,-999,-999
100080,LAGUNAS,1973,01,26,0.0,-999,-999
100080,LAGUNAS,1973,01,27,10.0,-999,-999
100080,LAGUNAS,1973,01,28,0.0,-999,-999
100080,LAGUNAS,1973,01,29,12.0,-999,-999
100080,LAGUNAS,1973,01,30,0.0,-999,-999
100080,LAGUNAS,1973,01,31,-999,-999,-999
100080,LAGUNAS,1973,10,01,0.1,-999,-999
100080,LAGUNAS,1973,10,02,0.0,-999,-999
100080,LAGUNAS,1973,10,03,0.0,-999,-999
100080,LAGUNAS,1973,10,04,-888,-999,-999
100080,LAGUNAS,1973,10,05,14.6,-999,-999
100080,LAGUNAS,1973,10,06,-888,-999,-999
100080,LAGUNAS,1973,10,07,0.0,-999,-999
100080,LAGUNAS,1973,10,08,0.0,-999,-999
100080,LAGUNAS,1973,10,09,0.0,-999,-999
100080,LAGUNAS,1973,10,10,0.0,-999,-999
100080,LAGUNAS,1973,10,11,0.0,-999,-999
100080,LAGUNAS,1973,10,12,11.0,-999,-999
100080,LAGUNAS,1973,10,13,0.9,-999,-999
100080,LAGUNAS,1973,10,14,0.0,-999,-999
100080,LAGUNAS,1973,10,15,0.0,-999,-999
100080,LAGUNAS,1973,10,16,0.0,-999,-999
100080,LAGUNAS,1973,10,17,18.0,-999,-999
100080,LAGUNAS,1973,10,18,-888,-999,-999
100080,LAGUNAS,1973,10,19,-888,-999,-999
100080,LAGUNAS,1973,10,20,0.0,-999,-999
100080,LAGUNAS,1973,10,21,0.2,-999,-999
100080,LAGUNAS,1973,10,22,0.0,-999,-999
100080,LAGUNAS,1973,10,23,0.0,-999,-999
100080,LAGUNAS,1973,10,24,0.0,-999,-999
100080,LAGUNAS,1973,10,25,15.0,-999,-999
100080,LAGUNAS,1973,10,26,0.0,-999,-999
100080,LAGUNAS,1973,10,27,0.0,-999,-999
100080,LAGUNAS,1973,10,28,0.0,-999,-999
100080,LAGUNAS,1973,10,29,0.0,-999,-999
100080,LAGUNAS,1973,10,30,0.0,-999,-999
100080,LAGUNAS,1973,10,31,0.0,-999,-999
100080,LAGUNAS,1973,11,01,0.0,-999,-999
100080,LAGUNAS,1973,11,02,1.6,-999,-999
100080,LAGUNAS,1973,11,03,-888,-999,-999
100080,LAGUNAS,1973,11,04,6.0,-999,-999
100080,LAGUNAS,1973,11,05,-888,-999,-999
100080,LAGUNAS,1973,11,06,0.8,-999,-999
100080,LAGUNAS,1973,11,07,0.0,-999,-999
100080,LAGUNAS,1973,11,08,0.5,-999,-999
100080,LAGUNAS,1973,11,09,-888,-999,-999
100080,LAGUNAS,1973,11,10,15.0,-999,-999
100080,LAGUNAS,1973,11,11,-888,-999,-999
100080,LAGUNAS,1973,11,12,0.0,-999,-999
100080,LAGUNAS,1973,11,13,-888,-999,-999
100080,LAGUNAS,1973,11,14,1.1,-999,-999
100080,LAGUNAS,1973,11,15,-888,-999,-999
100080,LAGUNAS,1973,11,16,0.2,-999,-999
100080,LAGUNAS,1973,11,17,0.0,-999,-999
100080,LAGUNAS,1973,11,18,-888,-999,-999
100080,LAGUNAS,1973,11,19,6.0,-999,-999
100080,LAGUNAS,1973,11,20,-888,-999,-999
100080,LAGUNAS,1973,11,21,0.1,-999,-999
100080,LAGUNAS,1973,11,22,-888,-999,-999
100080,LAGUNAS,1973,11,23,0.0,-999,-999
100080,LAGUNAS,1973,11,24,9.0,-999,-999
100080,LAGUNAS,1973,11,25,0.0,-999,-999
100080,LAGUNAS,1973,11,26,-888,-999,-999
100080,LAGUNAS,1973,11,27,0.0,-999,-999
100080,LAGUNAS,1973,11,28,-888,-999,-999
100080,LAGUNAS,1973,11,29,0.7,-999,-999
100080,LAGUNAS,1973,11,30,0.2,-999,-999
100080,LAGUNAS,1973,12,01,-888,-999,-999
100080,LAGUNAS,1973,12,02,0.5,-999,-999
100080,LAGUNAS,1973,12,03,-888,-999,-999
100080,LAGUNAS,1973,12,04,0.1,-999,-999
100080,LAGUNAS,1973,12,05,0.1,-999,-999
100080,LAGUNAS,1973,12,06,10.0,-999,-999
100080,LAGUNAS,1973,12,07,38.0,-999,-999
100080,LAGUNAS,1973,12,08,30.8,-999,-999
100080,LAGUNAS,1973,12,09,0.0,-999,-999
100080,LAGUNAS,1973,12,10,0.2,-999,-999
100080,LAGUNAS,1973,12,11,0.2,-999,-999
100080,LAGUNAS,1973,12,12,-888,-999,-999
100080,LAGUNAS,1973,12,13,50.0,-999,-999
100080,LAGUNAS,1973,12,14,0.0,-999,-999
100080,LAGUNAS,1973,12,15,0.8,-999,-999
100080,LAGUNAS,1973,12,16,0.3,-999,-999
100080,LAGUNAS,1973,12,17,0.0,-999,-999
100080,LAGUNAS,1973,12,18,-888,-999,-999
100080,LAGUNAS,1973,12,19,-888,-999,-999
100080,LAGUNAS,1973,12,20,0.0,-999,-999
100080,LAGUNAS,1973,12,21,0.2,-999,-999
100080,LAGUNAS,1973,12,22,0.0,-999,-999
100080,LAGUNAS,1973,12,23,0.8,-999,-999
100080,LAGUNAS,1973,12,24,-888,-999,-999
100080,LAGUNAS,1973,12,25,-888,-999,-999
100080,LAGUNAS,1973,12,26,0.0,-999,-999
100080,LAGUNAS,1973,12,27,21.0,-999,-999
100080,LAGUNAS,1973,12,28,0.0,-999,-999
100080,LAGUNAS,1973,12,29,0.0,-999,-999
100080,LAGUNAS,1973,12,30,0.0,-999,-999
100080,LAGUNAS,1973,12,31,0.0,-999,-999
100080,LAGUNAS,1974,01,01,0.0,-999,-999
100080,LAGUNAS,1974,01,02,0.0,-999,-999
100080,LAGUNAS,1974,01,03,0.0,-999,-999
100080,LAGUNAS,1974,01,04,0.1,-999,-999
100080,LAGUNAS,1974,01,05,-888,-999,-999
100080,LAGUNAS,1974,01,06,20.0,-999,-999
100080,LAGUNAS,1974,01,07,0.5,-999,-999
100080,LAGUNAS,1974,01,08,0.0,-999,-999
100080,LAGUNAS,1974,01,09,0.6,-999,-999
100080,LAGUNAS,1974,01,10,10.0,-999,-999
100080,LAGUNAS,1974,01,11,15.2,-999,-999
100080,LAGUNAS,1974,01,12,0.3,-999,-999
100080,LAGUNAS,1974,01,13,0.0,-999,-999
100080,LAGUNAS,1974,01,14,0.0,-999,-999
100080,LAGUNAS,1974,01,15,-888,-999,-999
100080,LAGUNAS,1974,01,16,0.5,-999,-999
100080,LAGUNAS,1974,01,17,0.7,-999,-999
100080,LAGUNAS,1974,01,18,-888,-999,-999
100080,LAGUNAS,1974,01,19,0.1,-999,-999
100080,LAGUNAS,1974,01,20,0.5,-999,-999
100080,LAGUNAS,1974,01,21,-888,-999,-999
100080,LAGUNAS,1974,01,22,0.2,-999,-999
100080,LAGUNAS,1974,01,23,0.1,-999,-999
100080,LAGUNAS,1974,01,24,0.9,-999,-999
100080,LAGUNAS,1974,01,25,0.6,-999,-999
100080,LAGUNAS,1974,01,26,20.0,-999,-999
100080,LAGUNAS,1974,01,27,0.4,-999,-999
100080,LAGUNAS,1974,01,28,0.3,-999,-999
100080,LAGUNAS,1974,01,29,0.0,-999,-999
100080,LAGUNAS,1974,01,30,0.0,-999,-999
100080,LAGUNAS,1974,01,31,-999,-999,-999
100080,LAGUNAS,1974,12,01,0.0,-999,-999
100080,LAGUNAS,1974,12,02,15.4,-999,-999
100080,LAGUNAS,1974,12,03,0.0,-999,-999
100080,LAGUNAS,1974,12,04,1.4,-999,-999
100080,LAGUNAS,1974,12,05,14.4,-999,-999
100080,LAGUNAS,1974,12,06,0.0,-999,-999
100080,LAGUNAS,1974,12,07,1.0,-999,-999
100080,LAGUNAS,1974,12,08,9.2,-999,-999
100080,LAGUNAS,1974,12,09,0.0,-999,-999
100080,LAGUNAS,1974,12,10,0.0,-999,-999
100080,LAGUNAS,1974,12,11,32.1,-999,-999
100080,LAGUNAS,1974,12,12,0.0,-999,-999
100080,LAGUNAS,1974,12,13,4.1,-999,-999
100080,LAGUNAS,1974,12,14,0.0,-999,-999
100080,LAGUNAS,1974,12,15,0.0,-999,-999
100080,LAGUNAS,1974,12,16,1.4,-999,-999
100080,LAGUNAS,1974,12,17,0.0,-999,-999
100080,LAGUNAS,1974,12,18,45.5,-999,-999
100080,LAGUNAS,1974,12,19,18.5,-999,-999
100080,LAGUNAS,1974,12,20,0.0,-999,-999
100080,LAGUNAS,1974,12,21,15.3,-999,-999
100080,LAGUNAS,1974,12,22,20.1,-999,-999
100080,LAGUNAS,1974,12,23,8.2,-999,-999
100080,LAGUNAS,1974,12,24,0.0,-999,-999
100080,LAGUNAS,1974,12,25,0.0,-999,-999
100080,LAGUNAS,1974,12,26,0.0,-999,-999
100080,LAGUNAS,1974,12,27,0.0,-999,-999
100080,LAGUNAS,1974,12,28,0.0,-999,-999
100080,LAGUNAS,1974,12,29,0.0,-999,-999
100080,LAGUNAS,1974,12,30,-888,-999,-999
100080,LAGUNAS,1974,12,31,0.0,-999,-999
100080,LAGUNAS,1975,01,01,0.0,-999,-999
100080,LAGUNAS,1975,01,02,16.0,-999,-999
100080,LAGUNAS,1975,01,03,52.8,-999,-999
100080,LAGUNAS,1975,01,04,0.0,-999,-999
100080,LAGUNAS,1975,01,05,0.0,-999,-999
100080,LAGUNAS,1975,01,06,28.1,-999,-999
100080,LAGUNAS,1975,01,07,-888,-999,-999
100080,LAGUNAS,1975,01,08,10.6,-999,-999
100080,LAGUNAS,1975,01,09,6.2,-999,-999
100080,LAGUNAS,1975,01,10,44.4,-999,-999
100080,LAGUNAS,1975,01,11,52.4,-999,-999
100080,LAGUNAS,1975,01,12,18.4,-999,-999
100080,LAGUNAS,1975,01,13,11.4,-999,-999
100080,LAGUNAS,1975,01,14,4.4,-999,-999
100080,LAGUNAS,1975,01,15,35.1,-999,-999
100080,LAGUNAS,1975,01,16,3.2,-999,-999
100080,LAGUNAS,1975,01,17,7.1,-999,-999
100080,LAGUNAS,1975,01,18,7.3,-999,-999
100080,LAGUNAS,1975,01,19,3.2,-999,-999
100080,LAGUNAS,1975,01,20,0.0,-999,-999
100080,LAGUNAS,1975,01,21,0.0,-999,-999
100080,LAGUNAS,1975,01,22,0.0,-999,-999
100080,LAGUNAS,1975,01,23,0.0,-999,-999
100080,LAGUNAS,1975,01,24,0.0,-999,-999
100080,LAGUNAS,1975,01,25,0.0,-999,-999
100080,LAGUNAS,1975,01,26,0.0,-999,-999
100080,LAGUNAS,1975,01,27,9.3,-999,-999
100080,LAGUNAS,1975,01,28,0.0,-999,-999
100080,LAGUNAS,1975,01,29,-888,-999,-999
100080,LAGUNAS,1975,01,30,0.0,-999,-999
100080,LAGUNAS,1975,01,31,16.3,-999,-999
100080,LAGUNAS,1975,02,01,0.0,-999,-999
100080,LAGUNAS,1975,02,02,0.0,-999,-999
100080,LAGUNAS,1975,02,03,-888,-999,-999
100080,LAGUNAS,1975,02,04,0.0,-999,-999
100080,LAGUNAS,1975,02,05,-888,-999,-999
100080,LAGUNAS,1975,02,06,5.0,-999,-999
100080,LAGUNAS,1975,02,07,0.0,-999,-999
100080,LAGUNAS,1975,02,08,5.1,-999,-999
100080,LAGUNAS,1975,02,09,6.4,-999,-999
100080,LAGUNAS,1975,02,10,0.0,-999,-999
100080,LAGUNAS,1975,02,11,10.3,-999,-999
100080,LAGUNAS,1975,02,12,4.0,-999,-999
100080,LAGUNAS,1975,02,13,12.3,-999,-999
100080,LAGUNAS,1975,02,14,1.3,-999,-999
100080,LAGUNAS,1975,02,15,-888,-999,-999
100080,LAGUNAS,1975,02,16,0.0,-999,-999
100080,LAGUNAS,1975,02,17,9.4,-999,-999
100080,LAGUNAS,1975,02,18,0.0,-999,-999
100080,LAGUNAS,1975,02,19,0.0,-999,-999
100080,LAGUNAS,1975,02,20,17.5,-999,-999
100080,LAGUNAS,1975,02,21,12.1,-999,-999
100080,LAGUNAS,1975,02,22,0.0,-999,-999
100080,LAGUNAS,1975,02,23,-888,-999,-999
100080,LAGUNAS,1975,02,24,8.3,-999,-999
100080,LAGUNAS,1975,02,25,26.2,-999,-999
100080,LAGUNAS,1975,02,26,-888,-999,-999
100080,LAGUNAS,1975,02,27,0.0,-999,-999
100080,LAGUNAS,1975,02,28,2.6,-999,-999
100080,LAGUNAS,1975,03,01,-888,-999,-999
100080,LAGUNAS,1975,03,02,45.4,-999,-999
100080,LAGUNAS,1975,03,03,0.0,-999,-999
100080,LAGUNAS,1975,03,04,0.0,-999,-999
100080,LAGUNAS,1975,03,05,-888,-999,-999
100080,LAGUNAS,1975,03,06,1.0,-999,-999
100080,LAGUNAS,1975,03,07,16.1,-999,-999
100080,LAGUNAS,1975,03,08,-888,-999,-999
100080,LAGUNAS,1975,03,09,26.3,-999,-999
100080,LAGUNAS,1975,03,10,4.0,-999,-999
100080,LAGUNAS,1975,03,11,-888,-999,-999
100080,LAGUNAS,1975,03,12,0.0,-999,-999
100080,LAGUNAS,1975,03,13,18.0,-999,-999
100080,LAGUNAS,1975,03,14,1.4,-999,-999
100080,LAGUNAS,1975,03,15,23.0,-999,-999
100080,LAGUNAS,1975,03,16,0.0,-999,-999
100080,LAGUNAS,1975,03,17,-888,-999,-999
100080,LAGUNAS,1975,03,18,1.0,-999,-999
100080,LAGUNAS,1975,03,19,-888,-999,-999
100080,LAGUNAS,1975,03,20,21.4,-999,-999
100080,LAGUNAS,1975,03,21,-888,-999,-999
100080,LAGUNAS,1975,03,22,0.0,-999,-999
100080,LAGUNAS,1975,03,23,22.8,-999,-999
100080,LAGUNAS,1975,03,24,33.2,-999,-999
100080,LAGUNAS,1975,03,25,2.0,-999,-999
100080,LAGUNAS,1975,03,26,1.2,-999,-999
100080,LAGUNAS,1975,03,27,1.4,-999,-999
100080,LAGUNAS,1975,03,28,0.0,-999,-999
100080,LAGUNAS,1975,03,29,29.3,-999,-999
100080,LAGUNAS,1975,03,30,-888,-999,-999
100080,LAGUNAS,1975,03,31,0.0,-999,-999
100080,LAGUNAS,1975,04,01,0.0,-999,-999
100080,LAGUNAS,1975,04,02,20.4,-999,-999
100080,LAGUNAS,1975,04,03,44.0,-999,-999
100080,LAGUNAS,1975,04,04,-888,-999,-999
100080,LAGUNAS,1975,04,05,0.0,-999,-999
100080,LAGUNAS,1975,04,06,40.1,-999,-999
100080,LAGUNAS,1975,04,07,4.4,-999,-999
100080,LAGUNAS,1975,04,08,0.0,-999,-999
100080,LAGUNAS,1975,04,09,20.1,-999,-999
100080,LAGUNAS,1975,04,10,19.0,-999,-999
100080,LAGUNAS,1975,04,11,0.0,-999,-999
100080,LAGUNAS,1975,04,12,0.0,-999,-999
100080,LAGUNAS,1975,04,13,0.0,-999,-999
100080,LAGUNAS,1975,04,14,21.4,-999,-999
100080,LAGUNAS,1975,04,15,0.0,-999,-999
100080,LAGUNAS,1975,04,16,9.1,-999,-999
100080,LAGUNAS,1975,04,17,0.0,-999,-999
100080,LAGUNAS,1975,04,18,-888,-999,-999
100080,LAGUNAS,1975,04,19,-888,-999,-999
100080,LAGUNAS,1975,04,20,0.0,-999,-999
100080,LAGUNAS,1975,04,21,0.0,-999,-999
100080,LAGUNAS,1975,04,22,0.0,-999,-999
100080,LAGUNAS,1975,04,23,14.0,-999,-999
100080,LAGUNAS,1975,04,24,0.0,-999,-999
100080,LAGUNAS,1975,04,25,0.0,-999,-999
100080,LAGUNAS,1975,04,26,12.4,-999,-999
100080,LAGUNAS,1975,04,27,0.0,-999,-999
100080,LAGUNAS,1975,04,28,23.4,-999,-999
100080,LAGUNAS,1975,04,29,41.2,-999,-999
100080,LAGUNAS,1975,04,30,7.3,-999,-999
100080,LAGUNAS,1975,05,01,-888,-999,-999
100080,LAGUNAS,1975,05,02,14.3,-999,-999
100080,LAGUNAS,1975,05,03,50.4,-999,-999
100080,LAGUNAS,1975,05,04,0.0,-999,-999
100080,LAGUNAS,1975,05,05,0.0,-999,-999
100080,LAGUNAS,1975,05,06,0.0,-999,-999
100080,LAGUNAS,1975,05,07,14.1,-999,-999
100080,LAGUNAS,1975,05,08,0.0,-999,-999
100080,LAGUNAS,1975,05,09,1.4,-999,-999
100080,LAGUNAS,1975,05,10,2.0,-999,-999
100080,LAGUNAS,1975,05,11,-888,-999,-999
100080,LAGUNAS,1975,05,12,0.0,-999,-999
100080,LAGUNAS,1975,05,13,0.4,-999,-999
100080,LAGUNAS,1975,05,14,1.3,-999,-999
100080,LAGUNAS,1975,05,15,16.1,-999,-999
100080,LAGUNAS,1975,05,16,20.4,-999,-999
100080,LAGUNAS,1975,05,17,6.2,-999,-999
100080,LAGUNAS,1975,05,18,1.2,-999,-999
100080,LAGUNAS,1975,05,19,5.0,-999,-999
100080,LAGUNAS,1975,05,20,18.4,-999,-999
100080,LAGUNAS,1975,05,21,34.3,-999,-999
100080,LAGUNAS,1975,05,22,48.2,-999,-999
100080,LAGUNAS,1975,05,23,34.2,-999,-999
100080,LAGUNAS,1975,05,24,9.4,-999,-999
100080,LAGUNAS,1975,05,25,13.3,-999,-999
100080,LAGUNAS,1975,05,26,3.3,-999,-999
100080,LAGUNAS,1975,05,27,12.4,-999,-999
100080,LAGUNAS,1975,05,28,0.3,-999,-999
100080,LAGUNAS,1975,05,29,0.0,-999,-999
100080,LAGUNAS,1975,05,30,0.0,-999,-999
100080,LAGUNAS,1975,05,31,0.0,-999,-999
100080,LAGUNAS,1975,06,01,13.2,-999,-999
100080,LAGUNAS,1975,06,02,12.3,-999,-999
100080,LAGUNAS,1975,06,03,4.4,-999,-999
100080,LAGUNAS,1975,06,04,0.0,-999,-999
100080,LAGUNAS,1975,06,05,0.0,-999,-999
100080,LAGUNAS,1975,06,06,26.3,-999,-999
100080,LAGUNAS,1975,06,07,0.2,-999,-999
100080,LAGUNAS,1975,06,08,10.4,-999,-999
100080,LAGUNAS,1975,06,09,0.0,-999,-999
100080,LAGUNAS,1975,06,10,1.6,-999,-999
100080,LAGUNAS,1975,06,11,7.6,-999,-999
100080,LAGUNAS,1975,06,12,6.1,-999,-999
100080,LAGUNAS,1975,06,13,10.9,-999,-999
100080,LAGUNAS,1975,06,14,31.5,-999,-999
100080,LAGUNAS,1975,06,15,0.0,-999,-999
100080,LAGUNAS,1975,06,16,0.0,-999,-999
100080,LAGUNAS,1975,06,17,9.9,-999,-999
100080,LAGUNAS,1975,06,18,0.0,-999,-999
100080,LAGUNAS,1975,06,19,0.0,-999,-999
100080,LAGUNAS,1975,06,20,0.7,-999,-999
100080,LAGUNAS,1975,06,21,5.2,-999,-999
100080,LAGUNAS,1975,06,22,0.0,-999,-999
100080,LAGUNAS,1975,06,23,34.5,-999,-999
100080,LAGUNAS,1975,06,24,0.0,-999,-999
100080,LAGUNAS,1975,06,25,0.0,-999,-999
100080,LAGUNAS,1975,06,26,32.8,-999,-999
100080,LAGUNAS,1975,06,27,0.0,-999,-999
100080,LAGUNAS,1975,06,28,8.3,-999,-999
100080,LAGUNAS,1975,06,29,0.2,-999,-999
100080,LAGUNAS,1975,06,30,0.0,-999,-999
100080,LAGUNAS,1975,07,01,8.9,-999,-999
100080,LAGUNAS,1975,07,02,110.9,-999,-999
100080,LAGUNAS,1975,07,03,18.0,-999,-999
100080,LAGUNAS,1975,07,04,-888,-999,-999
100080,LAGUNAS,1975,07,05,0.0,-999,-999
100080,LAGUNAS,1975,07,06,0.0,-999,-999
100080,LAGUNAS,1975,07,07,1.0,-999,-999
100080,LAGUNAS,1975,07,08,0.0,-999,-999
100080,LAGUNAS,1975,07,09,0.0,-999,-999
100080,LAGUNAS,1975,07,10,87.9,-999,-999
100080,LAGUNAS,1975,07,11,0.0,-999,-999
100080,LAGUNAS,1975,07,12,7.2,-999,-999
100080,LAGUNAS,1975,07,13,0.0,-999,-999
100080,LAGUNAS,1975,07,14,0.0,-999,-999
100080,LAGUNAS,1975,07,15,0.0,-999,-999
100080,LAGUNAS,1975,07,16,2.9,-999,-999
100080,LAGUNAS,1975,07,17,24.5,-999,-999
100080,LAGUNAS,1975,07,18,0.0,-999,-999
100080,LAGUNAS,1975,07,19,0.0,-999,-999
100080,LAGUNAS,1975,07,20,0.0,-999,-999
100080,LAGUNAS,1975,07,21,0.0,-999,-999
100080,LAGUNAS,1975,07,22,0.0,-999,-999
100080,LAGUNAS,1975,07,23,0.0,-999,-999
100080,LAGUNAS,1975,07,24,0.0,-999,-999
100080,LAGUNAS,1975,07,25,0.0,-999,-999
100080,LAGUNAS,1975,07,26,9.0,-999,-999
100080,LAGUNAS,1975,07,27,19.4,-999,-999
100080,LAGUNAS,1975,07,28,0.0,-999,-999
100080,LAGUNAS,1975,07,29,14.0,-999,-999
100080,LAGUNAS,1975,07,30,0.0,-999,-999
100080,LAGUNAS,1975,07,31,0.0,-999,-999
100080,LAGUNAS,1975,08,01,0.0,-999,-999
100080,LAGUNAS,1975,08,02,0.0,-999,-999
100080,LAGUNAS,1975,08,03,0.4,-999,-999
100080,LAGUNAS,1975,08,04,0.0,-999,-999
100080,LAGUNAS,1975,08,05,1.5,-999,-999
100080,LAGUNAS,1975,08,06,0.0,-999,-999
100080,LAGUNAS,1975,08,07,0.0,-999,-999
100080,LAGUNAS,1975,08,08,0.0,-999,-999
100080,LAGUNAS,1975,08,09,0.0,-999,-999
100080,LAGUNAS,1975,08,10,0.0,-999,-999
100080,LAGUNAS,1975,08,11,13.9,-999,-999
100080,LAGUNAS,1975,08,12,0.8,-999,-999
100080,LAGUNAS,1975,08,13,0.0,-999,-999
100080,LAGUNAS,1975,08,14,0.0,-999,-999
100080,LAGUNAS,1975,08,15,15.3,-999,-999
100080,LAGUNAS,1975,08,16,0.0,-999,-999
100080,LAGUNAS,1975,08,17,0.0,-999,-999
100080,LAGUNAS,1975,08,18,0.0,-999,-999
100080,LAGUNAS,1975,08,19,0.0,-999,-999
100080,LAGUNAS,1975,08,20,0.0,-999,-999
100080,LAGUNAS,1975,08,21,0.0,-999,-999
100080,LAGUNAS,1975,08,22,0.0,-999,-999
100080,LAGUNAS,1975,08,23,6.7,-999,-999
100080,LAGUNAS,1975,08,24,7.3,-999,-999
100080,LAGUNAS,1975,08,25,0.0,-999,-999
100080,LAGUNAS,1975,08,26,0.0,-999,-999
100080,LAGUNAS,1975,08,27,0.0,-999,-999
100080,LAGUNAS,1975,08,28,0.0,-999,-999
100080,LAGUNAS,1975,08,29,21.8,-999,-999
100080,LAGUNAS,1975,08,30,43.0,-999,-999
100080,LAGUNAS,1975,08,31,0.0,-999,-999
100080,LAGUNAS,1975,09,01,1.2,-999,-999
100080,LAGUNAS,1975,09,02,13.0,-999,-999
100080,LAGUNAS,1975,09,03,0.0,-999,-999
100080,LAGUNAS,1975,09,04,0.0,-999,-999
100080,LAGUNAS,1975,09,05,0.0,-999,-999
100080,LAGUNAS,1975,09,06,24.4,-999,-999
100080,LAGUNAS,1975,09,07,0.0,-999,-999
100080,LAGUNAS,1975,09,08,0.0,-999,-999
100080,LAGUNAS,1975,09,09,0.0,-999,-999
100080,LAGUNAS,1975,09,10,0.0,-999,-999
100080,LAGUNAS,1975,09,11,0.0,-999,-999
100080,LAGUNAS,1975,09,12,0.0,-999,-999
100080,LAGUNAS,1975,09,13,0.0,-999,-999
100080,LAGUNAS,1975,09,14,0.0,-999,-999
100080,LAGUNAS,1975,09,15,0.0,-999,-999
100080,LAGUNAS,1975,09,16,4.8,-999,-999
100080,LAGUNAS,1975,09,17,0.0,-999,-999
100080,LAGUNAS,1975,09,18,0.0,-999,-999
100080,LAGUNAS,1975,09,19,0.0,-999,-999
100080,LAGUNAS,1975,09,20,0.0,-999,-999
100080,LAGUNAS,1975,09,21,10.0,-999,-999
100080,LAGUNAS,1975,09,22,-888,-999,-999
100080,LAGUNAS,1975,09,23,0.0,-999,-999
100080,LAGUNAS,1975,09,24,0.0,-999,-999
100080,LAGUNAS,1975,09,25,12.3,-999,-999
100080,LAGUNAS,1975,09,26,0.4,-999,-999
100080,LAGUNAS,1975,09,27,0.0,-999,-999
100080,LAGUNAS,1975,09,28,5.0,-999,-999
100080,LAGUNAS,1975,09,29,0.0,-999,-999
100080,LAGUNAS,1975,09,30,4.8,-999,-999
100080,LAGUNAS,1975,10,01,1.8,-999,-999
100080,LAGUNAS,1975,10,02,0.0,-999,-999
100080,LAGUNAS,1975,10,03,0.0,-999,-999
100080,LAGUNAS,1975,10,04,0.0,-999,-999
100080,LAGUNAS,1975,10,05,0.0,-999,-999
100080,LAGUNAS,1975,10,06,19.5,-999,-999
100080,LAGUNAS,1975,10,07,0.0,-999,-999
100080,LAGUNAS,1975,10,08,0.0,-999,-999
100080,LAGUNAS,1975,10,09,0.0,-999,-999
100080,LAGUNAS,1975,10,10,3.7,-999,-999
100080,LAGUNAS,1975,10,11,0.0,-999,-999
100080,LAGUNAS,1975,10,12,18.7,-999,-999
100080,LAGUNAS,1975,10,13,0.0,-999,-999
100080,LAGUNAS,1975,10,14,0.0,-999,-999
100080,LAGUNAS,1975,10,15,2.0,-999,-999
100080,LAGUNAS,1975,10,16,0.0,-999,-999
100080,LAGUNAS,1975,10,17,0.0,-999,-999
100080,LAGUNAS,1975,10,18,3.0,-999,-999
100080,LAGUNAS,1975,10,19,-888,-999,-999
100080,LAGUNAS,1975,10,20,0.0,-999,-999
100080,LAGUNAS,1975,10,21,7.8,-999,-999
100080,LAGUNAS,1975,10,22,0.0,-999,-999
100080,LAGUNAS,1975,10,23,0.0,-999,-999
100080,LAGUNAS,1975,10,24,0.0,-999,-999
100080,LAGUNAS,1975,10,25,0.0,-999,-999
100080,LAGUNAS,1975,10,26,18.0,-999,-999
100080,LAGUNAS,1975,10,27,0.0,-999,-999
100080,LAGUNAS,1975,10,28,0.0,-999,-999
100080,LAGUNAS,1975,10,29,1.1,-999,-999
100080,LAGUNAS,1975,10,30,0.0,-999,-999
100080,LAGUNAS,1975,10,31,3.4,-999,-999
100080,LAGUNAS,1975,11,01,0.0,-999,-999
100080,LAGUNAS,1975,11,02,0.0,-999,-999
100080,LAGUNAS,1975,11,03,4.0,-999,-999
100080,LAGUNAS,1975,11,04,21.3,-999,-999
100080,LAGUNAS,1975,11,05,-888,-999,-999
100080,LAGUNAS,1975,11,06,0.0,-999,-999
100080,LAGUNAS,1975,11,07,0.0,-999,-999
100080,LAGUNAS,1975,11,08,21.9,-999,-999
100080,LAGUNAS,1975,11,09,4.1,-999,-999
100080,LAGUNAS,1975,11,10,0.0,-999,-999
100080,LAGUNAS,1975,11,11,0.0,-999,-999
100080,LAGUNAS,1975,11,12,0.0,-999,-999
100080,LAGUNAS,1975,11,13,152.3,-999,-999
100080,LAGUNAS,1975,11,14,0.0,-999,-999
100080,LAGUNAS,1975,11,15,0.0,-999,-999
100080,LAGUNAS,1975,11,16,0.0,-999,-999
100080,LAGUNAS,1975,11,17,1.6,-999,-999
100080,LAGUNAS,1975,11,18,5.6,-999,-999
100080,LAGUNAS,1975,11,19,6.4,-999,-999
100080,LAGUNAS,1975,11,20,0.0,-999,-999
100080,LAGUNAS,1975,11,21,2.1,-999,-999
100080,LAGUNAS,1975,11,22,0.0,-999,-999
100080,LAGUNAS,1975,11,23,0.0,-999,-999
100080,LAGUNAS,1975,11,24,2.2,-999,-999
100080,LAGUNAS,1975,11,25,19.5,-999,-999
100080,LAGUNAS,1975,11,26,9.9,-999,-999
100080,LAGUNAS,1975,11,27,0.0,-999,-999
100080,LAGUNAS,1975,11,28,0.0,-999,-999
100080,LAGUNAS,1975,11,29,0.0,-999,-999
100080,LAGUNAS,1975,11,30,0.0,-999,-999
100080,LAGUNAS,1975,12,01,3.2,-999,-999
100080,LAGUNAS,1975,12,02,2.4,-999,-999
100080,LAGUNAS,1975,12,03,5.7,-999,-999
100080,LAGUNAS,1975,12,04,20.2,-999,-999
100080,LAGUNAS,1975,12,05,7.3,-999,-999
100080,LAGUNAS,1975,12,06,16.1,-999,-999
100080,LAGUNAS,1975,12,07,10.9,-999,-999
100080,LAGUNAS,1975,12,08,5.3,-999,-999
100080,LAGUNAS,1975,12,09,0.0,-999,-999
100080,LAGUNAS,1975,12,10,0.0,-999,-999
100080,LAGUNAS,1975,12,11,0.0,-999,-999
100080,LAGUNAS,1975,12,12,10.5,-999,-999
100080,LAGUNAS,1975,12,13,0.0,-999,-999
100080,LAGUNAS,1975,12,14,7.3,-999,-999
100080,LAGUNAS,1975,12,15,0.0,-999,-999
100080,LAGUNAS,1975,12,16,2.2,-999,-999
100080,LAGUNAS,1975,12,17,44.6,-999,-999
100080,LAGUNAS,1975,12,18,0.0,-999,-999
100080,LAGUNAS,1975,12,19,-888,-999,-999
100080,LAGUNAS,1975,12,20,1.5,-999,-999
100080,LAGUNAS,1975,12,21,37.9,-999,-999
100080,LAGUNAS,1975,12,22,0.0,-999,-999
100080,LAGUNAS,1975,12,23,3.4,-999,-999
100080,LAGUNAS,1975,12,24,0.0,-999,-999
100080,LAGUNAS,1975,12,25,0.0,-999,-999
100080,LAGUNAS,1975,12,26,11.1,-999,-999
100080,LAGUNAS,1975,12,27,9.4,-999,-999
100080,LAGUNAS,1975,12,28,15.3,-999,-999
100080,LAGUNAS,1975,12,29,12.2,-999,-999
100080,LAGUNAS,1975,12,30,14.0,-999,-999
100080,LAGUNAS,1975,12,31,0.0,-999,-999
100080,LAGUNAS,1976,01,01,0.0,-999,-999
100080,LAGUNAS,1976,01,02,0.0,-999,-999
100080,LAGUNAS,1976,01,03,7.5,-999,-999
100080,LAGUNAS,1976,01,04,0.3,-999,-999
100080,LAGUNAS,1976,01,05,7.3,-999,-999
100080,LAGUNAS,1976,01,06,17.2,-999,-999
100080,LAGUNAS,1976,01,07,11.3,-999,-999
100080,LAGUNAS,1976,01,08,0.0,-999,-999
100080,LAGUNAS,1976,01,09,0.0,-999,-999
100080,LAGUNAS,1976,01,10,0.0,-999,-999
100080,LAGUNAS,1976,01,11,0.0,-999,-999
100080,LAGUNAS,1976,01,12,6.0,-999,-999
100080,LAGUNAS,1976,01,13,0.0,-999,-999
100080,LAGUNAS,1976,01,14,3.3,-999,-999
100080,LAGUNAS,1976,01,15,0.0,-999,-999
100080,LAGUNAS,1976,01,16,2.1,-999,-999
100080,LAGUNAS,1976,01,17,0.0,-999,-999
100080,LAGUNAS,1976,01,18,7.3,-999,-999
100080,LAGUNAS,1976,01,19,0.0,-999,-999
100080,LAGUNAS,1976,01,20,7.5,-999,-999
100080,LAGUNAS,1976,01,21,1.7,-999,-999
100080,LAGUNAS,1976,01,22,13.5,-999,-999
100080,LAGUNAS,1976,01,23,25.9,-999,-999
100080,LAGUNAS,1976,01,24,10.9,-999,-999
100080,LAGUNAS,1976,01,25,0.6,-999,-999
100080,LAGUNAS,1976,01,26,0.0,-999,-999
100080,LAGUNAS,1976,01,27,19.5,-999,-999
100080,LAGUNAS,1976,01,28,25.9,-999,-999
100080,LAGUNAS,1976,01,29,24.1,-999,-999
100080,LAGUNAS,1976,01,30,19.2,-999,-999
100080,LAGUNAS,1976,01,31,0.0,-999,-999
100080,LAGUNAS,1976,02,01,0.0,-999,-999
100080,LAGUNAS,1976,02,02,2.2,-999,-999
100080,LAGUNAS,1976,02,03,0.0,-999,-999
100080,LAGUNAS,1976,02,04,0.0,-999,-999
100080,LAGUNAS,1976,02,05,0.0,-999,-999
100080,LAGUNAS,1976,02,06,0.0,-999,-999
100080,LAGUNAS,1976,02,07,41.7,-999,-999
100080,LAGUNAS,1976,02,08,1.3,-999,-999
100080,LAGUNAS,1976,02,09,2.4,-999,-999
100080,LAGUNAS,1976,02,10,0.0,-999,-999
100080,LAGUNAS,1976,02,11,0.0,-999,-999
100080,LAGUNAS,1976,02,12,3.2,-999,-999
100080,LAGUNAS,1976,02,13,0.0,-999,-999
100080,LAGUNAS,1976,02,14,0.0,-999,-999
100080,LAGUNAS,1976,02,15,17.8,-999,-999
100080,LAGUNAS,1976,02,16,-888,-999,-999
100080,LAGUNAS,1976,02,17,0.0,-999,-999
100080,LAGUNAS,1976,02,18,5.3,-999,-999
100080,LAGUNAS,1976,02,19,22.8,-999,-999
100080,LAGUNAS,1976,02,20,0.0,-999,-999
100080,LAGUNAS,1976,02,21,10.9,-999,-999
100080,LAGUNAS,1976,02,22,0.0,-999,-999
100080,LAGUNAS,1976,02,23,0.0,-999,-999
100080,LAGUNAS,1976,02,24,4.1,-999,-999
100080,LAGUNAS,1976,02,25,40.1,-999,-999
100080,LAGUNAS,1976,02,26,0.4,-999,-999
100080,LAGUNAS,1976,02,27,0.0,-999,-999
100080,LAGUNAS,1976,02,28,0.0,-999,-999
100080,LAGUNAS,1976,02,29,0.0,-999,-999
100080,LAGUNAS,1976,03,01,0.0,-999,-999
100080,LAGUNAS,1976,03,02,25.0,-999,-999
100080,LAGUNAS,1976,03,03,3.7,-999,-999
100080,LAGUNAS,1976,03,04,31.2,-999,-999
100080,LAGUNAS,1976,03,05,0.0,-999,-999
100080,LAGUNAS,1976,03,06,0.8,-999,-999
100080,LAGUNAS,1976,03,07,0.0,-999,-999
100080,LAGUNAS,1976,03,08,0.0,-999,-999
100080,LAGUNAS,1976,03,09,7.0,-999,-999
100080,LAGUNAS,1976,03,10,8.2,-999,-999
100080,LAGUNAS,1976,03,11,14.6,-999,-999
100080,LAGUNAS,1976,03,12,0.0,-999,-999
100080,LAGUNAS,1976,03,13,0.0,-999,-999
100080,LAGUNAS,1976,03,14,22.6,-999,-999
100080,LAGUNAS,1976,03,15,0.8,-999,-999
100080,LAGUNAS,1976,03,16,1.5,-999,-999
100080,LAGUNAS,1976,03,17,0.0,-999,-999
100080,LAGUNAS,1976,03,18,0.0,-999,-999
100080,LAGUNAS,1976,03,19,0.0,-999,-999
100080,LAGUNAS,1976,03,20,0.7,-999,-999
100080,LAGUNAS,1976,03,21,0.0,-999,-999
100080,LAGUNAS,1976,03,22,10.3,-999,-999
100080,LAGUNAS,1976,03,23,10.0,-999,-999
100080,LAGUNAS,1976,03,24,0.3,-999,-999
100080,LAGUNAS,1976,03,25,14.6,-999,-999
100080,LAGUNAS,1976,03,26,12.7,-999,-999
100080,LAGUNAS,1976,03,27,0.0,-999,-999
100080,LAGUNAS,1976,03,28,0.0,-999,-999
100080,LAGUNAS,1976,03,29,0.0,-999,-999
100080,LAGUNAS,1976,03,30,0.0,-999,-999
100080,LAGUNAS,1976,03,31,0.0,-999,-999
100080,LAGUNAS,1976,04,01,0.0,-999,-999
100080,LAGUNAS,1976,04,02,0.0,-999,-999
100080,LAGUNAS,1976,04,03,1.7,-999,-999
100080,LAGUNAS,1976,04,04,0.0,-999,-999
100080,LAGUNAS,1976,04,05,8.4,-999,-999
100080,LAGUNAS,1976,04,06,56.9,-999,-999
100080,LAGUNAS,1976,04,07,10.8,-999,-999
100080,LAGUNAS,1976,04,08,0.0,-999,-999
100080,LAGUNAS,1976,04,09,0.0,-999,-999
100080,LAGUNAS,1976,04,10,17.9,-999,-999
100080,LAGUNAS,1976,04,11,5.0,-999,-999
100080,LAGUNAS,1976,04,12,0.0,-999,-999
100080,LAGUNAS,1976,04,13,0.0,-999,-999
100080,LAGUNAS,1976,04,14,0.0,-999,-999
100080,LAGUNAS,1976,04,15,0.0,-999,-999
100080,LAGUNAS,1976,04,16,73.3,-999,-999
100080,LAGUNAS,1976,04,17,18.4,-999,-999
100080,LAGUNAS,1976,04,18,12.2,-999,-999
100080,LAGUNAS,1976,04,19,8.4,-999,-999
100080,LAGUNAS,1976,04,20,12.7,-999,-999
100080,LAGUNAS,1976,04,21,12.1,-999,-999
100080,LAGUNAS,1976,04,22,15.6,-999,-999
100080,LAGUNAS,1976,04,23,7.9,-999,-999
100080,LAGUNAS,1976,04,24,0.8,-999,-999
100080,LAGUNAS,1976,04,25,0.0,-999,-999
100080,LAGUNAS,1976,04,26,0.0,-999,-999
100080,LAGUNAS,1976,04,27,22.8,-999,-999
100080,LAGUNAS,1976,04,28,0.0,-999,-999
100080,LAGUNAS,1976,04,29,3.9,-999,-999
100080,LAGUNAS,1976,04,30,1.3,-999,-999
100080,LAGUNAS,1976,05,01,0.0,-999,-999
100080,LAGUNAS,1976,05,02,11.8,-999,-999
100080,LAGUNAS,1976,05,03,11.8,-999,-999
100080,LAGUNAS,1976,05,04,8.2,-999,-999
100080,LAGUNAS,1976,05,05,0.0,-999,-999
100080,LAGUNAS,1976,05,06,9.6,-999,-999
100080,LAGUNAS,1976,05,07,0.0,-999,-999
100080,LAGUNAS,1976,05,08,0.0,-999,-999
100080,LAGUNAS,1976,05,09,82.3,-999,-999
100080,LAGUNAS,1976,05,10,0.0,-999,-999
100080,LAGUNAS,1976,05,11,11.0,-999,-999
100080,LAGUNAS,1976,05,12,0.0,-999,-999
100080,LAGUNAS,1976,05,13,1.0,-999,-999
100080,LAGUNAS,1976,05,14,0.0,-999,-999
100080,LAGUNAS,1976,05,15,0.0,-999,-999
100080,LAGUNAS,1976,05,16,15.4,-999,-999
100080,LAGUNAS,1976,05,17,0.0,-999,-999
100080,LAGUNAS,1976,05,18,5.3,-999,-999
100080,LAGUNAS,1976,05,19,0.0,-999,-999
100080,LAGUNAS,1976,05,20,0.0,-999,-999
100080,LAGUNAS,1976,05,21,0.0,-999,-999
100080,LAGUNAS,1976,05,22,3.3,-999,-999
100080,LAGUNAS,1976,05,23,0.0,-999,-999
100080,LAGUNAS,1976,05,24,2.3,-999,-999
100080,LAGUNAS,1976,05,25,0.0,-999,-999
100080,LAGUNAS,1976,05,26,0.0,-999,-999
100080,LAGUNAS,1976,05,27,0.0,-999,-999
100080,LAGUNAS,1976,05,28,0.0,-999,-999
100080,LAGUNAS,1976,05,29,0.0,-999,-999
100080,LAGUNAS,1976,05,30,3.3,-999,-999
100080,LAGUNAS,1976,05,31,2.2,-999,-999
100080,LAGUNAS,1976,06,01,3.2,-999,-999
100080,LAGUNAS,1976,06,02,0.0,-999,-999
100080,LAGUNAS,1976,06,03,0.0,-999,-999
100080,LAGUNAS,1976,06,04,27.6,-999,-999
100080,LAGUNAS,1976,06,05,15.1,-999,-999
100080,LAGUNAS,1976,06,06,7.2,-999,-999
100080,LAGUNAS,1976,06,07,0.0,-999,-999
100080,LAGUNAS,1976,06,08,108.0,-999,-999
100080,LAGUNAS,1976,06,09,9.2,-999,-999
100080,LAGUNAS,1976,06,10,0.0,-999,-999
100080,LAGUNAS,1976,06,11,0.0,-999,-999
100080,LAGUNAS,1976,06,12,0.0,-999,-999
100080,LAGUNAS,1976,06,13,0.0,-999,-999
100080,LAGUNAS,1976,06,14,0.0,-999,-999
100080,LAGUNAS,1976,06,15,0.0,-999,-999
100080,LAGUNAS,1976,06,16,0.0,-999,-999
100080,LAGUNAS,1976,06,17,27.5,-999,-999
100080,LAGUNAS,1976,06,18,1.5,-999,-999
100080,LAGUNAS,1976,06,19,0.0,-999,-999
100080,LAGUNAS,1976,06,20,10.1,-999,-999
100080,LAGUNAS,1976,06,21,0.0,-999,-999
100080,LAGUNAS,1976,06,22,25.2,-999,-999
100080,LAGUNAS,1976,06,23,0.0,-999,-999
100080,LAGUNAS,1976,06,24,0.0,-999,-999
100080,LAGUNAS,1976,06,25,0.0,-999,-999
100080,LAGUNAS,1976,06,26,0.0,-999,-999
100080,LAGUNAS,1976,06,27,0.0,-999,-999
100080,LAGUNAS,1976,06,28,32.0,-999,-999
100080,LAGUNAS,1976,06,29,0.0,-999,-999
100080,LAGUNAS,1976,06,30,19.0,-999,-999
100080,LAGUNAS,1976,07,01,0.0,-999,-999
100080,LAGUNAS,1976,07,02,0.0,-999,-999
100080,LAGUNAS,1976,07,03,0.0,-999,-999
100080,LAGUNAS,1976,07,04,0.0,-999,-999
100080,LAGUNAS,1976,07,05,0.0,-999,-999
100080,LAGUNAS,1976,07,06,0.0,-999,-999
100080,LAGUNAS,1976,07,07,0.0,-999,-999
100080,LAGUNAS,1976,07,08,3.5,-999,-999
100080,LAGUNAS,1976,07,09,30.2,-999,-999
100080,LAGUNAS,1976,07,10,3.8,-999,-999
100080,LAGUNAS,1976,07,11,0.0,-999,-999
100080,LAGUNAS,1976,07,12,0.0,-999,-999
100080,LAGUNAS,1976,07,13,0.0,-999,-999
100080,LAGUNAS,1976,07,14,0.0,-999,-999
100080,LAGUNAS,1976,07,15,0.0,-999,-999
100080,LAGUNAS,1976,07,16,0.0,-999,-999
100080,LAGUNAS,1976,07,17,13.5,-999,-999
100080,LAGUNAS,1976,07,18,0.0,-999,-999
100080,LAGUNAS,1976,07,19,0.0,-999,-999
100080,LAGUNAS,1976,07,20,0.0,-999,-999
100080,LAGUNAS,1976,07,21,0.0,-999,-999
100080,LAGUNAS,1976,07,22,21.9,-999,-999
100080,LAGUNAS,1976,07,23,0.0,-999,-999
100080,LAGUNAS,1976,07,24,0.0,-999,-999
100080,LAGUNAS,1976,07,25,1.8,-999,-999
100080,LAGUNAS,1976,07,26,0.0,-999,-999
100080,LAGUNAS,1976,07,27,0.0,-999,-999
100080,LAGUNAS,1976,07,28,0.0,-999,-999
100080,LAGUNAS,1976,07,29,15.2,-999,-999
100080,LAGUNAS,1976,07,30,0.0,-999,-999
100080,LAGUNAS,1976,07,31,0.0,-999,-999
100080,LAGUNAS,1976,08,01,0.0,-999,-999
100080,LAGUNAS,1976,08,02,10.7,-999,-999
100080,LAGUNAS,1976,08,03,0.5,-999,-999
100080,LAGUNAS,1976,08,04,-888,-999,-999
100080,LAGUNAS,1976,08,05,0.0,-999,-999
100080,LAGUNAS,1976,08,06,21.3,-999,-999
100080,LAGUNAS,1976,08,07,-888,-999,-999
100080,LAGUNAS,1976,08,08,3.1,-999,-999
100080,LAGUNAS,1976,08,09,0.0,-999,-999
100080,LAGUNAS,1976,08,10,37.5,-999,-999
100080,LAGUNAS,1976,08,11,0.0,-999,-999
100080,LAGUNAS,1976,08,12,0.0,-999,-999
100080,LAGUNAS,1976,08,13,0.0,-999,-999
100080,LAGUNAS,1976,08,14,3.8,-999,-999
100080,LAGUNAS,1976,08,15,0.0,-999,-999
100080,LAGUNAS,1976,08,16,0.0,-999,-999
100080,LAGUNAS,1976,08,17,0.0,-999,-999
100080,LAGUNAS,1976,08,18,0.0,-999,-999
100080,LAGUNAS,1976,08,19,3.0,-999,-999
100080,LAGUNAS,1976,08,20,0.0,-999,-999
100080,LAGUNAS,1976,08,21,0.0,-999,-999
100080,LAGUNAS,1976,08,22,0.0,-999,-999
100080,LAGUNAS,1976,08,23,0.0,-999,-999
100080,LAGUNAS,1976,08,24,0.0,-999,-999
100080,LAGUNAS,1976,08,25,0.0,-999,-999
100080,LAGUNAS,1976,08,26,17.4,-999,-999
100080,LAGUNAS,1976,08,27,0.0,-999,-999
100080,LAGUNAS,1976,08,28,0.0,-999,-999
100080,LAGUNAS,1976,08,29,15.6,-999,-999
100080,LAGUNAS,1976,08,30,7.5,-999,-999
100080,LAGUNAS,1976,08,31,0.0,-999,-999
100080,LAGUNAS,1976,09,01,0.0,-999,-999
100080,LAGUNAS,1976,09,02,0.0,-999,-999
100080,LAGUNAS,1976,09,03,0.0,-999,-999
100080,LAGUNAS,1976,09,04,0.0,-999,-999
100080,LAGUNAS,1976,09,05,0.8,-999,-999
100080,LAGUNAS,1976,09,06,0.0,-999,-999
100080,LAGUNAS,1976,09,07,1.3,-999,-999
100080,LAGUNAS,1976,09,08,6.2,-999,-999
100080,LAGUNAS,1976,09,09,-888,-999,-999
100080,LAGUNAS,1976,09,10,21.3,-999,-999
100080,LAGUNAS,1976,09,11,0.0,-999,-999
100080,LAGUNAS,1976,09,12,8.7,-999,-999
100080,LAGUNAS,1976,09,13,14.0,-999,-999
100080,LAGUNAS,1976,09,14,0.0,-999,-999
100080,LAGUNAS,1976,09,15,0.0,-999,-999
100080,LAGUNAS,1976,09,16,0.0,-999,-999
100080,LAGUNAS,1976,09,17,-888,-999,-999
100080,LAGUNAS,1976,09,18,0.0,-999,-999
100080,LAGUNAS,1976,09,19,4.2,-999,-999
100080,LAGUNAS,1976,09,20,24.2,-999,-999
100080,LAGUNAS,1976,09,21,0.0,-999,-999
100080,LAGUNAS,1976,09,22,-888,-999,-999
100080,LAGUNAS,1976,09,23,-888,-999,-999
100080,LAGUNAS,1976,09,24,0.0,-999,-999
100080,LAGUNAS,1976,09,25,0.0,-999,-999
100080,LAGUNAS,1976,09,26,23.4,-999,-999
100080,LAGUNAS,1976,09,27,49.5,-999,-999
100080,LAGUNAS,1976,09,28,0.0,-999,-999
100080,LAGUNAS,1976,09,29,0.0,-999,-999
100080,LAGUNAS,1976,09,30,22.7,-999,-999
100080,LAGUNAS,1976,10,01,16.9,-999,-999
100080,LAGUNAS,1976,10,02,0.0,-999,-999
100080,LAGUNAS,1976,10,03,0.8,-999,-999
100080,LAGUNAS,1976,10,04,0.0,-999,-999
100080,LAGUNAS,1976,10,05,0.0,-999,-999
100080,LAGUNAS,1976,10,06,0.0,-999,-999
100080,LAGUNAS,1976,10,07,0.0,-999,-999
100080,LAGUNAS,1976,10,08,0.0,-999,-999
100080,LAGUNAS,1976,10,09,0.0,-999,-999
100080,LAGUNAS,1976,10,10,45.0,-999,-999
100080,LAGUNAS,1976,10,11,0.0,-999,-999
100080,LAGUNAS,1976,10,12,18.3,-999,-999
100080,LAGUNAS,1976,10,13,0.0,-999,-999
100080,LAGUNAS,1976,10,14,0.0,-999,-999
100080,LAGUNAS,1976,10,15,70.1,-999,-999
100080,LAGUNAS,1976,10,16,0.0,-999,-999
100080,LAGUNAS,1976,10,17,0.0,-999,-999
100080,LAGUNAS,1976,10,18,0.0,-999,-999
100080,LAGUNAS,1976,10,19,66.1,-999,-999
100080,LAGUNAS,1976,10,20,28.6,-999,-999
100080,LAGUNAS,1976,10,21,0.0,-999,-999
100080,LAGUNAS,1976,10,22,0.0,-999,-999
100080,LAGUNAS,1976,10,23,0.0,-999,-999
100080,LAGUNAS,1976,10,24,0.0,-999,-999
100080,LAGUNAS,1976,10,25,0.0,-999,-999
100080,LAGUNAS,1976,10,26,2.8,-999,-999
100080,LAGUNAS,1976,10,27,1.8,-999,-999
100080,LAGUNAS,1976,10,28,0.0,-999,-999
100080,LAGUNAS,1976,10,29,0.0,-999,-999
100080,LAGUNAS,1976,10,30,0.0,-999,-999
100080,LAGUNAS,1976,10,31,6.2,-999,-999
100080,LAGUNAS,1976,11,01,0.0,-999,-999
100080,LAGUNAS,1976,11,02,20.8,-999,-999
100080,LAGUNAS,1976,11,03,2.0,-999,-999
100080,LAGUNAS,1976,11,04,0.0,-999,-999
100080,LAGUNAS,1976,11,05,0.0,-999,-999
100080,LAGUNAS,1976,11,06,0.0,-999,-999
100080,LAGUNAS,1976,11,07,0.0,-999,-999
100080,LAGUNAS,1976,11,08,11.9,-999,-999
100080,LAGUNAS,1976,11,09,7.6,-999,-999
100080,LAGUNAS,1976,11,10,22.9,-999,-999
100080,LAGUNAS,1976,11,11,1.3,-999,-999
100080,LAGUNAS,1976,11,12,0.0,-999,-999
100080,LAGUNAS,1976,11,13,6.1,-999,-999
100080,LAGUNAS,1976,11,14,10.7,-999,-999
100080,LAGUNAS,1976,11,15,0.8,-999,-999
100080,LAGUNAS,1976,11,16,0.0,-999,-999
100080,LAGUNAS,1976,11,17,0.9,-999,-999
100080,LAGUNAS,1976,11,18,0.0,-999,-999
100080,LAGUNAS,1976,11,19,0.0,-999,-999
100080,LAGUNAS,1976,11,20,0.0,-999,-999
100080,LAGUNAS,1976,11,21,65.5,-999,-999
100080,LAGUNAS,1976,11,22,0.0,-999,-999
100080,LAGUNAS,1976,11,23,0.0,-999,-999
100080,LAGUNAS,1976,11,24,0.0,-999,-999
100080,LAGUNAS,1976,11,25,0.0,-999,-999
100080,LAGUNAS,1976,11,26,7.4,-999,-999
100080,LAGUNAS,1976,11,27,0.0,-999,-999
100080,LAGUNAS,1976,11,28,0.0,-999,-999
100080,LAGUNAS,1976,11,29,10.9,-999,-999
100080,LAGUNAS,1976,11,30,0.0,-999,-999
100080,LAGUNAS,1976,12,01,1.9,-999,-999
100080,LAGUNAS,1976,12,02,6.2,-999,-999
100080,LAGUNAS,1976,12,03,0.0,-999,-999
100080,LAGUNAS,1976,12,04,0.9,-999,-999
100080,LAGUNAS,1976,12,05,2.0,-999,-999
100080,LAGUNAS,1976,12,06,0.0,-999,-999
100080,LAGUNAS,1976,12,07,0.0,-999,-999
100080,LAGUNAS,1976,12,08,4.1,-999,-999
100080,LAGUNAS,1976,12,09,0.0,-999,-999
100080,LAGUNAS,1976,12,10,11.9,-999,-999
100080,LAGUNAS,1976,12,11,-888,-999,-999
100080,LAGUNAS,1976,12,12,8.1,-999,-999
100080,LAGUNAS,1976,12,13,5.7,-999,-999
100080,LAGUNAS,1976,12,14,0.6,-999,-999
100080,LAGUNAS,1976,12,15,2.9,-999,-999
100080,LAGUNAS,1976,12,16,0.0,-999,-999
100080,LAGUNAS,1976,12,17,33.7,-999,-999
100080,LAGUNAS,1976,12,18,38.1,-999,-999
100080,LAGUNAS,1976,12,19,0.0,-999,-999
100080,LAGUNAS,1976,12,20,0.0,-999,-999
100080,LAGUNAS,1976,12,21,0.0,-999,-999
100080,LAGUNAS,1976,12,22,0.0,-999,-999
100080,LAGUNAS,1976,12,23,0.0,-999,-999
100080,LAGUNAS,1976,12,24,0.0,-999,-999
100080,LAGUNAS,1976,12,25,0.0,-999,-999
100080,LAGUNAS,1976,12,26,0.0,-999,-999
100080,LAGUNAS,1976,12,27,28.0,-999,-999
100080,LAGUNAS,1976,12,28,-888,-999,-999
100080,LAGUNAS,1976,12,29,1.7,-999,-999
100080,LAGUNAS,1976,12,30,11.8,-999,-999
100080,LAGUNAS,1976,12,31,0.2,-999,-999
100080,LAGUNAS,1977,01,01,6.1,-999,-999
100080,LAGUNAS,1977,01,02,0.0,-999,-999
100080,LAGUNAS,1977,01,03,15.0,-999,-999
100080,LAGUNAS,1977,01,04,0.0,-999,-999
100080,LAGUNAS,1977,01,05,0.0,-999,-999
100080,LAGUNAS,1977,01,06,1.5,-999,-999
100080,LAGUNAS,1977,01,07,0.0,-999,-999
100080,LAGUNAS,1977,01,08,0.0,-999,-999
100080,LAGUNAS,1977,01,09,8.6,-999,-999
100080,LAGUNAS,1977,01,10,0.0,-999,-999
100080,LAGUNAS,1977,01,11,0.0,-999,-999
100080,LAGUNAS,1977,01,12,0.0,-999,-999
100080,LAGUNAS,1977,01,13,0.0,-999,-999
100080,LAGUNAS,1977,01,14,4.4,-999,-999
100080,LAGUNAS,1977,01,15,13.6,-999,-999
100080,LAGUNAS,1977,01,16,3.2,-999,-999
100080,LAGUNAS,1977,01,17,0.0,-999,-999
100080,LAGUNAS,1977,01,18,0.0,-999,-999
100080,LAGUNAS,1977,01,19,0.9,-999,-999
100080,LAGUNAS,1977,01,20,0.7,-999,-999
100080,LAGUNAS,1977,01,21,0.0,-999,-999
100080,LAGUNAS,1977,01,22,0.0,-999,-999
100080,LAGUNAS,1977,01,23,0.0,-999,-999
100080,LAGUNAS,1977,01,24,0.0,-999,-999
100080,LAGUNAS,1977,01,25,0.0,-999,-999
100080,LAGUNAS,1977,01,26,-888,-999,-999
100080,LAGUNAS,1977,01,27,0.0,-999,-999
100080,LAGUNAS,1977,01,28,4.5,-999,-999
100080,LAGUNAS,1977,01,29,0.0,-999,-999
100080,LAGUNAS,1977,01,30,0.4,-999,-999
100080,LAGUNAS,1977,01,31,19.9,-999,-999
100080,LAGUNAS,1977,02,01,0.0,-999,-999
100080,LAGUNAS,1977,02,02,11.1,-999,-999
100080,LAGUNAS,1977,02,03,0.0,-999,-999
100080,LAGUNAS,1977,02,04,3.3,-999,-999
100080,LAGUNAS,1977,02,05,35.1,-999,-999
100080,LAGUNAS,1977,02,06,0.4,-999,-999
100080,LAGUNAS,1977,02,07,9.8,-999,-999
100080,LAGUNAS,1977,02,08,0.0,-999,-999
100080,LAGUNAS,1977,02,09,40.9,-999,-999
100080,LAGUNAS,1977,02,10,46.5,-999,-999
100080,LAGUNAS,1977,02,11,23.2,-999,-999
100080,LAGUNAS,1977,02,12,0.2,-999,-999
100080,LAGUNAS,1977,02,13,12.8,-999,-999
100080,LAGUNAS,1977,02,14,12.0,-999,-999
100080,LAGUNAS,1977,02,15,14.8,-999,-999
100080,LAGUNAS,1977,02,16,0.0,-999,-999
100080,LAGUNAS,1977,02,17,22.3,-999,-999
100080,LAGUNAS,1977,02,18,5.6,-999,-999
100080,LAGUNAS,1977,02,19,0.0,-999,-999
100080,LAGUNAS,1977,02,20,0.0,-999,-999
100080,LAGUNAS,1977,02,21,3.2,-999,-999
100080,LAGUNAS,1977,02,22,3.0,-999,-999
100080,LAGUNAS,1977,02,23,0.0,-999,-999
100080,LAGUNAS,1977,02,24,0.0,-999,-999
100080,LAGUNAS,1977,02,25,0.0,-999,-999
100080,LAGUNAS,1977,02,26,35.7,-999,-999
100080,LAGUNAS,1977,02,27,0.1,-999,-999
100080,LAGUNAS,1977,02,28,0.0,-999,-999
100080,LAGUNAS,1977,03,01,5.2,-999,-999
100080,LAGUNAS,1977,03,02,16.0,-999,-999
100080,LAGUNAS,1977,03,03,6.8,-999,-999
100080,LAGUNAS,1977,03,04,0.0,-999,-999
100080,LAGUNAS,1977,03,05,1.2,-999,-999
100080,LAGUNAS,1977,03,06,16.3,-999,-999
100080,LAGUNAS,1977,03,07,-888,-999,-999
100080,LAGUNAS,1977,03,08,0.0,-999,-999
100080,LAGUNAS,1977,03,09,11.2,-999,-999
100080,LAGUNAS,1977,03,10,23.6,-999,-999
100080,LAGUNAS,1977,03,11,68.4,-999,-999
100080,LAGUNAS,1977,03,12,0.0,-999,-999
100080,LAGUNAS,1977,03,13,0.0,-999,-999
100080,LAGUNAS,1977,03,14,-888,-999,-999
100080,LAGUNAS,1977,03,15,4.0,-999,-999
100080,LAGUNAS,1977,03,16,3.0,-999,-999
100080,LAGUNAS,1977,03,17,50.9,-999,-999
100080,LAGUNAS,1977,03,18,0.0,-999,-999
100080,LAGUNAS,1977,03,19,27.1,-999,-999
100080,LAGUNAS,1977,03,20,0.0,-999,-999
100080,LAGUNAS,1977,03,21,0.0,-999,-999
100080,LAGUNAS,1977,03,22,0.0,-999,-999
100080,LAGUNAS,1977,03,23,0.0,-999,-999
100080,LAGUNAS,1977,03,24,0.0,-999,-999
100080,LAGUNAS,1977,03,25,23.9,-999,-999
100080,LAGUNAS,1977,03,26,0.0,-999,-999
100080,LAGUNAS,1977,03,27,49.3,-999,-999
100080,LAGUNAS,1977,03,28,54.6,-999,-999
100080,LAGUNAS,1977,03,29,-888,-999,-999
100080,LAGUNAS,1977,03,30,0.0,-999,-999
100080,LAGUNAS,1977,03,31,41.8,-999,-999
100080,LAGUNAS,1977,04,01,27.2,-999,-999
100080,LAGUNAS,1977,04,02,4.2,-999,-999
100080,LAGUNAS,1977,04,03,0.0,-999,-999
100080,LAGUNAS,1977,04,04,0.0,-999,-999
100080,LAGUNAS,1977,04,05,0.0,-999,-999
100080,LAGUNAS,1977,04,06,0.0,-999,-999
100080,LAGUNAS,1977,04,07,0.0,-999,-999
100080,LAGUNAS,1977,04,08,0.0,-999,-999
100080,LAGUNAS,1977,04,09,0.0,-999,-999
100080,LAGUNAS,1977,04,10,14.9,-999,-999
100080,LAGUNAS,1977,04,11,4.6,-999,-999
100080,LAGUNAS,1977,04,12,0.0,-999,-999
100080,LAGUNAS,1977,04,13,90.2,-999,-999
100080,LAGUNAS,1977,04,14,34.2,-999,-999
100080,LAGUNAS,1977,04,15,0.0,-999,-999
100080,LAGUNAS,1977,04,16,8.8,-999,-999
100080,LAGUNAS,1977,04,17,0.0,-999,-999
100080,LAGUNAS,1977,04,18,0.0,-999,-999
100080,LAGUNAS,1977,04,19,32.7,-999,-999
100080,LAGUNAS,1977,04,20,0.0,-999,-999
100080,LAGUNAS,1977,04,21,83.9,-999,-999
100080,LAGUNAS,1977,04,22,3.0,-999,-999
100080,LAGUNAS,1977,04,23,0.0,-999,-999
100080,LAGUNAS,1977,04,24,0.0,-999,-999
100080,LAGUNAS,1977,04,25,0.0,-999,-999
100080,LAGUNAS,1977,04,26,5.9,-999,-999
100080,LAGUNAS,1977,04,27,3.0,-999,-999
100080,LAGUNAS,1977,04,28,0.0,-999,-999
100080,LAGUNAS,1977,04,29,39.6,-999,-999
100080,LAGUNAS,1977,04,30,0.0,-999,-999
100080,LAGUNAS,1977,05,01,0.0,-999,-999
100080,LAGUNAS,1977,05,02,64.1,-999,-999
100080,LAGUNAS,1977,05,03,0.0,-999,-999
100080,LAGUNAS,1977,05,04,0.0,-999,-999
100080,LAGUNAS,1977,05,05,0.0,-999,-999
100080,LAGUNAS,1977,05,06,0.0,-999,-999
100080,LAGUNAS,1977,05,07,5.3,-999,-999
100080,LAGUNAS,1977,05,08,36.1,-999,-999
100080,LAGUNAS,1977,05,09,0.0,-999,-999
100080,LAGUNAS,1977,05,10,46.9,-999,-999
100080,LAGUNAS,1977,05,11,5.1,-999,-999
100080,LAGUNAS,1977,05,12,12.6,-999,-999
100080,LAGUNAS,1977,05,13,0.0,-999,-999
100080,LAGUNAS,1977,05,14,10.1,-999,-999
100080,LAGUNAS,1977,05,15,0.0,-999,-999
100080,LAGUNAS,1977,05,16,11.1,-999,-999
100080,LAGUNAS,1977,05,17,0.0,-999,-999
100080,LAGUNAS,1977,05,18,66.1,-999,-999
100080,LAGUNAS,1977,05,19,0.0,-999,-999
100080,LAGUNAS,1977,05,20,0.0,-999,-999
100080,LAGUNAS,1977,05,21,0.0,-999,-999
100080,LAGUNAS,1977,05,22,0.0,-999,-999
100080,LAGUNAS,1977,05,23,9.3,-999,-999
100080,LAGUNAS,1977,05,24,0.0,-999,-999
100080,LAGUNAS,1977,05,25,0.0,-999,-999
100080,LAGUNAS,1977,05,26,1.9,-999,-999
100080,LAGUNAS,1977,05,27,21.9,-999,-999
100080,LAGUNAS,1977,05,28,0.0,-999,-999
100080,LAGUNAS,1977,05,29,0.0,-999,-999
100080,LAGUNAS,1977,05,30,0.0,-999,-999
100080,LAGUNAS,1977,05,31,0.0,-999,-999
100080,LAGUNAS,1977,06,01,0.0,-999,-999
100080,LAGUNAS,1977,06,02,0.0,-999,-999
100080,LAGUNAS,1977,06,03,0.0,-999,-999
100080,LAGUNAS,1977,06,04,0.0,-999,-999
100080,LAGUNAS,1977,06,05,75.9,-999,-999
100080,LAGUNAS,1977,06,06,11.3,-999,-999
100080,LAGUNAS,1977,06,07,0.0,-999,-999
100080,LAGUNAS,1977,06,08,5.7,-999,-999
100080,LAGUNAS,1977,06,09,0.0,-999,-999
100080,LAGUNAS,1977,06,10,0.0,-999,-999
100080,LAGUNAS,1977,06,11,49.5,-999,-999
100080,LAGUNAS,1977,06,12,0.0,-999,-999
100080,LAGUNAS,1977,06,13,0.0,-999,-999
100080,LAGUNAS,1977,06,14,0.0,-999,-999
100080,LAGUNAS,1977,06,15,0.0,-999,-999
100080,LAGUNAS,1977,06,16,-888,-999,-999
100080,LAGUNAS,1977,06,17,0.0,-999,-999
100080,LAGUNAS,1977,06,18,0.0,-999,-999
100080,LAGUNAS,1977,06,19,0.0,-999,-999
100080,LAGUNAS,1977,06,20,0.3,-999,-999
100080,LAGUNAS,1977,06,21,0.0,-999,-999
100080,LAGUNAS,1977,06,22,0.0,-999,-999
100080,LAGUNAS,1977,06,23,1.3,-999,-999
100080,LAGUNAS,1977,06,24,29.4,-999,-999
100080,LAGUNAS,1977,06,25,0.0,-999,-999
100080,LAGUNAS,1977,06,26,0.0,-999,-999
100080,LAGUNAS,1977,06,27,0.1,-999,-999
100080,LAGUNAS,1977,06,28,18.6,-999,-999
100080,LAGUNAS,1977,06,29,0.0,-999,-999
100080,LAGUNAS,1977,06,30,0.0,-999,-999
100080,LAGUNAS,1977,07,01,0.0,-999,-999
100080,LAGUNAS,1977,07,02,0.0,-999,-999
100080,LAGUNAS,1977,07,03,26.2,-999,-999
100080,LAGUNAS,1977,07,04,10.3,-999,-999
100080,LAGUNAS,1977,07,05,12.2,-999,-999
100080,LAGUNAS,1977,07,06,0.0,-999,-999
100080,LAGUNAS,1977,07,07,0.0,-999,-999
100080,LAGUNAS,1977,07,08,13.5,-999,-999
100080,LAGUNAS,1977,07,09,0.0,-999,-999
100080,LAGUNAS,1977,07,10,0.0,-999,-999
100080,LAGUNAS,1977,07,11,50.0,-999,-999
100080,LAGUNAS,1977,07,12,0.0,-999,-999
100080,LAGUNAS,1977,07,13,14.0,-999,-999
100080,LAGUNAS,1977,07,14,0.0,-999,-999
100080,LAGUNAS,1977,07,15,0.0,-999,-999
100080,LAGUNAS,1977,07,16,0.0,-999,-999
100080,LAGUNAS,1977,07,17,15.0,-999,-999
100080,LAGUNAS,1977,07,18,0.0,-999,-999
100080,LAGUNAS,1977,07,19,8.5,-999,-999
100080,LAGUNAS,1977,07,20,0.0,-999,-999
100080,LAGUNAS,1977,07,21,0.0,-999,-999
100080,LAGUNAS,1977,07,22,0.0,-999,-999
100080,LAGUNAS,1977,07,23,0.0,-999,-999
100080,LAGUNAS,1977,07,24,0.0,-999,-999
100080,LAGUNAS,1977,07,25,0.0,-999,-999
100080,LAGUNAS,1977,07,26,0.0,-999,-999
100080,LAGUNAS,1977,07,27,0.0,-999,-999
100080,LAGUNAS,1977,07,28,18.5,-999,-999
100080,LAGUNAS,1977,07,29,0.0,-999,-999
100080,LAGUNAS,1977,07,30,0.0,-999,-999
100080,LAGUNAS,1977,07,31,0.0,-999,-999
100080,LAGUNAS,1977,08,01,0.0,-999,-999
100080,LAGUNAS,1977,08,02,0.0,-999,-999
100080,LAGUNAS,1977,08,03,28.9,-999,-999
100080,LAGUNAS,1977,08,04,0.0,-999,-999
100080,LAGUNAS,1977,08,05,0.0,-999,-999
100080,LAGUNAS,1977,08,06,2.8,-999,-999
100080,LAGUNAS,1977,08,07,0.0,-999,-999
100080,LAGUNAS,1977,08,08,0.0,-999,-999
100080,LAGUNAS,1977,08,09,0.0,-999,-999
100080,LAGUNAS,1977,08,10,0.0,-999,-999
100080,LAGUNAS,1977,08,11,0.0,-999,-999
100080,LAGUNAS,1977,08,12,0.0,-999,-999
100080,LAGUNAS,1977,08,13,11.9,-999,-999
100080,LAGUNAS,1977,08,14,-888,-999,-999
100080,LAGUNAS,1977,08,15,1.9,-999,-999
100080,LAGUNAS,1977,08,16,15.4,-999,-999
100080,LAGUNAS,1977,08,17,8.9,-999,-999
100080,LAGUNAS,1977,08,18,28.6,-999,-999
100080,LAGUNAS,1977,08,19,0.0,-999,-999
100080,LAGUNAS,1977,08,20,0.0,-999,-999
100080,LAGUNAS,1977,08,21,0.0,-999,-999
100080,LAGUNAS,1977,08,22,0.0,-999,-999
100080,LAGUNAS,1977,08,23,0.0,-999,-999
100080,LAGUNAS,1977,08,24,0.0,-999,-999
100080,LAGUNAS,1977,08,25,20.3,-999,-999
100080,LAGUNAS,1977,08,26,6.5,-999,-999
100080,LAGUNAS,1977,08,27,0.0,-999,-999
100080,LAGUNAS,1977,08,28,0.0,-999,-999
100080,LAGUNAS,1977,08,29,0.0,-999,-999
100080,LAGUNAS,1977,08,30,0.0,-999,-999
100080,LAGUNAS,1977,08,31,0.0,-999,-999
100080,LAGUNAS,1977,09,01,0.0,-999,-999
100080,LAGUNAS,1977,09,02,0.0,-999,-999
100080,LAGUNAS,1977,09,03,0.0,-999,-999
100080,LAGUNAS,1977,09,04,0.0,-999,-999
100080,LAGUNAS,1977,09,05,6.8,-999,-999
100080,LAGUNAS,1977,09,06,9.1,-999,-999
100080,LAGUNAS,1977,09,07,12.7,-999,-999
100080,LAGUNAS,1977,09,08,0.0,-999,-999
100080,LAGUNAS,1977,09,09,0.0,-999,-999
100080,LAGUNAS,1977,09,10,0.0,-999,-999
100080,LAGUNAS,1977,09,11,8.2,-999,-999
100080,LAGUNAS,1977,09,12,0.0,-999,-999
100080,LAGUNAS,1977,09,13,0.0,-999,-999
100080,LAGUNAS,1977,09,14,43.8,-999,-999
100080,LAGUNAS,1977,09,15,0.0,-999,-999
100080,LAGUNAS,1977,09,16,0.0,-999,-999
100080,LAGUNAS,1977,09,17,0.0,-999,-999
100080,LAGUNAS,1977,09,18,0.0,-999,-999
100080,LAGUNAS,1977,09,19,0.0,-999,-999
100080,LAGUNAS,1977,09,20,1.9,-999,-999
100080,LAGUNAS,1977,09,21,0.0,-999,-999
100080,LAGUNAS,1977,09,22,0.0,-999,-999
100080,LAGUNAS,1977,09,23,0.0,-999,-999
100080,LAGUNAS,1977,09,24,36.3,-999,-999
100080,LAGUNAS,1977,09,25,0.7,-999,-999
100080,LAGUNAS,1977,09,26,0.0,-999,-999
100080,LAGUNAS,1977,09,27,0.0,-999,-999
100080,LAGUNAS,1977,09,28,0.0,-999,-999
100080,LAGUNAS,1977,09,29,35.0,-999,-999
100080,LAGUNAS,1977,09,30,9.1,-999,-999
100080,LAGUNAS,1977,10,01,1.1,-999,-999
100080,LAGUNAS,1977,10,02,0.0,-999,-999
100080,LAGUNAS,1977,10,03,0.0,-999,-999
100080,LAGUNAS,1977,10,04,0.0,-999,-999
100080,LAGUNAS,1977,10,05,0.0,-999,-999
100080,LAGUNAS,1977,10,06,0.0,-999,-999
100080,LAGUNAS,1977,10,07,0.0,-999,-999
100080,LAGUNAS,1977,10,08,0.2,-999,-999
100080,LAGUNAS,1977,10,09,-888,-999,-999
100080,LAGUNAS,1977,10,10,0.0,-999,-999
100080,LAGUNAS,1977,10,11,0.0,-999,-999
100080,LAGUNAS,1977,10,12,11.1,-999,-999
100080,LAGUNAS,1977,10,13,0.0,-999,-999
100080,LAGUNAS,1977,10,14,0.0,-999,-999
100080,LAGUNAS,1977,10,15,0.0,-999,-999
100080,LAGUNAS,1977,10,16,0.0,-999,-999
100080,LAGUNAS,1977,10,17,19.0,-999,-999
100080,LAGUNAS,1977,10,18,9.1,-999,-999
100080,LAGUNAS,1977,10,19,1.5,-999,-999
100080,LAGUNAS,1977,10,20,26.3,-999,-999
100080,LAGUNAS,1977,10,21,10.8,-999,-999
100080,LAGUNAS,1977,10,22,0.0,-999,-999
100080,LAGUNAS,1977,10,23,0.0,-999,-999
100080,LAGUNAS,1977,10,24,24.2,-999,-999
100080,LAGUNAS,1977,10,25,0.0,-999,-999
100080,LAGUNAS,1977,10,26,0.0,-999,-999
100080,LAGUNAS,1977,10,27,27.0,-999,-999
100080,LAGUNAS,1977,10,28,0.0,-999,-999
100080,LAGUNAS,1977,10,29,0.0,-999,-999
100080,LAGUNAS,1977,10,30,25.0,-999,-999
100080,LAGUNAS,1977,10,31,0.0,-999,-999
100080,LAGUNAS,1977,11,01,32.0,-999,-999
100080,LAGUNAS,1977,11,02,0.0,-999,-999
100080,LAGUNAS,1977,11,03,0.0,-999,-999
100080,LAGUNAS,1977,11,04,0.0,-999,-999
100080,LAGUNAS,1977,11,05,0.0,-999,-999
100080,LAGUNAS,1977,11,06,73.8,-999,-999
100080,LAGUNAS,1977,11,07,0.9,-999,-999
100080,LAGUNAS,1977,11,08,0.0,-999,-999
100080,LAGUNAS,1977,11,09,18.0,-999,-999
100080,LAGUNAS,1977,11,10,0.0,-999,-999
100080,LAGUNAS,1977,11,11,0.0,-999,-999
100080,LAGUNAS,1977,11,12,0.0,-999,-999
100080,LAGUNAS,1977,11,13,2.8,-999,-999
100080,LAGUNAS,1977,11,14,0.0,-999,-999
100080,LAGUNAS,1977,11,15,-888,-999,-999
100080,LAGUNAS,1977,11,16,37.8,-999,-999
100080,LAGUNAS,1977,11,17,32.0,-999,-999
100080,LAGUNAS,1977,11,18,0.0,-999,-999
100080,LAGUNAS,1977,11,19,0.0,-999,-999
100080,LAGUNAS,1977,11,20,-888,-999,-999
100080,LAGUNAS,1977,11,21,0.0,-999,-999
100080,LAGUNAS,1977,11,22,0.0,-999,-999
100080,LAGUNAS,1977,11,23,2.3,-999,-999
100080,LAGUNAS,1977,11,24,40.0,-999,-999
100080,LAGUNAS,1977,11,25,2.9,-999,-999
100080,LAGUNAS,1977,11,26,0.0,-999,-999
100080,LAGUNAS,1977,11,27,0.0,-999,-999
100080,LAGUNAS,1977,11,28,34.0,-999,-999
100080,LAGUNAS,1977,11,29,2.9,-999,-999
100080,LAGUNAS,1977,11,30,0.0,-999,-999
100080,LAGUNAS,1977,12,01,10.3,-999,-999
100080,LAGUNAS,1977,12,02,-888,-999,-999
100080,LAGUNAS,1977,12,03,0.0,-999,-999
100080,LAGUNAS,1977,12,04,41.0,-999,-999
100080,LAGUNAS,1977,12,05,51.0,-999,-999
100080,LAGUNAS,1977,12,06,-888,-999,-999
100080,LAGUNAS,1977,12,07,21.3,-999,-999
100080,LAGUNAS,1977,12,08,23.3,-999,-999
100080,LAGUNAS,1977,12,09,0.0,-999,-999
100080,LAGUNAS,1977,12,10,0.7,-999,-999
100080,LAGUNAS,1977,12,11,0.0,-999,-999
100080,LAGUNAS,1977,12,12,0.0,-999,-999
100080,LAGUNAS,1977,12,13,15.3,-999,-999
100080,LAGUNAS,1977,12,14,0.0,-999,-999
100080,LAGUNAS,1977,12,15,0.0,-999,-999
100080,LAGUNAS,1977,12,16,0.0,-999,-999
100080,LAGUNAS,1977,12,17,0.0,-999,-999
100080,LAGUNAS,1977,12,18,0.0,-999,-999
100080,LAGUNAS,1977,12,19,32.0,-999,-999
100080,LAGUNAS,1977,12,20,-888,-999,-999
100080,LAGUNAS,1977,12,21,16.2,-999,-999
100080,LAGUNAS,1977,12,22,0.0,-999,-999
100080,LAGUNAS,1977,12,23,14.0,-999,-999
100080,LAGUNAS,1977,12,24,0.0,-999,-999
100080,LAGUNAS,1977,12,25,0.0,-999,-999
100080,LAGUNAS,1977,12,26,8.2,-999,-999
100080,LAGUNAS,1977,12,27,0.0,-999,-999
100080,LAGUNAS,1977,12,28,0.0,-999,-999
100080,LAGUNAS,1977,12,29,0.0,-999,-999
100080,LAGUNAS,1977,12,30,34.8,-999,-999
100080,LAGUNAS,1977,12,31,0.0,-999,-999
100080,LAGUNAS,1978,01,01,0.0,-999,-999
100080,LAGUNAS,1978,01,02,0.0,-999,-999
100080,LAGUNAS,1978,01,03,-888,-999,-999
100080,LAGUNAS,1978,01,04,0.0,-999,-999
100080,LAGUNAS,1978,01,05,0.0,-999,-999
100080,LAGUNAS,1978,01,06,0.0,-999,-999
100080,LAGUNAS,1978,01,07,0.0,-999,-999
100080,LAGUNAS,1978,01,08,0.0,-999,-999
100080,LAGUNAS,1978,01,09,0.0,-999,-999
100080,LAGUNAS,1978,01,10,0.0,-999,-999
100080,LAGUNAS,1978,01,11,25.4,-999,-999
100080,LAGUNAS,1978,01,12,0.0,-999,-999
100080,LAGUNAS,1978,01,13,0.0,-999,-999
100080,LAGUNAS,1978,01,14,0.0,-999,-999
100080,LAGUNAS,1978,01,15,0.0,-999,-999
100080,LAGUNAS,1978,01,16,0.0,-999,-999
100080,LAGUNAS,1978,01,17,0.0,-999,-999
100080,LAGUNAS,1978,01,18,0.0,-999,-999
100080,LAGUNAS,1978,01,19,0.0,-999,-999
100080,LAGUNAS,1978,01,20,37.0,-999,-999
100080,LAGUNAS,1978,01,21,16.2,-999,-999
100080,LAGUNAS,1978,01,22,0.0,-999,-999
100080,LAGUNAS,1978,01,23,0.0,-999,-999
100080,LAGUNAS,1978,01,24,23.3,-999,-999
100080,LAGUNAS,1978,01,25,14.9,-999,-999
100080,LAGUNAS,1978,01,26,17.1,-999,-999
100080,LAGUNAS,1978,01,27,10.4,-999,-999
100080,LAGUNAS,1978,01,28,25.0,-999,-999
100080,LAGUNAS,1978,01,29,12.5,-999,-999
100080,LAGUNAS,1978,01,30,18.5,-999,-999
100080,LAGUNAS,1978,01,31,0.0,-999,-999
100080,LAGUNAS,1978,02,01,23.4,-999,-999
100080,LAGUNAS,1978,02,02,24.8,-999,-999
100080,LAGUNAS,1978,02,03,1.9,-999,-999
100080,LAGUNAS,1978,02,04,0.0,-999,-999
100080,LAGUNAS,1978,02,05,0.0,-999,-999
100080,LAGUNAS,1978,02,06,1.9,-999,-999
100080,LAGUNAS,1978,02,07,29.3,-999,-999
100080,LAGUNAS,1978,02,08,0.0,-999,-999
100080,LAGUNAS,1978,02,09,0.0,-999,-999
100080,LAGUNAS,1978,02,10,0.0,-999,-999
100080,LAGUNAS,1978,02,11,0.0,-999,-999
100080,LAGUNAS,1978,02,12,0.0,-999,-999
100080,LAGUNAS,1978,02,13,0.0,-999,-999
100080,LAGUNAS,1978,02,14,0.0,-999,-999
100080,LAGUNAS,1978,02,15,10.5,-999,-999
100080,LAGUNAS,1978,02,16,0.0,-999,-999
100080,LAGUNAS,1978,02,17,41.2,-999,-999
100080,LAGUNAS,1978,02,18,1.8,-999,-999
100080,LAGUNAS,1978,02,19,15.5,-999,-999
100080,LAGUNAS,1978,02,20,16.8,-999,-999
100080,LAGUNAS,1978,02,21,0.0,-999,-999
100080,LAGUNAS,1978,02,22,0.0,-999,-999
100080,LAGUNAS,1978,02,23,0.0,-999,-999
100080,LAGUNAS,1978,02,24,0.0,-999,-999
100080,LAGUNAS,1978,02,25,0.0,-999,-999
100080,LAGUNAS,1978,02,26,0.0,-999,-999
100080,LAGUNAS,1978,02,27,0.0,-999,-999
100080,LAGUNAS,1978,02,28,0.0,-999,-999
100080,LAGUNAS,1978,03,01,0.0,-999,-999
100080,LAGUNAS,1978,03,02,58.5,-999,-999
100080,LAGUNAS,1978,03,03,48.8,-999,-999
100080,LAGUNAS,1978,03,04,0.0,-999,-999
100080,LAGUNAS,1978,03,05,28.2,-999,-999
100080,LAGUNAS,1978,03,06,59.8,-999,-999
100080,LAGUNAS,1978,03,07,0.0,-999,-999
100080,LAGUNAS,1978,03,08,2.9,-999,-999
100080,LAGUNAS,1978,03,09,0.0,-999,-999
100080,LAGUNAS,1978,03,10,0.0,-999,-999
100080,LAGUNAS,1978,03,11,-888,-999,-999
100080,LAGUNAS,1978,03,12,-888,-999,-999
100080,LAGUNAS,1978,03,13,-888,-999,-999
100080,LAGUNAS,1978,03,14,0.0,-999,-999
100080,LAGUNAS,1978,03,15,38.2,-999,-999
100080,LAGUNAS,1978,03,16,-888,-999,-999
100080,LAGUNAS,1978,03,17,52.3,-999,-999
100080,LAGUNAS,1978,03,18,-888,-999,-999
100080,LAGUNAS,1978,03,19,32.2,-999,-999
100080,LAGUNAS,1978,03,20,16.1,-999,-999
100080,LAGUNAS,1978,03,21,39.2,-999,-999
100080,LAGUNAS,1978,03,22,3.5,-999,-999
100080,LAGUNAS,1978,03,23,0.5,-999,-999
100080,LAGUNAS,1978,03,24,-888,-999,-999
100080,LAGUNAS,1978,03,25,3.8,-999,-999
100080,LAGUNAS,1978,03,26,0.0,-999,-999
100080,LAGUNAS,1978,03,27,54.4,-999,-999
100080,LAGUNAS,1978,03,28,3.2,-999,-999
100080,LAGUNAS,1978,03,29,29.3,-999,-999
100080,LAGUNAS,1978,03,30,-888,-999,-999
100080,LAGUNAS,1978,03,31,0.0,-999,-999
100080,LAGUNAS,1978,04,01,30.3,-999,-999
100080,LAGUNAS,1978,04,02,0.0,-999,-999
100080,LAGUNAS,1978,04,03,0.0,-999,-999
100080,LAGUNAS,1978,04,04,-888,-999,-999
100080,LAGUNAS,1978,04,05,24.3,-999,-999
100080,LAGUNAS,1978,04,06,45.1,-999,-999
100080,LAGUNAS,1978,04,07,0.3,-999,-999
100080,LAGUNAS,1978,04,08,-888,-999,-999
100080,LAGUNAS,1978,04,09,15.2,-999,-999
100080,LAGUNAS,1978,04,10,7.3,-999,-999
100080,LAGUNAS,1978,04,11,9.8,-999,-999
100080,LAGUNAS,1978,04,12,1.3,-999,-999
100080,LAGUNAS,1978,04,13,0.0,-999,-999
100080,LAGUNAS,1978,04,14,26.9,-999,-999
100080,LAGUNAS,1978,04,15,0.0,-999,-999
100080,LAGUNAS,1978,04,16,0.0,-999,-999
100080,LAGUNAS,1978,04,17,10.2,-999,-999
100080,LAGUNAS,1978,04,18,6.9,-999,-999
100080,LAGUNAS,1978,04,19,-888,-999,-999
100080,LAGUNAS,1978,04,20,6.8,-999,-999
100080,LAGUNAS,1978,04,21,80.2,-999,-999
100080,LAGUNAS,1978,04,22,0.0,-999,-999
100080,LAGUNAS,1978,04,23,0.0,-999,-999
100080,LAGUNAS,1978,04,24,0.0,-999,-999
100080,LAGUNAS,1978,04,25,22.8,-999,-999
100080,LAGUNAS,1978,04,26,-888,-999,-999
100080,LAGUNAS,1978,04,27,2.8,-999,-999
100080,LAGUNAS,1978,04,28,0.0,-999,-999
100080,LAGUNAS,1978,04,29,15.2,-999,-999
100080,LAGUNAS,1978,04,30,0.0,-999,-999
100080,LAGUNAS,1978,05,01,19.4,-999,-999
100080,LAGUNAS,1978,05,02,0.0,-999,-999
100080,LAGUNAS,1978,05,03,0.0,-999,-999
100080,LAGUNAS,1978,05,04,5.3,-999,-999
100080,LAGUNAS,1978,05,05,0.0,-999,-999
100080,LAGUNAS,1978,05,06,21.5,-999,-999
100080,LAGUNAS,1978,05,07,0.0,-999,-999
100080,LAGUNAS,1978,05,08,27.3,-999,-999
100080,LAGUNAS,1978,05,09,10.2,-999,-999
100080,LAGUNAS,1978,05,10,0.0,-999,-999
100080,LAGUNAS,1978,05,11,7.8,-999,-999
100080,LAGUNAS,1978,05,12,-888,-999,-999
100080,LAGUNAS,1978,05,13,0.0,-999,-999
100080,LAGUNAS,1978,05,14,0.0,-999,-999
100080,LAGUNAS,1978,05,15,3.8,-999,-999
100080,LAGUNAS,1978,05,16,-888,-999,-999
100080,LAGUNAS,1978,05,17,15.3,-999,-999
100080,LAGUNAS,1978,05,18,0.0,-999,-999
100080,LAGUNAS,1978,05,19,0.0,-999,-999
100080,LAGUNAS,1978,05,20,0.3,-999,-999
100080,LAGUNAS,1978,05,21,17.8,-999,-999
100080,LAGUNAS,1978,05,22,20.0,-999,-999
100080,LAGUNAS,1978,05,23,23.3,-999,-999
100080,LAGUNAS,1978,05,24,0.0,-999,-999
100080,LAGUNAS,1978,05,25,-888,-999,-999
100080,LAGUNAS,1978,05,26,18.3,-999,-999
100080,LAGUNAS,1978,05,27,0.0,-999,-999
100080,LAGUNAS,1978,05,28,0.0,-999,-999
100080,LAGUNAS,1978,05,29,4.8,-999,-999
100080,LAGUNAS,1978,05,30,0.0,-999,-999
100080,LAGUNAS,1978,05,31,0.0,-999,-999
100080,LAGUNAS,1978,06,01,10.0,-999,-999
100080,LAGUNAS,1978,06,02,0.0,-999,-999
100080,LAGUNAS,1978,06,03,0.0,-999,-999
100080,LAGUNAS,1978,06,04,0.0,-999,-999
100080,LAGUNAS,1978,06,05,-888,-999,-999
100080,LAGUNAS,1978,06,06,2.8,-999,-999
100080,LAGUNAS,1978,06,07,0.0,-999,-999
100080,LAGUNAS,1978,06,08,0.0,-999,-999
100080,LAGUNAS,1978,06,09,6.3,-999,-999
100080,LAGUNAS,1978,06,10,6.8,-999,-999
100080,LAGUNAS,1978,06,11,4.5,-999,-999
100080,LAGUNAS,1978,06,12,6.3,-999,-999
100080,LAGUNAS,1978,06,13,0.0,-999,-999
100080,LAGUNAS,1978,06,14,5.8,-999,-999
100080,LAGUNAS,1978,06,15,0.0,-999,-999
100080,LAGUNAS,1978,06,16,0.0,-999,-999
100080,LAGUNAS,1978,06,17,0.0,-999,-999
100080,LAGUNAS,1978,06,18,6.2,-999,-999
100080,LAGUNAS,1978,06,19,5.8,-999,-999
100080,LAGUNAS,1978,06,20,28.3,-999,-999
100080,LAGUNAS,1978,06,21,0.0,-999,-999
100080,LAGUNAS,1978,06,22,-888,-999,-999
100080,LAGUNAS,1978,06,23,7.3,-999,-999
100080,LAGUNAS,1978,06,24,0.0,-999,-999
100080,LAGUNAS,1978,06,25,-888,-999,-999
100080,LAGUNAS,1978,06,26,0.0,-999,-999
100080,LAGUNAS,1978,06,27,0.0,-999,-999
100080,LAGUNAS,1978,06,28,0.0,-999,-999
100080,LAGUNAS,1978,06,29,0.0,-999,-999
100080,LAGUNAS,1978,06,30,0.0,-999,-999
100080,LAGUNAS,1978,07,01,20.5,-999,-999
100080,LAGUNAS,1978,07,02,0.0,-999,-999
100080,LAGUNAS,1978,07,03,13.8,-999,-999
100080,LAGUNAS,1978,07,04,15.5,-999,-999
100080,LAGUNAS,1978,07,05,0.0,-999,-999
100080,LAGUNAS,1978,07,06,4.8,-999,-999
100080,LAGUNAS,1978,07,07,38.3,-999,-999
100080,LAGUNAS,1978,07,08,0.0,-999,-999
100080,LAGUNAS,1978,07,09,0.0,-999,-999
100080,LAGUNAS,1978,07,10,-888,-999,-999
100080,LAGUNAS,1978,07,11,0.0,-999,-999
100080,LAGUNAS,1978,07,12,0.0,-999,-999
100080,LAGUNAS,1978,07,13,0.0,-999,-999
100080,LAGUNAS,1978,07,14,0.0,-999,-999
100080,LAGUNAS,1978,07,15,0.0,-999,-999
100080,LAGUNAS,1978,07,16,0.0,-999,-999
100080,LAGUNAS,1978,07,17,0.0,-999,-999
100080,LAGUNAS,1978,07,18,-888,-999,-999
100080,LAGUNAS,1978,07,19,19.3,-999,-999
100080,LAGUNAS,1978,07,20,0.0,-999,-999
100080,LAGUNAS,1978,07,21,0.0,-999,-999
100080,LAGUNAS,1978,07,22,0.0,-999,-999
100080,LAGUNAS,1978,07,23,-888,-999,-999
100080,LAGUNAS,1978,07,24,-888,-999,-999
100080,LAGUNAS,1978,07,25,0.0,-999,-999
100080,LAGUNAS,1978,07,26,3.8,-999,-999
100080,LAGUNAS,1978,07,27,17.3,-999,-999
100080,LAGUNAS,1978,07,28,22.5,-999,-999
100080,LAGUNAS,1978,07,29,0.0,-999,-999
100080,LAGUNAS,1978,07,30,0.0,-999,-999
100080,LAGUNAS,1978,07,31,0.0,-999,-999
100080,LAGUNAS,1978,08,01,0.0,-999,-999
100080,LAGUNAS,1978,08,02,0.0,-999,-999
100080,LAGUNAS,1978,08,03,0.0,-999,-999
100080,LAGUNAS,1978,08,04,0.0,-999,-999
100080,LAGUNAS,1978,08,05,0.0,-999,-999
100080,LAGUNAS,1978,08,06,0.0,-999,-999
100080,LAGUNAS,1978,08,07,-888,-999,-999
100080,LAGUNAS,1978,08,08,0.0,-999,-999
100080,LAGUNAS,1978,08,09,5.8,-999,-999
100080,LAGUNAS,1978,08,10,-888,-999,-999
100080,LAGUNAS,1978,08,11,0.0,-999,-999
100080,LAGUNAS,1978,08,12,0.0,-999,-999
100080,LAGUNAS,1978,08,13,0.3,-999,-999
100080,LAGUNAS,1978,08,14,0.0,-999,-999
100080,LAGUNAS,1978,08,15,0.0,-999,-999
100080,LAGUNAS,1978,08,16,0.0,-999,-999
100080,LAGUNAS,1978,08,17,-888,-999,-999
100080,LAGUNAS,1978,08,18,0.0,-999,-999
100080,LAGUNAS,1978,08,19,15.3,-999,-999
100080,LAGUNAS,1978,08,20,0.0,-999,-999
100080,LAGUNAS,1978,08,21,0.0,-999,-999
100080,LAGUNAS,1978,08,22,0.0,-999,-999
100080,LAGUNAS,1978,08,23,0.0,-999,-999
100080,LAGUNAS,1978,08,24,0.0,-999,-999
100080,LAGUNAS,1978,08,25,-888,-999,-999
100080,LAGUNAS,1978,08,26,0.0,-999,-999
100080,LAGUNAS,1978,08,27,0.0,-999,-999
100080,LAGUNAS,1978,08,28,0.0,-999,-999
100080,LAGUNAS,1978,08,29,0.0,-999,-999
100080,LAGUNAS,1978,08,30,0.0,-999,-999
100080,LAGUNAS,1978,08,31,10.2,-999,-999
100080,LAGUNAS,1978,09,01,0.0,-999,-999
100080,LAGUNAS,1978,09,02,0.4,-999,-999
100080,LAGUNAS,1978,09,03,0.0,-999,-999
100080,LAGUNAS,1978,09,04,-888,-999,-999
100080,LAGUNAS,1978,09,05,0.0,-999,-999
100080,LAGUNAS,1978,09,06,0.0,-999,-999
100080,LAGUNAS,1978,09,07,0.0,-999,-999
100080,LAGUNAS,1978,09,08,0.0,-999,-999
100080,LAGUNAS,1978,09,09,10.4,-999,-999
100080,LAGUNAS,1978,09,10,-888,-999,-999
100080,LAGUNAS,1978,09,11,75.0,-999,-999
100080,LAGUNAS,1978,09,12,0.0,-999,-999
100080,LAGUNAS,1978,09,13,0.0,-999,-999
100080,LAGUNAS,1978,09,14,5.8,-999,-999
100080,LAGUNAS,1978,09,15,14.5,-999,-999
100080,LAGUNAS,1978,09,16,56.1,-999,-999
100080,LAGUNAS,1978,09,17,0.0,-999,-999
100080,LAGUNAS,1978,09,18,-888,-999,-999
100080,LAGUNAS,1978,09,19,0.0,-999,-999
100080,LAGUNAS,1978,09,20,0.0,-999,-999
100080,LAGUNAS,1978,09,21,-888,-999,-999
100080,LAGUNAS,1978,09,22,6.3,-999,-999
100080,LAGUNAS,1978,09,23,-888,-999,-999
100080,LAGUNAS,1978,09,24,5.8,-999,-999
100080,LAGUNAS,1978,09,25,0.0,-999,-999
100080,LAGUNAS,1978,09,26,0.0,-999,-999
100080,LAGUNAS,1978,09,27,56.3,-999,-999
100080,LAGUNAS,1978,09,28,14.8,-999,-999
100080,LAGUNAS,1978,09,29,-888,-999,-999
100080,LAGUNAS,1978,09,30,0.4,-999,-999
100080,LAGUNAS,1978,10,01,6.3,-999,-999
100080,LAGUNAS,1978,10,02,27.8,-999,-999
100080,LAGUNAS,1978,10,03,-888,-999,-999
100080,LAGUNAS,1978,10,04,-888,-999,-999
100080,LAGUNAS,1978,10,05,-888,-999,-999
100080,LAGUNAS,1978,10,06,5.8,-999,-999
100080,LAGUNAS,1978,10,07,-888,-999,-999
100080,LAGUNAS,1978,10,08,0.0,-999,-999
100080,LAGUNAS,1978,10,09,0.0,-999,-999
100080,LAGUNAS,1978,10,10,0.0,-999,-999
100080,LAGUNAS,1978,10,11,0.0,-999,-999
100080,LAGUNAS,1978,10,12,-888,-999,-999
100080,LAGUNAS,1978,10,13,25.3,-999,-999
100080,LAGUNAS,1978,10,14,5.8,-999,-999
100080,LAGUNAS,1978,10,15,0.0,-999,-999
100080,LAGUNAS,1978,10,16,0.0,-999,-999
100080,LAGUNAS,1978,10,17,25.0,-999,-999
100080,LAGUNAS,1978,10,18,0.0,-999,-999
100080,LAGUNAS,1978,10,19,0.0,-999,-999
100080,LAGUNAS,1978,10,20,21.1,-999,-999
100080,LAGUNAS,1978,10,21,16.3,-999,-999
100080,LAGUNAS,1978,10,22,0.0,-999,-999
100080,LAGUNAS,1978,10,23,7.8,-999,-999
100080,LAGUNAS,1978,10,24,-888,-999,-999
100080,LAGUNAS,1978,10,25,37.3,-999,-999
100080,LAGUNAS,1978,10,26,-888,-999,-999
100080,LAGUNAS,1978,10,27,0.0,-999,-999
100080,LAGUNAS,1978,10,28,0.0,-999,-999
100080,LAGUNAS,1978,10,29,37.8,-999,-999
100080,LAGUNAS,1978,10,30,0.0,-999,-999
100080,LAGUNAS,1978,10,31,0.0,-999,-999
100080,LAGUNAS,1978,11,01,0.0,-999,-999
100080,LAGUNAS,1978,11,02,13.3,-999,-999
100080,LAGUNAS,1978,11,03,0.0,-999,-999
100080,LAGUNAS,1978,11,04,0.0,-999,-999
100080,LAGUNAS,1978,11,05,53.2,-999,-999
100080,LAGUNAS,1978,11,06,0.0,-999,-999
100080,LAGUNAS,1978,11,07,0.0,-999,-999
100080,LAGUNAS,1978,11,08,0.0,-999,-999
100080,LAGUNAS,1978,11,09,0.0,-999,-999
100080,LAGUNAS,1978,11,10,0.0,-999,-999
100080,LAGUNAS,1978,11,11,0.0,-999,-999
100080,LAGUNAS,1978,11,12,10.0,-999,-999
100080,LAGUNAS,1978,11,13,-888,-999,-999
100080,LAGUNAS,1978,11,14,11.5,-999,-999
100080,LAGUNAS,1978,11,15,0.0,-999,-999
100080,LAGUNAS,1978,11,16,0.0,-999,-999
100080,LAGUNAS,1978,11,17,0.0,-999,-999
100080,LAGUNAS,1978,11,18,0.0,-999,-999
100080,LAGUNAS,1978,11,19,0.0,-999,-999
100080,LAGUNAS,1978,11,20,-888,-999,-999
100080,LAGUNAS,1978,11,21,12.8,-999,-999
100080,LAGUNAS,1978,11,22,9.3,-999,-999
100080,LAGUNAS,1978,11,23,-888,-999,-999
100080,LAGUNAS,1978,11,24,15.0,-999,-999
100080,LAGUNAS,1978,11,25,6.8,-999,-999
100080,LAGUNAS,1978,11,26,3.5,-999,-999
100080,LAGUNAS,1978,11,27,5.3,-999,-999
100080,LAGUNAS,1978,11,28,11.2,-999,-999
100080,LAGUNAS,1978,11,29,0.0,-999,-999
100080,LAGUNAS,1978,11,30,0.0,-999,-999
100080,LAGUNAS,1978,12,01,10.0,-999,-999
100080,LAGUNAS,1978,12,02,-888,-999,-999
100080,LAGUNAS,1978,12,03,-888,-999,-999
100080,LAGUNAS,1978,12,04,0.0,-999,-999
100080,LAGUNAS,1978,12,05,0.0,-999,-999
100080,LAGUNAS,1978,12,06,-888,-999,-999
100080,LAGUNAS,1978,12,07,34.5,-999,-999
100080,LAGUNAS,1978,12,08,20.0,-999,-999
100080,LAGUNAS,1978,12,09,0.0,-999,-999
100080,LAGUNAS,1978,12,10,0.8,-999,-999
100080,LAGUNAS,1978,12,11,41.5,-999,-999
100080,LAGUNAS,1978,12,12,0.0,-999,-999
100080,LAGUNAS,1978,12,13,0.0,-999,-999
100080,LAGUNAS,1978,12,14,0.0,-999,-999
100080,LAGUNAS,1978,12,15,-888,-999,-999
100080,LAGUNAS,1978,12,16,32.0,-999,-999
100080,LAGUNAS,1978,12,17,7.2,-999,-999
100080,LAGUNAS,1978,12,18,0.0,-999,-999
100080,LAGUNAS,1978,12,19,0.0,-999,-999
100080,LAGUNAS,1978,12,20,-888,-999,-999
100080,LAGUNAS,1978,12,21,5.5,-999,-999
100080,LAGUNAS,1978,12,22,10.3,-999,-999
100080,LAGUNAS,1978,12,23,0.0,-999,-999
100080,LAGUNAS,1978,12,24,0.4,-999,-999
100080,LAGUNAS,1978,12,25,0.0,-999,-999
100080,LAGUNAS,1978,12,26,0.0,-999,-999
100080,LAGUNAS,1978,12,27,13.5,-999,-999
100080,LAGUNAS,1978,12,28,6.3,-999,-999
100080,LAGUNAS,1978,12,29,0.0,-999,-999
100080,LAGUNAS,1978,12,30,0.0,-999,-999
100080,LAGUNAS,1978,12,31,-888,-999,-999
100080,LAGUNAS,1979,01,01,0.0,-999,-999
100080,LAGUNAS,1979,01,02,0.0,-999,-999
100080,LAGUNAS,1979,01,03,19.5,-999,-999
100080,LAGUNAS,1979,01,04,0.0,-999,-999
100080,LAGUNAS,1979,01,05,0.0,-999,-999
100080,LAGUNAS,1979,01,06,0.0,-999,-999
100080,LAGUNAS,1979,01,07,0.0,-999,-999
100080,LAGUNAS,1979,01,08,0.0,-999,-999
100080,LAGUNAS,1979,01,09,0.0,-999,-999
100080,LAGUNAS,1979,01,10,0.0,-999,-999
100080,LAGUNAS,1979,01,11,0.0,-999,-999
100080,LAGUNAS,1979,01,12,0.0,-999,-999
100080,LAGUNAS,1979,01,13,7.5,-999,-999
100080,LAGUNAS,1979,01,14,0.0,-999,-999
100080,LAGUNAS,1979,01,15,9.3,-999,-999
100080,LAGUNAS,1979,01,16,4.5,-999,-999
100080,LAGUNAS,1979,01,17,0.0,-999,-999
100080,LAGUNAS,1979,01,18,0.0,-999,-999
100080,LAGUNAS,1979,01,19,9.2,-999,-999
100080,LAGUNAS,1979,01,20,3.8,-999,-999
100080,LAGUNAS,1979,01,21,10.5,-999,-999
100080,LAGUNAS,1979,01,22,0.0,-999,-999
100080,LAGUNAS,1979,01,23,0.0,-999,-999
100080,LAGUNAS,1979,01,24,-888,-999,-999
100080,LAGUNAS,1979,01,25,42.5,-999,-999
100080,LAGUNAS,1979,01,26,0.0,-999,-999
100080,LAGUNAS,1979,01,27,4.3,-999,-999
100080,LAGUNAS,1979,01,28,50.0,-999,-999
100080,LAGUNAS,1979,01,29,0.0,-999,-999
100080,LAGUNAS,1979,01,30,0.0,-999,-999
100080,LAGUNAS,1979,01,31,0.0,-999,-999
100080,LAGUNAS,1979,02,01,0.0,-999,-999
100080,LAGUNAS,1979,02,02,-888,-999,-999
100080,LAGUNAS,1979,02,03,24.5,-999,-999
100080,LAGUNAS,1979,02,04,0.0,-999,-999
100080,LAGUNAS,1979,02,05,0.0,-999,-999
100080,LAGUNAS,1979,02,06,0.0,-999,-999
100080,LAGUNAS,1979,02,07,0.0,-999,-999
100080,LAGUNAS,1979,02,08,0.0,-999,-999
100080,LAGUNAS,1979,02,09,0.0,-999,-999
100080,LAGUNAS,1979,02,10,10.3,-999,-999
100080,LAGUNAS,1979,02,11,15.5,-999,-999
100080,LAGUNAS,1979,02,12,0.0,-999,-999
100080,LAGUNAS,1979,02,13,0.0,-999,-999
100080,LAGUNAS,1979,02,14,0.0,-999,-999
100080,LAGUNAS,1979,02,15,0.0,-999,-999
100080,LAGUNAS,1979,02,16,0.0,-999,-999
100080,LAGUNAS,1979,02,17,0.0,-999,-999
100080,LAGUNAS,1979,02,18,-888,-999,-999
100080,LAGUNAS,1979,02,19,0.0,-999,-999
100080,LAGUNAS,1979,02,20,0.0,-999,-999
100080,LAGUNAS,1979,02,21,0.0,-999,-999
100080,LAGUNAS,1979,02,22,12.3,-999,-999
100080,LAGUNAS,1979,02,23,0.0,-999,-999
100080,LAGUNAS,1979,02,24,-888,-999,-999
100080,LAGUNAS,1979,02,25,10.5,-999,-999
100080,LAGUNAS,1979,02,26,0.0,-999,-999
100080,LAGUNAS,1979,02,27,15.2,-999,-999
100080,LAGUNAS,1979,02,28,0.0,-999,-999
100080,LAGUNAS,1979,03,01,4.5,-999,-999
100080,LAGUNAS,1979,03,02,-888,-999,-999
100080,LAGUNAS,1979,03,03,35.3,-999,-999
100080,LAGUNAS,1979,03,04,10.5,-999,-999
100080,LAGUNAS,1979,03,05,15.3,-999,-999
100080,LAGUNAS,1979,03,06,-888,-999,-999
100080,LAGUNAS,1979,03,07,25.7,-999,-999
100080,LAGUNAS,1979,03,08,-888,-999,-999
100080,LAGUNAS,1979,03,09,0.0,-999,-999
100080,LAGUNAS,1979,03,10,0.0,-999,-999
100080,LAGUNAS,1979,03,11,4.5,-999,-999
100080,LAGUNAS,1979,03,12,0.0,-999,-999
100080,LAGUNAS,1979,03,13,3.5,-999,-999
100080,LAGUNAS,1979,03,14,0.0,-999,-999
100080,LAGUNAS,1979,03,15,0.0,-999,-999
100080,LAGUNAS,1979,03,16,-888,-999,-999
100080,LAGUNAS,1979,03,17,16.3,-999,-999
100080,LAGUNAS,1979,03,18,-888,-999,-999
100080,LAGUNAS,1979,03,19,19.5,-999,-999
100080,LAGUNAS,1979,03,20,0.0,-999,-999
100080,LAGUNAS,1979,03,21,0.0,-999,-999
100080,LAGUNAS,1979,03,22,7.3,-999,-999
100080,LAGUNAS,1979,03,23,2.0,-999,-999
100080,LAGUNAS,1979,03,24,63.5,-999,-999
100080,LAGUNAS,1979,03,25,-888,-999,-999
100080,LAGUNAS,1979,03,26,0.0,-999,-999
100080,LAGUNAS,1979,03,27,5.3,-999,-999
100080,LAGUNAS,1979,03,28,-888,-999,-999
100080,LAGUNAS,1979,03,29,4.5,-999,-999
100080,LAGUNAS,1979,03,30,9.5,-999,-999
100080,LAGUNAS,1979,03,31,0.0,-999,-999
100080,LAGUNAS,1979,04,01,0.0,-999,-999
100080,LAGUNAS,1979,04,02,6.3,-999,-999
100080,LAGUNAS,1979,04,03,5.5,-999,-999
100080,LAGUNAS,1979,04,04,0.0,-999,-999
100080,LAGUNAS,1979,04,05,39.5,-999,-999
100080,LAGUNAS,1979,04,06,6.2,-999,-999
100080,LAGUNAS,1979,04,07,4.3,-999,-999
100080,LAGUNAS,1979,04,08,0.0,-999,-999
100080,LAGUNAS,1979,04,09,0.0,-999,-999
100080,LAGUNAS,1979,04,10,3.8,-999,-999
100080,LAGUNAS,1979,04,11,-888,-999,-999
100080,LAGUNAS,1979,04,12,-888,-999,-999
100080,LAGUNAS,1979,04,13,15.0,-999,-999
100080,LAGUNAS,1979,04,14,20.3,-999,-999
100080,LAGUNAS,1979,04,15,14.5,-999,-999
100080,LAGUNAS,1979,04,16,11.5,-999,-999
100080,LAGUNAS,1979,04,17,0.0,-999,-999
100080,LAGUNAS,1979,04,18,10.7,-999,-999
100080,LAGUNAS,1979,04,19,0.0,-999,-999
100080,LAGUNAS,1979,04,20,0.0,-999,-999
100080,LAGUNAS,1979,04,21,0.0,-999,-999
100080,LAGUNAS,1979,04,22,21.8,-999,-999
100080,LAGUNAS,1979,04,23,-888,-999,-999
100080,LAGUNAS,1979,04,24,15.5,-999,-999
100080,LAGUNAS,1979,04,25,12.8,-999,-999
100080,LAGUNAS,1979,04,26,19.3,-999,-999
100080,LAGUNAS,1979,04,27,-888,-999,-999
100080,LAGUNAS,1979,04,28,3.8,-999,-999
100080,LAGUNAS,1979,04,29,13.5,-999,-999
100080,LAGUNAS,1979,04,30,0.0,-999,-999
100080,LAGUNAS,1979,05,01,0.0,-999,-999
100080,LAGUNAS,1979,05,02,0.0,-999,-999
100080,LAGUNAS,1979,05,03,0.0,-999,-999
100080,LAGUNAS,1979,05,04,-888,-999,-999
100080,LAGUNAS,1979,05,05,0.0,-999,-999
100080,LAGUNAS,1979,05,06,10.8,-999,-999
100080,LAGUNAS,1979,05,07,0.0,-999,-999
100080,LAGUNAS,1979,05,08,5.8,-999,-999
100080,LAGUNAS,1979,05,09,15.3,-999,-999
100080,LAGUNAS,1979,05,10,-888,-999,-999
100080,LAGUNAS,1979,05,11,-888,-999,-999
100080,LAGUNAS,1979,05,12,20.0,-999,-999
100080,LAGUNAS,1979,05,13,0.0,-999,-999
100080,LAGUNAS,1979,05,14,0.0,-999,-999
100080,LAGUNAS,1979,05,15,0.0,-999,-999
100080,LAGUNAS,1979,05,16,5.3,-999,-999
100080,LAGUNAS,1979,05,17,0.0,-999,-999
100080,LAGUNAS,1979,05,18,14.8,-999,-999
100080,LAGUNAS,1979,05,19,0.0,-999,-999
100080,LAGUNAS,1979,05,20,10.8,-999,-999
100080,LAGUNAS,1979,05,21,0.0,-999,-999
100080,LAGUNAS,1979,05,22,0.0,-999,-999
100080,LAGUNAS,1979,05,23,0.0,-999,-999
100080,LAGUNAS,1979,05,24,16.5,-999,-999
100080,LAGUNAS,1979,05,25,0.0,-999,-999
100080,LAGUNAS,1979,05,26,-888,-999,-999
100080,LAGUNAS,1979,05,27,0.0,-999,-999
100080,LAGUNAS,1979,05,28,0.0,-999,-999
100080,LAGUNAS,1979,05,29,0.0,-999,-999
100080,LAGUNAS,1979,05,30,25.2,-999,-999
100080,LAGUNAS,1979,05,31,3.5,-999,-999
100080,LAGUNAS,1979,06,01,0.0,-999,-999
100080,LAGUNAS,1979,06,02,0.0,-999,-999
100080,LAGUNAS,1979,06,03,0.0,-999,-999
100080,LAGUNAS,1979,06,04,0.0,-999,-999
100080,LAGUNAS,1979,06,05,0.0,-999,-999
100080,LAGUNAS,1979,06,06,28.5,-999,-999
100080,LAGUNAS,1979,06,07,0.0,-999,-999
100080,LAGUNAS,1979,06,08,13.5,-999,-999
100080,LAGUNAS,1979,06,09,0.0,-999,-999
100080,LAGUNAS,1979,06,10,0.0,-999,-999
100080,LAGUNAS,1979,06,11,0.0,-999,-999
100080,LAGUNAS,1979,06,12,0.0,-999,-999
100080,LAGUNAS,1979,06,13,0.0,-999,-999
100080,LAGUNAS,1979,06,14,6.3,-999,-999
100080,LAGUNAS,1979,06,15,0.0,-999,-999
100080,LAGUNAS,1979,06,16,0.0,-999,-999
100080,LAGUNAS,1979,06,17,0.0,-999,-999
100080,LAGUNAS,1979,06,18,0.0,-999,-999
100080,LAGUNAS,1979,06,19,0.0,-999,-999
100080,LAGUNAS,1979,06,20,0.0,-999,-999
100080,LAGUNAS,1979,06,21,0.0,-999,-999
100080,LAGUNAS,1979,06,22,0.0,-999,-999
100080,LAGUNAS,1979,06,23,0.0,-999,-999
100080,LAGUNAS,1979,06,24,0.0,-999,-999
100080,LAGUNAS,1979,06,25,8.3,-999,-999
100080,LAGUNAS,1979,06,26,-888,-999,-999
100080,LAGUNAS,1979,06,27,0.0,-999,-999
100080,LAGUNAS,1979,06,28,0.0,-999,-999
100080,LAGUNAS,1979,06,29,0.0,-999,-999
100080,LAGUNAS,1979,06,30,0.0,-999,-999
100080,LAGUNAS,1979,07,01,0.0,-999,-999
100080,LAGUNAS,1979,07,02,23.3,-999,-999
100080,LAGUNAS,1979,07,03,35.8,-999,-999
100080,LAGUNAS,1979,07,04,0.0,-999,-999
100080,LAGUNAS,1979,07,05,15.3,-999,-999
100080,LAGUNAS,1979,07,06,0.0,-999,-999
100080,LAGUNAS,1979,07,07,0.0,-999,-999
100080,LAGUNAS,1979,07,08,-888,-999,-999
100080,LAGUNAS,1979,07,09,13.8,-999,-999
100080,LAGUNAS,1979,07,10,0.0,-999,-999
100080,LAGUNAS,1979,07,11,0.0,-999,-999
100080,LAGUNAS,1979,07,12,0.0,-999,-999
100080,LAGUNAS,1979,07,13,0.0,-999,-999
100080,LAGUNAS,1979,07,14,0.0,-999,-999
100080,LAGUNAS,1979,07,15,-888,-999,-999
100080,LAGUNAS,1979,07,16,37.8,-999,-999
100080,LAGUNAS,1979,07,17,15.3,-999,-999
100080,LAGUNAS,1979,07,18,0.0,-999,-999
100080,LAGUNAS,1979,07,19,63.3,-999,-999
100080,LAGUNAS,1979,07,20,8.8,-999,-999
100080,LAGUNAS,1979,07,21,0.0,-999,-999
100080,LAGUNAS,1979,07,22,0.0,-999,-999
100080,LAGUNAS,1979,07,23,0.0,-999,-999
100080,LAGUNAS,1979,07,24,0.0,-999,-999
100080,LAGUNAS,1979,07,25,0.0,-999,-999
100080,LAGUNAS,1979,07,26,0.0,-999,-999
100080,LAGUNAS,1979,07,27,0.0,-999,-999
100080,LAGUNAS,1979,07,28,0.0,-999,-999
100080,LAGUNAS,1979,07,29,0.0,-999,-999
100080,LAGUNAS,1979,07,30,0.0,-999,-999
100080,LAGUNAS,1979,07,31,0.0,-999,-999
100080,LAGUNAS,1979,08,01,0.0,-999,-999
100080,LAGUNAS,1979,08,02,-888,-999,-999
100080,LAGUNAS,1979,08,03,21.8,-999,-999
100080,LAGUNAS,1979,08,04,0.0,-999,-999
100080,LAGUNAS,1979,08,05,3.5,-999,-999
100080,LAGUNAS,1979,08,06,0.0,-999,-999
100080,LAGUNAS,1979,08,07,0.0,-999,-999
100080,LAGUNAS,1979,08,08,30.5,-999,-999
100080,LAGUNAS,1979,08,09,0.0,-999,-999
100080,LAGUNAS,1979,08,10,0.0,-999,-999
100080,LAGUNAS,1979,08,11,0.0,-999,-999
100080,LAGUNAS,1979,08,12,5.8,-999,-999
100080,LAGUNAS,1979,08,13,0.0,-999,-999
100080,LAGUNAS,1979,08,14,0.0,-999,-999
100080,LAGUNAS,1979,08,15,-888,-999,-999
100080,LAGUNAS,1979,08,16,12.3,-999,-999
100080,LAGUNAS,1979,08,17,0.0,-999,-999
100080,LAGUNAS,1979,08,18,0.0,-999,-999
100080,LAGUNAS,1979,08,19,0.0,-999,-999
100080,LAGUNAS,1979,08,20,-888,-999,-999
100080,LAGUNAS,1979,08,21,0.0,-999,-999
100080,LAGUNAS,1979,08,22,0.0,-999,-999
100080,LAGUNAS,1979,08,23,9.5,-999,-999
100080,LAGUNAS,1979,08,24,0.0,-999,-999
100080,LAGUNAS,1979,08,25,0.0,-999,-999
100080,LAGUNAS,1979,08,26,0.0,-999,-999
100080,LAGUNAS,1979,08,27,0.0,-999,-999
100080,LAGUNAS,1979,08,28,0.0,-999,-999
100080,LAGUNAS,1979,08,29,0.0,-999,-999
100080,LAGUNAS,1979,08,30,0.0,-999,-999
100080,LAGUNAS,1979,08,31,0.0,-999,-999
100080,LAGUNAS,1979,09,01,0.0,-999,-999
100080,LAGUNAS,1979,09,02,33.3,-999,-999
100080,LAGUNAS,1979,09,03,0.0,-999,-999
100080,LAGUNAS,1979,09,04,46.5,-999,-999
100080,LAGUNAS,1979,09,05,16.0,-999,-999
100080,LAGUNAS,1979,09,06,0.0,-999,-999
100080,LAGUNAS,1979,09,07,0.0,-999,-999
100080,LAGUNAS,1979,09,08,0.0,-999,-999
100080,LAGUNAS,1979,09,09,0.0,-999,-999
100080,LAGUNAS,1979,09,10,0.0,-999,-999
100080,LAGUNAS,1979,09,11,0.0,-999,-999
100080,LAGUNAS,1979,09,12,0.0,-999,-999
100080,LAGUNAS,1979,09,13,0.0,-999,-999
100080,LAGUNAS,1979,09,14,0.0,-999,-999
100080,LAGUNAS,1979,09,15,0.0,-999,-999
100080,LAGUNAS,1979,09,16,7.8,-999,-999
100080,LAGUNAS,1979,09,17,11.3,-999,-999
100080,LAGUNAS,1979,09,18,0.0,-999,-999
100080,LAGUNAS,1979,09,19,10.5,-999,-999
100080,LAGUNAS,1979,09,20,0.0,-999,-999
100080,LAGUNAS,1979,09,21,0.0,-999,-999
100080,LAGUNAS,1979,09,22,0.0,-999,-999
100080,LAGUNAS,1979,09,23,0.0,-999,-999
100080,LAGUNAS,1979,09,24,0.0,-999,-999
100080,LAGUNAS,1979,09,25,0.0,-999,-999
100080,LAGUNAS,1979,09,26,0.0,-999,-999
100080,LAGUNAS,1979,09,27,0.0,-999,-999
100080,LAGUNAS,1979,09,28,0.0,-999,-999
100080,LAGUNAS,1979,09,29,0.0,-999,-999
100080,LAGUNAS,1979,09,30,0.0,-999,-999
100080,LAGUNAS,1979,10,01,43.8,-999,-999
100080,LAGUNAS,1979,10,02,10.8,-999,-999
100080,LAGUNAS,1979,10,03,0.0,-999,-999
100080,LAGUNAS,1979,10,04,0.0,-999,-999
100080,LAGUNAS,1979,10,05,77.1,-999,-999
100080,LAGUNAS,1979,10,06,0.0,-999,-999
100080,LAGUNAS,1979,10,07,9.5,-999,-999
100080,LAGUNAS,1979,10,08,6.8,-999,-999
100080,LAGUNAS,1979,10,09,0.0,-999,-999
100080,LAGUNAS,1979,10,10,0.0,-999,-999
100080,LAGUNAS,1979,10,11,10.5,-999,-999
100080,LAGUNAS,1979,10,12,0.0,-999,-999
100080,LAGUNAS,1979,10,13,0.0,-999,-999
100080,LAGUNAS,1979,10,14,0.0,-999,-999
100080,LAGUNAS,1979,10,15,4.8,-999,-999
100080,LAGUNAS,1979,10,16,15.3,-999,-999
100080,LAGUNAS,1979,10,17,0.0,-999,-999
100080,LAGUNAS,1979,10,18,0.0,-999,-999
100080,LAGUNAS,1979,10,19,0.0,-999,-999
100080,LAGUNAS,1979,10,20,0.0,-999,-999
100080,LAGUNAS,1979,10,21,0.0,-999,-999
100080,LAGUNAS,1979,10,22,0.0,-999,-999
100080,LAGUNAS,1979,10,23,0.0,-999,-999
100080,LAGUNAS,1979,10,24,0.0,-999,-999
100080,LAGUNAS,1979,10,25,0.0,-999,-999
100080,LAGUNAS,1979,10,26,-888,-999,-999
100080,LAGUNAS,1979,10,27,0.0,-999,-999
100080,LAGUNAS,1979,10,28,0.0,-999,-999
100080,LAGUNAS,1979,10,29,-888,-999,-999
100080,LAGUNAS,1979,10,30,0.3,-999,-999
100080,LAGUNAS,1979,10,31,5.3,-999,-999
100080,LAGUNAS,1979,11,01,0.0,-999,-999
100080,LAGUNAS,1979,11,02,5.8,-999,-999
100080,LAGUNAS,1979,11,03,0.0,-999,-999
100080,LAGUNAS,1979,11,04,-888,-999,-999
100080,LAGUNAS,1979,11,05,0.0,-999,-999
100080,LAGUNAS,1979,11,06,0.0,-999,-999
100080,LAGUNAS,1979,11,07,23.3,-999,-999
100080,LAGUNAS,1979,11,08,96.3,-999,-999
100080,LAGUNAS,1979,11,09,0.0,-999,-999
100080,LAGUNAS,1979,11,10,39.3,-999,-999
100080,LAGUNAS,1979,11,11,0.0,-999,-999
100080,LAGUNAS,1979,11,12,0.0,-999,-999
100080,LAGUNAS,1979,11,13,10.5,-999,-999
100080,LAGUNAS,1979,11,14,-888,-999,-999
100080,LAGUNAS,1979,11,15,15.8,-999,-999
100080,LAGUNAS,1979,11,16,-888,-999,-999
100080,LAGUNAS,1979,11,17,0.0,-999,-999
100080,LAGUNAS,1979,11,18,0.0,-999,-999
100080,LAGUNAS,1979,11,19,69.3,-999,-999
100080,LAGUNAS,1979,11,20,1.9,-999,-999
100080,LAGUNAS,1979,11,21,0.0,-999,-999
100080,LAGUNAS,1979,11,22,4.3,-999,-999
100080,LAGUNAS,1979,11,23,4.5,-999,-999
100080,LAGUNAS,1979,11,24,7.8,-999,-999
100080,LAGUNAS,1979,11,25,0.0,-999,-999
100080,LAGUNAS,1979,11,26,39.5,-999,-999
100080,LAGUNAS,1979,11,27,0.0,-999,-999
100080,LAGUNAS,1979,11,28,0.0,-999,-999
100080,LAGUNAS,1979,11,29,0.0,-999,-999
100080,LAGUNAS,1979,11,30,0.0,-999,-999
100080,LAGUNAS,1979,12,01,0.0,-999,-999
100080,LAGUNAS,1979,12,02,14.5,-999,-999
100080,LAGUNAS,1979,12,03,0.0,-999,-999
100080,LAGUNAS,1979,12,04,0.0,-999,-999
100080,LAGUNAS,1979,12,05,15.8,-999,-999
100080,LAGUNAS,1979,12,06,0.0,-999,-999
100080,LAGUNAS,1979,12,07,4.8,-999,-999
100080,LAGUNAS,1979,12,08,0.0,-999,-999
100080,LAGUNAS,1979,12,09,0.0,-999,-999
100080,LAGUNAS,1979,12,10,11.3,-999,-999
100080,LAGUNAS,1979,12,11,28.0,-999,-999
100080,LAGUNAS,1979,12,12,28.8,-999,-999
100080,LAGUNAS,1979,12,13,0.0,-999,-999
100080,LAGUNAS,1979,12,14,8.5,-999,-999
100080,LAGUNAS,1979,12,15,0.0,-999,-999
100080,LAGUNAS,1979,12,16,0.0,-999,-999
100080,LAGUNAS,1979,12,17,10.8,-999,-999
100080,LAGUNAS,1979,12,18,0.0,-999,-999
100080,LAGUNAS,1979,12,19,0.0,-999,-999
100080,LAGUNAS,1979,12,20,0.0,-999,-999
100080,LAGUNAS,1979,12,21,0.0,-999,-999
100080,LAGUNAS,1979,12,22,0.0,-999,-999
100080,LAGUNAS,1979,12,23,0.0,-999,-999
100080,LAGUNAS,1979,12,24,0.0,-999,-999
100080,LAGUNAS,1979,12,25,0.0,-999,-999
100080,LAGUNAS,1979,12,26,36.8,-999,-999
100080,LAGUNAS,1979,12,27,0.0,-999,-999
100080,LAGUNAS,1979,12,28,-888,-999,-999
100080,LAGUNAS,1979,12,29,0.0,-999,-999
100080,LAGUNAS,1979,12,30,0.0,-999,-999
100080,LAGUNAS,1979,12,31,0.0,-999,-999
100080,LAGUNAS,1980,01,01,43.8,-999,-999
100080,LAGUNAS,1980,01,02,3.5,-999,-999
100080,LAGUNAS,1980,01,03,0.0,-999,-999
100080,LAGUNAS,1980,01,04,0.0,-999,-999
100080,LAGUNAS,1980,01,05,9.5,-999,-999
100080,LAGUNAS,1980,01,06,0.0,-999,-999
100080,LAGUNAS,1980,01,07,4.8,-999,-999
100080,LAGUNAS,1980,01,08,11.5,-999,-999
100080,LAGUNAS,1980,01,09,0.0,-999,-999
100080,LAGUNAS,1980,01,10,0.0,-999,-999
100080,LAGUNAS,1980,01,11,0.0,-999,-999
100080,LAGUNAS,1980,01,12,-888,-999,-999
100080,LAGUNAS,1980,01,13,0.0,-999,-999
100080,LAGUNAS,1980,01,14,5.8,-999,-999
100080,LAGUNAS,1980,01,15,47.3,-999,-999
100080,LAGUNAS,1980,01,16,45.0,-999,-999
100080,LAGUNAS,1980,01,17,9.5,-999,-999
100080,LAGUNAS,1980,01,18,0.0,-999,-999
100080,LAGUNAS,1980,01,19,34.0,-999,-999
100080,LAGUNAS,1980,01,20,12.8,-999,-999
100080,LAGUNAS,1980,01,21,19.2,-999,-999
100080,LAGUNAS,1980,01,22,0.0,-999,-999
100080,LAGUNAS,1980,01,23,0.0,-999,-999
100080,LAGUNAS,1980,01,24,0.0,-999,-999
100080,LAGUNAS,1980,01,25,18.8,-999,-999
100080,LAGUNAS,1980,01,26,7.5,-999,-999
100080,LAGUNAS,1980,01,27,0.0,-999,-999
100080,LAGUNAS,1980,01,28,0.0,-999,-999
100080,LAGUNAS,1980,01,29,3.8,-999,-999
100080,LAGUNAS,1980,01,30,0.0,-999,-999
100080,LAGUNAS,1980,01,31,0.0,-999,-999
100080,LAGUNAS,1980,02,01,15.8,-999,-999
100080,LAGUNAS,1980,02,02,-888,-999,-999
100080,LAGUNAS,1980,02,03,0.0,-999,-999
100080,LAGUNAS,1980,02,04,0.0,-999,-999
100080,LAGUNAS,1980,02,05,0.0,-999,-999
100080,LAGUNAS,1980,02,06,-888,-999,-999
100080,LAGUNAS,1980,02,07,5.8,-999,-999
100080,LAGUNAS,1980,02,08,27.0,-999,-999
100080,LAGUNAS,1980,02,09,0.0,-999,-999
100080,LAGUNAS,1980,02,10,0.0,-999,-999
100080,LAGUNAS,1980,02,11,0.0,-999,-999
100080,LAGUNAS,1980,02,12,0.0,-999,-999
100080,LAGUNAS,1980,02,13,-888,-999,-999
100080,LAGUNAS,1980,02,14,0.0,-999,-999
100080,LAGUNAS,1980,02,15,0.0,-999,-999
100080,LAGUNAS,1980,02,16,0.0,-999,-999
100080,LAGUNAS,1980,02,17,35.8,-999,-999
100080,LAGUNAS,1980,02,18,0.0,-999,-999
100080,LAGUNAS,1980,02,19,0.0,-999,-999
100080,LAGUNAS,1980,02,20,0.3,-999,-999
100080,LAGUNAS,1980,02,21,0.0,-999,-999
100080,LAGUNAS,1980,02,22,0.0,-999,-999
100080,LAGUNAS,1980,02,23,0.0,-999,-999
100080,LAGUNAS,1980,02,24,0.0,-999,-999
100080,LAGUNAS,1980,02,25,0.0,-999,-999
100080,LAGUNAS,1980,02,26,0.0,-999,-999
100080,LAGUNAS,1980,02,27,0.0,-999,-999
100080,LAGUNAS,1980,02,28,0.0,-999,-999
100080,LAGUNAS,1980,02,29,0.0,-999,-999
100080,LAGUNAS,1980,03,01,0.0,-999,-999
100080,LAGUNAS,1980,03,02,0.0,-999,-999
100080,LAGUNAS,1980,03,03,-888,-999,-999
100080,LAGUNAS,1980,03,04,0.0,-999,-999
100080,LAGUNAS,1980,03,05,4.2,-999,-999
100080,LAGUNAS,1980,03,06,15.8,-999,-999
100080,LAGUNAS,1980,03,07,0.0,-999,-999
100080,LAGUNAS,1980,03,08,3.8,-999,-999
100080,LAGUNAS,1980,03,09,-888,-999,-999
100080,LAGUNAS,1980,03,10,0.0,-999,-999
100080,LAGUNAS,1980,03,11,0.0,-999,-999
100080,LAGUNAS,1980,03,12,6.8,-999,-999
100080,LAGUNAS,1980,03,13,0.0,-999,-999
100080,LAGUNAS,1980,03,14,0.0,-999,-999
100080,LAGUNAS,1980,03,15,58.3,-999,-999
100080,LAGUNAS,1980,03,16,0.0,-999,-999
100080,LAGUNAS,1980,03,17,0.0,-999,-999
100080,LAGUNAS,1980,03,18,7.3,-999,-999
100080,LAGUNAS,1980,03,19,16.5,-999,-999
100080,LAGUNAS,1980,03,20,0.0,-999,-999
100080,LAGUNAS,1980,03,21,28.8,-999,-999
100080,LAGUNAS,1980,03,22,3.8,-999,-999
100080,LAGUNAS,1980,03,23,0.0,-999,-999
100080,LAGUNAS,1980,03,24,0.0,-999,-999
100080,LAGUNAS,1980,03,25,14.5,-999,-999
100080,LAGUNAS,1980,03,26,0.0,-999,-999
100080,LAGUNAS,1980,03,27,12.8,-999,-999
100080,LAGUNAS,1980,03,28,19.8,-999,-999
100080,LAGUNAS,1980,03,29,0.0,-999,-999
100080,LAGUNAS,1980,03,30,0.0,-999,-999
100080,LAGUNAS,1980,03,31,17.8,-999,-999
100080,LAGUNAS,1980,04,01,0.0,-999,-999
100080,LAGUNAS,1980,04,02,0.0,-999,-999
100080,LAGUNAS,1980,04,03,0.0,-999,-999
100080,LAGUNAS,1980,04,04,0.0,-999,-999
100080,LAGUNAS,1980,04,05,0.0,-999,-999
100080,LAGUNAS,1980,04,06,0.0,-999,-999
100080,LAGUNAS,1980,04,07,0.0,-999,-999
100080,LAGUNAS,1980,04,08,0.0,-999,-999
100080,LAGUNAS,1980,04,09,10.8,-999,-999
100080,LAGUNAS,1980,04,10,0.0,-999,-999
100080,LAGUNAS,1980,04,11,8.7,-999,-999
100080,LAGUNAS,1980,04,12,0.0,-999,-999
100080,LAGUNAS,1980,04,13,7.8,-999,-999
100080,LAGUNAS,1980,04,14,73.5,-999,-999
100080,LAGUNAS,1980,04,15,0.0,-999,-999
100080,LAGUNAS,1980,04,16,0.0,-999,-999
100080,LAGUNAS,1980,04,17,13.3,-999,-999
100080,LAGUNAS,1980,04,18,-888,-999,-999
100080,LAGUNAS,1980,04,19,4.8,-999,-999
100080,LAGUNAS,1980,04,20,3.5,-999,-999
100080,LAGUNAS,1980,04,21,0.0,-999,-999
100080,LAGUNAS,1980,04,22,0.0,-999,-999
100080,LAGUNAS,1980,04,23,0.0,-999,-999
100080,LAGUNAS,1980,04,24,0.0,-999,-999
100080,LAGUNAS,1980,04,25,37.8,-999,-999
100080,LAGUNAS,1980,04,26,0.0,-999,-999
100080,LAGUNAS,1980,04,27,0.0,-999,-999
100080,LAGUNAS,1980,04,28,0.0,-999,-999
100080,LAGUNAS,1980,04,29,9.2,-999,-999
100080,LAGUNAS,1980,04,30,26.8,-999,-999
100080,LAGUNAS,1980,05,01,0.0,-999,-999
100080,LAGUNAS,1980,05,02,-888,-999,-999
100080,LAGUNAS,1980,05,03,85.8,-999,-999
100080,LAGUNAS,1980,05,04,0.0,-999,-999
100080,LAGUNAS,1980,05,05,0.0,-999,-999
100080,LAGUNAS,1980,05,06,0.0,-999,-999
100080,LAGUNAS,1980,05,07,10.5,-999,-999
100080,LAGUNAS,1980,05,08,0.0,-999,-999
100080,LAGUNAS,1980,05,09,0.0,-999,-999
100080,LAGUNAS,1980,05,10,15.8,-999,-999
100080,LAGUNAS,1980,05,11,0.0,-999,-999
100080,LAGUNAS,1980,05,12,0.0,-999,-999
100080,LAGUNAS,1980,05,13,0.0,-999,-999
100080,LAGUNAS,1980,05,14,0.0,-999,-999
100080,LAGUNAS,1980,05,15,0.0,-999,-999
100080,LAGUNAS,1980,05,16,-888,-999,-999
100080,LAGUNAS,1980,05,17,0.0,-999,-999
100080,LAGUNAS,1980,05,18,0.0,-999,-999
100080,LAGUNAS,1980,05,19,0.0,-999,-999
100080,LAGUNAS,1980,05,20,10.5,-999,-999
100080,LAGUNAS,1980,05,21,-888,-999,-999
100080,LAGUNAS,1980,05,22,7.2,-999,-999
100080,LAGUNAS,1980,05,23,-888,-999,-999
100080,LAGUNAS,1980,05,24,0.0,-999,-999
100080,LAGUNAS,1980,05,25,0.0,-999,-999
100080,LAGUNAS,1980,05,26,0.0,-999,-999
100080,LAGUNAS,1980,05,27,0.0,-999,-999
100080,LAGUNAS,1980,05,28,-888,-999,-999
100080,LAGUNAS,1980,05,29,5.8,-999,-999
100080,LAGUNAS,1980,05,30,0.0,-999,-999
100080,LAGUNAS,1980,05,31,0.0,-999,-999
100080,LAGUNAS,1980,06,01,0.0,-999,-999
100080,LAGUNAS,1980,06,02,12.5,-999,-999
100080,LAGUNAS,1980,06,03,0.0,-999,-999
100080,LAGUNAS,1980,06,04,13.8,-999,-999
100080,LAGUNAS,1980,06,05,0.0,-999,-999
100080,LAGUNAS,1980,06,06,0.0,-999,-999
100080,LAGUNAS,1980,06,07,5.5,-999,-999
100080,LAGUNAS,1980,06,08,0.0,-999,-999
100080,LAGUNAS,1980,06,09,5.8,-999,-999
100080,LAGUNAS,1980,06,10,10.0,-999,-999
100080,LAGUNAS,1980,06,11,0.0,-999,-999
100080,LAGUNAS,1980,06,12,0.0,-999,-999
100080,LAGUNAS,1980,06,13,-888,-999,-999
100080,LAGUNAS,1980,06,14,12.3,-999,-999
100080,LAGUNAS,1980,06,15,20.8,-999,-999
100080,LAGUNAS,1980,06,16,0.0,-999,-999
100080,LAGUNAS,1980,06,17,0.0,-999,-999
100080,LAGUNAS,1980,06,18,0.0,-999,-999
100080,LAGUNAS,1980,06,19,0.0,-999,-999
100080,LAGUNAS,1980,06,20,0.0,-999,-999
100080,LAGUNAS,1980,06,21,0.0,-999,-999
100080,LAGUNAS,1980,06,22,0.0,-999,-999
100080,LAGUNAS,1980,06,23,0.0,-999,-999
100080,LAGUNAS,1980,06,24,0.0,-999,-999
100080,LAGUNAS,1980,06,25,0.0,-999,-999
100080,LAGUNAS,1980,06,26,0.0,-999,-999
100080,LAGUNAS,1980,06,27,15.5,-999,-999
100080,LAGUNAS,1980,06,28,0.0,-999,-999
100080,LAGUNAS,1980,06,29,0.0,-999,-999
100080,LAGUNAS,1980,06,30,0.0,-999,-999
100080,LAGUNAS,1980,07,01,0.0,-999,-999
100080,LAGUNAS,1980,07,02,0.0,-999,-999
100080,LAGUNAS,1980,07,03,7.8,-999,-999
100080,LAGUNAS,1980,07,04,0.0,-999,-999
100080,LAGUNAS,1980,07,05,0.0,-999,-999
100080,LAGUNAS,1980,07,06,0.0,-999,-999
100080,LAGUNAS,1980,07,07,0.0,-999,-999
100080,LAGUNAS,1980,07,08,0.0,-999,-999
100080,LAGUNAS,1980,07,09,10.5,-999,-999
100080,LAGUNAS,1980,07,10,15.8,-999,-999
100080,LAGUNAS,1980,07,11,-888,-999,-999
100080,LAGUNAS,1980,07,12,0.0,-999,-999
100080,LAGUNAS,1980,07,13,0.0,-999,-999
100080,LAGUNAS,1980,07,14,0.0,-999,-999
100080,LAGUNAS,1980,07,15,18.5,-999,-999
100080,LAGUNAS,1980,07,16,0.0,-999,-999
100080,LAGUNAS,1980,07,17,23.3,-999,-999
100080,LAGUNAS,1980,07,18,-888,-999,-999
100080,LAGUNAS,1980,07,19,6.3,-999,-999
100080,LAGUNAS,1980,07,20,0.0,-999,-999
100080,LAGUNAS,1980,07,21,-888,-999,-999
100080,LAGUNAS,1980,07,22,10.5,-999,-999
100080,LAGUNAS,1980,07,23,24.8,-999,-999
100080,LAGUNAS,1980,07,24,0.0,-999,-999
100080,LAGUNAS,1980,07,25,0.0,-999,-999
100080,LAGUNAS,1980,07,26,0.0,-999,-999
100080,LAGUNAS,1980,07,27,-888,-999,-999
100080,LAGUNAS,1980,07,28,-888,-999,-999
100080,LAGUNAS,1980,07,29,0.0,-999,-999
100080,LAGUNAS,1980,07,30,0.0,-999,-999
100080,LAGUNAS,1980,07,31,22.8,-999,-999
100080,LAGUNAS,1980,08,01,0.0,-999,-999
100080,LAGUNAS,1980,08,02,0.0,-999,-999
100080,LAGUNAS,1980,08,03,0.0,-999,-999
100080,LAGUNAS,1980,08,04,0.0,-999,-999
100080,LAGUNAS,1980,08,05,0.0,-999,-999
100080,LAGUNAS,1980,08,06,0.0,-999,-999
100080,LAGUNAS,1980,08,07,0.0,-999,-999
100080,LAGUNAS,1980,08,08,11.8,-999,-999
100080,LAGUNAS,1980,08,09,0.0,-999,-999
100080,LAGUNAS,1980,08,10,0.0,-999,-999
100080,LAGUNAS,1980,08,11,0.0,-999,-999
100080,LAGUNAS,1980,08,12,6.5,-999,-999
100080,LAGUNAS,1980,08,13,0.0,-999,-999
100080,LAGUNAS,1980,08,14,0.0,-999,-999
100080,LAGUNAS,1980,08,15,0.0,-999,-999
100080,LAGUNAS,1980,08,16,0.0,-999,-999
100080,LAGUNAS,1980,08,17,0.0,-999,-999
100080,LAGUNAS,1980,08,18,0.0,-999,-999
100080,LAGUNAS,1980,08,19,0.0,-999,-999
100080,LAGUNAS,1980,08,20,17.0,-999,-999
100080,LAGUNAS,1980,08,21,0.0,-999,-999
100080,LAGUNAS,1980,08,22,0.0,-999,-999
100080,LAGUNAS,1980,08,23,0.0,-999,-999
100080,LAGUNAS,1980,08,24,0.0,-999,-999
100080,LAGUNAS,1980,08,25,0.0,-999,-999
100080,LAGUNAS,1980,08,26,7.8,-999,-999
100080,LAGUNAS,1980,08,27,0.3,-999,-999
100080,LAGUNAS,1980,08,28,0.0,-999,-999
100080,LAGUNAS,1980,08,29,0.0,-999,-999
100080,LAGUNAS,1980,08,30,-888,-999,-999
100080,LAGUNAS,1980,08,31,4.5,-999,-999
100080,LAGUNAS,1980,09,01,0.0,-999,-999
100080,LAGUNAS,1980,09,02,0.0,-999,-999
100080,LAGUNAS,1980,09,03,0.0,-999,-999
100080,LAGUNAS,1980,09,04,0.0,-999,-999
100080,LAGUNAS,1980,09,05,0.0,-999,-999
100080,LAGUNAS,1980,09,06,0.0,-999,-999
100080,LAGUNAS,1980,09,07,0.0,-999,-999
100080,LAGUNAS,1980,09,08,0.0,-999,-999
100080,LAGUNAS,1980,09,09,19.0,-999,-999
100080,LAGUNAS,1980,09,10,0.0,-999,-999
100080,LAGUNAS,1980,09,11,0.0,-999,-999
100080,LAGUNAS,1980,09,12,0.0,-999,-999
100080,LAGUNAS,1980,09,13,0.0,-999,-999
100080,LAGUNAS,1980,09,14,0.0,-999,-999
100080,LAGUNAS,1980,09,15,0.0,-999,-999
100080,LAGUNAS,1980,09,16,34.5,-999,-999
100080,LAGUNAS,1980,09,17,0.0,-999,-999
100080,LAGUNAS,1980,09,18,0.0,-999,-999
100080,LAGUNAS,1980,09,19,0.0,-999,-999
100080,LAGUNAS,1980,09,20,0.0,-999,-999
100080,LAGUNAS,1980,09,21,0.0,-999,-999
100080,LAGUNAS,1980,09,22,0.0,-999,-999
100080,LAGUNAS,1980,09,23,0.0,-999,-999
100080,LAGUNAS,1980,09,24,0.0,-999,-999
100080,LAGUNAS,1980,09,25,-888,-999,-999
100080,LAGUNAS,1980,09,26,0.0,-999,-999
100080,LAGUNAS,1980,09,27,0.0,-999,-999
100080,LAGUNAS,1980,09,28,0.0,-999,-999
100080,LAGUNAS,1980,09,29,0.0,-999,-999
100080,LAGUNAS,1980,09,30,0.0,-999,-999
100080,LAGUNAS,1980,10,01,0.0,-999,-999
100080,LAGUNAS,1980,10,02,-888,-999,-999
100080,LAGUNAS,1980,10,03,0.0,-999,-999
100080,LAGUNAS,1980,10,04,0.0,-999,-999
100080,LAGUNAS,1980,10,05,0.0,-999,-999
100080,LAGUNAS,1980,10,06,0.0,-999,-999
100080,LAGUNAS,1980,10,07,0.0,-999,-999
100080,LAGUNAS,1980,10,08,-888,-999,-999
100080,LAGUNAS,1980,10,09,50.0,-999,-999
100080,LAGUNAS,1980,10,10,0.0,-999,-999
100080,LAGUNAS,1980,10,11,0.0,-999,-999
100080,LAGUNAS,1980,10,12,0.0,-999,-999
100080,LAGUNAS,1980,10,13,13.8,-999,-999
100080,LAGUNAS,1980,10,14,0.0,-999,-999
100080,LAGUNAS,1980,10,15,5.3,-999,-999
100080,LAGUNAS,1980,10,16,12.5,-999,-999
100080,LAGUNAS,1980,10,17,21.0,-999,-999
100080,LAGUNAS,1980,10,18,0.0,-999,-999
100080,LAGUNAS,1980,10,19,46.8,-999,-999
100080,LAGUNAS,1980,10,20,8.3,-999,-999
100080,LAGUNAS,1980,10,21,0.0,-999,-999
100080,LAGUNAS,1980,10,22,0.0,-999,-999
100080,LAGUNAS,1980,10,23,65.3,-999,-999
100080,LAGUNAS,1980,10,24,23.8,-999,-999
100080,LAGUNAS,1980,10,25,0.0,-999,-999
100080,LAGUNAS,1980,10,26,0.0,-999,-999
100080,LAGUNAS,1980,10,27,0.0,-999,-999
100080,LAGUNAS,1980,10,28,0.0,-999,-999
100080,LAGUNAS,1980,10,29,40.3,-999,-999
100080,LAGUNAS,1980,10,30,0.0,-999,-999
100080,LAGUNAS,1980,10,31,10.8,-999,-999
100080,LAGUNAS,1980,11,01,56.3,-999,-999
100080,LAGUNAS,1980,11,02,0.0,-999,-999
100080,LAGUNAS,1980,11,03,0.0,-999,-999
100080,LAGUNAS,1980,11,04,-888,-999,-999
100080,LAGUNAS,1980,11,05,0.0,-999,-999
100080,LAGUNAS,1980,11,06,0.0,-999,-999
100080,LAGUNAS,1980,11,07,0.0,-999,-999
100080,LAGUNAS,1980,11,08,0.0,-999,-999
100080,LAGUNAS,1980,11,09,-888,-999,-999
100080,LAGUNAS,1980,11,10,0.0,-999,-999
100080,LAGUNAS,1980,11,11,0.3,-999,-999
100080,LAGUNAS,1980,11,12,0.0,-999,-999
100080,LAGUNAS,1980,11,13,0.0,-999,-999
100080,LAGUNAS,1980,11,14,0.0,-999,-999
100080,LAGUNAS,1980,11,15,0.0,-999,-999
100080,LAGUNAS,1980,11,16,0.0,-999,-999
100080,LAGUNAS,1980,11,17,7.5,-999,-999
100080,LAGUNAS,1980,11,18,-888,-999,-999
100080,LAGUNAS,1980,11,19,0.5,-999,-999
100080,LAGUNAS,1980,11,20,-888,-999,-999
100080,LAGUNAS,1980,11,21,37.8,-999,-999
100080,LAGUNAS,1980,11,22,0.0,-999,-999
100080,LAGUNAS,1980,11,23,0.0,-999,-999
100080,LAGUNAS,1980,11,24,0.0,-999,-999
100080,LAGUNAS,1980,11,25,0.0,-999,-999
100080,LAGUNAS,1980,11,26,20.5,-999,-999
100080,LAGUNAS,1980,11,27,15.3,-999,-999
100080,LAGUNAS,1980,11,28,-888,-999,-999
100080,LAGUNAS,1980,11,29,23.8,-999,-999
100080,LAGUNAS,1980,11,30,0.0,-999,-999
100080,LAGUNAS,1980,12,01,0.0,-999,-999
100080,LAGUNAS,1980,12,02,0.0,-999,-999
100080,LAGUNAS,1980,12,03,0.0,-999,-999
100080,LAGUNAS,1980,12,04,0.0,-999,-999
100080,LAGUNAS,1980,12,05,12.3,-999,-999
100080,LAGUNAS,1980,12,06,10.8,-999,-999
100080,LAGUNAS,1980,12,07,0.0,-999,-999
100080,LAGUNAS,1980,12,08,15.5,-999,-999
100080,LAGUNAS,1980,12,09,7.3,-999,-999
100080,LAGUNAS,1980,12,10,0.3,-999,-999
100080,LAGUNAS,1980,12,11,0.0,-999,-999
100080,LAGUNAS,1980,12,12,0.0,-999,-999
100080,LAGUNAS,1980,12,13,0.0,-999,-999
100080,LAGUNAS,1980,12,14,0.0,-999,-999
100080,LAGUNAS,1980,12,15,5.8,-999,-999
100080,LAGUNAS,1980,12,16,0.0,-999,-999
100080,LAGUNAS,1980,12,17,24.5,-999,-999
100080,LAGUNAS,1980,12,18,0.0,-999,-999
100080,LAGUNAS,1980,12,19,0.0,-999,-999
100080,LAGUNAS,1980,12,20,0.0,-999,-999
100080,LAGUNAS,1980,12,21,-888,-999,-999
100080,LAGUNAS,1980,12,22,0.0,-999,-999
100080,LAGUNAS,1980,12,23,60.8,-999,-999
100080,LAGUNAS,1980,12,24,0.0,-999,-999
100080,LAGUNAS,1980,12,25,0.0,-999,-999
100080,LAGUNAS,1980,12,26,0.0,-999,-999
100080,LAGUNAS,1980,12,27,25.3,-999,-999
100080,LAGUNAS,1980,12,28,0.0,-999,-999
100080,LAGUNAS,1980,12,29,0.0,-999,-999
100080,LAGUNAS,1980,12,30,9.5,-999,-999
100080,LAGUNAS,1980,12,31,0.0,-999,-999
100080,LAGUNAS,1981,01,01,-888,-999,-999
100080,LAGUNAS,1981,01,02,0.4,-999,-999
100080,LAGUNAS,1981,01,03,0.0,-999,-999
100080,LAGUNAS,1981,01,04,0.0,-999,-999
100080,LAGUNAS,1981,01,05,0.0,-999,-999
100080,LAGUNAS,1981,01,06,-888,-999,-999
100080,LAGUNAS,1981,01,07,5.8,-999,-999
100080,LAGUNAS,1981,01,08,0.0,-999,-999
100080,LAGUNAS,1981,01,09,0.0,-999,-999
100080,LAGUNAS,1981,01,10,0.0,-999,-999
100080,LAGUNAS,1981,01,11,0.0,-999,-999
100080,LAGUNAS,1981,01,12,18.8,-999,-999
100080,LAGUNAS,1981,01,13,-888,-999,-999
100080,LAGUNAS,1981,01,14,0.0,-999,-999
100080,LAGUNAS,1981,01,15,0.0,-999,-999
100080,LAGUNAS,1981,01,16,13.5,-999,-999
100080,LAGUNAS,1981,01,17,0.0,-999,-999
100080,LAGUNAS,1981,01,18,0.0,-999,-999
100080,LAGUNAS,1981,01,19,35.3,-999,-999
100080,LAGUNAS,1981,01,20,0.0,-999,-999
100080,LAGUNAS,1981,01,21,0.0,-999,-999
100080,LAGUNAS,1981,01,22,0.0,-999,-999
100080,LAGUNAS,1981,01,23,0.0,-999,-999
100080,LAGUNAS,1981,01,24,0.0,-999,-999
100080,LAGUNAS,1981,01,25,0.0,-999,-999
100080,LAGUNAS,1981,01,26,0.0,-999,-999
100080,LAGUNAS,1981,01,27,-888,-999,-999
100080,LAGUNAS,1981,01,28,0.3,-999,-999
100080,LAGUNAS,1981,01,29,40.0,-999,-999
100080,LAGUNAS,1981,01,30,0.0,-999,-999
100080,LAGUNAS,1981,01,31,15.5,-999,-999
100080,LAGUNAS,1981,02,01,0.0,-999,-999
100080,LAGUNAS,1981,02,02,14.5,-999,-999
100080,LAGUNAS,1981,02,03,4.3,-999,-999
100080,LAGUNAS,1981,02,04,4.8,-999,-999
100080,LAGUNAS,1981,02,05,6.5,-999,-999
100080,LAGUNAS,1981,02,06,0.0,-999,-999
100080,LAGUNAS,1981,02,07,-888,-999,-999
100080,LAGUNAS,1981,02,08,32.8,-999,-999
100080,LAGUNAS,1981,02,09,0.0,-999,-999
100080,LAGUNAS,1981,02,10,0.0,-999,-999
100080,LAGUNAS,1981,02,11,0.0,-999,-999
100080,LAGUNAS,1981,02,12,-888,-999,-999
100080,LAGUNAS,1981,02,13,13.5,-999,-999
100080,LAGUNAS,1981,02,14,0.0,-999,-999
100080,LAGUNAS,1981,02,15,-888,-999,-999
100080,LAGUNAS,1981,02,16,10.3,-999,-999
100080,LAGUNAS,1981,02,17,20.8,-999,-999
100080,LAGUNAS,1981,02,18,19.8,-999,-999
100080,LAGUNAS,1981,02,19,0.0,-999,-999
100080,LAGUNAS,1981,02,20,37.5,-999,-999
100080,LAGUNAS,1981,02,21,3.8,-999,-999
100080,LAGUNAS,1981,02,22,0.0,-999,-999
100080,LAGUNAS,1981,02,23,25.0,-999,-999
100080,LAGUNAS,1981,02,24,0.0,-999,-999
100080,LAGUNAS,1981,02,25,0.0,-999,-999
100080,LAGUNAS,1981,02,26,26.1,-999,-999
100080,LAGUNAS,1981,02,27,0.0,-999,-999
100080,LAGUNAS,1981,02,28,-888,-999,-999
100080,LAGUNAS,1981,03,01,24.8,-999,-999
100080,LAGUNAS,1981,03,02,0.0,-999,-999
100080,LAGUNAS,1981,03,03,0.0,-999,-999
100080,LAGUNAS,1981,03,04,0.0,-999,-999
100080,LAGUNAS,1981,03,05,0.0,-999,-999
100080,LAGUNAS,1981,03,06,0.0,-999,-999
100080,LAGUNAS,1981,03,07,0.0,-999,-999
100080,LAGUNAS,1981,03,08,15.8,-999,-999
100080,LAGUNAS,1981,03,09,50.0,-999,-999
100080,LAGUNAS,1981,03,10,0.0,-999,-999
100080,LAGUNAS,1981,03,11,-888,-999,-999
100080,LAGUNAS,1981,03,12,0.0,-999,-999
100080,LAGUNAS,1981,03,13,0.0,-999,-999
100080,LAGUNAS,1981,03,14,0.0,-999,-999
100080,LAGUNAS,1981,03,15,0.0,-999,-999
100080,LAGUNAS,1981,03,16,0.0,-999,-999
100080,LAGUNAS,1981,03,17,60.5,-999,-999
100080,LAGUNAS,1981,03,18,0.0,-999,-999
100080,LAGUNAS,1981,03,19,0.0,-999,-999
100080,LAGUNAS,1981,03,20,10.8,-999,-999
100080,LAGUNAS,1981,03,21,12.3,-999,-999
100080,LAGUNAS,1981,03,22,0.0,-999,-999
100080,LAGUNAS,1981,03,23,0.0,-999,-999
100080,LAGUNAS,1981,03,24,15.8,-999,-999
100080,LAGUNAS,1981,03,25,0.0,-999,-999
100080,LAGUNAS,1981,03,26,0.0,-999,-999
100080,LAGUNAS,1981,03,27,0.0,-999,-999
100080,LAGUNAS,1981,03,28,0.0,-999,-999
100080,LAGUNAS,1981,03,29,-888,-999,-999
100080,LAGUNAS,1981,03,30,21.8,-999,-999
100080,LAGUNAS,1981,03,31,8.5,-999,-999
100080,LAGUNAS,1981,04,01,0.0,-999,-999
100080,LAGUNAS,1981,04,02,0.0,-999,-999
100080,LAGUNAS,1981,04,03,-888,-999,-999
100080,LAGUNAS,1981,04,04,0.0,-999,-999
100080,LAGUNAS,1981,04,05,62.8,-999,-999
100080,LAGUNAS,1981,04,06,5.5,-999,-999
100080,LAGUNAS,1981,04,07,0.0,-999,-999
100080,LAGUNAS,1981,04,08,0.0,-999,-999
100080,LAGUNAS,1981,04,09,-888,-999,-999
100080,LAGUNAS,1981,04,10,0.0,-999,-999
100080,LAGUNAS,1981,04,11,0.0,-999,-999
100080,LAGUNAS,1981,04,12,0.0,-999,-999
100080,LAGUNAS,1981,04,13,18.8,-999,-999
100080,LAGUNAS,1981,04,14,0.0,-999,-999
100080,LAGUNAS,1981,04,15,9.5,-999,-999
100080,LAGUNAS,1981,04,16,0.0,-999,-999
100080,LAGUNAS,1981,04,17,0.0,-999,-999
100080,LAGUNAS,1981,04,18,0.0,-999,-999
100080,LAGUNAS,1981,04,19,0.0,-999,-999
100080,LAGUNAS,1981,04,20,0.0,-999,-999
100080,LAGUNAS,1981,04,21,-888,-999,-999
100080,LAGUNAS,1981,04,22,15.5,-999,-999
100080,LAGUNAS,1981,04,23,0.0,-999,-999
100080,LAGUNAS,1981,04,24,0.3,-999,-999
100080,LAGUNAS,1981,04,25,0.0,-999,-999
100080,LAGUNAS,1981,04,26,0.0,-999,-999
100080,LAGUNAS,1981,04,27,0.0,-999,-999
100080,LAGUNAS,1981,04,28,0.0,-999,-999
100080,LAGUNAS,1981,04,29,9.0,-999,-999
100080,LAGUNAS,1981,04,30,23.8,-999,-999
100080,LAGUNAS,1981,05,01,0.0,-999,-999
100080,LAGUNAS,1981,05,02,0.0,-999,-999
100080,LAGUNAS,1981,05,03,0.0,-999,-999
100080,LAGUNAS,1981,05,04,16.5,-999,-999
100080,LAGUNAS,1981,05,05,0.0,-999,-999
100080,LAGUNAS,1981,05,06,0.0,-999,-999
100080,LAGUNAS,1981,05,07,5.3,-999,-999
100080,LAGUNAS,1981,05,08,0.0,-999,-999
100080,LAGUNAS,1981,05,09,0.0,-999,-999
100080,LAGUNAS,1981,05,10,0.3,-999,-999
100080,LAGUNAS,1981,05,11,0.0,-999,-999
100080,LAGUNAS,1981,05,12,0.0,-999,-999
100080,LAGUNAS,1981,05,13,0.0,-999,-999
100080,LAGUNAS,1981,05,14,5.3,-999,-999
100080,LAGUNAS,1981,05,15,0.0,-999,-999
100080,LAGUNAS,1981,05,16,10.5,-999,-999
100080,LAGUNAS,1981,05,17,0.0,-999,-999
100080,LAGUNAS,1981,05,18,0.0,-999,-999
100080,LAGUNAS,1981,05,19,-888,-999,-999
100080,LAGUNAS,1981,05,20,32.8,-999,-999
100080,LAGUNAS,1981,05,21,0.0,-999,-999
100080,LAGUNAS,1981,05,22,0.0,-999,-999
100080,LAGUNAS,1981,05,23,0.0,-999,-999
100080,LAGUNAS,1981,05,24,0.0,-999,-999
100080,LAGUNAS,1981,05,25,10.5,-999,-999
100080,LAGUNAS,1981,05,26,11.3,-999,-999
100080,LAGUNAS,1981,05,27,0.0,-999,-999
100080,LAGUNAS,1981,05,28,0.0,-999,-999
100080,LAGUNAS,1981,05,29,0.0,-999,-999
100080,LAGUNAS,1981,05,30,8.3,-999,-999
100080,LAGUNAS,1981,05,31,-888,-999,-999
100080,LAGUNAS,1981,06,01,0.0,-999,-999
100080,LAGUNAS,1981,06,02,0.0,-999,-999
100080,LAGUNAS,1981,06,03,24.5,-999,-999
100080,LAGUNAS,1981,06,04,-888,-999,-999
100080,LAGUNAS,1981,06,05,48.3,-999,-999
100080,LAGUNAS,1981,06,06,0.0,-999,-999
100080,LAGUNAS,1981,06,07,40.1,-999,-999
100080,LAGUNAS,1981,06,08,20.5,-999,-999
100080,LAGUNAS,1981,06,09,0.3,-999,-999
100080,LAGUNAS,1981,06,10,0.0,-999,-999
100080,LAGUNAS,1981,06,11,10.5,-999,-999
100080,LAGUNAS,1981,06,12,11.8,-999,-999
100080,LAGUNAS,1981,06,13,0.0,-999,-999
100080,LAGUNAS,1981,06,14,0.0,-999,-999
100080,LAGUNAS,1981,06,15,0.0,-999,-999
100080,LAGUNAS,1981,06,16,6.5,-999,-999
100080,LAGUNAS,1981,06,17,-888,-999,-999
100080,LAGUNAS,1981,06,18,0.0,-999,-999
100080,LAGUNAS,1981,06,19,0.0,-999,-999
100080,LAGUNAS,1981,06,20,0.0,-999,-999
100080,LAGUNAS,1981,06,21,0.0,-999,-999
100080,LAGUNAS,1981,06,22,0.0,-999,-999
100080,LAGUNAS,1981,06,23,20.5,-999,-999
100080,LAGUNAS,1981,06,24,-888,-999,-999
100080,LAGUNAS,1981,06,25,0.0,-999,-999
100080,LAGUNAS,1981,06,26,0.0,-999,-999
100080,LAGUNAS,1981,06,27,0.0,-999,-999
100080,LAGUNAS,1981,06,28,0.0,-999,-999
100080,LAGUNAS,1981,06,29,0.0,-999,-999
100080,LAGUNAS,1981,06,30,0.0,-999,-999
100080,LAGUNAS,1981,07,01,0.0,-999,-999
100080,LAGUNAS,1981,07,02,5.3,-999,-999
100080,LAGUNAS,1981,07,03,-888,-999,-999
100080,LAGUNAS,1981,07,04,0.0,-999,-999
100080,LAGUNAS,1981,07,05,0.0,-999,-999
100080,LAGUNAS,1981,07,06,0.0,-999,-999
100080,LAGUNAS,1981,07,07,0.0,-999,-999
100080,LAGUNAS,1981,07,08,-888,-999,-999
100080,LAGUNAS,1981,07,09,10.5,-999,-999
100080,LAGUNAS,1981,07,10,0.0,-999,-999
100080,LAGUNAS,1981,07,11,0.0,-999,-999
100080,LAGUNAS,1981,07,12,0.0,-999,-999
100080,LAGUNAS,1981,07,13,0.0,-999,-999
100080,LAGUNAS,1981,07,14,0.0,-999,-999
100080,LAGUNAS,1981,07,15,0.0,-999,-999
100080,LAGUNAS,1981,07,16,0.0,-999,-999
100080,LAGUNAS,1981,07,17,17.8,-999,-999
100080,LAGUNAS,1981,07,18,34.5,-999,-999
100080,LAGUNAS,1981,07,19,0.0,-999,-999
100080,LAGUNAS,1981,07,20,0.0,-999,-999
100080,LAGUNAS,1981,07,21,0.0,-999,-999
100080,LAGUNAS,1981,07,22,0.0,-999,-999
100080,LAGUNAS,1981,07,23,0.0,-999,-999
100080,LAGUNAS,1981,07,24,0.0,-999,-999
100080,LAGUNAS,1981,07,25,0.0,-999,-999
100080,LAGUNAS,1981,07,26,0.0,-999,-999
100080,LAGUNAS,1981,07,27,0.0,-999,-999
100080,LAGUNAS,1981,07,28,0.0,-999,-999
100080,LAGUNAS,1981,07,29,0.0,-999,-999
100080,LAGUNAS,1981,07,30,0.0,-999,-999
100080,LAGUNAS,1981,07,31,5.8,-999,-999
100080,LAGUNAS,1981,08,01,0.0,-999,-999
100080,LAGUNAS,1981,08,02,0.0,-999,-999
100080,LAGUNAS,1981,08,03,0.0,-999,-999
100080,LAGUNAS,1981,08,04,5.8,-999,-999
100080,LAGUNAS,1981,08,05,0.0,-999,-999
100080,LAGUNAS,1981,08,06,0.0,-999,-999
100080,LAGUNAS,1981,08,07,0.0,-999,-999
100080,LAGUNAS,1981,08,08,24.5,-999,-999
100080,LAGUNAS,1981,08,09,0.0,-999,-999
100080,LAGUNAS,1981,08,10,-888,-999,-999
100080,LAGUNAS,1981,08,11,0.0,-999,-999
100080,LAGUNAS,1981,08,12,0.0,-999,-999
100080,LAGUNAS,1981,08,13,0.0,-999,-999
100080,LAGUNAS,1981,08,14,0.0,-999,-999
100080,LAGUNAS,1981,08,15,0.0,-999,-999
100080,LAGUNAS,1981,08,16,0.0,-999,-999
100080,LAGUNAS,1981,08,17,0.0,-999,-999
100080,LAGUNAS,1981,08,18,8.3,-999,-999
100080,LAGUNAS,1981,08,19,10.5,-999,-999
100080,LAGUNAS,1981,08,20,0.0,-999,-999
100080,LAGUNAS,1981,08,21,0.0,-999,-999
100080,LAGUNAS,1981,08,22,0.0,-999,-999
100080,LAGUNAS,1981,08,23,0.0,-999,-999
100080,LAGUNAS,1981,08,24,0.0,-999,-999
100080,LAGUNAS,1981,08,25,12.8,-999,-999
100080,LAGUNAS,1981,08,26,0.0,-999,-999
100080,LAGUNAS,1981,08,27,20.3,-999,-999
100080,LAGUNAS,1981,08,28,0.0,-999,-999
100080,LAGUNAS,1981,08,29,0.0,-999,-999
100080,LAGUNAS,1981,08,30,27.5,-999,-999
100080,LAGUNAS,1981,08,31,-888,-999,-999
100080,LAGUNAS,1981,09,01,0.0,-999,-999
100080,LAGUNAS,1981,09,02,0.0,-999,-999
100080,LAGUNAS,1981,09,03,0.0,-999,-999
100080,LAGUNAS,1981,09,04,-888,-999,-999
100080,LAGUNAS,1981,09,05,10.5,-999,-999
100080,LAGUNAS,1981,09,06,0.0,-999,-999
100080,LAGUNAS,1981,09,07,-888,-999,-999
100080,LAGUNAS,1981,09,08,0.0,-999,-999
100080,LAGUNAS,1981,09,09,0.0,-999,-999
100080,LAGUNAS,1981,09,10,0.0,-999,-999
100080,LAGUNAS,1981,09,11,0.0,-999,-999
100080,LAGUNAS,1981,09,12,-888,-999,-999
100080,LAGUNAS,1981,09,13,0.0,-999,-999
100080,LAGUNAS,1981,09,14,-888,-999,-999
100080,LAGUNAS,1981,09,15,23.3,-999,-999
100080,LAGUNAS,1981,09,16,0.0,-999,-999
100080,LAGUNAS,1981,09,17,0.0,-999,-999
100080,LAGUNAS,1981,09,18,0.0,-999,-999
100080,LAGUNAS,1981,09,19,5.8,-999,-999
100080,LAGUNAS,1981,09,20,0.0,-999,-999
100080,LAGUNAS,1981,09,21,0.0,-999,-999
100080,LAGUNAS,1981,09,22,0.0,-999,-999
100080,LAGUNAS,1981,09,23,0.0,-999,-999
100080,LAGUNAS,1981,09,24,0.0,-999,-999
100080,LAGUNAS,1981,09,25,-888,-999,-999
100080,LAGUNAS,1981,09,26,0.0,-999,-999
100080,LAGUNAS,1981,09,27,0.0,-999,-999
100080,LAGUNAS,1981,09,28,0.0,-999,-999
100080,LAGUNAS,1981,09,29,0.0,-999,-999
100080,LAGUNAS,1981,09,30,0.0,-999,-999
100080,LAGUNAS,1981,10,01,0.0,-999,-999
100080,LAGUNAS,1981,10,02,0.0,-999,-999
100080,LAGUNAS,1981,10,03,0.0,-999,-999
100080,LAGUNAS,1981,10,04,0.0,-999,-999
100080,LAGUNAS,1981,10,05,-888,-999,-999
100080,LAGUNAS,1981,10,06,0.0,-999,-999
100080,LAGUNAS,1981,10,07,0.0,-999,-999
100080,LAGUNAS,1981,10,08,25.5,-999,-999
100080,LAGUNAS,1981,10,09,0.0,-999,-999
100080,LAGUNAS,1981,10,10,0.0,-999,-999
100080,LAGUNAS,1981,10,11,0.0,-999,-999
100080,LAGUNAS,1981,10,12,0.0,-999,-999
100080,LAGUNAS,1981,10,13,7.5,-999,-999
100080,LAGUNAS,1981,10,14,0.0,-999,-999
100080,LAGUNAS,1981,10,15,6.3,-999,-999
100080,LAGUNAS,1981,10,16,0.0,-999,-999
100080,LAGUNAS,1981,10,17,0.0,-999,-999
100080,LAGUNAS,1981,10,18,0.0,-999,-999
100080,LAGUNAS,1981,10,19,0.0,-999,-999
100080,LAGUNAS,1981,10,20,0.0,-999,-999
100080,LAGUNAS,1981,10,21,0.0,-999,-999
100080,LAGUNAS,1981,10,22,5.8,-999,-999
100080,LAGUNAS,1981,10,23,0.0,-999,-999
100080,LAGUNAS,1981,10,24,6.5,-999,-999
100080,LAGUNAS,1981,10,25,-888,-999,-999
100080,LAGUNAS,1981,10,26,0.0,-999,-999
100080,LAGUNAS,1981,10,27,0.0,-999,-999
100080,LAGUNAS,1981,10,28,0.0,-999,-999
100080,LAGUNAS,1981,10,29,-888,-999,-999
100080,LAGUNAS,1981,10,30,23.8,-999,-999
100080,LAGUNAS,1981,10,31,0.0,-999,-999
100080,LAGUNAS,1981,11,01,0.0,-999,-999
100080,LAGUNAS,1981,11,02,17.3,-999,-999
100080,LAGUNAS,1981,11,03,0.0,-999,-999
100080,LAGUNAS,1981,11,04,0.0,-999,-999
100080,LAGUNAS,1981,11,05,0.0,-999,-999
100080,LAGUNAS,1981,11,06,0.0,-999,-999
100080,LAGUNAS,1981,11,07,0.0,-999,-999
100080,LAGUNAS,1981,11,08,0.0,-999,-999
100080,LAGUNAS,1981,11,09,0.0,-999,-999
100080,LAGUNAS,1981,11,10,10.5,-999,-999
100080,LAGUNAS,1981,11,11,0.0,-999,-999
100080,LAGUNAS,1981,11,12,0.0,-999,-999
100080,LAGUNAS,1981,11,13,-888,-999,-999
100080,LAGUNAS,1981,11,14,0.0,-999,-999
100080,LAGUNAS,1981,11,15,0.3,-999,-999
100080,LAGUNAS,1981,11,16,10.5,-999,-999
100080,LAGUNAS,1981,11,17,0.0,-999,-999
100080,LAGUNAS,1981,11,18,0.0,-999,-999
100080,LAGUNAS,1981,11,19,0.0,-999,-999
100080,LAGUNAS,1981,11,20,15.8,-999,-999
100080,LAGUNAS,1981,11,21,8.3,-999,-999
100080,LAGUNAS,1981,11,22,0.0,-999,-999
100080,LAGUNAS,1981,11,23,0.0,-999,-999
100080,LAGUNAS,1981,11,24,5.2,-999,-999
100080,LAGUNAS,1981,11,25,0.0,-999,-999
100080,LAGUNAS,1981,11,26,10.5,-999,-999
100080,LAGUNAS,1981,11,27,32.8,-999,-999
100080,LAGUNAS,1981,11,28,0.0,-999,-999
100080,LAGUNAS,1981,11,29,-888,-999,-999
100080,LAGUNAS,1981,11,30,0.0,-999,-999
100080,LAGUNAS,1981,12,01,10.5,-999,-999
100080,LAGUNAS,1981,12,02,25.0,-999,-999
100080,LAGUNAS,1981,12,03,0.0,-999,-999
100080,LAGUNAS,1981,12,04,-888,-999,-999
100080,LAGUNAS,1981,12,05,0.0,-999,-999
100080,LAGUNAS,1981,12,06,0.0,-999,-999
100080,LAGUNAS,1981,12,07,15.8,-999,-999
100080,LAGUNAS,1981,12,08,0.0,-999,-999
100080,LAGUNAS,1981,12,09,0.0,-999,-999
100080,LAGUNAS,1981,12,10,0.0,-999,-999
100080,LAGUNAS,1981,12,11,17.0,-999,-999
100080,LAGUNAS,1981,12,12,-888,-999,-999
100080,LAGUNAS,1981,12,13,0.0,-999,-999
100080,LAGUNAS,1981,12,14,0.0,-999,-999
100080,LAGUNAS,1981,12,15,19.5,-999,-999
100080,LAGUNAS,1981,12,16,0.0,-999,-999
100080,LAGUNAS,1981,12,17,0.0,-999,-999
100080,LAGUNAS,1981,12,18,0.0,-999,-999
100080,LAGUNAS,1981,12,19,0.0,-999,-999
100080,LAGUNAS,1981,12,20,0.0,-999,-999
100080,LAGUNAS,1981,12,21,0.0,-999,-999
100080,LAGUNAS,1981,12,22,25.0,-999,-999
100080,LAGUNAS,1981,12,23,5.4,-999,-999
100080,LAGUNAS,1981,12,24,-888,-999,-999
100080,LAGUNAS,1981,12,25,-888,-999,-999
100080,LAGUNAS,1981,12,26,10.2,-999,-999
100080,LAGUNAS,1981,12,27,-888,-999,-999
100080,LAGUNAS,1981,12,28,25.4,-999,-999
100080,LAGUNAS,1981,12,29,0.0,-999,-999
100080,LAGUNAS,1981,12,30,0.2,-999,-999
100080,LAGUNAS,1981,12,31,-999,-999,-999
100080,LAGUNAS,1982,02,01,0.5,-999,-999
100080,LAGUNAS,1982,02,02,0.0,-999,-999
100080,LAGUNAS,1982,02,03,-888,-999,-999
100080,LAGUNAS,1982,02,04,0.0,-999,-999
100080,LAGUNAS,1982,02,05,42.0,-999,-999
100080,LAGUNAS,1982,02,06,0.0,-999,-999
100080,LAGUNAS,1982,02,07,0.0,-999,-999
100080,LAGUNAS,1982,02,08,-888,-999,-999
100080,LAGUNAS,1982,02,09,5.2,-999,-999
100080,LAGUNAS,1982,02,10,0.0,-999,-999
100080,LAGUNAS,1982,02,11,0.1,-999,-999
100080,LAGUNAS,1982,02,12,20.4,-999,-999
100080,LAGUNAS,1982,02,13,0.0,-999,-999
100080,LAGUNAS,1982,02,14,0.2,-999,-999
100080,LAGUNAS,1982,02,15,25.0,-999,-999
100080,LAGUNAS,1982,02,16,0.0,-999,-999
100080,LAGUNAS,1982,02,17,0.0,-999,-999
100080,LAGUNAS,1982,02,18,0.0,-999,-999
100080,LAGUNAS,1982,02,19,0.0,-999,-999
100080,LAGUNAS,1982,02,20,0.0,-999,-999
100080,LAGUNAS,1982,02,21,10.4,-999,-999
100080,LAGUNAS,1982,02,22,0.0,-999,-999
100080,LAGUNAS,1982,02,23,0.0,-999,-999
100080,LAGUNAS,1982,02,24,50.0,-999,-999
100080,LAGUNAS,1982,02,25,0.0,-999,-999
100080,LAGUNAS,1982,02,26,10.1,-999,-999
100080,LAGUNAS,1982,02,27,50.0,-999,-999
100080,LAGUNAS,1982,02,28,15.0,-999,-999
100080,LAGUNAS,1982,03,01,10.0,-999,-999
100080,LAGUNAS,1982,03,02,-888,-999,-999
100080,LAGUNAS,1982,03,03,0.0,-999,-999
100080,LAGUNAS,1982,03,04,15.0,-999,-999
100080,LAGUNAS,1982,03,05,0.0,-999,-999
100080,LAGUNAS,1982,03,06,0.0,-999,-999
100080,LAGUNAS,1982,03,07,0.4,-999,-999
100080,LAGUNAS,1982,03,08,0.0,-999,-999
100080,LAGUNAS,1982,03,09,0.0,-999,-999
100080,LAGUNAS,1982,03,10,25.3,-999,-999
100080,LAGUNAS,1982,03,11,40.2,-999,-999
100080,LAGUNAS,1982,03,12,0.0,-999,-999
100080,LAGUNAS,1982,03,13,0.0,-999,-999
100080,LAGUNAS,1982,03,14,0.0,-999,-999
100080,LAGUNAS,1982,03,15,25.0,-999,-999
100080,LAGUNAS,1982,03,16,10.6,-999,-999
100080,LAGUNAS,1982,03,17,5.4,-999,-999
100080,LAGUNAS,1982,03,18,0.0,-999,-999
100080,LAGUNAS,1982,03,19,0.0,-999,-999
100080,LAGUNAS,1982,03,20,0.5,-999,-999
100080,LAGUNAS,1982,03,21,0.0,-999,-999
100080,LAGUNAS,1982,03,22,0.0,-999,-999
100080,LAGUNAS,1982,03,23,0.0,-999,-999
100080,LAGUNAS,1982,03,24,5.1,-999,-999
100080,LAGUNAS,1982,03,25,0.0,-999,-999
100080,LAGUNAS,1982,03,26,0.0,-999,-999
100080,LAGUNAS,1982,03,27,0.0,-999,-999
100080,LAGUNAS,1982,03,28,22.0,-999,-999
100080,LAGUNAS,1982,03,29,0.0,-999,-999
100080,LAGUNAS,1982,03,30,0.3,-999,-999
100080,LAGUNAS,1982,03,31,-999,-999,-999
100080,LAGUNAS,1982,05,01,0.0,-999,-999
100080,LAGUNAS,1982,05,02,-888,-999,-999
100080,LAGUNAS,1982,05,03,0.0,-999,-999
100080,LAGUNAS,1982,05,04,0.0,-999,-999
100080,LAGUNAS,1982,05,05,5.2,-999,-999
100080,LAGUNAS,1982,05,06,0.0,-999,-999
100080,LAGUNAS,1982,05,07,25.0,-999,-999
100080,LAGUNAS,1982,05,08,-888,-999,-999
100080,LAGUNAS,1982,05,09,4.1,-999,-999
100080,LAGUNAS,1982,05,10,0.0,-999,-999
100080,LAGUNAS,1982,05,11,-888,-999,-999
100080,LAGUNAS,1982,05,12,0.0,-999,-999
100080,LAGUNAS,1982,05,13,4.5,-999,-999
100080,LAGUNAS,1982,05,14,1.0,-999,-999
100080,LAGUNAS,1982,05,15,0.1,-999,-999
100080,LAGUNAS,1982,05,16,0.4,-999,-999
100080,LAGUNAS,1982,05,17,-888,-999,-999
100080,LAGUNAS,1982,05,18,0.0,-999,-999
100080,LAGUNAS,1982,05,19,0.1,-999,-999
100080,LAGUNAS,1982,05,20,0.0,-999,-999
100080,LAGUNAS,1982,05,21,-888,-999,-999
100080,LAGUNAS,1982,05,22,23.2,-999,-999
100080,LAGUNAS,1982,05,23,-888,-999,-999
100080,LAGUNAS,1982,05,24,-888,-999,-999
100080,LAGUNAS,1982,05,25,0.1,-999,-999
100080,LAGUNAS,1982,05,26,0.0,-999,-999
100080,LAGUNAS,1982,05,27,-888,-999,-999
100080,LAGUNAS,1982,05,28,-888,-999,-999
100080,LAGUNAS,1982,05,29,0.0,-999,-999
100080,LAGUNAS,1982,05,30,10.0,-999,-999
100080,LAGUNAS,1982,05,31,-888,-999,-999
100080,LAGUNAS,1982,06,01,-888,-999,-999
100080,LAGUNAS,1982,06,02,0.0,-999,-999
100080,LAGUNAS,1982,06,03,-888,-999,-999
100080,LAGUNAS,1982,06,04,0.0,-999,-999
100080,LAGUNAS,1982,06,05,0.0,-999,-999
100080,LAGUNAS,1982,06,06,0.0,-999,-999
100080,LAGUNAS,1982,06,07,0.0,-999,-999
100080,LAGUNAS,1982,06,08,0.0,-999,-999
100080,LAGUNAS,1982,06,09,0.0,-999,-999
100080,LAGUNAS,1982,06,10,0.0,-999,-999
100080,LAGUNAS,1982,06,11,0.0,-999,-999
100080,LAGUNAS,1982,06,12,0.0,-999,-999
100080,LAGUNAS,1982,06,13,0.0,-999,-999
100080,LAGUNAS,1982,06,14,5.0,-999,-999
100080,LAGUNAS,1982,06,15,14.0,-999,-999
100080,LAGUNAS,1982,06,16,6.0,-999,-999
100080,LAGUNAS,1982,06,17,0.0,-999,-999
100080,LAGUNAS,1982,06,18,0.0,-999,-999
100080,LAGUNAS,1982,06,19,0.0,-999,-999
100080,LAGUNAS,1982,06,20,10.0,-999,-999
100080,LAGUNAS,1982,06,21,0.0,-999,-999
100080,LAGUNAS,1982,06,22,0.0,-999,-999
100080,LAGUNAS,1982,06,23,0.0,-999,-999
100080,LAGUNAS,1982,06,24,0.0,-999,-999
100080,LAGUNAS,1982,06,25,25.0,-999,-999
100080,LAGUNAS,1982,06,26,0.0,-999,-999
100080,LAGUNAS,1982,06,27,8.0,-999,-999
100080,LAGUNAS,1982,06,28,0.0,-999,-999
100080,LAGUNAS,1982,06,29,0.0,-999,-999
100080,LAGUNAS,1982,06,30,-999,-999,-999
100080,LAGUNAS,2014,06,01,-999,-999,-999
100080,LAGUNAS,2014,06,02,-999,-999,-999
100080,LAGUNAS,2014,06,03,-999,-999,-999
100080,LAGUNAS,2014,06,04,-999,-999,-999
100080,LAGUNAS,2014,06,05,-999,-999,-999
100080,LAGUNAS,2014,06,06,-999,-999,-999
100080,LAGUNAS,2014,06,07,-999,-999,-999
100080,LAGUNAS,2014,06,08,-999,-999,-999
100080,LAGUNAS,2014,06,09,-999,-999,-999
100080,LAGUNAS,2014,06,10,-999,-999,-999
100080,LAGUNAS,2014,06,11,-999,-999,-999
100080,LAGUNAS,2014,06,12,-999,-999,-999
100080,LAGUNAS,2014,06,13,-999,-999,-999
100080,LAGUNAS,2014,06,14,20.1,-999,-999
100080,LAGUNAS,2014,06,15,13.7,-999,-999
100080,LAGUNAS,2014,06,16,5.3,-999,-999
100080,LAGUNAS,2014,06,17,0.0,-999,-999
100080,LAGUNAS,2014,06,18,0.0,-999,-999
100080,LAGUNAS,2014,06,19,0.0,-999,-999
100080,LAGUNAS,2014,06,20,0.0,-999,-999
100080,LAGUNAS,2014,06,21,0.0,-999,-999
100080,LAGUNAS,2014,06,22,0.0,-999,-999
100080,LAGUNAS,2014,06,23,5.4,-999,-999
100080,LAGUNAS,2014,06,24,0.0,-999,-999
100080,LAGUNAS,2014,06,25,0.0,-999,-999
100080,LAGUNAS,2014,06,26,0.0,-999,-999
100080,LAGUNAS,2014,06,27,10.5,-999,-999
100080,LAGUNAS,2014,06,28,0.0,-999,-999
100080,LAGUNAS,2014,06,29,2.7,-999,-999
100080,LAGUNAS,2014,06,30,0.0,-999,-999
100080,LAGUNAS,2014,07,01,0.0,-999,-999
100080,LAGUNAS,2014,07,02,0.0,-999,-999
100080,LAGUNAS,2014,07,03,0.0,-999,-999
100080,LAGUNAS,2014,07,04,3.5,-999,-999
100080,LAGUNAS,2014,07,05,0.0,-999,-999
100080,LAGUNAS,2014,07,06,0.3,-999,-999
100080,LAGUNAS,2014,07,07,18.4,-999,-999
100080,LAGUNAS,2014,07,08,15.9,-999,-999
100080,LAGUNAS,2014,07,09,0.5,-999,-999
100080,LAGUNAS,2014,07,10,0.0,-999,-999
100080,LAGUNAS,2014,07,11,0.0,-999,-999
100080,LAGUNAS,2014,07,12,0.0,-999,-999
100080,LAGUNAS,2014,07,13,0.0,-999,-999
100080,LAGUNAS,2014,07,14,0.5,-999,-999
100080,LAGUNAS,2014,07,15,0.0,-999,-999
100080,LAGUNAS,2014,07,16,0.0,-999,-999
100080,LAGUNAS,2014,07,17,23.0,-999,-999
100080,LAGUNAS,2014,07,18,0.0,-999,-999
100080,LAGUNAS,2014,07,19,33.1,-999,-999
100080,LAGUNAS,2014,07,20,0.0,-999,-999
100080,LAGUNAS,2014,07,21,0.0,-999,-999
100080,LAGUNAS,2014,07,22,0.0,-999,-999
100080,LAGUNAS,2014,07,23,0.0,-999,-999
100080,LAGUNAS,2014,07,24,19.2,-999,-999
100080,LAGUNAS,2014,07,25,2.7,-999,-999
100080,LAGUNAS,2014,07,26,4.2,-999,-999
100080,LAGUNAS,2014,07,27,7.5,-999,-999
100080,LAGUNAS,2014,07,28,0.0,-999,-999
100080,LAGUNAS,2014,07,29,0.0,-999,-999
100080,LAGUNAS,2014,07,30,0.0,-999,-999
100080,LAGUNAS,2014,07,31,5.3,-999,-999
100080,LAGUNAS,2014,08,01,0.0,-999,-999
100080,LAGUNAS,2014,08,02,10.3,-999,-999
100080,LAGUNAS,2014,08,03,0.0,-999,-999
100080,LAGUNAS,2014,08,04,0.0,-999,-999
100080,LAGUNAS,2014,08,05,10.8,-999,-999
100080,LAGUNAS,2014,08,06,0.0,-999,-999
100080,LAGUNAS,2014,08,07,25.2,-999,-999
100080,LAGUNAS,2014,08,08,5.4,-999,-999
100080,LAGUNAS,2014,08,09,0.0,-999,-999
100080,LAGUNAS,2014,08,10,0.0,-999,-999
100080,LAGUNAS,2014,08,11,0.0,-999,-999
100080,LAGUNAS,2014,08,12,53.4,-999,-999
100080,LAGUNAS,2014,08,13,0.0,-999,-999
100080,LAGUNAS,2014,08,14,0.5,-999,-999
100080,LAGUNAS,2014,08,15,0.0,-999,-999
100080,LAGUNAS,2014,08,16,0.0,-999,-999
100080,LAGUNAS,2014,08,17,0.0,-999,-999
100080,LAGUNAS,2014,08,18,0.0,-999,-999
100080,LAGUNAS,2014,08,19,8.6,-999,-999
100080,LAGUNAS,2014,08,20,4.5,-999,-999
100080,LAGUNAS,2014,08,21,0.0,-999,-999
100080,LAGUNAS,2014,08,22,0.0,-999,-999
100080,LAGUNAS,2014,08,23,0.0,-999,-999
100080,LAGUNAS,2014,08,24,0.0,-999,-999
100080,LAGUNAS,2014,08,25,0.0,-999,-999
100080,LAGUNAS,2014,08,26,0.0,-999,-999
100080,LAGUNAS,2014,08,27,5.7,-999,-999
100080,LAGUNAS,2014,08,28,35.2,-999,-999
100080,LAGUNAS,2014,08,29,32.6,-999,-999
100080,LAGUNAS,2014,08,30,41.5,-999,-999
100080,LAGUNAS,2014,08,31,0.0,-999,-999
100080,LAGUNAS,2014,09,01,0.0,-999,-999
100080,LAGUNAS,2014,09,02,0.0,-999,-999
100080,LAGUNAS,2014,09,03,0.0,-999,-999
100080,LAGUNAS,2014,09,04,10.5,-999,-999
100080,LAGUNAS,2014,09,05,0.0,-999,-999
100080,LAGUNAS,2014,09,06,0.0,-999,-999
100080,LAGUNAS,2014,09,07,0.0,-999,-999
100080,LAGUNAS,2014,09,08,5.9,-999,-999
100080,LAGUNAS,2014,09,09,0.0,-999,-999
100080,LAGUNAS,2014,09,10,0.0,-999,-999
100080,LAGUNAS,2014,09,11,5.6,-999,-999
100080,LAGUNAS,2014,09,12,0.0,-999,-999
100080,LAGUNAS,2014,09,13,38.6,-999,-999
100080,LAGUNAS,2014,09,14,9.3,-999,-999
100080,LAGUNAS,2014,09,15,6.7,-999,-999
100080,LAGUNAS,2014,09,16,0.0,-999,-999
100080,LAGUNAS,2014,09,17,0.0,-999,-999
100080,LAGUNAS,2014,09,18,5.3,-999,-999
100080,LAGUNAS,2014,09,19,0.0,-999,-999
100080,LAGUNAS,2014,09,20,8.5,-999,-999
100080,LAGUNAS,2014,09,21,26.7,-999,-999
100080,LAGUNAS,2014,09,22,0.0,-999,-999
100080,LAGUNAS,2014,09,23,0.0,-999,-999
100080,LAGUNAS,2014,09,24,0.0,-999,-999
100080,LAGUNAS,2014,09,25,0.0,-999,-999
100080,LAGUNAS,2014,09,26,0.0,-999,-999
100080,LAGUNAS,2014,09,27,14.3,-999,-999
100080,LAGUNAS,2014,09,28,12.6,-999,-999
100080,LAGUNAS,2014,09,29,0.0,-999,-999
100080,LAGUNAS,2014,09,30,0.0,-999,-999
100080,LAGUNAS,2014,10,01,0.0,-999,-999
100080,LAGUNAS,2014,10,02,7.3,-999,-999
100080,LAGUNAS,2014,10,03,0.0,-999,-999
100080,LAGUNAS,2014,10,04,0.0,-999,-999
100080,LAGUNAS,2014,10,05,15.7,-999,-999
100080,LAGUNAS,2014,10,06,10.6,-999,-999
100080,LAGUNAS,2014,10,07,0.0,-999,-999
100080,LAGUNAS,2014,10,08,36.1,-999,-999
100080,LAGUNAS,2014,10,09,0.0,-999,-999
100080,LAGUNAS,2014,10,10,0.0,-999,-999
100080,LAGUNAS,2014,10,11,8.7,-999,-999
100080,LAGUNAS,2014,10,12,0.0,-999,-999
100080,LAGUNAS,2014,10,13,0.0,-999,-999
100080,LAGUNAS,2014,10,14,0.0,-999,-999
100080,LAGUNAS,2014,10,15,0.0,-999,-999
100080,LAGUNAS,2014,10,16,30.2,-999,-999
100080,LAGUNAS,2014,10,17,0.0,-999,-999
100080,LAGUNAS,2014,10,18,0.0,-999,-999
100080,LAGUNAS,2014,10,19,0.0,-999,-999
100080,LAGUNAS,2014,10,20,42.4,-999,-999
100080,LAGUNAS,2014,10,21,0.2,-999,-999
100080,LAGUNAS,2014,10,22,0.0,-999,-999
100080,LAGUNAS,2014,10,23,0.0,-999,-999
100080,LAGUNAS,2014,10,24,0.0,-999,-999
100080,LAGUNAS,2014,10,25,40.2,-999,-999
100080,LAGUNAS,2014,10,26,0.0,-999,-999
100080,LAGUNAS,2014,10,27,0.0,-999,-999
100080,LAGUNAS,2014,10,28,0.0,-999,-999
100080,LAGUNAS,2014,10,29,0.0,-999,-999
100080,LAGUNAS,2014,10,30,10.5,-999,-999
100080,LAGUNAS,2014,10,31,0.0,-999,-999
100080,LAGUNAS,2014,11,01,0.0,-999,-999
100080,LAGUNAS,2014,11,02,0.0,-999,-999
100080,LAGUNAS,2014,11,03,11.6,-999,-999
100080,LAGUNAS,2014,11,04,0.0,-999,-999
100080,LAGUNAS,2014,11,05,0.0,-999,-999
100080,LAGUNAS,2014,11,06,44.3,-999,-999
100080,LAGUNAS,2014,11,07,0.0,-999,-999
100080,LAGUNAS,2014,11,08,0.0,-999,-999
100080,LAGUNAS,2014,11,09,0.0,-999,-999
100080,LAGUNAS,2014,11,10,10.3,-999,-999
100080,LAGUNAS,2014,11,11,0.0,-999,-999
100080,LAGUNAS,2014,11,12,0.0,-999,-999
100080,LAGUNAS,2014,11,13,71.2,-999,-999
100080,LAGUNAS,2014,11,14,31.0,-999,-999
100080,LAGUNAS,2014,11,15,0.0,-999,-999
100080,LAGUNAS,2014,11,16,0.0,-999,-999
100080,LAGUNAS,2014,11,17,0.0,-999,-999
100080,LAGUNAS,2014,11,18,0.0,-999,-999
100080,LAGUNAS,2014,11,19,0.0,-999,-999
100080,LAGUNAS,2014,11,20,0.0,-999,-999
100080,LAGUNAS,2014,11,21,0.0,-999,-999
100080,LAGUNAS,2014,11,22,10.4,-999,-999
100080,LAGUNAS,2014,11,23,0.0,-999,-999
100080,LAGUNAS,2014,11,24,15.2,-999,-999
100080,LAGUNAS,2014,11,25,20.5,-999,-999
100080,LAGUNAS,2014,11,26,0.0,-999,-999
100080,LAGUNAS,2014,11,27,20.8,-999,-999
100080,LAGUNAS,2014,11,28,36.2,-999,-999
100080,LAGUNAS,2014,11,29,12.8,-999,-999
100080,LAGUNAS,2014,11,30,0.0,-999,-999
100080,LAGUNAS,2014,12,01,10.3,-999,-999
100080,LAGUNAS,2014,12,02,20.7,-999,-999
100080,LAGUNAS,2014,12,03,25.4,-999,-999
100080,LAGUNAS,2014,12,04,51.5,-999,-999
100080,LAGUNAS,2014,12,05,0.0,-999,-999
100080,LAGUNAS,2014,12,06,0.0,-999,-999
100080,LAGUNAS,2014,12,07,0.0,-999,-999
100080,LAGUNAS,2014,12,08,40.6,-999,-999
100080,LAGUNAS,2014,12,09,36.4,-999,-999
100080,LAGUNAS,2014,12,10,0.0,-999,-999
100080,LAGUNAS,2014,12,11,10.3,-999,-999
100080,LAGUNAS,2014,12,12,12.4,-999,-999
100080,LAGUNAS,2014,12,13,0.0,-999,-999
100080,LAGUNAS,2014,12,14,0.0,-999,-999
100080,LAGUNAS,2014,12,15,25.2,-999,-999
100080,LAGUNAS,2014,12,16,18.6,-999,-999
100080,LAGUNAS,2014,12,17,0.0,-999,-999
100080,LAGUNAS,2014,12,18,0.0,-999,-999
100080,LAGUNAS,2014,12,19,0.0,-999,-999
100080,LAGUNAS,2014,12,20,0.0,-999,-999
100080,LAGUNAS,2014,12,21,0.0,-999,-999
100080,LAGUNAS,2014,12,22,20.7,-999,-999
100080,LAGUNAS,2014,12,23,0.0,-999,-999
100080,LAGUNAS,2014,12,24,0.0,-999,-999
100080,LAGUNAS,2014,12,25,10.3,-999,-999
100080,LAGUNAS,2014,12,26,20.6,-999,-999
100080,LAGUNAS,2014,12,27,8.3,-999,-999
100080,LAGUNAS,2014,12,28,20.7,-999,-999
100080,LAGUNAS,2014,12,29,0.0,-999,-999
100080,LAGUNAS,2014,12,30,0.0,-999,-999
100080,LAGUNAS,2014,12,31,40.8,-999,-999
100080,LAGUNAS,2015,01,01,20.7,-999,-999
100080,LAGUNAS,2015,01,02,40.6,-999,-999
100080,LAGUNAS,2015,01,03,0.0,-999,-999
100080,LAGUNAS,2015,01,04,10.4,-999,-999
100080,LAGUNAS,2015,01,05,0.0,-999,-999
100080,LAGUNAS,2015,01,06,8.2,-999,-999
100080,LAGUNAS,2015,01,07,0.0,-999,-999
100080,LAGUNAS,2015,01,08,0.0,-999,-999
100080,LAGUNAS,2015,01,09,10.6,-999,-999
100080,LAGUNAS,2015,01,10,0.0,-999,-999
100080,LAGUNAS,2015,01,11,0.0,-999,-999
100080,LAGUNAS,2015,01,12,38.6,-999,-999
100080,LAGUNAS,2015,01,13,10.6,-999,-999
100080,LAGUNAS,2015,01,14,0.0,-999,-999
100080,LAGUNAS,2015,01,15,10.4,-999,-999
100080,LAGUNAS,2015,01,16,9.3,-999,-999
100080,LAGUNAS,2015,01,17,30.8,-999,-999
100080,LAGUNAS,2015,01,18,60.4,-999,-999
100080,LAGUNAS,2015,01,19,0.0,-999,-999
100080,LAGUNAS,2015,01,20,20.3,-999,-999
100080,LAGUNAS,2015,01,21,0.0,-999,-999
100080,LAGUNAS,2015,01,22,20.4,-999,-999
100080,LAGUNAS,2015,01,23,0.0,-999,-999
100080,LAGUNAS,2015,01,24,0.0,-999,-999
100080,LAGUNAS,2015,01,25,0.0,-999,-999
100080,LAGUNAS,2015,01,26,15.2,-999,-999
100080,LAGUNAS,2015,01,27,40.8,-999,-999
100080,LAGUNAS,2015,01,28,0.0,-999,-999
100080,LAGUNAS,2015,01,29,0.0,-999,-999
100080,LAGUNAS,2015,01,30,0.0,-999,-999
100080,LAGUNAS,2015,01,31,20.5,-999,-999
100080,LAGUNAS,2015,02,01,30.8,-999,-999
100080,LAGUNAS,2015,02,02,46.0,-999,-999
100080,LAGUNAS,2015,02,03,0.0,-999,-999
100080,LAGUNAS,2015,02,04,0.0,-999,-999
100080,LAGUNAS,2015,02,05,0.0,-999,-999
100080,LAGUNAS,2015,02,06,20.4,-999,-999
100080,LAGUNAS,2015,02,07,0.0,-999,-999
100080,LAGUNAS,2015,02,08,0.0,-999,-999
100080,LAGUNAS,2015,02,09,0.0,-999,-999
100080,LAGUNAS,2015,02,10,0.0,-999,-999
100080,LAGUNAS,2015,02,11,0.0,-999,-999
100080,LAGUNAS,2015,02,12,0.0,-999,-999
100080,LAGUNAS,2015,02,13,0.0,-999,-999
100080,LAGUNAS,2015,02,14,15.3,-999,-999
100080,LAGUNAS,2015,02,15,10.6,-999,-999
100080,LAGUNAS,2015,02,16,0.0,-999,-999
100080,LAGUNAS,2015,02,17,0.0,-999,-999
100080,LAGUNAS,2015,02,18,0.0,-999,-999
100080,LAGUNAS,2015,02,19,0.0,-999,-999
100080,LAGUNAS,2015,02,20,0.0,-999,-999
100080,LAGUNAS,2015,02,21,0.0,-999,-999
100080,LAGUNAS,2015,02,22,10.6,-999,-999
100080,LAGUNAS,2015,02,23,0.0,-999,-999
100080,LAGUNAS,2015,02,24,8.7,-999,-999
100080,LAGUNAS,2015,02,25,6.4,-999,-999
100080,LAGUNAS,2015,02,26,0.0,-999,-999
100080,LAGUNAS,2015,02,27,0.0,-999,-999
100080,LAGUNAS,2015,02,28,10.7,-999,-999
100080,LAGUNAS,2015,03,01,10.4,-999,-999
100080,LAGUNAS,2015,03,02,8.4,-999,-999
100080,LAGUNAS,2015,03,03,0.0,-999,-999
100080,LAGUNAS,2015,03,04,10.7,-999,-999
100080,LAGUNAS,2015,03,05,30.6,-999,-999
100080,LAGUNAS,2015,03,06,15.7,-999,-999
100080,LAGUNAS,2015,03,07,58.4,-999,-999
100080,LAGUNAS,2015,03,08,0.0,-999,-999
100080,LAGUNAS,2015,03,09,0.0,-999,-999
100080,LAGUNAS,2015,03,10,0.0,-999,-999
100080,LAGUNAS,2015,03,11,0.0,-999,-999
100080,LAGUNAS,2015,03,12,7.2,-999,-999
100080,LAGUNAS,2015,03,13,10.4,-999,-999
100080,LAGUNAS,2015,03,14,0.0,-999,-999
100080,LAGUNAS,2015,03,15,0.0,-999,-999
100080,LAGUNAS,2015,03,16,26.2,-999,-999
100080,LAGUNAS,2015,03,17,0.0,-999,-999
100080,LAGUNAS,2015,03,18,8.4,-999,-999
100080,LAGUNAS,2015,03,19,0.0,-999,-999
100080,LAGUNAS,2015,03,20,0.0,-999,-999
100080,LAGUNAS,2015,03,21,0.0,-999,-999
100080,LAGUNAS,2015,03,22,10.6,-999,-999
100080,LAGUNAS,2015,03,23,55.5,-999,-999
100080,LAGUNAS,2015,03,24,0.0,-999,-999
100080,LAGUNAS,2015,03,25,8.6,-999,-999
100080,LAGUNAS,2015,03,26,10.6,-999,-999
100080,LAGUNAS,2015,03,27,6.2,-999,-999
100080,LAGUNAS,2015,03,28,0.0,-999,-999
100080,LAGUNAS,2015,03,29,0.0,-999,-999
100080,LAGUNAS,2015,03,30,10.4,-999,-999
100080,LAGUNAS,2015,03,31,0.0,-999,-999
100080,LAGUNAS,2015,04,01,10.6,-999,-999
100080,LAGUNAS,2015,04,02,0.0,-999,-999
100080,LAGUNAS,2015,04,03,0.0,-999,-999
100080,LAGUNAS,2015,04,04,17.4,-999,-999
100080,LAGUNAS,2015,04,05,8.2,-999,-999
100080,LAGUNAS,2015,04,06,56.0,-999,-999
100080,LAGUNAS,2015,04,07,47.3,-999,-999
100080,LAGUNAS,2015,04,08,8.6,-999,-999
100080,LAGUNAS,2015,04,09,4.2,-999,-999
100080,LAGUNAS,2015,04,10,0.0,-999,-999
100080,LAGUNAS,2015,04,11,6.2,-999,-999
100080,LAGUNAS,2015,04,12,14.7,-999,-999
100080,LAGUNAS,2015,04,13,0.0,-999,-999
100080,LAGUNAS,2015,04,14,0.0,-999,-999
100080,LAGUNAS,2015,04,15,0.0,-999,-999
100080,LAGUNAS,2015,04,16,2.4,-999,-999
100080,LAGUNAS,2015,04,17,15.7,-999,-999
100080,LAGUNAS,2015,04,18,0.0,-999,-999
100080,LAGUNAS,2015,04,19,0.0,-999,-999
100080,LAGUNAS,2015,04,20,0.0,-999,-999
100080,LAGUNAS,2015,04,21,0.0,-999,-999
100080,LAGUNAS,2015,04,22,0.0,-999,-999
100080,LAGUNAS,2015,04,23,68.7,-999,-999
100080,LAGUNAS,2015,04,24,5.2,-999,-999
100080,LAGUNAS,2015,04,25,12.4,-999,-999
100080,LAGUNAS,2015,04,26,17.3,-999,-999
100080,LAGUNAS,2015,04,27,15.6,-999,-999
100080,LAGUNAS,2015,04,28,66.6,-999,-999
100080,LAGUNAS,2015,04,29,30.3,-999,-999
100080,LAGUNAS,2015,04,30,0.0,-999,-999
100080,LAGUNAS,2015,05,01,0.0,-999,-999
100080,LAGUNAS,2015,05,02,0.0,-999,-999
100080,LAGUNAS,2015,05,03,0.0,-999,-999
100080,LAGUNAS,2015,05,04,0.0,-999,-999
100080,LAGUNAS,2015,05,05,0.0,-999,-999
100080,LAGUNAS,2015,05,06,0.0,-999,-999
100080,LAGUNAS,2015,05,07,0.0,-999,-999
100080,LAGUNAS,2015,05,08,20.6,-999,-999
100080,LAGUNAS,2015,05,09,0.0,-999,-999
100080,LAGUNAS,2015,05,10,0.0,-999,-999
100080,LAGUNAS,2015,05,11,10.4,-999,-999
100080,LAGUNAS,2015,05,12,15.2,-999,-999
100080,LAGUNAS,2015,05,13,10.7,-999,-999
100080,LAGUNAS,2015,05,14,0.0,-999,-999
100080,LAGUNAS,2015,05,15,10.2,-999,-999
100080,LAGUNAS,2015,05,16,36.1,-999,-999
100080,LAGUNAS,2015,05,17,0.0,-999,-999
100080,LAGUNAS,2015,05,18,0.0,-999,-999
100080,LAGUNAS,2015,05,19,0.0,-999,-999
100080,LAGUNAS,2015,05,20,0.0,-999,-999
100080,LAGUNAS,2015,05,21,0.0,-999,-999
100080,LAGUNAS,2015,05,22,0.0,-999,-999
100080,LAGUNAS,2015,05,23,30.4,-999,-999
100080,LAGUNAS,2015,05,24,0.0,-999,-999
100080,LAGUNAS,2015,05,25,4.2,-999,-999
100080,LAGUNAS,2015,05,26,0.0,-999,-999
100080,LAGUNAS,2015,05,27,6.2,-999,-999
100080,LAGUNAS,2015,05,28,10.8,-999,-999
100080,LAGUNAS,2015,05,29,0.0,-999,-999
100080,LAGUNAS,2015,05,30,0.0,-999,-999
100080,LAGUNAS,2015,05,31,0.0,-999,-999
100080,LAGUNAS,2015,06,01,10.3,-999,-999
100080,LAGUNAS,2015,06,02,0.0,-999,-999
100080,LAGUNAS,2015,06,03,0.0,-999,-999
100080,LAGUNAS,2015,06,04,0.0,-999,-999
100080,LAGUNAS,2015,06,05,0.0,-999,-999
100080,LAGUNAS,2015,06,06,0.0,-999,-999
100080,LAGUNAS,2015,06,07,0.0,-999,-999
100080,LAGUNAS,2015,06,08,2.2,-999,-999
100080,LAGUNAS,2015,06,09,0.0,-999,-999
100080,LAGUNAS,2015,06,10,70.2,-999,-999
100080,LAGUNAS,2015,06,11,5.8,-999,-999
100080,LAGUNAS,2015,06,12,0.0,-999,-999
100080,LAGUNAS,2015,06,13,0.0,-999,-999
100080,LAGUNAS,2015,06,14,0.0,-999,-999
100080,LAGUNAS,2015,06,15,0.0,-999,-999
100080,LAGUNAS,2015,06,16,15.6,-999,-999
100080,LAGUNAS,2015,06,17,25.4,-999,-999
100080,LAGUNAS,2015,06,18,5.2,-999,-999
100080,LAGUNAS,2015,06,19,0.0,-999,-999
100080,LAGUNAS,2015,06,20,0.0,-999,-999
100080,LAGUNAS,2015,06,21,0.0,-999,-999
100080,LAGUNAS,2015,06,22,0.0,-999,-999
100080,LAGUNAS,2015,06,23,0.0,-999,-999
100080,LAGUNAS,2015,06,24,40.4,-999,-999
100080,LAGUNAS,2015,06,25,0.0,-999,-999
100080,LAGUNAS,2015,06,26,0.0,-999,-999
100080,LAGUNAS,2015,06,27,0.0,-999,-999
100080,LAGUNAS,2015,06,28,5.3,-999,-999
100080,LAGUNAS,2015,06,29,0.0,-999,-999
100080,LAGUNAS,2015,06,30,0.0,-999,-999
100080,LAGUNAS,2015,07,01,0.0,-999,-999
100080,LAGUNAS,2015,07,02,0.0,-999,-999
100080,LAGUNAS,2015,07,03,0.0,-999,-999
100080,LAGUNAS,2015,07,04,0.0,-999,-999
100080,LAGUNAS,2015,07,05,2.3,-999,-999
100080,LAGUNAS,2015,07,06,0.0,-999,-999
100080,LAGUNAS,2015,07,07,0.0,-999,-999
100080,LAGUNAS,2015,07,08,0.0,-999,-999
100080,LAGUNAS,2015,07,09,0.0,-999,-999
100080,LAGUNAS,2015,07,10,19.5,-999,-999
100080,LAGUNAS,2015,07,11,17.5,-999,-999
100080,LAGUNAS,2015,07,12,0.0,-999,-999
100080,LAGUNAS,2015,07,13,0.0,-999,-999
100080,LAGUNAS,2015,07,14,0.0,-999,-999
100080,LAGUNAS,2015,07,15,12.7,-999,-999
100080,LAGUNAS,2015,07,16,0.0,-999,-999
100080,LAGUNAS,2015,07,17,30.5,-999,-999
100080,LAGUNAS,2015,07,18,0.0,-999,-999
100080,LAGUNAS,2015,07,19,0.0,-999,-999
100080,LAGUNAS,2015,07,20,0.0,-999,-999
100080,LAGUNAS,2015,07,21,2.2,-999,-999
100080,LAGUNAS,2015,07,22,10.2,-999,-999
100080,LAGUNAS,2015,07,23,0.0,-999,-999
100080,LAGUNAS,2015,07,24,0.0,-999,-999
100080,LAGUNAS,2015,07,25,0.0,-999,-999
100080,LAGUNAS,2015,07,26,0.0,-999,-999
100080,LAGUNAS,2015,07,27,0.0,-999,-999
100080,LAGUNAS,2015,07,28,0.0,-999,-999
100080,LAGUNAS,2015,07,29,80.1,-999,-999
100080,LAGUNAS,2015,07,30,17.2,-999,-999
100080,LAGUNAS,2015,07,31,0.0,-999,-999
100080,LAGUNAS,2015,08,01,0.0,-999,-999
100080,LAGUNAS,2015,08,02,0.0,-999,-999
100080,LAGUNAS,2015,08,03,0.0,-999,-999
100080,LAGUNAS,2015,08,04,14.3,-999,-999
100080,LAGUNAS,2015,08,05,0.0,-999,-999
100080,LAGUNAS,2015,08,06,0.0,-999,-999
100080,LAGUNAS,2015,08,07,0.0,-999,-999
100080,LAGUNAS,2015,08,08,0.0,-999,-999
100080,LAGUNAS,2015,08,09,1.2,-999,-999
100080,LAGUNAS,2015,08,10,8.4,-999,-999
100080,LAGUNAS,2015,08,11,31.3,-999,-999
100080,LAGUNAS,2015,08,12,10.9,-999,-999
100080,LAGUNAS,2015,08,13,2.4,-999,-999
100080,LAGUNAS,2015,08,14,5.3,-999,-999
100080,LAGUNAS,2015,08,15,0.0,-999,-999
100080,LAGUNAS,2015,08,16,0.0,-999,-999
100080,LAGUNAS,2015,08,17,0.0,-999,-999
100080,LAGUNAS,2015,08,18,0.0,-999,-999
100080,LAGUNAS,2015,08,19,2.3,-999,-999
100080,LAGUNAS,2015,08,20,0.0,-999,-999
100080,LAGUNAS,2015,08,21,0.0,-999,-999
100080,LAGUNAS,2015,08,22,0.0,-999,-999
100080,LAGUNAS,2015,08,23,0.0,-999,-999
100080,LAGUNAS,2015,08,24,21.4,-999,-999
100080,LAGUNAS,2015,08,25,0.0,-999,-999
100080,LAGUNAS,2015,08,26,0.0,-999,-999
100080,LAGUNAS,2015,08,27,0.0,-999,-999
100080,LAGUNAS,2015,08,28,20.1,-999,-999
100080,LAGUNAS,2015,08,29,0.0,-999,-999
100080,LAGUNAS,2015,08,30,0.0,-999,-999
100080,LAGUNAS,2015,08,31,5.3,-999,-999
100080,LAGUNAS,2015,09,01,14.3,-999,-999
100080,LAGUNAS,2015,09,02,0.0,-999,-999
100080,LAGUNAS,2015,09,03,0.0,-999,-999
100080,LAGUNAS,2015,09,04,0.0,-999,-999
100080,LAGUNAS,2015,09,05,2.4,-999,-999
100080,LAGUNAS,2015,09,06,0.0,-999,-999
100080,LAGUNAS,2015,09,07,0.0,-999,-999
100080,LAGUNAS,2015,09,08,0.0,-999,-999
100080,LAGUNAS,2015,09,09,0.0,-999,-999
100080,LAGUNAS,2015,09,10,0.0,-999,-999
100080,LAGUNAS,2015,09,11,0.0,-999,-999
100080,LAGUNAS,2015,09,12,0.0,-999,-999
100080,LAGUNAS,2015,09,13,0.0,-999,-999
100080,LAGUNAS,2015,09,14,0.0,-999,-999
100080,LAGUNAS,2015,09,15,0.0,-999,-999
100080,LAGUNAS,2015,09,16,0.0,-999,-999
100080,LAGUNAS,2015,09,17,0.0,-999,-999
100080,LAGUNAS,2015,09,18,20.5,-999,-999
100080,LAGUNAS,2015,09,19,0.0,-999,-999
100080,LAGUNAS,2015,09,20,0.0,-999,-999
100080,LAGUNAS,2015,09,21,0.0,-999,-999
100080,LAGUNAS,2015,09,22,0.0,-999,-999
100080,LAGUNAS,2015,09,23,0.0,-999,-999
100080,LAGUNAS,2015,09,24,0.0,-999,-999
100080,LAGUNAS,2015,09,25,0.0,-999,-999
100080,LAGUNAS,2015,09,26,0.0,-999,-999
100080,LAGUNAS,2015,09,27,0.0,-999,-999
100080,LAGUNAS,2015,09,28,0.0,-999,-999
100080,LAGUNAS,2015,09,29,0.0,-999,-999
100080,LAGUNAS,2015,09,30,0.0,-999,-999
100080,LAGUNAS,2015,10,01,3.7,-999,-999
100080,LAGUNAS,2015,10,02,38.7,-999,-999
100080,LAGUNAS,2015,10,03,14.6,-999,-999
100080,LAGUNAS,2015,10,04,0.0,-999,-999
100080,LAGUNAS,2015,10,05,0.0,-999,-999
100080,LAGUNAS,2015,10,06,0.0,-999,-999
100080,LAGUNAS,2015,10,07,0.0,-999,-999
100080,LAGUNAS,2015,10,08,0.0,-999,-999
100080,LAGUNAS,2015,10,09,0.0,-999,-999
100080,LAGUNAS,2015,10,10,0.0,-999,-999
100080,LAGUNAS,2015,10,11,13.4,-999,-999
100080,LAGUNAS,2015,10,12,0.0,-999,-999
100080,LAGUNAS,2015,10,13,0.0,-999,-999
100080,LAGUNAS,2015,10,14,2.2,-999,-999
100080,LAGUNAS,2015,10,15,0.0,-999,-999
100080,LAGUNAS,2015,10,16,0.0,-999,-999
100080,LAGUNAS,2015,10,17,0.0,-999,-999
100080,LAGUNAS,2015,10,18,0.0,-999,-999
100080,LAGUNAS,2015,10,19,0.0,-999,-999
100080,LAGUNAS,2015,10,20,0.0,-999,-999
100080,LAGUNAS,2015,10,21,0.0,-999,-999
100080,LAGUNAS,2015,10,22,0.0,-999,-999
100080,LAGUNAS,2015,10,23,0.0,-999,-999
100080,LAGUNAS,2015,10,24,5.2,-999,-999
100080,LAGUNAS,2015,10,25,0.0,-999,-999
100080,LAGUNAS,2015,10,26,0.0,-999,-999
100080,LAGUNAS,2015,10,27,30.2,-999,-999
100080,LAGUNAS,2015,10,28,0.0,-999,-999
100080,LAGUNAS,2015,10,29,0.0,-999,-999
100080,LAGUNAS,2015,10,30,0.0,-999,-999
100080,LAGUNAS,2015,10,31,0.0,-999,-999
100080,LAGUNAS,2015,11,01,2.2,-999,-999
100080,LAGUNAS,2015,11,02,0.0,-999,-999
100080,LAGUNAS,2015,11,03,0.0,-999,-999
100080,LAGUNAS,2015,11,04,35.5,-999,-999
100080,LAGUNAS,2015,11,05,2.3,-999,-999
100080,LAGUNAS,2015,11,06,0.0,-999,-999
100080,LAGUNAS,2015,11,07,27.2,-999,-999
100080,LAGUNAS,2015,11,08,7.4,-999,-999
100080,LAGUNAS,2015,11,09,0.0,-999,-999
100080,LAGUNAS,2015,11,10,0.0,-999,-999
100080,LAGUNAS,2015,11,11,0.0,-999,-999
100080,LAGUNAS,2015,11,12,30.5,-999,-999
100080,LAGUNAS,2015,11,13,0.0,-999,-999
100080,LAGUNAS,2015,11,14,20.2,-999,-999
100080,LAGUNAS,2015,11,15,0.0,-999,-999
100080,LAGUNAS,2015,11,16,1.2,-999,-999
100080,LAGUNAS,2015,11,17,38.4,-999,-999
100080,LAGUNAS,2015,11,18,0.0,-999,-999
100080,LAGUNAS,2015,11,19,0.0,-999,-999
100080,LAGUNAS,2015,11,20,2.3,-999,-999
100080,LAGUNAS,2015,11,21,6.4,-999,-999
100080,LAGUNAS,2015,11,22,0.0,-999,-999
100080,LAGUNAS,2015,11,23,0.0,-999,-999
100080,LAGUNAS,2015,11,24,0.0,-999,-999
100080,LAGUNAS,2015,11,25,0.0,-999,-999
100080,LAGUNAS,2015,11,26,0.0,-999,-999
100080,LAGUNAS,2015,11,27,2.2,-999,-999
100080,LAGUNAS,2015,11,28,0.0,-999,-999
100080,LAGUNAS,2015,11,29,40.3,-999,-999
100080,LAGUNAS,2015,11,30,10.2,-999,-999
100080,LAGUNAS,2015,12,01,0.0,-999,-999
100080,LAGUNAS,2015,12,02,0.0,-999,-999
100080,LAGUNAS,2015,12,03,0.0,-999,-999
100080,LAGUNAS,2015,12,04,0.0,-999,-999
100080,LAGUNAS,2015,12,05,0.0,-999,-999
100080,LAGUNAS,2015,12,06,17.7,-999,-999
100080,LAGUNAS,2015,12,07,34.4,-999,-999
100080,LAGUNAS,2015,12,08,5.2,-999,-999
100080,LAGUNAS,2015,12,09,4.7,-999,-999
100080,LAGUNAS,2015,12,10,0.0,-999,-999
100080,LAGUNAS,2015,12,11,0.0,-999,-999
100080,LAGUNAS,2015,12,12,0.0,-999,-999
100080,LAGUNAS,2015,12,13,0.0,-999,-999
100080,LAGUNAS,2015,12,14,55.2,-999,-999
100080,LAGUNAS,2015,12,15,0.0,-999,-999
100080,LAGUNAS,2015,12,16,0.0,-999,-999
100080,LAGUNAS,2015,12,17,0.0,-999,-999
100080,LAGUNAS,2015,12,18,0.0,-999,-999
100080,LAGUNAS,2015,12,19,16.2,-999,-999
100080,LAGUNAS,2015,12,20,13.6,-999,-999
100080,LAGUNAS,2015,12,21,0.0,-999,-999
100080,LAGUNAS,2015,12,22,17.3,-999,-999
100080,LAGUNAS,2015,12,23,7.4,-999,-999
100080,LAGUNAS,2015,12,24,0.0,-999,-999
100080,LAGUNAS,2015,12,25,0.0,-999,-999
100080,LAGUNAS,2015,12,26,6.7,-999,-999
100080,LAGUNAS,2015,12,27,0.0,-999,-999
100080,LAGUNAS,2015,12,28,0.0,-999,-999
100080,LAGUNAS,2015,12,29,0.0,-999,-999
100080,LAGUNAS,2015,12,30,13.8,-999,-999
100080,LAGUNAS,2015,12,31,19.6,-999,-999
100080,LAGUNAS,2016,01,01,0.0,-999,-999
100080,LAGUNAS,2016,01,02,8.1,-999,-999
100080,LAGUNAS,2016,01,03,2.5,-999,-999
100080,LAGUNAS,2016,01,04,0.0,-999,-999
100080,LAGUNAS,2016,01,05,12.2,-999,-999
100080,LAGUNAS,2016,01,06,22.1,-999,-999
100080,LAGUNAS,2016,01,07,0.0,-999,-999
100080,LAGUNAS,2016,01,08,0.0,-999,-999
100080,LAGUNAS,2016,01,09,0.0,-999,-999
100080,LAGUNAS,2016,01,10,12.2,-999,-999
100080,LAGUNAS,2016,01,11,0.0,-999,-999
100080,LAGUNAS,2016,01,12,0.0,-999,-999
100080,LAGUNAS,2016,01,13,0.0,-999,-999
100080,LAGUNAS,2016,01,14,0.0,-999,-999
100080,LAGUNAS,2016,01,15,1.2,-999,-999
100080,LAGUNAS,2016,01,16,0.0,-999,-999
100080,LAGUNAS,2016,01,17,28.6,-999,-999
100080,LAGUNAS,2016,01,18,0.0,-999,-999
100080,LAGUNAS,2016,01,19,0.0,-999,-999
100080,LAGUNAS,2016,01,20,0.0,-999,-999
100080,LAGUNAS,2016,01,21,0.0,-999,-999
100080,LAGUNAS,2016,01,22,0.0,-999,-999
100080,LAGUNAS,2016,01,23,0.0,-999,-999
100080,LAGUNAS,2016,01,24,0.0,-999,-999
100080,LAGUNAS,2016,01,25,0.0,-999,-999
100080,LAGUNAS,2016,01,26,0.0,-999,-999
100080,LAGUNAS,2016,01,27,0.0,-999,-999
100080,LAGUNAS,2016,01,28,1.2,-999,-999
100080,LAGUNAS,2016,01,29,0.0,-999,-999
100080,LAGUNAS,2016,01,30,3.9,-999,-999
100080,LAGUNAS,2016,01,31,1.5,-999,-999
100080,LAGUNAS,2016,02,01,0.0,-999,-999
100080,LAGUNAS,2016,02,02,0.0,-999,-999
100080,LAGUNAS,2016,02,03,17.2,-999,-999
100080,LAGUNAS,2016,02,04,0.0,-999,-999
100080,LAGUNAS,2016,02,05,25.1,-999,-999
100080,LAGUNAS,2016,02,06,67.3,-999,-999
100080,LAGUNAS,2016,02,07,2.3,-999,-999
100080,LAGUNAS,2016,02,08,76.8,-999,-999
100080,LAGUNAS,2016,02,09,16.2,-999,-999
100080,LAGUNAS,2016,02,10,12.4,-999,-999
100080,LAGUNAS,2016,02,11,0.0,-999,-999
100080,LAGUNAS,2016,02,12,0.0,-999,-999
100080,LAGUNAS,2016,02,13,20.6,-999,-999
100080,LAGUNAS,2016,02,14,0.0,-999,-999
100080,LAGUNAS,2016,02,15,0.0,-999,-999
100080,LAGUNAS,2016,02,16,2.4,-999,-999
100080,LAGUNAS,2016,02,17,0.0,-999,-999
100080,LAGUNAS,2016,02,18,0.0,-999,-999
100080,LAGUNAS,2016,02,19,2.2,-999,-999
100080,LAGUNAS,2016,02,20,1.2,-999,-999
100080,LAGUNAS,2016,02,21,0.0,-999,-999
100080,LAGUNAS,2016,02,22,1.8,-999,-999
100080,LAGUNAS,2016,02,23,2.1,-999,-999
100080,LAGUNAS,2016,02,24,0.0,-999,-999
100080,LAGUNAS,2016,02,25,2.8,-999,-999
100080,LAGUNAS,2016,02,26,0.0,-999,-999
100080,LAGUNAS,2016,02,27,26.0,-999,-999
100080,LAGUNAS,2016,02,28,0.0,-999,-999
100080,LAGUNAS,2016,02,29,11.1,-999,-999
100080,LAGUNAS,2016,03,01,0.0,-999,-999
100080,LAGUNAS,2016,03,02,6.9,-999,-999
100080,LAGUNAS,2016,03,03,0.0,-999,-999
100080,LAGUNAS,2016,03,04,0.0,-999,-999
100080,LAGUNAS,2016,03,05,0.0,-999,-999
100080,LAGUNAS,2016,03,06,25.7,-999,-999
100080,LAGUNAS,2016,03,07,0.0,-999,-999
100080,LAGUNAS,2016,03,08,0.0,-999,-999
100080,LAGUNAS,2016,03,09,0.0,-999,-999
100080,LAGUNAS,2016,03,10,0.0,-999,-999
100080,LAGUNAS,2016,03,11,0.0,-999,-999
100080,LAGUNAS,2016,03,12,0.0,-999,-999
100080,LAGUNAS,2016,03,13,0.0,-999,-999
100080,LAGUNAS,2016,03,14,0.0,-999,-999
100080,LAGUNAS,2016,03,15,26.5,-999,-999
100080,LAGUNAS,2016,03,16,2.7,-999,-999
100080,LAGUNAS,2016,03,17,23.4,-999,-999
100080,LAGUNAS,2016,03,18,0.0,-999,-999
100080,LAGUNAS,2016,03,19,0.0,-999,-999
100080,LAGUNAS,2016,03,20,10.4,-999,-999
100080,LAGUNAS,2016,03,21,1.2,-999,-999
100080,LAGUNAS,2016,03,22,0.0,-999,-999
100080,LAGUNAS,2016,03,23,0.0,-999,-999
100080,LAGUNAS,2016,03,24,0.0,-999,-999
100080,LAGUNAS,2016,03,25,8.4,-999,-999
100080,LAGUNAS,2016,03,26,14.9,-999,-999
100080,LAGUNAS,2016,03,27,0.0,-999,-999
100080,LAGUNAS,2016,03,28,0.0,-999,-999
100080,LAGUNAS,2016,03,29,0.0,-999,-999
100080,LAGUNAS,2016,03,30,14.3,-999,-999
100080,LAGUNAS,2016,03,31,2.1,-999,-999
100080,LAGUNAS,2016,04,01,0.0,-999,-999
100080,LAGUNAS,2016,04,02,4.3,-999,-999
100080,LAGUNAS,2016,04,03,0.0,-999,-999
100080,LAGUNAS,2016,04,04,3.6,-999,-999
100080,LAGUNAS,2016,04,05,0.0,-999,-999
100080,LAGUNAS,2016,04,06,0.0,-999,-999
100080,LAGUNAS,2016,04,07,7.5,-999,-999
100080,LAGUNAS,2016,04,08,8.5,-999,-999
100080,LAGUNAS,2016,04,09,9.1,-999,-999
100080,LAGUNAS,2016,04,10,0.0,-999,-999
100080,LAGUNAS,2016,04,11,0.0,-999,-999
100080,LAGUNAS,2016,04,12,14.2,-999,-999
100080,LAGUNAS,2016,04,13,0.0,-999,-999
100080,LAGUNAS,2016,04,14,0.0,-999,-999
100080,LAGUNAS,2016,04,15,9.4,-999,-999
100080,LAGUNAS,2016,04,16,24.2,-999,-999
100080,LAGUNAS,2016,04,17,2.1,-999,-999
100080,LAGUNAS,2016,04,18,0.0,-999,-999
100080,LAGUNAS,2016,04,19,0.0,-999,-999
100080,LAGUNAS,2016,04,20,18.7,-999,-999
100080,LAGUNAS,2016,04,21,0.0,-999,-999
100080,LAGUNAS,2016,04,22,0.0,-999,-999
100080,LAGUNAS,2016,04,23,0.0,-999,-999
100080,LAGUNAS,2016,04,24,0.0,-999,-999
100080,LAGUNAS,2016,04,25,0.0,-999,-999
100080,LAGUNAS,2016,04,26,2.4,-999,-999
100080,LAGUNAS,2016,04,27,22.1,-999,-999
100080,LAGUNAS,2016,04,28,0.0,-999,-999
100080,LAGUNAS,2016,04,29,0.0,-999,-999
100080,LAGUNAS,2016,04,30,0.0,-999,-999
100080,LAGUNAS,2016,05,01,0.0,-999,-999
100080,LAGUNAS,2016,05,02,0.0,-999,-999
100080,LAGUNAS,2016,05,03,0.0,-999,-999
100080,LAGUNAS,2016,05,04,5.3,-999,-999
100080,LAGUNAS,2016,05,05,0.0,-999,-999
100080,LAGUNAS,2016,05,06,0.0,-999,-999
100080,LAGUNAS,2016,05,07,0.0,-999,-999
100080,LAGUNAS,2016,05,08,2.3,-999,-999
100080,LAGUNAS,2016,05,09,0.0,-999,-999
100080,LAGUNAS,2016,05,10,0.0,-999,-999
100080,LAGUNAS,2016,05,11,2.2,-999,-999
100080,LAGUNAS,2016,05,12,0.0,-999,-999
100080,LAGUNAS,2016,05,13,21.8,-999,-999
100080,LAGUNAS,2016,05,14,35.5,-999,-999
100080,LAGUNAS,2016,05,15,0.0,-999,-999
100080,LAGUNAS,2016,05,16,0.0,-999,-999
100080,LAGUNAS,2016,05,17,0.0,-999,-999
100080,LAGUNAS,2016,05,18,0.0,-999,-999
100080,LAGUNAS,2016,05,19,8.7,-999,-999
100080,LAGUNAS,2016,05,20,2.3,-999,-999
100080,LAGUNAS,2016,05,21,0.0,-999,-999
100080,LAGUNAS,2016,05,22,18.1,-999,-999
100080,LAGUNAS,2016,05,23,20.3,-999,-999
100080,LAGUNAS,2016,05,24,0.0,-999,-999
100080,LAGUNAS,2016,05,25,0.0,-999,-999
100080,LAGUNAS,2016,05,26,0.0,-999,-999
100080,LAGUNAS,2016,05,27,0.0,-999,-999
100080,LAGUNAS,2016,05,28,19.2,-999,-999
100080,LAGUNAS,2016,05,29,0.0,-999,-999
100080,LAGUNAS,2016,05,30,0.0,-999,-999
100080,LAGUNAS,2016,05,31,0.0,-999,-999
100080,LAGUNAS,2016,06,01,38.8,-999,-999
100080,LAGUNAS,2016,06,02,4.4,-999,-999
100080,LAGUNAS,2016,06,03,0.0,-999,-999
100080,LAGUNAS,2016,06,04,0.0,-999,-999
100080,LAGUNAS,2016,06,05,0.0,-999,-999
100080,LAGUNAS,2016,06,06,2.4,-999,-999
100080,LAGUNAS,2016,06,07,0.0,-999,-999
100080,LAGUNAS,2016,06,08,19.6,-999,-999
100080,LAGUNAS,2016,06,09,0.0,-999,-999
100080,LAGUNAS,2016,06,10,0.0,-999,-999
100080,LAGUNAS,2016,06,11,0.0,-999,-999
100080,LAGUNAS,2016,06,12,0.0,-999,-999
100080,LAGUNAS,2016,06,13,0.0,-999,-999
100080,LAGUNAS,2016,06,14,0.0,-999,-999
100080,LAGUNAS,2016,06,15,0.0,-999,-999
100080,LAGUNAS,2016,06,16,0.0,-999,-999
100080,LAGUNAS,2016,06,17,15.9,-999,-999
100080,LAGUNAS,2016,06,18,0.0,-999,-999
100080,LAGUNAS,2016,06,19,33.9,-999,-999
100080,LAGUNAS,2016,06,20,0.0,-999,-999
100080,LAGUNAS,2016,06,21,0.0,-999,-999
100080,LAGUNAS,2016,06,22,1.3,-999,-999
100080,LAGUNAS,2016,06,23,0.0,-999,-999
100080,LAGUNAS,2016,06,24,0.0,-999,-999
100080,LAGUNAS,2016,06,25,10.4,-999,-999
100080,LAGUNAS,2016,06,26,23.8,-999,-999
100080,LAGUNAS,2016,06,27,30.6,-999,-999
100080,LAGUNAS,2016,06,28,5.3,-999,-999
100080,LAGUNAS,2016,06,29,0.0,-999,-999
100080,LAGUNAS,2016,06,30,0.0,-999,-999
100080,LAGUNAS,2016,07,01,0.0,-999,-999
100080,LAGUNAS,2016,07,02,0.0,-999,-999
100080,LAGUNAS,2016,07,03,0.0,-999,-999
100080,LAGUNAS,2016,07,04,0.0,-999,-999
100080,LAGUNAS,2016,07,05,0.0,-999,-999
100080,LAGUNAS,2016,07,06,3.8,-999,-999
100080,LAGUNAS,2016,07,07,17.4,-999,-999
100080,LAGUNAS,2016,07,08,14.1,-999,-999
100080,LAGUNAS,2016,07,09,0.0,-999,-999
100080,LAGUNAS,2016,07,10,0.0,-999,-999
100080,LAGUNAS,2016,07,11,0.0,-999,-999
100080,LAGUNAS,2016,07,12,0.0,-999,-999
100080,LAGUNAS,2016,07,13,0.0,-999,-999
100080,LAGUNAS,2016,07,14,0.0,-999,-999
100080,LAGUNAS,2016,07,15,0.0,-999,-999
100080,LAGUNAS,2016,07,16,0.0,-999,-999
100080,LAGUNAS,2016,07,17,5.7,-999,-999
100080,LAGUNAS,2016,07,18,13.2,-999,-999
100080,LAGUNAS,2016,07,19,0.0,-999,-999
100080,LAGUNAS,2016,07,20,0.0,-999,-999
100080,LAGUNAS,2016,07,21,0.0,-999,-999
100080,LAGUNAS,2016,07,22,0.0,-999,-999
100080,LAGUNAS,2016,07,23,0.0,-999,-999
100080,LAGUNAS,2016,07,24,19.5,-999,-999
100080,LAGUNAS,2016,07,25,0.0,-999,-999
100080,LAGUNAS,2016,07,26,0.0,-999,-999
100080,LAGUNAS,2016,07,27,4.8,-999,-999
100080,LAGUNAS,2016,07,28,13.3,-999,-999
100080,LAGUNAS,2016,07,29,12.8,-999,-999
100080,LAGUNAS,2016,07,30,0.0,-999,-999
100080,LAGUNAS,2016,07,31,0.0,-999,-999
100080,LAGUNAS,2016,08,01,0.0,-999,-999
100080,LAGUNAS,2016,08,02,0.0,-999,-999
100080,LAGUNAS,2016,08,03,21.1,-999,-999
100080,LAGUNAS,2016,08,04,0.0,-999,-999
100080,LAGUNAS,2016,08,05,0.0,-999,-999
100080,LAGUNAS,2016,08,06,0.0,-999,-999
100080,LAGUNAS,2016,08,07,0.0,-999,-999
100080,LAGUNAS,2016,08,08,0.0,-999,-999
100080,LAGUNAS,2016,08,09,0.0,-999,-999
100080,LAGUNAS,2016,08,10,17.5,-999,-999
100080,LAGUNAS,2016,08,11,0.0,-999,-999
100080,LAGUNAS,2016,08,12,0.0,-999,-999
100080,LAGUNAS,2016,08,13,0.0,-999,-999
100080,LAGUNAS,2016,08,14,0.0,-999,-999
100080,LAGUNAS,2016,08,15,0.0,-999,-999
100080,LAGUNAS,2016,08,16,0.7,-999,-999
100080,LAGUNAS,2016,08,17,0.0,-999,-999
100080,LAGUNAS,2016,08,18,0.0,-999,-999
100080,LAGUNAS,2016,08,19,0.0,-999,-999
100080,LAGUNAS,2016,08,20,0.0,-999,-999
100080,LAGUNAS,2016,08,21,0.0,-999,-999
100080,LAGUNAS,2016,08,22,0.0,-999,-999
100080,LAGUNAS,2016,08,23,0.0,-999,-999
100080,LAGUNAS,2016,08,24,0.0,-999,-999
100080,LAGUNAS,2016,08,25,0.0,-999,-999
100080,LAGUNAS,2016,08,26,0.0,-999,-999
100080,LAGUNAS,2016,08,27,0.0,-999,-999
100080,LAGUNAS,2016,08,28,0.0,-999,-999
100080,LAGUNAS,2016,08,29,0.0,-999,-999
100080,LAGUNAS,2016,08,30,0.0,-999,-999
100080,LAGUNAS,2016,08,31,6.8,-999,-999
100080,LAGUNAS,2016,09,01,2.4,-999,-999
100080,LAGUNAS,2016,09,02,20.2,-999,-999
100080,LAGUNAS,2016,09,03,0.0,-999,-999
100080,LAGUNAS,2016,09,04,0.0,-999,-999
100080,LAGUNAS,2016,09,05,0.0,-999,-999
100080,LAGUNAS,2016,09,06,0.0,-999,-999
100080,LAGUNAS,2016,09,07,0.0,-999,-999
100080,LAGUNAS,2016,09,08,0.0,-999,-999
100080,LAGUNAS,2016,09,09,0.0,-999,-999
100080,LAGUNAS,2016,09,10,0.0,-999,-999
100080,LAGUNAS,2016,09,11,7.4,-999,-999
100080,LAGUNAS,2016,09,12,0.0,-999,-999
100080,LAGUNAS,2016,09,13,0.0,-999,-999
100080,LAGUNAS,2016,09,14,6.7,-999,-999
100080,LAGUNAS,2016,09,15,0.0,-999,-999
100080,LAGUNAS,2016,09,16,0.0,-999,-999
100080,LAGUNAS,2016,09,17,0.0,-999,-999
100080,LAGUNAS,2016,09,18,0.0,-999,-999
100080,LAGUNAS,2016,09,19,21.4,-999,-999
100080,LAGUNAS,2016,09,20,0.0,-999,-999
100080,LAGUNAS,2016,09,21,0.0,-999,-999
100080,LAGUNAS,2016,09,22,0.0,-999,-999
100080,LAGUNAS,2016,09,23,21.4,-999,-999
100080,LAGUNAS,2016,09,24,0.0,-999,-999
100080,LAGUNAS,2016,09,25,22.8,-999,-999
100080,LAGUNAS,2016,09,26,0.0,-999,-999
100080,LAGUNAS,2016,09,27,1.6,-999,-999
100080,LAGUNAS,2016,09,28,0.0,-999,-999
100080,LAGUNAS,2016,09,29,0.0,-999,-999
100080,LAGUNAS,2016,09,30,0.0,-999,-999
100080,LAGUNAS,2016,10,01,0.0,-999,-999
100080,LAGUNAS,2016,10,02,3.2,-999,-999
100080,LAGUNAS,2016,10,03,7.7,-999,-999
100080,LAGUNAS,2016,10,04,0.0,-999,-999
100080,LAGUNAS,2016,10,05,0.0,-999,-999
100080,LAGUNAS,2016,10,06,0.0,-999,-999
100080,LAGUNAS,2016,10,07,28.7,-999,-999
100080,LAGUNAS,2016,10,08,0.0,-999,-999
100080,LAGUNAS,2016,10,09,15.3,-999,-999
100080,LAGUNAS,2016,10,10,61.3,-999,-999
100080,LAGUNAS,2016,10,11,0.0,-999,-999
100080,LAGUNAS,2016,10,12,5.1,-999,-999
100080,LAGUNAS,2016,10,13,4.4,-999,-999
100080,LAGUNAS,2016,10,14,7.7,-999,-999
100080,LAGUNAS,2016,10,15,0.0,-999,-999
100080,LAGUNAS,2016,10,16,0.0,-999,-999
100080,LAGUNAS,2016,10,17,0.0,-999,-999
100080,LAGUNAS,2016,10,18,4.2,-999,-999
100080,LAGUNAS,2016,10,19,0.0,-999,-999
100080,LAGUNAS,2016,10,20,11.1,-999,-999
100080,LAGUNAS,2016,10,21,0.0,-999,-999
100080,LAGUNAS,2016,10,22,0.0,-999,-999
100080,LAGUNAS,2016,10,23,0.0,-999,-999
100080,LAGUNAS,2016,10,24,41.4,-999,-999
100080,LAGUNAS,2016,10,25,0.0,-999,-999
100080,LAGUNAS,2016,10,26,0.0,-999,-999
100080,LAGUNAS,2016,10,27,30.1,-999,-999
100080,LAGUNAS,2016,10,28,0.0,-999,-999
100080,LAGUNAS,2016,10,29,0.0,-999,-999
100080,LAGUNAS,2016,10,30,0.0,-999,-999
100080,LAGUNAS,2016,10,31,0.0,-999,-999
100080,LAGUNAS,2016,11,01,0.0,-999,-999
100080,LAGUNAS,2016,11,02,0.0,-999,-999
100080,LAGUNAS,2016,11,03,56.9,-999,-999
100080,LAGUNAS,2016,11,04,2.4,-999,-999
100080,LAGUNAS,2016,11,05,0.0,-999,-999
100080,LAGUNAS,2016,11,06,0.0,-999,-999
100080,LAGUNAS,2016,11,07,0.0,-999,-999
100080,LAGUNAS,2016,11,08,0.0,-999,-999
100080,LAGUNAS,2016,11,09,2.1,-999,-999
100080,LAGUNAS,2016,11,10,0.0,-999,-999
100080,LAGUNAS,2016,11,11,5.4,-999,-999
100080,LAGUNAS,2016,11,12,0.0,-999,-999
100080,LAGUNAS,2016,11,13,0.0,-999,-999
100080,LAGUNAS,2016,11,14,0.0,-999,-999
100080,LAGUNAS,2016,11,15,0.0,-999,-999
100080,LAGUNAS,2016,11,16,0.0,-999,-999
100080,LAGUNAS,2016,11,17,0.0,-999,-999
100080,LAGUNAS,2016,11,18,12.2,-999,-999
100080,LAGUNAS,2016,11,19,0.0,-999,-999
100080,LAGUNAS,2016,11,20,0.0,-999,-999
100080,LAGUNAS,2016,11,21,0.0,-999,-999
100080,LAGUNAS,2016,11,22,0.0,-999,-999
100080,LAGUNAS,2016,11,23,0.0,-999,-999
100080,LAGUNAS,2016,11,24,3.3,-999,-999
100080,LAGUNAS,2016,11,25,9.8,-999,-999
100080,LAGUNAS,2016,11,26,0.0,-999,-999
100080,LAGUNAS,2016,11,27,0.0,-999,-999
100080,LAGUNAS,2016,11,28,18.6,-999,-999
100080,LAGUNAS,2016,11,29,9.5,-999,-999
100080,LAGUNAS,2016,11,30,24.6,-999,-999
100080,LAGUNAS,2016,12,01,0.0,-999,-999
100080,LAGUNAS,2016,12,02,62.2,-999,-999
100080,LAGUNAS,2016,12,03,0.0,-999,-999
100080,LAGUNAS,2016,12,04,0.0,-999,-999
100080,LAGUNAS,2016,12,05,4.9,-999,-999
100080,LAGUNAS,2016,12,06,31.9,-999,-999
100080,LAGUNAS,2016,12,07,15.2,-999,-999
100080,LAGUNAS,2016,12,08,0.0,-999,-999
100080,LAGUNAS,2016,12,09,2.2,-999,-999
100080,LAGUNAS,2016,12,10,41.6,-999,-999
100080,LAGUNAS,2016,12,11,13.3,-999,-999
100080,LAGUNAS,2016,12,12,0.0,-999,-999
100080,LAGUNAS,2016,12,13,2.2,-999,-999
100080,LAGUNAS,2016,12,14,15.6,-999,-999
100080,LAGUNAS,2016,12,15,29.9,-999,-999
100080,LAGUNAS,2016,12,16,0.0,-999,-999
100080,LAGUNAS,2016,12,17,4.4,-999,-999
100080,LAGUNAS,2016,12,18,0.0,-999,-999
100080,LAGUNAS,2016,12,19,4.3,-999,-999
100080,LAGUNAS,2016,12,20,0.0,-999,-999
100080,LAGUNAS,2016,12,21,0.0,-999,-999
100080,LAGUNAS,2016,12,22,0.0,-999,-999
100080,LAGUNAS,2016,12,23,0.0,-999,-999
100080,LAGUNAS,2016,12,24,0.0,-999,-999
100080,LAGUNAS,2016,12,25,0.0,-999,-999
100080,LAGUNAS,2016,12,26,0.0,-999,-999
100080,LAGUNAS,2016,12,27,0.0,-999,-999
100080,LAGUNAS,2016,12,28,41.0,-999,-999
100080,LAGUNAS,2016,12,29,22.2,-999,-999
100080,LAGUNAS,2016,12,30,0.0,-999,-999
100080,LAGUNAS,2016,12,31,8.4,-999,-999
100080,LAGUNAS,2017,01,01,109.2,-999,-999
100080,LAGUNAS,2017,01,02,0.0,-999,-999
100080,LAGUNAS,2017,01,03,0.0,-999,-999
100080,LAGUNAS,2017,01,04,15.0,-999,-999
100080,LAGUNAS,2017,01,05,52.5,-999,-999
100080,LAGUNAS,2017,01,06,4.2,-999,-999
100080,LAGUNAS,2017,01,07,0.0,-999,-999
100080,LAGUNAS,2017,01,08,0.0,-999,-999
100080,LAGUNAS,2017,01,09,13.6,-999,-999
100080,LAGUNAS,2017,01,10,14.3,-999,-999
100080,LAGUNAS,2017,01,11,40.3,-999,-999
100080,LAGUNAS,2017,01,12,0.5,-999,-999
100080,LAGUNAS,2017,01,13,0.0,-999,-999
100080,LAGUNAS,2017,01,14,5.3,-999,-999
100080,LAGUNAS,2017,01,15,28.1,-999,-999
100080,LAGUNAS,2017,01,16,0.0,-999,-999
100080,LAGUNAS,2017,01,17,0.0,-999,-999
100080,LAGUNAS,2017,01,18,1.6,-999,-999
100080,LAGUNAS,2017,01,19,3.4,-999,-999
100080,LAGUNAS,2017,01,20,0.8,-999,-999
100080,LAGUNAS,2017,01,21,19.0,-999,-999
100080,LAGUNAS,2017,01,22,0.0,-999,-999
100080,LAGUNAS,2017,01,23,31.7,-999,-999
100080,LAGUNAS,2017,01,24,19.6,-999,-999
100080,LAGUNAS,2017,01,25,0.0,-999,-999
100080,LAGUNAS,2017,01,26,33.3,-999,-999
100080,LAGUNAS,2017,01,27,1.5,-999,-999
100080,LAGUNAS,2017,01,28,74.6,-999,-999
100080,LAGUNAS,2017,01,29,25.1,-999,-999
100080,LAGUNAS,2017,01,30,0.0,-999,-999
100080,LAGUNAS,2017,01,31,0.0,-999,-999
100080,LAGUNAS,2017,02,01,12.2,-999,-999
100080,LAGUNAS,2017,02,02,1.2,-999,-999
100080,LAGUNAS,2017,02,03,0.0,-999,-999
100080,LAGUNAS,2017,02,04,22.1,-999,-999
100080,LAGUNAS,2017,02,05,2.5,-999,-999
100080,LAGUNAS,2017,02,06,0.0,-999,-999
100080,LAGUNAS,2017,02,07,0.0,-999,-999
100080,LAGUNAS,2017,02,08,0.0,-999,-999
100080,LAGUNAS,2017,02,09,37.5,-999,-999
100080,LAGUNAS,2017,02,10,8.6,-999,-999
100080,LAGUNAS,2017,02,11,0.0,-999,-999
100080,LAGUNAS,2017,02,12,0.0,-999,-999
100080,LAGUNAS,2017,02,13,0.0,-999,-999
100080,LAGUNAS,2017,02,14,8.6,-999,-999
100080,LAGUNAS,2017,02,15,35.8,-999,-999
100080,LAGUNAS,2017,02,16,45.2,-999,-999
100080,LAGUNAS,2017,02,17,0.0,-999,-999
100080,LAGUNAS,2017,02,18,5.2,-999,-999
100080,LAGUNAS,2017,02,19,0.0,-999,-999
100080,LAGUNAS,2017,02,20,0.0,-999,-999
100080,LAGUNAS,2017,02,21,3.1,-999,-999
100080,LAGUNAS,2017,02,22,0.0,-999,-999
100080,LAGUNAS,2017,02,23,0.0,-999,-999
100080,LAGUNAS,2017,02,24,2.4,-999,-999
100080,LAGUNAS,2017,02,25,21.4,-999,-999
100080,LAGUNAS,2017,02,26,47.1,-999,-999
100080,LAGUNAS,2017,02,27,0.0,-999,-999
100080,LAGUNAS,2017,02,28,0.0,-999,-999
100080,LAGUNAS,2017,03,01,0.0,-999,-999
100080,LAGUNAS,2017,03,02,31.5,-999,-999
100080,LAGUNAS,2017,03,03,14.7,-999,-999
100080,LAGUNAS,2017,03,04,6.4,-999,-999
100080,LAGUNAS,2017,03,05,0.6,-999,-999
100080,LAGUNAS,2017,03,06,0.5,-999,-999
100080,LAGUNAS,2017,03,07,0.0,-999,-999
100080,LAGUNAS,2017,03,08,21.4,-999,-999
100080,LAGUNAS,2017,03,09,19.5,-999,-999
100080,LAGUNAS,2017,03,10,1.4,-999,-999
100080,LAGUNAS,2017,03,11,10.6,-999,-999
100080,LAGUNAS,2017,03,12,0.0,-999,-999
100080,LAGUNAS,2017,03,13,0.0,-999,-999
100080,LAGUNAS,2017,03,14,12.3,-999,-999
100080,LAGUNAS,2017,03,15,0.0,-999,-999
100080,LAGUNAS,2017,03,16,0.0,-999,-999
100080,LAGUNAS,2017,03,17,0.0,-999,-999
100080,LAGUNAS,2017,03,18,36.8,-999,-999
100080,LAGUNAS,2017,03,19,0.0,-999,-999
100080,LAGUNAS,2017,03,20,0.0,-999,-999
100080,LAGUNAS,2017,03,21,7.4,-999,-999
100080,LAGUNAS,2017,03,22,5.2,-999,-999
100080,LAGUNAS,2017,03,23,15.1,-999,-999
100080,LAGUNAS,2017,03,24,15.4,-999,-999
100080,LAGUNAS,2017,03,25,0.0,-999,-999
100080,LAGUNAS,2017,03,26,2.2,-999,-999
100080,LAGUNAS,2017,03,27,2.1,-999,-999
100080,LAGUNAS,2017,03,28,0.0,-999,-999
100080,LAGUNAS,2017,03,29,16.1,-999,-999
100080,LAGUNAS,2017,03,30,0.0,-999,-999
100080,LAGUNAS,2017,03,31,16.4,-999,-999
100080,LAGUNAS,2017,04,01,2.2,-999,-999
100080,LAGUNAS,2017,04,02,6.1,-999,-999
100080,LAGUNAS,2017,04,03,0.5,-999,-999
100080,LAGUNAS,2017,04,04,1.5,-999,-999
100080,LAGUNAS,2017,04,05,3.5,-999,-999
100080,LAGUNAS,2017,04,06,29.3,-999,-999
100080,LAGUNAS,2017,04,07,23.2,-999,-999
100080,LAGUNAS,2017,04,08,0.0,-999,-999
100080,LAGUNAS,2017,04,09,18.9,-999,-999
100080,LAGUNAS,2017,04,10,0.0,-999,-999
100080,LAGUNAS,2017,04,11,15.1,-999,-999
100080,LAGUNAS,2017,04,12,2.3,-999,-999
100080,LAGUNAS,2017,04,13,2.4,-999,-999
100080,LAGUNAS,2017,04,14,7.0,-999,-999
100080,LAGUNAS,2017,04,15,9.7,-999,-999
100080,LAGUNAS,2017,04,16,0.0,-999,-999
100080,LAGUNAS,2017,04,17,0.0,-999,-999
100080,LAGUNAS,2017,04,18,27.8,-999,-999
100080,LAGUNAS,2017,04,19,0.0,-999,-999
100080,LAGUNAS,2017,04,20,3.1,-999,-999
100080,LAGUNAS,2017,04,21,6.8,-999,-999
100080,LAGUNAS,2017,04,22,0.0,-999,-999
100080,LAGUNAS,2017,04,23,29.5,-999,-999
100080,LAGUNAS,2017,04,24,0.0,-999,-999
100080,LAGUNAS,2017,04,25,0.0,-999,-999
100080,LAGUNAS,2017,04,26,23.2,-999,-999
100080,LAGUNAS,2017,04,27,0.0,-999,-999
100080,LAGUNAS,2017,04,28,8.3,-999,-999
100080,LAGUNAS,2017,04,29,0.0,-999,-999
100080,LAGUNAS,2017,04,30,0.0,-999,-999
100080,LAGUNAS,2017,05,01,5.4,-999,-999
100080,LAGUNAS,2017,05,02,7.3,-999,-999
100080,LAGUNAS,2017,05,03,0.8,-999,-999
100080,LAGUNAS,2017,05,04,6.8,-999,-999
100080,LAGUNAS,2017,05,05,22.7,-999,-999
100080,LAGUNAS,2017,05,06,23.8,-999,-999
100080,LAGUNAS,2017,05,07,0.0,-999,-999
100080,LAGUNAS,2017,05,08,0.0,-999,-999
100080,LAGUNAS,2017,05,09,0.0,-999,-999
100080,LAGUNAS,2017,05,10,48.3,-999,-999
100080,LAGUNAS,2017,05,11,0.7,-999,-999
100080,LAGUNAS,2017,05,12,0.0,-999,-999
100080,LAGUNAS,2017,05,13,0.0,-999,-999
100080,LAGUNAS,2017,05,14,0.0,-999,-999
100080,LAGUNAS,2017,05,15,3.2,-999,-999
100080,LAGUNAS,2017,05,16,7.1,-999,-999
100080,LAGUNAS,2017,05,17,0.0,-999,-999
100080,LAGUNAS,2017,05,18,35.9,-999,-999
100080,LAGUNAS,2017,05,19,0.5,-999,-999
100080,LAGUNAS,2017,05,20,18.6,-999,-999
100080,LAGUNAS,2017,05,21,0.0,-999,-999
100080,LAGUNAS,2017,05,22,0.0,-999,-999
100080,LAGUNAS,2017,05,23,10.6,-999,-999
100080,LAGUNAS,2017,05,24,0.0,-999,-999
100080,LAGUNAS,2017,05,25,1.1,-999,-999
100080,LAGUNAS,2017,05,26,3.6,-999,-999
100080,LAGUNAS,2017,05,27,32.5,-999,-999
100080,LAGUNAS,2017,05,28,0.5,-999,-999
100080,LAGUNAS,2017,05,29,0.0,-999,-999
100080,LAGUNAS,2017,05,30,0.7,-999,-999
100080,LAGUNAS,2017,05,31,0.0,-999,-999
100080,LAGUNAS,2017,06,01,17.4,-999,-999
100080,LAGUNAS,2017,06,02,15.5,-999,-999
100080,LAGUNAS,2017,06,03,15.6,-999,-999
100080,LAGUNAS,2017,06,04,6.7,-999,-999
100080,LAGUNAS,2017,06,05,3.7,-999,-999
100080,LAGUNAS,2017,06,06,0.0,-999,-999
100080,LAGUNAS,2017,06,07,0.0,-999,-999
100080,LAGUNAS,2017,06,08,0.0,-999,-999
100080,LAGUNAS,2017,06,09,47.2,-999,-999
100080,LAGUNAS,2017,06,10,61.8,-999,-999
100080,LAGUNAS,2017,06,11,0.0,-999,-999
100080,LAGUNAS,2017,06,12,1.1,-999,-999
100080,LAGUNAS,2017,06,13,9.5,-999,-999
100080,LAGUNAS,2017,06,14,23.1,-999,-999
100080,LAGUNAS,2017,06,15,0.6,-999,-999
100080,LAGUNAS,2017,06,16,0.0,-999,-999
100080,LAGUNAS,2017,06,17,0.0,-999,-999
100080,LAGUNAS,2017,06,18,26.9,-999,-999
100080,LAGUNAS,2017,06,19,3.5,-999,-999
100080,LAGUNAS,2017,06,20,23.0,-999,-999
100080,LAGUNAS,2017,06,21,0.7,-999,-999
100080,LAGUNAS,2017,06,22,0.0,-999,-999
100080,LAGUNAS,2017,06,23,0.0,-999,-999
100080,LAGUNAS,2017,06,24,0.0,-999,-999
100080,LAGUNAS,2017,06,25,12.7,-999,-999
100080,LAGUNAS,2017,06,26,0.0,-999,-999
100080,LAGUNAS,2017,06,27,0.0,-999,-999
100080,LAGUNAS,2017,06,28,0.0,-999,-999
100080,LAGUNAS,2017,06,29,4.2,-999,-999
100080,LAGUNAS,2017,06,30,0.0,-999,-999
100080,LAGUNAS,2017,07,01,0.0,-999,-999
100080,LAGUNAS,2017,07,02,0.0,-999,-999
100080,LAGUNAS,2017,07,03,0.0,-999,-999
100080,LAGUNAS,2017,07,04,0.0,-999,-999
100080,LAGUNAS,2017,07,05,38.3,-999,-999
100080,LAGUNAS,2017,07,06,0.0,-999,-999
100080,LAGUNAS,2017,07,07,0.0,-999,-999
100080,LAGUNAS,2017,07,08,3.5,-999,-999
100080,LAGUNAS,2017,07,09,0.0,-999,-999
100080,LAGUNAS,2017,07,10,0.0,-999,-999
100080,LAGUNAS,2017,07,11,0.0,-999,-999
100080,LAGUNAS,2017,07,12,0.0,-999,-999
100080,LAGUNAS,2017,07,13,0.0,-999,-999
100080,LAGUNAS,2017,07,14,0.0,-999,-999
100080,LAGUNAS,2017,07,15,0.0,-999,-999
100080,LAGUNAS,2017,07,16,0.0,-999,-999
100080,LAGUNAS,2017,07,17,0.0,-999,-999
100080,LAGUNAS,2017,07,18,3.4,-999,-999
100080,LAGUNAS,2017,07,19,0.0,-999,-999
100080,LAGUNAS,2017,07,20,0.0,-999,-999
100080,LAGUNAS,2017,07,21,0.0,-999,-999
100080,LAGUNAS,2017,07,22,0.0,-999,-999
100080,LAGUNAS,2017,07,23,0.0,-999,-999
100080,LAGUNAS,2017,07,24,0.5,-999,-999
100080,LAGUNAS,2017,07,25,6.2,-999,-999
100080,LAGUNAS,2017,07,26,0.6,-999,-999
100080,LAGUNAS,2017,07,27,3.4,-999,-999
100080,LAGUNAS,2017,07,28,0.0,-999,-999
100080,LAGUNAS,2017,07,29,0.0,-999,-999
100080,LAGUNAS,2017,07,30,0.0,-999,-999
100080,LAGUNAS,2017,07,31,0.0,-999,-999
100080,LAGUNAS,2017,08,01,0.0,-999,-999
100080,LAGUNAS,2017,08,02,0.0,-999,-999
100080,LAGUNAS,2017,08,03,0.0,-999,-999
100080,LAGUNAS,2017,08,04,21.1,-999,-999
100080,LAGUNAS,2017,08,05,0.0,-999,-999
100080,LAGUNAS,2017,08,06,0.0,-999,-999
100080,LAGUNAS,2017,08,07,0.0,-999,-999
100080,LAGUNAS,2017,08,08,0.0,-999,-999
100080,LAGUNAS,2017,08,09,1.7,-999,-999
100080,LAGUNAS,2017,08,10,0.0,-999,-999
100080,LAGUNAS,2017,08,11,0.0,-999,-999
100080,LAGUNAS,2017,08,12,0.0,-999,-999
100080,LAGUNAS,2017,08,13,0.0,-999,-999
100080,LAGUNAS,2017,08,14,2.3,-999,-999
100080,LAGUNAS,2017,08,15,0.0,-999,-999
100080,LAGUNAS,2017,08,16,4.6,-999,-999
100080,LAGUNAS,2017,08,17,0.0,-999,-999
100080,LAGUNAS,2017,08,18,0.0,-999,-999
100080,LAGUNAS,2017,08,19,0.0,-999,-999
100080,LAGUNAS,2017,08,20,1.6,-999,-999
100080,LAGUNAS,2017,08,21,33.5,-999,-999
100080,LAGUNAS,2017,08,22,1.6,-999,-999
100080,LAGUNAS,2017,08,23,0.0,-999,-999
100080,LAGUNAS,2017,08,24,0.0,-999,-999
100080,LAGUNAS,2017,08,25,0.6,-999,-999
100080,LAGUNAS,2017,08,26,0.0,-999,-999
100080,LAGUNAS,2017,08,27,1.7,-999,-999
100080,LAGUNAS,2017,08,28,0.0,-999,-999
100080,LAGUNAS,2017,08,29,0.0,-999,-999
100080,LAGUNAS,2017,08,30,0.0,-999,-999
100080,LAGUNAS,2017,08,31,0.0,-999,-999
100080,LAGUNAS,2017,09,01,0.0,-999,-999
100080,LAGUNAS,2017,09,02,0.7,-999,-999
100080,LAGUNAS,2017,09,03,10.4,-999,-999
100080,LAGUNAS,2017,09,04,0.0,-999,-999
100080,LAGUNAS,2017,09,05,0.0,-999,-999
100080,LAGUNAS,2017,09,06,0.0,-999,-999
100080,LAGUNAS,2017,09,07,0.0,-999,-999
100080,LAGUNAS,2017,09,08,2.1,-999,-999
100080,LAGUNAS,2017,09,09,57.3,-999,-999
100080,LAGUNAS,2017,09,10,0.0,-999,-999
100080,LAGUNAS,2017,09,11,1.3,-999,-999
100080,LAGUNAS,2017,09,12,0.0,-999,-999
100080,LAGUNAS,2017,09,13,0.0,-999,-999
100080,LAGUNAS,2017,09,14,5.6,-999,-999
100080,LAGUNAS,2017,09,15,1.7,-999,-999
100080,LAGUNAS,2017,09,16,13.8,-999,-999
100080,LAGUNAS,2017,09,17,18.2,-999,-999
100080,LAGUNAS,2017,09,18,0.0,-999,-999
100080,LAGUNAS,2017,09,19,0.0,-999,-999
100080,LAGUNAS,2017,09,20,0.0,-999,-999
100080,LAGUNAS,2017,09,21,0.0,-999,-999
100080,LAGUNAS,2017,09,22,3.1,-999,-999
100080,LAGUNAS,2017,09,23,7.5,-999,-999
100080,LAGUNAS,2017,09,24,1.1,-999,-999
100080,LAGUNAS,2017,09,25,0.0,-999,-999
100080,LAGUNAS,2017,09,26,0.0,-999,-999
100080,LAGUNAS,2017,09,27,0.0,-999,-999
100080,LAGUNAS,2017,09,28,0.0,-999,-999
100080,LAGUNAS,2017,09,29,3.5,-999,-999
100080,LAGUNAS,2017,09,30,5.9,-999,-999
100080,LAGUNAS,2017,10,01,0.0,-999,-999
100080,LAGUNAS,2017,10,02,0.0,-999,-999
100080,LAGUNAS,2017,10,03,0.0,-999,-999
100080,LAGUNAS,2017,10,04,83.9,-999,-999
100080,LAGUNAS,2017,10,05,0.0,-999,-999
100080,LAGUNAS,2017,10,06,0.0,-999,-999
100080,LAGUNAS,2017,10,07,26.8,-999,-999
100080,LAGUNAS,2017,10,08,0.0,-999,-999
100080,LAGUNAS,2017,10,09,0.0,-999,-999
100080,LAGUNAS,2017,10,10,0.0,-999,-999
100080,LAGUNAS,2017,10,11,17.1,-999,-999
100080,LAGUNAS,2017,10,12,0.0,-999,-999
100080,LAGUNAS,2017,10,13,1.6,-999,-999
100080,LAGUNAS,2017,10,14,50.2,-999,-999
100080,LAGUNAS,2017,10,15,11.5,-999,-999
100080,LAGUNAS,2017,10,16,0.0,-999,-999
100080,LAGUNAS,2017,10,17,0.0,-999,-999
100080,LAGUNAS,2017,10,18,0.0,-999,-999
100080,LAGUNAS,2017,10,19,0.0,-999,-999
100080,LAGUNAS,2017,10,20,3.7,-999,-999
100080,LAGUNAS,2017,10,21,25.3,-999,-999
100080,LAGUNAS,2017,10,22,10.3,-999,-999
100080,LAGUNAS,2017,10,23,5.3,-999,-999
100080,LAGUNAS,2017,10,24,0.0,-999,-999
100080,LAGUNAS,2017,10,25,0.0,-999,-999
100080,LAGUNAS,2017,10,26,0.0,-999,-999
100080,LAGUNAS,2017,10,27,76.2,-999,-999
100080,LAGUNAS,2017,10,28,11.8,-999,-999
100080,LAGUNAS,2017,10,29,3.5,-999,-999
100080,LAGUNAS,2017,10,30,0.0,-999,-999
100080,LAGUNAS,2017,10,31,0.0,-999,-999
100080,LAGUNAS,2017,11,01,34.7,-999,-999
100080,LAGUNAS,2017,11,02,6.8,-999,-999
100080,LAGUNAS,2017,11,03,38.5,-999,-999
100080,LAGUNAS,2017,11,04,5.7,-999,-999
100080,LAGUNAS,2017,11,05,76.5,-999,-999
100080,LAGUNAS,2017,11,06,58.3,-999,-999
100080,LAGUNAS,2017,11,07,17.8,-999,-999
100080,LAGUNAS,2017,11,08,0.0,-999,-999
100080,LAGUNAS,2017,11,09,4.9,-999,-999
100080,LAGUNAS,2017,11,10,0.0,-999,-999
100080,LAGUNAS,2017,11,11,0.0,-999,-999
100080,LAGUNAS,2017,11,12,0.0,-999,-999
100080,LAGUNAS,2017,11,13,6.7,-999,-999
100080,LAGUNAS,2017,11,14,0.0,-999,-999
100080,LAGUNAS,2017,11,15,2.8,-999,-999
100080,LAGUNAS,2017,11,16,14.3,-999,-999
100080,LAGUNAS,2017,11,17,5.1,-999,-999
100080,LAGUNAS,2017,11,18,0.0,-999,-999
100080,LAGUNAS,2017,11,19,0.0,-999,-999
100080,LAGUNAS,2017,11,20,1.8,-999,-999
100080,LAGUNAS,2017,11,21,0.0,-999,-999
100080,LAGUNAS,2017,11,22,7.2,-999,-999
100080,LAGUNAS,2017,11,23,0.0,-999,-999
100080,LAGUNAS,2017,11,24,9.2,-999,-999
100080,LAGUNAS,2017,11,25,0.0,-999,-999
100080,LAGUNAS,2017,11,26,0.0,-999,-999
100080,LAGUNAS,2017,11,27,43.9,-999,-999
100080,LAGUNAS,2017,11,28,13.6,-999,-999
100080,LAGUNAS,2017,11,29,0.0,-999,-999
100080,LAGUNAS,2017,11,30,0.0,-999,-999
100080,LAGUNAS,2017,12,01,0.0,-999,-999
100080,LAGUNAS,2017,12,02,7.3,-999,-999
100080,LAGUNAS,2017,12,03,0.0,-999,-999
100080,LAGUNAS,2017,12,04,2.9,-999,-999
100080,LAGUNAS,2017,12,05,3.5,-999,-999
100080,LAGUNAS,2017,12,06,8.6,-999,-999
100080,LAGUNAS,2017,12,07,1.8,-999,-999
100080,LAGUNAS,2017,12,08,11.6,-999,-999
100080,LAGUNAS,2017,12,09,7.6,-999,-999
100080,LAGUNAS,2017,12,10,2.8,-999,-999
100080,LAGUNAS,2017,12,11,0.0,-999,-999
100080,LAGUNAS,2017,12,12,0.0,-999,-999
100080,LAGUNAS,2017,12,13,0.0,-999,-999
100080,LAGUNAS,2017,12,14,0.0,-999,-999
100080,LAGUNAS,2017,12,15,6.7,-999,-999
100080,LAGUNAS,2017,12,16,0.0,-999,-999
100080,LAGUNAS,2017,12,17,0.0,-999,-999
100080,LAGUNAS,2017,12,18,0.0,-999,-999
100080,LAGUNAS,2017,12,19,4.7,-999,-999
100080,LAGUNAS,2017,12,20,0.0,-999,-999
100080,LAGUNAS,2017,12,21,0.0,-999,-999
100080,LAGUNAS,2017,12,22,10.3,-999,-999
100080,LAGUNAS,2017,12,23,12.2,-999,-999
100080,LAGUNAS,2017,12,24,0.0,-999,-999
100080,LAGUNAS,2017,12,25,14.2,-999,-999
100080,LAGUNAS,2017,12,26,33.2,-999,-999
100080,LAGUNAS,2017,12,27,0.0,-999,-999
100080,LAGUNAS,2017,12,28,1.2,-999,-999
100080,LAGUNAS,2017,12,29,11.2,-999,-999
100080,LAGUNAS,2017,12,30,0.0,-999,-999
100080,LAGUNAS,2017,12,31,0.0,-999,-999
100080,LAGUNAS,2018,01,01,0.0,-999,-999
100080,LAGUNAS,2018,01,02,0.0,-999,-999
100080,LAGUNAS,2018,01,03,23.3,-999,-999
100080,LAGUNAS,2018,01,04,21.7,-999,-999
100080,LAGUNAS,2018,01,05,2.2,-999,-999
100080,LAGUNAS,2018,01,06,2.2,-999,-999
100080,LAGUNAS,2018,01,07,2.7,-999,-999
100080,LAGUNAS,2018,01,08,39.2,-999,-999
100080,LAGUNAS,2018,01,09,0.0,-999,-999
100080,LAGUNAS,2018,01,10,3.2,-999,-999
100080,LAGUNAS,2018,01,11,0.0,-999,-999
100080,LAGUNAS,2018,01,12,11.7,-999,-999
100080,LAGUNAS,2018,01,13,5.3,-999,-999
100080,LAGUNAS,2018,01,14,26.4,-999,-999
100080,LAGUNAS,2018,01,15,9.3,-999,-999
100080,LAGUNAS,2018,01,16,0.0,-999,-999
100080,LAGUNAS,2018,01,17,0.0,-999,-999
100080,LAGUNAS,2018,01,18,5.4,-999,-999
100080,LAGUNAS,2018,01,19,0.6,-999,-999
100080,LAGUNAS,2018,01,20,0.0,-999,-999
100080,LAGUNAS,2018,01,21,0.0,-999,-999
100080,LAGUNAS,2018,01,22,0.0,-999,-999
100080,LAGUNAS,2018,01,23,4.9,-999,-999
100080,LAGUNAS,2018,01,24,2.8,-999,-999
100080,LAGUNAS,2018,01,25,0.0,-999,-999
100080,LAGUNAS,2018,01,26,0.0,-999,-999
100080,LAGUNAS,2018,01,27,0.0,-999,-999
100080,LAGUNAS,2018,01,28,0.0,-999,-999
100080,LAGUNAS,2018,01,29,0.0,-999,-999
100080,LAGUNAS,2018,01,30,0.0,-999,-999
100080,LAGUNAS,2018,01,31,0.0,-999,-999
100080,LAGUNAS,2018,02,01,0.0,-999,-999
100080,LAGUNAS,2018,02,02,0.0,-999,-999
100080,LAGUNAS,2018,02,03,0.0,-999,-999
100080,LAGUNAS,2018,02,04,15.4,-999,-999
100080,LAGUNAS,2018,02,05,0.3,-999,-999
100080,LAGUNAS,2018,02,06,0.0,-999,-999
100080,LAGUNAS,2018,02,07,0.0,-999,-999
100080,LAGUNAS,2018,02,08,0.0,-999,-999
100080,LAGUNAS,2018,02,09,0.0,-999,-999
100080,LAGUNAS,2018,02,10,0.2,-999,-999
100080,LAGUNAS,2018,02,11,0.0,-999,-999
100080,LAGUNAS,2018,02,12,18.8,-999,-999
100080,LAGUNAS,2018,02,13,1.2,-999,-999
100080,LAGUNAS,2018,02,14,0.0,-999,-999
100080,LAGUNAS,2018,02,15,1.4,-999,-999
100080,LAGUNAS,2018,02,16,12.8,-999,-999
100080,LAGUNAS,2018,02,17,0.0,-999,-999
100080,LAGUNAS,2018,02,18,0.7,-999,-999
100080,LAGUNAS,2018,02,19,0.0,-999,-999
100080,LAGUNAS,2018,02,20,1.2,-999,-999
100080,LAGUNAS,2018,02,21,0.0,-999,-999
100080,LAGUNAS,2018,02,22,0.0,-999,-999
100080,LAGUNAS,2018,02,23,0.0,-999,-999
100080,LAGUNAS,2018,02,24,35.9,-999,-999
100080,LAGUNAS,2018,02,25,1.2,-999,-999
100080,LAGUNAS,2018,02,26,13.8,-999,-999
100080,LAGUNAS,2018,02,27,0.0,-999,-999
100080,LAGUNAS,2018,02,28,0.0,-999,-999
100080,LAGUNAS,2018,03,01,1.2,-999,-999
100080,LAGUNAS,2018,03,02,113.3,-999,-999
100080,LAGUNAS,2018,03,03,1.3,-999,-999
100080,LAGUNAS,2018,03,04,0.0,-999,-999
100080,LAGUNAS,2018,03,05,36.2,-999,-999
100080,LAGUNAS,2018,03,06,119.5,-999,-999
100080,LAGUNAS,2018,03,07,0.0,-999,-999
100080,LAGUNAS,2018,03,08,2.5,-999,-999
100080,LAGUNAS,2018,03,09,0.0,-999,-999
100080,LAGUNAS,2018,03,10,1.2,-999,-999
100080,LAGUNAS,2018,03,11,15.3,-999,-999
100080,LAGUNAS,2018,03,12,0.0,-999,-999
100080,LAGUNAS,2018,03,13,0.0,-999,-999
100080,LAGUNAS,2018,03,14,0.0,-999,-999
100080,LAGUNAS,2018,03,15,3.5,-999,-999
100080,LAGUNAS,2018,03,16,0.0,-999,-999
100080,LAGUNAS,2018,03,17,0.0,-999,-999
100080,LAGUNAS,2018,03,18,2.8,-999,-999
100080,LAGUNAS,2018,03,19,0.0,-999,-999
100080,LAGUNAS,2018,03,20,11.2,-999,-999
100080,LAGUNAS,2018,03,21,0.0,-999,-999
100080,LAGUNAS,2018,03,22,0.0,-999,-999
100080,LAGUNAS,2018,03,23,2.6,-999,-999
100080,LAGUNAS,2018,03,24,4.2,-999,-999
100080,LAGUNAS,2018,03,25,10.3,-999,-999
100080,LAGUNAS,2018,03,26,0.0,-999,-999
100080,LAGUNAS,2018,03,27,1.9,-999,-999
100080,LAGUNAS,2018,03,28,0.0,-999,-999
100080,LAGUNAS,2018,03,29,58.4,-999,-999
100080,LAGUNAS,2018,03,30,0.0,-999,-999
100080,LAGUNAS,2018,03,31,0.0,-999,-999
100080,LAGUNAS,2018,04,01,33.5,-999,-999
100080,LAGUNAS,2018,04,02,54.4,-999,-999
100080,LAGUNAS,2018,04,03,3.8,-999,-999
100080,LAGUNAS,2018,04,04,0.0,-999,-999
100080,LAGUNAS,2018,04,05,2.9,-999,-999
100080,LAGUNAS,2018,04,06,0.0,-999,-999
100080,LAGUNAS,2018,04,07,18.0,-999,-999
100080,LAGUNAS,2018,04,08,1.2,-999,-999
100080,LAGUNAS,2018,04,09,21.6,-999,-999
100080,LAGUNAS,2018,04,10,0.0,-999,-999
100080,LAGUNAS,2018,04,11,5.3,-999,-999
100080,LAGUNAS,2018,04,12,37.1,-999,-999
100080,LAGUNAS,2018,04,13,16.3,-999,-999
100080,LAGUNAS,2018,04,14,0.0,-999,-999
100080,LAGUNAS,2018,04,15,17.3,-999,-999
100080,LAGUNAS,2018,04,16,0.0,-999,-999
100080,LAGUNAS,2018,04,17,0.0,-999,-999
100080,LAGUNAS,2018,04,18,12.8,-999,-999
100080,LAGUNAS,2018,04,19,13.3,-999,-999
100080,LAGUNAS,2018,04,20,0.0,-999,-999
100080,LAGUNAS,2018,04,21,0.0,-999,-999
100080,LAGUNAS,2018,04,22,37.5,-999,-999
100080,LAGUNAS,2018,04,23,1.9,-999,-999
100080,LAGUNAS,2018,04,24,6.4,-999,-999
100080,LAGUNAS,2018,04,25,2.3,-999,-999
100080,LAGUNAS,2018,04,26,10.2,-999,-999
100080,LAGUNAS,2018,04,27,1.2,-999,-999
100080,LAGUNAS,2018,04,28,2.3,-999,-999
100080,LAGUNAS,2018,04,29,1.4,-999,-999
100080,LAGUNAS,2018,04,30,0.7,-999,-999
100080,LAGUNAS,2018,05,01,30.7,-999,-999
100080,LAGUNAS,2018,05,02,0.0,-999,-999
100080,LAGUNAS,2018,05,03,0.3,-999,-999
100080,LAGUNAS,2018,05,04,2.2,-999,-999
100080,LAGUNAS,2018,05,05,34.9,-999,-999
100080,LAGUNAS,2018,05,06,6.6,-999,-999
100080,LAGUNAS,2018,05,07,12.4,-999,-999
100080,LAGUNAS,2018,05,08,22.3,-999,-999
100080,LAGUNAS,2018,05,09,0.0,-999,-999
100080,LAGUNAS,2018,05,10,59.2,-999,-999
100080,LAGUNAS,2018,05,11,0.3,-999,-999
100080,LAGUNAS,2018,05,12,0.0,-999,-999
100080,LAGUNAS,2018,05,13,13.6,-999,-999
100080,LAGUNAS,2018,05,14,0.0,-999,-999
100080,LAGUNAS,2018,05,15,1.4,-999,-999
100080,LAGUNAS,2018,05,16,0.0,-999,-999
100080,LAGUNAS,2018,05,17,0.0,-999,-999
100080,LAGUNAS,2018,05,18,0.0,-999,-999
100080,LAGUNAS,2018,05,19,10.6,-999,-999
100080,LAGUNAS,2018,05,20,39.8,-999,-999
100080,LAGUNAS,2018,05,21,0.0,-999,-999
100080,LAGUNAS,2018,05,22,0.0,-999,-999
100080,LAGUNAS,2018,05,23,0.0,-999,-999
100080,LAGUNAS,2018,05,24,0.0,-999,-999
100080,LAGUNAS,2018,05,25,2.7,-999,-999
100080,LAGUNAS,2018,05,26,0.0,-999,-999
100080,LAGUNAS,2018,05,27,1.5,-999,-999
100080,LAGUNAS,2018,05,28,1.3,-999,-999
100080,LAGUNAS,2018,05,29,0.0,-999,-999
100080,LAGUNAS,2018,05,30,0.0,-999,-999
100080,LAGUNAS,2018,05,31,1.2,-999,-999
100080,LAGUNAS,2018,06,01,0.0,-999,-999
100080,LAGUNAS,2018,06,02,28.4,-999,-999
100080,LAGUNAS,2018,06,03,14.8,-999,-999
100080,LAGUNAS,2018,06,04,0.0,-999,-999
100080,LAGUNAS,2018,06,05,0.0,-999,-999
100080,LAGUNAS,2018,06,06,0.0,-999,-999
100080,LAGUNAS,2018,06,07,-999,-999,-999
100080,LAGUNAS,2018,06,08,0.0,-999,-999
100080,LAGUNAS,2018,06,09,10.8,-999,-999
100080,LAGUNAS,2018,06,10,6.1,-999,-999
100080,LAGUNAS,2018,06,11,2.5,-999,-999
100080,LAGUNAS,2018,06,12,0.0,-999,-999
100080,LAGUNAS,2018,06,13,0.0,-999,-999
100080,LAGUNAS,2018,06,14,0.0,-999,-999
100080,LAGUNAS,2018,06,15,6.1,-999,-999
100080,LAGUNAS,2018,06,16,0.0,-999,-999
100080,LAGUNAS,2018,06,17,0.0,-999,-999
100080,LAGUNAS,2018,06,18,0.0,-999,-999
100080,LAGUNAS,2018,06,19,0.0,-999,-999
100080,LAGUNAS,2018,06,20,0.0,-999,-999
100080,LAGUNAS,2018,06,21,0.0,-999,-999
100080,LAGUNAS,2018,06,22,0.0,-999,-999
100080,LAGUNAS,2018,06,23,0.0,-999,-999
100080,LAGUNAS,2018,06,24,0.0,-999,-999
100080,LAGUNAS,2018,06,25,7.8,-999,-999
100080,LAGUNAS,2018,06,26,0.0,-999,-999
100080,LAGUNAS,2018,06,27,0.0,-999,-999
100080,LAGUNAS,2018,06,28,0.0,-999,-999
100080,LAGUNAS,2018,06,29,0.0,-999,-999
100080,LAGUNAS,2018,06,30,-999,-999,-999
100080,LAGUNAS,2018,07,01,0.0,-999,-999
100080,LAGUNAS,2018,07,02,0.0,-999,-999
100080,LAGUNAS,2018,07,03,0.0,-999,-999
100080,LAGUNAS,2018,07,04,10.6,-999,-999
100080,LAGUNAS,2018,07,05,0.0,-999,-999
100080,LAGUNAS,2018,07,06,0.6,-999,-999
100080,LAGUNAS,2018,07,07,0.0,-999,-999
100080,LAGUNAS,2018,07,08,3.6,-999,-999
100080,LAGUNAS,2018,07,09,0.0,-999,-999
100080,LAGUNAS,2018,07,10,0.0,-999,-999
100080,LAGUNAS,2018,07,11,0.0,-999,-999
100080,LAGUNAS,2018,07,12,0.0,-999,-999
100080,LAGUNAS,2018,07,13,0.0,-999,-999
100080,LAGUNAS,2018,07,14,0.0,-999,-999
100080,LAGUNAS,2018,07,15,0.0,-999,-999
100080,LAGUNAS,2018,07,16,12.2,-999,-999
100080,LAGUNAS,2018,07,17,0.0,-999,-999
100080,LAGUNAS,2018,07,18,2.8,-999,-999
100080,LAGUNAS,2018,07,19,0.0,-999,-999
100080,LAGUNAS,2018,07,20,0.0,-999,-999
100080,LAGUNAS,2018,07,21,13.7,-999,-999
100080,LAGUNAS,2018,07,22,0.0,-999,-999
100080,LAGUNAS,2018,07,23,0.0,-999,-999
100080,LAGUNAS,2018,07,24,0.0,-999,-999
100080,LAGUNAS,2018,07,25,0.0,-999,-999
100080,LAGUNAS,2018,07,26,0.0,-999,-999
100080,LAGUNAS,2018,07,27,0.0,-999,-999
100080,LAGUNAS,2018,07,28,0.0,-999,-999
100080,LAGUNAS,2018,07,29,0.0,-999,-999
100080,LAGUNAS,2018,07,30,4.5,-999,-999
100080,LAGUNAS,2018,07,31,14.9,-999,-999
100080,LAGUNAS,2018,08,01,2.2,-999,-999
100080,LAGUNAS,2018,08,02,0.0,-999,-999
100080,LAGUNAS,2018,08,03,0.6,-999,-999
100080,LAGUNAS,2018,08,04,0.0,-999,-999
100080,LAGUNAS,2018,08,05,28.7,-999,-999
100080,LAGUNAS,2018,08,06,11.2,-999,-999
100080,LAGUNAS,2018,08,07,0.0,-999,-999
100080,LAGUNAS,2018,08,08,19.5,-999,-999
100080,LAGUNAS,2018,08,09,29.2,-999,-999
100080,LAGUNAS,2018,08,10,0.0,-999,-999
100080,LAGUNAS,2018,08,11,0.0,-999,-999
100080,LAGUNAS,2018,08,12,0.0,-999,-999
100080,LAGUNAS,2018,08,13,0.0,-999,-999
100080,LAGUNAS,2018,08,14,0.0,-999,-999
100080,LAGUNAS,2018,08,15,7.7,-999,-999
100080,LAGUNAS,2018,08,16,0.0,-999,-999
100080,LAGUNAS,2018,08,17,0.0,-999,-999
100080,LAGUNAS,2018,08,18,2.4,-999,-999
100080,LAGUNAS,2018,08,19,0.0,-999,-999
100080,LAGUNAS,2018,08,20,6.8,-999,-999
100080,LAGUNAS,2018,08,21,8.5,-999,-999
100080,LAGUNAS,2018,08,22,4.9,-999,-999
100080,LAGUNAS,2018,08,23,0.0,-999,-999
100080,LAGUNAS,2018,08,24,0.0,-999,-999
100080,LAGUNAS,2018,08,25,11.4,-999,-999
100080,LAGUNAS,2018,08,26,25.9,-999,-999
100080,LAGUNAS,2018,08,27,0.0,-999,-999
100080,LAGUNAS,2018,08,28,0.0,-999,-999
100080,LAGUNAS,2018,08,29,0.0,-999,-999
100080,LAGUNAS,2018,08,30,0.0,-999,-999
100080,LAGUNAS,2018,08,31,0.0,-999,-999
100080,LAGUNAS,2018,09,01,0.0,-999,-999
100080,LAGUNAS,2018,09,02,6.4,-999,-999
100080,LAGUNAS,2018,09,03,40.4,-999,-999
100080,LAGUNAS,2018,09,04,0.0,-999,-999
100080,LAGUNAS,2018,09,05,0.0,-999,-999
100080,LAGUNAS,2018,09,06,0.0,-999,-999
100080,LAGUNAS,2018,09,07,0.0,-999,-999
100080,LAGUNAS,2018,09,08,0.0,-999,-999
100080,LAGUNAS,2018,09,09,0.0,-999,-999
100080,LAGUNAS,2018,09,10,0.0,-999,-999
100080,LAGUNAS,2018,09,11,0.0,-999,-999
100080,LAGUNAS,2018,09,12,0.0,-999,-999
100080,LAGUNAS,2018,09,13,0.0,-999,-999
100080,LAGUNAS,2018,09,14,0.0,-999,-999
100080,LAGUNAS,2018,09,15,35.5,-999,-999
100080,LAGUNAS,2018,09,16,0.0,-999,-999
100080,LAGUNAS,2018,09,17,0.0,-999,-999
100080,LAGUNAS,2018,09,18,0.0,-999,-999
100080,LAGUNAS,2018,09,19,0.0,-999,-999
100080,LAGUNAS,2018,09,20,0.0,-999,-999
100080,LAGUNAS,2018,09,21,17.1,-999,-999
100080,LAGUNAS,2018,09,22,0.0,-999,-999
100080,LAGUNAS,2018,09,23,2.4,-999,-999
100080,LAGUNAS,2018,09,24,5.3,-999,-999
100080,LAGUNAS,2018,09,25,0.0,-999,-999
100080,LAGUNAS,2018,09,26,0.0,-999,-999
100080,LAGUNAS,2018,09,27,0.0,-999,-999
100080,LAGUNAS,2018,09,28,0.0,-999,-999
100080,LAGUNAS,2018,09,29,17.8,-999,-999
100080,LAGUNAS,2018,09,30,0.0,-999,-999
100080,LAGUNAS,2018,10,01,15.3,-999,-999
100080,LAGUNAS,2018,10,02,0.0,-999,-999
100080,LAGUNAS,2018,10,03,0.0,-999,-999
100080,LAGUNAS,2018,10,04,16.6,-999,-999
100080,LAGUNAS,2018,10,05,1.3,-999,-999
100080,LAGUNAS,2018,10,06,1.6,-999,-999
100080,LAGUNAS,2018,10,07,0.0,-999,-999
100080,LAGUNAS,2018,10,08,0.0,-999,-999
100080,LAGUNAS,2018,10,09,0.0,-999,-999
100080,LAGUNAS,2018,10,10,50.2,-999,-999
100080,LAGUNAS,2018,10,11,12.2,-999,-999
100080,LAGUNAS,2018,10,12,0.0,-999,-999
100080,LAGUNAS,2018,10,13,4.2,-999,-999
100080,LAGUNAS,2018,10,14,6.5,-999,-999
100080,LAGUNAS,2018,10,15,0.0,-999,-999
100080,LAGUNAS,2018,10,16,0.0,-999,-999
100080,LAGUNAS,2018,10,17,4.3,-999,-999
100080,LAGUNAS,2018,10,18,0.0,-999,-999
100080,LAGUNAS,2018,10,19,0.0,-999,-999
100080,LAGUNAS,2018,10,20,1.1,-999,-999
100080,LAGUNAS,2018,10,21,1.2,-999,-999
100080,LAGUNAS,2018,10,22,0.0,-999,-999
100080,LAGUNAS,2018,10,23,0.0,-999,-999
100080,LAGUNAS,2018,10,24,25.9,-999,-999
100080,LAGUNAS,2018,10,25,17.8,-999,-999
100080,LAGUNAS,2018,10,26,8.8,-999,-999
100080,LAGUNAS,2018,10,27,0.0,-999,-999
100080,LAGUNAS,2018,10,28,0.0,-999,-999
100080,LAGUNAS,2018,10,29,5.3,-999,-999
100080,LAGUNAS,2018,10,30,15.2,-999,-999
100080,LAGUNAS,2018,10,31,5.3,-999,-999
100080,LAGUNAS,2018,11,01,12.2,-999,-999
100080,LAGUNAS,2018,11,02,0.0,-999,-999
100080,LAGUNAS,2018,11,03,0.0,-999,-999
100080,LAGUNAS,2018,11,04,0.0,-999,-999
100080,LAGUNAS,2018,11,05,0.0,-999,-999
100080,LAGUNAS,2018,11,06,0.0,-999,-999
100080,LAGUNAS,2018,11,07,0.0,-999,-999
100080,LAGUNAS,2018,11,08,0.0,-999,-999
100080,LAGUNAS,2018,11,09,2.5,-999,-999
100080,LAGUNAS,2018,11,10,0.0,-999,-999
100080,LAGUNAS,2018,11,11,0.0,-999,-999
100080,LAGUNAS,2018,11,12,6.2,-999,-999
100080,LAGUNAS,2018,11,13,4.9,-999,-999
100080,LAGUNAS,2018,11,14,0.0,-999,-999
100080,LAGUNAS,2018,11,15,3.5,-999,-999
100080,LAGUNAS,2018,11,16,4.4,-999,-999
100080,LAGUNAS,2018,11,17,0.0,-999,-999
100080,LAGUNAS,2018,11,18,2.1,-999,-999
100080,LAGUNAS,2018,11,19,26.6,-999,-999
100080,LAGUNAS,2018,11,20,1.1,-999,-999
100080,LAGUNAS,2018,11,21,4.6,-999,-999
100080,LAGUNAS,2018,11,22,0.0,-999,-999
100080,LAGUNAS,2018,11,23,0.0,-999,-999
100080,LAGUNAS,2018,11,24,24.6,-999,-999
100080,LAGUNAS,2018,11,25,12.3,-999,-999
100080,LAGUNAS,2018,11,26,70.5,-999,-999
100080,LAGUNAS,2018,11,27,0.0,-999,-999
100080,LAGUNAS,2018,11,28,1.4,-999,-999
100080,LAGUNAS,2018,11,29,2.5,-999,-999
100080,LAGUNAS,2018,11,30,29.7,-999,-999
100080,LAGUNAS,2018,12,01,0.0,-999,-999
100080,LAGUNAS,2018,12,02,0.0,-999,-999
100080,LAGUNAS,2018,12,03,9.4,-999,-999
100080,LAGUNAS,2018,12,04,0.0,-999,-999
100080,LAGUNAS,2018,12,05,0.0,-999,-999
100080,LAGUNAS,2018,12,06,25.0,-999,-999
100080,LAGUNAS,2018,12,07,33.4,-999,-999
100080,LAGUNAS,2018,12,08,3.9,-999,-999
100080,LAGUNAS,2018,12,09,0.0,-999,-999
100080,LAGUNAS,2018,12,10,8.4,-999,-999
100080,LAGUNAS,2018,12,11,7.3,-999,-999
100080,LAGUNAS,2018,12,12,4.4,-999,-999
100080,LAGUNAS,2018,12,13,0.7,-999,-999
100080,LAGUNAS,2018,12,14,0.0,-999,-999
100080,LAGUNAS,2018,12,15,0.0,-999,-999
100080,LAGUNAS,2018,12,16,35.3,-999,-999
100080,LAGUNAS,2018,12,17,0.0,-999,-999
100080,LAGUNAS,2018,12,18,0.0,-999,-999
100080,LAGUNAS,2018,12,19,20.2,-999,-999
100080,LAGUNAS,2018,12,20,26.3,-999,-999
100080,LAGUNAS,2018,12,21,10.8,-999,-999
100080,LAGUNAS,2018,12,22,0.0,-999,-999
100080,LAGUNAS,2018,12,23,0.0,-999,-999
100080,LAGUNAS,2018,12,24,0.0,-999,-999
100080,LAGUNAS,2018,12,25,0.0,-999,-999
100080,LAGUNAS,2018,12,26,3.4,-999,-999
100080,LAGUNAS,2018,12,27,0.0,-999,-999
100080,LAGUNAS,2018,12,28,2.7,-999,-999
100080,LAGUNAS,2018,12,29,4.1,-999,-999
100080,LAGUNAS,2018,12,30,7.9,-999,-999
100080,LAGUNAS,2018,12,31,0.0,-999,-999
100080,LAGUNAS,2019,01,01,0.0,-999,-999
100080,LAGUNAS,2019,01,02,32.2,-999,-999
100080,LAGUNAS,2019,01,03,13.8,-999,-999
100080,LAGUNAS,2019,01,04,5.2,-999,-999
100080,LAGUNAS,2019,01,05,3.1,-999,-999
100080,LAGUNAS,2019,01,06,0.0,-999,-999
100080,LAGUNAS,2019,01,07,0.0,-999,-999
100080,LAGUNAS,2019,01,08,4.6,-999,-999
100080,LAGUNAS,2019,01,09,0.0,-999,-999
100080,LAGUNAS,2019,01,10,14.2,-999,-999
100080,LAGUNAS,2019,01,11,4.7,-999,-999
100080,LAGUNAS,2019,01,12,0.0,-999,-999
100080,LAGUNAS,2019,01,13,1.3,-999,-999
100080,LAGUNAS,2019,01,14,95.4,-999,-999
100080,LAGUNAS,2019,01,15,4.7,-999,-999
100080,LAGUNAS,2019,01,16,8.3,-999,-999
100080,LAGUNAS,2019,01,17,1.6,-999,-999
100080,LAGUNAS,2019,01,18,13.7,-999,-999
100080,LAGUNAS,2019,01,19,9.9,-999,-999
100080,LAGUNAS,2019,01,20,13.4,-999,-999
100080,LAGUNAS,2019,01,21,8.0,-999,-999
100080,LAGUNAS,2019,01,22,0.0,-999,-999
100080,LAGUNAS,2019,01,23,1.8,-999,-999
100080,LAGUNAS,2019,01,24,0.0,-999,-999
100080,LAGUNAS,2019,01,25,0.0,-999,-999
100080,LAGUNAS,2019,01,26,0.0,-999,-999
100080,LAGUNAS,2019,01,27,0.0,-999,-999
100080,LAGUNAS,2019,01,28,0.0,-999,-999
100080,LAGUNAS,2019,01,29,8.8,-999,-999
100080,LAGUNAS,2019,01,30,0.0,-999,-999
100080,LAGUNAS,2019,01,31,26.3,-999,-999
100080,LAGUNAS,2019,02,01,0.0,-999,-999
100080,LAGUNAS,2019,02,02,0.6,-999,-999
100080,LAGUNAS,2019,02,03,41.8,-999,-999
100080,LAGUNAS,2019,02,04,98.3,-999,-999
100080,LAGUNAS,2019,02,05,1.6,-999,-999
100080,LAGUNAS,2019,02,06,8.6,-999,-999
100080,LAGUNAS,2019,02,07,19.7,-999,-999
100080,LAGUNAS,2019,02,08,2.6,-999,-999
100080,LAGUNAS,2019,02,09,0.0,-999,-999
100080,LAGUNAS,2019,02,10,21.7,-999,-999
100080,LAGUNAS,2019,02,11,6.3,-999,-999
100080,LAGUNAS,2019,02,12,19.6,-999,-999
100080,LAGUNAS,2019,02,13,0.0,-999,-999
100080,LAGUNAS,2019,02,14,0.0,-999,-999
100080,LAGUNAS,2019,02,15,0.0,-999,-999
100080,LAGUNAS,2019,02,16,0.0,-999,-999
100080,LAGUNAS,2019,02,17,23.1,-999,-999
100080,LAGUNAS,2019,02,18,0.0,-999,-999
100080,LAGUNAS,2019,02,19,2.7,-999,-999
100080,LAGUNAS,2019,02,20,8.6,-999,-999
100080,LAGUNAS,2019,02,21,0.0,-999,-999
100080,LAGUNAS,2019,02,22,0.0,-999,-999
100080,LAGUNAS,2019,02,23,0.0,-999,-999
100080,LAGUNAS,2019,02,24,28.5,-999,-999
100080,LAGUNAS,2019,02,25,0.0,-999,-999
100080,LAGUNAS,2019,02,26,0.0,-999,-999
100080,LAGUNAS,2019,02,27,0.0,-999,-999
100080,LAGUNAS,2019,02,28,32.2,-999,-999
100080,LAGUNAS,2019,03,01,15.1,-999,-999
100080,LAGUNAS,2019,03,02,1.6,-999,-999
100080,LAGUNAS,2019,03,03,0.0,-999,-999
100080,LAGUNAS,2019,03,04,0.0,-999,-999
100080,LAGUNAS,2019,03,05,2.3,-999,-999
100080,LAGUNAS,2019,03,06,0.0,-999,-999
100080,LAGUNAS,2019,03,07,2.0,-999,-999
100080,LAGUNAS,2019,03,08,0.0,-999,-999
100080,LAGUNAS,2019,03,09,14.6,-999,-999
100080,LAGUNAS,2019,03,10,5.3,-999,-999
100080,LAGUNAS,2019,03,11,0.6,-999,-999
100080,LAGUNAS,2019,03,12,0.0,-999,-999
100080,LAGUNAS,2019,03,13,7.8,-999,-999
100080,LAGUNAS,2019,03,14,42.6,-999,-999
100080,LAGUNAS,2019,03,15,12.2,-999,-999
100080,LAGUNAS,2019,03,16,0.0,-999,-999
100080,LAGUNAS,2019,03,17,0.2,-999,-999
100080,LAGUNAS,2019,03,18,0.0,-999,-999
100080,LAGUNAS,2019,03,19,8.3,-999,-999
100080,LAGUNAS,2019,03,20,0.0,-999,-999
100080,LAGUNAS,2019,03,21,0.0,-999,-999
100080,LAGUNAS,2019,03,22,20.7,-999,-999
100080,LAGUNAS,2019,03,23,0.0,-999,-999
100080,LAGUNAS,2019,03,24,6.1,-999,-999
100080,LAGUNAS,2019,03,25,0.0,-999,-999
100080,LAGUNAS,2019,03,26,39.7,-999,-999
100080,LAGUNAS,2019,03,27,14.8,-999,-999
100080,LAGUNAS,2019,03,28,0.6,-999,-999
100080,LAGUNAS,2019,03,29,20.1,-999,-999
100080,LAGUNAS,2019,03,30,40.6,-999,-999
100080,LAGUNAS,2019,03,31,0.0,-999,-999
100080,LAGUNAS,2019,04,01,0.0,-999,-999
100080,LAGUNAS,2019,04,02,0.0,-999,-999
100080,LAGUNAS,2019,04,03,10.2,-999,-999
100080,LAGUNAS,2019,04,04,2.5,-999,-999
100080,LAGUNAS,2019,04,05,0.0,-999,-999
100080,LAGUNAS,2019,04,06,45.2,-999,-999
100080,LAGUNAS,2019,04,07,23.4,-999,-999
100080,LAGUNAS,2019,04,08,0.0,-999,-999
100080,LAGUNAS,2019,04,09,0.0,-999,-999
100080,LAGUNAS,2019,04,10,0.0,-999,-999
100080,LAGUNAS,2019,04,11,19.2,-999,-999
100080,LAGUNAS,2019,04,12,18.2,-999,-999
100080,LAGUNAS,2019,04,13,0.2,-999,-999
100080,LAGUNAS,2019,04,14,0.0,-999,-999
100080,LAGUNAS,2019,04,15,4.1,-999,-999
100080,LAGUNAS,2019,04,16,0.0,-999,-999
100080,LAGUNAS,2019,04,17,4.9,-999,-999
100080,LAGUNAS,2019,04,18,0.0,-999,-999
100080,LAGUNAS,2019,04,19,6.4,-999,-999
100080,LAGUNAS,2019,04,20,0.0,-999,-999
100080,LAGUNAS,2019,04,21,0.0,-999,-999
100080,LAGUNAS,2019,04,22,0.0,-999,-999
100080,LAGUNAS,2019,04,23,2.5,-999,-999
100080,LAGUNAS,2019,04,24,16.5,-999,-999
100080,LAGUNAS,2019,04,25,19.7,-999,-999
100080,LAGUNAS,2019,04,26,0.0,-999,-999
100080,LAGUNAS,2019,04,27,46.8,-999,-999
100080,LAGUNAS,2019,04,28,0.0,-999,-999
100080,LAGUNAS,2019,04,29,27.4,-999,-999
100080,LAGUNAS,2019,04,30,0.5,-999,-999
100080,LAGUNAS,2019,05,01,25.7,-999,-999
100080,LAGUNAS,2019,05,02,0.0,-999,-999
100080,LAGUNAS,2019,05,03,0.0,-999,-999
100080,LAGUNAS,2019,05,04,0.3,-999,-999
100080,LAGUNAS,2019,05,05,5.5,-999,-999
100080,LAGUNAS,2019,05,06,11.6,-999,-999
100080,LAGUNAS,2019,05,07,0.0,-999,-999
100080,LAGUNAS,2019,05,08,0.0,-999,-999
100080,LAGUNAS,2019,05,09,0.0,-999,-999
100080,LAGUNAS,2019,05,10,0.0,-999,-999
100080,LAGUNAS,2019,05,11,0.0,-999,-999
100080,LAGUNAS,2019,05,12,15.4,-999,-999
100080,LAGUNAS,2019,05,13,38.7,-999,-999
100080,LAGUNAS,2019,05,14,0.7,-999,-999
100080,LAGUNAS,2019,05,15,0.0,-999,-999
100080,LAGUNAS,2019,05,16,0.0,-999,-999
100080,LAGUNAS,2019,05,17,0.0,-999,-999
100080,LAGUNAS,2019,05,18,0.0,-999,-999
100080,LAGUNAS,2019,05,19,0.0,-999,-999
100080,LAGUNAS,2019,05,20,6.1,-999,-999
100080,LAGUNAS,2019,05,21,0.0,-999,-999
100080,LAGUNAS,2019,05,22,1.1,-999,-999
100080,LAGUNAS,2019,05,23,2.3,-999,-999
100080,LAGUNAS,2019,05,24,4.4,-999,-999
100080,LAGUNAS,2019,05,25,40.2,-999,-999
100080,LAGUNAS,2019,05,26,0.0,-999,-999
100080,LAGUNAS,2019,05,27,0.0,-999,-999
100080,LAGUNAS,2019,05,28,0.0,-999,-999
100080,LAGUNAS,2019,05,29,0.0,-999,-999
100080,LAGUNAS,2019,05,30,0.0,-999,-999
100080,LAGUNAS,2019,05,31,1.5,-999,-999
100080,LAGUNAS,2019,06,01,0.0,-999,-999
100080,LAGUNAS,2019,06,02,0.0,-999,-999
100080,LAGUNAS,2019,06,03,7.6,-999,-999
100080,LAGUNAS,2019,06,04,7.4,-999,-999
100080,LAGUNAS,2019,06,05,0.0,-999,-999
100080,LAGUNAS,2019,06,06,0.0,-999,-999
100080,LAGUNAS,2019,06,07,0.0,-999,-999
100080,LAGUNAS,2019,06,08,1.2,-999,-999
100080,LAGUNAS,2019,06,09,26.3,-999,-999
100080,LAGUNAS,2019,06,10,0.0,-999,-999
100080,LAGUNAS,2019,06,11,0.0,-999,-999
100080,LAGUNAS,2019,06,12,2.8,-999,-999
100080,LAGUNAS,2019,06,13,0.0,-999,-999
100080,LAGUNAS,2019,06,14,0.0,-999,-999
100080,LAGUNAS,2019,06,15,0.0,-999,-999
100080,LAGUNAS,2019,06,16,9.3,-999,-999
100080,LAGUNAS,2019,06,17,0.0,-999,-999
100080,LAGUNAS,2019,06,18,0.0,-999,-999
100080,LAGUNAS,2019,06,19,1.6,-999,-999
100080,LAGUNAS,2019,06,20,3.4,-999,-999
100080,LAGUNAS,2019,06,21,0.0,-999,-999
100080,LAGUNAS,2019,06,22,0.0,-999,-999
100080,LAGUNAS,2019,06,23,0.0,-999,-999
100080,LAGUNAS,2019,06,24,0.0,-999,-999
100080,LAGUNAS,2019,06,25,2.4,-999,-999
100080,LAGUNAS,2019,06,26,1.1,-999,-999
100080,LAGUNAS,2019,06,27,30.0,-999,-999
100080,LAGUNAS,2019,06,28,32.7,-999,-999
100080,LAGUNAS,2019,06,29,0.0,-999,-999
100080,LAGUNAS,2019,06,30,0.0,-999,-999
100080,LAGUNAS,2019,07,01,1.2,-999,-999
100080,LAGUNAS,2019,07,02,0.0,-999,-999
100080,LAGUNAS,2019,07,03,0.0,-999,-999
100080,LAGUNAS,2019,07,04,5.2,-999,-999
100080,LAGUNAS,2019,07,05,40.1,-999,-999
100080,LAGUNAS,2019,07,06,45.6,-999,-999
100080,LAGUNAS,2019,07,07,0.0,-999,-999
100080,LAGUNAS,2019,07,08,0.0,-999,-999
100080,LAGUNAS,2019,07,09,0.0,-999,-999
100080,LAGUNAS,2019,07,10,0.0,-999,-999
100080,LAGUNAS,2019,07,11,2.3,-999,-999
100080,LAGUNAS,2019,07,12,1.9,-999,-999
100080,LAGUNAS,2019,07,13,20.4,-999,-999
100080,LAGUNAS,2019,07,14,1.2,-999,-999
100080,LAGUNAS,2019,07,15,2.2,-999,-999
100080,LAGUNAS,2019,07,16,14.6,-999,-999
100080,LAGUNAS,2019,07,17,19.9,-999,-999
100080,LAGUNAS,2019,07,18,8.5,-999,-999
100080,LAGUNAS,2019,07,19,0.0,-999,-999
100080,LAGUNAS,2019,07,20,5.4,-999,-999
100080,LAGUNAS,2019,07,21,0.0,-999,-999
100080,LAGUNAS,2019,07,22,4.2,-999,-999
100080,LAGUNAS,2019,07,23,0.0,-999,-999
100080,LAGUNAS,2019,07,24,0.0,-999,-999
100080,LAGUNAS,2019,07,25,1.2,-999,-999
100080,LAGUNAS,2019,07,26,13.1,-999,-999
100080,LAGUNAS,2019,07,27,0.0,-999,-999
100080,LAGUNAS,2019,07,28,0.0,-999,-999
100080,LAGUNAS,2019,07,29,0.0,-999,-999
100080,LAGUNAS,2019,07,30,0.0,-999,-999
100080,LAGUNAS,2019,07,31,0.0,-999,-999
100080,LAGUNAS,2019,08,01,0.0,-999,-999
100080,LAGUNAS,2019,08,02,0.0,-999,-999
100080,LAGUNAS,2019,08,03,0.0,-999,-999
100080,LAGUNAS,2019,08,04,0.0,-999,-999
100080,LAGUNAS,2019,08,05,0.0,-999,-999
100080,LAGUNAS,2019,08,06,0.0,-999,-999
100080,LAGUNAS,2019,08,07,0.0,-999,-999
100080,LAGUNAS,2019,08,08,0.0,-999,-999
100080,LAGUNAS,2019,08,09,0.0,-999,-999
100080,LAGUNAS,2019,08,10,0.0,-999,-999
100080,LAGUNAS,2019,08,11,3.2,-999,-999
100080,LAGUNAS,2019,08,12,0.0,-999,-999
100080,LAGUNAS,2019,08,13,8.2,-999,-999
100080,LAGUNAS,2019,08,14,0.0,-999,-999
100080,LAGUNAS,2019,08,15,0.0,-999,-999
100080,LAGUNAS,2019,08,16,0.0,-999,-999
100080,LAGUNAS,2019,08,17,0.0,-999,-999
100080,LAGUNAS,2019,08,18,0.0,-999,-999
100080,LAGUNAS,2019,08,19,0.0,-999,-999
100080,LAGUNAS,2019,08,20,1.3,-999,-999
100080,LAGUNAS,2019,08,21,12.2,-999,-999
100080,LAGUNAS,2019,08,22,0.0,-999,-999
100080,LAGUNAS,2019,08,23,20.2,-999,-999
100080,LAGUNAS,2019,08,24,0.0,-999,-999
100080,LAGUNAS,2019,08,25,0.0,-999,-999
100080,LAGUNAS,2019,08,26,10.4,-999,-999
100080,LAGUNAS,2019,08,27,16.6,-999,-999
100080,LAGUNAS,2019,08,28,0.5,-999,-999
100080,LAGUNAS,2019,08,29,0.0,-999,-999
100080,LAGUNAS,2019,08,30,0.0,-999,-999
100080,LAGUNAS,2019,08,31,0.0,-999,-999
100080,LAGUNAS,2019,09,01,0.0,-999,-999
100080,LAGUNAS,2019,09,02,0.0,-999,-999
100080,LAGUNAS,2019,09,03,0.0,-999,-999
100080,LAGUNAS,2019,09,04,15.2,-999,-999
100080,LAGUNAS,2019,09,05,0.0,-999,-999
100080,LAGUNAS,2019,09,06,1.7,-999,-999
100080,LAGUNAS,2019,09,07,0.0,-999,-999
100080,LAGUNAS,2019,09,08,0.0,-999,-999
100080,LAGUNAS,2019,09,09,0.0,-999,-999
100080,LAGUNAS,2019,09,10,0.0,-999,-999
100080,LAGUNAS,2019,09,11,4.3,-999,-999
100080,LAGUNAS,2019,09,12,0.0,-999,-999
100080,LAGUNAS,2019,09,13,18.6,-999,-999
100080,LAGUNAS,2019,09,14,0.0,-999,-999
100080,LAGUNAS,2019,09,15,0.0,-999,-999
100080,LAGUNAS,2019,09,16,0.0,-999,-999
100080,LAGUNAS,2019,09,17,0.0,-999,-999
100080,LAGUNAS,2019,09,18,0.0,-999,-999
100080,LAGUNAS,2019,09,19,0.0,-999,-999
100080,LAGUNAS,2019,09,20,66.0,-999,-999
100080,LAGUNAS,2019,09,21,0.0,-999,-999
100080,LAGUNAS,2019,09,22,0.0,-999,-999
100080,LAGUNAS,2019,09,23,4.6,-999,-999
100080,LAGUNAS,2019,09,24,0.0,-999,-999
100080,LAGUNAS,2019,09,25,0.0,-999,-999
100080,LAGUNAS,2019,09,26,0.0,-999,-999
100080,LAGUNAS,2019,09,27,0.0,-999,-999
100080,LAGUNAS,2019,09,28,0.0,-999,-999
100080,LAGUNAS,2019,09,29,1.6,-999,-999
100080,LAGUNAS,2019,09,30,0.5,-999,-999
100080,LAGUNAS,2019,10,01,20.1,-999,-999
100080,LAGUNAS,2019,10,02,7.1,-999,-999
100080,LAGUNAS,2019,10,03,0.0,-999,-999
100080,LAGUNAS,2019,10,04,0.0,-999,-999
100080,LAGUNAS,2019,10,05,0.0,-999,-999
100080,LAGUNAS,2019,10,06,0.0,-999,-999
100080,LAGUNAS,2019,10,07,11.0,-999,-999
100080,LAGUNAS,2019,10,08,0.0,-999,-999
100080,LAGUNAS,2019,10,09,5.7,-999,-999
100080,LAGUNAS,2019,10,10,7.7,-999,-999
100080,LAGUNAS,2019,10,11,17.4,-999,-999
100080,LAGUNAS,2019,10,12,0.8,-999,-999
100080,LAGUNAS,2019,10,13,0.0,-999,-999
100080,LAGUNAS,2019,10,14,0.0,-999,-999
100080,LAGUNAS,2019,10,15,18.1,-999,-999
100080,LAGUNAS,2019,10,16,4.4,-999,-999
100080,LAGUNAS,2019,10,17,2.1,-999,-999
100080,LAGUNAS,2019,10,18,1.3,-999,-999
100080,LAGUNAS,2019,10,19,6.7,-999,-999
100080,LAGUNAS,2019,10,20,0.0,-999,-999
100080,LAGUNAS,2019,10,21,0.0,-999,-999
100080,LAGUNAS,2019,10,22,0.0,-999,-999
100080,LAGUNAS,2019,10,23,34.2,-999,-999
100080,LAGUNAS,2019,10,24,0.0,-999,-999
100080,LAGUNAS,2019,10,25,16.2,-999,-999
100080,LAGUNAS,2019,10,26,0.0,-999,-999
100080,LAGUNAS,2019,10,27,4.5,-999,-999
100080,LAGUNAS,2019,10,28,0.4,-999,-999
100080,LAGUNAS,2019,10,29,15.2,-999,-999
100080,LAGUNAS,2019,10,30,0.0,-999,-999
100080,LAGUNAS,2019,10,31,0.0,-999,-999
100080,LAGUNAS,2019,11,01,56.6,-999,-999
100080,LAGUNAS,2019,11,02,0.0,-999,-999
100080,LAGUNAS,2019,11,03,3.3,-999,-999
100080,LAGUNAS,2019,11,04,0.8,-999,-999
100080,LAGUNAS,2019,11,05,3.6,-999,-999
100080,LAGUNAS,2019,11,06,0.0,-999,-999
100080,LAGUNAS,2019,11,07,4.2,-999,-999
100080,LAGUNAS,2019,11,08,0.0,-999,-999
100080,LAGUNAS,2019,11,09,0.0,-999,-999
100080,LAGUNAS,2019,11,10,9.8,-999,-999
100080,LAGUNAS,2019,11,11,1.9,-999,-999
100080,LAGUNAS,2019,11,12,0.0,-999,-999
100080,LAGUNAS,2019,11,13,0.4,-999,-999
100080,LAGUNAS,2019,11,14,0.2,-999,-999
100080,LAGUNAS,2019,11,15,21.2,-999,-999
100080,LAGUNAS,2019,11,16,6.4,-999,-999
100080,LAGUNAS,2019,11,17,0.0,-999,-999
100080,LAGUNAS,2019,11,18,0.0,-999,-999
100080,LAGUNAS,2019,11,19,9.3,-999,-999
100080,LAGUNAS,2019,11,20,16.1,-999,-999
100080,LAGUNAS,2019,11,21,0.0,-999,-999
100080,LAGUNAS,2019,11,22,0.4,-999,-999
100080,LAGUNAS,2019,11,23,32.8,-999,-999
100080,LAGUNAS,2019,11,24,2.2,-999,-999
100080,LAGUNAS,2019,11,25,0.0,-999,-999
100080,LAGUNAS,2019,11,26,4.2,-999,-999
100080,LAGUNAS,2019,11,27,0.2,-999,-999
100080,LAGUNAS,2019,11,28,0.0,-999,-999
100080,LAGUNAS,2019,11,29,0.0,-999,-999
100080,LAGUNAS,2019,11,30,0.0,-999,-999
100080,LAGUNAS,2019,12,01,3.6,-999,-999
100080,LAGUNAS,2019,12,02,0.0,-999,-999
100080,LAGUNAS,2019,12,03,0.0,-999,-999
100080,LAGUNAS,2019,12,04,0.0,-999,-999
100080,LAGUNAS,2019,12,05,0.0,-999,-999
100080,LAGUNAS,2019,12,06,0.0,-999,-999
100080,LAGUNAS,2019,12,07,30.5,-999,-999
100080,LAGUNAS,2019,12,08,19.5,-999,-999
100080,LAGUNAS,2019,12,09,24.2,-999,-999
100080,LAGUNAS,2019,12,10,10.8,-999,-999
100080,LAGUNAS,2019,12,11,0.9,-999,-999
100080,LAGUNAS,2019,12,12,0.0,-999,-999
100080,LAGUNAS,2019,12,13,0.0,-999,-999
100080,LAGUNAS,2019,12,14,50.2,-999,-999
100080,LAGUNAS,2019,12,15,4.2,-999,-999
100080,LAGUNAS,2019,12,16,2.1,-999,-999
100080,LAGUNAS,2019,12,17,0.9,-999,-999
100080,LAGUNAS,2019,12,18,1.8,-999,-999
100080,LAGUNAS,2019,12,19,0.0,-999,-999
100080,LAGUNAS,2019,12,20,6.2,-999,-999
100080,LAGUNAS,2019,12,21,10.2,-999,-999
100080,LAGUNAS,2019,12,22,0.0,-999,-999
100080,LAGUNAS,2019,12,23,19.2,-999,-999
100080,LAGUNAS,2019,12,24,0.0,-999,-999
100080,LAGUNAS,2019,12,25,0.0,-999,-999
100080,LAGUNAS,2019,12,26,0.0,-999,-999
100080,LAGUNAS,2019,12,27,2.6,-999,-999
100080,LAGUNAS,2019,12,28,3.4,-999,-999
100080,LAGUNAS,2019,12,29,0.0,-999,-999
100080,LAGUNAS,2019,12,30,0.0,-999,-999
100080,LAGUNAS,2019,12,31,2.5,-999,-999
100080,LAGUNAS,2020,01,01,15.1,-999,-999
100080,LAGUNAS,2020,01,02,26.5,-999,-999
100080,LAGUNAS,2020,01,03,7.8,-999,-999
100080,LAGUNAS,2020,01,04,0.0,-999,-999
100080,LAGUNAS,2020,01,05,0.0,-999,-999
100080,LAGUNAS,2020,01,06,0.0,-999,-999
100080,LAGUNAS,2020,01,07,0.0,-999,-999
100080,LAGUNAS,2020,01,08,0.0,-999,-999
100080,LAGUNAS,2020,01,09,0.0,-999,-999
100080,LAGUNAS,2020,01,10,0.0,-999,-999
100080,LAGUNAS,2020,01,11,0.0,-999,-999
100080,LAGUNAS,2020,01,12,5.9,-999,-999
100080,LAGUNAS,2020,01,13,0.0,-999,-999
100080,LAGUNAS,2020,01,14,3.2,-999,-999
100080,LAGUNAS,2020,01,15,0.0,-999,-999
100080,LAGUNAS,2020,01,16,0.0,-999,-999
100080,LAGUNAS,2020,01,17,14.4,-999,-999
100080,LAGUNAS,2020,01,18,34.0,-999,-999
100080,LAGUNAS,2020,01,19,11.2,-999,-999
100080,LAGUNAS,2020,01,20,0.0,-999,-999
100080,LAGUNAS,2020,01,21,15.3,-999,-999
100080,LAGUNAS,2020,01,22,0.0,-999,-999
100080,LAGUNAS,2020,01,23,58.2,-999,-999
100080,LAGUNAS,2020,01,24,0.0,-999,-999
100080,LAGUNAS,2020,01,25,4.2,-999,-999
100080,LAGUNAS,2020,01,26,0.0,-999,-999
100080,LAGUNAS,2020,01,27,0.0,-999,-999
100080,LAGUNAS,2020,01,28,0.0,-999,-999
100080,LAGUNAS,2020,01,29,20.2,-999,-999
100080,LAGUNAS,2020,01,30,16.4,-999,-999
100080,LAGUNAS,2020,01,31,0.0,-999,-999
100080,LAGUNAS,2020,02,01,13.3,-999,-999
100080,LAGUNAS,2020,02,02,0.0,-999,-999
100080,LAGUNAS,2020,02,03,0.0,-999,-999
100080,LAGUNAS,2020,02,04,6.8,-999,-999
100080,LAGUNAS,2020,02,05,0.0,-999,-999
100080,LAGUNAS,2020,02,06,0.0,-999,-999
100080,LAGUNAS,2020,02,07,0.0,-999,-999
100080,LAGUNAS,2020,02,08,0.0,-999,-999
100080,LAGUNAS,2020,02,09,0.0,-999,-999
100080,LAGUNAS,2020,02,10,19.9,-999,-999
100080,LAGUNAS,2020,02,11,0.0,-999,-999
100080,LAGUNAS,2020,02,12,0.0,-999,-999
100080,LAGUNAS,2020,02,13,2.4,-999,-999
100080,LAGUNAS,2020,02,14,0.0,-999,-999
100080,LAGUNAS,2020,02,15,62.5,-999,-999
100080,LAGUNAS,2020,02,16,1.7,-999,-999
100080,LAGUNAS,2020,02,17,0.0,-999,-999
100080,LAGUNAS,2020,02,18,0.0,-999,-999
100080,LAGUNAS,2020,02,19,0.0,-999,-999
100080,LAGUNAS,2020,02,20,0.0,-999,-999
100080,LAGUNAS,2020,02,21,0.0,-999,-999
100080,LAGUNAS,2020,02,22,0.0,-999,-999
100080,LAGUNAS,2020,02,23,70.7,-999,-999
100080,LAGUNAS,2020,02,24,0.0,-999,-999
100080,LAGUNAS,2020,02,25,3.4,-999,-999
100080,LAGUNAS,2020,02,26,2.2,-999,-999
100080,LAGUNAS,2020,02,27,0.0,-999,-999
100080,LAGUNAS,2020,02,28,0.0,-999,-999
100080,LAGUNAS,2020,02,29,0.0,-999,-999
100080,LAGUNAS,2020,03,01,1.2,-999,-999
100080,LAGUNAS,2020,03,02,0.0,-999,-999
100080,LAGUNAS,2020,03,03,3.9,-999,-999
100080,LAGUNAS,2020,03,04,8.0,-999,-999
100080,LAGUNAS,2020,03,05,18.2,-999,-999
100080,LAGUNAS,2020,03,06,78.2,-999,-999
100080,LAGUNAS,2020,03,07,0.0,-999,-999
100080,LAGUNAS,2020,03,08,5.2,-999,-999
100080,LAGUNAS,2020,03,09,0.0,-999,-999
100080,LAGUNAS,2020,03,10,3.4,-999,-999
100080,LAGUNAS,2020,03,11,0.0,-999,-999
100080,LAGUNAS,2020,03,12,0.0,-999,-999
100080,LAGUNAS,2020,03,13,6.8,-999,-999
100080,LAGUNAS,2020,03,14,9.1,-999,-999
100080,LAGUNAS,2020,03,15,0.0,-999,-999
100080,LAGUNAS,2020,03,16,10.6,-999,-999
100080,LAGUNAS,2020,03,17,32.4,-999,-999
100080,LAGUNAS,2020,03,18,1.2,-999,-999
100080,LAGUNAS,2020,03,19,0.0,-999,-999
100080,LAGUNAS,2020,03,20,18.2,-999,-999
100080,LAGUNAS,2020,03,21,0.0,-999,-999
100080,LAGUNAS,2020,03,22,0.0,-999,-999
100080,LAGUNAS,2020,03,23,5.4,-999,-999
100080,LAGUNAS,2020,03,24,0.0,-999,-999
100080,LAGUNAS,2020,03,25,0.0,-999,-999
100080,LAGUNAS,2020,03,26,6.5,-999,-999
100080,LAGUNAS,2020,03,27,2.5,-999,-999
100080,LAGUNAS,2020,03,28,9.8,-999,-999
100080,LAGUNAS,2020,03,29,30.2,-999,-999
100080,LAGUNAS,2020,03,30,3.3,-999,-999
100080,LAGUNAS,2020,03,31,4.5,-999,-999
100080,LAGUNAS,2020,04,01,13.8,-999,-999
100080,LAGUNAS,2020,04,02,2.4,-999,-999
100080,LAGUNAS,2020,04,03,4.7,-999,-999
100080,LAGUNAS,2020,04,04,17.7,-999,-999
100080,LAGUNAS,2020,04,05,8.5,-999,-999
100080,LAGUNAS,2020,04,06,0.0,-999,-999
100080,LAGUNAS,2020,04,07,6.4,-999,-999
100080,LAGUNAS,2020,04,08,0.0,-999,-999
100080,LAGUNAS,2020,04,09,6.5,-999,-999
100080,LAGUNAS,2020,04,10,22.9,-999,-999
100080,LAGUNAS,2020,04,11,48.5,-999,-999
100080,LAGUNAS,2020,04,12,0.0,-999,-999
100080,LAGUNAS,2020,04,13,0.0,-999,-999
100080,LAGUNAS,2020,04,14,0.0,-999,-999
100080,LAGUNAS,2020,04,15,68.2,-999,-999
100080,LAGUNAS,2020,04,16,1.9,-999,-999
100080,LAGUNAS,2020,04,17,0.0,-999,-999
100080,LAGUNAS,2020,04,18,0.0,-999,-999
100080,LAGUNAS,2020,04,19,0.0,-999,-999
100080,LAGUNAS,2020,04,20,0.0,-999,-999
100080,LAGUNAS,2020,04,21,0.0,-999,-999
100080,LAGUNAS,2020,04,22,0.0,-999,-999
100080,LAGUNAS,2020,04,23,0.0,-999,-999
100080,LAGUNAS,2020,04,24,0.0,-999,-999
100080,LAGUNAS,2020,04,25,0.0,-999,-999
100080,LAGUNAS,2020,04,26,36.2,-999,-999
100080,LAGUNAS,2020,04,27,0.0,-999,-999
100080,LAGUNAS,2020,04,28,44.6,-999,-999
100080,LAGUNAS,2020,04,29,18.4,-999,-999
100080,LAGUNAS,2020,04,30,7.8,-999,-999
100080,LAGUNAS,2020,05,01,23.5,-999,-999
100080,LAGUNAS,2020,05,02,6.1,-999,-999
100080,LAGUNAS,2020,05,03,9.0,-999,-999
100080,LAGUNAS,2020,05,04,0.0,-999,-999
100080,LAGUNAS,2020,05,05,0.0,-999,-999
100080,LAGUNAS,2020,05,06,29.4,-999,-999
100080,LAGUNAS,2020,05,07,44.7,-999,-999
100080,LAGUNAS,2020,05,08,7.6,-999,-999
100080,LAGUNAS,2020,05,09,0.0,-999,-999
100080,LAGUNAS,2020,05,10,0.0,-999,-999
100080,LAGUNAS,2020,05,11,0.0,-999,-999
100080,LAGUNAS,2020,05,12,0.0,-999,-999
100080,LAGUNAS,2020,05,13,0.0,-999,-999
100080,LAGUNAS,2020,05,14,0.0,-999,-999
100080,LAGUNAS,2020,05,15,0.0,-999,-999
100080,LAGUNAS,2020,05,16,0.0,-999,-999
100080,LAGUNAS,2020,05,17,0.0,-999,-999
100080,LAGUNAS,2020,05,18,1.2,-999,-999
100080,LAGUNAS,2020,05,19,9.5,-999,-999
100080,LAGUNAS,2020,05,20,7.5,-999,-999
100080,LAGUNAS,2020,05,21,0.0,-999,-999
100080,LAGUNAS,2020,05,22,0.0,-999,-999
100080,LAGUNAS,2020,05,23,0.0,-999,-999
100080,LAGUNAS,2020,05,24,65.3,-999,-999
100080,LAGUNAS,2020,05,25,0.0,-999,-999
100080,LAGUNAS,2020,05,26,0.0,-999,-999
100080,LAGUNAS,2020,05,27,4.2,-999,-999
100080,LAGUNAS,2020,05,28,42.5,-999,-999
100080,LAGUNAS,2020,05,29,0.0,-999,-999
100080,LAGUNAS,2020,05,30,12.8,-999,-999
100080,LAGUNAS,2020,05,31,0.0,-999,-999
100080,LAGUNAS,2020,06,01,33.2,-999,-999
100080,LAGUNAS,2020,06,02,0.0,-999,-999
100080,LAGUNAS,2020,06,03,6.8,-999,-999
100080,LAGUNAS,2020,06,04,0.0,-999,-999
100080,LAGUNAS,2020,06,05,6.7,-999,-999
100080,LAGUNAS,2020,06,06,0.0,-999,-999
100080,LAGUNAS,2020,06,07,0.0,-999,-999
100080,LAGUNAS,2020,06,08,0.0,-999,-999
100080,LAGUNAS,2020,06,09,0.0,-999,-999
100080,LAGUNAS,2020,06,10,0.0,-999,-999
100080,LAGUNAS,2020,06,11,0.0,-999,-999
100080,LAGUNAS,2020,06,12,0.0,-999,-999
100080,LAGUNAS,2020,06,13,0.0,-999,-999
100080,LAGUNAS,2020,06,14,7.5,-999,-999
100080,LAGUNAS,2020,06,15,6.2,-999,-999
100080,LAGUNAS,2020,06,16,0.0,-999,-999
100080,LAGUNAS,2020,06,17,0.0,-999,-999
100080,LAGUNAS,2020,06,18,0.0,-999,-999
100080,LAGUNAS,2020,06,19,3.3,-999,-999
100080,LAGUNAS,2020,06,20,0.0,-999,-999
100080,LAGUNAS,2020,06,21,0.0,-999,-999
100080,LAGUNAS,2020,06,22,0.8,-999,-999
100080,LAGUNAS,2020,06,23,0.0,-999,-999
100080,LAGUNAS,2020,06,24,0.0,-999,-999
100080,LAGUNAS,2020,06,25,4.4,-999,-999
100080,LAGUNAS,2020,06,26,0.0,-999,-999
100080,LAGUNAS,2020,06,27,0.0,-999,-999
100080,LAGUNAS,2020,06,28,0.0,-999,-999
100080,LAGUNAS,2020,06,29,0.0,-999,-999
100080,LAGUNAS,2020,06,30,0.0,-999,-999
100080,LAGUNAS,2020,07,01,0.0,-999,-999
100080,LAGUNAS,2020,07,02,0.0,-999,-999
100080,LAGUNAS,2020,07,03,0.0,-999,-999
100080,LAGUNAS,2020,07,04,0.0,-999,-999
100080,LAGUNAS,2020,07,05,0.0,-999,-999
100080,LAGUNAS,2020,07,06,50.7,-999,-999
100080,LAGUNAS,2020,07,07,0.0,-999,-999
100080,LAGUNAS,2020,07,08,0.7,-999,-999
100080,LAGUNAS,2020,07,09,55.7,-999,-999
100080,LAGUNAS,2020,07,10,3.8,-999,-999
100080,LAGUNAS,2020,07,11,0.0,-999,-999
100080,LAGUNAS,2020,07,12,17.5,-999,-999
100080,LAGUNAS,2020,07,13,22.2,-999,-999
100080,LAGUNAS,2020,07,14,18.8,-999,-999
100080,LAGUNAS,2020,07,15,18.4,-999,-999
100080,LAGUNAS,2020,07,16,0.8,-999,-999
100080,LAGUNAS,2020,07,17,0.4,-999,-999
100080,LAGUNAS,2020,07,18,31.6,-999,-999
100080,LAGUNAS,2020,07,19,1.4,-999,-999
100080,LAGUNAS,2020,07,20,2.6,-999,-999
100080,LAGUNAS,2020,07,21,4.2,-999,-999
100080,LAGUNAS,2020,07,22,0.0,-999,-999
100080,LAGUNAS,2020,07,23,0.0,-999,-999
100080,LAGUNAS,2020,07,24,54.5,-999,-999
100080,LAGUNAS,2020,07,25,0.0,-999,-999
100080,LAGUNAS,2020,07,26,0.0,-999,-999
100080,LAGUNAS,2020,07,27,12.9,-999,-999
100080,LAGUNAS,2020,07,28,0.0,-999,-999
100080,LAGUNAS,2020,07,29,8.2,-999,-999
100080,LAGUNAS,2020,07,30,31.9,-999,-999
100080,LAGUNAS,2020,07,31,0.0,-999,-999
100080,LAGUNAS,2020,08,01,0.0,-999,-999
100080,LAGUNAS,2020,08,02,0.0,-999,-999
100080,LAGUNAS,2020,08,03,0.0,-999,-999
100080,LAGUNAS,2020,08,04,0.0,-999,-999
100080,LAGUNAS,2020,08,05,11.1,-999,-999
100080,LAGUNAS,2020,08,06,0.0,-999,-999
100080,LAGUNAS,2020,08,07,7.1,-999,-999
100080,LAGUNAS,2020,08,08,0.0,-999,-999
100080,LAGUNAS,2020,08,09,0.0,-999,-999
100080,LAGUNAS,2020,08,10,0.0,-999,-999
100080,LAGUNAS,2020,08,11,0.0,-999,-999
100080,LAGUNAS,2020,08,12,0.0,-999,-999
100080,LAGUNAS,2020,08,13,0.0,-999,-999
100080,LAGUNAS,2020,08,14,22.8,-999,-999
100080,LAGUNAS,2020,08,15,0.0,-999,-999
100080,LAGUNAS,2020,08,16,0.0,-999,-999
100080,LAGUNAS,2020,08,17,0.0,-999,-999
100080,LAGUNAS,2020,08,18,0.0,-999,-999
100080,LAGUNAS,2020,08,19,0.0,-999,-999
100080,LAGUNAS,2020,08,20,46.6,-999,-999
100080,LAGUNAS,2020,08,21,28.4,-999,-999
100080,LAGUNAS,2020,08,22,0.0,-999,-999
100080,LAGUNAS,2020,08,23,0.0,-999,-999
100080,LAGUNAS,2020,08,24,0.0,-999,-999
100080,LAGUNAS,2020,08,25,0.0,-999,-999
100080,LAGUNAS,2020,08,26,0.0,-999,-999
100080,LAGUNAS,2020,08,27,0.0,-999,-999
100080,LAGUNAS,2020,08,28,0.0,-999,-999
100080,LAGUNAS,2020,08,29,0.0,-999,-999
100080,LAGUNAS,2020,08,30,0.0,-999,-999
100080,LAGUNAS,2020,08,31,13.0,-999,-999
100080,LAGUNAS,2020,09,01,0.0,-999,-999
100080,LAGUNAS,2020,09,02,11.2,-999,-999
100080,LAGUNAS,2020,09,03,0.0,-999,-999
100080,LAGUNAS,2020,09,04,20.2,-999,-999
100080,LAGUNAS,2020,09,05,0.0,-999,-999
100080,LAGUNAS,2020,09,06,0.0,-999,-999
100080,LAGUNAS,2020,09,07,0.0,-999,-999
100080,LAGUNAS,2020,09,08,6.4,-999,-999
100080,LAGUNAS,2020,09,09,0.0,-999,-999
100080,LAGUNAS,2020,09,10,0.0,-999,-999
100080,LAGUNAS,2020,09,11,0.0,-999,-999
100080,LAGUNAS,2020,09,12,0.0,-999,-999
100080,LAGUNAS,2020,09,13,8.5,-999,-999
100080,LAGUNAS,2020,09,14,6.8,-999,-999
100080,LAGUNAS,2020,09,15,33.2,-999,-999
100080,LAGUNAS,2020,09,16,0.0,-999,-999
100080,LAGUNAS,2020,09,17,0.0,-999,-999
100080,LAGUNAS,2020,09,18,3.6,-999,-999
100080,LAGUNAS,2020,09,19,0.0,-999,-999
100080,LAGUNAS,2020,09,20,0.0,-999,-999
100080,LAGUNAS,2020,09,21,0.0,-999,-999
100080,LAGUNAS,2020,09,22,4.5,-999,-999
100080,LAGUNAS,2020,09,23,20.6,-999,-999
100080,LAGUNAS,2020,09,24,0.0,-999,-999
100080,LAGUNAS,2020,09,25,0.0,-999,-999
100080,LAGUNAS,2020,09,26,0.0,-999,-999
100080,LAGUNAS,2020,09,27,0.0,-999,-999
100080,LAGUNAS,2020,09,28,0.0,-999,-999
100080,LAGUNAS,2020,09,29,2.9,-999,-999
100080,LAGUNAS,2020,09,30,6.3,-999,-999
100080,LAGUNAS,2020,10,01,0.0,-999,-999
100080,LAGUNAS,2020,10,02,0.0,-999,-999
100080,LAGUNAS,2020,10,03,0.0,-999,-999
100080,LAGUNAS,2020,10,04,0.0,-999,-999
100080,LAGUNAS,2020,10,05,0.0,-999,-999
100080,LAGUNAS,2020,10,06,0.0,-999,-999
100080,LAGUNAS,2020,10,07,0.0,-999,-999
100080,LAGUNAS,2020,10,08,0.0,-999,-999
100080,LAGUNAS,2020,10,09,0.0,-999,-999
100080,LAGUNAS,2020,10,10,0.0,-999,-999
100080,LAGUNAS,2020,10,11,0.0,-999,-999
100080,LAGUNAS,2020,10,12,0.0,-999,-999
100080,LAGUNAS,2020,10,13,0.0,-999,-999
100080,LAGUNAS,2020,10,14,3.6,-999,-999
100080,LAGUNAS,2020,10,15,0.0,-999,-999
100080,LAGUNAS,2020,10,16,2.8,-999,-999
100080,LAGUNAS,2020,10,17,0.5,-999,-999
100080,LAGUNAS,2020,10,18,0.0,-999,-999
100080,LAGUNAS,2020,10,19,0.0,-999,-999
100080,LAGUNAS,2020,10,20,0.0,-999,-999
100080,LAGUNAS,2020,10,21,19.5,-999,-999
100080,LAGUNAS,2020,10,22,26.3,-999,-999
100080,LAGUNAS,2020,10,23,0.0,-999,-999
100080,LAGUNAS,2020,10,24,0.0,-999,-999
100080,LAGUNAS,2020,10,25,0.0,-999,-999
100080,LAGUNAS,2020,10,26,0.0,-999,-999
100080,LAGUNAS,2020,10,27,0.0,-999,-999
100080,LAGUNAS,2020,10,28,0.0,-999,-999
100080,LAGUNAS,2020,10,29,0.0,-999,-999
100080,LAGUNAS,2020,10,30,2.6,-999,-999
100080,LAGUNAS,2020,10,31,0.0,-999,-999
100080,LAGUNAS,2020,11,01,0.0,-999,-999
100080,LAGUNAS,2020,11,02,0.0,-999,-999
100080,LAGUNAS,2020,11,03,0.0,-999,-999
100080,LAGUNAS,2020,11,04,0.0,-999,-999
100080,LAGUNAS,2020,11,05,0.0,-999,-999
100080,LAGUNAS,2020,11,06,5.7,-999,-999
100080,LAGUNAS,2020,11,07,0.0,-999,-999
100080,LAGUNAS,2020,11,08,0.0,-999,-999
100080,LAGUNAS,2020,11,09,0.0,-999,-999
100080,LAGUNAS,2020,11,10,4.4,-999,-999
100080,LAGUNAS,2020,11,11,4.6,-999,-999
100080,LAGUNAS,2020,11,12,0.0,-999,-999
100080,LAGUNAS,2020,11,13,0.0,-999,-999
100080,LAGUNAS,2020,11,14,0.0,-999,-999
100080,LAGUNAS,2020,11,15,9.2,-999,-999
100080,LAGUNAS,2020,11,16,1.5,-999,-999
100080,LAGUNAS,2020,11,17,0.0,-999,-999
100080,LAGUNAS,2020,11,18,0.0,-999,-999
100080,LAGUNAS,2020,11,19,13.2,-999,-999
100080,LAGUNAS,2020,11,20,18.4,-999,-999
100080,LAGUNAS,2020,11,21,0.0,-999,-999
100080,LAGUNAS,2020,11,22,10.2,-999,-999
100080,LAGUNAS,2020,11,23,0.0,-999,-999
100080,LAGUNAS,2020,11,24,0.0,-999,-999
100080,LAGUNAS,2020,11,25,0.0,-999,-999
100080,LAGUNAS,2020,11,26,14.8,-999,-999
100080,LAGUNAS,2020,11,27,2.6,-999,-999
100080,LAGUNAS,2020,11,28,0.0,-999,-999
100080,LAGUNAS,2020,11,29,8.8,-999,-999
100080,LAGUNAS,2020,11,30,0.0,-999,-999
100080,LAGUNAS,2020,12,01,0.3,-999,-999
100080,LAGUNAS,2020,12,02,3.7,-999,-999
100080,LAGUNAS,2020,12,03,9.6,-999,-999
100080,LAGUNAS,2020,12,04,10.5,-999,-999
100080,LAGUNAS,2020,12,05,0.0,-999,-999
100080,LAGUNAS,2020,12,06,0.0,-999,-999
100080,LAGUNAS,2020,12,07,43.2,-999,-999
100080,LAGUNAS,2020,12,08,0.0,-999,-999
100080,LAGUNAS,2020,12,09,0.0,-999,-999
100080,LAGUNAS,2020,12,10,0.0,-999,-999
100080,LAGUNAS,2020,12,11,10.6,-999,-999
100080,LAGUNAS,2020,12,12,30.2,-999,-999
100080,LAGUNAS,2020,12,13,2.5,-999,-999
100080,LAGUNAS,2020,12,14,0.0,-999,-999
100080,LAGUNAS,2020,12,15,0.0,-999,-999
100080,LAGUNAS,2020,12,16,0.0,-999,-999
100080,LAGUNAS,2020,12,17,11.2,-999,-999
100080,LAGUNAS,2020,12,18,4.4,-999,-999
100080,LAGUNAS,2020,12,19,0.0,-999,-999
100080,LAGUNAS,2020,12,20,1.4,-999,-999
100080,LAGUNAS,2020,12,21,14.2,-999,-999
100080,LAGUNAS,2020,12,22,0.8,-999,-999
100080,LAGUNAS,2020,12,23,0.0,-999,-999
100080,LAGUNAS,2020,12,24,11.3,-999,-999
100080,LAGUNAS,2020,12,25,0.0,-999,-999
100080,LAGUNAS,2020,12,26,0.0,-999,-999
100080,LAGUNAS,2020,12,27,0.0,-999,-999
100080,LAGUNAS,2020,12,28,0.0,-999,-999
100080,LAGUNAS,2020,12,29,0.0,-999,-999
100080,LAGUNAS,2020,12,30,5.6,-999,-999
100080,LAGUNAS,2020,12,31,6.9,-999,-999
100080,LAGUNAS,2021,01,01,69.7,-999,-999
100080,LAGUNAS,2021,01,02,13.2,-999,-999
100080,LAGUNAS,2021,01,03,0.0,-999,-999
100080,LAGUNAS,2021,01,04,9.2,-999,-999
100080,LAGUNAS,2021,01,05,9.3,-999,-999
100080,LAGUNAS,2021,01,06,16.2,-999,-999
100080,LAGUNAS,2021,01,07,0.0,-999,-999
100080,LAGUNAS,2021,01,08,0.0,-999,-999
100080,LAGUNAS,2021,01,09,0.0,-999,-999
100080,LAGUNAS,2021,01,10,0.0,-999,-999
100080,LAGUNAS,2021,01,11,0.0,-999,-999
100080,LAGUNAS,2021,01,12,0.0,-999,-999
100080,LAGUNAS,2021,01,13,0.2,-999,-999
100080,LAGUNAS,2021,01,14,0.0,-999,-999
100080,LAGUNAS,2021,01,15,2.3,-999,-999
100080,LAGUNAS,2021,01,16,0.0,-999,-999
100080,LAGUNAS,2021,01,17,0.0,-999,-999
100080,LAGUNAS,2021,01,18,12.8,-999,-999
100080,LAGUNAS,2021,01,19,16.8,-999,-999
100080,LAGUNAS,2021,01,20,0.0,-999,-999
100080,LAGUNAS,2021,01,21,0.0,-999,-999
100080,LAGUNAS,2021,01,22,5.4,-999,-999
100080,LAGUNAS,2021,01,23,22.0,-999,-999
100080,LAGUNAS,2021,01,24,1.3,-999,-999
100080,LAGUNAS,2021,01,25,9.4,-999,-999
100080,LAGUNAS,2021,01,26,12.0,-999,-999
100080,LAGUNAS,2021,01,27,6.4,-999,-999
100080,LAGUNAS,2021,01,28,0.0,-999,-999
100080,LAGUNAS,2021,01,29,0.0,-999,-999
100080,LAGUNAS,2021,01,30,0.0,-999,-999
100080,LAGUNAS,2021,01,31,0.0,-999,-999
100080,LAGUNAS,2021,02,01,0.0,-999,-999
100080,LAGUNAS,2021,02,02,8.1,-999,-999
100080,LAGUNAS,2021,02,03,5.3,-999,-999
100080,LAGUNAS,2021,02,04,16.3,-999,-999
100080,LAGUNAS,2021,02,05,0.0,-999,-999
100080,LAGUNAS,2021,02,06,84.4,-999,-999
100080,LAGUNAS,2021,02,07,0.0,-999,-999
100080,LAGUNAS,2021,02,08,9.2,-999,-999
100080,LAGUNAS,2021,02,09,0.0,-999,-999
100080,LAGUNAS,2021,02,10,0.0,-999,-999
100080,LAGUNAS,2021,02,11,24.1,-999,-999
100080,LAGUNAS,2021,02,12,5.7,-999,-999
100080,LAGUNAS,2021,02,13,0.0,-999,-999
100080,LAGUNAS,2021,02,14,0.0,-999,-999
100080,LAGUNAS,2021,02,15,6.6,-999,-999
100080,LAGUNAS,2021,02,16,0.0,-999,-999
100080,LAGUNAS,2021,02,17,11.3,-999,-999
100080,LAGUNAS,2021,02,18,28.5,-999,-999
100080,LAGUNAS,2021,02,19,0.0,-999,-999
100080,LAGUNAS,2021,02,20,0.0,-999,-999
100080,LAGUNAS,2021,02,21,4.8,-999,-999
100080,LAGUNAS,2021,02,22,40.2,-999,-999
100080,LAGUNAS,2021,02,23,0.0,-999,-999
100080,LAGUNAS,2021,02,24,3.8,-999,-999
100080,LAGUNAS,2021,02,25,4.8,-999,-999
100080,LAGUNAS,2021,02,26,0.0,-999,-999
100080,LAGUNAS,2021,02,27,0.0,-999,-999
100080,LAGUNAS,2021,02,28,2.4,-999,-999
100080,LAGUNAS,2021,03,01,10.6,-999,-999
100080,LAGUNAS,2021,03,02,0.0,-999,-999
100080,LAGUNAS,2021,03,03,0.0,-999,-999
100080,LAGUNAS,2021,03,04,0.0,-999,-999
100080,LAGUNAS,2021,03,05,0.0,-999,-999
100080,LAGUNAS,2021,03,06,0.0,-999,-999
100080,LAGUNAS,2021,03,07,19.3,-999,-999
100080,LAGUNAS,2021,03,08,0.0,-999,-999
100080,LAGUNAS,2021,03,09,6.4,-999,-999
100080,LAGUNAS,2021,03,10,0.0,-999,-999
100080,LAGUNAS,2021,03,11,0.0,-999,-999
100080,LAGUNAS,2021,03,12,2.3,-999,-999
100080,LAGUNAS,2021,03,13,0.0,-999,-999
100080,LAGUNAS,2021,03,14,9.7,-999,-999
100080,LAGUNAS,2021,03,15,3.6,-999,-999
100080,LAGUNAS,2021,03,16,0.0,-999,-999
100080,LAGUNAS,2021,03,17,1.2,-999,-999
100080,LAGUNAS,2021,03,18,37.8,-999,-999
100080,LAGUNAS,2021,03,19,7.9,-999,-999
100080,LAGUNAS,2021,03,20,47.0,-999,-999
100080,LAGUNAS,2021,03,21,44.8,-999,-999
100080,LAGUNAS,2021,03,22,0.0,-999,-999
100080,LAGUNAS,2021,03,23,0.0,-999,-999
100080,LAGUNAS,2021,03,24,2.6,-999,-999
100080,LAGUNAS,2021,03,25,0.0,-999,-999
100080,LAGUNAS,2021,03,26,4.1,-999,-999
100080,LAGUNAS,2021,03,27,14.2,-999,-999
100080,LAGUNAS,2021,03,28,27.5,-999,-999
100080,LAGUNAS,2021,03,29,46.2,-999,-999
100080,LAGUNAS,2021,03,30,9.1,-999,-999
100080,LAGUNAS,2021,03,31,0.0,-999,-999
100080,LAGUNAS,2021,04,01,0.0,-999,-999
100080,LAGUNAS,2021,04,02,0.0,-999,-999
100080,LAGUNAS,2021,04,03,9.0,-999,-999
100080,LAGUNAS,2021,04,04,15.9,-999,-999
100080,LAGUNAS,2021,04,05,25.5,-999,-999
100080,LAGUNAS,2021,04,06,0.0,-999,-999
100080,LAGUNAS,2021,04,07,5.2,-999,-999
100080,LAGUNAS,2021,04,08,0.0,-999,-999
100080,LAGUNAS,2021,04,09,6.1,-999,-999
100080,LAGUNAS,2021,04,10,6.7,-999,-999
100080,LAGUNAS,2021,04,11,0.0,-999,-999
100080,LAGUNAS,2021,04,12,24.6,-999,-999
100080,LAGUNAS,2021,04,13,10.4,-999,-999
100080,LAGUNAS,2021,04,14,3.9,-999,-999
100080,LAGUNAS,2021,04,15,0.0,-999,-999
100080,LAGUNAS,2021,04,16,0.0,-999,-999
100080,LAGUNAS,2021,04,17,11.2,-999,-999
100080,LAGUNAS,2021,04,18,0.0,-999,-999
100080,LAGUNAS,2021,04,19,15.3,-999,-999
100080,LAGUNAS,2021,04,20,10.8,-999,-999
100080,LAGUNAS,2021,04,21,0.0,-999,-999
100080,LAGUNAS,2021,04,22,0.0,-999,-999
100080,LAGUNAS,2021,04,23,4.6,-999,-999
100080,LAGUNAS,2021,04,24,0.0,-999,-999
100080,LAGUNAS,2021,04,25,0.0,-999,-999
100080,LAGUNAS,2021,04,26,38.6,-999,-999
100080,LAGUNAS,2021,04,27,1.2,-999,-999
100080,LAGUNAS,2021,04,28,0.0,-999,-999
100080,LAGUNAS,2021,04,29,3.6,-999,-999
100080,LAGUNAS,2021,04,30,0.0,-999,-999
100080,LAGUNAS,2021,05,01,0.0,-999,-999
100080,LAGUNAS,2021,05,02,0.0,-999,-999
100080,LAGUNAS,2021,05,03,48.2,-999,-999
100080,LAGUNAS,2021,05,04,0.0,-999,-999
100080,LAGUNAS,2021,05,05,0.0,-999,-999
100080,LAGUNAS,2021,05,06,6.9,-999,-999
100080,LAGUNAS,2021,05,07,19.7,-999,-999
100080,LAGUNAS,2021,05,08,0.0,-999,-999
100080,LAGUNAS,2021,05,09,0.0,-999,-999
100080,LAGUNAS,2021,05,10,0.0,-999,-999
100080,LAGUNAS,2021,05,11,2.4,-999,-999
100080,LAGUNAS,2021,05,12,10.6,-999,-999
100080,LAGUNAS,2021,05,13,3.2,-999,-999
100080,LAGUNAS,2021,05,14,42.6,-999,-999
100080,LAGUNAS,2021,05,15,7.4,-999,-999
100080,LAGUNAS,2021,05,16,5.3,-999,-999
100080,LAGUNAS,2021,05,17,12.2,-999,-999
100080,LAGUNAS,2021,05,18,6.5,-999,-999
100080,LAGUNAS,2021,05,19,0.0,-999,-999
100080,LAGUNAS,2021,05,20,0.0,-999,-999
100080,LAGUNAS,2021,05,21,12.3,-999,-999
100080,LAGUNAS,2021,05,22,0.0,-999,-999
100080,LAGUNAS,2021,05,23,0.0,-999,-999
100080,LAGUNAS,2021,05,24,75.2,-999,-999
100080,LAGUNAS,2021,05,25,0.0,-999,-999
100080,LAGUNAS,2021,05,26,0.0,-999,-999
100080,LAGUNAS,2021,05,27,0.0,-999,-999
100080,LAGUNAS,2021,05,28,0.0,-999,-999
100080,LAGUNAS,2021,05,29,0.0,-999,-999
100080,LAGUNAS,2021,05,30,0.0,-999,-999
100080,LAGUNAS,2021,05,31,8.5,-999,-999
100080,LAGUNAS,2021,06,01,0.0,-999,-999
100080,LAGUNAS,2021,06,02,0.0,-999,-999
100080,LAGUNAS,2021,06,03,0.0,-999,-999
100080,LAGUNAS,2021,06,04,11.1,-999,-999
100080,LAGUNAS,2021,06,05,0.0,-999,-999
100080,LAGUNAS,2021,06,06,8.4,-999,-999
100080,LAGUNAS,2021,06,07,0.0,-999,-999
100080,LAGUNAS,2021,06,08,5.8,-999,-999
100080,LAGUNAS,2021,06,09,0.0,-999,-999
100080,LAGUNAS,2021,06,10,0.0,-999,-999
100080,LAGUNAS,2021,06,11,0.4,-999,-999
100080,LAGUNAS,2021,06,12,2.3,-999,-999
100080,LAGUNAS,2021,06,13,0.0,-999,-999
100080,LAGUNAS,2021,06,14,0.0,-999,-999
100080,LAGUNAS,2021,06,15,0.0,-999,-999
100080,LAGUNAS,2021,06,16,0.0,-999,-999
100080,LAGUNAS,2021,06,17,5.4,-999,-999
100080,LAGUNAS,2021,06,18,21.6,-999,-999
100080,LAGUNAS,2021,06,19,16.0,-999,-999
100080,LAGUNAS,2021,06,20,0.2,-999,-999
100080,LAGUNAS,2021,06,21,4.3,-999,-999
100080,LAGUNAS,2021,06,22,11.4,-999,-999
100080,LAGUNAS,2021,06,23,0.0,-999,-999
100080,LAGUNAS,2021,06,24,0.0,-999,-999
100080,LAGUNAS,2021,06,25,0.0,-999,-999
100080,LAGUNAS,2021,06,26,0.0,-999,-999
100080,LAGUNAS,2021,06,27,0.0,-999,-999
100080,LAGUNAS,2021,06,28,7.7,-999,-999
100080,LAGUNAS,2021,06,29,9.9,-999,-999
100080,LAGUNAS,2021,06,30,0.0,-999,-999
100080,LAGUNAS,2021,07,01,0.0,-999,-999
100080,LAGUNAS,2021,07,02,0.0,-999,-999
100080,LAGUNAS,2021,07,03,0.0,-999,-999
100080,LAGUNAS,2021,07,04,0.0,-999,-999
100080,LAGUNAS,2021,07,05,0.0,-999,-999
100080,LAGUNAS,2021,07,06,0.0,-999,-999
100080,LAGUNAS,2021,07,07,0.0,-999,-999
100080,LAGUNAS,2021,07,08,0.0,-999,-999
100080,LAGUNAS,2021,07,09,0.0,-999,-999
100080,LAGUNAS,2021,07,10,12.4,-999,-999
100080,LAGUNAS,2021,07,11,0.0,-999,-999
100080,LAGUNAS,2021,07,12,6.4,-999,-999
100080,LAGUNAS,2021,07,13,0.0,-999,-999
100080,LAGUNAS,2021,07,14,0.0,-999,-999
100080,LAGUNAS,2021,07,15,0.0,-999,-999
100080,LAGUNAS,2021,07,16,0.0,-999,-999
100080,LAGUNAS,2021,07,17,0.0,-999,-999
100080,LAGUNAS,2021,07,18,2.4,-999,-999
100080,LAGUNAS,2021,07,19,15.6,-999,-999
100080,LAGUNAS,2021,07,20,0.0,-999,-999
100080,LAGUNAS,2021,07,21,0.0,-999,-999
100080,LAGUNAS,2021,07,22,0.0,-999,-999
100080,LAGUNAS,2021,07,23,0.0,-999,-999
100080,LAGUNAS,2021,07,24,0.0,-999,-999
100080,LAGUNAS,2021,07,25,0.0,-999,-999
100080,LAGUNAS,2021,07,26,0.0,-999,-999
100080,LAGUNAS,2021,07,27,0.0,-999,-999
100080,LAGUNAS,2021,07,28,3.2,-999,-999
100080,LAGUNAS,2021,07,29,20.8,-999,-999
100080,LAGUNAS,2021,07,30,0.0,-999,-999
100080,LAGUNAS,2021,07,31,0.0,-999,-999
100080,LAGUNAS,2021,08,01,0.0,-999,-999
100080,LAGUNAS,2021,08,02,0.0,-999,-999
100080,LAGUNAS,2021,08,03,0.0,-999,-999
100080,LAGUNAS,2021,08,04,0.0,-999,-999
100080,LAGUNAS,2021,08,05,0.0,-999,-999
100080,LAGUNAS,2021,08,06,0.0,-999,-999
100080,LAGUNAS,2021,08,07,0.0,-999,-999
100080,LAGUNAS,2021,08,08,0.0,-999,-999
100080,LAGUNAS,2021,08,09,0.0,-999,-999
100080,LAGUNAS,2021,08,10,4.6,-999,-999
100080,LAGUNAS,2021,08,11,19.6,-999,-999
100080,LAGUNAS,2021,08,12,25.2,-999,-999
100080,LAGUNAS,2021,08,13,0.0,-999,-999
100080,LAGUNAS,2021,08,14,0.0,-999,-999
100080,LAGUNAS,2021,08,15,0.0,-999,-999
100080,LAGUNAS,2021,08,16,0.0,-999,-999
100080,LAGUNAS,2021,08,17,0.0,-999,-999
100080,LAGUNAS,2021,08,18,0.0,-999,-999
100080,LAGUNAS,2021,08,19,0.0,-999,-999
100080,LAGUNAS,2021,08,20,0.0,-999,-999
100080,LAGUNAS,2021,08,21,21.3,-999,-999
100080,LAGUNAS,2021,08,22,0.0,-999,-999
100080,LAGUNAS,2021,08,23,0.0,-999,-999
100080,LAGUNAS,2021,08,24,0.0,-999,-999
100080,LAGUNAS,2021,08,25,1.2,-999,-999
100080,LAGUNAS,2021,08,26,0.0,-999,-999
100080,LAGUNAS,2021,08,27,0.0,-999,-999
100080,LAGUNAS,2021,08,28,0.0,-999,-999
100080,LAGUNAS,2021,08,29,1.4,-999,-999
100080,LAGUNAS,2021,08,30,0.0,-999,-999
100080,LAGUNAS,2021,08,31,0.0,-999,-999
100080,LAGUNAS,2021,09,01,0.0,-999,-999
100080,LAGUNAS,2021,09,02,0.0,-999,-999
100080,LAGUNAS,2021,09,03,0.0,-999,-999
100080,LAGUNAS,2021,09,04,0.0,-999,-999
100080,LAGUNAS,2021,09,05,0.0,-999,-999
100080,LAGUNAS,2021,09,06,0.0,-999,-999
100080,LAGUNAS,2021,09,07,0.0,-999,-999
100080,LAGUNAS,2021,09,08,0.0,-999,-999
100080,LAGUNAS,2021,09,09,51.4,-999,-999
100080,LAGUNAS,2021,09,10,0.0,-999,-999
100080,LAGUNAS,2021,09,11,1.2,-999,-999
100080,LAGUNAS,2021,09,12,0.0,-999,-999
100080,LAGUNAS,2021,09,13,0.0,-999,-999
100080,LAGUNAS,2021,09,14,0.0,-999,-999
100080,LAGUNAS,2021,09,15,5.9,-999,-999
100080,LAGUNAS,2021,09,16,14.8,-999,-999
100080,LAGUNAS,2021,09,17,15.4,-999,-999
100080,LAGUNAS,2021,09,18,0.0,-999,-999
100080,LAGUNAS,2021,09,19,0.0,-999,-999
100080,LAGUNAS,2021,09,20,0.0,-999,-999
100080,LAGUNAS,2021,09,21,28.2,-999,-999
100080,LAGUNAS,2021,09,22,10.7,-999,-999
100080,LAGUNAS,2021,09,23,0.0,-999,-999
100080,LAGUNAS,2021,09,24,0.0,-999,-999
100080,LAGUNAS,2021,09,25,9.5,-999,-999
100080,LAGUNAS,2021,09,26,0.0,-999,-999
100080,LAGUNAS,2021,09,27,0.0,-999,-999
100080,LAGUNAS,2021,09,28,0.0,-999,-999
100080,LAGUNAS,2021,09,29,0.0,-999,-999
100080,LAGUNAS,2021,09,30,0.0,-999,-999
100080,LAGUNAS,2021,10,01,0.0,-999,-999
100080,LAGUNAS,2021,10,02,0.0,-999,-999
100080,LAGUNAS,2021,10,03,0.0,-999,-999
100080,LAGUNAS,2021,10,04,5.8,-999,-999
100080,LAGUNAS,2021,10,05,2.4,-999,-999
100080,LAGUNAS,2021,10,06,0.0,-999,-999
100080,LAGUNAS,2021,10,07,7.3,-999,-999
100080,LAGUNAS,2021,10,08,0.0,-999,-999
100080,LAGUNAS,2021,10,09,0.5,-999,-999
100080,LAGUNAS,2021,10,10,0.0,-999,-999
100080,LAGUNAS,2021,10,11,0.0,-999,-999
100080,LAGUNAS,2021,10,12,0.2,-999,-999
100080,LAGUNAS,2021,10,13,0.0,-999,-999
100080,LAGUNAS,2021,10,14,0.0,-999,-999
100080,LAGUNAS,2021,10,15,2.4,-999,-999
100080,LAGUNAS,2021,10,16,0.0,-999,-999
100080,LAGUNAS,2021,10,17,0.0,-999,-999
100080,LAGUNAS,2021,10,18,7.4,-999,-999
100080,LAGUNAS,2021,10,19,2.2,-999,-999
100080,LAGUNAS,2021,10,20,0.0,-999,-999
100080,LAGUNAS,2021,10,21,0.0,-999,-999
100080,LAGUNAS,2021,10,22,19.5,-999,-999
100080,LAGUNAS,2021,10,23,2.6,-999,-999
100080,LAGUNAS,2021,10,24,0.0,-999,-999
100080,LAGUNAS,2021,10,25,65.7,-999,-999
100080,LAGUNAS,2021,10,26,0.0,-999,-999
100080,LAGUNAS,2021,10,27,0.0,-999,-999
100080,LAGUNAS,2021,10,28,40.6,-999,-999
100080,LAGUNAS,2021,10,29,29.2,-999,-999
100080,LAGUNAS,2021,10,30,0.0,-999,-999
100080,LAGUNAS,2021,10,31,0.0,-999,-999
100080,LAGUNAS,2021,11,01,8.0,-999,-999
100080,LAGUNAS,2021,11,02,5.2,-999,-999
100080,LAGUNAS,2021,11,03,0.0,-999,-999
100080,LAGUNAS,2021,11,04,34.4,-999,-999
100080,LAGUNAS,2021,11,05,11.8,-999,-999
100080,LAGUNAS,2021,11,06,7.4,-999,-999
100080,LAGUNAS,2021,11,07,0.0,-999,-999
100080,LAGUNAS,2021,11,08,1.3,-999,-999
100080,LAGUNAS,2021,11,09,62.4,-999,-999
100080,LAGUNAS,2021,11,10,32.6,-999,-999
100080,LAGUNAS,2021,11,11,10.8,-999,-999
100080,LAGUNAS,2021,11,12,0.0,-999,-999
100080,LAGUNAS,2021,11,13,0.0,-999,-999
100080,LAGUNAS,2021,11,14,0.0,-999,-999
100080,LAGUNAS,2021,11,15,12.4,-999,-999
100080,LAGUNAS,2021,11,16,0.0,-999,-999
100080,LAGUNAS,2021,11,17,0.0,-999,-999
100080,LAGUNAS,2021,11,18,20.3,-999,-999
100080,LAGUNAS,2021,11,19,0.0,-999,-999
100080,LAGUNAS,2021,11,20,4.6,-999,-999
100080,LAGUNAS,2021,11,21,25.2,-999,-999
100080,LAGUNAS,2021,11,22,0.0,-999,-999
100080,LAGUNAS,2021,11,23,6.2,-999,-999
100080,LAGUNAS,2021,11,24,42.3,-999,-999
100080,LAGUNAS,2021,11,25,0.0,-999,-999
100080,LAGUNAS,2021,11,26,0.0,-999,-999
100080,LAGUNAS,2021,11,27,0.0,-999,-999
100080,LAGUNAS,2021,11,28,11.3,-999,-999
100080,LAGUNAS,2021,11,29,36.5,-999,-999
100080,LAGUNAS,2021,11,30,0.0,-999,-999
100080,LAGUNAS,2021,12,01,0.0,-999,-999
100080,LAGUNAS,2021,12,02,20.3,-999,-999
100080,LAGUNAS,2021,12,03,3.4,-999,-999
100080,LAGUNAS,2021,12,04,0.0,-999,-999
100080,LAGUNAS,2021,12,05,0.6,-999,-999
100080,LAGUNAS,2021,12,06,4.3,-999,-999
100080,LAGUNAS,2021,12,07,0.0,-999,-999
100080,LAGUNAS,2021,12,08,0.0,-999,-999
100080,LAGUNAS,2021,12,09,0.0,-999,-999
100080,LAGUNAS,2021,12,10,10.4,-999,-999
100080,LAGUNAS,2021,12,11,0.0,-999,-999
100080,LAGUNAS,2021,12,12,0.0,-999,-999
100080,LAGUNAS,2021,12,13,0.0,-999,-999
100080,LAGUNAS,2021,12,14,0.0,-999,-999
100080,LAGUNAS,2021,12,15,18.2,-999,-999
100080,LAGUNAS,2021,12,16,14.3,-999,-999
100080,LAGUNAS,2021,12,17,5.4,-999,-999
100080,LAGUNAS,2021,12,18,0.5,-999,-999
100080,LAGUNAS,2021,12,19,0.0,-999,-999
100080,LAGUNAS,2021,12,20,8.6,-999,-999
100080,LAGUNAS,2021,12,21,1.3,-999,-999
100080,LAGUNAS,2021,12,22,48.6,-999,-999
100080,LAGUNAS,2021,12,23,24.2,-999,-999
100080,LAGUNAS,2021,12,24,0.0,-999,-999
100080,LAGUNAS,2021,12,25,0.0,-999,-999
100080,LAGUNAS,2021,12,26,0.0,-999,-999
100080,LAGUNAS,2021,12,27,0.0,-999,-999
100080,LAGUNAS,2021,12,28,58.3,-999,-999
100080,LAGUNAS,2021,12,29,0.0,-999,-999
100080,LAGUNAS,2021,12,30,0.0,-999,-999
100080,LAGUNAS,2021,12,31,0.0,-999,-999
100080,LAGUNAS,2022,01,01,0.5,-999,-999
100080,LAGUNAS,2022,01,02,0.0,-999,-999
100080,LAGUNAS,2022,01,03,0.0,-999,-999
100080,LAGUNAS,2022,01,04,0.0,-999,-999
100080,LAGUNAS,2022,01,05,0.0,-999,-999
100080,LAGUNAS,2022,01,06,0.0,-999,-999
100080,LAGUNAS,2022,01,07,0.0,-999,-999
100080,LAGUNAS,2022,01,08,0.0,-999,-999
100080,LAGUNAS,2022,01,09,0.0,-999,-999
100080,LAGUNAS,2022,01,10,62.2,-999,-999
100080,LAGUNAS,2022,01,11,0.0,-999,-999
100080,LAGUNAS,2022,01,12,0.0,-999,-999
100080,LAGUNAS,2022,01,13,0.0,-999,-999
100080,LAGUNAS,2022,01,14,35.2,-999,-999
100080,LAGUNAS,2022,01,15,0.0,-999,-999
100080,LAGUNAS,2022,01,16,0.0,-999,-999
100080,LAGUNAS,2022,01,17,0.0,-999,-999
100080,LAGUNAS,2022,01,18,0.8,-999,-999
100080,LAGUNAS,2022,01,19,1.2,-999,-999
100080,LAGUNAS,2022,01,20,0.0,-999,-999
100080,LAGUNAS,2022,01,21,0.0,-999,-999
100080,LAGUNAS,2022,01,22,0.0,-999,-999
100080,LAGUNAS,2022,01,23,0.0,-999,-999
100080,LAGUNAS,2022,01,24,6.2,-999,-999
100080,LAGUNAS,2022,01,25,6.8,-999,-999
100080,LAGUNAS,2022,01,26,0.0,-999,-999
100080,LAGUNAS,2022,01,27,0.0,-999,-999
100080,LAGUNAS,2022,01,28,0.0,-999,-999
100080,LAGUNAS,2022,01,29,0.0,-999,-999
100080,LAGUNAS,2022,01,30,0.0,-999,-999
100080,LAGUNAS,2022,01,31,40.4,-999,-999
100080,LAGUNAS,2022,02,01,0.0,-999,-999
100080,LAGUNAS,2022,02,02,0.5,-999,-999
100080,LAGUNAS,2022,02,03,18.7,-999,-999
100080,LAGUNAS,2022,02,04,9.3,-999,-999
100080,LAGUNAS,2022,02,05,0.0,-999,-999
100080,LAGUNAS,2022,02,06,7.8,-999,-999
100080,LAGUNAS,2022,02,07,87.2,-999,-999
100080,LAGUNAS,2022,02,08,0.0,-999,-999
100080,LAGUNAS,2022,02,09,2.5,-999,-999
100080,LAGUNAS,2022,02,10,27.4,-999,-999
100080,LAGUNAS,2022,02,11,8.4,-999,-999
100080,LAGUNAS,2022,02,12,10.3,-999,-999
100080,LAGUNAS,2022,02,13,44.3,-999,-999
100080,LAGUNAS,2022,02,14,0.0,-999,-999
100080,LAGUNAS,2022,02,15,10.5,-999,-999
100080,LAGUNAS,2022,02,16,16.4,-999,-999
100080,LAGUNAS,2022,02,17,0.0,-999,-999
100080,LAGUNAS,2022,02,18,0.0,-999,-999
100080,LAGUNAS,2022,02,19,0.0,-999,-999
100080,LAGUNAS,2022,02,20,3.5,-999,-999
100080,LAGUNAS,2022,02,21,3.4,-999,-999
100080,LAGUNAS,2022,02,22,0.0,-999,-999
100080,LAGUNAS,2022,02,23,0.0,-999,-999
100080,LAGUNAS,2022,02,24,0.0,-999,-999
100080,LAGUNAS,2022,02,25,4.2,-999,-999
100080,LAGUNAS,2022,02,26,0.0,-999,-999
100080,LAGUNAS,2022,02,27,1.3,-999,-999
100080,LAGUNAS,2022,02,28,0.0,-999,-999
100080,LAGUNAS,2022,03,01,0.0,-999,-999
100080,LAGUNAS,2022,03,02,8.3,-999,-999
100080,LAGUNAS,2022,03,03,10.2,-999,-999
100080,LAGUNAS,2022,03,04,0.0,-999,-999
100080,LAGUNAS,2022,03,05,0.0,-999,-999
100080,LAGUNAS,2022,03,06,46.2,-999,-999
100080,LAGUNAS,2022,03,07,0.0,-999,-999
100080,LAGUNAS,2022,03,08,10.3,-999,-999
100080,LAGUNAS,2022,03,09,18.2,-999,-999
100080,LAGUNAS,2022,03,10,45.3,-999,-999
100080,LAGUNAS,2022,03,11,0.0,-999,-999
100080,LAGUNAS,2022,03,12,87.9,-999,-999
100080,LAGUNAS,2022,03,13,0.0,-999,-999
100080,LAGUNAS,2022,03,14,0.0,-999,-999
100080,LAGUNAS,2022,03,15,69.4,-999,-999
100080,LAGUNAS,2022,03,16,59.2,-999,-999
100080,LAGUNAS,2022,03,17,0.0,-999,-999
100080,LAGUNAS,2022,03,18,7.4,-999,-999
100080,LAGUNAS,2022,03,19,28.4,-999,-999
100080,LAGUNAS,2022,03,20,2.1,-999,-999
100080,LAGUNAS,2022,03,21,43.4,-999,-999
100080,LAGUNAS,2022,03,22,0.0,-999,-999
100080,LAGUNAS,2022,03,23,0.0,-999,-999
100080,LAGUNAS,2022,03,24,0.0,-999,-999
100080,LAGUNAS,2022,03,25,0.0,-999,-999
100080,LAGUNAS,2022,03,26,0.0,-999,-999
100080,LAGUNAS,2022,03,27,30.0,-999,-999
100080,LAGUNAS,2022,03,28,1.6,-999,-999
100080,LAGUNAS,2022,03,29,0.0,-999,-999
100080,LAGUNAS,2022,03,30,0.0,-999,-999
100080,LAGUNAS,2022,03,31,0.0,-999,-999
100080,LAGUNAS,2022,04,01,57.0,-999,-999
100080,LAGUNAS,2022,04,02,0.0,-999,-999
100080,LAGUNAS,2022,04,03,0.0,-999,-999
100080,LAGUNAS,2022,04,04,0.0,-999,-999
100080,LAGUNAS,2022,04,05,0.0,-999,-999
100080,LAGUNAS,2022,04,06,12.5,-999,-999
100080,LAGUNAS,2022,04,07,2.9,-999,-999
100080,LAGUNAS,2022,04,08,8.7,-999,-999
100080,LAGUNAS,2022,04,09,0.0,-999,-999
100080,LAGUNAS,2022,04,10,0.0,-999,-999
100080,LAGUNAS,2022,04,11,0.0,-999,-999
100080,LAGUNAS,2022,04,12,1.2,-999,-999
100080,LAGUNAS,2022,04,13,0.0,-999,-999
100080,LAGUNAS,2022,04,14,0.0,-999,-999
100080,LAGUNAS,2022,04,15,6.4,-999,-999
100080,LAGUNAS,2022,04,16,0.0,-999,-999
100080,LAGUNAS,2022,04,17,4.2,-999,-999
100080,LAGUNAS,2022,04,18,35.2,-999,-999
100080,LAGUNAS,2022,04,19,2.4,-999,-999
100080,LAGUNAS,2022,04,20,3.2,-999,-999
100080,LAGUNAS,2022,04,21,0.0,-999,-999
100080,LAGUNAS,2022,04,22,0.0,-999,-999
100080,LAGUNAS,2022,04,23,0.0,-999,-999
100080,LAGUNAS,2022,04,24,87.0,-999,-999
100080,LAGUNAS,2022,04,25,0.0,-999,-999
100080,LAGUNAS,2022,04,26,28.4,-999,-999
100080,LAGUNAS,2022,04,27,25.3,-999,-999
100080,LAGUNAS,2022,04,28,0.0,-999,-999
100080,LAGUNAS,2022,04,29,24.6,-999,-999
100080,LAGUNAS,2022,04,30,2.4,-999,-999
100080,LAGUNAS,2022,05,01,0.0,-999,-999
100080,LAGUNAS,2022,05,02,1.3,-999,-999
100080,LAGUNAS,2022,05,03,53.2,-999,-999
100080,LAGUNAS,2022,05,04,0.0,-999,-999
100080,LAGUNAS,2022,05,05,0.0,-999,-999
100080,LAGUNAS,2022,05,06,0.0,-999,-999
100080,LAGUNAS,2022,05,07,0.0,-999,-999
100080,LAGUNAS,2022,05,08,0.0,-999,-999
100080,LAGUNAS,2022,05,09,47.7,-999,-999
100080,LAGUNAS,2022,05,10,14.6,-999,-999
100080,LAGUNAS,2022,05,11,0.0,-999,-999
100080,LAGUNAS,2022,05,12,1.2,-999,-999
100080,LAGUNAS,2022,05,13,10.6,-999,-999
100080,LAGUNAS,2022,05,14,0.0,-999,-999
100080,LAGUNAS,2022,05,15,1.2,-999,-999
100080,LAGUNAS,2022,05,16,54.6,-999,-999
100080,LAGUNAS,2022,05,17,3.4,-999,-999
100080,LAGUNAS,2022,05,18,0.0,-999,-999
100080,LAGUNAS,2022,05,19,0.0,-999,-999
100080,LAGUNAS,2022,05,20,0.0,-999,-999
100080,LAGUNAS,2022,05,21,0.0,-999,-999
100080,LAGUNAS,2022,05,22,0.0,-999,-999
100080,LAGUNAS,2022,05,23,0.0,-999,-999
100080,LAGUNAS,2022,05,24,0.0,-999,-999
100080,LAGUNAS,2022,05,25,7.6,-999,-999
100080,LAGUNAS,2022,05,26,2.4,-999,-999
100080,LAGUNAS,2022,05,27,2.4,-999,-999
100080,LAGUNAS,2022,05,28,0.0,-999,-999
100080,LAGUNAS,2022,05,29,0.0,-999,-999
100080,LAGUNAS,2022,05,30,0.0,-999,-999
100080,LAGUNAS,2022,05,31,0.0,-999,-999
100080,LAGUNAS,2022,06,01,0.0,-999,-999
100080,LAGUNAS,2022,06,02,0.0,-999,-999
100080,LAGUNAS,2022,06,03,15.6,-999,-999
100080,LAGUNAS,2022,06,04,0.0,-999,-999
100080,LAGUNAS,2022,06,05,0.0,-999,-999
100080,LAGUNAS,2022,06,06,10.3,-999,-999
100080,LAGUNAS,2022,06,07,0.0,-999,-999
100080,LAGUNAS,2022,06,08,5.2,-999,-999
100080,LAGUNAS,2022,06,09,0.0,-999,-999
100080,LAGUNAS,2022,06,10,0.0,-999,-999
100080,LAGUNAS,2022,06,11,0.0,-999,-999
100080,LAGUNAS,2022,06,12,0.0,-999,-999
100080,LAGUNAS,2022,06,13,0.0,-999,-999
100080,LAGUNAS,2022,06,14,0.0,-999,-999
100080,LAGUNAS,2022,06,15,0.0,-999,-999
100080,LAGUNAS,2022,06,16,0.0,-999,-999
100080,LAGUNAS,2022,06,17,14.3,-999,-999
100080,LAGUNAS,2022,06,18,11.4,-999,-999
100080,LAGUNAS,2022,06,19,0.0,-999,-999
100080,LAGUNAS,2022,06,20,0.0,-999,-999
100080,LAGUNAS,2022,06,21,8.3,-999,-999
100080,LAGUNAS,2022,06,22,14.0,-999,-999
100080,LAGUNAS,2022,06,23,0.0,-999,-999
100080,LAGUNAS,2022,06,24,27.2,-999,-999
100080,LAGUNAS,2022,06,25,0.0,-999,-999
100080,LAGUNAS,2022,06,26,0.0,-999,-999
100080,LAGUNAS,2022,06,27,0.0,-999,-999
100080,LAGUNAS,2022,06,28,0.0,-999,-999
100080,LAGUNAS,2022,06,29,0.0,-999,-999
100080,LAGUNAS,2022,06,30,0.0,-999,-999
100080,LAGUNAS,2022,07,01,0.0,-999,-999
100080,LAGUNAS,2022,07,02,0.0,-999,-999
100080,LAGUNAS,2022,07,03,1.3,-999,-999
100080,LAGUNAS,2022,07,04,0.0,-999,-999
100080,LAGUNAS,2022,07,05,2.3,-999,-999
100080,LAGUNAS,2022,07,06,0.0,-999,-999
100080,LAGUNAS,2022,07,07,0.0,-999,-999
100080,LAGUNAS,2022,07,08,50.8,-999,-999
100080,LAGUNAS,2022,07,09,0.0,-999,-999
100080,LAGUNAS,2022,07,10,6.3,-999,-999
100080,LAGUNAS,2022,07,11,0.0,-999,-999
100080,LAGUNAS,2022,07,12,3.2,-999,-999
100080,LAGUNAS,2022,07,13,7.4,-999,-999
100080,LAGUNAS,2022,07,14,0.0,-999,-999
100080,LAGUNAS,2022,07,15,0.0,-999,-999
100080,LAGUNAS,2022,07,16,10.4,-999,-999
100080,LAGUNAS,2022,07,17,31.2,-999,-999
100080,LAGUNAS,2022,07,18,7.4,-999,-999
100080,LAGUNAS,2022,07,19,0.0,-999,-999
100080,LAGUNAS,2022,07,20,3.4,-999,-999
100080,LAGUNAS,2022,07,21,0.0,-999,-999
100080,LAGUNAS,2022,07,22,0.0,-999,-999
100080,LAGUNAS,2022,07,23,0.0,-999,-999
100080,LAGUNAS,2022,07,24,0.0,-999,-999
100080,LAGUNAS,2022,07,25,8.4,-999,-999
100080,LAGUNAS,2022,07,26,88.6,-999,-999
100080,LAGUNAS,2022,07,27,7.3,-999,-999
100080,LAGUNAS,2022,07,28,0.0,-999,-999
100080,LAGUNAS,2022,07,29,0.0,-999,-999
100080,LAGUNAS,2022,07,30,6.3,-999,-999
100080,LAGUNAS,2022,07,31,0.0,-999,-999
100080,LAGUNAS,2022,08,01,3.2,-999,-999
100080,LAGUNAS,2022,08,02,0.0,-999,-999
100080,LAGUNAS,2022,08,03,6.4,-999,-999
100080,LAGUNAS,2022,08,04,2.3,-999,-999
100080,LAGUNAS,2022,08,05,0.0,-999,-999
100080,LAGUNAS,2022,08,06,0.0,-999,-999
100080,LAGUNAS,2022,08,07,0.0,-999,-999
100080,LAGUNAS,2022,08,08,0.0,-999,-999
100080,LAGUNAS,2022,08,09,0.0,-999,-999
100080,LAGUNAS,2022,08,10,4.3,-999,-999
100080,LAGUNAS,2022,08,11,0.0,-999,-999
100080,LAGUNAS,2022,08,12,0.0,-999,-999
100080,LAGUNAS,2022,08,13,0.0,-999,-999
100080,LAGUNAS,2022,08,14,0.0,-999,-999
100080,LAGUNAS,2022,08,15,0.0,-999,-999
100080,LAGUNAS,2022,08,16,0.0,-999,-999
100080,LAGUNAS,2022,08,17,0.0,-999,-999
100080,LAGUNAS,2022,08,18,1.3,-999,-999
100080,LAGUNAS,2022,08,19,79.6,-999,-999
100080,LAGUNAS,2022,08,20,0.0,-999,-999
100080,LAGUNAS,2022,08,21,0.0,-999,-999
100080,LAGUNAS,2022,08,22,0.0,-999,-999
100080,LAGUNAS,2022,08,23,0.0,-999,-999
100080,LAGUNAS,2022,08,24,0.0,-999,-999
100080,LAGUNAS,2022,08,25,0.0,-999,-999
100080,LAGUNAS,2022,08,26,0.0,-999,-999
100080,LAGUNAS,2022,08,27,0.0,-999,-999
100080,LAGUNAS,2022,08,28,0.0,-999,-999
100080,LAGUNAS,2022,08,29,32.2,-999,-999
100080,LAGUNAS,2022,08,30,0.0,-999,-999
100080,LAGUNAS,2022,08,31,0.0,-999,-999
100080,LAGUNAS,2022,09,01,0.0,-999,-999
100080,LAGUNAS,2022,09,02,0.0,-999,-999
100080,LAGUNAS,2022,09,03,5.3,-999,-999
100080,LAGUNAS,2022,09,04,0.0,-999,-999
100080,LAGUNAS,2022,09,05,0.0,-999,-999
100080,LAGUNAS,2022,09,06,0.0,-999,-999
100080,LAGUNAS,2022,09,07,0.0,-999,-999
100080,LAGUNAS,2022,09,08,0.0,-999,-999
100080,LAGUNAS,2022,09,09,0.0,-999,-999
100080,LAGUNAS,2022,09,10,0.0,-999,-999
100080,LAGUNAS,2022,09,11,0.0,-999,-999
100080,LAGUNAS,2022,09,12,0.0,-999,-999
100080,LAGUNAS,2022,09,13,0.0,-999,-999
100080,LAGUNAS,2022,09,14,0.0,-999,-999
100080,LAGUNAS,2022,09,15,3.2,-999,-999
100080,LAGUNAS,2022,09,16,0.0,-999,-999
100080,LAGUNAS,2022,09,17,0.0,-999,-999
100080,LAGUNAS,2022,09,18,0.0,-999,-999
100080,LAGUNAS,2022,09,19,0.0,-999,-999
100080,LAGUNAS,2022,09,20,0.0,-999,-999
100080,LAGUNAS,2022,09,21,0.0,-999,-999
100080,LAGUNAS,2022,09,22,0.0,-999,-999
100080,LAGUNAS,2022,09,23,80.2,-999,-999
100080,LAGUNAS,2022,09,24,0.0,-999,-999
100080,LAGUNAS,2022,09,25,0.0,-999,-999
100080,LAGUNAS,2022,09,26,0.0,-999,-999
100080,LAGUNAS,2022,09,27,0.0,-999,-999
100080,LAGUNAS,2022,09,28,0.0,-999,-999
100080,LAGUNAS,2022,09,29,10.6,-999,-999
100080,LAGUNAS,2022,09,30,55.4,-999,-999
100080,LAGUNAS,2022,10,01,0.0,-999,-999
100080,LAGUNAS,2022,10,02,0.0,-999,-999
100080,LAGUNAS,2022,10,03,0.0,-999,-999
100080,LAGUNAS,2022,10,04,0.0,-999,-999
100080,LAGUNAS,2022,10,05,0.0,-999,-999
100080,LAGUNAS,2022,10,06,0.0,-999,-999
100080,LAGUNAS,2022,10,07,83.5,-999,-999
100080,LAGUNAS,2022,10,08,0.0,-999,-999
100080,LAGUNAS,2022,10,09,0.0,-999,-999
100080,LAGUNAS,2022,10,10,0.0,-999,-999
100080,LAGUNAS,2022,10,11,0.0,-999,-999
100080,LAGUNAS,2022,10,12,0.0,-999,-999
100080,LAGUNAS,2022,10,13,0.0,-999,-999
100080,LAGUNAS,2022,10,14,5.3,-999,-999
100080,LAGUNAS,2022,10,15,0.0,-999,-999
100080,LAGUNAS,2022,10,16,0.0,-999,-999
100080,LAGUNAS,2022,10,17,0.0,-999,-999
100080,LAGUNAS,2022,10,18,2.2,-999,-999
100080,LAGUNAS,2022,10,19,5.2,-999,-999
100080,LAGUNAS,2022,10,20,15.3,-999,-999
100080,LAGUNAS,2022,10,21,15.6,-999,-999
100080,LAGUNAS,2022,10,22,18.6,-999,-999
100080,LAGUNAS,2022,10,23,32.4,-999,-999
100080,LAGUNAS,2022,10,24,6.2,-999,-999
100080,LAGUNAS,2022,10,25,0.0,-999,-999
100080,LAGUNAS,2022,10,26,0.0,-999,-999
100080,LAGUNAS,2022,10,27,0.0,-999,-999
100080,LAGUNAS,2022,10,28,27.4,-999,-999
100080,LAGUNAS,2022,10,29,0.0,-999,-999
100080,LAGUNAS,2022,10,30,0.0,-999,-999
100080,LAGUNAS,2022,10,31,0.0,-999,-999
100080,LAGUNAS,2022,11,01,16.1,-999,-999
100080,LAGUNAS,2022,11,02,0.0,-999,-999
100080,LAGUNAS,2022,11,03,0.0,-999,-999
100080,LAGUNAS,2022,11,04,0.0,-999,-999
100080,LAGUNAS,2022,11,05,0.0,-999,-999
100080,LAGUNAS,2022,11,06,0.0,-999,-999
100080,LAGUNAS,2022,11,07,0.0,-999,-999
100080,LAGUNAS,2022,11,08,0.0,-999,-999
100080,LAGUNAS,2022,11,09,0.0,-999,-999
100080,LAGUNAS,2022,11,10,27.3,-999,-999
100080,LAGUNAS,2022,11,11,0.0,-999,-999
100080,LAGUNAS,2022,11,12,0.0,-999,-999
100080,LAGUNAS,2022,11,13,0.0,-999,-999
100080,LAGUNAS,2022,11,14,3.6,-999,-999
100080,LAGUNAS,2022,11,15,60.6,-999,-999
100080,LAGUNAS,2022,11,16,5.3,-999,-999
100080,LAGUNAS,2022,11,17,0.0,-999,-999
100080,LAGUNAS,2022,11,18,10.4,-999,-999
100080,LAGUNAS,2022,11,19,2.3,-999,-999
100080,LAGUNAS,2022,11,20,5.2,-999,-999
100080,LAGUNAS,2022,11,21,0.0,-999,-999
100080,LAGUNAS,2022,11,22,2.4,-999,-999
100080,LAGUNAS,2022,11,23,3.6,-999,-999
100080,LAGUNAS,2022,11,24,1.4,-999,-999
100080,LAGUNAS,2022,11,25,34.7,-999,-999
100080,LAGUNAS,2022,11,26,4.2,-999,-999
100080,LAGUNAS,2022,11,27,2.4,-999,-999
100080,LAGUNAS,2022,11,28,0.0,-999,-999
100080,LAGUNAS,2022,11,29,0.0,-999,-999
100080,LAGUNAS,2022,11,30,0.0,-999,-999
100080,LAGUNAS,2022,12,01,0.0,-999,-999
100080,LAGUNAS,2022,12,02,0.0,-999,-999
100080,LAGUNAS,2022,12,03,0.0,-999,-999
100080,LAGUNAS,2022,12,04,0.0,-999,-999
100080,LAGUNAS,2022,12,05,27.2,-999,-999
100080,LAGUNAS,2022,12,06,0.0,-999,-999
100080,LAGUNAS,2022,12,07,18.5,-999,-999
100080,LAGUNAS,2022,12,08,0.0,-999,-999
100080,LAGUNAS,2022,12,09,66.7,-999,-999
100080,LAGUNAS,2022,12,10,0.0,-999,-999
100080,LAGUNAS,2022,12,11,0.0,-999,-999
100080,LAGUNAS,2022,12,12,0.0,-999,-999
100080,LAGUNAS,2022,12,13,33.4,-999,-999
100080,LAGUNAS,2022,12,14,0.0,-999,-999
100080,LAGUNAS,2022,12,15,8.4,-999,-999
100080,LAGUNAS,2022,12,16,6.3,-999,-999
100080,LAGUNAS,2022,12,17,5.2,-999,-999
100080,LAGUNAS,2022,12,18,0.0,-999,-999
100080,LAGUNAS,2022,12,19,0.0,-999,-999
100080,LAGUNAS,2022,12,20,4.3,-999,-999
100080,LAGUNAS,2022,12,21,6.4,-999,-999
100080,LAGUNAS,2022,12,22,0.0,-999,-999
100080,LAGUNAS,2022,12,23,0.0,-999,-999
100080,LAGUNAS,2022,12,24,2.2,-999,-999
100080,LAGUNAS,2022,12,25,0.0,-999,-999
100080,LAGUNAS,2022,12,26,0.0,-999,-999
100080,LAGUNAS,2022,12,27,0.0,-999,-999
100080,LAGUNAS,2022,12,28,0.0,-999,-999
100080,LAGUNAS,2022,12,29,0.0,-999,-999
100080,LAGUNAS,2022,12,30,23.2,-999,-999
100080,LAGUNAS,2022,12,31,10.4,-999,-999
100080,LAGUNAS,2023,01,01,0.0,-999,-999
100080,LAGUNAS,2023,01,02,0.0,-999,-999
100080,LAGUNAS,2023,01,03,6.5,-999,-999
100080,LAGUNAS,2023,01,04,1.2,-999,-999
100080,LAGUNAS,2023,01,05,54.7,-999,-999
100080,LAGUNAS,2023,01,06,0.0,-999,-999
100080,LAGUNAS,2023,01,07,0.0,-999,-999
100080,LAGUNAS,2023,01,08,0.0,-999,-999
100080,LAGUNAS,2023,01,09,0.0,-999,-999
100080,LAGUNAS,2023,01,10,2.4,-999,-999
100080,LAGUNAS,2023,01,11,1.3,-999,-999
100080,LAGUNAS,2023,01,12,25.2,-999,-999
100080,LAGUNAS,2023,01,13,27.4,-999,-999
100080,LAGUNAS,2023,01,14,32.4,-999,-999
100080,LAGUNAS,2023,01,15,69.6,-999,-999
100080,LAGUNAS,2023,01,16,0.0,-999,-999
100080,LAGUNAS,2023,01,17,0.0,-999,-999
100080,LAGUNAS,2023,01,18,40.5,-999,-999
100080,LAGUNAS,2023,01,19,32.6,-999,-999
100080,LAGUNAS,2023,01,20,0.0,-999,-999
100080,LAGUNAS,2023,01,21,1.2,-999,-999
100080,LAGUNAS,2023,01,22,16.6,-999,-999
100080,LAGUNAS,2023,01,23,35.7,-999,-999
100080,LAGUNAS,2023,01,24,2.3,-999,-999
100080,LAGUNAS,2023,01,25,18.4,-999,-999
100080,LAGUNAS,2023,01,26,0.0,-999,-999
100080,LAGUNAS,2023,01,27,0.0,-999,-999
100080,LAGUNAS,2023,01,28,0.0,-999,-999
100080,LAGUNAS,2023,01,29,0.0,-999,-999
100080,LAGUNAS,2023,01,30,0.0,-999,-999
100080,LAGUNAS,2023,01,31,0.0,-999,-999
100080,LAGUNAS,2023,02,01,0.0,-999,-999
100080,LAGUNAS,2023,02,02,0.0,-999,-999
100080,LAGUNAS,2023,02,03,0.0,-999,-999
100080,LAGUNAS,2023,02,04,0.0,-999,-999
100080,LAGUNAS,2023,02,05,0.0,-999,-999
100080,LAGUNAS,2023,02,06,16.2,-999,-999
100080,LAGUNAS,2023,02,07,2.2,-999,-999
100080,LAGUNAS,2023,02,08,10.2,-999,-999
100080,LAGUNAS,2023,02,09,10.7,-999,-999
100080,LAGUNAS,2023,02,10,0.0,-999,-999
100080,LAGUNAS,2023,02,11,0.0,-999,-999
100080,LAGUNAS,2023,02,12,11.5,-999,-999
100080,LAGUNAS,2023,02,13,2.2,-999,-999
100080,LAGUNAS,2023,02,14,0.0,-999,-999
100080,LAGUNAS,2023,02,15,27.2,-999,-999
100080,LAGUNAS,2023,02,16,0.0,-999,-999
100080,LAGUNAS,2023,02,17,0.0,-999,-999
100080,LAGUNAS,2023,02,18,10.4,-999,-999
100080,LAGUNAS,2023,02,19,2.4,-999,-999
100080,LAGUNAS,2023,02,20,0.0,-999,-999
100080,LAGUNAS,2023,02,21,0.0,-999,-999
100080,LAGUNAS,2023,02,22,5.3,-999,-999
100080,LAGUNAS,2023,02,23,0.0,-999,-999
100080,LAGUNAS,2023,02,24,0.0,-999,-999
100080,LAGUNAS,2023,02,25,0.0,-999,-999
100080,LAGUNAS,2023,02,26,36.6,-999,-999
100080,LAGUNAS,2023,02,27,0.0,-999,-999
100080,LAGUNAS,2023,02,28,67.8,-999,-999
100080,LAGUNAS,2023,03,01,0.0,-999,-999
100080,LAGUNAS,2023,03,02,2.4,-999,-999
100080,LAGUNAS,2023,03,03,0.0,-999,-999
100080,LAGUNAS,2023,03,04,25.8,-999,-999
100080,LAGUNAS,2023,03,05,15.6,-999,-999
100080,LAGUNAS,2023,03,06,5.2,-999,-999
100080,LAGUNAS,2023,03,07,0.0,-999,-999
100080,LAGUNAS,2023,03,08,0.0,-999,-999
100080,LAGUNAS,2023,03,09,60.6,-999,-999
100080,LAGUNAS,2023,03,10,4.2,-999,-999
100080,LAGUNAS,2023,03,11,63.4,-999,-999
100080,LAGUNAS,2023,03,12,32.4,-999,-999
100080,LAGUNAS,2023,03,13,41.2,-999,-999
100080,LAGUNAS,2023,03,14,2.3,-999,-999
100080,LAGUNAS,2023,03,15,0.0,-999,-999
100080,LAGUNAS,2023,03,16,0.0,-999,-999
100080,LAGUNAS,2023,03,17,0.0,-999,-999
100080,LAGUNAS,2023,03,18,1.2,-999,-999
100080,LAGUNAS,2023,03,19,2.4,-999,-999
100080,LAGUNAS,2023,03,20,0.0,-999,-999
100080,LAGUNAS,2023,03,21,10.3,-999,-999
100080,LAGUNAS,2023,03,22,0.0,-999,-999
100080,LAGUNAS,2023,03,23,0.0,-999,-999
100080,LAGUNAS,2023,03,24,33.2,-999,-999
100080,LAGUNAS,2023,03,25,24.3,-999,-999
100080,LAGUNAS,2023,03,26,0.0,-999,-999
100080,LAGUNAS,2023,03,27,25.2,-999,-999
100080,LAGUNAS,2023,03,28,4.2,-999,-999
100080,LAGUNAS,2023,03,29,1.2,-999,-999
100080,LAGUNAS,2023,03,30,22.9,-999,-999
100080,LAGUNAS,2023,03,31,0.0,-999,-999
100080,LAGUNAS,2023,04,01,0.0,-999,-999
100080,LAGUNAS,2023,04,02,12.6,-999,-999
100080,LAGUNAS,2023,04,03,7.4,-999,-999
100080,LAGUNAS,2023,04,04,5.4,-999,-999
100080,LAGUNAS,2023,04,05,12.3,-999,-999
100080,LAGUNAS,2023,04,06,3.2,-999,-999
100080,LAGUNAS,2023,04,07,58.5,-999,-999
100080,LAGUNAS,2023,04,08,10.2,-999,-999
100080,LAGUNAS,2023,04,09,18.7,-999,-999
100080,LAGUNAS,2023,04,10,5.2,-999,-999
100080,LAGUNAS,2023,04,11,0.0,-999,-999
100080,LAGUNAS,2023,04,12,0.0,-999,-999
100080,LAGUNAS,2023,04,13,2.4,-999,-999
100080,LAGUNAS,2023,04,14,0.0,-999,-999
100080,LAGUNAS,2023,04,15,26.4,-999,-999
100080,LAGUNAS,2023,04,16,0.0,-999,-999
100080,LAGUNAS,2023,04,17,21.2,-999,-999
100080,LAGUNAS,2023,04,18,0.0,-999,-999
100080,LAGUNAS,2023,04,19,20.5,-999,-999
100080,LAGUNAS,2023,04,20,5.7,-999,-999
100080,LAGUNAS,2023,04,21,0.0,-999,-999
100080,LAGUNAS,2023,04,22,0.0,-999,-999
100080,LAGUNAS,2023,04,23,2.2,-999,-999
100080,LAGUNAS,2023,04,24,2.4,-999,-999
100080,LAGUNAS,2023,04,25,0.0,-999,-999
100080,LAGUNAS,2023,04,26,31.2,-999,-999
100080,LAGUNAS,2023,04,27,19.6,-999,-999
100080,LAGUNAS,2023,04,28,3.5,-999,-999
100080,LAGUNAS,2023,04,29,0.0,-999,-999
100080,LAGUNAS,2023,04,30,10.2,-999,-999
100080,LAGUNAS,2023,05,01,-999,-999,-999
100080,LAGUNAS,2023,05,02,0.0,-999,-999
100080,LAGUNAS,2023,05,03,7.6,-999,-999
100080,LAGUNAS,2023,05,04,0.0,-999,-999
100080,LAGUNAS,2023,05,05,5.6,-999,-999
100080,LAGUNAS,2023,05,06,-999,-999,-999
100080,LAGUNAS,2023,05,07,-999,-999,-999
100080,LAGUNAS,2023,05,08,51.8,-999,-999
100080,LAGUNAS,2023,05,09,5.3,-999,-999
100080,LAGUNAS,2023,05,10,0.0,-999,-999
100080,LAGUNAS,2023,05,11,0.0,-999,-999
100080,LAGUNAS,2023,05,12,0.0,-999,-999
100080,LAGUNAS,2023,05,13,-999,-999,-999
100080,LAGUNAS,2023,05,14,-999,-999,-999
100080,LAGUNAS,2023,05,15,0.0,-999,-999
100080,LAGUNAS,2023,05,16,0.0,-999,-999
100080,LAGUNAS,2023,05,17,0.0,-999,-999
100080,LAGUNAS,2023,05,18,0.0,-999,-999
100080,LAGUNAS,2023,05,19,6.3,-999,-999
100080,LAGUNAS,2023,05,20,-999,-999,-999
100080,LAGUNAS,2023,05,21,-999,-999,-999
100080,LAGUNAS,2023,05,22,0.0,-999,-999
100080,LAGUNAS,2023,05,23,49.5,-999,-999
100080,LAGUNAS,2023,05,24,0.0,-999,-999
100080,LAGUNAS,2023,05,25,0.0,-999,-999
100080,LAGUNAS,2023,05,26,0.0,-999,-999
100080,LAGUNAS,2023,05,27,-999,-999,-999
100080,LAGUNAS,2023,05,28,-999,-999,-999
100080,LAGUNAS,2023,05,29,0.0,-999,-999
100080,LAGUNAS,2023,05,30,-999,-999,-999
100080,LAGUNAS,2023,05,31,-999,-999,-999
100080,LAGUNAS,2023,06,01,0.0,-999,-999
100080,LAGUNAS,2023,06,02,16.5,-999,-999
100080,LAGUNAS,2023,06,03,-999,-999,-999
100080,LAGUNAS,2023,06,04,-999,-999,-999
100080,LAGUNAS,2023,06,05,0.0,-999,-999
100080,LAGUNAS,2023,06,06,1.2,-999,-999
100080,LAGUNAS,2023,06,07,0.0,-999,-999
100080,LAGUNAS,2023,06,08,0.0,-999,-999
100080,LAGUNAS,2023,06,09,0.0,-999,-999
100080,LAGUNAS,2023,06,10,-999,-999,-999
100080,LAGUNAS,2023,06,11,-999,-999,-999
100080,LAGUNAS,2023,06,12,0.0,-999,-999
100080,LAGUNAS,2023,06,13,2.1,-999,-999
100080,LAGUNAS,2023,06,14,0.0,-999,-999
100080,LAGUNAS,2023,06,15,0.0,-999,-999
100080,LAGUNAS,2023,06,16,0.0,-999,-999
100080,LAGUNAS,2023,06,17,-999,-999,-999
100080,LAGUNAS,2023,06,18,-999,-999,-999
100080,LAGUNAS,2023,06,19,0.0,-999,-999
100080,LAGUNAS,2023,06,20,0.0,-999,-999
100080,LAGUNAS,2023,06,21,11.2,-999,-999
100080,LAGUNAS,2023,06,22,0.0,-999,-999
100080,LAGUNAS,2023,06,23,0.0,-999,-999
100080,LAGUNAS,2023,06,24,-999,-999,-999
100080,LAGUNAS,2023,06,25,-999,-999,-999
100080,LAGUNAS,2023,06,26,0.0,-999,-999
100080,LAGUNAS,2023,06,27,0.0,-999,-999
100080,LAGUNAS,2023,06,28,-999,-999,-999
100080,LAGUNAS,2023,06,29,-999,-999,-999
100080,LAGUNAS,2023,06,30,0.0,-999,-999
100080,LAGUNAS,2023,07,01,-999,-999,-999
100080,LAGUNAS,2023,07,02,-999,-999,-999
100080,LAGUNAS,2023,07,03,0.0,-999,-999
100080,LAGUNAS,2023,07,04,0.0,-999,-999
100080,LAGUNAS,2023,07,05,0.0,-999,-999
100080,LAGUNAS,2023,07,06,0.0,-999,-999
100080,LAGUNAS,2023,07,07,0.0,-999,-999
100080,LAGUNAS,2023,07,08,-999,-999,-999
100080,LAGUNAS,2023,07,09,-999,-999,-999
100080,LAGUNAS,2023,07,10,0.0,-999,-999
100080,LAGUNAS,2023,07,11,0.0,-999,-999
100080,LAGUNAS,2023,07,12,0.0,-999,-999
100080,LAGUNAS,2023,07,13,0.0,-999,-999
100080,LAGUNAS,2023,07,14,8.4,-999,-999
100080,LAGUNAS,2023,07,15,-999,-999,-999
100080,LAGUNAS,2023,07,16,-999,-999,-999
100080,LAGUNAS,2023,07,17,0.0,-999,-999
100080,LAGUNAS,2023,07,18,22.3,-999,-999
100080,LAGUNAS,2023,07,19,27.4,-999,-999
100080,LAGUNAS,2023,07,20,0.0,-999,-999
100080,LAGUNAS,2023,07,21,18.5,-999,-999
100080,LAGUNAS,2023,07,22,-999,-999,-999
100080,LAGUNAS,2023,07,23,-999,-999,-999
100080,LAGUNAS,2023,07,24,0.0,-999,-999
100080,LAGUNAS,2023,07,25,0.0,-999,-999
100080,LAGUNAS,2023,07,26,0.0,-999,-999
100080,LAGUNAS,2023,07,27,-999,-999,-999
100080,LAGUNAS,2023,07,28,-999,-999,-999
100080,LAGUNAS,2023,07,29,-999,-999,-999
100080,LAGUNAS,2023,07,30,-999,-999,-999
100080,LAGUNAS,2023,07,31,0.0,-999,-999
100080,LAGUNAS,2023,08,01,0.0,-999,-999
100080,LAGUNAS,2023,08,02,0.0,-999,-999
100080,LAGUNAS,2023,08,03,0.0,-999,-999
100080,LAGUNAS,2023,08,04,0.0,-999,-999
100080,LAGUNAS,2023,08,05,0.0,-999,-999
100080,LAGUNAS,2023,08,06,0.0,-999,-999
100080,LAGUNAS,2023,08,07,0.0,-999,-999
100080,LAGUNAS,2023,08,08,0.0,-999,-999
100080,LAGUNAS,2023,08,09,0.0,-999,-999
100080,LAGUNAS,2023,08,10,0.0,-999,-999
100080,LAGUNAS,2023,08,11,1.2,-999,-999
100080,LAGUNAS,2023,08,12,10.4,-999,-999
100080,LAGUNAS,2023,08,13,47.4,-999,-999
100080,LAGUNAS,2023,08,14,0.0,-999,-999
100080,LAGUNAS,2023,08,15,0.0,-999,-999
100080,LAGUNAS,2023,08,16,0.0,-999,-999
100080,LAGUNAS,2023,08,17,0.0,-999,-999
100080,LAGUNAS,2023,08,18,0.0,-999,-999
100080,LAGUNAS,2023,08,19,0.0,-999,-999
100080,LAGUNAS,2023,08,20,0.0,-999,-999
100080,LAGUNAS,2023,08,21,0.0,-999,-999
100080,LAGUNAS,2023,08,22,8.7,-999,-999
100080,LAGUNAS,2023,08,23,0.0,-999,-999
100080,LAGUNAS,2023,08,24,0.0,-999,-999
100080,LAGUNAS,2023,08,25,0.0,-999,-999
100080,LAGUNAS,2023,08,26,0.0,-999,-999
100080,LAGUNAS,2023,08,27,0.0,-999,-999
100080,LAGUNAS,2023,08,28,5.3,-999,-999
100080,LAGUNAS,2023,08,29,0.0,-999,-999
100080,LAGUNAS,2023,08,30,0.0,-999,-999
100080,LAGUNAS,2023,08,31,0.0,-999,-999
100080,LAGUNAS,2023,09,01,0.0,-999,-999
100080,LAGUNAS,2023,09,02,0.0,-999,-999
100080,LAGUNAS,2023,09,03,0.0,-999,-999
100080,LAGUNAS,2023,09,04,1.4,-999,-999
100080,LAGUNAS,2023,09,05,0.0,-999,-999
100080,LAGUNAS,2023,09,06,38.8,-999,-999
100080,LAGUNAS,2023,09,07,0.0,-999,-999
100080,LAGUNAS,2023,09,08,0.0,-999,-999
100080,LAGUNAS,2023,09,09,0.0,-999,-999
100080,LAGUNAS,2023,09,10,1.4,-999,-999
100080,LAGUNAS,2023,09,11,0.0,-999,-999
100080,LAGUNAS,2023,09,12,0.0,-999,-999
100080,LAGUNAS,2023,09,13,41.2,-999,-999
100080,LAGUNAS,2023,09,14,45.7,-999,-999
100080,LAGUNAS,2023,09,15,0.0,-999,-999
100080,LAGUNAS,2023,09,16,0.0,-999,-999
100080,LAGUNAS,2023,09,17,0.0,-999,-999
100080,LAGUNAS,2023,09,18,3.4,-999,-999
100080,LAGUNAS,2023,09,19,0.0,-999,-999
100080,LAGUNAS,2023,09,20,0.0,-999,-999
100080,LAGUNAS,2023,09,21,0.0,-999,-999
100080,LAGUNAS,2023,09,22,17.6,-999,-999
100080,LAGUNAS,2023,09,23,10.2,-999,-999
100080,LAGUNAS,2023,09,24,14.6,-999,-999
100080,LAGUNAS,2023,09,25,0.0,-999,-999
100080,LAGUNAS,2023,09,26,0.0,-999,-999
100080,LAGUNAS,2023,09,27,0.0,-999,-999
100080,LAGUNAS,2023,09,28,0.0,-999,-999
100080,LAGUNAS,2023,09,29,8.6,-999,-999
100080,LAGUNAS,2023,09,30,0.0,-999,-999
100080,LAGUNAS,2023,10,01,0.0,-999,-999
100080,LAGUNAS,2023,10,02,0.0,-999,-999
100080,LAGUNAS,2023,10,03,0.0,-999,-999
100080,LAGUNAS,2023,10,04,0.0,-999,-999
100080,LAGUNAS,2023,10,05,0.0,-999,-999
100080,LAGUNAS,2023,10,06,0.0,-999,-999
100080,LAGUNAS,2023,10,07,24.2,-999,-999
100080,LAGUNAS,2023,10,08,18.4,-999,-999
100080,LAGUNAS,2023,10,09,0.0,-999,-999
100080,LAGUNAS,2023,10,10,0.0,-999,-999
100080,LAGUNAS,2023,10,11,0.0,-999,-999
100080,LAGUNAS,2023,10,12,0.0,-999,-999
100080,LAGUNAS,2023,10,13,0.0,-999,-999
100080,LAGUNAS,2023,10,14,0.0,-999,-999
100080,LAGUNAS,2023,10,15,12.4,-999,-999
100080,LAGUNAS,2023,10,16,0.0,-999,-999
100080,LAGUNAS,2023,10,17,17.8,-999,-999
100080,LAGUNAS,2023,10,18,0.0,-999,-999
100080,LAGUNAS,2023,10,19,0.0,-999,-999
100080,LAGUNAS,2023,10,20,0.0,-999,-999
100080,LAGUNAS,2023,10,21,17.9,-999,-999
100080,LAGUNAS,2023,10,22,5.3,-999,-999
100080,LAGUNAS,2023,10,23,0.0,-999,-999
100080,LAGUNAS,2023,10,24,0.0,-999,-999
100080,LAGUNAS,2023,10,25,0.0,-999,-999
100080,LAGUNAS,2023,10,26,0.0,-999,-999
100080,LAGUNAS,2023,10,27,0.0,-999,-999
100080,LAGUNAS,2023,10,28,10.3,-999,-999
100080,LAGUNAS,2023,10,29,8.4,-999,-999
100080,LAGUNAS,2023,10,30,0.0,-999,-999
100080,LAGUNAS,2023,10,31,15.2,-999,-999
100080,LAGUNAS,2023,11,01,32.5,-999,-999
100080,LAGUNAS,2023,11,02,0.0,-999,-999
100080,LAGUNAS,2023,11,03,0.0,-999,-999
100080,LAGUNAS,2023,11,04,45.3,-999,-999
100080,LAGUNAS,2023,11,05,0.0,-999,-999
100080,LAGUNAS,2023,11,06,0.0,-999,-999
100080,LAGUNAS,2023,11,07,0.0,-999,-999
100080,LAGUNAS,2023,11,08,0.0,-999,-999
100080,LAGUNAS,2023,11,09,12.5,-999,-999
100080,LAGUNAS,2023,11,10,0.0,-999,-999
100080,LAGUNAS,2023,11,11,0.0,-999,-999
100080,LAGUNAS,2023,11,12,5.2,-999,-999
100080,LAGUNAS,2023,11,13,0.0,-999,-999
100080,LAGUNAS,2023,11,14,48.8,-999,-999
100080,LAGUNAS,2023,11,15,2.4,-999,-999
100080,LAGUNAS,2023,11,16,0.0,-999,-999
100080,LAGUNAS,2023,11,17,0.0,-999,-999
100080,LAGUNAS,2023,11,18,0.0,-999,-999
100080,LAGUNAS,2023,11,19,2.5,-999,-999
100080,LAGUNAS,2023,11,20,0.0,-999,-999
100080,LAGUNAS,2023,11,21,0.0,-999,-999
100080,LAGUNAS,2023,11,22,0.0,-999,-999
100080,LAGUNAS,2023,11,23,0.0,-999,-999
100080,LAGUNAS,2023,11,24,14.6,-999,-999
100080,LAGUNAS,2023,11,25,0.0,-999,-999
100080,LAGUNAS,2023,11,26,12.3,-999,-999
100080,LAGUNAS,2023,11,27,12.3,-999,-999
100080,LAGUNAS,2023,11,28,0.0,-999,-999
100080,LAGUNAS,2023,11,29,5.3,-999,-999
100080,LAGUNAS,2023,11,30,25.0,-999,-999
100080,LAGUNAS,2023,12,01,15.3,-999,-999
100080,LAGUNAS,2023,12,02,0.0,-999,-999
100080,LAGUNAS,2023,12,03,0.0,-999,-999
100080,LAGUNAS,2023,12,04,32.8,-999,-999
100080,LAGUNAS,2023,12,05,11.3,-999,-999
100080,LAGUNAS,2023,12,06,0.0,-999,-999
100080,LAGUNAS,2023,12,07,18.3,-999,-999
100080,LAGUNAS,2023,12,08,0.0,-999,-999
100080,LAGUNAS,2023,12,09,22.4,-999,-999
100080,LAGUNAS,2023,12,10,0.0,-999,-999
100080,LAGUNAS,2023,12,11,0.0,-999,-999
100080,LAGUNAS,2023,12,12,0.0,-999,-999
100080,LAGUNAS,2023,12,13,0.0,-999,-999
100080,LAGUNAS,2023,12,14,0.0,-999,-999
100080,LAGUNAS,2023,12,15,0.0,-999,-999
100080,LAGUNAS,2023,12,16,0.0,-999,-999
100080,LAGUNAS,2023,12,17,0.0,-999,-999
100080,LAGUNAS,2023,12,18,0.0,-999,-999
100080,LAGUNAS,2023,12,19,3.4,-999,-999
100080,LAGUNAS,2023,12,20,0.0,-999,-999
100080,LAGUNAS,2023,12,21,57.5,-999,-999
100080,LAGUNAS,2023,12,22,7.2,-999,-999
100080,LAGUNAS,2023,12,23,0.0,-999,-999
100080,LAGUNAS,2023,12,24,14.3,-999,-999
100080,LAGUNAS,2023,12,25,0.0,-999,-999
100080,LAGUNAS,2023,12,26,16.4,-999,-999
100080,LAGUNAS,2023,12,27,33.7,-999,-999
100080,LAGUNAS,2023,12,28,0.0,-999,-999
100080,LAGUNAS,2023,12,29,0.0,-999,-999
100080,LAGUNAS,2023,12,30,0.0,-999,-999
100080,LAGUNAS,2023,12,31,10.3,-999,-999
100080,LAGUNAS,2024,01,01,12.3,-999,-999
100080,LAGUNAS,2024,01,02,10.6,-999,-999
100080,LAGUNAS,2024,01,03,10.2,-999,-999
100080,LAGUNAS,2024,01,04,0.0,-999,-999
100080,LAGUNAS,2024,01,05,32.2,-999,-999
100080,LAGUNAS,2024,01,06,0.0,-999,-999
100080,LAGUNAS,2024,01,07,5.3,-999,-999
100080,LAGUNAS,2024,01,08,2.3,-999,-999
100080,LAGUNAS,2024,01,09,0.0,-999,-999
100080,LAGUNAS,2024,01,10,0.0,-999,-999
100080,LAGUNAS,2024,01,11,0.0,-999,-999
100080,LAGUNAS,2024,01,12,0.0,-999,-999
100080,LAGUNAS,2024,01,13,0.0,-999,-999
100080,LAGUNAS,2024,01,14,0.0,-999,-999
100080,LAGUNAS,2024,01,15,51.1,-999,-999
100080,LAGUNAS,2024,01,16,0.0,-999,-999
100080,LAGUNAS,2024,01,17,7.7,-999,-999
100080,LAGUNAS,2024,01,18,10.4,-999,-999
100080,LAGUNAS,2024,01,19,0.0,-999,-999
100080,LAGUNAS,2024,01,20,17.9,-999,-999
100080,LAGUNAS,2024,01,21,0.0,-999,-999
100080,LAGUNAS,2024,01,22,7.4,-999,-999
100080,LAGUNAS,2024,01,23,0.0,-999,-999
100080,LAGUNAS,2024,01,24,6.3,-999,-999
100080,LAGUNAS,2024,01,25,0.0,-999,-999
100080,LAGUNAS,2024,01,26,0.0,-999,-999
100080,LAGUNAS,2024,01,27,0.0,-999,-999
100080,LAGUNAS,2024,01,28,0.0,-999,-999
100080,LAGUNAS,2024,01,29,2.1,-999,-999
100080,LAGUNAS,2024,01,30,12.3,-999,-999
100080,LAGUNAS,2024,01,31,21.3,-999,-999
100080,LAGUNAS,2024,02,01,1.3,-999,-999
100080,LAGUNAS,2024,02,02,35.4,-999,-999
100080,LAGUNAS,2024,02,03,42.3,-999,-999
100080,LAGUNAS,2024,02,04,0.0,-999,-999
100080,LAGUNAS,2024,02,05,10.4,-999,-999
100080,LAGUNAS,2024,02,06,6.3,-999,-999
100080,LAGUNAS,2024,02,07,0.0,-999,-999
100080,LAGUNAS,2024,02,08,0.0,-999,-999
100080,LAGUNAS,2024,02,09,0.0,-999,-999
100080,LAGUNAS,2024,02,10,0.0,-999,-999
100080,LAGUNAS,2024,02,11,0.0,-999,-999
100080,LAGUNAS,2024,02,12,22.6,-999,-999
100080,LAGUNAS,2024,02,13,0.0,-999,-999
100080,LAGUNAS,2024,02,14,38.2,-999,-999
100080,LAGUNAS,2024,02,15,1.3,-999,-999
100080,LAGUNAS,2024,02,16,5.3,-999,-999
100080,LAGUNAS,2024,02,17,1.4,-999,-999
100080,LAGUNAS,2024,02,18,0.0,-999,-999
100080,LAGUNAS,2024,02,19,0.0,-999,-999
100080,LAGUNAS,2024,02,20,0.0,-999,-999
100080,LAGUNAS,2024,02,21,0.0,-999,-999
100080,LAGUNAS,2024,02,22,6.4,-999,-999
100080,LAGUNAS,2024,02,23,0.0,-999,-999
100080,LAGUNAS,2024,02,24,12.8,-999,-999
100080,LAGUNAS,2024,02,25,0.0,-999,-999
100080,LAGUNAS,2024,02,26,1.3,-999,-999
100080,LAGUNAS,2024,02,27,2.1,-999,-999
100080,LAGUNAS,2024,02,28,0.0,-999,-999
100080,LAGUNAS,2024,02,29,22.4,-999,-999
100080,LAGUNAS,2024,03,01,28.6,-999,-999
100080,LAGUNAS,2024,03,02,4.6,-999,-999
100080,LAGUNAS,2024,03,03,0.0,-999,-999
100080,LAGUNAS,2024,03,04,3.2,-999,-999
100080,LAGUNAS,2024,03,05,0.0,-999,-999
100080,LAGUNAS,2024,03,06,22.2,-999,-999
100080,LAGUNAS,2024,03,07,0.0,-999,-999
100080,LAGUNAS,2024,03,08,1.2,-999,-999
100080,LAGUNAS,2024,03,09,0.0,-999,-999
100080,LAGUNAS,2024,03,10,27.6,-999,-999
100080,LAGUNAS,2024,03,11,0.0,-999,-999
100080,LAGUNAS,2024,03,12,0.0,-999,-999
100080,LAGUNAS,2024,03,13,0.0,-999,-999
100080,LAGUNAS,2024,03,14,45.3,-999,-999
100080,LAGUNAS,2024,03,15,0.0,-999,-999
100080,LAGUNAS,2024,03,16,0.0,-999,-999
100080,LAGUNAS,2024,03,17,51.9,-999,-999
100080,LAGUNAS,2024,03,18,10.4,-999,-999
100080,LAGUNAS,2024,03,19,0.0,-999,-999
100080,LAGUNAS,2024,03,20,0.0,-999,-999
100080,LAGUNAS,2024,03,21,0.0,-999,-999
100080,LAGUNAS,2024,03,22,0.0,-999,-999
100080,LAGUNAS,2024,03,23,2.2,-999,-999
100080,LAGUNAS,2024,03,24,0.0,-999,-999
100080,LAGUNAS,2024,03,25,42.3,-999,-999
100080,LAGUNAS,2024,03,26,0.0,-999,-999
100080,LAGUNAS,2024,03,27,0.0,-999,-999
100080,LAGUNAS,2024,03,28,0.0,-999,-999
100080,LAGUNAS,2024,03,29,14.4,-999,-999
100080,LAGUNAS,2024,03,30,0.0,-999,-999
100080,LAGUNAS,2024,03,31,7.4,-999,-999
100080,LAGUNAS,2024,04,01,0.0,-999,-999
100080,LAGUNAS,2024,04,02,17.9,-999,-999
100080,LAGUNAS,2024,04,03,0.0,-999,-999
100080,LAGUNAS,2024,04,04,6.4,-999,-999
100080,LAGUNAS,2024,04,05,7.3,-999,-999
100080,LAGUNAS,2024,04,06,0.8,-999,-999
100080,LAGUNAS,2024,04,07,0.0,-999,-999
100080,LAGUNAS,2024,04,08,20.8,-999,-999
100080,LAGUNAS,2024,04,09,0.0,-999,-999
100080,LAGUNAS,2024,04,10,0.0,-999,-999
100080,LAGUNAS,2024,04,11,0.0,-999,-999
100080,LAGUNAS,2024,04,12,0.0,-999,-999
100080,LAGUNAS,2024,04,13,0.0,-999,-999
100080,LAGUNAS,2024,04,14,0.0,-999,-999
100080,LAGUNAS,2024,04,15,0.0,-999,-999
100080,LAGUNAS,2024,04,16,0.0,-999,-999
100080,LAGUNAS,2024,04,17,0.0,-999,-999
100080,LAGUNAS,2024,04,18,10.8,-999,-999
100080,LAGUNAS,2024,04,19,0.0,-999,-999
100080,LAGUNAS,2024,04,20,5.4,-999,-999
100080,LAGUNAS,2024,04,21,0.0,-999,-999
100080,LAGUNAS,2024,04,22,3.5,-999,-999
100080,LAGUNAS,2024,04,23,1.2,-999,-999
100080,LAGUNAS,2024,04,24,0.0,-999,-999
100080,LAGUNAS,2024,04,25,0.0,-999,-999
100080,LAGUNAS,2024,04,26,0.0,-999,-999
100080,LAGUNAS,2024,04,27,37.4,-999,-999
100080,LAGUNAS,2024,04,28,0.0,-999,-999
100080,LAGUNAS,2024,04,29,12.4,-999,-999
100080,LAGUNAS,2024,04,30,4.4,-999,-999
100080,LAGUNAS,2024,05,01,0.0,-999,-999
100080,LAGUNAS,2024,05,02,0.0,-999,-999
100080,LAGUNAS,2024,05,03,15.3,-999,-999
100080,LAGUNAS,2024,05,04,0.0,-999,-999
100080,LAGUNAS,2024,05,05,0.0,-999,-999
100080,LAGUNAS,2024,05,06,0.0,-999,-999
100080,LAGUNAS,2024,05,07,0.0,-999,-999
100080,LAGUNAS,2024,05,08,0.0,-999,-999
100080,LAGUNAS,2024,05,09,0.0,-999,-999
100080,LAGUNAS,2024,05,10,0.0,-999,-999
100080,LAGUNAS,2024,05,11,0.0,-999,-999
100080,LAGUNAS,2024,05,12,0.0,-999,-999
100080,LAGUNAS,2024,05,13,12.7,-999,-999
100080,LAGUNAS,2024,05,14,0.0,-999,-999
100080,LAGUNAS,2024,05,15,12.3,-999,-999
100080,LAGUNAS,2024,05,16,0.0,-999,-999
100080,LAGUNAS,2024,05,17,0.0,-999,-999
100080,LAGUNAS,2024,05,18,13.4,-999,-999
100080,LAGUNAS,2024,05,19,10.2,-999,-999
100080,LAGUNAS,2024,05,20,28.6,-999,-999
100080,LAGUNAS,2024,05,21,0.0,-999,-999
100080,LAGUNAS,2024,05,22,0.0,-999,-999
100080,LAGUNAS,2024,05,23,0.0,-999,-999
100080,LAGUNAS,2024,05,24,0.0,-999,-999
100080,LAGUNAS,2024,05,25,0.0,-999,-999
100080,LAGUNAS,2024,05,26,27.4,-999,-999
100080,LAGUNAS,2024,05,27,0.0,-999,-999
100080,LAGUNAS,2024,05,28,0.0,-999,-999
100080,LAGUNAS,2024,05,29,0.0,-999,-999
100080,LAGUNAS,2024,05,30,0.0,-999,-999
100080,LAGUNAS,2024,05,31,0.0,-999,-999
100080,LAGUNAS,2024,06,01,0.0,-999,-999
100080,LAGUNAS,2024,06,02,0.0,-999,-999
100080,LAGUNAS,2024,06,03,0.0,-999,-999
100080,LAGUNAS,2024,06,04,1.2,-999,-999
100080,LAGUNAS,2024,06,05,31.5,-999,-999
100080,LAGUNAS,2024,06,06,0.0,-999,-999
100080,LAGUNAS,2024,06,07,0.0,-999,-999
100080,LAGUNAS,2024,06,08,43.2,-999,-999
100080,LAGUNAS,2024,06,09,0.0,-999,-999
100080,LAGUNAS,2024,06,10,0.0,-999,-999
100080,LAGUNAS,2024,06,11,2.2,-999,-999
100080,LAGUNAS,2024,06,12,0.0,-999,-999
100080,LAGUNAS,2024,06,13,0.0,-999,-999
100080,LAGUNAS,2024,06,14,0.0,-999,-999
100080,LAGUNAS,2024,06,15,46.9,-999,-999
100080,LAGUNAS,2024,06,16,0.0,-999,-999
100080,LAGUNAS,2024,06,17,0.0,-999,-999
100080,LAGUNAS,2024,06,18,0.0,-999,-999
100080,LAGUNAS,2024,06,19,6.4,-999,-999
100080,LAGUNAS,2024,06,20,17.6,-999,-999
100080,LAGUNAS,2024,06,21,2.3,-999,-999
100080,LAGUNAS,2024,06,22,0.0,-999,-999
100080,LAGUNAS,2024,06,23,0.0,-999,-999
100080,LAGUNAS,2024,06,24,0.0,-999,-999
100080,LAGUNAS,2024,06,25,37.4,-999,-999
100080,LAGUNAS,2024,06,26,0.0,-999,-999
100080,LAGUNAS,2024,06,27,0.0,-999,-999
100080,LAGUNAS,2024,06,28,0.0,-999,-999
100080,LAGUNAS,2024,06,29,5.2,-999,-999
100080,LAGUNAS,2024,06,30,1.1,-999,-999
100080,LAGUNAS,2024,07,01,1.2,-999,-999
100080,LAGUNAS,2024,07,02,0.0,-999,-999
100080,LAGUNAS,2024,07,03,0.0,-999,-999
100080,LAGUNAS,2024,07,04,0.0,-999,-999
100080,LAGUNAS,2024,07,05,0.0,-999,-999
100080,LAGUNAS,2024,07,06,2.4,-999,-999
100080,LAGUNAS,2024,07,07,1.1,-999,-999
100080,LAGUNAS,2024,07,08,0.0,-999,-999
100080,LAGUNAS,2024,07,09,0.0,-999,-999
100080,LAGUNAS,2024,07,10,0.0,-999,-999
100080,LAGUNAS,2024,07,11,0.0,-999,-999
100080,LAGUNAS,2024,07,12,14.5,-999,-999
100080,LAGUNAS,2024,07,13,0.0,-999,-999
100080,LAGUNAS,2024,07,14,0.0,-999,-999
100080,LAGUNAS,2024,07,15,0.0,-999,-999
100080,LAGUNAS,2024,07,16,0.0,-999,-999
100080,LAGUNAS,2024,07,17,0.0,-999,-999
100080,LAGUNAS,2024,07,18,0.0,-999,-999
100080,LAGUNAS,2024,07,19,0.0,-999,-999
100080,LAGUNAS,2024,07,20,0.0,-999,-999
100080,LAGUNAS,2024,07,21,8.4,-999,-999
100080,LAGUNAS,2024,07,22,1.1,-999,-999
100080,LAGUNAS,2024,07,23,10.5,-999,-999
100080,LAGUNAS,2024,07,24,0.0,-999,-999
100080,LAGUNAS,2024,07,25,0.0,-999,-999
100080,LAGUNAS,2024,07,26,0.0,-999,-999
100080,LAGUNAS,2024,07,27,0.0,-999,-999
100080,LAGUNAS,2024,07,28,1.3,-999,-999
100080,LAGUNAS,2024,07,29,0.0,-999,-999
100080,LAGUNAS,2024,07,30,2.2,-999,-999
100080,LAGUNAS,2024,07,31,3.3,-999,-999
100080,LAGUNAS,2024,08,01,0.0,-999,-999
100080,LAGUNAS,2024,08,02,0.0,-999,-999
100080,LAGUNAS,2024,08,03,0.0,-999,-999
100080,LAGUNAS,2024,08,04,50.5,-999,-999
100080,LAGUNAS,2024,08,05,1.2,-999,-999
100080,LAGUNAS,2024,08,06,3.2,-999,-999
100080,LAGUNAS,2024,08,07,0.0,-999,-999
100080,LAGUNAS,2024,08,08,0.0,-999,-999
100080,LAGUNAS,2024,08,09,6.4,-999,-999
100080,LAGUNAS,2024,08,10,6.4,-999,-999
100080,LAGUNAS,2024,08,11,0.0,-999,-999
100080,LAGUNAS,2024,08,12,0.0,-999,-999
100080,LAGUNAS,2024,08,13,0.0,-999,-999
100080,LAGUNAS,2024,08,14,0.0,-999,-999
100080,LAGUNAS,2024,08,15,0.0,-999,-999
100080,LAGUNAS,2024,08,16,0.0,-999,-999
100080,LAGUNAS,2024,08,17,0.0,-999,-999
100080,LAGUNAS,2024,08,18,0.0,-999,-999
100080,LAGUNAS,2024,08,19,0.0,-999,-999
100080,LAGUNAS,2024,08,20,0.0,-999,-999
100080,LAGUNAS,2024,08,21,0.0,-999,-999
100080,LAGUNAS,2024,08,22,0.0,-999,-999
100080,LAGUNAS,2024,08,23,0.0,-999,-999
100080,LAGUNAS,2024,08,24,0.0,-999,-999
100080,LAGUNAS,2024,08,25,56.3,-999,-999
100080,LAGUNAS,2024,08,26,3.2,-999,-999
100080,LAGUNAS,2024,08,27,0.0,-999,-999
100080,LAGUNAS,2024,08,28,0.0,-999,-999
100080,LAGUNAS,2024,08,29,0.0,-999,-999
100080,LAGUNAS,2024,08,30,0.0,-999,-999
100080,LAGUNAS,2024,08,31,0.0,-999,-999
100080,LAGUNAS,2024,09,01,0.0,-999,-999
100080,LAGUNAS,2024,09,02,0.0,-999,-999
100080,LAGUNAS,2024,09,03,0.0,-999,-999
100080,LAGUNAS,2024,09,04,0.0,-999,-999
100080,LAGUNAS,2024,09,05,23.2,-999,-999
100080,LAGUNAS,2024,09,06,0.0,-999,-999
100080,LAGUNAS,2024,09,07,0.0,-999,-999
100080,LAGUNAS,2024,09,08,0.0,-999,-999
100080,LAGUNAS,2024,09,09,0.0,-999,-999
100080,LAGUNAS,2024,09,10,0.0,-999,-999
100080,LAGUNAS,2024,09,11,0.0,-999,-999
100080,LAGUNAS,2024,09,12,0.0,-999,-999
100080,LAGUNAS,2024,09,13,0.0,-999,-999
100080,LAGUNAS,2024,09,14,0.0,-999,-999
100080,LAGUNAS,2024,09,15,0.0,-999,-999
100080,LAGUNAS,2024,09,16,2.5,-999,-999
100080,LAGUNAS,2024,09,17,0.0,-999,-999
100080,LAGUNAS,2024,09,18,0.0,-999,-999
100080,LAGUNAS,2024,09,19,0.0,-999,-999
100080,LAGUNAS,2024,09,20,1.1,-999,-999
100080,LAGUNAS,2024,09,21,3.5,-999,-999
100080,LAGUNAS,2024,09,22,0.0,-999,-999
100080,LAGUNAS,2024,09,23,0.0,-999,-999
100080,LAGUNAS,2024,09,24,0.0,-999,-999
100080,LAGUNAS,2024,09,25,0.0,-999,-999
100080,LAGUNAS,2024,09,26,0.0,-999,-999
100080,LAGUNAS,2024,09,27,8.6,-999,-999
100080,LAGUNAS,2024,09,28,0.0,-999,-999
100080,LAGUNAS,2024,09,29,0.0,-999,-999
100080,LAGUNAS,2024,09,30,10.6,-999,-999
100080,LAGUNAS,2024,10,01,0.0,-999,-999
100080,LAGUNAS,2024,10,02,0.0,-999,-999
100080,LAGUNAS,2024,10,03,5.2,-999,-999
100080,LAGUNAS,2024,10,04,0.0,-999,-999
100080,LAGUNAS,2024,10,05,0.0,-999,-999
100080,LAGUNAS,2024,10,06,0.0,-999,-999
100080,LAGUNAS,2024,10,07,30.2,-999,-999
100080,LAGUNAS,2024,10,08,2.5,-999,-999
100080,LAGUNAS,2024,10,09,32.2,-999,-999
100080,LAGUNAS,2024,10,10,5.3,-999,-999
100080,LAGUNAS,2024,10,11,0.0,-999,-999
100080,LAGUNAS,2024,10,12,0.0,-999,-999
100080,LAGUNAS,2024,10,13,0.0,-999,-999
100080,LAGUNAS,2024,10,14,0.0,-999,-999
100080,LAGUNAS,2024,10,15,0.0,-999,-999
100080,LAGUNAS,2024,10,16,0.0,-999,-999
100080,LAGUNAS,2024,10,17,0.0,-999,-999
100080,LAGUNAS,2024,10,18,0.0,-999,-999
100080,LAGUNAS,2024,10,19,0.0,-999,-999
100080,LAGUNAS,2024,10,20,5.5,-999,-999
100080,LAGUNAS,2024,10,21,30.6,-999,-999
100080,LAGUNAS,2024,10,22,0.0,-999,-999
100080,LAGUNAS,2024,10,23,13.2,-999,-999
100080,LAGUNAS,2024,10,24,0.0,-999,-999
100080,LAGUNAS,2024,10,25,0.0,-999,-999
100080,LAGUNAS,2024,10,26,0.0,-999,-999
100080,LAGUNAS,2024,10,27,33.0,-999,-999
100080,LAGUNAS,2024,10,28,10.8,-999,-999
100080,LAGUNAS,2024,10,29,15.5,-999,-999
100080,LAGUNAS,2024,10,30,0.0,-999,-999
100080,LAGUNAS,2024,10,31,0.0,-999,-999
100080,LAGUNAS,2024,11,01,0.0,-999,-999
100080,LAGUNAS,2024,11,02,0.0,-999,-999
100080,LAGUNAS,2024,11,03,0.0,-999,-999
100080,LAGUNAS,2024,11,04,0.0,-999,-999
100080,LAGUNAS,2024,11,05,0.0,-999,-999
100080,LAGUNAS,2024,11,06,0.0,-999,-999
100080,LAGUNAS,2024,11,07,1.2,-999,-999
100080,LAGUNAS,2024,11,08,16.8,-999,-999
100080,LAGUNAS,2024,11,09,0.0,-999,-999
100080,LAGUNAS,2024,11,10,0.0,-999,-999
100080,LAGUNAS,2024,11,11,0.0,-999,-999
100080,LAGUNAS,2024,11,12,0.0,-999,-999
100080,LAGUNAS,2024,11,13,4.6,-999,-999
100080,LAGUNAS,2024,11,14,0.8,-999,-999
100080,LAGUNAS,2024,11,15,0.0,-999,-999
100080,LAGUNAS,2024,11,16,0.0,-999,-999
100080,LAGUNAS,2024,11,17,0.8,-999,-999
100080,LAGUNAS,2024,11,18,0.0,-999,-999
100080,LAGUNAS,2024,11,19,0.0,-999,-999
100080,LAGUNAS,2024,11,20,4.2,-999,-999
100080,LAGUNAS,2024,11,21,8.4,-999,-999
100080,LAGUNAS,2024,11,22,4.4,-999,-999
100080,LAGUNAS,2024,11,23,13.2,-999,-999
100080,LAGUNAS,2024,11,24,0.0,-999,-999
100080,LAGUNAS,2024,11,25,0.0,-999,-999
100080,LAGUNAS,2024,11,26,0.0,-999,-999
100080,LAGUNAS,2024,11,27,18.6,-999,-999
100080,LAGUNAS,2024,11,28,22.5,-999,-999
100080,LAGUNAS,2024,11,29,61.5,-999,-999
100080,LAGUNAS,2024,11,30,2.4,-999,-999
100080,LAGUNAS,2024,12,01,0.0,-999,-999
100080,LAGUNAS,2024,12,02,0.0,-999,-999
100080,LAGUNAS,2024,12,03,1.2,-999,-999
100080,LAGUNAS,2024,12,04,0.0,-999,-999
100080,LAGUNAS,2024,12,05,1.4,-999,-999
100080,LAGUNAS,2024,12,06,20.3,-999,-999
100080,LAGUNAS,2024,12,07,4.1,-999,-999
100080,LAGUNAS,2024,12,08,2.2,-999,-999
100080,LAGUNAS,2024,12,09,10.5,-999,-999
100080,LAGUNAS,2024,12,10,0.3,-999,-999
100080,LAGUNAS,2024,12,11,0.0,-999,-999
100080,LAGUNAS,2024,12,12,0.0,-999,-999
100080,LAGUNAS,2024,12,13,10.5,-999,-999
100080,LAGUNAS,2024,12,14,6.4,-999,-999
100080,LAGUNAS,2024,12,15,8.2,-999,-999
100080,LAGUNAS,2024,12,16,22.3,-999,-999
100080,LAGUNAS,2024,12,17,7.0,-999,-999
100080,LAGUNAS,2024,12,18,0.0,-999,-999
100080,LAGUNAS,2024,12,19,1.2,-999,-999
100080,LAGUNAS,2024,12,20,0.0,-999,-999
100080,LAGUNAS,2024,12,21,0.0,-999,-999
100080,LAGUNAS,2024,12,22,0.0,-999,-999
100080,LAGUNAS,2024,12,23,0.0,-999,-999
100080,LAGUNAS,2024,12,24,0.0,-999,-999
100080,LAGUNAS,2024,12,25,8.8,-999,-999
100080,LAGUNAS,2024,12,26,26.4,-999,-999
100080,LAGUNAS,2024,12,27,11.8,-999,-999
100080,LAGUNAS,2024,12,28,0.0,-999,-999
100080,LAGUNAS,2024,12,29,5.4,-999,-999
100080,LAGUNAS,2024,12,30,8.4,-999,-999
100080,LAGUNAS,2024,12,31,0.0,-999,-999
100080,LAGUNAS,2025,01,01,10.4,-999,-999
100080,LAGUNAS,2025,01,02,34.9,-999,-999
100080,LAGUNAS,2025,01,03,0.0,-999,-999
100080,LAGUNAS,2025,01,04,0.0,-999,-999
100080,LAGUNAS,2025,01,05,0.0,-999,-999
100080,LAGUNAS,2025,01,06,22.2,-999,-999
100080,LAGUNAS,2025,01,07,0.0,-999,-999
100080,LAGUNAS,2025,01,08,23.5,-999,-999
100080,LAGUNAS,2025,01,09,0.0,-999,-999
100080,LAGUNAS,2025,01,10,0.0,-999,-999
100080,LAGUNAS,2025,01,11,0.0,-999,-999
100080,LAGUNAS,2025,01,12,11.2,-999,-999
100080,LAGUNAS,2025,01,13,0.0,-999,-999
100080,LAGUNAS,2025,01,14,0.0,-999,-999
100080,LAGUNAS,2025,01,15,0.0,-999,-999
100080,LAGUNAS,2025,01,16,0.0,-999,-999
100080,LAGUNAS,2025,01,17,0.0,-999,-999
100080,LAGUNAS,2025,01,18,11.2,-999,-999
100080,LAGUNAS,2025,01,19,0.0,-999,-999
100080,LAGUNAS,2025,01,20,1.2,-999,-999
100080,LAGUNAS,2025,01,21,0.0,-999,-999
100080,LAGUNAS,2025,01,22,13.5,-999,-999
100080,LAGUNAS,2025,01,23,2.4,-999,-999
100080,LAGUNAS,2025,01,24,0.0,-999,-999
100080,LAGUNAS,2025,01,25,0.0,-999,-999
100080,LAGUNAS,2025,01,26,22.6,-999,-999
100080,LAGUNAS,2025,01,27,6.4,-999,-999
100080,LAGUNAS,2025,01,28,2.4,-999,-999
100080,LAGUNAS,2025,01,29,0.0,-999,-999
100080,LAGUNAS,2025,01,30,5.4,-999,-999
100080,LAGUNAS,2025,01,31,2.4,-999,-999
100080,LAGUNAS,2025,02,01,16.6,-999,-999
100080,LAGUNAS,2025,02,02,16.6,-999,-999
100080,LAGUNAS,2025,02,03,0.0,-999,-999
100080,LAGUNAS,2025,02,04,0.8,-999,-999
100080,LAGUNAS,2025,02,05,1.4,-999,-999
100080,LAGUNAS,2025,02,06,2.5,-999,-999
100080,LAGUNAS,2025,02,07,1.2,-999,-999
100080,LAGUNAS,2025,02,08,0.0,-999,-999
100080,LAGUNAS,2025,02,09,0.0,-999,-999
100080,LAGUNAS,2025,02,10,15.7,-999,-999
100080,LAGUNAS,2025,02,11,24.2,-999,-999
100080,LAGUNAS,2025,02,12,5.0,-999,-999
100080,LAGUNAS,2025,02,13,4.6,-999,-999
100080,LAGUNAS,2025,02,14,0.0,-999,-999
100080,LAGUNAS,2025,02,15,0.0,-999,-999
100080,LAGUNAS,2025,02,16,29.4,-999,-999
100080,LAGUNAS,2025,02,17,8.2,-999,-999
100080,LAGUNAS,2025,02,18,7.2,-999,-999
100080,LAGUNAS,2025,02,19,0.0,-999,-999
100080,LAGUNAS,2025,02,20,41.0,-999,-999
100080,LAGUNAS,2025,02,21,0.0,-999,-999
100080,LAGUNAS,2025,02,22,6.9,-999,-999
100080,LAGUNAS,2025,02,23,34.0,-999,-999
100080,LAGUNAS,2025,02,24,0.9,-999,-999
100080,LAGUNAS,2025,02,25,0.0,-999,-999
100080,LAGUNAS,2025,02,26,6.5,-999,-999
100080,LAGUNAS,2025,02,27,0.0,-999,-999
100080,LAGUNAS,2025,02,28,9.5,-999,-999
100080,LAGUNAS,2025,03,01,21.0,-999,-999
100080,LAGUNAS,2025,03,02,0.0,-999,-999
100080,LAGUNAS,2025,03,03,0.0,-999,-999
100080,LAGUNAS,2025,03,04,0.0,-999,-999
100080,LAGUNAS,2025,03,05,40.7,-999,-999
100080,LAGUNAS,2025,03,06,2.4,-999,-999
100080,LAGUNAS,2025,03,07,0.0,-999,-999
100080,LAGUNAS,2025,03,08,0.7,-999,-999
100080,LAGUNAS,2025,03,09,0.0,-999,-999
100080,LAGUNAS,2025,03,10,23.4,-999,-999
100080,LAGUNAS,2025,03,11,0.0,-999,-999
100080,LAGUNAS,2025,03,12,0.0,-999,-999
100080,LAGUNAS,2025,03,13,6.1,-999,-999
100080,LAGUNAS,2025,03,14,0.0,-999,-999
100080,LAGUNAS,2025,03,15,25.3,-999,-999
100080,LAGUNAS,2025,03,16,0.0,-999,-999
100080,LAGUNAS,2025,03,17,0.0,-999,-999
100080,LAGUNAS,2025,03,18,2.4,-999,-999
100080,LAGUNAS,2025,03,19,0.0,-999,-999
100080,LAGUNAS,2025,03,20,16.7,-999,-999
100080,LAGUNAS,2025,03,21,2.5,-999,-999
100080,LAGUNAS,2025,03,22,2.8,-999,-999
100080,LAGUNAS,2025,03,23,0.0,-999,-999
100080,LAGUNAS,2025,03,24,0.0,-999,-999
100080,LAGUNAS,2025,03,25,5.2,-999,-999
100080,LAGUNAS,2025,03,26,0.0,-999,-999
100080,LAGUNAS,2025,03,27,0.0,-999,-999
100080,LAGUNAS,2025,03,28,0.0,-999,-999
100080,LAGUNAS,2025,03,29,9.0,-999,-999
100080,LAGUNAS,2025,03,30,0.0,-999,-999
100080,LAGUNAS,2025,03,31,23.9,-999,-999
100080,LAGUNAS,2025,04,01,24.4,-999,-999
100080,LAGUNAS,2025,04,02,2.4,-999,-999
100080,LAGUNAS,2025,04,03,7.9,-999,-999
100080,LAGUNAS,2025,04,04,4.6,-999,-999
100080,LAGUNAS,2025,04,05,17.4,-999,-999
100080,LAGUNAS,2025,04,06,6.2,-999,-999
100080,LAGUNAS,2025,04,07,20.4,-999,-999
100080,LAGUNAS,2025,04,08,1.4,-999,-999
100080,LAGUNAS,2025,04,09,0.0,-999,-999
100080,LAGUNAS,2025,04,10,5.8,-999,-999
100080,LAGUNAS,2025,04,11,1.2,-999,-999
100080,LAGUNAS,2025,04,12,0.0,-999,-999
100080,LAGUNAS,2025,04,13,43.8,-999,-999
100080,LAGUNAS,2025,04,14,0.0,-999,-999
100080,LAGUNAS,2025,04,15,0.0,-999,-999
100080,LAGUNAS,2025,04,16,0.0,-999,-999
100080,LAGUNAS,2025,04,17,0.3,-999,-999
100080,LAGUNAS,2025,04,18,0.0,-999,-999
100080,LAGUNAS,2025,04,19,0.2,-999,-999
100080,LAGUNAS,2025,04,20,0.0,-999,-999
100080,LAGUNAS,2025,04,21,0.0,-999,-999
100080,LAGUNAS,2025,04,22,0.0,-999,-999
100080,LAGUNAS,2025,04,23,23.4,-999,-999
100080,LAGUNAS,2025,04,24,7.4,-999,-999
100080,LAGUNAS,2025,04,25,0.0,-999,-999
100080,LAGUNAS,2025,04,26,21.3,-999,-999
100080,LAGUNAS,2025,04,27,13.2,-999,-999
100080,LAGUNAS,2025,04,28,0.0,-999,-999
100080,LAGUNAS,2025,04,29,0.0,-999,-999
100080,LAGUNAS,2025,04,30,30.5,-999,-999
100080,LAGUNAS,2025,05,01,1.4,-999,-999
100080,LAGUNAS,2025,05,02,0.0,-999,-999
100080,LAGUNAS,2025,05,03,4.2,-999,-999
100080,LAGUNAS,2025,05,04,6.6,-999,-999
100080,LAGUNAS,2025,05,05,3.2,-999,-999
100080,LAGUNAS,2025,05,06,0.0,-999,-999
100080,LAGUNAS,2025,05,07,0.0,-999,-999
100080,LAGUNAS,2025,05,08,0.0,-999,-999
100080,LAGUNAS,2025,05,09,0.0,-999,-999
100080,LAGUNAS,2025,05,10,19.0,-999,-999
100080,LAGUNAS,2025,05,11,17.4,-999,-999
100080,LAGUNAS,2025,05,12,0.0,-999,-999
100080,LAGUNAS,2025,05,13,0.0,-999,-999
100080,LAGUNAS,2025,05,14,3.5,-999,-999
100080,LAGUNAS,2025,05,15,24.7,-999,-999
100080,LAGUNAS,2025,05,16,6.6,-999,-999
100080,LAGUNAS,2025,05,17,0.0,-999,-999
100080,LAGUNAS,2025,05,18,0.0,-999,-999
100080,LAGUNAS,2025,05,19,14.3,-999,-999
100080,LAGUNAS,2025,05,20,23.2,-999,-999
100080,LAGUNAS,2025,05,21,20.6,-999,-999
100080,LAGUNAS,2025,05,22,1.4,-999,-999
100080,LAGUNAS,2025,05,23,43.2,-999,-999
100080,LAGUNAS,2025,05,24,0.0,-999,-999
100080,LAGUNAS,2025,05,25,2.3,-999,-999
100080,LAGUNAS,2025,05,26,48.6,-999,-999
100080,LAGUNAS,2025,05,27,0.0,-999,-999
100080,LAGUNAS,2025,05,28,0.5,-999,-999
100080,LAGUNAS,2025,05,29,27.0,-999,-999
100080,LAGUNAS,2025,05,30,0.0,-999,-999
100080,LAGUNAS,2025,05,31,0.0,-999,-999
100080,LAGUNAS,2025,06,01,0.0,-999,-999
100080,LAGUNAS,2025,06,02,0.0,-999,-999
100080,LAGUNAS,2025,06,03,0.0,-999,-999
100080,LAGUNAS,2025,06,04,0.5,-999,-999
100080,LAGUNAS,2025,06,05,12.9,-999,-999
100080,LAGUNAS,2025,06,06,22.8,-999,-999
100080,LAGUNAS,2025,06,07,16.5,-999,-999
100080,LAGUNAS,2025,06,08,0.0,-999,-999
100080,LAGUNAS,2025,06,09,0.0,-999,-999
100080,LAGUNAS,2025,06,10,42.0,-999,-999
100080,LAGUNAS,2025,06,11,35.6,-999,-999
100080,LAGUNAS,2025,06,12,1.1,-999,-999
100080,LAGUNAS,2025,06,13,0.0,-999,-999
100080,LAGUNAS,2025,06,14,0.0,-999,-999
100080,LAGUNAS,2025,06,15,3.9,-999,-999
100080,LAGUNAS,2025,06,16,13.5,-999,-999
100080,LAGUNAS,2025,06,17,0.0,-999,-999
100080,LAGUNAS,2025,06,18,6.3,-999,-999
100080,LAGUNAS,2025,06,19,39.1,-999,-999
100080,LAGUNAS,2025,06,20,3.5,-999,-999
100080,LAGUNAS,2025,06,21,0.0,-999,-999
100080,LAGUNAS,2025,06,22,0.0,-999,-999
100080,LAGUNAS,2025,06,23,0.0,-999,-999
100080,LAGUNAS,2025,06,24,0.0,-999,-999
100080,LAGUNAS,2025,06,25,0.0,-999,-999
100080,LAGUNAS,2025,06,26,30.9,-999,-999
100080,LAGUNAS,2025,06,27,1.5,-999,-999
100080,LAGUNAS,2025,06,28,0.0,-999,-999
100080,LAGUNAS,2025,06,29,0.0,-999,-999
100080,LAGUNAS,2025,06,30,1.2,-999,-999
100080,LAGUNAS,2025,07,01,0.7,-999,-999
100080,LAGUNAS,2025,07,02,0.0,-999,-999
100080,LAGUNAS,2025,07,03,0.0,-999,-999
100080,LAGUNAS,2025,07,04,0.0,-999,-999
100080,LAGUNAS,2025,07,05,0.0,-999,-999
100080,LAGUNAS,2025,07,06,0.0,-999,-999
100080,LAGUNAS,2025,07,07,0.0,-999,-999
100080,LAGUNAS,2025,07,08,0.0,-999,-999
100080,LAGUNAS,2025,07,09,0.0,-999,-999
100080,LAGUNAS,2025,07,10,0.0,-999,-999
100080,LAGUNAS,2025,07,11,0.0,-999,-999
100080,LAGUNAS,2025,07,12,0.0,-999,-999
100080,LAGUNAS,2025,07,13,0.0,-999,-999
100080,LAGUNAS,2025,07,14,0.0,-999,-999
100080,LAGUNAS,2025,07,15,0.0,-999,-999
100080,LAGUNAS,2025,07,16,0.0,-999,-999
100080,LAGUNAS,2025,07,17,15.4,-999,-999
100080,LAGUNAS,2025,07,18,12.8,-999,-999
100080,LAGUNAS,2025,07,19,0.0,-999,-999
100080,LAGUNAS,2025,07,20,0.0,-999,-999
100080,LAGUNAS,2025,07,21,0.0,-999,-999
100080,LAGUNAS,2025,07,22,0.0,-999,-999
100080,LAGUNAS,2025,07,23,5.2,-999,-999
100080,LAGUNAS,2025,07,24,0.0,-999,-999
100080,LAGUNAS,2025,07,25,0.0,-999,-999
100080,LAGUNAS,2025,07,26,5.3,-999,-999
100080,LAGUNAS,2025,07,27,6.8,-999,-999
100080,LAGUNAS,2025,07,28,1.2,-999,-999
100080,LAGUNAS,2025,07,29,0.0,-999,-999
100080,LAGUNAS,2025,07,30,68.2,-999,-999
100080,LAGUNAS,2025,07,31,0.0,-999,-999
100080,LAGUNAS,2025,08,01,0.0,-999,-999
100080,LAGUNAS,2025,08,02,0.0,-999,-999
100080,LAGUNAS,2025,08,03,0.0,-999,-999
100080,LAGUNAS,2025,08,04,12.7,-999,-999
100080,LAGUNAS,2025,08,05,12.5,-999,-999
100080,LAGUNAS,2025,08,06,0.0,-999,-999
100080,LAGUNAS,2025,08,07,0.0,-999,-999
100080,LAGUNAS,2025,08,08,0.0,-999,-999
100080,LAGUNAS,2025,08,09,26.2,-999,-999
100080,LAGUNAS,2025,08,10,0.0,-999,-999
100080,LAGUNAS,2025,08,11,0.0,-999,-999
100080,LAGUNAS,2025,08,12,0.0,-999,-999
100080,LAGUNAS,2025,08,13,0.0,-999,-999
100080,LAGUNAS,2025,08,14,14.2,-999,-999
100080,LAGUNAS,2025,08,15,13.5,-999,-999
100080,LAGUNAS,2025,08,16,19.2,-999,-999
100080,LAGUNAS,2025,08,17,0.0,-999,-999
100080,LAGUNAS,2025,08,18,0.0,-999,-999
100080,LAGUNAS,2025,08,19,0.0,-999,-999
100080,LAGUNAS,2025,08,20,0.0,-999,-999
100080,LAGUNAS,2025,08,21,0.0,-999,-999
100080,LAGUNAS,2025,08,22,0.0,-999,-999
100080,LAGUNAS,2025,08,23,0.0,-999,-999
100080,LAGUNAS,2025,08,24,0.0,-999,-999
100080,LAGUNAS,2025,08,25,3.1,-999,-999
100080,LAGUNAS,2025,08,26,0.0,-999,-999
100080,LAGUNAS,2025,08,27,0.0,-999,-999
100080,LAGUNAS,2025,08,28,0.0,-999,-999
100080,LAGUNAS,2025,08,29,0.0,-999,-999
100080,LAGUNAS,2025,08,30,0.0,-999,-999
100080,LAGUNAS,2025,08,31,0.0,-999,-999
100080,LAGUNAS,2025,09,01,48.2,-999,-999
100080,LAGUNAS,2025,09,02,0.0,-999,-999
100080,LAGUNAS,2025,09,03,0.0,-999,-999
100080,LAGUNAS,2025,09,04,0.0,-999,-999
100080,LAGUNAS,2025,09,05,14.5,-999,-999
100080,LAGUNAS,2025,09,06,21.5,-999,-999
100080,LAGUNAS,2025,09,07,12.4,-999,-999
100080,LAGUNAS,2025,09,08,0.0,-999,-999
100080,LAGUNAS,2025,09,09,10.4,-999,-999
100080,LAGUNAS,2025,09,10,38.5,-999,-999
100080,LAGUNAS,2025,09,11,0.0,-999,-999
100080,LAGUNAS,2025,09,12,19.0,-999,-999
100080,LAGUNAS,2025,09,13,0.0,-999,-999
100080,LAGUNAS,2025,09,14,0.0,-999,-999
100080,LAGUNAS,2025,09,15,6.8,-999,-999
100080,LAGUNAS,2025,09,16,26.2,-999,-999
100080,LAGUNAS,2025,09,17,0.0,-999,-999
100080,LAGUNAS,2025,09,18,2.4,-999,-999
100080,LAGUNAS,2025,09,19,1.2,-999,-999
100080,LAGUNAS,2025,09,20,0.0,-999,-999
100080,LAGUNAS,2025,09,21,0.0,-999,-999
100080,LAGUNAS,2025,09,22,0.0,-999,-999
100080,LAGUNAS,2025,09,23,0.0,-999,-999
100080,LAGUNAS,2025,09,24,7.4,-999,-999
100080,LAGUNAS,2025,09,25,12.8,-999,-999
100080,LAGUNAS,2025,09,26,0.0,-999,-999
100080,LAGUNAS,2025,09,27,2.8,-999,-999
100080,LAGUNAS,2025,09,28,0.0,-999,-999
100080,LAGUNAS,2025,09,29,5.2,-999,-999
100080,LAGUNAS,2025,09,30,0.0,-999,-999
100080,LAGUNAS,2025,10,01,0.0,-999,-999
100080,LAGUNAS,2025,10,02,23.2,-999,-999
100080,LAGUNAS,2025,10,03,2.6,-999,-999
100080,LAGUNAS,2025,10,04,0.0,-999,-999
100080,LAGUNAS,2025,10,05,0.0,-999,-999
100080,LAGUNAS,2025,10,06,54.9,-999,-999
100080,LAGUNAS,2025,10,07,0.0,-999,-999
100080,LAGUNAS,2025,10,08,5.0,-999,-999
100080,LAGUNAS,2025,10,09,7.1,-999,-999
100080,LAGUNAS,2025,10,10,0.0,-999,-999
100080,LAGUNAS,2025,10,11,0.0,-999,-999
100080,LAGUNAS,2025,10,12,21.4,-999,-999
100080,LAGUNAS,2025,10,13,6.5,-999,-999
100080,LAGUNAS,2025,10,14,3.3,-999,-999
100080,LAGUNAS,2025,10,15,0.0,-999,-999
100080,LAGUNAS,2025,10,16,1.1,-999,-999
100080,LAGUNAS,2025,10,17,2.8,-999,-999
100080,LAGUNAS,2025,10,18,0.0,-999,-999
100080,LAGUNAS,2025,10,19,0.0,-999,-999
100080,LAGUNAS,2025,10,20,0.0,-999,-999
100080,LAGUNAS,2025,10,21,0.0,-999,-999
100080,LAGUNAS,2025,10,22,5.9,-999,-999
100080,LAGUNAS,2025,10,23,46.3,-999,-999
100080,LAGUNAS,2025,10,24,0.0,-999,-999
100080,LAGUNAS,2025,10,25,0.0,-999,-999
100080,LAGUNAS,2025,10,26,10.5,-999,-999
100080,LAGUNAS,2025,10,27,0.0,-999,-999
100080,LAGUNAS,2025,10,28,10.2,-999,-999
100080,LAGUNAS,2025,10,29,22.1,-999,-999
100080,LAGUNAS,2025,10,30,0.0,-999,-999
100080,LAGUNAS,2025,10,31,0.0,-999,-999
100080,LAGUNAS,2025,11,01,0.0,-999,-999
100080,LAGUNAS,2025,11,02,6.4,-999,-999
100080,LAGUNAS,2025,11,03,3.4,-999,-999
100080,LAGUNAS,2025,11,04,18.9,-999,-999
100080,LAGUNAS,2025,11,05,0.9,-999,-999
100080,LAGUNAS,2025,11,06,0.0,-999,-999
100080,LAGUNAS,2025,11,07,0.0,-999,-999
100080,LAGUNAS,2025,11,08,0.0,-999,-999
100080,LAGUNAS,2025,11,09,2.4,-999,-999
100080,LAGUNAS,2025,11,10,10.0,-999,-999
100080,LAGUNAS,2025,11,11,0.0,-999,-999
100080,LAGUNAS,2025,11,12,2.4,-999,-999
100080,LAGUNAS,2025,11,13,52.2,-999,-999
100080,LAGUNAS,2025,11,14,24.2,-999,-999
100080,LAGUNAS,2025,11,15,29.8,-999,-999
100080,LAGUNAS,2025,11,16,0.0,-999,-999
100080,LAGUNAS,2025,11,17,0.0,-999,-999
100080,LAGUNAS,2025,11,18,2.9,-999,-999
100080,LAGUNAS,2025,11,19,2.8,-999,-999
100080,LAGUNAS,2025,11,20,15.9,-999,-999
100080,LAGUNAS,2025,11,21,16.2,-999,-999
100080,LAGUNAS,2025,11,22,4.1,-999,-999
100080,LAGUNAS,2025,11,23,6.8,-999,-999
100080,LAGUNAS,2025,11,24,35.6,-999,-999
100080,LAGUNAS,2025,11,25,0.0,-999,-999
100080,LAGUNAS,2025,11,26,22.0,-999,-999
100080,LAGUNAS,2025,11,27,20.8,-999,-999
100080,LAGUNAS,2025,11,28,0.0,-999,-999
100080,LAGUNAS,2025,11,29,0.0,-999,-999
100080,LAGUNAS,2025,11,30,1.2,-999,-999
100080,LAGUNAS,2025,12,01,0.0,-999,-999
100080,LAGUNAS,2025,12,02,88.6,-999,-999
100080,LAGUNAS,2025,12,03,12.4,-999,-999
100080,LAGUNAS,2025,12,04,1.2,-999,-999
100080,LAGUNAS,2025,12,05,0.0,-999,-999
100080,LAGUNAS,2025,12,06,0.0,-999,-999
100080,LAGUNAS,2025,12,07,0.0,-999,-999
100080,LAGUNAS,2025,12,08,1.3,-999,-999
100080,LAGUNAS,2025,12,09,0.0,-999,-999
100080,LAGUNAS,2025,12,10,8.8,-999,-999
100080,LAGUNAS,2025,12,11,7.8,-999,-999
100080,LAGUNAS,2025,12,12,0.0,-999,-999
100080,LAGUNAS,2025,12,13,0.0,-999,-999
100080,LAGUNAS,2025,12,14,31.2,-999,-999
100080,LAGUNAS,2025,12,15,0.0,-999,-999
100080,LAGUNAS,2025,12,16,5.4,-999,-999
100080,LAGUNAS,2025,12,17,22.5,-999,-999
100080,LAGUNAS,2025,12,18,1.4,-999,-999
100080,LAGUNAS,2025,12,19,14.3,-999,-999
100080,LAGUNAS,2025,12,20,0.0,-999,-999
100080,LAGUNAS,2025,12,21,0.0,-999,-999
100080,LAGUNAS,2025,12,22,0.0,-999,-999
100080,LAGUNAS,2025,12,23,0.0,-999,-999
100080,LAGUNAS,2025,12,24,0.0,-999,-999
100080,LAGUNAS,2025,12,25,0.0,-999,-999
100080,LAGUNAS,2025,12,26,0.0,-999,-999
100080,LAGUNAS,2025,12,27,15.4,-999,-999
100080,LAGUNAS,2025,12,28,1.1,-999,-999
100080,LAGUNAS,2025,12,29,0.0,-999,-999
100080,LAGUNAS,2025,12,30,17.6,-999,-999
100080,LAGUNAS,2025,12,31,16.2,-999,-999
