CODIGO,ESTACION,YEAR,MONTH,DAY,PP,TMAX,TMIN
104061,BORJA,1965,01,01,0.0,29.8,-999
104061,BORJA,1965,01,02,6.0,26.4,-999
104061,BORJA,1965,01,03,33.0,27.8,-999
104061,BORJA,1965,01,04,-888,26.4,-999
104061,BORJA,1965,01,05,0.0,29.6,-999
104061,BORJA,1965,01,06,6.0,29.2,-999
104061,BORJA,1965,01,07,0.0,32.8,-999
104061,BORJA,1965,01,08,16.0,34.4,-999
104061,BORJA,1965,01,09,52.0,31.1,-999
104061,BORJA,1965,01,10,0.0,27.8,-999
104061,BORJA,1965,01,11,0.0,32.2,-999
104061,BORJA,1965,01,12,4.0,31.0,-999
104061,BORJA,1965,01,13,9.0,-999,-999
104061,BORJA,1965,01,14,0.0,-999,-999
104061,BORJA,1965,01,15,0.0,28.4,-999
104061,BORJA,1965,01,16,45.0,29.8,-999
104061,BORJA,1965,01,17,8.0,27.6,-999
104061,BORJA,1965,01,18,5.0,27.2,-999
104061,BORJA,1965,01,19,0.0,30.0,-999
104061,BORJA,1965,01,20,-888,31.8,-999
104061,BORJA,1965,01,21,21.0,29.4,-999
104061,BORJA,1965,01,22,3.0,29.8,-999
104061,BORJA,1965,01,23,0.0,32.2,-999
104061,BORJA,1965,01,24,0.0,33.0,-999
104061,BORJA,1965,01,25,3.0,28.6,-999
104061,BORJA,1965,01,26,0.0,29.0,-999
104061,BORJA,1965,01,27,0.0,31.4,-999
104061,BORJA,1965,01,28,0.0,32.4,-999
104061,BORJA,1965,01,29,0.0,33.2,-999
104061,BORJA,1965,01,30,0.0,28.2,-999
104061,BORJA,1965,01,31,0.0,32.8,-999
104061,BORJA,1965,02,01,12.0,-999,-999
104061,BORJA,1965,02,02,0.0,-999,-999
104061,BORJA,1965,02,03,0.0,31.4,-999
104061,BORJA,1965,02,04,18.0,28.4,-999
104061,BORJA,1965,02,05,14.0,30.8,-999
104061,BORJA,1965,02,06,0.0,33.8,-999
104061,BORJA,1965,02,07,0.0,31.8,-999
104061,BORJA,1965,02,08,0.0,33.6,-999
104061,BORJA,1965,02,09,0.0,33.8,-999
104061,BORJA,1965,02,10,0.0,32.0,-999
104061,BORJA,1965,02,11,10.0,29.8,-999
104061,BORJA,1965,02,12,24.0,28.2,-999
104061,BORJA,1965,02,13,10.0,27.8,-999
104061,BORJA,1965,02,14,35.0,23.6,-999
104061,BORJA,1965,02,15,27.0,27.2,-999
104061,BORJA,1965,02,16,0.0,31.0,-999
104061,BORJA,1965,02,17,0.0,33.0,-999
104061,BORJA,1965,02,18,50.0,30.2,-999
104061,BORJA,1965,02,19,9.0,30.4,-999
104061,BORJA,1965,02,20,40.0,28.0,-999
104061,BORJA,1965,02,21,14.0,29.8,-999
104061,BORJA,1965,02,22,0.0,29.0,-999
104061,BORJA,1965,02,23,60.0,26.0,-999
104061,BORJA,1965,02,24,0.0,29.4,-999
104061,BORJA,1965,02,25,0.0,34.0,-999
104061,BORJA,1965,02,26,0.0,34.8,-999
104061,BORJA,1965,02,27,18.0,34.6,-999
104061,BORJA,1965,02,28,13.0,32.9,-999
104061,BORJA,1965,03,01,-888,31.2,-999
104061,BORJA,1965,03,02,29.0,26.6,-999
104061,BORJA,1965,03,03,-888,26.4,-999
104061,BORJA,1965,03,04,-888,27.8,-999
104061,BORJA,1965,03,05,18.0,29.6,-999
104061,BORJA,1965,03,06,4.0,28.4,-999
104061,BORJA,1965,03,07,44.0,27.4,-999
104061,BORJA,1965,03,08,0.0,30.6,-999
104061,BORJA,1965,03,09,3.0,30.6,-999
104061,BORJA,1965,03,10,41.0,28.6,-999
104061,BORJA,1965,03,11,0.0,29.8,-999
104061,BORJA,1965,03,12,0.0,32.0,-999
104061,BORJA,1965,03,13,0.0,28.8,-999
104061,BORJA,1965,03,14,0.0,28.8,-999
104061,BORJA,1965,03,15,23.0,26.8,-999
104061,BORJA,1965,03,16,0.0,29.6,-999
104061,BORJA,1965,03,17,6.0,28.8,-999
104061,BORJA,1965,03,18,0.0,29.6,-999
104061,BORJA,1965,03,19,0.0,30.2,-999
104061,BORJA,1965,03,20,25.0,27.0,-999
104061,BORJA,1965,03,21,0.0,28.8,-999
104061,BORJA,1965,03,22,0.0,30.6,-999
104061,BORJA,1965,03,23,-888,27.8,-999
104061,BORJA,1965,03,24,0.0,28.0,-999
104061,BORJA,1965,03,25,24.0,27.6,-999
104061,BORJA,1965,03,26,6.0,28.2,-999
104061,BORJA,1965,03,27,60.0,-999,-999
104061,BORJA,1965,03,28,120.0,-999,-999
104061,BORJA,1965,03,29,0.0,30.2,-999
104061,BORJA,1965,03,30,0.0,28.8,-999
104061,BORJA,1965,03,31,0.0,29.6,-999
104061,BORJA,1965,04,01,15.0,-999,-999
104061,BORJA,1965,04,02,10.0,-999,-999
104061,BORJA,1965,04,03,0.0,-999,-999
104061,BORJA,1965,04,04,0.0,-999,-999
104061,BORJA,1965,04,05,36.0,-999,-999
104061,BORJA,1965,04,06,0.0,-999,-999
104061,BORJA,1965,04,07,20.0,-999,-999
104061,BORJA,1965,04,08,19.0,-999,-999
104061,BORJA,1965,04,09,0.0,-999,-999
104061,BORJA,1965,04,10,10.0,-999,-999
104061,BORJA,1965,04,11,11.0,-999,-999
104061,BORJA,1965,04,12,2.0,-999,-999
104061,BORJA,1965,04,13,0.0,-999,-999
104061,BORJA,1965,04,14,0.0,-999,-999
104061,BORJA,1965,04,15,40.0,-999,-999
104061,BORJA,1965,04,16,30.4,-999,-999
104061,BORJA,1965,04,17,0.0,-999,-999
104061,BORJA,1965,04,18,8.0,-999,-999
104061,BORJA,1965,04,19,10.0,-999,-999
104061,BORJA,1965,04,20,4.0,-999,-999
104061,BORJA,1965,04,21,0.0,-999,-999
104061,BORJA,1965,04,22,5.0,-999,-999
104061,BORJA,1965,04,23,0.0,-999,-999
104061,BORJA,1965,04,24,0.0,-999,-999
104061,BORJA,1965,04,25,35.0,-999,-999
104061,BORJA,1965,04,26,0.0,-999,-999
104061,BORJA,1965,04,27,0.0,-999,-999
104061,BORJA,1965,04,28,38.0,-999,-999
104061,BORJA,1965,04,29,35.0,-999,-999
104061,BORJA,1965,04,30,0.0,-999,-999
104061,BORJA,1965,05,01,0.0,-999,-999
104061,BORJA,1965,05,02,2.0,-999,-999
104061,BORJA,1965,05,03,8.0,-999,-999
104061,BORJA,1965,05,04,2.0,-999,-999
104061,BORJA,1965,05,05,3.0,-999,-999
104061,BORJA,1965,05,06,0.0,-999,-999
104061,BORJA,1965,05,07,28.0,-999,-999
104061,BORJA,1965,05,08,2.0,-999,-999
104061,BORJA,1965,05,09,0.0,-999,-999
104061,BORJA,1965,05,10,25.0,-999,-999
104061,BORJA,1965,05,11,9.0,-999,-999
104061,BORJA,1965,05,12,0.1,-999,-999
104061,BORJA,1965,05,13,0.0,-999,-999
104061,BORJA,1965,05,14,5.0,-999,-999
104061,BORJA,1965,05,15,35.0,-999,-999
104061,BORJA,1965,05,16,5.5,-999,-999
104061,BORJA,1965,05,17,0.0,-999,-999
104061,BORJA,1965,05,18,0.0,-999,-999
104061,BORJA,1965,05,19,4.0,-999,-999
104061,BORJA,1965,05,20,38.0,-999,-999
104061,BORJA,1965,05,21,61.0,-999,-999
104061,BORJA,1965,05,22,27.0,-999,-999
104061,BORJA,1965,05,23,2.0,-999,-999
104061,BORJA,1965,05,24,2.0,-999,-999
104061,BORJA,1965,05,25,0.0,-999,-999
104061,BORJA,1965,05,26,0.0,-999,-999
104061,BORJA,1965,05,27,6.0,-999,-999
104061,BORJA,1965,05,28,91.0,-999,-999
104061,BORJA,1965,05,29,0.0,-999,-999
104061,BORJA,1965,05,30,26.0,-999,-999
104061,BORJA,1965,05,31,5.0,-999,-999
104061,BORJA,1965,06,01,4.0,-999,-999
104061,BORJA,1965,06,02,0.0,-999,-999
104061,BORJA,1965,06,03,0.1,-999,-999
104061,BORJA,1965,06,04,15.0,-999,-999
104061,BORJA,1965,06,05,29.0,-999,-999
104061,BORJA,1965,06,06,3.0,-999,-999
104061,BORJA,1965,06,07,5.0,-999,-999
104061,BORJA,1965,06,08,0.0,-999,-999
104061,BORJA,1965,06,09,0.0,-999,-999
104061,BORJA,1965,06,10,0.0,-999,-999
104061,BORJA,1965,06,11,0.0,-999,-999
104061,BORJA,1965,06,12,17.0,-999,-999
104061,BORJA,1965,06,13,28.0,-999,-999
104061,BORJA,1965,06,14,4.0,-999,-999
104061,BORJA,1965,06,15,0.0,-999,-999
104061,BORJA,1965,06,16,2.0,-999,-999
104061,BORJA,1965,06,17,19.0,-999,-999
104061,BORJA,1965,06,18,4.0,-999,-999
104061,BORJA,1965,06,19,15.0,-999,-999
104061,BORJA,1965,06,20,0.0,-999,-999
104061,BORJA,1965,06,21,0.0,-999,-999
104061,BORJA,1965,06,22,0.0,-999,-999
104061,BORJA,1965,06,23,0.0,-999,-999
104061,BORJA,1965,06,24,5.0,-999,-999
104061,BORJA,1965,06,25,2.0,-999,-999
104061,BORJA,1965,06,26,4.0,-999,-999
104061,BORJA,1965,06,27,3.0,-999,-999
104061,BORJA,1965,06,28,0.0,-999,-999
104061,BORJA,1965,06,29,0.0,-999,-999
104061,BORJA,1965,06,30,0.0,-999,-999
104061,BORJA,1965,07,01,0.0,-999,-999
104061,BORJA,1965,07,02,14.0,-999,-999
104061,BORJA,1965,07,03,14.0,-999,-999
104061,BORJA,1965,07,04,15.0,-999,-999
104061,BORJA,1965,07,05,0.0,-999,-999
104061,BORJA,1965,07,06,0.0,-999,-999
104061,BORJA,1965,07,07,0.0,-999,-999
104061,BORJA,1965,07,08,0.0,-999,-999
104061,BORJA,1965,07,09,0.0,-999,-999
104061,BORJA,1965,07,10,6.0,-999,-999
104061,BORJA,1965,07,11,45.0,-999,-999
104061,BORJA,1965,07,12,0.0,-999,-999
104061,BORJA,1965,07,13,0.0,-999,-999
104061,BORJA,1965,07,14,0.0,-999,-999
104061,BORJA,1965,07,15,12.0,-999,-999
104061,BORJA,1965,07,16,5.0,-999,-999
104061,BORJA,1965,07,17,6.0,-999,-999
104061,BORJA,1965,07,18,0.0,-999,-999
104061,BORJA,1965,07,19,3.0,-999,-999
104061,BORJA,1965,07,20,6.0,-999,-999
104061,BORJA,1965,07,21,18.0,-999,-999
104061,BORJA,1965,07,22,13.0,-999,-999
104061,BORJA,1965,07,23,0.0,-999,-999
104061,BORJA,1965,07,24,15.0,-999,-999
104061,BORJA,1965,07,25,12.0,-999,-999
104061,BORJA,1965,07,26,0.0,-999,-999
104061,BORJA,1965,07,27,0.0,-999,-999
104061,BORJA,1965,07,28,0.0,-999,-999
104061,BORJA,1965,07,29,6.0,-999,-999
104061,BORJA,1965,07,30,0.0,-999,-999
104061,BORJA,1965,07,31,0.0,-999,-999
104061,BORJA,1965,08,01,0.0,-999,-999
104061,BORJA,1965,08,02,0.0,-999,-999
104061,BORJA,1965,08,03,0.0,-999,-999
104061,BORJA,1965,08,04,0.0,-999,-999
104061,BORJA,1965,08,05,0.0,-999,-999
104061,BORJA,1965,08,06,0.0,-999,-999
104061,BORJA,1965,08,07,10.0,-999,-999
104061,BORJA,1965,08,08,22.0,-999,-999
104061,BORJA,1965,08,09,0.0,-999,-999
104061,BORJA,1965,08,10,0.0,-999,-999
104061,BORJA,1965,08,11,0.0,-999,-999
104061,BORJA,1965,08,12,35.0,-999,-999
104061,BORJA,1965,08,13,0.0,-999,-999
104061,BORJA,1965,08,14,0.0,-999,-999
104061,BORJA,1965,08,15,0.0,-999,-999
104061,BORJA,1965,08,16,4.0,-999,-999
104061,BORJA,1965,08,17,0.0,-999,-999
104061,BORJA,1965,08,18,7.0,-999,-999
104061,BORJA,1965,08,19,5.0,-999,-999
104061,BORJA,1965,08,20,40.0,-999,-999
104061,BORJA,1965,08,21,8.0,-999,-999
104061,BORJA,1965,08,22,0.0,-999,-999
104061,BORJA,1965,08,23,0.0,-999,-999
104061,BORJA,1965,08,24,0.0,-999,-999
104061,BORJA,1965,08,25,0.0,-999,-999
104061,BORJA,1965,08,26,0.0,-999,-999
104061,BORJA,1965,08,27,4.0,-999,-999
104061,BORJA,1965,08,28,0.0,-999,-999
104061,BORJA,1965,08,29,8.0,-999,-999
104061,BORJA,1965,08,30,15.0,-999,-999
104061,BORJA,1965,08,31,0.0,-999,-999
104061,BORJA,1965,09,01,0.0,-999,-999
104061,BORJA,1965,09,02,0.0,-999,-999
104061,BORJA,1965,09,03,0.0,-999,-999
104061,BORJA,1965,09,04,0.2,-999,-999
104061,BORJA,1965,09,05,0.0,-999,-999
104061,BORJA,1965,09,06,0.2,-999,-999
104061,BORJA,1965,09,07,1.0,-999,-999
104061,BORJA,1965,09,08,0.8,-999,-999
104061,BORJA,1965,09,09,0.0,-999,-999
104061,BORJA,1965,09,10,0.0,-999,-999
104061,BORJA,1965,09,11,1.3,-999,-999
104061,BORJA,1965,09,12,1.5,-999,-999
104061,BORJA,1965,09,13,0.7,-999,-999
104061,BORJA,1965,09,14,0.0,-999,-999
104061,BORJA,1965,09,15,1.2,-999,-999
104061,BORJA,1965,09,16,0.6,-999,-999
104061,BORJA,1965,09,17,0.0,-999,-999
104061,BORJA,1965,09,18,0.4,-999,-999
104061,BORJA,1965,09,19,0.0,-999,-999
104061,BORJA,1965,09,20,2.1,-999,-999
104061,BORJA,1965,09,21,0.7,-999,-999
104061,BORJA,1965,09,22,1.2,-999,-999
104061,BORJA,1965,09,23,0.7,-999,-999
104061,BORJA,1965,09,24,0.0,-999,-999
104061,BORJA,1965,09,25,0.0,-999,-999
104061,BORJA,1965,09,26,0.5,-999,-999
104061,BORJA,1965,09,27,0.0,-999,-999
104061,BORJA,1965,09,28,1.0,-999,-999
104061,BORJA,1965,09,29,1.3,-999,-999
104061,BORJA,1965,09,30,0.0,-999,-999
104061,BORJA,1965,10,01,8.0,-999,-999
104061,BORJA,1965,10,02,15.0,-999,-999
104061,BORJA,1965,10,03,0.0,-999,-999
104061,BORJA,1965,10,04,0.0,-999,-999
104061,BORJA,1965,10,05,10.0,-999,-999
104061,BORJA,1965,10,06,0.0,-999,-999
104061,BORJA,1965,10,07,0.0,-999,-999
104061,BORJA,1965,10,08,0.0,-999,-999
104061,BORJA,1965,10,09,0.0,-999,-999
104061,BORJA,1965,10,10,12.0,-999,-999
104061,BORJA,1965,10,11,0.0,-999,-999
104061,BORJA,1965,10,12,29.0,-999,-999
104061,BORJA,1965,10,13,0.0,-999,-999
104061,BORJA,1965,10,14,0.0,-999,-999
104061,BORJA,1965,10,15,7.0,-999,-999
104061,BORJA,1965,10,16,12.0,-999,-999
104061,BORJA,1965,10,17,0.0,-999,-999
104061,BORJA,1965,10,18,18.0,-999,-999
104061,BORJA,1965,10,19,18.0,-999,-999
104061,BORJA,1965,10,20,2.0,-999,-999
104061,BORJA,1965,10,21,18.0,-999,-999
104061,BORJA,1965,10,22,6.0,-999,-999
104061,BORJA,1965,10,23,0.0,-999,-999
104061,BORJA,1965,10,24,0.0,-999,-999
104061,BORJA,1965,10,25,37.0,-999,-999
104061,BORJA,1965,10,26,0.0,-999,-999
104061,BORJA,1965,10,27,0.0,-999,-999
104061,BORJA,1965,10,28,0.0,-999,-999
104061,BORJA,1965,10,29,0.0,-999,-999
104061,BORJA,1965,10,30,0.0,-999,-999
104061,BORJA,1965,10,31,0.0,-999,-999
104061,BORJA,1965,11,01,0.0,-999,-999
104061,BORJA,1965,11,02,1.0,-999,-999
104061,BORJA,1965,11,03,0.0,-999,-999
104061,BORJA,1965,11,04,0.0,-999,-999
104061,BORJA,1965,11,05,0.0,-999,-999
104061,BORJA,1965,11,06,30.0,-999,-999
104061,BORJA,1965,11,07,35.0,-999,-999
104061,BORJA,1965,11,08,4.0,-999,-999
104061,BORJA,1965,11,09,0.0,-999,-999
104061,BORJA,1965,11,10,0.0,-999,-999
104061,BORJA,1965,11,11,0.0,-999,-999
104061,BORJA,1965,11,12,3.0,-999,-999
104061,BORJA,1965,11,13,3.0,-999,-999
104061,BORJA,1965,11,14,18.0,-999,-999
104061,BORJA,1965,11,15,20.0,-999,-999
104061,BORJA,1965,11,16,12.0,-999,-999
104061,BORJA,1965,11,17,9.0,-999,-999
104061,BORJA,1965,11,18,5.0,-999,-999
104061,BORJA,1965,11,19,3.0,-999,-999
104061,BORJA,1965,11,20,0.0,-999,-999
104061,BORJA,1965,11,21,3.0,-999,-999
104061,BORJA,1965,11,22,6.0,-999,-999
104061,BORJA,1965,11,23,0.0,-999,-999
104061,BORJA,1965,11,24,0.0,-999,-999
104061,BORJA,1965,11,25,0.0,-999,-999
104061,BORJA,1965,11,26,0.0,-999,-999
104061,BORJA,1965,11,27,0.0,-999,-999
104061,BORJA,1965,11,28,0.0,-999,-999
104061,BORJA,1965,11,29,2.0,-999,-999
104061,BORJA,1965,11,30,18.0,-999,-999
104061,BORJA,1965,12,01,27.0,-999,-999
104061,BORJA,1965,12,02,0.0,-999,-999
104061,BORJA,1965,12,03,0.0,-999,-999
104061,BORJA,1965,12,04,5.0,-999,-999
104061,BORJA,1965,12,05,7.0,-999,-999
104061,BORJA,1965,12,06,32.0,-999,-999
104061,BORJA,1965,12,07,0.0,-999,-999
104061,BORJA,1965,12,08,13.0,-999,-999
104061,BORJA,1965,12,09,0.0,-999,-999
104061,BORJA,1965,12,10,0.0,-999,-999
104061,BORJA,1965,12,11,0.0,-999,-999
104061,BORJA,1965,12,12,13.0,-999,-999
104061,BORJA,1965,12,13,19.0,-999,-999
104061,BORJA,1965,12,14,2.0,-999,-999
104061,BORJA,1965,12,15,15.0,-999,-999
104061,BORJA,1965,12,16,10.0,-999,-999
104061,BORJA,1965,12,17,0.0,-999,-999
104061,BORJA,1965,12,18,0.0,-999,-999
104061,BORJA,1965,12,19,0.0,-999,-999
104061,BORJA,1965,12,20,25.0,-999,-999
104061,BORJA,1965,12,21,14.0,-999,-999
104061,BORJA,1965,12,22,18.0,-999,-999
104061,BORJA,1965,12,23,11.0,-999,-999
104061,BORJA,1965,12,24,17.0,-999,-999
104061,BORJA,1965,12,25,10.0,-999,-999
104061,BORJA,1965,12,26,14.0,-999,-999
104061,BORJA,1965,12,27,14.0,-999,-999
104061,BORJA,1965,12,28,22.0,-999,-999
104061,BORJA,1965,12,29,24.0,-999,-999
104061,BORJA,1965,12,30,22.0,-999,-999
104061,BORJA,1965,12,31,8.0,-999,-999
104061,BORJA,1966,01,01,8.0,29.4,-999
104061,BORJA,1966,01,02,2.0,29.8,-999
104061,BORJA,1966,01,03,4.0,30.2,-999
104061,BORJA,1966,01,04,3.0,32.2,-999
104061,BORJA,1966,01,05,8.0,30.2,-999
104061,BORJA,1966,01,06,5.0,30.0,-999
104061,BORJA,1966,01,07,13.0,29.9,-999
104061,BORJA,1966,01,08,20.0,28.8,-999
104061,BORJA,1966,01,09,35.0,29.2,-999
104061,BORJA,1966,01,10,15.0,28.8,-999
104061,BORJA,1966,01,11,4.0,29.4,-999
104061,BORJA,1966,01,12,0.0,31.4,-999
104061,BORJA,1966,01,13,9.0,31.2,-999
104061,BORJA,1966,01,14,16.0,32.0,-999
104061,BORJA,1966,01,15,19.0,28.2,-999
104061,BORJA,1966,01,16,15.0,-999,-999
104061,BORJA,1966,01,17,3.0,29.4,-999
104061,BORJA,1966,01,18,0.0,30.0,-999
104061,BORJA,1966,01,19,6.0,30.2,-999
104061,BORJA,1966,01,20,2.0,29.4,-999
104061,BORJA,1966,01,21,8.0,28.4,-999
104061,BORJA,1966,01,22,5.0,29.4,-999
104061,BORJA,1966,01,23,6.0,30.0,-999
104061,BORJA,1966,01,24,8.0,29.5,-999
104061,BORJA,1966,01,25,10.0,29.0,-999
104061,BORJA,1966,01,26,8.0,29.0,-999
104061,BORJA,1966,01,27,9.0,28.6,-999
104061,BORJA,1966,01,28,5.0,28.0,-999
104061,BORJA,1966,01,29,0.0,30.2,-999
104061,BORJA,1966,01,30,0.0,32.2,-999
104061,BORJA,1966,01,31,3.0,32.0,-999
104061,BORJA,1966,02,01,0.0,32.2,-999
104061,BORJA,1966,02,02,0.0,30.4,-999
104061,BORJA,1966,02,03,6.0,31.2,-999
104061,BORJA,1966,02,04,2.0,33.2,-999
104061,BORJA,1966,02,05,4.0,32.4,-999
104061,BORJA,1966,02,06,5.0,29.6,-999
104061,BORJA,1966,02,07,0.0,34.6,-999
104061,BORJA,1966,02,08,0.0,31.8,-999
104061,BORJA,1966,02,09,0.0,30.2,-999
104061,BORJA,1966,02,10,0.0,33.2,-999
104061,BORJA,1966,02,11,0.0,30.8,-999
104061,BORJA,1966,02,12,10.0,31.9,-999
104061,BORJA,1966,02,13,0.0,-999,-999
104061,BORJA,1966,02,14,30.0,-999,-999
104061,BORJA,1966,02,15,9.0,28.6,-999
104061,BORJA,1966,02,16,0.0,31.4,-999
104061,BORJA,1966,02,17,0.0,32.2,-999
104061,BORJA,1966,02,18,18.0,31.4,-999
104061,BORJA,1966,02,19,32.0,-999,-999
104061,BORJA,1966,02,20,0.0,32.0,-999
104061,BORJA,1966,02,21,25.0,-999,-999
104061,BORJA,1966,02,22,21.0,-999,-999
104061,BORJA,1966,02,23,0.0,-999,-999
104061,BORJA,1966,02,24,0.0,32.0,-999
104061,BORJA,1966,02,25,49.0,29.6,-999
104061,BORJA,1966,02,26,0.0,31.6,-999
104061,BORJA,1966,02,27,15.6,28.4,-999
104061,BORJA,1966,02,28,0.0,28.0,-999
104061,BORJA,1966,03,01,13.0,-999,-999
104061,BORJA,1966,03,02,15.0,-999,-999
104061,BORJA,1966,03,03,14.0,32.6,-999
104061,BORJA,1966,03,04,0.0,29.4,-999
104061,BORJA,1966,03,05,7.0,30.8,-999
104061,BORJA,1966,03,06,0.0,31.0,-999
104061,BORJA,1966,03,07,56.0,29.8,-999
104061,BORJA,1966,03,08,24.0,26.8,-999
104061,BORJA,1966,03,09,8.0,28.0,-999
104061,BORJA,1966,03,10,0.0,30.8,-999
104061,BORJA,1966,03,11,0.0,30.2,-999
104061,BORJA,1966,03,12,0.0,33.4,-999
104061,BORJA,1966,03,13,0.0,29.2,-999
104061,BORJA,1966,03,14,0.0,30.8,-999
104061,BORJA,1966,03,15,22.0,32.4,-999
104061,BORJA,1966,03,16,0.0,28.6,-999
104061,BORJA,1966,03,17,3.0,30.4,-999
104061,BORJA,1966,03,18,0.0,32.2,-999
104061,BORJA,1966,03,19,0.0,30.2,-999
104061,BORJA,1966,03,20,68.0,32.0,-999
104061,BORJA,1966,03,21,0.0,30.6,-999
104061,BORJA,1966,03,22,0.0,29.0,-999
104061,BORJA,1966,03,23,0.0,27.0,-999
104061,BORJA,1966,03,24,10.0,30.0,-999
104061,BORJA,1966,03,25,55.0,29.6,-999
104061,BORJA,1966,03,26,56.0,26.0,-999
104061,BORJA,1966,03,27,33.0,29.8,-999
104061,BORJA,1966,03,28,0.0,29.6,-999
104061,BORJA,1966,03,29,0.0,32.0,-999
104061,BORJA,1966,03,30,40.0,31.2,-999
104061,BORJA,1966,03,31,0.0,28.6,-999
104061,BORJA,1966,04,01,0.0,29.8,-999
104061,BORJA,1966,04,02,0.0,30.2,-999
104061,BORJA,1966,04,03,25.0,27.2,-999
104061,BORJA,1966,04,04,0.0,29.8,-999
104061,BORJA,1966,04,05,0.0,31.0,-999
104061,BORJA,1966,04,06,3.0,30.2,-999
104061,BORJA,1966,04,07,0.0,-999,-999
104061,BORJA,1966,04,08,61.0,-999,-999
104061,BORJA,1966,04,09,0.0,-999,-999
104061,BORJA,1966,04,10,0.0,-999,-999
104061,BORJA,1966,04,11,0.0,31.2,-999
104061,BORJA,1966,04,12,20.0,32.0,-999
104061,BORJA,1966,04,13,0.0,33.0,-999
104061,BORJA,1966,04,14,18.0,28.2,-999
104061,BORJA,1966,04,15,0.0,33.0,-999
104061,BORJA,1966,04,16,17.0,30.2,-999
104061,BORJA,1966,04,17,3.0,29.2,-999
104061,BORJA,1966,04,18,5.0,31.2,-999
104061,BORJA,1966,04,19,5.0,29.8,-999
104061,BORJA,1966,04,20,17.0,28.6,-999
104061,BORJA,1966,04,21,28.0,29.4,-999
104061,BORJA,1966,04,22,0.0,30.2,-999
104061,BORJA,1966,04,23,2.0,32.2,-999
104061,BORJA,1966,04,24,16.0,30.0,-999
104061,BORJA,1966,04,25,8.0,29.4,-999
104061,BORJA,1966,04,26,6.0,28.4,-999
104061,BORJA,1966,04,27,0.0,32.0,-999
104061,BORJA,1966,04,28,15.0,32.4,-999
104061,BORJA,1966,04,29,15.0,32.0,-999
104061,BORJA,1966,04,30,11.0,30.8,-999
104061,BORJA,1966,05,01,10.0,-999,-999
104061,BORJA,1966,05,02,10.0,-999,-999
104061,BORJA,1966,05,03,26.0,28.2,-999
104061,BORJA,1966,05,04,11.0,30.2,-999
104061,BORJA,1966,05,05,2.0,29.2,-999
104061,BORJA,1966,05,06,12.0,32.0,-999
104061,BORJA,1966,05,07,20.0,31.4,-999
104061,BORJA,1966,05,08,15.0,33.0,-999
104061,BORJA,1966,05,09,24.0,29.4,-999
104061,BORJA,1966,05,10,0.0,33.4,-999
104061,BORJA,1966,05,11,11.0,30.0,-999
104061,BORJA,1966,05,12,3.0,30.2,-999
104061,BORJA,1966,05,13,10.0,32.2,-999
104061,BORJA,1966,05,14,45.0,28.0,-999
104061,BORJA,1966,05,15,39.0,30.2,-999
104061,BORJA,1966,05,16,30.0,29.6,-999
104061,BORJA,1966,05,17,50.0,30.0,-999
104061,BORJA,1966,05,18,36.0,28.0,-999
104061,BORJA,1966,05,19,30.0,27.4,-999
104061,BORJA,1966,05,20,0.0,29.0,-999
104061,BORJA,1966,05,21,0.0,33.2,-999
104061,BORJA,1966,05,22,0.0,33.2,-999
104061,BORJA,1966,05,23,37.0,32.0,-999
104061,BORJA,1966,05,24,15.0,-999,-999
104061,BORJA,1966,05,25,0.0,28.0,-999
104061,BORJA,1966,05,26,0.0,30.0,-999
104061,BORJA,1966,05,27,0.0,31.2,-999
104061,BORJA,1966,05,28,0.0,29.8,-999
104061,BORJA,1966,05,29,0.0,31.2,-999
104061,BORJA,1966,05,30,0.0,30.2,-999
104061,BORJA,1966,05,31,0.0,32.2,-999
104061,BORJA,1966,06,01,0.0,33.2,-999
104061,BORJA,1966,06,02,0.0,33.2,-999
104061,BORJA,1966,06,03,0.0,31.8,-999
104061,BORJA,1966,06,04,0.0,32.2,-999
104061,BORJA,1966,06,05,0.0,33.0,-999
104061,BORJA,1966,06,06,0.0,31.2,-999
104061,BORJA,1966,06,07,0.0,33.0,-999
104061,BORJA,1966,06,08,0.0,-999,-999
104061,BORJA,1966,06,09,0.0,-999,-999
104061,BORJA,1966,06,10,0.0,-999,-999
104061,BORJA,1966,06,11,15.0,30.6,-999
104061,BORJA,1966,06,12,0.0,30.0,-999
104061,BORJA,1966,06,13,0.0,27.4,-999
104061,BORJA,1966,06,14,0.0,31.2,-999
104061,BORJA,1966,06,15,0.0,30.0,-999
104061,BORJA,1966,06,16,0.0,32.4,-999
104061,BORJA,1966,06,17,0.0,32.2,-999
104061,BORJA,1966,06,18,0.0,30.4,-999
104061,BORJA,1966,06,19,5.0,31.4,-999
104061,BORJA,1966,06,20,0.0,31.0,-999
104061,BORJA,1966,06,21,0.0,31.6,-999
104061,BORJA,1966,06,22,0.0,30.8,-999
104061,BORJA,1966,06,23,15.0,32.4,-999
104061,BORJA,1966,06,24,43.0,28.8,-999
104061,BORJA,1966,06,25,12.0,29.8,-999
104061,BORJA,1966,06,26,0.0,31.6,-999
104061,BORJA,1966,06,27,0.0,32.6,-999
104061,BORJA,1966,06,28,0.0,31.4,-999
104061,BORJA,1966,06,29,25.0,32.0,-999
104061,BORJA,1966,06,30,45.0,33.2,-999
104061,BORJA,1966,07,01,35.0,27.4,-999
104061,BORJA,1966,07,02,5.0,27.8,-999
104061,BORJA,1966,07,03,0.0,27.8,-999
104061,BORJA,1966,07,04,0.0,29.8,-999
104061,BORJA,1966,07,05,0.0,30.4,-999
104061,BORJA,1966,07,06,0.0,31.6,-999
104061,BORJA,1966,07,07,0.0,30.6,-999
104061,BORJA,1966,07,08,8.0,29.6,-999
104061,BORJA,1966,07,09,2.0,29.6,-999
104061,BORJA,1966,07,10,3.0,28.6,-999
104061,BORJA,1966,07,11,0.0,29.8,-999
104061,BORJA,1966,07,12,30.0,30.6,-999
104061,BORJA,1966,07,13,30.0,27.6,-999
104061,BORJA,1966,07,14,40.0,27.2,-999
104061,BORJA,1966,07,15,10.0,30.8,-999
104061,BORJA,1966,07,16,33.0,29.2,-999
104061,BORJA,1966,07,17,22.0,30.0,-999
104061,BORJA,1966,07,18,3.0,27.4,-999
104061,BORJA,1966,07,19,0.0,30.6,-999
104061,BORJA,1966,07,20,0.0,32.4,-999
104061,BORJA,1966,07,21,0.0,29.8,-999
104061,BORJA,1966,07,22,0.0,32.0,-999
104061,BORJA,1966,07,23,12.0,33.2,-999
104061,BORJA,1966,07,24,29.0,28.2,-999
104061,BORJA,1966,07,25,20.0,28.2,-999
104061,BORJA,1966,07,26,0.0,29.0,-999
104061,BORJA,1966,07,27,0.0,31.0,-999
104061,BORJA,1966,07,28,0.0,31.4,-999
104061,BORJA,1966,07,29,0.0,33.0,-999
104061,BORJA,1966,07,30,0.0,32.0,-999
104061,BORJA,1966,07,31,0.0,33.2,-999
104061,BORJA,1966,08,01,12.0,26.0,-999
104061,BORJA,1966,08,02,0.0,27.2,-999
104061,BORJA,1966,08,03,0.0,30.8,-999
104061,BORJA,1966,08,04,5.0,32.2,-999
104061,BORJA,1966,08,05,12.0,30.8,-999
104061,BORJA,1966,08,06,23.0,26.2,-999
104061,BORJA,1966,08,07,2.0,29.6,-999
104061,BORJA,1966,08,08,0.0,31.0,-999
104061,BORJA,1966,08,09,0.0,32.4,-999
104061,BORJA,1966,08,10,0.0,31.0,-999
104061,BORJA,1966,08,11,0.0,30.0,-999
104061,BORJA,1966,08,12,0.0,32.3,-999
104061,BORJA,1966,08,13,0.0,29.8,-999
104061,BORJA,1966,08,14,0.0,33.4,-999
104061,BORJA,1966,08,15,0.0,-999,-999
104061,BORJA,1966,08,16,46.0,-999,-999
104061,BORJA,1966,08,17,2.0,27.2,-999
104061,BORJA,1966,08,18,0.0,31.0,-999
104061,BORJA,1966,08,19,22.0,33.4,-999
104061,BORJA,1966,08,20,0.0,32.4,-999
104061,BORJA,1966,08,21,0.0,31.0,-999
104061,BORJA,1966,08,22,0.0,33.6,-999
104061,BORJA,1966,08,23,0.0,29.8,-999
104061,BORJA,1966,08,24,3.0,30.4,-999
104061,BORJA,1966,08,25,7.0,31.1,-999
104061,BORJA,1966,08,26,0.0,34.4,-999
104061,BORJA,1966,08,27,0.0,32.6,-999
104061,BORJA,1966,08,28,0.0,32.4,-999
104061,BORJA,1966,08,29,0.0,33.4,-999
104061,BORJA,1966,08,30,0.0,34.4,-999
104061,BORJA,1966,08,31,0.0,33.6,-999
104061,BORJA,1966,09,01,12.2,29.0,-999
104061,BORJA,1966,09,02,37.9,27.4,-999
104061,BORJA,1966,09,03,65.6,27.4,-999
104061,BORJA,1966,09,04,5.4,27.2,-999
104061,BORJA,1966,09,05,6.5,30.6,-999
104061,BORJA,1966,09,06,0.0,33.6,-999
104061,BORJA,1966,09,07,0.0,31.0,-999
104061,BORJA,1966,09,08,18.5,30.2,-999
104061,BORJA,1966,09,09,5.2,31.2,-999
104061,BORJA,1966,09,10,0.0,32.6,-999
104061,BORJA,1966,09,11,20.3,-999,-999
104061,BORJA,1966,09,12,13.5,-999,-999
104061,BORJA,1966,09,13,0.0,-999,-999
104061,BORJA,1966,09,14,0.0,-999,-999
104061,BORJA,1966,09,15,0.0,34.4,-999
104061,BORJA,1966,09,16,75.5,33.8,-999
104061,BORJA,1966,09,17,25.5,34.4,-999
104061,BORJA,1966,09,18,0.0,33.4,-999
104061,BORJA,1966,09,19,14.3,32.4,-999
104061,BORJA,1966,09,20,11.5,31.4,-999
104061,BORJA,1966,09,21,52.4,29.2,-999
104061,BORJA,1966,09,22,13.2,26.4,-999
104061,BORJA,1966,09,23,0.0,-999,-999
104061,BORJA,1966,09,24,0.0,-999,-999
104061,BORJA,1966,09,25,0.0,34.2,-999
104061,BORJA,1966,09,26,0.0,35.2,-999
104061,BORJA,1966,09,27,0.0,31.8,-999
104061,BORJA,1966,09,28,0.0,32.2,-999
104061,BORJA,1966,09,29,0.0,32.4,-999
104061,BORJA,1966,09,30,0.0,34.0,-999
104061,BORJA,1966,10,01,0.0,30.8,-999
104061,BORJA,1966,10,02,0.0,29.2,-999
104061,BORJA,1966,10,03,0.0,34.2,-999
104061,BORJA,1966,10,04,0.0,32.8,-999
104061,BORJA,1966,10,05,8.4,29.6,-999
104061,BORJA,1966,10,06,0.0,32.0,-999
104061,BORJA,1966,10,07,35.4,30.0,-999
104061,BORJA,1966,10,08,6.7,29.6,-999
104061,BORJA,1966,10,09,10.8,30.0,-999
104061,BORJA,1966,10,10,8.4,29.4,-999
104061,BORJA,1966,10,11,1.6,30.2,-999
104061,BORJA,1966,10,12,43.6,32.0,-999
104061,BORJA,1966,10,13,24.0,31.8,-999
104061,BORJA,1966,10,14,46.0,28.8,-999
104061,BORJA,1966,10,15,0.0,30.0,-999
104061,BORJA,1966,10,16,0.0,33.0,-999
104061,BORJA,1966,10,17,0.0,33.6,-999
104061,BORJA,1966,10,18,0.0,34.4,-999
104061,BORJA,1966,10,19,16.0,29.4,-999
104061,BORJA,1966,10,20,0.0,33.2,-999
104061,BORJA,1966,10,21,0.0,33.6,-999
104061,BORJA,1966,10,22,65.5,32.8,-999
104061,BORJA,1966,10,23,7.5,-999,-999
104061,BORJA,1966,10,24,12.8,-999,-999
104061,BORJA,1966,10,25,0.0,-999,-999
104061,BORJA,1966,10,26,0.0,-999,-999
104061,BORJA,1966,10,27,15.4,29.2,-999
104061,BORJA,1966,10,28,6.3,31.6,-999
104061,BORJA,1966,10,29,52.4,33.2,-999
104061,BORJA,1966,10,30,0.0,-999,-999
104061,BORJA,1966,10,31,18.4,-999,-999
104061,BORJA,1966,11,01,3.4,30.0,-999
104061,BORJA,1966,11,02,5.2,31.4,-999
104061,BORJA,1966,11,03,0.0,29.4,-999
104061,BORJA,1966,11,04,0.0,34.4,-999
104061,BORJA,1966,11,05,75.9,32.8,-999
104061,BORJA,1966,11,06,0.0,28.8,-999
104061,BORJA,1966,11,07,6.4,32.4,-999
104061,BORJA,1966,11,08,5.2,-999,-999
104061,BORJA,1966,11,09,8.4,-999,-999
104061,BORJA,1966,11,10,6.2,30.2,-999
104061,BORJA,1966,11,11,0.0,31.4,-999
104061,BORJA,1966,11,12,0.0,32.8,-999
104061,BORJA,1966,11,13,0.0,-999,-999
104061,BORJA,1966,11,14,0.0,-999,-999
104061,BORJA,1966,11,15,0.0,32.2,-999
104061,BORJA,1966,11,16,5.4,32.2,-999
104061,BORJA,1966,11,17,3.4,30.0,-999
104061,BORJA,1966,11,18,0.0,26.6,-999
104061,BORJA,1966,11,19,0.0,27.8,-999
104061,BORJA,1966,11,20,0.0,32.2,-999
104061,BORJA,1966,11,21,18.0,-999,-999
104061,BORJA,1966,11,22,0.0,-999,-999
104061,BORJA,1966,11,23,15.6,-999,-999
104061,BORJA,1966,11,24,4.4,29.2,-999
104061,BORJA,1966,11,25,20.2,32.2,-999
104061,BORJA,1966,11,26,6.6,32.0,-999
104061,BORJA,1966,11,27,38.4,30.0,-999
104061,BORJA,1966,11,28,0.0,29.4,-999
104061,BORJA,1966,11,29,0.0,32.6,-999
104061,BORJA,1966,11,30,7.4,33.4,-999
104061,BORJA,1966,12,01,5.6,32.2,-999
104061,BORJA,1966,12,02,3.2,29.4,-999
104061,BORJA,1966,12,03,0.0,32.2,-999
104061,BORJA,1966,12,04,0.0,30.6,-999
104061,BORJA,1966,12,05,4.4,27.0,-999
104061,BORJA,1966,12,06,40.2,24.2,-999
104061,BORJA,1966,12,07,23.6,28.8,-999
104061,BORJA,1966,12,08,37.4,28.2,-999
104061,BORJA,1966,12,09,10.2,28.8,-999
104061,BORJA,1966,12,10,20.4,30.0,-999
104061,BORJA,1966,12,11,0.0,33.2,-999
104061,BORJA,1966,12,12,0.0,32.8,-999
104061,BORJA,1966,12,13,5.8,28.0,-999
104061,BORJA,1966,12,14,8.2,26.8,-999
104061,BORJA,1966,12,15,0.0,31.4,-999
104061,BORJA,1966,12,16,5.2,31.4,-999
104061,BORJA,1966,12,17,0.0,30.6,-999
104061,BORJA,1966,12,18,0.0,28.8,-999
104061,BORJA,1966,12,19,0.0,32.0,-999
104061,BORJA,1966,12,20,0.0,32.4,-999
104061,BORJA,1966,12,21,0.0,32.6,-999
104061,BORJA,1966,12,22,3.3,30.4,-999
104061,BORJA,1966,12,23,27.4,26.2,-999
104061,BORJA,1966,12,24,21.0,27.2,-999
104061,BORJA,1966,12,25,10.4,28.0,-999
104061,BORJA,1966,12,26,10.2,27.4,-999
104061,BORJA,1966,12,27,13.6,29.6,-999
104061,BORJA,1966,12,28,6.8,27.4,-999
104061,BORJA,1966,12,29,12.6,29.4,-999
104061,BORJA,1966,12,30,45.4,26.2,-999
104061,BORJA,1966,12,31,25.2,27.0,-999
104061,BORJA,1967,01,01,23.9,26.6,-999
104061,BORJA,1967,01,02,5.5,27.4,-999
104061,BORJA,1967,01,03,7.2,28.2,-999
104061,BORJA,1967,01,04,9.0,27.0,-999
104061,BORJA,1967,01,05,8.2,30.0,-999
104061,BORJA,1967,01,06,4.4,29.6,-999
104061,BORJA,1967,01,07,0.2,26.8,-999
104061,BORJA,1967,01,08,0.2,26.6,-999
104061,BORJA,1967,01,09,3.4,27.4,-999
104061,BORJA,1967,01,10,7.4,27.4,-999
104061,BORJA,1967,01,11,7.6,26.2,-999
104061,BORJA,1967,01,12,2.6,28.2,-999
104061,BORJA,1967,01,13,16.0,26.6,-999
104061,BORJA,1967,01,14,20.0,29.2,-999
104061,BORJA,1967,01,15,0.0,29.8,-999
104061,BORJA,1967,01,16,6.2,27.2,-999
104061,BORJA,1967,01,17,2.8,30.4,-999
104061,BORJA,1967,01,18,0.0,29.6,-999
104061,BORJA,1967,01,19,1.2,28.8,-999
104061,BORJA,1967,01,20,0.0,33.0,-999
104061,BORJA,1967,01,21,3.2,31.4,-999
104061,BORJA,1967,01,22,30.4,26.6,-999
104061,BORJA,1967,01,23,8.4,28.6,-999
104061,BORJA,1967,01,24,0.0,29.6,-999
104061,BORJA,1967,01,25,6.2,27.6,-999
104061,BORJA,1967,01,26,0.6,27.0,-999
104061,BORJA,1967,01,27,0.3,29.2,-999
104061,BORJA,1967,01,28,0.4,30.2,-999
104061,BORJA,1967,01,29,5.2,26.8,-999
104061,BORJA,1967,01,30,0.0,30.2,-999
104061,BORJA,1967,01,31,0.0,30.8,-999
104061,BORJA,1967,02,01,0.0,32.2,-999
104061,BORJA,1967,02,02,0.0,31.2,-999
104061,BORJA,1967,02,03,10.6,31.6,-999
104061,BORJA,1967,02,04,0.0,31.2,-999
104061,BORJA,1967,02,05,0.0,30.8,-999
104061,BORJA,1967,02,06,8.8,29.6,-999
104061,BORJA,1967,02,07,19.8,30.0,-999
104061,BORJA,1967,02,08,6.6,29.8,-999
104061,BORJA,1967,02,09,-888,31.0,-999
104061,BORJA,1967,02,10,6.0,32.2,-999
104061,BORJA,1967,02,11,0.0,29.2,-999
104061,BORJA,1967,02,12,0.0,31.0,-999
104061,BORJA,1967,02,13,0.0,32.0,-999
104061,BORJA,1967,02,14,0.0,32.8,-999
104061,BORJA,1967,02,15,21.2,30.2,-999
104061,BORJA,1967,02,16,-888,29.2,-999
104061,BORJA,1967,02,17,42.2,29.4,-999
104061,BORJA,1967,02,18,10.6,29.8,-999
104061,BORJA,1967,02,19,8.8,31.0,-999
104061,BORJA,1967,02,20,26.2,27.6,-999
104061,BORJA,1967,02,21,4.8,30.6,-999
104061,BORJA,1967,02,22,13.8,26.2,-999
104061,BORJA,1967,02,23,13.9,27.4,-999
104061,BORJA,1967,02,24,5.2,27.0,-999
104061,BORJA,1967,02,25,3.3,27.2,-999
104061,BORJA,1967,02,26,5.5,29.0,-999
104061,BORJA,1967,02,27,3.4,29.6,-999
104061,BORJA,1967,02,28,6.4,28.8,-999
104061,BORJA,1967,03,01,1.2,26.4,-999
104061,BORJA,1967,03,02,0.0,29.4,-999
104061,BORJA,1967,03,03,0.0,28.6,-999
104061,BORJA,1967,03,04,28.0,-999,-999
104061,BORJA,1967,03,05,0.0,-999,-999
104061,BORJA,1967,03,06,13.3,-999,-999
104061,BORJA,1967,03,07,10.6,29.8,-999
104061,BORJA,1967,03,08,7.0,29.4,-999
104061,BORJA,1967,03,09,18.2,29.4,-999
104061,BORJA,1967,03,10,0.2,25.8,-999
104061,BORJA,1967,03,11,0.0,30.4,-999
104061,BORJA,1967,03,12,0.0,35.0,-999
104061,BORJA,1967,03,13,37.1,-999,-999
104061,BORJA,1967,03,14,25.2,27.8,-999
104061,BORJA,1967,03,15,0.0,29.4,-999
104061,BORJA,1967,03,16,9.0,29.4,-999
104061,BORJA,1967,03,17,0.0,30.0,-999
104061,BORJA,1967,03,18,0.2,31.6,-999
104061,BORJA,1967,03,19,0.0,27.8,-999
104061,BORJA,1967,03,20,0.0,32.0,-999
104061,BORJA,1967,03,21,0.0,32.4,-999
104061,BORJA,1967,03,22,-888,31.6,-999
104061,BORJA,1967,03,23,0.0,29.6,-999
104061,BORJA,1967,03,24,10.1,25.2,-999
104061,BORJA,1967,03,25,0.0,30.2,-999
104061,BORJA,1967,03,26,0.0,30.0,-999
104061,BORJA,1967,03,27,-888,33.6,-999
104061,BORJA,1967,03,28,20.1,33.0,-999
104061,BORJA,1967,03,29,19.2,31.4,-999
104061,BORJA,1967,03,30,5.1,29.8,-999
104061,BORJA,1967,03,31,14.0,28.2,-999
104061,BORJA,1967,04,01,10.1,28.2,-999
104061,BORJA,1967,04,02,0.4,28.8,-999
104061,BORJA,1967,04,03,25.4,28.2,-999
104061,BORJA,1967,04,04,-888,27.6,-999
104061,BORJA,1967,04,05,0.0,32.2,-999
104061,BORJA,1967,04,06,0.2,31.0,-999
104061,BORJA,1967,04,07,15.2,31.8,-999
104061,BORJA,1967,04,08,0.0,32.6,-999
104061,BORJA,1967,04,09,0.0,29.2,-999
104061,BORJA,1967,04,10,0.0,32.2,-999
104061,BORJA,1967,04,11,30.1,31.8,-999
104061,BORJA,1967,04,12,-888,30.4,-999
104061,BORJA,1967,04,13,0.2,27.0,-999
104061,BORJA,1967,04,14,0.4,28.2,-999
104061,BORJA,1967,04,15,0.2,32.0,-999
104061,BORJA,1967,04,16,-888,31.0,-999
104061,BORJA,1967,04,17,10.2,29.4,-999
104061,BORJA,1967,04,18,0.0,32.8,-999
104061,BORJA,1967,04,19,15.2,31.0,-999
104061,BORJA,1967,04,20,0.0,33.2,-999
104061,BORJA,1967,04,21,0.0,29.0,-999
104061,BORJA,1967,04,22,0.0,30.6,-999
104061,BORJA,1967,04,23,0.0,32.6,-999
104061,BORJA,1967,04,24,0.0,31.2,-999
104061,BORJA,1967,04,25,0.3,29.4,-999
104061,BORJA,1967,04,26,11.2,27.8,-999
104061,BORJA,1967,04,27,0.0,30.0,-999
104061,BORJA,1967,04,28,0.0,29.8,-999
104061,BORJA,1967,04,29,0.0,31.2,-999
104061,BORJA,1967,04,30,0.0,28.2,-999
104061,BORJA,1967,05,01,0.2,28.6,-999
104061,BORJA,1967,05,02,10.2,29.0,-999
104061,BORJA,1967,05,03,0.0,33.4,-999
104061,BORJA,1967,05,04,0.0,32.8,-999
104061,BORJA,1967,05,05,25.4,31.6,-999
104061,BORJA,1967,05,06,18.2,29.8,-999
104061,BORJA,1967,05,07,23.4,26.2,-999
104061,BORJA,1967,05,08,2.2,28.8,-999
104061,BORJA,1967,05,09,23.0,31.2,-999
104061,BORJA,1967,05,10,0.0,30.6,-999
104061,BORJA,1967,05,11,25.4,32.2,-999
104061,BORJA,1967,05,12,24.4,31.2,-999
104061,BORJA,1967,05,13,0.4,30.0,-999
104061,BORJA,1967,05,14,55.2,30.0,-999
104061,BORJA,1967,05,15,10.2,28.2,-999
104061,BORJA,1967,05,16,25.2,29.6,-999
104061,BORJA,1967,05,17,0.0,30.3,-999
104061,BORJA,1967,05,18,26.4,31.0,-999
104061,BORJA,1967,05,19,56.8,27.6,-999
104061,BORJA,1967,05,20,6.2,27.6,-999
104061,BORJA,1967,05,21,8.4,27.8,-999
104061,BORJA,1967,05,22,0.0,30.4,-999
104061,BORJA,1967,05,23,0.0,30.6,-999
104061,BORJA,1967,05,24,0.2,29.8,-999
104061,BORJA,1967,05,25,5.7,29.2,-999
104061,BORJA,1967,05,26,0.4,27.2,-999
104061,BORJA,1967,05,27,0.0,31.4,-999
104061,BORJA,1967,05,28,15.2,30.2,-999
104061,BORJA,1967,05,29,0.0,32.2,-999
104061,BORJA,1967,05,30,0.0,31.4,-999
104061,BORJA,1967,05,31,24.2,27.4,-999
104061,BORJA,1967,06,01,0.2,29.6,-999
104061,BORJA,1967,06,02,0.2,28.6,-999
104061,BORJA,1967,06,03,6.2,28.8,-999
104061,BORJA,1967,06,04,36.4,29.2,-999
104061,BORJA,1967,06,05,0.0,29.8,-999
104061,BORJA,1967,06,06,11.6,30.4,-999
104061,BORJA,1967,06,07,0.0,31.0,-999
104061,BORJA,1967,06,08,50.6,29.6,-999
104061,BORJA,1967,06,09,6.2,25.8,-999
104061,BORJA,1967,06,10,0.0,30.2,-999
104061,BORJA,1967,06,11,0.0,30.0,-999
104061,BORJA,1967,06,12,10.4,27.6,-999
104061,BORJA,1967,06,13,5.2,27.4,-999
104061,BORJA,1967,06,14,2.4,29.6,-999
104061,BORJA,1967,06,15,24.8,28.4,-999
104061,BORJA,1967,06,16,0.2,26.4,-999
104061,BORJA,1967,06,17,0.0,28.2,-999
104061,BORJA,1967,06,18,0.0,29.4,-999
104061,BORJA,1967,06,19,0.0,31.2,-999
104061,BORJA,1967,06,20,0.0,29.2,-999
104061,BORJA,1967,06,21,4.2,28.0,-999
104061,BORJA,1967,06,22,0.2,30.8,-999
104061,BORJA,1967,06,23,0.2,31.8,-999
104061,BORJA,1967,06,24,8.4,30.0,-999
104061,BORJA,1967,06,25,0.2,30.6,-999
104061,BORJA,1967,06,26,0.2,28.2,-999
104061,BORJA,1967,06,27,0.0,31.6,-999
104061,BORJA,1967,06,28,4.2,28.4,-999
104061,BORJA,1967,06,29,0.0,29.8,-999
104061,BORJA,1967,06,30,4.2,29.1,-999
104061,BORJA,1967,07,01,15.4,27.2,-999
104061,BORJA,1967,07,02,16.4,27.0,-999
104061,BORJA,1967,07,03,2.2,27.4,-999
104061,BORJA,1967,07,04,-888,29.6,-999
104061,BORJA,1967,07,05,4.2,29.2,-999
104061,BORJA,1967,07,06,5.4,26.0,-999
104061,BORJA,1967,07,07,0.0,27.6,-999
104061,BORJA,1967,07,08,0.0,30.6,-999
104061,BORJA,1967,07,09,0.0,30.6,-999
104061,BORJA,1967,07,10,16.6,31.4,-999
104061,BORJA,1967,07,11,6.4,28.2,-999
104061,BORJA,1967,07,12,26.4,30.6,-999
104061,BORJA,1967,07,13,14.4,28.8,-999
104061,BORJA,1967,07,14,4.2,26.4,-999
104061,BORJA,1967,07,15,7.4,29.0,-999
104061,BORJA,1967,07,16,0.0,31.4,-999
104061,BORJA,1967,07,17,0.0,31.4,-999
104061,BORJA,1967,07,18,3.2,32.8,-999
104061,BORJA,1967,07,19,9.2,30.8,-999
104061,BORJA,1967,07,20,5.6,29.2,-999
104061,BORJA,1967,07,21,0.0,27.0,-999
104061,BORJA,1967,07,22,42.8,30.0,-999
104061,BORJA,1967,07,23,0.0,27.2,-999
104061,BORJA,1967,07,24,0.0,27.8,-999
104061,BORJA,1967,07,25,0.0,29.0,-999
104061,BORJA,1967,07,26,0.0,-999,-999
104061,BORJA,1967,07,27,0.0,32.0,-999
104061,BORJA,1967,07,28,0.0,29.4,-999
104061,BORJA,1967,07,29,0.0,29.2,-999
104061,BORJA,1967,07,30,90.1,27.6,-999
104061,BORJA,1967,07,31,0.0,30.0,-999
104061,BORJA,1967,08,01,37.6,27.6,-999
104061,BORJA,1967,08,02,-888,27.8,-999
104061,BORJA,1967,08,03,0.0,30.2,-999
104061,BORJA,1967,08,04,13.4,29.6,-999
104061,BORJA,1967,08,05,0.0,31.6,-999
104061,BORJA,1967,08,06,-888,29.4,-999
104061,BORJA,1967,08,07,-888,31.0,-999
104061,BORJA,1967,08,08,0.0,30.4,-999
104061,BORJA,1967,08,09,-888,31.2,-999
104061,BORJA,1967,08,10,-888,29.0,-999
104061,BORJA,1967,08,11,5.2,30.0,-999
104061,BORJA,1967,08,12,0.0,29.4,-999
104061,BORJA,1967,08,13,0.0,31.2,-999
104061,BORJA,1967,08,14,0.0,31.6,-999
104061,BORJA,1967,08,15,7.4,32.2,-999
104061,BORJA,1967,08,16,0.4,29.2,-999
104061,BORJA,1967,08,17,10.6,25.6,-999
104061,BORJA,1967,08,18,0.0,29.0,-999
104061,BORJA,1967,08,19,5.2,31.6,-999
104061,BORJA,1967,08,20,0.0,30.2,-999
104061,BORJA,1967,08,21,7.4,30.8,-999
104061,BORJA,1967,08,22,0.0,32.0,-999
104061,BORJA,1967,08,23,0.0,-999,-999
104061,BORJA,1967,08,24,7.4,-999,-999
104061,BORJA,1967,08,25,-888,27.8,-999
104061,BORJA,1967,08,26,0.0,31.6,-999
104061,BORJA,1967,08,27,0.0,31.8,-999
104061,BORJA,1967,08,28,6.2,30.8,-999
104061,BORJA,1967,08,29,0.0,30.0,-999
104061,BORJA,1967,08,30,0.0,32.4,-999
104061,BORJA,1967,08,31,27.4,28.2,-999
104061,BORJA,1967,09,01,7.4,-999,-999
104061,BORJA,1967,09,02,0.0,-999,-999
104061,BORJA,1967,09,03,0.0,35.0,-999
104061,BORJA,1967,09,04,6.2,33.8,-999
104061,BORJA,1967,09,05,0.0,31.2,-999
104061,BORJA,1967,09,06,0.0,32.8,-999
104061,BORJA,1967,09,07,0.0,35.2,-999
104061,BORJA,1967,09,08,5.4,35.0,-999
104061,BORJA,1967,09,09,0.0,35.2,-999
104061,BORJA,1967,09,10,0.0,35.4,-999
104061,BORJA,1967,09,11,0.0,33.2,-999
104061,BORJA,1967,09,12,2.2,35.0,-999
104061,BORJA,1967,09,13,39.8,32.8,-999
104061,BORJA,1967,09,14,0.0,29.4,-999
104061,BORJA,1967,09,15,0.0,29.4,-999
104061,BORJA,1967,09,16,0.0,32.6,-999
104061,BORJA,1967,09,17,0.0,34.2,-999
104061,BORJA,1967,09,18,12.2,32.6,-999
104061,BORJA,1967,09,19,0.0,28.8,-999
104061,BORJA,1967,09,20,0.0,-999,-999
104061,BORJA,1967,09,21,4.2,-999,-999
104061,BORJA,1967,09,22,0.0,28.0,-999
104061,BORJA,1967,09,23,0.0,32.0,-999
104061,BORJA,1967,09,24,2.2,32.8,-999
104061,BORJA,1967,09,25,0.0,35.0,-999
104061,BORJA,1967,09,26,0.0,36.2,-999
104061,BORJA,1967,09,27,0.0,36.2,-999
104061,BORJA,1967,09,28,6.2,32.2,-999
104061,BORJA,1967,09,29,22.4,29.2,-999
104061,BORJA,1967,09,30,0.0,28.4,-999
104061,BORJA,1967,10,01,0.0,31.8,-999
104061,BORJA,1967,10,02,0.0,32.8,-999
104061,BORJA,1967,10,03,0.0,33.2,-999
104061,BORJA,1967,10,04,5.2,28.2,-999
104061,BORJA,1967,10,05,0.0,29.6,-999
104061,BORJA,1967,10,06,10.2,27.4,-999
104061,BORJA,1967,10,07,0.0,-999,-999
104061,BORJA,1967,10,08,26.8,-999,-999
104061,BORJA,1967,10,09,16.2,26.6,-999
104061,BORJA,1967,10,10,22.2,31.6,-999
104061,BORJA,1967,10,11,43.4,-999,-999
104061,BORJA,1967,10,12,-888,26.4,-999
104061,BORJA,1967,10,13,44.0,31.0,-999
104061,BORJA,1967,10,14,17.4,27.4,-999
104061,BORJA,1967,10,15,9.4,31.0,-999
104061,BORJA,1967,10,16,0.0,29.6,-999
104061,BORJA,1967,10,17,9.6,30.6,-999
104061,BORJA,1967,10,18,3.2,32.2,-999
104061,BORJA,1967,10,19,0.0,32.4,-999
104061,BORJA,1967,10,20,0.0,31.0,-999
104061,BORJA,1967,10,21,0.0,31.4,-999
104061,BORJA,1967,10,22,19.4,30.0,-999
104061,BORJA,1967,10,23,0.0,32.0,-999
104061,BORJA,1967,10,24,0.0,32.0,-999
104061,BORJA,1967,10,25,29.4,30.4,-999
104061,BORJA,1967,10,26,4.2,33.0,-999
104061,BORJA,1967,10,27,0.0,30.8,-999
104061,BORJA,1967,10,28,0.0,31.4,-999
104061,BORJA,1967,10,29,28.2,29.2,-999
104061,BORJA,1967,10,30,3.2,30.0,-999
104061,BORJA,1967,10,31,2.2,31.8,-999
104061,BORJA,1967,11,01,0.0,34.6,-999
104061,BORJA,1967,11,02,16.6,34.8,-999
104061,BORJA,1967,11,03,17.2,30.4,-999
104061,BORJA,1967,11,04,38.2,30.2,-999
104061,BORJA,1967,11,05,6.2,31.2,-999
104061,BORJA,1967,11,06,6.2,28.2,-999
104061,BORJA,1967,11,07,0.0,31.6,-999
104061,BORJA,1967,11,08,2.2,32.2,-999
104061,BORJA,1967,11,09,0.0,34.6,-999
104061,BORJA,1967,11,10,18.4,34.8,-999
104061,BORJA,1967,11,11,18.3,32.6,-999
104061,BORJA,1967,11,12,-888,32.0,-999
104061,BORJA,1967,11,13,27.6,-999,-999
104061,BORJA,1967,11,14,30.6,-999,-999
104061,BORJA,1967,11,15,0.0,-999,-999
104061,BORJA,1967,11,16,0.0,32.8,-999
104061,BORJA,1967,11,17,21.2,35.4,-999
104061,BORJA,1967,11,18,-888,32.2,-999
104061,BORJA,1967,11,19,24.8,29.0,-999
104061,BORJA,1967,11,20,0.0,29.6,-999
104061,BORJA,1967,11,21,0.0,32.2,-999
104061,BORJA,1967,11,22,0.0,29.6,-999
104061,BORJA,1967,11,23,4.2,31.0,-999
104061,BORJA,1967,11,24,0.0,28.2,-999
104061,BORJA,1967,11,25,0.0,29.2,-999
104061,BORJA,1967,11,26,0.0,31.0,-999
104061,BORJA,1967,11,27,0.0,31.8,-999
104061,BORJA,1967,11,28,17.2,-999,-999
104061,BORJA,1967,11,29,0.0,-999,-999
104061,BORJA,1967,11,30,34.0,32.1,-999
104061,BORJA,1967,12,01,36.4,-999,-999
104061,BORJA,1967,12,02,1.0,-999,-999
104061,BORJA,1967,12,03,13.0,-999,-999
104061,BORJA,1967,12,04,25.2,-999,-999
104061,BORJA,1967,12,05,0.0,-999,-999
104061,BORJA,1967,12,06,0.0,-999,-999
104061,BORJA,1967,12,07,0.0,-999,-999
104061,BORJA,1967,12,08,0.0,-999,-999
104061,BORJA,1967,12,09,73.5,-999,-999
104061,BORJA,1967,12,10,3.4,-999,-999
104061,BORJA,1967,12,11,1.4,-999,-999
104061,BORJA,1967,12,12,16.0,-999,-999
104061,BORJA,1967,12,13,3.4,-999,-999
104061,BORJA,1967,12,14,0.5,-999,-999
104061,BORJA,1967,12,15,9.2,-999,-999
104061,BORJA,1967,12,16,7.4,-999,-999
104061,BORJA,1967,12,17,3.5,-999,-999
104061,BORJA,1967,12,18,0.0,-999,-999
104061,BORJA,1967,12,19,0.0,-999,-999
104061,BORJA,1967,12,20,6.0,-999,-999
104061,BORJA,1967,12,21,43.5,-999,-999
104061,BORJA,1967,12,22,3.2,-999,-999
104061,BORJA,1967,12,23,0.0,-999,-999
104061,BORJA,1967,12,24,0.0,-999,-999
104061,BORJA,1967,12,25,0.0,-999,-999
104061,BORJA,1967,12,26,14.7,-999,-999
104061,BORJA,1967,12,27,0.0,-999,-999
104061,BORJA,1967,12,28,14.0,-999,-999
104061,BORJA,1967,12,29,2.9,-999,-999
104061,BORJA,1967,12,30,0.0,-999,-999
104061,BORJA,1967,12,31,0.0,-999,-999
104061,BORJA,1968,01,01,0.0,-999,-999
104061,BORJA,1968,01,02,0.0,-999,-999
104061,BORJA,1968,01,03,6.0,-999,-999
104061,BORJA,1968,01,04,7.5,-999,-999
104061,BORJA,1968,01,05,30.2,-999,-999
104061,BORJA,1968,01,06,4.5,-999,-999
104061,BORJA,1968,01,07,12.5,-999,-999
104061,BORJA,1968,01,08,3.2,-999,-999
104061,BORJA,1968,01,09,7.0,-999,-999
104061,BORJA,1968,01,10,6.0,-999,-999
104061,BORJA,1968,01,11,0.0,-999,-999
104061,BORJA,1968,01,12,5.0,-999,-999
104061,BORJA,1968,01,13,0.0,-999,-999
104061,BORJA,1968,01,14,2.2,-999,-999
104061,BORJA,1968,01,15,2.4,-999,-999
104061,BORJA,1968,01,16,2.5,-999,-999
104061,BORJA,1968,01,17,0.0,-999,-999
104061,BORJA,1968,01,18,7.5,-999,-999
104061,BORJA,1968,01,19,0.0,-999,-999
104061,BORJA,1968,01,20,0.0,-999,-999
104061,BORJA,1968,01,21,12.4,-999,-999
104061,BORJA,1968,01,22,0.0,-999,-999
104061,BORJA,1968,01,23,0.0,-999,-999
104061,BORJA,1968,01,24,4.5,-999,-999
104061,BORJA,1968,01,25,15.6,-999,-999
104061,BORJA,1968,01,26,42.2,-999,-999
104061,BORJA,1968,01,27,0.0,-999,-999
104061,BORJA,1968,01,28,3.5,-999,-999
104061,BORJA,1968,01,29,0.0,-999,-999
104061,BORJA,1968,01,30,12.2,-999,-999
104061,BORJA,1968,01,31,5.5,-999,-999
104061,BORJA,1968,02,01,37.2,-999,-999
104061,BORJA,1968,02,02,17.5,-999,-999
104061,BORJA,1968,02,03,11.8,-999,-999
104061,BORJA,1968,02,04,2.5,-999,-999
104061,BORJA,1968,02,05,8.5,-999,-999
104061,BORJA,1968,02,06,2.0,-999,-999
104061,BORJA,1968,02,07,0.0,-999,-999
104061,BORJA,1968,02,08,1.0,-999,-999
104061,BORJA,1968,02,09,0.0,-999,-999
104061,BORJA,1968,02,10,19.5,-999,-999
104061,BORJA,1968,02,11,8.0,-999,-999
104061,BORJA,1968,02,12,5.5,-999,-999
104061,BORJA,1968,02,13,1.5,-999,-999
104061,BORJA,1968,02,14,0.0,-999,-999
104061,BORJA,1968,02,15,0.0,-999,-999
104061,BORJA,1968,02,16,0.0,-999,-999
104061,BORJA,1968,02,17,0.0,-999,-999
104061,BORJA,1968,02,18,0.0,-999,-999
104061,BORJA,1968,02,19,-888,-999,-999
104061,BORJA,1968,02,20,0.0,-999,-999
104061,BORJA,1968,02,21,0.0,-999,-999
104061,BORJA,1968,02,22,0.0,-999,-999
104061,BORJA,1968,02,23,0.0,-999,-999
104061,BORJA,1968,02,24,32.0,-999,-999
104061,BORJA,1968,02,25,0.0,-999,-999
104061,BORJA,1968,02,26,0.0,-999,-999
104061,BORJA,1968,02,27,64.2,-999,-999
104061,BORJA,1968,02,28,2.5,-999,-999
104061,BORJA,1968,02,29,0.0,-999,-999
104061,BORJA,1968,03,01,30.0,-999,-999
104061,BORJA,1968,03,02,15.5,-999,-999
104061,BORJA,1968,03,03,0.0,-999,-999
104061,BORJA,1968,03,04,0.0,-999,-999
104061,BORJA,1968,03,05,29.2,-999,-999
104061,BORJA,1968,03,06,11.4,-999,-999
104061,BORJA,1968,03,07,6.0,-999,-999
104061,BORJA,1968,03,08,2.5,-999,-999
104061,BORJA,1968,03,09,6.2,-999,-999
104061,BORJA,1968,03,10,6.5,-999,-999
104061,BORJA,1968,03,11,34.0,-999,-999
104061,BORJA,1968,03,12,0.0,-999,-999
104061,BORJA,1968,03,13,0.0,-999,-999
104061,BORJA,1968,03,14,0.0,-999,-999
104061,BORJA,1968,03,15,43.5,-999,-999
104061,BORJA,1968,03,16,80.2,-999,-999
104061,BORJA,1968,03,17,2.2,-999,-999
104061,BORJA,1968,03,18,0.0,-999,-999
104061,BORJA,1968,03,19,0.0,-999,-999
104061,BORJA,1968,03,20,4.9,-999,-999
104061,BORJA,1968,03,21,5.0,-999,-999
104061,BORJA,1968,03,22,1.8,-999,-999
104061,BORJA,1968,03,23,4.2,-999,-999
104061,BORJA,1968,03,24,24.0,-999,-999
104061,BORJA,1968,03,25,0.0,-999,-999
104061,BORJA,1968,03,26,13.0,-999,-999
104061,BORJA,1968,03,27,1.2,-999,-999
104061,BORJA,1968,03,28,21.3,-999,-999
104061,BORJA,1968,03,29,11.6,-999,-999
104061,BORJA,1968,03,30,3.2,-999,-999
104061,BORJA,1968,03,31,20.1,-999,-999
104061,BORJA,1968,04,01,30.7,-999,-999
104061,BORJA,1968,04,02,13.0,-999,-999
104061,BORJA,1968,04,03,4.1,-999,-999
104061,BORJA,1968,04,04,3.5,-999,-999
104061,BORJA,1968,04,05,0.0,-999,-999
104061,BORJA,1968,04,06,9.2,-999,-999
104061,BORJA,1968,04,07,1.1,-999,-999
104061,BORJA,1968,04,08,0.0,-999,-999
104061,BORJA,1968,04,09,0.0,-999,-999
104061,BORJA,1968,04,10,58.1,-999,-999
104061,BORJA,1968,04,11,0.0,-999,-999
104061,BORJA,1968,04,12,18.8,-999,-999
104061,BORJA,1968,04,13,5.2,-999,-999
104061,BORJA,1968,04,14,0.0,-999,-999
104061,BORJA,1968,04,15,0.0,-999,-999
104061,BORJA,1968,04,16,2.2,-999,-999
104061,BORJA,1968,04,17,0.0,-999,-999
104061,BORJA,1968,04,18,2.1,-999,-999
104061,BORJA,1968,04,19,15.1,-999,-999
104061,BORJA,1968,04,20,2.0,-999,-999
104061,BORJA,1968,04,21,86.2,-999,-999
104061,BORJA,1968,04,22,6.3,-999,-999
104061,BORJA,1968,04,23,2.5,-999,-999
104061,BORJA,1968,04,24,0.0,-999,-999
104061,BORJA,1968,04,25,0.0,-999,-999
104061,BORJA,1968,04,26,25.1,-999,-999
104061,BORJA,1968,04,27,0.0,-999,-999
104061,BORJA,1968,04,28,0.0,-999,-999
104061,BORJA,1968,04,29,13.3,-999,-999
104061,BORJA,1968,04,30,103.1,-999,-999
104061,BORJA,1968,05,01,0.0,-999,-999
104061,BORJA,1968,05,02,0.0,-999,-999
104061,BORJA,1968,05,03,0.0,-999,-999
104061,BORJA,1968,05,04,0.0,-999,-999
104061,BORJA,1968,05,05,0.0,-999,-999
104061,BORJA,1968,05,06,0.0,-999,-999
104061,BORJA,1968,05,07,0.0,-999,-999
104061,BORJA,1968,05,08,0.0,-999,-999
104061,BORJA,1968,05,09,15.2,-999,-999
104061,BORJA,1968,05,10,9.3,-999,-999
104061,BORJA,1968,05,11,0.0,-999,-999
104061,BORJA,1968,05,12,2.5,-999,-999
104061,BORJA,1968,05,13,0.0,-999,-999
104061,BORJA,1968,05,14,0.0,-999,-999
104061,BORJA,1968,05,15,11.1,-999,-999
104061,BORJA,1968,05,16,2.2,-999,-999
104061,BORJA,1968,05,17,0.0,-999,-999
104061,BORJA,1968,05,18,0.0,-999,-999
104061,BORJA,1968,05,19,0.0,-999,-999
104061,BORJA,1968,05,20,0.0,-999,-999
104061,BORJA,1968,05,21,5.2,-999,-999
104061,BORJA,1968,05,22,30.5,-999,-999
104061,BORJA,1968,05,23,16.8,-999,-999
104061,BORJA,1968,05,24,0.0,-999,-999
104061,BORJA,1968,05,25,0.0,-999,-999
104061,BORJA,1968,05,26,8.1,-999,-999
104061,BORJA,1968,05,27,8.5,-999,-999
104061,BORJA,1968,05,28,3.8,-999,-999
104061,BORJA,1968,05,29,11.2,-999,-999
104061,BORJA,1968,05,30,0.0,-999,-999
104061,BORJA,1968,05,31,0.0,-999,-999
104061,BORJA,1968,06,01,0.0,-999,-999
104061,BORJA,1968,06,02,0.0,-999,-999
104061,BORJA,1968,06,03,0.0,-999,-999
104061,BORJA,1968,06,04,36.0,-999,-999
104061,BORJA,1968,06,05,26.2,-999,-999
104061,BORJA,1968,06,06,0.0,-999,-999
104061,BORJA,1968,06,07,3.5,-999,-999
104061,BORJA,1968,06,08,24.4,-999,-999
104061,BORJA,1968,06,09,7.9,-999,-999
104061,BORJA,1968,06,10,1.6,-999,-999
104061,BORJA,1968,06,11,2.6,-999,-999
104061,BORJA,1968,06,12,0.0,-999,-999
104061,BORJA,1968,06,13,0.0,-999,-999
104061,BORJA,1968,06,14,2.2,-999,-999
104061,BORJA,1968,06,15,12.2,-999,22.0
104061,BORJA,1968,06,16,0.0,-999,21.8
104061,BORJA,1968,06,17,0.0,-999,21.8
104061,BORJA,1968,06,18,5.2,-999,22.0
104061,BORJA,1968,06,19,0.0,-999,21.4
104061,BORJA,1968,06,20,1.5,-999,21.0
104061,BORJA,1968,06,21,15.8,-999,21.0
104061,BORJA,1968,06,22,6.8,-999,-999
104061,BORJA,1968,06,23,2.0,-999,21.6
104061,BORJA,1968,06,24,7.0,-999,21.6
104061,BORJA,1968,06,25,6.0,-999,20.2
104061,BORJA,1968,06,26,0.0,-999,20.4
104061,BORJA,1968,06,27,0.0,-999,20.4
104061,BORJA,1968,06,28,16.2,-999,21.0
104061,BORJA,1968,06,29,3.8,-999,21.2
104061,BORJA,1968,06,30,0.0,-999,21.4
104061,BORJA,1968,07,01,0.0,27.6,21.2
104061,BORJA,1968,07,02,0.0,28.2,21.8
104061,BORJA,1968,07,03,0.0,29.6,21.6
104061,BORJA,1968,07,04,6.6,29.0,-999
104061,BORJA,1968,07,05,49.0,27.6,-999
104061,BORJA,1968,07,06,45.3,27.0,-999
104061,BORJA,1968,07,07,35.0,27.6,21.0
104061,BORJA,1968,07,08,3.0,28.4,20.8
104061,BORJA,1968,07,09,0.0,29.4,21.4
104061,BORJA,1968,07,10,24.0,29.2,-999
104061,BORJA,1968,07,11,25.0,-999,20.6
104061,BORJA,1968,07,12,4.0,27.4,20.8
104061,BORJA,1968,07,13,0.0,28.2,20.0
104061,BORJA,1968,07,14,0.0,24.6,21.0
104061,BORJA,1968,07,15,0.0,26.6,20.6
104061,BORJA,1968,07,16,1.0,27.8,20.8
104061,BORJA,1968,07,17,16.3,29.7,21.0
104061,BORJA,1968,07,18,4.0,28.8,21.0
104061,BORJA,1968,07,19,11.2,29.4,19.8
104061,BORJA,1968,07,20,0.0,28.0,20.8
104061,BORJA,1968,07,21,0.0,30.0,20.6
104061,BORJA,1968,07,22,0.0,28.6,20.8
104061,BORJA,1968,07,23,8.0,29.4,20.8
104061,BORJA,1968,07,24,1.0,32.2,21.6
104061,BORJA,1968,07,25,1.0,29.4,21.8
104061,BORJA,1968,07,26,42.0,29.2,22.0
104061,BORJA,1968,07,27,18.5,29.0,21.6
104061,BORJA,1968,07,28,8.1,29.0,-999
104061,BORJA,1968,07,29,0.0,29.6,20.2
104061,BORJA,1968,07,30,0.0,31.4,21.4
104061,BORJA,1968,07,31,24.0,30.4,-999
104061,BORJA,1968,08,01,0.0,29.4,20.6
104061,BORJA,1968,08,02,0.0,32.6,20.8
104061,BORJA,1968,08,03,0.0,29.4,21.6
104061,BORJA,1968,08,04,5.0,33.4,21.8
104061,BORJA,1968,08,05,2.0,28.6,22.0
104061,BORJA,1968,08,06,48.2,-999,21.8
104061,BORJA,1968,08,07,32.7,-999,21.4
104061,BORJA,1968,08,08,0.0,-999,22.8
104061,BORJA,1968,08,09,8.3,30.6,23.3
104061,BORJA,1968,08,10,0.0,30.6,-999
104061,BORJA,1968,08,11,11.9,28.4,21.2
104061,BORJA,1968,08,12,25.1,30.8,23.0
104061,BORJA,1968,08,13,9.8,30.8,21.8
104061,BORJA,1968,08,14,0.0,32.2,23.4
104061,BORJA,1968,08,15,4.8,29.2,22.4
104061,BORJA,1968,08,16,8.4,31.4,22.0
104061,BORJA,1968,08,17,0.0,28.6,22.2
104061,BORJA,1968,08,18,1.0,31.2,22.4
104061,BORJA,1968,08,19,8.0,28.2,-999
104061,BORJA,1968,08,20,0.0,30.0,20.8
104061,BORJA,1968,08,21,0.0,29.0,20.2
104061,BORJA,1968,08,22,65.5,32.2,21.2
104061,BORJA,1968,08,23,0.0,29.9,20.4
104061,BORJA,1968,08,24,0.0,27.6,20.2
104061,BORJA,1968,08,25,49.2,30.2,20.0
104061,BORJA,1968,08,26,29.0,27.2,20.6
104061,BORJA,1968,08,27,26.8,30.0,22.8
104061,BORJA,1968,08,28,0.0,31.2,22.0
104061,BORJA,1968,08,29,12.0,35.0,21.6
104061,BORJA,1968,08,30,0.0,-999,21.0
104061,BORJA,1968,08,31,0.0,-999,21.4
104061,BORJA,1968,09,01,0.8,29.0,22.0
104061,BORJA,1968,09,02,64.3,29.2,21.8
104061,BORJA,1968,09,03,32.3,25.8,21.2
104061,BORJA,1968,09,04,6.8,29.0,20.6
104061,BORJA,1968,09,05,0.8,26.6,20.5
104061,BORJA,1968,09,06,0.0,30.4,21.0
104061,BORJA,1968,09,07,0.0,30.6,21.2
104061,BORJA,1968,09,08,5.2,-999,22.0
104061,BORJA,1968,09,09,0.0,-999,20.8
104061,BORJA,1968,09,10,6.3,29.6,-999
104061,BORJA,1968,09,11,0.0,30.8,-999
104061,BORJA,1968,09,12,12.3,-999,-999
104061,BORJA,1968,09,13,4.2,-999,20.8
104061,BORJA,1968,09,14,0.0,28.4,20.6
104061,BORJA,1968,09,15,0.0,31.0,20.2
104061,BORJA,1968,09,16,74.1,28.0,20.8
104061,BORJA,1968,09,17,0.0,29.6,19.8
104061,BORJA,1968,09,18,5.7,32.8,22.8
104061,BORJA,1968,09,19,13.1,28.8,22.0
104061,BORJA,1968,09,20,6.0,34.4,23.4
104061,BORJA,1968,09,21,34.2,-999,22.2
104061,BORJA,1968,09,22,5.4,34.6,22.8
104061,BORJA,1968,09,23,0.0,31.6,21.4
104061,BORJA,1968,09,24,0.0,34.0,21.6
104061,BORJA,1968,09,25,15.8,31.8,21.9
104061,BORJA,1968,09,26,0.0,-999,22.2
104061,BORJA,1968,09,27,19.0,-999,23.4
104061,BORJA,1968,09,28,0.0,-999,23.2
104061,BORJA,1968,09,29,7.2,31.4,23.2
104061,BORJA,1968,09,30,-999,26.8,22.6
104061,BORJA,1968,10,01,-999,30.0,22.0
104061,BORJA,1968,10,02,-999,28.0,22.4
104061,BORJA,1968,10,03,-999,33.0,22.8
104061,BORJA,1968,10,04,-999,33.0,22.0
104061,BORJA,1968,10,05,-999,29.2,23.0
104061,BORJA,1968,10,06,-999,31.0,22.4
104061,BORJA,1968,10,07,-999,29.0,20.3
104061,BORJA,1968,10,08,-999,28.2,21.6
104061,BORJA,1968,10,09,-999,33.0,22.0
104061,BORJA,1968,10,10,-999,31.8,23.0
104061,BORJA,1968,10,11,-999,30.4,23.2
104061,BORJA,1968,10,12,-999,33.2,23.2
104061,BORJA,1968,10,13,-999,29.8,22.2
104061,BORJA,1968,10,14,-999,-999,22.4
104061,BORJA,1968,10,15,-999,-999,24.4
104061,BORJA,1968,10,16,-999,30.0,22.2
104061,BORJA,1968,10,17,-999,30.0,23.6
104061,BORJA,1968,10,18,-999,-999,25.0
104061,BORJA,1968,10,19,-999,-999,21.2
104061,BORJA,1968,10,20,-999,28.2,21.0
104061,BORJA,1968,10,21,-999,31.2,20.2
104061,BORJA,1968,10,22,-999,29.2,21.2
104061,BORJA,1968,10,23,-999,31.4,22.2
104061,BORJA,1968,10,24,-999,31.6,24.2
104061,BORJA,1968,10,25,-999,32.6,21.4
104061,BORJA,1968,10,26,-999,33.0,23.0
104061,BORJA,1968,10,27,-999,33.2,23.0
104061,BORJA,1968,10,28,-999,30.4,21.4
104061,BORJA,1968,10,29,-999,27.8,23.0
104061,BORJA,1968,10,30,-999,24.4,21.6
104061,BORJA,1968,10,31,-999,27.8,21.2
104061,BORJA,1968,11,01,-999,-999,21.4
104061,BORJA,1968,11,02,-999,-999,-999
104061,BORJA,1968,11,03,-999,30.6,23.2
104061,BORJA,1968,11,04,-999,31.8,21.6
104061,BORJA,1968,11,05,-999,-999,22.6
104061,BORJA,1968,11,06,-999,-999,22.4
104061,BORJA,1968,11,07,-999,30.0,23.8
104061,BORJA,1968,11,08,-999,29.8,22.6
104061,BORJA,1968,11,09,-999,30.2,24.0
104061,BORJA,1968,11,10,-999,31.4,24.2
104061,BORJA,1968,11,11,-999,28.4,-999
104061,BORJA,1968,11,12,-999,32.4,23.0
104061,BORJA,1968,11,13,-999,30.2,22.6
104061,BORJA,1968,11,14,-999,27.6,-999
104061,BORJA,1968,11,15,-999,31.2,23.8
104061,BORJA,1968,11,16,-999,34.2,23.2
104061,BORJA,1968,11,17,-999,32.0,22.6
104061,BORJA,1968,11,18,-999,32.6,21.4
104061,BORJA,1968,11,19,-999,32.0,23.4
104061,BORJA,1968,11,20,-999,32.6,23.4
104061,BORJA,1968,11,21,-999,33.2,24.0
104061,BORJA,1968,11,22,-999,-999,-999
104061,BORJA,1968,11,23,-999,28.0,-999
104061,BORJA,1968,11,24,-999,-999,22.4
104061,BORJA,1968,11,25,-999,-999,23.4
104061,BORJA,1968,11,26,-999,-999,-999
104061,BORJA,1968,11,27,-999,-999,22.0
104061,BORJA,1968,11,28,-999,-999,24.2
104061,BORJA,1968,11,29,-999,33.4,23.4
104061,BORJA,1968,11,30,-999,33.8,24.2
104061,BORJA,1968,12,01,-999,33.4,23.4
104061,BORJA,1968,12,02,-999,31.0,22.2
104061,BORJA,1968,12,03,-999,34.6,23.0
104061,BORJA,1968,12,04,-999,-999,23.0
104061,BORJA,1968,12,05,-999,-999,24.0
104061,BORJA,1968,12,06,-999,27.6,23.0
104061,BORJA,1968,12,07,-999,31.0,24.2
104061,BORJA,1968,12,08,-999,32.2,24.2
104061,BORJA,1968,12,09,-999,29.2,-999
104061,BORJA,1968,12,10,-999,34.0,-999
104061,BORJA,1968,12,11,-999,30.2,-999
104061,BORJA,1968,12,12,-999,30.8,23.2
104061,BORJA,1968,12,13,-999,27.6,-999
104061,BORJA,1968,12,14,-999,-999,-999
104061,BORJA,1968,12,15,-999,-999,23.4
104061,BORJA,1968,12,16,-999,30.0,-999
104061,BORJA,1968,12,17,-999,-999,22.8
104061,BORJA,1968,12,18,-999,28.0,22.4
104061,BORJA,1968,12,19,-999,30.6,-999
104061,BORJA,1968,12,20,-999,30.2,22.8
104061,BORJA,1968,12,21,-999,31.4,24.4
104061,BORJA,1968,12,22,-999,31.4,24.2
104061,BORJA,1968,12,23,-999,32.0,23.0
104061,BORJA,1968,12,24,-999,27.8,24.4
104061,BORJA,1968,12,25,-999,31.2,24.5
104061,BORJA,1968,12,26,-999,-999,-999
104061,BORJA,1968,12,27,-999,28.4,24.2
104061,BORJA,1968,12,28,-999,27.4,21.6
104061,BORJA,1968,12,29,-999,27.4,22.0
104061,BORJA,1968,12,30,-999,-999,23.8
104061,BORJA,1968,12,31,-999,-999,-999
104061,BORJA,1969,01,01,0.0,31.0,23.2
104061,BORJA,1969,01,02,0.0,29.6,23.0
104061,BORJA,1969,01,03,27.0,32.0,24.8
104061,BORJA,1969,01,04,0.0,31.6,21.8
104061,BORJA,1969,01,05,7.5,31.6,22.0
104061,BORJA,1969,01,06,0.0,29.6,25.0
104061,BORJA,1969,01,07,0.0,31.4,24.0
104061,BORJA,1969,01,08,3.3,31.8,24.6
104061,BORJA,1969,01,09,0.0,31.0,22.6
104061,BORJA,1969,01,10,0.0,30.2,23.8
104061,BORJA,1969,01,11,35.2,33.6,23.4
104061,BORJA,1969,01,12,46.8,-999,22.8
104061,BORJA,1969,01,13,13.5,26.2,22.0
104061,BORJA,1969,01,14,0.0,30.2,22.4
104061,BORJA,1969,01,15,4.2,27.8,23.6
104061,BORJA,1969,01,16,0.0,30.8,22.2
104061,BORJA,1969,01,17,8.0,32.4,23.8
104061,BORJA,1969,01,18,0.0,28.2,23.8
104061,BORJA,1969,01,19,0.0,31.6,21.8
104061,BORJA,1969,01,20,0.0,31.8,21.4
104061,BORJA,1969,01,21,1.5,34.0,23.0
104061,BORJA,1969,01,22,2.5,29.8,23.2
104061,BORJA,1969,01,23,51.5,30.8,21.6
104061,BORJA,1969,01,24,2.9,30.2,22.8
104061,BORJA,1969,01,25,2.2,30.4,24.0
104061,BORJA,1969,01,26,10.1,27.8,23.0
104061,BORJA,1969,01,27,20.2,29.4,23.4
104061,BORJA,1969,01,28,2.8,29.6,23.8
104061,BORJA,1969,01,29,0.0,-999,24.0
104061,BORJA,1969,01,30,0.0,-999,25.2
104061,BORJA,1969,01,31,0.0,32.4,22.2
104061,BORJA,1969,02,01,43.2,33.2,22.4
104061,BORJA,1969,02,02,28.2,34.0,22.4
104061,BORJA,1969,02,03,42.5,-999,22.0
104061,BORJA,1969,02,04,9.8,28.8,22.4
104061,BORJA,1969,02,05,0.0,31.8,22.2
104061,BORJA,1969,02,06,0.0,33.2,21.8
104061,BORJA,1969,02,07,0.0,30.2,22.0
104061,BORJA,1969,02,08,132.2,29.2,23.0
104061,BORJA,1969,02,09,10.0,26.2,21.8
104061,BORJA,1969,02,10,3.8,31.0,22.6
104061,BORJA,1969,02,11,4.5,29.6,23.4
104061,BORJA,1969,02,12,21.4,-999,22.8
104061,BORJA,1969,02,13,0.0,-999,23.8
104061,BORJA,1969,02,14,1.5,-999,21.8
104061,BORJA,1969,02,15,0.0,30.4,23.8
104061,BORJA,1969,02,16,0.0,33.4,23.2
104061,BORJA,1969,02,17,0.0,30.8,23.4
104061,BORJA,1969,02,18,0.0,30.0,23.0
104061,BORJA,1969,02,19,46.2,26.6,22.4
104061,BORJA,1969,02,20,9.7,27.0,21.8
104061,BORJA,1969,02,21,2.0,29.4,21.6
104061,BORJA,1969,02,22,0.0,34.0,22.0
104061,BORJA,1969,02,23,0.0,33.8,22.2
104061,BORJA,1969,02,24,6.4,-999,22.8
104061,BORJA,1969,02,25,14.2,-999,22.0
104061,BORJA,1969,02,26,0.0,-999,21.8
104061,BORJA,1969,02,27,8.9,31.0,22.8
104061,BORJA,1969,02,28,0.0,31.8,22.6
104061,BORJA,1969,03,01,2.3,30.8,22.4
104061,BORJA,1969,03,02,7.0,-999,22.8
104061,BORJA,1969,03,03,88.4,-999,21.6
104061,BORJA,1969,03,04,0.0,-999,22.6
104061,BORJA,1969,03,05,0.0,34.0,23.4
104061,BORJA,1969,03,06,0.0,34.8,23.6
104061,BORJA,1969,03,07,0.0,31.8,23.6
104061,BORJA,1969,03,08,0.0,28.4,23.1
104061,BORJA,1969,03,09,3.5,29.4,23.4
104061,BORJA,1969,03,10,31.2,30.6,23.4
104061,BORJA,1969,03,11,0.0,32.8,22.0
104061,BORJA,1969,03,12,74.8,34.2,22.8
104061,BORJA,1969,03,13,0.0,31.6,21.2
104061,BORJA,1969,03,14,0.0,31.6,21.8
104061,BORJA,1969,03,15,0.0,32.2,23.0
104061,BORJA,1969,03,16,0.0,29.0,23.6
104061,BORJA,1969,03,17,0.0,31.6,23.2
104061,BORJA,1969,03,18,0.0,31.4,23.0
104061,BORJA,1969,03,19,2.0,33.6,23.8
104061,BORJA,1969,03,20,140.2,31.0,23.0
104061,BORJA,1969,03,21,52.8,26.8,22.2
104061,BORJA,1969,03,22,0.0,27.8,21.8
104061,BORJA,1969,03,23,0.0,31.4,22.6
104061,BORJA,1969,03,24,0.0,31.4,22.8
104061,BORJA,1969,03,25,0.0,32.6,23.8
104061,BORJA,1969,03,26,0.0,27.8,22.8
104061,BORJA,1969,03,27,0.0,31.4,22.6
104061,BORJA,1969,03,28,12.5,27.2,23.2
104061,BORJA,1969,03,29,0.0,31.0,23.0
104061,BORJA,1969,03,30,0.0,30.8,22.8
104061,BORJA,1969,03,31,-999,30.4,22.0
104061,BORJA,1969,04,01,-999,28.8,-999
104061,BORJA,1969,04,02,-999,27.6,-999
104061,BORJA,1969,04,03,-999,31.4,-999
104061,BORJA,1969,04,04,-999,30.0,-999
104061,BORJA,1969,04,05,-999,-999,-999
104061,BORJA,1969,04,06,-999,-999,-999
104061,BORJA,1969,04,07,-999,-999,-999
104061,BORJA,1969,04,08,-999,28.0,-999
104061,BORJA,1969,04,09,-999,31.8,-999
104061,BORJA,1969,04,10,-999,30.0,-999
104061,BORJA,1969,04,11,-999,31.8,-999
104061,BORJA,1969,04,12,-999,31.2,-999
104061,BORJA,1969,04,13,-999,31.0,-999
104061,BORJA,1969,04,14,-999,33.0,-999
104061,BORJA,1969,04,15,-999,-999,-999
104061,BORJA,1969,04,16,-999,-999,-999
104061,BORJA,1969,04,17,-999,33.4,-999
104061,BORJA,1969,04,18,-999,34.2,-999
104061,BORJA,1969,04,19,-999,30.6,-999
104061,BORJA,1969,04,20,-999,29.2,-999
104061,BORJA,1969,04,21,-999,33.4,-999
104061,BORJA,1969,04,22,-999,30.4,-999
104061,BORJA,1969,04,23,-999,29.4,-999
104061,BORJA,1969,04,24,-999,29.8,-999
104061,BORJA,1969,04,25,-999,31.4,-999
104061,BORJA,1969,04,26,-999,32.6,-999
104061,BORJA,1969,04,27,-999,31.8,-999
104061,BORJA,1969,04,28,-999,31.8,-999
104061,BORJA,1969,04,29,-999,32.4,-999
104061,BORJA,1969,04,30,-999,30.8,-999
104061,BORJA,1969,05,01,0.0,-999,-999
104061,BORJA,1969,05,02,0.0,-999,-999
104061,BORJA,1969,05,03,0.0,-999,-999
104061,BORJA,1969,05,04,47.2,-999,-999
104061,BORJA,1969,05,05,14.0,24.2,-999
104061,BORJA,1969,05,06,0.0,27.6,-999
104061,BORJA,1969,05,07,0.0,29.2,-999
104061,BORJA,1969,05,08,0.0,33.0,-999
104061,BORJA,1969,05,09,0.0,33.0,-999
104061,BORJA,1969,05,10,0.0,32.4,-999
104061,BORJA,1969,05,11,7.4,30.6,-999
104061,BORJA,1969,05,12,9.6,30.0,-999
104061,BORJA,1969,05,13,9.2,-999,-999
104061,BORJA,1969,05,14,18.8,-999,-999
104061,BORJA,1969,05,15,3.5,-999,-999
104061,BORJA,1969,05,16,13.1,31.0,-999
104061,BORJA,1969,05,17,0.0,30.8,-999
104061,BORJA,1969,05,18,0.0,-999,-999
104061,BORJA,1969,05,19,26.2,-999,-999
104061,BORJA,1969,05,20,0.0,28.4,-999
104061,BORJA,1969,05,21,0.0,30.6,-999
104061,BORJA,1969,05,22,16.5,29.8,-999
104061,BORJA,1969,05,23,21.8,27.6,-999
104061,BORJA,1969,05,24,6.2,27.8,-999
104061,BORJA,1969,05,25,0.0,31.8,-999
104061,BORJA,1969,05,26,0.0,31.6,-999
104061,BORJA,1969,05,27,4.8,30.4,-999
104061,BORJA,1969,05,28,0.0,29.6,-999
104061,BORJA,1969,05,29,0.0,31.8,-999
104061,BORJA,1969,05,30,0.8,32.6,-999
104061,BORJA,1969,05,31,3.3,28.0,-999
104061,BORJA,1969,06,01,0.0,32.6,-999
104061,BORJA,1969,06,02,1.2,-999,-999
104061,BORJA,1969,06,03,17.2,-999,-999
104061,BORJA,1969,06,04,19.0,31.4,-999
104061,BORJA,1969,06,05,32.4,26.8,-999
104061,BORJA,1969,06,06,0.8,27.4,-999
104061,BORJA,1969,06,07,0.0,29.2,-999
104061,BORJA,1969,06,08,0.0,29.0,-999
104061,BORJA,1969,06,09,0.0,31.0,-999
104061,BORJA,1969,06,10,4.8,29.4,-999
104061,BORJA,1969,06,11,3.2,30.0,-999
104061,BORJA,1969,06,12,8.0,26.8,-999
104061,BORJA,1969,06,13,2.8,30.2,-999
104061,BORJA,1969,06,14,8.2,29.6,-999
104061,BORJA,1969,06,15,40.8,29.2,-999
104061,BORJA,1969,06,16,3.8,26.8,-999
104061,BORJA,1969,06,17,0.0,30.4,-999
104061,BORJA,1969,06,18,42.8,29.8,-999
104061,BORJA,1969,06,19,50.2,26.0,-999
104061,BORJA,1969,06,20,1.0,28.4,-999
104061,BORJA,1969,06,21,0.0,30.0,-999
104061,BORJA,1969,06,22,0.0,31.2,-999
104061,BORJA,1969,06,23,0.0,31.8,-999
104061,BORJA,1969,06,24,0.0,31.2,-999
104061,BORJA,1969,06,25,0.0,30.0,-999
104061,BORJA,1969,06,26,0.0,27.4,-999
104061,BORJA,1969,06,27,6.0,27.8,-999
104061,BORJA,1969,06,28,13.0,30.2,-999
104061,BORJA,1969,06,29,0.0,28.2,-999
104061,BORJA,1969,06,30,12.0,26.2,-999
104061,BORJA,1969,07,01,23.0,29.8,-999
104061,BORJA,1969,07,02,0.0,30.0,-999
104061,BORJA,1969,07,03,0.0,30.8,-999
104061,BORJA,1969,07,04,0.0,30.0,-999
104061,BORJA,1969,07,05,7.0,29.8,-999
104061,BORJA,1969,07,06,0.0,30.3,-999
104061,BORJA,1969,07,07,0.0,30.8,-999
104061,BORJA,1969,07,08,9.0,26.2,-999
104061,BORJA,1969,07,09,17.0,27.4,-999
104061,BORJA,1969,07,10,1.0,-999,-999
104061,BORJA,1969,07,11,0.0,-999,-999
104061,BORJA,1969,07,12,0.0,-999,-999
104061,BORJA,1969,07,13,0.0,-999,-999
104061,BORJA,1969,07,14,0.0,30.2,-999
104061,BORJA,1969,07,15,0.0,32.0,-999
104061,BORJA,1969,07,16,0.0,32.6,-999
104061,BORJA,1969,07,17,0.0,32.4,-999
104061,BORJA,1969,07,18,0.0,32.0,-999
104061,BORJA,1969,07,19,3.0,28.8,-999
104061,BORJA,1969,07,20,0.0,31.0,-999
104061,BORJA,1969,07,21,0.0,32.4,-999
104061,BORJA,1969,07,22,0.0,31.6,-999
104061,BORJA,1969,07,23,46.0,28.6,-999
104061,BORJA,1969,07,24,0.0,-999,-999
104061,BORJA,1969,07,25,0.0,-999,-999
104061,BORJA,1969,07,26,2.0,31.0,-999
104061,BORJA,1969,07,27,0.0,27.8,-999
104061,BORJA,1969,07,28,0.0,32.4,-999
104061,BORJA,1969,07,29,0.0,31.8,-999
104061,BORJA,1969,07,30,0.0,31.6,-999
104061,BORJA,1969,07,31,0.0,32.0,-999
104061,BORJA,1969,08,01,27.0,26.8,-999
104061,BORJA,1969,08,02,4.3,25.6,-999
104061,BORJA,1969,08,03,0.0,30.0,-999
104061,BORJA,1969,08,04,0.0,28.4,-999
104061,BORJA,1969,08,05,0.0,32.6,-999
104061,BORJA,1969,08,06,27.0,-999,-999
104061,BORJA,1969,08,07,40.0,-999,-999
104061,BORJA,1969,08,08,7.0,25.8,-999
104061,BORJA,1969,08,09,0.0,28.6,-999
104061,BORJA,1969,08,10,0.0,31.2,-999
104061,BORJA,1969,08,11,0.0,32.4,-999
104061,BORJA,1969,08,12,0.0,29.3,-999
104061,BORJA,1969,08,13,3.0,29.6,-999
104061,BORJA,1969,08,14,22.0,29.4,-999
104061,BORJA,1969,08,15,32.0,29.4,-999
104061,BORJA,1969,08,16,0.0,28.8,-999
104061,BORJA,1969,08,17,28.0,31.0,-999
104061,BORJA,1969,08,18,0.0,28.6,-999
104061,BORJA,1969,08,19,0.0,31.4,-999
104061,BORJA,1969,08,20,2.0,33.0,-999
104061,BORJA,1969,08,21,0.0,30.8,-999
104061,BORJA,1969,08,22,46.0,27.0,-999
104061,BORJA,1969,08,23,0.0,28.6,-999
104061,BORJA,1969,08,24,0.0,30.4,-999
104061,BORJA,1969,08,25,7.0,29.0,-999
104061,BORJA,1969,08,26,0.0,30.2,-999
104061,BORJA,1969,08,27,0.0,31.0,-999
104061,BORJA,1969,08,28,0.0,30.4,-999
104061,BORJA,1969,08,29,0.0,31.4,-999
104061,BORJA,1969,08,30,42.0,27.4,-999
104061,BORJA,1969,08,31,6.0,27.8,-999
104061,BORJA,1969,09,01,5.0,30.6,-999
104061,BORJA,1969,09,02,0.0,32.2,-999
104061,BORJA,1969,09,03,0.0,29.8,-999
104061,BORJA,1969,09,04,0.0,30.4,-999
104061,BORJA,1969,09,05,0.0,32.0,-999
104061,BORJA,1969,09,06,8.0,29.0,-999
104061,BORJA,1969,09,07,10.0,30.6,-999
104061,BORJA,1969,09,08,13.0,28.8,-999
104061,BORJA,1969,09,09,30.0,27.8,-999
104061,BORJA,1969,09,10,0.0,31.0,-999
104061,BORJA,1969,09,11,8.0,30.4,-999
104061,BORJA,1969,09,12,0.0,30.6,-999
104061,BORJA,1969,09,13,0.0,32.8,-999
104061,BORJA,1969,09,14,0.0,30.0,-999
104061,BORJA,1969,09,15,0.0,34.0,-999
104061,BORJA,1969,09,16,0.0,32.6,-999
104061,BORJA,1969,09,17,0.0,33.2,-999
104061,BORJA,1969,09,18,0.0,33.2,-999
104061,BORJA,1969,09,19,0.0,-999,-999
104061,BORJA,1969,09,20,0.0,-999,-999
104061,BORJA,1969,09,21,23.0,31.2,-999
104061,BORJA,1969,09,22,0.0,30.2,-999
104061,BORJA,1969,09,23,0.0,33.2,-999
104061,BORJA,1969,09,24,0.0,30.8,-999
104061,BORJA,1969,09,25,0.0,32.2,-999
104061,BORJA,1969,09,26,15.0,32.6,-999
104061,BORJA,1969,09,27,3.0,29.4,-999
104061,BORJA,1969,09,28,0.0,33.2,-999
104061,BORJA,1969,09,29,4.0,31.6,-999
104061,BORJA,1969,09,30,0.0,31.8,-999
104061,BORJA,1969,10,01,42.0,28.6,-999
104061,BORJA,1969,10,02,0.0,30.0,-999
104061,BORJA,1969,10,03,50.0,32.6,-999
104061,BORJA,1969,10,04,0.0,32.0,-999
104061,BORJA,1969,10,05,0.0,33.6,-999
104061,BORJA,1969,10,06,26.0,32.0,-999
104061,BORJA,1969,10,07,36.0,27.2,-999
104061,BORJA,1969,10,08,4.0,-999,-999
104061,BORJA,1969,10,09,0.0,-999,-999
104061,BORJA,1969,10,10,0.0,33.2,-999
104061,BORJA,1969,10,11,0.0,32.8,-999
104061,BORJA,1969,10,12,0.0,33.8,-999
104061,BORJA,1969,10,13,87.0,-999,-999
104061,BORJA,1969,10,14,0.0,-999,-999
104061,BORJA,1969,10,15,67.0,-999,-999
104061,BORJA,1969,10,16,0.0,28.6,-999
104061,BORJA,1969,10,17,0.0,31.6,-999
104061,BORJA,1969,10,18,5.0,32.4,-999
104061,BORJA,1969,10,19,19.0,28.8,-999
104061,BORJA,1969,10,20,0.0,31.6,-999
104061,BORJA,1969,10,21,0.0,31.8,-999
104061,BORJA,1969,10,22,10.0,-999,-999
104061,BORJA,1969,10,23,4.0,-999,-999
104061,BORJA,1969,10,24,6.0,-999,-999
104061,BORJA,1969,10,25,0.0,-999,-999
104061,BORJA,1969,10,26,15.0,32.6,-999
104061,BORJA,1969,10,27,52.0,34.2,-999
104061,BORJA,1969,10,28,25.0,30.0,-999
104061,BORJA,1969,10,29,0.0,32.8,-999
104061,BORJA,1969,10,30,0.0,33.8,-999
104061,BORJA,1969,10,31,6.0,33.0,-999
104061,BORJA,1969,11,01,0.0,29.6,-999
104061,BORJA,1969,11,02,12.0,32.6,-999
104061,BORJA,1969,11,03,0.0,31.2,-999
104061,BORJA,1969,11,04,0.0,30.8,-999
104061,BORJA,1969,11,05,15.0,34.4,-999
104061,BORJA,1969,11,06,0.0,32.4,-999
104061,BORJA,1969,11,07,0.0,32.6,-999
104061,BORJA,1969,11,08,0.0,33.8,-999
104061,BORJA,1969,11,09,0.0,29.4,-999
104061,BORJA,1969,11,10,7.0,31.6,-999
104061,BORJA,1969,11,11,0.0,30.0,-999
104061,BORJA,1969,11,12,0.0,32.6,23.4
104061,BORJA,1969,11,13,4.0,31.2,23.0
104061,BORJA,1969,11,14,0.0,33.0,21.8
104061,BORJA,1969,11,15,12.0,31.4,23.2
104061,BORJA,1969,11,16,0.0,34.0,24.0
104061,BORJA,1969,11,17,12.0,34.8,23.8
104061,BORJA,1969,11,18,125.0,30.0,24.2
104061,BORJA,1969,11,19,1.0,27.4,22.2
104061,BORJA,1969,11,20,31.0,27.6,21.6
104061,BORJA,1969,11,21,9.0,30.8,22.2
104061,BORJA,1969,11,22,2.0,30.4,22.8
104061,BORJA,1969,11,23,8.0,29.6,23.0
104061,BORJA,1969,11,24,13.0,29.6,22.2
104061,BORJA,1969,11,25,18.0,26.0,22.2
104061,BORJA,1969,11,26,16.0,28.2,22.8
104061,BORJA,1969,11,27,3.0,30.0,22.6
104061,BORJA,1969,11,28,8.0,27.6,22.8
104061,BORJA,1969,11,29,0.0,31.2,22.2
104061,BORJA,1969,11,30,0.0,33.8,23.2
104061,BORJA,1969,12,01,3.0,33.8,23.0
104061,BORJA,1969,12,02,5.0,31.6,23.0
104061,BORJA,1969,12,03,48.0,30.0,22.0
104061,BORJA,1969,12,04,0.0,27.6,22.2
104061,BORJA,1969,12,05,0.0,-999,22.2
104061,BORJA,1969,12,06,57.0,-999,21.6
104061,BORJA,1969,12,07,0.0,-999,20.0
104061,BORJA,1969,12,08,2.0,31.0,22.8
104061,BORJA,1969,12,09,0.0,29.4,22.8
104061,BORJA,1969,12,10,0.0,-999,-999
104061,BORJA,1969,12,11,10.0,27.8,22.8
104061,BORJA,1969,12,12,0.0,32.8,23.4
104061,BORJA,1969,12,13,15.0,-999,22.6
104061,BORJA,1969,12,14,32.0,-999,21.8
104061,BORJA,1969,12,15,3.0,26.8,21.0
104061,BORJA,1969,12,16,0.0,30.4,22.2
104061,BORJA,1969,12,17,0.0,32.0,22.6
104061,BORJA,1969,12,18,0.0,32.2,22.2
104061,BORJA,1969,12,19,18.0,31.2,22.6
104061,BORJA,1969,12,20,6.0,30.4,21.4
104061,BORJA,1969,12,21,0.0,-999,-999
104061,BORJA,1969,12,22,10.0,30.6,22.6
104061,BORJA,1969,12,23,0.0,30.4,22.6
104061,BORJA,1969,12,24,25.0,31.0,22.2
104061,BORJA,1969,12,25,5.0,30.4,21.0
104061,BORJA,1969,12,26,0.0,30.4,21.0
104061,BORJA,1969,12,27,0.0,33.0,22.1
104061,BORJA,1969,12,28,0.0,33.1,23.0
104061,BORJA,1969,12,29,31.0,33.1,22.4
104061,BORJA,1969,12,30,8.0,33.0,22.1
104061,BORJA,1969,12,31,0.0,30.0,22.3
104061,BORJA,1970,01,01,0.0,28.0,-999
104061,BORJA,1970,01,02,41.0,29.2,-999
104061,BORJA,1970,01,03,13.0,-999,-999
104061,BORJA,1970,01,04,5.0,-999,-999
104061,BORJA,1970,01,05,5.0,-999,-999
104061,BORJA,1970,01,06,8.0,30.3,-999
104061,BORJA,1970,01,07,16.0,30.0,-999
104061,BORJA,1970,01,08,10.0,28.4,-999
104061,BORJA,1970,01,09,33.0,28.4,-999
104061,BORJA,1970,01,10,86.0,31.1,-999
104061,BORJA,1970,01,11,49.0,29.0,-999
104061,BORJA,1970,01,12,0.0,32.2,-999
104061,BORJA,1970,01,13,0.0,32.1,-999
104061,BORJA,1970,01,14,0.0,27.3,-999
104061,BORJA,1970,01,15,0.0,28.0,-999
104061,BORJA,1970,01,16,4.0,32.3,-999
104061,BORJA,1970,01,17,0.0,29.4,-999
104061,BORJA,1970,01,18,0.0,29.4,-999
104061,BORJA,1970,01,19,110.0,33.1,-999
104061,BORJA,1970,01,20,25.0,30.0,-999
104061,BORJA,1970,01,21,0.0,30.0,-999
104061,BORJA,1970,01,22,0.0,34.0,-999
104061,BORJA,1970,01,23,17.0,34.0,-999
104061,BORJA,1970,01,24,9.0,30.0,-999
104061,BORJA,1970,01,25,0.0,30.2,-999
104061,BORJA,1970,01,26,0.0,28.4,-999
104061,BORJA,1970,01,27,4.0,32.1,-999
104061,BORJA,1970,01,28,0.0,27.4,-999
104061,BORJA,1970,01,29,8.0,29.3,-999
104061,BORJA,1970,01,30,0.0,29.3,-999
104061,BORJA,1970,01,31,5.0,29.0,-999
104061,BORJA,1970,02,01,16.0,30.3,-999
104061,BORJA,1970,02,02,0.0,28.0,-999
104061,BORJA,1970,02,03,0.0,31.1,-999
104061,BORJA,1970,02,04,13.0,29.2,-999
104061,BORJA,1970,02,05,0.0,30.3,-999
104061,BORJA,1970,02,06,14.0,31.4,-999
104061,BORJA,1970,02,07,0.0,29.3,-999
104061,BORJA,1970,02,08,18.0,29.0,-999
104061,BORJA,1970,02,09,28.0,25.3,-999
104061,BORJA,1970,02,10,0.0,30.0,-999
104061,BORJA,1970,02,11,46.0,25.0,-999
104061,BORJA,1970,02,12,0.0,30.0,-999
104061,BORJA,1970,02,13,10.0,32.0,-999
104061,BORJA,1970,02,14,0.0,-999,-999
104061,BORJA,1970,02,15,45.0,-999,-999
104061,BORJA,1970,02,16,6.0,30.3,-999
104061,BORJA,1970,02,17,6.0,29.1,-999
104061,BORJA,1970,02,18,8.0,30.3,-999
104061,BORJA,1970,02,19,6.0,29.3,-999
104061,BORJA,1970,02,20,7.0,31.1,-999
104061,BORJA,1970,02,21,0.0,-999,-999
104061,BORJA,1970,02,22,80.0,33.1,-999
104061,BORJA,1970,02,23,13.0,-999,-999
104061,BORJA,1970,02,24,0.0,-999,-999
104061,BORJA,1970,02,25,0.0,-999,-999
104061,BORJA,1970,02,26,0.0,32.0,-999
104061,BORJA,1970,02,27,5.0,30.4,-999
104061,BORJA,1970,02,28,0.0,29.3,-999
104061,BORJA,1970,03,01,4.0,28.4,-999
104061,BORJA,1970,03,02,0.0,33.2,-999
104061,BORJA,1970,03,03,4.0,30.0,-999
104061,BORJA,1970,03,04,0.0,28.4,-999
104061,BORJA,1970,03,05,0.0,31.1,-999
104061,BORJA,1970,03,06,30.0,31.1,-999
104061,BORJA,1970,03,07,11.0,26.4,-999
104061,BORJA,1970,03,08,0.0,30.2,-999
104061,BORJA,1970,03,09,19.0,28.4,-999
104061,BORJA,1970,03,10,4.0,29.0,-999
104061,BORJA,1970,03,11,10.0,31.2,-999
104061,BORJA,1970,03,12,0.0,26.3,-999
104061,BORJA,1970,03,13,0.0,28.0,-999
104061,BORJA,1970,03,14,2.0,29.4,-999
104061,BORJA,1970,03,15,0.0,31.2,-999
104061,BORJA,1970,03,16,0.0,31.0,-999
104061,BORJA,1970,03,17,18.0,31.4,-999
104061,BORJA,1970,03,18,6.0,28.4,-999
104061,BORJA,1970,03,19,45.0,25.4,-999
104061,BORJA,1970,03,20,0.0,29.3,-999
104061,BORJA,1970,03,21,0.0,-999,-999
104061,BORJA,1970,03,22,40.0,-999,-999
104061,BORJA,1970,03,23,51.0,29.1,-999
104061,BORJA,1970,03,24,7.0,29.2,-999
104061,BORJA,1970,03,25,7.0,26.4,-999
104061,BORJA,1970,03,26,6.0,30.2,-999
104061,BORJA,1970,03,27,65.0,-999,-999
104061,BORJA,1970,03,28,0.0,-999,-999
104061,BORJA,1970,03,29,10.0,-999,-999
104061,BORJA,1970,03,30,48.0,-999,-999
104061,BORJA,1970,03,31,0.0,29.4,-999
104061,BORJA,1970,04,01,0.0,30.3,-999
104061,BORJA,1970,04,02,18.0,29.4,-999
104061,BORJA,1970,04,03,8.0,30.1,-999
104061,BORJA,1970,04,04,0.0,28.3,-999
104061,BORJA,1970,04,05,20.0,29.3,-999
104061,BORJA,1970,04,06,45.0,29.3,-999
104061,BORJA,1970,04,07,0.0,27.0,-999
104061,BORJA,1970,04,08,0.0,27.3,-999
104061,BORJA,1970,04,09,0.0,30.3,-999
104061,BORJA,1970,04,10,23.0,31.1,-999
104061,BORJA,1970,04,11,0.0,29.0,-999
104061,BORJA,1970,04,12,0.0,32.2,-999
104061,BORJA,1970,04,13,0.0,30.0,-999
104061,BORJA,1970,04,14,55.0,31.3,-999
104061,BORJA,1970,04,15,22.0,29.0,-999
104061,BORJA,1970,04,16,16.0,27.3,-999
104061,BORJA,1970,04,17,0.0,27.4,-999
104061,BORJA,1970,04,18,20.0,27.2,-999
104061,BORJA,1970,04,19,10.0,29.3,-999
104061,BORJA,1970,04,20,4.0,-999,-999
104061,BORJA,1970,04,21,0.0,-999,-999
104061,BORJA,1970,04,22,36.0,28.3,-999
104061,BORJA,1970,04,23,39.0,25.2,-999
104061,BORJA,1970,04,24,18.0,27.2,-999
104061,BORJA,1970,04,25,8.0,25.1,-999
104061,BORJA,1970,04,26,0.0,28.0,-999
104061,BORJA,1970,04,27,0.0,27.4,-999
104061,BORJA,1970,04,28,0.0,28.3,-999
104061,BORJA,1970,04,29,3.0,30.3,-999
104061,BORJA,1970,04,30,10.0,26.4,-999
104061,BORJA,1970,05,01,5.0,29.3,-999
104061,BORJA,1970,05,02,0.0,27.4,-999
104061,BORJA,1970,05,03,0.0,28.0,-999
104061,BORJA,1970,05,04,0.0,32.0,-999
104061,BORJA,1970,05,05,6.0,30.3,-999
104061,BORJA,1970,05,06,0.0,31.3,-999
104061,BORJA,1970,05,07,12.0,27.1,-999
104061,BORJA,1970,05,08,7.0,-999,-999
104061,BORJA,1970,05,09,15.0,-999,-999
104061,BORJA,1970,05,10,42.0,30.3,-999
104061,BORJA,1970,05,11,56.0,25.3,-999
104061,BORJA,1970,05,12,9.0,26.4,-999
104061,BORJA,1970,05,13,20.0,28.0,-999
104061,BORJA,1970,05,14,48.0,28.2,-999
104061,BORJA,1970,05,15,67.0,30.3,-999
104061,BORJA,1970,05,16,0.0,29.1,-999
104061,BORJA,1970,05,17,0.0,30.3,-999
104061,BORJA,1970,05,18,24.0,29.3,-999
104061,BORJA,1970,05,19,3.0,29.4,-999
104061,BORJA,1970,05,20,3.0,29.2,-999
104061,BORJA,1970,05,21,18.0,27.1,-999
104061,BORJA,1970,05,22,5.0,26.3,-999
104061,BORJA,1970,05,23,0.0,28.4,-999
104061,BORJA,1970,05,24,0.0,29.3,-999
104061,BORJA,1970,05,25,0.0,30.3,-999
104061,BORJA,1970,05,26,0.0,32.4,-999
104061,BORJA,1970,05,27,0.0,29.3,-999
104061,BORJA,1970,05,28,26.0,31.0,-999
104061,BORJA,1970,05,29,6.0,29.0,-999
104061,BORJA,1970,05,30,19.0,29.4,-999
104061,BORJA,1970,05,31,19.0,30.1,-999
104061,BORJA,1970,06,01,8.0,31.2,-999
104061,BORJA,1970,06,02,12.0,29.8,-999
104061,BORJA,1970,06,03,0.0,26.3,-999
104061,BORJA,1970,06,04,0.0,29.3,-999
104061,BORJA,1970,06,05,0.0,30.1,-999
104061,BORJA,1970,06,06,7.0,30.4,-999
104061,BORJA,1970,06,07,74.0,26.0,-999
104061,BORJA,1970,06,08,13.0,26.0,-999
104061,BORJA,1970,06,09,7.0,29.0,-999
104061,BORJA,1970,06,10,0.0,30.4,-999
104061,BORJA,1970,06,11,0.0,32.1,-999
104061,BORJA,1970,06,12,0.0,31.3,-999
104061,BORJA,1970,06,13,0.0,32.4,-999
104061,BORJA,1970,06,14,0.0,33.4,-999
104061,BORJA,1970,06,15,0.0,31.3,-999
104061,BORJA,1970,06,16,9.0,28.4,-999
104061,BORJA,1970,06,17,41.0,28.3,-999
104061,BORJA,1970,06,18,0.0,29.0,-999
104061,BORJA,1970,06,19,4.0,28.0,-999
104061,BORJA,1970,06,20,0.0,30.0,-999
104061,BORJA,1970,06,21,0.0,33.0,-999
104061,BORJA,1970,06,22,0.0,29.1,-999
104061,BORJA,1970,06,23,9.0,29.0,-999
104061,BORJA,1970,06,24,28.0,25.3,-999
104061,BORJA,1970,06,25,10.0,25.0,-999
104061,BORJA,1970,06,26,0.0,25.0,-999
104061,BORJA,1970,06,27,0.0,28.1,-999
104061,BORJA,1970,06,28,0.0,30.1,-999
104061,BORJA,1970,06,29,0.0,31.2,-999
104061,BORJA,1970,06,30,0.0,32.3,-999
104061,BORJA,1970,07,01,31.0,29.1,-999
104061,BORJA,1970,07,02,30.0,24.1,-999
104061,BORJA,1970,07,03,4.0,27.2,-999
104061,BORJA,1970,07,04,0.0,27.4,-999
104061,BORJA,1970,07,05,0.0,29.1,-999
104061,BORJA,1970,07,06,0.0,30.0,-999
104061,BORJA,1970,07,07,5.0,29.2,-999
104061,BORJA,1970,07,08,37.0,27.4,-999
104061,BORJA,1970,07,09,21.0,25.1,-999
104061,BORJA,1970,07,10,0.0,24.2,-999
104061,BORJA,1970,07,11,0.0,25.1,-999
104061,BORJA,1970,07,12,0.0,29.1,-999
104061,BORJA,1970,07,13,0.0,30.2,-999
104061,BORJA,1970,07,14,0.0,29.0,-999
104061,BORJA,1970,07,15,0.0,30.3,-999
104061,BORJA,1970,07,16,4.0,28.3,-999
104061,BORJA,1970,07,17,45.0,27.3,-999
104061,BORJA,1970,07,18,0.0,27.2,-999
104061,BORJA,1970,07,19,11.0,31.0,-999
104061,BORJA,1970,07,20,30.0,26.3,-999
104061,BORJA,1970,07,21,0.0,29.2,-999
104061,BORJA,1970,07,22,0.0,27.1,-999
104061,BORJA,1970,07,23,0.0,31.2,-999
104061,BORJA,1970,07,24,0.0,29.3,-999
104061,BORJA,1970,07,25,0.0,31.2,-999
104061,BORJA,1970,07,26,0.0,31.2,-999
104061,BORJA,1970,07,27,96.0,30.2,-999
104061,BORJA,1970,07,28,0.0,28.0,-999
104061,BORJA,1970,07,29,0.0,29.0,-999
104061,BORJA,1970,07,30,21.0,29.2,-999
104061,BORJA,1970,07,31,20.0,26.3,-999
104061,BORJA,1970,08,01,0.0,31.3,-999
104061,BORJA,1970,08,02,0.0,32.1,-999
104061,BORJA,1970,08,03,0.0,32.1,-999
104061,BORJA,1970,08,04,0.0,32.3,-999
104061,BORJA,1970,08,05,3.0,31.0,-999
104061,BORJA,1970,08,06,0.0,32.0,-999
104061,BORJA,1970,08,07,0.0,31.3,-999
104061,BORJA,1970,08,08,0.0,31.3,-999
104061,BORJA,1970,08,09,0.0,29.2,-999
104061,BORJA,1970,08,10,0.0,31.0,-999
104061,BORJA,1970,08,11,0.0,32.0,-999
104061,BORJA,1970,08,12,0.0,32.4,-999
104061,BORJA,1970,08,13,0.0,-999,-999
104061,BORJA,1970,08,14,26.0,-999,-999
104061,BORJA,1970,08,15,0.0,28.2,-999
104061,BORJA,1970,08,16,0.0,29.2,-999
104061,BORJA,1970,08,17,0.0,31.4,-999
104061,BORJA,1970,08,18,6.0,30.4,-999
104061,BORJA,1970,08,19,0.0,31.4,-999
104061,BORJA,1970,08,20,0.0,34.0,-999
104061,BORJA,1970,08,21,0.0,33.2,-999
104061,BORJA,1970,08,22,0.0,31.4,-999
104061,BORJA,1970,08,23,31.0,-999,-999
104061,BORJA,1970,08,24,5.0,-999,-999
104061,BORJA,1970,08,25,4.0,29.4,-999
104061,BORJA,1970,08,26,0.0,31.3,-999
104061,BORJA,1970,08,27,4.0,29.3,-999
104061,BORJA,1970,08,28,0.0,31.0,-999
104061,BORJA,1970,08,29,25.0,31.2,-999
104061,BORJA,1970,08,30,16.0,33.1,-999
104061,BORJA,1970,08,31,6.0,31.3,-999
104061,BORJA,1970,09,01,50.0,32.2,-999
104061,BORJA,1970,09,02,9.0,29.2,-999
104061,BORJA,1970,09,03,0.0,-999,-999
104061,BORJA,1970,09,04,4.0,-999,-999
104061,BORJA,1970,09,05,2.0,-999,-999
104061,BORJA,1970,09,06,0.0,28.3,-999
104061,BORJA,1970,09,07,20.0,-999,-999
104061,BORJA,1970,09,08,16.0,-999,-999
104061,BORJA,1970,09,09,0.0,-999,-999
104061,BORJA,1970,09,10,11.0,30.4,-999
104061,BORJA,1970,09,11,0.0,30.2,-999
104061,BORJA,1970,09,12,0.0,30.2,-999
104061,BORJA,1970,09,13,0.0,32.3,-999
104061,BORJA,1970,09,14,25.0,27.3,-999
104061,BORJA,1970,09,15,0.0,27.4,-999
104061,BORJA,1970,09,16,0.0,30.2,-999
104061,BORJA,1970,09,17,0.0,32.1,-999
104061,BORJA,1970,09,18,4.0,31.1,-999
104061,BORJA,1970,09,19,5.0,31.0,-999
104061,BORJA,1970,09,20,0.0,31.3,-999
104061,BORJA,1970,09,21,0.0,31.2,-999
104061,BORJA,1970,09,22,4.0,31.2,-999
104061,BORJA,1970,09,23,0.0,32.0,-999
104061,BORJA,1970,09,24,0.0,33.2,-999
104061,BORJA,1970,09,25,0.0,28.4,-999
104061,BORJA,1970,09,26,20.0,31.1,-999
104061,BORJA,1970,09,27,0.0,-999,-999
104061,BORJA,1970,09,28,44.0,-999,-999
104061,BORJA,1970,09,29,0.0,29.3,-999
104061,BORJA,1970,09,30,0.0,32.0,-999
104061,BORJA,1970,10,01,0.0,33.3,-999
104061,BORJA,1970,10,02,0.0,29.3,-999
104061,BORJA,1970,10,03,0.0,34.3,-999
104061,BORJA,1970,10,04,25.0,-999,-999
104061,BORJA,1970,10,05,0.0,-999,-999
104061,BORJA,1970,10,06,0.0,-999,-999
104061,BORJA,1970,10,07,0.0,29.3,-999
104061,BORJA,1970,10,08,0.0,32.2,-999
104061,BORJA,1970,10,09,60.0,27.3,-999
104061,BORJA,1970,10,10,20.0,29.0,-999
104061,BORJA,1970,10,11,0.0,30.2,-999
104061,BORJA,1970,10,12,5.0,30.1,-999
104061,BORJA,1970,10,13,0.0,31.4,-999
104061,BORJA,1970,10,14,0.0,34.2,-999
104061,BORJA,1970,10,15,24.0,29.4,-999
104061,BORJA,1970,10,16,6.0,31.2,-999
104061,BORJA,1970,10,17,0.0,33.1,-999
104061,BORJA,1970,10,18,0.0,31.3,-999
104061,BORJA,1970,10,19,19.0,-999,-999
104061,BORJA,1970,10,20,23.0,-999,-999
104061,BORJA,1970,10,21,0.0,-999,-999
104061,BORJA,1970,10,22,0.0,32.1,-999
104061,BORJA,1970,10,23,0.0,31.4,-999
104061,BORJA,1970,10,24,0.0,30.1,-999
104061,BORJA,1970,10,25,28.0,32.0,-999
104061,BORJA,1970,10,26,0.0,30.0,-999
104061,BORJA,1970,10,27,7.0,29.3,-999
104061,BORJA,1970,10,28,0.0,33.0,-999
104061,BORJA,1970,10,29,48.0,-999,-999
104061,BORJA,1970,10,30,14.0,-999,-999
104061,BORJA,1970,10,31,3.0,-999,-999
104061,BORJA,1970,11,01,21.0,31.3,-999
104061,BORJA,1970,11,02,0.0,29.2,-999
104061,BORJA,1970,11,03,36.0,27.3,-999
104061,BORJA,1970,11,04,0.0,29.3,-999
104061,BORJA,1970,11,05,0.0,32.3,-999
104061,BORJA,1970,11,06,0.0,33.0,-999
104061,BORJA,1970,11,07,0.0,31.1,-999
104061,BORJA,1970,11,08,24.0,30.0,-999
104061,BORJA,1970,11,09,0.0,31.2,-999
104061,BORJA,1970,11,10,8.0,27.2,-999
104061,BORJA,1970,11,11,24.0,27.1,-999
104061,BORJA,1970,11,12,0.0,30.3,-999
104061,BORJA,1970,11,13,0.0,-999,-999
104061,BORJA,1970,11,14,55.0,-999,-999
104061,BORJA,1970,11,15,0.0,-999,-999
104061,BORJA,1970,11,16,0.0,33.1,-999
104061,BORJA,1970,11,17,30.0,33.3,-999
104061,BORJA,1970,11,18,6.0,31.0,-999
104061,BORJA,1970,11,19,8.0,26.2,-999
104061,BORJA,1970,11,20,0.0,30.2,-999
104061,BORJA,1970,11,21,0.0,33.2,-999
104061,BORJA,1970,11,22,0.0,29.0,-999
104061,BORJA,1970,11,23,31.0,30.3,-999
104061,BORJA,1970,11,24,0.0,27.0,-999
104061,BORJA,1970,11,25,0.0,-999,-999
104061,BORJA,1970,11,26,0.0,-999,-999
104061,BORJA,1970,11,27,0.0,-999,-999
104061,BORJA,1970,11,28,10.0,-999,-999
104061,BORJA,1970,11,29,24.0,26.3,-999
104061,BORJA,1970,11,30,5.0,25.4,-999
104061,BORJA,1970,12,01,0.0,30.0,-999
104061,BORJA,1970,12,02,0.0,32.3,-999
104061,BORJA,1970,12,03,53.0,29.3,-999
104061,BORJA,1970,12,04,0.0,30.0,-999
104061,BORJA,1970,12,05,7.0,31.0,-999
104061,BORJA,1970,12,06,5.0,-999,-999
104061,BORJA,1970,12,07,3.0,-999,-999
104061,BORJA,1970,12,08,0.0,31.1,-999
104061,BORJA,1970,12,09,0.0,35.1,-999
104061,BORJA,1970,12,10,0.0,33.1,-999
104061,BORJA,1970,12,11,0.0,33.4,-999
104061,BORJA,1970,12,12,14.0,29.4,-999
104061,BORJA,1970,12,13,65.0,29.2,-999
104061,BORJA,1970,12,14,59.0,29.3,-999
104061,BORJA,1970,12,15,10.0,25.3,-999
104061,BORJA,1970,12,16,25.0,27.3,-999
104061,BORJA,1970,12,17,17.0,30.0,-999
104061,BORJA,1970,12,18,0.0,30.0,-999
104061,BORJA,1970,12,19,9.0,26.0,-999
104061,BORJA,1970,12,20,19.0,27.3,-999
104061,BORJA,1970,12,21,0.0,30.4,-999
104061,BORJA,1970,12,22,0.0,30.0,-999
104061,BORJA,1970,12,23,4.0,28.2,-999
104061,BORJA,1970,12,24,13.0,28.1,-999
104061,BORJA,1970,12,25,26.0,28.3,-999
104061,BORJA,1970,12,26,18.0,27.1,-999
104061,BORJA,1970,12,27,10.0,28.4,-999
104061,BORJA,1970,12,28,42.0,29.4,-999
104061,BORJA,1970,12,29,4.0,29.0,-999
104061,BORJA,1970,12,30,8.0,30.2,-999
104061,BORJA,1970,12,31,25.0,28.3,-999
104061,BORJA,1971,01,01,10.0,26.4,-999
104061,BORJA,1971,01,02,0.0,30.0,-999
104061,BORJA,1971,01,03,0.0,30.3,-999
104061,BORJA,1971,01,04,0.0,30.0,-999
104061,BORJA,1971,01,05,19.0,30.1,-999
104061,BORJA,1971,01,06,5.0,27.0,-999
104061,BORJA,1971,01,07,22.0,27.0,-999
104061,BORJA,1971,01,08,0.0,28.0,-999
104061,BORJA,1971,01,09,0.0,29.2,-999
104061,BORJA,1971,01,10,0.0,29.2,-999
104061,BORJA,1971,01,11,0.0,31.1,-999
104061,BORJA,1971,01,12,10.0,29.4,-999
104061,BORJA,1971,01,13,39.0,28.0,-999
104061,BORJA,1971,01,14,32.0,29.0,-999
104061,BORJA,1971,01,15,15.0,26.1,-999
104061,BORJA,1971,01,16,0.0,30.3,-999
104061,BORJA,1971,01,17,0.0,29.0,-999
104061,BORJA,1971,01,18,0.0,33.1,-999
104061,BORJA,1971,01,19,0.0,31.0,-999
104061,BORJA,1971,01,20,0.0,33.2,-999
104061,BORJA,1971,01,21,19.0,28.2,-999
104061,BORJA,1971,01,22,0.0,29.3,-999
104061,BORJA,1971,01,23,20.0,27.4,-999
104061,BORJA,1971,01,24,19.0,-999,-999
104061,BORJA,1971,01,25,38.0,-999,-999
104061,BORJA,1971,01,26,31.0,26.1,-999
104061,BORJA,1971,01,27,0.0,28.2,-999
104061,BORJA,1971,01,28,28.0,27.2,-999
104061,BORJA,1971,01,29,34.0,27.2,-999
104061,BORJA,1971,01,30,25.0,26.4,-999
104061,BORJA,1971,01,31,18.0,29.2,-999
104061,BORJA,1971,02,01,4.0,29.1,-999
104061,BORJA,1971,02,02,0.0,27.2,-999
104061,BORJA,1971,02,03,0.0,26.1,-999
104061,BORJA,1971,02,04,4.0,30.0,-999
104061,BORJA,1971,02,05,6.0,31.0,-999
104061,BORJA,1971,02,06,34.0,26.3,-999
104061,BORJA,1971,02,07,8.0,-999,-999
104061,BORJA,1971,02,08,0.0,-999,-999
104061,BORJA,1971,02,09,0.0,31.4,-999
104061,BORJA,1971,02,10,0.0,-999,-999
104061,BORJA,1971,02,11,9.0,-999,-999
104061,BORJA,1971,02,12,0.0,26.3,-999
104061,BORJA,1971,02,13,0.0,28.4,-999
104061,BORJA,1971,02,14,0.0,29.1,-999
104061,BORJA,1971,02,15,0.0,27.3,-999
104061,BORJA,1971,02,16,25.0,28.3,-999
104061,BORJA,1971,02,17,13.0,29.1,-999
104061,BORJA,1971,02,18,6.0,30.1,-999
104061,BORJA,1971,02,19,8.0,-999,-999
104061,BORJA,1971,02,20,26.0,-999,-999
104061,BORJA,1971,02,21,17.0,25.2,-999
104061,BORJA,1971,02,22,21.0,25.1,-999
104061,BORJA,1971,02,23,47.0,27.0,-999
104061,BORJA,1971,02,24,5.0,28.1,-999
104061,BORJA,1971,02,25,8.0,26.2,-999
104061,BORJA,1971,02,26,0.0,29.3,-999
104061,BORJA,1971,02,27,5.0,30.3,-999
104061,BORJA,1971,02,28,0.0,31.3,-999
104061,BORJA,1971,03,01,0.0,32.1,-999
104061,BORJA,1971,03,02,23.0,27.1,-999
104061,BORJA,1971,03,03,5.0,29.1,-999
104061,BORJA,1971,03,04,0.0,31.0,-999
104061,BORJA,1971,03,05,0.0,30.1,-999
104061,BORJA,1971,03,06,0.0,28.3,-999
104061,BORJA,1971,03,07,10.0,28.3,-999
104061,BORJA,1971,03,08,6.0,27.2,-999
104061,BORJA,1971,03,09,0.0,29.1,-999
104061,BORJA,1971,03,10,26.0,29.1,-999
104061,BORJA,1971,03,11,8.0,30.0,-999
104061,BORJA,1971,03,12,5.0,28.2,-999
104061,BORJA,1971,03,13,32.0,26.2,-999
104061,BORJA,1971,03,14,0.0,28.4,-999
104061,BORJA,1971,03,15,13.0,27.0,-999
104061,BORJA,1971,03,16,0.0,31.3,-999
104061,BORJA,1971,03,17,3.0,29.1,-999
104061,BORJA,1971,03,18,4.0,28.3,-999
104061,BORJA,1971,03,19,22.0,26.0,-999
104061,BORJA,1971,03,20,0.0,30.0,-999
104061,BORJA,1971,03,21,0.0,29.0,-999
104061,BORJA,1971,03,22,22.0,26.2,-999
104061,BORJA,1971,03,23,5.0,26.3,-999
104061,BORJA,1971,03,24,0.0,31.0,-999
104061,BORJA,1971,03,25,18.0,27.3,-999
104061,BORJA,1971,03,26,0.0,29.3,-999
104061,BORJA,1971,03,27,0.0,31.1,-999
104061,BORJA,1971,03,28,0.0,-999,-999
104061,BORJA,1971,03,29,19.0,-999,-999
104061,BORJA,1971,03,30,0.0,28.0,-999
104061,BORJA,1971,03,31,0.0,28.0,-999
104061,BORJA,1971,04,01,48.0,31.3,-999
104061,BORJA,1971,04,02,12.0,28.2,-999
104061,BORJA,1971,04,03,13.0,32.1,-999
104061,BORJA,1971,04,04,10.0,29.3,-999
104061,BORJA,1971,04,05,0.0,-999,-999
104061,BORJA,1971,04,06,0.0,-999,-999
104061,BORJA,1971,04,07,0.0,32.4,-999
104061,BORJA,1971,04,08,0.0,33.2,-999
104061,BORJA,1971,04,09,0.0,29.1,-999
104061,BORJA,1971,04,10,12.0,28.0,-999
104061,BORJA,1971,04,11,0.0,28.3,-999
104061,BORJA,1971,04,12,0.0,30.3,-999
104061,BORJA,1971,04,13,26.0,26.3,-999
104061,BORJA,1971,04,14,0.0,28.3,-999
104061,BORJA,1971,04,15,0.0,31.1,-999
104061,BORJA,1971,04,16,0.0,28.1,-999
104061,BORJA,1971,04,17,25.0,-999,-999
104061,BORJA,1971,04,18,0.0,-999,-999
104061,BORJA,1971,04,19,6.0,29.1,-999
104061,BORJA,1971,04,20,0.0,31.0,-999
104061,BORJA,1971,04,21,20.0,26.0,-999
104061,BORJA,1971,04,22,24.0,25.1,-999
104061,BORJA,1971,04,23,34.0,-999,-999
104061,BORJA,1971,04,24,52.0,-999,-999
104061,BORJA,1971,04,25,22.0,24.4,-999
104061,BORJA,1971,04,26,0.0,28.0,-999
104061,BORJA,1971,04,27,0.0,28.6,-999
104061,BORJA,1971,04,28,0.0,29.3,-999
104061,BORJA,1971,04,29,0.0,32.2,-999
104061,BORJA,1971,04,30,0.0,33.4,-999
104061,BORJA,1971,05,01,5.0,30.0,-999
104061,BORJA,1971,05,02,22.0,33.4,-999
104061,BORJA,1971,05,03,0.0,30.4,-999
104061,BORJA,1971,05,04,8.0,30.1,-999
104061,BORJA,1971,05,05,14.0,26.1,-999
104061,BORJA,1971,05,06,8.0,29.1,-999
104061,BORJA,1971,05,07,105.0,29.1,-999
104061,BORJA,1971,05,08,56.0,26.0,-999
104061,BORJA,1971,05,09,8.0,27.4,-999
104061,BORJA,1971,05,10,0.0,30.0,-999
104061,BORJA,1971,05,11,0.0,28.1,-999
104061,BORJA,1971,05,12,0.0,31.0,-999
104061,BORJA,1971,05,13,13.0,-999,-999
104061,BORJA,1971,05,14,14.0,-999,-999
104061,BORJA,1971,05,15,0.0,30.2,-999
104061,BORJA,1971,05,16,0.0,34.1,-999
104061,BORJA,1971,05,17,98.0,-999,-999
104061,BORJA,1971,05,18,68.0,-999,-999
104061,BORJA,1971,05,19,0.0,27.3,-999
104061,BORJA,1971,05,20,53.0,28.0,-999
104061,BORJA,1971,05,21,0.0,30.1,-999
104061,BORJA,1971,05,22,5.0,28.2,-999
104061,BORJA,1971,05,23,10.0,30.4,-999
104061,BORJA,1971,05,24,0.0,31.4,-999
104061,BORJA,1971,05,25,44.0,27.3,-999
104061,BORJA,1971,05,26,0.0,27.2,-999
104061,BORJA,1971,05,27,59.0,-999,-999
104061,BORJA,1971,05,28,43.0,-999,-999
104061,BORJA,1971,05,29,0.0,26.3,-999
104061,BORJA,1971,05,30,0.0,29.1,-999
104061,BORJA,1971,05,31,0.0,31.2,-999
104061,BORJA,1971,06,01,0.0,30.3,-999
104061,BORJA,1971,06,02,0.0,32.1,-999
104061,BORJA,1971,06,03,12.0,29.1,-999
104061,BORJA,1971,06,04,5.0,26.4,-999
104061,BORJA,1971,06,05,0.0,27.1,-999
104061,BORJA,1971,06,06,17.0,29.4,-999
104061,BORJA,1971,06,07,67.0,27.0,-999
104061,BORJA,1971,06,08,0.0,29.2,-999
104061,BORJA,1971,06,09,36.0,-999,-999
104061,BORJA,1971,06,10,68.0,-999,-999
104061,BORJA,1971,06,11,6.0,26.1,-999
104061,BORJA,1971,06,12,12.0,26.0,-999
104061,BORJA,1971,06,13,49.0,25.2,-999
104061,BORJA,1971,06,14,62.0,24.0,-999
104061,BORJA,1971,06,15,4.0,27.3,-999
104061,BORJA,1971,06,16,11.0,28.2,-999
104061,BORJA,1971,06,17,0.0,27.3,-999
104061,BORJA,1971,06,18,0.0,29.4,-999
104061,BORJA,1971,06,19,0.0,30.1,-999
104061,BORJA,1971,06,20,4.0,28.3,-999
104061,BORJA,1971,06,21,0.0,27.2,-999
104061,BORJA,1971,06,22,0.0,28.1,-999
104061,BORJA,1971,06,23,0.0,27.3,-999
104061,BORJA,1971,06,24,4.0,27.3,-999
104061,BORJA,1971,06,25,4.0,29.2,-999
104061,BORJA,1971,06,26,27.0,26.1,-999
104061,BORJA,1971,06,27,0.0,27.0,-999
104061,BORJA,1971,06,28,0.0,30.2,-999
104061,BORJA,1971,06,29,0.0,30.0,-999
104061,BORJA,1971,06,30,0.0,32.2,-999
104061,BORJA,1971,07,01,9.0,28.2,-999
104061,BORJA,1971,07,02,20.0,25.4,-999
104061,BORJA,1971,07,03,0.0,29.1,-999
104061,BORJA,1971,07,04,4.0,31.0,-999
104061,BORJA,1971,07,05,14.0,31.0,-999
104061,BORJA,1971,07,06,24.0,28.0,-999
104061,BORJA,1971,07,07,0.0,27.1,-999
104061,BORJA,1971,07,08,0.0,29.3,-999
104061,BORJA,1971,07,09,0.0,30.3,-999
104061,BORJA,1971,07,10,0.0,31.2,-999
104061,BORJA,1971,07,11,0.0,27.3,-999
104061,BORJA,1971,07,12,0.0,29.1,-999
104061,BORJA,1971,07,13,0.0,29.4,-999
104061,BORJA,1971,07,14,29.0,26.3,-999
104061,BORJA,1971,07,15,77.0,26.1,-999
104061,BORJA,1971,07,16,0.0,29.4,-999
104061,BORJA,1971,07,17,0.0,30.3,-999
104061,BORJA,1971,07,18,0.0,31.0,-999
104061,BORJA,1971,07,19,9.0,27.2,-999
104061,BORJA,1971,07,20,10.0,27.4,-999
104061,BORJA,1971,07,21,0.0,28.2,-999
104061,BORJA,1971,07,22,0.0,28.2,-999
104061,BORJA,1971,07,23,-888,31.2,-999
104061,BORJA,1971,07,24,0.0,30.2,-999
104061,BORJA,1971,07,25,0.0,27.1,-999
104061,BORJA,1971,07,26,5.0,30.1,-999
104061,BORJA,1971,07,27,0.0,27.3,-999
104061,BORJA,1971,07,28,0.0,28.2,-999
104061,BORJA,1971,07,29,4.0,30.3,-999
104061,BORJA,1971,07,30,0.0,30.2,-999
104061,BORJA,1971,07,31,19.0,27.3,-999
104061,BORJA,1971,08,01,0.0,30.2,-999
104061,BORJA,1971,08,02,9.0,28.3,-999
104061,BORJA,1971,08,03,15.0,27.0,-999
104061,BORJA,1971,08,04,6.0,29.0,-999
104061,BORJA,1971,08,05,8.0,29.3,-999
104061,BORJA,1971,08,06,12.0,29.4,-999
104061,BORJA,1971,08,07,22.0,30.0,-999
104061,BORJA,1971,08,08,0.0,29.1,-999
104061,BORJA,1971,08,09,5.0,30.0,-999
104061,BORJA,1971,08,10,0.0,30.1,-999
104061,BORJA,1971,08,11,0.0,29.1,-999
104061,BORJA,1971,08,12,0.0,-999,-999
104061,BORJA,1971,08,13,45.0,-999,-999
104061,BORJA,1971,08,14,0.0,-999,-999
104061,BORJA,1971,08,15,0.0,29.0,-999
104061,BORJA,1971,08,16,0.0,31.2,-999
104061,BORJA,1971,08,17,0.0,28.1,-999
104061,BORJA,1971,08,18,0.0,29.2,-999
104061,BORJA,1971,08,19,10.0,-999,-999
104061,BORJA,1971,08,20,8.0,-999,-999
104061,BORJA,1971,08,21,9.0,-999,-999
104061,BORJA,1971,08,22,13.0,30.1,-999
104061,BORJA,1971,08,23,0.0,31.4,-999
104061,BORJA,1971,08,24,119.0,29.1,-999
104061,BORJA,1971,08,25,27.0,25.2,-999
104061,BORJA,1971,08,26,0.0,27.4,-999
104061,BORJA,1971,08,27,0.0,31.4,-999
104061,BORJA,1971,08,28,0.0,31.3,-999
104061,BORJA,1971,08,29,0.0,32.3,-999
104061,BORJA,1971,08,30,7.0,-999,-999
104061,BORJA,1971,08,31,0.0,-999,-999
104061,BORJA,1971,09,01,53.0,32.4,-999
104061,BORJA,1971,09,02,5.0,29.1,-999
104061,BORJA,1971,09,03,0.0,30.1,-999
104061,BORJA,1971,09,04,0.0,29.3,-999
104061,BORJA,1971,09,05,0.0,31.3,-999
104061,BORJA,1971,09,06,0.0,-999,-999
104061,BORJA,1971,09,07,0.0,-999,-999
104061,BORJA,1971,09,08,60.0,29.1,-999
104061,BORJA,1971,09,09,0.0,29.1,-999
104061,BORJA,1971,09,10,0.0,28.1,-999
104061,BORJA,1971,09,11,-888,31.3,-999
104061,BORJA,1971,09,12,16.0,34.0,-999
104061,BORJA,1971,09,13,0.0,32.4,-999
104061,BORJA,1971,09,14,0.0,33.2,-999
104061,BORJA,1971,09,15,0.0,32.2,-999
104061,BORJA,1971,09,16,25.0,31.3,-999
104061,BORJA,1971,09,17,0.0,-999,-999
104061,BORJA,1971,09,18,0.0,-999,-999
104061,BORJA,1971,09,19,0.0,32.3,-999
104061,BORJA,1971,09,20,0.0,28.3,-999
104061,BORJA,1971,09,21,-888,31.2,-999
104061,BORJA,1971,09,22,4.0,31.2,-999
104061,BORJA,1971,09,23,-888,32.2,-999
104061,BORJA,1971,09,24,21.0,29.5,-999
104061,BORJA,1971,09,25,25.0,28.0,-999
104061,BORJA,1971,09,26,0.0,29.1,-999
104061,BORJA,1971,09,27,0.0,31.4,-999
104061,BORJA,1971,09,28,0.0,29.3,-999
104061,BORJA,1971,09,29,64.0,-999,-999
104061,BORJA,1971,09,30,0.0,-999,-999
104061,BORJA,1971,10,01,0.0,30.3,-999
104061,BORJA,1971,10,02,27.0,31.1,-999
104061,BORJA,1971,10,03,10.0,29.1,-999
104061,BORJA,1971,10,04,26.0,-999,-999
104061,BORJA,1971,10,05,15.0,-999,-999
104061,BORJA,1971,10,06,0.0,28.2,-999
104061,BORJA,1971,10,07,-888,31.0,-999
104061,BORJA,1971,10,08,-888,30.3,-999
104061,BORJA,1971,10,09,0.0,28.2,-999
104061,BORJA,1971,10,10,0.0,32.1,-999
104061,BORJA,1971,10,11,104.0,-999,-999
104061,BORJA,1971,10,12,48.0,-999,-999
104061,BORJA,1971,10,13,6.0,-999,-999
104061,BORJA,1971,10,14,0.0,31.1,-999
104061,BORJA,1971,10,15,10.0,32.1,-999
104061,BORJA,1971,10,16,0.0,33.0,-999
104061,BORJA,1971,10,17,5.0,28.4,-999
104061,BORJA,1971,10,18,0.0,31.3,-999
104061,BORJA,1971,10,19,3.0,28.3,-999
104061,BORJA,1971,10,20,0.0,30.4,-999
104061,BORJA,1971,10,21,0.0,30.3,-999
104061,BORJA,1971,10,22,0.0,33.1,-999
104061,BORJA,1971,10,23,113.0,32.1,-999
104061,BORJA,1971,10,24,6.0,27.3,-999
104061,BORJA,1971,10,25,22.0,32.3,-999
104061,BORJA,1971,10,26,0.0,28.2,-999
104061,BORJA,1971,10,27,4.0,30.2,-999
104061,BORJA,1971,10,28,0.0,32.1,-999
104061,BORJA,1971,10,29,-888,31.2,-999
104061,BORJA,1971,10,30,88.0,29.4,-999
104061,BORJA,1971,10,31,6.0,28.2,-999
104061,BORJA,1971,11,01,4.0,33.1,-999
104061,BORJA,1971,11,02,0.0,31.3,-999
104061,BORJA,1971,11,03,0.0,-999,-999
104061,BORJA,1971,11,04,34.0,-999,-999
104061,BORJA,1971,11,05,0.0,29.0,-999
104061,BORJA,1971,11,06,6.0,30.3,-999
104061,BORJA,1971,11,07,30.0,29.2,-999
104061,BORJA,1971,11,08,0.0,29.2,-999
104061,BORJA,1971,11,09,25.0,31.3,-999
104061,BORJA,1971,11,10,0.0,29.4,-999
104061,BORJA,1971,11,11,0.0,30.2,-999
104061,BORJA,1971,11,12,3.0,32.2,-999
104061,BORJA,1971,11,13,10.0,32.4,-999
104061,BORJA,1971,11,14,0.0,31.3,-999
104061,BORJA,1971,11,15,0.0,31.2,-999
104061,BORJA,1971,11,16,0.0,33.3,-999
104061,BORJA,1971,11,17,7.0,29.3,-999
104061,BORJA,1971,11,18,0.0,32.1,-999
104061,BORJA,1971,11,19,34.0,-999,-999
104061,BORJA,1971,11,20,13.0,-999,-999
104061,BORJA,1971,11,21,0.0,-999,-999
104061,BORJA,1971,11,22,4.0,29.4,-999
104061,BORJA,1971,11,23,30.0,28.2,-999
104061,BORJA,1971,11,24,0.0,32.3,-999
104061,BORJA,1971,11,25,0.0,34.1,-999
104061,BORJA,1971,11,26,0.0,30.2,-999
104061,BORJA,1971,11,27,6.0,28.2,-999
104061,BORJA,1971,11,28,4.0,28.1,-999
104061,BORJA,1971,11,29,8.0,28.0,-999
104061,BORJA,1971,11,30,27.0,24.1,-999
104061,BORJA,1971,12,01,0.0,29.4,-999
104061,BORJA,1971,12,02,11.0,30.4,-999
104061,BORJA,1971,12,03,5.0,30.2,-999
104061,BORJA,1971,12,04,6.0,28.2,-999
104061,BORJA,1971,12,05,25.0,30.1,-999
104061,BORJA,1971,12,06,4.0,27.2,-999
104061,BORJA,1971,12,07,0.0,30.1,-999
104061,BORJA,1971,12,08,0.0,31.2,-999
104061,BORJA,1971,12,09,6.0,30.0,-999
104061,BORJA,1971,12,10,2.0,32.3,-999
104061,BORJA,1971,12,11,9.0,30.0,-999
104061,BORJA,1971,12,12,0.0,32.1,-999
104061,BORJA,1971,12,13,3.0,31.2,-999
104061,BORJA,1971,12,14,0.0,-999,-999
104061,BORJA,1971,12,15,37.0,-999,-999
104061,BORJA,1971,12,16,11.0,27.2,-999
104061,BORJA,1971,12,17,0.0,32.1,-999
104061,BORJA,1971,12,18,67.0,-999,-999
104061,BORJA,1971,12,19,32.0,-999,-999
104061,BORJA,1971,12,20,19.0,24.0,-999
104061,BORJA,1971,12,21,2.0,28.2,-999
104061,BORJA,1971,12,22,4.0,30.1,-999
104061,BORJA,1971,12,23,61.0,-999,-999
104061,BORJA,1971,12,24,96.0,-999,-999
104061,BORJA,1971,12,25,47.0,23.4,-999
104061,BORJA,1971,12,26,0.0,27.1,-999
104061,BORJA,1971,12,27,18.0,31.1,-999
104061,BORJA,1971,12,28,10.0,27.2,-999
104061,BORJA,1971,12,29,96.0,26.3,-999
104061,BORJA,1971,12,30,27.0,24.2,-999
104061,BORJA,1971,12,31,0.0,29.0,-999
104061,BORJA,1972,01,01,70.0,30.2,-999
104061,BORJA,1972,01,02,18.0,30.2,-999
104061,BORJA,1972,01,03,23.0,26.3,-999
104061,BORJA,1972,01,04,8.0,29.2,-999
104061,BORJA,1972,01,05,0.0,30.3,-999
104061,BORJA,1972,01,06,0.0,28.2,-999
104061,BORJA,1972,01,07,40.0,28.1,-999
104061,BORJA,1972,01,08,27.0,29.1,-999
104061,BORJA,1972,01,09,32.0,26.4,-999
104061,BORJA,1972,01,10,10.0,30.1,-999
104061,BORJA,1972,01,11,27.0,29.0,-999
104061,BORJA,1972,01,12,3.0,28.1,-999
104061,BORJA,1972,01,13,6.0,29.1,-999
104061,BORJA,1972,01,14,24.0,29.1,-999
104061,BORJA,1972,01,15,13.0,32.2,-999
104061,BORJA,1972,01,16,0.0,29.3,-999
104061,BORJA,1972,01,17,14.0,31.1,-999
104061,BORJA,1972,01,18,5.0,32.2,-999
104061,BORJA,1972,01,19,31.0,27.3,-999
104061,BORJA,1972,01,20,0.0,28.2,-999
104061,BORJA,1972,01,21,9.0,27.2,-999
104061,BORJA,1972,01,22,6.0,-999,-999
104061,BORJA,1972,01,23,6.0,-999,-999
104061,BORJA,1972,01,24,3.0,26.3,-999
104061,BORJA,1972,01,25,13.0,25.1,-999
104061,BORJA,1972,01,26,0.0,28.8,-999
104061,BORJA,1972,01,27,0.0,28.2,-999
104061,BORJA,1972,01,28,2.0,29.0,-999
104061,BORJA,1972,01,29,2.0,28.0,-999
104061,BORJA,1972,01,30,5.0,-999,-999
104061,BORJA,1972,01,31,0.0,-999,-999
104061,BORJA,1972,02,01,44.5,32.1,-999
104061,BORJA,1972,02,02,0.0,32.2,-999
104061,BORJA,1972,02,03,11.0,31.2,-999
104061,BORJA,1972,02,04,26.0,32.1,-999
104061,BORJA,1972,02,05,0.0,33.2,-999
104061,BORJA,1972,02,06,14.0,32.1,-999
104061,BORJA,1972,02,07,0.0,32.1,-999
104061,BORJA,1972,02,08,14.8,32.3,-999
104061,BORJA,1972,02,09,15.0,32.2,-999
104061,BORJA,1972,02,10,0.0,32.3,-999
104061,BORJA,1972,02,11,0.0,34.1,-999
104061,BORJA,1972,02,12,0.0,34.2,-999
104061,BORJA,1972,02,13,10.0,34.1,-999
104061,BORJA,1972,02,14,0.0,34.3,-999
104061,BORJA,1972,02,15,0.0,34.2,-999
104061,BORJA,1972,02,16,0.0,35.1,-999
104061,BORJA,1972,02,17,0.0,34.2,-999
104061,BORJA,1972,02,18,16.0,29.4,-999
104061,BORJA,1972,02,19,16.0,34.2,-999
104061,BORJA,1972,02,20,50.0,34.1,-999
104061,BORJA,1972,02,21,0.0,29.4,-999
104061,BORJA,1972,02,22,2.0,-999,-999
104061,BORJA,1972,02,23,13.0,-999,-999
104061,BORJA,1972,02,24,5.0,-999,-999
104061,BORJA,1972,02,25,21.0,34.3,-999
104061,BORJA,1972,02,26,0.0,34.3,-999
104061,BORJA,1972,02,27,39.0,34.1,-999
104061,BORJA,1972,02,28,0.0,-999,-999
104061,BORJA,1972,02,29,0.0,-999,-999
104061,BORJA,1972,03,01,0.0,-999,-999
104061,BORJA,1972,03,02,0.0,30.2,-999
104061,BORJA,1972,03,03,0.0,32.3,-999
104061,BORJA,1972,03,04,0.0,34.2,-999
104061,BORJA,1972,03,05,61.0,30.0,-999
104061,BORJA,1972,03,06,19.0,31.2,-999
104061,BORJA,1972,03,07,4.0,28.1,-999
104061,BORJA,1972,03,08,0.4,30.2,-999
104061,BORJA,1972,03,09,0.0,34.1,-999
104061,BORJA,1972,03,10,3.0,31.3,-999
104061,BORJA,1972,03,11,0.0,31.2,-999
104061,BORJA,1972,03,12,4.0,33.1,-999
104061,BORJA,1972,03,13,5.0,28.1,-999
104061,BORJA,1972,03,14,46.0,29.2,-999
104061,BORJA,1972,03,15,0.0,30.2,-999
104061,BORJA,1972,03,16,0.0,30.1,-999
104061,BORJA,1972,03,17,7.0,34.1,-999
104061,BORJA,1972,03,18,22.0,-999,-999
104061,BORJA,1972,03,19,4.0,28.1,-999
104061,BORJA,1972,03,20,0.0,33.0,-999
104061,BORJA,1972,03,21,0.0,29.2,-999
104061,BORJA,1972,03,22,0.0,-999,-999
104061,BORJA,1972,03,23,0.0,34.1,-999
104061,BORJA,1972,03,24,4.0,-999,-999
104061,BORJA,1972,03,25,22.0,-999,-999
104061,BORJA,1972,03,26,6.0,-999,-999
104061,BORJA,1972,03,27,57.0,-999,-999
104061,BORJA,1972,03,28,4.0,-999,-999
104061,BORJA,1972,03,29,0.0,34.1,-999
104061,BORJA,1972,03,30,34.0,30.0,-999
104061,BORJA,1972,03,31,28.0,31.0,-999
104061,BORJA,1972,04,01,0.0,-999,-999
104061,BORJA,1972,04,02,4.0,-999,-999
104061,BORJA,1972,04,03,0.0,-999,-999
104061,BORJA,1972,04,04,6.0,-999,-999
104061,BORJA,1972,04,05,14.0,-999,-999
104061,BORJA,1972,04,06,0.0,-999,-999
104061,BORJA,1972,04,07,0.0,-999,-999
104061,BORJA,1972,04,08,0.0,-999,-999
104061,BORJA,1972,04,09,31.0,-999,-999
104061,BORJA,1972,04,10,0.0,-999,-999
104061,BORJA,1972,04,11,10.0,-999,-999
104061,BORJA,1972,04,12,12.0,-999,-999
104061,BORJA,1972,04,13,12.0,-999,-999
104061,BORJA,1972,04,14,53.0,-999,-999
104061,BORJA,1972,04,15,0.0,-999,-999
104061,BORJA,1972,04,16,0.0,-999,-999
104061,BORJA,1972,04,17,5.0,-999,-999
104061,BORJA,1972,04,18,0.0,-999,-999
104061,BORJA,1972,04,19,0.0,-999,-999
104061,BORJA,1972,04,20,0.0,-999,-999
104061,BORJA,1972,04,21,0.0,-999,-999
104061,BORJA,1972,04,22,5.0,-999,-999
104061,BORJA,1972,04,23,0.0,-999,-999
104061,BORJA,1972,04,24,83.0,-999,-999
104061,BORJA,1972,04,25,15.0,-999,-999
104061,BORJA,1972,04,26,7.0,-999,-999
104061,BORJA,1972,04,27,6.0,-999,-999
104061,BORJA,1972,04,28,115.0,-999,-999
104061,BORJA,1972,04,29,0.0,-999,-999
104061,BORJA,1972,04,30,0.0,-999,-999
104061,BORJA,1972,05,01,0.0,-999,-999
104061,BORJA,1972,05,02,0.0,-999,-999
104061,BORJA,1972,05,03,0.0,-999,-999
104061,BORJA,1972,05,04,0.0,-999,-999
104061,BORJA,1972,05,05,0.0,-999,-999
104061,BORJA,1972,05,06,0.0,-999,-999
104061,BORJA,1972,05,07,15.0,-999,-999
104061,BORJA,1972,05,08,10.0,-999,-999
104061,BORJA,1972,05,09,3.0,-999,-999
104061,BORJA,1972,05,10,52.0,-999,-999
104061,BORJA,1972,05,11,32.0,-999,-999
104061,BORJA,1972,05,12,0.0,-999,-999
104061,BORJA,1972,05,13,0.0,-999,-999
104061,BORJA,1972,05,14,34.0,-999,-999
104061,BORJA,1972,05,15,0.0,-999,-999
104061,BORJA,1972,05,16,6.0,-999,-999
104061,BORJA,1972,05,17,0.0,-999,-999
104061,BORJA,1972,05,18,133.0,-999,-999
104061,BORJA,1972,05,19,7.0,-999,-999
104061,BORJA,1972,05,20,15.0,-999,-999
104061,BORJA,1972,05,21,58.0,-999,-999
104061,BORJA,1972,05,22,5.0,-999,-999
104061,BORJA,1972,05,23,0.0,-999,-999
104061,BORJA,1972,05,24,31.0,-999,-999
104061,BORJA,1972,05,25,6.0,-999,-999
104061,BORJA,1972,05,26,49.0,-999,-999
104061,BORJA,1972,05,27,46.0,-999,-999
104061,BORJA,1972,05,28,21.0,-999,-999
104061,BORJA,1972,05,29,0.0,-999,-999
104061,BORJA,1972,05,30,0.0,-999,-999
104061,BORJA,1972,05,31,0.0,-999,-999
104061,BORJA,1972,06,01,0.0,33.1,-999
104061,BORJA,1972,06,02,3.0,34.1,-999
104061,BORJA,1972,06,03,41.0,-999,-999
104061,BORJA,1972,06,04,3.0,31.0,-999
104061,BORJA,1972,06,05,0.0,32.0,-999
104061,BORJA,1972,06,06,0.0,29.3,-999
104061,BORJA,1972,06,07,0.0,30.1,-999
104061,BORJA,1972,06,08,0.0,32.0,-999
104061,BORJA,1972,06,09,10.0,34.0,-999
104061,BORJA,1972,06,10,3.0,30.3,-999
104061,BORJA,1972,06,11,3.0,32.3,-999
104061,BORJA,1972,06,12,0.0,32.3,-999
104061,BORJA,1972,06,13,3.0,33.1,-999
104061,BORJA,1972,06,14,0.0,31.1,-999
104061,BORJA,1972,06,15,30.0,27.1,-999
104061,BORJA,1972,06,16,5.0,26.3,-999
104061,BORJA,1972,06,17,26.0,29.0,-999
104061,BORJA,1972,06,18,15.0,30.1,-999
104061,BORJA,1972,06,19,5.0,27.0,-999
104061,BORJA,1972,06,20,0.0,30.2,-999
104061,BORJA,1972,06,21,68.0,31.2,-999
104061,BORJA,1972,06,22,42.0,27.0,-999
104061,BORJA,1972,06,23,18.0,27.1,-999
104061,BORJA,1972,06,24,3.0,27.2,-999
104061,BORJA,1972,06,25,0.0,29.0,-999
104061,BORJA,1972,06,26,52.0,-999,-999
104061,BORJA,1972,06,27,49.0,29.0,-999
104061,BORJA,1972,06,28,0.0,30.2,-999
104061,BORJA,1972,06,29,3.0,28.4,-999
104061,BORJA,1972,06,30,0.0,30.0,-999
104061,BORJA,1972,07,01,3.0,31.0,-999
104061,BORJA,1972,07,02,0.0,31.3,-999
104061,BORJA,1972,07,03,7.0,31.2,-999
104061,BORJA,1972,07,04,0.0,32.1,-999
104061,BORJA,1972,07,05,0.0,31.4,-999
104061,BORJA,1972,07,06,0.0,31.0,-999
104061,BORJA,1972,07,07,8.0,29.4,-999
104061,BORJA,1972,07,08,35.0,27.0,-999
104061,BORJA,1972,07,09,52.0,29.3,-999
104061,BORJA,1972,07,10,3.0,27.1,-999
104061,BORJA,1972,07,11,0.0,-999,-999
104061,BORJA,1972,07,12,0.0,-999,-999
104061,BORJA,1972,07,13,0.0,32.2,-999
104061,BORJA,1972,07,14,0.0,-999,-999
104061,BORJA,1972,07,15,0.0,-999,-999
104061,BORJA,1972,07,16,3.0,32.0,-999
104061,BORJA,1972,07,17,0.0,29.1,-999
104061,BORJA,1972,07,18,10.0,31.1,-999
104061,BORJA,1972,07,19,0.0,26.1,-999
104061,BORJA,1972,07,20,0.0,29.2,-999
104061,BORJA,1972,07,21,0.0,31.2,-999
104061,BORJA,1972,07,22,7.0,29.0,-999
104061,BORJA,1972,07,23,0.0,28.1,-999
104061,BORJA,1972,07,24,14.0,29.4,-999
104061,BORJA,1972,07,25,41.0,28.4,-999
104061,BORJA,1972,07,26,0.0,29.1,-999
104061,BORJA,1972,07,27,0.0,31.1,-999
104061,BORJA,1972,07,28,0.0,31.1,-999
104061,BORJA,1972,07,29,18.0,29.0,-999
104061,BORJA,1972,07,30,31.0,29.4,-999
104061,BORJA,1972,07,31,0.0,28.4,-999
104061,BORJA,1972,08,01,0.0,27.1,-999
104061,BORJA,1972,08,02,0.0,30.4,-999
104061,BORJA,1972,08,03,46.0,29.2,-999
104061,BORJA,1972,08,04,21.0,27.1,-999
104061,BORJA,1972,08,05,16.0,26.3,-999
104061,BORJA,1972,08,06,7.0,28.3,-999
104061,BORJA,1972,08,07,0.0,30.4,-999
104061,BORJA,1972,08,08,0.0,31.4,-999
104061,BORJA,1972,08,09,0.0,33.2,-999
104061,BORJA,1972,08,10,0.0,33.1,-999
104061,BORJA,1972,08,11,0.0,30.2,-999
104061,BORJA,1972,08,12,10.0,30.1,-999
104061,BORJA,1972,08,13,0.0,-999,-999
104061,BORJA,1972,08,14,7.0,-999,-999
104061,BORJA,1972,08,15,0.0,-999,-999
104061,BORJA,1972,08,16,3.0,30.4,-999
104061,BORJA,1972,08,17,0.0,-999,-999
104061,BORJA,1972,08,18,155.0,-999,-999
104061,BORJA,1972,08,19,42.0,25.1,-999
104061,BORJA,1972,08,20,18.0,29.0,-999
104061,BORJA,1972,08,21,7.0,29.0,-999
104061,BORJA,1972,08,22,3.0,30.2,-999
104061,BORJA,1972,08,23,5.0,30.1,-999
104061,BORJA,1972,08,24,0.0,30.0,-999
104061,BORJA,1972,08,25,0.0,33.2,-999
104061,BORJA,1972,08,26,21.0,31.3,-999
104061,BORJA,1972,08,27,0.0,-999,-999
104061,BORJA,1972,08,28,23.0,-999,-999
104061,BORJA,1972,08,29,0.0,-999,-999
104061,BORJA,1972,08,30,0.0,29.1,-999
104061,BORJA,1972,08,31,3.0,27.3,-999
104061,BORJA,1972,09,01,6.0,23.1,-999
104061,BORJA,1972,09,02,34.0,23.0,-999
104061,BORJA,1972,09,03,0.0,-999,-999
104061,BORJA,1972,09,04,0.0,-999,-999
104061,BORJA,1972,09,05,0.0,31.4,-999
104061,BORJA,1972,09,06,0.0,30.2,-999
104061,BORJA,1972,09,07,0.0,29.4,-999
104061,BORJA,1972,09,08,0.0,28.4,-999
104061,BORJA,1972,09,09,0.0,30.1,-999
104061,BORJA,1972,09,10,0.0,32.1,-999
104061,BORJA,1972,09,11,0.0,32.1,-999
104061,BORJA,1972,09,12,28.0,31.2,-999
104061,BORJA,1972,09,13,14.0,27.4,-999
104061,BORJA,1972,09,14,0.0,-999,-999
104061,BORJA,1972,09,15,0.0,-999,-999
104061,BORJA,1972,09,16,0.0,30.2,-999
104061,BORJA,1972,09,17,62.0,29.1,-999
104061,BORJA,1972,09,18,23.0,-999,-999
104061,BORJA,1972,09,19,0.0,-999,-999
104061,BORJA,1972,09,20,5.0,28.1,-999
104061,BORJA,1972,09,21,15.0,28.0,-999
104061,BORJA,1972,09,22,63.0,25.3,-999
104061,BORJA,1972,09,23,0.0,29.2,-999
104061,BORJA,1972,09,24,0.0,32.0,-999
104061,BORJA,1972,09,25,0.0,33.1,-999
104061,BORJA,1972,09,26,0.0,32.0,-999
104061,BORJA,1972,09,27,0.0,32.1,-999
104061,BORJA,1972,09,28,14.0,28.1,-999
104061,BORJA,1972,09,29,0.0,30.4,-999
104061,BORJA,1972,09,30,0.0,35.2,-999
104061,BORJA,1972,10,01,0.0,33.3,-999
104061,BORJA,1972,10,02,0.0,29.2,-999
104061,BORJA,1972,10,03,7.0,31.2,-999
104061,BORJA,1972,10,04,6.0,-999,-999
104061,BORJA,1972,10,05,56.0,-999,-999
104061,BORJA,1972,10,06,0.0,27.2,-999
104061,BORJA,1972,10,07,0.0,30.2,-999
104061,BORJA,1972,10,08,0.0,32.1,-999
104061,BORJA,1972,10,09,0.0,34.1,-999
104061,BORJA,1972,10,10,0.0,32.2,-999
104061,BORJA,1972,10,11,0.0,31.2,-999
104061,BORJA,1972,10,12,3.0,-999,-999
104061,BORJA,1972,10,13,4.0,-999,-999
104061,BORJA,1972,10,14,0.0,28.1,-999
104061,BORJA,1972,10,15,4.0,30.1,-999
104061,BORJA,1972,10,16,0.0,33.1,-999
104061,BORJA,1972,10,17,0.0,33.2,-999
104061,BORJA,1972,10,18,0.0,32.1,-999
104061,BORJA,1972,10,19,16.0,30.4,-999
104061,BORJA,1972,10,20,0.0,33.0,-999
104061,BORJA,1972,10,21,12.0,31.4,-999
104061,BORJA,1972,10,22,0.0,-999,-999
104061,BORJA,1972,10,23,43.0,-999,-999
104061,BORJA,1972,10,24,13.0,28.4,-999
104061,BORJA,1972,10,25,0.0,-999,-999
104061,BORJA,1972,10,26,0.0,-999,-999
104061,BORJA,1972,10,27,0.0,33.2,-999
104061,BORJA,1972,10,28,0.0,31.2,-999
104061,BORJA,1972,10,29,0.0,31.2,-999
104061,BORJA,1972,10,30,0.0,33.0,-999
104061,BORJA,1972,10,31,0.0,34.2,-999
104061,BORJA,1972,11,01,5.0,32.0,-999
104061,BORJA,1972,11,02,0.0,-999,-999
104061,BORJA,1972,11,03,22.0,-999,-999
104061,BORJA,1972,11,04,0.0,-999,-999
104061,BORJA,1972,11,05,18.0,-999,-999
104061,BORJA,1972,11,06,3.0,32.0,-999
104061,BORJA,1972,11,07,2.0,33.1,-999
104061,BORJA,1972,11,08,7.0,-999,-999
104061,BORJA,1972,11,09,16.0,-999,-999
104061,BORJA,1972,11,10,54.0,25.2,-999
104061,BORJA,1972,11,11,3.0,29.2,-999
104061,BORJA,1972,11,12,7.0,30.3,-999
104061,BORJA,1972,11,13,16.0,29.1,-999
104061,BORJA,1972,11,14,3.0,29.3,-999
104061,BORJA,1972,11,15,12.0,29.2,-999
104061,BORJA,1972,11,16,3.0,32.1,-999
104061,BORJA,1972,11,17,0.0,30.2,-999
104061,BORJA,1972,11,18,26.0,27.3,-999
104061,BORJA,1972,11,19,0.0,29.4,-999
104061,BORJA,1972,11,20,3.0,28.1,-999
104061,BORJA,1972,11,21,28.0,27.2,-999
104061,BORJA,1972,11,22,23.0,26.0,-999
104061,BORJA,1972,11,23,3.0,29.1,-999
104061,BORJA,1972,11,24,13.0,29.4,-999
104061,BORJA,1972,11,25,19.0,27.0,-999
104061,BORJA,1972,11,26,7.0,28.2,-999
104061,BORJA,1972,11,27,0.0,30.3,-999
104061,BORJA,1972,11,28,0.0,31.4,-999
104061,BORJA,1972,11,29,8.0,29.2,-999
104061,BORJA,1972,11,30,18.0,30.2,-999
104061,BORJA,1972,12,01,3.0,26.2,-999
104061,BORJA,1972,12,02,7.0,30.0,-999
104061,BORJA,1972,12,03,3.0,25.4,-999
104061,BORJA,1972,12,04,3.0,28.1,-999
104061,BORJA,1972,12,05,6.0,30.1,-999
104061,BORJA,1972,12,06,0.0,30.2,-999
104061,BORJA,1972,12,07,0.0,33.1,-999
104061,BORJA,1972,12,08,0.0,-999,-999
104061,BORJA,1972,12,09,10.0,-999,-999
104061,BORJA,1972,12,10,6.0,28.4,-999
104061,BORJA,1972,12,11,13.0,26.0,-999
104061,BORJA,1972,12,12,3.0,26.2,-999
104061,BORJA,1972,12,13,0.0,31.0,-999
104061,BORJA,1972,12,14,3.0,27.2,-999
104061,BORJA,1972,12,15,12.0,28.2,-999
104061,BORJA,1972,12,16,0.0,30.1,-999
104061,BORJA,1972,12,17,38.0,26.4,-999
104061,BORJA,1972,12,18,7.0,26.1,-999
104061,BORJA,1972,12,19,0.0,30.4,-999
104061,BORJA,1972,12,20,0.0,34.1,-999
104061,BORJA,1972,12,21,0.0,31.2,-999
104061,BORJA,1972,12,22,0.0,33.2,-999
104061,BORJA,1972,12,23,0.0,32.1,-999
104061,BORJA,1972,12,24,0.0,33.3,-999
104061,BORJA,1972,12,25,0.0,32.4,-999
104061,BORJA,1972,12,26,3.0,32.1,-999
104061,BORJA,1972,12,27,0.0,32.1,-999
104061,BORJA,1972,12,28,0.0,33.1,-999
104061,BORJA,1972,12,29,3.0,32.1,-999
104061,BORJA,1972,12,30,3.0,30.4,-999
104061,BORJA,1972,12,31,0.0,30.1,-999
104061,BORJA,1973,01,01,18.0,30.2,-999
104061,BORJA,1973,01,02,3.0,28.4,-999
104061,BORJA,1973,01,03,12.0,26.1,-999
104061,BORJA,1973,01,04,3.0,27.1,-999
104061,BORJA,1973,01,05,18.0,26.4,-999
104061,BORJA,1973,01,06,3.0,26.3,-999
104061,BORJA,1973,01,07,10.0,27.2,-999
104061,BORJA,1973,01,08,3.0,26.0,-999
104061,BORJA,1973,01,09,31.0,28.2,-999
104061,BORJA,1973,01,10,3.0,-999,-999
104061,BORJA,1973,01,11,0.0,-999,-999
104061,BORJA,1973,01,12,0.0,31.2,-999
104061,BORJA,1973,01,13,3.0,29.6,-999
104061,BORJA,1973,01,14,0.0,28.0,-999
104061,BORJA,1973,01,15,7.0,30.2,-999
104061,BORJA,1973,01,16,0.0,28.2,-999
104061,BORJA,1973,01,17,0.0,30.4,-999
104061,BORJA,1973,01,18,0.0,30.4,-999
104061,BORJA,1973,01,19,8.0,30.3,-999
104061,BORJA,1973,01,20,8.0,29.2,-999
104061,BORJA,1973,01,21,6.0,28.1,-999
104061,BORJA,1973,01,22,6.0,31.1,-999
104061,BORJA,1973,01,23,0.0,29.4,-999
104061,BORJA,1973,01,24,0.0,28.0,-999
104061,BORJA,1973,01,25,0.0,30.2,-999
104061,BORJA,1973,01,26,0.0,26.8,-999
104061,BORJA,1973,01,27,0.0,28.1,-999
104061,BORJA,1973,01,28,7.0,29.3,-999
104061,BORJA,1973,01,29,3.0,28.4,-999
104061,BORJA,1973,01,30,12.0,28.3,-999
104061,BORJA,1973,01,31,46.0,31.3,-999
104061,BORJA,1973,02,01,3.0,28.3,-999
104061,BORJA,1973,02,02,5.0,26.4,-999
104061,BORJA,1973,02,03,12.0,25.3,-999
104061,BORJA,1973,02,04,0.0,27.2,-999
104061,BORJA,1973,02,05,0.0,30.3,-999
104061,BORJA,1973,02,06,28.0,27.4,-999
104061,BORJA,1973,02,07,0.0,32.4,-999
104061,BORJA,1973,02,08,22.0,28.6,-999
104061,BORJA,1973,02,09,22.0,30.1,-999
104061,BORJA,1973,02,10,8.0,27.4,-999
104061,BORJA,1973,02,11,0.0,31.8,-999
104061,BORJA,1973,02,12,7.0,30.4,-999
104061,BORJA,1973,02,13,0.0,29.2,-999
104061,BORJA,1973,02,14,0.0,32.1,-999
104061,BORJA,1973,02,15,4.0,29.0,-999
104061,BORJA,1973,02,16,2.0,32.1,-999
104061,BORJA,1973,02,17,9.0,30.0,-999
104061,BORJA,1973,02,18,17.0,29.2,-999
104061,BORJA,1973,02,19,48.0,27.8,-999
104061,BORJA,1973,02,20,0.0,29.2,-999
104061,BORJA,1973,02,21,0.0,31.2,-999
104061,BORJA,1973,02,22,14.0,-999,-999
104061,BORJA,1973,02,23,20.0,-999,-999
104061,BORJA,1973,02,24,0.0,30.1,-999
104061,BORJA,1973,02,25,27.0,30.2,-999
104061,BORJA,1973,02,26,5.0,29.0,-999
104061,BORJA,1973,02,27,22.0,29.6,-999
104061,BORJA,1973,02,28,5.0,28.0,-999
104061,BORJA,1973,03,01,27.0,33.3,-999
104061,BORJA,1973,03,02,0.0,32.0,-999
104061,BORJA,1973,03,03,-888,30.1,-999
104061,BORJA,1973,03,04,45.0,28.3,-999
104061,BORJA,1973,03,05,25.0,28.2,-999
104061,BORJA,1973,03,06,0.0,28.3,-999
104061,BORJA,1973,03,07,0.0,30.1,-999
104061,BORJA,1973,03,08,14.0,31.2,-999
104061,BORJA,1973,03,09,0.0,-999,-999
104061,BORJA,1973,03,10,51.0,-999,-999
104061,BORJA,1973,03,11,0.0,31.0,-999
104061,BORJA,1973,03,12,0.0,28.1,-999
104061,BORJA,1973,03,13,15.0,28.3,-999
104061,BORJA,1973,03,14,8.0,29.1,-999
104061,BORJA,1973,03,15,0.0,28.2,-999
104061,BORJA,1973,03,16,27.0,-999,-999
104061,BORJA,1973,03,17,5.0,-999,-999
104061,BORJA,1973,03,18,0.0,30.0,-999
104061,BORJA,1973,03,19,-888,28.1,-999
104061,BORJA,1973,03,20,-888,30.0,-999
104061,BORJA,1973,03,21,15.0,-999,-999
104061,BORJA,1973,03,22,0.0,-999,-999
104061,BORJA,1973,03,23,4.0,30.2,-999
104061,BORJA,1973,03,24,0.0,33.0,-999
104061,BORJA,1973,03,25,0.0,31.2,-999
104061,BORJA,1973,03,26,12.0,30.2,-999
104061,BORJA,1973,03,27,0.0,28.0,-999
104061,BORJA,1973,03,28,0.0,30.1,-999
104061,BORJA,1973,03,29,40.0,28.3,-999
104061,BORJA,1973,03,30,12.0,27.6,-999
104061,BORJA,1973,03,31,3.0,31.3,-999
104061,BORJA,1973,04,01,0.0,29.3,-999
104061,BORJA,1973,04,02,-888,-999,-999
104061,BORJA,1973,04,03,5.0,-999,-999
104061,BORJA,1973,04,04,29.0,31.0,-999
104061,BORJA,1973,04,05,15.0,26.0,-999
104061,BORJA,1973,04,06,0.0,28.1,-999
104061,BORJA,1973,04,07,0.0,-999,-999
104061,BORJA,1973,04,08,6.0,-999,-999
104061,BORJA,1973,04,09,4.0,29.2,-999
104061,BORJA,1973,04,10,0.0,30.0,-999
104061,BORJA,1973,04,11,0.0,29.4,-999
104061,BORJA,1973,04,12,6.0,32.0,-999
104061,BORJA,1973,04,13,4.0,27.3,-999
104061,BORJA,1973,04,14,0.0,32.3,-999
104061,BORJA,1973,04,15,0.0,29.1,-999
104061,BORJA,1973,04,16,0.0,27.3,-999
104061,BORJA,1973,04,17,0.0,30.2,-999
104061,BORJA,1973,04,18,22.0,26.4,-999
104061,BORJA,1973,04,19,4.0,-999,-999
104061,BORJA,1973,04,20,25.0,-999,-999
104061,BORJA,1973,04,21,0.0,-999,-999
104061,BORJA,1973,04,22,39.0,27.3,-999
104061,BORJA,1973,04,23,21.0,26.3,-999
104061,BORJA,1973,04,24,5.0,29.0,-999
104061,BORJA,1973,04,25,0.0,-999,-999
104061,BORJA,1973,04,26,71.0,-999,-999
104061,BORJA,1973,04,27,0.0,30.2,-999
104061,BORJA,1973,04,28,0.0,30.2,-999
104061,BORJA,1973,04,29,0.0,29.3,-999
104061,BORJA,1973,04,30,0.0,27.2,-999
104061,BORJA,1973,05,01,0.0,28.2,-999
104061,BORJA,1973,05,02,0.0,28.3,-999
104061,BORJA,1973,05,03,-888,27.0,-999
104061,BORJA,1973,05,04,19.0,27.2,-999
104061,BORJA,1973,05,05,-888,30.0,-999
104061,BORJA,1973,05,06,5.0,30.0,-999
104061,BORJA,1973,05,07,6.0,30.1,-999
104061,BORJA,1973,05,08,0.0,27.2,-999
104061,BORJA,1973,05,09,8.0,27.3,-999
104061,BORJA,1973,05,10,0.0,28.2,-999
104061,BORJA,1973,05,11,-888,26.3,-999
104061,BORJA,1973,05,12,0.0,29.2,-999
104061,BORJA,1973,05,13,0.0,26.1,-999
104061,BORJA,1973,05,14,-888,26.3,-999
104061,BORJA,1973,05,15,0.0,30.0,-999
104061,BORJA,1973,05,16,0.0,31.1,-999
104061,BORJA,1973,05,17,-888,32.2,-999
104061,BORJA,1973,05,18,0.0,30.0,-999
104061,BORJA,1973,05,19,0.0,31.0,-999
104061,BORJA,1973,05,20,0.0,30.3,-999
104061,BORJA,1973,05,21,10.0,-999,-999
104061,BORJA,1973,05,22,76.0,-999,-999
104061,BORJA,1973,05,23,0.0,-999,-999
104061,BORJA,1973,05,24,8.0,31.0,-999
104061,BORJA,1973,05,25,-888,28.3,-999
104061,BORJA,1973,05,26,12.0,31.3,-999
104061,BORJA,1973,05,27,0.0,30.3,-999
104061,BORJA,1973,05,28,34.0,27.3,-999
104061,BORJA,1973,05,29,24.0,28.0,-999
104061,BORJA,1973,05,30,0.0,28.0,-999
104061,BORJA,1973,05,31,6.0,29.3,-999
104061,BORJA,1973,06,01,40.0,26.2,-999
104061,BORJA,1973,06,02,-888,28.3,-999
104061,BORJA,1973,06,03,15.0,28.3,-999
104061,BORJA,1973,06,04,5.0,29.2,-999
104061,BORJA,1973,06,05,2.0,29.2,-999
104061,BORJA,1973,06,06,0.0,32.2,-999
104061,BORJA,1973,06,07,0.0,32.1,-999
104061,BORJA,1973,06,08,15.0,28.4,-999
104061,BORJA,1973,06,09,3.0,33.3,-999
104061,BORJA,1973,06,10,0.0,29.3,-999
104061,BORJA,1973,06,11,22.0,33.4,-999
104061,BORJA,1973,06,12,4.0,30.0,-999
104061,BORJA,1973,06,13,47.0,27.2,-999
104061,BORJA,1973,06,14,20.0,25.0,-999
104061,BORJA,1973,06,15,0.0,27.3,-999
104061,BORJA,1973,06,16,0.0,31.0,-999
104061,BORJA,1973,06,17,0.0,-999,-999
104061,BORJA,1973,06,18,29.0,-999,-999
104061,BORJA,1973,06,19,21.0,27.3,-999
104061,BORJA,1973,06,20,0.0,-999,-999
104061,BORJA,1973,06,21,0.0,-999,-999
104061,BORJA,1973,06,22,20.0,26.2,-999
104061,BORJA,1973,06,23,4.0,28.0,-999
104061,BORJA,1973,06,24,3.0,28.2,-999
104061,BORJA,1973,06,25,7.0,28.0,-999
104061,BORJA,1973,06,26,2.0,26.7,-999
104061,BORJA,1973,06,27,0.0,30.2,-999
104061,BORJA,1973,06,28,0.0,31.1,-999
104061,BORJA,1973,06,29,16.0,26.1,-999
104061,BORJA,1973,06,30,5.0,29.0,-999
104061,BORJA,1973,07,01,22.0,30.1,-999
104061,BORJA,1973,07,02,33.0,25.1,-999
104061,BORJA,1973,07,03,10.0,29.2,-999
104061,BORJA,1973,07,04,19.0,29.3,-999
104061,BORJA,1973,07,05,8.0,30.1,-999
104061,BORJA,1973,07,06,34.0,27.1,-999
104061,BORJA,1973,07,07,4.0,28.2,-999
104061,BORJA,1973,07,08,0.0,27.3,-999
104061,BORJA,1973,07,09,0.0,29.0,-999
104061,BORJA,1973,07,10,0.0,29.1,-999
104061,BORJA,1973,07,11,0.0,30.3,-999
104061,BORJA,1973,07,12,0.0,30.2,-999
104061,BORJA,1973,07,13,8.0,31.1,-999
104061,BORJA,1973,07,14,0.0,29.3,-999
104061,BORJA,1973,07,15,0.0,32.1,-999
104061,BORJA,1973,07,16,0.0,29.3,-999
104061,BORJA,1973,07,17,59.0,32.3,-999
104061,BORJA,1973,07,18,6.0,28.3,-999
104061,BORJA,1973,07,19,5.0,25.1,-999
104061,BORJA,1973,07,20,4.0,30.0,-999
104061,BORJA,1973,07,21,64.0,-999,-999
104061,BORJA,1973,07,22,83.0,-999,-999
104061,BORJA,1973,07,23,0.0,-999,-999
104061,BORJA,1973,07,24,63.0,29.3,-999
104061,BORJA,1973,07,25,3.0,26.0,-999
104061,BORJA,1973,07,26,-888,28.3,-999
104061,BORJA,1973,07,27,0.0,28.2,-999
104061,BORJA,1973,07,28,55.0,29.3,-999
104061,BORJA,1973,07,29,0.0,28.3,-999
104061,BORJA,1973,07,30,3.0,29.0,-999
104061,BORJA,1973,07,31,3.0,28.2,-999
104061,BORJA,1973,08,01,56.0,30.3,-999
104061,BORJA,1973,08,02,64.0,26.1,-999
104061,BORJA,1973,08,03,35.0,30.3,-999
104061,BORJA,1973,08,04,62.0,26.1,-999
104061,BORJA,1973,08,05,12.0,31.0,-999
104061,BORJA,1973,08,06,0.0,31.2,-999
104061,BORJA,1973,08,07,0.0,29.0,-999
104061,BORJA,1973,08,08,0.0,32.0,-999
104061,BORJA,1973,08,09,-888,31.2,-999
104061,BORJA,1973,08,10,3.0,33.0,-999
104061,BORJA,1973,08,11,0.0,31.2,-999
104061,BORJA,1973,08,12,15.0,32.1,-999
104061,BORJA,1973,08,13,0.0,30.3,-999
104061,BORJA,1973,08,14,39.0,33.2,-999
104061,BORJA,1973,08,15,5.0,28.3,-999
104061,BORJA,1973,08,16,16.0,28.2,-999
104061,BORJA,1973,08,17,0.0,32.2,-999
104061,BORJA,1973,08,18,2.0,-999,-999
104061,BORJA,1973,08,19,4.0,-999,-999
104061,BORJA,1973,08,20,10.0,26.3,-999
104061,BORJA,1973,08,21,13.0,30.3,-999
104061,BORJA,1973,08,22,6.0,28.3,-999
104061,BORJA,1973,08,23,8.0,27.3,-999
104061,BORJA,1973,08,24,0.0,31.0,-999
104061,BORJA,1973,08,25,0.0,33.1,-999
104061,BORJA,1973,08,26,0.0,32.0,-999
104061,BORJA,1973,08,27,0.0,34.1,-999
104061,BORJA,1973,08,28,5.0,31.2,-999
104061,BORJA,1973,08,29,3.0,28.0,-999
104061,BORJA,1973,08,30,0.0,30.3,-999
104061,BORJA,1973,08,31,3.0,30.1,-999
104061,BORJA,1973,09,01,0.0,29.3,-999
104061,BORJA,1973,09,02,0.0,31.3,-999
104061,BORJA,1973,09,03,0.0,32.2,-999
104061,BORJA,1973,09,04,0.0,33.4,-999
104061,BORJA,1973,09,05,0.0,-999,-999
104061,BORJA,1973,09,06,0.0,-999,-999
104061,BORJA,1973,09,07,-888,-999,-999
104061,BORJA,1973,09,08,8.0,-999,-999
104061,BORJA,1973,09,09,0.0,30.3,-999
104061,BORJA,1973,09,10,13.0,30.4,-999
104061,BORJA,1973,09,11,0.0,29.3,-999
104061,BORJA,1973,09,12,-888,31.1,-999
104061,BORJA,1973,09,13,0.0,30.4,-999
104061,BORJA,1973,09,14,0.0,-999,-999
104061,BORJA,1973,09,15,5.0,-999,-999
104061,BORJA,1973,09,16,-888,26.6,-999
104061,BORJA,1973,09,17,2.0,28.0,-999
104061,BORJA,1973,09,18,0.0,32.1,-999
104061,BORJA,1973,09,19,0.0,31.0,-999
104061,BORJA,1973,09,20,4.0,28.2,-999
104061,BORJA,1973,09,21,5.0,27.2,-999
104061,BORJA,1973,09,22,27.0,27.2,-999
104061,BORJA,1973,09,23,-888,27.6,-999
104061,BORJA,1973,09,24,4.0,28.2,-999
104061,BORJA,1973,09,25,62.0,-999,-999
104061,BORJA,1973,09,26,23.0,-999,-999
104061,BORJA,1973,09,27,5.0,26.1,-999
104061,BORJA,1973,09,28,0.0,30.3,-999
104061,BORJA,1973,09,29,0.0,33.3,-999
104061,BORJA,1973,09,30,0.0,33.0,-999
104061,BORJA,1973,10,01,-888,30.1,-999
104061,BORJA,1973,10,02,27.0,32.0,-999
104061,BORJA,1973,10,03,0.0,29.0,-999
104061,BORJA,1973,10,04,0.0,-999,-999
104061,BORJA,1973,10,05,0.0,-999,-999
104061,BORJA,1973,10,06,0.0,29.2,-999
104061,BORJA,1973,10,07,0.0,34.2,-999
104061,BORJA,1973,10,08,37.0,31.3,-999
104061,BORJA,1973,10,09,15.0,32.3,-999
104061,BORJA,1973,10,10,0.0,30.1,-999
104061,BORJA,1973,10,11,5.0,30.3,-999
104061,BORJA,1973,10,12,0.0,31.3,-999
104061,BORJA,1973,10,13,0.0,32.0,-999
104061,BORJA,1973,10,14,30.0,30.3,-999
104061,BORJA,1973,10,15,0.0,32.3,-999
104061,BORJA,1973,10,16,0.0,32.1,-999
104061,BORJA,1973,10,17,0.0,-999,-999
104061,BORJA,1973,10,18,15.0,-999,-999
104061,BORJA,1973,10,19,-888,-999,-999
104061,BORJA,1973,10,20,0.0,-999,-999
104061,BORJA,1973,10,21,-888,35.2,-999
104061,BORJA,1973,10,22,0.0,35.0,-999
104061,BORJA,1973,10,23,0.0,33.1,-999
104061,BORJA,1973,10,24,72.0,-999,-999
104061,BORJA,1973,10,25,43.0,-999,-999
104061,BORJA,1973,10,26,10.0,-999,-999
104061,BORJA,1973,10,27,5.0,30.3,-999
104061,BORJA,1973,10,28,9.0,28.0,-999
104061,BORJA,1973,10,29,7.0,28.2,-999
104061,BORJA,1973,10,30,20.0,27.3,-999
104061,BORJA,1973,10,31,32.0,27.3,-999
104061,BORJA,1973,11,01,55.0,29.3,-999
104061,BORJA,1973,11,02,0.0,27.1,-999
104061,BORJA,1973,11,03,29.0,26.3,-999
104061,BORJA,1973,11,04,2.0,31.2,-999
104061,BORJA,1973,11,05,2.0,29.3,-999
104061,BORJA,1973,11,06,29.0,29.3,-999
104061,BORJA,1973,11,07,42.0,32.2,-999
104061,BORJA,1973,11,08,17.0,29.0,-999
104061,BORJA,1973,11,09,2.0,34.0,-999
104061,BORJA,1973,11,10,75.0,30.3,-999
104061,BORJA,1973,11,11,35.0,30.1,-999
104061,BORJA,1973,11,12,24.0,33.0,-999
104061,BORJA,1973,11,13,50.0,33.1,-999
104061,BORJA,1973,11,14,52.0,32.1,-999
104061,BORJA,1973,11,15,0.0,28.1,-999
104061,BORJA,1973,11,16,0.0,33.1,-999
104061,BORJA,1973,11,17,36.0,-999,-999
104061,BORJA,1973,11,18,10.0,-999,-999
104061,BORJA,1973,11,19,0.0,30.3,-999
104061,BORJA,1973,11,20,14.0,-999,-999
104061,BORJA,1973,11,21,20.0,-999,-999
104061,BORJA,1973,11,22,0.0,-999,-999
104061,BORJA,1973,11,23,-888,31.1,-999
104061,BORJA,1973,11,24,24.0,29.1,-999
104061,BORJA,1973,11,25,36.0,27.3,-999
104061,BORJA,1973,11,26,40.0,-999,-999
104061,BORJA,1973,11,27,0.0,-999,-999
104061,BORJA,1973,11,28,0.0,28.4,-999
104061,BORJA,1973,11,29,11.0,27.0,-999
104061,BORJA,1973,11,30,9.0,30.3,-999
104061,BORJA,1973,12,01,20.0,24.3,-999
104061,BORJA,1973,12,02,0.0,29.3,-999
104061,BORJA,1973,12,03,0.0,33.3,-999
104061,BORJA,1973,12,04,0.0,32.0,-999
104061,BORJA,1973,12,05,3.0,29.3,-999
104061,BORJA,1973,12,06,0.0,32.0,-999
104061,BORJA,1973,12,07,0.0,34.3,-999
104061,BORJA,1973,12,08,0.0,-999,-999
104061,BORJA,1973,12,09,26.0,-999,-999
104061,BORJA,1973,12,10,3.0,27.3,-999
104061,BORJA,1973,12,11,0.0,31.3,-999
104061,BORJA,1973,12,12,9.0,34.0,-999
104061,BORJA,1973,12,13,21.0,32.3,-999
104061,BORJA,1973,12,14,4.0,29.3,-999
104061,BORJA,1973,12,15,0.0,28.3,-999
104061,BORJA,1973,12,16,0.0,30.2,-999
104061,BORJA,1973,12,17,0.0,32.2,-999
104061,BORJA,1973,12,18,4.0,29.0,-999
104061,BORJA,1973,12,19,2.0,-999,-999
104061,BORJA,1973,12,20,0.0,-999,-999
104061,BORJA,1973,12,21,3.0,31.1,-999
104061,BORJA,1973,12,22,9.0,28.3,-999
104061,BORJA,1973,12,23,21.0,26.3,-999
104061,BORJA,1973,12,24,6.0,25.2,-999
104061,BORJA,1973,12,25,11.0,28.3,-999
104061,BORJA,1973,12,26,10.0,27.0,-999
104061,BORJA,1973,12,27,11.0,25.3,-999
104061,BORJA,1973,12,28,3.0,30.3,-999
104061,BORJA,1973,12,29,33.0,-999,-999
104061,BORJA,1973,12,30,0.0,-999,-999
104061,BORJA,1973,12,31,16.7,27.0,-999
104061,BORJA,1974,01,01,0.0,30.3,-999
104061,BORJA,1974,01,02,13.0,29.2,-999
104061,BORJA,1974,01,03,2.0,31.0,-999
104061,BORJA,1974,01,04,12.0,30.2,-999
104061,BORJA,1974,01,05,27.0,29.0,-999
104061,BORJA,1974,01,06,10.0,26.3,-999
104061,BORJA,1974,01,07,23.0,26.3,-999
104061,BORJA,1974,01,08,24.0,24.0,-999
104061,BORJA,1974,01,09,0.0,28.3,-999
104061,BORJA,1974,01,10,25.0,28.3,-999
104061,BORJA,1974,01,11,23.0,26.0,-999
104061,BORJA,1974,01,12,13.0,-999,-999
104061,BORJA,1974,01,13,0.0,-999,-999
104061,BORJA,1974,01,14,0.0,30.3,-999
104061,BORJA,1974,01,15,0.0,29.3,-999
104061,BORJA,1974,01,16,0.0,30.2,-999
104061,BORJA,1974,01,17,2.0,30.4,-999
104061,BORJA,1974,01,18,0.0,33.0,-999
104061,BORJA,1974,01,19,0.0,34.2,-999
104061,BORJA,1974,01,20,0.0,30.3,-999
104061,BORJA,1974,01,21,0.0,32.0,-999
104061,BORJA,1974,01,22,0.0,31.0,-999
104061,BORJA,1974,01,23,0.0,-999,-999
104061,BORJA,1974,01,24,0.0,-999,-999
104061,BORJA,1974,01,25,32.0,25.0,-999
104061,BORJA,1974,01,26,0.0,29.3,-999
104061,BORJA,1974,01,27,0.0,30.3,-999
104061,BORJA,1974,01,28,8.0,29.3,-999
104061,BORJA,1974,01,29,9.0,27.3,-999
104061,BORJA,1974,01,30,0.0,26.2,-999
104061,BORJA,1974,01,31,0.0,28.0,-999
104061,BORJA,1974,02,01,0.0,30.1,-999
104061,BORJA,1974,02,02,0.0,29.1,-999
104061,BORJA,1974,02,03,16.0,-999,-999
104061,BORJA,1974,02,04,17.0,27.8,-999
104061,BORJA,1974,02,05,0.0,27.3,-999
104061,BORJA,1974,02,06,32.0,27.2,-999
104061,BORJA,1974,02,07,6.0,-999,-999
104061,BORJA,1974,02,08,19.0,-999,-999
104061,BORJA,1974,02,09,18.0,31.3,-999
104061,BORJA,1974,02,10,12.0,27.3,-999
104061,BORJA,1974,02,11,2.0,29.0,-999
104061,BORJA,1974,02,12,0.0,30.2,-999
104061,BORJA,1974,02,13,0.0,31.0,-999
104061,BORJA,1974,02,14,6.0,30.1,-999
104061,BORJA,1974,02,15,2.0,30.0,-999
104061,BORJA,1974,02,16,50.0,30.0,-999
104061,BORJA,1974,02,17,0.0,28.2,-999
104061,BORJA,1974,02,18,34.0,27.1,-999
104061,BORJA,1974,02,19,4.0,30.1,-999
104061,BORJA,1974,02,20,20.0,25.3,-999
104061,BORJA,1974,02,21,0.0,28.0,-999
104061,BORJA,1974,02,22,0.0,28.1,-999
104061,BORJA,1974,02,23,0.0,30.0,-999
104061,BORJA,1974,02,24,29.0,28.0,-999
104061,BORJA,1974,02,25,0.0,29.0,-999
104061,BORJA,1974,02,26,6.0,25.0,-999
104061,BORJA,1974,02,27,0.0,29.0,-999
104061,BORJA,1974,02,28,0.0,30.3,-999
104061,BORJA,1974,03,01,0.0,27.0,-999
104061,BORJA,1974,03,02,19.0,29.3,-999
104061,BORJA,1974,03,03,0.0,26.8,-999
104061,BORJA,1974,03,04,0.0,30.2,-999
104061,BORJA,1974,03,05,0.0,30.2,-999
104061,BORJA,1974,03,06,10.0,31.2,-999
104061,BORJA,1974,03,07,5.0,31.2,-999
104061,BORJA,1974,03,08,-888,30.0,-999
104061,BORJA,1974,03,09,0.0,29.4,-999
104061,BORJA,1974,03,10,-888,31.0,-999
104061,BORJA,1974,03,11,6.0,26.0,-999
104061,BORJA,1974,03,12,0.0,30.1,-999
104061,BORJA,1974,03,13,0.0,30.3,-999
104061,BORJA,1974,03,14,5.0,31.0,-999
104061,BORJA,1974,03,15,16.0,-999,-999
104061,BORJA,1974,03,16,29.0,-999,-999
104061,BORJA,1974,03,17,0.0,31.2,-999
104061,BORJA,1974,03,18,5.0,26.3,-999
104061,BORJA,1974,03,19,13.0,-999,-999
104061,BORJA,1974,03,20,102.0,-999,-999
104061,BORJA,1974,03,21,20.0,-999,-999
104061,BORJA,1974,03,22,0.0,-999,-999
104061,BORJA,1974,03,23,0.0,-999,-999
104061,BORJA,1974,03,24,0.0,-999,-999
104061,BORJA,1974,03,25,16.0,-999,-999
104061,BORJA,1974,03,26,0.0,29.3,-999
104061,BORJA,1974,03,27,1.0,28.2,-999
104061,BORJA,1974,03,28,0.0,33.0,-999
104061,BORJA,1974,03,29,39.0,29.0,-999
104061,BORJA,1974,03,30,0.0,28.1,-999
104061,BORJA,1974,03,31,0.0,32.3,-999
104061,BORJA,1974,04,01,63.0,30.0,-999
104061,BORJA,1974,04,02,0.0,31.3,-999
104061,BORJA,1974,04,03,0.0,28.3,-999
104061,BORJA,1974,04,04,18.0,28.3,-999
104061,BORJA,1974,04,05,35.0,25.0,-999
104061,BORJA,1974,04,06,65.0,30.0,-999
104061,BORJA,1974,04,07,8.0,27.0,-999
104061,BORJA,1974,04,08,0.0,29.3,-999
104061,BORJA,1974,04,09,5.0,32.3,-999
104061,BORJA,1974,04,10,23.5,31.1,-999
104061,BORJA,1974,04,11,4.0,29.2,-999
104061,BORJA,1974,04,12,6.0,30.2,-999
104061,BORJA,1974,04,13,5.0,30.3,-999
104061,BORJA,1974,04,14,25.0,25.3,-999
104061,BORJA,1974,04,15,14.0,30.2,-999
104061,BORJA,1974,04,16,15.0,26.0,-999
104061,BORJA,1974,04,17,0.0,30.0,-999
104061,BORJA,1974,04,18,0.0,30.1,-999
104061,BORJA,1974,04,19,12.0,31.2,-999
104061,BORJA,1974,04,20,6.0,27.3,-999
104061,BORJA,1974,04,21,5.0,-999,-999
104061,BORJA,1974,04,22,0.0,-999,-999
104061,BORJA,1974,04,23,0.0,31.1,-999
104061,BORJA,1974,04,24,33.0,-999,-999
104061,BORJA,1974,04,25,40.0,-999,-999
104061,BORJA,1974,04,26,40.2,28.0,-999
104061,BORJA,1974,04,27,6.0,28.2,-999
104061,BORJA,1974,04,28,0.0,29.3,-999
104061,BORJA,1974,04,29,6.0,-999,-999
104061,BORJA,1974,04,30,10.2,-999,-999
104061,BORJA,1974,05,01,4.0,27.0,-999
104061,BORJA,1974,05,02,29.0,31.0,-999
104061,BORJA,1974,05,03,0.0,29.2,-999
104061,BORJA,1974,05,04,0.0,32.2,-999
104061,BORJA,1974,05,05,21.0,30.0,-999
104061,BORJA,1974,05,06,0.0,31.2,-999
104061,BORJA,1974,05,07,0.0,30.1,-999
104061,BORJA,1974,05,08,0.0,29.2,-999
104061,BORJA,1974,05,09,6.0,29.0,-999
104061,BORJA,1974,05,10,0.0,-999,-999
104061,BORJA,1974,05,11,0.0,-999,-999
104061,BORJA,1974,05,12,30.0,-999,-999
104061,BORJA,1974,05,13,6.0,28.2,-999
104061,BORJA,1974,05,14,43.0,28.2,-999
104061,BORJA,1974,05,15,7.0,28.1,-999
104061,BORJA,1974,05,16,0.0,33.0,-999
104061,BORJA,1974,05,17,0.0,30.0,-999
104061,BORJA,1974,05,18,0.0,28.2,-999
104061,BORJA,1974,05,19,0.0,29.2,-999
104061,BORJA,1974,05,20,0.0,28.3,-999
104061,BORJA,1974,05,21,0.0,31.0,-999
104061,BORJA,1974,05,22,0.0,32.0,-999
104061,BORJA,1974,05,23,18.0,30.2,-999
104061,BORJA,1974,05,24,62.0,30.3,-999
104061,BORJA,1974,05,25,20.0,28.2,-999
104061,BORJA,1974,05,26,0.0,28.2,-999
104061,BORJA,1974,05,27,72.0,-999,-999
104061,BORJA,1974,05,28,14.0,-999,-999
104061,BORJA,1974,05,29,0.0,26.0,-999
104061,BORJA,1974,05,30,0.0,29.2,-999
104061,BORJA,1974,05,31,2.0,31.2,-999
104061,BORJA,1974,06,01,5.0,29.0,-999
104061,BORJA,1974,06,02,0.0,28.6,-999
104061,BORJA,1974,06,03,20.0,29.0,-999
104061,BORJA,1974,06,04,10.0,27.0,-999
104061,BORJA,1974,06,05,0.0,28.3,-999
104061,BORJA,1974,06,06,4.0,29.0,-999
104061,BORJA,1974,06,07,3.0,27.1,-999
104061,BORJA,1974,06,08,13.0,29.3,-999
104061,BORJA,1974,06,09,20.0,27.0,-999
104061,BORJA,1974,06,10,20.0,29.3,-999
104061,BORJA,1974,06,11,40.0,25.0,-999
104061,BORJA,1974,06,12,0.0,29.0,-999
104061,BORJA,1974,06,13,50.0,29.1,-999
104061,BORJA,1974,06,14,15.0,25.3,-999
104061,BORJA,1974,06,15,2.0,29.1,-999
104061,BORJA,1974,06,16,43.0,25.0,-999
104061,BORJA,1974,06,17,8.0,-999,-999
104061,BORJA,1974,06,18,10.0,-999,-999
104061,BORJA,1974,06,19,0.0,29.3,-999
104061,BORJA,1974,06,20,0.0,29.0,-999
104061,BORJA,1974,06,21,0.0,31.2,-999
104061,BORJA,1974,06,22,0.0,31.0,-999
104061,BORJA,1974,06,23,0.0,28.3,-999
104061,BORJA,1974,06,24,10.0,31.0,-999
104061,BORJA,1974,06,25,36.0,27.0,-999
104061,BORJA,1974,06,26,20.0,27.0,-999
104061,BORJA,1974,06,27,3.0,28.3,-999
104061,BORJA,1974,06,28,0.0,30.3,-999
104061,BORJA,1974,06,29,12.0,26.3,-999
104061,BORJA,1974,06,30,0.0,29.0,-999
104061,BORJA,1974,07,01,26.0,31.0,-999
104061,BORJA,1974,07,02,4.0,28.3,-999
104061,BORJA,1974,07,03,0.0,28.8,-999
104061,BORJA,1974,07,04,2.0,29.3,-999
104061,BORJA,1974,07,05,18.0,26.3,-999
104061,BORJA,1974,07,06,20.0,25.0,-999
104061,BORJA,1974,07,07,0.0,29.0,-999
104061,BORJA,1974,07,08,0.0,30.2,-999
104061,BORJA,1974,07,09,0.0,31.1,-999
104061,BORJA,1974,07,10,0.0,33.0,-999
104061,BORJA,1974,07,11,0.0,29.0,-999
104061,BORJA,1974,07,12,10.0,27.0,-999
104061,BORJA,1974,07,13,0.0,30.1,-999
104061,BORJA,1974,07,14,0.0,29.0,-999
104061,BORJA,1974,07,15,5.0,26.3,-999
104061,BORJA,1974,07,16,20.0,26.8,-999
104061,BORJA,1974,07,17,2.0,27.0,-999
104061,BORJA,1974,07,18,0.0,30.3,-999
104061,BORJA,1974,07,19,22.0,29.1,-999
104061,BORJA,1974,07,20,2.0,26.1,-999
104061,BORJA,1974,07,21,0.0,29.3,-999
104061,BORJA,1974,07,22,53.0,27.2,-999
104061,BORJA,1974,07,23,51.0,27.3,-999
104061,BORJA,1974,07,24,0.0,26.0,-999
104061,BORJA,1974,07,25,0.0,26.3,-999
104061,BORJA,1974,07,26,0.0,29.3,-999
104061,BORJA,1974,07,27,0.0,31.3,-999
104061,BORJA,1974,07,28,0.0,32.2,-999
104061,BORJA,1974,07,29,0.0,30.3,-999
104061,BORJA,1974,07,30,0.0,32.3,-999
104061,BORJA,1974,07,31,0.0,30.0,-999
104061,BORJA,1974,08,01,0.0,31.0,-999
104061,BORJA,1974,08,02,0.0,30.3,-999
104061,BORJA,1974,08,03,20.0,28.3,-999
104061,BORJA,1974,08,04,0.0,28.2,-999
104061,BORJA,1974,08,05,53.0,-999,-999
104061,BORJA,1974,08,06,0.0,-999,-999
104061,BORJA,1974,08,07,4.0,31.2,-999
104061,BORJA,1974,08,08,3.0,26.3,-999
104061,BORJA,1974,08,09,0.0,30.2,-999
104061,BORJA,1974,08,10,0.0,28.1,-999
104061,BORJA,1974,08,11,0.0,29.3,-999
104061,BORJA,1974,08,12,0.0,31.2,-999
104061,BORJA,1974,08,13,0.0,30.3,-999
104061,BORJA,1974,08,14,0.0,30.2,-999
104061,BORJA,1974,08,15,0.0,33.1,-999
104061,BORJA,1974,08,16,8.0,30.1,-999
104061,BORJA,1974,08,17,10.0,30.3,-999
104061,BORJA,1974,08,18,0.0,31.1,-999
104061,BORJA,1974,08,19,15.0,28.0,-999
104061,BORJA,1974,08,20,0.0,31.1,-999
104061,BORJA,1974,08,21,0.0,32.3,-999
104061,BORJA,1974,08,22,8.0,30.3,-999
104061,BORJA,1974,08,23,0.0,28.3,-999
104061,BORJA,1974,08,24,0.0,29.3,-999
104061,BORJA,1974,08,25,0.0,30.1,-999
104061,BORJA,1974,08,26,0.0,-999,-999
104061,BORJA,1974,08,27,0.0,-999,-999
104061,BORJA,1974,08,28,23.0,31.2,-999
104061,BORJA,1974,08,29,20.0,27.0,-999
104061,BORJA,1974,08,30,0.0,-999,-999
104061,BORJA,1974,08,31,0.0,-999,-999
104061,BORJA,1974,09,01,0.0,34.1,-999
104061,BORJA,1974,09,02,8.0,32.3,-999
104061,BORJA,1974,09,03,0.0,30.0,-999
104061,BORJA,1974,09,04,29.0,31.0,-999
104061,BORJA,1974,09,05,0.0,30.1,-999
104061,BORJA,1974,09,06,6.0,-999,-999
104061,BORJA,1974,09,07,33.0,-999,-999
104061,BORJA,1974,09,08,0.0,26.0,-999
104061,BORJA,1974,09,09,0.0,25.0,-999
104061,BORJA,1974,09,10,0.0,29.0,-999
104061,BORJA,1974,09,11,0.0,32.3,-999
104061,BORJA,1974,09,12,0.0,-999,-999
104061,BORJA,1974,09,13,23.0,-999,-999
104061,BORJA,1974,09,14,0.0,-999,-999
104061,BORJA,1974,09,15,0.0,-999,-999
104061,BORJA,1974,09,16,20.0,-999,-999
104061,BORJA,1974,09,17,0.0,31.3,-999
104061,BORJA,1974,09,18,52.0,-999,-999
104061,BORJA,1974,09,19,20.0,-999,-999
104061,BORJA,1974,09,20,5.0,-999,-999
104061,BORJA,1974,09,21,0.0,-999,-999
104061,BORJA,1974,09,22,0.0,-999,-999
104061,BORJA,1974,09,23,15.0,30.3,-999
104061,BORJA,1974,09,24,3.0,26.2,-999
104061,BORJA,1974,09,25,0.0,28.3,-999
104061,BORJA,1974,09,26,8.0,30.3,-999
104061,BORJA,1974,09,27,16.0,28.3,-999
104061,BORJA,1974,09,28,20.0,28.0,-999
104061,BORJA,1974,09,29,2.0,29.2,-999
104061,BORJA,1974,09,30,0.0,32.1,-999
104061,BORJA,1974,10,01,0.0,31.0,-999
104061,BORJA,1974,10,02,26.0,27.3,-999
104061,BORJA,1974,10,03,0.0,29.3,-999
104061,BORJA,1974,10,04,32.0,33.3,-999
104061,BORJA,1974,10,05,0.0,30.1,-999
104061,BORJA,1974,10,06,57.0,31.1,-999
104061,BORJA,1974,10,07,12.0,26.1,-999
104061,BORJA,1974,10,08,0.0,30.2,-999
104061,BORJA,1974,10,09,0.0,32.3,-999
104061,BORJA,1974,10,10,0.0,28.3,-999
104061,BORJA,1974,10,11,22.0,32.0,-999
104061,BORJA,1974,10,12,0.0,31.1,-999
104061,BORJA,1974,10,13,0.0,29.0,-999
104061,BORJA,1974,10,14,27.0,29.0,-999
104061,BORJA,1974,10,15,14.0,31.1,-999
104061,BORJA,1974,10,16,0.0,31.3,-999
104061,BORJA,1974,10,17,3.0,30.0,-999
104061,BORJA,1974,10,18,24.0,29.2,-999
104061,BORJA,1974,10,19,0.0,31.1,-999
104061,BORJA,1974,10,20,0.0,31.3,-999
104061,BORJA,1974,10,21,21.0,34.1,-999
104061,BORJA,1974,10,22,0.0,31.3,-999
104061,BORJA,1974,10,23,0.0,34.2,-999
104061,BORJA,1974,10,24,31.0,-999,-999
104061,BORJA,1974,10,25,0.0,-999,-999
104061,BORJA,1974,10,26,76.2,30.2,-999
104061,BORJA,1974,10,27,0.0,31.0,-999
104061,BORJA,1974,10,28,0.0,-999,-999
104061,BORJA,1974,10,29,30.0,-999,-999
104061,BORJA,1974,10,30,76.1,-999,-999
104061,BORJA,1974,10,31,34.7,25.3,-999
104061,BORJA,1974,11,01,0.0,30.1,-999
104061,BORJA,1974,11,02,0.0,33.1,-999
104061,BORJA,1974,11,03,0.0,34.3,-999
104061,BORJA,1974,11,04,0.0,31.1,-999
104061,BORJA,1974,11,05,0.0,32.2,-999
104061,BORJA,1974,11,06,0.0,31.3,-999
104061,BORJA,1974,11,07,9.0,30.1,-999
104061,BORJA,1974,11,08,0.0,-999,-999
104061,BORJA,1974,11,09,52.1,-999,-999
104061,BORJA,1974,11,10,0.0,-999,-999
104061,BORJA,1974,11,11,2.0,32.1,-999
104061,BORJA,1974,11,12,0.0,34.3,-999
104061,BORJA,1974,11,13,7.2,31.0,-999
104061,BORJA,1974,11,14,62.2,27.0,-999
104061,BORJA,1974,11,15,20.0,-999,-999
104061,BORJA,1974,11,16,0.0,-999,-999
104061,BORJA,1974,11,17,3.0,30.1,-999
104061,BORJA,1974,11,18,0.0,34.0,-999
104061,BORJA,1974,11,19,18.0,30.0,-999
104061,BORJA,1974,11,20,0.0,33.1,-999
104061,BORJA,1974,11,21,8.0,-999,-999
104061,BORJA,1974,11,22,55.0,-999,-999
104061,BORJA,1974,11,23,7.0,30.0,-999
104061,BORJA,1974,11,24,0.0,33.2,-999
104061,BORJA,1974,11,25,0.0,30.2,-999
104061,BORJA,1974,11,26,18.0,26.1,-999
104061,BORJA,1974,11,27,6.2,29.3,-999
104061,BORJA,1974,11,28,0.0,30.0,-999
104061,BORJA,1974,11,29,0.0,34.3,-999
104061,BORJA,1974,11,30,0.0,31.1,-999
104061,BORJA,1974,12,01,25.0,33.3,-999
104061,BORJA,1974,12,02,67.2,34.1,-999
104061,BORJA,1974,12,03,51.2,-999,-999
104061,BORJA,1974,12,04,47.3,-999,-999
104061,BORJA,1974,12,05,71.1,26.4,-999
104061,BORJA,1974,12,06,4.1,30.0,-999
104061,BORJA,1974,12,07,0.0,31.0,-999
104061,BORJA,1974,12,08,0.0,27.3,-999
104061,BORJA,1974,12,09,0.0,30.0,-999
104061,BORJA,1974,12,10,0.0,30.3,-999
104061,BORJA,1974,12,11,15.0,29.1,-999
104061,BORJA,1974,12,12,0.0,28.0,-999
104061,BORJA,1974,12,13,4.0,26.3,-999
104061,BORJA,1974,12,14,0.0,-999,-999
104061,BORJA,1974,12,15,0.0,-999,-999
104061,BORJA,1974,12,16,33.1,30.1,-999
104061,BORJA,1974,12,17,23.1,29.3,-999
104061,BORJA,1974,12,18,6.3,30.0,-999
104061,BORJA,1974,12,19,19.5,27.1,-999
104061,BORJA,1974,12,20,12.3,25.0,-999
104061,BORJA,1974,12,21,0.0,28.0,-999
104061,BORJA,1974,12,22,53.1,29.0,-999
104061,BORJA,1974,12,23,0.0,26.3,-999
104061,BORJA,1974,12,24,0.0,27.3,-999
104061,BORJA,1974,12,25,0.0,32.0,-999
104061,BORJA,1974,12,26,9.1,32.1,-999
104061,BORJA,1974,12,27,8.2,30.3,-999
104061,BORJA,1974,12,28,0.0,-999,-999
104061,BORJA,1974,12,29,0.0,-999,-999
104061,BORJA,1974,12,30,0.0,32.2,-999
104061,BORJA,1974,12,31,0.0,30.1,-999
104061,BORJA,1975,01,01,13.0,29.0,-999
104061,BORJA,1975,01,02,50.3,27.3,-999
104061,BORJA,1975,01,03,39.1,30.1,-999
104061,BORJA,1975,01,04,33.1,26.0,-999
104061,BORJA,1975,01,05,13.0,25.1,-999
104061,BORJA,1975,01,06,0.0,29.0,-999
104061,BORJA,1975,01,07,0.0,26.3,-999
104061,BORJA,1975,01,08,0.0,28.3,-999
104061,BORJA,1975,01,09,7.3,29.3,-999
104061,BORJA,1975,01,10,3.0,27.2,-999
104061,BORJA,1975,01,11,53.4,27.1,-999
104061,BORJA,1975,01,12,20.1,26.0,-999
104061,BORJA,1975,01,13,5.2,25.1,-999
104061,BORJA,1975,01,14,12.0,25.0,-999
104061,BORJA,1975,01,15,86.1,28.0,-999
104061,BORJA,1975,01,16,6.3,27.1,-999
104061,BORJA,1975,01,17,26.1,25.3,-999
104061,BORJA,1975,01,18,0.0,26.3,-999
104061,BORJA,1975,01,19,0.0,27.4,-999
104061,BORJA,1975,01,20,4.2,28.2,-999
104061,BORJA,1975,01,21,0.0,29.0,-999
104061,BORJA,1975,01,22,0.0,31.0,-999
104061,BORJA,1975,01,23,0.0,34.2,-999
104061,BORJA,1975,01,24,13.0,33.1,-999
104061,BORJA,1975,01,25,0.0,28.3,-999
104061,BORJA,1975,01,26,0.0,33.1,-999
104061,BORJA,1975,01,27,3.1,30.3,-999
104061,BORJA,1975,01,28,4.0,-999,-999
104061,BORJA,1975,01,29,3.2,29.0,-999
104061,BORJA,1975,01,30,0.0,29.3,-999
104061,BORJA,1975,01,31,0.0,28.3,-999
104061,BORJA,1975,02,01,0.0,27.3,-999
104061,BORJA,1975,02,02,5.0,29.0,-999
104061,BORJA,1975,02,03,0.0,31.3,-999
104061,BORJA,1975,02,04,0.0,30.1,-999
104061,BORJA,1975,02,05,0.0,28.3,-999
104061,BORJA,1975,02,06,0.0,29.0,-999
104061,BORJA,1975,02,07,23.0,-999,-999
104061,BORJA,1975,02,08,6.0,-999,-999
104061,BORJA,1975,02,09,4.1,28.1,-999
104061,BORJA,1975,02,10,0.0,30.2,-999
104061,BORJA,1975,02,11,4.2,28.1,-999
104061,BORJA,1975,02,12,0.0,29.1,-999
104061,BORJA,1975,02,13,0.0,29.3,-999
104061,BORJA,1975,02,14,6.1,28.3,-999
104061,BORJA,1975,02,15,0.0,29.3,-999
104061,BORJA,1975,02,16,33.1,28.0,-999
104061,BORJA,1975,02,17,10.0,26.0,-999
104061,BORJA,1975,02,18,0.0,29.1,-999
104061,BORJA,1975,02,19,0.0,32.2,-999
104061,BORJA,1975,02,20,4.2,-999,-999
104061,BORJA,1975,02,21,82.1,-999,-999
104061,BORJA,1975,02,22,0.0,-999,-999
104061,BORJA,1975,02,23,0.0,30.1,-999
104061,BORJA,1975,02,24,0.0,27.0,-999
104061,BORJA,1975,02,25,0.0,26.0,-999
104061,BORJA,1975,02,26,12.0,28.3,-999
104061,BORJA,1975,02,27,11.0,28.8,-999
104061,BORJA,1975,02,28,10.0,26.0,-999
104061,BORJA,1975,03,01,1.2,-999,-999
104061,BORJA,1975,03,02,79.0,-999,-999
104061,BORJA,1975,03,03,0.0,30.2,-999
104061,BORJA,1975,03,04,0.0,31.3,-999
104061,BORJA,1975,03,05,0.0,30.3,-999
104061,BORJA,1975,03,06,3.1,30.3,-999
104061,BORJA,1975,03,07,0.0,32.1,-999
104061,BORJA,1975,03,08,45.1,28.3,-999
104061,BORJA,1975,03,09,19.2,29.3,-999
104061,BORJA,1975,03,10,10.1,25.3,-999
104061,BORJA,1975,03,11,0.0,27.3,-999
104061,BORJA,1975,03,12,0.0,30.2,-999
104061,BORJA,1975,03,13,0.0,30.2,-999
104061,BORJA,1975,03,14,45.1,-999,-999
104061,BORJA,1975,03,15,39.0,-999,-999
104061,BORJA,1975,03,16,5.1,26.3,-999
104061,BORJA,1975,03,17,0.0,26.8,-999
104061,BORJA,1975,03,18,0.0,28.1,-999
104061,BORJA,1975,03,19,0.0,30.1,-999
104061,BORJA,1975,03,20,61.0,26.3,-999
104061,BORJA,1975,03,21,10.2,28.1,-999
104061,BORJA,1975,03,22,0.0,29.1,-999
104061,BORJA,1975,03,23,0.0,30.0,-999
104061,BORJA,1975,03,24,13.2,27.1,-999
104061,BORJA,1975,03,25,48.1,30.0,-999
104061,BORJA,1975,03,26,5.2,30.6,-999
104061,BORJA,1975,03,27,3.1,28.3,-999
104061,BORJA,1975,03,28,0.0,29.3,-999
104061,BORJA,1975,03,29,53.1,-999,-999
104061,BORJA,1975,03,30,150.0,-999,-999
104061,BORJA,1975,03,31,12.1,28.3,-999
104061,BORJA,1975,04,01,4.0,31.3,-999
104061,BORJA,1975,04,02,15.2,28.3,-999
104061,BORJA,1975,04,03,9.1,29.3,-999
104061,BORJA,1975,04,04,0.0,25.3,-999
104061,BORJA,1975,04,05,0.0,30.3,-999
104061,BORJA,1975,04,06,30.1,33.2,-999
104061,BORJA,1975,04,07,10.1,-999,-999
104061,BORJA,1975,04,08,0.0,-999,-999
104061,BORJA,1975,04,09,0.0,-999,-999
104061,BORJA,1975,04,10,18.4,-999,-999
104061,BORJA,1975,04,11,0.0,-999,-999
104061,BORJA,1975,04,12,0.0,30.0,-999
104061,BORJA,1975,04,13,3.0,31.2,-999
104061,BORJA,1975,04,14,0.0,31.3,-999
104061,BORJA,1975,04,15,0.0,31.0,-999
104061,BORJA,1975,04,16,0.0,30.6,-999
104061,BORJA,1975,04,17,0.0,31.1,-999
104061,BORJA,1975,04,18,32.1,-999,-999
104061,BORJA,1975,04,19,20.1,-999,-999
104061,BORJA,1975,04,20,2.1,27.3,-999
104061,BORJA,1975,04,21,0.0,30.1,-999
104061,BORJA,1975,04,22,50.3,-999,-999
104061,BORJA,1975,04,23,46.0,-999,-999
104061,BORJA,1975,04,24,0.0,31.0,-999
104061,BORJA,1975,04,25,0.0,30.0,-999
104061,BORJA,1975,04,26,0.0,31.2,-999
104061,BORJA,1975,04,27,0.0,33.2,-999
104061,BORJA,1975,04,28,36.2,31.2,-999
104061,BORJA,1975,04,29,4.2,29.1,-999
104061,BORJA,1975,04,30,0.0,31.2,-999
104061,BORJA,1975,05,01,0.0,27.0,-999
104061,BORJA,1975,05,02,54.3,-999,-999
104061,BORJA,1975,05,03,0.0,-999,-999
104061,BORJA,1975,05,04,0.0,-999,-999
104061,BORJA,1975,05,05,3.0,34.0,-999
104061,BORJA,1975,05,06,0.0,33.0,-999
104061,BORJA,1975,05,07,4.0,31.1,-999
104061,BORJA,1975,05,08,0.0,32.3,-999
104061,BORJA,1975,05,09,0.0,29.1,-999
104061,BORJA,1975,05,10,8.2,28.3,-999
104061,BORJA,1975,05,11,0.0,30.0,-999
104061,BORJA,1975,05,12,0.0,30.3,-999
104061,BORJA,1975,05,13,0.0,32.0,-999
104061,BORJA,1975,05,14,33.0,31.1,-999
104061,BORJA,1975,05,15,70.2,-999,-999
104061,BORJA,1975,05,16,56.0,-999,-999
104061,BORJA,1975,05,17,0.0,28.3,-999
104061,BORJA,1975,05,18,3.2,28.3,-999
104061,BORJA,1975,05,19,0.0,30.0,-999
104061,BORJA,1975,05,20,35.2,-999,-999
104061,BORJA,1975,05,21,0.0,-999,-999
104061,BORJA,1975,05,22,36.8,-999,-999
104061,BORJA,1975,05,23,11.0,28.8,-999
104061,BORJA,1975,05,24,38.2,27.1,-999
104061,BORJA,1975,05,25,24.0,26.1,-999
104061,BORJA,1975,05,26,22.0,29.6,-999
104061,BORJA,1975,05,27,62.1,27.0,-999
104061,BORJA,1975,05,28,0.0,27.2,-999
104061,BORJA,1975,05,29,0.0,29.3,-999
104061,BORJA,1975,05,30,5.3,30.2,-999
104061,BORJA,1975,05,31,0.0,31.2,-999
104061,BORJA,1975,06,01,0.0,28.2,-999
104061,BORJA,1975,06,02,0.0,28.0,-999
104061,BORJA,1975,06,03,80.1,25.0,-999
104061,BORJA,1975,06,04,8.2,-999,-999
104061,BORJA,1975,06,05,0.0,-999,-999
104061,BORJA,1975,06,06,60.1,-999,-999
104061,BORJA,1975,06,07,112.0,-999,-999
104061,BORJA,1975,06,08,80.0,26.0,-999
104061,BORJA,1975,06,09,50.0,30.1,-999
104061,BORJA,1975,06,10,30.1,27.3,-999
104061,BORJA,1975,06,11,6.0,29.1,-999
104061,BORJA,1975,06,12,10.3,29.2,-999
104061,BORJA,1975,06,13,24.0,-999,-999
104061,BORJA,1975,06,14,43.4,-999,-999
104061,BORJA,1975,06,15,0.0,-999,-999
104061,BORJA,1975,06,16,0.0,30.0,-999
104061,BORJA,1975,06,17,20.1,28.1,-999
104061,BORJA,1975,06,18,2.1,27.3,-999
104061,BORJA,1975,06,19,0.0,28.6,-999
104061,BORJA,1975,06,20,0.0,28.6,-999
104061,BORJA,1975,06,21,55.0,29.8,-999
104061,BORJA,1975,06,22,22.1,30.3,-999
104061,BORJA,1975,06,23,0.0,33.0,-999
104061,BORJA,1975,06,24,0.0,29.2,-999
104061,BORJA,1975,06,25,0.0,33.0,-999
104061,BORJA,1975,06,26,10.2,30.3,-999
104061,BORJA,1975,06,27,17.0,27.1,-999
104061,BORJA,1975,06,28,46.1,27.1,-999
104061,BORJA,1975,06,29,6.0,28.8,-999
104061,BORJA,1975,06,30,0.0,30.0,-999
104061,BORJA,1975,07,01,20.0,30.0,-999
104061,BORJA,1975,07,02,6.0,28.2,-999
104061,BORJA,1975,07,03,0.0,28.8,-999
104061,BORJA,1975,07,04,2.0,29.4,-999
104061,BORJA,1975,07,05,19.0,26.4,-999
104061,BORJA,1975,07,06,0.0,25.0,-999
104061,BORJA,1975,07,07,0.0,29.0,-999
104061,BORJA,1975,07,08,0.0,30.2,-999
104061,BORJA,1975,07,09,0.0,31.2,-999
104061,BORJA,1975,07,10,0.0,33.0,-999
104061,BORJA,1975,07,11,0.0,29.0,-999
104061,BORJA,1975,07,12,10.0,27.0,-999
104061,BORJA,1975,07,13,2.0,27.4,-999
104061,BORJA,1975,07,14,0.0,29.0,-999
104061,BORJA,1975,07,15,5.0,26.4,-999
104061,BORJA,1975,07,16,22.0,26.8,-999
104061,BORJA,1975,07,17,0.0,27.0,-999
104061,BORJA,1975,07,18,0.0,30.8,-999
104061,BORJA,1975,07,19,24.0,28.2,-999
104061,BORJA,1975,07,20,4.0,25.2,-999
104061,BORJA,1975,07,21,0.0,29.4,-999
104061,BORJA,1975,07,22,14.3,27.2,-999
104061,BORJA,1975,07,23,50.0,23.4,-999
104061,BORJA,1975,07,24,-888,26.0,-999
104061,BORJA,1975,07,25,0.0,26.4,-999
104061,BORJA,1975,07,26,0.0,29.2,-999
104061,BORJA,1975,07,27,0.0,31.4,-999
104061,BORJA,1975,07,28,0.0,32.2,-999
104061,BORJA,1975,07,29,0.0,30.4,-999
104061,BORJA,1975,07,30,0.0,32.4,-999
104061,BORJA,1975,07,31,0.0,30.0,-999
104061,BORJA,1975,08,01,0.0,31.0,-999
104061,BORJA,1975,08,02,0.0,30.3,-999
104061,BORJA,1975,08,03,10.0,28.3,-999
104061,BORJA,1975,08,04,0.0,29.2,-999
104061,BORJA,1975,08,05,53.0,-999,-999
104061,BORJA,1975,08,06,0.0,-999,-999
104061,BORJA,1975,08,07,4.6,31.2,-999
104061,BORJA,1975,08,08,7.8,26.3,-999
104061,BORJA,1975,08,09,6.8,26.0,-999
104061,BORJA,1975,08,10,0.0,28.2,-999
104061,BORJA,1975,08,11,0.0,-999,-999
104061,BORJA,1975,08,12,0.0,-999,-999
104061,BORJA,1975,08,13,4.0,31.2,-999
104061,BORJA,1975,08,14,6.0,30.8,-999
104061,BORJA,1975,08,15,0.0,33.1,-999
104061,BORJA,1975,08,16,16.6,30.0,-999
104061,BORJA,1975,08,17,22.6,31.3,-999
104061,BORJA,1975,08,18,11.4,27.0,-999
104061,BORJA,1975,08,19,0.0,28.0,-999
104061,BORJA,1975,08,20,0.0,28.6,-999
104061,BORJA,1975,08,21,0.0,32.3,-999
104061,BORJA,1975,08,22,22.0,30.8,-999
104061,BORJA,1975,08,23,14.6,28.3,-999
104061,BORJA,1975,08,24,10.0,29.3,-999
104061,BORJA,1975,08,25,0.0,30.1,-999
104061,BORJA,1975,08,26,0.0,30.0,-999
104061,BORJA,1975,08,27,0.0,33.0,-999
104061,BORJA,1975,08,28,57.0,-999,-999
104061,BORJA,1975,08,29,66.0,-999,-999
104061,BORJA,1975,08,30,30.1,28.0,-999
104061,BORJA,1975,08,31,0.0,30.2,-999
104061,BORJA,1975,09,01,0.0,34.3,-999
104061,BORJA,1975,09,02,20.0,30.6,-999
104061,BORJA,1975,09,03,0.0,-999,-999
104061,BORJA,1975,09,04,0.0,-999,-999
104061,BORJA,1975,09,05,0.0,33.1,-999
104061,BORJA,1975,09,06,0.0,34.1,-999
104061,BORJA,1975,09,07,-888,30.3,-999
104061,BORJA,1975,09,08,52.0,26.3,-999
104061,BORJA,1975,09,09,0.0,-999,-999
104061,BORJA,1975,09,10,-888,-999,-999
104061,BORJA,1975,09,11,0.0,29.8,-999
104061,BORJA,1975,09,12,48.6,31.1,-999
104061,BORJA,1975,09,13,27.0,28.6,-999
104061,BORJA,1975,09,14,0.0,29.0,-999
104061,BORJA,1975,09,15,53.1,29.6,-999
104061,BORJA,1975,09,16,0.0,32.3,-999
104061,BORJA,1975,09,17,0.0,34.3,-999
104061,BORJA,1975,09,18,0.0,32.3,-999
104061,BORJA,1975,09,19,0.0,33.3,-999
104061,BORJA,1975,09,20,62.0,35.0,-999
104061,BORJA,1975,09,21,5.0,30.0,-999
104061,BORJA,1975,09,22,36.1,-999,-999
104061,BORJA,1975,09,23,0.0,-999,-999
104061,BORJA,1975,09,24,0.0,-999,-999
104061,BORJA,1975,09,25,53.2,-999,-999
104061,BORJA,1975,09,26,0.0,-999,-999
104061,BORJA,1975,09,27,4.0,28.3,-999
104061,BORJA,1975,09,28,0.0,31.0,-999
104061,BORJA,1975,09,29,0.0,29.3,-999
104061,BORJA,1975,09,30,8.0,30.1,-999
104061,BORJA,1975,10,01,4.0,31.0,-999
104061,BORJA,1975,10,02,0.0,34.1,-999
104061,BORJA,1975,10,03,0.0,32.3,-999
104061,BORJA,1975,10,04,0.0,33.8,-999
104061,BORJA,1975,10,05,3.0,-999,-999
104061,BORJA,1975,10,06,34.1,-999,-999
104061,BORJA,1975,10,07,5.0,-999,-999
104061,BORJA,1975,10,08,2.0,-999,-999
104061,BORJA,1975,10,09,0.0,-999,-999
104061,BORJA,1975,10,10,5.0,-999,-999
104061,BORJA,1975,10,11,0.0,32.0,-999
104061,BORJA,1975,10,12,18.0,27.0,-999
104061,BORJA,1975,10,13,3.0,31.0,-999
104061,BORJA,1975,10,14,25.0,33.3,-999
104061,BORJA,1975,10,15,0.0,28.3,-999
104061,BORJA,1975,10,16,0.0,29.8,-999
104061,BORJA,1975,10,17,4.0,34.0,-999
104061,BORJA,1975,10,18,0.0,32.2,-999
104061,BORJA,1975,10,19,0.0,35.0,-999
104061,BORJA,1975,10,20,0.0,-999,-999
104061,BORJA,1975,10,21,105.0,-999,-999
104061,BORJA,1975,10,22,0.0,28.8,-999
104061,BORJA,1975,10,23,0.0,28.3,-999
104061,BORJA,1975,10,24,0.0,33.3,-999
104061,BORJA,1975,10,25,0.0,34.2,-999
104061,BORJA,1975,10,26,10.0,31.3,-999
104061,BORJA,1975,10,27,0.0,35.1,-999
104061,BORJA,1975,10,28,10.0,-999,-999
104061,BORJA,1975,10,29,0.0,-999,-999
104061,BORJA,1975,10,30,0.0,31.3,-999
104061,BORJA,1975,10,31,0.0,31.2,-999
104061,BORJA,1975,11,01,0.0,30.2,-999
104061,BORJA,1975,11,02,0.0,33.3,-999
104061,BORJA,1975,11,03,12.0,30.0,-999
104061,BORJA,1975,11,04,35.6,29.3,-999
104061,BORJA,1975,11,05,95.0,-999,-999
104061,BORJA,1975,11,06,0.0,-999,-999
104061,BORJA,1975,11,07,30.6,-999,-999
104061,BORJA,1975,11,08,51.2,-999,-999
104061,BORJA,1975,11,09,0.0,28.6,-999
104061,BORJA,1975,11,10,0.0,31.2,-999
104061,BORJA,1975,11,11,0.0,33.2,-999
104061,BORJA,1975,11,12,32.2,-999,-999
104061,BORJA,1975,11,13,108.8,-999,-999
104061,BORJA,1975,11,14,0.0,-999,-999
104061,BORJA,1975,11,15,0.0,33.2,-999
104061,BORJA,1975,11,16,0.0,33.3,-999
104061,BORJA,1975,11,17,15.0,33.0,-999
104061,BORJA,1975,11,18,0.0,28.0,-999
104061,BORJA,1975,11,19,5.4,30.0,-999
104061,BORJA,1975,11,20,0.0,32.0,-999
104061,BORJA,1975,11,21,0.0,29.2,-999
104061,BORJA,1975,11,22,4.0,30.3,-999
104061,BORJA,1975,11,23,0.0,33.1,-999
104061,BORJA,1975,11,24,75.0,-999,-999
104061,BORJA,1975,11,25,50.4,-999,-999
104061,BORJA,1975,11,26,0.0,-999,-999
104061,BORJA,1975,11,27,0.0,-999,-999
104061,BORJA,1975,11,28,0.0,35.2,-999
104061,BORJA,1975,11,29,0.0,34.3,-999
104061,BORJA,1975,11,30,0.0,33.2,-999
104061,BORJA,1975,12,01,0.0,32.0,-999
104061,BORJA,1975,12,02,32.2,31.4,-999
104061,BORJA,1975,12,03,0.0,29.1,-999
104061,BORJA,1975,12,04,18.6,29.3,-999
104061,BORJA,1975,12,05,0.0,33.2,-999
104061,BORJA,1975,12,06,0.0,34.0,-999
104061,BORJA,1975,12,07,3.0,31.3,-999
104061,BORJA,1975,12,08,21.2,28.8,-999
104061,BORJA,1975,12,09,80.5,26.0,-999
104061,BORJA,1975,12,10,0.0,-999,-999
104061,BORJA,1975,12,11,0.0,-999,-999
104061,BORJA,1975,12,12,0.0,32.3,-999
104061,BORJA,1975,12,13,5.0,31.2,-999
104061,BORJA,1975,12,14,0.0,28.3,-999
104061,BORJA,1975,12,15,0.0,32.3,-999
104061,BORJA,1975,12,16,50.0,-999,-999
104061,BORJA,1975,12,17,7.6,-999,-999
104061,BORJA,1975,12,18,0.0,-999,-999
104061,BORJA,1975,12,19,0.0,30.2,-999
104061,BORJA,1975,12,20,0.0,31.2,-999
104061,BORJA,1975,12,21,4.8,29.6,-999
104061,BORJA,1975,12,22,0.0,31.3,-999
104061,BORJA,1975,12,23,0.0,27.8,-999
104061,BORJA,1975,12,24,0.0,29.8,-999
104061,BORJA,1975,12,25,0.0,33.0,-999
104061,BORJA,1975,12,26,10.0,28.3,-999
104061,BORJA,1975,12,27,11.0,-999,-999
104061,BORJA,1975,12,28,23.2,-999,-999
104061,BORJA,1975,12,29,5.6,31.0,-999
104061,BORJA,1975,12,30,0.0,31.0,-999
104061,BORJA,1975,12,31,0.0,29.6,-999
104061,BORJA,1976,01,01,0.0,33.0,-999
104061,BORJA,1976,01,02,0.0,35.0,-999
104061,BORJA,1976,01,03,10.0,-999,-999
104061,BORJA,1976,01,04,9.0,-999,-999
104061,BORJA,1976,01,05,0.0,29.2,-999
104061,BORJA,1976,01,06,0.0,29.3,-999
104061,BORJA,1976,01,07,10.6,26.0,-999
104061,BORJA,1976,01,08,0.0,27.0,-999
104061,BORJA,1976,01,09,3.0,30.3,-999
104061,BORJA,1976,01,10,0.0,31.1,-999
104061,BORJA,1976,01,11,16.8,28.0,-999
104061,BORJA,1976,01,12,40.0,28.6,-999
104061,BORJA,1976,01,13,0.0,25.0,-999
104061,BORJA,1976,01,14,0.0,29.3,-999
104061,BORJA,1976,01,15,25.2,29.1,-999
104061,BORJA,1976,01,16,40.0,26.3,-999
104061,BORJA,1976,01,17,3.2,30.0,-999
104061,BORJA,1976,01,18,0.0,29.6,-999
104061,BORJA,1976,01,19,0.0,30.3,-999
104061,BORJA,1976,01,20,2.0,29.2,-999
104061,BORJA,1976,01,21,36.4,-999,-999
104061,BORJA,1976,01,22,63.2,-999,-999
104061,BORJA,1976,01,23,25.4,-999,-999
104061,BORJA,1976,01,24,0.0,-999,-999
104061,BORJA,1976,01,25,32.8,26.6,-999
104061,BORJA,1976,01,26,0.0,31.3,-999
104061,BORJA,1976,01,27,2.0,31.2,-999
104061,BORJA,1976,01,28,0.0,27.6,-999
104061,BORJA,1976,01,29,3.0,29.3,-999
104061,BORJA,1976,01,30,0.0,32.0,-999
104061,BORJA,1976,01,31,15.0,32.1,-999
104061,BORJA,1976,02,01,7.6,27.0,-999
104061,BORJA,1976,02,02,2.0,29.2,-999
104061,BORJA,1976,02,03,0.0,30.6,-999
104061,BORJA,1976,02,04,0.0,30.3,-999
104061,BORJA,1976,02,05,0.0,31.0,-999
104061,BORJA,1976,02,06,6.2,29.6,-999
104061,BORJA,1976,02,07,0.0,33.2,-999
104061,BORJA,1976,02,08,5.4,-999,-999
104061,BORJA,1976,02,09,52.0,-999,-999
104061,BORJA,1976,02,10,0.0,-999,-999
104061,BORJA,1976,02,11,0.0,32.3,-999
104061,BORJA,1976,02,12,6.0,28.0,-999
104061,BORJA,1976,02,13,4.0,28.8,-999
104061,BORJA,1976,02,14,0.0,29.6,-999
104061,BORJA,1976,02,15,0.0,31.0,-999
104061,BORJA,1976,02,16,0.0,28.3,-999
104061,BORJA,1976,02,17,0.0,28.2,-999
104061,BORJA,1976,02,18,0.0,30.0,-999
104061,BORJA,1976,02,19,0.0,27.3,-999
104061,BORJA,1976,02,20,14.0,26.0,-999
104061,BORJA,1976,02,21,0.0,27.6,-999
104061,BORJA,1976,02,22,0.0,29.1,-999
104061,BORJA,1976,02,23,0.0,30.6,-999
104061,BORJA,1976,02,24,4.2,29.1,-999
104061,BORJA,1976,02,25,5.0,26.8,-999
104061,BORJA,1976,02,26,5.2,26.3,-999
104061,BORJA,1976,02,27,0.0,29.6,-999
104061,BORJA,1976,02,28,13.0,-999,-999
104061,BORJA,1976,02,29,0.0,27.8,-999
104061,BORJA,1976,03,01,0.0,33.3,-999
104061,BORJA,1976,03,02,5.0,32.1,-999
104061,BORJA,1976,03,03,7.4,28.1,-999
104061,BORJA,1976,03,04,39.0,31.1,-999
104061,BORJA,1976,03,05,3.0,27.6,-999
104061,BORJA,1976,03,06,4.0,26.6,-999
104061,BORJA,1976,03,07,2.0,29.1,-999
104061,BORJA,1976,03,08,0.0,26.2,-999
104061,BORJA,1976,03,09,26.0,30.0,-999
104061,BORJA,1976,03,10,42.8,25.1,-999
104061,BORJA,1976,03,11,0.0,29.6,-999
104061,BORJA,1976,03,12,0.0,31.0,-999
104061,BORJA,1976,03,13,20.8,29.0,-999
104061,BORJA,1976,03,14,62.6,29.6,-999
104061,BORJA,1976,03,15,15.0,25.3,-999
104061,BORJA,1976,03,16,0.0,30.2,-999
104061,BORJA,1976,03,17,0.0,29.6,-999
104061,BORJA,1976,03,18,0.0,31.8,-999
104061,BORJA,1976,03,19,0.0,32.0,-999
104061,BORJA,1976,03,20,0.0,33.6,-999
104061,BORJA,1976,03,21,0.0,29.6,-999
104061,BORJA,1976,03,22,0.0,30.0,-999
104061,BORJA,1976,03,23,35.2,29.8,-999
104061,BORJA,1976,03,24,4.0,26.1,-999
104061,BORJA,1976,03,25,45.0,25.3,-999
104061,BORJA,1976,03,26,103.0,28.8,-999
104061,BORJA,1976,03,27,27.0,28.0,-999
104061,BORJA,1976,03,28,0.0,28.6,-999
104061,BORJA,1976,03,29,5.6,29.0,-999
104061,BORJA,1976,03,30,0.0,31.1,-999
104061,BORJA,1976,03,31,0.0,33.0,-999
104061,BORJA,1976,04,01,16.6,30.0,-999
104061,BORJA,1976,04,02,4.2,30.0,-999
104061,BORJA,1976,04,03,17.2,30.6,-999
104061,BORJA,1976,04,04,13.4,29.6,-999
104061,BORJA,1976,04,05,8.0,29.0,-999
104061,BORJA,1976,04,06,15.8,26.0,-999
104061,BORJA,1976,04,07,0.0,28.3,-999
104061,BORJA,1976,04,08,0.0,31.0,-999
104061,BORJA,1976,04,09,0.0,-999,-999
104061,BORJA,1976,04,10,28.0,-999,-999
104061,BORJA,1976,04,11,0.0,25.8,-999
104061,BORJA,1976,04,12,28.4,30.0,-999
104061,BORJA,1976,04,13,42.4,25.0,-999
104061,BORJA,1976,04,14,0.0,29.6,-999
104061,BORJA,1976,04,15,4.0,31.8,-999
104061,BORJA,1976,04,16,0.0,29.8,-999
104061,BORJA,1976,04,17,0.0,31.2,-999
104061,BORJA,1976,04,18,0.0,32.1,-999
104061,BORJA,1976,04,19,0.0,32.6,-999
104061,BORJA,1976,04,20,5.0,31.0,-999
104061,BORJA,1976,04,21,10.0,28.0,-999
104061,BORJA,1976,04,22,0.0,28.2,-999
104061,BORJA,1976,04,23,0.0,29.0,-999
104061,BORJA,1976,04,24,6.2,29.4,-999
104061,BORJA,1976,04,25,0.0,30.1,-999
104061,BORJA,1976,04,26,0.0,31.8,-999
104061,BORJA,1976,04,27,30.0,29.6,-999
104061,BORJA,1976,04,28,0.0,28.2,-999
104061,BORJA,1976,04,29,0.0,31.6,-999
104061,BORJA,1976,04,30,5.2,30.0,-999
104061,BORJA,1976,05,01,68.6,30.2,-999
104061,BORJA,1976,05,02,30.6,30.0,-999
104061,BORJA,1976,05,03,5.2,31.1,-999
104061,BORJA,1976,05,04,3.0,31.0,-999
104061,BORJA,1976,05,05,3.2,28.2,-999
104061,BORJA,1976,05,06,3.8,28.1,-999
104061,BORJA,1976,05,07,18.2,29.0,-999
104061,BORJA,1976,05,08,0.0,30.2,-999
104061,BORJA,1976,05,09,30.4,28.5,-999
104061,BORJA,1976,05,10,0.0,30.1,-999
104061,BORJA,1976,05,11,18.0,29.0,-999
104061,BORJA,1976,05,12,0.0,29.0,-999
104061,BORJA,1976,05,13,0.0,32.0,-999
104061,BORJA,1976,05,14,0.0,31.0,-999
104061,BORJA,1976,05,15,20.6,31.0,-999
104061,BORJA,1976,05,16,5.0,29.0,-999
104061,BORJA,1976,05,17,10.0,-999,-999
104061,BORJA,1976,05,18,12.8,-999,-999
104061,BORJA,1976,05,19,10.0,30.0,-999
104061,BORJA,1976,05,20,0.0,31.2,-999
104061,BORJA,1976,05,21,0.0,30.0,-999
104061,BORJA,1976,05,22,70.0,-999,-999
104061,BORJA,1976,05,23,94.0,-999,-999
104061,BORJA,1976,05,24,22.6,24.0,-999
104061,BORJA,1976,05,25,0.0,26.2,-999
104061,BORJA,1976,05,26,0.0,26.0,-999
104061,BORJA,1976,05,27,0.0,30.0,-999
104061,BORJA,1976,05,28,0.0,30.2,-999
104061,BORJA,1976,05,29,16.6,30.8,-999
104061,BORJA,1976,05,30,0.0,26.8,-999
104061,BORJA,1976,05,31,0.0,26.4,-999
104061,BORJA,1976,06,01,17.8,-999,-999
104061,BORJA,1976,06,02,0.0,-999,-999
104061,BORJA,1976,06,03,0.0,-999,-999
104061,BORJA,1976,06,04,0.0,-999,-999
104061,BORJA,1976,06,05,1.6,-999,-999
104061,BORJA,1976,06,06,7.8,-999,-999
104061,BORJA,1976,06,07,23.4,-999,-999
104061,BORJA,1976,06,08,7.4,-999,-999
104061,BORJA,1976,06,09,0.0,-999,-999
104061,BORJA,1976,06,10,0.0,-999,-999
104061,BORJA,1976,06,11,1.0,-999,-999
104061,BORJA,1976,06,12,2.2,-999,-999
104061,BORJA,1976,06,13,0.0,-999,-999
104061,BORJA,1976,06,14,5.8,-999,-999
104061,BORJA,1976,06,15,0.0,-999,-999
104061,BORJA,1976,06,16,25.8,-999,-999
104061,BORJA,1976,06,17,7.8,-999,-999
104061,BORJA,1976,06,18,11.4,-999,-999
104061,BORJA,1976,06,19,0.0,-999,-999
104061,BORJA,1976,06,20,7.6,-999,-999
104061,BORJA,1976,06,21,36.8,-999,-999
104061,BORJA,1976,06,22,17.4,-999,-999
104061,BORJA,1976,06,23,0.0,-999,-999
104061,BORJA,1976,06,24,1.6,-999,-999
104061,BORJA,1976,06,25,1.2,-999,-999
104061,BORJA,1976,06,26,1.8,-999,-999
104061,BORJA,1976,06,27,0.0,-999,-999
104061,BORJA,1976,06,28,5.0,-999,-999
104061,BORJA,1976,06,29,35.2,-999,-999
104061,BORJA,1976,06,30,10.4,-999,-999
104061,BORJA,1976,07,01,19.2,-999,-999
104061,BORJA,1976,07,02,6.6,-999,-999
104061,BORJA,1976,07,03,0.0,-999,-999
104061,BORJA,1976,07,04,0.0,-999,-999
104061,BORJA,1976,07,05,0.0,-999,-999
104061,BORJA,1976,07,06,0.0,-999,-999
104061,BORJA,1976,07,07,0.0,-999,-999
104061,BORJA,1976,07,08,0.0,-999,-999
104061,BORJA,1976,07,09,0.0,-999,-999
104061,BORJA,1976,07,10,1.5,-999,-999
104061,BORJA,1976,07,11,0.0,-999,-999
104061,BORJA,1976,07,12,0.0,-999,-999
104061,BORJA,1976,07,13,0.0,-999,-999
104061,BORJA,1976,07,14,0.0,-999,-999
104061,BORJA,1976,07,15,5.0,-999,-999
104061,BORJA,1976,07,16,11.4,-999,-999
104061,BORJA,1976,07,17,7.0,-999,-999
104061,BORJA,1976,07,18,16.4,-999,-999
104061,BORJA,1976,07,19,0.0,-999,-999
104061,BORJA,1976,07,20,0.0,-999,-999
104061,BORJA,1976,07,21,0.0,-999,-999
104061,BORJA,1976,07,22,1.2,-999,-999
104061,BORJA,1976,07,23,14.4,-999,-999
104061,BORJA,1976,07,24,14.2,-999,-999
104061,BORJA,1976,07,25,1.2,-999,-999
104061,BORJA,1976,07,26,0.0,-999,-999
104061,BORJA,1976,07,27,0.0,-999,-999
104061,BORJA,1976,07,28,0.0,-999,-999
104061,BORJA,1976,07,29,0.0,-999,-999
104061,BORJA,1976,07,30,0.0,-999,-999
104061,BORJA,1976,07,31,0.0,-999,-999
104061,BORJA,1976,08,01,0.0,-999,-999
104061,BORJA,1976,08,02,0.0,-999,-999
104061,BORJA,1976,08,03,0.0,-999,-999
104061,BORJA,1976,08,04,5.0,-999,-999
104061,BORJA,1976,08,05,0.0,-999,-999
104061,BORJA,1976,08,06,13.2,-999,-999
104061,BORJA,1976,08,07,5.2,-999,-999
104061,BORJA,1976,08,08,0.0,-999,-999
104061,BORJA,1976,08,09,0.0,-999,-999
104061,BORJA,1976,08,10,7.4,-999,-999
104061,BORJA,1976,08,11,11.4,-999,-999
104061,BORJA,1976,08,12,0.0,-999,-999
104061,BORJA,1976,08,13,0.0,-999,-999
104061,BORJA,1976,08,14,0.0,-999,-999
104061,BORJA,1976,08,15,25.4,-999,-999
104061,BORJA,1976,08,16,0.0,-999,-999
104061,BORJA,1976,08,17,15.4,-999,-999
104061,BORJA,1976,08,18,0.0,-999,-999
104061,BORJA,1976,08,19,22.0,-999,-999
104061,BORJA,1976,08,20,0.0,-999,-999
104061,BORJA,1976,08,21,12.4,-999,-999
104061,BORJA,1976,08,22,0.0,-999,-999
104061,BORJA,1976,08,23,0.0,-999,-999
104061,BORJA,1976,08,24,0.0,-999,-999
104061,BORJA,1976,08,25,0.0,-999,-999
104061,BORJA,1976,08,26,0.0,-999,-999
104061,BORJA,1976,08,27,0.0,-999,-999
104061,BORJA,1976,08,28,0.0,-999,-999
104061,BORJA,1976,08,29,0.0,-999,-999
104061,BORJA,1976,08,30,0.0,-999,-999
104061,BORJA,1976,08,31,0.0,-999,-999
104061,BORJA,1976,09,01,0.0,-999,-999
104061,BORJA,1976,09,02,0.0,-999,-999
104061,BORJA,1976,09,03,0.0,-999,-999
104061,BORJA,1976,09,04,18.0,-999,-999
104061,BORJA,1976,09,05,0.0,-999,-999
104061,BORJA,1976,09,06,0.0,-999,-999
104061,BORJA,1976,09,07,1.2,-999,-999
104061,BORJA,1976,09,08,5.0,-999,-999
104061,BORJA,1976,09,09,0.0,-999,-999
104061,BORJA,1976,09,10,4.6,-999,-999
104061,BORJA,1976,09,11,0.0,-999,-999
104061,BORJA,1976,09,12,0.0,-999,-999
104061,BORJA,1976,09,13,0.0,-999,-999
104061,BORJA,1976,09,14,0.0,-999,-999
104061,BORJA,1976,09,15,0.0,-999,-999
104061,BORJA,1976,09,16,0.0,-999,-999
104061,BORJA,1976,09,17,0.0,-999,-999
104061,BORJA,1976,09,18,0.0,-999,-999
104061,BORJA,1976,09,19,0.0,-999,-999
104061,BORJA,1976,09,20,0.0,-999,-999
104061,BORJA,1976,09,21,0.0,-999,-999
104061,BORJA,1976,09,22,0.0,-999,-999
104061,BORJA,1976,09,23,0.0,-999,-999
104061,BORJA,1976,09,24,5.0,-999,-999
104061,BORJA,1976,09,25,0.0,-999,-999
104061,BORJA,1976,09,26,0.0,-999,-999
104061,BORJA,1976,09,27,7.0,-999,-999
104061,BORJA,1976,09,28,0.0,-999,-999
104061,BORJA,1976,09,29,0.0,-999,-999
104061,BORJA,1976,09,30,0.0,-999,-999
104061,BORJA,1976,10,01,0.0,-999,-999
104061,BORJA,1976,10,02,0.0,-999,-999
104061,BORJA,1976,10,03,0.0,-999,-999
104061,BORJA,1976,10,04,0.0,-999,-999
104061,BORJA,1976,10,05,0.0,-999,-999
104061,BORJA,1976,10,06,53.0,-999,-999
104061,BORJA,1976,10,07,0.0,-999,-999
104061,BORJA,1976,10,08,0.0,-999,-999
104061,BORJA,1976,10,09,0.0,-999,-999
104061,BORJA,1976,10,10,50.4,-999,-999
104061,BORJA,1976,10,11,0.0,-999,-999
104061,BORJA,1976,10,12,0.0,-999,-999
104061,BORJA,1976,10,13,0.0,-999,-999
104061,BORJA,1976,10,14,1.0,-999,-999
104061,BORJA,1976,10,15,1.4,-999,-999
104061,BORJA,1976,10,16,0.0,-999,-999
104061,BORJA,1976,10,17,0.0,-999,-999
104061,BORJA,1976,10,18,0.0,-999,-999
104061,BORJA,1976,10,19,0.0,-999,-999
104061,BORJA,1976,10,20,0.0,-999,-999
104061,BORJA,1976,10,21,0.0,-999,-999
104061,BORJA,1976,10,22,0.0,-999,-999
104061,BORJA,1976,10,23,0.0,-999,-999
104061,BORJA,1976,10,24,0.0,-999,-999
104061,BORJA,1976,10,25,0.0,-999,-999
104061,BORJA,1976,10,26,0.0,-999,-999
104061,BORJA,1976,10,27,70.0,-999,-999
104061,BORJA,1976,10,28,16.0,-999,-999
104061,BORJA,1976,10,29,1.4,-999,-999
104061,BORJA,1976,10,30,0.0,-999,-999
104061,BORJA,1976,10,31,0.0,-999,-999
104061,BORJA,1976,11,01,52.0,-999,-999
104061,BORJA,1976,11,02,0.0,-999,-999
104061,BORJA,1976,11,03,0.0,-999,-999
104061,BORJA,1976,11,04,0.0,-999,-999
104061,BORJA,1976,11,05,17.0,-999,-999
104061,BORJA,1976,11,06,0.0,-999,-999
104061,BORJA,1976,11,07,75.0,-999,-999
104061,BORJA,1976,11,08,0.0,-999,-999
104061,BORJA,1976,11,09,12.0,-999,-999
104061,BORJA,1976,11,10,0.0,-999,-999
104061,BORJA,1976,11,11,0.0,-999,-999
104061,BORJA,1976,11,12,0.0,-999,-999
104061,BORJA,1976,11,13,0.0,-999,-999
104061,BORJA,1976,11,14,0.0,-999,-999
104061,BORJA,1976,11,15,0.0,-999,-999
104061,BORJA,1976,11,16,0.0,-999,-999
104061,BORJA,1976,11,17,0.0,-999,-999
104061,BORJA,1976,11,18,0.0,-999,-999
104061,BORJA,1976,11,19,30.0,-999,-999
104061,BORJA,1976,11,20,0.0,-999,-999
104061,BORJA,1976,11,21,16.0,-999,-999
104061,BORJA,1976,11,22,35.0,-999,-999
104061,BORJA,1976,11,23,0.0,-999,-999
104061,BORJA,1976,11,24,0.0,-999,-999
104061,BORJA,1976,11,25,0.0,-999,-999
104061,BORJA,1976,11,26,0.0,-999,-999
104061,BORJA,1976,11,27,30.0,-999,-999
104061,BORJA,1976,11,28,0.0,-999,-999
104061,BORJA,1976,11,29,0.0,-999,-999
104061,BORJA,1976,11,30,0.0,-999,-999
104061,BORJA,1976,12,01,0.0,-999,-999
104061,BORJA,1976,12,02,42.2,-999,-999
104061,BORJA,1976,12,03,0.0,-999,-999
104061,BORJA,1976,12,04,0.0,-999,-999
104061,BORJA,1976,12,05,0.0,-999,-999
104061,BORJA,1976,12,06,0.0,-999,-999
104061,BORJA,1976,12,07,0.0,-999,-999
104061,BORJA,1976,12,08,30.4,-999,-999
104061,BORJA,1976,12,09,0.0,-999,-999
104061,BORJA,1976,12,10,0.0,-999,-999
104061,BORJA,1976,12,11,0.0,-999,-999
104061,BORJA,1976,12,12,0.0,-999,-999
104061,BORJA,1976,12,13,0.0,-999,-999
104061,BORJA,1976,12,14,0.0,-999,-999
104061,BORJA,1976,12,15,12.0,-999,-999
104061,BORJA,1976,12,16,0.0,-999,-999
104061,BORJA,1976,12,17,18.2,-999,-999
104061,BORJA,1976,12,18,0.0,-999,-999
104061,BORJA,1976,12,19,0.0,-999,-999
104061,BORJA,1976,12,20,0.0,-999,-999
104061,BORJA,1976,12,21,0.0,-999,-999
104061,BORJA,1976,12,22,0.0,-999,-999
104061,BORJA,1976,12,23,0.0,-999,-999
104061,BORJA,1976,12,24,0.0,-999,-999
104061,BORJA,1976,12,25,0.0,-999,-999
104061,BORJA,1976,12,26,0.0,-999,-999
104061,BORJA,1976,12,27,0.0,-999,-999
104061,BORJA,1976,12,28,30.4,-999,-999
104061,BORJA,1976,12,29,45.0,-999,-999
104061,BORJA,1976,12,30,12.2,-999,-999
104061,BORJA,1976,12,31,0.0,-999,-999
104061,BORJA,1977,01,01,0.0,-999,-999
104061,BORJA,1977,01,02,0.0,-999,-999
104061,BORJA,1977,01,03,0.0,-999,-999
104061,BORJA,1977,01,04,16.0,-999,-999
104061,BORJA,1977,01,05,0.0,-999,-999
104061,BORJA,1977,01,06,0.0,-999,-999
104061,BORJA,1977,01,07,0.0,-999,-999
104061,BORJA,1977,01,08,0.0,-999,-999
104061,BORJA,1977,01,09,0.0,-999,-999
104061,BORJA,1977,01,10,0.0,-999,-999
104061,BORJA,1977,01,11,0.0,-999,-999
104061,BORJA,1977,01,12,0.0,-999,-999
104061,BORJA,1977,01,13,0.0,-999,-999
104061,BORJA,1977,01,14,0.0,-999,-999
104061,BORJA,1977,01,15,25.2,-999,-999
104061,BORJA,1977,01,16,0.0,-999,-999
104061,BORJA,1977,01,17,0.0,-999,-999
104061,BORJA,1977,01,18,0.0,-999,-999
104061,BORJA,1977,01,19,0.0,-999,-999
104061,BORJA,1977,01,20,0.0,-999,-999
104061,BORJA,1977,01,21,0.0,-999,-999
104061,BORJA,1977,01,22,0.0,-999,-999
104061,BORJA,1977,01,23,0.0,-999,-999
104061,BORJA,1977,01,24,0.0,-999,-999
104061,BORJA,1977,01,25,0.0,-999,-999
104061,BORJA,1977,01,26,0.0,-999,-999
104061,BORJA,1977,01,27,0.0,-999,-999
104061,BORJA,1977,01,28,0.0,-999,-999
104061,BORJA,1977,01,29,0.0,-999,-999
104061,BORJA,1977,01,30,0.0,-999,-999
104061,BORJA,1977,01,31,0.0,-999,-999
104061,BORJA,1977,02,01,0.0,-999,-999
104061,BORJA,1977,02,02,0.0,-999,-999
104061,BORJA,1977,02,03,0.0,-999,-999
104061,BORJA,1977,02,04,0.0,-999,-999
104061,BORJA,1977,02,05,42.2,-999,-999
104061,BORJA,1977,02,06,0.0,-999,-999
104061,BORJA,1977,02,07,0.0,-999,-999
104061,BORJA,1977,02,08,20.4,-999,-999
104061,BORJA,1977,02,09,0.0,-999,-999
104061,BORJA,1977,02,10,15.0,-999,-999
104061,BORJA,1977,02,11,0.0,-999,-999
104061,BORJA,1977,02,12,0.0,-999,-999
104061,BORJA,1977,02,13,11.6,-999,-999
104061,BORJA,1977,02,14,0.0,-999,-999
104061,BORJA,1977,02,15,33.0,-999,-999
104061,BORJA,1977,02,16,0.0,-999,-999
104061,BORJA,1977,02,17,32.2,-999,-999
104061,BORJA,1977,02,18,30.0,-999,-999
104061,BORJA,1977,02,19,0.0,-999,-999
104061,BORJA,1977,02,20,0.0,-999,-999
104061,BORJA,1977,02,21,0.0,-999,-999
104061,BORJA,1977,02,22,0.0,-999,-999
104061,BORJA,1977,02,23,27.2,-999,-999
104061,BORJA,1977,02,24,0.0,-999,-999
104061,BORJA,1977,02,25,0.0,-999,-999
104061,BORJA,1977,02,26,0.0,-999,-999
104061,BORJA,1977,02,27,0.0,-999,-999
104061,BORJA,1977,02,28,15.4,-999,-999
104061,BORJA,1977,03,01,54.6,-999,-999
104061,BORJA,1977,03,02,0.0,-999,-999
104061,BORJA,1977,03,03,0.0,-999,-999
104061,BORJA,1977,03,04,0.0,-999,-999
104061,BORJA,1977,03,05,18.2,-999,-999
104061,BORJA,1977,03,06,13.0,-999,-999
104061,BORJA,1977,03,07,0.0,-999,-999
104061,BORJA,1977,03,08,0.0,-999,-999
104061,BORJA,1977,03,09,0.7,-999,-999
104061,BORJA,1977,03,10,0.0,-999,-999
104061,BORJA,1977,03,11,0.0,-999,-999
104061,BORJA,1977,03,12,0.0,-999,-999
104061,BORJA,1977,03,13,0.0,-999,-999
104061,BORJA,1977,03,14,0.0,-999,-999
104061,BORJA,1977,03,15,0.0,-999,-999
104061,BORJA,1977,03,16,0.0,-999,-999
104061,BORJA,1977,03,17,0.0,-999,-999
104061,BORJA,1977,03,18,0.0,-999,-999
104061,BORJA,1977,03,19,0.0,-999,-999
104061,BORJA,1977,03,20,0.8,-999,-999
104061,BORJA,1977,03,21,0.0,-999,-999
104061,BORJA,1977,03,22,17.6,-999,-999
104061,BORJA,1977,03,23,0.0,-999,-999
104061,BORJA,1977,03,24,0.0,-999,-999
104061,BORJA,1977,03,25,0.0,-999,-999
104061,BORJA,1977,03,26,0.0,-999,-999
104061,BORJA,1977,03,27,0.0,-999,-999
104061,BORJA,1977,03,28,0.0,-999,-999
104061,BORJA,1977,03,29,0.0,-999,-999
104061,BORJA,1977,03,30,0.0,-999,-999
104061,BORJA,1977,03,31,0.0,-999,-999
104061,BORJA,1977,04,01,0.0,-999,-999
104061,BORJA,1977,04,02,5.4,-999,-999
104061,BORJA,1977,04,03,2.0,-999,-999
104061,BORJA,1977,04,04,1.0,-999,-999
104061,BORJA,1977,04,05,23.8,-999,-999
104061,BORJA,1977,04,06,10.6,-999,-999
104061,BORJA,1977,04,07,0.7,-999,-999
104061,BORJA,1977,04,08,5.4,-999,-999
104061,BORJA,1977,04,09,0.0,-999,-999
104061,BORJA,1977,04,10,0.0,-999,-999
104061,BORJA,1977,04,11,12.2,-999,-999
104061,BORJA,1977,04,12,1.0,-999,-999
104061,BORJA,1977,04,13,9.0,-999,-999
104061,BORJA,1977,04,14,25.9,-999,-999
104061,BORJA,1977,04,15,36.7,-999,-999
104061,BORJA,1977,04,16,8.2,-999,-999
104061,BORJA,1977,04,17,0.0,-999,-999
104061,BORJA,1977,04,18,0.0,-999,-999
104061,BORJA,1977,04,19,17.4,-999,-999
104061,BORJA,1977,04,20,6.4,-999,-999
104061,BORJA,1977,04,21,0.0,-999,-999
104061,BORJA,1977,04,22,0.0,-999,-999
104061,BORJA,1977,04,23,0.0,-999,-999
104061,BORJA,1977,04,24,0.0,-999,-999
104061,BORJA,1977,04,25,0.0,-999,-999
104061,BORJA,1977,04,26,0.0,-999,-999
104061,BORJA,1977,04,27,29.6,-999,-999
104061,BORJA,1977,04,28,11.2,-999,-999
104061,BORJA,1977,04,29,1.9,-999,-999
104061,BORJA,1977,04,30,0.0,-999,-999
104061,BORJA,1977,05,01,19.2,-999,-999
104061,BORJA,1977,05,02,14.2,-999,-999
104061,BORJA,1977,05,03,0.0,-999,-999
104061,BORJA,1977,05,04,0.0,-999,-999
104061,BORJA,1977,05,05,0.0,-999,-999
104061,BORJA,1977,05,06,19.6,-999,-999
104061,BORJA,1977,05,07,20.4,-999,-999
104061,BORJA,1977,05,08,0.0,-999,-999
104061,BORJA,1977,05,09,0.0,-999,-999
104061,BORJA,1977,05,10,16.2,-999,-999
104061,BORJA,1977,05,11,0.0,-999,-999
104061,BORJA,1977,05,12,0.0,-999,-999
104061,BORJA,1977,05,13,0.0,-999,-999
104061,BORJA,1977,05,14,10.4,-999,-999
104061,BORJA,1977,05,15,0.0,-999,-999
104061,BORJA,1977,05,16,0.0,-999,-999
104061,BORJA,1977,05,17,11.6,-999,-999
104061,BORJA,1977,05,18,0.0,-999,-999
104061,BORJA,1977,05,19,0.0,-999,-999
104061,BORJA,1977,05,20,0.0,-999,-999
104061,BORJA,1977,05,21,0.0,-999,-999
104061,BORJA,1977,05,22,0.0,-999,-999
104061,BORJA,1977,05,23,0.0,-999,-999
104061,BORJA,1977,05,24,0.0,-999,-999
104061,BORJA,1977,05,25,0.0,-999,-999
104061,BORJA,1977,05,26,0.0,-999,-999
104061,BORJA,1977,05,27,19.0,-999,-999
104061,BORJA,1977,05,28,0.0,-999,-999
104061,BORJA,1977,05,29,11.4,-999,-999
104061,BORJA,1977,05,30,-999,-999,-999
104061,BORJA,1977,05,31,-999,-999,-999
104061,BORJA,1977,06,01,9.0,-999,-999
104061,BORJA,1977,06,02,0.0,-999,-999
104061,BORJA,1977,06,03,17.0,-999,-999
104061,BORJA,1977,06,04,0.0,-999,-999
104061,BORJA,1977,06,05,13.0,-999,-999
104061,BORJA,1977,06,06,0.0,-999,-999
104061,BORJA,1977,06,07,0.0,-999,-999
104061,BORJA,1977,06,08,4.0,-999,-999
104061,BORJA,1977,06,09,0.0,-999,-999
104061,BORJA,1977,06,10,12.0,-999,-999
104061,BORJA,1977,06,11,0.0,-999,-999
104061,BORJA,1977,06,12,0.0,-999,-999
104061,BORJA,1977,06,13,0.0,-999,-999
104061,BORJA,1977,06,14,0.0,-999,-999
104061,BORJA,1977,06,15,0.0,-999,-999
104061,BORJA,1977,06,16,0.0,-999,-999
104061,BORJA,1977,06,17,0.0,-999,-999
104061,BORJA,1977,06,18,0.0,-999,-999
104061,BORJA,1977,06,19,0.0,-999,-999
104061,BORJA,1977,06,20,9.0,-999,-999
104061,BORJA,1977,06,21,0.0,-999,-999
104061,BORJA,1977,06,22,7.0,-999,-999
104061,BORJA,1977,06,23,14.0,-999,-999
104061,BORJA,1977,06,24,0.0,-999,-999
104061,BORJA,1977,06,25,37.0,-999,-999
104061,BORJA,1977,06,26,0.0,-999,-999
104061,BORJA,1977,06,27,0.0,-999,-999
104061,BORJA,1977,06,28,16.0,-999,-999
104061,BORJA,1977,06,29,0.0,-999,-999
104061,BORJA,1977,06,30,0.0,-999,-999
104061,BORJA,1977,07,01,0.0,-999,-999
104061,BORJA,1977,07,02,10.0,-999,-999
104061,BORJA,1977,07,03,22.0,-999,-999
104061,BORJA,1977,07,04,17.0,-999,-999
104061,BORJA,1977,07,05,12.0,-999,-999
104061,BORJA,1977,07,06,0.0,-999,-999
104061,BORJA,1977,07,07,0.0,-999,-999
104061,BORJA,1977,07,08,0.0,-999,-999
104061,BORJA,1977,07,09,0.0,-999,-999
104061,BORJA,1977,07,10,20.0,-999,-999
104061,BORJA,1977,07,11,0.0,-999,-999
104061,BORJA,1977,07,12,36.0,-999,-999
104061,BORJA,1977,07,13,0.0,-999,-999
104061,BORJA,1977,07,14,10.0,-999,-999
104061,BORJA,1977,07,15,11.0,-999,-999
104061,BORJA,1977,07,16,0.0,-999,-999
104061,BORJA,1977,07,17,0.0,-999,-999
104061,BORJA,1977,07,18,0.0,-999,-999
104061,BORJA,1977,07,19,0.0,-999,-999
104061,BORJA,1977,07,20,0.0,-999,-999
104061,BORJA,1977,07,21,0.0,-999,-999
104061,BORJA,1977,07,22,9.0,-999,-999
104061,BORJA,1977,07,23,0.0,-999,-999
104061,BORJA,1977,07,24,0.0,-999,-999
104061,BORJA,1977,07,25,0.0,-999,-999
104061,BORJA,1977,07,26,7.0,-999,-999
104061,BORJA,1977,07,27,2.0,-999,-999
104061,BORJA,1977,07,28,0.0,-999,-999
104061,BORJA,1977,07,29,0.0,-999,-999
104061,BORJA,1977,07,30,0.0,-999,-999
104061,BORJA,1977,07,31,10.0,-999,-999
104061,BORJA,1977,08,01,15.0,-999,-999
104061,BORJA,1977,08,02,0.0,-999,-999
104061,BORJA,1977,08,03,0.0,-999,-999
104061,BORJA,1977,08,04,7.0,-999,-999
104061,BORJA,1977,08,05,0.0,-999,-999
104061,BORJA,1977,08,06,14.0,-999,-999
104061,BORJA,1977,08,07,0.0,-999,-999
104061,BORJA,1977,08,08,0.0,-999,-999
104061,BORJA,1977,08,09,0.0,-999,-999
104061,BORJA,1977,08,10,23.0,-999,-999
104061,BORJA,1977,08,11,0.0,-999,-999
104061,BORJA,1977,08,12,8.0,-999,-999
104061,BORJA,1977,08,13,19.0,-999,-999
104061,BORJA,1977,08,14,0.0,-999,-999
104061,BORJA,1977,08,15,31.0,-999,-999
104061,BORJA,1977,08,16,0.0,-999,-999
104061,BORJA,1977,08,17,0.0,-999,-999
104061,BORJA,1977,08,18,0.0,-999,-999
104061,BORJA,1977,08,19,0.0,-999,-999
104061,BORJA,1977,08,20,21.0,-999,-999
104061,BORJA,1977,08,21,0.0,-999,-999
104061,BORJA,1977,08,22,0.0,-999,-999
104061,BORJA,1977,08,23,0.0,-999,-999
104061,BORJA,1977,08,24,16.0,-999,-999
104061,BORJA,1977,08,25,0.0,-999,-999
104061,BORJA,1977,08,26,0.0,-999,-999
104061,BORJA,1977,08,27,0.0,-999,-999
104061,BORJA,1977,08,28,0.0,-999,-999
104061,BORJA,1977,08,29,17.0,-999,-999
104061,BORJA,1977,08,30,0.0,-999,-999
104061,BORJA,1977,08,31,-999,-999,-999
104061,BORJA,1977,10,01,3.0,-999,20.2
104061,BORJA,1977,10,02,0.0,-999,21.2
104061,BORJA,1977,10,03,3.0,-999,22.2
104061,BORJA,1977,10,04,0.0,-999,22.4
104061,BORJA,1977,10,05,4.0,-999,22.2
104061,BORJA,1977,10,06,16.0,-999,21.6
104061,BORJA,1977,10,07,2.0,-999,22.2
104061,BORJA,1977,10,08,0.0,-999,21.8
104061,BORJA,1977,10,09,0.0,-999,22.6
104061,BORJA,1977,10,10,0.0,-999,21.0
104061,BORJA,1977,10,11,0.0,-999,21.0
104061,BORJA,1977,10,12,5.0,-999,22.6
104061,BORJA,1977,10,13,0.0,-999,21.4
104061,BORJA,1977,10,14,10.0,-999,21.8
104061,BORJA,1977,10,15,0.0,-999,21.6
104061,BORJA,1977,10,16,0.0,-999,21.2
104061,BORJA,1977,10,17,0.0,-999,22.0
104061,BORJA,1977,10,18,28.0,-999,22.6
104061,BORJA,1977,10,19,4.0,-999,20.2
104061,BORJA,1977,10,20,0.0,-999,23.0
104061,BORJA,1977,10,21,7.0,-999,21.0
104061,BORJA,1977,10,22,0.0,-999,21.6
104061,BORJA,1977,10,23,0.0,-999,22.2
104061,BORJA,1977,10,24,11.0,-999,-999
104061,BORJA,1977,10,25,10.0,-999,23.0
104061,BORJA,1977,10,26,11.0,-999,22.6
104061,BORJA,1977,10,27,0.0,-999,22.8
104061,BORJA,1977,10,28,0.0,-999,21.8
104061,BORJA,1977,10,29,0.0,-999,22.8
104061,BORJA,1977,10,30,0.0,-999,22.8
104061,BORJA,1977,10,31,0.0,-999,22.0
104061,BORJA,1977,11,01,0.0,-999,22.1
104061,BORJA,1977,11,02,0.0,-999,22.2
104061,BORJA,1977,11,03,0.0,-999,22.0
104061,BORJA,1977,11,04,0.0,-999,21.2
104061,BORJA,1977,11,05,0.0,-999,20.4
104061,BORJA,1977,11,06,8.0,-999,21.8
104061,BORJA,1977,11,07,2.0,-999,22.4
104061,BORJA,1977,11,08,10.0,-999,21.6
104061,BORJA,1977,11,09,0.0,-999,22.4
104061,BORJA,1977,11,10,0.0,-999,21.4
104061,BORJA,1977,11,11,0.0,-999,22.0
104061,BORJA,1977,11,12,0.0,-999,21.8
104061,BORJA,1977,11,13,26.0,-999,20.4
104061,BORJA,1977,11,14,0.0,-999,23.0
104061,BORJA,1977,11,15,1.0,-999,20.4
104061,BORJA,1977,11,16,5.0,-999,21.4
104061,BORJA,1977,11,17,0.0,-999,22.6
104061,BORJA,1977,11,18,0.0,-999,23.2
104061,BORJA,1977,11,19,0.0,-999,23.0
104061,BORJA,1977,11,20,0.0,-999,21.8
104061,BORJA,1977,11,21,0.0,-999,23.4
104061,BORJA,1977,11,22,0.0,-999,22.0
104061,BORJA,1977,11,23,0.0,-999,21.6
104061,BORJA,1977,11,24,150.0,-999,23.4
104061,BORJA,1977,11,25,0.0,-999,20.4
104061,BORJA,1977,11,26,0.0,-999,20.2
104061,BORJA,1977,11,27,0.0,-999,21.6
104061,BORJA,1977,11,28,0.0,-999,22.2
104061,BORJA,1977,11,29,0.0,-999,23.2
104061,BORJA,1977,11,30,0.0,-999,23.0
104061,BORJA,1977,12,01,5.4,-999,21.4
104061,BORJA,1977,12,02,1.0,-999,22.0
104061,BORJA,1977,12,03,0.0,-999,23.2
104061,BORJA,1977,12,04,0.0,-999,20.6
104061,BORJA,1977,12,05,16.4,-999,20.2
104061,BORJA,1977,12,06,9.4,-999,21.0
104061,BORJA,1977,12,07,1.6,-999,22.6
104061,BORJA,1977,12,08,18.4,-999,22.0
104061,BORJA,1977,12,09,0.0,-999,22.2
104061,BORJA,1977,12,10,0.0,-999,22.0
104061,BORJA,1977,12,11,0.0,-999,23.0
104061,BORJA,1977,12,12,0.0,-999,22.2
104061,BORJA,1977,12,13,1.6,-999,22.2
104061,BORJA,1977,12,14,10.0,-999,21.8
104061,BORJA,1977,12,15,0.0,-999,22.2
104061,BORJA,1977,12,16,0.0,-999,23.2
104061,BORJA,1977,12,17,8.4,-999,23.4
104061,BORJA,1977,12,18,0.0,-999,23.0
104061,BORJA,1977,12,19,14.3,-999,21.2
104061,BORJA,1977,12,20,0.0,-999,22.0
104061,BORJA,1977,12,21,0.0,-999,21.8
104061,BORJA,1977,12,22,0.0,-999,22.2
104061,BORJA,1977,12,23,0.0,-999,22.8
104061,BORJA,1977,12,24,0.0,-999,23.6
104061,BORJA,1977,12,25,0.0,-999,23.0
104061,BORJA,1977,12,26,0.0,-999,22.2
104061,BORJA,1977,12,27,13.2,-999,21.8
104061,BORJA,1977,12,28,5.0,-999,21.6
104061,BORJA,1977,12,29,20.0,-999,23.8
104061,BORJA,1977,12,30,0.9,-999,20.0
104061,BORJA,1977,12,31,0.0,-999,21.0
104061,BORJA,1978,01,01,0.0,30.0,21.0
104061,BORJA,1978,01,02,1.0,30.4,22.6
104061,BORJA,1978,01,03,0.0,30.4,22.8
104061,BORJA,1978,01,04,4.0,29.0,22.8
104061,BORJA,1978,01,05,1.0,31.0,24.0
104061,BORJA,1978,01,06,0.0,33.8,23.4
104061,BORJA,1978,01,07,0.0,34.0,22.8
104061,BORJA,1978,01,08,8.0,30.4,22.4
104061,BORJA,1978,01,09,10.0,-999,23.6
104061,BORJA,1978,01,10,0.0,-999,24.0
104061,BORJA,1978,01,11,0.0,32.0,23.4
104061,BORJA,1978,01,12,0.0,33.4,23.2
104061,BORJA,1978,01,13,0.0,33.8,23.4
104061,BORJA,1978,01,14,0.0,33.8,22.8
104061,BORJA,1978,01,15,0.0,31.8,23.0
104061,BORJA,1978,01,16,0.0,31.8,23.4
104061,BORJA,1978,01,17,0.0,30.0,21.0
104061,BORJA,1978,01,18,4.0,29.0,21.0
104061,BORJA,1978,01,19,29.0,25.8,20.6
104061,BORJA,1978,01,20,19.0,25.8,20.8
104061,BORJA,1978,01,21,4.0,24.6,20.0
104061,BORJA,1978,01,22,0.0,24.8,20.0
104061,BORJA,1978,01,23,5.0,27.2,20.4
104061,BORJA,1978,01,24,0.0,27.2,19.4
104061,BORJA,1978,01,25,22.0,29.0,21.2
104061,BORJA,1978,01,26,0.0,24.4,19.8
104061,BORJA,1978,01,27,0.0,24.0,20.4
104061,BORJA,1978,01,28,15.0,24.0,20.2
104061,BORJA,1978,01,29,2.0,25.0,20.0
104061,BORJA,1978,01,30,8.0,28.4,20.6
104061,BORJA,1978,01,31,0.0,29.6,21.0
104061,BORJA,1978,02,01,17.0,25.2,18.0
104061,BORJA,1978,02,02,7.0,26.0,18.2
104061,BORJA,1978,02,03,15.0,27.4,19.6
104061,BORJA,1978,02,04,0.0,27.2,19.8
104061,BORJA,1978,02,05,9.0,27.0,20.0
104061,BORJA,1978,02,06,11.0,-999,21.0
104061,BORJA,1978,02,07,27.0,-999,-999
104061,BORJA,1978,02,08,7.0,27.4,-999
104061,BORJA,1978,02,09,0.0,26.0,-999
104061,BORJA,1978,02,10,1.0,31.0,20.2
104061,BORJA,1978,02,11,5.0,26.2,19.8
104061,BORJA,1978,02,12,0.0,29.6,20.0
104061,BORJA,1978,02,13,0.0,31.0,20.4
104061,BORJA,1978,02,14,0.0,29.6,21.4
104061,BORJA,1978,02,15,12.0,-999,21.6
104061,BORJA,1978,02,16,18.0,-999,21.0
104061,BORJA,1978,02,17,1.0,30.0,21.0
104061,BORJA,1978,02,18,12.0,26.0,21.2
104061,BORJA,1978,02,19,12.0,26.0,20.8
104061,BORJA,1978,02,20,0.0,27.4,21.2
104061,BORJA,1978,02,21,0.0,28.4,20.6
104061,BORJA,1978,02,22,15.0,26.0,21.0
104061,BORJA,1978,02,23,14.0,26.4,20.4
104061,BORJA,1978,02,24,15.0,25.4,21.0
104061,BORJA,1978,02,25,10.0,25.8,21.0
104061,BORJA,1978,02,26,0.0,29.0,22.0
104061,BORJA,1978,02,27,0.0,28.6,21.0
104061,BORJA,1978,02,28,5.0,29.4,21.2
104061,BORJA,1978,03,01,0.0,30.4,21.8
104061,BORJA,1978,03,02,0.0,29.0,20.8
104061,BORJA,1978,03,03,10.0,28.0,21.4
104061,BORJA,1978,03,04,17.0,27.0,20.2
104061,BORJA,1978,03,05,8.0,31.4,20.4
104061,BORJA,1978,03,06,0.0,28.0,22.0
104061,BORJA,1978,03,07,2.0,30.4,22.4
104061,BORJA,1978,03,08,0.0,30.0,22.4
104061,BORJA,1978,03,09,44.0,31.6,23.0
104061,BORJA,1978,03,10,0.0,29.0,22.0
104061,BORJA,1978,03,11,0.0,28.4,21.8
104061,BORJA,1978,03,12,0.0,31.0,22.2
104061,BORJA,1978,03,13,0.0,31.2,22.0
104061,BORJA,1978,03,14,15.0,32.0,21.4
104061,BORJA,1978,03,15,0.0,28.0,22.4
104061,BORJA,1978,03,16,32.0,-999,23.0
104061,BORJA,1978,03,17,23.0,-999,22.6
104061,BORJA,1978,03,18,7.0,28.0,22.0
104061,BORJA,1978,03,19,77.0,25.4,21.2
104061,BORJA,1978,03,20,0.0,27.0,20.6
104061,BORJA,1978,03,21,16.0,25.2,-999
104061,BORJA,1978,03,22,0.0,28.6,-999
104061,BORJA,1978,03,23,0.0,29.0,-999
104061,BORJA,1978,03,24,0.0,30.0,22.8
104061,BORJA,1978,03,25,5.0,31.2,21.6
104061,BORJA,1978,03,26,31.0,32.0,21.8
104061,BORJA,1978,03,27,0.0,31.0,22.0
104061,BORJA,1978,03,28,0.0,30.0,22.4
104061,BORJA,1978,03,29,0.0,31.0,22.8
104061,BORJA,1978,03,30,0.0,32.0,22.6
104061,BORJA,1978,03,31,0.0,32.2,23.6
104061,BORJA,1978,04,01,7.0,-999,21.1
104061,BORJA,1978,04,02,0.0,-999,21.2
104061,BORJA,1978,04,03,0.0,-999,22.0
104061,BORJA,1978,04,04,0.0,35.0,22.1
104061,BORJA,1978,04,05,0.0,32.0,21.3
104061,BORJA,1978,04,06,0.0,29.0,22.0
104061,BORJA,1978,04,07,0.0,34.0,21.6
104061,BORJA,1978,04,08,24.0,34.0,21.2
104061,BORJA,1978,04,09,0.0,30.0,21.0
104061,BORJA,1978,04,10,0.0,29.0,21.6
104061,BORJA,1978,04,11,0.0,30.0,22.2
104061,BORJA,1978,04,12,21.0,32.0,-999
104061,BORJA,1978,04,13,5.0,32.0,-999
104061,BORJA,1978,04,14,0.0,30.0,-999
104061,BORJA,1978,04,15,0.0,26.0,-999
104061,BORJA,1978,04,16,79.0,31.0,21.0
104061,BORJA,1978,04,17,0.0,28.0,21.0
104061,BORJA,1978,04,18,0.0,-999,22.0
104061,BORJA,1978,04,19,5.0,-999,22.1
104061,BORJA,1978,04,20,67.0,30.0,21.4
104061,BORJA,1978,04,21,18.0,28.0,21.2
104061,BORJA,1978,04,22,13.0,27.0,22.0
104061,BORJA,1978,04,23,0.0,28.0,21.0
104061,BORJA,1978,04,24,0.0,32.0,21.0
104061,BORJA,1978,04,25,0.0,27.0,20.1
104061,BORJA,1978,04,26,0.0,28.0,20.1
104061,BORJA,1978,04,27,0.0,33.0,22.0
104061,BORJA,1978,04,28,0.0,33.0,22.1
104061,BORJA,1978,04,29,54.0,31.0,23.0
104061,BORJA,1978,04,30,0.0,32.0,22.2
104061,BORJA,1978,05,01,0.0,28.0,22.0
104061,BORJA,1978,05,02,0.0,33.0,20.1
104061,BORJA,1978,05,03,0.0,33.0,22.1
104061,BORJA,1978,05,04,7.0,35.0,22.1
104061,BORJA,1978,05,05,48.0,30.0,21.2
104061,BORJA,1978,05,06,46.0,-999,22.0
104061,BORJA,1978,05,07,0.0,-999,20.0
104061,BORJA,1978,05,08,0.0,31.0,22.0
104061,BORJA,1978,05,09,0.0,31.2,21.1
104061,BORJA,1978,05,10,0.0,32.0,20.1
104061,BORJA,1978,05,11,0.0,30.0,22.0
104061,BORJA,1978,05,12,0.0,29.0,22.0
104061,BORJA,1978,05,13,0.0,30.0,20.0
104061,BORJA,1978,05,14,0.0,31.0,22.0
104061,BORJA,1978,05,15,0.0,30.0,21.6
104061,BORJA,1978,05,16,0.0,-999,23.1
104061,BORJA,1978,05,17,0.0,-999,22.0
104061,BORJA,1978,05,18,0.0,27.0,22.0
104061,BORJA,1978,05,19,0.0,31.0,21.3
104061,BORJA,1978,05,20,16.0,31.0,22.1
104061,BORJA,1978,05,21,90.0,30.0,22.0
104061,BORJA,1978,05,22,16.0,27.0,22.2
104061,BORJA,1978,05,23,28.0,28.0,-999
104061,BORJA,1978,05,24,0.0,25.0,-999
104061,BORJA,1978,05,25,46.0,27.0,-999
104061,BORJA,1978,05,26,0.0,28.0,-999
104061,BORJA,1978,05,27,24.0,27.0,22.1
104061,BORJA,1978,05,28,0.0,29.0,22.0
104061,BORJA,1978,05,29,0.0,28.0,21.0
104061,BORJA,1978,05,30,0.0,33.0,22.0
104061,BORJA,1978,05,31,0.0,33.0,23.0
104061,BORJA,1978,06,01,0.0,26.0,21.0
104061,BORJA,1978,06,02,0.0,24.5,16.0
104061,BORJA,1978,06,03,0.0,29.0,16.0
104061,BORJA,1978,06,04,0.0,30.0,-999
104061,BORJA,1978,06,05,18.0,28.0,-999
104061,BORJA,1978,06,06,27.0,29.8,-999
104061,BORJA,1978,06,07,0.0,29.6,21.1
104061,BORJA,1978,06,08,0.0,33.0,-999
104061,BORJA,1978,06,09,0.0,34.0,-999
104061,BORJA,1978,06,10,0.0,29.0,-999
104061,BORJA,1978,06,11,0.0,31.8,20.0
104061,BORJA,1978,06,12,0.0,31.0,22.0
104061,BORJA,1978,06,13,0.0,33.0,21.0
104061,BORJA,1978,06,14,0.0,30.0,22.0
104061,BORJA,1978,06,15,0.0,31.0,20.0
104061,BORJA,1978,06,16,0.0,32.0,20.0
104061,BORJA,1978,06,17,0.0,-999,21.0
104061,BORJA,1978,06,18,0.0,-999,20.0
104061,BORJA,1978,06,19,0.0,-999,21.0
104061,BORJA,1978,06,20,0.0,27.6,-999
104061,BORJA,1978,06,21,0.0,30.0,-999
104061,BORJA,1978,06,22,0.0,30.0,-999
104061,BORJA,1978,06,23,0.0,28.0,-999
104061,BORJA,1978,06,24,0.0,29.0,-999
104061,BORJA,1978,06,25,0.0,30.0,-999
104061,BORJA,1978,06,26,0.0,32.0,-999
104061,BORJA,1978,06,27,0.0,29.0,-999
104061,BORJA,1978,06,28,0.0,33.0,-999
104061,BORJA,1978,06,29,0.0,29.6,-999
104061,BORJA,1978,06,30,0.0,30.0,-999
104061,BORJA,1978,07,01,7.0,28.6,20.0
104061,BORJA,1978,07,02,0.0,30.4,21.6
104061,BORJA,1978,07,03,5.0,27.4,-999
104061,BORJA,1978,07,04,12.0,29.0,-999
104061,BORJA,1978,07,05,17.0,27.2,-999
104061,BORJA,1978,07,06,0.0,27.2,21.2
104061,BORJA,1978,07,07,21.0,26.0,20.8
104061,BORJA,1978,07,08,0.0,30.6,19.8
104061,BORJA,1978,07,09,0.0,31.0,21.6
104061,BORJA,1978,07,10,0.0,31.6,21.4
104061,BORJA,1978,07,11,0.0,30.4,21.4
104061,BORJA,1978,07,12,0.0,32.4,22.6
104061,BORJA,1978,07,13,0.0,31.6,22.0
104061,BORJA,1978,07,14,0.0,30.4,21.4
104061,BORJA,1978,07,15,0.0,32.4,22.0
104061,BORJA,1978,07,16,0.0,33.2,21.8
104061,BORJA,1978,07,17,0.0,30.2,20.0
104061,BORJA,1978,07,18,0.0,31.0,21.0
104061,BORJA,1978,07,19,0.0,33.0,21.6
104061,BORJA,1978,07,20,0.0,33.8,20.4
104061,BORJA,1978,07,21,0.0,33.6,21.4
104061,BORJA,1978,07,22,0.0,31.0,21.2
104061,BORJA,1978,07,23,0.0,31.0,22.2
104061,BORJA,1978,07,24,0.0,29.4,21.0
104061,BORJA,1978,07,25,5.0,32.4,20.4
104061,BORJA,1978,07,26,9.0,29.2,20.0
104061,BORJA,1978,07,27,0.0,30.0,20.6
104061,BORJA,1978,07,28,47.0,30.0,20.8
104061,BORJA,1978,07,29,9.0,27.4,21.0
104061,BORJA,1978,07,30,0.0,30.0,20.8
104061,BORJA,1978,07,31,0.0,30.4,21.0
104061,BORJA,1978,08,01,0.0,30.0,20.0
104061,BORJA,1978,08,02,0.0,28.0,20.0
104061,BORJA,1978,08,03,20.0,28.2,20.8
104061,BORJA,1978,08,04,0.0,28.0,21.0
104061,BORJA,1978,08,05,0.0,27.9,21.8
104061,BORJA,1978,08,06,0.0,30.0,20.0
104061,BORJA,1978,08,07,0.0,32.4,19.8
104061,BORJA,1978,08,08,0.0,33.0,20.4
104061,BORJA,1978,08,09,0.0,29.4,-999
104061,BORJA,1978,08,10,0.0,-999,-999
104061,BORJA,1978,08,11,0.0,-999,-999
104061,BORJA,1978,08,12,0.0,-999,22.0
104061,BORJA,1978,08,13,0.0,-999,-999
104061,BORJA,1978,08,14,0.0,21.0,14.6
104061,BORJA,1978,08,15,0.0,25.6,14.4
104061,BORJA,1978,08,16,0.0,27.0,17.0
104061,BORJA,1978,08,17,0.0,31.8,15.6
104061,BORJA,1978,08,18,0.0,33.4,18.6
104061,BORJA,1978,08,19,72.0,31.0,20.8
104061,BORJA,1978,08,20,0.0,29.4,20.6
104061,BORJA,1978,08,21,20.0,33.8,21.8
104061,BORJA,1978,08,22,29.0,30.0,21.0
104061,BORJA,1978,08,23,0.0,-999,19.8
104061,BORJA,1978,08,24,28.0,-999,20.2
104061,BORJA,1978,08,25,0.0,-999,20.2
104061,BORJA,1978,08,26,0.0,33.0,20.0
104061,BORJA,1978,08,27,0.0,33.0,21.0
104061,BORJA,1978,08,28,0.0,32.0,21.0
104061,BORJA,1978,08,29,0.0,31.6,21.6
104061,BORJA,1978,08,30,0.0,31.8,21.8
104061,BORJA,1978,08,31,62.0,32.0,20.6
104061,BORJA,1978,09,01,0.0,29.8,21.2
104061,BORJA,1978,09,02,8.0,32.2,20.8
104061,BORJA,1978,09,03,0.0,31.2,22.0
104061,BORJA,1978,09,04,0.0,29.5,20.2
104061,BORJA,1978,09,05,19.0,29.0,23.8
104061,BORJA,1978,09,06,0.0,30.0,22.0
104061,BORJA,1978,09,07,15.0,30.8,21.0
104061,BORJA,1978,09,08,0.0,32.2,21.2
104061,BORJA,1978,09,09,0.0,31.0,21.2
104061,BORJA,1978,09,10,12.0,31.4,21.0
104061,BORJA,1978,09,11,0.0,31.0,22.0
104061,BORJA,1978,09,12,10.0,32.2,22.0
104061,BORJA,1978,09,13,0.0,30.0,21.0
104061,BORJA,1978,09,14,0.0,29.8,19.2
104061,BORJA,1978,09,15,0.0,31.2,21.2
104061,BORJA,1978,09,16,16.0,33.0,21.8
104061,BORJA,1978,09,17,0.0,32.0,21.6
104061,BORJA,1978,09,18,60.0,30.8,22.0
104061,BORJA,1978,09,19,0.0,30.8,21.2
104061,BORJA,1978,09,20,10.0,31.2,21.2
104061,BORJA,1978,09,21,0.0,30.8,21.0
104061,BORJA,1978,09,22,0.0,32.2,21.2
104061,BORJA,1978,09,23,0.0,31.2,21.4
104061,BORJA,1978,09,24,0.0,31.2,21.8
104061,BORJA,1978,09,25,6.0,29.8,22.0
104061,BORJA,1978,09,26,0.0,29.8,20.8
104061,BORJA,1978,09,27,2.0,31.0,21.6
104061,BORJA,1978,09,28,0.0,30.8,22.0
104061,BORJA,1978,09,29,26.0,31.2,22.0
104061,BORJA,1978,09,30,0.0,30.2,21.2
104061,BORJA,1978,10,01,0.0,28.0,21.6
104061,BORJA,1978,10,02,0.0,28.2,21.4
104061,BORJA,1978,10,03,0.0,26.2,19.8
104061,BORJA,1978,10,04,0.0,27.0,21.0
104061,BORJA,1978,10,05,0.0,-999,20.8
104061,BORJA,1978,10,06,65.0,-999,21.0
104061,BORJA,1978,10,07,0.0,-999,22.0
104061,BORJA,1978,10,08,0.0,-999,22.0
104061,BORJA,1978,10,09,0.0,-999,21.4
104061,BORJA,1978,10,10,0.0,-999,22.4
104061,BORJA,1978,10,11,0.0,31.4,22.4
104061,BORJA,1978,10,12,80.0,32.2,21.8
104061,BORJA,1978,10,13,100.0,29.0,23.0
104061,BORJA,1978,10,14,0.0,29.4,21.0
104061,BORJA,1978,10,15,0.0,33.0,22.0
104061,BORJA,1978,10,16,0.0,-999,22.0
104061,BORJA,1978,10,17,0.0,-999,21.8
104061,BORJA,1978,10,18,40.0,28.5,21.0
104061,BORJA,1978,10,19,0.0,31.2,22.2
104061,BORJA,1978,10,20,0.0,30.2,22.6
104061,BORJA,1978,10,21,0.0,-999,22.0
104061,BORJA,1978,10,22,0.0,-999,21.0
104061,BORJA,1978,10,23,0.0,29.0,-999
104061,BORJA,1978,10,24,0.0,33.0,-999
104061,BORJA,1978,10,25,0.0,-999,-999
104061,BORJA,1978,10,26,40.0,-999,-999
104061,BORJA,1978,10,27,0.0,-999,21.0
104061,BORJA,1978,10,28,0.0,33.6,21.4
104061,BORJA,1978,10,29,0.0,31.0,22.2
104061,BORJA,1978,10,30,0.0,30.3,23.0
104061,BORJA,1978,10,31,0.0,29.3,20.0
104061,BORJA,1978,11,01,0.0,29.3,22.0
104061,BORJA,1978,11,02,0.0,28.3,23.0
104061,BORJA,1978,11,03,0.0,29.3,21.0
104061,BORJA,1978,11,04,0.0,25.4,20.1
104061,BORJA,1978,11,05,0.0,28.3,20.1
104061,BORJA,1978,11,06,125.0,-999,20.0
104061,BORJA,1978,11,07,0.0,-999,20.0
104061,BORJA,1978,11,08,0.0,35.0,22.3
104061,BORJA,1978,11,09,0.0,34.0,23.2
104061,BORJA,1978,11,10,45.0,31.1,20.1
104061,BORJA,1978,11,11,0.0,35.0,21.0
104061,BORJA,1978,11,12,0.0,-999,24.0
104061,BORJA,1978,11,13,0.0,-999,23.0
104061,BORJA,1978,11,14,0.0,-999,20.4
104061,BORJA,1978,11,15,0.0,35.0,22.2
104061,BORJA,1978,11,16,0.0,34.0,23.0
104061,BORJA,1978,11,17,0.0,32.2,24.4
104061,BORJA,1978,11,18,0.0,28.3,23.0
104061,BORJA,1978,11,19,0.0,33.0,24.0
104061,BORJA,1978,11,20,0.0,33.0,23.5
104061,BORJA,1978,11,21,30.0,32.1,22.2
104061,BORJA,1978,11,22,0.0,30.0,24.0
104061,BORJA,1978,11,23,0.0,32.1,-999
104061,BORJA,1978,11,24,0.0,30.1,-999
104061,BORJA,1978,11,25,0.0,31.0,-999
104061,BORJA,1978,11,26,30.0,32.2,24.0
104061,BORJA,1978,11,27,90.0,29.0,24.0
104061,BORJA,1978,11,28,80.0,31.0,23.0
104061,BORJA,1978,11,29,40.0,29.0,22.2
104061,BORJA,1978,11,30,0.0,30.0,22.4
104061,BORJA,1978,12,01,22.0,25.8,21.6
104061,BORJA,1978,12,02,0.0,26.8,18.8
104061,BORJA,1978,12,03,0.0,30.2,17.0
104061,BORJA,1978,12,04,19.0,30.0,20.0
104061,BORJA,1978,12,05,0.0,30.8,21.2
104061,BORJA,1978,12,06,0.0,30.0,22.0
104061,BORJA,1978,12,07,0.0,32.5,22.0
104061,BORJA,1978,12,08,8.0,32.8,20.0
104061,BORJA,1978,12,09,3.0,32.0,20.2
104061,BORJA,1978,12,10,0.0,-999,20.4
104061,BORJA,1978,12,11,0.0,-999,21.2
104061,BORJA,1978,12,12,12.0,-999,17.0
104061,BORJA,1978,12,13,4.0,30.6,18.0
104061,BORJA,1978,12,14,10.0,30.8,19.8
104061,BORJA,1978,12,15,0.0,30.8,21.0
104061,BORJA,1978,12,16,0.0,31.0,21.0
104061,BORJA,1978,12,17,25.0,29.0,21.2
104061,BORJA,1978,12,18,0.0,30.6,20.2
104061,BORJA,1978,12,19,0.0,33.0,22.0
104061,BORJA,1978,12,20,0.0,33.6,21.2
104061,BORJA,1978,12,21,0.0,32.8,19.8
104061,BORJA,1978,12,22,0.0,29.0,21.0
104061,BORJA,1978,12,23,36.0,29.8,21.0
104061,BORJA,1978,12,24,0.0,31.2,19.0
104061,BORJA,1978,12,25,44.0,29.8,20.2
104061,BORJA,1978,12,26,0.0,32.2,21.2
104061,BORJA,1978,12,27,16.0,32.4,19.8
104061,BORJA,1978,12,28,0.0,30.6,19.2
104061,BORJA,1978,12,29,10.0,30.6,21.2
104061,BORJA,1978,12,30,9.0,31.0,20.0
104061,BORJA,1978,12,31,3.0,32.2,20.0
104061,BORJA,1979,01,01,0.0,34.2,23.0
104061,BORJA,1979,01,02,0.0,29.6,22.6
104061,BORJA,1979,01,03,0.0,31.4,23.0
104061,BORJA,1979,01,04,0.0,31.8,24.2
104061,BORJA,1979,01,05,0.0,30.0,22.2
104061,BORJA,1979,01,06,0.0,32.2,25.4
104061,BORJA,1979,01,07,1.2,31.6,24.2
104061,BORJA,1979,01,08,11.0,34.0,23.0
104061,BORJA,1979,01,09,17.8,35.2,22.4
104061,BORJA,1979,01,10,21.2,32.4,-999
104061,BORJA,1979,01,11,8.6,32.0,-999
104061,BORJA,1979,01,12,17.8,32.0,-999
104061,BORJA,1979,01,13,14.0,32.8,-999
104061,BORJA,1979,01,14,0.0,31.0,24.8
104061,BORJA,1979,01,15,0.0,28.0,21.0
104061,BORJA,1979,01,16,0.0,29.2,23.0
104061,BORJA,1979,01,17,2.4,33.0,23.9
104061,BORJA,1979,01,18,0.0,35.2,23.2
104061,BORJA,1979,01,19,0.0,32.0,23.4
104061,BORJA,1979,01,20,0.0,30.0,23.4
104061,BORJA,1979,01,21,5.4,-999,23.8
104061,BORJA,1979,01,22,21.6,-999,23.0
104061,BORJA,1979,01,23,14.0,-999,23.2
104061,BORJA,1979,01,24,0.0,32.6,23.0
104061,BORJA,1979,01,25,0.0,31.2,23.0
104061,BORJA,1979,01,26,0.0,32.8,23.6
104061,BORJA,1979,01,27,0.0,33.0,22.8
104061,BORJA,1979,01,28,0.0,33.8,24.0
104061,BORJA,1979,01,29,1.4,31.4,22.8
104061,BORJA,1979,01,30,17.6,30.6,23.4
104061,BORJA,1979,01,31,0.0,31.6,23.0
104061,BORJA,1979,02,01,0.0,30.4,23.0
104061,BORJA,1979,02,02,0.0,31.6,24.4
104061,BORJA,1979,02,03,0.0,32.1,24.0
104061,BORJA,1979,02,04,0.0,33.0,23.4
104061,BORJA,1979,02,05,0.0,32.4,-999
104061,BORJA,1979,02,06,0.0,31.4,24.0
104061,BORJA,1979,02,07,0.0,31.2,23.8
104061,BORJA,1979,02,08,0.0,34.6,23.2
104061,BORJA,1979,02,09,0.0,34.8,23.4
104061,BORJA,1979,02,10,1.0,32.0,23.6
104061,BORJA,1979,02,11,31.6,31.6,24.0
104061,BORJA,1979,02,12,26.3,28.4,23.0
104061,BORJA,1979,02,13,1.2,31.2,23.4
104061,BORJA,1979,02,14,1.0,33.0,22.8
104061,BORJA,1979,02,15,0.0,32.4,22.4
104061,BORJA,1979,02,16,0.0,29.2,22.8
104061,BORJA,1979,02,17,0.9,31.0,24.4
104061,BORJA,1979,02,18,0.0,32.0,25.0
104061,BORJA,1979,02,19,0.0,32.6,23.4
104061,BORJA,1979,02,20,0.0,31.8,24.0
104061,BORJA,1979,02,21,0.0,32.0,23.6
104061,BORJA,1979,02,22,0.0,30.6,24.0
104061,BORJA,1979,02,23,0.0,32.0,24.4
104061,BORJA,1979,02,24,0.0,30.0,22.0
104061,BORJA,1979,02,25,20.0,30.6,22.8
104061,BORJA,1979,02,26,0.0,32.0,23.6
104061,BORJA,1979,02,27,0.0,33.2,24.0
104061,BORJA,1979,02,28,0.0,29.6,24.6
104061,BORJA,1979,03,01,0.0,28.2,23.4
104061,BORJA,1979,03,02,20.0,27.0,21.4
104061,BORJA,1979,03,03,0.0,28.0,22.0
104061,BORJA,1979,03,04,1.0,27.4,22.0
104061,BORJA,1979,03,05,20.6,28.0,21.2
104061,BORJA,1979,03,06,30.4,26.0,20.4
104061,BORJA,1979,03,07,6.0,28.4,21.2
104061,BORJA,1979,03,08,25.0,27.0,22.0
104061,BORJA,1979,03,09,30.7,28.2,20.4
104061,BORJA,1979,03,10,0.0,29.4,21.0
104061,BORJA,1979,03,11,30.5,28.4,21.2
104061,BORJA,1979,03,12,0.0,29.4,22.0
104061,BORJA,1979,03,13,0.0,31.0,21.2
104061,BORJA,1979,03,14,0.0,31.4,21.4
104061,BORJA,1979,03,15,0.0,30.4,23.0
104061,BORJA,1979,03,16,1.0,30.6,22.4
104061,BORJA,1979,03,17,0.0,31.4,21.6
104061,BORJA,1979,03,18,0.0,30.2,22.0
104061,BORJA,1979,03,19,0.0,31.4,21.8
104061,BORJA,1979,03,20,31.2,30.0,21.0
104061,BORJA,1979,03,21,0.0,34.0,22.2
104061,BORJA,1979,03,22,62.6,33.0,22.4
104061,BORJA,1979,03,23,0.0,-999,24.0
104061,BORJA,1979,03,24,25.0,-999,22.4
104061,BORJA,1979,03,25,0.0,30.0,23.0
104061,BORJA,1979,03,26,0.0,27.4,21.4
104061,BORJA,1979,03,27,0.0,30.6,21.0
104061,BORJA,1979,03,28,0.0,30.0,20.8
104061,BORJA,1979,03,29,0.0,31.4,21.8
104061,BORJA,1979,03,30,0.0,31.6,22.0
104061,BORJA,1979,03,31,30.0,31.4,20.4
104061,BORJA,1979,04,01,0.0,27.0,22.0
104061,BORJA,1979,04,02,0.0,28.4,21.4
104061,BORJA,1979,04,03,0.0,30.4,22.6
104061,BORJA,1979,04,04,0.0,31.2,23.4
104061,BORJA,1979,04,05,0.0,30.4,22.0
104061,BORJA,1979,04,06,0.0,31.6,19.8
104061,BORJA,1979,04,07,0.0,29.6,19.4
104061,BORJA,1979,04,08,0.0,27.8,19.0
104061,BORJA,1979,04,09,0.0,30.4,20.4
104061,BORJA,1979,04,10,30.0,27.0,19.6
104061,BORJA,1979,04,11,0.0,30.0,20.0
104061,BORJA,1979,04,12,0.0,29.2,19.6
104061,BORJA,1979,04,13,40.0,30.6,20.6
104061,BORJA,1979,04,14,0.0,26.4,18.4
104061,BORJA,1979,04,15,30.0,26.0,17.0
104061,BORJA,1979,04,16,0.0,30.0,20.0
104061,BORJA,1979,04,17,0.0,29.8,21.4
104061,BORJA,1979,04,18,0.0,29.0,20.6
104061,BORJA,1979,04,19,20.0,27.6,21.1
104061,BORJA,1979,04,20,0.0,27.0,20.4
104061,BORJA,1979,04,21,0.0,31.0,21.6
104061,BORJA,1979,04,22,0.0,30.6,21.6
104061,BORJA,1979,04,23,0.0,30.8,20.8
104061,BORJA,1979,04,24,0.0,31.4,19.4
104061,BORJA,1979,04,25,0.0,32.0,19.0
104061,BORJA,1979,04,26,40.0,30.0,21.0
104061,BORJA,1979,04,27,0.0,31.4,20.6
104061,BORJA,1979,04,28,0.0,31.6,21.6
104061,BORJA,1979,04,29,0.0,31.8,22.0
104061,BORJA,1979,04,30,-999,30.6,21.4
104061,BORJA,1979,07,01,0.0,-999,-999
104061,BORJA,1979,07,02,0.0,-999,-999
104061,BORJA,1979,07,03,29.0,-999,-999
104061,BORJA,1979,07,04,4.0,-999,-999
104061,BORJA,1979,07,05,3.0,-999,-999
104061,BORJA,1979,07,06,0.0,-999,-999
104061,BORJA,1979,07,07,0.0,-999,-999
104061,BORJA,1979,07,08,0.0,-999,-999
104061,BORJA,1979,07,09,3.0,-999,-999
104061,BORJA,1979,07,10,0.0,-999,-999
104061,BORJA,1979,07,11,0.0,-999,-999
104061,BORJA,1979,07,12,0.0,-999,-999
104061,BORJA,1979,07,13,0.0,-999,-999
104061,BORJA,1979,07,14,0.0,-999,-999
104061,BORJA,1979,07,15,6.0,-999,-999
104061,BORJA,1979,07,16,59.0,-999,-999
104061,BORJA,1979,07,17,3.0,-999,-999
104061,BORJA,1979,07,18,6.0,-999,-999
104061,BORJA,1979,07,19,42.0,-999,-999
104061,BORJA,1979,07,20,67.0,-999,-999
104061,BORJA,1979,07,21,2.0,-999,-999
104061,BORJA,1979,07,22,2.0,-999,-999
104061,BORJA,1979,07,23,9.0,-999,-999
104061,BORJA,1979,07,24,0.0,-999,-999
104061,BORJA,1979,07,25,2.0,-999,-999
104061,BORJA,1979,07,26,2.0,-999,-999
104061,BORJA,1979,07,27,0.0,-999,-999
104061,BORJA,1979,07,28,0.0,-999,-999
104061,BORJA,1979,07,29,0.0,-999,-999
104061,BORJA,1979,07,30,0.0,-999,-999
104061,BORJA,1979,07,31,-999,-999,-999
104061,BORJA,1980,04,01,27.0,31.0,21.2
104061,BORJA,1980,04,02,0.0,29.6,20.0
104061,BORJA,1980,04,03,0.0,30.4,21.4
104061,BORJA,1980,04,04,10.0,31.2,21.2
104061,BORJA,1980,04,05,0.0,29.6,20.8
104061,BORJA,1980,04,06,0.0,30.4,21.4
104061,BORJA,1980,04,07,10.0,31.4,22.4
104061,BORJA,1980,04,08,0.0,31.2,21.0
104061,BORJA,1980,04,09,0.0,31.0,21.8
104061,BORJA,1980,04,10,0.0,30.0,22.0
104061,BORJA,1980,04,11,0.0,29.8,21.4
104061,BORJA,1980,04,12,0.0,30.4,22.0
104061,BORJA,1980,04,13,0.0,31.2,22.0
104061,BORJA,1980,04,14,17.0,29.8,21.8
104061,BORJA,1980,04,15,19.0,30.4,22.0
104061,BORJA,1980,04,16,0.0,31.4,21.8
104061,BORJA,1980,04,17,0.0,31.4,22.0
104061,BORJA,1980,04,18,0.0,30.6,21.4
104061,BORJA,1980,04,19,10.0,31.6,20.8
104061,BORJA,1980,04,20,0.0,30.2,21.4
104061,BORJA,1980,04,21,0.0,30.2,22.0
104061,BORJA,1980,04,22,0.0,30.0,21.4
104061,BORJA,1980,04,23,19.0,29.8,22.0
104061,BORJA,1980,04,24,10.0,28.8,21.4
104061,BORJA,1980,04,25,0.0,29.8,22.0
104061,BORJA,1980,04,26,0.0,26.8,21.4
104061,BORJA,1980,04,27,0.0,31.0,22.0
104061,BORJA,1980,04,28,0.0,30.6,21.4
104061,BORJA,1980,04,29,19.0,31.4,20.6
104061,BORJA,1980,04,30,0.0,31.0,20.0
104061,BORJA,1980,05,01,0.0,33.2,22.2
104061,BORJA,1980,05,02,0.0,31.4,21.4
104061,BORJA,1980,05,03,1.6,30.8,21.8
104061,BORJA,1980,05,04,0.0,31.4,22.4
104061,BORJA,1980,05,05,1.4,31.6,22.8
104061,BORJA,1980,05,06,0.0,30.4,22.0
104061,BORJA,1980,05,07,0.0,31.6,21.4
104061,BORJA,1980,05,08,31.4,32.4,21.8
104061,BORJA,1980,05,09,3.4,31.8,21.0
104061,BORJA,1980,05,10,0.0,31.6,21.4
104061,BORJA,1980,05,11,0.0,31.4,21.8
104061,BORJA,1980,05,12,0.0,31.2,21.6
104061,BORJA,1980,05,13,40.8,30.6,20.4
104061,BORJA,1980,05,14,0.0,32.4,21.8
104061,BORJA,1980,05,15,1.4,32.8,22.6
104061,BORJA,1980,05,16,0.0,31.6,23.0
104061,BORJA,1980,05,17,7.6,31.8,21.4
104061,BORJA,1980,05,18,0.0,30.4,20.8
104061,BORJA,1980,05,19,19.2,31.6,21.6
104061,BORJA,1980,05,20,0.0,31.0,21.8
104061,BORJA,1980,05,21,0.0,29.8,22.2
104061,BORJA,1980,05,22,0.2,33.0,22.8
104061,BORJA,1980,05,23,0.0,31.8,21.4
104061,BORJA,1980,05,24,0.0,31.4,23.0
104061,BORJA,1980,05,25,1.8,30.6,22.4
104061,BORJA,1980,05,26,2.2,31.8,22.6
104061,BORJA,1980,05,27,0.0,31.4,21.4
104061,BORJA,1980,05,28,0.0,31.8,21.4
104061,BORJA,1980,05,29,0.0,31.6,21.6
104061,BORJA,1980,05,30,0.0,31.8,22.0
104061,BORJA,1980,05,31,0.3,31.4,21.4
104061,BORJA,1980,06,01,0.0,27.0,22.0
104061,BORJA,1980,06,02,0.0,29.0,23.0
104061,BORJA,1980,06,03,0.0,27.4,23.2
104061,BORJA,1980,06,04,0.0,30.0,23.6
104061,BORJA,1980,06,05,40.0,28.0,22.8
104061,BORJA,1980,06,06,0.0,27.8,24.2
104061,BORJA,1980,06,07,0.0,28.0,24.4
104061,BORJA,1980,06,08,0.0,28.2,20.0
104061,BORJA,1980,06,09,0.0,29.0,23.0
104061,BORJA,1980,06,10,0.0,31.0,22.4
104061,BORJA,1980,06,11,4.0,30.2,22.6
104061,BORJA,1980,06,12,0.0,32.0,23.0
104061,BORJA,1980,06,13,0.0,29.0,22.8
104061,BORJA,1980,06,14,4.0,30.4,24.5
104061,BORJA,1980,06,15,0.0,30.0,23.8
104061,BORJA,1980,06,16,0.0,30.0,23.0
104061,BORJA,1980,06,17,0.0,29.8,23.6
104061,BORJA,1980,06,18,0.0,29.8,22.0
104061,BORJA,1980,06,19,0.0,29.0,25.0
104061,BORJA,1980,06,20,0.0,28.8,24.8
104061,BORJA,1980,06,21,0.0,29.8,24.0
104061,BORJA,1980,06,22,2.0,30.0,25.0
104061,BORJA,1980,06,23,0.0,27.0,20.0
104061,BORJA,1980,06,24,0.0,27.0,21.0
104061,BORJA,1980,06,25,0.0,28.0,20.0
104061,BORJA,1980,06,26,0.0,29.0,22.0
104061,BORJA,1980,06,27,10.0,28.6,21.2
104061,BORJA,1980,06,28,0.0,-999,21.4
104061,BORJA,1980,06,29,0.0,-999,21.8
104061,BORJA,1980,06,30,0.0,30.0,20.0
104061,BORJA,1980,07,01,0.0,28.0,20.0
104061,BORJA,1980,07,02,0.0,32.0,-999
104061,BORJA,1980,07,03,0.0,31.0,-999
104061,BORJA,1980,07,04,0.0,29.0,24.0
104061,BORJA,1980,07,05,0.0,30.6,24.8
104061,BORJA,1980,07,06,0.0,27.0,22.0
104061,BORJA,1980,07,07,0.0,-999,20.0
104061,BORJA,1980,07,08,0.0,-999,24.0
104061,BORJA,1980,07,09,0.0,30.0,22.0
104061,BORJA,1980,07,10,0.0,31.8,22.8
104061,BORJA,1980,07,11,0.0,30.6,21.0
104061,BORJA,1980,07,12,0.0,29.8,19.0
104061,BORJA,1980,07,13,0.0,32.0,23.0
104061,BORJA,1980,07,14,0.0,30.0,23.6
104061,BORJA,1980,07,15,0.0,30.4,24.2
104061,BORJA,1980,07,16,0.0,30.0,23.6
104061,BORJA,1980,07,17,0.0,31.5,25.0
104061,BORJA,1980,07,18,0.0,32.0,22.0
104061,BORJA,1980,07,19,0.0,33.2,21.0
104061,BORJA,1980,07,20,0.0,29.8,24.0
104061,BORJA,1980,07,21,0.0,29.0,24.0
104061,BORJA,1980,07,22,0.0,26.2,22.0
104061,BORJA,1980,07,23,0.0,27.0,20.0
104061,BORJA,1980,07,24,0.0,30.0,21.2
104061,BORJA,1980,07,25,0.0,33.0,22.2
104061,BORJA,1980,07,26,0.0,31.0,23.0
104061,BORJA,1980,07,27,0.0,32.0,23.0
104061,BORJA,1980,07,28,0.0,32.0,21.0
104061,BORJA,1980,07,29,0.0,30.0,22.8
104061,BORJA,1980,07,30,-999,29.0,23.0
104061,BORJA,1980,07,31,-999,-999,-999
104061,BORJA,2011,03,01,6.5,-999,-999
104061,BORJA,2011,03,02,16.8,-999,-999
104061,BORJA,2011,03,03,45.0,-999,-999
104061,BORJA,2011,03,04,43.5,-999,-999
104061,BORJA,2011,03,05,2.0,-999,-999
104061,BORJA,2011,03,06,2.4,-999,-999
104061,BORJA,2011,03,07,4.0,-999,-999
104061,BORJA,2011,03,08,3.7,-999,-999
104061,BORJA,2011,03,09,13.8,-999,-999
104061,BORJA,2011,03,10,0.0,-999,-999
104061,BORJA,2011,03,11,0.0,-999,-999
104061,BORJA,2011,03,12,13.4,-999,-999
104061,BORJA,2011,03,13,4.5,-999,-999
104061,BORJA,2011,03,14,0.0,-999,-999
104061,BORJA,2011,03,15,0.0,-999,-999
104061,BORJA,2011,03,16,0.0,-999,-999
104061,BORJA,2011,03,17,27.0,-999,-999
104061,BORJA,2011,03,18,1.0,-999,-999
104061,BORJA,2011,03,19,40.0,-999,-999
104061,BORJA,2011,03,20,5.0,-999,-999
104061,BORJA,2011,03,21,68.0,-999,-999
104061,BORJA,2011,03,22,4.0,-999,-999
104061,BORJA,2011,03,23,10.7,-999,-999
104061,BORJA,2011,03,24,80.0,-999,-999
104061,BORJA,2011,03,25,40.0,-999,-999
104061,BORJA,2011,03,26,7.0,-999,-999
104061,BORJA,2011,03,27,78.0,-999,-999
104061,BORJA,2011,03,28,9.0,-999,-999
104061,BORJA,2011,03,29,0.0,-999,-999
104061,BORJA,2011,03,30,0.0,-999,-999
104061,BORJA,2011,03,31,0.0,-999,-999
104061,BORJA,2011,04,01,43.0,-999,-999
104061,BORJA,2011,04,02,0.0,-999,-999
104061,BORJA,2011,04,03,10.0,-999,-999
104061,BORJA,2011,04,04,39.0,-999,-999
104061,BORJA,2011,04,05,12.0,-999,-999
104061,BORJA,2011,04,06,45.7,-999,-999
104061,BORJA,2011,04,07,0.0,-999,-999
104061,BORJA,2011,04,08,25.8,-999,-999
104061,BORJA,2011,04,09,10.0,-999,-999
104061,BORJA,2011,04,10,0.0,-999,-999
104061,BORJA,2011,04,11,0.0,-999,-999
104061,BORJA,2011,04,12,0.0,-999,-999
104061,BORJA,2011,04,13,0.0,-999,-999
104061,BORJA,2011,04,14,15.8,-999,-999
104061,BORJA,2011,04,15,20.4,-999,-999
104061,BORJA,2011,04,16,0.0,-999,-999
104061,BORJA,2011,04,17,115.5,-999,-999
104061,BORJA,2011,04,18,111.5,-999,-999
104061,BORJA,2011,04,19,92.6,-999,-999
104061,BORJA,2011,04,20,65.0,-999,-999
104061,BORJA,2011,04,21,23.5,-999,-999
104061,BORJA,2011,04,22,35.7,-999,-999
104061,BORJA,2011,04,23,0.0,-999,-999
104061,BORJA,2011,04,24,70.0,-999,-999
104061,BORJA,2011,04,25,63.5,-999,-999
104061,BORJA,2011,04,26,58.6,-999,-999
104061,BORJA,2011,04,27,40.0,-999,-999
104061,BORJA,2011,04,28,64.7,-999,-999
104061,BORJA,2011,04,29,0.0,-999,-999
104061,BORJA,2011,04,30,28.7,-999,-999
104061,BORJA,2011,05,01,0.0,-999,-999
104061,BORJA,2011,05,02,0.0,-999,-999
104061,BORJA,2011,05,03,0.0,-999,-999
104061,BORJA,2011,05,04,0.0,-999,-999
104061,BORJA,2011,05,05,0.0,-999,-999
104061,BORJA,2011,05,06,0.0,-999,-999
104061,BORJA,2011,05,07,0.0,-999,-999
104061,BORJA,2011,05,08,0.0,-999,-999
104061,BORJA,2011,05,09,50.3,-999,-999
104061,BORJA,2011,05,10,20.0,-999,-999
104061,BORJA,2011,05,11,0.0,-999,-999
104061,BORJA,2011,05,12,0.0,-999,-999
104061,BORJA,2011,05,13,0.0,-999,-999
104061,BORJA,2011,05,14,0.0,-999,-999
104061,BORJA,2011,05,15,0.0,-999,-999
104061,BORJA,2011,05,16,0.0,-999,-999
104061,BORJA,2011,05,17,0.0,-999,-999
104061,BORJA,2011,05,18,17.9,-999,-999
104061,BORJA,2011,05,19,40.5,-999,-999
104061,BORJA,2011,05,20,7.0,-999,-999
104061,BORJA,2011,05,21,0.0,-999,-999
104061,BORJA,2011,05,22,21.7,-999,-999
104061,BORJA,2011,05,23,1.5,-999,-999
104061,BORJA,2011,05,24,0.0,-999,-999
104061,BORJA,2011,05,25,0.0,-999,-999
104061,BORJA,2011,05,26,49.8,-999,-999
104061,BORJA,2011,05,27,19.5,-999,-999
104061,BORJA,2011,05,28,0.0,-999,-999
104061,BORJA,2011,05,29,0.0,-999,-999
104061,BORJA,2011,05,30,0.0,-999,-999
104061,BORJA,2011,05,31,-999,-999,-999
104061,BORJA,2011,07,01,98.9,-999,-999
104061,BORJA,2011,07,02,17.5,-999,-999
104061,BORJA,2011,07,03,50.3,-999,-999
104061,BORJA,2011,07,04,9.9,-999,-999
104061,BORJA,2011,07,05,6.7,-999,-999
104061,BORJA,2011,07,06,0.0,-999,-999
104061,BORJA,2011,07,07,12.3,-999,-999
104061,BORJA,2011,07,08,0.0,-999,-999
104061,BORJA,2011,07,09,0.0,-999,-999
104061,BORJA,2011,07,10,6.0,-999,-999
104061,BORJA,2011,07,11,10.0,-999,-999
104061,BORJA,2011,07,12,0.0,-999,-999
104061,BORJA,2011,07,13,0.0,-999,-999
104061,BORJA,2011,07,14,0.0,-999,-999
104061,BORJA,2011,07,15,71.5,-999,-999
104061,BORJA,2011,07,16,0.0,-999,-999
104061,BORJA,2011,07,17,3.7,-999,-999
104061,BORJA,2011,07,18,33.7,-999,-999
104061,BORJA,2011,07,19,0.0,-999,-999
104061,BORJA,2011,07,20,0.0,-999,-999
104061,BORJA,2011,07,21,0.0,-999,-999
104061,BORJA,2011,07,22,6.0,-999,-999
104061,BORJA,2011,07,23,78.5,-999,-999
104061,BORJA,2011,07,24,0.0,-999,-999
104061,BORJA,2011,07,25,0.0,-999,-999
104061,BORJA,2011,07,26,19.5,-999,-999
104061,BORJA,2011,07,27,11.0,-999,-999
104061,BORJA,2011,07,28,0.0,-999,-999
104061,BORJA,2011,07,29,0.0,-999,-999
104061,BORJA,2011,07,30,11.0,-999,-999
104061,BORJA,2011,07,31,17.5,-999,-999
104061,BORJA,2011,08,01,0.0,-999,-999
104061,BORJA,2011,08,02,0.0,-999,-999
104061,BORJA,2011,08,03,14.6,-999,-999
104061,BORJA,2011,08,04,13.2,-999,-999
104061,BORJA,2011,08,05,0.0,-999,-999
104061,BORJA,2011,08,06,0.0,-999,-999
104061,BORJA,2011,08,07,6.9,-999,-999
104061,BORJA,2011,08,08,0.0,-999,-999
104061,BORJA,2011,08,09,21.0,-999,-999
104061,BORJA,2011,08,10,0.0,-999,-999
104061,BORJA,2011,08,11,0.0,-999,-999
104061,BORJA,2011,08,12,0.0,-999,-999
104061,BORJA,2011,08,13,0.0,-999,-999
104061,BORJA,2011,08,14,27.9,-999,-999
104061,BORJA,2011,08,15,0.0,-999,-999
104061,BORJA,2011,08,16,0.0,-999,-999
104061,BORJA,2011,08,17,0.0,-999,-999
104061,BORJA,2011,08,18,0.0,-999,-999
104061,BORJA,2011,08,19,0.0,-999,-999
104061,BORJA,2011,08,20,6.0,-999,-999
104061,BORJA,2011,08,21,40.0,-999,-999
104061,BORJA,2011,08,22,0.0,-999,-999
104061,BORJA,2011,08,23,0.0,-999,-999
104061,BORJA,2011,08,24,0.0,-999,-999
104061,BORJA,2011,08,25,0.0,-999,-999
104061,BORJA,2011,08,26,0.0,-999,-999
104061,BORJA,2011,08,27,0.0,-999,-999
104061,BORJA,2011,08,28,6.5,-999,-999
104061,BORJA,2011,08,29,9.0,-999,-999
104061,BORJA,2011,08,30,0.0,-999,-999
104061,BORJA,2011,08,31,0.0,-999,-999
104061,BORJA,2011,09,01,4.0,-999,-999
104061,BORJA,2011,09,02,0.0,-999,-999
104061,BORJA,2011,09,03,8.9,-999,-999
104061,BORJA,2011,09,04,0.0,-999,-999
104061,BORJA,2011,09,05,0.0,-999,-999
104061,BORJA,2011,09,06,0.0,-999,-999
104061,BORJA,2011,09,07,0.0,-999,-999
104061,BORJA,2011,09,08,0.0,-999,-999
104061,BORJA,2011,09,09,0.0,-999,-999
104061,BORJA,2011,09,10,4.0,-999,-999
104061,BORJA,2011,09,11,0.0,-999,-999
104061,BORJA,2011,09,12,43.9,-999,-999
104061,BORJA,2011,09,13,0.0,-999,-999
104061,BORJA,2011,09,14,0.0,-999,-999
104061,BORJA,2011,09,15,0.0,-999,-999
104061,BORJA,2011,09,16,145.0,-999,-999
104061,BORJA,2011,09,17,5.0,-999,-999
104061,BORJA,2011,09,18,42.0,-999,-999
104061,BORJA,2011,09,19,67.5,-999,-999
104061,BORJA,2011,09,20,0.0,-999,-999
104061,BORJA,2011,09,21,23.9,-999,-999
104061,BORJA,2011,09,22,0.0,-999,-999
104061,BORJA,2011,09,23,0.0,-999,-999
104061,BORJA,2011,09,24,102.0,-999,-999
104061,BORJA,2011,09,25,11.0,-999,-999
104061,BORJA,2011,09,26,98.5,-999,-999
104061,BORJA,2011,09,27,0.0,-999,-999
104061,BORJA,2011,09,28,36.8,-999,-999
104061,BORJA,2011,09,29,0.0,-999,-999
104061,BORJA,2011,09,30,0.0,-999,-999
104061,BORJA,2011,10,01,4.0,-999,-999
104061,BORJA,2011,10,02,15.5,-999,-999
104061,BORJA,2011,10,03,7.0,-999,-999
104061,BORJA,2011,10,04,12.0,-999,-999
104061,BORJA,2011,10,05,0.0,-999,-999
104061,BORJA,2011,10,06,24.0,-999,-999
104061,BORJA,2011,10,07,5.0,-999,-999
104061,BORJA,2011,10,08,22.6,-999,-999
104061,BORJA,2011,10,09,0.0,-999,-999
104061,BORJA,2011,10,10,0.0,-999,-999
104061,BORJA,2011,10,11,0.0,-999,-999
104061,BORJA,2011,10,12,0.0,-999,-999
104061,BORJA,2011,10,13,0.0,-999,-999
104061,BORJA,2011,10,14,0.0,-999,-999
104061,BORJA,2011,10,15,0.0,-999,-999
104061,BORJA,2011,10,16,0.0,-999,-999
104061,BORJA,2011,10,17,0.0,-999,-999
104061,BORJA,2011,10,18,0.0,-999,-999
104061,BORJA,2011,10,19,0.0,-999,-999
104061,BORJA,2011,10,20,0.0,-999,-999
104061,BORJA,2011,10,21,0.0,-999,-999
104061,BORJA,2011,10,22,10.0,-999,-999
104061,BORJA,2011,10,23,5.0,-999,-999
104061,BORJA,2011,10,24,0.0,-999,-999
104061,BORJA,2011,10,25,0.0,-999,-999
104061,BORJA,2011,10,26,10.0,-999,-999
104061,BORJA,2011,10,27,80.0,-999,-999
104061,BORJA,2011,10,28,0.0,-999,-999
104061,BORJA,2011,10,29,0.0,-999,-999
104061,BORJA,2011,10,30,0.0,-999,-999
104061,BORJA,2011,10,31,0.0,-999,-999
104061,BORJA,2011,11,01,5.0,-999,-999
104061,BORJA,2011,11,02,0.0,-999,-999
104061,BORJA,2011,11,03,23.5,-999,-999
104061,BORJA,2011,11,04,0.0,-999,-999
104061,BORJA,2011,11,05,0.0,-999,-999
104061,BORJA,2011,11,06,2.5,-999,-999
104061,BORJA,2011,11,07,18.5,-999,-999
104061,BORJA,2011,11,08,0.0,-999,-999
104061,BORJA,2011,11,09,0.0,-999,-999
104061,BORJA,2011,11,10,0.0,-999,-999
104061,BORJA,2011,11,11,34.7,-999,-999
104061,BORJA,2011,11,12,0.0,-999,-999
104061,BORJA,2011,11,13,0.0,-999,-999
104061,BORJA,2011,11,14,11.5,-999,-999
104061,BORJA,2011,11,15,12.6,-999,-999
104061,BORJA,2011,11,16,0.0,-999,-999
104061,BORJA,2011,11,17,4.9,-999,-999
104061,BORJA,2011,11,18,1.8,-999,-999
104061,BORJA,2011,11,19,6.5,-999,-999
104061,BORJA,2011,11,20,0.0,-999,-999
104061,BORJA,2011,11,21,0.0,-999,-999
104061,BORJA,2011,11,22,0.0,-999,-999
104061,BORJA,2011,11,23,8.0,-999,-999
104061,BORJA,2011,11,24,2.0,-999,-999
104061,BORJA,2011,11,25,0.0,-999,-999
104061,BORJA,2011,11,26,5.7,-999,-999
104061,BORJA,2011,11,27,0.0,-999,-999
104061,BORJA,2011,11,28,0.0,-999,-999
104061,BORJA,2011,11,29,1.0,-999,-999
104061,BORJA,2011,11,30,0.0,-999,-999
104061,BORJA,2011,12,01,54.8,-999,-999
104061,BORJA,2011,12,02,0.0,-999,-999
104061,BORJA,2011,12,03,15.9,-999,-999
104061,BORJA,2011,12,04,34.8,-999,-999
104061,BORJA,2011,12,05,0.0,-999,-999
104061,BORJA,2011,12,06,69.0,-999,-999
104061,BORJA,2011,12,07,1.0,-999,-999
104061,BORJA,2011,12,08,35.5,-999,-999
104061,BORJA,2011,12,09,58.3,-999,-999
104061,BORJA,2011,12,10,0.0,-999,-999
104061,BORJA,2011,12,11,0.0,-999,-999
104061,BORJA,2011,12,12,0.0,-999,-999
104061,BORJA,2011,12,13,0.0,-999,-999
104061,BORJA,2011,12,14,0.0,-999,-999
104061,BORJA,2011,12,15,30.0,-999,-999
104061,BORJA,2011,12,16,2.0,-999,-999
104061,BORJA,2011,12,17,0.0,-999,-999
104061,BORJA,2011,12,18,3.0,-999,-999
104061,BORJA,2011,12,19,33.9,-999,-999
104061,BORJA,2011,12,20,8.3,-999,-999
104061,BORJA,2011,12,21,29.8,-999,-999
104061,BORJA,2011,12,22,0.0,-999,-999
104061,BORJA,2011,12,23,0.0,-999,-999
104061,BORJA,2011,12,24,0.0,-999,-999
104061,BORJA,2011,12,25,29.5,-999,-999
104061,BORJA,2011,12,26,35.0,-999,-999
104061,BORJA,2011,12,27,0.0,-999,-999
104061,BORJA,2011,12,28,0.0,-999,-999
104061,BORJA,2011,12,29,0.0,-999,-999
104061,BORJA,2011,12,30,23.0,-999,-999
104061,BORJA,2011,12,31,0.0,-999,-999
104061,BORJA,2012,01,01,34.7,-999,-999
104061,BORJA,2012,01,02,0.0,-999,-999
104061,BORJA,2012,01,03,14.1,-999,-999
104061,BORJA,2012,01,04,38.4,-999,-999
104061,BORJA,2012,01,05,0.0,-999,-999
104061,BORJA,2012,01,06,0.0,-999,-999
104061,BORJA,2012,01,07,15.0,-999,-999
104061,BORJA,2012,01,08,9.0,-999,-999
104061,BORJA,2012,01,09,6.7,-999,-999
104061,BORJA,2012,01,10,0.0,-999,-999
104061,BORJA,2012,01,11,10.0,-999,-999
104061,BORJA,2012,01,12,27.2,-999,-999
104061,BORJA,2012,01,13,12.5,-999,-999
104061,BORJA,2012,01,14,4.0,-999,-999
104061,BORJA,2012,01,15,0.0,-999,-999
104061,BORJA,2012,01,16,0.0,-999,-999
104061,BORJA,2012,01,17,0.0,-999,-999
104061,BORJA,2012,01,18,0.0,-999,-999
104061,BORJA,2012,01,19,35.0,-999,-999
104061,BORJA,2012,01,20,113.7,-999,-999
104061,BORJA,2012,01,21,0.0,-999,-999
104061,BORJA,2012,01,22,0.0,-999,-999
104061,BORJA,2012,01,23,0.0,-999,-999
104061,BORJA,2012,01,24,1.0,-999,-999
104061,BORJA,2012,01,25,0.0,-999,-999
104061,BORJA,2012,01,26,0.0,-999,-999
104061,BORJA,2012,01,27,3.0,-999,-999
104061,BORJA,2012,01,28,1.0,-999,-999
104061,BORJA,2012,01,29,3.3,-999,-999
104061,BORJA,2012,01,30,0.0,-999,-999
104061,BORJA,2012,01,31,8.0,-999,-999
104061,BORJA,2012,02,01,2.7,-999,-999
104061,BORJA,2012,02,02,50.5,-999,-999
104061,BORJA,2012,02,03,19.0,-999,-999
104061,BORJA,2012,02,04,25.0,-999,-999
104061,BORJA,2012,02,05,23.4,-999,-999
104061,BORJA,2012,02,06,12.0,-999,-999
104061,BORJA,2012,02,07,7.0,-999,-999
104061,BORJA,2012,02,08,24.6,-999,-999
104061,BORJA,2012,02,09,0.0,-999,-999
104061,BORJA,2012,02,10,21.0,-999,-999
104061,BORJA,2012,02,11,14.8,-999,-999
104061,BORJA,2012,02,12,0.0,-999,-999
104061,BORJA,2012,02,13,15.0,-999,-999
104061,BORJA,2012,02,14,4.0,-999,-999
104061,BORJA,2012,02,15,4.0,-999,-999
104061,BORJA,2012,02,16,0.0,-999,-999
104061,BORJA,2012,02,17,0.0,-999,-999
104061,BORJA,2012,02,18,20.0,-999,-999
104061,BORJA,2012,02,19,1.0,-999,-999
104061,BORJA,2012,02,20,9.5,-999,-999
104061,BORJA,2012,02,21,3.0,-999,-999
104061,BORJA,2012,02,22,0.0,-999,-999
104061,BORJA,2012,02,23,0.0,-999,-999
104061,BORJA,2012,02,24,0.0,-999,-999
104061,BORJA,2012,02,25,0.0,-999,-999
104061,BORJA,2012,02,26,9.6,-999,-999
104061,BORJA,2012,02,27,41.0,-999,-999
104061,BORJA,2012,02,28,0.0,-999,-999
104061,BORJA,2012,02,29,8.8,-999,-999
104061,BORJA,2012,03,01,13.3,-999,-999
104061,BORJA,2012,03,02,12.5,-999,-999
104061,BORJA,2012,03,03,19.3,-999,-999
104061,BORJA,2012,03,04,2.0,-999,-999
104061,BORJA,2012,03,05,38.1,-999,-999
104061,BORJA,2012,03,06,0.0,-999,-999
104061,BORJA,2012,03,07,40.5,-999,-999
104061,BORJA,2012,03,08,14.2,-999,-999
104061,BORJA,2012,03,09,13.0,-999,-999
104061,BORJA,2012,03,10,0.0,-999,-999
104061,BORJA,2012,03,11,0.0,-999,-999
104061,BORJA,2012,03,12,0.0,-999,-999
104061,BORJA,2012,03,13,0.0,-999,-999
104061,BORJA,2012,03,14,0.0,-999,-999
104061,BORJA,2012,03,15,0.0,-999,-999
104061,BORJA,2012,03,16,0.0,-999,-999
104061,BORJA,2012,03,17,0.0,-999,-999
104061,BORJA,2012,03,18,0.0,-999,-999
104061,BORJA,2012,03,19,0.0,-999,-999
104061,BORJA,2012,03,20,0.0,-999,-999
104061,BORJA,2012,03,21,0.0,-999,-999
104061,BORJA,2012,03,22,0.0,-999,-999
104061,BORJA,2012,03,23,0.0,-999,-999
104061,BORJA,2012,03,24,0.0,-999,-999
104061,BORJA,2012,03,25,0.0,-999,-999
104061,BORJA,2012,03,26,0.0,-999,-999
104061,BORJA,2012,03,27,0.0,-999,-999
104061,BORJA,2012,03,28,0.0,-999,-999
104061,BORJA,2012,03,29,0.0,-999,-999
104061,BORJA,2012,03,30,0.0,-999,-999
104061,BORJA,2012,03,31,0.0,-999,-999
104061,BORJA,2012,04,01,0.0,-999,-999
104061,BORJA,2012,04,02,0.0,-999,-999
104061,BORJA,2012,04,03,0.0,-999,-999
104061,BORJA,2012,04,04,0.0,-999,-999
104061,BORJA,2012,04,05,0.0,-999,-999
104061,BORJA,2012,04,06,0.0,-999,-999
104061,BORJA,2012,04,07,0.0,-999,-999
104061,BORJA,2012,04,08,0.0,-999,-999
104061,BORJA,2012,04,09,0.0,-999,-999
104061,BORJA,2012,04,10,0.0,-999,-999
104061,BORJA,2012,04,11,0.0,-999,-999
104061,BORJA,2012,04,12,1.0,-999,-999
104061,BORJA,2012,04,13,2.0,-999,-999
104061,BORJA,2012,04,14,4.0,-999,-999
104061,BORJA,2012,04,15,9.2,-999,-999
104061,BORJA,2012,04,16,27.5,-999,-999
104061,BORJA,2012,04,17,0.0,-999,-999
104061,BORJA,2012,04,18,0.0,-999,-999
104061,BORJA,2012,04,19,0.0,-999,-999
104061,BORJA,2012,04,20,38.3,-999,-999
104061,BORJA,2012,04,21,0.0,-999,-999
104061,BORJA,2012,04,22,32.8,-999,-999
104061,BORJA,2012,04,23,0.0,-999,-999
104061,BORJA,2012,04,24,0.0,-999,-999
104061,BORJA,2012,04,25,0.0,-999,-999
104061,BORJA,2012,04,26,0.0,-999,-999
104061,BORJA,2012,04,27,0.0,-999,-999
104061,BORJA,2012,04,28,8.4,-999,-999
104061,BORJA,2012,04,29,0.0,-999,-999
104061,BORJA,2012,04,30,0.0,-999,-999
104061,BORJA,2012,05,01,19.7,-999,-999
104061,BORJA,2012,05,02,0.0,-999,-999
104061,BORJA,2012,05,03,26.9,-999,-999
104061,BORJA,2012,05,04,0.0,-999,-999
104061,BORJA,2012,05,05,0.0,-999,-999
104061,BORJA,2012,05,06,5.2,-999,-999
104061,BORJA,2012,05,07,3.9,-999,-999
104061,BORJA,2012,05,08,0.0,-999,-999
104061,BORJA,2012,05,09,0.0,-999,-999
104061,BORJA,2012,05,10,0.0,-999,-999
104061,BORJA,2012,05,11,21.0,-999,-999
104061,BORJA,2012,05,12,0.0,-999,-999
104061,BORJA,2012,05,13,8.9,-999,-999
104061,BORJA,2012,05,14,7.2,-999,-999
104061,BORJA,2012,05,15,8.1,-999,-999
104061,BORJA,2012,05,16,0.0,-999,-999
104061,BORJA,2012,05,17,2.9,-999,-999
104061,BORJA,2012,05,18,0.0,-999,-999
104061,BORJA,2012,05,19,21.6,-999,-999
104061,BORJA,2012,05,20,30.0,-999,-999
104061,BORJA,2012,05,21,79.3,-999,-999
104061,BORJA,2012,05,22,15.2,-999,-999
104061,BORJA,2012,05,23,0.0,-999,-999
104061,BORJA,2012,05,24,19.4,-999,-999
104061,BORJA,2012,05,25,18.6,-999,-999
104061,BORJA,2012,05,26,30.1,-999,-999
104061,BORJA,2012,05,27,5.0,-999,-999
104061,BORJA,2012,05,28,35.8,-999,-999
104061,BORJA,2012,05,29,18.6,-999,-999
104061,BORJA,2012,05,30,32.4,-999,-999
104061,BORJA,2012,05,31,24.7,-999,-999
104061,BORJA,2012,06,01,28.7,-999,-999
104061,BORJA,2012,06,02,15.9,-999,-999
104061,BORJA,2012,06,03,0.0,-999,-999
104061,BORJA,2012,06,04,37.5,-999,-999
104061,BORJA,2012,06,05,44.5,-999,-999
104061,BORJA,2012,06,06,54.3,-999,-999
104061,BORJA,2012,06,07,6.5,-999,-999
104061,BORJA,2012,06,08,0.0,-999,-999
104061,BORJA,2012,06,09,0.0,-999,-999
104061,BORJA,2012,06,10,8.0,-999,-999
104061,BORJA,2012,06,11,0.0,-999,-999
104061,BORJA,2012,06,12,0.0,-999,-999
104061,BORJA,2012,06,13,0.0,-999,-999
104061,BORJA,2012,06,14,0.0,-999,-999
104061,BORJA,2012,06,15,0.0,-999,-999
104061,BORJA,2012,06,16,0.0,-999,-999
104061,BORJA,2012,06,17,3.0,-999,-999
104061,BORJA,2012,06,18,12.0,-999,-999
104061,BORJA,2012,06,19,6.2,-999,-999
104061,BORJA,2012,06,20,0.0,-999,-999
104061,BORJA,2012,06,21,0.0,-999,-999
104061,BORJA,2012,06,22,41.0,-999,-999
104061,BORJA,2012,06,23,20.0,-999,-999
104061,BORJA,2012,06,24,0.0,-999,-999
104061,BORJA,2012,06,25,60.0,-999,-999
104061,BORJA,2012,06,26,9.3,-999,-999
104061,BORJA,2012,06,27,9.5,-999,-999
104061,BORJA,2012,06,28,7.3,-999,-999
104061,BORJA,2012,06,29,37.9,-999,-999
104061,BORJA,2012,06,30,0.0,-999,-999
104061,BORJA,2012,07,01,6.4,-999,-999
104061,BORJA,2012,07,02,0.0,-999,-999
104061,BORJA,2012,07,03,4.2,-999,-999
104061,BORJA,2012,07,04,0.0,-999,-999
104061,BORJA,2012,07,05,0.0,-999,-999
104061,BORJA,2012,07,06,0.0,-999,-999
104061,BORJA,2012,07,07,0.0,-999,-999
104061,BORJA,2012,07,08,0.0,-999,-999
104061,BORJA,2012,07,09,0.0,-999,-999
104061,BORJA,2012,07,10,0.0,-999,-999
104061,BORJA,2012,07,11,0.0,-999,-999
104061,BORJA,2012,07,12,0.0,-999,-999
104061,BORJA,2012,07,13,3.0,-999,-999
104061,BORJA,2012,07,14,0.0,-999,-999
104061,BORJA,2012,07,15,0.0,-999,-999
104061,BORJA,2012,07,16,0.0,-999,-999
104061,BORJA,2012,07,17,0.0,-999,-999
104061,BORJA,2012,07,18,0.0,-999,-999
104061,BORJA,2012,07,19,6.7,-999,-999
104061,BORJA,2012,07,20,0.0,-999,-999
104061,BORJA,2012,07,21,0.0,-999,-999
104061,BORJA,2012,07,22,0.0,-999,-999
104061,BORJA,2012,07,23,0.0,-999,-999
104061,BORJA,2012,07,24,0.0,-999,-999
104061,BORJA,2012,07,25,0.0,-999,-999
104061,BORJA,2012,07,26,0.0,-999,-999
104061,BORJA,2012,07,27,25.7,-999,-999
104061,BORJA,2012,07,28,4.0,-999,-999
104061,BORJA,2012,07,29,0.0,-999,-999
104061,BORJA,2012,07,30,0.0,-999,-999
104061,BORJA,2012,07,31,53.5,-999,-999
104061,BORJA,2012,08,01,0.0,-999,-999
104061,BORJA,2012,08,02,0.0,-999,-999
104061,BORJA,2012,08,03,0.0,-999,-999
104061,BORJA,2012,08,04,0.0,-999,-999
104061,BORJA,2012,08,05,31.2,-999,-999
104061,BORJA,2012,08,06,7.8,-999,-999
104061,BORJA,2012,08,07,0.0,-999,-999
104061,BORJA,2012,08,08,0.0,-999,-999
104061,BORJA,2012,08,09,0.0,-999,-999
104061,BORJA,2012,08,10,0.0,-999,-999
104061,BORJA,2012,08,11,0.0,-999,-999
104061,BORJA,2012,08,12,0.0,-999,-999
104061,BORJA,2012,08,13,20.0,-999,-999
104061,BORJA,2012,08,14,0.0,-999,-999
104061,BORJA,2012,08,15,0.0,-999,-999
104061,BORJA,2012,08,16,6.3,-999,-999
104061,BORJA,2012,08,17,0.0,-999,-999
104061,BORJA,2012,08,18,0.0,-999,-999
104061,BORJA,2012,08,19,0.0,-999,-999
104061,BORJA,2012,08,20,0.0,-999,-999
104061,BORJA,2012,08,21,0.0,-999,-999
104061,BORJA,2012,08,22,0.0,-999,-999
104061,BORJA,2012,08,23,0.0,-999,-999
104061,BORJA,2012,08,24,0.0,-999,-999
104061,BORJA,2012,08,25,0.0,-999,-999
104061,BORJA,2012,08,26,40.0,-999,-999
104061,BORJA,2012,08,27,10.2,-999,-999
104061,BORJA,2012,08,28,0.0,-999,-999
104061,BORJA,2012,08,29,0.0,-999,-999
104061,BORJA,2012,08,30,0.0,-999,-999
104061,BORJA,2012,08,31,0.0,-999,-999
104061,BORJA,2012,09,01,0.0,-999,-999
104061,BORJA,2012,09,02,0.0,-999,-999
104061,BORJA,2012,09,03,35.0,-999,-999
104061,BORJA,2012,09,04,0.0,-999,-999
104061,BORJA,2012,09,05,1.0,-999,-999
104061,BORJA,2012,09,06,0.0,-999,-999
104061,BORJA,2012,09,07,0.0,-999,-999
104061,BORJA,2012,09,08,17.5,-999,-999
104061,BORJA,2012,09,09,12.9,-999,-999
104061,BORJA,2012,09,10,0.0,-999,-999
104061,BORJA,2012,09,11,0.0,-999,-999
104061,BORJA,2012,09,12,0.0,-999,-999
104061,BORJA,2012,09,13,0.0,-999,-999
104061,BORJA,2012,09,14,0.0,-999,-999
104061,BORJA,2012,09,15,0.0,-999,-999
104061,BORJA,2012,09,16,0.0,-999,-999
104061,BORJA,2012,09,17,0.0,-999,-999
104061,BORJA,2012,09,18,0.0,-999,-999
104061,BORJA,2012,09,19,0.0,-999,-999
104061,BORJA,2012,09,20,0.0,-999,-999
104061,BORJA,2012,09,21,0.0,-999,-999
104061,BORJA,2012,09,22,40.0,-999,-999
104061,BORJA,2012,09,23,51.9,-999,-999
104061,BORJA,2012,09,24,0.0,-999,-999
104061,BORJA,2012,09,25,0.0,-999,-999
104061,BORJA,2012,09,26,14.3,-999,-999
104061,BORJA,2012,09,27,0.0,-999,-999
104061,BORJA,2012,09,28,0.0,-999,-999
104061,BORJA,2012,09,29,7.2,-999,-999
104061,BORJA,2012,09,30,0.0,-999,-999
104061,BORJA,2012,10,01,0.0,-999,-999
104061,BORJA,2012,10,02,0.0,-999,-999
104061,BORJA,2012,10,03,0.0,-999,-999
104061,BORJA,2012,10,04,0.0,-999,-999
104061,BORJA,2012,10,05,46.0,-999,-999
104061,BORJA,2012,10,06,0.0,-999,-999
104061,BORJA,2012,10,07,4.0,-999,-999
104061,BORJA,2012,10,08,0.0,-999,-999
104061,BORJA,2012,10,09,0.0,-999,-999
104061,BORJA,2012,10,10,0.0,-999,-999
104061,BORJA,2012,10,11,0.0,-999,-999
104061,BORJA,2012,10,12,84.4,-999,-999
104061,BORJA,2012,10,13,0.0,-999,-999
104061,BORJA,2012,10,14,0.0,-999,-999
104061,BORJA,2012,10,15,0.0,-999,-999
104061,BORJA,2012,10,16,4.6,-999,-999
104061,BORJA,2012,10,17,0.0,-999,-999
104061,BORJA,2012,10,18,0.0,-999,-999
104061,BORJA,2012,10,19,1.4,-999,-999
104061,BORJA,2012,10,20,0.0,-999,-999
104061,BORJA,2012,10,21,0.0,-999,-999
104061,BORJA,2012,10,22,36.0,-999,-999
104061,BORJA,2012,10,23,0.0,-999,-999
104061,BORJA,2012,10,24,15.2,-999,-999
104061,BORJA,2012,10,25,0.0,-999,-999
104061,BORJA,2012,10,26,0.0,-999,-999
104061,BORJA,2012,10,27,1.3,-999,-999
104061,BORJA,2012,10,28,0.0,-999,-999
104061,BORJA,2012,10,29,0.0,-999,-999
104061,BORJA,2012,10,30,0.0,-999,-999
104061,BORJA,2012,10,31,0.0,-999,-999
104061,BORJA,2012,11,01,0.0,-999,-999
104061,BORJA,2012,11,02,0.0,-999,-999
104061,BORJA,2012,11,03,0.0,-999,-999
104061,BORJA,2012,11,04,9.0,-999,-999
104061,BORJA,2012,11,05,0.0,-999,-999
104061,BORJA,2012,11,06,0.0,-999,-999
104061,BORJA,2012,11,07,31.0,-999,-999
104061,BORJA,2012,11,08,0.0,-999,-999
104061,BORJA,2012,11,09,9.0,-999,-999
104061,BORJA,2012,11,10,32.0,-999,-999
104061,BORJA,2012,11,11,0.0,-999,-999
104061,BORJA,2012,11,12,0.0,-999,-999
104061,BORJA,2012,11,13,0.0,-999,-999
104061,BORJA,2012,11,14,0.0,-999,-999
104061,BORJA,2012,11,15,42.5,-999,-999
104061,BORJA,2012,11,16,71.0,-999,-999
104061,BORJA,2012,11,17,0.0,-999,-999
104061,BORJA,2012,11,18,5.0,-999,-999
104061,BORJA,2012,11,19,0.0,-999,-999
104061,BORJA,2012,11,20,55.5,-999,-999
104061,BORJA,2012,11,21,3.6,-999,-999
104061,BORJA,2012,11,22,0.0,-999,-999
104061,BORJA,2012,11,23,23.0,-999,-999
104061,BORJA,2012,11,24,13.0,-999,-999
104061,BORJA,2012,11,25,0.0,-999,-999
104061,BORJA,2012,11,26,0.0,-999,-999
104061,BORJA,2012,11,27,27.0,-999,-999
104061,BORJA,2012,11,28,79.0,-999,-999
104061,BORJA,2012,11,29,0.0,-999,-999
104061,BORJA,2012,11,30,0.0,-999,-999
104061,BORJA,2012,12,01,40.5,-999,-999
104061,BORJA,2012,12,02,0.0,-999,-999
104061,BORJA,2012,12,03,48.0,-999,-999
104061,BORJA,2012,12,04,0.0,-999,-999
104061,BORJA,2012,12,05,0.0,-999,-999
104061,BORJA,2012,12,06,22.5,-999,-999
104061,BORJA,2012,12,07,20.0,-999,-999
104061,BORJA,2012,12,08,0.0,-999,-999
104061,BORJA,2012,12,09,0.0,-999,-999
104061,BORJA,2012,12,10,0.0,-999,-999
104061,BORJA,2012,12,11,8.0,-999,-999
104061,BORJA,2012,12,12,12.0,-999,-999
104061,BORJA,2012,12,13,0.0,-999,-999
104061,BORJA,2012,12,14,0.0,-999,-999
104061,BORJA,2012,12,15,0.0,-999,-999
104061,BORJA,2012,12,16,38.5,-999,-999
104061,BORJA,2012,12,17,0.0,-999,-999
104061,BORJA,2012,12,18,0.0,-999,-999
104061,BORJA,2012,12,19,20.5,-999,-999
104061,BORJA,2012,12,20,18.7,-999,-999
104061,BORJA,2012,12,21,25.3,-999,-999
104061,BORJA,2012,12,22,0.0,-999,-999
104061,BORJA,2012,12,23,12.0,-999,-999
104061,BORJA,2012,12,24,10.3,-999,-999
104061,BORJA,2012,12,25,7.0,-999,-999
104061,BORJA,2012,12,26,21.0,-999,-999
104061,BORJA,2012,12,27,14.0,-999,-999
104061,BORJA,2012,12,28,4.5,-999,-999
104061,BORJA,2012,12,29,0.0,-999,-999
104061,BORJA,2012,12,30,0.0,-999,-999
104061,BORJA,2012,12,31,0.0,-999,-999
104061,BORJA,2013,01,01,24.5,-999,-999
104061,BORJA,2013,01,02,4.6,-999,-999
104061,BORJA,2013,01,03,10.5,-999,-999
104061,BORJA,2013,01,04,7.0,-999,-999
104061,BORJA,2013,01,05,6.0,-999,-999
104061,BORJA,2013,01,06,0.0,-999,-999
104061,BORJA,2013,01,07,5.0,-999,-999
104061,BORJA,2013,01,08,14.0,-999,-999
104061,BORJA,2013,01,09,2.0,-999,-999
104061,BORJA,2013,01,10,12.8,-999,-999
104061,BORJA,2013,01,11,0.0,-999,-999
104061,BORJA,2013,01,12,0.0,-999,-999
104061,BORJA,2013,01,13,0.0,-999,-999
104061,BORJA,2013,01,14,0.0,-999,-999
104061,BORJA,2013,01,15,0.0,-999,-999
104061,BORJA,2013,01,16,31.3,-999,-999
104061,BORJA,2013,01,17,5.0,-999,-999
104061,BORJA,2013,01,18,0.0,-999,-999
104061,BORJA,2013,01,19,0.0,-999,-999
104061,BORJA,2013,01,20,11.0,-999,-999
104061,BORJA,2013,01,21,0.0,-999,-999
104061,BORJA,2013,01,22,62.0,-999,-999
104061,BORJA,2013,01,23,10.6,-999,-999
104061,BORJA,2013,01,24,0.0,-999,-999
104061,BORJA,2013,01,25,40.0,-999,-999
104061,BORJA,2013,01,26,0.0,-999,-999
104061,BORJA,2013,01,27,0.0,-999,-999
104061,BORJA,2013,01,28,0.0,-999,-999
104061,BORJA,2013,01,29,0.0,-999,-999
104061,BORJA,2013,01,30,0.0,-999,-999
104061,BORJA,2013,01,31,0.0,-999,-999
104061,BORJA,2013,02,01,0.0,-999,-999
104061,BORJA,2013,02,02,24.5,-999,-999
104061,BORJA,2013,02,03,9.0,-999,-999
104061,BORJA,2013,02,04,57.0,-999,-999
104061,BORJA,2013,02,05,32.0,-999,-999
104061,BORJA,2013,02,06,0.0,-999,-999
104061,BORJA,2013,02,07,10.0,-999,-999
104061,BORJA,2013,02,08,30.5,-999,-999
104061,BORJA,2013,02,09,0.0,-999,-999
104061,BORJA,2013,02,10,0.0,-999,-999
104061,BORJA,2013,02,11,10.0,-999,-999
104061,BORJA,2013,02,12,14.0,-999,-999
104061,BORJA,2013,02,13,0.0,-999,-999
104061,BORJA,2013,02,14,0.0,-999,-999
104061,BORJA,2013,02,15,0.0,-999,-999
104061,BORJA,2013,02,16,0.0,-999,-999
104061,BORJA,2013,02,17,22.0,-999,-999
104061,BORJA,2013,02,18,0.0,-999,-999
104061,BORJA,2013,02,19,6.0,-999,-999
104061,BORJA,2013,02,20,0.0,-999,-999
104061,BORJA,2013,02,21,6.5,-999,-999
104061,BORJA,2013,02,22,0.0,-999,-999
104061,BORJA,2013,02,23,23.0,-999,-999
104061,BORJA,2013,02,24,0.0,-999,-999
104061,BORJA,2013,02,25,8.0,-999,-999
104061,BORJA,2013,02,26,0.0,-999,-999
104061,BORJA,2013,02,27,0.0,-999,-999
104061,BORJA,2013,02,28,-999,-999,-999
104061,BORJA,2013,04,01,0.0,-999,-999
104061,BORJA,2013,04,02,0.0,-999,-999
104061,BORJA,2013,04,03,0.0,-999,-999
104061,BORJA,2013,04,04,0.0,-999,-999
104061,BORJA,2013,04,05,0.0,-999,-999
104061,BORJA,2013,04,06,0.0,-999,-999
104061,BORJA,2013,04,07,0.0,-999,-999
104061,BORJA,2013,04,08,0.0,-999,-999
104061,BORJA,2013,04,09,0.0,-999,-999
104061,BORJA,2013,04,10,0.0,-999,-999
104061,BORJA,2013,04,11,0.0,-999,-999
104061,BORJA,2013,04,12,35.6,-999,-999
104061,BORJA,2013,04,13,0.0,-999,-999
104061,BORJA,2013,04,14,29.0,-999,-999
104061,BORJA,2013,04,15,10.5,-999,-999
104061,BORJA,2013,04,16,4.5,-999,-999
104061,BORJA,2013,04,17,60.5,-999,-999
104061,BORJA,2013,04,18,0.0,-999,-999
104061,BORJA,2013,04,19,0.0,-999,-999
104061,BORJA,2013,04,20,0.0,-999,-999
104061,BORJA,2013,04,21,0.0,-999,-999
104061,BORJA,2013,04,22,0.0,-999,-999
104061,BORJA,2013,04,23,0.0,-999,-999
104061,BORJA,2013,04,24,0.0,-999,-999
104061,BORJA,2013,04,25,0.0,-999,-999
104061,BORJA,2013,04,26,0.0,-999,-999
104061,BORJA,2013,04,27,0.0,-999,-999
104061,BORJA,2013,04,28,0.0,-999,-999
104061,BORJA,2013,04,29,0.0,-999,-999
104061,BORJA,2013,04,30,0.0,-999,-999
104061,BORJA,2013,05,01,0.0,-999,-999
104061,BORJA,2013,05,02,0.0,-999,-999
104061,BORJA,2013,05,03,0.0,-999,-999
104061,BORJA,2013,05,04,0.0,-999,-999
104061,BORJA,2013,05,05,0.0,-999,-999
104061,BORJA,2013,05,06,27.0,-999,-999
104061,BORJA,2013,05,07,10.0,-999,-999
104061,BORJA,2013,05,08,0.0,-999,-999
104061,BORJA,2013,05,09,0.0,-999,-999
104061,BORJA,2013,05,10,0.0,-999,-999
104061,BORJA,2013,05,11,0.0,-999,-999
104061,BORJA,2013,05,12,0.0,-999,-999
104061,BORJA,2013,05,13,32.0,-999,-999
104061,BORJA,2013,05,14,26.0,-999,-999
104061,BORJA,2013,05,15,0.0,-999,-999
104061,BORJA,2013,05,16,5.0,-999,-999
104061,BORJA,2013,05,17,26.0,-999,-999
104061,BORJA,2013,05,18,0.0,-999,-999
104061,BORJA,2013,05,19,18.0,-999,-999
104061,BORJA,2013,05,20,130.0,-999,-999
104061,BORJA,2013,05,21,0.0,-999,-999
104061,BORJA,2013,05,22,0.0,-999,-999
104061,BORJA,2013,05,23,17.0,-999,-999
104061,BORJA,2013,05,24,0.0,-999,-999
104061,BORJA,2013,05,25,10.0,-999,-999
104061,BORJA,2013,05,26,0.0,-999,-999
104061,BORJA,2013,05,27,0.0,-999,-999
104061,BORJA,2013,05,28,5.0,-999,-999
104061,BORJA,2013,05,29,0.0,-999,-999
104061,BORJA,2013,05,30,7.0,-999,-999
104061,BORJA,2013,05,31,0.0,-999,-999
104061,BORJA,2013,06,01,37.0,-999,-999
104061,BORJA,2013,06,02,0.0,-999,-999
104061,BORJA,2013,06,03,0.0,-999,-999
104061,BORJA,2013,06,04,0.0,-999,-999
104061,BORJA,2013,06,05,0.0,-999,-999
104061,BORJA,2013,06,06,3.0,-999,-999
104061,BORJA,2013,06,07,0.0,-999,-999
104061,BORJA,2013,06,08,20.0,-999,-999
104061,BORJA,2013,06,09,0.0,-999,-999
104061,BORJA,2013,06,10,0.0,-999,-999
104061,BORJA,2013,06,11,0.0,-999,-999
104061,BORJA,2013,06,12,17.0,-999,-999
104061,BORJA,2013,06,13,0.0,-999,-999
104061,BORJA,2013,06,14,0.0,-999,-999
104061,BORJA,2013,06,15,0.0,-999,-999
104061,BORJA,2013,06,16,0.0,-999,-999
104061,BORJA,2013,06,17,19.0,-999,-999
104061,BORJA,2013,06,18,10.0,-999,-999
104061,BORJA,2013,06,19,38.0,-999,-999
104061,BORJA,2013,06,20,0.0,-999,-999
104061,BORJA,2013,06,21,0.0,-999,-999
104061,BORJA,2013,06,22,0.0,-999,-999
104061,BORJA,2013,06,23,0.0,-999,-999
104061,BORJA,2013,06,24,0.0,-999,-999
104061,BORJA,2013,06,25,29.0,-999,-999
104061,BORJA,2013,06,26,0.0,-999,-999
104061,BORJA,2013,06,27,0.0,-999,-999
104061,BORJA,2013,06,28,0.0,-999,-999
104061,BORJA,2013,06,29,14.0,-999,-999
104061,BORJA,2013,06,30,38.0,-999,-999
104061,BORJA,2013,07,01,0.0,-999,-999
104061,BORJA,2013,07,02,10.0,-999,-999
104061,BORJA,2013,07,03,0.0,-999,-999
104061,BORJA,2013,07,04,0.0,-999,-999
104061,BORJA,2013,07,05,0.0,-999,-999
104061,BORJA,2013,07,06,0.0,-999,-999
104061,BORJA,2013,07,07,30.0,-999,-999
104061,BORJA,2013,07,08,6.0,-999,-999
104061,BORJA,2013,07,09,0.0,-999,-999
104061,BORJA,2013,07,10,0.0,-999,-999
104061,BORJA,2013,07,11,0.0,-999,-999
104061,BORJA,2013,07,12,0.0,-999,-999
104061,BORJA,2013,07,13,8.0,-999,-999
104061,BORJA,2013,07,14,10.0,-999,-999
104061,BORJA,2013,07,15,0.0,-999,-999
104061,BORJA,2013,07,16,28.0,-999,-999
104061,BORJA,2013,07,17,0.0,-999,-999
104061,BORJA,2013,07,18,0.0,-999,-999
104061,BORJA,2013,07,19,0.0,-999,-999
104061,BORJA,2013,07,20,3.0,-999,-999
104061,BORJA,2013,07,21,0.0,-999,-999
104061,BORJA,2013,07,22,0.0,-999,-999
104061,BORJA,2013,07,23,0.0,-999,-999
104061,BORJA,2013,07,24,9.0,-999,-999
104061,BORJA,2013,07,25,0.0,-999,-999
104061,BORJA,2013,07,26,0.0,-999,-999
104061,BORJA,2013,07,27,0.0,-999,-999
104061,BORJA,2013,07,28,0.0,-999,-999
104061,BORJA,2013,07,29,0.0,-999,-999
104061,BORJA,2013,07,30,3.0,-999,-999
104061,BORJA,2013,07,31,0.0,-999,-999
104061,BORJA,2013,08,01,0.0,-999,-999
104061,BORJA,2013,08,02,28.0,-999,-999
104061,BORJA,2013,08,03,0.0,-999,-999
104061,BORJA,2013,08,04,0.0,-999,-999
104061,BORJA,2013,08,05,0.0,-999,-999
104061,BORJA,2013,08,06,25.5,-999,-999
104061,BORJA,2013,08,07,0.0,-999,-999
104061,BORJA,2013,08,08,0.0,-999,-999
104061,BORJA,2013,08,09,20.0,-999,-999
104061,BORJA,2013,08,10,36.4,-999,-999
104061,BORJA,2013,08,11,5.0,-999,-999
104061,BORJA,2013,08,12,0.0,-999,-999
104061,BORJA,2013,08,13,0.0,-999,-999
104061,BORJA,2013,08,14,44.0,-999,-999
104061,BORJA,2013,08,15,6.0,-999,-999
104061,BORJA,2013,08,16,0.0,-999,-999
104061,BORJA,2013,08,17,0.0,-999,-999
104061,BORJA,2013,08,18,0.0,-999,-999
104061,BORJA,2013,08,19,0.0,-999,-999
104061,BORJA,2013,08,20,54.0,-999,-999
104061,BORJA,2013,08,21,0.0,-999,-999
104061,BORJA,2013,08,22,0.0,-999,-999
104061,BORJA,2013,08,23,28.2,-999,-999
104061,BORJA,2013,08,24,0.0,-999,-999
104061,BORJA,2013,08,25,0.0,-999,-999
104061,BORJA,2013,08,26,24.2,-999,-999
104061,BORJA,2013,08,27,0.0,-999,-999
104061,BORJA,2013,08,28,0.0,-999,-999
104061,BORJA,2013,08,29,0.0,-999,-999
104061,BORJA,2013,08,30,0.0,-999,-999
104061,BORJA,2013,08,31,0.0,-999,-999
104061,BORJA,2013,09,01,0.0,-999,-999
104061,BORJA,2013,09,02,0.0,-999,-999
104061,BORJA,2013,09,03,0.0,-999,-999
104061,BORJA,2013,09,04,37.0,-999,-999
104061,BORJA,2013,09,05,0.0,-999,-999
104061,BORJA,2013,09,06,0.0,-999,-999
104061,BORJA,2013,09,07,0.0,-999,-999
104061,BORJA,2013,09,08,0.0,-999,-999
104061,BORJA,2013,09,09,0.0,-999,-999
104061,BORJA,2013,09,10,10.0,-999,-999
104061,BORJA,2013,09,11,0.0,-999,-999
104061,BORJA,2013,09,12,0.0,-999,-999
104061,BORJA,2013,09,13,0.0,-999,-999
104061,BORJA,2013,09,14,36.4,-999,-999
104061,BORJA,2013,09,15,16.5,-999,-999
104061,BORJA,2013,09,16,0.0,-999,-999
104061,BORJA,2013,09,17,0.0,-999,-999
104061,BORJA,2013,09,18,80.5,-999,-999
104061,BORJA,2013,09,19,2.0,-999,-999
104061,BORJA,2013,09,20,0.0,-999,-999
104061,BORJA,2013,09,21,0.0,-999,-999
104061,BORJA,2013,09,22,0.0,-999,-999
104061,BORJA,2013,09,23,0.0,-999,-999
104061,BORJA,2013,09,24,10.0,-999,-999
104061,BORJA,2013,09,25,0.0,-999,-999
104061,BORJA,2013,09,26,0.0,-999,-999
104061,BORJA,2013,09,27,0.0,-999,-999
104061,BORJA,2013,09,28,0.0,-999,-999
104061,BORJA,2013,09,29,0.0,-999,-999
104061,BORJA,2013,09,30,0.0,-999,-999
104061,BORJA,2013,10,01,0.0,-999,-999
104061,BORJA,2013,10,02,0.0,-999,-999
104061,BORJA,2013,10,03,0.0,-999,-999
104061,BORJA,2013,10,04,0.0,-999,-999
104061,BORJA,2013,10,05,0.0,-999,-999
104061,BORJA,2013,10,06,0.0,-999,-999
104061,BORJA,2013,10,07,0.0,-999,-999
104061,BORJA,2013,10,08,0.0,-999,-999
104061,BORJA,2013,10,09,0.0,-999,-999
104061,BORJA,2013,10,10,20.7,-999,-999
104061,BORJA,2013,10,11,0.0,-999,-999
104061,BORJA,2013,10,12,0.0,-999,-999
104061,BORJA,2013,10,13,5.0,-999,-999
104061,BORJA,2013,10,14,33.5,-999,-999
104061,BORJA,2013,10,15,0.0,-999,-999
104061,BORJA,2013,10,16,60.7,-999,-999
104061,BORJA,2013,10,17,23.5,-999,-999
104061,BORJA,2013,10,18,23.6,-999,-999
104061,BORJA,2013,10,19,0.0,-999,-999
104061,BORJA,2013,10,20,0.0,-999,-999
104061,BORJA,2013,10,21,0.0,-999,-999
104061,BORJA,2013,10,22,3.0,-999,-999
104061,BORJA,2013,10,23,12.5,-999,-999
104061,BORJA,2013,10,24,48.7,-999,-999
104061,BORJA,2013,10,25,25.5,-999,-999
104061,BORJA,2013,10,26,0.0,-999,-999
104061,BORJA,2013,10,27,0.0,-999,-999
104061,BORJA,2013,10,28,17.0,-999,-999
104061,BORJA,2013,10,29,5.0,-999,-999
104061,BORJA,2013,10,30,30.7,-999,-999
104061,BORJA,2013,10,31,0.0,-999,-999
104061,BORJA,2013,11,01,0.0,-999,-999
104061,BORJA,2013,11,02,0.0,-999,-999
104061,BORJA,2013,11,03,0.0,-999,-999
104061,BORJA,2013,11,04,0.0,-999,-999
104061,BORJA,2013,11,05,5.3,-999,-999
104061,BORJA,2013,11,06,0.0,-999,-999
104061,BORJA,2013,11,07,7.0,-999,-999
104061,BORJA,2013,11,08,10.0,-999,-999
104061,BORJA,2013,11,09,25.7,-999,-999
104061,BORJA,2013,11,10,0.0,-999,-999
104061,BORJA,2013,11,11,0.0,-999,-999
104061,BORJA,2013,11,12,0.0,-999,-999
104061,BORJA,2013,11,13,6.5,-999,-999
104061,BORJA,2013,11,14,13.4,-999,-999
104061,BORJA,2013,11,15,0.0,-999,-999
104061,BORJA,2013,11,16,0.0,-999,-999
104061,BORJA,2013,11,17,0.0,-999,-999
104061,BORJA,2013,11,18,0.0,-999,-999
104061,BORJA,2013,11,19,0.0,-999,-999
104061,BORJA,2013,11,20,35.7,-999,-999
104061,BORJA,2013,11,21,15.0,-999,-999
104061,BORJA,2013,11,22,0.0,-999,-999
104061,BORJA,2013,11,23,10.5,-999,-999
104061,BORJA,2013,11,24,33.0,-999,-999
104061,BORJA,2013,11,25,18.5,-999,-999
104061,BORJA,2013,11,26,63.3,-999,-999
104061,BORJA,2013,11,27,0.0,-999,-999
104061,BORJA,2013,11,28,15.4,-999,-999
104061,BORJA,2013,11,29,6.3,-999,-999
104061,BORJA,2013,11,30,40.5,-999,-999
104061,BORJA,2013,12,01,0.0,-999,-999
104061,BORJA,2013,12,02,0.0,-999,-999
104061,BORJA,2013,12,03,0.0,-999,-999
104061,BORJA,2013,12,04,56.0,-999,-999
104061,BORJA,2013,12,05,28.0,-999,-999
104061,BORJA,2013,12,06,0.0,-999,-999
104061,BORJA,2013,12,07,0.0,-999,-999
104061,BORJA,2013,12,08,0.0,-999,-999
104061,BORJA,2013,12,09,0.0,-999,-999
104061,BORJA,2013,12,10,0.0,-999,-999
104061,BORJA,2013,12,11,0.0,-999,-999
104061,BORJA,2013,12,12,28.7,-999,-999
104061,BORJA,2013,12,13,0.0,-999,-999
104061,BORJA,2013,12,14,0.0,-999,-999
104061,BORJA,2013,12,15,16.3,-999,-999
104061,BORJA,2013,12,16,5.3,-999,-999
104061,BORJA,2013,12,17,0.0,-999,-999
104061,BORJA,2013,12,18,0.0,-999,-999
104061,BORJA,2013,12,19,0.0,-999,-999
104061,BORJA,2013,12,20,3.3,-999,-999
104061,BORJA,2013,12,21,0.0,-999,-999
104061,BORJA,2013,12,22,0.0,-999,-999
104061,BORJA,2013,12,23,0.0,-999,-999
104061,BORJA,2013,12,24,3.0,-999,-999
104061,BORJA,2013,12,25,14.8,-999,-999
104061,BORJA,2013,12,26,0.0,-999,-999
104061,BORJA,2013,12,27,0.0,-999,-999
104061,BORJA,2013,12,28,5.5,-999,-999
104061,BORJA,2013,12,29,3.0,-999,-999
104061,BORJA,2013,12,30,7.5,-999,-999
104061,BORJA,2013,12,31,35.7,-999,-999
104061,BORJA,2014,01,01,4.0,-999,-999
104061,BORJA,2014,01,02,0.0,-999,-999
104061,BORJA,2014,01,03,20.8,-999,-999
104061,BORJA,2014,01,04,4.5,-999,-999
104061,BORJA,2014,01,05,20.3,-999,-999
104061,BORJA,2014,01,06,0.0,-999,-999
104061,BORJA,2014,01,07,8.5,-999,-999
104061,BORJA,2014,01,08,12.6,-999,-999
104061,BORJA,2014,01,09,0.0,-999,-999
104061,BORJA,2014,01,10,20.0,-999,-999
104061,BORJA,2014,01,11,0.0,-999,-999
104061,BORJA,2014,01,12,0.0,-999,-999
104061,BORJA,2014,01,13,0.0,-999,-999
104061,BORJA,2014,01,14,9.0,-999,-999
104061,BORJA,2014,01,15,0.0,-999,-999
104061,BORJA,2014,01,16,0.0,-999,-999
104061,BORJA,2014,01,17,0.0,-999,-999
104061,BORJA,2014,01,18,28.0,-999,-999
104061,BORJA,2014,01,19,0.0,-999,-999
104061,BORJA,2014,01,20,0.0,-999,-999
104061,BORJA,2014,01,21,0.0,-999,-999
104061,BORJA,2014,01,22,0.0,-999,-999
104061,BORJA,2014,01,23,0.0,-999,-999
104061,BORJA,2014,01,24,0.0,-999,-999
104061,BORJA,2014,01,25,0.0,-999,-999
104061,BORJA,2014,01,26,7.0,-999,-999
104061,BORJA,2014,01,27,12.0,-999,-999
104061,BORJA,2014,01,28,0.0,-999,-999
104061,BORJA,2014,01,29,0.0,-999,-999
104061,BORJA,2014,01,30,15.5,-999,-999
104061,BORJA,2014,01,31,10.5,-999,-999
104061,BORJA,2014,02,01,15.0,-999,-999
104061,BORJA,2014,02,02,0.0,-999,-999
104061,BORJA,2014,02,03,0.0,-999,-999
104061,BORJA,2014,02,04,84.5,-999,-999
104061,BORJA,2014,02,05,78.8,-999,-999
104061,BORJA,2014,02,06,0.0,-999,-999
104061,BORJA,2014,02,07,6.5,-999,-999
104061,BORJA,2014,02,08,3.0,-999,-999
104061,BORJA,2014,02,09,0.0,-999,-999
104061,BORJA,2014,02,10,6.0,-999,-999
104061,BORJA,2014,02,11,0.0,-999,-999
104061,BORJA,2014,02,12,0.0,-999,-999
104061,BORJA,2014,02,13,0.0,-999,-999
104061,BORJA,2014,02,14,30.0,-999,-999
104061,BORJA,2014,02,15,35.0,-999,-999
104061,BORJA,2014,02,16,0.0,-999,-999
104061,BORJA,2014,02,17,0.0,-999,-999
104061,BORJA,2014,02,18,5.0,-999,-999
104061,BORJA,2014,02,19,35.0,-999,-999
104061,BORJA,2014,02,20,0.0,-999,-999
104061,BORJA,2014,02,21,12.0,-999,-999
104061,BORJA,2014,02,22,20.0,-999,-999
104061,BORJA,2014,02,23,4.5,-999,-999
104061,BORJA,2014,02,24,0.0,-999,-999
104061,BORJA,2014,02,25,0.0,-999,-999
104061,BORJA,2014,02,26,0.0,-999,-999
104061,BORJA,2014,02,27,0.0,-999,-999
104061,BORJA,2014,02,28,0.0,-999,-999
104061,BORJA,2014,03,01,70.0,-999,-999
104061,BORJA,2014,03,02,8.0,-999,-999
104061,BORJA,2014,03,03,0.0,-999,-999
104061,BORJA,2014,03,04,0.0,-999,-999
104061,BORJA,2014,03,05,0.0,-999,-999
104061,BORJA,2014,03,06,0.0,-999,-999
104061,BORJA,2014,03,07,10.5,-999,-999
104061,BORJA,2014,03,08,17.6,-999,-999
104061,BORJA,2014,03,09,30.8,-999,-999
104061,BORJA,2014,03,10,15.0,-999,-999
104061,BORJA,2014,03,11,0.0,-999,-999
104061,BORJA,2014,03,12,25.0,-999,-999
104061,BORJA,2014,03,13,25.7,-999,-999
104061,BORJA,2014,03,14,0.0,-999,-999
104061,BORJA,2014,03,15,0.0,-999,-999
104061,BORJA,2014,03,16,112.0,-999,-999
104061,BORJA,2014,03,17,73.0,-999,-999
104061,BORJA,2014,03,18,4.5,-999,-999
104061,BORJA,2014,03,19,18.5,-999,-999
104061,BORJA,2014,03,20,11.4,-999,-999
104061,BORJA,2014,03,21,0.0,-999,-999
104061,BORJA,2014,03,22,3.5,-999,-999
104061,BORJA,2014,03,23,7.0,-999,-999
104061,BORJA,2014,03,24,4.3,-999,-999
104061,BORJA,2014,03,25,0.0,-999,-999
104061,BORJA,2014,03,26,35.5,-999,-999
104061,BORJA,2014,03,27,20.3,-999,-999
104061,BORJA,2014,03,28,0.0,-999,-999
104061,BORJA,2014,03,29,3.0,-999,-999
104061,BORJA,2014,03,30,0.0,-999,-999
104061,BORJA,2014,03,31,0.0,-999,-999
104061,BORJA,2014,04,01,28.0,-999,-999
104061,BORJA,2014,04,02,7.3,-999,-999
104061,BORJA,2014,04,03,0.0,-999,-999
104061,BORJA,2014,04,04,38.5,-999,-999
104061,BORJA,2014,04,05,0.0,-999,-999
104061,BORJA,2014,04,06,36.7,-999,-999
104061,BORJA,2014,04,07,30.5,-999,-999
104061,BORJA,2014,04,08,3.6,-999,-999
104061,BORJA,2014,04,09,0.0,-999,-999
104061,BORJA,2014,04,10,0.0,-999,-999
104061,BORJA,2014,04,11,0.0,-999,-999
104061,BORJA,2014,04,12,0.0,-999,-999
104061,BORJA,2014,04,13,0.0,-999,-999
104061,BORJA,2014,04,14,0.0,-999,-999
104061,BORJA,2014,04,15,0.0,-999,-999
104061,BORJA,2014,04,16,8.7,-999,-999
104061,BORJA,2014,04,17,16.5,-999,-999
104061,BORJA,2014,04,18,4.5,-999,-999
104061,BORJA,2014,04,19,30.6,-999,-999
104061,BORJA,2014,04,20,5.0,-999,-999
104061,BORJA,2014,04,21,25.0,-999,-999
104061,BORJA,2014,04,22,29.0,-999,-999
104061,BORJA,2014,04,23,0.0,-999,-999
104061,BORJA,2014,04,24,30.0,-999,-999
104061,BORJA,2014,04,25,43.5,-999,-999
104061,BORJA,2014,04,26,0.0,-999,-999
104061,BORJA,2014,04,27,0.0,-999,-999
104061,BORJA,2014,04,28,48.3,-999,-999
104061,BORJA,2014,04,29,3.4,-999,-999
104061,BORJA,2014,04,30,0.0,-999,-999
104061,BORJA,2014,05,01,0.0,-999,-999
104061,BORJA,2014,05,02,0.0,-999,-999
104061,BORJA,2014,05,03,0.0,-999,-999
104061,BORJA,2014,05,04,0.0,-999,-999
104061,BORJA,2014,05,05,0.0,-999,-999
104061,BORJA,2014,05,06,40.5,-999,-999
104061,BORJA,2014,05,07,0.0,-999,-999
104061,BORJA,2014,05,08,0.0,-999,-999
104061,BORJA,2014,05,09,46.2,-999,-999
104061,BORJA,2014,05,10,20.0,-999,-999
104061,BORJA,2014,05,11,35.0,-999,-999
104061,BORJA,2014,05,12,16.5,-999,-999
104061,BORJA,2014,05,13,15.0,-999,-999
104061,BORJA,2014,05,14,14.0,-999,-999
104061,BORJA,2014,05,15,0.0,-999,-999
104061,BORJA,2014,05,16,0.0,-999,-999
104061,BORJA,2014,05,17,18.5,-999,-999
104061,BORJA,2014,05,18,0.0,-999,-999
104061,BORJA,2014,05,19,17.1,-999,-999
104061,BORJA,2014,05,20,21.7,-999,-999
104061,BORJA,2014,05,21,19.6,-999,-999
104061,BORJA,2014,05,22,0.0,-999,-999
104061,BORJA,2014,05,23,25.9,-999,-999
104061,BORJA,2014,05,24,0.0,-999,-999
104061,BORJA,2014,05,25,0.0,-999,-999
104061,BORJA,2014,05,26,81.0,-999,-999
104061,BORJA,2014,05,27,20.0,-999,-999
104061,BORJA,2014,05,28,0.0,-999,-999
104061,BORJA,2014,05,29,0.0,-999,-999
104061,BORJA,2014,05,30,0.0,-999,-999
104061,BORJA,2014,05,31,0.0,-999,-999
104061,BORJA,2014,06,01,40.0,-999,-999
104061,BORJA,2014,06,02,0.0,-999,-999
104061,BORJA,2014,06,03,0.0,-999,-999
104061,BORJA,2014,06,04,8.5,-999,-999
104061,BORJA,2014,06,05,0.0,-999,-999
104061,BORJA,2014,06,06,0.0,-999,-999
104061,BORJA,2014,06,07,0.0,-999,-999
104061,BORJA,2014,06,08,0.0,-999,-999
104061,BORJA,2014,06,09,0.0,-999,-999
104061,BORJA,2014,06,10,0.0,-999,-999
104061,BORJA,2014,06,11,0.0,-999,-999
104061,BORJA,2014,06,12,0.0,-999,-999
104061,BORJA,2014,06,13,19.9,-999,-999
104061,BORJA,2014,06,14,10.0,-999,-999
104061,BORJA,2014,06,15,20.0,-999,-999
104061,BORJA,2014,06,16,0.0,-999,-999
104061,BORJA,2014,06,17,0.0,-999,-999
104061,BORJA,2014,06,18,5.0,-999,-999
104061,BORJA,2014,06,19,0.0,-999,-999
104061,BORJA,2014,06,20,10.0,-999,-999
104061,BORJA,2014,06,21,0.0,-999,-999
104061,BORJA,2014,06,22,0.0,-999,-999
104061,BORJA,2014,06,23,7.4,-999,-999
104061,BORJA,2014,06,24,0.0,-999,-999
104061,BORJA,2014,06,25,0.0,-999,-999
104061,BORJA,2014,06,26,10.0,-999,-999
104061,BORJA,2014,06,27,5.0,-999,-999
104061,BORJA,2014,06,28,0.0,-999,-999
104061,BORJA,2014,06,29,12.0,-999,-999
104061,BORJA,2014,06,30,20.0,-999,-999
104061,BORJA,2014,07,01,8.0,-999,-999
104061,BORJA,2014,07,02,0.0,-999,-999
104061,BORJA,2014,07,03,5.0,-999,-999
104061,BORJA,2014,07,04,10.0,-999,-999
104061,BORJA,2014,07,05,3.0,-999,-999
104061,BORJA,2014,07,06,0.0,-999,-999
104061,BORJA,2014,07,07,12.0,-999,-999
104061,BORJA,2014,07,08,40.8,-999,-999
104061,BORJA,2014,07,09,10.5,-999,-999
104061,BORJA,2014,07,10,0.0,-999,-999
104061,BORJA,2014,07,11,0.0,-999,-999
104061,BORJA,2014,07,12,0.0,-999,-999
104061,BORJA,2014,07,13,0.0,-999,-999
104061,BORJA,2014,07,14,10.8,-999,-999
104061,BORJA,2014,07,15,0.0,-999,-999
104061,BORJA,2014,07,16,5.0,-999,-999
104061,BORJA,2014,07,17,25.0,-999,-999
104061,BORJA,2014,07,18,40.3,-999,-999
104061,BORJA,2014,07,19,45.5,-999,-999
104061,BORJA,2014,07,20,0.0,-999,-999
104061,BORJA,2014,07,21,0.0,-999,-999
104061,BORJA,2014,07,22,0.0,-999,-999
104061,BORJA,2014,07,23,-999,-999,-999
104061,BORJA,2014,07,24,0.0,-999,-999
104061,BORJA,2014,07,25,0.0,-999,-999
104061,BORJA,2014,07,26,13.4,-999,-999
104061,BORJA,2014,07,27,10.7,-999,-999
104061,BORJA,2014,07,28,0.0,-999,-999
104061,BORJA,2014,07,29,0.0,-999,-999
104061,BORJA,2014,07,30,0.0,-999,-999
104061,BORJA,2014,07,31,0.0,-999,-999
104061,BORJA,2014,08,01,0.0,-999,-999
104061,BORJA,2014,08,02,0.0,-999,-999
104061,BORJA,2014,08,03,5.0,-999,-999
104061,BORJA,2014,08,04,0.0,-999,-999
104061,BORJA,2014,08,05,0.0,-999,-999
104061,BORJA,2014,08,06,0.0,-999,-999
104061,BORJA,2014,08,07,42.8,-999,-999
104061,BORJA,2014,08,08,19.7,-999,-999
104061,BORJA,2014,08,09,0.0,-999,-999
104061,BORJA,2014,08,10,0.0,-999,-999
104061,BORJA,2014,08,11,80.9,-999,-999
104061,BORJA,2014,08,12,0.0,-999,-999
104061,BORJA,2014,08,13,0.0,-999,-999
104061,BORJA,2014,08,14,0.0,-999,-999
104061,BORJA,2014,08,15,0.0,-999,-999
104061,BORJA,2014,08,16,0.0,-999,-999
104061,BORJA,2014,08,17,0.0,-999,-999
104061,BORJA,2014,08,18,0.0,-999,-999
104061,BORJA,2014,08,19,0.0,-999,-999
104061,BORJA,2014,08,20,0.0,-999,-999
104061,BORJA,2014,08,21,0.0,-999,-999
104061,BORJA,2014,08,22,0.0,-999,-999
104061,BORJA,2014,08,23,0.0,-999,-999
104061,BORJA,2014,08,24,0.0,-999,-999
104061,BORJA,2014,08,25,10.0,-999,-999
104061,BORJA,2014,08,26,15.5,-999,-999
104061,BORJA,2014,08,27,17.4,-999,-999
104061,BORJA,2014,08,28,7.3,-999,-999
104061,BORJA,2014,08,29,28.8,-999,-999
104061,BORJA,2014,08,30,7.0,-999,-999
104061,BORJA,2014,08,31,0.0,-999,-999
104061,BORJA,2014,09,01,15.0,-999,-999
104061,BORJA,2014,09,02,0.0,-999,-999
104061,BORJA,2014,09,03,15.7,-999,-999
104061,BORJA,2014,09,04,8.5,-999,-999
104061,BORJA,2014,09,05,0.0,-999,-999
104061,BORJA,2014,09,06,4.0,-999,-999
104061,BORJA,2014,09,07,32.4,-999,-999
104061,BORJA,2014,09,08,0.0,-999,-999
104061,BORJA,2014,09,09,5.0,-999,-999
104061,BORJA,2014,09,10,35.8,-999,-999
104061,BORJA,2014,09,11,60.5,-999,-999
104061,BORJA,2014,09,12,10.0,-999,-999
104061,BORJA,2014,09,13,7.0,-999,-999
104061,BORJA,2014,09,14,15.2,-999,-999
104061,BORJA,2014,09,15,0.0,-999,-999
104061,BORJA,2014,09,16,0.0,-999,-999
104061,BORJA,2014,09,17,0.0,-999,-999
104061,BORJA,2014,09,18,12.7,-999,-999
104061,BORJA,2014,09,19,5.0,-999,-999
104061,BORJA,2014,09,20,10.3,-999,-999
104061,BORJA,2014,09,21,8.0,-999,-999
104061,BORJA,2014,09,22,20.5,-999,-999
104061,BORJA,2014,09,23,0.0,-999,-999
104061,BORJA,2014,09,24,0.0,-999,-999
104061,BORJA,2014,09,25,0.0,-999,-999
104061,BORJA,2014,09,26,0.0,-999,-999
104061,BORJA,2014,09,27,0.0,-999,-999
104061,BORJA,2014,09,28,0.0,-999,-999
104061,BORJA,2014,09,29,0.0,-999,-999
104061,BORJA,2014,09,30,0.0,-999,-999
104061,BORJA,2014,10,01,10.0,-999,-999
104061,BORJA,2014,10,02,8.5,-999,-999
104061,BORJA,2014,10,03,18.0,-999,-999
104061,BORJA,2014,10,04,0.0,-999,-999
104061,BORJA,2014,10,05,0.0,-999,-999
104061,BORJA,2014,10,06,15.5,-999,-999
104061,BORJA,2014,10,07,12.0,-999,-999
104061,BORJA,2014,10,08,0.0,-999,-999
104061,BORJA,2014,10,09,7.0,-999,-999
104061,BORJA,2014,10,10,9.0,-999,-999
104061,BORJA,2014,10,11,30.8,-999,-999
104061,BORJA,2014,10,12,18.0,-999,-999
104061,BORJA,2014,10,13,0.0,-999,-999
104061,BORJA,2014,10,14,0.0,-999,-999
104061,BORJA,2014,10,15,0.0,-999,-999
104061,BORJA,2014,10,16,10.0,-999,-999
104061,BORJA,2014,10,17,0.0,-999,-999
104061,BORJA,2014,10,18,0.0,-999,-999
104061,BORJA,2014,10,19,0.0,-999,-999
104061,BORJA,2014,10,20,6.0,-999,-999
104061,BORJA,2014,10,21,15.0,-999,-999
104061,BORJA,2014,10,22,0.0,-999,-999
104061,BORJA,2014,10,23,30.7,-999,-999
104061,BORJA,2014,10,24,16.3,-999,-999
104061,BORJA,2014,10,25,0.0,-999,-999
104061,BORJA,2014,10,26,0.0,-999,-999
104061,BORJA,2014,10,27,20.0,-999,-999
104061,BORJA,2014,10,28,0.0,-999,-999
104061,BORJA,2014,10,29,0.0,-999,-999
104061,BORJA,2014,10,30,0.0,-999,-999
104061,BORJA,2014,10,31,0.0,-999,-999
104061,BORJA,2014,11,01,83.5,-999,-999
104061,BORJA,2014,11,02,22.5,-999,-999
104061,BORJA,2014,11,03,12.5,-999,-999
104061,BORJA,2014,11,04,8.6,-999,-999
104061,BORJA,2014,11,05,10.0,-999,-999
104061,BORJA,2014,11,06,15.4,-999,-999
104061,BORJA,2014,11,07,0.0,-999,-999
104061,BORJA,2014,11,08,47.9,-999,-999
104061,BORJA,2014,11,09,0.0,-999,-999
104061,BORJA,2014,11,10,0.0,-999,-999
104061,BORJA,2014,11,11,0.0,-999,-999
104061,BORJA,2014,11,12,0.0,-999,-999
104061,BORJA,2014,11,13,5.0,-999,-999
104061,BORJA,2014,11,14,65.4,-999,-999
104061,BORJA,2014,11,15,0.0,-999,-999
104061,BORJA,2014,11,16,10.0,-999,-999
104061,BORJA,2014,11,17,8.5,-999,-999
104061,BORJA,2014,11,18,0.0,-999,-999
104061,BORJA,2014,11,19,0.0,-999,-999
104061,BORJA,2014,11,20,0.0,-999,-999
104061,BORJA,2014,11,21,0.0,-999,-999
104061,BORJA,2014,11,22,33.6,-999,-999
104061,BORJA,2014,11,23,0.0,-999,-999
104061,BORJA,2014,11,24,10.6,-999,-999
104061,BORJA,2014,11,25,27.5,-999,-999
104061,BORJA,2014,11,26,12.0,-999,-999
104061,BORJA,2014,11,27,5.5,-999,-999
104061,BORJA,2014,11,28,18.0,-999,-999
104061,BORJA,2014,11,29,73.8,-999,-999
104061,BORJA,2014,11,30,-999,-999,-999
104061,BORJA,2014,12,01,-999,-999,-999
104061,BORJA,2016,11,01,0.0,-999,-999
104061,BORJA,2016,11,02,15.5,-999,-999
104061,BORJA,2016,11,03,28.0,-999,-999
104061,BORJA,2016,11,04,0.0,-999,-999
104061,BORJA,2016,11,05,5.0,-999,-999
104061,BORJA,2016,11,06,0.0,-999,-999
104061,BORJA,2016,11,07,0.0,-999,-999
104061,BORJA,2016,11,08,0.0,-999,-999
104061,BORJA,2016,11,09,0.0,-999,-999
104061,BORJA,2016,11,10,0.0,-999,-999
104061,BORJA,2016,11,11,10.0,-999,-999
104061,BORJA,2016,11,12,8.0,-999,-999
104061,BORJA,2016,11,13,0.0,-999,-999
104061,BORJA,2016,11,14,0.0,-999,-999
104061,BORJA,2016,11,15,0.0,-999,-999
104061,BORJA,2016,11,16,0.0,-999,-999
104061,BORJA,2016,11,17,0.0,-999,-999
104061,BORJA,2016,11,18,5.0,-999,-999
104061,BORJA,2016,11,19,0.0,-999,-999
104061,BORJA,2016,11,20,0.0,-999,-999
104061,BORJA,2016,11,21,0.0,-999,-999
104061,BORJA,2016,11,22,0.0,-999,-999
104061,BORJA,2016,11,23,0.0,-999,-999
104061,BORJA,2016,11,24,0.0,-999,-999
104061,BORJA,2016,11,25,10.5,-999,-999
104061,BORJA,2016,11,26,0.0,-999,-999
104061,BORJA,2016,11,27,23.0,-999,-999
104061,BORJA,2016,11,28,12.8,-999,-999
104061,BORJA,2016,11,29,13.0,-999,-999
104061,BORJA,2016,11,30,12.0,-999,-999
104061,BORJA,2017,06,01,22.3,-999,-999
104061,BORJA,2017,06,02,72.7,-999,-999
104061,BORJA,2017,06,03,42.2,-999,-999
104061,BORJA,2017,06,04,3.7,-999,-999
104061,BORJA,2017,06,05,27.0,-999,-999
104061,BORJA,2017,06,06,0.0,-999,-999
104061,BORJA,2017,06,07,0.0,-999,-999
104061,BORJA,2017,06,08,11.3,-999,-999
104061,BORJA,2017,06,09,31.8,-999,-999
104061,BORJA,2017,06,10,18.4,-999,-999
104061,BORJA,2017,06,11,1.2,-999,-999
104061,BORJA,2017,06,12,35.0,-999,-999
104061,BORJA,2017,06,13,17.3,-999,-999
104061,BORJA,2017,06,14,50.8,-999,-999
104061,BORJA,2017,06,15,0.1,-999,-999
104061,BORJA,2017,06,16,0.0,-999,-999
104061,BORJA,2017,06,17,0.0,-999,-999
104061,BORJA,2017,06,18,0.0,-999,-999
104061,BORJA,2017,06,19,46.7,-999,-999
104061,BORJA,2017,06,20,66.1,-999,-999
104061,BORJA,2017,06,21,45.7,-999,-999
104061,BORJA,2017,06,22,0.0,-999,-999
104061,BORJA,2017,06,23,0.0,-999,-999
104061,BORJA,2017,06,24,0.0,-999,-999
104061,BORJA,2017,06,25,0.0,-999,-999
104061,BORJA,2017,06,26,6.0,-999,-999
104061,BORJA,2017,06,27,1.1,-999,-999
104061,BORJA,2017,06,28,2.8,-999,-999
104061,BORJA,2017,06,29,5.4,-999,-999
104061,BORJA,2017,06,30,17.5,-999,-999
104061,BORJA,2017,08,01,0.0,-999,-999
104061,BORJA,2017,08,02,0.0,-999,-999
104061,BORJA,2017,08,03,0.0,-999,-999
104061,BORJA,2017,08,04,5.4,-999,-999
104061,BORJA,2017,08,05,19.3,-999,-999
104061,BORJA,2017,08,06,0.0,-999,-999
104061,BORJA,2017,08,07,5.6,-999,-999
104061,BORJA,2017,08,08,0.0,-999,-999
104061,BORJA,2017,08,09,0.0,-999,-999
104061,BORJA,2017,08,10,0.0,-999,-999
104061,BORJA,2017,08,11,0.0,-999,-999
104061,BORJA,2017,08,12,2.0,-999,-999
104061,BORJA,2017,08,13,2.4,-999,-999
104061,BORJA,2017,08,14,0.0,-999,-999
104061,BORJA,2017,08,15,0.0,-999,-999
104061,BORJA,2017,08,16,0.0,-999,-999
104061,BORJA,2017,08,17,2.3,-999,-999
104061,BORJA,2017,08,18,2.0,-999,-999
104061,BORJA,2017,08,19,0.0,-999,-999
104061,BORJA,2017,08,20,60.2,-999,-999
104061,BORJA,2017,08,21,42.0,-999,-999
104061,BORJA,2017,08,22,1.8,-999,-999
104061,BORJA,2017,08,23,0.0,-999,-999
104061,BORJA,2017,08,24,0.0,-999,-999
104061,BORJA,2017,08,25,16.5,-999,-999
104061,BORJA,2017,08,26,0.0,-999,-999
104061,BORJA,2017,08,27,23.4,-999,-999
104061,BORJA,2017,08,28,0.6,-999,-999
104061,BORJA,2017,08,29,0.0,-999,-999
104061,BORJA,2017,08,30,0.0,-999,-999
104061,BORJA,2017,08,31,0.0,-999,-999
104061,BORJA,2017,09,01,0.3,-999,-999
104061,BORJA,2017,09,02,0.2,-999,-999
104061,BORJA,2017,09,03,0.0,-999,-999
104061,BORJA,2017,09,04,0.0,-999,-999
104061,BORJA,2017,09,05,24.8,-999,-999
104061,BORJA,2017,09,06,1.4,-999,-999
104061,BORJA,2017,09,07,0.0,-999,-999
104061,BORJA,2017,09,08,54.1,-999,-999
104061,BORJA,2017,09,09,4.9,-999,-999
104061,BORJA,2017,09,10,0.0,-999,-999
104061,BORJA,2017,09,11,2.8,-999,-999
104061,BORJA,2017,09,12,0.8,-999,-999
104061,BORJA,2017,09,13,5.1,-999,-999
104061,BORJA,2017,09,14,5.0,-999,-999
104061,BORJA,2017,09,15,3.2,-999,-999
104061,BORJA,2017,09,16,116.0,-999,-999
104061,BORJA,2017,09,17,1.0,-999,-999
104061,BORJA,2017,09,18,0.0,-999,-999
104061,BORJA,2017,09,19,0.0,-999,-999
104061,BORJA,2017,09,20,0.0,-999,-999
104061,BORJA,2017,09,21,0.0,-999,-999
104061,BORJA,2017,09,22,55.7,-999,-999
104061,BORJA,2017,09,23,1.8,-999,-999
104061,BORJA,2017,09,24,20.4,-999,-999
104061,BORJA,2017,09,25,0.9,-999,-999
104061,BORJA,2017,09,26,0.0,-999,-999
104061,BORJA,2017,09,27,8.5,-999,-999
104061,BORJA,2017,09,28,1.5,-999,-999
104061,BORJA,2017,09,29,2.4,-999,-999
104061,BORJA,2017,09,30,30.6,-999,-999
104061,BORJA,2017,10,01,0.0,-999,-999
104061,BORJA,2017,10,02,0.2,-999,-999
104061,BORJA,2017,10,03,2.2,-999,-999
104061,BORJA,2017,10,04,39.0,-999,-999
104061,BORJA,2017,10,05,0.0,-999,-999
104061,BORJA,2017,10,06,0.0,-999,-999
104061,BORJA,2017,10,07,7.6,-999,-999
104061,BORJA,2017,10,08,0.0,-999,-999
104061,BORJA,2017,10,09,0.9,-999,-999
104061,BORJA,2017,10,10,0.3,-999,-999
104061,BORJA,2017,10,11,19.4,-999,-999
104061,BORJA,2017,10,12,0.0,-999,-999
104061,BORJA,2017,10,13,1.4,-999,-999
104061,BORJA,2017,10,14,2.5,-999,-999
104061,BORJA,2017,10,15,24.8,-999,-999
104061,BORJA,2017,10,16,0.0,-999,-999
104061,BORJA,2017,10,17,0.0,-999,-999
104061,BORJA,2017,10,18,0.0,-999,-999
104061,BORJA,2017,10,19,0.0,-999,-999
104061,BORJA,2017,10,20,7.1,-999,-999
104061,BORJA,2017,10,21,55.0,-999,-999
104061,BORJA,2017,10,22,37.5,-999,-999
104061,BORJA,2017,10,23,0.2,-999,-999
104061,BORJA,2017,10,24,0.4,-999,-999
104061,BORJA,2017,10,25,5.4,-999,-999
104061,BORJA,2017,10,26,0.0,-999,-999
104061,BORJA,2017,10,27,0.3,-999,-999
104061,BORJA,2017,10,28,18.8,-999,-999
104061,BORJA,2017,10,29,9.2,-999,-999
104061,BORJA,2017,10,30,0.0,-999,-999
104061,BORJA,2017,10,31,12.6,-999,-999
104061,BORJA,2017,11,01,7.9,-999,-999
104061,BORJA,2017,11,02,0.0,-999,-999
104061,BORJA,2017,11,03,50.6,-999,-999
104061,BORJA,2017,11,04,17.8,-999,-999
104061,BORJA,2017,11,05,17.8,-999,-999
104061,BORJA,2017,11,06,0.0,-999,-999
104061,BORJA,2017,11,07,0.0,-999,-999
104061,BORJA,2017,11,08,30.8,-999,-999
104061,BORJA,2017,11,09,1.6,-999,-999
104061,BORJA,2017,11,10,26.6,-999,-999
104061,BORJA,2017,11,11,0.0,-999,-999
104061,BORJA,2017,11,12,1.4,-999,-999
104061,BORJA,2017,11,13,25.8,-999,-999
104061,BORJA,2017,11,14,0.0,-999,-999
104061,BORJA,2017,11,15,0.0,-999,-999
104061,BORJA,2017,11,16,9.6,-999,-999
104061,BORJA,2017,11,17,47.7,-999,-999
104061,BORJA,2017,11,18,0.0,-999,-999
104061,BORJA,2017,11,19,0.0,-999,-999
104061,BORJA,2017,11,20,0.0,-999,-999
104061,BORJA,2017,11,21,0.0,-999,-999
104061,BORJA,2017,11,22,2.4,-999,-999
104061,BORJA,2017,11,23,0.9,-999,-999
104061,BORJA,2017,11,24,1.4,-999,-999
104061,BORJA,2017,11,25,0.0,-999,-999
104061,BORJA,2017,11,26,0.2,-999,-999
104061,BORJA,2017,11,27,46.6,-999,-999
104061,BORJA,2017,11,28,38.8,-999,-999
104061,BORJA,2017,11,29,10.3,-999,-999
104061,BORJA,2017,11,30,0.0,-999,-999
104061,BORJA,2017,12,01,0.0,-999,-999
104061,BORJA,2017,12,02,67.9,-999,-999
104061,BORJA,2017,12,03,8.7,-999,-999
104061,BORJA,2017,12,04,26.3,-999,-999
104061,BORJA,2017,12,05,0.2,-999,-999
104061,BORJA,2017,12,06,4.8,-999,-999
104061,BORJA,2017,12,07,0.4,-999,-999
104061,BORJA,2017,12,08,0.6,-999,-999
104061,BORJA,2017,12,09,39.4,-999,-999
104061,BORJA,2017,12,10,0.0,-999,-999
104061,BORJA,2017,12,11,0.0,-999,-999
104061,BORJA,2017,12,12,0.0,-999,-999
104061,BORJA,2017,12,13,0.0,-999,-999
104061,BORJA,2017,12,14,6.3,-999,-999
104061,BORJA,2017,12,15,0.3,-999,-999
104061,BORJA,2017,12,16,35.1,-999,-999
104061,BORJA,2017,12,17,0.3,-999,-999
104061,BORJA,2017,12,18,0.0,-999,-999
104061,BORJA,2017,12,19,0.0,-999,-999
104061,BORJA,2017,12,20,5.3,-999,-999
104061,BORJA,2017,12,21,13.2,-999,-999
104061,BORJA,2017,12,22,0.5,-999,-999
104061,BORJA,2017,12,23,2.9,-999,-999
104061,BORJA,2017,12,24,39.8,-999,-999
104061,BORJA,2017,12,25,0.3,-999,-999
104061,BORJA,2017,12,26,25.4,-999,-999
104061,BORJA,2017,12,27,30.7,-999,-999
104061,BORJA,2017,12,28,8.5,-999,-999
104061,BORJA,2017,12,29,0.9,-999,-999
104061,BORJA,2017,12,30,1.0,-999,-999
104061,BORJA,2017,12,31,14.9,-999,-999
104061,BORJA,2018,01,01,1.1,-999,-999
104061,BORJA,2018,01,02,0.0,-999,-999
104061,BORJA,2018,01,03,21.1,-999,-999
104061,BORJA,2018,01,04,11.4,-999,-999
104061,BORJA,2018,01,05,23.2,-999,-999
104061,BORJA,2018,01,06,8.3,-999,-999
104061,BORJA,2018,01,07,11.8,-999,-999
104061,BORJA,2018,01,08,60.2,-999,-999
104061,BORJA,2018,01,09,3.4,-999,-999
104061,BORJA,2018,01,10,4.6,-999,-999
104061,BORJA,2018,01,11,2.6,-999,-999
104061,BORJA,2018,01,12,3.5,-999,-999
104061,BORJA,2018,01,13,18.6,-999,-999
104061,BORJA,2018,01,14,0.0,-999,-999
104061,BORJA,2018,01,15,43.9,-999,-999
104061,BORJA,2018,01,16,15.2,-999,-999
104061,BORJA,2018,01,17,5.8,-999,-999
104061,BORJA,2018,01,18,4.6,-999,-999
104061,BORJA,2018,01,19,47.0,-999,-999
104061,BORJA,2018,01,20,21.4,-999,-999
104061,BORJA,2018,01,21,40.7,-999,-999
104061,BORJA,2018,01,22,1.4,-999,-999
104061,BORJA,2018,01,23,27.6,-999,-999
104061,BORJA,2018,01,24,27.5,-999,-999
104061,BORJA,2018,01,25,0.4,-999,-999
104061,BORJA,2018,01,26,0.0,-999,-999
104061,BORJA,2018,01,27,0.0,-999,-999
104061,BORJA,2018,01,28,2.8,-999,-999
104061,BORJA,2018,01,29,2.0,-999,-999
104061,BORJA,2018,01,30,8.6,-999,-999
104061,BORJA,2018,01,31,8.9,-999,-999
104061,BORJA,2018,02,01,9.4,-999,-999
104061,BORJA,2018,02,02,4.2,-999,-999
104061,BORJA,2018,02,03,12.8,-999,-999
104061,BORJA,2018,02,04,2.1,-999,-999
104061,BORJA,2018,02,05,26.9,-999,-999
104061,BORJA,2018,02,06,2.1,-999,-999
104061,BORJA,2018,02,07,0.2,-999,-999
104061,BORJA,2018,02,08,0.0,-999,-999
104061,BORJA,2018,02,09,0.0,-999,-999
104061,BORJA,2018,02,10,0.0,-999,-999
104061,BORJA,2018,02,11,0.0,-999,-999
104061,BORJA,2018,02,12,4.1,-999,-999
104061,BORJA,2018,02,13,9.1,-999,-999
104061,BORJA,2018,02,14,50.3,-999,-999
104061,BORJA,2018,02,15,16.2,-999,-999
104061,BORJA,2018,02,16,3.7,-999,-999
104061,BORJA,2018,02,17,0.0,-999,-999
104061,BORJA,2018,02,18,0.8,-999,-999
104061,BORJA,2018,02,19,23.8,-999,-999
104061,BORJA,2018,02,20,5.5,-999,-999
104061,BORJA,2018,02,21,0.0,-999,-999
104061,BORJA,2018,02,22,0.0,-999,-999
104061,BORJA,2018,02,23,0.0,-999,-999
104061,BORJA,2018,02,24,0.0,-999,-999
104061,BORJA,2018,02,25,52.6,-999,-999
104061,BORJA,2018,02,26,7.8,-999,-999
104061,BORJA,2018,02,27,0.0,-999,-999
104061,BORJA,2018,02,28,0.0,-999,-999
104061,BORJA,2018,03,01,0.5,-999,-999
104061,BORJA,2018,03,02,60.6,-999,-999
104061,BORJA,2018,03,03,0.0,-999,-999
104061,BORJA,2018,03,04,0.0,-999,-999
104061,BORJA,2018,03,05,4.8,-999,-999
104061,BORJA,2018,03,06,43.9,-999,-999
104061,BORJA,2018,03,07,0.0,-999,-999
104061,BORJA,2018,03,08,0.6,-999,-999
104061,BORJA,2018,03,09,6.6,-999,-999
104061,BORJA,2018,03,10,3.8,-999,-999
104061,BORJA,2018,03,11,3.7,-999,-999
104061,BORJA,2018,03,12,0.4,-999,-999
104061,BORJA,2018,03,13,0.0,-999,-999
104061,BORJA,2018,03,14,0.0,-999,-999
104061,BORJA,2018,03,15,0.9,-999,-999
104061,BORJA,2018,03,16,15.5,-999,-999
104061,BORJA,2018,03,17,0.0,-999,-999
104061,BORJA,2018,03,18,0.0,-999,-999
104061,BORJA,2018,03,19,3.2,-999,-999
104061,BORJA,2018,03,20,13.7,-999,-999
104061,BORJA,2018,03,21,3.5,-999,-999
104061,BORJA,2018,03,22,13.2,-999,-999
104061,BORJA,2018,03,23,0.0,-999,-999
104061,BORJA,2018,03,24,3.2,-999,-999
104061,BORJA,2018,03,25,16.5,-999,-999
104061,BORJA,2018,03,26,13.9,-999,-999
104061,BORJA,2018,03,27,11.6,-999,-999
104061,BORJA,2018,03,28,0.0,-999,-999
104061,BORJA,2018,03,29,3.5,-999,-999
104061,BORJA,2018,03,30,7.2,-999,-999
104061,BORJA,2018,03,31,0.0,-999,-999
104061,BORJA,2018,04,01,60.2,-999,-999
104061,BORJA,2018,04,02,7.5,-999,-999
104061,BORJA,2018,04,03,1.4,-999,-999
104061,BORJA,2018,04,04,0.0,-999,-999
104061,BORJA,2018,04,05,0.0,-999,-999
104061,BORJA,2018,04,06,1.4,-999,-999
104061,BORJA,2018,04,07,0.0,-999,-999
104061,BORJA,2018,04,08,6.1,-999,-999
104061,BORJA,2018,04,09,48.7,-999,-999
104061,BORJA,2018,04,10,0.0,-999,-999
104061,BORJA,2018,04,11,0.0,-999,-999
104061,BORJA,2018,04,12,60.2,-999,-999
104061,BORJA,2018,04,13,11.1,-999,-999
104061,BORJA,2018,04,14,0.0,-999,-999
104061,BORJA,2018,04,15,33.3,-999,-999
104061,BORJA,2018,04,16,0.0,-999,-999
104061,BORJA,2018,04,17,4.6,-999,-999
104061,BORJA,2018,04,18,8.9,-999,-999
104061,BORJA,2018,04,19,25.7,-999,-999
104061,BORJA,2018,04,20,6.2,-999,-999
104061,BORJA,2018,04,21,4.8,-999,-999
104061,BORJA,2018,04,22,2.3,-999,-999
104061,BORJA,2018,04,23,26.2,-999,-999
104061,BORJA,2018,04,24,4.1,-999,-999
104061,BORJA,2018,04,25,0.0,-999,-999
104061,BORJA,2018,04,26,8.5,-999,-999
104061,BORJA,2018,04,27,9.2,-999,-999
104061,BORJA,2018,04,28,20.6,-999,-999
104061,BORJA,2018,04,29,18.8,-999,-999
104061,BORJA,2018,04,30,0.0,-999,-999
104061,BORJA,2018,05,01,13.6,-999,-999
104061,BORJA,2018,05,02,2.7,-999,-999
104061,BORJA,2018,05,03,1.5,-999,-999
104061,BORJA,2018,05,04,6.2,-999,-999
104061,BORJA,2018,05,05,16.4,-999,-999
104061,BORJA,2018,05,06,0.0,-999,-999
104061,BORJA,2018,05,07,18.6,-999,-999
104061,BORJA,2018,05,08,0.0,-999,-999
104061,BORJA,2018,05,09,0.8,-999,-999
104061,BORJA,2018,05,10,2.1,-999,-999
104061,BORJA,2018,05,11,6.2,-999,-999
104061,BORJA,2018,05,12,8.6,-999,-999
104061,BORJA,2018,05,13,4.0,-999,-999
104061,BORJA,2018,05,14,7.1,-999,-999
104061,BORJA,2018,05,15,25.9,-999,-999
104061,BORJA,2018,05,16,2.3,-999,-999
104061,BORJA,2018,05,17,0.0,-999,-999
104061,BORJA,2018,05,18,53.4,-999,-999
104061,BORJA,2018,05,19,7.8,-999,-999
104061,BORJA,2018,05,20,13.3,-999,-999
104061,BORJA,2018,05,21,2.6,-999,-999
104061,BORJA,2018,05,22,7.9,-999,-999
104061,BORJA,2018,05,23,19.4,-999,-999
104061,BORJA,2018,05,24,7.2,-999,-999
104061,BORJA,2018,05,25,6.8,-999,-999
104061,BORJA,2018,05,26,0.0,-999,-999
104061,BORJA,2018,05,27,0.0,-999,-999
104061,BORJA,2018,05,28,0.0,-999,-999
104061,BORJA,2018,05,29,2.1,-999,-999
104061,BORJA,2018,05,30,0.0,-999,-999
104061,BORJA,2018,05,31,0.0,-999,-999
104061,BORJA,2018,06,01,84.5,-999,-999
104061,BORJA,2018,06,02,13.3,-999,-999
104061,BORJA,2018,06,03,24.6,-999,-999
104061,BORJA,2018,06,04,24.3,-999,-999
104061,BORJA,2018,06,05,0.0,-999,-999
104061,BORJA,2018,06,06,0.0,-999,-999
104061,BORJA,2018,06,07,0.0,-999,-999
104061,BORJA,2018,06,08,0.0,-999,-999
104061,BORJA,2018,06,09,6.7,-999,-999
104061,BORJA,2018,06,10,0.0,-999,-999
104061,BORJA,2018,06,11,25.6,-999,-999
104061,BORJA,2018,06,12,1.5,-999,-999
104061,BORJA,2018,06,13,36.2,-999,-999
104061,BORJA,2018,06,14,6.1,-999,-999
104061,BORJA,2018,06,15,22.4,-999,-999
104061,BORJA,2018,06,16,0.0,-999,-999
104061,BORJA,2018,06,17,1.7,-999,-999
104061,BORJA,2018,06,18,0.0,-999,-999
104061,BORJA,2018,06,19,0.0,-999,-999
104061,BORJA,2018,06,20,0.0,-999,-999
104061,BORJA,2018,06,21,0.0,-999,-999
104061,BORJA,2018,06,22,0.0,-999,-999
104061,BORJA,2018,06,23,0.0,-999,-999
104061,BORJA,2018,06,24,2.9,-999,-999
104061,BORJA,2018,06,25,0.9,-999,-999
104061,BORJA,2018,06,26,0.0,-999,-999
104061,BORJA,2018,06,27,0.0,-999,-999
104061,BORJA,2018,06,28,0.0,-999,-999
104061,BORJA,2018,06,29,2.8,-999,-999
104061,BORJA,2018,06,30,0.0,-999,-999
104061,BORJA,2018,07,01,0.0,-999,-999
104061,BORJA,2018,07,02,0.0,-999,-999
104061,BORJA,2018,07,03,0.0,-999,-999
104061,BORJA,2018,07,04,0.0,-999,-999
104061,BORJA,2018,07,05,0.0,-999,-999
104061,BORJA,2018,07,06,0.0,-999,-999
104061,BORJA,2018,07,07,0.0,-999,-999
104061,BORJA,2018,07,08,0.8,-999,-999
104061,BORJA,2018,07,09,1.5,-999,-999
104061,BORJA,2018,07,10,26.0,-999,-999
104061,BORJA,2018,07,11,0.0,-999,-999
104061,BORJA,2018,07,12,0.0,-999,-999
104061,BORJA,2018,07,13,0.0,-999,-999
104061,BORJA,2018,07,14,0.0,-999,-999
104061,BORJA,2018,07,15,0.0,-999,-999
104061,BORJA,2018,07,16,0.0,-999,-999
104061,BORJA,2018,07,17,0.0,-999,-999
104061,BORJA,2018,07,18,5.7,-999,-999
104061,BORJA,2018,07,19,0.5,-999,-999
104061,BORJA,2018,07,20,0.0,-999,-999
104061,BORJA,2018,07,21,2.8,-999,-999
104061,BORJA,2018,07,22,6.8,-999,-999
104061,BORJA,2018,07,23,0.0,-999,-999
104061,BORJA,2018,07,24,0.0,-999,-999
104061,BORJA,2018,07,25,0.0,-999,-999
104061,BORJA,2018,07,26,0.0,-999,-999
104061,BORJA,2018,07,27,0.0,-999,-999
104061,BORJA,2018,07,28,0.0,-999,-999
104061,BORJA,2018,07,29,0.8,-999,-999
104061,BORJA,2018,07,30,0.0,-999,-999
104061,BORJA,2018,07,31,36.4,-999,-999
104061,BORJA,2018,08,01,0.0,-999,-999
104061,BORJA,2018,08,02,0.0,-999,-999
104061,BORJA,2018,08,03,2.1,-999,-999
104061,BORJA,2018,08,04,0.0,-999,-999
104061,BORJA,2018,08,05,5.6,-999,-999
104061,BORJA,2018,08,06,24.1,-999,-999
104061,BORJA,2018,08,07,60.2,-999,-999
104061,BORJA,2018,08,08,0.0,-999,-999
104061,BORJA,2018,08,09,12.6,-999,-999
104061,BORJA,2018,08,10,11.7,-999,-999
104061,BORJA,2018,08,11,0.0,-999,-999
104061,BORJA,2018,08,12,0.0,-999,-999
104061,BORJA,2018,08,13,0.0,-999,-999
104061,BORJA,2018,08,14,1.2,-999,-999
104061,BORJA,2018,08,15,66.3,-999,-999
104061,BORJA,2018,08,16,11.7,-999,-999
104061,BORJA,2018,08,17,0.0,-999,-999
104061,BORJA,2018,08,18,0.0,-999,-999
104061,BORJA,2018,08,19,0.0,-999,-999
104061,BORJA,2018,08,20,2.2,-999,-999
104061,BORJA,2018,08,21,17.8,-999,-999
104061,BORJA,2018,08,22,1.1,-999,-999
104061,BORJA,2018,08,23,0.0,-999,-999
104061,BORJA,2018,08,24,0.0,-999,-999
104061,BORJA,2018,08,25,0.0,-999,-999
104061,BORJA,2018,08,26,4.6,-999,-999
104061,BORJA,2018,08,27,0.0,-999,-999
104061,BORJA,2018,08,28,0.0,-999,-999
104061,BORJA,2018,08,29,0.0,-999,-999
104061,BORJA,2018,08,30,0.0,-999,-999
104061,BORJA,2018,08,31,0.0,-999,-999
104061,BORJA,2018,10,01,5.0,-999,-999
104061,BORJA,2018,10,02,12.5,-999,-999
104061,BORJA,2018,10,03,31.1,-999,-999
104061,BORJA,2018,10,04,30.7,-999,-999
104061,BORJA,2018,10,05,10.3,-999,-999
104061,BORJA,2018,10,06,2.4,-999,-999
104061,BORJA,2018,10,07,0.0,-999,-999
104061,BORJA,2018,10,08,0.0,-999,-999
104061,BORJA,2018,10,09,9.2,-999,-999
104061,BORJA,2018,10,10,3.9,-999,-999
104061,BORJA,2018,10,11,4.9,-999,-999
104061,BORJA,2018,10,12,0.0,-999,-999
104061,BORJA,2018,10,13,38.8,-999,-999
104061,BORJA,2018,10,14,62.2,-999,-999
104061,BORJA,2018,10,15,0.0,-999,-999
104061,BORJA,2018,10,16,1.9,-999,-999
104061,BORJA,2018,10,17,0.0,-999,-999
104061,BORJA,2018,10,18,0.0,-999,-999
104061,BORJA,2018,10,19,0.0,-999,-999
104061,BORJA,2018,10,20,8.9,-999,-999
104061,BORJA,2018,10,21,0.0,-999,-999
104061,BORJA,2018,10,22,0.0,-999,-999
104061,BORJA,2018,10,23,0.0,-999,-999
104061,BORJA,2018,10,24,0.0,-999,-999
104061,BORJA,2018,10,25,0.0,-999,-999
104061,BORJA,2018,10,26,3.8,-999,-999
104061,BORJA,2018,10,27,7.8,-999,-999
104061,BORJA,2018,10,28,0.0,-999,-999
104061,BORJA,2018,10,29,0.4,-999,-999
104061,BORJA,2018,10,30,33.3,-999,-999
104061,BORJA,2018,10,31,24.7,-999,-999
104061,BORJA,2018,11,01,56.5,-999,-999
104061,BORJA,2018,11,02,0.0,-999,-999
104061,BORJA,2018,11,03,0.0,-999,-999
104061,BORJA,2018,11,04,1.5,-999,-999
104061,BORJA,2018,11,05,6.5,-999,-999
104061,BORJA,2018,11,06,10.5,-999,-999
104061,BORJA,2018,11,07,15.6,-999,-999
104061,BORJA,2018,11,08,16.8,-999,-999
104061,BORJA,2018,11,09,0.0,-999,-999
104061,BORJA,2018,11,10,0.0,-999,-999
104061,BORJA,2018,11,11,0.0,-999,-999
104061,BORJA,2018,11,12,4.4,-999,-999
104061,BORJA,2018,11,13,27.1,-999,-999
104061,BORJA,2018,11,14,17.8,-999,-999
104061,BORJA,2018,11,15,7.1,-999,-999
104061,BORJA,2018,11,16,22.2,-999,-999
104061,BORJA,2018,11,17,0.0,-999,-999
104061,BORJA,2018,11,18,11.0,-999,-999
104061,BORJA,2018,11,19,42.0,-999,-999
104061,BORJA,2018,11,20,27.1,-999,-999
104061,BORJA,2018,11,21,8.9,-999,-999
104061,BORJA,2018,11,22,0.0,-999,-999
104061,BORJA,2018,11,23,2.3,-999,-999
104061,BORJA,2018,11,24,0.0,-999,-999
104061,BORJA,2018,11,25,60.2,-999,-999
104061,BORJA,2018,11,26,7.4,-999,-999
104061,BORJA,2018,11,27,0.4,-999,-999
104061,BORJA,2018,11,28,0.5,-999,-999
104061,BORJA,2018,11,29,0.0,-999,-999
104061,BORJA,2018,11,30,0.3,-999,-999
104061,BORJA,2018,12,01,0.0,-999,-999
104061,BORJA,2018,12,02,0.0,-999,-999
104061,BORJA,2018,12,03,13.9,-999,-999
104061,BORJA,2018,12,04,8.9,-999,-999
104061,BORJA,2018,12,05,0.0,-999,-999
104061,BORJA,2018,12,06,0.0,-999,-999
104061,BORJA,2018,12,07,8.9,-999,-999
104061,BORJA,2018,12,08,0.0,-999,-999
104061,BORJA,2018,12,09,0.0,-999,-999
104061,BORJA,2018,12,10,9.6,-999,-999
104061,BORJA,2018,12,11,6.7,-999,-999
104061,BORJA,2018,12,12,17.8,-999,-999
104061,BORJA,2018,12,13,2.6,-999,-999
104061,BORJA,2018,12,14,3.4,-999,-999
104061,BORJA,2018,12,15,0.0,-999,-999
104061,BORJA,2018,12,16,5.9,-999,-999
104061,BORJA,2018,12,17,1.1,-999,-999
104061,BORJA,2018,12,18,5.9,-999,-999
104061,BORJA,2018,12,19,8.5,-999,-999
104061,BORJA,2018,12,20,21.9,-999,-999
104061,BORJA,2018,12,21,17.0,-999,-999
104061,BORJA,2018,12,22,11.1,-999,-999
104061,BORJA,2018,12,23,11.1,-999,-999
104061,BORJA,2018,12,24,3.7,-999,-999
104061,BORJA,2018,12,25,1.5,-999,-999
104061,BORJA,2018,12,26,19.5,-999,-999
104061,BORJA,2018,12,27,7.5,-999,-999
104061,BORJA,2018,12,28,5.6,-999,-999
104061,BORJA,2018,12,29,8.9,-999,-999
104061,BORJA,2018,12,30,30.9,-999,-999
104061,BORJA,2018,12,31,11.7,-999,-999
104061,BORJA,2019,01,01,2.5,-999,-999
104061,BORJA,2019,01,02,12.2,-999,-999
104061,BORJA,2019,01,03,0.6,-999,-999
104061,BORJA,2019,01,04,0.9,-999,-999
104061,BORJA,2019,01,05,0.0,-999,-999
104061,BORJA,2019,01,06,0.0,-999,-999
104061,BORJA,2019,01,07,2.5,-999,-999
104061,BORJA,2019,01,08,1.5,-999,-999
104061,BORJA,2019,01,09,0.0,-999,-999
104061,BORJA,2019,01,10,4.9,-999,-999
104061,BORJA,2019,01,11,53.2,-999,-999
104061,BORJA,2019,01,12,0.0,-999,-999
104061,BORJA,2019,01,13,0.0,-999,-999
104061,BORJA,2019,01,14,44.3,-999,-999
104061,BORJA,2019,01,15,10.5,-999,-999
104061,BORJA,2019,01,16,0.8,-999,-999
104061,BORJA,2019,01,17,39.7,-999,-999
104061,BORJA,2019,01,18,0.0,-999,-999
104061,BORJA,2019,01,19,2.9,-999,-999
104061,BORJA,2019,01,20,30.5,-999,-999
104061,BORJA,2019,01,21,10.1,-999,-999
104061,BORJA,2019,01,22,25.0,-999,-999
104061,BORJA,2019,01,23,0.0,-999,-999
104061,BORJA,2019,01,24,21.8,-999,-999
104061,BORJA,2019,01,25,19.1,-999,-999
104061,BORJA,2019,01,26,0.0,-999,-999
104061,BORJA,2019,01,27,13.2,-999,-999
104061,BORJA,2019,01,28,22.7,-999,-999
104061,BORJA,2019,01,29,4.4,-999,-999
104061,BORJA,2019,01,30,0.0,-999,-999
104061,BORJA,2019,01,31,37.0,-999,-999
104061,BORJA,2019,02,01,13.8,-999,-999
104061,BORJA,2019,02,02,57.8,-999,-999
104061,BORJA,2019,02,03,31.8,-999,-999
104061,BORJA,2019,02,04,29.6,-999,-999
104061,BORJA,2019,02,05,5.0,-999,-999
104061,BORJA,2019,02,06,11.9,-999,-999
104061,BORJA,2019,02,07,0.0,-999,-999
104061,BORJA,2019,02,08,16.6,-999,-999
104061,BORJA,2019,02,09,12.2,-999,-999
104061,BORJA,2019,02,10,28.4,-999,-999
104061,BORJA,2019,02,11,13.3,-999,-999
104061,BORJA,2019,02,12,0.0,-999,-999
104061,BORJA,2019,02,13,0.0,-999,-999
104061,BORJA,2019,02,14,3.9,-999,-999
104061,BORJA,2019,02,15,7.8,-999,-999
104061,BORJA,2019,02,16,0.4,-999,-999
104061,BORJA,2019,02,17,0.0,-999,-999
104061,BORJA,2019,02,18,53.3,-999,-999
104061,BORJA,2019,02,19,60.8,-999,-999
104061,BORJA,2019,02,20,9.9,-999,-999
104061,BORJA,2019,02,21,0.0,-999,-999
104061,BORJA,2019,02,22,0.0,-999,-999
104061,BORJA,2019,02,23,5.8,-999,-999
104061,BORJA,2019,02,24,60.1,-999,-999
104061,BORJA,2019,02,25,0.0,-999,-999
104061,BORJA,2019,02,26,3.1,-999,-999
104061,BORJA,2019,02,27,0.0,-999,-999
104061,BORJA,2019,02,28,46.2,-999,-999
104061,BORJA,2019,03,01,54.2,-999,-999
104061,BORJA,2019,03,02,0.0,-999,-999
104061,BORJA,2019,03,03,16.4,-999,-999
104061,BORJA,2019,03,04,0.0,-999,-999
104061,BORJA,2019,03,05,28.0,-999,-999
104061,BORJA,2019,03,06,0.0,-999,-999
104061,BORJA,2019,03,07,1.5,-999,-999
104061,BORJA,2019,03,08,0.0,-999,-999
104061,BORJA,2019,03,09,0.0,-999,-999
104061,BORJA,2019,03,10,50.9,-999,-999
104061,BORJA,2019,03,11,0.0,-999,-999
104061,BORJA,2019,03,12,2.3,-999,-999
104061,BORJA,2019,03,13,49.8,-999,-999
104061,BORJA,2019,03,14,14.5,-999,-999
104061,BORJA,2019,03,15,4.9,-999,-999
104061,BORJA,2019,03,16,3.1,-999,-999
104061,BORJA,2019,03,17,25.4,-999,-999
104061,BORJA,2019,03,18,0.0,-999,-999
104061,BORJA,2019,03,19,31.1,-999,-999
104061,BORJA,2019,03,20,3.9,-999,-999
104061,BORJA,2019,03,21,9.4,-999,-999
104061,BORJA,2019,03,22,6.5,-999,-999
104061,BORJA,2019,03,23,0.0,-999,-999
104061,BORJA,2019,03,24,4.8,-999,-999
104061,BORJA,2019,03,25,0.0,-999,-999
104061,BORJA,2019,03,26,0.0,-999,-999
104061,BORJA,2019,03,27,0.8,-999,-999
104061,BORJA,2019,03,28,17.8,-999,-999
104061,BORJA,2019,03,29,6.9,-999,-999
104061,BORJA,2019,03,30,0.0,-999,-999
104061,BORJA,2019,03,31,0.0,-999,-999
104061,BORJA,2019,04,01,0.0,-999,-999
104061,BORJA,2019,04,02,3.6,-999,-999
104061,BORJA,2019,04,03,6.3,-999,-999
104061,BORJA,2019,04,04,0.0,-999,-999
104061,BORJA,2019,04,05,0.0,-999,-999
104061,BORJA,2019,04,06,25.6,-999,-999
104061,BORJA,2019,04,07,60.2,-999,-999
104061,BORJA,2019,04,08,0.0,-999,-999
104061,BORJA,2019,04,09,0.0,-999,-999
104061,BORJA,2019,04,10,0.0,-999,-999
104061,BORJA,2019,04,11,26.8,-999,-999
104061,BORJA,2019,04,12,0.0,-999,-999
104061,BORJA,2019,04,13,18.8,-999,-999
104061,BORJA,2019,04,14,0.0,-999,-999
104061,BORJA,2019,04,15,4.9,-999,-999
104061,BORJA,2019,04,16,0.0,-999,-999
104061,BORJA,2019,04,17,0.0,-999,-999
104061,BORJA,2019,04,18,27.2,-999,-999
104061,BORJA,2019,04,19,1.7,-999,-999
104061,BORJA,2019,04,20,0.0,-999,-999
104061,BORJA,2019,04,21,0.0,-999,-999
104061,BORJA,2019,04,22,0.0,-999,-999
104061,BORJA,2019,04,23,0.0,-999,-999
104061,BORJA,2019,04,24,45.7,-999,-999
104061,BORJA,2019,04,25,0.0,-999,-999
104061,BORJA,2019,04,26,0.0,-999,-999
104061,BORJA,2019,04,27,20.4,-999,-999
104061,BORJA,2019,04,28,12.4,-999,-999
104061,BORJA,2019,04,29,0.0,-999,-999
104061,BORJA,2019,04,30,0.0,-999,-999
104061,BORJA,2019,05,01,26.2,-999,-999
104061,BORJA,2019,05,02,0.0,-999,-999
104061,BORJA,2019,05,03,6.4,-999,-999
104061,BORJA,2019,05,04,33.2,-999,-999
104061,BORJA,2019,05,05,5.5,-999,-999
104061,BORJA,2019,05,06,0.0,-999,-999
104061,BORJA,2019,05,07,8.4,-999,-999
104061,BORJA,2019,05,08,5.2,-999,-999
104061,BORJA,2019,05,09,0.0,-999,-999
104061,BORJA,2019,05,10,0.0,-999,-999
104061,BORJA,2019,05,11,15.6,-999,-999
104061,BORJA,2019,05,12,27.9,-999,-999
104061,BORJA,2019,05,13,27.6,-999,-999
104061,BORJA,2019,05,14,21.1,-999,-999
104061,BORJA,2019,05,15,0.0,-999,-999
104061,BORJA,2019,05,16,0.0,-999,-999
104061,BORJA,2019,05,17,0.0,-999,-999
104061,BORJA,2019,05,18,0.0,-999,-999
104061,BORJA,2019,05,19,0.0,-999,-999
104061,BORJA,2019,05,20,38.9,-999,-999
104061,BORJA,2019,05,21,0.0,-999,-999
104061,BORJA,2019,05,22,0.0,-999,-999
104061,BORJA,2019,05,23,0.0,-999,-999
104061,BORJA,2019,05,24,6.9,-999,-999
104061,BORJA,2019,05,25,28.1,-999,-999
104061,BORJA,2019,05,26,0.0,-999,-999
104061,BORJA,2019,05,27,0.0,-999,-999
104061,BORJA,2019,05,28,12.2,-999,-999
104061,BORJA,2019,05,29,29.4,-999,-999
104061,BORJA,2019,05,30,0.0,-999,-999
104061,BORJA,2019,05,31,0.0,-999,-999
104061,BORJA,2019,06,01,6.8,-999,-999
104061,BORJA,2019,06,02,0.0,-999,-999
104061,BORJA,2019,06,03,30.2,-999,-999
104061,BORJA,2019,06,04,19.5,-999,-999
104061,BORJA,2019,06,05,0.0,-999,-999
104061,BORJA,2019,06,06,0.0,-999,-999
104061,BORJA,2019,06,07,0.0,-999,-999
104061,BORJA,2019,06,08,28.2,-999,-999
104061,BORJA,2019,06,09,9.2,-999,-999
104061,BORJA,2019,06,10,0.0,-999,-999
104061,BORJA,2019,06,11,3.7,-999,-999
104061,BORJA,2019,06,12,3.8,-999,-999
104061,BORJA,2019,06,13,10.3,-999,-999
104061,BORJA,2019,06,14,1.5,-999,-999
104061,BORJA,2019,06,15,9.1,-999,-999
104061,BORJA,2019,06,16,2.5,-999,-999
104061,BORJA,2019,06,17,0.0,-999,-999
104061,BORJA,2019,06,18,0.0,-999,-999
104061,BORJA,2019,06,19,13.7,-999,-999
104061,BORJA,2019,06,20,14.1,-999,-999
104061,BORJA,2019,06,21,0.0,-999,-999
104061,BORJA,2019,06,22,0.0,-999,-999
104061,BORJA,2019,06,23,0.0,-999,-999
104061,BORJA,2019,06,24,0.0,-999,-999
104061,BORJA,2019,06,25,0.0,-999,-999
104061,BORJA,2019,06,26,2.4,-999,-999
104061,BORJA,2019,06,27,56.3,-999,-999
104061,BORJA,2019,06,28,28.9,-999,-999
104061,BORJA,2019,06,29,9.1,-999,-999
104061,BORJA,2019,06,30,-999,-999,-999
104061,BORJA,2019,07,01,4.2,-999,-999
104061,BORJA,2019,07,02,0.0,-999,-999
104061,BORJA,2019,07,03,0.0,-999,-999
104061,BORJA,2019,07,04,16.1,-999,-999
104061,BORJA,2019,07,05,10.5,-999,-999
104061,BORJA,2019,07,06,41.0,-999,-999
104061,BORJA,2019,07,07,12.9,-999,-999
104061,BORJA,2019,07,08,0.8,-999,-999
104061,BORJA,2019,07,09,0.0,-999,-999
104061,BORJA,2019,07,10,0.0,-999,-999
104061,BORJA,2019,07,11,0.0,-999,-999
104061,BORJA,2019,07,12,0.0,-999,-999
104061,BORJA,2019,07,13,20.0,-999,-999
104061,BORJA,2019,07,14,6.4,-999,-999
104061,BORJA,2019,07,15,0.0,-999,-999
104061,BORJA,2019,07,16,6.7,-999,-999
104061,BORJA,2019,07,17,16.3,-999,-999
104061,BORJA,2019,07,18,0.0,-999,-999
104061,BORJA,2019,07,19,0.0,-999,-999
104061,BORJA,2019,07,20,4.6,-999,-999
104061,BORJA,2019,07,21,0.0,-999,-999
104061,BORJA,2019,07,22,0.0,-999,-999
104061,BORJA,2019,07,23,5.1,-999,-999
104061,BORJA,2019,07,24,13.5,-999,-999
104061,BORJA,2019,07,25,0.0,-999,-999
104061,BORJA,2019,07,26,1.1,-999,-999
104061,BORJA,2019,07,27,22.3,-999,-999
104061,BORJA,2019,07,28,0.0,-999,-999
104061,BORJA,2019,07,29,0.0,-999,-999
104061,BORJA,2019,07,30,0.0,-999,-999
104061,BORJA,2019,07,31,-999,-999,-999
104061,BORJA,2019,08,01,0.0,-999,-999
104061,BORJA,2019,08,02,7.4,-999,-999
104061,BORJA,2019,08,03,26.1,-999,-999
104061,BORJA,2019,08,04,0.0,-999,-999
104061,BORJA,2019,08,05,0.0,-999,-999
104061,BORJA,2019,08,06,0.0,-999,-999
104061,BORJA,2019,08,07,0.0,-999,-999
104061,BORJA,2019,08,08,0.0,-999,-999
104061,BORJA,2019,08,09,0.0,-999,-999
104061,BORJA,2019,08,10,0.0,-999,-999
104061,BORJA,2019,08,11,1.4,-999,-999
104061,BORJA,2019,08,12,0.0,-999,-999
104061,BORJA,2019,08,13,20.8,-999,-999
104061,BORJA,2019,08,14,47.8,-999,-999
104061,BORJA,2019,08,15,0.0,-999,-999
104061,BORJA,2019,08,16,0.0,-999,-999
104061,BORJA,2019,08,17,0.0,-999,-999
104061,BORJA,2019,08,18,0.0,-999,-999
104061,BORJA,2019,08,19,9.1,-999,-999
104061,BORJA,2019,08,20,0.0,-999,-999
104061,BORJA,2019,08,21,26.2,-999,-999
104061,BORJA,2019,08,22,0.0,-999,-999
104061,BORJA,2019,08,23,0.0,-999,-999
104061,BORJA,2019,08,24,0.0,-999,-999
104061,BORJA,2019,08,25,0.0,-999,-999
104061,BORJA,2019,08,26,0.0,-999,-999
104061,BORJA,2019,08,27,5.9,-999,-999
104061,BORJA,2019,08,28,0.9,-999,-999
104061,BORJA,2019,08,29,0.0,-999,-999
104061,BORJA,2019,08,30,0.0,-999,-999
104061,BORJA,2019,08,31,0.0,-999,-999
104061,BORJA,2019,09,01,0.0,-999,-999
104061,BORJA,2019,09,02,0.0,-999,-999
104061,BORJA,2019,09,03,1.5,-999,-999
104061,BORJA,2019,09,04,29.0,-999,-999
104061,BORJA,2019,09,05,14.9,-999,-999
104061,BORJA,2019,09,06,1.2,-999,-999
104061,BORJA,2019,09,07,0.0,-999,-999
104061,BORJA,2019,09,08,0.0,-999,-999
104061,BORJA,2019,09,09,0.0,-999,-999
104061,BORJA,2019,09,10,0.0,-999,-999
104061,BORJA,2019,09,11,0.0,-999,-999
104061,BORJA,2019,09,12,55.9,-999,-999
104061,BORJA,2019,09,13,1.5,-999,-999
104061,BORJA,2019,09,14,0.0,-999,-999
104061,BORJA,2019,09,15,0.0,-999,-999
104061,BORJA,2019,09,16,0.0,-999,-999
104061,BORJA,2019,09,17,0.0,-999,-999
104061,BORJA,2019,09,18,0.0,-999,-999
104061,BORJA,2019,09,19,55.5,-999,-999
104061,BORJA,2019,09,20,12.6,-999,-999
104061,BORJA,2019,09,21,0.0,-999,-999
104061,BORJA,2019,09,22,0.0,-999,-999
104061,BORJA,2019,09,23,62.2,-999,-999
104061,BORJA,2019,09,24,1.9,-999,-999
104061,BORJA,2019,09,25,0.0,-999,-999
104061,BORJA,2019,09,26,0.0,-999,-999
104061,BORJA,2019,09,27,3.6,-999,-999
104061,BORJA,2019,09,28,2.5,-999,-999
104061,BORJA,2019,09,29,0.0,-999,-999
104061,BORJA,2019,09,30,45.2,-999,-999
104061,BORJA,2019,10,01,6.2,-999,-999
104061,BORJA,2019,10,02,16.2,-999,-999
104061,BORJA,2019,10,03,0.0,-999,-999
104061,BORJA,2019,10,04,0.0,-999,-999
104061,BORJA,2019,10,05,0.0,-999,-999
104061,BORJA,2019,10,06,14.8,-999,-999
104061,BORJA,2019,10,07,64.5,-999,-999
104061,BORJA,2019,10,08,0.5,-999,-999
104061,BORJA,2019,10,09,2.5,-999,-999
104061,BORJA,2019,10,10,0.0,-999,-999
104061,BORJA,2019,10,11,0.0,-999,-999
104061,BORJA,2019,10,12,0.0,-999,-999
104061,BORJA,2019,10,13,0.0,-999,-999
104061,BORJA,2019,10,14,0.0,-999,-999
104061,BORJA,2019,10,15,0.0,-999,-999
104061,BORJA,2019,10,16,21.7,-999,-999
104061,BORJA,2019,10,17,6.1,-999,-999
104061,BORJA,2019,10,18,0.0,-999,-999
104061,BORJA,2019,10,19,16.3,-999,-999
104061,BORJA,2019,10,20,26.4,-999,-999
104061,BORJA,2019,10,21,0.0,-999,-999
104061,BORJA,2019,10,22,23.7,-999,-999
104061,BORJA,2019,10,23,1.6,-999,-999
104061,BORJA,2019,10,24,2.9,-999,-999
104061,BORJA,2019,10,25,12.3,-999,-999
104061,BORJA,2019,10,26,0.0,-999,-999
104061,BORJA,2019,10,27,0.9,-999,-999
104061,BORJA,2019,10,28,7.5,-999,-999
104061,BORJA,2019,10,29,1.7,-999,-999
104061,BORJA,2019,10,30,0.0,-999,-999
104061,BORJA,2019,10,31,0.0,-999,-999
104061,BORJA,2019,11,01,0.0,-999,-999
104061,BORJA,2019,11,02,14.8,-999,-999
104061,BORJA,2019,11,03,60.2,-999,-999
104061,BORJA,2019,11,04,1.5,-999,-999
104061,BORJA,2019,11,05,35.4,-999,-999
104061,BORJA,2019,11,06,6.2,-999,-999
104061,BORJA,2019,11,07,1.9,-999,-999
104061,BORJA,2019,11,08,0.0,-999,-999
104061,BORJA,2019,11,09,0.0,-999,-999
104061,BORJA,2019,11,10,6.5,-999,-999
104061,BORJA,2019,11,11,12.6,-999,-999
104061,BORJA,2019,11,12,0.0,-999,-999
104061,BORJA,2019,11,13,3.1,-999,-999
104061,BORJA,2019,11,14,3.4,-999,-999
104061,BORJA,2019,11,15,32.7,-999,-999
104061,BORJA,2019,11,16,0.0,-999,-999
104061,BORJA,2019,11,17,0.0,-999,-999
104061,BORJA,2019,11,18,0.0,-999,-999
104061,BORJA,2019,11,19,3.7,-999,-999
104061,BORJA,2019,11,20,0.0,-999,-999
104061,BORJA,2019,11,21,0.0,-999,-999
104061,BORJA,2019,11,22,60.2,-999,-999
104061,BORJA,2019,11,23,12.6,-999,-999
104061,BORJA,2019,11,24,4.7,-999,-999
104061,BORJA,2019,11,25,0.0,-999,-999
104061,BORJA,2019,11,26,0.0,-999,-999
104061,BORJA,2019,11,27,0.0,-999,-999
104061,BORJA,2019,11,28,0.0,-999,-999
104061,BORJA,2019,11,29,0.0,-999,-999
104061,BORJA,2019,11,30,16.5,-999,-999
104061,BORJA,2019,12,01,38.0,-999,-999
104061,BORJA,2019,12,02,6.7,-999,-999
104061,BORJA,2019,12,03,1.6,-999,-999
104061,BORJA,2019,12,04,25.1,-999,-999
104061,BORJA,2019,12,05,23.0,-999,-999
104061,BORJA,2019,12,06,3.6,-999,-999
104061,BORJA,2019,12,07,2.9,-999,-999
104061,BORJA,2019,12,08,2.5,-999,-999
104061,BORJA,2019,12,09,21.4,-999,-999
104061,BORJA,2019,12,10,1.5,-999,-999
104061,BORJA,2019,12,11,7.6,-999,-999
104061,BORJA,2019,12,12,0.0,-999,-999
104061,BORJA,2019,12,13,60.2,-999,-999
104061,BORJA,2019,12,14,103.7,-999,-999
104061,BORJA,2019,12,15,2.4,-999,-999
104061,BORJA,2019,12,16,48.5,-999,-999
104061,BORJA,2019,12,17,25.3,-999,-999
104061,BORJA,2019,12,18,61.4,-999,-999
104061,BORJA,2019,12,19,21.3,-999,-999
104061,BORJA,2019,12,20,0.0,-999,-999
104061,BORJA,2019,12,21,0.0,-999,-999
104061,BORJA,2019,12,22,0.0,-999,-999
104061,BORJA,2019,12,23,52.2,-999,-999
104061,BORJA,2019,12,24,0.0,-999,-999
104061,BORJA,2019,12,25,0.0,-999,-999
104061,BORJA,2019,12,26,1.8,-999,-999
104061,BORJA,2019,12,27,14.4,-999,-999
104061,BORJA,2019,12,28,3.7,-999,-999
104061,BORJA,2019,12,29,20.8,-999,-999
104061,BORJA,2019,12,30,1.6,-999,-999
104061,BORJA,2019,12,31,8.4,-999,-999
104061,BORJA,2020,01,01,12.9,-999,-999
104061,BORJA,2020,01,02,0.0,-999,-999
104061,BORJA,2020,01,03,1.6,-999,-999
104061,BORJA,2020,01,04,0.0,-999,-999
104061,BORJA,2020,01,05,0.0,-999,-999
104061,BORJA,2020,01,06,0.0,-999,-999
104061,BORJA,2020,01,07,9.8,-999,-999
104061,BORJA,2020,01,08,0.0,-999,-999
104061,BORJA,2020,01,09,0.0,-999,-999
104061,BORJA,2020,01,10,2.7,-999,-999
104061,BORJA,2020,01,11,0.0,-999,-999
104061,BORJA,2020,01,12,5.6,-999,-999
104061,BORJA,2020,01,13,0.0,-999,-999
104061,BORJA,2020,01,14,18.3,-999,-999
104061,BORJA,2020,01,15,2.1,-999,-999
104061,BORJA,2020,01,16,0.0,-999,-999
104061,BORJA,2020,01,17,22.1,-999,-999
104061,BORJA,2020,01,18,54.0,-999,-999
104061,BORJA,2020,01,19,6.9,-999,-999
104061,BORJA,2020,01,20,0.0,-999,-999
104061,BORJA,2020,01,21,6.7,-999,-999
104061,BORJA,2020,01,22,1.3,-999,-999
104061,BORJA,2020,01,23,0.0,-999,-999
104061,BORJA,2020,01,24,6.1,-999,-999
104061,BORJA,2020,01,25,3.5,-999,-999
104061,BORJA,2020,01,26,0.0,-999,-999
104061,BORJA,2020,01,27,0.0,-999,-999
104061,BORJA,2020,01,28,45.2,-999,-999
104061,BORJA,2020,01,29,71.5,-999,-999
104061,BORJA,2020,01,30,0.0,-999,-999
104061,BORJA,2020,01,31,7.0,-999,-999
104061,BORJA,2020,02,01,10.4,-999,-999
104061,BORJA,2020,02,02,2.8,-999,-999
104061,BORJA,2020,02,03,0.0,-999,-999
104061,BORJA,2020,02,04,0.0,-999,-999
104061,BORJA,2020,02,05,0.0,-999,-999
104061,BORJA,2020,02,06,0.0,-999,-999
104061,BORJA,2020,02,07,19.3,-999,-999
104061,BORJA,2020,02,08,29.4,-999,-999
104061,BORJA,2020,02,09,0.0,-999,-999
104061,BORJA,2020,02,10,0.0,-999,-999
104061,BORJA,2020,02,11,0.0,-999,-999
104061,BORJA,2020,02,12,0.0,-999,-999
104061,BORJA,2020,02,13,3.3,-999,-999
104061,BORJA,2020,02,14,3.2,-999,-999
104061,BORJA,2020,02,15,21.7,-999,-999
104061,BORJA,2020,02,16,0.0,-999,-999
104061,BORJA,2020,02,17,34.8,-999,-999
104061,BORJA,2020,02,18,30.2,-999,-999
104061,BORJA,2020,02,19,1.9,-999,-999
104061,BORJA,2020,02,20,0.0,-999,-999
104061,BORJA,2020,02,21,16.6,-999,-999
104061,BORJA,2020,02,22,82.1,-999,-999
104061,BORJA,2020,02,23,7.3,-999,-999
104061,BORJA,2020,02,24,27.4,-999,-999
104061,BORJA,2020,02,25,32.5,-999,-999
104061,BORJA,2020,02,26,0.0,-999,-999
104061,BORJA,2020,02,27,0.0,-999,-999
104061,BORJA,2020,02,28,26.7,-999,-999
104061,BORJA,2020,02,29,9.5,-999,-999
104061,BORJA,2020,03,01,6.1,-999,-999
104061,BORJA,2020,03,02,0.0,-999,-999
104061,BORJA,2020,03,03,0.0,-999,-999
104061,BORJA,2020,03,04,34.9,-999,-999
104061,BORJA,2020,03,05,1.5,-999,-999
104061,BORJA,2020,03,06,0.9,-999,-999
104061,BORJA,2020,03,07,0.0,-999,-999
104061,BORJA,2020,03,08,41.5,-999,-999
104061,BORJA,2020,03,09,8.5,-999,-999
104061,BORJA,2020,03,10,0.0,-999,-999
104061,BORJA,2020,03,11,0.0,-999,-999
104061,BORJA,2020,03,12,0.0,-999,-999
104061,BORJA,2020,03,13,43.2,-999,-999
104061,BORJA,2020,03,14,7.6,-999,-999
104061,BORJA,2020,03,15,0.0,-999,-999
104061,BORJA,2020,03,16,60.5,-999,-999
104061,BORJA,2020,03,17,7.2,-999,-999
104061,BORJA,2020,03,18,0.0,-999,-999
104061,BORJA,2020,03,19,0.0,-999,-999
104061,BORJA,2020,03,20,0.0,-999,-999
104061,BORJA,2020,03,21,0.0,-999,-999
104061,BORJA,2020,03,22,0.0,-999,-999
104061,BORJA,2020,03,23,8.7,-999,-999
104061,BORJA,2020,03,24,0.0,-999,-999
104061,BORJA,2020,03,25,6.9,-999,-999
104061,BORJA,2020,03,26,0.0,-999,-999
104061,BORJA,2020,03,27,25.2,-999,-999
104061,BORJA,2020,03,28,39.3,-999,-999
104061,BORJA,2020,03,29,65.1,-999,-999
104061,BORJA,2020,03,30,7.5,-999,-999
104061,BORJA,2020,03,31,60.2,-999,-999
104061,BORJA,2020,04,01,5.7,-999,-999
104061,BORJA,2020,04,02,9.9,-999,-999
104061,BORJA,2020,04,03,2.9,-999,-999
104061,BORJA,2020,04,04,0.0,-999,-999
104061,BORJA,2020,04,05,11.2,-999,-999
104061,BORJA,2020,04,06,0.0,-999,-999
104061,BORJA,2020,04,07,3.5,-999,-999
104061,BORJA,2020,04,08,1.2,-999,-999
104061,BORJA,2020,04,09,0.0,-999,-999
104061,BORJA,2020,04,10,34.2,-999,-999
104061,BORJA,2020,04,11,0.0,-999,-999
104061,BORJA,2020,04,12,14.3,-999,-999
104061,BORJA,2020,04,13,0.0,-999,-999
104061,BORJA,2020,04,14,10.2,-999,-999
104061,BORJA,2020,04,15,46.9,-999,-999
104061,BORJA,2020,04,16,50.6,-999,-999
104061,BORJA,2020,04,17,4.1,-999,-999
104061,BORJA,2020,04,18,0.0,-999,-999
104061,BORJA,2020,04,19,0.0,-999,-999
104061,BORJA,2020,04,20,0.0,-999,-999
104061,BORJA,2020,04,21,0.0,-999,-999
104061,BORJA,2020,04,22,0.0,-999,-999
104061,BORJA,2020,04,23,11.2,-999,-999
104061,BORJA,2020,04,24,0.0,-999,-999
104061,BORJA,2020,04,25,15.7,-999,-999
104061,BORJA,2020,04,26,37.3,-999,-999
104061,BORJA,2020,04,27,10.9,-999,-999
104061,BORJA,2020,04,28,0.0,-999,-999
104061,BORJA,2020,04,29,0.9,-999,-999
104061,BORJA,2020,04,30,0.0,-999,-999
104061,BORJA,2020,05,01,8.4,-999,-999
104061,BORJA,2020,05,02,3.4,-999,-999
104061,BORJA,2020,05,03,50.0,-999,-999
104061,BORJA,2020,05,04,0.0,-999,-999
104061,BORJA,2020,05,05,0.0,-999,-999
104061,BORJA,2020,05,06,10.8,-999,-999
104061,BORJA,2020,05,07,55.0,-999,-999
104061,BORJA,2020,05,08,0.0,-999,-999
104061,BORJA,2020,05,09,0.0,-999,-999
104061,BORJA,2020,05,10,0.0,-999,-999
104061,BORJA,2020,05,11,0.0,-999,-999
104061,BORJA,2020,05,12,47.2,-999,-999
104061,BORJA,2020,05,13,22.8,-999,-999
104061,BORJA,2020,05,14,1.1,-999,-999
104061,BORJA,2020,05,15,5.9,-999,-999
104061,BORJA,2020,05,16,0.0,-999,-999
104061,BORJA,2020,05,17,0.0,-999,-999
104061,BORJA,2020,05,18,0.0,-999,-999
104061,BORJA,2020,05,19,0.0,-999,-999
104061,BORJA,2020,05,20,53.5,-999,-999
104061,BORJA,2020,05,21,2.1,-999,-999
104061,BORJA,2020,05,22,3.4,-999,-999
104061,BORJA,2020,05,23,1.2,-999,-999
104061,BORJA,2020,05,24,34.4,-999,-999
104061,BORJA,2020,05,25,0.0,-999,-999
104061,BORJA,2020,05,26,0.0,-999,-999
104061,BORJA,2020,05,27,0.0,-999,-999
104061,BORJA,2020,05,28,0.0,-999,-999
104061,BORJA,2020,05,29,0.0,-999,-999
104061,BORJA,2020,05,30,3.8,-999,-999
104061,BORJA,2020,05,31,3.7,-999,-999
104061,BORJA,2020,06,01,3.8,-999,-999
104061,BORJA,2020,06,02,0.0,-999,-999
104061,BORJA,2020,06,03,11.8,-999,-999
104061,BORJA,2020,06,04,0.0,-999,-999
104061,BORJA,2020,06,05,62.2,-999,-999
104061,BORJA,2020,06,06,0.0,-999,-999
104061,BORJA,2020,06,07,0.0,-999,-999
104061,BORJA,2020,06,08,0.0,-999,-999
104061,BORJA,2020,06,09,0.0,-999,-999
104061,BORJA,2020,06,10,0.0,-999,-999
104061,BORJA,2020,06,11,0.0,-999,-999
104061,BORJA,2020,06,12,0.0,-999,-999
104061,BORJA,2020,06,13,0.0,-999,-999
104061,BORJA,2020,06,14,9.7,-999,-999
104061,BORJA,2020,06,15,7.2,-999,-999
104061,BORJA,2020,06,16,0.0,-999,-999
104061,BORJA,2020,06,17,0.0,-999,-999
104061,BORJA,2020,06,18,0.0,-999,-999
104061,BORJA,2020,06,19,46.7,-999,-999
104061,BORJA,2020,06,20,4.7,-999,-999
104061,BORJA,2020,06,21,0.6,-999,-999
104061,BORJA,2020,06,22,0.0,-999,-999
104061,BORJA,2020,06,23,0.0,-999,-999
104061,BORJA,2020,06,24,0.0,-999,-999
104061,BORJA,2020,06,25,64.9,-999,-999
104061,BORJA,2020,06,26,41.9,-999,-999
104061,BORJA,2020,06,27,0.0,-999,-999
104061,BORJA,2020,06,28,0.0,-999,-999
104061,BORJA,2020,06,29,0.0,-999,-999
104061,BORJA,2020,06,30,5.7,-999,-999
104061,BORJA,2020,07,01,6.7,-999,-999
104061,BORJA,2020,07,02,0.0,-999,-999
104061,BORJA,2020,07,03,0.0,-999,-999
104061,BORJA,2020,07,04,0.0,-999,-999
104061,BORJA,2020,07,05,4.9,-999,-999
104061,BORJA,2020,07,06,10.9,-999,-999
104061,BORJA,2020,07,07,2.1,-999,-999
104061,BORJA,2020,07,08,0.0,-999,-999
104061,BORJA,2020,07,09,9.7,-999,-999
104061,BORJA,2020,07,10,0.6,-999,-999
104061,BORJA,2020,07,11,0.0,-999,-999
104061,BORJA,2020,07,12,1.5,-999,-999
104061,BORJA,2020,07,13,7.7,-999,-999
104061,BORJA,2020,07,14,18.4,-999,-999
104061,BORJA,2020,07,15,19.3,-999,-999
104061,BORJA,2020,07,16,0.0,-999,-999
104061,BORJA,2020,07,17,0.0,-999,-999
104061,BORJA,2020,07,18,0.0,-999,-999
104061,BORJA,2020,07,19,0.0,-999,-999
104061,BORJA,2020,07,20,0.0,-999,-999
104061,BORJA,2020,07,21,0.0,-999,-999
104061,BORJA,2020,07,22,0.0,-999,-999
104061,BORJA,2020,07,23,0.0,-999,-999
104061,BORJA,2020,07,24,14.5,-999,-999
104061,BORJA,2020,07,25,20.5,-999,-999
104061,BORJA,2020,07,26,6.6,-999,-999
104061,BORJA,2020,07,27,0.0,-999,-999
104061,BORJA,2020,07,28,5.1,-999,-999
104061,BORJA,2020,07,29,7.1,-999,-999
104061,BORJA,2020,07,30,28.1,-999,-999
104061,BORJA,2020,07,31,3.8,-999,-999
104061,BORJA,2020,08,01,0.0,-999,-999
104061,BORJA,2020,08,02,0.0,-999,-999
104061,BORJA,2020,08,03,0.0,-999,-999
104061,BORJA,2020,08,04,0.0,-999,-999
104061,BORJA,2020,08,05,0.0,-999,-999
104061,BORJA,2020,08,06,0.0,-999,-999
104061,BORJA,2020,08,07,34.8,-999,-999
104061,BORJA,2020,08,08,0.0,-999,-999
104061,BORJA,2020,08,09,0.0,-999,-999
104061,BORJA,2020,08,10,0.0,-999,-999
104061,BORJA,2020,08,11,0.0,-999,-999
104061,BORJA,2020,08,12,0.0,-999,-999
104061,BORJA,2020,08,13,62.2,-999,-999
104061,BORJA,2020,08,14,0.0,-999,-999
104061,BORJA,2020,08,15,0.0,-999,-999
104061,BORJA,2020,08,16,0.0,-999,-999
104061,BORJA,2020,08,17,0.0,-999,-999
104061,BORJA,2020,08,18,0.0,-999,-999
104061,BORJA,2020,08,19,43.9,-999,-999
104061,BORJA,2020,08,20,19.8,-999,-999
104061,BORJA,2020,08,21,47.9,-999,-999
104061,BORJA,2020,08,22,4.0,-999,-999
104061,BORJA,2020,08,23,0.3,-999,-999
104061,BORJA,2020,08,24,0.0,-999,-999
104061,BORJA,2020,08,25,0.0,-999,-999
104061,BORJA,2020,08,26,0.0,-999,-999
104061,BORJA,2020,08,27,0.0,-999,-999
104061,BORJA,2020,08,28,0.0,-999,-999
104061,BORJA,2020,08,29,0.0,-999,-999
104061,BORJA,2020,08,30,9.4,-999,-999
104061,BORJA,2020,08,31,13.4,-999,-999
104061,BORJA,2020,09,01,0.0,-999,-999
104061,BORJA,2020,09,02,23.5,-999,-999
104061,BORJA,2020,09,03,0.0,-999,-999
104061,BORJA,2020,09,04,0.0,-999,-999
104061,BORJA,2020,09,05,0.0,-999,-999
104061,BORJA,2020,09,06,0.0,-999,-999
104061,BORJA,2020,09,07,62.2,-999,-999
104061,BORJA,2020,09,08,9.8,-999,-999
104061,BORJA,2020,09,09,13.3,-999,-999
104061,BORJA,2020,09,10,0.0,-999,-999
104061,BORJA,2020,09,11,24.2,-999,-999
104061,BORJA,2020,09,12,0.0,-999,-999
104061,BORJA,2020,09,13,60.2,-999,-999
104061,BORJA,2020,09,14,7.9,-999,-999
104061,BORJA,2020,09,15,23.2,-999,-999
104061,BORJA,2020,09,16,0.0,-999,-999
104061,BORJA,2020,09,17,0.0,-999,-999
104061,BORJA,2020,09,18,18.9,-999,-999
104061,BORJA,2020,09,19,0.0,-999,-999
104061,BORJA,2020,09,20,2.4,-999,-999
104061,BORJA,2020,09,21,21.5,-999,-999
104061,BORJA,2020,09,22,0.7,-999,-999
104061,BORJA,2020,09,23,21.9,-999,-999
104061,BORJA,2020,09,24,23.2,-999,-999
104061,BORJA,2020,09,25,0.0,-999,-999
104061,BORJA,2020,09,26,0.0,-999,-999
104061,BORJA,2020,09,27,0.0,-999,-999
104061,BORJA,2020,09,28,26.9,-999,-999
104061,BORJA,2020,09,29,60.2,-999,-999
104061,BORJA,2020,09,30,2.9,-999,-999
104061,BORJA,2020,10,01,0.0,-999,-999
104061,BORJA,2020,10,02,0.0,-999,-999
104061,BORJA,2020,10,03,11.0,-999,-999
104061,BORJA,2020,10,04,18.8,-999,-999
104061,BORJA,2020,10,05,0.0,-999,-999
104061,BORJA,2020,10,06,0.0,-999,-999
104061,BORJA,2020,10,07,2.4,-999,-999
104061,BORJA,2020,10,08,21.6,-999,-999
104061,BORJA,2020,10,09,0.0,-999,-999
104061,BORJA,2020,10,10,0.0,-999,-999
104061,BORJA,2020,10,11,0.0,-999,-999
104061,BORJA,2020,10,12,0.0,-999,-999
104061,BORJA,2020,10,13,0.0,-999,-999
104061,BORJA,2020,10,14,3.6,-999,-999
104061,BORJA,2020,10,15,12.2,-999,-999
104061,BORJA,2020,10,16,15.5,-999,-999
104061,BORJA,2020,10,17,0.0,-999,-999
104061,BORJA,2020,10,18,0.0,-999,-999
104061,BORJA,2020,10,19,0.0,-999,-999
104061,BORJA,2020,10,20,29.2,-999,-999
104061,BORJA,2020,10,21,10.2,-999,-999
104061,BORJA,2020,10,22,0.0,-999,-999
104061,BORJA,2020,10,23,0.0,-999,-999
104061,BORJA,2020,10,24,0.0,-999,-999
104061,BORJA,2020,10,25,11.2,-999,-999
104061,BORJA,2020,10,26,0.0,-999,-999
104061,BORJA,2020,10,27,0.0,-999,-999
104061,BORJA,2020,10,28,0.0,-999,-999
104061,BORJA,2020,10,29,0.0,-999,-999
104061,BORJA,2020,10,30,0.0,-999,-999
104061,BORJA,2020,10,31,0.0,-999,-999
104061,BORJA,2020,11,01,0.0,-999,-999
104061,BORJA,2020,11,02,0.0,-999,-999
104061,BORJA,2020,11,03,0.0,-999,-999
104061,BORJA,2020,11,04,0.0,-999,-999
104061,BORJA,2020,11,05,0.0,-999,-999
104061,BORJA,2020,11,06,14.1,-999,-999
104061,BORJA,2020,11,07,16.5,-999,-999
104061,BORJA,2020,11,08,2.1,-999,-999
104061,BORJA,2020,11,09,0.0,-999,-999
104061,BORJA,2020,11,10,3.0,-999,-999
104061,BORJA,2020,11,11,10.9,-999,-999
104061,BORJA,2020,11,12,1.9,-999,-999
104061,BORJA,2020,11,13,0.0,-999,-999
104061,BORJA,2020,11,14,76.6,-999,-999
104061,BORJA,2020,11,15,1.6,-999,-999
104061,BORJA,2020,11,16,1.1,-999,-999
104061,BORJA,2020,11,17,0.0,-999,-999
104061,BORJA,2020,11,18,16.1,-999,-999
104061,BORJA,2020,11,19,0.0,-999,-999
104061,BORJA,2020,11,20,0.0,-999,-999
104061,BORJA,2020,11,21,53.4,-999,-999
104061,BORJA,2020,11,22,3.2,-999,-999
104061,BORJA,2020,11,23,2.2,-999,-999
104061,BORJA,2020,11,24,1.9,-999,-999
104061,BORJA,2020,11,25,0.0,-999,-999
104061,BORJA,2020,11,26,57.4,-999,-999
104061,BORJA,2020,11,27,19.2,-999,-999
104061,BORJA,2020,11,28,0.7,-999,-999
104061,BORJA,2020,11,29,4.4,-999,-999
104061,BORJA,2020,11,30,2.7,-999,-999
104061,BORJA,2020,12,01,8.5,-999,-999
104061,BORJA,2020,12,02,18.4,-999,-999
104061,BORJA,2020,12,03,23.6,-999,-999
104061,BORJA,2020,12,04,30.9,-999,-999
104061,BORJA,2020,12,05,8.2,-999,-999
104061,BORJA,2020,12,06,0.0,-999,-999
104061,BORJA,2020,12,07,23.8,-999,-999
104061,BORJA,2020,12,08,12.2,-999,-999
104061,BORJA,2020,12,09,0.0,-999,-999
104061,BORJA,2020,12,10,0.0,-999,-999
104061,BORJA,2020,12,11,0.0,-999,-999
104061,BORJA,2020,12,12,53.7,-999,-999
104061,BORJA,2020,12,13,7.4,-999,-999
104061,BORJA,2020,12,14,0.0,-999,-999
104061,BORJA,2020,12,15,12.3,-999,-999
104061,BORJA,2020,12,16,0.5,-999,-999
104061,BORJA,2020,12,17,19.6,-999,-999
104061,BORJA,2020,12,18,0.5,-999,-999
104061,BORJA,2020,12,19,14.8,-999,-999
104061,BORJA,2020,12,20,15.5,-999,-999
104061,BORJA,2020,12,21,0.9,-999,-999
104061,BORJA,2020,12,22,32.6,-999,-999
104061,BORJA,2020,12,23,0.0,-999,-999
104061,BORJA,2020,12,24,7.1,-999,-999
104061,BORJA,2020,12,25,0.0,-999,-999
104061,BORJA,2020,12,26,0.0,-999,-999
104061,BORJA,2020,12,27,0.9,-999,-999
104061,BORJA,2020,12,28,0.0,-999,-999
104061,BORJA,2020,12,29,0.0,-999,-999
104061,BORJA,2020,12,30,0.0,-999,-999
104061,BORJA,2020,12,31,0.0,-999,-999
104061,BORJA,2021,01,01,49.7,-999,-999
104061,BORJA,2021,01,02,0.0,-999,-999
104061,BORJA,2021,01,03,1.4,-999,-999
104061,BORJA,2021,01,04,28.0,-999,-999
104061,BORJA,2021,01,05,13.4,-999,-999
104061,BORJA,2021,01,06,10.9,-999,-999
104061,BORJA,2021,01,07,18.9,-999,-999
104061,BORJA,2021,01,08,0.0,-999,-999
104061,BORJA,2021,01,09,6.7,-999,-999
104061,BORJA,2021,01,10,0.7,-999,-999
104061,BORJA,2021,01,11,0.0,-999,-999
104061,BORJA,2021,01,12,4.8,-999,-999
104061,BORJA,2021,01,13,21.4,-999,-999
104061,BORJA,2021,01,14,0.0,-999,-999
104061,BORJA,2021,01,15,16.9,-999,-999
104061,BORJA,2021,01,16,1.6,-999,-999
104061,BORJA,2021,01,17,14.9,-999,-999
104061,BORJA,2021,01,18,3.1,-999,-999
104061,BORJA,2021,01,19,34.2,-999,-999
104061,BORJA,2021,01,20,6.2,-999,-999
104061,BORJA,2021,01,21,6.4,-999,-999
104061,BORJA,2021,01,22,16.5,-999,-999
104061,BORJA,2021,01,23,19.3,-999,-999
104061,BORJA,2021,01,24,1.5,-999,-999
104061,BORJA,2021,01,25,18.7,-999,-999
104061,BORJA,2021,01,26,3.1,-999,-999
104061,BORJA,2021,01,27,0.0,-999,-999
104061,BORJA,2021,01,28,0.0,-999,-999
104061,BORJA,2021,01,29,0.0,-999,-999
104061,BORJA,2021,01,30,0.0,-999,-999
104061,BORJA,2021,01,31,0.0,-999,-999
104061,BORJA,2021,02,01,0.0,-999,-999
104061,BORJA,2021,02,02,5.1,-999,-999
104061,BORJA,2021,02,03,12.8,-999,-999
104061,BORJA,2021,02,04,5.6,-999,-999
104061,BORJA,2021,02,05,0.0,-999,-999
104061,BORJA,2021,02,06,37.5,-999,-999
104061,BORJA,2021,02,07,0.0,-999,-999
104061,BORJA,2021,02,08,0.0,-999,-999
104061,BORJA,2021,02,09,0.0,-999,-999
104061,BORJA,2021,02,10,31.4,-999,-999
104061,BORJA,2021,02,11,40.3,-999,-999
104061,BORJA,2021,02,12,12.1,-999,-999
104061,BORJA,2021,02,13,0.0,-999,-999
104061,BORJA,2021,02,14,25.6,-999,-999
104061,BORJA,2021,02,15,29.1,-999,-999
104061,BORJA,2021,02,16,0.0,-999,-999
104061,BORJA,2021,02,17,0.0,-999,-999
104061,BORJA,2021,02,18,3.4,-999,-999
104061,BORJA,2021,02,19,0.0,-999,-999
104061,BORJA,2021,02,20,0.0,-999,-999
104061,BORJA,2021,02,21,0.0,-999,-999
104061,BORJA,2021,02,22,14.6,-999,-999
104061,BORJA,2021,02,23,14.2,-999,-999
104061,BORJA,2021,02,24,5.6,-999,-999
104061,BORJA,2021,02,25,0.0,-999,-999
104061,BORJA,2021,02,26,0.0,-999,-999
104061,BORJA,2021,02,27,6.1,-999,-999
104061,BORJA,2021,02,28,3.5,-999,-999
104061,BORJA,2021,03,01,4.2,-999,-999
104061,BORJA,2021,03,02,4.4,-999,-999
104061,BORJA,2021,03,03,0.0,-999,-999
104061,BORJA,2021,03,04,30.2,-999,-999
104061,BORJA,2021,03,05,17.9,-999,-999
104061,BORJA,2021,03,06,3.4,-999,-999
104061,BORJA,2021,03,07,9.4,-999,-999
104061,BORJA,2021,03,08,0.0,-999,-999
104061,BORJA,2021,03,09,33.1,-999,-999
104061,BORJA,2021,03,10,0.0,-999,-999
104061,BORJA,2021,03,11,0.0,-999,-999
104061,BORJA,2021,03,12,24.3,-999,-999
104061,BORJA,2021,03,13,0.9,-999,-999
104061,BORJA,2021,03,14,27.4,-999,-999
104061,BORJA,2021,03,15,0.6,-999,-999
104061,BORJA,2021,03,16,8.8,-999,-999
104061,BORJA,2021,03,17,0.0,-999,-999
104061,BORJA,2021,03,18,15.7,-999,-999
104061,BORJA,2021,03,19,0.0,-999,-999
104061,BORJA,2021,03,20,47.8,-999,-999
104061,BORJA,2021,03,21,6.9,-999,-999
104061,BORJA,2021,03,22,2.8,-999,-999
104061,BORJA,2021,03,23,54.5,-999,-999
104061,BORJA,2021,03,24,0.0,-999,-999
104061,BORJA,2021,03,25,0.0,-999,-999
104061,BORJA,2021,03,26,9.7,-999,-999
104061,BORJA,2021,03,27,25.0,-999,-999
104061,BORJA,2021,03,28,9.6,-999,-999
104061,BORJA,2021,03,29,4.4,-999,-999
104061,BORJA,2021,03,30,13.5,-999,-999
104061,BORJA,2021,03,31,1.8,-999,-999
104061,BORJA,2021,04,01,0.0,-999,-999
104061,BORJA,2021,04,02,33.5,-999,-999
104061,BORJA,2021,04,03,52.9,-999,-999
104061,BORJA,2021,04,04,7.9,-999,-999
104061,BORJA,2021,04,05,4.6,-999,-999
104061,BORJA,2021,04,06,0.0,-999,-999
104061,BORJA,2021,04,07,26.3,-999,-999
104061,BORJA,2021,04,08,0.0,-999,-999
104061,BORJA,2021,04,09,5.6,-999,-999
104061,BORJA,2021,04,10,18.7,-999,-999
104061,BORJA,2021,04,11,2.1,-999,-999
104061,BORJA,2021,04,12,21.1,-999,-999
104061,BORJA,2021,04,13,4.0,-999,-999
104061,BORJA,2021,04,14,0.6,-999,-999
104061,BORJA,2021,04,15,0.0,-999,-999
104061,BORJA,2021,04,16,25.2,-999,-999
104061,BORJA,2021,04,17,13.9,-999,-999
104061,BORJA,2021,04,18,5.6,-999,-999
104061,BORJA,2021,04,19,18.9,-999,-999
104061,BORJA,2021,04,20,2.8,-999,-999
104061,BORJA,2021,04,21,12.3,-999,-999
104061,BORJA,2021,04,22,0.0,-999,-999
104061,BORJA,2021,04,23,8.7,-999,-999
104061,BORJA,2021,04,24,0.0,-999,-999
104061,BORJA,2021,04,25,20.5,-999,-999
104061,BORJA,2021,04,26,4.5,-999,-999
104061,BORJA,2021,04,27,39.3,-999,-999
104061,BORJA,2021,04,28,7.8,-999,-999
104061,BORJA,2021,04,29,45.4,-999,-999
104061,BORJA,2021,04,30,0.0,-999,-999
104061,BORJA,2021,05,01,0.0,-999,-999
104061,BORJA,2021,05,02,0.0,-999,-999
104061,BORJA,2021,05,03,1.4,-999,-999
104061,BORJA,2021,05,04,0.0,-999,-999
104061,BORJA,2021,05,05,0.0,-999,-999
104061,BORJA,2021,05,06,30.4,-999,-999
104061,BORJA,2021,05,07,38.1,-999,-999
104061,BORJA,2021,05,08,2.3,-999,-999
104061,BORJA,2021,05,09,0.0,-999,-999
104061,BORJA,2021,05,10,0.0,-999,-999
104061,BORJA,2021,05,11,0.0,-999,-999
104061,BORJA,2021,05,12,6.3,-999,-999
104061,BORJA,2021,05,13,18.2,-999,-999
104061,BORJA,2021,05,14,27.6,-999,-999
104061,BORJA,2021,05,15,2.1,-999,-999
104061,BORJA,2021,05,16,1.9,-999,-999
104061,BORJA,2021,05,17,5.7,-999,-999
104061,BORJA,2021,05,18,16.4,-999,-999
104061,BORJA,2021,05,19,0.0,-999,-999
104061,BORJA,2021,05,20,0.0,-999,-999
104061,BORJA,2021,05,21,0.0,-999,-999
104061,BORJA,2021,05,22,9.5,-999,-999
104061,BORJA,2021,05,23,0.0,-999,-999
104061,BORJA,2021,05,24,17.5,-999,-999
104061,BORJA,2021,05,25,0.0,-999,-999
104061,BORJA,2021,05,26,0.0,-999,-999
104061,BORJA,2021,05,27,0.0,-999,-999
104061,BORJA,2021,05,28,1.8,-999,-999
104061,BORJA,2021,05,29,0.0,-999,-999
104061,BORJA,2021,05,30,44.4,-999,-999
104061,BORJA,2021,05,31,0.0,-999,-999
104061,BORJA,2021,06,01,0.0,-999,-999
104061,BORJA,2021,06,02,0.0,-999,-999
104061,BORJA,2021,06,03,24.9,-999,-999
104061,BORJA,2021,06,04,20.6,-999,-999
104061,BORJA,2021,06,05,0.0,-999,-999
104061,BORJA,2021,06,06,29.4,-999,-999
104061,BORJA,2021,06,07,0.0,-999,-999
104061,BORJA,2021,06,08,0.0,-999,-999
104061,BORJA,2021,06,09,0.0,-999,-999
104061,BORJA,2021,06,10,5.8,-999,-999
104061,BORJA,2021,06,11,24.1,-999,-999
104061,BORJA,2021,06,12,25.0,-999,-999
104061,BORJA,2021,06,13,0.0,-999,-999
104061,BORJA,2021,06,14,16.8,-999,-999
104061,BORJA,2021,06,15,1.2,-999,-999
104061,BORJA,2021,06,16,5.6,-999,-999
104061,BORJA,2021,06,17,0.0,-999,-999
104061,BORJA,2021,06,18,0.0,-999,-999
104061,BORJA,2021,06,19,57.6,-999,-999
104061,BORJA,2021,06,20,3.7,-999,-999
104061,BORJA,2021,06,21,5.6,-999,-999
104061,BORJA,2021,06,22,3.6,-999,-999
104061,BORJA,2021,06,23,0.0,-999,-999
104061,BORJA,2021,06,24,0.0,-999,-999
104061,BORJA,2021,06,25,0.0,-999,-999
104061,BORJA,2021,06,26,2.7,-999,-999
104061,BORJA,2021,06,27,0.0,-999,-999
104061,BORJA,2021,06,28,17.3,-999,-999
104061,BORJA,2021,06,29,26.2,-999,-999
104061,BORJA,2021,06,30,0.0,-999,-999
104061,BORJA,2021,07,01,0.0,-999,-999
104061,BORJA,2021,07,02,0.0,-999,-999
104061,BORJA,2021,07,03,0.0,-999,-999
104061,BORJA,2021,07,04,0.0,-999,-999
104061,BORJA,2021,07,05,0.0,-999,-999
104061,BORJA,2021,07,06,0.0,-999,-999
104061,BORJA,2021,07,07,0.0,-999,-999
104061,BORJA,2021,07,08,12.3,-999,-999
104061,BORJA,2021,07,09,12.5,-999,-999
104061,BORJA,2021,07,10,0.0,-999,-999
104061,BORJA,2021,07,11,4.3,-999,-999
104061,BORJA,2021,07,12,7.2,-999,-999
104061,BORJA,2021,07,13,0.0,-999,-999
104061,BORJA,2021,07,14,0.0,-999,-999
104061,BORJA,2021,07,15,0.0,-999,-999
104061,BORJA,2021,07,16,16.3,-999,-999
104061,BORJA,2021,07,17,2.1,-999,-999
104061,BORJA,2021,07,18,5.1,-999,-999
104061,BORJA,2021,07,19,29.4,-999,-999
104061,BORJA,2021,07,20,0.0,-999,-999
104061,BORJA,2021,07,21,0.0,-999,-999
104061,BORJA,2021,07,22,0.0,-999,-999
104061,BORJA,2021,07,23,0.0,-999,-999
104061,BORJA,2021,07,24,0.0,-999,-999
104061,BORJA,2021,07,25,0.0,-999,-999
104061,BORJA,2021,07,26,0.0,-999,-999
104061,BORJA,2021,07,27,0.0,-999,-999
104061,BORJA,2021,07,28,5.4,-999,-999
104061,BORJA,2021,07,29,24.5,-999,-999
104061,BORJA,2021,07,30,0.0,-999,-999
104061,BORJA,2021,07,31,0.0,-999,-999
104061,BORJA,2021,08,01,21.4,-999,-999
104061,BORJA,2021,08,02,0.0,-999,-999
104061,BORJA,2021,08,03,0.0,-999,-999
104061,BORJA,2021,08,04,0.0,-999,-999
104061,BORJA,2021,08,05,0.0,-999,-999
104061,BORJA,2021,08,06,0.0,-999,-999
104061,BORJA,2021,08,07,0.0,-999,-999
104061,BORJA,2021,08,08,0.0,-999,-999
104061,BORJA,2021,08,09,0.0,-999,-999
104061,BORJA,2021,08,10,2.6,-999,-999
104061,BORJA,2021,08,11,1.9,-999,-999
104061,BORJA,2021,08,12,44.2,-999,-999
104061,BORJA,2021,08,13,0.0,-999,-999
104061,BORJA,2021,08,14,9.7,-999,-999
104061,BORJA,2021,08,15,0.0,-999,-999
104061,BORJA,2021,08,16,0.0,-999,-999
104061,BORJA,2021,08,17,0.0,-999,-999
104061,BORJA,2021,08,18,0.0,-999,-999
104061,BORJA,2021,08,19,0.0,-999,-999
104061,BORJA,2021,08,20,0.0,-999,-999
104061,BORJA,2021,08,21,16.2,-999,-999
104061,BORJA,2021,08,22,44.6,-999,-999
104061,BORJA,2021,08,23,0.0,-999,-999
104061,BORJA,2021,08,24,0.0,-999,-999
104061,BORJA,2021,08,25,0.0,-999,-999
104061,BORJA,2021,08,26,11.2,-999,-999
104061,BORJA,2021,08,27,14.5,-999,-999
104061,BORJA,2021,08,28,1.6,-999,-999
104061,BORJA,2021,08,29,1.7,-999,-999
104061,BORJA,2021,08,30,22.1,-999,-999
104061,BORJA,2021,08,31,0.0,-999,-999
104061,BORJA,2021,09,01,0.0,-999,-999
104061,BORJA,2021,09,02,2.5,-999,-999
104061,BORJA,2021,09,03,8.5,-999,-999
104061,BORJA,2021,09,04,0.0,-999,-999
104061,BORJA,2021,09,05,8.1,-999,-999
104061,BORJA,2021,09,06,5.9,-999,-999
104061,BORJA,2021,09,07,0.0,-999,-999
104061,BORJA,2021,09,08,0.0,-999,-999
104061,BORJA,2021,09,09,0.0,-999,-999
104061,BORJA,2021,09,10,59.1,-999,-999
104061,BORJA,2021,09,11,3.7,-999,-999
104061,BORJA,2021,09,12,0.0,-999,-999
104061,BORJA,2021,09,13,0.0,-999,-999
104061,BORJA,2021,09,14,0.0,-999,-999
104061,BORJA,2021,09,15,19.5,-999,-999
104061,BORJA,2021,09,16,31.5,-999,-999
104061,BORJA,2021,09,17,0.0,-999,-999
104061,BORJA,2021,09,18,0.0,-999,-999
104061,BORJA,2021,09,19,0.0,-999,-999
104061,BORJA,2021,09,20,12.4,-999,-999
104061,BORJA,2021,09,21,39.4,-999,-999
104061,BORJA,2021,09,22,19.0,-999,-999
104061,BORJA,2021,09,23,0.0,-999,-999
104061,BORJA,2021,09,24,0.0,-999,-999
104061,BORJA,2021,09,25,56.3,-999,-999
104061,BORJA,2021,09,26,0.0,-999,-999
104061,BORJA,2021,09,27,0.0,-999,-999
104061,BORJA,2021,09,28,0.0,-999,-999
104061,BORJA,2021,09,29,21.8,-999,-999
104061,BORJA,2021,09,30,0.0,-999,-999
104061,BORJA,2021,10,01,0.0,-999,-999
104061,BORJA,2021,10,02,0.0,-999,-999
104061,BORJA,2021,10,03,0.0,-999,-999
104061,BORJA,2021,10,04,0.0,-999,-999
104061,BORJA,2021,10,05,4.5,-999,-999
104061,BORJA,2021,10,06,7.5,-999,-999
104061,BORJA,2021,10,07,0.0,-999,-999
104061,BORJA,2021,10,08,15.2,-999,-999
104061,BORJA,2021,10,09,1.1,-999,-999
104061,BORJA,2021,10,10,0.0,-999,-999
104061,BORJA,2021,10,11,0.0,-999,-999
104061,BORJA,2021,10,12,18.5,-999,-999
104061,BORJA,2021,10,13,0.0,-999,-999
104061,BORJA,2021,10,14,15.5,-999,-999
104061,BORJA,2021,10,15,15.3,-999,-999
104061,BORJA,2021,10,16,0.0,-999,-999
104061,BORJA,2021,10,17,0.0,-999,-999
104061,BORJA,2021,10,18,29.3,-999,-999
104061,BORJA,2021,10,19,36.3,-999,-999
104061,BORJA,2021,10,20,0.0,-999,-999
104061,BORJA,2021,10,21,13.5,-999,-999
104061,BORJA,2021,10,22,0.0,-999,-999
104061,BORJA,2021,10,23,0.0,-999,-999
104061,BORJA,2021,10,24,3.2,-999,-999
104061,BORJA,2021,10,25,37.5,-999,-999
104061,BORJA,2021,10,26,3.4,-999,-999
104061,BORJA,2021,10,27,0.0,-999,-999
104061,BORJA,2021,10,28,19.2,-999,-999
104061,BORJA,2021,10,29,2.9,-999,-999
104061,BORJA,2021,10,30,0.0,-999,-999
104061,BORJA,2021,10,31,0.0,-999,-999
104061,BORJA,2021,11,01,0.0,-999,-999
104061,BORJA,2021,11,02,41.6,-999,-999
104061,BORJA,2021,11,03,0.0,-999,-999
104061,BORJA,2021,11,04,15.8,-999,-999
104061,BORJA,2021,11,05,30.8,-999,-999
104061,BORJA,2021,11,06,6.5,-999,-999
104061,BORJA,2021,11,07,0.0,-999,-999
104061,BORJA,2021,11,08,7.1,-999,-999
104061,BORJA,2021,11,09,4.3,-999,-999
104061,BORJA,2021,11,10,22.9,-999,-999
104061,BORJA,2021,11,11,22.7,-999,-999
104061,BORJA,2021,11,12,2.4,-999,-999
104061,BORJA,2021,11,13,60.2,-999,-999
104061,BORJA,2021,11,14,5.2,-999,-999
104061,BORJA,2021,11,15,10.2,-999,-999
104061,BORJA,2021,11,16,4.1,-999,-999
104061,BORJA,2021,11,17,6.2,-999,-999
104061,BORJA,2021,11,18,30.2,-999,-999
104061,BORJA,2021,11,19,0.0,-999,-999
104061,BORJA,2021,11,20,45.7,-999,-999
104061,BORJA,2021,11,21,10.2,-999,-999
104061,BORJA,2021,11,22,0.0,-999,-999
104061,BORJA,2021,11,23,0.0,-999,-999
104061,BORJA,2021,11,24,5.2,-999,-999
104061,BORJA,2021,11,25,12.7,-999,-999
104061,BORJA,2021,11,26,0.0,-999,-999
104061,BORJA,2021,11,27,0.0,-999,-999
104061,BORJA,2021,11,28,5.1,-999,-999
104061,BORJA,2021,11,29,14.1,-999,-999
104061,BORJA,2021,11,30,0.0,-999,-999
104061,BORJA,2021,12,01,0.0,-999,-999
104061,BORJA,2021,12,02,9.5,-999,-999
104061,BORJA,2021,12,03,31.7,-999,-999
104061,BORJA,2021,12,04,17.4,-999,-999
104061,BORJA,2021,12,05,9.5,-999,-999
104061,BORJA,2021,12,06,3.4,-999,-999
104061,BORJA,2021,12,07,0.0,-999,-999
104061,BORJA,2021,12,08,0.0,-999,-999
104061,BORJA,2021,12,09,20.7,-999,-999
104061,BORJA,2021,12,10,1.4,-999,-999
104061,BORJA,2021,12,11,0.0,-999,-999
104061,BORJA,2021,12,12,0.0,-999,-999
104061,BORJA,2021,12,13,1.9,-999,-999
104061,BORJA,2021,12,14,0.0,-999,-999
104061,BORJA,2021,12,15,5.3,-999,-999
104061,BORJA,2021,12,16,35.4,-999,-999
104061,BORJA,2021,12,17,6.3,-999,-999
104061,BORJA,2021,12,18,16.5,-999,-999
104061,BORJA,2021,12,19,0.0,-999,-999
104061,BORJA,2021,12,20,0.0,-999,-999
104061,BORJA,2021,12,21,5.4,-999,-999
104061,BORJA,2021,12,22,62.2,-999,-999
104061,BORJA,2021,12,23,64.3,-999,-999
104061,BORJA,2021,12,24,30.6,-999,-999
104061,BORJA,2021,12,25,15.5,-999,-999
104061,BORJA,2021,12,26,0.0,-999,-999
104061,BORJA,2021,12,27,7.8,-999,-999
104061,BORJA,2021,12,28,37.6,-999,-999
104061,BORJA,2021,12,29,0.5,-999,-999
104061,BORJA,2021,12,30,0.0,-999,-999
104061,BORJA,2021,12,31,0.0,-999,-999
104061,BORJA,2022,01,01,24.8,-999,-999
104061,BORJA,2022,01,02,7.6,-999,-999
104061,BORJA,2022,01,03,0.0,-999,-999
104061,BORJA,2022,01,04,1.9,-999,-999
104061,BORJA,2022,01,05,0.0,-999,-999
104061,BORJA,2022,01,06,0.0,-999,-999
104061,BORJA,2022,01,07,0.0,-999,-999
104061,BORJA,2022,01,08,14.5,-999,-999
104061,BORJA,2022,01,09,0.0,-999,-999
104061,BORJA,2022,01,10,1.8,-999,-999
104061,BORJA,2022,01,11,0.0,-999,-999
104061,BORJA,2022,01,12,0.0,-999,-999
104061,BORJA,2022,01,13,11.6,-999,-999
104061,BORJA,2022,01,14,2.1,-999,-999
104061,BORJA,2022,01,15,8.9,-999,-999
104061,BORJA,2022,01,16,0.0,-999,-999
104061,BORJA,2022,01,17,0.0,-999,-999
104061,BORJA,2022,01,18,0.0,-999,-999
104061,BORJA,2022,01,19,0.0,-999,-999
104061,BORJA,2022,01,20,0.0,-999,-999
104061,BORJA,2022,01,21,0.0,-999,-999
104061,BORJA,2022,01,22,0.0,-999,-999
104061,BORJA,2022,01,23,7.9,-999,-999
104061,BORJA,2022,01,24,2.5,-999,-999
104061,BORJA,2022,01,25,69.7,-999,-999
104061,BORJA,2022,01,26,5.3,-999,-999
104061,BORJA,2022,01,27,16.3,-999,-999
104061,BORJA,2022,01,28,0.0,-999,-999
104061,BORJA,2022,01,29,0.0,-999,-999
104061,BORJA,2022,01,30,0.0,-999,-999
104061,BORJA,2022,01,31,0.0,-999,-999
104061,BORJA,2022,02,01,0.0,-999,-999
104061,BORJA,2022,02,02,0.0,-999,-999
104061,BORJA,2022,02,03,4.1,-999,-999
104061,BORJA,2022,02,04,2.1,-999,-999
104061,BORJA,2022,02,05,0.0,-999,-999
104061,BORJA,2022,02,06,1.1,-999,-999
104061,BORJA,2022,02,07,41.8,-999,-999
104061,BORJA,2022,02,08,0.0,-999,-999
104061,BORJA,2022,02,09,0.0,-999,-999
104061,BORJA,2022,02,10,0.0,-999,-999
104061,BORJA,2022,02,11,1.5,-999,-999
104061,BORJA,2022,02,12,1.9,-999,-999
104061,BORJA,2022,02,13,13.5,-999,-999
104061,BORJA,2022,02,14,62.2,-999,-999
104061,BORJA,2022,02,15,18.5,-999,-999
104061,BORJA,2022,02,16,0.0,-999,-999
104061,BORJA,2022,02,17,0.0,-999,-999
104061,BORJA,2022,02,18,0.0,-999,-999
104061,BORJA,2022,02,19,0.0,-999,-999
104061,BORJA,2022,02,20,0.0,-999,-999
104061,BORJA,2022,02,21,8.1,-999,-999
104061,BORJA,2022,02,22,73.6,-999,-999
104061,BORJA,2022,02,23,1.5,-999,-999
104061,BORJA,2022,02,24,0.0,-999,-999
104061,BORJA,2022,02,25,14.3,-999,-999
104061,BORJA,2022,02,26,32.0,-999,-999
104061,BORJA,2022,02,27,0.0,-999,-999
104061,BORJA,2022,02,28,0.0,-999,-999
104061,BORJA,2022,03,01,26.8,-999,-999
104061,BORJA,2022,03,02,9.7,-999,-999
104061,BORJA,2022,03,03,22.1,-999,-999
104061,BORJA,2022,03,04,2.1,-999,-999
104061,BORJA,2022,03,05,0.0,-999,-999
104061,BORJA,2022,03,06,10.1,-999,-999
104061,BORJA,2022,03,07,0.0,-999,-999
104061,BORJA,2022,03,08,0.0,-999,-999
104061,BORJA,2022,03,09,1.5,-999,-999
104061,BORJA,2022,03,10,10.1,-999,-999
104061,BORJA,2022,03,11,4.1,-999,-999
104061,BORJA,2022,03,12,0.0,-999,-999
104061,BORJA,2022,03,13,62.2,-999,-999
104061,BORJA,2022,03,14,1.8,-999,-999
104061,BORJA,2022,03,15,32.8,-999,-999
104061,BORJA,2022,03,16,13.8,-999,-999
104061,BORJA,2022,03,17,4.6,-999,-999
104061,BORJA,2022,03,18,0.0,-999,-999
104061,BORJA,2022,03,19,9.1,-999,-999
104061,BORJA,2022,03,20,36.6,-999,-999
104061,BORJA,2022,03,21,21.7,-999,-999
104061,BORJA,2022,03,22,0.0,-999,-999
104061,BORJA,2022,03,23,27.4,-999,-999
104061,BORJA,2022,03,24,14.3,-999,-999
104061,BORJA,2022,03,25,8.1,-999,-999
104061,BORJA,2022,03,26,19.4,-999,-999
104061,BORJA,2022,03,27,28.3,-999,-999
104061,BORJA,2022,03,28,0.0,-999,-999
104061,BORJA,2022,03,29,18.4,-999,-999
104061,BORJA,2022,03,30,0.0,-999,-999
104061,BORJA,2022,03,31,6.5,-999,-999
104061,BORJA,2022,04,01,50.8,-999,-999
104061,BORJA,2022,04,02,25.1,-999,-999
104061,BORJA,2022,04,03,0.0,-999,-999
104061,BORJA,2022,04,04,0.0,-999,-999
104061,BORJA,2022,04,05,11.5,-999,-999
104061,BORJA,2022,04,06,115.0,-999,-999
104061,BORJA,2022,04,07,0.0,-999,-999
104061,BORJA,2022,04,08,8.9,-999,-999
104061,BORJA,2022,04,09,30.6,-999,-999
104061,BORJA,2022,04,10,0.0,-999,-999
104061,BORJA,2022,04,11,1.8,-999,-999
104061,BORJA,2022,04,12,20.8,-999,-999
104061,BORJA,2022,04,13,33.5,-999,-999
104061,BORJA,2022,04,14,27.5,-999,-999
104061,BORJA,2022,04,15,18.2,-999,-999
104061,BORJA,2022,04,16,0.0,-999,-999
104061,BORJA,2022,04,17,18.9,-999,-999
104061,BORJA,2022,04,18,34.9,-999,-999
104061,BORJA,2022,04,19,0.0,-999,-999
104061,BORJA,2022,04,20,8.3,-999,-999
104061,BORJA,2022,04,21,0.0,-999,-999
104061,BORJA,2022,04,22,0.0,-999,-999
104061,BORJA,2022,04,23,9.5,-999,-999
104061,BORJA,2022,04,24,1.4,-999,-999
104061,BORJA,2022,04,25,0.0,-999,-999
104061,BORJA,2022,04,26,0.0,-999,-999
104061,BORJA,2022,04,27,0.0,-999,-999
104061,BORJA,2022,04,28,0.0,-999,-999
104061,BORJA,2022,04,29,38.3,-999,-999
104061,BORJA,2022,04,30,2.9,-999,-999
104061,BORJA,2022,05,01,0.0,-999,-999
104061,BORJA,2022,05,02,0.0,-999,-999
104061,BORJA,2022,05,03,21.3,-999,-999
104061,BORJA,2022,05,04,48.2,-999,-999
104061,BORJA,2022,05,05,53.5,-999,-999
104061,BORJA,2022,05,06,0.0,-999,-999
104061,BORJA,2022,05,07,0.0,-999,-999
104061,BORJA,2022,05,08,0.0,-999,-999
104061,BORJA,2022,05,09,0.0,-999,-999
104061,BORJA,2022,05,10,44.2,-999,-999
104061,BORJA,2022,05,11,1.6,-999,-999
104061,BORJA,2022,05,12,12.5,-999,-999
104061,BORJA,2022,05,13,7.4,-999,-999
104061,BORJA,2022,05,14,18.4,-999,-999
104061,BORJA,2022,05,15,0.0,-999,-999
104061,BORJA,2022,05,16,31.8,-999,-999
104061,BORJA,2022,05,17,18.7,-999,-999
104061,BORJA,2022,05,18,6.8,-999,-999
104061,BORJA,2022,05,19,0.0,-999,-999
104061,BORJA,2022,05,20,0.0,-999,-999
104061,BORJA,2022,05,21,0.0,-999,-999
104061,BORJA,2022,05,22,0.0,-999,-999
104061,BORJA,2022,05,23,10.2,-999,-999
104061,BORJA,2022,05,24,20.4,-999,-999
104061,BORJA,2022,05,25,22.1,-999,-999
104061,BORJA,2022,05,26,24.2,-999,-999
104061,BORJA,2022,05,27,10.6,-999,-999
104061,BORJA,2022,05,28,4.5,-999,-999
104061,BORJA,2022,05,29,0.0,-999,-999
104061,BORJA,2022,05,30,0.0,-999,-999
104061,BORJA,2022,05,31,4.2,-999,-999
104061,BORJA,2022,06,01,4.8,-999,-999
104061,BORJA,2022,06,02,26.5,-999,-999
104061,BORJA,2022,06,03,2.5,-999,-999
104061,BORJA,2022,06,04,50.2,-999,-999
104061,BORJA,2022,06,05,0.0,-999,-999
104061,BORJA,2022,06,06,50.5,-999,-999
104061,BORJA,2022,06,07,0.0,-999,-999
104061,BORJA,2022,06,08,2.3,-999,-999
104061,BORJA,2022,06,09,15.4,-999,-999
104061,BORJA,2022,06,10,63.7,-999,-999
104061,BORJA,2022,06,11,3.4,-999,-999
104061,BORJA,2022,06,12,0.0,-999,-999
104061,BORJA,2022,06,13,0.0,-999,-999
104061,BORJA,2022,06,14,0.0,-999,-999
104061,BORJA,2022,06,15,0.0,-999,-999
104061,BORJA,2022,06,16,0.0,-999,-999
104061,BORJA,2022,06,17,0.0,-999,-999
104061,BORJA,2022,06,18,30.8,-999,-999
104061,BORJA,2022,06,19,10.1,-999,-999
104061,BORJA,2022,06,20,0.0,-999,-999
104061,BORJA,2022,06,21,21.0,-999,-999
104061,BORJA,2022,06,22,2.4,-999,-999
104061,BORJA,2022,06,23,10.8,-999,-999
104061,BORJA,2022,06,24,32.9,-999,-999
104061,BORJA,2022,06,25,4.8,-999,-999
104061,BORJA,2022,06,26,0.0,-999,-999
104061,BORJA,2022,06,27,0.0,-999,-999
104061,BORJA,2022,06,28,0.0,-999,-999
104061,BORJA,2022,06,29,5.3,-999,-999
104061,BORJA,2022,06,30,0.4,-999,-999
104061,BORJA,2022,07,01,0.0,-999,-999
104061,BORJA,2022,07,02,3.7,-999,-999
104061,BORJA,2022,07,03,31.8,-999,-999
104061,BORJA,2022,07,04,0.0,-999,-999
104061,BORJA,2022,07,05,0.0,-999,-999
104061,BORJA,2022,07,06,0.0,-999,-999
104061,BORJA,2022,07,07,0.0,-999,-999
104061,BORJA,2022,07,08,15.8,-999,-999
104061,BORJA,2022,07,09,19.3,-999,-999
104061,BORJA,2022,07,10,0.0,-999,-999
104061,BORJA,2022,07,11,26.3,-999,-999
104061,BORJA,2022,07,12,19.9,-999,-999
104061,BORJA,2022,07,13,0.0,-999,-999
104061,BORJA,2022,07,14,4.8,-999,-999
104061,BORJA,2022,07,15,0.0,-999,-999
104061,BORJA,2022,07,16,25.6,-999,-999
104061,BORJA,2022,07,17,40.2,-999,-999
104061,BORJA,2022,07,18,13.6,-999,-999
104061,BORJA,2022,07,19,14.5,-999,-999
104061,BORJA,2022,07,20,4.2,-999,-999
104061,BORJA,2022,07,21,7.3,-999,-999
104061,BORJA,2022,07,22,0.0,-999,-999
104061,BORJA,2022,07,23,0.0,-999,-999
104061,BORJA,2022,07,24,9.6,-999,-999
104061,BORJA,2022,07,25,10.2,-999,-999
104061,BORJA,2022,07,26,6.7,-999,-999
104061,BORJA,2022,07,27,0.0,-999,-999
104061,BORJA,2022,07,28,0.0,-999,-999
104061,BORJA,2022,07,29,0.0,-999,-999
104061,BORJA,2022,07,30,0.0,-999,-999
104061,BORJA,2022,07,31,0.0,-999,-999
104061,BORJA,2022,08,01,9.3,-999,-999
104061,BORJA,2022,08,02,14.8,-999,-999
104061,BORJA,2022,08,03,57.0,-999,-999
104061,BORJA,2022,08,04,19.9,-999,-999
104061,BORJA,2022,08,05,0.0,-999,-999
104061,BORJA,2022,08,06,1.2,-999,-999
104061,BORJA,2022,08,07,0.0,-999,-999
104061,BORJA,2022,08,08,0.0,-999,-999
104061,BORJA,2022,08,09,0.0,-999,-999
104061,BORJA,2022,08,10,0.7,-999,-999
104061,BORJA,2022,08,11,0.0,-999,-999
104061,BORJA,2022,08,12,0.0,-999,-999
104061,BORJA,2022,08,13,0.0,-999,-999
104061,BORJA,2022,08,14,0.0,-999,-999
104061,BORJA,2022,08,15,0.8,-999,-999
104061,BORJA,2022,08,16,0.0,-999,-999
104061,BORJA,2022,08,17,4.4,-999,-999
104061,BORJA,2022,08,18,8.2,-999,-999
104061,BORJA,2022,08,19,56.2,-999,-999
104061,BORJA,2022,08,20,0.0,-999,-999
104061,BORJA,2022,08,21,0.0,-999,-999
104061,BORJA,2022,08,22,0.0,-999,-999
104061,BORJA,2022,08,23,0.0,-999,-999
104061,BORJA,2022,08,24,0.0,-999,-999
104061,BORJA,2022,08,25,0.0,-999,-999
104061,BORJA,2022,08,26,0.0,-999,-999
104061,BORJA,2022,08,27,0.0,-999,-999
104061,BORJA,2022,08,28,72.2,-999,-999
104061,BORJA,2022,08,29,38.5,-999,-999
104061,BORJA,2022,08,30,0.0,-999,-999
104061,BORJA,2022,08,31,0.0,-999,-999
104061,BORJA,2022,09,01,0.0,-999,-999
104061,BORJA,2022,09,02,0.0,-999,-999
104061,BORJA,2022,09,03,0.0,-999,-999
104061,BORJA,2022,09,04,20.5,-999,-999
104061,BORJA,2022,09,05,0.0,-999,-999
104061,BORJA,2022,09,06,0.0,-999,-999
104061,BORJA,2022,09,07,0.0,-999,-999
104061,BORJA,2022,09,08,0.0,-999,-999
104061,BORJA,2022,09,09,2.5,-999,-999
104061,BORJA,2022,09,10,0.0,-999,-999
104061,BORJA,2022,09,11,0.0,-999,-999
104061,BORJA,2022,09,12,0.0,-999,-999
104061,BORJA,2022,09,13,0.0,-999,-999
104061,BORJA,2022,09,14,36.5,-999,-999
104061,BORJA,2022,09,15,21.1,-999,-999
104061,BORJA,2022,09,16,1.6,-999,-999
104061,BORJA,2022,09,17,0.0,-999,-999
104061,BORJA,2022,09,18,0.0,-999,-999
104061,BORJA,2022,09,19,0.0,-999,-999
104061,BORJA,2022,09,20,6.5,-999,-999
104061,BORJA,2022,09,21,0.0,-999,-999
104061,BORJA,2022,09,22,0.0,-999,-999
104061,BORJA,2022,09,23,23.1,-999,-999
104061,BORJA,2022,09,24,0.0,-999,-999
104061,BORJA,2022,09,25,0.0,-999,-999
104061,BORJA,2022,09,26,0.0,-999,-999
104061,BORJA,2022,09,27,0.0,-999,-999
104061,BORJA,2022,09,28,11.8,-999,-999
104061,BORJA,2022,09,29,0.0,-999,-999
104061,BORJA,2022,09,30,68.5,-999,-999
104061,BORJA,2022,10,01,0.0,-999,-999
104061,BORJA,2022,10,02,0.0,-999,-999
104061,BORJA,2022,10,03,0.0,-999,-999
104061,BORJA,2022,10,04,0.0,-999,-999
104061,BORJA,2022,10,05,0.0,-999,-999
104061,BORJA,2022,10,06,80.4,-999,-999
104061,BORJA,2022,10,07,25.5,-999,-999
104061,BORJA,2022,10,08,0.0,-999,-999
104061,BORJA,2022,10,09,0.0,-999,-999
104061,BORJA,2022,10,10,0.0,-999,-999
104061,BORJA,2022,10,11,0.0,-999,-999
104061,BORJA,2022,10,12,0.0,-999,-999
104061,BORJA,2022,10,13,0.0,-999,-999
104061,BORJA,2022,10,14,10.2,-999,-999
104061,BORJA,2022,10,15,4.8,-999,-999
104061,BORJA,2022,10,16,0.0,-999,-999
104061,BORJA,2022,10,17,0.0,-999,-999
104061,BORJA,2022,10,18,12.9,-999,-999
104061,BORJA,2022,10,19,0.0,-999,-999
104061,BORJA,2022,10,20,0.0,-999,-999
104061,BORJA,2022,10,21,2.3,-999,-999
104061,BORJA,2022,10,22,0.0,-999,-999
104061,BORJA,2022,10,23,85.0,-999,-999
104061,BORJA,2022,10,24,0.0,-999,-999
104061,BORJA,2022,10,25,0.0,-999,-999
104061,BORJA,2022,10,26,13.9,-999,-999
104061,BORJA,2022,10,27,0.0,-999,-999
104061,BORJA,2022,10,28,0.0,-999,-999
104061,BORJA,2022,10,29,0.0,-999,-999
104061,BORJA,2022,10,30,0.0,-999,-999
104061,BORJA,2022,10,31,11.2,-999,-999
104061,BORJA,2022,11,01,48.1,-999,-999
104061,BORJA,2022,11,02,2.1,-999,-999
104061,BORJA,2022,11,03,0.0,-999,-999
104061,BORJA,2022,11,04,0.0,-999,-999
104061,BORJA,2022,11,05,0.0,-999,-999
104061,BORJA,2022,11,06,0.0,-999,-999
104061,BORJA,2022,11,07,0.0,-999,-999
104061,BORJA,2022,11,08,0.0,-999,-999
104061,BORJA,2022,11,09,0.0,-999,-999
104061,BORJA,2022,11,10,3.3,-999,-999
104061,BORJA,2022,11,11,0.0,-999,-999
104061,BORJA,2022,11,12,0.0,-999,-999
104061,BORJA,2022,11,13,0.0,-999,-999
104061,BORJA,2022,11,14,0.0,-999,-999
104061,BORJA,2022,11,15,10.0,-999,-999
104061,BORJA,2022,11,16,2.5,-999,-999
104061,BORJA,2022,11,17,0.0,-999,-999
104061,BORJA,2022,11,18,0.0,-999,-999
104061,BORJA,2022,11,19,0.0,-999,-999
104061,BORJA,2022,11,20,5.4,-999,-999
104061,BORJA,2022,11,21,26.7,-999,-999
104061,BORJA,2022,11,22,84.6,-999,-999
104061,BORJA,2022,11,23,2.3,-999,-999
104061,BORJA,2022,11,24,0.0,-999,-999
104061,BORJA,2022,11,25,14.1,-999,-999
104061,BORJA,2022,11,26,0.0,-999,-999
104061,BORJA,2022,11,27,1.4,-999,-999
104061,BORJA,2022,11,28,0.0,-999,-999
104061,BORJA,2022,11,29,0.0,-999,-999
104061,BORJA,2022,11,30,0.0,-999,-999
104061,BORJA,2022,12,01,0.0,-999,-999
104061,BORJA,2022,12,02,11.6,-999,-999
104061,BORJA,2022,12,03,13.2,-999,-999
104061,BORJA,2022,12,04,0.0,-999,-999
104061,BORJA,2022,12,05,0.0,-999,-999
104061,BORJA,2022,12,06,0.0,-999,-999
104061,BORJA,2022,12,07,0.0,-999,-999
104061,BORJA,2022,12,08,0.0,-999,-999
104061,BORJA,2022,12,09,16.4,-999,-999
104061,BORJA,2022,12,10,11.3,-999,-999
104061,BORJA,2022,12,11,0.0,-999,-999
104061,BORJA,2022,12,12,0.0,-999,-999
104061,BORJA,2022,12,13,16.6,-999,-999
104061,BORJA,2022,12,14,12.4,-999,-999
104061,BORJA,2022,12,15,0.0,-999,-999
104061,BORJA,2022,12,16,7.6,-999,-999
104061,BORJA,2022,12,17,15.5,-999,-999
104061,BORJA,2022,12,18,7.7,-999,-999
104061,BORJA,2022,12,19,0.0,-999,-999
104061,BORJA,2022,12,20,24.4,-999,-999
104061,BORJA,2022,12,21,0.0,-999,-999
104061,BORJA,2022,12,22,11.2,-999,-999
104061,BORJA,2022,12,23,0.0,-999,-999
104061,BORJA,2022,12,24,12.4,-999,-999
104061,BORJA,2022,12,25,0.0,-999,-999
104061,BORJA,2022,12,26,0.0,-999,-999
104061,BORJA,2022,12,27,0.0,-999,-999
104061,BORJA,2022,12,28,0.0,-999,-999
104061,BORJA,2022,12,29,9.8,-999,-999
104061,BORJA,2022,12,30,8.7,-999,-999
104061,BORJA,2022,12,31,8.2,-999,-999
104061,BORJA,2023,01,01,0.0,-999,-999
104061,BORJA,2023,01,02,0.0,-999,-999
104061,BORJA,2023,01,03,0.0,-999,-999
104061,BORJA,2023,01,04,0.0,-999,-999
104061,BORJA,2023,01,05,3.4,-999,-999
104061,BORJA,2023,01,06,88.1,-999,-999
104061,BORJA,2023,01,07,0.0,-999,-999
104061,BORJA,2023,01,08,0.0,-999,-999
104061,BORJA,2023,01,09,0.0,-999,-999
104061,BORJA,2023,01,10,1.7,-999,-999
104061,BORJA,2023,01,11,29.3,-999,-999
104061,BORJA,2023,01,12,1.5,-999,-999
104061,BORJA,2023,01,13,0.0,-999,-999
104061,BORJA,2023,01,14,56.8,-999,-999
104061,BORJA,2023,01,15,20.6,-999,-999
104061,BORJA,2023,01,16,4.6,-999,-999
104061,BORJA,2023,01,17,0.0,-999,-999
104061,BORJA,2023,01,18,22.5,-999,-999
104061,BORJA,2023,01,19,32.3,-999,-999
104061,BORJA,2023,01,20,1.3,-999,-999
104061,BORJA,2023,01,21,0.0,-999,-999
104061,BORJA,2023,01,22,13.2,-999,-999
104061,BORJA,2023,01,23,12.2,-999,-999
104061,BORJA,2023,01,24,0.9,-999,-999
104061,BORJA,2023,01,25,0.0,-999,-999
104061,BORJA,2023,01,26,0.4,-999,-999
104061,BORJA,2023,01,27,0.0,-999,-999
104061,BORJA,2023,01,28,0.0,-999,-999
104061,BORJA,2023,01,29,0.0,-999,-999
104061,BORJA,2023,01,30,0.0,-999,-999
104061,BORJA,2023,01,31,11.5,-999,-999
104061,BORJA,2023,02,01,0.0,-999,-999
104061,BORJA,2023,02,02,0.0,-999,-999
104061,BORJA,2023,02,03,0.0,-999,-999
104061,BORJA,2023,02,04,5.2,-999,-999
104061,BORJA,2023,02,05,30.0,-999,-999
104061,BORJA,2023,02,06,9.2,-999,-999
104061,BORJA,2023,02,07,3.5,-999,-999
104061,BORJA,2023,02,08,21.3,-999,-999
104061,BORJA,2023,02,09,1.9,-999,-999
104061,BORJA,2023,02,10,11.9,-999,-999
104061,BORJA,2023,02,11,10.8,-999,-999
104061,BORJA,2023,02,12,3.2,-999,-999
104061,BORJA,2023,02,13,0.0,-999,-999
104061,BORJA,2023,02,14,1.5,-999,-999
104061,BORJA,2023,02,15,7.5,-999,-999
104061,BORJA,2023,02,16,1.3,-999,-999
104061,BORJA,2023,02,17,5.6,-999,-999
104061,BORJA,2023,02,18,2.8,-999,-999
104061,BORJA,2023,02,19,28.7,-999,-999
104061,BORJA,2023,02,20,19.4,-999,-999
104061,BORJA,2023,02,21,5.4,-999,-999
104061,BORJA,2023,02,22,10.6,-999,-999
104061,BORJA,2023,02,23,1.2,-999,-999
104061,BORJA,2023,02,24,0.0,-999,-999
104061,BORJA,2023,02,25,0.0,-999,-999
104061,BORJA,2023,02,26,3.4,-999,-999
104061,BORJA,2023,02,27,5.4,-999,-999
104061,BORJA,2023,02,28,39.4,-999,-999
104061,BORJA,2023,03,01,13.0,-999,-999
104061,BORJA,2023,03,02,0.0,-999,-999
104061,BORJA,2023,03,03,3.1,-999,-999
104061,BORJA,2023,03,04,27.1,-999,-999
104061,BORJA,2023,03,05,0.0,-999,-999
104061,BORJA,2023,03,06,27.9,-999,-999
104061,BORJA,2023,03,07,0.0,-999,-999
104061,BORJA,2023,03,08,3.4,-999,-999
104061,BORJA,2023,03,09,27.0,-999,-999
104061,BORJA,2023,03,10,13.3,-999,-999
104061,BORJA,2023,03,11,18.1,-999,-999
104061,BORJA,2023,03,12,7.7,-999,-999
104061,BORJA,2023,03,13,26.1,-999,-999
104061,BORJA,2023,03,14,17.2,-999,-999
104061,BORJA,2023,03,15,0.0,-999,-999
104061,BORJA,2023,03,16,0.0,-999,-999
104061,BORJA,2023,03,17,30.5,-999,-999
104061,BORJA,2023,03,18,0.0,-999,-999
104061,BORJA,2023,03,19,0.0,-999,-999
104061,BORJA,2023,03,20,0.0,-999,-999
104061,BORJA,2023,03,21,82.0,-999,-999
104061,BORJA,2023,03,22,0.0,-999,-999
104061,BORJA,2023,03,23,1.8,-999,-999
104061,BORJA,2023,03,24,1.2,-999,-999
104061,BORJA,2023,03,25,2.3,-999,-999
104061,BORJA,2023,03,26,0.0,-999,-999
104061,BORJA,2023,03,27,3.6,-999,-999
104061,BORJA,2023,03,28,0.0,-999,-999
104061,BORJA,2023,03,29,0.0,-999,-999
104061,BORJA,2023,03,30,6.2,-999,-999
104061,BORJA,2023,03,31,35.2,-999,-999
104061,BORJA,2023,04,01,40.2,-999,-999
104061,BORJA,2023,04,02,0.0,-999,-999
104061,BORJA,2023,04,03,27.5,-999,-999
104061,BORJA,2023,04,04,6.2,-999,-999
104061,BORJA,2023,04,05,0.0,-999,-999
104061,BORJA,2023,04,06,16.5,-999,-999
104061,BORJA,2023,04,07,82.9,-999,-999
104061,BORJA,2023,04,08,18.5,-999,-999
104061,BORJA,2023,04,09,0.0,-999,-999
104061,BORJA,2023,04,10,0.0,-999,-999
104061,BORJA,2023,04,11,0.0,-999,-999
104061,BORJA,2023,04,12,0.0,-999,-999
104061,BORJA,2023,04,13,64.5,-999,-999
104061,BORJA,2023,04,14,7.5,-999,-999
104061,BORJA,2023,04,15,38.7,-999,-999
104061,BORJA,2023,04,16,18.5,-999,-999
104061,BORJA,2023,04,17,13.5,-999,-999
104061,BORJA,2023,04,18,0.0,-999,-999
104061,BORJA,2023,04,19,19.4,-999,-999
104061,BORJA,2023,04,20,0.0,-999,-999
104061,BORJA,2023,04,21,0.0,-999,-999
104061,BORJA,2023,04,22,22.3,-999,-999
104061,BORJA,2023,04,23,2.9,-999,-999
104061,BORJA,2023,04,24,36.0,-999,-999
104061,BORJA,2023,04,25,0.0,-999,-999
104061,BORJA,2023,04,26,0.0,-999,-999
104061,BORJA,2023,04,27,0.0,-999,-999
104061,BORJA,2023,04,28,0.8,-999,-999
104061,BORJA,2023,04,29,0.0,-999,-999
104061,BORJA,2023,04,30,0.0,-999,-999
104061,BORJA,2023,05,01,-999,-999,-999
104061,BORJA,2023,05,02,10.2,-999,-999
104061,BORJA,2023,05,03,1.3,-999,-999
104061,BORJA,2023,05,04,0.0,-999,-999
104061,BORJA,2023,05,05,9.1,-999,-999
104061,BORJA,2023,05,06,-999,-999,-999
104061,BORJA,2023,05,07,-999,-999,-999
104061,BORJA,2023,05,08,16.6,-999,-999
104061,BORJA,2023,05,09,1.9,-999,-999
104061,BORJA,2023,05,10,0.0,-999,-999
104061,BORJA,2023,05,11,0.0,-999,-999
104061,BORJA,2023,05,12,22.9,-999,-999
104061,BORJA,2023,05,13,-999,-999,-999
104061,BORJA,2023,05,14,-999,-999,-999
104061,BORJA,2023,05,15,8.7,-999,-999
104061,BORJA,2023,05,16,0.0,-999,-999
104061,BORJA,2023,05,17,0.0,-999,-999
104061,BORJA,2023,05,18,1.5,-999,-999
104061,BORJA,2023,05,19,13.4,-999,-999
104061,BORJA,2023,05,20,-999,-999,-999
104061,BORJA,2023,05,21,-999,-999,-999
104061,BORJA,2023,05,22,22.1,-999,-999
104061,BORJA,2023,05,23,11.2,-999,-999
104061,BORJA,2023,05,24,0.0,-999,-999
104061,BORJA,2023,05,25,0.0,-999,-999
104061,BORJA,2023,05,26,0.0,-999,-999
104061,BORJA,2023,05,27,-999,-999,-999
104061,BORJA,2023,05,28,-999,-999,-999
104061,BORJA,2023,05,29,0.0,-999,-999
104061,BORJA,2023,05,30,12.5,-999,-999
104061,BORJA,2023,05,31,66.4,-999,-999
104061,BORJA,2023,06,01,5.7,-999,-999
104061,BORJA,2023,06,02,0.0,-999,-999
104061,BORJA,2023,06,03,-999,-999,-999
104061,BORJA,2023,06,04,-999,-999,-999
104061,BORJA,2023,06,05,28.6,-999,-999
104061,BORJA,2023,06,06,2.5,-999,-999
104061,BORJA,2023,06,07,3.1,-999,-999
104061,BORJA,2023,06,08,0.0,-999,-999
104061,BORJA,2023,06,09,0.0,-999,-999
104061,BORJA,2023,06,10,-999,-999,-999
104061,BORJA,2023,06,11,-999,-999,-999
104061,BORJA,2023,06,12,0.0,-999,-999
104061,BORJA,2023,06,13,5.6,-999,-999
104061,BORJA,2023,06,14,33.1,-999,-999
104061,BORJA,2023,06,15,4.4,-999,-999
104061,BORJA,2023,06,16,0.0,-999,-999
104061,BORJA,2023,06,17,-999,-999,-999
104061,BORJA,2023,06,18,-999,-999,-999
104061,BORJA,2023,06,19,0.0,-999,-999
104061,BORJA,2023,06,20,0.0,-999,-999
104061,BORJA,2023,06,21,0.0,-999,-999
104061,BORJA,2023,06,22,0.0,-999,-999
104061,BORJA,2023,06,23,0.0,-999,-999
104061,BORJA,2023,06,24,-999,-999,-999
104061,BORJA,2023,06,25,-999,-999,-999
104061,BORJA,2023,06,26,0.0,-999,-999
104061,BORJA,2023,06,27,0.0,-999,-999
104061,BORJA,2023,06,28,-999,-999,-999
104061,BORJA,2023,06,29,-999,-999,-999
104061,BORJA,2023,06,30,3.2,-999,-999
104061,BORJA,2023,07,01,-999,-999,-999
104061,BORJA,2023,07,02,-999,-999,-999
104061,BORJA,2023,07,03,0.0,-999,-999
104061,BORJA,2023,07,04,0.0,-999,-999
104061,BORJA,2023,07,05,0.0,-999,-999
104061,BORJA,2023,07,06,50.2,-999,-999
104061,BORJA,2023,07,07,37.9,-999,-999
104061,BORJA,2023,07,08,-999,-999,-999
104061,BORJA,2023,07,09,-999,-999,-999
104061,BORJA,2023,07,10,0.0,-999,-999
104061,BORJA,2023,07,11,0.0,-999,-999
104061,BORJA,2023,07,12,0.0,-999,-999
104061,BORJA,2023,07,13,14.2,-999,-999
104061,BORJA,2023,07,14,12.4,-999,-999
104061,BORJA,2023,07,15,-999,-999,-999
104061,BORJA,2023,07,16,-999,-999,-999
104061,BORJA,2023,07,17,0.0,-999,-999
104061,BORJA,2023,07,18,19.7,-999,-999
104061,BORJA,2023,07,19,26.2,-999,-999
104061,BORJA,2023,07,20,4.9,-999,-999
104061,BORJA,2023,07,21,0.0,-999,-999
104061,BORJA,2023,07,22,-999,-999,-999
104061,BORJA,2023,07,23,-999,-999,-999
104061,BORJA,2023,07,24,0.0,-999,-999
104061,BORJA,2023,07,25,0.0,-999,-999
104061,BORJA,2023,07,26,3.4,-999,-999
104061,BORJA,2023,07,27,-999,-999,-999
104061,BORJA,2023,07,28,-999,-999,-999
104061,BORJA,2023,07,29,-999,-999,-999
104061,BORJA,2023,07,30,-999,-999,-999
104061,BORJA,2023,07,31,0.0,-999,-999
104061,BORJA,2023,08,01,0.0,-999,-999
104061,BORJA,2023,08,02,0.0,-999,-999
104061,BORJA,2023,08,03,0.0,-999,-999
104061,BORJA,2023,08,04,49.2,-999,-999
104061,BORJA,2023,08,05,-999,-999,-999
104061,BORJA,2023,08,06,-999,-999,-999
104061,BORJA,2023,08,07,5.9,-999,-999
104061,BORJA,2023,08,08,0.0,-999,-999
104061,BORJA,2023,08,09,0.0,-999,-999
104061,BORJA,2023,08,10,0.0,-999,-999
104061,BORJA,2023,08,11,0.0,-999,-999
104061,BORJA,2023,08,12,-999,-999,-999
104061,BORJA,2023,08,13,-999,-999,-999
104061,BORJA,2023,08,14,84.4,-999,-999
104061,BORJA,2023,08,15,0.0,-999,-999
104061,BORJA,2023,08,16,0.0,-999,-999
104061,BORJA,2023,08,17,0.0,-999,-999
104061,BORJA,2023,08,18,0.0,-999,-999
104061,BORJA,2023,08,19,-999,-999,-999
104061,BORJA,2023,08,20,-999,-999,-999
104061,BORJA,2023,08,21,0.0,-999,-999
104061,BORJA,2023,08,22,2.1,-999,-999
104061,BORJA,2023,08,23,0.0,-999,-999
104061,BORJA,2023,08,24,0.0,-999,-999
104061,BORJA,2023,08,25,0.0,-999,-999
104061,BORJA,2023,08,26,-999,-999,-999
104061,BORJA,2023,08,27,-999,-999,-999
104061,BORJA,2023,08,28,0.0,-999,-999
104061,BORJA,2023,08,29,-999,-999,-999
104061,BORJA,2023,08,30,-999,-999,-999
104061,BORJA,2023,08,31,0.0,-999,-999
104061,BORJA,2023,09,01,0.0,-999,-999
104061,BORJA,2023,09,02,-999,-999,-999
104061,BORJA,2023,09,03,-999,-999,-999
104061,BORJA,2023,09,04,5.2,-999,-999
104061,BORJA,2023,09,05,25.5,-999,-999
104061,BORJA,2023,09,06,0.0,-999,-999
104061,BORJA,2023,09,07,0.0,-999,-999
104061,BORJA,2023,09,08,0.0,-999,-999
104061,BORJA,2023,09,09,-999,-999,-999
104061,BORJA,2023,09,10,-999,-999,-999
104061,BORJA,2023,09,11,0.0,-999,-999
104061,BORJA,2023,09,12,0.0,-999,-999
104061,BORJA,2023,09,13,0.0,-999,-999
104061,BORJA,2023,09,14,32.7,-999,-999
104061,BORJA,2023,09,15,0.0,-999,-999
104061,BORJA,2023,09,16,-999,-999,-999
104061,BORJA,2023,09,17,-999,-999,-999
104061,BORJA,2023,09,18,28.3,-999,-999
104061,BORJA,2023,09,19,0.0,-999,-999
104061,BORJA,2023,09,20,0.0,-999,-999
104061,BORJA,2023,09,21,0.0,-999,-999
104061,BORJA,2023,09,22,0.0,-999,-999
104061,BORJA,2023,09,23,-999,-999,-999
104061,BORJA,2023,09,24,-999,-999,-999
104061,BORJA,2023,09,25,0.0,-999,-999
104061,BORJA,2023,09,26,0.0,-999,-999
104061,BORJA,2023,09,27,0.0,-999,-999
104061,BORJA,2023,09,28,9.2,-999,-999
104061,BORJA,2023,09,29,8.2,-999,-999
104061,BORJA,2023,09,30,26.9,-999,-999
104061,BORJA,2023,10,01,-999,-999,-999
104061,BORJA,2023,10,02,0.0,-999,-999
104061,BORJA,2023,10,03,0.0,-999,-999
104061,BORJA,2023,10,04,0.0,-999,-999
104061,BORJA,2023,10,05,0.0,-999,-999
104061,BORJA,2023,10,06,0.0,-999,-999
104061,BORJA,2023,10,07,-999,-999,-999
104061,BORJA,2023,10,08,-999,-999,-999
104061,BORJA,2023,10,09,20.6,-999,-999
104061,BORJA,2023,10,10,20.2,-999,-999
104061,BORJA,2023,10,11,0.0,-999,-999
104061,BORJA,2023,10,12,0.0,-999,-999
104061,BORJA,2023,10,13,84.4,-999,-999
104061,BORJA,2023,10,14,0.0,-999,-999
104061,BORJA,2023,10,15,0.0,-999,-999
104061,BORJA,2023,10,16,0.0,-999,-999
104061,BORJA,2023,10,17,0.0,-999,-999
104061,BORJA,2023,10,18,0.0,-999,-999
104061,BORJA,2023,10,19,0.0,-999,-999
104061,BORJA,2023,10,20,0.0,-999,-999
104061,BORJA,2023,10,21,-999,-999,-999
104061,BORJA,2023,10,22,-999,-999,-999
104061,BORJA,2023,10,23,0.0,-999,-999
104061,BORJA,2023,10,24,0.0,-999,-999
104061,BORJA,2023,10,25,0.5,-999,-999
104061,BORJA,2023,10,26,0.0,-999,-999
104061,BORJA,2023,10,27,0.0,-999,-999
104061,BORJA,2023,10,28,-999,-999,-999
104061,BORJA,2023,10,29,-999,-999,-999
104061,BORJA,2023,10,30,0.0,-999,-999
104061,BORJA,2023,10,31,-999,-999,-999
104061,BORJA,2023,11,01,-999,-999,-999
104061,BORJA,2023,11,02,0.0,-999,-999
104061,BORJA,2023,11,03,0.0,-999,-999
104061,BORJA,2023,11,04,-999,-999,-999
104061,BORJA,2023,11,05,-999,-999,-999
104061,BORJA,2023,11,06,0.0,-999,-999
104061,BORJA,2023,11,07,0.0,-999,-999
104061,BORJA,2023,11,08,0.0,-999,-999
104061,BORJA,2023,11,09,0.0,-999,-999
104061,BORJA,2023,11,10,0.0,-999,-999
104061,BORJA,2023,11,11,-999,-999,-999
104061,BORJA,2023,11,12,-999,-999,-999
104061,BORJA,2023,11,13,18.2,-999,-999
104061,BORJA,2023,11,14,31.5,-999,-999
104061,BORJA,2023,11,15,19.3,-999,-999
104061,BORJA,2023,11,16,0.0,-999,-999
104061,BORJA,2023,11,17,0.0,-999,-999
104061,BORJA,2023,11,18,-999,-999,-999
104061,BORJA,2023,11,19,-999,-999,-999
104061,BORJA,2023,11,20,0.0,-999,-999
104061,BORJA,2023,11,21,3.8,-999,-999
104061,BORJA,2023,11,22,20.5,-999,-999
104061,BORJA,2023,11,23,12.5,-999,-999
104061,BORJA,2023,11,24,13.5,-999,-999
104061,BORJA,2023,11,25,-999,-999,-999
104061,BORJA,2023,11,26,-999,-999,-999
104061,BORJA,2023,11,27,6.6,-999,-999
104061,BORJA,2023,11,28,3.8,-999,-999
104061,BORJA,2023,11,29,1.4,-999,-999
104061,BORJA,2023,11,30,45.4,-999,-999
104061,BORJA,2023,12,01,1.4,-999,-999
104061,BORJA,2023,12,02,-999,-999,-999
104061,BORJA,2023,12,03,-999,-999,-999
104061,BORJA,2023,12,04,0.0,-999,-999
104061,BORJA,2023,12,05,51.4,-999,-999
104061,BORJA,2023,12,06,12.4,-999,-999
104061,BORJA,2023,12,07,10.5,-999,-999
104061,BORJA,2023,12,08,15.1,-999,-999
104061,BORJA,2023,12,09,-999,-999,-999
104061,BORJA,2023,12,10,-999,-999,-999
104061,BORJA,2023,12,11,0.0,-999,-999
104061,BORJA,2023,12,12,3.5,-999,-999
104061,BORJA,2023,12,13,15.7,-999,-999
104061,BORJA,2023,12,14,2.9,-999,-999
104061,BORJA,2023,12,15,23.5,-999,-999
104061,BORJA,2023,12,16,-999,-999,-999
104061,BORJA,2023,12,17,-999,-999,-999
104061,BORJA,2023,12,18,0.0,-999,-999
104061,BORJA,2023,12,19,12.9,-999,-999
104061,BORJA,2023,12,20,0.0,-999,-999
104061,BORJA,2023,12,21,84.2,-999,-999
104061,BORJA,2023,12,22,0.0,-999,-999
104061,BORJA,2023,12,23,-999,-999,-999
104061,BORJA,2023,12,24,-999,-999,-999
104061,BORJA,2023,12,25,-999,-999,-999
104061,BORJA,2023,12,26,46.3,-999,-999
104061,BORJA,2023,12,27,12.2,-999,-999
104061,BORJA,2023,12,28,0.0,-999,-999
104061,BORJA,2023,12,29,0.0,-999,-999
104061,BORJA,2023,12,30,-999,-999,-999
104061,BORJA,2023,12,31,-999,-999,-999
104061,BORJA,2024,01,01,0.0,-999,-999
104061,BORJA,2024,01,02,0.0,-999,-999
104061,BORJA,2024,01,03,2.2,-999,-999
104061,BORJA,2024,01,04,0.0,-999,-999
104061,BORJA,2024,01,05,6.8,-999,-999
104061,BORJA,2024,01,06,3.1,-999,-999
104061,BORJA,2024,01,07,3.8,-999,-999
104061,BORJA,2024,01,08,1.8,-999,-999
104061,BORJA,2024,01,09,17.5,-999,-999
104061,BORJA,2024,01,10,0.0,-999,-999
104061,BORJA,2024,01,11,23.8,-999,-999
104061,BORJA,2024,01,12,5.9,-999,-999
104061,BORJA,2024,01,13,3.7,-999,-999
104061,BORJA,2024,01,14,0.0,-999,-999
104061,BORJA,2024,01,15,16.7,-999,-999
104061,BORJA,2024,01,16,23.6,-999,-999
104061,BORJA,2024,01,17,0.0,-999,-999
104061,BORJA,2024,01,18,2.6,-999,-999
104061,BORJA,2024,01,19,84.5,-999,-999
104061,BORJA,2024,01,20,27.0,-999,-999
104061,BORJA,2024,01,21,8.8,-999,-999
104061,BORJA,2024,01,22,11.5,-999,-999
104061,BORJA,2024,01,23,0.0,-999,-999
104061,BORJA,2024,01,24,0.0,-999,-999
104061,BORJA,2024,01,25,0.0,-999,-999
104061,BORJA,2024,01,26,0.0,-999,-999
104061,BORJA,2024,01,27,0.0,-999,-999
104061,BORJA,2024,01,28,18.4,-999,-999
104061,BORJA,2024,01,29,0.5,-999,-999
104061,BORJA,2024,01,30,8.5,-999,-999
104061,BORJA,2024,01,31,5.2,-999,-999
104061,BORJA,2024,02,01,0.0,-999,-999
104061,BORJA,2024,02,02,0.0,-999,-999
104061,BORJA,2024,02,03,82.6,-999,-999
104061,BORJA,2024,02,04,0.8,-999,-999
104061,BORJA,2024,02,05,12.5,-999,-999
104061,BORJA,2024,02,06,3.2,-999,-999
104061,BORJA,2024,02,07,6.8,-999,-999
104061,BORJA,2024,02,08,0.5,-999,-999
104061,BORJA,2024,02,09,0.0,-999,-999
104061,BORJA,2024,02,10,0.0,-999,-999
104061,BORJA,2024,02,11,14.2,-999,-999
104061,BORJA,2024,02,12,20.5,-999,-999
104061,BORJA,2024,02,13,10.6,-999,-999
104061,BORJA,2024,02,14,8.9,-999,-999
104061,BORJA,2024,02,15,14.8,-999,-999
104061,BORJA,2024,02,16,1.6,-999,-999
104061,BORJA,2024,02,17,15.1,-999,-999
104061,BORJA,2024,02,18,0.0,-999,-999
104061,BORJA,2024,02,19,0.0,-999,-999
104061,BORJA,2024,02,20,0.0,-999,-999
104061,BORJA,2024,02,21,0.0,-999,-999
104061,BORJA,2024,02,22,0.0,-999,-999
104061,BORJA,2024,02,23,13.9,-999,-999
104061,BORJA,2024,02,24,0.0,-999,-999
104061,BORJA,2024,02,25,0.0,-999,-999
104061,BORJA,2024,02,26,0.0,-999,-999
104061,BORJA,2024,02,27,20.4,-999,-999
104061,BORJA,2024,02,28,13.5,-999,-999
104061,BORJA,2024,02,29,99.4,-999,-999
104061,BORJA,2024,03,01,7.9,-999,-999
104061,BORJA,2024,03,02,0.0,-999,-999
104061,BORJA,2024,03,03,38.2,-999,-999
104061,BORJA,2024,03,04,30.4,-999,-999
104061,BORJA,2024,03,05,0.0,-999,-999
104061,BORJA,2024,03,06,59.2,-999,-999
104061,BORJA,2024,03,07,0.0,-999,-999
104061,BORJA,2024,03,08,0.0,-999,-999
104061,BORJA,2024,03,09,0.0,-999,-999
104061,BORJA,2024,03,10,3.9,-999,-999
104061,BORJA,2024,03,11,0.0,-999,-999
104061,BORJA,2024,03,12,29.2,-999,-999
104061,BORJA,2024,03,13,0.0,-999,-999
104061,BORJA,2024,03,14,8.3,-999,-999
104061,BORJA,2024,03,15,0.0,-999,-999
104061,BORJA,2024,03,16,0.0,-999,-999
104061,BORJA,2024,03,17,7.5,-999,-999
104061,BORJA,2024,03,18,7.2,-999,-999
104061,BORJA,2024,03,19,19.2,-999,-999
104061,BORJA,2024,03,20,0.0,-999,-999
104061,BORJA,2024,03,21,13.5,-999,-999
104061,BORJA,2024,03,22,0.0,-999,-999
104061,BORJA,2024,03,23,0.0,-999,-999
104061,BORJA,2024,03,24,0.0,-999,-999
104061,BORJA,2024,03,25,84.2,-999,-999
104061,BORJA,2024,03,26,0.0,-999,-999
104061,BORJA,2024,03,27,0.0,-999,-999
104061,BORJA,2024,03,28,5.4,-999,-999
104061,BORJA,2024,03,29,0.0,-999,-999
104061,BORJA,2024,03,30,0.0,-999,-999
104061,BORJA,2024,03,31,86.4,-999,-999
104061,BORJA,2024,04,01,0.0,-999,-999
104061,BORJA,2024,04,02,54.2,-999,-999
104061,BORJA,2024,04,03,0.0,-999,-999
104061,BORJA,2024,04,04,2.4,-999,-999
104061,BORJA,2024,04,05,0.5,-999,-999
104061,BORJA,2024,04,06,0.0,-999,-999
104061,BORJA,2024,04,07,85.4,-999,-999
104061,BORJA,2024,04,08,31.4,-999,-999
104061,BORJA,2024,04,09,0.0,-999,-999
104061,BORJA,2024,04,10,0.0,-999,-999
104061,BORJA,2024,04,11,0.0,-999,-999
104061,BORJA,2024,04,12,0.0,-999,-999
104061,BORJA,2024,04,13,0.0,-999,-999
104061,BORJA,2024,04,14,0.0,-999,-999
104061,BORJA,2024,04,15,0.0,-999,-999
104061,BORJA,2024,04,16,0.0,-999,-999
104061,BORJA,2024,04,17,0.0,-999,-999
104061,BORJA,2024,04,18,11.9,-999,-999
104061,BORJA,2024,04,19,0.0,-999,-999
104061,BORJA,2024,04,20,3.5,-999,-999
104061,BORJA,2024,04,21,5.2,-999,-999
104061,BORJA,2024,04,22,2.1,-999,-999
104061,BORJA,2024,04,23,0.0,-999,-999
104061,BORJA,2024,04,24,0.0,-999,-999
104061,BORJA,2024,04,25,1.6,-999,-999
104061,BORJA,2024,04,26,25.1,-999,-999
104061,BORJA,2024,04,27,0.0,-999,-999
104061,BORJA,2024,04,28,15.8,-999,-999
104061,BORJA,2024,04,29,8.4,-999,-999
104061,BORJA,2024,04,30,0.0,-999,-999
104061,BORJA,2024,05,01,0.0,-999,-999
104061,BORJA,2024,05,02,8.9,-999,-999
104061,BORJA,2024,05,03,3.2,-999,-999
104061,BORJA,2024,05,04,7.5,-999,-999
104061,BORJA,2024,05,05,2.9,-999,-999
104061,BORJA,2024,05,06,25.6,-999,-999
104061,BORJA,2024,05,07,0.0,-999,-999
104061,BORJA,2024,05,08,0.0,-999,-999
104061,BORJA,2024,05,09,0.0,-999,-999
104061,BORJA,2024,05,10,0.0,-999,-999
104061,BORJA,2024,05,11,0.0,-999,-999
104061,BORJA,2024,05,12,5.3,-999,-999
104061,BORJA,2024,05,13,22.5,-999,-999
104061,BORJA,2024,05,14,0.0,-999,-999
104061,BORJA,2024,05,15,40.5,-999,-999
104061,BORJA,2024,05,16,0.0,-999,-999
104061,BORJA,2024,05,17,5.4,-999,-999
104061,BORJA,2024,05,18,42.8,-999,-999
104061,BORJA,2024,05,19,23.3,-999,-999
104061,BORJA,2024,05,20,11.4,-999,-999
104061,BORJA,2024,05,21,2.6,-999,-999
104061,BORJA,2024,05,22,0.0,-999,-999
104061,BORJA,2024,05,23,0.0,-999,-999
104061,BORJA,2024,05,24,50.6,-999,-999
104061,BORJA,2024,05,25,84.2,-999,-999
104061,BORJA,2024,05,26,14.9,-999,-999
104061,BORJA,2024,05,27,21.1,-999,-999
104061,BORJA,2024,05,28,21.2,-999,-999
104061,BORJA,2024,05,29,9.3,-999,-999
104061,BORJA,2024,05,30,0.0,-999,-999
104061,BORJA,2024,05,31,0.0,-999,-999
104061,BORJA,2024,06,01,0.0,-999,-999
104061,BORJA,2024,06,02,0.0,-999,-999
104061,BORJA,2024,06,03,0.0,-999,-999
104061,BORJA,2024,06,04,0.0,-999,-999
104061,BORJA,2024,06,05,0.0,-999,-999
104061,BORJA,2024,06,06,0.0,-999,-999
104061,BORJA,2024,06,07,0.0,-999,-999
104061,BORJA,2024,06,08,29.4,-999,-999
104061,BORJA,2024,06,09,0.0,-999,-999
104061,BORJA,2024,06,10,0.0,-999,-999
104061,BORJA,2024,06,11,0.0,-999,-999
104061,BORJA,2024,06,12,0.0,-999,-999
104061,BORJA,2024,06,13,0.0,-999,-999
104061,BORJA,2024,06,14,0.0,-999,-999
104061,BORJA,2024,06,15,0.0,-999,-999
104061,BORJA,2024,06,16,0.0,-999,-999
104061,BORJA,2024,06,17,0.0,-999,-999
104061,BORJA,2024,06,18,0.0,-999,-999
104061,BORJA,2024,06,19,18.2,-999,-999
104061,BORJA,2024,06,20,96.2,-999,-999
104061,BORJA,2024,06,21,0.0,-999,-999
104061,BORJA,2024,06,22,0.0,-999,-999
104061,BORJA,2024,06,23,0.0,-999,-999
104061,BORJA,2024,06,24,0.0,-999,-999
104061,BORJA,2024,06,25,7.2,-999,-999
104061,BORJA,2024,06,26,0.0,-999,-999
104061,BORJA,2024,06,27,0.0,-999,-999
104061,BORJA,2024,06,28,0.0,-999,-999
104061,BORJA,2024,06,29,43.7,-999,-999
104061,BORJA,2024,06,30,0.9,-999,-999
104061,BORJA,2024,07,01,3.7,-999,-999
104061,BORJA,2024,07,02,5.6,-999,-999
104061,BORJA,2024,07,03,0.0,-999,-999
104061,BORJA,2024,07,04,0.0,-999,-999
104061,BORJA,2024,07,05,17.2,-999,-999
104061,BORJA,2024,07,06,0.0,-999,-999
104061,BORJA,2024,07,07,0.0,-999,-999
104061,BORJA,2024,07,08,0.0,-999,-999
104061,BORJA,2024,07,09,0.0,-999,-999
104061,BORJA,2024,07,10,0.0,-999,-999
104061,BORJA,2024,07,11,41.8,-999,-999
104061,BORJA,2024,07,12,20.5,-999,-999
104061,BORJA,2024,07,13,15.4,-999,-999
104061,BORJA,2024,07,14,0.0,-999,-999
104061,BORJA,2024,07,15,0.0,-999,-999
104061,BORJA,2024,07,16,0.0,-999,-999
104061,BORJA,2024,07,17,0.0,-999,-999
104061,BORJA,2024,07,18,0.0,-999,-999
104061,BORJA,2024,07,19,0.0,-999,-999
104061,BORJA,2024,07,20,0.0,-999,-999
104061,BORJA,2024,07,21,0.0,-999,-999
104061,BORJA,2024,07,22,0.0,-999,-999
104061,BORJA,2024,07,23,0.0,-999,-999
104061,BORJA,2024,07,24,0.0,-999,-999
104061,BORJA,2024,07,25,0.0,-999,-999
104061,BORJA,2024,07,26,0.0,-999,-999
104061,BORJA,2024,07,27,0.0,-999,-999
104061,BORJA,2024,07,28,25.2,-999,-999
104061,BORJA,2024,07,29,0.9,-999,-999
104061,BORJA,2024,07,30,0.0,-999,-999
104061,BORJA,2024,07,31,0.0,-999,-999
104061,BORJA,2024,08,01,0.0,-999,-999
104061,BORJA,2024,08,02,0.0,-999,-999
104061,BORJA,2024,08,03,0.0,-999,-999
104061,BORJA,2024,08,04,0.0,-999,-999
104061,BORJA,2024,08,05,0.6,-999,-999
104061,BORJA,2024,08,06,0.0,-999,-999
104061,BORJA,2024,08,07,0.0,-999,-999
104061,BORJA,2024,08,08,0.0,-999,-999
104061,BORJA,2024,08,09,8.2,-999,-999
104061,BORJA,2024,08,10,20.2,-999,-999
104061,BORJA,2024,08,11,0.0,-999,-999
104061,BORJA,2024,08,12,0.0,-999,-999
104061,BORJA,2024,08,13,0.0,-999,-999
104061,BORJA,2024,08,14,0.0,-999,-999
104061,BORJA,2024,08,15,0.0,-999,-999
104061,BORJA,2024,08,16,0.0,-999,-999
104061,BORJA,2024,08,17,0.0,-999,-999
104061,BORJA,2024,08,18,2.6,-999,-999
104061,BORJA,2024,08,19,0.0,-999,-999
104061,BORJA,2024,08,20,26.2,-999,-999
104061,BORJA,2024,08,21,0.0,-999,-999
104061,BORJA,2024,08,22,0.0,-999,-999
104061,BORJA,2024,08,23,0.0,-999,-999
104061,BORJA,2024,08,24,0.0,-999,-999
104061,BORJA,2024,08,25,0.0,-999,-999
104061,BORJA,2024,08,26,0.0,-999,-999
104061,BORJA,2024,08,27,0.0,-999,-999
104061,BORJA,2024,08,28,0.0,-999,-999
104061,BORJA,2024,08,29,0.0,-999,-999
104061,BORJA,2024,08,30,0.0,-999,-999
104061,BORJA,2024,08,31,0.0,-999,-999
104061,BORJA,2024,09,01,8.8,-999,-999
104061,BORJA,2024,09,02,0.0,-999,-999
104061,BORJA,2024,09,03,0.0,-999,-999
104061,BORJA,2024,09,04,0.0,-999,-999
104061,BORJA,2024,09,05,20.8,-999,-999
104061,BORJA,2024,09,06,0.0,-999,-999
104061,BORJA,2024,09,07,0.0,-999,-999
104061,BORJA,2024,09,08,0.0,-999,-999
104061,BORJA,2024,09,09,0.0,-999,-999
104061,BORJA,2024,09,10,0.0,-999,-999
104061,BORJA,2024,09,11,0.0,-999,-999
104061,BORJA,2024,09,12,0.0,-999,-999
104061,BORJA,2024,09,13,0.0,-999,-999
104061,BORJA,2024,09,14,0.0,-999,-999
104061,BORJA,2024,09,15,18.8,-999,-999
104061,BORJA,2024,09,16,0.0,-999,-999
104061,BORJA,2024,09,17,0.0,-999,-999
104061,BORJA,2024,09,18,0.0,-999,-999
104061,BORJA,2024,09,19,0.0,-999,-999
104061,BORJA,2024,09,20,0.0,-999,-999
104061,BORJA,2024,09,21,0.0,-999,-999
104061,BORJA,2024,09,22,0.0,-999,-999
104061,BORJA,2024,09,23,0.0,-999,-999
104061,BORJA,2024,09,24,0.0,-999,-999
104061,BORJA,2024,09,25,0.0,-999,-999
104061,BORJA,2024,09,26,0.0,-999,-999
104061,BORJA,2024,09,27,54.2,-999,-999
104061,BORJA,2024,09,28,0.0,-999,-999
104061,BORJA,2024,09,29,0.0,-999,-999
104061,BORJA,2024,09,30,36.0,-999,-999
104061,BORJA,2024,10,01,0.0,-999,-999
104061,BORJA,2024,10,02,0.0,-999,-999
104061,BORJA,2024,10,03,28.3,-999,-999
104061,BORJA,2024,10,04,31.4,-999,-999
104061,BORJA,2024,10,05,0.0,-999,-999
104061,BORJA,2024,10,06,0.0,-999,-999
104061,BORJA,2024,10,07,0.0,-999,-999
104061,BORJA,2024,10,08,1.5,-999,-999
104061,BORJA,2024,10,09,11.2,-999,-999
104061,BORJA,2024,10,10,86.6,-999,-999
104061,BORJA,2024,10,11,0.0,-999,-999
104061,BORJA,2024,10,12,0.0,-999,-999
104061,BORJA,2024,10,13,43.6,-999,-999
104061,BORJA,2024,10,14,0.0,-999,-999
104061,BORJA,2024,10,15,0.0,-999,-999
104061,BORJA,2024,10,16,0.0,-999,-999
104061,BORJA,2024,10,17,0.0,-999,-999
104061,BORJA,2024,10,18,0.0,-999,-999
104061,BORJA,2024,10,19,0.0,-999,-999
104061,BORJA,2024,10,20,32.1,-999,-999
104061,BORJA,2024,10,21,0.0,-999,-999
104061,BORJA,2024,10,22,8.2,-999,-999
104061,BORJA,2024,10,23,5.7,-999,-999
104061,BORJA,2024,10,24,49.7,-999,-999
104061,BORJA,2024,10,25,1.7,-999,-999
104061,BORJA,2024,10,26,0.0,-999,-999
104061,BORJA,2024,10,27,86.2,-999,-999
104061,BORJA,2024,10,28,4.5,-999,-999
104061,BORJA,2024,10,29,29.7,-999,-999
104061,BORJA,2024,10,30,0.0,-999,-999
104061,BORJA,2024,10,31,0.0,-999,-999
104061,BORJA,2024,11,01,70.7,-999,-999
104061,BORJA,2024,11,02,37.5,-999,-999
104061,BORJA,2024,11,03,0.0,-999,-999
104061,BORJA,2024,11,04,21.4,-999,-999
104061,BORJA,2024,11,05,1.9,-999,-999
104061,BORJA,2024,11,06,8.2,-999,-999
104061,BORJA,2024,11,07,5.4,-999,-999
104061,BORJA,2024,11,08,0.0,-999,-999
104061,BORJA,2024,11,09,0.0,-999,-999
104061,BORJA,2024,11,10,0.0,-999,-999
104061,BORJA,2024,11,11,0.0,-999,-999
104061,BORJA,2024,11,12,0.0,-999,-999
104061,BORJA,2024,11,13,7.6,-999,-999
104061,BORJA,2024,11,14,0.0,-999,-999
104061,BORJA,2024,11,15,1.1,-999,-999
104061,BORJA,2024,11,16,11.6,-999,-999
104061,BORJA,2024,11,17,0.0,-999,-999
104061,BORJA,2024,11,18,8.9,-999,-999
104061,BORJA,2024,11,19,7.9,-999,-999
104061,BORJA,2024,11,20,86.5,-999,-999
104061,BORJA,2024,11,21,40.5,-999,-999
104061,BORJA,2024,11,22,0.0,-999,-999
104061,BORJA,2024,11,23,2.3,-999,-999
104061,BORJA,2024,11,24,2.7,-999,-999
104061,BORJA,2024,11,25,0.0,-999,-999
104061,BORJA,2024,11,26,0.0,-999,-999
104061,BORJA,2024,11,27,13.1,-999,-999
104061,BORJA,2024,11,28,6.2,-999,-999
104061,BORJA,2024,11,29,10.5,-999,-999
104061,BORJA,2024,11,30,0.0,-999,-999
104061,BORJA,2024,12,01,3.1,-999,-999
104061,BORJA,2024,12,02,0.0,-999,-999
104061,BORJA,2024,12,03,15.4,-999,-999
104061,BORJA,2024,12,04,39.2,-999,-999
104061,BORJA,2024,12,05,0.0,-999,-999
104061,BORJA,2024,12,06,6.5,-999,-999
104061,BORJA,2024,12,07,0.0,-999,-999
104061,BORJA,2024,12,08,21.9,-999,-999
104061,BORJA,2024,12,09,5.3,-999,-999
104061,BORJA,2024,12,10,43.2,-999,-999
104061,BORJA,2024,12,11,0.0,-999,-999
104061,BORJA,2024,12,12,0.0,-999,-999
104061,BORJA,2024,12,13,3.7,-999,-999
104061,BORJA,2024,12,14,5.2,-999,-999
104061,BORJA,2024,12,15,18.8,-999,-999
104061,BORJA,2024,12,16,93.8,-999,-999
104061,BORJA,2024,12,17,1.3,-999,-999
104061,BORJA,2024,12,18,1.4,-999,-999
104061,BORJA,2024,12,19,49.1,-999,-999
104061,BORJA,2024,12,20,2.3,-999,-999
104061,BORJA,2024,12,21,0.0,-999,-999
104061,BORJA,2024,12,22,0.0,-999,-999
104061,BORJA,2024,12,23,6.2,-999,-999
104061,BORJA,2024,12,24,0.0,-999,-999
104061,BORJA,2024,12,25,0.0,-999,-999
104061,BORJA,2024,12,26,32.6,-999,-999
104061,BORJA,2024,12,27,3.9,-999,-999
104061,BORJA,2024,12,28,0.0,-999,-999
104061,BORJA,2024,12,29,25.3,-999,-999
104061,BORJA,2024,12,30,0.0,-999,-999
104061,BORJA,2024,12,31,0.0,-999,-999
104061,BORJA,2025,01,01,0.0,-999,-999
104061,BORJA,2025,01,02,28.8,-999,-999
104061,BORJA,2025,01,03,3.5,-999,-999
104061,BORJA,2025,01,04,7.2,-999,-999
104061,BORJA,2025,01,05,25.2,-999,-999
104061,BORJA,2025,01,06,5.2,-999,-999
104061,BORJA,2025,01,07,14.2,-999,-999
104061,BORJA,2025,01,08,0.0,-999,-999
104061,BORJA,2025,01,09,25.2,-999,-999
104061,BORJA,2025,01,10,26.2,-999,-999
104061,BORJA,2025,01,11,0.0,-999,-999
104061,BORJA,2025,01,12,1.1,-999,-999
104061,BORJA,2025,01,13,0.0,-999,-999
104061,BORJA,2025,01,14,0.0,-999,-999
104061,BORJA,2025,01,15,19.2,-999,-999
104061,BORJA,2025,01,16,1.1,-999,-999
104061,BORJA,2025,01,17,25.8,-999,-999
104061,BORJA,2025,01,18,0.0,-999,-999
104061,BORJA,2025,01,19,0.0,-999,-999
104061,BORJA,2025,01,20,0.0,-999,-999
104061,BORJA,2025,01,21,2.3,-999,-999
104061,BORJA,2025,01,22,2.9,-999,-999
104061,BORJA,2025,01,23,0.0,-999,-999
104061,BORJA,2025,01,24,0.0,-999,-999
104061,BORJA,2025,01,25,0.0,-999,-999
104061,BORJA,2025,01,26,0.0,-999,-999
104061,BORJA,2025,01,27,27.4,-999,-999
104061,BORJA,2025,01,28,3.4,-999,-999
104061,BORJA,2025,01,29,0.0,-999,-999
104061,BORJA,2025,01,30,0.0,-999,-999
104061,BORJA,2025,01,31,5.5,-999,-999
104061,BORJA,2025,02,01,0.0,-999,-999
104061,BORJA,2025,02,02,2.2,-999,-999
104061,BORJA,2025,02,03,6.2,-999,-999
104061,BORJA,2025,02,04,24.8,-999,-999
104061,BORJA,2025,02,05,1.9,-999,-999
104061,BORJA,2025,02,06,10.9,-999,-999
104061,BORJA,2025,02,07,9.3,-999,-999
104061,BORJA,2025,02,08,0.0,-999,-999
104061,BORJA,2025,02,09,0.0,-999,-999
104061,BORJA,2025,02,10,2.1,-999,-999
104061,BORJA,2025,02,11,7.3,-999,-999
104061,BORJA,2025,02,12,79.6,-999,-999
104061,BORJA,2025,02,13,28.0,-999,-999
104061,BORJA,2025,02,14,0.0,-999,-999
104061,BORJA,2025,02,15,12.2,-999,-999
104061,BORJA,2025,02,16,82.4,-999,-999
104061,BORJA,2025,02,17,48.9,-999,-999
104061,BORJA,2025,02,18,0.0,-999,-999
104061,BORJA,2025,02,19,0.0,-999,-999
104061,BORJA,2025,02,20,27.3,-999,-999
104061,BORJA,2025,02,21,0.0,-999,-999
104061,BORJA,2025,02,22,0.0,-999,-999
104061,BORJA,2025,02,23,0.0,-999,-999
104061,BORJA,2025,02,24,0.0,-999,-999
104061,BORJA,2025,02,25,0.0,-999,-999
104061,BORJA,2025,02,26,0.0,-999,-999
104061,BORJA,2025,02,27,0.0,-999,-999
104061,BORJA,2025,02,28,0.0,-999,-999
104061,BORJA,2025,03,01,13.2,-999,-999
104061,BORJA,2025,03,02,15.0,-999,-999
104061,BORJA,2025,03,03,15.4,-999,-999
104061,BORJA,2025,03,04,4.3,-999,-999
104061,BORJA,2025,03,05,2.1,-999,-999
104061,BORJA,2025,03,06,0.0,-999,-999
104061,BORJA,2025,03,07,0.0,-999,-999
104061,BORJA,2025,03,08,84.6,-999,-999
104061,BORJA,2025,03,09,0.0,-999,-999
104061,BORJA,2025,03,10,70.7,-999,-999
104061,BORJA,2025,03,11,22.1,-999,-999
104061,BORJA,2025,03,12,3.4,-999,-999
104061,BORJA,2025,03,13,0.0,-999,-999
104061,BORJA,2025,03,14,90.3,-999,-999
104061,BORJA,2025,03,15,35.9,-999,-999
104061,BORJA,2025,03,16,0.0,-999,-999
104061,BORJA,2025,03,17,2.2,-999,-999
104061,BORJA,2025,03,18,38.5,-999,-999
104061,BORJA,2025,03,19,4.5,-999,-999
104061,BORJA,2025,03,20,23.2,-999,-999
104061,BORJA,2025,03,21,4.9,-999,-999
104061,BORJA,2025,03,22,24.5,-999,-999
104061,BORJA,2025,03,23,4.6,-999,-999
104061,BORJA,2025,03,24,0.0,-999,-999
104061,BORJA,2025,03,25,2.5,-999,-999
104061,BORJA,2025,03,26,2.4,-999,-999
104061,BORJA,2025,03,27,0.0,-999,-999
104061,BORJA,2025,03,28,0.0,-999,-999
104061,BORJA,2025,03,29,0.0,-999,-999
104061,BORJA,2025,03,30,28.2,-999,-999
104061,BORJA,2025,03,31,27.2,-999,-999
104061,BORJA,2025,04,01,86.2,-999,-999
104061,BORJA,2025,04,02,31.3,-999,-999
104061,BORJA,2025,04,03,0.0,-999,-999
104061,BORJA,2025,04,04,15.7,-999,-999
104061,BORJA,2025,04,05,52.7,-999,-999
104061,BORJA,2025,04,06,1.5,-999,-999
104061,BORJA,2025,04,07,0.0,-999,-999
104061,BORJA,2025,04,08,34.3,-999,-999
104061,BORJA,2025,04,09,0.0,-999,-999
104061,BORJA,2025,04,10,9.2,-999,-999
104061,BORJA,2025,04,11,9.1,-999,-999
104061,BORJA,2025,04,12,10.5,-999,-999
104061,BORJA,2025,04,13,5.1,-999,-999
104061,BORJA,2025,04,14,0.0,-999,-999
104061,BORJA,2025,04,15,6.1,-999,-999
104061,BORJA,2025,04,16,7.1,-999,-999
104061,BORJA,2025,04,17,0.0,-999,-999
104061,BORJA,2025,04,18,0.0,-999,-999
104061,BORJA,2025,04,19,20.7,-999,-999
104061,BORJA,2025,04,20,0.0,-999,-999
104061,BORJA,2025,04,21,0.0,-999,-999
104061,BORJA,2025,04,22,0.0,-999,-999
104061,BORJA,2025,04,23,9.8,-999,-999
104061,BORJA,2025,04,24,10.1,-999,-999
104061,BORJA,2025,04,25,0.0,-999,-999
104061,BORJA,2025,04,26,26.9,-999,-999
104061,BORJA,2025,04,27,38.0,-999,-999
104061,BORJA,2025,04,28,0.0,-999,-999
104061,BORJA,2025,04,29,0.0,-999,-999
104061,BORJA,2025,04,30,5.8,-999,-999
104061,BORJA,2025,05,01,0.0,-999,-999
104061,BORJA,2025,05,02,0.0,-999,-999
104061,BORJA,2025,05,03,4.5,-999,-999
104061,BORJA,2025,05,04,0.0,-999,-999
104061,BORJA,2025,05,05,2.2,-999,-999
104061,BORJA,2025,05,06,0.0,-999,-999
104061,BORJA,2025,05,07,0.0,-999,-999
104061,BORJA,2025,05,08,0.0,-999,-999
104061,BORJA,2025,05,09,0.0,-999,-999
104061,BORJA,2025,05,10,48.9,-999,-999
104061,BORJA,2025,05,11,26.7,-999,-999
104061,BORJA,2025,05,12,0.0,-999,-999
104061,BORJA,2025,05,13,0.0,-999,-999
104061,BORJA,2025,05,14,0.0,-999,-999
104061,BORJA,2025,05,15,0.0,-999,-999
104061,BORJA,2025,05,16,0.0,-999,-999
104061,BORJA,2025,05,17,0.0,-999,-999
104061,BORJA,2025,05,18,47.7,-999,-999
104061,BORJA,2025,05,19,19.6,-999,-999
104061,BORJA,2025,05,20,0.0,-999,-999
104061,BORJA,2025,05,21,2.6,-999,-999
104061,BORJA,2025,05,22,12.0,-999,-999
104061,BORJA,2025,05,23,3.2,-999,-999
104061,BORJA,2025,05,24,0.0,-999,-999
104061,BORJA,2025,05,25,23.9,-999,-999
104061,BORJA,2025,05,26,24.8,-999,-999
104061,BORJA,2025,05,27,0.0,-999,-999
104061,BORJA,2025,05,28,60.4,-999,-999
104061,BORJA,2025,05,29,23.4,-999,-999
104061,BORJA,2025,05,30,0.0,-999,-999
104061,BORJA,2025,05,31,6.8,-999,-999
104061,BORJA,2025,06,01,0.0,-999,-999
104061,BORJA,2025,06,02,0.0,-999,-999
104061,BORJA,2025,06,03,0.0,-999,-999
104061,BORJA,2025,06,04,0.0,-999,-999
104061,BORJA,2025,06,05,0.5,-999,-999
104061,BORJA,2025,06,06,9.5,-999,-999
104061,BORJA,2025,06,07,0.0,-999,-999
104061,BORJA,2025,06,08,14.2,-999,-999
104061,BORJA,2025,06,09,0.0,-999,-999
104061,BORJA,2025,06,10,0.0,-999,-999
104061,BORJA,2025,06,11,4.6,-999,-999
104061,BORJA,2025,06,12,0.0,-999,-999
104061,BORJA,2025,06,13,6.7,-999,-999
104061,BORJA,2025,06,14,36.6,-999,-999
104061,BORJA,2025,06,15,14.6,-999,-999
104061,BORJA,2025,06,16,0.0,-999,-999
104061,BORJA,2025,06,17,13.4,-999,-999
104061,BORJA,2025,06,18,22.8,-999,-999
104061,BORJA,2025,06,19,2.9,-999,-999
104061,BORJA,2025,06,20,0.0,-999,-999
104061,BORJA,2025,06,21,0.0,-999,-999
104061,BORJA,2025,06,22,0.0,-999,-999
104061,BORJA,2025,06,23,0.0,-999,-999
104061,BORJA,2025,06,24,9.5,-999,-999
104061,BORJA,2025,06,25,7.7,-999,-999
104061,BORJA,2025,06,26,0.6,-999,-999
104061,BORJA,2025,06,27,0.0,-999,-999
104061,BORJA,2025,06,28,0.0,-999,-999
104061,BORJA,2025,06,29,0.8,-999,-999
104061,BORJA,2025,06,30,14.9,-999,-999
104061,BORJA,2025,07,01,63.0,-999,-999
104061,BORJA,2025,07,02,15.1,-999,-999
104061,BORJA,2025,07,03,0.0,-999,-999
104061,BORJA,2025,07,04,0.0,-999,-999
104061,BORJA,2025,07,05,0.0,-999,-999
104061,BORJA,2025,07,06,0.0,-999,-999
104061,BORJA,2025,07,07,0.0,-999,-999
104061,BORJA,2025,07,08,0.0,-999,-999
104061,BORJA,2025,07,09,0.0,-999,-999
104061,BORJA,2025,07,10,0.0,-999,-999
104061,BORJA,2025,07,11,0.0,-999,-999
104061,BORJA,2025,07,12,0.0,-999,-999
104061,BORJA,2025,07,13,0.0,-999,-999
104061,BORJA,2025,07,14,0.0,-999,-999
104061,BORJA,2025,07,15,0.0,-999,-999
104061,BORJA,2025,07,16,0.0,-999,-999
104061,BORJA,2025,07,17,57.8,-999,-999
104061,BORJA,2025,07,18,42.0,-999,-999
104061,BORJA,2025,07,19,0.0,-999,-999
104061,BORJA,2025,07,20,0.0,-999,-999
104061,BORJA,2025,07,21,0.0,-999,-999
104061,BORJA,2025,07,22,0.0,-999,-999
104061,BORJA,2025,07,23,0.5,-999,-999
104061,BORJA,2025,07,24,20.2,-999,-999
104061,BORJA,2025,07,25,0.0,-999,-999
104061,BORJA,2025,07,26,0.0,-999,-999
104061,BORJA,2025,07,27,10.2,-999,-999
104061,BORJA,2025,07,28,10.3,-999,-999
104061,BORJA,2025,07,29,0.0,-999,-999
104061,BORJA,2025,07,30,84.6,-999,-999
104061,BORJA,2025,07,31,0.0,-999,-999
104061,BORJA,2025,08,01,0.0,-999,-999
104061,BORJA,2025,08,02,0.0,-999,-999
104061,BORJA,2025,08,03,0.0,-999,-999
104061,BORJA,2025,08,04,4.2,-999,-999
104061,BORJA,2025,08,05,2.0,-999,-999
104061,BORJA,2025,08,06,0.0,-999,-999
104061,BORJA,2025,08,07,0.0,-999,-999
104061,BORJA,2025,08,08,0.0,-999,-999
104061,BORJA,2025,08,09,0.0,-999,-999
104061,BORJA,2025,08,10,59.9,-999,-999
104061,BORJA,2025,08,11,0.0,-999,-999
104061,BORJA,2025,08,12,0.0,-999,-999
104061,BORJA,2025,08,13,24.7,-999,-999
104061,BORJA,2025,08,14,15.3,-999,-999
104061,BORJA,2025,08,15,8.6,-999,-999
104061,BORJA,2025,08,16,0.0,-999,-999
104061,BORJA,2025,08,17,0.0,-999,-999
104061,BORJA,2025,08,18,0.0,-999,-999
104061,BORJA,2025,08,19,0.0,-999,-999
104061,BORJA,2025,08,20,0.0,-999,-999
104061,BORJA,2025,08,21,0.0,-999,-999
104061,BORJA,2025,08,22,2.9,-999,-999
104061,BORJA,2025,08,23,7.6,-999,-999
104061,BORJA,2025,08,24,14.3,-999,-999
104061,BORJA,2025,08,25,14.9,-999,-999
104061,BORJA,2025,08,26,18.2,-999,-999
104061,BORJA,2025,08,27,0.0,-999,-999
104061,BORJA,2025,08,28,0.0,-999,-999
104061,BORJA,2025,08,29,0.0,-999,-999
104061,BORJA,2025,08,30,0.0,-999,-999
104061,BORJA,2025,08,31,0.0,-999,-999
104061,BORJA,2025,09,01,45.5,-999,-999
104061,BORJA,2025,09,02,0.0,-999,-999
104061,BORJA,2025,09,03,0.0,-999,-999
104061,BORJA,2025,09,04,0.0,-999,-999
104061,BORJA,2025,09,05,0.0,-999,-999
104061,BORJA,2025,09,06,86.4,-999,-999
104061,BORJA,2025,09,07,0.0,-999,-999
104061,BORJA,2025,09,08,0.0,-999,-999
104061,BORJA,2025,09,09,36.6,-999,-999
104061,BORJA,2025,09,10,83.3,-999,-999
104061,BORJA,2025,09,11,0.0,-999,-999
104061,BORJA,2025,09,12,58.5,-999,-999
104061,BORJA,2025,09,13,0.0,-999,-999
104061,BORJA,2025,09,14,13.8,-999,-999
104061,BORJA,2025,09,15,7.6,-999,-999
104061,BORJA,2025,09,16,0.0,-999,-999
104061,BORJA,2025,09,17,0.0,-999,-999
104061,BORJA,2025,09,18,0.0,-999,-999
104061,BORJA,2025,09,19,0.0,-999,-999
104061,BORJA,2025,09,20,0.0,-999,-999
104061,BORJA,2025,09,21,0.0,-999,-999
104061,BORJA,2025,09,22,10.5,-999,-999
104061,BORJA,2025,09,23,47.3,-999,-999
104061,BORJA,2025,09,24,26.9,-999,-999
104061,BORJA,2025,09,25,119.5,-999,-999
104061,BORJA,2025,09,26,9.4,-999,-999
104061,BORJA,2025,09,27,0.0,-999,-999
104061,BORJA,2025,09,28,0.0,-999,-999
104061,BORJA,2025,09,29,2.6,-999,-999
104061,BORJA,2025,09,30,50.4,-999,-999
104061,BORJA,2025,10,01,36.3,-999,-999
104061,BORJA,2025,10,02,56.3,-999,-999
104061,BORJA,2025,10,03,0.0,-999,-999
104061,BORJA,2025,10,04,0.0,-999,-999
104061,BORJA,2025,10,05,0.0,-999,-999
104061,BORJA,2025,10,06,36.1,-999,-999
104061,BORJA,2025,10,07,0.0,-999,-999
104061,BORJA,2025,10,08,6.5,-999,-999
104061,BORJA,2025,10,09,0.6,-999,-999
104061,BORJA,2025,10,10,11.2,-999,-999
104061,BORJA,2025,10,11,0.0,-999,-999
104061,BORJA,2025,10,12,26.2,-999,-999
104061,BORJA,2025,10,13,15.7,-999,-999
104061,BORJA,2025,10,14,0.0,-999,-999
104061,BORJA,2025,10,15,0.0,-999,-999
104061,BORJA,2025,10,16,21.4,-999,-999
104061,BORJA,2025,10,17,0.0,-999,-999
104061,BORJA,2025,10,18,0.0,-999,-999
104061,BORJA,2025,10,19,0.0,-999,-999
104061,BORJA,2025,10,20,9.8,-999,-999
104061,BORJA,2025,10,21,15.5,-999,-999
104061,BORJA,2025,10,22,0.0,-999,-999
104061,BORJA,2025,10,23,0.0,-999,-999
104061,BORJA,2025,10,24,0.0,-999,-999
104061,BORJA,2025,10,25,0.0,-999,-999
104061,BORJA,2025,10,26,5.2,-999,-999
104061,BORJA,2025,10,27,0.0,-999,-999
104061,BORJA,2025,10,28,25.6,-999,-999
104061,BORJA,2025,10,29,0.0,-999,-999
104061,BORJA,2025,10,30,0.0,-999,-999
104061,BORJA,2025,10,31,0.0,-999,-999
104061,BORJA,2025,11,01,3.2,-999,-999
104061,BORJA,2025,11,02,0.0,-999,-999
104061,BORJA,2025,11,03,0.0,-999,-999
104061,BORJA,2025,11,04,11.7,-999,-999
104061,BORJA,2025,11,05,38.2,-999,-999
104061,BORJA,2025,11,06,0.0,-999,-999
104061,BORJA,2025,11,07,0.0,-999,-999
104061,BORJA,2025,11,08,2.7,-999,-999
104061,BORJA,2025,11,09,0.0,-999,-999
104061,BORJA,2025,11,10,4.2,-999,-999
104061,BORJA,2025,11,11,0.0,-999,-999
104061,BORJA,2025,11,12,0.0,-999,-999
104061,BORJA,2025,11,13,25.2,-999,-999
104061,BORJA,2025,11,14,18.1,-999,-999
104061,BORJA,2025,11,15,29.3,-999,-999
104061,BORJA,2025,11,16,0.0,-999,-999
104061,BORJA,2025,11,17,10.2,-999,-999
104061,BORJA,2025,11,18,9.9,-999,-999
104061,BORJA,2025,11,19,0.0,-999,-999
104061,BORJA,2025,11,20,0.0,-999,-999
104061,BORJA,2025,11,21,2.4,-999,-999
104061,BORJA,2025,11,22,9.3,-999,-999
104061,BORJA,2025,11,23,9.2,-999,-999
104061,BORJA,2025,11,24,5.6,-999,-999
104061,BORJA,2025,11,25,8.7,-999,-999
104061,BORJA,2025,11,26,0.0,-999,-999
104061,BORJA,2025,11,27,70.9,-999,-999
104061,BORJA,2025,11,28,0.0,-999,-999
104061,BORJA,2025,11,29,0.0,-999,-999
104061,BORJA,2025,11,30,3.9,-999,-999
104061,BORJA,2025,12,01,107.7,-999,-999
104061,BORJA,2025,12,02,0.0,-999,-999
104061,BORJA,2025,12,03,0.0,-999,-999
104061,BORJA,2025,12,04,0.0,-999,-999
104061,BORJA,2025,12,05,0.0,-999,-999
104061,BORJA,2025,12,06,0.0,-999,-999
104061,BORJA,2025,12,07,0.0,-999,-999
104061,BORJA,2025,12,08,0.0,-999,-999
104061,BORJA,2025,12,09,0.0,-999,-999
104061,BORJA,2025,12,10,0.0,-999,-999
104061,BORJA,2025,12,11,18.2,-999,-999
104061,BORJA,2025,12,12,0.0,-999,-999
104061,BORJA,2025,12,13,18.2,-999,-999
104061,BORJA,2025,12,14,0.9,-999,-999
104061,BORJA,2025,12,15,16.5,-999,-999
104061,BORJA,2025,12,16,42.2,-999,-999
104061,BORJA,2025,12,17,0.0,-999,-999
104061,BORJA,2025,12,18,67.4,-999,-999
104061,BORJA,2025,12,19,22.7,-999,-999
104061,BORJA,2025,12,20,0.0,-999,-999
104061,BORJA,2025,12,21,0.0,-999,-999
104061,BORJA,2025,12,22,0.0,-999,-999
104061,BORJA,2025,12,23,0.0,-999,-999
104061,BORJA,2025,12,24,0.0,-999,-999
104061,BORJA,2025,12,25,0.0,-999,-999
104061,BORJA,2025,12,26,0.0,-999,-999
104061,BORJA,2025,12,27,0.0,-999,-999
104061,BORJA,2025,12,28,27.1,-999,-999
104061,BORJA,2025,12,29,0.0,-999,-999
104061,BORJA,2025,12,30,45.8,-999,-999
104061,BORJA,2025,12,31,6.7,-999,-999
