CODIGO,ESTACION,YEAR,MONTH,DAY,PP,TMAX,TMIN
104067,BAGAZAN,1965,01,01,1.0,-999,-999
104067,BAGAZAN,1965,01,02,0.0,-999,-999
104067,BAGAZAN,1965,01,03,6.0,-999,-999
104067,BAGAZAN,1965,01,04,4.7,-999,-999
104067,BAGAZAN,1965,01,05,0.0,-999,-999
104067,BAGAZAN,1965,01,06,0.0,-999,-999
104067,BAGAZAN,1965,01,07,0.0,-999,-999
104067,BAGAZAN,1965,01,08,0.0,-999,-999
104067,BAGAZAN,1965,01,09,50.8,-999,-999
104067,BAGAZAN,1965,01,10,0.0,-999,-999
104067,BAGAZAN,1965,01,11,7.0,-999,-999
104067,BAGAZAN,1965,01,12,20.0,-999,-999
104067,BAGAZAN,1965,01,13,0.0,-999,-999
104067,BAGAZAN,1965,01,14,0.0,-999,-999
104067,BAGAZAN,1965,01,15,0.0,-999,-999
104067,BAGAZAN,1965,01,16,50.7,-999,-999
104067,BAGAZAN,1965,01,17,12.0,-999,-999
104067,BAGAZAN,1965,01,18,20.0,-999,-999
104067,BAGAZAN,1965,01,19,0.0,-999,-999
104067,BAGAZAN,1965,01,20,0.0,-999,-999
104067,BAGAZAN,1965,01,21,0.0,-999,-999
104067,BAGAZAN,1965,01,22,0.0,-999,-999
104067,BAGAZAN,1965,01,23,0.0,-999,-999
104067,BAGAZAN,1965,01,24,0.0,-999,-999
104067,BAGAZAN,1965,01,25,0.0,-999,-999
104067,BAGAZAN,1965,01,26,0.0,-999,-999
104067,BAGAZAN,1965,01,27,0.0,-999,-999
104067,BAGAZAN,1965,01,28,0.0,-999,-999
104067,BAGAZAN,1965,01,29,0.0,-999,-999
104067,BAGAZAN,1965,01,30,0.0,-999,-999
104067,BAGAZAN,1965,01,31,0.0,-999,-999
104067,BAGAZAN,1965,02,01,0.0,-999,-999
104067,BAGAZAN,1965,02,02,0.0,-999,-999
104067,BAGAZAN,1965,02,03,0.0,-999,-999
104067,BAGAZAN,1965,02,04,0.0,-999,-999
104067,BAGAZAN,1965,02,05,0.0,-999,-999
104067,BAGAZAN,1965,02,06,0.0,-999,-999
104067,BAGAZAN,1965,02,07,0.0,-999,-999
104067,BAGAZAN,1965,02,08,0.0,-999,-999
104067,BAGAZAN,1965,02,09,0.0,-999,-999
104067,BAGAZAN,1965,02,10,0.0,-999,-999
104067,BAGAZAN,1965,02,11,0.0,-999,-999
104067,BAGAZAN,1965,02,12,30.0,-999,-999
104067,BAGAZAN,1965,02,13,50.4,-999,-999
104067,BAGAZAN,1965,02,14,15.0,-999,-999
104067,BAGAZAN,1965,02,15,63.2,-999,-999
104067,BAGAZAN,1965,02,16,38.0,-999,-999
104067,BAGAZAN,1965,02,17,0.0,-999,-999
104067,BAGAZAN,1965,02,18,0.0,-999,-999
104067,BAGAZAN,1965,02,19,0.0,-999,-999
104067,BAGAZAN,1965,02,20,0.0,-999,-999
104067,BAGAZAN,1965,02,21,40.6,-999,-999
104067,BAGAZAN,1965,02,22,12.0,-999,-999
104067,BAGAZAN,1965,02,23,44.2,-999,-999
104067,BAGAZAN,1965,02,24,10.0,-999,-999
104067,BAGAZAN,1965,02,25,0.0,-999,-999
104067,BAGAZAN,1965,02,26,0.0,-999,-999
104067,BAGAZAN,1965,02,27,0.0,-999,-999
104067,BAGAZAN,1965,02,28,0.0,-999,-999
104067,BAGAZAN,1965,03,01,0.0,-999,-999
104067,BAGAZAN,1965,03,02,0.0,-999,-999
104067,BAGAZAN,1965,03,03,0.0,-999,-999
104067,BAGAZAN,1965,03,04,0.0,-999,-999
104067,BAGAZAN,1965,03,05,0.0,-999,-999
104067,BAGAZAN,1965,03,06,0.0,-999,-999
104067,BAGAZAN,1965,03,07,35.3,-999,-999
104067,BAGAZAN,1965,03,08,10.0,-999,-999
104067,BAGAZAN,1965,03,09,0.0,-999,-999
104067,BAGAZAN,1965,03,10,0.0,-999,-999
104067,BAGAZAN,1965,03,11,10.5,-999,-999
104067,BAGAZAN,1965,03,12,0.0,-999,-999
104067,BAGAZAN,1965,03,13,8.0,-999,-999
104067,BAGAZAN,1965,03,14,20.2,-999,-999
104067,BAGAZAN,1965,03,15,10.3,-999,-999
104067,BAGAZAN,1965,03,16,0.0,-999,-999
104067,BAGAZAN,1965,03,17,0.0,-999,-999
104067,BAGAZAN,1965,03,18,9.0,-999,-999
104067,BAGAZAN,1965,03,19,30.9,-999,-999
104067,BAGAZAN,1965,03,20,20.9,-999,-999
104067,BAGAZAN,1965,03,21,10.5,-999,-999
104067,BAGAZAN,1965,03,22,0.0,-999,-999
104067,BAGAZAN,1965,03,23,2.5,-999,-999
104067,BAGAZAN,1965,03,24,0.0,-999,-999
104067,BAGAZAN,1965,03,25,57.3,-999,-999
104067,BAGAZAN,1965,03,26,20.5,-999,-999
104067,BAGAZAN,1965,03,27,10.0,-999,-999
104067,BAGAZAN,1965,03,28,0.0,-999,-999
104067,BAGAZAN,1965,03,29,5.4,-999,-999
104067,BAGAZAN,1965,03,30,5.4,-999,-999
104067,BAGAZAN,1965,03,31,0.0,-999,-999
104067,BAGAZAN,1965,04,01,0.0,-999,-999
104067,BAGAZAN,1965,04,02,4.0,-999,-999
104067,BAGAZAN,1965,04,03,0.0,-999,-999
104067,BAGAZAN,1965,04,04,0.0,-999,-999
104067,BAGAZAN,1965,04,05,37.0,-999,-999
104067,BAGAZAN,1965,04,06,0.0,-999,-999
104067,BAGAZAN,1965,04,07,40.3,-999,-999
104067,BAGAZAN,1965,04,08,0.0,-999,-999
104067,BAGAZAN,1965,04,09,30.0,-999,-999
104067,BAGAZAN,1965,04,10,0.0,-999,-999
104067,BAGAZAN,1965,04,11,10.4,-999,-999
104067,BAGAZAN,1965,04,12,0.0,-999,-999
104067,BAGAZAN,1965,04,13,0.0,-999,-999
104067,BAGAZAN,1965,04,14,0.0,-999,-999
104067,BAGAZAN,1965,04,15,0.0,-999,-999
104067,BAGAZAN,1965,04,16,0.0,-999,-999
104067,BAGAZAN,1965,04,17,0.0,-999,-999
104067,BAGAZAN,1965,04,18,30.3,-999,-999
104067,BAGAZAN,1965,04,19,20.4,-999,-999
104067,BAGAZAN,1965,04,20,0.0,-999,-999
104067,BAGAZAN,1965,04,21,30.0,-999,-999
104067,BAGAZAN,1965,04,22,0.0,-999,-999
104067,BAGAZAN,1965,04,23,0.0,-999,-999
104067,BAGAZAN,1965,04,24,20.0,-999,-999
104067,BAGAZAN,1965,04,25,15.5,-999,-999
104067,BAGAZAN,1965,04,26,0.0,-999,-999
104067,BAGAZAN,1965,04,27,0.0,-999,-999
104067,BAGAZAN,1965,04,28,0.0,-999,-999
104067,BAGAZAN,1965,04,29,60.3,-999,-999
104067,BAGAZAN,1965,04,30,0.0,-999,-999
104067,BAGAZAN,1965,05,01,5.4,-999,-999
104067,BAGAZAN,1965,05,02,28.4,-999,-999
104067,BAGAZAN,1965,05,03,12.8,-999,-999
104067,BAGAZAN,1965,05,04,0.0,-999,-999
104067,BAGAZAN,1965,05,05,0.0,-999,-999
104067,BAGAZAN,1965,05,06,6.4,-999,-999
104067,BAGAZAN,1965,05,07,0.0,-999,-999
104067,BAGAZAN,1965,05,08,0.0,-999,-999
104067,BAGAZAN,1965,05,09,0.0,-999,-999
104067,BAGAZAN,1965,05,10,0.0,-999,-999
104067,BAGAZAN,1965,05,11,0.0,-999,-999
104067,BAGAZAN,1965,05,12,0.0,-999,-999
104067,BAGAZAN,1965,05,13,0.0,-999,-999
104067,BAGAZAN,1965,05,14,0.0,-999,-999
104067,BAGAZAN,1965,05,15,32.4,-999,-999
104067,BAGAZAN,1965,05,16,40.0,-999,-999
104067,BAGAZAN,1965,05,17,18.0,-999,-999
104067,BAGAZAN,1965,05,18,10.4,-999,-999
104067,BAGAZAN,1965,05,19,0.0,-999,-999
104067,BAGAZAN,1965,05,20,0.0,-999,-999
104067,BAGAZAN,1965,05,21,10.4,-999,-999
104067,BAGAZAN,1965,05,22,20.0,-999,-999
104067,BAGAZAN,1965,05,23,30.4,-999,-999
104067,BAGAZAN,1965,05,24,0.0,-999,-999
104067,BAGAZAN,1965,05,25,0.0,-999,-999
104067,BAGAZAN,1965,05,26,9.0,-999,-999
104067,BAGAZAN,1965,05,27,0.0,-999,-999
104067,BAGAZAN,1965,05,28,8.4,-999,-999
104067,BAGAZAN,1965,05,29,0.0,-999,-999
104067,BAGAZAN,1965,05,30,0.0,-999,-999
104067,BAGAZAN,1965,05,31,0.0,-999,-999
104067,BAGAZAN,1965,06,01,49.4,-999,-999
104067,BAGAZAN,1965,06,02,0.0,-999,-999
104067,BAGAZAN,1965,06,03,0.0,-999,-999
104067,BAGAZAN,1965,06,04,10.4,-999,-999
104067,BAGAZAN,1965,06,05,0.0,-999,-999
104067,BAGAZAN,1965,06,06,5.1,-999,-999
104067,BAGAZAN,1965,06,07,10.0,-999,-999
104067,BAGAZAN,1965,06,08,0.0,-999,-999
104067,BAGAZAN,1965,06,09,0.0,-999,-999
104067,BAGAZAN,1965,06,10,0.0,-999,-999
104067,BAGAZAN,1965,06,11,0.0,-999,-999
104067,BAGAZAN,1965,06,12,6.4,-999,-999
104067,BAGAZAN,1965,06,13,3.1,-999,-999
104067,BAGAZAN,1965,06,14,10.4,-999,-999
104067,BAGAZAN,1965,06,15,0.0,-999,-999
104067,BAGAZAN,1965,06,16,47.0,-999,-999
104067,BAGAZAN,1965,06,17,5.0,-999,-999
104067,BAGAZAN,1965,06,18,0.0,-999,-999
104067,BAGAZAN,1965,06,19,45.3,-999,-999
104067,BAGAZAN,1965,06,20,3.1,-999,-999
104067,BAGAZAN,1965,06,21,0.0,-999,-999
104067,BAGAZAN,1965,06,22,11.8,-999,-999
104067,BAGAZAN,1965,06,23,0.0,-999,-999
104067,BAGAZAN,1965,06,24,0.0,-999,-999
104067,BAGAZAN,1965,06,25,0.0,-999,-999
104067,BAGAZAN,1965,06,26,27.5,-999,-999
104067,BAGAZAN,1965,06,27,10.7,-999,-999
104067,BAGAZAN,1965,06,28,8.4,-999,-999
104067,BAGAZAN,1965,06,29,0.0,-999,-999
104067,BAGAZAN,1965,06,30,11.8,-999,-999
104067,BAGAZAN,1965,07,01,6.0,-999,-999
104067,BAGAZAN,1965,07,02,37.7,-999,-999
104067,BAGAZAN,1965,07,03,0.0,-999,-999
104067,BAGAZAN,1965,07,04,10.3,-999,-999
104067,BAGAZAN,1965,07,05,20.7,-999,-999
104067,BAGAZAN,1965,07,06,0.0,-999,-999
104067,BAGAZAN,1965,07,07,45.2,-999,-999
104067,BAGAZAN,1965,07,08,0.0,-999,-999
104067,BAGAZAN,1965,07,09,0.0,-999,-999
104067,BAGAZAN,1965,07,10,8.5,-999,-999
104067,BAGAZAN,1965,07,11,0.0,-999,-999
104067,BAGAZAN,1965,07,12,0.0,-999,-999
104067,BAGAZAN,1965,07,13,0.0,-999,-999
104067,BAGAZAN,1965,07,14,10.5,-999,-999
104067,BAGAZAN,1965,07,15,0.0,-999,-999
104067,BAGAZAN,1965,07,16,0.0,-999,-999
104067,BAGAZAN,1965,07,17,0.0,-999,-999
104067,BAGAZAN,1965,07,18,0.0,-999,-999
104067,BAGAZAN,1965,07,19,0.0,-999,-999
104067,BAGAZAN,1965,07,20,35.1,-999,-999
104067,BAGAZAN,1965,07,21,0.0,-999,-999
104067,BAGAZAN,1965,07,22,0.0,-999,-999
104067,BAGAZAN,1965,07,23,0.0,-999,-999
104067,BAGAZAN,1965,07,24,0.0,-999,-999
104067,BAGAZAN,1965,07,25,30.6,-999,-999
104067,BAGAZAN,1965,07,26,0.0,-999,-999
104067,BAGAZAN,1965,07,27,10.5,-999,-999
104067,BAGAZAN,1965,07,28,10.6,-999,-999
104067,BAGAZAN,1965,07,29,0.0,-999,-999
104067,BAGAZAN,1965,07,30,0.0,-999,-999
104067,BAGAZAN,1965,07,31,0.0,-999,-999
104067,BAGAZAN,1965,08,01,0.0,-999,-999
104067,BAGAZAN,1965,08,02,8.0,-999,-999
104067,BAGAZAN,1965,08,03,0.0,-999,-999
104067,BAGAZAN,1965,08,04,0.0,-999,-999
104067,BAGAZAN,1965,08,05,0.0,-999,-999
104067,BAGAZAN,1965,08,06,0.0,-999,-999
104067,BAGAZAN,1965,08,07,30.8,-999,-999
104067,BAGAZAN,1965,08,08,5.8,-999,-999
104067,BAGAZAN,1965,08,09,0.0,-999,-999
104067,BAGAZAN,1965,08,10,0.0,-999,-999
104067,BAGAZAN,1965,08,11,0.0,-999,-999
104067,BAGAZAN,1965,08,12,0.0,-999,-999
104067,BAGAZAN,1965,08,13,0.0,-999,-999
104067,BAGAZAN,1965,08,14,0.0,-999,-999
104067,BAGAZAN,1965,08,15,0.0,-999,-999
104067,BAGAZAN,1965,08,16,0.0,-999,-999
104067,BAGAZAN,1965,08,17,0.0,-999,-999
104067,BAGAZAN,1965,08,18,0.0,-999,-999
104067,BAGAZAN,1965,08,19,43.3,-999,-999
104067,BAGAZAN,1965,08,20,0.0,-999,-999
104067,BAGAZAN,1965,08,21,0.0,-999,-999
104067,BAGAZAN,1965,08,22,0.0,-999,-999
104067,BAGAZAN,1965,08,23,0.0,-999,-999
104067,BAGAZAN,1965,08,24,0.0,-999,-999
104067,BAGAZAN,1965,08,25,0.0,-999,-999
104067,BAGAZAN,1965,08,26,0.0,-999,-999
104067,BAGAZAN,1965,08,27,29.3,-999,-999
104067,BAGAZAN,1965,08,28,3.0,-999,-999
104067,BAGAZAN,1965,08,29,6.0,-999,-999
104067,BAGAZAN,1965,08,30,0.0,-999,-999
104067,BAGAZAN,1965,08,31,-999,-999,-999
104067,BAGAZAN,1965,10,01,1.0,-999,-999
104067,BAGAZAN,1965,10,02,0.0,-999,-999
104067,BAGAZAN,1965,10,03,0.0,-999,-999
104067,BAGAZAN,1965,10,04,3.4,-999,-999
104067,BAGAZAN,1965,10,05,0.0,-999,-999
104067,BAGAZAN,1965,10,06,0.0,-999,-999
104067,BAGAZAN,1965,10,07,0.0,-999,-999
104067,BAGAZAN,1965,10,08,0.0,-999,-999
104067,BAGAZAN,1965,10,09,0.0,-999,-999
104067,BAGAZAN,1965,10,10,29.4,-999,-999
104067,BAGAZAN,1965,10,11,16.3,-999,-999
104067,BAGAZAN,1965,10,12,0.0,-999,-999
104067,BAGAZAN,1965,10,13,0.0,-999,-999
104067,BAGAZAN,1965,10,14,0.0,-999,-999
104067,BAGAZAN,1965,10,15,0.0,-999,-999
104067,BAGAZAN,1965,10,16,11.3,-999,-999
104067,BAGAZAN,1965,10,17,0.0,-999,-999
104067,BAGAZAN,1965,10,18,0.0,-999,-999
104067,BAGAZAN,1965,10,19,0.0,-999,-999
104067,BAGAZAN,1965,10,20,0.0,-999,-999
104067,BAGAZAN,1965,10,21,0.0,-999,-999
104067,BAGAZAN,1965,10,22,0.0,-999,-999
104067,BAGAZAN,1965,10,23,0.0,-999,-999
104067,BAGAZAN,1965,10,24,0.0,-999,-999
104067,BAGAZAN,1965,10,25,0.0,-999,-999
104067,BAGAZAN,1965,10,26,17.0,-999,-999
104067,BAGAZAN,1965,10,27,60.3,-999,-999
104067,BAGAZAN,1965,10,28,0.0,-999,-999
104067,BAGAZAN,1965,10,29,20.5,-999,-999
104067,BAGAZAN,1965,10,30,8.2,-999,-999
104067,BAGAZAN,1965,10,31,0.0,-999,-999
104067,BAGAZAN,1965,11,01,0.0,-999,-999
104067,BAGAZAN,1965,11,02,40.3,-999,-999
104067,BAGAZAN,1965,11,03,0.0,-999,-999
104067,BAGAZAN,1965,11,04,0.0,-999,-999
104067,BAGAZAN,1965,11,05,30.5,-999,-999
104067,BAGAZAN,1965,11,06,8.5,-999,-999
104067,BAGAZAN,1965,11,07,0.0,-999,-999
104067,BAGAZAN,1965,11,08,0.0,-999,-999
104067,BAGAZAN,1965,11,09,0.0,-999,-999
104067,BAGAZAN,1965,11,10,0.0,-999,-999
104067,BAGAZAN,1965,11,11,0.0,-999,-999
104067,BAGAZAN,1965,11,12,0.0,-999,-999
104067,BAGAZAN,1965,11,13,0.0,-999,-999
104067,BAGAZAN,1965,11,14,42.0,-999,-999
104067,BAGAZAN,1965,11,15,50.9,-999,-999
104067,BAGAZAN,1965,11,16,9.0,-999,-999
104067,BAGAZAN,1965,11,17,14.2,-999,-999
104067,BAGAZAN,1965,11,18,1.0,-999,-999
104067,BAGAZAN,1965,11,19,10.0,-999,-999
104067,BAGAZAN,1965,11,20,0.0,-999,-999
104067,BAGAZAN,1965,11,21,0.0,-999,-999
104067,BAGAZAN,1965,11,22,24.0,-999,-999
104067,BAGAZAN,1965,11,23,24.0,-999,-999
104067,BAGAZAN,1965,11,24,0.0,-999,-999
104067,BAGAZAN,1965,11,25,0.0,-999,-999
104067,BAGAZAN,1965,11,26,0.0,-999,-999
104067,BAGAZAN,1965,11,27,6.4,-999,-999
104067,BAGAZAN,1965,11,28,0.0,-999,-999
104067,BAGAZAN,1965,11,29,19.2,-999,-999
104067,BAGAZAN,1965,11,30,6.2,-999,-999
104067,BAGAZAN,1965,12,01,0.0,-999,-999
104067,BAGAZAN,1965,12,02,0.0,-999,-999
104067,BAGAZAN,1965,12,03,0.0,-999,-999
104067,BAGAZAN,1965,12,04,0.0,-999,-999
104067,BAGAZAN,1965,12,05,5.1,-999,-999
104067,BAGAZAN,1965,12,06,0.0,-999,-999
104067,BAGAZAN,1965,12,07,0.0,-999,-999
104067,BAGAZAN,1965,12,08,0.0,-999,-999
104067,BAGAZAN,1965,12,09,0.0,-999,-999
104067,BAGAZAN,1965,12,10,0.0,-999,-999
104067,BAGAZAN,1965,12,11,0.0,-999,-999
104067,BAGAZAN,1965,12,12,40.8,-999,-999
104067,BAGAZAN,1965,12,13,0.0,-999,-999
104067,BAGAZAN,1965,12,14,10.2,-999,-999
104067,BAGAZAN,1965,12,15,63.4,-999,-999
104067,BAGAZAN,1965,12,16,0.0,-999,-999
104067,BAGAZAN,1965,12,17,0.0,-999,-999
104067,BAGAZAN,1965,12,18,24.3,-999,-999
104067,BAGAZAN,1965,12,19,0.0,-999,-999
104067,BAGAZAN,1965,12,20,0.0,-999,-999
104067,BAGAZAN,1965,12,21,25.0,-999,-999
104067,BAGAZAN,1965,12,22,30.4,-999,-999
104067,BAGAZAN,1965,12,23,0.0,-999,-999
104067,BAGAZAN,1965,12,24,0.0,-999,-999
104067,BAGAZAN,1965,12,25,0.0,-999,-999
104067,BAGAZAN,1965,12,26,0.0,-999,-999
104067,BAGAZAN,1965,12,27,0.0,-999,-999
104067,BAGAZAN,1965,12,28,17.3,-999,-999
104067,BAGAZAN,1965,12,29,0.0,-999,-999
104067,BAGAZAN,1965,12,30,0.0,-999,-999
104067,BAGAZAN,1965,12,31,8.4,-999,-999
104067,BAGAZAN,1966,01,01,0.0,-999,-999
104067,BAGAZAN,1966,01,02,0.0,-999,-999
104067,BAGAZAN,1966,01,03,8.4,-999,-999
104067,BAGAZAN,1966,01,04,7.3,-999,-999
104067,BAGAZAN,1966,01,05,12.2,-999,-999
104067,BAGAZAN,1966,01,06,0.0,-999,-999
104067,BAGAZAN,1966,01,07,17.0,-999,-999
104067,BAGAZAN,1966,01,08,0.0,-999,-999
104067,BAGAZAN,1966,01,09,10.0,-999,-999
104067,BAGAZAN,1966,01,10,3.0,-999,-999
104067,BAGAZAN,1966,01,11,0.0,-999,-999
104067,BAGAZAN,1966,01,12,14.4,-999,-999
104067,BAGAZAN,1966,01,13,0.0,-999,-999
104067,BAGAZAN,1966,01,14,0.0,-999,-999
104067,BAGAZAN,1966,01,15,6.0,-999,-999
104067,BAGAZAN,1966,01,16,18.0,-999,-999
104067,BAGAZAN,1966,01,17,2.0,-999,-999
104067,BAGAZAN,1966,01,18,40.7,-999,-999
104067,BAGAZAN,1966,01,19,8.6,-999,-999
104067,BAGAZAN,1966,01,20,0.0,-999,-999
104067,BAGAZAN,1966,01,21,8.0,-999,-999
104067,BAGAZAN,1966,01,22,38.0,-999,-999
104067,BAGAZAN,1966,01,23,40.0,-999,-999
104067,BAGAZAN,1966,01,24,10.0,-999,-999
104067,BAGAZAN,1966,01,25,13.4,-999,-999
104067,BAGAZAN,1966,01,26,0.0,-999,-999
104067,BAGAZAN,1966,01,27,10.4,-999,-999
104067,BAGAZAN,1966,01,28,1.0,-999,-999
104067,BAGAZAN,1966,01,29,5.0,-999,-999
104067,BAGAZAN,1966,01,30,2.0,-999,-999
104067,BAGAZAN,1966,01,31,16.0,-999,-999
104067,BAGAZAN,1966,02,01,0.0,-999,-999
104067,BAGAZAN,1966,02,02,20.4,-999,-999
104067,BAGAZAN,1966,02,03,2.0,-999,-999
104067,BAGAZAN,1966,02,04,5.0,-999,-999
104067,BAGAZAN,1966,02,05,0.0,-999,-999
104067,BAGAZAN,1966,02,06,0.0,-999,-999
104067,BAGAZAN,1966,02,07,0.0,-999,-999
104067,BAGAZAN,1966,02,08,0.0,-999,-999
104067,BAGAZAN,1966,02,09,0.0,-999,-999
104067,BAGAZAN,1966,02,10,0.0,-999,-999
104067,BAGAZAN,1966,02,11,0.0,-999,-999
104067,BAGAZAN,1966,02,12,0.0,-999,-999
104067,BAGAZAN,1966,02,13,0.0,-999,-999
104067,BAGAZAN,1966,02,14,0.0,-999,-999
104067,BAGAZAN,1966,02,15,0.0,-999,-999
104067,BAGAZAN,1966,02,16,20.5,-999,-999
104067,BAGAZAN,1966,02,17,0.0,-999,-999
104067,BAGAZAN,1966,02,18,55.0,-999,-999
104067,BAGAZAN,1966,02,19,0.0,-999,-999
104067,BAGAZAN,1966,02,20,10.5,-999,-999
104067,BAGAZAN,1966,02,21,34.0,-999,-999
104067,BAGAZAN,1966,02,22,60.4,-999,-999
104067,BAGAZAN,1966,02,23,16.2,-999,-999
104067,BAGAZAN,1966,02,24,4.4,-999,-999
104067,BAGAZAN,1966,02,25,5.1,-999,-999
104067,BAGAZAN,1966,02,26,0.0,-999,-999
104067,BAGAZAN,1966,02,27,0.0,-999,-999
104067,BAGAZAN,1966,02,28,10.4,-999,-999
104067,BAGAZAN,1966,03,01,0.0,-999,-999
104067,BAGAZAN,1966,03,02,0.0,-999,-999
104067,BAGAZAN,1966,03,03,0.0,-999,-999
104067,BAGAZAN,1966,03,04,0.0,-999,-999
104067,BAGAZAN,1966,03,05,0.0,-999,-999
104067,BAGAZAN,1966,03,06,0.0,-999,-999
104067,BAGAZAN,1966,03,07,34.7,-999,-999
104067,BAGAZAN,1966,03,08,5.3,-999,-999
104067,BAGAZAN,1966,03,09,0.0,-999,-999
104067,BAGAZAN,1966,03,10,0.0,-999,-999
104067,BAGAZAN,1966,03,11,0.0,-999,-999
104067,BAGAZAN,1966,03,12,0.0,-999,-999
104067,BAGAZAN,1966,03,13,25.4,-999,-999
104067,BAGAZAN,1966,03,14,24.8,-999,-999
104067,BAGAZAN,1966,03,15,0.0,-999,-999
104067,BAGAZAN,1966,03,16,50.2,-999,-999
104067,BAGAZAN,1966,03,17,2.0,-999,-999
104067,BAGAZAN,1966,03,18,0.0,-999,-999
104067,BAGAZAN,1966,03,19,0.0,-999,-999
104067,BAGAZAN,1966,03,20,10.2,-999,-999
104067,BAGAZAN,1966,03,21,0.0,-999,-999
104067,BAGAZAN,1966,03,22,0.0,-999,-999
104067,BAGAZAN,1966,03,23,0.0,-999,-999
104067,BAGAZAN,1966,03,24,0.0,-999,-999
104067,BAGAZAN,1966,03,25,1.0,-999,-999
104067,BAGAZAN,1966,03,26,4.2,-999,-999
104067,BAGAZAN,1966,03,27,48.4,-999,-999
104067,BAGAZAN,1966,03,28,0.0,-999,-999
104067,BAGAZAN,1966,03,29,18.0,-999,-999
104067,BAGAZAN,1966,03,30,0.0,-999,-999
104067,BAGAZAN,1966,03,31,10.0,-999,-999
104067,BAGAZAN,1966,04,01,0.0,-999,-999
104067,BAGAZAN,1966,04,02,0.0,-999,-999
104067,BAGAZAN,1966,04,03,0.0,-999,-999
104067,BAGAZAN,1966,04,04,5.0,-999,-999
104067,BAGAZAN,1966,04,05,3.0,-999,-999
104067,BAGAZAN,1966,04,06,0.0,-999,-999
104067,BAGAZAN,1966,04,07,0.0,-999,-999
104067,BAGAZAN,1966,04,08,0.0,-999,-999
104067,BAGAZAN,1966,04,09,0.0,-999,-999
104067,BAGAZAN,1966,04,10,0.0,-999,-999
104067,BAGAZAN,1966,04,11,0.0,-999,-999
104067,BAGAZAN,1966,04,12,0.0,-999,-999
104067,BAGAZAN,1966,04,13,0.0,-999,-999
104067,BAGAZAN,1966,04,14,0.0,-999,-999
104067,BAGAZAN,1966,04,15,0.0,-999,-999
104067,BAGAZAN,1966,04,16,0.0,-999,-999
104067,BAGAZAN,1966,04,17,0.0,-999,-999
104067,BAGAZAN,1966,04,18,0.0,-999,-999
104067,BAGAZAN,1966,04,19,0.0,-999,-999
104067,BAGAZAN,1966,04,20,20.3,-999,-999
104067,BAGAZAN,1966,04,21,0.0,-999,-999
104067,BAGAZAN,1966,04,22,0.0,-999,-999
104067,BAGAZAN,1966,04,23,0.0,-999,-999
104067,BAGAZAN,1966,04,24,2.7,-999,-999
104067,BAGAZAN,1966,04,25,8.2,-999,-999
104067,BAGAZAN,1966,04,26,6.0,-999,-999
104067,BAGAZAN,1966,04,27,10.4,-999,-999
104067,BAGAZAN,1966,04,28,76.7,-999,-999
104067,BAGAZAN,1966,04,29,0.0,-999,-999
104067,BAGAZAN,1966,04,30,0.0,-999,-999
104067,BAGAZAN,1966,05,01,70.5,-999,-999
104067,BAGAZAN,1966,05,02,0.0,-999,-999
104067,BAGAZAN,1966,05,03,10.2,-999,-999
104067,BAGAZAN,1966,05,04,0.0,-999,-999
104067,BAGAZAN,1966,05,05,0.0,-999,-999
104067,BAGAZAN,1966,05,06,0.0,-999,-999
104067,BAGAZAN,1966,05,07,20.0,-999,-999
104067,BAGAZAN,1966,05,08,0.0,-999,-999
104067,BAGAZAN,1966,05,09,0.0,-999,-999
104067,BAGAZAN,1966,05,10,0.0,-999,-999
104067,BAGAZAN,1966,05,11,16.0,-999,-999
104067,BAGAZAN,1966,05,12,0.0,-999,-999
104067,BAGAZAN,1966,05,13,0.0,-999,-999
104067,BAGAZAN,1966,05,14,30.0,-999,-999
104067,BAGAZAN,1966,05,15,0.0,-999,-999
104067,BAGAZAN,1966,05,16,0.0,-999,-999
104067,BAGAZAN,1966,05,17,0.0,-999,-999
104067,BAGAZAN,1966,05,18,0.0,-999,-999
104067,BAGAZAN,1966,05,19,0.0,-999,-999
104067,BAGAZAN,1966,05,20,0.0,-999,-999
104067,BAGAZAN,1966,05,21,0.0,-999,-999
104067,BAGAZAN,1966,05,22,0.0,-999,-999
104067,BAGAZAN,1966,05,23,18.0,-999,-999
104067,BAGAZAN,1966,05,24,10.0,-999,-999
104067,BAGAZAN,1966,05,25,0.0,-999,-999
104067,BAGAZAN,1966,05,26,0.0,-999,-999
104067,BAGAZAN,1966,05,27,0.0,-999,-999
104067,BAGAZAN,1966,05,28,12.0,-999,-999
104067,BAGAZAN,1966,05,29,36.5,-999,-999
104067,BAGAZAN,1966,05,30,12.2,-999,-999
104067,BAGAZAN,1966,05,31,44.2,-999,-999
104067,BAGAZAN,1966,06,01,0.0,-999,-999
104067,BAGAZAN,1966,06,02,0.0,-999,-999
104067,BAGAZAN,1966,06,03,0.0,-999,-999
104067,BAGAZAN,1966,06,04,0.0,-999,-999
104067,BAGAZAN,1966,06,05,0.0,-999,-999
104067,BAGAZAN,1966,06,06,0.0,-999,-999
104067,BAGAZAN,1966,06,07,0.0,-999,-999
104067,BAGAZAN,1966,06,08,5.2,-999,-999
104067,BAGAZAN,1966,06,09,0.0,-999,-999
104067,BAGAZAN,1966,06,10,0.0,-999,-999
104067,BAGAZAN,1966,06,11,0.0,-999,-999
104067,BAGAZAN,1966,06,12,0.0,-999,-999
104067,BAGAZAN,1966,06,13,0.0,-999,-999
104067,BAGAZAN,1966,06,14,0.0,-999,-999
104067,BAGAZAN,1966,06,15,0.0,-999,-999
104067,BAGAZAN,1966,06,16,0.0,-999,-999
104067,BAGAZAN,1966,06,17,0.0,-999,-999
104067,BAGAZAN,1966,06,18,4.5,-999,-999
104067,BAGAZAN,1966,06,19,0.0,-999,-999
104067,BAGAZAN,1966,06,20,0.0,-999,-999
104067,BAGAZAN,1966,06,21,0.0,-999,-999
104067,BAGAZAN,1966,06,22,0.0,-999,-999
104067,BAGAZAN,1966,06,23,2.8,-999,-999
104067,BAGAZAN,1966,06,24,76.1,-999,-999
104067,BAGAZAN,1966,06,25,0.0,-999,-999
104067,BAGAZAN,1966,06,26,0.0,-999,-999
104067,BAGAZAN,1966,06,27,0.0,-999,-999
104067,BAGAZAN,1966,06,28,0.0,-999,-999
104067,BAGAZAN,1966,06,29,0.0,-999,-999
104067,BAGAZAN,1966,06,30,20.0,-999,-999
104067,BAGAZAN,1966,07,01,31.5,-999,-999
104067,BAGAZAN,1966,07,02,0.0,-999,-999
104067,BAGAZAN,1966,07,03,0.0,-999,-999
104067,BAGAZAN,1966,07,04,0.0,-999,-999
104067,BAGAZAN,1966,07,05,0.0,-999,-999
104067,BAGAZAN,1966,07,06,18.0,-999,-999
104067,BAGAZAN,1966,07,07,0.0,-999,-999
104067,BAGAZAN,1966,07,08,5.9,-999,-999
104067,BAGAZAN,1966,07,09,6.7,-999,-999
104067,BAGAZAN,1966,07,10,11.0,-999,-999
104067,BAGAZAN,1966,07,11,3.1,-999,-999
104067,BAGAZAN,1966,07,12,0.0,-999,-999
104067,BAGAZAN,1966,07,13,30.8,-999,-999
104067,BAGAZAN,1966,07,14,0.0,-999,-999
104067,BAGAZAN,1966,07,15,0.0,-999,-999
104067,BAGAZAN,1966,07,16,0.0,-999,-999
104067,BAGAZAN,1966,07,17,0.0,-999,-999
104067,BAGAZAN,1966,07,18,0.0,-999,-999
104067,BAGAZAN,1966,07,19,0.0,-999,-999
104067,BAGAZAN,1966,07,20,0.0,-999,-999
104067,BAGAZAN,1966,07,21,0.0,-999,-999
104067,BAGAZAN,1966,07,22,0.0,-999,-999
104067,BAGAZAN,1966,07,23,38.4,-999,-999
104067,BAGAZAN,1966,07,24,0.0,-999,-999
104067,BAGAZAN,1966,07,25,0.0,-999,-999
104067,BAGAZAN,1966,07,26,0.0,-999,-999
104067,BAGAZAN,1966,07,27,0.0,-999,-999
104067,BAGAZAN,1966,07,28,0.0,-999,-999
104067,BAGAZAN,1966,07,29,0.0,-999,-999
104067,BAGAZAN,1966,07,30,0.0,-999,-999
104067,BAGAZAN,1966,07,31,0.0,-999,-999
104067,BAGAZAN,1966,08,01,0.0,-999,-999
104067,BAGAZAN,1966,08,02,0.0,-999,-999
104067,BAGAZAN,1966,08,03,-888,-999,-999
104067,BAGAZAN,1966,08,04,8.6,-999,-999
104067,BAGAZAN,1966,08,05,20.2,-999,-999
104067,BAGAZAN,1966,08,06,0.0,-999,-999
104067,BAGAZAN,1966,08,07,0.0,-999,-999
104067,BAGAZAN,1966,08,08,0.0,-999,-999
104067,BAGAZAN,1966,08,09,0.0,-999,-999
104067,BAGAZAN,1966,08,10,0.0,-999,-999
104067,BAGAZAN,1966,08,11,0.0,-999,-999
104067,BAGAZAN,1966,08,12,0.0,-999,-999
104067,BAGAZAN,1966,08,13,14.9,-999,-999
104067,BAGAZAN,1966,08,14,18.0,-999,-999
104067,BAGAZAN,1966,08,15,10.0,-999,-999
104067,BAGAZAN,1966,08,16,4.2,-999,-999
104067,BAGAZAN,1966,08,17,0.0,-999,-999
104067,BAGAZAN,1966,08,18,0.0,-999,-999
104067,BAGAZAN,1966,08,19,0.0,-999,-999
104067,BAGAZAN,1966,08,20,0.0,-999,-999
104067,BAGAZAN,1966,08,21,14.4,-999,-999
104067,BAGAZAN,1966,08,22,0.0,-999,-999
104067,BAGAZAN,1966,08,23,0.0,-999,-999
104067,BAGAZAN,1966,08,24,0.0,-999,-999
104067,BAGAZAN,1966,08,25,0.0,-999,-999
104067,BAGAZAN,1966,08,26,0.0,-999,-999
104067,BAGAZAN,1966,08,27,0.0,-999,-999
104067,BAGAZAN,1966,08,28,0.0,-999,-999
104067,BAGAZAN,1966,08,29,0.0,-999,-999
104067,BAGAZAN,1966,08,30,0.0,-999,-999
104067,BAGAZAN,1966,08,31,0.0,-999,-999
104067,BAGAZAN,1966,09,01,0.0,-999,-999
104067,BAGAZAN,1966,09,02,50.2,-999,-999
104067,BAGAZAN,1966,09,03,0.0,-999,-999
104067,BAGAZAN,1966,09,04,0.0,-999,-999
104067,BAGAZAN,1966,09,05,0.0,-999,-999
104067,BAGAZAN,1966,09,06,0.0,-999,-999
104067,BAGAZAN,1966,09,07,0.0,-999,-999
104067,BAGAZAN,1966,09,08,0.0,-999,-999
104067,BAGAZAN,1966,09,09,0.0,-999,-999
104067,BAGAZAN,1966,09,10,30.3,-999,-999
104067,BAGAZAN,1966,09,11,0.0,-999,-999
104067,BAGAZAN,1966,09,12,0.0,-999,-999
104067,BAGAZAN,1966,09,13,0.0,-999,-999
104067,BAGAZAN,1966,09,14,0.0,-999,-999
104067,BAGAZAN,1966,09,15,0.0,-999,-999
104067,BAGAZAN,1966,09,16,0.0,-999,-999
104067,BAGAZAN,1966,09,17,0.0,-999,-999
104067,BAGAZAN,1966,09,18,0.0,-999,-999
104067,BAGAZAN,1966,09,19,0.0,-999,-999
104067,BAGAZAN,1966,09,20,0.0,-999,-999
104067,BAGAZAN,1966,09,21,70.2,-999,-999
104067,BAGAZAN,1966,09,22,0.0,-999,-999
104067,BAGAZAN,1966,09,23,0.0,-999,-999
104067,BAGAZAN,1966,09,24,0.0,-999,-999
104067,BAGAZAN,1966,09,25,0.0,-999,-999
104067,BAGAZAN,1966,09,26,0.0,-999,-999
104067,BAGAZAN,1966,09,27,49.4,-999,-999
104067,BAGAZAN,1966,09,28,0.0,-999,-999
104067,BAGAZAN,1966,09,29,0.0,-999,-999
104067,BAGAZAN,1966,09,30,5.0,-999,-999
104067,BAGAZAN,1966,10,01,10.0,-999,-999
104067,BAGAZAN,1966,10,02,0.0,-999,-999
104067,BAGAZAN,1966,10,03,0.0,-999,-999
104067,BAGAZAN,1966,10,04,0.0,-999,-999
104067,BAGAZAN,1966,10,05,4.9,-999,-999
104067,BAGAZAN,1966,10,06,3.0,-999,-999
104067,BAGAZAN,1966,10,07,8.0,-999,-999
104067,BAGAZAN,1966,10,08,0.0,-999,-999
104067,BAGAZAN,1966,10,09,0.0,-999,-999
104067,BAGAZAN,1966,10,10,0.0,-999,-999
104067,BAGAZAN,1966,10,11,0.0,-999,-999
104067,BAGAZAN,1966,10,12,33.9,-999,-999
104067,BAGAZAN,1966,10,13,0.0,-999,-999
104067,BAGAZAN,1966,10,14,70.0,-999,-999
104067,BAGAZAN,1966,10,15,0.0,-999,-999
104067,BAGAZAN,1966,10,16,0.0,-999,-999
104067,BAGAZAN,1966,10,17,0.0,-999,-999
104067,BAGAZAN,1966,10,18,0.0,-999,-999
104067,BAGAZAN,1966,10,19,8.0,-999,-999
104067,BAGAZAN,1966,10,20,0.0,-999,-999
104067,BAGAZAN,1966,10,21,0.0,-999,-999
104067,BAGAZAN,1966,10,22,0.0,-999,-999
104067,BAGAZAN,1966,10,23,0.0,-999,-999
104067,BAGAZAN,1966,10,24,0.0,-999,-999
104067,BAGAZAN,1966,10,25,0.0,-999,-999
104067,BAGAZAN,1966,10,26,0.0,-999,-999
104067,BAGAZAN,1966,10,27,0.0,-999,-999
104067,BAGAZAN,1966,10,28,0.0,-999,-999
104067,BAGAZAN,1966,10,29,0.0,-999,-999
104067,BAGAZAN,1966,10,30,54.5,-999,-999
104067,BAGAZAN,1966,10,31,0.0,-999,-999
104067,BAGAZAN,1966,11,01,0.0,-999,-999
104067,BAGAZAN,1966,11,02,0.0,-999,-999
104067,BAGAZAN,1966,11,03,0.0,-999,-999
104067,BAGAZAN,1966,11,04,0.0,-999,-999
104067,BAGAZAN,1966,11,05,10.5,-999,-999
104067,BAGAZAN,1966,11,06,70.1,-999,-999
104067,BAGAZAN,1966,11,07,70.5,-999,-999
104067,BAGAZAN,1966,11,08,0.0,-999,-999
104067,BAGAZAN,1966,11,09,0.0,-999,-999
104067,BAGAZAN,1966,11,10,0.0,-999,-999
104067,BAGAZAN,1966,11,11,0.0,-999,-999
104067,BAGAZAN,1966,11,12,0.0,-999,-999
104067,BAGAZAN,1966,11,13,0.0,-999,-999
104067,BAGAZAN,1966,11,14,8.1,-999,-999
104067,BAGAZAN,1966,11,15,0.0,-999,-999
104067,BAGAZAN,1966,11,16,0.0,-999,-999
104067,BAGAZAN,1966,11,17,0.0,-999,-999
104067,BAGAZAN,1966,11,18,0.0,-999,-999
104067,BAGAZAN,1966,11,19,0.0,-999,-999
104067,BAGAZAN,1966,11,20,0.0,-999,-999
104067,BAGAZAN,1966,11,21,9.6,-999,-999
104067,BAGAZAN,1966,11,22,0.0,-999,-999
104067,BAGAZAN,1966,11,23,0.0,-999,-999
104067,BAGAZAN,1966,11,24,0.0,-999,-999
104067,BAGAZAN,1966,11,25,0.0,-999,-999
104067,BAGAZAN,1966,11,26,20.0,-999,-999
104067,BAGAZAN,1966,11,27,0.0,-999,-999
104067,BAGAZAN,1966,11,28,0.0,-999,-999
104067,BAGAZAN,1966,11,29,0.0,-999,-999
104067,BAGAZAN,1966,11,30,25.0,-999,-999
104067,BAGAZAN,1966,12,01,0.5,-999,-999
104067,BAGAZAN,1966,12,02,0.0,-999,-999
104067,BAGAZAN,1966,12,03,0.0,-999,-999
104067,BAGAZAN,1966,12,04,0.0,-999,-999
104067,BAGAZAN,1966,12,05,10.5,-999,-999
104067,BAGAZAN,1966,12,06,9.3,-999,-999
104067,BAGAZAN,1966,12,07,0.0,-999,-999
104067,BAGAZAN,1966,12,08,21.4,-999,-999
104067,BAGAZAN,1966,12,09,16.2,-999,-999
104067,BAGAZAN,1966,12,10,5.2,-999,-999
104067,BAGAZAN,1966,12,11,0.0,-999,-999
104067,BAGAZAN,1966,12,12,0.0,-999,-999
104067,BAGAZAN,1966,12,13,0.0,-999,-999
104067,BAGAZAN,1966,12,14,40.0,-999,-999
104067,BAGAZAN,1966,12,15,0.0,-999,-999
104067,BAGAZAN,1966,12,16,0.0,-999,-999
104067,BAGAZAN,1966,12,17,20.1,-999,-999
104067,BAGAZAN,1966,12,18,0.0,-999,-999
104067,BAGAZAN,1966,12,19,0.0,-999,-999
104067,BAGAZAN,1966,12,20,0.0,-999,-999
104067,BAGAZAN,1966,12,21,0.0,-999,-999
104067,BAGAZAN,1966,12,22,14.3,-999,-999
104067,BAGAZAN,1966,12,23,50.4,-999,-999
104067,BAGAZAN,1966,12,24,0.0,-999,-999
104067,BAGAZAN,1966,12,25,0.0,-999,-999
104067,BAGAZAN,1966,12,26,70.8,-999,-999
104067,BAGAZAN,1966,12,27,20.9,-999,-999
104067,BAGAZAN,1966,12,28,0.0,-999,-999
104067,BAGAZAN,1966,12,29,40.0,-999,-999
104067,BAGAZAN,1966,12,30,45.8,-999,-999
104067,BAGAZAN,1966,12,31,3.0,-999,-999
104067,BAGAZAN,1967,01,01,0.0,-999,-999
104067,BAGAZAN,1967,01,02,10.0,-999,-999
104067,BAGAZAN,1967,01,03,0.1,-999,-999
104067,BAGAZAN,1967,01,04,20.2,-999,-999
104067,BAGAZAN,1967,01,05,16.0,-999,-999
104067,BAGAZAN,1967,01,06,20.0,-999,-999
104067,BAGAZAN,1967,01,07,16.0,-999,-999
104067,BAGAZAN,1967,01,08,0.0,-999,-999
104067,BAGAZAN,1967,01,09,0.0,-999,-999
104067,BAGAZAN,1967,01,10,0.6,-999,-999
104067,BAGAZAN,1967,01,11,0.0,-999,-999
104067,BAGAZAN,1967,01,12,12.2,-999,-999
104067,BAGAZAN,1967,01,13,0.0,-999,-999
104067,BAGAZAN,1967,01,14,4.8,-999,-999
104067,BAGAZAN,1967,01,15,0.0,-999,-999
104067,BAGAZAN,1967,01,16,0.0,-999,-999
104067,BAGAZAN,1967,01,17,0.0,-999,-999
104067,BAGAZAN,1967,01,18,0.0,-999,-999
104067,BAGAZAN,1967,01,19,0.0,-999,-999
104067,BAGAZAN,1967,01,20,0.0,-999,-999
104067,BAGAZAN,1967,01,21,0.0,-999,-999
104067,BAGAZAN,1967,01,22,0.0,-999,-999
104067,BAGAZAN,1967,01,23,0.0,-999,-999
104067,BAGAZAN,1967,01,24,0.0,-999,-999
104067,BAGAZAN,1967,01,25,0.0,-999,-999
104067,BAGAZAN,1967,01,26,0.0,-999,-999
104067,BAGAZAN,1967,01,27,0.0,-999,-999
104067,BAGAZAN,1967,01,28,0.0,-999,-999
104067,BAGAZAN,1967,01,29,0.0,-999,-999
104067,BAGAZAN,1967,01,30,0.0,-999,-999
104067,BAGAZAN,1967,01,31,0.0,-999,-999
104067,BAGAZAN,1967,02,01,0.0,-999,-999
104067,BAGAZAN,1967,02,02,0.0,-999,-999
104067,BAGAZAN,1967,02,03,0.0,-999,-999
104067,BAGAZAN,1967,02,04,0.0,-999,-999
104067,BAGAZAN,1967,02,05,0.0,-999,-999
104067,BAGAZAN,1967,02,06,13.0,-999,-999
104067,BAGAZAN,1967,02,07,7.0,-999,-999
104067,BAGAZAN,1967,02,08,0.0,-999,-999
104067,BAGAZAN,1967,02,09,0.0,-999,-999
104067,BAGAZAN,1967,02,10,0.0,-999,-999
104067,BAGAZAN,1967,02,11,0.0,-999,-999
104067,BAGAZAN,1967,02,12,0.0,-999,-999
104067,BAGAZAN,1967,02,13,0.0,-999,-999
104067,BAGAZAN,1967,02,14,0.0,-999,-999
104067,BAGAZAN,1967,02,15,14.0,-999,-999
104067,BAGAZAN,1967,02,16,8.0,-999,-999
104067,BAGAZAN,1967,02,17,20.8,-999,-999
104067,BAGAZAN,1967,02,18,24.0,-999,-999
104067,BAGAZAN,1967,02,19,0.0,-999,-999
104067,BAGAZAN,1967,02,20,0.0,-999,-999
104067,BAGAZAN,1967,02,21,5.0,-999,-999
104067,BAGAZAN,1967,02,22,0.0,-999,-999
104067,BAGAZAN,1967,02,23,0.0,-999,-999
104067,BAGAZAN,1967,02,24,21.4,-999,-999
104067,BAGAZAN,1967,02,25,0.0,-999,-999
104067,BAGAZAN,1967,02,26,0.0,-999,-999
104067,BAGAZAN,1967,02,27,0.0,-999,-999
104067,BAGAZAN,1967,02,28,-999,-999,-999
104067,BAGAZAN,1967,04,01,18.0,-999,-999
104067,BAGAZAN,1967,04,02,0.0,-999,-999
104067,BAGAZAN,1967,04,03,26.1,-999,-999
104067,BAGAZAN,1967,04,04,0.0,-999,-999
104067,BAGAZAN,1967,04,05,0.0,-999,-999
104067,BAGAZAN,1967,04,06,0.0,-999,-999
104067,BAGAZAN,1967,04,07,27.4,-999,-999
104067,BAGAZAN,1967,04,08,0.2,-999,-999
104067,BAGAZAN,1967,04,09,0.0,-999,-999
104067,BAGAZAN,1967,04,10,0.0,-999,-999
104067,BAGAZAN,1967,04,11,0.0,-999,-999
104067,BAGAZAN,1967,04,12,20.1,-999,-999
104067,BAGAZAN,1967,04,13,0.0,-999,-999
104067,BAGAZAN,1967,04,14,0.0,-999,-999
104067,BAGAZAN,1967,04,15,0.0,-999,-999
104067,BAGAZAN,1967,04,16,0.0,-999,-999
104067,BAGAZAN,1967,04,17,5.1,-999,-999
104067,BAGAZAN,1967,04,18,30.2,-999,-999
104067,BAGAZAN,1967,04,19,0.0,-999,-999
104067,BAGAZAN,1967,04,20,30.0,-999,-999
104067,BAGAZAN,1967,04,21,42.3,-999,-999
104067,BAGAZAN,1967,04,22,1.0,-999,-999
104067,BAGAZAN,1967,04,23,0.0,-999,-999
104067,BAGAZAN,1967,04,24,45.0,-999,-999
104067,BAGAZAN,1967,04,25,-888,-999,-999
104067,BAGAZAN,1967,04,26,0.0,-999,-999
104067,BAGAZAN,1967,04,27,0.0,-999,-999
104067,BAGAZAN,1967,04,28,0.0,-999,-999
104067,BAGAZAN,1967,04,29,0.0,-999,-999
104067,BAGAZAN,1967,04,30,2.8,-999,-999
104067,BAGAZAN,1967,05,01,-888,-999,-999
104067,BAGAZAN,1967,05,02,46.7,-999,-999
104067,BAGAZAN,1967,05,03,0.5,-999,-999
104067,BAGAZAN,1967,05,04,40.0,-999,-999
104067,BAGAZAN,1967,05,05,0.0,-999,-999
104067,BAGAZAN,1967,05,06,26.2,-999,-999
104067,BAGAZAN,1967,05,07,0.0,-999,-999
104067,BAGAZAN,1967,05,08,36.5,-999,-999
104067,BAGAZAN,1967,05,09,-888,-999,-999
104067,BAGAZAN,1967,05,10,2.5,-999,-999
104067,BAGAZAN,1967,05,11,21.6,-999,-999
104067,BAGAZAN,1967,05,12,0.0,-999,-999
104067,BAGAZAN,1967,05,13,0.0,-999,-999
104067,BAGAZAN,1967,05,14,14.1,-999,-999
104067,BAGAZAN,1967,05,15,0.6,-999,-999
104067,BAGAZAN,1967,05,16,56.0,-999,-999
104067,BAGAZAN,1967,05,17,-888,-999,-999
104067,BAGAZAN,1967,05,18,0.0,-999,-999
104067,BAGAZAN,1967,05,19,-888,-999,-999
104067,BAGAZAN,1967,05,20,48.0,-999,-999
104067,BAGAZAN,1967,05,21,-888,-999,-999
104067,BAGAZAN,1967,05,22,0.0,-999,-999
104067,BAGAZAN,1967,05,23,0.0,-999,-999
104067,BAGAZAN,1967,05,24,30.5,-999,-999
104067,BAGAZAN,1967,05,25,50.3,-999,-999
104067,BAGAZAN,1967,05,26,0.0,-999,-999
104067,BAGAZAN,1967,05,27,0.5,-999,-999
104067,BAGAZAN,1967,05,28,9.3,-999,-999
104067,BAGAZAN,1967,05,29,0.0,-999,-999
104067,BAGAZAN,1967,05,30,0.0,-999,-999
104067,BAGAZAN,1967,05,31,0.0,-999,-999
104067,BAGAZAN,1967,06,01,25.0,-999,-999
104067,BAGAZAN,1967,06,02,0.0,-999,-999
104067,BAGAZAN,1967,06,03,41.0,-999,-999
104067,BAGAZAN,1967,06,04,0.9,-999,-999
104067,BAGAZAN,1967,06,05,0.0,-999,-999
104067,BAGAZAN,1967,06,06,0.0,-999,-999
104067,BAGAZAN,1967,06,07,0.0,-999,-999
104067,BAGAZAN,1967,06,08,4.5,-999,-999
104067,BAGAZAN,1967,06,09,0.9,-999,-999
104067,BAGAZAN,1967,06,10,0.0,-999,-999
104067,BAGAZAN,1967,06,11,0.0,-999,-999
104067,BAGAZAN,1967,06,12,0.0,-999,-999
104067,BAGAZAN,1967,06,13,15.0,-999,-999
104067,BAGAZAN,1967,06,14,18.4,-999,-999
104067,BAGAZAN,1967,06,15,0.0,-999,-999
104067,BAGAZAN,1967,06,16,0.0,-999,-999
104067,BAGAZAN,1967,06,17,0.0,-999,-999
104067,BAGAZAN,1967,06,18,0.0,-999,-999
104067,BAGAZAN,1967,06,19,0.0,-999,-999
104067,BAGAZAN,1967,06,20,0.0,-999,-999
104067,BAGAZAN,1967,06,21,0.0,-999,-999
104067,BAGAZAN,1967,06,22,0.0,-999,-999
104067,BAGAZAN,1967,06,23,28.7,-999,-999
104067,BAGAZAN,1967,06,24,0.0,-999,-999
104067,BAGAZAN,1967,06,25,0.0,-999,-999
104067,BAGAZAN,1967,06,26,0.0,-999,-999
104067,BAGAZAN,1967,06,27,7.0,-999,-999
104067,BAGAZAN,1967,06,28,0.0,-999,-999
104067,BAGAZAN,1967,06,29,12.0,-999,-999
104067,BAGAZAN,1967,06,30,0.0,-999,-999
104067,BAGAZAN,1967,07,01,4.5,-999,-999
104067,BAGAZAN,1967,07,02,0.7,-999,-999
104067,BAGAZAN,1967,07,03,0.0,-999,-999
104067,BAGAZAN,1967,07,04,0.0,-999,-999
104067,BAGAZAN,1967,07,05,0.7,-999,-999
104067,BAGAZAN,1967,07,06,0.0,-999,-999
104067,BAGAZAN,1967,07,07,0.0,-999,-999
104067,BAGAZAN,1967,07,08,0.0,-999,-999
104067,BAGAZAN,1967,07,09,22.7,-999,-999
104067,BAGAZAN,1967,07,10,0.0,-999,-999
104067,BAGAZAN,1967,07,11,0.0,-999,-999
104067,BAGAZAN,1967,07,12,0.2,-999,-999
104067,BAGAZAN,1967,07,13,13.5,-999,-999
104067,BAGAZAN,1967,07,14,7.8,-999,-999
104067,BAGAZAN,1967,07,15,0.0,-999,-999
104067,BAGAZAN,1967,07,16,0.0,-999,-999
104067,BAGAZAN,1967,07,17,0.0,-999,-999
104067,BAGAZAN,1967,07,18,0.0,-999,-999
104067,BAGAZAN,1967,07,19,0.0,-999,-999
104067,BAGAZAN,1967,07,20,6.0,-999,-999
104067,BAGAZAN,1967,07,21,0.0,-999,-999
104067,BAGAZAN,1967,07,22,0.0,-999,-999
104067,BAGAZAN,1967,07,23,0.0,-999,-999
104067,BAGAZAN,1967,07,24,0.0,-999,-999
104067,BAGAZAN,1967,07,25,0.0,-999,-999
104067,BAGAZAN,1967,07,26,0.0,-999,-999
104067,BAGAZAN,1967,07,27,0.0,-999,-999
104067,BAGAZAN,1967,07,28,0.0,-999,-999
104067,BAGAZAN,1967,07,29,28.5,-999,-999
104067,BAGAZAN,1967,07,30,0.0,-999,-999
104067,BAGAZAN,1967,07,31,0.0,-999,-999
104067,BAGAZAN,1967,08,01,0.0,-999,-999
104067,BAGAZAN,1967,08,02,15.0,-999,-999
104067,BAGAZAN,1967,08,03,0.0,-999,-999
104067,BAGAZAN,1967,08,04,0.0,-999,-999
104067,BAGAZAN,1967,08,05,0.0,-999,-999
104067,BAGAZAN,1967,08,06,0.0,-999,-999
104067,BAGAZAN,1967,08,07,6.6,-999,-999
104067,BAGAZAN,1967,08,08,0.0,-999,-999
104067,BAGAZAN,1967,08,09,1.3,-999,-999
104067,BAGAZAN,1967,08,10,0.0,-999,-999
104067,BAGAZAN,1967,08,11,0.0,-999,-999
104067,BAGAZAN,1967,08,12,22.0,-999,-999
104067,BAGAZAN,1967,08,13,0.0,-999,-999
104067,BAGAZAN,1967,08,14,0.0,-999,-999
104067,BAGAZAN,1967,08,15,33.5,-999,-999
104067,BAGAZAN,1967,08,16,27.1,-999,-999
104067,BAGAZAN,1967,08,17,0.0,-999,-999
104067,BAGAZAN,1967,08,18,0.0,-999,-999
104067,BAGAZAN,1967,08,19,9.7,-999,-999
104067,BAGAZAN,1967,08,20,7.2,-999,-999
104067,BAGAZAN,1967,08,21,1.7,-999,-999
104067,BAGAZAN,1967,08,22,0.0,-999,-999
104067,BAGAZAN,1967,08,23,0.0,-999,-999
104067,BAGAZAN,1967,08,24,21.8,-999,-999
104067,BAGAZAN,1967,08,25,0.0,-999,-999
104067,BAGAZAN,1967,08,26,0.0,-999,-999
104067,BAGAZAN,1967,08,27,10.5,-999,-999
104067,BAGAZAN,1967,08,28,0.0,-999,-999
104067,BAGAZAN,1967,08,29,0.0,-999,-999
104067,BAGAZAN,1967,08,30,0.0,-999,-999
104067,BAGAZAN,1967,08,31,0.0,-999,-999
104067,BAGAZAN,1967,09,01,66.1,-999,-999
104067,BAGAZAN,1967,09,02,0.3,-999,-999
104067,BAGAZAN,1967,09,03,0.0,-999,-999
104067,BAGAZAN,1967,09,04,0.0,-999,-999
104067,BAGAZAN,1967,09,05,33.5,-999,-999
104067,BAGAZAN,1967,09,06,0.0,-999,-999
104067,BAGAZAN,1967,09,07,0.0,-999,-999
104067,BAGAZAN,1967,09,08,0.0,-999,-999
104067,BAGAZAN,1967,09,09,0.0,-999,-999
104067,BAGAZAN,1967,09,10,0.0,-999,-999
104067,BAGAZAN,1967,09,11,0.0,-999,-999
104067,BAGAZAN,1967,09,12,0.0,-999,-999
104067,BAGAZAN,1967,09,13,0.0,-999,-999
104067,BAGAZAN,1967,09,14,4.8,-999,-999
104067,BAGAZAN,1967,09,15,0.0,-999,-999
104067,BAGAZAN,1967,09,16,0.0,-999,-999
104067,BAGAZAN,1967,09,17,0.0,-999,-999
104067,BAGAZAN,1967,09,18,0.0,-999,-999
104067,BAGAZAN,1967,09,19,0.0,-999,-999
104067,BAGAZAN,1967,09,20,3.9,-999,-999
104067,BAGAZAN,1967,09,21,0.0,-999,-999
104067,BAGAZAN,1967,09,22,0.0,-999,-999
104067,BAGAZAN,1967,09,23,0.0,-999,-999
104067,BAGAZAN,1967,09,24,0.0,-999,-999
104067,BAGAZAN,1967,09,25,0.0,-999,-999
104067,BAGAZAN,1967,09,26,0.0,-999,-999
104067,BAGAZAN,1967,09,27,0.0,-999,-999
104067,BAGAZAN,1967,09,28,18.0,-999,-999
104067,BAGAZAN,1967,09,29,19.0,-999,-999
104067,BAGAZAN,1967,09,30,0.0,-999,-999
104067,BAGAZAN,1967,10,01,0.0,-999,-999
104067,BAGAZAN,1967,10,02,0.0,-999,-999
104067,BAGAZAN,1967,10,03,2.1,-999,-999
104067,BAGAZAN,1967,10,04,0.0,-999,-999
104067,BAGAZAN,1967,10,05,0.0,-999,-999
104067,BAGAZAN,1967,10,06,11.0,-999,-999
104067,BAGAZAN,1967,10,07,0.0,-999,-999
104067,BAGAZAN,1967,10,08,43.7,-999,-999
104067,BAGAZAN,1967,10,09,2.7,-999,-999
104067,BAGAZAN,1967,10,10,6.0,-999,-999
104067,BAGAZAN,1967,10,11,0.0,-999,-999
104067,BAGAZAN,1967,10,12,18.3,-999,-999
104067,BAGAZAN,1967,10,13,0.0,-999,-999
104067,BAGAZAN,1967,10,14,5.6,-999,-999
104067,BAGAZAN,1967,10,15,1.0,-999,-999
104067,BAGAZAN,1967,10,16,5.0,-999,-999
104067,BAGAZAN,1967,10,17,0.0,-999,-999
104067,BAGAZAN,1967,10,18,10.9,-999,-999
104067,BAGAZAN,1967,10,19,4.0,-999,-999
104067,BAGAZAN,1967,10,20,0.0,-999,-999
104067,BAGAZAN,1967,10,21,5.0,-999,-999
104067,BAGAZAN,1967,10,22,20.0,-999,-999
104067,BAGAZAN,1967,10,23,0.0,-999,-999
104067,BAGAZAN,1967,10,24,1.1,-999,-999
104067,BAGAZAN,1967,10,25,25.2,-999,-999
104067,BAGAZAN,1967,10,26,2.0,-999,-999
104067,BAGAZAN,1967,10,27,1.0,-999,-999
104067,BAGAZAN,1967,10,28,44.7,-999,-999
104067,BAGAZAN,1967,10,29,4.4,-999,-999
104067,BAGAZAN,1967,10,30,2.8,-999,-999
104067,BAGAZAN,1967,10,31,0.0,-999,-999
104067,BAGAZAN,1967,11,01,0.0,-999,-999
104067,BAGAZAN,1967,11,02,9.8,-999,-999
104067,BAGAZAN,1967,11,03,7.0,-999,-999
104067,BAGAZAN,1967,11,04,0.0,-999,-999
104067,BAGAZAN,1967,11,05,-888,-999,-999
104067,BAGAZAN,1967,11,06,0.0,-999,-999
104067,BAGAZAN,1967,11,07,5.6,-999,-999
104067,BAGAZAN,1967,11,08,0.0,-999,-999
104067,BAGAZAN,1967,11,09,0.0,-999,-999
104067,BAGAZAN,1967,11,10,0.0,-999,-999
104067,BAGAZAN,1967,11,11,0.0,-999,-999
104067,BAGAZAN,1967,11,12,0.0,-999,-999
104067,BAGAZAN,1967,11,13,0.0,-999,-999
104067,BAGAZAN,1967,11,14,0.0,-999,-999
104067,BAGAZAN,1967,11,15,0.0,-999,-999
104067,BAGAZAN,1967,11,16,16.6,-999,-999
104067,BAGAZAN,1967,11,17,0.0,-999,-999
104067,BAGAZAN,1967,11,18,8.5,-999,-999
104067,BAGAZAN,1967,11,19,0.0,-999,-999
104067,BAGAZAN,1967,11,20,-888,-999,-999
104067,BAGAZAN,1967,11,21,0.0,-999,-999
104067,BAGAZAN,1967,11,22,0.0,-999,-999
104067,BAGAZAN,1967,11,23,7.5,-999,-999
104067,BAGAZAN,1967,11,24,10.2,-999,-999
104067,BAGAZAN,1967,11,25,-888,-999,-999
104067,BAGAZAN,1967,11,26,4.4,-999,-999
104067,BAGAZAN,1967,11,27,0.7,-999,-999
104067,BAGAZAN,1967,11,28,0.7,-999,-999
104067,BAGAZAN,1967,11,29,12.7,-999,-999
104067,BAGAZAN,1967,11,30,0.0,-999,-999
104067,BAGAZAN,1967,12,01,0.0,-999,-999
104067,BAGAZAN,1967,12,02,0.0,-999,-999
104067,BAGAZAN,1967,12,03,40.4,-999,-999
104067,BAGAZAN,1967,12,04,40.0,-999,-999
104067,BAGAZAN,1967,12,05,3.8,-999,-999
104067,BAGAZAN,1967,12,06,22.8,-999,-999
104067,BAGAZAN,1967,12,07,0.0,-999,-999
104067,BAGAZAN,1967,12,08,4.2,-999,-999
104067,BAGAZAN,1967,12,09,0.0,-999,-999
104067,BAGAZAN,1967,12,10,30.9,-999,-999
104067,BAGAZAN,1967,12,11,5.1,-999,-999
104067,BAGAZAN,1967,12,12,0.0,-999,-999
104067,BAGAZAN,1967,12,13,0.0,-999,-999
104067,BAGAZAN,1967,12,14,10.0,-999,-999
104067,BAGAZAN,1967,12,15,16.3,-999,-999
104067,BAGAZAN,1967,12,16,2.8,-999,-999
104067,BAGAZAN,1967,12,17,5.1,-999,-999
104067,BAGAZAN,1967,12,18,3.5,-999,-999
104067,BAGAZAN,1967,12,19,3.1,-999,-999
104067,BAGAZAN,1967,12,20,0.0,-999,-999
104067,BAGAZAN,1967,12,21,1.3,-999,-999
104067,BAGAZAN,1967,12,22,0.0,-999,-999
104067,BAGAZAN,1967,12,23,0.0,-999,-999
104067,BAGAZAN,1967,12,24,0.0,-999,-999
104067,BAGAZAN,1967,12,25,0.0,-999,-999
104067,BAGAZAN,1967,12,26,0.0,-999,-999
104067,BAGAZAN,1967,12,27,17.9,-999,-999
104067,BAGAZAN,1967,12,28,1.5,-999,-999
104067,BAGAZAN,1967,12,29,0.0,-999,-999
104067,BAGAZAN,1967,12,30,0.0,-999,-999
104067,BAGAZAN,1967,12,31,0.0,-999,-999
104067,BAGAZAN,1968,01,01,0.0,-999,-999
104067,BAGAZAN,1968,01,02,5.0,-999,-999
104067,BAGAZAN,1968,01,03,0.0,-999,-999
104067,BAGAZAN,1968,01,04,-888,-999,-999
104067,BAGAZAN,1968,01,05,6.0,-999,-999
104067,BAGAZAN,1968,01,06,10.0,-999,-999
104067,BAGAZAN,1968,01,07,27.4,-999,-999
104067,BAGAZAN,1968,01,08,3.0,-999,-999
104067,BAGAZAN,1968,01,09,8.0,-999,-999
104067,BAGAZAN,1968,01,10,10.8,-999,-999
104067,BAGAZAN,1968,01,11,0.0,-999,-999
104067,BAGAZAN,1968,01,12,0.0,-999,-999
104067,BAGAZAN,1968,01,13,0.0,-999,-999
104067,BAGAZAN,1968,01,14,42.5,-999,-999
104067,BAGAZAN,1968,01,15,28.8,-999,-999
104067,BAGAZAN,1968,01,16,46.6,-999,-999
104067,BAGAZAN,1968,01,17,1.5,-999,-999
104067,BAGAZAN,1968,01,18,3.4,-999,-999
104067,BAGAZAN,1968,01,19,0.0,-999,-999
104067,BAGAZAN,1968,01,20,7.2,-999,-999
104067,BAGAZAN,1968,01,21,0.0,-999,-999
104067,BAGAZAN,1968,01,22,8.1,-999,-999
104067,BAGAZAN,1968,01,23,10.5,-999,-999
104067,BAGAZAN,1968,01,24,0.0,-999,-999
104067,BAGAZAN,1968,01,25,0.5,-999,-999
104067,BAGAZAN,1968,01,26,0.0,-999,-999
104067,BAGAZAN,1968,01,27,0.0,-999,-999
104067,BAGAZAN,1968,01,28,-888,-999,-999
104067,BAGAZAN,1968,01,29,8.0,-999,-999
104067,BAGAZAN,1968,01,30,1.5,-999,-999
104067,BAGAZAN,1968,01,31,15.6,-999,-999
104067,BAGAZAN,1968,02,01,27.4,-999,-999
104067,BAGAZAN,1968,02,02,1.0,-999,-999
104067,BAGAZAN,1968,02,03,0.0,-999,-999
104067,BAGAZAN,1968,02,04,2.4,-999,-999
104067,BAGAZAN,1968,02,05,0.0,-999,-999
104067,BAGAZAN,1968,02,06,0.0,-999,-999
104067,BAGAZAN,1968,02,07,0.0,-999,-999
104067,BAGAZAN,1968,02,08,0.0,-999,-999
104067,BAGAZAN,1968,02,09,17.7,-999,-999
104067,BAGAZAN,1968,02,10,3.7,-999,-999
104067,BAGAZAN,1968,02,11,0.0,-999,-999
104067,BAGAZAN,1968,02,12,0.0,-999,-999
104067,BAGAZAN,1968,02,13,0.0,-999,-999
104067,BAGAZAN,1968,02,14,27.2,-999,-999
104067,BAGAZAN,1968,02,15,0.0,-999,-999
104067,BAGAZAN,1968,02,16,0.0,-999,-999
104067,BAGAZAN,1968,02,17,12.9,-999,-999
104067,BAGAZAN,1968,02,18,0.0,-999,-999
104067,BAGAZAN,1968,02,19,3.0,-999,-999
104067,BAGAZAN,1968,02,20,0.0,-999,-999
104067,BAGAZAN,1968,02,21,0.0,-999,-999
104067,BAGAZAN,1968,02,22,0.0,-999,-999
104067,BAGAZAN,1968,02,23,0.0,-999,-999
104067,BAGAZAN,1968,02,24,0.0,-999,-999
104067,BAGAZAN,1968,02,25,17.0,-999,-999
104067,BAGAZAN,1968,02,26,0.0,-999,-999
104067,BAGAZAN,1968,02,27,66.8,-999,-999
104067,BAGAZAN,1968,02,28,0.0,-999,-999
104067,BAGAZAN,1968,02,29,0.3,-999,-999
104067,BAGAZAN,1968,03,01,0.0,-999,-999
104067,BAGAZAN,1968,03,02,28.1,-999,-999
104067,BAGAZAN,1968,03,03,0.0,-999,-999
104067,BAGAZAN,1968,03,04,0.8,-999,-999
104067,BAGAZAN,1968,03,05,0.0,-999,-999
104067,BAGAZAN,1968,03,06,4.0,-999,-999
104067,BAGAZAN,1968,03,07,0.0,-999,-999
104067,BAGAZAN,1968,03,08,0.0,-999,-999
104067,BAGAZAN,1968,03,09,1.5,-999,-999
104067,BAGAZAN,1968,03,10,18.0,-999,-999
104067,BAGAZAN,1968,03,11,1.0,-999,-999
104067,BAGAZAN,1968,03,12,0.0,-999,-999
104067,BAGAZAN,1968,03,13,0.0,-999,-999
104067,BAGAZAN,1968,03,14,0.0,-999,-999
104067,BAGAZAN,1968,03,15,0.0,-999,-999
104067,BAGAZAN,1968,03,16,0.0,-999,-999
104067,BAGAZAN,1968,03,17,0.3,-999,-999
104067,BAGAZAN,1968,03,18,0.0,-999,-999
104067,BAGAZAN,1968,03,19,16.0,-999,-999
104067,BAGAZAN,1968,03,20,0.0,-999,-999
104067,BAGAZAN,1968,03,21,0.0,-999,-999
104067,BAGAZAN,1968,03,22,3.7,-999,-999
104067,BAGAZAN,1968,03,23,0.0,-999,-999
104067,BAGAZAN,1968,03,24,0.0,-999,-999
104067,BAGAZAN,1968,03,25,0.0,-999,-999
104067,BAGAZAN,1968,03,26,-888,-999,-999
104067,BAGAZAN,1968,03,27,18.7,-999,-999
104067,BAGAZAN,1968,03,28,0.0,-999,-999
104067,BAGAZAN,1968,03,29,9.6,-999,-999
104067,BAGAZAN,1968,03,30,1.0,-999,-999
104067,BAGAZAN,1968,03,31,46.2,-999,-999
104067,BAGAZAN,1968,04,01,14.4,-999,-999
104067,BAGAZAN,1968,04,02,35.6,-999,-999
104067,BAGAZAN,1968,04,03,23.5,-999,-999
104067,BAGAZAN,1968,04,04,10.3,-999,-999
104067,BAGAZAN,1968,04,05,46.1,-999,-999
104067,BAGAZAN,1968,04,06,4.2,-999,-999
104067,BAGAZAN,1968,04,07,-888,-999,-999
104067,BAGAZAN,1968,04,08,0.0,-999,-999
104067,BAGAZAN,1968,04,09,37.0,-999,-999
104067,BAGAZAN,1968,04,10,18.5,-999,-999
104067,BAGAZAN,1968,04,11,0.5,-999,-999
104067,BAGAZAN,1968,04,12,46.4,-999,-999
104067,BAGAZAN,1968,04,13,13.2,-999,-999
104067,BAGAZAN,1968,04,14,0.0,-999,-999
104067,BAGAZAN,1968,04,15,1.3,-999,-999
104067,BAGAZAN,1968,04,16,0.0,-999,-999
104067,BAGAZAN,1968,04,17,42.5,-999,-999
104067,BAGAZAN,1968,04,18,0.0,-999,-999
104067,BAGAZAN,1968,04,19,-888,-999,-999
104067,BAGAZAN,1968,04,20,0.0,-999,-999
104067,BAGAZAN,1968,04,21,14.0,-999,-999
104067,BAGAZAN,1968,04,22,-888,-999,-999
104067,BAGAZAN,1968,04,23,0.0,-999,-999
104067,BAGAZAN,1968,04,24,0.6,-999,-999
104067,BAGAZAN,1968,04,25,1.2,-999,-999
104067,BAGAZAN,1968,04,26,4.2,-999,-999
104067,BAGAZAN,1968,04,27,90.5,-999,-999
104067,BAGAZAN,1968,04,28,0.0,-999,-999
104067,BAGAZAN,1968,04,29,30.3,-999,-999
104067,BAGAZAN,1968,04,30,0.0,-999,-999
104067,BAGAZAN,1968,05,01,0.0,-999,-999
104067,BAGAZAN,1968,05,02,0.0,-999,-999
104067,BAGAZAN,1968,05,03,-888,-999,-999
104067,BAGAZAN,1968,05,04,-888,-999,-999
104067,BAGAZAN,1968,05,05,-888,-999,-999
104067,BAGAZAN,1968,05,06,0.0,-999,-999
104067,BAGAZAN,1968,05,07,60.1,-999,-999
104067,BAGAZAN,1968,05,08,10.7,-999,-999
104067,BAGAZAN,1968,05,09,11.2,-999,-999
104067,BAGAZAN,1968,05,10,0.0,-999,-999
104067,BAGAZAN,1968,05,11,16.0,-999,-999
104067,BAGAZAN,1968,05,12,0.0,-999,-999
104067,BAGAZAN,1968,05,13,2.8,-999,-999
104067,BAGAZAN,1968,05,14,0.0,-999,-999
104067,BAGAZAN,1968,05,15,0.0,-999,-999
104067,BAGAZAN,1968,05,16,23.3,-999,-999
104067,BAGAZAN,1968,05,17,0.0,-999,-999
104067,BAGAZAN,1968,05,18,0.0,-999,-999
104067,BAGAZAN,1968,05,19,0.0,-999,-999
104067,BAGAZAN,1968,05,20,0.0,-999,-999
104067,BAGAZAN,1968,05,21,0.0,-999,-999
104067,BAGAZAN,1968,05,22,-888,-999,-999
104067,BAGAZAN,1968,05,23,0.0,-999,-999
104067,BAGAZAN,1968,05,24,-888,-999,-999
104067,BAGAZAN,1968,05,25,-888,-999,-999
104067,BAGAZAN,1968,05,26,0.0,-999,-999
104067,BAGAZAN,1968,05,27,0.3,-999,-999
104067,BAGAZAN,1968,05,28,0.0,-999,-999
104067,BAGAZAN,1968,05,29,25.1,-999,-999
104067,BAGAZAN,1968,05,30,0.0,-999,-999
104067,BAGAZAN,1968,05,31,0.0,-999,-999
104067,BAGAZAN,1968,06,01,0.0,-999,-999
104067,BAGAZAN,1968,06,02,0.0,-999,-999
104067,BAGAZAN,1968,06,03,12.4,-999,-999
104067,BAGAZAN,1968,06,04,0.0,-999,-999
104067,BAGAZAN,1968,06,05,14.4,-999,-999
104067,BAGAZAN,1968,06,06,-888,-999,-999
104067,BAGAZAN,1968,06,07,20.0,-999,-999
104067,BAGAZAN,1968,06,08,39.0,-999,-999
104067,BAGAZAN,1968,06,09,7.2,-999,-999
104067,BAGAZAN,1968,06,10,-888,-999,-999
104067,BAGAZAN,1968,06,11,-888,-999,-999
104067,BAGAZAN,1968,06,12,1.3,-999,-999
104067,BAGAZAN,1968,06,13,8.4,-999,-999
104067,BAGAZAN,1968,06,14,10.0,-999,-999
104067,BAGAZAN,1968,06,15,-888,-999,-999
104067,BAGAZAN,1968,06,16,0.0,-999,-999
104067,BAGAZAN,1968,06,17,0.0,-999,-999
104067,BAGAZAN,1968,06,18,3.4,-999,-999
104067,BAGAZAN,1968,06,19,0.7,-999,-999
104067,BAGAZAN,1968,06,20,35.0,-999,-999
104067,BAGAZAN,1968,06,21,1.5,-999,-999
104067,BAGAZAN,1968,06,22,0.0,-999,-999
104067,BAGAZAN,1968,06,23,0.0,-999,-999
104067,BAGAZAN,1968,06,24,7.6,-999,-999
104067,BAGAZAN,1968,06,25,0.0,-999,-999
104067,BAGAZAN,1968,06,26,0.0,-999,-999
104067,BAGAZAN,1968,06,27,-888,-999,-999
104067,BAGAZAN,1968,06,28,0.0,-999,-999
104067,BAGAZAN,1968,06,29,37.0,-999,-999
104067,BAGAZAN,1968,06,30,0.0,-999,-999
104067,BAGAZAN,1968,07,01,0.0,-999,-999
104067,BAGAZAN,1968,07,02,-888,-999,-999
104067,BAGAZAN,1968,07,03,14.0,-999,-999
104067,BAGAZAN,1968,07,04,0.0,-999,-999
104067,BAGAZAN,1968,07,05,14.0,-999,-999
104067,BAGAZAN,1968,07,06,-888,-999,-999
104067,BAGAZAN,1968,07,07,0.0,-999,-999
104067,BAGAZAN,1968,07,08,0.0,-999,-999
104067,BAGAZAN,1968,07,09,12.0,-999,-999
104067,BAGAZAN,1968,07,10,12.3,-999,-999
104067,BAGAZAN,1968,07,11,6.0,-999,-999
104067,BAGAZAN,1968,07,12,23.2,-999,-999
104067,BAGAZAN,1968,07,13,5.0,-999,-999
104067,BAGAZAN,1968,07,14,16.2,-999,-999
104067,BAGAZAN,1968,07,15,1.3,-999,-999
104067,BAGAZAN,1968,07,16,9.0,-999,-999
104067,BAGAZAN,1968,07,17,9.2,-999,-999
104067,BAGAZAN,1968,07,18,0.0,-999,-999
104067,BAGAZAN,1968,07,19,10.2,-999,-999
104067,BAGAZAN,1968,07,20,35.0,-999,-999
104067,BAGAZAN,1968,07,21,0.0,-999,-999
104067,BAGAZAN,1968,07,22,0.0,-999,-999
104067,BAGAZAN,1968,07,23,15.0,-999,-999
104067,BAGAZAN,1968,07,24,0.0,-999,-999
104067,BAGAZAN,1968,07,25,0.0,-999,-999
104067,BAGAZAN,1968,07,26,13.4,-999,-999
104067,BAGAZAN,1968,07,27,1.2,-999,-999
104067,BAGAZAN,1968,07,28,0.0,-999,-999
104067,BAGAZAN,1968,07,29,13.1,-999,-999
104067,BAGAZAN,1968,07,30,0.0,-999,-999
104067,BAGAZAN,1968,07,31,0.0,-999,-999
104067,BAGAZAN,1968,08,01,0.0,-999,-999
104067,BAGAZAN,1968,08,02,4.2,-999,-999
104067,BAGAZAN,1968,08,03,0.0,-999,-999
104067,BAGAZAN,1968,08,04,0.0,-999,-999
104067,BAGAZAN,1968,08,05,4.3,-999,-999
104067,BAGAZAN,1968,08,06,0.0,-999,-999
104067,BAGAZAN,1968,08,07,0.0,-999,-999
104067,BAGAZAN,1968,08,08,0.0,-999,-999
104067,BAGAZAN,1968,08,09,0.0,-999,-999
104067,BAGAZAN,1968,08,10,0.0,-999,-999
104067,BAGAZAN,1968,08,11,0.0,-999,-999
104067,BAGAZAN,1968,08,12,0.0,-999,-999
104067,BAGAZAN,1968,08,13,0.0,-999,-999
104067,BAGAZAN,1968,08,14,0.3,-999,-999
104067,BAGAZAN,1968,08,15,0.0,-999,-999
104067,BAGAZAN,1968,08,16,0.0,-999,-999
104067,BAGAZAN,1968,08,17,20.5,-999,-999
104067,BAGAZAN,1968,08,18,24.0,-999,-999
104067,BAGAZAN,1968,08,19,19.8,-999,-999
104067,BAGAZAN,1968,08,20,0.0,-999,-999
104067,BAGAZAN,1968,08,21,0.0,-999,-999
104067,BAGAZAN,1968,08,22,20.0,-999,-999
104067,BAGAZAN,1968,08,23,0.0,-999,-999
104067,BAGAZAN,1968,08,24,21.0,-999,-999
104067,BAGAZAN,1968,08,25,13.5,-999,-999
104067,BAGAZAN,1968,08,26,0.0,-999,-999
104067,BAGAZAN,1968,08,27,0.0,-999,-999
104067,BAGAZAN,1968,08,28,7.0,-999,-999
104067,BAGAZAN,1968,08,29,0.0,-999,-999
104067,BAGAZAN,1968,08,30,0.0,-999,-999
104067,BAGAZAN,1968,08,31,0.0,-999,-999
104067,BAGAZAN,1968,09,01,-888,-999,-999
104067,BAGAZAN,1968,09,02,0.0,-999,-999
104067,BAGAZAN,1968,09,03,0.5,-999,-999
104067,BAGAZAN,1968,09,04,0.0,-999,-999
104067,BAGAZAN,1968,09,05,0.0,-999,-999
104067,BAGAZAN,1968,09,06,7.0,-999,-999
104067,BAGAZAN,1968,09,07,8.2,-999,-999
104067,BAGAZAN,1968,09,08,0.0,-999,-999
104067,BAGAZAN,1968,09,09,5.9,-999,-999
104067,BAGAZAN,1968,09,10,0.0,-999,-999
104067,BAGAZAN,1968,09,11,67.7,-999,-999
104067,BAGAZAN,1968,09,12,0.0,-999,-999
104067,BAGAZAN,1968,09,13,0.0,-999,-999
104067,BAGAZAN,1968,09,14,0.0,-999,-999
104067,BAGAZAN,1968,09,15,32.8,-999,-999
104067,BAGAZAN,1968,09,16,0.0,-999,-999
104067,BAGAZAN,1968,09,17,21.0,-999,-999
104067,BAGAZAN,1968,09,18,0.0,-999,-999
104067,BAGAZAN,1968,09,19,0.0,-999,-999
104067,BAGAZAN,1968,09,20,0.0,-999,-999
104067,BAGAZAN,1968,09,21,23.4,-999,-999
104067,BAGAZAN,1968,09,22,0.3,-999,-999
104067,BAGAZAN,1968,09,23,0.0,-999,-999
104067,BAGAZAN,1968,09,24,6.2,-999,-999
104067,BAGAZAN,1968,09,25,9.1,-999,-999
104067,BAGAZAN,1968,09,26,11.0,-999,-999
104067,BAGAZAN,1968,09,27,14.2,-999,-999
104067,BAGAZAN,1968,09,28,0.0,-999,-999
104067,BAGAZAN,1968,09,29,0.0,-999,-999
104067,BAGAZAN,1968,09,30,0.0,-999,-999
104067,BAGAZAN,1968,10,01,0.0,-999,-999
104067,BAGAZAN,1968,10,02,0.0,-999,-999
104067,BAGAZAN,1968,10,03,32.3,-999,-999
104067,BAGAZAN,1968,10,04,0.0,-999,-999
104067,BAGAZAN,1968,10,05,0.0,-999,-999
104067,BAGAZAN,1968,10,06,13.2,-999,-999
104067,BAGAZAN,1968,10,07,35.3,-999,-999
104067,BAGAZAN,1968,10,08,0.0,-999,-999
104067,BAGAZAN,1968,10,09,0.0,-999,-999
104067,BAGAZAN,1968,10,10,13.8,-999,-999
104067,BAGAZAN,1968,10,11,23.0,-999,-999
104067,BAGAZAN,1968,10,12,0.0,-999,-999
104067,BAGAZAN,1968,10,13,0.2,-999,-999
104067,BAGAZAN,1968,10,14,0.0,-999,-999
104067,BAGAZAN,1968,10,15,12.8,-999,-999
104067,BAGAZAN,1968,10,16,1.9,-999,-999
104067,BAGAZAN,1968,10,17,0.0,-999,-999
104067,BAGAZAN,1968,10,18,18.2,-999,-999
104067,BAGAZAN,1968,10,19,26.0,-999,-999
104067,BAGAZAN,1968,10,20,0.0,-999,-999
104067,BAGAZAN,1968,10,21,0.0,-999,-999
104067,BAGAZAN,1968,10,22,0.0,-999,-999
104067,BAGAZAN,1968,10,23,0.0,-999,-999
104067,BAGAZAN,1968,10,24,32.0,-999,-999
104067,BAGAZAN,1968,10,25,0.0,-999,-999
104067,BAGAZAN,1968,10,26,0.0,-999,-999
104067,BAGAZAN,1968,10,27,20.5,-999,-999
104067,BAGAZAN,1968,10,28,5.8,-999,-999
104067,BAGAZAN,1968,10,29,8.8,-999,-999
104067,BAGAZAN,1968,10,30,0.0,-999,-999
104067,BAGAZAN,1968,10,31,18.3,-999,-999
104067,BAGAZAN,1968,11,01,0.0,-999,-999
104067,BAGAZAN,1968,11,02,0.0,-999,-999
104067,BAGAZAN,1968,11,03,3.6,-999,-999
104067,BAGAZAN,1968,11,04,27.7,-999,-999
104067,BAGAZAN,1968,11,05,0.0,-999,-999
104067,BAGAZAN,1968,11,06,0.0,-999,-999
104067,BAGAZAN,1968,11,07,14.0,-999,-999
104067,BAGAZAN,1968,11,08,0.0,-999,-999
104067,BAGAZAN,1968,11,09,0.0,-999,-999
104067,BAGAZAN,1968,11,10,0.0,-999,-999
104067,BAGAZAN,1968,11,11,0.0,-999,-999
104067,BAGAZAN,1968,11,12,3.8,-999,-999
104067,BAGAZAN,1968,11,13,0.0,-999,-999
104067,BAGAZAN,1968,11,14,0.0,-999,-999
104067,BAGAZAN,1968,11,15,0.0,-999,-999
104067,BAGAZAN,1968,11,16,0.0,-999,-999
104067,BAGAZAN,1968,11,17,0.0,-999,-999
104067,BAGAZAN,1968,11,18,0.0,-999,-999
104067,BAGAZAN,1968,11,19,13.3,-999,-999
104067,BAGAZAN,1968,11,20,0.0,-999,-999
104067,BAGAZAN,1968,11,21,0.0,-999,-999
104067,BAGAZAN,1968,11,22,33.9,-999,-999
104067,BAGAZAN,1968,11,23,0.0,-999,-999
104067,BAGAZAN,1968,11,24,0.0,-999,-999
104067,BAGAZAN,1968,11,25,0.0,-999,-999
104067,BAGAZAN,1968,11,26,47.0,-999,-999
104067,BAGAZAN,1968,11,27,0.0,-999,-999
104067,BAGAZAN,1968,11,28,0.0,-999,-999
104067,BAGAZAN,1968,11,29,0.0,-999,-999
104067,BAGAZAN,1968,11,30,0.0,-999,-999
104067,BAGAZAN,1968,12,01,0.0,-999,-999
104067,BAGAZAN,1968,12,02,1.4,-999,-999
104067,BAGAZAN,1968,12,03,0.0,-999,-999
104067,BAGAZAN,1968,12,04,0.0,-999,-999
104067,BAGAZAN,1968,12,05,10.0,-999,-999
104067,BAGAZAN,1968,12,06,25.2,-999,-999
104067,BAGAZAN,1968,12,07,0.0,-999,-999
104067,BAGAZAN,1968,12,08,2.1,-999,-999
104067,BAGAZAN,1968,12,09,0.0,-999,-999
104067,BAGAZAN,1968,12,10,0.0,-999,-999
104067,BAGAZAN,1968,12,11,0.0,-999,-999
104067,BAGAZAN,1968,12,12,0.0,-999,-999
104067,BAGAZAN,1968,12,13,27.9,-999,-999
104067,BAGAZAN,1968,12,14,1.2,-999,-999
104067,BAGAZAN,1968,12,15,0.0,-999,-999
104067,BAGAZAN,1968,12,16,26.7,-999,-999
104067,BAGAZAN,1968,12,17,0.0,-999,-999
104067,BAGAZAN,1968,12,18,23.0,-999,-999
104067,BAGAZAN,1968,12,19,11.6,-999,-999
104067,BAGAZAN,1968,12,20,0.0,-999,-999
104067,BAGAZAN,1968,12,21,0.0,-999,-999
104067,BAGAZAN,1968,12,22,12.5,-999,-999
104067,BAGAZAN,1968,12,23,0.0,-999,-999
104067,BAGAZAN,1968,12,24,0.0,-999,-999
104067,BAGAZAN,1968,12,25,0.0,-999,-999
104067,BAGAZAN,1968,12,26,0.0,-999,-999
104067,BAGAZAN,1968,12,27,16.3,-999,-999
104067,BAGAZAN,1968,12,28,0.0,-999,-999
104067,BAGAZAN,1968,12,29,9.0,-999,-999
104067,BAGAZAN,1968,12,30,8.0,-999,-999
104067,BAGAZAN,1968,12,31,3.7,-999,-999
104067,BAGAZAN,1969,01,01,0.0,-999,-999
104067,BAGAZAN,1969,01,02,0.0,-999,-999
104067,BAGAZAN,1969,01,03,12.9,-999,-999
104067,BAGAZAN,1969,01,04,3.0,-999,-999
104067,BAGAZAN,1969,01,05,0.0,-999,-999
104067,BAGAZAN,1969,01,06,0.0,-999,-999
104067,BAGAZAN,1969,01,07,20.1,-999,-999
104067,BAGAZAN,1969,01,08,0.0,-999,-999
104067,BAGAZAN,1969,01,09,0.0,-999,-999
104067,BAGAZAN,1969,01,10,36.0,-999,-999
104067,BAGAZAN,1969,01,11,0.0,-999,-999
104067,BAGAZAN,1969,01,12,20.0,-999,-999
104067,BAGAZAN,1969,01,13,5.5,-999,-999
104067,BAGAZAN,1969,01,14,0.0,-999,-999
104067,BAGAZAN,1969,01,15,11.7,-999,-999
104067,BAGAZAN,1969,01,16,29.0,-999,-999
104067,BAGAZAN,1969,01,17,4.0,-999,-999
104067,BAGAZAN,1969,01,18,0.0,-999,-999
104067,BAGAZAN,1969,01,19,0.0,-999,-999
104067,BAGAZAN,1969,01,20,0.0,-999,-999
104067,BAGAZAN,1969,01,21,0.0,-999,-999
104067,BAGAZAN,1969,01,22,0.0,-999,-999
104067,BAGAZAN,1969,01,23,3.5,-999,-999
104067,BAGAZAN,1969,01,24,0.0,-999,-999
104067,BAGAZAN,1969,01,25,0.0,-999,-999
104067,BAGAZAN,1969,01,26,0.0,-999,-999
104067,BAGAZAN,1969,01,27,0.0,-999,-999
104067,BAGAZAN,1969,01,28,74.1,-999,-999
104067,BAGAZAN,1969,01,29,0.0,-999,-999
104067,BAGAZAN,1969,01,30,3.5,-999,-999
104067,BAGAZAN,1969,01,31,3.1,-999,-999
104067,BAGAZAN,1969,02,01,10.5,-999,-999
104067,BAGAZAN,1969,02,02,25.2,-999,-999
104067,BAGAZAN,1969,02,03,18.5,-999,-999
104067,BAGAZAN,1969,02,04,11.2,-999,-999
104067,BAGAZAN,1969,02,05,0.0,-999,-999
104067,BAGAZAN,1969,02,06,0.0,-999,-999
104067,BAGAZAN,1969,02,07,0.0,-999,-999
104067,BAGAZAN,1969,02,08,0.0,-999,-999
104067,BAGAZAN,1969,02,09,8.0,-999,-999
104067,BAGAZAN,1969,02,10,0.0,-999,-999
104067,BAGAZAN,1969,02,11,10.0,-999,-999
104067,BAGAZAN,1969,02,12,0.0,-999,-999
104067,BAGAZAN,1969,02,13,0.0,-999,-999
104067,BAGAZAN,1969,02,14,0.0,-999,-999
104067,BAGAZAN,1969,02,15,0.0,-999,-999
104067,BAGAZAN,1969,02,16,0.0,-999,-999
104067,BAGAZAN,1969,02,17,3.0,-999,-999
104067,BAGAZAN,1969,02,18,17.0,-999,-999
104067,BAGAZAN,1969,02,19,20.0,-999,-999
104067,BAGAZAN,1969,02,20,0.0,-999,-999
104067,BAGAZAN,1969,02,21,0.0,-999,-999
104067,BAGAZAN,1969,02,22,0.0,-999,-999
104067,BAGAZAN,1969,02,23,3.5,-999,-999
104067,BAGAZAN,1969,02,24,6.2,-999,-999
104067,BAGAZAN,1969,02,25,0.0,-999,-999
104067,BAGAZAN,1969,02,26,2.5,-999,-999
104067,BAGAZAN,1969,02,27,0.0,-999,-999
104067,BAGAZAN,1969,02,28,0.0,-999,-999
104067,BAGAZAN,1969,03,01,40.6,-999,-999
104067,BAGAZAN,1969,03,02,37.0,-999,-999
104067,BAGAZAN,1969,03,03,0.0,-999,-999
104067,BAGAZAN,1969,03,04,0.0,-999,-999
104067,BAGAZAN,1969,03,05,0.0,-999,-999
104067,BAGAZAN,1969,03,06,6.1,-999,-999
104067,BAGAZAN,1969,03,07,0.0,-999,-999
104067,BAGAZAN,1969,03,08,0.0,-999,-999
104067,BAGAZAN,1969,03,09,0.0,-999,-999
104067,BAGAZAN,1969,03,10,28.5,-999,-999
104067,BAGAZAN,1969,03,11,7.7,-999,-999
104067,BAGAZAN,1969,03,12,0.0,-999,-999
104067,BAGAZAN,1969,03,13,0.0,-999,-999
104067,BAGAZAN,1969,03,14,0.0,-999,-999
104067,BAGAZAN,1969,03,15,0.0,-999,-999
104067,BAGAZAN,1969,03,16,0.0,-999,-999
104067,BAGAZAN,1969,03,17,2.6,-999,-999
104067,BAGAZAN,1969,03,18,1.1,-999,-999
104067,BAGAZAN,1969,03,19,0.0,-999,-999
104067,BAGAZAN,1969,03,20,0.0,-999,-999
104067,BAGAZAN,1969,03,21,15.4,-999,-999
104067,BAGAZAN,1969,03,22,4.7,-999,-999
104067,BAGAZAN,1969,03,23,0.0,-999,-999
104067,BAGAZAN,1969,03,24,21.5,-999,-999
104067,BAGAZAN,1969,03,25,0.0,-999,-999
104067,BAGAZAN,1969,03,26,0.0,-999,-999
104067,BAGAZAN,1969,03,27,0.0,-999,-999
104067,BAGAZAN,1969,03,28,0.0,-999,-999
104067,BAGAZAN,1969,03,29,-888,-999,-999
104067,BAGAZAN,1969,03,30,0.0,-999,-999
104067,BAGAZAN,1969,03,31,6.0,-999,-999
104067,BAGAZAN,1969,04,01,10.0,-999,-999
104067,BAGAZAN,1969,04,02,2.5,-999,-999
104067,BAGAZAN,1969,04,03,4.0,-999,-999
104067,BAGAZAN,1969,04,04,3.2,-999,-999
104067,BAGAZAN,1969,04,05,0.0,-999,-999
104067,BAGAZAN,1969,04,06,0.0,-999,-999
104067,BAGAZAN,1969,04,07,0.0,-999,-999
104067,BAGAZAN,1969,04,08,0.0,-999,-999
104067,BAGAZAN,1969,04,09,6.2,-999,-999
104067,BAGAZAN,1969,04,10,17.0,-999,-999
104067,BAGAZAN,1969,04,11,0.0,-999,-999
104067,BAGAZAN,1969,04,12,0.0,-999,-999
104067,BAGAZAN,1969,04,13,0.0,-999,-999
104067,BAGAZAN,1969,04,14,6.7,-999,-999
104067,BAGAZAN,1969,04,15,0.0,-999,-999
104067,BAGAZAN,1969,04,16,0.0,-999,-999
104067,BAGAZAN,1969,04,17,0.0,-999,-999
104067,BAGAZAN,1969,04,18,0.0,-999,-999
104067,BAGAZAN,1969,04,19,30.4,-999,-999
104067,BAGAZAN,1969,04,20,12.5,-999,-999
104067,BAGAZAN,1969,04,21,0.0,-999,-999
104067,BAGAZAN,1969,04,22,25.7,-999,-999
104067,BAGAZAN,1969,04,23,22.0,-999,-999
104067,BAGAZAN,1969,04,24,0.0,-999,-999
104067,BAGAZAN,1969,04,25,7.2,-999,-999
104067,BAGAZAN,1969,04,26,0.0,-999,-999
104067,BAGAZAN,1969,04,27,0.0,-999,-999
104067,BAGAZAN,1969,04,28,0.0,-999,-999
104067,BAGAZAN,1969,04,29,4.1,-999,-999
104067,BAGAZAN,1969,04,30,0.0,-999,-999
104067,BAGAZAN,1969,05,01,21.0,-999,-999
104067,BAGAZAN,1969,05,02,0.0,-999,-999
104067,BAGAZAN,1969,05,03,0.0,-999,-999
104067,BAGAZAN,1969,05,04,0.0,-999,-999
104067,BAGAZAN,1969,05,05,0.0,-999,-999
104067,BAGAZAN,1969,05,06,0.0,-999,-999
104067,BAGAZAN,1969,05,07,0.0,-999,-999
104067,BAGAZAN,1969,05,08,0.0,-999,-999
104067,BAGAZAN,1969,05,09,18.0,-999,-999
104067,BAGAZAN,1969,05,10,0.0,-999,-999
104067,BAGAZAN,1969,05,11,2.6,-999,-999
104067,BAGAZAN,1969,05,12,2.0,-999,-999
104067,BAGAZAN,1969,05,13,6.0,-999,-999
104067,BAGAZAN,1969,05,14,7.0,-999,-999
104067,BAGAZAN,1969,05,15,5.7,-999,-999
104067,BAGAZAN,1969,05,16,0.0,-999,-999
104067,BAGAZAN,1969,05,17,0.0,-999,-999
104067,BAGAZAN,1969,05,18,0.0,-999,-999
104067,BAGAZAN,1969,05,19,5.5,-999,-999
104067,BAGAZAN,1969,05,20,2.2,-999,-999
104067,BAGAZAN,1969,05,21,22.0,-999,-999
104067,BAGAZAN,1969,05,22,25.1,-999,-999
104067,BAGAZAN,1969,05,23,15.0,-999,-999
104067,BAGAZAN,1969,05,24,0.0,-999,-999
104067,BAGAZAN,1969,05,25,0.0,-999,-999
104067,BAGAZAN,1969,05,26,0.0,-999,-999
104067,BAGAZAN,1969,05,27,19.9,-999,-999
104067,BAGAZAN,1969,05,28,9.2,-999,-999
104067,BAGAZAN,1969,05,29,0.0,-999,-999
104067,BAGAZAN,1969,05,30,0.0,-999,-999
104067,BAGAZAN,1969,05,31,0.0,-999,-999
104067,BAGAZAN,1969,06,01,0.0,-999,-999
104067,BAGAZAN,1969,06,02,1.8,-999,-999
104067,BAGAZAN,1969,06,03,10.0,-999,-999
104067,BAGAZAN,1969,06,04,0.0,-999,-999
104067,BAGAZAN,1969,06,05,0.0,-999,-999
104067,BAGAZAN,1969,06,06,5.0,-999,-999
104067,BAGAZAN,1969,06,07,0.0,-999,-999
104067,BAGAZAN,1969,06,08,13.8,-999,-999
104067,BAGAZAN,1969,06,09,16.1,-999,-999
104067,BAGAZAN,1969,06,10,0.0,-999,-999
104067,BAGAZAN,1969,06,11,7.4,-999,-999
104067,BAGAZAN,1969,06,12,41.5,-999,-999
104067,BAGAZAN,1969,06,13,0.0,-999,-999
104067,BAGAZAN,1969,06,14,4.0,-999,-999
104067,BAGAZAN,1969,06,15,0.0,-999,-999
104067,BAGAZAN,1969,06,16,0.0,-999,-999
104067,BAGAZAN,1969,06,17,4.0,-999,-999
104067,BAGAZAN,1969,06,18,2.0,-999,-999
104067,BAGAZAN,1969,06,19,0.0,-999,-999
104067,BAGAZAN,1969,06,20,0.0,-999,-999
104067,BAGAZAN,1969,06,21,0.0,-999,-999
104067,BAGAZAN,1969,06,22,0.0,-999,-999
104067,BAGAZAN,1969,06,23,0.0,-999,-999
104067,BAGAZAN,1969,06,24,0.0,-999,-999
104067,BAGAZAN,1969,06,25,29.5,-999,-999
104067,BAGAZAN,1969,06,26,45.0,-999,-999
104067,BAGAZAN,1969,06,27,0.0,-999,-999
104067,BAGAZAN,1969,06,28,0.0,-999,-999
104067,BAGAZAN,1969,06,29,7.8,-999,-999
104067,BAGAZAN,1969,06,30,5.5,-999,-999
104067,BAGAZAN,1969,07,01,0.0,-999,-999
104067,BAGAZAN,1969,07,02,-888,-999,-999
104067,BAGAZAN,1969,07,03,0.0,-999,-999
104067,BAGAZAN,1969,07,04,11.0,-999,-999
104067,BAGAZAN,1969,07,05,-888,-999,-999
104067,BAGAZAN,1969,07,06,0.0,-999,-999
104067,BAGAZAN,1969,07,07,0.0,-999,-999
104067,BAGAZAN,1969,07,08,19.0,-999,-999
104067,BAGAZAN,1969,07,09,-888,-999,-999
104067,BAGAZAN,1969,07,10,-888,-999,-999
104067,BAGAZAN,1969,07,11,0.0,-999,-999
104067,BAGAZAN,1969,07,12,0.0,-999,-999
104067,BAGAZAN,1969,07,13,0.0,-999,-999
104067,BAGAZAN,1969,07,14,0.0,-999,-999
104067,BAGAZAN,1969,07,15,3.5,-999,-999
104067,BAGAZAN,1969,07,16,0.0,-999,-999
104067,BAGAZAN,1969,07,17,0.0,-999,-999
104067,BAGAZAN,1969,07,18,30.0,-999,-999
104067,BAGAZAN,1969,07,19,1.0,-999,-999
104067,BAGAZAN,1969,07,20,14.0,-999,-999
104067,BAGAZAN,1969,07,21,0.0,-999,-999
104067,BAGAZAN,1969,07,22,19.0,-999,-999
104067,BAGAZAN,1969,07,23,0.5,-999,-999
104067,BAGAZAN,1969,07,24,8.5,-999,-999
104067,BAGAZAN,1969,07,25,10.0,-999,-999
104067,BAGAZAN,1969,07,26,11.5,-999,-999
104067,BAGAZAN,1969,07,27,1.2,-999,-999
104067,BAGAZAN,1969,07,28,0.0,-999,-999
104067,BAGAZAN,1969,07,29,0.0,-999,-999
104067,BAGAZAN,1969,07,30,0.0,-999,-999
104067,BAGAZAN,1969,07,31,0.0,-999,-999
104067,BAGAZAN,1969,08,01,0.0,-999,-999
104067,BAGAZAN,1969,08,02,0.0,-999,-999
104067,BAGAZAN,1969,08,03,8.0,-999,-999
104067,BAGAZAN,1969,08,04,0.0,-999,-999
104067,BAGAZAN,1969,08,05,0.0,-999,-999
104067,BAGAZAN,1969,08,06,0.0,-999,-999
104067,BAGAZAN,1969,08,07,50.5,-999,-999
104067,BAGAZAN,1969,08,08,20.0,-999,-999
104067,BAGAZAN,1969,08,09,0.0,-999,-999
104067,BAGAZAN,1969,08,10,0.0,-999,-999
104067,BAGAZAN,1969,08,11,23.5,-999,-999
104067,BAGAZAN,1969,08,12,15.0,-999,-999
104067,BAGAZAN,1969,08,13,0.0,-999,-999
104067,BAGAZAN,1969,08,14,0.0,-999,-999
104067,BAGAZAN,1969,08,15,25.5,-999,-999
104067,BAGAZAN,1969,08,16,59.0,-999,-999
104067,BAGAZAN,1969,08,17,-888,-999,-999
104067,BAGAZAN,1969,08,18,-888,-999,-999
104067,BAGAZAN,1969,08,19,35.6,-999,-999
104067,BAGAZAN,1969,08,20,0.0,-999,-999
104067,BAGAZAN,1969,08,21,-888,-999,-999
104067,BAGAZAN,1969,08,22,-888,-999,-999
104067,BAGAZAN,1969,08,23,0.0,-999,-999
104067,BAGAZAN,1969,08,24,0.0,-999,-999
104067,BAGAZAN,1969,08,25,0.0,-999,-999
104067,BAGAZAN,1969,08,26,-888,-999,-999
104067,BAGAZAN,1969,08,27,31.8,-999,-999
104067,BAGAZAN,1969,08,28,-888,-999,-999
104067,BAGAZAN,1969,08,29,0.0,-999,-999
104067,BAGAZAN,1969,08,30,21.5,-999,-999
104067,BAGAZAN,1969,08,31,-888,-999,-999
104067,BAGAZAN,1969,09,01,0.0,-999,-999
104067,BAGAZAN,1969,09,02,0.0,-999,-999
104067,BAGAZAN,1969,09,03,-888,-999,-999
104067,BAGAZAN,1969,09,04,15.0,-999,-999
104067,BAGAZAN,1969,09,05,0.0,-999,-999
104067,BAGAZAN,1969,09,06,0.0,-999,-999
104067,BAGAZAN,1969,09,07,44.5,-999,-999
104067,BAGAZAN,1969,09,08,12.0,-999,-999
104067,BAGAZAN,1969,09,09,0.0,-999,-999
104067,BAGAZAN,1969,09,10,0.0,-999,-999
104067,BAGAZAN,1969,09,11,33.8,-999,-999
104067,BAGAZAN,1969,09,12,6.0,-999,-999
104067,BAGAZAN,1969,09,13,10.0,-999,-999
104067,BAGAZAN,1969,09,14,0.0,-999,-999
104067,BAGAZAN,1969,09,15,0.0,-999,-999
104067,BAGAZAN,1969,09,16,0.0,-999,-999
104067,BAGAZAN,1969,09,17,0.0,-999,-999
104067,BAGAZAN,1969,09,18,0.0,-999,-999
104067,BAGAZAN,1969,09,19,0.0,-999,-999
104067,BAGAZAN,1969,09,20,1.5,-999,-999
104067,BAGAZAN,1969,09,21,0.0,-999,-999
104067,BAGAZAN,1969,09,22,0.0,-999,-999
104067,BAGAZAN,1969,09,23,0.0,-999,-999
104067,BAGAZAN,1969,09,24,15.0,-999,-999
104067,BAGAZAN,1969,09,25,40.0,-999,-999
104067,BAGAZAN,1969,09,26,0.0,-999,-999
104067,BAGAZAN,1969,09,27,8.0,-999,-999
104067,BAGAZAN,1969,09,28,0.0,-999,-999
104067,BAGAZAN,1969,09,29,22.0,-999,-999
104067,BAGAZAN,1969,09,30,20.0,-999,-999
104067,BAGAZAN,1969,10,01,-888,-999,-999
104067,BAGAZAN,1969,10,02,0.0,-999,-999
104067,BAGAZAN,1969,10,03,0.0,-999,-999
104067,BAGAZAN,1969,10,04,0.0,-999,-999
104067,BAGAZAN,1969,10,05,4.0,-999,-999
104067,BAGAZAN,1969,10,06,20.0,-999,-999
104067,BAGAZAN,1969,10,07,43.0,-999,-999
104067,BAGAZAN,1969,10,08,0.0,-999,-999
104067,BAGAZAN,1969,10,09,0.0,-999,-999
104067,BAGAZAN,1969,10,10,0.0,-999,-999
104067,BAGAZAN,1969,10,11,9.0,-999,-999
104067,BAGAZAN,1969,10,12,0.0,-999,-999
104067,BAGAZAN,1969,10,13,31.0,-999,-999
104067,BAGAZAN,1969,10,14,5.0,-999,-999
104067,BAGAZAN,1969,10,15,0.0,-999,-999
104067,BAGAZAN,1969,10,16,0.0,-999,-999
104067,BAGAZAN,1969,10,17,16.0,-999,-999
104067,BAGAZAN,1969,10,18,30.0,-999,-999
104067,BAGAZAN,1969,10,19,30.0,-999,-999
104067,BAGAZAN,1969,10,20,0.0,-999,-999
104067,BAGAZAN,1969,10,21,0.0,-999,-999
104067,BAGAZAN,1969,10,22,4.5,-999,-999
104067,BAGAZAN,1969,10,23,11.5,-999,-999
104067,BAGAZAN,1969,10,24,4.5,-999,-999
104067,BAGAZAN,1969,10,25,0.0,-999,-999
104067,BAGAZAN,1969,10,26,0.0,-999,-999
104067,BAGAZAN,1969,10,27,9.0,-999,-999
104067,BAGAZAN,1969,10,28,0.0,-999,-999
104067,BAGAZAN,1969,10,29,0.0,-999,-999
104067,BAGAZAN,1969,10,30,-888,-999,-999
104067,BAGAZAN,1969,10,31,0.0,-999,-999
104067,BAGAZAN,1969,11,01,87.0,-999,-999
104067,BAGAZAN,1969,11,02,0.0,-999,-999
104067,BAGAZAN,1969,11,03,0.0,-999,-999
104067,BAGAZAN,1969,11,04,0.0,-999,-999
104067,BAGAZAN,1969,11,05,0.0,-999,-999
104067,BAGAZAN,1969,11,06,42.5,-999,-999
104067,BAGAZAN,1969,11,07,0.0,-999,-999
104067,BAGAZAN,1969,11,08,0.0,-999,-999
104067,BAGAZAN,1969,11,09,6.0,-999,-999
104067,BAGAZAN,1969,11,10,18.0,-999,-999
104067,BAGAZAN,1969,11,11,0.0,-999,-999
104067,BAGAZAN,1969,11,12,0.0,-999,-999
104067,BAGAZAN,1969,11,13,-888,-999,-999
104067,BAGAZAN,1969,11,14,21.5,-999,-999
104067,BAGAZAN,1969,11,15,0.0,-999,-999
104067,BAGAZAN,1969,11,16,0.0,-999,-999
104067,BAGAZAN,1969,11,17,37.5,-999,-999
104067,BAGAZAN,1969,11,18,0.0,-999,-999
104067,BAGAZAN,1969,11,19,0.0,-999,-999
104067,BAGAZAN,1969,11,20,0.0,-999,-999
104067,BAGAZAN,1969,11,21,0.0,-999,-999
104067,BAGAZAN,1969,11,22,12.0,-999,-999
104067,BAGAZAN,1969,11,23,0.0,-999,-999
104067,BAGAZAN,1969,11,24,0.0,-999,-999
104067,BAGAZAN,1969,11,25,25.0,-999,-999
104067,BAGAZAN,1969,11,26,0.0,-999,-999
104067,BAGAZAN,1969,11,27,0.0,-999,-999
104067,BAGAZAN,1969,11,28,0.0,-999,-999
104067,BAGAZAN,1969,11,29,6.0,-999,-999
104067,BAGAZAN,1969,11,30,0.0,-999,-999
104067,BAGAZAN,1969,12,01,0.0,-999,-999
104067,BAGAZAN,1969,12,02,0.0,-999,-999
104067,BAGAZAN,1969,12,03,25.2,-999,-999
104067,BAGAZAN,1969,12,04,5.8,-999,-999
104067,BAGAZAN,1969,12,05,0.0,-999,-999
104067,BAGAZAN,1969,12,06,0.0,-999,-999
104067,BAGAZAN,1969,12,07,1.5,-999,-999
104067,BAGAZAN,1969,12,08,0.0,-999,-999
104067,BAGAZAN,1969,12,09,27.8,-999,-999
104067,BAGAZAN,1969,12,10,0.0,-999,-999
104067,BAGAZAN,1969,12,11,3.0,-999,-999
104067,BAGAZAN,1969,12,12,19.2,-999,-999
104067,BAGAZAN,1969,12,13,0.0,-999,-999
104067,BAGAZAN,1969,12,14,0.0,-999,-999
104067,BAGAZAN,1969,12,15,15.5,-999,-999
104067,BAGAZAN,1969,12,16,0.0,-999,-999
104067,BAGAZAN,1969,12,17,0.0,-999,-999
104067,BAGAZAN,1969,12,18,0.0,-999,-999
104067,BAGAZAN,1969,12,19,0.0,-999,-999
104067,BAGAZAN,1969,12,20,0.0,-999,-999
104067,BAGAZAN,1969,12,21,0.0,-999,-999
104067,BAGAZAN,1969,12,22,5.5,-999,-999
104067,BAGAZAN,1969,12,23,26.0,-999,-999
104067,BAGAZAN,1969,12,24,0.0,-999,-999
104067,BAGAZAN,1969,12,25,0.0,-999,-999
104067,BAGAZAN,1969,12,26,0.0,-999,-999
104067,BAGAZAN,1969,12,27,0.0,-999,-999
104067,BAGAZAN,1969,12,28,12.0,-999,-999
104067,BAGAZAN,1969,12,29,0.0,-999,-999
104067,BAGAZAN,1969,12,30,0.0,-999,-999
104067,BAGAZAN,1969,12,31,17.0,-999,-999
104067,BAGAZAN,1970,01,01,106.0,-999,-999
104067,BAGAZAN,1970,01,02,0.0,-999,-999
104067,BAGAZAN,1970,01,03,28.0,-999,-999
104067,BAGAZAN,1970,01,04,0.0,-999,-999
104067,BAGAZAN,1970,01,05,19.5,-999,-999
104067,BAGAZAN,1970,01,06,0.0,-999,-999
104067,BAGAZAN,1970,01,07,6.5,-999,-999
104067,BAGAZAN,1970,01,08,1.0,-999,-999
104067,BAGAZAN,1970,01,09,0.0,-999,-999
104067,BAGAZAN,1970,01,10,0.0,-999,-999
104067,BAGAZAN,1970,01,11,50.0,-999,-999
104067,BAGAZAN,1970,01,12,30.3,-999,-999
104067,BAGAZAN,1970,01,13,0.0,-999,-999
104067,BAGAZAN,1970,01,14,0.0,-999,-999
104067,BAGAZAN,1970,01,15,0.0,-999,-999
104067,BAGAZAN,1970,01,16,9.0,-999,-999
104067,BAGAZAN,1970,01,17,0.0,-999,-999
104067,BAGAZAN,1970,01,18,0.0,-999,-999
104067,BAGAZAN,1970,01,19,0.0,-999,-999
104067,BAGAZAN,1970,01,20,0.0,-999,-999
104067,BAGAZAN,1970,01,21,6.0,-999,-999
104067,BAGAZAN,1970,01,22,0.0,-999,-999
104067,BAGAZAN,1970,01,23,0.0,-999,-999
104067,BAGAZAN,1970,01,24,0.0,-999,-999
104067,BAGAZAN,1970,01,25,0.0,-999,-999
104067,BAGAZAN,1970,01,26,0.0,-999,-999
104067,BAGAZAN,1970,01,27,22.0,-999,-999
104067,BAGAZAN,1970,01,28,0.0,-999,-999
104067,BAGAZAN,1970,01,29,0.0,-999,-999
104067,BAGAZAN,1970,01,30,0.0,-999,-999
104067,BAGAZAN,1970,01,31,0.0,-999,-999
104067,BAGAZAN,1970,02,01,50.0,-999,-999
104067,BAGAZAN,1970,02,02,10.0,-999,-999
104067,BAGAZAN,1970,02,03,13.0,-999,-999
104067,BAGAZAN,1970,02,04,0.0,-999,-999
104067,BAGAZAN,1970,02,05,22.0,-999,-999
104067,BAGAZAN,1970,02,06,0.0,-999,-999
104067,BAGAZAN,1970,02,07,31.0,-999,-999
104067,BAGAZAN,1970,02,08,0.0,-999,-999
104067,BAGAZAN,1970,02,09,0.0,-999,-999
104067,BAGAZAN,1970,02,10,21.0,-999,-999
104067,BAGAZAN,1970,02,11,1.0,-999,-999
104067,BAGAZAN,1970,02,12,0.0,-999,-999
104067,BAGAZAN,1970,02,13,0.0,-999,-999
104067,BAGAZAN,1970,02,14,20.0,-999,-999
104067,BAGAZAN,1970,02,15,19.0,-999,-999
104067,BAGAZAN,1970,02,16,0.0,-999,-999
104067,BAGAZAN,1970,02,17,0.0,-999,-999
104067,BAGAZAN,1970,02,18,0.0,-999,-999
104067,BAGAZAN,1970,02,19,0.0,-999,-999
104067,BAGAZAN,1970,02,20,0.0,-999,-999
104067,BAGAZAN,1970,02,21,0.0,-999,-999
104067,BAGAZAN,1970,02,22,0.0,-999,-999
104067,BAGAZAN,1970,02,23,0.0,-999,-999
104067,BAGAZAN,1970,02,24,0.0,-999,-999
104067,BAGAZAN,1970,02,25,11.0,-999,-999
104067,BAGAZAN,1970,02,26,0.0,-999,-999
104067,BAGAZAN,1970,02,27,0.0,-999,-999
104067,BAGAZAN,1970,02,28,0.0,-999,-999
104067,BAGAZAN,1970,03,01,0.0,-999,-999
104067,BAGAZAN,1970,03,02,0.0,-999,-999
104067,BAGAZAN,1970,03,03,0.0,-999,-999
104067,BAGAZAN,1970,03,04,0.0,-999,-999
104067,BAGAZAN,1970,03,05,0.0,-999,-999
104067,BAGAZAN,1970,03,06,7.0,-999,-999
104067,BAGAZAN,1970,03,07,0.0,-999,-999
104067,BAGAZAN,1970,03,08,10.0,-999,-999
104067,BAGAZAN,1970,03,09,0.0,-999,-999
104067,BAGAZAN,1970,03,10,5.0,-999,-999
104067,BAGAZAN,1970,03,11,16.0,-999,-999
104067,BAGAZAN,1970,03,12,59.9,-999,-999
104067,BAGAZAN,1970,03,13,0.0,-999,-999
104067,BAGAZAN,1970,03,14,0.0,-999,-999
104067,BAGAZAN,1970,03,15,0.0,-999,-999
104067,BAGAZAN,1970,03,16,2.0,-999,-999
104067,BAGAZAN,1970,03,17,0.0,-999,-999
104067,BAGAZAN,1970,03,18,0.0,-999,-999
104067,BAGAZAN,1970,03,19,11.0,-999,-999
104067,BAGAZAN,1970,03,20,0.0,-999,-999
104067,BAGAZAN,1970,03,21,40.0,-999,-999
104067,BAGAZAN,1970,03,22,20.0,-999,-999
104067,BAGAZAN,1970,03,23,13.0,-999,-999
104067,BAGAZAN,1970,03,24,0.0,-999,-999
104067,BAGAZAN,1970,03,25,7.0,-999,-999
104067,BAGAZAN,1970,03,26,10.0,-999,-999
104067,BAGAZAN,1970,03,27,5.0,-999,-999
104067,BAGAZAN,1970,03,28,10.0,-999,-999
104067,BAGAZAN,1970,03,29,0.0,-999,-999
104067,BAGAZAN,1970,03,30,3.0,-999,-999
104067,BAGAZAN,1970,03,31,0.0,-999,-999
104067,BAGAZAN,1970,04,01,0.0,-999,-999
104067,BAGAZAN,1970,04,02,10.0,-999,-999
104067,BAGAZAN,1970,04,03,20.0,-999,-999
104067,BAGAZAN,1970,04,04,0.0,-999,-999
104067,BAGAZAN,1970,04,05,37.0,-999,-999
104067,BAGAZAN,1970,04,06,0.0,-999,-999
104067,BAGAZAN,1970,04,07,0.0,-999,-999
104067,BAGAZAN,1970,04,08,27.8,-999,-999
104067,BAGAZAN,1970,04,09,30.3,-999,-999
104067,BAGAZAN,1970,04,10,0.0,-999,-999
104067,BAGAZAN,1970,04,11,0.0,-999,-999
104067,BAGAZAN,1970,04,12,0.0,-999,-999
104067,BAGAZAN,1970,04,13,13.0,-999,-999
104067,BAGAZAN,1970,04,14,0.0,-999,-999
104067,BAGAZAN,1970,04,15,0.0,-999,-999
104067,BAGAZAN,1970,04,16,24.0,-999,-999
104067,BAGAZAN,1970,04,17,0.0,-999,-999
104067,BAGAZAN,1970,04,18,0.0,-999,-999
104067,BAGAZAN,1970,04,19,46.0,-999,-999
104067,BAGAZAN,1970,04,20,1.3,-999,-999
104067,BAGAZAN,1970,04,21,8.4,-999,-999
104067,BAGAZAN,1970,04,22,27.2,-999,-999
104067,BAGAZAN,1970,04,23,9.3,-999,-999
104067,BAGAZAN,1970,04,24,14.0,-999,-999
104067,BAGAZAN,1970,04,25,20.0,-999,-999
104067,BAGAZAN,1970,04,26,0.0,-999,-999
104067,BAGAZAN,1970,04,27,0.0,-999,-999
104067,BAGAZAN,1970,04,28,17.0,-999,-999
104067,BAGAZAN,1970,04,29,0.0,-999,-999
104067,BAGAZAN,1970,04,30,0.0,-999,-999
104067,BAGAZAN,1970,05,01,0.0,-999,-999
104067,BAGAZAN,1970,05,02,15.0,-999,-999
104067,BAGAZAN,1970,05,03,0.0,-999,-999
104067,BAGAZAN,1970,05,04,0.0,-999,-999
104067,BAGAZAN,1970,05,05,0.0,-999,-999
104067,BAGAZAN,1970,05,06,0.0,-999,-999
104067,BAGAZAN,1970,05,07,-888,-999,-999
104067,BAGAZAN,1970,05,08,0.0,-999,-999
104067,BAGAZAN,1970,05,09,7.0,-999,-999
104067,BAGAZAN,1970,05,10,19.9,-999,-999
104067,BAGAZAN,1970,05,11,6.0,-999,-999
104067,BAGAZAN,1970,05,12,8.7,-999,-999
104067,BAGAZAN,1970,05,13,0.0,-999,-999
104067,BAGAZAN,1970,05,14,9.0,-999,-999
104067,BAGAZAN,1970,05,15,2.4,-999,-999
104067,BAGAZAN,1970,05,16,0.0,-999,-999
104067,BAGAZAN,1970,05,17,0.0,-999,-999
104067,BAGAZAN,1970,05,18,0.0,-999,-999
104067,BAGAZAN,1970,05,19,0.0,-999,-999
104067,BAGAZAN,1970,05,20,2.0,-999,-999
104067,BAGAZAN,1970,05,21,-888,-999,-999
104067,BAGAZAN,1970,05,22,0.0,-999,-999
104067,BAGAZAN,1970,05,23,0.0,-999,-999
104067,BAGAZAN,1970,05,24,0.0,-999,-999
104067,BAGAZAN,1970,05,25,0.0,-999,-999
104067,BAGAZAN,1970,05,26,6.2,-999,-999
104067,BAGAZAN,1970,05,27,0.0,-999,-999
104067,BAGAZAN,1970,05,28,21.0,-999,-999
104067,BAGAZAN,1970,05,29,17.5,-999,-999
104067,BAGAZAN,1970,05,30,0.0,-999,-999
104067,BAGAZAN,1970,05,31,20.0,-999,-999
104067,BAGAZAN,1970,06,01,19.0,-999,-999
104067,BAGAZAN,1970,06,02,54.0,-999,-999
104067,BAGAZAN,1970,06,03,0.0,-999,-999
104067,BAGAZAN,1970,06,04,8.0,-999,-999
104067,BAGAZAN,1970,06,05,0.0,-999,-999
104067,BAGAZAN,1970,06,06,0.0,-999,-999
104067,BAGAZAN,1970,06,07,15.0,-999,-999
104067,BAGAZAN,1970,06,08,0.0,-999,-999
104067,BAGAZAN,1970,06,09,0.0,-999,-999
104067,BAGAZAN,1970,06,10,2.0,-999,-999
104067,BAGAZAN,1970,06,11,0.0,-999,-999
104067,BAGAZAN,1970,06,12,0.0,-999,-999
104067,BAGAZAN,1970,06,13,0.0,-999,-999
104067,BAGAZAN,1970,06,14,0.0,-999,-999
104067,BAGAZAN,1970,06,15,0.0,-999,-999
104067,BAGAZAN,1970,06,16,6.2,-999,-999
104067,BAGAZAN,1970,06,17,0.0,-999,-999
104067,BAGAZAN,1970,06,18,12.0,-999,-999
104067,BAGAZAN,1970,06,19,23.5,-999,-999
104067,BAGAZAN,1970,06,20,0.0,-999,-999
104067,BAGAZAN,1970,06,21,0.0,-999,-999
104067,BAGAZAN,1970,06,22,17.0,-999,-999
104067,BAGAZAN,1970,06,23,0.0,-999,-999
104067,BAGAZAN,1970,06,24,51.0,-999,-999
104067,BAGAZAN,1970,06,25,0.0,-999,-999
104067,BAGAZAN,1970,06,26,0.0,-999,-999
104067,BAGAZAN,1970,06,27,0.0,-999,-999
104067,BAGAZAN,1970,06,28,0.0,-999,-999
104067,BAGAZAN,1970,06,29,0.0,-999,-999
104067,BAGAZAN,1970,06,30,0.0,-999,-999
104067,BAGAZAN,1970,07,01,16.8,-999,-999
104067,BAGAZAN,1970,07,02,0.0,-999,-999
104067,BAGAZAN,1970,07,03,0.0,-999,-999
104067,BAGAZAN,1970,07,04,0.0,-999,-999
104067,BAGAZAN,1970,07,05,0.0,-999,-999
104067,BAGAZAN,1970,07,06,0.0,-999,-999
104067,BAGAZAN,1970,07,07,0.0,-999,-999
104067,BAGAZAN,1970,07,08,0.0,-999,-999
104067,BAGAZAN,1970,07,09,0.0,-999,-999
104067,BAGAZAN,1970,07,10,0.0,-999,-999
104067,BAGAZAN,1970,07,11,-888,-999,-999
104067,BAGAZAN,1970,07,12,0.0,-999,-999
104067,BAGAZAN,1970,07,13,-888,-999,-999
104067,BAGAZAN,1970,07,14,0.0,-999,-999
104067,BAGAZAN,1970,07,15,0.0,-999,-999
104067,BAGAZAN,1970,07,16,0.0,-999,-999
104067,BAGAZAN,1970,07,17,49.6,-999,-999
104067,BAGAZAN,1970,07,18,4.6,-999,-999
104067,BAGAZAN,1970,07,19,-888,-999,-999
104067,BAGAZAN,1970,07,20,0.0,-999,-999
104067,BAGAZAN,1970,07,21,0.0,-999,-999
104067,BAGAZAN,1970,07,22,4.0,-999,-999
104067,BAGAZAN,1970,07,23,0.0,-999,-999
104067,BAGAZAN,1970,07,24,0.0,-999,-999
104067,BAGAZAN,1970,07,25,0.0,-999,-999
104067,BAGAZAN,1970,07,26,2.2,-999,-999
104067,BAGAZAN,1970,07,27,0.0,-999,-999
104067,BAGAZAN,1970,07,28,2.0,-999,-999
104067,BAGAZAN,1970,07,29,0.0,-999,-999
104067,BAGAZAN,1970,07,30,19.2,-999,-999
104067,BAGAZAN,1970,07,31,0.0,-999,-999
104067,BAGAZAN,1970,08,01,0.0,-999,-999
104067,BAGAZAN,1970,08,02,0.0,-999,-999
104067,BAGAZAN,1970,08,03,4.5,-999,-999
104067,BAGAZAN,1970,08,04,0.0,-999,-999
104067,BAGAZAN,1970,08,05,0.0,-999,-999
104067,BAGAZAN,1970,08,06,0.0,-999,-999
104067,BAGAZAN,1970,08,07,0.0,-999,-999
104067,BAGAZAN,1970,08,08,0.0,-999,-999
104067,BAGAZAN,1970,08,09,0.0,-999,-999
104067,BAGAZAN,1970,08,10,0.0,-999,-999
104067,BAGAZAN,1970,08,11,0.0,-999,-999
104067,BAGAZAN,1970,08,12,0.0,-999,-999
104067,BAGAZAN,1970,08,13,-888,-999,-999
104067,BAGAZAN,1970,08,14,9.1,-999,-999
104067,BAGAZAN,1970,08,15,0.0,-999,-999
104067,BAGAZAN,1970,08,16,0.0,-999,-999
104067,BAGAZAN,1970,08,17,0.0,-999,-999
104067,BAGAZAN,1970,08,18,0.0,-999,-999
104067,BAGAZAN,1970,08,19,0.0,-999,-999
104067,BAGAZAN,1970,08,20,0.0,-999,-999
104067,BAGAZAN,1970,08,21,0.0,-999,-999
104067,BAGAZAN,1970,08,22,0.0,-999,-999
104067,BAGAZAN,1970,08,23,0.0,-999,-999
104067,BAGAZAN,1970,08,24,-888,-999,-999
104067,BAGAZAN,1970,08,25,-888,-999,-999
104067,BAGAZAN,1970,08,26,0.0,-999,-999
104067,BAGAZAN,1970,08,27,5.0,-999,-999
104067,BAGAZAN,1970,08,28,0.0,-999,-999
104067,BAGAZAN,1970,08,29,0.0,-999,-999
104067,BAGAZAN,1970,08,30,3.0,-999,-999
104067,BAGAZAN,1970,08,31,0.0,-999,-999
104067,BAGAZAN,1970,09,01,13.0,-999,-999
104067,BAGAZAN,1970,09,02,0.0,-999,-999
104067,BAGAZAN,1970,09,03,0.0,-999,-999
104067,BAGAZAN,1970,09,04,0.0,-999,-999
104067,BAGAZAN,1970,09,05,0.0,-999,-999
104067,BAGAZAN,1970,09,06,0.0,-999,-999
104067,BAGAZAN,1970,09,07,0.0,-999,-999
104067,BAGAZAN,1970,09,08,0.0,-999,-999
104067,BAGAZAN,1970,09,09,0.0,-999,-999
104067,BAGAZAN,1970,09,10,0.0,-999,-999
104067,BAGAZAN,1970,09,11,0.0,-999,-999
104067,BAGAZAN,1970,09,12,0.0,-999,-999
104067,BAGAZAN,1970,09,13,0.0,-999,-999
104067,BAGAZAN,1970,09,14,6.0,-999,-999
104067,BAGAZAN,1970,09,15,0.0,-999,-999
104067,BAGAZAN,1970,09,16,0.0,-999,-999
104067,BAGAZAN,1970,09,17,0.0,-999,-999
104067,BAGAZAN,1970,09,18,0.0,-999,-999
104067,BAGAZAN,1970,09,19,2.0,-999,-999
104067,BAGAZAN,1970,09,20,0.0,-999,-999
104067,BAGAZAN,1970,09,21,0.0,-999,-999
104067,BAGAZAN,1970,09,22,0.0,-999,-999
104067,BAGAZAN,1970,09,23,0.0,-999,-999
104067,BAGAZAN,1970,09,24,19.0,-999,-999
104067,BAGAZAN,1970,09,25,0.0,-999,-999
104067,BAGAZAN,1970,09,26,0.0,-999,-999
104067,BAGAZAN,1970,09,27,0.0,-999,-999
104067,BAGAZAN,1970,09,28,23.0,-999,-999
104067,BAGAZAN,1970,09,29,0.0,-999,-999
104067,BAGAZAN,1970,09,30,0.0,-999,-999
104067,BAGAZAN,1970,10,01,0.0,-999,-999
104067,BAGAZAN,1970,10,02,10.0,-999,-999
104067,BAGAZAN,1970,10,03,0.0,-999,-999
104067,BAGAZAN,1970,10,04,0.0,-999,-999
104067,BAGAZAN,1970,10,05,47.2,-999,-999
104067,BAGAZAN,1970,10,06,23.2,-999,-999
104067,BAGAZAN,1970,10,07,15.0,-999,-999
104067,BAGAZAN,1970,10,08,4.5,-999,-999
104067,BAGAZAN,1970,10,09,4.8,-999,-999
104067,BAGAZAN,1970,10,10,0.0,-999,-999
104067,BAGAZAN,1970,10,11,0.0,-999,-999
104067,BAGAZAN,1970,10,12,0.0,-999,-999
104067,BAGAZAN,1970,10,13,0.0,-999,-999
104067,BAGAZAN,1970,10,14,2.6,-999,-999
104067,BAGAZAN,1970,10,15,19.0,-999,-999
104067,BAGAZAN,1970,10,16,0.0,-999,-999
104067,BAGAZAN,1970,10,17,0.0,-999,-999
104067,BAGAZAN,1970,10,18,6.9,-999,-999
104067,BAGAZAN,1970,10,19,12.6,-999,-999
104067,BAGAZAN,1970,10,20,0.0,-999,-999
104067,BAGAZAN,1970,10,21,0.0,-999,-999
104067,BAGAZAN,1970,10,22,0.0,-999,-999
104067,BAGAZAN,1970,10,23,0.0,-999,-999
104067,BAGAZAN,1970,10,24,0.0,-999,-999
104067,BAGAZAN,1970,10,25,0.0,-999,-999
104067,BAGAZAN,1970,10,26,20.5,-999,-999
104067,BAGAZAN,1970,10,27,0.0,-999,-999
104067,BAGAZAN,1970,10,28,0.0,-999,-999
104067,BAGAZAN,1970,10,29,18.6,-999,-999
104067,BAGAZAN,1970,10,30,0.0,-999,-999
104067,BAGAZAN,1970,10,31,0.0,-999,-999
104067,BAGAZAN,1970,11,01,0.0,-999,-999
104067,BAGAZAN,1970,11,02,0.0,-999,-999
104067,BAGAZAN,1970,11,03,0.0,-999,-999
104067,BAGAZAN,1970,11,04,0.0,-999,-999
104067,BAGAZAN,1970,11,05,4.3,-999,-999
104067,BAGAZAN,1970,11,06,0.0,-999,-999
104067,BAGAZAN,1970,11,07,0.0,-999,-999
104067,BAGAZAN,1970,11,08,0.0,-999,-999
104067,BAGAZAN,1970,11,09,0.0,-999,-999
104067,BAGAZAN,1970,11,10,23.0,-999,-999
104067,BAGAZAN,1970,11,11,0.0,-999,-999
104067,BAGAZAN,1970,11,12,0.0,-999,-999
104067,BAGAZAN,1970,11,13,2.0,-999,-999
104067,BAGAZAN,1970,11,14,3.7,-999,-999
104067,BAGAZAN,1970,11,15,0.0,-999,-999
104067,BAGAZAN,1970,11,16,0.0,-999,-999
104067,BAGAZAN,1970,11,17,0.0,-999,-999
104067,BAGAZAN,1970,11,18,46.2,-999,-999
104067,BAGAZAN,1970,11,19,20.0,-999,-999
104067,BAGAZAN,1970,11,20,20.0,-999,-999
104067,BAGAZAN,1970,11,21,0.0,-999,-999
104067,BAGAZAN,1970,11,22,3.6,-999,-999
104067,BAGAZAN,1970,11,23,8.9,-999,-999
104067,BAGAZAN,1970,11,24,0.0,-999,-999
104067,BAGAZAN,1970,11,25,0.0,-999,-999
104067,BAGAZAN,1970,11,26,0.0,-999,-999
104067,BAGAZAN,1970,11,27,0.0,-999,-999
104067,BAGAZAN,1970,11,28,78.0,-999,-999
104067,BAGAZAN,1970,11,29,21.7,-999,-999
104067,BAGAZAN,1970,11,30,0.0,-999,-999
104067,BAGAZAN,1970,12,01,0.0,-999,-999
104067,BAGAZAN,1970,12,02,7.0,-999,-999
104067,BAGAZAN,1970,12,03,6.5,-999,-999
104067,BAGAZAN,1970,12,04,0.0,-999,-999
104067,BAGAZAN,1970,12,05,0.0,-999,-999
104067,BAGAZAN,1970,12,06,0.0,-999,-999
104067,BAGAZAN,1970,12,07,22.3,-999,-999
104067,BAGAZAN,1970,12,08,22.3,-999,-999
104067,BAGAZAN,1970,12,09,0.0,-999,-999
104067,BAGAZAN,1970,12,10,0.0,-999,-999
104067,BAGAZAN,1970,12,11,0.0,-999,-999
104067,BAGAZAN,1970,12,12,0.0,-999,-999
104067,BAGAZAN,1970,12,13,39.0,-999,-999
104067,BAGAZAN,1970,12,14,0.0,-999,-999
104067,BAGAZAN,1970,12,15,2.0,-999,-999
104067,BAGAZAN,1970,12,16,2.0,-999,-999
104067,BAGAZAN,1970,12,17,0.0,-999,-999
104067,BAGAZAN,1970,12,18,4.3,-999,-999
104067,BAGAZAN,1970,12,19,43.0,-999,-999
104067,BAGAZAN,1970,12,20,0.0,-999,-999
104067,BAGAZAN,1970,12,21,0.0,-999,-999
104067,BAGAZAN,1970,12,22,0.0,-999,-999
104067,BAGAZAN,1970,12,23,0.0,-999,-999
104067,BAGAZAN,1970,12,24,11.9,-999,-999
104067,BAGAZAN,1970,12,25,0.0,-999,-999
104067,BAGAZAN,1970,12,26,37.1,-999,-999
104067,BAGAZAN,1970,12,27,4.7,-999,-999
104067,BAGAZAN,1970,12,28,8.5,-999,-999
104067,BAGAZAN,1970,12,29,0.0,-999,-999
104067,BAGAZAN,1970,12,30,34.8,-999,-999
104067,BAGAZAN,1970,12,31,4.6,-999,-999
104067,BAGAZAN,1971,01,01,0.0,-999,-999
104067,BAGAZAN,1971,01,02,20.7,-999,-999
104067,BAGAZAN,1971,01,03,0.0,-999,-999
104067,BAGAZAN,1971,01,04,0.0,-999,-999
104067,BAGAZAN,1971,01,05,0.0,-999,-999
104067,BAGAZAN,1971,01,06,0.0,-999,-999
104067,BAGAZAN,1971,01,07,7.3,-999,-999
104067,BAGAZAN,1971,01,08,0.0,-999,-999
104067,BAGAZAN,1971,01,09,0.0,-999,-999
104067,BAGAZAN,1971,01,10,5.0,-999,-999
104067,BAGAZAN,1971,01,11,0.0,-999,-999
104067,BAGAZAN,1971,01,12,37.0,-999,-999
104067,BAGAZAN,1971,01,13,4.0,-999,-999
104067,BAGAZAN,1971,01,14,6.5,-999,-999
104067,BAGAZAN,1971,01,15,4.5,-999,-999
104067,BAGAZAN,1971,01,16,0.0,-999,-999
104067,BAGAZAN,1971,01,17,2.0,-999,-999
104067,BAGAZAN,1971,01,18,3.5,-999,-999
104067,BAGAZAN,1971,01,19,0.0,-999,-999
104067,BAGAZAN,1971,01,20,0.0,-999,-999
104067,BAGAZAN,1971,01,21,3.0,-999,-999
104067,BAGAZAN,1971,01,22,6.0,-999,-999
104067,BAGAZAN,1971,01,23,2.0,-999,-999
104067,BAGAZAN,1971,01,24,0.0,-999,-999
104067,BAGAZAN,1971,01,25,11.3,-999,-999
104067,BAGAZAN,1971,01,26,0.0,-999,-999
104067,BAGAZAN,1971,01,27,0.0,-999,-999
104067,BAGAZAN,1971,01,28,0.0,-999,-999
104067,BAGAZAN,1971,01,29,14.4,-999,-999
104067,BAGAZAN,1971,01,30,0.0,-999,-999
104067,BAGAZAN,1971,01,31,11.9,-999,-999
104067,BAGAZAN,1971,02,01,0.0,-999,-999
104067,BAGAZAN,1971,02,02,3.2,-999,-999
104067,BAGAZAN,1971,02,03,0.0,-999,-999
104067,BAGAZAN,1971,02,04,0.0,-999,-999
104067,BAGAZAN,1971,02,05,3.9,-999,-999
104067,BAGAZAN,1971,02,06,56.0,-999,-999
104067,BAGAZAN,1971,02,07,0.0,-999,-999
104067,BAGAZAN,1971,02,08,0.0,-999,-999
104067,BAGAZAN,1971,02,09,0.0,-999,-999
104067,BAGAZAN,1971,02,10,0.0,-999,-999
104067,BAGAZAN,1971,02,11,-888,-999,-999
104067,BAGAZAN,1971,02,12,0.0,-999,-999
104067,BAGAZAN,1971,02,13,0.0,-999,-999
104067,BAGAZAN,1971,02,14,2.0,-999,-999
104067,BAGAZAN,1971,02,15,6.0,-999,-999
104067,BAGAZAN,1971,02,16,0.0,-999,-999
104067,BAGAZAN,1971,02,17,0.0,-999,-999
104067,BAGAZAN,1971,02,18,-888,-999,-999
104067,BAGAZAN,1971,02,19,5.0,-999,-999
104067,BAGAZAN,1971,02,20,24.0,-999,-999
104067,BAGAZAN,1971,02,21,9.0,-999,-999
104067,BAGAZAN,1971,02,22,1.0,-999,-999
104067,BAGAZAN,1971,02,23,0.0,-999,-999
104067,BAGAZAN,1971,02,24,3.3,-999,-999
104067,BAGAZAN,1971,02,25,25.2,-999,-999
104067,BAGAZAN,1971,02,26,20.0,-999,-999
104067,BAGAZAN,1971,02,27,32.2,-999,-999
104067,BAGAZAN,1971,02,28,4.0,-999,-999
104067,BAGAZAN,1971,03,01,0.0,-999,-999
104067,BAGAZAN,1971,03,02,14.0,-999,-999
104067,BAGAZAN,1971,03,03,10.0,-999,-999
104067,BAGAZAN,1971,03,04,0.0,-999,-999
104067,BAGAZAN,1971,03,05,0.0,-999,-999
104067,BAGAZAN,1971,03,06,0.0,-999,-999
104067,BAGAZAN,1971,03,07,12.5,-999,-999
104067,BAGAZAN,1971,03,08,0.0,-999,-999
104067,BAGAZAN,1971,03,09,32.0,-999,-999
104067,BAGAZAN,1971,03,10,0.0,-999,-999
104067,BAGAZAN,1971,03,11,37.0,-999,-999
104067,BAGAZAN,1971,03,12,60.5,-999,-999
104067,BAGAZAN,1971,03,13,6.8,-999,-999
104067,BAGAZAN,1971,03,14,0.0,-999,-999
104067,BAGAZAN,1971,03,15,60.7,-999,-999
104067,BAGAZAN,1971,03,16,0.0,-999,-999
104067,BAGAZAN,1971,03,17,11.5,-999,-999
104067,BAGAZAN,1971,03,18,0.0,-999,-999
104067,BAGAZAN,1971,03,19,0.0,-999,-999
104067,BAGAZAN,1971,03,20,0.0,-999,-999
104067,BAGAZAN,1971,03,21,0.0,-999,-999
104067,BAGAZAN,1971,03,22,0.0,-999,-999
104067,BAGAZAN,1971,03,23,0.0,-999,-999
104067,BAGAZAN,1971,03,24,4.0,-999,-999
104067,BAGAZAN,1971,03,25,25.8,-999,-999
104067,BAGAZAN,1971,03,26,0.0,-999,-999
104067,BAGAZAN,1971,03,27,0.0,-999,-999
104067,BAGAZAN,1971,03,28,29.0,-999,-999
104067,BAGAZAN,1971,03,29,10.0,-999,-999
104067,BAGAZAN,1971,03,30,0.0,-999,-999
104067,BAGAZAN,1971,03,31,34.0,-999,-999
104067,BAGAZAN,1971,04,01,34.5,-999,-999
104067,BAGAZAN,1971,04,02,10.5,-999,-999
104067,BAGAZAN,1971,04,03,0.0,-999,-999
104067,BAGAZAN,1971,04,04,30.0,-999,-999
104067,BAGAZAN,1971,04,05,-888,-999,-999
104067,BAGAZAN,1971,04,06,0.0,-999,-999
104067,BAGAZAN,1971,04,07,0.0,-999,-999
104067,BAGAZAN,1971,04,08,0.0,-999,-999
104067,BAGAZAN,1971,04,09,-888,-999,-999
104067,BAGAZAN,1971,04,10,0.0,-999,-999
104067,BAGAZAN,1971,04,11,0.0,-999,-999
104067,BAGAZAN,1971,04,12,0.0,-999,-999
104067,BAGAZAN,1971,04,13,9.7,-999,-999
104067,BAGAZAN,1971,04,14,0.0,-999,-999
104067,BAGAZAN,1971,04,15,0.0,-999,-999
104067,BAGAZAN,1971,04,16,7.0,-999,-999
104067,BAGAZAN,1971,04,17,0.0,-999,-999
104067,BAGAZAN,1971,04,18,7.5,-999,-999
104067,BAGAZAN,1971,04,19,0.0,-999,-999
104067,BAGAZAN,1971,04,20,0.0,-999,-999
104067,BAGAZAN,1971,04,21,16.0,-999,-999
104067,BAGAZAN,1971,04,22,37.5,-999,-999
104067,BAGAZAN,1971,04,23,68.2,-999,-999
104067,BAGAZAN,1971,04,24,7.0,-999,-999
104067,BAGAZAN,1971,04,25,0.0,-999,-999
104067,BAGAZAN,1971,04,26,0.0,-999,-999
104067,BAGAZAN,1971,04,27,0.0,-999,-999
104067,BAGAZAN,1971,04,28,0.0,-999,-999
104067,BAGAZAN,1971,04,29,0.0,-999,-999
104067,BAGAZAN,1971,04,30,10.0,-999,-999
104067,BAGAZAN,1971,05,01,0.0,-999,-999
104067,BAGAZAN,1971,05,02,15.0,-999,-999
104067,BAGAZAN,1971,05,03,4.5,-999,-999
104067,BAGAZAN,1971,05,04,0.0,-999,-999
104067,BAGAZAN,1971,05,05,25.0,-999,-999
104067,BAGAZAN,1971,05,06,0.0,-999,-999
104067,BAGAZAN,1971,05,07,2.0,-999,-999
104067,BAGAZAN,1971,05,08,0.0,-999,-999
104067,BAGAZAN,1971,05,09,0.0,-999,-999
104067,BAGAZAN,1971,05,10,0.0,-999,-999
104067,BAGAZAN,1971,05,11,0.0,-999,-999
104067,BAGAZAN,1971,05,12,0.0,-999,-999
104067,BAGAZAN,1971,05,13,3.0,-999,-999
104067,BAGAZAN,1971,05,14,0.0,-999,-999
104067,BAGAZAN,1971,05,15,13.0,-999,-999
104067,BAGAZAN,1971,05,16,-888,-999,-999
104067,BAGAZAN,1971,05,17,-888,-999,-999
104067,BAGAZAN,1971,05,18,0.0,-999,-999
104067,BAGAZAN,1971,05,19,11.0,-999,-999
104067,BAGAZAN,1971,05,20,6.4,-999,-999
104067,BAGAZAN,1971,05,21,0.0,-999,-999
104067,BAGAZAN,1971,05,22,90.0,-999,-999
104067,BAGAZAN,1971,05,23,0.0,-999,-999
104067,BAGAZAN,1971,05,24,0.0,-999,-999
104067,BAGAZAN,1971,05,25,2.3,-999,-999
104067,BAGAZAN,1971,05,26,3.8,-999,-999
104067,BAGAZAN,1971,05,27,0.0,-999,-999
104067,BAGAZAN,1971,05,28,0.0,-999,-999
104067,BAGAZAN,1971,05,29,0.0,-999,-999
104067,BAGAZAN,1971,05,30,-888,-999,-999
104067,BAGAZAN,1971,05,31,0.0,-999,-999
104067,BAGAZAN,1971,06,01,0.0,-999,-999
104067,BAGAZAN,1971,06,02,33.5,-999,-999
104067,BAGAZAN,1971,06,03,10.5,-999,-999
104067,BAGAZAN,1971,06,04,15.0,-999,-999
104067,BAGAZAN,1971,06,05,0.0,-999,-999
104067,BAGAZAN,1971,06,06,0.0,-999,-999
104067,BAGAZAN,1971,06,07,2.5,-999,-999
104067,BAGAZAN,1971,06,08,0.0,-999,-999
104067,BAGAZAN,1971,06,09,22.1,-999,-999
104067,BAGAZAN,1971,06,10,3.7,-999,-999
104067,BAGAZAN,1971,06,11,30.4,-999,-999
104067,BAGAZAN,1971,06,12,0.5,-999,-999
104067,BAGAZAN,1971,06,13,0.0,-999,-999
104067,BAGAZAN,1971,06,14,0.0,-999,-999
104067,BAGAZAN,1971,06,15,0.0,-999,-999
104067,BAGAZAN,1971,06,16,7.2,-999,-999
104067,BAGAZAN,1971,06,17,0.0,-999,-999
104067,BAGAZAN,1971,06,18,0.0,-999,-999
104067,BAGAZAN,1971,06,19,0.0,-999,-999
104067,BAGAZAN,1971,06,20,9.0,-999,-999
104067,BAGAZAN,1971,06,21,0.0,-999,-999
104067,BAGAZAN,1971,06,22,17.0,-999,-999
104067,BAGAZAN,1971,06,23,20.0,-999,-999
104067,BAGAZAN,1971,06,24,-888,-999,-999
104067,BAGAZAN,1971,06,25,37.5,-999,-999
104067,BAGAZAN,1971,06,26,23.0,-999,-999
104067,BAGAZAN,1971,06,27,0.0,-999,-999
104067,BAGAZAN,1971,06,28,0.0,-999,-999
104067,BAGAZAN,1971,06,29,0.0,-999,-999
104067,BAGAZAN,1971,06,30,0.0,-999,-999
104067,BAGAZAN,1971,07,01,0.0,-999,-999
104067,BAGAZAN,1971,07,02,18.5,-999,-999
104067,BAGAZAN,1971,07,03,0.0,-999,-999
104067,BAGAZAN,1971,07,04,0.0,-999,-999
104067,BAGAZAN,1971,07,05,26.1,-999,-999
104067,BAGAZAN,1971,07,06,8.9,-999,-999
104067,BAGAZAN,1971,07,07,-888,-999,-999
104067,BAGAZAN,1971,07,08,0.0,-999,-999
104067,BAGAZAN,1971,07,09,-888,-999,-999
104067,BAGAZAN,1971,07,10,8.9,-999,-999
104067,BAGAZAN,1971,07,11,5.3,-999,-999
104067,BAGAZAN,1971,07,12,0.0,-999,-999
104067,BAGAZAN,1971,07,13,0.0,-999,-999
104067,BAGAZAN,1971,07,14,0.0,-999,-999
104067,BAGAZAN,1971,07,15,0.0,-999,-999
104067,BAGAZAN,1971,07,16,0.0,-999,-999
104067,BAGAZAN,1971,07,17,0.0,-999,-999
104067,BAGAZAN,1971,07,18,0.0,-999,-999
104067,BAGAZAN,1971,07,19,14.0,-999,-999
104067,BAGAZAN,1971,07,20,3.7,-999,-999
104067,BAGAZAN,1971,07,21,0.0,-999,-999
104067,BAGAZAN,1971,07,22,0.0,-999,-999
104067,BAGAZAN,1971,07,23,0.0,-999,-999
104067,BAGAZAN,1971,07,24,0.0,-999,-999
104067,BAGAZAN,1971,07,25,0.0,-999,-999
104067,BAGAZAN,1971,07,26,4.0,-999,-999
104067,BAGAZAN,1971,07,27,4.7,-999,-999
104067,BAGAZAN,1971,07,28,17.0,-999,-999
104067,BAGAZAN,1971,07,29,0.0,-999,-999
104067,BAGAZAN,1971,07,30,0.0,-999,-999
104067,BAGAZAN,1971,07,31,0.5,-999,-999
104067,BAGAZAN,1971,08,01,18.7,-999,-999
104067,BAGAZAN,1971,08,02,0.0,-999,-999
104067,BAGAZAN,1971,08,03,3.7,-999,-999
104067,BAGAZAN,1971,08,04,7.8,-999,-999
104067,BAGAZAN,1971,08,05,0.5,-999,-999
104067,BAGAZAN,1971,08,06,0.0,-999,-999
104067,BAGAZAN,1971,08,07,1.2,-999,-999
104067,BAGAZAN,1971,08,08,0.0,-999,-999
104067,BAGAZAN,1971,08,09,28.0,-999,-999
104067,BAGAZAN,1971,08,10,1.4,-999,-999
104067,BAGAZAN,1971,08,11,0.0,-999,-999
104067,BAGAZAN,1971,08,12,0.0,-999,-999
104067,BAGAZAN,1971,08,13,10.5,-999,-999
104067,BAGAZAN,1971,08,14,5.2,-999,-999
104067,BAGAZAN,1971,08,15,0.0,-999,-999
104067,BAGAZAN,1971,08,16,0.0,-999,-999
104067,BAGAZAN,1971,08,17,0.0,-999,-999
104067,BAGAZAN,1971,08,18,13.0,-999,-999
104067,BAGAZAN,1971,08,19,0.0,-999,-999
104067,BAGAZAN,1971,08,20,0.0,-999,-999
104067,BAGAZAN,1971,08,21,0.0,-999,-999
104067,BAGAZAN,1971,08,22,10.0,-999,-999
104067,BAGAZAN,1971,08,23,1.3,-999,-999
104067,BAGAZAN,1971,08,24,17.0,-999,-999
104067,BAGAZAN,1971,08,25,0.5,-999,-999
104067,BAGAZAN,1971,08,26,0.0,-999,-999
104067,BAGAZAN,1971,08,27,0.0,-999,-999
104067,BAGAZAN,1971,08,28,0.0,-999,-999
104067,BAGAZAN,1971,08,29,7.8,-999,-999
104067,BAGAZAN,1971,08,30,25.5,-999,-999
104067,BAGAZAN,1971,08,31,0.0,-999,-999
104067,BAGAZAN,1971,09,01,14.6,-999,-999
104067,BAGAZAN,1971,09,02,0.0,-999,-999
104067,BAGAZAN,1971,09,03,3.1,-999,-999
104067,BAGAZAN,1971,09,04,0.0,-999,-999
104067,BAGAZAN,1971,09,05,0.0,-999,-999
104067,BAGAZAN,1971,09,06,21.0,-999,-999
104067,BAGAZAN,1971,09,07,4.0,-999,-999
104067,BAGAZAN,1971,09,08,0.0,-999,-999
104067,BAGAZAN,1971,09,09,0.0,-999,-999
104067,BAGAZAN,1971,09,10,4.0,-999,-999
104067,BAGAZAN,1971,09,11,0.0,-999,-999
104067,BAGAZAN,1971,09,12,0.0,-999,-999
104067,BAGAZAN,1971,09,13,0.0,-999,-999
104067,BAGAZAN,1971,09,14,9.1,-999,-999
104067,BAGAZAN,1971,09,15,0.0,-999,-999
104067,BAGAZAN,1971,09,16,30.2,-999,-999
104067,BAGAZAN,1971,09,17,0.0,-999,-999
104067,BAGAZAN,1971,09,18,0.0,-999,-999
104067,BAGAZAN,1971,09,19,0.0,-999,-999
104067,BAGAZAN,1971,09,20,22.0,-999,-999
104067,BAGAZAN,1971,09,21,0.0,-999,-999
104067,BAGAZAN,1971,09,22,0.0,-999,-999
104067,BAGAZAN,1971,09,23,1.2,-999,-999
104067,BAGAZAN,1971,09,24,23.0,-999,-999
104067,BAGAZAN,1971,09,25,14.2,-999,-999
104067,BAGAZAN,1971,09,26,0.0,-999,-999
104067,BAGAZAN,1971,09,27,0.0,-999,-999
104067,BAGAZAN,1971,09,28,20.9,-999,-999
104067,BAGAZAN,1971,09,29,1.5,-999,-999
104067,BAGAZAN,1971,09,30,0.0,-999,-999
104067,BAGAZAN,1971,10,01,0.0,-999,-999
104067,BAGAZAN,1971,10,02,10.5,-999,-999
104067,BAGAZAN,1971,10,03,14.0,-999,-999
104067,BAGAZAN,1971,10,04,-888,-999,-999
104067,BAGAZAN,1971,10,05,7.1,-999,-999
104067,BAGAZAN,1971,10,06,0.0,-999,-999
104067,BAGAZAN,1971,10,07,0.0,-999,-999
104067,BAGAZAN,1971,10,08,0.0,-999,-999
104067,BAGAZAN,1971,10,09,0.0,-999,-999
104067,BAGAZAN,1971,10,10,0.0,-999,-999
104067,BAGAZAN,1971,10,11,50.4,-999,-999
104067,BAGAZAN,1971,10,12,46.6,-999,-999
104067,BAGAZAN,1971,10,13,20.5,-999,-999
104067,BAGAZAN,1971,10,14,3.5,-999,-999
104067,BAGAZAN,1971,10,15,0.0,-999,-999
104067,BAGAZAN,1971,10,16,19.3,-999,-999
104067,BAGAZAN,1971,10,17,3.5,-999,-999
104067,BAGAZAN,1971,10,18,5.3,-999,-999
104067,BAGAZAN,1971,10,19,0.0,-999,-999
104067,BAGAZAN,1971,10,20,0.0,-999,-999
104067,BAGAZAN,1971,10,21,0.0,-999,-999
104067,BAGAZAN,1971,10,22,0.0,-999,-999
104067,BAGAZAN,1971,10,23,0.0,-999,-999
104067,BAGAZAN,1971,10,24,2.1,-999,-999
104067,BAGAZAN,1971,10,25,4.5,-999,-999
104067,BAGAZAN,1971,10,26,0.0,-999,-999
104067,BAGAZAN,1971,10,27,7.8,-999,-999
104067,BAGAZAN,1971,10,28,0.0,-999,-999
104067,BAGAZAN,1971,10,29,0.0,-999,-999
104067,BAGAZAN,1971,10,30,0.0,-999,-999
104067,BAGAZAN,1971,10,31,0.0,-999,-999
104067,BAGAZAN,1971,11,01,0.0,-999,-999
104067,BAGAZAN,1971,11,02,0.0,-999,-999
104067,BAGAZAN,1971,11,03,0.0,-999,-999
104067,BAGAZAN,1971,11,04,27.2,-999,-999
104067,BAGAZAN,1971,11,05,0.7,-999,-999
104067,BAGAZAN,1971,11,06,32.2,-999,-999
104067,BAGAZAN,1971,11,07,34.0,-999,-999
104067,BAGAZAN,1971,11,08,0.0,-999,-999
104067,BAGAZAN,1971,11,09,0.0,-999,-999
104067,BAGAZAN,1971,11,10,0.0,-999,-999
104067,BAGAZAN,1971,11,11,0.0,-999,-999
104067,BAGAZAN,1971,11,12,30.3,-999,-999
104067,BAGAZAN,1971,11,13,23.0,-999,-999
104067,BAGAZAN,1971,11,14,0.0,-999,-999
104067,BAGAZAN,1971,11,15,0.0,-999,-999
104067,BAGAZAN,1971,11,16,0.0,-999,-999
104067,BAGAZAN,1971,11,17,3.0,-999,-999
104067,BAGAZAN,1971,11,18,0.0,-999,-999
104067,BAGAZAN,1971,11,19,0.0,-999,-999
104067,BAGAZAN,1971,11,20,24.0,-999,-999
104067,BAGAZAN,1971,11,21,0.0,-999,-999
104067,BAGAZAN,1971,11,22,0.0,-999,-999
104067,BAGAZAN,1971,11,23,0.0,-999,-999
104067,BAGAZAN,1971,11,24,15.0,-999,-999
104067,BAGAZAN,1971,11,25,0.0,-999,-999
104067,BAGAZAN,1971,11,26,30.2,-999,-999
104067,BAGAZAN,1971,11,27,35.1,-999,-999
104067,BAGAZAN,1971,11,28,0.0,-999,-999
104067,BAGAZAN,1971,11,29,12.0,-999,-999
104067,BAGAZAN,1971,11,30,0.0,-999,-999
104067,BAGAZAN,1971,12,01,6.5,-999,-999
104067,BAGAZAN,1971,12,02,0.0,-999,-999
104067,BAGAZAN,1971,12,03,20.5,-999,-999
104067,BAGAZAN,1971,12,04,16.3,-999,-999
104067,BAGAZAN,1971,12,05,20.3,-999,-999
104067,BAGAZAN,1971,12,06,0.0,-999,-999
104067,BAGAZAN,1971,12,07,0.9,-999,-999
104067,BAGAZAN,1971,12,08,0.0,-999,-999
104067,BAGAZAN,1971,12,09,-888,-999,-999
104067,BAGAZAN,1971,12,10,0.0,-999,-999
104067,BAGAZAN,1971,12,11,38.7,-999,-999
104067,BAGAZAN,1971,12,12,90.2,-999,-999
104067,BAGAZAN,1971,12,13,0.0,-999,-999
104067,BAGAZAN,1971,12,14,0.0,-999,-999
104067,BAGAZAN,1971,12,15,0.0,-999,-999
104067,BAGAZAN,1971,12,16,0.0,-999,-999
104067,BAGAZAN,1971,12,17,20.5,-999,-999
104067,BAGAZAN,1971,12,18,30.7,-999,-999
104067,BAGAZAN,1971,12,19,36.2,-999,-999
104067,BAGAZAN,1971,12,20,0.0,-999,-999
104067,BAGAZAN,1971,12,21,0.0,-999,-999
104067,BAGAZAN,1971,12,22,0.0,-999,-999
104067,BAGAZAN,1971,12,23,0.0,-999,-999
104067,BAGAZAN,1971,12,24,60.7,-999,-999
104067,BAGAZAN,1971,12,25,20.2,-999,-999
104067,BAGAZAN,1971,12,26,0.0,-999,-999
104067,BAGAZAN,1971,12,27,0.0,-999,-999
104067,BAGAZAN,1971,12,28,0.0,-999,-999
104067,BAGAZAN,1971,12,29,50.5,-999,-999
104067,BAGAZAN,1971,12,30,10.0,-999,-999
104067,BAGAZAN,1971,12,31,17.0,-999,-999
104067,BAGAZAN,1972,01,01,40.5,-999,-999
104067,BAGAZAN,1972,01,02,8.0,-999,-999
104067,BAGAZAN,1972,01,03,7.0,-999,-999
104067,BAGAZAN,1972,01,04,7.2,-999,-999
104067,BAGAZAN,1972,01,05,0.0,-999,-999
104067,BAGAZAN,1972,01,06,1.0,-999,-999
104067,BAGAZAN,1972,01,07,9.0,-999,-999
104067,BAGAZAN,1972,01,08,43.0,-999,-999
104067,BAGAZAN,1972,01,09,10.0,-999,-999
104067,BAGAZAN,1972,01,10,13.6,-999,-999
104067,BAGAZAN,1972,01,11,21.0,-999,-999
104067,BAGAZAN,1972,01,12,70.2,-999,-999
104067,BAGAZAN,1972,01,13,18.7,-999,-999
104067,BAGAZAN,1972,01,14,-888,-999,-999
104067,BAGAZAN,1972,01,15,0.0,-999,-999
104067,BAGAZAN,1972,01,16,0.0,-999,-999
104067,BAGAZAN,1972,01,17,36.7,-999,-999
104067,BAGAZAN,1972,01,18,31.9,-999,-999
104067,BAGAZAN,1972,01,19,0.0,-999,-999
104067,BAGAZAN,1972,01,20,6.5,-999,-999
104067,BAGAZAN,1972,01,21,0.0,-999,-999
104067,BAGAZAN,1972,01,22,0.0,-999,-999
104067,BAGAZAN,1972,01,23,10.6,-999,-999
104067,BAGAZAN,1972,01,24,38.2,-999,-999
104067,BAGAZAN,1972,01,25,9.2,-999,-999
104067,BAGAZAN,1972,01,26,0.0,-999,-999
104067,BAGAZAN,1972,01,27,-888,-999,-999
104067,BAGAZAN,1972,01,28,0.0,-999,-999
104067,BAGAZAN,1972,01,29,50.5,-999,-999
104067,BAGAZAN,1972,01,30,8.9,-999,-999
104067,BAGAZAN,1972,01,31,0.0,-999,-999
104067,BAGAZAN,1972,02,01,37.5,-999,-999
104067,BAGAZAN,1972,02,02,9.0,-999,-999
104067,BAGAZAN,1972,02,03,6.0,-999,-999
104067,BAGAZAN,1972,02,04,9.0,-999,-999
104067,BAGAZAN,1972,02,05,0.0,-999,-999
104067,BAGAZAN,1972,02,06,8.1,-999,-999
104067,BAGAZAN,1972,02,07,10.0,-999,-999
104067,BAGAZAN,1972,02,08,22.0,-999,-999
104067,BAGAZAN,1972,02,09,7.3,-999,-999
104067,BAGAZAN,1972,02,10,-888,-999,-999
104067,BAGAZAN,1972,02,11,19.1,-999,-999
104067,BAGAZAN,1972,02,12,51.2,-999,-999
104067,BAGAZAN,1972,02,13,20.3,-999,-999
104067,BAGAZAN,1972,02,14,22.7,-999,-999
104067,BAGAZAN,1972,02,15,8.9,-999,-999
104067,BAGAZAN,1972,02,16,5.2,-999,-999
104067,BAGAZAN,1972,02,17,9.8,-999,-999
104067,BAGAZAN,1972,02,18,0.0,-999,-999
104067,BAGAZAN,1972,02,19,0.0,-999,-999
104067,BAGAZAN,1972,02,20,0.0,-999,-999
104067,BAGAZAN,1972,02,21,0.0,-999,-999
104067,BAGAZAN,1972,02,22,3.0,-999,-999
104067,BAGAZAN,1972,02,23,0.0,-999,-999
104067,BAGAZAN,1972,02,24,0.0,-999,-999
104067,BAGAZAN,1972,02,25,18.0,-999,-999
104067,BAGAZAN,1972,02,26,58.0,-999,-999
104067,BAGAZAN,1972,02,27,6.9,-999,-999
104067,BAGAZAN,1972,02,28,0.0,-999,-999
104067,BAGAZAN,1972,02,29,8.0,-999,-999
104067,BAGAZAN,1972,03,01,2.0,-999,-999
104067,BAGAZAN,1972,03,02,1.2,-999,-999
104067,BAGAZAN,1972,03,03,0.0,-999,-999
104067,BAGAZAN,1972,03,04,6.0,-999,-999
104067,BAGAZAN,1972,03,05,0.0,-999,-999
104067,BAGAZAN,1972,03,06,0.0,-999,-999
104067,BAGAZAN,1972,03,07,92.0,-999,-999
104067,BAGAZAN,1972,03,08,0.0,-999,-999
104067,BAGAZAN,1972,03,09,0.0,-999,-999
104067,BAGAZAN,1972,03,10,0.0,-999,-999
104067,BAGAZAN,1972,03,11,98.0,-999,-999
104067,BAGAZAN,1972,03,12,0.0,-999,-999
104067,BAGAZAN,1972,03,13,2.6,-999,-999
104067,BAGAZAN,1972,03,14,8.8,-999,-999
104067,BAGAZAN,1972,03,15,0.0,-999,-999
104067,BAGAZAN,1972,03,16,0.0,-999,-999
104067,BAGAZAN,1972,03,17,0.0,-999,-999
104067,BAGAZAN,1972,03,18,54.6,-999,-999
104067,BAGAZAN,1972,03,19,0.0,-999,-999
104067,BAGAZAN,1972,03,20,0.0,-999,-999
104067,BAGAZAN,1972,03,21,0.0,-999,-999
104067,BAGAZAN,1972,03,22,26.0,-999,-999
104067,BAGAZAN,1972,03,23,4.2,-999,-999
104067,BAGAZAN,1972,03,24,15.4,-999,-999
104067,BAGAZAN,1972,03,25,43.2,-999,-999
104067,BAGAZAN,1972,03,26,76.0,-999,-999
104067,BAGAZAN,1972,03,27,52.2,-999,-999
104067,BAGAZAN,1972,03,28,18.5,-999,-999
104067,BAGAZAN,1972,03,29,3.1,-999,-999
104067,BAGAZAN,1972,03,30,5.0,-999,-999
104067,BAGAZAN,1972,03,31,20.3,-999,-999
104067,BAGAZAN,1972,04,01,14.2,-999,-999
104067,BAGAZAN,1972,04,02,20.3,-999,-999
104067,BAGAZAN,1972,04,03,0.0,-999,-999
104067,BAGAZAN,1972,04,04,26.9,-999,-999
104067,BAGAZAN,1972,04,05,4.5,-999,-999
104067,BAGAZAN,1972,04,06,5.0,-999,-999
104067,BAGAZAN,1972,04,07,16.7,-999,-999
104067,BAGAZAN,1972,04,08,107.7,-999,-999
104067,BAGAZAN,1972,04,09,22.1,-999,-999
104067,BAGAZAN,1972,04,10,30.7,-999,-999
104067,BAGAZAN,1972,04,11,0.0,-999,-999
104067,BAGAZAN,1972,04,12,33.0,-999,-999
104067,BAGAZAN,1972,04,13,2.0,-999,-999
104067,BAGAZAN,1972,04,14,2.2,-999,-999
104067,BAGAZAN,1972,04,15,0.0,-999,-999
104067,BAGAZAN,1972,04,16,15.2,-999,-999
104067,BAGAZAN,1972,04,17,1.0,-999,-999
104067,BAGAZAN,1972,04,18,0.0,-999,-999
104067,BAGAZAN,1972,04,19,0.0,-999,-999
104067,BAGAZAN,1972,04,20,0.0,-999,-999
104067,BAGAZAN,1972,04,21,14.1,-999,-999
104067,BAGAZAN,1972,04,22,18.0,-999,-999
104067,BAGAZAN,1972,04,23,0.0,-999,-999
104067,BAGAZAN,1972,04,24,0.0,-999,-999
104067,BAGAZAN,1972,04,25,5.0,-999,-999
104067,BAGAZAN,1972,04,26,0.0,-999,-999
104067,BAGAZAN,1972,04,27,14.0,-999,-999
104067,BAGAZAN,1972,04,28,9.8,-999,-999
104067,BAGAZAN,1972,04,29,0.0,-999,-999
104067,BAGAZAN,1972,04,30,14.0,-999,-999
104067,BAGAZAN,1972,05,01,0.0,-999,-999
104067,BAGAZAN,1972,05,02,15.0,-999,-999
104067,BAGAZAN,1972,05,03,9.0,-999,-999
104067,BAGAZAN,1972,05,04,12.0,-999,-999
104067,BAGAZAN,1972,05,05,0.0,-999,-999
104067,BAGAZAN,1972,05,06,0.0,-999,-999
104067,BAGAZAN,1972,05,07,82.3,-999,-999
104067,BAGAZAN,1972,05,08,0.0,-999,-999
104067,BAGAZAN,1972,05,09,33.2,-999,-999
104067,BAGAZAN,1972,05,10,0.0,-999,-999
104067,BAGAZAN,1972,05,11,16.7,-999,-999
104067,BAGAZAN,1972,05,12,0.0,-999,-999
104067,BAGAZAN,1972,05,13,21.0,-999,-999
104067,BAGAZAN,1972,05,14,0.0,-999,-999
104067,BAGAZAN,1972,05,15,0.0,-999,-999
104067,BAGAZAN,1972,05,16,0.0,-999,-999
104067,BAGAZAN,1972,05,17,0.0,-999,-999
104067,BAGAZAN,1972,05,18,40.0,-999,-999
104067,BAGAZAN,1972,05,19,0.0,-999,-999
104067,BAGAZAN,1972,05,20,30.0,-999,-999
104067,BAGAZAN,1972,05,21,22.0,-999,-999
104067,BAGAZAN,1972,05,22,0.0,-999,-999
104067,BAGAZAN,1972,05,23,0.0,-999,-999
104067,BAGAZAN,1972,05,24,0.0,-999,-999
104067,BAGAZAN,1972,05,25,0.0,-999,-999
104067,BAGAZAN,1972,05,26,0.0,-999,-999
104067,BAGAZAN,1972,05,27,0.0,-999,-999
104067,BAGAZAN,1972,05,28,0.0,-999,-999
104067,BAGAZAN,1972,05,29,2.0,-999,-999
104067,BAGAZAN,1972,05,30,0.0,-999,-999
104067,BAGAZAN,1972,05,31,18.5,-999,-999
104067,BAGAZAN,1972,06,01,0.0,-999,-999
104067,BAGAZAN,1972,06,02,0.0,-999,-999
104067,BAGAZAN,1972,06,03,30.0,-999,-999
104067,BAGAZAN,1972,06,04,0.0,-999,-999
104067,BAGAZAN,1972,06,05,0.0,-999,-999
104067,BAGAZAN,1972,06,06,0.0,-999,-999
104067,BAGAZAN,1972,06,07,0.0,-999,-999
104067,BAGAZAN,1972,06,08,41.0,-999,-999
104067,BAGAZAN,1972,06,09,0.0,-999,-999
104067,BAGAZAN,1972,06,10,0.0,-999,-999
104067,BAGAZAN,1972,06,11,1.5,-999,-999
104067,BAGAZAN,1972,06,12,0.0,-999,-999
104067,BAGAZAN,1972,06,13,30.0,-999,-999
104067,BAGAZAN,1972,06,14,0.0,-999,-999
104067,BAGAZAN,1972,06,15,0.0,-999,-999
104067,BAGAZAN,1972,06,16,0.0,-999,-999
104067,BAGAZAN,1972,06,17,53.9,-999,-999
104067,BAGAZAN,1972,06,18,4.6,-999,-999
104067,BAGAZAN,1972,06,19,0.0,-999,-999
104067,BAGAZAN,1972,06,20,0.0,-999,-999
104067,BAGAZAN,1972,06,21,5.5,-999,-999
104067,BAGAZAN,1972,06,22,0.0,-999,-999
104067,BAGAZAN,1972,06,23,5.2,-999,-999
104067,BAGAZAN,1972,06,24,74.5,-999,-999
104067,BAGAZAN,1972,06,25,1.0,-999,-999
104067,BAGAZAN,1972,06,26,0.0,-999,-999
104067,BAGAZAN,1972,06,27,0.0,-999,-999
104067,BAGAZAN,1972,06,28,2.5,-999,-999
104067,BAGAZAN,1972,06,29,0.0,-999,-999
104067,BAGAZAN,1972,06,30,29.1,-999,-999
104067,BAGAZAN,1972,07,01,4.0,-999,-999
104067,BAGAZAN,1972,07,02,0.0,-999,-999
104067,BAGAZAN,1972,07,03,0.0,-999,-999
104067,BAGAZAN,1972,07,04,37.3,-999,-999
104067,BAGAZAN,1972,07,05,0.0,-999,-999
104067,BAGAZAN,1972,07,06,0.0,-999,-999
104067,BAGAZAN,1972,07,07,0.0,-999,-999
104067,BAGAZAN,1972,07,08,1.0,-999,-999
104067,BAGAZAN,1972,07,09,22.0,-999,-999
104067,BAGAZAN,1972,07,10,0.0,-999,-999
104067,BAGAZAN,1972,07,11,0.0,-999,-999
104067,BAGAZAN,1972,07,12,0.0,-999,-999
104067,BAGAZAN,1972,07,13,0.0,-999,-999
104067,BAGAZAN,1972,07,14,23.5,-999,-999
104067,BAGAZAN,1972,07,15,23.3,-999,-999
104067,BAGAZAN,1972,07,16,3.0,-999,-999
104067,BAGAZAN,1972,07,17,8.0,-999,-999
104067,BAGAZAN,1972,07,18,15.0,-999,-999
104067,BAGAZAN,1972,07,19,12.5,-999,-999
104067,BAGAZAN,1972,07,20,10.0,-999,-999
104067,BAGAZAN,1972,07,21,7.0,-999,-999
104067,BAGAZAN,1972,07,22,28.8,-999,-999
104067,BAGAZAN,1972,07,23,6.0,-999,-999
104067,BAGAZAN,1972,07,24,0.0,-999,-999
104067,BAGAZAN,1972,07,25,0.0,-999,-999
104067,BAGAZAN,1972,07,26,0.0,-999,-999
104067,BAGAZAN,1972,07,27,10.7,-999,-999
104067,BAGAZAN,1972,07,28,0.0,-999,-999
104067,BAGAZAN,1972,07,29,25.2,-999,-999
104067,BAGAZAN,1972,07,30,0.0,-999,-999
104067,BAGAZAN,1972,07,31,0.0,-999,-999
104067,BAGAZAN,1972,08,01,12.0,-999,-999
104067,BAGAZAN,1972,08,02,0.0,-999,-999
104067,BAGAZAN,1972,08,03,0.0,-999,-999
104067,BAGAZAN,1972,08,04,6.5,-999,-999
104067,BAGAZAN,1972,08,05,15.8,-999,-999
104067,BAGAZAN,1972,08,06,0.0,-999,-999
104067,BAGAZAN,1972,08,07,0.0,-999,-999
104067,BAGAZAN,1972,08,08,0.0,-999,-999
104067,BAGAZAN,1972,08,09,-888,-999,-999
104067,BAGAZAN,1972,08,10,6.1,-999,-999
104067,BAGAZAN,1972,08,11,0.0,-999,-999
104067,BAGAZAN,1972,08,12,0.0,-999,-999
104067,BAGAZAN,1972,08,13,0.0,-999,-999
104067,BAGAZAN,1972,08,14,6.3,-999,-999
104067,BAGAZAN,1972,08,15,0.0,-999,-999
104067,BAGAZAN,1972,08,16,0.0,-999,-999
104067,BAGAZAN,1972,08,17,0.0,-999,-999
104067,BAGAZAN,1972,08,18,0.0,-999,-999
104067,BAGAZAN,1972,08,19,0.0,-999,-999
104067,BAGAZAN,1972,08,20,0.0,-999,-999
104067,BAGAZAN,1972,08,21,27.6,-999,-999
104067,BAGAZAN,1972,08,22,0.0,-999,-999
104067,BAGAZAN,1972,08,23,0.0,-999,-999
104067,BAGAZAN,1972,08,24,0.0,-999,-999
104067,BAGAZAN,1972,08,25,0.0,-999,-999
104067,BAGAZAN,1972,08,26,0.0,-999,-999
104067,BAGAZAN,1972,08,27,0.0,-999,-999
104067,BAGAZAN,1972,08,28,0.0,-999,-999
104067,BAGAZAN,1972,08,29,0.0,-999,-999
104067,BAGAZAN,1972,08,30,0.0,-999,-999
104067,BAGAZAN,1972,08,31,0.0,-999,-999
104067,BAGAZAN,1972,09,01,0.0,-999,-999
104067,BAGAZAN,1972,09,02,0.0,-999,-999
104067,BAGAZAN,1972,09,03,0.0,-999,-999
104067,BAGAZAN,1972,09,04,0.0,-999,-999
104067,BAGAZAN,1972,09,05,0.0,-999,-999
104067,BAGAZAN,1972,09,06,47.2,-999,-999
104067,BAGAZAN,1972,09,07,0.0,-999,-999
104067,BAGAZAN,1972,09,08,19.9,-999,-999
104067,BAGAZAN,1972,09,09,0.0,-999,-999
104067,BAGAZAN,1972,09,10,0.0,-999,-999
104067,BAGAZAN,1972,09,11,0.0,-999,-999
104067,BAGAZAN,1972,09,12,0.0,-999,-999
104067,BAGAZAN,1972,09,13,0.0,-999,-999
104067,BAGAZAN,1972,09,14,44.9,-999,-999
104067,BAGAZAN,1972,09,15,0.0,-999,-999
104067,BAGAZAN,1972,09,16,0.0,-999,-999
104067,BAGAZAN,1972,09,17,10.0,-999,-999
104067,BAGAZAN,1972,09,18,0.0,-999,-999
104067,BAGAZAN,1972,09,19,0.0,-999,-999
104067,BAGAZAN,1972,09,20,0.0,-999,-999
104067,BAGAZAN,1972,09,21,48.1,-999,-999
104067,BAGAZAN,1972,09,22,1.0,-999,-999
104067,BAGAZAN,1972,09,23,0.0,-999,-999
104067,BAGAZAN,1972,09,24,0.0,-999,-999
104067,BAGAZAN,1972,09,25,4.8,-999,-999
104067,BAGAZAN,1972,09,26,0.0,-999,-999
104067,BAGAZAN,1972,09,27,9.5,-999,-999
104067,BAGAZAN,1972,09,28,43.8,-999,-999
104067,BAGAZAN,1972,09,29,0.0,-999,-999
104067,BAGAZAN,1972,09,30,4.0,-999,-999
104067,BAGAZAN,1972,10,01,0.0,-999,-999
104067,BAGAZAN,1972,10,02,8.6,-999,-999
104067,BAGAZAN,1972,10,03,0.0,-999,-999
104067,BAGAZAN,1972,10,04,-888,-999,-999
104067,BAGAZAN,1972,10,05,84.1,-999,-999
104067,BAGAZAN,1972,10,06,0.0,-999,-999
104067,BAGAZAN,1972,10,07,5.8,-999,-999
104067,BAGAZAN,1972,10,08,0.0,-999,-999
104067,BAGAZAN,1972,10,09,0.0,-999,-999
104067,BAGAZAN,1972,10,10,0.0,-999,-999
104067,BAGAZAN,1972,10,11,0.0,-999,-999
104067,BAGAZAN,1972,10,12,0.0,-999,-999
104067,BAGAZAN,1972,10,13,10.0,-999,-999
104067,BAGAZAN,1972,10,14,0.0,-999,-999
104067,BAGAZAN,1972,10,15,5.0,-999,-999
104067,BAGAZAN,1972,10,16,0.0,-999,-999
104067,BAGAZAN,1972,10,17,2.2,-999,-999
104067,BAGAZAN,1972,10,18,0.0,-999,-999
104067,BAGAZAN,1972,10,19,0.0,-999,-999
104067,BAGAZAN,1972,10,20,0.0,-999,-999
104067,BAGAZAN,1972,10,21,39.1,-999,-999
104067,BAGAZAN,1972,10,22,15.0,-999,-999
104067,BAGAZAN,1972,10,23,15.0,-999,-999
104067,BAGAZAN,1972,10,24,16.0,-999,-999
104067,BAGAZAN,1972,10,25,0.0,-999,-999
104067,BAGAZAN,1972,10,26,0.0,-999,-999
104067,BAGAZAN,1972,10,27,7.0,-999,-999
104067,BAGAZAN,1972,10,28,0.0,-999,-999
104067,BAGAZAN,1972,10,29,0.0,-999,-999
104067,BAGAZAN,1972,10,30,29.0,-999,-999
104067,BAGAZAN,1972,10,31,0.0,-999,-999
104067,BAGAZAN,1972,11,01,0.0,-999,-999
104067,BAGAZAN,1972,11,02,0.0,-999,-999
104067,BAGAZAN,1972,11,03,0.0,-999,-999
104067,BAGAZAN,1972,11,04,46.5,-999,-999
104067,BAGAZAN,1972,11,05,0.0,-999,-999
104067,BAGAZAN,1972,11,06,6.3,-999,-999
104067,BAGAZAN,1972,11,07,4.0,-999,-999
104067,BAGAZAN,1972,11,08,0.0,-999,-999
104067,BAGAZAN,1972,11,09,14.0,-999,-999
104067,BAGAZAN,1972,11,10,3.0,-999,-999
104067,BAGAZAN,1972,11,11,0.0,-999,-999
104067,BAGAZAN,1972,11,12,0.0,-999,-999
104067,BAGAZAN,1972,11,13,52.4,-999,-999
104067,BAGAZAN,1972,11,14,0.0,-999,-999
104067,BAGAZAN,1972,11,15,0.0,-999,-999
104067,BAGAZAN,1972,11,16,3.0,-999,-999
104067,BAGAZAN,1972,11,17,0.0,-999,-999
104067,BAGAZAN,1972,11,18,2.0,-999,-999
104067,BAGAZAN,1972,11,19,11.0,-999,-999
104067,BAGAZAN,1972,11,20,2.0,-999,-999
104067,BAGAZAN,1972,11,21,37.0,-999,-999
104067,BAGAZAN,1972,11,22,9.4,-999,-999
104067,BAGAZAN,1972,11,23,32.5,-999,-999
104067,BAGAZAN,1972,11,24,3.3,-999,-999
104067,BAGAZAN,1972,11,25,0.0,-999,-999
104067,BAGAZAN,1972,11,26,0.0,-999,-999
104067,BAGAZAN,1972,11,27,0.0,-999,-999
104067,BAGAZAN,1972,11,28,0.0,-999,-999
104067,BAGAZAN,1972,11,29,0.0,-999,-999
104067,BAGAZAN,1972,11,30,0.0,-999,-999
104067,BAGAZAN,1972,12,01,0.0,-999,-999
104067,BAGAZAN,1972,12,02,0.0,-999,-999
104067,BAGAZAN,1972,12,03,19.0,-999,-999
104067,BAGAZAN,1972,12,04,0.0,-999,-999
104067,BAGAZAN,1972,12,05,30.0,-999,-999
104067,BAGAZAN,1972,12,06,0.0,-999,-999
104067,BAGAZAN,1972,12,07,0.0,-999,-999
104067,BAGAZAN,1972,12,08,0.0,-999,-999
104067,BAGAZAN,1972,12,09,0.0,-999,-999
104067,BAGAZAN,1972,12,10,12.8,-999,-999
104067,BAGAZAN,1972,12,11,20.0,-999,-999
104067,BAGAZAN,1972,12,12,8.0,-999,-999
104067,BAGAZAN,1972,12,13,7.0,-999,-999
104067,BAGAZAN,1972,12,14,15.0,-999,-999
104067,BAGAZAN,1972,12,15,0.0,-999,-999
104067,BAGAZAN,1972,12,16,0.0,-999,-999
104067,BAGAZAN,1972,12,17,39.2,-999,-999
104067,BAGAZAN,1972,12,18,-888,-999,-999
104067,BAGAZAN,1972,12,19,0.0,-999,-999
104067,BAGAZAN,1972,12,20,0.0,-999,-999
104067,BAGAZAN,1972,12,21,0.0,-999,-999
104067,BAGAZAN,1972,12,22,0.0,-999,-999
104067,BAGAZAN,1972,12,23,0.0,-999,-999
104067,BAGAZAN,1972,12,24,0.0,-999,-999
104067,BAGAZAN,1972,12,25,0.0,-999,-999
104067,BAGAZAN,1972,12,26,0.0,-999,-999
104067,BAGAZAN,1972,12,27,0.0,-999,-999
104067,BAGAZAN,1972,12,28,0.0,-999,-999
104067,BAGAZAN,1972,12,29,5.0,-999,-999
104067,BAGAZAN,1972,12,30,0.0,-999,-999
104067,BAGAZAN,1972,12,31,0.0,-999,-999
104067,BAGAZAN,1973,01,01,0.0,-999,-999
104067,BAGAZAN,1973,01,02,34.6,-999,-999
104067,BAGAZAN,1973,01,03,3.4,-999,-999
104067,BAGAZAN,1973,01,04,0.0,-999,-999
104067,BAGAZAN,1973,01,05,0.0,-999,-999
104067,BAGAZAN,1973,01,06,66.0,-999,-999
104067,BAGAZAN,1973,01,07,10.0,-999,-999
104067,BAGAZAN,1973,01,08,23.0,-999,-999
104067,BAGAZAN,1973,01,09,0.0,-999,-999
104067,BAGAZAN,1973,01,10,1.7,-999,-999
104067,BAGAZAN,1973,01,11,0.0,-999,-999
104067,BAGAZAN,1973,01,12,0.0,-999,-999
104067,BAGAZAN,1973,01,13,7.0,-999,-999
104067,BAGAZAN,1973,01,14,0.0,-999,-999
104067,BAGAZAN,1973,01,15,38.0,-999,-999
104067,BAGAZAN,1973,01,16,0.0,-999,-999
104067,BAGAZAN,1973,01,17,0.0,-999,-999
104067,BAGAZAN,1973,01,18,20.0,-999,-999
104067,BAGAZAN,1973,01,19,0.0,-999,-999
104067,BAGAZAN,1973,01,20,9.7,-999,-999
104067,BAGAZAN,1973,01,21,7.7,-999,-999
104067,BAGAZAN,1973,01,22,0.0,-999,-999
104067,BAGAZAN,1973,01,23,10.0,-999,-999
104067,BAGAZAN,1973,01,24,10.0,-999,-999
104067,BAGAZAN,1973,01,25,12.1,-999,-999
104067,BAGAZAN,1973,01,26,0.0,-999,-999
104067,BAGAZAN,1973,01,27,50.5,-999,-999
104067,BAGAZAN,1973,01,28,90.5,-999,-999
104067,BAGAZAN,1973,01,29,30.0,-999,-999
104067,BAGAZAN,1973,01,30,20.4,-999,-999
104067,BAGAZAN,1973,01,31,0.0,-999,-999
104067,BAGAZAN,1973,02,01,0.0,-999,-999
104067,BAGAZAN,1973,02,02,0.0,-999,-999
104067,BAGAZAN,1973,02,03,0.0,-999,-999
104067,BAGAZAN,1973,02,04,0.0,-999,-999
104067,BAGAZAN,1973,02,05,1.0,-999,-999
104067,BAGAZAN,1973,02,06,4.0,-999,-999
104067,BAGAZAN,1973,02,07,13.0,-999,-999
104067,BAGAZAN,1973,02,08,3.3,-999,-999
104067,BAGAZAN,1973,02,09,1.1,-999,-999
104067,BAGAZAN,1973,02,10,11.5,-999,-999
104067,BAGAZAN,1973,02,11,0.0,-999,-999
104067,BAGAZAN,1973,02,12,0.0,-999,-999
104067,BAGAZAN,1973,02,13,6.7,-999,-999
104067,BAGAZAN,1973,02,14,0.0,-999,-999
104067,BAGAZAN,1973,02,15,62.3,-999,-999
104067,BAGAZAN,1973,02,16,0.0,-999,-999
104067,BAGAZAN,1973,02,17,3.5,-999,-999
104067,BAGAZAN,1973,02,18,0.0,-999,-999
104067,BAGAZAN,1973,02,19,16.0,-999,-999
104067,BAGAZAN,1973,02,20,0.0,-999,-999
104067,BAGAZAN,1973,02,21,0.0,-999,-999
104067,BAGAZAN,1973,02,22,2.5,-999,-999
104067,BAGAZAN,1973,02,23,11.2,-999,-999
104067,BAGAZAN,1973,02,24,0.0,-999,-999
104067,BAGAZAN,1973,02,25,0.0,-999,-999
104067,BAGAZAN,1973,02,26,1.2,-999,-999
104067,BAGAZAN,1973,02,27,0.0,-999,-999
104067,BAGAZAN,1973,02,28,22.7,-999,-999
104067,BAGAZAN,1973,03,01,0.0,-999,-999
104067,BAGAZAN,1973,03,02,0.0,-999,-999
104067,BAGAZAN,1973,03,03,0.0,-999,-999
104067,BAGAZAN,1973,03,04,0.0,-999,-999
104067,BAGAZAN,1973,03,05,95.8,-999,-999
104067,BAGAZAN,1973,03,06,8.6,-999,-999
104067,BAGAZAN,1973,03,07,0.0,-999,-999
104067,BAGAZAN,1973,03,08,0.0,-999,-999
104067,BAGAZAN,1973,03,09,43.0,-999,-999
104067,BAGAZAN,1973,03,10,40.0,-999,-999
104067,BAGAZAN,1973,03,11,30.0,-999,-999
104067,BAGAZAN,1973,03,12,0.0,-999,-999
104067,BAGAZAN,1973,03,13,0.0,-999,-999
104067,BAGAZAN,1973,03,14,32.0,-999,-999
104067,BAGAZAN,1973,03,15,0.0,-999,-999
104067,BAGAZAN,1973,03,16,0.0,-999,-999
104067,BAGAZAN,1973,03,17,8.0,-999,-999
104067,BAGAZAN,1973,03,18,4.5,-999,-999
104067,BAGAZAN,1973,03,19,0.0,-999,-999
104067,BAGAZAN,1973,03,20,0.0,-999,-999
104067,BAGAZAN,1973,03,21,30.0,-999,-999
104067,BAGAZAN,1973,03,22,2.8,-999,-999
104067,BAGAZAN,1973,03,23,3.8,-999,-999
104067,BAGAZAN,1973,03,24,0.0,-999,-999
104067,BAGAZAN,1973,03,25,6.5,-999,-999
104067,BAGAZAN,1973,03,26,31.0,-999,-999
104067,BAGAZAN,1973,03,27,0.0,-999,-999
104067,BAGAZAN,1973,03,28,0.0,-999,-999
104067,BAGAZAN,1973,03,29,0.0,-999,-999
104067,BAGAZAN,1973,03,30,9.0,-999,-999
104067,BAGAZAN,1973,03,31,15.0,-999,-999
104067,BAGAZAN,1973,04,01,0.0,-999,-999
104067,BAGAZAN,1973,04,02,0.0,-999,-999
104067,BAGAZAN,1973,04,03,20.0,-999,-999
104067,BAGAZAN,1973,04,04,29.3,-999,-999
104067,BAGAZAN,1973,04,05,22.0,-999,-999
104067,BAGAZAN,1973,04,06,1.8,-999,-999
104067,BAGAZAN,1973,04,07,0.0,-999,-999
104067,BAGAZAN,1973,04,08,130.1,-999,-999
104067,BAGAZAN,1973,04,09,0.0,-999,-999
104067,BAGAZAN,1973,04,10,0.0,-999,-999
104067,BAGAZAN,1973,04,11,2.0,-999,-999
104067,BAGAZAN,1973,04,12,30.0,-999,-999
104067,BAGAZAN,1973,04,13,0.0,-999,-999
104067,BAGAZAN,1973,04,14,2.0,-999,-999
104067,BAGAZAN,1973,04,15,0.0,-999,-999
104067,BAGAZAN,1973,04,16,0.0,-999,-999
104067,BAGAZAN,1973,04,17,0.0,-999,-999
104067,BAGAZAN,1973,04,18,0.0,-999,-999
104067,BAGAZAN,1973,04,19,37.0,-999,-999
104067,BAGAZAN,1973,04,20,11.5,-999,-999
104067,BAGAZAN,1973,04,21,38.3,-999,-999
104067,BAGAZAN,1973,04,22,0.0,-999,-999
104067,BAGAZAN,1973,04,23,3.0,-999,-999
104067,BAGAZAN,1973,04,24,3.5,-999,-999
104067,BAGAZAN,1973,04,25,2.0,-999,-999
104067,BAGAZAN,1973,04,26,26.0,-999,-999
104067,BAGAZAN,1973,04,27,0.0,-999,-999
104067,BAGAZAN,1973,04,28,4.1,-999,-999
104067,BAGAZAN,1973,04,29,0.0,-999,-999
104067,BAGAZAN,1973,04,30,0.0,-999,-999
104067,BAGAZAN,1973,05,01,0.0,-999,-999
104067,BAGAZAN,1973,05,02,2.5,-999,-999
104067,BAGAZAN,1973,05,03,20.1,-999,-999
104067,BAGAZAN,1973,05,04,0.0,-999,-999
104067,BAGAZAN,1973,05,05,0.0,-999,-999
104067,BAGAZAN,1973,05,06,32.9,-999,-999
104067,BAGAZAN,1973,05,07,2.3,-999,-999
104067,BAGAZAN,1973,05,08,0.0,-999,-999
104067,BAGAZAN,1973,05,09,10.0,-999,-999
104067,BAGAZAN,1973,05,10,21.0,-999,-999
104067,BAGAZAN,1973,05,11,0.0,-999,-999
104067,BAGAZAN,1973,05,12,0.0,-999,-999
104067,BAGAZAN,1973,05,13,0.0,-999,-999
104067,BAGAZAN,1973,05,14,0.0,-999,-999
104067,BAGAZAN,1973,05,15,0.0,-999,-999
104067,BAGAZAN,1973,05,16,0.0,-999,-999
104067,BAGAZAN,1973,05,17,9.8,-999,-999
104067,BAGAZAN,1973,05,18,2.0,-999,-999
104067,BAGAZAN,1973,05,19,0.0,-999,-999
104067,BAGAZAN,1973,05,20,0.0,-999,-999
104067,BAGAZAN,1973,05,21,0.0,-999,-999
104067,BAGAZAN,1973,05,22,20.0,-999,-999
104067,BAGAZAN,1973,05,23,13.0,-999,-999
104067,BAGAZAN,1973,05,24,3.0,-999,-999
104067,BAGAZAN,1973,05,25,3.6,-999,-999
104067,BAGAZAN,1973,05,26,8.7,-999,-999
104067,BAGAZAN,1973,05,27,1.1,-999,-999
104067,BAGAZAN,1973,05,28,1.3,-999,-999
104067,BAGAZAN,1973,05,29,15.7,-999,-999
104067,BAGAZAN,1973,05,30,0.0,-999,-999
104067,BAGAZAN,1973,05,31,0.0,-999,-999
104067,BAGAZAN,1973,06,01,8.1,-999,-999
104067,BAGAZAN,1973,06,02,6.1,-999,-999
104067,BAGAZAN,1973,06,03,7.6,-999,-999
104067,BAGAZAN,1973,06,04,6.2,-999,-999
104067,BAGAZAN,1973,06,05,1.5,-999,-999
104067,BAGAZAN,1973,06,06,1.2,-999,-999
104067,BAGAZAN,1973,06,07,40.9,-999,-999
104067,BAGAZAN,1973,06,08,0.0,-999,-999
104067,BAGAZAN,1973,06,09,0.0,-999,-999
104067,BAGAZAN,1973,06,10,0.0,-999,-999
104067,BAGAZAN,1973,06,11,0.0,-999,-999
104067,BAGAZAN,1973,06,12,1.8,-999,-999
104067,BAGAZAN,1973,06,13,43.3,-999,-999
104067,BAGAZAN,1973,06,14,1.2,-999,-999
104067,BAGAZAN,1973,06,15,0.0,-999,-999
104067,BAGAZAN,1973,06,16,3.1,-999,-999
104067,BAGAZAN,1973,06,17,0.0,-999,-999
104067,BAGAZAN,1973,06,18,1.8,-999,-999
104067,BAGAZAN,1973,06,19,42.8,-999,-999
104067,BAGAZAN,1973,06,20,0.0,-999,-999
104067,BAGAZAN,1973,06,21,0.0,-999,-999
104067,BAGAZAN,1973,06,22,0.0,-999,-999
104067,BAGAZAN,1973,06,23,0.0,-999,-999
104067,BAGAZAN,1973,06,24,13.7,-999,-999
104067,BAGAZAN,1973,06,25,0.0,-999,-999
104067,BAGAZAN,1973,06,26,16.9,-999,-999
104067,BAGAZAN,1973,06,27,7.5,-999,-999
104067,BAGAZAN,1973,06,28,0.0,-999,-999
104067,BAGAZAN,1973,06,29,16.6,-999,-999
104067,BAGAZAN,1973,06,30,2.1,-999,-999
104067,BAGAZAN,1973,07,01,10.2,-999,-999
104067,BAGAZAN,1973,07,02,8.3,-999,-999
104067,BAGAZAN,1973,07,03,93.0,-999,-999
104067,BAGAZAN,1973,07,04,0.0,-999,-999
104067,BAGAZAN,1973,07,05,6.0,-999,-999
104067,BAGAZAN,1973,07,06,3.0,-999,-999
104067,BAGAZAN,1973,07,07,0.0,-999,-999
104067,BAGAZAN,1973,07,08,0.0,-999,-999
104067,BAGAZAN,1973,07,09,0.0,-999,-999
104067,BAGAZAN,1973,07,10,0.0,-999,-999
104067,BAGAZAN,1973,07,11,0.0,-999,-999
104067,BAGAZAN,1973,07,12,0.0,-999,-999
104067,BAGAZAN,1973,07,13,8.3,-999,-999
104067,BAGAZAN,1973,07,14,0.0,-999,-999
104067,BAGAZAN,1973,07,15,0.0,-999,-999
104067,BAGAZAN,1973,07,16,0.0,-999,-999
104067,BAGAZAN,1973,07,17,0.0,-999,-999
104067,BAGAZAN,1973,07,18,0.0,-999,-999
104067,BAGAZAN,1973,07,19,0.0,-999,-999
104067,BAGAZAN,1973,07,20,10.2,-999,-999
104067,BAGAZAN,1973,07,21,0.0,-999,-999
104067,BAGAZAN,1973,07,22,0.0,-999,-999
104067,BAGAZAN,1973,07,23,0.0,-999,-999
104067,BAGAZAN,1973,07,24,0.0,-999,-999
104067,BAGAZAN,1973,07,25,0.0,-999,-999
104067,BAGAZAN,1973,07,26,3.2,-999,-999
104067,BAGAZAN,1973,07,27,0.0,-999,-999
104067,BAGAZAN,1973,07,28,0.0,-999,-999
104067,BAGAZAN,1973,07,29,0.0,-999,-999
104067,BAGAZAN,1973,07,30,0.0,-999,-999
104067,BAGAZAN,1973,07,31,0.0,-999,-999
104067,BAGAZAN,1973,08,01,22.2,-999,-999
104067,BAGAZAN,1973,08,02,5.6,-999,-999
104067,BAGAZAN,1973,08,03,56.0,-999,-999
104067,BAGAZAN,1973,08,04,0.0,-999,-999
104067,BAGAZAN,1973,08,05,6.0,-999,-999
104067,BAGAZAN,1973,08,06,8.0,-999,-999
104067,BAGAZAN,1973,08,07,9.2,-999,-999
104067,BAGAZAN,1973,08,08,0.0,-999,-999
104067,BAGAZAN,1973,08,09,0.0,-999,-999
104067,BAGAZAN,1973,08,10,0.0,-999,-999
104067,BAGAZAN,1973,08,11,0.0,-999,-999
104067,BAGAZAN,1973,08,12,3.2,-999,-999
104067,BAGAZAN,1973,08,13,0.0,-999,-999
104067,BAGAZAN,1973,08,14,0.0,-999,-999
104067,BAGAZAN,1973,08,15,0.0,-999,-999
104067,BAGAZAN,1973,08,16,5.3,-999,-999
104067,BAGAZAN,1973,08,17,0.0,-999,-999
104067,BAGAZAN,1973,08,18,0.0,-999,-999
104067,BAGAZAN,1973,08,19,0.0,-999,-999
104067,BAGAZAN,1973,08,20,0.0,-999,-999
104067,BAGAZAN,1973,08,21,0.0,-999,-999
104067,BAGAZAN,1973,08,22,6.6,-999,-999
104067,BAGAZAN,1973,08,23,0.0,-999,-999
104067,BAGAZAN,1973,08,24,0.0,-999,-999
104067,BAGAZAN,1973,08,25,0.0,-999,-999
104067,BAGAZAN,1973,08,26,0.0,-999,-999
104067,BAGAZAN,1973,08,27,9.2,-999,-999
104067,BAGAZAN,1973,08,28,0.0,-999,-999
104067,BAGAZAN,1973,08,29,0.0,-999,-999
104067,BAGAZAN,1973,08,30,0.0,-999,-999
104067,BAGAZAN,1973,08,31,0.0,-999,-999
104067,BAGAZAN,1973,09,01,10.2,-999,-999
104067,BAGAZAN,1973,09,02,8.4,-999,-999
104067,BAGAZAN,1973,09,03,93.0,-999,-999
104067,BAGAZAN,1973,09,04,0.0,-999,-999
104067,BAGAZAN,1973,09,05,6.0,-999,-999
104067,BAGAZAN,1973,09,06,3.0,-999,-999
104067,BAGAZAN,1973,09,07,8.2,-999,-999
104067,BAGAZAN,1973,09,08,0.0,-999,-999
104067,BAGAZAN,1973,09,09,0.0,-999,-999
104067,BAGAZAN,1973,09,10,0.0,-999,-999
104067,BAGAZAN,1973,09,11,0.0,-999,-999
104067,BAGAZAN,1973,09,12,0.0,-999,-999
104067,BAGAZAN,1973,09,13,23.5,-999,-999
104067,BAGAZAN,1973,09,14,23.3,-999,-999
104067,BAGAZAN,1973,09,15,0.0,-999,-999
104067,BAGAZAN,1973,09,16,8.5,-999,-999
104067,BAGAZAN,1973,09,17,6.7,-999,-999
104067,BAGAZAN,1973,09,18,12.6,-999,-999
104067,BAGAZAN,1973,09,19,10.0,-999,-999
104067,BAGAZAN,1973,09,20,0.0,-999,-999
104067,BAGAZAN,1973,09,21,0.0,-999,-999
104067,BAGAZAN,1973,09,22,18.3,-999,-999
104067,BAGAZAN,1973,09,23,24.4,-999,-999
104067,BAGAZAN,1973,09,24,0.0,-999,-999
104067,BAGAZAN,1973,09,25,8.2,-999,-999
104067,BAGAZAN,1973,09,26,34.6,-999,-999
104067,BAGAZAN,1973,09,27,0.0,-999,-999
104067,BAGAZAN,1973,09,28,0.0,-999,-999
104067,BAGAZAN,1973,09,29,0.0,-999,-999
104067,BAGAZAN,1973,09,30,45.3,-999,-999
104067,BAGAZAN,1973,10,01,20.6,-999,-999
104067,BAGAZAN,1973,10,02,3.2,-999,-999
104067,BAGAZAN,1973,10,03,0.0,-999,-999
104067,BAGAZAN,1973,10,04,0.0,-999,-999
104067,BAGAZAN,1973,10,05,34.4,-999,-999
104067,BAGAZAN,1973,10,06,6.2,-999,-999
104067,BAGAZAN,1973,10,07,0.0,-999,-999
104067,BAGAZAN,1973,10,08,0.0,-999,-999
104067,BAGAZAN,1973,10,09,0.0,-999,-999
104067,BAGAZAN,1973,10,10,0.0,-999,-999
104067,BAGAZAN,1973,10,11,11.5,-999,-999
104067,BAGAZAN,1973,10,12,0.0,-999,-999
104067,BAGAZAN,1973,10,13,0.0,-999,-999
104067,BAGAZAN,1973,10,14,0.0,-999,-999
104067,BAGAZAN,1973,10,15,0.0,-999,-999
104067,BAGAZAN,1973,10,16,0.0,-999,-999
104067,BAGAZAN,1973,10,17,0.0,-999,-999
104067,BAGAZAN,1973,10,18,26.7,-999,-999
104067,BAGAZAN,1973,10,19,0.0,-999,-999
104067,BAGAZAN,1973,10,20,0.0,-999,-999
104067,BAGAZAN,1973,10,21,0.0,-999,-999
104067,BAGAZAN,1973,10,22,0.0,-999,-999
104067,BAGAZAN,1973,10,23,0.0,-999,-999
104067,BAGAZAN,1973,10,24,0.0,-999,-999
104067,BAGAZAN,1973,10,25,8.6,-999,-999
104067,BAGAZAN,1973,10,26,0.0,-999,-999
104067,BAGAZAN,1973,10,27,0.0,-999,-999
104067,BAGAZAN,1973,10,28,7.2,-999,-999
104067,BAGAZAN,1973,10,29,0.0,-999,-999
104067,BAGAZAN,1973,10,30,5.1,-999,-999
104067,BAGAZAN,1973,10,31,24.3,-999,-999
104067,BAGAZAN,1973,11,01,0.0,-999,-999
104067,BAGAZAN,1973,11,02,30.7,-999,-999
104067,BAGAZAN,1973,11,03,40.5,-999,-999
104067,BAGAZAN,1973,11,04,0.0,-999,-999
104067,BAGAZAN,1973,11,05,0.0,-999,-999
104067,BAGAZAN,1973,11,06,7.2,-999,-999
104067,BAGAZAN,1973,11,07,0.0,-999,-999
104067,BAGAZAN,1973,11,08,13.6,-999,-999
104067,BAGAZAN,1973,11,09,0.0,-999,-999
104067,BAGAZAN,1973,11,10,2.1,-999,-999
104067,BAGAZAN,1973,11,11,2.2,-999,-999
104067,BAGAZAN,1973,11,12,0.0,-999,-999
104067,BAGAZAN,1973,11,13,0.0,-999,-999
104067,BAGAZAN,1973,11,14,8.5,-999,-999
104067,BAGAZAN,1973,11,15,2.1,-999,-999
104067,BAGAZAN,1973,11,16,0.0,-999,-999
104067,BAGAZAN,1973,11,17,14.9,-999,-999
104067,BAGAZAN,1973,11,18,7.6,-999,-999
104067,BAGAZAN,1973,11,19,0.0,-999,-999
104067,BAGAZAN,1973,11,20,22.5,-999,-999
104067,BAGAZAN,1973,11,21,1.2,-999,-999
104067,BAGAZAN,1973,11,22,0.0,-999,-999
104067,BAGAZAN,1973,11,23,0.0,-999,-999
104067,BAGAZAN,1973,11,24,0.0,-999,-999
104067,BAGAZAN,1973,11,25,0.5,-999,-999
104067,BAGAZAN,1973,11,26,60.1,-999,-999
104067,BAGAZAN,1973,11,27,0.0,-999,-999
104067,BAGAZAN,1973,11,28,5.3,-999,-999
104067,BAGAZAN,1973,11,29,4.8,-999,-999
104067,BAGAZAN,1973,11,30,5.3,-999,-999
104067,BAGAZAN,1973,12,01,3.8,-999,-999
104067,BAGAZAN,1973,12,02,0.0,-999,-999
104067,BAGAZAN,1973,12,03,0.0,-999,-999
104067,BAGAZAN,1973,12,04,0.0,-999,-999
104067,BAGAZAN,1973,12,05,0.0,-999,-999
104067,BAGAZAN,1973,12,06,0.0,-999,-999
104067,BAGAZAN,1973,12,07,0.0,-999,-999
104067,BAGAZAN,1973,12,08,13.7,-999,-999
104067,BAGAZAN,1973,12,09,3.2,-999,-999
104067,BAGAZAN,1973,12,10,1.2,-999,-999
104067,BAGAZAN,1973,12,11,0.0,-999,-999
104067,BAGAZAN,1973,12,12,1.3,-999,-999
104067,BAGAZAN,1973,12,13,1.7,-999,-999
104067,BAGAZAN,1973,12,14,1.6,-999,-999
104067,BAGAZAN,1973,12,15,4.5,-999,-999
104067,BAGAZAN,1973,12,16,1.2,-999,-999
104067,BAGAZAN,1973,12,17,0.0,-999,-999
104067,BAGAZAN,1973,12,18,0.0,-999,-999
104067,BAGAZAN,1973,12,19,24.6,-999,-999
104067,BAGAZAN,1973,12,20,33.5,-999,-999
104067,BAGAZAN,1973,12,21,0.0,-999,-999
104067,BAGAZAN,1973,12,22,0.0,-999,-999
104067,BAGAZAN,1973,12,23,0.0,-999,-999
104067,BAGAZAN,1973,12,24,0.0,-999,-999
104067,BAGAZAN,1973,12,25,0.0,-999,-999
104067,BAGAZAN,1973,12,26,12.2,-999,-999
104067,BAGAZAN,1973,12,27,10.8,-999,-999
104067,BAGAZAN,1973,12,28,55.4,-999,-999
104067,BAGAZAN,1973,12,29,0.5,-999,-999
104067,BAGAZAN,1973,12,30,4.9,-999,-999
104067,BAGAZAN,1973,12,31,12.1,-999,-999
104067,BAGAZAN,1974,01,01,74.1,-999,-999
104067,BAGAZAN,1974,01,02,0.0,-999,-999
104067,BAGAZAN,1974,01,03,1.1,-999,-999
104067,BAGAZAN,1974,01,04,0.0,-999,-999
104067,BAGAZAN,1974,01,05,35.8,-999,-999
104067,BAGAZAN,1974,01,06,35.4,-999,-999
104067,BAGAZAN,1974,01,07,41.8,-999,-999
104067,BAGAZAN,1974,01,08,34.2,-999,-999
104067,BAGAZAN,1974,01,09,0.9,-999,-999
104067,BAGAZAN,1974,01,10,29.4,-999,-999
104067,BAGAZAN,1974,01,11,10.3,-999,-999
104067,BAGAZAN,1974,01,12,0.0,-999,-999
104067,BAGAZAN,1974,01,13,0.0,-999,-999
104067,BAGAZAN,1974,01,14,0.0,-999,-999
104067,BAGAZAN,1974,01,15,0.0,-999,-999
104067,BAGAZAN,1974,01,16,14.5,-999,-999
104067,BAGAZAN,1974,01,17,0.0,-999,-999
104067,BAGAZAN,1974,01,18,0.0,-999,-999
104067,BAGAZAN,1974,01,19,0.0,-999,-999
104067,BAGAZAN,1974,01,20,0.0,-999,-999
104067,BAGAZAN,1974,01,21,0.0,-999,-999
104067,BAGAZAN,1974,01,22,0.0,-999,-999
104067,BAGAZAN,1974,01,23,0.0,-999,-999
104067,BAGAZAN,1974,01,24,0.0,-999,-999
104067,BAGAZAN,1974,01,25,55.2,-999,-999
104067,BAGAZAN,1974,01,26,0.0,-999,-999
104067,BAGAZAN,1974,01,27,0.0,-999,-999
104067,BAGAZAN,1974,01,28,0.0,-999,-999
104067,BAGAZAN,1974,01,29,11.2,-999,-999
104067,BAGAZAN,1974,01,30,0.0,-999,-999
104067,BAGAZAN,1974,01,31,9.9,-999,-999
104067,BAGAZAN,1974,02,01,0.0,-999,-999
104067,BAGAZAN,1974,02,02,0.0,-999,-999
104067,BAGAZAN,1974,02,03,20.5,-999,-999
104067,BAGAZAN,1974,02,04,0.0,-999,-999
104067,BAGAZAN,1974,02,05,7.1,-999,-999
104067,BAGAZAN,1974,02,06,22.6,-999,-999
104067,BAGAZAN,1974,02,07,0.0,-999,-999
104067,BAGAZAN,1974,02,08,0.0,-999,-999
104067,BAGAZAN,1974,02,09,0.0,-999,-999
104067,BAGAZAN,1974,02,10,0.0,-999,-999
104067,BAGAZAN,1974,02,11,0.0,-999,-999
104067,BAGAZAN,1974,02,12,72.4,-999,-999
104067,BAGAZAN,1974,02,13,0.0,-999,-999
104067,BAGAZAN,1974,02,14,0.0,-999,-999
104067,BAGAZAN,1974,02,15,0.0,-999,-999
104067,BAGAZAN,1974,02,16,0.0,-999,-999
104067,BAGAZAN,1974,02,17,25.2,-999,-999
104067,BAGAZAN,1974,02,18,3.5,-999,-999
104067,BAGAZAN,1974,02,19,12.3,-999,-999
104067,BAGAZAN,1974,02,20,0.0,-999,-999
104067,BAGAZAN,1974,02,21,14.8,-999,-999
104067,BAGAZAN,1974,02,22,0.0,-999,-999
104067,BAGAZAN,1974,02,23,0.0,-999,-999
104067,BAGAZAN,1974,02,24,13.5,-999,-999
104067,BAGAZAN,1974,02,25,10.6,-999,-999
104067,BAGAZAN,1974,02,26,0.0,-999,-999
104067,BAGAZAN,1974,02,27,49.3,-999,-999
104067,BAGAZAN,1974,02,28,20.9,-999,-999
104067,BAGAZAN,1974,03,01,0.0,-999,-999
104067,BAGAZAN,1974,03,02,0.0,-999,-999
104067,BAGAZAN,1974,03,03,0.0,-999,-999
104067,BAGAZAN,1974,03,04,5.6,-999,-999
104067,BAGAZAN,1974,03,05,0.0,-999,-999
104067,BAGAZAN,1974,03,06,12.3,-999,-999
104067,BAGAZAN,1974,03,07,0.0,-999,-999
104067,BAGAZAN,1974,03,08,0.0,-999,-999
104067,BAGAZAN,1974,03,09,1.6,-999,-999
104067,BAGAZAN,1974,03,10,0.0,-999,-999
104067,BAGAZAN,1974,03,11,30.5,-999,-999
104067,BAGAZAN,1974,03,12,0.0,-999,-999
104067,BAGAZAN,1974,03,13,0.0,-999,-999
104067,BAGAZAN,1974,03,14,0.0,-999,-999
104067,BAGAZAN,1974,03,15,17.1,-999,-999
104067,BAGAZAN,1974,03,16,5.1,-999,-999
104067,BAGAZAN,1974,03,17,0.0,-999,-999
104067,BAGAZAN,1974,03,18,9.3,-999,-999
104067,BAGAZAN,1974,03,19,0.0,-999,-999
104067,BAGAZAN,1974,03,20,0.0,-999,-999
104067,BAGAZAN,1974,03,21,39.9,-999,-999
104067,BAGAZAN,1974,03,22,0.0,-999,-999
104067,BAGAZAN,1974,03,23,0.0,-999,-999
104067,BAGAZAN,1974,03,24,10.0,-999,-999
104067,BAGAZAN,1974,03,25,0.0,-999,-999
104067,BAGAZAN,1974,03,26,0.0,-999,-999
104067,BAGAZAN,1974,03,27,5.5,-999,-999
104067,BAGAZAN,1974,03,28,0.0,-999,-999
104067,BAGAZAN,1974,03,29,13.4,-999,-999
104067,BAGAZAN,1974,03,30,2.3,-999,-999
104067,BAGAZAN,1974,03,31,28.3,-999,-999
104067,BAGAZAN,1974,04,01,0.0,-999,-999
104067,BAGAZAN,1974,04,02,0.0,-999,-999
104067,BAGAZAN,1974,04,03,0.0,-999,-999
104067,BAGAZAN,1974,04,04,0.0,-999,-999
104067,BAGAZAN,1974,04,05,0.0,-999,-999
104067,BAGAZAN,1974,04,06,0.0,-999,-999
104067,BAGAZAN,1974,04,07,0.0,-999,-999
104067,BAGAZAN,1974,04,08,0.0,-999,-999
104067,BAGAZAN,1974,04,09,11.1,-999,-999
104067,BAGAZAN,1974,04,10,9.5,-999,-999
104067,BAGAZAN,1974,04,11,0.0,-999,-999
104067,BAGAZAN,1974,04,12,12.2,-999,-999
104067,BAGAZAN,1974,04,13,0.0,-999,-999
104067,BAGAZAN,1974,04,14,0.0,-999,-999
104067,BAGAZAN,1974,04,15,76.9,-999,-999
104067,BAGAZAN,1974,04,16,10.8,-999,-999
104067,BAGAZAN,1974,04,17,0.0,-999,-999
104067,BAGAZAN,1974,04,18,0.0,-999,-999
104067,BAGAZAN,1974,04,19,8.1,-999,-999
104067,BAGAZAN,1974,04,20,18.5,-999,-999
104067,BAGAZAN,1974,04,21,0.0,-999,-999
104067,BAGAZAN,1974,04,22,20.9,-999,-999
104067,BAGAZAN,1974,04,23,0.0,-999,-999
104067,BAGAZAN,1974,04,24,0.0,-999,-999
104067,BAGAZAN,1974,04,25,21.1,-999,-999
104067,BAGAZAN,1974,04,26,32.3,-999,-999
104067,BAGAZAN,1974,04,27,9.1,-999,-999
104067,BAGAZAN,1974,04,28,10.1,-999,-999
104067,BAGAZAN,1974,04,29,16.2,-999,-999
104067,BAGAZAN,1974,04,30,11.6,-999,-999
104067,BAGAZAN,1974,05,01,0.0,-999,-999
104067,BAGAZAN,1974,05,02,16.7,-999,-999
104067,BAGAZAN,1974,05,03,6.2,-999,-999
104067,BAGAZAN,1974,05,04,0.0,-999,-999
104067,BAGAZAN,1974,05,05,9.8,-999,-999
104067,BAGAZAN,1974,05,06,7.1,-999,-999
104067,BAGAZAN,1974,05,07,0.0,-999,-999
104067,BAGAZAN,1974,05,08,3.1,-999,-999
104067,BAGAZAN,1974,05,09,2.1,-999,-999
104067,BAGAZAN,1974,05,10,6.7,-999,-999
104067,BAGAZAN,1974,05,11,0.0,-999,-999
104067,BAGAZAN,1974,05,12,26.4,-999,-999
104067,BAGAZAN,1974,05,13,2.2,-999,-999
104067,BAGAZAN,1974,05,14,3.9,-999,-999
104067,BAGAZAN,1974,05,15,0.0,-999,-999
104067,BAGAZAN,1974,05,16,0.0,-999,-999
104067,BAGAZAN,1974,05,17,0.0,-999,-999
104067,BAGAZAN,1974,05,18,0.0,-999,-999
104067,BAGAZAN,1974,05,19,0.0,-999,-999
104067,BAGAZAN,1974,05,20,5.2,-999,-999
104067,BAGAZAN,1974,05,21,0.0,-999,-999
104067,BAGAZAN,1974,05,22,0.0,-999,-999
104067,BAGAZAN,1974,05,23,12.3,-999,-999
104067,BAGAZAN,1974,05,24,5.1,-999,-999
104067,BAGAZAN,1974,05,25,0.0,-999,-999
104067,BAGAZAN,1974,05,26,0.0,-999,-999
104067,BAGAZAN,1974,05,27,41.7,-999,-999
104067,BAGAZAN,1974,05,28,0.0,-999,-999
104067,BAGAZAN,1974,05,29,0.0,-999,-999
104067,BAGAZAN,1974,05,30,0.0,-999,-999
104067,BAGAZAN,1974,05,31,6.0,-999,-999
104067,BAGAZAN,1974,06,01,0.0,-999,-999
104067,BAGAZAN,1974,06,02,4.3,-999,-999
104067,BAGAZAN,1974,06,03,0.0,-999,-999
104067,BAGAZAN,1974,06,04,0.0,-999,-999
104067,BAGAZAN,1974,06,05,72.5,-999,-999
104067,BAGAZAN,1974,06,06,10.1,-999,-999
104067,BAGAZAN,1974,06,07,94.0,-999,-999
104067,BAGAZAN,1974,06,08,0.0,-999,-999
104067,BAGAZAN,1974,06,09,34.1,-999,-999
104067,BAGAZAN,1974,06,10,0.0,-999,-999
104067,BAGAZAN,1974,06,11,20.3,-999,-999
104067,BAGAZAN,1974,06,12,1.4,-999,-999
104067,BAGAZAN,1974,06,13,12.9,-999,-999
104067,BAGAZAN,1974,06,14,0.0,-999,-999
104067,BAGAZAN,1974,06,15,24.2,-999,-999
104067,BAGAZAN,1974,06,16,0.0,-999,-999
104067,BAGAZAN,1974,06,17,7.8,-999,-999
104067,BAGAZAN,1974,06,18,3.8,-999,-999
104067,BAGAZAN,1974,06,19,1.3,-999,-999
104067,BAGAZAN,1974,06,20,0.0,-999,-999
104067,BAGAZAN,1974,06,21,10.0,-999,-999
104067,BAGAZAN,1974,06,22,0.0,-999,-999
104067,BAGAZAN,1974,06,23,0.0,-999,-999
104067,BAGAZAN,1974,06,24,3.3,-999,-999
104067,BAGAZAN,1974,06,25,1.7,-999,-999
104067,BAGAZAN,1974,06,26,0.0,-999,-999
104067,BAGAZAN,1974,06,27,2.1,-999,-999
104067,BAGAZAN,1974,06,28,0.0,-999,-999
104067,BAGAZAN,1974,06,29,0.0,-999,-999
104067,BAGAZAN,1974,06,30,-999,-999,-999
104067,BAGAZAN,1974,08,01,0.0,-999,-999
104067,BAGAZAN,1974,08,02,0.0,-999,-999
104067,BAGAZAN,1974,08,03,9.5,-999,-999
104067,BAGAZAN,1974,08,04,46.2,-999,-999
104067,BAGAZAN,1974,08,05,0.0,-999,-999
104067,BAGAZAN,1974,08,06,4.9,-999,-999
104067,BAGAZAN,1974,08,07,0.0,-999,-999
104067,BAGAZAN,1974,08,08,15.1,-999,-999
104067,BAGAZAN,1974,08,09,0.0,-999,-999
104067,BAGAZAN,1974,08,10,0.0,-999,-999
104067,BAGAZAN,1974,08,11,0.0,-999,-999
104067,BAGAZAN,1974,08,12,0.0,-999,-999
104067,BAGAZAN,1974,08,13,0.0,-999,-999
104067,BAGAZAN,1974,08,14,0.0,-999,-999
104067,BAGAZAN,1974,08,15,0.0,-999,-999
104067,BAGAZAN,1974,08,16,75.2,-999,-999
104067,BAGAZAN,1974,08,17,3.1,-999,-999
104067,BAGAZAN,1974,08,18,20.3,-999,-999
104067,BAGAZAN,1974,08,19,0.0,-999,-999
104067,BAGAZAN,1974,08,20,0.0,-999,-999
104067,BAGAZAN,1974,08,21,0.0,-999,-999
104067,BAGAZAN,1974,08,22,0.0,-999,-999
104067,BAGAZAN,1974,08,23,0.0,-999,-999
104067,BAGAZAN,1974,08,24,0.0,-999,-999
104067,BAGAZAN,1974,08,25,5.1,-999,-999
104067,BAGAZAN,1974,08,26,13.5,-999,-999
104067,BAGAZAN,1974,08,27,2.2,-999,-999
104067,BAGAZAN,1974,08,28,0.0,-999,-999
104067,BAGAZAN,1974,08,29,24.4,-999,-999
104067,BAGAZAN,1974,08,30,0.0,-999,-999
104067,BAGAZAN,1974,08,31,0.0,-999,-999
104067,BAGAZAN,1974,09,01,0.0,-999,-999
104067,BAGAZAN,1974,09,02,9.1,-999,-999
104067,BAGAZAN,1974,09,03,4.3,-999,-999
104067,BAGAZAN,1974,09,04,0.0,-999,-999
104067,BAGAZAN,1974,09,05,9.3,-999,-999
104067,BAGAZAN,1974,09,06,0.0,-999,-999
104067,BAGAZAN,1974,09,07,0.0,-999,-999
104067,BAGAZAN,1974,09,08,0.0,-999,-999
104067,BAGAZAN,1974,09,09,0.0,-999,-999
104067,BAGAZAN,1974,09,10,3.2,-999,-999
104067,BAGAZAN,1974,09,11,0.0,-999,-999
104067,BAGAZAN,1974,09,12,0.0,-999,-999
104067,BAGAZAN,1974,09,13,0.0,-999,-999
104067,BAGAZAN,1974,09,14,0.0,-999,-999
104067,BAGAZAN,1974,09,15,0.0,-999,-999
104067,BAGAZAN,1974,09,16,0.0,-999,-999
104067,BAGAZAN,1974,09,17,16.7,-999,-999
104067,BAGAZAN,1974,09,18,6.9,-999,-999
104067,BAGAZAN,1974,09,19,0.0,-999,-999
104067,BAGAZAN,1974,09,20,0.0,-999,-999
104067,BAGAZAN,1974,09,21,0.0,-999,-999
104067,BAGAZAN,1974,09,22,20.9,-999,-999
104067,BAGAZAN,1974,09,23,11.2,-999,-999
104067,BAGAZAN,1974,09,24,6.3,-999,-999
104067,BAGAZAN,1974,09,25,55.7,-999,-999
104067,BAGAZAN,1974,09,26,2.9,-999,-999
104067,BAGAZAN,1974,09,27,0.0,-999,-999
104067,BAGAZAN,1974,09,28,0.0,-999,-999
104067,BAGAZAN,1974,09,29,0.0,-999,-999
104067,BAGAZAN,1974,09,30,0.0,-999,-999
104067,BAGAZAN,1974,10,01,21.5,-999,-999
104067,BAGAZAN,1974,10,02,35.6,-999,-999
104067,BAGAZAN,1974,10,03,10.3,-999,-999
104067,BAGAZAN,1974,10,04,0.0,-999,-999
104067,BAGAZAN,1974,10,05,16.1,-999,-999
104067,BAGAZAN,1974,10,06,20.4,-999,-999
104067,BAGAZAN,1974,10,07,0.0,-999,-999
104067,BAGAZAN,1974,10,08,0.0,-999,-999
104067,BAGAZAN,1974,10,09,0.0,-999,-999
104067,BAGAZAN,1974,10,10,6.4,-999,-999
104067,BAGAZAN,1974,10,11,0.0,-999,-999
104067,BAGAZAN,1974,10,12,0.0,-999,-999
104067,BAGAZAN,1974,10,13,35.8,-999,-999
104067,BAGAZAN,1974,10,14,9.9,-999,-999
104067,BAGAZAN,1974,10,15,0.0,-999,-999
104067,BAGAZAN,1974,10,16,0.0,-999,-999
104067,BAGAZAN,1974,10,17,0.0,-999,-999
104067,BAGAZAN,1974,10,18,0.0,-999,-999
104067,BAGAZAN,1974,10,19,0.0,-999,-999
104067,BAGAZAN,1974,10,20,22.3,-999,-999
104067,BAGAZAN,1974,10,21,0.0,-999,-999
104067,BAGAZAN,1974,10,22,0.0,-999,-999
104067,BAGAZAN,1974,10,23,0.0,-999,-999
104067,BAGAZAN,1974,10,24,23.8,-999,-999
104067,BAGAZAN,1974,10,25,0.0,-999,-999
104067,BAGAZAN,1974,10,26,38.2,-999,-999
104067,BAGAZAN,1974,10,27,12.5,-999,-999
104067,BAGAZAN,1974,10,28,0.0,-999,-999
104067,BAGAZAN,1974,10,29,55.5,-999,-999
104067,BAGAZAN,1974,10,30,0.0,-999,-999
104067,BAGAZAN,1974,10,31,0.0,-999,-999
104067,BAGAZAN,1974,11,01,1.1,-999,-999
104067,BAGAZAN,1974,11,02,2.3,-999,-999
104067,BAGAZAN,1974,11,03,0.0,-999,-999
104067,BAGAZAN,1974,11,04,0.0,-999,-999
104067,BAGAZAN,1974,11,05,21.6,-999,-999
104067,BAGAZAN,1974,11,06,0.0,-999,-999
104067,BAGAZAN,1974,11,07,0.0,-999,-999
104067,BAGAZAN,1974,11,08,16.1,-999,-999
104067,BAGAZAN,1974,11,09,0.0,-999,-999
104067,BAGAZAN,1974,11,10,0.0,-999,-999
104067,BAGAZAN,1974,11,11,0.0,-999,-999
104067,BAGAZAN,1974,11,12,0.0,-999,-999
104067,BAGAZAN,1974,11,13,5.1,-999,-999
104067,BAGAZAN,1974,11,14,32.3,-999,-999
104067,BAGAZAN,1974,11,15,0.0,-999,-999
104067,BAGAZAN,1974,11,16,0.0,-999,-999
104067,BAGAZAN,1974,11,17,9.2,-999,-999
104067,BAGAZAN,1974,11,18,0.0,-999,-999
104067,BAGAZAN,1974,11,19,0.0,-999,-999
104067,BAGAZAN,1974,11,20,13.2,-999,-999
104067,BAGAZAN,1974,11,21,3.9,-999,-999
104067,BAGAZAN,1974,11,22,14.1,-999,-999
104067,BAGAZAN,1974,11,23,0.0,-999,-999
104067,BAGAZAN,1974,11,24,0.0,-999,-999
104067,BAGAZAN,1974,11,25,0.0,-999,-999
104067,BAGAZAN,1974,11,26,17.7,-999,-999
104067,BAGAZAN,1974,11,27,0.0,-999,-999
104067,BAGAZAN,1974,11,28,0.0,-999,-999
104067,BAGAZAN,1974,11,29,0.0,-999,-999
104067,BAGAZAN,1974,11,30,0.0,-999,-999
104067,BAGAZAN,1974,12,01,0.0,-999,-999
104067,BAGAZAN,1974,12,02,0.0,-999,-999
104067,BAGAZAN,1974,12,03,0.0,-999,-999
104067,BAGAZAN,1974,12,04,0.0,-999,-999
104067,BAGAZAN,1974,12,05,0.0,-999,-999
104067,BAGAZAN,1974,12,06,2.1,-999,-999
104067,BAGAZAN,1974,12,07,0.0,-999,-999
104067,BAGAZAN,1974,12,08,0.0,-999,-999
104067,BAGAZAN,1974,12,09,0.0,-999,-999
104067,BAGAZAN,1974,12,10,0.0,-999,-999
104067,BAGAZAN,1974,12,11,11.2,-999,-999
104067,BAGAZAN,1974,12,12,0.0,-999,-999
104067,BAGAZAN,1974,12,13,22.8,-999,-999
104067,BAGAZAN,1974,12,14,34.1,-999,-999
104067,BAGAZAN,1974,12,15,0.0,-999,-999
104067,BAGAZAN,1974,12,16,0.0,-999,-999
104067,BAGAZAN,1974,12,17,0.0,-999,-999
104067,BAGAZAN,1974,12,18,8.3,-999,-999
104067,BAGAZAN,1974,12,19,8.7,-999,-999
104067,BAGAZAN,1974,12,20,14.1,-999,-999
104067,BAGAZAN,1974,12,21,3.3,-999,-999
104067,BAGAZAN,1974,12,22,19.8,-999,-999
104067,BAGAZAN,1974,12,23,0.0,-999,-999
104067,BAGAZAN,1974,12,24,9.7,-999,-999
104067,BAGAZAN,1974,12,25,0.0,-999,-999
104067,BAGAZAN,1974,12,26,0.0,-999,-999
104067,BAGAZAN,1974,12,27,0.0,-999,-999
104067,BAGAZAN,1974,12,28,0.0,-999,-999
104067,BAGAZAN,1974,12,29,0.0,-999,-999
104067,BAGAZAN,1974,12,30,0.0,-999,-999
104067,BAGAZAN,1974,12,31,0.0,-999,-999
104067,BAGAZAN,1975,01,01,0.0,-999,-999
104067,BAGAZAN,1975,01,02,31.9,-999,-999
104067,BAGAZAN,1975,01,03,23.7,-999,-999
104067,BAGAZAN,1975,01,04,0.0,-999,-999
104067,BAGAZAN,1975,01,05,0.0,-999,-999
104067,BAGAZAN,1975,01,06,20.5,-999,-999
104067,BAGAZAN,1975,01,07,34.4,-999,-999
104067,BAGAZAN,1975,01,08,5.1,-999,-999
104067,BAGAZAN,1975,01,09,0.0,-999,-999
104067,BAGAZAN,1975,01,10,18.4,-999,-999
104067,BAGAZAN,1975,01,11,8.4,-999,-999
104067,BAGAZAN,1975,01,12,0.0,-999,-999
104067,BAGAZAN,1975,01,13,11.2,-999,-999
104067,BAGAZAN,1975,01,14,14.1,-999,-999
104067,BAGAZAN,1975,01,15,19.0,-999,-999
104067,BAGAZAN,1975,01,16,0.0,-999,-999
104067,BAGAZAN,1975,01,17,35.3,-999,-999
104067,BAGAZAN,1975,01,18,0.0,-999,-999
104067,BAGAZAN,1975,01,19,0.0,-999,-999
104067,BAGAZAN,1975,01,20,5.8,-999,-999
104067,BAGAZAN,1975,01,21,5.5,-999,-999
104067,BAGAZAN,1975,01,22,0.0,-999,-999
104067,BAGAZAN,1975,01,23,0.0,-999,-999
104067,BAGAZAN,1975,01,24,0.0,-999,-999
104067,BAGAZAN,1975,01,25,0.0,-999,-999
104067,BAGAZAN,1975,01,26,0.0,-999,-999
104067,BAGAZAN,1975,01,27,0.0,-999,-999
104067,BAGAZAN,1975,01,28,7.9,-999,-999
104067,BAGAZAN,1975,01,29,0.0,-999,-999
104067,BAGAZAN,1975,01,30,0.0,-999,-999
104067,BAGAZAN,1975,01,31,0.0,-999,-999
104067,BAGAZAN,1975,02,01,0.0,-999,-999
104067,BAGAZAN,1975,02,02,0.0,-999,-999
104067,BAGAZAN,1975,02,03,0.0,-999,-999
104067,BAGAZAN,1975,02,04,0.0,-999,-999
104067,BAGAZAN,1975,02,05,0.0,-999,-999
104067,BAGAZAN,1975,02,06,0.0,-999,-999
104067,BAGAZAN,1975,02,07,0.0,-999,-999
104067,BAGAZAN,1975,02,08,2.8,-999,-999
104067,BAGAZAN,1975,02,09,0.0,-999,-999
104067,BAGAZAN,1975,02,10,0.0,-999,-999
104067,BAGAZAN,1975,02,11,0.0,-999,-999
104067,BAGAZAN,1975,02,12,0.0,-999,-999
104067,BAGAZAN,1975,02,13,0.0,-999,-999
104067,BAGAZAN,1975,02,14,17.6,-999,-999
104067,BAGAZAN,1975,02,15,0.0,-999,-999
104067,BAGAZAN,1975,02,16,0.0,-999,-999
104067,BAGAZAN,1975,02,17,0.0,-999,-999
104067,BAGAZAN,1975,02,18,29.6,-999,-999
104067,BAGAZAN,1975,02,19,0.0,-999,-999
104067,BAGAZAN,1975,02,20,0.0,-999,-999
104067,BAGAZAN,1975,02,21,25.9,-999,-999
104067,BAGAZAN,1975,02,22,0.0,-999,-999
104067,BAGAZAN,1975,02,23,0.0,-999,-999
104067,BAGAZAN,1975,02,24,25.3,-999,-999
104067,BAGAZAN,1975,02,25,12.5,-999,-999
104067,BAGAZAN,1975,02,26,6.7,-999,-999
104067,BAGAZAN,1975,02,27,0.0,-999,-999
104067,BAGAZAN,1975,02,28,0.0,-999,-999
104067,BAGAZAN,1975,03,01,0.0,-999,-999
104067,BAGAZAN,1975,03,02,14.2,-999,-999
104067,BAGAZAN,1975,03,03,0.0,-999,-999
104067,BAGAZAN,1975,03,04,0.0,-999,-999
104067,BAGAZAN,1975,03,05,9.2,-999,-999
104067,BAGAZAN,1975,03,06,6.5,-999,-999
104067,BAGAZAN,1975,03,07,0.0,-999,-999
104067,BAGAZAN,1975,03,08,76.4,-999,-999
104067,BAGAZAN,1975,03,09,0.0,-999,-999
104067,BAGAZAN,1975,03,10,21.7,-999,-999
104067,BAGAZAN,1975,03,11,0.0,-999,-999
104067,BAGAZAN,1975,03,12,0.0,-999,-999
104067,BAGAZAN,1975,03,13,0.0,-999,-999
104067,BAGAZAN,1975,03,14,0.0,-999,-999
104067,BAGAZAN,1975,03,15,31.6,-999,-999
104067,BAGAZAN,1975,03,16,0.0,-999,-999
104067,BAGAZAN,1975,03,17,0.0,-999,-999
104067,BAGAZAN,1975,03,18,0.0,-999,-999
104067,BAGAZAN,1975,03,19,0.0,-999,-999
104067,BAGAZAN,1975,03,20,29.3,-999,-999
104067,BAGAZAN,1975,03,21,0.0,-999,-999
104067,BAGAZAN,1975,03,22,0.0,-999,-999
104067,BAGAZAN,1975,03,23,28.9,-999,-999
104067,BAGAZAN,1975,03,24,0.0,-999,-999
104067,BAGAZAN,1975,03,25,0.0,-999,-999
104067,BAGAZAN,1975,03,26,30.7,-999,-999
104067,BAGAZAN,1975,03,27,0.0,-999,-999
104067,BAGAZAN,1975,03,28,0.0,-999,-999
104067,BAGAZAN,1975,03,29,21.2,-999,-999
104067,BAGAZAN,1975,03,30,56.8,-999,-999
104067,BAGAZAN,1975,03,31,0.0,-999,-999
104067,BAGAZAN,1975,04,01,0.0,-999,-999
104067,BAGAZAN,1975,04,02,0.0,-999,-999
104067,BAGAZAN,1975,04,03,6.4,-999,-999
104067,BAGAZAN,1975,04,04,0.0,-999,-999
104067,BAGAZAN,1975,04,05,28.1,-999,-999
104067,BAGAZAN,1975,04,06,0.0,-999,-999
104067,BAGAZAN,1975,04,07,10.1,-999,-999
104067,BAGAZAN,1975,04,08,13.9,-999,-999
104067,BAGAZAN,1975,04,09,0.0,-999,-999
104067,BAGAZAN,1975,04,10,0.0,-999,-999
104067,BAGAZAN,1975,04,11,18.5,-999,-999
104067,BAGAZAN,1975,04,12,0.0,-999,-999
104067,BAGAZAN,1975,04,13,0.0,-999,-999
104067,BAGAZAN,1975,04,14,0.0,-999,-999
104067,BAGAZAN,1975,04,15,59.1,-999,-999
104067,BAGAZAN,1975,04,16,8.1,-999,-999
104067,BAGAZAN,1975,04,17,0.0,-999,-999
104067,BAGAZAN,1975,04,18,65.5,-999,-999
104067,BAGAZAN,1975,04,19,17.4,-999,-999
104067,BAGAZAN,1975,04,20,26.1,-999,-999
104067,BAGAZAN,1975,04,21,0.0,-999,-999
104067,BAGAZAN,1975,04,22,0.0,-999,-999
104067,BAGAZAN,1975,04,23,9.3,-999,-999
104067,BAGAZAN,1975,04,24,6.1,-999,-999
104067,BAGAZAN,1975,04,25,0.0,-999,-999
104067,BAGAZAN,1975,04,26,41.2,-999,-999
104067,BAGAZAN,1975,04,27,0.0,-999,-999
104067,BAGAZAN,1975,04,28,0.0,-999,-999
104067,BAGAZAN,1975,04,29,0.0,-999,-999
104067,BAGAZAN,1975,04,30,36.3,-999,-999
104067,BAGAZAN,1975,05,01,0.0,-999,-999
104067,BAGAZAN,1975,05,02,0.0,-999,-999
104067,BAGAZAN,1975,05,03,0.0,-999,-999
104067,BAGAZAN,1975,05,04,0.0,-999,-999
104067,BAGAZAN,1975,05,05,24.3,-999,-999
104067,BAGAZAN,1975,05,06,0.0,-999,-999
104067,BAGAZAN,1975,05,07,11.8,-999,-999
104067,BAGAZAN,1975,05,08,2.3,-999,-999
104067,BAGAZAN,1975,05,09,1.2,-999,-999
104067,BAGAZAN,1975,05,10,0.0,-999,-999
104067,BAGAZAN,1975,05,11,0.0,-999,-999
104067,BAGAZAN,1975,05,12,22.5,-999,-999
104067,BAGAZAN,1975,05,13,0.0,-999,-999
104067,BAGAZAN,1975,05,14,0.0,-999,-999
104067,BAGAZAN,1975,05,15,0.0,-999,-999
104067,BAGAZAN,1975,05,16,0.0,-999,-999
104067,BAGAZAN,1975,05,17,13.1,-999,-999
104067,BAGAZAN,1975,05,18,0.0,-999,-999
104067,BAGAZAN,1975,05,19,22.6,-999,-999
104067,BAGAZAN,1975,05,20,15.1,-999,-999
104067,BAGAZAN,1975,05,21,44.3,-999,-999
104067,BAGAZAN,1975,05,22,6.3,-999,-999
104067,BAGAZAN,1975,05,23,4.2,-999,-999
104067,BAGAZAN,1975,05,24,7.4,-999,-999
104067,BAGAZAN,1975,05,25,0.0,-999,-999
104067,BAGAZAN,1975,05,26,8.3,-999,-999
104067,BAGAZAN,1975,05,27,0.0,-999,-999
104067,BAGAZAN,1975,05,28,21.9,-999,-999
104067,BAGAZAN,1975,05,29,44.1,-999,-999
104067,BAGAZAN,1975,05,30,0.0,-999,-999
104067,BAGAZAN,1975,05,31,0.0,-999,-999
104067,BAGAZAN,1975,06,01,19.2,-999,-999
104067,BAGAZAN,1975,06,02,0.0,-999,-999
104067,BAGAZAN,1975,06,03,26.7,-999,-999
104067,BAGAZAN,1975,06,04,0.0,-999,-999
104067,BAGAZAN,1975,06,05,0.0,-999,-999
104067,BAGAZAN,1975,06,06,0.0,-999,-999
104067,BAGAZAN,1975,06,07,25.0,-999,-999
104067,BAGAZAN,1975,06,08,18.6,-999,-999
104067,BAGAZAN,1975,06,09,0.0,-999,-999
104067,BAGAZAN,1975,06,10,0.0,-999,-999
104067,BAGAZAN,1975,06,11,30.0,-999,-999
104067,BAGAZAN,1975,06,12,0.0,-999,-999
104067,BAGAZAN,1975,06,13,8.2,-999,-999
104067,BAGAZAN,1975,06,14,10.7,-999,-999
104067,BAGAZAN,1975,06,15,16.2,-999,-999
104067,BAGAZAN,1975,06,16,23.2,-999,-999
104067,BAGAZAN,1975,06,17,0.0,-999,-999
104067,BAGAZAN,1975,06,18,9.8,-999,-999
104067,BAGAZAN,1975,06,19,0.0,-999,-999
104067,BAGAZAN,1975,06,20,45.6,-999,-999
104067,BAGAZAN,1975,06,21,0.0,-999,-999
104067,BAGAZAN,1975,06,22,8.9,-999,-999
104067,BAGAZAN,1975,06,23,20.0,-999,-999
104067,BAGAZAN,1975,06,24,0.0,-999,-999
104067,BAGAZAN,1975,06,25,0.0,-999,-999
104067,BAGAZAN,1975,06,26,0.0,-999,-999
104067,BAGAZAN,1975,06,27,30.0,-999,-999
104067,BAGAZAN,1975,06,28,4.1,-999,-999
104067,BAGAZAN,1975,06,29,26.3,-999,-999
104067,BAGAZAN,1975,06,30,30.7,-999,-999
104067,BAGAZAN,1975,07,01,0.0,-999,-999
104067,BAGAZAN,1975,07,02,19.8,-999,-999
104067,BAGAZAN,1975,07,03,9.6,-999,-999
104067,BAGAZAN,1975,07,04,0.0,-999,-999
104067,BAGAZAN,1975,07,05,0.0,-999,-999
104067,BAGAZAN,1975,07,06,26.2,-999,-999
104067,BAGAZAN,1975,07,07,0.0,-999,-999
104067,BAGAZAN,1975,07,08,0.0,-999,-999
104067,BAGAZAN,1975,07,09,15.0,-999,-999
104067,BAGAZAN,1975,07,10,30.1,-999,-999
104067,BAGAZAN,1975,07,11,0.0,-999,-999
104067,BAGAZAN,1975,07,12,0.0,-999,-999
104067,BAGAZAN,1975,07,13,0.0,-999,-999
104067,BAGAZAN,1975,07,14,0.0,-999,-999
104067,BAGAZAN,1975,07,15,0.0,-999,-999
104067,BAGAZAN,1975,07,16,9.3,-999,-999
104067,BAGAZAN,1975,07,17,0.0,-999,-999
104067,BAGAZAN,1975,07,18,0.0,-999,-999
104067,BAGAZAN,1975,07,19,0.0,-999,-999
104067,BAGAZAN,1975,07,20,21.5,-999,-999
104067,BAGAZAN,1975,07,21,0.0,-999,-999
104067,BAGAZAN,1975,07,22,0.0,-999,-999
104067,BAGAZAN,1975,07,23,0.0,-999,-999
104067,BAGAZAN,1975,07,24,0.0,-999,-999
104067,BAGAZAN,1975,07,25,0.0,-999,-999
104067,BAGAZAN,1975,07,26,18.9,-999,-999
104067,BAGAZAN,1975,07,27,0.0,-999,-999
104067,BAGAZAN,1975,07,28,0.0,-999,-999
104067,BAGAZAN,1975,07,29,0.0,-999,-999
104067,BAGAZAN,1975,07,30,13.1,-999,-999
104067,BAGAZAN,1975,07,31,0.0,-999,-999
104067,BAGAZAN,1975,08,01,8.3,-999,-999
104067,BAGAZAN,1975,08,02,0.0,-999,-999
104067,BAGAZAN,1975,08,03,0.0,-999,-999
104067,BAGAZAN,1975,08,04,0.0,-999,-999
104067,BAGAZAN,1975,08,05,0.0,-999,-999
104067,BAGAZAN,1975,08,06,0.0,-999,-999
104067,BAGAZAN,1975,08,07,10.8,-999,-999
104067,BAGAZAN,1975,08,08,0.0,-999,-999
104067,BAGAZAN,1975,08,09,0.0,-999,-999
104067,BAGAZAN,1975,08,10,20.2,-999,-999
104067,BAGAZAN,1975,08,11,0.0,-999,-999
104067,BAGAZAN,1975,08,12,0.0,-999,-999
104067,BAGAZAN,1975,08,13,0.0,-999,-999
104067,BAGAZAN,1975,08,14,18.9,-999,-999
104067,BAGAZAN,1975,08,15,0.0,-999,-999
104067,BAGAZAN,1975,08,16,0.0,-999,-999
104067,BAGAZAN,1975,08,17,21.3,-999,-999
104067,BAGAZAN,1975,08,18,0.0,-999,-999
104067,BAGAZAN,1975,08,19,0.0,-999,-999
104067,BAGAZAN,1975,08,20,0.0,-999,-999
104067,BAGAZAN,1975,08,21,0.0,-999,-999
104067,BAGAZAN,1975,08,22,0.0,-999,-999
104067,BAGAZAN,1975,08,23,0.0,-999,-999
104067,BAGAZAN,1975,08,24,0.0,-999,-999
104067,BAGAZAN,1975,08,25,0.0,-999,-999
104067,BAGAZAN,1975,08,26,0.0,-999,-999
104067,BAGAZAN,1975,08,27,0.0,-999,-999
104067,BAGAZAN,1975,08,28,23.8,-999,-999
104067,BAGAZAN,1975,08,29,0.0,-999,-999
104067,BAGAZAN,1975,08,30,16.5,-999,-999
104067,BAGAZAN,1975,08,31,9.2,-999,-999
104067,BAGAZAN,1975,09,01,0.0,-999,-999
104067,BAGAZAN,1975,09,02,0.0,-999,-999
104067,BAGAZAN,1975,09,03,0.0,-999,-999
104067,BAGAZAN,1975,09,04,20.1,-999,-999
104067,BAGAZAN,1975,09,05,0.0,-999,-999
104067,BAGAZAN,1975,09,06,0.0,-999,-999
104067,BAGAZAN,1975,09,07,0.0,-999,-999
104067,BAGAZAN,1975,09,08,18.2,-999,-999
104067,BAGAZAN,1975,09,09,0.0,-999,-999
104067,BAGAZAN,1975,09,10,0.0,-999,-999
104067,BAGAZAN,1975,09,11,0.0,-999,-999
104067,BAGAZAN,1975,09,12,0.0,-999,-999
104067,BAGAZAN,1975,09,13,0.0,-999,-999
104067,BAGAZAN,1975,09,14,0.0,-999,-999
104067,BAGAZAN,1975,09,15,0.0,-999,-999
104067,BAGAZAN,1975,09,16,0.0,-999,-999
104067,BAGAZAN,1975,09,17,26.5,-999,-999
104067,BAGAZAN,1975,09,18,0.0,-999,-999
104067,BAGAZAN,1975,09,19,12.6,-999,-999
104067,BAGAZAN,1975,09,20,0.0,-999,-999
104067,BAGAZAN,1975,09,21,0.0,-999,-999
104067,BAGAZAN,1975,09,22,17.7,-999,-999
104067,BAGAZAN,1975,09,23,0.0,-999,-999
104067,BAGAZAN,1975,09,24,23.3,-999,-999
104067,BAGAZAN,1975,09,25,0.0,-999,-999
104067,BAGAZAN,1975,09,26,0.0,-999,-999
104067,BAGAZAN,1975,09,27,0.0,-999,-999
104067,BAGAZAN,1975,09,28,0.0,-999,-999
104067,BAGAZAN,1975,09,29,0.0,-999,-999
104067,BAGAZAN,1975,09,30,0.0,-999,-999
104067,BAGAZAN,1975,10,01,0.0,-999,-999
104067,BAGAZAN,1975,10,02,0.0,-999,-999
104067,BAGAZAN,1975,10,03,18.7,-999,-999
104067,BAGAZAN,1975,10,04,0.0,-999,-999
104067,BAGAZAN,1975,10,05,0.0,-999,-999
104067,BAGAZAN,1975,10,06,0.0,-999,-999
104067,BAGAZAN,1975,10,07,25.2,-999,-999
104067,BAGAZAN,1975,10,08,8.5,-999,-999
104067,BAGAZAN,1975,10,09,0.0,-999,-999
104067,BAGAZAN,1975,10,10,0.0,-999,-999
104067,BAGAZAN,1975,10,11,0.0,-999,-999
104067,BAGAZAN,1975,10,12,0.0,-999,-999
104067,BAGAZAN,1975,10,13,30.1,-999,-999
104067,BAGAZAN,1975,10,14,0.0,-999,-999
104067,BAGAZAN,1975,10,15,0.0,-999,-999
104067,BAGAZAN,1975,10,16,0.0,-999,-999
104067,BAGAZAN,1975,10,17,0.0,-999,-999
104067,BAGAZAN,1975,10,18,12.9,-999,-999
104067,BAGAZAN,1975,10,19,0.0,-999,-999
104067,BAGAZAN,1975,10,20,5.9,-999,-999
104067,BAGAZAN,1975,10,21,0.0,-999,-999
104067,BAGAZAN,1975,10,22,0.0,-999,-999
104067,BAGAZAN,1975,10,23,0.0,-999,-999
104067,BAGAZAN,1975,10,24,0.0,-999,-999
104067,BAGAZAN,1975,10,25,0.0,-999,-999
104067,BAGAZAN,1975,10,26,0.0,-999,-999
104067,BAGAZAN,1975,10,27,33.8,-999,-999
104067,BAGAZAN,1975,10,28,0.0,-999,-999
104067,BAGAZAN,1975,10,29,0.0,-999,-999
104067,BAGAZAN,1975,10,30,0.0,-999,-999
104067,BAGAZAN,1975,10,31,16.5,-999,-999
104067,BAGAZAN,1975,11,01,20.1,-999,-999
104067,BAGAZAN,1975,11,02,0.0,-999,-999
104067,BAGAZAN,1975,11,03,40.7,-999,-999
104067,BAGAZAN,1975,11,04,0.0,-999,-999
104067,BAGAZAN,1975,11,05,0.0,-999,-999
104067,BAGAZAN,1975,11,06,0.0,-999,-999
104067,BAGAZAN,1975,11,07,0.0,-999,-999
104067,BAGAZAN,1975,11,08,27.9,-999,-999
104067,BAGAZAN,1975,11,09,10.5,-999,-999
104067,BAGAZAN,1975,11,10,0.0,-999,-999
104067,BAGAZAN,1975,11,11,0.0,-999,-999
104067,BAGAZAN,1975,11,12,0.0,-999,-999
104067,BAGAZAN,1975,11,13,0.0,-999,-999
104067,BAGAZAN,1975,11,14,0.0,-999,-999
104067,BAGAZAN,1975,11,15,0.0,-999,-999
104067,BAGAZAN,1975,11,16,31.2,-999,-999
104067,BAGAZAN,1975,11,17,9.2,-999,-999
104067,BAGAZAN,1975,11,18,0.0,-999,-999
104067,BAGAZAN,1975,11,19,0.0,-999,-999
104067,BAGAZAN,1975,11,20,0.0,-999,-999
104067,BAGAZAN,1975,11,21,0.0,-999,-999
104067,BAGAZAN,1975,11,22,0.0,-999,-999
104067,BAGAZAN,1975,11,23,17.8,-999,-999
104067,BAGAZAN,1975,11,24,0.0,-999,-999
104067,BAGAZAN,1975,11,25,19.3,-999,-999
104067,BAGAZAN,1975,11,26,0.0,-999,-999
104067,BAGAZAN,1975,11,27,21.1,-999,-999
104067,BAGAZAN,1975,11,28,0.0,-999,-999
104067,BAGAZAN,1975,11,29,32.1,-999,-999
104067,BAGAZAN,1975,11,30,14.8,-999,-999
104067,BAGAZAN,1975,12,01,0.6,-999,-999
104067,BAGAZAN,1975,12,02,0.0,-999,-999
104067,BAGAZAN,1975,12,03,11.2,-999,-999
104067,BAGAZAN,1975,12,04,2.2,-999,-999
104067,BAGAZAN,1975,12,05,0.0,-999,-999
104067,BAGAZAN,1975,12,06,0.0,-999,-999
104067,BAGAZAN,1975,12,07,5.5,-999,-999
104067,BAGAZAN,1975,12,08,7.0,-999,-999
104067,BAGAZAN,1975,12,09,0.0,-999,-999
104067,BAGAZAN,1975,12,10,0.0,-999,-999
104067,BAGAZAN,1975,12,11,7.4,-999,-999
104067,BAGAZAN,1975,12,12,16.6,-999,-999
104067,BAGAZAN,1975,12,13,0.0,-999,-999
104067,BAGAZAN,1975,12,14,0.0,-999,-999
104067,BAGAZAN,1975,12,15,14.2,-999,-999
104067,BAGAZAN,1975,12,16,1.8,-999,-999
104067,BAGAZAN,1975,12,17,0.0,-999,-999
104067,BAGAZAN,1975,12,18,1.0,-999,-999
104067,BAGAZAN,1975,12,19,0.8,-999,-999
104067,BAGAZAN,1975,12,20,0.0,-999,-999
104067,BAGAZAN,1975,12,21,0.0,-999,-999
104067,BAGAZAN,1975,12,22,5.0,-999,-999
104067,BAGAZAN,1975,12,23,19.0,-999,-999
104067,BAGAZAN,1975,12,24,9.2,-999,-999
104067,BAGAZAN,1975,12,25,2.0,-999,-999
104067,BAGAZAN,1975,12,26,0.0,-999,-999
104067,BAGAZAN,1975,12,27,0.0,-999,-999
104067,BAGAZAN,1975,12,28,0.0,-999,-999
104067,BAGAZAN,1975,12,29,11.2,-999,-999
104067,BAGAZAN,1975,12,30,7.4,-999,-999
104067,BAGAZAN,1975,12,31,12.0,-999,-999
104067,BAGAZAN,1976,01,01,6.7,-999,-999
104067,BAGAZAN,1976,01,02,0.0,-999,-999
104067,BAGAZAN,1976,01,03,0.0,-999,-999
104067,BAGAZAN,1976,01,04,0.0,-999,-999
104067,BAGAZAN,1976,01,05,0.0,-999,-999
104067,BAGAZAN,1976,01,06,17.5,-999,-999
104067,BAGAZAN,1976,01,07,16.6,-999,-999
104067,BAGAZAN,1976,01,08,1.0,-999,-999
104067,BAGAZAN,1976,01,09,0.0,-999,-999
104067,BAGAZAN,1976,01,10,10.0,-999,-999
104067,BAGAZAN,1976,01,11,7.5,-999,-999
104067,BAGAZAN,1976,01,12,7.2,-999,-999
104067,BAGAZAN,1976,01,13,5.0,-999,-999
104067,BAGAZAN,1976,01,14,1.4,-999,-999
104067,BAGAZAN,1976,01,15,1.0,-999,-999
104067,BAGAZAN,1976,01,16,0.0,-999,-999
104067,BAGAZAN,1976,01,17,9.9,-999,-999
104067,BAGAZAN,1976,01,18,1.0,-999,-999
104067,BAGAZAN,1976,01,19,0.0,-999,-999
104067,BAGAZAN,1976,01,20,0.0,-999,-999
104067,BAGAZAN,1976,01,21,0.0,-999,-999
104067,BAGAZAN,1976,01,22,0.0,-999,-999
104067,BAGAZAN,1976,01,23,0.0,-999,-999
104067,BAGAZAN,1976,01,24,0.0,-999,-999
104067,BAGAZAN,1976,01,25,3.4,-999,-999
104067,BAGAZAN,1976,01,26,5.4,-999,-999
104067,BAGAZAN,1976,01,27,1.7,-999,-999
104067,BAGAZAN,1976,01,28,5.5,-999,-999
104067,BAGAZAN,1976,01,29,17.0,-999,-999
104067,BAGAZAN,1976,01,30,16.0,-999,-999
104067,BAGAZAN,1976,01,31,9.2,-999,-999
104067,BAGAZAN,1976,02,01,21.5,-999,-999
104067,BAGAZAN,1976,02,02,18.4,-999,-999
104067,BAGAZAN,1976,02,03,25.0,-999,-999
104067,BAGAZAN,1976,02,04,17.0,-999,-999
104067,BAGAZAN,1976,02,05,0.0,-999,-999
104067,BAGAZAN,1976,02,06,1.0,-999,-999
104067,BAGAZAN,1976,02,07,10.9,-999,-999
104067,BAGAZAN,1976,02,08,0.8,-999,-999
104067,BAGAZAN,1976,02,09,1.2,-999,-999
104067,BAGAZAN,1976,02,10,0.0,-999,-999
104067,BAGAZAN,1976,02,11,0.0,-999,-999
104067,BAGAZAN,1976,02,12,10.0,-999,-999
104067,BAGAZAN,1976,02,13,35.6,-999,-999
104067,BAGAZAN,1976,02,14,17.4,-999,-999
104067,BAGAZAN,1976,02,15,1.0,-999,-999
104067,BAGAZAN,1976,02,16,0.0,-999,-999
104067,BAGAZAN,1976,02,17,0.0,-999,-999
104067,BAGAZAN,1976,02,18,0.0,-999,-999
104067,BAGAZAN,1976,02,19,13.4,-999,-999
104067,BAGAZAN,1976,02,20,7.4,-999,-999
104067,BAGAZAN,1976,02,21,5.8,-999,-999
104067,BAGAZAN,1976,02,22,13.8,-999,-999
104067,BAGAZAN,1976,02,23,1.0,-999,-999
104067,BAGAZAN,1976,02,24,0.9,-999,-999
104067,BAGAZAN,1976,02,25,0.0,-999,-999
104067,BAGAZAN,1976,02,26,3.5,-999,-999
104067,BAGAZAN,1976,02,27,23.4,-999,-999
104067,BAGAZAN,1976,02,28,10.0,-999,-999
104067,BAGAZAN,1976,02,29,-999,-999,-999
104067,BAGAZAN,1976,04,01,0.0,-999,-999
104067,BAGAZAN,1976,04,02,0.0,-999,-999
104067,BAGAZAN,1976,04,03,0.0,-999,-999
104067,BAGAZAN,1976,04,04,-888,-999,-999
104067,BAGAZAN,1976,04,05,61.0,-999,-999
104067,BAGAZAN,1976,04,06,40.0,-999,-999
104067,BAGAZAN,1976,04,07,40.0,-999,-999
104067,BAGAZAN,1976,04,08,-888,-999,-999
104067,BAGAZAN,1976,04,09,0.0,-999,-999
104067,BAGAZAN,1976,04,10,3.0,-999,-999
104067,BAGAZAN,1976,04,11,0.0,-999,-999
104067,BAGAZAN,1976,04,12,0.0,-999,-999
104067,BAGAZAN,1976,04,13,2.0,-999,-999
104067,BAGAZAN,1976,04,14,0.0,-999,-999
104067,BAGAZAN,1976,04,15,1.0,-999,-999
104067,BAGAZAN,1976,04,16,33.0,-999,-999
104067,BAGAZAN,1976,04,17,18.0,-999,-999
104067,BAGAZAN,1976,04,18,5.0,-999,-999
104067,BAGAZAN,1976,04,19,35.0,-999,-999
104067,BAGAZAN,1976,04,20,17.0,-999,-999
104067,BAGAZAN,1976,04,21,0.0,-999,-999
104067,BAGAZAN,1976,04,22,8.0,-999,-999
104067,BAGAZAN,1976,04,23,8.0,-999,-999
104067,BAGAZAN,1976,04,24,-888,-999,-999
104067,BAGAZAN,1976,04,25,0.0,-999,-999
104067,BAGAZAN,1976,04,26,0.0,-999,-999
104067,BAGAZAN,1976,04,27,11.0,-999,-999
104067,BAGAZAN,1976,04,28,21.0,-999,-999
104067,BAGAZAN,1976,04,29,0.0,-999,-999
104067,BAGAZAN,1976,04,30,0.0,-999,-999
104067,BAGAZAN,1976,05,01,6.0,-999,-999
104067,BAGAZAN,1976,05,02,-888,-999,-999
104067,BAGAZAN,1976,05,03,12.0,-999,-999
104067,BAGAZAN,1976,05,04,31.0,-999,-999
104067,BAGAZAN,1976,05,05,35.0,-999,-999
104067,BAGAZAN,1976,05,06,-888,-999,-999
104067,BAGAZAN,1976,05,07,5.0,-999,-999
104067,BAGAZAN,1976,05,08,9.0,-999,-999
104067,BAGAZAN,1976,05,09,1.0,-999,-999
104067,BAGAZAN,1976,05,10,3.0,-999,-999
104067,BAGAZAN,1976,05,11,4.0,-999,-999
104067,BAGAZAN,1976,05,12,-888,-999,-999
104067,BAGAZAN,1976,05,13,-888,-999,-999
104067,BAGAZAN,1976,05,14,-888,-999,-999
104067,BAGAZAN,1976,05,15,3.0,-999,-999
104067,BAGAZAN,1976,05,16,8.0,-999,-999
104067,BAGAZAN,1976,05,17,9.0,-999,-999
104067,BAGAZAN,1976,05,18,54.0,-999,-999
104067,BAGAZAN,1976,05,19,15.0,-999,-999
104067,BAGAZAN,1976,05,20,0.0,-999,-999
104067,BAGAZAN,1976,05,21,0.0,-999,-999
104067,BAGAZAN,1976,05,22,0.0,-999,-999
104067,BAGAZAN,1976,05,23,3.0,-999,-999
104067,BAGAZAN,1976,05,24,4.0,-999,-999
104067,BAGAZAN,1976,05,25,3.0,-999,-999
104067,BAGAZAN,1976,05,26,6.0,-999,-999
104067,BAGAZAN,1976,05,27,-888,-999,-999
104067,BAGAZAN,1976,05,28,0.0,-999,-999
104067,BAGAZAN,1976,05,29,3.0,-999,-999
104067,BAGAZAN,1976,05,30,16.0,-999,-999
104067,BAGAZAN,1976,05,31,12.0,-999,-999
104067,BAGAZAN,1976,06,01,0.0,-999,-999
104067,BAGAZAN,1976,06,02,2.0,-999,-999
104067,BAGAZAN,1976,06,03,6.0,-999,-999
104067,BAGAZAN,1976,06,04,3.0,-999,-999
104067,BAGAZAN,1976,06,05,-888,-999,-999
104067,BAGAZAN,1976,06,06,9.0,-999,-999
104067,BAGAZAN,1976,06,07,24.0,-999,-999
104067,BAGAZAN,1976,06,08,23.0,-999,-999
104067,BAGAZAN,1976,06,09,5.0,-999,-999
104067,BAGAZAN,1976,06,10,0.0,-999,-999
104067,BAGAZAN,1976,06,11,0.0,-999,-999
104067,BAGAZAN,1976,06,12,0.0,-999,-999
104067,BAGAZAN,1976,06,13,0.0,-999,-999
104067,BAGAZAN,1976,06,14,-888,-999,-999
104067,BAGAZAN,1976,06,15,0.0,-999,-999
104067,BAGAZAN,1976,06,16,0.0,-999,-999
104067,BAGAZAN,1976,06,17,32.0,-999,-999
104067,BAGAZAN,1976,06,18,4.0,-999,-999
104067,BAGAZAN,1976,06,19,-888,-999,-999
104067,BAGAZAN,1976,06,20,24.0,-999,-999
104067,BAGAZAN,1976,06,21,-888,-999,-999
104067,BAGAZAN,1976,06,22,9.0,-999,-999
104067,BAGAZAN,1976,06,23,-888,-999,-999
104067,BAGAZAN,1976,06,24,0.0,-999,-999
104067,BAGAZAN,1976,06,25,-888,-999,-999
104067,BAGAZAN,1976,06,26,-888,-999,-999
104067,BAGAZAN,1976,06,27,0.0,-999,-999
104067,BAGAZAN,1976,06,28,4.0,-999,-999
104067,BAGAZAN,1976,06,29,25.0,-999,-999
104067,BAGAZAN,1976,06,30,-888,-999,-999
104067,BAGAZAN,1976,07,01,0.0,-999,-999
104067,BAGAZAN,1976,07,02,0.0,-999,-999
104067,BAGAZAN,1976,07,03,-888,-999,-999
104067,BAGAZAN,1976,07,04,0.0,-999,-999
104067,BAGAZAN,1976,07,05,2.0,-999,-999
104067,BAGAZAN,1976,07,06,-888,-999,-999
104067,BAGAZAN,1976,07,07,0.0,-999,-999
104067,BAGAZAN,1976,07,08,-888,-999,-999
104067,BAGAZAN,1976,07,09,4.0,-999,-999
104067,BAGAZAN,1976,07,10,20.0,-999,-999
104067,BAGAZAN,1976,07,11,3.0,-999,-999
104067,BAGAZAN,1976,07,12,0.0,-999,-999
104067,BAGAZAN,1976,07,13,-888,-999,-999
104067,BAGAZAN,1976,07,14,-888,-999,-999
104067,BAGAZAN,1976,07,15,0.0,-999,-999
104067,BAGAZAN,1976,07,16,-888,-999,-999
104067,BAGAZAN,1976,07,17,16.0,-999,-999
104067,BAGAZAN,1976,07,18,0.0,-999,-999
104067,BAGAZAN,1976,07,19,0.0,-999,-999
104067,BAGAZAN,1976,07,20,-888,-999,-999
104067,BAGAZAN,1976,07,21,0.0,-999,-999
104067,BAGAZAN,1976,07,22,24.0,-999,-999
104067,BAGAZAN,1976,07,23,-888,-999,-999
104067,BAGAZAN,1976,07,24,14.0,-999,-999
104067,BAGAZAN,1976,07,25,15.0,-999,-999
104067,BAGAZAN,1976,07,26,0.0,-999,-999
104067,BAGAZAN,1976,07,27,4.0,-999,-999
104067,BAGAZAN,1976,07,28,13.0,-999,-999
104067,BAGAZAN,1976,07,29,7.0,-999,-999
104067,BAGAZAN,1976,07,30,-888,-999,-999
104067,BAGAZAN,1976,07,31,3.0,-999,-999
104067,BAGAZAN,1976,08,01,0.0,-999,-999
104067,BAGAZAN,1976,08,02,5.0,-999,-999
104067,BAGAZAN,1976,08,03,17.0,-999,-999
104067,BAGAZAN,1976,08,04,-888,-999,-999
104067,BAGAZAN,1976,08,05,0.0,-999,-999
104067,BAGAZAN,1976,08,06,0.0,-999,-999
104067,BAGAZAN,1976,08,07,0.0,-999,-999
104067,BAGAZAN,1976,08,08,-888,-999,-999
104067,BAGAZAN,1976,08,09,0.0,-999,-999
104067,BAGAZAN,1976,08,10,2.0,-999,-999
104067,BAGAZAN,1976,08,11,15.0,-999,-999
104067,BAGAZAN,1976,08,12,-888,-999,-999
104067,BAGAZAN,1976,08,13,3.0,-999,-999
104067,BAGAZAN,1976,08,14,-888,-999,-999
104067,BAGAZAN,1976,08,15,0.0,-999,-999
104067,BAGAZAN,1976,08,16,0.0,-999,-999
104067,BAGAZAN,1976,08,17,0.0,-999,-999
104067,BAGAZAN,1976,08,18,0.0,-999,-999
104067,BAGAZAN,1976,08,19,15.0,-999,-999
104067,BAGAZAN,1976,08,20,0.0,-999,-999
104067,BAGAZAN,1976,08,21,0.0,-999,-999
104067,BAGAZAN,1976,08,22,-888,-999,-999
104067,BAGAZAN,1976,08,23,0.0,-999,-999
104067,BAGAZAN,1976,08,24,4.0,-999,-999
104067,BAGAZAN,1976,08,25,0.0,-999,-999
104067,BAGAZAN,1976,08,26,33.0,-999,-999
104067,BAGAZAN,1976,08,27,18.0,-999,-999
104067,BAGAZAN,1976,08,28,40.0,-999,-999
104067,BAGAZAN,1976,08,29,-888,-999,-999
104067,BAGAZAN,1976,08,30,3.0,-999,-999
104067,BAGAZAN,1976,08,31,0.0,-999,-999
104067,BAGAZAN,1976,09,01,33.0,-999,-999
104067,BAGAZAN,1976,09,02,0.0,-999,-999
104067,BAGAZAN,1976,09,03,-888,-999,-999
104067,BAGAZAN,1976,09,04,2.0,-999,-999
104067,BAGAZAN,1976,09,05,3.0,-999,-999
104067,BAGAZAN,1976,09,06,6.0,-999,-999
104067,BAGAZAN,1976,09,07,4.0,-999,-999
104067,BAGAZAN,1976,09,08,6.0,-999,-999
104067,BAGAZAN,1976,09,09,0.0,-999,-999
104067,BAGAZAN,1976,09,10,0.0,-999,-999
104067,BAGAZAN,1976,09,11,1.0,-999,-999
104067,BAGAZAN,1976,09,12,0.0,-999,-999
104067,BAGAZAN,1976,09,13,15.0,-999,-999
104067,BAGAZAN,1976,09,14,0.0,-999,-999
104067,BAGAZAN,1976,09,15,0.0,-999,-999
104067,BAGAZAN,1976,09,16,0.0,-999,-999
104067,BAGAZAN,1976,09,17,4.0,-999,-999
104067,BAGAZAN,1976,09,18,5.0,-999,-999
104067,BAGAZAN,1976,09,19,30.0,-999,-999
104067,BAGAZAN,1976,09,20,3.0,-999,-999
104067,BAGAZAN,1976,09,21,20.0,-999,-999
104067,BAGAZAN,1976,09,22,0.0,-999,-999
104067,BAGAZAN,1976,09,23,-888,-999,-999
104067,BAGAZAN,1976,09,24,-888,-999,-999
104067,BAGAZAN,1976,09,25,0.0,-999,-999
104067,BAGAZAN,1976,09,26,26.0,-999,-999
104067,BAGAZAN,1976,09,27,0.0,-999,-999
104067,BAGAZAN,1976,09,28,0.0,-999,-999
104067,BAGAZAN,1976,09,29,0.0,-999,-999
104067,BAGAZAN,1976,09,30,5.0,-999,-999
104067,BAGAZAN,1976,10,01,28.4,-999,-999
104067,BAGAZAN,1976,10,02,0.0,-999,-999
104067,BAGAZAN,1976,10,03,0.0,-999,-999
104067,BAGAZAN,1976,10,04,0.0,-999,-999
104067,BAGAZAN,1976,10,05,0.0,-999,-999
104067,BAGAZAN,1976,10,06,-888,-999,-999
104067,BAGAZAN,1976,10,07,-888,-999,-999
104067,BAGAZAN,1976,10,08,0.0,-999,-999
104067,BAGAZAN,1976,10,09,0.0,-999,-999
104067,BAGAZAN,1976,10,10,71.5,-999,-999
104067,BAGAZAN,1976,10,11,-888,-999,-999
104067,BAGAZAN,1976,10,12,64.9,-999,-999
104067,BAGAZAN,1976,10,13,3.8,-999,-999
104067,BAGAZAN,1976,10,14,0.0,-999,-999
104067,BAGAZAN,1976,10,15,12.2,-999,-999
104067,BAGAZAN,1976,10,16,-888,-999,-999
104067,BAGAZAN,1976,10,17,-888,-999,-999
104067,BAGAZAN,1976,10,18,0.0,-999,-999
104067,BAGAZAN,1976,10,19,32.2,-999,-999
104067,BAGAZAN,1976,10,20,98.5,-999,-999
104067,BAGAZAN,1976,10,21,0.0,-999,-999
104067,BAGAZAN,1976,10,22,-888,-999,-999
104067,BAGAZAN,1976,10,23,0.0,-999,-999
104067,BAGAZAN,1976,10,24,12.5,-999,-999
104067,BAGAZAN,1976,10,25,0.0,-999,-999
104067,BAGAZAN,1976,10,26,0.0,-999,-999
104067,BAGAZAN,1976,10,27,38.4,-999,-999
104067,BAGAZAN,1976,10,28,0.0,-999,-999
104067,BAGAZAN,1976,10,29,0.0,-999,-999
104067,BAGAZAN,1976,10,30,0.0,-999,-999
104067,BAGAZAN,1976,10,31,0.0,-999,-999
104067,BAGAZAN,1976,11,01,0.0,-999,-999
104067,BAGAZAN,1976,11,02,17.0,-999,-999
104067,BAGAZAN,1976,11,03,0.0,-999,-999
104067,BAGAZAN,1976,11,04,0.0,-999,-999
104067,BAGAZAN,1976,11,05,0.0,-999,-999
104067,BAGAZAN,1976,11,06,7.8,-999,-999
104067,BAGAZAN,1976,11,07,0.0,-999,-999
104067,BAGAZAN,1976,11,08,10.3,-999,-999
104067,BAGAZAN,1976,11,09,17.9,-999,-999
104067,BAGAZAN,1976,11,10,11.3,-999,-999
104067,BAGAZAN,1976,11,11,0.0,-999,-999
104067,BAGAZAN,1976,11,12,-888,-999,-999
104067,BAGAZAN,1976,11,13,12.0,-999,-999
104067,BAGAZAN,1976,11,14,0.0,-999,-999
104067,BAGAZAN,1976,11,15,0.0,-999,-999
104067,BAGAZAN,1976,11,16,12.7,-999,-999
104067,BAGAZAN,1976,11,17,0.0,-999,-999
104067,BAGAZAN,1976,11,18,4.8,-999,-999
104067,BAGAZAN,1976,11,19,12.3,-999,-999
104067,BAGAZAN,1976,11,20,30.3,-999,-999
104067,BAGAZAN,1976,11,21,73.4,-999,-999
104067,BAGAZAN,1976,11,22,0.0,-999,-999
104067,BAGAZAN,1976,11,23,3.5,-999,-999
104067,BAGAZAN,1976,11,24,4.3,-999,-999
104067,BAGAZAN,1976,11,25,6.0,-999,-999
104067,BAGAZAN,1976,11,26,10.0,-999,-999
104067,BAGAZAN,1976,11,27,0.0,-999,-999
104067,BAGAZAN,1976,11,28,8.3,-999,-999
104067,BAGAZAN,1976,11,29,21.5,-999,-999
104067,BAGAZAN,1976,11,30,0.0,-999,-999
104067,BAGAZAN,1976,12,01,5.0,-999,-999
104067,BAGAZAN,1976,12,02,0.0,-999,-999
104067,BAGAZAN,1976,12,03,0.0,-999,-999
104067,BAGAZAN,1976,12,04,0.0,-999,-999
104067,BAGAZAN,1976,12,05,0.0,-999,-999
104067,BAGAZAN,1976,12,06,0.0,-999,-999
104067,BAGAZAN,1976,12,07,0.0,-999,-999
104067,BAGAZAN,1976,12,08,44.5,-999,-999
104067,BAGAZAN,1976,12,09,4.1,-999,-999
104067,BAGAZAN,1976,12,10,0.0,-999,-999
104067,BAGAZAN,1976,12,11,20.0,-999,-999
104067,BAGAZAN,1976,12,12,23.5,-999,-999
104067,BAGAZAN,1976,12,13,0.0,-999,-999
104067,BAGAZAN,1976,12,14,15.5,-999,-999
104067,BAGAZAN,1976,12,15,0.0,-999,-999
104067,BAGAZAN,1976,12,16,0.0,-999,-999
104067,BAGAZAN,1976,12,17,0.0,-999,-999
104067,BAGAZAN,1976,12,18,30.0,-999,-999
104067,BAGAZAN,1976,12,19,2.0,-999,-999
104067,BAGAZAN,1976,12,20,16.0,-999,-999
104067,BAGAZAN,1976,12,21,0.0,-999,-999
104067,BAGAZAN,1976,12,22,5.6,-999,-999
104067,BAGAZAN,1976,12,23,3.3,-999,-999
104067,BAGAZAN,1976,12,24,0.0,-999,-999
104067,BAGAZAN,1976,12,25,1.5,-999,-999
104067,BAGAZAN,1976,12,26,2.5,-999,-999
104067,BAGAZAN,1976,12,27,5.3,-999,-999
104067,BAGAZAN,1976,12,28,3.3,-999,-999
104067,BAGAZAN,1976,12,29,-888,-999,-999
104067,BAGAZAN,1976,12,30,12.3,-999,-999
104067,BAGAZAN,1976,12,31,0.0,-999,-999
104067,BAGAZAN,1977,01,01,0.0,-999,-999
104067,BAGAZAN,1977,01,02,0.0,-999,-999
104067,BAGAZAN,1977,01,03,21.4,-999,-999
104067,BAGAZAN,1977,01,04,0.0,-999,-999
104067,BAGAZAN,1977,01,05,0.0,-999,-999
104067,BAGAZAN,1977,01,06,20.8,-999,-999
104067,BAGAZAN,1977,01,07,0.0,-999,-999
104067,BAGAZAN,1977,01,08,0.0,-999,-999
104067,BAGAZAN,1977,01,09,0.0,-999,-999
104067,BAGAZAN,1977,01,10,0.0,-999,-999
104067,BAGAZAN,1977,01,11,0.0,-999,-999
104067,BAGAZAN,1977,01,12,0.0,-999,-999
104067,BAGAZAN,1977,01,13,29.7,-999,-999
104067,BAGAZAN,1977,01,14,0.0,-999,-999
104067,BAGAZAN,1977,01,15,0.0,-999,-999
104067,BAGAZAN,1977,01,16,31.2,-999,-999
104067,BAGAZAN,1977,01,17,0.0,-999,-999
104067,BAGAZAN,1977,01,18,0.0,-999,-999
104067,BAGAZAN,1977,01,19,0.0,-999,-999
104067,BAGAZAN,1977,01,20,0.0,-999,-999
104067,BAGAZAN,1977,01,21,34.2,-999,-999
104067,BAGAZAN,1977,01,22,0.0,-999,-999
104067,BAGAZAN,1977,01,23,0.0,-999,-999
104067,BAGAZAN,1977,01,24,0.0,-999,-999
104067,BAGAZAN,1977,01,25,0.0,-999,-999
104067,BAGAZAN,1977,01,26,0.0,-999,-999
104067,BAGAZAN,1977,01,27,0.0,-999,-999
104067,BAGAZAN,1977,01,28,0.0,-999,-999
104067,BAGAZAN,1977,01,29,0.0,-999,-999
104067,BAGAZAN,1977,01,30,24.2,-999,-999
104067,BAGAZAN,1977,01,31,10.2,-999,-999
104067,BAGAZAN,1977,02,01,50.1,-999,-999
104067,BAGAZAN,1977,02,02,0.0,-999,-999
104067,BAGAZAN,1977,02,03,26.2,-999,-999
104067,BAGAZAN,1977,02,04,0.0,-999,-999
104067,BAGAZAN,1977,02,05,0.0,-999,-999
104067,BAGAZAN,1977,02,06,0.0,-999,-999
104067,BAGAZAN,1977,02,07,0.0,-999,-999
104067,BAGAZAN,1977,02,08,0.0,-999,-999
104067,BAGAZAN,1977,02,09,29.0,-999,-999
104067,BAGAZAN,1977,02,10,0.0,-999,-999
104067,BAGAZAN,1977,02,11,46.6,-999,-999
104067,BAGAZAN,1977,02,12,0.0,-999,-999
104067,BAGAZAN,1977,02,13,15.4,-999,-999
104067,BAGAZAN,1977,02,14,8.8,-999,-999
104067,BAGAZAN,1977,02,15,0.0,-999,-999
104067,BAGAZAN,1977,02,16,2.4,-999,-999
104067,BAGAZAN,1977,02,17,0.0,-999,-999
104067,BAGAZAN,1977,02,18,41.4,-999,-999
104067,BAGAZAN,1977,02,19,0.0,-999,-999
104067,BAGAZAN,1977,02,20,10.3,-999,-999
104067,BAGAZAN,1977,02,21,0.0,-999,-999
104067,BAGAZAN,1977,02,22,0.0,-999,-999
104067,BAGAZAN,1977,02,23,16.4,-999,-999
104067,BAGAZAN,1977,02,24,0.0,-999,-999
104067,BAGAZAN,1977,02,25,0.0,-999,-999
104067,BAGAZAN,1977,02,26,14.4,-999,-999
104067,BAGAZAN,1977,02,27,0.0,-999,-999
104067,BAGAZAN,1977,02,28,0.0,-999,-999
104067,BAGAZAN,1977,03,01,83.0,-999,-999
104067,BAGAZAN,1977,03,02,-888,-999,-999
104067,BAGAZAN,1977,03,03,10.0,-999,-999
104067,BAGAZAN,1977,03,04,50.0,-999,-999
104067,BAGAZAN,1977,03,05,12.0,-999,-999
104067,BAGAZAN,1977,03,06,25.0,-999,-999
104067,BAGAZAN,1977,03,07,50.0,-999,-999
104067,BAGAZAN,1977,03,08,42.0,-999,-999
104067,BAGAZAN,1977,03,09,29.0,-999,-999
104067,BAGAZAN,1977,03,10,0.0,-999,-999
104067,BAGAZAN,1977,03,11,40.0,-999,-999
104067,BAGAZAN,1977,03,12,52.0,-999,-999
104067,BAGAZAN,1977,03,13,38.0,-999,-999
104067,BAGAZAN,1977,03,14,36.0,-999,-999
104067,BAGAZAN,1977,03,15,0.0,-999,-999
104067,BAGAZAN,1977,03,16,0.0,-999,-999
104067,BAGAZAN,1977,03,17,0.0,-999,-999
104067,BAGAZAN,1977,03,18,0.0,-999,-999
104067,BAGAZAN,1977,03,19,30.0,-999,-999
104067,BAGAZAN,1977,03,20,30.0,-999,-999
104067,BAGAZAN,1977,03,21,45.0,-999,-999
104067,BAGAZAN,1977,03,22,41.0,-999,-999
104067,BAGAZAN,1977,03,23,0.0,-999,-999
104067,BAGAZAN,1977,03,24,28.0,-999,-999
104067,BAGAZAN,1977,03,25,36.0,-999,-999
104067,BAGAZAN,1977,03,26,0.0,-999,-999
104067,BAGAZAN,1977,03,27,37.0,-999,-999
104067,BAGAZAN,1977,03,28,19.0,-999,-999
104067,BAGAZAN,1977,03,29,25.0,-999,-999
104067,BAGAZAN,1977,03,30,40.0,-999,-999
104067,BAGAZAN,1977,03,31,43.0,-999,-999
104067,BAGAZAN,1977,04,01,0.0,-999,-999
104067,BAGAZAN,1977,04,02,16.0,-999,-999
104067,BAGAZAN,1977,04,03,2.3,-999,-999
104067,BAGAZAN,1977,04,04,0.0,-999,-999
104067,BAGAZAN,1977,04,05,0.0,-999,-999
104067,BAGAZAN,1977,04,06,0.0,-999,-999
104067,BAGAZAN,1977,04,07,19.0,-999,-999
104067,BAGAZAN,1977,04,08,20.0,-999,-999
104067,BAGAZAN,1977,04,09,0.0,-999,-999
104067,BAGAZAN,1977,04,10,0.0,-999,-999
104067,BAGAZAN,1977,04,11,0.0,-999,-999
104067,BAGAZAN,1977,04,12,0.0,-999,-999
104067,BAGAZAN,1977,04,13,17.0,-999,-999
104067,BAGAZAN,1977,04,14,0.0,-999,-999
104067,BAGAZAN,1977,04,15,26.0,-999,-999
104067,BAGAZAN,1977,04,16,41.0,-999,-999
104067,BAGAZAN,1977,04,17,0.0,-999,-999
104067,BAGAZAN,1977,04,18,0.0,-999,-999
104067,BAGAZAN,1977,04,19,30.0,-999,-999
104067,BAGAZAN,1977,04,20,0.0,-999,-999
104067,BAGAZAN,1977,04,21,11.0,-999,-999
104067,BAGAZAN,1977,04,22,0.0,-999,-999
104067,BAGAZAN,1977,04,23,0.0,-999,-999
104067,BAGAZAN,1977,04,24,31.0,-999,-999
104067,BAGAZAN,1977,04,25,0.0,-999,-999
104067,BAGAZAN,1977,04,26,25.0,-999,-999
104067,BAGAZAN,1977,04,27,0.0,-999,-999
104067,BAGAZAN,1977,04,28,0.0,-999,-999
104067,BAGAZAN,1977,04,29,0.0,-999,-999
104067,BAGAZAN,1977,04,30,30.0,-999,-999
104067,BAGAZAN,1977,05,01,0.0,-999,-999
104067,BAGAZAN,1977,05,02,0.0,-999,-999
104067,BAGAZAN,1977,05,03,11.7,-999,-999
104067,BAGAZAN,1977,05,04,0.0,-999,-999
104067,BAGAZAN,1977,05,05,10.0,-999,-999
104067,BAGAZAN,1977,05,06,0.0,-999,-999
104067,BAGAZAN,1977,05,07,0.0,-999,-999
104067,BAGAZAN,1977,05,08,13.5,-999,-999
104067,BAGAZAN,1977,05,09,0.0,-999,-999
104067,BAGAZAN,1977,05,10,12.0,-999,-999
104067,BAGAZAN,1977,05,11,0.0,-999,-999
104067,BAGAZAN,1977,05,12,7.1,-999,-999
104067,BAGAZAN,1977,05,13,0.0,-999,-999
104067,BAGAZAN,1977,05,14,0.0,-999,-999
104067,BAGAZAN,1977,05,15,14.0,-999,-999
104067,BAGAZAN,1977,05,16,0.0,-999,-999
104067,BAGAZAN,1977,05,17,0.0,-999,-999
104067,BAGAZAN,1977,05,18,20.1,-999,-999
104067,BAGAZAN,1977,05,19,0.0,-999,-999
104067,BAGAZAN,1977,05,20,0.0,-999,-999
104067,BAGAZAN,1977,05,21,14.2,-999,-999
104067,BAGAZAN,1977,05,22,0.0,-999,-999
104067,BAGAZAN,1977,05,23,0.0,-999,-999
104067,BAGAZAN,1977,05,24,0.0,-999,-999
104067,BAGAZAN,1977,05,25,0.0,-999,-999
104067,BAGAZAN,1977,05,26,0.0,-999,-999
104067,BAGAZAN,1977,05,27,11.0,-999,-999
104067,BAGAZAN,1977,05,28,0.0,-999,-999
104067,BAGAZAN,1977,05,29,0.0,-999,-999
104067,BAGAZAN,1977,05,30,24.2,-999,-999
104067,BAGAZAN,1977,05,31,0.0,-999,-999
104067,BAGAZAN,1977,06,01,20.0,-999,-999
104067,BAGAZAN,1977,06,02,0.0,-999,-999
104067,BAGAZAN,1977,06,03,0.0,-999,-999
104067,BAGAZAN,1977,06,04,11.0,-999,-999
104067,BAGAZAN,1977,06,05,0.0,-999,-999
104067,BAGAZAN,1977,06,06,21.0,-999,-999
104067,BAGAZAN,1977,06,07,0.0,-999,-999
104067,BAGAZAN,1977,06,08,0.0,-999,-999
104067,BAGAZAN,1977,06,09,13.0,-999,-999
104067,BAGAZAN,1977,06,10,0.0,-999,-999
104067,BAGAZAN,1977,06,11,0.0,-999,-999
104067,BAGAZAN,1977,06,12,9.0,-999,-999
104067,BAGAZAN,1977,06,13,30.0,-999,-999
104067,BAGAZAN,1977,06,14,36.0,-999,-999
104067,BAGAZAN,1977,06,15,0.0,-999,-999
104067,BAGAZAN,1977,06,16,0.0,-999,-999
104067,BAGAZAN,1977,06,17,0.0,-999,-999
104067,BAGAZAN,1977,06,18,11.0,-999,-999
104067,BAGAZAN,1977,06,19,0.0,-999,-999
104067,BAGAZAN,1977,06,20,13.0,-999,-999
104067,BAGAZAN,1977,06,21,0.0,-999,-999
104067,BAGAZAN,1977,06,22,0.0,-999,-999
104067,BAGAZAN,1977,06,23,0.0,-999,-999
104067,BAGAZAN,1977,06,24,19.0,-999,-999
104067,BAGAZAN,1977,06,25,0.0,-999,-999
104067,BAGAZAN,1977,06,26,10.0,-999,-999
104067,BAGAZAN,1977,06,27,0.0,-999,-999
104067,BAGAZAN,1977,06,28,0.0,-999,-999
104067,BAGAZAN,1977,06,29,17.0,-999,-999
104067,BAGAZAN,1977,06,30,21.0,-999,-999
104067,BAGAZAN,1977,07,01,12.1,-999,-999
104067,BAGAZAN,1977,07,02,0.0,-999,-999
104067,BAGAZAN,1977,07,03,0.0,-999,-999
104067,BAGAZAN,1977,07,04,0.0,-999,-999
104067,BAGAZAN,1977,07,05,10.5,-999,-999
104067,BAGAZAN,1977,07,06,11.0,-999,-999
104067,BAGAZAN,1977,07,07,13.5,-999,-999
104067,BAGAZAN,1977,07,08,0.0,-999,-999
104067,BAGAZAN,1977,07,09,0.0,-999,-999
104067,BAGAZAN,1977,07,10,0.0,-999,-999
104067,BAGAZAN,1977,07,11,0.0,-999,-999
104067,BAGAZAN,1977,07,12,21.6,-999,-999
104067,BAGAZAN,1977,07,13,0.0,-999,-999
104067,BAGAZAN,1977,07,14,0.0,-999,-999
104067,BAGAZAN,1977,07,15,0.0,-999,-999
104067,BAGAZAN,1977,07,16,0.0,-999,-999
104067,BAGAZAN,1977,07,17,0.0,-999,-999
104067,BAGAZAN,1977,07,18,10.8,-999,-999
104067,BAGAZAN,1977,07,19,0.0,-999,-999
104067,BAGAZAN,1977,07,20,0.0,-999,-999
104067,BAGAZAN,1977,07,21,0.0,-999,-999
104067,BAGAZAN,1977,07,22,0.0,-999,-999
104067,BAGAZAN,1977,07,23,0.0,-999,-999
104067,BAGAZAN,1977,07,24,19.1,-999,-999
104067,BAGAZAN,1977,07,25,0.0,-999,-999
104067,BAGAZAN,1977,07,26,0.0,-999,-999
104067,BAGAZAN,1977,07,27,11.3,-999,-999
104067,BAGAZAN,1977,07,28,0.0,-999,-999
104067,BAGAZAN,1977,07,29,0.0,-999,-999
104067,BAGAZAN,1977,07,30,14.0,-999,-999
104067,BAGAZAN,1977,07,31,0.0,-999,-999
104067,BAGAZAN,1977,08,01,13.0,-999,-999
104067,BAGAZAN,1977,08,02,0.0,-999,-999
104067,BAGAZAN,1977,08,03,0.0,-999,-999
104067,BAGAZAN,1977,08,04,0.0,-999,-999
104067,BAGAZAN,1977,08,05,17.9,-999,-999
104067,BAGAZAN,1977,08,06,0.0,-999,-999
104067,BAGAZAN,1977,08,07,0.0,-999,-999
104067,BAGAZAN,1977,08,08,0.0,-999,-999
104067,BAGAZAN,1977,08,09,0.0,-999,-999
104067,BAGAZAN,1977,08,10,19.0,-999,-999
104067,BAGAZAN,1977,08,11,0.0,-999,-999
104067,BAGAZAN,1977,08,12,0.0,-999,-999
104067,BAGAZAN,1977,08,13,0.0,-999,-999
104067,BAGAZAN,1977,08,14,20.0,-999,-999
104067,BAGAZAN,1977,08,15,0.0,-999,-999
104067,BAGAZAN,1977,08,16,0.0,-999,-999
104067,BAGAZAN,1977,08,17,0.0,-999,-999
104067,BAGAZAN,1977,08,18,0.0,-999,-999
104067,BAGAZAN,1977,08,19,13.0,-999,-999
104067,BAGAZAN,1977,08,20,0.0,-999,-999
104067,BAGAZAN,1977,08,21,0.0,-999,-999
104067,BAGAZAN,1977,08,22,0.0,-999,-999
104067,BAGAZAN,1977,08,23,0.0,-999,-999
104067,BAGAZAN,1977,08,24,0.0,-999,-999
104067,BAGAZAN,1977,08,25,18.7,-999,-999
104067,BAGAZAN,1977,08,26,0.0,-999,-999
104067,BAGAZAN,1977,08,27,0.0,-999,-999
104067,BAGAZAN,1977,08,28,0.0,-999,-999
104067,BAGAZAN,1977,08,29,0.0,-999,-999
104067,BAGAZAN,1977,08,30,36.9,-999,-999
104067,BAGAZAN,1977,08,31,0.0,-999,-999
104067,BAGAZAN,1977,09,01,57.2,-999,-999
104067,BAGAZAN,1977,09,02,0.0,-999,-999
104067,BAGAZAN,1977,09,03,32.2,-999,-999
104067,BAGAZAN,1977,09,04,0.0,-999,-999
104067,BAGAZAN,1977,09,05,0.0,-999,-999
104067,BAGAZAN,1977,09,06,0.0,-999,-999
104067,BAGAZAN,1977,09,07,11.3,-999,-999
104067,BAGAZAN,1977,09,08,0.0,-999,-999
104067,BAGAZAN,1977,09,09,9.1,-999,-999
104067,BAGAZAN,1977,09,10,0.0,-999,-999
104067,BAGAZAN,1977,09,11,0.0,-999,-999
104067,BAGAZAN,1977,09,12,12.0,-999,-999
104067,BAGAZAN,1977,09,13,0.0,-999,-999
104067,BAGAZAN,1977,09,14,0.0,-999,-999
104067,BAGAZAN,1977,09,15,16.0,-999,-999
104067,BAGAZAN,1977,09,16,0.0,-999,-999
104067,BAGAZAN,1977,09,17,0.0,-999,-999
104067,BAGAZAN,1977,09,18,20.1,-999,-999
104067,BAGAZAN,1977,09,19,0.0,-999,-999
104067,BAGAZAN,1977,09,20,0.0,-999,-999
104067,BAGAZAN,1977,09,21,0.0,-999,-999
104067,BAGAZAN,1977,09,22,0.0,-999,-999
104067,BAGAZAN,1977,09,23,0.0,-999,-999
104067,BAGAZAN,1977,09,24,13.0,-999,-999
104067,BAGAZAN,1977,09,25,0.0,-999,-999
104067,BAGAZAN,1977,09,26,14.1,-999,-999
104067,BAGAZAN,1977,09,27,0.0,-999,-999
104067,BAGAZAN,1977,09,28,0.0,-999,-999
104067,BAGAZAN,1977,09,29,0.0,-999,-999
104067,BAGAZAN,1977,09,30,41.4,-999,-999
104067,BAGAZAN,1977,10,01,30.0,-999,-999
104067,BAGAZAN,1977,10,02,33.6,-999,-999
104067,BAGAZAN,1977,10,03,41.0,-999,-999
104067,BAGAZAN,1977,10,04,0.0,-999,-999
104067,BAGAZAN,1977,10,05,0.0,-999,-999
104067,BAGAZAN,1977,10,06,10.1,-999,-999
104067,BAGAZAN,1977,10,07,0.0,-999,-999
104067,BAGAZAN,1977,10,08,12.2,-999,-999
104067,BAGAZAN,1977,10,09,0.0,-999,-999
104067,BAGAZAN,1977,10,10,0.0,-999,-999
104067,BAGAZAN,1977,10,11,14.6,-999,-999
104067,BAGAZAN,1977,10,12,26.1,-999,-999
104067,BAGAZAN,1977,10,13,50.5,-999,-999
104067,BAGAZAN,1977,10,14,0.0,-999,-999
104067,BAGAZAN,1977,10,15,0.0,-999,-999
104067,BAGAZAN,1977,10,16,15.1,-999,-999
104067,BAGAZAN,1977,10,17,0.0,-999,-999
104067,BAGAZAN,1977,10,18,10.9,-999,-999
104067,BAGAZAN,1977,10,19,0.0,-999,-999
104067,BAGAZAN,1977,10,20,62.3,-999,-999
104067,BAGAZAN,1977,10,21,0.0,-999,-999
104067,BAGAZAN,1977,10,22,0.0,-999,-999
104067,BAGAZAN,1977,10,23,13.5,-999,-999
104067,BAGAZAN,1977,10,24,0.0,-999,-999
104067,BAGAZAN,1977,10,25,0.0,-999,-999
104067,BAGAZAN,1977,10,26,18.0,-999,-999
104067,BAGAZAN,1977,10,27,0.0,-999,-999
104067,BAGAZAN,1977,10,28,0.0,-999,-999
104067,BAGAZAN,1977,10,29,38.1,-999,-999
104067,BAGAZAN,1977,10,30,0.0,-999,-999
104067,BAGAZAN,1977,10,31,0.0,-999,-999
104067,BAGAZAN,1977,11,01,0.0,-999,-999
104067,BAGAZAN,1977,11,02,39.6,-999,-999
104067,BAGAZAN,1977,11,03,0.0,-999,-999
104067,BAGAZAN,1977,11,04,18.8,-999,-999
104067,BAGAZAN,1977,11,05,0.0,-999,-999
104067,BAGAZAN,1977,11,06,0.0,-999,-999
104067,BAGAZAN,1977,11,07,22.3,-999,-999
104067,BAGAZAN,1977,11,08,11.2,-999,-999
104067,BAGAZAN,1977,11,09,0.0,-999,-999
104067,BAGAZAN,1977,11,10,25.2,-999,-999
104067,BAGAZAN,1977,11,11,0.0,-999,-999
104067,BAGAZAN,1977,11,12,0.0,-999,-999
104067,BAGAZAN,1977,11,13,30.1,-999,-999
104067,BAGAZAN,1977,11,14,0.0,-999,-999
104067,BAGAZAN,1977,11,15,19.7,-999,-999
104067,BAGAZAN,1977,11,16,13.9,-999,-999
104067,BAGAZAN,1977,11,17,14.7,-999,-999
104067,BAGAZAN,1977,11,18,0.0,-999,-999
104067,BAGAZAN,1977,11,19,0.0,-999,-999
104067,BAGAZAN,1977,11,20,20.1,-999,-999
104067,BAGAZAN,1977,11,21,19.1,-999,-999
104067,BAGAZAN,1977,11,22,0.0,-999,-999
104067,BAGAZAN,1977,11,23,30.7,-999,-999
104067,BAGAZAN,1977,11,24,25.2,-999,-999
104067,BAGAZAN,1977,11,25,11.1,-999,-999
104067,BAGAZAN,1977,11,26,32.6,-999,-999
104067,BAGAZAN,1977,11,27,0.0,-999,-999
104067,BAGAZAN,1977,11,28,26.2,-999,-999
104067,BAGAZAN,1977,11,29,63.1,-999,-999
104067,BAGAZAN,1977,11,30,19.7,-999,-999
104067,BAGAZAN,1977,12,01,0.0,-999,-999
104067,BAGAZAN,1977,12,02,27.0,-999,-999
104067,BAGAZAN,1977,12,03,0.0,-999,-999
104067,BAGAZAN,1977,12,04,0.0,-999,-999
104067,BAGAZAN,1977,12,05,76.2,-999,-999
104067,BAGAZAN,1977,12,06,0.0,-999,-999
104067,BAGAZAN,1977,12,07,14.7,-999,-999
104067,BAGAZAN,1977,12,08,14.5,-999,-999
104067,BAGAZAN,1977,12,09,0.0,-999,-999
104067,BAGAZAN,1977,12,10,11.3,-999,-999
104067,BAGAZAN,1977,12,11,0.0,-999,-999
104067,BAGAZAN,1977,12,12,18.6,-999,-999
104067,BAGAZAN,1977,12,13,0.0,-999,-999
104067,BAGAZAN,1977,12,14,48.5,-999,-999
104067,BAGAZAN,1977,12,15,0.0,-999,-999
104067,BAGAZAN,1977,12,16,0.0,-999,-999
104067,BAGAZAN,1977,12,17,0.0,-999,-999
104067,BAGAZAN,1977,12,18,0.0,-999,-999
104067,BAGAZAN,1977,12,19,14.2,-999,-999
104067,BAGAZAN,1977,12,20,0.0,-999,-999
104067,BAGAZAN,1977,12,21,11.1,-999,-999
104067,BAGAZAN,1977,12,22,0.0,-999,-999
104067,BAGAZAN,1977,12,23,0.0,-999,-999
104067,BAGAZAN,1977,12,24,18.0,-999,-999
104067,BAGAZAN,1977,12,25,0.0,-999,-999
104067,BAGAZAN,1977,12,26,21.1,-999,-999
104067,BAGAZAN,1977,12,27,13.0,-999,-999
104067,BAGAZAN,1977,12,28,36.0,-999,-999
104067,BAGAZAN,1977,12,29,17.2,-999,-999
104067,BAGAZAN,1977,12,30,0.0,-999,-999
104067,BAGAZAN,1977,12,31,0.0,-999,-999
104067,BAGAZAN,1978,01,01,0.0,-999,-999
104067,BAGAZAN,1978,01,02,9.5,-999,-999
104067,BAGAZAN,1978,01,03,0.0,-999,-999
104067,BAGAZAN,1978,01,04,16.1,-999,-999
104067,BAGAZAN,1978,01,05,0.0,-999,-999
104067,BAGAZAN,1978,01,06,13.2,-999,-999
104067,BAGAZAN,1978,01,07,0.0,-999,-999
104067,BAGAZAN,1978,01,08,0.0,-999,-999
104067,BAGAZAN,1978,01,09,0.0,-999,-999
104067,BAGAZAN,1978,01,10,0.0,-999,-999
104067,BAGAZAN,1978,01,11,0.0,-999,-999
104067,BAGAZAN,1978,01,12,0.0,-999,-999
104067,BAGAZAN,1978,01,13,0.0,-999,-999
104067,BAGAZAN,1978,01,14,0.0,-999,-999
104067,BAGAZAN,1978,01,15,0.0,-999,-999
104067,BAGAZAN,1978,01,16,0.0,-999,-999
104067,BAGAZAN,1978,01,17,11.6,-999,-999
104067,BAGAZAN,1978,01,18,0.0,-999,-999
104067,BAGAZAN,1978,01,19,0.0,-999,-999
104067,BAGAZAN,1978,01,20,0.0,-999,-999
104067,BAGAZAN,1978,01,21,21.3,-999,-999
104067,BAGAZAN,1978,01,22,0.0,-999,-999
104067,BAGAZAN,1978,01,23,0.0,-999,-999
104067,BAGAZAN,1978,01,24,41.7,-999,-999
104067,BAGAZAN,1978,01,25,0.0,-999,-999
104067,BAGAZAN,1978,01,26,46.8,-999,-999
104067,BAGAZAN,1978,01,27,0.0,-999,-999
104067,BAGAZAN,1978,01,28,36.1,-999,-999
104067,BAGAZAN,1978,01,29,41.2,-999,-999
104067,BAGAZAN,1978,01,30,65.6,-999,-999
104067,BAGAZAN,1978,01,31,18.1,-999,-999
104067,BAGAZAN,1978,02,01,72.8,-999,-999
104067,BAGAZAN,1978,02,02,0.0,-999,-999
104067,BAGAZAN,1978,02,03,0.0,-999,-999
104067,BAGAZAN,1978,02,04,21.8,-999,-999
104067,BAGAZAN,1978,02,05,16.1,-999,-999
104067,BAGAZAN,1978,02,06,19.2,-999,-999
104067,BAGAZAN,1978,02,07,0.0,-999,-999
104067,BAGAZAN,1978,02,08,30.1,-999,-999
104067,BAGAZAN,1978,02,09,0.0,-999,-999
104067,BAGAZAN,1978,02,10,0.0,-999,-999
104067,BAGAZAN,1978,02,11,18.2,-999,-999
104067,BAGAZAN,1978,02,12,40.7,-999,-999
104067,BAGAZAN,1978,02,13,28.5,-999,-999
104067,BAGAZAN,1978,02,14,0.0,-999,-999
104067,BAGAZAN,1978,02,15,0.0,-999,-999
104067,BAGAZAN,1978,02,16,19.5,-999,-999
104067,BAGAZAN,1978,02,17,0.0,-999,-999
104067,BAGAZAN,1978,02,18,59.5,-999,-999
104067,BAGAZAN,1978,02,19,0.0,-999,-999
104067,BAGAZAN,1978,02,20,0.0,-999,-999
104067,BAGAZAN,1978,02,21,0.0,-999,-999
104067,BAGAZAN,1978,02,22,27.8,-999,-999
104067,BAGAZAN,1978,02,23,30.8,-999,-999
104067,BAGAZAN,1978,02,24,51.2,-999,-999
104067,BAGAZAN,1978,02,25,19.1,-999,-999
104067,BAGAZAN,1978,02,26,40.1,-999,-999
104067,BAGAZAN,1978,02,27,0.0,-999,-999
104067,BAGAZAN,1978,02,28,0.0,-999,-999
104067,BAGAZAN,1978,03,01,0.0,-999,-999
104067,BAGAZAN,1978,03,02,16.1,-999,-999
104067,BAGAZAN,1978,03,03,0.0,-999,-999
104067,BAGAZAN,1978,03,04,20.2,-999,-999
104067,BAGAZAN,1978,03,05,18.1,-999,-999
104067,BAGAZAN,1978,03,06,32.0,-999,-999
104067,BAGAZAN,1978,03,07,0.0,-999,-999
104067,BAGAZAN,1978,03,08,0.0,-999,-999
104067,BAGAZAN,1978,03,09,0.0,-999,-999
104067,BAGAZAN,1978,03,10,14.7,-999,-999
104067,BAGAZAN,1978,03,11,15.5,-999,-999
104067,BAGAZAN,1978,03,12,0.0,-999,-999
104067,BAGAZAN,1978,03,13,26.3,-999,-999
104067,BAGAZAN,1978,03,14,19.7,-999,-999
104067,BAGAZAN,1978,03,15,0.0,-999,-999
104067,BAGAZAN,1978,03,16,0.0,-999,-999
104067,BAGAZAN,1978,03,17,42.2,-999,-999
104067,BAGAZAN,1978,03,18,21.2,-999,-999
104067,BAGAZAN,1978,03,19,0.0,-999,-999
104067,BAGAZAN,1978,03,20,0.0,-999,-999
104067,BAGAZAN,1978,03,21,39.4,-999,-999
104067,BAGAZAN,1978,03,22,0.0,-999,-999
104067,BAGAZAN,1978,03,23,0.0,-999,-999
104067,BAGAZAN,1978,03,24,14.1,-999,-999
104067,BAGAZAN,1978,03,25,17.3,-999,-999
104067,BAGAZAN,1978,03,26,41.2,-999,-999
104067,BAGAZAN,1978,03,27,0.0,-999,-999
104067,BAGAZAN,1978,03,28,60.8,-999,-999
104067,BAGAZAN,1978,03,29,19.2,-999,-999
104067,BAGAZAN,1978,03,30,12.7,-999,-999
104067,BAGAZAN,1978,03,31,0.0,-999,-999
104067,BAGAZAN,1978,04,01,18.9,-999,-999
104067,BAGAZAN,1978,04,02,0.0,-999,-999
104067,BAGAZAN,1978,04,03,0.0,-999,-999
104067,BAGAZAN,1978,04,04,0.0,-999,-999
104067,BAGAZAN,1978,04,05,78.7,-999,-999
104067,BAGAZAN,1978,04,06,0.0,-999,-999
104067,BAGAZAN,1978,04,07,78.8,-999,-999
104067,BAGAZAN,1978,04,08,0.0,-999,-999
104067,BAGAZAN,1978,04,09,0.0,-999,-999
104067,BAGAZAN,1978,04,10,16.1,-999,-999
104067,BAGAZAN,1978,04,11,0.0,-999,-999
104067,BAGAZAN,1978,04,12,14.2,-999,-999
104067,BAGAZAN,1978,04,13,0.0,-999,-999
104067,BAGAZAN,1978,04,14,20.2,-999,-999
104067,BAGAZAN,1978,04,15,0.0,-999,-999
104067,BAGAZAN,1978,04,16,0.0,-999,-999
104067,BAGAZAN,1978,04,17,0.0,-999,-999
104067,BAGAZAN,1978,04,18,40.5,-999,-999
104067,BAGAZAN,1978,04,19,0.0,-999,-999
104067,BAGAZAN,1978,04,20,27.3,-999,-999
104067,BAGAZAN,1978,04,21,0.0,-999,-999
104067,BAGAZAN,1978,04,22,0.0,-999,-999
104067,BAGAZAN,1978,04,23,13.6,-999,-999
104067,BAGAZAN,1978,04,24,31.7,-999,-999
104067,BAGAZAN,1978,04,25,0.0,-999,-999
104067,BAGAZAN,1978,04,26,0.0,-999,-999
104067,BAGAZAN,1978,04,27,0.0,-999,-999
104067,BAGAZAN,1978,04,28,39.2,-999,-999
104067,BAGAZAN,1978,04,29,0.0,-999,-999
104067,BAGAZAN,1978,04,30,19.9,-999,-999
104067,BAGAZAN,1978,05,01,0.0,-999,-999
104067,BAGAZAN,1978,05,02,49.3,-999,-999
104067,BAGAZAN,1978,05,03,0.0,-999,-999
104067,BAGAZAN,1978,05,04,20.2,-999,-999
104067,BAGAZAN,1978,05,05,18.3,-999,-999
104067,BAGAZAN,1978,05,06,33.1,-999,-999
104067,BAGAZAN,1978,05,07,0.0,-999,-999
104067,BAGAZAN,1978,05,08,0.0,-999,-999
104067,BAGAZAN,1978,05,09,22.5,-999,-999
104067,BAGAZAN,1978,05,10,0.0,-999,-999
104067,BAGAZAN,1978,05,11,0.0,-999,-999
104067,BAGAZAN,1978,05,12,12.8,-999,-999
104067,BAGAZAN,1978,05,13,0.0,-999,-999
104067,BAGAZAN,1978,05,14,51.1,-999,-999
104067,BAGAZAN,1978,05,15,0.0,-999,-999
104067,BAGAZAN,1978,05,16,0.0,-999,-999
104067,BAGAZAN,1978,05,17,0.0,-999,-999
104067,BAGAZAN,1978,05,18,16.2,-999,-999
104067,BAGAZAN,1978,05,19,24.0,-999,-999
104067,BAGAZAN,1978,05,20,0.0,-999,-999
104067,BAGAZAN,1978,05,21,0.0,-999,-999
104067,BAGAZAN,1978,05,22,0.0,-999,-999
104067,BAGAZAN,1978,05,23,66.3,-999,-999
104067,BAGAZAN,1978,05,24,0.0,-999,-999
104067,BAGAZAN,1978,05,25,0.0,-999,-999
104067,BAGAZAN,1978,05,26,0.0,-999,-999
104067,BAGAZAN,1978,05,27,29.2,-999,-999
104067,BAGAZAN,1978,05,28,35.3,-999,-999
104067,BAGAZAN,1978,05,29,0.0,-999,-999
104067,BAGAZAN,1978,05,30,38.7,-999,-999
104067,BAGAZAN,1978,05,31,-999,-999,-999
104067,BAGAZAN,1978,10,01,0.0,-999,-999
104067,BAGAZAN,1978,10,02,0.0,-999,-999
104067,BAGAZAN,1978,10,03,0.0,-999,-999
104067,BAGAZAN,1978,10,04,10.0,-999,-999
104067,BAGAZAN,1978,10,05,10.0,-999,-999
104067,BAGAZAN,1978,10,06,3.0,-999,-999
104067,BAGAZAN,1978,10,07,0.0,-999,-999
104067,BAGAZAN,1978,10,08,1.8,-999,-999
104067,BAGAZAN,1978,10,09,0.0,-999,-999
104067,BAGAZAN,1978,10,10,0.0,-999,-999
104067,BAGAZAN,1978,10,11,0.0,-999,-999
104067,BAGAZAN,1978,10,12,0.0,-999,-999
104067,BAGAZAN,1978,10,13,9.5,-999,-999
104067,BAGAZAN,1978,10,14,1.5,-999,-999
104067,BAGAZAN,1978,10,15,2.3,-999,-999
104067,BAGAZAN,1978,10,16,10.0,-999,-999
104067,BAGAZAN,1978,10,17,0.0,-999,-999
104067,BAGAZAN,1978,10,18,0.0,-999,-999
104067,BAGAZAN,1978,10,19,0.0,-999,-999
104067,BAGAZAN,1978,10,20,4.3,-999,-999
104067,BAGAZAN,1978,10,21,0.0,-999,-999
104067,BAGAZAN,1978,10,22,0.0,-999,-999
104067,BAGAZAN,1978,10,23,1.7,-999,-999
104067,BAGAZAN,1978,10,24,0.0,-999,-999
104067,BAGAZAN,1978,10,25,0.0,-999,-999
104067,BAGAZAN,1978,10,26,2.5,-999,-999
104067,BAGAZAN,1978,10,27,3.0,-999,-999
104067,BAGAZAN,1978,10,28,2.5,-999,-999
104067,BAGAZAN,1978,10,29,10.0,-999,-999
104067,BAGAZAN,1978,10,30,0.0,-999,-999
104067,BAGAZAN,1978,10,31,2.0,-999,-999
104067,BAGAZAN,1978,11,01,8.0,-999,-999
104067,BAGAZAN,1978,11,02,0.0,-999,-999
104067,BAGAZAN,1978,11,03,0.0,-999,-999
104067,BAGAZAN,1978,11,04,0.0,-999,-999
104067,BAGAZAN,1978,11,05,24.0,-999,-999
104067,BAGAZAN,1978,11,06,0.0,-999,-999
104067,BAGAZAN,1978,11,07,0.0,-999,-999
104067,BAGAZAN,1978,11,08,22.0,-999,-999
104067,BAGAZAN,1978,11,09,0.0,-999,-999
104067,BAGAZAN,1978,11,10,0.0,-999,-999
104067,BAGAZAN,1978,11,11,17.0,-999,-999
104067,BAGAZAN,1978,11,12,0.0,-999,-999
104067,BAGAZAN,1978,11,13,0.0,-999,-999
104067,BAGAZAN,1978,11,14,25.0,-999,-999
104067,BAGAZAN,1978,11,15,0.0,-999,-999
104067,BAGAZAN,1978,11,16,14.0,-999,-999
104067,BAGAZAN,1978,11,17,0.0,-999,-999
104067,BAGAZAN,1978,11,18,0.0,-999,-999
104067,BAGAZAN,1978,11,19,7.0,-999,-999
104067,BAGAZAN,1978,11,20,18.0,-999,-999
104067,BAGAZAN,1978,11,21,28.0,-999,-999
104067,BAGAZAN,1978,11,22,0.0,-999,-999
104067,BAGAZAN,1978,11,23,0.0,-999,-999
104067,BAGAZAN,1978,11,24,0.0,-999,-999
104067,BAGAZAN,1978,11,25,0.9,-999,-999
104067,BAGAZAN,1978,11,26,0.0,-999,-999
104067,BAGAZAN,1978,11,27,28.0,-999,-999
104067,BAGAZAN,1978,11,28,0.0,-999,-999
104067,BAGAZAN,1978,11,29,15.0,-999,-999
104067,BAGAZAN,1978,11,30,0.0,-999,-999
104067,BAGAZAN,1978,12,01,6.0,-999,-999
104067,BAGAZAN,1978,12,02,0.0,-999,-999
104067,BAGAZAN,1978,12,03,0.0,-999,-999
104067,BAGAZAN,1978,12,04,27.0,-999,-999
104067,BAGAZAN,1978,12,05,0.0,-999,-999
104067,BAGAZAN,1978,12,06,22.6,-999,-999
104067,BAGAZAN,1978,12,07,0.0,-999,-999
104067,BAGAZAN,1978,12,08,0.0,-999,-999
104067,BAGAZAN,1978,12,09,14.0,-999,-999
104067,BAGAZAN,1978,12,10,0.0,-999,-999
104067,BAGAZAN,1978,12,11,0.0,-999,-999
104067,BAGAZAN,1978,12,12,0.0,-999,-999
104067,BAGAZAN,1978,12,13,17.0,-999,-999
104067,BAGAZAN,1978,12,14,0.0,-999,-999
104067,BAGAZAN,1978,12,15,0.7,-999,-999
104067,BAGAZAN,1978,12,16,0.0,-999,-999
104067,BAGAZAN,1978,12,17,0.0,-999,-999
104067,BAGAZAN,1978,12,18,9.0,-999,-999
104067,BAGAZAN,1978,12,19,0.0,-999,-999
104067,BAGAZAN,1978,12,20,0.0,-999,-999
104067,BAGAZAN,1978,12,21,18.0,-999,-999
104067,BAGAZAN,1978,12,22,0.0,-999,-999
104067,BAGAZAN,1978,12,23,0.0,-999,-999
104067,BAGAZAN,1978,12,24,31.0,-999,-999
104067,BAGAZAN,1978,12,25,0.0,-999,-999
104067,BAGAZAN,1978,12,26,0.0,-999,-999
104067,BAGAZAN,1978,12,27,0.0,-999,-999
104067,BAGAZAN,1978,12,28,30.0,-999,-999
104067,BAGAZAN,1978,12,29,0.0,-999,-999
104067,BAGAZAN,1978,12,30,25.0,-999,-999
104067,BAGAZAN,1978,12,31,18.0,-999,-999
104067,BAGAZAN,1979,01,01,-999,-999,-999
104067,BAGAZAN,1979,01,02,-999,-999,-999
104067,BAGAZAN,1979,01,03,-999,-999,-999
104067,BAGAZAN,1979,01,04,-999,-999,-999
104067,BAGAZAN,1979,01,05,-999,-999,-999
104067,BAGAZAN,1979,01,06,-999,-999,-999
104067,BAGAZAN,1979,01,07,-999,-999,-999
104067,BAGAZAN,1979,01,08,-999,-999,-999
104067,BAGAZAN,1979,01,09,-999,-999,-999
104067,BAGAZAN,1979,01,10,-999,-999,-999
104067,BAGAZAN,1979,01,11,-999,-999,-999
104067,BAGAZAN,1979,01,12,-999,-999,-999
104067,BAGAZAN,1979,01,13,-999,-999,-999
104067,BAGAZAN,1979,01,14,-999,-999,-999
104067,BAGAZAN,1979,01,15,-999,-999,-999
104067,BAGAZAN,1979,01,16,-999,-999,-999
104067,BAGAZAN,1979,01,17,-999,-999,-999
104067,BAGAZAN,1979,01,18,-999,-999,-999
104067,BAGAZAN,1979,01,19,-999,-999,-999
104067,BAGAZAN,1979,01,20,-999,-999,-999
104067,BAGAZAN,1979,01,21,-999,-999,-999
104067,BAGAZAN,1979,01,22,-999,-999,-999
104067,BAGAZAN,1979,01,23,-999,-999,-999
104067,BAGAZAN,1979,01,24,-999,-999,-999
104067,BAGAZAN,1979,01,25,-999,-999,-999
104067,BAGAZAN,1979,01,26,-999,-999,-999
104067,BAGAZAN,1979,01,27,-999,-999,-999
104067,BAGAZAN,1979,01,28,-999,-999,-999
104067,BAGAZAN,1979,01,29,-999,-999,-999
104067,BAGAZAN,1979,01,30,-999,-999,-999
104067,BAGAZAN,1979,01,31,-999,-999,-999
104067,BAGAZAN,1979,02,01,-999,-999,-999
104067,BAGAZAN,1979,02,02,-999,-999,-999
104067,BAGAZAN,1979,02,03,-999,-999,-999
104067,BAGAZAN,1979,02,04,-999,-999,-999
104067,BAGAZAN,1979,02,05,-999,-999,-999
104067,BAGAZAN,1979,02,06,-999,-999,-999
104067,BAGAZAN,1979,02,07,-999,-999,-999
104067,BAGAZAN,1979,02,08,-999,-999,-999
104067,BAGAZAN,1979,02,09,-999,-999,-999
104067,BAGAZAN,1979,02,10,-999,-999,-999
104067,BAGAZAN,1979,02,11,-999,-999,-999
104067,BAGAZAN,1979,02,12,-999,-999,-999
104067,BAGAZAN,1979,02,13,-999,-999,-999
104067,BAGAZAN,1979,02,14,-999,-999,-999
104067,BAGAZAN,1979,02,15,-999,-999,-999
104067,BAGAZAN,1979,02,16,-999,-999,-999
104067,BAGAZAN,1979,02,17,-999,-999,-999
104067,BAGAZAN,1979,02,18,-999,-999,-999
104067,BAGAZAN,1979,02,19,-999,-999,-999
104067,BAGAZAN,1979,02,20,-999,-999,-999
104067,BAGAZAN,1979,02,21,-999,-999,-999
104067,BAGAZAN,1979,02,22,-999,-999,-999
104067,BAGAZAN,1979,02,23,-999,-999,-999
104067,BAGAZAN,1979,02,24,-999,-999,-999
104067,BAGAZAN,1979,02,25,-999,-999,-999
104067,BAGAZAN,1979,02,26,-999,-999,-999
104067,BAGAZAN,1979,02,27,-999,-999,-999
104067,BAGAZAN,1979,02,28,-999,-999,-999
104067,BAGAZAN,1979,03,01,-999,-999,-999
104067,BAGAZAN,1979,03,02,-999,-999,-999
104067,BAGAZAN,1979,03,03,-999,-999,-999
104067,BAGAZAN,1979,03,04,-999,-999,-999
104067,BAGAZAN,1979,03,05,-999,-999,-999
104067,BAGAZAN,1979,03,06,-999,-999,-999
104067,BAGAZAN,1979,03,07,-999,-999,-999
104067,BAGAZAN,1979,03,08,-999,-999,-999
104067,BAGAZAN,1979,03,09,-999,-999,-999
104067,BAGAZAN,1979,03,10,-999,-999,-999
104067,BAGAZAN,1979,03,11,-999,-999,-999
104067,BAGAZAN,1979,03,12,-999,-999,-999
104067,BAGAZAN,1979,03,13,-999,-999,-999
104067,BAGAZAN,1979,03,14,-999,-999,-999
104067,BAGAZAN,1979,03,15,-999,-999,-999
104067,BAGAZAN,1979,03,16,-999,-999,-999
104067,BAGAZAN,1979,03,17,-999,-999,-999
104067,BAGAZAN,1979,03,18,-999,-999,-999
104067,BAGAZAN,1979,03,19,-999,-999,-999
104067,BAGAZAN,1979,03,20,-999,-999,-999
104067,BAGAZAN,1979,03,21,-999,-999,-999
104067,BAGAZAN,1979,03,22,-999,-999,-999
104067,BAGAZAN,1979,03,23,-999,-999,-999
104067,BAGAZAN,1979,03,24,-999,-999,-999
104067,BAGAZAN,1979,03,25,-999,-999,-999
104067,BAGAZAN,1979,03,26,-999,-999,-999
104067,BAGAZAN,1979,03,27,-999,-999,-999
104067,BAGAZAN,1979,03,28,-999,-999,-999
104067,BAGAZAN,1979,03,29,-999,-999,-999
104067,BAGAZAN,1979,03,30,-999,-999,-999
104067,BAGAZAN,1979,03,31,-999,-999,-999
104067,BAGAZAN,1979,04,01,-999,-999,-999
104067,BAGAZAN,1979,04,02,-999,-999,-999
104067,BAGAZAN,1979,04,03,-999,-999,-999
104067,BAGAZAN,1979,04,04,-999,-999,-999
104067,BAGAZAN,1979,04,05,-999,-999,-999
104067,BAGAZAN,1979,04,06,-999,-999,-999
104067,BAGAZAN,1979,04,07,-999,-999,-999
104067,BAGAZAN,1979,04,08,-999,-999,-999
104067,BAGAZAN,1979,04,09,-999,-999,-999
104067,BAGAZAN,1979,04,10,-999,-999,-999
104067,BAGAZAN,1979,04,11,-999,-999,-999
104067,BAGAZAN,1979,04,12,-999,-999,-999
104067,BAGAZAN,1979,04,13,-999,-999,-999
104067,BAGAZAN,1979,04,14,-999,-999,-999
104067,BAGAZAN,1979,04,15,-999,-999,-999
104067,BAGAZAN,1979,04,16,-999,-999,-999
104067,BAGAZAN,1979,04,17,-999,-999,-999
104067,BAGAZAN,1979,04,18,-999,-999,-999
104067,BAGAZAN,1979,04,19,-999,-999,-999
104067,BAGAZAN,1979,04,20,-999,-999,-999
104067,BAGAZAN,1979,04,21,-999,-999,-999
104067,BAGAZAN,1979,04,22,-999,-999,-999
104067,BAGAZAN,1979,04,23,-999,-999,-999
104067,BAGAZAN,1979,04,24,-999,-999,-999
104067,BAGAZAN,1979,04,25,-999,-999,-999
104067,BAGAZAN,1979,04,26,-999,-999,-999
104067,BAGAZAN,1979,04,27,-999,-999,-999
104067,BAGAZAN,1979,04,28,-999,-999,-999
104067,BAGAZAN,1979,04,29,-999,-999,-999
104067,BAGAZAN,1979,04,30,-999,-999,-999
104067,BAGAZAN,1979,05,01,-999,-999,-999
104067,BAGAZAN,1979,05,02,-999,-999,-999
104067,BAGAZAN,1979,05,03,-999,-999,-999
104067,BAGAZAN,1979,05,04,-999,-999,-999
104067,BAGAZAN,1979,05,05,-999,-999,-999
104067,BAGAZAN,1979,05,06,-999,-999,-999
104067,BAGAZAN,1979,05,07,-999,-999,-999
104067,BAGAZAN,1979,05,08,-999,-999,-999
104067,BAGAZAN,1979,05,09,-999,-999,-999
104067,BAGAZAN,1979,05,10,-999,-999,-999
104067,BAGAZAN,1979,05,11,-999,-999,-999
104067,BAGAZAN,1979,05,12,-999,-999,-999
104067,BAGAZAN,1979,05,13,-999,-999,-999
104067,BAGAZAN,1979,05,14,-999,-999,-999
104067,BAGAZAN,1979,05,15,-999,-999,-999
104067,BAGAZAN,1979,05,16,-999,-999,-999
104067,BAGAZAN,1979,05,17,-999,-999,-999
104067,BAGAZAN,1979,05,18,-999,-999,-999
104067,BAGAZAN,1979,05,19,-999,-999,-999
104067,BAGAZAN,1979,05,20,-999,-999,-999
104067,BAGAZAN,1979,05,21,-999,-999,-999
104067,BAGAZAN,1979,05,22,-999,-999,-999
104067,BAGAZAN,1979,05,23,-999,-999,-999
104067,BAGAZAN,1979,05,24,-999,-999,-999
104067,BAGAZAN,1979,05,25,-999,-999,-999
104067,BAGAZAN,1979,05,26,-999,-999,-999
104067,BAGAZAN,1979,05,27,-999,-999,-999
104067,BAGAZAN,1979,05,28,-999,-999,-999
104067,BAGAZAN,1979,05,29,-999,-999,-999
104067,BAGAZAN,1979,05,30,-999,-999,-999
104067,BAGAZAN,1979,05,31,-999,-999,-999
104067,BAGAZAN,1979,06,01,-999,-999,-999
104067,BAGAZAN,1979,06,02,-999,-999,-999
104067,BAGAZAN,1979,06,03,-999,-999,-999
104067,BAGAZAN,1979,06,04,-999,-999,-999
104067,BAGAZAN,1979,06,05,-999,-999,-999
104067,BAGAZAN,1979,06,06,-999,-999,-999
104067,BAGAZAN,1979,06,07,-999,-999,-999
104067,BAGAZAN,1979,06,08,-999,-999,-999
104067,BAGAZAN,1979,06,09,-999,-999,-999
104067,BAGAZAN,1979,06,10,-999,-999,-999
104067,BAGAZAN,1979,06,11,-999,-999,-999
104067,BAGAZAN,1979,06,12,-999,-999,-999
104067,BAGAZAN,1979,06,13,-999,-999,-999
104067,BAGAZAN,1979,06,14,-999,-999,-999
104067,BAGAZAN,1979,06,15,-999,-999,-999
104067,BAGAZAN,1979,06,16,-999,-999,-999
104067,BAGAZAN,1979,06,17,-999,-999,-999
104067,BAGAZAN,1979,06,18,-999,-999,-999
104067,BAGAZAN,1979,06,19,-999,-999,-999
104067,BAGAZAN,1979,06,20,-999,-999,-999
104067,BAGAZAN,1979,06,21,-999,-999,-999
104067,BAGAZAN,1979,06,22,-999,-999,-999
104067,BAGAZAN,1979,06,23,-999,-999,-999
104067,BAGAZAN,1979,06,24,-999,-999,-999
104067,BAGAZAN,1979,06,25,-999,-999,-999
104067,BAGAZAN,1979,06,26,-999,-999,-999
104067,BAGAZAN,1979,06,27,-999,-999,-999
104067,BAGAZAN,1979,06,28,-999,-999,-999
104067,BAGAZAN,1979,06,29,-999,-999,-999
104067,BAGAZAN,1979,06,30,-999,-999,-999
104067,BAGAZAN,1979,07,01,-999,-999,-999
104067,BAGAZAN,1979,07,02,-999,-999,-999
104067,BAGAZAN,1979,07,03,-999,-999,-999
104067,BAGAZAN,1979,07,04,-999,-999,-999
104067,BAGAZAN,1979,07,05,-999,-999,-999
104067,BAGAZAN,1979,07,06,-999,-999,-999
104067,BAGAZAN,1979,07,07,-999,-999,-999
104067,BAGAZAN,1979,07,08,-999,-999,-999
104067,BAGAZAN,1979,07,09,-999,-999,-999
104067,BAGAZAN,1979,07,10,-999,-999,-999
104067,BAGAZAN,1979,07,11,-999,-999,-999
104067,BAGAZAN,1979,07,12,-999,-999,-999
104067,BAGAZAN,1979,07,13,-999,-999,-999
104067,BAGAZAN,1979,07,14,-999,-999,-999
104067,BAGAZAN,1979,07,15,-999,-999,-999
104067,BAGAZAN,1979,07,16,-999,-999,-999
104067,BAGAZAN,1979,07,17,-999,-999,-999
104067,BAGAZAN,1979,07,18,-999,-999,-999
104067,BAGAZAN,1979,07,19,-999,-999,-999
104067,BAGAZAN,1979,07,20,-999,-999,-999
104067,BAGAZAN,1979,07,21,-999,-999,-999
104067,BAGAZAN,1979,07,22,-999,-999,-999
104067,BAGAZAN,1979,07,23,-999,-999,-999
104067,BAGAZAN,1979,07,24,-999,-999,-999
104067,BAGAZAN,1979,07,25,-999,-999,-999
104067,BAGAZAN,1979,07,26,-999,-999,-999
104067,BAGAZAN,1979,07,27,-999,-999,-999
104067,BAGAZAN,1979,07,28,-999,-999,-999
104067,BAGAZAN,1979,07,29,-999,-999,-999
104067,BAGAZAN,1979,07,30,-999,-999,-999
104067,BAGAZAN,1979,07,31,-999,-999,-999
104067,BAGAZAN,1979,08,01,-999,-999,-999
104067,BAGAZAN,1979,08,02,-999,-999,-999
104067,BAGAZAN,1979,08,03,-999,-999,-999
104067,BAGAZAN,1979,08,04,-999,-999,-999
104067,BAGAZAN,1979,08,05,-999,-999,-999
104067,BAGAZAN,1979,08,06,-999,-999,-999
104067,BAGAZAN,1979,08,07,-999,-999,-999
104067,BAGAZAN,1979,08,08,-999,-999,-999
104067,BAGAZAN,1979,08,09,-999,-999,-999
104067,BAGAZAN,1979,08,10,-999,-999,-999
104067,BAGAZAN,1979,08,11,-999,-999,-999
104067,BAGAZAN,1979,08,12,-999,-999,-999
104067,BAGAZAN,1979,08,13,-999,-999,-999
104067,BAGAZAN,1979,08,14,-999,-999,-999
104067,BAGAZAN,1979,08,15,-999,-999,-999
104067,BAGAZAN,1979,08,16,-999,-999,-999
104067,BAGAZAN,1979,08,17,-999,-999,-999
104067,BAGAZAN,1979,08,18,-999,-999,-999
104067,BAGAZAN,1979,08,19,-999,-999,-999
104067,BAGAZAN,1979,08,20,-999,-999,-999
104067,BAGAZAN,1979,08,21,-999,-999,-999
104067,BAGAZAN,1979,08,22,-999,-999,-999
104067,BAGAZAN,1979,08,23,-999,-999,-999
104067,BAGAZAN,1979,08,24,-999,-999,-999
104067,BAGAZAN,1979,08,25,-999,-999,-999
104067,BAGAZAN,1979,08,26,-999,-999,-999
104067,BAGAZAN,1979,08,27,-999,-999,-999
104067,BAGAZAN,1979,08,28,-999,-999,-999
104067,BAGAZAN,1979,08,29,-999,-999,-999
104067,BAGAZAN,1979,08,30,-999,-999,-999
104067,BAGAZAN,1979,08,31,-999,-999,-999
104067,BAGAZAN,1979,09,01,-999,-999,-999
104067,BAGAZAN,1979,09,02,-999,-999,-999
104067,BAGAZAN,1979,09,03,-999,-999,-999
104067,BAGAZAN,1979,09,04,-999,-999,-999
104067,BAGAZAN,1979,09,05,-999,-999,-999
104067,BAGAZAN,1979,09,06,-999,-999,-999
104067,BAGAZAN,1979,09,07,-999,-999,-999
104067,BAGAZAN,1979,09,08,-999,-999,-999
104067,BAGAZAN,1979,09,09,-999,-999,-999
104067,BAGAZAN,1979,09,10,-999,-999,-999
104067,BAGAZAN,1979,09,11,-999,-999,-999
104067,BAGAZAN,1979,09,12,-999,-999,-999
104067,BAGAZAN,1979,09,13,-999,-999,-999
104067,BAGAZAN,1979,09,14,-999,-999,-999
104067,BAGAZAN,1979,09,15,-999,-999,-999
104067,BAGAZAN,1979,09,16,-999,-999,-999
104067,BAGAZAN,1979,09,17,-999,-999,-999
104067,BAGAZAN,1979,09,18,-999,-999,-999
104067,BAGAZAN,1979,09,19,-999,-999,-999
104067,BAGAZAN,1979,09,20,-999,-999,-999
104067,BAGAZAN,1979,09,21,-999,-999,-999
104067,BAGAZAN,1979,09,22,-999,-999,-999
104067,BAGAZAN,1979,09,23,-999,-999,-999
104067,BAGAZAN,1979,09,24,-999,-999,-999
104067,BAGAZAN,1979,09,25,-999,-999,-999
104067,BAGAZAN,1979,09,26,-999,-999,-999
104067,BAGAZAN,1979,09,27,-999,-999,-999
104067,BAGAZAN,1979,09,28,-999,-999,-999
104067,BAGAZAN,1979,09,29,-999,-999,-999
104067,BAGAZAN,1979,09,30,-999,-999,-999
104067,BAGAZAN,1979,10,01,-999,-999,-999
104067,BAGAZAN,1979,10,02,-999,-999,-999
104067,BAGAZAN,1979,10,03,-999,-999,-999
104067,BAGAZAN,1979,10,04,-999,-999,-999
104067,BAGAZAN,1979,10,05,-999,-999,-999
104067,BAGAZAN,1979,10,06,-999,-999,-999
104067,BAGAZAN,1979,10,07,-999,-999,-999
104067,BAGAZAN,1979,10,08,-999,-999,-999
104067,BAGAZAN,1979,10,09,-999,-999,-999
104067,BAGAZAN,1979,10,10,-999,-999,-999
104067,BAGAZAN,1979,10,11,-999,-999,-999
104067,BAGAZAN,1979,10,12,-999,-999,-999
104067,BAGAZAN,1979,10,13,-999,-999,-999
104067,BAGAZAN,1979,10,14,-999,-999,-999
104067,BAGAZAN,1979,10,15,-999,-999,-999
104067,BAGAZAN,1979,10,16,-999,-999,-999
104067,BAGAZAN,1979,10,17,-999,-999,-999
104067,BAGAZAN,1979,10,18,-999,-999,-999
104067,BAGAZAN,1979,10,19,-999,-999,-999
104067,BAGAZAN,1979,10,20,-999,-999,-999
104067,BAGAZAN,1979,10,21,-999,-999,-999
104067,BAGAZAN,1979,10,22,-999,-999,-999
104067,BAGAZAN,1979,10,23,-999,-999,-999
104067,BAGAZAN,1979,10,24,-999,-999,-999
104067,BAGAZAN,1979,10,25,-999,-999,-999
104067,BAGAZAN,1979,10,26,-999,-999,-999
104067,BAGAZAN,1979,10,27,-999,-999,-999
104067,BAGAZAN,1979,10,28,-999,-999,-999
104067,BAGAZAN,1979,10,29,-999,-999,-999
104067,BAGAZAN,1979,10,30,-999,-999,-999
104067,BAGAZAN,1979,10,31,-999,-999,-999
104067,BAGAZAN,1979,11,01,-999,-999,-999
104067,BAGAZAN,1979,11,02,-999,-999,-999
104067,BAGAZAN,1979,11,03,-999,-999,-999
104067,BAGAZAN,1979,11,04,-999,-999,-999
104067,BAGAZAN,1979,11,05,-999,-999,-999
104067,BAGAZAN,1979,11,06,-999,-999,-999
104067,BAGAZAN,1979,11,07,-999,-999,-999
104067,BAGAZAN,1979,11,08,-999,-999,-999
104067,BAGAZAN,1979,11,09,-999,-999,-999
104067,BAGAZAN,1979,11,10,-999,-999,-999
104067,BAGAZAN,1979,11,11,-999,-999,-999
104067,BAGAZAN,1979,11,12,-999,-999,-999
104067,BAGAZAN,1979,11,13,-999,-999,-999
104067,BAGAZAN,1979,11,14,-999,-999,-999
104067,BAGAZAN,1979,11,15,-999,-999,-999
104067,BAGAZAN,1979,11,16,-999,-999,-999
104067,BAGAZAN,1979,11,17,-999,-999,-999
104067,BAGAZAN,1979,11,18,-999,-999,-999
104067,BAGAZAN,1979,11,19,-999,-999,-999
104067,BAGAZAN,1979,11,20,-999,-999,-999
104067,BAGAZAN,1979,11,21,-999,-999,-999
104067,BAGAZAN,1979,11,22,-999,-999,-999
104067,BAGAZAN,1979,11,23,-999,-999,-999
104067,BAGAZAN,1979,11,24,-999,-999,-999
104067,BAGAZAN,1979,11,25,-999,-999,-999
104067,BAGAZAN,1979,11,26,-999,-999,-999
104067,BAGAZAN,1979,11,27,-999,-999,-999
104067,BAGAZAN,1979,11,28,-999,-999,-999
104067,BAGAZAN,1979,11,29,-999,-999,-999
104067,BAGAZAN,1979,11,30,-999,-999,-999
104067,BAGAZAN,1979,12,01,-999,-999,-999
104067,BAGAZAN,1979,12,02,-999,-999,-999
104067,BAGAZAN,1979,12,03,-999,-999,-999
104067,BAGAZAN,1979,12,04,-999,-999,-999
104067,BAGAZAN,1979,12,05,-999,-999,-999
104067,BAGAZAN,1979,12,06,-999,-999,-999
104067,BAGAZAN,1979,12,07,-999,-999,-999
104067,BAGAZAN,1979,12,08,-999,-999,-999
104067,BAGAZAN,1979,12,09,-999,-999,-999
104067,BAGAZAN,1979,12,10,-999,-999,-999
104067,BAGAZAN,1979,12,11,-999,-999,-999
104067,BAGAZAN,1979,12,12,-999,-999,-999
104067,BAGAZAN,1979,12,13,-999,-999,-999
104067,BAGAZAN,1979,12,14,-999,-999,-999
104067,BAGAZAN,1979,12,15,-999,-999,-999
104067,BAGAZAN,1979,12,16,-999,-999,-999
104067,BAGAZAN,1979,12,17,-999,-999,-999
104067,BAGAZAN,1979,12,18,-999,-999,-999
104067,BAGAZAN,1979,12,19,-999,-999,-999
104067,BAGAZAN,1979,12,20,-999,-999,-999
104067,BAGAZAN,1979,12,21,-999,-999,-999
104067,BAGAZAN,1979,12,22,-999,-999,-999
104067,BAGAZAN,1979,12,23,-999,-999,-999
104067,BAGAZAN,1979,12,24,-999,-999,-999
104067,BAGAZAN,1979,12,25,-999,-999,-999
104067,BAGAZAN,1979,12,26,-999,-999,-999
104067,BAGAZAN,1979,12,27,-999,-999,-999
104067,BAGAZAN,1979,12,28,-999,-999,-999
104067,BAGAZAN,1979,12,29,-999,-999,-999
104067,BAGAZAN,1979,12,30,-999,-999,-999
104067,BAGAZAN,1979,12,31,-999,-999,-999
104067,BAGAZAN,1980,01,01,-999,-999,-999
104067,BAGAZAN,1980,01,02,-999,-999,-999
104067,BAGAZAN,1980,01,03,-999,-999,-999
104067,BAGAZAN,1980,01,04,-999,-999,-999
104067,BAGAZAN,1980,01,05,-999,-999,-999
104067,BAGAZAN,1980,01,06,-999,-999,-999
104067,BAGAZAN,1980,01,07,-999,-999,-999
104067,BAGAZAN,1980,01,08,-999,-999,-999
104067,BAGAZAN,1980,01,09,-999,-999,-999
104067,BAGAZAN,1980,01,10,-999,-999,-999
104067,BAGAZAN,1980,01,11,-999,-999,-999
104067,BAGAZAN,1980,01,12,-999,-999,-999
104067,BAGAZAN,1980,01,13,-999,-999,-999
104067,BAGAZAN,1980,01,14,-999,-999,-999
104067,BAGAZAN,1980,01,15,-999,-999,-999
104067,BAGAZAN,1980,01,16,-999,-999,-999
104067,BAGAZAN,1980,01,17,-999,-999,-999
104067,BAGAZAN,1980,01,18,-999,-999,-999
104067,BAGAZAN,1980,01,19,-999,-999,-999
104067,BAGAZAN,1980,01,20,-999,-999,-999
104067,BAGAZAN,1980,01,21,-999,-999,-999
104067,BAGAZAN,1980,01,22,-999,-999,-999
104067,BAGAZAN,1980,01,23,-999,-999,-999
104067,BAGAZAN,1980,01,24,-999,-999,-999
104067,BAGAZAN,1980,01,25,-999,-999,-999
104067,BAGAZAN,1980,01,26,-999,-999,-999
104067,BAGAZAN,1980,01,27,-999,-999,-999
104067,BAGAZAN,1980,01,28,-999,-999,-999
104067,BAGAZAN,1980,01,29,-999,-999,-999
104067,BAGAZAN,1980,01,30,-999,-999,-999
104067,BAGAZAN,1980,01,31,-999,-999,-999
104067,BAGAZAN,1980,02,01,0.0,-999,-999
104067,BAGAZAN,1980,02,02,0.0,-999,-999
104067,BAGAZAN,1980,02,03,0.0,-999,-999
104067,BAGAZAN,1980,02,04,0.0,-999,-999
104067,BAGAZAN,1980,02,05,2.4,-999,-999
104067,BAGAZAN,1980,02,06,0.0,-999,-999
104067,BAGAZAN,1980,02,07,0.0,-999,-999
104067,BAGAZAN,1980,02,08,1.4,-999,-999
104067,BAGAZAN,1980,02,09,0.0,-999,-999
104067,BAGAZAN,1980,02,10,0.0,-999,-999
104067,BAGAZAN,1980,02,11,0.0,-999,-999
104067,BAGAZAN,1980,02,12,0.0,-999,-999
104067,BAGAZAN,1980,02,13,30.0,-999,-999
104067,BAGAZAN,1980,02,14,0.0,-999,-999
104067,BAGAZAN,1980,02,15,0.0,-999,-999
104067,BAGAZAN,1980,02,16,0.0,-999,-999
104067,BAGAZAN,1980,02,17,18.0,-999,-999
104067,BAGAZAN,1980,02,18,1.1,-999,-999
104067,BAGAZAN,1980,02,19,0.0,-999,-999
104067,BAGAZAN,1980,02,20,0.0,-999,-999
104067,BAGAZAN,1980,02,21,0.0,-999,-999
104067,BAGAZAN,1980,02,22,0.0,-999,-999
104067,BAGAZAN,1980,02,23,2.8,-999,-999
104067,BAGAZAN,1980,02,24,0.0,-999,-999
104067,BAGAZAN,1980,02,25,0.0,-999,-999
104067,BAGAZAN,1980,02,26,0.0,-999,-999
104067,BAGAZAN,1980,02,27,0.0,-999,-999
104067,BAGAZAN,1980,02,28,0.0,-999,-999
104067,BAGAZAN,1980,02,29,0.0,-999,-999
104067,BAGAZAN,1980,03,01,0.0,-999,-999
104067,BAGAZAN,1980,03,02,0.4,-999,-999
104067,BAGAZAN,1980,03,03,0.0,-999,-999
104067,BAGAZAN,1980,03,04,0.0,-999,-999
104067,BAGAZAN,1980,03,05,0.0,-999,-999
104067,BAGAZAN,1980,03,06,0.0,-999,-999
104067,BAGAZAN,1980,03,07,2.8,-999,-999
104067,BAGAZAN,1980,03,08,0.0,-999,-999
104067,BAGAZAN,1980,03,09,50.0,-999,-999
104067,BAGAZAN,1980,03,10,0.0,-999,-999
104067,BAGAZAN,1980,03,11,0.0,-999,-999
104067,BAGAZAN,1980,03,12,0.0,-999,-999
104067,BAGAZAN,1980,03,13,0.0,-999,-999
104067,BAGAZAN,1980,03,14,0.0,-999,-999
104067,BAGAZAN,1980,03,15,0.0,-999,-999
104067,BAGAZAN,1980,03,16,1.3,-999,-999
104067,BAGAZAN,1980,03,17,30.0,-999,-999
104067,BAGAZAN,1980,03,18,0.0,-999,-999
104067,BAGAZAN,1980,03,19,0.0,-999,-999
104067,BAGAZAN,1980,03,20,0.0,-999,-999
104067,BAGAZAN,1980,03,21,1.4,-999,-999
104067,BAGAZAN,1980,03,22,0.0,-999,-999
104067,BAGAZAN,1980,03,23,0.0,-999,-999
104067,BAGAZAN,1980,03,24,0.0,-999,-999
104067,BAGAZAN,1980,03,25,0.8,-999,-999
104067,BAGAZAN,1980,03,26,0.0,-999,-999
104067,BAGAZAN,1980,03,27,0.0,-999,-999
104067,BAGAZAN,1980,03,28,0.0,-999,-999
104067,BAGAZAN,1980,03,29,0.0,-999,-999
104067,BAGAZAN,1980,03,30,19.0,-999,-999
104067,BAGAZAN,1980,03,31,0.0,-999,-999
104067,BAGAZAN,1980,04,01,0.0,-999,-999
104067,BAGAZAN,1980,04,02,0.0,-999,-999
104067,BAGAZAN,1980,04,03,17.0,-999,-999
104067,BAGAZAN,1980,04,04,0.0,-999,-999
104067,BAGAZAN,1980,04,05,0.0,-999,-999
104067,BAGAZAN,1980,04,06,0.0,-999,-999
104067,BAGAZAN,1980,04,07,1.9,-999,-999
104067,BAGAZAN,1980,04,08,0.0,-999,-999
104067,BAGAZAN,1980,04,09,0.0,-999,-999
104067,BAGAZAN,1980,04,10,1.4,-999,-999
104067,BAGAZAN,1980,04,11,0.0,-999,-999
104067,BAGAZAN,1980,04,12,24.0,-999,-999
104067,BAGAZAN,1980,04,13,0.0,-999,-999
104067,BAGAZAN,1980,04,14,0.0,-999,-999
104067,BAGAZAN,1980,04,15,0.0,-999,-999
104067,BAGAZAN,1980,04,16,0.0,-999,-999
104067,BAGAZAN,1980,04,17,0.0,-999,-999
104067,BAGAZAN,1980,04,18,23.0,-999,-999
104067,BAGAZAN,1980,04,19,0.0,-999,-999
104067,BAGAZAN,1980,04,20,0.0,-999,-999
104067,BAGAZAN,1980,04,21,0.0,-999,-999
104067,BAGAZAN,1980,04,22,0.0,-999,-999
104067,BAGAZAN,1980,04,23,25.0,-999,-999
104067,BAGAZAN,1980,04,24,0.0,-999,-999
104067,BAGAZAN,1980,04,25,0.0,-999,-999
104067,BAGAZAN,1980,04,26,0.0,-999,-999
104067,BAGAZAN,1980,04,27,0.0,-999,-999
104067,BAGAZAN,1980,04,28,0.0,-999,-999
104067,BAGAZAN,1980,04,29,4.0,-999,-999
104067,BAGAZAN,1980,04,30,0.0,-999,-999
104067,BAGAZAN,1980,05,01,0.0,-999,-999
104067,BAGAZAN,1980,05,02,0.0,-999,-999
104067,BAGAZAN,1980,05,03,0.0,-999,-999
104067,BAGAZAN,1980,05,04,12.0,-999,-999
104067,BAGAZAN,1980,05,05,0.0,-999,-999
104067,BAGAZAN,1980,05,06,0.0,-999,-999
104067,BAGAZAN,1980,05,07,0.0,-999,-999
104067,BAGAZAN,1980,05,08,1.4,-999,-999
104067,BAGAZAN,1980,05,09,0.0,-999,-999
104067,BAGAZAN,1980,05,10,1.9,-999,-999
104067,BAGAZAN,1980,05,11,0.0,-999,-999
104067,BAGAZAN,1980,05,12,0.0,-999,-999
104067,BAGAZAN,1980,05,13,0.0,-999,-999
104067,BAGAZAN,1980,05,14,0.0,-999,-999
104067,BAGAZAN,1980,05,15,0.9,-999,-999
104067,BAGAZAN,1980,05,16,0.0,-999,-999
104067,BAGAZAN,1980,05,17,0.0,-999,-999
104067,BAGAZAN,1980,05,18,0.0,-999,-999
104067,BAGAZAN,1980,05,19,23.0,-999,-999
104067,BAGAZAN,1980,05,20,0.0,-999,-999
104067,BAGAZAN,1980,05,21,0.0,-999,-999
104067,BAGAZAN,1980,05,22,0.0,-999,-999
104067,BAGAZAN,1980,05,23,4.0,-999,-999
104067,BAGAZAN,1980,05,24,0.0,-999,-999
104067,BAGAZAN,1980,05,25,0.0,-999,-999
104067,BAGAZAN,1980,05,26,0.0,-999,-999
104067,BAGAZAN,1980,05,27,0.0,-999,-999
104067,BAGAZAN,1980,05,28,0.0,-999,-999
104067,BAGAZAN,1980,05,29,12.0,-999,-999
104067,BAGAZAN,1980,05,30,0.0,-999,-999
104067,BAGAZAN,1980,05,31,0.0,-999,-999
104067,BAGAZAN,1980,06,01,0.0,-999,-999
104067,BAGAZAN,1980,06,02,0.0,-999,-999
104067,BAGAZAN,1980,06,03,0.0,-999,-999
104067,BAGAZAN,1980,06,04,0.0,-999,-999
104067,BAGAZAN,1980,06,05,3.0,-999,-999
104067,BAGAZAN,1980,06,06,40.0,-999,-999
104067,BAGAZAN,1980,06,07,0.0,-999,-999
104067,BAGAZAN,1980,06,08,0.0,-999,-999
104067,BAGAZAN,1980,06,09,23.0,-999,-999
104067,BAGAZAN,1980,06,10,0.0,-999,-999
104067,BAGAZAN,1980,06,11,17.0,-999,-999
104067,BAGAZAN,1980,06,12,0.0,-999,-999
104067,BAGAZAN,1980,06,13,0.0,-999,-999
104067,BAGAZAN,1980,06,14,0.0,-999,-999
104067,BAGAZAN,1980,06,15,0.0,-999,-999
104067,BAGAZAN,1980,06,16,8.0,-999,-999
104067,BAGAZAN,1980,06,17,0.0,-999,-999
104067,BAGAZAN,1980,06,18,0.0,-999,-999
104067,BAGAZAN,1980,06,19,0.0,-999,-999
104067,BAGAZAN,1980,06,20,0.0,-999,-999
104067,BAGAZAN,1980,06,21,12.0,-999,-999
104067,BAGAZAN,1980,06,22,0.0,-999,-999
104067,BAGAZAN,1980,06,23,0.0,-999,-999
104067,BAGAZAN,1980,06,24,0.0,-999,-999
104067,BAGAZAN,1980,06,25,12.0,-999,-999
104067,BAGAZAN,1980,06,26,0.0,-999,-999
104067,BAGAZAN,1980,06,27,0.0,-999,-999
104067,BAGAZAN,1980,06,28,0.0,-999,-999
104067,BAGAZAN,1980,06,29,0.0,-999,-999
104067,BAGAZAN,1980,06,30,-999,-999,-999
104067,BAGAZAN,1981,01,01,-888,-999,-999
104067,BAGAZAN,1981,01,02,66.0,-999,-999
104067,BAGAZAN,1981,01,03,0.0,-999,-999
104067,BAGAZAN,1981,01,04,0.0,-999,-999
104067,BAGAZAN,1981,01,05,26.0,-999,-999
104067,BAGAZAN,1981,01,06,28.0,-999,-999
104067,BAGAZAN,1981,01,07,0.0,-999,-999
104067,BAGAZAN,1981,01,08,0.0,-999,-999
104067,BAGAZAN,1981,01,09,18.5,-999,-999
104067,BAGAZAN,1981,01,10,0.0,-999,-999
104067,BAGAZAN,1981,01,11,0.0,-999,-999
104067,BAGAZAN,1981,01,12,1.0,-999,-999
104067,BAGAZAN,1981,01,13,0.0,-999,-999
104067,BAGAZAN,1981,01,14,0.0,-999,-999
104067,BAGAZAN,1981,01,15,0.0,-999,-999
104067,BAGAZAN,1981,01,16,0.0,-999,-999
104067,BAGAZAN,1981,01,17,1.0,-999,-999
104067,BAGAZAN,1981,01,18,0.0,-999,-999
104067,BAGAZAN,1981,01,19,0.0,-999,-999
104067,BAGAZAN,1981,01,20,50.0,-999,-999
104067,BAGAZAN,1981,01,21,0.0,-999,-999
104067,BAGAZAN,1981,01,22,0.0,-999,-999
104067,BAGAZAN,1981,01,23,0.0,-999,-999
104067,BAGAZAN,1981,01,24,0.0,-999,-999
104067,BAGAZAN,1981,01,25,30.3,-999,-999
104067,BAGAZAN,1981,01,26,0.0,-999,-999
104067,BAGAZAN,1981,01,27,0.0,-999,-999
104067,BAGAZAN,1981,01,28,5.0,-999,-999
104067,BAGAZAN,1981,01,29,0.0,-999,-999
104067,BAGAZAN,1981,01,30,0.0,-999,-999
104067,BAGAZAN,1981,01,31,22.0,-999,-999
104067,BAGAZAN,1981,02,01,0.0,-999,-999
104067,BAGAZAN,1981,02,02,3.2,-999,-999
104067,BAGAZAN,1981,02,03,0.0,-999,-999
104067,BAGAZAN,1981,02,04,0.0,-999,-999
104067,BAGAZAN,1981,02,05,3.9,-999,-999
104067,BAGAZAN,1981,02,06,30.1,-999,-999
104067,BAGAZAN,1981,02,07,0.0,-999,-999
104067,BAGAZAN,1981,02,08,27.1,-999,-999
104067,BAGAZAN,1981,02,09,0.0,-999,-999
104067,BAGAZAN,1981,02,10,0.0,-999,-999
104067,BAGAZAN,1981,02,11,2.0,-999,-999
104067,BAGAZAN,1981,02,12,0.0,-999,-999
104067,BAGAZAN,1981,02,13,0.0,-999,-999
104067,BAGAZAN,1981,02,14,6.0,-999,-999
104067,BAGAZAN,1981,02,15,0.0,-999,-999
104067,BAGAZAN,1981,02,16,0.0,-999,-999
104067,BAGAZAN,1981,02,17,2.0,-999,-999
104067,BAGAZAN,1981,02,18,3.0,-999,-999
104067,BAGAZAN,1981,02,19,0.0,-999,-999
104067,BAGAZAN,1981,02,20,0.0,-999,-999
104067,BAGAZAN,1981,02,21,10.0,-999,-999
104067,BAGAZAN,1981,02,22,14.0,-999,-999
104067,BAGAZAN,1981,02,23,0.0,-999,-999
104067,BAGAZAN,1981,02,24,12.3,-999,-999
104067,BAGAZAN,1981,02,25,0.0,-999,-999
104067,BAGAZAN,1981,02,26,23.2,-999,-999
104067,BAGAZAN,1981,02,27,0.0,-999,-999
104067,BAGAZAN,1981,02,28,0.0,-999,-999
104067,BAGAZAN,1981,03,01,2.0,-999,-999
104067,BAGAZAN,1981,03,02,0.0,-999,-999
104067,BAGAZAN,1981,03,03,1.2,-999,-999
104067,BAGAZAN,1981,03,04,0.0,-999,-999
104067,BAGAZAN,1981,03,05,6.0,-999,-999
104067,BAGAZAN,1981,03,06,0.0,-999,-999
104067,BAGAZAN,1981,03,07,87.7,-999,-999
104067,BAGAZAN,1981,03,08,0.0,-999,-999
104067,BAGAZAN,1981,03,09,0.0,-999,-999
104067,BAGAZAN,1981,03,10,0.0,-999,-999
104067,BAGAZAN,1981,03,11,0.2,-999,-999
104067,BAGAZAN,1981,03,12,0.0,-999,-999
104067,BAGAZAN,1981,03,13,77.7,-999,-999
104067,BAGAZAN,1981,03,14,0.0,-999,-999
104067,BAGAZAN,1981,03,15,2.6,-999,-999
104067,BAGAZAN,1981,03,16,8.8,-999,-999
104067,BAGAZAN,1981,03,17,0.0,-999,-999
104067,BAGAZAN,1981,03,18,0.0,-999,-999
104067,BAGAZAN,1981,03,19,0.0,-999,-999
104067,BAGAZAN,1981,03,20,54.1,-999,-999
104067,BAGAZAN,1981,03,21,0.0,-999,-999
104067,BAGAZAN,1981,03,22,50.3,-999,-999
104067,BAGAZAN,1981,03,23,0.0,-999,-999
104067,BAGAZAN,1981,03,24,26.0,-999,-999
104067,BAGAZAN,1981,03,25,0.0,-999,-999
104067,BAGAZAN,1981,03,26,15.4,-999,-999
104067,BAGAZAN,1981,03,27,45.5,-999,-999
104067,BAGAZAN,1981,03,28,0.0,-999,-999
104067,BAGAZAN,1981,03,29,0.0,-999,-999
104067,BAGAZAN,1981,03,30,22.3,-999,-999
104067,BAGAZAN,1981,03,31,0.0,-999,-999
104067,BAGAZAN,1981,04,01,0.0,-999,-999
104067,BAGAZAN,1981,04,02,101.1,-999,-999
104067,BAGAZAN,1981,04,03,0.0,-999,-999
104067,BAGAZAN,1981,04,04,29.3,-999,-999
104067,BAGAZAN,1981,04,05,3.6,-999,-999
104067,BAGAZAN,1981,04,06,0.0,-999,-999
104067,BAGAZAN,1981,04,07,1.8,-999,-999
104067,BAGAZAN,1981,04,08,0.0,-999,-999
104067,BAGAZAN,1981,04,09,2.1,-999,-999
104067,BAGAZAN,1981,04,10,0.0,-999,-999
104067,BAGAZAN,1981,04,11,2.0,-999,-999
104067,BAGAZAN,1981,04,12,0.0,-999,-999
104067,BAGAZAN,1981,04,13,9.3,-999,-999
104067,BAGAZAN,1981,04,14,5.0,-999,-999
104067,BAGAZAN,1981,04,15,0.0,-999,-999
104067,BAGAZAN,1981,04,16,0.0,-999,-999
104067,BAGAZAN,1981,04,17,4.2,-999,-999
104067,BAGAZAN,1981,04,18,0.0,-999,-999
104067,BAGAZAN,1981,04,19,0.0,-999,-999
104067,BAGAZAN,1981,04,20,3.5,-999,-999
104067,BAGAZAN,1981,04,21,0.0,-999,-999
104067,BAGAZAN,1981,04,22,7.6,-999,-999
104067,BAGAZAN,1981,04,23,0.0,-999,-999
104067,BAGAZAN,1981,04,24,0.0,-999,-999
104067,BAGAZAN,1981,04,25,8.6,-999,-999
104067,BAGAZAN,1981,04,26,6.9,-999,-999
104067,BAGAZAN,1981,04,27,0.0,-999,-999
104067,BAGAZAN,1981,04,28,-888,-999,-999
104067,BAGAZAN,1981,04,29,0.0,-999,-999
104067,BAGAZAN,1981,04,30,17.0,-999,-999
104067,BAGAZAN,1981,05,01,-888,-999,-999
104067,BAGAZAN,1981,05,02,0.0,-999,-999
104067,BAGAZAN,1981,05,03,16.7,-999,-999
104067,BAGAZAN,1981,05,04,6.2,-999,-999
104067,BAGAZAN,1981,05,05,0.0,-999,-999
104067,BAGAZAN,1981,05,06,0.0,-999,-999
104067,BAGAZAN,1981,05,07,9.8,-999,-999
104067,BAGAZAN,1981,05,08,0.0,-999,-999
104067,BAGAZAN,1981,05,09,7.1,-999,-999
104067,BAGAZAN,1981,05,10,3.1,-999,-999
104067,BAGAZAN,1981,05,11,2.1,-999,-999
104067,BAGAZAN,1981,05,12,0.0,-999,-999
104067,BAGAZAN,1981,05,13,6.7,-999,-999
104067,BAGAZAN,1981,05,14,13.3,-999,-999
104067,BAGAZAN,1981,05,15,0.0,-999,-999
104067,BAGAZAN,1981,05,16,12.1,-999,-999
104067,BAGAZAN,1981,05,17,2.8,-999,-999
104067,BAGAZAN,1981,05,18,0.0,-999,-999
104067,BAGAZAN,1981,05,19,1.1,-999,-999
104067,BAGAZAN,1981,05,20,2.1,-999,-999
104067,BAGAZAN,1981,05,21,0.0,-999,-999
104067,BAGAZAN,1981,05,22,0.0,-999,-999
104067,BAGAZAN,1981,05,23,12.9,-999,-999
104067,BAGAZAN,1981,05,24,0.0,-999,-999
104067,BAGAZAN,1981,05,25,33.3,-999,-999
104067,BAGAZAN,1981,05,26,0.0,-999,-999
104067,BAGAZAN,1981,05,27,0.0,-999,-999
104067,BAGAZAN,1981,05,28,6.0,-999,-999
104067,BAGAZAN,1981,05,29,-888,-999,-999
104067,BAGAZAN,1981,05,30,0.0,-999,-999
104067,BAGAZAN,1981,05,31,-999,-999,-999
104067,BAGAZAN,1982,01,01,8.0,-999,-999
104067,BAGAZAN,1982,01,02,13.0,-999,-999
104067,BAGAZAN,1982,01,03,0.0,-999,-999
104067,BAGAZAN,1982,01,04,0.0,-999,-999
104067,BAGAZAN,1982,01,05,0.0,-999,-999
104067,BAGAZAN,1982,01,06,16.0,-999,-999
104067,BAGAZAN,1982,01,07,0.0,-999,-999
104067,BAGAZAN,1982,01,08,0.0,-999,-999
104067,BAGAZAN,1982,01,09,0.0,-999,-999
104067,BAGAZAN,1982,01,10,0.0,-999,-999
104067,BAGAZAN,1982,01,11,0.0,-999,-999
104067,BAGAZAN,1982,01,12,24.0,-999,-999
104067,BAGAZAN,1982,01,13,0.0,-999,-999
104067,BAGAZAN,1982,01,14,0.0,-999,-999
104067,BAGAZAN,1982,01,15,0.0,-999,-999
104067,BAGAZAN,1982,01,16,16.0,-999,-999
104067,BAGAZAN,1982,01,17,0.0,-999,-999
104067,BAGAZAN,1982,01,18,0.0,-999,-999
104067,BAGAZAN,1982,01,19,0.0,-999,-999
104067,BAGAZAN,1982,01,20,0.0,-999,-999
104067,BAGAZAN,1982,01,21,0.0,-999,-999
104067,BAGAZAN,1982,01,22,31.0,-999,-999
104067,BAGAZAN,1982,01,23,0.0,-999,-999
104067,BAGAZAN,1982,01,24,0.0,-999,-999
104067,BAGAZAN,1982,01,25,0.0,-999,-999
104067,BAGAZAN,1982,01,26,0.0,-999,-999
104067,BAGAZAN,1982,01,27,0.0,-999,-999
104067,BAGAZAN,1982,01,28,0.0,-999,-999
104067,BAGAZAN,1982,01,29,16.0,-999,-999
104067,BAGAZAN,1982,01,30,0.0,-999,-999
104067,BAGAZAN,1982,01,31,0.0,-999,-999
104067,BAGAZAN,1982,02,01,0.0,-999,-999
104067,BAGAZAN,1982,02,02,0.0,-999,-999
104067,BAGAZAN,1982,02,03,0.0,-999,-999
104067,BAGAZAN,1982,02,04,6.0,-999,-999
104067,BAGAZAN,1982,02,05,10.0,-999,-999
104067,BAGAZAN,1982,02,06,0.0,-999,-999
104067,BAGAZAN,1982,02,07,0.0,-999,-999
104067,BAGAZAN,1982,02,08,4.0,-999,-999
104067,BAGAZAN,1982,02,09,0.0,-999,-999
104067,BAGAZAN,1982,02,10,0.0,-999,-999
104067,BAGAZAN,1982,02,11,16.0,-999,-999
104067,BAGAZAN,1982,02,12,0.0,-999,-999
104067,BAGAZAN,1982,02,13,32.0,-999,-999
104067,BAGAZAN,1982,02,14,0.0,-999,-999
104067,BAGAZAN,1982,02,15,0.0,-999,-999
104067,BAGAZAN,1982,02,16,0.0,-999,-999
104067,BAGAZAN,1982,02,17,0.0,-999,-999
104067,BAGAZAN,1982,02,18,0.0,-999,-999
104067,BAGAZAN,1982,02,19,42.0,-999,-999
104067,BAGAZAN,1982,02,20,0.0,-999,-999
104067,BAGAZAN,1982,02,21,0.0,-999,-999
104067,BAGAZAN,1982,02,22,16.0,-999,-999
104067,BAGAZAN,1982,02,23,0.0,-999,-999
104067,BAGAZAN,1982,02,24,0.0,-999,-999
104067,BAGAZAN,1982,02,25,0.0,-999,-999
104067,BAGAZAN,1982,02,26,0.0,-999,-999
104067,BAGAZAN,1982,02,27,0.0,-999,-999
104067,BAGAZAN,1982,02,28,22.0,-999,-999
104067,BAGAZAN,1982,03,01,0.0,-999,-999
104067,BAGAZAN,1982,03,02,0.0,-999,-999
104067,BAGAZAN,1982,03,03,0.0,-999,-999
104067,BAGAZAN,1982,03,04,0.0,-999,-999
104067,BAGAZAN,1982,03,05,0.0,-999,-999
104067,BAGAZAN,1982,03,06,17.0,-999,-999
104067,BAGAZAN,1982,03,07,24.0,-999,-999
104067,BAGAZAN,1982,03,08,0.0,-999,-999
104067,BAGAZAN,1982,03,09,0.0,-999,-999
104067,BAGAZAN,1982,03,10,0.0,-999,-999
104067,BAGAZAN,1982,03,11,20.0,-999,-999
104067,BAGAZAN,1982,03,12,0.0,-999,-999
104067,BAGAZAN,1982,03,13,20.0,-999,-999
104067,BAGAZAN,1982,03,14,0.0,-999,-999
104067,BAGAZAN,1982,03,15,0.0,-999,-999
104067,BAGAZAN,1982,03,16,0.0,-999,-999
104067,BAGAZAN,1982,03,17,32.0,-999,-999
104067,BAGAZAN,1982,03,18,0.0,-999,-999
104067,BAGAZAN,1982,03,19,0.0,-999,-999
104067,BAGAZAN,1982,03,20,0.0,-999,-999
104067,BAGAZAN,1982,03,21,40.0,-999,-999
104067,BAGAZAN,1982,03,22,0.0,-999,-999
104067,BAGAZAN,1982,03,23,0.0,-999,-999
104067,BAGAZAN,1982,03,24,0.0,-999,-999
104067,BAGAZAN,1982,03,25,0.0,-999,-999
104067,BAGAZAN,1982,03,26,7.0,-999,-999
104067,BAGAZAN,1982,03,27,0.0,-999,-999
104067,BAGAZAN,1982,03,28,0.0,-999,-999
104067,BAGAZAN,1982,03,29,0.0,-999,-999
104067,BAGAZAN,1982,03,30,0.0,-999,-999
104067,BAGAZAN,1982,03,31,0.0,-999,-999
104067,BAGAZAN,1982,04,01,0.0,-999,-999
104067,BAGAZAN,1982,04,02,0.0,-999,-999
104067,BAGAZAN,1982,04,03,0.0,-999,-999
104067,BAGAZAN,1982,04,04,0.0,-999,-999
104067,BAGAZAN,1982,04,05,0.0,-999,-999
104067,BAGAZAN,1982,04,06,0.0,-999,-999
104067,BAGAZAN,1982,04,07,0.0,-999,-999
104067,BAGAZAN,1982,04,08,0.0,-999,-999
104067,BAGAZAN,1982,04,09,22.0,-999,-999
104067,BAGAZAN,1982,04,10,6.0,-999,-999
104067,BAGAZAN,1982,04,11,0.0,-999,-999
104067,BAGAZAN,1982,04,12,9.0,-999,-999
104067,BAGAZAN,1982,04,13,0.0,-999,-999
104067,BAGAZAN,1982,04,14,4.0,-999,-999
104067,BAGAZAN,1982,04,15,0.0,-999,-999
104067,BAGAZAN,1982,04,16,0.0,-999,-999
104067,BAGAZAN,1982,04,17,0.0,-999,-999
104067,BAGAZAN,1982,04,18,0.0,-999,-999
104067,BAGAZAN,1982,04,19,0.0,-999,-999
104067,BAGAZAN,1982,04,20,0.0,-999,-999
104067,BAGAZAN,1982,04,21,0.0,-999,-999
104067,BAGAZAN,1982,04,22,16.0,-999,-999
104067,BAGAZAN,1982,04,23,0.0,-999,-999
104067,BAGAZAN,1982,04,24,42.0,-999,-999
104067,BAGAZAN,1982,04,25,0.0,-999,-999
104067,BAGAZAN,1982,04,26,16.0,-999,-999
104067,BAGAZAN,1982,04,27,0.0,-999,-999
104067,BAGAZAN,1982,04,28,0.0,-999,-999
104067,BAGAZAN,1982,04,29,0.0,-999,-999
104067,BAGAZAN,1982,04,30,41.0,-999,-999
104067,BAGAZAN,1982,05,01,0.0,-999,-999
104067,BAGAZAN,1982,05,02,0.0,-999,-999
104067,BAGAZAN,1982,05,03,7.0,-999,-999
104067,BAGAZAN,1982,05,04,14.0,-999,-999
104067,BAGAZAN,1982,05,05,0.0,-999,-999
104067,BAGAZAN,1982,05,06,0.0,-999,-999
104067,BAGAZAN,1982,05,07,0.0,-999,-999
104067,BAGAZAN,1982,05,08,0.0,-999,-999
104067,BAGAZAN,1982,05,09,19.0,-999,-999
104067,BAGAZAN,1982,05,10,0.0,-999,-999
104067,BAGAZAN,1982,05,11,12.0,-999,-999
104067,BAGAZAN,1982,05,12,0.0,-999,-999
104067,BAGAZAN,1982,05,13,0.0,-999,-999
104067,BAGAZAN,1982,05,14,0.0,-999,-999
104067,BAGAZAN,1982,05,15,0.0,-999,-999
104067,BAGAZAN,1982,05,16,0.0,-999,-999
104067,BAGAZAN,1982,05,17,0.0,-999,-999
104067,BAGAZAN,1982,05,18,16.0,-999,-999
104067,BAGAZAN,1982,05,19,0.0,-999,-999
104067,BAGAZAN,1982,05,20,0.0,-999,-999
104067,BAGAZAN,1982,05,21,0.0,-999,-999
104067,BAGAZAN,1982,05,22,0.0,-999,-999
104067,BAGAZAN,1982,05,23,14.0,-999,-999
104067,BAGAZAN,1982,05,24,0.0,-999,-999
104067,BAGAZAN,1982,05,25,0.0,-999,-999
104067,BAGAZAN,1982,05,26,0.0,-999,-999
104067,BAGAZAN,1982,05,27,0.0,-999,-999
104067,BAGAZAN,1982,05,28,17.0,-999,-999
104067,BAGAZAN,1982,05,29,0.0,-999,-999
104067,BAGAZAN,1982,05,30,0.0,-999,-999
104067,BAGAZAN,1982,05,31,10.0,-999,-999
104067,BAGAZAN,1982,06,01,0.0,-999,-999
104067,BAGAZAN,1982,06,02,0.0,-999,-999
104067,BAGAZAN,1982,06,03,22.0,-999,-999
104067,BAGAZAN,1982,06,04,0.0,-999,-999
104067,BAGAZAN,1982,06,05,0.0,-999,-999
104067,BAGAZAN,1982,06,06,17.0,-999,-999
104067,BAGAZAN,1982,06,07,29.0,-999,-999
104067,BAGAZAN,1982,06,08,0.0,-999,-999
104067,BAGAZAN,1982,06,09,14.0,-999,-999
104067,BAGAZAN,1982,06,10,0.0,-999,-999
104067,BAGAZAN,1982,06,11,6.0,-999,-999
104067,BAGAZAN,1982,06,12,3.0,-999,-999
104067,BAGAZAN,1982,06,13,0.0,-999,-999
104067,BAGAZAN,1982,06,14,0.0,-999,-999
104067,BAGAZAN,1982,06,15,0.0,-999,-999
104067,BAGAZAN,1982,06,16,0.0,-999,-999
104067,BAGAZAN,1982,06,17,16.0,-999,-999
104067,BAGAZAN,1982,06,18,40.0,-999,-999
104067,BAGAZAN,1982,06,19,0.0,-999,-999
104067,BAGAZAN,1982,06,20,0.0,-999,-999
104067,BAGAZAN,1982,06,21,0.0,-999,-999
104067,BAGAZAN,1982,06,22,0.0,-999,-999
104067,BAGAZAN,1982,06,23,0.0,-999,-999
104067,BAGAZAN,1982,06,24,0.0,-999,-999
104067,BAGAZAN,1982,06,25,0.0,-999,-999
104067,BAGAZAN,1982,06,26,0.0,-999,-999
104067,BAGAZAN,1982,06,27,11.0,-999,-999
104067,BAGAZAN,1982,06,28,0.0,-999,-999
104067,BAGAZAN,1982,06,29,0.0,-999,-999
104067,BAGAZAN,1982,06,30,24.0,-999,-999
104067,BAGAZAN,1982,07,01,0.0,-999,-999
104067,BAGAZAN,1982,07,02,0.0,-999,-999
104067,BAGAZAN,1982,07,03,0.0,-999,-999
104067,BAGAZAN,1982,07,04,0.0,-999,-999
104067,BAGAZAN,1982,07,05,11.0,-999,-999
104067,BAGAZAN,1982,07,06,16.0,-999,-999
104067,BAGAZAN,1982,07,07,0.0,-999,-999
104067,BAGAZAN,1982,07,08,0.0,-999,-999
104067,BAGAZAN,1982,07,09,9.0,-999,-999
104067,BAGAZAN,1982,07,10,0.0,-999,-999
104067,BAGAZAN,1982,07,11,0.0,-999,-999
104067,BAGAZAN,1982,07,12,4.0,-999,-999
104067,BAGAZAN,1982,07,13,0.0,-999,-999
104067,BAGAZAN,1982,07,14,0.0,-999,-999
104067,BAGAZAN,1982,07,15,0.0,-999,-999
104067,BAGAZAN,1982,07,16,0.0,-999,-999
104067,BAGAZAN,1982,07,17,0.0,-999,-999
104067,BAGAZAN,1982,07,18,0.0,-999,-999
104067,BAGAZAN,1982,07,19,40.0,-999,-999
104067,BAGAZAN,1982,07,20,0.0,-999,-999
104067,BAGAZAN,1982,07,21,0.0,-999,-999
104067,BAGAZAN,1982,07,22,0.0,-999,-999
104067,BAGAZAN,1982,07,23,17.0,-999,-999
104067,BAGAZAN,1982,07,24,0.0,-999,-999
104067,BAGAZAN,1982,07,25,0.0,-999,-999
104067,BAGAZAN,1982,07,26,0.0,-999,-999
104067,BAGAZAN,1982,07,27,0.0,-999,-999
104067,BAGAZAN,1982,07,28,12.0,-999,-999
104067,BAGAZAN,1982,07,29,0.0,-999,-999
104067,BAGAZAN,1982,07,30,0.0,-999,-999
104067,BAGAZAN,1982,07,31,-999,-999,-999
104067,BAGAZAN,1983,08,01,0.0,-999,-999
104067,BAGAZAN,1983,08,02,0.0,-999,-999
104067,BAGAZAN,1983,08,03,0.0,-999,-999
104067,BAGAZAN,1983,08,04,0.0,-999,-999
104067,BAGAZAN,1983,08,05,0.0,-999,-999
104067,BAGAZAN,1983,08,06,0.0,-999,-999
104067,BAGAZAN,1983,08,07,0.0,-999,-999
104067,BAGAZAN,1983,08,08,0.0,-999,-999
104067,BAGAZAN,1983,08,09,2.6,-999,-999
104067,BAGAZAN,1983,08,10,-888,-999,-999
104067,BAGAZAN,1983,08,11,-888,-999,-999
104067,BAGAZAN,1983,08,12,-888,-999,-999
104067,BAGAZAN,1983,08,13,0.0,-999,-999
104067,BAGAZAN,1983,08,14,18.0,-999,-999
104067,BAGAZAN,1983,08,15,-888,-999,-999
104067,BAGAZAN,1983,08,16,8.0,-999,-999
104067,BAGAZAN,1983,08,17,-888,-999,-999
104067,BAGAZAN,1983,08,18,-888,-999,-999
104067,BAGAZAN,1983,08,19,-888,-999,-999
104067,BAGAZAN,1983,08,20,-888,-999,-999
104067,BAGAZAN,1983,08,21,-888,-999,-999
104067,BAGAZAN,1983,08,22,1.0,-999,-999
104067,BAGAZAN,1983,08,23,32.4,-999,-999
104067,BAGAZAN,1983,08,24,86.2,-999,-999
104067,BAGAZAN,1983,08,25,0.0,-999,-999
104067,BAGAZAN,1983,08,26,0.0,-999,-999
104067,BAGAZAN,1983,08,27,0.0,-999,-999
104067,BAGAZAN,1983,08,28,-888,-999,-999
104067,BAGAZAN,1983,08,29,3.4,-999,-999
104067,BAGAZAN,1983,08,30,0.0,-999,-999
104067,BAGAZAN,1983,08,31,0.0,-999,-999
104067,BAGAZAN,1983,09,01,-888,-999,-999
104067,BAGAZAN,1983,09,02,1.0,-999,-999
104067,BAGAZAN,1983,09,03,0.0,-999,-999
104067,BAGAZAN,1983,09,04,0.0,-999,-999
104067,BAGAZAN,1983,09,05,0.0,-999,-999
104067,BAGAZAN,1983,09,06,0.0,-999,-999
104067,BAGAZAN,1983,09,07,0.0,-999,-999
104067,BAGAZAN,1983,09,08,0.0,-999,-999
104067,BAGAZAN,1983,09,09,7.8,-999,-999
104067,BAGAZAN,1983,09,10,1.5,-999,-999
104067,BAGAZAN,1983,09,11,0.0,-999,-999
104067,BAGAZAN,1983,09,12,0.0,-999,-999
104067,BAGAZAN,1983,09,13,0.0,-999,-999
104067,BAGAZAN,1983,09,14,0.0,-999,-999
104067,BAGAZAN,1983,09,15,3.5,-999,-999
104067,BAGAZAN,1983,09,16,0.0,-999,-999
104067,BAGAZAN,1983,09,17,0.0,-999,-999
104067,BAGAZAN,1983,09,18,-888,-999,-999
104067,BAGAZAN,1983,09,19,12.8,-999,-999
104067,BAGAZAN,1983,09,20,0.0,-999,-999
104067,BAGAZAN,1983,09,21,35.8,-999,-999
104067,BAGAZAN,1983,09,22,-888,-999,-999
104067,BAGAZAN,1983,09,23,0.0,-999,-999
104067,BAGAZAN,1983,09,24,-888,-999,-999
104067,BAGAZAN,1983,09,25,3.0,-999,-999
104067,BAGAZAN,1983,09,26,2.0,-999,-999
104067,BAGAZAN,1983,09,27,0.0,-999,-999
104067,BAGAZAN,1983,09,28,0.0,-999,-999
104067,BAGAZAN,1983,09,29,0.8,-999,-999
104067,BAGAZAN,1983,09,30,-888,-999,-999
104067,BAGAZAN,1983,10,01,0.0,-999,-999
104067,BAGAZAN,1983,10,02,6.0,-999,-999
104067,BAGAZAN,1983,10,03,-888,-999,-999
104067,BAGAZAN,1983,10,04,0.0,-999,-999
104067,BAGAZAN,1983,10,05,0.0,-999,-999
104067,BAGAZAN,1983,10,06,3.4,-999,-999
104067,BAGAZAN,1983,10,07,1.8,-999,-999
104067,BAGAZAN,1983,10,08,0.0,-999,-999
104067,BAGAZAN,1983,10,09,-888,-999,-999
104067,BAGAZAN,1983,10,10,0.0,-999,-999
104067,BAGAZAN,1983,10,11,0.0,-999,-999
104067,BAGAZAN,1983,10,12,1.4,-999,-999
104067,BAGAZAN,1983,10,13,0.0,-999,-999
104067,BAGAZAN,1983,10,14,1.4,-999,-999
104067,BAGAZAN,1983,10,15,1.8,-999,-999
104067,BAGAZAN,1983,10,16,-888,-999,-999
104067,BAGAZAN,1983,10,17,4.8,-999,-999
104067,BAGAZAN,1983,10,18,1.5,-999,-999
104067,BAGAZAN,1983,10,19,0.0,-999,-999
104067,BAGAZAN,1983,10,20,0.0,-999,-999
104067,BAGAZAN,1983,10,21,0.0,-999,-999
104067,BAGAZAN,1983,10,22,6.8,-999,-999
104067,BAGAZAN,1983,10,23,-888,-999,-999
104067,BAGAZAN,1983,10,24,29.0,-999,-999
104067,BAGAZAN,1983,10,25,0.0,-999,-999
104067,BAGAZAN,1983,10,26,0.0,-999,-999
104067,BAGAZAN,1983,10,27,1.0,-999,-999
104067,BAGAZAN,1983,10,28,0.0,-999,-999
104067,BAGAZAN,1983,10,29,0.0,-999,-999
104067,BAGAZAN,1983,10,30,0.0,-999,-999
104067,BAGAZAN,1983,10,31,-999,-999,-999
104067,BAGAZAN,1986,10,01,0.0,-999,-999
104067,BAGAZAN,1986,10,02,0.0,-999,-999
104067,BAGAZAN,1986,10,03,0.0,-999,-999
104067,BAGAZAN,1986,10,04,2.0,-999,-999
104067,BAGAZAN,1986,10,05,0.0,-999,-999
104067,BAGAZAN,1986,10,06,0.0,-999,-999
104067,BAGAZAN,1986,10,07,2.0,-999,-999
104067,BAGAZAN,1986,10,08,0.0,-999,-999
104067,BAGAZAN,1986,10,09,2.0,-999,-999
104067,BAGAZAN,1986,10,10,1.0,-999,-999
104067,BAGAZAN,1986,10,11,4.0,-999,-999
104067,BAGAZAN,1986,10,12,2.0,-999,-999
104067,BAGAZAN,1986,10,13,0.0,-999,-999
104067,BAGAZAN,1986,10,14,0.0,-999,-999
104067,BAGAZAN,1986,10,15,0.0,-999,-999
104067,BAGAZAN,1986,10,16,0.0,-999,-999
104067,BAGAZAN,1986,10,17,0.0,-999,-999
104067,BAGAZAN,1986,10,18,1.0,-999,-999
104067,BAGAZAN,1986,10,19,2.0,-999,-999
104067,BAGAZAN,1986,10,20,0.0,-999,-999
104067,BAGAZAN,1986,10,21,0.0,-999,-999
104067,BAGAZAN,1986,10,22,0.0,-999,-999
104067,BAGAZAN,1986,10,23,0.0,-999,-999
104067,BAGAZAN,1986,10,24,0.0,-999,-999
104067,BAGAZAN,1986,10,25,0.0,-999,-999
104067,BAGAZAN,1986,10,26,1.0,-999,-999
104067,BAGAZAN,1986,10,27,0.0,-999,-999
104067,BAGAZAN,1986,10,28,1.0,-999,-999
104067,BAGAZAN,1986,10,29,2.0,-999,-999
104067,BAGAZAN,1986,10,30,1.0,-999,-999
104067,BAGAZAN,1986,10,31,0.0,-999,-999
104067,BAGAZAN,1986,11,01,0.0,-999,-999
104067,BAGAZAN,1986,11,02,0.0,-999,-999
104067,BAGAZAN,1986,11,03,12.0,-999,-999
104067,BAGAZAN,1986,11,04,4.0,-999,-999
104067,BAGAZAN,1986,11,05,6.0,-999,-999
104067,BAGAZAN,1986,11,06,24.0,-999,-999
104067,BAGAZAN,1986,11,07,0.0,-999,-999
104067,BAGAZAN,1986,11,08,0.0,-999,-999
104067,BAGAZAN,1986,11,09,0.0,-999,-999
104067,BAGAZAN,1986,11,10,15.0,-999,-999
104067,BAGAZAN,1986,11,11,0.0,-999,-999
104067,BAGAZAN,1986,11,12,0.0,-999,-999
104067,BAGAZAN,1986,11,13,3.0,-999,-999
104067,BAGAZAN,1986,11,14,0.0,-999,-999
104067,BAGAZAN,1986,11,15,15.0,-999,-999
104067,BAGAZAN,1986,11,16,0.0,-999,-999
104067,BAGAZAN,1986,11,17,27.0,-999,-999
104067,BAGAZAN,1986,11,18,0.0,-999,-999
104067,BAGAZAN,1986,11,19,11.0,-999,-999
104067,BAGAZAN,1986,11,20,0.0,-999,-999
104067,BAGAZAN,1986,11,21,5.0,-999,-999
104067,BAGAZAN,1986,11,22,2.0,-999,-999
104067,BAGAZAN,1986,11,23,5.0,-999,-999
104067,BAGAZAN,1986,11,24,0.0,-999,-999
104067,BAGAZAN,1986,11,25,7.0,-999,-999
104067,BAGAZAN,1986,11,26,0.0,-999,-999
104067,BAGAZAN,1986,11,27,0.0,-999,-999
104067,BAGAZAN,1986,11,28,2.0,-999,-999
104067,BAGAZAN,1986,11,29,0.0,-999,-999
104067,BAGAZAN,1986,11,30,0.0,-999,-999
104067,BAGAZAN,1986,12,01,0.0,-999,-999
104067,BAGAZAN,1986,12,02,2.0,-999,-999
104067,BAGAZAN,1986,12,03,0.0,-999,-999
104067,BAGAZAN,1986,12,04,24.0,-999,-999
104067,BAGAZAN,1986,12,05,30.0,-999,-999
104067,BAGAZAN,1986,12,06,0.0,-999,-999
104067,BAGAZAN,1986,12,07,4.0,-999,-999
104067,BAGAZAN,1986,12,08,5.0,-999,-999
104067,BAGAZAN,1986,12,09,0.0,-999,-999
104067,BAGAZAN,1986,12,10,24.0,-999,-999
104067,BAGAZAN,1986,12,11,6.0,-999,-999
104067,BAGAZAN,1986,12,12,3.0,-999,-999
104067,BAGAZAN,1986,12,13,0.0,-999,-999
104067,BAGAZAN,1986,12,14,10.0,-999,-999
104067,BAGAZAN,1986,12,15,0.0,-999,-999
104067,BAGAZAN,1986,12,16,4.0,-999,-999
104067,BAGAZAN,1986,12,17,0.0,-999,-999
104067,BAGAZAN,1986,12,18,2.0,-999,-999
104067,BAGAZAN,1986,12,19,32.0,-999,-999
104067,BAGAZAN,1986,12,20,27.0,-999,-999
104067,BAGAZAN,1986,12,21,0.0,-999,-999
104067,BAGAZAN,1986,12,22,4.0,-999,-999
104067,BAGAZAN,1986,12,23,0.0,-999,-999
104067,BAGAZAN,1986,12,24,5.0,-999,-999
104067,BAGAZAN,1986,12,25,0.0,-999,-999
104067,BAGAZAN,1986,12,26,0.0,-999,-999
104067,BAGAZAN,1986,12,27,4.0,-999,-999
104067,BAGAZAN,1986,12,28,0.0,-999,-999
104067,BAGAZAN,1986,12,29,0.0,-999,-999
104067,BAGAZAN,1986,12,30,0.0,-999,-999
104067,BAGAZAN,1986,12,31,1.0,-999,-999
104067,BAGAZAN,1987,01,01,0.0,-999,-999
104067,BAGAZAN,1987,01,02,0.0,-999,-999
104067,BAGAZAN,1987,01,03,27.0,-999,-999
104067,BAGAZAN,1987,01,04,3.0,-999,-999
104067,BAGAZAN,1987,01,05,0.0,-999,-999
104067,BAGAZAN,1987,01,06,17.0,-999,-999
104067,BAGAZAN,1987,01,07,0.0,-999,-999
104067,BAGAZAN,1987,01,08,0.0,-999,-999
104067,BAGAZAN,1987,01,09,19.0,-999,-999
104067,BAGAZAN,1987,01,10,25.0,-999,-999
104067,BAGAZAN,1987,01,11,2.0,-999,-999
104067,BAGAZAN,1987,01,12,45.0,-999,-999
104067,BAGAZAN,1987,01,13,10.0,-999,-999
104067,BAGAZAN,1987,01,14,50.0,-999,-999
104067,BAGAZAN,1987,01,15,25.0,-999,-999
104067,BAGAZAN,1987,01,16,25.0,-999,-999
104067,BAGAZAN,1987,01,17,0.0,-999,-999
104067,BAGAZAN,1987,01,18,52.0,-999,-999
104067,BAGAZAN,1987,01,19,42.0,-999,-999
104067,BAGAZAN,1987,01,20,4.0,-999,-999
104067,BAGAZAN,1987,01,21,0.0,-999,-999
104067,BAGAZAN,1987,01,22,1.0,-999,-999
104067,BAGAZAN,1987,01,23,0.0,-999,-999
104067,BAGAZAN,1987,01,24,0.0,-999,-999
104067,BAGAZAN,1987,01,25,0.0,-999,-999
104067,BAGAZAN,1987,01,26,0.0,-999,-999
104067,BAGAZAN,1987,01,27,104.0,-999,-999
104067,BAGAZAN,1987,01,28,0.0,-999,-999
104067,BAGAZAN,1987,01,29,30.0,-999,-999
104067,BAGAZAN,1987,01,30,60.0,-999,-999
104067,BAGAZAN,1987,01,31,0.0,-999,-999
104067,BAGAZAN,1987,02,01,18.0,-999,-999
104067,BAGAZAN,1987,02,02,53.0,-999,-999
104067,BAGAZAN,1987,02,03,0.0,-999,-999
104067,BAGAZAN,1987,02,04,0.0,-999,-999
104067,BAGAZAN,1987,02,05,10.0,-999,-999
104067,BAGAZAN,1987,02,06,6.0,-999,-999
104067,BAGAZAN,1987,02,07,0.0,-999,-999
104067,BAGAZAN,1987,02,08,50.0,-999,-999
104067,BAGAZAN,1987,02,09,14.0,-999,-999
104067,BAGAZAN,1987,02,10,16.0,-999,-999
104067,BAGAZAN,1987,02,11,0.0,-999,-999
104067,BAGAZAN,1987,02,12,38.0,-999,-999
104067,BAGAZAN,1987,02,13,0.0,-999,-999
104067,BAGAZAN,1987,02,14,15.0,-999,-999
104067,BAGAZAN,1987,02,15,0.0,-999,-999
104067,BAGAZAN,1987,02,16,8.0,-999,-999
104067,BAGAZAN,1987,02,17,0.0,-999,-999
104067,BAGAZAN,1987,02,18,2.0,-999,-999
104067,BAGAZAN,1987,02,19,3.0,-999,-999
104067,BAGAZAN,1987,02,20,10.0,-999,-999
104067,BAGAZAN,1987,02,21,18.0,-999,-999
104067,BAGAZAN,1987,02,22,28.0,-999,-999
104067,BAGAZAN,1987,02,23,0.0,-999,-999
104067,BAGAZAN,1987,02,24,0.0,-999,-999
104067,BAGAZAN,1987,02,25,15.0,-999,-999
104067,BAGAZAN,1987,02,26,33.0,-999,-999
104067,BAGAZAN,1987,02,27,8.0,-999,-999
104067,BAGAZAN,1987,02,28,-999,-999,-999
104067,BAGAZAN,1987,09,01,-999,-999,-999
104067,BAGAZAN,1987,09,02,-999,-999,-999
104067,BAGAZAN,1987,09,03,-999,-999,-999
104067,BAGAZAN,1987,09,04,-999,-999,-999
104067,BAGAZAN,1987,09,05,-999,-999,-999
104067,BAGAZAN,1987,09,06,-999,-999,-999
104067,BAGAZAN,1987,09,07,-999,-999,-999
104067,BAGAZAN,1987,09,08,-999,-999,-999
104067,BAGAZAN,1987,09,09,-999,-999,-999
104067,BAGAZAN,1987,09,10,-999,-999,-999
104067,BAGAZAN,1987,09,11,-999,-999,-999
104067,BAGAZAN,1987,09,12,-999,-999,-999
104067,BAGAZAN,1987,09,13,-999,-999,-999
104067,BAGAZAN,1987,09,14,-999,-999,-999
104067,BAGAZAN,1987,09,15,-999,-999,-999
104067,BAGAZAN,1987,09,16,10.0,-999,-999
104067,BAGAZAN,1987,09,17,57.0,-999,-999
104067,BAGAZAN,1987,09,18,0.0,-999,-999
104067,BAGAZAN,1987,09,19,0.0,-999,-999
104067,BAGAZAN,1987,09,20,10.0,-999,-999
104067,BAGAZAN,1987,09,21,10.0,-999,-999
104067,BAGAZAN,1987,09,22,50.0,-999,-999
104067,BAGAZAN,1987,09,23,70.0,-999,-999
104067,BAGAZAN,1987,09,24,30.0,-999,-999
104067,BAGAZAN,1987,09,25,0.0,-999,-999
104067,BAGAZAN,1987,09,26,3.0,-999,-999
104067,BAGAZAN,1987,09,27,0.0,-999,-999
104067,BAGAZAN,1987,09,28,0.0,-999,-999
104067,BAGAZAN,1987,09,29,0.0,-999,-999
104067,BAGAZAN,1987,09,30,0.0,-999,-999
104067,BAGAZAN,1987,10,01,4.0,-999,-999
104067,BAGAZAN,1987,10,02,102.0,-999,-999
104067,BAGAZAN,1987,10,03,0.0,-999,-999
104067,BAGAZAN,1987,10,04,0.0,-999,-999
104067,BAGAZAN,1987,10,05,0.0,-999,-999
104067,BAGAZAN,1987,10,06,16.0,-999,-999
104067,BAGAZAN,1987,10,07,0.0,-999,-999
104067,BAGAZAN,1987,10,08,0.0,-999,-999
104067,BAGAZAN,1987,10,09,0.0,-999,-999
104067,BAGAZAN,1987,10,10,0.0,-999,-999
104067,BAGAZAN,1987,10,11,0.0,-999,-999
104067,BAGAZAN,1987,10,12,0.0,-999,-999
104067,BAGAZAN,1987,10,13,6.0,-999,-999
104067,BAGAZAN,1987,10,14,9.0,-999,-999
104067,BAGAZAN,1987,10,15,0.0,-999,-999
104067,BAGAZAN,1987,10,16,0.0,-999,-999
104067,BAGAZAN,1987,10,17,0.0,-999,-999
104067,BAGAZAN,1987,10,18,5.0,-999,-999
104067,BAGAZAN,1987,10,19,0.0,-999,-999
104067,BAGAZAN,1987,10,20,8.0,-999,-999
104067,BAGAZAN,1987,10,21,0.0,-999,-999
104067,BAGAZAN,1987,10,22,0.0,-999,-999
104067,BAGAZAN,1987,10,23,0.0,-999,-999
104067,BAGAZAN,1987,10,24,0.0,-999,-999
104067,BAGAZAN,1987,10,25,0.0,-999,-999
104067,BAGAZAN,1987,10,26,20.0,-999,-999
104067,BAGAZAN,1987,10,27,10.0,-999,-999
104067,BAGAZAN,1987,10,28,0.0,-999,-999
104067,BAGAZAN,1987,10,29,0.0,-999,-999
104067,BAGAZAN,1987,10,30,0.0,-999,-999
104067,BAGAZAN,1987,10,31,0.0,-999,-999
104067,BAGAZAN,1987,11,01,60.0,-999,-999
104067,BAGAZAN,1987,11,02,0.0,-999,-999
104067,BAGAZAN,1987,11,03,0.0,-999,-999
104067,BAGAZAN,1987,11,04,3.0,-999,-999
104067,BAGAZAN,1987,11,05,4.0,-999,-999
104067,BAGAZAN,1987,11,06,0.0,-999,-999
104067,BAGAZAN,1987,11,07,0.0,-999,-999
104067,BAGAZAN,1987,11,08,0.0,-999,-999
104067,BAGAZAN,1987,11,09,0.0,-999,-999
104067,BAGAZAN,1987,11,10,3.0,-999,-999
104067,BAGAZAN,1987,11,11,2.0,-999,-999
104067,BAGAZAN,1987,11,12,0.0,-999,-999
104067,BAGAZAN,1987,11,13,0.0,-999,-999
104067,BAGAZAN,1987,11,14,12.0,-999,-999
104067,BAGAZAN,1987,11,15,23.0,-999,-999
104067,BAGAZAN,1987,11,16,0.0,-999,-999
104067,BAGAZAN,1987,11,17,0.0,-999,-999
104067,BAGAZAN,1987,11,18,0.0,-999,-999
104067,BAGAZAN,1987,11,19,18.0,-999,-999
104067,BAGAZAN,1987,11,20,17.0,-999,-999
104067,BAGAZAN,1987,11,21,0.0,-999,-999
104067,BAGAZAN,1987,11,22,30.0,-999,-999
104067,BAGAZAN,1987,11,23,15.0,-999,-999
104067,BAGAZAN,1987,11,24,0.0,-999,-999
104067,BAGAZAN,1987,11,25,0.0,-999,-999
104067,BAGAZAN,1987,11,26,0.0,-999,-999
104067,BAGAZAN,1987,11,27,15.0,-999,-999
104067,BAGAZAN,1987,11,28,6.0,-999,-999
104067,BAGAZAN,1987,11,29,0.0,-999,-999
104067,BAGAZAN,1987,11,30,72.0,-999,-999
104067,BAGAZAN,1987,12,01,0.0,-999,-999
104067,BAGAZAN,1987,12,02,0.0,-999,-999
104067,BAGAZAN,1987,12,03,15.0,-999,-999
104067,BAGAZAN,1987,12,04,0.0,-999,-999
104067,BAGAZAN,1987,12,05,10.0,-999,-999
104067,BAGAZAN,1987,12,06,0.0,-999,-999
104067,BAGAZAN,1987,12,07,0.0,-999,-999
104067,BAGAZAN,1987,12,08,0.0,-999,-999
104067,BAGAZAN,1987,12,09,8.0,-999,-999
104067,BAGAZAN,1987,12,10,15.0,-999,-999
104067,BAGAZAN,1987,12,11,16.0,-999,-999
104067,BAGAZAN,1987,12,12,0.0,-999,-999
104067,BAGAZAN,1987,12,13,31.0,-999,-999
104067,BAGAZAN,1987,12,14,0.0,-999,-999
104067,BAGAZAN,1987,12,15,0.0,-999,-999
104067,BAGAZAN,1987,12,16,0.0,-999,-999
104067,BAGAZAN,1987,12,17,0.0,-999,-999
104067,BAGAZAN,1987,12,18,0.0,-999,-999
104067,BAGAZAN,1987,12,19,0.0,-999,-999
104067,BAGAZAN,1987,12,20,25.0,-999,-999
104067,BAGAZAN,1987,12,21,29.0,-999,-999
104067,BAGAZAN,1987,12,22,0.0,-999,-999
104067,BAGAZAN,1987,12,23,20.0,-999,-999
104067,BAGAZAN,1987,12,24,0.0,-999,-999
104067,BAGAZAN,1987,12,25,0.0,-999,-999
104067,BAGAZAN,1987,12,26,39.0,-999,-999
104067,BAGAZAN,1987,12,27,0.0,-999,-999
104067,BAGAZAN,1987,12,28,0.0,-999,-999
104067,BAGAZAN,1987,12,29,0.0,-999,-999
104067,BAGAZAN,1987,12,30,10.0,-999,-999
104067,BAGAZAN,1987,12,31,0.0,-999,-999
104067,BAGAZAN,1988,01,01,16.0,-999,-999
104067,BAGAZAN,1988,01,02,4.0,-999,-999
104067,BAGAZAN,1988,01,03,0.0,-999,-999
104067,BAGAZAN,1988,01,04,0.0,-999,-999
104067,BAGAZAN,1988,01,05,0.0,-999,-999
104067,BAGAZAN,1988,01,06,0.0,-999,-999
104067,BAGAZAN,1988,01,07,0.0,-999,-999
104067,BAGAZAN,1988,01,08,9.0,-999,-999
104067,BAGAZAN,1988,01,09,4.0,-999,-999
104067,BAGAZAN,1988,01,10,7.0,-999,-999
104067,BAGAZAN,1988,01,11,0.0,-999,-999
104067,BAGAZAN,1988,01,12,0.0,-999,-999
104067,BAGAZAN,1988,01,13,0.0,-999,-999
104067,BAGAZAN,1988,01,14,0.0,-999,-999
104067,BAGAZAN,1988,01,15,0.0,-999,-999
104067,BAGAZAN,1988,01,16,0.0,-999,-999
104067,BAGAZAN,1988,01,17,0.0,-999,-999
104067,BAGAZAN,1988,01,18,0.0,-999,-999
104067,BAGAZAN,1988,01,19,25.0,-999,-999
104067,BAGAZAN,1988,01,20,0.0,-999,-999
104067,BAGAZAN,1988,01,21,0.0,-999,-999
104067,BAGAZAN,1988,01,22,0.0,-999,-999
104067,BAGAZAN,1988,01,23,0.0,-999,-999
104067,BAGAZAN,1988,01,24,14.0,-999,-999
104067,BAGAZAN,1988,01,25,0.0,-999,-999
104067,BAGAZAN,1988,01,26,0.0,-999,-999
104067,BAGAZAN,1988,01,27,0.0,-999,-999
104067,BAGAZAN,1988,01,28,0.0,-999,-999
104067,BAGAZAN,1988,01,29,22.0,-999,-999
104067,BAGAZAN,1988,01,30,0.0,-999,-999
104067,BAGAZAN,1988,01,31,0.0,-999,-999
104067,BAGAZAN,1988,02,01,23.0,-999,-999
104067,BAGAZAN,1988,02,02,0.0,-999,-999
104067,BAGAZAN,1988,02,03,0.0,-999,-999
104067,BAGAZAN,1988,02,04,45.0,-999,-999
104067,BAGAZAN,1988,02,05,0.0,-999,-999
104067,BAGAZAN,1988,02,06,0.0,-999,-999
104067,BAGAZAN,1988,02,07,5.0,-999,-999
104067,BAGAZAN,1988,02,08,1.0,-999,-999
104067,BAGAZAN,1988,02,09,0.0,-999,-999
104067,BAGAZAN,1988,02,10,0.0,-999,-999
104067,BAGAZAN,1988,02,11,55.0,-999,-999
104067,BAGAZAN,1988,02,12,0.0,-999,-999
104067,BAGAZAN,1988,02,13,0.0,-999,-999
104067,BAGAZAN,1988,02,14,3.0,-999,-999
104067,BAGAZAN,1988,02,15,0.0,-999,-999
104067,BAGAZAN,1988,02,16,35.0,-999,-999
104067,BAGAZAN,1988,02,17,0.0,-999,-999
104067,BAGAZAN,1988,02,18,0.0,-999,-999
104067,BAGAZAN,1988,02,19,65.0,-999,-999
104067,BAGAZAN,1988,02,20,0.0,-999,-999
104067,BAGAZAN,1988,02,21,14.0,-999,-999
104067,BAGAZAN,1988,02,22,9.0,-999,-999
104067,BAGAZAN,1988,02,23,0.0,-999,-999
104067,BAGAZAN,1988,02,24,0.0,-999,-999
104067,BAGAZAN,1988,02,25,0.0,-999,-999
104067,BAGAZAN,1988,02,26,69.0,-999,-999
104067,BAGAZAN,1988,02,27,0.0,-999,-999
104067,BAGAZAN,1988,02,28,0.0,-999,-999
104067,BAGAZAN,1988,02,29,0.0,-999,-999
104067,BAGAZAN,1988,03,01,0.0,-999,-999
104067,BAGAZAN,1988,03,02,0.0,-999,-999
104067,BAGAZAN,1988,03,03,0.0,-999,-999
104067,BAGAZAN,1988,03,04,0.0,-999,-999
104067,BAGAZAN,1988,03,05,0.0,-999,-999
104067,BAGAZAN,1988,03,06,0.0,-999,-999
104067,BAGAZAN,1988,03,07,0.0,-999,-999
104067,BAGAZAN,1988,03,08,0.0,-999,-999
104067,BAGAZAN,1988,03,09,0.0,-999,-999
104067,BAGAZAN,1988,03,10,0.0,-999,-999
104067,BAGAZAN,1988,03,11,0.0,-999,-999
104067,BAGAZAN,1988,03,12,10.0,-999,-999
104067,BAGAZAN,1988,03,13,0.0,-999,-999
104067,BAGAZAN,1988,03,14,0.0,-999,-999
104067,BAGAZAN,1988,03,15,0.0,-999,-999
104067,BAGAZAN,1988,03,16,0.0,-999,-999
104067,BAGAZAN,1988,03,17,0.0,-999,-999
104067,BAGAZAN,1988,03,18,13.0,-999,-999
104067,BAGAZAN,1988,03,19,7.0,-999,-999
104067,BAGAZAN,1988,03,20,4.0,-999,-999
104067,BAGAZAN,1988,03,21,0.0,-999,-999
104067,BAGAZAN,1988,03,22,0.0,-999,-999
104067,BAGAZAN,1988,03,23,9.0,-999,-999
104067,BAGAZAN,1988,03,24,0.0,-999,-999
104067,BAGAZAN,1988,03,25,5.0,-999,-999
104067,BAGAZAN,1988,03,26,0.0,-999,-999
104067,BAGAZAN,1988,03,27,17.0,-999,-999
104067,BAGAZAN,1988,03,28,25.0,-999,-999
104067,BAGAZAN,1988,03,29,0.0,-999,-999
104067,BAGAZAN,1988,03,30,0.0,-999,-999
104067,BAGAZAN,1988,03,31,0.0,-999,-999
104067,BAGAZAN,1988,04,01,0.0,-999,-999
104067,BAGAZAN,1988,04,02,20.0,-999,-999
104067,BAGAZAN,1988,04,03,0.0,-999,-999
104067,BAGAZAN,1988,04,04,16.0,-999,-999
104067,BAGAZAN,1988,04,05,0.0,-999,-999
104067,BAGAZAN,1988,04,06,0.0,-999,-999
104067,BAGAZAN,1988,04,07,15.0,-999,-999
104067,BAGAZAN,1988,04,08,5.0,-999,-999
104067,BAGAZAN,1988,04,09,12.0,-999,-999
104067,BAGAZAN,1988,04,10,0.0,-999,-999
104067,BAGAZAN,1988,04,11,15.0,-999,-999
104067,BAGAZAN,1988,04,12,0.0,-999,-999
104067,BAGAZAN,1988,04,13,0.0,-999,-999
104067,BAGAZAN,1988,04,14,0.0,-999,-999
104067,BAGAZAN,1988,04,15,0.0,-999,-999
104067,BAGAZAN,1988,04,16,13.0,-999,-999
104067,BAGAZAN,1988,04,17,0.0,-999,-999
104067,BAGAZAN,1988,04,18,0.0,-999,-999
104067,BAGAZAN,1988,04,19,20.0,-999,-999
104067,BAGAZAN,1988,04,20,0.0,-999,-999
104067,BAGAZAN,1988,04,21,0.0,-999,-999
104067,BAGAZAN,1988,04,22,0.0,-999,-999
104067,BAGAZAN,1988,04,23,34.0,-999,-999
104067,BAGAZAN,1988,04,24,0.0,-999,-999
104067,BAGAZAN,1988,04,25,0.0,-999,-999
104067,BAGAZAN,1988,04,26,0.0,-999,-999
104067,BAGAZAN,1988,04,27,16.0,-999,-999
104067,BAGAZAN,1988,04,28,0.0,-999,-999
104067,BAGAZAN,1988,04,29,13.0,-999,-999
104067,BAGAZAN,1988,04,30,0.0,-999,-999
104067,BAGAZAN,1988,05,01,15.0,-999,-999
104067,BAGAZAN,1988,05,02,12.0,-999,-999
104067,BAGAZAN,1988,05,03,32.0,-999,-999
104067,BAGAZAN,1988,05,04,0.0,-999,-999
104067,BAGAZAN,1988,05,05,0.0,-999,-999
104067,BAGAZAN,1988,05,06,9.0,-999,-999
104067,BAGAZAN,1988,05,07,0.0,-999,-999
104067,BAGAZAN,1988,05,08,0.0,-999,-999
104067,BAGAZAN,1988,05,09,0.0,-999,-999
104067,BAGAZAN,1988,05,10,6.0,-999,-999
104067,BAGAZAN,1988,05,11,4.0,-999,-999
104067,BAGAZAN,1988,05,12,0.0,-999,-999
104067,BAGAZAN,1988,05,13,0.0,-999,-999
104067,BAGAZAN,1988,05,14,0.0,-999,-999
104067,BAGAZAN,1988,05,15,0.0,-999,-999
104067,BAGAZAN,1988,05,16,0.0,-999,-999
104067,BAGAZAN,1988,05,17,0.0,-999,-999
104067,BAGAZAN,1988,05,18,0.0,-999,-999
104067,BAGAZAN,1988,05,19,0.0,-999,-999
104067,BAGAZAN,1988,05,20,0.0,-999,-999
104067,BAGAZAN,1988,05,21,0.0,-999,-999
104067,BAGAZAN,1988,05,22,0.0,-999,-999
104067,BAGAZAN,1988,05,23,15.0,-999,-999
104067,BAGAZAN,1988,05,24,43.0,-999,-999
104067,BAGAZAN,1988,05,25,15.0,-999,-999
104067,BAGAZAN,1988,05,26,49.0,-999,-999
104067,BAGAZAN,1988,05,27,6.0,-999,-999
104067,BAGAZAN,1988,05,28,0.0,-999,-999
104067,BAGAZAN,1988,05,29,0.0,-999,-999
104067,BAGAZAN,1988,05,30,0.0,-999,-999
104067,BAGAZAN,1988,05,31,2.0,-999,-999
104067,BAGAZAN,1988,06,01,0.0,-999,-999
104067,BAGAZAN,1988,06,02,0.0,-999,-999
104067,BAGAZAN,1988,06,03,0.0,-999,-999
104067,BAGAZAN,1988,06,04,0.0,-999,-999
104067,BAGAZAN,1988,06,05,0.0,-999,-999
104067,BAGAZAN,1988,06,06,0.0,-999,-999
104067,BAGAZAN,1988,06,07,0.0,-999,-999
104067,BAGAZAN,1988,06,08,0.0,-999,-999
104067,BAGAZAN,1988,06,09,0.0,-999,-999
104067,BAGAZAN,1988,06,10,0.0,-999,-999
104067,BAGAZAN,1988,06,11,0.0,-999,-999
104067,BAGAZAN,1988,06,12,0.0,-999,-999
104067,BAGAZAN,1988,06,13,0.0,-999,-999
104067,BAGAZAN,1988,06,14,0.0,-999,-999
104067,BAGAZAN,1988,06,15,0.0,-999,-999
104067,BAGAZAN,1988,06,16,0.0,-999,-999
104067,BAGAZAN,1988,06,17,15.0,-999,-999
104067,BAGAZAN,1988,06,18,12.0,-999,-999
104067,BAGAZAN,1988,06,19,0.0,-999,-999
104067,BAGAZAN,1988,06,20,0.0,-999,-999
104067,BAGAZAN,1988,06,21,0.0,-999,-999
104067,BAGAZAN,1988,06,22,0.0,-999,-999
104067,BAGAZAN,1988,06,23,0.0,-999,-999
104067,BAGAZAN,1988,06,24,0.0,-999,-999
104067,BAGAZAN,1988,06,25,0.0,-999,-999
104067,BAGAZAN,1988,06,26,4.0,-999,-999
104067,BAGAZAN,1988,06,27,1.0,-999,-999
104067,BAGAZAN,1988,06,28,11.0,-999,-999
104067,BAGAZAN,1988,06,29,0.0,-999,-999
104067,BAGAZAN,1988,06,30,0.0,-999,-999
104067,BAGAZAN,1988,07,01,13.0,-999,-999
104067,BAGAZAN,1988,07,02,0.0,-999,-999
104067,BAGAZAN,1988,07,03,35.0,-999,-999
104067,BAGAZAN,1988,07,04,0.0,-999,-999
104067,BAGAZAN,1988,07,05,0.0,-999,-999
104067,BAGAZAN,1988,07,06,0.0,-999,-999
104067,BAGAZAN,1988,07,07,0.0,-999,-999
104067,BAGAZAN,1988,07,08,22.0,-999,-999
104067,BAGAZAN,1988,07,09,0.0,-999,-999
104067,BAGAZAN,1988,07,10,0.0,-999,-999
104067,BAGAZAN,1988,07,11,0.0,-999,-999
104067,BAGAZAN,1988,07,12,0.0,-999,-999
104067,BAGAZAN,1988,07,13,0.0,-999,-999
104067,BAGAZAN,1988,07,14,0.0,-999,-999
104067,BAGAZAN,1988,07,15,0.0,-999,-999
104067,BAGAZAN,1988,07,16,0.0,-999,-999
104067,BAGAZAN,1988,07,17,0.0,-999,-999
104067,BAGAZAN,1988,07,18,0.0,-999,-999
104067,BAGAZAN,1988,07,19,0.0,-999,-999
104067,BAGAZAN,1988,07,20,0.0,-999,-999
104067,BAGAZAN,1988,07,21,0.0,-999,-999
104067,BAGAZAN,1988,07,22,0.0,-999,-999
104067,BAGAZAN,1988,07,23,0.0,-999,-999
104067,BAGAZAN,1988,07,24,0.0,-999,-999
104067,BAGAZAN,1988,07,25,0.0,-999,-999
104067,BAGAZAN,1988,07,26,0.0,-999,-999
104067,BAGAZAN,1988,07,27,0.0,-999,-999
104067,BAGAZAN,1988,07,28,0.0,-999,-999
104067,BAGAZAN,1988,07,29,5.0,-999,-999
104067,BAGAZAN,1988,07,30,35.0,-999,-999
104067,BAGAZAN,1988,07,31,7.0,-999,-999
104067,BAGAZAN,1988,08,01,0.0,-999,-999
104067,BAGAZAN,1988,08,02,0.0,-999,-999
104067,BAGAZAN,1988,08,03,0.0,-999,-999
104067,BAGAZAN,1988,08,04,0.0,-999,-999
104067,BAGAZAN,1988,08,05,0.0,-999,-999
104067,BAGAZAN,1988,08,06,0.0,-999,-999
104067,BAGAZAN,1988,08,07,0.0,-999,-999
104067,BAGAZAN,1988,08,08,0.0,-999,-999
104067,BAGAZAN,1988,08,09,0.0,-999,-999
104067,BAGAZAN,1988,08,10,18.0,-999,-999
104067,BAGAZAN,1988,08,11,0.0,-999,-999
104067,BAGAZAN,1988,08,12,0.0,-999,-999
104067,BAGAZAN,1988,08,13,0.0,-999,-999
104067,BAGAZAN,1988,08,14,0.0,-999,-999
104067,BAGAZAN,1988,08,15,20.0,-999,-999
104067,BAGAZAN,1988,08,16,44.0,-999,-999
104067,BAGAZAN,1988,08,17,8.0,-999,-999
104067,BAGAZAN,1988,08,18,0.0,-999,-999
104067,BAGAZAN,1988,08,19,0.0,-999,-999
104067,BAGAZAN,1988,08,20,0.0,-999,-999
104067,BAGAZAN,1988,08,21,0.0,-999,-999
104067,BAGAZAN,1988,08,22,0.0,-999,-999
104067,BAGAZAN,1988,08,23,0.0,-999,-999
104067,BAGAZAN,1988,08,24,0.0,-999,-999
104067,BAGAZAN,1988,08,25,0.0,-999,-999
104067,BAGAZAN,1988,08,26,0.0,-999,-999
104067,BAGAZAN,1988,08,27,0.0,-999,-999
104067,BAGAZAN,1988,08,28,0.0,-999,-999
104067,BAGAZAN,1988,08,29,0.0,-999,-999
104067,BAGAZAN,1988,08,30,0.0,-999,-999
104067,BAGAZAN,1988,08,31,0.0,-999,-999
104067,BAGAZAN,1988,09,01,0.0,-999,-999
104067,BAGAZAN,1988,09,02,0.0,-999,-999
104067,BAGAZAN,1988,09,03,22.0,-999,-999
104067,BAGAZAN,1988,09,04,0.0,-999,-999
104067,BAGAZAN,1988,09,05,0.0,-999,-999
104067,BAGAZAN,1988,09,06,0.0,-999,-999
104067,BAGAZAN,1988,09,07,17.0,-999,-999
104067,BAGAZAN,1988,09,08,0.0,-999,-999
104067,BAGAZAN,1988,09,09,0.0,-999,-999
104067,BAGAZAN,1988,09,10,0.0,-999,-999
104067,BAGAZAN,1988,09,11,0.0,-999,-999
104067,BAGAZAN,1988,09,12,0.0,-999,-999
104067,BAGAZAN,1988,09,13,19.0,-999,-999
104067,BAGAZAN,1988,09,14,0.0,-999,-999
104067,BAGAZAN,1988,09,15,0.0,-999,-999
104067,BAGAZAN,1988,09,16,26.0,-999,-999
104067,BAGAZAN,1988,09,17,0.0,-999,-999
104067,BAGAZAN,1988,09,18,0.0,-999,-999
104067,BAGAZAN,1988,09,19,4.0,-999,-999
104067,BAGAZAN,1988,09,20,0.0,-999,-999
104067,BAGAZAN,1988,09,21,0.0,-999,-999
104067,BAGAZAN,1988,09,22,12.0,-999,-999
104067,BAGAZAN,1988,09,23,11.0,-999,-999
104067,BAGAZAN,1988,09,24,0.0,-999,-999
104067,BAGAZAN,1988,09,25,0.0,-999,-999
104067,BAGAZAN,1988,09,26,7.0,-999,-999
104067,BAGAZAN,1988,09,27,0.0,-999,-999
104067,BAGAZAN,1988,09,28,0.0,-999,-999
104067,BAGAZAN,1988,09,29,0.0,-999,-999
104067,BAGAZAN,1988,09,30,0.0,-999,-999
104067,BAGAZAN,1988,10,01,0.0,-999,-999
104067,BAGAZAN,1988,10,02,0.0,-999,-999
104067,BAGAZAN,1988,10,03,12.0,-999,-999
104067,BAGAZAN,1988,10,04,0.0,-999,-999
104067,BAGAZAN,1988,10,05,0.0,-999,-999
104067,BAGAZAN,1988,10,06,16.0,-999,-999
104067,BAGAZAN,1988,10,07,0.0,-999,-999
104067,BAGAZAN,1988,10,08,0.0,-999,-999
104067,BAGAZAN,1988,10,09,8.0,-999,-999
104067,BAGAZAN,1988,10,10,2.0,-999,-999
104067,BAGAZAN,1988,10,11,0.0,-999,-999
104067,BAGAZAN,1988,10,12,4.0,-999,-999
104067,BAGAZAN,1988,10,13,0.0,-999,-999
104067,BAGAZAN,1988,10,14,0.0,-999,-999
104067,BAGAZAN,1988,10,15,3.0,-999,-999
104067,BAGAZAN,1988,10,16,10.0,-999,-999
104067,BAGAZAN,1988,10,17,0.0,-999,-999
104067,BAGAZAN,1988,10,18,0.0,-999,-999
104067,BAGAZAN,1988,10,19,8.0,-999,-999
104067,BAGAZAN,1988,10,20,1.0,-999,-999
104067,BAGAZAN,1988,10,21,22.0,-999,-999
104067,BAGAZAN,1988,10,22,0.0,-999,-999
104067,BAGAZAN,1988,10,23,0.0,-999,-999
104067,BAGAZAN,1988,10,24,15.0,-999,-999
104067,BAGAZAN,1988,10,25,6.0,-999,-999
104067,BAGAZAN,1988,10,26,0.0,-999,-999
104067,BAGAZAN,1988,10,27,0.0,-999,-999
104067,BAGAZAN,1988,10,28,9.0,-999,-999
104067,BAGAZAN,1988,10,29,5.0,-999,-999
104067,BAGAZAN,1988,10,30,0.0,-999,-999
104067,BAGAZAN,1988,10,31,11.0,-999,-999
104067,BAGAZAN,1988,11,01,6.0,-999,-999
104067,BAGAZAN,1988,11,02,0.0,-999,-999
104067,BAGAZAN,1988,11,03,11.0,-999,-999
104067,BAGAZAN,1988,11,04,0.0,-999,-999
104067,BAGAZAN,1988,11,05,0.0,-999,-999
104067,BAGAZAN,1988,11,06,0.0,-999,-999
104067,BAGAZAN,1988,11,07,14.0,-999,-999
104067,BAGAZAN,1988,11,08,0.0,-999,-999
104067,BAGAZAN,1988,11,09,10.0,-999,-999
104067,BAGAZAN,1988,11,10,0.0,-999,-999
104067,BAGAZAN,1988,11,11,18.0,-999,-999
104067,BAGAZAN,1988,11,12,0.0,-999,-999
104067,BAGAZAN,1988,11,13,0.0,-999,-999
104067,BAGAZAN,1988,11,14,3.0,-999,-999
104067,BAGAZAN,1988,11,15,15.0,-999,-999
104067,BAGAZAN,1988,11,16,12.0,-999,-999
104067,BAGAZAN,1988,11,17,0.0,-999,-999
104067,BAGAZAN,1988,11,18,0.0,-999,-999
104067,BAGAZAN,1988,11,19,0.0,-999,-999
104067,BAGAZAN,1988,11,20,7.0,-999,-999
104067,BAGAZAN,1988,11,21,21.0,-999,-999
104067,BAGAZAN,1988,11,22,0.0,-999,-999
104067,BAGAZAN,1988,11,23,9.0,-999,-999
104067,BAGAZAN,1988,11,24,5.0,-999,-999
104067,BAGAZAN,1988,11,25,0.0,-999,-999
104067,BAGAZAN,1988,11,26,0.0,-999,-999
104067,BAGAZAN,1988,11,27,2.0,-999,-999
104067,BAGAZAN,1988,11,28,0.0,-999,-999
104067,BAGAZAN,1988,11,29,0.0,-999,-999
104067,BAGAZAN,1988,11,30,12.0,-999,-999
104067,BAGAZAN,1988,12,01,9.0,-999,-999
104067,BAGAZAN,1988,12,02,0.0,-999,-999
104067,BAGAZAN,1988,12,03,0.0,-999,-999
104067,BAGAZAN,1988,12,04,0.0,-999,-999
104067,BAGAZAN,1988,12,05,1.0,-999,-999
104067,BAGAZAN,1988,12,06,21.0,-999,-999
104067,BAGAZAN,1988,12,07,0.0,-999,-999
104067,BAGAZAN,1988,12,08,0.0,-999,-999
104067,BAGAZAN,1988,12,09,12.0,-999,-999
104067,BAGAZAN,1988,12,10,0.0,-999,-999
104067,BAGAZAN,1988,12,11,0.0,-999,-999
104067,BAGAZAN,1988,12,12,0.0,-999,-999
104067,BAGAZAN,1988,12,13,0.0,-999,-999
104067,BAGAZAN,1988,12,14,14.0,-999,-999
104067,BAGAZAN,1988,12,15,0.0,-999,-999
104067,BAGAZAN,1988,12,16,0.0,-999,-999
104067,BAGAZAN,1988,12,17,6.0,-999,-999
104067,BAGAZAN,1988,12,18,0.0,-999,-999
104067,BAGAZAN,1988,12,19,5.0,-999,-999
104067,BAGAZAN,1988,12,20,7.0,-999,-999
104067,BAGAZAN,1988,12,21,2.0,-999,-999
104067,BAGAZAN,1988,12,22,26.0,-999,-999
104067,BAGAZAN,1988,12,23,0.0,-999,-999
104067,BAGAZAN,1988,12,24,0.0,-999,-999
104067,BAGAZAN,1988,12,25,0.0,-999,-999
104067,BAGAZAN,1988,12,26,31.0,-999,-999
104067,BAGAZAN,1988,12,27,0.0,-999,-999
104067,BAGAZAN,1988,12,28,11.0,-999,-999
104067,BAGAZAN,1988,12,29,0.0,-999,-999
104067,BAGAZAN,1988,12,30,0.0,-999,-999
104067,BAGAZAN,1988,12,31,3.0,-999,-999
104067,BAGAZAN,1989,01,01,21.0,-999,-999
104067,BAGAZAN,1989,01,02,6.0,-999,-999
104067,BAGAZAN,1989,01,03,0.0,-999,-999
104067,BAGAZAN,1989,01,04,0.0,-999,-999
104067,BAGAZAN,1989,01,05,2.0,-999,-999
104067,BAGAZAN,1989,01,06,12.0,-999,-999
104067,BAGAZAN,1989,01,07,0.0,-999,-999
104067,BAGAZAN,1989,01,08,24.0,-999,-999
104067,BAGAZAN,1989,01,09,0.0,-999,-999
104067,BAGAZAN,1989,01,10,4.0,-999,-999
104067,BAGAZAN,1989,01,11,10.0,-999,-999
104067,BAGAZAN,1989,01,12,0.0,-999,-999
104067,BAGAZAN,1989,01,13,0.0,-999,-999
104067,BAGAZAN,1989,01,14,9.0,-999,-999
104067,BAGAZAN,1989,01,15,23.0,-999,-999
104067,BAGAZAN,1989,01,16,3.0,-999,-999
104067,BAGAZAN,1989,01,17,0.0,-999,-999
104067,BAGAZAN,1989,01,18,0.0,-999,-999
104067,BAGAZAN,1989,01,19,8.0,-999,-999
104067,BAGAZAN,1989,01,20,7.0,-999,-999
104067,BAGAZAN,1989,01,21,33.0,-999,-999
104067,BAGAZAN,1989,01,22,0.0,-999,-999
104067,BAGAZAN,1989,01,23,0.0,-999,-999
104067,BAGAZAN,1989,01,24,40.0,-999,-999
104067,BAGAZAN,1989,01,25,18.0,-999,-999
104067,BAGAZAN,1989,01,26,1.0,-999,-999
104067,BAGAZAN,1989,01,27,0.0,-999,-999
104067,BAGAZAN,1989,01,28,29.0,-999,-999
104067,BAGAZAN,1989,01,29,0.0,-999,-999
104067,BAGAZAN,1989,01,30,0.0,-999,-999
104067,BAGAZAN,1989,01,31,31.0,-999,-999
104067,BAGAZAN,1989,02,01,18.0,-999,-999
104067,BAGAZAN,1989,02,02,0.0,-999,-999
104067,BAGAZAN,1989,02,03,0.0,-999,-999
104067,BAGAZAN,1989,02,04,0.0,-999,-999
104067,BAGAZAN,1989,02,05,5.0,-999,-999
104067,BAGAZAN,1989,02,06,16.0,-999,-999
104067,BAGAZAN,1989,02,07,0.0,-999,-999
104067,BAGAZAN,1989,02,08,0.0,-999,-999
104067,BAGAZAN,1989,02,09,19.0,-999,-999
104067,BAGAZAN,1989,02,10,0.0,-999,-999
104067,BAGAZAN,1989,02,11,0.0,-999,-999
104067,BAGAZAN,1989,02,12,0.0,-999,-999
104067,BAGAZAN,1989,02,13,14.0,-999,-999
104067,BAGAZAN,1989,02,14,0.0,-999,-999
104067,BAGAZAN,1989,02,15,0.0,-999,-999
104067,BAGAZAN,1989,02,16,0.0,-999,-999
104067,BAGAZAN,1989,02,17,9.0,-999,-999
104067,BAGAZAN,1989,02,18,0.0,-999,-999
104067,BAGAZAN,1989,02,19,21.0,-999,-999
104067,BAGAZAN,1989,02,20,0.0,-999,-999
104067,BAGAZAN,1989,02,21,0.0,-999,-999
104067,BAGAZAN,1989,02,22,8.0,-999,-999
104067,BAGAZAN,1989,02,23,0.0,-999,-999
104067,BAGAZAN,1989,02,24,96.0,-999,-999
104067,BAGAZAN,1989,02,25,0.0,-999,-999
104067,BAGAZAN,1989,02,26,0.0,-999,-999
104067,BAGAZAN,1989,02,27,12.0,-999,-999
104067,BAGAZAN,1989,02,28,4.0,-999,-999
104067,BAGAZAN,1989,03,01,0.0,-999,-999
104067,BAGAZAN,1989,03,02,0.0,-999,-999
104067,BAGAZAN,1989,03,03,7.0,-999,-999
104067,BAGAZAN,1989,03,04,10.0,-999,-999
104067,BAGAZAN,1989,03,05,0.0,-999,-999
104067,BAGAZAN,1989,03,06,0.0,-999,-999
104067,BAGAZAN,1989,03,07,13.0,-999,-999
104067,BAGAZAN,1989,03,08,0.0,-999,-999
104067,BAGAZAN,1989,03,09,4.0,-999,-999
104067,BAGAZAN,1989,03,10,26.0,-999,-999
104067,BAGAZAN,1989,03,11,0.0,-999,-999
104067,BAGAZAN,1989,03,12,0.0,-999,-999
104067,BAGAZAN,1989,03,13,0.0,-999,-999
104067,BAGAZAN,1989,03,14,0.0,-999,-999
104067,BAGAZAN,1989,03,15,0.0,-999,-999
104067,BAGAZAN,1989,03,16,31.0,-999,-999
104067,BAGAZAN,1989,03,17,8.0,-999,-999
104067,BAGAZAN,1989,03,18,0.0,-999,-999
104067,BAGAZAN,1989,03,19,0.0,-999,-999
104067,BAGAZAN,1989,03,20,15.0,-999,-999
104067,BAGAZAN,1989,03,21,0.0,-999,-999
104067,BAGAZAN,1989,03,22,9.0,-999,-999
104067,BAGAZAN,1989,03,23,0.0,-999,-999
104067,BAGAZAN,1989,03,24,37.0,-999,-999
104067,BAGAZAN,1989,03,25,0.0,-999,-999
104067,BAGAZAN,1989,03,26,3.0,-999,-999
104067,BAGAZAN,1989,03,27,6.0,-999,-999
104067,BAGAZAN,1989,03,28,0.0,-999,-999
104067,BAGAZAN,1989,03,29,0.0,-999,-999
104067,BAGAZAN,1989,03,30,12.0,-999,-999
104067,BAGAZAN,1989,03,31,5.0,-999,-999
104067,BAGAZAN,1989,04,01,1.0,-999,-999
104067,BAGAZAN,1989,04,02,0.0,-999,-999
104067,BAGAZAN,1989,04,03,6.0,-999,-999
104067,BAGAZAN,1989,04,04,0.0,-999,-999
104067,BAGAZAN,1989,04,05,22.0,-999,-999
104067,BAGAZAN,1989,04,06,38.0,-999,-999
104067,BAGAZAN,1989,04,07,0.0,-999,-999
104067,BAGAZAN,1989,04,08,16.0,-999,-999
104067,BAGAZAN,1989,04,09,10.0,-999,-999
104067,BAGAZAN,1989,04,10,0.0,-999,-999
104067,BAGAZAN,1989,04,11,0.0,-999,-999
104067,BAGAZAN,1989,04,12,57.0,-999,-999
104067,BAGAZAN,1989,04,13,14.0,-999,-999
104067,BAGAZAN,1989,04,14,8.0,-999,-999
104067,BAGAZAN,1989,04,15,36.0,-999,-999
104067,BAGAZAN,1989,04,16,0.0,-999,-999
104067,BAGAZAN,1989,04,17,0.0,-999,-999
104067,BAGAZAN,1989,04,18,18.0,-999,-999
104067,BAGAZAN,1989,04,19,12.0,-999,-999
104067,BAGAZAN,1989,04,20,0.0,-999,-999
104067,BAGAZAN,1989,04,21,7.0,-999,-999
104067,BAGAZAN,1989,04,22,0.0,-999,-999
104067,BAGAZAN,1989,04,23,14.0,-999,-999
104067,BAGAZAN,1989,04,24,0.0,-999,-999
104067,BAGAZAN,1989,04,25,0.0,-999,-999
104067,BAGAZAN,1989,04,26,8.0,-999,-999
104067,BAGAZAN,1989,04,27,4.0,-999,-999
104067,BAGAZAN,1989,04,28,11.0,-999,-999
104067,BAGAZAN,1989,04,29,0.0,-999,-999
104067,BAGAZAN,1989,04,30,3.0,-999,-999
104067,BAGAZAN,1989,05,01,11.0,-999,-999
104067,BAGAZAN,1989,05,02,0.0,-999,-999
104067,BAGAZAN,1989,05,03,39.0,-999,-999
104067,BAGAZAN,1989,05,04,0.0,-999,-999
104067,BAGAZAN,1989,05,05,12.0,-999,-999
104067,BAGAZAN,1989,05,06,0.0,-999,-999
104067,BAGAZAN,1989,05,07,10.0,-999,-999
104067,BAGAZAN,1989,05,08,30.0,-999,-999
104067,BAGAZAN,1989,05,09,8.0,-999,-999
104067,BAGAZAN,1989,05,10,0.0,-999,-999
104067,BAGAZAN,1989,05,11,6.0,-999,-999
104067,BAGAZAN,1989,05,12,4.0,-999,-999
104067,BAGAZAN,1989,05,13,2.0,-999,-999
104067,BAGAZAN,1989,05,14,0.0,-999,-999
104067,BAGAZAN,1989,05,15,0.0,-999,-999
104067,BAGAZAN,1989,05,16,7.0,-999,-999
104067,BAGAZAN,1989,05,17,42.0,-999,-999
104067,BAGAZAN,1989,05,18,0.0,-999,-999
104067,BAGAZAN,1989,05,19,20.0,-999,-999
104067,BAGAZAN,1989,05,20,0.0,-999,-999
104067,BAGAZAN,1989,05,21,0.0,-999,-999
104067,BAGAZAN,1989,05,22,56.0,-999,-999
104067,BAGAZAN,1989,05,23,20.0,-999,-999
104067,BAGAZAN,1989,05,24,0.0,-999,-999
104067,BAGAZAN,1989,05,25,9.0,-999,-999
104067,BAGAZAN,1989,05,26,0.0,-999,-999
104067,BAGAZAN,1989,05,27,35.0,-999,-999
104067,BAGAZAN,1989,05,28,63.0,-999,-999
104067,BAGAZAN,1989,05,29,0.0,-999,-999
104067,BAGAZAN,1989,05,30,16.0,-999,-999
104067,BAGAZAN,1989,05,31,18.0,-999,-999
104067,BAGAZAN,1989,06,01,0.0,-999,-999
104067,BAGAZAN,1989,06,02,0.0,-999,-999
104067,BAGAZAN,1989,06,03,0.0,-999,-999
104067,BAGAZAN,1989,06,04,0.0,-999,-999
104067,BAGAZAN,1989,06,05,0.0,-999,-999
104067,BAGAZAN,1989,06,06,0.0,-999,-999
104067,BAGAZAN,1989,06,07,40.0,-999,-999
104067,BAGAZAN,1989,06,08,0.0,-999,-999
104067,BAGAZAN,1989,06,09,5.0,-999,-999
104067,BAGAZAN,1989,06,10,0.0,-999,-999
104067,BAGAZAN,1989,06,11,0.0,-999,-999
104067,BAGAZAN,1989,06,12,0.0,-999,-999
104067,BAGAZAN,1989,06,13,1.0,-999,-999
104067,BAGAZAN,1989,06,14,8.0,-999,-999
104067,BAGAZAN,1989,06,15,3.0,-999,-999
104067,BAGAZAN,1989,06,16,0.0,-999,-999
104067,BAGAZAN,1989,06,17,0.0,-999,-999
104067,BAGAZAN,1989,06,18,6.0,-999,-999
104067,BAGAZAN,1989,06,19,0.0,-999,-999
104067,BAGAZAN,1989,06,20,0.0,-999,-999
104067,BAGAZAN,1989,06,21,0.0,-999,-999
104067,BAGAZAN,1989,06,22,0.0,-999,-999
104067,BAGAZAN,1989,06,23,0.0,-999,-999
104067,BAGAZAN,1989,06,24,22.0,-999,-999
104067,BAGAZAN,1989,06,25,0.0,-999,-999
104067,BAGAZAN,1989,06,26,0.0,-999,-999
104067,BAGAZAN,1989,06,27,0.0,-999,-999
104067,BAGAZAN,1989,06,28,10.0,-999,-999
104067,BAGAZAN,1989,06,29,0.0,-999,-999
104067,BAGAZAN,1989,06,30,0.0,-999,-999
104067,BAGAZAN,1989,07,01,6.0,-999,-999
104067,BAGAZAN,1989,07,02,0.0,-999,-999
104067,BAGAZAN,1989,07,03,0.0,-999,-999
104067,BAGAZAN,1989,07,04,0.0,-999,-999
104067,BAGAZAN,1989,07,05,11.0,-999,-999
104067,BAGAZAN,1989,07,06,0.0,-999,-999
104067,BAGAZAN,1989,07,07,0.0,-999,-999
104067,BAGAZAN,1989,07,08,0.0,-999,-999
104067,BAGAZAN,1989,07,09,2.0,-999,-999
104067,BAGAZAN,1989,07,10,0.0,-999,-999
104067,BAGAZAN,1989,07,11,0.0,-999,-999
104067,BAGAZAN,1989,07,12,0.0,-999,-999
104067,BAGAZAN,1989,07,13,0.0,-999,-999
104067,BAGAZAN,1989,07,14,4.0,-999,-999
104067,BAGAZAN,1989,07,15,0.0,-999,-999
104067,BAGAZAN,1989,07,16,0.0,-999,-999
104067,BAGAZAN,1989,07,17,20.0,-999,-999
104067,BAGAZAN,1989,07,18,0.0,-999,-999
104067,BAGAZAN,1989,07,19,0.0,-999,-999
104067,BAGAZAN,1989,07,20,16.0,-999,-999
104067,BAGAZAN,1989,07,21,0.0,-999,-999
104067,BAGAZAN,1989,07,22,5.0,-999,-999
104067,BAGAZAN,1989,07,23,0.0,-999,-999
104067,BAGAZAN,1989,07,24,0.0,-999,-999
104067,BAGAZAN,1989,07,25,30.0,-999,-999
104067,BAGAZAN,1989,07,26,0.0,-999,-999
104067,BAGAZAN,1989,07,27,0.0,-999,-999
104067,BAGAZAN,1989,07,28,3.0,-999,-999
104067,BAGAZAN,1989,07,29,0.0,-999,-999
104067,BAGAZAN,1989,07,30,0.0,-999,-999
104067,BAGAZAN,1989,07,31,0.0,-999,-999
104067,BAGAZAN,1989,08,01,0.0,-999,-999
104067,BAGAZAN,1989,08,02,0.0,-999,-999
104067,BAGAZAN,1989,08,03,0.0,-999,-999
104067,BAGAZAN,1989,08,04,1.0,-999,-999
104067,BAGAZAN,1989,08,05,9.0,-999,-999
104067,BAGAZAN,1989,08,06,3.0,-999,-999
104067,BAGAZAN,1989,08,07,0.0,-999,-999
104067,BAGAZAN,1989,08,08,6.0,-999,-999
104067,BAGAZAN,1989,08,09,4.0,-999,-999
104067,BAGAZAN,1989,08,10,0.0,-999,-999
104067,BAGAZAN,1989,08,11,15.0,-999,-999
104067,BAGAZAN,1989,08,12,0.0,-999,-999
104067,BAGAZAN,1989,08,13,6.0,-999,-999
104067,BAGAZAN,1989,08,14,7.0,-999,-999
104067,BAGAZAN,1989,08,15,0.0,-999,-999
104067,BAGAZAN,1989,08,16,0.0,-999,-999
104067,BAGAZAN,1989,08,17,12.0,-999,-999
104067,BAGAZAN,1989,08,18,0.0,-999,-999
104067,BAGAZAN,1989,08,19,0.0,-999,-999
104067,BAGAZAN,1989,08,20,8.0,-999,-999
104067,BAGAZAN,1989,08,21,0.0,-999,-999
104067,BAGAZAN,1989,08,22,0.0,-999,-999
104067,BAGAZAN,1989,08,23,23.0,-999,-999
104067,BAGAZAN,1989,08,24,0.0,-999,-999
104067,BAGAZAN,1989,08,25,0.0,-999,-999
104067,BAGAZAN,1989,08,26,5.0,-999,-999
104067,BAGAZAN,1989,08,27,0.0,-999,-999
104067,BAGAZAN,1989,08,28,0.0,-999,-999
104067,BAGAZAN,1989,08,29,0.0,-999,-999
104067,BAGAZAN,1989,08,30,12.0,-999,-999
104067,BAGAZAN,1989,08,31,0.0,-999,-999
104067,BAGAZAN,1989,09,01,0.0,-999,-999
104067,BAGAZAN,1989,09,02,0.0,-999,-999
104067,BAGAZAN,1989,09,03,0.0,-999,-999
104067,BAGAZAN,1989,09,04,0.0,-999,-999
104067,BAGAZAN,1989,09,05,0.0,-999,-999
104067,BAGAZAN,1989,09,06,7.0,-999,-999
104067,BAGAZAN,1989,09,07,9.0,-999,-999
104067,BAGAZAN,1989,09,08,13.0,-999,-999
104067,BAGAZAN,1989,09,09,3.0,-999,-999
104067,BAGAZAN,1989,09,10,0.0,-999,-999
104067,BAGAZAN,1989,09,11,0.0,-999,-999
104067,BAGAZAN,1989,09,12,0.0,-999,-999
104067,BAGAZAN,1989,09,13,0.0,-999,-999
104067,BAGAZAN,1989,09,14,14.0,-999,-999
104067,BAGAZAN,1989,09,15,6.0,-999,-999
104067,BAGAZAN,1989,09,16,0.0,-999,-999
104067,BAGAZAN,1989,09,17,0.0,-999,-999
104067,BAGAZAN,1989,09,18,31.0,-999,-999
104067,BAGAZAN,1989,09,19,0.0,-999,-999
104067,BAGAZAN,1989,09,20,19.0,-999,-999
104067,BAGAZAN,1989,09,21,0.0,-999,-999
104067,BAGAZAN,1989,09,22,0.0,-999,-999
104067,BAGAZAN,1989,09,23,0.0,-999,-999
104067,BAGAZAN,1989,09,24,16.0,-999,-999
104067,BAGAZAN,1989,09,25,12.0,-999,-999
104067,BAGAZAN,1989,09,26,0.0,-999,-999
104067,BAGAZAN,1989,09,27,0.0,-999,-999
104067,BAGAZAN,1989,09,28,18.0,-999,-999
104067,BAGAZAN,1989,09,29,4.0,-999,-999
104067,BAGAZAN,1989,09,30,0.0,-999,-999
104067,BAGAZAN,1989,10,01,0.0,-999,-999
104067,BAGAZAN,1989,10,02,0.0,-999,-999
104067,BAGAZAN,1989,10,03,0.0,-999,-999
104067,BAGAZAN,1989,10,04,5.0,-999,-999
104067,BAGAZAN,1989,10,05,0.0,-999,-999
104067,BAGAZAN,1989,10,06,0.0,-999,-999
104067,BAGAZAN,1989,10,07,13.0,-999,-999
104067,BAGAZAN,1989,10,08,0.0,-999,-999
104067,BAGAZAN,1989,10,09,7.0,-999,-999
104067,BAGAZAN,1989,10,10,0.0,-999,-999
104067,BAGAZAN,1989,10,11,0.0,-999,-999
104067,BAGAZAN,1989,10,12,0.0,-999,-999
104067,BAGAZAN,1989,10,13,0.0,-999,-999
104067,BAGAZAN,1989,10,14,9.0,-999,-999
104067,BAGAZAN,1989,10,15,0.0,-999,-999
104067,BAGAZAN,1989,10,16,0.0,-999,-999
104067,BAGAZAN,1989,10,17,6.0,-999,-999
104067,BAGAZAN,1989,10,18,0.0,-999,-999
104067,BAGAZAN,1989,10,19,3.0,-999,-999
104067,BAGAZAN,1989,10,20,0.0,-999,-999
104067,BAGAZAN,1989,10,21,0.0,-999,-999
104067,BAGAZAN,1989,10,22,10.0,-999,-999
104067,BAGAZAN,1989,10,23,0.0,-999,-999
104067,BAGAZAN,1989,10,24,0.0,-999,-999
104067,BAGAZAN,1989,10,25,0.0,-999,-999
104067,BAGAZAN,1989,10,26,12.0,-999,-999
104067,BAGAZAN,1989,10,27,0.0,-999,-999
104067,BAGAZAN,1989,10,28,8.0,-999,-999
104067,BAGAZAN,1989,10,29,0.0,-999,-999
104067,BAGAZAN,1989,10,30,0.0,-999,-999
104067,BAGAZAN,1989,10,31,26.0,-999,-999
104067,BAGAZAN,1989,11,01,0.0,-999,-999
104067,BAGAZAN,1989,11,02,25.0,-999,-999
104067,BAGAZAN,1989,11,03,0.0,-999,-999
104067,BAGAZAN,1989,11,04,0.0,-999,-999
104067,BAGAZAN,1989,11,05,0.0,-999,-999
104067,BAGAZAN,1989,11,06,31.0,-999,-999
104067,BAGAZAN,1989,11,07,4.0,-999,-999
104067,BAGAZAN,1989,11,08,0.0,-999,-999
104067,BAGAZAN,1989,11,09,0.0,-999,-999
104067,BAGAZAN,1989,11,10,2.0,-999,-999
104067,BAGAZAN,1989,11,11,0.0,-999,-999
104067,BAGAZAN,1989,11,12,0.0,-999,-999
104067,BAGAZAN,1989,11,13,5.0,-999,-999
104067,BAGAZAN,1989,11,14,0.0,-999,-999
104067,BAGAZAN,1989,11,15,2.0,-999,-999
104067,BAGAZAN,1989,11,16,7.0,-999,-999
104067,BAGAZAN,1989,11,17,22.0,-999,-999
104067,BAGAZAN,1989,11,18,33.0,-999,-999
104067,BAGAZAN,1989,11,19,0.0,-999,-999
104067,BAGAZAN,1989,11,20,0.0,-999,-999
104067,BAGAZAN,1989,11,21,8.0,-999,-999
104067,BAGAZAN,1989,11,22,0.0,-999,-999
104067,BAGAZAN,1989,11,23,6.0,-999,-999
104067,BAGAZAN,1989,11,24,0.0,-999,-999
104067,BAGAZAN,1989,11,25,0.0,-999,-999
104067,BAGAZAN,1989,11,26,0.0,-999,-999
104067,BAGAZAN,1989,11,27,3.0,-999,-999
104067,BAGAZAN,1989,11,28,0.0,-999,-999
104067,BAGAZAN,1989,11,29,1.0,-999,-999
104067,BAGAZAN,1989,11,30,0.0,-999,-999
104067,BAGAZAN,1989,12,01,4.0,-999,-999
104067,BAGAZAN,1989,12,02,0.0,-999,-999
104067,BAGAZAN,1989,12,03,0.0,-999,-999
104067,BAGAZAN,1989,12,04,5.0,-999,-999
104067,BAGAZAN,1989,12,05,0.0,-999,-999
104067,BAGAZAN,1989,12,06,1.0,-999,-999
104067,BAGAZAN,1989,12,07,2.0,-999,-999
104067,BAGAZAN,1989,12,08,0.0,-999,-999
104067,BAGAZAN,1989,12,09,10.0,-999,-999
104067,BAGAZAN,1989,12,10,3.0,-999,-999
104067,BAGAZAN,1989,12,11,0.0,-999,-999
104067,BAGAZAN,1989,12,12,13.0,-999,-999
104067,BAGAZAN,1989,12,13,0.0,-999,-999
104067,BAGAZAN,1989,12,14,0.0,-999,-999
104067,BAGAZAN,1989,12,15,0.0,-999,-999
104067,BAGAZAN,1989,12,16,0.0,-999,-999
104067,BAGAZAN,1989,12,17,11.0,-999,-999
104067,BAGAZAN,1989,12,18,0.0,-999,-999
104067,BAGAZAN,1989,12,19,0.0,-999,-999
104067,BAGAZAN,1989,12,20,0.0,-999,-999
104067,BAGAZAN,1989,12,21,2.0,-999,-999
104067,BAGAZAN,1989,12,22,0.0,-999,-999
104067,BAGAZAN,1989,12,23,0.0,-999,-999
104067,BAGAZAN,1989,12,24,0.0,-999,-999
104067,BAGAZAN,1989,12,25,6.0,-999,-999
104067,BAGAZAN,1989,12,26,0.0,-999,-999
104067,BAGAZAN,1989,12,27,1.0,-999,-999
104067,BAGAZAN,1989,12,28,0.0,-999,-999
104067,BAGAZAN,1989,12,29,9.0,-999,-999
104067,BAGAZAN,1989,12,30,0.0,-999,-999
104067,BAGAZAN,1989,12,31,7.0,-999,-999
104067,BAGAZAN,1990,01,01,0.0,-999,-999
104067,BAGAZAN,1990,01,02,21.0,-999,-999
104067,BAGAZAN,1990,01,03,0.0,-999,-999
104067,BAGAZAN,1990,01,04,0.0,-999,-999
104067,BAGAZAN,1990,01,05,33.0,-999,-999
104067,BAGAZAN,1990,01,06,0.0,-999,-999
104067,BAGAZAN,1990,01,07,18.0,-999,-999
104067,BAGAZAN,1990,01,08,0.0,-999,-999
104067,BAGAZAN,1990,01,09,0.0,-999,-999
104067,BAGAZAN,1990,01,10,12.0,-999,-999
104067,BAGAZAN,1990,01,11,9.0,-999,-999
104067,BAGAZAN,1990,01,12,13.0,-999,-999
104067,BAGAZAN,1990,01,13,0.0,-999,-999
104067,BAGAZAN,1990,01,14,8.0,-999,-999
104067,BAGAZAN,1990,01,15,0.0,-999,-999
104067,BAGAZAN,1990,01,16,10.0,-999,-999
104067,BAGAZAN,1990,01,17,0.0,-999,-999
104067,BAGAZAN,1990,01,18,6.0,-999,-999
104067,BAGAZAN,1990,01,19,0.0,-999,-999
104067,BAGAZAN,1990,01,20,0.0,-999,-999
104067,BAGAZAN,1990,01,21,22.0,-999,-999
104067,BAGAZAN,1990,01,22,0.0,-999,-999
104067,BAGAZAN,1990,01,23,11.0,-999,-999
104067,BAGAZAN,1990,01,24,0.0,-999,-999
104067,BAGAZAN,1990,01,25,0.0,-999,-999
104067,BAGAZAN,1990,01,26,16.0,-999,-999
104067,BAGAZAN,1990,01,27,15.0,-999,-999
104067,BAGAZAN,1990,01,28,19.0,-999,-999
104067,BAGAZAN,1990,01,29,0.0,-999,-999
104067,BAGAZAN,1990,01,30,17.0,-999,-999
104067,BAGAZAN,1990,01,31,20.0,-999,-999
104067,BAGAZAN,1990,02,01,31.0,-999,-999
104067,BAGAZAN,1990,02,02,0.0,-999,-999
104067,BAGAZAN,1990,02,03,0.0,-999,-999
104067,BAGAZAN,1990,02,04,18.0,-999,-999
104067,BAGAZAN,1990,02,05,0.0,-999,-999
104067,BAGAZAN,1990,02,06,5.0,-999,-999
104067,BAGAZAN,1990,02,07,0.0,-999,-999
104067,BAGAZAN,1990,02,08,0.0,-999,-999
104067,BAGAZAN,1990,02,09,0.0,-999,-999
104067,BAGAZAN,1990,02,10,27.0,-999,-999
104067,BAGAZAN,1990,02,11,6.0,-999,-999
104067,BAGAZAN,1990,02,12,14.0,-999,-999
104067,BAGAZAN,1990,02,13,0.0,-999,-999
104067,BAGAZAN,1990,02,14,0.0,-999,-999
104067,BAGAZAN,1990,02,15,12.0,-999,-999
104067,BAGAZAN,1990,02,16,0.0,-999,-999
104067,BAGAZAN,1990,02,17,10.0,-999,-999
104067,BAGAZAN,1990,02,18,0.0,-999,-999
104067,BAGAZAN,1990,02,19,42.0,-999,-999
104067,BAGAZAN,1990,02,20,0.0,-999,-999
104067,BAGAZAN,1990,02,21,0.0,-999,-999
104067,BAGAZAN,1990,02,22,13.0,-999,-999
104067,BAGAZAN,1990,02,23,0.0,-999,-999
104067,BAGAZAN,1990,02,24,0.0,-999,-999
104067,BAGAZAN,1990,02,25,0.0,-999,-999
104067,BAGAZAN,1990,02,26,0.0,-999,-999
104067,BAGAZAN,1990,02,27,24.0,-999,-999
104067,BAGAZAN,1990,02,28,0.0,-999,-999
104067,BAGAZAN,1990,03,01,13.0,-999,-999
104067,BAGAZAN,1990,03,02,0.0,-999,-999
104067,BAGAZAN,1990,03,03,0.0,-999,-999
104067,BAGAZAN,1990,03,04,2.0,-999,-999
104067,BAGAZAN,1990,03,05,0.0,-999,-999
104067,BAGAZAN,1990,03,06,18.0,-999,-999
104067,BAGAZAN,1990,03,07,0.0,-999,-999
104067,BAGAZAN,1990,03,08,0.0,-999,-999
104067,BAGAZAN,1990,03,09,3.0,-999,-999
104067,BAGAZAN,1990,03,10,4.0,-999,-999
104067,BAGAZAN,1990,03,11,9.0,-999,-999
104067,BAGAZAN,1990,03,12,0.0,-999,-999
104067,BAGAZAN,1990,03,13,0.0,-999,-999
104067,BAGAZAN,1990,03,14,0.0,-999,-999
104067,BAGAZAN,1990,03,15,36.0,-999,-999
104067,BAGAZAN,1990,03,16,0.0,-999,-999
104067,BAGAZAN,1990,03,17,23.0,-999,-999
104067,BAGAZAN,1990,03,18,0.0,-999,-999
104067,BAGAZAN,1990,03,19,0.0,-999,-999
104067,BAGAZAN,1990,03,20,0.0,-999,-999
104067,BAGAZAN,1990,03,21,11.0,-999,-999
104067,BAGAZAN,1990,03,22,12.0,-999,-999
104067,BAGAZAN,1990,03,23,0.0,-999,-999
104067,BAGAZAN,1990,03,24,0.0,-999,-999
104067,BAGAZAN,1990,03,25,16.0,-999,-999
104067,BAGAZAN,1990,03,26,0.0,-999,-999
104067,BAGAZAN,1990,03,27,15.0,-999,-999
104067,BAGAZAN,1990,03,28,0.0,-999,-999
104067,BAGAZAN,1990,03,29,0.0,-999,-999
104067,BAGAZAN,1990,03,30,0.0,-999,-999
104067,BAGAZAN,1990,03,31,41.0,-999,-999
104067,BAGAZAN,1990,04,01,0.0,-999,-999
104067,BAGAZAN,1990,04,02,11.0,-999,-999
104067,BAGAZAN,1990,04,03,0.0,-999,-999
104067,BAGAZAN,1990,04,04,0.0,-999,-999
104067,BAGAZAN,1990,04,05,0.0,-999,-999
104067,BAGAZAN,1990,04,06,14.0,-999,-999
104067,BAGAZAN,1990,04,07,0.0,-999,-999
104067,BAGAZAN,1990,04,08,27.0,-999,-999
104067,BAGAZAN,1990,04,09,0.0,-999,-999
104067,BAGAZAN,1990,04,10,8.0,-999,-999
104067,BAGAZAN,1990,04,11,12.0,-999,-999
104067,BAGAZAN,1990,04,12,0.0,-999,-999
104067,BAGAZAN,1990,04,13,15.0,-999,-999
104067,BAGAZAN,1990,04,14,0.0,-999,-999
104067,BAGAZAN,1990,04,15,10.0,-999,-999
104067,BAGAZAN,1990,04,16,0.0,-999,-999
104067,BAGAZAN,1990,04,17,0.0,-999,-999
104067,BAGAZAN,1990,04,18,0.0,-999,-999
104067,BAGAZAN,1990,04,19,13.0,-999,-999
104067,BAGAZAN,1990,04,20,0.0,-999,-999
104067,BAGAZAN,1990,04,21,0.0,-999,-999
104067,BAGAZAN,1990,04,22,0.0,-999,-999
104067,BAGAZAN,1990,04,23,18.0,-999,-999
104067,BAGAZAN,1990,04,24,0.0,-999,-999
104067,BAGAZAN,1990,04,25,0.0,-999,-999
104067,BAGAZAN,1990,04,26,42.0,-999,-999
104067,BAGAZAN,1990,04,27,0.0,-999,-999
104067,BAGAZAN,1990,04,28,0.0,-999,-999
104067,BAGAZAN,1990,04,29,0.0,-999,-999
104067,BAGAZAN,1990,04,30,33.0,-999,-999
104067,BAGAZAN,1990,05,01,0.0,-999,-999
104067,BAGAZAN,1990,05,02,13.0,-999,-999
104067,BAGAZAN,1990,05,03,6.0,-999,-999
104067,BAGAZAN,1990,05,04,0.0,-999,-999
104067,BAGAZAN,1990,05,05,0.0,-999,-999
104067,BAGAZAN,1990,05,06,0.0,-999,-999
104067,BAGAZAN,1990,05,07,0.0,-999,-999
104067,BAGAZAN,1990,05,08,0.0,-999,-999
104067,BAGAZAN,1990,05,09,21.0,-999,-999
104067,BAGAZAN,1990,05,10,5.0,-999,-999
104067,BAGAZAN,1990,05,11,0.0,-999,-999
104067,BAGAZAN,1990,05,12,0.0,-999,-999
104067,BAGAZAN,1990,05,13,3.0,-999,-999
104067,BAGAZAN,1990,05,14,0.0,-999,-999
104067,BAGAZAN,1990,05,15,11.0,-999,-999
104067,BAGAZAN,1990,05,16,0.0,-999,-999
104067,BAGAZAN,1990,05,17,0.0,-999,-999
104067,BAGAZAN,1990,05,18,8.0,-999,-999
104067,BAGAZAN,1990,05,19,4.0,-999,-999
104067,BAGAZAN,1990,05,20,0.0,-999,-999
104067,BAGAZAN,1990,05,21,0.0,-999,-999
104067,BAGAZAN,1990,05,22,0.0,-999,-999
104067,BAGAZAN,1990,05,23,0.0,-999,-999
104067,BAGAZAN,1990,05,24,45.0,-999,-999
104067,BAGAZAN,1990,05,25,0.0,-999,-999
104067,BAGAZAN,1990,05,26,0.0,-999,-999
104067,BAGAZAN,1990,05,27,0.0,-999,-999
104067,BAGAZAN,1990,05,28,0.0,-999,-999
104067,BAGAZAN,1990,05,29,0.0,-999,-999
104067,BAGAZAN,1990,05,30,20.0,-999,-999
104067,BAGAZAN,1990,05,31,16.0,-999,-999
104067,BAGAZAN,1990,06,01,40.0,-999,-999
104067,BAGAZAN,1990,06,02,0.0,-999,-999
104067,BAGAZAN,1990,06,03,7.0,-999,-999
104067,BAGAZAN,1990,06,04,0.0,-999,-999
104067,BAGAZAN,1990,06,05,21.0,-999,-999
104067,BAGAZAN,1990,06,06,0.0,-999,-999
104067,BAGAZAN,1990,06,07,34.0,-999,-999
104067,BAGAZAN,1990,06,08,0.0,-999,-999
104067,BAGAZAN,1990,06,09,18.0,-999,-999
104067,BAGAZAN,1990,06,10,12.0,-999,-999
104067,BAGAZAN,1990,06,11,8.0,-999,-999
104067,BAGAZAN,1990,06,12,0.0,-999,-999
104067,BAGAZAN,1990,06,13,3.0,-999,-999
104067,BAGAZAN,1990,06,14,0.0,-999,-999
104067,BAGAZAN,1990,06,15,10.0,-999,-999
104067,BAGAZAN,1990,06,16,14.0,-999,-999
104067,BAGAZAN,1990,06,17,0.0,-999,-999
104067,BAGAZAN,1990,06,18,11.0,-999,-999
104067,BAGAZAN,1990,06,19,16.0,-999,-999
104067,BAGAZAN,1990,06,20,79.0,-999,-999
104067,BAGAZAN,1990,06,21,0.0,-999,-999
104067,BAGAZAN,1990,06,22,12.0,-999,-999
104067,BAGAZAN,1990,06,23,0.0,-999,-999
104067,BAGAZAN,1990,06,24,6.0,-999,-999
104067,BAGAZAN,1990,06,25,13.0,-999,-999
104067,BAGAZAN,1990,06,26,0.0,-999,-999
104067,BAGAZAN,1990,06,27,5.0,-999,-999
104067,BAGAZAN,1990,06,28,0.0,-999,-999
104067,BAGAZAN,1990,06,29,15.0,-999,-999
104067,BAGAZAN,1990,06,30,9.0,-999,-999
104067,BAGAZAN,1990,07,01,20.0,-999,-999
104067,BAGAZAN,1990,07,02,0.0,-999,-999
104067,BAGAZAN,1990,07,03,0.0,-999,-999
104067,BAGAZAN,1990,07,04,10.0,-999,-999
104067,BAGAZAN,1990,07,05,0.0,-999,-999
104067,BAGAZAN,1990,07,06,27.0,-999,-999
104067,BAGAZAN,1990,07,07,0.0,-999,-999
104067,BAGAZAN,1990,07,08,0.0,-999,-999
104067,BAGAZAN,1990,07,09,0.0,-999,-999
104067,BAGAZAN,1990,07,10,25.0,-999,-999
104067,BAGAZAN,1990,07,11,31.0,-999,-999
104067,BAGAZAN,1990,07,12,0.0,-999,-999
104067,BAGAZAN,1990,07,13,0.0,-999,-999
104067,BAGAZAN,1990,07,14,12.0,-999,-999
104067,BAGAZAN,1990,07,15,0.0,-999,-999
104067,BAGAZAN,1990,07,16,0.0,-999,-999
104067,BAGAZAN,1990,07,17,0.0,-999,-999
104067,BAGAZAN,1990,07,18,0.0,-999,-999
104067,BAGAZAN,1990,07,19,18.0,-999,-999
104067,BAGAZAN,1990,07,20,0.0,-999,-999
104067,BAGAZAN,1990,07,21,0.0,-999,-999
104067,BAGAZAN,1990,07,22,0.0,-999,-999
104067,BAGAZAN,1990,07,23,16.0,-999,-999
104067,BAGAZAN,1990,07,24,0.0,-999,-999
104067,BAGAZAN,1990,07,25,0.0,-999,-999
104067,BAGAZAN,1990,07,26,0.0,-999,-999
104067,BAGAZAN,1990,07,27,0.0,-999,-999
104067,BAGAZAN,1990,07,28,0.0,-999,-999
104067,BAGAZAN,1990,07,29,0.0,-999,-999
104067,BAGAZAN,1990,07,30,22.0,-999,-999
104067,BAGAZAN,1990,07,31,6.0,-999,-999
104067,BAGAZAN,1990,08,01,13.0,-999,-999
104067,BAGAZAN,1990,08,02,8.0,-999,-999
104067,BAGAZAN,1990,08,03,0.0,-999,-999
104067,BAGAZAN,1990,08,04,0.0,-999,-999
104067,BAGAZAN,1990,08,05,10.0,-999,-999
104067,BAGAZAN,1990,08,06,57.0,-999,-999
104067,BAGAZAN,1990,08,07,0.0,-999,-999
104067,BAGAZAN,1990,08,08,0.0,-999,-999
104067,BAGAZAN,1990,08,09,3.0,-999,-999
104067,BAGAZAN,1990,08,10,0.0,-999,-999
104067,BAGAZAN,1990,08,11,6.0,-999,-999
104067,BAGAZAN,1990,08,12,0.0,-999,-999
104067,BAGAZAN,1990,08,13,11.0,-999,-999
104067,BAGAZAN,1990,08,14,0.0,-999,-999
104067,BAGAZAN,1990,08,15,0.0,-999,-999
104067,BAGAZAN,1990,08,16,0.0,-999,-999
104067,BAGAZAN,1990,08,17,0.0,-999,-999
104067,BAGAZAN,1990,08,18,0.0,-999,-999
104067,BAGAZAN,1990,08,19,12.0,-999,-999
104067,BAGAZAN,1990,08,20,0.0,-999,-999
104067,BAGAZAN,1990,08,21,0.0,-999,-999
104067,BAGAZAN,1990,08,22,0.0,-999,-999
104067,BAGAZAN,1990,08,23,42.0,-999,-999
104067,BAGAZAN,1990,08,24,0.0,-999,-999
104067,BAGAZAN,1990,08,25,0.0,-999,-999
104067,BAGAZAN,1990,08,26,0.0,-999,-999
104067,BAGAZAN,1990,08,27,20.0,-999,-999
104067,BAGAZAN,1990,08,28,18.0,-999,-999
104067,BAGAZAN,1990,08,29,0.0,-999,-999
104067,BAGAZAN,1990,08,30,0.0,-999,-999
104067,BAGAZAN,1990,08,31,0.0,-999,-999
104067,BAGAZAN,1990,09,01,0.0,-999,-999
104067,BAGAZAN,1990,09,02,0.0,-999,-999
104067,BAGAZAN,1990,09,03,0.0,-999,-999
104067,BAGAZAN,1990,09,04,15.0,-999,-999
104067,BAGAZAN,1990,09,05,0.0,-999,-999
104067,BAGAZAN,1990,09,06,0.0,-999,-999
104067,BAGAZAN,1990,09,07,0.0,-999,-999
104067,BAGAZAN,1990,09,08,4.0,-999,-999
104067,BAGAZAN,1990,09,09,11.0,-999,-999
104067,BAGAZAN,1990,09,10,9.0,-999,-999
104067,BAGAZAN,1990,09,11,0.0,-999,-999
104067,BAGAZAN,1990,09,12,0.0,-999,-999
104067,BAGAZAN,1990,09,13,0.0,-999,-999
104067,BAGAZAN,1990,09,14,0.0,-999,-999
104067,BAGAZAN,1990,09,15,18.0,-999,-999
104067,BAGAZAN,1990,09,16,0.0,-999,-999
104067,BAGAZAN,1990,09,17,0.0,-999,-999
104067,BAGAZAN,1990,09,18,10.0,-999,-999
104067,BAGAZAN,1990,09,19,0.0,-999,-999
104067,BAGAZAN,1990,09,20,0.0,-999,-999
104067,BAGAZAN,1990,09,21,0.0,-999,-999
104067,BAGAZAN,1990,09,22,0.0,-999,-999
104067,BAGAZAN,1990,09,23,21.0,-999,-999
104067,BAGAZAN,1990,09,24,3.0,-999,-999
104067,BAGAZAN,1990,09,25,0.0,-999,-999
104067,BAGAZAN,1990,09,26,0.0,-999,-999
104067,BAGAZAN,1990,09,27,12.0,-999,-999
104067,BAGAZAN,1990,09,28,5.0,-999,-999
104067,BAGAZAN,1990,09,29,0.0,-999,-999
104067,BAGAZAN,1990,09,30,0.0,-999,-999
104067,BAGAZAN,1990,10,01,4.0,-999,-999
104067,BAGAZAN,1990,10,02,11.0,-999,-999
104067,BAGAZAN,1990,10,03,7.0,-999,-999
104067,BAGAZAN,1990,10,04,0.0,-999,-999
104067,BAGAZAN,1990,10,05,13.0,-999,-999
104067,BAGAZAN,1990,10,06,0.0,-999,-999
104067,BAGAZAN,1990,10,07,0.0,-999,-999
104067,BAGAZAN,1990,10,08,0.0,-999,-999
104067,BAGAZAN,1990,10,09,8.0,-999,-999
104067,BAGAZAN,1990,10,10,3.0,-999,-999
104067,BAGAZAN,1990,10,11,12.0,-999,-999
104067,BAGAZAN,1990,10,12,0.0,-999,-999
104067,BAGAZAN,1990,10,13,0.0,-999,-999
104067,BAGAZAN,1990,10,14,9.0,-999,-999
104067,BAGAZAN,1990,10,15,0.0,-999,-999
104067,BAGAZAN,1990,10,16,0.0,-999,-999
104067,BAGAZAN,1990,10,17,6.0,-999,-999
104067,BAGAZAN,1990,10,18,0.0,-999,-999
104067,BAGAZAN,1990,10,19,5.0,-999,-999
104067,BAGAZAN,1990,10,20,0.0,-999,-999
104067,BAGAZAN,1990,10,21,18.0,-999,-999
104067,BAGAZAN,1990,10,22,0.0,-999,-999
104067,BAGAZAN,1990,10,23,0.0,-999,-999
104067,BAGAZAN,1990,10,24,10.0,-999,-999
104067,BAGAZAN,1990,10,25,0.0,-999,-999
104067,BAGAZAN,1990,10,26,0.0,-999,-999
104067,BAGAZAN,1990,10,27,0.0,-999,-999
104067,BAGAZAN,1990,10,28,6.0,-999,-999
104067,BAGAZAN,1990,10,29,7.0,-999,-999
104067,BAGAZAN,1990,10,30,0.0,-999,-999
104067,BAGAZAN,1990,10,31,0.0,-999,-999
104067,BAGAZAN,1990,11,01,0.0,-999,-999
104067,BAGAZAN,1990,11,02,63.0,-999,-999
104067,BAGAZAN,1990,11,03,0.0,-999,-999
104067,BAGAZAN,1990,11,04,0.0,-999,-999
104067,BAGAZAN,1990,11,05,0.0,-999,-999
104067,BAGAZAN,1990,11,06,0.0,-999,-999
104067,BAGAZAN,1990,11,07,35.0,-999,-999
104067,BAGAZAN,1990,11,08,0.0,-999,-999
104067,BAGAZAN,1990,11,09,0.0,-999,-999
104067,BAGAZAN,1990,11,10,0.0,-999,-999
104067,BAGAZAN,1990,11,11,0.0,-999,-999
104067,BAGAZAN,1990,11,12,22.0,-999,-999
104067,BAGAZAN,1990,11,13,0.0,-999,-999
104067,BAGAZAN,1990,11,14,48.0,-999,-999
104067,BAGAZAN,1990,11,15,0.0,-999,-999
104067,BAGAZAN,1990,11,16,0.0,-999,-999
104067,BAGAZAN,1990,11,17,0.0,-999,-999
104067,BAGAZAN,1990,11,18,0.0,-999,-999
104067,BAGAZAN,1990,11,19,0.0,-999,-999
104067,BAGAZAN,1990,11,20,0.0,-999,-999
104067,BAGAZAN,1990,11,21,0.0,-999,-999
104067,BAGAZAN,1990,11,22,0.0,-999,-999
104067,BAGAZAN,1990,11,23,0.0,-999,-999
104067,BAGAZAN,1990,11,24,0.0,-999,-999
104067,BAGAZAN,1990,11,25,0.0,-999,-999
104067,BAGAZAN,1990,11,26,57.0,-999,-999
104067,BAGAZAN,1990,11,27,0.0,-999,-999
104067,BAGAZAN,1990,11,28,0.0,-999,-999
104067,BAGAZAN,1990,11,29,13.0,-999,-999
104067,BAGAZAN,1990,11,30,0.0,-999,-999
104067,BAGAZAN,1990,12,01,0.0,-999,-999
104067,BAGAZAN,1990,12,02,0.0,-999,-999
104067,BAGAZAN,1990,12,03,8.0,-999,-999
104067,BAGAZAN,1990,12,04,0.0,-999,-999
104067,BAGAZAN,1990,12,05,10.0,-999,-999
104067,BAGAZAN,1990,12,06,0.0,-999,-999
104067,BAGAZAN,1990,12,07,0.0,-999,-999
104067,BAGAZAN,1990,12,08,21.0,-999,-999
104067,BAGAZAN,1990,12,09,37.0,-999,-999
104067,BAGAZAN,1990,12,10,19.0,-999,-999
104067,BAGAZAN,1990,12,11,0.0,-999,-999
104067,BAGAZAN,1990,12,12,0.0,-999,-999
104067,BAGAZAN,1990,12,13,25.0,-999,-999
104067,BAGAZAN,1990,12,14,75.0,-999,-999
104067,BAGAZAN,1990,12,15,0.0,-999,-999
104067,BAGAZAN,1990,12,16,6.0,-999,-999
104067,BAGAZAN,1990,12,17,8.0,-999,-999
104067,BAGAZAN,1990,12,18,12.0,-999,-999
104067,BAGAZAN,1990,12,19,0.0,-999,-999
104067,BAGAZAN,1990,12,20,9.0,-999,-999
104067,BAGAZAN,1990,12,21,24.0,-999,-999
104067,BAGAZAN,1990,12,22,0.0,-999,-999
104067,BAGAZAN,1990,12,23,0.0,-999,-999
104067,BAGAZAN,1990,12,24,4.0,-999,-999
104067,BAGAZAN,1990,12,25,10.0,-999,-999
104067,BAGAZAN,1990,12,26,0.0,-999,-999
104067,BAGAZAN,1990,12,27,22.0,-999,-999
104067,BAGAZAN,1990,12,28,15.0,-999,-999
104067,BAGAZAN,1990,12,29,7.0,-999,-999
104067,BAGAZAN,1990,12,30,0.0,-999,-999
104067,BAGAZAN,1990,12,31,0.0,-999,-999
104067,BAGAZAN,1991,01,01,12.0,-999,-999
104067,BAGAZAN,1991,01,02,0.0,-999,-999
104067,BAGAZAN,1991,01,03,13.0,-999,-999
104067,BAGAZAN,1991,01,04,4.0,-999,-999
104067,BAGAZAN,1991,01,05,8.0,-999,-999
104067,BAGAZAN,1991,01,06,2.0,-999,-999
104067,BAGAZAN,1991,01,07,16.0,-999,-999
104067,BAGAZAN,1991,01,08,0.0,-999,-999
104067,BAGAZAN,1991,01,09,38.0,-999,-999
104067,BAGAZAN,1991,01,10,0.0,-999,-999
104067,BAGAZAN,1991,01,11,17.0,-999,-999
104067,BAGAZAN,1991,01,12,0.0,-999,-999
104067,BAGAZAN,1991,01,13,7.0,-999,-999
104067,BAGAZAN,1991,01,14,5.0,-999,-999
104067,BAGAZAN,1991,01,15,10.0,-999,-999
104067,BAGAZAN,1991,01,16,0.0,-999,-999
104067,BAGAZAN,1991,01,17,28.0,-999,-999
104067,BAGAZAN,1991,01,18,0.0,-999,-999
104067,BAGAZAN,1991,01,19,15.0,-999,-999
104067,BAGAZAN,1991,01,20,26.0,-999,-999
104067,BAGAZAN,1991,01,21,28.0,-999,-999
104067,BAGAZAN,1991,01,22,0.0,-999,-999
104067,BAGAZAN,1991,01,23,18.0,-999,-999
104067,BAGAZAN,1991,01,24,0.0,-999,-999
104067,BAGAZAN,1991,01,25,11.0,-999,-999
104067,BAGAZAN,1991,01,26,0.0,-999,-999
104067,BAGAZAN,1991,01,27,21.0,-999,-999
104067,BAGAZAN,1991,01,28,6.0,-999,-999
104067,BAGAZAN,1991,01,29,46.0,-999,-999
104067,BAGAZAN,1991,01,30,3.0,-999,-999
104067,BAGAZAN,1991,01,31,33.0,-999,-999
104067,BAGAZAN,1991,02,01,26.0,-999,-999
104067,BAGAZAN,1991,02,02,0.0,-999,-999
104067,BAGAZAN,1991,02,03,41.0,-999,-999
104067,BAGAZAN,1991,02,04,0.0,-999,-999
104067,BAGAZAN,1991,02,05,0.0,-999,-999
104067,BAGAZAN,1991,02,06,0.0,-999,-999
104067,BAGAZAN,1991,02,07,11.0,-999,-999
104067,BAGAZAN,1991,02,08,12.0,-999,-999
104067,BAGAZAN,1991,02,09,17.0,-999,-999
104067,BAGAZAN,1991,02,10,17.0,-999,-999
104067,BAGAZAN,1991,02,11,0.0,-999,-999
104067,BAGAZAN,1991,02,12,0.0,-999,-999
104067,BAGAZAN,1991,02,13,18.0,-999,-999
104067,BAGAZAN,1991,02,14,0.0,-999,-999
104067,BAGAZAN,1991,02,15,35.0,-999,-999
104067,BAGAZAN,1991,02,16,0.0,-999,-999
104067,BAGAZAN,1991,02,17,4.0,-999,-999
104067,BAGAZAN,1991,02,18,0.0,-999,-999
104067,BAGAZAN,1991,02,19,53.0,-999,-999
104067,BAGAZAN,1991,02,20,0.0,-999,-999
104067,BAGAZAN,1991,02,21,10.0,-999,-999
104067,BAGAZAN,1991,02,22,6.0,-999,-999
104067,BAGAZAN,1991,02,23,7.0,-999,-999
104067,BAGAZAN,1991,02,24,0.0,-999,-999
104067,BAGAZAN,1991,02,25,15.0,-999,-999
104067,BAGAZAN,1991,02,26,0.0,-999,-999
104067,BAGAZAN,1991,02,27,18.0,-999,-999
104067,BAGAZAN,1991,02,28,0.0,-999,-999
104067,BAGAZAN,1991,03,01,0.0,-999,-999
104067,BAGAZAN,1991,03,02,0.0,-999,-999
104067,BAGAZAN,1991,03,03,0.0,-999,-999
104067,BAGAZAN,1991,03,04,10.0,-999,-999
104067,BAGAZAN,1991,03,05,0.0,-999,-999
104067,BAGAZAN,1991,03,06,7.0,-999,-999
104067,BAGAZAN,1991,03,07,0.0,-999,-999
104067,BAGAZAN,1991,03,08,0.0,-999,-999
104067,BAGAZAN,1991,03,09,0.0,-999,-999
104067,BAGAZAN,1991,03,10,13.0,-999,-999
104067,BAGAZAN,1991,03,11,0.0,-999,-999
104067,BAGAZAN,1991,03,12,18.0,-999,-999
104067,BAGAZAN,1991,03,13,0.0,-999,-999
104067,BAGAZAN,1991,03,14,0.0,-999,-999
104067,BAGAZAN,1991,03,15,5.0,-999,-999
104067,BAGAZAN,1991,03,16,16.0,-999,-999
104067,BAGAZAN,1991,03,17,0.0,-999,-999
104067,BAGAZAN,1991,03,18,0.0,-999,-999
104067,BAGAZAN,1991,03,19,0.0,-999,-999
104067,BAGAZAN,1991,03,20,15.0,-999,-999
104067,BAGAZAN,1991,03,21,0.0,-999,-999
104067,BAGAZAN,1991,03,22,23.0,-999,-999
104067,BAGAZAN,1991,03,23,0.0,-999,-999
104067,BAGAZAN,1991,03,24,0.0,-999,-999
104067,BAGAZAN,1991,03,25,0.0,-999,-999
104067,BAGAZAN,1991,03,26,31.0,-999,-999
104067,BAGAZAN,1991,03,27,0.0,-999,-999
104067,BAGAZAN,1991,03,28,0.0,-999,-999
104067,BAGAZAN,1991,03,29,0.0,-999,-999
104067,BAGAZAN,1991,03,30,0.0,-999,-999
104067,BAGAZAN,1991,03,31,2.0,-999,-999
104067,BAGAZAN,1991,04,01,0.0,-999,-999
104067,BAGAZAN,1991,04,02,11.0,-999,-999
104067,BAGAZAN,1991,04,03,3.0,-999,-999
104067,BAGAZAN,1991,04,04,17.0,-999,-999
104067,BAGAZAN,1991,04,05,0.0,-999,-999
104067,BAGAZAN,1991,04,06,14.0,-999,-999
104067,BAGAZAN,1991,04,07,23.0,-999,-999
104067,BAGAZAN,1991,04,08,17.0,-999,-999
104067,BAGAZAN,1991,04,09,15.0,-999,-999
104067,BAGAZAN,1991,04,10,0.0,-999,-999
104067,BAGAZAN,1991,04,11,0.0,-999,-999
104067,BAGAZAN,1991,04,12,7.0,-999,-999
104067,BAGAZAN,1991,04,13,19.0,-999,-999
104067,BAGAZAN,1991,04,14,0.0,-999,-999
104067,BAGAZAN,1991,04,15,13.0,-999,-999
104067,BAGAZAN,1991,04,16,26.0,-999,-999
104067,BAGAZAN,1991,04,17,31.0,-999,-999
104067,BAGAZAN,1991,04,18,0.0,-999,-999
104067,BAGAZAN,1991,04,19,0.0,-999,-999
104067,BAGAZAN,1991,04,20,66.0,-999,-999
104067,BAGAZAN,1991,04,21,0.0,-999,-999
104067,BAGAZAN,1991,04,22,10.0,-999,-999
104067,BAGAZAN,1991,04,23,18.0,-999,-999
104067,BAGAZAN,1991,04,24,0.0,-999,-999
104067,BAGAZAN,1991,04,25,6.0,-999,-999
104067,BAGAZAN,1991,04,26,16.0,-999,-999
104067,BAGAZAN,1991,04,27,0.0,-999,-999
104067,BAGAZAN,1991,04,28,9.0,-999,-999
104067,BAGAZAN,1991,04,29,14.0,-999,-999
104067,BAGAZAN,1991,04,30,0.0,-999,-999
104067,BAGAZAN,1991,05,01,2.0,-999,-999
104067,BAGAZAN,1991,05,02,6.0,-999,-999
104067,BAGAZAN,1991,05,03,0.0,-999,-999
104067,BAGAZAN,1991,05,04,0.0,-999,-999
104067,BAGAZAN,1991,05,05,21.0,-999,-999
104067,BAGAZAN,1991,05,06,17.0,-999,-999
104067,BAGAZAN,1991,05,07,0.0,-999,-999
104067,BAGAZAN,1991,05,08,0.0,-999,-999
104067,BAGAZAN,1991,05,09,29.0,-999,-999
104067,BAGAZAN,1991,05,10,31.0,-999,-999
104067,BAGAZAN,1991,05,11,0.0,-999,-999
104067,BAGAZAN,1991,05,12,0.0,-999,-999
104067,BAGAZAN,1991,05,13,43.0,-999,-999
104067,BAGAZAN,1991,05,14,15.0,-999,-999
104067,BAGAZAN,1991,05,15,0.0,-999,-999
104067,BAGAZAN,1991,05,16,0.0,-999,-999
104067,BAGAZAN,1991,05,17,9.0,-999,-999
104067,BAGAZAN,1991,05,18,11.0,-999,-999
104067,BAGAZAN,1991,05,19,0.0,-999,-999
104067,BAGAZAN,1991,05,20,0.0,-999,-999
104067,BAGAZAN,1991,05,21,30.0,-999,-999
104067,BAGAZAN,1991,05,22,52.0,-999,-999
104067,BAGAZAN,1991,05,23,0.0,-999,-999
104067,BAGAZAN,1991,05,24,0.0,-999,-999
104067,BAGAZAN,1991,05,25,27.0,-999,-999
104067,BAGAZAN,1991,05,26,18.0,-999,-999
104067,BAGAZAN,1991,05,27,0.0,-999,-999
104067,BAGAZAN,1991,05,28,0.0,-999,-999
104067,BAGAZAN,1991,05,29,13.0,-999,-999
104067,BAGAZAN,1991,05,30,12.0,-999,-999
104067,BAGAZAN,1991,05,31,10.0,-999,-999
104067,BAGAZAN,1991,06,01,31.0,-999,-999
104067,BAGAZAN,1991,06,02,11.0,-999,-999
104067,BAGAZAN,1991,06,03,16.0,-999,-999
104067,BAGAZAN,1991,06,04,0.0,-999,-999
104067,BAGAZAN,1991,06,05,0.0,-999,-999
104067,BAGAZAN,1991,06,06,3.0,-999,-999
104067,BAGAZAN,1991,06,07,0.0,-999,-999
104067,BAGAZAN,1991,06,08,23.0,-999,-999
104067,BAGAZAN,1991,06,09,5.0,-999,-999
104067,BAGAZAN,1991,06,10,0.0,-999,-999
104067,BAGAZAN,1991,06,11,0.0,-999,-999
104067,BAGAZAN,1991,06,12,6.0,-999,-999
104067,BAGAZAN,1991,06,13,0.0,-999,-999
104067,BAGAZAN,1991,06,14,14.0,-999,-999
104067,BAGAZAN,1991,06,15,0.0,-999,-999
104067,BAGAZAN,1991,06,16,0.0,-999,-999
104067,BAGAZAN,1991,06,17,9.0,-999,-999
104067,BAGAZAN,1991,06,18,27.0,-999,-999
104067,BAGAZAN,1991,06,19,0.0,-999,-999
104067,BAGAZAN,1991,06,20,10.0,-999,-999
104067,BAGAZAN,1991,06,21,17.0,-999,-999
104067,BAGAZAN,1991,06,22,0.0,-999,-999
104067,BAGAZAN,1991,06,23,0.0,-999,-999
104067,BAGAZAN,1991,06,24,20.0,-999,-999
104067,BAGAZAN,1991,06,25,0.0,-999,-999
104067,BAGAZAN,1991,06,26,39.0,-999,-999
104067,BAGAZAN,1991,06,27,0.0,-999,-999
104067,BAGAZAN,1991,06,28,0.0,-999,-999
104067,BAGAZAN,1991,06,29,0.0,-999,-999
104067,BAGAZAN,1991,06,30,13.0,-999,-999
104067,BAGAZAN,1991,07,01,0.0,-999,-999
104067,BAGAZAN,1991,07,02,5.0,-999,-999
104067,BAGAZAN,1991,07,03,17.0,-999,-999
104067,BAGAZAN,1991,07,04,33.0,-999,-999
104067,BAGAZAN,1991,07,05,0.0,-999,-999
104067,BAGAZAN,1991,07,06,0.0,-999,-999
104067,BAGAZAN,1991,07,07,0.0,-999,-999
104067,BAGAZAN,1991,07,08,20.0,-999,-999
104067,BAGAZAN,1991,07,09,0.0,-999,-999
104067,BAGAZAN,1991,07,10,0.0,-999,-999
104067,BAGAZAN,1991,07,11,15.0,-999,-999
104067,BAGAZAN,1991,07,12,0.0,-999,-999
104067,BAGAZAN,1991,07,13,24.0,-999,-999
104067,BAGAZAN,1991,07,14,0.0,-999,-999
104067,BAGAZAN,1991,07,15,0.0,-999,-999
104067,BAGAZAN,1991,07,16,0.0,-999,-999
104067,BAGAZAN,1991,07,17,10.0,-999,-999
104067,BAGAZAN,1991,07,18,12.0,-999,-999
104067,BAGAZAN,1991,07,19,0.0,-999,-999
104067,BAGAZAN,1991,07,20,0.0,-999,-999
104067,BAGAZAN,1991,07,21,0.0,-999,-999
104067,BAGAZAN,1991,07,22,4.0,-999,-999
104067,BAGAZAN,1991,07,23,0.0,-999,-999
104067,BAGAZAN,1991,07,24,0.0,-999,-999
104067,BAGAZAN,1991,07,25,0.0,-999,-999
104067,BAGAZAN,1991,07,26,9.0,-999,-999
104067,BAGAZAN,1991,07,27,0.0,-999,-999
104067,BAGAZAN,1991,07,28,0.0,-999,-999
104067,BAGAZAN,1991,07,29,7.0,-999,-999
104067,BAGAZAN,1991,07,30,13.0,-999,-999
104067,BAGAZAN,1991,07,31,6.0,-999,-999
104067,BAGAZAN,1991,08,01,13.0,-999,-999
104067,BAGAZAN,1991,08,02,0.0,-999,-999
104067,BAGAZAN,1991,08,03,0.0,-999,-999
104067,BAGAZAN,1991,08,04,0.0,-999,-999
104067,BAGAZAN,1991,08,05,0.0,-999,-999
104067,BAGAZAN,1991,08,06,0.0,-999,-999
104067,BAGAZAN,1991,08,07,0.0,-999,-999
104067,BAGAZAN,1991,08,08,0.0,-999,-999
104067,BAGAZAN,1991,08,09,0.0,-999,-999
104067,BAGAZAN,1991,08,10,0.0,-999,-999
104067,BAGAZAN,1991,08,11,0.0,-999,-999
104067,BAGAZAN,1991,08,12,25.0,-999,-999
104067,BAGAZAN,1991,08,13,36.0,-999,-999
104067,BAGAZAN,1991,08,14,0.0,-999,-999
104067,BAGAZAN,1991,08,15,0.0,-999,-999
104067,BAGAZAN,1991,08,16,0.0,-999,-999
104067,BAGAZAN,1991,08,17,0.0,-999,-999
104067,BAGAZAN,1991,08,18,0.0,-999,-999
104067,BAGAZAN,1991,08,19,0.0,-999,-999
104067,BAGAZAN,1991,08,20,52.0,-999,-999
104067,BAGAZAN,1991,08,21,0.0,-999,-999
104067,BAGAZAN,1991,08,22,0.0,-999,-999
104067,BAGAZAN,1991,08,23,0.0,-999,-999
104067,BAGAZAN,1991,08,24,0.0,-999,-999
104067,BAGAZAN,1991,08,25,0.0,-999,-999
104067,BAGAZAN,1991,08,26,0.0,-999,-999
104067,BAGAZAN,1991,08,27,43.0,-999,-999
104067,BAGAZAN,1991,08,28,0.0,-999,-999
104067,BAGAZAN,1991,08,29,5.0,-999,-999
104067,BAGAZAN,1991,08,30,0.0,-999,-999
104067,BAGAZAN,1991,08,31,0.0,-999,-999
104067,BAGAZAN,1991,09,01,17.0,-999,-999
104067,BAGAZAN,1991,09,02,0.0,-999,-999
104067,BAGAZAN,1991,09,03,0.0,-999,-999
104067,BAGAZAN,1991,09,04,0.0,-999,-999
104067,BAGAZAN,1991,09,05,0.0,-999,-999
104067,BAGAZAN,1991,09,06,0.0,-999,-999
104067,BAGAZAN,1991,09,07,5.0,-999,-999
104067,BAGAZAN,1991,09,08,3.0,-999,-999
104067,BAGAZAN,1991,09,09,0.0,-999,-999
104067,BAGAZAN,1991,09,10,0.0,-999,-999
104067,BAGAZAN,1991,09,11,0.0,-999,-999
104067,BAGAZAN,1991,09,12,0.0,-999,-999
104067,BAGAZAN,1991,09,13,8.0,-999,-999
104067,BAGAZAN,1991,09,14,2.0,-999,-999
104067,BAGAZAN,1991,09,15,0.0,-999,-999
104067,BAGAZAN,1991,09,16,0.0,-999,-999
104067,BAGAZAN,1991,09,17,0.0,-999,-999
104067,BAGAZAN,1991,09,18,0.0,-999,-999
104067,BAGAZAN,1991,09,19,0.0,-999,-999
104067,BAGAZAN,1991,09,20,0.0,-999,-999
104067,BAGAZAN,1991,09,21,3.0,-999,-999
104067,BAGAZAN,1991,09,22,0.0,-999,-999
104067,BAGAZAN,1991,09,23,0.0,-999,-999
104067,BAGAZAN,1991,09,24,0.0,-999,-999
104067,BAGAZAN,1991,09,25,0.0,-999,-999
104067,BAGAZAN,1991,09,26,0.0,-999,-999
104067,BAGAZAN,1991,09,27,0.0,-999,-999
104067,BAGAZAN,1991,09,28,50.0,-999,-999
104067,BAGAZAN,1991,09,29,0.0,-999,-999
104067,BAGAZAN,1991,09,30,0.0,-999,-999
104067,BAGAZAN,1991,10,01,0.0,-999,-999
104067,BAGAZAN,1991,10,02,23.0,-999,-999
104067,BAGAZAN,1991,10,03,0.0,-999,-999
104067,BAGAZAN,1991,10,04,17.0,-999,-999
104067,BAGAZAN,1991,10,05,29.0,-999,-999
104067,BAGAZAN,1991,10,06,31.0,-999,-999
104067,BAGAZAN,1991,10,07,0.0,-999,-999
104067,BAGAZAN,1991,10,08,0.0,-999,-999
104067,BAGAZAN,1991,10,09,0.0,-999,-999
104067,BAGAZAN,1991,10,10,11.0,-999,-999
104067,BAGAZAN,1991,10,11,0.0,-999,-999
104067,BAGAZAN,1991,10,12,15.0,-999,-999
104067,BAGAZAN,1991,10,13,0.0,-999,-999
104067,BAGAZAN,1991,10,14,0.0,-999,-999
104067,BAGAZAN,1991,10,15,0.0,-999,-999
104067,BAGAZAN,1991,10,16,3.0,-999,-999
104067,BAGAZAN,1991,10,17,0.0,-999,-999
104067,BAGAZAN,1991,10,18,51.0,-999,-999
104067,BAGAZAN,1991,10,19,0.0,-999,-999
104067,BAGAZAN,1991,10,20,3.0,-999,-999
104067,BAGAZAN,1991,10,21,0.0,-999,-999
104067,BAGAZAN,1991,10,22,5.0,-999,-999
104067,BAGAZAN,1991,10,23,7.0,-999,-999
104067,BAGAZAN,1991,10,24,0.0,-999,-999
104067,BAGAZAN,1991,10,25,5.0,-999,-999
104067,BAGAZAN,1991,10,26,0.0,-999,-999
104067,BAGAZAN,1991,10,27,10.0,-999,-999
104067,BAGAZAN,1991,10,28,3.0,-999,-999
104067,BAGAZAN,1991,10,29,0.0,-999,-999
104067,BAGAZAN,1991,10,30,0.0,-999,-999
104067,BAGAZAN,1991,10,31,0.0,-999,-999
104067,BAGAZAN,1991,11,01,24.0,-999,-999
104067,BAGAZAN,1991,11,02,0.0,-999,-999
104067,BAGAZAN,1991,11,03,33.0,-999,-999
104067,BAGAZAN,1991,11,04,13.0,-999,-999
104067,BAGAZAN,1991,11,05,0.0,-999,-999
104067,BAGAZAN,1991,11,06,0.0,-999,-999
104067,BAGAZAN,1991,11,07,0.0,-999,-999
104067,BAGAZAN,1991,11,08,0.0,-999,-999
104067,BAGAZAN,1991,11,09,0.0,-999,-999
104067,BAGAZAN,1991,11,10,5.0,-999,-999
104067,BAGAZAN,1991,11,11,0.0,-999,-999
104067,BAGAZAN,1991,11,12,0.0,-999,-999
104067,BAGAZAN,1991,11,13,0.0,-999,-999
104067,BAGAZAN,1991,11,14,0.0,-999,-999
104067,BAGAZAN,1991,11,15,60.0,-999,-999
104067,BAGAZAN,1991,11,16,20.0,-999,-999
104067,BAGAZAN,1991,11,17,0.0,-999,-999
104067,BAGAZAN,1991,11,18,0.0,-999,-999
104067,BAGAZAN,1991,11,19,0.0,-999,-999
104067,BAGAZAN,1991,11,20,13.0,-999,-999
104067,BAGAZAN,1991,11,21,9.0,-999,-999
104067,BAGAZAN,1991,11,22,5.0,-999,-999
104067,BAGAZAN,1991,11,23,0.0,-999,-999
104067,BAGAZAN,1991,11,24,0.0,-999,-999
104067,BAGAZAN,1991,11,25,0.0,-999,-999
104067,BAGAZAN,1991,11,26,25.0,-999,-999
104067,BAGAZAN,1991,11,27,17.0,-999,-999
104067,BAGAZAN,1991,11,28,0.0,-999,-999
104067,BAGAZAN,1991,11,29,43.0,-999,-999
104067,BAGAZAN,1991,11,30,0.0,-999,-999
104067,BAGAZAN,1991,12,01,4.0,-999,-999
104067,BAGAZAN,1991,12,02,13.0,-999,-999
104067,BAGAZAN,1991,12,03,5.0,-999,-999
104067,BAGAZAN,1991,12,04,0.0,-999,-999
104067,BAGAZAN,1991,12,05,0.0,-999,-999
104067,BAGAZAN,1991,12,06,0.0,-999,-999
104067,BAGAZAN,1991,12,07,36.0,-999,-999
104067,BAGAZAN,1991,12,08,0.0,-999,-999
104067,BAGAZAN,1991,12,09,0.0,-999,-999
104067,BAGAZAN,1991,12,10,0.0,-999,-999
104067,BAGAZAN,1991,12,11,58.0,-999,-999
104067,BAGAZAN,1991,12,12,0.0,-999,-999
104067,BAGAZAN,1991,12,13,0.0,-999,-999
104067,BAGAZAN,1991,12,14,0.0,-999,-999
104067,BAGAZAN,1991,12,15,0.0,-999,-999
104067,BAGAZAN,1991,12,16,3.0,-999,-999
104067,BAGAZAN,1991,12,17,0.0,-999,-999
104067,BAGAZAN,1991,12,18,0.0,-999,-999
104067,BAGAZAN,1991,12,19,5.0,-999,-999
104067,BAGAZAN,1991,12,20,0.0,-999,-999
104067,BAGAZAN,1991,12,21,0.0,-999,-999
104067,BAGAZAN,1991,12,22,0.0,-999,-999
104067,BAGAZAN,1991,12,23,0.0,-999,-999
104067,BAGAZAN,1991,12,24,0.0,-999,-999
104067,BAGAZAN,1991,12,25,0.0,-999,-999
104067,BAGAZAN,1991,12,26,9.0,-999,-999
104067,BAGAZAN,1991,12,27,0.0,-999,-999
104067,BAGAZAN,1991,12,28,0.0,-999,-999
104067,BAGAZAN,1991,12,29,4.0,-999,-999
104067,BAGAZAN,1991,12,30,0.0,-999,-999
104067,BAGAZAN,1991,12,31,0.0,-999,-999
104067,BAGAZAN,1992,01,01,0.0,-999,-999
104067,BAGAZAN,1992,01,02,10.0,-999,-999
104067,BAGAZAN,1992,01,03,7.0,-999,-999
104067,BAGAZAN,1992,01,04,0.0,-999,-999
104067,BAGAZAN,1992,01,05,32.0,-999,-999
104067,BAGAZAN,1992,01,06,0.0,-999,-999
104067,BAGAZAN,1992,01,07,0.0,-999,-999
104067,BAGAZAN,1992,01,08,5.0,-999,-999
104067,BAGAZAN,1992,01,09,3.0,-999,-999
104067,BAGAZAN,1992,01,10,13.0,-999,-999
104067,BAGAZAN,1992,01,11,2.0,-999,-999
104067,BAGAZAN,1992,01,12,7.0,-999,-999
104067,BAGAZAN,1992,01,13,0.0,-999,-999
104067,BAGAZAN,1992,01,14,0.0,-999,-999
104067,BAGAZAN,1992,01,15,0.0,-999,-999
104067,BAGAZAN,1992,01,16,0.0,-999,-999
104067,BAGAZAN,1992,01,17,2.0,-999,-999
104067,BAGAZAN,1992,01,18,0.0,-999,-999
104067,BAGAZAN,1992,01,19,8.0,-999,-999
104067,BAGAZAN,1992,01,20,3.0,-999,-999
104067,BAGAZAN,1992,01,21,0.0,-999,-999
104067,BAGAZAN,1992,01,22,0.0,-999,-999
104067,BAGAZAN,1992,01,23,0.0,-999,-999
104067,BAGAZAN,1992,01,24,0.0,-999,-999
104067,BAGAZAN,1992,01,25,0.0,-999,-999
104067,BAGAZAN,1992,01,26,0.0,-999,-999
104067,BAGAZAN,1992,01,27,0.0,-999,-999
104067,BAGAZAN,1992,01,28,0.0,-999,-999
104067,BAGAZAN,1992,01,29,0.0,-999,-999
104067,BAGAZAN,1992,01,30,0.0,-999,-999
104067,BAGAZAN,1992,01,31,0.0,-999,-999
104067,BAGAZAN,1992,02,01,-999,-999,-999
104067,BAGAZAN,1992,02,02,-999,-999,-999
104067,BAGAZAN,1992,02,03,-999,-999,-999
104067,BAGAZAN,1992,02,04,-999,-999,-999
104067,BAGAZAN,1992,02,05,-999,-999,-999
104067,BAGAZAN,1992,02,06,-999,-999,-999
104067,BAGAZAN,1992,02,07,-999,-999,-999
104067,BAGAZAN,1992,02,08,-999,-999,-999
104067,BAGAZAN,1992,02,09,-999,-999,-999
104067,BAGAZAN,1992,02,10,-999,-999,-999
104067,BAGAZAN,1992,02,11,-999,-999,-999
104067,BAGAZAN,1992,02,12,-999,-999,-999
104067,BAGAZAN,1992,02,13,-999,-999,-999
104067,BAGAZAN,1992,02,14,-999,-999,-999
104067,BAGAZAN,1992,02,15,-999,-999,-999
104067,BAGAZAN,1992,02,16,-999,-999,-999
104067,BAGAZAN,1992,02,17,-999,-999,-999
104067,BAGAZAN,1992,02,18,-999,-999,-999
104067,BAGAZAN,1992,02,19,-999,-999,-999
104067,BAGAZAN,1992,02,20,-999,-999,-999
104067,BAGAZAN,1992,02,21,-999,-999,-999
104067,BAGAZAN,1992,02,22,-999,-999,-999
104067,BAGAZAN,1992,02,23,-999,-999,-999
104067,BAGAZAN,1992,02,24,-999,-999,-999
104067,BAGAZAN,1992,02,25,-999,-999,-999
104067,BAGAZAN,1992,02,26,-999,-999,-999
104067,BAGAZAN,1992,02,27,-999,-999,-999
104067,BAGAZAN,1992,02,28,-999,-999,-999
104067,BAGAZAN,1992,02,29,-999,-999,-999
104067,BAGAZAN,1992,03,01,-999,-999,-999
104067,BAGAZAN,1992,03,02,-999,-999,-999
104067,BAGAZAN,1992,03,03,-999,-999,-999
104067,BAGAZAN,1992,03,04,-999,-999,-999
104067,BAGAZAN,1992,03,05,-999,-999,-999
104067,BAGAZAN,1992,03,06,-999,-999,-999
104067,BAGAZAN,1992,03,07,-999,-999,-999
104067,BAGAZAN,1992,03,08,-999,-999,-999
104067,BAGAZAN,1992,03,09,-999,-999,-999
104067,BAGAZAN,1992,03,10,-999,-999,-999
104067,BAGAZAN,1992,03,11,-999,-999,-999
104067,BAGAZAN,1992,03,12,-999,-999,-999
104067,BAGAZAN,1992,03,13,-999,-999,-999
104067,BAGAZAN,1992,03,14,-999,-999,-999
104067,BAGAZAN,1992,03,15,-999,-999,-999
104067,BAGAZAN,1992,03,16,-999,-999,-999
104067,BAGAZAN,1992,03,17,-999,-999,-999
104067,BAGAZAN,1992,03,18,-999,-999,-999
104067,BAGAZAN,1992,03,19,-999,-999,-999
104067,BAGAZAN,1992,03,20,-999,-999,-999
104067,BAGAZAN,1992,03,21,-999,-999,-999
104067,BAGAZAN,1992,03,22,-999,-999,-999
104067,BAGAZAN,1992,03,23,-999,-999,-999
104067,BAGAZAN,1992,03,24,-999,-999,-999
104067,BAGAZAN,1992,03,25,-999,-999,-999
104067,BAGAZAN,1992,03,26,-999,-999,-999
104067,BAGAZAN,1992,03,27,-999,-999,-999
104067,BAGAZAN,1992,03,28,-999,-999,-999
104067,BAGAZAN,1992,03,29,-999,-999,-999
104067,BAGAZAN,1992,03,30,-999,-999,-999
104067,BAGAZAN,1992,03,31,-999,-999,-999
104067,BAGAZAN,1992,04,01,-999,-999,-999
104067,BAGAZAN,1992,04,02,-999,-999,-999
104067,BAGAZAN,1992,04,03,-999,-999,-999
104067,BAGAZAN,1992,04,04,-999,-999,-999
104067,BAGAZAN,1992,04,05,-999,-999,-999
104067,BAGAZAN,1992,04,06,-999,-999,-999
104067,BAGAZAN,1992,04,07,-999,-999,-999
104067,BAGAZAN,1992,04,08,-999,-999,-999
104067,BAGAZAN,1992,04,09,-999,-999,-999
104067,BAGAZAN,1992,04,10,-999,-999,-999
104067,BAGAZAN,1992,04,11,-999,-999,-999
104067,BAGAZAN,1992,04,12,-999,-999,-999
104067,BAGAZAN,1992,04,13,-999,-999,-999
104067,BAGAZAN,1992,04,14,-999,-999,-999
104067,BAGAZAN,1992,04,15,-999,-999,-999
104067,BAGAZAN,1992,04,16,-999,-999,-999
104067,BAGAZAN,1992,04,17,-999,-999,-999
104067,BAGAZAN,1992,04,18,-999,-999,-999
104067,BAGAZAN,1992,04,19,-999,-999,-999
104067,BAGAZAN,1992,04,20,-999,-999,-999
104067,BAGAZAN,1992,04,21,-999,-999,-999
104067,BAGAZAN,1992,04,22,-999,-999,-999
104067,BAGAZAN,1992,04,23,-999,-999,-999
104067,BAGAZAN,1992,04,24,-999,-999,-999
104067,BAGAZAN,1992,04,25,-999,-999,-999
104067,BAGAZAN,1992,04,26,-999,-999,-999
104067,BAGAZAN,1992,04,27,-999,-999,-999
104067,BAGAZAN,1992,04,28,-999,-999,-999
104067,BAGAZAN,1992,04,29,-999,-999,-999
104067,BAGAZAN,1992,04,30,-999,-999,-999
104067,BAGAZAN,1992,05,01,-999,-999,-999
104067,BAGAZAN,1992,05,02,-999,-999,-999
104067,BAGAZAN,1992,05,03,-999,-999,-999
104067,BAGAZAN,1992,05,04,-999,-999,-999
104067,BAGAZAN,1992,05,05,-999,-999,-999
104067,BAGAZAN,1992,05,06,-999,-999,-999
104067,BAGAZAN,1992,05,07,-999,-999,-999
104067,BAGAZAN,1992,05,08,-999,-999,-999
104067,BAGAZAN,1992,05,09,-999,-999,-999
104067,BAGAZAN,1992,05,10,-999,-999,-999
104067,BAGAZAN,1992,05,11,-999,-999,-999
104067,BAGAZAN,1992,05,12,-999,-999,-999
104067,BAGAZAN,1992,05,13,-999,-999,-999
104067,BAGAZAN,1992,05,14,-999,-999,-999
104067,BAGAZAN,1992,05,15,-999,-999,-999
104067,BAGAZAN,1992,05,16,-999,-999,-999
104067,BAGAZAN,1992,05,17,-999,-999,-999
104067,BAGAZAN,1992,05,18,-999,-999,-999
104067,BAGAZAN,1992,05,19,-999,-999,-999
104067,BAGAZAN,1992,05,20,-999,-999,-999
104067,BAGAZAN,1992,05,21,-999,-999,-999
104067,BAGAZAN,1992,05,22,-999,-999,-999
104067,BAGAZAN,1992,05,23,-999,-999,-999
104067,BAGAZAN,1992,05,24,-999,-999,-999
104067,BAGAZAN,1992,05,25,-999,-999,-999
104067,BAGAZAN,1992,05,26,-999,-999,-999
104067,BAGAZAN,1992,05,27,-999,-999,-999
104067,BAGAZAN,1992,05,28,-999,-999,-999
104067,BAGAZAN,1992,05,29,-999,-999,-999
104067,BAGAZAN,1992,05,30,-999,-999,-999
104067,BAGAZAN,1992,05,31,-999,-999,-999
104067,BAGAZAN,1992,06,01,-999,-999,-999
104067,BAGAZAN,1992,06,02,-999,-999,-999
104067,BAGAZAN,1992,06,03,-999,-999,-999
104067,BAGAZAN,1992,06,04,-999,-999,-999
104067,BAGAZAN,1992,06,05,-999,-999,-999
104067,BAGAZAN,1992,06,06,-999,-999,-999
104067,BAGAZAN,1992,06,07,-999,-999,-999
104067,BAGAZAN,1992,06,08,-999,-999,-999
104067,BAGAZAN,1992,06,09,-999,-999,-999
104067,BAGAZAN,1992,06,10,-999,-999,-999
104067,BAGAZAN,1992,06,11,-999,-999,-999
104067,BAGAZAN,1992,06,12,-999,-999,-999
104067,BAGAZAN,1992,06,13,-999,-999,-999
104067,BAGAZAN,1992,06,14,-999,-999,-999
104067,BAGAZAN,1992,06,15,-999,-999,-999
104067,BAGAZAN,1992,06,16,-999,-999,-999
104067,BAGAZAN,1992,06,17,-999,-999,-999
104067,BAGAZAN,1992,06,18,-999,-999,-999
104067,BAGAZAN,1992,06,19,-999,-999,-999
104067,BAGAZAN,1992,06,20,-999,-999,-999
104067,BAGAZAN,1992,06,21,-999,-999,-999
104067,BAGAZAN,1992,06,22,-999,-999,-999
104067,BAGAZAN,1992,06,23,-999,-999,-999
104067,BAGAZAN,1992,06,24,-999,-999,-999
104067,BAGAZAN,1992,06,25,-999,-999,-999
104067,BAGAZAN,1992,06,26,-999,-999,-999
104067,BAGAZAN,1992,06,27,-999,-999,-999
104067,BAGAZAN,1992,06,28,-999,-999,-999
104067,BAGAZAN,1992,06,29,-999,-999,-999
104067,BAGAZAN,1992,06,30,-999,-999,-999
104067,BAGAZAN,1992,07,01,-999,-999,-999
104067,BAGAZAN,1992,07,02,-999,-999,-999
104067,BAGAZAN,1992,07,03,-999,-999,-999
104067,BAGAZAN,1992,07,04,-999,-999,-999
104067,BAGAZAN,1992,07,05,-999,-999,-999
104067,BAGAZAN,1992,07,06,-999,-999,-999
104067,BAGAZAN,1992,07,07,-999,-999,-999
104067,BAGAZAN,1992,07,08,-999,-999,-999
104067,BAGAZAN,1992,07,09,-999,-999,-999
104067,BAGAZAN,1992,07,10,-999,-999,-999
104067,BAGAZAN,1992,07,11,-999,-999,-999
104067,BAGAZAN,1992,07,12,-999,-999,-999
104067,BAGAZAN,1992,07,13,-999,-999,-999
104067,BAGAZAN,1992,07,14,-999,-999,-999
104067,BAGAZAN,1992,07,15,-999,-999,-999
104067,BAGAZAN,1992,07,16,-999,-999,-999
104067,BAGAZAN,1992,07,17,-999,-999,-999
104067,BAGAZAN,1992,07,18,-999,-999,-999
104067,BAGAZAN,1992,07,19,-999,-999,-999
104067,BAGAZAN,1992,07,20,-999,-999,-999
104067,BAGAZAN,1992,07,21,-999,-999,-999
104067,BAGAZAN,1992,07,22,-999,-999,-999
104067,BAGAZAN,1992,07,23,-999,-999,-999
104067,BAGAZAN,1992,07,24,-999,-999,-999
104067,BAGAZAN,1992,07,25,-999,-999,-999
104067,BAGAZAN,1992,07,26,-999,-999,-999
104067,BAGAZAN,1992,07,27,-999,-999,-999
104067,BAGAZAN,1992,07,28,-999,-999,-999
104067,BAGAZAN,1992,07,29,-999,-999,-999
104067,BAGAZAN,1992,07,30,-999,-999,-999
104067,BAGAZAN,1992,07,31,-999,-999,-999
104067,BAGAZAN,1992,08,01,-999,-999,-999
104067,BAGAZAN,1992,08,02,-999,-999,-999
104067,BAGAZAN,1992,08,03,-999,-999,-999
104067,BAGAZAN,1992,08,04,-999,-999,-999
104067,BAGAZAN,1992,08,05,-999,-999,-999
104067,BAGAZAN,1992,08,06,-999,-999,-999
104067,BAGAZAN,1992,08,07,-999,-999,-999
104067,BAGAZAN,1992,08,08,-999,-999,-999
104067,BAGAZAN,1992,08,09,-999,-999,-999
104067,BAGAZAN,1992,08,10,-999,-999,-999
104067,BAGAZAN,1992,08,11,-999,-999,-999
104067,BAGAZAN,1992,08,12,-999,-999,-999
104067,BAGAZAN,1992,08,13,-999,-999,-999
104067,BAGAZAN,1992,08,14,-999,-999,-999
104067,BAGAZAN,1992,08,15,-999,-999,-999
104067,BAGAZAN,1992,08,16,-999,-999,-999
104067,BAGAZAN,1992,08,17,-999,-999,-999
104067,BAGAZAN,1992,08,18,-999,-999,-999
104067,BAGAZAN,1992,08,19,-999,-999,-999
104067,BAGAZAN,1992,08,20,-999,-999,-999
104067,BAGAZAN,1992,08,21,-999,-999,-999
104067,BAGAZAN,1992,08,22,-999,-999,-999
104067,BAGAZAN,1992,08,23,-999,-999,-999
104067,BAGAZAN,1992,08,24,-999,-999,-999
104067,BAGAZAN,1992,08,25,-999,-999,-999
104067,BAGAZAN,1992,08,26,-999,-999,-999
104067,BAGAZAN,1992,08,27,-999,-999,-999
104067,BAGAZAN,1992,08,28,-999,-999,-999
104067,BAGAZAN,1992,08,29,-999,-999,-999
104067,BAGAZAN,1992,08,30,-999,-999,-999
104067,BAGAZAN,1992,08,31,-999,-999,-999
104067,BAGAZAN,1992,09,01,0.0,-999,-999
104067,BAGAZAN,1992,09,02,0.0,-999,-999
104067,BAGAZAN,1992,09,03,0.0,-999,-999
104067,BAGAZAN,1992,09,04,0.0,-999,-999
104067,BAGAZAN,1992,09,05,4.0,-999,-999
104067,BAGAZAN,1992,09,06,0.0,-999,-999
104067,BAGAZAN,1992,09,07,0.0,-999,-999
104067,BAGAZAN,1992,09,08,0.0,-999,-999
104067,BAGAZAN,1992,09,09,19.0,-999,-999
104067,BAGAZAN,1992,09,10,0.0,-999,-999
104067,BAGAZAN,1992,09,11,0.0,-999,-999
104067,BAGAZAN,1992,09,12,2.0,-999,-999
104067,BAGAZAN,1992,09,13,0.0,-999,-999
104067,BAGAZAN,1992,09,14,0.0,-999,-999
104067,BAGAZAN,1992,09,15,0.0,-999,-999
104067,BAGAZAN,1992,09,16,27.0,-999,-999
104067,BAGAZAN,1992,09,17,0.0,-999,-999
104067,BAGAZAN,1992,09,18,0.0,-999,-999
104067,BAGAZAN,1992,09,19,1.0,-999,-999
104067,BAGAZAN,1992,09,20,2.0,-999,-999
104067,BAGAZAN,1992,09,21,0.0,-999,-999
104067,BAGAZAN,1992,09,22,0.0,-999,-999
104067,BAGAZAN,1992,09,23,0.0,-999,-999
104067,BAGAZAN,1992,09,24,25.0,-999,-999
104067,BAGAZAN,1992,09,25,0.0,-999,-999
104067,BAGAZAN,1992,09,26,0.0,-999,-999
104067,BAGAZAN,1992,09,27,32.0,-999,-999
104067,BAGAZAN,1992,09,28,0.0,-999,-999
104067,BAGAZAN,1992,09,29,0.0,-999,-999
104067,BAGAZAN,1992,09,30,0.0,-999,-999
104067,BAGAZAN,1992,10,01,0.0,-999,-999
104067,BAGAZAN,1992,10,02,5.0,-999,-999
104067,BAGAZAN,1992,10,03,2.0,-999,-999
104067,BAGAZAN,1992,10,04,0.0,-999,-999
104067,BAGAZAN,1992,10,05,0.0,-999,-999
104067,BAGAZAN,1992,10,06,1.0,-999,-999
104067,BAGAZAN,1992,10,07,0.0,-999,-999
104067,BAGAZAN,1992,10,08,0.0,-999,-999
104067,BAGAZAN,1992,10,09,8.0,-999,-999
104067,BAGAZAN,1992,10,10,3.0,-999,-999
104067,BAGAZAN,1992,10,11,0.0,-999,-999
104067,BAGAZAN,1992,10,12,0.0,-999,-999
104067,BAGAZAN,1992,10,13,2.0,-999,-999
104067,BAGAZAN,1992,10,14,1.0,-999,-999
104067,BAGAZAN,1992,10,15,2.0,-999,-999
104067,BAGAZAN,1992,10,16,2.0,-999,-999
104067,BAGAZAN,1992,10,17,1.0,-999,-999
104067,BAGAZAN,1992,10,18,0.0,-999,-999
104067,BAGAZAN,1992,10,19,11.0,-999,-999
104067,BAGAZAN,1992,10,20,4.0,-999,-999
104067,BAGAZAN,1992,10,21,2.0,-999,-999
104067,BAGAZAN,1992,10,22,0.0,-999,-999
104067,BAGAZAN,1992,10,23,0.0,-999,-999
104067,BAGAZAN,1992,10,24,0.0,-999,-999
104067,BAGAZAN,1992,10,25,0.0,-999,-999
104067,BAGAZAN,1992,10,26,4.0,-999,-999
104067,BAGAZAN,1992,10,27,9.0,-999,-999
104067,BAGAZAN,1992,10,28,3.0,-999,-999
104067,BAGAZAN,1992,10,29,0.0,-999,-999
104067,BAGAZAN,1992,10,30,0.0,-999,-999
104067,BAGAZAN,1992,10,31,0.0,-999,-999
104067,BAGAZAN,1992,11,01,0.0,-999,-999
104067,BAGAZAN,1992,11,02,0.0,-999,-999
104067,BAGAZAN,1992,11,03,0.0,-999,-999
104067,BAGAZAN,1992,11,04,0.0,-999,-999
104067,BAGAZAN,1992,11,05,0.0,-999,-999
104067,BAGAZAN,1992,11,06,0.0,-999,-999
104067,BAGAZAN,1992,11,07,3.0,-999,-999
104067,BAGAZAN,1992,11,08,2.0,-999,-999
104067,BAGAZAN,1992,11,09,0.0,-999,-999
104067,BAGAZAN,1992,11,10,0.0,-999,-999
104067,BAGAZAN,1992,11,11,0.0,-999,-999
104067,BAGAZAN,1992,11,12,0.0,-999,-999
104067,BAGAZAN,1992,11,13,4.0,-999,-999
104067,BAGAZAN,1992,11,14,1.0,-999,-999
104067,BAGAZAN,1992,11,15,0.0,-999,-999
104067,BAGAZAN,1992,11,16,0.0,-999,-999
104067,BAGAZAN,1992,11,17,0.0,-999,-999
104067,BAGAZAN,1992,11,18,0.0,-999,-999
104067,BAGAZAN,1992,11,19,1.0,-999,-999
104067,BAGAZAN,1992,11,20,6.0,-999,-999
104067,BAGAZAN,1992,11,21,0.0,-999,-999
104067,BAGAZAN,1992,11,22,2.0,-999,-999
104067,BAGAZAN,1992,11,23,0.0,-999,-999
104067,BAGAZAN,1992,11,24,0.0,-999,-999
104067,BAGAZAN,1992,11,25,0.0,-999,-999
104067,BAGAZAN,1992,11,26,0.0,-999,-999
104067,BAGAZAN,1992,11,27,0.0,-999,-999
104067,BAGAZAN,1992,11,28,0.0,-999,-999
104067,BAGAZAN,1992,11,29,1.0,-999,-999
104067,BAGAZAN,1992,11,30,0.0,-999,-999
104067,BAGAZAN,1992,12,01,0.0,-999,-999
104067,BAGAZAN,1992,12,02,27.0,-999,-999
104067,BAGAZAN,1992,12,03,30.0,-999,-999
104067,BAGAZAN,1992,12,04,23.0,-999,-999
104067,BAGAZAN,1992,12,05,0.0,-999,-999
104067,BAGAZAN,1992,12,06,0.0,-999,-999
104067,BAGAZAN,1992,12,07,1.0,-999,-999
104067,BAGAZAN,1992,12,08,4.0,-999,-999
104067,BAGAZAN,1992,12,09,5.0,-999,-999
104067,BAGAZAN,1992,12,10,1.0,-999,-999
104067,BAGAZAN,1992,12,11,0.0,-999,-999
104067,BAGAZAN,1992,12,12,1.0,-999,-999
104067,BAGAZAN,1992,12,13,7.0,-999,-999
104067,BAGAZAN,1992,12,14,0.0,-999,-999
104067,BAGAZAN,1992,12,15,3.0,-999,-999
104067,BAGAZAN,1992,12,16,1.0,-999,-999
104067,BAGAZAN,1992,12,17,2.0,-999,-999
104067,BAGAZAN,1992,12,18,2.0,-999,-999
104067,BAGAZAN,1992,12,19,0.0,-999,-999
104067,BAGAZAN,1992,12,20,3.0,-999,-999
104067,BAGAZAN,1992,12,21,0.0,-999,-999
104067,BAGAZAN,1992,12,22,0.0,-999,-999
104067,BAGAZAN,1992,12,23,0.0,-999,-999
104067,BAGAZAN,1992,12,24,1.0,-999,-999
104067,BAGAZAN,1992,12,25,0.0,-999,-999
104067,BAGAZAN,1992,12,26,0.0,-999,-999
104067,BAGAZAN,1992,12,27,0.0,-999,-999
104067,BAGAZAN,1992,12,28,3.0,-999,-999
104067,BAGAZAN,1992,12,29,5.0,-999,-999
104067,BAGAZAN,1992,12,30,11.0,-999,-999
104067,BAGAZAN,1992,12,31,5.0,-999,-999
104067,BAGAZAN,1993,01,01,17.0,-999,-999
104067,BAGAZAN,1993,01,02,0.0,-999,-999
104067,BAGAZAN,1993,01,03,5.0,-999,-999
104067,BAGAZAN,1993,01,04,3.0,-999,-999
104067,BAGAZAN,1993,01,05,0.0,-999,-999
104067,BAGAZAN,1993,01,06,3.0,-999,-999
104067,BAGAZAN,1993,01,07,3.0,-999,-999
104067,BAGAZAN,1993,01,08,0.0,-999,-999
104067,BAGAZAN,1993,01,09,2.0,-999,-999
104067,BAGAZAN,1993,01,10,5.0,-999,-999
104067,BAGAZAN,1993,01,11,2.0,-999,-999
104067,BAGAZAN,1993,01,12,1.0,-999,-999
104067,BAGAZAN,1993,01,13,0.0,-999,-999
104067,BAGAZAN,1993,01,14,4.0,-999,-999
104067,BAGAZAN,1993,01,15,5.0,-999,-999
104067,BAGAZAN,1993,01,16,8.0,-999,-999
104067,BAGAZAN,1993,01,17,2.0,-999,-999
104067,BAGAZAN,1993,01,18,1.0,-999,-999
104067,BAGAZAN,1993,01,19,0.0,-999,-999
104067,BAGAZAN,1993,01,20,3.0,-999,-999
104067,BAGAZAN,1993,01,21,3.0,-999,-999
104067,BAGAZAN,1993,01,22,3.0,-999,-999
104067,BAGAZAN,1993,01,23,3.0,-999,-999
104067,BAGAZAN,1993,01,24,1.0,-999,-999
104067,BAGAZAN,1993,01,25,0.0,-999,-999
104067,BAGAZAN,1993,01,26,1.0,-999,-999
104067,BAGAZAN,1993,01,27,5.0,-999,-999
104067,BAGAZAN,1993,01,28,9.0,-999,-999
104067,BAGAZAN,1993,01,29,2.0,-999,-999
104067,BAGAZAN,1993,01,30,9.0,-999,-999
104067,BAGAZAN,1993,01,31,0.0,-999,-999
104067,BAGAZAN,1993,02,01,0.0,-999,-999
104067,BAGAZAN,1993,02,02,2.0,-999,-999
104067,BAGAZAN,1993,02,03,3.0,-999,-999
104067,BAGAZAN,1993,02,04,2.0,-999,-999
104067,BAGAZAN,1993,02,05,1.0,-999,-999
104067,BAGAZAN,1993,02,06,4.0,-999,-999
104067,BAGAZAN,1993,02,07,1.0,-999,-999
104067,BAGAZAN,1993,02,08,3.0,-999,-999
104067,BAGAZAN,1993,02,09,25.0,-999,-999
104067,BAGAZAN,1993,02,10,13.0,-999,-999
104067,BAGAZAN,1993,02,11,3.0,-999,-999
104067,BAGAZAN,1993,02,12,0.0,-999,-999
104067,BAGAZAN,1993,02,13,1.0,-999,-999
104067,BAGAZAN,1993,02,14,0.0,-999,-999
104067,BAGAZAN,1993,02,15,0.0,-999,-999
104067,BAGAZAN,1993,02,16,0.0,-999,-999
104067,BAGAZAN,1993,02,17,3.0,-999,-999
104067,BAGAZAN,1993,02,18,2.0,-999,-999
104067,BAGAZAN,1993,02,19,1.0,-999,-999
104067,BAGAZAN,1993,02,20,2.0,-999,-999
104067,BAGAZAN,1993,02,21,0.0,-999,-999
104067,BAGAZAN,1993,02,22,1.0,-999,-999
104067,BAGAZAN,1993,02,23,1.0,-999,-999
104067,BAGAZAN,1993,02,24,1.0,-999,-999
104067,BAGAZAN,1993,02,25,4.0,-999,-999
104067,BAGAZAN,1993,02,26,10.0,-999,-999
104067,BAGAZAN,1993,02,27,3.0,-999,-999
104067,BAGAZAN,1993,02,28,0.0,-999,-999
104067,BAGAZAN,1993,03,01,4.0,-999,-999
104067,BAGAZAN,1993,03,02,1.0,-999,-999
104067,BAGAZAN,1993,03,03,0.0,-999,-999
104067,BAGAZAN,1993,03,04,0.0,-999,-999
104067,BAGAZAN,1993,03,05,4.0,-999,-999
104067,BAGAZAN,1993,03,06,1.0,-999,-999
104067,BAGAZAN,1993,03,07,1.0,-999,-999
104067,BAGAZAN,1993,03,08,0.0,-999,-999
104067,BAGAZAN,1993,03,09,0.0,-999,-999
104067,BAGAZAN,1993,03,10,2.0,-999,-999
104067,BAGAZAN,1993,03,11,3.0,-999,-999
104067,BAGAZAN,1993,03,12,6.0,-999,-999
104067,BAGAZAN,1993,03,13,3.0,-999,-999
104067,BAGAZAN,1993,03,14,0.0,-999,-999
104067,BAGAZAN,1993,03,15,0.0,-999,-999
104067,BAGAZAN,1993,03,16,0.0,-999,-999
104067,BAGAZAN,1993,03,17,3.0,-999,-999
104067,BAGAZAN,1993,03,18,1.0,-999,-999
104067,BAGAZAN,1993,03,19,0.0,-999,-999
104067,BAGAZAN,1993,03,20,0.0,-999,-999
104067,BAGAZAN,1993,03,21,57.0,-999,-999
104067,BAGAZAN,1993,03,22,3.0,-999,-999
104067,BAGAZAN,1993,03,23,0.0,-999,-999
104067,BAGAZAN,1993,03,24,0.0,-999,-999
104067,BAGAZAN,1993,03,25,33.0,-999,-999
104067,BAGAZAN,1993,03,26,2.0,-999,-999
104067,BAGAZAN,1993,03,27,0.0,-999,-999
104067,BAGAZAN,1993,03,28,1.0,-999,-999
104067,BAGAZAN,1993,03,29,2.0,-999,-999
104067,BAGAZAN,1993,03,30,1.0,-999,-999
104067,BAGAZAN,1993,03,31,2.0,-999,-999
104067,BAGAZAN,1993,04,01,17.0,-999,-999
104067,BAGAZAN,1993,04,02,0.0,-999,-999
104067,BAGAZAN,1993,04,03,0.0,-999,-999
104067,BAGAZAN,1993,04,04,2.0,-999,-999
104067,BAGAZAN,1993,04,05,0.0,-999,-999
104067,BAGAZAN,1993,04,06,0.0,-999,-999
104067,BAGAZAN,1993,04,07,1.0,-999,-999
104067,BAGAZAN,1993,04,08,0.0,-999,-999
104067,BAGAZAN,1993,04,09,0.0,-999,-999
104067,BAGAZAN,1993,04,10,1.0,-999,-999
104067,BAGAZAN,1993,04,11,0.0,-999,-999
104067,BAGAZAN,1993,04,12,1.0,-999,-999
104067,BAGAZAN,1993,04,13,0.0,-999,-999
104067,BAGAZAN,1993,04,14,0.0,-999,-999
104067,BAGAZAN,1993,04,15,0.0,-999,-999
104067,BAGAZAN,1993,04,16,1.0,-999,-999
104067,BAGAZAN,1993,04,17,1.0,-999,-999
104067,BAGAZAN,1993,04,18,0.0,-999,-999
104067,BAGAZAN,1993,04,19,0.0,-999,-999
104067,BAGAZAN,1993,04,20,2.0,-999,-999
104067,BAGAZAN,1993,04,21,0.0,-999,-999
104067,BAGAZAN,1993,04,22,1.0,-999,-999
104067,BAGAZAN,1993,04,23,1.0,-999,-999
104067,BAGAZAN,1993,04,24,0.0,-999,-999
104067,BAGAZAN,1993,04,25,0.0,-999,-999
104067,BAGAZAN,1993,04,26,2.0,-999,-999
104067,BAGAZAN,1993,04,27,1.0,-999,-999
104067,BAGAZAN,1993,04,28,0.0,-999,-999
104067,BAGAZAN,1993,04,29,3.0,-999,-999
104067,BAGAZAN,1993,04,30,0.0,-999,-999
104067,BAGAZAN,1993,05,01,3.0,-999,-999
104067,BAGAZAN,1993,05,02,0.0,-999,-999
104067,BAGAZAN,1993,05,03,0.0,-999,-999
104067,BAGAZAN,1993,05,04,5.0,-999,-999
104067,BAGAZAN,1993,05,05,11.0,-999,-999
104067,BAGAZAN,1993,05,06,3.0,-999,-999
104067,BAGAZAN,1993,05,07,4.0,-999,-999
104067,BAGAZAN,1993,05,08,0.0,-999,-999
104067,BAGAZAN,1993,05,09,0.0,-999,-999
104067,BAGAZAN,1993,05,10,0.0,-999,-999
104067,BAGAZAN,1993,05,11,0.0,-999,-999
104067,BAGAZAN,1993,05,12,0.0,-999,-999
104067,BAGAZAN,1993,05,13,0.0,-999,-999
104067,BAGAZAN,1993,05,14,0.0,-999,-999
104067,BAGAZAN,1993,05,15,58.0,-999,-999
104067,BAGAZAN,1993,05,16,0.0,-999,-999
104067,BAGAZAN,1993,05,17,0.0,-999,-999
104067,BAGAZAN,1993,05,18,0.0,-999,-999
104067,BAGAZAN,1993,05,19,0.0,-999,-999
104067,BAGAZAN,1993,05,20,0.0,-999,-999
104067,BAGAZAN,1993,05,21,4.0,-999,-999
104067,BAGAZAN,1993,05,22,15.0,-999,-999
104067,BAGAZAN,1993,05,23,20.0,-999,-999
104067,BAGAZAN,1993,05,24,1.0,-999,-999
104067,BAGAZAN,1993,05,25,16.0,-999,-999
104067,BAGAZAN,1993,05,26,0.0,-999,-999
104067,BAGAZAN,1993,05,27,1.0,-999,-999
104067,BAGAZAN,1993,05,28,0.0,-999,-999
104067,BAGAZAN,1993,05,29,3.0,-999,-999
104067,BAGAZAN,1993,05,30,1.0,-999,-999
104067,BAGAZAN,1993,05,31,0.0,-999,-999
104067,BAGAZAN,1993,06,01,1.0,-999,-999
104067,BAGAZAN,1993,06,02,0.0,-999,-999
104067,BAGAZAN,1993,06,03,0.0,-999,-999
104067,BAGAZAN,1993,06,04,21.0,-999,-999
104067,BAGAZAN,1993,06,05,0.0,-999,-999
104067,BAGAZAN,1993,06,06,0.0,-999,-999
104067,BAGAZAN,1993,06,07,27.0,-999,-999
104067,BAGAZAN,1993,06,08,11.0,-999,-999
104067,BAGAZAN,1993,06,09,9.0,-999,-999
104067,BAGAZAN,1993,06,10,3.0,-999,-999
104067,BAGAZAN,1993,06,11,0.0,-999,-999
104067,BAGAZAN,1993,06,12,0.0,-999,-999
104067,BAGAZAN,1993,06,13,1.0,-999,-999
104067,BAGAZAN,1993,06,14,0.0,-999,-999
104067,BAGAZAN,1993,06,15,20.0,-999,-999
104067,BAGAZAN,1993,06,16,25.0,-999,-999
104067,BAGAZAN,1993,06,17,0.0,-999,-999
104067,BAGAZAN,1993,06,18,0.0,-999,-999
104067,BAGAZAN,1993,06,19,1.0,-999,-999
104067,BAGAZAN,1993,06,20,0.0,-999,-999
104067,BAGAZAN,1993,06,21,0.0,-999,-999
104067,BAGAZAN,1993,06,22,0.0,-999,-999
104067,BAGAZAN,1993,06,23,0.0,-999,-999
104067,BAGAZAN,1993,06,24,20.0,-999,-999
104067,BAGAZAN,1993,06,25,17.0,-999,-999
104067,BAGAZAN,1993,06,26,19.0,-999,-999
104067,BAGAZAN,1993,06,27,0.0,-999,-999
104067,BAGAZAN,1993,06,28,0.0,-999,-999
104067,BAGAZAN,1993,06,29,3.0,-999,-999
104067,BAGAZAN,1993,06,30,1.0,-999,-999
104067,BAGAZAN,1993,07,01,4.0,-999,-999
104067,BAGAZAN,1993,07,02,0.0,-999,-999
104067,BAGAZAN,1993,07,03,2.0,-999,-999
104067,BAGAZAN,1993,07,04,1.0,-999,-999
104067,BAGAZAN,1993,07,05,3.0,-999,-999
104067,BAGAZAN,1993,07,06,0.0,-999,-999
104067,BAGAZAN,1993,07,07,15.0,-999,-999
104067,BAGAZAN,1993,07,08,0.0,-999,-999
104067,BAGAZAN,1993,07,09,0.0,-999,-999
104067,BAGAZAN,1993,07,10,0.0,-999,-999
104067,BAGAZAN,1993,07,11,0.0,-999,-999
104067,BAGAZAN,1993,07,12,0.0,-999,-999
104067,BAGAZAN,1993,07,13,1.0,-999,-999
104067,BAGAZAN,1993,07,14,1.0,-999,-999
104067,BAGAZAN,1993,07,15,4.0,-999,-999
104067,BAGAZAN,1993,07,16,0.0,-999,-999
104067,BAGAZAN,1993,07,17,0.0,-999,-999
104067,BAGAZAN,1993,07,18,0.0,-999,-999
104067,BAGAZAN,1993,07,19,0.0,-999,-999
104067,BAGAZAN,1993,07,20,3.0,-999,-999
104067,BAGAZAN,1993,07,21,27.0,-999,-999
104067,BAGAZAN,1993,07,22,0.0,-999,-999
104067,BAGAZAN,1993,07,23,0.0,-999,-999
104067,BAGAZAN,1993,07,24,5.0,-999,-999
104067,BAGAZAN,1993,07,25,1.0,-999,-999
104067,BAGAZAN,1993,07,26,0.0,-999,-999
104067,BAGAZAN,1993,07,27,0.0,-999,-999
104067,BAGAZAN,1993,07,28,0.0,-999,-999
104067,BAGAZAN,1993,07,29,3.0,-999,-999
104067,BAGAZAN,1993,07,30,1.0,-999,-999
104067,BAGAZAN,1993,07,31,1.0,-999,-999
104067,BAGAZAN,1993,08,01,3.0,-999,-999
104067,BAGAZAN,1993,08,02,0.0,-999,-999
104067,BAGAZAN,1993,08,03,0.0,-999,-999
104067,BAGAZAN,1993,08,04,0.0,-999,-999
104067,BAGAZAN,1993,08,05,0.0,-999,-999
104067,BAGAZAN,1993,08,06,2.0,-999,-999
104067,BAGAZAN,1993,08,07,0.0,-999,-999
104067,BAGAZAN,1993,08,08,0.0,-999,-999
104067,BAGAZAN,1993,08,09,3.0,-999,-999
104067,BAGAZAN,1993,08,10,19.0,-999,-999
104067,BAGAZAN,1993,08,11,13.0,-999,-999
104067,BAGAZAN,1993,08,12,0.0,-999,-999
104067,BAGAZAN,1993,08,13,0.0,-999,-999
104067,BAGAZAN,1993,08,14,0.0,-999,-999
104067,BAGAZAN,1993,08,15,10.0,-999,-999
104067,BAGAZAN,1993,08,16,7.0,-999,-999
104067,BAGAZAN,1993,08,17,19.0,-999,-999
104067,BAGAZAN,1993,08,18,11.0,-999,-999
104067,BAGAZAN,1993,08,19,0.0,-999,-999
104067,BAGAZAN,1993,08,20,0.0,-999,-999
104067,BAGAZAN,1993,08,21,0.0,-999,-999
104067,BAGAZAN,1993,08,22,51.0,-999,-999
104067,BAGAZAN,1993,08,23,0.0,-999,-999
104067,BAGAZAN,1993,08,24,3.0,-999,-999
104067,BAGAZAN,1993,08,25,0.0,-999,-999
104067,BAGAZAN,1993,08,26,1.0,-999,-999
104067,BAGAZAN,1993,08,27,0.0,-999,-999
104067,BAGAZAN,1993,08,28,0.0,-999,-999
104067,BAGAZAN,1993,08,29,0.0,-999,-999
104067,BAGAZAN,1993,08,30,0.0,-999,-999
104067,BAGAZAN,1993,08,31,0.0,-999,-999
104067,BAGAZAN,1993,09,01,0.0,-999,-999
104067,BAGAZAN,1993,09,02,5.0,-999,-999
104067,BAGAZAN,1993,09,03,3.0,-999,-999
104067,BAGAZAN,1993,09,04,0.0,-999,-999
104067,BAGAZAN,1993,09,05,0.0,-999,-999
104067,BAGAZAN,1993,09,06,0.0,-999,-999
104067,BAGAZAN,1993,09,07,0.0,-999,-999
104067,BAGAZAN,1993,09,08,18.0,-999,-999
104067,BAGAZAN,1993,09,09,0.0,-999,-999
104067,BAGAZAN,1993,09,10,0.0,-999,-999
104067,BAGAZAN,1993,09,11,11.0,-999,-999
104067,BAGAZAN,1993,09,12,26.0,-999,-999
104067,BAGAZAN,1993,09,13,8.0,-999,-999
104067,BAGAZAN,1993,09,14,3.0,-999,-999
104067,BAGAZAN,1993,09,15,0.0,-999,-999
104067,BAGAZAN,1993,09,16,0.0,-999,-999
104067,BAGAZAN,1993,09,17,0.0,-999,-999
104067,BAGAZAN,1993,09,18,0.0,-999,-999
104067,BAGAZAN,1993,09,19,0.0,-999,-999
104067,BAGAZAN,1993,09,20,0.0,-999,-999
104067,BAGAZAN,1993,09,21,0.0,-999,-999
104067,BAGAZAN,1993,09,22,0.0,-999,-999
104067,BAGAZAN,1993,09,23,10.0,-999,-999
104067,BAGAZAN,1993,09,24,0.0,-999,-999
104067,BAGAZAN,1993,09,25,1.0,-999,-999
104067,BAGAZAN,1993,09,26,0.0,-999,-999
104067,BAGAZAN,1993,09,27,0.0,-999,-999
104067,BAGAZAN,1993,09,28,0.0,-999,-999
104067,BAGAZAN,1993,09,29,0.0,-999,-999
104067,BAGAZAN,1993,09,30,0.0,-999,-999
104067,BAGAZAN,1993,10,01,0.0,-999,-999
104067,BAGAZAN,1993,10,02,0.0,-999,-999
104067,BAGAZAN,1993,10,03,0.0,-999,-999
104067,BAGAZAN,1993,10,04,0.0,-999,-999
104067,BAGAZAN,1993,10,05,27.0,-999,-999
104067,BAGAZAN,1993,10,06,0.0,-999,-999
104067,BAGAZAN,1993,10,07,0.0,-999,-999
104067,BAGAZAN,1993,10,08,0.0,-999,-999
104067,BAGAZAN,1993,10,09,12.0,-999,-999
104067,BAGAZAN,1993,10,10,0.0,-999,-999
104067,BAGAZAN,1993,10,11,0.0,-999,-999
104067,BAGAZAN,1993,10,12,0.0,-999,-999
104067,BAGAZAN,1993,10,13,0.0,-999,-999
104067,BAGAZAN,1993,10,14,2.0,-999,-999
104067,BAGAZAN,1993,10,15,0.0,-999,-999
104067,BAGAZAN,1993,10,16,0.0,-999,-999
104067,BAGAZAN,1993,10,17,0.0,-999,-999
104067,BAGAZAN,1993,10,18,0.0,-999,-999
104067,BAGAZAN,1993,10,19,0.0,-999,-999
104067,BAGAZAN,1993,10,20,3.0,-999,-999
104067,BAGAZAN,1993,10,21,0.0,-999,-999
104067,BAGAZAN,1993,10,22,0.0,-999,-999
104067,BAGAZAN,1993,10,23,0.0,-999,-999
104067,BAGAZAN,1993,10,24,45.0,-999,-999
104067,BAGAZAN,1993,10,25,35.0,-999,-999
104067,BAGAZAN,1993,10,26,23.0,-999,-999
104067,BAGAZAN,1993,10,27,13.0,-999,-999
104067,BAGAZAN,1993,10,28,18.0,-999,-999
104067,BAGAZAN,1993,10,29,0.0,-999,-999
104067,BAGAZAN,1993,10,30,0.0,-999,-999
104067,BAGAZAN,1993,10,31,0.0,-999,-999
104067,BAGAZAN,1993,11,01,20.0,-999,-999
104067,BAGAZAN,1993,11,02,47.0,-999,-999
104067,BAGAZAN,1993,11,03,12.0,-999,-999
104067,BAGAZAN,1993,11,04,0.0,-999,-999
104067,BAGAZAN,1993,11,05,0.0,-999,-999
104067,BAGAZAN,1993,11,06,0.0,-999,-999
104067,BAGAZAN,1993,11,07,29.0,-999,-999
104067,BAGAZAN,1993,11,08,43.0,-999,-999
104067,BAGAZAN,1993,11,09,0.0,-999,-999
104067,BAGAZAN,1993,11,10,3.0,-999,-999
104067,BAGAZAN,1993,11,11,0.0,-999,-999
104067,BAGAZAN,1993,11,12,0.0,-999,-999
104067,BAGAZAN,1993,11,13,7.0,-999,-999
104067,BAGAZAN,1993,11,14,3.0,-999,-999
104067,BAGAZAN,1993,11,15,1.0,-999,-999
104067,BAGAZAN,1993,11,16,0.0,-999,-999
104067,BAGAZAN,1993,11,17,0.0,-999,-999
104067,BAGAZAN,1993,11,18,0.0,-999,-999
104067,BAGAZAN,1993,11,19,4.0,-999,-999
104067,BAGAZAN,1993,11,20,17.0,-999,-999
104067,BAGAZAN,1993,11,21,9.0,-999,-999
104067,BAGAZAN,1993,11,22,2.0,-999,-999
104067,BAGAZAN,1993,11,23,0.0,-999,-999
104067,BAGAZAN,1993,11,24,0.0,-999,-999
104067,BAGAZAN,1993,11,25,3.0,-999,-999
104067,BAGAZAN,1993,11,26,1.0,-999,-999
104067,BAGAZAN,1993,11,27,0.0,-999,-999
104067,BAGAZAN,1993,11,28,0.0,-999,-999
104067,BAGAZAN,1993,11,29,0.0,-999,-999
104067,BAGAZAN,1993,11,30,0.0,-999,-999
104067,BAGAZAN,1993,12,01,0.0,-999,-999
104067,BAGAZAN,1993,12,02,13.0,-999,-999
104067,BAGAZAN,1993,12,03,5.0,-999,-999
104067,BAGAZAN,1993,12,04,7.0,-999,-999
104067,BAGAZAN,1993,12,05,0.0,-999,-999
104067,BAGAZAN,1993,12,06,0.0,-999,-999
104067,BAGAZAN,1993,12,07,0.0,-999,-999
104067,BAGAZAN,1993,12,08,0.0,-999,-999
104067,BAGAZAN,1993,12,09,0.0,-999,-999
104067,BAGAZAN,1993,12,10,9.0,-999,-999
104067,BAGAZAN,1993,12,11,3.0,-999,-999
104067,BAGAZAN,1993,12,12,5.0,-999,-999
104067,BAGAZAN,1993,12,13,2.0,-999,-999
104067,BAGAZAN,1993,12,14,7.0,-999,-999
104067,BAGAZAN,1993,12,15,0.0,-999,-999
104067,BAGAZAN,1993,12,16,0.0,-999,-999
104067,BAGAZAN,1993,12,17,0.0,-999,-999
104067,BAGAZAN,1993,12,18,0.0,-999,-999
104067,BAGAZAN,1993,12,19,0.0,-999,-999
104067,BAGAZAN,1993,12,20,0.0,-999,-999
104067,BAGAZAN,1993,12,21,4.0,-999,-999
104067,BAGAZAN,1993,12,22,2.0,-999,-999
104067,BAGAZAN,1993,12,23,0.0,-999,-999
104067,BAGAZAN,1993,12,24,0.0,-999,-999
104067,BAGAZAN,1993,12,25,0.0,-999,-999
104067,BAGAZAN,1993,12,26,0.0,-999,-999
104067,BAGAZAN,1993,12,27,1.0,-999,-999
104067,BAGAZAN,1993,12,28,0.0,-999,-999
104067,BAGAZAN,1993,12,29,0.0,-999,-999
104067,BAGAZAN,1993,12,30,0.0,-999,-999
104067,BAGAZAN,1993,12,31,0.0,-999,-999
104067,BAGAZAN,1994,01,01,0.0,-999,-999
104067,BAGAZAN,1994,01,02,3.0,-999,-999
104067,BAGAZAN,1994,01,03,1.0,-999,-999
104067,BAGAZAN,1994,01,04,1.0,-999,-999
104067,BAGAZAN,1994,01,05,4.0,-999,-999
104067,BAGAZAN,1994,01,06,0.0,-999,-999
104067,BAGAZAN,1994,01,07,0.0,-999,-999
104067,BAGAZAN,1994,01,08,2.0,-999,-999
104067,BAGAZAN,1994,01,09,3.0,-999,-999
104067,BAGAZAN,1994,01,10,1.0,-999,-999
104067,BAGAZAN,1994,01,11,0.0,-999,-999
104067,BAGAZAN,1994,01,12,0.0,-999,-999
104067,BAGAZAN,1994,01,13,0.0,-999,-999
104067,BAGAZAN,1994,01,14,0.0,-999,-999
104067,BAGAZAN,1994,01,15,1.0,-999,-999
104067,BAGAZAN,1994,01,16,4.0,-999,-999
104067,BAGAZAN,1994,01,17,1.0,-999,-999
104067,BAGAZAN,1994,01,18,2.0,-999,-999
104067,BAGAZAN,1994,01,19,0.0,-999,-999
104067,BAGAZAN,1994,01,20,1.0,-999,-999
104067,BAGAZAN,1994,01,21,0.0,-999,-999
104067,BAGAZAN,1994,01,22,0.0,-999,-999
104067,BAGAZAN,1994,01,23,2.0,-999,-999
104067,BAGAZAN,1994,01,24,0.0,-999,-999
104067,BAGAZAN,1994,01,25,0.0,-999,-999
104067,BAGAZAN,1994,01,26,3.0,-999,-999
104067,BAGAZAN,1994,01,27,1.0,-999,-999
104067,BAGAZAN,1994,01,28,0.0,-999,-999
104067,BAGAZAN,1994,01,29,0.0,-999,-999
104067,BAGAZAN,1994,01,30,1.0,-999,-999
104067,BAGAZAN,1994,01,31,0.0,-999,-999
104067,BAGAZAN,1994,02,01,2.0,-999,-999
104067,BAGAZAN,1994,02,02,1.0,-999,-999
104067,BAGAZAN,1994,02,03,0.0,-999,-999
104067,BAGAZAN,1994,02,04,0.0,-999,-999
104067,BAGAZAN,1994,02,05,3.0,-999,-999
104067,BAGAZAN,1994,02,06,0.0,-999,-999
104067,BAGAZAN,1994,02,07,0.0,-999,-999
104067,BAGAZAN,1994,02,08,0.0,-999,-999
104067,BAGAZAN,1994,02,09,1.0,-999,-999
104067,BAGAZAN,1994,02,10,1.0,-999,-999
104067,BAGAZAN,1994,02,11,2.0,-999,-999
104067,BAGAZAN,1994,02,12,0.0,-999,-999
104067,BAGAZAN,1994,02,13,2.0,-999,-999
104067,BAGAZAN,1994,02,14,3.0,-999,-999
104067,BAGAZAN,1994,02,15,1.0,-999,-999
104067,BAGAZAN,1994,02,16,0.0,-999,-999
104067,BAGAZAN,1994,02,17,0.0,-999,-999
104067,BAGAZAN,1994,02,18,5.0,-999,-999
104067,BAGAZAN,1994,02,19,0.0,-999,-999
104067,BAGAZAN,1994,02,20,0.0,-999,-999
104067,BAGAZAN,1994,02,21,0.0,-999,-999
104067,BAGAZAN,1994,02,22,0.0,-999,-999
104067,BAGAZAN,1994,02,23,2.0,-999,-999
104067,BAGAZAN,1994,02,24,0.0,-999,-999
104067,BAGAZAN,1994,02,25,0.0,-999,-999
104067,BAGAZAN,1994,02,26,17.0,-999,-999
104067,BAGAZAN,1994,02,27,2.0,-999,-999
104067,BAGAZAN,1994,02,28,0.0,-999,-999
104067,BAGAZAN,1994,03,01,0.0,-999,-999
104067,BAGAZAN,1994,03,02,1.0,-999,-999
104067,BAGAZAN,1994,03,03,0.0,-999,-999
104067,BAGAZAN,1994,03,04,0.0,-999,-999
104067,BAGAZAN,1994,03,05,5.0,-999,-999
104067,BAGAZAN,1994,03,06,0.0,-999,-999
104067,BAGAZAN,1994,03,07,0.0,-999,-999
104067,BAGAZAN,1994,03,08,1.0,-999,-999
104067,BAGAZAN,1994,03,09,0.0,-999,-999
104067,BAGAZAN,1994,03,10,1.0,-999,-999
104067,BAGAZAN,1994,03,11,0.0,-999,-999
104067,BAGAZAN,1994,03,12,0.0,-999,-999
104067,BAGAZAN,1994,03,13,0.0,-999,-999
104067,BAGAZAN,1994,03,14,0.0,-999,-999
104067,BAGAZAN,1994,03,15,0.0,-999,-999
104067,BAGAZAN,1994,03,16,1.0,-999,-999
104067,BAGAZAN,1994,03,17,0.0,-999,-999
104067,BAGAZAN,1994,03,18,0.0,-999,-999
104067,BAGAZAN,1994,03,19,0.0,-999,-999
104067,BAGAZAN,1994,03,20,0.0,-999,-999
104067,BAGAZAN,1994,03,21,11.0,-999,-999
104067,BAGAZAN,1994,03,22,0.0,-999,-999
104067,BAGAZAN,1994,03,23,0.0,-999,-999
104067,BAGAZAN,1994,03,24,0.0,-999,-999
104067,BAGAZAN,1994,03,25,1.0,-999,-999
104067,BAGAZAN,1994,03,26,0.0,-999,-999
104067,BAGAZAN,1994,03,27,1.0,-999,-999
104067,BAGAZAN,1994,03,28,0.0,-999,-999
104067,BAGAZAN,1994,03,29,0.0,-999,-999
104067,BAGAZAN,1994,03,30,0.0,-999,-999
104067,BAGAZAN,1994,03,31,0.0,-999,-999
104067,BAGAZAN,1994,04,01,2.0,-999,-999
104067,BAGAZAN,1994,04,02,0.0,-999,-999
104067,BAGAZAN,1994,04,03,16.0,-999,-999
104067,BAGAZAN,1994,04,04,13.0,-999,-999
104067,BAGAZAN,1994,04,05,5.0,-999,-999
104067,BAGAZAN,1994,04,06,0.0,-999,-999
104067,BAGAZAN,1994,04,07,1.0,-999,-999
104067,BAGAZAN,1994,04,08,0.0,-999,-999
104067,BAGAZAN,1994,04,09,0.0,-999,-999
104067,BAGAZAN,1994,04,10,1.0,-999,-999
104067,BAGAZAN,1994,04,11,0.0,-999,-999
104067,BAGAZAN,1994,04,12,21.0,-999,-999
104067,BAGAZAN,1994,04,13,26.0,-999,-999
104067,BAGAZAN,1994,04,14,5.0,-999,-999
104067,BAGAZAN,1994,04,15,3.0,-999,-999
104067,BAGAZAN,1994,04,16,8.0,-999,-999
104067,BAGAZAN,1994,04,17,15.0,-999,-999
104067,BAGAZAN,1994,04,18,13.0,-999,-999
104067,BAGAZAN,1994,04,19,0.0,-999,-999
104067,BAGAZAN,1994,04,20,10.0,-999,-999
104067,BAGAZAN,1994,04,21,0.0,-999,-999
104067,BAGAZAN,1994,04,22,20.0,-999,-999
104067,BAGAZAN,1994,04,23,12.0,-999,-999
104067,BAGAZAN,1994,04,24,3.0,-999,-999
104067,BAGAZAN,1994,04,25,4.0,-999,-999
104067,BAGAZAN,1994,04,26,15.0,-999,-999
104067,BAGAZAN,1994,04,27,12.0,-999,-999
104067,BAGAZAN,1994,04,28,3.0,-999,-999
104067,BAGAZAN,1994,04,29,0.0,-999,-999
104067,BAGAZAN,1994,04,30,0.0,-999,-999
104067,BAGAZAN,1994,05,01,0.0,-999,-999
104067,BAGAZAN,1994,05,02,6.0,-999,-999
104067,BAGAZAN,1994,05,03,19.0,-999,-999
104067,BAGAZAN,1994,05,04,12.0,-999,-999
104067,BAGAZAN,1994,05,05,7.0,-999,-999
104067,BAGAZAN,1994,05,06,12.0,-999,-999
104067,BAGAZAN,1994,05,07,12.0,-999,-999
104067,BAGAZAN,1994,05,08,0.0,-999,-999
104067,BAGAZAN,1994,05,09,0.0,-999,-999
104067,BAGAZAN,1994,05,10,20.0,-999,-999
104067,BAGAZAN,1994,05,11,12.0,-999,-999
104067,BAGAZAN,1994,05,12,1.0,-999,-999
104067,BAGAZAN,1994,05,13,0.0,-999,-999
104067,BAGAZAN,1994,05,14,0.0,-999,-999
104067,BAGAZAN,1994,05,15,0.0,-999,-999
104067,BAGAZAN,1994,05,16,10.0,-999,-999
104067,BAGAZAN,1994,05,17,8.0,-999,-999
104067,BAGAZAN,1994,05,18,11.0,-999,-999
104067,BAGAZAN,1994,05,19,0.0,-999,-999
104067,BAGAZAN,1994,05,20,0.0,-999,-999
104067,BAGAZAN,1994,05,21,0.0,-999,-999
104067,BAGAZAN,1994,05,22,6.0,-999,-999
104067,BAGAZAN,1994,05,23,4.0,-999,-999
104067,BAGAZAN,1994,05,24,0.0,-999,-999
104067,BAGAZAN,1994,05,25,0.0,-999,-999
104067,BAGAZAN,1994,05,26,4.0,-999,-999
104067,BAGAZAN,1994,05,27,15.0,-999,-999
104067,BAGAZAN,1994,05,28,10.0,-999,-999
104067,BAGAZAN,1994,05,29,18.0,-999,-999
104067,BAGAZAN,1994,05,30,10.0,-999,-999
104067,BAGAZAN,1994,05,31,0.0,-999,-999
104067,BAGAZAN,1994,06,01,12.0,-999,-999
104067,BAGAZAN,1994,06,02,30.0,-999,-999
104067,BAGAZAN,1994,06,03,30.0,-999,-999
104067,BAGAZAN,1994,06,04,0.0,-999,-999
104067,BAGAZAN,1994,06,05,0.0,-999,-999
104067,BAGAZAN,1994,06,06,0.0,-999,-999
104067,BAGAZAN,1994,06,07,32.0,-999,-999
104067,BAGAZAN,1994,06,08,0.0,-999,-999
104067,BAGAZAN,1994,06,09,0.0,-999,-999
104067,BAGAZAN,1994,06,10,0.0,-999,-999
104067,BAGAZAN,1994,06,11,0.0,-999,-999
104067,BAGAZAN,1994,06,12,8.0,-999,-999
104067,BAGAZAN,1994,06,13,10.0,-999,-999
104067,BAGAZAN,1994,06,14,0.0,-999,-999
104067,BAGAZAN,1994,06,15,24.0,-999,-999
104067,BAGAZAN,1994,06,16,7.0,-999,-999
104067,BAGAZAN,1994,06,17,8.0,-999,-999
104067,BAGAZAN,1994,06,18,0.0,-999,-999
104067,BAGAZAN,1994,06,19,0.0,-999,-999
104067,BAGAZAN,1994,06,20,0.0,-999,-999
104067,BAGAZAN,1994,06,21,0.0,-999,-999
104067,BAGAZAN,1994,06,22,0.0,-999,-999
104067,BAGAZAN,1994,06,23,0.0,-999,-999
104067,BAGAZAN,1994,06,24,12.0,-999,-999
104067,BAGAZAN,1994,06,25,28.0,-999,-999
104067,BAGAZAN,1994,06,26,8.0,-999,-999
104067,BAGAZAN,1994,06,27,0.0,-999,-999
104067,BAGAZAN,1994,06,28,0.0,-999,-999
104067,BAGAZAN,1994,06,29,0.0,-999,-999
104067,BAGAZAN,1994,06,30,0.0,-999,-999
104067,BAGAZAN,1994,07,01,0.0,-999,-999
104067,BAGAZAN,1994,07,02,2.0,-999,-999
104067,BAGAZAN,1994,07,03,3.0,-999,-999
104067,BAGAZAN,1994,07,04,0.0,-999,-999
104067,BAGAZAN,1994,07,05,0.0,-999,-999
104067,BAGAZAN,1994,07,06,0.0,-999,-999
104067,BAGAZAN,1994,07,07,0.0,-999,-999
104067,BAGAZAN,1994,07,08,0.0,-999,-999
104067,BAGAZAN,1994,07,09,0.0,-999,-999
104067,BAGAZAN,1994,07,10,0.0,-999,-999
104067,BAGAZAN,1994,07,11,0.0,-999,-999
104067,BAGAZAN,1994,07,12,0.0,-999,-999
104067,BAGAZAN,1994,07,13,0.0,-999,-999
104067,BAGAZAN,1994,07,14,10.0,-999,-999
104067,BAGAZAN,1994,07,15,8.0,-999,-999
104067,BAGAZAN,1994,07,16,20.0,-999,-999
104067,BAGAZAN,1994,07,17,0.0,-999,-999
104067,BAGAZAN,1994,07,18,0.0,-999,-999
104067,BAGAZAN,1994,07,19,0.0,-999,-999
104067,BAGAZAN,1994,07,20,0.0,-999,-999
104067,BAGAZAN,1994,07,21,0.0,-999,-999
104067,BAGAZAN,1994,07,22,20.0,-999,-999
104067,BAGAZAN,1994,07,23,42.0,-999,-999
104067,BAGAZAN,1994,07,24,42.0,-999,-999
104067,BAGAZAN,1994,07,25,8.0,-999,-999
104067,BAGAZAN,1994,07,26,0.0,-999,-999
104067,BAGAZAN,1994,07,27,0.0,-999,-999
104067,BAGAZAN,1994,07,28,0.0,-999,-999
104067,BAGAZAN,1994,07,29,4.0,-999,-999
104067,BAGAZAN,1994,07,30,0.0,-999,-999
104067,BAGAZAN,1994,07,31,0.0,-999,-999
104067,BAGAZAN,1994,08,01,0.0,-999,-999
104067,BAGAZAN,1994,08,02,0.0,-999,-999
104067,BAGAZAN,1994,08,03,12.0,-999,-999
104067,BAGAZAN,1994,08,04,0.0,-999,-999
104067,BAGAZAN,1994,08,05,0.0,-999,-999
104067,BAGAZAN,1994,08,06,0.0,-999,-999
104067,BAGAZAN,1994,08,07,30.0,-999,-999
104067,BAGAZAN,1994,08,08,0.0,-999,-999
104067,BAGAZAN,1994,08,09,0.0,-999,-999
104067,BAGAZAN,1994,08,10,0.0,-999,-999
104067,BAGAZAN,1994,08,11,0.0,-999,-999
104067,BAGAZAN,1994,08,12,0.0,-999,-999
104067,BAGAZAN,1994,08,13,0.0,-999,-999
104067,BAGAZAN,1994,08,14,0.0,-999,-999
104067,BAGAZAN,1994,08,15,0.0,-999,-999
104067,BAGAZAN,1994,08,16,0.0,-999,-999
104067,BAGAZAN,1994,08,17,60.0,-999,-999
104067,BAGAZAN,1994,08,18,0.0,-999,-999
104067,BAGAZAN,1994,08,19,0.0,-999,-999
104067,BAGAZAN,1994,08,20,0.0,-999,-999
104067,BAGAZAN,1994,08,21,0.0,-999,-999
104067,BAGAZAN,1994,08,22,0.0,-999,-999
104067,BAGAZAN,1994,08,23,26.0,-999,-999
104067,BAGAZAN,1994,08,24,0.0,-999,-999
104067,BAGAZAN,1994,08,25,0.0,-999,-999
104067,BAGAZAN,1994,08,26,0.0,-999,-999
104067,BAGAZAN,1994,08,27,0.0,-999,-999
104067,BAGAZAN,1994,08,28,35.0,-999,-999
104067,BAGAZAN,1994,08,29,0.0,-999,-999
104067,BAGAZAN,1994,08,30,0.0,-999,-999
104067,BAGAZAN,1994,08,31,0.0,-999,-999
104067,BAGAZAN,1994,09,01,5.0,-999,-999
104067,BAGAZAN,1994,09,02,0.0,-999,-999
104067,BAGAZAN,1994,09,03,0.0,-999,-999
104067,BAGAZAN,1994,09,04,0.0,-999,-999
104067,BAGAZAN,1994,09,05,10.0,-999,-999
104067,BAGAZAN,1994,09,06,0.0,-999,-999
104067,BAGAZAN,1994,09,07,0.0,-999,-999
104067,BAGAZAN,1994,09,08,7.0,-999,-999
104067,BAGAZAN,1994,09,09,0.0,-999,-999
104067,BAGAZAN,1994,09,10,0.0,-999,-999
104067,BAGAZAN,1994,09,11,0.0,-999,-999
104067,BAGAZAN,1994,09,12,0.0,-999,-999
104067,BAGAZAN,1994,09,13,0.0,-999,-999
104067,BAGAZAN,1994,09,14,0.0,-999,-999
104067,BAGAZAN,1994,09,15,43.0,-999,-999
104067,BAGAZAN,1994,09,16,0.0,-999,-999
104067,BAGAZAN,1994,09,17,0.0,-999,-999
104067,BAGAZAN,1994,09,18,22.0,-999,-999
104067,BAGAZAN,1994,09,19,0.0,-999,-999
104067,BAGAZAN,1994,09,20,0.0,-999,-999
104067,BAGAZAN,1994,09,21,0.0,-999,-999
104067,BAGAZAN,1994,09,22,30.0,-999,-999
104067,BAGAZAN,1994,09,23,10.0,-999,-999
104067,BAGAZAN,1994,09,24,0.0,-999,-999
104067,BAGAZAN,1994,09,25,0.0,-999,-999
104067,BAGAZAN,1994,09,26,0.0,-999,-999
104067,BAGAZAN,1994,09,27,0.0,-999,-999
104067,BAGAZAN,1994,09,28,0.0,-999,-999
104067,BAGAZAN,1994,09,29,0.0,-999,-999
104067,BAGAZAN,1994,09,30,0.0,-999,-999
104067,BAGAZAN,1994,10,01,0.0,-999,-999
104067,BAGAZAN,1994,10,02,48.0,-999,-999
104067,BAGAZAN,1994,10,03,55.0,-999,-999
104067,BAGAZAN,1994,10,04,0.0,-999,-999
104067,BAGAZAN,1994,10,05,3.0,-999,-999
104067,BAGAZAN,1994,10,06,0.0,-999,-999
104067,BAGAZAN,1994,10,07,0.0,-999,-999
104067,BAGAZAN,1994,10,08,0.0,-999,-999
104067,BAGAZAN,1994,10,09,25.0,-999,-999
104067,BAGAZAN,1994,10,10,0.0,-999,-999
104067,BAGAZAN,1994,10,11,0.0,-999,-999
104067,BAGAZAN,1994,10,12,0.0,-999,-999
104067,BAGAZAN,1994,10,13,12.0,-999,-999
104067,BAGAZAN,1994,10,14,0.0,-999,-999
104067,BAGAZAN,1994,10,15,0.0,-999,-999
104067,BAGAZAN,1994,10,16,0.0,-999,-999
104067,BAGAZAN,1994,10,17,0.0,-999,-999
104067,BAGAZAN,1994,10,18,0.0,-999,-999
104067,BAGAZAN,1994,10,19,0.0,-999,-999
104067,BAGAZAN,1994,10,20,0.0,-999,-999
104067,BAGAZAN,1994,10,21,0.0,-999,-999
104067,BAGAZAN,1994,10,22,0.0,-999,-999
104067,BAGAZAN,1994,10,23,10.0,-999,-999
104067,BAGAZAN,1994,10,24,5.0,-999,-999
104067,BAGAZAN,1994,10,25,0.0,-999,-999
104067,BAGAZAN,1994,10,26,0.0,-999,-999
104067,BAGAZAN,1994,10,27,0.0,-999,-999
104067,BAGAZAN,1994,10,28,0.0,-999,-999
104067,BAGAZAN,1994,10,29,0.0,-999,-999
104067,BAGAZAN,1994,10,30,0.0,-999,-999
104067,BAGAZAN,1994,10,31,0.0,-999,-999
104067,BAGAZAN,1994,11,01,24.0,-999,-999
104067,BAGAZAN,1994,11,02,0.0,-999,-999
104067,BAGAZAN,1994,11,03,0.0,-999,-999
104067,BAGAZAN,1994,11,04,28.0,-999,-999
104067,BAGAZAN,1994,11,05,0.0,-999,-999
104067,BAGAZAN,1994,11,06,25.0,-999,-999
104067,BAGAZAN,1994,11,07,0.0,-999,-999
104067,BAGAZAN,1994,11,08,0.0,-999,-999
104067,BAGAZAN,1994,11,09,0.0,-999,-999
104067,BAGAZAN,1994,11,10,0.0,-999,-999
104067,BAGAZAN,1994,11,11,0.0,-999,-999
104067,BAGAZAN,1994,11,12,0.0,-999,-999
104067,BAGAZAN,1994,11,13,0.0,-999,-999
104067,BAGAZAN,1994,11,14,0.0,-999,-999
104067,BAGAZAN,1994,11,15,0.0,-999,-999
104067,BAGAZAN,1994,11,16,0.0,-999,-999
104067,BAGAZAN,1994,11,17,0.0,-999,-999
104067,BAGAZAN,1994,11,18,0.0,-999,-999
104067,BAGAZAN,1994,11,19,0.0,-999,-999
104067,BAGAZAN,1994,11,20,0.0,-999,-999
104067,BAGAZAN,1994,11,21,34.0,-999,-999
104067,BAGAZAN,1994,11,22,0.0,-999,-999
104067,BAGAZAN,1994,11,23,0.0,-999,-999
104067,BAGAZAN,1994,11,24,0.0,-999,-999
104067,BAGAZAN,1994,11,25,0.0,-999,-999
104067,BAGAZAN,1994,11,26,0.0,-999,-999
104067,BAGAZAN,1994,11,27,0.0,-999,-999
104067,BAGAZAN,1994,11,28,0.0,-999,-999
104067,BAGAZAN,1994,11,29,0.0,-999,-999
104067,BAGAZAN,1994,11,30,0.0,-999,-999
104067,BAGAZAN,1994,12,01,24.0,-999,-999
104067,BAGAZAN,1994,12,02,0.0,-999,-999
104067,BAGAZAN,1994,12,03,12.0,-999,-999
104067,BAGAZAN,1994,12,04,0.0,-999,-999
104067,BAGAZAN,1994,12,05,0.0,-999,-999
104067,BAGAZAN,1994,12,06,32.0,-999,-999
104067,BAGAZAN,1994,12,07,10.0,-999,-999
104067,BAGAZAN,1994,12,08,0.0,-999,-999
104067,BAGAZAN,1994,12,09,0.0,-999,-999
104067,BAGAZAN,1994,12,10,0.0,-999,-999
104067,BAGAZAN,1994,12,11,0.0,-999,-999
104067,BAGAZAN,1994,12,12,28.0,-999,-999
104067,BAGAZAN,1994,12,13,23.0,-999,-999
104067,BAGAZAN,1994,12,14,12.0,-999,-999
104067,BAGAZAN,1994,12,15,0.0,-999,-999
104067,BAGAZAN,1994,12,16,0.0,-999,-999
104067,BAGAZAN,1994,12,17,0.0,-999,-999
104067,BAGAZAN,1994,12,18,0.0,-999,-999
104067,BAGAZAN,1994,12,19,0.0,-999,-999
104067,BAGAZAN,1994,12,20,15.0,-999,-999
104067,BAGAZAN,1994,12,21,16.0,-999,-999
104067,BAGAZAN,1994,12,22,0.0,-999,-999
104067,BAGAZAN,1994,12,23,26.0,-999,-999
104067,BAGAZAN,1994,12,24,14.0,-999,-999
104067,BAGAZAN,1994,12,25,12.0,-999,-999
104067,BAGAZAN,1994,12,26,13.0,-999,-999
104067,BAGAZAN,1994,12,27,0.0,-999,-999
104067,BAGAZAN,1994,12,28,0.0,-999,-999
104067,BAGAZAN,1994,12,29,17.0,-999,-999
104067,BAGAZAN,1994,12,30,34.0,-999,-999
104067,BAGAZAN,1994,12,31,12.0,-999,-999
104067,BAGAZAN,1995,01,01,0.0,-999,-999
104067,BAGAZAN,1995,01,02,0.0,-999,-999
104067,BAGAZAN,1995,01,03,0.0,-999,-999
104067,BAGAZAN,1995,01,04,0.0,-999,-999
104067,BAGAZAN,1995,01,05,0.0,-999,-999
104067,BAGAZAN,1995,01,06,0.0,-999,-999
104067,BAGAZAN,1995,01,07,0.0,-999,-999
104067,BAGAZAN,1995,01,08,0.0,-999,-999
104067,BAGAZAN,1995,01,09,0.0,-999,-999
104067,BAGAZAN,1995,01,10,0.0,-999,-999
104067,BAGAZAN,1995,01,11,0.0,-999,-999
104067,BAGAZAN,1995,01,12,0.0,-999,-999
104067,BAGAZAN,1995,01,13,0.0,-999,-999
104067,BAGAZAN,1995,01,14,13.0,-999,-999
104067,BAGAZAN,1995,01,15,10.0,-999,-999
104067,BAGAZAN,1995,01,16,24.0,-999,-999
104067,BAGAZAN,1995,01,17,28.0,-999,-999
104067,BAGAZAN,1995,01,18,48.0,-999,-999
104067,BAGAZAN,1995,01,19,0.0,-999,-999
104067,BAGAZAN,1995,01,20,0.0,-999,-999
104067,BAGAZAN,1995,01,21,20.0,-999,-999
104067,BAGAZAN,1995,01,22,18.0,-999,-999
104067,BAGAZAN,1995,01,23,0.0,-999,-999
104067,BAGAZAN,1995,01,24,24.0,-999,-999
104067,BAGAZAN,1995,01,25,58.0,-999,-999
104067,BAGAZAN,1995,01,26,28.0,-999,-999
104067,BAGAZAN,1995,01,27,32.0,-999,-999
104067,BAGAZAN,1995,01,28,67.0,-999,-999
104067,BAGAZAN,1995,01,29,22.0,-999,-999
104067,BAGAZAN,1995,01,30,5.0,-999,-999
104067,BAGAZAN,1995,01,31,0.0,-999,-999
104067,BAGAZAN,1995,02,01,0.0,-999,-999
104067,BAGAZAN,1995,02,02,0.0,-999,-999
104067,BAGAZAN,1995,02,03,28.0,-999,-999
104067,BAGAZAN,1995,02,04,0.0,-999,-999
104067,BAGAZAN,1995,02,05,24.0,-999,-999
104067,BAGAZAN,1995,02,06,0.0,-999,-999
104067,BAGAZAN,1995,02,07,0.0,-999,-999
104067,BAGAZAN,1995,02,08,0.0,-999,-999
104067,BAGAZAN,1995,02,09,0.0,-999,-999
104067,BAGAZAN,1995,02,10,22.0,-999,-999
104067,BAGAZAN,1995,02,11,0.0,-999,-999
104067,BAGAZAN,1995,02,12,0.0,-999,-999
104067,BAGAZAN,1995,02,13,0.0,-999,-999
104067,BAGAZAN,1995,02,14,0.0,-999,-999
104067,BAGAZAN,1995,02,15,0.0,-999,-999
104067,BAGAZAN,1995,02,16,0.0,-999,-999
104067,BAGAZAN,1995,02,17,0.0,-999,-999
104067,BAGAZAN,1995,02,18,0.0,-999,-999
104067,BAGAZAN,1995,02,19,0.0,-999,-999
104067,BAGAZAN,1995,02,20,0.0,-999,-999
104067,BAGAZAN,1995,02,21,18.0,-999,-999
104067,BAGAZAN,1995,02,22,0.0,-999,-999
104067,BAGAZAN,1995,02,23,0.0,-999,-999
104067,BAGAZAN,1995,02,24,0.0,-999,-999
104067,BAGAZAN,1995,02,25,0.0,-999,-999
104067,BAGAZAN,1995,02,26,0.0,-999,-999
104067,BAGAZAN,1995,02,27,0.0,-999,-999
104067,BAGAZAN,1995,02,28,8.0,-999,-999
104067,BAGAZAN,1995,03,01,0.0,-999,-999
104067,BAGAZAN,1995,03,02,7.0,-999,-999
104067,BAGAZAN,1995,03,03,24.0,-999,-999
104067,BAGAZAN,1995,03,04,0.0,-999,-999
104067,BAGAZAN,1995,03,05,0.0,-999,-999
104067,BAGAZAN,1995,03,06,0.0,-999,-999
104067,BAGAZAN,1995,03,07,0.0,-999,-999
104067,BAGAZAN,1995,03,08,0.0,-999,-999
104067,BAGAZAN,1995,03,09,0.0,-999,-999
104067,BAGAZAN,1995,03,10,26.0,-999,-999
104067,BAGAZAN,1995,03,11,0.0,-999,-999
104067,BAGAZAN,1995,03,12,0.0,-999,-999
104067,BAGAZAN,1995,03,13,16.0,-999,-999
104067,BAGAZAN,1995,03,14,13.0,-999,-999
104067,BAGAZAN,1995,03,15,0.0,-999,-999
104067,BAGAZAN,1995,03,16,0.0,-999,-999
104067,BAGAZAN,1995,03,17,0.0,-999,-999
104067,BAGAZAN,1995,03,18,0.0,-999,-999
104067,BAGAZAN,1995,03,19,0.0,-999,-999
104067,BAGAZAN,1995,03,20,0.0,-999,-999
104067,BAGAZAN,1995,03,21,0.0,-999,-999
104067,BAGAZAN,1995,03,22,0.0,-999,-999
104067,BAGAZAN,1995,03,23,0.0,-999,-999
104067,BAGAZAN,1995,03,24,0.0,-999,-999
104067,BAGAZAN,1995,03,25,0.0,-999,-999
104067,BAGAZAN,1995,03,26,0.0,-999,-999
104067,BAGAZAN,1995,03,27,0.0,-999,-999
104067,BAGAZAN,1995,03,28,0.0,-999,-999
104067,BAGAZAN,1995,03,29,0.0,-999,-999
104067,BAGAZAN,1995,03,30,0.0,-999,-999
104067,BAGAZAN,1995,03,31,0.0,-999,-999
104067,BAGAZAN,1995,04,01,0.0,-999,-999
104067,BAGAZAN,1995,04,02,0.0,-999,-999
104067,BAGAZAN,1995,04,03,0.0,-999,-999
104067,BAGAZAN,1995,04,04,0.0,-999,-999
104067,BAGAZAN,1995,04,05,9.0,-999,-999
104067,BAGAZAN,1995,04,06,0.0,-999,-999
104067,BAGAZAN,1995,04,07,0.0,-999,-999
104067,BAGAZAN,1995,04,08,20.0,-999,-999
104067,BAGAZAN,1995,04,09,0.0,-999,-999
104067,BAGAZAN,1995,04,10,24.0,-999,-999
104067,BAGAZAN,1995,04,11,0.0,-999,-999
104067,BAGAZAN,1995,04,12,12.0,-999,-999
104067,BAGAZAN,1995,04,13,0.0,-999,-999
104067,BAGAZAN,1995,04,14,0.0,-999,-999
104067,BAGAZAN,1995,04,15,0.0,-999,-999
104067,BAGAZAN,1995,04,16,0.0,-999,-999
104067,BAGAZAN,1995,04,17,0.0,-999,-999
104067,BAGAZAN,1995,04,18,0.0,-999,-999
104067,BAGAZAN,1995,04,19,20.0,-999,-999
104067,BAGAZAN,1995,04,20,58.0,-999,-999
104067,BAGAZAN,1995,04,21,0.0,-999,-999
104067,BAGAZAN,1995,04,22,0.0,-999,-999
104067,BAGAZAN,1995,04,23,0.0,-999,-999
104067,BAGAZAN,1995,04,24,0.0,-999,-999
104067,BAGAZAN,1995,04,25,15.0,-999,-999
104067,BAGAZAN,1995,04,26,0.0,-999,-999
104067,BAGAZAN,1995,04,27,0.0,-999,-999
104067,BAGAZAN,1995,04,28,0.0,-999,-999
104067,BAGAZAN,1995,04,29,0.0,-999,-999
104067,BAGAZAN,1995,04,30,0.0,-999,-999
104067,BAGAZAN,1995,05,01,0.0,-999,-999
104067,BAGAZAN,1995,05,02,0.0,-999,-999
104067,BAGAZAN,1995,05,03,0.0,-999,-999
104067,BAGAZAN,1995,05,04,0.0,-999,-999
104067,BAGAZAN,1995,05,05,0.0,-999,-999
104067,BAGAZAN,1995,05,06,0.0,-999,-999
104067,BAGAZAN,1995,05,07,0.0,-999,-999
104067,BAGAZAN,1995,05,08,0.0,-999,-999
104067,BAGAZAN,1995,05,09,48.0,-999,-999
104067,BAGAZAN,1995,05,10,0.0,-999,-999
104067,BAGAZAN,1995,05,11,28.0,-999,-999
104067,BAGAZAN,1995,05,12,0.0,-999,-999
104067,BAGAZAN,1995,05,13,0.0,-999,-999
104067,BAGAZAN,1995,05,14,24.0,-999,-999
104067,BAGAZAN,1995,05,15,0.0,-999,-999
104067,BAGAZAN,1995,05,16,0.0,-999,-999
104067,BAGAZAN,1995,05,17,52.0,-999,-999
104067,BAGAZAN,1995,05,18,0.0,-999,-999
104067,BAGAZAN,1995,05,19,24.0,-999,-999
104067,BAGAZAN,1995,05,20,0.0,-999,-999
104067,BAGAZAN,1995,05,21,0.0,-999,-999
104067,BAGAZAN,1995,05,22,0.0,-999,-999
104067,BAGAZAN,1995,05,23,24.0,-999,-999
104067,BAGAZAN,1995,05,24,34.0,-999,-999
104067,BAGAZAN,1995,05,25,0.0,-999,-999
104067,BAGAZAN,1995,05,26,0.0,-999,-999
104067,BAGAZAN,1995,05,27,0.0,-999,-999
104067,BAGAZAN,1995,05,28,0.0,-999,-999
104067,BAGAZAN,1995,05,29,0.0,-999,-999
104067,BAGAZAN,1995,05,30,18.0,-999,-999
104067,BAGAZAN,1995,05,31,0.0,-999,-999
104067,BAGAZAN,1995,06,01,0.0,-999,-999
104067,BAGAZAN,1995,06,02,0.0,-999,-999
104067,BAGAZAN,1995,06,03,24.0,-999,-999
104067,BAGAZAN,1995,06,04,0.0,-999,-999
104067,BAGAZAN,1995,06,05,0.0,-999,-999
104067,BAGAZAN,1995,06,06,0.0,-999,-999
104067,BAGAZAN,1995,06,07,10.0,-999,-999
104067,BAGAZAN,1995,06,08,0.0,-999,-999
104067,BAGAZAN,1995,06,09,0.0,-999,-999
104067,BAGAZAN,1995,06,10,0.0,-999,-999
104067,BAGAZAN,1995,06,11,0.0,-999,-999
104067,BAGAZAN,1995,06,12,0.0,-999,-999
104067,BAGAZAN,1995,06,13,0.0,-999,-999
104067,BAGAZAN,1995,06,14,0.0,-999,-999
104067,BAGAZAN,1995,06,15,0.0,-999,-999
104067,BAGAZAN,1995,06,16,0.0,-999,-999
104067,BAGAZAN,1995,06,17,12.0,-999,-999
104067,BAGAZAN,1995,06,18,12.0,-999,-999
104067,BAGAZAN,1995,06,19,0.0,-999,-999
104067,BAGAZAN,1995,06,20,0.0,-999,-999
104067,BAGAZAN,1995,06,21,0.0,-999,-999
104067,BAGAZAN,1995,06,22,0.0,-999,-999
104067,BAGAZAN,1995,06,23,0.0,-999,-999
104067,BAGAZAN,1995,06,24,29.0,-999,-999
104067,BAGAZAN,1995,06,25,0.0,-999,-999
104067,BAGAZAN,1995,06,26,0.0,-999,-999
104067,BAGAZAN,1995,06,27,0.0,-999,-999
104067,BAGAZAN,1995,06,28,0.0,-999,-999
104067,BAGAZAN,1995,06,29,10.0,-999,-999
104067,BAGAZAN,1995,06,30,0.0,-999,-999
104067,BAGAZAN,1995,07,01,20.0,-999,-999
104067,BAGAZAN,1995,07,02,24.0,-999,-999
104067,BAGAZAN,1995,07,03,0.0,-999,-999
104067,BAGAZAN,1995,07,04,56.0,-999,-999
104067,BAGAZAN,1995,07,05,0.0,-999,-999
104067,BAGAZAN,1995,07,06,0.0,-999,-999
104067,BAGAZAN,1995,07,07,0.0,-999,-999
104067,BAGAZAN,1995,07,08,0.0,-999,-999
104067,BAGAZAN,1995,07,09,0.0,-999,-999
104067,BAGAZAN,1995,07,10,0.0,-999,-999
104067,BAGAZAN,1995,07,11,46.0,-999,-999
104067,BAGAZAN,1995,07,12,49.0,-999,-999
104067,BAGAZAN,1995,07,13,0.0,-999,-999
104067,BAGAZAN,1995,07,14,0.0,-999,-999
104067,BAGAZAN,1995,07,15,24.0,-999,-999
104067,BAGAZAN,1995,07,16,9.0,-999,-999
104067,BAGAZAN,1995,07,17,0.0,-999,-999
104067,BAGAZAN,1995,07,18,0.0,-999,-999
104067,BAGAZAN,1995,07,19,8.0,-999,-999
104067,BAGAZAN,1995,07,20,0.0,-999,-999
104067,BAGAZAN,1995,07,21,0.0,-999,-999
104067,BAGAZAN,1995,07,22,0.0,-999,-999
104067,BAGAZAN,1995,07,23,0.0,-999,-999
104067,BAGAZAN,1995,07,24,0.0,-999,-999
104067,BAGAZAN,1995,07,25,0.0,-999,-999
104067,BAGAZAN,1995,07,26,0.0,-999,-999
104067,BAGAZAN,1995,07,27,0.0,-999,-999
104067,BAGAZAN,1995,07,28,0.0,-999,-999
104067,BAGAZAN,1995,07,29,0.0,-999,-999
104067,BAGAZAN,1995,07,30,0.0,-999,-999
104067,BAGAZAN,1995,07,31,0.0,-999,-999
104067,BAGAZAN,1995,08,01,0.0,-999,-999
104067,BAGAZAN,1995,08,02,0.0,-999,-999
104067,BAGAZAN,1995,08,03,0.0,-999,-999
104067,BAGAZAN,1995,08,04,0.0,-999,-999
104067,BAGAZAN,1995,08,05,0.0,-999,-999
104067,BAGAZAN,1995,08,06,0.0,-999,-999
104067,BAGAZAN,1995,08,07,0.0,-999,-999
104067,BAGAZAN,1995,08,08,0.0,-999,-999
104067,BAGAZAN,1995,08,09,0.0,-999,-999
104067,BAGAZAN,1995,08,10,0.0,-999,-999
104067,BAGAZAN,1995,08,11,10.0,-999,-999
104067,BAGAZAN,1995,08,12,0.0,-999,-999
104067,BAGAZAN,1995,08,13,0.0,-999,-999
104067,BAGAZAN,1995,08,14,0.0,-999,-999
104067,BAGAZAN,1995,08,15,13.0,-999,-999
104067,BAGAZAN,1995,08,16,0.0,-999,-999
104067,BAGAZAN,1995,08,17,0.0,-999,-999
104067,BAGAZAN,1995,08,18,0.0,-999,-999
104067,BAGAZAN,1995,08,19,0.0,-999,-999
104067,BAGAZAN,1995,08,20,0.0,-999,-999
104067,BAGAZAN,1995,08,21,0.0,-999,-999
104067,BAGAZAN,1995,08,22,0.0,-999,-999
104067,BAGAZAN,1995,08,23,0.0,-999,-999
104067,BAGAZAN,1995,08,24,0.0,-999,-999
104067,BAGAZAN,1995,08,25,0.0,-999,-999
104067,BAGAZAN,1995,08,26,0.0,-999,-999
104067,BAGAZAN,1995,08,27,30.0,-999,-999
104067,BAGAZAN,1995,08,28,0.0,-999,-999
104067,BAGAZAN,1995,08,29,0.0,-999,-999
104067,BAGAZAN,1995,08,30,16.0,-999,-999
104067,BAGAZAN,1995,08,31,0.0,-999,-999
104067,BAGAZAN,1995,09,01,24.0,-999,-999
104067,BAGAZAN,1995,09,02,0.0,-999,-999
104067,BAGAZAN,1995,09,03,0.0,-999,-999
104067,BAGAZAN,1995,09,04,0.0,-999,-999
104067,BAGAZAN,1995,09,05,0.0,-999,-999
104067,BAGAZAN,1995,09,06,0.0,-999,-999
104067,BAGAZAN,1995,09,07,20.0,-999,-999
104067,BAGAZAN,1995,09,08,0.0,-999,-999
104067,BAGAZAN,1995,09,09,13.0,-999,-999
104067,BAGAZAN,1995,09,10,0.0,-999,-999
104067,BAGAZAN,1995,09,11,34.0,-999,-999
104067,BAGAZAN,1995,09,12,0.0,-999,-999
104067,BAGAZAN,1995,09,13,0.0,-999,-999
104067,BAGAZAN,1995,09,14,0.0,-999,-999
104067,BAGAZAN,1995,09,15,0.0,-999,-999
104067,BAGAZAN,1995,09,16,0.0,-999,-999
104067,BAGAZAN,1995,09,17,0.0,-999,-999
104067,BAGAZAN,1995,09,18,0.0,-999,-999
104067,BAGAZAN,1995,09,19,0.0,-999,-999
104067,BAGAZAN,1995,09,20,68.0,-999,-999
104067,BAGAZAN,1995,09,21,0.0,-999,-999
104067,BAGAZAN,1995,09,22,0.0,-999,-999
104067,BAGAZAN,1995,09,23,0.0,-999,-999
104067,BAGAZAN,1995,09,24,16.0,-999,-999
104067,BAGAZAN,1995,09,25,0.0,-999,-999
104067,BAGAZAN,1995,09,26,0.0,-999,-999
104067,BAGAZAN,1995,09,27,0.0,-999,-999
104067,BAGAZAN,1995,09,28,0.0,-999,-999
104067,BAGAZAN,1995,09,29,96.0,-999,-999
104067,BAGAZAN,1995,09,30,0.0,-999,-999
104067,BAGAZAN,1995,10,01,0.0,-999,-999
104067,BAGAZAN,1995,10,02,0.0,-999,-999
104067,BAGAZAN,1995,10,03,0.0,-999,-999
104067,BAGAZAN,1995,10,04,0.0,-999,-999
104067,BAGAZAN,1995,10,05,0.0,-999,-999
104067,BAGAZAN,1995,10,06,0.0,-999,-999
104067,BAGAZAN,1995,10,07,0.0,-999,-999
104067,BAGAZAN,1995,10,08,0.0,-999,-999
104067,BAGAZAN,1995,10,09,0.0,-999,-999
104067,BAGAZAN,1995,10,10,0.0,-999,-999
104067,BAGAZAN,1995,10,11,0.0,-999,-999
104067,BAGAZAN,1995,10,12,0.0,-999,-999
104067,BAGAZAN,1995,10,13,0.0,-999,-999
104067,BAGAZAN,1995,10,14,18.0,-999,-999
104067,BAGAZAN,1995,10,15,0.0,-999,-999
104067,BAGAZAN,1995,10,16,0.0,-999,-999
104067,BAGAZAN,1995,10,17,0.0,-999,-999
104067,BAGAZAN,1995,10,18,8.0,-999,-999
104067,BAGAZAN,1995,10,19,0.0,-999,-999
104067,BAGAZAN,1995,10,20,0.0,-999,-999
104067,BAGAZAN,1995,10,21,24.0,-999,-999
104067,BAGAZAN,1995,10,22,0.0,-999,-999
104067,BAGAZAN,1995,10,23,0.0,-999,-999
104067,BAGAZAN,1995,10,24,20.0,-999,-999
104067,BAGAZAN,1995,10,25,0.0,-999,-999
104067,BAGAZAN,1995,10,26,0.0,-999,-999
104067,BAGAZAN,1995,10,27,0.0,-999,-999
104067,BAGAZAN,1995,10,28,0.0,-999,-999
104067,BAGAZAN,1995,10,29,0.0,-999,-999
104067,BAGAZAN,1995,10,30,7.0,-999,-999
104067,BAGAZAN,1995,10,31,0.0,-999,-999
104067,BAGAZAN,1995,11,01,0.0,-999,-999
104067,BAGAZAN,1995,11,02,0.0,-999,-999
104067,BAGAZAN,1995,11,03,24.0,-999,-999
104067,BAGAZAN,1995,11,04,0.0,-999,-999
104067,BAGAZAN,1995,11,05,0.0,-999,-999
104067,BAGAZAN,1995,11,06,0.0,-999,-999
104067,BAGAZAN,1995,11,07,0.0,-999,-999
104067,BAGAZAN,1995,11,08,0.0,-999,-999
104067,BAGAZAN,1995,11,09,20.0,-999,-999
104067,BAGAZAN,1995,11,10,0.0,-999,-999
104067,BAGAZAN,1995,11,11,0.0,-999,-999
104067,BAGAZAN,1995,11,12,22.0,-999,-999
104067,BAGAZAN,1995,11,13,0.0,-999,-999
104067,BAGAZAN,1995,11,14,0.0,-999,-999
104067,BAGAZAN,1995,11,15,0.0,-999,-999
104067,BAGAZAN,1995,11,16,0.0,-999,-999
104067,BAGAZAN,1995,11,17,0.0,-999,-999
104067,BAGAZAN,1995,11,18,0.0,-999,-999
104067,BAGAZAN,1995,11,19,20.0,-999,-999
104067,BAGAZAN,1995,11,20,0.0,-999,-999
104067,BAGAZAN,1995,11,21,0.0,-999,-999
104067,BAGAZAN,1995,11,22,2.0,-999,-999
104067,BAGAZAN,1995,11,23,0.0,-999,-999
104067,BAGAZAN,1995,11,24,8.0,-999,-999
104067,BAGAZAN,1995,11,25,0.0,-999,-999
104067,BAGAZAN,1995,11,26,0.0,-999,-999
104067,BAGAZAN,1995,11,27,5.0,-999,-999
104067,BAGAZAN,1995,11,28,0.0,-999,-999
104067,BAGAZAN,1995,11,29,0.0,-999,-999
104067,BAGAZAN,1995,11,30,0.0,-999,-999
104067,BAGAZAN,1995,12,01,24.0,-999,-999
104067,BAGAZAN,1995,12,02,0.0,-999,-999
104067,BAGAZAN,1995,12,03,12.0,-999,-999
104067,BAGAZAN,1995,12,04,0.0,-999,-999
104067,BAGAZAN,1995,12,05,0.0,-999,-999
104067,BAGAZAN,1995,12,06,0.0,-999,-999
104067,BAGAZAN,1995,12,07,0.0,-999,-999
104067,BAGAZAN,1995,12,08,10.0,-999,-999
104067,BAGAZAN,1995,12,09,0.0,-999,-999
104067,BAGAZAN,1995,12,10,28.0,-999,-999
104067,BAGAZAN,1995,12,11,0.0,-999,-999
104067,BAGAZAN,1995,12,12,0.0,-999,-999
104067,BAGAZAN,1995,12,13,0.0,-999,-999
104067,BAGAZAN,1995,12,14,0.0,-999,-999
104067,BAGAZAN,1995,12,15,0.0,-999,-999
104067,BAGAZAN,1995,12,16,49.0,-999,-999
104067,BAGAZAN,1995,12,17,70.0,-999,-999
104067,BAGAZAN,1995,12,18,0.0,-999,-999
104067,BAGAZAN,1995,12,19,38.0,-999,-999
104067,BAGAZAN,1995,12,20,0.0,-999,-999
104067,BAGAZAN,1995,12,21,0.0,-999,-999
104067,BAGAZAN,1995,12,22,0.0,-999,-999
104067,BAGAZAN,1995,12,23,35.0,-999,-999
104067,BAGAZAN,1995,12,24,19.0,-999,-999
104067,BAGAZAN,1995,12,25,0.0,-999,-999
104067,BAGAZAN,1995,12,26,0.0,-999,-999
104067,BAGAZAN,1995,12,27,12.0,-999,-999
104067,BAGAZAN,1995,12,28,0.0,-999,-999
104067,BAGAZAN,1995,12,29,15.0,-999,-999
104067,BAGAZAN,1995,12,30,0.0,-999,-999
104067,BAGAZAN,1995,12,31,0.0,-999,-999
104067,BAGAZAN,1996,01,01,12.0,-999,-999
104067,BAGAZAN,1996,01,02,0.0,-999,-999
104067,BAGAZAN,1996,01,03,0.0,-999,-999
104067,BAGAZAN,1996,01,04,0.0,-999,-999
104067,BAGAZAN,1996,01,05,10.0,-999,-999
104067,BAGAZAN,1996,01,06,9.0,-999,-999
104067,BAGAZAN,1996,01,07,15.0,-999,-999
104067,BAGAZAN,1996,01,08,0.0,-999,-999
104067,BAGAZAN,1996,01,09,12.0,-999,-999
104067,BAGAZAN,1996,01,10,13.0,-999,-999
104067,BAGAZAN,1996,01,11,0.0,-999,-999
104067,BAGAZAN,1996,01,12,0.0,-999,-999
104067,BAGAZAN,1996,01,13,0.0,-999,-999
104067,BAGAZAN,1996,01,14,0.0,-999,-999
104067,BAGAZAN,1996,01,15,0.0,-999,-999
104067,BAGAZAN,1996,01,16,0.0,-999,-999
104067,BAGAZAN,1996,01,17,0.0,-999,-999
104067,BAGAZAN,1996,01,18,0.0,-999,-999
104067,BAGAZAN,1996,01,19,0.0,-999,-999
104067,BAGAZAN,1996,01,20,0.0,-999,-999
104067,BAGAZAN,1996,01,21,6.0,-999,-999
104067,BAGAZAN,1996,01,22,0.0,-999,-999
104067,BAGAZAN,1996,01,23,5.0,-999,-999
104067,BAGAZAN,1996,01,24,0.0,-999,-999
104067,BAGAZAN,1996,01,25,48.0,-999,-999
104067,BAGAZAN,1996,01,26,72.0,-999,-999
104067,BAGAZAN,1996,01,27,0.0,-999,-999
104067,BAGAZAN,1996,01,28,0.0,-999,-999
104067,BAGAZAN,1996,01,29,34.0,-999,-999
104067,BAGAZAN,1996,01,30,0.0,-999,-999
104067,BAGAZAN,1996,01,31,0.0,-999,-999
104067,BAGAZAN,1996,02,01,18.0,-999,-999
104067,BAGAZAN,1996,02,02,20.0,-999,-999
104067,BAGAZAN,1996,02,03,16.0,-999,-999
104067,BAGAZAN,1996,02,04,12.0,-999,-999
104067,BAGAZAN,1996,02,05,0.0,-999,-999
104067,BAGAZAN,1996,02,06,0.0,-999,-999
104067,BAGAZAN,1996,02,07,5.0,-999,-999
104067,BAGAZAN,1996,02,08,0.0,-999,-999
104067,BAGAZAN,1996,02,09,0.0,-999,-999
104067,BAGAZAN,1996,02,10,0.0,-999,-999
104067,BAGAZAN,1996,02,11,30.0,-999,-999
104067,BAGAZAN,1996,02,12,0.0,-999,-999
104067,BAGAZAN,1996,02,13,0.0,-999,-999
104067,BAGAZAN,1996,02,14,0.0,-999,-999
104067,BAGAZAN,1996,02,15,0.0,-999,-999
104067,BAGAZAN,1996,02,16,0.0,-999,-999
104067,BAGAZAN,1996,02,17,4.0,-999,-999
104067,BAGAZAN,1996,02,18,0.0,-999,-999
104067,BAGAZAN,1996,02,19,5.0,-999,-999
104067,BAGAZAN,1996,02,20,0.0,-999,-999
104067,BAGAZAN,1996,02,21,0.0,-999,-999
104067,BAGAZAN,1996,02,22,0.0,-999,-999
104067,BAGAZAN,1996,02,23,18.0,-999,-999
104067,BAGAZAN,1996,02,24,0.0,-999,-999
104067,BAGAZAN,1996,02,25,46.0,-999,-999
104067,BAGAZAN,1996,02,26,24.0,-999,-999
104067,BAGAZAN,1996,02,27,0.0,-999,-999
104067,BAGAZAN,1996,02,28,0.0,-999,-999
104067,BAGAZAN,1996,02,29,0.0,-999,-999
104067,BAGAZAN,1996,03,01,0.0,-999,-999
104067,BAGAZAN,1996,03,02,0.0,-999,-999
104067,BAGAZAN,1996,03,03,0.0,-999,-999
104067,BAGAZAN,1996,03,04,0.0,-999,-999
104067,BAGAZAN,1996,03,05,29.0,-999,-999
104067,BAGAZAN,1996,03,06,0.0,-999,-999
104067,BAGAZAN,1996,03,07,20.0,-999,-999
104067,BAGAZAN,1996,03,08,42.0,-999,-999
104067,BAGAZAN,1996,03,09,0.0,-999,-999
104067,BAGAZAN,1996,03,10,0.0,-999,-999
104067,BAGAZAN,1996,03,11,0.0,-999,-999
104067,BAGAZAN,1996,03,12,0.0,-999,-999
104067,BAGAZAN,1996,03,13,0.0,-999,-999
104067,BAGAZAN,1996,03,14,0.0,-999,-999
104067,BAGAZAN,1996,03,15,0.0,-999,-999
104067,BAGAZAN,1996,03,16,0.0,-999,-999
104067,BAGAZAN,1996,03,17,0.0,-999,-999
104067,BAGAZAN,1996,03,18,0.0,-999,-999
104067,BAGAZAN,1996,03,19,10.0,-999,-999
104067,BAGAZAN,1996,03,20,0.0,-999,-999
104067,BAGAZAN,1996,03,21,0.0,-999,-999
104067,BAGAZAN,1996,03,22,0.0,-999,-999
104067,BAGAZAN,1996,03,23,0.0,-999,-999
104067,BAGAZAN,1996,03,24,0.0,-999,-999
104067,BAGAZAN,1996,03,25,0.0,-999,-999
104067,BAGAZAN,1996,03,26,15.0,-999,-999
104067,BAGAZAN,1996,03,27,38.0,-999,-999
104067,BAGAZAN,1996,03,28,0.0,-999,-999
104067,BAGAZAN,1996,03,29,72.0,-999,-999
104067,BAGAZAN,1996,03,30,10.0,-999,-999
104067,BAGAZAN,1996,03,31,44.0,-999,-999
104067,BAGAZAN,1996,04,01,0.0,-999,-999
104067,BAGAZAN,1996,04,02,46.0,-999,-999
104067,BAGAZAN,1996,04,03,0.0,-999,-999
104067,BAGAZAN,1996,04,04,0.0,-999,-999
104067,BAGAZAN,1996,04,05,0.0,-999,-999
104067,BAGAZAN,1996,04,06,0.0,-999,-999
104067,BAGAZAN,1996,04,07,0.0,-999,-999
104067,BAGAZAN,1996,04,08,0.0,-999,-999
104067,BAGAZAN,1996,04,09,10.0,-999,-999
104067,BAGAZAN,1996,04,10,0.0,-999,-999
104067,BAGAZAN,1996,04,11,0.0,-999,-999
104067,BAGAZAN,1996,04,12,0.0,-999,-999
104067,BAGAZAN,1996,04,13,0.0,-999,-999
104067,BAGAZAN,1996,04,14,0.0,-999,-999
104067,BAGAZAN,1996,04,15,0.0,-999,-999
104067,BAGAZAN,1996,04,16,37.0,-999,-999
104067,BAGAZAN,1996,04,17,0.0,-999,-999
104067,BAGAZAN,1996,04,18,0.0,-999,-999
104067,BAGAZAN,1996,04,19,0.0,-999,-999
104067,BAGAZAN,1996,04,20,0.0,-999,-999
104067,BAGAZAN,1996,04,21,0.0,-999,-999
104067,BAGAZAN,1996,04,22,0.0,-999,-999
104067,BAGAZAN,1996,04,23,0.0,-999,-999
104067,BAGAZAN,1996,04,24,0.0,-999,-999
104067,BAGAZAN,1996,04,25,22.0,-999,-999
104067,BAGAZAN,1996,04,26,49.0,-999,-999
104067,BAGAZAN,1996,04,27,40.0,-999,-999
104067,BAGAZAN,1996,04,28,23.0,-999,-999
104067,BAGAZAN,1996,04,29,42.0,-999,-999
104067,BAGAZAN,1996,04,30,0.0,-999,-999
104067,BAGAZAN,1996,05,01,0.0,-999,-999
104067,BAGAZAN,1996,05,02,0.0,-999,-999
104067,BAGAZAN,1996,05,03,20.0,-999,-999
104067,BAGAZAN,1996,05,04,5.0,-999,-999
104067,BAGAZAN,1996,05,05,10.0,-999,-999
104067,BAGAZAN,1996,05,06,0.0,-999,-999
104067,BAGAZAN,1996,05,07,5.0,-999,-999
104067,BAGAZAN,1996,05,08,0.0,-999,-999
104067,BAGAZAN,1996,05,09,0.0,-999,-999
104067,BAGAZAN,1996,05,10,15.0,-999,-999
104067,BAGAZAN,1996,05,11,30.0,-999,-999
104067,BAGAZAN,1996,05,12,0.0,-999,-999
104067,BAGAZAN,1996,05,13,72.0,-999,-999
104067,BAGAZAN,1996,05,14,5.0,-999,-999
104067,BAGAZAN,1996,05,15,0.0,-999,-999
104067,BAGAZAN,1996,05,16,0.0,-999,-999
104067,BAGAZAN,1996,05,17,0.0,-999,-999
104067,BAGAZAN,1996,05,18,0.0,-999,-999
104067,BAGAZAN,1996,05,19,5.0,-999,-999
104067,BAGAZAN,1996,05,20,87.0,-999,-999
104067,BAGAZAN,1996,05,21,0.0,-999,-999
104067,BAGAZAN,1996,05,22,0.0,-999,-999
104067,BAGAZAN,1996,05,23,0.0,-999,-999
104067,BAGAZAN,1996,05,24,0.0,-999,-999
104067,BAGAZAN,1996,05,25,26.0,-999,-999
104067,BAGAZAN,1996,05,26,9.0,-999,-999
104067,BAGAZAN,1996,05,27,46.0,-999,-999
104067,BAGAZAN,1996,05,28,9.0,-999,-999
104067,BAGAZAN,1996,05,29,10.0,-999,-999
104067,BAGAZAN,1996,05,30,96.0,-999,-999
104067,BAGAZAN,1996,05,31,0.0,-999,-999
104067,BAGAZAN,1996,06,01,0.0,-999,-999
104067,BAGAZAN,1996,06,02,12.0,-999,-999
104067,BAGAZAN,1996,06,03,0.0,-999,-999
104067,BAGAZAN,1996,06,04,0.0,-999,-999
104067,BAGAZAN,1996,06,05,0.0,-999,-999
104067,BAGAZAN,1996,06,06,16.0,-999,-999
104067,BAGAZAN,1996,06,07,0.0,-999,-999
104067,BAGAZAN,1996,06,08,0.0,-999,-999
104067,BAGAZAN,1996,06,09,0.0,-999,-999
104067,BAGAZAN,1996,06,10,0.0,-999,-999
104067,BAGAZAN,1996,06,11,0.0,-999,-999
104067,BAGAZAN,1996,06,12,0.0,-999,-999
104067,BAGAZAN,1996,06,13,0.0,-999,-999
104067,BAGAZAN,1996,06,14,0.0,-999,-999
104067,BAGAZAN,1996,06,15,12.0,-999,-999
104067,BAGAZAN,1996,06,16,0.0,-999,-999
104067,BAGAZAN,1996,06,17,0.0,-999,-999
104067,BAGAZAN,1996,06,18,0.0,-999,-999
104067,BAGAZAN,1996,06,19,0.0,-999,-999
104067,BAGAZAN,1996,06,20,0.0,-999,-999
104067,BAGAZAN,1996,06,21,0.0,-999,-999
104067,BAGAZAN,1996,06,22,0.0,-999,-999
104067,BAGAZAN,1996,06,23,7.0,-999,-999
104067,BAGAZAN,1996,06,24,0.0,-999,-999
104067,BAGAZAN,1996,06,25,0.0,-999,-999
104067,BAGAZAN,1996,06,26,0.0,-999,-999
104067,BAGAZAN,1996,06,27,26.0,-999,-999
104067,BAGAZAN,1996,06,28,0.0,-999,-999
104067,BAGAZAN,1996,06,29,13.0,-999,-999
104067,BAGAZAN,1996,06,30,0.0,-999,-999
104067,BAGAZAN,1996,07,01,0.0,-999,-999
104067,BAGAZAN,1996,07,02,0.0,-999,-999
104067,BAGAZAN,1996,07,03,0.0,-999,-999
104067,BAGAZAN,1996,07,04,0.0,-999,-999
104067,BAGAZAN,1996,07,05,0.0,-999,-999
104067,BAGAZAN,1996,07,06,0.0,-999,-999
104067,BAGAZAN,1996,07,07,0.0,-999,-999
104067,BAGAZAN,1996,07,08,0.0,-999,-999
104067,BAGAZAN,1996,07,09,0.0,-999,-999
104067,BAGAZAN,1996,07,10,16.0,-999,-999
104067,BAGAZAN,1996,07,11,0.0,-999,-999
104067,BAGAZAN,1996,07,12,0.0,-999,-999
104067,BAGAZAN,1996,07,13,0.0,-999,-999
104067,BAGAZAN,1996,07,14,5.0,-999,-999
104067,BAGAZAN,1996,07,15,0.0,-999,-999
104067,BAGAZAN,1996,07,16,6.0,-999,-999
104067,BAGAZAN,1996,07,17,0.0,-999,-999
104067,BAGAZAN,1996,07,18,0.0,-999,-999
104067,BAGAZAN,1996,07,19,14.0,-999,-999
104067,BAGAZAN,1996,07,20,0.0,-999,-999
104067,BAGAZAN,1996,07,21,0.0,-999,-999
104067,BAGAZAN,1996,07,22,0.0,-999,-999
104067,BAGAZAN,1996,07,23,0.0,-999,-999
104067,BAGAZAN,1996,07,24,0.0,-999,-999
104067,BAGAZAN,1996,07,25,0.0,-999,-999
104067,BAGAZAN,1996,07,26,0.0,-999,-999
104067,BAGAZAN,1996,07,27,3.0,-999,-999
104067,BAGAZAN,1996,07,28,6.0,-999,-999
104067,BAGAZAN,1996,07,29,0.0,-999,-999
104067,BAGAZAN,1996,07,30,8.0,-999,-999
104067,BAGAZAN,1996,07,31,0.0,-999,-999
104067,BAGAZAN,1996,08,01,0.0,-999,-999
104067,BAGAZAN,1996,08,02,0.0,-999,-999
104067,BAGAZAN,1996,08,03,0.0,-999,-999
104067,BAGAZAN,1996,08,04,0.0,-999,-999
104067,BAGAZAN,1996,08,05,0.0,-999,-999
104067,BAGAZAN,1996,08,06,0.0,-999,-999
104067,BAGAZAN,1996,08,07,0.0,-999,-999
104067,BAGAZAN,1996,08,08,4.0,-999,-999
104067,BAGAZAN,1996,08,09,10.0,-999,-999
104067,BAGAZAN,1996,08,10,13.0,-999,-999
104067,BAGAZAN,1996,08,11,15.0,-999,-999
104067,BAGAZAN,1996,08,12,0.0,-999,-999
104067,BAGAZAN,1996,08,13,0.0,-999,-999
104067,BAGAZAN,1996,08,14,0.0,-999,-999
104067,BAGAZAN,1996,08,15,0.0,-999,-999
104067,BAGAZAN,1996,08,16,0.0,-999,-999
104067,BAGAZAN,1996,08,17,0.0,-999,-999
104067,BAGAZAN,1996,08,18,28.0,-999,-999
104067,BAGAZAN,1996,08,19,0.0,-999,-999
104067,BAGAZAN,1996,08,20,35.0,-999,-999
104067,BAGAZAN,1996,08,21,15.0,-999,-999
104067,BAGAZAN,1996,08,22,0.0,-999,-999
104067,BAGAZAN,1996,08,23,0.0,-999,-999
104067,BAGAZAN,1996,08,24,0.0,-999,-999
104067,BAGAZAN,1996,08,25,0.0,-999,-999
104067,BAGAZAN,1996,08,26,0.0,-999,-999
104067,BAGAZAN,1996,08,27,0.0,-999,-999
104067,BAGAZAN,1996,08,28,0.0,-999,-999
104067,BAGAZAN,1996,08,29,0.0,-999,-999
104067,BAGAZAN,1996,08,30,43.0,-999,-999
104067,BAGAZAN,1996,08,31,0.0,-999,-999
104067,BAGAZAN,1996,09,01,5.0,-999,-999
104067,BAGAZAN,1996,09,02,0.0,-999,-999
104067,BAGAZAN,1996,09,03,0.0,-999,-999
104067,BAGAZAN,1996,09,04,0.0,-999,-999
104067,BAGAZAN,1996,09,05,0.0,-999,-999
104067,BAGAZAN,1996,09,06,0.0,-999,-999
104067,BAGAZAN,1996,09,07,0.0,-999,-999
104067,BAGAZAN,1996,09,08,0.0,-999,-999
104067,BAGAZAN,1996,09,09,0.0,-999,-999
104067,BAGAZAN,1996,09,10,0.0,-999,-999
104067,BAGAZAN,1996,09,11,0.0,-999,-999
104067,BAGAZAN,1996,09,12,0.0,-999,-999
104067,BAGAZAN,1996,09,13,6.0,-999,-999
104067,BAGAZAN,1996,09,14,0.0,-999,-999
104067,BAGAZAN,1996,09,15,7.0,-999,-999
104067,BAGAZAN,1996,09,16,0.0,-999,-999
104067,BAGAZAN,1996,09,17,0.0,-999,-999
104067,BAGAZAN,1996,09,18,0.0,-999,-999
104067,BAGAZAN,1996,09,19,21.0,-999,-999
104067,BAGAZAN,1996,09,20,0.0,-999,-999
104067,BAGAZAN,1996,09,21,6.0,-999,-999
104067,BAGAZAN,1996,09,22,0.0,-999,-999
104067,BAGAZAN,1996,09,23,0.0,-999,-999
104067,BAGAZAN,1996,09,24,3.0,-999,-999
104067,BAGAZAN,1996,09,25,14.0,-999,-999
104067,BAGAZAN,1996,09,26,20.0,-999,-999
104067,BAGAZAN,1996,09,27,16.0,-999,-999
104067,BAGAZAN,1996,09,28,0.0,-999,-999
104067,BAGAZAN,1996,09,29,0.0,-999,-999
104067,BAGAZAN,1996,09,30,5.0,-999,-999
104067,BAGAZAN,1996,10,01,0.0,-999,-999
104067,BAGAZAN,1996,10,02,0.0,-999,-999
104067,BAGAZAN,1996,10,03,0.0,-999,-999
104067,BAGAZAN,1996,10,04,0.0,-999,-999
104067,BAGAZAN,1996,10,05,0.0,-999,-999
104067,BAGAZAN,1996,10,06,0.0,-999,-999
104067,BAGAZAN,1996,10,07,12.0,-999,-999
104067,BAGAZAN,1996,10,08,0.0,-999,-999
104067,BAGAZAN,1996,10,09,0.0,-999,-999
104067,BAGAZAN,1996,10,10,0.0,-999,-999
104067,BAGAZAN,1996,10,11,0.0,-999,-999
104067,BAGAZAN,1996,10,12,0.0,-999,-999
104067,BAGAZAN,1996,10,13,0.0,-999,-999
104067,BAGAZAN,1996,10,14,68.0,-999,-999
104067,BAGAZAN,1996,10,15,0.0,-999,-999
104067,BAGAZAN,1996,10,16,0.0,-999,-999
104067,BAGAZAN,1996,10,17,0.0,-999,-999
104067,BAGAZAN,1996,10,18,0.0,-999,-999
104067,BAGAZAN,1996,10,19,0.0,-999,-999
104067,BAGAZAN,1996,10,20,0.0,-999,-999
104067,BAGAZAN,1996,10,21,0.0,-999,-999
104067,BAGAZAN,1996,10,22,0.0,-999,-999
104067,BAGAZAN,1996,10,23,23.0,-999,-999
104067,BAGAZAN,1996,10,24,30.0,-999,-999
104067,BAGAZAN,1996,10,25,0.0,-999,-999
104067,BAGAZAN,1996,10,26,8.0,-999,-999
104067,BAGAZAN,1996,10,27,11.0,-999,-999
104067,BAGAZAN,1996,10,28,0.0,-999,-999
104067,BAGAZAN,1996,10,29,0.0,-999,-999
104067,BAGAZAN,1996,10,30,32.0,-999,-999
104067,BAGAZAN,1996,10,31,0.0,-999,-999
104067,BAGAZAN,1996,11,01,0.0,-999,-999
104067,BAGAZAN,1996,11,02,0.0,-999,-999
104067,BAGAZAN,1996,11,03,35.0,-999,-999
104067,BAGAZAN,1996,11,04,13.0,-999,-999
104067,BAGAZAN,1996,11,05,0.0,-999,-999
104067,BAGAZAN,1996,11,06,0.0,-999,-999
104067,BAGAZAN,1996,11,07,0.0,-999,-999
104067,BAGAZAN,1996,11,08,0.0,-999,-999
104067,BAGAZAN,1996,11,09,15.0,-999,-999
104067,BAGAZAN,1996,11,10,0.0,-999,-999
104067,BAGAZAN,1996,11,11,6.0,-999,-999
104067,BAGAZAN,1996,11,12,7.0,-999,-999
104067,BAGAZAN,1996,11,13,0.0,-999,-999
104067,BAGAZAN,1996,11,14,0.0,-999,-999
104067,BAGAZAN,1996,11,15,0.0,-999,-999
104067,BAGAZAN,1996,11,16,0.0,-999,-999
104067,BAGAZAN,1996,11,17,0.0,-999,-999
104067,BAGAZAN,1996,11,18,0.0,-999,-999
104067,BAGAZAN,1996,11,19,0.0,-999,-999
104067,BAGAZAN,1996,11,20,15.0,-999,-999
104067,BAGAZAN,1996,11,21,5.0,-999,-999
104067,BAGAZAN,1996,11,22,0.0,-999,-999
104067,BAGAZAN,1996,11,23,0.0,-999,-999
104067,BAGAZAN,1996,11,24,48.0,-999,-999
104067,BAGAZAN,1996,11,25,0.0,-999,-999
104067,BAGAZAN,1996,11,26,0.0,-999,-999
104067,BAGAZAN,1996,11,27,0.0,-999,-999
104067,BAGAZAN,1996,11,28,0.0,-999,-999
104067,BAGAZAN,1996,11,29,0.0,-999,-999
104067,BAGAZAN,1996,11,30,0.0,-999,-999
104067,BAGAZAN,1996,12,01,15.0,-999,-999
104067,BAGAZAN,1996,12,02,0.0,-999,-999
104067,BAGAZAN,1996,12,03,11.0,-999,-999
104067,BAGAZAN,1996,12,04,0.0,-999,-999
104067,BAGAZAN,1996,12,05,62.0,-999,-999
104067,BAGAZAN,1996,12,06,0.0,-999,-999
104067,BAGAZAN,1996,12,07,0.0,-999,-999
104067,BAGAZAN,1996,12,08,5.0,-999,-999
104067,BAGAZAN,1996,12,09,10.0,-999,-999
104067,BAGAZAN,1996,12,10,0.0,-999,-999
104067,BAGAZAN,1996,12,11,0.0,-999,-999
104067,BAGAZAN,1996,12,12,0.0,-999,-999
104067,BAGAZAN,1996,12,13,68.0,-999,-999
104067,BAGAZAN,1996,12,14,0.0,-999,-999
104067,BAGAZAN,1996,12,15,0.0,-999,-999
104067,BAGAZAN,1996,12,16,0.0,-999,-999
104067,BAGAZAN,1996,12,17,13.0,-999,-999
104067,BAGAZAN,1996,12,18,0.0,-999,-999
104067,BAGAZAN,1996,12,19,12.0,-999,-999
104067,BAGAZAN,1996,12,20,0.0,-999,-999
104067,BAGAZAN,1996,12,21,0.0,-999,-999
104067,BAGAZAN,1996,12,22,0.0,-999,-999
104067,BAGAZAN,1996,12,23,0.0,-999,-999
104067,BAGAZAN,1996,12,24,0.0,-999,-999
104067,BAGAZAN,1996,12,25,7.0,-999,-999
104067,BAGAZAN,1996,12,26,44.0,-999,-999
104067,BAGAZAN,1996,12,27,0.0,-999,-999
104067,BAGAZAN,1996,12,28,0.0,-999,-999
104067,BAGAZAN,1996,12,29,0.0,-999,-999
104067,BAGAZAN,1996,12,30,0.0,-999,-999
104067,BAGAZAN,1996,12,31,0.0,-999,-999
104067,BAGAZAN,1997,01,01,0.0,-999,-999
104067,BAGAZAN,1997,01,02,0.0,-999,-999
104067,BAGAZAN,1997,01,03,0.0,-999,-999
104067,BAGAZAN,1997,01,04,0.0,-999,-999
104067,BAGAZAN,1997,01,05,0.0,-999,-999
104067,BAGAZAN,1997,01,06,0.0,-999,-999
104067,BAGAZAN,1997,01,07,14.0,-999,-999
104067,BAGAZAN,1997,01,08,5.0,-999,-999
104067,BAGAZAN,1997,01,09,41.0,-999,-999
104067,BAGAZAN,1997,01,10,0.0,-999,-999
104067,BAGAZAN,1997,01,11,15.0,-999,-999
104067,BAGAZAN,1997,01,12,0.0,-999,-999
104067,BAGAZAN,1997,01,13,5.0,-999,-999
104067,BAGAZAN,1997,01,14,0.0,-999,-999
104067,BAGAZAN,1997,01,15,37.0,-999,-999
104067,BAGAZAN,1997,01,16,24.0,-999,-999
104067,BAGAZAN,1997,01,17,0.0,-999,-999
104067,BAGAZAN,1997,01,18,0.0,-999,-999
104067,BAGAZAN,1997,01,19,0.0,-999,-999
104067,BAGAZAN,1997,01,20,6.0,-999,-999
104067,BAGAZAN,1997,01,21,0.0,-999,-999
104067,BAGAZAN,1997,01,22,11.0,-999,-999
104067,BAGAZAN,1997,01,23,32.0,-999,-999
104067,BAGAZAN,1997,01,24,0.0,-999,-999
104067,BAGAZAN,1997,01,25,0.0,-999,-999
104067,BAGAZAN,1997,01,26,0.0,-999,-999
104067,BAGAZAN,1997,01,27,8.0,-999,-999
104067,BAGAZAN,1997,01,28,0.0,-999,-999
104067,BAGAZAN,1997,01,29,0.0,-999,-999
104067,BAGAZAN,1997,01,30,0.0,-999,-999
104067,BAGAZAN,1997,01,31,0.0,-999,-999
104067,BAGAZAN,1997,02,01,0.0,-999,-999
104067,BAGAZAN,1997,02,02,0.0,-999,-999
104067,BAGAZAN,1997,02,03,0.0,-999,-999
104067,BAGAZAN,1997,02,04,0.0,-999,-999
104067,BAGAZAN,1997,02,05,53.0,-999,-999
104067,BAGAZAN,1997,02,06,10.0,-999,-999
104067,BAGAZAN,1997,02,07,34.0,-999,-999
104067,BAGAZAN,1997,02,08,0.0,-999,-999
104067,BAGAZAN,1997,02,09,0.0,-999,-999
104067,BAGAZAN,1997,02,10,15.0,-999,-999
104067,BAGAZAN,1997,02,11,11.0,-999,-999
104067,BAGAZAN,1997,02,12,0.0,-999,-999
104067,BAGAZAN,1997,02,13,33.0,-999,-999
104067,BAGAZAN,1997,02,14,0.0,-999,-999
104067,BAGAZAN,1997,02,15,0.0,-999,-999
104067,BAGAZAN,1997,02,16,10.0,-999,-999
104067,BAGAZAN,1997,02,17,0.0,-999,-999
104067,BAGAZAN,1997,02,18,10.0,-999,-999
104067,BAGAZAN,1997,02,19,20.0,-999,-999
104067,BAGAZAN,1997,02,20,0.0,-999,-999
104067,BAGAZAN,1997,02,21,35.0,-999,-999
104067,BAGAZAN,1997,02,22,0.0,-999,-999
104067,BAGAZAN,1997,02,23,115.0,-999,-999
104067,BAGAZAN,1997,02,24,20.0,-999,-999
104067,BAGAZAN,1997,02,25,0.0,-999,-999
104067,BAGAZAN,1997,02,26,0.0,-999,-999
104067,BAGAZAN,1997,02,27,0.0,-999,-999
104067,BAGAZAN,1997,02,28,0.0,-999,-999
104067,BAGAZAN,1997,03,01,0.0,-999,-999
104067,BAGAZAN,1997,03,02,0.0,-999,-999
104067,BAGAZAN,1997,03,03,0.0,-999,-999
104067,BAGAZAN,1997,03,04,0.0,-999,-999
104067,BAGAZAN,1997,03,05,0.0,-999,-999
104067,BAGAZAN,1997,03,06,45.0,-999,-999
104067,BAGAZAN,1997,03,07,0.0,-999,-999
104067,BAGAZAN,1997,03,08,20.0,-999,-999
104067,BAGAZAN,1997,03,09,24.0,-999,-999
104067,BAGAZAN,1997,03,10,0.0,-999,-999
104067,BAGAZAN,1997,03,11,35.0,-999,-999
104067,BAGAZAN,1997,03,12,8.0,-999,-999
104067,BAGAZAN,1997,03,13,0.0,-999,-999
104067,BAGAZAN,1997,03,14,50.0,-999,-999
104067,BAGAZAN,1997,03,15,0.0,-999,-999
104067,BAGAZAN,1997,03,16,0.0,-999,-999
104067,BAGAZAN,1997,03,17,0.0,-999,-999
104067,BAGAZAN,1997,03,18,0.0,-999,-999
104067,BAGAZAN,1997,03,19,20.0,-999,-999
104067,BAGAZAN,1997,03,20,0.0,-999,-999
104067,BAGAZAN,1997,03,21,0.0,-999,-999
104067,BAGAZAN,1997,03,22,0.0,-999,-999
104067,BAGAZAN,1997,03,23,0.0,-999,-999
104067,BAGAZAN,1997,03,24,0.0,-999,-999
104067,BAGAZAN,1997,03,25,0.0,-999,-999
104067,BAGAZAN,1997,03,26,17.0,-999,-999
104067,BAGAZAN,1997,03,27,0.0,-999,-999
104067,BAGAZAN,1997,03,28,0.0,-999,-999
104067,BAGAZAN,1997,03,29,12.0,-999,-999
104067,BAGAZAN,1997,03,30,10.0,-999,-999
104067,BAGAZAN,1997,03,31,0.0,-999,-999
104067,BAGAZAN,1997,04,01,0.0,-999,-999
104067,BAGAZAN,1997,04,02,0.0,-999,-999
104067,BAGAZAN,1997,04,03,0.0,-999,-999
104067,BAGAZAN,1997,04,04,0.0,-999,-999
104067,BAGAZAN,1997,04,05,0.0,-999,-999
104067,BAGAZAN,1997,04,06,0.0,-999,-999
104067,BAGAZAN,1997,04,07,25.0,-999,-999
104067,BAGAZAN,1997,04,08,5.0,-999,-999
104067,BAGAZAN,1997,04,09,0.0,-999,-999
104067,BAGAZAN,1997,04,10,70.0,-999,-999
104067,BAGAZAN,1997,04,11,0.0,-999,-999
104067,BAGAZAN,1997,04,12,8.0,-999,-999
104067,BAGAZAN,1997,04,13,10.0,-999,-999
104067,BAGAZAN,1997,04,14,0.0,-999,-999
104067,BAGAZAN,1997,04,15,0.0,-999,-999
104067,BAGAZAN,1997,04,16,0.0,-999,-999
104067,BAGAZAN,1997,04,17,0.0,-999,-999
104067,BAGAZAN,1997,04,18,0.0,-999,-999
104067,BAGAZAN,1997,04,19,0.0,-999,-999
104067,BAGAZAN,1997,04,20,0.0,-999,-999
104067,BAGAZAN,1997,04,21,0.0,-999,-999
104067,BAGAZAN,1997,04,22,0.0,-999,-999
104067,BAGAZAN,1997,04,23,0.0,-999,-999
104067,BAGAZAN,1997,04,24,0.0,-999,-999
104067,BAGAZAN,1997,04,25,15.0,-999,-999
104067,BAGAZAN,1997,04,26,0.0,-999,-999
104067,BAGAZAN,1997,04,27,0.0,-999,-999
104067,BAGAZAN,1997,04,28,65.0,-999,-999
104067,BAGAZAN,1997,04,29,0.0,-999,-999
104067,BAGAZAN,1997,04,30,0.0,-999,-999
104067,BAGAZAN,1997,05,01,7.0,-999,-999
104067,BAGAZAN,1997,05,02,0.0,-999,-999
104067,BAGAZAN,1997,05,03,39.0,-999,-999
104067,BAGAZAN,1997,05,04,14.0,-999,-999
104067,BAGAZAN,1997,05,05,30.0,-999,-999
104067,BAGAZAN,1997,05,06,35.0,-999,-999
104067,BAGAZAN,1997,05,07,20.0,-999,-999
104067,BAGAZAN,1997,05,08,16.0,-999,-999
104067,BAGAZAN,1997,05,09,0.0,-999,-999
104067,BAGAZAN,1997,05,10,0.0,-999,-999
104067,BAGAZAN,1997,05,11,0.0,-999,-999
104067,BAGAZAN,1997,05,12,0.0,-999,-999
104067,BAGAZAN,1997,05,13,12.0,-999,-999
104067,BAGAZAN,1997,05,14,10.0,-999,-999
104067,BAGAZAN,1997,05,15,0.0,-999,-999
104067,BAGAZAN,1997,05,16,34.0,-999,-999
104067,BAGAZAN,1997,05,17,0.0,-999,-999
104067,BAGAZAN,1997,05,18,32.0,-999,-999
104067,BAGAZAN,1997,05,19,58.0,-999,-999
104067,BAGAZAN,1997,05,20,0.0,-999,-999
104067,BAGAZAN,1997,05,21,0.0,-999,-999
104067,BAGAZAN,1997,05,22,45.0,-999,-999
104067,BAGAZAN,1997,05,23,0.0,-999,-999
104067,BAGAZAN,1997,05,24,0.0,-999,-999
104067,BAGAZAN,1997,05,25,0.0,-999,-999
104067,BAGAZAN,1997,05,26,0.0,-999,-999
104067,BAGAZAN,1997,05,27,0.0,-999,-999
104067,BAGAZAN,1997,05,28,0.0,-999,-999
104067,BAGAZAN,1997,05,29,10.0,-999,-999
104067,BAGAZAN,1997,05,30,0.0,-999,-999
104067,BAGAZAN,1997,05,31,0.0,-999,-999
104067,BAGAZAN,1997,06,01,0.0,-999,-999
104067,BAGAZAN,1997,06,02,0.0,-999,-999
104067,BAGAZAN,1997,06,03,0.0,-999,-999
104067,BAGAZAN,1997,06,04,0.0,-999,-999
104067,BAGAZAN,1997,06,05,0.0,-999,-999
104067,BAGAZAN,1997,06,06,0.0,-999,-999
104067,BAGAZAN,1997,06,07,0.0,-999,-999
104067,BAGAZAN,1997,06,08,0.0,-999,-999
104067,BAGAZAN,1997,06,09,0.0,-999,-999
104067,BAGAZAN,1997,06,10,32.0,-999,-999
104067,BAGAZAN,1997,06,11,0.0,-999,-999
104067,BAGAZAN,1997,06,12,5.0,-999,-999
104067,BAGAZAN,1997,06,13,0.0,-999,-999
104067,BAGAZAN,1997,06,14,8.0,-999,-999
104067,BAGAZAN,1997,06,15,0.0,-999,-999
104067,BAGAZAN,1997,06,16,0.0,-999,-999
104067,BAGAZAN,1997,06,17,15.0,-999,-999
104067,BAGAZAN,1997,06,18,0.0,-999,-999
104067,BAGAZAN,1997,06,19,0.0,-999,-999
104067,BAGAZAN,1997,06,20,0.0,-999,-999
104067,BAGAZAN,1997,06,21,0.0,-999,-999
104067,BAGAZAN,1997,06,22,0.0,-999,-999
104067,BAGAZAN,1997,06,23,0.0,-999,-999
104067,BAGAZAN,1997,06,24,0.0,-999,-999
104067,BAGAZAN,1997,06,25,0.0,-999,-999
104067,BAGAZAN,1997,06,26,0.0,-999,-999
104067,BAGAZAN,1997,06,27,0.0,-999,-999
104067,BAGAZAN,1997,06,28,20.0,-999,-999
104067,BAGAZAN,1997,06,29,15.0,-999,-999
104067,BAGAZAN,1997,06,30,0.0,-999,-999
104067,BAGAZAN,1997,07,01,0.0,-999,-999
104067,BAGAZAN,1997,07,02,0.0,-999,-999
104067,BAGAZAN,1997,07,03,0.0,-999,-999
104067,BAGAZAN,1997,07,04,0.0,-999,-999
104067,BAGAZAN,1997,07,05,0.0,-999,-999
104067,BAGAZAN,1997,07,06,0.0,-999,-999
104067,BAGAZAN,1997,07,07,0.0,-999,-999
104067,BAGAZAN,1997,07,08,0.0,-999,-999
104067,BAGAZAN,1997,07,09,0.0,-999,-999
104067,BAGAZAN,1997,07,10,0.0,-999,-999
104067,BAGAZAN,1997,07,11,0.0,-999,-999
104067,BAGAZAN,1997,07,12,10.0,-999,-999
104067,BAGAZAN,1997,07,13,5.0,-999,-999
104067,BAGAZAN,1997,07,14,0.0,-999,-999
104067,BAGAZAN,1997,07,15,0.0,-999,-999
104067,BAGAZAN,1997,07,16,0.0,-999,-999
104067,BAGAZAN,1997,07,17,0.0,-999,-999
104067,BAGAZAN,1997,07,18,12.0,-999,-999
104067,BAGAZAN,1997,07,19,15.0,-999,-999
104067,BAGAZAN,1997,07,20,8.0,-999,-999
104067,BAGAZAN,1997,07,21,0.0,-999,-999
104067,BAGAZAN,1997,07,22,0.0,-999,-999
104067,BAGAZAN,1997,07,23,0.0,-999,-999
104067,BAGAZAN,1997,07,24,0.0,-999,-999
104067,BAGAZAN,1997,07,25,0.0,-999,-999
104067,BAGAZAN,1997,07,26,0.0,-999,-999
104067,BAGAZAN,1997,07,27,0.0,-999,-999
104067,BAGAZAN,1997,07,28,0.0,-999,-999
104067,BAGAZAN,1997,07,29,0.0,-999,-999
104067,BAGAZAN,1997,07,30,10.0,-999,-999
104067,BAGAZAN,1997,07,31,0.0,-999,-999
104067,BAGAZAN,1997,08,01,0.0,-999,-999
104067,BAGAZAN,1997,08,02,0.0,-999,-999
104067,BAGAZAN,1997,08,03,0.0,-999,-999
104067,BAGAZAN,1997,08,04,10.0,-999,-999
104067,BAGAZAN,1997,08,05,13.0,-999,-999
104067,BAGAZAN,1997,08,06,0.0,-999,-999
104067,BAGAZAN,1997,08,07,0.0,-999,-999
104067,BAGAZAN,1997,08,08,0.0,-999,-999
104067,BAGAZAN,1997,08,09,0.0,-999,-999
104067,BAGAZAN,1997,08,10,0.0,-999,-999
104067,BAGAZAN,1997,08,11,0.0,-999,-999
104067,BAGAZAN,1997,08,12,0.0,-999,-999
104067,BAGAZAN,1997,08,13,6.0,-999,-999
104067,BAGAZAN,1997,08,14,0.0,-999,-999
104067,BAGAZAN,1997,08,15,0.0,-999,-999
104067,BAGAZAN,1997,08,16,0.0,-999,-999
104067,BAGAZAN,1997,08,17,8.0,-999,-999
104067,BAGAZAN,1997,08,18,17.0,-999,-999
104067,BAGAZAN,1997,08,19,0.0,-999,-999
104067,BAGAZAN,1997,08,20,6.0,-999,-999
104067,BAGAZAN,1997,08,21,0.0,-999,-999
104067,BAGAZAN,1997,08,22,0.0,-999,-999
104067,BAGAZAN,1997,08,23,0.0,-999,-999
104067,BAGAZAN,1997,08,24,0.0,-999,-999
104067,BAGAZAN,1997,08,25,5.0,-999,-999
104067,BAGAZAN,1997,08,26,20.0,-999,-999
104067,BAGAZAN,1997,08,27,24.0,-999,-999
104067,BAGAZAN,1997,08,28,0.0,-999,-999
104067,BAGAZAN,1997,08,29,0.0,-999,-999
104067,BAGAZAN,1997,08,30,0.0,-999,-999
104067,BAGAZAN,1997,08,31,0.0,-999,-999
104067,BAGAZAN,1997,09,01,20.0,-999,-999
104067,BAGAZAN,1997,09,02,0.0,-999,-999
104067,BAGAZAN,1997,09,03,0.0,-999,-999
104067,BAGAZAN,1997,09,04,0.0,-999,-999
104067,BAGAZAN,1997,09,05,22.0,-999,-999
104067,BAGAZAN,1997,09,06,0.0,-999,-999
104067,BAGAZAN,1997,09,07,0.0,-999,-999
104067,BAGAZAN,1997,09,08,0.0,-999,-999
104067,BAGAZAN,1997,09,09,0.0,-999,-999
104067,BAGAZAN,1997,09,10,0.0,-999,-999
104067,BAGAZAN,1997,09,11,18.0,-999,-999
104067,BAGAZAN,1997,09,12,0.0,-999,-999
104067,BAGAZAN,1997,09,13,29.0,-999,-999
104067,BAGAZAN,1997,09,14,0.0,-999,-999
104067,BAGAZAN,1997,09,15,0.0,-999,-999
104067,BAGAZAN,1997,09,16,0.0,-999,-999
104067,BAGAZAN,1997,09,17,0.0,-999,-999
104067,BAGAZAN,1997,09,18,0.0,-999,-999
104067,BAGAZAN,1997,09,19,0.0,-999,-999
104067,BAGAZAN,1997,09,20,20.0,-999,-999
104067,BAGAZAN,1997,09,21,0.0,-999,-999
104067,BAGAZAN,1997,09,22,0.0,-999,-999
104067,BAGAZAN,1997,09,23,0.0,-999,-999
104067,BAGAZAN,1997,09,24,0.0,-999,-999
104067,BAGAZAN,1997,09,25,25.0,-999,-999
104067,BAGAZAN,1997,09,26,19.0,-999,-999
104067,BAGAZAN,1997,09,27,0.0,-999,-999
104067,BAGAZAN,1997,09,28,0.0,-999,-999
104067,BAGAZAN,1997,09,29,0.0,-999,-999
104067,BAGAZAN,1997,09,30,0.0,-999,-999
104067,BAGAZAN,1997,10,01,0.0,-999,-999
104067,BAGAZAN,1997,10,02,0.0,-999,-999
104067,BAGAZAN,1997,10,03,0.0,-999,-999
104067,BAGAZAN,1997,10,04,0.0,-999,-999
104067,BAGAZAN,1997,10,05,0.0,-999,-999
104067,BAGAZAN,1997,10,06,0.0,-999,-999
104067,BAGAZAN,1997,10,07,20.0,-999,-999
104067,BAGAZAN,1997,10,08,0.0,-999,-999
104067,BAGAZAN,1997,10,09,0.0,-999,-999
104067,BAGAZAN,1997,10,10,0.0,-999,-999
104067,BAGAZAN,1997,10,11,0.0,-999,-999
104067,BAGAZAN,1997,10,12,11.0,-999,-999
104067,BAGAZAN,1997,10,13,0.0,-999,-999
104067,BAGAZAN,1997,10,14,0.0,-999,-999
104067,BAGAZAN,1997,10,15,0.0,-999,-999
104067,BAGAZAN,1997,10,16,0.0,-999,-999
104067,BAGAZAN,1997,10,17,0.0,-999,-999
104067,BAGAZAN,1997,10,18,28.0,-999,-999
104067,BAGAZAN,1997,10,19,19.0,-999,-999
104067,BAGAZAN,1997,10,20,0.0,-999,-999
104067,BAGAZAN,1997,10,21,0.0,-999,-999
104067,BAGAZAN,1997,10,22,0.0,-999,-999
104067,BAGAZAN,1997,10,23,10.0,-999,-999
104067,BAGAZAN,1997,10,24,0.0,-999,-999
104067,BAGAZAN,1997,10,25,10.0,-999,-999
104067,BAGAZAN,1997,10,26,35.0,-999,-999
104067,BAGAZAN,1997,10,27,0.0,-999,-999
104067,BAGAZAN,1997,10,28,0.0,-999,-999
104067,BAGAZAN,1997,10,29,0.0,-999,-999
104067,BAGAZAN,1997,10,30,7.0,-999,-999
104067,BAGAZAN,1997,10,31,10.0,-999,-999
104067,BAGAZAN,1997,11,01,12.0,-999,-999
104067,BAGAZAN,1997,11,02,0.0,-999,-999
104067,BAGAZAN,1997,11,03,100.0,-999,-999
104067,BAGAZAN,1997,11,04,0.0,-999,-999
104067,BAGAZAN,1997,11,05,15.0,-999,-999
104067,BAGAZAN,1997,11,06,0.0,-999,-999
104067,BAGAZAN,1997,11,07,0.0,-999,-999
104067,BAGAZAN,1997,11,08,0.0,-999,-999
104067,BAGAZAN,1997,11,09,0.0,-999,-999
104067,BAGAZAN,1997,11,10,0.0,-999,-999
104067,BAGAZAN,1997,11,11,0.0,-999,-999
104067,BAGAZAN,1997,11,12,0.0,-999,-999
104067,BAGAZAN,1997,11,13,0.0,-999,-999
104067,BAGAZAN,1997,11,14,0.0,-999,-999
104067,BAGAZAN,1997,11,15,0.0,-999,-999
104067,BAGAZAN,1997,11,16,0.0,-999,-999
104067,BAGAZAN,1997,11,17,18.0,-999,-999
104067,BAGAZAN,1997,11,18,14.0,-999,-999
104067,BAGAZAN,1997,11,19,0.0,-999,-999
104067,BAGAZAN,1997,11,20,24.0,-999,-999
104067,BAGAZAN,1997,11,21,0.0,-999,-999
104067,BAGAZAN,1997,11,22,28.0,-999,-999
104067,BAGAZAN,1997,11,23,30.0,-999,-999
104067,BAGAZAN,1997,11,24,0.0,-999,-999
104067,BAGAZAN,1997,11,25,0.0,-999,-999
104067,BAGAZAN,1997,11,26,0.0,-999,-999
104067,BAGAZAN,1997,11,27,6.0,-999,-999
104067,BAGAZAN,1997,11,28,8.0,-999,-999
104067,BAGAZAN,1997,11,29,0.0,-999,-999
104067,BAGAZAN,1997,11,30,24.0,-999,-999
104067,BAGAZAN,1997,12,01,0.0,-999,-999
104067,BAGAZAN,1997,12,02,30.0,-999,-999
104067,BAGAZAN,1997,12,03,0.0,-999,-999
104067,BAGAZAN,1997,12,04,0.0,-999,-999
104067,BAGAZAN,1997,12,05,0.0,-999,-999
104067,BAGAZAN,1997,12,06,66.0,-999,-999
104067,BAGAZAN,1997,12,07,0.0,-999,-999
104067,BAGAZAN,1997,12,08,30.0,-999,-999
104067,BAGAZAN,1997,12,09,31.0,-999,-999
104067,BAGAZAN,1997,12,10,0.0,-999,-999
104067,BAGAZAN,1997,12,11,0.0,-999,-999
104067,BAGAZAN,1997,12,12,0.0,-999,-999
104067,BAGAZAN,1997,12,13,0.0,-999,-999
104067,BAGAZAN,1997,12,14,5.0,-999,-999
104067,BAGAZAN,1997,12,15,0.0,-999,-999
104067,BAGAZAN,1997,12,16,8.0,-999,-999
104067,BAGAZAN,1997,12,17,0.0,-999,-999
104067,BAGAZAN,1997,12,18,9.0,-999,-999
104067,BAGAZAN,1997,12,19,0.0,-999,-999
104067,BAGAZAN,1997,12,20,0.0,-999,-999
104067,BAGAZAN,1997,12,21,19.0,-999,-999
104067,BAGAZAN,1997,12,22,0.0,-999,-999
104067,BAGAZAN,1997,12,23,17.0,-999,-999
104067,BAGAZAN,1997,12,24,48.0,-999,-999
104067,BAGAZAN,1997,12,25,0.0,-999,-999
104067,BAGAZAN,1997,12,26,8.0,-999,-999
104067,BAGAZAN,1997,12,27,0.0,-999,-999
104067,BAGAZAN,1997,12,28,36.0,-999,-999
104067,BAGAZAN,1997,12,29,5.0,-999,-999
104067,BAGAZAN,1997,12,30,10.0,-999,-999
104067,BAGAZAN,1997,12,31,12.0,-999,-999
104067,BAGAZAN,1998,01,01,0.0,-999,-999
104067,BAGAZAN,1998,01,02,24.0,-999,-999
104067,BAGAZAN,1998,01,03,0.0,-999,-999
104067,BAGAZAN,1998,01,04,0.0,-999,-999
104067,BAGAZAN,1998,01,05,11.0,-999,-999
104067,BAGAZAN,1998,01,06,0.0,-999,-999
104067,BAGAZAN,1998,01,07,0.0,-999,-999
104067,BAGAZAN,1998,01,08,0.0,-999,-999
104067,BAGAZAN,1998,01,09,0.0,-999,-999
104067,BAGAZAN,1998,01,10,0.0,-999,-999
104067,BAGAZAN,1998,01,11,0.0,-999,-999
104067,BAGAZAN,1998,01,12,30.0,-999,-999
104067,BAGAZAN,1998,01,13,36.0,-999,-999
104067,BAGAZAN,1998,01,14,30.0,-999,-999
104067,BAGAZAN,1998,01,15,6.0,-999,-999
104067,BAGAZAN,1998,01,16,12.0,-999,-999
104067,BAGAZAN,1998,01,17,0.0,-999,-999
104067,BAGAZAN,1998,01,18,0.0,-999,-999
104067,BAGAZAN,1998,01,19,0.0,-999,-999
104067,BAGAZAN,1998,01,20,0.0,-999,-999
104067,BAGAZAN,1998,01,21,0.0,-999,-999
104067,BAGAZAN,1998,01,22,0.0,-999,-999
104067,BAGAZAN,1998,01,23,0.0,-999,-999
104067,BAGAZAN,1998,01,24,5.0,-999,-999
104067,BAGAZAN,1998,01,25,0.0,-999,-999
104067,BAGAZAN,1998,01,26,0.0,-999,-999
104067,BAGAZAN,1998,01,27,0.0,-999,-999
104067,BAGAZAN,1998,01,28,14.0,-999,-999
104067,BAGAZAN,1998,01,29,8.0,-999,-999
104067,BAGAZAN,1998,01,30,0.0,-999,-999
104067,BAGAZAN,1998,01,31,0.0,-999,-999
104067,BAGAZAN,1998,02,01,0.0,-999,-999
104067,BAGAZAN,1998,02,02,30.0,-999,-999
104067,BAGAZAN,1998,02,03,0.0,-999,-999
104067,BAGAZAN,1998,02,04,0.0,-999,-999
104067,BAGAZAN,1998,02,05,0.0,-999,-999
104067,BAGAZAN,1998,02,06,0.0,-999,-999
104067,BAGAZAN,1998,02,07,0.0,-999,-999
104067,BAGAZAN,1998,02,08,10.0,-999,-999
104067,BAGAZAN,1998,02,09,20.0,-999,-999
104067,BAGAZAN,1998,02,10,25.0,-999,-999
104067,BAGAZAN,1998,02,11,0.0,-999,-999
104067,BAGAZAN,1998,02,12,0.0,-999,-999
104067,BAGAZAN,1998,02,13,0.0,-999,-999
104067,BAGAZAN,1998,02,14,0.0,-999,-999
104067,BAGAZAN,1998,02,15,10.0,-999,-999
104067,BAGAZAN,1998,02,16,25.0,-999,-999
104067,BAGAZAN,1998,02,17,15.0,-999,-999
104067,BAGAZAN,1998,02,18,12.0,-999,-999
104067,BAGAZAN,1998,02,19,35.0,-999,-999
104067,BAGAZAN,1998,02,20,16.0,-999,-999
104067,BAGAZAN,1998,02,21,0.0,-999,-999
104067,BAGAZAN,1998,02,22,0.0,-999,-999
104067,BAGAZAN,1998,02,23,8.0,-999,-999
104067,BAGAZAN,1998,02,24,8.0,-999,-999
104067,BAGAZAN,1998,02,25,0.0,-999,-999
104067,BAGAZAN,1998,02,26,20.0,-999,-999
104067,BAGAZAN,1998,02,27,0.0,-999,-999
104067,BAGAZAN,1998,02,28,12.0,-999,-999
104067,BAGAZAN,1998,03,01,0.0,-999,-999
104067,BAGAZAN,1998,03,02,25.0,-999,-999
104067,BAGAZAN,1998,03,03,48.0,-999,-999
104067,BAGAZAN,1998,03,04,100.0,-999,-999
104067,BAGAZAN,1998,03,05,0.0,-999,-999
104067,BAGAZAN,1998,03,06,0.0,-999,-999
104067,BAGAZAN,1998,03,07,0.0,-999,-999
104067,BAGAZAN,1998,03,08,0.0,-999,-999
104067,BAGAZAN,1998,03,09,0.0,-999,-999
104067,BAGAZAN,1998,03,10,0.0,-999,-999
104067,BAGAZAN,1998,03,11,0.0,-999,-999
104067,BAGAZAN,1998,03,12,52.0,-999,-999
104067,BAGAZAN,1998,03,13,0.0,-999,-999
104067,BAGAZAN,1998,03,14,0.0,-999,-999
104067,BAGAZAN,1998,03,15,0.0,-999,-999
104067,BAGAZAN,1998,03,16,4.0,-999,-999
104067,BAGAZAN,1998,03,17,22.0,-999,-999
104067,BAGAZAN,1998,03,18,23.0,-999,-999
104067,BAGAZAN,1998,03,19,0.0,-999,-999
104067,BAGAZAN,1998,03,20,0.0,-999,-999
104067,BAGAZAN,1998,03,21,0.0,-999,-999
104067,BAGAZAN,1998,03,22,0.0,-999,-999
104067,BAGAZAN,1998,03,23,0.0,-999,-999
104067,BAGAZAN,1998,03,24,0.0,-999,-999
104067,BAGAZAN,1998,03,25,0.0,-999,-999
104067,BAGAZAN,1998,03,26,0.0,-999,-999
104067,BAGAZAN,1998,03,27,13.0,-999,-999
104067,BAGAZAN,1998,03,28,17.0,-999,-999
104067,BAGAZAN,1998,03,29,0.0,-999,-999
104067,BAGAZAN,1998,03,30,0.0,-999,-999
104067,BAGAZAN,1998,03,31,0.0,-999,-999
104067,BAGAZAN,1998,04,01,0.0,-999,-999
104067,BAGAZAN,1998,04,02,47.0,-999,-999
104067,BAGAZAN,1998,04,03,90.0,-999,-999
104067,BAGAZAN,1998,04,04,0.0,-999,-999
104067,BAGAZAN,1998,04,05,0.0,-999,-999
104067,BAGAZAN,1998,04,06,0.0,-999,-999
104067,BAGAZAN,1998,04,07,25.0,-999,-999
104067,BAGAZAN,1998,04,08,14.0,-999,-999
104067,BAGAZAN,1998,04,09,0.0,-999,-999
104067,BAGAZAN,1998,04,10,0.0,-999,-999
104067,BAGAZAN,1998,04,11,5.0,-999,-999
104067,BAGAZAN,1998,04,12,0.0,-999,-999
104067,BAGAZAN,1998,04,13,0.0,-999,-999
104067,BAGAZAN,1998,04,14,0.0,-999,-999
104067,BAGAZAN,1998,04,15,0.0,-999,-999
104067,BAGAZAN,1998,04,16,0.0,-999,-999
104067,BAGAZAN,1998,04,17,22.0,-999,-999
104067,BAGAZAN,1998,04,18,0.0,-999,-999
104067,BAGAZAN,1998,04,19,5.0,-999,-999
104067,BAGAZAN,1998,04,20,0.0,-999,-999
104067,BAGAZAN,1998,04,21,0.0,-999,-999
104067,BAGAZAN,1998,04,22,0.0,-999,-999
104067,BAGAZAN,1998,04,23,12.0,-999,-999
104067,BAGAZAN,1998,04,24,0.0,-999,-999
104067,BAGAZAN,1998,04,25,0.0,-999,-999
104067,BAGAZAN,1998,04,26,0.0,-999,-999
104067,BAGAZAN,1998,04,27,0.0,-999,-999
104067,BAGAZAN,1998,04,28,0.0,-999,-999
104067,BAGAZAN,1998,04,29,50.0,-999,-999
104067,BAGAZAN,1998,04,30,0.0,-999,-999
104067,BAGAZAN,1998,05,01,0.0,-999,-999
104067,BAGAZAN,1998,05,02,15.0,-999,-999
104067,BAGAZAN,1998,05,03,15.0,-999,-999
104067,BAGAZAN,1998,05,04,0.0,-999,-999
104067,BAGAZAN,1998,05,05,0.0,-999,-999
104067,BAGAZAN,1998,05,06,0.0,-999,-999
104067,BAGAZAN,1998,05,07,0.0,-999,-999
104067,BAGAZAN,1998,05,08,14.0,-999,-999
104067,BAGAZAN,1998,05,09,0.0,-999,-999
104067,BAGAZAN,1998,05,10,0.0,-999,-999
104067,BAGAZAN,1998,05,11,0.0,-999,-999
104067,BAGAZAN,1998,05,12,5.0,-999,-999
104067,BAGAZAN,1998,05,13,0.0,-999,-999
104067,BAGAZAN,1998,05,14,16.0,-999,-999
104067,BAGAZAN,1998,05,15,0.0,-999,-999
104067,BAGAZAN,1998,05,16,0.0,-999,-999
104067,BAGAZAN,1998,05,17,0.0,-999,-999
104067,BAGAZAN,1998,05,18,0.0,-999,-999
104067,BAGAZAN,1998,05,19,0.0,-999,-999
104067,BAGAZAN,1998,05,20,0.0,-999,-999
104067,BAGAZAN,1998,05,21,0.0,-999,-999
104067,BAGAZAN,1998,05,22,0.0,-999,-999
104067,BAGAZAN,1998,05,23,0.0,-999,-999
104067,BAGAZAN,1998,05,24,16.0,-999,-999
104067,BAGAZAN,1998,05,25,0.0,-999,-999
104067,BAGAZAN,1998,05,26,42.0,-999,-999
104067,BAGAZAN,1998,05,27,0.0,-999,-999
104067,BAGAZAN,1998,05,28,0.0,-999,-999
104067,BAGAZAN,1998,05,29,0.0,-999,-999
104067,BAGAZAN,1998,05,30,0.0,-999,-999
104067,BAGAZAN,1998,05,31,0.0,-999,-999
104067,BAGAZAN,1998,06,01,0.0,-999,-999
104067,BAGAZAN,1998,06,02,0.0,-999,-999
104067,BAGAZAN,1998,06,03,0.0,-999,-999
104067,BAGAZAN,1998,06,04,0.0,-999,-999
104067,BAGAZAN,1998,06,05,5.0,-999,-999
104067,BAGAZAN,1998,06,06,39.0,-999,-999
104067,BAGAZAN,1998,06,07,0.0,-999,-999
104067,BAGAZAN,1998,06,08,0.0,-999,-999
104067,BAGAZAN,1998,06,09,0.0,-999,-999
104067,BAGAZAN,1998,06,10,10.0,-999,-999
104067,BAGAZAN,1998,06,11,19.0,-999,-999
104067,BAGAZAN,1998,06,12,45.0,-999,-999
104067,BAGAZAN,1998,06,13,0.0,-999,-999
104067,BAGAZAN,1998,06,14,0.0,-999,-999
104067,BAGAZAN,1998,06,15,0.0,-999,-999
104067,BAGAZAN,1998,06,16,0.0,-999,-999
104067,BAGAZAN,1998,06,17,12.0,-999,-999
104067,BAGAZAN,1998,06,18,0.0,-999,-999
104067,BAGAZAN,1998,06,19,6.0,-999,-999
104067,BAGAZAN,1998,06,20,12.0,-999,-999
104067,BAGAZAN,1998,06,21,26.0,-999,-999
104067,BAGAZAN,1998,06,22,0.0,-999,-999
104067,BAGAZAN,1998,06,23,0.0,-999,-999
104067,BAGAZAN,1998,06,24,0.0,-999,-999
104067,BAGAZAN,1998,06,25,0.0,-999,-999
104067,BAGAZAN,1998,06,26,0.0,-999,-999
104067,BAGAZAN,1998,06,27,0.0,-999,-999
104067,BAGAZAN,1998,06,28,5.0,-999,-999
104067,BAGAZAN,1998,06,29,10.0,-999,-999
104067,BAGAZAN,1998,06,30,0.0,-999,-999
104067,BAGAZAN,1998,07,01,10.0,-999,-999
104067,BAGAZAN,1998,07,02,0.0,-999,-999
104067,BAGAZAN,1998,07,03,0.0,-999,-999
104067,BAGAZAN,1998,07,04,0.0,-999,-999
104067,BAGAZAN,1998,07,05,12.0,-999,-999
104067,BAGAZAN,1998,07,06,0.0,-999,-999
104067,BAGAZAN,1998,07,07,0.0,-999,-999
104067,BAGAZAN,1998,07,08,8.0,-999,-999
104067,BAGAZAN,1998,07,09,57.0,-999,-999
104067,BAGAZAN,1998,07,10,0.0,-999,-999
104067,BAGAZAN,1998,07,11,0.0,-999,-999
104067,BAGAZAN,1998,07,12,0.0,-999,-999
104067,BAGAZAN,1998,07,13,9.0,-999,-999
104067,BAGAZAN,1998,07,14,0.0,-999,-999
104067,BAGAZAN,1998,07,15,20.0,-999,-999
104067,BAGAZAN,1998,07,16,23.0,-999,-999
104067,BAGAZAN,1998,07,17,0.0,-999,-999
104067,BAGAZAN,1998,07,18,0.0,-999,-999
104067,BAGAZAN,1998,07,19,5.0,-999,-999
104067,BAGAZAN,1998,07,20,0.0,-999,-999
104067,BAGAZAN,1998,07,21,0.0,-999,-999
104067,BAGAZAN,1998,07,22,7.0,-999,-999
104067,BAGAZAN,1998,07,23,0.0,-999,-999
104067,BAGAZAN,1998,07,24,0.0,-999,-999
104067,BAGAZAN,1998,07,25,5.0,-999,-999
104067,BAGAZAN,1998,07,26,0.0,-999,-999
104067,BAGAZAN,1998,07,27,0.0,-999,-999
104067,BAGAZAN,1998,07,28,0.0,-999,-999
104067,BAGAZAN,1998,07,29,0.0,-999,-999
104067,BAGAZAN,1998,07,30,0.0,-999,-999
104067,BAGAZAN,1998,07,31,0.0,-999,-999
104067,BAGAZAN,1998,08,01,0.0,-999,-999
104067,BAGAZAN,1998,08,02,0.0,-999,-999
104067,BAGAZAN,1998,08,03,0.0,-999,-999
104067,BAGAZAN,1998,08,04,0.0,-999,-999
104067,BAGAZAN,1998,08,05,0.0,-999,-999
104067,BAGAZAN,1998,08,06,0.0,-999,-999
104067,BAGAZAN,1998,08,07,0.0,-999,-999
104067,BAGAZAN,1998,08,08,0.0,-999,-999
104067,BAGAZAN,1998,08,09,0.0,-999,-999
104067,BAGAZAN,1998,08,10,0.0,-999,-999
104067,BAGAZAN,1998,08,11,0.0,-999,-999
104067,BAGAZAN,1998,08,12,0.0,-999,-999
104067,BAGAZAN,1998,08,13,0.0,-999,-999
104067,BAGAZAN,1998,08,14,0.0,-999,-999
104067,BAGAZAN,1998,08,15,0.0,-999,-999
104067,BAGAZAN,1998,08,16,0.0,-999,-999
104067,BAGAZAN,1998,08,17,10.0,-999,-999
104067,BAGAZAN,1998,08,18,0.0,-999,-999
104067,BAGAZAN,1998,08,19,0.0,-999,-999
104067,BAGAZAN,1998,08,20,0.0,-999,-999
104067,BAGAZAN,1998,08,21,0.0,-999,-999
104067,BAGAZAN,1998,08,22,0.0,-999,-999
104067,BAGAZAN,1998,08,23,0.0,-999,-999
104067,BAGAZAN,1998,08,24,0.0,-999,-999
104067,BAGAZAN,1998,08,25,0.0,-999,-999
104067,BAGAZAN,1998,08,26,0.0,-999,-999
104067,BAGAZAN,1998,08,27,7.0,-999,-999
104067,BAGAZAN,1998,08,28,5.0,-999,-999
104067,BAGAZAN,1998,08,29,0.0,-999,-999
104067,BAGAZAN,1998,08,30,0.0,-999,-999
104067,BAGAZAN,1998,08,31,0.0,-999,-999
104067,BAGAZAN,1998,09,01,0.0,-999,-999
104067,BAGAZAN,1998,09,02,0.0,-999,-999
104067,BAGAZAN,1998,09,03,5.0,-999,-999
104067,BAGAZAN,1998,09,04,0.0,-999,-999
104067,BAGAZAN,1998,09,05,0.0,-999,-999
104067,BAGAZAN,1998,09,06,0.0,-999,-999
104067,BAGAZAN,1998,09,07,0.0,-999,-999
104067,BAGAZAN,1998,09,08,0.0,-999,-999
104067,BAGAZAN,1998,09,09,104.0,-999,-999
104067,BAGAZAN,1998,09,10,0.0,-999,-999
104067,BAGAZAN,1998,09,11,0.0,-999,-999
104067,BAGAZAN,1998,09,12,0.0,-999,-999
104067,BAGAZAN,1998,09,13,17.0,-999,-999
104067,BAGAZAN,1998,09,14,0.0,-999,-999
104067,BAGAZAN,1998,09,15,0.0,-999,-999
104067,BAGAZAN,1998,09,16,0.0,-999,-999
104067,BAGAZAN,1998,09,17,0.0,-999,-999
104067,BAGAZAN,1998,09,18,10.0,-999,-999
104067,BAGAZAN,1998,09,19,0.0,-999,-999
104067,BAGAZAN,1998,09,20,0.0,-999,-999
104067,BAGAZAN,1998,09,21,0.0,-999,-999
104067,BAGAZAN,1998,09,22,0.0,-999,-999
104067,BAGAZAN,1998,09,23,0.0,-999,-999
104067,BAGAZAN,1998,09,24,0.0,-999,-999
104067,BAGAZAN,1998,09,25,0.0,-999,-999
104067,BAGAZAN,1998,09,26,0.0,-999,-999
104067,BAGAZAN,1998,09,27,0.0,-999,-999
104067,BAGAZAN,1998,09,28,0.0,-999,-999
104067,BAGAZAN,1998,09,29,0.0,-999,-999
104067,BAGAZAN,1998,09,30,0.0,-999,-999
104067,BAGAZAN,1998,10,01,0.0,-999,-999
104067,BAGAZAN,1998,10,02,0.0,-999,-999
104067,BAGAZAN,1998,10,03,0.0,-999,-999
104067,BAGAZAN,1998,10,04,0.0,-999,-999
104067,BAGAZAN,1998,10,05,2.5,-999,-999
104067,BAGAZAN,1998,10,06,0.0,-999,-999
104067,BAGAZAN,1998,10,07,1.0,-999,-999
104067,BAGAZAN,1998,10,08,0.0,-999,-999
104067,BAGAZAN,1998,10,09,0.0,-999,-999
104067,BAGAZAN,1998,10,10,0.0,-999,-999
104067,BAGAZAN,1998,10,11,0.0,-999,-999
104067,BAGAZAN,1998,10,12,0.0,-999,-999
104067,BAGAZAN,1998,10,13,0.0,-999,-999
104067,BAGAZAN,1998,10,14,0.0,-999,-999
104067,BAGAZAN,1998,10,15,0.0,-999,-999
104067,BAGAZAN,1998,10,16,0.0,-999,-999
104067,BAGAZAN,1998,10,17,2.0,-999,-999
104067,BAGAZAN,1998,10,18,4.4,-999,-999
104067,BAGAZAN,1998,10,19,0.0,-999,-999
104067,BAGAZAN,1998,10,20,0.0,-999,-999
104067,BAGAZAN,1998,10,21,0.0,-999,-999
104067,BAGAZAN,1998,10,22,1.2,-999,-999
104067,BAGAZAN,1998,10,23,0.0,-999,-999
104067,BAGAZAN,1998,10,24,1.0,-999,-999
104067,BAGAZAN,1998,10,25,0.0,-999,-999
104067,BAGAZAN,1998,10,26,0.0,-999,-999
104067,BAGAZAN,1998,10,27,1.0,-999,-999
104067,BAGAZAN,1998,10,28,13.0,-999,-999
104067,BAGAZAN,1998,10,29,0.0,-999,-999
104067,BAGAZAN,1998,10,30,0.0,-999,-999
104067,BAGAZAN,1998,10,31,4.0,-999,-999
104067,BAGAZAN,1998,11,01,2.0,-999,-999
104067,BAGAZAN,1998,11,02,0.0,-999,-999
104067,BAGAZAN,1998,11,03,0.0,-999,-999
104067,BAGAZAN,1998,11,04,65.0,-999,-999
104067,BAGAZAN,1998,11,05,0.0,-999,-999
104067,BAGAZAN,1998,11,06,0.0,-999,-999
104067,BAGAZAN,1998,11,07,0.0,-999,-999
104067,BAGAZAN,1998,11,08,3.0,-999,-999
104067,BAGAZAN,1998,11,09,0.0,-999,-999
104067,BAGAZAN,1998,11,10,0.0,-999,-999
104067,BAGAZAN,1998,11,11,0.0,-999,-999
104067,BAGAZAN,1998,11,12,30.0,-999,-999
104067,BAGAZAN,1998,11,13,0.0,-999,-999
104067,BAGAZAN,1998,11,14,0.0,-999,-999
104067,BAGAZAN,1998,11,15,0.0,-999,-999
104067,BAGAZAN,1998,11,16,0.0,-999,-999
104067,BAGAZAN,1998,11,17,18.0,-999,-999
104067,BAGAZAN,1998,11,18,0.0,-999,-999
104067,BAGAZAN,1998,11,19,0.0,-999,-999
104067,BAGAZAN,1998,11,20,8.0,-999,-999
104067,BAGAZAN,1998,11,21,0.0,-999,-999
104067,BAGAZAN,1998,11,22,0.0,-999,-999
104067,BAGAZAN,1998,11,23,7.0,-999,-999
104067,BAGAZAN,1998,11,24,0.0,-999,-999
104067,BAGAZAN,1998,11,25,0.0,-999,-999
104067,BAGAZAN,1998,11,26,0.0,-999,-999
104067,BAGAZAN,1998,11,27,0.0,-999,-999
104067,BAGAZAN,1998,11,28,0.0,-999,-999
104067,BAGAZAN,1998,11,29,0.0,-999,-999
104067,BAGAZAN,1998,11,30,0.0,-999,-999
104067,BAGAZAN,1998,12,01,0.0,-999,-999
104067,BAGAZAN,1998,12,02,0.0,-999,-999
104067,BAGAZAN,1998,12,03,0.0,-999,-999
104067,BAGAZAN,1998,12,04,0.0,-999,-999
104067,BAGAZAN,1998,12,05,0.0,-999,-999
104067,BAGAZAN,1998,12,06,8.0,-999,-999
104067,BAGAZAN,1998,12,07,0.0,-999,-999
104067,BAGAZAN,1998,12,08,0.0,-999,-999
104067,BAGAZAN,1998,12,09,0.0,-999,-999
104067,BAGAZAN,1998,12,10,0.0,-999,-999
104067,BAGAZAN,1998,12,11,0.0,-999,-999
104067,BAGAZAN,1998,12,12,14.0,-999,-999
104067,BAGAZAN,1998,12,13,0.0,-999,-999
104067,BAGAZAN,1998,12,14,7.0,-999,-999
104067,BAGAZAN,1998,12,15,0.0,-999,-999
104067,BAGAZAN,1998,12,16,0.0,-999,-999
104067,BAGAZAN,1998,12,17,2.0,-999,-999
104067,BAGAZAN,1998,12,18,50.0,-999,-999
104067,BAGAZAN,1998,12,19,8.0,-999,-999
104067,BAGAZAN,1998,12,20,0.0,-999,-999
104067,BAGAZAN,1998,12,21,0.0,-999,-999
104067,BAGAZAN,1998,12,22,6.0,-999,-999
104067,BAGAZAN,1998,12,23,0.0,-999,-999
104067,BAGAZAN,1998,12,24,0.0,-999,-999
104067,BAGAZAN,1998,12,25,8.0,-999,-999
104067,BAGAZAN,1998,12,26,0.0,-999,-999
104067,BAGAZAN,1998,12,27,0.0,-999,-999
104067,BAGAZAN,1998,12,28,0.0,-999,-999
104067,BAGAZAN,1998,12,29,0.0,-999,-999
104067,BAGAZAN,1998,12,30,0.0,-999,-999
104067,BAGAZAN,1998,12,31,0.0,-999,-999
104067,BAGAZAN,1999,01,01,0.0,-999,-999
104067,BAGAZAN,1999,01,02,8.0,-999,-999
104067,BAGAZAN,1999,01,03,0.0,-999,-999
104067,BAGAZAN,1999,01,04,0.0,-999,-999
104067,BAGAZAN,1999,01,05,0.0,-999,-999
104067,BAGAZAN,1999,01,06,0.0,-999,-999
104067,BAGAZAN,1999,01,07,0.0,-999,-999
104067,BAGAZAN,1999,01,08,0.0,-999,-999
104067,BAGAZAN,1999,01,09,11.0,-999,-999
104067,BAGAZAN,1999,01,10,35.0,-999,-999
104067,BAGAZAN,1999,01,11,0.0,-999,-999
104067,BAGAZAN,1999,01,12,7.0,-999,-999
104067,BAGAZAN,1999,01,13,0.0,-999,-999
104067,BAGAZAN,1999,01,14,19.0,-999,-999
104067,BAGAZAN,1999,01,15,0.0,-999,-999
104067,BAGAZAN,1999,01,16,20.0,-999,-999
104067,BAGAZAN,1999,01,17,0.0,-999,-999
104067,BAGAZAN,1999,01,18,18.0,-999,-999
104067,BAGAZAN,1999,01,19,12.0,-999,-999
104067,BAGAZAN,1999,01,20,0.0,-999,-999
104067,BAGAZAN,1999,01,21,15.0,-999,-999
104067,BAGAZAN,1999,01,22,22.0,-999,-999
104067,BAGAZAN,1999,01,23,22.0,-999,-999
104067,BAGAZAN,1999,01,24,28.0,-999,-999
104067,BAGAZAN,1999,01,25,0.0,-999,-999
104067,BAGAZAN,1999,01,26,13.0,-999,-999
104067,BAGAZAN,1999,01,27,0.0,-999,-999
104067,BAGAZAN,1999,01,28,5.0,-999,-999
104067,BAGAZAN,1999,01,29,8.0,-999,-999
104067,BAGAZAN,1999,01,30,9.0,-999,-999
104067,BAGAZAN,1999,01,31,0.0,-999,-999
104067,BAGAZAN,1999,02,01,0.0,-999,-999
104067,BAGAZAN,1999,02,02,41.0,-999,-999
104067,BAGAZAN,1999,02,03,0.0,-999,-999
104067,BAGAZAN,1999,02,04,22.0,-999,-999
104067,BAGAZAN,1999,02,05,0.0,-999,-999
104067,BAGAZAN,1999,02,06,0.0,-999,-999
104067,BAGAZAN,1999,02,07,24.0,-999,-999
104067,BAGAZAN,1999,02,08,14.0,-999,-999
104067,BAGAZAN,1999,02,09,0.0,-999,-999
104067,BAGAZAN,1999,02,10,0.0,-999,-999
104067,BAGAZAN,1999,02,11,0.0,-999,-999
104067,BAGAZAN,1999,02,12,0.0,-999,-999
104067,BAGAZAN,1999,02,13,0.0,-999,-999
104067,BAGAZAN,1999,02,14,0.0,-999,-999
104067,BAGAZAN,1999,02,15,4.0,-999,-999
104067,BAGAZAN,1999,02,16,3.0,-999,-999
104067,BAGAZAN,1999,02,17,0.0,-999,-999
104067,BAGAZAN,1999,02,18,0.0,-999,-999
104067,BAGAZAN,1999,02,19,0.0,-999,-999
104067,BAGAZAN,1999,02,20,0.0,-999,-999
104067,BAGAZAN,1999,02,21,18.0,-999,-999
104067,BAGAZAN,1999,02,22,0.0,-999,-999
104067,BAGAZAN,1999,02,23,0.0,-999,-999
104067,BAGAZAN,1999,02,24,0.0,-999,-999
104067,BAGAZAN,1999,02,25,3.0,-999,-999
104067,BAGAZAN,1999,02,26,4.0,-999,-999
104067,BAGAZAN,1999,02,27,38.0,-999,-999
104067,BAGAZAN,1999,02,28,0.0,-999,-999
104067,BAGAZAN,1999,03,01,0.0,-999,-999
104067,BAGAZAN,1999,03,02,0.0,-999,-999
104067,BAGAZAN,1999,03,03,0.0,-999,-999
104067,BAGAZAN,1999,03,04,0.0,-999,-999
104067,BAGAZAN,1999,03,05,0.0,-999,-999
104067,BAGAZAN,1999,03,06,0.0,-999,-999
104067,BAGAZAN,1999,03,07,0.0,-999,-999
104067,BAGAZAN,1999,03,08,0.0,-999,-999
104067,BAGAZAN,1999,03,09,0.0,-999,-999
104067,BAGAZAN,1999,03,10,0.0,-999,-999
104067,BAGAZAN,1999,03,11,0.0,-999,-999
104067,BAGAZAN,1999,03,12,5.0,-999,-999
104067,BAGAZAN,1999,03,13,0.0,-999,-999
104067,BAGAZAN,1999,03,14,17.0,-999,-999
104067,BAGAZAN,1999,03,15,0.0,-999,-999
104067,BAGAZAN,1999,03,16,0.0,-999,-999
104067,BAGAZAN,1999,03,17,0.0,-999,-999
104067,BAGAZAN,1999,03,18,0.0,-999,-999
104067,BAGAZAN,1999,03,19,0.0,-999,-999
104067,BAGAZAN,1999,03,20,16.0,-999,-999
104067,BAGAZAN,1999,03,21,3.0,-999,-999
104067,BAGAZAN,1999,03,22,0.0,-999,-999
104067,BAGAZAN,1999,03,23,0.0,-999,-999
104067,BAGAZAN,1999,03,24,97.0,-999,-999
104067,BAGAZAN,1999,03,25,6.0,-999,-999
104067,BAGAZAN,1999,03,26,21.0,-999,-999
104067,BAGAZAN,1999,03,27,0.0,-999,-999
104067,BAGAZAN,1999,03,28,0.0,-999,-999
104067,BAGAZAN,1999,03,29,0.0,-999,-999
104067,BAGAZAN,1999,03,30,0.0,-999,-999
104067,BAGAZAN,1999,03,31,0.0,-999,-999
104067,BAGAZAN,1999,04,01,32.0,-999,-999
104067,BAGAZAN,1999,04,02,16.0,-999,-999
104067,BAGAZAN,1999,04,03,16.0,-999,-999
104067,BAGAZAN,1999,04,04,110.0,-999,-999
104067,BAGAZAN,1999,04,05,10.0,-999,-999
104067,BAGAZAN,1999,04,06,0.0,-999,-999
104067,BAGAZAN,1999,04,07,0.0,-999,-999
104067,BAGAZAN,1999,04,08,40.0,-999,-999
104067,BAGAZAN,1999,04,09,13.0,-999,-999
104067,BAGAZAN,1999,04,10,0.0,-999,-999
104067,BAGAZAN,1999,04,11,0.0,-999,-999
104067,BAGAZAN,1999,04,12,0.0,-999,-999
104067,BAGAZAN,1999,04,13,0.0,-999,-999
104067,BAGAZAN,1999,04,14,76.0,-999,-999
104067,BAGAZAN,1999,04,15,25.0,-999,-999
104067,BAGAZAN,1999,04,16,0.0,-999,-999
104067,BAGAZAN,1999,04,17,0.0,-999,-999
104067,BAGAZAN,1999,04,18,0.0,-999,-999
104067,BAGAZAN,1999,04,19,0.0,-999,-999
104067,BAGAZAN,1999,04,20,0.0,-999,-999
104067,BAGAZAN,1999,04,21,30.0,-999,-999
104067,BAGAZAN,1999,04,22,0.0,-999,-999
104067,BAGAZAN,1999,04,23,15.0,-999,-999
104067,BAGAZAN,1999,04,24,11.0,-999,-999
104067,BAGAZAN,1999,04,25,0.0,-999,-999
104067,BAGAZAN,1999,04,26,20.0,-999,-999
104067,BAGAZAN,1999,04,27,0.0,-999,-999
104067,BAGAZAN,1999,04,28,0.0,-999,-999
104067,BAGAZAN,1999,04,29,20.0,-999,-999
104067,BAGAZAN,1999,04,30,10.0,-999,-999
104067,BAGAZAN,1999,05,01,0.0,-999,-999
104067,BAGAZAN,1999,05,02,0.0,-999,-999
104067,BAGAZAN,1999,05,03,0.0,-999,-999
104067,BAGAZAN,1999,05,04,0.0,-999,-999
104067,BAGAZAN,1999,05,05,0.0,-999,-999
104067,BAGAZAN,1999,05,06,0.0,-999,-999
104067,BAGAZAN,1999,05,07,17.0,-999,-999
104067,BAGAZAN,1999,05,08,0.0,-999,-999
104067,BAGAZAN,1999,05,09,0.0,-999,-999
104067,BAGAZAN,1999,05,10,0.0,-999,-999
104067,BAGAZAN,1999,05,11,10.0,-999,-999
104067,BAGAZAN,1999,05,12,0.0,-999,-999
104067,BAGAZAN,1999,05,13,0.0,-999,-999
104067,BAGAZAN,1999,05,14,12.0,-999,-999
104067,BAGAZAN,1999,05,15,0.0,-999,-999
104067,BAGAZAN,1999,05,16,66.0,-999,-999
104067,BAGAZAN,1999,05,17,0.0,-999,-999
104067,BAGAZAN,1999,05,18,72.0,-999,-999
104067,BAGAZAN,1999,05,19,0.0,-999,-999
104067,BAGAZAN,1999,05,20,14.0,-999,-999
104067,BAGAZAN,1999,05,21,0.0,-999,-999
104067,BAGAZAN,1999,05,22,0.0,-999,-999
104067,BAGAZAN,1999,05,23,31.0,-999,-999
104067,BAGAZAN,1999,05,24,0.0,-999,-999
104067,BAGAZAN,1999,05,25,0.0,-999,-999
104067,BAGAZAN,1999,05,26,0.0,-999,-999
104067,BAGAZAN,1999,05,27,33.0,-999,-999
104067,BAGAZAN,1999,05,28,0.0,-999,-999
104067,BAGAZAN,1999,05,29,3.0,-999,-999
104067,BAGAZAN,1999,05,30,0.0,-999,-999
104067,BAGAZAN,1999,05,31,0.0,-999,-999
104067,BAGAZAN,1999,06,01,0.0,-999,-999
104067,BAGAZAN,1999,06,02,8.0,-999,-999
104067,BAGAZAN,1999,06,03,35.0,-999,-999
104067,BAGAZAN,1999,06,04,3.0,-999,-999
104067,BAGAZAN,1999,06,05,0.0,-999,-999
104067,BAGAZAN,1999,06,06,0.0,-999,-999
104067,BAGAZAN,1999,06,07,0.0,-999,-999
104067,BAGAZAN,1999,06,08,0.0,-999,-999
104067,BAGAZAN,1999,06,09,15.0,-999,-999
104067,BAGAZAN,1999,06,10,8.0,-999,-999
104067,BAGAZAN,1999,06,11,5.0,-999,-999
104067,BAGAZAN,1999,06,12,0.0,-999,-999
104067,BAGAZAN,1999,06,13,0.0,-999,-999
104067,BAGAZAN,1999,06,14,0.0,-999,-999
104067,BAGAZAN,1999,06,15,0.0,-999,-999
104067,BAGAZAN,1999,06,16,0.0,-999,-999
104067,BAGAZAN,1999,06,17,0.0,-999,-999
104067,BAGAZAN,1999,06,18,0.0,-999,-999
104067,BAGAZAN,1999,06,19,0.0,-999,-999
104067,BAGAZAN,1999,06,20,0.0,-999,-999
104067,BAGAZAN,1999,06,21,13.0,-999,-999
104067,BAGAZAN,1999,06,22,3.0,-999,-999
104067,BAGAZAN,1999,06,23,0.0,-999,-999
104067,BAGAZAN,1999,06,24,0.0,-999,-999
104067,BAGAZAN,1999,06,25,35.0,-999,-999
104067,BAGAZAN,1999,06,26,11.0,-999,-999
104067,BAGAZAN,1999,06,27,0.0,-999,-999
104067,BAGAZAN,1999,06,28,0.0,-999,-999
104067,BAGAZAN,1999,06,29,0.0,-999,-999
104067,BAGAZAN,1999,06,30,0.0,-999,-999
104067,BAGAZAN,1999,07,01,0.0,-999,-999
104067,BAGAZAN,1999,07,02,12.0,-999,-999
104067,BAGAZAN,1999,07,03,0.0,-999,-999
104067,BAGAZAN,1999,07,04,27.0,-999,-999
104067,BAGAZAN,1999,07,05,0.0,-999,-999
104067,BAGAZAN,1999,07,06,0.0,-999,-999
104067,BAGAZAN,1999,07,07,0.0,-999,-999
104067,BAGAZAN,1999,07,08,0.0,-999,-999
104067,BAGAZAN,1999,07,09,0.0,-999,-999
104067,BAGAZAN,1999,07,10,0.0,-999,-999
104067,BAGAZAN,1999,07,11,0.0,-999,-999
104067,BAGAZAN,1999,07,12,0.0,-999,-999
104067,BAGAZAN,1999,07,13,0.0,-999,-999
104067,BAGAZAN,1999,07,14,11.0,-999,-999
104067,BAGAZAN,1999,07,15,0.0,-999,-999
104067,BAGAZAN,1999,07,16,0.0,-999,-999
104067,BAGAZAN,1999,07,17,0.0,-999,-999
104067,BAGAZAN,1999,07,18,12.0,-999,-999
104067,BAGAZAN,1999,07,19,0.0,-999,-999
104067,BAGAZAN,1999,07,20,0.0,-999,-999
104067,BAGAZAN,1999,07,21,0.0,-999,-999
104067,BAGAZAN,1999,07,22,13.0,-999,-999
104067,BAGAZAN,1999,07,23,20.0,-999,-999
104067,BAGAZAN,1999,07,24,0.0,-999,-999
104067,BAGAZAN,1999,07,25,0.0,-999,-999
104067,BAGAZAN,1999,07,26,15.0,-999,-999
104067,BAGAZAN,1999,07,27,20.0,-999,-999
104067,BAGAZAN,1999,07,28,0.0,-999,-999
104067,BAGAZAN,1999,07,29,0.0,-999,-999
104067,BAGAZAN,1999,07,30,0.0,-999,-999
104067,BAGAZAN,1999,07,31,0.0,-999,-999
104067,BAGAZAN,1999,08,01,0.0,-999,-999
104067,BAGAZAN,1999,08,02,0.0,-999,-999
104067,BAGAZAN,1999,08,03,0.0,-999,-999
104067,BAGAZAN,1999,08,04,0.0,-999,-999
104067,BAGAZAN,1999,08,05,0.0,-999,-999
104067,BAGAZAN,1999,08,06,0.0,-999,-999
104067,BAGAZAN,1999,08,07,6.0,-999,-999
104067,BAGAZAN,1999,08,08,15.0,-999,-999
104067,BAGAZAN,1999,08,09,0.0,-999,-999
104067,BAGAZAN,1999,08,10,0.0,-999,-999
104067,BAGAZAN,1999,08,11,0.0,-999,-999
104067,BAGAZAN,1999,08,12,0.0,-999,-999
104067,BAGAZAN,1999,08,13,24.0,-999,-999
104067,BAGAZAN,1999,08,14,20.0,-999,-999
104067,BAGAZAN,1999,08,15,0.0,-999,-999
104067,BAGAZAN,1999,08,16,0.0,-999,-999
104067,BAGAZAN,1999,08,17,0.0,-999,-999
104067,BAGAZAN,1999,08,18,0.0,-999,-999
104067,BAGAZAN,1999,08,19,0.0,-999,-999
104067,BAGAZAN,1999,08,20,0.0,-999,-999
104067,BAGAZAN,1999,08,21,0.0,-999,-999
104067,BAGAZAN,1999,08,22,0.0,-999,-999
104067,BAGAZAN,1999,08,23,17.0,-999,-999
104067,BAGAZAN,1999,08,24,0.0,-999,-999
104067,BAGAZAN,1999,08,25,0.0,-999,-999
104067,BAGAZAN,1999,08,26,8.0,-999,-999
104067,BAGAZAN,1999,08,27,95.0,-999,-999
104067,BAGAZAN,1999,08,28,0.0,-999,-999
104067,BAGAZAN,1999,08,29,0.0,-999,-999
104067,BAGAZAN,1999,08,30,30.0,-999,-999
104067,BAGAZAN,1999,08,31,0.0,-999,-999
104067,BAGAZAN,1999,09,01,0.0,-999,-999
104067,BAGAZAN,1999,09,02,0.0,-999,-999
104067,BAGAZAN,1999,09,03,0.0,-999,-999
104067,BAGAZAN,1999,09,04,0.0,-999,-999
104067,BAGAZAN,1999,09,05,0.0,-999,-999
104067,BAGAZAN,1999,09,06,0.0,-999,-999
104067,BAGAZAN,1999,09,07,0.0,-999,-999
104067,BAGAZAN,1999,09,08,0.0,-999,-999
104067,BAGAZAN,1999,09,09,0.0,-999,-999
104067,BAGAZAN,1999,09,10,0.0,-999,-999
104067,BAGAZAN,1999,09,11,0.0,-999,-999
104067,BAGAZAN,1999,09,12,0.0,-999,-999
104067,BAGAZAN,1999,09,13,8.0,-999,-999
104067,BAGAZAN,1999,09,14,0.0,-999,-999
104067,BAGAZAN,1999,09,15,42.0,-999,-999
104067,BAGAZAN,1999,09,16,0.0,-999,-999
104067,BAGAZAN,1999,09,17,0.0,-999,-999
104067,BAGAZAN,1999,09,18,25.0,-999,-999
104067,BAGAZAN,1999,09,19,13.0,-999,-999
104067,BAGAZAN,1999,09,20,17.0,-999,-999
104067,BAGAZAN,1999,09,21,13.0,-999,-999
104067,BAGAZAN,1999,09,22,0.0,-999,-999
104067,BAGAZAN,1999,09,23,0.0,-999,-999
104067,BAGAZAN,1999,09,24,0.0,-999,-999
104067,BAGAZAN,1999,09,25,0.0,-999,-999
104067,BAGAZAN,1999,09,26,0.0,-999,-999
104067,BAGAZAN,1999,09,27,0.0,-999,-999
104067,BAGAZAN,1999,09,28,0.0,-999,-999
104067,BAGAZAN,1999,09,29,0.0,-999,-999
104067,BAGAZAN,1999,09,30,0.0,-999,-999
104067,BAGAZAN,1999,10,01,0.0,-999,-999
104067,BAGAZAN,1999,10,02,12.0,-999,-999
104067,BAGAZAN,1999,10,03,0.0,-999,-999
104067,BAGAZAN,1999,10,04,0.0,-999,-999
104067,BAGAZAN,1999,10,05,14.0,-999,-999
104067,BAGAZAN,1999,10,06,0.0,-999,-999
104067,BAGAZAN,1999,10,07,0.0,-999,-999
104067,BAGAZAN,1999,10,08,0.0,-999,-999
104067,BAGAZAN,1999,10,09,0.0,-999,-999
104067,BAGAZAN,1999,10,10,0.0,-999,-999
104067,BAGAZAN,1999,10,11,0.0,-999,-999
104067,BAGAZAN,1999,10,12,10.0,-999,-999
104067,BAGAZAN,1999,10,13,0.0,-999,-999
104067,BAGAZAN,1999,10,14,0.0,-999,-999
104067,BAGAZAN,1999,10,15,0.0,-999,-999
104067,BAGAZAN,1999,10,16,0.0,-999,-999
104067,BAGAZAN,1999,10,17,0.0,-999,-999
104067,BAGAZAN,1999,10,18,12.0,-999,-999
104067,BAGAZAN,1999,10,19,0.0,-999,-999
104067,BAGAZAN,1999,10,20,17.0,-999,-999
104067,BAGAZAN,1999,10,21,32.0,-999,-999
104067,BAGAZAN,1999,10,22,0.0,-999,-999
104067,BAGAZAN,1999,10,23,0.0,-999,-999
104067,BAGAZAN,1999,10,24,0.0,-999,-999
104067,BAGAZAN,1999,10,25,0.0,-999,-999
104067,BAGAZAN,1999,10,26,10.0,-999,-999
104067,BAGAZAN,1999,10,27,0.0,-999,-999
104067,BAGAZAN,1999,10,28,0.0,-999,-999
104067,BAGAZAN,1999,10,29,0.0,-999,-999
104067,BAGAZAN,1999,10,30,0.0,-999,-999
104067,BAGAZAN,1999,10,31,0.0,-999,-999
104067,BAGAZAN,1999,11,01,0.0,-999,-999
104067,BAGAZAN,1999,11,02,0.0,-999,-999
104067,BAGAZAN,1999,11,03,0.0,-999,-999
104067,BAGAZAN,1999,11,04,13.0,-999,-999
104067,BAGAZAN,1999,11,05,16.0,-999,-999
104067,BAGAZAN,1999,11,06,0.0,-999,-999
104067,BAGAZAN,1999,11,07,0.0,-999,-999
104067,BAGAZAN,1999,11,08,12.0,-999,-999
104067,BAGAZAN,1999,11,09,9.0,-999,-999
104067,BAGAZAN,1999,11,10,0.0,-999,-999
104067,BAGAZAN,1999,11,11,0.0,-999,-999
104067,BAGAZAN,1999,11,12,0.0,-999,-999
104067,BAGAZAN,1999,11,13,0.0,-999,-999
104067,BAGAZAN,1999,11,14,0.0,-999,-999
104067,BAGAZAN,1999,11,15,0.0,-999,-999
104067,BAGAZAN,1999,11,16,0.0,-999,-999
104067,BAGAZAN,1999,11,17,58.0,-999,-999
104067,BAGAZAN,1999,11,18,0.0,-999,-999
104067,BAGAZAN,1999,11,19,0.0,-999,-999
104067,BAGAZAN,1999,11,20,15.0,-999,-999
104067,BAGAZAN,1999,11,21,0.0,-999,-999
104067,BAGAZAN,1999,11,22,0.0,-999,-999
104067,BAGAZAN,1999,11,23,0.0,-999,-999
104067,BAGAZAN,1999,11,24,0.0,-999,-999
104067,BAGAZAN,1999,11,25,8.0,-999,-999
104067,BAGAZAN,1999,11,26,6.0,-999,-999
104067,BAGAZAN,1999,11,27,0.0,-999,-999
104067,BAGAZAN,1999,11,28,0.0,-999,-999
104067,BAGAZAN,1999,11,29,0.0,-999,-999
104067,BAGAZAN,1999,11,30,0.0,-999,-999
104067,BAGAZAN,1999,12,01,40.0,-999,-999
104067,BAGAZAN,1999,12,02,31.0,-999,-999
104067,BAGAZAN,1999,12,03,0.0,-999,-999
104067,BAGAZAN,1999,12,04,0.0,-999,-999
104067,BAGAZAN,1999,12,05,0.0,-999,-999
104067,BAGAZAN,1999,12,06,0.0,-999,-999
104067,BAGAZAN,1999,12,07,11.0,-999,-999
104067,BAGAZAN,1999,12,08,0.0,-999,-999
104067,BAGAZAN,1999,12,09,7.0,-999,-999
104067,BAGAZAN,1999,12,10,68.0,-999,-999
104067,BAGAZAN,1999,12,11,0.0,-999,-999
104067,BAGAZAN,1999,12,12,10.0,-999,-999
104067,BAGAZAN,1999,12,13,0.0,-999,-999
104067,BAGAZAN,1999,12,14,0.0,-999,-999
104067,BAGAZAN,1999,12,15,0.0,-999,-999
104067,BAGAZAN,1999,12,16,7.0,-999,-999
104067,BAGAZAN,1999,12,17,0.0,-999,-999
104067,BAGAZAN,1999,12,18,0.0,-999,-999
104067,BAGAZAN,1999,12,19,0.0,-999,-999
104067,BAGAZAN,1999,12,20,0.0,-999,-999
104067,BAGAZAN,1999,12,21,5.0,-999,-999
104067,BAGAZAN,1999,12,22,0.0,-999,-999
104067,BAGAZAN,1999,12,23,0.0,-999,-999
104067,BAGAZAN,1999,12,24,0.0,-999,-999
104067,BAGAZAN,1999,12,25,10.0,-999,-999
104067,BAGAZAN,1999,12,26,0.0,-999,-999
104067,BAGAZAN,1999,12,27,0.0,-999,-999
104067,BAGAZAN,1999,12,28,0.0,-999,-999
104067,BAGAZAN,1999,12,29,0.0,-999,-999
104067,BAGAZAN,1999,12,30,0.0,-999,-999
104067,BAGAZAN,1999,12,31,0.0,-999,-999
104067,BAGAZAN,2000,01,01,0.0,-999,-999
104067,BAGAZAN,2000,01,02,0.0,-999,-999
104067,BAGAZAN,2000,01,03,0.0,-999,-999
104067,BAGAZAN,2000,01,04,0.0,-999,-999
104067,BAGAZAN,2000,01,05,0.0,-999,-999
104067,BAGAZAN,2000,01,06,0.0,-999,-999
104067,BAGAZAN,2000,01,07,0.0,-999,-999
104067,BAGAZAN,2000,01,08,0.0,-999,-999
104067,BAGAZAN,2000,01,09,0.0,-999,-999
104067,BAGAZAN,2000,01,10,0.0,-999,-999
104067,BAGAZAN,2000,01,11,8.0,-999,-999
104067,BAGAZAN,2000,01,12,0.0,-999,-999
104067,BAGAZAN,2000,01,13,20.0,-999,-999
104067,BAGAZAN,2000,01,14,0.0,-999,-999
104067,BAGAZAN,2000,01,15,0.0,-999,-999
104067,BAGAZAN,2000,01,16,0.0,-999,-999
104067,BAGAZAN,2000,01,17,3.0,-999,-999
104067,BAGAZAN,2000,01,18,0.0,-999,-999
104067,BAGAZAN,2000,01,19,30.0,-999,-999
104067,BAGAZAN,2000,01,20,0.0,-999,-999
104067,BAGAZAN,2000,01,21,0.0,-999,-999
104067,BAGAZAN,2000,01,22,3.0,-999,-999
104067,BAGAZAN,2000,01,23,0.0,-999,-999
104067,BAGAZAN,2000,01,24,8.0,-999,-999
104067,BAGAZAN,2000,01,25,0.0,-999,-999
104067,BAGAZAN,2000,01,26,29.0,-999,-999
104067,BAGAZAN,2000,01,27,74.0,-999,-999
104067,BAGAZAN,2000,01,28,0.0,-999,-999
104067,BAGAZAN,2000,01,29,0.0,-999,-999
104067,BAGAZAN,2000,01,30,26.0,-999,-999
104067,BAGAZAN,2000,01,31,2.0,-999,-999
104067,BAGAZAN,2000,02,01,11.0,-999,-999
104067,BAGAZAN,2000,02,02,0.0,-999,-999
104067,BAGAZAN,2000,02,03,0.0,-999,-999
104067,BAGAZAN,2000,02,04,0.0,-999,-999
104067,BAGAZAN,2000,02,05,4.0,-999,-999
104067,BAGAZAN,2000,02,06,7.0,-999,-999
104067,BAGAZAN,2000,02,07,0.0,-999,-999
104067,BAGAZAN,2000,02,08,0.0,-999,-999
104067,BAGAZAN,2000,02,09,0.0,-999,-999
104067,BAGAZAN,2000,02,10,0.0,-999,-999
104067,BAGAZAN,2000,02,11,0.0,-999,-999
104067,BAGAZAN,2000,02,12,0.0,-999,-999
104067,BAGAZAN,2000,02,13,0.0,-999,-999
104067,BAGAZAN,2000,02,14,0.0,-999,-999
104067,BAGAZAN,2000,02,15,0.0,-999,-999
104067,BAGAZAN,2000,02,16,12.0,-999,-999
104067,BAGAZAN,2000,02,17,40.0,-999,-999
104067,BAGAZAN,2000,02,18,7.0,-999,-999
104067,BAGAZAN,2000,02,19,0.0,-999,-999
104067,BAGAZAN,2000,02,20,6.0,-999,-999
104067,BAGAZAN,2000,02,21,0.0,-999,-999
104067,BAGAZAN,2000,02,22,0.0,-999,-999
104067,BAGAZAN,2000,02,23,15.0,-999,-999
104067,BAGAZAN,2000,02,24,8.0,-999,-999
104067,BAGAZAN,2000,02,25,0.0,-999,-999
104067,BAGAZAN,2000,02,26,0.0,-999,-999
104067,BAGAZAN,2000,02,27,35.0,-999,-999
104067,BAGAZAN,2000,02,28,0.0,-999,-999
104067,BAGAZAN,2000,02,29,75.0,-999,-999
104067,BAGAZAN,2000,03,01,0.0,-999,-999
104067,BAGAZAN,2000,03,02,0.0,-999,-999
104067,BAGAZAN,2000,03,03,0.0,-999,-999
104067,BAGAZAN,2000,03,04,0.0,-999,-999
104067,BAGAZAN,2000,03,05,4.0,-999,-999
104067,BAGAZAN,2000,03,06,12.0,-999,-999
104067,BAGAZAN,2000,03,07,10.0,-999,-999
104067,BAGAZAN,2000,03,08,0.0,-999,-999
104067,BAGAZAN,2000,03,09,0.0,-999,-999
104067,BAGAZAN,2000,03,10,0.0,-999,-999
104067,BAGAZAN,2000,03,11,0.0,-999,-999
104067,BAGAZAN,2000,03,12,0.0,-999,-999
104067,BAGAZAN,2000,03,13,0.0,-999,-999
104067,BAGAZAN,2000,03,14,32.0,-999,-999
104067,BAGAZAN,2000,03,15,0.0,-999,-999
104067,BAGAZAN,2000,03,16,0.0,-999,-999
104067,BAGAZAN,2000,03,17,17.0,-999,-999
104067,BAGAZAN,2000,03,18,0.0,-999,-999
104067,BAGAZAN,2000,03,19,0.0,-999,-999
104067,BAGAZAN,2000,03,20,0.0,-999,-999
104067,BAGAZAN,2000,03,21,35.0,-999,-999
104067,BAGAZAN,2000,03,22,0.0,-999,-999
104067,BAGAZAN,2000,03,23,10.0,-999,-999
104067,BAGAZAN,2000,03,24,17.0,-999,-999
104067,BAGAZAN,2000,03,25,0.0,-999,-999
104067,BAGAZAN,2000,03,26,0.0,-999,-999
104067,BAGAZAN,2000,03,27,8.0,-999,-999
104067,BAGAZAN,2000,03,28,24.0,-999,-999
104067,BAGAZAN,2000,03,29,0.0,-999,-999
104067,BAGAZAN,2000,03,30,0.0,-999,-999
104067,BAGAZAN,2000,03,31,0.0,-999,-999
104067,BAGAZAN,2000,04,01,0.0,-999,-999
104067,BAGAZAN,2000,04,02,21.0,-999,-999
104067,BAGAZAN,2000,04,03,8.0,-999,-999
104067,BAGAZAN,2000,04,04,18.0,-999,-999
104067,BAGAZAN,2000,04,05,37.0,-999,-999
104067,BAGAZAN,2000,04,06,0.0,-999,-999
104067,BAGAZAN,2000,04,07,0.0,-999,-999
104067,BAGAZAN,2000,04,08,22.0,-999,-999
104067,BAGAZAN,2000,04,09,0.0,-999,-999
104067,BAGAZAN,2000,04,10,41.0,-999,-999
104067,BAGAZAN,2000,04,11,0.0,-999,-999
104067,BAGAZAN,2000,04,12,0.0,-999,-999
104067,BAGAZAN,2000,04,13,0.0,-999,-999
104067,BAGAZAN,2000,04,14,0.0,-999,-999
104067,BAGAZAN,2000,04,15,0.0,-999,-999
104067,BAGAZAN,2000,04,16,0.0,-999,-999
104067,BAGAZAN,2000,04,17,0.0,-999,-999
104067,BAGAZAN,2000,04,18,15.0,-999,-999
104067,BAGAZAN,2000,04,19,67.0,-999,-999
104067,BAGAZAN,2000,04,20,0.0,-999,-999
104067,BAGAZAN,2000,04,21,0.0,-999,-999
104067,BAGAZAN,2000,04,22,21.0,-999,-999
104067,BAGAZAN,2000,04,23,0.0,-999,-999
104067,BAGAZAN,2000,04,24,0.0,-999,-999
104067,BAGAZAN,2000,04,25,2.0,-999,-999
104067,BAGAZAN,2000,04,26,5.0,-999,-999
104067,BAGAZAN,2000,04,27,0.0,-999,-999
104067,BAGAZAN,2000,04,28,0.0,-999,-999
104067,BAGAZAN,2000,04,29,68.0,-999,-999
104067,BAGAZAN,2000,04,30,0.0,-999,-999
104067,BAGAZAN,2000,05,01,9.0,-999,-999
104067,BAGAZAN,2000,05,02,0.0,-999,-999
104067,BAGAZAN,2000,05,03,7.0,-999,-999
104067,BAGAZAN,2000,05,04,55.0,-999,-999
104067,BAGAZAN,2000,05,05,5.0,-999,-999
104067,BAGAZAN,2000,05,06,5.0,-999,-999
104067,BAGAZAN,2000,05,07,0.0,-999,-999
104067,BAGAZAN,2000,05,08,49.0,-999,-999
104067,BAGAZAN,2000,05,09,0.0,-999,-999
104067,BAGAZAN,2000,05,10,9.0,-999,-999
104067,BAGAZAN,2000,05,11,0.0,-999,-999
104067,BAGAZAN,2000,05,12,0.0,-999,-999
104067,BAGAZAN,2000,05,13,0.0,-999,-999
104067,BAGAZAN,2000,05,14,0.0,-999,-999
104067,BAGAZAN,2000,05,15,0.0,-999,-999
104067,BAGAZAN,2000,05,16,12.0,-999,-999
104067,BAGAZAN,2000,05,17,0.0,-999,-999
104067,BAGAZAN,2000,05,18,0.0,-999,-999
104067,BAGAZAN,2000,05,19,0.0,-999,-999
104067,BAGAZAN,2000,05,20,0.0,-999,-999
104067,BAGAZAN,2000,05,21,0.0,-999,-999
104067,BAGAZAN,2000,05,22,0.0,-999,-999
104067,BAGAZAN,2000,05,23,0.0,-999,-999
104067,BAGAZAN,2000,05,24,18.0,-999,-999
104067,BAGAZAN,2000,05,25,0.0,-999,-999
104067,BAGAZAN,2000,05,26,0.0,-999,-999
104067,BAGAZAN,2000,05,27,0.0,-999,-999
104067,BAGAZAN,2000,05,28,5.0,-999,-999
104067,BAGAZAN,2000,05,29,25.0,-999,-999
104067,BAGAZAN,2000,05,30,10.0,-999,-999
104067,BAGAZAN,2000,05,31,0.0,-999,-999
104067,BAGAZAN,2000,06,01,12.0,-999,-999
104067,BAGAZAN,2000,06,02,0.0,-999,-999
104067,BAGAZAN,2000,06,03,0.0,-999,-999
104067,BAGAZAN,2000,06,04,0.0,-999,-999
104067,BAGAZAN,2000,06,05,5.0,-999,-999
104067,BAGAZAN,2000,06,06,0.0,-999,-999
104067,BAGAZAN,2000,06,07,35.0,-999,-999
104067,BAGAZAN,2000,06,08,9.0,-999,-999
104067,BAGAZAN,2000,06,09,18.0,-999,-999
104067,BAGAZAN,2000,06,10,8.0,-999,-999
104067,BAGAZAN,2000,06,11,0.0,-999,-999
104067,BAGAZAN,2000,06,12,0.0,-999,-999
104067,BAGAZAN,2000,06,13,14.0,-999,-999
104067,BAGAZAN,2000,06,14,0.0,-999,-999
104067,BAGAZAN,2000,06,15,0.0,-999,-999
104067,BAGAZAN,2000,06,16,20.0,-999,-999
104067,BAGAZAN,2000,06,17,0.0,-999,-999
104067,BAGAZAN,2000,06,18,0.0,-999,-999
104067,BAGAZAN,2000,06,19,0.0,-999,-999
104067,BAGAZAN,2000,06,20,8.0,-999,-999
104067,BAGAZAN,2000,06,21,16.0,-999,-999
104067,BAGAZAN,2000,06,22,0.0,-999,-999
104067,BAGAZAN,2000,06,23,0.0,-999,-999
104067,BAGAZAN,2000,06,24,12.0,-999,-999
104067,BAGAZAN,2000,06,25,0.0,-999,-999
104067,BAGAZAN,2000,06,26,0.0,-999,-999
104067,BAGAZAN,2000,06,27,0.0,-999,-999
104067,BAGAZAN,2000,06,28,0.0,-999,-999
104067,BAGAZAN,2000,06,29,0.0,-999,-999
104067,BAGAZAN,2000,06,30,0.0,-999,-999
104067,BAGAZAN,2000,07,01,0.0,-999,-999
104067,BAGAZAN,2000,07,02,7.0,-999,-999
104067,BAGAZAN,2000,07,03,8.0,-999,-999
104067,BAGAZAN,2000,07,04,0.0,-999,-999
104067,BAGAZAN,2000,07,05,0.0,-999,-999
104067,BAGAZAN,2000,07,06,0.0,-999,-999
104067,BAGAZAN,2000,07,07,0.0,-999,-999
104067,BAGAZAN,2000,07,08,8.0,-999,-999
104067,BAGAZAN,2000,07,09,6.0,-999,-999
104067,BAGAZAN,2000,07,10,0.0,-999,-999
104067,BAGAZAN,2000,07,11,24.0,-999,-999
104067,BAGAZAN,2000,07,12,0.0,-999,-999
104067,BAGAZAN,2000,07,13,0.0,-999,-999
104067,BAGAZAN,2000,07,14,0.0,-999,-999
104067,BAGAZAN,2000,07,15,5.0,-999,-999
104067,BAGAZAN,2000,07,16,0.0,-999,-999
104067,BAGAZAN,2000,07,17,0.0,-999,-999
104067,BAGAZAN,2000,07,18,0.0,-999,-999
104067,BAGAZAN,2000,07,19,0.0,-999,-999
104067,BAGAZAN,2000,07,20,0.0,-999,-999
104067,BAGAZAN,2000,07,21,0.0,-999,-999
104067,BAGAZAN,2000,07,22,0.0,-999,-999
104067,BAGAZAN,2000,07,23,0.0,-999,-999
104067,BAGAZAN,2000,07,24,0.0,-999,-999
104067,BAGAZAN,2000,07,25,0.0,-999,-999
104067,BAGAZAN,2000,07,26,0.0,-999,-999
104067,BAGAZAN,2000,07,27,0.0,-999,-999
104067,BAGAZAN,2000,07,28,0.0,-999,-999
104067,BAGAZAN,2000,07,29,0.0,-999,-999
104067,BAGAZAN,2000,07,30,0.0,-999,-999
104067,BAGAZAN,2000,07,31,0.0,-999,-999
104067,BAGAZAN,2000,08,01,0.0,-999,-999
104067,BAGAZAN,2000,08,02,0.0,-999,-999
104067,BAGAZAN,2000,08,03,46.0,-999,-999
104067,BAGAZAN,2000,08,04,25.0,-999,-999
104067,BAGAZAN,2000,08,05,0.0,-999,-999
104067,BAGAZAN,2000,08,06,18.0,-999,-999
104067,BAGAZAN,2000,08,07,0.0,-999,-999
104067,BAGAZAN,2000,08,08,18.0,-999,-999
104067,BAGAZAN,2000,08,09,6.0,-999,-999
104067,BAGAZAN,2000,08,10,0.0,-999,-999
104067,BAGAZAN,2000,08,11,0.0,-999,-999
104067,BAGAZAN,2000,08,12,0.0,-999,-999
104067,BAGAZAN,2000,08,13,0.0,-999,-999
104067,BAGAZAN,2000,08,14,0.0,-999,-999
104067,BAGAZAN,2000,08,15,0.0,-999,-999
104067,BAGAZAN,2000,08,16,0.0,-999,-999
104067,BAGAZAN,2000,08,17,9.0,-999,-999
104067,BAGAZAN,2000,08,18,0.0,-999,-999
104067,BAGAZAN,2000,08,19,0.0,-999,-999
104067,BAGAZAN,2000,08,20,0.0,-999,-999
104067,BAGAZAN,2000,08,21,0.0,-999,-999
104067,BAGAZAN,2000,08,22,10.0,-999,-999
104067,BAGAZAN,2000,08,23,0.0,-999,-999
104067,BAGAZAN,2000,08,24,0.0,-999,-999
104067,BAGAZAN,2000,08,25,0.0,-999,-999
104067,BAGAZAN,2000,08,26,0.0,-999,-999
104067,BAGAZAN,2000,08,27,0.0,-999,-999
104067,BAGAZAN,2000,08,28,0.0,-999,-999
104067,BAGAZAN,2000,08,29,0.0,-999,-999
104067,BAGAZAN,2000,08,30,0.0,-999,-999
104067,BAGAZAN,2000,08,31,0.0,-999,-999
104067,BAGAZAN,2000,09,01,0.0,-999,-999
104067,BAGAZAN,2000,09,02,0.0,-999,-999
104067,BAGAZAN,2000,09,03,0.0,-999,-999
104067,BAGAZAN,2000,09,04,0.0,-999,-999
104067,BAGAZAN,2000,09,05,20.0,-999,-999
104067,BAGAZAN,2000,09,06,0.0,-999,-999
104067,BAGAZAN,2000,09,07,32.0,-999,-999
104067,BAGAZAN,2000,09,08,0.0,-999,-999
104067,BAGAZAN,2000,09,09,0.0,-999,-999
104067,BAGAZAN,2000,09,10,0.0,-999,-999
104067,BAGAZAN,2000,09,11,0.0,-999,-999
104067,BAGAZAN,2000,09,12,45.0,-999,-999
104067,BAGAZAN,2000,09,13,0.0,-999,-999
104067,BAGAZAN,2000,09,14,0.0,-999,-999
104067,BAGAZAN,2000,09,15,0.0,-999,-999
104067,BAGAZAN,2000,09,16,25.0,-999,-999
104067,BAGAZAN,2000,09,17,0.0,-999,-999
104067,BAGAZAN,2000,09,18,0.0,-999,-999
104067,BAGAZAN,2000,09,19,29.0,-999,-999
104067,BAGAZAN,2000,09,20,22.0,-999,-999
104067,BAGAZAN,2000,09,21,13.0,-999,-999
104067,BAGAZAN,2000,09,22,0.0,-999,-999
104067,BAGAZAN,2000,09,23,25.0,-999,-999
104067,BAGAZAN,2000,09,24,20.0,-999,-999
104067,BAGAZAN,2000,09,25,22.0,-999,-999
104067,BAGAZAN,2000,09,26,20.0,-999,-999
104067,BAGAZAN,2000,09,27,0.0,-999,-999
104067,BAGAZAN,2000,09,28,0.0,-999,-999
104067,BAGAZAN,2000,09,29,28.0,-999,-999
104067,BAGAZAN,2000,09,30,0.0,-999,-999
104067,BAGAZAN,2000,10,01,0.0,-999,-999
104067,BAGAZAN,2000,10,02,0.0,-999,-999
104067,BAGAZAN,2000,10,03,0.0,-999,-999
104067,BAGAZAN,2000,10,04,0.0,-999,-999
104067,BAGAZAN,2000,10,05,0.0,-999,-999
104067,BAGAZAN,2000,10,06,0.0,-999,-999
104067,BAGAZAN,2000,10,07,20.0,-999,-999
104067,BAGAZAN,2000,10,08,0.0,-999,-999
104067,BAGAZAN,2000,10,09,0.0,-999,-999
104067,BAGAZAN,2000,10,10,0.0,-999,-999
104067,BAGAZAN,2000,10,11,0.0,-999,-999
104067,BAGAZAN,2000,10,12,0.0,-999,-999
104067,BAGAZAN,2000,10,13,0.0,-999,-999
104067,BAGAZAN,2000,10,14,0.0,-999,-999
104067,BAGAZAN,2000,10,15,0.0,-999,-999
104067,BAGAZAN,2000,10,16,0.0,-999,-999
104067,BAGAZAN,2000,10,17,0.0,-999,-999
104067,BAGAZAN,2000,10,18,5.0,-999,-999
104067,BAGAZAN,2000,10,19,0.0,-999,-999
104067,BAGAZAN,2000,10,20,0.0,-999,-999
104067,BAGAZAN,2000,10,21,0.0,-999,-999
104067,BAGAZAN,2000,10,22,0.0,-999,-999
104067,BAGAZAN,2000,10,23,0.0,-999,-999
104067,BAGAZAN,2000,10,24,0.0,-999,-999
104067,BAGAZAN,2000,10,25,10.0,-999,-999
104067,BAGAZAN,2000,10,26,20.0,-999,-999
104067,BAGAZAN,2000,10,27,0.0,-999,-999
104067,BAGAZAN,2000,10,28,0.0,-999,-999
104067,BAGAZAN,2000,10,29,8.0,-999,-999
104067,BAGAZAN,2000,10,30,0.0,-999,-999
104067,BAGAZAN,2000,10,31,0.0,-999,-999
104067,BAGAZAN,2000,11,01,15.5,-999,-999
104067,BAGAZAN,2000,11,02,9.0,-999,-999
104067,BAGAZAN,2000,11,03,0.0,-999,-999
104067,BAGAZAN,2000,11,04,0.0,-999,-999
104067,BAGAZAN,2000,11,05,0.0,-999,-999
104067,BAGAZAN,2000,11,06,0.0,-999,-999
104067,BAGAZAN,2000,11,07,31.5,-999,-999
104067,BAGAZAN,2000,11,08,4.0,-999,-999
104067,BAGAZAN,2000,11,09,0.0,-999,-999
104067,BAGAZAN,2000,11,10,0.0,-999,-999
104067,BAGAZAN,2000,11,11,0.0,-999,-999
104067,BAGAZAN,2000,11,12,0.0,-999,-999
104067,BAGAZAN,2000,11,13,0.0,-999,-999
104067,BAGAZAN,2000,11,14,0.0,-999,-999
104067,BAGAZAN,2000,11,15,0.0,-999,-999
104067,BAGAZAN,2000,11,16,42.0,-999,-999
104067,BAGAZAN,2000,11,17,0.0,-999,-999
104067,BAGAZAN,2000,11,18,0.0,-999,-999
104067,BAGAZAN,2000,11,19,0.0,-999,-999
104067,BAGAZAN,2000,11,20,0.0,-999,-999
104067,BAGAZAN,2000,11,21,0.0,-999,-999
104067,BAGAZAN,2000,11,22,10.0,-999,-999
104067,BAGAZAN,2000,11,23,10.0,-999,-999
104067,BAGAZAN,2000,11,24,0.0,-999,-999
104067,BAGAZAN,2000,11,25,30.0,-999,-999
104067,BAGAZAN,2000,11,26,0.0,-999,-999
104067,BAGAZAN,2000,11,27,0.0,-999,-999
104067,BAGAZAN,2000,11,28,0.0,-999,-999
104067,BAGAZAN,2000,11,29,9.0,-999,-999
104067,BAGAZAN,2000,11,30,0.0,-999,-999
104067,BAGAZAN,2000,12,01,10.0,-999,-999
104067,BAGAZAN,2000,12,02,0.0,-999,-999
104067,BAGAZAN,2000,12,03,0.0,-999,-999
104067,BAGAZAN,2000,12,04,0.0,-999,-999
104067,BAGAZAN,2000,12,05,0.0,-999,-999
104067,BAGAZAN,2000,12,06,53.0,-999,-999
104067,BAGAZAN,2000,12,07,31.0,-999,-999
104067,BAGAZAN,2000,12,08,0.0,-999,-999
104067,BAGAZAN,2000,12,09,0.0,-999,-999
104067,BAGAZAN,2000,12,10,0.0,-999,-999
104067,BAGAZAN,2000,12,11,0.0,-999,-999
104067,BAGAZAN,2000,12,12,0.0,-999,-999
104067,BAGAZAN,2000,12,13,0.0,-999,-999
104067,BAGAZAN,2000,12,14,0.0,-999,-999
104067,BAGAZAN,2000,12,15,0.0,-999,-999
104067,BAGAZAN,2000,12,16,0.0,-999,-999
104067,BAGAZAN,2000,12,17,0.0,-999,-999
104067,BAGAZAN,2000,12,18,0.0,-999,-999
104067,BAGAZAN,2000,12,19,64.0,-999,-999
104067,BAGAZAN,2000,12,20,0.0,-999,-999
104067,BAGAZAN,2000,12,21,0.0,-999,-999
104067,BAGAZAN,2000,12,22,0.0,-999,-999
104067,BAGAZAN,2000,12,23,7.0,-999,-999
104067,BAGAZAN,2000,12,24,10.5,-999,-999
104067,BAGAZAN,2000,12,25,0.0,-999,-999
104067,BAGAZAN,2000,12,26,0.0,-999,-999
104067,BAGAZAN,2000,12,27,70.5,-999,-999
104067,BAGAZAN,2000,12,28,26.5,-999,-999
104067,BAGAZAN,2000,12,29,3.5,-999,-999
104067,BAGAZAN,2000,12,30,0.0,-999,-999
104067,BAGAZAN,2000,12,31,0.0,-999,-999
104067,BAGAZAN,2001,01,01,26.0,-999,-999
104067,BAGAZAN,2001,01,02,10.0,-999,-999
104067,BAGAZAN,2001,01,03,8.5,-999,-999
104067,BAGAZAN,2001,01,04,0.0,-999,-999
104067,BAGAZAN,2001,01,05,20.0,-999,-999
104067,BAGAZAN,2001,01,06,10.0,-999,-999
104067,BAGAZAN,2001,01,07,0.0,-999,-999
104067,BAGAZAN,2001,01,08,0.0,-999,-999
104067,BAGAZAN,2001,01,09,0.0,-999,-999
104067,BAGAZAN,2001,01,10,0.0,-999,-999
104067,BAGAZAN,2001,01,11,15.0,-999,-999
104067,BAGAZAN,2001,01,12,8.0,-999,-999
104067,BAGAZAN,2001,01,13,0.0,-999,-999
104067,BAGAZAN,2001,01,14,14.8,-999,-999
104067,BAGAZAN,2001,01,15,50.3,-999,-999
104067,BAGAZAN,2001,01,16,0.0,-999,-999
104067,BAGAZAN,2001,01,17,0.0,-999,-999
104067,BAGAZAN,2001,01,18,48.6,-999,-999
104067,BAGAZAN,2001,01,19,24.8,-999,-999
104067,BAGAZAN,2001,01,20,20.2,-999,-999
104067,BAGAZAN,2001,01,21,23.0,-999,-999
104067,BAGAZAN,2001,01,22,0.0,-999,-999
104067,BAGAZAN,2001,01,23,11.7,-999,-999
104067,BAGAZAN,2001,01,24,60.0,-999,-999
104067,BAGAZAN,2001,01,25,18.7,-999,-999
104067,BAGAZAN,2001,01,26,0.0,-999,-999
104067,BAGAZAN,2001,01,27,25.0,-999,-999
104067,BAGAZAN,2001,01,28,0.0,-999,-999
104067,BAGAZAN,2001,01,29,6.0,-999,-999
104067,BAGAZAN,2001,01,30,0.0,-999,-999
104067,BAGAZAN,2001,01,31,0.0,-999,-999
104067,BAGAZAN,2001,02,01,0.0,-999,-999
104067,BAGAZAN,2001,02,02,0.0,-999,-999
104067,BAGAZAN,2001,02,03,0.0,-999,-999
104067,BAGAZAN,2001,02,04,0.0,-999,-999
104067,BAGAZAN,2001,02,05,0.0,-999,-999
104067,BAGAZAN,2001,02,06,0.0,-999,-999
104067,BAGAZAN,2001,02,07,0.0,-999,-999
104067,BAGAZAN,2001,02,08,0.0,-999,-999
104067,BAGAZAN,2001,02,09,0.0,-999,-999
104067,BAGAZAN,2001,02,10,0.0,-999,-999
104067,BAGAZAN,2001,02,11,33.0,-999,-999
104067,BAGAZAN,2001,02,12,0.0,-999,-999
104067,BAGAZAN,2001,02,13,21.0,-999,-999
104067,BAGAZAN,2001,02,14,0.0,-999,-999
104067,BAGAZAN,2001,02,15,15.0,-999,-999
104067,BAGAZAN,2001,02,16,0.0,-999,-999
104067,BAGAZAN,2001,02,17,0.0,-999,-999
104067,BAGAZAN,2001,02,18,0.0,-999,-999
104067,BAGAZAN,2001,02,19,0.0,-999,-999
104067,BAGAZAN,2001,02,20,0.0,-999,-999
104067,BAGAZAN,2001,02,21,0.0,-999,-999
104067,BAGAZAN,2001,02,22,16.0,-999,-999
104067,BAGAZAN,2001,02,23,7.8,-999,-999
104067,BAGAZAN,2001,02,24,0.0,-999,-999
104067,BAGAZAN,2001,02,25,0.0,-999,-999
104067,BAGAZAN,2001,02,26,0.0,-999,-999
104067,BAGAZAN,2001,02,27,0.0,-999,-999
104067,BAGAZAN,2001,02,28,47.7,-999,-999
104067,BAGAZAN,2001,03,01,0.0,-999,-999
104067,BAGAZAN,2001,03,02,0.0,-999,-999
104067,BAGAZAN,2001,03,03,45.5,-999,-999
104067,BAGAZAN,2001,03,04,28.0,-999,-999
104067,BAGAZAN,2001,03,05,0.0,-999,-999
104067,BAGAZAN,2001,03,06,0.0,-999,-999
104067,BAGAZAN,2001,03,07,5.0,-999,-999
104067,BAGAZAN,2001,03,08,87.0,-999,-999
104067,BAGAZAN,2001,03,09,0.0,-999,-999
104067,BAGAZAN,2001,03,10,0.0,-999,-999
104067,BAGAZAN,2001,03,11,0.0,-999,-999
104067,BAGAZAN,2001,03,12,6.7,-999,-999
104067,BAGAZAN,2001,03,13,0.0,-999,-999
104067,BAGAZAN,2001,03,14,0.0,-999,-999
104067,BAGAZAN,2001,03,15,0.0,-999,-999
104067,BAGAZAN,2001,03,16,18.0,-999,-999
104067,BAGAZAN,2001,03,17,0.0,-999,-999
104067,BAGAZAN,2001,03,18,0.0,-999,-999
104067,BAGAZAN,2001,03,19,16.0,-999,-999
104067,BAGAZAN,2001,03,20,0.0,-999,-999
104067,BAGAZAN,2001,03,21,0.0,-999,-999
104067,BAGAZAN,2001,03,22,0.0,-999,-999
104067,BAGAZAN,2001,03,23,16.5,-999,-999
104067,BAGAZAN,2001,03,24,50.6,-999,-999
104067,BAGAZAN,2001,03,25,50.0,-999,-999
104067,BAGAZAN,2001,03,26,0.0,-999,-999
104067,BAGAZAN,2001,03,27,0.0,-999,-999
104067,BAGAZAN,2001,03,28,0.0,-999,-999
104067,BAGAZAN,2001,03,29,13.0,-999,-999
104067,BAGAZAN,2001,03,30,0.0,-999,-999
104067,BAGAZAN,2001,03,31,0.0,-999,-999
104067,BAGAZAN,2001,04,01,6.3,-999,-999
104067,BAGAZAN,2001,04,02,0.0,-999,-999
104067,BAGAZAN,2001,04,03,0.0,-999,-999
104067,BAGAZAN,2001,04,04,0.0,-999,-999
104067,BAGAZAN,2001,04,05,0.0,-999,-999
104067,BAGAZAN,2001,04,06,50.0,-999,-999
104067,BAGAZAN,2001,04,07,53.8,-999,-999
104067,BAGAZAN,2001,04,08,34.5,-999,-999
104067,BAGAZAN,2001,04,09,0.0,-999,-999
104067,BAGAZAN,2001,04,10,0.0,-999,-999
104067,BAGAZAN,2001,04,11,5.2,-999,-999
104067,BAGAZAN,2001,04,12,0.0,-999,-999
104067,BAGAZAN,2001,04,13,65.0,-999,-999
104067,BAGAZAN,2001,04,14,0.0,-999,-999
104067,BAGAZAN,2001,04,15,0.0,-999,-999
104067,BAGAZAN,2001,04,16,64.0,-999,-999
104067,BAGAZAN,2001,04,17,0.0,-999,-999
104067,BAGAZAN,2001,04,18,8.5,-999,-999
104067,BAGAZAN,2001,04,19,0.0,-999,-999
104067,BAGAZAN,2001,04,20,0.0,-999,-999
104067,BAGAZAN,2001,04,21,0.0,-999,-999
104067,BAGAZAN,2001,04,22,0.0,-999,-999
104067,BAGAZAN,2001,04,23,0.0,-999,-999
104067,BAGAZAN,2001,04,24,0.0,-999,-999
104067,BAGAZAN,2001,04,25,54.7,-999,-999
104067,BAGAZAN,2001,04,26,0.0,-999,-999
104067,BAGAZAN,2001,04,27,0.0,-999,-999
104067,BAGAZAN,2001,04,28,0.0,-999,-999
104067,BAGAZAN,2001,04,29,0.0,-999,-999
104067,BAGAZAN,2001,04,30,23.3,-999,-999
104067,BAGAZAN,2001,05,01,0.0,-999,-999
104067,BAGAZAN,2001,05,02,0.0,-999,-999
104067,BAGAZAN,2001,05,03,0.0,-999,-999
104067,BAGAZAN,2001,05,04,0.0,-999,-999
104067,BAGAZAN,2001,05,05,42.8,-999,-999
104067,BAGAZAN,2001,05,06,0.0,-999,-999
104067,BAGAZAN,2001,05,07,32.3,-999,-999
104067,BAGAZAN,2001,05,08,0.0,-999,-999
104067,BAGAZAN,2001,05,09,0.0,-999,-999
104067,BAGAZAN,2001,05,10,0.0,-999,-999
104067,BAGAZAN,2001,05,11,0.0,-999,-999
104067,BAGAZAN,2001,05,12,19.7,-999,-999
104067,BAGAZAN,2001,05,13,60.0,-999,-999
104067,BAGAZAN,2001,05,14,8.0,-999,-999
104067,BAGAZAN,2001,05,15,0.0,-999,-999
104067,BAGAZAN,2001,05,16,6.4,-999,-999
104067,BAGAZAN,2001,05,17,25.5,-999,-999
104067,BAGAZAN,2001,05,18,28.0,-999,-999
104067,BAGAZAN,2001,05,19,10.0,-999,-999
104067,BAGAZAN,2001,05,20,0.0,-999,-999
104067,BAGAZAN,2001,05,21,30.0,-999,-999
104067,BAGAZAN,2001,05,22,0.0,-999,-999
104067,BAGAZAN,2001,05,23,0.0,-999,-999
104067,BAGAZAN,2001,05,24,0.0,-999,-999
104067,BAGAZAN,2001,05,25,0.0,-999,-999
104067,BAGAZAN,2001,05,26,0.0,-999,-999
104067,BAGAZAN,2001,05,27,12.0,-999,-999
104067,BAGAZAN,2001,05,28,0.0,-999,-999
104067,BAGAZAN,2001,05,29,0.0,-999,-999
104067,BAGAZAN,2001,05,30,0.0,-999,-999
104067,BAGAZAN,2001,05,31,0.0,-999,-999
104067,BAGAZAN,2001,06,01,0.0,-999,-999
104067,BAGAZAN,2001,06,02,0.0,-999,-999
104067,BAGAZAN,2001,06,03,0.0,-999,-999
104067,BAGAZAN,2001,06,04,3.2,-999,-999
104067,BAGAZAN,2001,06,05,6.3,-999,-999
104067,BAGAZAN,2001,06,06,0.0,-999,-999
104067,BAGAZAN,2001,06,07,0.0,-999,-999
104067,BAGAZAN,2001,06,08,10.6,-999,-999
104067,BAGAZAN,2001,06,09,60.2,-999,-999
104067,BAGAZAN,2001,06,10,23.0,-999,-999
104067,BAGAZAN,2001,06,11,12.6,-999,-999
104067,BAGAZAN,2001,06,12,0.0,-999,-999
104067,BAGAZAN,2001,06,13,6.3,-999,-999
104067,BAGAZAN,2001,06,14,0.0,-999,-999
104067,BAGAZAN,2001,06,15,0.0,-999,-999
104067,BAGAZAN,2001,06,16,8.8,-999,-999
104067,BAGAZAN,2001,06,17,0.0,-999,-999
104067,BAGAZAN,2001,06,18,44.5,-999,-999
104067,BAGAZAN,2001,06,19,0.0,-999,-999
104067,BAGAZAN,2001,06,20,0.0,-999,-999
104067,BAGAZAN,2001,06,21,0.0,-999,-999
104067,BAGAZAN,2001,06,22,0.0,-999,-999
104067,BAGAZAN,2001,06,23,0.0,-999,-999
104067,BAGAZAN,2001,06,24,0.0,-999,-999
104067,BAGAZAN,2001,06,25,3.6,-999,-999
104067,BAGAZAN,2001,06,26,0.0,-999,-999
104067,BAGAZAN,2001,06,27,0.0,-999,-999
104067,BAGAZAN,2001,06,28,0.0,-999,-999
104067,BAGAZAN,2001,06,29,0.0,-999,-999
104067,BAGAZAN,2001,06,30,0.0,-999,-999
104067,BAGAZAN,2001,07,01,0.0,-999,-999
104067,BAGAZAN,2001,07,02,0.0,-999,-999
104067,BAGAZAN,2001,07,03,50.0,-999,-999
104067,BAGAZAN,2001,07,04,2.2,-999,-999
104067,BAGAZAN,2001,07,05,4.0,-999,-999
104067,BAGAZAN,2001,07,06,7.5,-999,-999
104067,BAGAZAN,2001,07,07,0.0,-999,-999
104067,BAGAZAN,2001,07,08,0.0,-999,-999
104067,BAGAZAN,2001,07,09,0.0,-999,-999
104067,BAGAZAN,2001,07,10,0.0,-999,-999
104067,BAGAZAN,2001,07,11,16.5,-999,-999
104067,BAGAZAN,2001,07,12,6.5,-999,-999
104067,BAGAZAN,2001,07,13,0.0,-999,-999
104067,BAGAZAN,2001,07,14,0.0,-999,-999
104067,BAGAZAN,2001,07,15,3.5,-999,-999
104067,BAGAZAN,2001,07,16,0.0,-999,-999
104067,BAGAZAN,2001,07,17,25.8,-999,-999
104067,BAGAZAN,2001,07,18,21.4,-999,-999
104067,BAGAZAN,2001,07,19,5.0,-999,-999
104067,BAGAZAN,2001,07,20,3.5,-999,-999
104067,BAGAZAN,2001,07,21,0.0,-999,-999
104067,BAGAZAN,2001,07,22,0.0,-999,-999
104067,BAGAZAN,2001,07,23,0.0,-999,-999
104067,BAGAZAN,2001,07,24,15.0,-999,-999
104067,BAGAZAN,2001,07,25,0.0,-999,-999
104067,BAGAZAN,2001,07,26,9.0,-999,-999
104067,BAGAZAN,2001,07,27,47.0,-999,-999
104067,BAGAZAN,2001,07,28,0.0,-999,-999
104067,BAGAZAN,2001,07,29,0.0,-999,-999
104067,BAGAZAN,2001,07,30,0.0,-999,-999
104067,BAGAZAN,2001,07,31,0.0,-999,-999
104067,BAGAZAN,2001,08,01,0.0,-999,-999
104067,BAGAZAN,2001,08,02,0.0,-999,-999
104067,BAGAZAN,2001,08,03,0.0,-999,-999
104067,BAGAZAN,2001,08,04,16.5,-999,-999
104067,BAGAZAN,2001,08,05,0.0,-999,-999
104067,BAGAZAN,2001,08,06,0.0,-999,-999
104067,BAGAZAN,2001,08,07,0.0,-999,-999
104067,BAGAZAN,2001,08,08,0.0,-999,-999
104067,BAGAZAN,2001,08,09,0.0,-999,-999
104067,BAGAZAN,2001,08,10,0.0,-999,-999
104067,BAGAZAN,2001,08,11,6.4,-999,-999
104067,BAGAZAN,2001,08,12,2.8,-999,-999
104067,BAGAZAN,2001,08,13,0.0,-999,-999
104067,BAGAZAN,2001,08,14,3.0,-999,-999
104067,BAGAZAN,2001,08,15,5.0,-999,-999
104067,BAGAZAN,2001,08,16,0.0,-999,-999
104067,BAGAZAN,2001,08,17,0.0,-999,-999
104067,BAGAZAN,2001,08,18,3.0,-999,-999
104067,BAGAZAN,2001,08,19,68.0,-999,-999
104067,BAGAZAN,2001,08,20,0.0,-999,-999
104067,BAGAZAN,2001,08,21,21.2,-999,-999
104067,BAGAZAN,2001,08,22,0.0,-999,-999
104067,BAGAZAN,2001,08,23,0.0,-999,-999
104067,BAGAZAN,2001,08,24,0.0,-999,-999
104067,BAGAZAN,2001,08,25,4.5,-999,-999
104067,BAGAZAN,2001,08,26,0.0,-999,-999
104067,BAGAZAN,2001,08,27,4.7,-999,-999
104067,BAGAZAN,2001,08,28,12.5,-999,-999
104067,BAGAZAN,2001,08,29,0.0,-999,-999
104067,BAGAZAN,2001,08,30,14.3,-999,-999
104067,BAGAZAN,2001,08,31,0.0,-999,-999
104067,BAGAZAN,2001,09,01,0.0,-999,-999
104067,BAGAZAN,2001,09,02,0.0,-999,-999
104067,BAGAZAN,2001,09,03,0.0,-999,-999
104067,BAGAZAN,2001,09,04,24.6,-999,-999
104067,BAGAZAN,2001,09,05,9.8,-999,-999
104067,BAGAZAN,2001,09,06,3.5,-999,-999
104067,BAGAZAN,2001,09,07,0.0,-999,-999
104067,BAGAZAN,2001,09,08,0.0,-999,-999
104067,BAGAZAN,2001,09,09,0.0,-999,-999
104067,BAGAZAN,2001,09,10,42.5,-999,-999
104067,BAGAZAN,2001,09,11,0.0,-999,-999
104067,BAGAZAN,2001,09,12,0.0,-999,-999
104067,BAGAZAN,2001,09,13,0.0,-999,-999
104067,BAGAZAN,2001,09,14,0.0,-999,-999
104067,BAGAZAN,2001,09,15,13.5,-999,-999
104067,BAGAZAN,2001,09,16,40.0,-999,-999
104067,BAGAZAN,2001,09,17,30.0,-999,-999
104067,BAGAZAN,2001,09,18,0.0,-999,-999
104067,BAGAZAN,2001,09,19,0.0,-999,-999
104067,BAGAZAN,2001,09,20,0.0,-999,-999
104067,BAGAZAN,2001,09,21,0.0,-999,-999
104067,BAGAZAN,2001,09,22,7.5,-999,-999
104067,BAGAZAN,2001,09,23,0.0,-999,-999
104067,BAGAZAN,2001,09,24,0.0,-999,-999
104067,BAGAZAN,2001,09,25,0.0,-999,-999
104067,BAGAZAN,2001,09,26,25.2,-999,-999
104067,BAGAZAN,2001,09,27,3.2,-999,-999
104067,BAGAZAN,2001,09,28,56.8,-999,-999
104067,BAGAZAN,2001,09,29,0.0,-999,-999
104067,BAGAZAN,2001,09,30,0.0,-999,-999
104067,BAGAZAN,2001,10,01,0.0,-999,-999
104067,BAGAZAN,2001,10,02,6.6,-999,-999
104067,BAGAZAN,2001,10,03,0.0,-999,-999
104067,BAGAZAN,2001,10,04,68.8,-999,-999
104067,BAGAZAN,2001,10,05,0.0,-999,-999
104067,BAGAZAN,2001,10,06,8.7,-999,-999
104067,BAGAZAN,2001,10,07,0.0,-999,-999
104067,BAGAZAN,2001,10,08,0.0,-999,-999
104067,BAGAZAN,2001,10,09,0.0,-999,-999
104067,BAGAZAN,2001,10,10,0.0,-999,-999
104067,BAGAZAN,2001,10,11,37.7,-999,-999
104067,BAGAZAN,2001,10,12,35.2,-999,-999
104067,BAGAZAN,2001,10,13,9.5,-999,-999
104067,BAGAZAN,2001,10,14,0.0,-999,-999
104067,BAGAZAN,2001,10,15,0.0,-999,-999
104067,BAGAZAN,2001,10,16,9.0,-999,-999
104067,BAGAZAN,2001,10,17,8.0,-999,-999
104067,BAGAZAN,2001,10,18,0.0,-999,-999
104067,BAGAZAN,2001,10,19,0.0,-999,-999
104067,BAGAZAN,2001,10,20,14.5,-999,-999
104067,BAGAZAN,2001,10,21,0.0,-999,-999
104067,BAGAZAN,2001,10,22,0.0,-999,-999
104067,BAGAZAN,2001,10,23,0.0,-999,-999
104067,BAGAZAN,2001,10,24,0.0,-999,-999
104067,BAGAZAN,2001,10,25,0.0,-999,-999
104067,BAGAZAN,2001,10,26,0.0,-999,-999
104067,BAGAZAN,2001,10,27,0.0,-999,-999
104067,BAGAZAN,2001,10,28,25.5,-999,-999
104067,BAGAZAN,2001,10,29,11.8,-999,-999
104067,BAGAZAN,2001,10,30,0.0,-999,-999
104067,BAGAZAN,2001,10,31,26.8,-999,-999
104067,BAGAZAN,2001,11,01,0.0,-999,-999
104067,BAGAZAN,2001,11,02,0.0,-999,-999
104067,BAGAZAN,2001,11,03,0.0,-999,-999
104067,BAGAZAN,2001,11,04,0.0,-999,-999
104067,BAGAZAN,2001,11,05,0.0,-999,-999
104067,BAGAZAN,2001,11,06,2.6,-999,-999
104067,BAGAZAN,2001,11,07,0.0,-999,-999
104067,BAGAZAN,2001,11,08,0.0,-999,-999
104067,BAGAZAN,2001,11,09,0.0,-999,-999
104067,BAGAZAN,2001,11,10,0.0,-999,-999
104067,BAGAZAN,2001,11,11,0.0,-999,-999
104067,BAGAZAN,2001,11,12,15.6,-999,-999
104067,BAGAZAN,2001,11,13,0.0,-999,-999
104067,BAGAZAN,2001,11,14,0.0,-999,-999
104067,BAGAZAN,2001,11,15,0.0,-999,-999
104067,BAGAZAN,2001,11,16,2.9,-999,-999
104067,BAGAZAN,2001,11,17,0.0,-999,-999
104067,BAGAZAN,2001,11,18,0.0,-999,-999
104067,BAGAZAN,2001,11,19,0.0,-999,-999
104067,BAGAZAN,2001,11,20,0.0,-999,-999
104067,BAGAZAN,2001,11,21,0.0,-999,-999
104067,BAGAZAN,2001,11,22,0.0,-999,-999
104067,BAGAZAN,2001,11,23,25.5,-999,-999
104067,BAGAZAN,2001,11,24,0.0,-999,-999
104067,BAGAZAN,2001,11,25,6.7,-999,-999
104067,BAGAZAN,2001,11,26,26.8,-999,-999
104067,BAGAZAN,2001,11,27,0.0,-999,-999
104067,BAGAZAN,2001,11,28,0.0,-999,-999
104067,BAGAZAN,2001,11,29,0.0,-999,-999
104067,BAGAZAN,2001,11,30,0.0,-999,-999
104067,BAGAZAN,2001,12,01,3.2,-999,-999
104067,BAGAZAN,2001,12,02,0.0,-999,-999
104067,BAGAZAN,2001,12,03,0.0,-999,-999
104067,BAGAZAN,2001,12,04,78.5,-999,-999
104067,BAGAZAN,2001,12,05,0.0,-999,-999
104067,BAGAZAN,2001,12,06,2.9,-999,-999
104067,BAGAZAN,2001,12,07,0.0,-999,-999
104067,BAGAZAN,2001,12,08,0.0,-999,-999
104067,BAGAZAN,2001,12,09,28.5,-999,-999
104067,BAGAZAN,2001,12,10,0.0,-999,-999
104067,BAGAZAN,2001,12,11,12.4,-999,-999
104067,BAGAZAN,2001,12,12,0.0,-999,-999
104067,BAGAZAN,2001,12,13,9.4,-999,-999
104067,BAGAZAN,2001,12,14,2.5,-999,-999
104067,BAGAZAN,2001,12,15,41.7,-999,-999
104067,BAGAZAN,2001,12,16,32.4,-999,-999
104067,BAGAZAN,2001,12,17,0.0,-999,-999
104067,BAGAZAN,2001,12,18,15.0,-999,-999
104067,BAGAZAN,2001,12,19,12.0,-999,-999
104067,BAGAZAN,2001,12,20,0.0,-999,-999
104067,BAGAZAN,2001,12,21,0.0,-999,-999
104067,BAGAZAN,2001,12,22,0.0,-999,-999
104067,BAGAZAN,2001,12,23,26.0,-999,-999
104067,BAGAZAN,2001,12,24,9.0,-999,-999
104067,BAGAZAN,2001,12,25,0.0,-999,-999
104067,BAGAZAN,2001,12,26,0.0,-999,-999
104067,BAGAZAN,2001,12,27,0.0,-999,-999
104067,BAGAZAN,2001,12,28,0.0,-999,-999
104067,BAGAZAN,2001,12,29,25.8,-999,-999
104067,BAGAZAN,2001,12,30,9.8,-999,-999
104067,BAGAZAN,2001,12,31,7.5,-999,-999
104067,BAGAZAN,2002,01,01,0.0,-999,-999
104067,BAGAZAN,2002,01,02,0.0,-999,-999
104067,BAGAZAN,2002,01,03,7.7,-999,-999
104067,BAGAZAN,2002,01,04,0.0,-999,-999
104067,BAGAZAN,2002,01,05,0.0,-999,-999
104067,BAGAZAN,2002,01,06,0.0,-999,-999
104067,BAGAZAN,2002,01,07,0.0,-999,-999
104067,BAGAZAN,2002,01,08,0.0,-999,-999
104067,BAGAZAN,2002,01,09,0.0,-999,-999
104067,BAGAZAN,2002,01,10,0.0,-999,-999
104067,BAGAZAN,2002,01,11,0.0,-999,-999
104067,BAGAZAN,2002,01,12,7.0,-999,-999
104067,BAGAZAN,2002,01,13,0.0,-999,-999
104067,BAGAZAN,2002,01,14,0.0,-999,-999
104067,BAGAZAN,2002,01,15,0.0,-999,-999
104067,BAGAZAN,2002,01,16,0.0,-999,-999
104067,BAGAZAN,2002,01,17,24.8,-999,-999
104067,BAGAZAN,2002,01,18,0.0,-999,-999
104067,BAGAZAN,2002,01,19,0.0,-999,-999
104067,BAGAZAN,2002,01,20,44.0,-999,-999
104067,BAGAZAN,2002,01,21,0.0,-999,-999
104067,BAGAZAN,2002,01,22,7.0,-999,-999
104067,BAGAZAN,2002,01,23,0.0,-999,-999
104067,BAGAZAN,2002,01,24,25.5,-999,-999
104067,BAGAZAN,2002,01,25,0.0,-999,-999
104067,BAGAZAN,2002,01,26,13.7,-999,-999
104067,BAGAZAN,2002,01,27,0.0,-999,-999
104067,BAGAZAN,2002,01,28,0.0,-999,-999
104067,BAGAZAN,2002,01,29,15.5,-999,-999
104067,BAGAZAN,2002,01,30,6.0,-999,-999
104067,BAGAZAN,2002,01,31,10.0,-999,-999
104067,BAGAZAN,2002,02,01,40.0,-999,-999
104067,BAGAZAN,2002,02,02,11.0,-999,-999
104067,BAGAZAN,2002,02,03,0.0,-999,-999
104067,BAGAZAN,2002,02,04,7.0,-999,-999
104067,BAGAZAN,2002,02,05,0.0,-999,-999
104067,BAGAZAN,2002,02,06,0.0,-999,-999
104067,BAGAZAN,2002,02,07,0.0,-999,-999
104067,BAGAZAN,2002,02,08,0.0,-999,-999
104067,BAGAZAN,2002,02,09,5.5,-999,-999
104067,BAGAZAN,2002,02,10,13.7,-999,-999
104067,BAGAZAN,2002,02,11,0.0,-999,-999
104067,BAGAZAN,2002,02,12,0.0,-999,-999
104067,BAGAZAN,2002,02,13,0.0,-999,-999
104067,BAGAZAN,2002,02,14,0.0,-999,-999
104067,BAGAZAN,2002,02,15,0.0,-999,-999
104067,BAGAZAN,2002,02,16,21.3,-999,-999
104067,BAGAZAN,2002,02,17,0.0,-999,-999
104067,BAGAZAN,2002,02,18,0.0,-999,-999
104067,BAGAZAN,2002,02,19,0.0,-999,-999
104067,BAGAZAN,2002,02,20,5.5,-999,-999
104067,BAGAZAN,2002,02,21,13.0,-999,-999
104067,BAGAZAN,2002,02,22,0.0,-999,-999
104067,BAGAZAN,2002,02,23,0.0,-999,-999
104067,BAGAZAN,2002,02,24,21.0,-999,-999
104067,BAGAZAN,2002,02,25,0.0,-999,-999
104067,BAGAZAN,2002,02,26,0.0,-999,-999
104067,BAGAZAN,2002,02,27,0.0,-999,-999
104067,BAGAZAN,2002,02,28,56.6,-999,-999
104067,BAGAZAN,2002,03,01,11.2,-999,-999
104067,BAGAZAN,2002,03,02,0.0,-999,-999
104067,BAGAZAN,2002,03,03,16.7,-999,-999
104067,BAGAZAN,2002,03,04,0.0,-999,-999
104067,BAGAZAN,2002,03,05,0.0,-999,-999
104067,BAGAZAN,2002,03,06,0.0,-999,-999
104067,BAGAZAN,2002,03,07,0.0,-999,-999
104067,BAGAZAN,2002,03,08,0.0,-999,-999
104067,BAGAZAN,2002,03,09,40.0,-999,-999
104067,BAGAZAN,2002,03,10,0.0,-999,-999
104067,BAGAZAN,2002,03,11,0.0,-999,-999
104067,BAGAZAN,2002,03,12,12.4,-999,-999
104067,BAGAZAN,2002,03,13,48.7,-999,-999
104067,BAGAZAN,2002,03,14,0.0,-999,-999
104067,BAGAZAN,2002,03,15,0.0,-999,-999
104067,BAGAZAN,2002,03,16,0.0,-999,-999
104067,BAGAZAN,2002,03,17,8.7,-999,-999
104067,BAGAZAN,2002,03,18,12.2,-999,-999
104067,BAGAZAN,2002,03,19,0.0,-999,-999
104067,BAGAZAN,2002,03,20,14.3,-999,-999
104067,BAGAZAN,2002,03,21,8.0,-999,-999
104067,BAGAZAN,2002,03,22,45.0,-999,-999
104067,BAGAZAN,2002,03,23,16.0,-999,-999
104067,BAGAZAN,2002,03,24,27.5,-999,-999
104067,BAGAZAN,2002,03,25,40.5,-999,-999
104067,BAGAZAN,2002,03,26,0.0,-999,-999
104067,BAGAZAN,2002,03,27,8.4,-999,-999
104067,BAGAZAN,2002,03,28,0.0,-999,-999
104067,BAGAZAN,2002,03,29,0.0,-999,-999
104067,BAGAZAN,2002,03,30,0.0,-999,-999
104067,BAGAZAN,2002,03,31,11.4,-999,-999
104067,BAGAZAN,2002,04,01,20.4,-999,-999
104067,BAGAZAN,2002,04,02,5.8,-999,-999
104067,BAGAZAN,2002,04,03,42.8,-999,-999
104067,BAGAZAN,2002,04,04,0.0,-999,-999
104067,BAGAZAN,2002,04,05,0.0,-999,-999
104067,BAGAZAN,2002,04,06,0.0,-999,-999
104067,BAGAZAN,2002,04,07,0.0,-999,-999
104067,BAGAZAN,2002,04,08,6.0,-999,-999
104067,BAGAZAN,2002,04,09,0.0,-999,-999
104067,BAGAZAN,2002,04,10,0.0,-999,-999
104067,BAGAZAN,2002,04,11,0.0,-999,-999
104067,BAGAZAN,2002,04,12,7.5,-999,-999
104067,BAGAZAN,2002,04,13,19.3,-999,-999
104067,BAGAZAN,2002,04,14,0.0,-999,-999
104067,BAGAZAN,2002,04,15,0.0,-999,-999
104067,BAGAZAN,2002,04,16,16.5,-999,-999
104067,BAGAZAN,2002,04,17,0.0,-999,-999
104067,BAGAZAN,2002,04,18,0.0,-999,-999
104067,BAGAZAN,2002,04,19,9.4,-999,-999
104067,BAGAZAN,2002,04,20,0.0,-999,-999
104067,BAGAZAN,2002,04,21,0.0,-999,-999
104067,BAGAZAN,2002,04,22,105.9,-999,-999
104067,BAGAZAN,2002,04,23,0.0,-999,-999
104067,BAGAZAN,2002,04,24,0.0,-999,-999
104067,BAGAZAN,2002,04,25,0.0,-999,-999
104067,BAGAZAN,2002,04,26,0.0,-999,-999
104067,BAGAZAN,2002,04,27,22.0,-999,-999
104067,BAGAZAN,2002,04,28,0.0,-999,-999
104067,BAGAZAN,2002,04,29,0.0,-999,-999
104067,BAGAZAN,2002,04,30,4.8,-999,-999
104067,BAGAZAN,2002,05,01,31.0,-999,-999
104067,BAGAZAN,2002,05,02,64.8,-999,-999
104067,BAGAZAN,2002,05,03,0.0,-999,-999
104067,BAGAZAN,2002,05,04,5.0,-999,-999
104067,BAGAZAN,2002,05,05,5.0,-999,-999
104067,BAGAZAN,2002,05,06,35.5,-999,-999
104067,BAGAZAN,2002,05,07,0.0,-999,-999
104067,BAGAZAN,2002,05,08,4.7,-999,-999
104067,BAGAZAN,2002,05,09,27.8,-999,-999
104067,BAGAZAN,2002,05,10,2.4,-999,-999
104067,BAGAZAN,2002,05,11,0.0,-999,-999
104067,BAGAZAN,2002,05,12,0.0,-999,-999
104067,BAGAZAN,2002,05,13,9.3,-999,-999
104067,BAGAZAN,2002,05,14,0.0,-999,-999
104067,BAGAZAN,2002,05,15,0.0,-999,-999
104067,BAGAZAN,2002,05,16,0.0,-999,-999
104067,BAGAZAN,2002,05,17,3.0,-999,-999
104067,BAGAZAN,2002,05,18,0.0,-999,-999
104067,BAGAZAN,2002,05,19,0.0,-999,-999
104067,BAGAZAN,2002,05,20,0.0,-999,-999
104067,BAGAZAN,2002,05,21,0.0,-999,-999
104067,BAGAZAN,2002,05,22,54.2,-999,-999
104067,BAGAZAN,2002,05,23,0.0,-999,-999
104067,BAGAZAN,2002,05,24,25.5,-999,-999
104067,BAGAZAN,2002,05,25,0.0,-999,-999
104067,BAGAZAN,2002,05,26,0.0,-999,-999
104067,BAGAZAN,2002,05,27,0.0,-999,-999
104067,BAGAZAN,2002,05,28,0.0,-999,-999
104067,BAGAZAN,2002,05,29,0.0,-999,-999
104067,BAGAZAN,2002,05,30,0.0,-999,-999
104067,BAGAZAN,2002,05,31,12.5,-999,-999
104067,BAGAZAN,2002,06,01,0.0,-999,-999
104067,BAGAZAN,2002,06,02,0.0,-999,-999
104067,BAGAZAN,2002,06,03,0.0,-999,-999
104067,BAGAZAN,2002,06,04,0.0,-999,-999
104067,BAGAZAN,2002,06,05,0.0,-999,-999
104067,BAGAZAN,2002,06,06,0.0,-999,-999
104067,BAGAZAN,2002,06,07,0.0,-999,-999
104067,BAGAZAN,2002,06,08,0.0,-999,-999
104067,BAGAZAN,2002,06,09,0.0,-999,-999
104067,BAGAZAN,2002,06,10,0.0,-999,-999
104067,BAGAZAN,2002,06,11,9.6,-999,-999
104067,BAGAZAN,2002,06,12,0.0,-999,-999
104067,BAGAZAN,2002,06,13,0.0,-999,-999
104067,BAGAZAN,2002,06,14,0.0,-999,-999
104067,BAGAZAN,2002,06,15,0.0,-999,-999
104067,BAGAZAN,2002,06,16,0.0,-999,-999
104067,BAGAZAN,2002,06,17,0.0,-999,-999
104067,BAGAZAN,2002,06,18,0.0,-999,-999
104067,BAGAZAN,2002,06,19,17.4,-999,-999
104067,BAGAZAN,2002,06,20,0.0,-999,-999
104067,BAGAZAN,2002,06,21,0.0,-999,-999
104067,BAGAZAN,2002,06,22,0.0,-999,-999
104067,BAGAZAN,2002,06,23,0.0,-999,-999
104067,BAGAZAN,2002,06,24,0.0,-999,-999
104067,BAGAZAN,2002,06,25,0.0,-999,-999
104067,BAGAZAN,2002,06,26,0.0,-999,-999
104067,BAGAZAN,2002,06,27,0.0,-999,-999
104067,BAGAZAN,2002,06,28,0.0,-999,-999
104067,BAGAZAN,2002,06,29,8.7,-999,-999
104067,BAGAZAN,2002,06,30,0.0,-999,-999
104067,BAGAZAN,2002,07,01,0.0,-999,-999
104067,BAGAZAN,2002,07,02,0.0,-999,-999
104067,BAGAZAN,2002,07,03,54.4,-999,-999
104067,BAGAZAN,2002,07,04,8.5,-999,-999
104067,BAGAZAN,2002,07,05,0.0,-999,-999
104067,BAGAZAN,2002,07,06,3.8,-999,-999
104067,BAGAZAN,2002,07,07,46.3,-999,-999
104067,BAGAZAN,2002,07,08,2.3,-999,-999
104067,BAGAZAN,2002,07,09,0.0,-999,-999
104067,BAGAZAN,2002,07,10,0.0,-999,-999
104067,BAGAZAN,2002,07,11,0.0,-999,-999
104067,BAGAZAN,2002,07,12,0.0,-999,-999
104067,BAGAZAN,2002,07,13,24.0,-999,-999
104067,BAGAZAN,2002,07,14,12.0,-999,-999
104067,BAGAZAN,2002,07,15,7.3,-999,-999
104067,BAGAZAN,2002,07,16,3.7,-999,-999
104067,BAGAZAN,2002,07,17,22.0,-999,-999
104067,BAGAZAN,2002,07,18,0.0,-999,-999
104067,BAGAZAN,2002,07,19,0.0,-999,-999
104067,BAGAZAN,2002,07,20,0.0,-999,-999
104067,BAGAZAN,2002,07,21,0.0,-999,-999
104067,BAGAZAN,2002,07,22,0.0,-999,-999
104067,BAGAZAN,2002,07,23,49.4,-999,-999
104067,BAGAZAN,2002,07,24,0.0,-999,-999
104067,BAGAZAN,2002,07,25,0.0,-999,-999
104067,BAGAZAN,2002,07,26,0.0,-999,-999
104067,BAGAZAN,2002,07,27,0.0,-999,-999
104067,BAGAZAN,2002,07,28,0.0,-999,-999
104067,BAGAZAN,2002,07,29,0.0,-999,-999
104067,BAGAZAN,2002,07,30,15.2,-999,-999
104067,BAGAZAN,2002,07,31,0.0,-999,-999
104067,BAGAZAN,2002,08,01,3.4,-999,-999
104067,BAGAZAN,2002,08,02,0.0,-999,-999
104067,BAGAZAN,2002,08,03,10.0,-999,-999
104067,BAGAZAN,2002,08,04,0.0,-999,-999
104067,BAGAZAN,2002,08,05,0.0,-999,-999
104067,BAGAZAN,2002,08,06,0.0,-999,-999
104067,BAGAZAN,2002,08,07,0.0,-999,-999
104067,BAGAZAN,2002,08,08,0.0,-999,-999
104067,BAGAZAN,2002,08,09,0.0,-999,-999
104067,BAGAZAN,2002,08,10,0.0,-999,-999
104067,BAGAZAN,2002,08,11,0.0,-999,-999
104067,BAGAZAN,2002,08,12,0.0,-999,-999
104067,BAGAZAN,2002,08,13,0.0,-999,-999
104067,BAGAZAN,2002,08,14,22.0,-999,-999
104067,BAGAZAN,2002,08,15,21.0,-999,-999
104067,BAGAZAN,2002,08,16,0.0,-999,-999
104067,BAGAZAN,2002,08,17,45.5,-999,-999
104067,BAGAZAN,2002,08,18,0.0,-999,-999
104067,BAGAZAN,2002,08,19,7.5,-999,-999
104067,BAGAZAN,2002,08,20,0.0,-999,-999
104067,BAGAZAN,2002,08,21,28.3,-999,-999
104067,BAGAZAN,2002,08,22,0.0,-999,-999
104067,BAGAZAN,2002,08,23,0.0,-999,-999
104067,BAGAZAN,2002,08,24,41.5,-999,-999
104067,BAGAZAN,2002,08,25,0.0,-999,-999
104067,BAGAZAN,2002,08,26,0.0,-999,-999
104067,BAGAZAN,2002,08,27,0.0,-999,-999
104067,BAGAZAN,2002,08,28,8.3,-999,-999
104067,BAGAZAN,2002,08,29,0.0,-999,-999
104067,BAGAZAN,2002,08,30,0.0,-999,-999
104067,BAGAZAN,2002,08,31,12.3,-999,-999
104067,BAGAZAN,2002,09,01,1.5,-999,-999
104067,BAGAZAN,2002,09,02,4.3,-999,-999
104067,BAGAZAN,2002,09,03,0.0,-999,-999
104067,BAGAZAN,2002,09,04,0.0,-999,-999
104067,BAGAZAN,2002,09,05,0.0,-999,-999
104067,BAGAZAN,2002,09,06,0.0,-999,-999
104067,BAGAZAN,2002,09,07,12.0,-999,-999
104067,BAGAZAN,2002,09,08,5.4,-999,-999
104067,BAGAZAN,2002,09,09,17.0,-999,-999
104067,BAGAZAN,2002,09,10,0.0,-999,-999
104067,BAGAZAN,2002,09,11,0.0,-999,-999
104067,BAGAZAN,2002,09,12,0.0,-999,-999
104067,BAGAZAN,2002,09,13,0.0,-999,-999
104067,BAGAZAN,2002,09,14,0.0,-999,-999
104067,BAGAZAN,2002,09,15,0.0,-999,-999
104067,BAGAZAN,2002,09,16,0.0,-999,-999
104067,BAGAZAN,2002,09,17,40.5,-999,-999
104067,BAGAZAN,2002,09,18,0.0,-999,-999
104067,BAGAZAN,2002,09,19,0.0,-999,-999
104067,BAGAZAN,2002,09,20,0.0,-999,-999
104067,BAGAZAN,2002,09,21,0.0,-999,-999
104067,BAGAZAN,2002,09,22,0.0,-999,-999
104067,BAGAZAN,2002,09,23,0.0,-999,-999
104067,BAGAZAN,2002,09,24,23.0,-999,-999
104067,BAGAZAN,2002,09,25,0.0,-999,-999
104067,BAGAZAN,2002,09,26,35.3,-999,-999
104067,BAGAZAN,2002,09,27,0.0,-999,-999
104067,BAGAZAN,2002,09,28,0.0,-999,-999
104067,BAGAZAN,2002,09,29,2.4,-999,-999
104067,BAGAZAN,2002,09,30,0.0,-999,-999
104067,BAGAZAN,2002,10,01,0.0,-999,-999
104067,BAGAZAN,2002,10,02,0.0,-999,-999
104067,BAGAZAN,2002,10,03,12.8,-999,-999
104067,BAGAZAN,2002,10,04,0.0,-999,-999
104067,BAGAZAN,2002,10,05,0.0,-999,-999
104067,BAGAZAN,2002,10,06,0.0,-999,-999
104067,BAGAZAN,2002,10,07,0.0,-999,-999
104067,BAGAZAN,2002,10,08,9.3,-999,-999
104067,BAGAZAN,2002,10,09,0.0,-999,-999
104067,BAGAZAN,2002,10,10,0.0,-999,-999
104067,BAGAZAN,2002,10,11,0.0,-999,-999
104067,BAGAZAN,2002,10,12,0.0,-999,-999
104067,BAGAZAN,2002,10,13,0.0,-999,-999
104067,BAGAZAN,2002,10,14,35.5,-999,-999
104067,BAGAZAN,2002,10,15,17.0,-999,-999
104067,BAGAZAN,2002,10,16,0.0,-999,-999
104067,BAGAZAN,2002,10,17,9.3,-999,-999
104067,BAGAZAN,2002,10,18,0.0,-999,-999
104067,BAGAZAN,2002,10,19,0.0,-999,-999
104067,BAGAZAN,2002,10,20,0.0,-999,-999
104067,BAGAZAN,2002,10,21,4.0,-999,-999
104067,BAGAZAN,2002,10,22,13.8,-999,-999
104067,BAGAZAN,2002,10,23,2.0,-999,-999
104067,BAGAZAN,2002,10,24,0.0,-999,-999
104067,BAGAZAN,2002,10,25,58.0,-999,-999
104067,BAGAZAN,2002,10,26,0.0,-999,-999
104067,BAGAZAN,2002,10,27,0.0,-999,-999
104067,BAGAZAN,2002,10,28,0.0,-999,-999
104067,BAGAZAN,2002,10,29,0.0,-999,-999
104067,BAGAZAN,2002,10,30,0.0,-999,-999
104067,BAGAZAN,2002,10,31,45.5,-999,-999
104067,BAGAZAN,2002,11,01,42.3,-999,-999
104067,BAGAZAN,2002,11,02,0.0,-999,-999
104067,BAGAZAN,2002,11,03,11.3,-999,-999
104067,BAGAZAN,2002,11,04,74.0,-999,-999
104067,BAGAZAN,2002,11,05,0.0,-999,-999
104067,BAGAZAN,2002,11,06,0.0,-999,-999
104067,BAGAZAN,2002,11,07,0.0,-999,-999
104067,BAGAZAN,2002,11,08,0.0,-999,-999
104067,BAGAZAN,2002,11,09,0.0,-999,-999
104067,BAGAZAN,2002,11,10,0.0,-999,-999
104067,BAGAZAN,2002,11,11,0.0,-999,-999
104067,BAGAZAN,2002,11,12,45.3,-999,-999
104067,BAGAZAN,2002,11,13,0.0,-999,-999
104067,BAGAZAN,2002,11,14,0.0,-999,-999
104067,BAGAZAN,2002,11,15,18.8,-999,-999
104067,BAGAZAN,2002,11,16,0.0,-999,-999
104067,BAGAZAN,2002,11,17,0.0,-999,-999
104067,BAGAZAN,2002,11,18,0.0,-999,-999
104067,BAGAZAN,2002,11,19,0.0,-999,-999
104067,BAGAZAN,2002,11,20,0.0,-999,-999
104067,BAGAZAN,2002,11,21,26.0,-999,-999
104067,BAGAZAN,2002,11,22,33.7,-999,-999
104067,BAGAZAN,2002,11,23,0.0,-999,-999
104067,BAGAZAN,2002,11,24,0.0,-999,-999
104067,BAGAZAN,2002,11,25,0.0,-999,-999
104067,BAGAZAN,2002,11,26,0.0,-999,-999
104067,BAGAZAN,2002,11,27,0.0,-999,-999
104067,BAGAZAN,2002,11,28,31.7,-999,-999
104067,BAGAZAN,2002,11,29,20.5,-999,-999
104067,BAGAZAN,2002,11,30,29.7,-999,-999
104067,BAGAZAN,2002,12,01,0.0,-999,-999
104067,BAGAZAN,2002,12,02,0.0,-999,-999
104067,BAGAZAN,2002,12,03,0.0,-999,-999
104067,BAGAZAN,2002,12,04,8.7,-999,-999
104067,BAGAZAN,2002,12,05,8.3,-999,-999
104067,BAGAZAN,2002,12,06,3.3,-999,-999
104067,BAGAZAN,2002,12,07,0.0,-999,-999
104067,BAGAZAN,2002,12,08,0.0,-999,-999
104067,BAGAZAN,2002,12,09,0.0,-999,-999
104067,BAGAZAN,2002,12,10,0.0,-999,-999
104067,BAGAZAN,2002,12,11,54.0,-999,-999
104067,BAGAZAN,2002,12,12,0.0,-999,-999
104067,BAGAZAN,2002,12,13,3.5,-999,-999
104067,BAGAZAN,2002,12,14,0.0,-999,-999
104067,BAGAZAN,2002,12,15,0.0,-999,-999
104067,BAGAZAN,2002,12,16,28.8,-999,-999
104067,BAGAZAN,2002,12,17,3.5,-999,-999
104067,BAGAZAN,2002,12,18,0.0,-999,-999
104067,BAGAZAN,2002,12,19,0.0,-999,-999
104067,BAGAZAN,2002,12,20,21.8,-999,-999
104067,BAGAZAN,2002,12,21,8.0,-999,-999
104067,BAGAZAN,2002,12,22,0.0,-999,-999
104067,BAGAZAN,2002,12,23,14.7,-999,-999
104067,BAGAZAN,2002,12,24,0.0,-999,-999
104067,BAGAZAN,2002,12,25,0.0,-999,-999
104067,BAGAZAN,2002,12,26,23.8,-999,-999
104067,BAGAZAN,2002,12,27,0.0,-999,-999
104067,BAGAZAN,2002,12,28,0.0,-999,-999
104067,BAGAZAN,2002,12,29,0.0,-999,-999
104067,BAGAZAN,2002,12,30,0.0,-999,-999
104067,BAGAZAN,2002,12,31,0.0,-999,-999
104067,BAGAZAN,2003,01,01,0.0,-999,-999
104067,BAGAZAN,2003,01,02,0.0,-999,-999
104067,BAGAZAN,2003,01,03,0.0,-999,-999
104067,BAGAZAN,2003,01,04,0.0,-999,-999
104067,BAGAZAN,2003,01,05,5.0,-999,-999
104067,BAGAZAN,2003,01,06,8.8,-999,-999
104067,BAGAZAN,2003,01,07,0.0,-999,-999
104067,BAGAZAN,2003,01,08,24.7,-999,-999
104067,BAGAZAN,2003,01,09,0.0,-999,-999
104067,BAGAZAN,2003,01,10,0.0,-999,-999
104067,BAGAZAN,2003,01,11,27.0,-999,-999
104067,BAGAZAN,2003,01,12,20.0,-999,-999
104067,BAGAZAN,2003,01,13,61.2,-999,-999
104067,BAGAZAN,2003,01,14,0.0,-999,-999
104067,BAGAZAN,2003,01,15,17.5,-999,-999
104067,BAGAZAN,2003,01,16,20.3,-999,-999
104067,BAGAZAN,2003,01,17,0.0,-999,-999
104067,BAGAZAN,2003,01,18,0.0,-999,-999
104067,BAGAZAN,2003,01,19,0.0,-999,-999
104067,BAGAZAN,2003,01,20,14.0,-999,-999
104067,BAGAZAN,2003,01,21,0.0,-999,-999
104067,BAGAZAN,2003,01,22,0.0,-999,-999
104067,BAGAZAN,2003,01,23,0.0,-999,-999
104067,BAGAZAN,2003,01,24,0.0,-999,-999
104067,BAGAZAN,2003,01,25,83.0,-999,-999
104067,BAGAZAN,2003,01,26,0.0,-999,-999
104067,BAGAZAN,2003,01,27,9.0,-999,-999
104067,BAGAZAN,2003,01,28,0.0,-999,-999
104067,BAGAZAN,2003,01,29,0.0,-999,-999
104067,BAGAZAN,2003,01,30,0.0,-999,-999
104067,BAGAZAN,2003,01,31,0.0,-999,-999
104067,BAGAZAN,2003,02,01,4.0,-999,-999
104067,BAGAZAN,2003,02,02,32.3,-999,-999
104067,BAGAZAN,2003,02,03,0.0,-999,-999
104067,BAGAZAN,2003,02,04,0.0,-999,-999
104067,BAGAZAN,2003,02,05,0.0,-999,-999
104067,BAGAZAN,2003,02,06,0.0,-999,-999
104067,BAGAZAN,2003,02,07,0.0,-999,-999
104067,BAGAZAN,2003,02,08,0.0,-999,-999
104067,BAGAZAN,2003,02,09,0.0,-999,-999
104067,BAGAZAN,2003,02,10,0.0,-999,-999
104067,BAGAZAN,2003,02,11,0.0,-999,-999
104067,BAGAZAN,2003,02,12,25.0,-999,-999
104067,BAGAZAN,2003,02,13,15.8,-999,-999
104067,BAGAZAN,2003,02,14,0.0,-999,-999
104067,BAGAZAN,2003,02,15,0.0,-999,-999
104067,BAGAZAN,2003,02,16,0.0,-999,-999
104067,BAGAZAN,2003,02,17,0.0,-999,-999
104067,BAGAZAN,2003,02,18,0.0,-999,-999
104067,BAGAZAN,2003,02,19,4.0,-999,-999
104067,BAGAZAN,2003,02,20,25.7,-999,-999
104067,BAGAZAN,2003,02,21,0.0,-999,-999
104067,BAGAZAN,2003,02,22,22.0,-999,-999
104067,BAGAZAN,2003,02,23,23.0,-999,-999
104067,BAGAZAN,2003,02,24,83.0,-999,-999
104067,BAGAZAN,2003,02,25,23.5,-999,-999
104067,BAGAZAN,2003,02,26,0.0,-999,-999
104067,BAGAZAN,2003,02,27,2.3,-999,-999
104067,BAGAZAN,2003,02,28,0.0,-999,-999
104067,BAGAZAN,2003,03,01,0.0,-999,-999
104067,BAGAZAN,2003,03,02,0.0,-999,-999
104067,BAGAZAN,2003,03,03,32.4,-999,-999
104067,BAGAZAN,2003,03,04,0.0,-999,-999
104067,BAGAZAN,2003,03,05,0.0,-999,-999
104067,BAGAZAN,2003,03,06,10.3,-999,-999
104067,BAGAZAN,2003,03,07,0.0,-999,-999
104067,BAGAZAN,2003,03,08,0.0,-999,-999
104067,BAGAZAN,2003,03,09,0.0,-999,-999
104067,BAGAZAN,2003,03,10,0.0,-999,-999
104067,BAGAZAN,2003,03,11,2.3,-999,-999
104067,BAGAZAN,2003,03,12,22.6,-999,-999
104067,BAGAZAN,2003,03,13,10.0,-999,-999
104067,BAGAZAN,2003,03,14,0.0,-999,-999
104067,BAGAZAN,2003,03,15,0.0,-999,-999
104067,BAGAZAN,2003,03,16,0.0,-999,-999
104067,BAGAZAN,2003,03,17,7.7,-999,-999
104067,BAGAZAN,2003,03,18,0.0,-999,-999
104067,BAGAZAN,2003,03,19,7.3,-999,-999
104067,BAGAZAN,2003,03,20,0.0,-999,-999
104067,BAGAZAN,2003,03,21,0.0,-999,-999
104067,BAGAZAN,2003,03,22,0.0,-999,-999
104067,BAGAZAN,2003,03,23,0.0,-999,-999
104067,BAGAZAN,2003,03,24,0.0,-999,-999
104067,BAGAZAN,2003,03,25,21.3,-999,-999
104067,BAGAZAN,2003,03,26,5.3,-999,-999
104067,BAGAZAN,2003,03,27,0.0,-999,-999
104067,BAGAZAN,2003,03,28,0.0,-999,-999
104067,BAGAZAN,2003,03,29,0.0,-999,-999
104067,BAGAZAN,2003,03,30,0.0,-999,-999
104067,BAGAZAN,2003,03,31,0.0,-999,-999
104067,BAGAZAN,2003,04,01,23.1,-999,-999
104067,BAGAZAN,2003,04,02,8.3,-999,-999
104067,BAGAZAN,2003,04,03,45.0,-999,-999
104067,BAGAZAN,2003,04,04,0.0,-999,-999
104067,BAGAZAN,2003,04,05,0.0,-999,-999
104067,BAGAZAN,2003,04,06,7.3,-999,-999
104067,BAGAZAN,2003,04,07,7.5,-999,-999
104067,BAGAZAN,2003,04,08,10.5,-999,-999
104067,BAGAZAN,2003,04,09,0.0,-999,-999
104067,BAGAZAN,2003,04,10,0.0,-999,-999
104067,BAGAZAN,2003,04,11,3.5,-999,-999
104067,BAGAZAN,2003,04,12,0.0,-999,-999
104067,BAGAZAN,2003,04,13,0.0,-999,-999
104067,BAGAZAN,2003,04,14,0.0,-999,-999
104067,BAGAZAN,2003,04,15,0.0,-999,-999
104067,BAGAZAN,2003,04,16,0.0,-999,-999
104067,BAGAZAN,2003,04,17,54.0,-999,-999
104067,BAGAZAN,2003,04,18,0.0,-999,-999
104067,BAGAZAN,2003,04,19,26.0,-999,-999
104067,BAGAZAN,2003,04,20,23.0,-999,-999
104067,BAGAZAN,2003,04,21,0.0,-999,-999
104067,BAGAZAN,2003,04,22,9.4,-999,-999
104067,BAGAZAN,2003,04,23,0.0,-999,-999
104067,BAGAZAN,2003,04,24,4.4,-999,-999
104067,BAGAZAN,2003,04,25,0.0,-999,-999
104067,BAGAZAN,2003,04,26,21.0,-999,-999
104067,BAGAZAN,2003,04,27,22.5,-999,-999
104067,BAGAZAN,2003,04,28,0.0,-999,-999
104067,BAGAZAN,2003,04,29,42.3,-999,-999
104067,BAGAZAN,2003,04,30,0.0,-999,-999
104067,BAGAZAN,2003,05,01,6.2,-999,-999
104067,BAGAZAN,2003,05,02,0.0,-999,-999
104067,BAGAZAN,2003,05,03,0.0,-999,-999
104067,BAGAZAN,2003,05,04,39.0,-999,-999
104067,BAGAZAN,2003,05,05,67.5,-999,-999
104067,BAGAZAN,2003,05,06,0.0,-999,-999
104067,BAGAZAN,2003,05,07,0.0,-999,-999
104067,BAGAZAN,2003,05,08,0.0,-999,-999
104067,BAGAZAN,2003,05,09,0.0,-999,-999
104067,BAGAZAN,2003,05,10,0.0,-999,-999
104067,BAGAZAN,2003,05,11,41.0,-999,-999
104067,BAGAZAN,2003,05,12,4.0,-999,-999
104067,BAGAZAN,2003,05,13,0.0,-999,-999
104067,BAGAZAN,2003,05,14,14.5,-999,-999
104067,BAGAZAN,2003,05,15,5.3,-999,-999
104067,BAGAZAN,2003,05,16,2.3,-999,-999
104067,BAGAZAN,2003,05,17,37.3,-999,-999
104067,BAGAZAN,2003,05,18,1.5,-999,-999
104067,BAGAZAN,2003,05,19,0.0,-999,-999
104067,BAGAZAN,2003,05,20,0.0,-999,-999
104067,BAGAZAN,2003,05,21,0.0,-999,-999
104067,BAGAZAN,2003,05,22,0.0,-999,-999
104067,BAGAZAN,2003,05,23,0.0,-999,-999
104067,BAGAZAN,2003,05,24,0.0,-999,-999
104067,BAGAZAN,2003,05,25,0.0,-999,-999
104067,BAGAZAN,2003,05,26,40.0,-999,-999
104067,BAGAZAN,2003,05,27,0.0,-999,-999
104067,BAGAZAN,2003,05,28,0.0,-999,-999
104067,BAGAZAN,2003,05,29,0.0,-999,-999
104067,BAGAZAN,2003,05,30,0.0,-999,-999
104067,BAGAZAN,2003,05,31,0.0,-999,-999
104067,BAGAZAN,2003,06,01,12.8,-999,-999
104067,BAGAZAN,2003,06,02,0.0,-999,-999
104067,BAGAZAN,2003,06,03,6.0,-999,-999
104067,BAGAZAN,2003,06,04,22.5,-999,-999
104067,BAGAZAN,2003,06,05,36.3,-999,-999
104067,BAGAZAN,2003,06,06,0.0,-999,-999
104067,BAGAZAN,2003,06,07,0.0,-999,-999
104067,BAGAZAN,2003,06,08,0.0,-999,-999
104067,BAGAZAN,2003,06,09,10.5,-999,-999
104067,BAGAZAN,2003,06,10,0.0,-999,-999
104067,BAGAZAN,2003,06,11,0.0,-999,-999
104067,BAGAZAN,2003,06,12,4.5,-999,-999
104067,BAGAZAN,2003,06,13,32.7,-999,-999
104067,BAGAZAN,2003,06,14,0.0,-999,-999
104067,BAGAZAN,2003,06,15,0.0,-999,-999
104067,BAGAZAN,2003,06,16,32.6,-999,-999
104067,BAGAZAN,2003,06,17,0.0,-999,-999
104067,BAGAZAN,2003,06,18,0.0,-999,-999
104067,BAGAZAN,2003,06,19,17.8,-999,-999
104067,BAGAZAN,2003,06,20,23.7,-999,-999
104067,BAGAZAN,2003,06,21,0.0,-999,-999
104067,BAGAZAN,2003,06,22,0.0,-999,-999
104067,BAGAZAN,2003,06,23,0.0,-999,-999
104067,BAGAZAN,2003,06,24,5.7,-999,-999
104067,BAGAZAN,2003,06,25,4.2,-999,-999
104067,BAGAZAN,2003,06,26,0.0,-999,-999
104067,BAGAZAN,2003,06,27,0.0,-999,-999
104067,BAGAZAN,2003,06,28,12.6,-999,-999
104067,BAGAZAN,2003,06,29,18.8,-999,-999
104067,BAGAZAN,2003,06,30,0.0,-999,-999
104067,BAGAZAN,2003,07,01,0.0,-999,-999
104067,BAGAZAN,2003,07,02,0.0,-999,-999
104067,BAGAZAN,2003,07,03,0.0,-999,-999
104067,BAGAZAN,2003,07,04,10.5,-999,-999
104067,BAGAZAN,2003,07,05,0.0,-999,-999
104067,BAGAZAN,2003,07,06,0.0,-999,-999
104067,BAGAZAN,2003,07,07,10.0,-999,-999
104067,BAGAZAN,2003,07,08,0.0,-999,-999
104067,BAGAZAN,2003,07,09,6.9,-999,-999
104067,BAGAZAN,2003,07,10,3.8,-999,-999
104067,BAGAZAN,2003,07,11,0.0,-999,-999
104067,BAGAZAN,2003,07,12,0.0,-999,-999
104067,BAGAZAN,2003,07,13,0.0,-999,-999
104067,BAGAZAN,2003,07,14,0.0,-999,-999
104067,BAGAZAN,2003,07,15,0.0,-999,-999
104067,BAGAZAN,2003,07,16,0.0,-999,-999
104067,BAGAZAN,2003,07,17,23.5,-999,-999
104067,BAGAZAN,2003,07,18,18.0,-999,-999
104067,BAGAZAN,2003,07,19,7.2,-999,-999
104067,BAGAZAN,2003,07,20,0.0,-999,-999
104067,BAGAZAN,2003,07,21,0.0,-999,-999
104067,BAGAZAN,2003,07,22,11.7,-999,-999
104067,BAGAZAN,2003,07,23,7.0,-999,-999
104067,BAGAZAN,2003,07,24,0.0,-999,-999
104067,BAGAZAN,2003,07,25,0.0,-999,-999
104067,BAGAZAN,2003,07,26,25.5,-999,-999
104067,BAGAZAN,2003,07,27,0.0,-999,-999
104067,BAGAZAN,2003,07,28,0.0,-999,-999
104067,BAGAZAN,2003,07,29,0.0,-999,-999
104067,BAGAZAN,2003,07,30,11.0,-999,-999
104067,BAGAZAN,2003,07,31,0.0,-999,-999
104067,BAGAZAN,2003,08,01,0.0,-999,-999
104067,BAGAZAN,2003,08,02,11.4,-999,-999
104067,BAGAZAN,2003,08,03,18.2,-999,-999
104067,BAGAZAN,2003,08,04,0.0,-999,-999
104067,BAGAZAN,2003,08,05,0.0,-999,-999
104067,BAGAZAN,2003,08,06,40.2,-999,-999
104067,BAGAZAN,2003,08,07,6.0,-999,-999
104067,BAGAZAN,2003,08,08,0.0,-999,-999
104067,BAGAZAN,2003,08,09,12.4,-999,-999
104067,BAGAZAN,2003,08,10,0.0,-999,-999
104067,BAGAZAN,2003,08,11,0.0,-999,-999
104067,BAGAZAN,2003,08,12,0.0,-999,-999
104067,BAGAZAN,2003,08,13,0.0,-999,-999
104067,BAGAZAN,2003,08,14,6.3,-999,-999
104067,BAGAZAN,2003,08,15,0.0,-999,-999
104067,BAGAZAN,2003,08,16,25.5,-999,-999
104067,BAGAZAN,2003,08,17,14.5,-999,-999
104067,BAGAZAN,2003,08,18,38.2,-999,-999
104067,BAGAZAN,2003,08,19,0.0,-999,-999
104067,BAGAZAN,2003,08,20,8.3,-999,-999
104067,BAGAZAN,2003,08,21,0.0,-999,-999
104067,BAGAZAN,2003,08,22,5.2,-999,-999
104067,BAGAZAN,2003,08,23,0.0,-999,-999
104067,BAGAZAN,2003,08,24,0.0,-999,-999
104067,BAGAZAN,2003,08,25,0.0,-999,-999
104067,BAGAZAN,2003,08,26,0.0,-999,-999
104067,BAGAZAN,2003,08,27,0.0,-999,-999
104067,BAGAZAN,2003,08,28,0.0,-999,-999
104067,BAGAZAN,2003,08,29,0.0,-999,-999
104067,BAGAZAN,2003,08,30,0.0,-999,-999
104067,BAGAZAN,2003,08,31,0.0,-999,-999
104067,BAGAZAN,2003,09,01,0.0,-999,-999
104067,BAGAZAN,2003,09,02,34.3,-999,-999
104067,BAGAZAN,2003,09,03,31.0,-999,-999
104067,BAGAZAN,2003,09,04,0.0,-999,-999
104067,BAGAZAN,2003,09,05,6.0,-999,-999
104067,BAGAZAN,2003,09,06,0.0,-999,-999
104067,BAGAZAN,2003,09,07,0.0,-999,-999
104067,BAGAZAN,2003,09,08,0.0,-999,-999
104067,BAGAZAN,2003,09,09,0.0,-999,-999
104067,BAGAZAN,2003,09,10,14.2,-999,-999
104067,BAGAZAN,2003,09,11,0.0,-999,-999
104067,BAGAZAN,2003,09,12,0.0,-999,-999
104067,BAGAZAN,2003,09,13,0.0,-999,-999
104067,BAGAZAN,2003,09,14,0.0,-999,-999
104067,BAGAZAN,2003,09,15,0.0,-999,-999
104067,BAGAZAN,2003,09,16,5.6,-999,-999
104067,BAGAZAN,2003,09,17,16.1,-999,-999
104067,BAGAZAN,2003,09,18,51.0,-999,-999
104067,BAGAZAN,2003,09,19,0.0,-999,-999
104067,BAGAZAN,2003,09,20,19.0,-999,-999
104067,BAGAZAN,2003,09,21,18.3,-999,-999
104067,BAGAZAN,2003,09,22,52.3,-999,-999
104067,BAGAZAN,2003,09,23,0.0,-999,-999
104067,BAGAZAN,2003,09,24,0.0,-999,-999
104067,BAGAZAN,2003,09,25,0.0,-999,-999
104067,BAGAZAN,2003,09,26,51.2,-999,-999
104067,BAGAZAN,2003,09,27,0.0,-999,-999
104067,BAGAZAN,2003,09,28,10.0,-999,-999
104067,BAGAZAN,2003,09,29,0.0,-999,-999
104067,BAGAZAN,2003,09,30,0.0,-999,-999
104067,BAGAZAN,2003,10,01,20.3,-999,-999
104067,BAGAZAN,2003,10,02,0.0,-999,-999
104067,BAGAZAN,2003,10,03,60.5,-999,-999
104067,BAGAZAN,2003,10,04,0.0,-999,-999
104067,BAGAZAN,2003,10,05,0.0,-999,-999
104067,BAGAZAN,2003,10,06,0.0,-999,-999
104067,BAGAZAN,2003,10,07,0.0,-999,-999
104067,BAGAZAN,2003,10,08,19.3,-999,-999
104067,BAGAZAN,2003,10,09,0.0,-999,-999
104067,BAGAZAN,2003,10,10,0.0,-999,-999
104067,BAGAZAN,2003,10,11,55.3,-999,-999
104067,BAGAZAN,2003,10,12,47.3,-999,-999
104067,BAGAZAN,2003,10,13,0.0,-999,-999
104067,BAGAZAN,2003,10,14,0.0,-999,-999
104067,BAGAZAN,2003,10,15,0.0,-999,-999
104067,BAGAZAN,2003,10,16,0.0,-999,-999
104067,BAGAZAN,2003,10,17,0.0,-999,-999
104067,BAGAZAN,2003,10,18,0.0,-999,-999
104067,BAGAZAN,2003,10,19,0.0,-999,-999
104067,BAGAZAN,2003,10,20,13.3,-999,-999
104067,BAGAZAN,2003,10,21,8.4,-999,-999
104067,BAGAZAN,2003,10,22,0.0,-999,-999
104067,BAGAZAN,2003,10,23,6.7,-999,-999
104067,BAGAZAN,2003,10,24,0.0,-999,-999
104067,BAGAZAN,2003,10,25,0.0,-999,-999
104067,BAGAZAN,2003,10,26,0.0,-999,-999
104067,BAGAZAN,2003,10,27,46.6,-999,-999
104067,BAGAZAN,2003,10,28,57.8,-999,-999
104067,BAGAZAN,2003,10,29,99.3,-999,-999
104067,BAGAZAN,2003,10,30,19.3,-999,-999
104067,BAGAZAN,2003,10,31,15.3,-999,-999
104067,BAGAZAN,2003,11,01,31.0,-999,-999
104067,BAGAZAN,2003,11,02,57.3,-999,-999
104067,BAGAZAN,2003,11,03,0.0,-999,-999
104067,BAGAZAN,2003,11,04,0.0,-999,-999
104067,BAGAZAN,2003,11,05,0.0,-999,-999
104067,BAGAZAN,2003,11,06,37.2,-999,-999
104067,BAGAZAN,2003,11,07,0.0,-999,-999
104067,BAGAZAN,2003,11,08,0.0,-999,-999
104067,BAGAZAN,2003,11,09,0.0,-999,-999
104067,BAGAZAN,2003,11,10,35.7,-999,-999
104067,BAGAZAN,2003,11,11,15.5,-999,-999
104067,BAGAZAN,2003,11,12,0.0,-999,-999
104067,BAGAZAN,2003,11,13,0.0,-999,-999
104067,BAGAZAN,2003,11,14,10.0,-999,-999
104067,BAGAZAN,2003,11,15,0.0,-999,-999
104067,BAGAZAN,2003,11,16,0.0,-999,-999
104067,BAGAZAN,2003,11,17,12.0,-999,-999
104067,BAGAZAN,2003,11,18,0.0,-999,-999
104067,BAGAZAN,2003,11,19,0.0,-999,-999
104067,BAGAZAN,2003,11,20,0.0,-999,-999
104067,BAGAZAN,2003,11,21,0.0,-999,-999
104067,BAGAZAN,2003,11,22,0.0,-999,-999
104067,BAGAZAN,2003,11,23,11.4,-999,-999
104067,BAGAZAN,2003,11,24,0.0,-999,-999
104067,BAGAZAN,2003,11,25,0.0,-999,-999
104067,BAGAZAN,2003,11,26,0.0,-999,-999
104067,BAGAZAN,2003,11,27,0.0,-999,-999
104067,BAGAZAN,2003,11,28,0.0,-999,-999
104067,BAGAZAN,2003,11,29,0.0,-999,-999
104067,BAGAZAN,2003,11,30,37.0,-999,-999
104067,BAGAZAN,2003,12,01,6.8,-999,-999
104067,BAGAZAN,2003,12,02,0.0,-999,-999
104067,BAGAZAN,2003,12,03,0.0,-999,-999
104067,BAGAZAN,2003,12,04,0.0,-999,-999
104067,BAGAZAN,2003,12,05,0.0,-999,-999
104067,BAGAZAN,2003,12,06,44.3,-999,-999
104067,BAGAZAN,2003,12,07,0.0,-999,-999
104067,BAGAZAN,2003,12,08,0.0,-999,-999
104067,BAGAZAN,2003,12,09,0.0,-999,-999
104067,BAGAZAN,2003,12,10,0.0,-999,-999
104067,BAGAZAN,2003,12,11,38.2,-999,-999
104067,BAGAZAN,2003,12,12,0.0,-999,-999
104067,BAGAZAN,2003,12,13,0.0,-999,-999
104067,BAGAZAN,2003,12,14,0.0,-999,-999
104067,BAGAZAN,2003,12,15,29.0,-999,-999
104067,BAGAZAN,2003,12,16,0.0,-999,-999
104067,BAGAZAN,2003,12,17,42.2,-999,-999
104067,BAGAZAN,2003,12,18,0.0,-999,-999
104067,BAGAZAN,2003,12,19,0.0,-999,-999
104067,BAGAZAN,2003,12,20,0.0,-999,-999
104067,BAGAZAN,2003,12,21,33.0,-999,-999
104067,BAGAZAN,2003,12,22,0.0,-999,-999
104067,BAGAZAN,2003,12,23,39.7,-999,-999
104067,BAGAZAN,2003,12,24,0.0,-999,-999
104067,BAGAZAN,2003,12,25,32.2,-999,-999
104067,BAGAZAN,2003,12,26,0.0,-999,-999
104067,BAGAZAN,2003,12,27,0.0,-999,-999
104067,BAGAZAN,2003,12,28,0.0,-999,-999
104067,BAGAZAN,2003,12,29,15.8,-999,-999
104067,BAGAZAN,2003,12,30,13.4,-999,-999
104067,BAGAZAN,2003,12,31,21.3,-999,-999
104067,BAGAZAN,2004,01,01,0.0,-999,-999
104067,BAGAZAN,2004,01,02,15.8,-999,-999
104067,BAGAZAN,2004,01,03,3.2,-999,-999
104067,BAGAZAN,2004,01,04,12.2,-999,-999
104067,BAGAZAN,2004,01,05,25.0,-999,-999
104067,BAGAZAN,2004,01,06,0.0,-999,-999
104067,BAGAZAN,2004,01,07,10.0,-999,-999
104067,BAGAZAN,2004,01,08,0.0,-999,-999
104067,BAGAZAN,2004,01,09,0.0,-999,-999
104067,BAGAZAN,2004,01,10,0.0,-999,-999
104067,BAGAZAN,2004,01,11,6.0,-999,-999
104067,BAGAZAN,2004,01,12,12.0,-999,-999
104067,BAGAZAN,2004,01,13,0.0,-999,-999
104067,BAGAZAN,2004,01,14,0.0,-999,-999
104067,BAGAZAN,2004,01,15,0.0,-999,-999
104067,BAGAZAN,2004,01,16,0.0,-999,-999
104067,BAGAZAN,2004,01,17,0.0,-999,-999
104067,BAGAZAN,2004,01,18,0.0,-999,-999
104067,BAGAZAN,2004,01,19,0.0,-999,-999
104067,BAGAZAN,2004,01,20,0.0,-999,-999
104067,BAGAZAN,2004,01,21,0.0,-999,-999
104067,BAGAZAN,2004,01,22,0.0,-999,-999
104067,BAGAZAN,2004,01,23,6.8,-999,-999
104067,BAGAZAN,2004,01,24,0.0,-999,-999
104067,BAGAZAN,2004,01,25,0.0,-999,-999
104067,BAGAZAN,2004,01,26,0.0,-999,-999
104067,BAGAZAN,2004,01,27,0.0,-999,-999
104067,BAGAZAN,2004,01,28,0.0,-999,-999
104067,BAGAZAN,2004,01,29,9.7,-999,-999
104067,BAGAZAN,2004,01,30,0.0,-999,-999
104067,BAGAZAN,2004,01,31,42.6,-999,-999
104067,BAGAZAN,2004,02,01,0.0,-999,-999
104067,BAGAZAN,2004,02,02,0.0,-999,-999
104067,BAGAZAN,2004,02,03,0.0,-999,-999
104067,BAGAZAN,2004,02,04,0.0,-999,-999
104067,BAGAZAN,2004,02,05,1.5,-999,-999
104067,BAGAZAN,2004,02,06,0.0,-999,-999
104067,BAGAZAN,2004,02,07,0.0,-999,-999
104067,BAGAZAN,2004,02,08,2.0,-999,-999
104067,BAGAZAN,2004,02,09,0.0,-999,-999
104067,BAGAZAN,2004,02,10,0.0,-999,-999
104067,BAGAZAN,2004,02,11,0.0,-999,-999
104067,BAGAZAN,2004,02,12,0.0,-999,-999
104067,BAGAZAN,2004,02,13,18.0,-999,-999
104067,BAGAZAN,2004,02,14,0.0,-999,-999
104067,BAGAZAN,2004,02,15,28.0,-999,-999
104067,BAGAZAN,2004,02,16,0.0,-999,-999
104067,BAGAZAN,2004,02,17,26.0,-999,-999
104067,BAGAZAN,2004,02,18,1.8,-999,-999
104067,BAGAZAN,2004,02,19,31.2,-999,-999
104067,BAGAZAN,2004,02,20,0.0,-999,-999
104067,BAGAZAN,2004,02,21,5.0,-999,-999
104067,BAGAZAN,2004,02,22,0.0,-999,-999
104067,BAGAZAN,2004,02,23,0.0,-999,-999
104067,BAGAZAN,2004,02,24,12.6,-999,-999
104067,BAGAZAN,2004,02,25,0.0,-999,-999
104067,BAGAZAN,2004,02,26,0.0,-999,-999
104067,BAGAZAN,2004,02,27,0.0,-999,-999
104067,BAGAZAN,2004,02,28,5.0,-999,-999
104067,BAGAZAN,2004,02,29,0.0,-999,-999
104067,BAGAZAN,2004,03,01,0.0,-999,-999
104067,BAGAZAN,2004,03,02,0.0,-999,-999
104067,BAGAZAN,2004,03,03,30.0,-999,-999
104067,BAGAZAN,2004,03,04,0.0,-999,-999
104067,BAGAZAN,2004,03,05,35.5,-999,-999
104067,BAGAZAN,2004,03,06,0.0,-999,-999
104067,BAGAZAN,2004,03,07,0.0,-999,-999
104067,BAGAZAN,2004,03,08,4.0,-999,-999
104067,BAGAZAN,2004,03,09,7.5,-999,-999
104067,BAGAZAN,2004,03,10,31.5,-999,-999
104067,BAGAZAN,2004,03,11,9.5,-999,-999
104067,BAGAZAN,2004,03,12,0.0,-999,-999
104067,BAGAZAN,2004,03,13,0.0,-999,-999
104067,BAGAZAN,2004,03,14,16.3,-999,-999
104067,BAGAZAN,2004,03,15,0.0,-999,-999
104067,BAGAZAN,2004,03,16,0.0,-999,-999
104067,BAGAZAN,2004,03,17,0.0,-999,-999
104067,BAGAZAN,2004,03,18,20.9,-999,-999
104067,BAGAZAN,2004,03,19,69.3,-999,-999
104067,BAGAZAN,2004,03,20,0.0,-999,-999
104067,BAGAZAN,2004,03,21,0.0,-999,-999
104067,BAGAZAN,2004,03,22,13.3,-999,-999
104067,BAGAZAN,2004,03,23,0.0,-999,-999
104067,BAGAZAN,2004,03,24,77.5,-999,-999
104067,BAGAZAN,2004,03,25,5.4,-999,-999
104067,BAGAZAN,2004,03,26,8.0,-999,-999
104067,BAGAZAN,2004,03,27,0.0,-999,-999
104067,BAGAZAN,2004,03,28,0.0,-999,-999
104067,BAGAZAN,2004,03,29,22.3,-999,-999
104067,BAGAZAN,2004,03,30,0.0,-999,-999
104067,BAGAZAN,2004,03,31,0.0,-999,-999
104067,BAGAZAN,2004,04,01,0.0,-999,-999
104067,BAGAZAN,2004,04,02,0.0,-999,-999
104067,BAGAZAN,2004,04,03,0.0,-999,-999
104067,BAGAZAN,2004,04,04,0.0,-999,-999
104067,BAGAZAN,2004,04,05,0.0,-999,-999
104067,BAGAZAN,2004,04,06,0.0,-999,-999
104067,BAGAZAN,2004,04,07,0.0,-999,-999
104067,BAGAZAN,2004,04,08,7.0,-999,-999
104067,BAGAZAN,2004,04,09,0.0,-999,-999
104067,BAGAZAN,2004,04,10,9.0,-999,-999
104067,BAGAZAN,2004,04,11,0.0,-999,-999
104067,BAGAZAN,2004,04,12,0.0,-999,-999
104067,BAGAZAN,2004,04,13,0.0,-999,-999
104067,BAGAZAN,2004,04,14,0.0,-999,-999
104067,BAGAZAN,2004,04,15,0.0,-999,-999
104067,BAGAZAN,2004,04,16,0.0,-999,-999
104067,BAGAZAN,2004,04,17,0.0,-999,-999
104067,BAGAZAN,2004,04,18,20.5,-999,-999
104067,BAGAZAN,2004,04,19,0.0,-999,-999
104067,BAGAZAN,2004,04,20,14.5,-999,-999
104067,BAGAZAN,2004,04,21,0.0,-999,-999
104067,BAGAZAN,2004,04,22,0.0,-999,-999
104067,BAGAZAN,2004,04,23,9.0,-999,-999
104067,BAGAZAN,2004,04,24,0.0,-999,-999
104067,BAGAZAN,2004,04,25,42.9,-999,-999
104067,BAGAZAN,2004,04,26,1.5,-999,-999
104067,BAGAZAN,2004,04,27,0.0,-999,-999
104067,BAGAZAN,2004,04,28,0.0,-999,-999
104067,BAGAZAN,2004,04,29,0.0,-999,-999
104067,BAGAZAN,2004,04,30,44.3,-999,-999
104067,BAGAZAN,2004,05,01,2.0,-999,-999
104067,BAGAZAN,2004,05,02,0.0,-999,-999
104067,BAGAZAN,2004,05,03,50.4,-999,-999
104067,BAGAZAN,2004,05,04,0.0,-999,-999
104067,BAGAZAN,2004,05,05,6.5,-999,-999
104067,BAGAZAN,2004,05,06,12.7,-999,-999
104067,BAGAZAN,2004,05,07,0.0,-999,-999
104067,BAGAZAN,2004,05,08,0.0,-999,-999
104067,BAGAZAN,2004,05,09,0.0,-999,-999
104067,BAGAZAN,2004,05,10,0.0,-999,-999
104067,BAGAZAN,2004,05,11,5.2,-999,-999
104067,BAGAZAN,2004,05,12,0.0,-999,-999
104067,BAGAZAN,2004,05,13,0.0,-999,-999
104067,BAGAZAN,2004,05,14,74.0,-999,-999
104067,BAGAZAN,2004,05,15,0.0,-999,-999
104067,BAGAZAN,2004,05,16,0.0,-999,-999
104067,BAGAZAN,2004,05,17,0.0,-999,-999
104067,BAGAZAN,2004,05,18,0.0,-999,-999
104067,BAGAZAN,2004,05,19,0.0,-999,-999
104067,BAGAZAN,2004,05,20,0.0,-999,-999
104067,BAGAZAN,2004,05,21,0.0,-999,-999
104067,BAGAZAN,2004,05,22,0.0,-999,-999
104067,BAGAZAN,2004,05,23,0.0,-999,-999
104067,BAGAZAN,2004,05,24,0.0,-999,-999
104067,BAGAZAN,2004,05,25,11.8,-999,-999
104067,BAGAZAN,2004,05,26,36.2,-999,-999
104067,BAGAZAN,2004,05,27,13.0,-999,-999
104067,BAGAZAN,2004,05,28,0.0,-999,-999
104067,BAGAZAN,2004,05,29,0.0,-999,-999
104067,BAGAZAN,2004,05,30,0.0,-999,-999
104067,BAGAZAN,2004,05,31,32.8,-999,-999
104067,BAGAZAN,2004,06,01,0.0,-999,-999
104067,BAGAZAN,2004,06,02,75.9,-999,-999
104067,BAGAZAN,2004,06,03,0.0,-999,-999
104067,BAGAZAN,2004,06,04,0.0,-999,-999
104067,BAGAZAN,2004,06,05,0.0,-999,-999
104067,BAGAZAN,2004,06,06,29.0,-999,-999
104067,BAGAZAN,2004,06,07,0.0,-999,-999
104067,BAGAZAN,2004,06,08,0.0,-999,-999
104067,BAGAZAN,2004,06,09,0.0,-999,-999
104067,BAGAZAN,2004,06,10,0.0,-999,-999
104067,BAGAZAN,2004,06,11,0.0,-999,-999
104067,BAGAZAN,2004,06,12,6.5,-999,-999
104067,BAGAZAN,2004,06,13,0.0,-999,-999
104067,BAGAZAN,2004,06,14,0.0,-999,-999
104067,BAGAZAN,2004,06,15,0.0,-999,-999
104067,BAGAZAN,2004,06,16,0.0,-999,-999
104067,BAGAZAN,2004,06,17,0.0,-999,-999
104067,BAGAZAN,2004,06,18,28.7,-999,-999
104067,BAGAZAN,2004,06,19,8.7,-999,-999
104067,BAGAZAN,2004,06,20,0.0,-999,-999
104067,BAGAZAN,2004,06,21,17.2,-999,-999
104067,BAGAZAN,2004,06,22,17.6,-999,-999
104067,BAGAZAN,2004,06,23,0.0,-999,-999
104067,BAGAZAN,2004,06,24,37.5,-999,-999
104067,BAGAZAN,2004,06,25,12.8,-999,-999
104067,BAGAZAN,2004,06,26,17.4,-999,-999
104067,BAGAZAN,2004,06,27,7.0,-999,-999
104067,BAGAZAN,2004,06,28,0.0,-999,-999
104067,BAGAZAN,2004,06,29,0.0,-999,-999
104067,BAGAZAN,2004,06,30,5.2,-999,-999
104067,BAGAZAN,2004,07,01,0.0,-999,-999
104067,BAGAZAN,2004,07,02,25.3,-999,-999
104067,BAGAZAN,2004,07,03,13.8,-999,-999
104067,BAGAZAN,2004,07,04,0.0,-999,-999
104067,BAGAZAN,2004,07,05,0.0,-999,-999
104067,BAGAZAN,2004,07,06,13.4,-999,-999
104067,BAGAZAN,2004,07,07,0.0,-999,-999
104067,BAGAZAN,2004,07,08,0.0,-999,-999
104067,BAGAZAN,2004,07,09,0.0,-999,-999
104067,BAGAZAN,2004,07,10,0.0,-999,-999
104067,BAGAZAN,2004,07,11,8.0,-999,-999
104067,BAGAZAN,2004,07,12,13.5,-999,-999
104067,BAGAZAN,2004,07,13,7.4,-999,-999
104067,BAGAZAN,2004,07,14,60.6,-999,-999
104067,BAGAZAN,2004,07,15,5.2,-999,-999
104067,BAGAZAN,2004,07,16,0.0,-999,-999
104067,BAGAZAN,2004,07,17,0.0,-999,-999
104067,BAGAZAN,2004,07,18,0.0,-999,-999
104067,BAGAZAN,2004,07,19,0.0,-999,-999
104067,BAGAZAN,2004,07,20,0.0,-999,-999
104067,BAGAZAN,2004,07,21,0.0,-999,-999
104067,BAGAZAN,2004,07,22,0.0,-999,-999
104067,BAGAZAN,2004,07,23,19.8,-999,-999
104067,BAGAZAN,2004,07,24,29.0,-999,-999
104067,BAGAZAN,2004,07,25,30.0,-999,-999
104067,BAGAZAN,2004,07,26,0.0,-999,-999
104067,BAGAZAN,2004,07,27,0.0,-999,-999
104067,BAGAZAN,2004,07,28,0.0,-999,-999
104067,BAGAZAN,2004,07,29,0.0,-999,-999
104067,BAGAZAN,2004,07,30,19.4,-999,-999
104067,BAGAZAN,2004,07,31,0.0,-999,-999
104067,BAGAZAN,2004,08,01,0.0,-999,-999
104067,BAGAZAN,2004,08,02,0.0,-999,-999
104067,BAGAZAN,2004,08,03,0.0,-999,-999
104067,BAGAZAN,2004,08,04,0.0,-999,-999
104067,BAGAZAN,2004,08,05,19.3,-999,-999
104067,BAGAZAN,2004,08,06,22.7,-999,-999
104067,BAGAZAN,2004,08,07,0.0,-999,-999
104067,BAGAZAN,2004,08,08,4.8,-999,-999
104067,BAGAZAN,2004,08,09,0.0,-999,-999
104067,BAGAZAN,2004,08,10,0.0,-999,-999
104067,BAGAZAN,2004,08,11,0.0,-999,-999
104067,BAGAZAN,2004,08,12,0.0,-999,-999
104067,BAGAZAN,2004,08,13,8.4,-999,-999
104067,BAGAZAN,2004,08,14,46.7,-999,-999
104067,BAGAZAN,2004,08,15,0.0,-999,-999
104067,BAGAZAN,2004,08,16,0.0,-999,-999
104067,BAGAZAN,2004,08,17,0.0,-999,-999
104067,BAGAZAN,2004,08,18,0.0,-999,-999
104067,BAGAZAN,2004,08,19,19.0,-999,-999
104067,BAGAZAN,2004,08,20,0.0,-999,-999
104067,BAGAZAN,2004,08,21,0.0,-999,-999
104067,BAGAZAN,2004,08,22,0.0,-999,-999
104067,BAGAZAN,2004,08,23,6.3,-999,-999
104067,BAGAZAN,2004,08,24,17.0,-999,-999
104067,BAGAZAN,2004,08,25,0.0,-999,-999
104067,BAGAZAN,2004,08,26,0.0,-999,-999
104067,BAGAZAN,2004,08,27,0.0,-999,-999
104067,BAGAZAN,2004,08,28,0.0,-999,-999
104067,BAGAZAN,2004,08,29,46.5,-999,-999
104067,BAGAZAN,2004,08,30,0.0,-999,-999
104067,BAGAZAN,2004,08,31,0.0,-999,-999
104067,BAGAZAN,2004,09,01,0.0,-999,-999
104067,BAGAZAN,2004,09,02,0.0,-999,-999
104067,BAGAZAN,2004,09,03,0.0,-999,-999
104067,BAGAZAN,2004,09,04,0.0,-999,-999
104067,BAGAZAN,2004,09,05,12.7,-999,-999
104067,BAGAZAN,2004,09,06,0.0,-999,-999
104067,BAGAZAN,2004,09,07,0.0,-999,-999
104067,BAGAZAN,2004,09,08,4.6,-999,-999
104067,BAGAZAN,2004,09,09,0.0,-999,-999
104067,BAGAZAN,2004,09,10,0.0,-999,-999
104067,BAGAZAN,2004,09,11,0.0,-999,-999
104067,BAGAZAN,2004,09,12,0.0,-999,-999
104067,BAGAZAN,2004,09,13,0.0,-999,-999
104067,BAGAZAN,2004,09,14,0.0,-999,-999
104067,BAGAZAN,2004,09,15,0.0,-999,-999
104067,BAGAZAN,2004,09,16,0.0,-999,-999
104067,BAGAZAN,2004,09,17,4.0,-999,-999
104067,BAGAZAN,2004,09,18,0.0,-999,-999
104067,BAGAZAN,2004,09,19,0.0,-999,-999
104067,BAGAZAN,2004,09,20,6.7,-999,-999
104067,BAGAZAN,2004,09,21,0.0,-999,-999
104067,BAGAZAN,2004,09,22,4.0,-999,-999
104067,BAGAZAN,2004,09,23,8.0,-999,-999
104067,BAGAZAN,2004,09,24,0.0,-999,-999
104067,BAGAZAN,2004,09,25,21.1,-999,-999
104067,BAGAZAN,2004,09,26,0.0,-999,-999
104067,BAGAZAN,2004,09,27,8.0,-999,-999
104067,BAGAZAN,2004,09,28,0.0,-999,-999
104067,BAGAZAN,2004,09,29,0.0,-999,-999
104067,BAGAZAN,2004,09,30,3.0,-999,-999
104067,BAGAZAN,2004,10,01,5.3,-999,-999
104067,BAGAZAN,2004,10,02,10.2,-999,-999
104067,BAGAZAN,2004,10,03,0.0,-999,-999
104067,BAGAZAN,2004,10,04,0.0,-999,-999
104067,BAGAZAN,2004,10,05,27.0,-999,-999
104067,BAGAZAN,2004,10,06,0.0,-999,-999
104067,BAGAZAN,2004,10,07,0.0,-999,-999
104067,BAGAZAN,2004,10,08,0.0,-999,-999
104067,BAGAZAN,2004,10,09,0.0,-999,-999
104067,BAGAZAN,2004,10,10,12.0,-999,-999
104067,BAGAZAN,2004,10,11,0.0,-999,-999
104067,BAGAZAN,2004,10,12,0.0,-999,-999
104067,BAGAZAN,2004,10,13,6.6,-999,-999
104067,BAGAZAN,2004,10,14,0.0,-999,-999
104067,BAGAZAN,2004,10,15,0.0,-999,-999
104067,BAGAZAN,2004,10,16,0.0,-999,-999
104067,BAGAZAN,2004,10,17,0.0,-999,-999
104067,BAGAZAN,2004,10,18,5.2,-999,-999
104067,BAGAZAN,2004,10,19,6.0,-999,-999
104067,BAGAZAN,2004,10,20,7.5,-999,-999
104067,BAGAZAN,2004,10,21,0.0,-999,-999
104067,BAGAZAN,2004,10,22,0.0,-999,-999
104067,BAGAZAN,2004,10,23,16.5,-999,-999
104067,BAGAZAN,2004,10,24,0.0,-999,-999
104067,BAGAZAN,2004,10,25,0.0,-999,-999
104067,BAGAZAN,2004,10,26,0.0,-999,-999
104067,BAGAZAN,2004,10,27,11.2,-999,-999
104067,BAGAZAN,2004,10,28,11.8,-999,-999
104067,BAGAZAN,2004,10,29,0.0,-999,-999
104067,BAGAZAN,2004,10,30,0.0,-999,-999
104067,BAGAZAN,2004,10,31,91.2,-999,-999
104067,BAGAZAN,2004,11,01,0.0,-999,-999
104067,BAGAZAN,2004,11,02,6.7,-999,-999
104067,BAGAZAN,2004,11,03,0.0,-999,-999
104067,BAGAZAN,2004,11,04,0.0,-999,-999
104067,BAGAZAN,2004,11,05,0.0,-999,-999
104067,BAGAZAN,2004,11,06,45.5,-999,-999
104067,BAGAZAN,2004,11,07,60.0,-999,-999
104067,BAGAZAN,2004,11,08,14.8,-999,-999
104067,BAGAZAN,2004,11,09,0.0,-999,-999
104067,BAGAZAN,2004,11,10,0.0,-999,-999
104067,BAGAZAN,2004,11,11,8.7,-999,-999
104067,BAGAZAN,2004,11,12,85.5,-999,-999
104067,BAGAZAN,2004,11,13,0.0,-999,-999
104067,BAGAZAN,2004,11,14,0.0,-999,-999
104067,BAGAZAN,2004,11,15,0.0,-999,-999
104067,BAGAZAN,2004,11,16,0.0,-999,-999
104067,BAGAZAN,2004,11,17,0.0,-999,-999
104067,BAGAZAN,2004,11,18,14.3,-999,-999
104067,BAGAZAN,2004,11,19,2.4,-999,-999
104067,BAGAZAN,2004,11,20,13.4,-999,-999
104067,BAGAZAN,2004,11,21,0.0,-999,-999
104067,BAGAZAN,2004,11,22,0.0,-999,-999
104067,BAGAZAN,2004,11,23,0.0,-999,-999
104067,BAGAZAN,2004,11,24,3.2,-999,-999
104067,BAGAZAN,2004,11,25,0.0,-999,-999
104067,BAGAZAN,2004,11,26,0.0,-999,-999
104067,BAGAZAN,2004,11,27,0.0,-999,-999
104067,BAGAZAN,2004,11,28,0.0,-999,-999
104067,BAGAZAN,2004,11,29,0.0,-999,-999
104067,BAGAZAN,2004,11,30,95.5,-999,-999
104067,BAGAZAN,2004,12,01,0.0,-999,-999
104067,BAGAZAN,2004,12,02,0.0,-999,-999
104067,BAGAZAN,2004,12,03,8.6,-999,-999
104067,BAGAZAN,2004,12,04,0.0,-999,-999
104067,BAGAZAN,2004,12,05,52.4,-999,-999
104067,BAGAZAN,2004,12,06,0.0,-999,-999
104067,BAGAZAN,2004,12,07,12.4,-999,-999
104067,BAGAZAN,2004,12,08,0.0,-999,-999
104067,BAGAZAN,2004,12,09,18.5,-999,-999
104067,BAGAZAN,2004,12,10,0.0,-999,-999
104067,BAGAZAN,2004,12,11,0.0,-999,-999
104067,BAGAZAN,2004,12,12,0.0,-999,-999
104067,BAGAZAN,2004,12,13,0.0,-999,-999
104067,BAGAZAN,2004,12,14,31.4,-999,-999
104067,BAGAZAN,2004,12,15,0.0,-999,-999
104067,BAGAZAN,2004,12,16,0.0,-999,-999
104067,BAGAZAN,2004,12,17,0.0,-999,-999
104067,BAGAZAN,2004,12,18,0.0,-999,-999
104067,BAGAZAN,2004,12,19,0.0,-999,-999
104067,BAGAZAN,2004,12,20,31.5,-999,-999
104067,BAGAZAN,2004,12,21,0.0,-999,-999
104067,BAGAZAN,2004,12,22,0.0,-999,-999
104067,BAGAZAN,2004,12,23,0.0,-999,-999
104067,BAGAZAN,2004,12,24,0.0,-999,-999
104067,BAGAZAN,2004,12,25,0.0,-999,-999
104067,BAGAZAN,2004,12,26,13.5,-999,-999
104067,BAGAZAN,2004,12,27,0.0,-999,-999
104067,BAGAZAN,2004,12,28,29.0,-999,-999
104067,BAGAZAN,2004,12,29,60.0,-999,-999
104067,BAGAZAN,2004,12,30,38.0,-999,-999
104067,BAGAZAN,2004,12,31,24.6,-999,-999
104067,BAGAZAN,2005,01,01,0.0,-999,-999
104067,BAGAZAN,2005,01,02,0.0,-999,-999
104067,BAGAZAN,2005,01,03,3.0,-999,-999
104067,BAGAZAN,2005,01,04,57.0,-999,-999
104067,BAGAZAN,2005,01,05,32.0,-999,-999
104067,BAGAZAN,2005,01,06,26.0,-999,-999
104067,BAGAZAN,2005,01,07,0.0,-999,-999
104067,BAGAZAN,2005,01,08,0.0,-999,-999
104067,BAGAZAN,2005,01,09,11.2,-999,-999
104067,BAGAZAN,2005,01,10,0.0,-999,-999
104067,BAGAZAN,2005,01,11,0.0,-999,-999
104067,BAGAZAN,2005,01,12,11.6,-999,-999
104067,BAGAZAN,2005,01,13,0.0,-999,-999
104067,BAGAZAN,2005,01,14,0.0,-999,-999
104067,BAGAZAN,2005,01,15,0.0,-999,-999
104067,BAGAZAN,2005,01,16,0.0,-999,-999
104067,BAGAZAN,2005,01,17,5.4,-999,-999
104067,BAGAZAN,2005,01,18,0.0,-999,-999
104067,BAGAZAN,2005,01,19,0.0,-999,-999
104067,BAGAZAN,2005,01,20,0.0,-999,-999
104067,BAGAZAN,2005,01,21,0.0,-999,-999
104067,BAGAZAN,2005,01,22,0.0,-999,-999
104067,BAGAZAN,2005,01,23,0.0,-999,-999
104067,BAGAZAN,2005,01,24,0.0,-999,-999
104067,BAGAZAN,2005,01,25,0.0,-999,-999
104067,BAGAZAN,2005,01,26,0.0,-999,-999
104067,BAGAZAN,2005,01,27,0.0,-999,-999
104067,BAGAZAN,2005,01,28,6.0,-999,-999
104067,BAGAZAN,2005,01,29,0.0,-999,-999
104067,BAGAZAN,2005,01,30,13.6,-999,-999
104067,BAGAZAN,2005,01,31,0.0,-999,-999
104067,BAGAZAN,2005,02,01,0.0,-999,-999
104067,BAGAZAN,2005,02,02,5.2,-999,-999
104067,BAGAZAN,2005,02,03,0.0,-999,-999
104067,BAGAZAN,2005,02,04,0.0,-999,-999
104067,BAGAZAN,2005,02,05,10.4,-999,-999
104067,BAGAZAN,2005,02,06,0.0,-999,-999
104067,BAGAZAN,2005,02,07,0.0,-999,-999
104067,BAGAZAN,2005,02,08,10.6,-999,-999
104067,BAGAZAN,2005,02,09,50.4,-999,-999
104067,BAGAZAN,2005,02,10,0.0,-999,-999
104067,BAGAZAN,2005,02,11,13.6,-999,-999
104067,BAGAZAN,2005,02,12,0.0,-999,-999
104067,BAGAZAN,2005,02,13,1.5,-999,-999
104067,BAGAZAN,2005,02,14,0.0,-999,-999
104067,BAGAZAN,2005,02,15,0.0,-999,-999
104067,BAGAZAN,2005,02,16,0.0,-999,-999
104067,BAGAZAN,2005,02,17,9.4,-999,-999
104067,BAGAZAN,2005,02,18,0.0,-999,-999
104067,BAGAZAN,2005,02,19,0.0,-999,-999
104067,BAGAZAN,2005,02,20,27.0,-999,-999
104067,BAGAZAN,2005,02,21,0.0,-999,-999
104067,BAGAZAN,2005,02,22,0.0,-999,-999
104067,BAGAZAN,2005,02,23,0.0,-999,-999
104067,BAGAZAN,2005,02,24,0.0,-999,-999
104067,BAGAZAN,2005,02,25,4.8,-999,-999
104067,BAGAZAN,2005,02,26,0.0,-999,-999
104067,BAGAZAN,2005,02,27,0.0,-999,-999
104067,BAGAZAN,2005,02,28,0.0,-999,-999
104067,BAGAZAN,2005,03,01,6.0,-999,-999
104067,BAGAZAN,2005,03,02,0.0,-999,-999
104067,BAGAZAN,2005,03,03,0.0,-999,-999
104067,BAGAZAN,2005,03,04,11.6,-999,-999
104067,BAGAZAN,2005,03,05,19.4,-999,-999
104067,BAGAZAN,2005,03,06,0.0,-999,-999
104067,BAGAZAN,2005,03,07,0.0,-999,-999
104067,BAGAZAN,2005,03,08,2.5,-999,-999
104067,BAGAZAN,2005,03,09,0.0,-999,-999
104067,BAGAZAN,2005,03,10,0.0,-999,-999
104067,BAGAZAN,2005,03,11,0.0,-999,-999
104067,BAGAZAN,2005,03,12,0.0,-999,-999
104067,BAGAZAN,2005,03,13,20.0,-999,-999
104067,BAGAZAN,2005,03,14,24.4,-999,-999
104067,BAGAZAN,2005,03,15,0.0,-999,-999
104067,BAGAZAN,2005,03,16,0.0,-999,-999
104067,BAGAZAN,2005,03,17,0.0,-999,-999
104067,BAGAZAN,2005,03,18,0.0,-999,-999
104067,BAGAZAN,2005,03,19,0.0,-999,-999
104067,BAGAZAN,2005,03,20,3.4,-999,-999
104067,BAGAZAN,2005,03,21,13.2,-999,-999
104067,BAGAZAN,2005,03,22,0.0,-999,-999
104067,BAGAZAN,2005,03,23,103.4,-999,-999
104067,BAGAZAN,2005,03,24,50.4,-999,-999
104067,BAGAZAN,2005,03,25,0.0,-999,-999
104067,BAGAZAN,2005,03,26,3.4,-999,-999
104067,BAGAZAN,2005,03,27,0.0,-999,-999
104067,BAGAZAN,2005,03,28,0.0,-999,-999
104067,BAGAZAN,2005,03,29,0.0,-999,-999
104067,BAGAZAN,2005,03,30,0.0,-999,-999
104067,BAGAZAN,2005,03,31,0.0,-999,-999
104067,BAGAZAN,2005,04,01,20.6,-999,-999
104067,BAGAZAN,2005,04,02,0.0,-999,-999
104067,BAGAZAN,2005,04,03,7.1,-999,-999
104067,BAGAZAN,2005,04,04,10.5,-999,-999
104067,BAGAZAN,2005,04,05,8.5,-999,-999
104067,BAGAZAN,2005,04,06,11.0,-999,-999
104067,BAGAZAN,2005,04,07,11.3,-999,-999
104067,BAGAZAN,2005,04,08,11.6,-999,-999
104067,BAGAZAN,2005,04,09,17.0,-999,-999
104067,BAGAZAN,2005,04,10,6.5,-999,-999
104067,BAGAZAN,2005,04,11,0.0,-999,-999
104067,BAGAZAN,2005,04,12,0.0,-999,-999
104067,BAGAZAN,2005,04,13,0.0,-999,-999
104067,BAGAZAN,2005,04,14,49.6,-999,-999
104067,BAGAZAN,2005,04,15,2.5,-999,-999
104067,BAGAZAN,2005,04,16,0.0,-999,-999
104067,BAGAZAN,2005,04,17,19.2,-999,-999
104067,BAGAZAN,2005,04,18,0.0,-999,-999
104067,BAGAZAN,2005,04,19,8.0,-999,-999
104067,BAGAZAN,2005,04,20,9.9,-999,-999
104067,BAGAZAN,2005,04,21,42.5,-999,-999
104067,BAGAZAN,2005,04,22,0.0,-999,-999
104067,BAGAZAN,2005,04,23,0.0,-999,-999
104067,BAGAZAN,2005,04,24,21.0,-999,-999
104067,BAGAZAN,2005,04,25,33.8,-999,-999
104067,BAGAZAN,2005,04,26,0.0,-999,-999
104067,BAGAZAN,2005,04,27,0.0,-999,-999
104067,BAGAZAN,2005,04,28,0.0,-999,-999
104067,BAGAZAN,2005,04,29,0.0,-999,-999
104067,BAGAZAN,2005,04,30,0.0,-999,-999
104067,BAGAZAN,2005,05,01,0.0,-999,-999
104067,BAGAZAN,2005,05,02,0.0,-999,-999
104067,BAGAZAN,2005,05,03,0.0,-999,-999
104067,BAGAZAN,2005,05,04,0.0,-999,-999
104067,BAGAZAN,2005,05,05,0.0,-999,-999
104067,BAGAZAN,2005,05,06,0.0,-999,-999
104067,BAGAZAN,2005,05,07,19.5,-999,-999
104067,BAGAZAN,2005,05,08,9.6,-999,-999
104067,BAGAZAN,2005,05,09,30.0,-999,-999
104067,BAGAZAN,2005,05,10,4.3,-999,-999
104067,BAGAZAN,2005,05,11,0.0,-999,-999
104067,BAGAZAN,2005,05,12,0.0,-999,-999
104067,BAGAZAN,2005,05,13,4.5,-999,-999
104067,BAGAZAN,2005,05,14,0.0,-999,-999
104067,BAGAZAN,2005,05,15,14.0,-999,-999
104067,BAGAZAN,2005,05,16,0.0,-999,-999
104067,BAGAZAN,2005,05,17,0.0,-999,-999
104067,BAGAZAN,2005,05,18,0.0,-999,-999
104067,BAGAZAN,2005,05,19,0.0,-999,-999
104067,BAGAZAN,2005,05,20,0.0,-999,-999
104067,BAGAZAN,2005,05,21,0.0,-999,-999
104067,BAGAZAN,2005,05,22,2.6,-999,-999
104067,BAGAZAN,2005,05,23,0.0,-999,-999
104067,BAGAZAN,2005,05,24,0.0,-999,-999
104067,BAGAZAN,2005,05,25,33.5,-999,-999
104067,BAGAZAN,2005,05,26,0.0,-999,-999
104067,BAGAZAN,2005,05,27,11.0,-999,-999
104067,BAGAZAN,2005,05,28,34.5,-999,-999
104067,BAGAZAN,2005,05,29,0.0,-999,-999
104067,BAGAZAN,2005,05,30,0.0,-999,-999
104067,BAGAZAN,2005,05,31,7.6,-999,-999
104067,BAGAZAN,2005,06,01,10.7,-999,-999
104067,BAGAZAN,2005,06,02,0.0,-999,-999
104067,BAGAZAN,2005,06,03,0.0,-999,-999
104067,BAGAZAN,2005,06,04,9.6,-999,-999
104067,BAGAZAN,2005,06,05,17.0,-999,-999
104067,BAGAZAN,2005,06,06,0.0,-999,-999
104067,BAGAZAN,2005,06,07,0.0,-999,-999
104067,BAGAZAN,2005,06,08,0.0,-999,-999
104067,BAGAZAN,2005,06,09,0.0,-999,-999
104067,BAGAZAN,2005,06,10,0.0,-999,-999
104067,BAGAZAN,2005,06,11,0.0,-999,-999
104067,BAGAZAN,2005,06,12,18.3,-999,-999
104067,BAGAZAN,2005,06,13,0.0,-999,-999
104067,BAGAZAN,2005,06,14,33.0,-999,-999
104067,BAGAZAN,2005,06,15,0.0,-999,-999
104067,BAGAZAN,2005,06,16,6.0,-999,-999
104067,BAGAZAN,2005,06,17,38.2,-999,-999
104067,BAGAZAN,2005,06,18,0.0,-999,-999
104067,BAGAZAN,2005,06,19,0.0,-999,-999
104067,BAGAZAN,2005,06,20,0.0,-999,-999
104067,BAGAZAN,2005,06,21,0.0,-999,-999
104067,BAGAZAN,2005,06,22,0.0,-999,-999
104067,BAGAZAN,2005,06,23,0.0,-999,-999
104067,BAGAZAN,2005,06,24,0.0,-999,-999
104067,BAGAZAN,2005,06,25,0.0,-999,-999
104067,BAGAZAN,2005,06,26,0.0,-999,-999
104067,BAGAZAN,2005,06,27,0.0,-999,-999
104067,BAGAZAN,2005,06,28,20.0,-999,-999
104067,BAGAZAN,2005,06,29,90.8,-999,-999
104067,BAGAZAN,2005,06,30,5.0,-999,-999
104067,BAGAZAN,2005,07,01,2.5,-999,-999
104067,BAGAZAN,2005,07,02,0.0,-999,-999
104067,BAGAZAN,2005,07,03,0.0,-999,-999
104067,BAGAZAN,2005,07,04,0.0,-999,-999
104067,BAGAZAN,2005,07,05,3.0,-999,-999
104067,BAGAZAN,2005,07,06,17.6,-999,-999
104067,BAGAZAN,2005,07,07,0.0,-999,-999
104067,BAGAZAN,2005,07,08,0.0,-999,-999
104067,BAGAZAN,2005,07,09,0.0,-999,-999
104067,BAGAZAN,2005,07,10,0.0,-999,-999
104067,BAGAZAN,2005,07,11,0.0,-999,-999
104067,BAGAZAN,2005,07,12,0.0,-999,-999
104067,BAGAZAN,2005,07,13,0.0,-999,-999
104067,BAGAZAN,2005,07,14,0.0,-999,-999
104067,BAGAZAN,2005,07,15,0.0,-999,-999
104067,BAGAZAN,2005,07,16,6.2,-999,-999
104067,BAGAZAN,2005,07,17,0.0,-999,-999
104067,BAGAZAN,2005,07,18,44.2,-999,-999
104067,BAGAZAN,2005,07,19,34.2,-999,-999
104067,BAGAZAN,2005,07,20,0.0,-999,-999
104067,BAGAZAN,2005,07,21,0.0,-999,-999
104067,BAGAZAN,2005,07,22,0.0,-999,-999
104067,BAGAZAN,2005,07,23,0.0,-999,-999
104067,BAGAZAN,2005,07,24,0.0,-999,-999
104067,BAGAZAN,2005,07,25,0.0,-999,-999
104067,BAGAZAN,2005,07,26,0.0,-999,-999
104067,BAGAZAN,2005,07,27,0.0,-999,-999
104067,BAGAZAN,2005,07,28,0.0,-999,-999
104067,BAGAZAN,2005,07,29,0.0,-999,-999
104067,BAGAZAN,2005,07,30,0.0,-999,-999
104067,BAGAZAN,2005,07,31,0.0,-999,-999
104067,BAGAZAN,2005,08,01,18.8,-999,-999
104067,BAGAZAN,2005,08,02,5.0,-999,-999
104067,BAGAZAN,2005,08,03,1.2,-999,-999
104067,BAGAZAN,2005,08,04,0.0,-999,-999
104067,BAGAZAN,2005,08,05,4.2,-999,-999
104067,BAGAZAN,2005,08,06,0.0,-999,-999
104067,BAGAZAN,2005,08,07,0.0,-999,-999
104067,BAGAZAN,2005,08,08,0.0,-999,-999
104067,BAGAZAN,2005,08,09,0.0,-999,-999
104067,BAGAZAN,2005,08,10,0.0,-999,-999
104067,BAGAZAN,2005,08,11,0.0,-999,-999
104067,BAGAZAN,2005,08,12,0.0,-999,-999
104067,BAGAZAN,2005,08,13,0.0,-999,-999
104067,BAGAZAN,2005,08,14,0.0,-999,-999
104067,BAGAZAN,2005,08,15,0.0,-999,-999
104067,BAGAZAN,2005,08,16,20.0,-999,-999
104067,BAGAZAN,2005,08,17,8.2,-999,-999
104067,BAGAZAN,2005,08,18,0.0,-999,-999
104067,BAGAZAN,2005,08,19,0.0,-999,-999
104067,BAGAZAN,2005,08,20,0.0,-999,-999
104067,BAGAZAN,2005,08,21,0.0,-999,-999
104067,BAGAZAN,2005,08,22,0.0,-999,-999
104067,BAGAZAN,2005,08,23,0.0,-999,-999
104067,BAGAZAN,2005,08,24,0.0,-999,-999
104067,BAGAZAN,2005,08,25,0.0,-999,-999
104067,BAGAZAN,2005,08,26,42.4,-999,-999
104067,BAGAZAN,2005,08,27,0.0,-999,-999
104067,BAGAZAN,2005,08,28,0.0,-999,-999
104067,BAGAZAN,2005,08,29,0.0,-999,-999
104067,BAGAZAN,2005,08,30,0.0,-999,-999
104067,BAGAZAN,2005,08,31,0.0,-999,-999
104067,BAGAZAN,2005,09,01,0.0,-999,-999
104067,BAGAZAN,2005,09,02,12.2,-999,-999
104067,BAGAZAN,2005,09,03,0.0,-999,-999
104067,BAGAZAN,2005,09,04,0.0,-999,-999
104067,BAGAZAN,2005,09,05,0.0,-999,-999
104067,BAGAZAN,2005,09,06,0.0,-999,-999
104067,BAGAZAN,2005,09,07,3.4,-999,-999
104067,BAGAZAN,2005,09,08,0.0,-999,-999
104067,BAGAZAN,2005,09,09,0.0,-999,-999
104067,BAGAZAN,2005,09,10,0.0,-999,-999
104067,BAGAZAN,2005,09,11,0.0,-999,-999
104067,BAGAZAN,2005,09,12,49.5,-999,-999
104067,BAGAZAN,2005,09,13,0.0,-999,-999
104067,BAGAZAN,2005,09,14,0.0,-999,-999
104067,BAGAZAN,2005,09,15,0.0,-999,-999
104067,BAGAZAN,2005,09,16,9.8,-999,-999
104067,BAGAZAN,2005,09,17,0.0,-999,-999
104067,BAGAZAN,2005,09,18,0.0,-999,-999
104067,BAGAZAN,2005,09,19,0.0,-999,-999
104067,BAGAZAN,2005,09,20,0.0,-999,-999
104067,BAGAZAN,2005,09,21,60.2,-999,-999
104067,BAGAZAN,2005,09,22,0.0,-999,-999
104067,BAGAZAN,2005,09,23,0.0,-999,-999
104067,BAGAZAN,2005,09,24,0.0,-999,-999
104067,BAGAZAN,2005,09,25,0.0,-999,-999
104067,BAGAZAN,2005,09,26,7.3,-999,-999
104067,BAGAZAN,2005,09,27,0.0,-999,-999
104067,BAGAZAN,2005,09,28,0.0,-999,-999
104067,BAGAZAN,2005,09,29,0.0,-999,-999
104067,BAGAZAN,2005,09,30,0.0,-999,-999
104067,BAGAZAN,2005,10,01,0.0,-999,-999
104067,BAGAZAN,2005,10,02,0.0,-999,-999
104067,BAGAZAN,2005,10,03,5.0,-999,-999
104067,BAGAZAN,2005,10,04,0.0,-999,-999
104067,BAGAZAN,2005,10,05,0.0,-999,-999
104067,BAGAZAN,2005,10,06,100.5,-999,-999
104067,BAGAZAN,2005,10,07,0.0,-999,-999
104067,BAGAZAN,2005,10,08,35.4,-999,-999
104067,BAGAZAN,2005,10,09,0.0,-999,-999
104067,BAGAZAN,2005,10,10,0.0,-999,-999
104067,BAGAZAN,2005,10,11,0.0,-999,-999
104067,BAGAZAN,2005,10,12,0.0,-999,-999
104067,BAGAZAN,2005,10,13,11.5,-999,-999
104067,BAGAZAN,2005,10,14,0.0,-999,-999
104067,BAGAZAN,2005,10,15,21.5,-999,-999
104067,BAGAZAN,2005,10,16,0.0,-999,-999
104067,BAGAZAN,2005,10,17,0.0,-999,-999
104067,BAGAZAN,2005,10,18,25.0,-999,-999
104067,BAGAZAN,2005,10,19,35.0,-999,-999
104067,BAGAZAN,2005,10,20,33.0,-999,-999
104067,BAGAZAN,2005,10,21,0.0,-999,-999
104067,BAGAZAN,2005,10,22,0.0,-999,-999
104067,BAGAZAN,2005,10,23,4.4,-999,-999
104067,BAGAZAN,2005,10,24,0.0,-999,-999
104067,BAGAZAN,2005,10,25,0.0,-999,-999
104067,BAGAZAN,2005,10,26,0.0,-999,-999
104067,BAGAZAN,2005,10,27,3.5,-999,-999
104067,BAGAZAN,2005,10,28,0.0,-999,-999
104067,BAGAZAN,2005,10,29,0.0,-999,-999
104067,BAGAZAN,2005,10,30,16.2,-999,-999
104067,BAGAZAN,2005,10,31,32.5,-999,-999
104067,BAGAZAN,2005,11,01,0.0,-999,-999
104067,BAGAZAN,2005,11,02,8.7,-999,-999
104067,BAGAZAN,2005,11,03,0.0,-999,-999
104067,BAGAZAN,2005,11,04,79.7,-999,-999
104067,BAGAZAN,2005,11,05,0.0,-999,-999
104067,BAGAZAN,2005,11,06,42.3,-999,-999
104067,BAGAZAN,2005,11,07,0.0,-999,-999
104067,BAGAZAN,2005,11,08,28.2,-999,-999
104067,BAGAZAN,2005,11,09,7.5,-999,-999
104067,BAGAZAN,2005,11,10,0.0,-999,-999
104067,BAGAZAN,2005,11,11,0.0,-999,-999
104067,BAGAZAN,2005,11,12,60.0,-999,-999
104067,BAGAZAN,2005,11,13,0.0,-999,-999
104067,BAGAZAN,2005,11,14,0.0,-999,-999
104067,BAGAZAN,2005,11,15,0.0,-999,-999
104067,BAGAZAN,2005,11,16,0.0,-999,-999
104067,BAGAZAN,2005,11,17,8.8,-999,-999
104067,BAGAZAN,2005,11,18,14.8,-999,-999
104067,BAGAZAN,2005,11,19,0.0,-999,-999
104067,BAGAZAN,2005,11,20,8.4,-999,-999
104067,BAGAZAN,2005,11,21,7.8,-999,-999
104067,BAGAZAN,2005,11,22,0.0,-999,-999
104067,BAGAZAN,2005,11,23,0.0,-999,-999
104067,BAGAZAN,2005,11,24,0.0,-999,-999
104067,BAGAZAN,2005,11,25,2.0,-999,-999
104067,BAGAZAN,2005,11,26,0.0,-999,-999
104067,BAGAZAN,2005,11,27,0.0,-999,-999
104067,BAGAZAN,2005,11,28,0.0,-999,-999
104067,BAGAZAN,2005,11,29,0.0,-999,-999
104067,BAGAZAN,2005,11,30,0.0,-999,-999
104067,BAGAZAN,2005,12,01,0.0,-999,-999
104067,BAGAZAN,2005,12,02,18.6,-999,-999
104067,BAGAZAN,2005,12,03,0.0,-999,-999
104067,BAGAZAN,2005,12,04,0.0,-999,-999
104067,BAGAZAN,2005,12,05,0.0,-999,-999
104067,BAGAZAN,2005,12,06,0.0,-999,-999
104067,BAGAZAN,2005,12,07,0.0,-999,-999
104067,BAGAZAN,2005,12,08,0.0,-999,-999
104067,BAGAZAN,2005,12,09,13.7,-999,-999
104067,BAGAZAN,2005,12,10,0.0,-999,-999
104067,BAGAZAN,2005,12,11,24.3,-999,-999
104067,BAGAZAN,2005,12,12,0.0,-999,-999
104067,BAGAZAN,2005,12,13,15.5,-999,-999
104067,BAGAZAN,2005,12,14,0.0,-999,-999
104067,BAGAZAN,2005,12,15,25.5,-999,-999
104067,BAGAZAN,2005,12,16,30.6,-999,-999
104067,BAGAZAN,2005,12,17,4.6,-999,-999
104067,BAGAZAN,2005,12,18,0.0,-999,-999
104067,BAGAZAN,2005,12,19,5.7,-999,-999
104067,BAGAZAN,2005,12,20,0.0,-999,-999
104067,BAGAZAN,2005,12,21,0.0,-999,-999
104067,BAGAZAN,2005,12,22,0.0,-999,-999
104067,BAGAZAN,2005,12,23,18.0,-999,-999
104067,BAGAZAN,2005,12,24,75.0,-999,-999
104067,BAGAZAN,2005,12,25,4.0,-999,-999
104067,BAGAZAN,2005,12,26,0.0,-999,-999
104067,BAGAZAN,2005,12,27,0.0,-999,-999
104067,BAGAZAN,2005,12,28,0.0,-999,-999
104067,BAGAZAN,2005,12,29,0.0,-999,-999
104067,BAGAZAN,2005,12,30,0.0,-999,-999
104067,BAGAZAN,2005,12,31,0.0,-999,-999
104067,BAGAZAN,2006,01,01,0.0,-999,-999
104067,BAGAZAN,2006,01,02,0.0,-999,-999
104067,BAGAZAN,2006,01,03,0.0,-999,-999
104067,BAGAZAN,2006,01,04,0.0,-999,-999
104067,BAGAZAN,2006,01,05,17.0,-999,-999
104067,BAGAZAN,2006,01,06,34.0,-999,-999
104067,BAGAZAN,2006,01,07,2.6,-999,-999
104067,BAGAZAN,2006,01,08,0.0,-999,-999
104067,BAGAZAN,2006,01,09,0.0,-999,-999
104067,BAGAZAN,2006,01,10,0.0,-999,-999
104067,BAGAZAN,2006,01,11,0.0,-999,-999
104067,BAGAZAN,2006,01,12,0.0,-999,-999
104067,BAGAZAN,2006,01,13,0.0,-999,-999
104067,BAGAZAN,2006,01,14,7.6,-999,-999
104067,BAGAZAN,2006,01,15,0.0,-999,-999
104067,BAGAZAN,2006,01,16,0.0,-999,-999
104067,BAGAZAN,2006,01,17,7.8,-999,-999
104067,BAGAZAN,2006,01,18,42.2,-999,-999
104067,BAGAZAN,2006,01,19,0.0,-999,-999
104067,BAGAZAN,2006,01,20,0.0,-999,-999
104067,BAGAZAN,2006,01,21,0.0,-999,-999
104067,BAGAZAN,2006,01,22,0.0,-999,-999
104067,BAGAZAN,2006,01,23,0.0,-999,-999
104067,BAGAZAN,2006,01,24,0.0,-999,-999
104067,BAGAZAN,2006,01,25,27.2,-999,-999
104067,BAGAZAN,2006,01,26,12.4,-999,-999
104067,BAGAZAN,2006,01,27,14.5,-999,-999
104067,BAGAZAN,2006,01,28,0.0,-999,-999
104067,BAGAZAN,2006,01,29,3.2,-999,-999
104067,BAGAZAN,2006,01,30,0.0,-999,-999
104067,BAGAZAN,2006,01,31,0.0,-999,-999
104067,BAGAZAN,2006,02,01,78.5,-999,-999
104067,BAGAZAN,2006,02,02,17.7,-999,-999
104067,BAGAZAN,2006,02,03,9.6,-999,-999
104067,BAGAZAN,2006,02,04,0.0,-999,-999
104067,BAGAZAN,2006,02,05,0.0,-999,-999
104067,BAGAZAN,2006,02,06,0.0,-999,-999
104067,BAGAZAN,2006,02,07,0.0,-999,-999
104067,BAGAZAN,2006,02,08,0.0,-999,-999
104067,BAGAZAN,2006,02,09,0.0,-999,-999
104067,BAGAZAN,2006,02,10,24.8,-999,-999
104067,BAGAZAN,2006,02,11,0.0,-999,-999
104067,BAGAZAN,2006,02,12,0.0,-999,-999
104067,BAGAZAN,2006,02,13,0.0,-999,-999
104067,BAGAZAN,2006,02,14,0.0,-999,-999
104067,BAGAZAN,2006,02,15,0.0,-999,-999
104067,BAGAZAN,2006,02,16,0.0,-999,-999
104067,BAGAZAN,2006,02,17,4.2,-999,-999
104067,BAGAZAN,2006,02,18,28.6,-999,-999
104067,BAGAZAN,2006,02,19,0.0,-999,-999
104067,BAGAZAN,2006,02,20,3.2,-999,-999
104067,BAGAZAN,2006,02,21,34.0,-999,-999
104067,BAGAZAN,2006,02,22,0.0,-999,-999
104067,BAGAZAN,2006,02,23,0.0,-999,-999
104067,BAGAZAN,2006,02,24,0.0,-999,-999
104067,BAGAZAN,2006,02,25,48.9,-999,-999
104067,BAGAZAN,2006,02,26,0.0,-999,-999
104067,BAGAZAN,2006,02,27,0.0,-999,-999
104067,BAGAZAN,2006,02,28,0.0,-999,-999
104067,BAGAZAN,2006,03,01,45.5,-999,-999
104067,BAGAZAN,2006,03,02,0.0,-999,-999
104067,BAGAZAN,2006,03,03,23.4,-999,-999
104067,BAGAZAN,2006,03,04,49.5,-999,-999
104067,BAGAZAN,2006,03,05,0.0,-999,-999
104067,BAGAZAN,2006,03,06,0.0,-999,-999
104067,BAGAZAN,2006,03,07,0.0,-999,-999
104067,BAGAZAN,2006,03,08,0.0,-999,-999
104067,BAGAZAN,2006,03,09,0.0,-999,-999
104067,BAGAZAN,2006,03,10,0.0,-999,-999
104067,BAGAZAN,2006,03,11,0.0,-999,-999
104067,BAGAZAN,2006,03,12,0.0,-999,-999
104067,BAGAZAN,2006,03,13,26.7,-999,-999
104067,BAGAZAN,2006,03,14,21.7,-999,-999
104067,BAGAZAN,2006,03,15,6.2,-999,-999
104067,BAGAZAN,2006,03,16,0.0,-999,-999
104067,BAGAZAN,2006,03,17,0.0,-999,-999
104067,BAGAZAN,2006,03,18,42.2,-999,-999
104067,BAGAZAN,2006,03,19,0.0,-999,-999
104067,BAGAZAN,2006,03,20,42.0,-999,-999
104067,BAGAZAN,2006,03,21,7.8,-999,-999
104067,BAGAZAN,2006,03,22,0.0,-999,-999
104067,BAGAZAN,2006,03,23,9.6,-999,-999
104067,BAGAZAN,2006,03,24,0.0,-999,-999
104067,BAGAZAN,2006,03,25,72.5,-999,-999
104067,BAGAZAN,2006,03,26,0.0,-999,-999
104067,BAGAZAN,2006,03,27,0.0,-999,-999
104067,BAGAZAN,2006,03,28,0.0,-999,-999
104067,BAGAZAN,2006,03,29,6.4,-999,-999
104067,BAGAZAN,2006,03,30,0.0,-999,-999
104067,BAGAZAN,2006,03,31,0.0,-999,-999
104067,BAGAZAN,2006,04,01,0.0,-999,-999
104067,BAGAZAN,2006,04,02,0.0,-999,-999
104067,BAGAZAN,2006,04,03,0.0,-999,-999
104067,BAGAZAN,2006,04,04,3.0,-999,-999
104067,BAGAZAN,2006,04,05,0.0,-999,-999
104067,BAGAZAN,2006,04,06,0.0,-999,-999
104067,BAGAZAN,2006,04,07,0.0,-999,-999
104067,BAGAZAN,2006,04,08,0.0,-999,-999
104067,BAGAZAN,2006,04,09,4.2,-999,-999
104067,BAGAZAN,2006,04,10,0.0,-999,-999
104067,BAGAZAN,2006,04,11,0.0,-999,-999
104067,BAGAZAN,2006,04,12,0.0,-999,-999
104067,BAGAZAN,2006,04,13,23.0,-999,-999
104067,BAGAZAN,2006,04,14,0.0,-999,-999
104067,BAGAZAN,2006,04,15,0.0,-999,-999
104067,BAGAZAN,2006,04,16,0.0,-999,-999
104067,BAGAZAN,2006,04,17,0.0,-999,-999
104067,BAGAZAN,2006,04,18,0.0,-999,-999
104067,BAGAZAN,2006,04,19,0.0,-999,-999
104067,BAGAZAN,2006,04,20,0.0,-999,-999
104067,BAGAZAN,2006,04,21,15.4,-999,-999
104067,BAGAZAN,2006,04,22,6.5,-999,-999
104067,BAGAZAN,2006,04,23,10.4,-999,-999
104067,BAGAZAN,2006,04,24,0.0,-999,-999
104067,BAGAZAN,2006,04,25,10.7,-999,-999
104067,BAGAZAN,2006,04,26,10.5,-999,-999
104067,BAGAZAN,2006,04,27,3.0,-999,-999
104067,BAGAZAN,2006,04,28,3.0,-999,-999
104067,BAGAZAN,2006,04,29,35.5,-999,-999
104067,BAGAZAN,2006,04,30,8.4,-999,-999
104067,BAGAZAN,2006,05,01,7.9,-999,-999
104067,BAGAZAN,2006,05,02,141.1,-999,-999
104067,BAGAZAN,2006,05,03,10.5,-999,-999
104067,BAGAZAN,2006,05,04,10.8,-999,-999
104067,BAGAZAN,2006,05,05,0.0,-999,-999
104067,BAGAZAN,2006,05,06,0.0,-999,-999
104067,BAGAZAN,2006,05,07,0.0,-999,-999
104067,BAGAZAN,2006,05,08,0.0,-999,-999
104067,BAGAZAN,2006,05,09,0.0,-999,-999
104067,BAGAZAN,2006,05,10,0.0,-999,-999
104067,BAGAZAN,2006,05,11,0.0,-999,-999
104067,BAGAZAN,2006,05,12,0.0,-999,-999
104067,BAGAZAN,2006,05,13,0.0,-999,-999
104067,BAGAZAN,2006,05,14,0.0,-999,-999
104067,BAGAZAN,2006,05,15,0.0,-999,-999
104067,BAGAZAN,2006,05,16,0.0,-999,-999
104067,BAGAZAN,2006,05,17,0.0,-999,-999
104067,BAGAZAN,2006,05,18,4.0,-999,-999
104067,BAGAZAN,2006,05,19,0.0,-999,-999
104067,BAGAZAN,2006,05,20,0.0,-999,-999
104067,BAGAZAN,2006,05,21,8.4,-999,-999
104067,BAGAZAN,2006,05,22,3.2,-999,-999
104067,BAGAZAN,2006,05,23,3.6,-999,-999
104067,BAGAZAN,2006,05,24,0.0,-999,-999
104067,BAGAZAN,2006,05,25,0.0,-999,-999
104067,BAGAZAN,2006,05,26,4.0,-999,-999
104067,BAGAZAN,2006,05,27,0.0,-999,-999
104067,BAGAZAN,2006,05,28,7.3,-999,-999
104067,BAGAZAN,2006,05,29,0.0,-999,-999
104067,BAGAZAN,2006,05,30,0.0,-999,-999
104067,BAGAZAN,2006,05,31,7.8,-999,-999
104067,BAGAZAN,2006,06,01,41.6,-999,-999
104067,BAGAZAN,2006,06,02,0.0,-999,-999
104067,BAGAZAN,2006,06,03,13.0,-999,-999
104067,BAGAZAN,2006,06,04,0.0,-999,-999
104067,BAGAZAN,2006,06,05,0.0,-999,-999
104067,BAGAZAN,2006,06,06,25.0,-999,-999
104067,BAGAZAN,2006,06,07,26.0,-999,-999
104067,BAGAZAN,2006,06,08,0.0,-999,-999
104067,BAGAZAN,2006,06,09,0.0,-999,-999
104067,BAGAZAN,2006,06,10,0.0,-999,-999
104067,BAGAZAN,2006,06,11,9.5,-999,-999
104067,BAGAZAN,2006,06,12,0.0,-999,-999
104067,BAGAZAN,2006,06,13,2.0,-999,-999
104067,BAGAZAN,2006,06,14,0.0,-999,-999
104067,BAGAZAN,2006,06,15,0.0,-999,-999
104067,BAGAZAN,2006,06,16,0.0,-999,-999
104067,BAGAZAN,2006,06,17,10.4,-999,-999
104067,BAGAZAN,2006,06,18,18.2,-999,-999
104067,BAGAZAN,2006,06,19,27.2,-999,-999
104067,BAGAZAN,2006,06,20,0.0,-999,-999
104067,BAGAZAN,2006,06,21,6.0,-999,-999
104067,BAGAZAN,2006,06,22,1.3,-999,-999
104067,BAGAZAN,2006,06,23,0.0,-999,-999
104067,BAGAZAN,2006,06,24,0.0,-999,-999
104067,BAGAZAN,2006,06,25,0.0,-999,-999
104067,BAGAZAN,2006,06,26,0.0,-999,-999
104067,BAGAZAN,2006,06,27,10.0,-999,-999
104067,BAGAZAN,2006,06,28,0.0,-999,-999
104067,BAGAZAN,2006,06,29,0.0,-999,-999
104067,BAGAZAN,2006,06,30,0.0,-999,-999
104067,BAGAZAN,2006,07,01,32.3,-999,-999
104067,BAGAZAN,2006,07,02,20.8,-999,-999
104067,BAGAZAN,2006,07,03,0.0,-999,-999
104067,BAGAZAN,2006,07,04,0.0,-999,-999
104067,BAGAZAN,2006,07,05,0.0,-999,-999
104067,BAGAZAN,2006,07,06,0.0,-999,-999
104067,BAGAZAN,2006,07,07,0.0,-999,-999
104067,BAGAZAN,2006,07,08,0.0,-999,-999
104067,BAGAZAN,2006,07,09,0.0,-999,-999
104067,BAGAZAN,2006,07,10,0.0,-999,-999
104067,BAGAZAN,2006,07,11,0.0,-999,-999
104067,BAGAZAN,2006,07,12,0.0,-999,-999
104067,BAGAZAN,2006,07,13,0.0,-999,-999
104067,BAGAZAN,2006,07,14,22.5,-999,-999
104067,BAGAZAN,2006,07,15,20.3,-999,-999
104067,BAGAZAN,2006,07,16,0.0,-999,-999
104067,BAGAZAN,2006,07,17,0.0,-999,-999
104067,BAGAZAN,2006,07,18,0.0,-999,-999
104067,BAGAZAN,2006,07,19,0.0,-999,-999
104067,BAGAZAN,2006,07,20,8.4,-999,-999
104067,BAGAZAN,2006,07,21,2.5,-999,-999
104067,BAGAZAN,2006,07,22,0.0,-999,-999
104067,BAGAZAN,2006,07,23,10.5,-999,-999
104067,BAGAZAN,2006,07,24,0.0,-999,-999
104067,BAGAZAN,2006,07,25,0.0,-999,-999
104067,BAGAZAN,2006,07,26,0.0,-999,-999
104067,BAGAZAN,2006,07,27,0.0,-999,-999
104067,BAGAZAN,2006,07,28,0.0,-999,-999
104067,BAGAZAN,2006,07,29,0.0,-999,-999
104067,BAGAZAN,2006,07,30,0.0,-999,-999
104067,BAGAZAN,2006,07,31,0.0,-999,-999
104067,BAGAZAN,2006,08,01,0.0,-999,-999
104067,BAGAZAN,2006,08,02,0.0,-999,-999
104067,BAGAZAN,2006,08,03,0.0,-999,-999
104067,BAGAZAN,2006,08,04,20.2,-999,-999
104067,BAGAZAN,2006,08,05,5.2,-999,-999
104067,BAGAZAN,2006,08,06,5.4,-999,-999
104067,BAGAZAN,2006,08,07,20.3,-999,-999
104067,BAGAZAN,2006,08,08,5.6,-999,-999
104067,BAGAZAN,2006,08,09,0.0,-999,-999
104067,BAGAZAN,2006,08,10,0.0,-999,-999
104067,BAGAZAN,2006,08,11,25.5,-999,-999
104067,BAGAZAN,2006,08,12,0.0,-999,-999
104067,BAGAZAN,2006,08,13,0.0,-999,-999
104067,BAGAZAN,2006,08,14,0.0,-999,-999
104067,BAGAZAN,2006,08,15,0.0,-999,-999
104067,BAGAZAN,2006,08,16,0.0,-999,-999
104067,BAGAZAN,2006,08,17,0.0,-999,-999
104067,BAGAZAN,2006,08,18,0.0,-999,-999
104067,BAGAZAN,2006,08,19,10.9,-999,-999
104067,BAGAZAN,2006,08,20,10.5,-999,-999
104067,BAGAZAN,2006,08,21,10.7,-999,-999
104067,BAGAZAN,2006,08,22,40.9,-999,-999
104067,BAGAZAN,2006,08,23,0.0,-999,-999
104067,BAGAZAN,2006,08,24,0.0,-999,-999
104067,BAGAZAN,2006,08,25,20.7,-999,-999
104067,BAGAZAN,2006,08,26,0.0,-999,-999
104067,BAGAZAN,2006,08,27,0.0,-999,-999
104067,BAGAZAN,2006,08,28,0.0,-999,-999
104067,BAGAZAN,2006,08,29,0.0,-999,-999
104067,BAGAZAN,2006,08,30,24.3,-999,-999
104067,BAGAZAN,2006,08,31,25.5,-999,-999
104067,BAGAZAN,2006,09,01,0.0,-999,-999
104067,BAGAZAN,2006,09,02,0.0,-999,-999
104067,BAGAZAN,2006,09,03,0.0,-999,-999
104067,BAGAZAN,2006,09,04,10.3,-999,-999
104067,BAGAZAN,2006,09,05,0.0,-999,-999
104067,BAGAZAN,2006,09,06,0.0,-999,-999
104067,BAGAZAN,2006,09,07,0.0,-999,-999
104067,BAGAZAN,2006,09,08,0.0,-999,-999
104067,BAGAZAN,2006,09,09,0.0,-999,-999
104067,BAGAZAN,2006,09,10,55.7,-999,-999
104067,BAGAZAN,2006,09,11,0.0,-999,-999
104067,BAGAZAN,2006,09,12,0.0,-999,-999
104067,BAGAZAN,2006,09,13,0.0,-999,-999
104067,BAGAZAN,2006,09,14,0.0,-999,-999
104067,BAGAZAN,2006,09,15,0.0,-999,-999
104067,BAGAZAN,2006,09,16,10.6,-999,-999
104067,BAGAZAN,2006,09,17,0.0,-999,-999
104067,BAGAZAN,2006,09,18,0.0,-999,-999
104067,BAGAZAN,2006,09,19,0.0,-999,-999
104067,BAGAZAN,2006,09,20,0.0,-999,-999
104067,BAGAZAN,2006,09,21,0.0,-999,-999
104067,BAGAZAN,2006,09,22,0.0,-999,-999
104067,BAGAZAN,2006,09,23,0.0,-999,-999
104067,BAGAZAN,2006,09,24,2.4,-999,-999
104067,BAGAZAN,2006,09,25,55.3,-999,-999
104067,BAGAZAN,2006,09,26,0.0,-999,-999
104067,BAGAZAN,2006,09,27,0.0,-999,-999
104067,BAGAZAN,2006,09,28,0.0,-999,-999
104067,BAGAZAN,2006,09,29,3.2,-999,-999
104067,BAGAZAN,2006,09,30,12.3,-999,-999
104067,BAGAZAN,2006,10,01,0.0,-999,-999
104067,BAGAZAN,2006,10,02,0.0,-999,-999
104067,BAGAZAN,2006,10,03,16.3,-999,-999
104067,BAGAZAN,2006,10,04,0.0,-999,-999
104067,BAGAZAN,2006,10,05,26.9,-999,-999
104067,BAGAZAN,2006,10,06,45.4,-999,-999
104067,BAGAZAN,2006,10,07,18.5,-999,-999
104067,BAGAZAN,2006,10,08,0.0,-999,-999
104067,BAGAZAN,2006,10,09,0.0,-999,-999
104067,BAGAZAN,2006,10,10,4.3,-999,-999
104067,BAGAZAN,2006,10,11,5.6,-999,-999
104067,BAGAZAN,2006,10,12,0.0,-999,-999
104067,BAGAZAN,2006,10,13,0.0,-999,-999
104067,BAGAZAN,2006,10,14,0.0,-999,-999
104067,BAGAZAN,2006,10,15,0.0,-999,-999
104067,BAGAZAN,2006,10,16,45.1,-999,-999
104067,BAGAZAN,2006,10,17,0.0,-999,-999
104067,BAGAZAN,2006,10,18,0.0,-999,-999
104067,BAGAZAN,2006,10,19,0.0,-999,-999
104067,BAGAZAN,2006,10,20,0.0,-999,-999
104067,BAGAZAN,2006,10,21,8.4,-999,-999
104067,BAGAZAN,2006,10,22,7.5,-999,-999
104067,BAGAZAN,2006,10,23,0.0,-999,-999
104067,BAGAZAN,2006,10,24,0.0,-999,-999
104067,BAGAZAN,2006,10,25,0.0,-999,-999
104067,BAGAZAN,2006,10,26,26.4,-999,-999
104067,BAGAZAN,2006,10,27,0.0,-999,-999
104067,BAGAZAN,2006,10,28,27.2,-999,-999
104067,BAGAZAN,2006,10,29,0.0,-999,-999
104067,BAGAZAN,2006,10,30,45.6,-999,-999
104067,BAGAZAN,2006,10,31,0.0,-999,-999
104067,BAGAZAN,2006,11,01,0.0,-999,-999
104067,BAGAZAN,2006,11,02,0.0,-999,-999
104067,BAGAZAN,2006,11,03,0.0,-999,-999
104067,BAGAZAN,2006,11,04,22.4,-999,-999
104067,BAGAZAN,2006,11,05,0.0,-999,-999
104067,BAGAZAN,2006,11,06,16.3,-999,-999
104067,BAGAZAN,2006,11,07,37.6,-999,-999
104067,BAGAZAN,2006,11,08,8.4,-999,-999
104067,BAGAZAN,2006,11,09,13.6,-999,-999
104067,BAGAZAN,2006,11,10,-999,-999,-999
104067,BAGAZAN,2006,11,11,19.1,-999,-999
104067,BAGAZAN,2006,11,12,0.0,-999,-999
104067,BAGAZAN,2006,11,13,0.0,-999,-999
104067,BAGAZAN,2006,11,14,0.0,-999,-999
104067,BAGAZAN,2006,11,15,0.0,-999,-999
104067,BAGAZAN,2006,11,16,0.0,-999,-999
104067,BAGAZAN,2006,11,17,0.0,-999,-999
104067,BAGAZAN,2006,11,18,23.0,-999,-999
104067,BAGAZAN,2006,11,19,0.0,-999,-999
104067,BAGAZAN,2006,11,20,0.0,-999,-999
104067,BAGAZAN,2006,11,21,0.0,-999,-999
104067,BAGAZAN,2006,11,22,0.0,-999,-999
104067,BAGAZAN,2006,11,23,12.6,-999,-999
104067,BAGAZAN,2006,11,24,0.0,-999,-999
104067,BAGAZAN,2006,11,25,0.0,-999,-999
104067,BAGAZAN,2006,11,26,8.4,-999,-999
104067,BAGAZAN,2006,11,27,0.0,-999,-999
104067,BAGAZAN,2006,11,28,5.2,-999,-999
104067,BAGAZAN,2006,11,29,2.3,-999,-999
104067,BAGAZAN,2006,11,30,28.3,-999,-999
104067,BAGAZAN,2006,12,01,-999,-999,-999
104067,BAGAZAN,2006,12,02,0.0,-999,-999
104067,BAGAZAN,2006,12,03,0.0,-999,-999
104067,BAGAZAN,2006,12,04,51.3,-999,-999
104067,BAGAZAN,2006,12,05,89.0,-999,-999
104067,BAGAZAN,2006,12,06,4.4,-999,-999
104067,BAGAZAN,2006,12,07,13.5,-999,-999
104067,BAGAZAN,2006,12,08,12.4,-999,-999
104067,BAGAZAN,2006,12,09,0.0,-999,-999
104067,BAGAZAN,2006,12,10,0.0,-999,-999
104067,BAGAZAN,2006,12,11,18.3,-999,-999
104067,BAGAZAN,2006,12,12,9.0,-999,-999
104067,BAGAZAN,2006,12,13,0.0,-999,-999
104067,BAGAZAN,2006,12,14,0.0,-999,-999
104067,BAGAZAN,2006,12,15,0.0,-999,-999
104067,BAGAZAN,2006,12,16,0.0,-999,-999
104067,BAGAZAN,2006,12,17,25.3,-999,-999
104067,BAGAZAN,2006,12,18,30.2,-999,-999
104067,BAGAZAN,2006,12,19,0.0,-999,-999
104067,BAGAZAN,2006,12,20,0.0,-999,-999
104067,BAGAZAN,2006,12,21,36.2,-999,-999
104067,BAGAZAN,2006,12,22,0.0,-999,-999
104067,BAGAZAN,2006,12,23,0.0,-999,-999
104067,BAGAZAN,2006,12,24,0.0,-999,-999
104067,BAGAZAN,2006,12,25,4.3,-999,-999
104067,BAGAZAN,2006,12,26,0.0,-999,-999
104067,BAGAZAN,2006,12,27,0.0,-999,-999
104067,BAGAZAN,2006,12,28,22.7,-999,-999
104067,BAGAZAN,2006,12,29,3.2,-999,-999
104067,BAGAZAN,2006,12,30,0.0,-999,-999
104067,BAGAZAN,2006,12,31,15.6,-999,-999
104067,BAGAZAN,2007,01,01,0.0,-999,-999
104067,BAGAZAN,2007,01,02,3.6,-999,-999
104067,BAGAZAN,2007,01,03,23.3,-999,-999
104067,BAGAZAN,2007,01,04,0.0,-999,-999
104067,BAGAZAN,2007,01,05,18.2,-999,-999
104067,BAGAZAN,2007,01,06,6.8,-999,-999
104067,BAGAZAN,2007,01,07,0.0,-999,-999
104067,BAGAZAN,2007,01,08,6.4,-999,-999
104067,BAGAZAN,2007,01,09,0.0,-999,-999
104067,BAGAZAN,2007,01,10,0.0,-999,-999
104067,BAGAZAN,2007,01,11,15.7,-999,-999
104067,BAGAZAN,2007,01,12,6.8,-999,-999
104067,BAGAZAN,2007,01,13,0.0,-999,-999
104067,BAGAZAN,2007,01,14,0.0,-999,-999
104067,BAGAZAN,2007,01,15,0.0,-999,-999
104067,BAGAZAN,2007,01,16,60.9,-999,-999
104067,BAGAZAN,2007,01,17,0.0,-999,-999
104067,BAGAZAN,2007,01,18,12.4,-999,-999
104067,BAGAZAN,2007,01,19,6.0,-999,-999
104067,BAGAZAN,2007,01,20,0.0,-999,-999
104067,BAGAZAN,2007,01,21,7.0,-999,-999
104067,BAGAZAN,2007,01,22,10.0,-999,-999
104067,BAGAZAN,2007,01,23,0.0,-999,-999
104067,BAGAZAN,2007,01,24,4.0,-999,-999
104067,BAGAZAN,2007,01,25,7.2,-999,-999
104067,BAGAZAN,2007,01,26,18.3,-999,-999
104067,BAGAZAN,2007,01,27,0.0,-999,-999
104067,BAGAZAN,2007,01,28,0.0,-999,-999
104067,BAGAZAN,2007,01,29,0.0,-999,-999
104067,BAGAZAN,2007,01,30,6.4,-999,-999
104067,BAGAZAN,2007,01,31,0.0,-999,-999
104067,BAGAZAN,2007,02,01,0.0,-999,-999
104067,BAGAZAN,2007,02,02,12.4,-999,-999
104067,BAGAZAN,2007,02,03,17.1,-999,-999
104067,BAGAZAN,2007,02,04,0.0,-999,-999
104067,BAGAZAN,2007,02,05,0.0,-999,-999
104067,BAGAZAN,2007,02,06,0.0,-999,-999
104067,BAGAZAN,2007,02,07,0.0,-999,-999
104067,BAGAZAN,2007,02,08,0.0,-999,-999
104067,BAGAZAN,2007,02,09,0.0,-999,-999
104067,BAGAZAN,2007,02,10,0.0,-999,-999
104067,BAGAZAN,2007,02,11,0.0,-999,-999
104067,BAGAZAN,2007,02,12,0.0,-999,-999
104067,BAGAZAN,2007,02,13,0.0,-999,-999
104067,BAGAZAN,2007,02,14,0.0,-999,-999
104067,BAGAZAN,2007,02,15,0.0,-999,-999
104067,BAGAZAN,2007,02,16,0.0,-999,-999
104067,BAGAZAN,2007,02,17,0.0,-999,-999
104067,BAGAZAN,2007,02,18,0.0,-999,-999
104067,BAGAZAN,2007,02,19,0.0,-999,-999
104067,BAGAZAN,2007,02,20,0.0,-999,-999
104067,BAGAZAN,2007,02,21,0.0,-999,-999
104067,BAGAZAN,2007,02,22,0.0,-999,-999
104067,BAGAZAN,2007,02,23,10.2,-999,-999
104067,BAGAZAN,2007,02,24,4.3,-999,-999
104067,BAGAZAN,2007,02,25,66.8,-999,-999
104067,BAGAZAN,2007,02,26,4.2,-999,-999
104067,BAGAZAN,2007,02,27,0.0,-999,-999
104067,BAGAZAN,2007,02,28,0.0,-999,-999
104067,BAGAZAN,2007,03,01,12.3,-999,-999
104067,BAGAZAN,2007,03,02,0.0,-999,-999
104067,BAGAZAN,2007,03,03,38.0,-999,-999
104067,BAGAZAN,2007,03,04,151.8,-999,-999
104067,BAGAZAN,2007,03,05,7.7,-999,-999
104067,BAGAZAN,2007,03,06,20.7,-999,-999
104067,BAGAZAN,2007,03,07,0.0,-999,-999
104067,BAGAZAN,2007,03,08,34.8,-999,-999
104067,BAGAZAN,2007,03,09,0.0,-999,-999
104067,BAGAZAN,2007,03,10,8.7,-999,-999
104067,BAGAZAN,2007,03,11,36.5,-999,-999
104067,BAGAZAN,2007,03,12,0.0,-999,-999
104067,BAGAZAN,2007,03,13,0.0,-999,-999
104067,BAGAZAN,2007,03,14,0.0,-999,-999
104067,BAGAZAN,2007,03,15,8.4,-999,-999
104067,BAGAZAN,2007,03,16,0.0,-999,-999
104067,BAGAZAN,2007,03,17,25.4,-999,-999
104067,BAGAZAN,2007,03,18,95.3,-999,-999
104067,BAGAZAN,2007,03,19,14.0,-999,-999
104067,BAGAZAN,2007,03,20,0.0,-999,-999
104067,BAGAZAN,2007,03,21,0.0,-999,-999
104067,BAGAZAN,2007,03,22,5.4,-999,-999
104067,BAGAZAN,2007,03,23,99.5,-999,-999
104067,BAGAZAN,2007,03,24,0.0,-999,-999
104067,BAGAZAN,2007,03,25,0.0,-999,-999
104067,BAGAZAN,2007,03,26,0.0,-999,-999
104067,BAGAZAN,2007,03,27,9.0,-999,-999
104067,BAGAZAN,2007,03,28,40.6,-999,-999
104067,BAGAZAN,2007,03,29,0.0,-999,-999
104067,BAGAZAN,2007,03,30,0.0,-999,-999
104067,BAGAZAN,2007,03,31,0.0,-999,-999
104067,BAGAZAN,2007,04,01,91.0,-999,-999
104067,BAGAZAN,2007,04,02,0.0,-999,-999
104067,BAGAZAN,2007,04,03,0.0,-999,-999
104067,BAGAZAN,2007,04,04,0.0,-999,-999
104067,BAGAZAN,2007,04,05,78.6,-999,-999
104067,BAGAZAN,2007,04,06,0.0,-999,-999
104067,BAGAZAN,2007,04,07,20.3,-999,-999
104067,BAGAZAN,2007,04,08,0.0,-999,-999
104067,BAGAZAN,2007,04,09,64.3,-999,-999
104067,BAGAZAN,2007,04,10,0.0,-999,-999
104067,BAGAZAN,2007,04,11,0.0,-999,-999
104067,BAGAZAN,2007,04,12,0.0,-999,-999
104067,BAGAZAN,2007,04,13,0.0,-999,-999
104067,BAGAZAN,2007,04,14,0.0,-999,-999
104067,BAGAZAN,2007,04,15,0.0,-999,-999
104067,BAGAZAN,2007,04,16,15.4,-999,-999
104067,BAGAZAN,2007,04,17,12.6,-999,-999
104067,BAGAZAN,2007,04,18,26.6,-999,-999
104067,BAGAZAN,2007,04,19,2.5,-999,-999
104067,BAGAZAN,2007,04,20,0.0,-999,-999
104067,BAGAZAN,2007,04,21,2.4,-999,-999
104067,BAGAZAN,2007,04,22,0.0,-999,-999
104067,BAGAZAN,2007,04,23,12.6,-999,-999
104067,BAGAZAN,2007,04,24,0.0,-999,-999
104067,BAGAZAN,2007,04,25,0.0,-999,-999
104067,BAGAZAN,2007,04,26,0.0,-999,-999
104067,BAGAZAN,2007,04,27,0.0,-999,-999
104067,BAGAZAN,2007,04,28,11.2,-999,-999
104067,BAGAZAN,2007,04,29,0.0,-999,-999
104067,BAGAZAN,2007,04,30,0.0,-999,-999
104067,BAGAZAN,2007,05,01,0.0,-999,-999
104067,BAGAZAN,2007,05,02,22.1,-999,-999
104067,BAGAZAN,2007,05,03,0.0,-999,-999
104067,BAGAZAN,2007,05,04,0.0,-999,-999
104067,BAGAZAN,2007,05,05,0.0,-999,-999
104067,BAGAZAN,2007,05,06,0.0,-999,-999
104067,BAGAZAN,2007,05,07,0.0,-999,-999
104067,BAGAZAN,2007,05,08,0.0,-999,-999
104067,BAGAZAN,2007,05,09,32.4,-999,-999
104067,BAGAZAN,2007,05,10,0.0,-999,-999
104067,BAGAZAN,2007,05,11,0.0,-999,-999
104067,BAGAZAN,2007,05,12,0.0,-999,-999
104067,BAGAZAN,2007,05,13,0.0,-999,-999
104067,BAGAZAN,2007,05,14,32.3,-999,-999
104067,BAGAZAN,2007,05,15,5.2,-999,-999
104067,BAGAZAN,2007,05,16,0.0,-999,-999
104067,BAGAZAN,2007,05,17,0.0,-999,-999
104067,BAGAZAN,2007,05,18,0.0,-999,-999
104067,BAGAZAN,2007,05,19,50.9,-999,-999
104067,BAGAZAN,2007,05,20,0.0,-999,-999
104067,BAGAZAN,2007,05,21,0.0,-999,-999
104067,BAGAZAN,2007,05,22,15.4,-999,-999
104067,BAGAZAN,2007,05,23,15.6,-999,-999
104067,BAGAZAN,2007,05,24,0.0,-999,-999
104067,BAGAZAN,2007,05,25,0.0,-999,-999
104067,BAGAZAN,2007,05,26,0.0,-999,-999
104067,BAGAZAN,2007,05,27,0.0,-999,-999
104067,BAGAZAN,2007,05,28,0.0,-999,-999
104067,BAGAZAN,2007,05,29,15.2,-999,-999
104067,BAGAZAN,2007,05,30,24.3,-999,-999
104067,BAGAZAN,2007,05,31,0.0,-999,-999
104067,BAGAZAN,2007,06,01,0.0,-999,-999
104067,BAGAZAN,2007,06,02,0.0,-999,-999
104067,BAGAZAN,2007,06,03,0.0,-999,-999
104067,BAGAZAN,2007,06,04,10.2,-999,-999
104067,BAGAZAN,2007,06,05,0.0,-999,-999
104067,BAGAZAN,2007,06,06,9.6,-999,-999
104067,BAGAZAN,2007,06,07,22.4,-999,-999
104067,BAGAZAN,2007,06,08,27.8,-999,-999
104067,BAGAZAN,2007,06,09,0.0,-999,-999
104067,BAGAZAN,2007,06,10,0.0,-999,-999
104067,BAGAZAN,2007,06,11,35.6,-999,-999
104067,BAGAZAN,2007,06,12,0.0,-999,-999
104067,BAGAZAN,2007,06,13,6.2,-999,-999
104067,BAGAZAN,2007,06,14,10.4,-999,-999
104067,BAGAZAN,2007,06,15,36.7,-999,-999
104067,BAGAZAN,2007,06,16,0.0,-999,-999
104067,BAGAZAN,2007,06,17,0.0,-999,-999
104067,BAGAZAN,2007,06,18,10.4,-999,-999
104067,BAGAZAN,2007,06,19,0.0,-999,-999
104067,BAGAZAN,2007,06,20,0.0,-999,-999
104067,BAGAZAN,2007,06,21,5.4,-999,-999
104067,BAGAZAN,2007,06,22,26.5,-999,-999
104067,BAGAZAN,2007,06,23,0.0,-999,-999
104067,BAGAZAN,2007,06,24,0.0,-999,-999
104067,BAGAZAN,2007,06,25,0.0,-999,-999
104067,BAGAZAN,2007,06,26,0.0,-999,-999
104067,BAGAZAN,2007,06,27,0.0,-999,-999
104067,BAGAZAN,2007,06,28,0.0,-999,-999
104067,BAGAZAN,2007,06,29,0.0,-999,-999
104067,BAGAZAN,2007,06,30,0.0,-999,-999
104067,BAGAZAN,2007,07,01,0.0,-999,-999
104067,BAGAZAN,2007,07,02,0.0,-999,-999
104067,BAGAZAN,2007,07,03,31.6,-999,-999
104067,BAGAZAN,2007,07,04,0.0,-999,-999
104067,BAGAZAN,2007,07,05,0.0,-999,-999
104067,BAGAZAN,2007,07,06,72.0,-999,-999
104067,BAGAZAN,2007,07,07,45.6,-999,-999
104067,BAGAZAN,2007,07,08,5.8,-999,-999
104067,BAGAZAN,2007,07,09,0.0,-999,-999
104067,BAGAZAN,2007,07,10,0.0,-999,-999
104067,BAGAZAN,2007,07,11,0.0,-999,-999
104067,BAGAZAN,2007,07,12,0.0,-999,-999
104067,BAGAZAN,2007,07,13,0.0,-999,-999
104067,BAGAZAN,2007,07,14,0.0,-999,-999
104067,BAGAZAN,2007,07,15,0.0,-999,-999
104067,BAGAZAN,2007,07,16,15.0,-999,-999
104067,BAGAZAN,2007,07,17,0.0,-999,-999
104067,BAGAZAN,2007,07,18,18.8,-999,-999
104067,BAGAZAN,2007,07,19,0.0,-999,-999
104067,BAGAZAN,2007,07,20,0.0,-999,-999
104067,BAGAZAN,2007,07,21,0.0,-999,-999
104067,BAGAZAN,2007,07,22,0.0,-999,-999
104067,BAGAZAN,2007,07,23,0.0,-999,-999
104067,BAGAZAN,2007,07,24,45.2,-999,-999
104067,BAGAZAN,2007,07,25,5.4,-999,-999
104067,BAGAZAN,2007,07,26,0.0,-999,-999
104067,BAGAZAN,2007,07,27,0.0,-999,-999
104067,BAGAZAN,2007,07,28,0.0,-999,-999
104067,BAGAZAN,2007,07,29,0.0,-999,-999
104067,BAGAZAN,2007,07,30,0.0,-999,-999
104067,BAGAZAN,2007,07,31,0.0,-999,-999
104067,BAGAZAN,2007,08,01,0.0,-999,-999
104067,BAGAZAN,2007,08,02,0.0,-999,-999
104067,BAGAZAN,2007,08,03,0.0,-999,-999
104067,BAGAZAN,2007,08,04,0.0,-999,-999
104067,BAGAZAN,2007,08,05,0.0,-999,-999
104067,BAGAZAN,2007,08,06,15.2,-999,-999
104067,BAGAZAN,2007,08,07,0.0,-999,-999
104067,BAGAZAN,2007,08,08,15.6,-999,-999
104067,BAGAZAN,2007,08,09,0.0,-999,-999
104067,BAGAZAN,2007,08,10,0.0,-999,-999
104067,BAGAZAN,2007,08,11,0.0,-999,-999
104067,BAGAZAN,2007,08,12,0.0,-999,-999
104067,BAGAZAN,2007,08,13,0.0,-999,-999
104067,BAGAZAN,2007,08,14,0.0,-999,-999
104067,BAGAZAN,2007,08,15,0.0,-999,-999
104067,BAGAZAN,2007,08,16,10.4,-999,-999
104067,BAGAZAN,2007,08,17,0.0,-999,-999
104067,BAGAZAN,2007,08,18,0.0,-999,-999
104067,BAGAZAN,2007,08,19,0.0,-999,-999
104067,BAGAZAN,2007,08,20,0.0,-999,-999
104067,BAGAZAN,2007,08,21,0.0,-999,-999
104067,BAGAZAN,2007,08,22,0.0,-999,-999
104067,BAGAZAN,2007,08,23,0.0,-999,-999
104067,BAGAZAN,2007,08,24,0.0,-999,-999
104067,BAGAZAN,2007,08,25,0.0,-999,-999
104067,BAGAZAN,2007,08,26,0.0,-999,-999
104067,BAGAZAN,2007,08,27,0.0,-999,-999
104067,BAGAZAN,2007,08,28,0.0,-999,-999
104067,BAGAZAN,2007,08,29,35.2,-999,-999
104067,BAGAZAN,2007,08,30,0.0,-999,-999
104067,BAGAZAN,2007,08,31,0.0,-999,-999
104067,BAGAZAN,2007,09,01,0.0,-999,-999
104067,BAGAZAN,2007,09,02,15.6,-999,-999
104067,BAGAZAN,2007,09,03,0.0,-999,-999
104067,BAGAZAN,2007,09,04,12.4,-999,-999
104067,BAGAZAN,2007,09,05,0.0,-999,-999
104067,BAGAZAN,2007,09,06,0.0,-999,-999
104067,BAGAZAN,2007,09,07,0.0,-999,-999
104067,BAGAZAN,2007,09,08,0.0,-999,-999
104067,BAGAZAN,2007,09,09,0.0,-999,-999
104067,BAGAZAN,2007,09,10,0.0,-999,-999
104067,BAGAZAN,2007,09,11,0.0,-999,-999
104067,BAGAZAN,2007,09,12,0.0,-999,-999
104067,BAGAZAN,2007,09,13,0.0,-999,-999
104067,BAGAZAN,2007,09,14,0.0,-999,-999
104067,BAGAZAN,2007,09,15,0.0,-999,-999
104067,BAGAZAN,2007,09,16,0.0,-999,-999
104067,BAGAZAN,2007,09,17,0.0,-999,-999
104067,BAGAZAN,2007,09,18,0.0,-999,-999
104067,BAGAZAN,2007,09,19,0.0,-999,-999
104067,BAGAZAN,2007,09,20,0.0,-999,-999
104067,BAGAZAN,2007,09,21,79.3,-999,-999
104067,BAGAZAN,2007,09,22,0.0,-999,-999
104067,BAGAZAN,2007,09,23,0.0,-999,-999
104067,BAGAZAN,2007,09,24,0.0,-999,-999
104067,BAGAZAN,2007,09,25,0.0,-999,-999
104067,BAGAZAN,2007,09,26,0.0,-999,-999
104067,BAGAZAN,2007,09,27,0.0,-999,-999
104067,BAGAZAN,2007,09,28,15.4,-999,-999
104067,BAGAZAN,2007,09,29,13.0,-999,-999
104067,BAGAZAN,2007,09,30,0.0,-999,-999
104067,BAGAZAN,2007,10,01,0.0,-999,-999
104067,BAGAZAN,2007,10,02,0.0,-999,-999
104067,BAGAZAN,2007,10,03,0.0,-999,-999
104067,BAGAZAN,2007,10,04,0.0,-999,-999
104067,BAGAZAN,2007,10,05,0.0,-999,-999
104067,BAGAZAN,2007,10,06,0.0,-999,-999
104067,BAGAZAN,2007,10,07,0.0,-999,-999
104067,BAGAZAN,2007,10,08,7.5,-999,-999
104067,BAGAZAN,2007,10,09,0.0,-999,-999
104067,BAGAZAN,2007,10,10,0.0,-999,-999
104067,BAGAZAN,2007,10,11,0.0,-999,-999
104067,BAGAZAN,2007,10,12,0.0,-999,-999
104067,BAGAZAN,2007,10,13,0.0,-999,-999
104067,BAGAZAN,2007,10,14,0.0,-999,-999
104067,BAGAZAN,2007,10,15,0.0,-999,-999
104067,BAGAZAN,2007,10,16,14.5,-999,-999
104067,BAGAZAN,2007,10,17,0.0,-999,-999
104067,BAGAZAN,2007,10,18,0.0,-999,-999
104067,BAGAZAN,2007,10,19,0.0,-999,-999
104067,BAGAZAN,2007,10,20,56.0,-999,-999
104067,BAGAZAN,2007,10,21,2.0,-999,-999
104067,BAGAZAN,2007,10,22,2.5,-999,-999
104067,BAGAZAN,2007,10,23,0.0,-999,-999
104067,BAGAZAN,2007,10,24,0.0,-999,-999
104067,BAGAZAN,2007,10,25,0.0,-999,-999
104067,BAGAZAN,2007,10,26,0.0,-999,-999
104067,BAGAZAN,2007,10,27,0.0,-999,-999
104067,BAGAZAN,2007,10,28,40.7,-999,-999
104067,BAGAZAN,2007,10,29,0.0,-999,-999
104067,BAGAZAN,2007,10,30,0.0,-999,-999
104067,BAGAZAN,2007,10,31,0.0,-999,-999
104067,BAGAZAN,2007,11,01,0.0,-999,-999
104067,BAGAZAN,2007,11,02,0.0,-999,-999
104067,BAGAZAN,2007,11,03,42.6,-999,-999
104067,BAGAZAN,2007,11,04,0.0,-999,-999
104067,BAGAZAN,2007,11,05,30.2,-999,-999
104067,BAGAZAN,2007,11,06,72.9,-999,-999
104067,BAGAZAN,2007,11,07,33.5,-999,-999
104067,BAGAZAN,2007,11,08,0.0,-999,-999
104067,BAGAZAN,2007,11,09,0.0,-999,-999
104067,BAGAZAN,2007,11,10,0.0,-999,-999
104067,BAGAZAN,2007,11,11,14.7,-999,-999
104067,BAGAZAN,2007,11,12,22.6,-999,-999
104067,BAGAZAN,2007,11,13,0.0,-999,-999
104067,BAGAZAN,2007,11,14,25.6,-999,-999
104067,BAGAZAN,2007,11,15,70.4,-999,-999
104067,BAGAZAN,2007,11,16,0.0,-999,-999
104067,BAGAZAN,2007,11,17,6.3,-999,-999
104067,BAGAZAN,2007,11,18,0.0,-999,-999
104067,BAGAZAN,2007,11,19,0.0,-999,-999
104067,BAGAZAN,2007,11,20,0.0,-999,-999
104067,BAGAZAN,2007,11,21,7.4,-999,-999
104067,BAGAZAN,2007,11,22,0.0,-999,-999
104067,BAGAZAN,2007,11,23,0.0,-999,-999
104067,BAGAZAN,2007,11,24,16.2,-999,-999
104067,BAGAZAN,2007,11,25,0.0,-999,-999
104067,BAGAZAN,2007,11,26,6.4,-999,-999
104067,BAGAZAN,2007,11,27,0.0,-999,-999
104067,BAGAZAN,2007,11,28,0.0,-999,-999
104067,BAGAZAN,2007,11,29,16.4,-999,-999
104067,BAGAZAN,2007,11,30,7.6,-999,-999
104067,BAGAZAN,2007,12,01,7.4,-999,-999
104067,BAGAZAN,2007,12,02,0.0,-999,-999
104067,BAGAZAN,2007,12,03,0.0,-999,-999
104067,BAGAZAN,2007,12,04,0.0,-999,-999
104067,BAGAZAN,2007,12,05,0.0,-999,-999
104067,BAGAZAN,2007,12,06,0.0,-999,-999
104067,BAGAZAN,2007,12,07,0.0,-999,-999
104067,BAGAZAN,2007,12,08,0.0,-999,-999
104067,BAGAZAN,2007,12,09,0.0,-999,-999
104067,BAGAZAN,2007,12,10,0.0,-999,-999
104067,BAGAZAN,2007,12,11,97.1,-999,-999
104067,BAGAZAN,2007,12,12,0.0,-999,-999
104067,BAGAZAN,2007,12,13,0.0,-999,-999
104067,BAGAZAN,2007,12,14,0.0,-999,-999
104067,BAGAZAN,2007,12,15,29.5,-999,-999
104067,BAGAZAN,2007,12,16,70.0,-999,-999
104067,BAGAZAN,2007,12,17,0.0,-999,-999
104067,BAGAZAN,2007,12,18,0.0,-999,-999
104067,BAGAZAN,2007,12,19,0.0,-999,-999
104067,BAGAZAN,2007,12,20,22.3,-999,-999
104067,BAGAZAN,2007,12,21,0.0,-999,-999
104067,BAGAZAN,2007,12,22,0.0,-999,-999
104067,BAGAZAN,2007,12,23,0.0,-999,-999
104067,BAGAZAN,2007,12,24,18.6,-999,-999
104067,BAGAZAN,2007,12,25,8.5,-999,-999
104067,BAGAZAN,2007,12,26,0.0,-999,-999
104067,BAGAZAN,2007,12,27,0.0,-999,-999
104067,BAGAZAN,2007,12,28,25.5,-999,-999
104067,BAGAZAN,2007,12,29,23.4,-999,-999
104067,BAGAZAN,2007,12,30,2.5,-999,-999
104067,BAGAZAN,2007,12,31,0.0,-999,-999
104067,BAGAZAN,2008,01,01,0.0,-999,-999
104067,BAGAZAN,2008,01,02,0.0,-999,-999
104067,BAGAZAN,2008,01,03,0.0,-999,-999
104067,BAGAZAN,2008,01,04,0.0,-999,-999
104067,BAGAZAN,2008,01,05,0.0,-999,-999
104067,BAGAZAN,2008,01,06,0.0,-999,-999
104067,BAGAZAN,2008,01,07,25.5,-999,-999
104067,BAGAZAN,2008,01,08,0.0,-999,-999
104067,BAGAZAN,2008,01,09,0.0,-999,-999
104067,BAGAZAN,2008,01,10,0.0,-999,-999
104067,BAGAZAN,2008,01,11,0.0,-999,-999
104067,BAGAZAN,2008,01,12,52.0,-999,-999
104067,BAGAZAN,2008,01,13,27.7,-999,-999
104067,BAGAZAN,2008,01,14,42.0,-999,-999
104067,BAGAZAN,2008,01,15,9.3,-999,-999
104067,BAGAZAN,2008,01,16,50.3,-999,-999
104067,BAGAZAN,2008,01,17,25.2,-999,-999
104067,BAGAZAN,2008,01,18,24.0,-999,-999
104067,BAGAZAN,2008,01,19,36.4,-999,-999
104067,BAGAZAN,2008,01,20,0.0,-999,-999
104067,BAGAZAN,2008,01,21,0.0,-999,-999
104067,BAGAZAN,2008,01,22,12.2,-999,-999
104067,BAGAZAN,2008,01,23,0.0,-999,-999
104067,BAGAZAN,2008,01,24,22.3,-999,-999
104067,BAGAZAN,2008,01,25,22.4,-999,-999
104067,BAGAZAN,2008,01,26,0.0,-999,-999
104067,BAGAZAN,2008,01,27,0.0,-999,-999
104067,BAGAZAN,2008,01,28,0.0,-999,-999
104067,BAGAZAN,2008,01,29,0.0,-999,-999
104067,BAGAZAN,2008,01,30,34.0,-999,-999
104067,BAGAZAN,2008,01,31,4.2,-999,-999
104067,BAGAZAN,2008,02,01,0.0,-999,-999
104067,BAGAZAN,2008,02,02,0.0,-999,-999
104067,BAGAZAN,2008,02,03,0.0,-999,-999
104067,BAGAZAN,2008,02,04,0.0,-999,-999
104067,BAGAZAN,2008,02,05,5.2,-999,-999
104067,BAGAZAN,2008,02,06,0.0,-999,-999
104067,BAGAZAN,2008,02,07,15.4,-999,-999
104067,BAGAZAN,2008,02,08,15.2,-999,-999
104067,BAGAZAN,2008,02,09,15.2,-999,-999
104067,BAGAZAN,2008,02,10,7.6,-999,-999
104067,BAGAZAN,2008,02,11,8.2,-999,-999
104067,BAGAZAN,2008,02,12,0.0,-999,-999
104067,BAGAZAN,2008,02,13,60.6,-999,-999
104067,BAGAZAN,2008,02,14,0.0,-999,-999
104067,BAGAZAN,2008,02,15,0.0,-999,-999
104067,BAGAZAN,2008,02,16,30.4,-999,-999
104067,BAGAZAN,2008,02,17,0.0,-999,-999
104067,BAGAZAN,2008,02,18,0.0,-999,-999
104067,BAGAZAN,2008,02,19,0.0,-999,-999
104067,BAGAZAN,2008,02,20,0.0,-999,-999
104067,BAGAZAN,2008,02,21,0.0,-999,-999
104067,BAGAZAN,2008,02,22,33.0,-999,-999
104067,BAGAZAN,2008,02,23,0.0,-999,-999
104067,BAGAZAN,2008,02,24,8.2,-999,-999
104067,BAGAZAN,2008,02,25,8.4,-999,-999
104067,BAGAZAN,2008,02,26,8.3,-999,-999
104067,BAGAZAN,2008,02,27,0.0,-999,-999
104067,BAGAZAN,2008,02,28,0.0,-999,-999
104067,BAGAZAN,2008,02,29,4.3,-999,-999
104067,BAGAZAN,2008,03,01,0.0,-999,-999
104067,BAGAZAN,2008,03,02,0.0,-999,-999
104067,BAGAZAN,2008,03,03,6.4,-999,-999
104067,BAGAZAN,2008,03,04,0.0,-999,-999
104067,BAGAZAN,2008,03,05,12.2,-999,-999
104067,BAGAZAN,2008,03,06,0.0,-999,-999
104067,BAGAZAN,2008,03,07,0.0,-999,-999
104067,BAGAZAN,2008,03,08,4.2,-999,-999
104067,BAGAZAN,2008,03,09,0.0,-999,-999
104067,BAGAZAN,2008,03,10,0.0,-999,-999
104067,BAGAZAN,2008,03,11,46.5,-999,-999
104067,BAGAZAN,2008,03,12,0.0,-999,-999
104067,BAGAZAN,2008,03,13,0.0,-999,-999
104067,BAGAZAN,2008,03,14,0.0,-999,-999
104067,BAGAZAN,2008,03,15,6.3,-999,-999
104067,BAGAZAN,2008,03,16,0.0,-999,-999
104067,BAGAZAN,2008,03,17,0.0,-999,-999
104067,BAGAZAN,2008,03,18,0.0,-999,-999
104067,BAGAZAN,2008,03,19,39.0,-999,-999
104067,BAGAZAN,2008,03,20,0.0,-999,-999
104067,BAGAZAN,2008,03,21,0.0,-999,-999
104067,BAGAZAN,2008,03,22,16.4,-999,-999
104067,BAGAZAN,2008,03,23,0.0,-999,-999
104067,BAGAZAN,2008,03,24,0.0,-999,-999
104067,BAGAZAN,2008,03,25,40.2,-999,-999
104067,BAGAZAN,2008,03,26,32.3,-999,-999
104067,BAGAZAN,2008,03,27,0.0,-999,-999
104067,BAGAZAN,2008,03,28,30.4,-999,-999
104067,BAGAZAN,2008,03,29,0.0,-999,-999
104067,BAGAZAN,2008,03,30,0.0,-999,-999
104067,BAGAZAN,2008,03,31,12.4,-999,-999
104067,BAGAZAN,2008,04,01,26.0,-999,-999
104067,BAGAZAN,2008,04,02,0.0,-999,-999
104067,BAGAZAN,2008,04,03,24.4,-999,-999
104067,BAGAZAN,2008,04,04,82.0,-999,-999
104067,BAGAZAN,2008,04,05,0.0,-999,-999
104067,BAGAZAN,2008,04,06,0.0,-999,-999
104067,BAGAZAN,2008,04,07,0.0,-999,-999
104067,BAGAZAN,2008,04,08,15.4,-999,-999
104067,BAGAZAN,2008,04,09,0.0,-999,-999
104067,BAGAZAN,2008,04,10,20.3,-999,-999
104067,BAGAZAN,2008,04,11,0.0,-999,-999
104067,BAGAZAN,2008,04,12,13.3,-999,-999
104067,BAGAZAN,2008,04,13,20.0,-999,-999
104067,BAGAZAN,2008,04,14,0.0,-999,-999
104067,BAGAZAN,2008,04,15,7.6,-999,-999
104067,BAGAZAN,2008,04,16,9.5,-999,-999
104067,BAGAZAN,2008,04,17,12.2,-999,-999
104067,BAGAZAN,2008,04,18,0.0,-999,-999
104067,BAGAZAN,2008,04,19,6.4,-999,-999
104067,BAGAZAN,2008,04,20,0.0,-999,-999
104067,BAGAZAN,2008,04,21,0.0,-999,-999
104067,BAGAZAN,2008,04,22,3.6,-999,-999
104067,BAGAZAN,2008,04,23,0.0,-999,-999
104067,BAGAZAN,2008,04,24,38.0,-999,-999
104067,BAGAZAN,2008,04,25,0.0,-999,-999
104067,BAGAZAN,2008,04,26,0.0,-999,-999
104067,BAGAZAN,2008,04,27,15.5,-999,-999
104067,BAGAZAN,2008,04,28,0.0,-999,-999
104067,BAGAZAN,2008,04,29,0.0,-999,-999
104067,BAGAZAN,2008,04,30,5.2,-999,-999
104067,BAGAZAN,2008,05,01,0.0,-999,-999
104067,BAGAZAN,2008,05,02,75.6,-999,-999
104067,BAGAZAN,2008,05,03,0.0,-999,-999
104067,BAGAZAN,2008,05,04,0.0,-999,-999
104067,BAGAZAN,2008,05,05,0.0,-999,-999
104067,BAGAZAN,2008,05,06,0.0,-999,-999
104067,BAGAZAN,2008,05,07,0.0,-999,-999
104067,BAGAZAN,2008,05,08,5.2,-999,-999
104067,BAGAZAN,2008,05,09,6.2,-999,-999
104067,BAGAZAN,2008,05,10,0.0,-999,-999
104067,BAGAZAN,2008,05,11,0.0,-999,-999
104067,BAGAZAN,2008,05,12,0.0,-999,-999
104067,BAGAZAN,2008,05,13,1.4,-999,-999
104067,BAGAZAN,2008,05,14,3.0,-999,-999
104067,BAGAZAN,2008,05,15,17.0,-999,-999
104067,BAGAZAN,2008,05,16,0.0,-999,-999
104067,BAGAZAN,2008,05,17,0.0,-999,-999
104067,BAGAZAN,2008,05,18,4.5,-999,-999
104067,BAGAZAN,2008,05,19,0.0,-999,-999
104067,BAGAZAN,2008,05,20,14.6,-999,-999
104067,BAGAZAN,2008,05,21,0.0,-999,-999
104067,BAGAZAN,2008,05,22,4.6,-999,-999
104067,BAGAZAN,2008,05,23,5.2,-999,-999
104067,BAGAZAN,2008,05,24,0.0,-999,-999
104067,BAGAZAN,2008,05,25,26.2,-999,-999
104067,BAGAZAN,2008,05,26,0.0,-999,-999
104067,BAGAZAN,2008,05,27,19.8,-999,-999
104067,BAGAZAN,2008,05,28,0.0,-999,-999
104067,BAGAZAN,2008,05,29,26.4,-999,-999
104067,BAGAZAN,2008,05,30,0.0,-999,-999
104067,BAGAZAN,2008,05,31,8.2,-999,-999
104067,BAGAZAN,2008,06,01,0.0,-999,-999
104067,BAGAZAN,2008,06,02,0.0,-999,-999
104067,BAGAZAN,2008,06,03,0.0,-999,-999
104067,BAGAZAN,2008,06,04,0.0,-999,-999
104067,BAGAZAN,2008,06,05,0.0,-999,-999
104067,BAGAZAN,2008,06,06,0.0,-999,-999
104067,BAGAZAN,2008,06,07,42.6,-999,-999
104067,BAGAZAN,2008,06,08,0.0,-999,-999
104067,BAGAZAN,2008,06,09,46.6,-999,-999
104067,BAGAZAN,2008,06,10,36.6,-999,-999
104067,BAGAZAN,2008,06,11,0.0,-999,-999
104067,BAGAZAN,2008,06,12,0.0,-999,-999
104067,BAGAZAN,2008,06,13,0.0,-999,-999
104067,BAGAZAN,2008,06,14,0.0,-999,-999
104067,BAGAZAN,2008,06,15,4.8,-999,-999
104067,BAGAZAN,2008,06,16,33.0,-999,-999
104067,BAGAZAN,2008,06,17,0.0,-999,-999
104067,BAGAZAN,2008,06,18,0.0,-999,-999
104067,BAGAZAN,2008,06,19,0.0,-999,-999
104067,BAGAZAN,2008,06,20,2.3,-999,-999
104067,BAGAZAN,2008,06,21,11.2,-999,-999
104067,BAGAZAN,2008,06,22,0.0,-999,-999
104067,BAGAZAN,2008,06,23,4.2,-999,-999
104067,BAGAZAN,2008,06,24,0.0,-999,-999
104067,BAGAZAN,2008,06,25,0.0,-999,-999
104067,BAGAZAN,2008,06,26,0.0,-999,-999
104067,BAGAZAN,2008,06,27,0.0,-999,-999
104067,BAGAZAN,2008,06,28,0.0,-999,-999
104067,BAGAZAN,2008,06,29,7.8,-999,-999
104067,BAGAZAN,2008,06,30,0.0,-999,-999
104067,BAGAZAN,2008,07,01,0.0,-999,-999
104067,BAGAZAN,2008,07,02,0.0,-999,-999
104067,BAGAZAN,2008,07,03,0.0,-999,-999
104067,BAGAZAN,2008,07,04,0.0,-999,-999
104067,BAGAZAN,2008,07,05,0.0,-999,-999
104067,BAGAZAN,2008,07,06,0.0,-999,-999
104067,BAGAZAN,2008,07,07,25.3,-999,-999
104067,BAGAZAN,2008,07,08,0.0,-999,-999
104067,BAGAZAN,2008,07,09,5.2,-999,-999
104067,BAGAZAN,2008,07,10,0.0,-999,-999
104067,BAGAZAN,2008,07,11,0.0,-999,-999
104067,BAGAZAN,2008,07,12,0.0,-999,-999
104067,BAGAZAN,2008,07,13,0.0,-999,-999
104067,BAGAZAN,2008,07,14,8.6,-999,-999
104067,BAGAZAN,2008,07,15,2.5,-999,-999
104067,BAGAZAN,2008,07,16,0.0,-999,-999
104067,BAGAZAN,2008,07,17,0.0,-999,-999
104067,BAGAZAN,2008,07,18,0.0,-999,-999
104067,BAGAZAN,2008,07,19,0.0,-999,-999
104067,BAGAZAN,2008,07,20,0.0,-999,-999
104067,BAGAZAN,2008,07,21,0.0,-999,-999
104067,BAGAZAN,2008,07,22,0.0,-999,-999
104067,BAGAZAN,2008,07,23,2.6,-999,-999
104067,BAGAZAN,2008,07,24,4.8,-999,-999
104067,BAGAZAN,2008,07,25,0.0,-999,-999
104067,BAGAZAN,2008,07,26,6.4,-999,-999
104067,BAGAZAN,2008,07,27,0.0,-999,-999
104067,BAGAZAN,2008,07,28,0.0,-999,-999
104067,BAGAZAN,2008,07,29,0.0,-999,-999
104067,BAGAZAN,2008,07,30,0.0,-999,-999
104067,BAGAZAN,2008,07,31,0.0,-999,-999
104067,BAGAZAN,2008,08,01,0.0,-999,-999
104067,BAGAZAN,2008,08,02,0.0,-999,-999
104067,BAGAZAN,2008,08,03,14.5,-999,-999
104067,BAGAZAN,2008,08,04,2.0,-999,-999
104067,BAGAZAN,2008,08,05,15.3,-999,-999
104067,BAGAZAN,2008,08,06,0.0,-999,-999
104067,BAGAZAN,2008,08,07,0.0,-999,-999
104067,BAGAZAN,2008,08,08,0.0,-999,-999
104067,BAGAZAN,2008,08,09,0.0,-999,-999
104067,BAGAZAN,2008,08,10,32.6,-999,-999
104067,BAGAZAN,2008,08,11,0.0,-999,-999
104067,BAGAZAN,2008,08,12,0.0,-999,-999
104067,BAGAZAN,2008,08,13,4.8,-999,-999
104067,BAGAZAN,2008,08,14,0.0,-999,-999
104067,BAGAZAN,2008,08,15,0.0,-999,-999
104067,BAGAZAN,2008,08,16,0.0,-999,-999
104067,BAGAZAN,2008,08,17,0.0,-999,-999
104067,BAGAZAN,2008,08,18,0.0,-999,-999
104067,BAGAZAN,2008,08,19,0.0,-999,-999
104067,BAGAZAN,2008,08,20,0.0,-999,-999
104067,BAGAZAN,2008,08,21,0.0,-999,-999
104067,BAGAZAN,2008,08,22,18.4,-999,-999
104067,BAGAZAN,2008,08,23,0.0,-999,-999
104067,BAGAZAN,2008,08,24,0.0,-999,-999
104067,BAGAZAN,2008,08,25,6.3,-999,-999
104067,BAGAZAN,2008,08,26,0.0,-999,-999
104067,BAGAZAN,2008,08,27,0.0,-999,-999
104067,BAGAZAN,2008,08,28,0.0,-999,-999
104067,BAGAZAN,2008,08,29,4.2,-999,-999
104067,BAGAZAN,2008,08,30,5.6,-999,-999
104067,BAGAZAN,2008,08,31,0.0,-999,-999
104067,BAGAZAN,2008,09,01,5.2,-999,-999
104067,BAGAZAN,2008,09,02,0.0,-999,-999
104067,BAGAZAN,2008,09,03,0.0,-999,-999
104067,BAGAZAN,2008,09,04,26.4,-999,-999
104067,BAGAZAN,2008,09,05,0.0,-999,-999
104067,BAGAZAN,2008,09,06,0.0,-999,-999
104067,BAGAZAN,2008,09,07,42.3,-999,-999
104067,BAGAZAN,2008,09,08,0.0,-999,-999
104067,BAGAZAN,2008,09,09,30.2,-999,-999
104067,BAGAZAN,2008,09,10,0.0,-999,-999
104067,BAGAZAN,2008,09,11,0.0,-999,-999
104067,BAGAZAN,2008,09,12,0.0,-999,-999
104067,BAGAZAN,2008,09,13,74.5,-999,-999
104067,BAGAZAN,2008,09,14,0.0,-999,-999
104067,BAGAZAN,2008,09,15,14.3,-999,-999
104067,BAGAZAN,2008,09,16,0.0,-999,-999
104067,BAGAZAN,2008,09,17,0.0,-999,-999
104067,BAGAZAN,2008,09,18,0.0,-999,-999
104067,BAGAZAN,2008,09,19,0.0,-999,-999
104067,BAGAZAN,2008,09,20,0.0,-999,-999
104067,BAGAZAN,2008,09,21,0.0,-999,-999
104067,BAGAZAN,2008,09,22,0.0,-999,-999
104067,BAGAZAN,2008,09,23,0.0,-999,-999
104067,BAGAZAN,2008,09,24,0.0,-999,-999
104067,BAGAZAN,2008,09,25,0.0,-999,-999
104067,BAGAZAN,2008,09,26,0.0,-999,-999
104067,BAGAZAN,2008,09,27,0.0,-999,-999
104067,BAGAZAN,2008,09,28,0.0,-999,-999
104067,BAGAZAN,2008,09,29,0.0,-999,-999
104067,BAGAZAN,2008,09,30,22.4,-999,-999
104067,BAGAZAN,2008,10,01,12.4,-999,-999
104067,BAGAZAN,2008,10,02,0.0,-999,-999
104067,BAGAZAN,2008,10,03,0.0,-999,-999
104067,BAGAZAN,2008,10,04,0.0,-999,-999
104067,BAGAZAN,2008,10,05,17.2,-999,-999
104067,BAGAZAN,2008,10,06,0.0,-999,-999
104067,BAGAZAN,2008,10,07,0.0,-999,-999
104067,BAGAZAN,2008,10,08,0.0,-999,-999
104067,BAGAZAN,2008,10,09,24.5,-999,-999
104067,BAGAZAN,2008,10,10,8.2,-999,-999
104067,BAGAZAN,2008,10,11,0.0,-999,-999
104067,BAGAZAN,2008,10,12,0.0,-999,-999
104067,BAGAZAN,2008,10,13,12.3,-999,-999
104067,BAGAZAN,2008,10,14,0.0,-999,-999
104067,BAGAZAN,2008,10,15,0.0,-999,-999
104067,BAGAZAN,2008,10,16,0.0,-999,-999
104067,BAGAZAN,2008,10,17,4.5,-999,-999
104067,BAGAZAN,2008,10,18,0.0,-999,-999
104067,BAGAZAN,2008,10,19,28.5,-999,-999
104067,BAGAZAN,2008,10,20,0.0,-999,-999
104067,BAGAZAN,2008,10,21,15.2,-999,-999
104067,BAGAZAN,2008,10,22,35.2,-999,-999
104067,BAGAZAN,2008,10,23,0.0,-999,-999
104067,BAGAZAN,2008,10,24,0.0,-999,-999
104067,BAGAZAN,2008,10,25,0.0,-999,-999
104067,BAGAZAN,2008,10,26,0.0,-999,-999
104067,BAGAZAN,2008,10,27,0.0,-999,-999
104067,BAGAZAN,2008,10,28,0.0,-999,-999
104067,BAGAZAN,2008,10,29,4.8,-999,-999
104067,BAGAZAN,2008,10,30,0.0,-999,-999
104067,BAGAZAN,2008,10,31,0.0,-999,-999
104067,BAGAZAN,2008,11,01,0.0,-999,-999
104067,BAGAZAN,2008,11,02,37.5,-999,-999
104067,BAGAZAN,2008,11,03,26.5,-999,-999
104067,BAGAZAN,2008,11,04,0.0,-999,-999
104067,BAGAZAN,2008,11,05,0.0,-999,-999
104067,BAGAZAN,2008,11,06,0.0,-999,-999
104067,BAGAZAN,2008,11,07,0.0,-999,-999
104067,BAGAZAN,2008,11,08,0.0,-999,-999
104067,BAGAZAN,2008,11,09,0.0,-999,-999
104067,BAGAZAN,2008,11,10,0.0,-999,-999
104067,BAGAZAN,2008,11,11,0.0,-999,-999
104067,BAGAZAN,2008,11,12,0.0,-999,-999
104067,BAGAZAN,2008,11,13,0.0,-999,-999
104067,BAGAZAN,2008,11,14,40.2,-999,-999
104067,BAGAZAN,2008,11,15,0.0,-999,-999
104067,BAGAZAN,2008,11,16,0.0,-999,-999
104067,BAGAZAN,2008,11,17,10.4,-999,-999
104067,BAGAZAN,2008,11,18,0.0,-999,-999
104067,BAGAZAN,2008,11,19,0.0,-999,-999
104067,BAGAZAN,2008,11,20,0.0,-999,-999
104067,BAGAZAN,2008,11,21,45.3,-999,-999
104067,BAGAZAN,2008,11,22,32.5,-999,-999
104067,BAGAZAN,2008,11,23,0.0,-999,-999
104067,BAGAZAN,2008,11,24,25.2,-999,-999
104067,BAGAZAN,2008,11,25,0.0,-999,-999
104067,BAGAZAN,2008,11,26,13.3,-999,-999
104067,BAGAZAN,2008,11,27,55.7,-999,-999
104067,BAGAZAN,2008,11,28,13.2,-999,-999
104067,BAGAZAN,2008,11,29,12.3,-999,-999
104067,BAGAZAN,2008,11,30,0.0,-999,-999
104067,BAGAZAN,2008,12,01,25.3,-999,-999
104067,BAGAZAN,2008,12,02,0.0,-999,-999
104067,BAGAZAN,2008,12,03,20.0,-999,-999
104067,BAGAZAN,2008,12,04,82.7,-999,-999
104067,BAGAZAN,2008,12,05,0.0,-999,-999
104067,BAGAZAN,2008,12,06,25.2,-999,-999
104067,BAGAZAN,2008,12,07,0.0,-999,-999
104067,BAGAZAN,2008,12,08,18.2,-999,-999
104067,BAGAZAN,2008,12,09,0.0,-999,-999
104067,BAGAZAN,2008,12,10,0.0,-999,-999
104067,BAGAZAN,2008,12,11,0.0,-999,-999
104067,BAGAZAN,2008,12,12,22.4,-999,-999
104067,BAGAZAN,2008,12,13,0.0,-999,-999
104067,BAGAZAN,2008,12,14,0.0,-999,-999
104067,BAGAZAN,2008,12,15,0.0,-999,-999
104067,BAGAZAN,2008,12,16,0.0,-999,-999
104067,BAGAZAN,2008,12,17,0.0,-999,-999
104067,BAGAZAN,2008,12,18,0.0,-999,-999
104067,BAGAZAN,2008,12,19,0.0,-999,-999
104067,BAGAZAN,2008,12,20,0.0,-999,-999
104067,BAGAZAN,2008,12,21,26.2,-999,-999
104067,BAGAZAN,2008,12,22,0.0,-999,-999
104067,BAGAZAN,2008,12,23,45.3,-999,-999
104067,BAGAZAN,2008,12,24,5.6,-999,-999
104067,BAGAZAN,2008,12,25,0.0,-999,-999
104067,BAGAZAN,2008,12,26,0.0,-999,-999
104067,BAGAZAN,2008,12,27,0.0,-999,-999
104067,BAGAZAN,2008,12,28,6.4,-999,-999
104067,BAGAZAN,2008,12,29,6.3,-999,-999
104067,BAGAZAN,2008,12,30,0.0,-999,-999
104067,BAGAZAN,2008,12,31,0.0,-999,-999
104067,BAGAZAN,2009,01,01,6.4,-999,-999
104067,BAGAZAN,2009,01,02,0.0,-999,-999
104067,BAGAZAN,2009,01,03,6.8,-999,-999
104067,BAGAZAN,2009,01,04,0.0,-999,-999
104067,BAGAZAN,2009,01,05,0.0,-999,-999
104067,BAGAZAN,2009,01,06,26.2,-999,-999
104067,BAGAZAN,2009,01,07,0.0,-999,-999
104067,BAGAZAN,2009,01,08,27.6,-999,-999
104067,BAGAZAN,2009,01,09,34.6,-999,-999
104067,BAGAZAN,2009,01,10,0.0,-999,-999
104067,BAGAZAN,2009,01,11,42.5,-999,-999
104067,BAGAZAN,2009,01,12,16.4,-999,-999
104067,BAGAZAN,2009,01,13,7.5,-999,-999
104067,BAGAZAN,2009,01,14,0.0,-999,-999
104067,BAGAZAN,2009,01,15,0.0,-999,-999
104067,BAGAZAN,2009,01,16,0.0,-999,-999
104067,BAGAZAN,2009,01,17,6.2,-999,-999
104067,BAGAZAN,2009,01,18,0.0,-999,-999
104067,BAGAZAN,2009,01,19,0.0,-999,-999
104067,BAGAZAN,2009,01,20,5.2,-999,-999
104067,BAGAZAN,2009,01,21,0.0,-999,-999
104067,BAGAZAN,2009,01,22,0.0,-999,-999
104067,BAGAZAN,2009,01,23,0.0,-999,-999
104067,BAGAZAN,2009,01,24,0.0,-999,-999
104067,BAGAZAN,2009,01,25,0.0,-999,-999
104067,BAGAZAN,2009,01,26,67.7,-999,-999
104067,BAGAZAN,2009,01,27,0.0,-999,-999
104067,BAGAZAN,2009,01,28,76.4,-999,-999
104067,BAGAZAN,2009,01,29,12.3,-999,-999
104067,BAGAZAN,2009,01,30,82.4,-999,-999
104067,BAGAZAN,2009,01,31,0.0,-999,-999
104067,BAGAZAN,2009,02,01,0.0,-999,-999
104067,BAGAZAN,2009,02,02,6.2,-999,-999
104067,BAGAZAN,2009,02,03,0.0,-999,-999
104067,BAGAZAN,2009,02,04,30.2,-999,-999
104067,BAGAZAN,2009,02,05,48.7,-999,-999
104067,BAGAZAN,2009,02,06,0.0,-999,-999
104067,BAGAZAN,2009,02,07,0.0,-999,-999
104067,BAGAZAN,2009,02,08,0.0,-999,-999
104067,BAGAZAN,2009,02,09,41.4,-999,-999
104067,BAGAZAN,2009,02,10,22.3,-999,-999
104067,BAGAZAN,2009,02,11,32.6,-999,-999
104067,BAGAZAN,2009,02,12,10.2,-999,-999
104067,BAGAZAN,2009,02,13,0.0,-999,-999
104067,BAGAZAN,2009,02,14,0.0,-999,-999
104067,BAGAZAN,2009,02,15,6.4,-999,-999
104067,BAGAZAN,2009,02,16,0.0,-999,-999
104067,BAGAZAN,2009,02,17,30.7,-999,-999
104067,BAGAZAN,2009,02,18,0.0,-999,-999
104067,BAGAZAN,2009,02,19,57.5,-999,-999
104067,BAGAZAN,2009,02,20,0.0,-999,-999
104067,BAGAZAN,2009,02,21,0.0,-999,-999
104067,BAGAZAN,2009,02,22,6.4,-999,-999
104067,BAGAZAN,2009,02,23,23.2,-999,-999
104067,BAGAZAN,2009,02,24,0.0,-999,-999
104067,BAGAZAN,2009,02,25,0.0,-999,-999
104067,BAGAZAN,2009,02,26,0.0,-999,-999
104067,BAGAZAN,2009,02,27,0.0,-999,-999
104067,BAGAZAN,2009,02,28,0.0,-999,-999
104067,BAGAZAN,2009,03,01,0.0,-999,-999
104067,BAGAZAN,2009,03,02,0.0,-999,-999
104067,BAGAZAN,2009,03,03,0.0,-999,-999
104067,BAGAZAN,2009,03,04,7.5,-999,-999
104067,BAGAZAN,2009,03,05,16.4,-999,-999
104067,BAGAZAN,2009,03,06,54.2,-999,-999
104067,BAGAZAN,2009,03,07,0.0,-999,-999
104067,BAGAZAN,2009,03,08,0.0,-999,-999
104067,BAGAZAN,2009,03,09,3.2,-999,-999
104067,BAGAZAN,2009,03,10,0.0,-999,-999
104067,BAGAZAN,2009,03,11,70.2,-999,-999
104067,BAGAZAN,2009,03,12,48.3,-999,-999
104067,BAGAZAN,2009,03,13,0.0,-999,-999
104067,BAGAZAN,2009,03,14,6.4,-999,-999
104067,BAGAZAN,2009,03,15,0.0,-999,-999
104067,BAGAZAN,2009,03,16,0.0,-999,-999
104067,BAGAZAN,2009,03,17,0.0,-999,-999
104067,BAGAZAN,2009,03,18,3.6,-999,-999
104067,BAGAZAN,2009,03,19,62.3,-999,-999
104067,BAGAZAN,2009,03,20,0.0,-999,-999
104067,BAGAZAN,2009,03,21,8.6,-999,-999
104067,BAGAZAN,2009,03,22,10.2,-999,-999
104067,BAGAZAN,2009,03,23,0.0,-999,-999
104067,BAGAZAN,2009,03,24,0.0,-999,-999
104067,BAGAZAN,2009,03,25,0.0,-999,-999
104067,BAGAZAN,2009,03,26,0.0,-999,-999
104067,BAGAZAN,2009,03,27,0.0,-999,-999
104067,BAGAZAN,2009,03,28,14.4,-999,-999
104067,BAGAZAN,2009,03,29,0.0,-999,-999
104067,BAGAZAN,2009,03,30,0.0,-999,-999
104067,BAGAZAN,2009,03,31,33.5,-999,-999
104067,BAGAZAN,2009,04,01,0.0,-999,-999
104067,BAGAZAN,2009,04,02,0.0,-999,-999
104067,BAGAZAN,2009,04,03,0.0,-999,-999
104067,BAGAZAN,2009,04,04,5.2,-999,-999
104067,BAGAZAN,2009,04,05,0.0,-999,-999
104067,BAGAZAN,2009,04,06,5.4,-999,-999
104067,BAGAZAN,2009,04,07,52.7,-999,-999
104067,BAGAZAN,2009,04,08,0.0,-999,-999
104067,BAGAZAN,2009,04,09,5.2,-999,-999
104067,BAGAZAN,2009,04,10,0.0,-999,-999
104067,BAGAZAN,2009,04,11,0.0,-999,-999
104067,BAGAZAN,2009,04,12,0.0,-999,-999
104067,BAGAZAN,2009,04,13,0.0,-999,-999
104067,BAGAZAN,2009,04,14,0.0,-999,-999
104067,BAGAZAN,2009,04,15,22.4,-999,-999
104067,BAGAZAN,2009,04,16,25.3,-999,-999
104067,BAGAZAN,2009,04,17,9.6,-999,-999
104067,BAGAZAN,2009,04,18,12.4,-999,-999
104067,BAGAZAN,2009,04,19,30.4,-999,-999
104067,BAGAZAN,2009,04,20,26.8,-999,-999
104067,BAGAZAN,2009,04,21,25.3,-999,-999
104067,BAGAZAN,2009,04,22,0.0,-999,-999
104067,BAGAZAN,2009,04,23,0.0,-999,-999
104067,BAGAZAN,2009,04,24,60.2,-999,-999
104067,BAGAZAN,2009,04,25,0.0,-999,-999
104067,BAGAZAN,2009,04,26,5.3,-999,-999
104067,BAGAZAN,2009,04,27,5.4,-999,-999
104067,BAGAZAN,2009,04,28,4.2,-999,-999
104067,BAGAZAN,2009,04,29,6.4,-999,-999
104067,BAGAZAN,2009,04,30,0.0,-999,-999
104067,BAGAZAN,2009,05,01,3.4,-999,-999
104067,BAGAZAN,2009,05,02,0.0,-999,-999
104067,BAGAZAN,2009,05,03,0.0,-999,-999
104067,BAGAZAN,2009,05,04,0.0,-999,-999
104067,BAGAZAN,2009,05,05,10.3,-999,-999
104067,BAGAZAN,2009,05,06,0.0,-999,-999
104067,BAGAZAN,2009,05,07,0.0,-999,-999
104067,BAGAZAN,2009,05,08,0.0,-999,-999
104067,BAGAZAN,2009,05,09,4.6,-999,-999
104067,BAGAZAN,2009,05,10,0.0,-999,-999
104067,BAGAZAN,2009,05,11,0.0,-999,-999
104067,BAGAZAN,2009,05,12,0.0,-999,-999
104067,BAGAZAN,2009,05,13,0.0,-999,-999
104067,BAGAZAN,2009,05,14,0.0,-999,-999
104067,BAGAZAN,2009,05,15,6.3,-999,-999
104067,BAGAZAN,2009,05,16,6.2,-999,-999
104067,BAGAZAN,2009,05,17,33.4,-999,-999
104067,BAGAZAN,2009,05,18,4.2,-999,-999
104067,BAGAZAN,2009,05,19,4.3,-999,-999
104067,BAGAZAN,2009,05,20,35.6,-999,-999
104067,BAGAZAN,2009,05,21,0.0,-999,-999
104067,BAGAZAN,2009,05,22,20.3,-999,-999
104067,BAGAZAN,2009,05,23,0.0,-999,-999
104067,BAGAZAN,2009,05,24,0.0,-999,-999
104067,BAGAZAN,2009,05,25,0.0,-999,-999
104067,BAGAZAN,2009,05,26,10.2,-999,-999
104067,BAGAZAN,2009,05,27,0.0,-999,-999
104067,BAGAZAN,2009,05,28,0.0,-999,-999
104067,BAGAZAN,2009,05,29,0.0,-999,-999
104067,BAGAZAN,2009,05,30,0.0,-999,-999
104067,BAGAZAN,2009,05,31,0.0,-999,-999
104067,BAGAZAN,2009,06,01,0.0,-999,-999
104067,BAGAZAN,2009,06,02,0.0,-999,-999
104067,BAGAZAN,2009,06,03,0.0,-999,-999
104067,BAGAZAN,2009,06,04,0.0,-999,-999
104067,BAGAZAN,2009,06,05,10.5,-999,-999
104067,BAGAZAN,2009,06,06,0.0,-999,-999
104067,BAGAZAN,2009,06,07,0.0,-999,-999
104067,BAGAZAN,2009,06,08,0.0,-999,-999
104067,BAGAZAN,2009,06,09,22.4,-999,-999
104067,BAGAZAN,2009,06,10,25.2,-999,-999
104067,BAGAZAN,2009,06,11,7.7,-999,-999
104067,BAGAZAN,2009,06,12,0.0,-999,-999
104067,BAGAZAN,2009,06,13,0.0,-999,-999
104067,BAGAZAN,2009,06,14,0.0,-999,-999
104067,BAGAZAN,2009,06,15,24.2,-999,-999
104067,BAGAZAN,2009,06,16,6.3,-999,-999
104067,BAGAZAN,2009,06,17,0.0,-999,-999
104067,BAGAZAN,2009,06,18,0.0,-999,-999
104067,BAGAZAN,2009,06,19,32.4,-999,-999
104067,BAGAZAN,2009,06,20,0.0,-999,-999
104067,BAGAZAN,2009,06,21,6.4,-999,-999
104067,BAGAZAN,2009,06,22,0.0,-999,-999
104067,BAGAZAN,2009,06,23,0.0,-999,-999
104067,BAGAZAN,2009,06,24,0.0,-999,-999
104067,BAGAZAN,2009,06,25,4.6,-999,-999
104067,BAGAZAN,2009,06,26,6.2,-999,-999
104067,BAGAZAN,2009,06,27,6.3,-999,-999
104067,BAGAZAN,2009,06,28,0.0,-999,-999
104067,BAGAZAN,2009,06,29,0.0,-999,-999
104067,BAGAZAN,2009,06,30,0.0,-999,-999
104067,BAGAZAN,2009,07,01,0.0,-999,-999
104067,BAGAZAN,2009,07,02,23.2,-999,-999
104067,BAGAZAN,2009,07,03,6.4,-999,-999
104067,BAGAZAN,2009,07,04,0.0,-999,-999
104067,BAGAZAN,2009,07,05,0.0,-999,-999
104067,BAGAZAN,2009,07,06,12.3,-999,-999
104067,BAGAZAN,2009,07,07,0.0,-999,-999
104067,BAGAZAN,2009,07,08,0.0,-999,-999
104067,BAGAZAN,2009,07,09,12.4,-999,-999
104067,BAGAZAN,2009,07,10,0.0,-999,-999
104067,BAGAZAN,2009,07,11,0.0,-999,-999
104067,BAGAZAN,2009,07,12,16.3,-999,-999
104067,BAGAZAN,2009,07,13,6.5,-999,-999
104067,BAGAZAN,2009,07,14,0.0,-999,-999
104067,BAGAZAN,2009,07,15,0.0,-999,-999
104067,BAGAZAN,2009,07,16,0.0,-999,-999
104067,BAGAZAN,2009,07,17,13.4,-999,-999
104067,BAGAZAN,2009,07,18,0.0,-999,-999
104067,BAGAZAN,2009,07,19,0.0,-999,-999
104067,BAGAZAN,2009,07,20,0.0,-999,-999
104067,BAGAZAN,2009,07,21,0.0,-999,-999
104067,BAGAZAN,2009,07,22,6.3,-999,-999
104067,BAGAZAN,2009,07,23,0.0,-999,-999
104067,BAGAZAN,2009,07,24,0.0,-999,-999
104067,BAGAZAN,2009,07,25,0.0,-999,-999
104067,BAGAZAN,2009,07,26,6.4,-999,-999
104067,BAGAZAN,2009,07,27,0.0,-999,-999
104067,BAGAZAN,2009,07,28,0.0,-999,-999
104067,BAGAZAN,2009,07,29,5.2,-999,-999
104067,BAGAZAN,2009,07,30,0.0,-999,-999
104067,BAGAZAN,2009,07,31,0.0,-999,-999
104067,BAGAZAN,2009,08,01,0.0,-999,-999
104067,BAGAZAN,2009,08,02,0.0,-999,-999
104067,BAGAZAN,2009,08,03,50.6,-999,-999
104067,BAGAZAN,2009,08,04,0.0,-999,-999
104067,BAGAZAN,2009,08,05,0.0,-999,-999
104067,BAGAZAN,2009,08,06,20.2,-999,-999
104067,BAGAZAN,2009,08,07,25.3,-999,-999
104067,BAGAZAN,2009,08,08,25.4,-999,-999
104067,BAGAZAN,2009,08,09,0.0,-999,-999
104067,BAGAZAN,2009,08,10,12.3,-999,-999
104067,BAGAZAN,2009,08,11,0.0,-999,-999
104067,BAGAZAN,2009,08,12,0.0,-999,-999
104067,BAGAZAN,2009,08,13,0.0,-999,-999
104067,BAGAZAN,2009,08,14,0.0,-999,-999
104067,BAGAZAN,2009,08,15,0.0,-999,-999
104067,BAGAZAN,2009,08,16,0.0,-999,-999
104067,BAGAZAN,2009,08,17,0.0,-999,-999
104067,BAGAZAN,2009,08,18,0.0,-999,-999
104067,BAGAZAN,2009,08,19,0.0,-999,-999
104067,BAGAZAN,2009,08,20,0.0,-999,-999
104067,BAGAZAN,2009,08,21,0.0,-999,-999
104067,BAGAZAN,2009,08,22,0.0,-999,-999
104067,BAGAZAN,2009,08,23,0.0,-999,-999
104067,BAGAZAN,2009,08,24,50.5,-999,-999
104067,BAGAZAN,2009,08,25,12.5,-999,-999
104067,BAGAZAN,2009,08,26,15.5,-999,-999
104067,BAGAZAN,2009,08,27,6.5,-999,-999
104067,BAGAZAN,2009,08,28,14.3,-999,-999
104067,BAGAZAN,2009,08,29,17.2,-999,-999
104067,BAGAZAN,2009,08,30,0.0,-999,-999
104067,BAGAZAN,2009,08,31,0.0,-999,-999
104067,BAGAZAN,2009,09,01,0.0,-999,-999
104067,BAGAZAN,2009,09,02,0.0,-999,-999
104067,BAGAZAN,2009,09,03,10.4,-999,-999
104067,BAGAZAN,2009,09,04,0.0,-999,-999
104067,BAGAZAN,2009,09,05,0.0,-999,-999
104067,BAGAZAN,2009,09,06,0.0,-999,-999
104067,BAGAZAN,2009,09,07,0.0,-999,-999
104067,BAGAZAN,2009,09,08,0.0,-999,-999
104067,BAGAZAN,2009,09,09,0.0,-999,-999
104067,BAGAZAN,2009,09,10,34.5,-999,-999
104067,BAGAZAN,2009,09,11,0.0,-999,-999
104067,BAGAZAN,2009,09,12,0.0,-999,-999
104067,BAGAZAN,2009,09,13,0.0,-999,-999
104067,BAGAZAN,2009,09,14,0.0,-999,-999
104067,BAGAZAN,2009,09,15,0.0,-999,-999
104067,BAGAZAN,2009,09,16,12.5,-999,-999
104067,BAGAZAN,2009,09,17,0.0,-999,-999
104067,BAGAZAN,2009,09,18,0.0,-999,-999
104067,BAGAZAN,2009,09,19,0.0,-999,-999
104067,BAGAZAN,2009,09,20,25.3,-999,-999
104067,BAGAZAN,2009,09,21,0.0,-999,-999
104067,BAGAZAN,2009,09,22,0.0,-999,-999
104067,BAGAZAN,2009,09,23,14.3,-999,-999
104067,BAGAZAN,2009,09,24,22.3,-999,-999
104067,BAGAZAN,2009,09,25,10.2,-999,-999
104067,BAGAZAN,2009,09,26,0.0,-999,-999
104067,BAGAZAN,2009,09,27,0.0,-999,-999
104067,BAGAZAN,2009,09,28,0.0,-999,-999
104067,BAGAZAN,2009,09,29,0.0,-999,-999
104067,BAGAZAN,2009,09,30,0.0,-999,-999
104067,BAGAZAN,2009,10,01,8.4,-999,-999
104067,BAGAZAN,2009,10,02,25.6,-999,-999
104067,BAGAZAN,2009,10,03,0.0,-999,-999
104067,BAGAZAN,2009,10,04,30.6,-999,-999
104067,BAGAZAN,2009,10,05,0.0,-999,-999
104067,BAGAZAN,2009,10,06,0.0,-999,-999
104067,BAGAZAN,2009,10,07,25.2,-999,-999
104067,BAGAZAN,2009,10,08,32.5,-999,-999
104067,BAGAZAN,2009,10,09,0.0,-999,-999
104067,BAGAZAN,2009,10,10,0.0,-999,-999
104067,BAGAZAN,2009,10,11,0.0,-999,-999
104067,BAGAZAN,2009,10,12,0.0,-999,-999
104067,BAGAZAN,2009,10,13,85.3,-999,-999
104067,BAGAZAN,2009,10,14,0.0,-999,-999
104067,BAGAZAN,2009,10,15,0.0,-999,-999
104067,BAGAZAN,2009,10,16,0.0,-999,-999
104067,BAGAZAN,2009,10,17,10.6,-999,-999
104067,BAGAZAN,2009,10,18,40.2,-999,-999
104067,BAGAZAN,2009,10,19,0.0,-999,-999
104067,BAGAZAN,2009,10,20,0.0,-999,-999
104067,BAGAZAN,2009,10,21,3.6,-999,-999
104067,BAGAZAN,2009,10,22,0.0,-999,-999
104067,BAGAZAN,2009,10,23,10.8,-999,-999
104067,BAGAZAN,2009,10,24,0.0,-999,-999
104067,BAGAZAN,2009,10,25,5.3,-999,-999
104067,BAGAZAN,2009,10,26,0.0,-999,-999
104067,BAGAZAN,2009,10,27,0.0,-999,-999
104067,BAGAZAN,2009,10,28,10.3,-999,-999
104067,BAGAZAN,2009,10,29,10.2,-999,-999
104067,BAGAZAN,2009,10,30,0.0,-999,-999
104067,BAGAZAN,2009,10,31,0.0,-999,-999
104067,BAGAZAN,2009,11,01,0.0,-999,-999
104067,BAGAZAN,2009,11,02,25.2,-999,-999
104067,BAGAZAN,2009,11,03,0.0,-999,-999
104067,BAGAZAN,2009,11,04,0.0,-999,-999
104067,BAGAZAN,2009,11,05,0.0,-999,-999
104067,BAGAZAN,2009,11,06,0.0,-999,-999
104067,BAGAZAN,2009,11,07,8.2,-999,-999
104067,BAGAZAN,2009,11,08,14.6,-999,-999
104067,BAGAZAN,2009,11,09,10.3,-999,-999
104067,BAGAZAN,2009,11,10,0.0,-999,-999
104067,BAGAZAN,2009,11,11,0.0,-999,-999
104067,BAGAZAN,2009,11,12,0.0,-999,-999
104067,BAGAZAN,2009,11,13,0.0,-999,-999
104067,BAGAZAN,2009,11,14,0.0,-999,-999
104067,BAGAZAN,2009,11,15,0.0,-999,-999
104067,BAGAZAN,2009,11,16,0.0,-999,-999
104067,BAGAZAN,2009,11,17,15.2,-999,-999
104067,BAGAZAN,2009,11,18,0.0,-999,-999
104067,BAGAZAN,2009,11,19,0.0,-999,-999
104067,BAGAZAN,2009,11,20,16.3,-999,-999
104067,BAGAZAN,2009,11,21,0.0,-999,-999
104067,BAGAZAN,2009,11,22,15.5,-999,-999
104067,BAGAZAN,2009,11,23,20.3,-999,-999
104067,BAGAZAN,2009,11,24,0.0,-999,-999
104067,BAGAZAN,2009,11,25,0.0,-999,-999
104067,BAGAZAN,2009,11,26,5.7,-999,-999
104067,BAGAZAN,2009,11,27,0.0,-999,-999
104067,BAGAZAN,2009,11,28,0.0,-999,-999
104067,BAGAZAN,2009,11,29,10.4,-999,-999
104067,BAGAZAN,2009,11,30,0.0,-999,-999
104067,BAGAZAN,2009,12,01,25.4,-999,-999
104067,BAGAZAN,2009,12,02,50.4,-999,-999
104067,BAGAZAN,2009,12,03,48.6,-999,-999
104067,BAGAZAN,2009,12,04,0.0,-999,-999
104067,BAGAZAN,2009,12,05,6.3,-999,-999
104067,BAGAZAN,2009,12,06,0.0,-999,-999
104067,BAGAZAN,2009,12,07,0.0,-999,-999
104067,BAGAZAN,2009,12,08,10.4,-999,-999
104067,BAGAZAN,2009,12,09,0.0,-999,-999
104067,BAGAZAN,2009,12,10,6.3,-999,-999
104067,BAGAZAN,2009,12,11,24.6,-999,-999
104067,BAGAZAN,2009,12,12,25.7,-999,-999
104067,BAGAZAN,2009,12,13,27.7,-999,-999
104067,BAGAZAN,2009,12,14,34.9,-999,-999
104067,BAGAZAN,2009,12,15,33.9,-999,-999
104067,BAGAZAN,2009,12,16,8.4,-999,-999
104067,BAGAZAN,2009,12,17,6.3,-999,-999
104067,BAGAZAN,2009,12,18,59.1,-999,-999
104067,BAGAZAN,2009,12,19,0.0,-999,-999
104067,BAGAZAN,2009,12,20,67.4,-999,-999
104067,BAGAZAN,2009,12,21,0.0,-999,-999
104067,BAGAZAN,2009,12,22,12.8,-999,-999
104067,BAGAZAN,2009,12,23,16.6,-999,-999
104067,BAGAZAN,2009,12,24,27.7,-999,-999
104067,BAGAZAN,2009,12,25,0.0,-999,-999
104067,BAGAZAN,2009,12,26,0.0,-999,-999
104067,BAGAZAN,2009,12,27,6.3,-999,-999
104067,BAGAZAN,2009,12,28,0.0,-999,-999
104067,BAGAZAN,2009,12,29,0.0,-999,-999
104067,BAGAZAN,2009,12,30,0.0,-999,-999
104067,BAGAZAN,2009,12,31,0.0,-999,-999
104067,BAGAZAN,2010,01,01,0.0,-999,-999
104067,BAGAZAN,2010,01,02,0.0,-999,-999
104067,BAGAZAN,2010,01,03,0.0,-999,-999
104067,BAGAZAN,2010,01,04,0.0,-999,-999
104067,BAGAZAN,2010,01,05,0.0,-999,-999
104067,BAGAZAN,2010,01,06,6.4,-999,-999
104067,BAGAZAN,2010,01,07,0.0,-999,-999
104067,BAGAZAN,2010,01,08,0.0,-999,-999
104067,BAGAZAN,2010,01,09,28.6,-999,-999
104067,BAGAZAN,2010,01,10,0.0,-999,-999
104067,BAGAZAN,2010,01,11,0.0,-999,-999
104067,BAGAZAN,2010,01,12,0.0,-999,-999
104067,BAGAZAN,2010,01,13,0.0,-999,-999
104067,BAGAZAN,2010,01,14,16.4,-999,-999
104067,BAGAZAN,2010,01,15,0.0,-999,-999
104067,BAGAZAN,2010,01,16,0.0,-999,-999
104067,BAGAZAN,2010,01,17,0.0,-999,-999
104067,BAGAZAN,2010,01,18,12.4,-999,-999
104067,BAGAZAN,2010,01,19,0.0,-999,-999
104067,BAGAZAN,2010,01,20,0.0,-999,-999
104067,BAGAZAN,2010,01,21,26.3,-999,-999
104067,BAGAZAN,2010,01,22,0.0,-999,-999
104067,BAGAZAN,2010,01,23,0.0,-999,-999
104067,BAGAZAN,2010,01,24,12.0,-999,-999
104067,BAGAZAN,2010,01,25,6.4,-999,-999
104067,BAGAZAN,2010,01,26,15.2,-999,-999
104067,BAGAZAN,2010,01,27,6.2,-999,-999
104067,BAGAZAN,2010,01,28,0.0,-999,-999
104067,BAGAZAN,2010,01,29,0.0,-999,-999
104067,BAGAZAN,2010,01,30,0.0,-999,-999
104067,BAGAZAN,2010,01,31,0.0,-999,-999
104067,BAGAZAN,2010,02,01,22.4,-999,-999
104067,BAGAZAN,2010,02,02,0.0,-999,-999
104067,BAGAZAN,2010,02,03,0.0,-999,-999
104067,BAGAZAN,2010,02,04,52.3,-999,-999
104067,BAGAZAN,2010,02,05,22.3,-999,-999
104067,BAGAZAN,2010,02,06,0.0,-999,-999
104067,BAGAZAN,2010,02,07,0.0,-999,-999
104067,BAGAZAN,2010,02,08,0.0,-999,-999
104067,BAGAZAN,2010,02,09,0.0,-999,-999
104067,BAGAZAN,2010,02,10,0.0,-999,-999
104067,BAGAZAN,2010,02,11,0.0,-999,-999
104067,BAGAZAN,2010,02,12,0.0,-999,-999
104067,BAGAZAN,2010,02,13,0.0,-999,-999
104067,BAGAZAN,2010,02,14,0.0,-999,-999
104067,BAGAZAN,2010,02,15,0.0,-999,-999
104067,BAGAZAN,2010,02,16,42.3,-999,-999
104067,BAGAZAN,2010,02,17,40.2,-999,-999
104067,BAGAZAN,2010,02,18,4.3,-999,-999
104067,BAGAZAN,2010,02,19,6.4,-999,-999
104067,BAGAZAN,2010,02,20,0.0,-999,-999
104067,BAGAZAN,2010,02,21,0.0,-999,-999
104067,BAGAZAN,2010,02,22,0.0,-999,-999
104067,BAGAZAN,2010,02,23,0.0,-999,-999
104067,BAGAZAN,2010,02,24,0.0,-999,-999
104067,BAGAZAN,2010,02,25,0.0,-999,-999
104067,BAGAZAN,2010,02,26,0.0,-999,-999
104067,BAGAZAN,2010,02,27,0.0,-999,-999
104067,BAGAZAN,2010,02,28,0.0,-999,-999
104067,BAGAZAN,2010,03,01,0.0,-999,-999
104067,BAGAZAN,2010,03,02,62.3,-999,-999
104067,BAGAZAN,2010,03,03,0.0,-999,-999
104067,BAGAZAN,2010,03,04,16.4,-999,-999
104067,BAGAZAN,2010,03,05,0.0,-999,-999
104067,BAGAZAN,2010,03,06,22.4,-999,-999
104067,BAGAZAN,2010,03,07,0.0,-999,-999
104067,BAGAZAN,2010,03,08,16.3,-999,-999
104067,BAGAZAN,2010,03,09,26.5,-999,-999
104067,BAGAZAN,2010,03,10,0.0,-999,-999
104067,BAGAZAN,2010,03,11,0.0,-999,-999
104067,BAGAZAN,2010,03,12,0.0,-999,-999
104067,BAGAZAN,2010,03,13,69.0,-999,-999
104067,BAGAZAN,2010,03,14,0.0,-999,-999
104067,BAGAZAN,2010,03,15,0.0,-999,-999
104067,BAGAZAN,2010,03,16,22.2,-999,-999
104067,BAGAZAN,2010,03,17,10.4,-999,-999
104067,BAGAZAN,2010,03,18,0.0,-999,-999
104067,BAGAZAN,2010,03,19,15.3,-999,-999
104067,BAGAZAN,2010,03,20,0.0,-999,-999
104067,BAGAZAN,2010,03,21,0.0,-999,-999
104067,BAGAZAN,2010,03,22,0.0,-999,-999
104067,BAGAZAN,2010,03,23,0.0,-999,-999
104067,BAGAZAN,2010,03,24,0.0,-999,-999
104067,BAGAZAN,2010,03,25,6.3,-999,-999
104067,BAGAZAN,2010,03,26,0.0,-999,-999
104067,BAGAZAN,2010,03,27,0.0,-999,-999
104067,BAGAZAN,2010,03,28,0.0,-999,-999
104067,BAGAZAN,2010,03,29,125.7,-999,-999
104067,BAGAZAN,2010,03,30,30.2,-999,-999
104067,BAGAZAN,2010,03,31,0.0,-999,-999
104067,BAGAZAN,2010,04,01,0.0,-999,-999
104067,BAGAZAN,2010,04,02,27.5,-999,-999
104067,BAGAZAN,2010,04,03,0.0,-999,-999
104067,BAGAZAN,2010,04,04,0.0,-999,-999
104067,BAGAZAN,2010,04,05,44.8,-999,-999
104067,BAGAZAN,2010,04,06,0.0,-999,-999
104067,BAGAZAN,2010,04,07,16.4,-999,-999
104067,BAGAZAN,2010,04,08,0.0,-999,-999
104067,BAGAZAN,2010,04,09,0.0,-999,-999
104067,BAGAZAN,2010,04,10,0.0,-999,-999
104067,BAGAZAN,2010,04,11,0.0,-999,-999
104067,BAGAZAN,2010,04,12,0.0,-999,-999
104067,BAGAZAN,2010,04,13,32.4,-999,-999
104067,BAGAZAN,2010,04,14,0.0,-999,-999
104067,BAGAZAN,2010,04,15,5.3,-999,-999
104067,BAGAZAN,2010,04,16,0.0,-999,-999
104067,BAGAZAN,2010,04,17,15.4,-999,-999
104067,BAGAZAN,2010,04,18,0.0,-999,-999
104067,BAGAZAN,2010,04,19,22.3,-999,-999
104067,BAGAZAN,2010,04,20,0.0,-999,-999
104067,BAGAZAN,2010,04,21,0.0,-999,-999
104067,BAGAZAN,2010,04,22,0.0,-999,-999
104067,BAGAZAN,2010,04,23,0.0,-999,-999
104067,BAGAZAN,2010,04,24,22.3,-999,-999
104067,BAGAZAN,2010,04,25,20.2,-999,-999
104067,BAGAZAN,2010,04,26,10.2,-999,-999
104067,BAGAZAN,2010,04,27,10.4,-999,-999
104067,BAGAZAN,2010,04,28,0.0,-999,-999
104067,BAGAZAN,2010,04,29,0.0,-999,-999
104067,BAGAZAN,2010,04,30,16.5,-999,-999
104067,BAGAZAN,2010,05,01,5.2,-999,-999
104067,BAGAZAN,2010,05,02,0.0,-999,-999
104067,BAGAZAN,2010,05,03,26.2,-999,-999
104067,BAGAZAN,2010,05,04,0.0,-999,-999
104067,BAGAZAN,2010,05,05,0.0,-999,-999
104067,BAGAZAN,2010,05,06,0.0,-999,-999
104067,BAGAZAN,2010,05,07,50.3,-999,-999
104067,BAGAZAN,2010,05,08,6.4,-999,-999
104067,BAGAZAN,2010,05,09,18.3,-999,-999
104067,BAGAZAN,2010,05,10,0.0,-999,-999
104067,BAGAZAN,2010,05,11,0.0,-999,-999
104067,BAGAZAN,2010,05,12,0.0,-999,-999
104067,BAGAZAN,2010,05,13,0.0,-999,-999
104067,BAGAZAN,2010,05,14,0.0,-999,-999
104067,BAGAZAN,2010,05,15,0.0,-999,-999
104067,BAGAZAN,2010,05,16,0.0,-999,-999
104067,BAGAZAN,2010,05,17,7.6,-999,-999
104067,BAGAZAN,2010,05,18,0.0,-999,-999
104067,BAGAZAN,2010,05,19,0.0,-999,-999
104067,BAGAZAN,2010,05,20,23.6,-999,-999
104067,BAGAZAN,2010,05,21,0.0,-999,-999
104067,BAGAZAN,2010,05,22,0.0,-999,-999
104067,BAGAZAN,2010,05,23,0.0,-999,-999
104067,BAGAZAN,2010,05,24,0.0,-999,-999
104067,BAGAZAN,2010,05,25,24.5,-999,-999
104067,BAGAZAN,2010,05,26,32.4,-999,-999
104067,BAGAZAN,2010,05,27,0.0,-999,-999
104067,BAGAZAN,2010,05,28,0.0,-999,-999
104067,BAGAZAN,2010,05,29,0.0,-999,-999
104067,BAGAZAN,2010,05,30,0.0,-999,-999
104067,BAGAZAN,2010,05,31,0.0,-999,-999
104067,BAGAZAN,2010,06,01,104.0,-999,-999
104067,BAGAZAN,2010,06,02,0.0,-999,-999
104067,BAGAZAN,2010,06,03,0.0,-999,-999
104067,BAGAZAN,2010,06,04,0.0,-999,-999
104067,BAGAZAN,2010,06,05,36.6,-999,-999
104067,BAGAZAN,2010,06,06,0.0,-999,-999
104067,BAGAZAN,2010,06,07,4.2,-999,-999
104067,BAGAZAN,2010,06,08,0.0,-999,-999
104067,BAGAZAN,2010,06,09,20.6,-999,-999
104067,BAGAZAN,2010,06,10,4.5,-999,-999
104067,BAGAZAN,2010,06,11,10.2,-999,-999
104067,BAGAZAN,2010,06,12,0.0,-999,-999
104067,BAGAZAN,2010,06,13,0.0,-999,-999
104067,BAGAZAN,2010,06,14,0.0,-999,-999
104067,BAGAZAN,2010,06,15,0.0,-999,-999
104067,BAGAZAN,2010,06,16,0.0,-999,-999
104067,BAGAZAN,2010,06,17,0.0,-999,-999
104067,BAGAZAN,2010,06,18,0.0,-999,-999
104067,BAGAZAN,2010,06,19,0.0,-999,-999
104067,BAGAZAN,2010,06,20,0.0,-999,-999
104067,BAGAZAN,2010,06,21,0.0,-999,-999
104067,BAGAZAN,2010,06,22,4.6,-999,-999
104067,BAGAZAN,2010,06,23,6.3,-999,-999
104067,BAGAZAN,2010,06,24,0.0,-999,-999
104067,BAGAZAN,2010,06,25,0.0,-999,-999
104067,BAGAZAN,2010,06,26,0.0,-999,-999
104067,BAGAZAN,2010,06,27,6.2,-999,-999
104067,BAGAZAN,2010,06,28,10.4,-999,-999
104067,BAGAZAN,2010,06,29,0.0,-999,-999
104067,BAGAZAN,2010,06,30,0.0,-999,-999
104067,BAGAZAN,2010,07,01,0.0,-999,-999
104067,BAGAZAN,2010,07,02,0.0,-999,-999
104067,BAGAZAN,2010,07,03,6.4,-999,-999
104067,BAGAZAN,2010,07,04,0.0,-999,-999
104067,BAGAZAN,2010,07,05,0.0,-999,-999
104067,BAGAZAN,2010,07,06,8.2,-999,-999
104067,BAGAZAN,2010,07,07,0.0,-999,-999
104067,BAGAZAN,2010,07,08,0.0,-999,-999
104067,BAGAZAN,2010,07,09,43.5,-999,-999
104067,BAGAZAN,2010,07,10,12.2,-999,-999
104067,BAGAZAN,2010,07,11,0.0,-999,-999
104067,BAGAZAN,2010,07,12,0.0,-999,-999
104067,BAGAZAN,2010,07,13,13.6,-999,-999
104067,BAGAZAN,2010,07,14,0.0,-999,-999
104067,BAGAZAN,2010,07,15,0.0,-999,-999
104067,BAGAZAN,2010,07,16,0.0,-999,-999
104067,BAGAZAN,2010,07,17,0.0,-999,-999
104067,BAGAZAN,2010,07,18,0.0,-999,-999
104067,BAGAZAN,2010,07,19,0.0,-999,-999
104067,BAGAZAN,2010,07,20,0.0,-999,-999
104067,BAGAZAN,2010,07,21,0.0,-999,-999
104067,BAGAZAN,2010,07,22,0.0,-999,-999
104067,BAGAZAN,2010,07,23,0.0,-999,-999
104067,BAGAZAN,2010,07,24,10.4,-999,-999
104067,BAGAZAN,2010,07,25,5.3,-999,-999
104067,BAGAZAN,2010,07,26,8.6,-999,-999
104067,BAGAZAN,2010,07,27,20.7,-999,-999
104067,BAGAZAN,2010,07,28,15.8,-999,-999
104067,BAGAZAN,2010,07,29,0.0,-999,-999
104067,BAGAZAN,2010,07,30,0.0,-999,-999
104067,BAGAZAN,2010,07,31,0.0,-999,-999
104067,BAGAZAN,2010,08,01,0.0,-999,-999
104067,BAGAZAN,2010,08,02,10.3,-999,-999
104067,BAGAZAN,2010,08,03,0.0,-999,-999
104067,BAGAZAN,2010,08,04,0.0,-999,-999
104067,BAGAZAN,2010,08,05,0.0,-999,-999
104067,BAGAZAN,2010,08,06,0.0,-999,-999
104067,BAGAZAN,2010,08,07,0.0,-999,-999
104067,BAGAZAN,2010,08,08,0.0,-999,-999
104067,BAGAZAN,2010,08,09,0.0,-999,-999
104067,BAGAZAN,2010,08,10,0.0,-999,-999
104067,BAGAZAN,2010,08,11,0.0,-999,-999
104067,BAGAZAN,2010,08,12,0.0,-999,-999
104067,BAGAZAN,2010,08,13,28.6,-999,-999
104067,BAGAZAN,2010,08,14,0.0,-999,-999
104067,BAGAZAN,2010,08,15,0.0,-999,-999
104067,BAGAZAN,2010,08,16,0.0,-999,-999
104067,BAGAZAN,2010,08,17,0.0,-999,-999
104067,BAGAZAN,2010,08,18,0.0,-999,-999
104067,BAGAZAN,2010,08,19,0.0,-999,-999
104067,BAGAZAN,2010,08,20,0.0,-999,-999
104067,BAGAZAN,2010,08,21,0.0,-999,-999
104067,BAGAZAN,2010,08,22,0.0,-999,-999
104067,BAGAZAN,2010,08,23,0.0,-999,-999
104067,BAGAZAN,2010,08,24,24.6,-999,-999
104067,BAGAZAN,2010,08,25,0.0,-999,-999
104067,BAGAZAN,2010,08,26,0.0,-999,-999
104067,BAGAZAN,2010,08,27,0.0,-999,-999
104067,BAGAZAN,2010,08,28,0.0,-999,-999
104067,BAGAZAN,2010,08,29,0.0,-999,-999
104067,BAGAZAN,2010,08,30,15.4,-999,-999
104067,BAGAZAN,2010,08,31,0.0,-999,-999
104067,BAGAZAN,2010,09,01,0.0,-999,-999
104067,BAGAZAN,2010,09,02,15.0,-999,-999
104067,BAGAZAN,2010,09,03,0.0,-999,-999
104067,BAGAZAN,2010,09,04,0.0,-999,-999
104067,BAGAZAN,2010,09,05,0.0,-999,-999
104067,BAGAZAN,2010,09,06,0.0,-999,-999
104067,BAGAZAN,2010,09,07,0.0,-999,-999
104067,BAGAZAN,2010,09,08,0.0,-999,-999
104067,BAGAZAN,2010,09,09,0.0,-999,-999
104067,BAGAZAN,2010,09,10,0.0,-999,-999
104067,BAGAZAN,2010,09,11,0.0,-999,-999
104067,BAGAZAN,2010,09,12,0.0,-999,-999
104067,BAGAZAN,2010,09,13,0.0,-999,-999
104067,BAGAZAN,2010,09,14,0.0,-999,-999
104067,BAGAZAN,2010,09,15,0.0,-999,-999
104067,BAGAZAN,2010,09,16,16.5,-999,-999
104067,BAGAZAN,2010,09,17,0.0,-999,-999
104067,BAGAZAN,2010,09,18,26.5,-999,-999
104067,BAGAZAN,2010,09,19,0.0,-999,-999
104067,BAGAZAN,2010,09,20,0.0,-999,-999
104067,BAGAZAN,2010,09,21,0.0,-999,-999
104067,BAGAZAN,2010,09,22,0.0,-999,-999
104067,BAGAZAN,2010,09,23,5.6,-999,-999
104067,BAGAZAN,2010,09,24,0.0,-999,-999
104067,BAGAZAN,2010,09,25,0.0,-999,-999
104067,BAGAZAN,2010,09,26,0.0,-999,-999
104067,BAGAZAN,2010,09,27,0.0,-999,-999
104067,BAGAZAN,2010,09,28,0.0,-999,-999
104067,BAGAZAN,2010,09,29,0.0,-999,-999
104067,BAGAZAN,2010,09,30,0.0,-999,-999
104067,BAGAZAN,2010,10,01,0.0,-999,-999
104067,BAGAZAN,2010,10,02,0.0,-999,-999
104067,BAGAZAN,2010,10,03,0.0,-999,-999
104067,BAGAZAN,2010,10,04,0.0,-999,-999
104067,BAGAZAN,2010,10,05,0.0,-999,-999
104067,BAGAZAN,2010,10,06,0.0,-999,-999
104067,BAGAZAN,2010,10,07,8.4,-999,-999
104067,BAGAZAN,2010,10,08,0.0,-999,-999
104067,BAGAZAN,2010,10,09,0.0,-999,-999
104067,BAGAZAN,2010,10,10,63.5,-999,-999
104067,BAGAZAN,2010,10,11,3.2,-999,-999
104067,BAGAZAN,2010,10,12,3.4,-999,-999
104067,BAGAZAN,2010,10,13,0.0,-999,-999
104067,BAGAZAN,2010,10,14,0.0,-999,-999
104067,BAGAZAN,2010,10,15,0.0,-999,-999
104067,BAGAZAN,2010,10,16,8.4,-999,-999
104067,BAGAZAN,2010,10,17,0.0,-999,-999
104067,BAGAZAN,2010,10,18,0.0,-999,-999
104067,BAGAZAN,2010,10,19,6.4,-999,-999
104067,BAGAZAN,2010,10,20,0.0,-999,-999
104067,BAGAZAN,2010,10,21,0.0,-999,-999
104067,BAGAZAN,2010,10,22,0.0,-999,-999
104067,BAGAZAN,2010,10,23,0.0,-999,-999
104067,BAGAZAN,2010,10,24,0.0,-999,-999
104067,BAGAZAN,2010,10,25,0.0,-999,-999
104067,BAGAZAN,2010,10,26,0.0,-999,-999
104067,BAGAZAN,2010,10,27,0.0,-999,-999
104067,BAGAZAN,2010,10,28,0.0,-999,-999
104067,BAGAZAN,2010,10,29,0.0,-999,-999
104067,BAGAZAN,2010,10,30,13.0,-999,-999
104067,BAGAZAN,2010,10,31,0.0,-999,-999
104067,BAGAZAN,2010,11,01,20.2,-999,-999
104067,BAGAZAN,2010,11,02,20.4,-999,-999
104067,BAGAZAN,2010,11,03,0.0,-999,-999
104067,BAGAZAN,2010,11,04,0.0,-999,-999
104067,BAGAZAN,2010,11,05,0.0,-999,-999
104067,BAGAZAN,2010,11,06,40.6,-999,-999
104067,BAGAZAN,2010,11,07,24.3,-999,-999
104067,BAGAZAN,2010,11,08,0.0,-999,-999
104067,BAGAZAN,2010,11,09,40.3,-999,-999
104067,BAGAZAN,2010,11,10,110.0,-999,-999
104067,BAGAZAN,2010,11,11,30.9,-999,-999
104067,BAGAZAN,2010,11,12,0.0,-999,-999
104067,BAGAZAN,2010,11,13,0.0,-999,-999
104067,BAGAZAN,2010,11,14,32.3,-999,-999
104067,BAGAZAN,2010,11,15,0.0,-999,-999
104067,BAGAZAN,2010,11,16,0.0,-999,-999
104067,BAGAZAN,2010,11,17,0.0,-999,-999
104067,BAGAZAN,2010,11,18,0.0,-999,-999
104067,BAGAZAN,2010,11,19,0.0,-999,-999
104067,BAGAZAN,2010,11,20,6.3,-999,-999
104067,BAGAZAN,2010,11,21,25.2,-999,-999
104067,BAGAZAN,2010,11,22,0.0,-999,-999
104067,BAGAZAN,2010,11,23,0.0,-999,-999
104067,BAGAZAN,2010,11,24,0.0,-999,-999
104067,BAGAZAN,2010,11,25,0.0,-999,-999
104067,BAGAZAN,2010,11,26,0.0,-999,-999
104067,BAGAZAN,2010,11,27,0.0,-999,-999
104067,BAGAZAN,2010,11,28,0.0,-999,-999
104067,BAGAZAN,2010,11,29,9.2,-999,-999
104067,BAGAZAN,2010,11,30,0.0,-999,-999
104067,BAGAZAN,2010,12,01,22.5,-999,-999
104067,BAGAZAN,2010,12,02,0.0,-999,-999
104067,BAGAZAN,2010,12,03,0.0,-999,-999
104067,BAGAZAN,2010,12,04,0.0,-999,-999
104067,BAGAZAN,2010,12,05,15.2,-999,-999
104067,BAGAZAN,2010,12,06,0.0,-999,-999
104067,BAGAZAN,2010,12,07,0.0,-999,-999
104067,BAGAZAN,2010,12,08,0.0,-999,-999
104067,BAGAZAN,2010,12,09,0.0,-999,-999
104067,BAGAZAN,2010,12,10,0.0,-999,-999
104067,BAGAZAN,2010,12,11,0.0,-999,-999
104067,BAGAZAN,2010,12,12,0.0,-999,-999
104067,BAGAZAN,2010,12,13,0.0,-999,-999
104067,BAGAZAN,2010,12,14,0.0,-999,-999
104067,BAGAZAN,2010,12,15,0.0,-999,-999
104067,BAGAZAN,2010,12,16,0.0,-999,-999
104067,BAGAZAN,2010,12,17,0.0,-999,-999
104067,BAGAZAN,2010,12,18,0.0,-999,-999
104067,BAGAZAN,2010,12,19,0.0,-999,-999
104067,BAGAZAN,2010,12,20,0.0,-999,-999
104067,BAGAZAN,2010,12,21,0.0,-999,-999
104067,BAGAZAN,2010,12,22,0.0,-999,-999
104067,BAGAZAN,2010,12,23,30.2,-999,-999
104067,BAGAZAN,2010,12,24,0.0,-999,-999
104067,BAGAZAN,2010,12,25,0.0,-999,-999
104067,BAGAZAN,2010,12,26,0.0,-999,-999
104067,BAGAZAN,2010,12,27,0.0,-999,-999
104067,BAGAZAN,2010,12,28,0.0,-999,-999
104067,BAGAZAN,2010,12,29,0.0,-999,-999
104067,BAGAZAN,2010,12,30,0.0,-999,-999
104067,BAGAZAN,2010,12,31,0.0,-999,-999
104067,BAGAZAN,2011,01,01,0.0,-999,-999
104067,BAGAZAN,2011,01,02,0.0,-999,-999
104067,BAGAZAN,2011,01,03,0.0,-999,-999
104067,BAGAZAN,2011,01,04,0.0,-999,-999
104067,BAGAZAN,2011,01,05,0.0,-999,-999
104067,BAGAZAN,2011,01,06,0.0,-999,-999
104067,BAGAZAN,2011,01,07,0.0,-999,-999
104067,BAGAZAN,2011,01,08,0.0,-999,-999
104067,BAGAZAN,2011,01,09,7.5,-999,-999
104067,BAGAZAN,2011,01,10,3.2,-999,-999
104067,BAGAZAN,2011,01,11,-999,-999,-999
104067,BAGAZAN,2011,01,12,-999,-999,-999
104067,BAGAZAN,2011,01,13,-999,-999,-999
104067,BAGAZAN,2011,01,14,23.2,-999,-999
104067,BAGAZAN,2011,01,15,3.4,-999,-999
104067,BAGAZAN,2011,01,16,0.0,-999,-999
104067,BAGAZAN,2011,01,17,0.0,-999,-999
104067,BAGAZAN,2011,01,18,0.0,-999,-999
104067,BAGAZAN,2011,01,19,0.0,-999,-999
104067,BAGAZAN,2011,01,20,0.0,-999,-999
104067,BAGAZAN,2011,01,21,0.0,-999,-999
104067,BAGAZAN,2011,01,22,0.0,-999,-999
104067,BAGAZAN,2011,01,23,0.0,-999,-999
104067,BAGAZAN,2011,01,24,0.0,-999,-999
104067,BAGAZAN,2011,01,25,15.3,-999,-999
104067,BAGAZAN,2011,01,26,0.0,-999,-999
104067,BAGAZAN,2011,01,27,0.0,-999,-999
104067,BAGAZAN,2011,01,28,35.2,-999,-999
104067,BAGAZAN,2011,01,29,0.0,-999,-999
104067,BAGAZAN,2011,01,30,0.0,-999,-999
104067,BAGAZAN,2011,01,31,0.0,-999,-999
104067,BAGAZAN,2011,02,01,7.3,-999,-999
104067,BAGAZAN,2011,02,02,3.2,-999,-999
104067,BAGAZAN,2011,02,03,0.0,-999,-999
104067,BAGAZAN,2011,02,04,0.0,-999,-999
104067,BAGAZAN,2011,02,05,0.0,-999,-999
104067,BAGAZAN,2011,02,06,0.0,-999,-999
104067,BAGAZAN,2011,02,07,0.0,-999,-999
104067,BAGAZAN,2011,02,08,2.3,-999,-999
104067,BAGAZAN,2011,02,09,3.0,-999,-999
104067,BAGAZAN,2011,02,10,0.0,-999,-999
104067,BAGAZAN,2011,02,11,16.4,-999,-999
104067,BAGAZAN,2011,02,12,5.4,-999,-999
104067,BAGAZAN,2011,02,13,13.6,-999,-999
104067,BAGAZAN,2011,02,14,7.3,-999,-999
104067,BAGAZAN,2011,02,15,0.0,-999,-999
104067,BAGAZAN,2011,02,16,0.0,-999,-999
104067,BAGAZAN,2011,02,17,0.0,-999,-999
104067,BAGAZAN,2011,02,18,0.0,-999,-999
104067,BAGAZAN,2011,02,19,0.0,-999,-999
104067,BAGAZAN,2011,02,20,0.0,-999,-999
104067,BAGAZAN,2011,02,21,0.0,-999,-999
104067,BAGAZAN,2011,02,22,3.2,-999,-999
104067,BAGAZAN,2011,02,23,6.4,-999,-999
104067,BAGAZAN,2011,02,24,8.2,-999,-999
104067,BAGAZAN,2011,02,25,0.0,-999,-999
104067,BAGAZAN,2011,02,26,0.0,-999,-999
104067,BAGAZAN,2011,02,27,0.0,-999,-999
104067,BAGAZAN,2011,02,28,0.0,-999,-999
104067,BAGAZAN,2011,03,01,12.3,-999,-999
104067,BAGAZAN,2011,03,02,20.4,-999,-999
104067,BAGAZAN,2011,03,03,5.2,-999,-999
104067,BAGAZAN,2011,03,04,4.5,-999,-999
104067,BAGAZAN,2011,03,05,0.0,-999,-999
104067,BAGAZAN,2011,03,06,20.3,-999,-999
104067,BAGAZAN,2011,03,07,5.4,-999,-999
104067,BAGAZAN,2011,03,08,60.0,-999,-999
104067,BAGAZAN,2011,03,09,0.0,-999,-999
104067,BAGAZAN,2011,03,10,0.0,-999,-999
104067,BAGAZAN,2011,03,11,0.0,-999,-999
104067,BAGAZAN,2011,03,12,0.0,-999,-999
104067,BAGAZAN,2011,03,13,0.0,-999,-999
104067,BAGAZAN,2011,03,14,0.0,-999,-999
104067,BAGAZAN,2011,03,15,0.0,-999,-999
104067,BAGAZAN,2011,03,16,0.0,-999,-999
104067,BAGAZAN,2011,03,17,80.5,-999,-999
104067,BAGAZAN,2011,03,18,0.0,-999,-999
104067,BAGAZAN,2011,03,19,29.5,-999,-999
104067,BAGAZAN,2011,03,20,0.0,-999,-999
104067,BAGAZAN,2011,03,21,0.0,-999,-999
104067,BAGAZAN,2011,03,22,0.0,-999,-999
104067,BAGAZAN,2011,03,23,30.2,-999,-999
104067,BAGAZAN,2011,03,24,0.0,-999,-999
104067,BAGAZAN,2011,03,25,0.0,-999,-999
104067,BAGAZAN,2011,03,26,18.2,-999,-999
104067,BAGAZAN,2011,03,27,6.4,-999,-999
104067,BAGAZAN,2011,03,28,10.0,-999,-999
104067,BAGAZAN,2011,03,29,8.4,-999,-999
104067,BAGAZAN,2011,03,30,0.0,-999,-999
104067,BAGAZAN,2011,03,31,12.0,-999,-999
104067,BAGAZAN,2011,04,01,0.0,-999,-999
104067,BAGAZAN,2011,04,02,0.0,-999,-999
104067,BAGAZAN,2011,04,03,35.0,-999,-999
104067,BAGAZAN,2011,04,04,0.0,-999,-999
104067,BAGAZAN,2011,04,05,0.0,-999,-999
104067,BAGAZAN,2011,04,06,85.4,-999,-999
104067,BAGAZAN,2011,04,07,8.3,-999,-999
104067,BAGAZAN,2011,04,08,0.0,-999,-999
104067,BAGAZAN,2011,04,09,8.2,-999,-999
104067,BAGAZAN,2011,04,10,4.3,-999,-999
104067,BAGAZAN,2011,04,11,0.0,-999,-999
104067,BAGAZAN,2011,04,12,30.2,-999,-999
104067,BAGAZAN,2011,04,13,0.0,-999,-999
104067,BAGAZAN,2011,04,14,26.0,-999,-999
104067,BAGAZAN,2011,04,15,65.4,-999,-999
104067,BAGAZAN,2011,04,16,0.0,-999,-999
104067,BAGAZAN,2011,04,17,25.3,-999,-999
104067,BAGAZAN,2011,04,18,0.0,-999,-999
104067,BAGAZAN,2011,04,19,32.4,-999,-999
104067,BAGAZAN,2011,04,20,8.6,-999,-999
104067,BAGAZAN,2011,04,21,6.3,-999,-999
104067,BAGAZAN,2011,04,22,0.0,-999,-999
104067,BAGAZAN,2011,04,23,0.0,-999,-999
104067,BAGAZAN,2011,04,24,16.3,-999,-999
104067,BAGAZAN,2011,04,25,36.0,-999,-999
104067,BAGAZAN,2011,04,26,30.8,-999,-999
104067,BAGAZAN,2011,04,27,0.0,-999,-999
104067,BAGAZAN,2011,04,28,0.0,-999,-999
104067,BAGAZAN,2011,04,29,6.4,-999,-999
104067,BAGAZAN,2011,04,30,20.8,-999,-999
104067,BAGAZAN,2011,05,01,0.0,-999,-999
104067,BAGAZAN,2011,05,02,6.3,-999,-999
104067,BAGAZAN,2011,05,03,0.0,-999,-999
104067,BAGAZAN,2011,05,04,0.0,-999,-999
104067,BAGAZAN,2011,05,05,0.0,-999,-999
104067,BAGAZAN,2011,05,06,0.0,-999,-999
104067,BAGAZAN,2011,05,07,0.0,-999,-999
104067,BAGAZAN,2011,05,08,66.8,-999,-999
104067,BAGAZAN,2011,05,09,7.4,-999,-999
104067,BAGAZAN,2011,05,10,0.0,-999,-999
104067,BAGAZAN,2011,05,11,0.0,-999,-999
104067,BAGAZAN,2011,05,12,20.4,-999,-999
104067,BAGAZAN,2011,05,13,6.2,-999,-999
104067,BAGAZAN,2011,05,14,20.5,-999,-999
104067,BAGAZAN,2011,05,15,16.3,-999,-999
104067,BAGAZAN,2011,05,16,0.0,-999,-999
104067,BAGAZAN,2011,05,17,0.0,-999,-999
104067,BAGAZAN,2011,05,18,0.0,-999,-999
104067,BAGAZAN,2011,05,19,37.5,-999,-999
104067,BAGAZAN,2011,05,20,0.0,-999,-999
104067,BAGAZAN,2011,05,21,0.0,-999,-999
104067,BAGAZAN,2011,05,22,0.0,-999,-999
104067,BAGAZAN,2011,05,23,6.2,-999,-999
104067,BAGAZAN,2011,05,24,0.0,-999,-999
104067,BAGAZAN,2011,05,25,10.4,-999,-999
104067,BAGAZAN,2011,05,26,0.0,-999,-999
104067,BAGAZAN,2011,05,27,12.3,-999,-999
104067,BAGAZAN,2011,05,28,0.0,-999,-999
104067,BAGAZAN,2011,05,29,0.0,-999,-999
104067,BAGAZAN,2011,05,30,0.0,-999,-999
104067,BAGAZAN,2011,05,31,0.0,-999,-999
104067,BAGAZAN,2011,06,01,0.0,-999,-999
104067,BAGAZAN,2011,06,02,0.0,-999,-999
104067,BAGAZAN,2011,06,03,0.0,-999,-999
104067,BAGAZAN,2011,06,04,46.7,-999,-999
104067,BAGAZAN,2011,06,05,12.2,-999,-999
104067,BAGAZAN,2011,06,06,0.0,-999,-999
104067,BAGAZAN,2011,06,07,0.0,-999,-999
104067,BAGAZAN,2011,06,08,0.0,-999,-999
104067,BAGAZAN,2011,06,09,75.4,-999,-999
104067,BAGAZAN,2011,06,10,10.4,-999,-999
104067,BAGAZAN,2011,06,11,13.8,-999,-999
104067,BAGAZAN,2011,06,12,0.0,-999,-999
104067,BAGAZAN,2011,06,13,41.6,-999,-999
104067,BAGAZAN,2011,06,14,30.2,-999,-999
104067,BAGAZAN,2011,06,15,0.0,-999,-999
104067,BAGAZAN,2011,06,16,17.2,-999,-999
104067,BAGAZAN,2011,06,17,14.2,-999,-999
104067,BAGAZAN,2011,06,18,0.0,-999,-999
104067,BAGAZAN,2011,06,19,0.0,-999,-999
104067,BAGAZAN,2011,06,20,0.0,-999,-999
104067,BAGAZAN,2011,06,21,0.0,-999,-999
104067,BAGAZAN,2011,06,22,0.0,-999,-999
104067,BAGAZAN,2011,06,23,0.0,-999,-999
104067,BAGAZAN,2011,06,24,6.3,-999,-999
104067,BAGAZAN,2011,06,25,8.2,-999,-999
104067,BAGAZAN,2011,06,26,9.6,-999,-999
104067,BAGAZAN,2011,06,27,6.4,-999,-999
104067,BAGAZAN,2011,06,28,0.0,-999,-999
104067,BAGAZAN,2011,06,29,0.0,-999,-999
104067,BAGAZAN,2011,06,30,0.0,-999,-999
104067,BAGAZAN,2011,07,01,6.3,-999,-999
104067,BAGAZAN,2011,07,02,20.2,-999,-999
104067,BAGAZAN,2011,07,03,0.0,-999,-999
104067,BAGAZAN,2011,07,04,0.0,-999,-999
104067,BAGAZAN,2011,07,05,0.0,-999,-999
104067,BAGAZAN,2011,07,06,0.0,-999,-999
104067,BAGAZAN,2011,07,07,0.0,-999,-999
104067,BAGAZAN,2011,07,08,0.0,-999,-999
104067,BAGAZAN,2011,07,09,20.3,-999,-999
104067,BAGAZAN,2011,07,10,22.4,-999,-999
104067,BAGAZAN,2011,07,11,25.6,-999,-999
104067,BAGAZAN,2011,07,12,0.0,-999,-999
104067,BAGAZAN,2011,07,13,0.0,-999,-999
104067,BAGAZAN,2011,07,14,0.0,-999,-999
104067,BAGAZAN,2011,07,15,0.0,-999,-999
104067,BAGAZAN,2011,07,16,32.6,-999,-999
104067,BAGAZAN,2011,07,17,6.3,-999,-999
104067,BAGAZAN,2011,07,18,0.0,-999,-999
104067,BAGAZAN,2011,07,19,0.0,-999,-999
104067,BAGAZAN,2011,07,20,0.0,-999,-999
104067,BAGAZAN,2011,07,21,10.6,-999,-999
104067,BAGAZAN,2011,07,22,22.3,-999,-999
104067,BAGAZAN,2011,07,23,25.5,-999,-999
104067,BAGAZAN,2011,07,24,0.0,-999,-999
104067,BAGAZAN,2011,07,25,0.0,-999,-999
104067,BAGAZAN,2011,07,26,0.0,-999,-999
104067,BAGAZAN,2011,07,27,0.0,-999,-999
104067,BAGAZAN,2011,07,28,0.0,-999,-999
104067,BAGAZAN,2011,07,29,0.0,-999,-999
104067,BAGAZAN,2011,07,30,0.0,-999,-999
104067,BAGAZAN,2011,07,31,6.2,-999,-999
104067,BAGAZAN,2011,08,01,0.0,-999,-999
104067,BAGAZAN,2011,08,02,0.0,-999,-999
104067,BAGAZAN,2011,08,03,0.0,-999,-999
104067,BAGAZAN,2011,08,04,0.0,-999,-999
104067,BAGAZAN,2011,08,05,0.0,-999,-999
104067,BAGAZAN,2011,08,06,0.0,-999,-999
104067,BAGAZAN,2011,08,07,0.0,-999,-999
104067,BAGAZAN,2011,08,08,0.0,-999,-999
104067,BAGAZAN,2011,08,09,0.0,-999,-999
104067,BAGAZAN,2011,08,10,0.0,-999,-999
104067,BAGAZAN,2011,08,11,0.0,-999,-999
104067,BAGAZAN,2011,08,12,0.0,-999,-999
104067,BAGAZAN,2011,08,13,0.0,-999,-999
104067,BAGAZAN,2011,08,14,0.0,-999,-999
104067,BAGAZAN,2011,08,15,26.4,-999,-999
104067,BAGAZAN,2011,08,16,0.0,-999,-999
104067,BAGAZAN,2011,08,17,0.0,-999,-999
104067,BAGAZAN,2011,08,18,0.0,-999,-999
104067,BAGAZAN,2011,08,19,0.0,-999,-999
104067,BAGAZAN,2011,08,20,0.0,-999,-999
104067,BAGAZAN,2011,08,21,10.2,-999,-999
104067,BAGAZAN,2011,08,22,0.0,-999,-999
104067,BAGAZAN,2011,08,23,0.0,-999,-999
104067,BAGAZAN,2011,08,24,0.0,-999,-999
104067,BAGAZAN,2011,08,25,0.0,-999,-999
104067,BAGAZAN,2011,08,26,0.0,-999,-999
104067,BAGAZAN,2011,08,27,0.0,-999,-999
104067,BAGAZAN,2011,08,28,12.5,-999,-999
104067,BAGAZAN,2011,08,29,6.3,-999,-999
104067,BAGAZAN,2011,08,30,0.0,-999,-999
104067,BAGAZAN,2011,08,31,8.8,-999,-999
104067,BAGAZAN,2011,09,01,0.0,-999,-999
104067,BAGAZAN,2011,09,02,0.0,-999,-999
104067,BAGAZAN,2011,09,03,0.0,-999,-999
104067,BAGAZAN,2011,09,04,0.0,-999,-999
104067,BAGAZAN,2011,09,05,0.0,-999,-999
104067,BAGAZAN,2011,09,06,0.0,-999,-999
104067,BAGAZAN,2011,09,07,0.0,-999,-999
104067,BAGAZAN,2011,09,08,0.0,-999,-999
104067,BAGAZAN,2011,09,09,0.0,-999,-999
104067,BAGAZAN,2011,09,10,0.0,-999,-999
104067,BAGAZAN,2011,09,11,0.0,-999,-999
104067,BAGAZAN,2011,09,12,34.7,-999,-999
104067,BAGAZAN,2011,09,13,0.0,-999,-999
104067,BAGAZAN,2011,09,14,0.0,-999,-999
104067,BAGAZAN,2011,09,15,56.4,-999,-999
104067,BAGAZAN,2011,09,16,0.0,-999,-999
104067,BAGAZAN,2011,09,17,6.4,-999,-999
104067,BAGAZAN,2011,09,18,0.0,-999,-999
104067,BAGAZAN,2011,09,19,0.0,-999,-999
104067,BAGAZAN,2011,09,20,0.0,-999,-999
104067,BAGAZAN,2011,09,21,12.3,-999,-999
104067,BAGAZAN,2011,09,22,35.2,-999,-999
104067,BAGAZAN,2011,09,23,0.0,-999,-999
104067,BAGAZAN,2011,09,24,0.0,-999,-999
104067,BAGAZAN,2011,09,25,6.4,-999,-999
104067,BAGAZAN,2011,09,26,14.6,-999,-999
104067,BAGAZAN,2011,09,27,0.0,-999,-999
104067,BAGAZAN,2011,09,28,0.0,-999,-999
104067,BAGAZAN,2011,09,29,4.3,-999,-999
104067,BAGAZAN,2011,09,30,0.0,-999,-999
104067,BAGAZAN,2011,10,01,0.0,-999,-999
104067,BAGAZAN,2011,10,02,0.0,-999,-999
104067,BAGAZAN,2011,10,03,22.4,-999,-999
104067,BAGAZAN,2011,10,04,0.0,-999,-999
104067,BAGAZAN,2011,10,05,0.0,-999,-999
104067,BAGAZAN,2011,10,06,0.0,-999,-999
104067,BAGAZAN,2011,10,07,0.0,-999,-999
104067,BAGAZAN,2011,10,08,4.6,-999,-999
104067,BAGAZAN,2011,10,09,0.0,-999,-999
104067,BAGAZAN,2011,10,10,0.0,-999,-999
104067,BAGAZAN,2011,10,11,0.0,-999,-999
104067,BAGAZAN,2011,10,12,0.0,-999,-999
104067,BAGAZAN,2011,10,13,6.4,-999,-999
104067,BAGAZAN,2011,10,14,0.0,-999,-999
104067,BAGAZAN,2011,10,15,3.2,-999,-999
104067,BAGAZAN,2011,10,16,16.4,-999,-999
104067,BAGAZAN,2011,10,17,0.0,-999,-999
104067,BAGAZAN,2011,10,18,42.2,-999,-999
104067,BAGAZAN,2011,10,19,0.0,-999,-999
104067,BAGAZAN,2011,10,20,36.4,-999,-999
104067,BAGAZAN,2011,10,21,0.0,-999,-999
104067,BAGAZAN,2011,10,22,44.6,-999,-999
104067,BAGAZAN,2011,10,23,0.0,-999,-999
104067,BAGAZAN,2011,10,24,0.0,-999,-999
104067,BAGAZAN,2011,10,25,6.3,-999,-999
104067,BAGAZAN,2011,10,26,0.0,-999,-999
104067,BAGAZAN,2011,10,27,0.0,-999,-999
104067,BAGAZAN,2011,10,28,20.3,-999,-999
104067,BAGAZAN,2011,10,29,0.0,-999,-999
104067,BAGAZAN,2011,10,30,0.0,-999,-999
104067,BAGAZAN,2011,10,31,0.0,-999,-999
104067,BAGAZAN,2011,11,01,0.0,-999,-999
104067,BAGAZAN,2011,11,02,0.0,-999,-999
104067,BAGAZAN,2011,11,03,0.0,-999,-999
104067,BAGAZAN,2011,11,04,0.0,-999,-999
104067,BAGAZAN,2011,11,05,36.7,-999,-999
104067,BAGAZAN,2011,11,06,10.2,-999,-999
104067,BAGAZAN,2011,11,07,99.0,-999,-999
104067,BAGAZAN,2011,11,08,0.0,-999,-999
104067,BAGAZAN,2011,11,09,0.0,-999,-999
104067,BAGAZAN,2011,11,10,0.0,-999,-999
104067,BAGAZAN,2011,11,11,0.0,-999,-999
104067,BAGAZAN,2011,11,12,0.0,-999,-999
104067,BAGAZAN,2011,11,13,0.0,-999,-999
104067,BAGAZAN,2011,11,14,0.0,-999,-999
104067,BAGAZAN,2011,11,15,0.0,-999,-999
104067,BAGAZAN,2011,11,16,0.0,-999,-999
104067,BAGAZAN,2011,11,17,36.2,-999,-999
104067,BAGAZAN,2011,11,18,0.0,-999,-999
104067,BAGAZAN,2011,11,19,6.3,-999,-999
104067,BAGAZAN,2011,11,20,0.0,-999,-999
104067,BAGAZAN,2011,11,21,0.0,-999,-999
104067,BAGAZAN,2011,11,22,6.4,-999,-999
104067,BAGAZAN,2011,11,23,4.2,-999,-999
104067,BAGAZAN,2011,11,24,0.0,-999,-999
104067,BAGAZAN,2011,11,25,0.0,-999,-999
104067,BAGAZAN,2011,11,26,0.0,-999,-999
104067,BAGAZAN,2011,11,27,0.0,-999,-999
104067,BAGAZAN,2011,11,28,0.0,-999,-999
104067,BAGAZAN,2011,11,29,0.0,-999,-999
104067,BAGAZAN,2011,11,30,0.0,-999,-999
104067,BAGAZAN,2011,12,01,101.6,-999,-999
104067,BAGAZAN,2011,12,02,0.0,-999,-999
104067,BAGAZAN,2011,12,03,0.0,-999,-999
104067,BAGAZAN,2011,12,04,3.4,-999,-999
104067,BAGAZAN,2011,12,05,10.3,-999,-999
104067,BAGAZAN,2011,12,06,0.0,-999,-999
104067,BAGAZAN,2011,12,07,0.0,-999,-999
104067,BAGAZAN,2011,12,08,0.0,-999,-999
104067,BAGAZAN,2011,12,09,0.0,-999,-999
104067,BAGAZAN,2011,12,10,0.0,-999,-999
104067,BAGAZAN,2011,12,11,0.0,-999,-999
104067,BAGAZAN,2011,12,12,0.0,-999,-999
104067,BAGAZAN,2011,12,13,0.0,-999,-999
104067,BAGAZAN,2011,12,14,18.4,-999,-999
104067,BAGAZAN,2011,12,15,0.0,-999,-999
104067,BAGAZAN,2011,12,16,0.0,-999,-999
104067,BAGAZAN,2011,12,17,67.0,-999,-999
104067,BAGAZAN,2011,12,18,0.0,-999,-999
104067,BAGAZAN,2011,12,19,16.4,-999,-999
104067,BAGAZAN,2011,12,20,12.6,-999,-999
104067,BAGAZAN,2011,12,21,0.0,-999,-999
104067,BAGAZAN,2011,12,22,0.0,-999,-999
104067,BAGAZAN,2011,12,23,0.0,-999,-999
104067,BAGAZAN,2011,12,24,0.0,-999,-999
104067,BAGAZAN,2011,12,25,0.0,-999,-999
104067,BAGAZAN,2011,12,26,32.6,-999,-999
104067,BAGAZAN,2011,12,27,0.0,-999,-999
104067,BAGAZAN,2011,12,28,12.3,-999,-999
104067,BAGAZAN,2011,12,29,0.0,-999,-999
104067,BAGAZAN,2011,12,30,16.2,-999,-999
104067,BAGAZAN,2011,12,31,0.0,-999,-999
104067,BAGAZAN,2012,01,01,16.7,-999,-999
104067,BAGAZAN,2012,01,02,0.0,-999,-999
104067,BAGAZAN,2012,01,03,0.0,-999,-999
104067,BAGAZAN,2012,01,04,15.0,-999,-999
104067,BAGAZAN,2012,01,05,0.0,-999,-999
104067,BAGAZAN,2012,01,06,0.0,-999,-999
104067,BAGAZAN,2012,01,07,26.3,-999,-999
104067,BAGAZAN,2012,01,08,0.0,-999,-999
104067,BAGAZAN,2012,01,09,0.0,-999,-999
104067,BAGAZAN,2012,01,10,0.0,-999,-999
104067,BAGAZAN,2012,01,11,8.3,-999,-999
104067,BAGAZAN,2012,01,12,19.4,-999,-999
104067,BAGAZAN,2012,01,13,26.2,-999,-999
104067,BAGAZAN,2012,01,14,96.6,-999,-999
104067,BAGAZAN,2012,01,15,0.0,-999,-999
104067,BAGAZAN,2012,01,16,0.0,-999,-999
104067,BAGAZAN,2012,01,17,16.3,-999,-999
104067,BAGAZAN,2012,01,18,0.0,-999,-999
104067,BAGAZAN,2012,01,19,0.0,-999,-999
104067,BAGAZAN,2012,01,20,0.0,-999,-999
104067,BAGAZAN,2012,01,21,36.4,-999,-999
104067,BAGAZAN,2012,01,22,0.0,-999,-999
104067,BAGAZAN,2012,01,23,0.0,-999,-999
104067,BAGAZAN,2012,01,24,42.6,-999,-999
104067,BAGAZAN,2012,01,25,0.0,-999,-999
104067,BAGAZAN,2012,01,26,0.0,-999,-999
104067,BAGAZAN,2012,01,27,3.4,-999,-999
104067,BAGAZAN,2012,01,28,0.0,-999,-999
104067,BAGAZAN,2012,01,29,10.3,-999,-999
104067,BAGAZAN,2012,01,30,0.0,-999,-999
104067,BAGAZAN,2012,01,31,0.0,-999,-999
104067,BAGAZAN,2012,02,01,22.9,-999,-999
104067,BAGAZAN,2012,02,02,6.2,-999,-999
104067,BAGAZAN,2012,02,03,0.0,-999,-999
104067,BAGAZAN,2012,02,04,50.5,-999,-999
104067,BAGAZAN,2012,02,05,7.6,-999,-999
104067,BAGAZAN,2012,02,06,50.6,-999,-999
104067,BAGAZAN,2012,02,07,0.0,-999,-999
104067,BAGAZAN,2012,02,08,25.2,-999,-999
104067,BAGAZAN,2012,02,09,0.0,-999,-999
104067,BAGAZAN,2012,02,10,25.2,-999,-999
104067,BAGAZAN,2012,02,11,0.0,-999,-999
104067,BAGAZAN,2012,02,12,0.0,-999,-999
104067,BAGAZAN,2012,02,13,6.3,-999,-999
104067,BAGAZAN,2012,02,14,0.0,-999,-999
104067,BAGAZAN,2012,02,15,0.0,-999,-999
104067,BAGAZAN,2012,02,16,0.0,-999,-999
104067,BAGAZAN,2012,02,17,0.0,-999,-999
104067,BAGAZAN,2012,02,18,0.0,-999,-999
104067,BAGAZAN,2012,02,19,0.0,-999,-999
104067,BAGAZAN,2012,02,20,0.0,-999,-999
104067,BAGAZAN,2012,02,21,20.4,-999,-999
104067,BAGAZAN,2012,02,22,0.0,-999,-999
104067,BAGAZAN,2012,02,23,0.0,-999,-999
104067,BAGAZAN,2012,02,24,16.3,-999,-999
104067,BAGAZAN,2012,02,25,0.0,-999,-999
104067,BAGAZAN,2012,02,26,40.2,-999,-999
104067,BAGAZAN,2012,02,27,0.0,-999,-999
104067,BAGAZAN,2012,02,28,50.4,-999,-999
104067,BAGAZAN,2012,02,29,0.0,-999,-999
104067,BAGAZAN,2012,03,01,0.0,-999,-999
104067,BAGAZAN,2012,03,02,0.0,-999,-999
104067,BAGAZAN,2012,03,03,30.6,-999,-999
104067,BAGAZAN,2012,03,04,0.0,-999,-999
104067,BAGAZAN,2012,03,05,0.0,-999,-999
104067,BAGAZAN,2012,03,06,30.3,-999,-999
104067,BAGAZAN,2012,03,07,30.2,-999,-999
104067,BAGAZAN,2012,03,08,16.6,-999,-999
104067,BAGAZAN,2012,03,09,12.4,-999,-999
104067,BAGAZAN,2012,03,10,0.0,-999,-999
104067,BAGAZAN,2012,03,11,23.5,-999,-999
104067,BAGAZAN,2012,03,12,0.0,-999,-999
104067,BAGAZAN,2012,03,13,0.0,-999,-999
104067,BAGAZAN,2012,03,14,22.4,-999,-999
104067,BAGAZAN,2012,03,15,0.0,-999,-999
104067,BAGAZAN,2012,03,16,25.2,-999,-999
104067,BAGAZAN,2012,03,17,60.3,-999,-999
104067,BAGAZAN,2012,03,18,0.0,-999,-999
104067,BAGAZAN,2012,03,19,0.0,-999,-999
104067,BAGAZAN,2012,03,20,0.0,-999,-999
104067,BAGAZAN,2012,03,21,0.0,-999,-999
104067,BAGAZAN,2012,03,22,0.0,-999,-999
104067,BAGAZAN,2012,03,23,46.2,-999,-999
104067,BAGAZAN,2012,03,24,0.0,-999,-999
104067,BAGAZAN,2012,03,25,0.0,-999,-999
104067,BAGAZAN,2012,03,26,16.3,-999,-999
104067,BAGAZAN,2012,03,27,0.0,-999,-999
104067,BAGAZAN,2012,03,28,12.4,-999,-999
104067,BAGAZAN,2012,03,29,0.0,-999,-999
104067,BAGAZAN,2012,03,30,23.6,-999,-999
104067,BAGAZAN,2012,03,31,50.2,-999,-999
104067,BAGAZAN,2012,04,01,0.0,-999,-999
104067,BAGAZAN,2012,04,02,0.0,-999,-999
104067,BAGAZAN,2012,04,03,12.4,-999,-999
104067,BAGAZAN,2012,04,04,0.0,-999,-999
104067,BAGAZAN,2012,04,05,10.3,-999,-999
104067,BAGAZAN,2012,04,06,0.0,-999,-999
104067,BAGAZAN,2012,04,07,0.0,-999,-999
104067,BAGAZAN,2012,04,08,0.0,-999,-999
104067,BAGAZAN,2012,04,09,6.2,-999,-999
104067,BAGAZAN,2012,04,10,0.0,-999,-999
104067,BAGAZAN,2012,04,11,15.1,-999,-999
104067,BAGAZAN,2012,04,12,39.5,-999,-999
104067,BAGAZAN,2012,04,13,0.0,-999,-999
104067,BAGAZAN,2012,04,14,0.0,-999,-999
104067,BAGAZAN,2012,04,15,0.0,-999,-999
104067,BAGAZAN,2012,04,16,0.0,-999,-999
104067,BAGAZAN,2012,04,17,0.0,-999,-999
104067,BAGAZAN,2012,04,18,0.0,-999,-999
104067,BAGAZAN,2012,04,19,19.6,-999,-999
104067,BAGAZAN,2012,04,20,0.0,-999,-999
104067,BAGAZAN,2012,04,21,18.6,-999,-999
104067,BAGAZAN,2012,04,22,0.0,-999,-999
104067,BAGAZAN,2012,04,23,17.1,-999,-999
104067,BAGAZAN,2012,04,24,0.0,-999,-999
104067,BAGAZAN,2012,04,25,0.0,-999,-999
104067,BAGAZAN,2012,04,26,0.0,-999,-999
104067,BAGAZAN,2012,04,27,0.0,-999,-999
104067,BAGAZAN,2012,04,28,14.6,-999,-999
104067,BAGAZAN,2012,04,29,0.0,-999,-999
104067,BAGAZAN,2012,04,30,12.4,-999,-999
104067,BAGAZAN,2012,05,01,0.0,-999,-999
104067,BAGAZAN,2012,05,02,0.0,-999,-999
104067,BAGAZAN,2012,05,03,0.0,-999,-999
104067,BAGAZAN,2012,05,04,0.0,-999,-999
104067,BAGAZAN,2012,05,05,0.0,-999,-999
104067,BAGAZAN,2012,05,06,0.0,-999,-999
104067,BAGAZAN,2012,05,07,25.6,-999,-999
104067,BAGAZAN,2012,05,08,0.0,-999,-999
104067,BAGAZAN,2012,05,09,0.0,-999,-999
104067,BAGAZAN,2012,05,10,0.0,-999,-999
104067,BAGAZAN,2012,05,11,22.2,-999,-999
104067,BAGAZAN,2012,05,12,0.0,-999,-999
104067,BAGAZAN,2012,05,13,0.0,-999,-999
104067,BAGAZAN,2012,05,14,6.2,-999,-999
104067,BAGAZAN,2012,05,15,0.0,-999,-999
104067,BAGAZAN,2012,05,16,0.0,-999,-999
104067,BAGAZAN,2012,05,17,0.0,-999,-999
104067,BAGAZAN,2012,05,18,0.0,-999,-999
104067,BAGAZAN,2012,05,19,0.0,-999,-999
104067,BAGAZAN,2012,05,20,0.0,-999,-999
104067,BAGAZAN,2012,05,21,22.3,-999,-999
104067,BAGAZAN,2012,05,22,0.0,-999,-999
104067,BAGAZAN,2012,05,23,0.0,-999,-999
104067,BAGAZAN,2012,05,24,0.0,-999,-999
104067,BAGAZAN,2012,05,25,6.3,-999,-999
104067,BAGAZAN,2012,05,26,0.0,-999,-999
104067,BAGAZAN,2012,05,27,12.6,-999,-999
104067,BAGAZAN,2012,05,28,0.0,-999,-999
104067,BAGAZAN,2012,05,29,0.0,-999,-999
104067,BAGAZAN,2012,05,30,0.0,-999,-999
104067,BAGAZAN,2012,05,31,0.0,-999,-999
104067,BAGAZAN,2012,06,01,6.4,-999,-999
104067,BAGAZAN,2012,06,02,0.0,-999,-999
104067,BAGAZAN,2012,06,03,0.0,-999,-999
104067,BAGAZAN,2012,06,04,60.3,-999,-999
104067,BAGAZAN,2012,06,05,18.6,-999,-999
104067,BAGAZAN,2012,06,06,0.0,-999,-999
104067,BAGAZAN,2012,06,07,0.0,-999,-999
104067,BAGAZAN,2012,06,08,0.0,-999,-999
104067,BAGAZAN,2012,06,09,0.0,-999,-999
104067,BAGAZAN,2012,06,10,0.0,-999,-999
104067,BAGAZAN,2012,06,11,0.0,-999,-999
104067,BAGAZAN,2012,06,12,0.0,-999,-999
104067,BAGAZAN,2012,06,13,0.0,-999,-999
104067,BAGAZAN,2012,06,14,7.5,-999,-999
104067,BAGAZAN,2012,06,15,0.0,-999,-999
104067,BAGAZAN,2012,06,16,0.0,-999,-999
104067,BAGAZAN,2012,06,17,6.3,-999,-999
104067,BAGAZAN,2012,06,18,0.0,-999,-999
104067,BAGAZAN,2012,06,19,0.0,-999,-999
104067,BAGAZAN,2012,06,20,0.0,-999,-999
104067,BAGAZAN,2012,06,21,6.4,-999,-999
104067,BAGAZAN,2012,06,22,0.0,-999,-999
104067,BAGAZAN,2012,06,23,10.6,-999,-999
104067,BAGAZAN,2012,06,24,13.2,-999,-999
104067,BAGAZAN,2012,06,25,0.0,-999,-999
104067,BAGAZAN,2012,06,26,13.6,-999,-999
104067,BAGAZAN,2012,06,27,0.0,-999,-999
104067,BAGAZAN,2012,06,28,42.4,-999,-999
104067,BAGAZAN,2012,06,29,0.0,-999,-999
104067,BAGAZAN,2012,06,30,5.2,-999,-999
104067,BAGAZAN,2012,07,01,20.6,-999,-999
104067,BAGAZAN,2012,07,02,0.0,-999,-999
104067,BAGAZAN,2012,07,03,0.0,-999,-999
104067,BAGAZAN,2012,07,04,0.0,-999,-999
104067,BAGAZAN,2012,07,05,0.0,-999,-999
104067,BAGAZAN,2012,07,06,16.4,-999,-999
104067,BAGAZAN,2012,07,07,24.8,-999,-999
104067,BAGAZAN,2012,07,08,0.0,-999,-999
104067,BAGAZAN,2012,07,09,0.0,-999,-999
104067,BAGAZAN,2012,07,10,13.6,-999,-999
104067,BAGAZAN,2012,07,11,0.0,-999,-999
104067,BAGAZAN,2012,07,12,0.0,-999,-999
104067,BAGAZAN,2012,07,13,0.0,-999,-999
104067,BAGAZAN,2012,07,14,6.3,-999,-999
104067,BAGAZAN,2012,07,15,0.0,-999,-999
104067,BAGAZAN,2012,07,16,10.0,-999,-999
104067,BAGAZAN,2012,07,17,0.0,-999,-999
104067,BAGAZAN,2012,07,18,0.0,-999,-999
104067,BAGAZAN,2012,07,19,0.0,-999,-999
104067,BAGAZAN,2012,07,20,0.0,-999,-999
104067,BAGAZAN,2012,07,21,0.0,-999,-999
104067,BAGAZAN,2012,07,22,0.0,-999,-999
104067,BAGAZAN,2012,07,23,0.0,-999,-999
104067,BAGAZAN,2012,07,24,0.0,-999,-999
104067,BAGAZAN,2012,07,25,0.0,-999,-999
104067,BAGAZAN,2012,07,26,0.0,-999,-999
104067,BAGAZAN,2012,07,27,0.0,-999,-999
104067,BAGAZAN,2012,07,28,5.6,-999,-999
104067,BAGAZAN,2012,07,29,2.3,-999,-999
104067,BAGAZAN,2012,07,30,17.0,-999,-999
104067,BAGAZAN,2012,07,31,0.0,-999,-999
104067,BAGAZAN,2012,08,01,0.0,-999,-999
104067,BAGAZAN,2012,08,02,0.0,-999,-999
104067,BAGAZAN,2012,08,03,0.0,-999,-999
104067,BAGAZAN,2012,08,04,0.0,-999,-999
104067,BAGAZAN,2012,08,05,0.0,-999,-999
104067,BAGAZAN,2012,08,06,0.0,-999,-999
104067,BAGAZAN,2012,08,07,0.0,-999,-999
104067,BAGAZAN,2012,08,08,0.0,-999,-999
104067,BAGAZAN,2012,08,09,22.3,-999,-999
104067,BAGAZAN,2012,08,10,25.2,-999,-999
104067,BAGAZAN,2012,08,11,0.0,-999,-999
104067,BAGAZAN,2012,08,12,40.6,-999,-999
104067,BAGAZAN,2012,08,13,30.7,-999,-999
104067,BAGAZAN,2012,08,14,0.0,-999,-999
104067,BAGAZAN,2012,08,15,16.5,-999,-999
104067,BAGAZAN,2012,08,16,0.0,-999,-999
104067,BAGAZAN,2012,08,17,0.0,-999,-999
104067,BAGAZAN,2012,08,18,0.0,-999,-999
104067,BAGAZAN,2012,08,19,0.0,-999,-999
104067,BAGAZAN,2012,08,20,0.0,-999,-999
104067,BAGAZAN,2012,08,21,0.0,-999,-999
104067,BAGAZAN,2012,08,22,0.0,-999,-999
104067,BAGAZAN,2012,08,23,0.0,-999,-999
104067,BAGAZAN,2012,08,24,33.0,-999,-999
104067,BAGAZAN,2012,08,25,0.0,-999,-999
104067,BAGAZAN,2012,08,26,0.0,-999,-999
104067,BAGAZAN,2012,08,27,0.0,-999,-999
104067,BAGAZAN,2012,08,28,0.0,-999,-999
104067,BAGAZAN,2012,08,29,0.0,-999,-999
104067,BAGAZAN,2012,08,30,0.0,-999,-999
104067,BAGAZAN,2012,08,31,0.0,-999,-999
104067,BAGAZAN,2012,09,01,2.5,-999,-999
104067,BAGAZAN,2012,09,02,0.0,-999,-999
104067,BAGAZAN,2012,09,03,0.0,-999,-999
104067,BAGAZAN,2012,09,04,16.4,-999,-999
104067,BAGAZAN,2012,09,05,0.0,-999,-999
104067,BAGAZAN,2012,09,06,0.0,-999,-999
104067,BAGAZAN,2012,09,07,0.0,-999,-999
104067,BAGAZAN,2012,09,08,0.0,-999,-999
104067,BAGAZAN,2012,09,09,5.5,-999,-999
104067,BAGAZAN,2012,09,10,0.0,-999,-999
104067,BAGAZAN,2012,09,11,0.0,-999,-999
104067,BAGAZAN,2012,09,12,0.0,-999,-999
104067,BAGAZAN,2012,09,13,0.0,-999,-999
104067,BAGAZAN,2012,09,14,0.0,-999,-999
104067,BAGAZAN,2012,09,15,0.0,-999,-999
104067,BAGAZAN,2012,09,16,0.0,-999,-999
104067,BAGAZAN,2012,09,17,0.0,-999,-999
104067,BAGAZAN,2012,09,18,0.0,-999,-999
104067,BAGAZAN,2012,09,19,0.0,-999,-999
104067,BAGAZAN,2012,09,20,0.0,-999,-999
104067,BAGAZAN,2012,09,21,0.0,-999,-999
104067,BAGAZAN,2012,09,22,10.5,-999,-999
104067,BAGAZAN,2012,09,23,23.4,-999,-999
104067,BAGAZAN,2012,09,24,0.0,-999,-999
104067,BAGAZAN,2012,09,25,0.0,-999,-999
104067,BAGAZAN,2012,09,26,73.5,-999,-999
104067,BAGAZAN,2012,09,27,0.0,-999,-999
104067,BAGAZAN,2012,09,28,0.0,-999,-999
104067,BAGAZAN,2012,09,29,0.0,-999,-999
104067,BAGAZAN,2012,09,30,0.0,-999,-999
104067,BAGAZAN,2012,10,01,0.0,-999,-999
104067,BAGAZAN,2012,10,02,0.0,-999,-999
104067,BAGAZAN,2012,10,03,0.0,-999,-999
104067,BAGAZAN,2012,10,04,6.3,-999,-999
104067,BAGAZAN,2012,10,05,0.0,-999,-999
104067,BAGAZAN,2012,10,06,45.2,-999,-999
104067,BAGAZAN,2012,10,07,18.1,-999,-999
104067,BAGAZAN,2012,10,08,0.0,-999,-999
104067,BAGAZAN,2012,10,09,0.0,-999,-999
104067,BAGAZAN,2012,10,10,0.0,-999,-999
104067,BAGAZAN,2012,10,11,0.0,-999,-999
104067,BAGAZAN,2012,10,12,6.4,-999,-999
104067,BAGAZAN,2012,10,13,0.0,-999,-999
104067,BAGAZAN,2012,10,14,13.7,-999,-999
104067,BAGAZAN,2012,10,15,63.0,-999,-999
104067,BAGAZAN,2012,10,16,25.8,-999,-999
104067,BAGAZAN,2012,10,17,0.0,-999,-999
104067,BAGAZAN,2012,10,18,0.0,-999,-999
104067,BAGAZAN,2012,10,19,34.3,-999,-999
104067,BAGAZAN,2012,10,20,61.4,-999,-999
104067,BAGAZAN,2012,10,21,0.0,-999,-999
104067,BAGAZAN,2012,10,22,0.0,-999,-999
104067,BAGAZAN,2012,10,23,13.6,-999,-999
104067,BAGAZAN,2012,10,24,40.9,-999,-999
104067,BAGAZAN,2012,10,25,0.0,-999,-999
104067,BAGAZAN,2012,10,26,0.0,-999,-999
104067,BAGAZAN,2012,10,27,0.0,-999,-999
104067,BAGAZAN,2012,10,28,0.0,-999,-999
104067,BAGAZAN,2012,10,29,10.6,-999,-999
104067,BAGAZAN,2012,10,30,0.0,-999,-999
104067,BAGAZAN,2012,10,31,0.0,-999,-999
104067,BAGAZAN,2012,11,01,0.0,-999,-999
104067,BAGAZAN,2012,11,02,0.0,-999,-999
104067,BAGAZAN,2012,11,03,0.0,-999,-999
104067,BAGAZAN,2012,11,04,6.3,-999,-999
104067,BAGAZAN,2012,11,05,0.0,-999,-999
104067,BAGAZAN,2012,11,06,0.0,-999,-999
104067,BAGAZAN,2012,11,07,0.0,-999,-999
104067,BAGAZAN,2012,11,08,8.2,-999,-999
104067,BAGAZAN,2012,11,09,0.0,-999,-999
104067,BAGAZAN,2012,11,10,0.0,-999,-999
104067,BAGAZAN,2012,11,11,0.0,-999,-999
104067,BAGAZAN,2012,11,12,0.0,-999,-999
104067,BAGAZAN,2012,11,13,0.0,-999,-999
104067,BAGAZAN,2012,11,14,0.0,-999,-999
104067,BAGAZAN,2012,11,15,7.6,-999,-999
104067,BAGAZAN,2012,11,16,30.4,-999,-999
104067,BAGAZAN,2012,11,17,0.0,-999,-999
104067,BAGAZAN,2012,11,18,0.0,-999,-999
104067,BAGAZAN,2012,11,19,0.0,-999,-999
104067,BAGAZAN,2012,11,20,0.0,-999,-999
104067,BAGAZAN,2012,11,21,0.0,-999,-999
104067,BAGAZAN,2012,11,22,0.0,-999,-999
104067,BAGAZAN,2012,11,23,0.0,-999,-999
104067,BAGAZAN,2012,11,24,0.0,-999,-999
104067,BAGAZAN,2012,11,25,12.6,-999,-999
104067,BAGAZAN,2012,11,26,0.0,-999,-999
104067,BAGAZAN,2012,11,27,0.0,-999,-999
104067,BAGAZAN,2012,11,28,0.0,-999,-999
104067,BAGAZAN,2012,11,29,0.0,-999,-999
104067,BAGAZAN,2012,11,30,0.0,-999,-999
104067,BAGAZAN,2012,12,01,0.0,-999,-999
104067,BAGAZAN,2012,12,02,5.4,-999,-999
104067,BAGAZAN,2012,12,03,0.0,-999,-999
104067,BAGAZAN,2012,12,04,15.3,-999,-999
104067,BAGAZAN,2012,12,05,0.0,-999,-999
104067,BAGAZAN,2012,12,06,0.0,-999,-999
104067,BAGAZAN,2012,12,07,0.0,-999,-999
104067,BAGAZAN,2012,12,08,25.8,-999,-999
104067,BAGAZAN,2012,12,09,6.3,-999,-999
104067,BAGAZAN,2012,12,10,0.0,-999,-999
104067,BAGAZAN,2012,12,11,12.2,-999,-999
104067,BAGAZAN,2012,12,12,0.0,-999,-999
104067,BAGAZAN,2012,12,13,0.0,-999,-999
104067,BAGAZAN,2012,12,14,0.0,-999,-999
104067,BAGAZAN,2012,12,15,0.0,-999,-999
104067,BAGAZAN,2012,12,16,0.0,-999,-999
104067,BAGAZAN,2012,12,17,30.8,-999,-999
104067,BAGAZAN,2012,12,18,40.3,-999,-999
104067,BAGAZAN,2012,12,19,0.0,-999,-999
104067,BAGAZAN,2012,12,20,0.0,-999,-999
104067,BAGAZAN,2012,12,21,0.0,-999,-999
104067,BAGAZAN,2012,12,22,0.0,-999,-999
104067,BAGAZAN,2012,12,23,0.0,-999,-999
104067,BAGAZAN,2012,12,24,0.0,-999,-999
104067,BAGAZAN,2012,12,25,27.7,-999,-999
104067,BAGAZAN,2012,12,26,0.0,-999,-999
104067,BAGAZAN,2012,12,27,0.0,-999,-999
104067,BAGAZAN,2012,12,28,20.0,-999,-999
104067,BAGAZAN,2012,12,29,6.0,-999,-999
104067,BAGAZAN,2012,12,30,0.0,-999,-999
104067,BAGAZAN,2012,12,31,10.2,-999,-999
104067,BAGAZAN,2013,01,01,33.0,-999,-999
104067,BAGAZAN,2013,01,02,45.3,-999,-999
104067,BAGAZAN,2013,01,03,20.6,-999,-999
104067,BAGAZAN,2013,01,04,30.2,-999,-999
104067,BAGAZAN,2013,01,05,0.0,-999,-999
104067,BAGAZAN,2013,01,06,0.0,-999,-999
104067,BAGAZAN,2013,01,07,10.6,-999,-999
104067,BAGAZAN,2013,01,08,40.3,-999,-999
104067,BAGAZAN,2013,01,09,60.3,-999,-999
104067,BAGAZAN,2013,01,10,0.0,-999,-999
104067,BAGAZAN,2013,01,11,6.4,-999,-999
104067,BAGAZAN,2013,01,12,0.0,-999,-999
104067,BAGAZAN,2013,01,13,0.0,-999,-999
104067,BAGAZAN,2013,01,14,0.0,-999,-999
104067,BAGAZAN,2013,01,15,0.0,-999,-999
104067,BAGAZAN,2013,01,16,0.0,-999,-999
104067,BAGAZAN,2013,01,17,12.6,-999,-999
104067,BAGAZAN,2013,01,18,0.0,-999,-999
104067,BAGAZAN,2013,01,19,0.0,-999,-999
104067,BAGAZAN,2013,01,20,60.2,-999,-999
104067,BAGAZAN,2013,01,21,35.7,-999,-999
104067,BAGAZAN,2013,01,22,27.8,-999,-999
104067,BAGAZAN,2013,01,23,0.0,-999,-999
104067,BAGAZAN,2013,01,24,0.0,-999,-999
104067,BAGAZAN,2013,01,25,0.0,-999,-999
104067,BAGAZAN,2013,01,26,6.4,-999,-999
104067,BAGAZAN,2013,01,27,4.3,-999,-999
104067,BAGAZAN,2013,01,28,0.0,-999,-999
104067,BAGAZAN,2013,01,29,0.0,-999,-999
104067,BAGAZAN,2013,01,30,0.0,-999,-999
104067,BAGAZAN,2013,01,31,0.0,-999,-999
104067,BAGAZAN,2013,02,01,0.0,-999,-999
104067,BAGAZAN,2013,02,02,25.6,-999,-999
104067,BAGAZAN,2013,02,03,0.0,-999,-999
104067,BAGAZAN,2013,02,04,72.7,-999,-999
104067,BAGAZAN,2013,02,05,0.0,-999,-999
104067,BAGAZAN,2013,02,06,0.0,-999,-999
104067,BAGAZAN,2013,02,07,0.0,-999,-999
104067,BAGAZAN,2013,02,08,33.3,-999,-999
104067,BAGAZAN,2013,02,09,0.0,-999,-999
104067,BAGAZAN,2013,02,10,0.0,-999,-999
104067,BAGAZAN,2013,02,11,26.3,-999,-999
104067,BAGAZAN,2013,02,12,0.0,-999,-999
104067,BAGAZAN,2013,02,13,4.6,-999,-999
104067,BAGAZAN,2013,02,14,20.4,-999,-999
104067,BAGAZAN,2013,02,15,20.6,-999,-999
104067,BAGAZAN,2013,02,16,10.4,-999,-999
104067,BAGAZAN,2013,02,17,50.6,-999,-999
104067,BAGAZAN,2013,02,18,65.6,-999,-999
104067,BAGAZAN,2013,02,19,25.5,-999,-999
104067,BAGAZAN,2013,02,20,26.4,-999,-999
104067,BAGAZAN,2013,02,21,0.0,-999,-999
104067,BAGAZAN,2013,02,22,6.5,-999,-999
104067,BAGAZAN,2013,02,23,0.0,-999,-999
104067,BAGAZAN,2013,02,24,0.0,-999,-999
104067,BAGAZAN,2013,02,25,0.0,-999,-999
104067,BAGAZAN,2013,02,26,20.6,-999,-999
104067,BAGAZAN,2013,02,27,0.0,-999,-999
104067,BAGAZAN,2013,02,28,65.6,-999,-999
104067,BAGAZAN,2013,03,01,30.6,-999,-999
104067,BAGAZAN,2013,03,02,30.2,-999,-999
104067,BAGAZAN,2013,03,03,12.6,-999,-999
104067,BAGAZAN,2013,03,04,0.0,-999,-999
104067,BAGAZAN,2013,03,05,0.0,-999,-999
104067,BAGAZAN,2013,03,06,0.0,-999,-999
104067,BAGAZAN,2013,03,07,12.4,-999,-999
104067,BAGAZAN,2013,03,08,10.6,-999,-999
104067,BAGAZAN,2013,03,09,12.2,-999,-999
104067,BAGAZAN,2013,03,10,0.0,-999,-999
104067,BAGAZAN,2013,03,11,6.6,-999,-999
104067,BAGAZAN,2013,03,12,15.6,-999,-999
104067,BAGAZAN,2013,03,13,0.0,-999,-999
104067,BAGAZAN,2013,03,14,12.5,-999,-999
104067,BAGAZAN,2013,03,15,5.2,-999,-999
104067,BAGAZAN,2013,03,16,0.0,-999,-999
104067,BAGAZAN,2013,03,17,0.0,-999,-999
104067,BAGAZAN,2013,03,18,0.0,-999,-999
104067,BAGAZAN,2013,03,19,0.0,-999,-999
104067,BAGAZAN,2013,03,20,0.0,-999,-999
104067,BAGAZAN,2013,03,21,0.0,-999,-999
104067,BAGAZAN,2013,03,22,86.0,-999,-999
104067,BAGAZAN,2013,03,23,0.0,-999,-999
104067,BAGAZAN,2013,03,24,0.0,-999,-999
104067,BAGAZAN,2013,03,25,57.0,-999,-999
104067,BAGAZAN,2013,03,26,0.0,-999,-999
104067,BAGAZAN,2013,03,27,0.0,-999,-999
104067,BAGAZAN,2013,03,28,0.0,-999,-999
104067,BAGAZAN,2013,03,29,12.6,-999,-999
104067,BAGAZAN,2013,03,30,65.2,-999,-999
104067,BAGAZAN,2013,03,31,0.0,-999,-999
104067,BAGAZAN,2013,04,01,12.4,-999,-999
104067,BAGAZAN,2013,04,02,0.0,-999,-999
104067,BAGAZAN,2013,04,03,0.0,-999,-999
104067,BAGAZAN,2013,04,04,6.3,-999,-999
104067,BAGAZAN,2013,04,05,0.0,-999,-999
104067,BAGAZAN,2013,04,06,0.0,-999,-999
104067,BAGAZAN,2013,04,07,0.0,-999,-999
104067,BAGAZAN,2013,04,08,0.0,-999,-999
104067,BAGAZAN,2013,04,09,0.0,-999,-999
104067,BAGAZAN,2013,04,10,0.0,-999,-999
104067,BAGAZAN,2013,04,11,0.0,-999,-999
104067,BAGAZAN,2013,04,12,0.0,-999,-999
104067,BAGAZAN,2013,04,13,0.0,-999,-999
104067,BAGAZAN,2013,04,14,26.4,-999,-999
104067,BAGAZAN,2013,04,15,0.0,-999,-999
104067,BAGAZAN,2013,04,16,10.6,-999,-999
104067,BAGAZAN,2013,04,17,0.0,-999,-999
104067,BAGAZAN,2013,04,18,6.2,-999,-999
104067,BAGAZAN,2013,04,19,8.3,-999,-999
104067,BAGAZAN,2013,04,20,6.2,-999,-999
104067,BAGAZAN,2013,04,21,20.6,-999,-999
104067,BAGAZAN,2013,04,22,25.4,-999,-999
104067,BAGAZAN,2013,04,23,0.0,-999,-999
104067,BAGAZAN,2013,04,24,0.0,-999,-999
104067,BAGAZAN,2013,04,25,0.0,-999,-999
104067,BAGAZAN,2013,04,26,0.0,-999,-999
104067,BAGAZAN,2013,04,27,0.0,-999,-999
104067,BAGAZAN,2013,04,28,0.0,-999,-999
104067,BAGAZAN,2013,04,29,0.0,-999,-999
104067,BAGAZAN,2013,04,30,6.2,-999,-999
104067,BAGAZAN,2013,05,01,50.6,-999,-999
104067,BAGAZAN,2013,05,02,0.0,-999,-999
104067,BAGAZAN,2013,05,03,0.0,-999,-999
104067,BAGAZAN,2013,05,04,0.0,-999,-999
104067,BAGAZAN,2013,05,05,0.0,-999,-999
104067,BAGAZAN,2013,05,06,60.6,-999,-999
104067,BAGAZAN,2013,05,07,0.0,-999,-999
104067,BAGAZAN,2013,05,08,0.0,-999,-999
104067,BAGAZAN,2013,05,09,0.0,-999,-999
104067,BAGAZAN,2013,05,10,0.0,-999,-999
104067,BAGAZAN,2013,05,11,0.0,-999,-999
104067,BAGAZAN,2013,05,12,25.2,-999,-999
104067,BAGAZAN,2013,05,13,90.7,-999,-999
104067,BAGAZAN,2013,05,14,22.8,-999,-999
104067,BAGAZAN,2013,05,15,30.0,-999,-999
104067,BAGAZAN,2013,05,16,0.0,-999,-999
104067,BAGAZAN,2013,05,17,0.0,-999,-999
104067,BAGAZAN,2013,05,18,60.9,-999,-999
104067,BAGAZAN,2013,05,19,20.2,-999,-999
104067,BAGAZAN,2013,05,20,0.0,-999,-999
104067,BAGAZAN,2013,05,21,0.0,-999,-999
104067,BAGAZAN,2013,05,22,0.0,-999,-999
104067,BAGAZAN,2013,05,23,0.0,-999,-999
104067,BAGAZAN,2013,05,24,0.0,-999,-999
104067,BAGAZAN,2013,05,25,25.4,-999,-999
104067,BAGAZAN,2013,05,26,0.0,-999,-999
104067,BAGAZAN,2013,05,27,30.3,-999,-999
104067,BAGAZAN,2013,05,28,0.0,-999,-999
104067,BAGAZAN,2013,05,29,30.6,-999,-999
104067,BAGAZAN,2013,05,30,0.0,-999,-999
104067,BAGAZAN,2013,05,31,40.2,-999,-999
104067,BAGAZAN,2013,06,01,0.0,-999,-999
104067,BAGAZAN,2013,06,02,20.6,-999,-999
104067,BAGAZAN,2013,06,03,0.0,-999,-999
104067,BAGAZAN,2013,06,04,40.3,-999,-999
104067,BAGAZAN,2013,06,05,0.0,-999,-999
104067,BAGAZAN,2013,06,06,0.0,-999,-999
104067,BAGAZAN,2013,06,07,0.0,-999,-999
104067,BAGAZAN,2013,06,08,0.0,-999,-999
104067,BAGAZAN,2013,06,09,6.3,-999,-999
104067,BAGAZAN,2013,06,10,0.0,-999,-999
104067,BAGAZAN,2013,06,11,12.6,-999,-999
104067,BAGAZAN,2013,06,12,10.2,-999,-999
104067,BAGAZAN,2013,06,13,9.0,-999,-999
104067,BAGAZAN,2013,06,14,0.0,-999,-999
104067,BAGAZAN,2013,06,15,0.0,-999,-999
104067,BAGAZAN,2013,06,16,0.0,-999,-999
104067,BAGAZAN,2013,06,17,23.6,-999,-999
104067,BAGAZAN,2013,06,18,0.0,-999,-999
104067,BAGAZAN,2013,06,19,0.0,-999,-999
104067,BAGAZAN,2013,06,20,0.0,-999,-999
104067,BAGAZAN,2013,06,21,6.2,-999,-999
104067,BAGAZAN,2013,06,22,0.0,-999,-999
104067,BAGAZAN,2013,06,23,0.0,-999,-999
104067,BAGAZAN,2013,06,24,30.4,-999,-999
104067,BAGAZAN,2013,06,25,0.0,-999,-999
104067,BAGAZAN,2013,06,26,0.0,-999,-999
104067,BAGAZAN,2013,06,27,0.0,-999,-999
104067,BAGAZAN,2013,06,28,10.3,-999,-999
104067,BAGAZAN,2013,06,29,0.0,-999,-999
104067,BAGAZAN,2013,06,30,0.0,-999,-999
104067,BAGAZAN,2013,07,01,0.0,-999,-999
104067,BAGAZAN,2013,07,02,0.0,-999,-999
104067,BAGAZAN,2013,07,03,0.0,-999,-999
104067,BAGAZAN,2013,07,04,6.2,-999,-999
104067,BAGAZAN,2013,07,05,0.0,-999,-999
104067,BAGAZAN,2013,07,06,0.0,-999,-999
104067,BAGAZAN,2013,07,07,12.4,-999,-999
104067,BAGAZAN,2013,07,08,0.0,-999,-999
104067,BAGAZAN,2013,07,09,0.0,-999,-999
104067,BAGAZAN,2013,07,10,0.0,-999,-999
104067,BAGAZAN,2013,07,11,30.6,-999,-999
104067,BAGAZAN,2013,07,12,0.0,-999,-999
104067,BAGAZAN,2013,07,13,0.0,-999,-999
104067,BAGAZAN,2013,07,14,0.0,-999,-999
104067,BAGAZAN,2013,07,15,6.4,-999,-999
104067,BAGAZAN,2013,07,16,0.0,-999,-999
104067,BAGAZAN,2013,07,17,0.0,-999,-999
104067,BAGAZAN,2013,07,18,0.0,-999,-999
104067,BAGAZAN,2013,07,19,0.0,-999,-999
104067,BAGAZAN,2013,07,20,0.0,-999,-999
104067,BAGAZAN,2013,07,21,0.0,-999,-999
104067,BAGAZAN,2013,07,22,0.0,-999,-999
104067,BAGAZAN,2013,07,23,0.0,-999,-999
104067,BAGAZAN,2013,07,24,0.0,-999,-999
104067,BAGAZAN,2013,07,25,0.0,-999,-999
104067,BAGAZAN,2013,07,26,0.0,-999,-999
104067,BAGAZAN,2013,07,27,0.0,-999,-999
104067,BAGAZAN,2013,07,28,0.0,-999,-999
104067,BAGAZAN,2013,07,29,0.0,-999,-999
104067,BAGAZAN,2013,07,30,0.0,-999,-999
104067,BAGAZAN,2013,07,31,0.0,-999,-999
104067,BAGAZAN,2013,08,01,30.2,-999,-999
104067,BAGAZAN,2013,08,02,0.0,-999,-999
104067,BAGAZAN,2013,08,03,0.0,-999,-999
104067,BAGAZAN,2013,08,04,0.0,-999,-999
104067,BAGAZAN,2013,08,05,0.0,-999,-999
104067,BAGAZAN,2013,08,06,0.0,-999,-999
104067,BAGAZAN,2013,08,07,0.0,-999,-999
104067,BAGAZAN,2013,08,08,0.0,-999,-999
104067,BAGAZAN,2013,08,09,0.0,-999,-999
104067,BAGAZAN,2013,08,10,0.0,-999,-999
104067,BAGAZAN,2013,08,11,65.2,-999,-999
104067,BAGAZAN,2013,08,12,0.0,-999,-999
104067,BAGAZAN,2013,08,13,0.0,-999,-999
104067,BAGAZAN,2013,08,14,65.9,-999,-999
104067,BAGAZAN,2013,08,15,0.0,-999,-999
104067,BAGAZAN,2013,08,16,0.0,-999,-999
104067,BAGAZAN,2013,08,17,0.0,-999,-999
104067,BAGAZAN,2013,08,18,0.0,-999,-999
104067,BAGAZAN,2013,08,19,0.0,-999,-999
104067,BAGAZAN,2013,08,20,0.0,-999,-999
104067,BAGAZAN,2013,08,21,0.0,-999,-999
104067,BAGAZAN,2013,08,22,0.0,-999,-999
104067,BAGAZAN,2013,08,23,0.0,-999,-999
104067,BAGAZAN,2013,08,24,0.0,-999,-999
104067,BAGAZAN,2013,08,25,15.2,-999,-999
104067,BAGAZAN,2013,08,26,0.0,-999,-999
104067,BAGAZAN,2013,08,27,0.0,-999,-999
104067,BAGAZAN,2013,08,28,0.0,-999,-999
104067,BAGAZAN,2013,08,29,0.0,-999,-999
104067,BAGAZAN,2013,08,30,0.0,-999,-999
104067,BAGAZAN,2013,08,31,0.0,-999,-999
104067,BAGAZAN,2013,09,01,0.0,-999,-999
104067,BAGAZAN,2013,09,02,0.0,-999,-999
104067,BAGAZAN,2013,09,03,0.0,-999,-999
104067,BAGAZAN,2013,09,04,0.0,-999,-999
104067,BAGAZAN,2013,09,05,65.2,-999,-999
104067,BAGAZAN,2013,09,06,0.0,-999,-999
104067,BAGAZAN,2013,09,07,10.3,-999,-999
104067,BAGAZAN,2013,09,08,0.0,-999,-999
104067,BAGAZAN,2013,09,09,35.4,-999,-999
104067,BAGAZAN,2013,09,10,0.0,-999,-999
104067,BAGAZAN,2013,09,11,0.0,-999,-999
104067,BAGAZAN,2013,09,12,0.0,-999,-999
104067,BAGAZAN,2013,09,13,20.6,-999,-999
104067,BAGAZAN,2013,09,14,0.0,-999,-999
104067,BAGAZAN,2013,09,15,50.2,-999,-999
104067,BAGAZAN,2013,09,16,0.0,-999,-999
104067,BAGAZAN,2013,09,17,0.0,-999,-999
104067,BAGAZAN,2013,09,18,25.3,-999,-999
104067,BAGAZAN,2013,09,19,0.0,-999,-999
104067,BAGAZAN,2013,09,20,0.0,-999,-999
104067,BAGAZAN,2013,09,21,0.0,-999,-999
104067,BAGAZAN,2013,09,22,0.0,-999,-999
104067,BAGAZAN,2013,09,23,0.0,-999,-999
104067,BAGAZAN,2013,09,24,15.6,-999,-999
104067,BAGAZAN,2013,09,25,0.0,-999,-999
104067,BAGAZAN,2013,09,26,0.0,-999,-999
104067,BAGAZAN,2013,09,27,0.0,-999,-999
104067,BAGAZAN,2013,09,28,12.3,-999,-999
104067,BAGAZAN,2013,09,29,0.0,-999,-999
104067,BAGAZAN,2013,09,30,0.0,-999,-999
104067,BAGAZAN,2013,10,01,0.0,-999,-999
104067,BAGAZAN,2013,10,02,10.2,-999,-999
104067,BAGAZAN,2013,10,03,0.0,-999,-999
104067,BAGAZAN,2013,10,04,0.0,-999,-999
104067,BAGAZAN,2013,10,05,0.0,-999,-999
104067,BAGAZAN,2013,10,06,50.8,-999,-999
104067,BAGAZAN,2013,10,07,0.0,-999,-999
104067,BAGAZAN,2013,10,08,0.0,-999,-999
104067,BAGAZAN,2013,10,09,0.0,-999,-999
104067,BAGAZAN,2013,10,10,0.0,-999,-999
104067,BAGAZAN,2013,10,11,0.0,-999,-999
104067,BAGAZAN,2013,10,12,0.0,-999,-999
104067,BAGAZAN,2013,10,13,0.0,-999,-999
104067,BAGAZAN,2013,10,14,0.0,-999,-999
104067,BAGAZAN,2013,10,15,0.0,-999,-999
104067,BAGAZAN,2013,10,16,80.4,-999,-999
104067,BAGAZAN,2013,10,17,0.0,-999,-999
104067,BAGAZAN,2013,10,18,0.0,-999,-999
104067,BAGAZAN,2013,10,19,0.0,-999,-999
104067,BAGAZAN,2013,10,20,8.2,-999,-999
104067,BAGAZAN,2013,10,21,0.0,-999,-999
104067,BAGAZAN,2013,10,22,6.3,-999,-999
104067,BAGAZAN,2013,10,23,0.0,-999,-999
104067,BAGAZAN,2013,10,24,0.0,-999,-999
104067,BAGAZAN,2013,10,25,0.0,-999,-999
104067,BAGAZAN,2013,10,26,45.6,-999,-999
104067,BAGAZAN,2013,10,27,0.0,-999,-999
104067,BAGAZAN,2013,10,28,0.0,-999,-999
104067,BAGAZAN,2013,10,29,25.6,-999,-999
104067,BAGAZAN,2013,10,30,0.0,-999,-999
104067,BAGAZAN,2013,10,31,0.0,-999,-999
104067,BAGAZAN,2013,11,01,0.0,-999,-999
104067,BAGAZAN,2013,11,02,35.4,-999,-999
104067,BAGAZAN,2013,11,03,0.0,-999,-999
104067,BAGAZAN,2013,11,04,0.0,-999,-999
104067,BAGAZAN,2013,11,05,0.0,-999,-999
104067,BAGAZAN,2013,11,06,0.0,-999,-999
104067,BAGAZAN,2013,11,07,0.0,-999,-999
104067,BAGAZAN,2013,11,08,0.0,-999,-999
104067,BAGAZAN,2013,11,09,0.0,-999,-999
104067,BAGAZAN,2013,11,10,0.0,-999,-999
104067,BAGAZAN,2013,11,11,0.0,-999,-999
104067,BAGAZAN,2013,11,12,25.2,-999,-999
104067,BAGAZAN,2013,11,13,0.0,-999,-999
104067,BAGAZAN,2013,11,14,0.0,-999,-999
104067,BAGAZAN,2013,11,15,15.6,-999,-999
104067,BAGAZAN,2013,11,16,0.0,-999,-999
104067,BAGAZAN,2013,11,17,0.0,-999,-999
104067,BAGAZAN,2013,11,18,0.0,-999,-999
104067,BAGAZAN,2013,11,19,0.0,-999,-999
104067,BAGAZAN,2013,11,20,0.0,-999,-999
104067,BAGAZAN,2013,11,21,6.2,-999,-999
104067,BAGAZAN,2013,11,22,0.0,-999,-999
104067,BAGAZAN,2013,11,23,0.0,-999,-999
104067,BAGAZAN,2013,11,24,0.0,-999,-999
104067,BAGAZAN,2013,11,25,0.0,-999,-999
104067,BAGAZAN,2013,11,26,0.0,-999,-999
104067,BAGAZAN,2013,11,27,65.4,-999,-999
104067,BAGAZAN,2013,11,28,0.0,-999,-999
104067,BAGAZAN,2013,11,29,0.0,-999,-999
104067,BAGAZAN,2013,11,30,70.6,-999,-999
104067,BAGAZAN,2013,12,01,60.4,-999,-999
104067,BAGAZAN,2013,12,02,45.3,-999,-999
104067,BAGAZAN,2013,12,03,6.2,-999,-999
104067,BAGAZAN,2013,12,04,50.4,-999,-999
104067,BAGAZAN,2013,12,05,0.0,-999,-999
104067,BAGAZAN,2013,12,06,0.0,-999,-999
104067,BAGAZAN,2013,12,07,60.3,-999,-999
104067,BAGAZAN,2013,12,08,65.8,-999,-999
104067,BAGAZAN,2013,12,09,57.7,-999,-999
104067,BAGAZAN,2013,12,10,0.0,-999,-999
104067,BAGAZAN,2013,12,11,0.0,-999,-999
104067,BAGAZAN,2013,12,12,0.0,-999,-999
104067,BAGAZAN,2013,12,13,0.0,-999,-999
104067,BAGAZAN,2013,12,14,0.0,-999,-999
104067,BAGAZAN,2013,12,15,8.2,-999,-999
104067,BAGAZAN,2013,12,16,0.0,-999,-999
104067,BAGAZAN,2013,12,17,0.0,-999,-999
104067,BAGAZAN,2013,12,18,0.0,-999,-999
104067,BAGAZAN,2013,12,19,0.0,-999,-999
104067,BAGAZAN,2013,12,20,0.0,-999,-999
104067,BAGAZAN,2013,12,21,0.0,-999,-999
104067,BAGAZAN,2013,12,22,0.0,-999,-999
104067,BAGAZAN,2013,12,23,0.0,-999,-999
104067,BAGAZAN,2013,12,24,0.0,-999,-999
104067,BAGAZAN,2013,12,25,0.0,-999,-999
104067,BAGAZAN,2013,12,26,0.0,-999,-999
104067,BAGAZAN,2013,12,27,0.0,-999,-999
104067,BAGAZAN,2013,12,28,0.0,-999,-999
104067,BAGAZAN,2013,12,29,25.6,-999,-999
104067,BAGAZAN,2013,12,30,30.2,-999,-999
104067,BAGAZAN,2013,12,31,15.3,-999,-999
104067,BAGAZAN,2014,01,01,30.6,-999,-999
104067,BAGAZAN,2014,01,02,15.2,-999,-999
104067,BAGAZAN,2014,01,03,32.6,-999,-999
104067,BAGAZAN,2014,01,04,0.0,-999,-999
104067,BAGAZAN,2014,01,05,6.5,-999,-999
104067,BAGAZAN,2014,01,06,0.0,-999,-999
104067,BAGAZAN,2014,01,07,20.3,-999,-999
104067,BAGAZAN,2014,01,08,35.7,-999,-999
104067,BAGAZAN,2014,01,09,0.0,-999,-999
104067,BAGAZAN,2014,01,10,25.4,-999,-999
104067,BAGAZAN,2014,01,11,0.0,-999,-999
104067,BAGAZAN,2014,01,12,0.0,-999,-999
104067,BAGAZAN,2014,01,13,0.0,-999,-999
104067,BAGAZAN,2014,01,14,0.0,-999,-999
104067,BAGAZAN,2014,01,15,0.0,-999,-999
104067,BAGAZAN,2014,01,16,0.0,-999,-999
104067,BAGAZAN,2014,01,17,40.3,-999,-999
104067,BAGAZAN,2014,01,18,10.4,-999,-999
104067,BAGAZAN,2014,01,19,5.2,-999,-999
104067,BAGAZAN,2014,01,20,0.0,-999,-999
104067,BAGAZAN,2014,01,21,0.0,-999,-999
104067,BAGAZAN,2014,01,22,0.0,-999,-999
104067,BAGAZAN,2014,01,23,0.0,-999,-999
104067,BAGAZAN,2014,01,24,0.0,-999,-999
104067,BAGAZAN,2014,01,25,0.0,-999,-999
104067,BAGAZAN,2014,01,26,60.2,-999,-999
104067,BAGAZAN,2014,01,27,0.0,-999,-999
104067,BAGAZAN,2014,01,28,0.0,-999,-999
104067,BAGAZAN,2014,01,29,6.4,-999,-999
104067,BAGAZAN,2014,01,30,0.0,-999,-999
104067,BAGAZAN,2014,01,31,0.0,-999,-999
104067,BAGAZAN,2014,02,01,0.0,-999,-999
104067,BAGAZAN,2014,02,02,60.4,-999,-999
104067,BAGAZAN,2014,02,03,25.0,-999,-999
104067,BAGAZAN,2014,02,04,0.0,-999,-999
104067,BAGAZAN,2014,02,05,20.3,-999,-999
104067,BAGAZAN,2014,02,06,0.0,-999,-999
104067,BAGAZAN,2014,02,07,0.0,-999,-999
104067,BAGAZAN,2014,02,08,0.0,-999,-999
104067,BAGAZAN,2014,02,09,0.0,-999,-999
104067,BAGAZAN,2014,02,10,0.0,-999,-999
104067,BAGAZAN,2014,02,11,10.2,-999,-999
104067,BAGAZAN,2014,02,12,0.0,-999,-999
104067,BAGAZAN,2014,02,13,0.0,-999,-999
104067,BAGAZAN,2014,02,14,0.0,-999,-999
104067,BAGAZAN,2014,02,15,0.0,-999,-999
104067,BAGAZAN,2014,02,16,0.0,-999,-999
104067,BAGAZAN,2014,02,17,6.4,-999,-999
104067,BAGAZAN,2014,02,18,0.0,-999,-999
104067,BAGAZAN,2014,02,19,0.0,-999,-999
104067,BAGAZAN,2014,02,20,10.3,-999,-999
104067,BAGAZAN,2014,02,21,0.0,-999,-999
104067,BAGAZAN,2014,02,22,8.6,-999,-999
104067,BAGAZAN,2014,02,23,0.0,-999,-999
104067,BAGAZAN,2014,02,24,0.0,-999,-999
104067,BAGAZAN,2014,02,25,0.0,-999,-999
104067,BAGAZAN,2014,02,26,0.0,-999,-999
104067,BAGAZAN,2014,02,27,6.2,-999,-999
104067,BAGAZAN,2014,02,28,0.0,-999,-999
104067,BAGAZAN,2014,03,01,0.0,-999,-999
104067,BAGAZAN,2014,03,02,50.6,-999,-999
104067,BAGAZAN,2014,03,03,0.0,-999,-999
104067,BAGAZAN,2014,03,04,45.2,-999,-999
104067,BAGAZAN,2014,03,05,12.3,-999,-999
104067,BAGAZAN,2014,03,06,0.0,-999,-999
104067,BAGAZAN,2014,03,07,0.0,-999,-999
104067,BAGAZAN,2014,03,08,50.2,-999,-999
104067,BAGAZAN,2014,03,09,0.0,-999,-999
104067,BAGAZAN,2014,03,10,0.0,-999,-999
104067,BAGAZAN,2014,03,11,0.0,-999,-999
104067,BAGAZAN,2014,03,12,0.0,-999,-999
104067,BAGAZAN,2014,03,13,42.4,-999,-999
104067,BAGAZAN,2014,03,14,0.0,-999,-999
104067,BAGAZAN,2014,03,15,0.0,-999,-999
104067,BAGAZAN,2014,03,16,0.0,-999,-999
104067,BAGAZAN,2014,03,17,0.0,-999,-999
104067,BAGAZAN,2014,03,18,25.2,-999,-999
104067,BAGAZAN,2014,03,19,57.9,-999,-999
104067,BAGAZAN,2014,03,20,15.3,-999,-999
104067,BAGAZAN,2014,03,21,40.3,-999,-999
104067,BAGAZAN,2014,03,22,47.6,-999,-999
104067,BAGAZAN,2014,03,23,15.6,-999,-999
104067,BAGAZAN,2014,03,24,0.0,-999,-999
104067,BAGAZAN,2014,03,25,35.6,-999,-999
104067,BAGAZAN,2014,03,26,0.0,-999,-999
104067,BAGAZAN,2014,03,27,40.7,-999,-999
104067,BAGAZAN,2014,03,28,0.0,-999,-999
104067,BAGAZAN,2014,03,29,0.0,-999,-999
104067,BAGAZAN,2014,03,30,0.0,-999,-999
104067,BAGAZAN,2014,03,31,0.0,-999,-999
104067,BAGAZAN,2014,04,01,0.0,-999,-999
104067,BAGAZAN,2014,04,02,0.0,-999,-999
104067,BAGAZAN,2014,04,03,16.4,-999,-999
104067,BAGAZAN,2014,04,04,12.2,-999,-999
104067,BAGAZAN,2014,04,05,0.0,-999,-999
104067,BAGAZAN,2014,04,06,6.3,-999,-999
104067,BAGAZAN,2014,04,07,12.6,-999,-999
104067,BAGAZAN,2014,04,08,0.0,-999,-999
104067,BAGAZAN,2014,04,09,0.0,-999,-999
104067,BAGAZAN,2014,04,10,0.0,-999,-999
104067,BAGAZAN,2014,04,11,0.0,-999,-999
104067,BAGAZAN,2014,04,12,20.4,-999,-999
104067,BAGAZAN,2014,04,13,0.0,-999,-999
104067,BAGAZAN,2014,04,14,13.2,-999,-999
104067,BAGAZAN,2014,04,15,14.3,-999,-999
104067,BAGAZAN,2014,04,16,71.5,-999,-999
104067,BAGAZAN,2014,04,17,0.0,-999,-999
104067,BAGAZAN,2014,04,18,0.0,-999,-999
104067,BAGAZAN,2014,04,19,0.0,-999,-999
104067,BAGAZAN,2014,04,20,0.0,-999,-999
104067,BAGAZAN,2014,04,21,0.0,-999,-999
104067,BAGAZAN,2014,04,22,0.0,-999,-999
104067,BAGAZAN,2014,04,23,45.2,-999,-999
104067,BAGAZAN,2014,04,24,0.0,-999,-999
104067,BAGAZAN,2014,04,25,0.0,-999,-999
104067,BAGAZAN,2014,04,26,13.6,-999,-999
104067,BAGAZAN,2014,04,27,16.4,-999,-999
104067,BAGAZAN,2014,04,28,0.0,-999,-999
104067,BAGAZAN,2014,04,29,27.4,-999,-999
104067,BAGAZAN,2014,04,30,0.0,-999,-999
104067,BAGAZAN,2014,05,01,0.0,-999,-999
104067,BAGAZAN,2014,05,02,0.0,-999,-999
104067,BAGAZAN,2014,05,03,45.3,-999,-999
104067,BAGAZAN,2014,05,04,0.0,-999,-999
104067,BAGAZAN,2014,05,05,0.0,-999,-999
104067,BAGAZAN,2014,05,06,30.4,-999,-999
104067,BAGAZAN,2014,05,07,0.0,-999,-999
104067,BAGAZAN,2014,05,08,0.0,-999,-999
104067,BAGAZAN,2014,05,09,0.0,-999,-999
104067,BAGAZAN,2014,05,10,0.0,-999,-999
104067,BAGAZAN,2014,05,11,12.4,-999,-999
104067,BAGAZAN,2014,05,12,45.2,-999,-999
104067,BAGAZAN,2014,05,13,0.0,-999,-999
104067,BAGAZAN,2014,05,14,40.3,-999,-999
104067,BAGAZAN,2014,05,15,45.6,-999,-999
104067,BAGAZAN,2014,05,16,0.0,-999,-999
104067,BAGAZAN,2014,05,17,60.6,-999,-999
104067,BAGAZAN,2014,05,18,12.3,-999,-999
104067,BAGAZAN,2014,05,19,0.0,-999,-999
104067,BAGAZAN,2014,05,20,0.0,-999,-999
104067,BAGAZAN,2014,05,21,0.0,-999,-999
104067,BAGAZAN,2014,05,22,58.0,-999,-999
104067,BAGAZAN,2014,05,23,30.2,-999,-999
104067,BAGAZAN,2014,05,24,75.6,-999,-999
104067,BAGAZAN,2014,05,25,0.0,-999,-999
104067,BAGAZAN,2014,05,26,0.0,-999,-999
104067,BAGAZAN,2014,05,27,12.6,-999,-999
104067,BAGAZAN,2014,05,28,15.3,-999,-999
104067,BAGAZAN,2014,05,29,0.0,-999,-999
104067,BAGAZAN,2014,05,30,0.0,-999,-999
104067,BAGAZAN,2014,05,31,0.0,-999,-999
104067,BAGAZAN,2014,06,01,30.6,-999,-999
104067,BAGAZAN,2014,06,02,6.3,-999,-999
104067,BAGAZAN,2014,06,03,15.4,-999,-999
104067,BAGAZAN,2014,06,04,0.0,-999,-999
104067,BAGAZAN,2014,06,05,0.0,-999,-999
104067,BAGAZAN,2014,06,06,6.2,-999,-999
104067,BAGAZAN,2014,06,07,0.0,-999,-999
104067,BAGAZAN,2014,06,08,0.0,-999,-999
104067,BAGAZAN,2014,06,09,10.3,-999,-999
104067,BAGAZAN,2014,06,10,0.0,-999,-999
104067,BAGAZAN,2014,06,11,45.3,-999,-999
104067,BAGAZAN,2014,06,12,0.0,-999,-999
104067,BAGAZAN,2014,06,13,21.6,-999,-999
104067,BAGAZAN,2014,06,14,10.6,-999,-999
104067,BAGAZAN,2014,06,15,0.0,-999,-999
104067,BAGAZAN,2014,06,16,0.0,-999,-999
104067,BAGAZAN,2014,06,17,0.0,-999,-999
104067,BAGAZAN,2014,06,18,12.6,-999,-999
104067,BAGAZAN,2014,06,19,0.0,-999,-999
104067,BAGAZAN,2014,06,20,0.0,-999,-999
104067,BAGAZAN,2014,06,21,0.0,-999,-999
104067,BAGAZAN,2014,06,22,10.2,-999,-999
104067,BAGAZAN,2014,06,23,0.0,-999,-999
104067,BAGAZAN,2014,06,24,30.2,-999,-999
104067,BAGAZAN,2014,06,25,0.0,-999,-999
104067,BAGAZAN,2014,06,26,0.0,-999,-999
104067,BAGAZAN,2014,06,27,25.6,-999,-999
104067,BAGAZAN,2014,06,28,0.0,-999,-999
104067,BAGAZAN,2014,06,29,32.3,-999,-999
104067,BAGAZAN,2014,06,30,0.0,-999,-999
104067,BAGAZAN,2014,07,01,0.0,-999,-999
104067,BAGAZAN,2014,07,02,16.2,-999,-999
104067,BAGAZAN,2014,07,03,0.0,-999,-999
104067,BAGAZAN,2014,07,04,0.0,-999,-999
104067,BAGAZAN,2014,07,05,30.2,-999,-999
104067,BAGAZAN,2014,07,06,0.0,-999,-999
104067,BAGAZAN,2014,07,07,23.4,-999,-999
104067,BAGAZAN,2014,07,08,95.9,-999,-999
104067,BAGAZAN,2014,07,09,0.0,-999,-999
104067,BAGAZAN,2014,07,10,0.0,-999,-999
104067,BAGAZAN,2014,07,11,0.0,-999,-999
104067,BAGAZAN,2014,07,12,0.0,-999,-999
104067,BAGAZAN,2014,07,13,0.0,-999,-999
104067,BAGAZAN,2014,07,14,0.0,-999,-999
104067,BAGAZAN,2014,07,15,0.0,-999,-999
104067,BAGAZAN,2014,07,16,0.0,-999,-999
104067,BAGAZAN,2014,07,17,30.6,-999,-999
104067,BAGAZAN,2014,07,18,10.2,-999,-999
104067,BAGAZAN,2014,07,19,0.0,-999,-999
104067,BAGAZAN,2014,07,20,0.0,-999,-999
104067,BAGAZAN,2014,07,21,0.0,-999,-999
104067,BAGAZAN,2014,07,22,0.0,-999,-999
104067,BAGAZAN,2014,07,23,10.2,-999,-999
104067,BAGAZAN,2014,07,24,0.0,-999,-999
104067,BAGAZAN,2014,07,25,0.0,-999,-999
104067,BAGAZAN,2014,07,26,0.0,-999,-999
104067,BAGAZAN,2014,07,27,12.4,-999,-999
104067,BAGAZAN,2014,07,28,0.0,-999,-999
104067,BAGAZAN,2014,07,29,0.0,-999,-999
104067,BAGAZAN,2014,07,30,0.0,-999,-999
104067,BAGAZAN,2014,07,31,0.0,-999,-999
104067,BAGAZAN,2014,08,01,30.6,-999,-999
104067,BAGAZAN,2014,08,02,35.6,-999,-999
104067,BAGAZAN,2014,08,03,0.0,-999,-999
104067,BAGAZAN,2014,08,04,0.0,-999,-999
104067,BAGAZAN,2014,08,05,60.5,-999,-999
104067,BAGAZAN,2014,08,06,0.0,-999,-999
104067,BAGAZAN,2014,08,07,0.0,-999,-999
104067,BAGAZAN,2014,08,08,0.0,-999,-999
104067,BAGAZAN,2014,08,09,0.0,-999,-999
104067,BAGAZAN,2014,08,10,0.0,-999,-999
104067,BAGAZAN,2014,08,11,0.0,-999,-999
104067,BAGAZAN,2014,08,12,0.0,-999,-999
104067,BAGAZAN,2014,08,13,0.0,-999,-999
104067,BAGAZAN,2014,08,14,0.0,-999,-999
104067,BAGAZAN,2014,08,15,0.0,-999,-999
104067,BAGAZAN,2014,08,16,0.0,-999,-999
104067,BAGAZAN,2014,08,17,0.0,-999,-999
104067,BAGAZAN,2014,08,18,0.0,-999,-999
104067,BAGAZAN,2014,08,19,0.0,-999,-999
104067,BAGAZAN,2014,08,20,0.0,-999,-999
104067,BAGAZAN,2014,08,21,0.0,-999,-999
104067,BAGAZAN,2014,08,22,0.0,-999,-999
104067,BAGAZAN,2014,08,23,40.6,-999,-999
104067,BAGAZAN,2014,08,24,0.0,-999,-999
104067,BAGAZAN,2014,08,25,0.0,-999,-999
104067,BAGAZAN,2014,08,26,35.2,-999,-999
104067,BAGAZAN,2014,08,27,0.0,-999,-999
104067,BAGAZAN,2014,08,28,20.3,-999,-999
104067,BAGAZAN,2014,08,29,0.0,-999,-999
104067,BAGAZAN,2014,08,30,0.0,-999,-999
104067,BAGAZAN,2014,08,31,0.0,-999,-999
104067,BAGAZAN,2014,09,01,0.0,-999,-999
104067,BAGAZAN,2014,09,02,0.0,-999,-999
104067,BAGAZAN,2014,09,03,0.0,-999,-999
104067,BAGAZAN,2014,09,04,20.6,-999,-999
104067,BAGAZAN,2014,09,05,0.0,-999,-999
104067,BAGAZAN,2014,09,06,10.0,-999,-999
104067,BAGAZAN,2014,09,07,0.0,-999,-999
104067,BAGAZAN,2014,09,08,0.0,-999,-999
104067,BAGAZAN,2014,09,09,0.0,-999,-999
104067,BAGAZAN,2014,09,10,0.0,-999,-999
104067,BAGAZAN,2014,09,11,0.0,-999,-999
104067,BAGAZAN,2014,09,12,0.0,-999,-999
104067,BAGAZAN,2014,09,13,0.0,-999,-999
104067,BAGAZAN,2014,09,14,20.2,-999,-999
104067,BAGAZAN,2014,09,15,0.0,-999,-999
104067,BAGAZAN,2014,09,16,0.0,-999,-999
104067,BAGAZAN,2014,09,17,0.0,-999,-999
104067,BAGAZAN,2014,09,18,0.0,-999,-999
104067,BAGAZAN,2014,09,19,0.0,-999,-999
104067,BAGAZAN,2014,09,20,0.0,-999,-999
104067,BAGAZAN,2014,09,21,0.0,-999,-999
104067,BAGAZAN,2014,09,22,12.3,-999,-999
104067,BAGAZAN,2014,09,23,0.0,-999,-999
104067,BAGAZAN,2014,09,24,0.0,-999,-999
104067,BAGAZAN,2014,09,25,0.0,-999,-999
104067,BAGAZAN,2014,09,26,60.2,-999,-999
104067,BAGAZAN,2014,09,27,0.0,-999,-999
104067,BAGAZAN,2014,09,28,15.6,-999,-999
104067,BAGAZAN,2014,09,29,0.0,-999,-999
104067,BAGAZAN,2014,09,30,0.0,-999,-999
104067,BAGAZAN,2014,10,01,0.0,-999,-999
104067,BAGAZAN,2014,10,02,60.6,-999,-999
104067,BAGAZAN,2014,10,03,0.0,-999,-999
104067,BAGAZAN,2014,10,04,15.2,-999,-999
104067,BAGAZAN,2014,10,05,0.0,-999,-999
104067,BAGAZAN,2014,10,06,30.2,-999,-999
104067,BAGAZAN,2014,10,07,0.0,-999,-999
104067,BAGAZAN,2014,10,08,15.3,-999,-999
104067,BAGAZAN,2014,10,09,60.2,-999,-999
104067,BAGAZAN,2014,10,10,0.0,-999,-999
104067,BAGAZAN,2014,10,11,50.6,-999,-999
104067,BAGAZAN,2014,10,12,0.0,-999,-999
104067,BAGAZAN,2014,10,13,0.0,-999,-999
104067,BAGAZAN,2014,10,14,57.5,-999,-999
104067,BAGAZAN,2014,10,15,0.0,-999,-999
104067,BAGAZAN,2014,10,16,35.4,-999,-999
104067,BAGAZAN,2014,10,17,0.0,-999,-999
104067,BAGAZAN,2014,10,18,0.0,-999,-999
104067,BAGAZAN,2014,10,19,22.2,-999,-999
104067,BAGAZAN,2014,10,20,0.0,-999,-999
104067,BAGAZAN,2014,10,21,20.2,-999,-999
104067,BAGAZAN,2014,10,22,0.0,-999,-999
104067,BAGAZAN,2014,10,23,15.4,-999,-999
104067,BAGAZAN,2014,10,24,12.6,-999,-999
104067,BAGAZAN,2014,10,25,0.0,-999,-999
104067,BAGAZAN,2014,10,26,0.0,-999,-999
104067,BAGAZAN,2014,10,27,6.3,-999,-999
104067,BAGAZAN,2014,10,28,0.0,-999,-999
104067,BAGAZAN,2014,10,29,0.0,-999,-999
104067,BAGAZAN,2014,10,30,0.0,-999,-999
104067,BAGAZAN,2014,10,31,43.6,-999,-999
104067,BAGAZAN,2014,11,01,45.2,-999,-999
104067,BAGAZAN,2014,11,02,0.0,-999,-999
104067,BAGAZAN,2014,11,03,0.0,-999,-999
104067,BAGAZAN,2014,11,04,35.2,-999,-999
104067,BAGAZAN,2014,11,05,0.0,-999,-999
104067,BAGAZAN,2014,11,06,48.6,-999,-999
104067,BAGAZAN,2014,11,07,0.0,-999,-999
104067,BAGAZAN,2014,11,08,0.0,-999,-999
104067,BAGAZAN,2014,11,09,16.2,-999,-999
104067,BAGAZAN,2014,11,10,0.0,-999,-999
104067,BAGAZAN,2014,11,11,0.0,-999,-999
104067,BAGAZAN,2014,11,12,13.4,-999,-999
104067,BAGAZAN,2014,11,13,0.0,-999,-999
104067,BAGAZAN,2014,11,14,0.0,-999,-999
104067,BAGAZAN,2014,11,15,0.0,-999,-999
104067,BAGAZAN,2014,11,16,0.0,-999,-999
104067,BAGAZAN,2014,11,17,0.0,-999,-999
104067,BAGAZAN,2014,11,18,10.6,-999,-999
104067,BAGAZAN,2014,11,19,0.0,-999,-999
104067,BAGAZAN,2014,11,20,0.0,-999,-999
104067,BAGAZAN,2014,11,21,0.0,-999,-999
104067,BAGAZAN,2014,11,22,6.4,-999,-999
104067,BAGAZAN,2014,11,23,0.0,-999,-999
104067,BAGAZAN,2014,11,24,0.0,-999,-999
104067,BAGAZAN,2014,11,25,0.0,-999,-999
104067,BAGAZAN,2014,11,26,40.3,-999,-999
104067,BAGAZAN,2014,11,27,50.4,-999,-999
104067,BAGAZAN,2014,11,28,0.0,-999,-999
104067,BAGAZAN,2014,11,29,0.0,-999,-999
104067,BAGAZAN,2014,11,30,0.0,-999,-999
104067,BAGAZAN,2014,12,01,0.0,-999,-999
104067,BAGAZAN,2014,12,02,0.0,-999,-999
104067,BAGAZAN,2014,12,03,70.5,-999,-999
104067,BAGAZAN,2014,12,04,0.0,-999,-999
104067,BAGAZAN,2014,12,05,60.2,-999,-999
104067,BAGAZAN,2014,12,06,0.0,-999,-999
104067,BAGAZAN,2014,12,07,0.0,-999,-999
104067,BAGAZAN,2014,12,08,0.0,-999,-999
104067,BAGAZAN,2014,12,09,87.6,-999,-999
104067,BAGAZAN,2014,12,10,22.4,-999,-999
104067,BAGAZAN,2014,12,11,0.0,-999,-999
104067,BAGAZAN,2014,12,12,0.0,-999,-999
104067,BAGAZAN,2014,12,13,12.6,-999,-999
104067,BAGAZAN,2014,12,14,0.0,-999,-999
104067,BAGAZAN,2014,12,15,8.2,-999,-999
104067,BAGAZAN,2014,12,16,45.3,-999,-999
104067,BAGAZAN,2014,12,17,0.0,-999,-999
104067,BAGAZAN,2014,12,18,0.0,-999,-999
104067,BAGAZAN,2014,12,19,0.0,-999,-999
104067,BAGAZAN,2014,12,20,16.3,-999,-999
104067,BAGAZAN,2014,12,21,0.0,-999,-999
104067,BAGAZAN,2014,12,22,10.2,-999,-999
104067,BAGAZAN,2014,12,23,0.0,-999,-999
104067,BAGAZAN,2014,12,24,15.6,-999,-999
104067,BAGAZAN,2014,12,25,0.0,-999,-999
104067,BAGAZAN,2014,12,26,45.6,-999,-999
104067,BAGAZAN,2014,12,27,36.4,-999,-999
104067,BAGAZAN,2014,12,28,0.0,-999,-999
104067,BAGAZAN,2014,12,29,35.3,-999,-999
104067,BAGAZAN,2014,12,30,0.0,-999,-999
104067,BAGAZAN,2014,12,31,30.6,-999,-999
104067,BAGAZAN,2015,01,01,30.4,-999,-999
104067,BAGAZAN,2015,01,02,36.6,-999,-999
104067,BAGAZAN,2015,01,03,48.7,-999,-999
104067,BAGAZAN,2015,01,04,0.0,-999,-999
104067,BAGAZAN,2015,01,05,0.0,-999,-999
104067,BAGAZAN,2015,01,06,25.6,-999,-999
104067,BAGAZAN,2015,01,07,16.4,-999,-999
104067,BAGAZAN,2015,01,08,0.0,-999,-999
104067,BAGAZAN,2015,01,09,24.3,-999,-999
104067,BAGAZAN,2015,01,10,16.2,-999,-999
104067,BAGAZAN,2015,01,11,45.8,-999,-999
104067,BAGAZAN,2015,01,12,0.0,-999,-999
104067,BAGAZAN,2015,01,13,12.7,-999,-999
104067,BAGAZAN,2015,01,14,6.2,-999,-999
104067,BAGAZAN,2015,01,15,35.6,-999,-999
104067,BAGAZAN,2015,01,16,16.2,-999,-999
104067,BAGAZAN,2015,01,17,0.0,-999,-999
104067,BAGAZAN,2015,01,18,55.9,-999,-999
104067,BAGAZAN,2015,01,19,35.2,-999,-999
104067,BAGAZAN,2015,01,20,52.3,-999,-999
104067,BAGAZAN,2015,01,21,22.4,-999,-999
104067,BAGAZAN,2015,01,22,28.9,-999,-999
104067,BAGAZAN,2015,01,23,0.0,-999,-999
104067,BAGAZAN,2015,01,24,0.0,-999,-999
104067,BAGAZAN,2015,01,25,0.0,-999,-999
104067,BAGAZAN,2015,01,26,15.6,-999,-999
104067,BAGAZAN,2015,01,27,36.3,-999,-999
104067,BAGAZAN,2015,01,28,26.8,-999,-999
104067,BAGAZAN,2015,01,29,15.4,-999,-999
104067,BAGAZAN,2015,01,30,12.4,-999,-999
104067,BAGAZAN,2015,01,31,51.5,-999,-999
104067,BAGAZAN,2015,02,01,8.4,-999,-999
104067,BAGAZAN,2015,02,02,60.2,-999,-999
104067,BAGAZAN,2015,02,03,0.0,-999,-999
104067,BAGAZAN,2015,02,04,0.0,-999,-999
104067,BAGAZAN,2015,02,05,0.0,-999,-999
104067,BAGAZAN,2015,02,06,20.3,-999,-999
104067,BAGAZAN,2015,02,07,0.0,-999,-999
104067,BAGAZAN,2015,02,08,0.0,-999,-999
104067,BAGAZAN,2015,02,09,0.0,-999,-999
104067,BAGAZAN,2015,02,10,0.0,-999,-999
104067,BAGAZAN,2015,02,11,0.0,-999,-999
104067,BAGAZAN,2015,02,12,50.6,-999,-999
104067,BAGAZAN,2015,02,13,0.0,-999,-999
104067,BAGAZAN,2015,02,14,58.6,-999,-999
104067,BAGAZAN,2015,02,15,0.0,-999,-999
104067,BAGAZAN,2015,02,16,0.0,-999,-999
104067,BAGAZAN,2015,02,17,0.0,-999,-999
104067,BAGAZAN,2015,02,18,0.0,-999,-999
104067,BAGAZAN,2015,02,19,48.2,-999,-999
104067,BAGAZAN,2015,02,20,0.0,-999,-999
104067,BAGAZAN,2015,02,21,0.0,-999,-999
104067,BAGAZAN,2015,02,22,0.0,-999,-999
104067,BAGAZAN,2015,02,23,0.0,-999,-999
104067,BAGAZAN,2015,02,24,25.3,-999,-999
104067,BAGAZAN,2015,02,25,0.0,-999,-999
104067,BAGAZAN,2015,02,26,0.0,-999,-999
104067,BAGAZAN,2015,02,27,30.6,-999,-999
104067,BAGAZAN,2015,02,28,0.0,-999,-999
104067,BAGAZAN,2015,03,01,0.0,-999,-999
104067,BAGAZAN,2015,03,02,0.0,-999,-999
104067,BAGAZAN,2015,03,03,0.0,-999,-999
104067,BAGAZAN,2015,03,04,0.0,-999,-999
104067,BAGAZAN,2015,03,05,35.2,-999,-999
104067,BAGAZAN,2015,03,06,20.3,-999,-999
104067,BAGAZAN,2015,03,07,25.6,-999,-999
104067,BAGAZAN,2015,03,08,30.6,-999,-999
104067,BAGAZAN,2015,03,09,0.0,-999,-999
104067,BAGAZAN,2015,03,10,0.0,-999,-999
104067,BAGAZAN,2015,03,11,0.0,-999,-999
104067,BAGAZAN,2015,03,12,0.0,-999,-999
104067,BAGAZAN,2015,03,13,16.4,-999,-999
104067,BAGAZAN,2015,03,14,0.0,-999,-999
104067,BAGAZAN,2015,03,15,25.3,-999,-999
104067,BAGAZAN,2015,03,16,30.2,-999,-999
104067,BAGAZAN,2015,03,17,0.0,-999,-999
104067,BAGAZAN,2015,03,18,95.8,-999,-999
104067,BAGAZAN,2015,03,19,0.0,-999,-999
104067,BAGAZAN,2015,03,20,15.4,-999,-999
104067,BAGAZAN,2015,03,21,0.0,-999,-999
104067,BAGAZAN,2015,03,22,0.0,-999,-999
104067,BAGAZAN,2015,03,23,45.6,-999,-999
104067,BAGAZAN,2015,03,24,0.0,-999,-999
104067,BAGAZAN,2015,03,25,0.0,-999,-999
104067,BAGAZAN,2015,03,26,65.4,-999,-999
104067,BAGAZAN,2015,03,27,0.0,-999,-999
104067,BAGAZAN,2015,03,28,0.0,-999,-999
104067,BAGAZAN,2015,03,29,0.0,-999,-999
104067,BAGAZAN,2015,03,30,26.1,-999,-999
104067,BAGAZAN,2015,03,31,0.0,-999,-999
104067,BAGAZAN,2015,04,01,56.0,-999,-999
104067,BAGAZAN,2015,04,02,26.4,-999,-999
104067,BAGAZAN,2015,04,03,42.6,-999,-999
104067,BAGAZAN,2015,04,04,0.0,-999,-999
104067,BAGAZAN,2015,04,05,0.0,-999,-999
104067,BAGAZAN,2015,04,06,10.3,-999,-999
104067,BAGAZAN,2015,04,07,0.0,-999,-999
104067,BAGAZAN,2015,04,08,6.2,-999,-999
104067,BAGAZAN,2015,04,09,0.0,-999,-999
104067,BAGAZAN,2015,04,10,0.0,-999,-999
104067,BAGAZAN,2015,04,11,0.0,-999,-999
104067,BAGAZAN,2015,04,12,0.0,-999,-999
104067,BAGAZAN,2015,04,13,45.6,-999,-999
104067,BAGAZAN,2015,04,14,0.0,-999,-999
104067,BAGAZAN,2015,04,15,0.0,-999,-999
104067,BAGAZAN,2015,04,16,0.0,-999,-999
104067,BAGAZAN,2015,04,17,20.3,-999,-999
104067,BAGAZAN,2015,04,18,0.0,-999,-999
104067,BAGAZAN,2015,04,19,0.0,-999,-999
104067,BAGAZAN,2015,04,20,15.3,-999,-999
104067,BAGAZAN,2015,04,21,43.6,-999,-999
104067,BAGAZAN,2015,04,22,0.0,-999,-999
104067,BAGAZAN,2015,04,23,15.6,-999,-999
104067,BAGAZAN,2015,04,24,0.0,-999,-999
104067,BAGAZAN,2015,04,25,6.2,-999,-999
104067,BAGAZAN,2015,04,26,10.3,-999,-999
104067,BAGAZAN,2015,04,27,0.0,-999,-999
104067,BAGAZAN,2015,04,28,0.0,-999,-999
104067,BAGAZAN,2015,04,29,12.6,-999,-999
104067,BAGAZAN,2015,04,30,45.2,-999,-999
104067,BAGAZAN,2015,05,01,0.0,-999,-999
104067,BAGAZAN,2015,05,02,0.0,-999,-999
104067,BAGAZAN,2015,05,03,0.0,-999,-999
104067,BAGAZAN,2015,05,04,34.0,-999,-999
104067,BAGAZAN,2015,05,05,0.0,-999,-999
104067,BAGAZAN,2015,05,06,0.0,-999,-999
104067,BAGAZAN,2015,05,07,0.0,-999,-999
104067,BAGAZAN,2015,05,08,0.0,-999,-999
104067,BAGAZAN,2015,05,09,0.0,-999,-999
104067,BAGAZAN,2015,05,10,0.0,-999,-999
104067,BAGAZAN,2015,05,11,74.8,-999,-999
104067,BAGAZAN,2015,05,12,65.9,-999,-999
104067,BAGAZAN,2015,05,13,23.4,-999,-999
104067,BAGAZAN,2015,05,14,0.0,-999,-999
104067,BAGAZAN,2015,05,15,0.0,-999,-999
104067,BAGAZAN,2015,05,16,0.0,-999,-999
104067,BAGAZAN,2015,05,17,0.0,-999,-999
104067,BAGAZAN,2015,05,18,0.0,-999,-999
104067,BAGAZAN,2015,05,19,0.0,-999,-999
104067,BAGAZAN,2015,05,20,33.0,-999,-999
104067,BAGAZAN,2015,05,21,0.0,-999,-999
104067,BAGAZAN,2015,05,22,0.0,-999,-999
104067,BAGAZAN,2015,05,23,20.2,-999,-999
104067,BAGAZAN,2015,05,24,0.0,-999,-999
104067,BAGAZAN,2015,05,25,14.4,-999,-999
104067,BAGAZAN,2015,05,26,10.2,-999,-999
104067,BAGAZAN,2015,05,27,0.0,-999,-999
104067,BAGAZAN,2015,05,28,40.0,-999,-999
104067,BAGAZAN,2015,05,29,0.0,-999,-999
104067,BAGAZAN,2015,05,30,0.0,-999,-999
104067,BAGAZAN,2015,05,31,0.0,-999,-999
104067,BAGAZAN,2015,06,01,10.6,-999,-999
104067,BAGAZAN,2015,06,02,0.0,-999,-999
104067,BAGAZAN,2015,06,03,10.3,-999,-999
104067,BAGAZAN,2015,06,04,0.0,-999,-999
104067,BAGAZAN,2015,06,05,17.0,-999,-999
104067,BAGAZAN,2015,06,06,20.3,-999,-999
104067,BAGAZAN,2015,06,07,36.5,-999,-999
104067,BAGAZAN,2015,06,08,0.0,-999,-999
104067,BAGAZAN,2015,06,09,0.0,-999,-999
104067,BAGAZAN,2015,06,10,0.0,-999,-999
104067,BAGAZAN,2015,06,11,0.0,-999,-999
104067,BAGAZAN,2015,06,12,0.0,-999,-999
104067,BAGAZAN,2015,06,13,26.4,-999,-999
104067,BAGAZAN,2015,06,14,0.0,-999,-999
104067,BAGAZAN,2015,06,15,0.0,-999,-999
104067,BAGAZAN,2015,06,16,25.4,-999,-999
104067,BAGAZAN,2015,06,17,0.0,-999,-999
104067,BAGAZAN,2015,06,18,0.0,-999,-999
104067,BAGAZAN,2015,06,19,0.0,-999,-999
104067,BAGAZAN,2015,06,20,0.0,-999,-999
104067,BAGAZAN,2015,06,21,10.6,-999,-999
104067,BAGAZAN,2015,06,22,0.0,-999,-999
104067,BAGAZAN,2015,06,23,15.7,-999,-999
104067,BAGAZAN,2015,06,24,0.0,-999,-999
104067,BAGAZAN,2015,06,25,0.0,-999,-999
104067,BAGAZAN,2015,06,26,0.0,-999,-999
104067,BAGAZAN,2015,06,27,0.0,-999,-999
104067,BAGAZAN,2015,06,28,15.6,-999,-999
104067,BAGAZAN,2015,06,29,0.0,-999,-999
104067,BAGAZAN,2015,06,30,20.6,-999,-999
104067,BAGAZAN,2015,07,01,10.5,-999,-999
104067,BAGAZAN,2015,07,02,0.0,-999,-999
104067,BAGAZAN,2015,07,03,0.0,-999,-999
104067,BAGAZAN,2015,07,04,26.4,-999,-999
104067,BAGAZAN,2015,07,05,0.0,-999,-999
104067,BAGAZAN,2015,07,06,0.0,-999,-999
104067,BAGAZAN,2015,07,07,29.6,-999,-999
104067,BAGAZAN,2015,07,08,0.0,-999,-999
104067,BAGAZAN,2015,07,09,37.0,-999,-999
104067,BAGAZAN,2015,07,10,0.0,-999,-999
104067,BAGAZAN,2015,07,11,0.0,-999,-999
104067,BAGAZAN,2015,07,12,0.0,-999,-999
104067,BAGAZAN,2015,07,13,0.0,-999,-999
104067,BAGAZAN,2015,07,14,0.0,-999,-999
104067,BAGAZAN,2015,07,15,0.0,-999,-999
104067,BAGAZAN,2015,07,16,25.6,-999,-999
104067,BAGAZAN,2015,07,17,0.0,-999,-999
104067,BAGAZAN,2015,07,18,20.2,-999,-999
104067,BAGAZAN,2015,07,19,0.0,-999,-999
104067,BAGAZAN,2015,07,20,0.0,-999,-999
104067,BAGAZAN,2015,07,21,25.3,-999,-999
104067,BAGAZAN,2015,07,22,0.0,-999,-999
104067,BAGAZAN,2015,07,23,16.6,-999,-999
104067,BAGAZAN,2015,07,24,0.0,-999,-999
104067,BAGAZAN,2015,07,25,0.0,-999,-999
104067,BAGAZAN,2015,07,26,24.6,-999,-999
104067,BAGAZAN,2015,07,27,0.0,-999,-999
104067,BAGAZAN,2015,07,28,23.2,-999,-999
104067,BAGAZAN,2015,07,29,20.4,-999,-999
104067,BAGAZAN,2015,07,30,0.0,-999,-999
104067,BAGAZAN,2015,07,31,0.0,-999,-999
104067,BAGAZAN,2015,08,01,10.6,-999,-999
104067,BAGAZAN,2015,08,02,0.0,-999,-999
104067,BAGAZAN,2015,08,03,20.2,-999,-999
104067,BAGAZAN,2015,08,04,0.0,-999,-999
104067,BAGAZAN,2015,08,05,0.0,-999,-999
104067,BAGAZAN,2015,08,06,18.7,-999,-999
104067,BAGAZAN,2015,08,07,0.0,-999,-999
104067,BAGAZAN,2015,08,08,5.1,-999,-999
104067,BAGAZAN,2015,08,09,0.0,-999,-999
104067,BAGAZAN,2015,08,10,0.0,-999,-999
104067,BAGAZAN,2015,08,11,0.0,-999,-999
104067,BAGAZAN,2015,08,12,0.0,-999,-999
104067,BAGAZAN,2015,08,13,53.0,-999,-999
104067,BAGAZAN,2015,08,14,0.0,-999,-999
104067,BAGAZAN,2015,08,15,0.0,-999,-999
104067,BAGAZAN,2015,08,16,0.0,-999,-999
104067,BAGAZAN,2015,08,17,0.0,-999,-999
104067,BAGAZAN,2015,08,18,10.3,-999,-999
104067,BAGAZAN,2015,08,19,6.2,-999,-999
104067,BAGAZAN,2015,08,20,0.0,-999,-999
104067,BAGAZAN,2015,08,21,0.0,-999,-999
104067,BAGAZAN,2015,08,22,0.0,-999,-999
104067,BAGAZAN,2015,08,23,0.0,-999,-999
104067,BAGAZAN,2015,08,24,0.0,-999,-999
104067,BAGAZAN,2015,08,25,0.0,-999,-999
104067,BAGAZAN,2015,08,26,0.0,-999,-999
104067,BAGAZAN,2015,08,27,22.3,-999,-999
104067,BAGAZAN,2015,08,28,28.6,-999,-999
104067,BAGAZAN,2015,08,29,0.0,-999,-999
104067,BAGAZAN,2015,08,30,0.0,-999,-999
104067,BAGAZAN,2015,08,31,0.0,-999,-999
104067,BAGAZAN,2015,09,01,14.3,-999,-999
104067,BAGAZAN,2015,09,02,10.2,-999,-999
104067,BAGAZAN,2015,09,03,4.6,-999,-999
104067,BAGAZAN,2015,09,04,0.0,-999,-999
104067,BAGAZAN,2015,09,05,0.0,-999,-999
104067,BAGAZAN,2015,09,06,0.0,-999,-999
104067,BAGAZAN,2015,09,07,0.0,-999,-999
104067,BAGAZAN,2015,09,08,0.0,-999,-999
104067,BAGAZAN,2015,09,09,0.0,-999,-999
104067,BAGAZAN,2015,09,10,0.0,-999,-999
104067,BAGAZAN,2015,09,11,0.0,-999,-999
104067,BAGAZAN,2015,09,12,0.0,-999,-999
104067,BAGAZAN,2015,09,13,0.0,-999,-999
104067,BAGAZAN,2015,09,14,0.0,-999,-999
104067,BAGAZAN,2015,09,15,0.0,-999,-999
104067,BAGAZAN,2015,09,16,0.0,-999,-999
104067,BAGAZAN,2015,09,17,0.0,-999,-999
104067,BAGAZAN,2015,09,18,20.6,-999,-999
104067,BAGAZAN,2015,09,19,6.2,-999,-999
104067,BAGAZAN,2015,09,20,0.0,-999,-999
104067,BAGAZAN,2015,09,21,0.0,-999,-999
104067,BAGAZAN,2015,09,22,0.0,-999,-999
104067,BAGAZAN,2015,09,23,0.0,-999,-999
104067,BAGAZAN,2015,09,24,0.0,-999,-999
104067,BAGAZAN,2015,09,25,0.0,-999,-999
104067,BAGAZAN,2015,09,26,0.0,-999,-999
104067,BAGAZAN,2015,09,27,0.0,-999,-999
104067,BAGAZAN,2015,09,28,0.0,-999,-999
104067,BAGAZAN,2015,09,29,0.0,-999,-999
104067,BAGAZAN,2015,09,30,0.0,-999,-999
104067,BAGAZAN,2015,10,01,0.0,-999,-999
104067,BAGAZAN,2015,10,02,0.0,-999,-999
104067,BAGAZAN,2015,10,03,0.0,-999,-999
104067,BAGAZAN,2015,10,04,0.0,-999,-999
104067,BAGAZAN,2015,10,05,0.0,-999,-999
104067,BAGAZAN,2015,10,06,0.0,-999,-999
104067,BAGAZAN,2015,10,07,0.0,-999,-999
104067,BAGAZAN,2015,10,08,0.0,-999,-999
104067,BAGAZAN,2015,10,09,0.0,-999,-999
104067,BAGAZAN,2015,10,10,0.0,-999,-999
104067,BAGAZAN,2015,10,11,46.9,-999,-999
104067,BAGAZAN,2015,10,12,0.0,-999,-999
104067,BAGAZAN,2015,10,13,0.0,-999,-999
104067,BAGAZAN,2015,10,14,0.0,-999,-999
104067,BAGAZAN,2015,10,15,77.5,-999,-999
104067,BAGAZAN,2015,10,16,0.0,-999,-999
104067,BAGAZAN,2015,10,17,0.0,-999,-999
104067,BAGAZAN,2015,10,18,0.0,-999,-999
104067,BAGAZAN,2015,10,19,11.3,-999,-999
104067,BAGAZAN,2015,10,20,0.0,-999,-999
104067,BAGAZAN,2015,10,21,15.6,-999,-999
104067,BAGAZAN,2015,10,22,0.0,-999,-999
104067,BAGAZAN,2015,10,23,0.0,-999,-999
104067,BAGAZAN,2015,10,24,0.0,-999,-999
104067,BAGAZAN,2015,10,25,0.0,-999,-999
104067,BAGAZAN,2015,10,26,0.0,-999,-999
104067,BAGAZAN,2015,10,27,16.2,-999,-999
104067,BAGAZAN,2015,10,28,0.0,-999,-999
104067,BAGAZAN,2015,10,29,0.0,-999,-999
104067,BAGAZAN,2015,10,30,0.0,-999,-999
104067,BAGAZAN,2015,10,31,0.0,-999,-999
104067,BAGAZAN,2015,11,01,22.0,-999,-999
104067,BAGAZAN,2015,11,02,0.0,-999,-999
104067,BAGAZAN,2015,11,03,0.0,-999,-999
104067,BAGAZAN,2015,11,04,0.0,-999,-999
104067,BAGAZAN,2015,11,05,6.5,-999,-999
104067,BAGAZAN,2015,11,06,12.3,-999,-999
104067,BAGAZAN,2015,11,07,0.0,-999,-999
104067,BAGAZAN,2015,11,08,0.0,-999,-999
104067,BAGAZAN,2015,11,09,0.0,-999,-999
104067,BAGAZAN,2015,11,10,13.2,-999,-999
104067,BAGAZAN,2015,11,11,0.0,-999,-999
104067,BAGAZAN,2015,11,12,0.0,-999,-999
104067,BAGAZAN,2015,11,13,0.0,-999,-999
104067,BAGAZAN,2015,11,14,0.0,-999,-999
104067,BAGAZAN,2015,11,15,7.2,-999,-999
104067,BAGAZAN,2015,11,16,0.0,-999,-999
104067,BAGAZAN,2015,11,17,0.0,-999,-999
104067,BAGAZAN,2015,11,18,0.0,-999,-999
104067,BAGAZAN,2015,11,19,0.0,-999,-999
104067,BAGAZAN,2015,11,20,0.0,-999,-999
104067,BAGAZAN,2015,11,21,0.0,-999,-999
104067,BAGAZAN,2015,11,22,0.0,-999,-999
104067,BAGAZAN,2015,11,23,16.3,-999,-999
104067,BAGAZAN,2015,11,24,0.0,-999,-999
104067,BAGAZAN,2015,11,25,0.0,-999,-999
104067,BAGAZAN,2015,11,26,0.0,-999,-999
104067,BAGAZAN,2015,11,27,0.0,-999,-999
104067,BAGAZAN,2015,11,28,0.0,-999,-999
104067,BAGAZAN,2015,11,29,15.4,-999,-999
104067,BAGAZAN,2015,11,30,0.0,-999,-999
104067,BAGAZAN,2015,12,01,-999,-999,-999
104067,BAGAZAN,2016,01,01,0.0,-999,-999
104067,BAGAZAN,2016,01,02,0.0,-999,-999
104067,BAGAZAN,2016,01,03,25.2,-999,-999
104067,BAGAZAN,2016,01,04,25.4,-999,-999
104067,BAGAZAN,2016,01,05,0.0,-999,-999
104067,BAGAZAN,2016,01,06,9.8,-999,-999
104067,BAGAZAN,2016,01,07,0.0,-999,-999
104067,BAGAZAN,2016,01,08,0.0,-999,-999
104067,BAGAZAN,2016,01,09,0.0,-999,-999
104067,BAGAZAN,2016,01,10,0.0,-999,-999
104067,BAGAZAN,2016,01,11,0.0,-999,-999
104067,BAGAZAN,2016,01,12,0.0,-999,-999
104067,BAGAZAN,2016,01,13,0.0,-999,-999
104067,BAGAZAN,2016,01,14,0.0,-999,-999
104067,BAGAZAN,2016,01,15,24.2,-999,-999
104067,BAGAZAN,2016,01,16,0.0,-999,-999
104067,BAGAZAN,2016,01,17,0.0,-999,-999
104067,BAGAZAN,2016,01,18,92.4,-999,-999
104067,BAGAZAN,2016,01,19,3.2,-999,-999
104067,BAGAZAN,2016,01,20,0.0,-999,-999
104067,BAGAZAN,2016,01,21,38.0,-999,-999
104067,BAGAZAN,2016,01,22,3.0,-999,-999
104067,BAGAZAN,2016,01,23,0.0,-999,-999
104067,BAGAZAN,2016,01,24,0.0,-999,-999
104067,BAGAZAN,2016,01,25,0.0,-999,-999
104067,BAGAZAN,2016,01,26,0.0,-999,-999
104067,BAGAZAN,2016,01,27,0.0,-999,-999
104067,BAGAZAN,2016,01,28,27.2,-999,-999
104067,BAGAZAN,2016,01,29,19.2,-999,-999
104067,BAGAZAN,2016,01,30,0.0,-999,-999
104067,BAGAZAN,2016,01,31,18.6,-999,-999
104067,BAGAZAN,2016,02,01,-999,-999,-999
104067,BAGAZAN,2016,02,02,36.5,-999,-999
104067,BAGAZAN,2016,02,03,0.0,-999,-999
104067,BAGAZAN,2016,02,04,42.0,-999,-999
104067,BAGAZAN,2016,02,05,20.0,-999,-999
104067,BAGAZAN,2016,02,06,84.8,-999,-999
104067,BAGAZAN,2016,02,07,3.5,-999,-999
104067,BAGAZAN,2016,02,08,48.0,-999,-999
104067,BAGAZAN,2016,02,09,68.0,-999,-999
104067,BAGAZAN,2016,02,10,34.2,-999,-999
104067,BAGAZAN,2016,02,11,13.2,-999,-999
104067,BAGAZAN,2016,02,12,0.0,-999,-999
104067,BAGAZAN,2016,02,13,7.0,-999,-999
104067,BAGAZAN,2016,02,14,0.0,-999,-999
104067,BAGAZAN,2016,02,15,14.6,-999,-999
104067,BAGAZAN,2016,02,16,5.2,-999,-999
104067,BAGAZAN,2016,02,17,48.3,-999,-999
104067,BAGAZAN,2016,02,18,0.0,-999,-999
104067,BAGAZAN,2016,02,19,0.0,-999,-999
104067,BAGAZAN,2016,02,20,0.0,-999,-999
104067,BAGAZAN,2016,02,21,0.0,-999,-999
104067,BAGAZAN,2016,02,22,10.0,-999,-999
104067,BAGAZAN,2016,02,23,6.5,-999,-999
104067,BAGAZAN,2016,02,24,72.2,-999,-999
104067,BAGAZAN,2016,02,25,13.0,-999,-999
104067,BAGAZAN,2016,02,26,0.0,-999,-999
104067,BAGAZAN,2016,02,27,23.0,-999,-999
104067,BAGAZAN,2016,02,28,3.7,-999,-999
104067,BAGAZAN,2016,02,29,46.0,-999,-999
104067,BAGAZAN,2016,03,01,-999,-999,-999
104067,BAGAZAN,2016,04,01,10.6,-999,-999
104067,BAGAZAN,2016,04,02,0.0,-999,-999
104067,BAGAZAN,2016,04,03,0.0,-999,-999
104067,BAGAZAN,2016,04,04,0.0,-999,-999
104067,BAGAZAN,2016,04,05,19.5,-999,-999
104067,BAGAZAN,2016,04,06,0.0,-999,-999
104067,BAGAZAN,2016,04,07,6.2,-999,-999
104067,BAGAZAN,2016,04,08,2.4,-999,-999
104067,BAGAZAN,2016,04,09,0.0,-999,-999
104067,BAGAZAN,2016,04,10,0.0,-999,-999
104067,BAGAZAN,2016,04,11,0.0,-999,-999
104067,BAGAZAN,2016,04,12,5.6,-999,-999
104067,BAGAZAN,2016,04,13,0.0,-999,-999
104067,BAGAZAN,2016,04,14,7.7,-999,-999
104067,BAGAZAN,2016,04,15,20.6,-999,-999
104067,BAGAZAN,2016,04,16,12.6,-999,-999
104067,BAGAZAN,2016,04,17,52.6,-999,-999
104067,BAGAZAN,2016,04,18,10.2,-999,-999
104067,BAGAZAN,2016,04,19,0.0,-999,-999
104067,BAGAZAN,2016,04,20,0.0,-999,-999
104067,BAGAZAN,2016,04,21,0.0,-999,-999
104067,BAGAZAN,2016,04,22,0.0,-999,-999
104067,BAGAZAN,2016,04,23,0.0,-999,-999
104067,BAGAZAN,2016,04,24,0.0,-999,-999
104067,BAGAZAN,2016,04,25,0.0,-999,-999
104067,BAGAZAN,2016,04,26,0.0,-999,-999
104067,BAGAZAN,2016,04,27,0.0,-999,-999
104067,BAGAZAN,2016,04,28,0.0,-999,-999
104067,BAGAZAN,2016,04,29,0.0,-999,-999
104067,BAGAZAN,2016,04,30,0.0,-999,-999
104067,BAGAZAN,2016,05,01,0.0,-999,-999
104067,BAGAZAN,2016,05,02,0.0,-999,-999
104067,BAGAZAN,2016,05,03,0.0,-999,-999
104067,BAGAZAN,2016,05,04,0.0,-999,-999
104067,BAGAZAN,2016,05,05,0.0,-999,-999
104067,BAGAZAN,2016,05,06,0.0,-999,-999
104067,BAGAZAN,2016,05,07,0.0,-999,-999
104067,BAGAZAN,2016,05,08,0.0,-999,-999
104067,BAGAZAN,2016,05,09,0.0,-999,-999
104067,BAGAZAN,2016,05,10,0.0,-999,-999
104067,BAGAZAN,2016,05,11,0.0,-999,-999
104067,BAGAZAN,2016,05,12,20.4,-999,-999
104067,BAGAZAN,2016,05,13,20.6,-999,-999
104067,BAGAZAN,2016,05,14,34.5,-999,-999
104067,BAGAZAN,2016,05,15,36.4,-999,-999
104067,BAGAZAN,2016,05,16,0.0,-999,-999
104067,BAGAZAN,2016,05,17,0.0,-999,-999
104067,BAGAZAN,2016,05,18,18.4,-999,-999
104067,BAGAZAN,2016,05,19,0.0,-999,-999
104067,BAGAZAN,2016,05,20,15.3,-999,-999
104067,BAGAZAN,2016,05,21,58.0,-999,-999
104067,BAGAZAN,2016,05,22,0.0,-999,-999
104067,BAGAZAN,2016,05,23,18.0,-999,-999
104067,BAGAZAN,2016,05,24,0.0,-999,-999
104067,BAGAZAN,2016,05,25,0.0,-999,-999
104067,BAGAZAN,2016,05,26,0.0,-999,-999
104067,BAGAZAN,2016,05,27,10.4,-999,-999
104067,BAGAZAN,2016,05,28,18.5,-999,-999
104067,BAGAZAN,2016,05,29,0.0,-999,-999
104067,BAGAZAN,2016,05,30,9.0,-999,-999
104067,BAGAZAN,2016,05,31,0.0,-999,-999
104067,BAGAZAN,2016,06,01,10.6,-999,-999
104067,BAGAZAN,2016,06,02,0.0,-999,-999
104067,BAGAZAN,2016,06,03,0.0,-999,-999
104067,BAGAZAN,2016,06,04,0.0,-999,-999
104067,BAGAZAN,2016,06,05,0.0,-999,-999
104067,BAGAZAN,2016,06,06,0.0,-999,-999
104067,BAGAZAN,2016,06,07,0.0,-999,-999
104067,BAGAZAN,2016,06,08,0.0,-999,-999
104067,BAGAZAN,2016,06,09,0.0,-999,-999
104067,BAGAZAN,2016,06,10,0.0,-999,-999
104067,BAGAZAN,2016,06,11,10.2,-999,-999
104067,BAGAZAN,2016,06,12,0.0,-999,-999
104067,BAGAZAN,2016,06,13,0.0,-999,-999
104067,BAGAZAN,2016,06,14,0.0,-999,-999
104067,BAGAZAN,2016,06,15,0.0,-999,-999
104067,BAGAZAN,2016,06,16,0.0,-999,-999
104067,BAGAZAN,2016,06,17,0.0,-999,-999
104067,BAGAZAN,2016,06,18,36.5,-999,-999
104067,BAGAZAN,2016,06,19,0.0,-999,-999
104067,BAGAZAN,2016,06,20,8.2,-999,-999
104067,BAGAZAN,2016,06,21,0.0,-999,-999
104067,BAGAZAN,2016,06,22,0.0,-999,-999
104067,BAGAZAN,2016,06,23,0.0,-999,-999
104067,BAGAZAN,2016,06,24,0.0,-999,-999
104067,BAGAZAN,2016,06,25,30.3,-999,-999
104067,BAGAZAN,2016,06,26,25.5,-999,-999
104067,BAGAZAN,2016,06,27,25.3,-999,-999
104067,BAGAZAN,2016,06,28,10.6,-999,-999
104067,BAGAZAN,2016,06,29,0.0,-999,-999
104067,BAGAZAN,2016,06,30,0.0,-999,-999
104067,BAGAZAN,2016,07,01,0.0,-999,-999
104067,BAGAZAN,2016,07,02,0.0,-999,-999
104067,BAGAZAN,2016,07,03,0.0,-999,-999
104067,BAGAZAN,2016,07,04,0.0,-999,-999
104067,BAGAZAN,2016,07,05,0.0,-999,-999
104067,BAGAZAN,2016,07,06,0.0,-999,-999
104067,BAGAZAN,2016,07,07,0.0,-999,-999
104067,BAGAZAN,2016,07,08,24.3,-999,-999
104067,BAGAZAN,2016,07,09,14.5,-999,-999
104067,BAGAZAN,2016,07,10,0.0,-999,-999
104067,BAGAZAN,2016,07,11,0.0,-999,-999
104067,BAGAZAN,2016,07,12,17.6,-999,-999
104067,BAGAZAN,2016,07,13,0.0,-999,-999
104067,BAGAZAN,2016,07,14,0.0,-999,-999
104067,BAGAZAN,2016,07,15,0.0,-999,-999
104067,BAGAZAN,2016,07,16,13.5,-999,-999
104067,BAGAZAN,2016,07,17,0.0,-999,-999
104067,BAGAZAN,2016,07,18,30.0,-999,-999
104067,BAGAZAN,2016,07,19,0.0,-999,-999
104067,BAGAZAN,2016,07,20,0.0,-999,-999
104067,BAGAZAN,2016,07,21,0.0,-999,-999
104067,BAGAZAN,2016,07,22,37.8,-999,-999
104067,BAGAZAN,2016,07,23,0.0,-999,-999
104067,BAGAZAN,2016,07,24,9.3,-999,-999
104067,BAGAZAN,2016,07,25,0.0,-999,-999
104067,BAGAZAN,2016,07,26,0.0,-999,-999
104067,BAGAZAN,2016,07,27,11.0,-999,-999
104067,BAGAZAN,2016,07,28,0.0,-999,-999
104067,BAGAZAN,2016,07,29,0.0,-999,-999
104067,BAGAZAN,2016,07,30,0.0,-999,-999
104067,BAGAZAN,2016,07,31,-999,-999,-999
104067,BAGAZAN,2016,08,01,0.0,-999,-999
104067,BAGAZAN,2016,08,02,24.3,-999,-999
104067,BAGAZAN,2016,08,03,0.0,-999,-999
104067,BAGAZAN,2016,08,04,0.0,-999,-999
104067,BAGAZAN,2016,08,05,0.0,-999,-999
104067,BAGAZAN,2016,08,06,0.0,-999,-999
104067,BAGAZAN,2016,08,07,27.3,-999,-999
104067,BAGAZAN,2016,08,08,0.0,-999,-999
104067,BAGAZAN,2016,08,09,0.0,-999,-999
104067,BAGAZAN,2016,08,10,21.3,-999,-999
104067,BAGAZAN,2016,08,11,0.0,-999,-999
104067,BAGAZAN,2016,08,12,0.0,-999,-999
104067,BAGAZAN,2016,08,13,0.0,-999,-999
104067,BAGAZAN,2016,08,14,0.0,-999,-999
104067,BAGAZAN,2016,08,15,10.5,-999,-999
104067,BAGAZAN,2016,08,16,0.0,-999,-999
104067,BAGAZAN,2016,08,17,0.0,-999,-999
104067,BAGAZAN,2016,08,18,0.0,-999,-999
104067,BAGAZAN,2016,08,19,0.0,-999,-999
104067,BAGAZAN,2016,08,20,0.0,-999,-999
104067,BAGAZAN,2016,08,21,12.6,-999,-999
104067,BAGAZAN,2016,08,22,11.4,-999,-999
104067,BAGAZAN,2016,08,23,0.0,-999,-999
104067,BAGAZAN,2016,08,24,0.0,-999,-999
104067,BAGAZAN,2016,08,25,0.0,-999,-999
104067,BAGAZAN,2016,08,26,0.0,-999,-999
104067,BAGAZAN,2016,08,27,0.0,-999,-999
104067,BAGAZAN,2016,08,28,0.0,-999,-999
104067,BAGAZAN,2016,08,29,0.0,-999,-999
104067,BAGAZAN,2016,08,30,6.3,-999,-999
104067,BAGAZAN,2016,08,31,37.6,-999,-999
104067,BAGAZAN,2016,09,01,0.0,-999,-999
104067,BAGAZAN,2016,09,02,0.0,-999,-999
104067,BAGAZAN,2016,09,03,0.0,-999,-999
104067,BAGAZAN,2016,09,04,0.0,-999,-999
104067,BAGAZAN,2016,09,05,0.0,-999,-999
104067,BAGAZAN,2016,09,06,0.0,-999,-999
104067,BAGAZAN,2016,09,07,0.0,-999,-999
104067,BAGAZAN,2016,09,08,0.0,-999,-999
104067,BAGAZAN,2016,09,09,25.5,-999,-999
104067,BAGAZAN,2016,09,10,0.0,-999,-999
104067,BAGAZAN,2016,09,11,0.0,-999,-999
104067,BAGAZAN,2016,09,12,24.2,-999,-999
104067,BAGAZAN,2016,09,13,0.0,-999,-999
104067,BAGAZAN,2016,09,14,0.0,-999,-999
104067,BAGAZAN,2016,09,15,0.0,-999,-999
104067,BAGAZAN,2016,09,16,0.0,-999,-999
104067,BAGAZAN,2016,09,17,31.6,-999,-999
104067,BAGAZAN,2016,09,18,0.0,-999,-999
104067,BAGAZAN,2016,09,19,0.0,-999,-999
104067,BAGAZAN,2016,09,20,0.0,-999,-999
104067,BAGAZAN,2016,09,21,0.0,-999,-999
104067,BAGAZAN,2016,09,22,0.0,-999,-999
104067,BAGAZAN,2016,09,23,0.0,-999,-999
104067,BAGAZAN,2016,09,24,0.0,-999,-999
104067,BAGAZAN,2016,09,25,0.0,-999,-999
104067,BAGAZAN,2016,09,26,0.0,-999,-999
104067,BAGAZAN,2016,09,27,0.0,-999,-999
104067,BAGAZAN,2016,09,28,0.0,-999,-999
104067,BAGAZAN,2016,09,29,0.0,-999,-999
104067,BAGAZAN,2016,09,30,0.0,-999,-999
104067,BAGAZAN,2016,10,01,30.7,-999,-999
104067,BAGAZAN,2016,10,02,45.6,-999,-999
104067,BAGAZAN,2016,10,03,0.0,-999,-999
104067,BAGAZAN,2016,10,04,0.0,-999,-999
104067,BAGAZAN,2016,10,05,0.0,-999,-999
104067,BAGAZAN,2016,10,06,0.0,-999,-999
104067,BAGAZAN,2016,10,07,0.0,-999,-999
104067,BAGAZAN,2016,10,08,0.0,-999,-999
104067,BAGAZAN,2016,10,09,0.0,-999,-999
104067,BAGAZAN,2016,10,10,0.0,-999,-999
104067,BAGAZAN,2016,10,11,0.0,-999,-999
104067,BAGAZAN,2016,10,12,0.0,-999,-999
104067,BAGAZAN,2016,10,13,0.0,-999,-999
104067,BAGAZAN,2016,10,14,0.0,-999,-999
104067,BAGAZAN,2016,10,15,0.0,-999,-999
104067,BAGAZAN,2016,10,16,0.0,-999,-999
104067,BAGAZAN,2016,10,17,0.0,-999,-999
104067,BAGAZAN,2016,10,18,0.0,-999,-999
104067,BAGAZAN,2016,10,19,80.3,-999,-999
104067,BAGAZAN,2016,10,20,0.0,-999,-999
104067,BAGAZAN,2016,10,21,0.0,-999,-999
104067,BAGAZAN,2016,10,22,0.0,-999,-999
104067,BAGAZAN,2016,10,23,0.0,-999,-999
104067,BAGAZAN,2016,10,24,0.0,-999,-999
104067,BAGAZAN,2016,10,25,0.0,-999,-999
104067,BAGAZAN,2016,10,26,0.0,-999,-999
104067,BAGAZAN,2016,10,27,52.5,-999,-999
104067,BAGAZAN,2016,10,28,0.0,-999,-999
104067,BAGAZAN,2016,10,29,0.0,-999,-999
104067,BAGAZAN,2016,10,30,0.0,-999,-999
104067,BAGAZAN,2016,10,31,0.0,-999,-999
104067,BAGAZAN,2016,11,01,0.0,-999,-999
104067,BAGAZAN,2016,11,02,0.0,-999,-999
104067,BAGAZAN,2016,11,03,0.0,-999,-999
104067,BAGAZAN,2016,11,04,0.0,-999,-999
104067,BAGAZAN,2016,11,05,0.0,-999,-999
104067,BAGAZAN,2016,11,06,0.0,-999,-999
104067,BAGAZAN,2016,11,07,0.0,-999,-999
104067,BAGAZAN,2016,11,08,0.0,-999,-999
104067,BAGAZAN,2016,11,09,0.0,-999,-999
104067,BAGAZAN,2016,11,10,0.0,-999,-999
104067,BAGAZAN,2016,11,11,0.0,-999,-999
104067,BAGAZAN,2016,11,12,0.0,-999,-999
104067,BAGAZAN,2016,11,13,25.5,-999,-999
104067,BAGAZAN,2016,11,14,0.0,-999,-999
104067,BAGAZAN,2016,11,15,0.0,-999,-999
104067,BAGAZAN,2016,11,16,0.0,-999,-999
104067,BAGAZAN,2016,11,17,0.0,-999,-999
104067,BAGAZAN,2016,11,18,0.0,-999,-999
104067,BAGAZAN,2016,11,19,0.0,-999,-999
104067,BAGAZAN,2016,11,20,0.0,-999,-999
104067,BAGAZAN,2016,11,21,0.0,-999,-999
104067,BAGAZAN,2016,11,22,0.0,-999,-999
104067,BAGAZAN,2016,11,23,22.5,-999,-999
104067,BAGAZAN,2016,11,24,0.0,-999,-999
104067,BAGAZAN,2016,11,25,40.2,-999,-999
104067,BAGAZAN,2016,11,26,0.0,-999,-999
104067,BAGAZAN,2016,11,27,52.2,-999,-999
104067,BAGAZAN,2016,11,28,0.0,-999,-999
104067,BAGAZAN,2016,11,29,0.0,-999,-999
104067,BAGAZAN,2016,11,30,20.3,-999,-999
104067,BAGAZAN,2016,12,01,0.0,-999,-999
104067,BAGAZAN,2016,12,02,0.0,-999,-999
104067,BAGAZAN,2016,12,03,0.0,-999,-999
104067,BAGAZAN,2016,12,04,0.0,-999,-999
104067,BAGAZAN,2016,12,05,0.0,-999,-999
104067,BAGAZAN,2016,12,06,0.0,-999,-999
104067,BAGAZAN,2016,12,07,112.4,-999,-999
104067,BAGAZAN,2016,12,08,11.2,-999,-999
104067,BAGAZAN,2016,12,09,26.2,-999,-999
104067,BAGAZAN,2016,12,10,0.0,-999,-999
104067,BAGAZAN,2016,12,11,8.4,-999,-999
104067,BAGAZAN,2016,12,12,26.7,-999,-999
104067,BAGAZAN,2016,12,13,0.0,-999,-999
104067,BAGAZAN,2016,12,14,0.0,-999,-999
104067,BAGAZAN,2016,12,15,37.4,-999,-999
104067,BAGAZAN,2016,12,16,0.0,-999,-999
104067,BAGAZAN,2016,12,17,12.6,-999,-999
104067,BAGAZAN,2016,12,18,6.2,-999,-999
104067,BAGAZAN,2016,12,19,0.0,-999,-999
104067,BAGAZAN,2016,12,20,27.7,-999,-999
104067,BAGAZAN,2016,12,21,19.6,-999,-999
104067,BAGAZAN,2016,12,22,0.0,-999,-999
104067,BAGAZAN,2016,12,23,0.0,-999,-999
104067,BAGAZAN,2016,12,24,0.0,-999,-999
104067,BAGAZAN,2016,12,25,0.0,-999,-999
104067,BAGAZAN,2016,12,26,0.0,-999,-999
104067,BAGAZAN,2016,12,27,32.6,-999,-999
104067,BAGAZAN,2016,12,28,0.0,-999,-999
104067,BAGAZAN,2016,12,29,0.0,-999,-999
104067,BAGAZAN,2016,12,30,0.0,-999,-999
104067,BAGAZAN,2016,12,31,0.0,-999,-999
104067,BAGAZAN,2017,01,01,40.3,-999,-999
104067,BAGAZAN,2017,01,02,34.4,-999,-999
104067,BAGAZAN,2017,01,03,0.0,-999,-999
104067,BAGAZAN,2017,01,04,55.4,-999,-999
104067,BAGAZAN,2017,01,05,14.5,-999,-999
104067,BAGAZAN,2017,01,06,0.0,-999,-999
104067,BAGAZAN,2017,01,07,0.0,-999,-999
104067,BAGAZAN,2017,01,08,37.6,-999,-999
104067,BAGAZAN,2017,01,09,10.4,-999,-999
104067,BAGAZAN,2017,01,10,20.5,-999,-999
104067,BAGAZAN,2017,01,11,0.0,-999,-999
104067,BAGAZAN,2017,01,12,40.2,-999,-999
104067,BAGAZAN,2017,01,13,0.0,-999,-999
104067,BAGAZAN,2017,01,14,32.4,-999,-999
104067,BAGAZAN,2017,01,15,0.0,-999,-999
104067,BAGAZAN,2017,01,16,0.0,-999,-999
104067,BAGAZAN,2017,01,17,13.6,-999,-999
104067,BAGAZAN,2017,01,18,33.2,-999,-999
104067,BAGAZAN,2017,01,19,33.8,-999,-999
104067,BAGAZAN,2017,01,20,34.0,-999,-999
104067,BAGAZAN,2017,01,21,10.2,-999,-999
104067,BAGAZAN,2017,01,22,15.2,-999,-999
104067,BAGAZAN,2017,01,23,0.0,-999,-999
104067,BAGAZAN,2017,01,24,16.8,-999,-999
104067,BAGAZAN,2017,01,25,19.0,-999,-999
104067,BAGAZAN,2017,01,26,0.0,-999,-999
104067,BAGAZAN,2017,01,27,0.0,-999,-999
104067,BAGAZAN,2017,01,28,0.0,-999,-999
104067,BAGAZAN,2017,01,29,9.0,-999,-999
104067,BAGAZAN,2017,01,30,0.0,-999,-999
104067,BAGAZAN,2017,01,31,6.2,-999,-999
104067,BAGAZAN,2017,02,01,0.0,-999,-999
104067,BAGAZAN,2017,02,02,0.0,-999,-999
104067,BAGAZAN,2017,02,03,0.0,-999,-999
104067,BAGAZAN,2017,02,04,0.0,-999,-999
104067,BAGAZAN,2017,02,05,24.5,-999,-999
104067,BAGAZAN,2017,02,06,58.5,-999,-999
104067,BAGAZAN,2017,02,07,0.0,-999,-999
104067,BAGAZAN,2017,02,08,20.6,-999,-999
104067,BAGAZAN,2017,02,09,0.0,-999,-999
104067,BAGAZAN,2017,02,10,0.0,-999,-999
104067,BAGAZAN,2017,02,11,0.0,-999,-999
104067,BAGAZAN,2017,02,12,0.0,-999,-999
104067,BAGAZAN,2017,02,13,0.0,-999,-999
104067,BAGAZAN,2017,02,14,0.0,-999,-999
104067,BAGAZAN,2017,02,15,0.0,-999,-999
104067,BAGAZAN,2017,02,16,34.5,-999,-999
104067,BAGAZAN,2017,02,17,0.0,-999,-999
104067,BAGAZAN,2017,02,18,0.0,-999,-999
104067,BAGAZAN,2017,02,19,0.0,-999,-999
104067,BAGAZAN,2017,02,20,6.6,-999,-999
104067,BAGAZAN,2017,02,21,7.6,-999,-999
104067,BAGAZAN,2017,02,22,0.0,-999,-999
104067,BAGAZAN,2017,02,23,4.6,-999,-999
104067,BAGAZAN,2017,02,24,0.0,-999,-999
104067,BAGAZAN,2017,02,25,0.0,-999,-999
104067,BAGAZAN,2017,02,26,35.5,-999,-999
104067,BAGAZAN,2017,02,27,0.0,-999,-999
104067,BAGAZAN,2017,02,28,0.0,-999,-999
104067,BAGAZAN,2017,03,01,0.0,-999,-999
104067,BAGAZAN,2017,03,02,77.2,-999,-999
104067,BAGAZAN,2017,03,03,0.0,-999,-999
104067,BAGAZAN,2017,03,04,0.0,-999,-999
104067,BAGAZAN,2017,03,05,0.0,-999,-999
104067,BAGAZAN,2017,03,06,40.0,-999,-999
104067,BAGAZAN,2017,03,07,0.0,-999,-999
104067,BAGAZAN,2017,03,08,0.0,-999,-999
104067,BAGAZAN,2017,03,09,0.0,-999,-999
104067,BAGAZAN,2017,03,10,53.2,-999,-999
104067,BAGAZAN,2017,03,11,20.2,-999,-999
104067,BAGAZAN,2017,03,12,0.0,-999,-999
104067,BAGAZAN,2017,03,13,20.2,-999,-999
104067,BAGAZAN,2017,03,14,0.0,-999,-999
104067,BAGAZAN,2017,03,15,12.6,-999,-999
104067,BAGAZAN,2017,03,16,0.0,-999,-999
104067,BAGAZAN,2017,03,17,10.4,-999,-999
104067,BAGAZAN,2017,03,18,15.3,-999,-999
104067,BAGAZAN,2017,03,19,0.0,-999,-999
104067,BAGAZAN,2017,03,20,0.0,-999,-999
104067,BAGAZAN,2017,03,21,20.6,-999,-999
104067,BAGAZAN,2017,03,22,0.0,-999,-999
104067,BAGAZAN,2017,03,23,0.0,-999,-999
104067,BAGAZAN,2017,03,24,0.0,-999,-999
104067,BAGAZAN,2017,03,25,0.0,-999,-999
104067,BAGAZAN,2017,03,26,0.0,-999,-999
104067,BAGAZAN,2017,03,27,0.0,-999,-999
104067,BAGAZAN,2017,03,28,0.0,-999,-999
104067,BAGAZAN,2017,03,29,85.3,-999,-999
104067,BAGAZAN,2017,03,30,0.0,-999,-999
104067,BAGAZAN,2017,03,31,0.0,-999,-999
104067,BAGAZAN,2017,04,01,0.0,-999,-999
104067,BAGAZAN,2017,04,02,0.0,-999,-999
104067,BAGAZAN,2017,04,03,0.0,-999,-999
104067,BAGAZAN,2017,04,04,0.0,-999,-999
104067,BAGAZAN,2017,04,05,0.0,-999,-999
104067,BAGAZAN,2017,04,06,61.6,-999,-999
104067,BAGAZAN,2017,04,07,0.0,-999,-999
104067,BAGAZAN,2017,04,08,0.0,-999,-999
104067,BAGAZAN,2017,04,09,0.0,-999,-999
104067,BAGAZAN,2017,04,10,0.0,-999,-999
104067,BAGAZAN,2017,04,11,15.4,-999,-999
104067,BAGAZAN,2017,04,12,35.8,-999,-999
104067,BAGAZAN,2017,04,13,22.6,-999,-999
104067,BAGAZAN,2017,04,14,20.4,-999,-999
104067,BAGAZAN,2017,04,15,20.6,-999,-999
104067,BAGAZAN,2017,04,16,0.0,-999,-999
104067,BAGAZAN,2017,04,17,16.4,-999,-999
104067,BAGAZAN,2017,04,18,27.4,-999,-999
104067,BAGAZAN,2017,04,19,0.0,-999,-999
104067,BAGAZAN,2017,04,20,0.0,-999,-999
104067,BAGAZAN,2017,04,21,0.0,-999,-999
104067,BAGAZAN,2017,04,22,20.6,-999,-999
104067,BAGAZAN,2017,04,23,0.0,-999,-999
104067,BAGAZAN,2017,04,24,0.0,-999,-999
104067,BAGAZAN,2017,04,25,16.6,-999,-999
104067,BAGAZAN,2017,04,26,12.2,-999,-999
104067,BAGAZAN,2017,04,27,0.0,-999,-999
104067,BAGAZAN,2017,04,28,32.2,-999,-999
104067,BAGAZAN,2017,04,29,0.0,-999,-999
104067,BAGAZAN,2017,04,30,0.0,-999,-999
104067,BAGAZAN,2017,05,01,42.8,-999,-999
104067,BAGAZAN,2017,05,02,20.6,-999,-999
104067,BAGAZAN,2017,05,03,45.7,-999,-999
104067,BAGAZAN,2017,05,04,16.2,-999,-999
104067,BAGAZAN,2017,05,05,0.0,-999,-999
104067,BAGAZAN,2017,05,06,17.6,-999,-999
104067,BAGAZAN,2017,05,07,0.0,-999,-999
104067,BAGAZAN,2017,05,08,0.0,-999,-999
104067,BAGAZAN,2017,05,09,0.0,-999,-999
104067,BAGAZAN,2017,05,10,23.6,-999,-999
104067,BAGAZAN,2017,05,11,0.0,-999,-999
104067,BAGAZAN,2017,05,12,0.0,-999,-999
104067,BAGAZAN,2017,05,13,0.0,-999,-999
104067,BAGAZAN,2017,05,14,0.0,-999,-999
104067,BAGAZAN,2017,05,15,0.0,-999,-999
104067,BAGAZAN,2017,05,16,0.0,-999,-999
104067,BAGAZAN,2017,05,17,0.0,-999,-999
104067,BAGAZAN,2017,05,18,0.0,-999,-999
104067,BAGAZAN,2017,05,19,9.6,-999,-999
104067,BAGAZAN,2017,05,20,9.6,-999,-999
104067,BAGAZAN,2017,05,21,0.0,-999,-999
104067,BAGAZAN,2017,05,22,0.0,-999,-999
104067,BAGAZAN,2017,05,23,34.2,-999,-999
104067,BAGAZAN,2017,05,24,14.4,-999,-999
104067,BAGAZAN,2017,05,25,15.6,-999,-999
104067,BAGAZAN,2017,05,26,0.0,-999,-999
104067,BAGAZAN,2017,05,27,0.0,-999,-999
104067,BAGAZAN,2017,05,28,4.2,-999,-999
104067,BAGAZAN,2017,05,29,5.5,-999,-999
104067,BAGAZAN,2017,05,30,0.0,-999,-999
104067,BAGAZAN,2017,05,31,10.3,-999,-999
104067,BAGAZAN,2017,06,01,17.1,-999,-999
104067,BAGAZAN,2017,06,02,4.5,-999,-999
104067,BAGAZAN,2017,06,03,0.0,-999,-999
104067,BAGAZAN,2017,06,04,0.0,-999,-999
104067,BAGAZAN,2017,06,05,21.1,-999,-999
104067,BAGAZAN,2017,06,06,14.5,-999,-999
104067,BAGAZAN,2017,06,07,0.0,-999,-999
104067,BAGAZAN,2017,06,08,0.0,-999,-999
104067,BAGAZAN,2017,06,09,0.0,-999,-999
104067,BAGAZAN,2017,06,10,0.0,-999,-999
104067,BAGAZAN,2017,06,11,0.0,-999,-999
104067,BAGAZAN,2017,06,12,0.0,-999,-999
104067,BAGAZAN,2017,06,13,6.8,-999,-999
104067,BAGAZAN,2017,06,14,18.6,-999,-999
104067,BAGAZAN,2017,06,15,50.2,-999,-999
104067,BAGAZAN,2017,06,16,10.2,-999,-999
104067,BAGAZAN,2017,06,17,0.0,-999,-999
104067,BAGAZAN,2017,06,18,10.2,-999,-999
104067,BAGAZAN,2017,06,19,5.2,-999,-999
104067,BAGAZAN,2017,06,20,64.2,-999,-999
104067,BAGAZAN,2017,06,21,0.0,-999,-999
104067,BAGAZAN,2017,06,22,0.0,-999,-999
104067,BAGAZAN,2017,06,23,0.0,-999,-999
104067,BAGAZAN,2017,06,24,2.4,-999,-999
104067,BAGAZAN,2017,06,25,3.8,-999,-999
104067,BAGAZAN,2017,06,26,0.0,-999,-999
104067,BAGAZAN,2017,06,27,0.0,-999,-999
104067,BAGAZAN,2017,06,28,5.5,-999,-999
104067,BAGAZAN,2017,06,29,10.6,-999,-999
104067,BAGAZAN,2017,06,30,-999,-999,-999
104067,BAGAZAN,2017,07,01,0.0,34.2,22.0
104067,BAGAZAN,2017,07,02,10.4,32.6,22.4
104067,BAGAZAN,2017,07,03,0.0,34.2,22.2
104067,BAGAZAN,2017,07,04,0.0,32.4,21.0
104067,BAGAZAN,2017,07,05,10.4,30.3,21.3
104067,BAGAZAN,2017,07,06,0.0,30.4,20.0
104067,BAGAZAN,2017,07,07,0.0,32.3,21.6
104067,BAGAZAN,2017,07,08,0.0,30.6,20.4
104067,BAGAZAN,2017,07,09,0.0,34.3,22.8
104067,BAGAZAN,2017,07,10,0.0,35.4,23.6
104067,BAGAZAN,2017,07,11,0.0,35.2,22.6
104067,BAGAZAN,2017,07,12,0.0,36.0,23.4
104067,BAGAZAN,2017,07,13,0.0,36.4,24.6
104067,BAGAZAN,2017,07,14,0.0,36.0,22.2
104067,BAGAZAN,2017,07,15,0.0,36.7,23.2
104067,BAGAZAN,2017,07,16,0.0,36.4,22.2
104067,BAGAZAN,2017,07,17,0.0,30.0,23.6
104067,BAGAZAN,2017,07,18,0.0,29.3,22.4
104067,BAGAZAN,2017,07,19,0.0,30.2,18.7
104067,BAGAZAN,2017,07,20,0.0,30.2,18.4
104067,BAGAZAN,2017,07,21,0.0,30.0,20.0
104067,BAGAZAN,2017,07,22,0.0,-999,20.0
104067,BAGAZAN,2017,07,23,0.0,35.3,23.2
104067,BAGAZAN,2017,07,24,20.6,34.3,24.4
104067,BAGAZAN,2017,07,25,16.4,33.2,23.6
104067,BAGAZAN,2017,07,26,0.0,35.0,24.0
104067,BAGAZAN,2017,07,27,0.0,36.0,24.6
104067,BAGAZAN,2017,07,28,0.0,35.5,23.8
104067,BAGAZAN,2017,07,29,0.0,36.4,24.3
104067,BAGAZAN,2017,07,30,11.3,35.4,22.0
104067,BAGAZAN,2017,07,31,0.0,35.2,23.0
104067,BAGAZAN,2017,08,01,0.0,36.1,22.2
104067,BAGAZAN,2017,08,02,0.0,36.4,22.3
104067,BAGAZAN,2017,08,03,9.6,34.2,23.2
104067,BAGAZAN,2017,08,04,10.4,32.1,22.4
104067,BAGAZAN,2017,08,05,0.0,32.4,21.2
104067,BAGAZAN,2017,08,06,0.0,-999,21.2
104067,BAGAZAN,2017,08,07,0.0,34.2,22.4
104067,BAGAZAN,2017,08,08,4.3,33.4,21.4
104067,BAGAZAN,2017,08,09,0.0,32.6,22.6
104067,BAGAZAN,2017,08,10,60.5,32.4,22.3
104067,BAGAZAN,2017,08,11,0.0,34.0,21.3
104067,BAGAZAN,2017,08,12,0.0,35.3,22.4
104067,BAGAZAN,2017,08,13,0.0,35.6,22.0
104067,BAGAZAN,2017,08,14,0.0,34.0,23.4
104067,BAGAZAN,2017,08,15,0.0,33.6,22.3
104067,BAGAZAN,2017,08,16,0.0,34.3,23.6
104067,BAGAZAN,2017,08,17,0.0,35.2,23.6
104067,BAGAZAN,2017,08,18,0.0,34.2,22.4
104067,BAGAZAN,2017,08,19,13.2,35.4,22.6
104067,BAGAZAN,2017,08,20,52.0,36.4,22.1
104067,BAGAZAN,2017,08,21,30.8,30.2,20.4
104067,BAGAZAN,2017,08,22,6.4,31.4,20.4
104067,BAGAZAN,2017,08,23,0.0,34.7,20.3
104067,BAGAZAN,2017,08,24,0.0,34.3,22.5
104067,BAGAZAN,2017,08,25,6.4,34.6,22.0
104067,BAGAZAN,2017,08,26,37.8,32.2,21.3
104067,BAGAZAN,2017,08,27,12.4,33.6,22.1
104067,BAGAZAN,2017,08,28,8.4,33.2,22.4
104067,BAGAZAN,2017,08,29,25.5,30.4,19.6
104067,BAGAZAN,2017,08,30,0.0,33.4,19.8
104067,BAGAZAN,2017,08,31,0.0,34.7,22.6
104067,BAGAZAN,2017,09,01,0.0,32.6,22.2
104067,BAGAZAN,2017,09,02,0.0,32.6,21.3
104067,BAGAZAN,2017,09,03,0.0,35.6,22.0
104067,BAGAZAN,2017,09,04,8.5,35.2,23.0
104067,BAGAZAN,2017,09,05,0.0,32.4,23.6
104067,BAGAZAN,2017,09,06,20.6,32.6,21.6
104067,BAGAZAN,2017,09,07,0.0,33.4,22.0
104067,BAGAZAN,2017,09,08,0.0,32.6,20.4
104067,BAGAZAN,2017,09,09,0.0,33.4,22.4
104067,BAGAZAN,2017,09,10,0.0,34.3,22.6
104067,BAGAZAN,2017,09,11,30.2,34.2,21.4
104067,BAGAZAN,2017,09,12,0.0,34.2,22.4
104067,BAGAZAN,2017,09,13,13.3,32.6,21.4
104067,BAGAZAN,2017,09,14,0.0,32.0,20.6
104067,BAGAZAN,2017,09,15,0.0,34.3,22.6
104067,BAGAZAN,2017,09,16,43.4,30.2,20.4
104067,BAGAZAN,2017,09,17,20.4,29.6,19.2
104067,BAGAZAN,2017,09,18,0.0,34.6,22.3
104067,BAGAZAN,2017,09,19,0.0,34.2,23.4
104067,BAGAZAN,2017,09,20,0.0,34.8,22.4
104067,BAGAZAN,2017,09,21,0.0,35.2,23.0
104067,BAGAZAN,2017,09,22,10.5,34.2,22.6
104067,BAGAZAN,2017,09,23,0.0,32.7,20.3
104067,BAGAZAN,2017,09,24,17.6,31.6,22.0
104067,BAGAZAN,2017,09,25,20.4,32.7,22.0
104067,BAGAZAN,2017,09,26,0.0,34.6,21.3
104067,BAGAZAN,2017,09,27,0.0,36.6,22.4
104067,BAGAZAN,2017,09,28,0.0,32.3,23.4
104067,BAGAZAN,2017,09,29,22.6,34.2,20.6
104067,BAGAZAN,2017,09,30,0.0,33.6,21.4
104067,BAGAZAN,2017,10,01,0.0,35.6,22.6
104067,BAGAZAN,2017,10,02,0.0,36.2,24.2
104067,BAGAZAN,2017,10,03,0.0,35.0,23.4
104067,BAGAZAN,2017,10,04,0.0,30.6,21.4
104067,BAGAZAN,2017,10,05,0.0,35.4,23.7
104067,BAGAZAN,2017,10,06,0.0,32.6,21.3
104067,BAGAZAN,2017,10,07,0.0,32.4,22.4
104067,BAGAZAN,2017,10,08,0.0,36.2,23.6
104067,BAGAZAN,2017,10,09,0.0,36.3,23.6
104067,BAGAZAN,2017,10,10,0.0,35.6,23.4
104067,BAGAZAN,2017,10,11,0.0,35.2,22.2
104067,BAGAZAN,2017,10,12,0.0,35.6,24.6
104067,BAGAZAN,2017,10,13,0.0,35.6,24.8
104067,BAGAZAN,2017,10,14,14.5,34.3,23.6
104067,BAGAZAN,2017,10,15,12.4,34.6,22.3
104067,BAGAZAN,2017,10,16,0.0,34.6,22.0
104067,BAGAZAN,2017,10,17,24.6,36.4,-999
104067,BAGAZAN,2017,10,18,8.7,35.2,-999
104067,BAGAZAN,2017,10,19,8.0,34.6,-999
104067,BAGAZAN,2017,10,20,28.4,34.6,24.3
104067,BAGAZAN,2017,10,21,82.0,33.6,23.2
104067,BAGAZAN,2017,10,22,0.0,32.2,22.0
104067,BAGAZAN,2017,10,23,11.2,32.6,21.3
104067,BAGAZAN,2017,10,24,0.0,34.2,22.6
104067,BAGAZAN,2017,10,25,0.0,35.6,23.6
104067,BAGAZAN,2017,10,26,0.0,35.5,23.8
104067,BAGAZAN,2017,10,27,0.0,33.6,23.8
104067,BAGAZAN,2017,10,28,0.0,35.2,22.0
104067,BAGAZAN,2017,10,29,0.0,34.8,22.7
104067,BAGAZAN,2017,10,30,0.0,35.6,23.6
104067,BAGAZAN,2017,10,31,-999,35.5,23.6
104067,BAGAZAN,2017,11,01,0.0,35.6,22.8
104067,BAGAZAN,2017,11,02,0.0,34.6,22.6
104067,BAGAZAN,2017,11,03,0.0,34.4,23.6
104067,BAGAZAN,2017,11,04,45.8,34.8,22.6
104067,BAGAZAN,2017,11,05,5.2,35.6,23.4
104067,BAGAZAN,2017,11,06,0.0,32.4,22.3
104067,BAGAZAN,2017,11,07,0.0,32.4,23.6
104067,BAGAZAN,2017,11,08,16.4,34.0,22.6
104067,BAGAZAN,2017,11,09,10.2,33.7,22.4
104067,BAGAZAN,2017,11,10,16.2,32.3,22.0
104067,BAGAZAN,2017,11,11,0.0,32.6,22.2
104067,BAGAZAN,2017,11,12,0.0,34.2,22.3
104067,BAGAZAN,2017,11,13,6.8,34.6,23.0
104067,BAGAZAN,2017,11,14,0.0,32.0,22.6
104067,BAGAZAN,2017,11,15,0.0,34.2,22.0
104067,BAGAZAN,2017,11,16,15.6,34.3,23.6
104067,BAGAZAN,2017,11,17,26.6,34.4,23.0
104067,BAGAZAN,2017,11,18,0.0,33.4,23.6
104067,BAGAZAN,2017,11,19,0.0,32.6,22.6
104067,BAGAZAN,2017,11,20,0.0,34.6,23.2
104067,BAGAZAN,2017,11,21,35.6,35.2,23.6
104067,BAGAZAN,2017,11,22,0.0,34.0,23.8
104067,BAGAZAN,2017,11,23,0.0,33.5,22.6
104067,BAGAZAN,2017,11,24,6.5,34.4,24.6
104067,BAGAZAN,2017,11,25,45.0,33.6,23.6
104067,BAGAZAN,2017,11,26,0.0,32.4,22.4
104067,BAGAZAN,2017,11,27,0.0,33.4,22.4
104067,BAGAZAN,2017,11,28,0.0,32.6,22.0
104067,BAGAZAN,2017,11,29,0.0,34.8,22.6
104067,BAGAZAN,2017,11,30,0.0,34.8,24.6
104067,BAGAZAN,2017,12,01,0.0,36.4,-999
104067,BAGAZAN,2017,12,02,14.2,32.4,22.6
104067,BAGAZAN,2017,12,03,0.0,34.3,22.6
104067,BAGAZAN,2017,12,04,0.0,33.0,-999
104067,BAGAZAN,2017,12,05,16.4,34.3,-999
104067,BAGAZAN,2017,12,06,0.0,34.3,23.7
104067,BAGAZAN,2017,12,07,0.0,35.6,24.5
104067,BAGAZAN,2017,12,08,0.0,35.7,25.4
104067,BAGAZAN,2017,12,09,0.0,36.4,-999
104067,BAGAZAN,2017,12,10,0.0,35.2,24.2
104067,BAGAZAN,2017,12,11,25.6,35.3,24.4
104067,BAGAZAN,2017,12,12,0.0,32.5,22.4
104067,BAGAZAN,2017,12,13,0.0,35.3,23.6
104067,BAGAZAN,2017,12,14,0.0,35.7,24.3
104067,BAGAZAN,2017,12,15,6.4,35.6,24.7
104067,BAGAZAN,2017,12,16,0.0,32.3,22.4
104067,BAGAZAN,2017,12,17,0.0,35.8,24.6
104067,BAGAZAN,2017,12,18,0.0,33.1,24.8
104067,BAGAZAN,2017,12,19,7.0,32.0,24.2
104067,BAGAZAN,2017,12,20,0.0,32.0,22.5
104067,BAGAZAN,2017,12,21,0.0,32.2,22.0
104067,BAGAZAN,2017,12,22,26.5,34.5,23.6
104067,BAGAZAN,2017,12,23,0.0,34.4,23.6
104067,BAGAZAN,2017,12,24,0.0,34.4,22.6
104067,BAGAZAN,2017,12,25,0.0,33.4,22.3
104067,BAGAZAN,2017,12,26,0.0,34.7,23.6
104067,BAGAZAN,2017,12,27,0.0,34.2,22.0
104067,BAGAZAN,2017,12,28,0.0,-999,23.6
104067,BAGAZAN,2017,12,29,0.0,-999,23.4
104067,BAGAZAN,2017,12,30,0.0,-999,24.4
104067,BAGAZAN,2017,12,31,0.0,-999,23.6
104067,BAGAZAN,2018,01,01,0.0,34.4,23.6
104067,BAGAZAN,2018,01,02,23.5,34.4,22.4
104067,BAGAZAN,2018,01,03,0.0,34.7,23.6
104067,BAGAZAN,2018,01,04,0.0,35.6,24.3
104067,BAGAZAN,2018,01,05,0.0,34.2,23.7
104067,BAGAZAN,2018,01,06,0.0,33.4,22.4
104067,BAGAZAN,2018,01,07,0.0,32.2,21.6
104067,BAGAZAN,2018,01,08,23.5,32.4,22.0
104067,BAGAZAN,2018,01,09,0.0,33.3,20.6
104067,BAGAZAN,2018,01,10,23.1,33.6,22.2
104067,BAGAZAN,2018,01,11,0.0,34.0,22.0
104067,BAGAZAN,2018,01,12,14.6,34.2,23.4
104067,BAGAZAN,2018,01,13,0.0,35.2,23.4
104067,BAGAZAN,2018,01,14,93.6,34.8,23.6
104067,BAGAZAN,2018,01,15,0.0,32.3,21.4
104067,BAGAZAN,2018,01,16,6.3,32.2,21.0
104067,BAGAZAN,2018,01,17,0.0,34.5,22.6
104067,BAGAZAN,2018,01,18,24.5,34.2,22.4
104067,BAGAZAN,2018,01,19,0.0,33.1,22.0
104067,BAGAZAN,2018,01,20,0.0,32.3,21.2
104067,BAGAZAN,2018,01,21,26.5,33.4,22.2
104067,BAGAZAN,2018,01,22,0.0,34.2,22.3
104067,BAGAZAN,2018,01,23,40.6,34.3,23.2
104067,BAGAZAN,2018,01,24,8.3,33.7,22.6
104067,BAGAZAN,2018,01,25,6.6,33.6,22.6
104067,BAGAZAN,2018,01,26,32.6,32.4,22.7
104067,BAGAZAN,2018,01,27,0.0,34.6,23.6
104067,BAGAZAN,2018,01,28,0.0,36.2,24.8
104067,BAGAZAN,2018,01,29,0.0,35.8,24.3
104067,BAGAZAN,2018,01,30,0.0,35.0,23.3
104067,BAGAZAN,2018,01,31,-999,34.6,23.6
104067,BAGAZAN,2018,04,01,0.0,35.4,24.2
104067,BAGAZAN,2018,04,02,62.0,34.6,23.4
104067,BAGAZAN,2018,04,03,5.2,33.2,22.4
104067,BAGAZAN,2018,04,04,0.0,34.1,22.6
104067,BAGAZAN,2018,04,05,0.0,35.4,24.2
104067,BAGAZAN,2018,04,06,7.8,34.4,23.2
104067,BAGAZAN,2018,04,07,0.0,35.2,24.2
104067,BAGAZAN,2018,04,08,6.8,33.2,22.3
104067,BAGAZAN,2018,04,09,0.0,33.5,22.0
104067,BAGAZAN,2018,04,10,0.0,34.4,21.5
104067,BAGAZAN,2018,04,11,0.0,34.4,23.5
104067,BAGAZAN,2018,04,12,6.3,36.3,24.2
104067,BAGAZAN,2018,04,13,46.6,34.2,22.2
104067,BAGAZAN,2018,04,14,0.0,33.2,22.4
104067,BAGAZAN,2018,04,15,30.6,34.2,23.4
104067,BAGAZAN,2018,04,16,29.3,33.2,22.3
104067,BAGAZAN,2018,04,17,0.0,34.3,22.6
104067,BAGAZAN,2018,04,18,0.0,34.1,23.0
104067,BAGAZAN,2018,04,19,0.0,34.2,22.6
104067,BAGAZAN,2018,04,20,18.3,34.4,22.4
104067,BAGAZAN,2018,04,21,0.0,33.2,20.0
104067,BAGAZAN,2018,04,22,0.0,34.1,22.4
104067,BAGAZAN,2018,04,23,0.0,34.6,23.2
104067,BAGAZAN,2018,04,24,10.4,34.3,23.2
104067,BAGAZAN,2018,04,25,12.6,33.1,22.0
104067,BAGAZAN,2018,04,26,0.0,-999,23.4
104067,BAGAZAN,2018,04,27,12.2,-999,23.6
104067,BAGAZAN,2018,04,28,5.4,-999,22.6
104067,BAGAZAN,2018,04,29,10.4,34.0,22.3
104067,BAGAZAN,2018,04,30,12.3,34.2,22.1
104067,BAGAZAN,2018,05,01,30.6,34.7,22.6
104067,BAGAZAN,2018,05,02,18.6,34.6,23.3
104067,BAGAZAN,2018,05,03,0.0,34.2,23.6
104067,BAGAZAN,2018,05,04,0.0,35.3,24.2
104067,BAGAZAN,2018,05,05,80.2,32.4,21.2
104067,BAGAZAN,2018,05,06,18.6,34.6,23.6
104067,BAGAZAN,2018,05,07,37.2,33.0,21.4
104067,BAGAZAN,2018,05,08,0.0,34.1,23.4
104067,BAGAZAN,2018,05,09,0.0,34.5,22.4
104067,BAGAZAN,2018,05,10,0.0,34.7,23.3
104067,BAGAZAN,2018,05,11,0.0,35.2,23.8
104067,BAGAZAN,2018,05,12,12.3,35.2,24.2
104067,BAGAZAN,2018,05,13,13.6,34.0,22.4
104067,BAGAZAN,2018,05,14,0.0,35.1,23.6
104067,BAGAZAN,2018,05,15,120.2,36.3,24.2
104067,BAGAZAN,2018,05,16,19.2,34.2,22.3
104067,BAGAZAN,2018,05,17,0.0,34.6,23.3
104067,BAGAZAN,2018,05,18,4.2,34.2,23.2
104067,BAGAZAN,2018,05,19,0.0,33.0,23.4
104067,BAGAZAN,2018,05,20,55.8,32.2,21.6
104067,BAGAZAN,2018,05,21,0.0,30.2,20.5
104067,BAGAZAN,2018,05,22,9.6,33.1,23.2
104067,BAGAZAN,2018,05,23,0.0,33.2,23.0
104067,BAGAZAN,2018,05,24,5.0,32.4,22.0
104067,BAGAZAN,2018,05,25,0.0,33.2,22.1
104067,BAGAZAN,2018,05,26,5.3,33.2,22.6
104067,BAGAZAN,2018,05,27,18.5,34.2,23.2
104067,BAGAZAN,2018,05,28,6.3,33.2,23.5
104067,BAGAZAN,2018,05,29,3.2,33.6,22.0
104067,BAGAZAN,2018,05,30,30.8,34.0,23.2
104067,BAGAZAN,2018,05,31,-999,34.2,23.6
104067,BAGAZAN,2018,07,01,0.0,34.6,23.3
104067,BAGAZAN,2018,07,02,0.0,32.4,23.6
104067,BAGAZAN,2018,07,03,0.0,33.6,23.0
104067,BAGAZAN,2018,07,04,0.0,32.4,21.0
104067,BAGAZAN,2018,07,05,0.0,33.0,22.2
104067,BAGAZAN,2018,07,06,0.0,32.8,21.6
104067,BAGAZAN,2018,07,07,0.0,33.2,23.2
104067,BAGAZAN,2018,07,08,0.0,32.8,22.6
104067,BAGAZAN,2018,07,09,36.2,32.8,23.3
104067,BAGAZAN,2018,07,10,0.0,30.0,22.2
104067,BAGAZAN,2018,07,11,0.0,30.2,20.0
104067,BAGAZAN,2018,07,12,0.0,29.2,18.2
104067,BAGAZAN,2018,07,13,0.0,30.4,22.6
104067,BAGAZAN,2018,07,14,0.0,32.3,22.3
104067,BAGAZAN,2018,07,15,0.0,32.4,22.6
104067,BAGAZAN,2018,07,16,2.3,30.4,21.6
104067,BAGAZAN,2018,07,17,12.4,32.6,23.0
104067,BAGAZAN,2018,07,18,20.4,31.6,22.2
104067,BAGAZAN,2018,07,19,0.0,32.3,22.0
104067,BAGAZAN,2018,07,20,10.6,32.6,23.2
104067,BAGAZAN,2018,07,21,25.6,31.4,22.3
104067,BAGAZAN,2018,07,22,0.0,29.9,20.6
104067,BAGAZAN,2018,07,23,0.0,31.4,20.5
104067,BAGAZAN,2018,07,24,0.0,32.2,22.0
104067,BAGAZAN,2018,07,25,0.0,32.8,22.2
104067,BAGAZAN,2018,07,26,0.0,32.2,22.4
104067,BAGAZAN,2018,07,27,0.0,31.4,21.4
104067,BAGAZAN,2018,07,28,0.0,32.0,21.4
104067,BAGAZAN,2018,07,29,0.0,32.2,22.4
104067,BAGAZAN,2018,07,30,0.0,32.4,22.0
104067,BAGAZAN,2018,07,31,42.8,32.8,23.0
104067,BAGAZAN,2018,09,01,15.2,32.0,22.6
104067,BAGAZAN,2018,09,02,4.4,33.2,22.2
104067,BAGAZAN,2018,09,03,70.4,31.6,23.2
104067,BAGAZAN,2018,09,04,0.0,31.6,21.4
104067,BAGAZAN,2018,09,05,0.0,30.6,22.0
104067,BAGAZAN,2018,09,06,0.0,30.2,21.0
104067,BAGAZAN,2018,09,07,0.0,31.6,19.4
104067,BAGAZAN,2018,09,08,22.6,32.2,21.6
104067,BAGAZAN,2018,09,09,0.0,32.0,22.4
104067,BAGAZAN,2018,09,10,26.4,32.6,22.2
104067,BAGAZAN,2018,09,11,0.0,32.2,22.4
104067,BAGAZAN,2018,09,12,0.0,32.6,21.2
104067,BAGAZAN,2018,09,13,0.0,33.6,23.2
104067,BAGAZAN,2018,09,14,73.0,33.8,23.6
104067,BAGAZAN,2018,09,15,0.0,32.4,22.0
104067,BAGAZAN,2018,09,16,0.0,33.6,23.4
104067,BAGAZAN,2018,09,17,0.0,33.8,23.4
104067,BAGAZAN,2018,09,18,0.0,33.4,24.6
104067,BAGAZAN,2018,09,19,0.0,34.2,24.2
104067,BAGAZAN,2018,09,20,0.0,34.0,24.4
104067,BAGAZAN,2018,09,21,8.8,33.4,23.2
104067,BAGAZAN,2018,09,22,0.0,33.6,23.2
104067,BAGAZAN,2018,09,23,0.0,34.2,24.2
104067,BAGAZAN,2018,09,24,0.0,34.6,24.4
104067,BAGAZAN,2018,09,25,0.0,32.2,23.6
104067,BAGAZAN,2018,09,26,0.0,34.0,24.4
104067,BAGAZAN,2018,09,27,0.0,32.6,23.6
104067,BAGAZAN,2018,09,28,4.2,33.4,23.6
104067,BAGAZAN,2018,09,29,30.8,30.4,21.4
104067,BAGAZAN,2018,09,30,0.0,31.0,20.6
104067,BAGAZAN,2018,10,01,0.0,32.6,21.4
104067,BAGAZAN,2018,10,02,0.0,33.2,23.0
104067,BAGAZAN,2018,10,03,6.4,32.4,23.8
104067,BAGAZAN,2018,10,04,22.4,33.6,22.4
104067,BAGAZAN,2018,10,05,0.0,32.8,23.2
104067,BAGAZAN,2018,10,06,0.0,33.6,22.2
104067,BAGAZAN,2018,10,07,0.0,33.4,23.6
104067,BAGAZAN,2018,10,08,34.6,33.4,23.4
104067,BAGAZAN,2018,10,09,0.0,34.2,24.6
104067,BAGAZAN,2018,10,10,0.0,33.2,23.0
104067,BAGAZAN,2018,10,11,16.4,32.2,22.2
104067,BAGAZAN,2018,10,12,0.0,30.2,22.4
104067,BAGAZAN,2018,10,13,0.0,32.4,23.2
104067,BAGAZAN,2018,10,14,0.0,30.0,21.6
104067,BAGAZAN,2018,10,15,0.0,33.6,23.2
104067,BAGAZAN,2018,10,16,0.0,34.4,24.6
104067,BAGAZAN,2018,10,17,0.0,34.6,24.4
104067,BAGAZAN,2018,10,18,0.0,34.4,24.8
104067,BAGAZAN,2018,10,19,0.0,33.0,24.0
104067,BAGAZAN,2018,10,20,0.0,32.4,22.6
104067,BAGAZAN,2018,10,21,0.0,32.6,22.4
104067,BAGAZAN,2018,10,22,0.0,33.2,23.2
104067,BAGAZAN,2018,10,23,12.0,32.4,23.0
104067,BAGAZAN,2018,10,24,0.0,32.6,22.4
104067,BAGAZAN,2018,10,25,40.6,32.4,22.6
104067,BAGAZAN,2018,10,26,0.0,31.4,22.0
104067,BAGAZAN,2018,10,27,0.0,32.2,22.2
104067,BAGAZAN,2018,10,28,0.0,35.2,24.2
104067,BAGAZAN,2018,10,29,8.6,35.6,24.6
104067,BAGAZAN,2018,10,30,60.6,33.4,23.0
104067,BAGAZAN,2018,10,31,40.2,32.2,23.2
104067,BAGAZAN,2018,11,01,0.0,32.0,22.2
104067,BAGAZAN,2018,11,02,0.0,33.2,23.0
104067,BAGAZAN,2018,11,03,0.0,32.2,22.6
104067,BAGAZAN,2018,11,04,0.0,31.6,22.0
104067,BAGAZAN,2018,11,05,0.0,32.5,22.6
104067,BAGAZAN,2018,11,06,0.0,31.2,21.4
104067,BAGAZAN,2018,11,07,0.0,33.4,23.0
104067,BAGAZAN,2018,11,08,5.4,32.2,23.4
104067,BAGAZAN,2018,11,09,0.0,32.6,24.0
104067,BAGAZAN,2018,11,10,0.0,32.8,24.4
104067,BAGAZAN,2018,11,11,0.0,32.4,23.2
104067,BAGAZAN,2018,11,12,0.0,33.6,24.2
104067,BAGAZAN,2018,11,13,0.0,33.4,24.6
104067,BAGAZAN,2018,11,14,9.6,33.0,23.0
104067,BAGAZAN,2018,11,15,16.6,33.2,23.6
104067,BAGAZAN,2018,11,16,0.0,33.4,23.4
104067,BAGAZAN,2018,11,17,0.0,32.6,22.4
104067,BAGAZAN,2018,11,18,6.2,33.4,24.6
104067,BAGAZAN,2018,11,19,44.4,33.6,23.4
104067,BAGAZAN,2018,11,20,0.0,32.6,23.2
104067,BAGAZAN,2018,11,21,0.0,34.0,24.4
104067,BAGAZAN,2018,11,22,0.0,33.6,23.6
104067,BAGAZAN,2018,11,23,0.0,34.4,24.6
104067,BAGAZAN,2018,11,24,0.0,32.0,22.2
104067,BAGAZAN,2018,11,25,96.4,34.0,23.2
104067,BAGAZAN,2018,11,26,14.6,30.4,21.6
104067,BAGAZAN,2018,11,27,14.2,32.6,22.0
104067,BAGAZAN,2018,11,28,0.0,33.6,23.8
104067,BAGAZAN,2018,11,29,13.6,33.4,24.2
104067,BAGAZAN,2018,11,30,0.0,33.2,23.2
104067,BAGAZAN,2018,12,01,0.0,33.4,24.2
104067,BAGAZAN,2018,12,02,0.0,34.4,24.6
104067,BAGAZAN,2018,12,03,20.6,33.2,24.8
104067,BAGAZAN,2018,12,04,0.0,32.8,23.8
104067,BAGAZAN,2018,12,05,0.0,34.2,24.2
104067,BAGAZAN,2018,12,06,62.4,31.0,22.0
104067,BAGAZAN,2018,12,07,0.0,31.8,22.0
104067,BAGAZAN,2018,12,08,16.3,29.0,21.6
104067,BAGAZAN,2018,12,09,0.0,32.2,23.4
104067,BAGAZAN,2018,12,10,19.7,30.2,22.6
104067,BAGAZAN,2018,12,11,60.6,31.6,22.0
104067,BAGAZAN,2018,12,12,30.2,30.2,21.0
104067,BAGAZAN,2018,12,13,10.4,31.2,23.0
104067,BAGAZAN,2018,12,14,0.0,33.4,23.4
104067,BAGAZAN,2018,12,15,18.4,33.6,24.4
104067,BAGAZAN,2018,12,16,6.2,32.6,23.0
104067,BAGAZAN,2018,12,17,15.2,32.4,23.2
104067,BAGAZAN,2018,12,18,19.2,30.0,22.0
104067,BAGAZAN,2018,12,19,9.2,32.6,22.2
104067,BAGAZAN,2018,12,20,3.8,32.4,23.0
104067,BAGAZAN,2018,12,21,0.0,33.0,24.2
104067,BAGAZAN,2018,12,22,2.2,32.4,23.6
104067,BAGAZAN,2018,12,23,2.2,34.0,24.6
104067,BAGAZAN,2018,12,24,11.8,32.6,23.4
104067,BAGAZAN,2018,12,25,9.0,32.6,22.4
104067,BAGAZAN,2018,12,26,50.2,32.0,23.0
104067,BAGAZAN,2018,12,27,3.6,32.2,23.2
104067,BAGAZAN,2018,12,28,0.0,31.4,23.2
104067,BAGAZAN,2018,12,29,0.0,29.0,21.0
104067,BAGAZAN,2018,12,30,0.0,30.0,22.6
104067,BAGAZAN,2018,12,31,0.0,31.6,23.6
104067,BAGAZAN,2019,01,01,38.4,34.2,24.4
104067,BAGAZAN,2019,01,02,18.6,32.2,22.8
104067,BAGAZAN,2019,01,03,12.4,32.4,23.2
104067,BAGAZAN,2019,01,04,5.4,33.8,23.0
104067,BAGAZAN,2019,01,05,35.3,32.2,23.4
104067,BAGAZAN,2019,01,06,0.0,33.4,23.6
104067,BAGAZAN,2019,01,07,4.8,33.4,24.2
104067,BAGAZAN,2019,01,08,6.6,32.4,23.2
104067,BAGAZAN,2019,01,09,0.0,32.4,23.4
104067,BAGAZAN,2019,01,10,0.0,33.0,23.6
104067,BAGAZAN,2019,01,11,18.6,33.0,24.0
104067,BAGAZAN,2019,01,12,0.0,30.2,22.2
104067,BAGAZAN,2019,01,13,0.0,32.2,23.4
104067,BAGAZAN,2019,01,14,21.0,31.2,22.0
104067,BAGAZAN,2019,01,15,15.4,30.0,22.0
104067,BAGAZAN,2019,01,16,30.6,29.5,23.0
104067,BAGAZAN,2019,01,17,22.4,29.4,22.4
104067,BAGAZAN,2019,01,18,60.8,31.2,22.2
104067,BAGAZAN,2019,01,19,18.4,33.4,22.6
104067,BAGAZAN,2019,01,20,1.3,32.4,23.4
104067,BAGAZAN,2019,01,21,0.0,32.2,23.6
104067,BAGAZAN,2019,01,22,5.5,32.6,22.6
104067,BAGAZAN,2019,01,23,7.8,32.0,23.4
104067,BAGAZAN,2019,01,24,3.6,33.2,23.6
104067,BAGAZAN,2019,01,25,6.5,32.4,23.0
104067,BAGAZAN,2019,01,26,0.0,32.2,23.4
104067,BAGAZAN,2019,01,27,0.0,34.2,24.0
104067,BAGAZAN,2019,01,28,0.0,32.2,23.6
104067,BAGAZAN,2019,01,29,8.4,33.0,23.6
104067,BAGAZAN,2019,01,30,0.0,32.2,23.4
104067,BAGAZAN,2019,01,31,15.2,32.0,23.0
104067,BAGAZAN,2019,02,01,0.0,32.2,23.0
104067,BAGAZAN,2019,02,02,0.0,34.0,24.0
104067,BAGAZAN,2019,02,03,45.5,30.0,24.0
104067,BAGAZAN,2019,02,04,83.1,32.2,23.4
104067,BAGAZAN,2019,02,05,35.4,32.4,23.6
104067,BAGAZAN,2019,02,06,16.2,32.4,23.8
104067,BAGAZAN,2019,02,07,0.0,32.6,23.6
104067,BAGAZAN,2019,02,08,0.0,33.4,23.8
104067,BAGAZAN,2019,02,09,105.5,34.4,24.2
104067,BAGAZAN,2019,02,10,85.6,32.2,23.0
104067,BAGAZAN,2019,02,11,6.5,32.4,23.2
104067,BAGAZAN,2019,02,12,42.0,32.0,23.6
104067,BAGAZAN,2019,02,13,20.4,32.4,22.6
104067,BAGAZAN,2019,02,14,36.7,34.6,24.2
104067,BAGAZAN,2019,02,15,6.4,31.2,22.6
104067,BAGAZAN,2019,02,16,0.0,32.0,22.2
104067,BAGAZAN,2019,02,17,0.0,34.4,24.0
104067,BAGAZAN,2019,02,18,15.8,34.4,25.2
104067,BAGAZAN,2019,02,19,0.0,32.0,23.6
104067,BAGAZAN,2019,02,20,16.6,32.4,22.4
104067,BAGAZAN,2019,02,21,6.2,31.4,22.6
104067,BAGAZAN,2019,02,22,6.4,30.2,22.4
104067,BAGAZAN,2019,02,23,0.0,32.8,22.4
104067,BAGAZAN,2019,02,24,0.0,34.0,24.0
104067,BAGAZAN,2019,02,25,4.2,33.6,24.2
104067,BAGAZAN,2019,02,26,0.0,32.4,23.6
104067,BAGAZAN,2019,02,27,0.0,32.6,23.4
104067,BAGAZAN,2019,02,28,0.0,32.4,23.2
104067,BAGAZAN,2019,03,01,0.0,32.4,23.6
104067,BAGAZAN,2019,03,02,12.4,34.6,24.2
104067,BAGAZAN,2019,03,03,0.0,34.8,24.4
104067,BAGAZAN,2019,03,04,0.0,35.0,24.6
104067,BAGAZAN,2019,03,05,0.0,35.6,25.2
104067,BAGAZAN,2019,03,06,67.5,33.2,24.2
104067,BAGAZAN,2019,03,07,0.0,32.2,23.4
104067,BAGAZAN,2019,03,08,0.0,34.6,23.2
104067,BAGAZAN,2019,03,09,65.5,32.2,23.4
104067,BAGAZAN,2019,03,10,21.8,32.6,22.4
104067,BAGAZAN,2019,03,11,0.0,33.4,23.6
104067,BAGAZAN,2019,03,12,0.0,34.0,24.4
104067,BAGAZAN,2019,03,13,23.4,33.4,24.2
104067,BAGAZAN,2019,03,14,14.7,-999,23.4
104067,BAGAZAN,2019,03,15,0.0,-999,23.4
104067,BAGAZAN,2019,03,16,8.3,-999,23.0
104067,BAGAZAN,2019,03,17,0.0,34.0,23.6
104067,BAGAZAN,2019,03,18,0.0,34.2,24.0
104067,BAGAZAN,2019,03,19,36.4,34.6,24.6
104067,BAGAZAN,2019,03,20,0.0,33.6,24.0
104067,BAGAZAN,2019,03,21,0.0,34.0,23.4
104067,BAGAZAN,2019,03,22,50.5,32.0,24.6
104067,BAGAZAN,2019,03,23,0.0,34.0,23.2
104067,BAGAZAN,2019,03,24,0.0,32.4,22.6
104067,BAGAZAN,2019,03,25,0.0,33.6,23.2
104067,BAGAZAN,2019,03,26,0.0,33.0,22.4
104067,BAGAZAN,2019,03,27,16.8,32.4,24.0
104067,BAGAZAN,2019,03,28,19.6,32.0,23.2
104067,BAGAZAN,2019,03,29,0.0,33.2,23.6
104067,BAGAZAN,2019,03,30,0.0,32.2,24.4
104067,BAGAZAN,2019,03,31,5.6,31.6,23.0
104067,BAGAZAN,2019,04,01,14.2,32.4,24.6
104067,BAGAZAN,2019,04,02,0.0,31.4,23.4
104067,BAGAZAN,2019,04,03,22.4,34.0,24.2
104067,BAGAZAN,2019,04,04,0.0,32.4,22.6
104067,BAGAZAN,2019,04,05,0.0,34.6,24.4
104067,BAGAZAN,2019,04,06,52.3,35.0,24.6
104067,BAGAZAN,2019,04,07,0.0,31.4,22.2
104067,BAGAZAN,2019,04,08,0.0,32.2,22.0
104067,BAGAZAN,2019,04,09,0.0,34.2,24.2
104067,BAGAZAN,2019,04,10,0.0,34.2,24.8
104067,BAGAZAN,2019,04,11,30.4,32.6,22.0
104067,BAGAZAN,2019,04,12,45.3,32.2,23.4
104067,BAGAZAN,2019,04,13,5.6,33.2,23.0
104067,BAGAZAN,2019,04,14,0.0,33.4,23.6
104067,BAGAZAN,2019,04,15,10.4,33.6,24.4
104067,BAGAZAN,2019,04,16,8.2,33.6,24.2
104067,BAGAZAN,2019,04,17,0.0,33.4,24.2
104067,BAGAZAN,2019,04,18,0.0,33.8,24.6
104067,BAGAZAN,2019,04,19,0.0,34.2,23.8
104067,BAGAZAN,2019,04,20,0.0,34.2,24.4
104067,BAGAZAN,2019,04,21,80.2,34.4,24.6
104067,BAGAZAN,2019,04,22,0.0,35.2,24.8
104067,BAGAZAN,2019,04,23,12.4,33.2,23.0
104067,BAGAZAN,2019,04,24,13.6,32.6,22.2
104067,BAGAZAN,2019,04,25,5.5,32.2,23.4
104067,BAGAZAN,2019,04,26,0.0,34.6,24.4
104067,BAGAZAN,2019,04,27,22.5,33.2,25.2
104067,BAGAZAN,2019,04,28,0.0,33.6,24.0
104067,BAGAZAN,2019,04,29,0.0,34.2,24.2
104067,BAGAZAN,2019,04,30,0.0,35.0,24.4
104067,BAGAZAN,2019,05,01,15.6,31.2,22.0
104067,BAGAZAN,2019,05,02,0.0,32.4,24.6
104067,BAGAZAN,2019,05,03,0.0,32.6,23.0
104067,BAGAZAN,2019,05,04,0.0,32.2,22.6
104067,BAGAZAN,2019,05,05,13.5,33.4,24.2
104067,BAGAZAN,2019,05,06,8.0,34.6,25.2
104067,BAGAZAN,2019,05,07,0.0,34.4,25.6
104067,BAGAZAN,2019,05,08,0.0,33.0,24.6
104067,BAGAZAN,2019,05,09,0.0,33.4,23.2
104067,BAGAZAN,2019,05,10,0.0,34.6,23.4
104067,BAGAZAN,2019,05,11,0.0,34.2,25.2
104067,BAGAZAN,2019,05,12,55.8,32.2,23.4
104067,BAGAZAN,2019,05,13,10.5,30.2,23.2
104067,BAGAZAN,2019,05,14,5.2,30.4,22.4
104067,BAGAZAN,2019,05,15,0.0,30.4,22.6
104067,BAGAZAN,2019,05,16,0.0,32.4,23.2
104067,BAGAZAN,2019,05,17,0.0,32.6,23.6
104067,BAGAZAN,2019,05,18,0.0,33.6,24.2
104067,BAGAZAN,2019,05,19,0.0,34.4,24.0
104067,BAGAZAN,2019,05,20,0.0,33.6,24.2
104067,BAGAZAN,2019,05,21,0.0,34.0,24.4
104067,BAGAZAN,2019,05,22,0.0,33.8,25.0
104067,BAGAZAN,2019,05,23,0.0,33.2,24.4
104067,BAGAZAN,2019,05,24,40.6,33.4,24.2
104067,BAGAZAN,2019,05,25,9.8,32.2,23.4
104067,BAGAZAN,2019,05,26,0.0,32.2,23.0
104067,BAGAZAN,2019,05,27,0.0,34.2,24.0
104067,BAGAZAN,2019,05,28,0.0,33.0,24.4
104067,BAGAZAN,2019,05,29,24.2,32.4,24.6
104067,BAGAZAN,2019,05,30,0.0,32.6,24.4
104067,BAGAZAN,2019,05,31,0.0,34.6,24.6
104067,BAGAZAN,2019,06,01,0.0,34.6,24.8
104067,BAGAZAN,2019,06,02,0.0,33.2,24.6
104067,BAGAZAN,2019,06,03,6.4,32.2,22.0
104067,BAGAZAN,2019,06,04,15.6,31.2,22.0
104067,BAGAZAN,2019,06,05,0.0,34.0,24.2
104067,BAGAZAN,2019,06,06,0.0,33.2,23.4
104067,BAGAZAN,2019,06,07,0.0,30.0,24.2
104067,BAGAZAN,2019,06,08,0.0,32.6,22.0
104067,BAGAZAN,2019,06,09,0.0,32.4,21.4
104067,BAGAZAN,2019,06,10,6.2,32.6,23.6
104067,BAGAZAN,2019,06,11,18.4,33.4,24.2
104067,BAGAZAN,2019,06,12,6.2,32.6,24.4
104067,BAGAZAN,2019,06,13,0.0,32.0,24.2
104067,BAGAZAN,2019,06,14,0.0,34.0,24.4
104067,BAGAZAN,2019,06,15,0.0,33.4,24.2
104067,BAGAZAN,2019,06,16,0.0,32.2,23.2
104067,BAGAZAN,2019,06,17,0.0,32.2,24.4
104067,BAGAZAN,2019,06,18,0.0,32.4,23.2
104067,BAGAZAN,2019,06,19,12.6,32.6,24.2
104067,BAGAZAN,2019,06,20,0.0,32.6,24.0
104067,BAGAZAN,2019,06,21,0.0,33.0,24.4
104067,BAGAZAN,2019,06,22,0.0,32.6,24.2
104067,BAGAZAN,2019,06,23,40.0,31.4,24.4
104067,BAGAZAN,2019,06,24,4.2,32.2,24.0
104067,BAGAZAN,2019,06,25,0.0,32.4,23.2
104067,BAGAZAN,2019,06,26,4.2,32.6,24.4
104067,BAGAZAN,2019,06,27,0.0,32.2,24.2
104067,BAGAZAN,2019,06,28,35.4,32.0,24.2
104067,BAGAZAN,2019,06,29,0.0,32.2,23.2
104067,BAGAZAN,2019,06,30,-999,33.2,24.0
104067,BAGAZAN,2019,07,01,22.4,33.2,23.4
104067,BAGAZAN,2019,07,02,0.0,32.4,23.6
104067,BAGAZAN,2019,07,03,0.0,33.0,22.4
104067,BAGAZAN,2019,07,04,0.0,33.6,22.2
104067,BAGAZAN,2019,07,05,8.5,31.2,22.4
104067,BAGAZAN,2019,07,06,49.3,30.4,21.6
104067,BAGAZAN,2019,07,07,12.4,28.6,17.4
104067,BAGAZAN,2019,07,08,0.0,30.4,19.2
104067,BAGAZAN,2019,07,09,0.0,34.0,23.4
104067,BAGAZAN,2019,07,10,0.0,32.4,21.2
104067,BAGAZAN,2019,07,11,0.0,32.2,22.6
104067,BAGAZAN,2019,07,12,0.0,31.0,22.4
104067,BAGAZAN,2019,07,13,0.0,32.4,23.0
104067,BAGAZAN,2019,07,14,0.0,32.6,23.2
104067,BAGAZAN,2019,07,15,0.0,32.8,23.6
104067,BAGAZAN,2019,07,16,6.6,32.2,23.6
104067,BAGAZAN,2019,07,17,20.2,32.0,23.8
104067,BAGAZAN,2019,07,18,0.0,32.2,23.4
104067,BAGAZAN,2019,07,19,0.0,32.4,23.4
104067,BAGAZAN,2019,07,20,0.0,32.0,22.4
104067,BAGAZAN,2019,07,21,0.0,33.2,23.4
104067,BAGAZAN,2019,07,22,0.0,32.4,22.4
104067,BAGAZAN,2019,07,23,9.4,32.6,23.8
104067,BAGAZAN,2019,07,24,0.0,32.4,23.4
104067,BAGAZAN,2019,07,25,20.4,33.0,23.4
104067,BAGAZAN,2019,07,26,32.6,33.4,23.6
104067,BAGAZAN,2019,07,27,0.0,32.0,22.4
104067,BAGAZAN,2019,07,28,0.0,33.2,23.6
104067,BAGAZAN,2019,07,29,0.0,31.4,19.4
104067,BAGAZAN,2019,07,30,0.0,33.2,19.0
104067,BAGAZAN,2019,07,31,0.0,33.4,22.2
104067,BAGAZAN,2019,08,01,0.0,33.4,23.2
104067,BAGAZAN,2019,08,02,0.0,33.0,23.6
104067,BAGAZAN,2019,08,03,0.0,32.4,23.8
104067,BAGAZAN,2019,08,04,0.0,29.2,18.2
104067,BAGAZAN,2019,08,05,0.0,27.6,17.0
104067,BAGAZAN,2019,08,06,0.0,28.2,17.2
104067,BAGAZAN,2019,08,07,0.0,30.0,19.2
104067,BAGAZAN,2019,08,08,0.0,-999,19.4
104067,BAGAZAN,2019,08,09,0.0,32.4,22.2
104067,BAGAZAN,2019,08,10,0.0,34.2,23.6
104067,BAGAZAN,2019,08,11,0.0,-999,24.4
104067,BAGAZAN,2019,08,12,16.4,33.6,24.2
104067,BAGAZAN,2019,08,13,0.0,32.4,23.6
104067,BAGAZAN,2019,08,14,0.0,31.2,23.2
104067,BAGAZAN,2019,08,15,0.0,32.4,22.2
104067,BAGAZAN,2019,08,16,0.0,31.4,22.4
104067,BAGAZAN,2019,08,17,0.0,33.2,23.6
104067,BAGAZAN,2019,08,18,0.0,34.6,24.2
104067,BAGAZAN,2019,08,19,0.0,32.4,24.0
104067,BAGAZAN,2019,08,20,51.8,33.6,24.4
104067,BAGAZAN,2019,08,21,33.6,31.2,22.4
104067,BAGAZAN,2019,08,22,0.0,32.0,23.6
104067,BAGAZAN,2019,08,23,15.6,32.2,24.0
104067,BAGAZAN,2019,08,24,0.0,32.4,22.4
104067,BAGAZAN,2019,08,25,0.0,33.6,24.2
104067,BAGAZAN,2019,08,26,6.2,31.6,23.2
104067,BAGAZAN,2019,08,27,0.0,32.6,24.2
104067,BAGAZAN,2019,08,28,6.3,32.6,24.0
104067,BAGAZAN,2019,08,29,0.0,34.2,22.0
104067,BAGAZAN,2019,08,30,0.0,33.4,23.6
104067,BAGAZAN,2019,08,31,0.0,34.2,-999
104067,BAGAZAN,2019,09,01,0.0,34.6,-999
104067,BAGAZAN,2019,09,02,0.0,34.6,-999
104067,BAGAZAN,2019,09,03,15.2,35.2,24.6
104067,BAGAZAN,2019,09,04,0.0,32.0,24.2
104067,BAGAZAN,2019,09,05,0.0,33.6,24.4
104067,BAGAZAN,2019,09,06,0.0,32.4,24.2
104067,BAGAZAN,2019,09,07,0.0,34.4,24.0
104067,BAGAZAN,2019,09,08,0.0,33.0,24.4
104067,BAGAZAN,2019,09,09,0.0,33.2,23.6
104067,BAGAZAN,2019,09,10,0.0,34.2,24.4
104067,BAGAZAN,2019,09,11,0.0,35.2,24.8
104067,BAGAZAN,2019,09,12,15.2,33.4,24.2
104067,BAGAZAN,2019,09,13,12.4,33.2,25.0
104067,BAGAZAN,2019,09,14,6.2,32.0,24.4
104067,BAGAZAN,2019,09,15,0.0,33.0,24.4
104067,BAGAZAN,2019,09,16,0.0,35.2,23.2
104067,BAGAZAN,2019,09,17,0.0,35.4,25.4
104067,BAGAZAN,2019,09,18,0.0,35.2,25.0
104067,BAGAZAN,2019,09,19,0.0,36.4,25.4
104067,BAGAZAN,2019,09,20,75.4,33.2,26.4
104067,BAGAZAN,2019,09,21,0.0,32.6,23.2
104067,BAGAZAN,2019,09,22,0.0,33.4,24.0
104067,BAGAZAN,2019,09,23,35.2,34.2,25.4
104067,BAGAZAN,2019,09,24,4.2,32.2,23.4
104067,BAGAZAN,2019,09,25,0.0,34.0,24.4
104067,BAGAZAN,2019,09,26,6.2,34.2,23.6
104067,BAGAZAN,2019,09,27,0.0,34.4,24.0
104067,BAGAZAN,2019,09,28,0.0,33.6,24.0
104067,BAGAZAN,2019,09,29,0.0,34.6,25.4
104067,BAGAZAN,2019,09,30,10.2,33.4,24.6
104067,BAGAZAN,2019,10,01,5.4,32.4,23.6
104067,BAGAZAN,2019,10,02,4.3,33.2,23.4
104067,BAGAZAN,2019,10,03,0.0,33.2,24.0
104067,BAGAZAN,2019,10,04,0.0,32.4,24.2
104067,BAGAZAN,2019,10,05,0.0,33.2,23.6
104067,BAGAZAN,2019,10,06,0.0,33.6,24.4
104067,BAGAZAN,2019,10,07,26.3,30.4,23.2
104067,BAGAZAN,2019,10,08,0.0,32.2,23.0
104067,BAGAZAN,2019,10,09,0.0,32.2,23.4
104067,BAGAZAN,2019,10,10,0.0,33.6,24.4
104067,BAGAZAN,2019,10,11,0.0,33.2,24.6
104067,BAGAZAN,2019,10,12,32.4,33.0,24.4
104067,BAGAZAN,2019,10,13,28.4,32.2,24.2
104067,BAGAZAN,2019,10,14,0.0,33.6,24.4
104067,BAGAZAN,2019,10,15,0.0,32.6,25.0
104067,BAGAZAN,2019,10,16,2.6,32.4,24.6
104067,BAGAZAN,2019,10,17,0.0,32.4,23.6
104067,BAGAZAN,2019,10,18,14.2,32.6,24.6
104067,BAGAZAN,2019,10,19,32.6,32.6,24.4
104067,BAGAZAN,2019,10,20,5.2,32.4,24.6
104067,BAGAZAN,2019,10,21,0.0,32.0,24.4
104067,BAGAZAN,2019,10,22,0.0,33.2,24.0
104067,BAGAZAN,2019,10,23,75.6,33.2,25.0
104067,BAGAZAN,2019,10,24,0.0,32.6,23.2
104067,BAGAZAN,2019,10,25,12.2,32.8,24.2
104067,BAGAZAN,2019,10,26,0.0,32.4,23.6
104067,BAGAZAN,2019,10,27,12.4,32.4,23.2
104067,BAGAZAN,2019,10,28,0.0,33.0,24.0
104067,BAGAZAN,2019,10,29,2.6,33.2,25.2
104067,BAGAZAN,2019,10,30,0.0,32.4,23.6
104067,BAGAZAN,2019,10,31,0.0,33.6,24.6
104067,BAGAZAN,2019,11,01,0.0,33.6,24.6
104067,BAGAZAN,2019,11,02,0.0,34.4,25.2
104067,BAGAZAN,2019,11,03,0.0,34.6,25.4
104067,BAGAZAN,2019,11,04,4.2,32.4,24.2
104067,BAGAZAN,2019,11,05,5.2,34.2,24.4
104067,BAGAZAN,2019,11,06,16.2,32.6,23.2
104067,BAGAZAN,2019,11,07,0.0,33.0,23.0
104067,BAGAZAN,2019,11,08,18.4,33.0,24.6
104067,BAGAZAN,2019,11,09,0.0,34.4,25.2
104067,BAGAZAN,2019,11,10,0.0,34.2,25.0
104067,BAGAZAN,2019,11,11,11.6,33.4,25.2
104067,BAGAZAN,2019,11,12,0.0,32.6,23.4
104067,BAGAZAN,2019,11,13,0.0,34.0,24.6
104067,BAGAZAN,2019,11,14,8.4,34.0,24.4
104067,BAGAZAN,2019,11,15,56.4,33.0,25.4
104067,BAGAZAN,2019,11,16,0.0,30.4,22.2
104067,BAGAZAN,2019,11,17,0.0,33.2,24.0
104067,BAGAZAN,2019,11,18,0.0,35.2,25.4
104067,BAGAZAN,2019,11,19,45.2,32.0,25.4
104067,BAGAZAN,2019,11,20,0.0,32.6,24.0
104067,BAGAZAN,2019,11,21,0.0,33.0,24.6
104067,BAGAZAN,2019,11,22,6.2,34.0,25.2
104067,BAGAZAN,2019,11,23,108.2,30.0,24.6
104067,BAGAZAN,2019,11,24,4.6,31.4,22.2
104067,BAGAZAN,2019,11,25,0.0,33.2,24.2
104067,BAGAZAN,2019,11,26,65.2,32.4,25.6
104067,BAGAZAN,2019,11,27,5.4,34.2,25.0
104067,BAGAZAN,2019,11,28,0.0,32.6,24.4
104067,BAGAZAN,2019,11,29,0.0,32.6,24.6
104067,BAGAZAN,2019,11,30,0.0,32.8,24.4
104067,BAGAZAN,2019,12,01,43.0,32.0,25.4
104067,BAGAZAN,2019,12,02,4.0,30.4,23.2
104067,BAGAZAN,2019,12,03,0.0,30.8,23.4
104067,BAGAZAN,2019,12,04,50.4,32.4,24.2
104067,BAGAZAN,2019,12,05,54.4,30.4,24.0
104067,BAGAZAN,2019,12,06,0.0,30.6,23.2
104067,BAGAZAN,2019,12,07,12.2,33.2,25.0
104067,BAGAZAN,2019,12,08,0.0,32.2,24.4
104067,BAGAZAN,2019,12,09,0.0,32.6,25.2
104067,BAGAZAN,2019,12,10,0.0,32.6,23.4
104067,BAGAZAN,2019,12,11,7.2,32.0,24.6
104067,BAGAZAN,2019,12,12,0.0,32.2,23.6
104067,BAGAZAN,2019,12,13,0.0,32.4,23.6
104067,BAGAZAN,2019,12,14,65.9,31.0,23.4
104067,BAGAZAN,2019,12,15,0.0,30.2,22.0
104067,BAGAZAN,2019,12,16,0.0,33.0,22.4
104067,BAGAZAN,2019,12,17,0.0,34.0,23.4
104067,BAGAZAN,2019,12,18,20.8,31.6,22.4
104067,BAGAZAN,2019,12,19,55.4,30.4,22.0
104067,BAGAZAN,2019,12,20,11.2,32.4,22.4
104067,BAGAZAN,2019,12,21,0.0,32.6,22.6
104067,BAGAZAN,2019,12,22,0.0,34.0,23.6
104067,BAGAZAN,2019,12,23,14.6,31.4,22.0
104067,BAGAZAN,2019,12,24,0.0,33.2,22.2
104067,BAGAZAN,2019,12,25,0.0,33.6,24.2
104067,BAGAZAN,2019,12,26,12.6,34.2,24.0
104067,BAGAZAN,2019,12,27,11.4,33.0,24.2
104067,BAGAZAN,2019,12,28,2.2,32.2,22.8
104067,BAGAZAN,2019,12,29,0.0,33.4,23.6
104067,BAGAZAN,2019,12,30,15.5,32.4,24.2
104067,BAGAZAN,2019,12,31,0.0,33.2,24.0
104067,BAGAZAN,2020,01,01,0.0,32.4,22.4
104067,BAGAZAN,2020,01,02,36.6,33.4,24.2
104067,BAGAZAN,2020,01,03,0.0,34.6,24.4
104067,BAGAZAN,2020,01,04,0.0,34.0,24.2
104067,BAGAZAN,2020,01,05,0.0,35.6,25.2
104067,BAGAZAN,2020,01,06,0.0,36.6,24.4
104067,BAGAZAN,2020,01,07,0.0,36.4,25.2
104067,BAGAZAN,2020,01,08,0.0,37.2,25.4
104067,BAGAZAN,2020,01,09,0.0,32.4,23.6
104067,BAGAZAN,2020,01,10,6.0,32.2,22.4
104067,BAGAZAN,2020,01,11,0.0,32.2,22.0
104067,BAGAZAN,2020,01,12,0.0,33.4,23.0
104067,BAGAZAN,2020,01,13,0.0,32.0,22.6
104067,BAGAZAN,2020,01,14,5.6,32.2,22.0
104067,BAGAZAN,2020,01,15,3.5,33.0,22.4
104067,BAGAZAN,2020,01,16,0.0,33.4,23.0
104067,BAGAZAN,2020,01,17,25.6,33.2,23.6
104067,BAGAZAN,2020,01,18,26.0,32.4,23.4
104067,BAGAZAN,2020,01,19,8.2,32.6,23.0
104067,BAGAZAN,2020,01,20,0.0,34.2,23.4
104067,BAGAZAN,2020,01,21,0.0,34.4,23.0
104067,BAGAZAN,2020,01,22,0.0,36.6,24.2
104067,BAGAZAN,2020,01,23,0.0,34.2,24.0
104067,BAGAZAN,2020,01,24,0.0,33.0,23.4
104067,BAGAZAN,2020,01,25,30.0,34.4,23.4
104067,BAGAZAN,2020,01,26,2.2,33.6,23.0
104067,BAGAZAN,2020,01,27,0.0,36.6,23.2
104067,BAGAZAN,2020,01,28,0.0,35.4,24.0
104067,BAGAZAN,2020,01,29,6.4,33.6,24.2
104067,BAGAZAN,2020,01,30,0.0,33.0,23.2
104067,BAGAZAN,2020,01,31,0.0,33.4,23.4
104067,BAGAZAN,2020,02,01,22.2,33.0,23.0
104067,BAGAZAN,2020,02,02,0.0,32.8,23.2
104067,BAGAZAN,2020,02,03,0.0,33.6,24.4
104067,BAGAZAN,2020,02,04,28.6,33.0,23.2
104067,BAGAZAN,2020,02,05,0.0,34.4,23.2
104067,BAGAZAN,2020,02,06,0.0,33.2,-999
104067,BAGAZAN,2020,02,07,0.0,32.2,-999
104067,BAGAZAN,2020,02,08,5.2,33.6,-999
104067,BAGAZAN,2020,02,09,0.0,32.8,23.6
104067,BAGAZAN,2020,02,10,0.0,34.2,24.2
104067,BAGAZAN,2020,02,11,0.0,33.4,24.0
104067,BAGAZAN,2020,02,12,0.0,32.6,23.4
104067,BAGAZAN,2020,02,13,0.0,33.0,23.4
104067,BAGAZAN,2020,02,14,0.0,34.2,23.2
104067,BAGAZAN,2020,02,15,36.6,32.6,24.2
104067,BAGAZAN,2020,02,16,0.0,32.6,22.4
104067,BAGAZAN,2020,02,17,4.2,33.6,23.6
104067,BAGAZAN,2020,02,18,10.4,32.8,22.2
104067,BAGAZAN,2020,02,19,46.2,33.4,24.0
104067,BAGAZAN,2020,02,20,0.0,33.0,23.0
104067,BAGAZAN,2020,02,21,8.2,34.2,23.6
104067,BAGAZAN,2020,02,22,0.0,33.0,24.6
104067,BAGAZAN,2020,02,23,0.0,32.8,22.6
104067,BAGAZAN,2020,02,24,4.2,33.2,23.0
104067,BAGAZAN,2020,02,25,0.0,34.2,23.2
104067,BAGAZAN,2020,02,26,54.4,35.2,24.0
104067,BAGAZAN,2020,02,27,0.0,33.0,22.4
104067,BAGAZAN,2020,02,28,0.0,33.4,22.6
104067,BAGAZAN,2020,02,29,75.6,33.0,22.6
104067,BAGAZAN,2020,03,01,15.4,-999,-999
104067,BAGAZAN,2020,03,02,20.6,33.6,22.0
104067,BAGAZAN,2020,03,03,0.0,33.8,24.4
104067,BAGAZAN,2020,03,04,0.0,34.0,24.6
104067,BAGAZAN,2020,03,05,17.6,33.4,24.0
104067,BAGAZAN,2020,03,06,0.0,33.6,24.0
104067,BAGAZAN,2020,03,07,0.0,33.8,24.2
104067,BAGAZAN,2020,03,08,0.0,33.0,23.6
104067,BAGAZAN,2020,03,09,13.4,32.6,23.2
104067,BAGAZAN,2020,03,10,26.6,33.0,23.2
104067,BAGAZAN,2020,03,11,0.0,32.8,23.0
104067,BAGAZAN,2020,03,12,0.0,34.6,-999
104067,BAGAZAN,2020,03,13,0.0,34.0,24.6
104067,BAGAZAN,2020,03,14,0.0,33.6,24.0
104067,BAGAZAN,2020,03,15,0.0,34.6,24.0
104067,BAGAZAN,2020,03,16,4.6,33.2,24.4
104067,BAGAZAN,2020,03,17,8.6,32.4,23.0
104067,BAGAZAN,2020,03,18,0.0,33.0,22.6
104067,BAGAZAN,2020,03,19,0.0,34.2,23.6
104067,BAGAZAN,2020,03,20,0.0,34.6,24.6
104067,BAGAZAN,2020,03,21,0.0,35.0,24.8
104067,BAGAZAN,2020,03,22,0.0,35.4,25.0
104067,BAGAZAN,2020,03,23,5.2,33.4,24.4
104067,BAGAZAN,2020,03,24,0.0,33.2,23.6
104067,BAGAZAN,2020,03,25,0.0,36.2,23.4
104067,BAGAZAN,2020,03,26,0.0,33.2,24.6
104067,BAGAZAN,2020,03,27,30.2,33.4,24.0
104067,BAGAZAN,2020,03,28,3.4,33.2,24.2
104067,BAGAZAN,2020,03,29,0.0,32.2,23.0
104067,BAGAZAN,2020,03,30,82.2,33.0,22.6
104067,BAGAZAN,2020,03,31,0.0,32.2,23.0
104067,BAGAZAN,2020,04,01,-999,-999,-999
104067,BAGAZAN,2020,04,02,30.2,33.0,23.2
104067,BAGAZAN,2020,04,03,19.4,32.2,23.0
104067,BAGAZAN,2020,04,04,0.0,33.4,23.4
104067,BAGAZAN,2020,04,05,63.2,33.6,24.0
104067,BAGAZAN,2020,04,06,20.8,33.2,23.6
104067,BAGAZAN,2020,04,07,16.2,34.0,23.8
104067,BAGAZAN,2020,04,08,46.6,33.4,23.4
104067,BAGAZAN,2020,04,09,2.2,33.0,24.0
104067,BAGAZAN,2020,04,10,60.4,31.2,23.0
104067,BAGAZAN,2020,04,11,0.0,33.4,22.6
104067,BAGAZAN,2020,04,12,0.0,33.0,23.2
104067,BAGAZAN,2020,04,13,6.0,33.2,23.4
104067,BAGAZAN,2020,04,14,0.0,34.6,24.4
104067,BAGAZAN,2020,04,15,0.0,35.4,25.6
104067,BAGAZAN,2020,04,16,28.6,33.6,24.6
104067,BAGAZAN,2020,04,17,0.0,33.0,22.4
104067,BAGAZAN,2020,04,18,0.0,33.4,23.4
104067,BAGAZAN,2020,04,19,0.0,34.6,23.2
104067,BAGAZAN,2020,04,20,0.0,35.4,23.6
104067,BAGAZAN,2020,04,21,0.0,36.2,24.6
104067,BAGAZAN,2020,04,22,0.0,36.0,24.8
104067,BAGAZAN,2020,04,23,0.0,34.4,23.6
104067,BAGAZAN,2020,04,24,0.0,33.0,23.4
104067,BAGAZAN,2020,04,25,0.0,34.2,23.8
104067,BAGAZAN,2020,04,26,0.0,33.4,23.0
104067,BAGAZAN,2020,04,27,4.6,33.2,23.2
104067,BAGAZAN,2020,04,28,0.0,34.4,24.2
104067,BAGAZAN,2020,04,29,0.0,34.2,24.6
104067,BAGAZAN,2020,04,30,13.8,33.8,24.4
104067,BAGAZAN,2020,05,01,0.0,-999,-999
104067,BAGAZAN,2020,05,02,57.8,33.0,24.4
104067,BAGAZAN,2020,05,03,0.0,33.2,24.4
104067,BAGAZAN,2020,05,04,0.0,33.4,23.6
104067,BAGAZAN,2020,05,05,0.0,33.2,23.4
104067,BAGAZAN,2020,05,06,0.0,33.4,23.6
104067,BAGAZAN,2020,05,07,110.8,32.6,24.2
104067,BAGAZAN,2020,05,08,0.0,30.2,20.0
104067,BAGAZAN,2020,05,09,0.0,30.6,21.4
104067,BAGAZAN,2020,05,10,0.0,32.2,22.2
104067,BAGAZAN,2020,05,11,0.0,35.6,25.2
104067,BAGAZAN,2020,05,12,0.0,35.3,24.0
104067,BAGAZAN,2020,05,13,0.0,34.0,24.4
104067,BAGAZAN,2020,05,14,0.0,33.4,24.6
104067,BAGAZAN,2020,05,15,100.4,33.2,-999
104067,BAGAZAN,2020,05,16,0.0,36.6,22.4
104067,BAGAZAN,2020,05,17,0.0,32.4,23.0
104067,BAGAZAN,2020,05,18,0.0,33.2,23.2
104067,BAGAZAN,2020,05,19,0.0,33.6,24.2
104067,BAGAZAN,2020,05,20,12.5,33.0,24.0
104067,BAGAZAN,2020,05,21,0.0,34.0,23.0
104067,BAGAZAN,2020,05,22,0.0,34.4,23.6
104067,BAGAZAN,2020,05,23,16.4,33.6,25.0
104067,BAGAZAN,2020,05,24,0.0,29.2,21.4
104067,BAGAZAN,2020,05,25,0.0,30.2,18.2
104067,BAGAZAN,2020,05,26,0.0,32.4,20.2
104067,BAGAZAN,2020,05,27,0.0,32.6,21.2
104067,BAGAZAN,2020,05,28,0.0,33.6,22.4
104067,BAGAZAN,2020,05,29,4.4,33.8,22.6
104067,BAGAZAN,2020,05,30,58.0,32.6,22.4
104067,BAGAZAN,2020,05,31,0.0,32.2,22.0
104067,BAGAZAN,2020,06,01,5.5,33.8,23.2
104067,BAGAZAN,2020,06,02,0.0,34.2,24.0
104067,BAGAZAN,2020,06,03,0.0,33.6,23.4
104067,BAGAZAN,2020,06,04,7.6,34.6,22.2
104067,BAGAZAN,2020,06,05,30.0,33.4,24.4
104067,BAGAZAN,2020,06,06,0.0,33.4,23.0
104067,BAGAZAN,2020,06,07,0.0,34.0,22.4
104067,BAGAZAN,2020,06,08,10.4,33.6,-999
104067,BAGAZAN,2020,06,09,0.0,34.6,22.4
104067,BAGAZAN,2020,06,10,0.0,35.0,24.2
104067,BAGAZAN,2020,06,11,0.0,35.4,23.0
104067,BAGAZAN,2020,06,12,0.0,36.0,24.2
104067,BAGAZAN,2020,06,13,0.0,35.2,23.6
104067,BAGAZAN,2020,06,14,60.2,34.4,23.2
104067,BAGAZAN,2020,06,15,4.2,33.2,23.0
104067,BAGAZAN,2020,06,16,0.0,33.0,22.2
104067,BAGAZAN,2020,06,17,0.0,33.4,22.0
104067,BAGAZAN,2020,06,18,15.6,33.6,23.4
104067,BAGAZAN,2020,06,19,0.0,33.0,22.0
104067,BAGAZAN,2020,06,20,5.6,33.4,21.6
104067,BAGAZAN,2020,06,21,0.0,33.6,22.6
104067,BAGAZAN,2020,06,22,8.2,35.2,24.0
104067,BAGAZAN,2020,06,23,0.0,34.2,23.8
104067,BAGAZAN,2020,06,24,6.2,33.2,23.2
104067,BAGAZAN,2020,06,25,4.0,34.0,23.0
104067,BAGAZAN,2020,06,26,6.4,33.2,22.0
104067,BAGAZAN,2020,06,27,0.0,33.6,23.4
104067,BAGAZAN,2020,06,28,0.0,33.4,23.6
104067,BAGAZAN,2020,06,29,16.3,34.2,23.4
104067,BAGAZAN,2020,06,30,0.0,34.6,24.2
104067,BAGAZAN,2020,07,01,4.7,33.4,23.0
104067,BAGAZAN,2020,07,02,35.0,34.4,24.6
104067,BAGAZAN,2020,07,03,25.2,32.4,22.0
104067,BAGAZAN,2020,07,04,0.0,32.2,21.6
104067,BAGAZAN,2020,07,05,0.0,33.6,22.2
104067,BAGAZAN,2020,07,06,88.4,33.4,22.4
104067,BAGAZAN,2020,07,07,8.2,32.8,21.6
104067,BAGAZAN,2020,07,08,11.0,33.4,22.6
104067,BAGAZAN,2020,07,09,38.4,33.6,22.2
104067,BAGAZAN,2020,07,10,0.0,32.6,22.0
104067,BAGAZAN,2020,07,11,0.0,33.4,22.4
104067,BAGAZAN,2020,07,12,0.0,33.6,23.6
104067,BAGAZAN,2020,07,13,32.6,33.2,23.0
104067,BAGAZAN,2020,07,14,62.4,33.6,21.4
104067,BAGAZAN,2020,07,15,0.0,33.2,22.6
104067,BAGAZAN,2020,07,16,0.0,33.4,22.2
104067,BAGAZAN,2020,07,17,0.0,34.6,23.6
104067,BAGAZAN,2020,07,18,42.4,33.4,24.6
104067,BAGAZAN,2020,07,19,0.0,33.4,23.6
104067,BAGAZAN,2020,07,20,10.4,33.6,24.0
104067,BAGAZAN,2020,07,21,0.0,33.4,23.2
104067,BAGAZAN,2020,07,22,0.0,34.4,23.2
104067,BAGAZAN,2020,07,23,15.4,35.0,23.6
104067,BAGAZAN,2020,07,24,0.0,33.6,22.0
104067,BAGAZAN,2020,07,25,25.2,32.4,22.2
104067,BAGAZAN,2020,07,26,6.6,33.6,23.2
104067,BAGAZAN,2020,07,27,0.0,33.4,22.4
104067,BAGAZAN,2020,07,28,0.0,34.4,22.0
104067,BAGAZAN,2020,07,29,0.0,33.4,22.6
104067,BAGAZAN,2020,07,30,0.0,33.8,22.4
104067,BAGAZAN,2020,07,31,0.0,35.2,24.0
104067,BAGAZAN,2020,08,01,0.0,34.2,22.0
104067,BAGAZAN,2020,08,02,0.0,34.6,23.6
104067,BAGAZAN,2020,08,03,0.0,35.2,22.0
104067,BAGAZAN,2020,08,04,0.0,34.4,24.4
104067,BAGAZAN,2020,08,05,0.0,36.2,23.2
104067,BAGAZAN,2020,08,06,0.0,35.6,24.8
104067,BAGAZAN,2020,08,07,3.2,34.2,23.4
104067,BAGAZAN,2020,08,08,4.2,32.4,23.2
104067,BAGAZAN,2020,08,09,0.0,34.0,24.2
104067,BAGAZAN,2020,08,10,0.0,35.4,24.6
104067,BAGAZAN,2020,08,11,0.0,35.6,23.6
104067,BAGAZAN,2020,08,12,0.0,35.4,23.2
104067,BAGAZAN,2020,08,13,21.2,34.2,23.0
104067,BAGAZAN,2020,08,14,0.0,34.6,23.6
104067,BAGAZAN,2020,08,15,0.0,35.0,23.2
104067,BAGAZAN,2020,08,16,0.0,36.4,24.6
104067,BAGAZAN,2020,08,17,0.0,34.6,24.4
104067,BAGAZAN,2020,08,18,0.0,36.0,24.0
104067,BAGAZAN,2020,08,19,0.0,35.2,24.6
104067,BAGAZAN,2020,08,20,31.2,36.6,25.2
104067,BAGAZAN,2020,08,21,11.8,32.4,23.2
104067,BAGAZAN,2020,08,22,0.0,26.6,16.4
104067,BAGAZAN,2020,08,23,0.0,28.2,18.4
104067,BAGAZAN,2020,08,24,0.0,32.2,21.4
104067,BAGAZAN,2020,08,25,0.0,33.4,23.0
104067,BAGAZAN,2020,08,26,0.0,34.4,18.0
104067,BAGAZAN,2020,08,27,0.0,35.6,21.2
104067,BAGAZAN,2020,08,28,0.0,34.2,23.2
104067,BAGAZAN,2020,08,29,0.0,35.6,24.0
104067,BAGAZAN,2020,08,30,18.6,36.0,25.0
104067,BAGAZAN,2020,08,31,10.0,34.4,-999
104067,BAGAZAN,2020,09,01,17.4,33.6,-999
104067,BAGAZAN,2020,09,02,5.7,33.6,-999
104067,BAGAZAN,2020,09,03,0.0,33.4,22.4
104067,BAGAZAN,2020,09,04,0.0,34.6,24.2
104067,BAGAZAN,2020,09,05,8.2,34.6,24.0
104067,BAGAZAN,2020,09,06,0.0,36.6,24.6
104067,BAGAZAN,2020,09,07,0.0,35.2,23.4
104067,BAGAZAN,2020,09,08,0.0,34.6,24.0
104067,BAGAZAN,2020,09,09,0.0,34.6,23.4
104067,BAGAZAN,2020,09,10,15.4,35.2,23.6
104067,BAGAZAN,2020,09,11,0.0,33.6,22.6
104067,BAGAZAN,2020,09,12,0.0,34.6,23.0
104067,BAGAZAN,2020,09,13,20.2,35.0,24.6
104067,BAGAZAN,2020,09,14,0.0,33.6,22.4
104067,BAGAZAN,2020,09,15,0.0,34.0,23.2
104067,BAGAZAN,2020,09,16,0.0,32.2,22.4
104067,BAGAZAN,2020,09,17,0.0,34.2,23.4
104067,BAGAZAN,2020,09,18,0.0,35.0,24.2
104067,BAGAZAN,2020,09,19,0.0,36.6,24.0
104067,BAGAZAN,2020,09,20,0.0,35.2,24.4
104067,BAGAZAN,2020,09,21,0.0,33.4,24.0
104067,BAGAZAN,2020,09,22,20.6,33.0,23.4
104067,BAGAZAN,2020,09,23,10.2,33.6,24.2
104067,BAGAZAN,2020,09,24,35.6,33.2,23.0
104067,BAGAZAN,2020,09,25,0.0,33.4,22.4
104067,BAGAZAN,2020,09,26,0.0,34.2,22.6
104067,BAGAZAN,2020,09,27,0.0,34.6,24.2
104067,BAGAZAN,2020,09,28,0.0,33.4,23.2
104067,BAGAZAN,2020,09,29,20.2,32.6,24.4
104067,BAGAZAN,2020,09,30,5.6,32.6,22.2
104067,BAGAZAN,2020,10,01,0.0,33.4,23.2
104067,BAGAZAN,2020,10,02,6.2,33.0,22.6
104067,BAGAZAN,2020,10,03,12.6,33.6,24.4
104067,BAGAZAN,2020,10,04,10.4,34.0,24.2
104067,BAGAZAN,2020,10,05,4.2,32.2,22.2
104067,BAGAZAN,2020,10,06,0.0,33.4,22.0
104067,BAGAZAN,2020,10,07,2.4,34.6,22.2
104067,BAGAZAN,2020,10,08,5.2,33.4,23.2
104067,BAGAZAN,2020,10,09,0.0,34.6,24.0
104067,BAGAZAN,2020,10,10,0.0,35.2,24.6
104067,BAGAZAN,2020,10,11,0.0,36.2,25.0
104067,BAGAZAN,2020,10,12,0.0,34.6,25.4
104067,BAGAZAN,2020,10,13,8.8,34.0,24.2
104067,BAGAZAN,2020,10,14,0.0,33.4,23.2
104067,BAGAZAN,2020,10,15,3.8,33.0,22.2
104067,BAGAZAN,2020,10,16,3.5,32.6,23.4
104067,BAGAZAN,2020,10,17,0.0,33.4,22.2
104067,BAGAZAN,2020,10,18,0.0,34.0,23.4
104067,BAGAZAN,2020,10,19,0.0,34.2,24.2
104067,BAGAZAN,2020,10,20,26.3,34.4,24.6
104067,BAGAZAN,2020,10,21,6.6,33.0,23.0
104067,BAGAZAN,2020,10,22,0.0,33.4,23.2
104067,BAGAZAN,2020,10,23,0.0,33.2,23.0
104067,BAGAZAN,2020,10,24,0.0,35.2,23.4
104067,BAGAZAN,2020,10,25,0.0,36.0,25.2
104067,BAGAZAN,2020,10,26,0.0,34.2,26.0
104067,BAGAZAN,2020,10,27,0.0,35.2,24.2
104067,BAGAZAN,2020,10,28,0.0,35.4,25.2
104067,BAGAZAN,2020,10,29,0.0,34.6,25.4
104067,BAGAZAN,2020,10,30,0.0,33.4,25.6
104067,BAGAZAN,2020,10,31,0.0,32.6,23.0
104067,BAGAZAN,2020,11,01,0.0,33.8,23.2
104067,BAGAZAN,2020,11,02,0.0,35.0,24.2
104067,BAGAZAN,2020,11,03,0.0,35.2,25.6
104067,BAGAZAN,2020,11,04,0.0,34.2,24.4
104067,BAGAZAN,2020,11,05,0.0,34.0,24.2
104067,BAGAZAN,2020,11,06,7.6,33.2,24.4
104067,BAGAZAN,2020,11,07,2.6,33.0,23.4
104067,BAGAZAN,2020,11,08,0.0,31.6,23.0
104067,BAGAZAN,2020,11,09,0.0,33.0,23.2
104067,BAGAZAN,2020,11,10,11.4,33.2,23.6
104067,BAGAZAN,2020,11,11,4.2,33.4,23.4
104067,BAGAZAN,2020,11,12,0.0,32.4,22.4
104067,BAGAZAN,2020,11,13,0.0,34.4,24.6
104067,BAGAZAN,2020,11,14,0.0,35.6,25.2
104067,BAGAZAN,2020,11,15,12.7,34.4,25.4
104067,BAGAZAN,2020,11,16,0.0,33.6,24.2
104067,BAGAZAN,2020,11,17,0.0,33.4,-999
104067,BAGAZAN,2020,11,18,0.0,34.4,-999
104067,BAGAZAN,2020,11,19,22.4,35.2,-999
104067,BAGAZAN,2020,11,20,4.2,32.6,23.4
104067,BAGAZAN,2020,11,21,0.0,34.4,23.0
104067,BAGAZAN,2020,11,22,0.0,36.2,25.2
104067,BAGAZAN,2020,11,23,12.6,34.2,23.6
104067,BAGAZAN,2020,11,24,0.0,34.2,24.6
104067,BAGAZAN,2020,11,25,0.0,34.6,25.2
104067,BAGAZAN,2020,11,26,0.0,33.0,23.2
104067,BAGAZAN,2020,11,27,7.2,33.4,23.0
104067,BAGAZAN,2020,11,28,40.4,34.0,23.6
104067,BAGAZAN,2020,11,29,0.0,34.4,24.2
104067,BAGAZAN,2020,11,30,0.0,34.0,24.4
104067,BAGAZAN,2020,12,01,0.0,35.4,25.0
104067,BAGAZAN,2020,12,02,22.2,35.4,25.6
104067,BAGAZAN,2020,12,03,0.0,33.6,22.4
104067,BAGAZAN,2020,12,04,10.4,33.6,24.0
104067,BAGAZAN,2020,12,05,30.2,32.4,23.2
104067,BAGAZAN,2020,12,06,0.0,33.4,22.4
104067,BAGAZAN,2020,12,07,56.8,33.0,23.4
104067,BAGAZAN,2020,12,08,0.0,32.0,22.4
104067,BAGAZAN,2020,12,09,0.0,34.4,23.2
104067,BAGAZAN,2020,12,10,10.6,34.2,24.6
104067,BAGAZAN,2020,12,11,0.0,34.0,22.4
104067,BAGAZAN,2020,12,12,6.4,34.0,23.2
104067,BAGAZAN,2020,12,13,22.6,33.4,23.0
104067,BAGAZAN,2020,12,14,0.0,33.6,23.4
104067,BAGAZAN,2020,12,15,0.0,33.6,23.0
104067,BAGAZAN,2020,12,16,15.4,33.2,23.4
104067,BAGAZAN,2020,12,17,0.0,33.6,23.8
104067,BAGAZAN,2020,12,18,0.0,32.6,22.4
104067,BAGAZAN,2020,12,19,6.3,33.4,23.6
104067,BAGAZAN,2020,12,20,38.4,32.6,23.2
104067,BAGAZAN,2020,12,21,108.4,33.0,22.0
104067,BAGAZAN,2020,12,22,0.0,33.4,23.0
104067,BAGAZAN,2020,12,23,0.0,34.6,24.2
104067,BAGAZAN,2020,12,24,0.0,34.2,23.4
104067,BAGAZAN,2020,12,25,0.0,35.4,25.6
104067,BAGAZAN,2020,12,26,12.4,34.0,25.2
104067,BAGAZAN,2020,12,27,0.0,34.4,23.2
104067,BAGAZAN,2020,12,28,0.0,33.2,24.2
104067,BAGAZAN,2020,12,29,0.0,34.6,24.0
104067,BAGAZAN,2020,12,30,0.0,35.0,25.4
104067,BAGAZAN,2020,12,31,-999,35.6,25.2
104067,BAGAZAN,2022,01,01,-999,-999,-999
104067,BAGAZAN,2022,01,02,-999,-999,-999
104067,BAGAZAN,2022,01,03,-999,-999,-999
104067,BAGAZAN,2022,01,04,-999,-999,-999
104067,BAGAZAN,2022,01,05,0.0,36.6,24.2
104067,BAGAZAN,2022,01,06,0.0,37.2,25.0
104067,BAGAZAN,2022,01,07,0.0,36.4,24.4
104067,BAGAZAN,2022,01,08,0.0,35.2,23.2
104067,BAGAZAN,2022,01,09,0.0,34.4,22.6
104067,BAGAZAN,2022,01,10,0.0,33.2,23.0
104067,BAGAZAN,2022,01,11,0.0,36.0,24.2
104067,BAGAZAN,2022,01,12,98.5,36.4,22.6
104067,BAGAZAN,2022,01,13,0.0,33.4,22.6
104067,BAGAZAN,2022,01,14,61.3,32.2,23.0
104067,BAGAZAN,2022,01,15,0.0,33.6,23.4
104067,BAGAZAN,2022,01,16,0.0,34.0,22.2
104067,BAGAZAN,2022,01,17,0.0,34.4,24.6
104067,BAGAZAN,2022,01,18,0.0,35.2,24.6
104067,BAGAZAN,2022,01,19,10.2,32.6,24.8
104067,BAGAZAN,2022,01,20,65.0,29.4,24.6
104067,BAGAZAN,2022,01,21,42.2,33.2,24.2
104067,BAGAZAN,2022,01,22,0.0,33.6,23.2
104067,BAGAZAN,2022,01,23,35.4,33.0,24.4
104067,BAGAZAN,2022,01,24,0.0,34.2,23.2
104067,BAGAZAN,2022,01,25,8.6,31.0,24.2
104067,BAGAZAN,2022,01,26,0.0,33.4,22.6
104067,BAGAZAN,2022,01,27,0.0,35.0,24.2
104067,BAGAZAN,2022,01,28,0.0,36.0,25.0
104067,BAGAZAN,2022,01,29,0.0,34.6,25.2
104067,BAGAZAN,2022,01,30,0.0,35.0,23.6
104067,BAGAZAN,2022,01,31,0.0,34.4,24.2
104067,BAGAZAN,2022,02,01,0.0,35.0,24.6
104067,BAGAZAN,2022,02,02,0.0,34.0,23.6
104067,BAGAZAN,2022,02,03,0.0,33.4,23.2
104067,BAGAZAN,2022,02,04,0.0,32.0,22.2
104067,BAGAZAN,2022,02,05,6.4,33.0,23.0
104067,BAGAZAN,2022,02,06,62.4,34.2,23.4
104067,BAGAZAN,2022,02,07,10.4,32.0,22.2
104067,BAGAZAN,2022,02,08,0.0,33.2,20.0
104067,BAGAZAN,2022,02,09,0.0,33.0,22.0
104067,BAGAZAN,2022,02,10,0.0,34.4,23.2
104067,BAGAZAN,2022,02,11,0.0,35.4,24.0
104067,BAGAZAN,2022,02,12,61.0,33.6,23.2
104067,BAGAZAN,2022,02,13,5.6,32.2,22.0
104067,BAGAZAN,2022,02,14,0.0,33.2,23.4
104067,BAGAZAN,2022,02,15,5.4,34.8,24.6
104067,BAGAZAN,2022,02,16,3.2,33.0,23.2
104067,BAGAZAN,2022,02,17,0.0,33.4,22.6
104067,BAGAZAN,2022,02,18,0.0,33.6,23.0
104067,BAGAZAN,2022,02,19,0.0,34.0,23.4
104067,BAGAZAN,2022,02,20,0.0,33.0,22.6
104067,BAGAZAN,2022,02,21,5.2,31.6,22.0
104067,BAGAZAN,2022,02,22,10.2,30.2,21.6
104067,BAGAZAN,2022,02,23,4.6,32.4,21.2
104067,BAGAZAN,2022,02,24,0.0,32.2,22.4
104067,BAGAZAN,2022,02,25,7.4,32.4,23.0
104067,BAGAZAN,2022,02,26,0.0,33.0,22.0
104067,BAGAZAN,2022,02,27,3.4,33.4,23.2
104067,BAGAZAN,2022,02,28,40.6,34.2,23.4
104067,BAGAZAN,2022,03,01,40.6,33.2,22.6
104067,BAGAZAN,2022,03,02,0.0,32.0,22.4
104067,BAGAZAN,2022,03,03,32.4,33.4,22.2
104067,BAGAZAN,2022,03,04,0.0,34.4,22.6
104067,BAGAZAN,2022,03,05,0.0,35.2,24.2
104067,BAGAZAN,2022,03,06,56.4,34.6,24.4
104067,BAGAZAN,2022,03,07,0.0,32.4,22.2
104067,BAGAZAN,2022,03,08,10.4,31.2,22.0
104067,BAGAZAN,2022,03,09,0.0,32.2,-999
104067,BAGAZAN,2022,03,10,10.0,32.0,22.6
104067,BAGAZAN,2022,03,11,10.2,33.6,22.4
104067,BAGAZAN,2022,03,12,56.4,31.6,22.0
104067,BAGAZAN,2022,03,13,5.2,33.4,23.0
104067,BAGAZAN,2022,03,14,0.0,33.6,23.6
104067,BAGAZAN,2022,03,15,4.2,33.4,24.0
104067,BAGAZAN,2022,03,16,0.0,31.2,22.6
104067,BAGAZAN,2022,03,17,0.0,33.2,21.4
104067,BAGAZAN,2022,03,18,49.8,33.4,23.6
104067,BAGAZAN,2022,03,19,10.4,33.0,22.2
104067,BAGAZAN,2022,03,20,4.6,32.2,21.6
104067,BAGAZAN,2022,03,21,0.0,33.0,23.2
104067,BAGAZAN,2022,03,22,0.0,34.2,23.0
104067,BAGAZAN,2022,03,23,0.0,35.4,24.2
104067,BAGAZAN,2022,03,24,0.0,34.2,22.6
104067,BAGAZAN,2022,03,25,47.8,32.2,22.4
104067,BAGAZAN,2022,03,26,4.2,33.2,23.0
104067,BAGAZAN,2022,03,27,35.6,31.6,21.4
104067,BAGAZAN,2022,03,28,0.0,32.6,22.0
104067,BAGAZAN,2022,03,29,6.4,31.2,22.6
104067,BAGAZAN,2022,03,30,0.0,33.4,22.0
104067,BAGAZAN,2022,03,31,42.2,33.2,23.0
104067,BAGAZAN,2022,04,01,42.2,32.2,22.4
104067,BAGAZAN,2022,04,02,0.0,30.0,22.6
104067,BAGAZAN,2022,04,03,0.0,30.2,20.0
104067,BAGAZAN,2022,04,04,0.0,33.6,20.2
104067,BAGAZAN,2022,04,05,6.4,33.4,22.2
104067,BAGAZAN,2022,04,06,120.8,32.6,22.4
104067,BAGAZAN,2022,04,07,0.0,31.2,20.6
104067,BAGAZAN,2022,04,08,4.2,34.0,23.4
104067,BAGAZAN,2022,04,09,0.0,33.4,22.0
104067,BAGAZAN,2022,04,10,0.0,33.2,22.4
104067,BAGAZAN,2022,04,11,25.4,33.0,22.2
104067,BAGAZAN,2022,04,12,10.2,33.2,23.5
104067,BAGAZAN,2022,04,13,10.6,32.2,20.2
104067,BAGAZAN,2022,04,14,15.6,32.4,21.6
104067,BAGAZAN,2022,04,15,4.2,32.2,22.6
104067,BAGAZAN,2022,04,16,0.0,33.0,22.4
104067,BAGAZAN,2022,04,17,0.0,32.4,22.0
104067,BAGAZAN,2022,04,18,0.0,30.0,22.2
104067,BAGAZAN,2022,04,19,7.4,32.2,22.4
104067,BAGAZAN,2022,04,20,60.2,33.6,22.6
104067,BAGAZAN,2022,04,21,0.0,32.0,20.2
104067,BAGAZAN,2022,04,22,0.0,34.4,23.2
104067,BAGAZAN,2022,04,23,20.4,34.6,24.0
104067,BAGAZAN,2022,04,24,4.2,32.0,23.2
104067,BAGAZAN,2022,04,25,0.0,33.2,23.6
104067,BAGAZAN,2022,04,26,4.2,34.2,23.2
104067,BAGAZAN,2022,04,27,6.4,34.6,23.0
104067,BAGAZAN,2022,04,28,10.4,34.2,22.0
104067,BAGAZAN,2022,04,29,43.2,32.4,20.0
104067,BAGAZAN,2022,04,30,2.5,33.2,23.0
104067,BAGAZAN,2022,05,01,0.0,34.2,24.0
104067,BAGAZAN,2022,05,02,3.6,33.6,24.0
104067,BAGAZAN,2022,05,03,45.4,35.4,24.2
104067,BAGAZAN,2022,05,04,14.5,33.2,24.4
104067,BAGAZAN,2022,05,05,0.0,30.0,23.2
104067,BAGAZAN,2022,05,06,0.0,32.6,22.2
104067,BAGAZAN,2022,05,07,0.0,31.2,23.4
104067,BAGAZAN,2022,05,08,0.0,33.0,23.4
104067,BAGAZAN,2022,05,09,20.1,34.4,23.6
104067,BAGAZAN,2022,05,10,30.2,34.2,24.0
104067,BAGAZAN,2022,05,11,6.6,33.4,24.6
104067,BAGAZAN,2022,05,12,50.2,32.2,23.6
104067,BAGAZAN,2022,05,13,0.0,32.4,22.6
104067,BAGAZAN,2022,05,14,8.7,34.4,24.2
104067,BAGAZAN,2022,05,15,31.0,30.2,25.6
104067,BAGAZAN,2022,05,16,128.4,33.4,22.0
104067,BAGAZAN,2022,05,17,0.0,26.0,22.6
104067,BAGAZAN,2022,05,18,0.0,25.2,21.0
104067,BAGAZAN,2022,05,19,0.0,28.4,22.4
104067,BAGAZAN,2022,05,20,0.0,29.4,23.6
104067,BAGAZAN,2022,05,21,0.0,34.2,23.8
104067,BAGAZAN,2022,05,22,0.0,33.4,24.2
104067,BAGAZAN,2022,05,23,4.6,32.4,23.2
104067,BAGAZAN,2022,05,24,30.2,31.2,24.2
104067,BAGAZAN,2022,05,25,13.5,32.4,23.2
104067,BAGAZAN,2022,05,26,33.5,32.2,23.0
104067,BAGAZAN,2022,05,27,9.6,32.2,24.0
104067,BAGAZAN,2022,05,28,0.0,34.0,23.6
104067,BAGAZAN,2022,05,29,11.3,30.2,24.4
104067,BAGAZAN,2022,05,30,6.2,34.2,24.6
104067,BAGAZAN,2022,05,31,-999,34.4,23.2
104067,BAGAZAN,2022,07,01,0.0,34.6,24.2
104067,BAGAZAN,2022,07,02,16.0,32.4,25.0
104067,BAGAZAN,2022,07,03,27.6,32.6,23.4
104067,BAGAZAN,2022,07,04,0.0,32.0,23.2
104067,BAGAZAN,2022,07,05,0.0,33.2,22.4
104067,BAGAZAN,2022,07,06,0.0,33.4,23.2
104067,BAGAZAN,2022,07,07,0.0,34.4,24.0
104067,BAGAZAN,2022,07,08,6.2,33.6,23.6
104067,BAGAZAN,2022,07,09,28.8,30.6,24.0
104067,BAGAZAN,2022,07,10,0.0,32.4,22.2
104067,BAGAZAN,2022,07,11,0.0,34.6,22.0
104067,BAGAZAN,2022,07,12,0.0,35.2,24.6
104067,BAGAZAN,2022,07,13,0.0,35.4,25.2
104067,BAGAZAN,2022,07,14,0.0,35.6,24.2
104067,BAGAZAN,2022,07,15,0.0,36.0,25.6
104067,BAGAZAN,2022,07,16,0.0,36.2,24.0
104067,BAGAZAN,2022,07,17,6.2,32.4,23.0
104067,BAGAZAN,2022,07,18,0.0,32.2,23.0
104067,BAGAZAN,2022,07,19,0.0,35.2,24.4
104067,BAGAZAN,2022,07,20,0.0,35.4,25.0
104067,BAGAZAN,2022,07,21,0.0,36.2,25.4
104067,BAGAZAN,2022,07,22,3.7,34.2,24.6
104067,BAGAZAN,2022,07,23,0.0,36.4,24.2
104067,BAGAZAN,2022,07,24,0.0,34.2,24.0
104067,BAGAZAN,2022,07,25,24.8,33.4,25.2
104067,BAGAZAN,2022,07,26,0.0,32.4,24.0
104067,BAGAZAN,2022,07,27,0.0,32.6,23.4
104067,BAGAZAN,2022,07,28,0.0,34.2,24.6
104067,BAGAZAN,2022,07,29,23.2,34.4,25.2
104067,BAGAZAN,2022,07,30,0.0,35.2,24.0
104067,BAGAZAN,2022,07,31,38.8,33.4,23.2
104067,BAGAZAN,2022,08,01,0.0,33.4,24.2
104067,BAGAZAN,2022,08,02,0.0,34.2,23.6
104067,BAGAZAN,2022,08,03,45.2,34.0,25.0
104067,BAGAZAN,2022,08,04,0.0,32.0,24.2
104067,BAGAZAN,2022,08,05,0.0,32.6,23.0
104067,BAGAZAN,2022,08,06,0.0,34.2,22.4
104067,BAGAZAN,2022,08,07,0.0,35.4,24.6
104067,BAGAZAN,2022,08,08,20.4,32.8,24.2
104067,BAGAZAN,2022,08,09,0.0,34.2,24.0
104067,BAGAZAN,2022,08,10,0.0,31.4,25.6
104067,BAGAZAN,2022,08,11,0.0,32.4,22.0
104067,BAGAZAN,2022,08,12,0.0,34.6,23.0
104067,BAGAZAN,2022,08,13,0.0,36.0,24.6
104067,BAGAZAN,2022,08,14,0.0,32.2,24.4
104067,BAGAZAN,2022,08,15,0.0,35.2,24.0
104067,BAGAZAN,2022,08,16,0.0,34.0,25.2
104067,BAGAZAN,2022,08,17,14.0,33.6,25.4
104067,BAGAZAN,2022,08,18,0.0,34.6,24.2
104067,BAGAZAN,2022,08,19,104.2,32.2,24.4
104067,BAGAZAN,2022,08,20,0.0,-999,22.4
104067,BAGAZAN,2022,08,21,0.0,27.2,20.0
104067,BAGAZAN,2022,08,22,0.0,29.2,20.4
104067,BAGAZAN,2022,08,23,0.0,31.2,21.4
104067,BAGAZAN,2022,08,24,0.0,32.6,20.2
104067,BAGAZAN,2022,08,25,0.0,34.2,23.0
104067,BAGAZAN,2022,08,26,0.0,34.0,24.4
104067,BAGAZAN,2022,08,27,0.0,33.6,24.0
104067,BAGAZAN,2022,08,28,28.0,33.4,24.2
104067,BAGAZAN,2022,08,29,30.6,29.2,22.0
104067,BAGAZAN,2022,08,30,0.0,33.2,22.4
104067,BAGAZAN,2022,08,31,0.0,34.0,23.4
104067,BAGAZAN,2022,09,01,0.0,34.6,24.2
104067,BAGAZAN,2022,09,02,0.0,35.2,24.6
104067,BAGAZAN,2022,09,03,10.2,33.0,25.2
104067,BAGAZAN,2022,09,04,10.6,33.4,23.2
104067,BAGAZAN,2022,09,05,0.0,32.4,22.2
104067,BAGAZAN,2022,09,06,0.0,32.2,23.0
104067,BAGAZAN,2022,09,07,0.0,33.0,23.4
104067,BAGAZAN,2022,09,08,0.0,34.4,23.6
104067,BAGAZAN,2022,09,09,18.6,32.2,23.4
104067,BAGAZAN,2022,09,10,0.0,32.0,22.6
104067,BAGAZAN,2022,09,11,0.0,34.2,24.0
104067,BAGAZAN,2022,09,12,0.0,35.2,24.6
104067,BAGAZAN,2022,09,13,0.0,35.4,25.0
104067,BAGAZAN,2022,09,14,0.0,36.2,25.4
104067,BAGAZAN,2022,09,15,33.4,33.0,24.2
104067,BAGAZAN,2022,09,16,0.0,30.2,21.0
104067,BAGAZAN,2022,09,17,0.0,33.4,22.2
104067,BAGAZAN,2022,09,18,0.0,34.4,24.2
104067,BAGAZAN,2022,09,19,0.0,35.2,23.6
104067,BAGAZAN,2022,09,20,0.0,36.6,25.4
104067,BAGAZAN,2022,09,21,0.0,36.8,24.2
104067,BAGAZAN,2022,09,22,0.0,37.6,25.6
104067,BAGAZAN,2022,09,23,0.0,36.4,24.2
104067,BAGAZAN,2022,09,24,0.0,33.0,23.4
104067,BAGAZAN,2022,09,25,0.0,36.4,24.6
104067,BAGAZAN,2022,09,26,0.0,36.6,24.2
104067,BAGAZAN,2022,09,27,0.0,36.4,24.4
104067,BAGAZAN,2022,09,28,0.0,38.0,25.4
104067,BAGAZAN,2022,09,29,0.0,34.2,24.0
104067,BAGAZAN,2022,09,30,0.0,34.2,24.0
104067,BAGAZAN,2022,10,01,0.0,34.6,25.0
104067,BAGAZAN,2022,10,02,0.0,32.6,24.4
104067,BAGAZAN,2022,10,03,0.0,38.0,25.4
104067,BAGAZAN,2022,10,04,0.0,35.4,25.6
104067,BAGAZAN,2022,10,05,0.0,36.6,24.4
104067,BAGAZAN,2022,10,06,5.4,34.0,25.2
104067,BAGAZAN,2022,10,07,14.5,32.0,24.6
104067,BAGAZAN,2022,10,08,0.0,31.2,23.2
104067,BAGAZAN,2022,10,09,0.0,36.2,25.4
104067,BAGAZAN,2022,10,10,0.0,35.4,24.2
104067,BAGAZAN,2022,10,11,0.0,36.8,25.6
104067,BAGAZAN,2022,10,12,0.0,34.0,24.2
104067,BAGAZAN,2022,10,13,0.0,33.2,25.4
104067,BAGAZAN,2022,10,14,32.4,32.0,23.6
104067,BAGAZAN,2022,10,15,0.0,31.2,22.0
104067,BAGAZAN,2022,10,16,8.2,31.2,22.4
104067,BAGAZAN,2022,10,17,0.0,32.2,22.6
104067,BAGAZAN,2022,10,18,38.4,31.0,23.4
104067,BAGAZAN,2022,10,19,8.4,32.0,23.2
104067,BAGAZAN,2022,10,20,0.0,33.2,24.0
104067,BAGAZAN,2022,10,21,0.0,34.2,23.6
104067,BAGAZAN,2022,10,22,62.4,33.0,24.0
104067,BAGAZAN,2022,10,23,0.0,32.6,23.0
104067,BAGAZAN,2022,10,24,0.0,35.0,24.4
104067,BAGAZAN,2022,10,25,0.0,35.4,24.6
104067,BAGAZAN,2022,10,26,0.0,34.0,24.2
104067,BAGAZAN,2022,10,27,0.0,33.6,24.0
104067,BAGAZAN,2022,10,28,0.0,33.0,23.6
104067,BAGAZAN,2022,10,29,0.0,34.0,23.0
104067,BAGAZAN,2022,10,30,0.0,35.4,23.2
104067,BAGAZAN,2022,10,31,62.4,36.4,24.6
104067,BAGAZAN,2022,11,01,82.6,32.0,25.2
104067,BAGAZAN,2022,11,02,0.0,28.2,18.4
104067,BAGAZAN,2022,11,03,0.0,29.0,22.0
104067,BAGAZAN,2022,11,04,0.0,33.6,23.0
104067,BAGAZAN,2022,11,05,0.0,34.2,23.4
104067,BAGAZAN,2022,11,06,0.0,35.2,23.6
104067,BAGAZAN,2022,11,07,0.0,35.2,25.0
104067,BAGAZAN,2022,11,08,0.0,35.0,25.2
104067,BAGAZAN,2022,11,09,0.0,33.6,23.4
104067,BAGAZAN,2022,11,10,28.4,32.2,25.6
104067,BAGAZAN,2022,11,11,0.0,33.6,23.4
104067,BAGAZAN,2022,11,12,0.0,33.4,23.0
104067,BAGAZAN,2022,11,13,0.0,34.6,24.2
104067,BAGAZAN,2022,11,14,15.4,32.6,24.0
104067,BAGAZAN,2022,11,15,81.2,32.2,23.0
104067,BAGAZAN,2022,11,16,0.0,31.4,23.6
104067,BAGAZAN,2022,11,17,4.2,30.4,22.2
104067,BAGAZAN,2022,11,18,0.0,33.6,24.0
104067,BAGAZAN,2022,11,19,0.0,35.0,24.2
104067,BAGAZAN,2022,11,20,0.0,34.2,25.0
104067,BAGAZAN,2022,11,21,8.2,34.4,26.2
104067,BAGAZAN,2022,11,22,61.0,33.4,24.2
104067,BAGAZAN,2022,11,23,0.0,29.6,22.4
104067,BAGAZAN,2022,11,24,0.0,33.0,23.4
104067,BAGAZAN,2022,11,25,31.2,30.2,23.0
104067,BAGAZAN,2022,11,26,0.0,32.4,23.6
104067,BAGAZAN,2022,11,27,2.2,33.2,22.4
104067,BAGAZAN,2022,11,28,2.4,32.4,23.2
104067,BAGAZAN,2022,11,29,0.0,34.6,23.4
104067,BAGAZAN,2022,11,30,0.0,35.2,24.6
104067,BAGAZAN,2022,12,01,0.0,36.2,25.4
104067,BAGAZAN,2022,12,02,4.2,34.6,24.2
104067,BAGAZAN,2022,12,03,0.0,30.2,23.4
104067,BAGAZAN,2022,12,04,0.0,36.0,25.2
104067,BAGAZAN,2022,12,05,2.2,34.4,25.6
104067,BAGAZAN,2022,12,06,0.0,30.2,24.4
104067,BAGAZAN,2022,12,07,0.0,34.0,23.0
104067,BAGAZAN,2022,12,08,6.2,34.2,24.4
104067,BAGAZAN,2022,12,09,4.2,32.2,23.6
104067,BAGAZAN,2022,12,10,0.0,33.6,24.2
104067,BAGAZAN,2022,12,11,0.0,35.2,25.0
104067,BAGAZAN,2022,12,12,0.0,34.0,24.2
104067,BAGAZAN,2022,12,13,2.0,31.2,23.4
104067,BAGAZAN,2022,12,14,0.0,34.2,23.0
104067,BAGAZAN,2022,12,15,0.0,32.2,24.4
104067,BAGAZAN,2022,12,16,28.6,31.2,23.0
104067,BAGAZAN,2022,12,17,0.0,30.2,22.6
104067,BAGAZAN,2022,12,18,0.0,34.2,23.4
104067,BAGAZAN,2022,12,19,34.0,30.0,24.0
104067,BAGAZAN,2022,12,20,24.2,29.6,22.0
104067,BAGAZAN,2022,12,21,11.5,32.2,24.0
104067,BAGAZAN,2022,12,22,0.0,33.2,23.2
104067,BAGAZAN,2022,12,23,0.0,34.2,24.0
104067,BAGAZAN,2022,12,24,0.0,34.0,24.6
104067,BAGAZAN,2022,12,25,0.0,34.4,24.0
104067,BAGAZAN,2022,12,26,0.0,33.4,24.0
104067,BAGAZAN,2022,12,27,0.0,35.4,24.6
104067,BAGAZAN,2022,12,28,0.0,35.4,25.2
104067,BAGAZAN,2022,12,29,0.0,34.2,23.0
104067,BAGAZAN,2022,12,30,11.8,32.6,23.4
104067,BAGAZAN,2022,12,31,11.7,34.0,22.0
104067,BAGAZAN,2023,01,01,0.0,33.4,23.2
104067,BAGAZAN,2023,01,02,0.0,35.6,23.0
104067,BAGAZAN,2023,01,03,0.0,36.2,24.2
104067,BAGAZAN,2023,01,04,0.0,36.6,24.6
104067,BAGAZAN,2023,01,05,6.4,35.4,25.2
104067,BAGAZAN,2023,01,06,33.8,31.4,22.6
104067,BAGAZAN,2023,01,07,0.0,31.0,21.4
104067,BAGAZAN,2023,01,08,37.6,31.2,23.2
104067,BAGAZAN,2023,01,09,2.5,32.2,22.0
104067,BAGAZAN,2023,01,10,3.0,32.4,23.6
104067,BAGAZAN,2023,01,11,0.0,34.6,22.4
104067,BAGAZAN,2023,01,12,0.0,33.6,23.4
104067,BAGAZAN,2023,01,13,0.0,34.6,22.4
104067,BAGAZAN,2023,01,14,48.6,31.4,24.6
104067,BAGAZAN,2023,01,15,51.2,32.2,23.0
104067,BAGAZAN,2023,01,16,0.0,32.4,22.2
104067,BAGAZAN,2023,01,17,3.2,33.4,23.6
104067,BAGAZAN,2023,01,18,48.6,34.2,23.0
104067,BAGAZAN,2023,01,19,58.7,30.6,23.2
104067,BAGAZAN,2023,01,20,0.0,32.0,22.6
104067,BAGAZAN,2023,01,21,4.2,34.0,23.6
104067,BAGAZAN,2023,01,22,7.4,30.0,23.2
104067,BAGAZAN,2023,01,23,28.2,33.6,23.6
104067,BAGAZAN,2023,01,24,3.0,34.0,22.4
104067,BAGAZAN,2023,01,25,0.0,35.4,24.2
104067,BAGAZAN,2023,01,26,7.2,35.6,25.2
104067,BAGAZAN,2023,01,27,0.0,36.0,25.0
104067,BAGAZAN,2023,01,28,0.0,34.4,26.2
104067,BAGAZAN,2023,01,29,0.0,33.0,23.2
104067,BAGAZAN,2023,01,30,0.0,33.4,22.6
104067,BAGAZAN,2023,01,31,0.0,36.2,25.0
104067,BAGAZAN,2023,02,01,0.0,35.6,24.6
104067,BAGAZAN,2023,02,02,0.0,34.2,24.4
104067,BAGAZAN,2023,02,03,0.0,32.2,22.6
104067,BAGAZAN,2023,02,04,4.6,33.4,24.2
104067,BAGAZAN,2023,02,05,5.2,30.4,22.4
104067,BAGAZAN,2023,02,06,0.0,34.2,23.0
104067,BAGAZAN,2023,02,07,0.0,34.8,23.6
104067,BAGAZAN,2023,02,08,20.2,-999,-999
104067,BAGAZAN,2023,02,09,3.2,-999,22.4
104067,BAGAZAN,2023,02,10,0.0,-999,24.0
104067,BAGAZAN,2023,02,11,7.0,34.0,23.4
104067,BAGAZAN,2023,02,12,9.8,32.4,23.6
104067,BAGAZAN,2023,02,13,4.2,34.2,24.0
104067,BAGAZAN,2023,02,14,30.2,32.4,22.0
104067,BAGAZAN,2023,02,15,0.0,34.4,22.2
104067,BAGAZAN,2023,02,16,0.0,34.2,23.4
104067,BAGAZAN,2023,02,17,0.0,35.2,24.6
104067,BAGAZAN,2023,02,18,4.5,33.6,24.4
104067,BAGAZAN,2023,02,19,30.4,30.2,23.0
104067,BAGAZAN,2023,02,20,32.0,32.4,22.6
104067,BAGAZAN,2023,02,21,0.0,34.0,23.2
104067,BAGAZAN,2023,02,22,60.6,34.2,23.0
104067,BAGAZAN,2023,02,23,8.0,33.4,22.2
104067,BAGAZAN,2023,02,24,0.0,34.0,22.6
104067,BAGAZAN,2023,02,25,17.8,33.6,24.4
104067,BAGAZAN,2023,02,26,0.0,33.0,22.4
104067,BAGAZAN,2023,02,27,13.4,33.4,22.0
104067,BAGAZAN,2023,02,28,27.0,33.2,21.6
104067,BAGAZAN,2023,03,01,0.0,33.2,22.0
104067,BAGAZAN,2023,03,02,23.2,30.2,21.4
104067,BAGAZAN,2023,03,03,56.5,34.0,24.2
104067,BAGAZAN,2023,03,04,12.7,33.2,22.4
104067,BAGAZAN,2023,03,05,118.6,34.0,23.4
104067,BAGAZAN,2023,03,06,0.0,33.2,22.4
104067,BAGAZAN,2023,03,07,0.0,34.6,24.4
104067,BAGAZAN,2023,03,08,0.0,34.0,23.2
104067,BAGAZAN,2023,03,09,131.9,34.4,24.4
104067,BAGAZAN,2023,03,10,14.5,31.4,22.2
104067,BAGAZAN,2023,03,11,0.0,33.4,23.0
104067,BAGAZAN,2023,03,12,0.0,32.2,23.4
104067,BAGAZAN,2023,03,13,17.1,31.2,22.4
104067,BAGAZAN,2023,03,14,10.8,32.4,23.0
104067,BAGAZAN,2023,03,15,0.0,34.0,23.4
104067,BAGAZAN,2023,03,16,0.0,35.4,24.0
104067,BAGAZAN,2023,03,17,0.0,36.4,24.2
104067,BAGAZAN,2023,03,18,0.0,32.2,24.6
104067,BAGAZAN,2023,03,19,11.0,31.0,23.2
104067,BAGAZAN,2023,03,20,0.0,34.6,22.0
104067,BAGAZAN,2023,03,21,0.0,35.2,24.0
104067,BAGAZAN,2023,03,22,0.0,35.2,24.4
104067,BAGAZAN,2023,03,23,0.0,35.6,23.4
104067,BAGAZAN,2023,03,24,3.5,30.2,23.0
104067,BAGAZAN,2023,03,25,2.6,34.4,22.6
104067,BAGAZAN,2023,03,26,16.1,33.4,23.6
104067,BAGAZAN,2023,03,27,38.5,33.6,23.4
104067,BAGAZAN,2023,03,28,6.0,33.8,23.2
104067,BAGAZAN,2023,03,29,2.7,34.6,24.2
104067,BAGAZAN,2023,03,30,56.4,35.2,23.4
104067,BAGAZAN,2023,03,31,26.0,33.2,22.6
104067,BAGAZAN,2023,04,01,0.0,34.2,23.2
104067,BAGAZAN,2023,04,02,0.0,33.6,22.2
104067,BAGAZAN,2023,04,03,2.5,33.4,23.2
104067,BAGAZAN,2023,04,04,16.4,32.4,22.6
104067,BAGAZAN,2023,04,05,0.0,33.6,22.0
104067,BAGAZAN,2023,04,06,2.6,32.2,22.4
104067,BAGAZAN,2023,04,07,2.4,33.4,23.2
104067,BAGAZAN,2023,04,08,8.0,33.4,23.0
104067,BAGAZAN,2023,04,09,0.0,32.2,21.4
104067,BAGAZAN,2023,04,10,0.0,34.0,24.4
104067,BAGAZAN,2023,04,11,0.0,35.2,25.4
104067,BAGAZAN,2023,04,12,12.5,36.0,25.6
104067,BAGAZAN,2023,04,13,35.6,34.2,23.4
104067,BAGAZAN,2023,04,14,0.0,34.4,23.6
104067,BAGAZAN,2023,04,15,4.2,30.0,22.4
104067,BAGAZAN,2023,04,16,0.0,33.4,23.0
104067,BAGAZAN,2023,04,17,33.7,31.2,22.4
104067,BAGAZAN,2023,04,18,0.0,34.2,23.0
104067,BAGAZAN,2023,04,19,0.0,33.4,24.6
104067,BAGAZAN,2023,04,20,36.8,32.4,24.0
104067,BAGAZAN,2023,04,21,0.0,32.0,21.6
104067,BAGAZAN,2023,04,22,2.6,32.4,22.4
104067,BAGAZAN,2023,04,23,2.5,34.0,23.2
104067,BAGAZAN,2023,04,24,29.6,31.2,22.4
104067,BAGAZAN,2023,04,25,0.0,34.2,23.0
104067,BAGAZAN,2023,04,26,7.2,33.6,24.2
104067,BAGAZAN,2023,04,27,0.0,34.2,21.4
104067,BAGAZAN,2023,04,28,6.4,33.6,22.4
104067,BAGAZAN,2023,04,29,0.0,35.4,23.2
104067,BAGAZAN,2023,04,30,-999,33.2,23.6
104067,BAGAZAN,2023,05,01,-999,-999,-999
104067,BAGAZAN,2023,05,02,2.0,34.0,23.2
104067,BAGAZAN,2023,05,03,12.0,34.4,24.6
104067,BAGAZAN,2023,05,04,10.2,33.6,25.0
104067,BAGAZAN,2023,05,05,0.0,33.0,24.2
104067,BAGAZAN,2023,05,06,-999,31.0,22.2
104067,BAGAZAN,2023,05,07,-999,-999,-999
104067,BAGAZAN,2023,05,08,29.2,30.4,22.4
104067,BAGAZAN,2023,05,09,25.6,30.0,22.2
104067,BAGAZAN,2023,05,10,5.2,33.4,23.2
104067,BAGAZAN,2023,05,11,7.9,32.4,24.0
104067,BAGAZAN,2023,05,12,0.0,33.2,23.4
104067,BAGAZAN,2023,05,13,-999,33.4,23.2
104067,BAGAZAN,2023,05,14,-999,-999,-999
104067,BAGAZAN,2023,05,15,12.0,33.2,23.6
104067,BAGAZAN,2023,05,16,6.2,33.0,21.4
104067,BAGAZAN,2023,05,17,2.0,35.0,24.2
104067,BAGAZAN,2023,05,18,0.0,35.4,24.0
104067,BAGAZAN,2023,05,19,62.0,33.4,24.2
104067,BAGAZAN,2023,05,20,-999,34.4,23.4
104067,BAGAZAN,2023,05,21,-999,-999,-999
104067,BAGAZAN,2023,05,22,4.2,35.2,24.4
104067,BAGAZAN,2023,05,23,21.0,31.2,23.2
104067,BAGAZAN,2023,05,24,2.4,32.4,22.0
104067,BAGAZAN,2023,05,25,4.5,35.2,23.6
104067,BAGAZAN,2023,05,26,0.0,34.0,24.0
104067,BAGAZAN,2023,05,27,-999,34.2,23.4
104067,BAGAZAN,2023,05,28,-999,-999,-999
104067,BAGAZAN,2023,05,29,0.0,35.2,24.4
104067,BAGAZAN,2023,05,30,6.8,34.6,25.6
104067,BAGAZAN,2023,05,31,-999,35.0,25.2
104067,BAGAZAN,2023,06,01,2.0,33.4,23.4
104067,BAGAZAN,2023,06,02,55.4,31.2,23.4
104067,BAGAZAN,2023,06,03,-999,33.2,23.0
104067,BAGAZAN,2023,06,04,-999,-999,-999
104067,BAGAZAN,2023,06,05,22.0,33.6,22.4
104067,BAGAZAN,2023,06,06,20.4,32.4,23.0
104067,BAGAZAN,2023,06,07,13.7,33.4,22.2
104067,BAGAZAN,2023,06,08,0.0,35.6,23.4
104067,BAGAZAN,2023,06,09,18.0,36.0,24.2
104067,BAGAZAN,2023,06,10,-999,33.0,22.4
104067,BAGAZAN,2023,06,11,-999,-999,-999
104067,BAGAZAN,2023,06,12,0.0,34.2,24.0
104067,BAGAZAN,2023,06,13,52.5,35.2,24.4
104067,BAGAZAN,2023,06,14,0.0,29.0,22.2
104067,BAGAZAN,2023,06,15,0.0,26.4,18.0
104067,BAGAZAN,2023,06,16,0.0,29.2,18.4
104067,BAGAZAN,2023,06,17,-999,30.0,19.4
104067,BAGAZAN,2023,06,18,-999,-999,-999
104067,BAGAZAN,2023,06,19,0.0,35.4,24.2
104067,BAGAZAN,2023,06,20,0.0,35.0,23.6
104067,BAGAZAN,2023,06,21,5.0,34.0,23.2
104067,BAGAZAN,2023,06,22,0.0,35.2,23.6
104067,BAGAZAN,2023,06,23,21.0,33.6,24.6
104067,BAGAZAN,2023,06,24,-999,34.2,23.0
104067,BAGAZAN,2023,06,25,-999,-999,-999
104067,BAGAZAN,2023,06,26,2.0,34.6,22.6
104067,BAGAZAN,2023,06,27,5.2,34.2,23.4
104067,BAGAZAN,2023,06,28,-999,35.0,24.0
104067,BAGAZAN,2023,06,29,-999,-999,-999
104067,BAGAZAN,2023,06,30,0.0,35.4,25.2
104067,BAGAZAN,2023,07,01,-999,36.2,25.6
104067,BAGAZAN,2023,07,02,-999,-999,-999
104067,BAGAZAN,2023,07,03,0.0,36.4,24.2
104067,BAGAZAN,2023,07,04,0.0,36.6,24.4
104067,BAGAZAN,2023,07,05,2.2,37.2,24.2
104067,BAGAZAN,2023,07,06,22.8,34.0,23.4
104067,BAGAZAN,2023,07,07,0.0,34.2,22.4
104067,BAGAZAN,2023,07,08,-999,35.2,22.6
104067,BAGAZAN,2023,07,09,-999,-999,-999
104067,BAGAZAN,2023,07,10,0.0,37.2,24.2
104067,BAGAZAN,2023,07,11,0.0,37.4,25.2
104067,BAGAZAN,2023,07,12,0.0,36.6,26.0
104067,BAGAZAN,2023,07,13,0.0,38.4,25.4
104067,BAGAZAN,2023,07,14,20.6,33.2,25.6
104067,BAGAZAN,2023,07,15,-999,33.4,23.0
104067,BAGAZAN,2023,07,16,-999,-999,-999
104067,BAGAZAN,2023,07,17,2.2,34.4,23.6
104067,BAGAZAN,2023,07,18,2.4,36.2,24.6
104067,BAGAZAN,2023,07,19,10.5,33.2,24.4
104067,BAGAZAN,2023,07,20,0.0,34.4,23.0
104067,BAGAZAN,2023,07,21,0.0,34.6,23.4
104067,BAGAZAN,2023,07,22,-999,36.0,24.6
104067,BAGAZAN,2023,07,23,-999,-999,-999
104067,BAGAZAN,2023,07,24,0.0,33.4,23.6
104067,BAGAZAN,2023,07,25,0.0,36.6,23.4
104067,BAGAZAN,2023,07,26,0.0,37.6,25.2
104067,BAGAZAN,2023,07,27,-999,37.4,26.2
104067,BAGAZAN,2023,07,28,-999,-999,-999
104067,BAGAZAN,2023,07,29,-999,-999,-999
104067,BAGAZAN,2023,07,30,-999,-999,-999
104067,BAGAZAN,2023,07,31,0.0,36.0,23.4
104067,BAGAZAN,2023,08,01,0.0,33.2,23.0
104067,BAGAZAN,2023,08,02,0.0,34.2,23.4
104067,BAGAZAN,2023,08,03,14.6,35.4,24.4
104067,BAGAZAN,2023,08,04,30.6,34.4,25.0
104067,BAGAZAN,2023,08,05,-999,34.0,23.6
104067,BAGAZAN,2023,08,06,-999,-999,-999
104067,BAGAZAN,2023,08,07,0.0,37.2,23.0
104067,BAGAZAN,2023,08,08,10.0,34.2,25.0
104067,BAGAZAN,2023,08,09,12.0,35.2,23.0
104067,BAGAZAN,2023,08,10,0.0,37.4,24.6
104067,BAGAZAN,2023,08,11,0.0,34.6,24.4
104067,BAGAZAN,2023,08,12,-999,34.2,25.4
104067,BAGAZAN,2023,08,13,-999,-999,-999
104067,BAGAZAN,2023,08,14,0.0,33.2,22.6
104067,BAGAZAN,2023,08,15,0.0,35.6,23.4
104067,BAGAZAN,2023,08,16,0.0,37.4,24.6
104067,BAGAZAN,2023,08,17,0.0,38.2,25.0
104067,BAGAZAN,2023,08,18,0.0,38.4,26.2
104067,BAGAZAN,2023,08,19,-999,38.0,26.0
104067,BAGAZAN,2023,08,20,-999,-999,-999
104067,BAGAZAN,2023,08,21,5.2,34.2,24.0
104067,BAGAZAN,2023,08,22,4.2,33.4,23.6
104067,BAGAZAN,2023,08,23,0.0,38.2,24.4
104067,BAGAZAN,2023,08,24,0.0,38.0,25.2
104067,BAGAZAN,2023,08,25,0.0,38.2,24.0
104067,BAGAZAN,2023,08,26,-999,37.6,24.2
104067,BAGAZAN,2023,08,27,-999,-999,-999
104067,BAGAZAN,2023,08,28,3.3,35.4,23.2
104067,BAGAZAN,2023,08,29,-999,35.2,23.4
104067,BAGAZAN,2023,08,30,-999,-999,-999
104067,BAGAZAN,2023,08,31,0.0,38.4,24.0
104067,BAGAZAN,2023,09,01,0.0,36.4,25.0
104067,BAGAZAN,2023,09,02,-999,37.6,25.2
104067,BAGAZAN,2023,09,03,-999,-999,-999
104067,BAGAZAN,2023,09,04,14.6,34.2,24.4
104067,BAGAZAN,2023,09,05,35.2,33.2,23.4
104067,BAGAZAN,2023,09,06,0.0,34.2,22.4
104067,BAGAZAN,2023,09,07,0.0,35.2,24.0
104067,BAGAZAN,2023,09,08,0.0,37.4,25.2
104067,BAGAZAN,2023,09,09,-999,34.2,24.4
104067,BAGAZAN,2023,09,10,-999,-999,-999
104067,BAGAZAN,2023,09,11,0.0,35.2,24.6
104067,BAGAZAN,2023,09,12,4.5,34.6,25.0
104067,BAGAZAN,2023,09,13,0.0,34.0,23.6
104067,BAGAZAN,2023,09,14,14.0,35.0,24.2
104067,BAGAZAN,2023,09,15,0.0,33.4,23.0
104067,BAGAZAN,2023,09,16,-999,34.6,24.2
104067,BAGAZAN,2023,09,17,-999,-999,-999
104067,BAGAZAN,2023,09,18,0.0,-999,-999
104067,BAGAZAN,2023,09,19,8.3,-999,-999
104067,BAGAZAN,2023,09,20,0.0,-999,-999
104067,BAGAZAN,2023,09,21,6.0,-999,-999
104067,BAGAZAN,2023,09,22,6.8,-999,-999
104067,BAGAZAN,2023,09,23,-999,-999,-999
104067,BAGAZAN,2023,09,24,-999,-999,-999
104067,BAGAZAN,2023,09,25,0.0,-999,-999
104067,BAGAZAN,2023,09,26,0.0,-999,-999
104067,BAGAZAN,2023,09,27,0.0,-999,-999
104067,BAGAZAN,2023,09,28,0.0,-999,-999
104067,BAGAZAN,2023,09,29,18.6,-999,-999
104067,BAGAZAN,2023,09,30,11.2,-999,-999
104067,BAGAZAN,2023,10,01,-999,-999,-999
104067,BAGAZAN,2023,10,02,3.9,-999,-999
104067,BAGAZAN,2023,10,03,0.0,-999,-999
104067,BAGAZAN,2023,10,04,0.0,-999,-999
104067,BAGAZAN,2023,10,05,0.0,-999,-999
104067,BAGAZAN,2023,10,06,0.0,-999,-999
104067,BAGAZAN,2023,10,07,-999,-999,-999
104067,BAGAZAN,2023,10,08,-999,-999,-999
104067,BAGAZAN,2023,10,09,0.0,-999,-999
104067,BAGAZAN,2023,10,10,0.0,-999,-999
104067,BAGAZAN,2023,10,11,0.0,-999,-999
104067,BAGAZAN,2023,10,12,7.2,-999,-999
104067,BAGAZAN,2023,10,13,0.0,-999,-999
104067,BAGAZAN,2023,10,14,-999,-999,-999
104067,BAGAZAN,2023,10,15,-999,-999,-999
104067,BAGAZAN,2023,10,16,0.0,-999,-999
104067,BAGAZAN,2023,10,17,0.0,-999,-999
104067,BAGAZAN,2023,10,18,8.5,-999,-999
104067,BAGAZAN,2023,10,19,0.0,-999,-999
104067,BAGAZAN,2023,10,20,28.7,-999,-999
104067,BAGAZAN,2023,10,21,-999,-999,-999
104067,BAGAZAN,2023,10,22,-999,-999,-999
104067,BAGAZAN,2023,10,23,0.0,-999,-999
104067,BAGAZAN,2023,10,24,0.0,-999,-999
104067,BAGAZAN,2023,10,25,0.0,-999,-999
104067,BAGAZAN,2023,10,26,0.0,-999,-999
104067,BAGAZAN,2023,10,27,5.2,-999,-999
104067,BAGAZAN,2023,10,28,-999,-999,-999
104067,BAGAZAN,2023,10,29,-999,-999,-999
104067,BAGAZAN,2023,10,30,0.0,-999,-999
104067,BAGAZAN,2023,10,31,0.0,-999,-999
104067,BAGAZAN,2023,11,01,-999,-999,-999
104067,BAGAZAN,2023,11,02,0.0,-999,-999
104067,BAGAZAN,2023,11,03,0.0,-999,-999
104067,BAGAZAN,2023,11,04,-999,-999,-999
104067,BAGAZAN,2023,11,05,-999,-999,-999
104067,BAGAZAN,2023,11,06,0.0,-999,-999
104067,BAGAZAN,2023,11,07,0.0,-999,-999
104067,BAGAZAN,2023,11,08,5.4,-999,-999
104067,BAGAZAN,2023,11,09,20.4,-999,-999
104067,BAGAZAN,2023,11,10,9.0,-999,-999
104067,BAGAZAN,2023,11,11,-999,-999,-999
104067,BAGAZAN,2023,11,12,-999,-999,-999
104067,BAGAZAN,2023,11,13,0.0,-999,-999
104067,BAGAZAN,2023,11,14,0.0,-999,-999
104067,BAGAZAN,2023,11,15,33.0,-999,-999
104067,BAGAZAN,2023,11,16,0.0,-999,-999
104067,BAGAZAN,2023,11,17,0.0,-999,-999
104067,BAGAZAN,2023,11,18,-999,-999,-999
104067,BAGAZAN,2023,11,19,-999,-999,-999
104067,BAGAZAN,2023,11,20,3.2,-999,-999
104067,BAGAZAN,2023,11,21,0.0,-999,-999
104067,BAGAZAN,2023,11,22,0.0,-999,-999
104067,BAGAZAN,2023,11,23,0.0,-999,-999
104067,BAGAZAN,2023,11,24,56.4,-999,-999
104067,BAGAZAN,2023,11,25,-999,-999,-999
104067,BAGAZAN,2023,11,26,-999,-999,-999
104067,BAGAZAN,2023,11,27,3.2,-999,-999
104067,BAGAZAN,2023,11,28,16.5,-999,-999
104067,BAGAZAN,2023,11,29,55.5,-999,-999
104067,BAGAZAN,2023,11,30,16.6,-999,-999
104067,BAGAZAN,2023,12,01,0.0,-999,-999
104067,BAGAZAN,2023,12,02,-999,-999,-999
104067,BAGAZAN,2023,12,03,-999,-999,-999
104067,BAGAZAN,2023,12,04,8.7,-999,-999
104067,BAGAZAN,2023,12,05,94.7,-999,-999
104067,BAGAZAN,2023,12,06,3.2,-999,-999
104067,BAGAZAN,2023,12,07,-999,-999,-999
104067,BAGAZAN,2023,12,08,-999,-999,-999
104067,BAGAZAN,2023,12,09,-999,-999,-999
104067,BAGAZAN,2023,12,10,-999,-999,-999
104067,BAGAZAN,2023,12,11,28.0,-999,-999
104067,BAGAZAN,2023,12,12,0.0,-999,-999
104067,BAGAZAN,2023,12,13,24.0,-999,-999
104067,BAGAZAN,2023,12,14,2.2,-999,-999
104067,BAGAZAN,2023,12,15,0.0,-999,-999
104067,BAGAZAN,2023,12,16,-999,-999,-999
104067,BAGAZAN,2023,12,17,-999,-999,-999
104067,BAGAZAN,2023,12,18,0.0,-999,-999
104067,BAGAZAN,2023,12,19,0.0,-999,-999
104067,BAGAZAN,2023,12,20,0.0,-999,-999
104067,BAGAZAN,2023,12,21,27.0,-999,-999
104067,BAGAZAN,2023,12,22,0.0,-999,-999
104067,BAGAZAN,2023,12,23,-999,-999,-999
104067,BAGAZAN,2023,12,24,-999,-999,-999
104067,BAGAZAN,2023,12,25,-999,-999,-999
104067,BAGAZAN,2023,12,26,27.9,-999,-999
104067,BAGAZAN,2023,12,27,0.0,-999,-999
104067,BAGAZAN,2023,12,28,0.0,-999,-999
104067,BAGAZAN,2023,12,29,0.0,-999,-999
104067,BAGAZAN,2023,12,30,-999,-999,-999
104067,BAGAZAN,2023,12,31,-999,-999,-999
104067,BAGAZAN,2024,01,01,-999,-999,-999
104067,BAGAZAN,2024,01,02,0.0,-999,-999
104067,BAGAZAN,2024,01,03,0.0,-999,-999
104067,BAGAZAN,2024,01,04,0.0,-999,-999
104067,BAGAZAN,2024,01,05,0.0,-999,-999
104067,BAGAZAN,2024,01,06,-999,-999,-999
104067,BAGAZAN,2024,01,07,-999,-999,-999
104067,BAGAZAN,2024,01,08,7.0,-999,-999
104067,BAGAZAN,2024,01,09,0.0,-999,-999
104067,BAGAZAN,2024,01,10,3.2,-999,-999
104067,BAGAZAN,2024,01,11,30.4,-999,-999
104067,BAGAZAN,2024,01,12,0.0,-999,-999
104067,BAGAZAN,2024,01,13,8.4,-999,-999
104067,BAGAZAN,2024,01,14,0.0,-999,-999
104067,BAGAZAN,2024,01,15,68.4,-999,-999
104067,BAGAZAN,2024,01,16,90.4,-999,-999
104067,BAGAZAN,2024,01,17,18.2,-999,-999
104067,BAGAZAN,2024,01,18,20.2,-999,-999
104067,BAGAZAN,2024,01,19,0.0,-999,-999
104067,BAGAZAN,2024,01,20,12.0,-999,-999
104067,BAGAZAN,2024,01,21,0.0,-999,-999
104067,BAGAZAN,2024,01,22,16.4,-999,-999
104067,BAGAZAN,2024,01,23,0.0,-999,-999
104067,BAGAZAN,2024,01,24,0.0,-999,-999
104067,BAGAZAN,2024,01,25,0.0,-999,-999
104067,BAGAZAN,2024,01,26,0.0,-999,-999
104067,BAGAZAN,2024,01,27,0.0,-999,-999
104067,BAGAZAN,2024,01,28,0.0,-999,-999
104067,BAGAZAN,2024,01,29,0.0,-999,-999
104067,BAGAZAN,2024,01,30,12.5,-999,-999
104067,BAGAZAN,2024,01,31,0.0,-999,-999
104067,BAGAZAN,2024,02,01,0.0,-999,-999
104067,BAGAZAN,2024,02,02,0.0,-999,-999
104067,BAGAZAN,2024,02,03,26.2,-999,-999
104067,BAGAZAN,2024,02,04,20.2,-999,-999
104067,BAGAZAN,2024,02,05,50.4,-999,-999
104067,BAGAZAN,2024,02,06,6.8,-999,-999
104067,BAGAZAN,2024,02,07,0.0,-999,-999
104067,BAGAZAN,2024,02,08,14.2,-999,-999
104067,BAGAZAN,2024,02,09,0.0,-999,-999
104067,BAGAZAN,2024,02,10,6.2,-999,-999
104067,BAGAZAN,2024,02,11,0.0,-999,-999
104067,BAGAZAN,2024,02,12,40.0,-999,-999
104067,BAGAZAN,2024,02,13,0.0,-999,-999
104067,BAGAZAN,2024,02,14,115.1,-999,-999
104067,BAGAZAN,2024,02,15,45.2,-999,-999
104067,BAGAZAN,2024,02,16,0.0,-999,-999
104067,BAGAZAN,2024,02,17,26.2,-999,-999
104067,BAGAZAN,2024,02,18,0.0,-999,-999
104067,BAGAZAN,2024,02,19,0.0,-999,-999
104067,BAGAZAN,2024,02,20,0.0,-999,-999
104067,BAGAZAN,2024,02,21,0.0,-999,-999
104067,BAGAZAN,2024,02,22,0.0,-999,-999
104067,BAGAZAN,2024,02,23,0.0,-999,-999
104067,BAGAZAN,2024,02,24,0.0,-999,-999
104067,BAGAZAN,2024,02,25,0.0,-999,-999
104067,BAGAZAN,2024,02,26,62.2,-999,-999
104067,BAGAZAN,2024,02,27,0.0,-999,-999
104067,BAGAZAN,2024,02,28,0.0,-999,-999
104067,BAGAZAN,2024,02,29,0.0,-999,-999
104067,BAGAZAN,2024,03,01,6.2,-999,-999
104067,BAGAZAN,2024,03,02,0.0,-999,-999
104067,BAGAZAN,2024,03,03,0.0,-999,-999
104067,BAGAZAN,2024,03,04,0.0,-999,-999
104067,BAGAZAN,2024,03,05,0.0,-999,-999
104067,BAGAZAN,2024,03,06,2.5,-999,-999
104067,BAGAZAN,2024,03,07,11.0,-999,-999
104067,BAGAZAN,2024,03,08,58.0,-999,-999
104067,BAGAZAN,2024,03,09,0.0,-999,-999
104067,BAGAZAN,2024,03,10,32.0,-999,-999
104067,BAGAZAN,2024,03,11,4.5,-999,-999
104067,BAGAZAN,2024,03,12,0.0,-999,-999
104067,BAGAZAN,2024,03,13,3.4,-999,-999
104067,BAGAZAN,2024,03,14,10.2,-999,-999
104067,BAGAZAN,2024,03,15,9.5,-999,-999
104067,BAGAZAN,2024,03,16,0.0,-999,-999
104067,BAGAZAN,2024,03,17,56.6,-999,-999
104067,BAGAZAN,2024,03,18,0.0,-999,-999
104067,BAGAZAN,2024,03,19,19.9,-999,-999
104067,BAGAZAN,2024,03,20,0.0,-999,-999
104067,BAGAZAN,2024,03,21,2.6,-999,-999
104067,BAGAZAN,2024,03,22,32.7,-999,-999
104067,BAGAZAN,2024,03,23,0.0,-999,-999
104067,BAGAZAN,2024,03,24,0.0,-999,-999
104067,BAGAZAN,2024,03,25,0.0,-999,-999
104067,BAGAZAN,2024,03,26,42.3,-999,-999
104067,BAGAZAN,2024,03,27,0.0,-999,-999
104067,BAGAZAN,2024,03,28,0.0,-999,-999
104067,BAGAZAN,2024,03,29,25.2,-999,-999
104067,BAGAZAN,2024,03,30,4.2,-999,-999
104067,BAGAZAN,2024,03,31,20.6,-999,-999
104067,BAGAZAN,2024,04,01,6.4,-999,-999
104067,BAGAZAN,2024,04,02,22.4,-999,-999
104067,BAGAZAN,2024,04,03,0.0,-999,-999
104067,BAGAZAN,2024,04,04,3.6,-999,-999
104067,BAGAZAN,2024,04,05,5.8,-999,-999
104067,BAGAZAN,2024,04,06,0.0,-999,-999
104067,BAGAZAN,2024,04,07,0.0,-999,-999
104067,BAGAZAN,2024,04,08,0.0,-999,-999
104067,BAGAZAN,2024,04,09,0.0,-999,-999
104067,BAGAZAN,2024,04,10,17.2,-999,-999
104067,BAGAZAN,2024,04,11,3.4,-999,-999
104067,BAGAZAN,2024,04,12,0.0,-999,-999
104067,BAGAZAN,2024,04,13,40.0,-999,-999
104067,BAGAZAN,2024,04,14,0.0,-999,-999
104067,BAGAZAN,2024,04,15,39.4,-999,-999
104067,BAGAZAN,2024,04,16,0.0,-999,-999
104067,BAGAZAN,2024,04,17,50.4,-999,-999
104067,BAGAZAN,2024,04,18,0.0,-999,-999
104067,BAGAZAN,2024,04,19,0.0,-999,-999
104067,BAGAZAN,2024,04,20,45.6,-999,-999
104067,BAGAZAN,2024,04,21,8.2,-999,-999
104067,BAGAZAN,2024,04,22,0.0,-999,-999
104067,BAGAZAN,2024,04,23,0.0,-999,-999
104067,BAGAZAN,2024,04,24,30.0,-999,-999
104067,BAGAZAN,2024,04,25,0.0,-999,-999
104067,BAGAZAN,2024,04,26,9.4,-999,-999
104067,BAGAZAN,2024,04,27,0.0,-999,-999
104067,BAGAZAN,2024,04,28,6.0,-999,-999
104067,BAGAZAN,2024,04,29,0.0,-999,-999
104067,BAGAZAN,2024,04,30,0.0,-999,-999
104067,BAGAZAN,2024,05,01,4.6,-999,-999
104067,BAGAZAN,2024,05,02,0.0,-999,-999
104067,BAGAZAN,2024,05,03,12.4,-999,-999
104067,BAGAZAN,2024,05,04,4.5,-999,-999
104067,BAGAZAN,2024,05,05,0.0,-999,-999
104067,BAGAZAN,2024,05,06,8.2,-999,-999
104067,BAGAZAN,2024,05,07,12.2,-999,-999
104067,BAGAZAN,2024,05,08,10.0,-999,-999
104067,BAGAZAN,2024,05,09,12.5,-999,-999
104067,BAGAZAN,2024,05,10,70.5,-999,-999
104067,BAGAZAN,2024,05,11,0.0,-999,-999
104067,BAGAZAN,2024,05,12,5.2,-999,-999
104067,BAGAZAN,2024,05,13,13.6,-999,-999
104067,BAGAZAN,2024,05,14,8.8,-999,-999
104067,BAGAZAN,2024,05,15,46.4,-999,-999
104067,BAGAZAN,2024,05,16,6.4,-999,-999
104067,BAGAZAN,2024,05,17,0.0,-999,-999
104067,BAGAZAN,2024,05,18,0.0,-999,-999
104067,BAGAZAN,2024,05,19,6.2,-999,-999
104067,BAGAZAN,2024,05,20,6.6,-999,-999
104067,BAGAZAN,2024,05,21,0.0,-999,-999
104067,BAGAZAN,2024,05,22,0.0,-999,-999
104067,BAGAZAN,2024,05,23,0.0,-999,-999
104067,BAGAZAN,2024,05,24,0.0,-999,-999
104067,BAGAZAN,2024,05,25,20.4,-999,-999
104067,BAGAZAN,2024,05,26,0.0,-999,-999
104067,BAGAZAN,2024,05,27,0.0,-999,-999
104067,BAGAZAN,2024,05,28,0.0,-999,-999
104067,BAGAZAN,2024,05,29,0.0,-999,-999
104067,BAGAZAN,2024,05,30,0.0,-999,-999
104067,BAGAZAN,2024,05,31,0.0,-999,-999
104067,BAGAZAN,2024,06,01,0.0,-999,-999
104067,BAGAZAN,2024,06,02,0.0,-999,-999
104067,BAGAZAN,2024,06,03,21.5,-999,-999
104067,BAGAZAN,2024,06,04,10.0,-999,-999
104067,BAGAZAN,2024,06,05,0.0,-999,-999
104067,BAGAZAN,2024,06,06,30.4,-999,-999
104067,BAGAZAN,2024,06,07,20.4,-999,-999
104067,BAGAZAN,2024,06,08,70.4,-999,-999
104067,BAGAZAN,2024,06,09,0.0,-999,-999
104067,BAGAZAN,2024,06,10,3.5,-999,-999
104067,BAGAZAN,2024,06,11,11.5,-999,-999
104067,BAGAZAN,2024,06,12,2.0,-999,-999
104067,BAGAZAN,2024,06,13,0.0,-999,-999
104067,BAGAZAN,2024,06,14,0.0,-999,-999
104067,BAGAZAN,2024,06,15,48.8,-999,-999
104067,BAGAZAN,2024,06,16,0.0,-999,-999
104067,BAGAZAN,2024,06,17,0.0,-999,-999
104067,BAGAZAN,2024,06,18,0.0,-999,-999
104067,BAGAZAN,2024,06,19,0.0,-999,-999
104067,BAGAZAN,2024,06,20,14.9,-999,-999
104067,BAGAZAN,2024,06,21,0.0,-999,-999
104067,BAGAZAN,2024,06,22,0.0,-999,-999
104067,BAGAZAN,2024,06,23,0.0,-999,-999
104067,BAGAZAN,2024,06,24,2.8,-999,-999
104067,BAGAZAN,2024,06,25,0.0,-999,-999
104067,BAGAZAN,2024,06,26,10.0,-999,-999
104067,BAGAZAN,2024,06,27,47.5,-999,-999
104067,BAGAZAN,2024,06,28,0.0,-999,-999
104067,BAGAZAN,2024,06,29,3.0,-999,-999
104067,BAGAZAN,2024,06,30,0.0,-999,-999
104067,BAGAZAN,2024,07,01,4.8,-999,-999
104067,BAGAZAN,2024,07,02,0.0,-999,-999
104067,BAGAZAN,2024,07,03,0.0,-999,-999
104067,BAGAZAN,2024,07,04,0.0,-999,-999
104067,BAGAZAN,2024,07,05,0.0,-999,-999
104067,BAGAZAN,2024,07,06,6.8,-999,-999
104067,BAGAZAN,2024,07,07,8.4,-999,-999
104067,BAGAZAN,2024,07,08,0.0,-999,-999
104067,BAGAZAN,2024,07,09,12.2,-999,-999
104067,BAGAZAN,2024,07,10,0.0,-999,-999
104067,BAGAZAN,2024,07,11,3.4,-999,-999
104067,BAGAZAN,2024,07,12,56.5,-999,-999
104067,BAGAZAN,2024,07,13,0.0,-999,-999
104067,BAGAZAN,2024,07,14,0.0,-999,-999
104067,BAGAZAN,2024,07,15,0.0,-999,-999
104067,BAGAZAN,2024,07,16,0.0,-999,-999
104067,BAGAZAN,2024,07,17,0.0,-999,-999
104067,BAGAZAN,2024,07,18,0.0,-999,-999
104067,BAGAZAN,2024,07,19,0.0,-999,-999
104067,BAGAZAN,2024,07,20,0.0,-999,-999
104067,BAGAZAN,2024,07,21,0.0,-999,-999
104067,BAGAZAN,2024,07,22,0.0,-999,-999
104067,BAGAZAN,2024,07,23,0.0,-999,-999
104067,BAGAZAN,2024,07,24,13.5,-999,-999
104067,BAGAZAN,2024,07,25,0.0,-999,-999
104067,BAGAZAN,2024,07,26,0.0,-999,-999
104067,BAGAZAN,2024,07,27,0.0,-999,-999
104067,BAGAZAN,2024,07,28,0.0,-999,-999
104067,BAGAZAN,2024,07,29,6.2,-999,-999
104067,BAGAZAN,2024,07,30,0.0,-999,-999
104067,BAGAZAN,2024,07,31,0.0,-999,-999
104067,BAGAZAN,2024,08,01,0.0,-999,-999
104067,BAGAZAN,2024,08,02,0.0,-999,-999
104067,BAGAZAN,2024,08,03,0.0,-999,-999
104067,BAGAZAN,2024,08,04,0.0,-999,-999
104067,BAGAZAN,2024,08,05,0.0,-999,-999
104067,BAGAZAN,2024,08,06,12.4,-999,-999
104067,BAGAZAN,2024,08,07,0.0,-999,-999
104067,BAGAZAN,2024,08,08,0.0,-999,-999
104067,BAGAZAN,2024,08,09,0.0,-999,-999
104067,BAGAZAN,2024,08,10,2.0,-999,-999
104067,BAGAZAN,2024,08,11,0.0,-999,-999
104067,BAGAZAN,2024,08,12,0.0,-999,-999
104067,BAGAZAN,2024,08,13,0.0,-999,-999
104067,BAGAZAN,2024,08,14,0.0,-999,-999
104067,BAGAZAN,2024,08,15,2.0,-999,-999
104067,BAGAZAN,2024,08,16,0.0,-999,-999
104067,BAGAZAN,2024,08,17,4.0,-999,-999
104067,BAGAZAN,2024,08,18,0.0,-999,-999
104067,BAGAZAN,2024,08,19,0.0,-999,-999
104067,BAGAZAN,2024,08,20,0.0,-999,-999
104067,BAGAZAN,2024,08,21,0.0,-999,-999
104067,BAGAZAN,2024,08,22,0.0,-999,-999
104067,BAGAZAN,2024,08,23,0.0,-999,-999
104067,BAGAZAN,2024,08,24,0.0,-999,-999
104067,BAGAZAN,2024,08,25,30.6,-999,-999
104067,BAGAZAN,2024,08,26,0.0,-999,-999
104067,BAGAZAN,2024,08,27,0.0,-999,-999
104067,BAGAZAN,2024,08,28,0.0,-999,-999
104067,BAGAZAN,2024,08,29,0.0,-999,-999
104067,BAGAZAN,2024,08,30,0.0,-999,-999
104067,BAGAZAN,2024,08,31,0.0,-999,-999
104067,BAGAZAN,2024,09,01,0.0,-999,-999
104067,BAGAZAN,2024,09,02,11.8,-999,-999
104067,BAGAZAN,2024,09,03,0.0,-999,-999
104067,BAGAZAN,2024,09,04,0.0,-999,-999
104067,BAGAZAN,2024,09,05,37.0,-999,-999
104067,BAGAZAN,2024,09,06,0.0,-999,-999
104067,BAGAZAN,2024,09,07,0.0,-999,-999
104067,BAGAZAN,2024,09,08,0.0,-999,-999
104067,BAGAZAN,2024,09,09,0.0,-999,-999
104067,BAGAZAN,2024,09,10,0.0,-999,-999
104067,BAGAZAN,2024,09,11,0.0,-999,-999
104067,BAGAZAN,2024,09,12,0.0,-999,-999
104067,BAGAZAN,2024,09,13,0.0,-999,-999
104067,BAGAZAN,2024,09,14,0.0,-999,-999
104067,BAGAZAN,2024,09,15,60.4,-999,-999
104067,BAGAZAN,2024,09,16,0.0,-999,-999
104067,BAGAZAN,2024,09,17,0.0,-999,-999
104067,BAGAZAN,2024,09,18,0.0,-999,-999
104067,BAGAZAN,2024,09,19,0.0,-999,-999
104067,BAGAZAN,2024,09,20,12.6,-999,-999
104067,BAGAZAN,2024,09,21,36.8,-999,-999
104067,BAGAZAN,2024,09,22,0.0,-999,-999
104067,BAGAZAN,2024,09,23,0.0,-999,-999
104067,BAGAZAN,2024,09,24,0.0,-999,-999
104067,BAGAZAN,2024,09,25,0.0,-999,-999
104067,BAGAZAN,2024,09,26,0.0,-999,-999
104067,BAGAZAN,2024,09,27,85.5,-999,-999
104067,BAGAZAN,2024,09,28,0.0,-999,-999
104067,BAGAZAN,2024,09,29,0.0,-999,-999
104067,BAGAZAN,2024,09,30,0.0,-999,-999
104067,BAGAZAN,2024,10,01,0.0,-999,-999
104067,BAGAZAN,2024,10,02,0.0,-999,-999
104067,BAGAZAN,2024,10,03,0.0,-999,-999
104067,BAGAZAN,2024,10,04,0.0,-999,-999
104067,BAGAZAN,2024,10,05,0.0,-999,-999
104067,BAGAZAN,2024,10,06,4.8,-999,-999
104067,BAGAZAN,2024,10,07,2.6,-999,-999
104067,BAGAZAN,2024,10,08,2.2,-999,-999
104067,BAGAZAN,2024,10,09,12.0,-999,-999
104067,BAGAZAN,2024,10,10,2.0,-999,-999
104067,BAGAZAN,2024,10,11,0.0,-999,-999
104067,BAGAZAN,2024,10,12,0.0,-999,-999
104067,BAGAZAN,2024,10,13,24.4,-999,-999
104067,BAGAZAN,2024,10,14,2.6,-999,-999
104067,BAGAZAN,2024,10,15,0.0,-999,-999
104067,BAGAZAN,2024,10,16,0.0,-999,-999
104067,BAGAZAN,2024,10,17,0.0,-999,-999
104067,BAGAZAN,2024,10,18,0.0,-999,-999
104067,BAGAZAN,2024,10,19,0.0,-999,-999
104067,BAGAZAN,2024,10,20,0.0,-999,-999
104067,BAGAZAN,2024,10,21,0.0,-999,-999
104067,BAGAZAN,2024,10,22,7.4,-999,-999
104067,BAGAZAN,2024,10,23,0.0,-999,-999
104067,BAGAZAN,2024,10,24,0.0,-999,-999
104067,BAGAZAN,2024,10,25,0.0,-999,-999
104067,BAGAZAN,2024,10,26,0.0,-999,-999
104067,BAGAZAN,2024,10,27,17.6,-999,-999
104067,BAGAZAN,2024,10,28,12.4,-999,-999
104067,BAGAZAN,2024,10,29,10.0,-999,-999
104067,BAGAZAN,2024,10,30,0.0,-999,-999
104067,BAGAZAN,2024,10,31,0.0,-999,-999
104067,BAGAZAN,2024,11,01,0.0,-999,-999
104067,BAGAZAN,2024,11,02,12.2,-999,-999
104067,BAGAZAN,2024,11,03,0.0,-999,-999
104067,BAGAZAN,2024,11,04,0.0,-999,-999
104067,BAGAZAN,2024,11,05,0.0,-999,-999
104067,BAGAZAN,2024,11,06,0.0,-999,-999
104067,BAGAZAN,2024,11,07,0.0,-999,-999
104067,BAGAZAN,2024,11,08,38.4,-999,-999
104067,BAGAZAN,2024,11,09,0.0,-999,-999
104067,BAGAZAN,2024,11,10,0.0,-999,-999
104067,BAGAZAN,2024,11,11,0.0,-999,-999
104067,BAGAZAN,2024,11,12,0.0,-999,-999
104067,BAGAZAN,2024,11,13,0.0,-999,-999
104067,BAGAZAN,2024,11,14,3.4,-999,-999
104067,BAGAZAN,2024,11,15,0.0,-999,-999
104067,BAGAZAN,2024,11,16,0.0,-999,-999
104067,BAGAZAN,2024,11,17,2.0,-999,-999
104067,BAGAZAN,2024,11,18,0.0,-999,-999
104067,BAGAZAN,2024,11,19,0.0,-999,-999
104067,BAGAZAN,2024,11,20,10.0,-999,-999
104067,BAGAZAN,2024,11,21,31.4,-999,-999
104067,BAGAZAN,2024,11,22,0.0,-999,-999
104067,BAGAZAN,2024,11,23,0.0,-999,-999
104067,BAGAZAN,2024,11,24,3.4,-999,-999
104067,BAGAZAN,2024,11,25,0.0,-999,-999
104067,BAGAZAN,2024,11,26,0.0,-999,-999
104067,BAGAZAN,2024,11,27,6.8,-999,-999
104067,BAGAZAN,2024,11,28,22.8,-999,-999
104067,BAGAZAN,2024,11,29,3.5,-999,-999
104067,BAGAZAN,2024,11,30,0.0,-999,-999
104067,BAGAZAN,2024,12,01,0.0,-999,-999
104067,BAGAZAN,2024,12,02,0.0,-999,-999
104067,BAGAZAN,2024,12,03,32.2,-999,-999
104067,BAGAZAN,2024,12,04,14.6,-999,-999
104067,BAGAZAN,2024,12,05,11.2,-999,-999
104067,BAGAZAN,2024,12,06,12.8,-999,-999
104067,BAGAZAN,2024,12,07,3.0,-999,-999
104067,BAGAZAN,2024,12,08,7.8,-999,-999
104067,BAGAZAN,2024,12,09,2.7,-999,-999
104067,BAGAZAN,2024,12,10,30.4,-999,-999
104067,BAGAZAN,2024,12,11,0.0,-999,-999
104067,BAGAZAN,2024,12,12,0.0,-999,-999
104067,BAGAZAN,2024,12,13,0.0,-999,-999
104067,BAGAZAN,2024,12,14,7.8,-999,-999
104067,BAGAZAN,2024,12,15,4.2,-999,-999
104067,BAGAZAN,2024,12,16,8.0,-999,-999
104067,BAGAZAN,2024,12,17,38.5,-999,-999
104067,BAGAZAN,2024,12,18,0.0,-999,-999
104067,BAGAZAN,2024,12,19,7.9,-999,-999
104067,BAGAZAN,2024,12,20,0.0,-999,-999
104067,BAGAZAN,2024,12,21,0.0,-999,-999
104067,BAGAZAN,2024,12,22,0.0,-999,-999
104067,BAGAZAN,2024,12,23,19.6,-999,-999
104067,BAGAZAN,2024,12,24,2.0,-999,-999
104067,BAGAZAN,2024,12,25,8.0,-999,-999
104067,BAGAZAN,2024,12,26,46.2,-999,-999
104067,BAGAZAN,2024,12,27,2.0,-999,-999
104067,BAGAZAN,2024,12,28,0.0,-999,-999
104067,BAGAZAN,2024,12,29,4.5,-999,-999
104067,BAGAZAN,2024,12,30,0.0,-999,-999
104067,BAGAZAN,2024,12,31,0.0,-999,-999
104067,BAGAZAN,2025,01,01,4.0,-999,-999
104067,BAGAZAN,2025,01,02,27.2,-999,-999
104067,BAGAZAN,2025,01,03,12.0,-999,-999
104067,BAGAZAN,2025,01,04,58.5,-999,-999
104067,BAGAZAN,2025,01,05,2.0,-999,-999
104067,BAGAZAN,2025,01,06,54.8,-999,-999
104067,BAGAZAN,2025,01,07,2.0,-999,-999
104067,BAGAZAN,2025,01,08,6.5,-999,-999
104067,BAGAZAN,2025,01,09,2.0,-999,-999
104067,BAGAZAN,2025,01,10,0.0,-999,-999
104067,BAGAZAN,2025,01,11,2.3,-999,-999
104067,BAGAZAN,2025,01,12,3.0,-999,-999
104067,BAGAZAN,2025,01,13,2.2,-999,-999
104067,BAGAZAN,2025,01,14,0.0,-999,-999
104067,BAGAZAN,2025,01,15,0.0,-999,-999
104067,BAGAZAN,2025,01,16,0.0,-999,-999
104067,BAGAZAN,2025,01,17,0.0,-999,-999
104067,BAGAZAN,2025,01,18,0.0,-999,-999
104067,BAGAZAN,2025,01,19,0.0,-999,-999
104067,BAGAZAN,2025,01,20,14.6,-999,-999
104067,BAGAZAN,2025,01,21,0.0,-999,-999
104067,BAGAZAN,2025,01,22,0.0,-999,-999
104067,BAGAZAN,2025,01,23,13.6,-999,-999
104067,BAGAZAN,2025,01,24,0.0,-999,-999
104067,BAGAZAN,2025,01,25,12.2,-999,-999
104067,BAGAZAN,2025,01,26,17.5,-999,-999
104067,BAGAZAN,2025,01,27,0.0,-999,-999
104067,BAGAZAN,2025,01,28,19.5,-999,-999
104067,BAGAZAN,2025,01,29,0.0,-999,-999
104067,BAGAZAN,2025,01,30,2.0,-999,-999
104067,BAGAZAN,2025,01,31,2.4,-999,-999
104067,BAGAZAN,2025,02,01,16.5,-999,-999
104067,BAGAZAN,2025,02,02,0.0,-999,-999
104067,BAGAZAN,2025,02,03,8.2,-999,-999
104067,BAGAZAN,2025,02,04,16.7,-999,-999
104067,BAGAZAN,2025,02,05,7.2,-999,-999
104067,BAGAZAN,2025,02,06,0.0,-999,-999
104067,BAGAZAN,2025,02,07,0.0,-999,-999
104067,BAGAZAN,2025,02,08,0.0,-999,-999
104067,BAGAZAN,2025,02,09,4.0,-999,-999
104067,BAGAZAN,2025,02,10,60.0,-999,-999
104067,BAGAZAN,2025,02,11,8.2,-999,-999
104067,BAGAZAN,2025,02,12,4.5,-999,-999
104067,BAGAZAN,2025,02,13,16.0,-999,-999
104067,BAGAZAN,2025,02,14,0.0,-999,-999
104067,BAGAZAN,2025,02,15,0.0,-999,-999
104067,BAGAZAN,2025,02,16,0.0,-999,-999
104067,BAGAZAN,2025,02,17,7.8,-999,-999
104067,BAGAZAN,2025,02,18,0.0,-999,-999
104067,BAGAZAN,2025,02,19,13.2,-999,-999
104067,BAGAZAN,2025,02,20,30.0,-999,-999
104067,BAGAZAN,2025,02,21,27.6,-999,-999
104067,BAGAZAN,2025,02,22,30.2,-999,-999
104067,BAGAZAN,2025,02,23,28.8,-999,-999
104067,BAGAZAN,2025,02,24,2.0,-999,-999
104067,BAGAZAN,2025,02,25,0.0,-999,-999
104067,BAGAZAN,2025,02,26,30.2,-999,-999
104067,BAGAZAN,2025,02,27,0.0,-999,-999
104067,BAGAZAN,2025,02,28,0.0,-999,-999
104067,BAGAZAN,2025,03,01,64.4,-999,-999
104067,BAGAZAN,2025,03,02,2.2,-999,-999
104067,BAGAZAN,2025,03,03,3.2,-999,-999
104067,BAGAZAN,2025,03,04,11.2,-999,-999
104067,BAGAZAN,2025,03,05,9.6,-999,-999
104067,BAGAZAN,2025,03,06,0.0,-999,-999
104067,BAGAZAN,2025,03,07,0.0,-999,-999
104067,BAGAZAN,2025,03,08,18.7,-999,-999
104067,BAGAZAN,2025,03,09,0.0,-999,-999
104067,BAGAZAN,2025,03,10,0.0,-999,-999
104067,BAGAZAN,2025,03,11,0.0,-999,-999
104067,BAGAZAN,2025,03,12,0.0,-999,-999
104067,BAGAZAN,2025,03,13,54.3,-999,-999
104067,BAGAZAN,2025,03,14,0.0,-999,-999
104067,BAGAZAN,2025,03,15,2.0,-999,-999
104067,BAGAZAN,2025,03,16,0.0,-999,-999
104067,BAGAZAN,2025,03,17,0.0,-999,-999
104067,BAGAZAN,2025,03,18,27.2,-999,-999
104067,BAGAZAN,2025,03,19,7.0,-999,-999
104067,BAGAZAN,2025,03,20,14.8,-999,-999
104067,BAGAZAN,2025,03,21,16.7,-999,-999
104067,BAGAZAN,2025,03,22,0.0,-999,-999
104067,BAGAZAN,2025,03,23,6.0,-999,-999
104067,BAGAZAN,2025,03,24,0.0,-999,-999
104067,BAGAZAN,2025,03,25,6.0,-999,-999
104067,BAGAZAN,2025,03,26,0.0,-999,-999
104067,BAGAZAN,2025,03,27,8.0,-999,-999
104067,BAGAZAN,2025,03,28,0.0,-999,-999
104067,BAGAZAN,2025,03,29,14.4,-999,-999
104067,BAGAZAN,2025,03,30,0.0,-999,-999
104067,BAGAZAN,2025,03,31,0.0,-999,-999
104067,BAGAZAN,2025,04,01,0.0,-999,-999
104067,BAGAZAN,2025,04,02,19.3,-999,-999
104067,BAGAZAN,2025,04,03,0.0,-999,-999
104067,BAGAZAN,2025,04,04,18.8,-999,-999
104067,BAGAZAN,2025,04,05,33.6,-999,18.2
104067,BAGAZAN,2025,04,06,0.0,-999,17.4
104067,BAGAZAN,2025,04,07,4.6,-999,18.4
104067,BAGAZAN,2025,04,08,12.0,-999,19.4
104067,BAGAZAN,2025,04,09,36.0,-999,20.2
104067,BAGAZAN,2025,04,10,0.0,-999,19.2
104067,BAGAZAN,2025,04,11,16.6,-999,20.2
104067,BAGAZAN,2025,04,12,0.0,-999,20.4
104067,BAGAZAN,2025,04,13,32.3,-999,19.2
104067,BAGAZAN,2025,04,14,0.0,-999,18.0
104067,BAGAZAN,2025,04,15,0.0,-999,19.2
104067,BAGAZAN,2025,04,16,6.2,-999,19.4
104067,BAGAZAN,2025,04,17,4.0,-999,18.2
104067,BAGAZAN,2025,04,18,0.0,-999,19.0
104067,BAGAZAN,2025,04,19,0.0,-999,20.0
104067,BAGAZAN,2025,04,20,0.0,-999,21.2
104067,BAGAZAN,2025,04,21,0.0,-999,22.0
104067,BAGAZAN,2025,04,22,2.0,-999,22.4
104067,BAGAZAN,2025,04,23,0.0,-999,22.6
104067,BAGAZAN,2025,04,24,0.0,-999,21.4
104067,BAGAZAN,2025,04,25,8.0,-999,21.2
104067,BAGAZAN,2025,04,26,0.0,-999,20.0
104067,BAGAZAN,2025,04,27,0.0,-999,20.2
104067,BAGAZAN,2025,04,28,0.0,-999,21.6
104067,BAGAZAN,2025,04,29,0.0,-999,20.4
104067,BAGAZAN,2025,04,30,67.9,-999,21.0
104067,BAGAZAN,2025,05,01,0.0,-999,-999
104067,BAGAZAN,2025,05,02,0.0,-999,-999
104067,BAGAZAN,2025,05,03,0.0,-999,-999
104067,BAGAZAN,2025,05,04,37.5,-999,-999
104067,BAGAZAN,2025,05,05,3.5,-999,-999
104067,BAGAZAN,2025,05,06,0.0,-999,-999
104067,BAGAZAN,2025,05,07,6.8,-999,-999
104067,BAGAZAN,2025,05,08,0.0,-999,-999
104067,BAGAZAN,2025,05,09,0.0,-999,-999
104067,BAGAZAN,2025,05,10,8.8,-999,-999
104067,BAGAZAN,2025,05,11,2.5,-999,-999
104067,BAGAZAN,2025,05,12,0.0,-999,-999
104067,BAGAZAN,2025,05,13,10.0,-999,-999
104067,BAGAZAN,2025,05,14,3.0,-999,-999
104067,BAGAZAN,2025,05,15,17.0,-999,-999
104067,BAGAZAN,2025,05,16,11.4,-999,-999
104067,BAGAZAN,2025,05,17,0.0,-999,-999
104067,BAGAZAN,2025,05,18,0.0,-999,-999
104067,BAGAZAN,2025,05,19,8.6,-999,-999
104067,BAGAZAN,2025,05,20,0.0,-999,-999
104067,BAGAZAN,2025,05,21,15.6,-999,-999
104067,BAGAZAN,2025,05,22,40.4,-999,-999
104067,BAGAZAN,2025,05,23,33.5,-999,-999
104067,BAGAZAN,2025,05,24,0.0,-999,-999
104067,BAGAZAN,2025,05,25,4.0,-999,-999
104067,BAGAZAN,2025,05,26,0.0,-999,-999
104067,BAGAZAN,2025,05,27,0.0,-999,-999
104067,BAGAZAN,2025,05,28,0.0,-999,-999
104067,BAGAZAN,2025,05,29,16.6,-999,-999
104067,BAGAZAN,2025,05,30,0.0,-999,-999
104067,BAGAZAN,2025,05,31,0.0,-999,-999
104067,BAGAZAN,2025,06,01,0.0,-999,-999
104067,BAGAZAN,2025,06,02,0.0,-999,-999
104067,BAGAZAN,2025,06,03,2.0,-999,-999
104067,BAGAZAN,2025,06,04,9.2,-999,-999
104067,BAGAZAN,2025,06,05,51.3,-999,-999
104067,BAGAZAN,2025,06,06,9.4,-999,-999
104067,BAGAZAN,2025,06,07,10.2,-999,-999
104067,BAGAZAN,2025,06,08,4.8,-999,-999
104067,BAGAZAN,2025,06,09,0.0,-999,-999
104067,BAGAZAN,2025,06,10,9.9,-999,-999
104067,BAGAZAN,2025,06,11,3.6,-999,-999
104067,BAGAZAN,2025,06,12,0.0,-999,-999
104067,BAGAZAN,2025,06,13,0.0,-999,-999
104067,BAGAZAN,2025,06,14,5.4,-999,-999
104067,BAGAZAN,2025,06,15,10.0,-999,-999
104067,BAGAZAN,2025,06,16,26.7,-999,19.2
104067,BAGAZAN,2025,06,17,6.8,-999,19.6
104067,BAGAZAN,2025,06,18,29.8,-999,23.0
104067,BAGAZAN,2025,06,19,0.0,-999,22.0
104067,BAGAZAN,2025,06,20,0.0,-999,22.4
104067,BAGAZAN,2025,06,21,10.2,-999,23.4
104067,BAGAZAN,2025,06,22,0.0,-999,22.0
104067,BAGAZAN,2025,06,23,0.0,-999,23.4
104067,BAGAZAN,2025,06,24,0.0,-999,22.8
104067,BAGAZAN,2025,06,25,2.0,-999,22.4
104067,BAGAZAN,2025,06,26,9.2,-999,22.2
104067,BAGAZAN,2025,06,27,31.4,-999,23.2
104067,BAGAZAN,2025,06,28,0.0,-999,22.0
104067,BAGAZAN,2025,06,29,22.4,-999,23.0
104067,BAGAZAN,2025,06,30,31.9,-999,22.0
104067,BAGAZAN,2025,07,01,0.0,-999,22.2
104067,BAGAZAN,2025,07,02,0.0,-999,19.2
104067,BAGAZAN,2025,07,03,0.0,-999,18.2
104067,BAGAZAN,2025,07,04,0.0,-999,20.4
104067,BAGAZAN,2025,07,05,0.0,-999,20.0
104067,BAGAZAN,2025,07,06,0.0,-999,21.6
104067,BAGAZAN,2025,07,07,0.0,-999,22.0
104067,BAGAZAN,2025,07,08,0.0,-999,22.2
104067,BAGAZAN,2025,07,09,2.0,-999,22.0
104067,BAGAZAN,2025,07,10,2.0,-999,23.0
104067,BAGAZAN,2025,07,11,0.0,-999,23.4
104067,BAGAZAN,2025,07,12,0.0,-999,22.6
104067,BAGAZAN,2025,07,13,0.0,-999,23.0
104067,BAGAZAN,2025,07,14,0.0,-999,23.4
104067,BAGAZAN,2025,07,15,0.0,-999,23.2
104067,BAGAZAN,2025,07,16,0.0,-999,23.0
104067,BAGAZAN,2025,07,17,0.0,-999,22.4
104067,BAGAZAN,2025,07,18,9.0,-999,22.0
104067,BAGAZAN,2025,07,19,0.0,-999,22.4
104067,BAGAZAN,2025,07,20,0.0,-999,21.6
104067,BAGAZAN,2025,07,21,0.0,-999,21.2
104067,BAGAZAN,2025,07,22,0.0,-999,22.0
104067,BAGAZAN,2025,07,23,0.0,-999,23.4
104067,BAGAZAN,2025,07,24,0.0,-999,23.6
104067,BAGAZAN,2025,07,25,0.0,-999,23.4
104067,BAGAZAN,2025,07,26,40.0,-999,23.2
104067,BAGAZAN,2025,07,27,0.0,-999,23.2
104067,BAGAZAN,2025,07,28,6.4,-999,23.0
104067,BAGAZAN,2025,07,29,7.7,-999,23.2
104067,BAGAZAN,2025,07,30,41.1,-999,23.4
104067,BAGAZAN,2025,07,31,0.0,-999,23.6
104067,BAGAZAN,2025,08,01,2.0,-999,23.4
104067,BAGAZAN,2025,08,02,2.5,-999,23.0
104067,BAGAZAN,2025,08,03,0.0,-999,23.0
104067,BAGAZAN,2025,08,04,8.2,-999,23.2
104067,BAGAZAN,2025,08,05,40.8,-999,23.4
104067,BAGAZAN,2025,08,06,0.0,-999,22.4
104067,BAGAZAN,2025,08,07,0.0,-999,22.6
104067,BAGAZAN,2025,08,08,0.0,-999,23.4
104067,BAGAZAN,2025,08,09,18.9,-999,23.2
104067,BAGAZAN,2025,08,10,0.0,-999,22.0
104067,BAGAZAN,2025,08,11,0.0,-999,22.4
104067,BAGAZAN,2025,08,12,0.0,-999,23.0
104067,BAGAZAN,2025,08,13,2.0,-999,23.6
104067,BAGAZAN,2025,08,14,25.8,-999,23.4
104067,BAGAZAN,2025,08,15,23.8,-999,23.0
104067,BAGAZAN,2025,08,16,0.0,-999,22.6
104067,BAGAZAN,2025,08,17,3.4,-999,23.4
104067,BAGAZAN,2025,08,18,0.0,-999,22.6
104067,BAGAZAN,2025,08,19,0.0,-999,24.4
104067,BAGAZAN,2025,08,20,0.0,-999,24.2
104067,BAGAZAN,2025,08,21,0.0,-999,24.4
104067,BAGAZAN,2025,08,22,0.0,-999,24.2
104067,BAGAZAN,2025,08,23,0.0,-999,24.0
104067,BAGAZAN,2025,08,24,0.0,-999,24.2
104067,BAGAZAN,2025,08,25,2.0,-999,23.6
104067,BAGAZAN,2025,08,26,0.0,-999,23.4
104067,BAGAZAN,2025,08,27,0.0,-999,23.0
104067,BAGAZAN,2025,08,28,0.0,-999,22.6
104067,BAGAZAN,2025,08,29,10.4,-999,23.4
104067,BAGAZAN,2025,08,30,0.0,-999,23.0
104067,BAGAZAN,2025,08,31,0.0,-999,24.4
104067,BAGAZAN,2025,09,01,12.3,-999,24.6
104067,BAGAZAN,2025,09,02,3.0,-999,24.0
104067,BAGAZAN,2025,09,03,0.0,-999,22.6
104067,BAGAZAN,2025,09,04,9.8,-999,23.4
104067,BAGAZAN,2025,09,05,26.0,-999,24.0
104067,BAGAZAN,2025,09,06,34.1,-999,23.0
104067,BAGAZAN,2025,09,07,0.0,-999,23.0
104067,BAGAZAN,2025,09,08,5.4,-999,24.0
104067,BAGAZAN,2025,09,09,8.2,-999,23.6
104067,BAGAZAN,2025,09,10,4.5,-999,24.2
104067,BAGAZAN,2025,09,11,12.4,-999,24.4
104067,BAGAZAN,2025,09,12,4.0,-999,23.2
104067,BAGAZAN,2025,09,13,0.0,-999,23.4
104067,BAGAZAN,2025,09,14,4.0,-999,24.6
104067,BAGAZAN,2025,09,15,0.0,-999,25.0
104067,BAGAZAN,2025,09,16,0.0,-999,24.0
104067,BAGAZAN,2025,09,17,0.0,-999,23.6
104067,BAGAZAN,2025,09,18,7.2,-999,24.2
104067,BAGAZAN,2025,09,19,0.0,-999,24.0
104067,BAGAZAN,2025,09,20,0.0,-999,25.2
104067,BAGAZAN,2025,09,21,0.0,-999,24.4
104067,BAGAZAN,2025,09,22,0.0,-999,24.6
104067,BAGAZAN,2025,09,23,22.2,-999,24.4
104067,BAGAZAN,2025,09,24,5.5,-999,23.4
104067,BAGAZAN,2025,09,25,0.0,-999,23.0
104067,BAGAZAN,2025,09,26,3.2,-999,23.4
104067,BAGAZAN,2025,09,27,0.0,-999,24.4
104067,BAGAZAN,2025,09,28,0.0,-999,25.0
104067,BAGAZAN,2025,09,29,40.0,-999,24.4
104067,BAGAZAN,2025,09,30,0.0,-999,23.8
104067,BAGAZAN,2025,10,01,2.5,-999,25.4
104067,BAGAZAN,2025,10,02,27.0,-999,24.0
104067,BAGAZAN,2025,10,03,2.5,-999,23.0
104067,BAGAZAN,2025,10,04,0.0,-999,23.0
104067,BAGAZAN,2025,10,05,0.0,-999,24.2
104067,BAGAZAN,2025,10,06,0.0,-999,24.0
104067,BAGAZAN,2025,10,07,0.0,-999,24.6
104067,BAGAZAN,2025,10,08,16.6,-999,24.4
104067,BAGAZAN,2025,10,09,17.8,-999,23.6
104067,BAGAZAN,2025,10,10,0.0,-999,23.4
104067,BAGAZAN,2025,10,11,0.0,-999,23.0
104067,BAGAZAN,2025,10,12,0.0,-999,24.0
104067,BAGAZAN,2025,10,13,18.0,-999,23.6
104067,BAGAZAN,2025,10,14,0.0,-999,24.2
104067,BAGAZAN,2025,10,15,55.5,-999,24.0
104067,BAGAZAN,2025,10,16,30.5,-999,23.0
104067,BAGAZAN,2025,10,17,15.2,-999,22.6
104067,BAGAZAN,2025,10,18,0.0,-999,23.4
104067,BAGAZAN,2025,10,19,0.0,-999,24.6
104067,BAGAZAN,2025,10,20,0.0,-999,25.0
104067,BAGAZAN,2025,10,21,2.4,-999,24.0
104067,BAGAZAN,2025,10,22,11.5,-999,24.6
104067,BAGAZAN,2025,10,23,11.2,-999,24.0
104067,BAGAZAN,2025,10,24,0.0,-999,24.0
104067,BAGAZAN,2025,10,25,11.8,-999,24.4
104067,BAGAZAN,2025,10,26,27.4,-999,25.4
104067,BAGAZAN,2025,10,27,0.0,-999,-999
104067,BAGAZAN,2025,10,28,29.4,-999,-999
104067,BAGAZAN,2025,10,29,0.0,-999,-999
104067,BAGAZAN,2025,10,30,0.0,-999,24.6
104067,BAGAZAN,2025,10,31,0.0,-999,24.4
104067,BAGAZAN,2025,11,01,24.5,-999,24.6
104067,BAGAZAN,2025,11,02,14.6,-999,24.4
104067,BAGAZAN,2025,11,03,7.0,-999,24.2
104067,BAGAZAN,2025,11,04,35.5,-999,24.4
104067,BAGAZAN,2025,11,05,44.5,-999,23.4
104067,BAGAZAN,2025,11,06,0.0,-999,23.0
104067,BAGAZAN,2025,11,07,0.0,-999,25.2
104067,BAGAZAN,2025,11,08,0.0,-999,25.2
104067,BAGAZAN,2025,11,09,0.0,-999,24.6
104067,BAGAZAN,2025,11,10,0.0,-999,24.4
104067,BAGAZAN,2025,11,11,14.7,-999,25.0
104067,BAGAZAN,2025,11,12,0.0,-999,24.0
104067,BAGAZAN,2025,11,13,0.0,-999,25.0
104067,BAGAZAN,2025,11,14,29.7,-999,25.4
104067,BAGAZAN,2025,11,15,0.0,-999,24.4
104067,BAGAZAN,2025,11,16,4.2,-999,23.4
104067,BAGAZAN,2025,11,17,10.0,-999,23.6
104067,BAGAZAN,2025,11,18,29.7,-999,24.0
104067,BAGAZAN,2025,11,19,0.0,-999,24.0
104067,BAGAZAN,2025,11,20,0.0,-999,24.2
104067,BAGAZAN,2025,11,21,15.4,-999,25.0
104067,BAGAZAN,2025,11,22,21.9,-999,23.0
104067,BAGAZAN,2025,11,23,0.0,-999,24.0
104067,BAGAZAN,2025,11,24,3.3,-999,23.6
104067,BAGAZAN,2025,11,25,0.0,-999,24.0
104067,BAGAZAN,2025,11,26,32.0,-999,24.4
104067,BAGAZAN,2025,11,27,62.0,-999,23.2
104067,BAGAZAN,2025,11,28,0.0,-999,24.2
104067,BAGAZAN,2025,11,29,0.0,-999,24.4
104067,BAGAZAN,2025,11,30,-999,-999,25.0
104067,BAGAZAN,2025,12,01,0.0,-999,25.4
104067,BAGAZAN,2025,12,02,7.8,-999,25.6
104067,BAGAZAN,2025,12,03,21.4,-999,23.6
104067,BAGAZAN,2025,12,04,0.0,-999,23.4
104067,BAGAZAN,2025,12,05,3.0,-999,24.6
104067,BAGAZAN,2025,12,06,0.0,-999,25.0
104067,BAGAZAN,2025,12,07,0.0,-999,25.4
104067,BAGAZAN,2025,12,08,0.0,-999,25.6
104067,BAGAZAN,2025,12,09,0.0,-999,25.4
104067,BAGAZAN,2025,12,10,0.0,-999,25.0
104067,BAGAZAN,2025,12,11,34.3,-999,24.6
104067,BAGAZAN,2025,12,12,0.0,-999,25.0
104067,BAGAZAN,2025,12,13,0.0,-999,24.6
104067,BAGAZAN,2025,12,14,0.0,-999,24.6
104067,BAGAZAN,2025,12,15,0.0,-999,25.4
104067,BAGAZAN,2025,12,16,10.0,-999,25.0
104067,BAGAZAN,2025,12,17,26.0,-999,25.2
104067,BAGAZAN,2025,12,18,54.7,-999,23.2
104067,BAGAZAN,2025,12,19,0.0,-999,23.4
104067,BAGAZAN,2025,12,20,5.0,-999,24.0
104067,BAGAZAN,2025,12,21,0.0,-999,25.2
104067,BAGAZAN,2025,12,22,16.2,-999,25.4
104067,BAGAZAN,2025,12,23,0.0,-999,25.6
104067,BAGAZAN,2025,12,24,0.0,-999,26.0
104067,BAGAZAN,2025,12,25,0.0,-999,25.2
104067,BAGAZAN,2025,12,26,0.0,-999,24.4
104067,BAGAZAN,2025,12,27,9.5,-999,25.0
104067,BAGAZAN,2025,12,28,23.1,-999,24.0
104067,BAGAZAN,2025,12,29,0.0,-999,23.2
104067,BAGAZAN,2025,12,30,0.0,-999,24.6
104067,BAGAZAN,2025,12,31,0.0,-999,25.0
