CODIGO,ESTACION,YEAR,MONTH,DAY,PP,TMAX,TMIN
107010,PACHIZA,1965,01,01,0.0,-999,-999
107010,PACHIZA,1965,01,02,25.8,-999,-999
107010,PACHIZA,1965,01,03,0.0,-999,-999
107010,PACHIZA,1965,01,04,0.0,-999,-999
107010,PACHIZA,1965,01,05,7.8,-999,-999
107010,PACHIZA,1965,01,06,0.0,-999,-999
107010,PACHIZA,1965,01,07,0.0,-999,-999
107010,PACHIZA,1965,01,08,0.0,-999,-999
107010,PACHIZA,1965,01,09,0.0,-999,-999
107010,PACHIZA,1965,01,10,0.0,-999,-999
107010,PACHIZA,1965,01,11,0.0,-999,-999
107010,PACHIZA,1965,01,12,0.0,-999,-999
107010,PACHIZA,1965,01,13,10.8,-999,-999
107010,PACHIZA,1965,01,14,0.0,-999,-999
107010,PACHIZA,1965,01,15,0.0,-999,-999
107010,PACHIZA,1965,01,16,0.0,-999,-999
107010,PACHIZA,1965,01,17,0.0,-999,-999
107010,PACHIZA,1965,01,18,0.0,-999,-999
107010,PACHIZA,1965,01,19,0.0,-999,-999
107010,PACHIZA,1965,01,20,0.0,-999,-999
107010,PACHIZA,1965,01,21,0.0,-999,-999
107010,PACHIZA,1965,01,22,0.0,-999,-999
107010,PACHIZA,1965,01,23,0.0,-999,-999
107010,PACHIZA,1965,01,24,0.0,-999,-999
107010,PACHIZA,1965,01,25,0.0,-999,-999
107010,PACHIZA,1965,01,26,0.0,-999,-999
107010,PACHIZA,1965,01,27,0.0,-999,-999
107010,PACHIZA,1965,01,28,4.6,-999,-999
107010,PACHIZA,1965,01,29,0.0,-999,-999
107010,PACHIZA,1965,01,30,0.0,-999,-999
107010,PACHIZA,1965,01,31,0.0,-999,-999
107010,PACHIZA,1965,02,01,0.0,-999,-999
107010,PACHIZA,1965,02,02,0.0,-999,-999
107010,PACHIZA,1965,02,03,0.0,-999,-999
107010,PACHIZA,1965,02,04,5.6,-999,-999
107010,PACHIZA,1965,02,05,0.0,-999,-999
107010,PACHIZA,1965,02,06,0.0,-999,-999
107010,PACHIZA,1965,02,07,0.0,-999,-999
107010,PACHIZA,1965,02,08,0.0,-999,-999
107010,PACHIZA,1965,02,09,0.0,-999,-999
107010,PACHIZA,1965,02,10,0.0,-999,-999
107010,PACHIZA,1965,02,11,0.0,-999,-999
107010,PACHIZA,1965,02,12,0.0,-999,-999
107010,PACHIZA,1965,02,13,49.7,-999,-999
107010,PACHIZA,1965,02,14,15.4,-999,-999
107010,PACHIZA,1965,02,15,0.0,-999,-999
107010,PACHIZA,1965,02,16,0.0,-999,-999
107010,PACHIZA,1965,02,17,0.0,-999,-999
107010,PACHIZA,1965,02,18,0.0,-999,-999
107010,PACHIZA,1965,02,19,13.9,-999,-999
107010,PACHIZA,1965,02,20,0.0,-999,-999
107010,PACHIZA,1965,02,21,0.0,-999,-999
107010,PACHIZA,1965,02,22,0.0,-999,-999
107010,PACHIZA,1965,02,23,0.0,-999,-999
107010,PACHIZA,1965,02,24,0.0,-999,-999
107010,PACHIZA,1965,02,25,26.7,-999,-999
107010,PACHIZA,1965,02,26,3.6,-999,-999
107010,PACHIZA,1965,02,27,0.0,-999,-999
107010,PACHIZA,1965,02,28,0.0,-999,-999
107010,PACHIZA,1965,03,01,0.0,-999,-999
107010,PACHIZA,1965,03,02,15.8,-999,-999
107010,PACHIZA,1965,03,03,4.9,-999,-999
107010,PACHIZA,1965,03,04,0.0,-999,-999
107010,PACHIZA,1965,03,05,0.0,-999,-999
107010,PACHIZA,1965,03,06,0.0,-999,-999
107010,PACHIZA,1965,03,07,0.0,-999,-999
107010,PACHIZA,1965,03,08,0.0,-999,-999
107010,PACHIZA,1965,03,09,0.0,-999,-999
107010,PACHIZA,1965,03,10,39.9,-999,-999
107010,PACHIZA,1965,03,11,0.0,-999,-999
107010,PACHIZA,1965,03,12,0.0,-999,-999
107010,PACHIZA,1965,03,13,0.0,-999,-999
107010,PACHIZA,1965,03,14,0.0,-999,-999
107010,PACHIZA,1965,03,15,15.7,-999,-999
107010,PACHIZA,1965,03,16,0.0,-999,-999
107010,PACHIZA,1965,03,17,0.0,-999,-999
107010,PACHIZA,1965,03,18,0.0,-999,-999
107010,PACHIZA,1965,03,19,0.0,-999,-999
107010,PACHIZA,1965,03,20,0.0,-999,-999
107010,PACHIZA,1965,03,21,0.0,-999,-999
107010,PACHIZA,1965,03,22,0.0,-999,-999
107010,PACHIZA,1965,03,23,5.4,-999,-999
107010,PACHIZA,1965,03,24,0.0,-999,-999
107010,PACHIZA,1965,03,25,3.8,-999,-999
107010,PACHIZA,1965,03,26,0.0,-999,-999
107010,PACHIZA,1965,03,27,21.7,-999,-999
107010,PACHIZA,1965,03,28,0.0,-999,-999
107010,PACHIZA,1965,03,29,0.0,-999,-999
107010,PACHIZA,1965,03,30,0.0,-999,-999
107010,PACHIZA,1965,03,31,9.3,-999,-999
107010,PACHIZA,1965,04,01,4.4,-999,-999
107010,PACHIZA,1965,04,02,0.0,-999,-999
107010,PACHIZA,1965,04,03,0.0,-999,-999
107010,PACHIZA,1965,04,04,0.0,-999,-999
107010,PACHIZA,1965,04,05,7.9,-999,-999
107010,PACHIZA,1965,04,06,0.0,-999,-999
107010,PACHIZA,1965,04,07,0.0,-999,-999
107010,PACHIZA,1965,04,08,0.0,-999,-999
107010,PACHIZA,1965,04,09,0.0,-999,-999
107010,PACHIZA,1965,04,10,21.4,-999,-999
107010,PACHIZA,1965,04,11,0.0,-999,-999
107010,PACHIZA,1965,04,12,0.0,-999,-999
107010,PACHIZA,1965,04,13,0.0,-999,-999
107010,PACHIZA,1965,04,14,5.7,-999,-999
107010,PACHIZA,1965,04,15,0.0,-999,-999
107010,PACHIZA,1965,04,16,58.6,-999,-999
107010,PACHIZA,1965,04,17,0.0,-999,-999
107010,PACHIZA,1965,04,18,0.0,-999,-999
107010,PACHIZA,1965,04,19,4.3,-999,-999
107010,PACHIZA,1965,04,20,15.6,-999,-999
107010,PACHIZA,1965,04,21,3.8,-999,-999
107010,PACHIZA,1965,04,22,0.0,-999,-999
107010,PACHIZA,1965,04,23,0.0,-999,-999
107010,PACHIZA,1965,04,24,0.0,-999,-999
107010,PACHIZA,1965,04,25,15.0,-999,-999
107010,PACHIZA,1965,04,26,14.3,-999,-999
107010,PACHIZA,1965,04,27,0.0,-999,-999
107010,PACHIZA,1965,04,28,0.0,-999,-999
107010,PACHIZA,1965,04,29,0.0,-999,-999
107010,PACHIZA,1965,04,30,103.2,-999,-999
107010,PACHIZA,1965,05,01,4.4,-999,-999
107010,PACHIZA,1965,05,02,0.0,-999,-999
107010,PACHIZA,1965,05,03,0.0,-999,-999
107010,PACHIZA,1965,05,04,4.6,-999,-999
107010,PACHIZA,1965,05,05,0.0,-999,-999
107010,PACHIZA,1965,05,06,0.0,-999,-999
107010,PACHIZA,1965,05,07,0.0,-999,-999
107010,PACHIZA,1965,05,08,0.0,-999,-999
107010,PACHIZA,1965,05,09,0.0,-999,-999
107010,PACHIZA,1965,05,10,0.0,-999,-999
107010,PACHIZA,1965,05,11,0.0,-999,-999
107010,PACHIZA,1965,05,12,0.0,-999,-999
107010,PACHIZA,1965,05,13,0.0,-999,-999
107010,PACHIZA,1965,05,14,0.0,-999,-999
107010,PACHIZA,1965,05,15,0.0,-999,-999
107010,PACHIZA,1965,05,16,2.4,-999,-999
107010,PACHIZA,1965,05,17,0.0,-999,-999
107010,PACHIZA,1965,05,18,14.2,-999,-999
107010,PACHIZA,1965,05,19,0.0,-999,-999
107010,PACHIZA,1965,05,20,0.0,-999,-999
107010,PACHIZA,1965,05,21,0.0,-999,-999
107010,PACHIZA,1965,05,22,0.0,-999,-999
107010,PACHIZA,1965,05,23,0.0,-999,-999
107010,PACHIZA,1965,05,24,0.0,-999,-999
107010,PACHIZA,1965,05,25,0.0,-999,-999
107010,PACHIZA,1965,05,26,0.0,-999,-999
107010,PACHIZA,1965,05,27,0.0,-999,-999
107010,PACHIZA,1965,05,28,0.0,-999,-999
107010,PACHIZA,1965,05,29,0.0,-999,-999
107010,PACHIZA,1965,05,30,0.0,-999,-999
107010,PACHIZA,1965,05,31,0.0,-999,-999
107010,PACHIZA,1965,06,01,0.0,-999,-999
107010,PACHIZA,1965,06,02,0.0,-999,-999
107010,PACHIZA,1965,06,03,14.9,-999,-999
107010,PACHIZA,1965,06,04,5.4,-999,-999
107010,PACHIZA,1965,06,05,0.0,-999,-999
107010,PACHIZA,1965,06,06,0.0,-999,-999
107010,PACHIZA,1965,06,07,0.0,-999,-999
107010,PACHIZA,1965,06,08,0.0,-999,-999
107010,PACHIZA,1965,06,09,0.0,-999,-999
107010,PACHIZA,1965,06,10,0.0,-999,-999
107010,PACHIZA,1965,06,11,0.0,-999,-999
107010,PACHIZA,1965,06,12,0.0,-999,-999
107010,PACHIZA,1965,06,13,11.6,-999,-999
107010,PACHIZA,1965,06,14,0.0,-999,-999
107010,PACHIZA,1965,06,15,0.0,-999,-999
107010,PACHIZA,1965,06,16,0.0,-999,-999
107010,PACHIZA,1965,06,17,0.0,-999,-999
107010,PACHIZA,1965,06,18,0.0,-999,-999
107010,PACHIZA,1965,06,19,0.0,-999,-999
107010,PACHIZA,1965,06,20,0.0,-999,-999
107010,PACHIZA,1965,06,21,0.0,-999,-999
107010,PACHIZA,1965,06,22,0.0,-999,-999
107010,PACHIZA,1965,06,23,0.0,-999,-999
107010,PACHIZA,1965,06,24,0.0,-999,-999
107010,PACHIZA,1965,06,25,0.0,-999,-999
107010,PACHIZA,1965,06,26,28.1,-999,-999
107010,PACHIZA,1965,06,27,0.0,-999,-999
107010,PACHIZA,1965,06,28,0.0,-999,-999
107010,PACHIZA,1965,06,29,0.0,-999,-999
107010,PACHIZA,1965,06,30,0.0,-999,-999
107010,PACHIZA,1965,07,01,0.0,-999,-999
107010,PACHIZA,1965,07,02,0.0,-999,-999
107010,PACHIZA,1965,07,03,4.6,-999,-999
107010,PACHIZA,1965,07,04,5.2,-999,-999
107010,PACHIZA,1965,07,05,0.0,-999,-999
107010,PACHIZA,1965,07,06,0.0,-999,-999
107010,PACHIZA,1965,07,07,31.4,-999,-999
107010,PACHIZA,1965,07,08,0.0,-999,-999
107010,PACHIZA,1965,07,09,0.0,-999,-999
107010,PACHIZA,1965,07,10,0.0,-999,-999
107010,PACHIZA,1965,07,11,7.6,-999,-999
107010,PACHIZA,1965,07,12,0.0,-999,-999
107010,PACHIZA,1965,07,13,0.0,-999,-999
107010,PACHIZA,1965,07,14,0.0,-999,-999
107010,PACHIZA,1965,07,15,0.0,-999,-999
107010,PACHIZA,1965,07,16,0.0,-999,-999
107010,PACHIZA,1965,07,17,0.0,-999,-999
107010,PACHIZA,1965,07,18,0.0,-999,-999
107010,PACHIZA,1965,07,19,0.0,-999,-999
107010,PACHIZA,1965,07,20,25.6,-999,-999
107010,PACHIZA,1965,07,21,0.0,-999,-999
107010,PACHIZA,1965,07,22,0.0,-999,-999
107010,PACHIZA,1965,07,23,0.0,-999,-999
107010,PACHIZA,1965,07,24,0.0,-999,-999
107010,PACHIZA,1965,07,25,0.0,-999,-999
107010,PACHIZA,1965,07,26,0.0,-999,-999
107010,PACHIZA,1965,07,27,0.0,-999,-999
107010,PACHIZA,1965,07,28,0.0,-999,-999
107010,PACHIZA,1965,07,29,46.8,-999,-999
107010,PACHIZA,1965,07,30,0.0,-999,-999
107010,PACHIZA,1965,07,31,0.0,-999,-999
107010,PACHIZA,1965,08,01,0.0,-999,-999
107010,PACHIZA,1965,08,02,0.0,-999,-999
107010,PACHIZA,1965,08,03,0.0,-999,-999
107010,PACHIZA,1965,08,04,0.0,-999,-999
107010,PACHIZA,1965,08,05,0.0,-999,-999
107010,PACHIZA,1965,08,06,0.0,-999,-999
107010,PACHIZA,1965,08,07,0.0,-999,-999
107010,PACHIZA,1965,08,08,8.5,-999,-999
107010,PACHIZA,1965,08,09,0.0,-999,-999
107010,PACHIZA,1965,08,10,0.0,-999,-999
107010,PACHIZA,1965,08,11,0.0,-999,-999
107010,PACHIZA,1965,08,12,0.0,-999,-999
107010,PACHIZA,1965,08,13,0.0,-999,-999
107010,PACHIZA,1965,08,14,0.0,-999,-999
107010,PACHIZA,1965,08,15,0.0,-999,-999
107010,PACHIZA,1965,08,16,0.0,-999,-999
107010,PACHIZA,1965,08,17,0.0,-999,-999
107010,PACHIZA,1965,08,18,0.0,-999,-999
107010,PACHIZA,1965,08,19,0.0,-999,-999
107010,PACHIZA,1965,08,20,17.6,-999,-999
107010,PACHIZA,1965,08,21,0.0,-999,-999
107010,PACHIZA,1965,08,22,0.0,-999,-999
107010,PACHIZA,1965,08,23,0.0,-999,-999
107010,PACHIZA,1965,08,24,0.0,-999,-999
107010,PACHIZA,1965,08,25,4.7,-999,-999
107010,PACHIZA,1965,08,26,0.0,-999,-999
107010,PACHIZA,1965,08,27,31.5,-999,-999
107010,PACHIZA,1965,08,28,0.0,-999,-999
107010,PACHIZA,1965,08,29,0.0,-999,-999
107010,PACHIZA,1965,08,30,6.3,-999,-999
107010,PACHIZA,1965,08,31,0.0,-999,-999
107010,PACHIZA,1965,09,01,14.8,30.6,-999
107010,PACHIZA,1965,09,02,0.0,29.6,-999
107010,PACHIZA,1965,09,03,0.0,29.6,-999
107010,PACHIZA,1965,09,04,0.0,28.6,-999
107010,PACHIZA,1965,09,05,0.0,32.8,-999
107010,PACHIZA,1965,09,06,21.6,31.8,-999
107010,PACHIZA,1965,09,07,15.7,28.4,-999
107010,PACHIZA,1965,09,08,0.0,28.4,-999
107010,PACHIZA,1965,09,09,0.0,29.4,-999
107010,PACHIZA,1965,09,10,0.0,30.4,-999
107010,PACHIZA,1965,09,11,12.7,32.8,-999
107010,PACHIZA,1965,09,12,35.4,28.6,-999
107010,PACHIZA,1965,09,13,0.0,28.4,-999
107010,PACHIZA,1965,09,14,0.0,28.8,-999
107010,PACHIZA,1965,09,15,26.4,27.6,-999
107010,PACHIZA,1965,09,16,0.0,27.8,-999
107010,PACHIZA,1965,09,17,0.0,28.8,-999
107010,PACHIZA,1965,09,18,0.0,31.4,-999
107010,PACHIZA,1965,09,19,0.0,31.4,-999
107010,PACHIZA,1965,09,20,7.2,30.6,-999
107010,PACHIZA,1965,09,21,0.0,28.6,-999
107010,PACHIZA,1965,09,22,0.0,29.8,-999
107010,PACHIZA,1965,09,23,0.0,31.4,-999
107010,PACHIZA,1965,09,24,0.0,28.8,-999
107010,PACHIZA,1965,09,25,0.0,31.8,-999
107010,PACHIZA,1965,09,26,7.6,-999,-999
107010,PACHIZA,1965,09,27,9.4,-999,-999
107010,PACHIZA,1965,09,28,0.0,30.8,-999
107010,PACHIZA,1965,09,29,0.0,29.6,-999
107010,PACHIZA,1965,09,30,0.0,30.8,-999
107010,PACHIZA,1965,10,01,10.7,31.2,-999
107010,PACHIZA,1965,10,02,19.3,29.6,-999
107010,PACHIZA,1965,10,03,8.6,28.8,-999
107010,PACHIZA,1965,10,04,0.0,30.8,-999
107010,PACHIZA,1965,10,05,0.0,30.4,-999
107010,PACHIZA,1965,10,06,0.0,31.4,-999
107010,PACHIZA,1965,10,07,0.0,30.8,-999
107010,PACHIZA,1965,10,08,0.0,30.4,-999
107010,PACHIZA,1965,10,09,0.0,32.8,-999
107010,PACHIZA,1965,10,10,33.0,34.0,-999
107010,PACHIZA,1965,10,11,25.2,31.0,-999
107010,PACHIZA,1965,10,12,9.4,-999,-999
107010,PACHIZA,1965,10,13,0.0,-999,-999
107010,PACHIZA,1965,10,14,0.0,-999,-999
107010,PACHIZA,1965,10,15,24.0,30.0,-999
107010,PACHIZA,1965,10,16,6.1,30.4,-999
107010,PACHIZA,1965,10,17,-999,32.5,-999
107010,PACHIZA,1965,10,18,-999,-999,-999
107010,PACHIZA,1965,10,19,-999,-999,-999
107010,PACHIZA,1965,10,20,-999,-999,-999
107010,PACHIZA,1965,10,21,-999,-999,-999
107010,PACHIZA,1965,10,22,-999,-999,-999
107010,PACHIZA,1965,10,23,0.0,32.2,-999
107010,PACHIZA,1965,10,24,0.0,32.8,-999
107010,PACHIZA,1965,10,25,0.0,34.8,-999
107010,PACHIZA,1965,10,26,0.0,33.6,-999
107010,PACHIZA,1965,10,27,0.0,32.4,-999
107010,PACHIZA,1965,10,28,0.9,31.2,-999
107010,PACHIZA,1965,10,29,49.8,33.2,-999
107010,PACHIZA,1965,10,30,0.0,28.2,-999
107010,PACHIZA,1965,10,31,0.0,32.2,-999
107010,PACHIZA,1965,11,01,0.0,33.4,21.4
107010,PACHIZA,1965,11,02,0.0,34.4,20.4
107010,PACHIZA,1965,11,03,30.8,-999,20.4
107010,PACHIZA,1965,11,04,5.8,32.2,22.4
107010,PACHIZA,1965,11,05,11.3,29.2,22.4
107010,PACHIZA,1965,11,06,0.0,30.8,21.0
107010,PACHIZA,1965,11,07,2.0,32.4,21.4
107010,PACHIZA,1965,11,08,2.1,31.4,21.8
107010,PACHIZA,1965,11,09,5.2,27.0,21.8
107010,PACHIZA,1965,11,10,0.0,31.8,20.0
107010,PACHIZA,1965,11,11,0.0,32.4,21.6
107010,PACHIZA,1965,11,12,0.0,34.6,22.5
107010,PACHIZA,1965,11,13,0.0,34.2,22.0
107010,PACHIZA,1965,11,14,5.9,34.2,22.8
107010,PACHIZA,1965,11,15,19.7,29.4,23.2
107010,PACHIZA,1965,11,16,4.4,29.4,21.8
107010,PACHIZA,1965,11,17,6.0,28.2,21.4
107010,PACHIZA,1965,11,18,0.0,32.4,21.2
107010,PACHIZA,1965,11,19,0.0,31.4,21.8
107010,PACHIZA,1965,11,20,0.0,32.8,21.8
107010,PACHIZA,1965,11,21,4.2,32.8,22.0
107010,PACHIZA,1965,11,22,3.5,29.0,22.6
107010,PACHIZA,1965,11,23,0.0,29.0,21.0
107010,PACHIZA,1965,11,24,0.0,33.4,20.4
107010,PACHIZA,1965,11,25,0.0,31.8,22.0
107010,PACHIZA,1965,11,26,0.0,28.4,21.6
107010,PACHIZA,1965,11,27,0.0,31.2,22.2
107010,PACHIZA,1965,11,28,16.2,34.2,22.2
107010,PACHIZA,1965,11,29,0.0,33.4,22.4
107010,PACHIZA,1965,11,30,0.0,32.6,22.4
107010,PACHIZA,1965,12,01,0.7,33.8,21.6
107010,PACHIZA,1965,12,02,0.0,33.2,22.0
107010,PACHIZA,1965,12,03,0.0,31.6,23.0
107010,PACHIZA,1965,12,04,0.0,33.5,22.3
107010,PACHIZA,1965,12,05,-888,34.0,22.8
107010,PACHIZA,1965,12,06,0.0,32.4,22.7
107010,PACHIZA,1965,12,07,0.0,33.2,22.2
107010,PACHIZA,1965,12,08,0.0,34.6,22.4
107010,PACHIZA,1965,12,09,0.0,35.4,23.0
107010,PACHIZA,1965,12,10,-888,33.2,23.0
107010,PACHIZA,1965,12,11,0.0,32.7,23.4
107010,PACHIZA,1965,12,12,0.0,34.0,21.4
107010,PACHIZA,1965,12,13,3.4,34.0,22.2
107010,PACHIZA,1965,12,14,19.0,32.9,22.9
107010,PACHIZA,1965,12,15,3.0,30.6,22.1
107010,PACHIZA,1965,12,16,0.0,31.4,21.0
107010,PACHIZA,1965,12,17,-888,32.6,21.3
107010,PACHIZA,1965,12,18,9.5,32.4,21.9
107010,PACHIZA,1965,12,19,2.1,34.0,21.0
107010,PACHIZA,1965,12,20,7.9,31.4,21.4
107010,PACHIZA,1965,12,21,0.0,29.4,21.6
107010,PACHIZA,1965,12,22,9.5,30.6,21.0
107010,PACHIZA,1965,12,23,0.0,33.2,20.8
107010,PACHIZA,1965,12,24,0.0,30.4,19.8
107010,PACHIZA,1965,12,25,5.0,31.4,22.0
107010,PACHIZA,1965,12,26,11.2,30.5,22.3
107010,PACHIZA,1965,12,27,10.5,30.4,22.1
107010,PACHIZA,1965,12,28,8.7,30.6,21.8
107010,PACHIZA,1965,12,29,82.1,27.8,21.5
107010,PACHIZA,1965,12,30,3.5,30.6,21.0
107010,PACHIZA,1965,12,31,0.0,32.2,21.6
107010,PACHIZA,1966,01,01,0.0,30.8,21.4
107010,PACHIZA,1966,01,02,0.0,32.4,20.6
107010,PACHIZA,1966,01,03,0.0,33.0,21.2
107010,PACHIZA,1966,01,04,0.0,33.4,21.2
107010,PACHIZA,1966,01,05,5.3,33.0,22.0
107010,PACHIZA,1966,01,06,38.8,-999,21.9
107010,PACHIZA,1966,01,07,2.0,39.4,22.3
107010,PACHIZA,1966,01,08,0.0,35.8,22.1
107010,PACHIZA,1966,01,09,1.8,32.2,22.0
107010,PACHIZA,1966,01,10,2.5,31.2,22.4
107010,PACHIZA,1966,01,11,1.5,30.2,22.0
107010,PACHIZA,1966,01,12,0.0,30.2,21.6
107010,PACHIZA,1966,01,13,1.3,34.2,20.8
107010,PACHIZA,1966,01,14,-888,31.2,21.3
107010,PACHIZA,1966,01,15,2.2,29.3,21.3
107010,PACHIZA,1966,01,16,0.0,27.4,20.2
107010,PACHIZA,1966,01,17,0.0,31.8,20.6
107010,PACHIZA,1966,01,18,0.0,31.9,20.6
107010,PACHIZA,1966,01,19,0.0,32.2,20.3
107010,PACHIZA,1966,01,20,0.0,33.3,20.9
107010,PACHIZA,1966,01,21,0.0,33.8,21.4
107010,PACHIZA,1966,01,22,0.0,33.0,21.2
107010,PACHIZA,1966,01,23,0.0,31.4,22.1
107010,PACHIZA,1966,01,24,1.2,31.4,20.8
107010,PACHIZA,1966,01,25,1.0,30.0,21.6
107010,PACHIZA,1966,01,26,4.2,29.8,20.6
107010,PACHIZA,1966,01,27,4.0,32.8,21.3
107010,PACHIZA,1966,01,28,4.7,31.4,21.3
107010,PACHIZA,1966,01,29,0.0,33.1,22.0
107010,PACHIZA,1966,01,30,0.0,35.1,21.4
107010,PACHIZA,1966,01,31,0.0,34.0,21.9
107010,PACHIZA,1966,02,01,-888,32.0,22.2
107010,PACHIZA,1966,02,02,0.0,31.3,23.0
107010,PACHIZA,1966,02,03,0.0,34.4,22.4
107010,PACHIZA,1966,02,04,0.0,32.0,21.4
107010,PACHIZA,1966,02,05,4.5,32.3,22.0
107010,PACHIZA,1966,02,06,0.0,32.6,20.1
107010,PACHIZA,1966,02,07,0.0,31.6,22.2
107010,PACHIZA,1966,02,08,0.0,33.0,22.2
107010,PACHIZA,1966,02,09,0.0,34.0,21.7
107010,PACHIZA,1966,02,10,0.0,34.1,22.0
107010,PACHIZA,1966,02,11,1.5,32.8,22.3
107010,PACHIZA,1966,02,12,0.0,32.8,23.0
107010,PACHIZA,1966,02,13,6.5,33.5,22.0
107010,PACHIZA,1966,02,14,10.3,33.5,22.4
107010,PACHIZA,1966,02,15,32.3,-999,21.1
107010,PACHIZA,1966,02,16,3.2,30.8,20.0
107010,PACHIZA,1966,02,17,0.0,32.8,20.8
107010,PACHIZA,1966,02,18,2.5,32.8,21.4
107010,PACHIZA,1966,02,19,-888,32.9,21.2
107010,PACHIZA,1966,02,20,4.1,31.8,21.6
107010,PACHIZA,1966,02,21,10.0,32.8,21.2
107010,PACHIZA,1966,02,22,20.6,29.5,21.6
107010,PACHIZA,1966,02,23,0.0,30.4,20.1
107010,PACHIZA,1966,02,24,0.0,33.0,20.0
107010,PACHIZA,1966,02,25,0.0,33.2,20.7
107010,PACHIZA,1966,02,26,1.6,33.4,21.0
107010,PACHIZA,1966,02,27,0.0,30.0,21.3
107010,PACHIZA,1966,02,28,1.0,32.3,22.1
107010,PACHIZA,1966,03,01,7.9,32.6,22.1
107010,PACHIZA,1966,03,02,0.0,33.3,21.8
107010,PACHIZA,1966,03,03,-888,33.4,21.8
107010,PACHIZA,1966,03,04,0.0,29.0,22.7
107010,PACHIZA,1966,03,05,0.0,30.9,22.0
107010,PACHIZA,1966,03,06,0.0,32.5,20.8
107010,PACHIZA,1966,03,07,31.7,29.2,21.8
107010,PACHIZA,1966,03,08,5.5,31.3,22.0
107010,PACHIZA,1966,03,09,0.0,-999,22.2
107010,PACHIZA,1966,03,10,3.1,-999,20.7
107010,PACHIZA,1966,03,11,0.0,32.8,21.2
107010,PACHIZA,1966,03,12,-888,33.7,21.0
107010,PACHIZA,1966,03,13,10.5,34.6,20.6
107010,PACHIZA,1966,03,14,2.1,32.4,21.0
107010,PACHIZA,1966,03,15,15.1,31.2,22.0
107010,PACHIZA,1966,03,16,1.5,32.8,22.0
107010,PACHIZA,1966,03,17,-888,33.0,21.3
107010,PACHIZA,1966,03,18,0.0,-999,21.8
107010,PACHIZA,1966,03,19,-888,-999,22.4
107010,PACHIZA,1966,03,20,1.0,29.6,21.7
107010,PACHIZA,1966,03,21,-888,31.6,21.8
107010,PACHIZA,1966,03,22,-888,32.3,21.0
107010,PACHIZA,1966,03,23,0.0,32.8,21.9
107010,PACHIZA,1966,03,24,0.0,33.8,21.7
107010,PACHIZA,1966,03,25,4.5,33.2,22.4
107010,PACHIZA,1966,03,26,3.0,28.4,22.2
107010,PACHIZA,1966,03,27,21.2,30.1,21.5
107010,PACHIZA,1966,03,28,0.0,32.0,21.2
107010,PACHIZA,1966,03,29,4.2,30.4,21.4
107010,PACHIZA,1966,03,30,-888,33.8,21.3
107010,PACHIZA,1966,03,31,0.0,32.8,21.7
107010,PACHIZA,1966,04,01,0.0,33.6,21.4
107010,PACHIZA,1966,04,02,0.0,35.0,22.0
107010,PACHIZA,1966,04,03,0.0,33.7,21.9
107010,PACHIZA,1966,04,04,0.0,32.2,20.6
107010,PACHIZA,1966,04,05,0.0,35.9,21.4
107010,PACHIZA,1966,04,06,0.0,-999,21.2
107010,PACHIZA,1966,04,07,0.0,-999,22.0
107010,PACHIZA,1966,04,08,31.9,-999,21.4
107010,PACHIZA,1966,04,09,0.0,-999,21.6
107010,PACHIZA,1966,04,10,0.0,33.0,22.0
107010,PACHIZA,1966,04,11,0.0,29.8,21.8
107010,PACHIZA,1966,04,12,0.0,33.6,21.2
107010,PACHIZA,1966,04,13,0.0,34.8,20.3
107010,PACHIZA,1966,04,14,0.0,35.0,21.1
107010,PACHIZA,1966,04,15,17.5,-999,22.0
107010,PACHIZA,1966,04,16,3.1,-999,22.0
107010,PACHIZA,1966,04,17,0.0,32.6,21.3
107010,PACHIZA,1966,04,18,2.8,33.3,20.4
107010,PACHIZA,1966,04,19,4.6,32.8,21.1
107010,PACHIZA,1966,04,20,0.9,27.8,22.4
107010,PACHIZA,1966,04,21,4.0,32.0,22.0
107010,PACHIZA,1966,04,22,0.0,32.1,21.4
107010,PACHIZA,1966,04,23,30.5,-999,21.0
107010,PACHIZA,1966,04,24,19.6,-999,21.6
107010,PACHIZA,1966,04,25,1.5,26.4,22.0
107010,PACHIZA,1966,04,26,0.0,31.2,20.2
107010,PACHIZA,1966,04,27,0.0,32.6,19.4
107010,PACHIZA,1966,04,28,-888,32.0,19.4
107010,PACHIZA,1966,04,29,18.0,28.4,20.2
107010,PACHIZA,1966,04,30,20.0,30.0,21.2
107010,PACHIZA,1966,05,01,0.0,29.2,21.2
107010,PACHIZA,1966,05,02,3.2,31.6,21.0
107010,PACHIZA,1966,05,03,12.7,28.8,21.7
107010,PACHIZA,1966,05,04,2.0,29.4,21.3
107010,PACHIZA,1966,05,05,0.5,31.2,20.6
107010,PACHIZA,1966,05,06,0.0,31.0,20.7
107010,PACHIZA,1966,05,07,-888,33.1,21.4
107010,PACHIZA,1966,05,08,0.0,32.6,22.2
107010,PACHIZA,1966,05,09,0.0,33.0,22.0
107010,PACHIZA,1966,05,10,2.3,32.6,21.8
107010,PACHIZA,1966,05,11,0.0,32.4,22.8
107010,PACHIZA,1966,05,12,2.7,33.2,22.6
107010,PACHIZA,1966,05,13,0.0,33.4,22.8
107010,PACHIZA,1966,05,14,-888,30.6,-999
107010,PACHIZA,1966,05,15,21.7,28.4,-999
107010,PACHIZA,1966,05,16,15.8,28.2,-999
107010,PACHIZA,1966,05,17,0.0,31.2,21.2
107010,PACHIZA,1966,05,18,0.0,31.0,21.6
107010,PACHIZA,1966,05,19,0.0,30.8,21.2
107010,PACHIZA,1966,05,20,0.0,32.8,20.8
107010,PACHIZA,1966,05,21,0.0,32.6,21.2
107010,PACHIZA,1966,05,22,0.5,32.6,21.8
107010,PACHIZA,1966,05,23,15.4,-999,22.2
107010,PACHIZA,1966,05,24,30.5,-999,21.6
107010,PACHIZA,1966,05,25,0.0,29.4,20.4
107010,PACHIZA,1966,05,26,0.0,30.6,19.7
107010,PACHIZA,1966,05,27,0.0,30.8,18.0
107010,PACHIZA,1966,05,28,0.0,31.0,17.8
107010,PACHIZA,1966,05,29,0.0,31.8,18.2
107010,PACHIZA,1966,05,30,-888,32.0,18.3
107010,PACHIZA,1966,05,31,0.7,28.9,19.2
107010,PACHIZA,1966,06,01,0.0,30.0,21.5
107010,PACHIZA,1966,06,02,0.0,31.0,20.4
107010,PACHIZA,1966,06,03,0.0,30.2,17.4
107010,PACHIZA,1966,06,04,0.0,30.6,16.2
107010,PACHIZA,1966,06,05,0.0,30.0,15.2
107010,PACHIZA,1966,06,06,0.0,30.9,-999
107010,PACHIZA,1966,06,07,0.0,31.6,-999
107010,PACHIZA,1966,06,08,0.0,31.1,-999
107010,PACHIZA,1966,06,09,0.0,32.1,19.4
107010,PACHIZA,1966,06,10,20.1,33.2,-999
107010,PACHIZA,1966,06,11,20.5,32.8,-999
107010,PACHIZA,1966,06,12,24.3,29.4,-999
107010,PACHIZA,1966,06,13,0.0,29.2,20.8
107010,PACHIZA,1966,06,14,0.0,31.6,21.2
107010,PACHIZA,1966,06,15,0.0,32.2,20.1
107010,PACHIZA,1966,06,16,0.0,33.4,20.1
107010,PACHIZA,1966,06,17,0.0,33.8,19.8
107010,PACHIZA,1966,06,18,2.1,33.0,20.6
107010,PACHIZA,1966,06,19,0.0,33.4,20.5
107010,PACHIZA,1966,06,20,0.0,33.1,20.8
107010,PACHIZA,1966,06,21,0.0,33.6,19.8
107010,PACHIZA,1966,06,22,0.0,31.8,21.4
107010,PACHIZA,1966,06,23,0.0,-999,21.3
107010,PACHIZA,1966,06,24,55.0,-999,21.4
107010,PACHIZA,1966,06,25,-888,28.0,21.2
107010,PACHIZA,1966,06,26,0.0,31.0,21.4
107010,PACHIZA,1966,06,27,0.0,32.4,21.2
107010,PACHIZA,1966,06,28,0.0,31.7,21.6
107010,PACHIZA,1966,06,29,4.2,-999,22.0
107010,PACHIZA,1966,06,30,-888,-999,23.7
107010,PACHIZA,1966,07,01,0.0,23.5,-999
107010,PACHIZA,1966,07,02,0.0,26.4,18.0
107010,PACHIZA,1966,07,03,0.0,28.2,18.4
107010,PACHIZA,1966,07,04,0.0,31.0,18.4
107010,PACHIZA,1966,07,05,0.0,32.0,17.8
107010,PACHIZA,1966,07,06,0.0,29.2,18.1
107010,PACHIZA,1966,07,07,0.0,32.2,18.4
107010,PACHIZA,1966,07,08,0.0,32.7,17.6
107010,PACHIZA,1966,07,09,0.0,32.4,19.0
107010,PACHIZA,1966,07,10,0.0,-999,19.1
107010,PACHIZA,1966,07,11,0.0,-999,19.1
107010,PACHIZA,1966,07,12,0.0,-999,18.8
107010,PACHIZA,1966,07,13,0.0,31.2,19.0
107010,PACHIZA,1966,07,14,10.3,30.0,19.8
107010,PACHIZA,1966,07,15,6.2,25.8,20.9
107010,PACHIZA,1966,07,16,4.0,26.8,19.9
107010,PACHIZA,1966,07,17,0.0,30.0,20.8
107010,PACHIZA,1966,07,18,0.0,31.2,20.2
107010,PACHIZA,1966,07,19,0.0,31.4,19.8
107010,PACHIZA,1966,07,20,0.0,32.8,17.8
107010,PACHIZA,1966,07,21,0.0,32.4,15.7
107010,PACHIZA,1966,07,22,0.5,33.2,16.1
107010,PACHIZA,1966,07,23,0.0,32.4,17.2
107010,PACHIZA,1966,07,24,1.0,31.0,18.1
107010,PACHIZA,1966,07,25,18.6,33.1,21.2
107010,PACHIZA,1966,07,26,0.0,32.0,20.2
107010,PACHIZA,1966,07,27,0.0,32.2,20.4
107010,PACHIZA,1966,07,28,0.0,33.0,18.6
107010,PACHIZA,1966,07,29,0.0,33.0,17.2
107010,PACHIZA,1966,07,30,0.0,33.4,17.8
107010,PACHIZA,1966,07,31,2.6,30.2,19.0
107010,PACHIZA,1966,08,01,19.6,27.8,19.8
107010,PACHIZA,1966,08,02,-888,29.4,21.0
107010,PACHIZA,1966,08,03,0.0,31.4,20.7
107010,PACHIZA,1966,08,04,0.0,34.2,20.4
107010,PACHIZA,1966,08,05,1.0,32.4,18.8
107010,PACHIZA,1966,08,06,-888,27.8,20.2
107010,PACHIZA,1966,08,07,0.0,27.2,19.4
107010,PACHIZA,1966,08,08,0.0,30.0,18.8
107010,PACHIZA,1966,08,09,0.0,31.6,18.4
107010,PACHIZA,1966,08,10,0.0,32.8,17.6
107010,PACHIZA,1966,08,11,0.0,33.4,18.6
107010,PACHIZA,1966,08,12,0.0,33.4,18.4
107010,PACHIZA,1966,08,13,0.0,34.0,19.4
107010,PACHIZA,1966,08,14,0.0,34.6,19.3
107010,PACHIZA,1966,08,15,11.0,-999,19.2
107010,PACHIZA,1966,08,16,7.1,-999,20.0
107010,PACHIZA,1966,08,17,0.0,30.0,19.0
107010,PACHIZA,1966,08,18,0.0,32.8,19.2
107010,PACHIZA,1966,08,19,0.0,33.4,18.2
107010,PACHIZA,1966,08,20,0.0,33.2,18.4
107010,PACHIZA,1966,08,21,0.0,31.8,19.6
107010,PACHIZA,1966,08,22,-888,33.1,18.5
107010,PACHIZA,1966,08,23,0.0,-999,18.7
107010,PACHIZA,1966,08,24,-888,-999,20.0
107010,PACHIZA,1966,08,25,0.0,30.6,20.0
107010,PACHIZA,1966,08,26,0.0,32.4,19.2
107010,PACHIZA,1966,08,27,0.0,32.8,17.2
107010,PACHIZA,1966,08,28,0.0,33.4,16.4
107010,PACHIZA,1966,08,29,0.0,34.4,17.2
107010,PACHIZA,1966,08,30,0.0,35.0,18.4
107010,PACHIZA,1966,08,31,0.0,34.4,21.4
107010,PACHIZA,1966,09,01,-888,33.2,22.2
107010,PACHIZA,1966,09,02,46.8,-999,21.4
107010,PACHIZA,1966,09,03,7.1,27.6,17.9
107010,PACHIZA,1966,09,04,0.0,30.8,18.5
107010,PACHIZA,1966,09,05,0.0,33.0,19.3
107010,PACHIZA,1966,09,06,0.0,33.1,19.1
107010,PACHIZA,1966,09,07,0.0,34.0,16.2
107010,PACHIZA,1966,09,08,0.0,34.0,16.8
107010,PACHIZA,1966,09,09,0.5,30.0,18.8
107010,PACHIZA,1966,09,10,0.0,32.2,20.8
107010,PACHIZA,1966,09,11,0.0,33.8,19.6
107010,PACHIZA,1966,09,12,2.7,28.8,20.5
107010,PACHIZA,1966,09,13,8.5,32.0,20.2
107010,PACHIZA,1966,09,14,0.0,34.0,20.6
107010,PACHIZA,1966,09,15,0.0,36.0,19.4
107010,PACHIZA,1966,09,16,0.0,33.0,20.4
107010,PACHIZA,1966,09,17,10.3,31.6,18.4
107010,PACHIZA,1966,09,18,0.0,30.1,20.2
107010,PACHIZA,1966,09,19,0.0,32.6,19.4
107010,PACHIZA,1966,09,20,56.7,-999,19.2
107010,PACHIZA,1966,09,21,55.2,-999,20.8
107010,PACHIZA,1966,09,22,8.5,28.4,19.9
107010,PACHIZA,1966,09,23,0.0,29.2,18.2
107010,PACHIZA,1966,09,24,0.0,33.6,18.8
107010,PACHIZA,1966,09,25,0.0,34.2,19.0
107010,PACHIZA,1966,09,26,0.0,34.3,18.6
107010,PACHIZA,1966,09,27,0.0,34.8,18.8
107010,PACHIZA,1966,09,28,0.0,34.8,21.0
107010,PACHIZA,1966,09,29,0.0,34.4,21.4
107010,PACHIZA,1966,09,30,0.0,34.0,20.4
107010,PACHIZA,1966,10,01,2.6,29.2,20.8
107010,PACHIZA,1966,10,02,0.0,32.6,19.7
107010,PACHIZA,1966,10,03,1.8,33.4,19.8
107010,PACHIZA,1966,10,04,0.0,33.2,19.8
107010,PACHIZA,1966,10,05,2.5,31.0,21.1
107010,PACHIZA,1966,10,06,0.0,32.2,21.0
107010,PACHIZA,1966,10,07,0.0,32.9,20.1
107010,PACHIZA,1966,10,08,0.0,32.4,20.8
107010,PACHIZA,1966,10,09,1.6,32.2,21.0
107010,PACHIZA,1966,10,10,-888,32.4,21.8
107010,PACHIZA,1966,10,11,0.0,33.8,21.0
107010,PACHIZA,1966,10,12,2.5,-999,21.2
107010,PACHIZA,1966,10,13,29.2,-999,22.0
107010,PACHIZA,1966,10,14,5.6,-999,21.2
107010,PACHIZA,1966,10,15,0.0,-999,20.4
107010,PACHIZA,1966,10,16,0.0,32.2,20.0
107010,PACHIZA,1966,10,17,0.0,32.2,20.4
107010,PACHIZA,1966,10,18,43.4,-999,22.5
107010,PACHIZA,1966,10,19,1.2,-999,20.6
107010,PACHIZA,1966,10,20,1.5,29.0,21.2
107010,PACHIZA,1966,10,21,0.0,32.6,20.8
107010,PACHIZA,1966,10,22,30.5,-999,21.6
107010,PACHIZA,1966,10,23,6.8,-999,22.8
107010,PACHIZA,1966,10,24,0.0,31.2,21.0
107010,PACHIZA,1966,10,25,0.0,33.2,21.6
107010,PACHIZA,1966,10,26,3.5,33.0,21.8
107010,PACHIZA,1966,10,27,0.0,34.2,22.3
107010,PACHIZA,1966,10,28,0.0,34.1,21.8
107010,PACHIZA,1966,10,29,40.2,32.5,22.2
107010,PACHIZA,1966,10,30,5.0,29.8,21.4
107010,PACHIZA,1966,10,31,42.0,27.6,21.6
107010,PACHIZA,1966,11,01,0.0,32.6,20.6
107010,PACHIZA,1966,11,02,0.0,31.9,20.9
107010,PACHIZA,1966,11,03,0.0,30.4,21.2
107010,PACHIZA,1966,11,04,0.0,33.2,22.4
107010,PACHIZA,1966,11,05,16.0,-999,21.8
107010,PACHIZA,1966,11,06,0.5,-999,21.4
107010,PACHIZA,1966,11,07,0.0,-999,21.0
107010,PACHIZA,1966,11,08,27.5,33.3,21.7
107010,PACHIZA,1966,11,09,1.2,30.9,22.7
107010,PACHIZA,1966,11,10,0.6,31.3,21.4
107010,PACHIZA,1966,11,11,0.0,32.2,21.8
107010,PACHIZA,1966,11,12,0.0,31.8,22.2
107010,PACHIZA,1966,11,13,0.0,33.2,22.1
107010,PACHIZA,1966,11,14,0.0,30.6,22.9
107010,PACHIZA,1966,11,15,0.0,32.6,22.0
107010,PACHIZA,1966,11,16,3.8,32.0,22.1
107010,PACHIZA,1966,11,17,29.5,29.4,22.8
107010,PACHIZA,1966,11,18,11.0,29.6,21.0
107010,PACHIZA,1966,11,19,0.0,31.6,21.9
107010,PACHIZA,1966,11,20,0.0,33.4,21.0
107010,PACHIZA,1966,11,21,67.3,-999,21.6
107010,PACHIZA,1966,11,22,0.7,-999,21.1
107010,PACHIZA,1966,11,23,0.0,31.8,21.4
107010,PACHIZA,1966,11,24,0.0,29.9,21.6
107010,PACHIZA,1966,11,25,0.0,28.6,22.2
107010,PACHIZA,1966,11,26,0.0,32.0,22.4
107010,PACHIZA,1966,11,27,0.0,32.0,22.2
107010,PACHIZA,1966,11,28,0.5,28.7,22.2
107010,PACHIZA,1966,11,29,53.8,30.6,22.0
107010,PACHIZA,1966,11,30,3.5,28.8,21.3
107010,PACHIZA,1966,12,01,0.0,33.0,21.6
107010,PACHIZA,1966,12,02,2.5,32.0,23.4
107010,PACHIZA,1966,12,03,0.0,34.2,22.8
107010,PACHIZA,1966,12,04,0.1,32.9,22.8
107010,PACHIZA,1966,12,05,15.7,31.8,22.3
107010,PACHIZA,1966,12,06,0.0,31.2,21.8
107010,PACHIZA,1966,12,07,21.5,30.8,21.5
107010,PACHIZA,1966,12,08,5.0,30.5,21.8
107010,PACHIZA,1966,12,09,0.0,30.6,21.8
107010,PACHIZA,1966,12,10,0.0,33.6,22.0
107010,PACHIZA,1966,12,11,0.5,29.2,22.6
107010,PACHIZA,1966,12,12,53.8,29.8,22.8
107010,PACHIZA,1966,12,13,0.0,32.2,22.2
107010,PACHIZA,1966,12,14,0.0,33.1,22.4
107010,PACHIZA,1966,12,15,0.0,33.4,22.2
107010,PACHIZA,1966,12,16,0.0,32.0,22.4
107010,PACHIZA,1966,12,17,3.1,31.2,23.2
107010,PACHIZA,1966,12,18,0.0,32.4,23.6
107010,PACHIZA,1966,12,19,0.0,31.8,23.4
107010,PACHIZA,1966,12,20,0.0,34.6,22.0
107010,PACHIZA,1966,12,21,0.0,34.6,22.2
107010,PACHIZA,1966,12,22,1.2,32.4,22.0
107010,PACHIZA,1966,12,23,1.3,28.4,21.4
107010,PACHIZA,1966,12,24,0.0,32.4,19.8
107010,PACHIZA,1966,12,25,5.2,30.2,21.0
107010,PACHIZA,1966,12,26,0.0,31.4,22.2
107010,PACHIZA,1966,12,27,0.0,33.2,22.4
107010,PACHIZA,1966,12,28,0.0,33.8,22.0
107010,PACHIZA,1966,12,29,0.0,32.0,21.6
107010,PACHIZA,1966,12,30,28.7,31.8,22.2
107010,PACHIZA,1966,12,31,0.0,32.4,21.2
107010,PACHIZA,1967,01,01,8.4,29.8,21.6
107010,PACHIZA,1967,01,02,0.0,30.6,21.6
107010,PACHIZA,1967,01,03,0.0,30.6,21.4
107010,PACHIZA,1967,01,04,0.0,32.0,20.2
107010,PACHIZA,1967,01,05,0.0,31.4,20.6
107010,PACHIZA,1967,01,06,2.5,30.6,20.4
107010,PACHIZA,1967,01,07,0.0,31.6,21.4
107010,PACHIZA,1967,01,08,0.0,33.0,19.6
107010,PACHIZA,1967,01,09,0.0,30.4,19.4
107010,PACHIZA,1967,01,10,0.0,31.0,20.8
107010,PACHIZA,1967,01,11,0.0,29.8,21.0
107010,PACHIZA,1967,01,12,0.0,31.8,20.6
107010,PACHIZA,1967,01,13,-888,29.4,21.2
107010,PACHIZA,1967,01,14,0.0,32.4,20.6
107010,PACHIZA,1967,01,15,0.0,30.4,20.4
107010,PACHIZA,1967,01,16,0.0,32.4,19.4
107010,PACHIZA,1967,01,17,0.0,33.4,20.2
107010,PACHIZA,1967,01,18,0.0,32.8,20.4
107010,PACHIZA,1967,01,19,0.0,34.2,21.2
107010,PACHIZA,1967,01,20,0.0,34.4,20.4
107010,PACHIZA,1967,01,21,0.0,34.3,21.2
107010,PACHIZA,1967,01,22,0.0,30.3,20.3
107010,PACHIZA,1967,01,23,0.0,32.4,20.8
107010,PACHIZA,1967,01,24,66.8,28.6,21.4
107010,PACHIZA,1967,01,25,7.7,30.5,21.0
107010,PACHIZA,1967,01,26,18.3,28.2,21.0
107010,PACHIZA,1967,01,27,-888,29.4,20.5
107010,PACHIZA,1967,01,28,0.0,32.8,20.8
107010,PACHIZA,1967,01,29,19.1,32.0,21.0
107010,PACHIZA,1967,01,30,0.0,28.0,21.0
107010,PACHIZA,1967,01,31,0.0,32.0,20.4
107010,PACHIZA,1967,02,01,3.4,32.6,20.8
107010,PACHIZA,1967,02,02,0.0,32.8,21.4
107010,PACHIZA,1967,02,03,2.0,31.2,22.2
107010,PACHIZA,1967,02,04,46.0,-999,21.4
107010,PACHIZA,1967,02,05,3.4,-999,20.7
107010,PACHIZA,1967,02,06,1.2,32.2,20.6
107010,PACHIZA,1967,02,07,0.0,31.2,21.2
107010,PACHIZA,1967,02,08,0.6,30.0,21.3
107010,PACHIZA,1967,02,09,0.0,30.0,21.4
107010,PACHIZA,1967,02,10,4.6,27.5,21.1
107010,PACHIZA,1967,02,11,2.0,24.6,22.1
107010,PACHIZA,1967,02,12,0.0,29.6,21.4
107010,PACHIZA,1967,02,13,0.0,29.6,21.6
107010,PACHIZA,1967,02,14,0.0,29.7,22.4
107010,PACHIZA,1967,02,15,8.3,28.0,22.2
107010,PACHIZA,1967,02,16,0.0,32.4,21.8
107010,PACHIZA,1967,02,17,3.5,31.8,22.0
107010,PACHIZA,1967,02,18,4.8,28.4,22.2
107010,PACHIZA,1967,02,19,0.0,30.6,20.6
107010,PACHIZA,1967,02,20,0.0,28.6,21.4
107010,PACHIZA,1967,02,21,0.0,31.6,21.6
107010,PACHIZA,1967,02,22,1.8,33.2,21.8
107010,PACHIZA,1967,02,23,18.6,28.9,22.2
107010,PACHIZA,1967,02,24,0.0,32.0,21.7
107010,PACHIZA,1967,02,25,0.0,29.8,21.6
107010,PACHIZA,1967,02,26,8.5,31.0,21.4
107010,PACHIZA,1967,02,27,2.6,27.0,21.3
107010,PACHIZA,1967,02,28,0.0,29.8,20.8
107010,PACHIZA,1967,03,01,0.0,30.4,20.4
107010,PACHIZA,1967,03,02,1.1,31.8,20.0
107010,PACHIZA,1967,03,03,0.0,31.0,20.8
107010,PACHIZA,1967,03,04,0.0,33.2,20.4
107010,PACHIZA,1967,03,05,0.0,32.3,21.0
107010,PACHIZA,1967,03,06,10.5,31.6,20.6
107010,PACHIZA,1967,03,07,1.4,30.8,21.2
107010,PACHIZA,1967,03,08,1.5,30.0,21.2
107010,PACHIZA,1967,03,09,1.6,29.8,22.2
107010,PACHIZA,1967,03,10,0.0,27.8,21.6
107010,PACHIZA,1967,03,11,-888,30.2,21.7
107010,PACHIZA,1967,03,12,0.0,34.1,20.8
107010,PACHIZA,1967,03,13,0.0,31.2,21.4
107010,PACHIZA,1967,03,14,0.0,32.2,21.2
107010,PACHIZA,1967,03,15,0.0,-999,21.8
107010,PACHIZA,1967,03,16,48.8,-999,21.3
107010,PACHIZA,1967,03,17,4.3,28.6,20.7
107010,PACHIZA,1967,03,18,8.2,30.4,21.0
107010,PACHIZA,1967,03,19,0.6,-999,21.0
107010,PACHIZA,1967,03,20,0.0,-999,20.1
107010,PACHIZA,1967,03,21,0.0,33.0,21.6
107010,PACHIZA,1967,03,22,0.0,32.4,22.0
107010,PACHIZA,1967,03,23,40.0,-999,22.0
107010,PACHIZA,1967,03,24,15.7,-999,21.8
107010,PACHIZA,1967,03,25,0.0,-999,21.0
107010,PACHIZA,1967,03,26,0.0,32.0,20.6
107010,PACHIZA,1967,03,27,0.0,32.4,21.1
107010,PACHIZA,1967,03,28,0.0,31.0,21.4
107010,PACHIZA,1967,03,29,0.0,31.6,21.7
107010,PACHIZA,1967,03,30,11.2,30.6,22.0
107010,PACHIZA,1967,03,31,4.9,30.0,21.0
107010,PACHIZA,1967,04,01,2.3,30.8,21.2
107010,PACHIZA,1967,04,02,77.8,27.4,21.0
107010,PACHIZA,1967,04,03,5.6,29.8,20.2
107010,PACHIZA,1967,04,04,-888,-999,20.4
107010,PACHIZA,1967,04,05,0.0,-999,20.0
107010,PACHIZA,1967,04,06,0.0,34.4,20.4
107010,PACHIZA,1967,04,07,0.0,31.2,20.6
107010,PACHIZA,1967,04,08,-888,32.6,21.6
107010,PACHIZA,1967,04,09,26.6,28.6,20.8
107010,PACHIZA,1967,04,10,0.0,30.2,21.0
107010,PACHIZA,1967,04,11,0.0,33.1,19.6
107010,PACHIZA,1967,04,12,0.0,32.4,20.6
107010,PACHIZA,1967,04,13,0.0,27.8,21.4
107010,PACHIZA,1967,04,14,0.0,31.4,21.8
107010,PACHIZA,1967,04,15,9.8,30.2,21.3
107010,PACHIZA,1967,04,16,16.8,31.0,21.8
107010,PACHIZA,1967,04,17,2.6,-999,21.4
107010,PACHIZA,1967,04,18,13.4,-999,20.0
107010,PACHIZA,1967,04,19,0.0,32.8,20.4
107010,PACHIZA,1967,04,20,0.0,-999,21.2
107010,PACHIZA,1967,04,21,18.9,-999,21.1
107010,PACHIZA,1967,04,22,1.4,-999,21.0
107010,PACHIZA,1967,04,23,0.0,-999,20.1
107010,PACHIZA,1967,04,24,1.4,32.4,20.8
107010,PACHIZA,1967,04,25,9.7,28.8,21.1
107010,PACHIZA,1967,04,26,1.5,29.2,19.5
107010,PACHIZA,1967,04,27,1.5,26.6,20.6
107010,PACHIZA,1967,04,28,0.0,30.2,19.8
107010,PACHIZA,1967,04,29,0.0,31.8,18.8
107010,PACHIZA,1967,04,30,0.0,26.8,19.4
107010,PACHIZA,1967,05,01,2.2,27.4,20.6
107010,PACHIZA,1967,05,02,2.6,27.2,20.8
107010,PACHIZA,1967,05,03,0.0,30.8,19.5
107010,PACHIZA,1967,05,04,2.6,33.1,19.2
107010,PACHIZA,1967,05,05,0.0,33.3,19.6
107010,PACHIZA,1967,05,06,0.0,32.0,20.8
107010,PACHIZA,1967,05,07,14.3,29.4,20.8
107010,PACHIZA,1967,05,08,-888,27.0,21.2
107010,PACHIZA,1967,05,09,0.0,29.8,20.8
107010,PACHIZA,1967,05,10,0.0,32.8,20.8
107010,PACHIZA,1967,05,11,8.5,33.0,21.4
107010,PACHIZA,1967,05,12,0.0,32.3,21.2
107010,PACHIZA,1967,05,13,0.0,33.7,20.3
107010,PACHIZA,1967,05,14,3.0,34.1,20.8
107010,PACHIZA,1967,05,15,0.0,31.5,21.5
107010,PACHIZA,1967,05,16,9.2,30.8,21.5
107010,PACHIZA,1967,05,17,3.7,28.5,21.8
107010,PACHIZA,1967,05,18,0.0,33.0,22.2
107010,PACHIZA,1967,05,19,0.0,30.8,22.3
107010,PACHIZA,1967,05,20,0.0,30.0,21.8
107010,PACHIZA,1967,05,21,6.7,29.2,22.0
107010,PACHIZA,1967,05,22,0.0,31.8,20.0
107010,PACHIZA,1967,05,23,8.0,32.2,21.0
107010,PACHIZA,1967,05,24,0.0,34.2,21.4
107010,PACHIZA,1967,05,25,-888,32.4,21.5
107010,PACHIZA,1967,05,26,1.1,28.0,21.7
107010,PACHIZA,1967,05,27,0.0,30.1,20.6
107010,PACHIZA,1967,05,28,0.0,31.8,-999
107010,PACHIZA,1967,05,29,0.0,31.4,-999
107010,PACHIZA,1967,05,30,5.0,32.0,-999
107010,PACHIZA,1967,05,31,0.0,31.2,20.4
107010,PACHIZA,1967,06,01,0.0,32.0,20.8
107010,PACHIZA,1967,06,02,4.6,31.2,21.2
107010,PACHIZA,1967,06,03,5.7,32.2,21.6
107010,PACHIZA,1967,06,04,12.9,31.6,22.8
107010,PACHIZA,1967,06,05,0.0,32.4,22.8
107010,PACHIZA,1967,06,06,0.0,31.8,23.0
107010,PACHIZA,1967,06,07,37.5,-999,22.8
107010,PACHIZA,1967,06,08,19.3,-999,20.8
107010,PACHIZA,1967,06,09,-888,29.9,21.0
107010,PACHIZA,1967,06,10,0.0,30.6,20.5
107010,PACHIZA,1967,06,11,0.0,31.6,20.6
107010,PACHIZA,1967,06,12,0.0,33.2,19.8
107010,PACHIZA,1967,06,13,0.0,32.0,20.2
107010,PACHIZA,1967,06,14,5.2,31.8,21.2
107010,PACHIZA,1967,06,15,7.4,29.7,21.8
107010,PACHIZA,1967,06,16,-888,29.4,21.8
107010,PACHIZA,1967,06,17,0.0,30.1,20.2
107010,PACHIZA,1967,06,18,0.0,29.9,19.3
107010,PACHIZA,1967,06,19,0.0,30.4,18.8
107010,PACHIZA,1967,06,20,0.0,30.8,18.6
107010,PACHIZA,1967,06,21,0.0,32.4,18.0
107010,PACHIZA,1967,06,22,0.0,32.0,18.8
107010,PACHIZA,1967,06,23,4.0,32.6,18.7
107010,PACHIZA,1967,06,24,8.6,32.7,19.8
107010,PACHIZA,1967,06,25,0.0,28.9,20.0
107010,PACHIZA,1967,06,26,0.0,31.0,21.4
107010,PACHIZA,1967,06,27,0.0,32.2,20.4
107010,PACHIZA,1967,06,28,0.0,30.1,20.9
107010,PACHIZA,1967,06,29,0.0,32.0,21.6
107010,PACHIZA,1967,06,30,-888,30.4,19.4
107010,PACHIZA,1967,07,01,13.0,27.9,-999
107010,PACHIZA,1967,07,02,2.5,28.3,20.8
107010,PACHIZA,1967,07,03,0.0,31.0,20.4
107010,PACHIZA,1967,07,04,0.0,31.4,19.0
107010,PACHIZA,1967,07,05,-888,30.8,18.4
107010,PACHIZA,1967,07,06,-888,30.2,19.2
107010,PACHIZA,1967,07,07,0.0,31.2,19.8
107010,PACHIZA,1967,07,08,0.0,32.0,18.8
107010,PACHIZA,1967,07,09,0.0,33.0,18.0
107010,PACHIZA,1967,07,10,-888,33.3,17.4
107010,PACHIZA,1967,07,11,-888,-999,18.4
107010,PACHIZA,1967,07,12,60.8,-999,20.8
107010,PACHIZA,1967,07,13,-888,-999,20.8
107010,PACHIZA,1967,07,14,0.0,-999,21.0
107010,PACHIZA,1967,07,15,0.0,-999,20.0
107010,PACHIZA,1967,07,16,0.0,31.8,19.3
107010,PACHIZA,1967,07,17,0.0,31.0,21.4
107010,PACHIZA,1967,07,18,0.0,33.2,19.4
107010,PACHIZA,1967,07,19,1.2,33.6,19.8
107010,PACHIZA,1967,07,20,-888,31.4,21.0
107010,PACHIZA,1967,07,21,5.0,31.2,20.2
107010,PACHIZA,1967,07,22,4.5,28.6,-999
107010,PACHIZA,1967,07,23,-888,27.3,19.2
107010,PACHIZA,1967,07,24,0.0,31.2,19.8
107010,PACHIZA,1967,07,25,0.0,30.0,19.8
107010,PACHIZA,1967,07,26,0.0,32.6,17.7
107010,PACHIZA,1967,07,27,0.0,31.8,17.2
107010,PACHIZA,1967,07,28,0.0,32.8,17.2
107010,PACHIZA,1967,07,29,0.0,32.2,-999
107010,PACHIZA,1967,07,30,0.0,33.8,-999
107010,PACHIZA,1967,07,31,0.0,33.8,-999
107010,PACHIZA,1967,08,01,-888,30.6,19.6
107010,PACHIZA,1967,08,02,0.4,-999,19.6
107010,PACHIZA,1967,08,03,0.0,-999,19.8
107010,PACHIZA,1967,08,04,0.0,32.2,18.7
107010,PACHIZA,1967,08,05,0.0,32.6,18.0
107010,PACHIZA,1967,08,06,0.0,30.4,18.4
107010,PACHIZA,1967,08,07,0.0,31.6,19.8
107010,PACHIZA,1967,08,08,0.0,31.0,19.0
107010,PACHIZA,1967,08,09,0.0,33.8,18.0
107010,PACHIZA,1967,08,10,0.0,32.8,18.4
107010,PACHIZA,1967,08,11,0.0,32.6,18.8
107010,PACHIZA,1967,08,12,0.0,31.4,19.4
107010,PACHIZA,1967,08,13,0.0,34.6,19.6
107010,PACHIZA,1967,08,14,0.0,34.4,17.6
107010,PACHIZA,1967,08,15,0.0,31.0,18.4
107010,PACHIZA,1967,08,16,25.3,27.4,19.8
107010,PACHIZA,1967,08,17,0.0,28.6,19.0
107010,PACHIZA,1967,08,18,0.0,29.2,20.8
107010,PACHIZA,1967,08,19,0.0,32.8,19.2
107010,PACHIZA,1967,08,20,0.0,31.6,18.0
107010,PACHIZA,1967,08,21,-888,30.6,19.3
107010,PACHIZA,1967,08,22,-888,32.8,19.8
107010,PACHIZA,1967,08,23,0.0,33.8,19.4
107010,PACHIZA,1967,08,24,0.0,34.2,18.8
107010,PACHIZA,1967,08,25,0.0,32.2,18.6
107010,PACHIZA,1967,08,26,0.0,34.6,17.6
107010,PACHIZA,1967,08,27,0.0,35.0,18.2
107010,PACHIZA,1967,08,28,3.0,35.0,19.2
107010,PACHIZA,1967,08,29,0.0,34.6,21.0
107010,PACHIZA,1967,08,30,0.0,35.0,19.0
107010,PACHIZA,1967,08,31,9.0,32.6,19.8
107010,PACHIZA,1967,09,01,-888,28.8,20.4
107010,PACHIZA,1967,09,02,0.0,33.6,20.2
107010,PACHIZA,1967,09,03,0.0,35.4,18.4
107010,PACHIZA,1967,09,04,0.0,36.4,17.8
107010,PACHIZA,1967,09,05,0.0,35.4,17.4
107010,PACHIZA,1967,09,06,0.0,36.2,18.4
107010,PACHIZA,1967,09,07,0.0,-999,19.2
107010,PACHIZA,1967,09,08,0.0,36.2,19.1
107010,PACHIZA,1967,09,09,0.0,34.4,20.0
107010,PACHIZA,1967,09,10,1.9,36.0,18.0
107010,PACHIZA,1967,09,11,0.0,36.4,19.6
107010,PACHIZA,1967,09,12,0.0,36.0,20.4
107010,PACHIZA,1967,09,13,0.0,-999,21.6
107010,PACHIZA,1967,09,14,-888,-999,19.2
107010,PACHIZA,1967,09,15,0.0,-999,19.8
107010,PACHIZA,1967,09,16,0.0,-999,19.0
107010,PACHIZA,1967,09,17,0.0,36.0,18.6
107010,PACHIZA,1967,09,18,0.0,35.8,17.4
107010,PACHIZA,1967,09,19,0.0,34.6,17.8
107010,PACHIZA,1967,09,20,0.0,32.2,18.6
107010,PACHIZA,1967,09,21,1.0,-999,20.2
107010,PACHIZA,1967,09,22,3.4,-999,20.2
107010,PACHIZA,1967,09,23,0.0,-999,20.1
107010,PACHIZA,1967,09,24,0.0,35.6,18.2
107010,PACHIZA,1967,09,25,0.0,36.2,18.8
107010,PACHIZA,1967,09,26,0.0,37.2,18.7
107010,PACHIZA,1967,09,27,0.0,36.4,18.4
107010,PACHIZA,1967,09,28,11.2,34.4,19.4
107010,PACHIZA,1967,09,29,10.5,30.6,21.6
107010,PACHIZA,1967,09,30,1.5,28.6,21.4
107010,PACHIZA,1967,10,01,0.0,34.0,21.6
107010,PACHIZA,1967,10,02,19.8,35.4,20.2
107010,PACHIZA,1967,10,03,0.0,30.6,21.0
107010,PACHIZA,1967,10,04,0.0,32.9,21.0
107010,PACHIZA,1967,10,05,0.0,34.6,20.1
107010,PACHIZA,1967,10,06,-888,-999,20.0
107010,PACHIZA,1967,10,07,5.5,-999,20.0
107010,PACHIZA,1967,10,08,6.2,-999,19.4
107010,PACHIZA,1967,10,09,0.0,-999,19.4
107010,PACHIZA,1967,10,10,2.0,32.4,20.0
107010,PACHIZA,1967,10,11,5.4,-999,21.8
107010,PACHIZA,1967,10,12,0.0,36.3,21.8
107010,PACHIZA,1967,10,13,21.8,27.4,-999
107010,PACHIZA,1967,10,14,0.0,32.1,19.8
107010,PACHIZA,1967,10,15,4.0,31.4,20.2
107010,PACHIZA,1967,10,16,9.5,30.4,20.4
107010,PACHIZA,1967,10,17,27.7,28.2,21.6
107010,PACHIZA,1967,10,18,0.0,31.4,20.0
107010,PACHIZA,1967,10,19,0.0,31.8,20.6
107010,PACHIZA,1967,10,20,0.0,33.6,20.3
107010,PACHIZA,1967,10,21,0.0,33.4,21.0
107010,PACHIZA,1967,10,22,6.0,32.4,20.4
107010,PACHIZA,1967,10,23,0.0,32.1,19.2
107010,PACHIZA,1967,10,24,0.0,33.2,19.8
107010,PACHIZA,1967,10,25,5.5,35.4,20.8
107010,PACHIZA,1967,10,26,1.7,32.0,-999
107010,PACHIZA,1967,10,27,0.0,33.1,-999
107010,PACHIZA,1967,10,28,-888,32.4,-999
107010,PACHIZA,1967,10,29,2.0,30.9,20.2
107010,PACHIZA,1967,10,30,10.6,-999,21.8
107010,PACHIZA,1967,10,31,2.3,-999,22.4
107010,PACHIZA,1967,11,01,0.0,31.4,22.0
107010,PACHIZA,1967,11,02,0.5,34.0,22.0
107010,PACHIZA,1967,11,03,1.2,32.4,23.0
107010,PACHIZA,1967,11,04,0.0,32.6,22.2
107010,PACHIZA,1967,11,05,0.0,32.2,23.2
107010,PACHIZA,1967,11,06,0.0,34.0,22.3
107010,PACHIZA,1967,11,07,0.0,34.6,21.2
107010,PACHIZA,1967,11,08,32.0,36.4,21.8
107010,PACHIZA,1967,11,09,0.0,35.0,22.2
107010,PACHIZA,1967,11,10,1.0,35.4,22.2
107010,PACHIZA,1967,11,11,0.0,32.4,23.2
107010,PACHIZA,1967,11,12,0.0,35.4,23.0
107010,PACHIZA,1967,11,13,68.5,33.2,23.4
107010,PACHIZA,1967,11,14,-888,31.4,22.1
107010,PACHIZA,1967,11,15,0.0,-999,22.4
107010,PACHIZA,1967,11,16,0.2,-999,22.2
107010,PACHIZA,1967,11,17,0.5,-999,21.2
107010,PACHIZA,1967,11,18,-888,29.4,21.9
107010,PACHIZA,1967,11,19,2.0,32.2,22.8
107010,PACHIZA,1967,11,20,3.4,-999,-999
107010,PACHIZA,1967,11,21,0.0,-999,20.0
107010,PACHIZA,1967,11,22,-888,34.2,21.8
107010,PACHIZA,1967,11,23,0.0,32.4,21.0
107010,PACHIZA,1967,11,24,0.0,32.4,22.4
107010,PACHIZA,1967,11,25,0.0,31.6,22.0
107010,PACHIZA,1967,11,26,0.0,33.2,20.8
107010,PACHIZA,1967,11,27,0.0,34.4,20.2
107010,PACHIZA,1967,11,28,51.2,34.2,21.6
107010,PACHIZA,1967,11,29,2.0,29.4,22.2
107010,PACHIZA,1967,11,30,0.0,31.6,22.0
107010,PACHIZA,1967,12,01,0.0,34.6,22.0
107010,PACHIZA,1967,12,02,39.0,32.6,22.2
107010,PACHIZA,1967,12,03,25.5,30.6,21.8
107010,PACHIZA,1967,12,04,8.2,30.6,21.4
107010,PACHIZA,1967,12,05,0.0,31.4,21.2
107010,PACHIZA,1967,12,06,21.4,32.2,21.4
107010,PACHIZA,1967,12,07,0.0,31.4,21.2
107010,PACHIZA,1967,12,08,41.5,33.4,22.2
107010,PACHIZA,1967,12,09,31.8,30.4,21.8
107010,PACHIZA,1967,12,10,1.5,30.8,22.0
107010,PACHIZA,1967,12,11,0.0,-999,22.0
107010,PACHIZA,1967,12,12,7.6,-999,21.2
107010,PACHIZA,1967,12,13,0.0,-999,21.0
107010,PACHIZA,1967,12,14,18.4,32.4,20.2
107010,PACHIZA,1967,12,15,2.0,33.2,20.4
107010,PACHIZA,1967,12,16,38.5,30.4,21.0
107010,PACHIZA,1967,12,17,15.2,27.2,21.6
107010,PACHIZA,1967,12,18,-888,28.2,20.0
107010,PACHIZA,1967,12,19,0.0,30.6,20.0
107010,PACHIZA,1967,12,20,0.0,33.6,21.0
107010,PACHIZA,1967,12,21,0.0,34.5,21.4
107010,PACHIZA,1967,12,22,2.0,34.0,21.8
107010,PACHIZA,1967,12,23,0.0,32.6,21.6
107010,PACHIZA,1967,12,24,0.0,32.8,22.0
107010,PACHIZA,1967,12,25,24.5,28.0,22.2
107010,PACHIZA,1967,12,26,4.6,29.6,21.8
107010,PACHIZA,1967,12,27,0.5,-999,22.2
107010,PACHIZA,1967,12,28,0.0,-999,21.0
107010,PACHIZA,1967,12,29,0.0,34.2,21.1
107010,PACHIZA,1967,12,30,0.0,34.0,22.0
107010,PACHIZA,1967,12,31,0.0,31.2,22.8
107010,PACHIZA,1968,01,01,0.0,28.0,22.2
107010,PACHIZA,1968,01,02,6.0,30.6,21.8
107010,PACHIZA,1968,01,03,0.0,-999,21.2
107010,PACHIZA,1968,01,04,-888,-999,21.4
107010,PACHIZA,1968,01,05,9.3,27.0,20.0
107010,PACHIZA,1968,01,06,4.5,26.6,19.6
107010,PACHIZA,1968,01,07,18.5,30.4,19.6
107010,PACHIZA,1968,01,08,0.0,31.4,20.4
107010,PACHIZA,1968,01,09,0.0,31.4,20.4
107010,PACHIZA,1968,01,10,0.0,30.2,21.0
107010,PACHIZA,1968,01,11,0.0,31.8,20.6
107010,PACHIZA,1968,01,12,0.0,33.6,20.1
107010,PACHIZA,1968,01,13,0.0,33.6,20.6
107010,PACHIZA,1968,01,14,2.0,31.6,21.3
107010,PACHIZA,1968,01,15,0.0,34.0,21.4
107010,PACHIZA,1968,01,16,0.0,33.4,20.6
107010,PACHIZA,1968,01,17,0.0,32.6,21.0
107010,PACHIZA,1968,01,18,0.0,32.4,21.2
107010,PACHIZA,1968,01,19,0.0,31.4,22.0
107010,PACHIZA,1968,01,20,0.0,32.4,21.0
107010,PACHIZA,1968,01,21,0.0,-999,21.2
107010,PACHIZA,1968,01,22,-888,-999,21.2
107010,PACHIZA,1968,01,23,-888,31.0,21.5
107010,PACHIZA,1968,01,24,0.0,35.2,21.8
107010,PACHIZA,1968,01,25,6.7,-999,20.4
107010,PACHIZA,1968,01,26,24.0,-999,20.8
107010,PACHIZA,1968,01,27,0.0,-999,20.6
107010,PACHIZA,1968,01,28,0.0,33.0,21.0
107010,PACHIZA,1968,01,29,7.1,34.1,22.2
107010,PACHIZA,1968,01,30,0.0,31.1,21.9
107010,PACHIZA,1968,01,31,5.5,31.7,22.1
107010,PACHIZA,1968,02,01,0.0,28.6,22.0
107010,PACHIZA,1968,02,02,20.6,31.4,21.0
107010,PACHIZA,1968,02,03,0.0,29.2,21.0
107010,PACHIZA,1968,02,04,0.0,33.0,21.2
107010,PACHIZA,1968,02,05,-888,31.8,21.3
107010,PACHIZA,1968,02,06,17.2,30.8,22.5
107010,PACHIZA,1968,02,07,3.1,-999,22.6
107010,PACHIZA,1968,02,08,0.0,-999,22.0
107010,PACHIZA,1968,02,09,12.6,31.1,21.4
107010,PACHIZA,1968,02,10,-888,28.8,22.1
107010,PACHIZA,1968,02,11,0.0,31.4,22.0
107010,PACHIZA,1968,02,12,15.6,32.9,22.3
107010,PACHIZA,1968,02,13,0.0,33.4,22.2
107010,PACHIZA,1968,02,14,0.0,33.4,22.6
107010,PACHIZA,1968,02,15,0.0,32.8,22.0
107010,PACHIZA,1968,02,16,0.0,31.2,22.2
107010,PACHIZA,1968,02,17,0.0,32.3,22.1
107010,PACHIZA,1968,02,18,0.0,32.2,22.2
107010,PACHIZA,1968,02,19,0.0,30.2,22.2
107010,PACHIZA,1968,02,20,0.0,34.4,22.3
107010,PACHIZA,1968,02,21,0.0,34.7,21.0
107010,PACHIZA,1968,02,22,0.0,32.8,22.4
107010,PACHIZA,1968,02,23,0.0,30.2,22.1
107010,PACHIZA,1968,02,24,1.2,33.8,21.8
107010,PACHIZA,1968,02,25,0.0,33.3,22.4
107010,PACHIZA,1968,02,26,0.0,33.0,22.6
107010,PACHIZA,1968,02,27,70.4,-999,20.5
107010,PACHIZA,1968,02,28,5.2,-999,20.6
107010,PACHIZA,1968,02,29,12.4,30.4,20.8
107010,PACHIZA,1968,03,01,49.0,32.7,20.4
107010,PACHIZA,1968,03,02,0.0,32.2,20.4
107010,PACHIZA,1968,03,03,0.0,30.6,21.6
107010,PACHIZA,1968,03,04,0.0,33.6,19.2
107010,PACHIZA,1968,03,05,2.5,30.2,20.4
107010,PACHIZA,1968,03,06,2.8,28.0,20.4
107010,PACHIZA,1968,03,07,0.0,31.2,21.2
107010,PACHIZA,1968,03,08,0.0,30.7,19.8
107010,PACHIZA,1968,03,09,0.0,31.0,20.8
107010,PACHIZA,1968,03,10,0.0,32.6,21.2
107010,PACHIZA,1968,03,11,5.2,30.2,22.0
107010,PACHIZA,1968,03,12,1.4,30.6,21.4
107010,PACHIZA,1968,03,13,3.8,29.8,21.2
107010,PACHIZA,1968,03,14,0.0,29.6,22.0
107010,PACHIZA,1968,03,15,0.0,31.3,21.8
107010,PACHIZA,1968,03,16,63.5,-999,21.8
107010,PACHIZA,1968,03,17,27.4,-999,20.8
107010,PACHIZA,1968,03,18,1.6,-999,20.6
107010,PACHIZA,1968,03,19,1.5,33.2,20.6
107010,PACHIZA,1968,03,20,0.0,34.2,21.0
107010,PACHIZA,1968,03,21,0.0,32.6,21.5
107010,PACHIZA,1968,03,22,7.1,32.1,21.0
107010,PACHIZA,1968,03,23,7.0,29.6,21.6
107010,PACHIZA,1968,03,24,0.0,30.8,21.2
107010,PACHIZA,1968,03,25,0.0,33.8,21.7
107010,PACHIZA,1968,03,26,0.0,31.4,21.2
107010,PACHIZA,1968,03,27,14.8,32.4,21.6
107010,PACHIZA,1968,03,28,2.6,28.0,21.6
107010,PACHIZA,1968,03,29,4.8,29.2,21.2
107010,PACHIZA,1968,03,30,0.0,31.8,21.8
107010,PACHIZA,1968,03,31,-888,29.6,21.2
107010,PACHIZA,1968,04,01,0.0,30.6,20.4
107010,PACHIZA,1968,04,02,24.0,32.4,20.3
107010,PACHIZA,1968,04,03,7.5,33.4,20.6
107010,PACHIZA,1968,04,04,25.5,29.6,21.2
107010,PACHIZA,1968,04,05,22.4,25.1,20.8
107010,PACHIZA,1968,04,06,0.0,26.2,20.4
107010,PACHIZA,1968,04,07,0.0,-999,20.2
107010,PACHIZA,1968,04,08,0.0,-999,20.0
107010,PACHIZA,1968,04,09,0.0,33.6,20.4
107010,PACHIZA,1968,04,10,3.0,-999,20.8
107010,PACHIZA,1968,04,11,128.2,-999,22.0
107010,PACHIZA,1968,04,12,46.3,28.4,21.8
107010,PACHIZA,1968,04,13,7.2,30.8,20.2
107010,PACHIZA,1968,04,14,0.0,31.0,20.8
107010,PACHIZA,1968,04,15,0.0,33.4,20.6
107010,PACHIZA,1968,04,16,4.5,34.6,20.9
107010,PACHIZA,1968,04,17,0.0,30.6,-999
107010,PACHIZA,1968,04,18,0.0,31.6,21.6
107010,PACHIZA,1968,04,19,0.0,32.8,22.2
107010,PACHIZA,1968,04,20,11.5,33.0,22.0
107010,PACHIZA,1968,04,21,13.6,30.8,21.0
107010,PACHIZA,1968,04,22,3.9,27.4,20.6
107010,PACHIZA,1968,04,23,20.0,25.6,21.0
107010,PACHIZA,1968,04,24,0.0,30.6,21.3
107010,PACHIZA,1968,04,25,0.0,32.8,20.3
107010,PACHIZA,1968,04,26,0.0,33.2,19.2
107010,PACHIZA,1968,04,27,0.0,33.8,19.8
107010,PACHIZA,1968,04,28,20.2,33.5,20.2
107010,PACHIZA,1968,04,29,43.0,-999,20.4
107010,PACHIZA,1968,04,30,1.0,-999,20.3
107010,PACHIZA,1968,05,01,0.0,26.0,19.4
107010,PACHIZA,1968,05,02,0.0,29.2,17.0
107010,PACHIZA,1968,05,03,0.0,30.4,17.8
107010,PACHIZA,1968,05,04,0.0,29.4,15.5
107010,PACHIZA,1968,05,05,0.0,32.4,15.0
107010,PACHIZA,1968,05,06,0.0,31.0,15.0
107010,PACHIZA,1968,05,07,0.0,32.0,18.3
107010,PACHIZA,1968,05,08,0.0,32.8,19.9
107010,PACHIZA,1968,05,09,0.0,33.2,20.2
107010,PACHIZA,1968,05,10,0.0,30.6,21.2
107010,PACHIZA,1968,05,11,4.5,-999,21.8
107010,PACHIZA,1968,05,12,16.4,-999,21.2
107010,PACHIZA,1968,05,13,0.0,31.4,20.6
107010,PACHIZA,1968,05,14,0.0,32.6,20.2
107010,PACHIZA,1968,05,15,-888,31.4,20.0
107010,PACHIZA,1968,05,16,60.3,26.6,20.0
107010,PACHIZA,1968,05,17,-888,23.6,17.6
107010,PACHIZA,1968,05,18,0.0,28.0,16.4
107010,PACHIZA,1968,05,19,0.0,28.4,15.6
107010,PACHIZA,1968,05,20,0.0,30.0,20.2
107010,PACHIZA,1968,05,21,0.0,30.4,20.8
107010,PACHIZA,1968,05,22,0.0,30.8,19.8
107010,PACHIZA,1968,05,23,-888,29.2,20.2
107010,PACHIZA,1968,05,24,0.0,30.4,21.0
107010,PACHIZA,1968,05,25,0.0,31.2,20.4
107010,PACHIZA,1968,05,26,0.0,31.2,19.2
107010,PACHIZA,1968,05,27,0.0,31.8,18.4
107010,PACHIZA,1968,05,28,0.0,33.2,18.4
107010,PACHIZA,1968,05,29,2.0,31.3,19.4
107010,PACHIZA,1968,05,30,0.0,30.2,19.4
107010,PACHIZA,1968,05,31,0.0,31.2,20.4
107010,PACHIZA,1968,06,01,2.0,29.6,19.0
107010,PACHIZA,1968,06,02,1.1,28.5,18.0
107010,PACHIZA,1968,06,03,1.0,29.5,20.4
107010,PACHIZA,1968,06,04,0.0,30.2,20.2
107010,PACHIZA,1968,06,05,0.0,30.4,20.4
107010,PACHIZA,1968,06,06,0.0,31.9,19.8
107010,PACHIZA,1968,06,07,0.0,31.7,20.4
107010,PACHIZA,1968,06,08,0.0,30.1,22.0
107010,PACHIZA,1968,06,09,0.0,27.6,21.1
107010,PACHIZA,1968,06,10,0.0,25.6,21.2
107010,PACHIZA,1968,06,11,0.0,30.4,20.8
107010,PACHIZA,1968,06,12,0.0,31.4,19.6
107010,PACHIZA,1968,06,13,0.0,31.3,19.2
107010,PACHIZA,1968,06,14,0.0,32.4,19.1
107010,PACHIZA,1968,06,15,3.5,30.4,19.0
107010,PACHIZA,1968,06,16,0.0,28.6,20.2
107010,PACHIZA,1968,06,17,0.0,31.4,20.4
107010,PACHIZA,1968,06,18,0.0,31.6,19.0
107010,PACHIZA,1968,06,19,0.0,33.4,19.2
107010,PACHIZA,1968,06,20,0.0,33.4,19.0
107010,PACHIZA,1968,06,21,4.0,33.2,21.2
107010,PACHIZA,1968,06,22,6.1,30.0,22.2
107010,PACHIZA,1968,06,23,0.0,32.8,21.2
107010,PACHIZA,1968,06,24,0.0,33.3,21.2
107010,PACHIZA,1968,06,25,25.5,29.4,20.4
107010,PACHIZA,1968,06,26,0.0,30.6,20.4
107010,PACHIZA,1968,06,27,0.0,32.4,18.2
107010,PACHIZA,1968,06,28,0.0,33.2,19.2
107010,PACHIZA,1968,06,29,0.0,33.0,17.8
107010,PACHIZA,1968,06,30,0.0,33.5,18.2
107010,PACHIZA,1968,07,01,0.0,32.6,18.2
107010,PACHIZA,1968,07,02,0.0,32.8,19.0
107010,PACHIZA,1968,07,03,0.0,32.2,19.2
107010,PACHIZA,1968,07,04,0.0,33.0,20.6
107010,PACHIZA,1968,07,05,2.2,-999,21.2
107010,PACHIZA,1968,07,06,17.1,26.0,20.2
107010,PACHIZA,1968,07,07,2.0,27.8,21.0
107010,PACHIZA,1968,07,08,0.0,31.0,20.6
107010,PACHIZA,1968,07,09,0.0,30.8,19.8
107010,PACHIZA,1968,07,10,15.2,-999,18.8
107010,PACHIZA,1968,07,11,6.0,-999,19.6
107010,PACHIZA,1968,07,12,0.0,30.2,20.0
107010,PACHIZA,1968,07,13,0.0,32.2,18.7
107010,PACHIZA,1968,07,14,0.0,31.8,19.2
107010,PACHIZA,1968,07,15,0.0,31.0,18.8
107010,PACHIZA,1968,07,16,0.0,31.4,19.0
107010,PACHIZA,1968,07,17,0.0,32.4,18.4
107010,PACHIZA,1968,07,18,8.6,28.3,20.1
107010,PACHIZA,1968,07,19,0.0,31.8,20.8
107010,PACHIZA,1968,07,20,0.0,33.2,20.2
107010,PACHIZA,1968,07,21,5.0,34.2,20.0
107010,PACHIZA,1968,07,22,0.0,31.4,20.2
107010,PACHIZA,1968,07,23,0.0,31.4,20.4
107010,PACHIZA,1968,07,24,0.0,33.4,19.6
107010,PACHIZA,1968,07,25,0.0,32.4,19.4
107010,PACHIZA,1968,07,26,0.0,33.2,19.0
107010,PACHIZA,1968,07,27,20.5,31.0,19.2
107010,PACHIZA,1968,07,28,9.4,-999,19.4
107010,PACHIZA,1968,07,29,0.0,32.2,19.2
107010,PACHIZA,1968,07,30,0.0,-999,18.4
107010,PACHIZA,1968,07,31,0.0,-999,19.2
107010,PACHIZA,1968,08,01,0.0,32.2,20.4
107010,PACHIZA,1968,08,02,0.0,33.4,18.9
107010,PACHIZA,1968,08,03,0.0,33.4,17.9
107010,PACHIZA,1968,08,04,0.0,33.6,18.2
107010,PACHIZA,1968,08,05,0.0,33.8,18.4
107010,PACHIZA,1968,08,06,20.5,34.0,19.6
107010,PACHIZA,1968,08,07,0.0,34.2,19.4
107010,PACHIZA,1968,08,08,-888,32.4,20.4
107010,PACHIZA,1968,08,09,0.0,34.2,20.0
107010,PACHIZA,1968,08,10,0.0,32.8,20.0
107010,PACHIZA,1968,08,11,0.0,30.4,20.4
107010,PACHIZA,1968,08,12,0.0,33.2,20.6
107010,PACHIZA,1968,08,13,0.0,31.6,21.6
107010,PACHIZA,1968,08,14,0.0,32.8,21.2
107010,PACHIZA,1968,08,15,9.0,-999,20.2
107010,PACHIZA,1968,08,16,4.5,-999,20.8
107010,PACHIZA,1968,08,17,-888,27.0,20.4
107010,PACHIZA,1968,08,18,4.6,28.2,19.8
107010,PACHIZA,1968,08,19,0.0,28.6,19.4
107010,PACHIZA,1968,08,20,0.0,28.4,20.0
107010,PACHIZA,1968,08,21,0.0,31.2,19.4
107010,PACHIZA,1968,08,22,0.0,31.0,19.1
107010,PACHIZA,1968,08,23,0.0,28.0,19.8
107010,PACHIZA,1968,08,24,0.0,31.8,18.4
107010,PACHIZA,1968,08,25,0.0,29.6,19.4
107010,PACHIZA,1968,08,26,0.0,31.5,20.6
107010,PACHIZA,1968,08,27,17.5,30.6,19.2
107010,PACHIZA,1968,08,28,0.0,32.4,21.1
107010,PACHIZA,1968,08,29,0.0,32.0,20.6
107010,PACHIZA,1968,08,30,0.0,31.4,21.2
107010,PACHIZA,1968,08,31,0.0,32.0,20.0
107010,PACHIZA,1968,09,01,6.2,33.2,21.0
107010,PACHIZA,1968,09,02,0.0,28.8,22.0
107010,PACHIZA,1968,09,03,20.5,28.4,21.2
107010,PACHIZA,1968,09,04,0.0,28.4,20.4
107010,PACHIZA,1968,09,05,0.0,31.4,20.0
107010,PACHIZA,1968,09,06,0.0,33.4,20.2
107010,PACHIZA,1968,09,07,0.0,33.8,20.0
107010,PACHIZA,1968,09,08,0.0,32.2,20.8
107010,PACHIZA,1968,09,09,0.0,35.4,19.8
107010,PACHIZA,1968,09,10,0.0,33.0,-999
107010,PACHIZA,1968,09,11,5.0,33.4,21.0
107010,PACHIZA,1968,09,12,0.0,31.6,21.2
107010,PACHIZA,1968,09,13,0.0,26.6,21.0
107010,PACHIZA,1968,09,14,0.0,30.8,20.4
107010,PACHIZA,1968,09,15,0.0,32.8,21.0
107010,PACHIZA,1968,09,16,0.0,33.0,20.0
107010,PACHIZA,1968,09,17,0.0,34.4,20.8
107010,PACHIZA,1968,09,18,0.0,33.6,20.4
107010,PACHIZA,1968,09,19,0.0,30.4,21.4
107010,PACHIZA,1968,09,20,0.0,32.6,21.0
107010,PACHIZA,1968,09,21,0.0,-999,20.4
107010,PACHIZA,1968,09,22,4.3,-999,20.6
107010,PACHIZA,1968,09,23,0.0,-999,20.0
107010,PACHIZA,1968,09,24,0.0,34.4,20.8
107010,PACHIZA,1968,09,25,0.0,35.4,20.3
107010,PACHIZA,1968,09,26,7.0,32.0,21.4
107010,PACHIZA,1968,09,27,13.4,28.9,20.4
107010,PACHIZA,1968,09,28,0.0,31.6,20.1
107010,PACHIZA,1968,09,29,0.5,-999,20.4
107010,PACHIZA,1968,09,30,62.4,-999,21.6
107010,PACHIZA,1968,10,01,0.0,29.8,20.2
107010,PACHIZA,1968,10,02,0.0,31.6,20.0
107010,PACHIZA,1968,10,03,0.0,30.6,20.4
107010,PACHIZA,1968,10,04,1.0,29.2,21.4
107010,PACHIZA,1968,10,05,0.0,32.6,21.2
107010,PACHIZA,1968,10,06,0.0,36.0,21.0
107010,PACHIZA,1968,10,07,0.0,-999,20.4
107010,PACHIZA,1968,10,08,0.0,29.4,20.8
107010,PACHIZA,1968,10,09,0.0,31.0,20.8
107010,PACHIZA,1968,10,10,28.5,33.4,21.3
107010,PACHIZA,1968,10,11,0.0,31.2,20.6
107010,PACHIZA,1968,10,12,0.0,31.4,20.4
107010,PACHIZA,1968,10,13,0.0,32.6,21.6
107010,PACHIZA,1968,10,14,6.5,31.1,21.6
107010,PACHIZA,1968,10,15,0.0,30.6,22.2
107010,PACHIZA,1968,10,16,0.0,32.5,21.8
107010,PACHIZA,1968,10,17,1.6,34.4,21.6
107010,PACHIZA,1968,10,18,45.4,-999,21.4
107010,PACHIZA,1968,10,19,1.5,-999,21.8
107010,PACHIZA,1968,10,20,0.0,28.6,21.0
107010,PACHIZA,1968,10,21,15.6,29.2,21.2
107010,PACHIZA,1968,10,22,0.0,33.1,21.2
107010,PACHIZA,1968,10,23,0.0,34.2,-999
107010,PACHIZA,1968,10,24,0.0,30.4,-999
107010,PACHIZA,1968,10,25,20.5,32.2,-999
107010,PACHIZA,1968,10,26,0.0,33.0,20.8
107010,PACHIZA,1968,10,27,6.4,34.2,21.6
107010,PACHIZA,1968,10,28,0.6,34.8,21.6
107010,PACHIZA,1968,10,29,2.4,30.6,22.2
107010,PACHIZA,1968,10,30,27.7,28.4,22.2
107010,PACHIZA,1968,10,31,13.1,23.8,20.4
107010,PACHIZA,1968,11,01,0.0,30.4,18.8
107010,PACHIZA,1968,11,02,0.0,33.4,19.8
107010,PACHIZA,1968,11,03,0.0,31.4,18.6
107010,PACHIZA,1968,11,04,0.0,31.4,20.4
107010,PACHIZA,1968,11,05,20.5,31.3,21.4
107010,PACHIZA,1968,11,06,6.2,26.8,21.6
107010,PACHIZA,1968,11,07,0.0,30.4,20.8
107010,PACHIZA,1968,11,08,3.6,29.0,21.2
107010,PACHIZA,1968,11,09,0.0,31.2,21.2
107010,PACHIZA,1968,11,10,2.6,32.4,22.2
107010,PACHIZA,1968,11,11,5.8,30.6,21.8
107010,PACHIZA,1968,11,12,0.0,31.6,21.8
107010,PACHIZA,1968,11,13,0.0,31.6,22.4
107010,PACHIZA,1968,11,14,0.0,30.4,22.4
107010,PACHIZA,1968,11,15,0.0,32.4,22.2
107010,PACHIZA,1968,11,16,0.0,-999,22.1
107010,PACHIZA,1968,11,17,4.1,-999,21.6
107010,PACHIZA,1968,11,18,0.0,-999,20.4
107010,PACHIZA,1968,11,19,0.0,33.3,21.4
107010,PACHIZA,1968,11,20,0.0,34.6,22.6
107010,PACHIZA,1968,11,21,0.0,35.4,23.2
107010,PACHIZA,1968,11,22,0.0,33.4,22.8
107010,PACHIZA,1968,11,23,0.0,31.0,22.0
107010,PACHIZA,1968,11,24,0.0,33.8,22.5
107010,PACHIZA,1968,11,25,0.0,-999,21.6
107010,PACHIZA,1968,11,26,6.2,-999,22.3
107010,PACHIZA,1968,11,27,0.0,28.8,22.0
107010,PACHIZA,1968,11,28,0.0,32.5,21.4
107010,PACHIZA,1968,11,29,0.0,33.6,22.2
107010,PACHIZA,1968,11,30,0.0,34.4,21.4
107010,PACHIZA,1968,12,01,6.2,27.6,23.0
107010,PACHIZA,1968,12,02,0.0,30.6,21.2
107010,PACHIZA,1968,12,03,0.0,32.4,21.2
107010,PACHIZA,1968,12,04,0.0,-999,20.2
107010,PACHIZA,1968,12,05,4.5,-999,-999
107010,PACHIZA,1968,12,06,5.2,29.4,-999
107010,PACHIZA,1968,12,07,0.0,-999,-999
107010,PACHIZA,1968,12,08,0.0,-999,21.2
107010,PACHIZA,1968,12,09,0.0,-999,22.4
107010,PACHIZA,1968,12,10,0.0,32.8,22.8
107010,PACHIZA,1968,12,11,18.5,31.4,22.6
107010,PACHIZA,1968,12,12,3.2,33.4,22.2
107010,PACHIZA,1968,12,13,0.0,31.6,22.8
107010,PACHIZA,1968,12,14,0.0,31.8,22.8
107010,PACHIZA,1968,12,15,0.0,32.4,21.8
107010,PACHIZA,1968,12,16,0.5,32.8,22.2
107010,PACHIZA,1968,12,17,3.5,29.8,22.2
107010,PACHIZA,1968,12,18,14.3,30.6,21.8
107010,PACHIZA,1968,12,19,0.0,33.4,21.6
107010,PACHIZA,1968,12,20,0.0,32.4,22.0
107010,PACHIZA,1968,12,21,0.0,34.0,22.4
107010,PACHIZA,1968,12,22,0.0,34.8,23.0
107010,PACHIZA,1968,12,23,0.0,32.4,22.4
107010,PACHIZA,1968,12,24,16.8,33.2,22.8
107010,PACHIZA,1968,12,25,0.0,31.6,22.8
107010,PACHIZA,1968,12,26,0.0,31.4,22.6
107010,PACHIZA,1968,12,27,0.0,33.2,21.0
107010,PACHIZA,1968,12,28,0.0,30.4,21.6
107010,PACHIZA,1968,12,29,0.0,32.0,20.6
107010,PACHIZA,1968,12,30,0.0,32.2,20.2
107010,PACHIZA,1968,12,31,0.0,34.4,19.0
107010,PACHIZA,1969,01,01,0.0,34.2,20.4
107010,PACHIZA,1969,01,02,0.0,32.6,21.8
107010,PACHIZA,1969,01,03,0.0,33.5,21.4
107010,PACHIZA,1969,01,04,0.0,34.8,20.4
107010,PACHIZA,1969,01,05,0.0,33.4,21.8
107010,PACHIZA,1969,01,06,0.0,34.5,20.4
107010,PACHIZA,1969,01,07,0.0,33.4,21.6
107010,PACHIZA,1969,01,08,0.0,33.5,21.2
107010,PACHIZA,1969,01,09,0.0,35.4,21.4
107010,PACHIZA,1969,01,10,6.2,30.6,22.4
107010,PACHIZA,1969,01,11,63.2,31.4,22.4
107010,PACHIZA,1969,01,12,17.0,26.6,21.0
107010,PACHIZA,1969,01,13,4.4,29.2,21.4
107010,PACHIZA,1969,01,14,1.4,31.4,21.6
107010,PACHIZA,1969,01,15,1.5,33.6,21.4
107010,PACHIZA,1969,01,16,0.0,31.3,22.0
107010,PACHIZA,1969,01,17,0.6,32.8,21.6
107010,PACHIZA,1969,01,18,0.0,33.2,21.6
107010,PACHIZA,1969,01,19,0.0,31.4,22.2
107010,PACHIZA,1969,01,20,0.0,31.2,22.3
107010,PACHIZA,1969,01,21,0.4,-999,22.4
107010,PACHIZA,1969,01,22,0.0,-999,23.2
107010,PACHIZA,1969,01,23,0.0,30.6,21.6
107010,PACHIZA,1969,01,24,0.0,33.6,21.8
107010,PACHIZA,1969,01,25,0.5,-999,21.2
107010,PACHIZA,1969,01,26,0.0,-999,22.0
107010,PACHIZA,1969,01,27,48.0,31.6,22.6
107010,PACHIZA,1969,01,28,10.5,30.4,20.6
107010,PACHIZA,1969,01,29,3.4,32.4,21.2
107010,PACHIZA,1969,01,30,0.0,34.8,21.0
107010,PACHIZA,1969,01,31,10.5,35.4,20.0
107010,PACHIZA,1969,02,01,22.0,30.4,21.0
107010,PACHIZA,1969,02,02,13.3,32.0,21.6
107010,PACHIZA,1969,02,03,5.4,32.2,22.4
107010,PACHIZA,1969,02,04,0.0,30.4,21.6
107010,PACHIZA,1969,02,05,0.0,31.4,21.6
107010,PACHIZA,1969,02,06,0.0,34.4,21.4
107010,PACHIZA,1969,02,07,0.0,30.6,22.0
107010,PACHIZA,1969,02,08,0.0,33.8,21.2
107010,PACHIZA,1969,02,09,1.1,32.0,21.6
107010,PACHIZA,1969,02,10,0.0,34.2,20.5
107010,PACHIZA,1969,02,11,35.8,32.2,22.0
107010,PACHIZA,1969,02,12,23.4,29.8,22.3
107010,PACHIZA,1969,02,13,1.4,27.8,21.6
107010,PACHIZA,1969,02,14,0.0,31.2,21.4
107010,PACHIZA,1969,02,15,0.0,32.4,22.0
107010,PACHIZA,1969,02,16,0.0,35.4,21.2
107010,PACHIZA,1969,02,17,0.0,34.1,23.2
107010,PACHIZA,1969,02,18,0.0,31.6,23.2
107010,PACHIZA,1969,02,19,10.4,32.1,22.3
107010,PACHIZA,1969,02,20,20.0,32.5,20.8
107010,PACHIZA,1969,02,21,0.0,33.4,21.2
107010,PACHIZA,1969,02,22,0.0,35.4,21.8
107010,PACHIZA,1969,02,23,0.0,35.2,22.0
107010,PACHIZA,1969,02,24,2.5,30.6,23.4
107010,PACHIZA,1969,02,25,0.0,31.0,22.2
107010,PACHIZA,1969,02,26,0.0,32.8,20.0
107010,PACHIZA,1969,02,27,0.0,32.6,21.0
107010,PACHIZA,1969,02,28,3.2,31.8,21.8
107010,PACHIZA,1969,03,01,0.0,26.4,22.2
107010,PACHIZA,1969,03,02,53.2,-999,21.4
107010,PACHIZA,1969,03,03,0.0,-999,21.1
107010,PACHIZA,1969,03,04,0.0,-999,19.8
107010,PACHIZA,1969,03,05,5.6,34.2,20.0
107010,PACHIZA,1969,03,06,18.4,30.6,-999
107010,PACHIZA,1969,03,07,5.8,31.2,-999
107010,PACHIZA,1969,03,08,0.4,26.4,-999
107010,PACHIZA,1969,03,09,0.0,31.2,21.2
107010,PACHIZA,1969,03,10,0.0,-999,21.8
107010,PACHIZA,1969,03,11,0.0,-999,21.8
107010,PACHIZA,1969,03,12,0.0,33.4,20.4
107010,PACHIZA,1969,03,13,0.0,34.2,21.0
107010,PACHIZA,1969,03,14,0.0,35.2,21.4
107010,PACHIZA,1969,03,15,0.0,34.2,22.2
107010,PACHIZA,1969,03,16,2.5,30.0,23.0
107010,PACHIZA,1969,03,17,0.0,33.2,22.4
107010,PACHIZA,1969,03,18,0.0,32.6,22.0
107010,PACHIZA,1969,03,19,0.0,34.0,21.0
107010,PACHIZA,1969,03,20,11.2,-999,21.2
107010,PACHIZA,1969,03,21,30.1,-999,22.3
107010,PACHIZA,1969,03,22,0.0,29.2,20.6
107010,PACHIZA,1969,03,23,0.0,32.6,20.4
107010,PACHIZA,1969,03,24,0.0,30.8,21.6
107010,PACHIZA,1969,03,25,11.5,32.6,22.0
107010,PACHIZA,1969,03,26,0.4,30.4,22.0
107010,PACHIZA,1969,03,27,0.0,32.4,22.1
107010,PACHIZA,1969,03,28,19.2,31.6,22.2
107010,PACHIZA,1969,03,29,0.0,31.4,20.0
107010,PACHIZA,1969,03,30,0.0,32.5,21.4
107010,PACHIZA,1969,03,31,0.0,33.6,22.0
107010,PACHIZA,1969,04,01,25.0,31.6,21.4
107010,PACHIZA,1969,04,02,0.0,30.6,21.0
107010,PACHIZA,1969,04,03,22.9,31.0,21.4
107010,PACHIZA,1969,04,04,0.0,31.8,21.4
107010,PACHIZA,1969,04,05,3.0,31.8,20.4
107010,PACHIZA,1969,04,06,8.9,31.4,20.2
107010,PACHIZA,1969,04,07,12.2,28.8,20.4
107010,PACHIZA,1969,04,08,0.0,29.4,21.2
107010,PACHIZA,1969,04,09,0.0,31.4,20.9
107010,PACHIZA,1969,04,10,0.0,32.4,21.2
107010,PACHIZA,1969,04,11,0.0,32.0,21.8
107010,PACHIZA,1969,04,12,0.0,-999,22.2
107010,PACHIZA,1969,04,13,1.0,-999,22.2
107010,PACHIZA,1969,04,14,7.8,28.6,20.0
107010,PACHIZA,1969,04,15,0.0,31.4,20.6
107010,PACHIZA,1969,04,16,0.0,33.4,22.0
107010,PACHIZA,1969,04,17,0.0,33.4,21.6
107010,PACHIZA,1969,04,18,11.3,-999,22.0
107010,PACHIZA,1969,04,19,25.8,-999,22.1
107010,PACHIZA,1969,04,20,9.6,31.8,21.0
107010,PACHIZA,1969,04,21,2.5,31.4,21.8
107010,PACHIZA,1969,04,22,2.5,30.6,21.2
107010,PACHIZA,1969,04,23,0.0,31.4,21.8
107010,PACHIZA,1969,04,24,0.0,32.8,21.4
107010,PACHIZA,1969,04,25,0.0,32.6,21.4
107010,PACHIZA,1969,04,26,0.0,31.8,22.0
107010,PACHIZA,1969,04,27,0.0,34.0,21.4
107010,PACHIZA,1969,04,28,0.0,34.2,21.8
107010,PACHIZA,1969,04,29,8.5,32.8,23.4
107010,PACHIZA,1969,04,30,0.0,32.4,23.4
107010,PACHIZA,1969,05,01,14.6,33.8,21.4
107010,PACHIZA,1969,05,02,0.0,34.4,23.4
107010,PACHIZA,1969,05,03,1.0,32.4,24.0
107010,PACHIZA,1969,05,04,0.0,27.8,23.4
107010,PACHIZA,1969,05,05,0.0,27.8,22.1
107010,PACHIZA,1969,05,06,0.0,32.4,20.2
107010,PACHIZA,1969,05,07,0.0,30.3,20.2
107010,PACHIZA,1969,05,08,0.0,34.4,20.4
107010,PACHIZA,1969,05,09,0.0,34.2,19.8
107010,PACHIZA,1969,05,10,0.0,34.6,21.0
107010,PACHIZA,1969,05,11,0.0,34.2,20.4
107010,PACHIZA,1969,05,12,0.0,-999,22.0
107010,PACHIZA,1969,05,13,4.7,-999,22.4
107010,PACHIZA,1969,05,14,0.0,29.2,21.2
107010,PACHIZA,1969,05,15,0.0,29.6,21.4
107010,PACHIZA,1969,05,16,0.0,34.2,22.0
107010,PACHIZA,1969,05,17,0.0,33.6,21.8
107010,PACHIZA,1969,05,18,0.0,34.2,21.0
107010,PACHIZA,1969,05,19,0.0,34.6,22.4
107010,PACHIZA,1969,05,20,0.0,33.4,21.4
107010,PACHIZA,1969,05,21,0.0,34.0,22.0
107010,PACHIZA,1969,05,22,0.0,33.4,22.1
107010,PACHIZA,1969,05,23,0.0,30.8,22.4
107010,PACHIZA,1969,05,24,0.0,32.6,22.4
107010,PACHIZA,1969,05,25,0.0,32.2,21.6
107010,PACHIZA,1969,05,26,2.2,33.8,20.4
107010,PACHIZA,1969,05,27,24.0,33.4,21.8
107010,PACHIZA,1969,05,28,2.6,32.4,22.4
107010,PACHIZA,1969,05,29,0.0,33.4,22.2
107010,PACHIZA,1969,05,30,0.0,34.2,21.6
107010,PACHIZA,1969,05,31,4.6,34.4,21.4
107010,PACHIZA,1969,06,01,3.6,33.6,21.8
107010,PACHIZA,1969,06,02,28.8,32.6,22.0
107010,PACHIZA,1969,06,03,1.8,31.6,23.0
107010,PACHIZA,1969,06,04,0.0,-999,23.0
107010,PACHIZA,1969,06,05,4.8,-999,22.6
107010,PACHIZA,1969,06,06,0.0,30.6,21.6
107010,PACHIZA,1969,06,07,2.8,32.4,22.0
107010,PACHIZA,1969,06,08,0.0,33.6,22.6
107010,PACHIZA,1969,06,09,8.3,30.4,22.6
107010,PACHIZA,1969,06,10,0.0,31.4,21.4
107010,PACHIZA,1969,06,11,0.0,31.3,22.2
107010,PACHIZA,1969,06,12,0.0,30.4,21.4
107010,PACHIZA,1969,06,13,0.2,31.8,21.8
107010,PACHIZA,1969,06,14,1.0,30.6,22.2
107010,PACHIZA,1969,06,15,46.0,-999,21.9
107010,PACHIZA,1969,06,16,7.6,-999,21.2
107010,PACHIZA,1969,06,17,6.4,29.4,20.2
107010,PACHIZA,1969,06,18,3.5,29.3,20.4
107010,PACHIZA,1969,06,19,8.3,27.6,21.2
107010,PACHIZA,1969,06,20,0.0,27.8,20.2
107010,PACHIZA,1969,06,21,0.0,29.4,18.6
107010,PACHIZA,1969,06,22,0.0,29.2,18.6
107010,PACHIZA,1969,06,23,0.0,30.6,19.0
107010,PACHIZA,1969,06,24,0.0,31.4,17.4
107010,PACHIZA,1969,06,25,0.0,32.0,20.2
107010,PACHIZA,1969,06,26,0.0,31.6,20.0
107010,PACHIZA,1969,06,27,0.0,31.8,20.6
107010,PACHIZA,1969,06,28,0.0,31.0,21.6
107010,PACHIZA,1969,06,29,0.0,29.6,21.8
107010,PACHIZA,1969,06,30,15.0,31.6,20.0
107010,PACHIZA,1969,07,01,21.0,-999,20.0
107010,PACHIZA,1969,07,02,0.0,-999,20.2
107010,PACHIZA,1969,07,03,0.0,29.8,20.0
107010,PACHIZA,1969,07,04,0.0,31.4,18.6
107010,PACHIZA,1969,07,05,0.0,33.0,17.2
107010,PACHIZA,1969,07,06,0.0,32.8,21.8
107010,PACHIZA,1969,07,07,0.0,32.4,19.4
107010,PACHIZA,1969,07,08,0.0,31.8,20.4
107010,PACHIZA,1969,07,09,0.0,-999,20.8
107010,PACHIZA,1969,07,10,0.0,-999,16.0
107010,PACHIZA,1969,07,11,0.0,24.2,12.2
107010,PACHIZA,1969,07,12,0.0,-999,14.6
107010,PACHIZA,1969,07,13,0.0,-999,16.2
107010,PACHIZA,1969,07,14,0.0,30.4,16.4
107010,PACHIZA,1969,07,15,0.0,32.6,16.6
107010,PACHIZA,1969,07,16,0.0,33.6,17.0
107010,PACHIZA,1969,07,17,0.0,33.4,17.1
107010,PACHIZA,1969,07,18,0.0,33.2,18.7
107010,PACHIZA,1969,07,19,0.0,31.6,17.6
107010,PACHIZA,1969,07,20,0.0,32.6,18.6
107010,PACHIZA,1969,07,21,0.0,33.4,20.1
107010,PACHIZA,1969,07,22,0.0,30.4,18.4
107010,PACHIZA,1969,07,23,0.0,29.8,20.0
107010,PACHIZA,1969,07,24,0.0,30.8,19.8
107010,PACHIZA,1969,07,25,0.0,32.6,17.2
107010,PACHIZA,1969,07,26,0.0,30.6,18.0
107010,PACHIZA,1969,07,27,0.0,30.6,18.8
107010,PACHIZA,1969,07,28,0.0,35.2,18.4
107010,PACHIZA,1969,07,29,0.0,34.2,17.2
107010,PACHIZA,1969,07,30,0.0,34.6,17.1
107010,PACHIZA,1969,07,31,0.0,34.2,18.2
107010,PACHIZA,1969,08,01,31.0,-999,18.9
107010,PACHIZA,1969,08,02,31.1,-999,20.6
107010,PACHIZA,1969,08,03,0.0,28.8,19.0
107010,PACHIZA,1969,08,04,0.0,31.8,19.0
107010,PACHIZA,1969,08,05,0.0,32.4,19.8
107010,PACHIZA,1969,08,06,7.4,32.8,18.0
107010,PACHIZA,1969,08,07,6.5,31.8,20.0
107010,PACHIZA,1969,08,08,0.0,31.0,19.8
107010,PACHIZA,1969,08,09,0.0,32.0,20.0
107010,PACHIZA,1969,08,10,0.0,31.0,19.2
107010,PACHIZA,1969,08,11,0.0,32.2,18.7
107010,PACHIZA,1969,08,12,0.0,31.8,18.2
107010,PACHIZA,1969,08,13,0.0,33.4,19.2
107010,PACHIZA,1969,08,14,0.0,32.4,18.8
107010,PACHIZA,1969,08,15,12.4,32.2,18.8
107010,PACHIZA,1969,08,16,0.0,33.4,20.0
107010,PACHIZA,1969,08,17,0.0,32.4,19.0
107010,PACHIZA,1969,08,18,0.0,30.0,19.8
107010,PACHIZA,1969,08,19,0.0,32.6,21.2
107010,PACHIZA,1969,08,20,5.2,29.4,20.4
107010,PACHIZA,1969,08,21,0.0,28.4,20.6
107010,PACHIZA,1969,08,22,0.0,30.2,21.0
107010,PACHIZA,1969,08,23,0.0,31.4,20.6
107010,PACHIZA,1969,08,24,27.6,33.0,20.4
107010,PACHIZA,1969,08,25,3.2,30.2,21.0
107010,PACHIZA,1969,08,26,0.0,33.2,21.0
107010,PACHIZA,1969,08,27,0.0,32.2,20.0
107010,PACHIZA,1969,08,28,0.0,33.0,20.4
107010,PACHIZA,1969,08,29,0.0,32.8,19.0
107010,PACHIZA,1969,08,30,5.2,31.8,20.0
107010,PACHIZA,1969,08,31,7.5,28.9,19.3
107010,PACHIZA,1969,09,01,0.0,32.8,19.4
107010,PACHIZA,1969,09,02,0.0,34.2,20.2
107010,PACHIZA,1969,09,03,0.0,32.4,18.2
107010,PACHIZA,1969,09,04,0.0,32.4,18.9
107010,PACHIZA,1969,09,05,6.2,34.2,20.4
107010,PACHIZA,1969,09,06,0.0,34.4,21.6
107010,PACHIZA,1969,09,07,0.0,31.8,21.2
107010,PACHIZA,1969,09,08,42.2,30.4,21.6
107010,PACHIZA,1969,09,09,3.0,-999,21.0
107010,PACHIZA,1969,09,10,0.0,-999,20.4
107010,PACHIZA,1969,09,11,0.0,34.2,19.4
107010,PACHIZA,1969,09,12,1.5,31.4,20.2
107010,PACHIZA,1969,09,13,0.0,29.2,21.1
107010,PACHIZA,1969,09,14,0.6,29.8,20.8
107010,PACHIZA,1969,09,15,1.8,33.6,20.4
107010,PACHIZA,1969,09,16,0.0,33.6,19.6
107010,PACHIZA,1969,09,17,0.0,34.2,19.8
107010,PACHIZA,1969,09,18,0.0,30.2,20.2
107010,PACHIZA,1969,09,19,21.8,31.4,20.8
107010,PACHIZA,1969,09,20,0.0,29.0,20.6
107010,PACHIZA,1969,09,21,0.0,31.2,20.2
107010,PACHIZA,1969,09,22,0.0,33.8,20.8
107010,PACHIZA,1969,09,23,6.5,32.6,21.2
107010,PACHIZA,1969,09,24,0.0,32.6,20.6
107010,PACHIZA,1969,09,25,0.0,33.2,21.0
107010,PACHIZA,1969,09,26,0.0,33.4,21.2
107010,PACHIZA,1969,09,27,0.0,32.6,20.2
107010,PACHIZA,1969,09,28,1.1,33.4,21.0
107010,PACHIZA,1969,09,29,0.0,33.4,22.2
107010,PACHIZA,1969,09,30,0.0,32.4,23.0
107010,PACHIZA,1969,10,01,5.8,33.3,21.2
107010,PACHIZA,1969,10,02,4.0,31.6,21.4
107010,PACHIZA,1969,10,03,0.0,34.2,21.6
107010,PACHIZA,1969,10,04,0.0,29.8,-999
107010,PACHIZA,1969,10,05,12.4,34.5,-999
107010,PACHIZA,1969,10,06,23.0,29.6,-999
107010,PACHIZA,1969,10,07,15.2,27.4,21.8
107010,PACHIZA,1969,10,08,0.0,28.2,20.4
107010,PACHIZA,1969,10,09,0.0,31.6,20.4
107010,PACHIZA,1969,10,10,0.0,35.0,21.0
107010,PACHIZA,1969,10,11,0.0,34.4,20.2
107010,PACHIZA,1969,10,12,0.0,32.4,-999
107010,PACHIZA,1969,10,13,27.4,34.2,-999
107010,PACHIZA,1969,10,14,10.8,29.5,-999
107010,PACHIZA,1969,10,15,40.0,27.3,-999
107010,PACHIZA,1969,10,16,0.0,30.4,20.8
107010,PACHIZA,1969,10,17,0.0,33.8,20.6
107010,PACHIZA,1969,10,18,0.0,32.8,20.4
107010,PACHIZA,1969,10,19,0.0,32.4,21.6
107010,PACHIZA,1969,10,20,0.0,32.2,20.0
107010,PACHIZA,1969,10,21,0.0,34.2,21.2
107010,PACHIZA,1969,10,22,0.0,31.4,21.0
107010,PACHIZA,1969,10,23,44.3,32.2,21.6
107010,PACHIZA,1969,10,24,3.8,34.2,19.4
107010,PACHIZA,1969,10,25,0.0,31.8,18.8
107010,PACHIZA,1969,10,26,0.0,34.2,19.8
107010,PACHIZA,1969,10,27,0.0,31.2,20.6
107010,PACHIZA,1969,10,28,34.0,32.4,21.8
107010,PACHIZA,1969,10,29,0.0,33.2,20.8
107010,PACHIZA,1969,10,30,0.0,31.4,21.2
107010,PACHIZA,1969,10,31,0.0,33.8,21.2
107010,PACHIZA,1969,11,01,0.0,33.8,21.8
107010,PACHIZA,1969,11,02,3.0,30.2,22.0
107010,PACHIZA,1969,11,03,0.0,32.2,21.6
107010,PACHIZA,1969,11,04,0.0,32.8,21.8
107010,PACHIZA,1969,11,05,0.0,32.6,21.6
107010,PACHIZA,1969,11,06,2.2,30.6,21.8
107010,PACHIZA,1969,11,07,2.8,33.0,22.7
107010,PACHIZA,1969,11,08,0.0,32.4,23.0
107010,PACHIZA,1969,11,09,0.0,29.2,22.4
107010,PACHIZA,1969,11,10,52.3,28.6,21.9
107010,PACHIZA,1969,11,11,25.4,-999,21.4
107010,PACHIZA,1969,11,12,0.0,-999,20.8
107010,PACHIZA,1969,11,13,0.0,33.2,20.8
107010,PACHIZA,1969,11,14,0.0,31.8,22.8
107010,PACHIZA,1969,11,15,0.0,34.8,21.2
107010,PACHIZA,1969,11,16,0.0,35.6,22.2
107010,PACHIZA,1969,11,17,9.3,-999,22.6
107010,PACHIZA,1969,11,18,60.9,-999,22.6
107010,PACHIZA,1969,11,19,0.0,29.6,20.6
107010,PACHIZA,1969,11,20,2.4,27.8,22.2
107010,PACHIZA,1969,11,21,8.2,27.4,22.4
107010,PACHIZA,1969,11,22,3.4,31.2,21.3
107010,PACHIZA,1969,11,23,0.0,-999,21.4
107010,PACHIZA,1969,11,24,0.0,-999,21.0
107010,PACHIZA,1969,11,25,0.0,31.2,21.6
107010,PACHIZA,1969,11,26,1.6,30.5,22.2
107010,PACHIZA,1969,11,27,37.5,27.2,21.6
107010,PACHIZA,1969,11,28,17.2,32.0,21.0
107010,PACHIZA,1969,11,29,0.0,32.4,21.2
107010,PACHIZA,1969,11,30,0.0,34.8,21.2
107010,PACHIZA,1969,12,01,0.0,34.5,18.8
107010,PACHIZA,1969,12,02,2.6,-999,20.6
107010,PACHIZA,1969,12,03,9.0,-999,21.5
107010,PACHIZA,1969,12,04,0.0,31.4,21.8
107010,PACHIZA,1969,12,05,0.0,32.4,21.4
107010,PACHIZA,1969,12,06,0.0,34.2,21.0
107010,PACHIZA,1969,12,07,0.0,30.6,21.4
107010,PACHIZA,1969,12,08,13.0,32.4,21.8
107010,PACHIZA,1969,12,09,0.0,34.0,21.6
107010,PACHIZA,1969,12,10,4.2,32.0,21.0
107010,PACHIZA,1969,12,11,5.6,33.0,-999
107010,PACHIZA,1969,12,12,7.6,33.2,22.0
107010,PACHIZA,1969,12,13,26.2,-999,21.4
107010,PACHIZA,1969,12,14,16.0,-999,21.8
107010,PACHIZA,1969,12,15,0.0,30.4,20.2
107010,PACHIZA,1969,12,16,0.0,29.2,21.2
107010,PACHIZA,1969,12,17,0.0,32.2,21.4
107010,PACHIZA,1969,12,18,0.0,33.6,20.2
107010,PACHIZA,1969,12,19,0.0,34.0,20.6
107010,PACHIZA,1969,12,20,0.0,33.4,21.4
107010,PACHIZA,1969,12,21,25.0,30.0,21.8
107010,PACHIZA,1969,12,22,0.0,29.2,21.8
107010,PACHIZA,1969,12,23,22.4,34.1,21.6
107010,PACHIZA,1969,12,24,0.0,-999,20.8
107010,PACHIZA,1969,12,25,1.8,-999,21.6
107010,PACHIZA,1969,12,26,0.7,-999,20.0
107010,PACHIZA,1969,12,27,0.0,34.6,21.4
107010,PACHIZA,1969,12,28,0.0,31.2,22.8
107010,PACHIZA,1969,12,29,0.0,32.4,22.2
107010,PACHIZA,1969,12,30,60.4,30.6,21.6
107010,PACHIZA,1969,12,31,0.0,31.4,20.4
107010,PACHIZA,1970,01,01,11.7,32.3,21.4
107010,PACHIZA,1970,01,02,0.0,32.4,22.0
107010,PACHIZA,1970,01,03,10.5,30.4,21.2
107010,PACHIZA,1970,01,04,43.0,27.6,21.4
107010,PACHIZA,1970,01,05,33.7,29.4,21.0
107010,PACHIZA,1970,01,06,20.1,26.6,21.2
107010,PACHIZA,1970,01,07,67.3,29.8,20.6
107010,PACHIZA,1970,01,08,1.0,27.6,20.6
107010,PACHIZA,1970,01,09,30.8,31.0,20.5
107010,PACHIZA,1970,01,10,30.0,31.2,21.0
107010,PACHIZA,1970,01,11,26.8,27.6,21.4
107010,PACHIZA,1970,01,12,4.2,29.2,20.8
107010,PACHIZA,1970,01,13,35.0,31.4,21.2
107010,PACHIZA,1970,01,14,19.4,29.2,21.6
107010,PACHIZA,1970,01,15,26.4,31.2,21.0
107010,PACHIZA,1970,01,16,0.0,31.2,21.8
107010,PACHIZA,1970,01,17,7.2,32.0,21.8
107010,PACHIZA,1970,01,18,0.0,28.6,22.4
107010,PACHIZA,1970,01,19,0.0,28.4,22.8
107010,PACHIZA,1970,01,20,0.0,31.4,21.4
107010,PACHIZA,1970,01,21,0.0,33.2,20.8
107010,PACHIZA,1970,01,22,0.0,31.8,21.6
107010,PACHIZA,1970,01,23,9.4,28.6,22.0
107010,PACHIZA,1970,01,24,3.8,32.6,21.8
107010,PACHIZA,1970,01,25,0.0,31.6,21.8
107010,PACHIZA,1970,01,26,0.0,32.6,22.0
107010,PACHIZA,1970,01,27,0.0,33.4,21.2
107010,PACHIZA,1970,01,28,0.0,31.4,21.6
107010,PACHIZA,1970,01,29,0.0,33.8,21.2
107010,PACHIZA,1970,01,30,0.0,33.2,21.8
107010,PACHIZA,1970,01,31,8.0,32.9,22.4
107010,PACHIZA,1970,02,01,44.6,27.8,22.0
107010,PACHIZA,1970,02,02,4.0,27.0,22.0
107010,PACHIZA,1970,02,03,2.1,27.4,22.2
107010,PACHIZA,1970,02,04,47.5,26.4,22.2
107010,PACHIZA,1970,02,05,0.0,27.8,22.0
107010,PACHIZA,1970,02,06,5.2,31.0,22.0
107010,PACHIZA,1970,02,07,0.0,32.0,21.8
107010,PACHIZA,1970,02,08,9.4,31.2,22.0
107010,PACHIZA,1970,02,09,0.0,29.8,20.4
107010,PACHIZA,1970,02,10,0.0,29.8,20.0
107010,PACHIZA,1970,02,11,3.6,32.4,20.1
107010,PACHIZA,1970,02,12,0.0,30.4,20.6
107010,PACHIZA,1970,02,13,8.1,28.2,20.4
107010,PACHIZA,1970,02,14,0.0,32.4,20.8
107010,PACHIZA,1970,02,15,0.0,32.0,21.0
107010,PACHIZA,1970,02,16,2.5,32.6,21.0
107010,PACHIZA,1970,02,17,0.0,-999,-999
107010,PACHIZA,1970,02,18,1.6,32.4,-999
107010,PACHIZA,1970,02,19,0.0,32.4,-999
107010,PACHIZA,1970,02,20,0.0,31.6,22.0
107010,PACHIZA,1970,02,21,1.0,32.4,22.4
107010,PACHIZA,1970,02,22,2.0,31.4,20.6
107010,PACHIZA,1970,02,23,9.2,27.8,22.2
107010,PACHIZA,1970,02,24,0.0,30.6,20.5
107010,PACHIZA,1970,02,25,0.0,33.1,20.4
107010,PACHIZA,1970,02,26,0.0,35.4,21.0
107010,PACHIZA,1970,02,27,0.0,31.2,21.0
107010,PACHIZA,1970,02,28,-999,31.8,22.0
107010,PACHIZA,1970,03,01,2.0,29.2,22.2
107010,PACHIZA,1970,03,02,7.0,32.4,22.4
107010,PACHIZA,1970,03,03,0.0,32.4,22.2
107010,PACHIZA,1970,03,04,6.2,31.4,21.6
107010,PACHIZA,1970,03,05,1.8,30.2,21.8
107010,PACHIZA,1970,03,06,0.6,31.4,20.0
107010,PACHIZA,1970,03,07,21.8,30.4,21.0
107010,PACHIZA,1970,03,08,4.0,30.2,21.2
107010,PACHIZA,1970,03,09,0.0,30.8,21.8
107010,PACHIZA,1970,03,10,0.0,33.8,22.0
107010,PACHIZA,1970,03,11,2.6,31.0,21.6
107010,PACHIZA,1970,03,12,21.1,-999,21.8
107010,PACHIZA,1970,03,13,0.0,-999,21.0
107010,PACHIZA,1970,03,14,19.6,31.2,20.8
107010,PACHIZA,1970,03,15,0.0,30.6,21.2
107010,PACHIZA,1970,03,16,0.0,32.4,20.8
107010,PACHIZA,1970,03,17,0.0,33.4,21.4
107010,PACHIZA,1970,03,18,21.6,32.5,22.0
107010,PACHIZA,1970,03,19,4.8,27.8,20.0
107010,PACHIZA,1970,03,20,0.0,30.6,21.2
107010,PACHIZA,1970,03,21,4.5,32.4,21.6
107010,PACHIZA,1970,03,22,10.2,31.0,21.4
107010,PACHIZA,1970,03,23,66.7,29.2,21.6
107010,PACHIZA,1970,03,24,2.4,-999,20.8
107010,PACHIZA,1970,03,25,0.0,-999,20.2
107010,PACHIZA,1970,03,26,7.4,30.2,20.4
107010,PACHIZA,1970,03,27,10.1,30.2,21.0
107010,PACHIZA,1970,03,28,0.0,30.4,19.8
107010,PACHIZA,1970,03,29,21.2,34.0,20.2
107010,PACHIZA,1970,03,30,7.7,32.2,21.6
107010,PACHIZA,1970,03,31,0.0,31.2,21.0
107010,PACHIZA,1970,04,01,0.0,31.8,21.0
107010,PACHIZA,1970,04,02,3.8,29.2,21.6
107010,PACHIZA,1970,04,03,1.2,30.4,22.0
107010,PACHIZA,1970,04,04,0.0,32.4,22.0
107010,PACHIZA,1970,04,05,19.8,30.8,21.6
107010,PACHIZA,1970,04,06,0.0,32.4,20.2
107010,PACHIZA,1970,04,07,0.0,30.6,21.6
107010,PACHIZA,1970,04,08,0.0,30.3,20.2
107010,PACHIZA,1970,04,09,0.0,31.6,20.6
107010,PACHIZA,1970,04,10,28.3,31.6,21.3
107010,PACHIZA,1970,04,11,0.0,29.8,20.8
107010,PACHIZA,1970,04,12,0.0,31.8,20.6
107010,PACHIZA,1970,04,13,0.0,32.0,21.8
107010,PACHIZA,1970,04,14,0.0,30.2,22.4
107010,PACHIZA,1970,04,15,33.6,28.9,22.2
107010,PACHIZA,1970,04,16,0.0,29.6,21.1
107010,PACHIZA,1970,04,17,8.8,31.2,21.4
107010,PACHIZA,1970,04,18,47.7,29.4,21.6
107010,PACHIZA,1970,04,19,0.0,30.9,22.0
107010,PACHIZA,1970,04,20,0.0,29.4,22.0
107010,PACHIZA,1970,04,21,0.0,31.2,21.0
107010,PACHIZA,1970,04,22,2.6,31.6,21.2
107010,PACHIZA,1970,04,23,0.0,26.6,22.0
107010,PACHIZA,1970,04,24,0.0,28.4,21.4
107010,PACHIZA,1970,04,25,7.8,30.6,21.6
107010,PACHIZA,1970,04,26,0.0,28.2,21.8
107010,PACHIZA,1970,04,27,0.0,30.2,21.0
107010,PACHIZA,1970,04,28,7.8,29.6,21.0
107010,PACHIZA,1970,04,29,0.0,30.6,21.6
107010,PACHIZA,1970,04,30,0.0,30.8,21.6
107010,PACHIZA,1970,05,01,11.5,30.6,22.0
107010,PACHIZA,1970,05,02,0.0,29.0,21.1
107010,PACHIZA,1970,05,03,0.0,31.0,21.2
107010,PACHIZA,1970,05,04,0.0,32.2,-999
107010,PACHIZA,1970,05,05,0.0,31.6,-999
107010,PACHIZA,1970,05,06,0.0,33.0,-999
107010,PACHIZA,1970,05,07,0.0,32.6,22.3
107010,PACHIZA,1970,05,08,66.8,32.6,24.0
107010,PACHIZA,1970,05,09,100.7,29.0,21.8
107010,PACHIZA,1970,05,10,26.6,31.8,22.0
107010,PACHIZA,1970,05,11,0.0,31.0,21.7
107010,PACHIZA,1970,05,12,10.3,27.6,22.2
107010,PACHIZA,1970,05,13,1.2,29.2,20.6
107010,PACHIZA,1970,05,14,16.0,30.6,20.9
107010,PACHIZA,1970,05,15,18.9,-999,21.4
107010,PACHIZA,1970,05,16,0.0,-999,20.8
107010,PACHIZA,1970,05,17,2.0,31.8,20.7
107010,PACHIZA,1970,05,18,0.0,31.0,21.4
107010,PACHIZA,1970,05,19,1.4,29.6,22.4
107010,PACHIZA,1970,05,20,0.0,31.2,22.9
107010,PACHIZA,1970,05,21,58.1,-999,22.4
107010,PACHIZA,1970,05,22,0.0,-999,20.2
107010,PACHIZA,1970,05,23,0.0,27.6,19.2
107010,PACHIZA,1970,05,24,0.0,28.9,19.6
107010,PACHIZA,1970,05,25,0.0,31.8,20.2
107010,PACHIZA,1970,05,26,0.0,32.4,20.0
107010,PACHIZA,1970,05,27,0.0,31.8,20.2
107010,PACHIZA,1970,05,28,0.0,31.2,21.2
107010,PACHIZA,1970,05,29,0.0,32.4,21.4
107010,PACHIZA,1970,05,30,10.0,31.6,21.8
107010,PACHIZA,1970,05,31,27.3,28.9,21.2
107010,PACHIZA,1970,06,01,0.0,-999,-999
107010,PACHIZA,1970,06,02,0.0,27.6,20.3
107010,PACHIZA,1970,06,03,0.0,28.4,20.5
107010,PACHIZA,1970,06,04,0.0,31.4,21.2
107010,PACHIZA,1970,06,05,0.0,32.6,20.4
107010,PACHIZA,1970,06,06,0.0,31.8,21.2
107010,PACHIZA,1970,06,07,0.0,31.4,22.2
107010,PACHIZA,1970,06,08,0.0,32.0,21.9
107010,PACHIZA,1970,06,09,0.0,31.4,21.4
107010,PACHIZA,1970,06,10,0.0,31.4,20.5
107010,PACHIZA,1970,06,11,0.0,30.8,21.4
107010,PACHIZA,1970,06,12,0.0,31.8,22.0
107010,PACHIZA,1970,06,13,0.0,31.8,20.8
107010,PACHIZA,1970,06,14,0.0,32.7,20.4
107010,PACHIZA,1970,06,15,40.2,33.4,22.0
107010,PACHIZA,1970,06,16,0.0,29.9,20.6
107010,PACHIZA,1970,06,17,18.7,27.6,22.0
107010,PACHIZA,1970,06,18,0.0,31.4,21.4
107010,PACHIZA,1970,06,19,0.0,29.5,-999
107010,PACHIZA,1970,06,20,0.0,29.8,20.2
107010,PACHIZA,1970,06,21,0.0,31.0,21.2
107010,PACHIZA,1970,06,22,0.0,31.9,20.5
107010,PACHIZA,1970,06,23,0.0,30.4,20.1
107010,PACHIZA,1970,06,24,23.6,-999,19.5
107010,PACHIZA,1970,06,25,9.4,-999,16.0
107010,PACHIZA,1970,06,26,0.0,-999,16.2
107010,PACHIZA,1970,06,27,0.0,29.5,17.4
107010,PACHIZA,1970,06,28,0.0,29.2,19.2
107010,PACHIZA,1970,06,29,0.0,30.4,19.8
107010,PACHIZA,1970,06,30,0.0,31.2,18.2
107010,PACHIZA,1970,07,01,4.5,31.0,18.9
107010,PACHIZA,1970,07,02,0.0,26.2,20.2
107010,PACHIZA,1970,07,03,0.0,28.2,20.1
107010,PACHIZA,1970,07,04,0.0,30.0,19.2
107010,PACHIZA,1970,07,05,0.0,31.2,18.9
107010,PACHIZA,1970,07,06,2.0,31.8,20.2
107010,PACHIZA,1970,07,07,0.0,31.8,21.4
107010,PACHIZA,1970,07,08,20.3,-999,21.2
107010,PACHIZA,1970,07,09,91.5,-999,18.4
107010,PACHIZA,1970,07,10,0.0,27.6,17.6
107010,PACHIZA,1970,07,11,0.0,31.2,17.4
107010,PACHIZA,1970,07,12,0.0,27.2,19.0
107010,PACHIZA,1970,07,13,0.0,30.2,19.8
107010,PACHIZA,1970,07,14,0.0,31.0,20.2
107010,PACHIZA,1970,07,15,0.0,31.4,19.2
107010,PACHIZA,1970,07,16,0.0,31.0,18.0
107010,PACHIZA,1970,07,17,8.6,30.0,19.4
107010,PACHIZA,1970,07,18,6.4,28.9,20.4
107010,PACHIZA,1970,07,19,0.0,28.2,19.2
107010,PACHIZA,1970,07,20,20.8,30.0,19.6
107010,PACHIZA,1970,07,21,3.0,28.2,20.5
107010,PACHIZA,1970,07,22,0.0,-999,20.4
107010,PACHIZA,1970,07,23,0.0,-999,19.0
107010,PACHIZA,1970,07,24,0.0,30.2,-999
107010,PACHIZA,1970,07,25,0.0,30.8,-999
107010,PACHIZA,1970,07,26,0.0,30.2,-999
107010,PACHIZA,1970,07,27,0.0,29.3,18.2
107010,PACHIZA,1970,07,28,0.0,30.2,19.0
107010,PACHIZA,1970,07,29,0.0,30.6,21.1
107010,PACHIZA,1970,07,30,0.0,30.8,19.2
107010,PACHIZA,1970,07,31,79.3,31.2,19.2
107010,PACHIZA,1970,08,01,0.0,29.5,19.0
107010,PACHIZA,1970,08,02,0.0,31.4,19.2
107010,PACHIZA,1970,08,03,0.0,32.8,18.2
107010,PACHIZA,1970,08,04,0.0,31.9,17.1
107010,PACHIZA,1970,08,05,0.0,32.8,18.3
107010,PACHIZA,1970,08,06,0.0,31.2,20.2
107010,PACHIZA,1970,08,07,0.0,30.8,20.8
107010,PACHIZA,1970,08,08,0.0,30.2,20.9
107010,PACHIZA,1970,08,09,0.0,27.9,20.6
107010,PACHIZA,1970,08,10,0.0,29.9,19.4
107010,PACHIZA,1970,08,11,0.0,30.4,17.2
107010,PACHIZA,1970,08,12,0.0,31.5,17.7
107010,PACHIZA,1970,08,13,0.0,32.6,17.0
107010,PACHIZA,1970,08,14,60.5,31.4,17.9
107010,PACHIZA,1970,08,15,4.0,27.8,19.6
107010,PACHIZA,1970,08,16,0.0,30.8,20.2
107010,PACHIZA,1970,08,17,0.0,31.6,19.0
107010,PACHIZA,1970,08,18,0.0,32.8,19.5
107010,PACHIZA,1970,08,19,0.0,34.2,19.4
107010,PACHIZA,1970,08,20,0.0,33.6,19.9
107010,PACHIZA,1970,08,21,0.0,34.2,20.0
107010,PACHIZA,1970,08,22,0.0,30.8,19.6
107010,PACHIZA,1970,08,23,0.0,33.4,20.4
107010,PACHIZA,1970,08,24,0.0,32.1,20.2
107010,PACHIZA,1970,08,25,-888,28.8,20.8
107010,PACHIZA,1970,08,26,0.0,31.2,21.4
107010,PACHIZA,1970,08,27,0.0,31.6,20.2
107010,PACHIZA,1970,08,28,0.0,33.6,20.2
107010,PACHIZA,1970,08,29,0.0,32.5,19.4
107010,PACHIZA,1970,08,30,0.0,31.6,-999
107010,PACHIZA,1970,08,31,1.8,33.8,-999
107010,PACHIZA,1970,09,01,0.0,31.7,-999
107010,PACHIZA,1970,09,02,0.0,31.4,21.9
107010,PACHIZA,1970,09,03,2.2,32.8,20.4
107010,PACHIZA,1970,09,04,2.7,32.4,20.0
107010,PACHIZA,1970,09,05,0.0,31.8,18.8
107010,PACHIZA,1970,09,06,0.0,33.0,18.5
107010,PACHIZA,1970,09,07,0.0,30.6,18.4
107010,PACHIZA,1970,09,08,20.6,27.6,18.6
107010,PACHIZA,1970,09,09,2.6,29.8,19.4
107010,PACHIZA,1970,09,10,0.0,30.8,19.8
107010,PACHIZA,1970,09,11,0.0,31.8,20.8
107010,PACHIZA,1970,09,12,0.0,30.8,19.3
107010,PACHIZA,1970,09,13,0.0,30.8,18.6
107010,PACHIZA,1970,09,14,20.8,27.8,19.6
107010,PACHIZA,1970,09,15,7.7,27.6,19.8
107010,PACHIZA,1970,09,16,0.0,30.6,19.4
107010,PACHIZA,1970,09,17,0.0,33.5,18.6
107010,PACHIZA,1970,09,18,0.0,31.6,19.2
107010,PACHIZA,1970,09,19,7.5,33.9,19.3
107010,PACHIZA,1970,09,20,0.0,33.6,20.2
107010,PACHIZA,1970,09,21,0.0,35.8,19.4
107010,PACHIZA,1970,09,22,0.0,32.6,20.5
107010,PACHIZA,1970,09,23,0.0,32.4,19.6
107010,PACHIZA,1970,09,24,0.0,33.2,19.3
107010,PACHIZA,1970,09,25,0.0,30.8,19.4
107010,PACHIZA,1970,09,26,0.0,33.4,20.4
107010,PACHIZA,1970,09,27,6.5,33.2,-999
107010,PACHIZA,1970,09,28,0.0,34.2,-999
107010,PACHIZA,1970,09,29,1.4,31.4,-999
107010,PACHIZA,1970,09,30,0.0,31.4,19.6
107010,PACHIZA,1970,10,01,27.7,34.2,19.4
107010,PACHIZA,1970,10,02,0.0,35.6,20.6
107010,PACHIZA,1970,10,03,0.0,34.6,22.0
107010,PACHIZA,1970,10,04,15.6,33.2,21.5
107010,PACHIZA,1970,10,05,0.0,31.2,21.6
107010,PACHIZA,1970,10,06,0.0,33.6,22.4
107010,PACHIZA,1970,10,07,0.0,35.2,21.0
107010,PACHIZA,1970,10,08,0.0,33.4,21.4
107010,PACHIZA,1970,10,09,21.8,29.6,22.4
107010,PACHIZA,1970,10,10,14.7,31.2,21.0
107010,PACHIZA,1970,10,11,0.0,30.2,20.4
107010,PACHIZA,1970,10,12,0.0,32.2,20.5
107010,PACHIZA,1970,10,13,0.0,33.8,21.4
107010,PACHIZA,1970,10,14,0.0,35.6,20.2
107010,PACHIZA,1970,10,15,0.0,31.6,20.4
107010,PACHIZA,1970,10,16,0.0,33.2,20.9
107010,PACHIZA,1970,10,17,0.0,34.6,21.2
107010,PACHIZA,1970,10,18,3.7,35.2,20.8
107010,PACHIZA,1970,10,19,0.0,31.2,21.7
107010,PACHIZA,1970,10,20,4.0,30.4,21.9
107010,PACHIZA,1970,10,21,0.0,-999,19.2
107010,PACHIZA,1970,10,22,0.0,35.0,18.4
107010,PACHIZA,1970,10,23,0.0,33.8,20.4
107010,PACHIZA,1970,10,24,0.0,33.5,21.2
107010,PACHIZA,1970,10,25,0.0,35.5,21.1
107010,PACHIZA,1970,10,26,0.0,35.2,22.1
107010,PACHIZA,1970,10,27,51.6,33.6,22.4
107010,PACHIZA,1970,10,28,0.0,31.2,19.6
107010,PACHIZA,1970,10,29,9.2,32.8,18.6
107010,PACHIZA,1970,10,30,0.0,35.0,21.2
107010,PACHIZA,1970,10,31,0.0,31.0,20.3
107010,PACHIZA,1970,11,01,0.0,32.4,19.2
107010,PACHIZA,1970,11,02,0.0,32.4,19.2
107010,PACHIZA,1970,11,03,0.0,28.4,21.0
107010,PACHIZA,1970,11,04,0.0,31.4,20.2
107010,PACHIZA,1970,11,05,0.0,31.6,20.2
107010,PACHIZA,1970,11,06,0.0,33.8,19.0
107010,PACHIZA,1970,11,07,0.0,34.2,20.4
107010,PACHIZA,1970,11,08,0.0,33.6,20.2
107010,PACHIZA,1970,11,09,16.3,34.4,22.1
107010,PACHIZA,1970,11,10,25.3,31.0,21.0
107010,PACHIZA,1970,11,11,0.0,30.2,20.2
107010,PACHIZA,1970,11,12,0.0,32.8,20.2
107010,PACHIZA,1970,11,13,4.8,31.6,21.4
107010,PACHIZA,1970,11,14,0.0,31.8,20.6
107010,PACHIZA,1970,11,15,0.0,31.0,20.2
107010,PACHIZA,1970,11,16,0.0,-999,20.2
107010,PACHIZA,1970,11,17,38.6,-999,21.0
107010,PACHIZA,1970,11,18,53.9,30.8,19.8
107010,PACHIZA,1970,11,19,0.0,25.9,21.6
107010,PACHIZA,1970,11,20,0.0,30.6,19.8
107010,PACHIZA,1970,11,21,0.0,33.4,19.6
107010,PACHIZA,1970,11,22,0.1,-999,19.9
107010,PACHIZA,1970,11,23,9.0,-999,21.6
107010,PACHIZA,1970,11,24,0.8,28.4,20.0
107010,PACHIZA,1970,11,25,4.1,26.4,21.0
107010,PACHIZA,1970,11,26,0.0,30.2,21.6
107010,PACHIZA,1970,11,27,0.0,33.6,20.2
107010,PACHIZA,1970,11,28,0.0,28.6,20.3
107010,PACHIZA,1970,11,29,7.2,31.8,21.1
107010,PACHIZA,1970,11,30,3.2,27.8,22.2
107010,PACHIZA,1970,12,01,0.0,31.6,21.8
107010,PACHIZA,1970,12,02,0.0,33.4,21.6
107010,PACHIZA,1970,12,03,29.7,31.0,22.4
107010,PACHIZA,1970,12,04,0.0,30.6,20.4
107010,PACHIZA,1970,12,05,0.0,32.2,19.8
107010,PACHIZA,1970,12,06,2.2,30.0,20.4
107010,PACHIZA,1970,12,07,0.0,28.8,20.8
107010,PACHIZA,1970,12,08,0.0,32.6,21.2
107010,PACHIZA,1970,12,09,0.0,33.8,21.0
107010,PACHIZA,1970,12,10,0.0,34.9,21.4
107010,PACHIZA,1970,12,11,0.0,35.4,21.2
107010,PACHIZA,1970,12,12,8.0,35.6,22.4
107010,PACHIZA,1970,12,13,0.0,31.2,22.5
107010,PACHIZA,1970,12,14,0.0,32.9,22.4
107010,PACHIZA,1970,12,15,3.2,31.4,22.9
107010,PACHIZA,1970,12,16,0.0,32.6,22.4
107010,PACHIZA,1970,12,17,0.0,33.8,22.6
107010,PACHIZA,1970,12,18,0.0,32.9,21.4
107010,PACHIZA,1970,12,19,0.0,34.2,22.4
107010,PACHIZA,1970,12,20,0.0,32.8,21.4
107010,PACHIZA,1970,12,21,0.0,30.8,22.6
107010,PACHIZA,1970,12,22,0.0,28.6,22.2
107010,PACHIZA,1970,12,23,0.0,28.9,20.2
107010,PACHIZA,1970,12,24,0.0,31.2,21.0
107010,PACHIZA,1970,12,25,0.0,30.4,21.2
107010,PACHIZA,1970,12,26,0.0,31.5,21.6
107010,PACHIZA,1970,12,27,25.0,31.0,21.9
107010,PACHIZA,1970,12,28,0.0,32.6,20.2
107010,PACHIZA,1970,12,29,4.6,30.8,21.8
107010,PACHIZA,1970,12,30,7.6,29.8,21.1
107010,PACHIZA,1970,12,31,0.0,32.4,21.0
107010,PACHIZA,1971,01,01,3.0,30.2,21.0
107010,PACHIZA,1971,01,02,0.0,32.6,21.4
107010,PACHIZA,1971,01,03,0.0,33.0,21.2
107010,PACHIZA,1971,01,04,0.0,33.8,21.2
107010,PACHIZA,1971,01,05,0.1,33.4,22.4
107010,PACHIZA,1971,01,06,1.4,31.3,22.8
107010,PACHIZA,1971,01,07,0.0,31.8,-999
107010,PACHIZA,1971,01,08,0.0,32.0,-999
107010,PACHIZA,1971,01,09,0.0,30.0,-999
107010,PACHIZA,1971,01,10,0.0,33.2,22.0
107010,PACHIZA,1971,01,11,0.0,33.4,20.6
107010,PACHIZA,1971,01,12,0.0,32.6,21.8
107010,PACHIZA,1971,01,13,1.8,33.5,21.6
107010,PACHIZA,1971,01,14,0.0,29.8,22.2
107010,PACHIZA,1971,01,15,4.2,29.5,21.5
107010,PACHIZA,1971,01,16,0.0,32.1,21.4
107010,PACHIZA,1971,01,17,0.2,30.6,22.2
107010,PACHIZA,1971,01,18,0.0,32.1,22.0
107010,PACHIZA,1971,01,19,0.0,32.5,22.4
107010,PACHIZA,1971,01,20,0.0,35.0,21.6
107010,PACHIZA,1971,01,21,0.0,34.6,22.2
107010,PACHIZA,1971,01,22,0.0,34.0,21.5
107010,PACHIZA,1971,01,23,0.0,35.0,20.6
107010,PACHIZA,1971,01,24,0.0,-999,21.0
107010,PACHIZA,1971,01,25,0.0,-999,-999
107010,PACHIZA,1971,01,26,0.0,31.8,-999
107010,PACHIZA,1971,01,27,2.2,33.2,-999
107010,PACHIZA,1971,01,28,0.5,32.4,20.2
107010,PACHIZA,1971,01,29,1.1,29.6,21.2
107010,PACHIZA,1971,01,30,0.0,30.3,21.4
107010,PACHIZA,1971,01,31,0.0,34.2,19.8
107010,PACHIZA,1971,02,01,0.0,32.8,20.8
107010,PACHIZA,1971,02,02,0.0,30.8,21.4
107010,PACHIZA,1971,02,03,2.4,31.2,22.0
107010,PACHIZA,1971,02,04,4.0,30.8,21.6
107010,PACHIZA,1971,02,05,43.0,28.2,21.8
107010,PACHIZA,1971,02,06,0.0,30.2,20.2
107010,PACHIZA,1971,02,07,0.0,30.4,20.4
107010,PACHIZA,1971,02,08,0.0,33.4,20.2
107010,PACHIZA,1971,02,09,0.0,31.5,20.8
107010,PACHIZA,1971,02,10,44.5,-999,21.6
107010,PACHIZA,1971,02,11,8.4,-999,21.5
107010,PACHIZA,1971,02,12,0.0,-999,21.4
107010,PACHIZA,1971,02,13,5.0,29.2,21.4
107010,PACHIZA,1971,02,14,11.2,33.2,20.2
107010,PACHIZA,1971,02,15,2.3,31.5,21.0
107010,PACHIZA,1971,02,16,1.4,30.5,20.2
107010,PACHIZA,1971,02,17,46.4,27.7,21.2
107010,PACHIZA,1971,02,18,0.0,27.8,21.2
107010,PACHIZA,1971,02,19,24.3,31.2,21.6
107010,PACHIZA,1971,02,20,6.1,31.6,21.6
107010,PACHIZA,1971,02,21,26.8,26.8,21.0
107010,PACHIZA,1971,02,22,3.0,28.2,20.4
107010,PACHIZA,1971,02,23,0.0,30.0,20.0
107010,PACHIZA,1971,02,24,0.0,30.5,20.2
107010,PACHIZA,1971,02,25,5.4,28.8,20.6
107010,PACHIZA,1971,02,26,0.0,29.3,19.6
107010,PACHIZA,1971,02,27,2.8,30.5,20.0
107010,PACHIZA,1971,02,28,7.8,30.4,21.0
107010,PACHIZA,1971,03,01,7.5,33.3,20.8
107010,PACHIZA,1971,03,02,27.2,30.0,21.8
107010,PACHIZA,1971,03,03,0.0,31.6,20.8
107010,PACHIZA,1971,03,04,0.0,31.6,21.2
107010,PACHIZA,1971,03,05,0.0,31.2,20.8
107010,PACHIZA,1971,03,06,0.0,31.4,21.1
107010,PACHIZA,1971,03,07,0.0,32.8,22.2
107010,PACHIZA,1971,03,08,0.0,29.6,20.4
107010,PACHIZA,1971,03,09,0.0,31.2,22.0
107010,PACHIZA,1971,03,10,0.0,31.0,20.0
107010,PACHIZA,1971,03,11,0.0,34.2,21.0
107010,PACHIZA,1971,03,12,0.0,31.2,21.4
107010,PACHIZA,1971,03,13,10.1,30.2,22.0
107010,PACHIZA,1971,03,14,0.0,32.1,21.8
107010,PACHIZA,1971,03,15,0.0,31.4,21.6
107010,PACHIZA,1971,03,16,-999,31.6,21.7
107010,PACHIZA,1971,03,17,-999,-999,-999
107010,PACHIZA,1971,03,18,-999,-999,-999
107010,PACHIZA,1971,03,19,16.1,32.2,21.1
107010,PACHIZA,1971,03,20,2.0,28.8,21.6
107010,PACHIZA,1971,03,21,0.0,31.2,21.4
107010,PACHIZA,1971,03,22,0.0,30.3,21.0
107010,PACHIZA,1971,03,23,0.0,31.6,21.0
107010,PACHIZA,1971,03,24,20.5,-999,21.5
107010,PACHIZA,1971,03,25,34.6,-999,21.0
107010,PACHIZA,1971,03,26,0.0,-999,20.6
107010,PACHIZA,1971,03,27,0.0,30.6,20.8
107010,PACHIZA,1971,03,28,0.0,29.6,21.0
107010,PACHIZA,1971,03,29,14.2,29.8,-999
107010,PACHIZA,1971,03,30,6.9,30.3,20.0
107010,PACHIZA,1971,03,31,13.5,28.6,20.8
107010,PACHIZA,1971,04,01,1.5,31.4,20.1
107010,PACHIZA,1971,04,02,0.0,30.2,20.4
107010,PACHIZA,1971,04,03,47.6,31.8,20.6
107010,PACHIZA,1971,04,04,19.6,-999,20.2
107010,PACHIZA,1971,04,05,4.5,-999,20.3
107010,PACHIZA,1971,04,06,0.0,-999,19.8
107010,PACHIZA,1971,04,07,0.0,33.4,18.8
107010,PACHIZA,1971,04,08,3.1,33.9,19.8
107010,PACHIZA,1971,04,09,0.0,34.2,21.6
107010,PACHIZA,1971,04,10,9.2,31.2,22.2
107010,PACHIZA,1971,04,11,16.5,28.6,20.8
107010,PACHIZA,1971,04,12,20.4,32.1,21.6
107010,PACHIZA,1971,04,13,0.0,29.5,22.0
107010,PACHIZA,1971,04,14,5.7,29.9,22.4
107010,PACHIZA,1971,04,15,0.0,31.3,21.0
107010,PACHIZA,1971,04,16,0.0,30.2,21.2
107010,PACHIZA,1971,04,17,57.4,32.6,21.8
107010,PACHIZA,1971,04,18,0.0,29.9,21.6
107010,PACHIZA,1971,04,19,0.0,32.4,22.2
107010,PACHIZA,1971,04,20,15.4,33.2,22.1
107010,PACHIZA,1971,04,21,0.0,30.5,22.4
107010,PACHIZA,1971,04,22,2.2,31.5,22.0
107010,PACHIZA,1971,04,23,27.8,29.5,20.8
107010,PACHIZA,1971,04,24,30.4,26.4,19.6
107010,PACHIZA,1971,04,25,3.5,23.7,19.8
107010,PACHIZA,1971,04,26,0.0,27.2,17.7
107010,PACHIZA,1971,04,27,0.0,30.6,19.0
107010,PACHIZA,1971,04,28,0.0,31.6,19.2
107010,PACHIZA,1971,04,29,0.0,32.8,20.0
107010,PACHIZA,1971,04,30,0.0,31.9,19.2
107010,PACHIZA,1971,05,01,0.0,32.8,18.8
107010,PACHIZA,1971,05,02,0.0,32.4,19.4
107010,PACHIZA,1971,05,03,0.0,33.4,20.4
107010,PACHIZA,1971,05,04,0.0,32.5,21.2
107010,PACHIZA,1971,05,05,13.8,28.6,21.4
107010,PACHIZA,1971,05,06,48.3,29.9,21.5
107010,PACHIZA,1971,05,07,0.0,30.6,19.6
107010,PACHIZA,1971,05,08,3.5,30.8,21.2
107010,PACHIZA,1971,05,09,0.0,29.4,21.2
107010,PACHIZA,1971,05,10,0.0,31.6,19.8
107010,PACHIZA,1971,05,11,0.0,30.0,19.8
107010,PACHIZA,1971,05,12,0.0,30.3,19.0
107010,PACHIZA,1971,05,13,0.0,31.2,18.8
107010,PACHIZA,1971,05,14,5.0,33.5,19.0
107010,PACHIZA,1971,05,15,0.0,31.6,21.2
107010,PACHIZA,1971,05,16,0.0,32.2,21.6
107010,PACHIZA,1971,05,17,24.5,-999,21.2
107010,PACHIZA,1971,05,18,8.8,-999,-999
107010,PACHIZA,1971,05,19,0.0,29.4,20.2
107010,PACHIZA,1971,05,20,3.6,31.0,20.3
107010,PACHIZA,1971,05,21,0.0,31.3,-999
107010,PACHIZA,1971,05,22,0.0,29.4,-999
107010,PACHIZA,1971,05,23,0.0,31.5,-999
107010,PACHIZA,1971,05,24,3.5,31.6,22.7
107010,PACHIZA,1971,05,25,0.0,32.6,21.6
107010,PACHIZA,1971,05,26,1.7,30.4,22.2
107010,PACHIZA,1971,05,27,44.5,-999,22.0
107010,PACHIZA,1971,05,28,1.6,-999,19.0
107010,PACHIZA,1971,05,29,0.0,26.6,18.2
107010,PACHIZA,1971,05,30,0.0,31.0,18.4
107010,PACHIZA,1971,05,31,0.0,30.5,19.0
107010,PACHIZA,1971,06,01,0.0,30.5,17.4
107010,PACHIZA,1971,06,02,0.0,32.1,18.4
107010,PACHIZA,1971,06,03,0.0,31.4,19.8
107010,PACHIZA,1971,06,04,26.8,26.4,20.9
107010,PACHIZA,1971,06,05,0.0,27.8,21.6
107010,PACHIZA,1971,06,06,29.3,31.2,21.8
107010,PACHIZA,1971,06,07,3.0,29.6,21.0
107010,PACHIZA,1971,06,08,0.0,30.1,21.0
107010,PACHIZA,1971,06,09,1.8,31.5,21.2
107010,PACHIZA,1971,06,10,10.5,29.0,22.0
107010,PACHIZA,1971,06,11,0.0,30.0,21.4
107010,PACHIZA,1971,06,12,1.5,29.8,21.6
107010,PACHIZA,1971,06,13,2.4,29.0,21.0
107010,PACHIZA,1971,06,14,4.8,28.2,21.4
107010,PACHIZA,1971,06,15,0.0,31.3,21.4
107010,PACHIZA,1971,06,16,0.0,30.4,20.8
107010,PACHIZA,1971,06,17,0.0,31.5,21.2
107010,PACHIZA,1971,06,18,3.2,31.6,20.8
107010,PACHIZA,1971,06,19,0.0,32.4,20.4
107010,PACHIZA,1971,06,20,0.0,31.8,21.0
107010,PACHIZA,1971,06,21,0.0,31.2,21.0
107010,PACHIZA,1971,06,22,2.0,31.0,20.0
107010,PACHIZA,1971,06,23,0.0,31.6,20.4
107010,PACHIZA,1971,06,24,0.0,32.1,21.6
107010,PACHIZA,1971,06,25,11.2,31.5,21.0
107010,PACHIZA,1971,06,26,0.0,31.2,20.3
107010,PACHIZA,1971,06,27,0.0,29.9,20.6
107010,PACHIZA,1971,06,28,0.0,31.6,-999
107010,PACHIZA,1971,06,29,0.0,31.2,-999
107010,PACHIZA,1971,06,30,0.0,31.5,-999
107010,PACHIZA,1971,07,01,0.0,31.8,20.4
107010,PACHIZA,1971,07,02,2.4,29.9,20.6
107010,PACHIZA,1971,07,03,0.0,31.6,21.1
107010,PACHIZA,1971,07,04,0.0,32.1,21.4
107010,PACHIZA,1971,07,05,4.8,30.6,20.5
107010,PACHIZA,1971,07,06,0.0,25.8,21.0
107010,PACHIZA,1971,07,07,2.7,27.2,20.4
107010,PACHIZA,1971,07,08,0.0,30.6,20.4
107010,PACHIZA,1971,07,09,0.0,31.4,21.0
107010,PACHIZA,1971,07,10,0.0,29.8,17.1
107010,PACHIZA,1971,07,11,0.0,30.5,16.8
107010,PACHIZA,1971,07,12,0.0,32.5,17.5
107010,PACHIZA,1971,07,13,2.1,32.6,17.2
107010,PACHIZA,1971,07,14,4.6,31.3,18.8
107010,PACHIZA,1971,07,15,0.0,28.3,19.8
107010,PACHIZA,1971,07,16,0.0,31.4,19.4
107010,PACHIZA,1971,07,17,0.0,30.8,16.4
107010,PACHIZA,1971,07,18,0.0,31.2,17.1
107010,PACHIZA,1971,07,19,0.0,32.3,16.8
107010,PACHIZA,1971,07,20,0.0,30.5,17.8
107010,PACHIZA,1971,07,21,5.0,30.4,19.4
107010,PACHIZA,1971,07,22,1.5,27.5,20.9
107010,PACHIZA,1971,07,23,0.0,30.8,19.8
107010,PACHIZA,1971,07,24,0.0,32.4,19.3
107010,PACHIZA,1971,07,25,0.0,31.6,19.2
107010,PACHIZA,1971,07,26,0.0,32.5,19.5
107010,PACHIZA,1971,07,27,33.2,32.3,21.0
107010,PACHIZA,1971,07,28,0.0,30.5,19.8
107010,PACHIZA,1971,07,29,0.0,31.8,19.8
107010,PACHIZA,1971,07,30,0.0,33.4,18.0
107010,PACHIZA,1971,07,31,0.0,33.2,18.2
107010,PACHIZA,1971,08,01,0.0,31.0,19.2
107010,PACHIZA,1971,08,02,1.2,32.5,19.2
107010,PACHIZA,1971,08,03,0.4,31.3,20.2
107010,PACHIZA,1971,08,04,0.0,32.1,20.7
107010,PACHIZA,1971,08,05,0.0,32.0,20.2
107010,PACHIZA,1971,08,06,2.5,30.8,19.8
107010,PACHIZA,1971,08,07,1.0,30.5,20.4
107010,PACHIZA,1971,08,08,11.5,31.5,20.0
107010,PACHIZA,1971,08,09,0.0,30.5,18.2
107010,PACHIZA,1971,08,10,3.3,30.3,18.4
107010,PACHIZA,1971,08,11,0.0,31.5,19.5
107010,PACHIZA,1971,08,12,0.0,33.3,19.8
107010,PACHIZA,1971,08,13,0.0,30.3,20.3
107010,PACHIZA,1971,08,14,1.0,31.5,19.4
107010,PACHIZA,1971,08,15,0.0,30.4,20.0
107010,PACHIZA,1971,08,16,0.0,32.4,18.8
107010,PACHIZA,1971,08,17,0.0,33.4,18.1
107010,PACHIZA,1971,08,18,0.0,33.6,18.8
107010,PACHIZA,1971,08,19,0.0,34.3,18.2
107010,PACHIZA,1971,08,20,0.0,32.5,18.4
107010,PACHIZA,1971,08,21,0.0,34.3,18.0
107010,PACHIZA,1971,08,22,0.0,33.5,17.8
107010,PACHIZA,1971,08,23,2.6,31.4,19.0
107010,PACHIZA,1971,08,24,28.0,-999,19.2
107010,PACHIZA,1971,08,25,11.6,-999,19.4
107010,PACHIZA,1971,08,26,0.0,27.8,18.0
107010,PACHIZA,1971,08,27,0.0,31.5,17.4
107010,PACHIZA,1971,08,28,0.0,32.8,16.6
107010,PACHIZA,1971,08,29,0.0,31.9,17.2
107010,PACHIZA,1971,08,30,0.0,33.1,18.6
107010,PACHIZA,1971,08,31,0.0,32.8,18.8
107010,PACHIZA,1971,09,01,25.8,34.0,17.4
107010,PACHIZA,1971,09,02,0.2,31.4,18.2
107010,PACHIZA,1971,09,03,0.0,31.4,18.5
107010,PACHIZA,1971,09,04,0.0,31.6,19.0
107010,PACHIZA,1971,09,05,0.0,33.6,19.2
107010,PACHIZA,1971,09,06,0.0,33.0,17.6
107010,PACHIZA,1971,09,07,0.0,-999,19.6
107010,PACHIZA,1971,09,08,1.1,-999,20.6
107010,PACHIZA,1971,09,09,0.0,-999,20.7
107010,PACHIZA,1971,09,10,0.0,-999,18.0
107010,PACHIZA,1971,09,11,0.0,33.6,16.9
107010,PACHIZA,1971,09,12,0.0,31.8,19.5
107010,PACHIZA,1971,09,13,0.0,33.3,20.4
107010,PACHIZA,1971,09,14,0.0,34.6,18.8
107010,PACHIZA,1971,09,15,7.4,32.5,18.2
107010,PACHIZA,1971,09,16,0.0,29.2,20.2
107010,PACHIZA,1971,09,17,0.0,30.5,20.2
107010,PACHIZA,1971,09,18,3.4,34.2,18.8
107010,PACHIZA,1971,09,19,0.0,31.4,18.2
107010,PACHIZA,1971,09,20,0.0,34.0,18.6
107010,PACHIZA,1971,09,21,0.0,32.4,20.0
107010,PACHIZA,1971,09,22,0.0,33.2,19.6
107010,PACHIZA,1971,09,23,13.4,32.6,20.8
107010,PACHIZA,1971,09,24,12.4,33.6,20.6
107010,PACHIZA,1971,09,25,9.1,32.6,21.0
107010,PACHIZA,1971,09,26,20.5,-999,20.6
107010,PACHIZA,1971,09,27,0.0,-999,20.4
107010,PACHIZA,1971,09,28,35.8,30.4,21.6
107010,PACHIZA,1971,09,29,0.0,28.4,20.6
107010,PACHIZA,1971,09,30,0.0,33.2,20.2
107010,PACHIZA,1971,10,01,0.0,31.8,18.2
107010,PACHIZA,1971,10,02,0.0,34.5,21.0
107010,PACHIZA,1971,10,03,0.9,32.7,20.5
107010,PACHIZA,1971,10,04,31.8,31.6,21.8
107010,PACHIZA,1971,10,05,54.5,32.4,21.2
107010,PACHIZA,1971,10,06,0.0,31.2,21.2
107010,PACHIZA,1971,10,07,5.5,31.3,20.0
107010,PACHIZA,1971,10,08,4.3,33.4,21.4
107010,PACHIZA,1971,10,09,0.0,32.2,21.6
107010,PACHIZA,1971,10,10,0.0,34.0,22.0
107010,PACHIZA,1971,10,11,48.4,33.4,22.5
107010,PACHIZA,1971,10,12,32.2,29.2,21.8
107010,PACHIZA,1971,10,13,0.0,28.2,21.0
107010,PACHIZA,1971,10,14,9.0,29.4,20.4
107010,PACHIZA,1971,10,15,7.8,31.2,17.8
107010,PACHIZA,1971,10,16,0.0,33.4,21.2
107010,PACHIZA,1971,10,17,0.0,33.3,19.8
107010,PACHIZA,1971,10,18,0.0,31.5,21.8
107010,PACHIZA,1971,10,19,0.0,32.4,20.4
107010,PACHIZA,1971,10,20,0.0,31.8,21.2
107010,PACHIZA,1971,10,21,0.0,32.5,21.2
107010,PACHIZA,1971,10,22,0.0,33.6,20.8
107010,PACHIZA,1971,10,23,0.0,34.3,20.6
107010,PACHIZA,1971,10,24,0.0,31.8,20.2
107010,PACHIZA,1971,10,25,1.4,31.6,19.8
107010,PACHIZA,1971,10,26,0.8,30.8,21.0
107010,PACHIZA,1971,10,27,10.4,27.4,21.0
107010,PACHIZA,1971,10,28,0.0,32.2,21.4
107010,PACHIZA,1971,10,29,0.0,33.8,21.8
107010,PACHIZA,1971,10,30,0.0,31.6,20.6
107010,PACHIZA,1971,10,31,0.0,29.1,19.6
107010,PACHIZA,1971,11,01,0.0,33.4,19.4
107010,PACHIZA,1971,11,02,0.0,34.2,19.6
107010,PACHIZA,1971,11,03,55.2,-999,21.8
107010,PACHIZA,1971,11,04,0.0,-999,20.6
107010,PACHIZA,1971,11,05,0.0,-999,20.8
107010,PACHIZA,1971,11,06,15.1,-999,20.2
107010,PACHIZA,1971,11,07,1.0,-999,21.4
107010,PACHIZA,1971,11,08,0.0,31.5,20.8
107010,PACHIZA,1971,11,09,3.4,32.4,18.8
107010,PACHIZA,1971,11,10,0.0,33.2,20.8
107010,PACHIZA,1971,11,11,0.0,33.4,21.5
107010,PACHIZA,1971,11,12,0.0,33.4,21.2
107010,PACHIZA,1971,11,13,19.4,32.0,20.8
107010,PACHIZA,1971,11,14,0.0,32.2,19.4
107010,PACHIZA,1971,11,15,0.0,33.4,21.2
107010,PACHIZA,1971,11,16,8.8,-999,21.2
107010,PACHIZA,1971,11,17,0.0,-999,21.4
107010,PACHIZA,1971,11,18,0.0,32.6,20.8
107010,PACHIZA,1971,11,19,23.0,33.8,18.5
107010,PACHIZA,1971,11,20,3.1,33.0,18.5
107010,PACHIZA,1971,11,21,101.6,30.6,20.2
107010,PACHIZA,1971,11,22,4.0,27.3,21.4
107010,PACHIZA,1971,11,23,0.0,30.4,20.6
107010,PACHIZA,1971,11,24,0.0,32.5,18.2
107010,PACHIZA,1971,11,25,0.0,32.1,21.2
107010,PACHIZA,1971,11,26,14.3,33.2,21.4
107010,PACHIZA,1971,11,27,1.8,28.5,21.0
107010,PACHIZA,1971,11,28,0.0,31.5,20.2
107010,PACHIZA,1971,11,29,9.8,32.5,20.4
107010,PACHIZA,1971,11,30,1.0,32.2,22.8
107010,PACHIZA,1971,12,01,2.2,32.4,21.6
107010,PACHIZA,1971,12,02,25.0,31.6,19.9
107010,PACHIZA,1971,12,03,0.0,31.2,21.2
107010,PACHIZA,1971,12,04,0.0,30.1,19.6
107010,PACHIZA,1971,12,05,0.0,29.2,19.3
107010,PACHIZA,1971,12,06,0.0,31.8,20.4
107010,PACHIZA,1971,12,07,-888,32.2,21.2
107010,PACHIZA,1971,12,08,-888,31.6,20.1
107010,PACHIZA,1971,12,09,0.0,32.6,20.4
107010,PACHIZA,1971,12,10,0.0,32.0,19.8
107010,PACHIZA,1971,12,11,0.0,32.6,21.6
107010,PACHIZA,1971,12,12,0.0,32.3,21.1
107010,PACHIZA,1971,12,13,4.0,32.2,21.2
107010,PACHIZA,1971,12,14,0.0,33.0,20.4
107010,PACHIZA,1971,12,15,10.6,32.0,21.8
107010,PACHIZA,1971,12,16,0.0,31.4,20.2
107010,PACHIZA,1971,12,17,0.0,31.4,20.2
107010,PACHIZA,1971,12,18,5.2,-999,22.0
107010,PACHIZA,1971,12,19,-888,-999,21.6
107010,PACHIZA,1971,12,20,0.0,29.8,19.9
107010,PACHIZA,1971,12,21,0.0,31.6,19.9
107010,PACHIZA,1971,12,22,0.0,30.2,19.7
107010,PACHIZA,1971,12,23,-888,32.0,21.6
107010,PACHIZA,1971,12,24,-999,32.2,20.6
107010,PACHIZA,1971,12,25,-999,-999,-999
107010,PACHIZA,1971,12,26,-999,-999,-999
107010,PACHIZA,1971,12,27,-999,-999,-999
107010,PACHIZA,1971,12,28,-999,-999,-999
107010,PACHIZA,1971,12,29,-999,-999,-999
107010,PACHIZA,1971,12,30,-999,-999,-999
107010,PACHIZA,1971,12,31,-999,-999,-999
107010,PACHIZA,1972,04,01,0.0,32.0,21.2
107010,PACHIZA,1972,04,02,0.0,32.7,21.6
107010,PACHIZA,1972,04,03,0.0,34.6,22.0
107010,PACHIZA,1972,04,04,0.0,32.4,22.9
107010,PACHIZA,1972,04,05,0.0,32.5,21.8
107010,PACHIZA,1972,04,06,0.0,30.8,23.0
107010,PACHIZA,1972,04,07,0.0,29.7,22.2
107010,PACHIZA,1972,04,08,0.0,32.4,22.8
107010,PACHIZA,1972,04,09,0.0,31.4,22.2
107010,PACHIZA,1972,04,10,0.0,30.6,22.4
107010,PACHIZA,1972,04,11,0.0,31.2,23.2
107010,PACHIZA,1972,04,12,0.0,30.4,20.8
107010,PACHIZA,1972,04,13,0.0,31.2,22.6
107010,PACHIZA,1972,04,14,0.0,32.4,21.8
107010,PACHIZA,1972,04,15,0.0,28.7,21.0
107010,PACHIZA,1972,04,16,0.0,26.4,21.0
107010,PACHIZA,1972,04,17,0.0,30.8,22.0
107010,PACHIZA,1972,04,18,0.0,29.6,21.8
107010,PACHIZA,1972,04,19,0.0,32.4,22.4
107010,PACHIZA,1972,04,20,0.0,32.6,21.4
107010,PACHIZA,1972,04,21,0.0,33.4,20.4
107010,PACHIZA,1972,04,22,0.0,33.0,21.6
107010,PACHIZA,1972,04,23,0.0,32.4,21.9
107010,PACHIZA,1972,04,24,4.5,32.0,22.2
107010,PACHIZA,1972,04,25,0.6,32.6,22.9
107010,PACHIZA,1972,04,26,29.4,32.6,21.6
107010,PACHIZA,1972,04,27,50.5,30.0,22.6
107010,PACHIZA,1972,04,28,2.9,29.2,21.2
107010,PACHIZA,1972,04,29,4.4,27.2,20.8
107010,PACHIZA,1972,04,30,0.0,29.2,20.8
107010,PACHIZA,1972,05,01,0.0,31.4,21.6
107010,PACHIZA,1972,05,02,0.0,32.6,20.8
107010,PACHIZA,1972,05,03,0.0,33.9,22.0
107010,PACHIZA,1972,05,04,0.0,33.0,21.0
107010,PACHIZA,1972,05,05,0.0,32.0,21.6
107010,PACHIZA,1972,05,06,1.7,33.0,22.0
107010,PACHIZA,1972,05,07,0.1,34.0,23.0
107010,PACHIZA,1972,05,08,18.5,32.4,22.8
107010,PACHIZA,1972,05,09,0.0,32.0,22.6
107010,PACHIZA,1972,05,10,5.7,31.2,21.6
107010,PACHIZA,1972,05,11,0.0,29.6,22.2
107010,PACHIZA,1972,05,12,11.6,31.2,21.8
107010,PACHIZA,1972,05,13,0.5,30.6,21.6
107010,PACHIZA,1972,05,14,9.6,32.2,23.0
107010,PACHIZA,1972,05,15,0.0,31.4,22.8
107010,PACHIZA,1972,05,16,0.0,31.4,21.6
107010,PACHIZA,1972,05,17,0.0,33.4,21.8
107010,PACHIZA,1972,05,18,3.6,32.0,21.9
107010,PACHIZA,1972,05,19,30.7,30.2,22.4
107010,PACHIZA,1972,05,20,0.6,31.2,22.1
107010,PACHIZA,1972,05,21,1.4,31.2,20.6
107010,PACHIZA,1972,05,22,0.0,32.9,22.8
107010,PACHIZA,1972,05,23,3.5,32.0,22.8
107010,PACHIZA,1972,05,24,4.9,31.7,23.0
107010,PACHIZA,1972,05,25,8.0,32.6,22.8
107010,PACHIZA,1972,05,26,13.3,32.6,22.4
107010,PACHIZA,1972,05,27,15.9,29.8,23.2
107010,PACHIZA,1972,05,28,10.1,31.6,22.0
107010,PACHIZA,1972,05,29,2.5,31.6,21.9
107010,PACHIZA,1972,05,30,4.3,31.4,21.6
107010,PACHIZA,1972,05,31,9.5,28.6,22.4
107010,PACHIZA,1972,06,01,8.9,32.6,22.6
107010,PACHIZA,1972,06,02,8.5,33.2,22.0
107010,PACHIZA,1972,06,03,8.2,31.4,22.4
107010,PACHIZA,1972,06,04,8.0,31.6,22.8
107010,PACHIZA,1972,06,05,4.0,32.4,22.4
107010,PACHIZA,1972,06,06,0.6,31.6,23.2
107010,PACHIZA,1972,06,07,0.4,31.6,22.9
107010,PACHIZA,1972,06,08,0.2,32.4,20.2
107010,PACHIZA,1972,06,09,0.0,33.6,21.6
107010,PACHIZA,1972,06,10,0.2,31.6,21.6
107010,PACHIZA,1972,06,11,0.2,33.0,22.6
107010,PACHIZA,1972,06,12,9.6,33.8,22.2
107010,PACHIZA,1972,06,13,3.8,31.2,22.8
107010,PACHIZA,1972,06,14,3.2,32.8,22.6
107010,PACHIZA,1972,06,15,6.8,32.4,22.2
107010,PACHIZA,1972,06,16,10.9,30.2,22.8
107010,PACHIZA,1972,06,17,10.7,27.4,21.8
107010,PACHIZA,1972,06,18,11.4,-999,-999
107010,PACHIZA,1972,06,19,5.5,-999,21.4
107010,PACHIZA,1972,06,20,2.7,31.2,20.1
107010,PACHIZA,1972,06,21,1.4,31.6,19.2
107010,PACHIZA,1972,06,22,4.1,27.6,21.0
107010,PACHIZA,1972,06,23,4.1,30.8,20.4
107010,PACHIZA,1972,06,24,4.0,31.6,21.0
107010,PACHIZA,1972,06,25,4.1,30.4,19.4
107010,PACHIZA,1972,06,26,1.0,31.4,19.6
107010,PACHIZA,1972,06,27,0.5,28.6,21.2
107010,PACHIZA,1972,06,28,0.2,30.8,21.2
107010,PACHIZA,1972,06,29,0.1,31.2,20.0
107010,PACHIZA,1972,06,30,5.5,32.2,21.4
107010,PACHIZA,1972,07,01,6.2,32.0,20.2
107010,PACHIZA,1972,07,02,7.2,32.0,21.2
107010,PACHIZA,1972,07,03,3.7,31.8,19.0
107010,PACHIZA,1972,07,04,0.0,31.8,17.8
107010,PACHIZA,1972,07,05,0.1,32.4,18.0
107010,PACHIZA,1972,07,06,3.7,32.8,20.2
107010,PACHIZA,1972,07,07,7.1,33.2,21.8
107010,PACHIZA,1972,07,08,6.7,30.4,21.8
107010,PACHIZA,1972,07,09,10.0,29.8,21.4
107010,PACHIZA,1972,07,10,5.6,29.4,21.2
107010,PACHIZA,1972,07,11,0.1,30.6,21.0
107010,PACHIZA,1972,07,12,0.0,30.2,20.0
107010,PACHIZA,1972,07,13,0.1,32.4,20.0
107010,PACHIZA,1972,07,14,0.0,32.0,19.2
107010,PACHIZA,1972,07,15,0.0,30.2,20.2
107010,PACHIZA,1972,07,16,0.1,32.7,20.0
107010,PACHIZA,1972,07,17,9.0,29.0,19.6
107010,PACHIZA,1972,07,18,0.5,30.2,20.0
107010,PACHIZA,1972,07,19,0.2,32.1,20.6
107010,PACHIZA,1972,07,20,0.0,32.8,20.0
107010,PACHIZA,1972,07,21,0.1,33.2,20.0
107010,PACHIZA,1972,07,22,0.8,31.8,20.1
107010,PACHIZA,1972,07,23,8.5,30.4,22.2
107010,PACHIZA,1972,07,24,7.6,32.0,22.4
107010,PACHIZA,1972,07,25,0.6,33.4,21.8
107010,PACHIZA,1972,07,26,0.8,32.6,22.0
107010,PACHIZA,1972,07,27,0.4,33.4,20.2
107010,PACHIZA,1972,07,28,0.0,32.8,20.0
107010,PACHIZA,1972,07,29,0.0,33.6,22.8
107010,PACHIZA,1972,07,30,0.0,31.6,20.2
107010,PACHIZA,1972,07,31,6.5,31.0,22.2
107010,PACHIZA,1972,08,01,0.1,31.0,20.6
107010,PACHIZA,1972,08,02,0.0,31.4,21.2
107010,PACHIZA,1972,08,03,7.8,33.6,21.2
107010,PACHIZA,1972,08,04,11.5,30.0,21.0
107010,PACHIZA,1972,08,05,14.7,27.8,21.4
107010,PACHIZA,1972,08,06,12.3,28.2,20.2
107010,PACHIZA,1972,08,07,5.4,31.4,21.0
107010,PACHIZA,1972,08,08,0.2,32.4,19.8
107010,PACHIZA,1972,08,09,0.0,33.4,19.0
107010,PACHIZA,1972,08,10,0.0,33.6,18.2
107010,PACHIZA,1972,08,11,0.2,32.4,20.2
107010,PACHIZA,1972,08,12,0.1,33.6,20.2
107010,PACHIZA,1972,08,13,0.1,34.4,20.0
107010,PACHIZA,1972,08,14,0.0,32.4,20.6
107010,PACHIZA,1972,08,15,0.0,31.8,19.4
107010,PACHIZA,1972,08,16,0.0,32.8,20.7
107010,PACHIZA,1972,08,17,2.4,33.8,20.0
107010,PACHIZA,1972,08,18,11.4,31.2,20.0
107010,PACHIZA,1972,08,19,14.5,31.8,21.2
107010,PACHIZA,1972,08,20,13.9,31.6,23.2
107010,PACHIZA,1972,08,21,6.9,33.8,20.2
107010,PACHIZA,1972,08,22,0.0,31.2,22.4
107010,PACHIZA,1972,08,23,0.1,32.4,20.4
107010,PACHIZA,1972,08,24,0.0,34.4,23.0
107010,PACHIZA,1972,08,25,0.0,34.6,21.0
107010,PACHIZA,1972,08,26,0.0,32.4,19.8
107010,PACHIZA,1972,08,27,0.0,34.2,20.8
107010,PACHIZA,1972,08,28,4.3,34.2,20.8
107010,PACHIZA,1972,08,29,8.4,33.8,22.2
107010,PACHIZA,1972,08,30,11.4,-999,22.0
107010,PACHIZA,1972,08,31,12.0,-999,21.8
107010,PACHIZA,1972,09,01,13.3,27.4,18.4
107010,PACHIZA,1972,09,02,13.6,24.2,19.8
107010,PACHIZA,1972,09,03,13.1,28.6,20.2
107010,PACHIZA,1972,09,04,8.5,33.6,18.8
107010,PACHIZA,1972,09,05,6.5,32.0,21.0
107010,PACHIZA,1972,09,06,6.8,32.4,20.0
107010,PACHIZA,1972,09,07,7.6,30.4,20.0
107010,PACHIZA,1972,09,08,7.6,33.4,21.0
107010,PACHIZA,1972,09,09,7.4,31.6,20.2
107010,PACHIZA,1972,09,10,7.4,32.6,19.6
107010,PACHIZA,1972,09,11,4.2,32.7,20.8
107010,PACHIZA,1972,09,12,0.4,32.6,22.4
107010,PACHIZA,1972,09,13,13.0,31.6,22.4
107010,PACHIZA,1972,09,14,13.7,32.3,22.2
107010,PACHIZA,1972,09,15,14.1,34.4,20.4
107010,PACHIZA,1972,09,16,11.7,-999,21.4
107010,PACHIZA,1972,09,17,14.4,-999,20.4
107010,PACHIZA,1972,09,18,7.2,30.2,21.2
107010,PACHIZA,1972,09,19,0.0,31.6,22.2
107010,PACHIZA,1972,09,20,4.4,33.8,21.8
107010,PACHIZA,1972,09,21,10.0,29.8,21.2
107010,PACHIZA,1972,09,22,7.6,26.4,20.2
107010,PACHIZA,1972,09,23,0.0,31.0,21.0
107010,PACHIZA,1972,09,24,0.0,33.2,18.6
107010,PACHIZA,1972,09,25,0.0,34.4,20.0
107010,PACHIZA,1972,09,26,0.0,34.6,21.2
107010,PACHIZA,1972,09,27,0.0,30.4,20.2
107010,PACHIZA,1972,09,28,0.0,31.4,20.4
107010,PACHIZA,1972,09,29,0.0,31.8,22.0
107010,PACHIZA,1972,09,30,0.0,30.8,22.8
107010,PACHIZA,1972,10,01,0.0,35.4,21.2
107010,PACHIZA,1972,10,02,0.0,35.8,21.4
107010,PACHIZA,1972,10,03,0.0,35.8,20.2
107010,PACHIZA,1972,10,04,0.0,37.2,22.4
107010,PACHIZA,1972,10,05,0.0,33.2,21.4
107010,PACHIZA,1972,10,06,0.0,31.8,20.2
107010,PACHIZA,1972,10,07,0.0,31.6,21.4
107010,PACHIZA,1972,10,08,0.0,29.8,22.2
107010,PACHIZA,1972,10,09,0.0,32.6,21.2
107010,PACHIZA,1972,10,10,0.0,34.0,21.4
107010,PACHIZA,1972,10,11,0.0,33.0,21.8
107010,PACHIZA,1972,10,12,65.7,34.7,23.0
107010,PACHIZA,1972,10,13,60.0,29.8,20.2
107010,PACHIZA,1972,10,14,0.0,30.6,21.4
107010,PACHIZA,1972,10,15,20.3,29.8,22.7
107010,PACHIZA,1972,10,16,2.5,30.2,22.4
107010,PACHIZA,1972,10,17,0.0,29.8,22.4
107010,PACHIZA,1972,10,18,0.0,30.8,21.6
107010,PACHIZA,1972,10,19,4.1,31.6,22.4
107010,PACHIZA,1972,10,20,7.8,32.4,21.0
107010,PACHIZA,1972,10,21,16.6,32.4,22.2
107010,PACHIZA,1972,10,22,10.0,30.2,23.0
107010,PACHIZA,1972,10,23,5.4,31.2,22.2
107010,PACHIZA,1972,10,24,3.4,29.8,22.4
107010,PACHIZA,1972,10,25,0.0,30.2,21.2
107010,PACHIZA,1972,10,26,0.0,31.4,21.2
107010,PACHIZA,1972,10,27,0.0,32.4,19.8
107010,PACHIZA,1972,10,28,0.0,34.6,20.4
107010,PACHIZA,1972,10,29,0.0,-999,22.4
107010,PACHIZA,1972,10,30,0.0,-999,20.2
107010,PACHIZA,1972,10,31,0.0,-999,23.4
107010,PACHIZA,1972,11,01,0.0,33.4,23.0
107010,PACHIZA,1972,11,02,0.0,34.8,22.2
107010,PACHIZA,1972,11,03,0.0,29.8,22.4
107010,PACHIZA,1972,11,04,0.0,31.6,21.2
107010,PACHIZA,1972,11,05,3.9,30.2,22.2
107010,PACHIZA,1972,11,06,6.3,29.8,23.0
107010,PACHIZA,1972,11,07,13.8,30.4,23.0
107010,PACHIZA,1972,11,08,40.7,29.6,24.2
107010,PACHIZA,1972,11,09,0.0,30.2,22.6
107010,PACHIZA,1972,11,10,2.8,30.4,23.0
107010,PACHIZA,1972,11,11,0.0,32.4,23.2
107010,PACHIZA,1972,11,12,0.0,30.6,22.4
107010,PACHIZA,1972,11,13,0.0,32.4,-999
107010,PACHIZA,1972,11,14,0.0,33.8,-999
107010,PACHIZA,1972,11,15,0.0,35.8,-999
107010,PACHIZA,1972,11,16,0.0,33.6,-999
107010,PACHIZA,1972,11,17,0.0,35.8,23.4
107010,PACHIZA,1972,11,18,0.0,36.4,24.0
107010,PACHIZA,1972,11,19,0.0,35.8,24.0
107010,PACHIZA,1972,11,20,6.4,36.8,23.4
107010,PACHIZA,1972,11,21,14.2,-999,23.4
107010,PACHIZA,1972,11,22,6.7,-999,21.4
107010,PACHIZA,1972,11,23,20.4,30.6,22.2
107010,PACHIZA,1972,11,24,24.2,34.4,23.2
107010,PACHIZA,1972,11,25,0.0,33.4,23.0
107010,PACHIZA,1972,11,26,0.0,-999,23.2
107010,PACHIZA,1972,11,27,0.0,-999,23.4
107010,PACHIZA,1972,11,28,1.8,-999,23.0
107010,PACHIZA,1972,11,29,3.4,30.8,23.0
107010,PACHIZA,1972,11,30,3.4,33.8,22.4
107010,PACHIZA,1972,12,01,7.7,31.8,20.6
107010,PACHIZA,1972,12,02,12.4,29.8,22.2
107010,PACHIZA,1972,12,03,0.0,33.2,22.4
107010,PACHIZA,1972,12,04,0.0,33.4,22.2
107010,PACHIZA,1972,12,05,0.0,32.6,24.0
107010,PACHIZA,1972,12,06,0.0,35.6,23.0
107010,PACHIZA,1972,12,07,0.0,35.6,21.4
107010,PACHIZA,1972,12,08,0.3,35.4,22.6
107010,PACHIZA,1972,12,09,0.2,35.8,-999
107010,PACHIZA,1972,12,10,0.4,33.4,-999
107010,PACHIZA,1972,12,11,0.1,31.4,-999
107010,PACHIZA,1972,12,12,0.5,33.4,-999
107010,PACHIZA,1972,12,13,0.3,33.4,22.0
107010,PACHIZA,1972,12,14,0.2,34.4,22.4
107010,PACHIZA,1972,12,15,0.2,34.6,21.6
107010,PACHIZA,1972,12,16,0.1,35.4,21.6
107010,PACHIZA,1972,12,17,0.1,36.6,23.4
107010,PACHIZA,1972,12,18,0.1,35.4,21.8
107010,PACHIZA,1972,12,19,0.0,34.6,22.8
107010,PACHIZA,1972,12,20,0.0,33.4,22.8
107010,PACHIZA,1972,12,21,0.0,33.4,23.0
107010,PACHIZA,1972,12,22,0.2,34.6,23.4
107010,PACHIZA,1972,12,23,0.4,34.2,23.2
107010,PACHIZA,1972,12,24,0.5,35.4,23.2
107010,PACHIZA,1972,12,25,7.6,34.8,23.0
107010,PACHIZA,1972,12,26,0.2,30.2,22.4
107010,PACHIZA,1972,12,27,0.0,31.8,21.2
107010,PACHIZA,1972,12,28,0.0,30.8,-999
107010,PACHIZA,1972,12,29,0.7,31.4,-999
107010,PACHIZA,1972,12,30,0.5,34.2,-999
107010,PACHIZA,1972,12,31,0.5,34.0,20.7
107010,PACHIZA,1973,01,01,0.4,35.4,22.2
107010,PACHIZA,1973,01,02,10.4,32.6,20.6
107010,PACHIZA,1973,01,03,10.9,30.2,22.2
107010,PACHIZA,1973,01,04,7.5,29.6,22.1
107010,PACHIZA,1973,01,05,14.4,30.4,22.6
107010,PACHIZA,1973,01,06,14.8,31.4,22.0
107010,PACHIZA,1973,01,07,15.4,33.4,23.0
107010,PACHIZA,1973,01,08,9.2,30.2,20.6
107010,PACHIZA,1973,01,09,9.3,31.2,22.0
107010,PACHIZA,1973,01,10,9.3,29.4,21.0
107010,PACHIZA,1973,01,11,0.0,34.4,-999
107010,PACHIZA,1973,01,12,0.0,32.4,-999
107010,PACHIZA,1973,01,13,0.0,34.8,-999
107010,PACHIZA,1973,01,14,0.0,34.2,-999
107010,PACHIZA,1973,01,15,0.0,34.8,-999
107010,PACHIZA,1973,01,16,0.0,33.4,-999
107010,PACHIZA,1973,01,17,0.0,34.8,21.4
107010,PACHIZA,1973,01,18,0.0,34.4,21.4
107010,PACHIZA,1973,01,19,8.2,33.4,21.8
107010,PACHIZA,1973,01,20,16.7,34.4,21.7
107010,PACHIZA,1973,01,21,15.0,35.8,22.2
107010,PACHIZA,1973,01,22,8.1,31.8,21.7
107010,PACHIZA,1973,01,23,1.0,32.6,23.0
107010,PACHIZA,1973,01,24,0.8,34.4,21.8
107010,PACHIZA,1973,01,25,0.7,33.4,21.8
107010,PACHIZA,1973,01,26,0.5,34.4,22.4
107010,PACHIZA,1973,01,27,7.7,32.4,22.4
107010,PACHIZA,1973,01,28,17.2,31.8,21.4
107010,PACHIZA,1973,01,29,3.2,30.2,21.4
107010,PACHIZA,1973,01,30,-999,30.2,21.2
107010,PACHIZA,1973,01,31,-999,-999,-999
107010,PACHIZA,1973,02,01,0.5,30.2,21.2
107010,PACHIZA,1973,02,02,0.6,31.4,21.2
107010,PACHIZA,1973,02,03,0.5,30.2,22.0
107010,PACHIZA,1973,02,04,8.2,31.8,21.4
107010,PACHIZA,1973,02,05,16.5,31.4,20.2
107010,PACHIZA,1973,02,06,11.3,31.8,22.2
107010,PACHIZA,1973,02,07,10.9,31.2,21.1
107010,PACHIZA,1973,02,08,12.2,31.4,-999
107010,PACHIZA,1973,02,09,16.2,30.2,-999
107010,PACHIZA,1973,02,10,14.8,31.4,-999
107010,PACHIZA,1973,02,11,14.8,33.4,-999
107010,PACHIZA,1973,02,12,7.4,33.4,21.8
107010,PACHIZA,1973,02,13,0.1,34.2,21.8
107010,PACHIZA,1973,02,14,6.7,34.6,21.2
107010,PACHIZA,1973,02,15,17.4,31.4,21.2
107010,PACHIZA,1973,02,16,17.3,32.4,21.7
107010,PACHIZA,1973,02,17,17.4,34.2,21.6
107010,PACHIZA,1973,02,18,17.5,31.8,21.8
107010,PACHIZA,1973,02,19,14.2,30.2,21.2
107010,PACHIZA,1973,02,20,16.9,30.1,22.2
107010,PACHIZA,1973,02,21,16.8,31.4,21.8
107010,PACHIZA,1973,02,22,16.3,32.4,21.4
107010,PACHIZA,1973,02,23,17.4,32.6,21.8
107010,PACHIZA,1973,02,24,17.4,31.8,21.2
107010,PACHIZA,1973,02,25,5.3,28.8,22.2
107010,PACHIZA,1973,02,26,0.2,31.2,21.2
107010,PACHIZA,1973,02,27,0.0,34.2,21.1
107010,PACHIZA,1973,02,28,0.0,34.4,22.4
107010,PACHIZA,1973,03,01,4.4,30.6,22.2
107010,PACHIZA,1973,03,02,4.7,34.2,21.8
107010,PACHIZA,1973,03,03,4.7,34.2,23.0
107010,PACHIZA,1973,03,04,5.9,34.4,23.0
107010,PACHIZA,1973,03,05,0.0,32.4,22.4
107010,PACHIZA,1973,03,06,0.5,31.8,22.4
107010,PACHIZA,1973,03,07,5.2,33.4,21.4
107010,PACHIZA,1973,03,08,5.2,34.4,-999
107010,PACHIZA,1973,03,09,6.1,34.4,-999
107010,PACHIZA,1973,03,10,15.4,31.4,-999
107010,PACHIZA,1973,03,11,13.0,32.2,20.4
107010,PACHIZA,1973,03,12,8.5,31.4,22.1
107010,PACHIZA,1973,03,13,5.4,31.6,21.6
107010,PACHIZA,1973,03,14,5.1,33.4,21.0
107010,PACHIZA,1973,03,15,11.4,31.2,22.2
107010,PACHIZA,1973,03,16,15.3,32.6,21.1
107010,PACHIZA,1973,03,17,15.2,34.4,21.2
107010,PACHIZA,1973,03,18,15.1,34.4,21.8
107010,PACHIZA,1973,03,19,15.9,33.4,21.2
107010,PACHIZA,1973,03,20,17.2,31.2,20.2
107010,PACHIZA,1973,03,21,11.1,31.8,21.6
107010,PACHIZA,1973,03,22,5.5,34.6,20.4
107010,PACHIZA,1973,03,23,6.7,34.6,21.2
107010,PACHIZA,1973,03,24,6.8,33.2,21.8
107010,PACHIZA,1973,03,25,6.7,31.6,21.6
107010,PACHIZA,1973,03,26,7.7,34.2,21.6
107010,PACHIZA,1973,03,27,15.1,31.2,20.2
107010,PACHIZA,1973,03,28,5.8,-999,21.2
107010,PACHIZA,1973,03,29,8.0,-999,21.8
107010,PACHIZA,1973,03,30,3.9,-999,22.0
107010,PACHIZA,1973,03,31,5.6,-999,22.0
107010,PACHIZA,1973,04,01,11.2,-999,21.6
107010,PACHIZA,1973,04,02,3.3,32.6,21.2
107010,PACHIZA,1973,04,03,13.6,30.2,20.1
107010,PACHIZA,1973,04,04,14.4,32.6,21.6
107010,PACHIZA,1973,04,05,15.0,30.2,21.2
107010,PACHIZA,1973,04,06,17.6,31.6,20.8
107010,PACHIZA,1973,04,07,15.4,32.6,21.2
107010,PACHIZA,1973,04,08,18.0,31.2,21.4
107010,PACHIZA,1973,04,09,9.2,30.2,20.0
107010,PACHIZA,1973,04,10,14.3,31.2,21.2
107010,PACHIZA,1973,04,11,14.7,31.2,20.1
107010,PACHIZA,1973,04,12,16.4,30.2,21.2
107010,PACHIZA,1973,04,13,18.2,30.2,20.1
107010,PACHIZA,1973,04,14,14.1,31.8,21.4
107010,PACHIZA,1973,04,15,9.1,31.6,21.4
107010,PACHIZA,1973,04,16,0.2,31.6,21.2
107010,PACHIZA,1973,04,17,0.2,31.8,21.8
107010,PACHIZA,1973,04,18,0.3,31.1,21.2
107010,PACHIZA,1973,04,19,0.3,32.2,22.1
107010,PACHIZA,1973,04,20,0.4,31.2,22.2
107010,PACHIZA,1973,04,21,0.3,34.4,22.2
107010,PACHIZA,1973,04,22,3.0,31.6,21.6
107010,PACHIZA,1973,04,23,6.2,31.8,21.2
107010,PACHIZA,1973,04,24,6.2,31.4,21.2
107010,PACHIZA,1973,04,25,6.0,31.6,22.2
107010,PACHIZA,1973,04,26,6.0,31.8,22.4
107010,PACHIZA,1973,04,27,5.9,34.4,21.4
107010,PACHIZA,1973,04,28,5.9,31.6,22.4
107010,PACHIZA,1973,04,29,6.1,31.8,21.2
107010,PACHIZA,1973,04,30,0.1,32.6,22.2
107010,PACHIZA,1973,05,01,0.6,-999,21.2
107010,PACHIZA,1973,05,02,0.0,-999,21.0
107010,PACHIZA,1973,05,03,0.4,-999,21.4
107010,PACHIZA,1973,05,04,0.7,34.2,21.3
107010,PACHIZA,1973,05,05,17.5,34.4,22.2
107010,PACHIZA,1973,05,06,17.2,34.6,22.4
107010,PACHIZA,1973,05,07,0.0,31.4,20.4
107010,PACHIZA,1973,05,08,6.0,31.2,20.2
107010,PACHIZA,1973,05,09,5.9,31.4,21.2
107010,PACHIZA,1973,05,10,6.9,32.6,22.0
107010,PACHIZA,1973,05,11,6.9,32.6,22.1
107010,PACHIZA,1973,05,12,6.9,35.6,-999
107010,PACHIZA,1973,05,13,3.8,35.6,-999
107010,PACHIZA,1973,05,14,6.0,31.2,-999
107010,PACHIZA,1973,05,15,8.8,35.6,-999
107010,PACHIZA,1973,05,16,9.2,32.6,22.0
107010,PACHIZA,1973,05,17,9.0,36.0,20.8
107010,PACHIZA,1973,05,18,7.0,31.6,21.2
107010,PACHIZA,1973,05,19,6.0,35.6,21.0
107010,PACHIZA,1973,05,20,6.0,35.3,22.0
107010,PACHIZA,1973,05,21,5.0,30.6,21.3
107010,PACHIZA,1973,05,22,3.0,32.3,22.0
107010,PACHIZA,1973,05,23,7.0,31.5,21.3
107010,PACHIZA,1973,05,24,14.0,34.2,22.4
107010,PACHIZA,1973,05,25,12.3,31.4,22.4
107010,PACHIZA,1973,05,26,5.0,35.2,22.3
107010,PACHIZA,1973,05,27,11.4,31.3,21.0
107010,PACHIZA,1973,05,28,10.0,32.2,21.3
107010,PACHIZA,1973,05,29,6.0,30.3,21.7
107010,PACHIZA,1973,05,30,-999,31.5,21.0
107010,PACHIZA,1973,05,31,-999,-999,-999
107010,PACHIZA,1973,06,01,3.1,30.3,17.2
107010,PACHIZA,1973,06,02,6.0,-999,19.8
107010,PACHIZA,1973,06,03,1.1,32.7,21.2
107010,PACHIZA,1973,06,04,0.3,29.4,17.0
107010,PACHIZA,1973,06,05,4.1,33.4,18.3
107010,PACHIZA,1973,06,06,5.0,-999,19.0
107010,PACHIZA,1973,06,07,3.0,-999,17.5
107010,PACHIZA,1973,06,08,4.0,-999,18.3
107010,PACHIZA,1973,06,09,1.5,29.8,18.0
107010,PACHIZA,1973,06,10,1.9,33.3,21.4
107010,PACHIZA,1973,06,11,2.0,34.6,21.0
107010,PACHIZA,1973,06,12,0.8,32.7,21.4
107010,PACHIZA,1973,06,13,2.0,31.6,22.0
107010,PACHIZA,1973,06,14,4.0,28.4,20.2
107010,PACHIZA,1973,06,15,3.0,28.6,19.9
107010,PACHIZA,1973,06,16,6.5,31.4,20.4
107010,PACHIZA,1973,06,17,9.0,29.8,19.5
107010,PACHIZA,1973,06,18,3.5,29.4,18.6
107010,PACHIZA,1973,06,19,1.0,33.2,19.3
107010,PACHIZA,1973,06,20,2.5,33.4,22.0
107010,PACHIZA,1973,06,21,3.0,31.8,21.0
107010,PACHIZA,1973,06,22,3.0,31.6,20.6
107010,PACHIZA,1973,06,23,4.0,33.0,20.0
107010,PACHIZA,1973,06,24,4.0,32.5,19.8
107010,PACHIZA,1973,06,25,2.0,33.6,21.2
107010,PACHIZA,1973,06,26,1.5,34.0,21.0
107010,PACHIZA,1973,06,27,2.0,31.3,18.5
107010,PACHIZA,1973,06,28,1.9,31.3,21.2
107010,PACHIZA,1973,06,29,2.0,30.6,21.3
107010,PACHIZA,1973,06,30,5.5,32.0,20.0
107010,PACHIZA,1973,07,01,0.0,30.3,20.0
107010,PACHIZA,1973,07,02,0.0,30.2,20.6
107010,PACHIZA,1973,07,03,0.0,30.6,20.0
107010,PACHIZA,1973,07,04,0.0,31.2,21.0
107010,PACHIZA,1973,07,05,0.0,29.8,19.8
107010,PACHIZA,1973,07,06,0.0,31.2,19.0
107010,PACHIZA,1973,07,07,2.2,32.0,21.0
107010,PACHIZA,1973,07,08,0.0,28.3,19.0
107010,PACHIZA,1973,07,09,0.0,30.6,19.0
107010,PACHIZA,1973,07,10,0.0,30.4,19.8
107010,PACHIZA,1973,07,11,0.0,30.5,19.6
107010,PACHIZA,1973,07,12,0.0,30.6,18.6
107010,PACHIZA,1973,07,13,0.0,31.8,20.8
107010,PACHIZA,1973,07,14,0.0,31.8,18.9
107010,PACHIZA,1973,07,15,0.0,33.0,20.0
107010,PACHIZA,1973,07,16,4.4,31.8,19.0
107010,PACHIZA,1973,07,17,4.0,33.6,21.2
107010,PACHIZA,1973,07,18,9.7,32.4,19.8
107010,PACHIZA,1973,07,19,14.3,30.8,21.5
107010,PACHIZA,1973,07,20,0.0,33.8,21.0
107010,PACHIZA,1973,07,21,0.0,32.4,21.0
107010,PACHIZA,1973,07,22,0.0,33.8,21.6
107010,PACHIZA,1973,07,23,0.0,30.2,21.0
107010,PACHIZA,1973,07,24,1.2,-999,20.8
107010,PACHIZA,1973,07,25,8.6,-999,20.4
107010,PACHIZA,1973,07,26,0.0,-999,21.8
107010,PACHIZA,1973,07,27,0.0,33.0,20.8
107010,PACHIZA,1973,07,28,0.0,-999,22.2
107010,PACHIZA,1973,07,29,0.0,-999,21.4
107010,PACHIZA,1973,07,30,0.0,-999,21.2
107010,PACHIZA,1973,07,31,0.0,29.8,21.2
107010,PACHIZA,1973,08,01,0.0,-999,21.6
107010,PACHIZA,1973,08,02,0.0,-999,20.6
107010,PACHIZA,1973,08,03,0.0,-999,20.8
107010,PACHIZA,1973,08,04,0.0,29.4,18.6
107010,PACHIZA,1973,08,05,0.0,33.2,19.8
107010,PACHIZA,1973,08,06,0.0,33.6,19.6
107010,PACHIZA,1973,08,07,0.0,33.4,19.2
107010,PACHIZA,1973,08,08,0.0,29.2,19.2
107010,PACHIZA,1973,08,09,0.0,33.6,19.8
107010,PACHIZA,1973,08,10,0.0,32.4,20.0
107010,PACHIZA,1973,08,11,0.0,33.6,22.0
107010,PACHIZA,1973,08,12,0.0,33.0,19.4
107010,PACHIZA,1973,08,13,0.0,31.4,21.0
107010,PACHIZA,1973,08,14,4.3,33.4,21.2
107010,PACHIZA,1973,08,15,22.5,29.6,19.0
107010,PACHIZA,1973,08,16,0.0,32.0,19.4
107010,PACHIZA,1973,08,17,0.0,30.6,20.6
107010,PACHIZA,1973,08,18,0.0,29.8,19.8
107010,PACHIZA,1973,08,19,5.8,31.6,21.6
107010,PACHIZA,1973,08,20,2.5,30.0,20.8
107010,PACHIZA,1973,08,21,4.4,30.2,21.8
107010,PACHIZA,1973,08,22,0.0,30.6,19.8
107010,PACHIZA,1973,08,23,0.0,31.4,21.2
107010,PACHIZA,1973,08,24,0.0,34.2,20.6
107010,PACHIZA,1973,08,25,0.0,31.2,19.2
107010,PACHIZA,1973,08,26,0.0,31.4,21.6
107010,PACHIZA,1973,08,27,0.0,32.8,19.2
107010,PACHIZA,1973,08,28,0.0,30.8,20.8
107010,PACHIZA,1973,08,29,0.0,30.2,20.2
107010,PACHIZA,1973,08,30,0.0,30.8,20.2
107010,PACHIZA,1973,08,31,0.0,31.0,19.8
107010,PACHIZA,1973,09,01,8.2,28.2,20.2
107010,PACHIZA,1973,09,02,0.0,30.2,21.0
107010,PACHIZA,1973,09,03,0.0,30.2,21.4
107010,PACHIZA,1973,09,04,0.0,34.6,22.0
107010,PACHIZA,1973,09,05,0.0,31.2,18.2
107010,PACHIZA,1973,09,06,12.2,31.6,20.6
107010,PACHIZA,1973,09,07,0.0,28.4,19.6
107010,PACHIZA,1973,09,08,2.7,30.2,20.4
107010,PACHIZA,1973,09,09,0.0,32.2,20.6
107010,PACHIZA,1973,09,10,0.0,31.2,20.8
107010,PACHIZA,1973,09,11,0.0,31.2,19.8
107010,PACHIZA,1973,09,12,0.0,31.6,21.6
107010,PACHIZA,1973,09,13,0.0,31.2,-999
107010,PACHIZA,1973,09,14,6.8,26.2,-999
107010,PACHIZA,1973,09,15,8.4,30.2,-999
107010,PACHIZA,1973,09,16,0.0,29.6,18.2
107010,PACHIZA,1973,09,17,2.8,31.2,20.4
107010,PACHIZA,1973,09,18,0.0,31.2,21.2
107010,PACHIZA,1973,09,19,0.0,31.4,19.2
107010,PACHIZA,1973,09,20,3.8,29.2,18.8
107010,PACHIZA,1973,09,21,34.4,24.2,20.2
107010,PACHIZA,1973,09,22,17.6,26.4,21.4
107010,PACHIZA,1973,09,23,0.0,30.6,21.8
107010,PACHIZA,1973,09,24,0.0,30.8,20.8
107010,PACHIZA,1973,09,25,7.5,29.2,20.2
107010,PACHIZA,1973,09,26,46.4,26.2,20.2
107010,PACHIZA,1973,09,27,0.0,28.4,20.8
107010,PACHIZA,1973,09,28,0.0,28.2,20.2
107010,PACHIZA,1973,09,29,0.0,31.4,19.4
107010,PACHIZA,1973,09,30,0.0,31.6,20.4
107010,PACHIZA,1973,10,01,0.0,30.2,19.6
107010,PACHIZA,1973,10,02,6.4,30.4,19.4
107010,PACHIZA,1973,10,03,0.0,31.4,21.4
107010,PACHIZA,1973,10,04,49.3,31.6,21.6
107010,PACHIZA,1973,10,05,0.0,30.6,20.6
107010,PACHIZA,1973,10,06,0.0,29.8,21.8
107010,PACHIZA,1973,10,07,0.0,32.8,22.2
107010,PACHIZA,1973,10,08,0.0,29.4,22.4
107010,PACHIZA,1973,10,09,0.0,32.4,21.2
107010,PACHIZA,1973,10,10,0.0,31.8,20.8
107010,PACHIZA,1973,10,11,0.0,32.2,22.2
107010,PACHIZA,1973,10,12,0.0,32.8,21.6
107010,PACHIZA,1973,10,13,6.3,31.4,21.4
107010,PACHIZA,1973,10,14,3.8,29.8,20.8
107010,PACHIZA,1973,10,15,0.0,31.2,21.2
107010,PACHIZA,1973,10,16,0.0,30.4,20.4
107010,PACHIZA,1973,10,17,1.0,31.8,22.8
107010,PACHIZA,1973,10,18,1.0,31.8,20.8
107010,PACHIZA,1973,10,19,42.2,31.2,21.4
107010,PACHIZA,1973,10,20,0.0,30.8,20.6
107010,PACHIZA,1973,10,21,6.0,31.8,20.8
107010,PACHIZA,1973,10,22,0.0,29.6,20.2
107010,PACHIZA,1973,10,23,3.8,32.2,21.0
107010,PACHIZA,1973,10,24,49.8,31.2,21.2
107010,PACHIZA,1973,10,25,0.0,30.8,21.8
107010,PACHIZA,1973,10,26,2.1,30.8,21.8
107010,PACHIZA,1973,10,27,0.0,31.4,21.4
107010,PACHIZA,1973,10,28,0.0,31.8,21.8
107010,PACHIZA,1973,10,29,0.0,33.0,22.0
107010,PACHIZA,1973,10,30,1.2,32.6,22.2
107010,PACHIZA,1973,10,31,0.0,30.2,22.2
107010,PACHIZA,1973,11,01,1.0,31.7,21.6
107010,PACHIZA,1973,11,02,0.0,29.8,21.0
107010,PACHIZA,1973,11,03,0.0,29.9,22.4
107010,PACHIZA,1973,11,04,5.0,30.6,21.6
107010,PACHIZA,1973,11,05,0.0,31.2,22.4
107010,PACHIZA,1973,11,06,0.0,30.2,22.0
107010,PACHIZA,1973,11,07,1.0,30.2,22.6
107010,PACHIZA,1973,11,08,1.0,30.6,21.6
107010,PACHIZA,1973,11,09,1.0,32.0,22.0
107010,PACHIZA,1973,11,10,2.0,32.8,22.0
107010,PACHIZA,1973,11,11,3.8,30.0,21.0
107010,PACHIZA,1973,11,12,1.0,31.4,21.4
107010,PACHIZA,1973,11,13,0.0,29.8,21.0
107010,PACHIZA,1973,11,14,0.0,31.8,22.2
107010,PACHIZA,1973,11,15,0.0,29.8,21.6
107010,PACHIZA,1973,11,16,1.0,30.0,22.2
107010,PACHIZA,1973,11,17,2.0,32.6,22.6
107010,PACHIZA,1973,11,18,0.0,30.6,20.8
107010,PACHIZA,1973,11,19,0.0,31.2,21.6
107010,PACHIZA,1973,11,20,2.0,31.8,22.4
107010,PACHIZA,1973,11,21,0.0,30.2,21.6
107010,PACHIZA,1973,11,22,1.0,31.8,21.8
107010,PACHIZA,1973,11,23,0.0,32.0,22.4
107010,PACHIZA,1973,11,24,1.0,32.2,22.2
107010,PACHIZA,1973,11,25,0.0,31.8,22.6
107010,PACHIZA,1973,11,26,0.0,32.4,21.4
107010,PACHIZA,1973,11,27,1.0,30.8,20.8
107010,PACHIZA,1973,11,28,0.0,32.0,22.2
107010,PACHIZA,1973,11,29,0.0,30.0,22.4
107010,PACHIZA,1973,11,30,1.0,31.2,22.6
107010,PACHIZA,1973,12,01,1.0,-999,-999
107010,PACHIZA,1973,12,02,0.0,-999,-999
107010,PACHIZA,1973,12,03,0.0,-999,-999
107010,PACHIZA,1973,12,04,3.8,-999,-999
107010,PACHIZA,1973,12,05,0.0,-999,-999
107010,PACHIZA,1973,12,06,2.0,-999,-999
107010,PACHIZA,1973,12,07,0.0,-999,-999
107010,PACHIZA,1973,12,08,1.0,-999,-999
107010,PACHIZA,1973,12,09,0.0,-999,-999
107010,PACHIZA,1973,12,10,0.0,-999,-999
107010,PACHIZA,1973,12,11,0.0,-999,-999
107010,PACHIZA,1973,12,12,0.0,-999,-999
107010,PACHIZA,1973,12,13,22.7,-999,-999
107010,PACHIZA,1973,12,14,24.6,-999,-999
107010,PACHIZA,1973,12,15,0.0,-999,-999
107010,PACHIZA,1973,12,16,14.8,-999,-999
107010,PACHIZA,1973,12,17,1.0,-999,-999
107010,PACHIZA,1973,12,18,0.0,-999,-999
107010,PACHIZA,1973,12,19,0.0,-999,-999
107010,PACHIZA,1973,12,20,0.0,-999,-999
107010,PACHIZA,1973,12,21,7.9,-999,-999
107010,PACHIZA,1973,12,22,0.0,-999,-999
107010,PACHIZA,1973,12,23,22.4,-999,-999
107010,PACHIZA,1973,12,24,0.0,-999,-999
107010,PACHIZA,1973,12,25,0.0,-999,-999
107010,PACHIZA,1973,12,26,0.0,-999,-999
107010,PACHIZA,1973,12,27,10.4,-999,-999
107010,PACHIZA,1973,12,28,10.0,-999,-999
107010,PACHIZA,1973,12,29,0.6,-999,-999
107010,PACHIZA,1973,12,30,1.0,-999,-999
107010,PACHIZA,1973,12,31,0.0,-999,-999
107010,PACHIZA,1974,01,01,1.0,-999,-999
107010,PACHIZA,1974,01,02,2.0,-999,-999
107010,PACHIZA,1974,01,03,0.0,-999,-999
107010,PACHIZA,1974,01,04,7.6,-999,-999
107010,PACHIZA,1974,01,05,6.4,-999,-999
107010,PACHIZA,1974,01,06,14.0,-999,-999
107010,PACHIZA,1974,01,07,0.0,-999,-999
107010,PACHIZA,1974,01,08,3.0,-999,-999
107010,PACHIZA,1974,01,09,2.0,-999,-999
107010,PACHIZA,1974,01,10,9.0,-999,-999
107010,PACHIZA,1974,01,11,25.3,-999,-999
107010,PACHIZA,1974,01,12,0.0,-999,-999
107010,PACHIZA,1974,01,13,0.0,-999,-999
107010,PACHIZA,1974,01,14,1.7,-999,-999
107010,PACHIZA,1974,01,15,5.0,-999,-999
107010,PACHIZA,1974,01,16,0.0,-999,-999
107010,PACHIZA,1974,01,17,0.0,-999,-999
107010,PACHIZA,1974,01,18,15.6,-999,-999
107010,PACHIZA,1974,01,19,7.0,-999,-999
107010,PACHIZA,1974,01,20,0.0,-999,-999
107010,PACHIZA,1974,01,21,0.0,-999,-999
107010,PACHIZA,1974,01,22,0.0,-999,-999
107010,PACHIZA,1974,01,23,3.0,-999,-999
107010,PACHIZA,1974,01,24,3.2,-999,-999
107010,PACHIZA,1974,01,25,0.0,-999,-999
107010,PACHIZA,1974,01,26,3.6,-999,-999
107010,PACHIZA,1974,01,27,0.0,-999,-999
107010,PACHIZA,1974,01,28,19.2,-999,-999
107010,PACHIZA,1974,01,29,10.1,-999,-999
107010,PACHIZA,1974,01,30,3.0,-999,-999
107010,PACHIZA,1974,01,31,0.0,-999,-999
107010,PACHIZA,1974,02,01,0.0,-999,-999
107010,PACHIZA,1974,02,02,0.0,-999,-999
107010,PACHIZA,1974,02,03,1.2,-999,-999
107010,PACHIZA,1974,02,04,0.0,-999,-999
107010,PACHIZA,1974,02,05,0.0,-999,-999
107010,PACHIZA,1974,02,06,9.0,-999,-999
107010,PACHIZA,1974,02,07,2.4,-999,-999
107010,PACHIZA,1974,02,08,15.0,-999,-999
107010,PACHIZA,1974,02,09,0.0,-999,-999
107010,PACHIZA,1974,02,10,3.0,-999,-999
107010,PACHIZA,1974,02,11,0.0,-999,-999
107010,PACHIZA,1974,02,12,0.0,-999,-999
107010,PACHIZA,1974,02,13,16.1,-999,-999
107010,PACHIZA,1974,02,14,0.0,-999,-999
107010,PACHIZA,1974,02,15,0.0,-999,-999
107010,PACHIZA,1974,02,16,0.0,-999,-999
107010,PACHIZA,1974,02,17,0.0,-999,-999
107010,PACHIZA,1974,02,18,13.4,-999,-999
107010,PACHIZA,1974,02,19,20.4,-999,-999
107010,PACHIZA,1974,02,20,24.3,-999,-999
107010,PACHIZA,1974,02,21,3.4,-999,-999
107010,PACHIZA,1974,02,22,3.6,-999,-999
107010,PACHIZA,1974,02,23,18.5,-999,-999
107010,PACHIZA,1974,02,24,7.2,-999,-999
107010,PACHIZA,1974,02,25,9.1,-999,-999
107010,PACHIZA,1974,02,26,8.6,-999,-999
107010,PACHIZA,1974,02,27,0.0,-999,-999
107010,PACHIZA,1974,02,28,0.0,-999,-999
107010,PACHIZA,1974,03,01,7.0,-999,-999
107010,PACHIZA,1974,03,02,33.1,-999,-999
107010,PACHIZA,1974,03,03,0.0,-999,-999
107010,PACHIZA,1974,03,04,0.0,-999,-999
107010,PACHIZA,1974,03,05,0.0,-999,-999
107010,PACHIZA,1974,03,06,3.0,-999,-999
107010,PACHIZA,1974,03,07,0.0,-999,-999
107010,PACHIZA,1974,03,08,0.0,-999,-999
107010,PACHIZA,1974,03,09,9.1,-999,-999
107010,PACHIZA,1974,03,10,23.9,-999,-999
107010,PACHIZA,1974,03,11,3.4,-999,-999
107010,PACHIZA,1974,03,12,0.0,-999,-999
107010,PACHIZA,1974,03,13,0.0,-999,-999
107010,PACHIZA,1974,03,14,0.0,-999,-999
107010,PACHIZA,1974,03,15,0.0,-999,-999
107010,PACHIZA,1974,03,16,0.0,-999,-999
107010,PACHIZA,1974,03,17,3.2,-999,-999
107010,PACHIZA,1974,03,18,23.4,-999,-999
107010,PACHIZA,1974,03,19,55.9,-999,-999
107010,PACHIZA,1974,03,20,43.3,-999,-999
107010,PACHIZA,1974,03,21,15.4,-999,-999
107010,PACHIZA,1974,03,22,0.0,-999,-999
107010,PACHIZA,1974,03,23,0.0,-999,-999
107010,PACHIZA,1974,03,24,0.0,-999,-999
107010,PACHIZA,1974,03,25,0.0,-999,-999
107010,PACHIZA,1974,03,26,0.0,-999,-999
107010,PACHIZA,1974,03,27,15.8,-999,-999
107010,PACHIZA,1974,03,28,0.0,-999,-999
107010,PACHIZA,1974,03,29,0.0,-999,-999
107010,PACHIZA,1974,03,30,0.0,-999,-999
107010,PACHIZA,1974,03,31,8.6,-999,-999
107010,PACHIZA,1974,04,01,6.2,-999,-999
107010,PACHIZA,1974,04,02,8.8,-999,-999
107010,PACHIZA,1974,04,03,0.0,-999,-999
107010,PACHIZA,1974,04,04,0.0,-999,-999
107010,PACHIZA,1974,04,05,5.2,-999,-999
107010,PACHIZA,1974,04,06,7.4,-999,-999
107010,PACHIZA,1974,04,07,7.4,-999,-999
107010,PACHIZA,1974,04,08,0.0,-999,-999
107010,PACHIZA,1974,04,09,0.0,-999,-999
107010,PACHIZA,1974,04,10,30.0,-999,-999
107010,PACHIZA,1974,04,11,0.0,-999,-999
107010,PACHIZA,1974,04,12,6.0,-999,-999
107010,PACHIZA,1974,04,13,2.0,-999,-999
107010,PACHIZA,1974,04,14,9.3,-999,-999
107010,PACHIZA,1974,04,15,8.8,-999,-999
107010,PACHIZA,1974,04,16,9.8,-999,-999
107010,PACHIZA,1974,04,17,2.0,-999,-999
107010,PACHIZA,1974,04,18,0.0,-999,-999
107010,PACHIZA,1974,04,19,0.0,-999,-999
107010,PACHIZA,1974,04,20,2.4,-999,-999
107010,PACHIZA,1974,04,21,0.0,-999,-999
107010,PACHIZA,1974,04,22,0.0,-999,-999
107010,PACHIZA,1974,04,23,1.7,-999,-999
107010,PACHIZA,1974,04,24,0.0,-999,-999
107010,PACHIZA,1974,04,25,0.0,-999,-999
107010,PACHIZA,1974,04,26,1.2,-999,-999
107010,PACHIZA,1974,04,27,0.0,-999,-999
107010,PACHIZA,1974,04,28,0.0,-999,-999
107010,PACHIZA,1974,04,29,0.0,-999,-999
107010,PACHIZA,1974,04,30,0.0,-999,-999
107010,PACHIZA,1974,05,01,0.0,-999,-999
107010,PACHIZA,1974,05,02,1.3,-999,-999
107010,PACHIZA,1974,05,03,0.0,-999,-999
107010,PACHIZA,1974,05,04,4.7,-999,-999
107010,PACHIZA,1974,05,05,1.2,-999,-999
107010,PACHIZA,1974,05,06,0.0,-999,-999
107010,PACHIZA,1974,05,07,2.7,-999,-999
107010,PACHIZA,1974,05,08,0.0,-999,-999
107010,PACHIZA,1974,05,09,0.0,-999,-999
107010,PACHIZA,1974,05,10,0.0,-999,-999
107010,PACHIZA,1974,05,11,0.0,-999,-999
107010,PACHIZA,1974,05,12,0.0,-999,-999
107010,PACHIZA,1974,05,13,1.6,-999,-999
107010,PACHIZA,1974,05,14,5.2,-999,-999
107010,PACHIZA,1974,05,15,0.0,-999,-999
107010,PACHIZA,1974,05,16,0.0,-999,-999
107010,PACHIZA,1974,05,17,0.0,-999,-999
107010,PACHIZA,1974,05,18,0.0,-999,-999
107010,PACHIZA,1974,05,19,0.0,-999,-999
107010,PACHIZA,1974,05,20,0.0,-999,-999
107010,PACHIZA,1974,05,21,0.0,-999,-999
107010,PACHIZA,1974,05,22,0.0,-999,-999
107010,PACHIZA,1974,05,23,0.0,-999,-999
107010,PACHIZA,1974,05,24,0.0,-999,-999
107010,PACHIZA,1974,05,25,0.0,-999,-999
107010,PACHIZA,1974,05,26,0.0,-999,-999
107010,PACHIZA,1974,05,27,0.0,-999,-999
107010,PACHIZA,1974,05,28,8.5,-999,-999
107010,PACHIZA,1974,05,29,0.0,-999,-999
107010,PACHIZA,1974,05,30,0.0,-999,-999
107010,PACHIZA,1974,05,31,0.0,-999,-999
107010,PACHIZA,1974,06,01,0.0,-999,-999
107010,PACHIZA,1974,06,02,0.0,-999,-999
107010,PACHIZA,1974,06,03,0.0,-999,-999
107010,PACHIZA,1974,06,04,0.0,-999,-999
107010,PACHIZA,1974,06,05,0.0,-999,-999
107010,PACHIZA,1974,06,06,3.0,-999,-999
107010,PACHIZA,1974,06,07,0.0,-999,-999
107010,PACHIZA,1974,06,08,0.0,-999,-999
107010,PACHIZA,1974,06,09,7.0,-999,-999
107010,PACHIZA,1974,06,10,4.8,-999,-999
107010,PACHIZA,1974,06,11,54.3,-999,-999
107010,PACHIZA,1974,06,12,14.6,-999,-999
107010,PACHIZA,1974,06,13,51.2,-999,-999
107010,PACHIZA,1974,06,14,1.8,-999,-999
107010,PACHIZA,1974,06,15,0.0,-999,-999
107010,PACHIZA,1974,06,16,0.0,-999,-999
107010,PACHIZA,1974,06,17,0.0,-999,-999
107010,PACHIZA,1974,06,18,11.6,-999,-999
107010,PACHIZA,1974,06,19,6.0,-999,-999
107010,PACHIZA,1974,06,20,0.0,-999,-999
107010,PACHIZA,1974,06,21,0.0,-999,-999
107010,PACHIZA,1974,06,22,0.0,-999,-999
107010,PACHIZA,1974,06,23,-999,-999,-999
107010,PACHIZA,1974,06,24,-999,-999,-999
107010,PACHIZA,1974,06,25,-999,-999,-999
107010,PACHIZA,1974,06,26,-999,-999,-999
107010,PACHIZA,1974,06,27,-999,-999,-999
107010,PACHIZA,1974,06,28,-999,-999,-999
107010,PACHIZA,1974,06,29,-999,-999,-999
107010,PACHIZA,1974,06,30,-999,-999,-999
107010,PACHIZA,1974,08,01,-999,-999,-999
107010,PACHIZA,1974,08,02,-999,-999,-999
107010,PACHIZA,1974,08,03,-999,-999,-999
107010,PACHIZA,1974,08,04,-999,-999,-999
107010,PACHIZA,1974,08,05,-999,-999,-999
107010,PACHIZA,1974,08,06,-999,-999,-999
107010,PACHIZA,1974,08,07,-999,-999,-999
107010,PACHIZA,1974,08,08,-999,-999,-999
107010,PACHIZA,1974,08,09,-999,-999,-999
107010,PACHIZA,1974,08,10,-999,-999,-999
107010,PACHIZA,1974,08,11,-999,-999,-999
107010,PACHIZA,1974,08,12,-999,-999,-999
107010,PACHIZA,1974,08,13,-999,-999,-999
107010,PACHIZA,1974,08,14,-999,-999,-999
107010,PACHIZA,1974,08,15,2.6,29.4,-999
107010,PACHIZA,1974,08,16,0.0,28.6,-999
107010,PACHIZA,1974,08,17,4.9,29.4,-999
107010,PACHIZA,1974,08,18,24.8,27.2,-999
107010,PACHIZA,1974,08,19,0.4,25.0,-999
107010,PACHIZA,1974,08,20,5.8,26.2,-999
107010,PACHIZA,1974,08,21,0.0,27.2,-999
107010,PACHIZA,1974,08,22,0.0,30.4,-999
107010,PACHIZA,1974,08,23,0.0,30.0,-999
107010,PACHIZA,1974,08,24,0.0,31.8,-999
107010,PACHIZA,1974,08,25,0.0,28.1,-999
107010,PACHIZA,1974,08,26,0.0,29.8,-999
107010,PACHIZA,1974,08,27,0.0,28.2,-999
107010,PACHIZA,1974,08,28,0.8,-999,-999
107010,PACHIZA,1974,08,29,7.6,-999,-999
107010,PACHIZA,1974,08,30,0.0,25.2,-999
107010,PACHIZA,1974,08,31,0.0,28.6,-999
107010,PACHIZA,1974,09,01,17.0,29.4,-999
107010,PACHIZA,1974,09,02,0.0,29.2,-999
107010,PACHIZA,1974,09,03,5.5,28.6,-999
107010,PACHIZA,1974,09,04,0.0,26.2,-999
107010,PACHIZA,1974,09,05,0.0,28.2,-999
107010,PACHIZA,1974,09,06,0.4,29.3,-999
107010,PACHIZA,1974,09,07,0.0,28.2,-999
107010,PACHIZA,1974,09,08,0.0,27.0,-999
107010,PACHIZA,1974,09,09,1.1,26.8,-999
107010,PACHIZA,1974,09,10,0.0,28.6,-999
107010,PACHIZA,1974,09,11,0.0,28.8,-999
107010,PACHIZA,1974,09,12,0.0,28.4,-999
107010,PACHIZA,1974,09,13,0.0,26.4,-999
107010,PACHIZA,1974,09,14,0.0,28.0,-999
107010,PACHIZA,1974,09,15,0.0,30.8,-999
107010,PACHIZA,1974,09,16,2.6,30.8,-999
107010,PACHIZA,1974,09,17,0.0,28.4,-999
107010,PACHIZA,1974,09,18,0.0,29.0,-999
107010,PACHIZA,1974,09,19,0.0,28.8,-999
107010,PACHIZA,1974,09,20,1.5,31.0,-999
107010,PACHIZA,1974,09,21,5.5,31.4,-999
107010,PACHIZA,1974,09,22,4.5,28.8,-999
107010,PACHIZA,1974,09,23,28.4,31.0,-999
107010,PACHIZA,1974,09,24,2.0,31.6,-999
107010,PACHIZA,1974,09,25,0.0,30.8,-999
107010,PACHIZA,1974,09,26,0.0,30.2,-999
107010,PACHIZA,1974,09,27,0.4,32.6,-999
107010,PACHIZA,1974,09,28,0.0,31.0,-999
107010,PACHIZA,1974,09,29,16.4,-999,-999
107010,PACHIZA,1974,09,30,18.0,-999,-999
107010,PACHIZA,1974,10,01,0.0,30.0,-999
107010,PACHIZA,1974,10,02,0.0,28.2,-999
107010,PACHIZA,1974,10,03,2.9,30.4,-999
107010,PACHIZA,1974,10,04,0.0,31.8,-999
107010,PACHIZA,1974,10,05,0.0,32.2,-999
107010,PACHIZA,1974,10,06,8.3,29.4,-999
107010,PACHIZA,1974,10,07,0.0,30.8,-999
107010,PACHIZA,1974,10,08,0.0,32.0,-999
107010,PACHIZA,1974,10,09,0.4,30.2,-999
107010,PACHIZA,1974,10,10,0.0,30.2,-999
107010,PACHIZA,1974,10,11,0.0,28.8,-999
107010,PACHIZA,1974,10,12,0.0,28.4,-999
107010,PACHIZA,1974,10,13,0.0,31.0,-999
107010,PACHIZA,1974,10,14,0.0,30.8,-999
107010,PACHIZA,1974,10,15,0.8,30.2,-999
107010,PACHIZA,1974,10,16,10.8,31.0,-999
107010,PACHIZA,1974,10,17,0.0,30.6,-999
107010,PACHIZA,1974,10,18,11.8,30.2,-999
107010,PACHIZA,1974,10,19,2.0,30.8,-999
107010,PACHIZA,1974,10,20,3.5,28.0,-999
107010,PACHIZA,1974,10,21,0.0,31.4,-999
107010,PACHIZA,1974,10,22,0.0,30.2,-999
107010,PACHIZA,1974,10,23,0.0,30.8,-999
107010,PACHIZA,1974,10,24,76.0,31.8,-999
107010,PACHIZA,1974,10,25,0.0,31.0,-999
107010,PACHIZA,1974,10,26,2.4,32.4,-999
107010,PACHIZA,1974,10,27,8.0,30.6,-999
107010,PACHIZA,1974,10,28,0.0,31.0,-999
107010,PACHIZA,1974,10,29,0.0,31.6,-999
107010,PACHIZA,1974,10,30,4.8,31.8,-999
107010,PACHIZA,1974,10,31,6.0,31.6,-999
107010,PACHIZA,1974,11,01,0.0,31.6,-999
107010,PACHIZA,1974,11,02,0.0,32.0,-999
107010,PACHIZA,1974,11,03,0.0,33.4,-999
107010,PACHIZA,1974,11,04,0.0,-999,-999
107010,PACHIZA,1974,11,05,19.7,-999,-999
107010,PACHIZA,1974,11,06,0.0,30.3,-999
107010,PACHIZA,1974,11,07,1.7,32.8,-999
107010,PACHIZA,1974,11,08,27.5,33.4,-999
107010,PACHIZA,1974,11,09,6.4,30.8,-999
107010,PACHIZA,1974,11,10,0.0,31.4,-999
107010,PACHIZA,1974,11,11,0.0,34.6,-999
107010,PACHIZA,1974,11,12,0.0,32.4,-999
107010,PACHIZA,1974,11,13,0.0,33.2,-999
107010,PACHIZA,1974,11,14,25.0,30.5,-999
107010,PACHIZA,1974,11,15,9.2,28.4,-999
107010,PACHIZA,1974,11,16,0.0,32.2,-999
107010,PACHIZA,1974,11,17,7.0,32.0,-999
107010,PACHIZA,1974,11,18,0.4,32.6,-999
107010,PACHIZA,1974,11,19,0.0,32.0,-999
107010,PACHIZA,1974,11,20,0.0,32.6,-999
107010,PACHIZA,1974,11,21,0.0,32.8,-999
107010,PACHIZA,1974,11,22,1.4,-999,-999
107010,PACHIZA,1974,11,23,1.3,-999,-999
107010,PACHIZA,1974,11,24,2.5,30.5,-999
107010,PACHIZA,1974,11,25,0.0,33.8,-999
107010,PACHIZA,1974,11,26,0.0,32.8,-999
107010,PACHIZA,1974,11,27,0.0,32.8,-999
107010,PACHIZA,1974,11,28,0.0,31.6,-999
107010,PACHIZA,1974,11,29,9.2,32.2,-999
107010,PACHIZA,1974,11,30,0.0,31.9,-999
107010,PACHIZA,1974,12,01,0.5,32.0,-999
107010,PACHIZA,1974,12,02,0.0,32.6,-999
107010,PACHIZA,1974,12,03,20.7,32.1,-999
107010,PACHIZA,1974,12,04,4.5,29.9,-999
107010,PACHIZA,1974,12,05,0.2,32.8,-999
107010,PACHIZA,1974,12,06,0.0,33.8,-999
107010,PACHIZA,1974,12,07,0.0,32.0,-999
107010,PACHIZA,1974,12,08,5.0,32.4,-999
107010,PACHIZA,1974,12,09,0.0,31.8,-999
107010,PACHIZA,1974,12,10,6.2,32.2,-999
107010,PACHIZA,1974,12,11,22.7,28.6,-999
107010,PACHIZA,1974,12,12,0.0,32.2,-999
107010,PACHIZA,1974,12,13,0.0,31.8,-999
107010,PACHIZA,1974,12,14,0.0,31.2,-999
107010,PACHIZA,1974,12,15,3.2,31.7,-999
107010,PACHIZA,1974,12,16,21.3,28.6,-999
107010,PACHIZA,1974,12,17,0.0,31.4,-999
107010,PACHIZA,1974,12,18,0.0,31.8,-999
107010,PACHIZA,1974,12,19,5.6,31.3,-999
107010,PACHIZA,1974,12,20,16.5,30.6,-999
107010,PACHIZA,1974,12,21,0.0,31.5,-999
107010,PACHIZA,1974,12,22,1.5,31.9,-999
107010,PACHIZA,1974,12,23,11.3,31.5,-999
107010,PACHIZA,1974,12,24,0.2,31.7,-999
107010,PACHIZA,1974,12,25,0.0,31.8,-999
107010,PACHIZA,1974,12,26,1.4,32.6,-999
107010,PACHIZA,1974,12,27,0.0,31.2,-999
107010,PACHIZA,1974,12,28,19.2,30.8,-999
107010,PACHIZA,1974,12,29,0.0,31.2,-999
107010,PACHIZA,1974,12,30,2.3,31.2,-999
107010,PACHIZA,1974,12,31,0.0,31.6,-999
107010,PACHIZA,1975,01,01,6.5,-999,-999
107010,PACHIZA,1975,01,02,22.7,-999,-999
107010,PACHIZA,1975,01,03,5.9,30.8,-999
107010,PACHIZA,1975,01,04,1.4,31.2,-999
107010,PACHIZA,1975,01,05,1.6,30.8,-999
107010,PACHIZA,1975,01,06,1.4,30.6,-999
107010,PACHIZA,1975,01,07,4.2,-999,-999
107010,PACHIZA,1975,01,08,0.0,-999,-999
107010,PACHIZA,1975,01,09,4.1,30.2,-999
107010,PACHIZA,1975,01,10,0.0,31.0,-999
107010,PACHIZA,1975,01,11,7.4,30.8,-999
107010,PACHIZA,1975,01,12,23.6,32.0,-999
107010,PACHIZA,1975,01,13,0.0,32.0,-999
107010,PACHIZA,1975,01,14,14.3,30.8,-999
107010,PACHIZA,1975,01,15,1.6,30.8,-999
107010,PACHIZA,1975,01,16,11.0,28.1,-999
107010,PACHIZA,1975,01,17,0.6,30.8,-999
107010,PACHIZA,1975,01,18,0.0,31.2,-999
107010,PACHIZA,1975,01,19,0.0,29.8,-999
107010,PACHIZA,1975,01,20,0.0,30.0,-999
107010,PACHIZA,1975,01,21,0.0,31.4,-999
107010,PACHIZA,1975,01,22,0.0,32.4,-999
107010,PACHIZA,1975,01,23,0.0,31.6,-999
107010,PACHIZA,1975,01,24,3.4,31.8,-999
107010,PACHIZA,1975,01,25,2.2,30.8,-999
107010,PACHIZA,1975,01,26,10.5,30.8,-999
107010,PACHIZA,1975,01,27,3.0,28.0,-999
107010,PACHIZA,1975,01,28,0.8,27.6,-999
107010,PACHIZA,1975,01,29,0.0,29.6,-999
107010,PACHIZA,1975,01,30,0.0,31.4,-999
107010,PACHIZA,1975,01,31,0.0,30.4,-999
107010,PACHIZA,1975,02,01,0.0,30.6,-999
107010,PACHIZA,1975,02,02,0.0,30.0,-999
107010,PACHIZA,1975,02,03,0.0,29.8,-999
107010,PACHIZA,1975,02,04,8.4,29.6,-999
107010,PACHIZA,1975,02,05,0.0,30.9,-999
107010,PACHIZA,1975,02,06,0.0,28.0,-999
107010,PACHIZA,1975,02,07,0.0,32.6,-999
107010,PACHIZA,1975,02,08,7.7,28.2,-999
107010,PACHIZA,1975,02,09,0.6,29.3,-999
107010,PACHIZA,1975,02,10,8.0,30.8,-999
107010,PACHIZA,1975,02,11,0.0,35.6,-999
107010,PACHIZA,1975,02,12,0.0,30.8,-999
107010,PACHIZA,1975,02,13,0.0,33.5,-999
107010,PACHIZA,1975,02,14,0.0,37.2,-999
107010,PACHIZA,1975,02,15,0.0,34.2,-999
107010,PACHIZA,1975,02,16,8.2,31.2,-999
107010,PACHIZA,1975,02,17,53.8,29.1,-999
107010,PACHIZA,1975,02,18,0.0,32.6,-999
107010,PACHIZA,1975,02,19,0.0,32.8,-999
107010,PACHIZA,1975,02,20,37.3,34.2,-999
107010,PACHIZA,1975,02,21,28.6,30.3,-999
107010,PACHIZA,1975,02,22,0.0,32.2,-999
107010,PACHIZA,1975,02,23,18.9,33.0,-999
107010,PACHIZA,1975,02,24,6.1,-999,-999
107010,PACHIZA,1975,02,25,3.6,-999,-999
107010,PACHIZA,1975,02,26,0.0,30.6,-999
107010,PACHIZA,1975,02,27,8.0,31.0,-999
107010,PACHIZA,1975,02,28,0.0,29.4,-999
107010,PACHIZA,1975,03,01,7.2,31.4,-999
107010,PACHIZA,1975,03,02,84.0,29.8,-999
107010,PACHIZA,1975,03,03,5.4,30.6,-999
107010,PACHIZA,1975,03,04,0.0,32.8,-999
107010,PACHIZA,1975,03,05,0.6,33.3,-999
107010,PACHIZA,1975,03,06,0.0,32.5,-999
107010,PACHIZA,1975,03,07,0.0,33.8,-999
107010,PACHIZA,1975,03,08,1.7,33.2,-999
107010,PACHIZA,1975,03,09,1.1,31.6,-999
107010,PACHIZA,1975,03,10,1.8,28.8,-999
107010,PACHIZA,1975,03,11,0.0,32.5,-999
107010,PACHIZA,1975,03,12,7.8,34.2,-999
107010,PACHIZA,1975,03,13,0.0,32.4,-999
107010,PACHIZA,1975,03,14,54.9,-999,-999
107010,PACHIZA,1975,03,15,14.2,-999,-999
107010,PACHIZA,1975,03,16,28.8,29.3,-999
107010,PACHIZA,1975,03,17,4.7,-999,-999
107010,PACHIZA,1975,03,18,0.8,-999,-999
107010,PACHIZA,1975,03,19,2.6,32.2,-999
107010,PACHIZA,1975,03,20,26.1,30.0,-999
107010,PACHIZA,1975,03,21,0.0,31.1,-999
107010,PACHIZA,1975,03,22,0.3,32.3,-999
107010,PACHIZA,1975,03,23,24.2,31.6,-999
107010,PACHIZA,1975,03,24,8.7,28.0,-999
107010,PACHIZA,1975,03,25,0.2,32.5,-999
107010,PACHIZA,1975,03,26,0.0,33.0,-999
107010,PACHIZA,1975,03,27,0.0,33.2,-999
107010,PACHIZA,1975,03,28,0.0,33.4,-999
107010,PACHIZA,1975,03,29,0.0,34.2,-999
107010,PACHIZA,1975,03,30,0.0,31.8,-999
107010,PACHIZA,1975,03,31,1.0,31.2,-999
107010,PACHIZA,1975,04,01,0.0,34.2,-999
107010,PACHIZA,1975,04,02,0.0,29.4,-999
107010,PACHIZA,1975,04,03,0.0,32.5,-999
107010,PACHIZA,1975,04,04,0.0,30.8,-999
107010,PACHIZA,1975,04,05,20.8,34.2,-999
107010,PACHIZA,1975,04,06,3.4,33.6,-999
107010,PACHIZA,1975,04,07,1.7,34.2,-999
107010,PACHIZA,1975,04,08,5.3,31.8,-999
107010,PACHIZA,1975,04,09,0.3,31.6,-999
107010,PACHIZA,1975,04,10,5.0,-999,-999
107010,PACHIZA,1975,04,11,0.0,-999,-999
107010,PACHIZA,1975,04,12,0.0,31.0,-999
107010,PACHIZA,1975,04,13,0.0,33.2,-999
107010,PACHIZA,1975,04,14,0.0,35.0,-999
107010,PACHIZA,1975,04,15,0.0,34.8,-999
107010,PACHIZA,1975,04,16,5.5,33.2,-999
107010,PACHIZA,1975,04,17,0.0,32.2,-999
107010,PACHIZA,1975,04,18,0.0,34.2,-999
107010,PACHIZA,1975,04,19,10.6,32.6,-999
107010,PACHIZA,1975,04,20,1.4,-999,-999
107010,PACHIZA,1975,04,21,35.1,-999,-999
107010,PACHIZA,1975,04,22,0.0,-999,-999
107010,PACHIZA,1975,04,23,0.8,30.6,-999
107010,PACHIZA,1975,04,24,9.3,31.2,-999
107010,PACHIZA,1975,04,25,0.0,30.2,-999
107010,PACHIZA,1975,04,26,0.4,31.0,-999
107010,PACHIZA,1975,04,27,15.5,33.2,-999
107010,PACHIZA,1975,04,28,5.6,32.4,-999
107010,PACHIZA,1975,04,29,0.0,32.0,-999
107010,PACHIZA,1975,04,30,0.5,31.6,-999
107010,PACHIZA,1975,05,01,0.0,31.8,-999
107010,PACHIZA,1975,05,02,26.3,-999,-999
107010,PACHIZA,1975,05,03,1.7,-999,-999
107010,PACHIZA,1975,05,04,0.0,30.0,-999
107010,PACHIZA,1975,05,05,0.0,30.2,-999
107010,PACHIZA,1975,05,06,0.0,32.4,-999
107010,PACHIZA,1975,05,07,0.0,32.2,-999
107010,PACHIZA,1975,05,08,0.0,33.4,-999
107010,PACHIZA,1975,05,09,0.0,31.8,-999
107010,PACHIZA,1975,05,10,2.5,31.8,-999
107010,PACHIZA,1975,05,11,4.3,29.3,-999
107010,PACHIZA,1975,05,12,8.6,31.6,-999
107010,PACHIZA,1975,05,13,6.9,30.1,-999
107010,PACHIZA,1975,05,14,2.7,32.1,-999
107010,PACHIZA,1975,05,15,82.5,-999,-999
107010,PACHIZA,1975,05,16,7.6,-999,-999
107010,PACHIZA,1975,05,17,2.3,29.4,-999
107010,PACHIZA,1975,05,18,0.0,30.0,-999
107010,PACHIZA,1975,05,19,1.0,31.2,-999
107010,PACHIZA,1975,05,20,6.6,32.0,-999
107010,PACHIZA,1975,05,21,2.5,29.3,-999
107010,PACHIZA,1975,05,22,6.9,29.4,-999
107010,PACHIZA,1975,05,23,0.0,30.6,-999
107010,PACHIZA,1975,05,24,0.0,31.6,-999
107010,PACHIZA,1975,05,25,3.0,30.8,-999
107010,PACHIZA,1975,05,26,1.2,30.0,-999
107010,PACHIZA,1975,05,27,0.0,32.2,-999
107010,PACHIZA,1975,05,28,15.2,31.6,-999
107010,PACHIZA,1975,05,29,0.0,32.0,-999
107010,PACHIZA,1975,05,30,0.0,32.2,-999
107010,PACHIZA,1975,05,31,0.0,32.6,-999
107010,PACHIZA,1975,06,01,2.2,-999,-999
107010,PACHIZA,1975,06,02,29.0,-999,-999
107010,PACHIZA,1975,06,03,0.3,30.0,-999
107010,PACHIZA,1975,06,04,15.5,31.2,-999
107010,PACHIZA,1975,06,05,1.5,31.2,-999
107010,PACHIZA,1975,06,06,12.1,-999,-999
107010,PACHIZA,1975,06,07,16.7,-999,-999
107010,PACHIZA,1975,06,08,1.6,30.0,-999
107010,PACHIZA,1975,06,09,0.0,31.2,-999
107010,PACHIZA,1975,06,10,0.4,31.0,-999
107010,PACHIZA,1975,06,11,10.6,31.8,-999
107010,PACHIZA,1975,06,12,5.4,31.8,-999
107010,PACHIZA,1975,06,13,4.3,31.0,-999
107010,PACHIZA,1975,06,14,0.0,31.8,-999
107010,PACHIZA,1975,06,15,0.0,31.0,-999
107010,PACHIZA,1975,06,16,0.0,31.4,-999
107010,PACHIZA,1975,06,17,0.0,30.8,-999
107010,PACHIZA,1975,06,18,0.0,30.8,-999
107010,PACHIZA,1975,06,19,0.0,31.0,-999
107010,PACHIZA,1975,06,20,0.0,30.6,-999
107010,PACHIZA,1975,06,21,2.7,30.4,-999
107010,PACHIZA,1975,06,22,0.0,31.4,-999
107010,PACHIZA,1975,06,23,0.0,31.4,-999
107010,PACHIZA,1975,06,24,5.8,31.8,-999
107010,PACHIZA,1975,06,25,0.0,31.6,-999
107010,PACHIZA,1975,06,26,0.0,32.8,-999
107010,PACHIZA,1975,06,27,0.0,32.0,-999
107010,PACHIZA,1975,06,28,5.6,27.8,-999
107010,PACHIZA,1975,06,29,0.0,29.8,-999
107010,PACHIZA,1975,06,30,1.8,31.2,-999
107010,PACHIZA,1975,07,01,13.7,31.0,-999
107010,PACHIZA,1975,07,02,3.1,27.0,-999
107010,PACHIZA,1975,07,03,4.5,31.6,-999
107010,PACHIZA,1975,07,04,1.1,30.3,-999
107010,PACHIZA,1975,07,05,19.6,32.2,-999
107010,PACHIZA,1975,07,06,46.7,-999,-999
107010,PACHIZA,1975,07,07,1.3,-999,-999
107010,PACHIZA,1975,07,08,0.0,28.2,-999
107010,PACHIZA,1975,07,09,0.0,31.0,-999
107010,PACHIZA,1975,07,10,0.0,31.2,-999
107010,PACHIZA,1975,07,11,0.0,31.2,-999
107010,PACHIZA,1975,07,12,0.0,31.8,-999
107010,PACHIZA,1975,07,13,3.8,28.3,-999
107010,PACHIZA,1975,07,14,23.4,30.0,-999
107010,PACHIZA,1975,07,15,0.0,30.6,-999
107010,PACHIZA,1975,07,16,0.0,32.0,-999
107010,PACHIZA,1975,07,17,42.1,-999,-999
107010,PACHIZA,1975,07,18,0.0,-999,-999
107010,PACHIZA,1975,07,19,0.0,25.6,-999
107010,PACHIZA,1975,07,20,0.0,26.6,-999
107010,PACHIZA,1975,07,21,0.0,28.8,-999
107010,PACHIZA,1975,07,22,0.0,28.8,-999
107010,PACHIZA,1975,07,23,0.0,30.0,-999
107010,PACHIZA,1975,07,24,0.0,30.6,-999
107010,PACHIZA,1975,07,25,0.0,31.2,-999
107010,PACHIZA,1975,07,26,0.0,31.6,-999
107010,PACHIZA,1975,07,27,0.0,32.4,-999
107010,PACHIZA,1975,07,28,0.0,31.2,-999
107010,PACHIZA,1975,07,29,0.0,32.8,-999
107010,PACHIZA,1975,07,30,0.0,32.2,-999
107010,PACHIZA,1975,07,31,0.7,33.2,-999
107010,PACHIZA,1975,08,01,0.0,33.8,-999
107010,PACHIZA,1975,08,02,0.0,34.0,-999
107010,PACHIZA,1975,08,03,0.0,34.4,-999
107010,PACHIZA,1975,08,04,0.0,34.3,-999
107010,PACHIZA,1975,08,05,0.0,32.2,-999
107010,PACHIZA,1975,08,06,0.0,34.2,-999
107010,PACHIZA,1975,08,07,0.0,31.2,-999
107010,PACHIZA,1975,08,08,0.0,32.8,-999
107010,PACHIZA,1975,08,09,0.0,33.6,-999
107010,PACHIZA,1975,08,10,0.0,33.8,-999
107010,PACHIZA,1975,08,11,0.0,-999,-999
107010,PACHIZA,1975,08,12,0.0,-999,-999
107010,PACHIZA,1975,08,13,0.0,-999,-999
107010,PACHIZA,1975,08,14,14.1,32.6,-999
107010,PACHIZA,1975,08,15,15.7,32.6,-999
107010,PACHIZA,1975,08,16,0.8,28.8,-999
107010,PACHIZA,1975,08,17,2.4,30.4,-999
107010,PACHIZA,1975,08,18,0.0,32.8,-999
107010,PACHIZA,1975,08,19,0.0,32.5,-999
107010,PACHIZA,1975,08,20,32.0,-999,-999
107010,PACHIZA,1975,08,21,59.4,27.0,-999
107010,PACHIZA,1975,08,22,0.0,31.2,-999
107010,PACHIZA,1975,08,23,0.0,33.6,-999
107010,PACHIZA,1975,08,24,0.0,32.5,-999
107010,PACHIZA,1975,08,25,0.8,-999,-999
107010,PACHIZA,1975,08,26,25.7,-999,-999
107010,PACHIZA,1975,08,27,2.2,28.2,-999
107010,PACHIZA,1975,08,28,0.0,-999,-999
107010,PACHIZA,1975,08,29,0.0,30.0,-999
107010,PACHIZA,1975,08,30,14.0,30.5,-999
107010,PACHIZA,1975,08,31,0.0,30.8,-999
107010,PACHIZA,1975,09,01,26.9,33.0,-999
107010,PACHIZA,1975,09,02,18.5,30.6,-999
107010,PACHIZA,1975,09,03,0.0,25.6,-999
107010,PACHIZA,1975,09,04,0.0,29.6,-999
107010,PACHIZA,1975,09,05,0.0,31.3,-999
107010,PACHIZA,1975,09,06,0.0,32.6,-999
107010,PACHIZA,1975,09,07,0.0,30.4,-999
107010,PACHIZA,1975,09,08,5.7,26.8,-999
107010,PACHIZA,1975,09,09,0.0,31.3,-999
107010,PACHIZA,1975,09,10,0.0,34.1,-999
107010,PACHIZA,1975,09,11,0.0,34.2,-999
107010,PACHIZA,1975,09,12,1.2,29.2,-999
107010,PACHIZA,1975,09,13,0.5,28.8,-999
107010,PACHIZA,1975,09,14,0.0,31.6,-999
107010,PACHIZA,1975,09,15,5.2,30.0,-999
107010,PACHIZA,1975,09,16,0.0,31.2,-999
107010,PACHIZA,1975,09,17,0.0,32.8,-999
107010,PACHIZA,1975,09,18,4.3,35.0,-999
107010,PACHIZA,1975,09,19,0.0,32.2,-999
107010,PACHIZA,1975,09,20,0.0,33.2,-999
107010,PACHIZA,1975,09,21,0.0,32.3,-999
107010,PACHIZA,1975,09,22,0.0,32.8,-999
107010,PACHIZA,1975,09,23,0.0,34.2,-999
107010,PACHIZA,1975,09,24,0.0,-999,-999
107010,PACHIZA,1975,09,25,2.0,-999,-999
107010,PACHIZA,1975,09,26,0.0,-999,-999
107010,PACHIZA,1975,09,27,3.0,32.6,-999
107010,PACHIZA,1975,09,28,0.0,33.2,-999
107010,PACHIZA,1975,09,29,0.0,33.2,-999
107010,PACHIZA,1975,09,30,0.0,31.2,-999
107010,PACHIZA,1975,10,01,6.1,32.2,-999
107010,PACHIZA,1975,10,02,0.0,34.2,-999
107010,PACHIZA,1975,10,03,0.0,34.1,-999
107010,PACHIZA,1975,10,04,0.0,34.6,-999
107010,PACHIZA,1975,10,05,0.0,34.4,-999
107010,PACHIZA,1975,10,06,14.2,31.3,-999
107010,PACHIZA,1975,10,07,0.0,-999,-999
107010,PACHIZA,1975,10,08,0.0,-999,-999
107010,PACHIZA,1975,10,09,0.0,32.4,-999
107010,PACHIZA,1975,10,10,2.2,32.2,-999
107010,PACHIZA,1975,10,11,0.0,33.6,-999
107010,PACHIZA,1975,10,12,0.0,33.4,-999
107010,PACHIZA,1975,10,13,0.0,34.0,-999
107010,PACHIZA,1975,10,14,0.0,33.6,-999
107010,PACHIZA,1975,10,15,11.4,34.2,-999
107010,PACHIZA,1975,10,16,0.0,31.2,-999
107010,PACHIZA,1975,10,17,0.0,35.3,-999
107010,PACHIZA,1975,10,18,0.0,34.6,-999
107010,PACHIZA,1975,10,19,0.0,35.6,-999
107010,PACHIZA,1975,10,20,40.3,-999,-999
107010,PACHIZA,1975,10,21,12.2,-999,-999
107010,PACHIZA,1975,10,22,6.6,-999,-999
107010,PACHIZA,1975,10,23,0.0,-999,-999
107010,PACHIZA,1975,10,24,0.0,34.6,-999
107010,PACHIZA,1975,10,25,0.0,34.2,-999
107010,PACHIZA,1975,10,26,0.0,34.3,-999
107010,PACHIZA,1975,10,27,0.0,36.0,-999
107010,PACHIZA,1975,10,28,8.8,-999,-999
107010,PACHIZA,1975,10,29,0.0,-999,-999
107010,PACHIZA,1975,10,30,0.0,32.8,-999
107010,PACHIZA,1975,10,31,0.8,33.6,-999
107010,PACHIZA,1975,11,01,0.0,31.4,-999
107010,PACHIZA,1975,11,02,0.0,32.3,-999
107010,PACHIZA,1975,11,03,2.7,33.8,-999
107010,PACHIZA,1975,11,04,35.5,34.3,-999
107010,PACHIZA,1975,11,05,3.9,30.6,-999
107010,PACHIZA,1975,11,06,0.0,34.1,-999
107010,PACHIZA,1975,11,07,0.0,32.5,-999
107010,PACHIZA,1975,11,08,23.0,30.6,-999
107010,PACHIZA,1975,11,09,0.0,31.8,-999
107010,PACHIZA,1975,11,10,0.0,33.3,-999
107010,PACHIZA,1975,11,11,46.6,31.8,-999
107010,PACHIZA,1975,11,12,5.7,27.5,-999
107010,PACHIZA,1975,11,13,4.5,-999,-999
107010,PACHIZA,1975,11,14,17.2,-999,-999
107010,PACHIZA,1975,11,15,0.0,-999,-999
107010,PACHIZA,1975,11,16,0.0,-999,-999
107010,PACHIZA,1975,11,17,0.0,-999,-999
107010,PACHIZA,1975,11,18,2.0,-999,-999
107010,PACHIZA,1975,11,19,9.0,-999,-999
107010,PACHIZA,1975,11,20,0.0,-999,-999
107010,PACHIZA,1975,11,21,1.2,-999,-999
107010,PACHIZA,1975,11,22,0.0,-999,-999
107010,PACHIZA,1975,11,23,0.5,-999,-999
107010,PACHIZA,1975,11,24,2.0,-999,-999
107010,PACHIZA,1975,11,25,0.5,-999,-999
107010,PACHIZA,1975,11,26,15.0,-999,-999
107010,PACHIZA,1975,11,27,0.0,-999,-999
107010,PACHIZA,1975,11,28,0.0,-999,-999
107010,PACHIZA,1975,11,29,0.0,-999,-999
107010,PACHIZA,1975,11,30,0.0,-999,-999
107010,PACHIZA,1975,12,01,0.6,-999,-999
107010,PACHIZA,1975,12,02,0.0,-999,-999
107010,PACHIZA,1975,12,03,0.0,-999,-999
107010,PACHIZA,1975,12,04,0.0,-999,-999
107010,PACHIZA,1975,12,05,0.0,-999,-999
107010,PACHIZA,1975,12,06,0.0,-999,-999
107010,PACHIZA,1975,12,07,0.0,-999,-999
107010,PACHIZA,1975,12,08,11.3,-999,-999
107010,PACHIZA,1975,12,09,0.0,-999,-999
107010,PACHIZA,1975,12,10,0.0,-999,-999
107010,PACHIZA,1975,12,11,0.0,-999,-999
107010,PACHIZA,1975,12,12,0.0,-999,-999
107010,PACHIZA,1975,12,13,0.0,-999,-999
107010,PACHIZA,1975,12,14,0.0,-999,-999
107010,PACHIZA,1975,12,15,0.0,-999,-999
107010,PACHIZA,1975,12,16,18.2,-999,-999
107010,PACHIZA,1975,12,17,30.8,-999,-999
107010,PACHIZA,1975,12,18,0.0,-999,-999
107010,PACHIZA,1975,12,19,0.0,-999,-999
107010,PACHIZA,1975,12,20,6.4,-999,-999
107010,PACHIZA,1975,12,21,1.8,-999,-999
107010,PACHIZA,1975,12,22,4.5,-999,-999
107010,PACHIZA,1975,12,23,0.0,-999,-999
107010,PACHIZA,1975,12,24,51.6,-999,-999
107010,PACHIZA,1975,12,25,0.0,-999,-999
107010,PACHIZA,1975,12,26,0.0,-999,-999
107010,PACHIZA,1975,12,27,0.5,-999,-999
107010,PACHIZA,1975,12,28,0.0,-999,-999
107010,PACHIZA,1975,12,29,35.8,-999,-999
107010,PACHIZA,1975,12,30,0.0,-999,-999
107010,PACHIZA,1975,12,31,9.0,-999,-999
107010,PACHIZA,1976,01,01,0.0,-999,-999
107010,PACHIZA,1976,01,02,0.0,-999,-999
107010,PACHIZA,1976,01,03,13.0,-999,-999
107010,PACHIZA,1976,01,04,74.0,-999,-999
107010,PACHIZA,1976,01,05,0.0,-999,-999
107010,PACHIZA,1976,01,06,0.0,-999,-999
107010,PACHIZA,1976,01,07,0.0,-999,-999
107010,PACHIZA,1976,01,08,0.0,-999,-999
107010,PACHIZA,1976,01,09,0.0,-999,-999
107010,PACHIZA,1976,01,10,0.0,-999,-999
107010,PACHIZA,1976,01,11,0.0,-999,-999
107010,PACHIZA,1976,01,12,0.6,-999,-999
107010,PACHIZA,1976,01,13,0.0,-999,-999
107010,PACHIZA,1976,01,14,0.0,-999,-999
107010,PACHIZA,1976,01,15,0.0,-999,-999
107010,PACHIZA,1976,01,16,16.8,-999,-999
107010,PACHIZA,1976,01,17,6.0,-999,-999
107010,PACHIZA,1976,01,18,8.4,-999,-999
107010,PACHIZA,1976,01,19,2.3,-999,-999
107010,PACHIZA,1976,01,20,0.0,-999,-999
107010,PACHIZA,1976,01,21,0.0,-999,-999
107010,PACHIZA,1976,01,22,19.3,-999,-999
107010,PACHIZA,1976,01,23,7.3,-999,-999
107010,PACHIZA,1976,01,24,4.2,-999,-999
107010,PACHIZA,1976,01,25,0.0,-999,-999
107010,PACHIZA,1976,01,26,2.4,-999,-999
107010,PACHIZA,1976,01,27,4.5,-999,-999
107010,PACHIZA,1976,01,28,13.6,-999,-999
107010,PACHIZA,1976,01,29,0.0,-999,-999
107010,PACHIZA,1976,01,30,36.9,-999,-999
107010,PACHIZA,1976,01,31,9.2,-999,-999
107010,PACHIZA,1976,02,01,38.5,-999,-999
107010,PACHIZA,1976,02,02,0.0,-999,-999
107010,PACHIZA,1976,02,03,0.0,-999,-999
107010,PACHIZA,1976,02,04,0.0,-999,-999
107010,PACHIZA,1976,02,05,0.0,-999,-999
107010,PACHIZA,1976,02,06,0.0,-999,-999
107010,PACHIZA,1976,02,07,8.8,-999,-999
107010,PACHIZA,1976,02,08,1.8,-999,-999
107010,PACHIZA,1976,02,09,0.5,-999,-999
107010,PACHIZA,1976,02,10,0.0,-999,-999
107010,PACHIZA,1976,02,11,0.0,-999,-999
107010,PACHIZA,1976,02,12,0.0,-999,-999
107010,PACHIZA,1976,02,13,0.0,-999,-999
107010,PACHIZA,1976,02,14,3.6,-999,-999
107010,PACHIZA,1976,02,15,0.0,-999,-999
107010,PACHIZA,1976,02,16,0.0,-999,-999
107010,PACHIZA,1976,02,17,0.0,-999,-999
107010,PACHIZA,1976,02,18,0.0,-999,-999
107010,PACHIZA,1976,02,19,0.0,-999,-999
107010,PACHIZA,1976,02,20,0.8,-999,-999
107010,PACHIZA,1976,02,21,0.0,-999,-999
107010,PACHIZA,1976,02,22,0.0,-999,-999
107010,PACHIZA,1976,02,23,0.3,-999,-999
107010,PACHIZA,1976,02,24,0.0,-999,-999
107010,PACHIZA,1976,02,25,0.0,-999,-999
107010,PACHIZA,1976,02,26,0.0,-999,-999
107010,PACHIZA,1976,02,27,0.0,-999,-999
107010,PACHIZA,1976,02,28,0.0,-999,-999
107010,PACHIZA,1976,02,29,0.0,-999,-999
107010,PACHIZA,1976,03,01,0.0,-999,-999
107010,PACHIZA,1976,03,02,0.0,-999,-999
107010,PACHIZA,1976,03,03,3.5,-999,-999
107010,PACHIZA,1976,03,04,0.0,-999,-999
107010,PACHIZA,1976,03,05,17.2,-999,-999
107010,PACHIZA,1976,03,06,9.2,-999,-999
107010,PACHIZA,1976,03,07,24.5,-999,-999
107010,PACHIZA,1976,03,08,0.6,-999,-999
107010,PACHIZA,1976,03,09,0.0,-999,-999
107010,PACHIZA,1976,03,10,2.2,-999,-999
107010,PACHIZA,1976,03,11,0.0,-999,-999
107010,PACHIZA,1976,03,12,0.0,-999,-999
107010,PACHIZA,1976,03,13,6.6,-999,-999
107010,PACHIZA,1976,03,14,38.4,-999,-999
107010,PACHIZA,1976,03,15,0.0,-999,-999
107010,PACHIZA,1976,03,16,2.2,-999,-999
107010,PACHIZA,1976,03,17,0.0,-999,-999
107010,PACHIZA,1976,03,18,30.0,-999,-999
107010,PACHIZA,1976,03,19,0.4,-999,-999
107010,PACHIZA,1976,03,20,6.2,-999,-999
107010,PACHIZA,1976,03,21,0.0,-999,-999
107010,PACHIZA,1976,03,22,4.6,-999,-999
107010,PACHIZA,1976,03,23,65.2,-999,-999
107010,PACHIZA,1976,03,24,1.6,-999,-999
107010,PACHIZA,1976,03,25,27.5,-999,-999
107010,PACHIZA,1976,03,26,37.0,-999,-999
107010,PACHIZA,1976,03,27,13.2,-999,-999
107010,PACHIZA,1976,03,28,0.0,-999,-999
107010,PACHIZA,1976,03,29,0.0,-999,-999
107010,PACHIZA,1976,03,30,0.0,-999,-999
107010,PACHIZA,1976,03,31,0.0,-999,-999
107010,PACHIZA,1976,04,01,0.0,-999,-999
107010,PACHIZA,1976,04,02,0.4,-999,-999
107010,PACHIZA,1976,04,03,12.6,-999,-999
107010,PACHIZA,1976,04,04,0.0,-999,-999
107010,PACHIZA,1976,04,05,15.3,-999,-999
107010,PACHIZA,1976,04,06,20.6,-999,-999
107010,PACHIZA,1976,04,07,0.0,-999,-999
107010,PACHIZA,1976,04,08,0.0,-999,-999
107010,PACHIZA,1976,04,09,2.0,-999,-999
107010,PACHIZA,1976,04,10,0.0,-999,-999
107010,PACHIZA,1976,04,11,2.8,-999,-999
107010,PACHIZA,1976,04,12,1.8,-999,-999
107010,PACHIZA,1976,04,13,71.4,-999,-999
107010,PACHIZA,1976,04,14,20.6,-999,-999
107010,PACHIZA,1976,04,15,0.0,-999,-999
107010,PACHIZA,1976,04,16,2.6,-999,-999
107010,PACHIZA,1976,04,17,0.0,-999,-999
107010,PACHIZA,1976,04,18,0.0,-999,-999
107010,PACHIZA,1976,04,19,0.0,-999,-999
107010,PACHIZA,1976,04,20,0.0,-999,-999
107010,PACHIZA,1976,04,21,6.0,-999,-999
107010,PACHIZA,1976,04,22,16.4,-999,-999
107010,PACHIZA,1976,04,23,1.2,-999,-999
107010,PACHIZA,1976,04,24,8.8,-999,-999
107010,PACHIZA,1976,04,25,0.8,-999,-999
107010,PACHIZA,1976,04,26,0.0,-999,-999
107010,PACHIZA,1976,04,27,0.0,-999,-999
107010,PACHIZA,1976,04,28,0.0,-999,-999
107010,PACHIZA,1976,04,29,0.0,-999,-999
107010,PACHIZA,1976,04,30,1.4,-999,-999
107010,PACHIZA,1976,05,01,13.4,-999,-999
107010,PACHIZA,1976,05,02,2.0,-999,-999
107010,PACHIZA,1976,05,03,0.0,-999,-999
107010,PACHIZA,1976,05,04,5.0,-999,-999
107010,PACHIZA,1976,05,05,1.3,-999,-999
107010,PACHIZA,1976,05,06,3.2,-999,-999
107010,PACHIZA,1976,05,07,0.0,-999,-999
107010,PACHIZA,1976,05,08,0.0,-999,-999
107010,PACHIZA,1976,05,09,33.4,-999,-999
107010,PACHIZA,1976,05,10,0.0,-999,-999
107010,PACHIZA,1976,05,11,23.4,-999,-999
107010,PACHIZA,1976,05,12,0.0,-999,-999
107010,PACHIZA,1976,05,13,0.0,-999,-999
107010,PACHIZA,1976,05,14,0.0,-999,-999
107010,PACHIZA,1976,05,15,0.0,-999,-999
107010,PACHIZA,1976,05,16,0.0,-999,-999
107010,PACHIZA,1976,05,17,9.8,-999,-999
107010,PACHIZA,1976,05,18,24.6,-999,-999
107010,PACHIZA,1976,05,19,0.0,-999,-999
107010,PACHIZA,1976,05,20,0.0,-999,-999
107010,PACHIZA,1976,05,21,0.0,-999,-999
107010,PACHIZA,1976,05,22,1.1,-999,-999
107010,PACHIZA,1976,05,23,23.2,-999,-999
107010,PACHIZA,1976,05,24,0.0,-999,-999
107010,PACHIZA,1976,05,25,0.0,-999,-999
107010,PACHIZA,1976,05,26,0.0,-999,-999
107010,PACHIZA,1976,05,27,0.0,-999,-999
107010,PACHIZA,1976,05,28,0.0,-999,-999
107010,PACHIZA,1976,05,29,0.0,-999,-999
107010,PACHIZA,1976,05,30,31.4,-999,-999
107010,PACHIZA,1976,05,31,17.7,-999,-999
107010,PACHIZA,1976,06,01,0.0,-999,-999
107010,PACHIZA,1976,06,02,0.0,-999,-999
107010,PACHIZA,1976,06,03,0.0,-999,-999
107010,PACHIZA,1976,06,04,1.6,-999,-999
107010,PACHIZA,1976,06,05,0.0,-999,-999
107010,PACHIZA,1976,06,06,0.0,-999,-999
107010,PACHIZA,1976,06,07,4.0,-999,-999
107010,PACHIZA,1976,06,08,2.5,-999,-999
107010,PACHIZA,1976,06,09,25.7,-999,-999
107010,PACHIZA,1976,06,10,1.2,-999,-999
107010,PACHIZA,1976,06,11,0.0,-999,-999
107010,PACHIZA,1976,06,12,0.0,-999,-999
107010,PACHIZA,1976,06,13,0.0,-999,-999
107010,PACHIZA,1976,06,14,0.0,-999,-999
107010,PACHIZA,1976,06,15,0.0,-999,-999
107010,PACHIZA,1976,06,16,0.0,-999,-999
107010,PACHIZA,1976,06,17,0.9,-999,-999
107010,PACHIZA,1976,06,18,4.0,-999,-999
107010,PACHIZA,1976,06,19,2.6,-999,-999
107010,PACHIZA,1976,06,20,0.0,-999,-999
107010,PACHIZA,1976,06,21,1.3,-999,-999
107010,PACHIZA,1976,06,22,0.0,-999,-999
107010,PACHIZA,1976,06,23,0.0,-999,-999
107010,PACHIZA,1976,06,24,0.0,-999,-999
107010,PACHIZA,1976,06,25,0.0,-999,-999
107010,PACHIZA,1976,06,26,0.0,-999,-999
107010,PACHIZA,1976,06,27,0.0,-999,-999
107010,PACHIZA,1976,06,28,0.0,-999,-999
107010,PACHIZA,1976,06,29,0.0,-999,-999
107010,PACHIZA,1976,06,30,13.3,-999,-999
107010,PACHIZA,1976,07,01,0.0,-999,-999
107010,PACHIZA,1976,07,02,0.0,-999,-999
107010,PACHIZA,1976,07,03,0.0,-999,-999
107010,PACHIZA,1976,07,04,0.0,-999,-999
107010,PACHIZA,1976,07,05,0.0,-999,-999
107010,PACHIZA,1976,07,06,0.0,-999,-999
107010,PACHIZA,1976,07,07,0.0,-999,-999
107010,PACHIZA,1976,07,08,0.0,-999,-999
107010,PACHIZA,1976,07,09,0.0,-999,-999
107010,PACHIZA,1976,07,10,19.0,-999,-999
107010,PACHIZA,1976,07,11,0.0,-999,-999
107010,PACHIZA,1976,07,12,0.0,-999,-999
107010,PACHIZA,1976,07,13,0.0,-999,-999
107010,PACHIZA,1976,07,14,0.0,-999,-999
107010,PACHIZA,1976,07,15,0.0,-999,-999
107010,PACHIZA,1976,07,16,0.0,-999,-999
107010,PACHIZA,1976,07,17,1.6,-999,-999
107010,PACHIZA,1976,07,18,2.3,-999,-999
107010,PACHIZA,1976,07,19,0.0,-999,-999
107010,PACHIZA,1976,07,20,0.0,-999,-999
107010,PACHIZA,1976,07,21,0.0,-999,-999
107010,PACHIZA,1976,07,22,0.0,-999,-999
107010,PACHIZA,1976,07,23,0.0,-999,-999
107010,PACHIZA,1976,07,24,0.0,-999,-999
107010,PACHIZA,1976,07,25,1.0,-999,-999
107010,PACHIZA,1976,07,26,0.0,-999,-999
107010,PACHIZA,1976,07,27,0.0,-999,-999
107010,PACHIZA,1976,07,28,0.0,-999,-999
107010,PACHIZA,1976,07,29,0.0,-999,-999
107010,PACHIZA,1976,07,30,0.0,-999,-999
107010,PACHIZA,1976,07,31,0.0,-999,-999
107010,PACHIZA,1976,08,01,0.0,-999,-999
107010,PACHIZA,1976,08,02,19.9,-999,-999
107010,PACHIZA,1976,08,03,1.2,-999,-999
107010,PACHIZA,1976,08,04,0.0,-999,-999
107010,PACHIZA,1976,08,05,0.0,-999,-999
107010,PACHIZA,1976,08,06,0.0,-999,-999
107010,PACHIZA,1976,08,07,0.0,-999,-999
107010,PACHIZA,1976,08,08,0.0,-999,-999
107010,PACHIZA,1976,08,09,0.0,-999,-999
107010,PACHIZA,1976,08,10,0.0,-999,-999
107010,PACHIZA,1976,08,11,0.0,-999,-999
107010,PACHIZA,1976,08,12,0.3,-999,-999
107010,PACHIZA,1976,08,13,0.0,-999,-999
107010,PACHIZA,1976,08,14,0.3,-999,-999
107010,PACHIZA,1976,08,15,17.6,-999,-999
107010,PACHIZA,1976,08,16,0.0,-999,-999
107010,PACHIZA,1976,08,17,0.3,-999,-999
107010,PACHIZA,1976,08,18,0.0,-999,-999
107010,PACHIZA,1976,08,19,9.5,-999,-999
107010,PACHIZA,1976,08,20,5.2,-999,-999
107010,PACHIZA,1976,08,21,21.4,-999,-999
107010,PACHIZA,1976,08,22,0.0,-999,-999
107010,PACHIZA,1976,08,23,0.0,-999,-999
107010,PACHIZA,1976,08,24,0.0,-999,-999
107010,PACHIZA,1976,08,25,0.0,-999,-999
107010,PACHIZA,1976,08,26,0.0,-999,-999
107010,PACHIZA,1976,08,27,25.4,-999,-999
107010,PACHIZA,1976,08,28,18.2,-999,-999
107010,PACHIZA,1976,08,29,23.3,-999,-999
107010,PACHIZA,1976,08,30,0.0,-999,-999
107010,PACHIZA,1976,08,31,0.0,-999,-999
107010,PACHIZA,1976,09,01,0.0,-999,-999
107010,PACHIZA,1976,09,02,0.0,-999,-999
107010,PACHIZA,1976,09,03,0.0,-999,-999
107010,PACHIZA,1976,09,04,0.0,-999,-999
107010,PACHIZA,1976,09,05,0.0,-999,-999
107010,PACHIZA,1976,09,06,0.0,-999,-999
107010,PACHIZA,1976,09,07,4.6,-999,-999
107010,PACHIZA,1976,09,08,9.7,-999,-999
107010,PACHIZA,1976,09,09,2.2,-999,-999
107010,PACHIZA,1976,09,10,1.8,-999,-999
107010,PACHIZA,1976,09,11,1.5,-999,-999
107010,PACHIZA,1976,09,12,0.0,-999,-999
107010,PACHIZA,1976,09,13,0.0,-999,-999
107010,PACHIZA,1976,09,14,0.0,-999,-999
107010,PACHIZA,1976,09,15,0.0,-999,-999
107010,PACHIZA,1976,09,16,0.0,-999,-999
107010,PACHIZA,1976,09,17,1.3,-999,-999
107010,PACHIZA,1976,09,18,2.6,-999,-999
107010,PACHIZA,1976,09,19,10.8,-999,-999
107010,PACHIZA,1976,09,20,9.2,-999,-999
107010,PACHIZA,1976,09,21,0.0,-999,-999
107010,PACHIZA,1976,09,22,10.1,-999,-999
107010,PACHIZA,1976,09,23,1.6,-999,-999
107010,PACHIZA,1976,09,24,0.0,-999,-999
107010,PACHIZA,1976,09,25,0.0,-999,-999
107010,PACHIZA,1976,09,26,11.9,-999,-999
107010,PACHIZA,1976,09,27,0.0,-999,-999
107010,PACHIZA,1976,09,28,0.0,-999,-999
107010,PACHIZA,1976,09,29,0.0,-999,-999
107010,PACHIZA,1976,09,30,0.0,-999,-999
107010,PACHIZA,1976,10,01,20.0,-999,-999
107010,PACHIZA,1976,10,02,0.0,-999,-999
107010,PACHIZA,1976,10,03,0.0,-999,-999
107010,PACHIZA,1976,10,04,25.5,-999,-999
107010,PACHIZA,1976,10,05,0.0,-999,-999
107010,PACHIZA,1976,10,06,2.0,-999,-999
107010,PACHIZA,1976,10,07,0.0,-999,-999
107010,PACHIZA,1976,10,08,0.0,-999,-999
107010,PACHIZA,1976,10,09,32.1,-999,-999
107010,PACHIZA,1976,10,10,11.0,-999,-999
107010,PACHIZA,1976,10,11,1.3,-999,-999
107010,PACHIZA,1976,10,12,0.4,-999,-999
107010,PACHIZA,1976,10,13,0.0,-999,-999
107010,PACHIZA,1976,10,14,24.2,-999,-999
107010,PACHIZA,1976,10,15,0.0,-999,-999
107010,PACHIZA,1976,10,16,0.0,-999,-999
107010,PACHIZA,1976,10,17,19.2,-999,-999
107010,PACHIZA,1976,10,18,0.0,-999,-999
107010,PACHIZA,1976,10,19,0.0,-999,-999
107010,PACHIZA,1976,10,20,57.0,-999,-999
107010,PACHIZA,1976,10,21,0.0,-999,-999
107010,PACHIZA,1976,10,22,0.0,-999,-999
107010,PACHIZA,1976,10,23,0.0,-999,-999
107010,PACHIZA,1976,10,24,0.0,-999,-999
107010,PACHIZA,1976,10,25,0.0,-999,-999
107010,PACHIZA,1976,10,26,11.0,-999,-999
107010,PACHIZA,1976,10,27,19.8,-999,-999
107010,PACHIZA,1976,10,28,4.5,-999,-999
107010,PACHIZA,1976,10,29,2.9,-999,-999
107010,PACHIZA,1976,10,30,0.0,-999,-999
107010,PACHIZA,1976,10,31,0.0,-999,-999
107010,PACHIZA,1976,11,01,0.0,-999,-999
107010,PACHIZA,1976,11,02,0.0,-999,-999
107010,PACHIZA,1976,11,03,0.0,-999,-999
107010,PACHIZA,1976,11,04,6.3,-999,-999
107010,PACHIZA,1976,11,05,1.0,-999,-999
107010,PACHIZA,1976,11,06,0.0,-999,-999
107010,PACHIZA,1976,11,07,65.2,-999,-999
107010,PACHIZA,1976,11,08,44.0,-999,-999
107010,PACHIZA,1976,11,09,0.0,-999,-999
107010,PACHIZA,1976,11,10,0.0,-999,-999
107010,PACHIZA,1976,11,11,0.0,-999,-999
107010,PACHIZA,1976,11,12,0.0,-999,-999
107010,PACHIZA,1976,11,13,1.2,-999,-999
107010,PACHIZA,1976,11,14,0.0,-999,-999
107010,PACHIZA,1976,11,15,5.8,-999,-999
107010,PACHIZA,1976,11,16,0.0,-999,-999
107010,PACHIZA,1976,11,17,0.0,-999,-999
107010,PACHIZA,1976,11,18,0.0,-999,-999
107010,PACHIZA,1976,11,19,0.0,-999,-999
107010,PACHIZA,1976,11,20,2.9,-999,-999
107010,PACHIZA,1976,11,21,0.7,-999,-999
107010,PACHIZA,1976,11,22,18.6,-999,-999
107010,PACHIZA,1976,11,23,0.0,-999,-999
107010,PACHIZA,1976,11,24,0.0,-999,-999
107010,PACHIZA,1976,11,25,0.0,-999,-999
107010,PACHIZA,1976,11,26,0.0,-999,-999
107010,PACHIZA,1976,11,27,0.8,-999,-999
107010,PACHIZA,1976,11,28,0.0,-999,-999
107010,PACHIZA,1976,11,29,0.0,-999,-999
107010,PACHIZA,1976,11,30,0.2,-999,-999
107010,PACHIZA,1976,12,01,0.0,-999,-999
107010,PACHIZA,1976,12,02,2.2,-999,-999
107010,PACHIZA,1976,12,03,0.0,-999,-999
107010,PACHIZA,1976,12,04,0.0,-999,-999
107010,PACHIZA,1976,12,05,0.0,-999,-999
107010,PACHIZA,1976,12,06,0.0,-999,-999
107010,PACHIZA,1976,12,07,0.4,-999,-999
107010,PACHIZA,1976,12,08,31.2,-999,-999
107010,PACHIZA,1976,12,09,98.5,-999,-999
107010,PACHIZA,1976,12,10,0.0,-999,-999
107010,PACHIZA,1976,12,11,0.0,-999,-999
107010,PACHIZA,1976,12,12,0.0,-999,-999
107010,PACHIZA,1976,12,13,5.5,-999,-999
107010,PACHIZA,1976,12,14,0.0,-999,-999
107010,PACHIZA,1976,12,15,16.3,-999,-999
107010,PACHIZA,1976,12,16,20.3,-999,-999
107010,PACHIZA,1976,12,17,9.6,-999,-999
107010,PACHIZA,1976,12,18,0.0,-999,-999
107010,PACHIZA,1976,12,19,0.0,-999,-999
107010,PACHIZA,1976,12,20,0.4,-999,-999
107010,PACHIZA,1976,12,21,9.3,-999,-999
107010,PACHIZA,1976,12,22,0.0,-999,-999
107010,PACHIZA,1976,12,23,0.0,-999,-999
107010,PACHIZA,1976,12,24,0.0,-999,-999
107010,PACHIZA,1976,12,25,0.0,-999,-999
107010,PACHIZA,1976,12,26,0.0,-999,-999
107010,PACHIZA,1976,12,27,1.4,-999,-999
107010,PACHIZA,1976,12,28,0.4,-999,-999
107010,PACHIZA,1976,12,29,19.5,-999,-999
107010,PACHIZA,1976,12,30,0.0,-999,-999
107010,PACHIZA,1976,12,31,0.0,-999,-999
107010,PACHIZA,1977,01,01,0.0,-999,-999
107010,PACHIZA,1977,01,02,0.0,-999,-999
107010,PACHIZA,1977,01,03,0.0,-999,-999
107010,PACHIZA,1977,01,04,0.0,-999,-999
107010,PACHIZA,1977,01,05,0.0,-999,-999
107010,PACHIZA,1977,01,06,0.0,-999,-999
107010,PACHIZA,1977,01,07,0.0,-999,-999
107010,PACHIZA,1977,01,08,0.0,-999,-999
107010,PACHIZA,1977,01,09,0.0,-999,-999
107010,PACHIZA,1977,01,10,0.0,-999,-999
107010,PACHIZA,1977,01,11,0.0,-999,-999
107010,PACHIZA,1977,01,12,0.0,-999,-999
107010,PACHIZA,1977,01,13,0.0,-999,-999
107010,PACHIZA,1977,01,14,0.0,-999,-999
107010,PACHIZA,1977,01,15,1.8,-999,-999
107010,PACHIZA,1977,01,16,5.3,-999,-999
107010,PACHIZA,1977,01,17,0.0,-999,-999
107010,PACHIZA,1977,01,18,0.0,-999,-999
107010,PACHIZA,1977,01,19,0.0,-999,-999
107010,PACHIZA,1977,01,20,0.0,-999,-999
107010,PACHIZA,1977,01,21,0.0,-999,-999
107010,PACHIZA,1977,01,22,0.0,-999,-999
107010,PACHIZA,1977,01,23,0.0,-999,-999
107010,PACHIZA,1977,01,24,0.0,-999,-999
107010,PACHIZA,1977,01,25,13.8,-999,-999
107010,PACHIZA,1977,01,26,0.0,-999,-999
107010,PACHIZA,1977,01,27,0.0,-999,-999
107010,PACHIZA,1977,01,28,0.0,-999,-999
107010,PACHIZA,1977,01,29,0.0,-999,-999
107010,PACHIZA,1977,01,30,1.0,-999,-999
107010,PACHIZA,1977,01,31,18.2,-999,-999
107010,PACHIZA,1977,02,01,0.0,-999,-999
107010,PACHIZA,1977,02,02,0.0,-999,-999
107010,PACHIZA,1977,02,03,0.0,-999,-999
107010,PACHIZA,1977,02,04,0.0,-999,-999
107010,PACHIZA,1977,02,05,2.0,-999,-999
107010,PACHIZA,1977,02,06,0.0,-999,-999
107010,PACHIZA,1977,02,07,0.7,-999,-999
107010,PACHIZA,1977,02,08,0.0,-999,-999
107010,PACHIZA,1977,02,09,2.6,-999,-999
107010,PACHIZA,1977,02,10,36.0,-999,-999
107010,PACHIZA,1977,02,11,27.6,-999,-999
107010,PACHIZA,1977,02,12,0.8,-999,-999
107010,PACHIZA,1977,02,13,3.8,-999,-999
107010,PACHIZA,1977,02,14,6.9,-999,-999
107010,PACHIZA,1977,02,15,23.5,-999,-999
107010,PACHIZA,1977,02,16,16.2,-999,-999
107010,PACHIZA,1977,02,17,23.5,-999,-999
107010,PACHIZA,1977,02,18,34.0,-999,-999
107010,PACHIZA,1977,02,19,13.3,-999,-999
107010,PACHIZA,1977,02,20,0.0,-999,-999
107010,PACHIZA,1977,02,21,0.0,-999,-999
107010,PACHIZA,1977,02,22,0.0,-999,-999
107010,PACHIZA,1977,02,23,0.4,-999,-999
107010,PACHIZA,1977,02,24,2.8,-999,-999
107010,PACHIZA,1977,02,25,0.0,-999,-999
107010,PACHIZA,1977,02,26,10.0,-999,-999
107010,PACHIZA,1977,02,27,12.1,-999,-999
107010,PACHIZA,1977,02,28,0.0,-999,-999
107010,PACHIZA,1977,03,01,0.0,-999,-999
107010,PACHIZA,1977,03,02,0.0,-999,-999
107010,PACHIZA,1977,03,03,0.0,-999,-999
107010,PACHIZA,1977,03,04,0.0,-999,-999
107010,PACHIZA,1977,03,05,0.8,-999,-999
107010,PACHIZA,1977,03,06,0.0,-999,-999
107010,PACHIZA,1977,03,07,0.0,-999,-999
107010,PACHIZA,1977,03,08,4.4,-999,-999
107010,PACHIZA,1977,03,09,87.6,-999,-999
107010,PACHIZA,1977,03,10,6.9,-999,-999
107010,PACHIZA,1977,03,11,11.1,-999,-999
107010,PACHIZA,1977,03,12,0.0,-999,-999
107010,PACHIZA,1977,03,13,0.0,-999,-999
107010,PACHIZA,1977,03,14,4.2,-999,-999
107010,PACHIZA,1977,03,15,0.0,-999,-999
107010,PACHIZA,1977,03,16,7.7,-999,-999
107010,PACHIZA,1977,03,17,14.6,-999,-999
107010,PACHIZA,1977,03,18,0.0,-999,-999
107010,PACHIZA,1977,03,19,0.0,-999,-999
107010,PACHIZA,1977,03,20,0.0,-999,-999
107010,PACHIZA,1977,03,21,0.0,-999,-999
107010,PACHIZA,1977,03,22,0.0,-999,-999
107010,PACHIZA,1977,03,23,0.0,-999,-999
107010,PACHIZA,1977,03,24,24.3,-999,-999
107010,PACHIZA,1977,03,25,0.4,-999,-999
107010,PACHIZA,1977,03,26,19.1,-999,-999
107010,PACHIZA,1977,03,27,0.0,-999,-999
107010,PACHIZA,1977,03,28,0.0,-999,-999
107010,PACHIZA,1977,03,29,5.7,-999,-999
107010,PACHIZA,1977,03,30,0.0,-999,-999
107010,PACHIZA,1977,03,31,0.0,-999,-999
107010,PACHIZA,1977,04,01,7.0,-999,-999
107010,PACHIZA,1977,04,02,3.3,-999,-999
107010,PACHIZA,1977,04,03,1.4,-999,-999
107010,PACHIZA,1977,04,04,0.0,-999,-999
107010,PACHIZA,1977,04,05,3.2,-999,-999
107010,PACHIZA,1977,04,06,3.8,-999,-999
107010,PACHIZA,1977,04,07,0.0,-999,-999
107010,PACHIZA,1977,04,08,0.0,-999,-999
107010,PACHIZA,1977,04,09,0.0,-999,-999
107010,PACHIZA,1977,04,10,5.8,-999,-999
107010,PACHIZA,1977,04,11,20.4,-999,-999
107010,PACHIZA,1977,04,12,0.0,-999,-999
107010,PACHIZA,1977,04,13,0.0,-999,-999
107010,PACHIZA,1977,04,14,1.4,-999,-999
107010,PACHIZA,1977,04,15,0.0,-999,-999
107010,PACHIZA,1977,04,16,0.0,-999,-999
107010,PACHIZA,1977,04,17,0.0,-999,-999
107010,PACHIZA,1977,04,18,0.0,-999,-999
107010,PACHIZA,1977,04,19,0.0,-999,-999
107010,PACHIZA,1977,04,20,5.7,-999,-999
107010,PACHIZA,1977,04,21,7.4,-999,-999
107010,PACHIZA,1977,04,22,32.3,-999,-999
107010,PACHIZA,1977,04,23,0.0,-999,-999
107010,PACHIZA,1977,04,24,22.3,-999,-999
107010,PACHIZA,1977,04,25,23.8,-999,-999
107010,PACHIZA,1977,04,26,0.0,-999,-999
107010,PACHIZA,1977,04,27,0.0,-999,-999
107010,PACHIZA,1977,04,28,0.0,-999,-999
107010,PACHIZA,1977,04,29,0.0,-999,-999
107010,PACHIZA,1977,04,30,6.2,-999,-999
107010,PACHIZA,1977,05,01,16.4,-999,-999
107010,PACHIZA,1977,05,02,12.3,-999,-999
107010,PACHIZA,1977,05,03,0.0,-999,-999
107010,PACHIZA,1977,05,04,0.0,-999,-999
107010,PACHIZA,1977,05,05,0.0,-999,-999
107010,PACHIZA,1977,05,06,0.0,-999,-999
107010,PACHIZA,1977,05,07,0.0,-999,-999
107010,PACHIZA,1977,05,08,0.0,-999,-999
107010,PACHIZA,1977,05,09,24.4,-999,-999
107010,PACHIZA,1977,05,10,7.6,-999,-999
107010,PACHIZA,1977,05,11,1.8,-999,-999
107010,PACHIZA,1977,05,12,20.5,-999,-999
107010,PACHIZA,1977,05,13,0.0,-999,-999
107010,PACHIZA,1977,05,14,11.4,-999,-999
107010,PACHIZA,1977,05,15,0.0,-999,-999
107010,PACHIZA,1977,05,16,7.4,-999,-999
107010,PACHIZA,1977,05,17,12.3,-999,-999
107010,PACHIZA,1977,05,18,0.0,-999,-999
107010,PACHIZA,1977,05,19,1.0,-999,-999
107010,PACHIZA,1977,05,20,0.0,-999,-999
107010,PACHIZA,1977,05,21,0.0,-999,-999
107010,PACHIZA,1977,05,22,0.0,-999,-999
107010,PACHIZA,1977,05,23,0.0,-999,-999
107010,PACHIZA,1977,05,24,0.0,-999,-999
107010,PACHIZA,1977,05,25,0.0,-999,-999
107010,PACHIZA,1977,05,26,46.5,-999,-999
107010,PACHIZA,1977,05,27,22.1,-999,-999
107010,PACHIZA,1977,05,28,0.0,-999,-999
107010,PACHIZA,1977,05,29,0.0,-999,-999
107010,PACHIZA,1977,05,30,0.0,-999,-999
107010,PACHIZA,1977,05,31,0.0,-999,-999
107010,PACHIZA,1977,06,01,9.3,-999,-999
107010,PACHIZA,1977,06,02,0.0,-999,-999
107010,PACHIZA,1977,06,03,0.0,-999,-999
107010,PACHIZA,1977,06,04,3.3,-999,-999
107010,PACHIZA,1977,06,05,2.8,-999,-999
107010,PACHIZA,1977,06,06,0.3,-999,-999
107010,PACHIZA,1977,06,07,2.8,-999,-999
107010,PACHIZA,1977,06,08,0.0,-999,-999
107010,PACHIZA,1977,06,09,0.0,-999,-999
107010,PACHIZA,1977,06,10,8.5,-999,-999
107010,PACHIZA,1977,06,11,82.2,-999,-999
107010,PACHIZA,1977,06,12,0.0,-999,-999
107010,PACHIZA,1977,06,13,0.0,-999,-999
107010,PACHIZA,1977,06,14,0.0,-999,-999
107010,PACHIZA,1977,06,15,0.0,-999,-999
107010,PACHIZA,1977,06,16,0.0,-999,-999
107010,PACHIZA,1977,06,17,0.0,-999,-999
107010,PACHIZA,1977,06,18,0.0,-999,-999
107010,PACHIZA,1977,06,19,0.0,-999,-999
107010,PACHIZA,1977,06,20,0.0,-999,-999
107010,PACHIZA,1977,06,21,0.0,-999,-999
107010,PACHIZA,1977,06,22,0.0,-999,-999
107010,PACHIZA,1977,06,23,0.4,-999,-999
107010,PACHIZA,1977,06,24,45.5,-999,-999
107010,PACHIZA,1977,06,25,12.2,-999,-999
107010,PACHIZA,1977,06,26,0.0,-999,-999
107010,PACHIZA,1977,06,27,0.0,-999,-999
107010,PACHIZA,1977,06,28,0.0,-999,-999
107010,PACHIZA,1977,06,29,20.4,-999,-999
107010,PACHIZA,1977,06,30,0.0,-999,-999
107010,PACHIZA,1977,07,01,0.0,-999,-999
107010,PACHIZA,1977,07,02,0.0,-999,-999
107010,PACHIZA,1977,07,03,13.5,-999,-999
107010,PACHIZA,1977,07,04,0.0,-999,-999
107010,PACHIZA,1977,07,05,0.0,-999,-999
107010,PACHIZA,1977,07,06,0.0,-999,-999
107010,PACHIZA,1977,07,07,0.0,-999,-999
107010,PACHIZA,1977,07,08,1.8,-999,-999
107010,PACHIZA,1977,07,09,0.0,-999,-999
107010,PACHIZA,1977,07,10,0.0,-999,-999
107010,PACHIZA,1977,07,11,0.0,-999,-999
107010,PACHIZA,1977,07,12,0.0,-999,-999
107010,PACHIZA,1977,07,13,0.0,-999,-999
107010,PACHIZA,1977,07,14,0.0,-999,-999
107010,PACHIZA,1977,07,15,6.5,-999,-999
107010,PACHIZA,1977,07,16,43.8,-999,-999
107010,PACHIZA,1977,07,17,10.8,-999,-999
107010,PACHIZA,1977,07,18,0.0,-999,-999
107010,PACHIZA,1977,07,19,0.0,-999,-999
107010,PACHIZA,1977,07,20,0.0,-999,-999
107010,PACHIZA,1977,07,21,0.0,-999,-999
107010,PACHIZA,1977,07,22,0.0,-999,-999
107010,PACHIZA,1977,07,23,0.0,-999,-999
107010,PACHIZA,1977,07,24,0.0,-999,-999
107010,PACHIZA,1977,07,25,0.0,-999,-999
107010,PACHIZA,1977,07,26,0.0,-999,-999
107010,PACHIZA,1977,07,27,0.0,-999,-999
107010,PACHIZA,1977,07,28,1.3,-999,-999
107010,PACHIZA,1977,07,29,1.8,-999,-999
107010,PACHIZA,1977,07,30,0.0,-999,-999
107010,PACHIZA,1977,07,31,0.0,-999,-999
107010,PACHIZA,1977,08,01,0.0,-999,-999
107010,PACHIZA,1977,08,02,2.4,-999,-999
107010,PACHIZA,1977,08,03,0.0,-999,-999
107010,PACHIZA,1977,08,04,0.0,-999,-999
107010,PACHIZA,1977,08,05,0.0,-999,-999
107010,PACHIZA,1977,08,06,0.0,-999,-999
107010,PACHIZA,1977,08,07,0.0,-999,-999
107010,PACHIZA,1977,08,08,0.0,-999,-999
107010,PACHIZA,1977,08,09,5.5,-999,-999
107010,PACHIZA,1977,08,10,16.3,-999,-999
107010,PACHIZA,1977,08,11,0.0,-999,-999
107010,PACHIZA,1977,08,12,0.0,-999,-999
107010,PACHIZA,1977,08,13,0.0,-999,-999
107010,PACHIZA,1977,08,14,3.3,-999,-999
107010,PACHIZA,1977,08,15,63.4,-999,-999
107010,PACHIZA,1977,08,16,1.6,-999,-999
107010,PACHIZA,1977,08,17,1.4,-999,-999
107010,PACHIZA,1977,08,18,7.5,-999,-999
107010,PACHIZA,1977,08,19,0.0,-999,-999
107010,PACHIZA,1977,08,20,0.0,-999,-999
107010,PACHIZA,1977,08,21,0.0,-999,-999
107010,PACHIZA,1977,08,22,0.0,-999,-999
107010,PACHIZA,1977,08,23,0.0,-999,-999
107010,PACHIZA,1977,08,24,0.0,-999,-999
107010,PACHIZA,1977,08,25,0.0,-999,-999
107010,PACHIZA,1977,08,26,0.0,-999,-999
107010,PACHIZA,1977,08,27,0.0,-999,-999
107010,PACHIZA,1977,08,28,0.0,-999,-999
107010,PACHIZA,1977,08,29,0.0,-999,-999
107010,PACHIZA,1977,08,30,0.0,-999,-999
107010,PACHIZA,1977,08,31,6.3,-999,-999
107010,PACHIZA,1977,09,01,3.6,-999,-999
107010,PACHIZA,1977,09,02,7.2,-999,-999
107010,PACHIZA,1977,09,03,5.8,-999,-999
107010,PACHIZA,1977,09,04,0.0,-999,-999
107010,PACHIZA,1977,09,05,0.0,-999,-999
107010,PACHIZA,1977,09,06,0.0,-999,-999
107010,PACHIZA,1977,09,07,0.0,-999,-999
107010,PACHIZA,1977,09,08,0.0,-999,-999
107010,PACHIZA,1977,09,09,0.0,-999,-999
107010,PACHIZA,1977,09,10,0.0,-999,-999
107010,PACHIZA,1977,09,11,0.0,-999,-999
107010,PACHIZA,1977,09,12,24.3,-999,-999
107010,PACHIZA,1977,09,13,0.0,-999,-999
107010,PACHIZA,1977,09,14,0.0,-999,-999
107010,PACHIZA,1977,09,15,0.0,-999,-999
107010,PACHIZA,1977,09,16,0.0,-999,-999
107010,PACHIZA,1977,09,17,16.0,-999,-999
107010,PACHIZA,1977,09,18,18.2,-999,-999
107010,PACHIZA,1977,09,19,0.0,-999,-999
107010,PACHIZA,1977,09,20,1.4,-999,-999
107010,PACHIZA,1977,09,21,0.0,-999,-999
107010,PACHIZA,1977,09,22,0.0,-999,-999
107010,PACHIZA,1977,09,23,0.0,-999,-999
107010,PACHIZA,1977,09,24,34.6,-999,-999
107010,PACHIZA,1977,09,25,6.2,-999,-999
107010,PACHIZA,1977,09,26,0.0,-999,-999
107010,PACHIZA,1977,09,27,0.0,-999,-999
107010,PACHIZA,1977,09,28,23.7,-999,-999
107010,PACHIZA,1977,09,29,0.0,-999,-999
107010,PACHIZA,1977,09,30,17.2,-999,-999
107010,PACHIZA,1977,10,01,0.0,-999,-999
107010,PACHIZA,1977,10,02,0.0,-999,-999
107010,PACHIZA,1977,10,03,0.0,-999,-999
107010,PACHIZA,1977,10,04,16.0,-999,-999
107010,PACHIZA,1977,10,05,1.4,-999,-999
107010,PACHIZA,1977,10,06,0.0,-999,-999
107010,PACHIZA,1977,10,07,0.0,-999,-999
107010,PACHIZA,1977,10,08,5.0,-999,-999
107010,PACHIZA,1977,10,09,84.4,-999,-999
107010,PACHIZA,1977,10,10,6.3,-999,-999
107010,PACHIZA,1977,10,11,1.5,-999,-999
107010,PACHIZA,1977,10,12,48.5,-999,-999
107010,PACHIZA,1977,10,13,0.0,-999,-999
107010,PACHIZA,1977,10,14,2.0,-999,-999
107010,PACHIZA,1977,10,15,0.0,-999,-999
107010,PACHIZA,1977,10,16,0.0,-999,-999
107010,PACHIZA,1977,10,17,8.5,-999,-999
107010,PACHIZA,1977,10,18,0.0,-999,-999
107010,PACHIZA,1977,10,19,0.0,-999,-999
107010,PACHIZA,1977,10,20,1.7,-999,-999
107010,PACHIZA,1977,10,21,35.1,-999,-999
107010,PACHIZA,1977,10,22,0.0,-999,-999
107010,PACHIZA,1977,10,23,0.0,-999,-999
107010,PACHIZA,1977,10,24,0.0,-999,-999
107010,PACHIZA,1977,10,25,1.7,-999,-999
107010,PACHIZA,1977,10,26,0.4,-999,-999
107010,PACHIZA,1977,10,27,0.0,-999,-999
107010,PACHIZA,1977,10,28,5.0,-999,-999
107010,PACHIZA,1977,10,29,12.5,-999,-999
107010,PACHIZA,1977,10,30,10.0,-999,-999
107010,PACHIZA,1977,10,31,0.0,-999,-999
107010,PACHIZA,1977,11,01,0.0,-999,-999
107010,PACHIZA,1977,11,02,2.0,-999,-999
107010,PACHIZA,1977,11,03,7.7,-999,-999
107010,PACHIZA,1977,11,04,0.0,-999,-999
107010,PACHIZA,1977,11,05,7.0,-999,-999
107010,PACHIZA,1977,11,06,0.0,-999,-999
107010,PACHIZA,1977,11,07,0.0,-999,-999
107010,PACHIZA,1977,11,08,2.6,-999,-999
107010,PACHIZA,1977,11,09,8.1,-999,-999
107010,PACHIZA,1977,11,10,7.2,-999,-999
107010,PACHIZA,1977,11,11,5.7,-999,-999
107010,PACHIZA,1977,11,12,27.5,-999,-999
107010,PACHIZA,1977,11,13,46.3,-999,-999
107010,PACHIZA,1977,11,14,18.5,-999,-999
107010,PACHIZA,1977,11,15,8.2,-999,-999
107010,PACHIZA,1977,11,16,44.5,-999,-999
107010,PACHIZA,1977,11,17,0.0,-999,-999
107010,PACHIZA,1977,11,18,0.0,-999,-999
107010,PACHIZA,1977,11,19,0.6,-999,-999
107010,PACHIZA,1977,11,20,9.8,-999,-999
107010,PACHIZA,1977,11,21,0.0,-999,-999
107010,PACHIZA,1977,11,22,36.0,-999,-999
107010,PACHIZA,1977,11,23,44.5,-999,-999
107010,PACHIZA,1977,11,24,4.1,-999,-999
107010,PACHIZA,1977,11,25,1.8,-999,-999
107010,PACHIZA,1977,11,26,0.0,-999,-999
107010,PACHIZA,1977,11,27,0.0,-999,-999
107010,PACHIZA,1977,11,28,0.0,-999,-999
107010,PACHIZA,1977,11,29,0.0,-999,-999
107010,PACHIZA,1977,11,30,0.0,-999,-999
107010,PACHIZA,1977,12,01,0.0,-999,-999
107010,PACHIZA,1977,12,02,0.0,-999,-999
107010,PACHIZA,1977,12,03,0.0,-999,-999
107010,PACHIZA,1977,12,04,0.0,-999,-999
107010,PACHIZA,1977,12,05,0.0,-999,-999
107010,PACHIZA,1977,12,06,15.2,-999,-999
107010,PACHIZA,1977,12,07,0.0,-999,-999
107010,PACHIZA,1977,12,08,12.1,-999,-999
107010,PACHIZA,1977,12,09,0.0,-999,-999
107010,PACHIZA,1977,12,10,0.0,-999,-999
107010,PACHIZA,1977,12,11,0.3,-999,-999
107010,PACHIZA,1977,12,12,0.0,-999,-999
107010,PACHIZA,1977,12,13,0.0,-999,-999
107010,PACHIZA,1977,12,14,0.0,-999,-999
107010,PACHIZA,1977,12,15,0.0,-999,-999
107010,PACHIZA,1977,12,16,0.0,-999,-999
107010,PACHIZA,1977,12,17,0.0,-999,-999
107010,PACHIZA,1977,12,18,7.7,-999,-999
107010,PACHIZA,1977,12,19,6.3,-999,-999
107010,PACHIZA,1977,12,20,0.0,-999,-999
107010,PACHIZA,1977,12,21,0.0,-999,-999
107010,PACHIZA,1977,12,22,8.6,-999,-999
107010,PACHIZA,1977,12,23,0.0,-999,-999
107010,PACHIZA,1977,12,24,0.0,-999,-999
107010,PACHIZA,1977,12,25,0.0,-999,-999
107010,PACHIZA,1977,12,26,0.0,-999,-999
107010,PACHIZA,1977,12,27,0.0,-999,-999
107010,PACHIZA,1977,12,28,20.4,-999,-999
107010,PACHIZA,1977,12,29,21.0,-999,-999
107010,PACHIZA,1977,12,30,17.6,-999,-999
107010,PACHIZA,1977,12,31,0.0,-999,-999
107010,PACHIZA,1978,01,01,0.0,-999,-999
107010,PACHIZA,1978,01,02,0.0,-999,-999
107010,PACHIZA,1978,01,03,0.0,-999,-999
107010,PACHIZA,1978,01,04,4.7,-999,-999
107010,PACHIZA,1978,01,05,1.3,-999,-999
107010,PACHIZA,1978,01,06,0.0,-999,-999
107010,PACHIZA,1978,01,07,0.0,-999,-999
107010,PACHIZA,1978,01,08,0.0,-999,-999
107010,PACHIZA,1978,01,09,20.0,-999,-999
107010,PACHIZA,1978,01,10,6.4,-999,-999
107010,PACHIZA,1978,01,11,1.8,-999,-999
107010,PACHIZA,1978,01,12,0.0,-999,-999
107010,PACHIZA,1978,01,13,0.0,-999,-999
107010,PACHIZA,1978,01,14,0.0,-999,-999
107010,PACHIZA,1978,01,15,0.0,-999,-999
107010,PACHIZA,1978,01,16,12.3,-999,-999
107010,PACHIZA,1978,01,17,5.4,-999,-999
107010,PACHIZA,1978,01,18,0.0,-999,-999
107010,PACHIZA,1978,01,19,3.0,-999,-999
107010,PACHIZA,1978,01,20,0.0,-999,-999
107010,PACHIZA,1978,01,21,17.4,-999,-999
107010,PACHIZA,1978,01,22,5.4,-999,-999
107010,PACHIZA,1978,01,23,0.0,-999,-999
107010,PACHIZA,1978,01,24,10.4,-999,-999
107010,PACHIZA,1978,01,25,12.4,-999,-999
107010,PACHIZA,1978,01,26,0.0,-999,-999
107010,PACHIZA,1978,01,27,4.8,-999,-999
107010,PACHIZA,1978,01,28,20.0,-999,-999
107010,PACHIZA,1978,01,29,3.1,-999,-999
107010,PACHIZA,1978,01,30,2.0,-999,-999
107010,PACHIZA,1978,01,31,0.0,-999,-999
107010,PACHIZA,1978,02,01,17.3,-999,-999
107010,PACHIZA,1978,02,02,0.0,-999,-999
107010,PACHIZA,1978,02,03,0.0,-999,-999
107010,PACHIZA,1978,02,04,0.0,-999,-999
107010,PACHIZA,1978,02,05,0.0,-999,-999
107010,PACHIZA,1978,02,06,0.0,-999,-999
107010,PACHIZA,1978,02,07,8.0,-999,-999
107010,PACHIZA,1978,02,08,0.0,-999,-999
107010,PACHIZA,1978,02,09,0.0,-999,-999
107010,PACHIZA,1978,02,10,0.0,-999,-999
107010,PACHIZA,1978,02,11,19.2,-999,-999
107010,PACHIZA,1978,02,12,0.0,-999,-999
107010,PACHIZA,1978,02,13,0.3,-999,-999
107010,PACHIZA,1978,02,14,0.0,-999,-999
107010,PACHIZA,1978,02,15,19.4,-999,-999
107010,PACHIZA,1978,02,16,0.0,-999,-999
107010,PACHIZA,1978,02,17,18.0,-999,-999
107010,PACHIZA,1978,02,18,0.0,-999,-999
107010,PACHIZA,1978,02,19,3.6,-999,-999
107010,PACHIZA,1978,02,20,0.0,-999,-999
107010,PACHIZA,1978,02,21,0.0,-999,-999
107010,PACHIZA,1978,02,22,0.0,-999,-999
107010,PACHIZA,1978,02,23,0.0,-999,-999
107010,PACHIZA,1978,02,24,0.0,-999,-999
107010,PACHIZA,1978,02,25,1.2,-999,-999
107010,PACHIZA,1978,02,26,0.0,-999,-999
107010,PACHIZA,1978,02,27,0.0,-999,-999
107010,PACHIZA,1978,02,28,76.7,-999,-999
107010,PACHIZA,1978,03,01,55.8,-999,-999
107010,PACHIZA,1978,03,02,0.0,-999,-999
107010,PACHIZA,1978,03,03,13.2,-999,-999
107010,PACHIZA,1978,03,04,4.0,-999,-999
107010,PACHIZA,1978,03,05,0.0,-999,-999
107010,PACHIZA,1978,03,06,0.0,-999,-999
107010,PACHIZA,1978,03,07,29.4,-999,-999
107010,PACHIZA,1978,03,08,1.2,-999,-999
107010,PACHIZA,1978,03,09,6.4,-999,-999
107010,PACHIZA,1978,03,10,0.0,-999,-999
107010,PACHIZA,1978,03,11,0.0,-999,-999
107010,PACHIZA,1978,03,12,1.8,-999,-999
107010,PACHIZA,1978,03,13,0.0,-999,-999
107010,PACHIZA,1978,03,14,0.0,-999,-999
107010,PACHIZA,1978,03,15,0.0,-999,-999
107010,PACHIZA,1978,03,16,0.0,-999,-999
107010,PACHIZA,1978,03,17,1.5,-999,-999
107010,PACHIZA,1978,03,18,0.0,-999,-999
107010,PACHIZA,1978,03,19,74.0,-999,-999
107010,PACHIZA,1978,03,20,66.4,-999,-999
107010,PACHIZA,1978,03,21,96.5,-999,-999
107010,PACHIZA,1978,03,22,0.0,-999,-999
107010,PACHIZA,1978,03,23,0.0,-999,-999
107010,PACHIZA,1978,03,24,0.0,-999,-999
107010,PACHIZA,1978,03,25,0.0,-999,-999
107010,PACHIZA,1978,03,26,5.2,-999,-999
107010,PACHIZA,1978,03,27,0.0,-999,-999
107010,PACHIZA,1978,03,28,4.3,-999,-999
107010,PACHIZA,1978,03,29,3.0,-999,-999
107010,PACHIZA,1978,03,30,0.0,-999,-999
107010,PACHIZA,1978,03,31,0.0,-999,-999
107010,PACHIZA,1978,04,01,64.1,-999,-999
107010,PACHIZA,1978,04,02,2.1,-999,-999
107010,PACHIZA,1978,04,03,0.0,-999,-999
107010,PACHIZA,1978,04,04,0.0,-999,-999
107010,PACHIZA,1978,04,05,39.3,-999,-999
107010,PACHIZA,1978,04,06,12.8,-999,-999
107010,PACHIZA,1978,04,07,1.4,-999,-999
107010,PACHIZA,1978,04,08,0.0,-999,-999
107010,PACHIZA,1978,04,09,0.0,-999,-999
107010,PACHIZA,1978,04,10,5.0,-999,-999
107010,PACHIZA,1978,04,11,0.0,-999,-999
107010,PACHIZA,1978,04,12,0.6,-999,-999
107010,PACHIZA,1978,04,13,0.0,-999,-999
107010,PACHIZA,1978,04,14,10.3,-999,-999
107010,PACHIZA,1978,04,15,3.2,-999,-999
107010,PACHIZA,1978,04,16,1.6,-999,-999
107010,PACHIZA,1978,04,17,19.0,-999,-999
107010,PACHIZA,1978,04,18,0.0,-999,-999
107010,PACHIZA,1978,04,19,0.0,-999,-999
107010,PACHIZA,1978,04,20,5.5,-999,-999
107010,PACHIZA,1978,04,21,5.9,-999,-999
107010,PACHIZA,1978,04,22,11.8,-999,-999
107010,PACHIZA,1978,04,23,4.5,-999,-999
107010,PACHIZA,1978,04,24,17.2,-999,-999
107010,PACHIZA,1978,04,25,1.5,-999,-999
107010,PACHIZA,1978,04,26,6.5,-999,-999
107010,PACHIZA,1978,04,27,1.2,-999,-999
107010,PACHIZA,1978,04,28,0.0,-999,-999
107010,PACHIZA,1978,04,29,74.2,-999,-999
107010,PACHIZA,1978,04,30,66.5,-999,-999
107010,PACHIZA,1978,05,01,0.0,-999,-999
107010,PACHIZA,1978,05,02,0.0,-999,-999
107010,PACHIZA,1978,05,03,0.0,-999,-999
107010,PACHIZA,1978,05,04,0.0,-999,-999
107010,PACHIZA,1978,05,05,5.8,-999,-999
107010,PACHIZA,1978,05,06,17.7,-999,-999
107010,PACHIZA,1978,05,07,12.4,-999,-999
107010,PACHIZA,1978,05,08,0.0,-999,-999
107010,PACHIZA,1978,05,09,0.0,-999,-999
107010,PACHIZA,1978,05,10,0.0,-999,-999
107010,PACHIZA,1978,05,11,3.4,-999,-999
107010,PACHIZA,1978,05,12,6.2,-999,-999
107010,PACHIZA,1978,05,13,1.4,-999,-999
107010,PACHIZA,1978,05,14,0.0,-999,-999
107010,PACHIZA,1978,05,15,0.0,-999,-999
107010,PACHIZA,1978,05,16,12.6,-999,-999
107010,PACHIZA,1978,05,17,32.5,-999,-999
107010,PACHIZA,1978,05,18,0.0,-999,-999
107010,PACHIZA,1978,05,19,1.8,-999,-999
107010,PACHIZA,1978,05,20,0.0,-999,-999
107010,PACHIZA,1978,05,21,0.0,-999,-999
107010,PACHIZA,1978,05,22,0.0,-999,-999
107010,PACHIZA,1978,05,23,15.3,-999,-999
107010,PACHIZA,1978,05,24,0.0,-999,-999
107010,PACHIZA,1978,05,25,14.2,-999,-999
107010,PACHIZA,1978,05,26,14.5,-999,-999
107010,PACHIZA,1978,05,27,8.4,-999,-999
107010,PACHIZA,1978,05,28,24.9,-999,-999
107010,PACHIZA,1978,05,29,0.0,-999,-999
107010,PACHIZA,1978,05,30,0.0,-999,-999
107010,PACHIZA,1978,05,31,9.4,-999,-999
107010,PACHIZA,1978,06,01,0.0,-999,-999
107010,PACHIZA,1978,06,02,0.0,-999,-999
107010,PACHIZA,1978,06,03,0.0,-999,-999
107010,PACHIZA,1978,06,04,0.0,-999,-999
107010,PACHIZA,1978,06,05,0.0,-999,-999
107010,PACHIZA,1978,06,06,0.7,-999,-999
107010,PACHIZA,1978,06,07,0.0,-999,-999
107010,PACHIZA,1978,06,08,0.0,-999,-999
107010,PACHIZA,1978,06,09,0.0,-999,-999
107010,PACHIZA,1978,06,10,0.0,-999,-999
107010,PACHIZA,1978,06,11,0.0,-999,-999
107010,PACHIZA,1978,06,12,0.0,-999,-999
107010,PACHIZA,1978,06,13,0.0,-999,-999
107010,PACHIZA,1978,06,14,0.0,-999,-999
107010,PACHIZA,1978,06,15,0.0,-999,-999
107010,PACHIZA,1978,06,16,0.0,-999,-999
107010,PACHIZA,1978,06,17,0.0,-999,-999
107010,PACHIZA,1978,06,18,0.0,-999,-999
107010,PACHIZA,1978,06,19,0.0,-999,-999
107010,PACHIZA,1978,06,20,1.2,-999,-999
107010,PACHIZA,1978,06,21,0.0,-999,-999
107010,PACHIZA,1978,06,22,0.0,-999,-999
107010,PACHIZA,1978,06,23,0.0,-999,-999
107010,PACHIZA,1978,06,24,4.3,-999,-999
107010,PACHIZA,1978,06,25,0.0,-999,-999
107010,PACHIZA,1978,06,26,0.0,-999,-999
107010,PACHIZA,1978,06,27,0.0,-999,-999
107010,PACHIZA,1978,06,28,0.0,-999,-999
107010,PACHIZA,1978,06,29,0.0,-999,-999
107010,PACHIZA,1978,06,30,0.0,-999,-999
107010,PACHIZA,1978,07,01,1.2,-999,-999
107010,PACHIZA,1978,07,02,0.0,-999,-999
107010,PACHIZA,1978,07,03,0.0,-999,-999
107010,PACHIZA,1978,07,04,21.0,-999,-999
107010,PACHIZA,1978,07,05,3.2,-999,-999
107010,PACHIZA,1978,07,06,0.8,-999,-999
107010,PACHIZA,1978,07,07,2.1,-999,-999
107010,PACHIZA,1978,07,08,0.0,-999,-999
107010,PACHIZA,1978,07,09,0.0,-999,-999
107010,PACHIZA,1978,07,10,0.0,-999,-999
107010,PACHIZA,1978,07,11,0.0,-999,-999
107010,PACHIZA,1978,07,12,32.1,-999,-999
107010,PACHIZA,1978,07,13,0.4,-999,-999
107010,PACHIZA,1978,07,14,0.0,-999,-999
107010,PACHIZA,1978,07,15,0.1,-999,-999
107010,PACHIZA,1978,07,16,0.0,-999,-999
107010,PACHIZA,1978,07,17,0.0,-999,-999
107010,PACHIZA,1978,07,18,0.0,-999,-999
107010,PACHIZA,1978,07,19,0.0,-999,-999
107010,PACHIZA,1978,07,20,0.0,-999,-999
107010,PACHIZA,1978,07,21,0.0,-999,-999
107010,PACHIZA,1978,07,22,0.0,-999,-999
107010,PACHIZA,1978,07,23,0.0,-999,-999
107010,PACHIZA,1978,07,24,7.8,-999,-999
107010,PACHIZA,1978,07,25,0.0,-999,-999
107010,PACHIZA,1978,07,26,5.8,-999,-999
107010,PACHIZA,1978,07,27,0.0,-999,-999
107010,PACHIZA,1978,07,28,0.0,-999,-999
107010,PACHIZA,1978,07,29,0.0,-999,-999
107010,PACHIZA,1978,07,30,0.3,-999,-999
107010,PACHIZA,1978,07,31,6.8,-999,-999
107010,PACHIZA,1978,08,01,0.0,-999,-999
107010,PACHIZA,1978,08,02,0.0,-999,-999
107010,PACHIZA,1978,08,03,0.0,-999,-999
107010,PACHIZA,1978,08,04,0.0,-999,-999
107010,PACHIZA,1978,08,05,1.8,-999,-999
107010,PACHIZA,1978,08,06,0.0,-999,-999
107010,PACHIZA,1978,08,07,0.0,-999,-999
107010,PACHIZA,1978,08,08,0.0,-999,-999
107010,PACHIZA,1978,08,09,0.0,-999,-999
107010,PACHIZA,1978,08,10,0.0,-999,-999
107010,PACHIZA,1978,08,11,0.0,-999,-999
107010,PACHIZA,1978,08,12,-888,-999,-999
107010,PACHIZA,1978,08,13,21.6,-999,-999
107010,PACHIZA,1978,08,14,1.5,-999,-999
107010,PACHIZA,1978,08,15,0.0,-999,-999
107010,PACHIZA,1978,08,16,0.0,-999,-999
107010,PACHIZA,1978,08,17,0.0,-999,-999
107010,PACHIZA,1978,08,18,0.0,-999,-999
107010,PACHIZA,1978,08,19,0.0,-999,-999
107010,PACHIZA,1978,08,20,0.0,-999,-999
107010,PACHIZA,1978,08,21,0.0,-999,-999
107010,PACHIZA,1978,08,22,0.0,-999,-999
107010,PACHIZA,1978,08,23,0.0,-999,-999
107010,PACHIZA,1978,08,24,1.5,-999,-999
107010,PACHIZA,1978,08,25,0.0,-999,-999
107010,PACHIZA,1978,08,26,0.0,-999,-999
107010,PACHIZA,1978,08,27,0.0,-999,-999
107010,PACHIZA,1978,08,28,0.0,-999,-999
107010,PACHIZA,1978,08,29,13.0,-999,-999
107010,PACHIZA,1978,08,30,0.0,-999,-999
107010,PACHIZA,1978,08,31,1.0,-999,-999
107010,PACHIZA,1978,09,01,0.0,-999,-999
107010,PACHIZA,1978,09,02,18.0,-999,-999
107010,PACHIZA,1978,09,03,0.0,-999,-999
107010,PACHIZA,1978,09,04,8.2,-999,-999
107010,PACHIZA,1978,09,05,0.0,-999,-999
107010,PACHIZA,1978,09,06,0.0,-999,-999
107010,PACHIZA,1978,09,07,0.0,-999,-999
107010,PACHIZA,1978,09,08,0.0,-999,-999
107010,PACHIZA,1978,09,09,30.6,-999,-999
107010,PACHIZA,1978,09,10,0.0,-999,-999
107010,PACHIZA,1978,09,11,14.5,-999,-999
107010,PACHIZA,1978,09,12,0.0,-999,-999
107010,PACHIZA,1978,09,13,0.0,-999,-999
107010,PACHIZA,1978,09,14,46.0,-999,-999
107010,PACHIZA,1978,09,15,0.0,-999,-999
107010,PACHIZA,1978,09,16,1.2,-999,-999
107010,PACHIZA,1978,09,17,24.2,-999,-999
107010,PACHIZA,1978,09,18,0.0,-999,-999
107010,PACHIZA,1978,09,19,0.0,-999,-999
107010,PACHIZA,1978,09,20,0.5,-999,-999
107010,PACHIZA,1978,09,21,0.0,-999,-999
107010,PACHIZA,1978,09,22,6.2,-999,-999
107010,PACHIZA,1978,09,23,0.0,-999,-999
107010,PACHIZA,1978,09,24,0.0,-999,-999
107010,PACHIZA,1978,09,25,0.0,-999,-999
107010,PACHIZA,1978,09,26,0.0,-999,-999
107010,PACHIZA,1978,09,27,3.5,-999,-999
107010,PACHIZA,1978,09,28,28.1,-999,-999
107010,PACHIZA,1978,09,29,4.5,-999,-999
107010,PACHIZA,1978,09,30,2.5,-999,-999
107010,PACHIZA,1978,10,01,8.5,-999,-999
107010,PACHIZA,1978,10,02,3.0,-999,-999
107010,PACHIZA,1978,10,03,1.4,-999,-999
107010,PACHIZA,1978,10,04,0.0,-999,-999
107010,PACHIZA,1978,10,05,0.0,-999,-999
107010,PACHIZA,1978,10,06,0.0,-999,-999
107010,PACHIZA,1978,10,07,0.0,-999,-999
107010,PACHIZA,1978,10,08,0.0,-999,-999
107010,PACHIZA,1978,10,09,0.0,-999,-999
107010,PACHIZA,1978,10,10,0.0,-999,-999
107010,PACHIZA,1978,10,11,0.0,-999,-999
107010,PACHIZA,1978,10,12,0.0,-999,-999
107010,PACHIZA,1978,10,13,0.0,-999,-999
107010,PACHIZA,1978,10,14,0.0,-999,-999
107010,PACHIZA,1978,10,15,0.0,-999,-999
107010,PACHIZA,1978,10,16,0.0,-999,-999
107010,PACHIZA,1978,10,17,0.0,-999,-999
107010,PACHIZA,1978,10,18,0.0,-999,-999
107010,PACHIZA,1978,10,19,0.0,-999,-999
107010,PACHIZA,1978,10,20,28.2,-999,-999
107010,PACHIZA,1978,10,21,89.2,-999,-999
107010,PACHIZA,1978,10,22,0.0,-999,-999
107010,PACHIZA,1978,10,23,0.0,-999,-999
107010,PACHIZA,1978,10,24,0.0,-999,-999
107010,PACHIZA,1978,10,25,20.8,-999,-999
107010,PACHIZA,1978,10,26,16.7,-999,-999
107010,PACHIZA,1978,10,27,26.2,-999,-999
107010,PACHIZA,1978,10,28,4.5,-999,-999
107010,PACHIZA,1978,10,29,36.6,-999,-999
107010,PACHIZA,1978,10,30,46.0,-999,-999
107010,PACHIZA,1978,10,31,0.0,-999,-999
107010,PACHIZA,1978,11,01,0.0,-999,-999
107010,PACHIZA,1978,11,02,0.0,-999,-999
107010,PACHIZA,1978,11,03,5.5,-999,-999
107010,PACHIZA,1978,11,04,0.0,-999,-999
107010,PACHIZA,1978,11,05,5.6,-999,-999
107010,PACHIZA,1978,11,06,0.0,-999,-999
107010,PACHIZA,1978,11,07,0.0,-999,-999
107010,PACHIZA,1978,11,08,0.0,-999,-999
107010,PACHIZA,1978,11,09,0.0,-999,-999
107010,PACHIZA,1978,11,10,0.0,-999,-999
107010,PACHIZA,1978,11,11,0.0,-999,-999
107010,PACHIZA,1978,11,12,9.4,-999,-999
107010,PACHIZA,1978,11,13,0.0,-999,-999
107010,PACHIZA,1978,11,14,0.0,-999,-999
107010,PACHIZA,1978,11,15,0.0,-999,-999
107010,PACHIZA,1978,11,16,0.0,-999,-999
107010,PACHIZA,1978,11,17,39.8,-999,-999
107010,PACHIZA,1978,11,18,0.0,-999,-999
107010,PACHIZA,1978,11,19,0.0,-999,-999
107010,PACHIZA,1978,11,20,0.0,-999,-999
107010,PACHIZA,1978,11,21,0.0,-999,-999
107010,PACHIZA,1978,11,22,0.4,-999,-999
107010,PACHIZA,1978,11,23,17.6,-999,-999
107010,PACHIZA,1978,11,24,0.0,-999,-999
107010,PACHIZA,1978,11,25,0.0,-999,-999
107010,PACHIZA,1978,11,26,29.4,-999,-999
107010,PACHIZA,1978,11,27,6.2,-999,-999
107010,PACHIZA,1978,11,28,5.8,-999,-999
107010,PACHIZA,1978,11,29,0.0,-999,-999
107010,PACHIZA,1978,11,30,0.0,-999,-999
107010,PACHIZA,1978,12,01,0.0,-999,-999
107010,PACHIZA,1978,12,02,0.0,-999,-999
107010,PACHIZA,1978,12,03,0.0,-999,-999
107010,PACHIZA,1978,12,04,8.2,-999,-999
107010,PACHIZA,1978,12,05,0.0,-999,-999
107010,PACHIZA,1978,12,06,0.0,-999,-999
107010,PACHIZA,1978,12,07,0.0,-999,-999
107010,PACHIZA,1978,12,08,0.0,-999,-999
107010,PACHIZA,1978,12,09,0.0,-999,-999
107010,PACHIZA,1978,12,10,0.0,-999,-999
107010,PACHIZA,1978,12,11,1.4,-999,-999
107010,PACHIZA,1978,12,12,0.0,-999,-999
107010,PACHIZA,1978,12,13,0.0,-999,-999
107010,PACHIZA,1978,12,14,1.7,-999,-999
107010,PACHIZA,1978,12,15,7.6,-999,-999
107010,PACHIZA,1978,12,16,13.0,-999,-999
107010,PACHIZA,1978,12,17,0.0,-999,-999
107010,PACHIZA,1978,12,18,1.0,-999,-999
107010,PACHIZA,1978,12,19,0.0,-999,-999
107010,PACHIZA,1978,12,20,1.6,-999,-999
107010,PACHIZA,1978,12,21,2.6,-999,-999
107010,PACHIZA,1978,12,22,0.0,-999,-999
107010,PACHIZA,1978,12,23,6.4,-999,-999
107010,PACHIZA,1978,12,24,0.0,-999,-999
107010,PACHIZA,1978,12,25,0.0,-999,-999
107010,PACHIZA,1978,12,26,0.0,-999,-999
107010,PACHIZA,1978,12,27,26.8,-999,-999
107010,PACHIZA,1978,12,28,28.2,-999,-999
107010,PACHIZA,1978,12,29,22.1,-999,-999
107010,PACHIZA,1978,12,30,0.0,-999,-999
107010,PACHIZA,1978,12,31,0.0,-999,-999
107010,PACHIZA,1979,01,01,0.0,-999,-999
107010,PACHIZA,1979,01,02,0.0,-999,-999
107010,PACHIZA,1979,01,03,0.0,-999,-999
107010,PACHIZA,1979,01,04,0.0,-999,-999
107010,PACHIZA,1979,01,05,0.0,-999,-999
107010,PACHIZA,1979,01,06,0.0,-999,-999
107010,PACHIZA,1979,01,07,18.7,-999,-999
107010,PACHIZA,1979,01,08,2.2,-999,-999
107010,PACHIZA,1979,01,09,0.0,-999,-999
107010,PACHIZA,1979,01,10,0.0,-999,-999
107010,PACHIZA,1979,01,11,0.0,-999,-999
107010,PACHIZA,1979,01,12,3.6,-999,-999
107010,PACHIZA,1979,01,13,0.0,-999,-999
107010,PACHIZA,1979,01,14,7.5,-999,-999
107010,PACHIZA,1979,01,15,9.4,-999,-999
107010,PACHIZA,1979,01,16,0.0,-999,-999
107010,PACHIZA,1979,01,17,0.0,-999,-999
107010,PACHIZA,1979,01,18,0.0,-999,-999
107010,PACHIZA,1979,01,19,0.0,-999,-999
107010,PACHIZA,1979,01,20,2.4,-999,-999
107010,PACHIZA,1979,01,21,0.0,-999,-999
107010,PACHIZA,1979,01,22,0.0,-999,-999
107010,PACHIZA,1979,01,23,0.0,-999,-999
107010,PACHIZA,1979,01,24,6.6,-999,-999
107010,PACHIZA,1979,01,25,5.4,-999,-999
107010,PACHIZA,1979,01,26,0.0,-999,-999
107010,PACHIZA,1979,01,27,0.0,-999,-999
107010,PACHIZA,1979,01,28,7.6,-999,-999
107010,PACHIZA,1979,01,29,4.2,-999,-999
107010,PACHIZA,1979,01,30,0.0,-999,-999
107010,PACHIZA,1979,01,31,0.0,-999,-999
107010,PACHIZA,1979,02,01,0.0,-999,-999
107010,PACHIZA,1979,02,02,0.0,-999,-999
107010,PACHIZA,1979,02,03,0.0,-999,-999
107010,PACHIZA,1979,02,04,0.0,-999,-999
107010,PACHIZA,1979,02,05,0.0,-999,-999
107010,PACHIZA,1979,02,06,0.0,-999,-999
107010,PACHIZA,1979,02,07,12.3,-999,-999
107010,PACHIZA,1979,02,08,0.0,-999,-999
107010,PACHIZA,1979,02,09,0.0,-999,-999
107010,PACHIZA,1979,02,10,0.0,-999,-999
107010,PACHIZA,1979,02,11,0.0,-999,-999
107010,PACHIZA,1979,02,12,0.0,-999,-999
107010,PACHIZA,1979,02,13,0.0,-999,-999
107010,PACHIZA,1979,02,14,0.0,-999,-999
107010,PACHIZA,1979,02,15,1.0,-999,-999
107010,PACHIZA,1979,02,16,3.8,-999,-999
107010,PACHIZA,1979,02,17,0.0,-999,-999
107010,PACHIZA,1979,02,18,0.0,-999,-999
107010,PACHIZA,1979,02,19,0.0,-999,-999
107010,PACHIZA,1979,02,20,0.0,-999,-999
107010,PACHIZA,1979,02,21,0.0,-999,-999
107010,PACHIZA,1979,02,22,1.2,-999,-999
107010,PACHIZA,1979,02,23,0.0,-999,-999
107010,PACHIZA,1979,02,24,1.8,-999,-999
107010,PACHIZA,1979,02,25,0.0,-999,-999
107010,PACHIZA,1979,02,26,8.6,-999,-999
107010,PACHIZA,1979,02,27,22.0,-999,-999
107010,PACHIZA,1979,02,28,6.2,-999,-999
107010,PACHIZA,1979,03,01,34.2,-999,-999
107010,PACHIZA,1979,03,02,2.4,-999,-999
107010,PACHIZA,1979,03,03,0.0,-999,-999
107010,PACHIZA,1979,03,04,76.8,-999,-999
107010,PACHIZA,1979,03,05,0.0,-999,-999
107010,PACHIZA,1979,03,06,0.0,-999,-999
107010,PACHIZA,1979,03,07,19.4,-999,-999
107010,PACHIZA,1979,03,08,5.4,-999,-999
107010,PACHIZA,1979,03,09,0.0,-999,-999
107010,PACHIZA,1979,03,10,0.0,-999,-999
107010,PACHIZA,1979,03,11,0.0,-999,-999
107010,PACHIZA,1979,03,12,0.0,-999,-999
107010,PACHIZA,1979,03,13,15.5,-999,-999
107010,PACHIZA,1979,03,14,0.0,-999,-999
107010,PACHIZA,1979,03,15,0.0,-999,-999
107010,PACHIZA,1979,03,16,8.4,-999,-999
107010,PACHIZA,1979,03,17,42.6,-999,-999
107010,PACHIZA,1979,03,18,10.2,-999,-999
107010,PACHIZA,1979,03,19,17.3,-999,-999
107010,PACHIZA,1979,03,20,64.4,-999,-999
107010,PACHIZA,1979,03,21,15.4,-999,-999
107010,PACHIZA,1979,03,22,0.0,-999,-999
107010,PACHIZA,1979,03,23,0.0,-999,-999
107010,PACHIZA,1979,03,24,14.3,-999,-999
107010,PACHIZA,1979,03,25,14.6,-999,-999
107010,PACHIZA,1979,03,26,2.4,-999,-999
107010,PACHIZA,1979,03,27,0.0,-999,-999
107010,PACHIZA,1979,03,28,0.0,-999,-999
107010,PACHIZA,1979,03,29,0.0,-999,-999
107010,PACHIZA,1979,03,30,0.0,-999,-999
107010,PACHIZA,1979,03,31,0.0,-999,-999
107010,PACHIZA,1979,04,01,0.0,-999,-999
107010,PACHIZA,1979,04,02,0.0,-999,-999
107010,PACHIZA,1979,04,03,1.1,-999,-999
107010,PACHIZA,1979,04,04,0.0,-999,-999
107010,PACHIZA,1979,04,05,18.6,-999,-999
107010,PACHIZA,1979,04,06,48.6,-999,-999
107010,PACHIZA,1979,04,07,0.0,-999,-999
107010,PACHIZA,1979,04,08,0.0,-999,-999
107010,PACHIZA,1979,04,09,0.0,-999,-999
107010,PACHIZA,1979,04,10,0.0,-999,-999
107010,PACHIZA,1979,04,11,0.0,-999,-999
107010,PACHIZA,1979,04,12,0.0,-999,-999
107010,PACHIZA,1979,04,13,0.0,-999,-999
107010,PACHIZA,1979,04,14,2.3,-999,-999
107010,PACHIZA,1979,04,15,32.4,-999,-999
107010,PACHIZA,1979,04,16,31.2,-999,-999
107010,PACHIZA,1979,04,17,0.0,-999,-999
107010,PACHIZA,1979,04,18,1.2,-999,-999
107010,PACHIZA,1979,04,19,5.4,-999,-999
107010,PACHIZA,1979,04,20,0.0,-999,-999
107010,PACHIZA,1979,04,21,4.3,-999,-999
107010,PACHIZA,1979,04,22,24.6,-999,-999
107010,PACHIZA,1979,04,23,7.8,-999,-999
107010,PACHIZA,1979,04,24,7.5,-999,-999
107010,PACHIZA,1979,04,25,0.0,-999,-999
107010,PACHIZA,1979,04,26,1.2,-999,-999
107010,PACHIZA,1979,04,27,38.4,-999,-999
107010,PACHIZA,1979,04,28,0.0,-999,-999
107010,PACHIZA,1979,04,29,0.0,-999,-999
107010,PACHIZA,1979,04,30,0.0,-999,-999
107010,PACHIZA,1979,05,01,0.0,-999,-999
107010,PACHIZA,1979,05,02,0.0,-999,-999
107010,PACHIZA,1979,05,03,0.0,-999,-999
107010,PACHIZA,1979,05,04,0.0,-999,-999
107010,PACHIZA,1979,05,05,6.6,-999,-999
107010,PACHIZA,1979,05,06,17.4,-999,-999
107010,PACHIZA,1979,05,07,17.7,-999,-999
107010,PACHIZA,1979,05,08,0.0,-999,-999
107010,PACHIZA,1979,05,09,0.0,-999,-999
107010,PACHIZA,1979,05,10,0.0,-999,-999
107010,PACHIZA,1979,05,11,6.8,-999,-999
107010,PACHIZA,1979,05,12,0.0,-999,-999
107010,PACHIZA,1979,05,13,0.0,-999,-999
107010,PACHIZA,1979,05,14,0.0,-999,-999
107010,PACHIZA,1979,05,15,0.0,-999,-999
107010,PACHIZA,1979,05,16,0.0,-999,-999
107010,PACHIZA,1979,05,17,0.0,-999,-999
107010,PACHIZA,1979,05,18,0.0,-999,-999
107010,PACHIZA,1979,05,19,0.0,-999,-999
107010,PACHIZA,1979,05,20,0.0,-999,-999
107010,PACHIZA,1979,05,21,0.0,-999,-999
107010,PACHIZA,1979,05,22,0.0,-999,-999
107010,PACHIZA,1979,05,23,0.0,-999,-999
107010,PACHIZA,1979,05,24,97.5,-999,-999
107010,PACHIZA,1979,05,25,0.0,-999,-999
107010,PACHIZA,1979,05,26,20.4,-999,-999
107010,PACHIZA,1979,05,27,2.3,-999,-999
107010,PACHIZA,1979,05,28,0.0,-999,-999
107010,PACHIZA,1979,05,29,0.0,-999,-999
107010,PACHIZA,1979,05,30,10.6,-999,-999
107010,PACHIZA,1979,05,31,58.6,-999,-999
107010,PACHIZA,1979,06,01,0.0,-999,-999
107010,PACHIZA,1979,06,02,0.0,-999,-999
107010,PACHIZA,1979,06,03,0.0,-999,-999
107010,PACHIZA,1979,06,04,0.0,-999,-999
107010,PACHIZA,1979,06,05,0.0,-999,-999
107010,PACHIZA,1979,06,06,0.0,-999,-999
107010,PACHIZA,1979,06,07,0.0,-999,-999
107010,PACHIZA,1979,06,08,1.2,-999,-999
107010,PACHIZA,1979,06,09,6.4,-999,-999
107010,PACHIZA,1979,06,10,0.0,-999,-999
107010,PACHIZA,1979,06,11,0.0,-999,-999
107010,PACHIZA,1979,06,12,0.0,-999,-999
107010,PACHIZA,1979,06,13,0.0,-999,-999
107010,PACHIZA,1979,06,14,0.0,-999,-999
107010,PACHIZA,1979,06,15,7.6,-999,-999
107010,PACHIZA,1979,06,16,0.0,-999,-999
107010,PACHIZA,1979,06,17,0.0,-999,-999
107010,PACHIZA,1979,06,18,0.0,-999,-999
107010,PACHIZA,1979,06,19,0.0,-999,-999
107010,PACHIZA,1979,06,20,0.0,-999,-999
107010,PACHIZA,1979,06,21,0.0,-999,-999
107010,PACHIZA,1979,06,22,0.0,-999,-999
107010,PACHIZA,1979,06,23,0.0,-999,-999
107010,PACHIZA,1979,06,24,7.4,-999,-999
107010,PACHIZA,1979,06,25,15.4,-999,-999
107010,PACHIZA,1979,06,26,18.4,-999,-999
107010,PACHIZA,1979,06,27,0.0,-999,-999
107010,PACHIZA,1979,06,28,0.0,-999,-999
107010,PACHIZA,1979,06,29,0.0,-999,-999
107010,PACHIZA,1979,06,30,0.0,-999,-999
107010,PACHIZA,1979,07,01,0.0,-999,-999
107010,PACHIZA,1979,07,02,0.0,-999,-999
107010,PACHIZA,1979,07,03,0.0,-999,-999
107010,PACHIZA,1979,07,04,38.8,-999,-999
107010,PACHIZA,1979,07,05,0.0,-999,-999
107010,PACHIZA,1979,07,06,0.0,-999,-999
107010,PACHIZA,1979,07,07,0.0,-999,-999
107010,PACHIZA,1979,07,08,0.0,-999,-999
107010,PACHIZA,1979,07,09,7.8,-999,-999
107010,PACHIZA,1979,07,10,0.0,-999,-999
107010,PACHIZA,1979,07,11,0.0,-999,-999
107010,PACHIZA,1979,07,12,0.0,-999,-999
107010,PACHIZA,1979,07,13,0.0,-999,-999
107010,PACHIZA,1979,07,14,0.0,-999,-999
107010,PACHIZA,1979,07,15,30.6,-999,-999
107010,PACHIZA,1979,07,16,6.4,-999,-999
107010,PACHIZA,1979,07,17,7.2,-999,-999
107010,PACHIZA,1979,07,18,3.8,-999,-999
107010,PACHIZA,1979,07,19,0.0,-999,-999
107010,PACHIZA,1979,07,20,0.0,-999,-999
107010,PACHIZA,1979,07,21,0.0,-999,-999
107010,PACHIZA,1979,07,22,0.0,-999,-999
107010,PACHIZA,1979,07,23,0.0,-999,-999
107010,PACHIZA,1979,07,24,0.0,-999,-999
107010,PACHIZA,1979,07,25,0.0,-999,-999
107010,PACHIZA,1979,07,26,0.0,-999,-999
107010,PACHIZA,1979,07,27,0.0,-999,-999
107010,PACHIZA,1979,07,28,0.0,-999,-999
107010,PACHIZA,1979,07,29,12.5,-999,-999
107010,PACHIZA,1979,07,30,11.7,-999,-999
107010,PACHIZA,1979,07,31,0.0,-999,-999
107010,PACHIZA,1979,08,01,0.0,-999,-999
107010,PACHIZA,1979,08,02,0.0,-999,-999
107010,PACHIZA,1979,08,03,0.0,-999,-999
107010,PACHIZA,1979,08,04,0.0,-999,-999
107010,PACHIZA,1979,08,05,0.0,-999,-999
107010,PACHIZA,1979,08,06,2.0,-999,-999
107010,PACHIZA,1979,08,07,0.0,-999,-999
107010,PACHIZA,1979,08,08,0.0,-999,-999
107010,PACHIZA,1979,08,09,0.0,-999,-999
107010,PACHIZA,1979,08,10,0.0,-999,-999
107010,PACHIZA,1979,08,11,0.0,-999,-999
107010,PACHIZA,1979,08,12,0.0,-999,-999
107010,PACHIZA,1979,08,13,0.0,-999,-999
107010,PACHIZA,1979,08,14,0.0,-999,-999
107010,PACHIZA,1979,08,15,0.0,-999,-999
107010,PACHIZA,1979,08,16,0.0,-999,-999
107010,PACHIZA,1979,08,17,0.0,-999,-999
107010,PACHIZA,1979,08,18,0.0,-999,-999
107010,PACHIZA,1979,08,19,0.0,-999,-999
107010,PACHIZA,1979,08,20,0.0,-999,-999
107010,PACHIZA,1979,08,21,0.0,-999,-999
107010,PACHIZA,1979,08,22,0.0,-999,-999
107010,PACHIZA,1979,08,23,0.0,-999,-999
107010,PACHIZA,1979,08,24,0.0,-999,-999
107010,PACHIZA,1979,08,25,0.0,-999,-999
107010,PACHIZA,1979,08,26,0.0,-999,-999
107010,PACHIZA,1979,08,27,0.0,-999,-999
107010,PACHIZA,1979,08,28,46.2,-999,-999
107010,PACHIZA,1979,08,29,20.4,-999,-999
107010,PACHIZA,1979,08,30,0.0,-999,-999
107010,PACHIZA,1979,08,31,0.0,-999,-999
107010,PACHIZA,1979,09,01,0.0,-999,-999
107010,PACHIZA,1979,09,02,0.0,-999,-999
107010,PACHIZA,1979,09,03,0.0,-999,-999
107010,PACHIZA,1979,09,04,58.2,-999,-999
107010,PACHIZA,1979,09,05,76.4,-999,-999
107010,PACHIZA,1979,09,06,0.0,-999,-999
107010,PACHIZA,1979,09,07,0.0,-999,-999
107010,PACHIZA,1979,09,08,0.0,-999,-999
107010,PACHIZA,1979,09,09,0.0,-999,-999
107010,PACHIZA,1979,09,10,0.4,-999,-999
107010,PACHIZA,1979,09,11,0.0,-999,-999
107010,PACHIZA,1979,09,12,0.0,-999,-999
107010,PACHIZA,1979,09,13,0.0,-999,-999
107010,PACHIZA,1979,09,14,3.2,-999,-999
107010,PACHIZA,1979,09,15,0.0,-999,-999
107010,PACHIZA,1979,09,16,0.0,-999,-999
107010,PACHIZA,1979,09,17,0.0,-999,-999
107010,PACHIZA,1979,09,18,40.9,-999,-999
107010,PACHIZA,1979,09,19,0.0,-999,-999
107010,PACHIZA,1979,09,20,0.0,-999,-999
107010,PACHIZA,1979,09,21,0.0,-999,-999
107010,PACHIZA,1979,09,22,0.0,-999,-999
107010,PACHIZA,1979,09,23,0.0,-999,-999
107010,PACHIZA,1979,09,24,0.0,-999,-999
107010,PACHIZA,1979,09,25,17.2,-999,-999
107010,PACHIZA,1979,09,26,35.8,-999,-999
107010,PACHIZA,1979,09,27,0.0,-999,-999
107010,PACHIZA,1979,09,28,0.0,-999,-999
107010,PACHIZA,1979,09,29,0.0,-999,-999
107010,PACHIZA,1979,09,30,0.5,-999,-999
107010,PACHIZA,1979,10,01,0.0,-999,-999
107010,PACHIZA,1979,10,02,1.8,-999,-999
107010,PACHIZA,1979,10,03,0.0,-999,-999
107010,PACHIZA,1979,10,04,0.0,-999,-999
107010,PACHIZA,1979,10,05,0.0,-999,-999
107010,PACHIZA,1979,10,06,14.8,-999,-999
107010,PACHIZA,1979,10,07,9.4,-999,-999
107010,PACHIZA,1979,10,08,0.0,-999,-999
107010,PACHIZA,1979,10,09,0.0,-999,-999
107010,PACHIZA,1979,10,10,35.8,-999,-999
107010,PACHIZA,1979,10,11,0.0,-999,-999
107010,PACHIZA,1979,10,12,0.0,-999,-999
107010,PACHIZA,1979,10,13,0.0,-999,-999
107010,PACHIZA,1979,10,14,0.0,-999,-999
107010,PACHIZA,1979,10,15,120.2,-999,-999
107010,PACHIZA,1979,10,16,3.7,-999,-999
107010,PACHIZA,1979,10,17,2.6,-999,-999
107010,PACHIZA,1979,10,18,2.5,-999,-999
107010,PACHIZA,1979,10,19,4.3,-999,-999
107010,PACHIZA,1979,10,20,0.0,-999,-999
107010,PACHIZA,1979,10,21,0.0,-999,-999
107010,PACHIZA,1979,10,22,0.0,-999,-999
107010,PACHIZA,1979,10,23,0.0,-999,-999
107010,PACHIZA,1979,10,24,0.0,-999,-999
107010,PACHIZA,1979,10,25,1.4,-999,-999
107010,PACHIZA,1979,10,26,28.8,-999,-999
107010,PACHIZA,1979,10,27,0.0,-999,-999
107010,PACHIZA,1979,10,28,0.0,-999,-999
107010,PACHIZA,1979,10,29,0.0,-999,-999
107010,PACHIZA,1979,10,30,0.0,-999,-999
107010,PACHIZA,1979,10,31,0.0,-999,-999
107010,PACHIZA,1979,11,01,37.2,-999,-999
107010,PACHIZA,1979,11,02,0.0,-999,-999
107010,PACHIZA,1979,11,03,0.0,-999,-999
107010,PACHIZA,1979,11,04,0.0,-999,-999
107010,PACHIZA,1979,11,05,0.0,-999,-999
107010,PACHIZA,1979,11,06,28.6,-999,-999
107010,PACHIZA,1979,11,07,18.4,-999,-999
107010,PACHIZA,1979,11,08,20.0,-999,-999
107010,PACHIZA,1979,11,09,0.0,-999,-999
107010,PACHIZA,1979,11,10,56.0,-999,-999
107010,PACHIZA,1979,11,11,0.0,-999,-999
107010,PACHIZA,1979,11,12,0.0,-999,-999
107010,PACHIZA,1979,11,13,0.0,-999,-999
107010,PACHIZA,1979,11,14,38.6,-999,-999
107010,PACHIZA,1979,11,15,8.2,-999,-999
107010,PACHIZA,1979,11,16,0.0,-999,-999
107010,PACHIZA,1979,11,17,2.3,-999,-999
107010,PACHIZA,1979,11,18,0.0,-999,-999
107010,PACHIZA,1979,11,19,0.0,-999,-999
107010,PACHIZA,1979,11,20,4.2,-999,-999
107010,PACHIZA,1979,11,21,0.6,-999,-999
107010,PACHIZA,1979,11,22,0.0,-999,-999
107010,PACHIZA,1979,11,23,12.6,-999,-999
107010,PACHIZA,1979,11,24,96.7,-999,-999
107010,PACHIZA,1979,11,25,0.0,-999,-999
107010,PACHIZA,1979,11,26,53.9,-999,-999
107010,PACHIZA,1979,11,27,0.0,-999,-999
107010,PACHIZA,1979,11,28,0.0,-999,-999
107010,PACHIZA,1979,11,29,0.0,-999,-999
107010,PACHIZA,1979,11,30,0.0,-999,-999
107010,PACHIZA,1979,12,01,0.0,-999,-999
107010,PACHIZA,1979,12,02,0.0,-999,-999
107010,PACHIZA,1979,12,03,0.0,-999,-999
107010,PACHIZA,1979,12,04,0.0,-999,-999
107010,PACHIZA,1979,12,05,1.4,-999,-999
107010,PACHIZA,1979,12,06,0.0,-999,-999
107010,PACHIZA,1979,12,07,0.0,-999,-999
107010,PACHIZA,1979,12,08,0.0,-999,-999
107010,PACHIZA,1979,12,09,0.0,-999,-999
107010,PACHIZA,1979,12,10,0.0,-999,-999
107010,PACHIZA,1979,12,11,6.8,-999,-999
107010,PACHIZA,1979,12,12,0.0,-999,-999
107010,PACHIZA,1979,12,13,0.0,-999,-999
107010,PACHIZA,1979,12,14,0.0,-999,-999
107010,PACHIZA,1979,12,15,18.4,-999,-999
107010,PACHIZA,1979,12,16,30.4,-999,-999
107010,PACHIZA,1979,12,17,0.0,-999,-999
107010,PACHIZA,1979,12,18,0.4,-999,-999
107010,PACHIZA,1979,12,19,0.0,-999,-999
107010,PACHIZA,1979,12,20,0.0,-999,-999
107010,PACHIZA,1979,12,21,0.0,-999,-999
107010,PACHIZA,1979,12,22,0.0,-999,-999
107010,PACHIZA,1979,12,23,0.0,-999,-999
107010,PACHIZA,1979,12,24,0.0,-999,-999
107010,PACHIZA,1979,12,25,0.0,-999,-999
107010,PACHIZA,1979,12,26,0.0,-999,-999
107010,PACHIZA,1979,12,27,31.4,-999,-999
107010,PACHIZA,1979,12,28,9.6,-999,-999
107010,PACHIZA,1979,12,29,0.0,-999,-999
107010,PACHIZA,1979,12,30,0.0,-999,-999
107010,PACHIZA,1979,12,31,0.0,-999,-999
107010,PACHIZA,1980,01,01,1.6,-999,-999
107010,PACHIZA,1980,01,02,0.0,-999,-999
107010,PACHIZA,1980,01,03,0.0,-999,-999
107010,PACHIZA,1980,01,04,0.0,-999,-999
107010,PACHIZA,1980,01,05,0.0,-999,-999
107010,PACHIZA,1980,01,06,0.0,-999,-999
107010,PACHIZA,1980,01,07,0.0,-999,-999
107010,PACHIZA,1980,01,08,0.0,-999,-999
107010,PACHIZA,1980,01,09,4.8,-999,-999
107010,PACHIZA,1980,01,10,0.0,-999,-999
107010,PACHIZA,1980,01,11,82.3,-999,-999
107010,PACHIZA,1980,01,12,2.2,-999,-999
107010,PACHIZA,1980,01,13,0.0,-999,-999
107010,PACHIZA,1980,01,14,0.0,-999,-999
107010,PACHIZA,1980,01,15,3.4,-999,-999
107010,PACHIZA,1980,01,16,0.0,-999,-999
107010,PACHIZA,1980,01,17,4.4,-999,-999
107010,PACHIZA,1980,01,18,0.0,-999,-999
107010,PACHIZA,1980,01,19,0.0,-999,-999
107010,PACHIZA,1980,01,20,0.3,-999,-999
107010,PACHIZA,1980,01,21,0.0,-999,-999
107010,PACHIZA,1980,01,22,0.0,-999,-999
107010,PACHIZA,1980,01,23,0.0,-999,-999
107010,PACHIZA,1980,01,24,0.0,-999,-999
107010,PACHIZA,1980,01,25,13.6,-999,-999
107010,PACHIZA,1980,01,26,7.0,-999,-999
107010,PACHIZA,1980,01,27,0.0,-999,-999
107010,PACHIZA,1980,01,28,0.0,-999,-999
107010,PACHIZA,1980,01,29,0.2,-999,-999
107010,PACHIZA,1980,01,30,0.0,-999,-999
107010,PACHIZA,1980,01,31,0.0,-999,-999
107010,PACHIZA,1980,02,01,0.0,-999,-999
107010,PACHIZA,1980,02,02,20.6,-999,-999
107010,PACHIZA,1980,02,03,0.0,-999,-999
107010,PACHIZA,1980,02,04,0.0,-999,-999
107010,PACHIZA,1980,02,05,1.8,-999,-999
107010,PACHIZA,1980,02,06,6.5,-999,-999
107010,PACHIZA,1980,02,07,2.2,-999,-999
107010,PACHIZA,1980,02,08,9.6,-999,-999
107010,PACHIZA,1980,02,09,0.0,-999,-999
107010,PACHIZA,1980,02,10,0.0,-999,-999
107010,PACHIZA,1980,02,11,0.0,-999,-999
107010,PACHIZA,1980,02,12,0.0,-999,-999
107010,PACHIZA,1980,02,13,0.0,-999,-999
107010,PACHIZA,1980,02,14,0.0,-999,-999
107010,PACHIZA,1980,02,15,0.0,-999,-999
107010,PACHIZA,1980,02,16,0.0,-999,-999
107010,PACHIZA,1980,02,17,44.9,-999,-999
107010,PACHIZA,1980,02,18,0.0,-999,-999
107010,PACHIZA,1980,02,19,0.0,-999,-999
107010,PACHIZA,1980,02,20,0.0,-999,-999
107010,PACHIZA,1980,02,21,0.0,-999,-999
107010,PACHIZA,1980,02,22,0.0,-999,-999
107010,PACHIZA,1980,02,23,0.0,-999,-999
107010,PACHIZA,1980,02,24,0.0,-999,-999
107010,PACHIZA,1980,02,25,7.9,-999,-999
107010,PACHIZA,1980,02,26,0.0,-999,-999
107010,PACHIZA,1980,02,27,0.0,-999,-999
107010,PACHIZA,1980,02,28,0.0,-999,-999
107010,PACHIZA,1980,02,29,0.0,-999,-999
107010,PACHIZA,1980,03,01,18.0,-999,-999
107010,PACHIZA,1980,03,02,28.6,-999,-999
107010,PACHIZA,1980,03,03,0.0,-999,-999
107010,PACHIZA,1980,03,04,0.0,-999,-999
107010,PACHIZA,1980,03,05,0.0,-999,-999
107010,PACHIZA,1980,03,06,25.6,-999,-999
107010,PACHIZA,1980,03,07,20.8,-999,-999
107010,PACHIZA,1980,03,08,0.0,-999,-999
107010,PACHIZA,1980,03,09,0.0,-999,-999
107010,PACHIZA,1980,03,10,0.0,-999,-999
107010,PACHIZA,1980,03,11,0.8,-999,-999
107010,PACHIZA,1980,03,12,0.0,-999,-999
107010,PACHIZA,1980,03,13,7.8,-999,-999
107010,PACHIZA,1980,03,14,16.4,-999,-999
107010,PACHIZA,1980,03,15,0.0,-999,-999
107010,PACHIZA,1980,03,16,9.5,-999,-999
107010,PACHIZA,1980,03,17,0.2,-999,-999
107010,PACHIZA,1980,03,18,2.6,-999,-999
107010,PACHIZA,1980,03,19,20.6,-999,-999
107010,PACHIZA,1980,03,20,0.4,-999,-999
107010,PACHIZA,1980,03,21,20.4,-999,-999
107010,PACHIZA,1980,03,22,14.6,-999,-999
107010,PACHIZA,1980,03,23,13.2,-999,-999
107010,PACHIZA,1980,03,24,0.0,-999,-999
107010,PACHIZA,1980,03,25,0.0,-999,-999
107010,PACHIZA,1980,03,26,0.0,-999,-999
107010,PACHIZA,1980,03,27,6.4,-999,-999
107010,PACHIZA,1980,03,28,36.2,-999,-999
107010,PACHIZA,1980,03,29,0.0,-999,-999
107010,PACHIZA,1980,03,30,16.4,-999,-999
107010,PACHIZA,1980,03,31,0.0,-999,-999
107010,PACHIZA,1980,04,01,5.5,-999,-999
107010,PACHIZA,1980,04,02,1.4,-999,-999
107010,PACHIZA,1980,04,03,0.0,-999,-999
107010,PACHIZA,1980,04,04,15.0,-999,-999
107010,PACHIZA,1980,04,05,0.0,-999,-999
107010,PACHIZA,1980,04,06,1.4,-999,-999
107010,PACHIZA,1980,04,07,0.0,-999,-999
107010,PACHIZA,1980,04,08,0.0,-999,-999
107010,PACHIZA,1980,04,09,0.0,-999,-999
107010,PACHIZA,1980,04,10,0.0,-999,-999
107010,PACHIZA,1980,04,11,8.8,-999,-999
107010,PACHIZA,1980,04,12,0.0,-999,-999
107010,PACHIZA,1980,04,13,7.8,-999,-999
107010,PACHIZA,1980,04,14,0.0,-999,-999
107010,PACHIZA,1980,04,15,2.4,-999,-999
107010,PACHIZA,1980,04,16,16.0,-999,-999
107010,PACHIZA,1980,04,17,5.2,-999,-999
107010,PACHIZA,1980,04,18,0.0,-999,-999
107010,PACHIZA,1980,04,19,0.0,-999,-999
107010,PACHIZA,1980,04,20,0.0,-999,-999
107010,PACHIZA,1980,04,21,0.0,-999,-999
107010,PACHIZA,1980,04,22,0.0,-999,-999
107010,PACHIZA,1980,04,23,0.0,-999,-999
107010,PACHIZA,1980,04,24,0.0,-999,-999
107010,PACHIZA,1980,04,25,0.0,-999,-999
107010,PACHIZA,1980,04,26,0.0,-999,-999
107010,PACHIZA,1980,04,27,0.0,-999,-999
107010,PACHIZA,1980,04,28,0.0,-999,-999
107010,PACHIZA,1980,04,29,43.8,-999,-999
107010,PACHIZA,1980,04,30,0.0,-999,-999
107010,PACHIZA,1980,05,01,0.0,-999,-999
107010,PACHIZA,1980,05,02,32.4,-999,-999
107010,PACHIZA,1980,05,03,29.1,-999,-999
107010,PACHIZA,1980,05,04,0.0,-999,-999
107010,PACHIZA,1980,05,05,0.0,-999,-999
107010,PACHIZA,1980,05,06,0.0,-999,-999
107010,PACHIZA,1980,05,07,0.0,-999,-999
107010,PACHIZA,1980,05,08,0.0,-999,-999
107010,PACHIZA,1980,05,09,0.0,-999,-999
107010,PACHIZA,1980,05,10,2.3,-999,-999
107010,PACHIZA,1980,05,11,7.9,-999,-999
107010,PACHIZA,1980,05,12,0.0,-999,-999
107010,PACHIZA,1980,05,13,0.0,-999,-999
107010,PACHIZA,1980,05,14,0.0,-999,-999
107010,PACHIZA,1980,05,15,0.0,-999,-999
107010,PACHIZA,1980,05,16,2.4,-999,-999
107010,PACHIZA,1980,05,17,0.3,-999,-999
107010,PACHIZA,1980,05,18,0.0,-999,-999
107010,PACHIZA,1980,05,19,0.0,-999,-999
107010,PACHIZA,1980,05,20,0.0,-999,-999
107010,PACHIZA,1980,05,21,0.0,-999,-999
107010,PACHIZA,1980,05,22,0.9,-999,-999
107010,PACHIZA,1980,05,23,0.0,-999,-999
107010,PACHIZA,1980,05,24,12.4,-999,-999
107010,PACHIZA,1980,05,25,2.3,-999,-999
107010,PACHIZA,1980,05,26,0.0,-999,-999
107010,PACHIZA,1980,05,27,0.0,-999,-999
107010,PACHIZA,1980,05,28,0.0,-999,-999
107010,PACHIZA,1980,05,29,0.0,-999,-999
107010,PACHIZA,1980,05,30,0.0,-999,-999
107010,PACHIZA,1980,05,31,0.0,-999,-999
107010,PACHIZA,1980,06,01,0.0,-999,-999
107010,PACHIZA,1980,06,02,14.2,-999,-999
107010,PACHIZA,1980,06,03,14.2,-999,-999
107010,PACHIZA,1980,06,04,11.0,-999,-999
107010,PACHIZA,1980,06,05,19.3,-999,-999
107010,PACHIZA,1980,06,06,0.0,-999,-999
107010,PACHIZA,1980,06,07,0.0,-999,-999
107010,PACHIZA,1980,06,08,0.0,-999,-999
107010,PACHIZA,1980,06,09,0.0,-999,-999
107010,PACHIZA,1980,06,10,0.0,-999,-999
107010,PACHIZA,1980,06,11,0.0,-999,-999
107010,PACHIZA,1980,06,12,0.0,-999,-999
107010,PACHIZA,1980,06,13,0.0,-999,-999
107010,PACHIZA,1980,06,14,6.4,-999,-999
107010,PACHIZA,1980,06,15,0.0,-999,-999
107010,PACHIZA,1980,06,16,0.0,-999,-999
107010,PACHIZA,1980,06,17,0.0,-999,-999
107010,PACHIZA,1980,06,18,0.0,-999,-999
107010,PACHIZA,1980,06,19,47.0,32.3,-999
107010,PACHIZA,1980,06,20,9.2,28.0,-999
107010,PACHIZA,1980,06,21,2.1,30.8,-999
107010,PACHIZA,1980,06,22,0.0,30.0,-999
107010,PACHIZA,1980,06,23,0.0,31.0,-999
107010,PACHIZA,1980,06,24,0.0,32.4,-999
107010,PACHIZA,1980,06,25,0.0,31.8,-999
107010,PACHIZA,1980,06,26,0.0,-999,-999
107010,PACHIZA,1980,06,27,6.6,-999,-999
107010,PACHIZA,1980,06,28,0.0,-999,-999
107010,PACHIZA,1980,06,29,0.0,33.0,-999
107010,PACHIZA,1980,06,30,0.0,31.0,-999
107010,PACHIZA,1980,07,01,0.0,32.5,-999
107010,PACHIZA,1980,07,02,8.0,30.5,-999
107010,PACHIZA,1980,07,03,0.2,30.0,-999
107010,PACHIZA,1980,07,04,0.0,-999,-999
107010,PACHIZA,1980,07,05,0.0,-999,-999
107010,PACHIZA,1980,07,06,0.0,-999,-999
107010,PACHIZA,1980,07,07,0.0,28.9,-999
107010,PACHIZA,1980,07,08,0.0,32.5,-999
107010,PACHIZA,1980,07,09,24.6,30.2,-999
107010,PACHIZA,1980,07,10,0.0,28.4,-999
107010,PACHIZA,1980,07,11,0.0,31.2,-999
107010,PACHIZA,1980,07,12,8.4,30.5,-999
107010,PACHIZA,1980,07,13,0.0,28.0,-999
107010,PACHIZA,1980,07,14,0.0,31.0,-999
107010,PACHIZA,1980,07,15,0.0,-999,-999
107010,PACHIZA,1980,07,16,0.0,-999,-999
107010,PACHIZA,1980,07,17,0.0,30.6,-999
107010,PACHIZA,1980,07,18,0.0,32.6,-999
107010,PACHIZA,1980,07,19,0.0,32.0,-999
107010,PACHIZA,1980,07,20,0.0,32.5,-999
107010,PACHIZA,1980,07,21,0.0,30.5,-999
107010,PACHIZA,1980,07,22,0.0,32.2,-999
107010,PACHIZA,1980,07,23,10.4,27.2,-999
107010,PACHIZA,1980,07,24,0.0,30.5,-999
107010,PACHIZA,1980,07,25,0.0,32.4,-999
107010,PACHIZA,1980,07,26,0.0,32.6,-999
107010,PACHIZA,1980,07,27,0.0,33.2,-999
107010,PACHIZA,1980,07,28,0.0,32.5,-999
107010,PACHIZA,1980,07,29,0.0,34.0,-999
107010,PACHIZA,1980,07,30,0.0,34.2,-999
107010,PACHIZA,1980,07,31,24.0,34.5,-999
107010,PACHIZA,1980,08,01,0.0,28.6,-999
107010,PACHIZA,1980,08,02,0.0,29.5,-999
107010,PACHIZA,1980,08,03,0.0,30.8,-999
107010,PACHIZA,1980,08,04,0.0,32.6,-999
107010,PACHIZA,1980,08,05,0.0,34.0,-999
107010,PACHIZA,1980,08,06,0.0,32.4,-999
107010,PACHIZA,1980,08,07,0.0,34.0,-999
107010,PACHIZA,1980,08,08,0.0,32.8,-999
107010,PACHIZA,1980,08,09,56.4,32.0,-999
107010,PACHIZA,1980,08,10,1.2,31.4,-999
107010,PACHIZA,1980,08,11,0.0,32.5,-999
107010,PACHIZA,1980,08,12,0.0,32.8,-999
107010,PACHIZA,1980,08,13,0.0,33.5,-999
107010,PACHIZA,1980,08,14,1.6,-999,-999
107010,PACHIZA,1980,08,15,0.0,-999,-999
107010,PACHIZA,1980,08,16,0.0,32.0,-999
107010,PACHIZA,1980,08,17,0.0,34.0,-999
107010,PACHIZA,1980,08,18,0.0,34.0,-999
107010,PACHIZA,1980,08,19,0.0,34.6,-999
107010,PACHIZA,1980,08,20,0.0,34.8,-999
107010,PACHIZA,1980,08,21,0.0,35.0,-999
107010,PACHIZA,1980,08,22,0.0,35.0,-999
107010,PACHIZA,1980,08,23,7.2,34.5,-999
107010,PACHIZA,1980,08,24,0.0,31.6,-999
107010,PACHIZA,1980,08,25,0.0,33.5,-999
107010,PACHIZA,1980,08,26,0.0,34.0,-999
107010,PACHIZA,1980,08,27,13.2,35.0,-999
107010,PACHIZA,1980,08,28,0.0,-999,-999
107010,PACHIZA,1980,08,29,0.0,30.5,-999
107010,PACHIZA,1980,08,30,0.0,32.4,-999
107010,PACHIZA,1980,08,31,0.0,33.0,-999
107010,PACHIZA,1980,09,01,0.0,34.0,-999
107010,PACHIZA,1980,09,02,0.0,34.5,-999
107010,PACHIZA,1980,09,03,0.0,34.0,-999
107010,PACHIZA,1980,09,04,0.0,33.0,-999
107010,PACHIZA,1980,09,05,22.6,32.0,-999
107010,PACHIZA,1980,09,06,0.0,34.0,-999
107010,PACHIZA,1980,09,07,0.0,35.5,-999
107010,PACHIZA,1980,09,08,0.0,35.0,-999
107010,PACHIZA,1980,09,09,0.0,-999,-999
107010,PACHIZA,1980,09,10,9.8,34.0,-999
107010,PACHIZA,1980,09,11,0.0,32.5,-999
107010,PACHIZA,1980,09,12,0.0,34.5,-999
107010,PACHIZA,1980,09,13,0.0,34.5,-999
107010,PACHIZA,1980,09,14,0.0,35.0,-999
107010,PACHIZA,1980,09,15,0.0,34.0,-999
107010,PACHIZA,1980,09,16,54.2,35.5,-999
107010,PACHIZA,1980,09,17,0.0,32.5,-999
107010,PACHIZA,1980,09,18,0.0,34.5,-999
107010,PACHIZA,1980,09,19,5.8,34.0,-999
107010,PACHIZA,1980,09,20,0.0,35.0,-999
107010,PACHIZA,1980,09,21,0.0,35.5,-999
107010,PACHIZA,1980,09,22,48.8,32.6,-999
107010,PACHIZA,1980,09,23,0.0,34.0,-999
107010,PACHIZA,1980,09,24,0.0,31.8,-999
107010,PACHIZA,1980,09,25,0.0,35.0,-999
107010,PACHIZA,1980,09,26,0.0,36.8,-999
107010,PACHIZA,1980,09,27,0.0,35.5,-999
107010,PACHIZA,1980,09,28,0.0,36.5,-999
107010,PACHIZA,1980,09,29,0.0,34.5,-999
107010,PACHIZA,1980,09,30,28.6,32.0,-999
107010,PACHIZA,1980,10,01,0.0,35.0,-999
107010,PACHIZA,1980,10,02,0.0,34.5,-999
107010,PACHIZA,1980,10,03,0.0,34.5,-999
107010,PACHIZA,1980,10,04,40.4,35.0,-999
107010,PACHIZA,1980,10,05,58.2,30.0,-999
107010,PACHIZA,1980,10,06,31.6,-999,-999
107010,PACHIZA,1980,10,07,0.0,-999,-999
107010,PACHIZA,1980,10,08,0.0,35.5,-999
107010,PACHIZA,1980,10,09,18.5,33.0,-999
107010,PACHIZA,1980,10,10,0.0,34.0,-999
107010,PACHIZA,1980,10,11,0.0,34.6,-999
107010,PACHIZA,1980,10,12,0.0,35.0,-999
107010,PACHIZA,1980,10,13,32.4,32.0,-999
107010,PACHIZA,1980,10,14,58.2,30.5,-999
107010,PACHIZA,1980,10,15,0.0,34.5,-999
107010,PACHIZA,1980,10,16,9.6,34.0,-999
107010,PACHIZA,1980,10,17,0.0,35.0,-999
107010,PACHIZA,1980,10,18,2.8,34.5,-999
107010,PACHIZA,1980,10,19,32.7,33.0,-999
107010,PACHIZA,1980,10,20,32.5,30.5,-999
107010,PACHIZA,1980,10,21,0.0,33.0,-999
107010,PACHIZA,1980,10,22,0.0,33.5,-999
107010,PACHIZA,1980,10,23,0.0,34.5,-999
107010,PACHIZA,1980,10,24,19.0,30.5,-999
107010,PACHIZA,1980,10,25,0.0,31.0,-999
107010,PACHIZA,1980,10,26,0.0,31.8,-999
107010,PACHIZA,1980,10,27,0.0,34.5,-999
107010,PACHIZA,1980,10,28,0.0,35.0,-999
107010,PACHIZA,1980,10,29,6.7,35.8,-999
107010,PACHIZA,1980,10,30,0.0,33.0,-999
107010,PACHIZA,1980,10,31,4.8,34.0,-999
107010,PACHIZA,1980,11,01,10.6,33.5,-999
107010,PACHIZA,1980,11,02,30.2,32.5,-999
107010,PACHIZA,1980,11,03,0.0,33.5,-999
107010,PACHIZA,1980,11,04,0.0,35.5,-999
107010,PACHIZA,1980,11,05,0.0,35.0,-999
107010,PACHIZA,1980,11,06,0.0,35.5,-999
107010,PACHIZA,1980,11,07,0.0,34.0,-999
107010,PACHIZA,1980,11,08,0.0,35.0,-999
107010,PACHIZA,1980,11,09,10.0,34.0,-999
107010,PACHIZA,1980,11,10,0.0,34.5,-999
107010,PACHIZA,1980,11,11,21.4,35.5,-999
107010,PACHIZA,1980,11,12,0.0,33.0,-999
107010,PACHIZA,1980,11,13,0.0,32.5,-999
107010,PACHIZA,1980,11,14,0.0,34.5,-999
107010,PACHIZA,1980,11,15,0.0,35.5,-999
107010,PACHIZA,1980,11,16,0.0,35.5,-999
107010,PACHIZA,1980,11,17,26.2,34.0,-999
107010,PACHIZA,1980,11,18,0.0,32.5,-999
107010,PACHIZA,1980,11,19,0.0,35.0,-999
107010,PACHIZA,1980,11,20,0.0,34.0,-999
107010,PACHIZA,1980,11,21,0.0,34.0,-999
107010,PACHIZA,1980,11,22,0.0,35.0,-999
107010,PACHIZA,1980,11,23,0.0,35.5,-999
107010,PACHIZA,1980,11,24,35.2,36.0,-999
107010,PACHIZA,1980,11,25,3.0,32.5,-999
107010,PACHIZA,1980,11,26,137.4,31.5,-999
107010,PACHIZA,1980,11,27,0.0,31.5,-999
107010,PACHIZA,1980,11,28,0.0,34.0,-999
107010,PACHIZA,1980,11,29,0.0,35.0,-999
107010,PACHIZA,1980,11,30,9.3,35.0,-999
107010,PACHIZA,1980,12,01,17.0,31.5,-999
107010,PACHIZA,1980,12,02,0.0,35.5,-999
107010,PACHIZA,1980,12,03,0.0,36.0,-999
107010,PACHIZA,1980,12,04,30.2,34.0,-999
107010,PACHIZA,1980,12,05,28.6,30.5,-999
107010,PACHIZA,1980,12,06,35.2,34.5,-999
107010,PACHIZA,1980,12,07,22.2,31.5,-999
107010,PACHIZA,1980,12,08,22.0,35.0,-999
107010,PACHIZA,1980,12,09,2.8,31.5,-999
107010,PACHIZA,1980,12,10,39.0,30.0,-999
107010,PACHIZA,1980,12,11,0.0,32.0,-999
107010,PACHIZA,1980,12,12,2.4,35.0,-999
107010,PACHIZA,1980,12,13,0.0,-999,-999
107010,PACHIZA,1980,12,14,20.2,-999,-999
107010,PACHIZA,1980,12,15,0.0,30.5,-999
107010,PACHIZA,1980,12,16,0.0,33.5,-999
107010,PACHIZA,1980,12,17,0.0,35.5,-999
107010,PACHIZA,1980,12,18,0.0,32.8,-999
107010,PACHIZA,1980,12,19,0.0,36.0,-999
107010,PACHIZA,1980,12,20,0.0,36.5,-999
107010,PACHIZA,1980,12,21,18.4,-999,-999
107010,PACHIZA,1980,12,22,30.0,-999,-999
107010,PACHIZA,1980,12,23,19.6,34.0,-999
107010,PACHIZA,1980,12,24,0.0,32.5,-999
107010,PACHIZA,1980,12,25,0.0,34.0,-999
107010,PACHIZA,1980,12,26,0.0,34.0,-999
107010,PACHIZA,1980,12,27,42.8,34.6,-999
107010,PACHIZA,1980,12,28,0.0,35.5,-999
107010,PACHIZA,1980,12,29,0.0,32.5,-999
107010,PACHIZA,1980,12,30,12.4,32.0,-999
107010,PACHIZA,1980,12,31,0.0,33.5,-999
107010,PACHIZA,1981,01,01,0.0,35.0,-999
107010,PACHIZA,1981,01,02,0.0,32.8,-999
107010,PACHIZA,1981,01,03,0.0,33.0,-999
107010,PACHIZA,1981,01,04,0.0,35.0,-999
107010,PACHIZA,1981,01,05,0.0,33.5,-999
107010,PACHIZA,1981,01,06,0.0,35.5,-999
107010,PACHIZA,1981,01,07,0.0,34.0,-999
107010,PACHIZA,1981,01,08,14.6,30.0,-999
107010,PACHIZA,1981,01,09,10.2,34.2,-999
107010,PACHIZA,1981,01,10,0.2,32.5,-999
107010,PACHIZA,1981,01,11,0.0,34.0,-999
107010,PACHIZA,1981,01,12,0.0,34.0,-999
107010,PACHIZA,1981,01,13,5.6,33.0,-999
107010,PACHIZA,1981,01,14,0.0,32.0,-999
107010,PACHIZA,1981,01,15,0.0,34.5,-999
107010,PACHIZA,1981,01,16,0.0,35.0,-999
107010,PACHIZA,1981,01,17,0.0,34.5,-999
107010,PACHIZA,1981,01,18,0.0,34.0,-999
107010,PACHIZA,1981,01,19,0.0,34.5,-999
107010,PACHIZA,1981,01,20,0.3,32.0,-999
107010,PACHIZA,1981,01,21,0.0,35.5,-999
107010,PACHIZA,1981,01,22,0.0,35.4,-999
107010,PACHIZA,1981,01,23,0.0,34.0,-999
107010,PACHIZA,1981,01,24,0.0,35.0,-999
107010,PACHIZA,1981,01,25,0.0,33.0,-999
107010,PACHIZA,1981,01,26,18.4,31.0,-999
107010,PACHIZA,1981,01,27,0.0,31.2,-999
107010,PACHIZA,1981,01,28,0.0,34.0,-999
107010,PACHIZA,1981,01,29,20.4,35.0,-999
107010,PACHIZA,1981,01,30,21.2,30.0,-999
107010,PACHIZA,1981,01,31,5.4,31.5,-999
107010,PACHIZA,1981,02,01,2.0,31.0,-999
107010,PACHIZA,1981,02,02,0.0,35.0,-999
107010,PACHIZA,1981,02,03,0.0,34.0,-999
107010,PACHIZA,1981,02,04,0.0,32.5,-999
107010,PACHIZA,1981,02,05,0.0,32.0,-999
107010,PACHIZA,1981,02,06,5.0,31.5,-999
107010,PACHIZA,1981,02,07,0.0,32.5,-999
107010,PACHIZA,1981,02,08,0.3,32.0,-999
107010,PACHIZA,1981,02,09,0.0,32.8,-999
107010,PACHIZA,1981,02,10,0.0,34.5,-999
107010,PACHIZA,1981,02,11,0.0,35.0,-999
107010,PACHIZA,1981,02,12,1.2,33.8,-999
107010,PACHIZA,1981,02,13,0.0,33.0,-999
107010,PACHIZA,1981,02,14,0.0,34.0,-999
107010,PACHIZA,1981,02,15,0.0,35.0,-999
107010,PACHIZA,1981,02,16,52.0,32.5,-999
107010,PACHIZA,1981,02,17,0.2,34.0,-999
107010,PACHIZA,1981,02,18,22.4,31.0,-999
107010,PACHIZA,1981,02,19,50.8,33.0,-999
107010,PACHIZA,1981,02,20,10.0,32.0,-999
107010,PACHIZA,1981,02,21,38.2,32.5,-999
107010,PACHIZA,1981,02,22,30.0,34.0,-999
107010,PACHIZA,1981,02,23,40.2,32.5,-999
107010,PACHIZA,1981,02,24,84.4,33.0,-999
107010,PACHIZA,1981,02,25,45.2,28.4,-999
107010,PACHIZA,1981,02,26,0.0,30.5,-999
107010,PACHIZA,1981,02,27,52.0,31.0,-999
107010,PACHIZA,1981,02,28,0.0,32.4,-999
107010,PACHIZA,1981,03,01,24.0,33.0,-999
107010,PACHIZA,1981,03,02,0.0,34.0,-999
107010,PACHIZA,1981,03,03,0.0,34.5,-999
107010,PACHIZA,1981,03,04,0.0,35.0,-999
107010,PACHIZA,1981,03,05,3.4,34.0,-999
107010,PACHIZA,1981,03,06,0.8,34.2,-999
107010,PACHIZA,1981,03,07,28.2,33.0,-999
107010,PACHIZA,1981,03,08,12.6,34.0,-999
107010,PACHIZA,1981,03,09,20.8,35.0,-999
107010,PACHIZA,1981,03,10,0.0,34.0,-999
107010,PACHIZA,1981,03,11,0.0,35.5,-999
107010,PACHIZA,1981,03,12,0.0,35.0,-999
107010,PACHIZA,1981,03,13,0.0,35.0,-999
107010,PACHIZA,1981,03,14,0.0,35.5,-999
107010,PACHIZA,1981,03,15,0.0,34.0,-999
107010,PACHIZA,1981,03,16,0.0,35.5,-999
107010,PACHIZA,1981,03,17,35.0,34.0,-999
107010,PACHIZA,1981,03,18,0.0,33.0,-999
107010,PACHIZA,1981,03,19,0.0,35.0,-999
107010,PACHIZA,1981,03,20,20.6,-999,-999
107010,PACHIZA,1981,03,21,2.4,30.0,-999
107010,PACHIZA,1981,03,22,0.0,35.0,-999
107010,PACHIZA,1981,03,23,0.0,34.5,-999
107010,PACHIZA,1981,03,24,55.0,33.5,-999
107010,PACHIZA,1981,03,25,5.2,30.5,-999
107010,PACHIZA,1981,03,26,0.0,35.0,-999
107010,PACHIZA,1981,03,27,0.0,35.5,-999
107010,PACHIZA,1981,03,28,0.0,32.6,-999
107010,PACHIZA,1981,03,29,0.0,35.0,-999
107010,PACHIZA,1981,03,30,28.0,34.0,-999
107010,PACHIZA,1981,03,31,0.0,34.5,-999
107010,PACHIZA,1981,04,01,0.0,35.0,-999
107010,PACHIZA,1981,04,02,0.0,34.5,-999
107010,PACHIZA,1981,04,03,0.0,35.0,-999
107010,PACHIZA,1981,04,04,0.2,34.5,-999
107010,PACHIZA,1981,04,05,0.0,34.0,-999
107010,PACHIZA,1981,04,06,0.0,35.5,-999
107010,PACHIZA,1981,04,07,6.2,32.0,-999
107010,PACHIZA,1981,04,08,20.4,34.0,-999
107010,PACHIZA,1981,04,09,0.0,31.5,-999
107010,PACHIZA,1981,04,10,0.0,33.0,-999
107010,PACHIZA,1981,04,11,0.0,34.5,-999
107010,PACHIZA,1981,04,12,0.0,35.0,-999
107010,PACHIZA,1981,04,13,8.6,34.0,-999
107010,PACHIZA,1981,04,14,0.0,35.5,-999
107010,PACHIZA,1981,04,15,0.0,34.5,-999
107010,PACHIZA,1981,04,16,14.2,34.0,-999
107010,PACHIZA,1981,04,17,0.0,35.5,-999
107010,PACHIZA,1981,04,18,10.6,33.5,-999
107010,PACHIZA,1981,04,19,0.0,34.0,-999
107010,PACHIZA,1981,04,20,58.6,34.0,-999
107010,PACHIZA,1981,04,21,1.6,33.2,-999
107010,PACHIZA,1981,04,22,0.0,35.0,-999
107010,PACHIZA,1981,04,23,0.0,35.5,-999
107010,PACHIZA,1981,04,24,5.2,34.5,-999
107010,PACHIZA,1981,04,25,6.5,30.5,-999
107010,PACHIZA,1981,04,26,0.0,33.5,-999
107010,PACHIZA,1981,04,27,0.0,34.0,-999
107010,PACHIZA,1981,04,28,48.4,35.0,-999
107010,PACHIZA,1981,04,29,22.0,33.5,-999
107010,PACHIZA,1981,04,30,0.0,34.0,-999
107010,PACHIZA,1981,05,01,23.6,33.5,-999
107010,PACHIZA,1981,05,02,0.5,30.5,-999
107010,PACHIZA,1981,05,03,33.6,32.0,-999
107010,PACHIZA,1981,05,04,12.5,34.0,-999
107010,PACHIZA,1981,05,05,10.8,31.0,-999
107010,PACHIZA,1981,05,06,0.5,34.5,-999
107010,PACHIZA,1981,05,07,0.0,32.0,-999
107010,PACHIZA,1981,05,08,0.0,34.0,-999
107010,PACHIZA,1981,05,09,0.0,35.0,-999
107010,PACHIZA,1981,05,10,0.0,-999,-999
107010,PACHIZA,1981,05,11,20.8,-999,-999
107010,PACHIZA,1981,05,12,0.0,-999,-999
107010,PACHIZA,1981,05,13,0.0,34.0,-999
107010,PACHIZA,1981,05,14,8.6,35.5,-999
107010,PACHIZA,1981,05,15,9.2,33.2,-999
107010,PACHIZA,1981,05,16,0.0,35.5,-999
107010,PACHIZA,1981,05,17,0.0,34.0,-999
107010,PACHIZA,1981,05,18,0.0,35.0,-999
107010,PACHIZA,1981,05,19,0.0,34.5,-999
107010,PACHIZA,1981,05,20,0.0,34.0,-999
107010,PACHIZA,1981,05,21,52.6,30.5,-999
107010,PACHIZA,1981,05,22,0.0,31.5,-999
107010,PACHIZA,1981,05,23,0.0,32.0,-999
107010,PACHIZA,1981,05,24,0.0,34.0,-999
107010,PACHIZA,1981,05,25,3.5,34.5,-999
107010,PACHIZA,1981,05,26,0.0,35.0,-999
107010,PACHIZA,1981,05,27,0.0,34.5,-999
107010,PACHIZA,1981,05,28,30.4,30.0,-999
107010,PACHIZA,1981,05,29,55.2,35.0,-999
107010,PACHIZA,1981,05,30,0.0,33.5,-999
107010,PACHIZA,1981,05,31,0.0,34.0,-999
107010,PACHIZA,1981,06,01,0.0,33.5,-999
107010,PACHIZA,1981,06,02,2.8,32.0,-999
107010,PACHIZA,1981,06,03,0.0,33.5,-999
107010,PACHIZA,1981,06,04,0.0,34.0,-999
107010,PACHIZA,1981,06,05,0.0,35.0,-999
107010,PACHIZA,1981,06,06,0.0,35.5,-999
107010,PACHIZA,1981,06,07,12.4,34.0,-999
107010,PACHIZA,1981,06,08,8.8,30.5,-999
107010,PACHIZA,1981,06,09,0.0,34.6,-999
107010,PACHIZA,1981,06,10,0.0,34.5,-999
107010,PACHIZA,1981,06,11,0.0,34.0,-999
107010,PACHIZA,1981,06,12,0.0,35.0,-999
107010,PACHIZA,1981,06,13,0.0,31.0,-999
107010,PACHIZA,1981,06,14,0.0,34.5,-999
107010,PACHIZA,1981,06,15,10.4,30.5,-999
107010,PACHIZA,1981,06,16,0.6,35.0,-999
107010,PACHIZA,1981,06,17,28.4,32.0,-999
107010,PACHIZA,1981,06,18,0.0,33.5,-999
107010,PACHIZA,1981,06,19,0.0,34.5,-999
107010,PACHIZA,1981,06,20,0.0,35.0,-999
107010,PACHIZA,1981,06,21,0.0,34.0,-999
107010,PACHIZA,1981,06,22,0.0,35.0,-999
107010,PACHIZA,1981,06,23,0.0,35.5,-999
107010,PACHIZA,1981,06,24,0.0,34.0,-999
107010,PACHIZA,1981,06,25,0.0,33.5,-999
107010,PACHIZA,1981,06,26,0.0,34.0,-999
107010,PACHIZA,1981,06,27,0.0,34.5,-999
107010,PACHIZA,1981,06,28,0.0,35.0,-999
107010,PACHIZA,1981,06,29,0.0,34.5,-999
107010,PACHIZA,1981,06,30,0.0,33.5,-999
107010,PACHIZA,1981,07,01,8.2,34.0,-999
107010,PACHIZA,1981,07,02,7.4,34.5,-999
107010,PACHIZA,1981,07,03,12.7,34.0,-999
107010,PACHIZA,1981,07,04,24.8,30.0,-999
107010,PACHIZA,1981,07,05,0.0,33.5,-999
107010,PACHIZA,1981,07,06,0.0,30.8,-999
107010,PACHIZA,1981,07,07,0.0,33.5,-999
107010,PACHIZA,1981,07,08,0.0,34.0,-999
107010,PACHIZA,1981,07,09,0.0,34.5,-999
107010,PACHIZA,1981,07,10,3.8,34.0,-999
107010,PACHIZA,1981,07,11,0.0,35.5,-999
107010,PACHIZA,1981,07,12,0.0,31.5,-999
107010,PACHIZA,1981,07,13,0.0,34.0,-999
107010,PACHIZA,1981,07,14,0.0,34.5,-999
107010,PACHIZA,1981,07,15,0.0,33.5,-999
107010,PACHIZA,1981,07,16,0.0,33.5,-999
107010,PACHIZA,1981,07,17,0.0,34.0,-999
107010,PACHIZA,1981,07,18,22.6,34.0,-999
107010,PACHIZA,1981,07,19,0.0,29.0,-999
107010,PACHIZA,1981,07,20,0.0,30.0,-999
107010,PACHIZA,1981,07,21,0.0,29.5,-999
107010,PACHIZA,1981,07,22,0.0,33.0,-999
107010,PACHIZA,1981,07,23,13.2,34.0,-999
107010,PACHIZA,1981,07,24,0.0,34.5,-999
107010,PACHIZA,1981,07,25,0.0,33.5,-999
107010,PACHIZA,1981,07,26,0.0,33.0,-999
107010,PACHIZA,1981,07,27,0.0,33.5,-999
107010,PACHIZA,1981,07,28,0.0,34.0,-999
107010,PACHIZA,1981,07,29,0.0,33.0,-999
107010,PACHIZA,1981,07,30,0.0,34.5,-999
107010,PACHIZA,1981,07,31,0.0,33.5,-999
107010,PACHIZA,1981,08,01,0.0,35.5,-999
107010,PACHIZA,1981,08,02,0.0,35.0,-999
107010,PACHIZA,1981,08,03,10.2,34.0,-999
107010,PACHIZA,1981,08,04,10.0,34.5,-999
107010,PACHIZA,1981,08,05,0.0,34.0,-999
107010,PACHIZA,1981,08,06,0.0,34.0,-999
107010,PACHIZA,1981,08,07,0.0,33.5,-999
107010,PACHIZA,1981,08,08,0.0,34.5,-999
107010,PACHIZA,1981,08,09,6.4,33.5,-999
107010,PACHIZA,1981,08,10,1.2,34.0,-999
107010,PACHIZA,1981,08,11,0.0,34.0,-999
107010,PACHIZA,1981,08,12,0.0,34.5,-999
107010,PACHIZA,1981,08,13,0.0,35.0,-999
107010,PACHIZA,1981,08,14,0.0,34.5,-999
107010,PACHIZA,1981,08,15,0.0,35.0,-999
107010,PACHIZA,1981,08,16,0.0,35.0,-999
107010,PACHIZA,1981,08,17,0.0,-999,-999
107010,PACHIZA,1981,08,18,25.4,28.5,-999
107010,PACHIZA,1981,08,19,0.0,34.0,-999
107010,PACHIZA,1981,08,20,0.0,35.0,-999
107010,PACHIZA,1981,08,21,0.0,34.0,-999
107010,PACHIZA,1981,08,22,0.0,35.0,-999
107010,PACHIZA,1981,08,23,0.0,34.5,-999
107010,PACHIZA,1981,08,24,0.0,35.0,-999
107010,PACHIZA,1981,08,25,0.0,33.5,-999
107010,PACHIZA,1981,08,26,14.6,33.8,-999
107010,PACHIZA,1981,08,27,0.0,32.5,-999
107010,PACHIZA,1981,08,28,0.0,33.5,-999
107010,PACHIZA,1981,08,29,0.0,33.0,-999
107010,PACHIZA,1981,08,30,0.0,34.0,-999
107010,PACHIZA,1981,08,31,26.2,33.0,-999
107010,PACHIZA,1981,09,01,7.5,32.0,-999
107010,PACHIZA,1981,09,02,8.4,33.5,-999
107010,PACHIZA,1981,09,03,0.0,34.5,-999
107010,PACHIZA,1981,09,04,4.8,35.0,-999
107010,PACHIZA,1981,09,05,0.0,30.0,-999
107010,PACHIZA,1981,09,06,0.0,33.5,-999
107010,PACHIZA,1981,09,07,0.0,33.5,-999
107010,PACHIZA,1981,09,08,0.0,33.0,-999
107010,PACHIZA,1981,09,09,0.0,34.0,-999
107010,PACHIZA,1981,09,10,0.0,34.0,-999
107010,PACHIZA,1981,09,11,0.0,33.0,-999
107010,PACHIZA,1981,09,12,0.0,32.0,-999
107010,PACHIZA,1981,09,13,12.0,32.0,-999
107010,PACHIZA,1981,09,14,10.0,30.0,-999
107010,PACHIZA,1981,09,15,5.4,31.0,-999
107010,PACHIZA,1981,09,16,0.0,32.0,-999
107010,PACHIZA,1981,09,17,0.0,34.0,-999
107010,PACHIZA,1981,09,18,0.0,35.0,-999
107010,PACHIZA,1981,09,19,0.0,35.6,-999
107010,PACHIZA,1981,09,20,0.0,35.0,-999
107010,PACHIZA,1981,09,21,0.0,34.5,-999
107010,PACHIZA,1981,09,22,0.0,33.5,-999
107010,PACHIZA,1981,09,23,20.8,31.5,-999
107010,PACHIZA,1981,09,24,0.0,33.5,-999
107010,PACHIZA,1981,09,25,0.0,33.0,-999
107010,PACHIZA,1981,09,26,0.0,34.0,-999
107010,PACHIZA,1981,09,27,0.0,34.6,-999
107010,PACHIZA,1981,09,28,10.4,35.0,-999
107010,PACHIZA,1981,09,29,0.0,30.5,-999
107010,PACHIZA,1981,09,30,45.2,28.5,-999
107010,PACHIZA,1981,10,01,0.0,34.0,-999
107010,PACHIZA,1981,10,02,0.0,35.0,-999
107010,PACHIZA,1981,10,03,0.0,34.5,-999
107010,PACHIZA,1981,10,04,0.0,35.0,-999
107010,PACHIZA,1981,10,05,0.0,33.0,-999
107010,PACHIZA,1981,10,06,8.4,35.0,-999
107010,PACHIZA,1981,10,07,0.0,34.0,-999
107010,PACHIZA,1981,10,08,34.0,35.0,-999
107010,PACHIZA,1981,10,09,28.2,30.0,-999
107010,PACHIZA,1981,10,10,0.0,35.0,-999
107010,PACHIZA,1981,10,11,0.0,35.2,-999
107010,PACHIZA,1981,10,12,26.7,33.0,-999
107010,PACHIZA,1981,10,13,0.0,34.0,-999
107010,PACHIZA,1981,10,14,0.0,33.0,-999
107010,PACHIZA,1981,10,15,18.3,-999,-999
107010,PACHIZA,1981,10,16,34.2,-999,-999
107010,PACHIZA,1981,10,17,12.0,32.0,-999
107010,PACHIZA,1981,10,18,0.0,33.0,-999
107010,PACHIZA,1981,10,19,0.0,34.0,-999
107010,PACHIZA,1981,10,20,0.0,34.5,-999
107010,PACHIZA,1981,10,21,0.0,35.0,-999
107010,PACHIZA,1981,10,22,32.4,33.5,-999
107010,PACHIZA,1981,10,23,20.4,30.5,-999
107010,PACHIZA,1981,10,24,24.1,30.0,-999
107010,PACHIZA,1981,10,25,14.0,28.5,-999
107010,PACHIZA,1981,10,26,0.0,31.0,-999
107010,PACHIZA,1981,10,27,0.0,33.5,-999
107010,PACHIZA,1981,10,28,0.0,34.0,-999
107010,PACHIZA,1981,10,29,0.0,34.5,-999
107010,PACHIZA,1981,10,30,0.0,34.5,-999
107010,PACHIZA,1981,10,31,0.0,35.0,-999
107010,PACHIZA,1981,11,01,0.0,33.5,-999
107010,PACHIZA,1981,11,02,0.2,35.0,-999
107010,PACHIZA,1981,11,03,6.4,32.0,-999
107010,PACHIZA,1981,11,04,12.4,34.0,-999
107010,PACHIZA,1981,11,05,0.0,35.0,-999
107010,PACHIZA,1981,11,06,0.0,32.0,-999
107010,PACHIZA,1981,11,07,0.0,35.0,-999
107010,PACHIZA,1981,11,08,0.0,35.5,-999
107010,PACHIZA,1981,11,09,9.0,34.0,-999
107010,PACHIZA,1981,11,10,0.0,34.5,-999
107010,PACHIZA,1981,11,11,64.0,29.5,-999
107010,PACHIZA,1981,11,12,0.0,34.0,-999
107010,PACHIZA,1981,11,13,28.4,-999,-999
107010,PACHIZA,1981,11,14,5.8,-999,-999
107010,PACHIZA,1981,11,15,0.0,-999,-999
107010,PACHIZA,1981,11,16,0.0,34.5,-999
107010,PACHIZA,1981,11,17,0.0,35.0,-999
107010,PACHIZA,1981,11,18,0.0,35.5,-999
107010,PACHIZA,1981,11,19,18.4,35.5,-999
107010,PACHIZA,1981,11,20,50.2,32.5,-999
107010,PACHIZA,1981,11,21,50.2,32.0,-999
107010,PACHIZA,1981,11,22,20.6,32.0,-999
107010,PACHIZA,1981,11,23,0.0,35.0,-999
107010,PACHIZA,1981,11,24,12.8,32.5,-999
107010,PACHIZA,1981,11,25,0.0,33.0,-999
107010,PACHIZA,1981,11,26,30.6,33.0,-999
107010,PACHIZA,1981,11,27,6.4,34.0,-999
107010,PACHIZA,1981,11,28,0.0,35.0,-999
107010,PACHIZA,1981,11,29,0.0,34.0,-999
107010,PACHIZA,1981,11,30,0.0,35.5,-999
107010,PACHIZA,1981,12,01,0.0,33.0,-999
107010,PACHIZA,1981,12,02,0.0,35.0,-999
107010,PACHIZA,1981,12,03,10.0,30.0,-999
107010,PACHIZA,1981,12,04,0.0,35.0,-999
107010,PACHIZA,1981,12,05,0.0,32.5,-999
107010,PACHIZA,1981,12,06,0.0,34.5,-999
107010,PACHIZA,1981,12,07,0.0,35.5,-999
107010,PACHIZA,1981,12,08,0.0,36.0,-999
107010,PACHIZA,1981,12,09,0.0,34.0,-999
107010,PACHIZA,1981,12,10,4.8,35.5,-999
107010,PACHIZA,1981,12,11,20.3,33.5,-999
107010,PACHIZA,1981,12,12,30.8,-999,-999
107010,PACHIZA,1981,12,13,0.0,-999,-999
107010,PACHIZA,1981,12,14,0.0,35.0,-999
107010,PACHIZA,1981,12,15,0.0,35.5,-999
107010,PACHIZA,1981,12,16,10.4,34.5,-999
107010,PACHIZA,1981,12,17,0.0,30.5,-999
107010,PACHIZA,1981,12,18,0.0,35.0,-999
107010,PACHIZA,1981,12,19,0.0,35.5,-999
107010,PACHIZA,1981,12,20,0.0,34.0,-999
107010,PACHIZA,1981,12,21,0.0,35.0,-999
107010,PACHIZA,1981,12,22,0.0,33.0,-999
107010,PACHIZA,1981,12,23,21.0,30.5,-999
107010,PACHIZA,1981,12,24,0.0,34.0,-999
107010,PACHIZA,1981,12,25,27.8,30.5,-999
107010,PACHIZA,1981,12,26,3.2,-999,-999
107010,PACHIZA,1981,12,27,28.6,-999,-999
107010,PACHIZA,1981,12,28,0.0,-999,-999
107010,PACHIZA,1981,12,29,0.0,33.0,-999
107010,PACHIZA,1981,12,30,0.0,34.0,-999
107010,PACHIZA,1981,12,31,14.6,34.3,-999
107010,PACHIZA,1982,01,01,21.8,33.5,-999
107010,PACHIZA,1982,01,02,0.0,34.0,-999
107010,PACHIZA,1982,01,03,20.8,33.5,-999
107010,PACHIZA,1982,01,04,0.0,35.0,-999
107010,PACHIZA,1982,01,05,0.0,33.5,-999
107010,PACHIZA,1982,01,06,0.0,34.5,-999
107010,PACHIZA,1982,01,07,60.4,33.0,-999
107010,PACHIZA,1982,01,08,0.0,34.0,-999
107010,PACHIZA,1982,01,09,0.0,34.5,-999
107010,PACHIZA,1982,01,10,12.8,33.5,-999
107010,PACHIZA,1982,01,11,18.0,34.0,-999
107010,PACHIZA,1982,01,12,1.8,34.6,-999
107010,PACHIZA,1982,01,13,0.0,33.0,-999
107010,PACHIZA,1982,01,14,6.4,35.0,-999
107010,PACHIZA,1982,01,15,0.0,35.5,-999
107010,PACHIZA,1982,01,16,32.0,34.0,-999
107010,PACHIZA,1982,01,17,12.6,32.5,-999
107010,PACHIZA,1982,01,18,0.0,34.5,-999
107010,PACHIZA,1982,01,19,8.4,34.0,-999
107010,PACHIZA,1982,01,20,0.0,35.0,-999
107010,PACHIZA,1982,01,21,0.0,35.0,-999
107010,PACHIZA,1982,01,22,0.0,35.5,-999
107010,PACHIZA,1982,01,23,15.2,33.5,-999
107010,PACHIZA,1982,01,24,0.0,34.0,-999
107010,PACHIZA,1982,01,25,42.3,34.5,-999
107010,PACHIZA,1982,01,26,34.2,33.5,-999
107010,PACHIZA,1982,01,27,12.4,34.0,-999
107010,PACHIZA,1982,01,28,0.0,34.5,-999
107010,PACHIZA,1982,01,29,0.0,35.0,-999
107010,PACHIZA,1982,01,30,0.0,33.0,-999
107010,PACHIZA,1982,01,31,0.0,33.5,-999
107010,PACHIZA,1982,02,01,0.0,35.0,-999
107010,PACHIZA,1982,02,02,0.0,34.5,-999
107010,PACHIZA,1982,02,03,0.0,32.5,-999
107010,PACHIZA,1982,02,04,8.2,35.0,-999
107010,PACHIZA,1982,02,05,0.0,33.0,-999
107010,PACHIZA,1982,02,06,0.0,35.3,-999
107010,PACHIZA,1982,02,07,0.0,34.5,-999
107010,PACHIZA,1982,02,08,0.0,35.5,-999
107010,PACHIZA,1982,02,09,0.0,32.6,-999
107010,PACHIZA,1982,02,10,0.0,33.0,-999
107010,PACHIZA,1982,02,11,0.0,33.5,-999
107010,PACHIZA,1982,02,12,0.0,34.0,-999
107010,PACHIZA,1982,02,13,0.0,35.5,-999
107010,PACHIZA,1982,02,14,2.4,35.0,-999
107010,PACHIZA,1982,02,15,61.6,30.5,-999
107010,PACHIZA,1982,02,16,16.4,29.0,-999
107010,PACHIZA,1982,02,17,0.0,32.5,-999
107010,PACHIZA,1982,02,18,54.4,31.0,-999
107010,PACHIZA,1982,02,19,17.0,28.6,-999
107010,PACHIZA,1982,02,20,0.0,32.0,-999
107010,PACHIZA,1982,02,21,0.0,34.5,-999
107010,PACHIZA,1982,02,22,0.0,35.0,-999
107010,PACHIZA,1982,02,23,0.0,34.5,-999
107010,PACHIZA,1982,02,24,0.0,35.0,-999
107010,PACHIZA,1982,02,25,0.0,35.5,-999
107010,PACHIZA,1982,02,26,0.0,34.5,-999
107010,PACHIZA,1982,02,27,0.9,35.6,-999
107010,PACHIZA,1982,02,28,0.0,33.5,-999
107010,PACHIZA,1982,03,01,0.5,35.0,-999
107010,PACHIZA,1982,03,02,10.2,34.5,-999
107010,PACHIZA,1982,03,03,0.0,35.0,-999
107010,PACHIZA,1982,03,04,0.0,33.5,-999
107010,PACHIZA,1982,03,05,0.0,33.0,-999
107010,PACHIZA,1982,03,06,0.0,35.0,-999
107010,PACHIZA,1982,03,07,0.0,34.2,-999
107010,PACHIZA,1982,03,08,0.0,34.0,-999
107010,PACHIZA,1982,03,09,0.0,35.5,-999
107010,PACHIZA,1982,03,10,30.6,-999,-999
107010,PACHIZA,1982,03,11,50.8,-999,-999
107010,PACHIZA,1982,03,12,0.0,-999,-999
107010,PACHIZA,1982,03,13,24.2,30.0,-999
107010,PACHIZA,1982,03,14,0.0,35.0,-999
107010,PACHIZA,1982,03,15,0.0,33.5,-999
107010,PACHIZA,1982,03,16,50.6,29.0,-999
107010,PACHIZA,1982,03,17,0.6,32.5,-999
107010,PACHIZA,1982,03,18,0.0,33.0,-999
107010,PACHIZA,1982,03,19,0.0,35.0,-999
107010,PACHIZA,1982,03,20,24.2,34.5,-999
107010,PACHIZA,1982,03,21,0.0,33.5,-999
107010,PACHIZA,1982,03,22,0.0,34.8,-999
107010,PACHIZA,1982,03,23,0.0,34.5,-999
107010,PACHIZA,1982,03,24,0.0,35.0,-999
107010,PACHIZA,1982,03,25,0.0,34.5,-999
107010,PACHIZA,1982,03,26,0.0,34.0,-999
107010,PACHIZA,1982,03,27,10.8,35.5,-999
107010,PACHIZA,1982,03,28,38.4,-999,-999
107010,PACHIZA,1982,03,29,42.8,-999,-999
107010,PACHIZA,1982,03,30,0.0,-999,-999
107010,PACHIZA,1982,03,31,0.0,35.0,-999
107010,PACHIZA,1982,04,01,0.0,34.0,-999
107010,PACHIZA,1982,04,02,0.0,33.5,-999
107010,PACHIZA,1982,04,03,12.4,31.0,-999
107010,PACHIZA,1982,04,04,0.0,35.0,-999
107010,PACHIZA,1982,04,05,0.0,30.5,-999
107010,PACHIZA,1982,04,06,0.8,-999,-999
107010,PACHIZA,1982,04,07,0.0,-999,-999
107010,PACHIZA,1982,04,08,0.0,34.5,-999
107010,PACHIZA,1982,04,09,0.0,34.0,-999
107010,PACHIZA,1982,04,10,42.0,34.0,-999
107010,PACHIZA,1982,04,11,0.0,32.5,-999
107010,PACHIZA,1982,04,12,0.0,34.0,-999
107010,PACHIZA,1982,04,13,0.0,32.8,-999
107010,PACHIZA,1982,04,14,0.0,34.5,-999
107010,PACHIZA,1982,04,15,0.0,34.0,-999
107010,PACHIZA,1982,04,16,0.0,34.5,-999
107010,PACHIZA,1982,04,17,10.2,34.3,-999
107010,PACHIZA,1982,04,18,0.8,30.5,-999
107010,PACHIZA,1982,04,19,0.0,35.0,-999
107010,PACHIZA,1982,04,20,0.6,34.5,-999
107010,PACHIZA,1982,04,21,0.8,33.5,-999
107010,PACHIZA,1982,04,22,0.0,35.0,-999
107010,PACHIZA,1982,04,23,0.4,34.0,-999
107010,PACHIZA,1982,04,24,20.2,30.5,-999
107010,PACHIZA,1982,04,25,12.8,33.5,-999
107010,PACHIZA,1982,04,26,32.2,30.0,-999
107010,PACHIZA,1982,04,27,24.0,-999,-999
107010,PACHIZA,1982,04,28,0.0,-999,-999
107010,PACHIZA,1982,04,29,25.2,35.5,-999
107010,PACHIZA,1982,04,30,18.6,30.5,-999
107010,PACHIZA,1982,05,01,0.0,33.5,-999
107010,PACHIZA,1982,05,02,12.4,34.0,-999
107010,PACHIZA,1982,05,03,0.0,34.0,-999
107010,PACHIZA,1982,05,04,12.4,34.5,-999
107010,PACHIZA,1982,05,05,0.0,34.0,-999
107010,PACHIZA,1982,05,06,0.0,35.0,-999
107010,PACHIZA,1982,05,07,0.0,35.5,-999
107010,PACHIZA,1982,05,08,0.8,35.0,-999
107010,PACHIZA,1982,05,09,0.0,35.8,-999
107010,PACHIZA,1982,05,10,0.0,34.5,-999
107010,PACHIZA,1982,05,11,0.0,35.0,-999
107010,PACHIZA,1982,05,12,0.0,35.5,-999
107010,PACHIZA,1982,05,13,0.0,35.0,-999
107010,PACHIZA,1982,05,14,16.8,-999,-999
107010,PACHIZA,1982,05,15,52.8,-999,-999
107010,PACHIZA,1982,05,16,0.0,-999,-999
107010,PACHIZA,1982,05,17,0.0,35.0,-999
107010,PACHIZA,1982,05,18,0.0,34.5,-999
107010,PACHIZA,1982,05,19,12.8,35.0,-999
107010,PACHIZA,1982,05,20,0.0,34.0,-999
107010,PACHIZA,1982,05,21,0.0,35.0,-999
107010,PACHIZA,1982,05,22,19.6,34.5,-999
107010,PACHIZA,1982,05,23,28.2,30.5,-999
107010,PACHIZA,1982,05,24,0.0,34.0,-999
107010,PACHIZA,1982,05,25,0.0,34.5,-999
107010,PACHIZA,1982,05,26,0.0,35.0,-999
107010,PACHIZA,1982,05,27,0.0,35.0,-999
107010,PACHIZA,1982,05,28,0.0,35.5,-999
107010,PACHIZA,1982,05,29,0.0,35.5,-999
107010,PACHIZA,1982,05,30,0.0,34.5,-999
107010,PACHIZA,1982,05,31,0.0,-999,-999
107010,PACHIZA,1982,06,01,0.0,-999,-999
107010,PACHIZA,1982,06,02,0.0,-999,-999
107010,PACHIZA,1982,06,03,0.0,35.0,-999
107010,PACHIZA,1982,06,04,0.0,35.5,-999
107010,PACHIZA,1982,06,05,0.0,34.5,-999
107010,PACHIZA,1982,06,06,0.0,35.0,-999
107010,PACHIZA,1982,06,07,0.0,35.5,-999
107010,PACHIZA,1982,06,08,0.0,34.5,-999
107010,PACHIZA,1982,06,09,0.2,35.0,-999
107010,PACHIZA,1982,06,10,0.0,34.0,-999
107010,PACHIZA,1982,06,11,0.0,35.5,-999
107010,PACHIZA,1982,06,12,9.2,35.0,-999
107010,PACHIZA,1982,06,13,10.2,34.5,-999
107010,PACHIZA,1982,06,14,20.4,34.0,-999
107010,PACHIZA,1982,06,15,0.0,33.5,-999
107010,PACHIZA,1982,06,16,0.8,35.0,-999
107010,PACHIZA,1982,06,17,0.0,34.5,-999
107010,PACHIZA,1982,06,18,0.0,35.0,-999
107010,PACHIZA,1982,06,19,0.0,35.5,-999
107010,PACHIZA,1982,06,20,0.0,35.0,-999
107010,PACHIZA,1982,06,21,0.0,34.5,-999
107010,PACHIZA,1982,06,22,0.0,35.5,-999
107010,PACHIZA,1982,06,23,0.0,35.0,-999
107010,PACHIZA,1982,06,24,0.0,35.5,-999
107010,PACHIZA,1982,06,25,0.0,34.5,-999
107010,PACHIZA,1982,06,26,0.0,35.5,-999
107010,PACHIZA,1982,06,27,0.0,35.0,-999
107010,PACHIZA,1982,06,28,0.0,35.0,-999
107010,PACHIZA,1982,06,29,0.0,34.5,-999
107010,PACHIZA,1982,06,30,0.0,35.0,-999
107010,PACHIZA,1982,07,01,0.0,34.5,-999
107010,PACHIZA,1982,07,02,23.4,35.0,-999
107010,PACHIZA,1982,07,03,0.0,35.5,-999
107010,PACHIZA,1982,07,04,0.0,33.0,-999
107010,PACHIZA,1982,07,05,0.0,33.5,-999
107010,PACHIZA,1982,07,06,0.0,35.5,-999
107010,PACHIZA,1982,07,07,0.0,34.0,-999
107010,PACHIZA,1982,07,08,0.0,34.5,-999
107010,PACHIZA,1982,07,09,0.0,34.0,-999
107010,PACHIZA,1982,07,10,2.6,34.0,-999
107010,PACHIZA,1982,07,11,0.8,33.5,-999
107010,PACHIZA,1982,07,12,0.0,30.4,-999
107010,PACHIZA,1982,07,13,0.0,34.5,-999
107010,PACHIZA,1982,07,14,28.3,31.0,-999
107010,PACHIZA,1982,07,15,0.0,32.5,-999
107010,PACHIZA,1982,07,16,0.0,34.0,-999
107010,PACHIZA,1982,07,17,0.0,33.5,-999
107010,PACHIZA,1982,07,18,0.0,35.0,-999
107010,PACHIZA,1982,07,19,0.0,34.5,-999
107010,PACHIZA,1982,07,20,0.0,35.5,-999
107010,PACHIZA,1982,07,21,0.0,33.5,-999
107010,PACHIZA,1982,07,22,0.0,32.5,-999
107010,PACHIZA,1982,07,23,0.0,34.0,-999
107010,PACHIZA,1982,07,24,0.8,34.5,-999
107010,PACHIZA,1982,07,25,0.5,33.0,-999
107010,PACHIZA,1982,07,26,0.4,35.0,-999
107010,PACHIZA,1982,07,27,0.0,34.0,-999
107010,PACHIZA,1982,07,28,0.0,30.5,-999
107010,PACHIZA,1982,07,29,28.6,34.0,-999
107010,PACHIZA,1982,07,30,0.0,32.5,-999
107010,PACHIZA,1982,07,31,0.0,35.5,-999
107010,PACHIZA,1982,08,01,0.0,32.0,-999
107010,PACHIZA,1982,08,02,0.0,34.5,-999
107010,PACHIZA,1982,08,03,0.0,33.0,-999
107010,PACHIZA,1982,08,04,12.8,30.5,-999
107010,PACHIZA,1982,08,05,0.0,35.0,-999
107010,PACHIZA,1982,08,06,0.0,33.5,-999
107010,PACHIZA,1982,08,07,0.0,34.0,-999
107010,PACHIZA,1982,08,08,0.0,33.5,-999
107010,PACHIZA,1982,08,09,0.0,35.0,-999
107010,PACHIZA,1982,08,10,26.2,30.5,-999
107010,PACHIZA,1982,08,11,0.0,34.0,-999
107010,PACHIZA,1982,08,12,0.0,33.0,-999
107010,PACHIZA,1982,08,13,0.0,35.0,-999
107010,PACHIZA,1982,08,14,0.0,33.6,-999
107010,PACHIZA,1982,08,15,0.0,35.0,-999
107010,PACHIZA,1982,08,16,24.2,30.5,-999
107010,PACHIZA,1982,08,17,0.0,33.0,-999
107010,PACHIZA,1982,08,18,22.6,35.0,-999
107010,PACHIZA,1982,08,19,0.8,34.0,-999
107010,PACHIZA,1982,08,20,0.0,33.0,-999
107010,PACHIZA,1982,08,21,0.0,34.0,-999
107010,PACHIZA,1982,08,22,0.0,34.5,-999
107010,PACHIZA,1982,08,23,0.0,34.3,-999
107010,PACHIZA,1982,08,24,0.0,34.0,-999
107010,PACHIZA,1982,08,25,0.0,34.5,-999
107010,PACHIZA,1982,08,26,0.6,35.5,-999
107010,PACHIZA,1982,08,27,0.0,35.0,-999
107010,PACHIZA,1982,08,28,0.0,34.0,-999
107010,PACHIZA,1982,08,29,0.0,35.5,-999
107010,PACHIZA,1982,08,30,0.0,35.0,-999
107010,PACHIZA,1982,08,31,0.0,34.0,-999
107010,PACHIZA,1982,09,01,0.0,35.0,-999
107010,PACHIZA,1982,09,02,0.0,33.4,-999
107010,PACHIZA,1982,09,03,0.0,34.0,-999
107010,PACHIZA,1982,09,04,0.0,34.5,-999
107010,PACHIZA,1982,09,05,0.0,33.0,-999
107010,PACHIZA,1982,09,06,3.0,34.5,-999
107010,PACHIZA,1982,09,07,0.0,32.5,-999
107010,PACHIZA,1982,09,08,0.0,34.0,-999
107010,PACHIZA,1982,09,09,0.0,33.5,-999
107010,PACHIZA,1982,09,10,0.0,34.0,-999
107010,PACHIZA,1982,09,11,0.0,33.5,-999
107010,PACHIZA,1982,09,12,0.0,34.5,-999
107010,PACHIZA,1982,09,13,0.0,34.0,-999
107010,PACHIZA,1982,09,14,0.2,33.0,-999
107010,PACHIZA,1982,09,15,0.4,34.0,-999
107010,PACHIZA,1982,09,16,0.0,31.0,-999
107010,PACHIZA,1982,09,17,0.0,32.5,-999
107010,PACHIZA,1982,09,18,0.0,33.5,-999
107010,PACHIZA,1982,09,19,0.0,34.0,-999
107010,PACHIZA,1982,09,20,0.0,35.5,-999
107010,PACHIZA,1982,09,21,0.0,33.0,-999
107010,PACHIZA,1982,09,22,0.0,32.5,-999
107010,PACHIZA,1982,09,23,12.4,30.5,-999
107010,PACHIZA,1982,09,24,0.0,33.5,-999
107010,PACHIZA,1982,09,25,0.0,33.0,-999
107010,PACHIZA,1982,09,26,0.0,34.0,-999
107010,PACHIZA,1982,09,27,0.0,33.5,-999
107010,PACHIZA,1982,09,28,0.0,33.0,-999
107010,PACHIZA,1982,09,29,0.0,34.5,-999
107010,PACHIZA,1982,09,30,0.0,33.0,-999
107010,PACHIZA,1982,10,01,0.0,34.0,-999
107010,PACHIZA,1982,10,02,0.0,33.5,-999
107010,PACHIZA,1982,10,03,0.0,34.0,-999
107010,PACHIZA,1982,10,04,0.0,35.0,-999
107010,PACHIZA,1982,10,05,0.8,33.8,-999
107010,PACHIZA,1982,10,06,0.0,34.5,-999
107010,PACHIZA,1982,10,07,0.0,33.0,-999
107010,PACHIZA,1982,10,08,28.4,31.5,-999
107010,PACHIZA,1982,10,09,6.2,31.0,-999
107010,PACHIZA,1982,10,10,6.4,32.5,-999
107010,PACHIZA,1982,10,11,0.0,33.0,-999
107010,PACHIZA,1982,10,12,0.0,33.5,-999
107010,PACHIZA,1982,10,13,0.0,32.8,-999
107010,PACHIZA,1982,10,14,0.0,34.8,-999
107010,PACHIZA,1982,10,15,0.0,32.0,-999
107010,PACHIZA,1982,10,16,0.0,32.5,-999
107010,PACHIZA,1982,10,17,0.8,34.0,-999
107010,PACHIZA,1982,10,18,0.0,30.5,-999
107010,PACHIZA,1982,10,19,10.4,35.0,-999
107010,PACHIZA,1982,10,20,25.8,32.0,-999
107010,PACHIZA,1982,10,21,16.4,30.5,-999
107010,PACHIZA,1982,10,22,5.6,30.5,-999
107010,PACHIZA,1982,10,23,12.4,32.5,-999
107010,PACHIZA,1982,10,24,0.0,30.5,-999
107010,PACHIZA,1982,10,25,22.2,31.0,-999
107010,PACHIZA,1982,10,26,0.0,33.4,-999
107010,PACHIZA,1982,10,27,10.2,32.5,-999
107010,PACHIZA,1982,10,28,6.8,31.0,-999
107010,PACHIZA,1982,10,29,0.0,34.5,-999
107010,PACHIZA,1982,10,30,0.0,35.0,-999
107010,PACHIZA,1982,10,31,0.0,33.0,-999
107010,PACHIZA,1982,11,01,0.0,33.5,-999
107010,PACHIZA,1982,11,02,0.0,34.0,-999
107010,PACHIZA,1982,11,03,0.0,33.0,-999
107010,PACHIZA,1982,11,04,0.0,32.5,-999
107010,PACHIZA,1982,11,05,0.0,35.0,-999
107010,PACHIZA,1982,11,06,0.0,33.5,-999
107010,PACHIZA,1982,11,07,0.0,34.0,-999
107010,PACHIZA,1982,11,08,0.0,32.5,-999
107010,PACHIZA,1982,11,09,0.0,33.0,-999
107010,PACHIZA,1982,11,10,0.0,32.5,-999
107010,PACHIZA,1982,11,11,0.5,34.5,-999
107010,PACHIZA,1982,11,12,0.0,32.5,-999
107010,PACHIZA,1982,11,13,0.0,33.5,-999
107010,PACHIZA,1982,11,14,0.0,32.5,-999
107010,PACHIZA,1982,11,15,15.6,33.5,-999
107010,PACHIZA,1982,11,16,20.0,29.0,-999
107010,PACHIZA,1982,11,17,0.0,32.5,-999
107010,PACHIZA,1982,11,18,0.0,34.5,-999
107010,PACHIZA,1982,11,19,0.0,34.0,-999
107010,PACHIZA,1982,11,20,8.4,32.5,-999
107010,PACHIZA,1982,11,21,10.7,30.0,-999
107010,PACHIZA,1982,11,22,64.6,31.5,-999
107010,PACHIZA,1982,11,23,48.2,-999,-999
107010,PACHIZA,1982,11,24,0.0,-999,-999
107010,PACHIZA,1982,11,25,10.4,34.0,-999
107010,PACHIZA,1982,11,26,0.0,33.5,-999
107010,PACHIZA,1982,11,27,0.0,34.5,-999
107010,PACHIZA,1982,11,28,0.0,30.5,-999
107010,PACHIZA,1982,11,29,53.8,34.0,-999
107010,PACHIZA,1982,11,30,0.0,32.5,-999
107010,PACHIZA,1982,12,01,8.2,32.5,-999
107010,PACHIZA,1982,12,02,0.0,31.0,-999
107010,PACHIZA,1982,12,03,10.6,34.0,-999
107010,PACHIZA,1982,12,04,0.0,30.5,-999
107010,PACHIZA,1982,12,05,31.4,32.5,-999
107010,PACHIZA,1982,12,06,0.0,30.5,-999
107010,PACHIZA,1982,12,07,0.0,30.5,-999
107010,PACHIZA,1982,12,08,80.6,32.0,-999
107010,PACHIZA,1982,12,09,20.4,-999,-999
107010,PACHIZA,1982,12,10,0.0,-999,-999
107010,PACHIZA,1982,12,11,0.0,31.5,-999
107010,PACHIZA,1982,12,12,8.6,33.0,-999
107010,PACHIZA,1982,12,13,0.0,34.0,-999
107010,PACHIZA,1982,12,14,0.0,32.5,-999
107010,PACHIZA,1982,12,15,0.0,33.0,-999
107010,PACHIZA,1982,12,16,0.0,32.5,-999
107010,PACHIZA,1982,12,17,0.0,35.0,-999
107010,PACHIZA,1982,12,18,0.0,33.5,-999
107010,PACHIZA,1982,12,19,10.2,34.0,-999
107010,PACHIZA,1982,12,20,12.6,32.6,-999
107010,PACHIZA,1982,12,21,0.0,30.5,-999
107010,PACHIZA,1982,12,22,0.0,34.0,-999
107010,PACHIZA,1982,12,23,0.0,32.5,-999
107010,PACHIZA,1982,12,24,10.2,33.5,-999
107010,PACHIZA,1982,12,25,0.0,34.0,-999
107010,PACHIZA,1982,12,26,0.0,32.5,-999
107010,PACHIZA,1982,12,27,0.8,34.0,-999
107010,PACHIZA,1982,12,28,0.0,31.5,-999
107010,PACHIZA,1982,12,29,0.0,33.5,-999
107010,PACHIZA,1982,12,30,12.4,31.5,-999
107010,PACHIZA,1982,12,31,0.0,32.5,-999
107010,PACHIZA,1983,01,01,0.0,34.0,-999
107010,PACHIZA,1983,01,02,0.0,34.0,-999
107010,PACHIZA,1983,01,03,0.7,31.5,-999
107010,PACHIZA,1983,01,04,32.4,30.5,-999
107010,PACHIZA,1983,01,05,0.6,34.0,-999
107010,PACHIZA,1983,01,06,0.0,33.0,-999
107010,PACHIZA,1983,01,07,0.0,34.0,-999
107010,PACHIZA,1983,01,08,0.0,34.5,-999
107010,PACHIZA,1983,01,09,0.0,35.0,-999
107010,PACHIZA,1983,01,10,0.0,34.5,-999
107010,PACHIZA,1983,01,11,0.0,32.5,-999
107010,PACHIZA,1983,01,12,0.0,34.5,-999
107010,PACHIZA,1983,01,13,0.0,32.5,-999
107010,PACHIZA,1983,01,14,0.0,34.5,-999
107010,PACHIZA,1983,01,15,0.0,31.5,-999
107010,PACHIZA,1983,01,16,20.8,33.0,-999
107010,PACHIZA,1983,01,17,28.7,30.0,-999
107010,PACHIZA,1983,01,18,8.6,33.5,-999
107010,PACHIZA,1983,01,19,0.0,33.0,-999
107010,PACHIZA,1983,01,20,0.0,34.0,-999
107010,PACHIZA,1983,01,21,0.0,34.5,-999
107010,PACHIZA,1983,01,22,0.0,32.5,-999
107010,PACHIZA,1983,01,23,0.0,34.5,-999
107010,PACHIZA,1983,01,24,18.6,35.5,-999
107010,PACHIZA,1983,01,25,19.3,32.5,-999
107010,PACHIZA,1983,01,26,0.0,33.5,-999
107010,PACHIZA,1983,01,27,0.0,33.0,-999
107010,PACHIZA,1983,01,28,0.0,33.5,-999
107010,PACHIZA,1983,01,29,0.0,35.0,-999
107010,PACHIZA,1983,01,30,0.0,34.0,-999
107010,PACHIZA,1983,01,31,0.0,33.8,-999
107010,PACHIZA,1983,02,01,28.4,35.0,-999
107010,PACHIZA,1983,02,02,0.0,32.5,-999
107010,PACHIZA,1983,02,03,0.0,34.0,-999
107010,PACHIZA,1983,02,04,0.0,32.5,-999
107010,PACHIZA,1983,02,05,10.2,33.5,-999
107010,PACHIZA,1983,02,06,0.0,33.0,-999
107010,PACHIZA,1983,02,07,0.0,32.5,-999
107010,PACHIZA,1983,02,08,0.0,35.5,-999
107010,PACHIZA,1983,02,09,0.0,33.0,-999
107010,PACHIZA,1983,02,10,0.0,34.0,-999
107010,PACHIZA,1983,02,11,0.0,32.5,-999
107010,PACHIZA,1983,02,12,0.0,34.0,-999
107010,PACHIZA,1983,02,13,0.0,32.4,-999
107010,PACHIZA,1983,02,14,0.0,33.5,-999
107010,PACHIZA,1983,02,15,0.0,-999,-999
107010,PACHIZA,1983,02,16,40.0,-999,-999
107010,PACHIZA,1983,02,17,26.8,30.2,-999
107010,PACHIZA,1983,02,18,36.8,31.0,-999
107010,PACHIZA,1983,02,19,7.4,32.5,-999
107010,PACHIZA,1983,02,20,0.8,33.0,-999
107010,PACHIZA,1983,02,21,0.7,35.0,-999
107010,PACHIZA,1983,02,22,10.9,30.0,-999
107010,PACHIZA,1983,02,23,0.5,30.5,-999
107010,PACHIZA,1983,02,24,0.0,34.5,-999
107010,PACHIZA,1983,02,25,0.0,33.0,-999
107010,PACHIZA,1983,02,26,0.0,32.5,-999
107010,PACHIZA,1983,02,27,0.0,34.5,-999
107010,PACHIZA,1983,02,28,0.0,33.5,-999
107010,PACHIZA,1983,03,01,0.0,35.0,-999
107010,PACHIZA,1983,03,02,0.0,34.0,-999
107010,PACHIZA,1983,03,03,0.0,33.5,-999
107010,PACHIZA,1983,03,04,24.0,32.6,-999
107010,PACHIZA,1983,03,05,12.4,31.0,-999
107010,PACHIZA,1983,03,06,0.0,32.5,-999
107010,PACHIZA,1983,03,07,0.0,33.0,-999
107010,PACHIZA,1983,03,08,21.0,30.5,-999
107010,PACHIZA,1983,03,09,53.0,30.0,-999
107010,PACHIZA,1983,03,10,1.6,34.0,-999
107010,PACHIZA,1983,03,11,33.3,30.5,-999
107010,PACHIZA,1983,03,12,0.6,33.5,-999
107010,PACHIZA,1983,03,13,0.0,34.0,-999
107010,PACHIZA,1983,03,14,19.0,33.5,-999
107010,PACHIZA,1983,03,15,10.6,30.5,-999
107010,PACHIZA,1983,03,16,14.2,34.5,-999
107010,PACHIZA,1983,03,17,9.8,31.0,-999
107010,PACHIZA,1983,03,18,0.0,33.5,-999
107010,PACHIZA,1983,03,19,8.6,31.5,-999
107010,PACHIZA,1983,03,20,0.0,33.0,-999
107010,PACHIZA,1983,03,21,22.3,32.5,-999
107010,PACHIZA,1983,03,22,0.0,34.0,-999
107010,PACHIZA,1983,03,23,39.4,30.5,-999
107010,PACHIZA,1983,03,24,0.0,32.0,-999
107010,PACHIZA,1983,03,25,0.0,34.5,-999
107010,PACHIZA,1983,03,26,0.0,35.5,-999
107010,PACHIZA,1983,03,27,0.6,34.0,-999
107010,PACHIZA,1983,03,28,0.0,33.5,-999
107010,PACHIZA,1983,03,29,0.0,32.0,-999
107010,PACHIZA,1983,03,30,0.0,34.5,-999
107010,PACHIZA,1983,03,31,0.0,35.0,-999
107010,PACHIZA,1983,04,01,0.0,33.5,-999
107010,PACHIZA,1983,04,02,23.6,32.0,-999
107010,PACHIZA,1983,04,03,20.8,33.0,-999
107010,PACHIZA,1983,04,04,0.0,34.0,-999
107010,PACHIZA,1983,04,05,0.0,34.5,-999
107010,PACHIZA,1983,04,06,0.2,32.5,-999
107010,PACHIZA,1983,04,07,0.0,33.0,-999
107010,PACHIZA,1983,04,08,0.4,34.0,-999
107010,PACHIZA,1983,04,09,0.0,35.0,-999
107010,PACHIZA,1983,04,10,0.0,33.0,-999
107010,PACHIZA,1983,04,11,2.6,34.5,-999
107010,PACHIZA,1983,04,12,0.0,32.5,-999
107010,PACHIZA,1983,04,13,0.0,33.0,-999
107010,PACHIZA,1983,04,14,0.0,32.5,-999
107010,PACHIZA,1983,04,15,0.0,33.0,-999
107010,PACHIZA,1983,04,16,34.8,30.0,-999
107010,PACHIZA,1983,04,17,0.0,33.0,-999
107010,PACHIZA,1983,04,18,0.0,33.5,-999
107010,PACHIZA,1983,04,19,0.0,34.5,-999
107010,PACHIZA,1983,04,20,0.0,34.6,-999
107010,PACHIZA,1983,04,21,0.0,33.5,-999
107010,PACHIZA,1983,04,22,0.0,32.5,-999
107010,PACHIZA,1983,04,23,0.0,34.0,-999
107010,PACHIZA,1983,04,24,0.0,32.5,-999
107010,PACHIZA,1983,04,25,0.0,34.0,-999
107010,PACHIZA,1983,04,26,0.0,33.5,-999
107010,PACHIZA,1983,04,27,0.0,33.0,-999
107010,PACHIZA,1983,04,28,0.0,32.5,-999
107010,PACHIZA,1983,04,29,0.0,31.0,-999
107010,PACHIZA,1983,04,30,82.4,32.0,-999
107010,PACHIZA,1983,05,01,0.0,33.0,-999
107010,PACHIZA,1983,05,02,0.0,32.5,-999
107010,PACHIZA,1983,05,03,0.6,33.5,-999
107010,PACHIZA,1983,05,04,0.0,35.0,-999
107010,PACHIZA,1983,05,05,0.0,34.0,-999
107010,PACHIZA,1983,05,06,0.0,35.5,-999
107010,PACHIZA,1983,05,07,0.0,34.5,-999
107010,PACHIZA,1983,05,08,0.0,33.5,-999
107010,PACHIZA,1983,05,09,0.0,33.0,-999
107010,PACHIZA,1983,05,10,0.0,34.0,-999
107010,PACHIZA,1983,05,11,0.0,34.0,-999
107010,PACHIZA,1983,05,12,0.0,35.0,-999
107010,PACHIZA,1983,05,13,0.0,34.0,-999
107010,PACHIZA,1983,05,14,0.0,32.0,-999
107010,PACHIZA,1983,05,15,0.0,35.5,-999
107010,PACHIZA,1983,05,16,0.0,34.5,-999
107010,PACHIZA,1983,05,17,0.0,32.5,-999
107010,PACHIZA,1983,05,18,23.9,33.5,-999
107010,PACHIZA,1983,05,19,0.0,30.5,-999
107010,PACHIZA,1983,05,20,0.0,33.5,-999
107010,PACHIZA,1983,05,21,18.3,34.0,-999
107010,PACHIZA,1983,05,22,12.6,32.5,-999
107010,PACHIZA,1983,05,23,21.4,30.5,-999
107010,PACHIZA,1983,05,24,21.6,30.0,-999
107010,PACHIZA,1983,05,25,9.4,30.0,-999
107010,PACHIZA,1983,05,26,0.0,31.5,-999
107010,PACHIZA,1983,05,27,0.0,33.5,-999
107010,PACHIZA,1983,05,28,0.0,34.5,-999
107010,PACHIZA,1983,05,29,0.0,33.5,-999
107010,PACHIZA,1983,05,30,0.0,33.0,-999
107010,PACHIZA,1983,05,31,-999,-999,-999
107010,PACHIZA,2005,01,01,0.0,32.2,21.4
107010,PACHIZA,2005,01,02,0.0,33.4,21.0
107010,PACHIZA,2005,01,03,0.0,34.8,20.8
107010,PACHIZA,2005,01,04,0.0,31.4,20.1
107010,PACHIZA,2005,01,05,0.0,30.2,20.6
107010,PACHIZA,2005,01,06,0.0,31.8,20.4
107010,PACHIZA,2005,01,07,13.0,32.5,20.4
107010,PACHIZA,2005,01,08,0.0,32.8,18.8
107010,PACHIZA,2005,01,09,0.0,34.4,19.0
107010,PACHIZA,2005,01,10,88.0,34.6,20.4
107010,PACHIZA,2005,01,11,0.0,31.4,18.0
107010,PACHIZA,2005,01,12,0.0,32.6,20.4
107010,PACHIZA,2005,01,13,0.0,32.8,20.0
107010,PACHIZA,2005,01,14,0.0,33.8,20.6
107010,PACHIZA,2005,01,15,0.0,34.8,20.8
107010,PACHIZA,2005,01,16,0.0,36.0,21.0
107010,PACHIZA,2005,01,17,0.0,32.4,20.4
107010,PACHIZA,2005,01,18,1.6,32.0,20.6
107010,PACHIZA,2005,01,19,0.0,35.4,21.4
107010,PACHIZA,2005,01,20,0.0,35.4,20.4
107010,PACHIZA,2005,01,21,0.0,31.4,20.8
107010,PACHIZA,2005,01,22,0.0,33.2,20.8
107010,PACHIZA,2005,01,23,0.0,34.4,20.6
107010,PACHIZA,2005,01,24,0.0,36.0,21.0
107010,PACHIZA,2005,01,25,0.0,35.0,19.0
107010,PACHIZA,2005,01,26,0.0,34.6,21.0
107010,PACHIZA,2005,01,27,0.0,33.8,20.8
107010,PACHIZA,2005,01,28,0.0,30.8,20.2
107010,PACHIZA,2005,01,29,0.0,32.8,20.8
107010,PACHIZA,2005,01,30,4.3,34.8,21.0
107010,PACHIZA,2005,01,31,0.0,34.4,21.6
107010,PACHIZA,2005,02,01,0.0,32.2,21.1
107010,PACHIZA,2005,02,02,2.0,29.4,20.3
107010,PACHIZA,2005,02,03,0.0,30.8,23.4
107010,PACHIZA,2005,02,04,3.6,30.2,22.8
107010,PACHIZA,2005,02,05,8.0,33.4,21.0
107010,PACHIZA,2005,02,06,0.5,33.8,22.6
107010,PACHIZA,2005,02,07,14.0,33.4,23.8
107010,PACHIZA,2005,02,08,12.8,30.4,22.0
107010,PACHIZA,2005,02,09,12.9,33.6,22.4
107010,PACHIZA,2005,02,10,0.0,34.0,22.1
107010,PACHIZA,2005,02,11,2.6,29.4,23.2
107010,PACHIZA,2005,02,12,0.0,32.4,22.0
107010,PACHIZA,2005,02,13,0.0,31.8,22.4
107010,PACHIZA,2005,02,14,0.0,31.2,22.4
107010,PACHIZA,2005,02,15,0.0,33.8,23.8
107010,PACHIZA,2005,02,16,6.0,34.0,23.8
107010,PACHIZA,2005,02,17,8.8,31.6,23.6
107010,PACHIZA,2005,02,18,27.0,29.6,22.6
107010,PACHIZA,2005,02,19,0.6,28.4,21.4
107010,PACHIZA,2005,02,20,7.7,31.2,22.4
107010,PACHIZA,2005,02,21,7.6,31.8,22.0
107010,PACHIZA,2005,02,22,0.0,33.4,21.8
107010,PACHIZA,2005,02,23,0.0,33.2,23.0
107010,PACHIZA,2005,02,24,21.8,33.2,23.1
107010,PACHIZA,2005,02,25,0.0,30.2,-999
107010,PACHIZA,2005,02,26,0.0,32.4,-999
107010,PACHIZA,2005,02,27,0.0,34.4,-999
107010,PACHIZA,2005,02,28,0.0,34.2,23.2
107010,PACHIZA,2005,03,01,0.0,32.3,23.1
107010,PACHIZA,2005,03,02,0.0,30.2,20.3
107010,PACHIZA,2005,03,03,3.3,32.0,21.8
107010,PACHIZA,2005,03,04,3.5,30.2,22.4
107010,PACHIZA,2005,03,05,0.5,31.8,22.8
107010,PACHIZA,2005,03,06,15.9,32.4,23.2
107010,PACHIZA,2005,03,07,1.0,33.2,22.4
107010,PACHIZA,2005,03,08,3.1,33.0,23.2
107010,PACHIZA,2005,03,09,1.0,32.6,22.8
107010,PACHIZA,2005,03,10,0.0,33.4,23.3
107010,PACHIZA,2005,03,11,9.7,32.6,23.1
107010,PACHIZA,2005,03,12,1.7,31.4,23.8
107010,PACHIZA,2005,03,13,0.0,33.2,22.8
107010,PACHIZA,2005,03,14,0.0,33.2,22.4
107010,PACHIZA,2005,03,15,0.0,32.4,22.8
107010,PACHIZA,2005,03,16,0.0,32.3,21.8
107010,PACHIZA,2005,03,17,0.0,32.2,22.0
107010,PACHIZA,2005,03,18,2.2,33.2,22.6
107010,PACHIZA,2005,03,19,104.2,33.2,22.8
107010,PACHIZA,2005,03,20,2.0,30.2,22.8
107010,PACHIZA,2005,03,21,0.0,31.2,21.6
107010,PACHIZA,2005,03,22,0.0,32.1,23.6
107010,PACHIZA,2005,03,23,0.0,32.3,22.2
107010,PACHIZA,2005,03,24,0.0,32.2,22.0
107010,PACHIZA,2005,03,25,10.1,30.2,22.4
107010,PACHIZA,2005,03,26,0.0,31.2,21.2
107010,PACHIZA,2005,03,27,0.0,33.1,21.8
107010,PACHIZA,2005,03,28,9.8,32.3,22.2
107010,PACHIZA,2005,03,29,1.1,31.0,21.8
107010,PACHIZA,2005,03,30,1.6,33.0,22.8
107010,PACHIZA,2005,03,31,0.0,30.2,22.8
107010,PACHIZA,2005,04,01,0.0,32.2,22.1
107010,PACHIZA,2005,04,02,17.7,32.2,22.4
107010,PACHIZA,2005,04,03,35.3,30.0,21.4
107010,PACHIZA,2005,04,04,50.2,31.2,22.1
107010,PACHIZA,2005,04,05,61.0,31.1,22.1
107010,PACHIZA,2005,04,06,45.1,30.2,22.2
107010,PACHIZA,2005,04,07,30.0,28.5,22.0
107010,PACHIZA,2005,04,08,1.0,30.5,22.1
107010,PACHIZA,2005,04,09,12.2,31.5,21.2
107010,PACHIZA,2005,04,10,0.0,32.0,22.6
107010,PACHIZA,2005,04,11,0.0,32.5,22.4
107010,PACHIZA,2005,04,12,2.7,34.2,20.2
107010,PACHIZA,2005,04,13,21.1,31.0,21.4
107010,PACHIZA,2005,04,14,0.0,31.5,21.8
107010,PACHIZA,2005,04,15,0.0,32.0,22.4
107010,PACHIZA,2005,04,16,5.0,32.5,21.6
107010,PACHIZA,2005,04,17,0.0,31.5,22.2
107010,PACHIZA,2005,04,18,0.0,33.0,22.1
107010,PACHIZA,2005,04,19,0.0,33.5,22.6
107010,PACHIZA,2005,04,20,0.0,34.0,21.4
107010,PACHIZA,2005,04,21,34.4,27.0,21.2
107010,PACHIZA,2005,04,22,0.0,31.5,22.0
107010,PACHIZA,2005,04,23,8.7,33.5,22.4
107010,PACHIZA,2005,04,24,0.0,33.5,21.4
107010,PACHIZA,2005,04,25,68.4,30.0,23.4
107010,PACHIZA,2005,04,26,18.6,30.0,22.8
107010,PACHIZA,2005,04,27,6.3,-999,20.2
107010,PACHIZA,2005,04,28,1.0,-999,22.2
107010,PACHIZA,2005,04,29,13.0,-999,22.6
107010,PACHIZA,2005,04,30,3.2,30.0,-999
107010,PACHIZA,2005,05,01,0.0,29.5,21.1
107010,PACHIZA,2005,05,02,8.0,30.0,20.4
107010,PACHIZA,2005,05,03,0.0,30.0,22.0
107010,PACHIZA,2005,05,04,10.4,31.2,21.1
107010,PACHIZA,2005,05,05,19.3,25.0,21.1
107010,PACHIZA,2005,05,06,32.3,31.0,21.2
107010,PACHIZA,2005,05,07,42.1,30.5,21.2
107010,PACHIZA,2005,05,08,28.4,30.0,-999
107010,PACHIZA,2005,05,09,1.0,32.5,-999
107010,PACHIZA,2005,05,10,0.0,31.5,-999
107010,PACHIZA,2005,05,11,0.0,32.5,21.2
107010,PACHIZA,2005,05,12,0.0,32.0,21.2
107010,PACHIZA,2005,05,13,0.0,33.5,21.4
107010,PACHIZA,2005,05,14,0.0,33.0,21.2
107010,PACHIZA,2005,05,15,44.4,33.5,22.0
107010,PACHIZA,2005,05,16,2.4,33.5,21.4
107010,PACHIZA,2005,05,17,0.0,30.5,22.2
107010,PACHIZA,2005,05,18,0.0,32.5,22.4
107010,PACHIZA,2005,05,19,0.0,33.0,22.6
107010,PACHIZA,2005,05,20,0.0,-999,21.4
107010,PACHIZA,2005,05,21,0.0,31.5,23.0
107010,PACHIZA,2005,05,22,0.0,30.0,23.0
107010,PACHIZA,2005,05,23,0.0,33.0,21.8
107010,PACHIZA,2005,05,24,0.0,33.5,22.0
107010,PACHIZA,2005,05,25,0.0,34.0,22.0
107010,PACHIZA,2005,05,26,0.0,31.1,23.2
107010,PACHIZA,2005,05,27,0.0,33.0,23.0
107010,PACHIZA,2005,05,28,3.2,33.0,21.8
107010,PACHIZA,2005,05,29,1.7,32.0,21.6
107010,PACHIZA,2005,05,30,8.8,31.0,20.0
107010,PACHIZA,2005,05,31,0.0,32.0,21.2
107010,PACHIZA,2005,06,01,0.0,32.2,22.3
107010,PACHIZA,2005,06,02,5.7,32.1,23.4
107010,PACHIZA,2005,06,03,23.3,33.0,22.2
107010,PACHIZA,2005,06,04,0.0,32.5,21.2
107010,PACHIZA,2005,06,05,0.0,32.5,22.8
107010,PACHIZA,2005,06,06,24.6,29.5,21.8
107010,PACHIZA,2005,06,07,0.0,30.0,21.2
107010,PACHIZA,2005,06,08,0.0,31.5,19.8
107010,PACHIZA,2005,06,09,0.0,32.5,19.2
107010,PACHIZA,2005,06,10,0.0,31.5,21.4
107010,PACHIZA,2005,06,11,0.0,32.5,21.2
107010,PACHIZA,2005,06,12,0.0,32.0,22.4
107010,PACHIZA,2005,06,13,13.1,33.0,23.0
107010,PACHIZA,2005,06,14,4.4,29.5,23.2
107010,PACHIZA,2005,06,15,0.0,30.0,22.4
107010,PACHIZA,2005,06,16,0.0,33.0,22.0
107010,PACHIZA,2005,06,17,0.0,32.5,20.0
107010,PACHIZA,2005,06,18,0.0,33.0,20.8
107010,PACHIZA,2005,06,19,0.0,33.1,20.1
107010,PACHIZA,2005,06,20,20.5,32.5,20.2
107010,PACHIZA,2005,06,21,0.5,32.0,21.3
107010,PACHIZA,2005,06,22,5.2,31.5,21.4
107010,PACHIZA,2005,06,23,0.0,33.0,22.2
107010,PACHIZA,2005,06,24,0.0,30.0,20.8
107010,PACHIZA,2005,06,25,0.0,31.5,21.0
107010,PACHIZA,2005,06,26,0.0,32.0,18.4
107010,PACHIZA,2005,06,27,0.0,31.5,18.8
107010,PACHIZA,2005,06,28,0.0,32.5,20.8
107010,PACHIZA,2005,06,29,8.7,29.0,21.2
107010,PACHIZA,2005,06,30,1.3,32.0,22.4
107010,PACHIZA,2005,07,01,0.0,32.5,22.3
107010,PACHIZA,2005,07,02,0.0,33.6,20.4
107010,PACHIZA,2005,07,03,0.0,32.5,21.0
107010,PACHIZA,2005,07,04,0.0,32.5,20.8
107010,PACHIZA,2005,07,05,0.0,34.5,-999
107010,PACHIZA,2005,07,06,4.1,33.5,21.2
107010,PACHIZA,2005,07,07,0.0,25.0,-999
107010,PACHIZA,2005,07,08,0.0,28.5,19.2
107010,PACHIZA,2005,07,09,0.0,30.0,19.4
107010,PACHIZA,2005,07,10,0.0,30.5,19.0
107010,PACHIZA,2005,07,11,0.0,31.5,-999
107010,PACHIZA,2005,07,12,0.0,-999,18.8
107010,PACHIZA,2005,07,13,0.0,32.0,16.4
107010,PACHIZA,2005,07,14,0.0,31.5,16.4
107010,PACHIZA,2005,07,15,0.0,28.5,19.8
107010,PACHIZA,2005,07,16,0.0,33.5,20.4
107010,PACHIZA,2005,07,17,1.3,27.5,20.8
107010,PACHIZA,2005,07,18,6.0,32.0,20.4
107010,PACHIZA,2005,07,19,2.2,35.0,-999
107010,PACHIZA,2005,07,20,0.0,-999,-999
107010,PACHIZA,2005,07,21,0.0,30.5,-999
107010,PACHIZA,2005,07,22,0.0,32.0,19.4
107010,PACHIZA,2005,07,23,0.0,33.0,-999
107010,PACHIZA,2005,07,24,0.0,32.5,18.6
107010,PACHIZA,2005,07,25,0.0,30.5,19.8
107010,PACHIZA,2005,07,26,0.0,29.5,21.2
107010,PACHIZA,2005,07,27,0.0,31.5,-999
107010,PACHIZA,2005,07,28,0.0,32.5,17.4
107010,PACHIZA,2005,07,29,0.0,33.5,18.0
107010,PACHIZA,2005,07,30,0.0,33.5,-999
107010,PACHIZA,2005,07,31,0.0,33.0,16.2
107010,PACHIZA,2005,08,01,0.0,-999,19.8
107010,PACHIZA,2005,08,02,0.0,33.5,19.1
107010,PACHIZA,2005,08,03,0.0,34.0,19.6
107010,PACHIZA,2005,08,04,0.0,33.5,20.0
107010,PACHIZA,2005,08,05,3.1,34.0,22.6
107010,PACHIZA,2005,08,06,0.0,32.5,22.1
107010,PACHIZA,2005,08,07,3.0,33.0,22.0
107010,PACHIZA,2005,08,08,23.7,32.5,22.8
107010,PACHIZA,2005,08,09,1.1,25.5,19.8
107010,PACHIZA,2005,08,10,0.0,30.0,19.8
107010,PACHIZA,2005,08,11,0.0,31.0,18.6
107010,PACHIZA,2005,08,12,0.0,32.0,17.6
107010,PACHIZA,2005,08,13,0.0,33.0,17.8
107010,PACHIZA,2005,08,14,0.0,33.5,18.6
107010,PACHIZA,2005,08,15,0.0,34.0,18.8
107010,PACHIZA,2005,08,16,0.0,33.5,19.4
107010,PACHIZA,2005,08,17,0.0,34.0,19.2
107010,PACHIZA,2005,08,18,0.0,32.6,20.0
107010,PACHIZA,2005,08,19,0.0,31.0,20.6
107010,PACHIZA,2005,08,20,0.0,29.5,20.2
107010,PACHIZA,2005,08,21,0.0,33.5,19.8
107010,PACHIZA,2005,08,22,0.0,34.5,18.8
107010,PACHIZA,2005,08,23,0.0,35.0,19.2
107010,PACHIZA,2005,08,24,0.0,32.0,19.8
107010,PACHIZA,2005,08,25,37.0,34.5,20.8
107010,PACHIZA,2005,08,26,27.2,32.0,20.6
107010,PACHIZA,2005,08,27,0.0,33.0,20.4
107010,PACHIZA,2005,08,28,0.0,34.5,19.0
107010,PACHIZA,2005,08,29,0.0,35.0,19.4
107010,PACHIZA,2005,08,30,0.0,35.0,19.8
107010,PACHIZA,2005,08,31,0.0,35.5,19.6
107010,PACHIZA,2005,09,01,0.0,34.0,20.2
107010,PACHIZA,2005,09,02,0.5,31.0,19.4
107010,PACHIZA,2005,09,03,0.0,33.0,19.6
107010,PACHIZA,2005,09,04,0.0,33.5,20.2
107010,PACHIZA,2005,09,05,0.0,34.5,20.1
107010,PACHIZA,2005,09,06,7.5,35.2,21.0
107010,PACHIZA,2005,09,07,0.0,35.0,20.2
107010,PACHIZA,2005,09,08,6.3,-999,21.4
107010,PACHIZA,2005,09,09,4.4,33.5,20.2
107010,PACHIZA,2005,09,10,0.0,34.5,20.2
107010,PACHIZA,2005,09,11,0.0,34.0,20.8
107010,PACHIZA,2005,09,12,0.0,33.5,20.0
107010,PACHIZA,2005,09,13,6.9,27.5,20.0
107010,PACHIZA,2005,09,14,0.0,28.5,18.6
107010,PACHIZA,2005,09,15,0.0,32.5,19.6
107010,PACHIZA,2005,09,16,0.0,33.5,19.8
107010,PACHIZA,2005,09,17,0.0,35.0,19.6
107010,PACHIZA,2005,09,18,0.0,34.0,19.8
107010,PACHIZA,2005,09,19,14.8,34.5,20.0
107010,PACHIZA,2005,09,20,0.0,31.5,21.8
107010,PACHIZA,2005,09,21,0.0,34.5,21.4
107010,PACHIZA,2005,09,22,0.0,33.5,21.4
107010,PACHIZA,2005,09,23,0.0,35.0,22.2
107010,PACHIZA,2005,09,24,0.0,35.5,20.6
107010,PACHIZA,2005,09,25,0.0,35.5,20.0
107010,PACHIZA,2005,09,26,25.2,35.0,21.2
107010,PACHIZA,2005,09,27,0.0,25.0,20.8
107010,PACHIZA,2005,09,28,0.0,32.1,20.8
107010,PACHIZA,2005,09,29,0.0,34.5,20.0
107010,PACHIZA,2005,09,30,0.0,35.5,20.0
107010,PACHIZA,2005,10,01,0.0,34.5,21.0
107010,PACHIZA,2005,10,02,0.0,35.5,22.2
107010,PACHIZA,2005,10,03,0.0,35.5,20.0
107010,PACHIZA,2005,10,04,0.0,34.0,19.1
107010,PACHIZA,2005,10,05,0.0,34.5,20.2
107010,PACHIZA,2005,10,06,22.0,33.0,21.6
107010,PACHIZA,2005,10,07,12.1,31.5,21.8
107010,PACHIZA,2005,10,08,0.0,30.5,22.2
107010,PACHIZA,2005,10,09,0.0,34.5,21.2
107010,PACHIZA,2005,10,10,0.0,31.5,22.0
107010,PACHIZA,2005,10,11,0.0,33.0,21.4
107010,PACHIZA,2005,10,12,0.0,35.0,19.8
107010,PACHIZA,2005,10,13,7.3,34.5,21.4
107010,PACHIZA,2005,10,14,0.0,34.5,23.2
107010,PACHIZA,2005,10,15,3.3,35.5,21.2
107010,PACHIZA,2005,10,16,76.0,30.5,23.4
107010,PACHIZA,2005,10,17,0.0,34.0,22.6
107010,PACHIZA,2005,10,18,0.0,34.5,22.2
107010,PACHIZA,2005,10,19,86.5,32.5,-999
107010,PACHIZA,2005,10,20,0.0,31.5,21.0
107010,PACHIZA,2005,10,21,0.0,33.5,20.8
107010,PACHIZA,2005,10,22,2.5,34.0,22.6
107010,PACHIZA,2005,10,23,3.8,33.5,22.8
107010,PACHIZA,2005,10,24,3.5,32.0,21.6
107010,PACHIZA,2005,10,25,0.0,33.0,20.8
107010,PACHIZA,2005,10,26,0.0,33.5,21.6
107010,PACHIZA,2005,10,27,0.0,34.0,20.2
107010,PACHIZA,2005,10,28,6.3,35.5,23.2
107010,PACHIZA,2005,10,29,0.0,35.0,22.8
107010,PACHIZA,2005,10,30,0.0,34.0,22.4
107010,PACHIZA,2005,10,31,18.2,32.5,23.0
107010,PACHIZA,2005,11,01,2.1,30.5,21.4
107010,PACHIZA,2005,11,02,0.0,31.4,21.4
107010,PACHIZA,2005,11,03,12.8,33.5,22.8
107010,PACHIZA,2005,11,04,0.0,34.0,22.6
107010,PACHIZA,2005,11,05,0.0,33.5,22.2
107010,PACHIZA,2005,11,06,18.0,33.0,21.0
107010,PACHIZA,2005,11,07,8.6,32.5,21.4
107010,PACHIZA,2005,11,08,7.0,33.5,22.2
107010,PACHIZA,2005,11,09,0.0,-999,22.0
107010,PACHIZA,2005,11,10,0.0,34.0,22.2
107010,PACHIZA,2005,11,11,7.2,35.5,22.0
107010,PACHIZA,2005,11,12,21.3,34.5,22.8
107010,PACHIZA,2005,11,13,1.1,33.0,22.0
107010,PACHIZA,2005,11,14,0.0,30.5,20.2
107010,PACHIZA,2005,11,15,0.0,32.0,21.0
107010,PACHIZA,2005,11,16,0.0,35.0,21.6
107010,PACHIZA,2005,11,17,58.2,34.5,22.4
107010,PACHIZA,2005,11,18,0.0,29.5,20.6
107010,PACHIZA,2005,11,19,0.0,34.5,21.0
107010,PACHIZA,2005,11,20,99.0,34.0,22.8
107010,PACHIZA,2005,11,21,0.0,27.5,21.8
107010,PACHIZA,2005,11,22,0.0,31.5,20.5
107010,PACHIZA,2005,11,23,0.0,32.5,22.5
107010,PACHIZA,2005,11,24,0.0,34.5,23.5
107010,PACHIZA,2005,11,25,0.0,33.0,22.0
107010,PACHIZA,2005,11,26,0.0,32.5,21.8
107010,PACHIZA,2005,11,27,0.0,34.0,21.2
107010,PACHIZA,2005,11,28,0.0,34.5,22.0
107010,PACHIZA,2005,11,29,0.0,34.0,22.6
107010,PACHIZA,2005,11,30,0.0,34.5,21.8
107010,PACHIZA,2005,12,01,57.6,30.1,21.0
107010,PACHIZA,2005,12,02,43.2,28.2,21.2
107010,PACHIZA,2005,12,03,1.7,29.4,20.8
107010,PACHIZA,2005,12,04,0.0,33.0,21.4
107010,PACHIZA,2005,12,05,0.0,32.0,22.2
107010,PACHIZA,2005,12,06,0.0,34.2,21.8
107010,PACHIZA,2005,12,07,0.0,33.5,24.0
107010,PACHIZA,2005,12,08,3.5,32.0,22.0
107010,PACHIZA,2005,12,09,12.5,33.5,21.0
107010,PACHIZA,2005,12,10,0.0,32.0,21.2
107010,PACHIZA,2005,12,11,0.0,34.5,22.4
107010,PACHIZA,2005,12,12,30.2,32.2,22.2
107010,PACHIZA,2005,12,13,11.7,29.0,21.6
107010,PACHIZA,2005,12,14,7.8,33.0,21.8
107010,PACHIZA,2005,12,15,5.8,30.5,20.8
107010,PACHIZA,2005,12,16,0.0,31.5,21.6
107010,PACHIZA,2005,12,17,0.0,32.0,18.8
107010,PACHIZA,2005,12,18,0.0,33.0,22.4
107010,PACHIZA,2005,12,19,8.2,32.5,22.6
107010,PACHIZA,2005,12,20,0.0,-999,22.0
107010,PACHIZA,2005,12,21,27.8,33.0,22.4
107010,PACHIZA,2005,12,22,1.3,31.0,23.6
107010,PACHIZA,2005,12,23,0.0,33.5,22.8
107010,PACHIZA,2005,12,24,9.7,34.5,23.0
107010,PACHIZA,2005,12,25,7.1,32.5,22.4
107010,PACHIZA,2005,12,26,0.0,26.5,20.1
107010,PACHIZA,2005,12,27,0.0,29.5,20.2
107010,PACHIZA,2005,12,28,3.3,31.5,21.2
107010,PACHIZA,2005,12,29,6.1,30.5,20.8
107010,PACHIZA,2005,12,30,0.0,32.5,23.1
107010,PACHIZA,2005,12,31,0.0,32.0,22.0
107010,PACHIZA,2006,01,01,0.0,33.0,23.6
107010,PACHIZA,2006,01,02,0.0,35.0,23.1
107010,PACHIZA,2006,01,03,0.0,31.5,22.6
107010,PACHIZA,2006,01,04,12.5,33.0,21.8
107010,PACHIZA,2006,01,05,2.5,31.0,-999
107010,PACHIZA,2006,01,06,0.0,30.0,23.8
107010,PACHIZA,2006,01,07,0.0,31.5,23.2
107010,PACHIZA,2006,01,08,0.0,33.5,22.6
107010,PACHIZA,2006,01,09,0.0,34.5,22.6
107010,PACHIZA,2006,01,10,0.0,34.0,22.4
107010,PACHIZA,2006,01,11,0.0,34.5,23.6
107010,PACHIZA,2006,01,12,0.0,34.0,23.4
107010,PACHIZA,2006,01,13,1.7,34.5,22.4
107010,PACHIZA,2006,01,14,0.0,32.5,22.8
107010,PACHIZA,2006,01,15,0.0,33.0,22.2
107010,PACHIZA,2006,01,16,4.1,30.0,23.8
107010,PACHIZA,2006,01,17,0.0,31.0,22.6
107010,PACHIZA,2006,01,18,0.0,31.5,22.8
107010,PACHIZA,2006,01,19,1.2,32.0,22.6
107010,PACHIZA,2006,01,20,0.0,31.5,23.0
107010,PACHIZA,2006,01,21,0.0,31.0,21.6
107010,PACHIZA,2006,01,22,0.0,31.5,22.8
107010,PACHIZA,2006,01,23,0.0,32.0,22.2
107010,PACHIZA,2006,01,24,33.0,32.5,22.0
107010,PACHIZA,2006,01,25,66.5,31.5,22.1
107010,PACHIZA,2006,01,26,8.5,32.5,22.0
107010,PACHIZA,2006,01,27,8.6,29.0,22.6
107010,PACHIZA,2006,01,28,2.0,32.5,21.6
107010,PACHIZA,2006,01,29,0.0,33.0,22.6
107010,PACHIZA,2006,01,30,0.0,33.5,21.4
107010,PACHIZA,2006,01,31,0.0,33.5,22.6
107010,PACHIZA,2006,02,01,0.0,31.5,23.0
107010,PACHIZA,2006,02,02,4.5,32.5,22.2
107010,PACHIZA,2006,02,03,0.0,33.0,22.6
107010,PACHIZA,2006,02,04,0.0,33.5,23.4
107010,PACHIZA,2006,02,05,0.0,33.0,23.6
107010,PACHIZA,2006,02,06,0.0,32.5,23.1
107010,PACHIZA,2006,02,07,3.0,33.5,23.2
107010,PACHIZA,2006,02,08,0.0,31.5,23.2
107010,PACHIZA,2006,02,09,0.0,34.0,23.0
107010,PACHIZA,2006,02,10,0.0,32.0,23.4
107010,PACHIZA,2006,02,11,2.1,30.5,22.2
107010,PACHIZA,2006,02,12,0.0,32.5,23.2
107010,PACHIZA,2006,02,13,0.0,34.6,22.0
107010,PACHIZA,2006,02,14,0.0,35.0,23.6
107010,PACHIZA,2006,02,15,0.0,29.5,23.3
107010,PACHIZA,2006,02,16,1.3,29.5,22.6
107010,PACHIZA,2006,02,17,0.0,32.5,23.4
107010,PACHIZA,2006,02,18,21.5,34.0,22.4
107010,PACHIZA,2006,02,19,18.5,28.6,22.2
107010,PACHIZA,2006,02,20,3.1,29.9,22.3
107010,PACHIZA,2006,02,21,0.0,30.4,22.3
107010,PACHIZA,2006,02,22,0.0,31.2,21.2
107010,PACHIZA,2006,02,23,0.0,31.1,22.1
107010,PACHIZA,2006,02,24,0.0,33.7,21.6
107010,PACHIZA,2006,02,25,0.0,31.0,23.4
107010,PACHIZA,2006,02,26,1.5,33.2,22.0
107010,PACHIZA,2006,02,27,0.0,32.2,21.8
107010,PACHIZA,2006,02,28,0.0,31.2,23.8
107010,PACHIZA,2006,03,01,2.5,31.0,21.3
107010,PACHIZA,2006,03,02,0.0,33.2,21.4
107010,PACHIZA,2006,03,03,2.3,32.2,22.1
107010,PACHIZA,2006,03,04,0.0,31.5,22.3
107010,PACHIZA,2006,03,05,16.6,31.6,22.6
107010,PACHIZA,2006,03,06,0.0,32.0,22.1
107010,PACHIZA,2006,03,07,0.0,34.0,22.2
107010,PACHIZA,2006,03,08,0.0,30.5,22.8
107010,PACHIZA,2006,03,09,5.1,33.5,23.1
107010,PACHIZA,2006,03,10,63.0,30.7,-999
107010,PACHIZA,2006,03,11,0.0,30.0,20.5
107010,PACHIZA,2006,03,12,0.0,33.5,21.6
107010,PACHIZA,2006,03,13,11.0,33.5,22.4
107010,PACHIZA,2006,03,14,10.5,32.2,23.0
107010,PACHIZA,2006,03,15,0.0,34.0,22.3
107010,PACHIZA,2006,03,16,0.0,31.5,21.4
107010,PACHIZA,2006,03,17,0.0,34.0,22.4
107010,PACHIZA,2006,03,18,12.0,33.5,22.2
107010,PACHIZA,2006,03,19,0.0,33.4,22.3
107010,PACHIZA,2006,03,20,0.0,32.7,21.8
107010,PACHIZA,2006,03,21,4.2,34.2,21.7
107010,PACHIZA,2006,03,22,0.0,32.0,21.6
107010,PACHIZA,2006,03,23,0.0,32.7,21.8
107010,PACHIZA,2006,03,24,16.7,33.6,21.6
107010,PACHIZA,2006,03,25,0.0,31.9,21.8
107010,PACHIZA,2006,03,26,103.8,30.5,22.4
107010,PACHIZA,2006,03,27,0.0,31.9,21.2
107010,PACHIZA,2006,03,28,0.0,31.2,22.2
107010,PACHIZA,2006,03,29,0.0,32.7,21.6
107010,PACHIZA,2006,03,30,0.0,33.1,22.0
107010,PACHIZA,2006,03,31,-999,32.0,22.8
107010,PACHIZA,2006,04,01,0.0,32.2,22.9
107010,PACHIZA,2006,04,02,0.0,33.6,23.4
107010,PACHIZA,2006,04,03,20.0,31.1,22.9
107010,PACHIZA,2006,04,04,0.0,35.5,20.0
107010,PACHIZA,2006,04,05,0.0,31.2,19.3
107010,PACHIZA,2006,04,06,0.0,31.5,22.0
107010,PACHIZA,2006,04,07,0.0,32.2,22.6
107010,PACHIZA,2006,04,08,0.0,32.8,22.2
107010,PACHIZA,2006,04,09,0.0,32.2,22.1
107010,PACHIZA,2006,04,10,0.0,33.5,22.1
107010,PACHIZA,2006,04,11,46.8,33.4,22.0
107010,PACHIZA,2006,04,12,40.9,29.5,20.2
107010,PACHIZA,2006,04,13,2.0,30.5,21.2
107010,PACHIZA,2006,04,14,0.0,34.6,21.9
107010,PACHIZA,2006,04,15,0.0,32.7,22.2
107010,PACHIZA,2006,04,16,62.5,33.3,21.2
107010,PACHIZA,2006,04,17,0.0,30.0,21.8
107010,PACHIZA,2006,04,18,0.0,29.2,21.4
107010,PACHIZA,2006,04,19,0.0,31.0,21.1
107010,PACHIZA,2006,04,20,0.0,32.0,21.6
107010,PACHIZA,2006,04,21,0.0,32.6,21.0
107010,PACHIZA,2006,04,22,0.0,-999,21.2
107010,PACHIZA,2006,04,23,3.3,30.0,22.0
107010,PACHIZA,2006,04,24,5.6,31.1,22.1
107010,PACHIZA,2006,04,25,0.0,30.1,21.0
107010,PACHIZA,2006,04,26,5.0,31.1,21.2
107010,PACHIZA,2006,04,27,0.0,32.0,20.6
107010,PACHIZA,2006,04,28,0.0,33.6,20.3
107010,PACHIZA,2006,04,29,0.0,33.5,19.8
107010,PACHIZA,2006,04,30,0.0,33.2,19.9
107010,PACHIZA,2006,05,01,0.0,32.5,20.8
107010,PACHIZA,2006,05,02,0.0,32.3,21.4
107010,PACHIZA,2006,05,03,0.0,33.0,21.0
107010,PACHIZA,2006,05,04,0.0,31.7,20.2
107010,PACHIZA,2006,05,05,0.0,32.2,19.1
107010,PACHIZA,2006,05,06,0.0,-999,19.0
107010,PACHIZA,2006,05,07,0.0,32.1,20.1
107010,PACHIZA,2006,05,08,0.0,29.1,-999
107010,PACHIZA,2006,05,09,0.0,30.0,19.0
107010,PACHIZA,2006,05,10,0.0,29.5,20.0
107010,PACHIZA,2006,05,11,0.0,30.1,19.2
107010,PACHIZA,2006,05,12,0.0,31.5,20.3
107010,PACHIZA,2006,05,13,0.0,31.0,20.0
107010,PACHIZA,2006,05,14,0.0,32.1,19.2
107010,PACHIZA,2006,05,15,0.0,32.1,19.0
107010,PACHIZA,2006,05,16,0.0,32.5,19.1
107010,PACHIZA,2006,05,17,0.0,35.2,19.2
107010,PACHIZA,2006,05,18,0.0,33.5,20.1
107010,PACHIZA,2006,05,19,0.0,33.4,21.0
107010,PACHIZA,2006,05,20,0.0,34.4,20.1
107010,PACHIZA,2006,05,21,1.5,31.5,21.1
107010,PACHIZA,2006,05,22,0.0,29.1,22.0
107010,PACHIZA,2006,05,23,0.0,29.3,19.3
107010,PACHIZA,2006,05,24,0.0,32.1,18.4
107010,PACHIZA,2006,05,25,0.0,32.6,20.2
107010,PACHIZA,2006,05,26,0.0,33.5,18.2
107010,PACHIZA,2006,05,27,0.0,32.2,22.0
107010,PACHIZA,2006,05,28,0.0,33.5,18.0
107010,PACHIZA,2006,05,29,0.0,32.4,19.2
107010,PACHIZA,2006,05,30,5.6,32.1,20.1
107010,PACHIZA,2006,05,31,55.0,30.2,20.2
107010,PACHIZA,2006,06,01,9.0,29.0,22.1
107010,PACHIZA,2006,06,02,0.0,29.1,20.1
107010,PACHIZA,2006,06,03,0.0,32.5,21.4
107010,PACHIZA,2006,06,04,5.0,33.5,20.1
107010,PACHIZA,2006,06,05,0.0,32.6,19.2
107010,PACHIZA,2006,06,06,0.0,33.2,23.0
107010,PACHIZA,2006,06,07,12.6,32.1,21.8
107010,PACHIZA,2006,06,08,0.0,33.0,22.2
107010,PACHIZA,2006,06,09,1.0,33.1,22.0
107010,PACHIZA,2006,06,10,0.0,32.7,22.1
107010,PACHIZA,2006,06,11,29.5,33.5,22.1
107010,PACHIZA,2006,06,12,3.5,31.0,20.1
107010,PACHIZA,2006,06,13,26.5,28.5,19.8
107010,PACHIZA,2006,06,14,0.0,31.5,20.9
107010,PACHIZA,2006,06,15,0.0,32.5,20.0
107010,PACHIZA,2006,06,16,0.0,32.2,21.2
107010,PACHIZA,2006,06,17,0.0,32.4,20.1
107010,PACHIZA,2006,06,18,0.0,32.1,19.8
107010,PACHIZA,2006,06,19,0.0,32.3,20.0
107010,PACHIZA,2006,06,20,0.0,31.6,20.2
107010,PACHIZA,2006,06,21,0.0,32.5,19.4
107010,PACHIZA,2006,06,22,6.5,31.2,20.0
107010,PACHIZA,2006,06,23,0.0,30.1,20.1
107010,PACHIZA,2006,06,24,0.0,31.3,19.1
107010,PACHIZA,2006,06,25,0.0,32.2,18.0
107010,PACHIZA,2006,06,26,0.6,33.6,18.3
107010,PACHIZA,2006,06,27,0.0,31.6,18.9
107010,PACHIZA,2006,06,28,4.2,32.7,21.2
107010,PACHIZA,2006,06,29,8.3,32.0,20.6
107010,PACHIZA,2006,06,30,0.0,30.5,20.4
107010,PACHIZA,2006,07,01,0.0,32.1,19.2
107010,PACHIZA,2006,07,02,0.0,33.1,19.4
107010,PACHIZA,2006,07,03,0.0,33.4,20.0
107010,PACHIZA,2006,07,04,0.0,30.4,19.2
107010,PACHIZA,2006,07,05,0.0,32.2,19.0
107010,PACHIZA,2006,07,06,0.0,33.1,18.4
107010,PACHIZA,2006,07,07,0.0,30.3,18.3
107010,PACHIZA,2006,07,08,0.0,31.0,19.0
107010,PACHIZA,2006,07,09,0.0,33.5,19.0
107010,PACHIZA,2006,07,10,0.0,34.5,18.4
107010,PACHIZA,2006,07,11,0.0,34.9,18.4
107010,PACHIZA,2006,07,12,0.0,34.5,19.0
107010,PACHIZA,2006,07,13,0.0,32.4,18.8
107010,PACHIZA,2006,07,14,25.1,33.0,18.3
107010,PACHIZA,2006,07,15,6.9,29.4,18.2
107010,PACHIZA,2006,07,16,0.0,30.0,20.1
107010,PACHIZA,2006,07,17,0.0,30.1,20.2
107010,PACHIZA,2006,07,18,0.0,31.1,20.4
107010,PACHIZA,2006,07,19,0.0,31.7,21.0
107010,PACHIZA,2006,07,20,0.0,32.5,19.4
107010,PACHIZA,2006,07,21,0.0,32.6,18.3
107010,PACHIZA,2006,07,22,0.0,32.1,18.4
107010,PACHIZA,2006,07,23,0.0,32.3,19.2
107010,PACHIZA,2006,07,24,0.0,32.1,19.2
107010,PACHIZA,2006,07,25,0.0,31.4,21.1
107010,PACHIZA,2006,07,26,0.0,30.5,20.0
107010,PACHIZA,2006,07,27,0.0,33.5,20.2
107010,PACHIZA,2006,07,28,0.0,34.1,20.0
107010,PACHIZA,2006,07,29,0.0,32.0,20.1
107010,PACHIZA,2006,07,30,0.0,32.2,19.4
107010,PACHIZA,2006,07,31,7.4,27.5,20.0
107010,PACHIZA,2006,08,01,0.0,28.0,20.1
107010,PACHIZA,2006,08,02,0.0,32.4,19.1
107010,PACHIZA,2006,08,03,0.0,33.4,19.4
107010,PACHIZA,2006,08,04,0.0,32.6,20.2
107010,PACHIZA,2006,08,05,0.0,34.0,19.4
107010,PACHIZA,2006,08,06,0.0,34.1,19.2
107010,PACHIZA,2006,08,07,0.0,34.5,21.0
107010,PACHIZA,2006,08,08,0.0,34.1,19.3
107010,PACHIZA,2006,08,09,0.0,33.3,19.3
107010,PACHIZA,2006,08,10,6.8,28.1,21.0
107010,PACHIZA,2006,08,11,0.0,32.0,21.2
107010,PACHIZA,2006,08,12,0.0,33.6,21.0
107010,PACHIZA,2006,08,13,0.0,35.1,20.0
107010,PACHIZA,2006,08,14,0.0,35.5,19.0
107010,PACHIZA,2006,08,15,0.0,34.3,19.2
107010,PACHIZA,2006,08,16,0.0,34.4,20.2
107010,PACHIZA,2006,08,17,0.0,35.0,20.0
107010,PACHIZA,2006,08,18,0.0,30.0,20.1
107010,PACHIZA,2006,08,19,0.0,31.0,20.0
107010,PACHIZA,2006,08,20,0.0,30.4,20.3
107010,PACHIZA,2006,08,21,0.0,32.5,21.3
107010,PACHIZA,2006,08,22,0.0,32.1,20.3
107010,PACHIZA,2006,08,23,0.0,33.5,21.0
107010,PACHIZA,2006,08,24,0.0,34.7,19.6
107010,PACHIZA,2006,08,25,0.0,34.5,19.3
107010,PACHIZA,2006,08,26,0.0,34.8,19.2
107010,PACHIZA,2006,08,27,0.0,31.5,21.1
107010,PACHIZA,2006,08,28,4.7,32.1,20.2
107010,PACHIZA,2006,08,29,0.0,34.0,18.2
107010,PACHIZA,2006,08,30,0.0,33.0,20.2
107010,PACHIZA,2006,08,31,0.0,34.5,20.0
107010,PACHIZA,2006,09,01,0.0,35.5,20.1
107010,PACHIZA,2006,09,02,1.2,35.0,21.2
107010,PACHIZA,2006,09,03,0.0,32.4,21.0
107010,PACHIZA,2006,09,04,0.0,33.2,19.4
107010,PACHIZA,2006,09,05,0.0,35.1,19.2
107010,PACHIZA,2006,09,06,0.0,33.0,16.2
107010,PACHIZA,2006,09,07,0.0,34.0,16.0
107010,PACHIZA,2006,09,08,0.0,35.8,18.0
107010,PACHIZA,2006,09,09,0.0,33.1,20.2
107010,PACHIZA,2006,09,10,1.0,34.5,19.0
107010,PACHIZA,2006,09,11,8.0,31.5,20.0
107010,PACHIZA,2006,09,12,0.0,33.5,21.0
107010,PACHIZA,2006,09,13,0.0,34.8,21.0
107010,PACHIZA,2006,09,14,0.0,35.0,19.6
107010,PACHIZA,2006,09,15,0.0,36.5,20.1
107010,PACHIZA,2006,09,16,0.0,36.6,21.0
107010,PACHIZA,2006,09,17,0.0,36.5,21.2
107010,PACHIZA,2006,09,18,3.2,32.0,21.3
107010,PACHIZA,2006,09,19,0.0,34.8,20.1
107010,PACHIZA,2006,09,20,0.0,36.5,20.0
107010,PACHIZA,2006,09,21,0.0,36.5,20.0
107010,PACHIZA,2006,09,22,0.5,36.2,21.2
107010,PACHIZA,2006,09,23,8.1,36.6,21.0
107010,PACHIZA,2006,09,24,30.5,34.5,22.1
107010,PACHIZA,2006,09,25,38.0,32.0,21.2
107010,PACHIZA,2006,09,26,0.0,32.0,21.0
107010,PACHIZA,2006,09,27,0.0,34.5,21.0
107010,PACHIZA,2006,09,28,0.0,35.6,19.7
107010,PACHIZA,2006,09,29,55.0,36.7,21.0
107010,PACHIZA,2006,09,30,0.0,31.5,21.2
107010,PACHIZA,2006,10,01,0.0,34.5,21.0
107010,PACHIZA,2006,10,02,7.3,34.0,21.0
107010,PACHIZA,2006,10,03,0.0,32.2,20.1
107010,PACHIZA,2006,10,04,0.0,33.3,19.3
107010,PACHIZA,2006,10,05,2.1,35.5,20.2
107010,PACHIZA,2006,10,06,0.0,33.5,20.2
107010,PACHIZA,2006,10,07,3.3,34.6,21.2
107010,PACHIZA,2006,10,08,0.0,35.5,21.2
107010,PACHIZA,2006,10,09,0.0,34.6,22.3
107010,PACHIZA,2006,10,10,0.0,35.3,21.4
107010,PACHIZA,2006,10,11,11.3,35.2,23.0
107010,PACHIZA,2006,10,12,5.6,32.1,22.0
107010,PACHIZA,2006,10,13,0.0,34.5,23.0
107010,PACHIZA,2006,10,14,0.0,34.2,22.3
107010,PACHIZA,2006,10,15,0.0,36.0,22.2
107010,PACHIZA,2006,10,16,0.0,37.0,22.1
107010,PACHIZA,2006,10,17,0.0,35.5,23.1
107010,PACHIZA,2006,10,18,0.0,-999,22.4
107010,PACHIZA,2006,10,19,52.0,35.5,22.3
107010,PACHIZA,2006,10,20,77.9,29.0,19.4
107010,PACHIZA,2006,10,21,0.0,31.6,20.2
107010,PACHIZA,2006,10,22,0.0,32.0,22.1
107010,PACHIZA,2006,10,23,5.3,34.5,22.0
107010,PACHIZA,2006,10,24,7.1,34.5,21.2
107010,PACHIZA,2006,10,25,0.0,34.3,22.2
107010,PACHIZA,2006,10,26,35.8,35.4,22.0
107010,PACHIZA,2006,10,27,0.0,32.5,21.3
107010,PACHIZA,2006,10,28,0.0,35.0,21.2
107010,PACHIZA,2006,10,29,0.0,35.1,22.3
107010,PACHIZA,2006,10,30,0.0,34.0,23.1
107010,PACHIZA,2006,10,31,3.5,31.0,23.0
107010,PACHIZA,2006,11,01,0.0,33.7,22.3
107010,PACHIZA,2006,11,02,0.0,33.4,23.3
107010,PACHIZA,2006,11,03,0.0,34.2,22.0
107010,PACHIZA,2006,11,04,0.0,34.6,22.1
107010,PACHIZA,2006,11,05,0.0,33.7,22.3
107010,PACHIZA,2006,11,06,0.0,34.4,23.1
107010,PACHIZA,2006,11,07,60.6,34.5,22.3
107010,PACHIZA,2006,11,08,0.0,31.0,21.0
107010,PACHIZA,2006,11,09,0.0,31.7,22.0
107010,PACHIZA,2006,11,10,9.0,34.0,22.1
107010,PACHIZA,2006,11,11,121.3,32.0,21.1
107010,PACHIZA,2006,11,12,2.5,29.0,20.4
107010,PACHIZA,2006,11,13,0.0,34.5,20.0
107010,PACHIZA,2006,11,14,0.0,35.0,21.0
107010,PACHIZA,2006,11,15,0.0,34.8,22.4
107010,PACHIZA,2006,11,16,0.0,33.1,21.2
107010,PACHIZA,2006,11,17,12.1,-999,20.4
107010,PACHIZA,2006,11,18,0.0,29.6,22.1
107010,PACHIZA,2006,11,19,0.0,28.1,21.0
107010,PACHIZA,2006,11,20,0.0,31.5,20.2
107010,PACHIZA,2006,11,21,0.0,34.0,19.1
107010,PACHIZA,2006,11,22,0.0,34.5,19.3
107010,PACHIZA,2006,11,23,47.0,35.0,21.3
107010,PACHIZA,2006,11,24,9.5,34.2,21.0
107010,PACHIZA,2006,11,25,1.7,33.4,21.1
107010,PACHIZA,2006,11,26,0.0,32.0,23.1
107010,PACHIZA,2006,11,27,0.0,34.0,22.1
107010,PACHIZA,2006,11,28,13.6,34.5,22.1
107010,PACHIZA,2006,11,29,8.6,33.4,21.2
107010,PACHIZA,2006,11,30,-999,33.0,22.3
107010,PACHIZA,2006,12,01,0.0,32.5,22.2
107010,PACHIZA,2006,12,02,0.0,34.5,22.0
107010,PACHIZA,2006,12,03,4.6,33.2,23.1
107010,PACHIZA,2006,12,04,13.1,32.3,22.1
107010,PACHIZA,2006,12,05,0.0,32.5,24.1
107010,PACHIZA,2006,12,06,0.0,32.4,22.4
107010,PACHIZA,2006,12,07,4.8,34.0,23.1
107010,PACHIZA,2006,12,08,0.0,32.0,23.0
107010,PACHIZA,2006,12,09,0.0,34.6,22.1
107010,PACHIZA,2006,12,10,9.0,34.0,23.1
107010,PACHIZA,2006,12,11,12.1,32.2,23.0
107010,PACHIZA,2006,12,12,0.0,33.4,21.2
107010,PACHIZA,2006,12,13,0.0,33.0,23.1
107010,PACHIZA,2006,12,14,0.0,30.7,23.0
107010,PACHIZA,2006,12,15,23.6,34.1,23.0
107010,PACHIZA,2006,12,16,0.0,33.0,22.1
107010,PACHIZA,2006,12,17,3.9,34.5,22.1
107010,PACHIZA,2006,12,18,0.0,32.6,23.0
107010,PACHIZA,2006,12,19,0.0,32.3,22.3
107010,PACHIZA,2006,12,20,18.0,33.6,22.1
107010,PACHIZA,2006,12,21,0.0,31.0,22.4
107010,PACHIZA,2006,12,22,0.0,32.0,22.0
107010,PACHIZA,2006,12,23,0.0,35.0,21.1
107010,PACHIZA,2006,12,24,0.0,35.1,22.2
107010,PACHIZA,2006,12,25,28.1,34.9,22.1
107010,PACHIZA,2006,12,26,21.4,29.5,22.0
107010,PACHIZA,2006,12,27,0.0,32.3,22.3
107010,PACHIZA,2006,12,28,27.8,30.0,22.0
107010,PACHIZA,2006,12,29,0.0,33.0,21.4
107010,PACHIZA,2006,12,30,0.0,34.5,21.3
107010,PACHIZA,2006,12,31,12.5,31.1,23.0
107010,PACHIZA,2007,01,01,0.0,33.7,22.4
107010,PACHIZA,2007,01,02,0.0,34.5,22.0
107010,PACHIZA,2007,01,03,28.2,30.3,21.0
107010,PACHIZA,2007,01,04,0.0,32.2,22.0
107010,PACHIZA,2007,01,05,0.0,33.0,22.1
107010,PACHIZA,2007,01,06,0.0,33.0,21.3
107010,PACHIZA,2007,01,07,0.0,34.5,22.0
107010,PACHIZA,2007,01,08,0.0,34.6,22.2
107010,PACHIZA,2007,01,09,0.0,33.0,21.1
107010,PACHIZA,2007,01,10,0.0,32.5,21.0
107010,PACHIZA,2007,01,11,2.5,32.6,21.3
107010,PACHIZA,2007,01,12,0.0,34.2,21.0
107010,PACHIZA,2007,01,13,0.0,35.0,21.3
107010,PACHIZA,2007,01,14,0.0,35.0,22.1
107010,PACHIZA,2007,01,15,0.0,35.5,22.2
107010,PACHIZA,2007,01,16,0.0,34.3,21.3
107010,PACHIZA,2007,01,17,0.0,34.6,22.0
107010,PACHIZA,2007,01,18,0.0,32.2,22.1
107010,PACHIZA,2007,01,19,5.0,34.2,22.0
107010,PACHIZA,2007,01,20,0.0,35.0,23.0
107010,PACHIZA,2007,01,21,0.0,35.1,23.1
107010,PACHIZA,2007,01,22,10.9,29.3,22.0
107010,PACHIZA,2007,01,23,0.0,33.0,21.2
107010,PACHIZA,2007,01,24,0.0,35.0,22.0
107010,PACHIZA,2007,01,25,0.0,30.3,22.3
107010,PACHIZA,2007,01,26,3.1,33.4,21.2
107010,PACHIZA,2007,01,27,0.0,34.5,22.1
107010,PACHIZA,2007,01,28,0.0,35.2,22.3
107010,PACHIZA,2007,01,29,0.0,31.0,22.0
107010,PACHIZA,2007,01,30,0.0,35.0,21.2
107010,PACHIZA,2007,01,31,-999,34.4,21.3
107010,PACHIZA,2007,02,01,0.0,35.0,20.2
107010,PACHIZA,2007,02,02,0.0,33.4,22.2
107010,PACHIZA,2007,02,03,0.0,32.1,21.3
107010,PACHIZA,2007,02,04,0.0,36.1,21.1
107010,PACHIZA,2007,02,05,0.0,36.3,21.4
107010,PACHIZA,2007,02,06,0.0,36.0,23.0
107010,PACHIZA,2007,02,07,0.0,35.5,22.3
107010,PACHIZA,2007,02,08,0.0,29.0,23.1
107010,PACHIZA,2007,02,09,0.0,33.0,21.3
107010,PACHIZA,2007,02,10,0.0,31.4,22.0
107010,PACHIZA,2007,02,11,0.0,32.3,23.0
107010,PACHIZA,2007,02,12,0.0,31.2,-999
107010,PACHIZA,2007,02,13,0.0,36.0,-999
107010,PACHIZA,2007,02,14,0.0,37.0,-999
107010,PACHIZA,2007,02,15,0.0,37.4,22.2
107010,PACHIZA,2007,02,16,0.0,36.0,22.4
107010,PACHIZA,2007,02,17,20.1,28.1,-999
107010,PACHIZA,2007,02,18,0.0,34.3,22.0
107010,PACHIZA,2007,02,19,0.0,36.5,22.0
107010,PACHIZA,2007,02,20,0.0,34.5,23.0
107010,PACHIZA,2007,02,21,0.0,36.0,20.1
107010,PACHIZA,2007,02,22,0.0,35.0,21.3
107010,PACHIZA,2007,02,23,0.0,29.1,22.0
107010,PACHIZA,2007,02,24,47.3,34.3,21.0
107010,PACHIZA,2007,02,25,5.3,29.2,22.1
107010,PACHIZA,2007,02,26,0.0,32.1,20.0
107010,PACHIZA,2007,02,27,0.0,35.3,21.0
107010,PACHIZA,2007,02,28,4.0,35.0,22.0
107010,PACHIZA,2007,03,01,0.0,34.4,21.1
107010,PACHIZA,2007,03,02,0.0,33.2,21.4
107010,PACHIZA,2007,03,03,0.0,33.0,21.1
107010,PACHIZA,2007,03,04,8.2,34.2,22.3
107010,PACHIZA,2007,03,05,18.0,33.3,22.1
107010,PACHIZA,2007,03,06,0.0,31.5,21.2
107010,PACHIZA,2007,03,07,0.0,30.1,22.0
107010,PACHIZA,2007,03,08,0.0,33.4,21.3
107010,PACHIZA,2007,03,09,0.0,33.0,21.3
107010,PACHIZA,2007,03,10,0.0,34.6,21.2
107010,PACHIZA,2007,03,11,0.0,33.8,21.1
107010,PACHIZA,2007,03,12,0.0,33.0,21.0
107010,PACHIZA,2007,03,13,3.8,35.0,20.2
107010,PACHIZA,2007,03,14,6.2,30.5,21.3
107010,PACHIZA,2007,03,15,0.0,33.1,21.3
107010,PACHIZA,2007,03,16,0.0,31.2,22.1
107010,PACHIZA,2007,03,17,0.0,33.1,22.0
107010,PACHIZA,2007,03,18,78.7,34.2,22.4
107010,PACHIZA,2007,03,19,24.3,26.3,21.1
107010,PACHIZA,2007,03,20,0.0,31.7,20.1
107010,PACHIZA,2007,03,21,0.0,34.2,20.0
107010,PACHIZA,2007,03,22,5.3,35.0,21.2
107010,PACHIZA,2007,03,23,15.8,31.5,22.5
107010,PACHIZA,2007,03,24,0.0,33.4,22.0
107010,PACHIZA,2007,03,25,12.1,33.5,20.1
107010,PACHIZA,2007,03,26,0.0,30.5,21.0
107010,PACHIZA,2007,03,27,22.0,33.5,21.0
107010,PACHIZA,2007,03,28,2.3,30.7,22.0
107010,PACHIZA,2007,03,29,0.0,29.0,21.1
107010,PACHIZA,2007,03,30,0.0,31.5,21.0
107010,PACHIZA,2007,03,31,8.0,31.2,21.1
107010,PACHIZA,2007,04,01,0.0,29.1,21.2
107010,PACHIZA,2007,04,02,0.0,32.0,21.0
107010,PACHIZA,2007,04,03,0.0,34.1,21.2
107010,PACHIZA,2007,04,04,0.0,32.1,21.1
107010,PACHIZA,2007,04,05,4.3,32.2,21.0
107010,PACHIZA,2007,04,06,0.0,32.0,22.0
107010,PACHIZA,2007,04,07,2.3,29.9,21.4
107010,PACHIZA,2007,04,08,0.0,33.0,22.1
107010,PACHIZA,2007,04,09,15.4,27.0,22.0
107010,PACHIZA,2007,04,10,0.0,29.0,21.4
107010,PACHIZA,2007,04,11,0.0,32.0,21.3
107010,PACHIZA,2007,04,12,0.0,34.0,22.1
107010,PACHIZA,2007,04,13,0.0,33.5,22.1
107010,PACHIZA,2007,04,14,0.0,33.0,21.0
107010,PACHIZA,2007,04,15,43.7,29.1,22.0
107010,PACHIZA,2007,04,16,0.0,32.5,20.3
107010,PACHIZA,2007,04,17,0.0,33.0,20.4
107010,PACHIZA,2007,04,18,0.0,34.0,20.2
107010,PACHIZA,2007,04,19,0.0,34.2,23.0
107010,PACHIZA,2007,04,20,0.0,31.5,20.0
107010,PACHIZA,2007,04,21,10.0,33.2,20.3
107010,PACHIZA,2007,04,22,5.2,33.0,21.1
107010,PACHIZA,2007,04,23,0.0,33.0,21.2
107010,PACHIZA,2007,04,24,0.0,32.1,22.1
107010,PACHIZA,2007,04,25,0.0,32.0,22.0
107010,PACHIZA,2007,04,26,0.0,33.2,21.2
107010,PACHIZA,2007,04,27,67.1,32.5,22.1
107010,PACHIZA,2007,04,28,0.0,27.1,23.0
107010,PACHIZA,2007,04,29,2.5,28.5,20.1
107010,PACHIZA,2007,04,30,0.0,31.3,20.0
107010,PACHIZA,2007,05,01,0.0,32.2,20.3
107010,PACHIZA,2007,05,02,0.0,33.5,20.2
107010,PACHIZA,2007,05,03,10.0,29.1,20.0
107010,PACHIZA,2007,05,04,12.2,29.3,20.0
107010,PACHIZA,2007,05,05,0.0,33.0,22.0
107010,PACHIZA,2007,05,06,25.1,33.5,21.2
107010,PACHIZA,2007,05,07,2.5,30.5,22.0
107010,PACHIZA,2007,05,08,17.0,30.5,21.4
107010,PACHIZA,2007,05,09,32.1,27.1,22.1
107010,PACHIZA,2007,05,10,0.0,27.2,19.0
107010,PACHIZA,2007,05,11,0.0,32.0,19.2
107010,PACHIZA,2007,05,12,0.0,32.1,18.6
107010,PACHIZA,2007,05,13,0.0,32.5,20.0
107010,PACHIZA,2007,05,14,0.0,34.7,19.4
107010,PACHIZA,2007,05,15,0.0,33.6,20.0
107010,PACHIZA,2007,05,16,0.0,34.0,20.0
107010,PACHIZA,2007,05,17,0.0,33.5,20.6
107010,PACHIZA,2007,05,18,4.5,32.5,22.4
107010,PACHIZA,2007,05,19,9.1,26.5,22.1
107010,PACHIZA,2007,05,20,0.0,30.5,21.1
107010,PACHIZA,2007,05,21,14.4,32.2,22.0
107010,PACHIZA,2007,05,22,23.3,33.3,22.1
107010,PACHIZA,2007,05,23,38.1,33.1,23.0
107010,PACHIZA,2007,05,24,17.5,31.1,22.0
107010,PACHIZA,2007,05,25,0.0,26.4,15.3
107010,PACHIZA,2007,05,26,0.0,29.1,17.4
107010,PACHIZA,2007,05,27,0.0,31.0,19.3
107010,PACHIZA,2007,05,28,0.0,31.5,19.4
107010,PACHIZA,2007,05,29,0.0,32.5,16.0
107010,PACHIZA,2007,05,30,0.0,32.7,20.2
107010,PACHIZA,2007,05,31,0.0,31.1,21.4
107010,PACHIZA,2007,06,01,0.0,31.0,19.4
107010,PACHIZA,2007,06,02,0.0,32.0,20.0
107010,PACHIZA,2007,06,03,0.0,33.2,20.2
107010,PACHIZA,2007,06,04,0.0,32.2,22.0
107010,PACHIZA,2007,06,05,0.0,32.0,20.1
107010,PACHIZA,2007,06,06,0.0,32.5,20.2
107010,PACHIZA,2007,06,07,0.0,33.1,19.1
107010,PACHIZA,2007,06,08,0.0,33.0,20.2
107010,PACHIZA,2007,06,09,0.0,33.3,21.5
107010,PACHIZA,2007,06,10,0.0,32.5,21.0
107010,PACHIZA,2007,06,11,0.0,32.2,20.4
107010,PACHIZA,2007,06,12,0.0,32.0,21.2
107010,PACHIZA,2007,06,13,0.0,33.0,21.3
107010,PACHIZA,2007,06,14,5.0,32.8,19.4
107010,PACHIZA,2007,06,15,12.2,33.5,20.2
107010,PACHIZA,2007,06,16,0.0,32.6,19.6
107010,PACHIZA,2007,06,17,0.0,31.8,20.8
107010,PACHIZA,2007,06,18,0.0,32.5,20.1
107010,PACHIZA,2007,06,19,0.0,32.6,21.2
107010,PACHIZA,2007,06,20,0.0,31.5,20.1
107010,PACHIZA,2007,06,21,30.1,32.5,21.0
107010,PACHIZA,2007,06,22,0.0,29.5,21.0
107010,PACHIZA,2007,06,23,0.0,32.5,21.1
107010,PACHIZA,2007,06,24,11.5,33.5,21.0
107010,PACHIZA,2007,06,25,0.0,32.2,22.0
107010,PACHIZA,2007,06,26,0.0,31.6,20.4
107010,PACHIZA,2007,06,27,0.0,31.7,19.4
107010,PACHIZA,2007,06,28,0.0,30.0,21.0
107010,PACHIZA,2007,06,29,0.0,31.5,20.0
107010,PACHIZA,2007,06,30,0.0,30.5,21.0
107010,PACHIZA,2007,07,01,0.0,31.1,21.2
107010,PACHIZA,2007,07,02,0.0,32.1,18.2
107010,PACHIZA,2007,07,03,0.0,30.2,16.1
107010,PACHIZA,2007,07,04,0.0,32.5,19.1
107010,PACHIZA,2007,07,05,0.0,32.0,21.0
107010,PACHIZA,2007,07,06,0.0,31.2,19.0
107010,PACHIZA,2007,07,07,0.0,31.2,19.2
107010,PACHIZA,2007,07,08,0.0,31.5,20.1
107010,PACHIZA,2007,07,09,20.8,30.7,20.0
107010,PACHIZA,2007,07,10,0.0,31.5,21.1
107010,PACHIZA,2007,07,11,0.0,31.6,21.2
107010,PACHIZA,2007,07,12,0.0,30.2,20.1
107010,PACHIZA,2007,07,13,0.0,33.0,21.0
107010,PACHIZA,2007,07,14,0.0,29.4,20.6
107010,PACHIZA,2007,07,15,0.0,33.0,21.1
107010,PACHIZA,2007,07,16,0.0,32.8,21.0
107010,PACHIZA,2007,07,17,0.0,32.5,20.4
107010,PACHIZA,2007,07,18,0.0,34.5,21.2
107010,PACHIZA,2007,07,19,0.0,33.5,19.8
107010,PACHIZA,2007,07,20,0.0,31.5,20.8
107010,PACHIZA,2007,07,21,0.0,34.0,21.0
107010,PACHIZA,2007,07,22,0.0,34.2,20.1
107010,PACHIZA,2007,07,23,0.0,34.6,19.7
107010,PACHIZA,2007,07,24,0.0,33.8,20.1
107010,PACHIZA,2007,07,25,0.0,34.5,21.6
107010,PACHIZA,2007,07,26,16.0,33.2,-999
107010,PACHIZA,2007,07,27,0.0,32.2,15.7
107010,PACHIZA,2007,07,28,0.0,30.7,17.8
107010,PACHIZA,2007,07,29,0.0,30.2,18.6
107010,PACHIZA,2007,07,30,0.0,31.6,16.0
107010,PACHIZA,2007,07,31,0.0,32.3,16.2
107010,PACHIZA,2007,08,01,0.0,32.6,16.2
107010,PACHIZA,2007,08,02,0.0,32.4,16.4
107010,PACHIZA,2007,08,03,0.0,34.5,18.0
107010,PACHIZA,2007,08,04,0.0,33.5,17.0
107010,PACHIZA,2007,08,05,0.0,33.3,19.0
107010,PACHIZA,2007,08,06,0.0,34.3,18.2
107010,PACHIZA,2007,08,07,0.0,35.1,18.0
107010,PACHIZA,2007,08,08,0.0,35.0,19.2
107010,PACHIZA,2007,08,09,0.0,34.3,19.1
107010,PACHIZA,2007,08,10,0.0,34.0,20.0
107010,PACHIZA,2007,08,11,10.1,31.2,18.7
107010,PACHIZA,2007,08,12,0.0,31.1,20.6
107010,PACHIZA,2007,08,13,0.0,33.6,19.6
107010,PACHIZA,2007,08,14,0.0,34.5,17.8
107010,PACHIZA,2007,08,15,0.0,35.0,18.9
107010,PACHIZA,2007,08,16,0.0,34.1,18.5
107010,PACHIZA,2007,08,17,0.0,33.1,21.0
107010,PACHIZA,2007,08,18,6.4,28.1,20.4
107010,PACHIZA,2007,08,19,0.0,31.0,19.0
107010,PACHIZA,2007,08,20,0.0,33.0,19.1
107010,PACHIZA,2007,08,21,0.0,33.5,20.0
107010,PACHIZA,2007,08,22,0.0,34.5,17.3
107010,PACHIZA,2007,08,23,0.0,34.7,17.7
107010,PACHIZA,2007,08,24,0.0,35.0,17.9
107010,PACHIZA,2007,08,25,0.0,33.5,19.0
107010,PACHIZA,2007,08,26,0.0,30.0,20.1
107010,PACHIZA,2007,08,27,0.0,34.1,21.0
107010,PACHIZA,2007,08,28,2.8,29.1,21.7
107010,PACHIZA,2007,08,29,0.0,30.1,21.8
107010,PACHIZA,2007,08,30,0.0,33.5,21.0
107010,PACHIZA,2007,08,31,0.0,32.6,20.4
107010,PACHIZA,2007,09,01,0.0,33.0,18.2
107010,PACHIZA,2007,09,02,0.0,34.6,17.1
107010,PACHIZA,2007,09,03,31.1,34.5,19.8
107010,PACHIZA,2007,09,04,0.0,35.2,19.5
107010,PACHIZA,2007,09,05,24.8,34.5,20.0
107010,PACHIZA,2007,09,06,0.0,27.4,20.0
107010,PACHIZA,2007,09,07,0.0,30.5,19.2
107010,PACHIZA,2007,09,08,0.0,33.2,18.1
107010,PACHIZA,2007,09,09,0.0,33.1,19.3
107010,PACHIZA,2007,09,10,0.0,34.1,21.0
107010,PACHIZA,2007,09,11,0.0,33.8,19.3
107010,PACHIZA,2007,09,12,0.0,33.0,21.0
107010,PACHIZA,2007,09,13,0.0,31.5,19.6
107010,PACHIZA,2007,09,14,0.0,33.7,19.9
107010,PACHIZA,2007,09,15,9.0,29.3,18.8
107010,PACHIZA,2007,09,16,0.0,30.6,18.5
107010,PACHIZA,2007,09,17,0.0,34.1,19.6
107010,PACHIZA,2007,09,18,0.0,34.0,19.2
107010,PACHIZA,2007,09,19,0.0,35.1,20.0
107010,PACHIZA,2007,09,20,0.0,35.5,20.1
107010,PACHIZA,2007,09,21,0.0,34.4,20.2
107010,PACHIZA,2007,09,22,0.0,34.5,20.4
107010,PACHIZA,2007,09,23,0.0,35.7,20.2
107010,PACHIZA,2007,09,24,11.0,35.8,20.4
107010,PACHIZA,2007,09,25,4.5,35.7,20.2
107010,PACHIZA,2007,09,26,0.0,29.1,21.0
107010,PACHIZA,2007,09,27,18.2,33.1,20.0
107010,PACHIZA,2007,09,28,0.0,34.7,20.1
107010,PACHIZA,2007,09,29,0.0,34.2,20.0
107010,PACHIZA,2007,09,30,0.0,29.1,20.2
107010,PACHIZA,2007,10,01,0.0,31.5,20.1
107010,PACHIZA,2007,10,02,0.0,32.6,19.2
107010,PACHIZA,2007,10,03,0.0,33.1,20.0
107010,PACHIZA,2007,10,04,0.0,34.0,20.0
107010,PACHIZA,2007,10,05,0.0,35.1,17.3
107010,PACHIZA,2007,10,06,0.0,36.3,20.0
107010,PACHIZA,2007,10,07,1.1,32.2,18.0
107010,PACHIZA,2007,10,08,4.0,32.1,20.6
107010,PACHIZA,2007,10,09,0.0,36.6,18.2
107010,PACHIZA,2007,10,10,0.0,33.0,22.0
107010,PACHIZA,2007,10,11,0.0,35.0,20.4
107010,PACHIZA,2007,10,12,0.0,37.1,19.0
107010,PACHIZA,2007,10,13,0.0,32.0,22.2
107010,PACHIZA,2007,10,14,0.0,36.2,22.1
107010,PACHIZA,2007,10,15,72.5,36.5,20.4
107010,PACHIZA,2007,10,16,1.3,29.5,22.1
107010,PACHIZA,2007,10,17,16.2,32.1,19.1
107010,PACHIZA,2007,10,18,56.1,31.6,21.0
107010,PACHIZA,2007,10,19,19.9,26.0,19.6
107010,PACHIZA,2007,10,20,6.6,32.5,19.6
107010,PACHIZA,2007,10,21,9.5,28.1,20.1
107010,PACHIZA,2007,10,22,16.6,31.5,21.3
107010,PACHIZA,2007,10,23,0.0,31.8,21.0
107010,PACHIZA,2007,10,24,23.6,32.1,16.4
107010,PACHIZA,2007,10,25,0.0,31.0,19.3
107010,PACHIZA,2007,10,26,0.0,33.1,19.2
107010,PACHIZA,2007,10,27,25.1,32.1,19.2
107010,PACHIZA,2007,10,28,0.0,30.2,19.0
107010,PACHIZA,2007,10,29,0.0,30.1,21.0
107010,PACHIZA,2007,10,30,0.0,32.6,20.0
107010,PACHIZA,2007,10,31,0.0,33.2,19.6
107010,PACHIZA,2007,11,01,0.0,34.0,20.2
107010,PACHIZA,2007,11,02,0.0,34.2,21.3
107010,PACHIZA,2007,11,03,0.0,34.1,22.1
107010,PACHIZA,2007,11,04,0.0,33.0,21.1
107010,PACHIZA,2007,11,05,0.0,33.1,22.0
107010,PACHIZA,2007,11,06,33.3,34.2,20.2
107010,PACHIZA,2007,11,07,14.5,26.2,19.0
107010,PACHIZA,2007,11,08,0.0,32.2,17.0
107010,PACHIZA,2007,11,09,0.0,33.5,20.0
107010,PACHIZA,2007,11,10,0.0,33.2,22.1
107010,PACHIZA,2007,11,11,0.0,34.0,22.1
107010,PACHIZA,2007,11,12,33.5,35.2,22.3
107010,PACHIZA,2007,11,13,0.0,33.5,19.2
107010,PACHIZA,2007,11,14,7.6,33.7,20.1
107010,PACHIZA,2007,11,15,27.5,31.3,21.2
107010,PACHIZA,2007,11,16,13.5,29.5,19.3
107010,PACHIZA,2007,11,17,0.0,30.0,22.1
107010,PACHIZA,2007,11,18,0.0,32.2,21.5
107010,PACHIZA,2007,11,19,0.0,33.1,21.3
107010,PACHIZA,2007,11,20,0.0,34.1,21.4
107010,PACHIZA,2007,11,21,11.2,28.0,19.3
107010,PACHIZA,2007,11,22,39.1,31.0,17.4
107010,PACHIZA,2007,11,23,10.2,32.1,18.0
107010,PACHIZA,2007,11,24,4.3,34.6,19.4
107010,PACHIZA,2007,11,25,0.0,28.0,19.1
107010,PACHIZA,2007,11,26,7.1,32.7,22.0
107010,PACHIZA,2007,11,27,0.0,34.6,22.3
107010,PACHIZA,2007,11,28,6.2,35.1,21.6
107010,PACHIZA,2007,11,29,25.0,34.2,22.3
107010,PACHIZA,2007,11,30,0.0,33.3,22.8
107010,PACHIZA,2007,12,01,0.0,33.5,22.0
107010,PACHIZA,2007,12,02,2.5,33.7,22.2
107010,PACHIZA,2007,12,03,0.0,33.3,23.0
107010,PACHIZA,2007,12,04,4.3,32.6,21.0
107010,PACHIZA,2007,12,05,0.0,33.7,22.0
107010,PACHIZA,2007,12,06,0.0,-999,22.0
107010,PACHIZA,2007,12,07,0.0,33.0,22.3
107010,PACHIZA,2007,12,08,0.0,34.2,21.3
107010,PACHIZA,2007,12,09,0.0,35.1,21.3
107010,PACHIZA,2007,12,10,0.0,33.4,22.0
107010,PACHIZA,2007,12,11,0.0,35.2,21.2
107010,PACHIZA,2007,12,12,6.3,34.5,21.3
107010,PACHIZA,2007,12,13,0.0,30.1,19.4
107010,PACHIZA,2007,12,14,16.6,33.1,19.3
107010,PACHIZA,2007,12,15,5.2,32.1,19.3
107010,PACHIZA,2007,12,16,3.3,32.2,22.0
107010,PACHIZA,2007,12,17,0.0,30.1,20.0
107010,PACHIZA,2007,12,18,0.0,32.6,22.1
107010,PACHIZA,2007,12,19,0.0,33.7,21.7
107010,PACHIZA,2007,12,20,46.1,33.1,19.4
107010,PACHIZA,2007,12,21,0.0,34.4,19.1
107010,PACHIZA,2007,12,22,15.1,33.7,19.6
107010,PACHIZA,2007,12,23,0.0,34.5,22.5
107010,PACHIZA,2007,12,24,0.0,32.7,21.3
107010,PACHIZA,2007,12,25,0.0,33.5,19.3
107010,PACHIZA,2007,12,26,0.0,33.6,22.0
107010,PACHIZA,2007,12,27,0.0,30.0,22.1
107010,PACHIZA,2007,12,28,12.0,30.6,22.3
107010,PACHIZA,2007,12,29,0.0,32.2,21.4
107010,PACHIZA,2007,12,30,0.0,33.3,22.0
107010,PACHIZA,2007,12,31,0.0,31.8,22.1
107010,PACHIZA,2008,01,01,0.0,32.5,22.3
107010,PACHIZA,2008,01,02,0.0,32.1,21.1
107010,PACHIZA,2008,01,03,0.0,32.3,19.6
107010,PACHIZA,2008,01,04,0.0,34.5,21.2
107010,PACHIZA,2008,01,05,0.0,31.3,22.1
107010,PACHIZA,2008,01,06,0.0,30.1,21.3
107010,PACHIZA,2008,01,07,0.0,32.8,20.4
107010,PACHIZA,2008,01,08,2.5,31.0,20.1
107010,PACHIZA,2008,01,09,0.0,35.0,21.1
107010,PACHIZA,2008,01,10,5.3,33.2,22.1
107010,PACHIZA,2008,01,11,0.0,29.0,22.1
107010,PACHIZA,2008,01,12,0.0,27.2,21.1
107010,PACHIZA,2008,01,13,4.0,33.0,21.3
107010,PACHIZA,2008,01,14,0.0,32.1,21.6
107010,PACHIZA,2008,01,15,42.1,31.1,20.2
107010,PACHIZA,2008,01,16,0.0,33.3,21.1
107010,PACHIZA,2008,01,17,0.0,32.8,22.2
107010,PACHIZA,2008,01,18,0.0,33.5,21.1
107010,PACHIZA,2008,01,19,0.0,32.3,21.4
107010,PACHIZA,2008,01,20,0.0,32.7,20.0
107010,PACHIZA,2008,01,21,0.0,32.6,20.2
107010,PACHIZA,2008,01,22,0.0,33.5,20.1
107010,PACHIZA,2008,01,23,0.0,32.3,21.2
107010,PACHIZA,2008,01,24,0.0,30.5,22.0
107010,PACHIZA,2008,01,25,0.0,31.2,21.6
107010,PACHIZA,2008,01,26,0.0,33.3,22.1
107010,PACHIZA,2008,01,27,0.0,36.2,22.1
107010,PACHIZA,2008,01,28,0.0,31.2,22.0
107010,PACHIZA,2008,01,29,0.0,29.5,22.1
107010,PACHIZA,2008,01,30,5.3,28.5,21.4
107010,PACHIZA,2008,01,31,0.0,34.5,21.2
107010,PACHIZA,2008,02,01,0.0,34.4,21.0
107010,PACHIZA,2008,02,02,0.0,35.4,21.3
107010,PACHIZA,2008,02,03,37.5,33.3,22.1
107010,PACHIZA,2008,02,04,9.3,32.2,20.0
107010,PACHIZA,2008,02,05,4.0,31.2,21.4
107010,PACHIZA,2008,02,06,62.5,31.5,21.2
107010,PACHIZA,2008,02,07,0.0,32.8,20.0
107010,PACHIZA,2008,02,08,0.0,34.4,22.0
107010,PACHIZA,2008,02,09,0.0,33.2,21.4
107010,PACHIZA,2008,02,10,0.0,32.2,22.0
107010,PACHIZA,2008,02,11,0.0,34.7,21.0
107010,PACHIZA,2008,02,12,0.0,29.5,22.1
107010,PACHIZA,2008,02,13,0.0,32.6,21.2
107010,PACHIZA,2008,02,14,0.0,34.2,21.3
107010,PACHIZA,2008,02,15,1.0,34.1,22.3
107010,PACHIZA,2008,02,16,0.0,34.6,22.0
107010,PACHIZA,2008,02,17,5.9,28.2,21.0
107010,PACHIZA,2008,02,18,12.3,32.0,21.3
107010,PACHIZA,2008,02,19,35.0,32.2,21.0
107010,PACHIZA,2008,02,20,0.0,31.2,19.6
107010,PACHIZA,2008,02,21,2.5,32.0,21.2
107010,PACHIZA,2008,02,22,9.6,33.1,21.8
107010,PACHIZA,2008,02,23,32.1,32.4,21.2
107010,PACHIZA,2008,02,24,0.0,32.7,21.0
107010,PACHIZA,2008,02,25,0.0,33.1,22.1
107010,PACHIZA,2008,02,26,0.0,32.3,21.1
107010,PACHIZA,2008,02,27,0.4,32.2,21.4
107010,PACHIZA,2008,02,28,0.0,30.1,21.0
107010,PACHIZA,2008,02,29,0.0,32.5,21.2
107010,PACHIZA,2008,03,01,0.0,33.4,22.1
107010,PACHIZA,2008,03,02,0.0,32.3,22.2
107010,PACHIZA,2008,03,03,25.3,30.4,19.4
107010,PACHIZA,2008,03,04,0.0,30.3,22.1
107010,PACHIZA,2008,03,05,0.0,35.0,22.3
107010,PACHIZA,2008,03,06,0.0,31.2,20.2
107010,PACHIZA,2008,03,07,0.0,32.5,22.1
107010,PACHIZA,2008,03,08,2.5,32.0,23.1
107010,PACHIZA,2008,03,09,0.0,31.5,-999
107010,PACHIZA,2008,03,10,3.4,32.3,22.2
107010,PACHIZA,2008,03,11,66.2,28.4,22.0
107010,PACHIZA,2008,03,12,25.5,30.1,21.0
107010,PACHIZA,2008,03,13,7.3,29.1,21.2
107010,PACHIZA,2008,03,14,0.0,31.6,21.1
107010,PACHIZA,2008,03,15,59.4,28.0,21.0
107010,PACHIZA,2008,03,16,0.0,30.2,21.2
107010,PACHIZA,2008,03,17,18.2,32.1,21.1
107010,PACHIZA,2008,03,18,40.3,31.2,20.3
107010,PACHIZA,2008,03,19,0.0,32.2,20.0
107010,PACHIZA,2008,03,20,3.3,33.1,20.0
107010,PACHIZA,2008,03,21,0.0,30.5,21.3
107010,PACHIZA,2008,03,22,3.0,29.3,21.2
107010,PACHIZA,2008,03,23,0.0,32.1,20.1
107010,PACHIZA,2008,03,24,7.1,29.6,20.3
107010,PACHIZA,2008,03,25,0.0,32.5,21.3
107010,PACHIZA,2008,03,26,0.0,33.1,22.2
107010,PACHIZA,2008,03,27,0.0,34.1,21.2
107010,PACHIZA,2008,03,28,0.0,32.2,20.4
107010,PACHIZA,2008,03,29,15.0,28.4,22.0
107010,PACHIZA,2008,03,30,0.0,30.2,20.2
107010,PACHIZA,2008,03,31,0.0,33.6,21.0
107010,PACHIZA,2008,04,01,107.1,27.1,20.3
107010,PACHIZA,2008,04,02,12.3,28.1,20.2
107010,PACHIZA,2008,04,03,7.2,32.0,23.0
107010,PACHIZA,2008,04,04,0.0,28.2,21.1
107010,PACHIZA,2008,04,05,6.5,28.0,21.0
107010,PACHIZA,2008,04,06,0.0,31.6,21.0
107010,PACHIZA,2008,04,07,0.0,33.1,22.6
107010,PACHIZA,2008,04,08,0.0,34.3,22.6
107010,PACHIZA,2008,04,09,4.3,34.1,22.1
107010,PACHIZA,2008,04,10,0.0,29.0,21.0
107010,PACHIZA,2008,04,11,4.5,31.6,21.6
107010,PACHIZA,2008,04,12,0.0,33.1,21.4
107010,PACHIZA,2008,04,13,0.0,32.3,20.2
107010,PACHIZA,2008,04,14,0.0,32.5,21.2
107010,PACHIZA,2008,04,15,0.0,32.0,21.1
107010,PACHIZA,2008,04,16,0.0,32.1,22.1
107010,PACHIZA,2008,04,17,0.0,32.5,21.7
107010,PACHIZA,2008,04,18,9.0,32.7,20.3
107010,PACHIZA,2008,04,19,0.0,33.3,22.1
107010,PACHIZA,2008,04,20,0.0,34.2,20.3
107010,PACHIZA,2008,04,21,0.0,33.8,20.8
107010,PACHIZA,2008,04,22,0.0,33.0,21.2
107010,PACHIZA,2008,04,23,0.0,34.6,22.0
107010,PACHIZA,2008,04,24,3.2,30.0,22.0
107010,PACHIZA,2008,04,25,0.0,32.7,20.2
107010,PACHIZA,2008,04,26,0.0,33.5,21.0
107010,PACHIZA,2008,04,27,0.0,32.7,20.2
107010,PACHIZA,2008,04,28,0.0,33.6,22.7
107010,PACHIZA,2008,04,29,0.0,34.5,22.0
107010,PACHIZA,2008,04,30,0.0,35.0,21.1
107010,PACHIZA,2008,05,01,50.5,33.2,22.1
107010,PACHIZA,2008,05,02,12.1,30.0,22.0
107010,PACHIZA,2008,05,03,0.0,26.2,18.2
107010,PACHIZA,2008,05,04,0.0,28.3,19.1
107010,PACHIZA,2008,05,05,0.0,31.2,21.0
107010,PACHIZA,2008,05,06,0.0,31.1,19.2
107010,PACHIZA,2008,05,07,0.0,31.5,17.9
107010,PACHIZA,2008,05,08,0.0,32.5,18.9
107010,PACHIZA,2008,05,09,0.0,33.6,19.3
107010,PACHIZA,2008,05,10,86.0,26.4,19.1
107010,PACHIZA,2008,05,11,0.0,30.2,20.3
107010,PACHIZA,2008,05,12,0.0,30.2,20.2
107010,PACHIZA,2008,05,13,11.2,29.1,21.0
107010,PACHIZA,2008,05,14,0.0,31.1,19.3
107010,PACHIZA,2008,05,15,0.0,31.5,21.2
107010,PACHIZA,2008,05,16,0.0,32.7,19.8
107010,PACHIZA,2008,05,17,0.0,32.2,21.0
107010,PACHIZA,2008,05,18,15.8,32.6,21.2
107010,PACHIZA,2008,05,19,18.1,33.2,21.0
107010,PACHIZA,2008,05,20,0.0,33.1,21.7
107010,PACHIZA,2008,05,21,0.0,33.3,21.2
107010,PACHIZA,2008,05,22,8.0,34.2,22.4
107010,PACHIZA,2008,05,23,7.6,30.2,20.8
107010,PACHIZA,2008,05,24,15.2,32.1,21.7
107010,PACHIZA,2008,05,25,0.0,33.1,21.2
107010,PACHIZA,2008,05,26,3.1,29.3,21.7
107010,PACHIZA,2008,05,27,1.5,31.7,20.1
107010,PACHIZA,2008,05,28,9.2,28.7,19.9
107010,PACHIZA,2008,05,29,11.5,30.5,19.3
107010,PACHIZA,2008,05,30,11.2,32.1,20.3
107010,PACHIZA,2008,05,31,6.2,26.3,19.4
107010,PACHIZA,2008,06,01,0.0,30.0,20.1
107010,PACHIZA,2008,06,02,0.0,31.2,19.7
107010,PACHIZA,2008,06,03,0.0,31.3,20.3
107010,PACHIZA,2008,06,04,0.0,32.0,19.1
107010,PACHIZA,2008,06,05,0.0,31.7,18.6
107010,PACHIZA,2008,06,06,0.0,31.6,18.1
107010,PACHIZA,2008,06,07,0.0,32.2,18.5
107010,PACHIZA,2008,06,08,0.0,32.5,19.3
107010,PACHIZA,2008,06,09,0.0,32.3,18.3
107010,PACHIZA,2008,06,10,7.3,29.2,19.1
107010,PACHIZA,2008,06,11,0.0,31.6,21.2
107010,PACHIZA,2008,06,12,4.0,31.3,22.1
107010,PACHIZA,2008,06,13,44.6,31.4,22.0
107010,PACHIZA,2008,06,14,7.5,27.3,20.3
107010,PACHIZA,2008,06,15,22.0,32.2,22.0
107010,PACHIZA,2008,06,16,17.4,30.1,21.6
107010,PACHIZA,2008,06,17,0.0,30.5,20.1
107010,PACHIZA,2008,06,18,0.0,31.2,21.0
107010,PACHIZA,2008,06,19,0.0,32.2,20.3
107010,PACHIZA,2008,06,20,0.0,32.7,22.0
107010,PACHIZA,2008,06,21,0.0,33.0,21.0
107010,PACHIZA,2008,06,22,0.0,30.5,21.2
107010,PACHIZA,2008,06,23,25.3,32.4,20.4
107010,PACHIZA,2008,06,24,2.1,31.2,20.0
107010,PACHIZA,2008,06,25,0.0,30.1,20.1
107010,PACHIZA,2008,06,26,0.0,30.6,20.3
107010,PACHIZA,2008,06,27,0.0,31.2,20.2
107010,PACHIZA,2008,06,28,0.0,31.5,19.8
107010,PACHIZA,2008,06,29,0.0,31.3,17.3
107010,PACHIZA,2008,06,30,0.0,32.1,19.6
107010,PACHIZA,2008,07,01,0.0,31.1,18.0
107010,PACHIZA,2008,07,02,5.2,32.1,20.4
107010,PACHIZA,2008,07,03,3.4,31.3,20.0
107010,PACHIZA,2008,07,04,0.0,32.5,18.2
107010,PACHIZA,2008,07,05,0.0,30.7,20.1
107010,PACHIZA,2008,07,06,0.0,32.2,20.0
107010,PACHIZA,2008,07,07,0.0,33.5,19.1
107010,PACHIZA,2008,07,08,36.0,32.1,21.0
107010,PACHIZA,2008,07,09,0.0,29.1,20.0
107010,PACHIZA,2008,07,10,0.0,31.5,21.0
107010,PACHIZA,2008,07,11,0.0,31.2,21.0
107010,PACHIZA,2008,07,12,0.0,30.1,20.1
107010,PACHIZA,2008,07,13,0.0,33.6,20.7
107010,PACHIZA,2008,07,14,3.4,31.4,20.2
107010,PACHIZA,2008,07,15,0.0,33.1,20.1
107010,PACHIZA,2008,07,16,0.0,32.5,20.3
107010,PACHIZA,2008,07,17,0.0,32.1,21.0
107010,PACHIZA,2008,07,18,0.0,32.6,18.4
107010,PACHIZA,2008,07,19,0.0,32.5,18.7
107010,PACHIZA,2008,07,20,0.0,31.3,19.1
107010,PACHIZA,2008,07,21,0.0,33.2,19.0
107010,PACHIZA,2008,07,22,0.0,33.4,18.7
107010,PACHIZA,2008,07,23,0.0,32.2,20.2
107010,PACHIZA,2008,07,24,0.0,31.2,19.2
107010,PACHIZA,2008,07,25,0.0,32.0,20.6
107010,PACHIZA,2008,07,26,0.0,33.0,20.0
107010,PACHIZA,2008,07,27,0.0,33.5,19.7
107010,PACHIZA,2008,07,28,0.0,32.5,20.3
107010,PACHIZA,2008,07,29,0.0,33.2,20.1
107010,PACHIZA,2008,07,30,0.0,32.7,20.2
107010,PACHIZA,2008,07,31,2.5,33.6,19.8
107010,PACHIZA,2008,08,01,0.0,33.5,21.3
107010,PACHIZA,2008,08,02,0.0,33.2,21.0
107010,PACHIZA,2008,08,03,0.0,33.7,20.2
107010,PACHIZA,2008,08,04,13.0,34.7,21.3
107010,PACHIZA,2008,08,05,0.0,33.1,20.2
107010,PACHIZA,2008,08,06,11.7,33.7,19.7
107010,PACHIZA,2008,08,07,0.0,32.2,19.4
107010,PACHIZA,2008,08,08,0.0,32.7,21.0
107010,PACHIZA,2008,08,09,0.0,33.7,19.0
107010,PACHIZA,2008,08,10,18.5,32.5,19.2
107010,PACHIZA,2008,08,11,0.0,32.8,20.0
107010,PACHIZA,2008,08,12,0.0,34.6,17.6
107010,PACHIZA,2008,08,13,0.0,35.1,19.1
107010,PACHIZA,2008,08,14,2.3,35.0,20.3
107010,PACHIZA,2008,08,15,0.0,34.5,19.6
107010,PACHIZA,2008,08,16,0.0,35.1,18.8
107010,PACHIZA,2008,08,17,0.0,34.7,19.7
107010,PACHIZA,2008,08,18,0.0,35.2,20.1
107010,PACHIZA,2008,08,19,0.0,35.5,19.7
107010,PACHIZA,2008,08,20,0.0,34.1,19.9
107010,PACHIZA,2008,08,21,7.3,33.7,19.6
107010,PACHIZA,2008,08,22,1.5,32.5,20.0
107010,PACHIZA,2008,08,23,0.0,32.0,21.4
107010,PACHIZA,2008,08,24,29.5,32.1,20.1
107010,PACHIZA,2008,08,25,0.0,33.2,19.9
107010,PACHIZA,2008,08,26,0.0,34.1,20.1
107010,PACHIZA,2008,08,27,0.0,33.2,19.8
107010,PACHIZA,2008,08,28,0.0,34.5,20.3
107010,PACHIZA,2008,08,29,0.0,34.6,20.4
107010,PACHIZA,2008,08,30,0.0,33.5,20.8
107010,PACHIZA,2008,08,31,0.0,32.6,19.1
107010,PACHIZA,2008,09,01,0.0,32.6,20.1
107010,PACHIZA,2008,09,02,0.0,32.8,19.1
107010,PACHIZA,2008,09,03,0.0,35.2,19.7
107010,PACHIZA,2008,09,04,26.1,32.6,21.0
107010,PACHIZA,2008,09,05,1.0,31.2,19.1
107010,PACHIZA,2008,09,06,2.5,32.5,20.2
107010,PACHIZA,2008,09,07,2.2,31.6,19.1
107010,PACHIZA,2008,09,08,0.0,27.6,20.1
107010,PACHIZA,2008,09,09,0.0,33.1,20.6
107010,PACHIZA,2008,09,10,0.0,33.0,19.6
107010,PACHIZA,2008,09,11,0.0,34.7,18.6
107010,PACHIZA,2008,09,12,0.0,35.7,19.0
107010,PACHIZA,2008,09,13,0.0,35.2,18.7
107010,PACHIZA,2008,09,14,8.1,27.6,20.2
107010,PACHIZA,2008,09,15,7.2,29.4,20.0
107010,PACHIZA,2008,09,16,8.4,31.5,18.0
107010,PACHIZA,2008,09,17,6.0,29.2,20.6
107010,PACHIZA,2008,09,18,0.0,29.2,20.7
107010,PACHIZA,2008,09,19,0.0,34.6,19.6
107010,PACHIZA,2008,09,20,0.0,35.5,20.2
107010,PACHIZA,2008,09,21,8.3,33.6,20.2
107010,PACHIZA,2008,09,22,0.0,30.1,19.8
107010,PACHIZA,2008,09,23,0.0,34.2,19.2
107010,PACHIZA,2008,09,24,0.0,35.2,19.9
107010,PACHIZA,2008,09,25,4.0,36.2,20.6
107010,PACHIZA,2008,09,26,0.0,34.7,21.6
107010,PACHIZA,2008,09,27,0.0,35.2,22.1
107010,PACHIZA,2008,09,28,0.0,36.2,21.1
107010,PACHIZA,2008,09,29,2.3,32.5,21.0
107010,PACHIZA,2008,09,30,2.0,33.5,20.3
107010,PACHIZA,2008,10,01,0.0,34.5,22.1
107010,PACHIZA,2008,10,02,0.0,33.2,21.0
107010,PACHIZA,2008,10,03,0.0,36.0,21.2
107010,PACHIZA,2008,10,04,0.0,35.2,21.2
107010,PACHIZA,2008,10,05,5.3,27.2,22.3
107010,PACHIZA,2008,10,06,5.0,29.3,20.0
107010,PACHIZA,2008,10,07,6.0,31.3,21.0
107010,PACHIZA,2008,10,08,12.4,31.1,20.0
107010,PACHIZA,2008,10,09,0.0,30.1,20.0
107010,PACHIZA,2008,10,10,0.0,35.5,19.2
107010,PACHIZA,2008,10,11,0.0,35.6,19.2
107010,PACHIZA,2008,10,12,14.5,35.8,21.6
107010,PACHIZA,2008,10,13,15.4,30.2,-999
107010,PACHIZA,2008,10,14,0.0,29.4,20.0
107010,PACHIZA,2008,10,15,0.0,32.8,20.2
107010,PACHIZA,2008,10,16,15.3,28.3,19.0
107010,PACHIZA,2008,10,17,0.0,33.6,19.6
107010,PACHIZA,2008,10,18,0.0,34.6,21.1
107010,PACHIZA,2008,10,19,15.0,31.5,22.1
107010,PACHIZA,2008,10,20,25.6,30.5,21.3
107010,PACHIZA,2008,10,21,2.2,30.6,21.2
107010,PACHIZA,2008,10,22,0.0,32.2,22.0
107010,PACHIZA,2008,10,23,10.1,30.0,21.7
107010,PACHIZA,2008,10,24,0.0,32.2,20.6
107010,PACHIZA,2008,10,25,0.0,35.7,19.8
107010,PACHIZA,2008,10,26,10.3,33.1,22.1
107010,PACHIZA,2008,10,27,0.0,30.0,22.0
107010,PACHIZA,2008,10,28,0.0,30.8,20.8
107010,PACHIZA,2008,10,29,0.0,33.5,22.3
107010,PACHIZA,2008,10,30,0.0,34.1,21.8
107010,PACHIZA,2008,10,31,0.0,35.1,23.8
107010,PACHIZA,2008,11,01,1.5,35.3,23.0
107010,PACHIZA,2008,11,02,6.3,29.1,22.2
107010,PACHIZA,2008,11,03,11.3,29.3,20.3
107010,PACHIZA,2008,11,04,5.2,32.2,19.4
107010,PACHIZA,2008,11,05,0.0,33.5,21.2
107010,PACHIZA,2008,11,06,0.0,36.1,20.2
107010,PACHIZA,2008,11,07,0.0,36.5,21.0
107010,PACHIZA,2008,11,08,0.0,36.5,20.8
107010,PACHIZA,2008,11,09,0.0,35.4,21.3
107010,PACHIZA,2008,11,10,0.0,32.8,21.4
107010,PACHIZA,2008,11,11,0.0,34.4,20.6
107010,PACHIZA,2008,11,12,0.0,35.1,21.6
107010,PACHIZA,2008,11,13,117.0,36.4,22.6
107010,PACHIZA,2008,11,14,0.0,30.6,21.4
107010,PACHIZA,2008,11,15,0.0,32.6,21.3
107010,PACHIZA,2008,11,16,9.2,34.5,22.3
107010,PACHIZA,2008,11,17,25.2,34.3,23.0
107010,PACHIZA,2008,11,18,0.0,30.0,22.1
107010,PACHIZA,2008,11,19,0.0,33.3,22.0
107010,PACHIZA,2008,11,20,5.5,35.2,22.4
107010,PACHIZA,2008,11,21,25.3,34.0,22.0
107010,PACHIZA,2008,11,22,0.0,32.1,21.4
107010,PACHIZA,2008,11,23,0.0,34.6,22.6
107010,PACHIZA,2008,11,24,0.0,33.2,21.6
107010,PACHIZA,2008,11,25,5.0,35.3,21.4
107010,PACHIZA,2008,11,26,0.0,32.6,22.1
107010,PACHIZA,2008,11,27,0.0,32.1,21.6
107010,PACHIZA,2008,11,28,0.0,35.6,20.4
107010,PACHIZA,2008,11,29,0.0,30.5,21.0
107010,PACHIZA,2008,11,30,0.0,31.6,22.2
107010,PACHIZA,2008,12,01,50.4,32.3,22.5
107010,PACHIZA,2008,12,02,0.0,30.2,21.3
107010,PACHIZA,2008,12,03,0.0,31.3,22.2
107010,PACHIZA,2008,12,04,0.0,30.0,19.2
107010,PACHIZA,2008,12,05,0.0,27.2,19.1
107010,PACHIZA,2008,12,06,25.4,32.2,21.7
107010,PACHIZA,2008,12,07,1.5,30.6,22.0
107010,PACHIZA,2008,12,08,0.0,32.6,21.2
107010,PACHIZA,2008,12,09,0.0,34.4,21.6
107010,PACHIZA,2008,12,10,4.5,35.1,21.1
107010,PACHIZA,2008,12,11,0.0,35.0,22.0
107010,PACHIZA,2008,12,12,0.0,36.3,21.1
107010,PACHIZA,2008,12,13,4.4,26.4,21.7
107010,PACHIZA,2008,12,14,0.0,34.5,21.1
107010,PACHIZA,2008,12,15,25.2,35.5,22.0
107010,PACHIZA,2008,12,16,0.0,33.5,22.0
107010,PACHIZA,2008,12,17,28.1,30.2,18.2
107010,PACHIZA,2008,12,18,15.0,32.5,22.0
107010,PACHIZA,2008,12,19,22.4,32.2,22.1
107010,PACHIZA,2008,12,20,0.0,31.5,21.3
107010,PACHIZA,2008,12,21,11.4,35.0,22.3
107010,PACHIZA,2008,12,22,0.0,30.4,21.0
107010,PACHIZA,2008,12,23,0.0,34.2,22.3
107010,PACHIZA,2008,12,24,0.0,35.0,21.0
107010,PACHIZA,2008,12,25,0.0,34.6,23.0
107010,PACHIZA,2008,12,26,0.0,35.3,23.1
107010,PACHIZA,2008,12,27,0.0,35.6,22.4
107010,PACHIZA,2008,12,28,0.0,35.2,22.3
107010,PACHIZA,2008,12,29,0.0,35.6,22.1
107010,PACHIZA,2008,12,30,0.0,35.2,21.3
107010,PACHIZA,2008,12,31,128.0,31.1,21.1
107010,PACHIZA,2009,01,01,9.3,33.2,21.0
107010,PACHIZA,2009,01,02,0.0,29.3,22.2
107010,PACHIZA,2009,01,03,0.0,33.1,22.4
107010,PACHIZA,2009,01,04,5.4,33.3,22.0
107010,PACHIZA,2009,01,05,0.0,34.5,22.3
107010,PACHIZA,2009,01,06,0.0,33.5,23.0
107010,PACHIZA,2009,01,07,8.0,34.1,23.2
107010,PACHIZA,2009,01,08,0.0,32.7,22.4
107010,PACHIZA,2009,01,09,0.0,33.8,22.6
107010,PACHIZA,2009,01,10,11.6,30.3,22.7
107010,PACHIZA,2009,01,11,32.3,28.3,21.4
107010,PACHIZA,2009,01,12,3.2,28.0,20.2
107010,PACHIZA,2009,01,13,19.9,28.2,20.1
107010,PACHIZA,2009,01,14,3.2,29.5,20.3
107010,PACHIZA,2009,01,15,0.0,32.2,21.0
107010,PACHIZA,2009,01,16,0.0,33.7,21.1
107010,PACHIZA,2009,01,17,10.1,31.7,20.2
107010,PACHIZA,2009,01,18,0.0,29.6,19.6
107010,PACHIZA,2009,01,19,0.0,31.2,20.3
107010,PACHIZA,2009,01,20,0.0,30.4,22.1
107010,PACHIZA,2009,01,21,2.3,29.3,22.0
107010,PACHIZA,2009,01,22,59.3,33.2,21.2
107010,PACHIZA,2009,01,23,0.0,31.4,22.0
107010,PACHIZA,2009,01,24,0.0,33.6,21.0
107010,PACHIZA,2009,01,25,0.0,34.2,21.2
107010,PACHIZA,2009,01,26,3.2,34.5,21.7
107010,PACHIZA,2009,01,27,0.0,31.3,21.3
107010,PACHIZA,2009,01,28,1.3,31.8,21.1
107010,PACHIZA,2009,01,29,0.0,27.2,21.1
107010,PACHIZA,2009,01,30,0.0,30.5,20.2
107010,PACHIZA,2009,01,31,0.0,35.2,20.3
107010,PACHIZA,2009,02,01,0.0,32.0,22.1
107010,PACHIZA,2009,02,02,0.0,33.2,21.3
107010,PACHIZA,2009,02,03,0.0,34.2,21.1
107010,PACHIZA,2009,02,04,0.0,33.0,22.0
107010,PACHIZA,2009,02,05,17.3,30.0,22.2
107010,PACHIZA,2009,02,06,0.0,31.0,22.0
107010,PACHIZA,2009,02,07,0.0,33.3,21.6
107010,PACHIZA,2009,02,08,0.0,34.2,21.0
107010,PACHIZA,2009,02,09,0.0,32.5,21.3
107010,PACHIZA,2009,02,10,0.0,29.2,21.4
107010,PACHIZA,2009,02,11,0.0,30.5,22.0
107010,PACHIZA,2009,02,12,0.0,32.3,21.3
107010,PACHIZA,2009,02,13,0.0,32.7,22.0
107010,PACHIZA,2009,02,14,0.0,30.3,22.4
107010,PACHIZA,2009,02,15,4.3,34.2,22.1
107010,PACHIZA,2009,02,16,5.2,31.0,23.0
107010,PACHIZA,2009,02,17,0.0,32.5,22.0
107010,PACHIZA,2009,02,18,8.4,31.1,22.0
107010,PACHIZA,2009,02,19,0.0,32.2,21.0
107010,PACHIZA,2009,02,20,0.0,33.3,19.4
107010,PACHIZA,2009,02,21,0.0,35.2,20.0
107010,PACHIZA,2009,02,22,29.0,29.5,18.0
107010,PACHIZA,2009,02,23,0.0,33.4,19.2
107010,PACHIZA,2009,02,24,0.0,34.2,21.0
107010,PACHIZA,2009,02,25,0.0,32.7,22.0
107010,PACHIZA,2009,02,26,33.2,29.6,22.6
107010,PACHIZA,2009,02,27,0.0,29.2,21.0
107010,PACHIZA,2009,02,28,0.0,32.7,21.4
107010,PACHIZA,2009,03,01,0.0,31.6,22.2
107010,PACHIZA,2009,03,02,0.0,32.4,22.3
107010,PACHIZA,2009,03,03,0.0,31.3,21.1
107010,PACHIZA,2009,03,04,0.0,32.1,20.4
107010,PACHIZA,2009,03,05,12.2,29.3,22.1
107010,PACHIZA,2009,03,06,3.4,27.2,22.0
107010,PACHIZA,2009,03,07,0.0,32.0,20.0
107010,PACHIZA,2009,03,08,2.5,30.5,19.0
107010,PACHIZA,2009,03,09,1.0,33.6,20.6
107010,PACHIZA,2009,03,10,2.5,33.1,22.1
107010,PACHIZA,2009,03,11,2.1,30.8,22.0
107010,PACHIZA,2009,03,12,14.3,33.5,22.1
107010,PACHIZA,2009,03,13,23.5,30.5,21.1
107010,PACHIZA,2009,03,14,0.0,29.0,21.4
107010,PACHIZA,2009,03,15,0.0,28.5,21.3
107010,PACHIZA,2009,03,16,0.0,32.1,22.0
107010,PACHIZA,2009,03,17,0.0,33.1,21.4
107010,PACHIZA,2009,03,18,1.5,33.6,21.1
107010,PACHIZA,2009,03,19,0.0,31.0,20.3
107010,PACHIZA,2009,03,20,7.5,28.1,21.3
107010,PACHIZA,2009,03,21,17.2,30.0,20.4
107010,PACHIZA,2009,03,22,0.0,31.5,21.3
107010,PACHIZA,2009,03,23,4.5,31.1,21.2
107010,PACHIZA,2009,03,24,4.7,32.5,21.0
107010,PACHIZA,2009,03,25,0.0,32.1,21.2
107010,PACHIZA,2009,03,26,0.0,33.2,21.4
107010,PACHIZA,2009,03,27,26.1,30.3,23.0
107010,PACHIZA,2009,03,28,1.0,32.2,21.2
107010,PACHIZA,2009,03,29,0.0,32.3,22.1
107010,PACHIZA,2009,03,30,0.0,33.5,22.4
107010,PACHIZA,2009,03,31,10.0,32.5,22.2
107010,PACHIZA,2009,04,01,0.0,30.0,21.3
107010,PACHIZA,2009,04,02,0.0,30.1,22.0
107010,PACHIZA,2009,04,03,0.0,32.2,22.1
107010,PACHIZA,2009,04,04,0.0,34.2,21.3
107010,PACHIZA,2009,04,05,0.0,34.5,22.1
107010,PACHIZA,2009,04,06,2.5,34.6,23.1
107010,PACHIZA,2009,04,07,-999,32.7,22.3
107010,PACHIZA,2009,04,08,-999,28.3,22.2
107010,PACHIZA,2009,04,09,-999,30.2,22.0
107010,PACHIZA,2009,04,10,23.2,32.1,20.4
107010,PACHIZA,2009,04,11,5.1,26.7,20.0
107010,PACHIZA,2009,04,12,0.0,31.5,21.1
107010,PACHIZA,2009,04,13,50.7,33.0,20.2
107010,PACHIZA,2009,04,14,25.9,29.5,21.0
107010,PACHIZA,2009,04,15,2.4,29.2,20.1
107010,PACHIZA,2009,04,16,0.0,31.0,20.0
107010,PACHIZA,2009,04,17,0.0,29.0,21.0
107010,PACHIZA,2009,04,18,0.0,28.2,20.1
107010,PACHIZA,2009,04,19,0.0,30.5,21.4
107010,PACHIZA,2009,04,20,3.3,32.5,20.4
107010,PACHIZA,2009,04,21,4.0,31.4,22.3
107010,PACHIZA,2009,04,22,0.0,31.2,22.1
107010,PACHIZA,2009,04,23,15.0,32.1,21.0
107010,PACHIZA,2009,04,24,0.0,34.1,23.0
107010,PACHIZA,2009,04,25,0.0,33.1,22.4
107010,PACHIZA,2009,04,26,9.1,31.0,23.0
107010,PACHIZA,2009,04,27,0.0,30.5,21.3
107010,PACHIZA,2009,04,28,0.0,29.5,21.0
107010,PACHIZA,2009,04,29,34.1,31.5,22.2
107010,PACHIZA,2009,04,30,9.7,32.3,22.0
107010,PACHIZA,2009,05,01,8.2,25.3,22.0
107010,PACHIZA,2009,05,02,0.0,30.6,21.2
107010,PACHIZA,2009,05,03,50.7,33.0,20.1
107010,PACHIZA,2009,05,04,0.0,30.0,21.2
107010,PACHIZA,2009,05,05,0.0,32.2,20.2
107010,PACHIZA,2009,05,06,0.0,31.5,22.3
107010,PACHIZA,2009,05,07,11.2,27.1,21.2
107010,PACHIZA,2009,05,08,0.0,31.0,21.2
107010,PACHIZA,2009,05,09,0.0,32.0,20.0
107010,PACHIZA,2009,05,10,8.5,32.4,20.1
107010,PACHIZA,2009,05,11,0.5,32.0,20.0
107010,PACHIZA,2009,05,12,0.0,33.1,22.3
107010,PACHIZA,2009,05,13,12.0,32.7,21.3
107010,PACHIZA,2009,05,14,0.0,33.2,21.3
107010,PACHIZA,2009,05,15,35.5,33.0,22.2
107010,PACHIZA,2009,05,16,27.3,28.3,20.0
107010,PACHIZA,2009,05,17,11.3,32.1,22.1
107010,PACHIZA,2009,05,18,0.0,31.3,22.0
107010,PACHIZA,2009,05,19,0.0,32.2,21.2
107010,PACHIZA,2009,05,20,1.3,29.2,21.2
107010,PACHIZA,2009,05,21,0.0,31.5,20.4
107010,PACHIZA,2009,05,22,13.2,33.1,20.3
107010,PACHIZA,2009,05,23,0.0,32.1,21.0
107010,PACHIZA,2009,05,24,0.0,32.0,21.6
107010,PACHIZA,2009,05,25,0.0,33.5,22.1
107010,PACHIZA,2009,05,26,0.0,33.1,22.3
107010,PACHIZA,2009,05,27,0.0,31.4,22.1
107010,PACHIZA,2009,05,28,0.0,32.0,21.0
107010,PACHIZA,2009,05,29,0.0,32.2,21.7
107010,PACHIZA,2009,05,30,0.0,31.4,-999
107010,PACHIZA,2009,05,31,0.0,33.2,22.0
107010,PACHIZA,2009,06,01,5.6,32.5,22.0
107010,PACHIZA,2009,06,02,9.2,32.2,21.1
107010,PACHIZA,2009,06,03,0.0,31.2,20.1
107010,PACHIZA,2009,06,04,0.0,29.2,18.6
107010,PACHIZA,2009,06,05,0.0,28.0,18.2
107010,PACHIZA,2009,06,06,10.1,32.0,19.2
107010,PACHIZA,2009,06,07,0.0,30.0,19.1
107010,PACHIZA,2009,06,08,0.0,32.0,20.6
107010,PACHIZA,2009,06,09,0.0,32.2,20.0
107010,PACHIZA,2009,06,10,23.0,32.4,21.2
107010,PACHIZA,2009,06,11,15.2,31.3,19.5
107010,PACHIZA,2009,06,12,40.4,29.5,19.0
107010,PACHIZA,2009,06,13,0.0,27.0,20.0
107010,PACHIZA,2009,06,14,8.5,27.1,20.1
107010,PACHIZA,2009,06,15,0.0,32.2,20.2
107010,PACHIZA,2009,06,16,0.0,32.1,21.0
107010,PACHIZA,2009,06,17,0.0,33.1,21.2
107010,PACHIZA,2009,06,18,0.0,32.3,20.0
107010,PACHIZA,2009,06,19,0.0,31.2,22.1
107010,PACHIZA,2009,06,20,0.0,32.3,21.3
107010,PACHIZA,2009,06,21,0.0,31.2,21.3
107010,PACHIZA,2009,06,22,0.0,32.3,20.2
107010,PACHIZA,2009,06,23,2.0,33.2,21.1
107010,PACHIZA,2009,06,24,0.0,30.5,21.3
107010,PACHIZA,2009,06,25,0.0,32.5,21.2
107010,PACHIZA,2009,06,26,0.0,31.5,20.1
107010,PACHIZA,2009,06,27,23.6,-999,20.1
107010,PACHIZA,2009,06,28,0.0,31.7,21.0
107010,PACHIZA,2009,06,29,0.0,32.5,20.1
107010,PACHIZA,2009,06,30,0.0,33.7,19.1
107010,PACHIZA,2009,07,01,0.0,33.0,20.4
107010,PACHIZA,2009,07,02,0.0,32.3,21.0
107010,PACHIZA,2009,07,03,0.0,33.3,20.1
107010,PACHIZA,2009,07,04,0.0,32.2,20.0
107010,PACHIZA,2009,07,05,0.0,33.1,20.6
107010,PACHIZA,2009,07,06,0.0,32.7,20.1
107010,PACHIZA,2009,07,07,1.0,31.2,21.0
107010,PACHIZA,2009,07,08,1.5,28.6,19.3
107010,PACHIZA,2009,07,09,5.0,33.0,21.2
107010,PACHIZA,2009,07,10,0.0,32.1,20.4
107010,PACHIZA,2009,07,11,0.0,33.0,20.0
107010,PACHIZA,2009,07,12,0.0,33.2,19.4
107010,PACHIZA,2009,07,13,2.0,31.5,20.2
107010,PACHIZA,2009,07,14,0.0,29.3,21.2
107010,PACHIZA,2009,07,15,0.0,32.2,21.3
107010,PACHIZA,2009,07,16,0.0,33.2,19.8
107010,PACHIZA,2009,07,17,0.0,33.5,20.0
107010,PACHIZA,2009,07,18,0.0,30.5,21.8
107010,PACHIZA,2009,07,19,0.0,33.5,20.4
107010,PACHIZA,2009,07,20,0.0,33.7,20.1
107010,PACHIZA,2009,07,21,0.0,33.5,20.1
107010,PACHIZA,2009,07,22,0.0,33.1,22.0
107010,PACHIZA,2009,07,23,7.5,32.7,21.4
107010,PACHIZA,2009,07,24,3.0,27.5,20.0
107010,PACHIZA,2009,07,25,0.0,30.1,21.0
107010,PACHIZA,2009,07,26,0.0,31.0,20.4
107010,PACHIZA,2009,07,27,0.0,32.1,20.0
107010,PACHIZA,2009,07,28,0.0,33.5,20.0
107010,PACHIZA,2009,07,29,0.0,34.1,19.4
107010,PACHIZA,2009,07,30,0.0,31.0,21.2
107010,PACHIZA,2009,07,31,0.0,34.0,20.2
107010,PACHIZA,2009,08,01,10.0,32.0,21.1
107010,PACHIZA,2009,08,02,2.2,33.2,20.4
107010,PACHIZA,2009,08,03,0.0,30.3,21.2
107010,PACHIZA,2009,08,04,0.0,31.4,20.1
107010,PACHIZA,2009,08,05,0.0,32.3,21.2
107010,PACHIZA,2009,08,06,0.0,33.4,21.2
107010,PACHIZA,2009,08,07,0.0,33.1,21.1
107010,PACHIZA,2009,08,08,0.0,34.5,20.0
107010,PACHIZA,2009,08,09,0.0,33.5,20.3
107010,PACHIZA,2009,08,10,6.5,33.5,19.6
107010,PACHIZA,2009,08,11,1.0,24.1,20.0
107010,PACHIZA,2009,08,12,0.0,31.2,20.1
107010,PACHIZA,2009,08,13,0.0,32.4,18.0
107010,PACHIZA,2009,08,14,0.0,34.2,18.4
107010,PACHIZA,2009,08,15,0.0,34.1,18.1
107010,PACHIZA,2009,08,16,0.0,35.2,19.2
107010,PACHIZA,2009,08,17,0.0,35.5,20.0
107010,PACHIZA,2009,08,18,0.0,35.7,22.1
107010,PACHIZA,2009,08,19,0.0,35.1,20.2
107010,PACHIZA,2009,08,20,0.0,36.2,20.3
107010,PACHIZA,2009,08,21,0.0,36.1,21.2
107010,PACHIZA,2009,08,22,0.0,32.0,21.4
107010,PACHIZA,2009,08,23,0.0,35.1,20.0
107010,PACHIZA,2009,08,24,25.0,33.0,22.2
107010,PACHIZA,2009,08,25,14.0,29.1,21.1
107010,PACHIZA,2009,08,26,0.0,31.0,17.2
107010,PACHIZA,2009,08,27,0.0,33.1,16.0
107010,PACHIZA,2009,08,28,7.5,33.5,20.3
107010,PACHIZA,2009,08,29,0.0,33.4,18.2
107010,PACHIZA,2009,08,30,0.0,34.7,20.1
107010,PACHIZA,2009,08,31,0.0,34.1,19.0
107010,PACHIZA,2009,09,01,0.0,34.5,18.4
107010,PACHIZA,2009,09,02,0.0,35.6,20.2
107010,PACHIZA,2009,09,03,0.0,33.4,21.2
107010,PACHIZA,2009,09,04,0.0,35.6,21.1
107010,PACHIZA,2009,09,05,0.0,35.5,20.8
107010,PACHIZA,2009,09,06,1.5,31.0,21.0
107010,PACHIZA,2009,09,07,0.0,36.7,19.7
107010,PACHIZA,2009,09,08,0.0,37.0,19.0
107010,PACHIZA,2009,09,09,0.0,36.8,19.7
107010,PACHIZA,2009,09,10,8.5,33.2,20.3
107010,PACHIZA,2009,09,11,2.3,27.4,20.2
107010,PACHIZA,2009,09,12,0.0,30.3,19.2
107010,PACHIZA,2009,09,13,0.0,34.0,19.6
107010,PACHIZA,2009,09,14,0.0,34.5,18.6
107010,PACHIZA,2009,09,15,0.0,35.5,19.0
107010,PACHIZA,2009,09,16,0.0,34.5,20.3
107010,PACHIZA,2009,09,17,0.0,35.5,21.1
107010,PACHIZA,2009,09,18,0.0,36.0,20.0
107010,PACHIZA,2009,09,19,4.3,27.0,21.1
107010,PACHIZA,2009,09,20,0.0,34.6,20.1
107010,PACHIZA,2009,09,21,5.5,27.6,21.3
107010,PACHIZA,2009,09,22,0.0,31.5,20.1
107010,PACHIZA,2009,09,23,0.0,27.6,21.1
107010,PACHIZA,2009,09,24,3.4,31.5,20.2
107010,PACHIZA,2009,09,25,0.0,29.4,21.0
107010,PACHIZA,2009,09,26,0.0,34.5,20.2
107010,PACHIZA,2009,09,27,0.0,34.6,20.2
107010,PACHIZA,2009,09,28,12.5,33.2,20.6
107010,PACHIZA,2009,09,29,42.5,28.2,18.6
107010,PACHIZA,2009,09,30,0.0,30.0,20.0
107010,PACHIZA,2009,10,01,0.0,32.6,20.6
107010,PACHIZA,2009,10,02,0.0,34.5,21.0
107010,PACHIZA,2009,10,03,4.0,34.0,19.7
107010,PACHIZA,2009,10,04,0.0,33.4,21.2
107010,PACHIZA,2009,10,05,7.2,34.2,20.3
107010,PACHIZA,2009,10,06,0.0,35.0,20.0
107010,PACHIZA,2009,10,07,0.0,35.5,21.1
107010,PACHIZA,2009,10,08,1.3,35.0,22.0
107010,PACHIZA,2009,10,09,0.0,33.5,22.3
107010,PACHIZA,2009,10,10,0.0,35.5,21.0
107010,PACHIZA,2009,10,11,0.0,36.5,20.2
107010,PACHIZA,2009,10,12,0.0,36.3,21.4
107010,PACHIZA,2009,10,13,0.0,33.2,23.1
107010,PACHIZA,2009,10,14,2.2,27.6,22.0
107010,PACHIZA,2009,10,15,3.5,33.0,19.0
107010,PACHIZA,2009,10,16,0.0,32.6,21.6
107010,PACHIZA,2009,10,17,0.0,34.5,21.3
107010,PACHIZA,2009,10,18,2.2,33.6,21.2
107010,PACHIZA,2009,10,19,40.0,36.3,21.3
107010,PACHIZA,2009,10,20,13.1,27.3,21.1
107010,PACHIZA,2009,10,21,0.0,33.0,20.2
107010,PACHIZA,2009,10,22,20.0,31.0,22.4
107010,PACHIZA,2009,10,23,17.2,31.5,21.3
107010,PACHIZA,2009,10,24,3.3,34.7,22.2
107010,PACHIZA,2009,10,25,0.0,34.0,22.0
107010,PACHIZA,2009,10,26,9.5,27.5,22.4
107010,PACHIZA,2009,10,27,0.0,34.2,21.2
107010,PACHIZA,2009,10,28,0.0,34.1,22.3
107010,PACHIZA,2009,10,29,0.0,34.5,22.1
107010,PACHIZA,2009,10,30,0.0,31.2,22.0
107010,PACHIZA,2009,10,31,0.0,36.5,21.4
107010,PACHIZA,2009,11,01,0.0,36.7,22.3
107010,PACHIZA,2009,11,02,0.0,34.6,21.4
107010,PACHIZA,2009,11,03,0.0,36.3,22.1
107010,PACHIZA,2009,11,04,0.0,33.4,22.3
107010,PACHIZA,2009,11,05,0.0,35.6,22.4
107010,PACHIZA,2009,11,06,0.0,35.4,22.1
107010,PACHIZA,2009,11,07,0.0,35.8,22.7
107010,PACHIZA,2009,11,08,0.0,36.7,22.1
107010,PACHIZA,2009,11,09,0.0,36.0,22.4
107010,PACHIZA,2009,11,10,0.0,36.5,22.2
107010,PACHIZA,2009,11,11,0.0,36.4,21.3
107010,PACHIZA,2009,11,12,24.0,31.2,21.4
107010,PACHIZA,2009,11,13,0.0,33.5,19.0
107010,PACHIZA,2009,11,14,0.0,36.5,20.1
107010,PACHIZA,2009,11,15,0.0,37.5,21.3
107010,PACHIZA,2009,11,16,26.4,36.3,22.2
107010,PACHIZA,2009,11,17,14.3,30.7,21.3
107010,PACHIZA,2009,11,18,12.5,27.7,22.0
107010,PACHIZA,2009,11,19,0.0,33.4,21.0
107010,PACHIZA,2009,11,20,0.0,36.0,19.1
107010,PACHIZA,2009,11,21,8.0,35.0,23.0
107010,PACHIZA,2009,11,22,0.6,32.1,22.1
107010,PACHIZA,2009,11,23,0.0,32.0,22.3
107010,PACHIZA,2009,11,24,0.0,33.0,22.0
107010,PACHIZA,2009,11,25,0.0,34.5,23.6
107010,PACHIZA,2009,11,26,0.0,36.2,22.0
107010,PACHIZA,2009,11,27,0.0,33.5,21.0
107010,PACHIZA,2009,11,28,0.0,33.7,22.4
107010,PACHIZA,2009,11,29,23.4,29.1,22.1
107010,PACHIZA,2009,11,30,3.4,32.0,22.6
107010,PACHIZA,2009,12,01,0.0,33.0,22.0
107010,PACHIZA,2009,12,02,0.0,33.4,23.0
107010,PACHIZA,2009,12,03,0.0,34.1,22.0
107010,PACHIZA,2009,12,04,0.0,34.3,22.4
107010,PACHIZA,2009,12,05,7.6,33.5,20.2
107010,PACHIZA,2009,12,06,0.0,34.5,23.2
107010,PACHIZA,2009,12,07,0.0,35.7,22.2
107010,PACHIZA,2009,12,08,0.0,32.1,21.2
107010,PACHIZA,2009,12,09,0.0,35.7,23.0
107010,PACHIZA,2009,12,10,0.0,35.0,22.0
107010,PACHIZA,2009,12,11,0.0,34.5,23.1
107010,PACHIZA,2009,12,12,0.0,35.0,21.6
107010,PACHIZA,2009,12,13,0.0,35.7,23.6
107010,PACHIZA,2009,12,14,0.0,35.0,23.0
107010,PACHIZA,2009,12,15,0.0,35.5,22.1
107010,PACHIZA,2009,12,16,1.0,36.1,21.0
107010,PACHIZA,2009,12,17,6.0,35.6,22.2
107010,PACHIZA,2009,12,18,10.3,30.5,23.0
107010,PACHIZA,2009,12,19,9.8,33.0,20.2
107010,PACHIZA,2009,12,20,0.0,34.0,22.0
107010,PACHIZA,2009,12,21,0.0,35.0,22.0
107010,PACHIZA,2009,12,22,0.0,33.3,21.3
107010,PACHIZA,2009,12,23,22.4,34.0,22.0
107010,PACHIZA,2009,12,24,15.0,31.7,22.1
107010,PACHIZA,2009,12,25,4.6,32.5,23.0
107010,PACHIZA,2009,12,26,0.0,33.5,21.1
107010,PACHIZA,2009,12,27,0.0,33.2,22.0
107010,PACHIZA,2009,12,28,1.2,34.5,21.0
107010,PACHIZA,2009,12,29,0.0,36.5,22.1
107010,PACHIZA,2009,12,30,0.0,36.3,22.3
107010,PACHIZA,2009,12,31,0.0,35.5,23.2
107010,PACHIZA,2010,01,01,0.0,36.5,22.3
107010,PACHIZA,2010,01,02,0.0,35.5,23.0
107010,PACHIZA,2010,01,03,0.0,35.1,23.2
107010,PACHIZA,2010,01,04,0.0,37.2,22.2
107010,PACHIZA,2010,01,05,0.0,34.5,23.2
107010,PACHIZA,2010,01,06,0.0,33.0,23.1
107010,PACHIZA,2010,01,07,26.7,36.7,23.3
107010,PACHIZA,2010,01,08,0.0,35.7,22.4
107010,PACHIZA,2010,01,09,0.0,35.5,20.1
107010,PACHIZA,2010,01,10,0.0,35.6,21.0
107010,PACHIZA,2010,01,11,1.2,36.1,23.1
107010,PACHIZA,2010,01,12,0.0,31.3,22.0
107010,PACHIZA,2010,01,13,0.0,37.0,22.3
107010,PACHIZA,2010,01,14,0.0,36.2,21.3
107010,PACHIZA,2010,01,15,0.0,36.4,22.3
107010,PACHIZA,2010,01,16,0.0,34.5,22.1
107010,PACHIZA,2010,01,17,0.0,35.3,20.2
107010,PACHIZA,2010,01,18,0.0,35.4,21.0
107010,PACHIZA,2010,01,19,0.0,35.0,21.2
107010,PACHIZA,2010,01,20,0.0,35.5,20.3
107010,PACHIZA,2010,01,21,0.0,35.6,21.1
107010,PACHIZA,2010,01,22,0.0,29.5,21.0
107010,PACHIZA,2010,01,23,0.0,34.2,20.4
107010,PACHIZA,2010,01,24,0.0,35.6,19.4
107010,PACHIZA,2010,01,25,0.0,32.6,22.1
107010,PACHIZA,2010,01,26,0.0,34.4,21.3
107010,PACHIZA,2010,01,27,0.0,37.0,20.4
107010,PACHIZA,2010,01,28,60.1,34.5,22.0
107010,PACHIZA,2010,01,29,0.0,35.5,21.3
107010,PACHIZA,2010,01,30,0.0,34.6,21.2
107010,PACHIZA,2010,01,31,0.0,33.1,22.0
107010,PACHIZA,2010,02,01,7.9,29.1,21.3
107010,PACHIZA,2010,02,02,12.5,32.4,23.0
107010,PACHIZA,2010,02,03,0.0,33.2,22.1
107010,PACHIZA,2010,02,04,12.0,31.2,22.0
107010,PACHIZA,2010,02,05,8.7,30.2,21.1
107010,PACHIZA,2010,02,06,70.8,31.1,22.0
107010,PACHIZA,2010,02,07,0.0,29.3,21.0
107010,PACHIZA,2010,02,08,0.0,33.2,20.0
107010,PACHIZA,2010,02,09,0.0,34.2,22.0
107010,PACHIZA,2010,02,10,0.0,36.2,21.2
107010,PACHIZA,2010,02,11,0.0,36.5,20.0
107010,PACHIZA,2010,02,12,4.0,36.0,21.2
107010,PACHIZA,2010,02,13,0.0,34.5,21.0
107010,PACHIZA,2010,02,14,0.0,36.3,22.1
107010,PACHIZA,2010,02,15,0.0,35.2,22.3
107010,PACHIZA,2010,02,16,0.0,34.5,21.2
107010,PACHIZA,2010,02,17,4.0,29.5,19.6
107010,PACHIZA,2010,02,18,0.0,32.0,21.3
107010,PACHIZA,2010,02,19,0.0,34.5,22.0
107010,PACHIZA,2010,02,20,24.3,33.5,22.4
107010,PACHIZA,2010,02,21,0.0,33.6,21.0
107010,PACHIZA,2010,02,22,16.3,28.3,22.3
107010,PACHIZA,2010,02,23,0.0,32.2,21.1
107010,PACHIZA,2010,02,24,1.1,32.5,23.1
107010,PACHIZA,2010,02,25,0.0,35.5,21.3
107010,PACHIZA,2010,02,26,0.0,34.5,21.3
107010,PACHIZA,2010,02,27,0.0,35.3,19.6
107010,PACHIZA,2010,02,28,2.2,35.7,22.1
107010,PACHIZA,2010,03,01,0.0,34.5,21.4
107010,PACHIZA,2010,03,02,0.0,30.5,22.3
107010,PACHIZA,2010,03,03,0.0,35.6,21.3
107010,PACHIZA,2010,03,04,0.0,34.0,22.2
107010,PACHIZA,2010,03,05,3.6,31.5,22.0
107010,PACHIZA,2010,03,06,0.0,33.4,22.3
107010,PACHIZA,2010,03,07,0.0,34.7,20.3
107010,PACHIZA,2010,03,08,0.0,36.2,22.3
107010,PACHIZA,2010,03,09,2.1,37.6,22.0
107010,PACHIZA,2010,03,10,1.1,33.5,22.1
107010,PACHIZA,2010,03,11,0.0,35.5,21.2
107010,PACHIZA,2010,03,12,0.0,36.0,20.4
107010,PACHIZA,2010,03,13,0.0,35.0,22.1
107010,PACHIZA,2010,03,14,0.0,36.1,22.0
107010,PACHIZA,2010,03,15,0.0,36.6,21.0
107010,PACHIZA,2010,03,16,28.3,35.6,22.0
107010,PACHIZA,2010,03,17,5.4,31.2,19.4
107010,PACHIZA,2010,03,18,0.0,31.5,21.2
107010,PACHIZA,2010,03,19,0.0,32.3,22.1
107010,PACHIZA,2010,03,20,2.0,34.4,23.0
107010,PACHIZA,2010,03,21,0.0,36.2,21.1
107010,PACHIZA,2010,03,22,0.0,36.0,22.1
107010,PACHIZA,2010,03,23,0.0,36.6,22.3
107010,PACHIZA,2010,03,24,0.0,35.1,22.0
107010,PACHIZA,2010,03,25,0.0,34.1,22.4
107010,PACHIZA,2010,03,26,0.0,32.2,22.0
107010,PACHIZA,2010,03,27,0.0,35.0,19.8
107010,PACHIZA,2010,03,28,0.0,31.2,22.3
107010,PACHIZA,2010,03,29,10.0,32.5,21.0
107010,PACHIZA,2010,03,30,3.4,29.4,22.0
107010,PACHIZA,2010,03,31,7.8,28.3,21.1
107010,PACHIZA,2010,04,01,0.0,32.2,21.2
107010,PACHIZA,2010,04,02,0.0,34.3,21.0
107010,PACHIZA,2010,04,03,0.0,30.5,22.1
107010,PACHIZA,2010,04,04,0.0,32.3,23.0
107010,PACHIZA,2010,04,05,6.3,29.2,21.3
107010,PACHIZA,2010,04,06,9.8,30.5,21.1
107010,PACHIZA,2010,04,07,2.7,31.0,22.3
107010,PACHIZA,2010,04,08,10.5,30.5,21.3
107010,PACHIZA,2010,04,09,7.4,30.0,21.2
107010,PACHIZA,2010,04,10,0.0,29.6,22.3
107010,PACHIZA,2010,04,11,7.2,31.4,22.0
107010,PACHIZA,2010,04,12,2.3,29.4,20.2
107010,PACHIZA,2010,04,13,0.0,31.5,22.0
107010,PACHIZA,2010,04,14,0.0,33.5,23.0
107010,PACHIZA,2010,04,15,33.6,34.0,23.0
107010,PACHIZA,2010,04,16,3.0,32.2,22.0
107010,PACHIZA,2010,04,17,5.2,34.3,23.0
107010,PACHIZA,2010,04,18,0.0,34.5,22.7
107010,PACHIZA,2010,04,19,0.0,30.1,22.1
107010,PACHIZA,2010,04,20,0.0,33.4,22.1
107010,PACHIZA,2010,04,21,8.6,35.0,22.2
107010,PACHIZA,2010,04,22,0.0,35.1,22.3
107010,PACHIZA,2010,04,23,0.0,34.5,22.2
107010,PACHIZA,2010,04,24,0.0,34.4,22.0
107010,PACHIZA,2010,04,25,7.2,35.5,23.2
107010,PACHIZA,2010,04,26,8.3,33.4,23.0
107010,PACHIZA,2010,04,27,7.1,30.2,22.0
107010,PACHIZA,2010,04,28,0.0,33.0,21.3
107010,PACHIZA,2010,04,29,7.0,35.2,22.4
107010,PACHIZA,2010,04,30,0.0,29.2,22.0
107010,PACHIZA,2010,05,01,0.0,30.2,21.2
107010,PACHIZA,2010,05,02,0.0,32.5,21.0
107010,PACHIZA,2010,05,03,14.3,34.5,22.2
107010,PACHIZA,2010,05,04,0.0,34.1,21.0
107010,PACHIZA,2010,05,05,0.0,34.5,22.1
107010,PACHIZA,2010,05,06,0.0,35.1,20.1
107010,PACHIZA,2010,05,07,0.0,35.4,21.2
107010,PACHIZA,2010,05,08,10.9,30.2,22.1
107010,PACHIZA,2010,05,09,0.0,29.0,22.2
107010,PACHIZA,2010,05,10,0.0,28.2,19.4
107010,PACHIZA,2010,05,11,0.0,28.0,19.5
107010,PACHIZA,2010,05,12,0.0,31.2,18.2
107010,PACHIZA,2010,05,13,0.0,33.1,20.2
107010,PACHIZA,2010,05,14,0.0,32.3,22.1
107010,PACHIZA,2010,05,15,0.0,33.2,21.3
107010,PACHIZA,2010,05,16,0.0,35.5,21.0
107010,PACHIZA,2010,05,17,0.0,35.3,22.0
107010,PACHIZA,2010,05,18,0.0,34.1,21.2
107010,PACHIZA,2010,05,19,0.0,33.1,22.2
107010,PACHIZA,2010,05,20,5.1,30.2,22.0
107010,PACHIZA,2010,05,21,0.0,31.6,22.0
107010,PACHIZA,2010,05,22,7.1,34.1,23.0
107010,PACHIZA,2010,05,23,0.0,34.4,23.0
107010,PACHIZA,2010,05,24,4.5,32.3,22.2
107010,PACHIZA,2010,05,25,58.2,33.5,22.0
107010,PACHIZA,2010,05,26,31.7,27.4,20.3
107010,PACHIZA,2010,05,27,2.2,28.2,19.2
107010,PACHIZA,2010,05,28,0.0,32.1,21.0
107010,PACHIZA,2010,05,29,5.2,31.3,21.0
107010,PACHIZA,2010,05,30,0.0,33.5,20.0
107010,PACHIZA,2010,05,31,13.2,33.6,22.0
107010,PACHIZA,2010,06,01,25.1,25.3,19.4
107010,PACHIZA,2010,06,02,0.0,28.2,20.1
107010,PACHIZA,2010,06,03,0.0,31.4,22.0
107010,PACHIZA,2010,06,04,0.0,33.4,23.0
107010,PACHIZA,2010,06,05,0.0,32.3,22.3
107010,PACHIZA,2010,06,06,7.2,29.0,22.0
107010,PACHIZA,2010,06,07,0.0,31.0,20.0
107010,PACHIZA,2010,06,08,0.0,32.0,20.3
107010,PACHIZA,2010,06,09,0.0,33.0,21.0
107010,PACHIZA,2010,06,10,0.0,32.6,20.0
107010,PACHIZA,2010,06,11,2.1,29.0,21.0
107010,PACHIZA,2010,06,12,0.0,32.0,20.2
107010,PACHIZA,2010,06,13,0.0,32.5,20.0
107010,PACHIZA,2010,06,14,0.0,33.2,19.8
107010,PACHIZA,2010,06,15,0.0,33.0,19.0
107010,PACHIZA,2010,06,16,0.0,33.6,19.3
107010,PACHIZA,2010,06,17,0.0,32.0,19.7
107010,PACHIZA,2010,06,18,0.0,34.0,20.2
107010,PACHIZA,2010,06,19,12.3,31.7,19.7
107010,PACHIZA,2010,06,20,0.0,33.2,20.2
107010,PACHIZA,2010,06,21,0.0,34.1,22.0
107010,PACHIZA,2010,06,22,0.0,33.8,21.1
107010,PACHIZA,2010,06,23,0.0,33.2,21.0
107010,PACHIZA,2010,06,24,3.2,32.2,21.2
107010,PACHIZA,2010,06,25,5.0,33.0,22.0
107010,PACHIZA,2010,06,26,26.4,33.1,22.1
107010,PACHIZA,2010,06,27,0.0,32.0,20.1
107010,PACHIZA,2010,06,28,0.0,32.6,20.0
107010,PACHIZA,2010,06,29,21.6,28.2,21.0
107010,PACHIZA,2010,06,30,0.0,31.2,20.2
107010,PACHIZA,2010,07,01,0.0,32.0,20.0
107010,PACHIZA,2010,07,02,0.0,33.0,19.7
107010,PACHIZA,2010,07,03,0.0,33.5,19.3
107010,PACHIZA,2010,07,04,0.0,33.6,20.0
107010,PACHIZA,2010,07,05,0.0,33.2,20.1
107010,PACHIZA,2010,07,06,0.0,32.5,20.4
107010,PACHIZA,2010,07,07,2.1,29.0,22.1
107010,PACHIZA,2010,07,08,0.0,32.6,21.0
107010,PACHIZA,2010,07,09,0.0,33.5,20.4
107010,PACHIZA,2010,07,10,0.0,34.5,20.0
107010,PACHIZA,2010,07,11,2.4,31.5,21.0
107010,PACHIZA,2010,07,12,0.0,33.5,21.1
107010,PACHIZA,2010,07,13,0.0,33.1,20.4
107010,PACHIZA,2010,07,14,0.0,34.0,22.0
107010,PACHIZA,2010,07,15,28.4,31.2,21.0
107010,PACHIZA,2010,07,16,17.0,26.4,19.4
107010,PACHIZA,2010,07,17,0.0,25.2,18.0
107010,PACHIZA,2010,07,18,0.0,28.2,17.6
107010,PACHIZA,2010,07,19,0.0,29.1,16.1
107010,PACHIZA,2010,07,20,0.0,31.5,21.0
107010,PACHIZA,2010,07,21,0.0,29.6,17.1
107010,PACHIZA,2010,07,22,0.0,32.0,19.1
107010,PACHIZA,2010,07,23,0.0,33.5,18.7
107010,PACHIZA,2010,07,24,0.0,31.5,17.0
107010,PACHIZA,2010,07,25,18.3,33.1,18.7
107010,PACHIZA,2010,07,26,0.0,31.5,20.1
107010,PACHIZA,2010,07,27,0.0,28.5,19.4
107010,PACHIZA,2010,07,28,0.0,33.0,22.0
107010,PACHIZA,2010,07,29,0.0,33.5,21.0
107010,PACHIZA,2010,07,30,0.0,34.0,19.8
107010,PACHIZA,2010,07,31,0.0,33.4,20.0
107010,PACHIZA,2010,08,01,7.6,34.6,21.2
107010,PACHIZA,2010,08,02,8.8,29.2,20.0
107010,PACHIZA,2010,08,03,0.0,29.5,20.1
107010,PACHIZA,2010,08,04,0.0,31.4,20.2
107010,PACHIZA,2010,08,05,0.0,32.4,18.4
107010,PACHIZA,2010,08,06,0.0,31.4,18.3
107010,PACHIZA,2010,08,07,0.0,33.2,18.0
107010,PACHIZA,2010,08,08,0.0,34.2,18.2
107010,PACHIZA,2010,08,09,0.0,33.3,18.3
107010,PACHIZA,2010,08,10,0.0,32.4,18.2
107010,PACHIZA,2010,08,11,0.0,33.5,17.0
107010,PACHIZA,2010,08,12,0.0,34.1,17.6
107010,PACHIZA,2010,08,13,0.0,33.7,18.3
107010,PACHIZA,2010,08,14,0.0,34.0,19.3
107010,PACHIZA,2010,08,15,0.0,34.2,21.0
107010,PACHIZA,2010,08,16,0.0,33.5,20.6
107010,PACHIZA,2010,08,17,0.0,32.6,20.0
107010,PACHIZA,2010,08,18,0.0,33.5,19.0
107010,PACHIZA,2010,08,19,0.0,34.2,19.1
107010,PACHIZA,2010,08,20,0.0,33.4,18.3
107010,PACHIZA,2010,08,21,0.0,34.5,18.3
107010,PACHIZA,2010,08,22,0.0,34.8,19.3
107010,PACHIZA,2010,08,23,0.0,34.5,19.1
107010,PACHIZA,2010,08,24,0.0,34.4,18.3
107010,PACHIZA,2010,08,25,0.0,35.5,19.3
107010,PACHIZA,2010,08,26,0.0,35.5,20.0
107010,PACHIZA,2010,08,27,0.0,35.6,20.3
107010,PACHIZA,2010,08,28,0.0,36.1,21.2
107010,PACHIZA,2010,08,29,0.0,35.4,17.0
107010,PACHIZA,2010,08,30,0.0,36.0,20.2
107010,PACHIZA,2010,08,31,0.0,34.6,20.0
107010,PACHIZA,2010,09,01,0.0,34.6,21.3
107010,PACHIZA,2010,09,02,0.0,35.4,20.2
107010,PACHIZA,2010,09,03,0.0,34.1,18.3
107010,PACHIZA,2010,09,04,0.0,35.0,20.1
107010,PACHIZA,2010,09,05,11.2,27.1,21.1
107010,PACHIZA,2010,09,06,4.2,29.0,21.0
107010,PACHIZA,2010,09,07,0.0,34.2,20.1
107010,PACHIZA,2010,09,08,0.0,34.3,20.0
107010,PACHIZA,2010,09,09,0.0,34.4,20.1
107010,PACHIZA,2010,09,10,0.0,35.5,19.8
107010,PACHIZA,2010,09,11,0.0,35.4,21.1
107010,PACHIZA,2010,09,12,0.0,34.5,20.0
107010,PACHIZA,2010,09,13,0.0,36.5,20.2
107010,PACHIZA,2010,09,14,0.0,35.3,19.9
107010,PACHIZA,2010,09,15,27.8,29.4,19.0
107010,PACHIZA,2010,09,16,0.0,34.5,20.1
107010,PACHIZA,2010,09,17,3.0,35.6,21.0
107010,PACHIZA,2010,09,18,9.1,30.5,20.1
107010,PACHIZA,2010,09,19,0.0,29.1,20.0
107010,PACHIZA,2010,09,20,0.0,29.2,19.0
107010,PACHIZA,2010,09,21,0.0,33.7,18.7
107010,PACHIZA,2010,09,22,0.0,34.5,19.7
107010,PACHIZA,2010,09,23,0.0,35.0,20.1
107010,PACHIZA,2010,09,24,0.0,35.0,19.0
107010,PACHIZA,2010,09,25,0.0,35.5,20.0
107010,PACHIZA,2010,09,26,0.0,36.5,20.1
107010,PACHIZA,2010,09,27,0.0,37.0,19.1
107010,PACHIZA,2010,09,28,0.0,37.5,20.1
107010,PACHIZA,2010,09,29,0.0,37.9,21.4
107010,PACHIZA,2010,09,30,0.0,38.2,21.1
107010,PACHIZA,2010,10,01,0.0,34.5,21.0
107010,PACHIZA,2010,10,02,0.0,38.2,20.8
107010,PACHIZA,2010,10,03,14.2,-999,22.1
107010,PACHIZA,2010,10,04,0.0,27.4,20.0
107010,PACHIZA,2010,10,05,0.0,36.0,19.4
107010,PACHIZA,2010,10,06,0.0,35.2,20.1
107010,PACHIZA,2010,10,07,0.0,37.4,21.2
107010,PACHIZA,2010,10,08,23.7,35.6,21.0
107010,PACHIZA,2010,10,09,12.0,32.1,21.0
107010,PACHIZA,2010,10,10,23.5,35.2,19.6
107010,PACHIZA,2010,10,11,0.0,31.1,21.3
107010,PACHIZA,2010,10,12,0.0,31.7,20.0
107010,PACHIZA,2010,10,13,0.0,34.0,21.0
107010,PACHIZA,2010,10,14,0.0,35.6,20.0
107010,PACHIZA,2010,10,15,0.0,35.4,21.1
107010,PACHIZA,2010,10,16,0.0,32.2,21.3
107010,PACHIZA,2010,10,17,0.0,33.0,22.1
107010,PACHIZA,2010,10,18,56.2,35.1,20.2
107010,PACHIZA,2010,10,19,1.5,29.2,20.1
107010,PACHIZA,2010,10,20,0.0,34.0,21.0
107010,PACHIZA,2010,10,21,0.0,35.1,21.2
107010,PACHIZA,2010,10,22,0.0,34.5,22.2
107010,PACHIZA,2010,10,23,0.0,33.5,21.0
107010,PACHIZA,2010,10,24,0.5,34.4,20.4
107010,PACHIZA,2010,10,25,79.0,36.2,21.1
107010,PACHIZA,2010,10,26,0.0,29.1,21.0
107010,PACHIZA,2010,10,27,0.0,31.4,20.1
107010,PACHIZA,2010,10,28,1.1,36.0,21.2
107010,PACHIZA,2010,10,29,0.0,29.5,22.1
107010,PACHIZA,2010,10,30,0.0,29.7,22.1
107010,PACHIZA,2010,10,31,2.6,29.5,21.3
107010,PACHIZA,2010,11,01,11.1,32.4,23.0
107010,PACHIZA,2010,11,02,4.0,28.3,21.1
107010,PACHIZA,2010,11,03,0.0,32.7,20.2
107010,PACHIZA,2010,11,04,0.0,32.5,19.7
107010,PACHIZA,2010,11,05,0.0,34.6,20.0
107010,PACHIZA,2010,11,06,60.1,36.5,19.2
107010,PACHIZA,2010,11,07,0.0,27.4,21.3
107010,PACHIZA,2010,11,08,0.0,33.5,21.0
107010,PACHIZA,2010,11,09,18.5,34.3,20.2
107010,PACHIZA,2010,11,10,40.3,31.2,21.4
107010,PACHIZA,2010,11,11,9.0,26.3,20.1
107010,PACHIZA,2010,11,12,0.0,31.3,21.3
107010,PACHIZA,2010,11,13,0.0,33.4,20.0
107010,PACHIZA,2010,11,14,0.0,34.3,21.3
107010,PACHIZA,2010,11,15,0.0,32.4,22.1
107010,PACHIZA,2010,11,16,0.0,31.3,23.0
107010,PACHIZA,2010,11,17,0.0,34.2,22.0
107010,PACHIZA,2010,11,18,6.0,33.3,21.0
107010,PACHIZA,2010,11,19,4.0,33.5,20.2
107010,PACHIZA,2010,11,20,0.0,32.8,22.0
107010,PACHIZA,2010,11,21,0.0,31.5,21.3
107010,PACHIZA,2010,11,22,0.0,34.1,22.0
107010,PACHIZA,2010,11,23,0.0,34.3,22.3
107010,PACHIZA,2010,11,24,0.0,35.3,22.0
107010,PACHIZA,2010,11,25,22.7,32.2,22.4
107010,PACHIZA,2010,11,26,0.0,32.3,21.3
107010,PACHIZA,2010,11,27,40.4,35.2,22.1
107010,PACHIZA,2010,11,28,12.1,35.5,22.0
107010,PACHIZA,2010,11,29,0.0,34.3,21.1
107010,PACHIZA,2010,11,30,0.0,33.0,20.2
107010,PACHIZA,2010,12,01,14.2,31.2,22.0
107010,PACHIZA,2010,12,02,0.0,31.3,21.2
107010,PACHIZA,2010,12,03,13.2,31.4,22.0
107010,PACHIZA,2010,12,04,0.0,32.0,21.0
107010,PACHIZA,2010,12,05,0.0,32.5,21.3
107010,PACHIZA,2010,12,06,0.0,34.4,22.0
107010,PACHIZA,2010,12,07,0.0,34.3,22.1
107010,PACHIZA,2010,12,08,0.0,35.5,22.0
107010,PACHIZA,2010,12,09,0.0,35.0,20.2
107010,PACHIZA,2010,12,10,33.4,34.7,21.2
107010,PACHIZA,2010,12,11,0.0,34.3,21.1
107010,PACHIZA,2010,12,12,0.0,33.0,20.4
107010,PACHIZA,2010,12,13,0.0,35.5,22.1
107010,PACHIZA,2010,12,14,44.1,32.4,21.4
107010,PACHIZA,2010,12,15,0.0,30.3,21.3
107010,PACHIZA,2010,12,16,14.0,31.1,21.0
107010,PACHIZA,2010,12,17,0.0,33.5,22.0
107010,PACHIZA,2010,12,18,0.0,33.4,23.0
107010,PACHIZA,2010,12,19,0.0,32.2,21.0
107010,PACHIZA,2010,12,20,5.1,30.2,22.3
107010,PACHIZA,2010,12,21,6.2,32.2,21.6
107010,PACHIZA,2010,12,22,0.0,32.5,21.0
107010,PACHIZA,2010,12,23,0.0,34.7,22.0
107010,PACHIZA,2010,12,24,30.1,33.0,21.1
107010,PACHIZA,2010,12,25,23.4,32.8,20.1
107010,PACHIZA,2010,12,26,5.5,29.0,21.0
107010,PACHIZA,2010,12,27,6.2,32.2,21.2
107010,PACHIZA,2010,12,28,19.2,33.0,21.0
107010,PACHIZA,2010,12,29,17.0,33.5,22.2
107010,PACHIZA,2010,12,30,0.0,33.0,21.2
107010,PACHIZA,2010,12,31,0.0,34.5,22.1
107010,PACHIZA,2011,01,01,0.0,33.0,23.0
107010,PACHIZA,2011,01,02,0.0,35.5,22.1
107010,PACHIZA,2011,01,03,0.0,32.5,22.4
107010,PACHIZA,2011,01,04,0.0,35.4,22.1
107010,PACHIZA,2011,01,05,0.0,32.0,22.4
107010,PACHIZA,2011,01,06,0.0,30.5,22.1
107010,PACHIZA,2011,01,07,0.0,33.7,22.0
107010,PACHIZA,2011,01,08,0.0,33.3,21.4
107010,PACHIZA,2011,01,09,0.0,31.2,22.0
107010,PACHIZA,2011,01,10,0.0,33.4,21.0
107010,PACHIZA,2011,01,11,0.0,35.6,21.0
107010,PACHIZA,2011,01,12,0.0,36.1,20.3
107010,PACHIZA,2011,01,13,0.0,35.5,22.0
107010,PACHIZA,2011,01,14,0.0,34.2,22.1
107010,PACHIZA,2011,01,15,0.0,35.5,21.3
107010,PACHIZA,2011,01,16,0.0,36.0,22.1
107010,PACHIZA,2011,01,17,3.8,34.7,21.1
107010,PACHIZA,2011,01,18,0.0,36.0,21.3
107010,PACHIZA,2011,01,19,0.0,36.2,21.2
107010,PACHIZA,2011,01,20,10.0,31.1,20.4
107010,PACHIZA,2011,01,21,0.0,30.5,21.3
107010,PACHIZA,2011,01,22,1.4,33.3,22.0
107010,PACHIZA,2011,01,23,0.0,32.2,22.3
107010,PACHIZA,2011,01,24,0.0,33.0,21.0
107010,PACHIZA,2011,01,25,16.1,31.5,22.1
107010,PACHIZA,2011,01,26,0.0,32.5,20.1
107010,PACHIZA,2011,01,27,0.0,32.2,22.0
107010,PACHIZA,2011,01,28,10.3,27.1,21.3
107010,PACHIZA,2011,01,29,0.0,30.5,-999
107010,PACHIZA,2011,01,30,0.0,33.5,21.3
107010,PACHIZA,2011,01,31,0.0,34.0,22.1
107010,PACHIZA,2011,02,01,0.0,34.5,21.1
107010,PACHIZA,2011,02,02,0.0,32.4,21.0
107010,PACHIZA,2011,02,03,0.0,35.2,22.0
107010,PACHIZA,2011,02,04,8.5,34.4,20.2
107010,PACHIZA,2011,02,05,0.0,35.6,21.2
107010,PACHIZA,2011,02,06,11.0,31.6,20.2
107010,PACHIZA,2011,02,07,32.5,33.4,22.0
107010,PACHIZA,2011,02,08,30.3,29.4,21.2
107010,PACHIZA,2011,02,09,0.0,32.5,20.2
107010,PACHIZA,2011,02,10,0.0,33.5,22.0
107010,PACHIZA,2011,02,11,20.4,32.2,23.0
107010,PACHIZA,2011,02,12,36.3,27.2,20.0
107010,PACHIZA,2011,02,13,27.1,33.0,21.0
107010,PACHIZA,2011,02,14,0.0,32.5,22.0
107010,PACHIZA,2011,02,15,0.0,29.2,22.1
107010,PACHIZA,2011,02,16,0.0,33.5,21.0
107010,PACHIZA,2011,02,17,0.0,36.2,22.0
107010,PACHIZA,2011,02,18,0.0,29.0,23.0
107010,PACHIZA,2011,02,19,0.0,33.2,22.0
107010,PACHIZA,2011,02,20,66.3,29.6,22.2
107010,PACHIZA,2011,02,21,9.5,32.2,23.0
107010,PACHIZA,2011,02,22,22.5,29.5,22.2
107010,PACHIZA,2011,02,23,0.0,29.0,21.0
107010,PACHIZA,2011,02,24,0.0,32.2,22.0
107010,PACHIZA,2011,02,25,0.0,28.5,22.0
107010,PACHIZA,2011,02,26,0.0,29.5,20.0
107010,PACHIZA,2011,02,27,0.0,30.0,19.2
107010,PACHIZA,2011,02,28,30.4,30.2,20.2
107010,PACHIZA,2011,03,01,12.3,28.2,19.4
107010,PACHIZA,2011,03,02,29.3,29.4,18.2
107010,PACHIZA,2011,03,03,18.8,28.2,19.4
107010,PACHIZA,2011,03,04,9.6,30.0,20.2
107010,PACHIZA,2011,03,05,0.0,32.0,22.0
107010,PACHIZA,2011,03,06,2.3,33.0,21.0
107010,PACHIZA,2011,03,07,25.7,33.2,22.0
107010,PACHIZA,2011,03,08,2.1,31.6,22.0
107010,PACHIZA,2011,03,09,0.0,29.5,21.0
107010,PACHIZA,2011,03,10,0.0,34.7,22.0
107010,PACHIZA,2011,03,11,0.0,33.6,21.0
107010,PACHIZA,2011,03,12,0.0,31.0,21.2
107010,PACHIZA,2011,03,13,0.0,29.2,21.0
107010,PACHIZA,2011,03,14,0.0,33.2,22.0
107010,PACHIZA,2011,03,15,0.0,34.6,22.0
107010,PACHIZA,2011,03,16,0.0,34.2,21.4
107010,PACHIZA,2011,03,17,0.0,33.6,22.0
107010,PACHIZA,2011,03,18,0.0,35.0,21.2
107010,PACHIZA,2011,03,19,0.0,34.7,21.0
107010,PACHIZA,2011,03,20,47.2,27.4,21.2
107010,PACHIZA,2011,03,21,0.0,30.6,20.0
107010,PACHIZA,2011,03,22,8.4,34.0,19.2
107010,PACHIZA,2011,03,23,102.7,28.5,21.0
107010,PACHIZA,2011,03,24,12.7,33.2,21.2
107010,PACHIZA,2011,03,25,0.0,33.0,22.0
107010,PACHIZA,2011,03,26,0.0,31.5,22.2
107010,PACHIZA,2011,03,27,0.0,33.5,21.4
107010,PACHIZA,2011,03,28,5.0,32.2,22.2
107010,PACHIZA,2011,03,29,0.0,32.8,22.0
107010,PACHIZA,2011,03,30,9.2,33.0,22.0
107010,PACHIZA,2011,03,31,38.6,27.2,21.2
107010,PACHIZA,2011,04,01,0.0,31.2,22.0
107010,PACHIZA,2011,04,02,0.0,34.0,23.0
107010,PACHIZA,2011,04,03,0.0,34.2,22.2
107010,PACHIZA,2011,04,04,0.0,33.4,23.0
107010,PACHIZA,2011,04,05,0.0,34.5,22.2
107010,PACHIZA,2011,04,06,45.4,31.2,20.0
107010,PACHIZA,2011,04,07,0.0,32.2,21.0
107010,PACHIZA,2011,04,08,0.0,32.4,21.0
107010,PACHIZA,2011,04,09,19.8,29.2,19.4
107010,PACHIZA,2011,04,10,12.0,29.4,20.2
107010,PACHIZA,2011,04,11,0.0,32.6,19.4
107010,PACHIZA,2011,04,12,0.0,34.0,18.4
107010,PACHIZA,2011,04,13,0.0,33.6,19.2
107010,PACHIZA,2011,04,14,36.6,33.4,19.4
107010,PACHIZA,2011,04,15,37.6,27.4,20.0
107010,PACHIZA,2011,04,16,8.2,28.0,21.4
107010,PACHIZA,2011,04,17,21.6,31.2,20.6
107010,PACHIZA,2011,04,18,3.3,33.0,21.2
107010,PACHIZA,2011,04,19,2.8,32.0,22.0
107010,PACHIZA,2011,04,20,0.0,33.0,21.2
107010,PACHIZA,2011,04,21,18.2,33.4,20.2
107010,PACHIZA,2011,04,22,0.0,33.8,20.0
107010,PACHIZA,2011,04,23,0.0,32.8,22.0
107010,PACHIZA,2011,04,24,0.0,32.2,22.4
107010,PACHIZA,2011,04,25,6.0,32.8,22.0
107010,PACHIZA,2011,04,26,0.0,27.2,22.0
107010,PACHIZA,2011,04,27,12.6,31.4,22.2
107010,PACHIZA,2011,04,28,0.0,32.6,21.2
107010,PACHIZA,2011,04,29,0.0,34.5,21.8
107010,PACHIZA,2011,04,30,0.0,34.6,22.0
107010,PACHIZA,2011,05,01,23.2,34.0,22.0
107010,PACHIZA,2011,05,02,0.0,33.2,21.6
107010,PACHIZA,2011,05,03,0.0,29.4,20.0
107010,PACHIZA,2011,05,04,0.0,31.2,20.2
107010,PACHIZA,2011,05,05,0.0,32.4,19.8
107010,PACHIZA,2011,05,06,0.0,34.0,19.0
107010,PACHIZA,2011,05,07,13.0,33.2,21.4
107010,PACHIZA,2011,05,08,0.0,30.6,20.4
107010,PACHIZA,2011,05,09,5.4,32.4,22.0
107010,PACHIZA,2011,05,10,0.0,31.2,21.2
107010,PACHIZA,2011,05,11,0.0,33.2,21.0
107010,PACHIZA,2011,05,12,0.0,34.2,22.0
107010,PACHIZA,2011,05,13,2.0,34.5,22.2
107010,PACHIZA,2011,05,14,2.4,32.0,22.2
107010,PACHIZA,2011,05,15,25.3,33.0,22.0
107010,PACHIZA,2011,05,16,10.2,28.5,22.2
107010,PACHIZA,2011,05,17,0.0,30.2,20.4
107010,PACHIZA,2011,05,18,0.0,32.2,21.0
107010,PACHIZA,2011,05,19,3.7,29.6,20.0
107010,PACHIZA,2011,05,20,0.0,31.4,22.0
107010,PACHIZA,2011,05,21,0.0,32.0,22.2
107010,PACHIZA,2011,05,22,1.7,31.0,20.2
107010,PACHIZA,2011,05,23,0.0,30.4,21.4
107010,PACHIZA,2011,05,24,0.0,33.0,21.0
107010,PACHIZA,2011,05,25,0.0,33.5,22.0
107010,PACHIZA,2011,05,26,0.0,31.5,22.2
107010,PACHIZA,2011,05,27,16.4,29.5,21.2
107010,PACHIZA,2011,05,28,0.0,30.4,21.0
107010,PACHIZA,2011,05,29,0.0,30.5,20.4
107010,PACHIZA,2011,05,30,0.0,31.2,22.0
107010,PACHIZA,2011,05,31,0.0,32.0,20.0
107010,PACHIZA,2011,06,01,0.0,32.6,20.0
107010,PACHIZA,2011,06,02,0.0,32.5,19.6
107010,PACHIZA,2011,06,03,0.0,31.2,20.4
107010,PACHIZA,2011,06,04,8.4,31.6,20.2
107010,PACHIZA,2011,06,05,9.6,26.4,20.0
107010,PACHIZA,2011,06,06,0.0,32.2,21.2
107010,PACHIZA,2011,06,07,0.0,33.2,22.0
107010,PACHIZA,2011,06,08,0.0,32.2,19.6
107010,PACHIZA,2011,06,09,0.0,33.2,21.2
107010,PACHIZA,2011,06,10,0.0,31.2,21.8
107010,PACHIZA,2011,06,11,44.7,26.4,20.0
107010,PACHIZA,2011,06,12,0.0,30.6,20.2
107010,PACHIZA,2011,06,13,0.0,32.2,19.2
107010,PACHIZA,2011,06,14,0.0,31.2,20.2
107010,PACHIZA,2011,06,15,0.0,32.2,20.0
107010,PACHIZA,2011,06,16,0.5,30.6,19.2
107010,PACHIZA,2011,06,17,0.0,30.0,20.4
107010,PACHIZA,2011,06,18,0.0,32.4,22.0
107010,PACHIZA,2011,06,19,0.0,32.2,21.0
107010,PACHIZA,2011,06,20,2.7,32.6,20.4
107010,PACHIZA,2011,06,21,0.0,32.0,20.2
107010,PACHIZA,2011,06,22,0.0,30.0,19.2
107010,PACHIZA,2011,06,23,0.0,31.0,20.4
107010,PACHIZA,2011,06,24,0.0,31.2,21.6
107010,PACHIZA,2011,06,25,0.0,32.4,20.4
107010,PACHIZA,2011,06,26,0.0,33.6,22.0
107010,PACHIZA,2011,06,27,0.0,31.2,20.0
107010,PACHIZA,2011,06,28,3.0,29.2,20.2
107010,PACHIZA,2011,06,29,0.0,28.4,19.6
107010,PACHIZA,2011,06,30,0.0,29.4,20.0
107010,PACHIZA,2011,07,01,128.4,30.0,20.2
107010,PACHIZA,2011,07,02,27.2,28.2,19.8
107010,PACHIZA,2011,07,03,0.0,29.2,19.6
107010,PACHIZA,2011,07,04,8.4,28.4,20.2
107010,PACHIZA,2011,07,05,0.0,32.0,20.2
107010,PACHIZA,2011,07,06,0.0,31.2,19.6
107010,PACHIZA,2011,07,07,0.0,31.0,19.0
107010,PACHIZA,2011,07,08,0.0,31.6,19.8
107010,PACHIZA,2011,07,09,0.0,31.2,20.0
107010,PACHIZA,2011,07,10,0.0,31.0,21.0
107010,PACHIZA,2011,07,11,0.0,30.5,20.0
107010,PACHIZA,2011,07,12,0.0,32.4,20.4
107010,PACHIZA,2011,07,13,0.0,31.8,20.0
107010,PACHIZA,2011,07,14,0.0,32.8,19.4
107010,PACHIZA,2011,07,15,0.0,33.4,20.2
107010,PACHIZA,2011,07,16,0.0,33.8,22.0
107010,PACHIZA,2011,07,17,0.0,33.6,21.0
107010,PACHIZA,2011,07,18,0.0,33.2,19.6
107010,PACHIZA,2011,07,19,0.0,31.2,20.0
107010,PACHIZA,2011,07,20,0.0,32.0,20.0
107010,PACHIZA,2011,07,21,0.0,33.5,19.4
107010,PACHIZA,2011,07,22,0.0,34.0,18.6
107010,PACHIZA,2011,07,23,0.0,30.5,20.2
107010,PACHIZA,2011,07,24,0.0,33.0,20.0
107010,PACHIZA,2011,07,25,0.0,32.6,18.0
107010,PACHIZA,2011,07,26,1.0,34.0,16.6
107010,PACHIZA,2011,07,27,0.0,33.0,21.0
107010,PACHIZA,2011,07,28,0.0,31.5,18.8
107010,PACHIZA,2011,07,29,4.2,33.0,20.0
107010,PACHIZA,2011,07,30,4.8,34.2,21.4
107010,PACHIZA,2011,07,31,0.0,33.6,22.0
107010,PACHIZA,2011,08,01,0.0,33.4,20.4
107010,PACHIZA,2011,08,02,3.2,34.2,22.0
107010,PACHIZA,2011,08,03,19.8,35.0,21.2
107010,PACHIZA,2011,08,04,0.0,31.8,21.0
107010,PACHIZA,2011,08,05,0.0,32.2,20.4
107010,PACHIZA,2011,08,06,0.0,33.6,20.0
107010,PACHIZA,2011,08,07,0.0,34.6,19.2
107010,PACHIZA,2011,08,08,0.0,35.2,19.6
107010,PACHIZA,2011,08,09,0.0,34.6,19.0
107010,PACHIZA,2011,08,10,0.0,34.6,19.2
107010,PACHIZA,2011,08,11,0.0,35.6,19.8
107010,PACHIZA,2011,08,12,0.0,35.0,18.8
107010,PACHIZA,2011,08,13,0.0,34.5,18.4
107010,PACHIZA,2011,08,14,0.0,35.6,19.6
107010,PACHIZA,2011,08,15,0.0,35.4,18.4
107010,PACHIZA,2011,08,16,0.0,34.8,19.6
107010,PACHIZA,2011,08,17,0.0,36.2,19.8
107010,PACHIZA,2011,08,18,0.0,35.5,19.0
107010,PACHIZA,2011,08,19,0.0,36.2,19.2
107010,PACHIZA,2011,08,20,0.0,35.5,20.0
107010,PACHIZA,2011,08,21,0.0,36.0,20.0
107010,PACHIZA,2011,08,22,0.0,35.0,18.0
107010,PACHIZA,2011,08,23,0.0,36.0,18.2
107010,PACHIZA,2011,08,24,0.0,31.6,19.0
107010,PACHIZA,2011,08,25,0.0,35.6,18.2
107010,PACHIZA,2011,08,26,0.0,34.8,19.8
107010,PACHIZA,2011,08,27,0.0,36.2,18.4
107010,PACHIZA,2011,08,28,0.0,36.0,20.2
107010,PACHIZA,2011,08,29,0.0,36.2,19.8
107010,PACHIZA,2011,08,30,0.0,35.4,20.2
107010,PACHIZA,2011,08,31,27.0,33.2,20.0
107010,PACHIZA,2011,09,01,0.0,28.4,19.8
107010,PACHIZA,2011,09,02,0.0,32.4,20.2
107010,PACHIZA,2011,09,03,0.0,35.6,20.4
107010,PACHIZA,2011,09,04,0.0,35.2,20.0
107010,PACHIZA,2011,09,05,0.0,33.4,19.8
107010,PACHIZA,2011,09,06,0.0,34.5,20.0
107010,PACHIZA,2011,09,07,0.0,35.0,20.2
107010,PACHIZA,2011,09,08,0.0,36.2,18.4
107010,PACHIZA,2011,09,09,60.2,36.0,20.2
107010,PACHIZA,2011,09,10,0.0,30.2,19.4
107010,PACHIZA,2011,09,11,0.0,33.2,18.2
107010,PACHIZA,2011,09,12,17.0,28.2,18.0
107010,PACHIZA,2011,09,13,0.0,33.2,20.2
107010,PACHIZA,2011,09,14,0.0,32.0,19.2
107010,PACHIZA,2011,09,15,0.0,34.6,19.4
107010,PACHIZA,2011,09,16,0.0,34.6,19.0
107010,PACHIZA,2011,09,17,0.0,34.8,19.6
107010,PACHIZA,2011,09,18,27.3,31.5,22.0
107010,PACHIZA,2011,09,19,4.0,31.2,20.0
107010,PACHIZA,2011,09,20,0.0,32.2,19.4
107010,PACHIZA,2011,09,21,0.0,34.0,20.0
107010,PACHIZA,2011,09,22,7.6,30.2,21.0
107010,PACHIZA,2011,09,23,0.0,34.2,20.0
107010,PACHIZA,2011,09,24,19.7,31.0,20.2
107010,PACHIZA,2011,09,25,0.0,34.2,19.6
107010,PACHIZA,2011,09,26,0.0,34.5,22.0
107010,PACHIZA,2011,09,27,0.0,34.0,19.2
107010,PACHIZA,2011,09,28,0.0,33.6,20.2
107010,PACHIZA,2011,09,29,0.0,34.0,20.0
107010,PACHIZA,2011,09,30,0.0,35.2,21.0
107010,PACHIZA,2011,10,01,0.0,35.0,20.2
107010,PACHIZA,2011,10,02,0.0,30.5,20.0
107010,PACHIZA,2011,10,03,8.0,33.0,19.8
107010,PACHIZA,2011,10,04,14.4,30.2,20.0
107010,PACHIZA,2011,10,05,8.3,35.5,19.8
107010,PACHIZA,2011,10,06,42.9,33.5,22.0
107010,PACHIZA,2011,10,07,1.0,28.0,21.0
107010,PACHIZA,2011,10,08,0.0,35.2,20.0
107010,PACHIZA,2011,10,09,2.1,30.0,21.0
107010,PACHIZA,2011,10,10,0.0,34.2,20.2
107010,PACHIZA,2011,10,11,0.0,35.0,22.0
107010,PACHIZA,2011,10,12,0.0,33.2,22.2
107010,PACHIZA,2011,10,13,0.0,33.5,21.2
107010,PACHIZA,2011,10,14,0.0,36.0,23.0
107010,PACHIZA,2011,10,15,0.0,35.0,22.0
107010,PACHIZA,2011,10,16,0.0,34.5,23.0
107010,PACHIZA,2011,10,17,0.0,35.5,22.2
107010,PACHIZA,2011,10,18,4.5,30.5,23.0
107010,PACHIZA,2011,10,19,3.2,27.4,22.0
107010,PACHIZA,2011,10,20,1.2,29.5,19.2
107010,PACHIZA,2011,10,21,0.0,32.5,21.0
107010,PACHIZA,2011,10,22,0.0,32.5,22.6
107010,PACHIZA,2011,10,23,31.3,35.2,20.2
107010,PACHIZA,2011,10,24,8.3,26.4,21.0
107010,PACHIZA,2011,10,25,0.0,33.2,20.0
107010,PACHIZA,2011,10,26,15.0,32.6,19.8
107010,PACHIZA,2011,10,27,0.0,30.0,20.2
107010,PACHIZA,2011,10,28,0.0,30.0,23.0
107010,PACHIZA,2011,10,29,0.0,34.8,22.0
107010,PACHIZA,2011,10,30,13.5,33.2,21.0
107010,PACHIZA,2011,10,31,0.0,32.2,22.2
107010,PACHIZA,2011,11,01,0.0,33.0,19.8
107010,PACHIZA,2011,11,02,0.0,31.4,23.0
107010,PACHIZA,2011,11,03,0.0,35.2,20.2
107010,PACHIZA,2011,11,04,0.0,35.6,20.0
107010,PACHIZA,2011,11,05,3.5,31.2,20.0
107010,PACHIZA,2011,11,06,68.2,35.0,22.0
107010,PACHIZA,2011,11,07,6.6,27.3,20.0
107010,PACHIZA,2011,11,08,0.0,32.4,20.2
107010,PACHIZA,2011,11,09,0.0,35.0,20.4
107010,PACHIZA,2011,11,10,0.0,35.4,21.0
107010,PACHIZA,2011,11,11,31.8,36.2,20.0
107010,PACHIZA,2011,11,12,11.0,27.2,20.0
107010,PACHIZA,2011,11,13,0.0,32.8,21.0
107010,PACHIZA,2011,11,14,0.0,34.2,21.4
107010,PACHIZA,2011,11,15,0.0,32.2,22.2
107010,PACHIZA,2011,11,16,0.0,34.6,20.2
107010,PACHIZA,2011,11,17,1.1,32.2,21.4
107010,PACHIZA,2011,11,18,10.0,31.4,22.4
107010,PACHIZA,2011,11,19,9.2,27.4,20.2
107010,PACHIZA,2011,11,20,0.0,31.0,20.0
107010,PACHIZA,2011,11,21,0.0,32.2,22.0
107010,PACHIZA,2011,11,22,6.5,31.4,23.0
107010,PACHIZA,2011,11,23,0.0,30.5,22.0
107010,PACHIZA,2011,11,24,1.2,34.0,22.2
107010,PACHIZA,2011,11,25,0.0,34.4,23.2
107010,PACHIZA,2011,11,26,0.0,36.0,23.0
107010,PACHIZA,2011,11,27,2.0,30.2,23.2
107010,PACHIZA,2011,11,28,0.0,32.0,23.0
107010,PACHIZA,2011,11,29,0.0,35.0,22.2
107010,PACHIZA,2011,11,30,0.0,36.2,20.4
107010,PACHIZA,2011,12,01,3.0,29.0,23.0
107010,PACHIZA,2011,12,02,0.0,32.2,19.6
107010,PACHIZA,2011,12,03,0.0,35.5,21.4
107010,PACHIZA,2011,12,04,0.0,36.0,20.2
107010,PACHIZA,2011,12,05,0.0,34.2,20.2
107010,PACHIZA,2011,12,06,6.3,31.5,20.0
107010,PACHIZA,2011,12,07,0.0,32.4,21.0
107010,PACHIZA,2011,12,08,0.0,32.2,22.0
107010,PACHIZA,2011,12,09,2.3,31.2,21.0
107010,PACHIZA,2011,12,10,0.0,33.4,20.2
107010,PACHIZA,2011,12,11,0.0,35.4,22.2
107010,PACHIZA,2011,12,12,4.3,35.2,23.0
107010,PACHIZA,2011,12,13,5.2,31.5,22.0
107010,PACHIZA,2011,12,14,0.0,32.2,22.2
107010,PACHIZA,2011,12,15,30.6,32.5,23.0
107010,PACHIZA,2011,12,16,21.5,32.0,20.2
107010,PACHIZA,2011,12,17,6.2,30.5,19.8
107010,PACHIZA,2011,12,18,5.5,34.5,18.6
107010,PACHIZA,2011,12,19,50.2,32.0,23.0
107010,PACHIZA,2011,12,20,40.1,31.5,19.0
107010,PACHIZA,2011,12,21,0.0,28.5,20.6
107010,PACHIZA,2011,12,22,50.3,30.5,20.2
107010,PACHIZA,2011,12,23,5.3,33.0,18.2
107010,PACHIZA,2011,12,24,0.0,34.2,21.0
107010,PACHIZA,2011,12,25,4.6,34.4,18.6
107010,PACHIZA,2011,12,26,3.2,27.4,18.4
107010,PACHIZA,2011,12,27,7.5,32.8,19.0
107010,PACHIZA,2011,12,28,4.6,33.2,22.0
107010,PACHIZA,2011,12,29,27.8,31.8,20.4
107010,PACHIZA,2011,12,30,10.1,32.6,18.2
107010,PACHIZA,2011,12,31,0.0,32.4,18.4
107010,PACHIZA,2012,01,01,0.0,33.5,21.0
107010,PACHIZA,2012,01,02,0.0,32.4,20.2
107010,PACHIZA,2012,01,03,0.0,33.2,22.0
107010,PACHIZA,2012,01,04,0.0,33.4,20.0
107010,PACHIZA,2012,01,05,0.0,34.0,20.2
107010,PACHIZA,2012,01,06,5.6,34.2,22.0
107010,PACHIZA,2012,01,07,30.5,32.4,19.8
107010,PACHIZA,2012,01,08,1.8,33.0,19.2
107010,PACHIZA,2012,01,09,0.0,33.5,20.2
107010,PACHIZA,2012,01,10,0.0,34.5,22.0
107010,PACHIZA,2012,01,11,2.5,34.6,22.2
107010,PACHIZA,2012,01,12,3.3,31.8,22.0
107010,PACHIZA,2012,01,13,5.0,31.2,20.0
107010,PACHIZA,2012,01,14,35.6,31.5,22.0
107010,PACHIZA,2012,01,15,0.0,30.4,21.0
107010,PACHIZA,2012,01,16,0.0,33.5,19.8
107010,PACHIZA,2012,01,17,0.0,34.6,21.2
107010,PACHIZA,2012,01,18,0.0,33.5,20.0
107010,PACHIZA,2012,01,19,40.2,33.4,20.6
107010,PACHIZA,2012,01,20,16.4,34.0,20.0
107010,PACHIZA,2012,01,21,0.0,33.5,21.4
107010,PACHIZA,2012,01,22,0.0,33.2,21.0
107010,PACHIZA,2012,01,23,0.0,34.0,20.4
107010,PACHIZA,2012,01,24,0.0,34.4,20.0
107010,PACHIZA,2012,01,25,6.0,32.2,21.2
107010,PACHIZA,2012,01,26,0.0,33.2,20.2
107010,PACHIZA,2012,01,27,66.7,28.2,19.2
107010,PACHIZA,2012,01,28,0.0,31.5,21.0
107010,PACHIZA,2012,01,29,0.0,32.5,20.0
107010,PACHIZA,2012,01,30,0.0,34.2,20.2
107010,PACHIZA,2012,01,31,0.0,32.6,22.0
107010,PACHIZA,2012,02,01,0.0,34.5,22.0
107010,PACHIZA,2012,02,02,0.0,34.2,20.0
107010,PACHIZA,2012,02,03,0.0,31.8,21.2
107010,PACHIZA,2012,02,04,3.6,30.0,20.2
107010,PACHIZA,2012,02,05,4.3,31.0,20.4
107010,PACHIZA,2012,02,06,62.2,30.5,21.4
107010,PACHIZA,2012,02,07,0.0,31.0,20.0
107010,PACHIZA,2012,02,08,0.0,33.2,21.0
107010,PACHIZA,2012,02,09,0.0,33.6,21.0
107010,PACHIZA,2012,02,10,0.0,33.5,20.4
107010,PACHIZA,2012,02,11,32.3,30.2,21.2
107010,PACHIZA,2012,02,12,0.0,31.2,21.8
107010,PACHIZA,2012,02,13,0.0,35.2,22.0
107010,PACHIZA,2012,02,14,0.0,33.0,23.0
107010,PACHIZA,2012,02,15,0.0,33.2,21.2
107010,PACHIZA,2012,02,16,0.0,29.4,22.2
107010,PACHIZA,2012,02,17,0.0,32.2,22.0
107010,PACHIZA,2012,02,18,14.5,31.8,20.0
107010,PACHIZA,2012,02,19,7.6,28.4,20.2
107010,PACHIZA,2012,02,20,0.0,31.8,19.6
107010,PACHIZA,2012,02,21,0.0,33.2,22.0
107010,PACHIZA,2012,02,22,0.0,28.2,21.4
107010,PACHIZA,2012,02,23,0.0,32.2,20.2
107010,PACHIZA,2012,02,24,3.5,33.0,21.0
107010,PACHIZA,2012,02,25,0.0,32.4,19.8
107010,PACHIZA,2012,02,26,0.0,33.6,21.0
107010,PACHIZA,2012,02,27,0.0,31.6,19.4
107010,PACHIZA,2012,02,28,0.0,31.4,22.0
107010,PACHIZA,2012,02,29,13.6,32.6,22.4
107010,PACHIZA,2012,03,01,0.0,32.6,20.0
107010,PACHIZA,2012,03,02,0.0,33.0,21.2
107010,PACHIZA,2012,03,03,4.5,32.6,21.0
107010,PACHIZA,2012,03,04,1.6,29.5,20.2
107010,PACHIZA,2012,03,05,0.0,33.0,20.2
107010,PACHIZA,2012,03,06,0.0,32.8,21.2
107010,PACHIZA,2012,03,07,2.3,33.0,21.6
107010,PACHIZA,2012,03,08,0.0,30.4,21.0
107010,PACHIZA,2012,03,09,7.2,31.8,21.4
107010,PACHIZA,2012,03,10,0.0,32.0,19.8
107010,PACHIZA,2012,03,11,8.2,30.0,20.4
107010,PACHIZA,2012,03,12,6.3,33.5,20.0
107010,PACHIZA,2012,03,13,0.0,32.0,20.4
107010,PACHIZA,2012,03,14,0.0,35.0,20.0
107010,PACHIZA,2012,03,15,0.0,27.2,20.4
107010,PACHIZA,2012,03,16,0.0,30.5,19.8
107010,PACHIZA,2012,03,17,0.0,32.5,22.0
107010,PACHIZA,2012,03,18,0.0,34.2,21.4
107010,PACHIZA,2012,03,19,4.3,34.6,20.4
107010,PACHIZA,2012,03,20,0.0,35.2,22.2
107010,PACHIZA,2012,03,21,0.0,33.6,21.4
107010,PACHIZA,2012,03,22,0.0,35.0,22.0
107010,PACHIZA,2012,03,23,0.0,35.2,22.2
107010,PACHIZA,2012,03,24,47.3,35.5,21.6
107010,PACHIZA,2012,03,25,0.0,28.0,20.0
107010,PACHIZA,2012,03,26,0.0,33.5,20.4
107010,PACHIZA,2012,03,27,0.0,34.5,20.2
107010,PACHIZA,2012,03,28,6.3,32.2,21.2
107010,PACHIZA,2012,03,29,0.0,31.4,21.0
107010,PACHIZA,2012,03,30,20.5,32.5,21.4
107010,PACHIZA,2012,03,31,0.0,33.0,22.2
107010,PACHIZA,2012,04,01,3.4,30.5,21.0
107010,PACHIZA,2012,04,02,0.0,31.5,21.2
107010,PACHIZA,2012,04,03,0.0,32.4,22.0
107010,PACHIZA,2012,04,04,0.0,33.2,21.4
107010,PACHIZA,2012,04,05,0.0,33.0,22.0
107010,PACHIZA,2012,04,06,0.0,32.4,21.0
107010,PACHIZA,2012,04,07,0.0,34.5,20.2
107010,PACHIZA,2012,04,08,12.2,32.0,21.2
107010,PACHIZA,2012,04,09,16.2,30.5,22.0
107010,PACHIZA,2012,04,10,20.0,28.2,20.0
107010,PACHIZA,2012,04,11,5.4,31.5,21.0
107010,PACHIZA,2012,04,12,13.8,30.2,22.0
107010,PACHIZA,2012,04,13,3.0,31.6,20.0
107010,PACHIZA,2012,04,14,0.0,32.2,22.0
107010,PACHIZA,2012,04,15,0.0,33.0,22.0
107010,PACHIZA,2012,04,16,8.2,27.4,20.2
107010,PACHIZA,2012,04,17,0.0,31.6,20.0
107010,PACHIZA,2012,04,18,0.0,31.5,22.0
107010,PACHIZA,2012,04,19,10.0,31.6,22.2
107010,PACHIZA,2012,04,20,0.0,32.2,20.2
107010,PACHIZA,2012,04,21,0.0,34.4,21.8
107010,PACHIZA,2012,04,22,26.2,30.5,22.0
107010,PACHIZA,2012,04,23,0.0,29.4,20.2
107010,PACHIZA,2012,04,24,0.0,31.5,21.4
107010,PACHIZA,2012,04,25,0.0,33.0,20.8
107010,PACHIZA,2012,04,26,0.0,32.4,21.4
107010,PACHIZA,2012,04,27,0.0,33.6,22.2
107010,PACHIZA,2012,04,28,0.0,32.2,21.0
107010,PACHIZA,2012,04,29,26.8,32.0,22.0
107010,PACHIZA,2012,04,30,9.6,31.5,22.0
107010,PACHIZA,2012,05,01,9.4,27.2,19.4
107010,PACHIZA,2012,05,02,0.0,30.5,20.0
107010,PACHIZA,2012,05,03,0.0,32.0,21.0
107010,PACHIZA,2012,05,04,0.0,33.5,20.2
107010,PACHIZA,2012,05,05,0.0,33.4,19.4
107010,PACHIZA,2012,05,06,0.0,33.5,18.4
107010,PACHIZA,2012,05,07,0.0,34.5,22.0
107010,PACHIZA,2012,05,08,0.0,34.0,20.2
107010,PACHIZA,2012,05,09,0.0,33.2,21.2
107010,PACHIZA,2012,05,10,0.0,33.5,19.8
107010,PACHIZA,2012,05,11,0.0,33.4,18.4
107010,PACHIZA,2012,05,12,0.0,29.5,19.2
107010,PACHIZA,2012,05,13,0.0,32.2,21.2
107010,PACHIZA,2012,05,14,0.0,33.5,21.4
107010,PACHIZA,2012,05,15,4.8,28.4,21.8
107010,PACHIZA,2012,05,16,0.0,32.4,20.4
107010,PACHIZA,2012,05,17,0.0,33.5,20.0
107010,PACHIZA,2012,05,18,0.0,34.0,20.2
107010,PACHIZA,2012,05,19,3.4,33.2,21.2
107010,PACHIZA,2012,05,20,0.0,32.5,20.2
107010,PACHIZA,2012,05,21,7.2,30.5,19.8
107010,PACHIZA,2012,05,22,2.0,32.0,20.2
107010,PACHIZA,2012,05,23,0.0,32.2,20.0
107010,PACHIZA,2012,05,24,0.0,32.6,22.0
107010,PACHIZA,2012,05,25,1.4,34.2,20.6
107010,PACHIZA,2012,05,26,0.0,32.0,21.4
107010,PACHIZA,2012,05,27,0.0,33.5,20.4
107010,PACHIZA,2012,05,28,0.0,32.2,21.8
107010,PACHIZA,2012,05,29,7.1,34.2,22.0
107010,PACHIZA,2012,05,30,0.0,33.2,21.2
107010,PACHIZA,2012,05,31,0.0,34.2,21.0
107010,PACHIZA,2012,06,01,0.0,30.4,21.4
107010,PACHIZA,2012,06,02,0.0,31.4,21.0
107010,PACHIZA,2012,06,03,0.0,33.2,20.2
107010,PACHIZA,2012,06,04,0.0,31.2,19.0
107010,PACHIZA,2012,06,05,0.0,33.4,20.6
107010,PACHIZA,2012,06,06,0.0,32.4,20.2
107010,PACHIZA,2012,06,07,17.1,30.0,21.0
107010,PACHIZA,2012,06,08,0.0,29.8,18.4
107010,PACHIZA,2012,06,09,0.0,31.2,19.6
107010,PACHIZA,2012,06,10,0.0,30.5,18.2
107010,PACHIZA,2012,06,11,0.0,31.4,18.4
107010,PACHIZA,2012,06,12,0.0,32.0,17.4
107010,PACHIZA,2012,06,13,0.0,33.0,16.8
107010,PACHIZA,2012,06,14,0.0,33.5,18.0
107010,PACHIZA,2012,06,15,0.0,33.2,18.6
107010,PACHIZA,2012,06,16,0.0,33.5,18.8
107010,PACHIZA,2012,06,17,0.0,34.2,18.2
107010,PACHIZA,2012,06,18,0.0,34.5,20.0
107010,PACHIZA,2012,06,19,0.0,34.0,19.8
107010,PACHIZA,2012,06,20,0.0,34.5,19.2
107010,PACHIZA,2012,06,21,0.0,34.0,20.2
107010,PACHIZA,2012,06,22,0.0,33.5,20.0
107010,PACHIZA,2012,06,23,0.0,34.2,20.4
107010,PACHIZA,2012,06,24,13.4,33.0,20.2
107010,PACHIZA,2012,06,25,0.0,29.5,19.6
107010,PACHIZA,2012,06,26,18.6,27.6,20.0
107010,PACHIZA,2012,06,27,0.0,30.5,19.8
107010,PACHIZA,2012,06,28,0.0,30.5,18.8
107010,PACHIZA,2012,06,29,0.0,32.5,18.4
107010,PACHIZA,2012,06,30,0.0,33.0,20.2
107010,PACHIZA,2012,07,01,0.0,-999,22.0
107010,PACHIZA,2012,07,02,0.0,32.5,20.0
107010,PACHIZA,2012,07,03,0.0,32.2,19.6
107010,PACHIZA,2012,07,04,0.0,34.0,19.0
107010,PACHIZA,2012,07,05,0.0,34.5,18.4
107010,PACHIZA,2012,07,06,0.0,33.5,16.6
107010,PACHIZA,2012,07,07,0.0,32.0,19.0
107010,PACHIZA,2012,07,08,12.0,29.5,21.0
107010,PACHIZA,2012,07,09,0.0,28.6,19.0
107010,PACHIZA,2012,07,10,0.0,31.5,19.2
107010,PACHIZA,2012,07,11,0.0,31.6,18.6
107010,PACHIZA,2012,07,12,0.0,33.5,17.6
107010,PACHIZA,2012,07,13,0.0,34.0,19.4
107010,PACHIZA,2012,07,14,0.0,32.2,18.6
107010,PACHIZA,2012,07,15,0.0,34.5,19.0
107010,PACHIZA,2012,07,16,10.5,32.6,18.6
107010,PACHIZA,2012,07,17,0.0,31.0,21.0
107010,PACHIZA,2012,07,18,2.2,32.0,19.0
107010,PACHIZA,2012,07,19,0.0,31.4,16.4
107010,PACHIZA,2012,07,20,0.0,32.5,15.4
107010,PACHIZA,2012,07,21,0.0,32.4,15.8
107010,PACHIZA,2012,07,22,0.0,32.6,14.0
107010,PACHIZA,2012,07,23,0.0,35.0,21.0
107010,PACHIZA,2012,07,24,0.0,35.2,16.0
107010,PACHIZA,2012,07,25,1.7,34.0,16.4
107010,PACHIZA,2012,07,26,0.0,34.5,20.0
107010,PACHIZA,2012,07,27,0.0,34.0,20.2
107010,PACHIZA,2012,07,28,0.0,35.2,19.0
107010,PACHIZA,2012,07,29,0.0,32.4,19.2
107010,PACHIZA,2012,07,30,14.3,36.2,18.6
107010,PACHIZA,2012,07,31,0.0,29.5,18.4
107010,PACHIZA,2012,08,01,0.0,32.4,20.0
107010,PACHIZA,2012,08,02,0.0,31.6,19.6
107010,PACHIZA,2012,08,03,0.0,33.2,18.2
107010,PACHIZA,2012,08,04,0.0,32.4,21.0
107010,PACHIZA,2012,08,05,11.7,35.5,21.2
107010,PACHIZA,2012,08,06,0.0,32.5,19.4
107010,PACHIZA,2012,08,07,0.0,35.0,21.4
107010,PACHIZA,2012,08,08,0.0,35.2,19.0
107010,PACHIZA,2012,08,09,0.0,35.5,18.6
107010,PACHIZA,2012,08,10,0.0,35.0,16.2
107010,PACHIZA,2012,08,11,0.0,34.0,21.0
107010,PACHIZA,2012,08,12,0.0,35.4,16.6
107010,PACHIZA,2012,08,13,9.5,33.0,17.0
107010,PACHIZA,2012,08,14,7.5,34.0,20.0
107010,PACHIZA,2012,08,15,0.0,33.0,19.2
107010,PACHIZA,2012,08,16,0.0,32.0,20.0
107010,PACHIZA,2012,08,17,0.0,35.5,19.0
107010,PACHIZA,2012,08,18,0.0,35.6,17.4
107010,PACHIZA,2012,08,19,0.0,35.5,20.0
107010,PACHIZA,2012,08,20,0.0,36.2,18.0
107010,PACHIZA,2012,08,21,0.0,36.0,18.2
107010,PACHIZA,2012,08,22,0.0,36.2,19.0
107010,PACHIZA,2012,08,23,0.0,34.0,18.6
107010,PACHIZA,2012,08,24,0.0,34.6,19.6
107010,PACHIZA,2012,08,25,0.0,29.4,21.0
107010,PACHIZA,2012,08,26,2.4,33.5,17.6
107010,PACHIZA,2012,08,27,0.0,31.0,20.0
107010,PACHIZA,2012,08,28,3.5,32.0,17.4
107010,PACHIZA,2012,08,29,0.0,33.5,17.2
107010,PACHIZA,2012,08,30,0.0,35.8,16.0
107010,PACHIZA,2012,08,31,0.0,36.0,16.2
107010,PACHIZA,2012,09,01,0.0,35.0,17.4
107010,PACHIZA,2012,09,02,0.0,36.2,18.6
107010,PACHIZA,2012,09,03,0.0,34.4,19.0
107010,PACHIZA,2012,09,04,0.0,34.0,20.0
107010,PACHIZA,2012,09,05,0.0,33.2,16.2
107010,PACHIZA,2012,09,06,0.0,30.0,17.6
107010,PACHIZA,2012,09,07,0.0,34.2,16.0
107010,PACHIZA,2012,09,08,0.0,36.8,16.2
107010,PACHIZA,2012,09,09,6.1,34.5,19.8
107010,PACHIZA,2012,09,10,0.0,36.0,19.2
107010,PACHIZA,2012,09,11,0.0,37.0,16.8
107010,PACHIZA,2012,09,12,9.3,37.5,15.0
107010,PACHIZA,2012,09,13,1.2,30.2,19.0
107010,PACHIZA,2012,09,14,0.0,30.0,18.0
107010,PACHIZA,2012,09,15,0.0,35.2,17.8
107010,PACHIZA,2012,09,16,0.0,36.5,17.2
107010,PACHIZA,2012,09,17,0.0,37.0,18.4
107010,PACHIZA,2012,09,18,0.0,37.5,17.6
107010,PACHIZA,2012,09,19,0.0,37.5,18.4
107010,PACHIZA,2012,09,20,0.0,38.0,18.4
107010,PACHIZA,2012,09,21,0.0,36.2,20.0
107010,PACHIZA,2012,09,22,41.1,36.5,21.0
107010,PACHIZA,2012,09,23,0.0,30.5,19.0
107010,PACHIZA,2012,09,24,0.0,35.0,20.2
107010,PACHIZA,2012,09,25,4.3,33.5,22.0
107010,PACHIZA,2012,09,26,7.9,33.6,19.6
107010,PACHIZA,2012,09,27,0.0,28.2,19.2
107010,PACHIZA,2012,09,28,0.0,32.5,18.6
107010,PACHIZA,2012,09,29,44.1,35.2,17.6
107010,PACHIZA,2012,09,30,0.0,34.5,19.0
107010,PACHIZA,2012,10,01,0.0,36.5,19.8
107010,PACHIZA,2012,10,02,0.0,37.0,19.0
107010,PACHIZA,2012,10,03,0.0,36.0,20.0
107010,PACHIZA,2012,10,04,6.2,33.2,21.0
107010,PACHIZA,2012,10,05,0.0,36.5,20.0
107010,PACHIZA,2012,10,06,36.6,30.2,19.0
107010,PACHIZA,2012,10,07,0.0,31.5,20.0
107010,PACHIZA,2012,10,08,0.0,34.2,20.4
107010,PACHIZA,2012,10,09,0.0,34.0,19.6
107010,PACHIZA,2012,10,10,31.7,36.5,20.0
107010,PACHIZA,2012,10,11,76.4,33.5,19.0
107010,PACHIZA,2012,10,12,6.2,28.6,20.0
107010,PACHIZA,2012,10,13,0.0,31.2,20.4
107010,PACHIZA,2012,10,14,0.0,34.5,19.2
107010,PACHIZA,2012,10,15,0.0,36.0,19.8
107010,PACHIZA,2012,10,16,14.6,35.5,20.2
107010,PACHIZA,2012,10,17,50.1,25.6,20.0
107010,PACHIZA,2012,10,18,0.0,33.5,20.4
107010,PACHIZA,2012,10,19,19.1,27.5,20.0
107010,PACHIZA,2012,10,20,0.0,32.5,21.4
107010,PACHIZA,2012,10,21,0.0,32.5,20.2
107010,PACHIZA,2012,10,22,13.5,35.2,20.0
107010,PACHIZA,2012,10,23,33.4,35.6,21.0
107010,PACHIZA,2012,10,24,5.6,28.0,20.2
107010,PACHIZA,2012,10,25,0.0,28.6,19.4
107010,PACHIZA,2012,10,26,0.0,34.2,20.2
107010,PACHIZA,2012,10,27,0.0,33.0,20.0
107010,PACHIZA,2012,10,28,0.0,35.5,20.2
107010,PACHIZA,2012,10,29,3.6,29.0,21.4
107010,PACHIZA,2012,10,30,0.0,34.5,20.4
107010,PACHIZA,2012,10,31,43.3,35.2,21.0
107010,PACHIZA,2012,11,01,0.0,33.2,20.2
107010,PACHIZA,2012,11,02,0.0,35.0,20.0
107010,PACHIZA,2012,11,03,4.5,33.2,21.0
107010,PACHIZA,2012,11,04,3.4,29.4,20.4
107010,PACHIZA,2012,11,05,0.0,34.2,21.2
107010,PACHIZA,2012,11,06,3.0,32.6,20.0
107010,PACHIZA,2012,11,07,0.0,33.5,20.2
107010,PACHIZA,2012,11,08,0.0,34.5,21.0
107010,PACHIZA,2012,11,09,0.0,36.5,20.0
107010,PACHIZA,2012,11,10,0.0,36.7,21.0
107010,PACHIZA,2012,11,11,41.0,35.4,21.4
107010,PACHIZA,2012,11,12,0.0,32.5,22.0
107010,PACHIZA,2012,11,13,0.0,34.5,21.2
107010,PACHIZA,2012,11,14,0.0,35.5,20.0
107010,PACHIZA,2012,11,15,4.6,32.0,22.2
107010,PACHIZA,2012,11,16,3.9,30.2,23.0
107010,PACHIZA,2012,11,17,0.0,32.0,21.0
107010,PACHIZA,2012,11,18,0.0,32.5,21.0
107010,PACHIZA,2012,11,19,61.1,28.5,21.4
107010,PACHIZA,2012,11,20,0.0,33.7,21.4
107010,PACHIZA,2012,11,21,24.7,34.5,22.6
107010,PACHIZA,2012,11,22,0.0,34.0,21.2
107010,PACHIZA,2012,11,23,0.0,35.0,22.2
107010,PACHIZA,2012,11,24,0.0,35.2,21.4
107010,PACHIZA,2012,11,25,0.0,34.5,21.4
107010,PACHIZA,2012,11,26,0.0,34.2,21.2
107010,PACHIZA,2012,11,27,0.0,34.5,22.0
107010,PACHIZA,2012,11,28,0.0,35.2,22.2
107010,PACHIZA,2012,11,29,6.7,35.5,22.0
107010,PACHIZA,2012,11,30,0.0,32.6,21.4
107010,PACHIZA,2012,12,01,0.0,34.2,21.4
107010,PACHIZA,2012,12,02,0.0,32.6,21.6
107010,PACHIZA,2012,12,03,1.6,32.0,21.2
107010,PACHIZA,2012,12,04,5.2,29.4,20.0
107010,PACHIZA,2012,12,05,0.0,31.4,20.2
107010,PACHIZA,2012,12,06,0.0,31.2,22.0
107010,PACHIZA,2012,12,07,0.0,33.2,20.0
107010,PACHIZA,2012,12,08,4.2,34.5,20.2
107010,PACHIZA,2012,12,09,0.0,33.2,20.2
107010,PACHIZA,2012,12,10,0.0,33.0,22.0
107010,PACHIZA,2012,12,11,0.0,35.2,22.0
107010,PACHIZA,2012,12,12,8.0,33.5,22.2
107010,PACHIZA,2012,12,13,6.0,35.2,21.0
107010,PACHIZA,2012,12,14,0.0,34.5,21.2
107010,PACHIZA,2012,12,15,0.0,34.6,22.2
107010,PACHIZA,2012,12,16,0.0,34.0,23.0
107010,PACHIZA,2012,12,17,0.0,29.2,21.4
107010,PACHIZA,2012,12,18,0.0,34.2,20.4
107010,PACHIZA,2012,12,19,0.0,35.2,21.2
107010,PACHIZA,2012,12,20,0.0,35.5,20.0
107010,PACHIZA,2012,12,21,2.0,36.0,21.2
107010,PACHIZA,2012,12,22,0.0,33.4,21.2
107010,PACHIZA,2012,12,23,0.0,34.4,18.4
107010,PACHIZA,2012,12,24,6.0,35.0,20.0
107010,PACHIZA,2012,12,25,46.8,34.2,20.4
107010,PACHIZA,2012,12,26,5.6,33.2,20.2
107010,PACHIZA,2012,12,27,33.0,33.5,20.0
107010,PACHIZA,2012,12,28,6.6,31.5,19.8
107010,PACHIZA,2012,12,29,3.0,32.0,20.0
107010,PACHIZA,2012,12,30,2.1,33.6,20.4
107010,PACHIZA,2012,12,31,0.0,30.2,20.0
107010,PACHIZA,2013,01,01,0.0,33.5,21.2
107010,PACHIZA,2013,01,02,0.0,33.4,20.2
107010,PACHIZA,2013,01,03,0.0,30.5,20.0
107010,PACHIZA,2013,01,04,0.0,33.4,20.2
107010,PACHIZA,2013,01,05,0.0,33.5,21.0
107010,PACHIZA,2013,01,06,0.0,34.2,19.8
107010,PACHIZA,2013,01,07,0.0,32.5,20.0
107010,PACHIZA,2013,01,08,0.0,32.0,20.2
107010,PACHIZA,2013,01,09,0.0,29.0,20.4
107010,PACHIZA,2013,01,10,0.0,31.5,19.4
107010,PACHIZA,2013,01,11,0.0,34.5,20.2
107010,PACHIZA,2013,01,12,0.0,34.6,21.2
107010,PACHIZA,2013,01,13,0.0,36.0,19.6
107010,PACHIZA,2013,01,14,9.3,31.5,21.2
107010,PACHIZA,2013,01,15,0.0,35.5,19.8
107010,PACHIZA,2013,01,16,0.0,35.5,20.0
107010,PACHIZA,2013,01,17,11.4,32.2,21.2
107010,PACHIZA,2013,01,18,0.0,32.8,18.2
107010,PACHIZA,2013,01,19,0.0,36.8,20.0
107010,PACHIZA,2013,01,20,0.0,35.5,20.4
107010,PACHIZA,2013,01,21,17.0,34.2,21.2
107010,PACHIZA,2013,01,22,63.8,29.0,20.8
107010,PACHIZA,2013,01,23,0.0,30.4,18.4
107010,PACHIZA,2013,01,24,0.0,34.5,20.0
107010,PACHIZA,2013,01,25,0.0,34.6,19.2
107010,PACHIZA,2013,01,26,4.8,34.0,18.4
107010,PACHIZA,2013,01,27,0.0,34.6,19.8
107010,PACHIZA,2013,01,28,0.0,32.6,21.0
107010,PACHIZA,2013,01,29,0.0,34.2,20.2
107010,PACHIZA,2013,01,30,0.0,35.6,20.0
107010,PACHIZA,2013,01,31,0.0,35.0,20.2
107010,PACHIZA,2013,02,01,0.0,36.2,19.8
107010,PACHIZA,2013,02,02,0.0,35.0,21.2
107010,PACHIZA,2013,02,03,0.0,35.6,21.2
107010,PACHIZA,2013,02,04,19.5,34.0,21.0
107010,PACHIZA,2013,02,05,9.6,30.2,19.0
107010,PACHIZA,2013,02,06,0.0,32.2,21.4
107010,PACHIZA,2013,02,07,76.3,34.2,22.0
107010,PACHIZA,2013,02,08,30.6,30.0,20.2
107010,PACHIZA,2013,02,09,27.3,30.2,19.0
107010,PACHIZA,2013,02,10,9.4,32.0,21.0
107010,PACHIZA,2013,02,11,13.1,29.2,22.0
107010,PACHIZA,2013,02,12,0.0,33.0,21.4
107010,PACHIZA,2013,02,13,0.0,34.5,22.2
107010,PACHIZA,2013,02,14,7.0,32.6,22.2
107010,PACHIZA,2013,02,15,30.5,29.5,21.2
107010,PACHIZA,2013,02,16,0.0,32.0,20.0
107010,PACHIZA,2013,02,17,0.0,34.5,21.2
107010,PACHIZA,2013,02,18,0.0,34.2,22.0
107010,PACHIZA,2013,02,19,0.0,34.0,21.2
107010,PACHIZA,2013,02,20,7.3,34.5,22.0
107010,PACHIZA,2013,02,21,0.0,34.5,22.0
107010,PACHIZA,2013,02,22,130.5,31.7,21.0
107010,PACHIZA,2013,02,23,0.0,29.2,20.0
107010,PACHIZA,2013,02,24,0.0,35.0,21.2
107010,PACHIZA,2013,02,25,0.0,35.2,21.0
107010,PACHIZA,2013,02,26,0.0,35.0,22.2
107010,PACHIZA,2013,02,27,0.0,33.5,23.0
107010,PACHIZA,2013,02,28,0.0,34.0,-999
107010,PACHIZA,2013,03,01,7.2,33.2,-999
107010,PACHIZA,2013,03,02,2.5,33.5,-999
107010,PACHIZA,2013,03,03,2.6,29.5,22.4
107010,PACHIZA,2013,03,04,61.1,32.2,21.0
107010,PACHIZA,2013,03,05,3.2,32.6,22.0
107010,PACHIZA,2013,03,06,0.0,34.0,22.2
107010,PACHIZA,2013,03,07,19.1,34.5,23.0
107010,PACHIZA,2013,03,08,0.0,32.4,22.0
107010,PACHIZA,2013,03,09,0.0,33.6,21.0
107010,PACHIZA,2013,03,10,0.0,33.2,22.4
107010,PACHIZA,2013,03,11,0.0,31.2,21.2
107010,PACHIZA,2013,03,12,0.0,35.2,23.2
107010,PACHIZA,2013,03,13,0.0,35.5,23.0
107010,PACHIZA,2013,03,14,0.0,33.5,23.2
107010,PACHIZA,2013,03,15,4.2,31.4,22.0
107010,PACHIZA,2013,03,16,3.8,31.6,21.0
107010,PACHIZA,2013,03,17,3.4,31.0,21.0
107010,PACHIZA,2013,03,18,0.0,32.5,22.0
107010,PACHIZA,2013,03,19,2.5,34.4,22.0
107010,PACHIZA,2013,03,20,49.7,32.2,20.4
107010,PACHIZA,2013,03,21,72.7,25.2,22.0
107010,PACHIZA,2013,03,22,0.0,27.0,21.0
107010,PACHIZA,2013,03,23,4.0,32.0,21.0
107010,PACHIZA,2013,03,24,0.0,34.2,21.6
107010,PACHIZA,2013,03,25,0.0,33.6,22.2
107010,PACHIZA,2013,03,26,0.0,35.0,23.0
107010,PACHIZA,2013,03,27,29.7,33.4,21.4
107010,PACHIZA,2013,03,28,0.0,32.4,20.2
107010,PACHIZA,2013,03,29,0.0,33.2,21.0
107010,PACHIZA,2013,03,30,0.0,33.4,22.0
107010,PACHIZA,2013,03,31,0.0,33.5,22.0
107010,PACHIZA,2013,04,01,3.7,31.7,23.0
107010,PACHIZA,2013,04,02,23.6,32.6,22.0
107010,PACHIZA,2013,04,03,0.0,32.4,21.6
107010,PACHIZA,2013,04,04,0.0,33.0,22.2
107010,PACHIZA,2013,04,05,0.0,32.2,21.4
107010,PACHIZA,2013,04,06,0.0,34.6,23.0
107010,PACHIZA,2013,04,07,0.0,33.5,22.0
107010,PACHIZA,2013,04,08,0.0,34.8,23.0
107010,PACHIZA,2013,04,09,0.0,33.2,23.0
107010,PACHIZA,2013,04,10,0.0,35.0,22.0
107010,PACHIZA,2013,04,11,14.1,36.5,23.0
107010,PACHIZA,2013,04,12,2.4,35.2,22.2
107010,PACHIZA,2013,04,13,0.0,35.5,23.0
107010,PACHIZA,2013,04,14,47.8,33.5,23.2
107010,PACHIZA,2013,04,15,0.0,31.4,22.0
107010,PACHIZA,2013,04,16,0.0,32.6,21.0
107010,PACHIZA,2013,04,17,40.2,33.5,21.6
107010,PACHIZA,2013,04,18,8.4,31.6,21.0
107010,PACHIZA,2013,04,19,0.0,33.0,22.0
107010,PACHIZA,2013,04,20,0.0,33.5,21.0
107010,PACHIZA,2013,04,21,0.0,33.0,19.8
107010,PACHIZA,2013,04,22,0.0,34.2,21.6
107010,PACHIZA,2013,04,23,0.0,33.6,22.4
107010,PACHIZA,2013,04,24,0.0,33.7,21.0
107010,PACHIZA,2013,04,25,0.0,32.4,19.0
107010,PACHIZA,2013,04,26,0.0,33.5,16.8
107010,PACHIZA,2013,04,27,0.0,34.2,17.6
107010,PACHIZA,2013,04,28,0.0,34.6,18.0
107010,PACHIZA,2013,04,29,0.0,35.0,20.2
107010,PACHIZA,2013,04,30,3.0,35.2,22.2
107010,PACHIZA,2013,05,01,1.0,33.8,21.2
107010,PACHIZA,2013,05,02,0.0,32.2,22.0
107010,PACHIZA,2013,05,03,0.0,32.2,19.0
107010,PACHIZA,2013,05,04,0.0,34.5,20.2
107010,PACHIZA,2013,05,05,0.0,35.2,21.2
107010,PACHIZA,2013,05,06,0.0,31.2,22.0
107010,PACHIZA,2013,05,07,12.4,30.5,21.8
107010,PACHIZA,2013,05,08,0.0,30.2,21.0
107010,PACHIZA,2013,05,09,0.0,34.2,20.4
107010,PACHIZA,2013,05,10,0.0,32.2,21.4
107010,PACHIZA,2013,05,11,0.0,29.4,22.0
107010,PACHIZA,2013,05,12,0.0,34.2,22.4
107010,PACHIZA,2013,05,13,0.0,34.4,21.0
107010,PACHIZA,2013,05,14,0.0,32.2,22.0
107010,PACHIZA,2013,05,15,9.2,31.4,22.0
107010,PACHIZA,2013,05,16,2.4,33.2,21.6
107010,PACHIZA,2013,05,17,4.4,34.4,21.4
107010,PACHIZA,2013,05,18,3.0,27.2,21.0
107010,PACHIZA,2013,05,19,17.2,32.0,20.2
107010,PACHIZA,2013,05,20,0.0,31.6,22.2
107010,PACHIZA,2013,05,21,0.0,33.4,20.2
107010,PACHIZA,2013,05,22,0.0,33.6,20.0
107010,PACHIZA,2013,05,23,4.5,34.4,21.4
107010,PACHIZA,2013,05,24,0.0,33.2,21.2
107010,PACHIZA,2013,05,25,10.6,31.2,22.0
107010,PACHIZA,2013,05,26,0.0,30.0,20.0
107010,PACHIZA,2013,05,27,0.0,33.4,20.0
107010,PACHIZA,2013,05,28,0.0,34.0,22.0
107010,PACHIZA,2013,05,29,0.0,34.6,20.2
107010,PACHIZA,2013,05,30,2.3,34.4,22.0
107010,PACHIZA,2013,05,31,0.0,32.4,23.0
107010,PACHIZA,2013,06,01,0.0,33.6,22.4
107010,PACHIZA,2013,06,02,0.0,33.4,22.0
107010,PACHIZA,2013,06,03,0.0,31.6,21.0
107010,PACHIZA,2013,06,04,0.0,32.0,21.2
107010,PACHIZA,2013,06,05,0.0,32.6,21.0
107010,PACHIZA,2013,06,06,13.2,32.2,21.2
107010,PACHIZA,2013,06,07,69.6,26.6,20.2
107010,PACHIZA,2013,06,08,5.5,26.2,19.4
107010,PACHIZA,2013,06,09,0.0,28.6,-999
107010,PACHIZA,2013,06,10,0.0,31.0,-999
107010,PACHIZA,2013,06,11,0.0,32.6,-999
107010,PACHIZA,2013,06,12,4.5,30.6,21.0
107010,PACHIZA,2013,06,13,0.0,31.2,21.2
107010,PACHIZA,2013,06,14,0.0,32.4,21.0
107010,PACHIZA,2013,06,15,0.0,33.0,19.0
107010,PACHIZA,2013,06,16,0.0,33.2,19.2
107010,PACHIZA,2013,06,17,0.0,31.6,20.0
107010,PACHIZA,2013,06,18,0.0,31.0,21.9
107010,PACHIZA,2013,06,19,0.0,32.4,21.0
107010,PACHIZA,2013,06,20,0.0,32.0,20.0
107010,PACHIZA,2013,06,21,0.0,32.6,21.2
107010,PACHIZA,2013,06,22,0.0,32.0,21.4
107010,PACHIZA,2013,06,23,0.0,33.4,20.0
107010,PACHIZA,2013,06,24,2.0,32.6,19.2
107010,PACHIZA,2013,06,25,0.0,33.6,19.4
107010,PACHIZA,2013,06,26,0.0,34.0,21.8
107010,PACHIZA,2013,06,27,0.0,34.2,21.8
107010,PACHIZA,2013,06,28,0.0,34.0,20.6
107010,PACHIZA,2013,06,29,0.0,34.5,20.2
107010,PACHIZA,2013,06,30,2.0,34.6,21.2
107010,PACHIZA,2013,07,01,0.0,30.4,20.0
107010,PACHIZA,2013,07,02,0.0,32.6,18.8
107010,PACHIZA,2013,07,03,0.0,32.4,19.0
107010,PACHIZA,2013,07,04,0.0,33.2,20.0
107010,PACHIZA,2013,07,05,0.0,31.4,19.8
107010,PACHIZA,2013,07,06,8.2,32.2,21.0
107010,PACHIZA,2013,07,07,11.4,33.0,20.6
107010,PACHIZA,2013,07,08,1.4,31.0,19.8
107010,PACHIZA,2013,07,09,0.0,32.6,19.0
107010,PACHIZA,2013,07,10,7.3,33.0,19.2
107010,PACHIZA,2013,07,11,0.0,33.5,20.2
107010,PACHIZA,2013,07,12,0.0,33.8,18.4
107010,PACHIZA,2013,07,13,0.0,31.4,20.0
107010,PACHIZA,2013,07,14,0.0,32.5,19.6
107010,PACHIZA,2013,07,15,2.8,32.4,20.6
107010,PACHIZA,2013,07,16,0.0,32.2,19.0
107010,PACHIZA,2013,07,17,0.0,30.4,19.2
107010,PACHIZA,2013,07,18,0.0,34.4,17.4
107010,PACHIZA,2013,07,19,0.0,33.6,17.0
107010,PACHIZA,2013,07,20,0.0,34.0,19.0
107010,PACHIZA,2013,07,21,0.0,34.6,19.6
107010,PACHIZA,2013,07,22,0.0,32.6,19.0
107010,PACHIZA,2013,07,23,9.6,33.0,18.4
107010,PACHIZA,2013,07,24,5.4,33.8,21.0
107010,PACHIZA,2013,07,25,0.0,27.0,17.8
107010,PACHIZA,2013,07,26,0.0,27.6,17.4
107010,PACHIZA,2013,07,27,0.0,33.0,16.0
107010,PACHIZA,2013,07,28,0.0,33.4,17.6
107010,PACHIZA,2013,07,29,0.0,34.0,16.0
107010,PACHIZA,2013,07,30,0.0,34.2,16.2
107010,PACHIZA,2013,07,31,0.0,35.2,16.8
107010,PACHIZA,2013,08,01,0.0,33.2,20.2
107010,PACHIZA,2013,08,02,0.0,33.8,20.0
107010,PACHIZA,2013,08,03,0.0,33.2,18.8
107010,PACHIZA,2013,08,04,0.0,33.6,18.2
107010,PACHIZA,2013,08,05,0.0,35.6,19.6
107010,PACHIZA,2013,08,06,0.0,34.6,20.0
107010,PACHIZA,2013,08,07,0.0,32.6,20.4
107010,PACHIZA,2013,08,08,0.0,36.2,18.2
107010,PACHIZA,2013,08,09,0.0,37.0,18.8
107010,PACHIZA,2013,08,10,7.2,33.6,21.0
107010,PACHIZA,2013,08,11,0.0,32.0,21.2
107010,PACHIZA,2013,08,12,0.0,33.6,20.0
107010,PACHIZA,2013,08,13,0.0,35.6,21.0
107010,PACHIZA,2013,08,14,4.5,-999,20.2
107010,PACHIZA,2013,08,15,9.3,-999,19.2
107010,PACHIZA,2013,08,16,0.0,31.0,18.0
107010,PACHIZA,2013,08,17,1.4,33.5,17.2
107010,PACHIZA,2013,08,18,0.0,35.0,21.0
107010,PACHIZA,2013,08,19,0.0,34.5,19.0
107010,PACHIZA,2013,08,20,0.0,34.6,19.4
107010,PACHIZA,2013,08,21,0.0,33.6,19.0
107010,PACHIZA,2013,08,22,0.0,36.2,19.2
107010,PACHIZA,2013,08,23,0.0,35.5,19.4
107010,PACHIZA,2013,08,24,0.0,35.0,20.2
107010,PACHIZA,2013,08,25,12.5,32.6,22.0
107010,PACHIZA,2013,08,26,0.0,30.5,21.2
107010,PACHIZA,2013,08,27,46.7,28.6,21.0
107010,PACHIZA,2013,08,28,0.0,29.2,20.0
107010,PACHIZA,2013,08,29,0.0,32.5,19.8
107010,PACHIZA,2013,08,30,0.0,34.0,21.0
107010,PACHIZA,2013,08,31,0.0,35.0,17.2
107010,PACHIZA,2013,09,01,0.0,36.2,19.8
107010,PACHIZA,2013,09,02,0.0,35.2,16.2
107010,PACHIZA,2013,09,03,0.0,36.2,18.4
107010,PACHIZA,2013,09,04,5.2,34.5,17.6
107010,PACHIZA,2013,09,05,0.0,34.0,20.6
107010,PACHIZA,2013,09,06,0.0,-999,19.4
107010,PACHIZA,2013,09,07,0.0,36.0,19.8
107010,PACHIZA,2013,09,08,0.0,35.5,21.4
107010,PACHIZA,2013,09,09,31.4,27.0,21.2
107010,PACHIZA,2013,09,10,0.0,33.2,18.2
107010,PACHIZA,2013,09,11,0.0,34.6,19.0
107010,PACHIZA,2013,09,12,0.0,35.5,19.6
107010,PACHIZA,2013,09,13,21.5,36.2,19.2
107010,PACHIZA,2013,09,14,0.0,27.2,20.2
107010,PACHIZA,2013,09,15,0.0,33.4,20.0
107010,PACHIZA,2013,09,16,0.0,33.5,23.0
107010,PACHIZA,2013,09,17,0.0,35.8,20.0
107010,PACHIZA,2013,09,18,23.2,36.0,20.6
107010,PACHIZA,2013,09,19,10.0,27.2,21.2
107010,PACHIZA,2013,09,20,0.0,33.5,20.4
107010,PACHIZA,2013,09,21,0.0,35.6,18.4
107010,PACHIZA,2013,09,22,0.0,36.0,18.6
107010,PACHIZA,2013,09,23,0.0,35.0,18.2
107010,PACHIZA,2013,09,24,6.6,35.4,22.0
107010,PACHIZA,2013,09,25,0.0,32.4,21.6
107010,PACHIZA,2013,09,26,0.0,33.2,20.4
107010,PACHIZA,2013,09,27,0.0,36.0,19.2
107010,PACHIZA,2013,09,28,0.0,36.8,18.6
107010,PACHIZA,2013,09,29,0.0,36.0,19.8
107010,PACHIZA,2013,09,30,0.0,36.2,20.6
107010,PACHIZA,2013,10,01,0.0,36.2,20.4
107010,PACHIZA,2013,10,02,12.0,36.0,20.0
107010,PACHIZA,2013,10,03,0.0,32.2,20.1
107010,PACHIZA,2013,10,04,0.0,33.0,21.0
107010,PACHIZA,2013,10,05,7.0,35.0,22.2
107010,PACHIZA,2013,10,06,0.0,33.6,22.0
107010,PACHIZA,2013,10,07,0.0,36.2,20.4
107010,PACHIZA,2013,10,08,0.0,36.0,21.2
107010,PACHIZA,2013,10,09,0.0,35.2,22.0
107010,PACHIZA,2013,10,10,0.0,34.2,20.2
107010,PACHIZA,2013,10,11,0.0,33.4,20.0
107010,PACHIZA,2013,10,12,8.5,35.0,20.2
107010,PACHIZA,2013,10,13,0.0,33.0,22.0
107010,PACHIZA,2013,10,14,3.8,34.2,22.4
107010,PACHIZA,2013,10,15,3.4,29.4,22.0
107010,PACHIZA,2013,10,16,0.0,32.6,21.4
107010,PACHIZA,2013,10,17,0.0,34.2,22.2
107010,PACHIZA,2013,10,18,0.0,36.0,19.6
107010,PACHIZA,2013,10,19,0.0,37.4,20.2
107010,PACHIZA,2013,10,20,0.0,38.0,20.0
107010,PACHIZA,2013,10,21,0.0,35.6,21.2
107010,PACHIZA,2013,10,22,0.0,33.4,22.0
107010,PACHIZA,2013,10,23,0.0,34.4,21.4
107010,PACHIZA,2013,10,24,0.0,34.0,21.2
107010,PACHIZA,2013,10,25,10.7,32.6,22.0
107010,PACHIZA,2013,10,26,3.2,35.0,21.0
107010,PACHIZA,2013,10,27,23.0,31.2,22.0
107010,PACHIZA,2013,10,28,6.9,32.2,21.4
107010,PACHIZA,2013,10,29,12.9,36.0,22.0
107010,PACHIZA,2013,10,30,14.4,35.6,23.0
107010,PACHIZA,2013,10,31,12.0,34.2,22.0
107010,PACHIZA,2013,11,01,6.8,32.2,22.2
107010,PACHIZA,2013,11,02,1.2,32.0,22.0
107010,PACHIZA,2013,11,03,0.0,32.0,-999
107010,PACHIZA,2013,11,04,0.0,31.4,20.2
107010,PACHIZA,2013,11,05,16.4,33.0,22.0
107010,PACHIZA,2013,11,06,5.7,32.0,20.0
107010,PACHIZA,2013,11,07,0.0,33.6,21.2
107010,PACHIZA,2013,11,08,2.0,35.2,19.0
107010,PACHIZA,2013,11,09,0.0,32.4,21.6
107010,PACHIZA,2013,11,10,0.0,35.2,20.2
107010,PACHIZA,2013,11,11,0.0,36.5,21.0
107010,PACHIZA,2013,11,12,3.6,36.2,23.0
107010,PACHIZA,2013,11,13,39.4,27.2,23.0
107010,PACHIZA,2013,11,14,0.0,31.6,20.0
107010,PACHIZA,2013,11,15,0.0,35.0,20.2
107010,PACHIZA,2013,11,16,0.0,35.6,21.6
107010,PACHIZA,2013,11,17,4.0,32.0,23.0
107010,PACHIZA,2013,11,18,0.0,35.2,21.4
107010,PACHIZA,2013,11,19,0.0,35.0,20.2
107010,PACHIZA,2013,11,20,3.2,27.4,23.0
107010,PACHIZA,2013,11,21,0.0,34.2,21.6
107010,PACHIZA,2013,11,22,0.0,34.0,23.0
107010,PACHIZA,2013,11,23,8.4,28.0,23.2
107010,PACHIZA,2013,11,24,0.0,34.4,22.0
107010,PACHIZA,2013,11,25,2.8,29.2,24.0
107010,PACHIZA,2013,11,26,0.0,34.6,21.6
107010,PACHIZA,2013,11,27,0.0,36.5,22.4
107010,PACHIZA,2013,11,28,0.0,36.0,21.0
107010,PACHIZA,2013,11,29,0.0,37.2,21.4
107010,PACHIZA,2013,11,30,8.2,36.6,22.0
107010,PACHIZA,2013,12,01,0.0,31.0,21.0
107010,PACHIZA,2013,12,02,0.0,32.6,20.4
107010,PACHIZA,2013,12,03,32.2,30.0,22.0
107010,PACHIZA,2013,12,04,13.1,30.0,21.0
107010,PACHIZA,2013,12,05,0.0,32.0,20.4
107010,PACHIZA,2013,12,06,0.0,35.6,22.0
107010,PACHIZA,2013,12,07,0.0,36.2,21.0
107010,PACHIZA,2013,12,08,0.0,34.2,20.2
107010,PACHIZA,2013,12,09,0.0,34.0,21.4
107010,PACHIZA,2013,12,10,1.6,30.4,22.4
107010,PACHIZA,2013,12,11,0.0,34.2,21.0
107010,PACHIZA,2013,12,12,0.0,35.2,21.2
107010,PACHIZA,2013,12,13,0.0,36.0,23.0
107010,PACHIZA,2013,12,14,30.6,29.0,23.0
107010,PACHIZA,2013,12,15,0.0,32.0,22.0
107010,PACHIZA,2013,12,16,0.0,34.6,22.2
107010,PACHIZA,2013,12,17,0.0,35.6,22.0
107010,PACHIZA,2013,12,18,0.0,34.2,22.4
107010,PACHIZA,2013,12,19,0.0,35.2,24.0
107010,PACHIZA,2013,12,20,0.0,34.6,23.0
107010,PACHIZA,2013,12,21,0.0,32.0,22.0
107010,PACHIZA,2013,12,22,0.0,35.6,23.0
107010,PACHIZA,2013,12,23,0.0,37.0,22.2
107010,PACHIZA,2013,12,24,0.0,34.0,23.0
107010,PACHIZA,2013,12,25,120.8,32.0,21.4
107010,PACHIZA,2013,12,26,0.0,29.4,22.4
107010,PACHIZA,2013,12,27,0.0,32.6,22.0
107010,PACHIZA,2013,12,28,0.0,33.2,22.2
107010,PACHIZA,2013,12,29,0.0,36.0,21.2
107010,PACHIZA,2013,12,30,0.0,36.6,21.0
107010,PACHIZA,2013,12,31,0.0,36.8,22.2
107010,PACHIZA,2014,01,01,0.0,36.6,23.0
107010,PACHIZA,2014,01,02,0.0,37.4,19.6
107010,PACHIZA,2014,01,03,0.0,36.0,22.0
107010,PACHIZA,2014,01,04,7.2,29.4,21.0
107010,PACHIZA,2014,01,05,0.0,33.0,21.4
107010,PACHIZA,2014,01,06,16.1,31.4,20.2
107010,PACHIZA,2014,01,07,69.1,32.6,21.2
107010,PACHIZA,2014,01,08,26.8,29.6,20.0
107010,PACHIZA,2014,01,09,0.0,32.0,21.2
107010,PACHIZA,2014,01,10,0.0,32.8,23.0
107010,PACHIZA,2014,01,11,0.0,32.6,22.4
107010,PACHIZA,2014,01,12,0.0,32.0,-999
107010,PACHIZA,2014,01,13,8.1,31.6,-999
107010,PACHIZA,2014,01,14,14.4,33.2,-999
107010,PACHIZA,2014,01,15,0.0,34.6,20.8
107010,PACHIZA,2014,01,16,0.0,32.4,22.2
107010,PACHIZA,2014,01,17,7.0,33.5,23.0
107010,PACHIZA,2014,01,18,0.0,32.6,22.0
107010,PACHIZA,2014,01,19,0.0,33.2,21.2
107010,PACHIZA,2014,01,20,0.0,34.6,21.6
107010,PACHIZA,2014,01,21,0.0,35.6,21.0
107010,PACHIZA,2014,01,22,1.3,36.4,22.4
107010,PACHIZA,2014,01,23,0.0,35.2,22.0
107010,PACHIZA,2014,01,24,0.0,34.2,22.4
107010,PACHIZA,2014,01,25,0.0,35.4,22.8
107010,PACHIZA,2014,01,26,0.0,33.6,22.0
107010,PACHIZA,2014,01,27,0.0,29.6,23.0
107010,PACHIZA,2014,01,28,0.0,35.2,22.6
107010,PACHIZA,2014,01,29,0.0,35.0,21.6
107010,PACHIZA,2014,01,30,0.0,35.2,22.4
107010,PACHIZA,2014,01,31,4.1,30.2,22.0
107010,PACHIZA,2014,02,01,0.0,32.0,21.0
107010,PACHIZA,2014,02,02,0.0,33.2,22.0
107010,PACHIZA,2014,02,03,0.0,34.6,22.0
107010,PACHIZA,2014,02,04,4.0,31.6,23.0
107010,PACHIZA,2014,02,05,16.1,28.8,22.0
107010,PACHIZA,2014,02,06,2.3,28.4,20.4
107010,PACHIZA,2014,02,07,0.0,32.4,22.0
107010,PACHIZA,2014,02,08,0.0,31.0,22.6
107010,PACHIZA,2014,02,09,0.0,31.2,20.2
107010,PACHIZA,2014,02,10,0.0,33.2,21.4
107010,PACHIZA,2014,02,11,0.0,33.6,21.4
107010,PACHIZA,2014,02,12,0.0,34.6,22.4
107010,PACHIZA,2014,02,13,6.6,35.0,21.4
107010,PACHIZA,2014,02,14,0.0,32.6,22.0
107010,PACHIZA,2014,02,15,0.0,33.2,23.0
107010,PACHIZA,2014,02,16,0.0,31.4,23.2
107010,PACHIZA,2014,02,17,0.0,35.2,20.2
107010,PACHIZA,2014,02,18,0.0,36.4,21.0
107010,PACHIZA,2014,02,19,0.0,32.0,23.0
107010,PACHIZA,2014,02,20,8.0,33.6,22.0
107010,PACHIZA,2014,02,21,0.0,34.2,20.0
107010,PACHIZA,2014,02,22,0.0,32.0,22.6
107010,PACHIZA,2014,02,23,0.0,34.0,21.4
107010,PACHIZA,2014,02,24,0.0,32.4,22.0
107010,PACHIZA,2014,02,25,0.0,34.0,21.6
107010,PACHIZA,2014,02,26,0.0,35.2,21.0
107010,PACHIZA,2014,02,27,0.0,35.0,21.6
107010,PACHIZA,2014,02,28,0.0,35.5,22.0
107010,PACHIZA,2014,03,01,0.0,34.0,20.2
107010,PACHIZA,2014,03,02,0.0,34.6,20.0
107010,PACHIZA,2014,03,03,0.0,32.6,21.2
107010,PACHIZA,2014,03,04,9.5,29.4,22.4
107010,PACHIZA,2014,03,05,2.3,30.6,21.4
107010,PACHIZA,2014,03,06,0.0,33.4,21.2
107010,PACHIZA,2014,03,07,0.0,34.6,21.0
107010,PACHIZA,2014,03,08,0.0,29.2,22.0
107010,PACHIZA,2014,03,09,6.3,30.0,21.0
107010,PACHIZA,2014,03,10,0.0,32.4,20.0
107010,PACHIZA,2014,03,11,0.0,34.6,22.0
107010,PACHIZA,2014,03,12,22.0,-999,22.2
107010,PACHIZA,2014,03,13,4.0,-999,21.4
107010,PACHIZA,2014,03,14,6.6,32.6,22.0
107010,PACHIZA,2014,03,15,29.4,34.6,22.4
107010,PACHIZA,2014,03,16,35.1,30.0,20.0
107010,PACHIZA,2014,03,17,0.0,29.2,20.2
107010,PACHIZA,2014,03,18,20.0,29.2,22.0
107010,PACHIZA,2014,03,19,0.0,32.0,22.0
107010,PACHIZA,2014,03,20,0.0,32.5,21.2
107010,PACHIZA,2014,03,21,0.0,33.0,22.0
107010,PACHIZA,2014,03,22,2.6,30.6,22.0
107010,PACHIZA,2014,03,23,0.0,32.4,21.2
107010,PACHIZA,2014,03,24,17.7,32.6,21.4
107010,PACHIZA,2014,03,25,52.8,30.0,21.2
107010,PACHIZA,2014,03,26,17.2,32.0,22.0
107010,PACHIZA,2014,03,27,3.6,28.0,22.2
107010,PACHIZA,2014,03,28,0.0,32.2,21.0
107010,PACHIZA,2014,03,29,0.0,33.4,21.4
107010,PACHIZA,2014,03,30,0.0,35.2,23.0
107010,PACHIZA,2014,03,31,31.1,34.6,23.2
107010,PACHIZA,2014,04,01,15.4,29.6,22.0
107010,PACHIZA,2014,04,02,0.0,31.0,21.0
107010,PACHIZA,2014,04,03,0.0,31.2,22.0
107010,PACHIZA,2014,04,04,0.0,32.2,20.4
107010,PACHIZA,2014,04,05,32.2,29.4,20.0
107010,PACHIZA,2014,04,06,3.0,32.2,22.0
107010,PACHIZA,2014,04,07,2.8,30.6,21.2
107010,PACHIZA,2014,04,08,6.1,33.2,21.2
107010,PACHIZA,2014,04,09,0.0,32.6,20.4
107010,PACHIZA,2014,04,10,0.0,33.2,21.0
107010,PACHIZA,2014,04,11,0.0,32.6,20.4
107010,PACHIZA,2014,04,12,0.0,34.2,20.4
107010,PACHIZA,2014,04,13,0.0,34.4,22.0
107010,PACHIZA,2014,04,14,34.8,30.6,22.2
107010,PACHIZA,2014,04,15,0.0,31.2,21.0
107010,PACHIZA,2014,04,16,0.0,32.0,19.6
107010,PACHIZA,2014,04,17,0.0,34.0,19.4
107010,PACHIZA,2014,04,18,0.0,32.2,21.2
107010,PACHIZA,2014,04,19,0.0,33.6,22.0
107010,PACHIZA,2014,04,20,0.0,33.4,20.2
107010,PACHIZA,2014,04,21,61.0,35.6,21.4
107010,PACHIZA,2014,04,22,0.0,31.6,21.2
107010,PACHIZA,2014,04,23,0.0,33.0,20.2
107010,PACHIZA,2014,04,24,4.0,30.0,22.2
107010,PACHIZA,2014,04,25,0.0,31.8,21.4
107010,PACHIZA,2014,04,26,24.2,32.6,22.0
107010,PACHIZA,2014,04,27,0.0,33.6,22.0
107010,PACHIZA,2014,04,28,39.5,33.0,21.2
107010,PACHIZA,2014,04,29,11.5,27.4,21.4
107010,PACHIZA,2014,04,30,0.0,31.4,21.0
107010,PACHIZA,2014,05,01,0.0,33.0,22.0
107010,PACHIZA,2014,05,02,28.2,34.6,22.2
107010,PACHIZA,2014,05,03,0.0,32.0,21.6
107010,PACHIZA,2014,05,04,0.0,33.4,22.2
107010,PACHIZA,2014,05,05,0.0,34.2,21.4
107010,PACHIZA,2014,05,06,4.4,34.5,21.2
107010,PACHIZA,2014,05,07,11.0,31.6,22.0
107010,PACHIZA,2014,05,08,26.6,28.4,22.0
107010,PACHIZA,2014,05,09,0.0,32.0,21.6
107010,PACHIZA,2014,05,10,4.0,31.8,21.2
107010,PACHIZA,2014,05,11,0.0,32.0,21.4
107010,PACHIZA,2014,05,12,0.0,32.2,21.6
107010,PACHIZA,2014,05,13,6.5,31.2,21.4
107010,PACHIZA,2014,05,14,0.0,31.8,21.0
107010,PACHIZA,2014,05,15,81.0,33.2,23.0
107010,PACHIZA,2014,05,16,0.0,30.6,20.4
107010,PACHIZA,2014,05,17,0.0,33.6,19.2
107010,PACHIZA,2014,05,18,0.0,31.5,19.4
107010,PACHIZA,2014,05,19,0.0,30.8,20.6
107010,PACHIZA,2014,05,20,0.0,32.8,21.0
107010,PACHIZA,2014,05,21,0.0,33.2,21.2
107010,PACHIZA,2014,05,22,0.0,33.4,22.0
107010,PACHIZA,2014,05,23,8.6,33.6,21.4
107010,PACHIZA,2014,05,24,23.1,32.6,22.0
107010,PACHIZA,2014,05,25,2.9,32.0,21.2
107010,PACHIZA,2014,05,26,0.0,31.6,21.4
107010,PACHIZA,2014,05,27,0.0,33.0,21.6
107010,PACHIZA,2014,05,28,0.0,33.0,20.4
107010,PACHIZA,2014,05,29,0.0,33.4,21.6
107010,PACHIZA,2014,05,30,0.0,33.2,20.4
107010,PACHIZA,2014,05,31,0.0,33.2,20.2
107010,PACHIZA,2014,06,01,0.0,-999,20.4
107010,PACHIZA,2014,06,02,0.0,30.2,20.2
107010,PACHIZA,2014,06,03,0.0,34.2,20.4
107010,PACHIZA,2014,06,04,0.0,34.0,21.2
107010,PACHIZA,2014,06,05,0.0,35.2,21.0
107010,PACHIZA,2014,06,06,0.0,34.6,21.2
107010,PACHIZA,2014,06,07,0.0,34.4,20.2
107010,PACHIZA,2014,06,08,0.0,36.0,21.4
107010,PACHIZA,2014,06,09,0.0,35.0,21.0
107010,PACHIZA,2014,06,10,98.2,27.2,21.6
107010,PACHIZA,2014,06,11,0.0,32.0,20.4
107010,PACHIZA,2014,06,12,0.0,33.4,19.2
107010,PACHIZA,2014,06,13,1.1,31.6,20.2
107010,PACHIZA,2014,06,14,0.0,32.2,22.2
107010,PACHIZA,2014,06,15,7.6,30.2,21.0
107010,PACHIZA,2014,06,16,0.0,27.8,20.0
107010,PACHIZA,2014,06,17,4.0,31.4,20.2
107010,PACHIZA,2014,06,18,9.1,31.6,19.8
107010,PACHIZA,2014,06,19,0.0,29.0,21.0
107010,PACHIZA,2014,06,20,0.0,31.6,19.0
107010,PACHIZA,2014,06,21,0.0,32.0,17.2
107010,PACHIZA,2014,06,22,0.0,33.2,17.8
107010,PACHIZA,2014,06,23,0.0,34.2,19.6
107010,PACHIZA,2014,06,24,0.0,33.6,20.2
107010,PACHIZA,2014,06,25,0.0,33.4,20.6
107010,PACHIZA,2014,06,26,0.0,33.0,21.0
107010,PACHIZA,2014,06,27,0.0,33.6,20.2
107010,PACHIZA,2014,06,28,0.0,34.0,20.0
107010,PACHIZA,2014,06,29,13.7,26.2,21.0
107010,PACHIZA,2014,06,30,0.0,29.2,18.2
107010,PACHIZA,2014,07,01,0.0,30.6,19.4
107010,PACHIZA,2014,07,02,0.0,31.8,20.4
107010,PACHIZA,2014,07,03,0.0,33.0,22.0
107010,PACHIZA,2014,07,04,0.0,32.8,20.4
107010,PACHIZA,2014,07,05,0.0,32.6,19.0
107010,PACHIZA,2014,07,06,0.0,33.8,20.4
107010,PACHIZA,2014,07,07,7.6,34.6,21.2
107010,PACHIZA,2014,07,08,0.0,31.0,20.2
107010,PACHIZA,2014,07,09,0.0,30.2,20.8
107010,PACHIZA,2014,07,10,0.0,32.4,19.0
107010,PACHIZA,2014,07,11,0.0,32.0,19.6
107010,PACHIZA,2014,07,12,0.0,32.6,19.2
107010,PACHIZA,2014,07,13,0.0,33.6,18.4
107010,PACHIZA,2014,07,14,0.0,33.5,18.2
107010,PACHIZA,2014,07,15,0.0,32.6,17.2
107010,PACHIZA,2014,07,16,0.0,34.0,15.2
107010,PACHIZA,2014,07,17,18.1,33.6,16.2
107010,PACHIZA,2014,07,18,0.0,32.6,18.0
107010,PACHIZA,2014,07,19,25.1,26.4,19.4
107010,PACHIZA,2014,07,20,0.0,29.2,20.0
107010,PACHIZA,2014,07,21,0.0,32.0,19.6
107010,PACHIZA,2014,07,22,0.0,32.2,18.8
107010,PACHIZA,2014,07,23,0.0,33.2,20.2
107010,PACHIZA,2014,07,24,0.0,33.4,19.0
107010,PACHIZA,2014,07,25,0.0,33.2,20.2
107010,PACHIZA,2014,07,26,21.5,32.0,20.2
107010,PACHIZA,2014,07,27,0.0,31.2,20.4
107010,PACHIZA,2014,07,28,0.0,32.4,19.2
107010,PACHIZA,2014,07,29,0.0,33.6,17.8
107010,PACHIZA,2014,07,30,0.0,32.6,20.6
107010,PACHIZA,2014,07,31,0.0,34.6,17.4
107010,PACHIZA,2014,08,01,0.0,34.6,17.6
107010,PACHIZA,2014,08,02,0.0,33.5,18.8
107010,PACHIZA,2014,08,03,0.0,34.5,19.0
107010,PACHIZA,2014,08,04,1.3,35.0,18.4
107010,PACHIZA,2014,08,05,0.0,33.5,20.0
107010,PACHIZA,2014,08,06,0.0,31.6,20.2
107010,PACHIZA,2014,08,07,0.0,35.0,19.4
107010,PACHIZA,2014,08,08,3.0,32.0,19.2
107010,PACHIZA,2014,08,09,3.7,30.2,20.4
107010,PACHIZA,2014,08,10,0.0,30.6,19.6
107010,PACHIZA,2014,08,11,0.0,33.5,18.0
107010,PACHIZA,2014,08,12,7.4,34.6,18.4
107010,PACHIZA,2014,08,13,0.0,29.2,18.6
107010,PACHIZA,2014,08,14,0.0,32.6,16.2
107010,PACHIZA,2014,08,15,0.0,33.2,21.0
107010,PACHIZA,2014,08,16,0.0,34.0,16.4
107010,PACHIZA,2014,08,17,0.0,34.6,18.4
107010,PACHIZA,2014,08,18,0.0,34.2,19.2
107010,PACHIZA,2014,08,19,4.1,34.0,18.2
107010,PACHIZA,2014,08,20,0.0,34.0,18.0
107010,PACHIZA,2014,08,21,0.0,34.5,16.2
107010,PACHIZA,2014,08,22,0.0,33.6,15.6
107010,PACHIZA,2014,08,23,0.0,35.0,15.4
107010,PACHIZA,2014,08,24,0.0,35.6,16.2
107010,PACHIZA,2014,08,25,0.0,35.8,18.6
107010,PACHIZA,2014,08,26,2.7,-999,18.4
107010,PACHIZA,2014,08,27,28.0,-999,18.6
107010,PACHIZA,2014,08,28,0.0,31.2,19.0
107010,PACHIZA,2014,08,29,5.1,31.0,19.8
107010,PACHIZA,2014,08,30,21.2,31.4,19.6
107010,PACHIZA,2014,08,31,0.0,33.0,18.2
107010,PACHIZA,2014,09,01,0.0,35.0,16.2
107010,PACHIZA,2014,09,02,0.0,35.5,16.4
107010,PACHIZA,2014,09,03,0.0,35.2,19.0
107010,PACHIZA,2014,09,04,0.0,34.0,17.2
107010,PACHIZA,2014,09,05,2.3,26.6,20.4
107010,PACHIZA,2014,09,06,0.0,33.0,18.6
107010,PACHIZA,2014,09,07,0.0,35.2,15.0
107010,PACHIZA,2014,09,08,0.0,36.0,15.2
107010,PACHIZA,2014,09,09,0.0,32.2,16.4
107010,PACHIZA,2014,09,10,0.0,35.2,15.0
107010,PACHIZA,2014,09,11,42.6,35.0,16.4
107010,PACHIZA,2014,09,12,2.4,29.8,19.4
107010,PACHIZA,2014,09,13,0.0,33.0,19.2
107010,PACHIZA,2014,09,14,2.4,32.2,20.2
107010,PACHIZA,2014,09,15,0.0,31.2,20.0
107010,PACHIZA,2014,09,16,0.0,33.6,19.0
107010,PACHIZA,2014,09,17,0.0,33.4,20.0
107010,PACHIZA,2014,09,18,0.0,35.2,19.4
107010,PACHIZA,2014,09,19,0.0,35.0,19.2
107010,PACHIZA,2014,09,20,30.4,33.2,19.0
107010,PACHIZA,2014,09,21,9.6,32.2,19.6
107010,PACHIZA,2014,09,22,0.0,27.2,20.0
107010,PACHIZA,2014,09,23,0.0,33.6,18.2
107010,PACHIZA,2014,09,24,0.0,35.0,20.0
107010,PACHIZA,2014,09,25,0.0,35.0,19.0
107010,PACHIZA,2014,09,26,0.0,36.2,18.6
107010,PACHIZA,2014,09,27,10.0,35.4,19.4
107010,PACHIZA,2014,09,28,6.1,30.6,20.2
107010,PACHIZA,2014,09,29,0.0,35.4,19.0
107010,PACHIZA,2014,09,30,0.0,35.2,20.2
107010,PACHIZA,2014,10,01,0.0,35.0,18.0
107010,PACHIZA,2014,10,02,7.4,34.4,19.0
107010,PACHIZA,2014,10,03,15.2,31.4,20.0
107010,PACHIZA,2014,10,04,0.0,30.4,19.0
107010,PACHIZA,2014,10,05,0.0,34.6,18.0
107010,PACHIZA,2014,10,06,5.1,32.0,20.0
107010,PACHIZA,2014,10,07,2.3,30.2,20.2
107010,PACHIZA,2014,10,08,1.7,33.0,20.2
107010,PACHIZA,2014,10,09,0.0,33.6,21.0
107010,PACHIZA,2014,10,10,0.0,35.2,18.6
107010,PACHIZA,2014,10,11,31.4,29.6,18.6
107010,PACHIZA,2014,10,12,0.0,32.6,19.0
107010,PACHIZA,2014,10,13,1.3,29.0,18.6
107010,PACHIZA,2014,10,14,0.0,31.6,18.2
107010,PACHIZA,2014,10,15,5.2,29.6,19.0
107010,PACHIZA,2014,10,16,9.8,29.4,19.2
107010,PACHIZA,2014,10,17,0.0,32.6,19.8
107010,PACHIZA,2014,10,18,0.0,34.6,18.6
107010,PACHIZA,2014,10,19,28.2,35.0,18.2
107010,PACHIZA,2014,10,20,11.2,34.6,20.2
107010,PACHIZA,2014,10,21,0.0,30.2,20.0
107010,PACHIZA,2014,10,22,0.0,35.0,20.0
107010,PACHIZA,2014,10,23,0.0,35.2,20.6
107010,PACHIZA,2014,10,24,0.0,33.4,18.4
107010,PACHIZA,2014,10,25,22.2,31.0,18.2
107010,PACHIZA,2014,10,26,0.0,32.8,18.4
107010,PACHIZA,2014,10,27,0.0,33.2,19.2
107010,PACHIZA,2014,10,28,0.0,34.0,21.0
107010,PACHIZA,2014,10,29,0.0,32.6,20.2
107010,PACHIZA,2014,10,30,0.0,36.2,22.4
107010,PACHIZA,2014,10,31,20.2,36.6,22.6
107010,PACHIZA,2014,11,01,24.3,34.0,19.4
107010,PACHIZA,2014,11,02,0.0,32.4,20.6
107010,PACHIZA,2014,11,03,0.0,34.6,21.2
107010,PACHIZA,2014,11,04,0.0,35.0,22.0
107010,PACHIZA,2014,11,05,0.0,33.4,20.2
107010,PACHIZA,2014,11,06,0.0,34.2,21.2
107010,PACHIZA,2014,11,07,0.0,36.2,19.6
107010,PACHIZA,2014,11,08,17.4,36.4,21.4
107010,PACHIZA,2014,11,09,0.0,35.2,21.2
107010,PACHIZA,2014,11,10,0.0,29.6,20.0
107010,PACHIZA,2014,11,11,2.6,34.0,22.0
107010,PACHIZA,2014,11,12,0.0,33.4,21.6
107010,PACHIZA,2014,11,13,0.0,32.2,22.0
107010,PACHIZA,2014,11,14,12.5,33.0,20.0
107010,PACHIZA,2014,11,15,0.0,28.2,19.4
107010,PACHIZA,2014,11,16,0.0,31.2,19.2
107010,PACHIZA,2014,11,17,0.0,33.6,19.6
107010,PACHIZA,2014,11,18,0.0,34.6,19.4
107010,PACHIZA,2014,11,19,0.0,35.2,21.0
107010,PACHIZA,2014,11,20,0.0,36.4,22.0
107010,PACHIZA,2014,11,21,0.0,36.6,22.0
107010,PACHIZA,2014,11,22,5.6,35.4,21.2
107010,PACHIZA,2014,11,23,0.0,34.6,20.0
107010,PACHIZA,2014,11,24,5.0,33.2,20.6
107010,PACHIZA,2014,11,25,1.2,35.0,21.2
107010,PACHIZA,2014,11,26,0.0,33.2,20.6
107010,PACHIZA,2014,11,27,0.0,36.0,22.0
107010,PACHIZA,2014,11,28,0.0,35.0,21.4
107010,PACHIZA,2014,11,29,0.0,33.0,21.6
107010,PACHIZA,2014,11,30,0.0,36.6,20.6
107010,PACHIZA,2014,12,01,0.0,37.2,20.0
107010,PACHIZA,2014,12,02,0.0,35.2,20.2
107010,PACHIZA,2014,12,03,0.0,34.4,21.0
107010,PACHIZA,2014,12,04,69.2,35.2,20.6
107010,PACHIZA,2014,12,05,32.4,30.2,19.6
107010,PACHIZA,2014,12,06,0.0,31.6,20.0
107010,PACHIZA,2014,12,07,0.0,35.2,21.0
107010,PACHIZA,2014,12,08,0.0,33.2,21.4
107010,PACHIZA,2014,12,09,41.1,35.0,22.0
107010,PACHIZA,2014,12,10,0.0,31.5,20.0
107010,PACHIZA,2014,12,11,0.0,34.2,21.4
107010,PACHIZA,2014,12,12,3.1,31.6,20.0
107010,PACHIZA,2014,12,13,0.0,33.6,20.2
107010,PACHIZA,2014,12,14,2.4,28.6,21.0
107010,PACHIZA,2014,12,15,0.0,28.6,19.2
107010,PACHIZA,2014,12,16,0.0,33.6,20.4
107010,PACHIZA,2014,12,17,1.1,34.6,20.4
107010,PACHIZA,2014,12,18,0.0,33.5,21.2
107010,PACHIZA,2014,12,19,0.0,36.4,20.6
107010,PACHIZA,2014,12,20,0.0,37.0,20.6
107010,PACHIZA,2014,12,21,0.0,35.0,21.2
107010,PACHIZA,2014,12,22,0.0,35.2,21.4
107010,PACHIZA,2014,12,23,0.0,29.2,22.2
107010,PACHIZA,2014,12,24,0.0,33.6,20.0
107010,PACHIZA,2014,12,25,0.0,36.6,21.0
107010,PACHIZA,2014,12,26,1.4,30.6,21.6
107010,PACHIZA,2014,12,27,43.1,32.6,22.0
107010,PACHIZA,2014,12,28,24.1,32.0,20.0
107010,PACHIZA,2014,12,29,0.0,33.4,20.2
107010,PACHIZA,2014,12,30,0.0,34.0,20.6
107010,PACHIZA,2014,12,31,0.0,34.2,20.2
107010,PACHIZA,2015,01,01,0.0,34.2,19.8
107010,PACHIZA,2015,01,02,0.0,33.0,19.6
107010,PACHIZA,2015,01,03,0.0,32.0,20.0
107010,PACHIZA,2015,01,04,4.4,30.4,20.4
107010,PACHIZA,2015,01,05,8.7,30.0,20.0
107010,PACHIZA,2015,01,06,0.0,33.0,18.2
107010,PACHIZA,2015,01,07,0.0,35.0,19.0
107010,PACHIZA,2015,01,08,2.0,35.4,17.8
107010,PACHIZA,2015,01,09,4.0,32.6,17.2
107010,PACHIZA,2015,01,10,3.7,31.0,16.4
107010,PACHIZA,2015,01,11,1.6,29.0,20.8
107010,PACHIZA,2015,01,12,0.0,-999,20.0
107010,PACHIZA,2015,01,13,0.0,33.0,21.6
107010,PACHIZA,2015,01,14,0.0,35.6,21.4
107010,PACHIZA,2015,01,15,0.0,35.8,22.0
107010,PACHIZA,2015,01,16,0.0,31.2,21.4
107010,PACHIZA,2015,01,17,3.8,34.5,20.2
107010,PACHIZA,2015,01,18,40.3,-999,21.4
107010,PACHIZA,2015,01,19,0.0,32.0,21.0
107010,PACHIZA,2015,01,20,1.8,32.4,22.0
107010,PACHIZA,2015,01,21,84.6,30.4,22.0
107010,PACHIZA,2015,01,22,0.0,31.5,20.0
107010,PACHIZA,2015,01,23,0.0,30.0,20.4
107010,PACHIZA,2015,01,24,0.0,30.0,21.4
107010,PACHIZA,2015,01,25,0.0,31.0,20.6
107010,PACHIZA,2015,01,26,62.4,30.2,22.4
107010,PACHIZA,2015,01,27,1.5,33.0,22.6
107010,PACHIZA,2015,01,28,0.0,32.2,22.0
107010,PACHIZA,2015,01,29,0.0,33.0,-999
107010,PACHIZA,2015,01,30,0.0,31.5,-999
107010,PACHIZA,2015,01,31,23.3,31.8,-999
107010,PACHIZA,2015,02,01,1.8,30.2,20.2
107010,PACHIZA,2015,02,02,17.9,30.2,20.2
107010,PACHIZA,2015,02,03,1.5,30.0,19.8
107010,PACHIZA,2015,02,04,0.0,32.0,20.0
107010,PACHIZA,2015,02,05,0.0,32.0,20.2
107010,PACHIZA,2015,02,06,0.0,35.0,19.2
107010,PACHIZA,2015,02,07,36.2,35.5,20.0
107010,PACHIZA,2015,02,08,4.6,29.0,19.8
107010,PACHIZA,2015,02,09,38.7,31.5,21.0
107010,PACHIZA,2015,02,10,0.0,33.0,19.8
107010,PACHIZA,2015,02,11,0.0,32.6,20.2
107010,PACHIZA,2015,02,12,2.8,32.5,21.2
107010,PACHIZA,2015,02,13,0.0,30.2,21.4
107010,PACHIZA,2015,02,14,1.5,30.4,20.4
107010,PACHIZA,2015,02,15,1.2,32.0,20.0
107010,PACHIZA,2015,02,16,0.0,35.2,19.2
107010,PACHIZA,2015,02,17,0.0,35.2,21.6
107010,PACHIZA,2015,02,18,11.2,35.0,22.0
107010,PACHIZA,2015,02,19,6.5,34.2,21.0
107010,PACHIZA,2015,02,20,34.0,28.2,22.0
107010,PACHIZA,2015,02,21,0.0,30.0,22.0
107010,PACHIZA,2015,02,22,0.0,31.2,21.2
107010,PACHIZA,2015,02,23,0.0,34.0,20.2
107010,PACHIZA,2015,02,24,23.8,32.2,21.8
107010,PACHIZA,2015,02,25,5.8,33.2,20.2
107010,PACHIZA,2015,02,26,32.2,32.5,20.4
107010,PACHIZA,2015,02,27,17.4,32.6,19.8
107010,PACHIZA,2015,02,28,0.0,33.2,21.2
107010,PACHIZA,2015,03,01,0.0,34.5,20.0
107010,PACHIZA,2015,03,02,0.0,33.0,21.2
107010,PACHIZA,2015,03,03,3.6,34.2,21.0
107010,PACHIZA,2015,03,04,0.0,34.0,21.6
107010,PACHIZA,2015,03,05,0.0,34.2,22.2
107010,PACHIZA,2015,03,06,1.1,33.0,21.0
107010,PACHIZA,2015,03,07,9.0,31.5,20.6
107010,PACHIZA,2015,03,08,2.0,29.5,22.0
107010,PACHIZA,2015,03,09,16.2,34.0,20.6
107010,PACHIZA,2015,03,10,15.4,32.2,21.4
107010,PACHIZA,2015,03,11,13.0,34.0,21.4
107010,PACHIZA,2015,03,12,0.0,32.0,21.2
107010,PACHIZA,2015,03,13,0.0,33.2,22.2
107010,PACHIZA,2015,03,14,0.0,34.2,22.4
107010,PACHIZA,2015,03,15,0.0,34.2,22.8
107010,PACHIZA,2015,03,16,0.0,34.0,23.0
107010,PACHIZA,2015,03,17,0.0,34.6,23.0
107010,PACHIZA,2015,03,18,35.2,35.2,22.4
107010,PACHIZA,2015,03,19,6.0,28.2,21.6
107010,PACHIZA,2015,03,20,0.0,31.2,20.0
107010,PACHIZA,2015,03,21,6.8,30.0,21.0
107010,PACHIZA,2015,03,22,1.8,32.2,22.0
107010,PACHIZA,2015,03,23,6.9,33.2,21.4
107010,PACHIZA,2015,03,24,0.0,33.2,21.2
107010,PACHIZA,2015,03,25,64.3,34.5,22.0
107010,PACHIZA,2015,03,26,0.0,31.0,21.0
107010,PACHIZA,2015,03,27,0.0,33.0,22.0
107010,PACHIZA,2015,03,28,3.2,34.2,22.2
107010,PACHIZA,2015,03,29,0.0,31.2,22.0
107010,PACHIZA,2015,03,30,0.0,33.2,21.2
107010,PACHIZA,2015,03,31,-999,34.2,22.0
107010,PACHIZA,2015,04,01,7.8,30.0,22.0
107010,PACHIZA,2015,04,02,0.0,31.2,21.4
107010,PACHIZA,2015,04,03,0.0,33.5,22.2
107010,PACHIZA,2015,04,04,0.0,35.0,21.2
107010,PACHIZA,2015,04,05,5.7,33.0,21.6
107010,PACHIZA,2015,04,06,1.8,33.0,22.4
107010,PACHIZA,2015,04,07,0.0,30.0,21.4
107010,PACHIZA,2015,04,08,0.0,33.0,21.0
107010,PACHIZA,2015,04,09,48.2,35.0,21.2
107010,PACHIZA,2015,04,10,29.2,29.2,21.8
107010,PACHIZA,2015,04,11,0.0,31.0,21.0
107010,PACHIZA,2015,04,12,0.0,33.0,-999
107010,PACHIZA,2015,04,13,0.0,32.4,-999
107010,PACHIZA,2015,04,14,0.0,33.0,-999
107010,PACHIZA,2015,04,15,0.0,33.0,21.8
107010,PACHIZA,2015,04,16,4.1,34.0,21.6
107010,PACHIZA,2015,04,17,4.0,32.2,21.2
107010,PACHIZA,2015,04,18,49.3,31.2,21.0
107010,PACHIZA,2015,04,19,13.8,31.0,21.2
107010,PACHIZA,2015,04,20,0.0,33.5,22.2
107010,PACHIZA,2015,04,21,25.0,26.2,22.0
107010,PACHIZA,2015,04,22,0.0,32.0,21.6
107010,PACHIZA,2015,04,23,21.0,32.4,22.0
107010,PACHIZA,2015,04,24,1.3,35.0,21.6
107010,PACHIZA,2015,04,25,8.7,28.2,21.2
107010,PACHIZA,2015,04,26,2.6,30.2,22.2
107010,PACHIZA,2015,04,27,0.0,33.6,22.0
107010,PACHIZA,2015,04,28,7.7,32.6,23.0
107010,PACHIZA,2015,04,29,4.7,31.5,22.0
107010,PACHIZA,2015,04,30,0.0,32.2,21.8
107010,PACHIZA,2015,05,01,-999,33.0,22.0
107010,PACHIZA,2015,05,02,0.0,32.2,21.8
107010,PACHIZA,2015,05,03,0.0,34.0,22.6
107010,PACHIZA,2015,05,04,0.0,33.0,23.0
107010,PACHIZA,2015,05,05,0.0,32.0,23.0
107010,PACHIZA,2015,05,06,8.0,-999,22.0
107010,PACHIZA,2015,05,07,0.0,-999,22.0
107010,PACHIZA,2015,05,08,0.0,-999,22.2
107010,PACHIZA,2015,05,09,0.0,34.0,21.2
107010,PACHIZA,2015,05,10,0.0,34.2,22.0
107010,PACHIZA,2015,05,11,0.0,34.0,22.2
107010,PACHIZA,2015,05,12,6.0,30.2,22.2
107010,PACHIZA,2015,05,13,0.0,30.0,20.0
107010,PACHIZA,2015,05,14,0.0,34.2,22.2
107010,PACHIZA,2015,05,15,1.4,34.0,21.6
107010,PACHIZA,2015,05,16,9.8,28.2,21.8
107010,PACHIZA,2015,05,17,0.0,34.0,22.2
107010,PACHIZA,2015,05,18,0.0,34.2,22.2
107010,PACHIZA,2015,05,19,0.0,34.0,20.2
107010,PACHIZA,2015,05,20,0.0,34.0,22.0
107010,PACHIZA,2015,05,21,0.0,33.4,22.1
107010,PACHIZA,2015,05,22,0.0,33.2,21.6
107010,PACHIZA,2015,05,23,0.0,34.0,22.0
107010,PACHIZA,2015,05,24,0.0,33.0,20.2
107010,PACHIZA,2015,05,25,0.0,33.4,22.0
107010,PACHIZA,2015,05,26,10.0,32.2,20.2
107010,PACHIZA,2015,05,27,0.0,32.2,22.4
107010,PACHIZA,2015,05,28,0.0,33.0,22.2
107010,PACHIZA,2015,05,29,0.0,30.2,22.0
107010,PACHIZA,2015,05,30,0.0,33.0,22.2
107010,PACHIZA,2015,05,31,0.0,34.0,21.0
107010,PACHIZA,2015,06,01,0.0,32.0,22.2
107010,PACHIZA,2015,06,02,20.8,32.0,20.0
107010,PACHIZA,2015,06,03,0.0,31.0,20.0
107010,PACHIZA,2015,06,04,0.0,33.0,22.0
107010,PACHIZA,2015,06,05,0.0,33.0,23.0
107010,PACHIZA,2015,06,06,10.5,34.0,22.2
107010,PACHIZA,2015,06,07,0.0,33.0,20.2
107010,PACHIZA,2015,06,08,20.5,34.0,23.2
107010,PACHIZA,2015,06,09,0.0,33.0,20.2
107010,PACHIZA,2015,06,10,0.0,33.0,20.2
107010,PACHIZA,2015,06,11,0.0,32.2,22.2
107010,PACHIZA,2015,06,12,5.4,30.2,23.0
107010,PACHIZA,2015,06,13,0.0,32.2,20.2
107010,PACHIZA,2015,06,14,0.0,33.2,22.2
107010,PACHIZA,2015,06,15,5.6,34.0,22.1
107010,PACHIZA,2015,06,16,0.0,33.2,21.0
107010,PACHIZA,2015,06,17,0.0,33.0,22.2
107010,PACHIZA,2015,06,18,10.0,33.0,22.0
107010,PACHIZA,2015,06,19,20.5,30.2,22.2
107010,PACHIZA,2015,06,20,0.0,32.2,20.2
107010,PACHIZA,2015,06,21,0.0,33.0,22.0
107010,PACHIZA,2015,06,22,0.0,34.0,20.0
107010,PACHIZA,2015,06,23,0.0,33.5,22.0
107010,PACHIZA,2015,06,24,0.0,32.0,20.0
107010,PACHIZA,2015,06,25,0.0,30.0,22.2
107010,PACHIZA,2015,06,26,0.0,30.2,21.2
107010,PACHIZA,2015,06,27,0.0,34.0,21.0
107010,PACHIZA,2015,06,28,0.0,33.5,20.2
107010,PACHIZA,2015,06,29,0.0,33.0,22.0
107010,PACHIZA,2015,06,30,0.0,32.2,20.2
107010,PACHIZA,2015,07,01,0.0,32.0,20.4
107010,PACHIZA,2015,07,02,0.0,33.4,20.2
107010,PACHIZA,2015,07,03,0.0,33.0,22.0
107010,PACHIZA,2015,07,04,0.2,32.4,20.0
107010,PACHIZA,2015,07,05,0.0,33.0,20.2
107010,PACHIZA,2015,07,06,0.0,30.4,20.0
107010,PACHIZA,2015,07,07,0.0,33.0,20.2
107010,PACHIZA,2015,07,08,0.0,33.5,22.0
107010,PACHIZA,2015,07,09,0.0,32.0,20.0
107010,PACHIZA,2015,07,10,7.6,33.0,20.0
107010,PACHIZA,2015,07,11,0.0,32.0,22.0
107010,PACHIZA,2015,07,12,0.0,32.0,21.2
107010,PACHIZA,2015,07,13,0.0,33.0,21.8
107010,PACHIZA,2015,07,14,0.0,33.5,20.0
107010,PACHIZA,2015,07,15,0.0,31.5,20.5
107010,PACHIZA,2015,07,16,0.0,32.0,20.4
107010,PACHIZA,2015,07,17,0.0,33.5,19.5
107010,PACHIZA,2015,07,18,8.6,32.0,21.5
107010,PACHIZA,2015,07,19,0.0,32.5,20.5
107010,PACHIZA,2015,07,20,0.0,34.0,19.0
107010,PACHIZA,2015,07,21,0.0,35.0,18.5
107010,PACHIZA,2015,07,22,0.0,34.0,21.0
107010,PACHIZA,2015,07,23,0.0,33.4,21.4
107010,PACHIZA,2015,07,24,0.0,33.2,20.0
107010,PACHIZA,2015,07,25,0.0,33.0,20.5
107010,PACHIZA,2015,07,26,0.0,32.0,19.6
107010,PACHIZA,2015,07,27,0.0,33.0,19.0
107010,PACHIZA,2015,07,28,20.1,32.5,20.0
107010,PACHIZA,2015,07,29,1.6,35.0,20.0
107010,PACHIZA,2015,07,30,0.0,33.6,20.4
107010,PACHIZA,2015,07,31,0.0,33.2,20.4
107010,PACHIZA,2015,08,01,0.0,33.2,18.4
107010,PACHIZA,2015,08,02,0.0,35.0,18.0
107010,PACHIZA,2015,08,03,0.0,35.6,18.2
107010,PACHIZA,2015,08,04,0.0,35.5,18.6
107010,PACHIZA,2015,08,05,2.5,35.5,20.8
107010,PACHIZA,2015,08,06,0.0,35.4,19.5
107010,PACHIZA,2015,08,07,0.0,36.4,19.8
107010,PACHIZA,2015,08,08,0.0,33.6,19.0
107010,PACHIZA,2015,08,09,0.0,35.6,20.2
107010,PACHIZA,2015,08,10,0.0,36.0,19.0
107010,PACHIZA,2015,08,11,12.6,34.0,20.4
107010,PACHIZA,2015,08,12,3.2,30.2,21.0
107010,PACHIZA,2015,08,13,0.0,34.6,20.6
107010,PACHIZA,2015,08,14,0.0,33.5,21.6
107010,PACHIZA,2015,08,15,2.0,33.2,21.6
107010,PACHIZA,2015,08,16,0.0,34.5,21.2
107010,PACHIZA,2015,08,17,0.0,35.0,-999
107010,PACHIZA,2015,08,18,0.0,36.5,-999
107010,PACHIZA,2015,08,19,0.0,36.6,-999
107010,PACHIZA,2015,08,20,0.0,34.5,20.0
107010,PACHIZA,2015,08,21,0.0,35.5,19.8
107010,PACHIZA,2015,08,22,0.0,36.0,19.4
107010,PACHIZA,2015,08,23,0.0,36.8,19.6
107010,PACHIZA,2015,08,24,0.0,36.2,19.8
107010,PACHIZA,2015,08,25,0.0,37.0,20.2
107010,PACHIZA,2015,08,26,0.0,36.5,20.2
107010,PACHIZA,2015,08,27,9.0,37.0,19.2
107010,PACHIZA,2015,08,28,23.1,30.2,20.0
107010,PACHIZA,2015,08,29,0.0,34.2,21.0
107010,PACHIZA,2015,08,30,0.0,35.0,19.8
107010,PACHIZA,2015,08,31,0.0,34.5,21.2
107010,PACHIZA,2015,09,01,37.2,32.6,20.2
107010,PACHIZA,2015,09,02,0.0,34.2,22.0
107010,PACHIZA,2015,09,03,6.2,35.0,20.0
107010,PACHIZA,2015,09,04,4.0,30.2,19.6
107010,PACHIZA,2015,09,05,0.0,32.0,21.8
107010,PACHIZA,2015,09,06,0.0,34.6,21.4
107010,PACHIZA,2015,09,07,2.3,35.6,21.8
107010,PACHIZA,2015,09,08,0.0,36.6,21.0
107010,PACHIZA,2015,09,09,0.0,37.2,21.0
107010,PACHIZA,2015,09,10,0.0,37.4,20.2
107010,PACHIZA,2015,09,11,0.0,37.2,20.6
107010,PACHIZA,2015,09,12,0.0,37.2,20.2
107010,PACHIZA,2015,09,13,0.0,36.6,21.2
107010,PACHIZA,2015,09,14,2.3,36.6,22.0
107010,PACHIZA,2015,09,15,0.0,37.0,19.8
107010,PACHIZA,2015,09,16,0.0,37.2,19.0
107010,PACHIZA,2015,09,17,0.0,37.8,20.0
107010,PACHIZA,2015,09,18,0.0,34.5,22.2
107010,PACHIZA,2015,09,19,1.1,35.5,21.6
107010,PACHIZA,2015,09,20,0.0,35.0,21.0
107010,PACHIZA,2015,09,21,0.0,36.0,20.2
107010,PACHIZA,2015,09,22,0.0,37.2,21.0
107010,PACHIZA,2015,09,23,19.1,33.0,21.6
107010,PACHIZA,2015,09,24,1.1,34.6,22.2
107010,PACHIZA,2015,09,25,0.0,37.2,21.0
107010,PACHIZA,2015,09,26,6.5,35.0,21.6
107010,PACHIZA,2015,09,27,0.0,36.4,21.6
107010,PACHIZA,2015,09,28,0.0,34.5,21.4
107010,PACHIZA,2015,09,29,6.1,37.0,20.6
107010,PACHIZA,2015,09,30,3.4,36.5,21.0
107010,PACHIZA,2015,10,01,0.0,34.5,22.0
107010,PACHIZA,2015,10,02,4.5,33.2,21.4
107010,PACHIZA,2015,10,03,0.0,32.5,21.2
107010,PACHIZA,2015,10,04,0.0,32.0,22.0
107010,PACHIZA,2015,10,05,0.0,35.6,22.2
107010,PACHIZA,2015,10,06,0.0,37.0,22.0
107010,PACHIZA,2015,10,07,0.0,37.5,21.2
107010,PACHIZA,2015,10,08,0.0,37.2,21.2
107010,PACHIZA,2015,10,09,0.0,37.6,21.0
107010,PACHIZA,2015,10,10,25.4,36.0,21.0
107010,PACHIZA,2015,10,11,0.0,37.5,22.2
107010,PACHIZA,2015,10,12,0.0,35.5,22.0
107010,PACHIZA,2015,10,13,0.0,35.5,23.0
107010,PACHIZA,2015,10,14,33.1,37.2,22.0
107010,PACHIZA,2015,10,15,8.2,31.6,21.0
107010,PACHIZA,2015,10,16,1.0,32.5,22.0
107010,PACHIZA,2015,10,17,0.0,31.0,22.0
107010,PACHIZA,2015,10,18,3.4,30.2,21.6
107010,PACHIZA,2015,10,19,0.0,32.4,20.4
107010,PACHIZA,2015,10,20,0.0,36.0,20.0
107010,PACHIZA,2015,10,21,0.0,36.2,20.0
107010,PACHIZA,2015,10,22,0.0,37.5,21.0
107010,PACHIZA,2015,10,23,9.1,38.0,20.2
107010,PACHIZA,2015,10,24,6.6,36.4,20.6
107010,PACHIZA,2015,10,25,4.2,30.2,22.0
107010,PACHIZA,2015,10,26,3.0,35.6,20.2
107010,PACHIZA,2015,10,27,0.0,31.6,21.4
107010,PACHIZA,2015,10,28,0.0,36.4,20.2
107010,PACHIZA,2015,10,29,0.0,36.4,20.0
107010,PACHIZA,2015,10,30,0.0,37.0,21.2
107010,PACHIZA,2015,10,31,0.0,36.6,22.4
107010,PACHIZA,2015,11,01,0.0,35.0,23.0
107010,PACHIZA,2015,11,02,0.0,35.6,23.2
107010,PACHIZA,2015,11,03,0.0,35.5,23.2
107010,PACHIZA,2015,11,04,0.0,34.5,22.2
107010,PACHIZA,2015,11,05,0.0,33.5,22.8
107010,PACHIZA,2015,11,06,0.0,29.4,23.0
107010,PACHIZA,2015,11,07,15.2,32.6,23.0
107010,PACHIZA,2015,11,08,28.0,31.0,23.2
107010,PACHIZA,2015,11,09,3.2,29.8,23.0
107010,PACHIZA,2015,11,10,0.0,34.2,21.0
107010,PACHIZA,2015,11,11,0.0,31.6,21.6
107010,PACHIZA,2015,11,12,0.0,35.2,22.0
107010,PACHIZA,2015,11,13,0.0,35.5,22.2
107010,PACHIZA,2015,11,14,56.8,35.5,23.0
107010,PACHIZA,2015,11,15,8.8,31.5,21.2
107010,PACHIZA,2015,11,16,0.0,35.6,22.0
107010,PACHIZA,2015,11,17,0.0,35.0,22.2
107010,PACHIZA,2015,11,18,0.0,35.0,23.0
107010,PACHIZA,2015,11,19,1.5,35.2,23.0
107010,PACHIZA,2015,11,20,0.0,36.2,23.2
107010,PACHIZA,2015,11,21,1.8,35.4,22.0
107010,PACHIZA,2015,11,22,2.7,32.0,23.0
107010,PACHIZA,2015,11,23,0.0,32.2,22.0
107010,PACHIZA,2015,11,24,0.0,35.2,23.4
107010,PACHIZA,2015,11,25,2.2,36.4,22.0
107010,PACHIZA,2015,11,26,0.0,36.2,22.0
107010,PACHIZA,2015,11,27,6.8,36.8,22.2
107010,PACHIZA,2015,11,28,2.6,35.6,23.2
107010,PACHIZA,2015,11,29,0.0,36.2,23.0
107010,PACHIZA,2015,11,30,24.3,33.6,24.0
107010,PACHIZA,2015,12,01,48.7,30.2,21.2
107010,PACHIZA,2015,12,02,0.0,30.4,18.6
107010,PACHIZA,2015,12,03,0.0,35.4,19.6
107010,PACHIZA,2015,12,04,0.0,34.2,19.0
107010,PACHIZA,2015,12,05,0.0,35.4,20.4
107010,PACHIZA,2015,12,06,0.0,36.2,22.4
107010,PACHIZA,2015,12,07,0.0,35.6,23.0
107010,PACHIZA,2015,12,08,0.0,32.0,22.6
107010,PACHIZA,2015,12,09,29.2,28.0,23.2
107010,PACHIZA,2015,12,10,0.0,34.0,23.0
107010,PACHIZA,2015,12,11,0.0,33.4,22.2
107010,PACHIZA,2015,12,12,0.0,36.0,23.0
107010,PACHIZA,2015,12,13,0.0,36.6,21.6
107010,PACHIZA,2015,12,14,0.0,34.6,23.0
107010,PACHIZA,2015,12,15,0.0,31.2,23.0
107010,PACHIZA,2015,12,16,19.2,35.2,22.0
107010,PACHIZA,2015,12,17,40.4,33.2,22.8
107010,PACHIZA,2015,12,18,0.0,35.2,22.2
107010,PACHIZA,2015,12,19,9.6,32.2,23.2
107010,PACHIZA,2015,12,20,19.4,30.6,22.0
107010,PACHIZA,2015,12,21,0.0,32.6,20.8
107010,PACHIZA,2015,12,22,0.0,34.8,21.0
107010,PACHIZA,2015,12,23,0.0,30.0,22.0
107010,PACHIZA,2015,12,24,0.0,31.2,23.0
107010,PACHIZA,2015,12,25,0.0,30.2,20.0
107010,PACHIZA,2015,12,26,0.0,33.2,22.2
107010,PACHIZA,2015,12,27,0.0,30.4,23.0
107010,PACHIZA,2015,12,28,0.0,33.4,22.0
107010,PACHIZA,2015,12,29,0.0,34.2,22.0
107010,PACHIZA,2015,12,30,0.0,-999,22.6
107010,PACHIZA,2015,12,31,0.0,-999,22.2
107010,PACHIZA,2016,01,01,0.0,35.0,22.0
107010,PACHIZA,2016,01,02,0.0,36.7,20.0
107010,PACHIZA,2016,01,03,0.0,36.4,21.4
107010,PACHIZA,2016,01,04,0.0,35.9,20.4
107010,PACHIZA,2016,01,05,2.4,35.6,22.2
107010,PACHIZA,2016,01,06,0.0,35.0,21.0
107010,PACHIZA,2016,01,07,1.5,36.2,21.2
107010,PACHIZA,2016,01,08,5.0,36.5,22.0
107010,PACHIZA,2016,01,09,3.0,34.6,20.2
107010,PACHIZA,2016,01,10,40.0,33.0,20.2
107010,PACHIZA,2016,01,11,0.0,34.8,21.4
107010,PACHIZA,2016,01,12,0.0,33.0,20.2
107010,PACHIZA,2016,01,13,0.0,36.4,22.2
107010,PACHIZA,2016,01,14,0.0,35.8,21.4
107010,PACHIZA,2016,01,15,0.0,36.3,22.2
107010,PACHIZA,2016,01,16,0.0,36.0,22.0
107010,PACHIZA,2016,01,17,0.0,34.7,22.2
107010,PACHIZA,2016,01,18,6.4,35.6,20.4
107010,PACHIZA,2016,01,19,3.0,36.4,21.0
107010,PACHIZA,2016,01,20,0.0,34.8,20.0
107010,PACHIZA,2016,01,21,2.1,35.0,22.0
107010,PACHIZA,2016,01,22,0.0,36.4,23.2
107010,PACHIZA,2016,01,23,0.0,39.0,21.2
107010,PACHIZA,2016,01,24,0.0,39.4,22.0
107010,PACHIZA,2016,01,25,0.0,39.6,21.4
107010,PACHIZA,2016,01,26,0.0,37.2,22.4
107010,PACHIZA,2016,01,27,0.0,34.8,23.0
107010,PACHIZA,2016,01,28,0.0,35.0,23.2
107010,PACHIZA,2016,01,29,4.2,35.6,23.0
107010,PACHIZA,2016,01,30,0.0,36.2,23.0
107010,PACHIZA,2016,01,31,0.0,37.4,22.2
107010,PACHIZA,2016,02,01,9.8,34.2,22.6
107010,PACHIZA,2016,02,02,21.0,28.8,22.6
107010,PACHIZA,2016,02,03,50.0,31.2,21.0
107010,PACHIZA,2016,02,04,16.9,34.4,20.2
107010,PACHIZA,2016,02,05,14.8,35.2,22.0
107010,PACHIZA,2016,02,06,0.0,31.2,22.0
107010,PACHIZA,2016,02,07,49.0,35.0,22.2
107010,PACHIZA,2016,02,08,3.7,31.2,22.4
107010,PACHIZA,2016,02,09,11.0,34.0,22.0
107010,PACHIZA,2016,02,10,0.0,28.6,21.0
107010,PACHIZA,2016,02,11,25.4,26.2,23.0
107010,PACHIZA,2016,02,12,25.4,31.8,22.4
107010,PACHIZA,2016,02,13,0.0,34.2,22.0
107010,PACHIZA,2016,02,14,0.0,34.2,22.0
107010,PACHIZA,2016,02,15,3.0,34.4,-999
107010,PACHIZA,2016,02,16,3.9,34.4,-999
107010,PACHIZA,2016,02,17,0.0,35.0,-999
107010,PACHIZA,2016,02,18,0.0,35.2,-999
107010,PACHIZA,2016,02,19,0.0,35.4,-999
107010,PACHIZA,2016,02,20,2.2,33.6,-999
107010,PACHIZA,2016,02,21,7.3,29.0,22.8
107010,PACHIZA,2016,02,22,4.6,34.8,23.0
107010,PACHIZA,2016,02,23,33.0,32.0,23.0
107010,PACHIZA,2016,02,24,0.0,34.4,22.8
107010,PACHIZA,2016,02,25,0.0,36.6,22.6
107010,PACHIZA,2016,02,26,0.0,-999,22.2
107010,PACHIZA,2016,02,27,0.0,35.8,23.6
107010,PACHIZA,2016,02,28,1.0,29.8,23.4
107010,PACHIZA,2016,02,29,0.0,33.0,23.0
107010,PACHIZA,2016,03,01,13.3,36.4,23.0
107010,PACHIZA,2016,03,02,25.0,36.2,22.2
107010,PACHIZA,2016,03,03,0.0,33.0,22.4
107010,PACHIZA,2016,03,04,0.0,34.4,24.0
107010,PACHIZA,2016,03,05,1.0,33.0,23.2
107010,PACHIZA,2016,03,06,71.5,31.8,23.0
107010,PACHIZA,2016,03,07,7.0,26.8,20.2
107010,PACHIZA,2016,03,08,1.8,33.6,22.2
107010,PACHIZA,2016,03,09,0.0,35.2,23.4
107010,PACHIZA,2016,03,10,2.0,35.2,22.2
107010,PACHIZA,2016,03,11,14.2,30.6,23.2
107010,PACHIZA,2016,03,12,1.1,31.0,22.0
107010,PACHIZA,2016,03,13,3.5,31.8,23.2
107010,PACHIZA,2016,03,14,10.5,31.0,22.0
107010,PACHIZA,2016,03,15,0.0,31.0,22.4
107010,PACHIZA,2016,03,16,0.0,32.2,22.2
107010,PACHIZA,2016,03,17,0.0,31.4,23.0
107010,PACHIZA,2016,03,18,0.0,32.8,21.8
107010,PACHIZA,2016,03,19,0.0,33.0,23.0
107010,PACHIZA,2016,03,20,1.4,33.0,22.0
107010,PACHIZA,2016,03,21,0.0,31.8,22.0
107010,PACHIZA,2016,03,22,3.7,33.6,23.0
107010,PACHIZA,2016,03,23,0.0,33.8,23.2
107010,PACHIZA,2016,03,24,0.0,33.2,21.8
107010,PACHIZA,2016,03,25,0.0,34.2,22.8
107010,PACHIZA,2016,03,26,9.6,32.8,23.2
107010,PACHIZA,2016,03,27,4.6,31.8,22.2
107010,PACHIZA,2016,03,28,0.0,33.8,22.0
107010,PACHIZA,2016,03,29,0.0,34.4,23.0
107010,PACHIZA,2016,03,30,32.2,33.0,23.0
107010,PACHIZA,2016,03,31,1.1,32.8,21.4
107010,PACHIZA,2016,04,01,1.2,33.8,23.0
107010,PACHIZA,2016,04,02,0.0,32.0,22.2
107010,PACHIZA,2016,04,03,10.1,33.6,22.0
107010,PACHIZA,2016,04,04,77.0,34.4,22.4
107010,PACHIZA,2016,04,05,3.4,31.8,21.2
107010,PACHIZA,2016,04,06,0.0,34.2,22.2
107010,PACHIZA,2016,04,07,3.9,35.0,22.0
107010,PACHIZA,2016,04,08,1.0,33.2,22.0
107010,PACHIZA,2016,04,09,8.7,34.0,20.0
107010,PACHIZA,2016,04,10,0.0,32.2,21.6
107010,PACHIZA,2016,04,11,0.0,35.0,22.0
107010,PACHIZA,2016,04,12,0.0,33.0,21.0
107010,PACHIZA,2016,04,13,0.0,34.0,22.0
107010,PACHIZA,2016,04,14,9.7,35.2,23.0
107010,PACHIZA,2016,04,15,-888,34.2,21.2
107010,PACHIZA,2016,04,16,12.5,32.8,20.2
107010,PACHIZA,2016,04,17,0.0,35.0,22.2
107010,PACHIZA,2016,04,18,-888,34.0,23.0
107010,PACHIZA,2016,04,19,0.0,35.4,23.0
107010,PACHIZA,2016,04,20,4.3,36.0,22.8
107010,PACHIZA,2016,04,21,0.0,35.2,22.4
107010,PACHIZA,2016,04,22,19.6,34.4,22.0
107010,PACHIZA,2016,04,23,-888,35.0,23.0
107010,PACHIZA,2016,04,24,0.0,35.0,23.0
107010,PACHIZA,2016,04,25,0.0,35.8,23.2
107010,PACHIZA,2016,04,26,11.4,34.8,22.8
107010,PACHIZA,2016,04,27,10.4,35.4,23.0
107010,PACHIZA,2016,04,28,0.0,28.2,17.2
107010,PACHIZA,2016,04,29,0.0,30.4,18.0
107010,PACHIZA,2016,04,30,0.0,33.0,22.4
107010,PACHIZA,2016,05,01,0.0,32.2,23.0
107010,PACHIZA,2016,05,02,0.0,31.0,22.0
107010,PACHIZA,2016,05,03,0.0,36.2,22.2
107010,PACHIZA,2016,05,04,0.0,34.2,23.0
107010,PACHIZA,2016,05,05,0.0,35.2,21.8
107010,PACHIZA,2016,05,06,0.0,34.6,22.2
107010,PACHIZA,2016,05,07,0.0,35.0,20.0
107010,PACHIZA,2016,05,08,13.3,34.2,21.2
107010,PACHIZA,2016,05,09,5.0,31.0,23.0
107010,PACHIZA,2016,05,10,0.0,34.4,21.8
107010,PACHIZA,2016,05,11,0.0,35.0,22.0
107010,PACHIZA,2016,05,12,0.0,31.0,22.2
107010,PACHIZA,2016,05,13,0.0,33.2,20.0
107010,PACHIZA,2016,05,14,7.0,30.2,22.0
107010,PACHIZA,2016,05,15,1.5,33.2,23.0
107010,PACHIZA,2016,05,16,0.0,33.4,23.2
107010,PACHIZA,2016,05,17,0.0,34.4,22.8
107010,PACHIZA,2016,05,18,0.0,33.6,22.2
107010,PACHIZA,2016,05,19,0.0,34.6,22.4
107010,PACHIZA,2016,05,20,0.0,33.8,22.2
107010,PACHIZA,2016,05,21,0.0,32.0,23.0
107010,PACHIZA,2016,05,22,0.0,34.0,22.2
107010,PACHIZA,2016,05,23,26.3,29.6,23.0
107010,PACHIZA,2016,05,24,0.0,29.6,21.6
107010,PACHIZA,2016,05,25,0.0,32.0,23.0
107010,PACHIZA,2016,05,26,0.0,31.2,21.0
107010,PACHIZA,2016,05,27,0.0,33.2,21.8
107010,PACHIZA,2016,05,28,0.0,33.6,19.6
107010,PACHIZA,2016,05,29,0.0,34.4,20.6
107010,PACHIZA,2016,05,30,0.0,35.0,20.2
107010,PACHIZA,2016,05,31,4.4,32.2,22.2
107010,PACHIZA,2016,06,01,0.0,34.2,23.0
107010,PACHIZA,2016,06,02,0.0,35.4,21.8
107010,PACHIZA,2016,06,03,0.0,36.0,20.0
107010,PACHIZA,2016,06,04,0.0,34.2,21.0
107010,PACHIZA,2016,06,05,0.0,34.4,21.6
107010,PACHIZA,2016,06,06,0.0,34.0,22.0
107010,PACHIZA,2016,06,07,0.0,35.2,21.8
107010,PACHIZA,2016,06,08,0.0,34.6,22.0
107010,PACHIZA,2016,06,09,0.0,31.2,21.0
107010,PACHIZA,2016,06,10,8.6,32.0,22.0
107010,PACHIZA,2016,06,11,1.6,31.2,21.2
107010,PACHIZA,2016,06,12,0.0,31.4,20.2
107010,PACHIZA,2016,06,13,0.0,27.0,19.2
107010,PACHIZA,2016,06,14,0.0,30.2,20.2
107010,PACHIZA,2016,06,15,0.0,32.4,18.4
107010,PACHIZA,2016,06,16,0.0,33.0,18.4
107010,PACHIZA,2016,06,17,0.0,33.8,19.2
107010,PACHIZA,2016,06,18,1.5,34.0,20.0
107010,PACHIZA,2016,06,19,0.0,33.8,21.0
107010,PACHIZA,2016,06,20,0.0,33.2,21.2
107010,PACHIZA,2016,06,21,0.0,35.2,21.0
107010,PACHIZA,2016,06,22,0.0,33.0,19.8
107010,PACHIZA,2016,06,23,0.0,32.8,20.4
107010,PACHIZA,2016,06,24,0.0,34.8,19.0
107010,PACHIZA,2016,06,25,-888,34.0,21.0
107010,PACHIZA,2016,06,26,10.5,30.0,19.8
107010,PACHIZA,2016,06,27,8.0,30.2,21.2
107010,PACHIZA,2016,06,28,1.8,30.4,21.0
107010,PACHIZA,2016,06,29,0.0,32.0,19.0
107010,PACHIZA,2016,06,30,0.0,34.2,18.4
107010,PACHIZA,2016,07,01,-999,33.0,-999
107010,PACHIZA,2016,07,02,-999,34.0,-999
107010,PACHIZA,2016,07,03,-999,33.8,-999
107010,PACHIZA,2016,07,04,-999,34.6,-999
107010,PACHIZA,2016,07,05,-999,35.0,-999
107010,PACHIZA,2016,07,06,-999,32.0,-999
107010,PACHIZA,2016,07,07,-999,32.2,-999
107010,PACHIZA,2016,07,08,-999,31.8,-999
107010,PACHIZA,2016,07,09,-999,35.4,-999
107010,PACHIZA,2016,07,10,-999,34.8,-999
107010,PACHIZA,2016,07,11,-999,34.6,-999
107010,PACHIZA,2016,07,12,-999,35.0,-999
107010,PACHIZA,2016,07,13,-999,35.2,-999
107010,PACHIZA,2016,07,14,-999,34.8,-999
107010,PACHIZA,2016,07,15,-999,35.8,-999
107010,PACHIZA,2016,07,16,-999,36.2,-999
107010,PACHIZA,2016,07,17,-999,34.6,-999
107010,PACHIZA,2016,07,18,-999,34.8,-999
107010,PACHIZA,2016,07,19,-999,36.0,-999
107010,PACHIZA,2016,07,20,-999,34.8,-999
107010,PACHIZA,2016,07,21,-999,35.0,-999
107010,PACHIZA,2016,07,22,-999,35.2,-999
107010,PACHIZA,2016,07,23,-999,36.0,-999
107010,PACHIZA,2016,07,24,-999,35.4,-999
107010,PACHIZA,2016,07,25,-999,36.0,-999
107010,PACHIZA,2016,07,26,-999,35.8,-999
107010,PACHIZA,2016,07,27,-999,34.8,-999
107010,PACHIZA,2016,07,28,-999,33.4,-999
107010,PACHIZA,2016,07,29,-999,31.8,-999
107010,PACHIZA,2016,07,30,-999,33.2,-999
107010,PACHIZA,2016,07,31,-999,33.4,-999
107010,PACHIZA,2016,08,01,0.0,-999,-999
107010,PACHIZA,2016,08,02,4.8,-999,-999
107010,PACHIZA,2016,08,03,-888,-999,-999
107010,PACHIZA,2016,08,04,0.0,-999,-999
107010,PACHIZA,2016,08,05,0.0,-999,-999
107010,PACHIZA,2016,08,06,0.0,-999,-999
107010,PACHIZA,2016,08,07,-888,-999,-999
107010,PACHIZA,2016,08,08,0.0,-999,-999
107010,PACHIZA,2016,08,09,0.0,-999,-999
107010,PACHIZA,2016,08,10,2.4,-999,-999
107010,PACHIZA,2016,08,11,0.0,-999,-999
107010,PACHIZA,2016,08,12,0.0,-999,-999
107010,PACHIZA,2016,08,13,0.0,-999,-999
107010,PACHIZA,2016,08,14,0.0,-999,-999
107010,PACHIZA,2016,08,15,0.0,-999,-999
107010,PACHIZA,2016,08,16,0.0,-999,-999
107010,PACHIZA,2016,08,17,0.0,-999,-999
107010,PACHIZA,2016,08,18,1.2,-999,-999
107010,PACHIZA,2016,08,19,0.0,-999,-999
107010,PACHIZA,2016,08,20,0.0,-999,-999
107010,PACHIZA,2016,08,21,3.0,-999,-999
107010,PACHIZA,2016,08,22,0.0,-999,-999
107010,PACHIZA,2016,08,23,0.0,-999,-999
107010,PACHIZA,2016,08,24,0.0,-999,-999
107010,PACHIZA,2016,08,25,0.0,-999,-999
107010,PACHIZA,2016,08,26,0.0,-999,-999
107010,PACHIZA,2016,08,27,0.0,-999,-999
107010,PACHIZA,2016,08,28,0.0,-999,-999
107010,PACHIZA,2016,08,29,0.0,-999,-999
107010,PACHIZA,2016,08,30,0.0,-999,-999
107010,PACHIZA,2016,08,31,1.5,-999,-999
107010,PACHIZA,2016,09,01,0.0,-999,-999
107010,PACHIZA,2016,09,02,0.0,-999,-999
107010,PACHIZA,2016,09,03,0.0,-999,-999
107010,PACHIZA,2016,09,04,8.8,-999,-999
107010,PACHIZA,2016,09,05,0.0,-999,-999
107010,PACHIZA,2016,09,06,0.0,-999,-999
107010,PACHIZA,2016,09,07,0.0,-999,-999
107010,PACHIZA,2016,09,08,0.0,-999,-999
107010,PACHIZA,2016,09,09,1.5,-999,-999
107010,PACHIZA,2016,09,10,0.0,-999,-999
107010,PACHIZA,2016,09,11,0.0,-999,-999
107010,PACHIZA,2016,09,12,0.0,-999,-999
107010,PACHIZA,2016,09,13,0.0,-999,-999
107010,PACHIZA,2016,09,14,60.0,-999,-999
107010,PACHIZA,2016,09,15,4.0,-999,-999
107010,PACHIZA,2016,09,16,0.0,-999,-999
107010,PACHIZA,2016,09,17,0.0,-999,-999
107010,PACHIZA,2016,09,18,7.5,-999,-999
107010,PACHIZA,2016,09,19,5.6,-999,-999
107010,PACHIZA,2016,09,20,12.2,-999,-999
107010,PACHIZA,2016,09,21,0.0,-999,-999
107010,PACHIZA,2016,09,22,0.0,-999,-999
107010,PACHIZA,2016,09,23,8.2,-999,-999
107010,PACHIZA,2016,09,24,7.5,-999,-999
107010,PACHIZA,2016,09,25,0.0,-999,-999
107010,PACHIZA,2016,09,26,0.0,-999,-999
107010,PACHIZA,2016,09,27,18.9,-999,-999
107010,PACHIZA,2016,09,28,0.0,-999,-999
107010,PACHIZA,2016,09,29,0.0,-999,-999
107010,PACHIZA,2016,09,30,0.0,-999,-999
107010,PACHIZA,2016,10,01,8.6,-999,-999
107010,PACHIZA,2016,10,02,5.0,-999,-999
107010,PACHIZA,2016,10,03,4.0,-999,-999
107010,PACHIZA,2016,10,04,0.0,-999,-999
107010,PACHIZA,2016,10,05,0.0,-999,-999
107010,PACHIZA,2016,10,06,0.0,-999,-999
107010,PACHIZA,2016,10,07,3.0,-999,-999
107010,PACHIZA,2016,10,08,36.0,-999,-999
107010,PACHIZA,2016,10,09,12.2,-999,-999
107010,PACHIZA,2016,10,10,12.2,-999,-999
107010,PACHIZA,2016,10,11,0.0,-999,-999
107010,PACHIZA,2016,10,12,0.0,-999,-999
107010,PACHIZA,2016,10,13,2.8,-999,-999
107010,PACHIZA,2016,10,14,0.0,-999,-999
107010,PACHIZA,2016,10,15,0.0,-999,-999
107010,PACHIZA,2016,10,16,0.0,-999,-999
107010,PACHIZA,2016,10,17,0.0,-999,-999
107010,PACHIZA,2016,10,18,0.0,-999,-999
107010,PACHIZA,2016,10,19,0.0,-999,-999
107010,PACHIZA,2016,10,20,8.0,-999,-999
107010,PACHIZA,2016,10,21,15.2,-999,-999
107010,PACHIZA,2016,10,22,0.0,-999,-999
107010,PACHIZA,2016,10,23,13.2,-999,-999
107010,PACHIZA,2016,10,24,0.0,-999,-999
107010,PACHIZA,2016,10,25,0.0,-999,-999
107010,PACHIZA,2016,10,26,0.0,-999,-999
107010,PACHIZA,2016,10,27,16.2,-999,-999
107010,PACHIZA,2016,10,28,0.0,-999,-999
107010,PACHIZA,2016,10,29,0.0,-999,-999
107010,PACHIZA,2016,10,30,0.0,-999,-999
107010,PACHIZA,2016,10,31,0.0,-999,-999
107010,PACHIZA,2016,11,01,0.0,-999,-999
107010,PACHIZA,2016,11,02,33.0,-999,-999
107010,PACHIZA,2016,11,03,40.0,-999,-999
107010,PACHIZA,2016,11,04,10.0,-999,-999
107010,PACHIZA,2016,11,05,2.0,-999,-999
107010,PACHIZA,2016,11,06,0.0,-999,-999
107010,PACHIZA,2016,11,07,0.0,-999,-999
107010,PACHIZA,2016,11,08,0.0,-999,-999
107010,PACHIZA,2016,11,09,0.0,-999,-999
107010,PACHIZA,2016,11,10,50.2,-999,-999
107010,PACHIZA,2016,11,11,0.0,-999,-999
107010,PACHIZA,2016,11,12,0.0,-999,-999
107010,PACHIZA,2016,11,13,0.0,-999,-999
107010,PACHIZA,2016,11,14,0.0,-999,-999
107010,PACHIZA,2016,11,15,0.0,-999,-999
107010,PACHIZA,2016,11,16,0.0,-999,-999
107010,PACHIZA,2016,11,17,0.0,-999,-999
107010,PACHIZA,2016,11,18,0.0,-999,-999
107010,PACHIZA,2016,11,19,0.0,-999,-999
107010,PACHIZA,2016,11,20,0.0,-999,-999
107010,PACHIZA,2016,11,21,0.0,-999,-999
107010,PACHIZA,2016,11,22,0.0,-999,-999
107010,PACHIZA,2016,11,23,0.0,-999,-999
107010,PACHIZA,2016,11,24,6.2,-999,-999
107010,PACHIZA,2016,11,25,4.0,-999,-999
107010,PACHIZA,2016,11,26,0.0,-999,-999
107010,PACHIZA,2016,11,27,5.6,-999,-999
107010,PACHIZA,2016,11,28,8.2,-999,-999
107010,PACHIZA,2016,11,29,0.0,-999,-999
107010,PACHIZA,2016,11,30,0.0,-999,-999
107010,PACHIZA,2016,12,01,0.0,-999,-999
107010,PACHIZA,2016,12,02,0.0,-999,-999
107010,PACHIZA,2016,12,03,0.0,-999,-999
107010,PACHIZA,2016,12,04,2.0,-999,-999
107010,PACHIZA,2016,12,05,0.0,-999,-999
107010,PACHIZA,2016,12,06,6.0,-999,-999
107010,PACHIZA,2016,12,07,0.0,-999,-999
107010,PACHIZA,2016,12,08,0.0,-999,-999
107010,PACHIZA,2016,12,09,0.0,-999,-999
107010,PACHIZA,2016,12,10,10.2,-999,-999
107010,PACHIZA,2016,12,11,0.0,-999,-999
107010,PACHIZA,2016,12,12,0.0,-999,-999
107010,PACHIZA,2016,12,13,0.0,-999,-999
107010,PACHIZA,2016,12,14,0.0,-999,-999
107010,PACHIZA,2016,12,15,0.0,-999,-999
107010,PACHIZA,2016,12,16,0.0,-999,-999
107010,PACHIZA,2016,12,17,0.0,-999,-999
107010,PACHIZA,2016,12,18,9.2,-999,-999
107010,PACHIZA,2016,12,19,0.0,-999,-999
107010,PACHIZA,2016,12,20,0.0,-999,-999
107010,PACHIZA,2016,12,21,0.0,-999,-999
107010,PACHIZA,2016,12,22,0.0,-999,-999
107010,PACHIZA,2016,12,23,0.0,-999,-999
107010,PACHIZA,2016,12,24,0.0,-999,-999
107010,PACHIZA,2016,12,25,0.0,-999,-999
107010,PACHIZA,2016,12,26,10.2,-999,-999
107010,PACHIZA,2016,12,27,0.0,-999,-999
107010,PACHIZA,2016,12,28,13.6,-999,-999
107010,PACHIZA,2016,12,29,0.0,-999,-999
107010,PACHIZA,2016,12,30,12.4,-999,-999
107010,PACHIZA,2016,12,31,0.0,-999,-999
107010,PACHIZA,2017,01,01,0.0,-999,-999
107010,PACHIZA,2017,01,02,12.6,-999,-999
107010,PACHIZA,2017,01,03,4.0,-999,-999
107010,PACHIZA,2017,01,04,8.2,-999,-999
107010,PACHIZA,2017,01,05,39.0,-999,-999
107010,PACHIZA,2017,01,06,16.2,-999,-999
107010,PACHIZA,2017,01,07,0.0,-999,-999
107010,PACHIZA,2017,01,08,0.0,-999,-999
107010,PACHIZA,2017,01,09,9.2,-999,-999
107010,PACHIZA,2017,01,10,0.0,-999,-999
107010,PACHIZA,2017,01,11,0.0,-999,-999
107010,PACHIZA,2017,01,12,0.0,-999,-999
107010,PACHIZA,2017,01,13,0.0,-999,-999
107010,PACHIZA,2017,01,14,0.0,-999,-999
107010,PACHIZA,2017,01,15,9.8,-999,-999
107010,PACHIZA,2017,01,16,0.0,-999,-999
107010,PACHIZA,2017,01,17,0.0,-999,-999
107010,PACHIZA,2017,01,18,0.0,-999,-999
107010,PACHIZA,2017,01,19,32.2,-999,-999
107010,PACHIZA,2017,01,20,0.0,-999,-999
107010,PACHIZA,2017,01,21,12.6,-999,-999
107010,PACHIZA,2017,01,22,0.0,-999,-999
107010,PACHIZA,2017,01,23,8.0,-999,-999
107010,PACHIZA,2017,01,24,18.2,-999,-999
107010,PACHIZA,2017,01,25,20.0,-999,-999
107010,PACHIZA,2017,01,26,0.0,-999,-999
107010,PACHIZA,2017,01,27,30.0,-999,-999
107010,PACHIZA,2017,01,28,9.7,-999,-999
107010,PACHIZA,2017,01,29,0.0,-999,-999
107010,PACHIZA,2017,01,30,0.0,-999,-999
107010,PACHIZA,2017,01,31,0.0,-999,-999
107010,PACHIZA,2017,02,01,0.0,-999,-999
107010,PACHIZA,2017,02,02,0.0,-999,-999
107010,PACHIZA,2017,02,03,0.0,-999,-999
107010,PACHIZA,2017,02,04,0.0,-999,-999
107010,PACHIZA,2017,02,05,2.0,-999,-999
107010,PACHIZA,2017,02,06,0.0,-999,-999
107010,PACHIZA,2017,02,07,0.0,-999,-999
107010,PACHIZA,2017,02,08,0.0,-999,-999
107010,PACHIZA,2017,02,09,0.0,-999,-999
107010,PACHIZA,2017,02,10,0.0,-999,-999
107010,PACHIZA,2017,02,11,0.0,-999,-999
107010,PACHIZA,2017,02,12,5.2,-999,-999
107010,PACHIZA,2017,02,13,0.0,-999,-999
107010,PACHIZA,2017,02,14,15.4,-999,-999
107010,PACHIZA,2017,02,15,0.0,-999,-999
107010,PACHIZA,2017,02,16,0.0,-999,-999
107010,PACHIZA,2017,02,17,0.0,-999,-999
107010,PACHIZA,2017,02,18,0.0,-999,-999
107010,PACHIZA,2017,02,19,0.0,-999,-999
107010,PACHIZA,2017,02,20,18.2,-999,-999
107010,PACHIZA,2017,02,21,40.4,-999,-999
107010,PACHIZA,2017,02,22,30.2,-999,-999
107010,PACHIZA,2017,02,23,10.2,-999,-999
107010,PACHIZA,2017,02,24,65.0,-999,-999
107010,PACHIZA,2017,02,25,0.0,-999,-999
107010,PACHIZA,2017,02,26,50.6,-999,-999
107010,PACHIZA,2017,02,27,0.0,-999,-999
107010,PACHIZA,2017,02,28,0.0,-999,-999
107010,PACHIZA,2017,03,01,0.0,-999,-999
107010,PACHIZA,2017,03,02,6.2,-999,-999
107010,PACHIZA,2017,03,03,0.0,-999,-999
107010,PACHIZA,2017,03,04,12.4,-999,-999
107010,PACHIZA,2017,03,05,0.0,-999,-999
107010,PACHIZA,2017,03,06,0.0,-999,-999
107010,PACHIZA,2017,03,07,0.0,-999,-999
107010,PACHIZA,2017,03,08,9.0,-999,-999
107010,PACHIZA,2017,03,09,0.0,-999,-999
107010,PACHIZA,2017,03,10,4.2,-999,-999
107010,PACHIZA,2017,03,11,12.4,-999,-999
107010,PACHIZA,2017,03,12,0.0,-999,-999
107010,PACHIZA,2017,03,13,0.0,-999,-999
107010,PACHIZA,2017,03,14,9.0,-999,-999
107010,PACHIZA,2017,03,15,0.0,-999,-999
107010,PACHIZA,2017,03,16,0.0,-999,-999
107010,PACHIZA,2017,03,17,18.8,-999,-999
107010,PACHIZA,2017,03,18,0.0,-999,-999
107010,PACHIZA,2017,03,19,0.0,-999,-999
107010,PACHIZA,2017,03,20,0.0,-999,-999
107010,PACHIZA,2017,03,21,0.0,-999,-999
107010,PACHIZA,2017,03,22,0.0,-999,-999
107010,PACHIZA,2017,03,23,0.0,-999,-999
107010,PACHIZA,2017,03,24,14.2,-999,-999
107010,PACHIZA,2017,03,25,0.0,-999,-999
107010,PACHIZA,2017,03,26,40.4,-999,-999
107010,PACHIZA,2017,03,27,2.2,-999,-999
107010,PACHIZA,2017,03,28,0.0,-999,-999
107010,PACHIZA,2017,03,29,0.0,-999,-999
107010,PACHIZA,2017,03,30,12.4,-999,-999
107010,PACHIZA,2017,03,31,0.0,-999,-999
107010,PACHIZA,2017,04,01,0.0,-999,-999
107010,PACHIZA,2017,04,02,0.0,-999,-999
107010,PACHIZA,2017,04,03,0.0,-999,-999
107010,PACHIZA,2017,04,04,0.0,-999,-999
107010,PACHIZA,2017,04,05,0.0,-999,-999
107010,PACHIZA,2017,04,06,0.0,-999,-999
107010,PACHIZA,2017,04,07,0.0,-999,-999
107010,PACHIZA,2017,04,08,0.0,-999,-999
107010,PACHIZA,2017,04,09,0.0,-999,-999
107010,PACHIZA,2017,04,10,0.0,-999,-999
107010,PACHIZA,2017,04,11,30.2,-999,-999
107010,PACHIZA,2017,04,12,14.6,-999,-999
107010,PACHIZA,2017,04,13,0.0,-999,-999
107010,PACHIZA,2017,04,14,10.8,-999,-999
107010,PACHIZA,2017,04,15,0.0,-999,-999
107010,PACHIZA,2017,04,16,0.0,-999,-999
107010,PACHIZA,2017,04,17,24.0,-999,-999
107010,PACHIZA,2017,04,18,12.4,-999,-999
107010,PACHIZA,2017,04,19,0.0,-999,-999
107010,PACHIZA,2017,04,20,0.0,-999,-999
107010,PACHIZA,2017,04,21,1.0,-999,-999
107010,PACHIZA,2017,04,22,0.0,-999,-999
107010,PACHIZA,2017,04,23,0.0,-999,-999
107010,PACHIZA,2017,04,24,0.0,-999,-999
107010,PACHIZA,2017,04,25,0.0,-999,-999
107010,PACHIZA,2017,04,26,0.0,-999,-999
107010,PACHIZA,2017,04,27,0.0,-999,-999
107010,PACHIZA,2017,04,28,30.4,-999,-999
107010,PACHIZA,2017,04,29,0.0,-999,-999
107010,PACHIZA,2017,04,30,0.0,-999,-999
107010,PACHIZA,2017,05,01,0.0,-999,-999
107010,PACHIZA,2017,05,02,8.2,-999,-999
107010,PACHIZA,2017,05,03,0.0,-999,-999
107010,PACHIZA,2017,05,04,0.0,-999,-999
107010,PACHIZA,2017,05,05,0.0,-999,-999
107010,PACHIZA,2017,05,06,18.8,-999,-999
107010,PACHIZA,2017,05,07,0.0,-999,-999
107010,PACHIZA,2017,05,08,0.0,-999,-999
107010,PACHIZA,2017,05,09,0.0,-999,-999
107010,PACHIZA,2017,05,10,36.8,-999,-999
107010,PACHIZA,2017,05,11,10.8,-999,-999
107010,PACHIZA,2017,05,12,10.2,-999,-999
107010,PACHIZA,2017,05,13,0.0,-999,-999
107010,PACHIZA,2017,05,14,0.0,-999,-999
107010,PACHIZA,2017,05,15,0.0,-999,-999
107010,PACHIZA,2017,05,16,0.0,-999,-999
107010,PACHIZA,2017,05,17,0.0,-999,-999
107010,PACHIZA,2017,05,18,0.0,-999,-999
107010,PACHIZA,2017,05,19,0.0,-999,-999
107010,PACHIZA,2017,05,20,0.0,-999,-999
107010,PACHIZA,2017,05,21,0.0,-999,-999
107010,PACHIZA,2017,05,22,0.0,-999,-999
107010,PACHIZA,2017,05,23,0.0,-999,-999
107010,PACHIZA,2017,05,24,18.2,-999,-999
107010,PACHIZA,2017,05,25,5.2,-999,-999
107010,PACHIZA,2017,05,26,12.4,-999,-999
107010,PACHIZA,2017,05,27,12.2,-999,-999
107010,PACHIZA,2017,05,28,9.4,-999,-999
107010,PACHIZA,2017,05,29,0.0,-999,-999
107010,PACHIZA,2017,05,30,0.0,-999,-999
107010,PACHIZA,2017,05,31,0.0,-999,-999
107010,PACHIZA,2017,06,01,0.0,-999,-999
107010,PACHIZA,2017,06,02,10.8,-999,-999
107010,PACHIZA,2017,06,03,1.0,-999,-999
107010,PACHIZA,2017,06,04,0.0,-999,-999
107010,PACHIZA,2017,06,05,0.0,-999,-999
107010,PACHIZA,2017,06,06,4.8,-999,-999
107010,PACHIZA,2017,06,07,0.0,-999,-999
107010,PACHIZA,2017,06,08,2.4,-999,-999
107010,PACHIZA,2017,06,09,16.2,-999,-999
107010,PACHIZA,2017,06,10,21.4,-999,-999
107010,PACHIZA,2017,06,11,8.4,-999,-999
107010,PACHIZA,2017,06,12,12.4,-999,-999
107010,PACHIZA,2017,06,13,22.8,-999,-999
107010,PACHIZA,2017,06,14,16.8,-999,-999
107010,PACHIZA,2017,06,15,0.0,-999,-999
107010,PACHIZA,2017,06,16,0.0,-999,-999
107010,PACHIZA,2017,06,17,0.0,-999,-999
107010,PACHIZA,2017,06,18,0.0,-999,-999
107010,PACHIZA,2017,06,19,0.0,-999,-999
107010,PACHIZA,2017,06,20,9.2,-999,-999
107010,PACHIZA,2017,06,21,6.8,-999,-999
107010,PACHIZA,2017,06,22,0.0,-999,-999
107010,PACHIZA,2017,06,23,0.0,-999,-999
107010,PACHIZA,2017,06,24,0.0,-999,-999
107010,PACHIZA,2017,06,25,0.0,-999,-999
107010,PACHIZA,2017,06,26,0.0,-999,-999
107010,PACHIZA,2017,06,27,0.0,-999,-999
107010,PACHIZA,2017,06,28,0.0,-999,-999
107010,PACHIZA,2017,06,29,4.0,-999,-999
107010,PACHIZA,2017,06,30,0.0,-999,-999
107010,PACHIZA,2017,07,01,16.8,-999,-999
107010,PACHIZA,2017,07,02,0.0,-999,-999
107010,PACHIZA,2017,07,03,0.0,-999,-999
107010,PACHIZA,2017,07,04,0.0,-999,-999
107010,PACHIZA,2017,07,05,0.0,-999,-999
107010,PACHIZA,2017,07,06,0.0,-999,-999
107010,PACHIZA,2017,07,07,0.0,-999,-999
107010,PACHIZA,2017,07,08,0.0,-999,-999
107010,PACHIZA,2017,07,09,0.0,-999,-999
107010,PACHIZA,2017,07,10,0.0,-999,-999
107010,PACHIZA,2017,07,11,0.0,-999,-999
107010,PACHIZA,2017,07,12,10.0,-999,-999
107010,PACHIZA,2017,07,13,0.0,-999,-999
107010,PACHIZA,2017,07,14,0.0,-999,-999
107010,PACHIZA,2017,07,15,0.0,-999,-999
107010,PACHIZA,2017,07,16,0.0,-999,-999
107010,PACHIZA,2017,07,17,11.8,-999,-999
107010,PACHIZA,2017,07,18,9.0,-999,-999
107010,PACHIZA,2017,07,19,0.0,-999,-999
107010,PACHIZA,2017,07,20,0.0,-999,-999
107010,PACHIZA,2017,07,21,0.0,-999,-999
107010,PACHIZA,2017,07,22,0.0,-999,-999
107010,PACHIZA,2017,07,23,0.0,-999,-999
107010,PACHIZA,2017,07,24,0.0,-999,-999
107010,PACHIZA,2017,07,25,0.0,-999,-999
107010,PACHIZA,2017,07,26,0.0,-999,-999
107010,PACHIZA,2017,07,27,0.0,-999,-999
107010,PACHIZA,2017,07,28,0.0,-999,-999
107010,PACHIZA,2017,07,29,0.0,-999,-999
107010,PACHIZA,2017,07,30,3.0,-999,-999
107010,PACHIZA,2017,07,31,0.0,-999,-999
107010,PACHIZA,2017,08,01,0.0,-999,-999
107010,PACHIZA,2017,08,02,0.0,-999,-999
107010,PACHIZA,2017,08,03,0.0,-999,-999
107010,PACHIZA,2017,08,04,0.0,-999,-999
107010,PACHIZA,2017,08,05,0.0,-999,-999
107010,PACHIZA,2017,08,06,0.0,-999,-999
107010,PACHIZA,2017,08,07,0.0,-999,-999
107010,PACHIZA,2017,08,08,0.0,-999,-999
107010,PACHIZA,2017,08,09,0.0,-999,-999
107010,PACHIZA,2017,08,10,4.0,-999,-999
107010,PACHIZA,2017,08,11,0.0,-999,-999
107010,PACHIZA,2017,08,12,0.0,-999,-999
107010,PACHIZA,2017,08,13,0.0,-999,-999
107010,PACHIZA,2017,08,14,0.0,-999,-999
107010,PACHIZA,2017,08,15,0.0,-999,-999
107010,PACHIZA,2017,08,16,0.0,-999,-999
107010,PACHIZA,2017,08,17,0.0,-999,-999
107010,PACHIZA,2017,08,18,0.0,-999,-999
107010,PACHIZA,2017,08,19,0.0,-999,-999
107010,PACHIZA,2017,08,20,70.8,-999,-999
107010,PACHIZA,2017,08,21,38.6,-999,-999
107010,PACHIZA,2017,08,22,0.0,-999,-999
107010,PACHIZA,2017,08,23,0.0,-999,-999
107010,PACHIZA,2017,08,24,0.0,-999,-999
107010,PACHIZA,2017,08,25,0.0,-999,-999
107010,PACHIZA,2017,08,26,0.0,-999,-999
107010,PACHIZA,2017,08,27,4.0,-999,-999
107010,PACHIZA,2017,08,28,0.0,-999,-999
107010,PACHIZA,2017,08,29,0.0,-999,-999
107010,PACHIZA,2017,08,30,0.0,-999,-999
107010,PACHIZA,2017,08,31,0.0,-999,-999
107010,PACHIZA,2017,09,01,0.0,-999,-999
107010,PACHIZA,2017,09,02,0.0,-999,-999
107010,PACHIZA,2017,09,03,26.0,-999,-999
107010,PACHIZA,2017,09,04,0.0,-999,-999
107010,PACHIZA,2017,09,05,0.0,-999,-999
107010,PACHIZA,2017,09,06,0.0,-999,-999
107010,PACHIZA,2017,09,07,0.0,-999,-999
107010,PACHIZA,2017,09,08,10.0,-999,-999
107010,PACHIZA,2017,09,09,0.0,-999,-999
107010,PACHIZA,2017,09,10,0.0,-999,-999
107010,PACHIZA,2017,09,11,0.0,-999,-999
107010,PACHIZA,2017,09,12,0.0,-999,-999
107010,PACHIZA,2017,09,13,0.0,-999,-999
107010,PACHIZA,2017,09,14,0.0,-999,-999
107010,PACHIZA,2017,09,15,8.0,-999,-999
107010,PACHIZA,2017,09,16,10.0,-999,-999
107010,PACHIZA,2017,09,17,20.0,-999,-999
107010,PACHIZA,2017,09,18,0.0,-999,-999
107010,PACHIZA,2017,09,19,0.0,-999,-999
107010,PACHIZA,2017,09,20,0.0,-999,-999
107010,PACHIZA,2017,09,21,0.0,-999,-999
107010,PACHIZA,2017,09,22,0.0,-999,-999
107010,PACHIZA,2017,09,23,0.0,-999,-999
107010,PACHIZA,2017,09,24,0.0,-999,-999
107010,PACHIZA,2017,09,25,0.0,-999,-999
107010,PACHIZA,2017,09,26,0.0,-999,-999
107010,PACHIZA,2017,09,27,59.0,-999,-999
107010,PACHIZA,2017,09,28,0.0,-999,-999
107010,PACHIZA,2017,09,29,12.8,-999,-999
107010,PACHIZA,2017,09,30,0.0,-999,-999
107010,PACHIZA,2017,10,01,0.0,-999,-999
107010,PACHIZA,2017,10,02,0.0,-999,-999
107010,PACHIZA,2017,10,03,38.4,-999,-999
107010,PACHIZA,2017,10,04,10.2,-999,-999
107010,PACHIZA,2017,10,05,0.0,-999,-999
107010,PACHIZA,2017,10,06,0.0,-999,-999
107010,PACHIZA,2017,10,07,0.0,-999,-999
107010,PACHIZA,2017,10,08,0.0,-999,-999
107010,PACHIZA,2017,10,09,0.0,-999,-999
107010,PACHIZA,2017,10,10,0.0,-999,-999
107010,PACHIZA,2017,10,11,0.0,-999,-999
107010,PACHIZA,2017,10,12,0.0,-999,-999
107010,PACHIZA,2017,10,13,0.0,-999,-999
107010,PACHIZA,2017,10,14,0.0,-999,-999
107010,PACHIZA,2017,10,15,33.0,-999,-999
107010,PACHIZA,2017,10,16,0.0,-999,-999
107010,PACHIZA,2017,10,17,0.0,-999,-999
107010,PACHIZA,2017,10,18,0.0,-999,-999
107010,PACHIZA,2017,10,19,0.0,-999,-999
107010,PACHIZA,2017,10,20,0.0,-999,-999
107010,PACHIZA,2017,10,21,0.0,-999,-999
107010,PACHIZA,2017,10,22,4.8,-999,-999
107010,PACHIZA,2017,10,23,0.0,-999,-999
107010,PACHIZA,2017,10,24,0.0,-999,-999
107010,PACHIZA,2017,10,25,21.2,-999,-999
107010,PACHIZA,2017,10,26,0.0,-999,-999
107010,PACHIZA,2017,10,27,0.0,-999,-999
107010,PACHIZA,2017,10,28,2.0,-999,-999
107010,PACHIZA,2017,10,29,0.0,-999,-999
107010,PACHIZA,2017,10,30,0.0,-999,-999
107010,PACHIZA,2017,10,31,0.0,-999,-999
107010,PACHIZA,2017,11,01,40.4,-999,-999
107010,PACHIZA,2017,11,02,17.7,-999,-999
107010,PACHIZA,2017,11,03,0.0,-999,-999
107010,PACHIZA,2017,11,04,55.0,-999,-999
107010,PACHIZA,2017,11,05,0.0,-999,-999
107010,PACHIZA,2017,11,06,8.4,-999,-999
107010,PACHIZA,2017,11,07,0.0,-999,-999
107010,PACHIZA,2017,11,08,0.0,-999,-999
107010,PACHIZA,2017,11,09,5.0,-999,-999
107010,PACHIZA,2017,11,10,0.0,-999,-999
107010,PACHIZA,2017,11,11,0.0,-999,-999
107010,PACHIZA,2017,11,12,150.0,-999,-999
107010,PACHIZA,2017,11,13,0.0,-999,-999
107010,PACHIZA,2017,11,14,0.0,-999,-999
107010,PACHIZA,2017,11,15,0.0,-999,-999
107010,PACHIZA,2017,11,16,0.0,-999,-999
107010,PACHIZA,2017,11,17,34.8,-999,-999
107010,PACHIZA,2017,11,18,0.0,-999,-999
107010,PACHIZA,2017,11,19,0.0,-999,-999
107010,PACHIZA,2017,11,20,15.4,-999,-999
107010,PACHIZA,2017,11,21,0.0,-999,-999
107010,PACHIZA,2017,11,22,0.0,-999,-999
107010,PACHIZA,2017,11,23,0.0,-999,-999
107010,PACHIZA,2017,11,24,3.2,-999,-999
107010,PACHIZA,2017,11,25,0.0,-999,-999
107010,PACHIZA,2017,11,26,0.0,-999,-999
107010,PACHIZA,2017,11,27,0.0,-999,-999
107010,PACHIZA,2017,11,28,14.2,-999,-999
107010,PACHIZA,2017,11,29,0.0,-999,-999
107010,PACHIZA,2017,11,30,0.0,-999,-999
107010,PACHIZA,2017,12,01,10.0,-999,-999
107010,PACHIZA,2017,12,02,0.0,-999,-999
107010,PACHIZA,2017,12,03,0.0,-999,-999
107010,PACHIZA,2017,12,04,0.0,-999,-999
107010,PACHIZA,2017,12,05,4.8,-999,-999
107010,PACHIZA,2017,12,06,2.4,-999,-999
107010,PACHIZA,2017,12,07,0.0,-999,-999
107010,PACHIZA,2017,12,08,0.0,-999,-999
107010,PACHIZA,2017,12,09,0.0,-999,-999
107010,PACHIZA,2017,12,10,30.4,-999,-999
107010,PACHIZA,2017,12,11,0.0,-999,-999
107010,PACHIZA,2017,12,12,0.0,-999,-999
107010,PACHIZA,2017,12,13,0.0,-999,-999
107010,PACHIZA,2017,12,14,0.0,-999,-999
107010,PACHIZA,2017,12,15,0.0,-999,-999
107010,PACHIZA,2017,12,16,0.0,-999,-999
107010,PACHIZA,2017,12,17,0.0,-999,-999
107010,PACHIZA,2017,12,18,0.0,-999,-999
107010,PACHIZA,2017,12,19,0.0,-999,-999
107010,PACHIZA,2017,12,20,4.8,-999,-999
107010,PACHIZA,2017,12,21,0.0,-999,-999
107010,PACHIZA,2017,12,22,0.0,-999,-999
107010,PACHIZA,2017,12,23,0.0,-999,-999
107010,PACHIZA,2017,12,24,0.0,-999,-999
107010,PACHIZA,2017,12,25,0.0,-999,-999
107010,PACHIZA,2017,12,26,3.2,-999,-999
107010,PACHIZA,2017,12,27,16.8,-999,-999
107010,PACHIZA,2017,12,28,0.0,-999,-999
107010,PACHIZA,2017,12,29,0.0,-999,-999
107010,PACHIZA,2017,12,30,10.2,-999,-999
107010,PACHIZA,2017,12,31,0.0,-999,-999
107010,PACHIZA,2018,01,01,-999,-999,-999
107010,PACHIZA,2018,01,02,-999,-999,-999
107010,PACHIZA,2018,01,03,-999,-999,-999
107010,PACHIZA,2018,01,04,-999,-999,-999
107010,PACHIZA,2018,01,05,-999,-999,-999
107010,PACHIZA,2018,01,06,-999,-999,-999
107010,PACHIZA,2018,01,07,-999,-999,-999
107010,PACHIZA,2018,01,08,-999,-999,-999
107010,PACHIZA,2018,01,09,-999,-999,-999
107010,PACHIZA,2018,01,10,-999,-999,-999
107010,PACHIZA,2018,01,11,-999,-999,-999
107010,PACHIZA,2018,01,12,-999,-999,-999
107010,PACHIZA,2018,01,13,-999,-999,-999
107010,PACHIZA,2018,01,14,-999,-999,-999
107010,PACHIZA,2018,01,15,-999,-999,-999
107010,PACHIZA,2018,01,16,-999,-999,-999
107010,PACHIZA,2018,01,17,-999,-999,-999
107010,PACHIZA,2018,01,18,-999,-999,-999
107010,PACHIZA,2018,01,19,-999,-999,-999
107010,PACHIZA,2018,01,20,-999,-999,-999
107010,PACHIZA,2018,01,21,-999,-999,-999
107010,PACHIZA,2018,01,22,-999,-999,-999
107010,PACHIZA,2018,01,23,-999,-999,-999
107010,PACHIZA,2018,01,24,-999,-999,-999
107010,PACHIZA,2018,01,25,-999,-999,-999
107010,PACHIZA,2018,01,26,-999,-999,-999
107010,PACHIZA,2018,01,27,-999,-999,-999
107010,PACHIZA,2018,01,28,-999,-999,-999
107010,PACHIZA,2018,01,29,-999,-999,-999
107010,PACHIZA,2018,01,30,-999,-999,-999
107010,PACHIZA,2018,01,31,-999,-999,-999
107010,PACHIZA,2018,02,01,-999,-999,-999
107010,PACHIZA,2018,02,02,-999,-999,-999
107010,PACHIZA,2018,02,03,-999,-999,-999
107010,PACHIZA,2018,02,04,-999,-999,-999
107010,PACHIZA,2018,02,05,-999,-999,-999
107010,PACHIZA,2018,02,06,-999,-999,-999
107010,PACHIZA,2018,02,07,-999,-999,-999
107010,PACHIZA,2018,02,08,-999,-999,-999
107010,PACHIZA,2018,02,09,-999,-999,-999
107010,PACHIZA,2018,02,10,-999,-999,-999
107010,PACHIZA,2018,02,11,-999,-999,-999
107010,PACHIZA,2018,02,12,-999,-999,-999
107010,PACHIZA,2018,02,13,-999,-999,-999
107010,PACHIZA,2018,02,14,-999,-999,-999
107010,PACHIZA,2018,02,15,-999,-999,-999
107010,PACHIZA,2018,02,16,-999,-999,-999
107010,PACHIZA,2018,02,17,-999,-999,-999
107010,PACHIZA,2018,02,18,-999,-999,-999
107010,PACHIZA,2018,02,19,-999,-999,-999
107010,PACHIZA,2018,02,20,-999,-999,-999
107010,PACHIZA,2018,02,21,-999,-999,-999
107010,PACHIZA,2018,02,22,-999,-999,-999
107010,PACHIZA,2018,02,23,-999,-999,-999
107010,PACHIZA,2018,02,24,-999,-999,-999
107010,PACHIZA,2018,02,25,-999,-999,-999
107010,PACHIZA,2018,02,26,-999,-999,-999
107010,PACHIZA,2018,02,27,-999,-999,-999
107010,PACHIZA,2018,02,28,-999,-999,-999
107010,PACHIZA,2018,03,01,-999,-999,-999
107010,PACHIZA,2018,03,02,-999,-999,-999
107010,PACHIZA,2018,03,03,-999,-999,-999
107010,PACHIZA,2018,03,04,-999,-999,-999
107010,PACHIZA,2018,03,05,-999,-999,-999
107010,PACHIZA,2018,03,06,-999,-999,-999
107010,PACHIZA,2018,03,07,-999,-999,-999
107010,PACHIZA,2018,03,08,-999,-999,-999
107010,PACHIZA,2018,03,09,-999,-999,-999
107010,PACHIZA,2018,03,10,-999,-999,-999
107010,PACHIZA,2018,03,11,-999,-999,-999
107010,PACHIZA,2018,03,12,-999,-999,-999
107010,PACHIZA,2018,03,13,-999,-999,-999
107010,PACHIZA,2018,03,14,-999,-999,-999
107010,PACHIZA,2018,03,15,-999,-999,-999
107010,PACHIZA,2018,03,16,-999,-999,-999
107010,PACHIZA,2018,03,17,-999,-999,-999
107010,PACHIZA,2018,03,18,-999,-999,-999
107010,PACHIZA,2018,03,19,-999,-999,-999
107010,PACHIZA,2018,03,20,-999,-999,-999
107010,PACHIZA,2018,03,21,-999,-999,-999
107010,PACHIZA,2018,03,22,-999,-999,-999
107010,PACHIZA,2018,03,23,-999,-999,-999
107010,PACHIZA,2018,03,24,-999,-999,-999
107010,PACHIZA,2018,03,25,-999,-999,-999
107010,PACHIZA,2018,03,26,-999,-999,-999
107010,PACHIZA,2018,03,27,-999,-999,-999
107010,PACHIZA,2018,03,28,-999,-999,-999
107010,PACHIZA,2018,03,29,-999,-999,-999
107010,PACHIZA,2018,03,30,-999,-999,-999
107010,PACHIZA,2018,03,31,-999,-999,-999
107010,PACHIZA,2018,04,01,-999,-999,-999
107010,PACHIZA,2018,04,02,-999,-999,-999
107010,PACHIZA,2018,04,03,-999,-999,-999
107010,PACHIZA,2018,04,04,-999,-999,-999
107010,PACHIZA,2018,04,05,-999,-999,-999
107010,PACHIZA,2018,04,06,-999,-999,-999
107010,PACHIZA,2018,04,07,-999,-999,-999
107010,PACHIZA,2018,04,08,-999,-999,-999
107010,PACHIZA,2018,04,09,-999,-999,-999
107010,PACHIZA,2018,04,10,-999,-999,-999
107010,PACHIZA,2018,04,11,-999,-999,-999
107010,PACHIZA,2018,04,12,-999,-999,-999
107010,PACHIZA,2018,04,13,-999,-999,-999
107010,PACHIZA,2018,04,14,-999,-999,-999
107010,PACHIZA,2018,04,15,-999,-999,-999
107010,PACHIZA,2018,04,16,-999,-999,-999
107010,PACHIZA,2018,04,17,-999,-999,-999
107010,PACHIZA,2018,04,18,-999,-999,-999
107010,PACHIZA,2018,04,19,-999,-999,-999
107010,PACHIZA,2018,04,20,-999,-999,-999
107010,PACHIZA,2018,04,21,-999,-999,-999
107010,PACHIZA,2018,04,22,-999,-999,-999
107010,PACHIZA,2018,04,23,-999,-999,-999
107010,PACHIZA,2018,04,24,-999,-999,-999
107010,PACHIZA,2018,04,25,-999,-999,-999
107010,PACHIZA,2018,04,26,-999,-999,-999
107010,PACHIZA,2018,04,27,-999,-999,-999
107010,PACHIZA,2018,04,28,-999,-999,-999
107010,PACHIZA,2018,04,29,-999,-999,-999
107010,PACHIZA,2018,04,30,-999,-999,-999
107010,PACHIZA,2018,05,01,-999,-999,-999
107010,PACHIZA,2018,05,02,-999,-999,-999
107010,PACHIZA,2018,05,03,-999,-999,-999
107010,PACHIZA,2018,05,04,-999,-999,-999
107010,PACHIZA,2018,05,05,-999,-999,-999
107010,PACHIZA,2018,05,06,-999,-999,-999
107010,PACHIZA,2018,05,07,-999,-999,-999
107010,PACHIZA,2018,05,08,-999,-999,-999
107010,PACHIZA,2018,05,09,-999,-999,-999
107010,PACHIZA,2018,05,10,-999,-999,-999
107010,PACHIZA,2018,05,11,-999,-999,-999
107010,PACHIZA,2018,05,12,-999,-999,-999
107010,PACHIZA,2018,05,13,-999,-999,-999
107010,PACHIZA,2018,05,14,-999,-999,-999
107010,PACHIZA,2018,05,15,-999,-999,-999
107010,PACHIZA,2018,05,16,-999,-999,-999
107010,PACHIZA,2018,05,17,-999,-999,-999
107010,PACHIZA,2018,05,18,-999,-999,-999
107010,PACHIZA,2018,05,19,-999,-999,-999
107010,PACHIZA,2018,05,20,-999,-999,-999
107010,PACHIZA,2018,05,21,-999,-999,-999
107010,PACHIZA,2018,05,22,-999,-999,-999
107010,PACHIZA,2018,05,23,-999,-999,-999
107010,PACHIZA,2018,05,24,-999,-999,-999
107010,PACHIZA,2018,05,25,-999,-999,-999
107010,PACHIZA,2018,05,26,-999,-999,-999
107010,PACHIZA,2018,05,27,-999,-999,-999
107010,PACHIZA,2018,05,28,-999,-999,-999
107010,PACHIZA,2018,05,29,-999,-999,-999
107010,PACHIZA,2018,05,30,-999,-999,-999
107010,PACHIZA,2018,05,31,-999,-999,-999
107010,PACHIZA,2018,06,01,-999,-999,-999
107010,PACHIZA,2018,06,02,-999,-999,-999
107010,PACHIZA,2018,06,03,-999,-999,-999
107010,PACHIZA,2018,06,04,-999,-999,-999
107010,PACHIZA,2018,06,05,-999,-999,-999
107010,PACHIZA,2018,06,06,-999,-999,-999
107010,PACHIZA,2018,06,07,-999,-999,-999
107010,PACHIZA,2018,06,08,-999,-999,-999
107010,PACHIZA,2018,06,09,-999,-999,-999
107010,PACHIZA,2018,06,10,-999,-999,-999
107010,PACHIZA,2018,06,11,-999,-999,-999
107010,PACHIZA,2018,06,12,-999,-999,-999
107010,PACHIZA,2018,06,13,-999,-999,-999
107010,PACHIZA,2018,06,14,-999,-999,-999
107010,PACHIZA,2018,06,15,-999,-999,-999
107010,PACHIZA,2018,06,16,-999,-999,-999
107010,PACHIZA,2018,06,17,-999,-999,-999
107010,PACHIZA,2018,06,18,-999,-999,-999
107010,PACHIZA,2018,06,19,-999,-999,-999
107010,PACHIZA,2018,06,20,-999,-999,-999
107010,PACHIZA,2018,06,21,-999,-999,-999
107010,PACHIZA,2018,06,22,-999,-999,-999
107010,PACHIZA,2018,06,23,-999,-999,-999
107010,PACHIZA,2018,06,24,-999,-999,-999
107010,PACHIZA,2018,06,25,-999,-999,-999
107010,PACHIZA,2018,06,26,-999,-999,-999
107010,PACHIZA,2018,06,27,-999,-999,-999
107010,PACHIZA,2018,06,28,-999,-999,-999
107010,PACHIZA,2018,06,29,-999,-999,-999
107010,PACHIZA,2018,06,30,-999,-999,-999
107010,PACHIZA,2018,07,01,-999,-999,-999
107010,PACHIZA,2018,07,02,-999,-999,-999
107010,PACHIZA,2018,07,03,-999,-999,-999
107010,PACHIZA,2018,07,04,-999,-999,-999
107010,PACHIZA,2018,07,05,-999,-999,-999
107010,PACHIZA,2018,07,06,-999,-999,-999
107010,PACHIZA,2018,07,07,-999,-999,-999
107010,PACHIZA,2018,07,08,-999,-999,-999
107010,PACHIZA,2018,07,09,-999,-999,-999
107010,PACHIZA,2018,07,10,-999,-999,-999
107010,PACHIZA,2018,07,11,-999,-999,-999
107010,PACHIZA,2018,07,12,-999,-999,-999
107010,PACHIZA,2018,07,13,-999,-999,-999
107010,PACHIZA,2018,07,14,-999,-999,-999
107010,PACHIZA,2018,07,15,-999,-999,-999
107010,PACHIZA,2018,07,16,-999,-999,-999
107010,PACHIZA,2018,07,17,-999,-999,-999
107010,PACHIZA,2018,07,18,-999,-999,-999
107010,PACHIZA,2018,07,19,-999,-999,-999
107010,PACHIZA,2018,07,20,-999,-999,-999
107010,PACHIZA,2018,07,21,-999,-999,-999
107010,PACHIZA,2018,07,22,-999,-999,-999
107010,PACHIZA,2018,07,23,-999,-999,-999
107010,PACHIZA,2018,07,24,-999,-999,-999
107010,PACHIZA,2018,07,25,-999,-999,-999
107010,PACHIZA,2018,07,26,-999,-999,-999
107010,PACHIZA,2018,07,27,-999,-999,-999
107010,PACHIZA,2018,07,28,-999,-999,-999
107010,PACHIZA,2018,07,29,-999,-999,-999
107010,PACHIZA,2018,07,30,-999,-999,-999
107010,PACHIZA,2018,07,31,-999,-999,-999
107010,PACHIZA,2018,08,01,-999,-999,-999
107010,PACHIZA,2018,08,02,-999,-999,-999
107010,PACHIZA,2018,08,03,-999,-999,-999
107010,PACHIZA,2018,08,04,-999,-999,-999
107010,PACHIZA,2018,08,05,-999,-999,-999
107010,PACHIZA,2018,08,06,-999,-999,-999
107010,PACHIZA,2018,08,07,-999,-999,-999
107010,PACHIZA,2018,08,08,-999,-999,-999
107010,PACHIZA,2018,08,09,-999,-999,-999
107010,PACHIZA,2018,08,10,-999,-999,-999
107010,PACHIZA,2018,08,11,-999,-999,-999
107010,PACHIZA,2018,08,12,-999,-999,-999
107010,PACHIZA,2018,08,13,-999,-999,-999
107010,PACHIZA,2018,08,14,-999,-999,-999
107010,PACHIZA,2018,08,15,-999,-999,-999
107010,PACHIZA,2018,08,16,-999,-999,-999
107010,PACHIZA,2018,08,17,-999,-999,-999
107010,PACHIZA,2018,08,18,-999,-999,-999
107010,PACHIZA,2018,08,19,-999,-999,-999
107010,PACHIZA,2018,08,20,-999,-999,-999
107010,PACHIZA,2018,08,21,-999,-999,-999
107010,PACHIZA,2018,08,22,-999,-999,-999
107010,PACHIZA,2018,08,23,-999,-999,-999
107010,PACHIZA,2018,08,24,-999,-999,-999
107010,PACHIZA,2018,08,25,-999,-999,-999
107010,PACHIZA,2018,08,26,-999,-999,-999
107010,PACHIZA,2018,08,27,-999,-999,-999
107010,PACHIZA,2018,08,28,-999,-999,-999
107010,PACHIZA,2018,08,29,-999,-999,-999
107010,PACHIZA,2018,08,30,-999,-999,-999
107010,PACHIZA,2018,08,31,-999,-999,-999
107010,PACHIZA,2018,09,01,-999,-999,-999
107010,PACHIZA,2018,09,02,-999,-999,-999
107010,PACHIZA,2018,09,03,-999,-999,-999
107010,PACHIZA,2018,09,04,-999,-999,-999
107010,PACHIZA,2018,09,05,-999,-999,-999
107010,PACHIZA,2018,09,06,-999,-999,-999
107010,PACHIZA,2018,09,07,-999,-999,-999
107010,PACHIZA,2018,09,08,-999,-999,-999
107010,PACHIZA,2018,09,09,-999,-999,-999
107010,PACHIZA,2018,09,10,-999,-999,-999
107010,PACHIZA,2018,09,11,-999,-999,-999
107010,PACHIZA,2018,09,12,-999,-999,-999
107010,PACHIZA,2018,09,13,-999,-999,-999
107010,PACHIZA,2018,09,14,-999,-999,-999
107010,PACHIZA,2018,09,15,-999,-999,-999
107010,PACHIZA,2018,09,16,-999,-999,-999
107010,PACHIZA,2018,09,17,-999,-999,-999
107010,PACHIZA,2018,09,18,-999,-999,-999
107010,PACHIZA,2018,09,19,-999,-999,-999
107010,PACHIZA,2018,09,20,-999,-999,-999
107010,PACHIZA,2018,09,21,-999,-999,-999
107010,PACHIZA,2018,09,22,-999,-999,-999
107010,PACHIZA,2018,09,23,-999,-999,-999
107010,PACHIZA,2018,09,24,-999,-999,-999
107010,PACHIZA,2018,09,25,-999,-999,-999
107010,PACHIZA,2018,09,26,-999,-999,-999
107010,PACHIZA,2018,09,27,-999,-999,-999
107010,PACHIZA,2018,09,28,-999,-999,-999
107010,PACHIZA,2018,09,29,-999,-999,-999
107010,PACHIZA,2018,09,30,-999,-999,-999
107010,PACHIZA,2018,10,01,-999,-999,-999
107010,PACHIZA,2018,10,02,-999,-999,-999
107010,PACHIZA,2018,10,03,-999,-999,-999
107010,PACHIZA,2018,10,04,-999,-999,-999
107010,PACHIZA,2018,10,05,-999,-999,-999
107010,PACHIZA,2018,10,06,-999,-999,-999
107010,PACHIZA,2018,10,07,-999,-999,-999
107010,PACHIZA,2018,10,08,-999,-999,-999
107010,PACHIZA,2018,10,09,-999,-999,-999
107010,PACHIZA,2018,10,10,-999,-999,-999
107010,PACHIZA,2018,10,11,-999,-999,-999
107010,PACHIZA,2018,10,12,-999,-999,-999
107010,PACHIZA,2018,10,13,-999,-999,-999
107010,PACHIZA,2018,10,14,-999,-999,-999
107010,PACHIZA,2018,10,15,-999,-999,-999
107010,PACHIZA,2018,10,16,-999,-999,-999
107010,PACHIZA,2018,10,17,-999,-999,-999
107010,PACHIZA,2018,10,18,-999,-999,-999
107010,PACHIZA,2018,10,19,-999,-999,-999
107010,PACHIZA,2018,10,20,-999,-999,-999
107010,PACHIZA,2018,10,21,-999,-999,-999
107010,PACHIZA,2018,10,22,-999,-999,-999
107010,PACHIZA,2018,10,23,-999,-999,-999
107010,PACHIZA,2018,10,24,-999,-999,-999
107010,PACHIZA,2018,10,25,-999,-999,-999
107010,PACHIZA,2018,10,26,-999,-999,-999
107010,PACHIZA,2018,10,27,-999,-999,-999
107010,PACHIZA,2018,10,28,-999,-999,-999
107010,PACHIZA,2018,10,29,-999,-999,-999
107010,PACHIZA,2018,10,30,-999,-999,-999
107010,PACHIZA,2018,10,31,-999,-999,-999
107010,PACHIZA,2018,11,01,-999,-999,-999
107010,PACHIZA,2018,11,02,-999,-999,-999
107010,PACHIZA,2018,11,03,-999,-999,-999
107010,PACHIZA,2018,11,04,-999,-999,-999
107010,PACHIZA,2018,11,05,-999,-999,-999
107010,PACHIZA,2018,11,06,-999,-999,-999
107010,PACHIZA,2018,11,07,-999,-999,-999
107010,PACHIZA,2018,11,08,-999,-999,-999
107010,PACHIZA,2018,11,09,-999,-999,-999
107010,PACHIZA,2018,11,10,-999,-999,-999
107010,PACHIZA,2018,11,11,-999,-999,-999
107010,PACHIZA,2018,11,12,-999,-999,-999
107010,PACHIZA,2018,11,13,-999,-999,-999
107010,PACHIZA,2018,11,14,-999,-999,-999
107010,PACHIZA,2018,11,15,-999,-999,-999
107010,PACHIZA,2018,11,16,-999,-999,-999
107010,PACHIZA,2018,11,17,-999,-999,-999
107010,PACHIZA,2018,11,18,-999,-999,-999
107010,PACHIZA,2018,11,19,-999,-999,-999
107010,PACHIZA,2018,11,20,-999,-999,-999
107010,PACHIZA,2018,11,21,-999,-999,-999
107010,PACHIZA,2018,11,22,-999,-999,-999
107010,PACHIZA,2018,11,23,-999,-999,-999
107010,PACHIZA,2018,11,24,-999,-999,-999
107010,PACHIZA,2018,11,25,-999,-999,-999
107010,PACHIZA,2018,11,26,-999,-999,-999
107010,PACHIZA,2018,11,27,-999,-999,-999
107010,PACHIZA,2018,11,28,-999,-999,-999
107010,PACHIZA,2018,11,29,-999,-999,-999
107010,PACHIZA,2018,11,30,-999,-999,-999
107010,PACHIZA,2018,12,01,-999,-999,-999
107010,PACHIZA,2018,12,02,-999,-999,-999
107010,PACHIZA,2018,12,03,-999,-999,-999
107010,PACHIZA,2018,12,04,-999,-999,-999
107010,PACHIZA,2018,12,05,-999,-999,-999
107010,PACHIZA,2018,12,06,-999,-999,-999
107010,PACHIZA,2018,12,07,-999,-999,-999
107010,PACHIZA,2018,12,08,-999,-999,-999
107010,PACHIZA,2018,12,09,-999,-999,-999
107010,PACHIZA,2018,12,10,-999,-999,-999
107010,PACHIZA,2018,12,11,-999,-999,-999
107010,PACHIZA,2018,12,12,-999,-999,-999
107010,PACHIZA,2018,12,13,-999,-999,-999
107010,PACHIZA,2018,12,14,-999,-999,-999
107010,PACHIZA,2018,12,15,-999,-999,-999
107010,PACHIZA,2018,12,16,-999,-999,-999
107010,PACHIZA,2018,12,17,-999,-999,-999
107010,PACHIZA,2018,12,18,-999,-999,-999
107010,PACHIZA,2018,12,19,-999,-999,-999
107010,PACHIZA,2018,12,20,-999,-999,-999
107010,PACHIZA,2018,12,21,-999,-999,-999
107010,PACHIZA,2018,12,22,-999,-999,-999
107010,PACHIZA,2018,12,23,-999,-999,-999
107010,PACHIZA,2018,12,24,-999,-999,-999
107010,PACHIZA,2018,12,25,-999,-999,-999
107010,PACHIZA,2018,12,26,-999,-999,-999
107010,PACHIZA,2018,12,27,-999,-999,-999
107010,PACHIZA,2018,12,28,-999,-999,-999
107010,PACHIZA,2018,12,29,-999,-999,-999
107010,PACHIZA,2018,12,30,-999,-999,-999
107010,PACHIZA,2018,12,31,-999,-999,-999
107010,PACHIZA,2019,01,01,-999,-999,-999
107010,PACHIZA,2019,01,02,-999,-999,-999
107010,PACHIZA,2019,01,03,-999,-999,-999
107010,PACHIZA,2019,01,04,-999,-999,-999
107010,PACHIZA,2019,01,05,-999,-999,-999
107010,PACHIZA,2019,01,06,-999,-999,-999
107010,PACHIZA,2019,01,07,-999,-999,-999
107010,PACHIZA,2019,01,08,-999,-999,-999
107010,PACHIZA,2019,01,09,-999,-999,-999
107010,PACHIZA,2019,01,10,-999,-999,-999
107010,PACHIZA,2019,01,11,-999,-999,-999
107010,PACHIZA,2019,01,12,-999,-999,-999
107010,PACHIZA,2019,01,13,-999,-999,-999
107010,PACHIZA,2019,01,14,-999,-999,-999
107010,PACHIZA,2019,01,15,-999,-999,-999
107010,PACHIZA,2019,01,16,-999,-999,-999
107010,PACHIZA,2019,01,17,-999,-999,-999
107010,PACHIZA,2019,01,18,-999,-999,-999
107010,PACHIZA,2019,01,19,-999,-999,-999
107010,PACHIZA,2019,01,20,-999,-999,-999
107010,PACHIZA,2019,01,21,-999,-999,-999
107010,PACHIZA,2019,01,22,-999,-999,-999
107010,PACHIZA,2019,01,23,-999,-999,-999
107010,PACHIZA,2019,01,24,-999,-999,-999
107010,PACHIZA,2019,01,25,-999,-999,-999
107010,PACHIZA,2019,01,26,-999,-999,-999
107010,PACHIZA,2019,01,27,-999,-999,-999
107010,PACHIZA,2019,01,28,-999,-999,-999
107010,PACHIZA,2019,01,29,-999,-999,-999
107010,PACHIZA,2019,01,30,-999,-999,-999
107010,PACHIZA,2019,01,31,-999,-999,-999
107010,PACHIZA,2019,02,01,-999,-999,-999
107010,PACHIZA,2019,02,02,-999,-999,-999
107010,PACHIZA,2019,02,03,-999,-999,-999
107010,PACHIZA,2019,02,04,-999,-999,-999
107010,PACHIZA,2019,02,05,-999,-999,-999
107010,PACHIZA,2019,02,06,-999,-999,-999
107010,PACHIZA,2019,02,07,-999,-999,-999
107010,PACHIZA,2019,02,08,-999,-999,-999
107010,PACHIZA,2019,02,09,-999,-999,-999
107010,PACHIZA,2019,02,10,-999,-999,-999
107010,PACHIZA,2019,02,11,-999,-999,-999
107010,PACHIZA,2019,02,12,-999,-999,-999
107010,PACHIZA,2019,02,13,-999,-999,-999
107010,PACHIZA,2019,02,14,-999,-999,-999
107010,PACHIZA,2019,02,15,-999,-999,-999
107010,PACHIZA,2019,02,16,-999,-999,-999
107010,PACHIZA,2019,02,17,-999,-999,-999
107010,PACHIZA,2019,02,18,-999,-999,-999
107010,PACHIZA,2019,02,19,-999,-999,-999
107010,PACHIZA,2019,02,20,-999,-999,-999
107010,PACHIZA,2019,02,21,-999,-999,-999
107010,PACHIZA,2019,02,22,-999,-999,-999
107010,PACHIZA,2019,02,23,-999,-999,-999
107010,PACHIZA,2019,02,24,-999,-999,-999
107010,PACHIZA,2019,02,25,-999,-999,-999
107010,PACHIZA,2019,02,26,-999,-999,-999
107010,PACHIZA,2019,02,27,-999,-999,-999
107010,PACHIZA,2019,02,28,-999,-999,-999
107010,PACHIZA,2019,03,01,-999,-999,-999
107010,PACHIZA,2019,03,02,-999,-999,-999
107010,PACHIZA,2019,03,03,-999,-999,-999
107010,PACHIZA,2019,03,04,-999,-999,-999
107010,PACHIZA,2019,03,05,-999,-999,-999
107010,PACHIZA,2019,03,06,-999,-999,-999
107010,PACHIZA,2019,03,07,-999,-999,-999
107010,PACHIZA,2019,03,08,-999,-999,-999
107010,PACHIZA,2019,03,09,-999,-999,-999
107010,PACHIZA,2019,03,10,-999,-999,-999
107010,PACHIZA,2019,03,11,-999,-999,-999
107010,PACHIZA,2019,03,12,-999,-999,-999
107010,PACHIZA,2019,03,13,-999,-999,-999
107010,PACHIZA,2019,03,14,-999,-999,-999
107010,PACHIZA,2019,03,15,-999,-999,-999
107010,PACHIZA,2019,03,16,-999,-999,-999
107010,PACHIZA,2019,03,17,-999,-999,-999
107010,PACHIZA,2019,03,18,-999,-999,-999
107010,PACHIZA,2019,03,19,-999,-999,-999
107010,PACHIZA,2019,03,20,-999,-999,-999
107010,PACHIZA,2019,03,21,-999,-999,-999
107010,PACHIZA,2019,03,22,-999,-999,-999
107010,PACHIZA,2019,03,23,-999,-999,-999
107010,PACHIZA,2019,03,24,-999,-999,-999
107010,PACHIZA,2019,03,25,-999,-999,-999
107010,PACHIZA,2019,03,26,-999,-999,-999
107010,PACHIZA,2019,03,27,-999,-999,-999
107010,PACHIZA,2019,03,28,-999,-999,-999
107010,PACHIZA,2019,03,29,-999,-999,-999
107010,PACHIZA,2019,03,30,-999,-999,-999
107010,PACHIZA,2019,03,31,-999,-999,-999
107010,PACHIZA,2019,04,01,-999,-999,-999
107010,PACHIZA,2019,04,02,-999,-999,-999
107010,PACHIZA,2019,04,03,-999,-999,-999
107010,PACHIZA,2019,04,04,-999,-999,-999
107010,PACHIZA,2019,04,05,-999,-999,-999
107010,PACHIZA,2019,04,06,-999,-999,-999
107010,PACHIZA,2019,04,07,-999,-999,-999
107010,PACHIZA,2019,04,08,-999,-999,-999
107010,PACHIZA,2019,04,09,-999,-999,-999
107010,PACHIZA,2019,04,10,-999,-999,-999
107010,PACHIZA,2019,04,11,-999,-999,-999
107010,PACHIZA,2019,04,12,-999,-999,-999
107010,PACHIZA,2019,04,13,-999,-999,-999
107010,PACHIZA,2019,04,14,-999,-999,-999
107010,PACHIZA,2019,04,15,-999,-999,-999
107010,PACHIZA,2019,04,16,-999,-999,-999
107010,PACHIZA,2019,04,17,-999,-999,-999
107010,PACHIZA,2019,04,18,-999,-999,-999
107010,PACHIZA,2019,04,19,-999,-999,-999
107010,PACHIZA,2019,04,20,-999,-999,-999
107010,PACHIZA,2019,04,21,-999,-999,-999
107010,PACHIZA,2019,04,22,-999,-999,-999
107010,PACHIZA,2019,04,23,-999,-999,-999
107010,PACHIZA,2019,04,24,-999,-999,-999
107010,PACHIZA,2019,04,25,-999,-999,-999
107010,PACHIZA,2019,04,26,-999,-999,-999
107010,PACHIZA,2019,04,27,-999,-999,-999
107010,PACHIZA,2019,04,28,-999,-999,-999
107010,PACHIZA,2019,04,29,-999,-999,-999
107010,PACHIZA,2019,04,30,-999,-999,-999
107010,PACHIZA,2019,05,01,-999,-999,-999
107010,PACHIZA,2019,05,02,-999,-999,-999
107010,PACHIZA,2019,05,03,-999,-999,-999
107010,PACHIZA,2019,05,04,-999,-999,-999
107010,PACHIZA,2019,05,05,-999,-999,-999
107010,PACHIZA,2019,05,06,-999,-999,-999
107010,PACHIZA,2019,05,07,-999,-999,-999
107010,PACHIZA,2019,05,08,-999,-999,-999
107010,PACHIZA,2019,05,09,-999,-999,-999
107010,PACHIZA,2019,05,10,-999,-999,-999
107010,PACHIZA,2019,05,11,-999,-999,-999
107010,PACHIZA,2019,05,12,-999,-999,-999
107010,PACHIZA,2019,05,13,-999,-999,-999
107010,PACHIZA,2019,05,14,-999,-999,-999
107010,PACHIZA,2019,05,15,-999,-999,-999
107010,PACHIZA,2019,05,16,-999,-999,-999
107010,PACHIZA,2019,05,17,-999,-999,-999
107010,PACHIZA,2019,05,18,-999,-999,-999
107010,PACHIZA,2019,05,19,-999,-999,-999
107010,PACHIZA,2019,05,20,-999,-999,-999
107010,PACHIZA,2019,05,21,-999,-999,-999
107010,PACHIZA,2019,05,22,-999,-999,-999
107010,PACHIZA,2019,05,23,-999,-999,-999
107010,PACHIZA,2019,05,24,-999,-999,-999
107010,PACHIZA,2019,05,25,-999,-999,-999
107010,PACHIZA,2019,05,26,-999,-999,-999
107010,PACHIZA,2019,05,27,-999,-999,-999
107010,PACHIZA,2019,05,28,-999,-999,-999
107010,PACHIZA,2019,05,29,-999,-999,-999
107010,PACHIZA,2019,05,30,-999,-999,-999
107010,PACHIZA,2019,05,31,-999,-999,-999
107010,PACHIZA,2019,06,01,-999,-999,-999
107010,PACHIZA,2019,06,02,-999,-999,-999
107010,PACHIZA,2019,06,03,-999,-999,-999
107010,PACHIZA,2019,06,04,-999,-999,-999
107010,PACHIZA,2019,06,05,-999,-999,-999
107010,PACHIZA,2019,06,06,-999,-999,-999
107010,PACHIZA,2019,06,07,-999,-999,-999
107010,PACHIZA,2019,06,08,-999,-999,-999
107010,PACHIZA,2019,06,09,-999,-999,-999
107010,PACHIZA,2019,06,10,-999,-999,-999
107010,PACHIZA,2019,06,11,-999,-999,-999
107010,PACHIZA,2019,06,12,-999,-999,-999
107010,PACHIZA,2019,06,13,-999,-999,-999
107010,PACHIZA,2019,06,14,-999,-999,-999
107010,PACHIZA,2019,06,15,-999,-999,-999
107010,PACHIZA,2019,06,16,-999,-999,-999
107010,PACHIZA,2019,06,17,-999,-999,-999
107010,PACHIZA,2019,06,18,-999,-999,-999
107010,PACHIZA,2019,06,19,-999,-999,-999
107010,PACHIZA,2019,06,20,-999,-999,-999
107010,PACHIZA,2019,06,21,-999,-999,-999
107010,PACHIZA,2019,06,22,-999,-999,-999
107010,PACHIZA,2019,06,23,-999,-999,-999
107010,PACHIZA,2019,06,24,-999,-999,-999
107010,PACHIZA,2019,06,25,-999,-999,-999
107010,PACHIZA,2019,06,26,-999,-999,-999
107010,PACHIZA,2019,06,27,-999,-999,-999
107010,PACHIZA,2019,06,28,-999,-999,-999
107010,PACHIZA,2019,06,29,-999,-999,-999
107010,PACHIZA,2019,06,30,-999,-999,-999
107010,PACHIZA,2019,07,01,-999,-999,-999
107010,PACHIZA,2019,07,02,-999,-999,-999
107010,PACHIZA,2019,07,03,-999,-999,-999
107010,PACHIZA,2019,07,04,-999,-999,-999
107010,PACHIZA,2019,07,05,-999,-999,-999
107010,PACHIZA,2019,07,06,-999,-999,-999
107010,PACHIZA,2019,07,07,-999,-999,-999
107010,PACHIZA,2019,07,08,-999,-999,-999
107010,PACHIZA,2019,07,09,-999,-999,-999
107010,PACHIZA,2019,07,10,-999,-999,-999
107010,PACHIZA,2019,07,11,-999,-999,-999
107010,PACHIZA,2019,07,12,-999,-999,-999
107010,PACHIZA,2019,07,13,-999,-999,-999
107010,PACHIZA,2019,07,14,-999,-999,-999
107010,PACHIZA,2019,07,15,-999,-999,-999
107010,PACHIZA,2019,07,16,-999,-999,-999
107010,PACHIZA,2019,07,17,-999,-999,-999
107010,PACHIZA,2019,07,18,-999,-999,-999
107010,PACHIZA,2019,07,19,-999,-999,-999
107010,PACHIZA,2019,07,20,-999,-999,-999
107010,PACHIZA,2019,07,21,-999,-999,-999
107010,PACHIZA,2019,07,22,-999,-999,-999
107010,PACHIZA,2019,07,23,-999,-999,-999
107010,PACHIZA,2019,07,24,-999,-999,-999
107010,PACHIZA,2019,07,25,-999,-999,-999
107010,PACHIZA,2019,07,26,-999,-999,-999
107010,PACHIZA,2019,07,27,-999,-999,-999
107010,PACHIZA,2019,07,28,-999,-999,-999
107010,PACHIZA,2019,07,29,-999,-999,-999
107010,PACHIZA,2019,07,30,-999,-999,-999
107010,PACHIZA,2019,07,31,-999,-999,-999
107010,PACHIZA,2019,08,01,-999,-999,-999
107010,PACHIZA,2019,08,02,-999,-999,-999
107010,PACHIZA,2019,08,03,-999,-999,-999
107010,PACHIZA,2019,08,04,-999,-999,-999
107010,PACHIZA,2019,08,05,-999,-999,-999
107010,PACHIZA,2019,08,06,-999,-999,-999
107010,PACHIZA,2019,08,07,-999,-999,-999
107010,PACHIZA,2019,08,08,-999,-999,-999
107010,PACHIZA,2019,08,09,-999,-999,-999
107010,PACHIZA,2019,08,10,-999,-999,-999
107010,PACHIZA,2019,08,11,-999,-999,-999
107010,PACHIZA,2019,08,12,-999,-999,-999
107010,PACHIZA,2019,08,13,-999,-999,-999
107010,PACHIZA,2019,08,14,-999,-999,-999
107010,PACHIZA,2019,08,15,-999,-999,-999
107010,PACHIZA,2019,08,16,-999,-999,-999
107010,PACHIZA,2019,08,17,-999,-999,-999
107010,PACHIZA,2019,08,18,-999,-999,-999
107010,PACHIZA,2019,08,19,-999,-999,-999
107010,PACHIZA,2019,08,20,-999,-999,-999
107010,PACHIZA,2019,08,21,-999,-999,-999
107010,PACHIZA,2019,08,22,-999,-999,-999
107010,PACHIZA,2019,08,23,-999,-999,-999
107010,PACHIZA,2019,08,24,-999,-999,-999
107010,PACHIZA,2019,08,25,-999,-999,-999
107010,PACHIZA,2019,08,26,-999,-999,-999
107010,PACHIZA,2019,08,27,-999,-999,-999
107010,PACHIZA,2019,08,28,-999,-999,-999
107010,PACHIZA,2019,08,29,-999,-999,-999
107010,PACHIZA,2019,08,30,-999,-999,-999
107010,PACHIZA,2019,08,31,-999,-999,-999
107010,PACHIZA,2019,09,01,-999,-999,-999
107010,PACHIZA,2019,09,02,-999,-999,-999
107010,PACHIZA,2019,09,03,-999,-999,-999
107010,PACHIZA,2019,09,04,-999,-999,-999
107010,PACHIZA,2019,09,05,-999,-999,-999
107010,PACHIZA,2019,09,06,-999,-999,-999
107010,PACHIZA,2019,09,07,-999,-999,-999
107010,PACHIZA,2019,09,08,-999,-999,-999
107010,PACHIZA,2019,09,09,-999,-999,-999
107010,PACHIZA,2019,09,10,-999,-999,-999
107010,PACHIZA,2019,09,11,-999,-999,-999
107010,PACHIZA,2019,09,12,-999,-999,-999
107010,PACHIZA,2019,09,13,-999,-999,-999
107010,PACHIZA,2019,09,14,-999,-999,-999
107010,PACHIZA,2019,09,15,-999,-999,-999
107010,PACHIZA,2019,09,16,-999,-999,-999
107010,PACHIZA,2019,09,17,-999,-999,-999
107010,PACHIZA,2019,09,18,-999,-999,-999
107010,PACHIZA,2019,09,19,-999,-999,-999
107010,PACHIZA,2019,09,20,-999,-999,-999
107010,PACHIZA,2019,09,21,-999,-999,-999
107010,PACHIZA,2019,09,22,-999,-999,-999
107010,PACHIZA,2019,09,23,-999,-999,-999
107010,PACHIZA,2019,09,24,-999,-999,-999
107010,PACHIZA,2019,09,25,-999,-999,-999
107010,PACHIZA,2019,09,26,-999,-999,-999
107010,PACHIZA,2019,09,27,-999,-999,-999
107010,PACHIZA,2019,09,28,-999,-999,-999
107010,PACHIZA,2019,09,29,-999,-999,-999
107010,PACHIZA,2019,09,30,-999,-999,-999
107010,PACHIZA,2019,10,01,-999,-999,-999
107010,PACHIZA,2019,10,02,-999,-999,-999
107010,PACHIZA,2019,10,03,-999,-999,-999
107010,PACHIZA,2019,10,04,-999,-999,-999
107010,PACHIZA,2019,10,05,-999,-999,-999
107010,PACHIZA,2019,10,06,-999,-999,-999
107010,PACHIZA,2019,10,07,-999,-999,-999
107010,PACHIZA,2019,10,08,-999,-999,-999
107010,PACHIZA,2019,10,09,-999,-999,-999
107010,PACHIZA,2019,10,10,-999,-999,-999
107010,PACHIZA,2019,10,11,-999,-999,-999
107010,PACHIZA,2019,10,12,-999,-999,-999
107010,PACHIZA,2019,10,13,-999,-999,-999
107010,PACHIZA,2019,10,14,-999,-999,-999
107010,PACHIZA,2019,10,15,-999,-999,-999
107010,PACHIZA,2019,10,16,-999,-999,-999
107010,PACHIZA,2019,10,17,-999,-999,-999
107010,PACHIZA,2019,10,18,-999,-999,-999
107010,PACHIZA,2019,10,19,-999,-999,-999
107010,PACHIZA,2019,10,20,-999,-999,-999
107010,PACHIZA,2019,10,21,-999,-999,-999
107010,PACHIZA,2019,10,22,-999,-999,-999
107010,PACHIZA,2019,10,23,-999,-999,-999
107010,PACHIZA,2019,10,24,-999,-999,-999
107010,PACHIZA,2019,10,25,-999,-999,-999
107010,PACHIZA,2019,10,26,-999,-999,-999
107010,PACHIZA,2019,10,27,-999,-999,-999
107010,PACHIZA,2019,10,28,-999,-999,-999
107010,PACHIZA,2019,10,29,-999,-999,-999
107010,PACHIZA,2019,10,30,-999,-999,-999
107010,PACHIZA,2019,10,31,-999,-999,-999
107010,PACHIZA,2019,11,01,-999,-999,-999
107010,PACHIZA,2019,11,02,-999,-999,-999
107010,PACHIZA,2019,11,03,-999,-999,-999
107010,PACHIZA,2019,11,04,-999,-999,-999
107010,PACHIZA,2019,11,05,-999,-999,-999
107010,PACHIZA,2019,11,06,-999,-999,-999
107010,PACHIZA,2019,11,07,-999,-999,-999
107010,PACHIZA,2019,11,08,-999,-999,-999
107010,PACHIZA,2019,11,09,-999,-999,-999
107010,PACHIZA,2019,11,10,-999,-999,-999
107010,PACHIZA,2019,11,11,-999,-999,-999
107010,PACHIZA,2019,11,12,-999,-999,-999
107010,PACHIZA,2019,11,13,-999,-999,-999
107010,PACHIZA,2019,11,14,-999,-999,-999
107010,PACHIZA,2019,11,15,-999,-999,-999
107010,PACHIZA,2019,11,16,-999,-999,-999
107010,PACHIZA,2019,11,17,-999,-999,-999
107010,PACHIZA,2019,11,18,-999,-999,-999
107010,PACHIZA,2019,11,19,-999,-999,-999
107010,PACHIZA,2019,11,20,-999,-999,-999
107010,PACHIZA,2019,11,21,-999,-999,-999
107010,PACHIZA,2019,11,22,-999,-999,-999
107010,PACHIZA,2019,11,23,-999,-999,-999
107010,PACHIZA,2019,11,24,-999,-999,-999
107010,PACHIZA,2019,11,25,-999,-999,-999
107010,PACHIZA,2019,11,26,-999,-999,-999
107010,PACHIZA,2019,11,27,-999,-999,-999
107010,PACHIZA,2019,11,28,-999,-999,-999
107010,PACHIZA,2019,11,29,-999,-999,-999
107010,PACHIZA,2019,11,30,-999,-999,-999
107010,PACHIZA,2019,12,01,-999,-999,-999
107010,PACHIZA,2019,12,02,-999,-999,-999
107010,PACHIZA,2019,12,03,-999,-999,-999
107010,PACHIZA,2019,12,04,-999,-999,-999
107010,PACHIZA,2019,12,05,-999,-999,-999
107010,PACHIZA,2019,12,06,-999,-999,-999
107010,PACHIZA,2019,12,07,-999,-999,-999
107010,PACHIZA,2019,12,08,-999,-999,-999
107010,PACHIZA,2019,12,09,-999,-999,-999
107010,PACHIZA,2019,12,10,-999,-999,-999
107010,PACHIZA,2019,12,11,-999,-999,-999
107010,PACHIZA,2019,12,12,-999,-999,-999
107010,PACHIZA,2019,12,13,-999,-999,-999
107010,PACHIZA,2019,12,14,-999,-999,-999
107010,PACHIZA,2019,12,15,-999,-999,-999
107010,PACHIZA,2019,12,16,-999,-999,-999
107010,PACHIZA,2019,12,17,-999,-999,-999
107010,PACHIZA,2019,12,18,-999,-999,-999
107010,PACHIZA,2019,12,19,-999,-999,-999
107010,PACHIZA,2019,12,20,-999,-999,-999
107010,PACHIZA,2019,12,21,-999,-999,-999
107010,PACHIZA,2019,12,22,-999,-999,-999
107010,PACHIZA,2019,12,23,-999,-999,-999
107010,PACHIZA,2019,12,24,-999,-999,-999
107010,PACHIZA,2019,12,25,-999,-999,-999
107010,PACHIZA,2019,12,26,-999,-999,-999
107010,PACHIZA,2019,12,27,-999,-999,-999
107010,PACHIZA,2019,12,28,-999,-999,-999
107010,PACHIZA,2019,12,29,-999,-999,-999
107010,PACHIZA,2019,12,30,-999,-999,-999
107010,PACHIZA,2019,12,31,-999,-999,-999
107010,PACHIZA,2020,01,01,-999,-999,-999
107010,PACHIZA,2020,01,02,-999,-999,-999
107010,PACHIZA,2020,01,03,-999,-999,-999
107010,PACHIZA,2020,01,04,-999,-999,-999
107010,PACHIZA,2020,01,05,-999,-999,-999
107010,PACHIZA,2020,01,06,-999,-999,-999
107010,PACHIZA,2020,01,07,-999,-999,-999
107010,PACHIZA,2020,01,08,-999,-999,-999
107010,PACHIZA,2020,01,09,-999,-999,-999
107010,PACHIZA,2020,01,10,-999,-999,-999
107010,PACHIZA,2020,01,11,-999,-999,-999
107010,PACHIZA,2020,01,12,-999,-999,-999
107010,PACHIZA,2020,01,13,-999,-999,-999
107010,PACHIZA,2020,01,14,-999,-999,-999
107010,PACHIZA,2020,01,15,-999,-999,-999
107010,PACHIZA,2020,01,16,-999,-999,-999
107010,PACHIZA,2020,01,17,-999,-999,-999
107010,PACHIZA,2020,01,18,-999,-999,-999
107010,PACHIZA,2020,01,19,-999,-999,-999
107010,PACHIZA,2020,01,20,-999,-999,-999
107010,PACHIZA,2020,01,21,-999,-999,-999
107010,PACHIZA,2020,01,22,-999,-999,-999
107010,PACHIZA,2020,01,23,-999,-999,-999
107010,PACHIZA,2020,01,24,-999,-999,-999
107010,PACHIZA,2020,01,25,-999,-999,-999
107010,PACHIZA,2020,01,26,-999,-999,-999
107010,PACHIZA,2020,01,27,-999,-999,-999
107010,PACHIZA,2020,01,28,-999,-999,-999
107010,PACHIZA,2020,01,29,-999,-999,-999
107010,PACHIZA,2020,01,30,-999,-999,-999
107010,PACHIZA,2020,01,31,-999,-999,-999
107010,PACHIZA,2020,02,01,-999,-999,-999
107010,PACHIZA,2020,02,02,-999,-999,-999
107010,PACHIZA,2020,02,03,-999,-999,-999
107010,PACHIZA,2020,02,04,-999,-999,-999
107010,PACHIZA,2020,02,05,-999,-999,-999
107010,PACHIZA,2020,02,06,-999,-999,-999
107010,PACHIZA,2020,02,07,-999,-999,-999
107010,PACHIZA,2020,02,08,-999,-999,-999
107010,PACHIZA,2020,02,09,-999,-999,-999
107010,PACHIZA,2020,02,10,-999,-999,-999
107010,PACHIZA,2020,02,11,-999,-999,-999
107010,PACHIZA,2020,02,12,-999,-999,-999
107010,PACHIZA,2020,02,13,-999,-999,-999
107010,PACHIZA,2020,02,14,-999,-999,-999
107010,PACHIZA,2020,02,15,-999,-999,-999
107010,PACHIZA,2020,02,16,-999,-999,-999
107010,PACHIZA,2020,02,17,-999,-999,-999
107010,PACHIZA,2020,02,18,-999,-999,-999
107010,PACHIZA,2020,02,19,-999,-999,-999
107010,PACHIZA,2020,02,20,-999,-999,-999
107010,PACHIZA,2020,02,21,-999,-999,-999
107010,PACHIZA,2020,02,22,-999,-999,-999
107010,PACHIZA,2020,02,23,-999,-999,-999
107010,PACHIZA,2020,02,24,-999,-999,-999
107010,PACHIZA,2020,02,25,-999,-999,-999
107010,PACHIZA,2020,02,26,-999,-999,-999
107010,PACHIZA,2020,02,27,-999,-999,-999
107010,PACHIZA,2020,02,28,-999,-999,-999
107010,PACHIZA,2020,02,29,-999,-999,-999
107010,PACHIZA,2020,03,01,-999,-999,-999
107010,PACHIZA,2020,03,02,-999,-999,-999
107010,PACHIZA,2020,03,03,-999,-999,-999
107010,PACHIZA,2020,03,04,-999,-999,-999
107010,PACHIZA,2020,03,05,-999,-999,-999
107010,PACHIZA,2020,03,06,-999,-999,-999
107010,PACHIZA,2020,03,07,-999,-999,-999
107010,PACHIZA,2020,03,08,-999,-999,-999
107010,PACHIZA,2020,03,09,-999,-999,-999
107010,PACHIZA,2020,03,10,-999,-999,-999
107010,PACHIZA,2020,03,11,-999,-999,-999
107010,PACHIZA,2020,03,12,-999,-999,-999
107010,PACHIZA,2020,03,13,-999,-999,-999
107010,PACHIZA,2020,03,14,-999,-999,-999
107010,PACHIZA,2020,03,15,-999,-999,-999
107010,PACHIZA,2020,03,16,-999,-999,-999
107010,PACHIZA,2020,03,17,-999,-999,-999
107010,PACHIZA,2020,03,18,-999,-999,-999
107010,PACHIZA,2020,03,19,-999,-999,-999
107010,PACHIZA,2020,03,20,-999,-999,-999
107010,PACHIZA,2020,03,21,-999,-999,-999
107010,PACHIZA,2020,03,22,-999,-999,-999
107010,PACHIZA,2020,03,23,-999,-999,-999
107010,PACHIZA,2020,03,24,-999,-999,-999
107010,PACHIZA,2020,03,25,-999,-999,-999
107010,PACHIZA,2020,03,26,-999,-999,-999
107010,PACHIZA,2020,03,27,-999,-999,-999
107010,PACHIZA,2020,03,28,-999,-999,-999
107010,PACHIZA,2020,03,29,-999,-999,-999
107010,PACHIZA,2020,03,30,-999,-999,-999
107010,PACHIZA,2020,03,31,-999,-999,-999
107010,PACHIZA,2022,07,01,-999,-999,-999
107010,PACHIZA,2022,07,02,-999,-999,-999
107010,PACHIZA,2022,07,03,-999,-999,-999
107010,PACHIZA,2022,07,04,-999,-999,-999
107010,PACHIZA,2022,07,05,-999,-999,-999
107010,PACHIZA,2022,07,06,-999,-999,-999
107010,PACHIZA,2022,07,07,-999,-999,-999
107010,PACHIZA,2022,07,08,-999,-999,-999
107010,PACHIZA,2022,07,09,-999,-999,-999
107010,PACHIZA,2022,07,10,-999,-999,-999
107010,PACHIZA,2022,07,11,-999,-999,-999
107010,PACHIZA,2022,07,12,-999,-999,-999
107010,PACHIZA,2022,07,13,-999,-999,-999
107010,PACHIZA,2022,07,14,-999,-999,-999
107010,PACHIZA,2022,07,15,-999,-999,-999
107010,PACHIZA,2022,07,16,-999,-999,-999
107010,PACHIZA,2022,07,17,-999,-999,-999
107010,PACHIZA,2022,07,18,-999,-999,-999
107010,PACHIZA,2022,07,19,-999,-999,-999
107010,PACHIZA,2022,07,20,-999,-999,-999
107010,PACHIZA,2022,07,21,-999,-999,-999
107010,PACHIZA,2022,07,22,-999,-999,-999
107010,PACHIZA,2022,07,23,-999,-999,-999
107010,PACHIZA,2022,07,24,-999,-999,-999
107010,PACHIZA,2022,07,25,-999,-999,-999
107010,PACHIZA,2022,07,26,-999,-999,-999
107010,PACHIZA,2022,07,27,-999,-999,-999
107010,PACHIZA,2022,07,28,-999,-999,-999
107010,PACHIZA,2022,07,29,-999,-999,-999
107010,PACHIZA,2022,07,30,-999,-999,-999
107010,PACHIZA,2022,07,31,-999,-999,-999
107010,PACHIZA,2022,08,01,-999,-999,-999
107010,PACHIZA,2022,08,02,-999,-999,-999
107010,PACHIZA,2022,08,03,-999,-999,-999
107010,PACHIZA,2022,08,04,-999,-999,-999
107010,PACHIZA,2022,08,05,-999,-999,-999
107010,PACHIZA,2022,08,06,-999,-999,-999
107010,PACHIZA,2022,08,07,-999,-999,-999
107010,PACHIZA,2022,08,08,-999,-999,-999
107010,PACHIZA,2022,08,09,-999,-999,-999
107010,PACHIZA,2022,08,10,-999,-999,-999
107010,PACHIZA,2022,08,11,-999,-999,-999
107010,PACHIZA,2022,08,12,-999,-999,-999
107010,PACHIZA,2022,08,13,-999,-999,-999
107010,PACHIZA,2022,08,14,-999,-999,-999
107010,PACHIZA,2022,08,15,-999,-999,-999
107010,PACHIZA,2022,08,16,-999,-999,-999
107010,PACHIZA,2022,08,17,-999,-999,-999
107010,PACHIZA,2022,08,18,-999,-999,-999
107010,PACHIZA,2022,08,19,-999,-999,-999
107010,PACHIZA,2022,08,20,-999,-999,-999
107010,PACHIZA,2022,08,21,-999,-999,-999
107010,PACHIZA,2022,08,22,-999,-999,-999
107010,PACHIZA,2022,08,23,-999,-999,-999
107010,PACHIZA,2022,08,24,-999,-999,-999
107010,PACHIZA,2022,08,25,-999,-999,-999
107010,PACHIZA,2022,08,26,-999,-999,-999
107010,PACHIZA,2022,08,27,-999,-999,-999
107010,PACHIZA,2022,08,28,-999,-999,-999
107010,PACHIZA,2022,08,29,-999,-999,-999
107010,PACHIZA,2022,08,30,-999,-999,-999
107010,PACHIZA,2022,08,31,-999,-999,-999
107010,PACHIZA,2022,09,01,-999,-999,-999
107010,PACHIZA,2022,09,02,-999,-999,-999
107010,PACHIZA,2022,09,03,-999,-999,-999
107010,PACHIZA,2022,09,04,-999,-999,-999
107010,PACHIZA,2022,09,05,-999,-999,-999
107010,PACHIZA,2022,09,06,-999,-999,-999
107010,PACHIZA,2022,09,07,-999,-999,-999
107010,PACHIZA,2022,09,08,-999,-999,-999
107010,PACHIZA,2022,09,09,-999,-999,-999
107010,PACHIZA,2022,09,10,-999,-999,-999
107010,PACHIZA,2022,09,11,-999,-999,-999
107010,PACHIZA,2022,09,12,-999,-999,-999
107010,PACHIZA,2022,09,13,-999,-999,-999
107010,PACHIZA,2022,09,14,-999,-999,-999
107010,PACHIZA,2022,09,15,-999,-999,-999
107010,PACHIZA,2022,09,16,-999,-999,-999
107010,PACHIZA,2022,09,17,-999,-999,-999
107010,PACHIZA,2022,09,18,-999,-999,-999
107010,PACHIZA,2022,09,19,-999,-999,-999
107010,PACHIZA,2022,09,20,-999,-999,-999
107010,PACHIZA,2022,09,21,-999,-999,-999
107010,PACHIZA,2022,09,22,-999,-999,-999
107010,PACHIZA,2022,09,23,-999,-999,-999
107010,PACHIZA,2022,09,24,-999,-999,-999
107010,PACHIZA,2022,09,25,-999,-999,-999
107010,PACHIZA,2022,09,26,-999,-999,-999
107010,PACHIZA,2022,09,27,-999,-999,-999
107010,PACHIZA,2022,09,28,-999,-999,-999
107010,PACHIZA,2022,09,29,-999,-999,-999
107010,PACHIZA,2022,09,30,-999,-999,-999
107010,PACHIZA,2022,10,01,-999,-999,-999
107010,PACHIZA,2022,10,02,-999,-999,-999
107010,PACHIZA,2022,10,03,-999,-999,-999
107010,PACHIZA,2022,10,04,-999,-999,-999
107010,PACHIZA,2022,10,05,-999,-999,-999
107010,PACHIZA,2022,10,06,-999,-999,-999
107010,PACHIZA,2022,10,07,-999,-999,-999
107010,PACHIZA,2022,10,08,-999,-999,-999
107010,PACHIZA,2022,10,09,-999,-999,-999
107010,PACHIZA,2022,10,10,-999,-999,-999
107010,PACHIZA,2022,10,11,-999,-999,-999
107010,PACHIZA,2022,10,12,-999,-999,-999
107010,PACHIZA,2022,10,13,-999,-999,-999
107010,PACHIZA,2022,10,14,-999,-999,-999
107010,PACHIZA,2022,10,15,-999,-999,-999
107010,PACHIZA,2022,10,16,-999,-999,-999
107010,PACHIZA,2022,10,17,-999,-999,-999
107010,PACHIZA,2022,10,18,-999,-999,-999
107010,PACHIZA,2022,10,19,-999,-999,-999
107010,PACHIZA,2022,10,20,-999,-999,-999
107010,PACHIZA,2022,10,21,-999,-999,-999
107010,PACHIZA,2022,10,22,-999,-999,-999
107010,PACHIZA,2022,10,23,-999,-999,-999
107010,PACHIZA,2022,10,24,-999,-999,-999
107010,PACHIZA,2022,10,25,-999,-999,-999
107010,PACHIZA,2022,10,26,-999,-999,-999
107010,PACHIZA,2022,10,27,-999,-999,-999
107010,PACHIZA,2022,10,28,-999,-999,-999
107010,PACHIZA,2022,10,29,-999,-999,-999
107010,PACHIZA,2022,10,30,-999,-999,-999
107010,PACHIZA,2022,10,31,-999,-999,-999
107010,PACHIZA,2022,11,01,-999,-999,-999
107010,PACHIZA,2022,11,02,-999,-999,-999
107010,PACHIZA,2022,11,03,-999,-999,-999
107010,PACHIZA,2022,11,04,-999,-999,-999
107010,PACHIZA,2022,11,05,-999,-999,-999
107010,PACHIZA,2022,11,06,-999,-999,-999
107010,PACHIZA,2022,11,07,-999,-999,-999
107010,PACHIZA,2022,11,08,-999,-999,-999
107010,PACHIZA,2022,11,09,-999,-999,-999
107010,PACHIZA,2022,11,10,-999,-999,-999
107010,PACHIZA,2022,11,11,-999,-999,-999
107010,PACHIZA,2022,11,12,-999,-999,-999
107010,PACHIZA,2022,11,13,-999,-999,-999
107010,PACHIZA,2022,11,14,-999,-999,-999
107010,PACHIZA,2022,11,15,-999,-999,-999
107010,PACHIZA,2022,11,16,-999,-999,-999
107010,PACHIZA,2022,11,17,-999,-999,-999
107010,PACHIZA,2022,11,18,-999,-999,-999
107010,PACHIZA,2022,11,19,-999,-999,-999
107010,PACHIZA,2022,11,20,-999,-999,-999
107010,PACHIZA,2022,11,21,-999,-999,-999
107010,PACHIZA,2022,11,22,-999,-999,-999
107010,PACHIZA,2022,11,23,-999,-999,-999
107010,PACHIZA,2022,11,24,-999,-999,-999
107010,PACHIZA,2022,11,25,-999,-999,-999
107010,PACHIZA,2022,11,26,-999,-999,-999
107010,PACHIZA,2022,11,27,-999,-999,-999
107010,PACHIZA,2022,11,28,-999,-999,-999
107010,PACHIZA,2022,11,29,-999,-999,-999
107010,PACHIZA,2022,11,30,-999,-999,-999
107010,PACHIZA,2022,12,01,-999,-999,-999
107010,PACHIZA,2022,12,02,-999,-999,-999
107010,PACHIZA,2022,12,03,-999,-999,-999
107010,PACHIZA,2022,12,04,-999,-999,-999
107010,PACHIZA,2022,12,05,-999,-999,-999
107010,PACHIZA,2022,12,06,-999,-999,-999
107010,PACHIZA,2022,12,07,-999,-999,-999
107010,PACHIZA,2022,12,08,-999,-999,-999
107010,PACHIZA,2022,12,09,-999,-999,-999
107010,PACHIZA,2022,12,10,-999,-999,-999
107010,PACHIZA,2022,12,11,-999,-999,-999
107010,PACHIZA,2022,12,12,-999,-999,-999
107010,PACHIZA,2022,12,13,-999,-999,-999
107010,PACHIZA,2022,12,14,-999,-999,-999
107010,PACHIZA,2022,12,15,-999,-999,-999
107010,PACHIZA,2022,12,16,-999,-999,-999
107010,PACHIZA,2022,12,17,-999,-999,-999
107010,PACHIZA,2022,12,18,-999,-999,-999
107010,PACHIZA,2022,12,19,-999,-999,-999
107010,PACHIZA,2022,12,20,-999,-999,-999
107010,PACHIZA,2022,12,21,-999,-999,-999
107010,PACHIZA,2022,12,22,-999,-999,-999
107010,PACHIZA,2022,12,23,-999,-999,-999
107010,PACHIZA,2022,12,24,-999,-999,-999
107010,PACHIZA,2022,12,25,-999,-999,-999
107010,PACHIZA,2022,12,26,-999,-999,-999
107010,PACHIZA,2022,12,27,-999,-999,-999
107010,PACHIZA,2022,12,28,-999,-999,-999
107010,PACHIZA,2022,12,29,-999,-999,-999
107010,PACHIZA,2022,12,30,-999,-999,-999
107010,PACHIZA,2022,12,31,-999,-999,-999
107010,PACHIZA,2023,01,01,-999,-999,-999
107010,PACHIZA,2023,01,02,-999,-999,-999
107010,PACHIZA,2023,01,03,-999,-999,-999
107010,PACHIZA,2023,01,04,-999,-999,-999
107010,PACHIZA,2023,01,05,-999,-999,-999
107010,PACHIZA,2023,01,06,-999,-999,-999
107010,PACHIZA,2023,01,07,-999,-999,-999
107010,PACHIZA,2023,01,08,-999,-999,-999
107010,PACHIZA,2023,01,09,-999,-999,-999
107010,PACHIZA,2023,01,10,-999,-999,-999
107010,PACHIZA,2023,01,11,-999,-999,-999
107010,PACHIZA,2023,01,12,-999,-999,-999
107010,PACHIZA,2023,01,13,-999,-999,-999
107010,PACHIZA,2023,01,14,-999,-999,-999
107010,PACHIZA,2023,01,15,-999,-999,-999
107010,PACHIZA,2023,01,16,-999,-999,-999
107010,PACHIZA,2023,01,17,-999,-999,-999
107010,PACHIZA,2023,01,18,-999,-999,-999
107010,PACHIZA,2023,01,19,-999,-999,-999
107010,PACHIZA,2023,01,20,-999,-999,-999
107010,PACHIZA,2023,01,21,-999,-999,-999
107010,PACHIZA,2023,01,22,-999,-999,-999
107010,PACHIZA,2023,01,23,-999,-999,-999
107010,PACHIZA,2023,01,24,-999,-999,-999
107010,PACHIZA,2023,01,25,-999,-999,-999
107010,PACHIZA,2023,01,26,-999,-999,-999
107010,PACHIZA,2023,01,27,-999,-999,-999
107010,PACHIZA,2023,01,28,-999,-999,-999
107010,PACHIZA,2023,01,29,-999,-999,-999
107010,PACHIZA,2023,01,30,-999,-999,-999
107010,PACHIZA,2023,01,31,-999,-999,-999
107010,PACHIZA,2023,02,01,-999,-999,-999
107010,PACHIZA,2023,02,02,-999,-999,-999
107010,PACHIZA,2023,02,03,-999,-999,-999
107010,PACHIZA,2023,02,04,-999,-999,-999
107010,PACHIZA,2023,02,05,-999,-999,-999
107010,PACHIZA,2023,02,06,-999,-999,-999
107010,PACHIZA,2023,02,07,-999,-999,-999
107010,PACHIZA,2023,02,08,-999,-999,-999
107010,PACHIZA,2023,02,09,-999,-999,-999
107010,PACHIZA,2023,02,10,-999,-999,-999
107010,PACHIZA,2023,02,11,-999,-999,-999
107010,PACHIZA,2023,02,12,-999,-999,-999
107010,PACHIZA,2023,02,13,-999,-999,-999
107010,PACHIZA,2023,02,14,-999,-999,-999
107010,PACHIZA,2023,02,15,-999,-999,-999
107010,PACHIZA,2023,02,16,-999,-999,-999
107010,PACHIZA,2023,02,17,-999,-999,-999
107010,PACHIZA,2023,02,18,-999,-999,-999
107010,PACHIZA,2023,02,19,-999,-999,-999
107010,PACHIZA,2023,02,20,-999,-999,-999
107010,PACHIZA,2023,02,21,-999,-999,-999
107010,PACHIZA,2023,02,22,-999,-999,-999
107010,PACHIZA,2023,02,23,-999,-999,-999
107010,PACHIZA,2023,02,24,-999,-999,-999
107010,PACHIZA,2023,02,25,-999,-999,-999
107010,PACHIZA,2023,02,26,-999,-999,-999
107010,PACHIZA,2023,02,27,-999,-999,-999
107010,PACHIZA,2023,02,28,-999,-999,-999
107010,PACHIZA,2023,03,01,-999,-999,-999
107010,PACHIZA,2023,03,02,-999,-999,-999
107010,PACHIZA,2023,03,03,-999,-999,-999
107010,PACHIZA,2023,03,04,-999,-999,-999
107010,PACHIZA,2023,03,05,-999,-999,-999
107010,PACHIZA,2023,03,06,-999,-999,-999
107010,PACHIZA,2023,03,07,-999,-999,-999
107010,PACHIZA,2023,03,08,-999,-999,-999
107010,PACHIZA,2023,03,09,-999,-999,-999
107010,PACHIZA,2023,03,10,-999,-999,-999
107010,PACHIZA,2023,03,11,-999,-999,-999
107010,PACHIZA,2023,03,12,-999,-999,-999
107010,PACHIZA,2023,03,13,-999,-999,-999
107010,PACHIZA,2023,03,14,-999,-999,-999
107010,PACHIZA,2023,03,15,-999,-999,-999
107010,PACHIZA,2023,03,16,-999,-999,-999
107010,PACHIZA,2023,03,17,-999,-999,-999
107010,PACHIZA,2023,03,18,-999,-999,-999
107010,PACHIZA,2023,03,19,-999,-999,-999
107010,PACHIZA,2023,03,20,-999,-999,-999
107010,PACHIZA,2023,03,21,-999,-999,-999
107010,PACHIZA,2023,03,22,-999,-999,-999
107010,PACHIZA,2023,03,23,-999,-999,-999
107010,PACHIZA,2023,03,24,-999,-999,-999
107010,PACHIZA,2023,03,25,-999,-999,-999
107010,PACHIZA,2023,03,26,-999,-999,-999
107010,PACHIZA,2023,03,27,-999,-999,-999
107010,PACHIZA,2023,03,28,-999,-999,-999
107010,PACHIZA,2023,03,29,-999,-999,-999
107010,PACHIZA,2023,03,30,-999,-999,-999
107010,PACHIZA,2023,03,31,-999,-999,-999
107010,PACHIZA,2023,04,01,-999,-999,-999
107010,PACHIZA,2023,04,02,-999,-999,-999
107010,PACHIZA,2023,04,03,-999,-999,-999
107010,PACHIZA,2023,04,04,-999,-999,-999
107010,PACHIZA,2023,04,05,-999,-999,-999
107010,PACHIZA,2023,04,06,-999,-999,-999
107010,PACHIZA,2023,04,07,-999,-999,-999
107010,PACHIZA,2023,04,08,-999,-999,-999
107010,PACHIZA,2023,04,09,-999,-999,-999
107010,PACHIZA,2023,04,10,-999,-999,-999
107010,PACHIZA,2023,04,11,-999,-999,-999
107010,PACHIZA,2023,04,12,-999,-999,-999
107010,PACHIZA,2023,04,13,-999,-999,-999
107010,PACHIZA,2023,04,14,-999,-999,-999
107010,PACHIZA,2023,04,15,-999,-999,-999
107010,PACHIZA,2023,04,16,-999,-999,-999
107010,PACHIZA,2023,04,17,-999,-999,-999
107010,PACHIZA,2023,04,18,-999,-999,-999
107010,PACHIZA,2023,04,19,-999,-999,-999
107010,PACHIZA,2023,04,20,-999,-999,-999
107010,PACHIZA,2023,04,21,-999,-999,-999
107010,PACHIZA,2023,04,22,-999,-999,-999
107010,PACHIZA,2023,04,23,-999,-999,-999
107010,PACHIZA,2023,04,24,-999,-999,-999
107010,PACHIZA,2023,04,25,-999,-999,-999
107010,PACHIZA,2023,04,26,-999,-999,-999
107010,PACHIZA,2023,04,27,-999,-999,-999
107010,PACHIZA,2023,04,28,-999,-999,-999
107010,PACHIZA,2023,04,29,-999,-999,-999
107010,PACHIZA,2023,04,30,-999,-999,-999
107010,PACHIZA,2023,05,01,-999,-999,-999
107010,PACHIZA,2023,05,02,-999,-999,-999
107010,PACHIZA,2023,05,03,-999,-999,-999
107010,PACHIZA,2023,05,04,-999,-999,-999
107010,PACHIZA,2023,05,05,-999,-999,-999
107010,PACHIZA,2023,05,06,-999,-999,-999
107010,PACHIZA,2023,05,07,-999,-999,-999
107010,PACHIZA,2023,05,08,-999,-999,-999
107010,PACHIZA,2023,05,09,-999,-999,-999
107010,PACHIZA,2023,05,10,-999,-999,-999
107010,PACHIZA,2023,05,11,-999,-999,-999
107010,PACHIZA,2023,05,12,-999,-999,-999
107010,PACHIZA,2023,05,13,-999,-999,-999
107010,PACHIZA,2023,05,14,-999,-999,-999
107010,PACHIZA,2023,05,15,-999,-999,-999
107010,PACHIZA,2023,05,16,-999,-999,-999
107010,PACHIZA,2023,05,17,-999,-999,-999
107010,PACHIZA,2023,05,18,-999,-999,-999
107010,PACHIZA,2023,05,19,-999,-999,-999
107010,PACHIZA,2023,05,20,-999,-999,-999
107010,PACHIZA,2023,05,21,-999,-999,-999
107010,PACHIZA,2023,05,22,-999,-999,-999
107010,PACHIZA,2023,05,23,-999,-999,-999
107010,PACHIZA,2023,05,24,-999,-999,-999
107010,PACHIZA,2023,05,25,-999,-999,-999
107010,PACHIZA,2023,05,26,-999,-999,-999
107010,PACHIZA,2023,05,27,-999,-999,-999
107010,PACHIZA,2023,05,28,-999,-999,-999
107010,PACHIZA,2023,05,29,-999,-999,-999
107010,PACHIZA,2023,05,30,-999,-999,-999
107010,PACHIZA,2023,05,31,-999,-999,-999
107010,PACHIZA,2023,06,01,-999,-999,-999
107010,PACHIZA,2023,06,02,-999,-999,-999
107010,PACHIZA,2023,06,03,-999,-999,-999
107010,PACHIZA,2023,06,04,-999,-999,-999
107010,PACHIZA,2023,06,05,-999,-999,-999
107010,PACHIZA,2023,06,06,-999,-999,-999
107010,PACHIZA,2023,06,07,-999,-999,-999
107010,PACHIZA,2023,06,08,-999,-999,-999
107010,PACHIZA,2023,06,09,-999,-999,-999
107010,PACHIZA,2023,06,10,-999,-999,-999
107010,PACHIZA,2023,06,11,-999,-999,-999
107010,PACHIZA,2023,06,12,-999,-999,-999
107010,PACHIZA,2023,06,13,-999,-999,-999
107010,PACHIZA,2023,06,14,-999,-999,-999
107010,PACHIZA,2023,06,15,-999,-999,-999
107010,PACHIZA,2023,06,16,-999,-999,-999
107010,PACHIZA,2023,06,17,-999,-999,-999
107010,PACHIZA,2023,06,18,-999,-999,-999
107010,PACHIZA,2023,06,19,-999,-999,-999
107010,PACHIZA,2023,06,20,-999,-999,-999
107010,PACHIZA,2023,06,21,-999,-999,-999
107010,PACHIZA,2023,06,22,-999,-999,-999
107010,PACHIZA,2023,06,23,-999,-999,-999
107010,PACHIZA,2023,06,24,-999,-999,-999
107010,PACHIZA,2023,06,25,-999,-999,-999
107010,PACHIZA,2023,06,26,-999,-999,-999
107010,PACHIZA,2023,06,27,-999,-999,-999
107010,PACHIZA,2023,06,28,-999,-999,-999
107010,PACHIZA,2023,06,29,-999,-999,-999
107010,PACHIZA,2023,06,30,-999,-999,-999
107010,PACHIZA,2023,07,01,-999,-999,-999
107010,PACHIZA,2023,07,02,-999,-999,-999
107010,PACHIZA,2023,07,03,-999,-999,-999
107010,PACHIZA,2023,07,04,-999,-999,-999
107010,PACHIZA,2023,07,05,-999,-999,-999
107010,PACHIZA,2023,07,06,-999,-999,-999
107010,PACHIZA,2023,07,07,-999,-999,-999
107010,PACHIZA,2023,07,08,-999,-999,-999
107010,PACHIZA,2023,07,09,-999,-999,-999
107010,PACHIZA,2023,07,10,-999,-999,-999
107010,PACHIZA,2023,07,11,-999,-999,-999
107010,PACHIZA,2023,07,12,-999,-999,-999
107010,PACHIZA,2023,07,13,-999,-999,-999
107010,PACHIZA,2023,07,14,-999,-999,-999
107010,PACHIZA,2023,07,15,-999,-999,-999
107010,PACHIZA,2023,07,16,-999,-999,-999
107010,PACHIZA,2023,07,17,-999,-999,-999
107010,PACHIZA,2023,07,18,-999,-999,-999
107010,PACHIZA,2023,07,19,-999,-999,-999
107010,PACHIZA,2023,07,20,-999,-999,-999
107010,PACHIZA,2023,07,21,-999,-999,-999
107010,PACHIZA,2023,07,22,-999,-999,-999
107010,PACHIZA,2023,07,23,-999,-999,-999
107010,PACHIZA,2023,07,24,-999,-999,-999
107010,PACHIZA,2023,07,25,-999,-999,-999
107010,PACHIZA,2023,07,26,-999,-999,-999
107010,PACHIZA,2023,07,27,-999,-999,-999
107010,PACHIZA,2023,07,28,-999,-999,-999
107010,PACHIZA,2023,07,29,-999,-999,-999
107010,PACHIZA,2023,07,30,-999,-999,-999
107010,PACHIZA,2023,07,31,-999,-999,-999
107010,PACHIZA,2023,08,01,-999,-999,-999
107010,PACHIZA,2023,08,02,-999,-999,-999
107010,PACHIZA,2023,08,03,-999,-999,-999
107010,PACHIZA,2023,08,04,-999,-999,-999
107010,PACHIZA,2023,08,05,-999,-999,-999
107010,PACHIZA,2023,08,06,-999,-999,-999
107010,PACHIZA,2023,08,07,-999,-999,-999
107010,PACHIZA,2023,08,08,-999,-999,-999
107010,PACHIZA,2023,08,09,-999,-999,-999
107010,PACHIZA,2023,08,10,-999,-999,-999
107010,PACHIZA,2023,08,11,-999,-999,-999
107010,PACHIZA,2023,08,12,-999,-999,-999
107010,PACHIZA,2023,08,13,-999,-999,-999
107010,PACHIZA,2023,08,14,-999,-999,-999
107010,PACHIZA,2023,08,15,-999,-999,-999
107010,PACHIZA,2023,08,16,-999,-999,-999
107010,PACHIZA,2023,08,17,-999,-999,-999
107010,PACHIZA,2023,08,18,-999,-999,-999
107010,PACHIZA,2023,08,19,-999,-999,-999
107010,PACHIZA,2023,08,20,-999,-999,-999
107010,PACHIZA,2023,08,21,-999,-999,-999
107010,PACHIZA,2023,08,22,-999,-999,-999
107010,PACHIZA,2023,08,23,-999,-999,-999
107010,PACHIZA,2023,08,24,-999,-999,-999
107010,PACHIZA,2023,08,25,-999,-999,-999
107010,PACHIZA,2023,08,26,-999,-999,-999
107010,PACHIZA,2023,08,27,-999,-999,-999
107010,PACHIZA,2023,08,28,-999,-999,-999
107010,PACHIZA,2023,08,29,-999,-999,-999
107010,PACHIZA,2023,08,30,-999,-999,-999
107010,PACHIZA,2023,08,31,-999,-999,-999
107010,PACHIZA,2023,09,01,-999,-999,-999
107010,PACHIZA,2023,09,02,-999,-999,-999
107010,PACHIZA,2023,09,03,-999,-999,-999
107010,PACHIZA,2023,09,04,-999,-999,-999
107010,PACHIZA,2023,09,05,-999,-999,-999
107010,PACHIZA,2023,09,06,-999,-999,-999
107010,PACHIZA,2023,09,07,-999,-999,-999
107010,PACHIZA,2023,09,08,-999,-999,-999
107010,PACHIZA,2023,09,09,-999,-999,-999
107010,PACHIZA,2023,09,10,-999,-999,-999
107010,PACHIZA,2023,09,11,-999,-999,-999
107010,PACHIZA,2023,09,12,-999,-999,-999
107010,PACHIZA,2023,09,13,-999,-999,-999
107010,PACHIZA,2023,09,14,-999,-999,-999
107010,PACHIZA,2023,09,15,-999,-999,-999
107010,PACHIZA,2023,09,16,-999,-999,-999
107010,PACHIZA,2023,09,17,-999,-999,-999
107010,PACHIZA,2023,09,18,-999,-999,-999
107010,PACHIZA,2023,09,19,-999,-999,-999
107010,PACHIZA,2023,09,20,-999,-999,-999
107010,PACHIZA,2023,09,21,-999,-999,-999
107010,PACHIZA,2023,09,22,-999,-999,-999
107010,PACHIZA,2023,09,23,-999,-999,-999
107010,PACHIZA,2023,09,24,-999,-999,-999
107010,PACHIZA,2023,09,25,-999,-999,-999
107010,PACHIZA,2023,09,26,-999,-999,-999
107010,PACHIZA,2023,09,27,-999,-999,-999
107010,PACHIZA,2023,09,28,-999,-999,-999
107010,PACHIZA,2023,09,29,-999,-999,-999
107010,PACHIZA,2023,09,30,-999,-999,-999
107010,PACHIZA,2023,10,01,-999,-999,-999
107010,PACHIZA,2023,10,02,-999,-999,-999
107010,PACHIZA,2023,10,03,-999,-999,-999
107010,PACHIZA,2023,10,04,-999,-999,-999
107010,PACHIZA,2023,10,05,-999,-999,-999
107010,PACHIZA,2023,10,06,-999,-999,-999
107010,PACHIZA,2023,10,07,-999,-999,-999
107010,PACHIZA,2023,10,08,-999,-999,-999
107010,PACHIZA,2023,10,09,-999,-999,-999
107010,PACHIZA,2023,10,10,-999,-999,-999
107010,PACHIZA,2023,10,11,-999,-999,-999
107010,PACHIZA,2023,10,12,-999,-999,-999
107010,PACHIZA,2023,10,13,-999,-999,-999
107010,PACHIZA,2023,10,14,-999,-999,-999
107010,PACHIZA,2023,10,15,-999,-999,-999
107010,PACHIZA,2023,10,16,-999,-999,-999
107010,PACHIZA,2023,10,17,-999,-999,-999
107010,PACHIZA,2023,10,18,-999,-999,-999
107010,PACHIZA,2023,10,19,-999,-999,-999
107010,PACHIZA,2023,10,20,-999,-999,-999
107010,PACHIZA,2023,10,21,-999,-999,-999
107010,PACHIZA,2023,10,22,-999,-999,-999
107010,PACHIZA,2023,10,23,-999,-999,-999
107010,PACHIZA,2023,10,24,-999,-999,-999
107010,PACHIZA,2023,10,25,-999,-999,-999
107010,PACHIZA,2023,10,26,-999,-999,-999
107010,PACHIZA,2023,10,27,-999,-999,-999
107010,PACHIZA,2023,10,28,-999,-999,-999
107010,PACHIZA,2023,10,29,-999,-999,-999
107010,PACHIZA,2023,10,30,-999,-999,-999
107010,PACHIZA,2023,10,31,-999,-999,-999
107010,PACHIZA,2023,11,01,-999,-999,-999
107010,PACHIZA,2023,11,02,-999,-999,-999
107010,PACHIZA,2023,11,03,-999,-999,-999
107010,PACHIZA,2023,11,04,-999,-999,-999
107010,PACHIZA,2023,11,05,-999,-999,-999
107010,PACHIZA,2023,11,06,-999,-999,-999
107010,PACHIZA,2023,11,07,-999,-999,-999
107010,PACHIZA,2023,11,08,-999,-999,-999
107010,PACHIZA,2023,11,09,-999,-999,-999
107010,PACHIZA,2023,11,10,-999,-999,-999
107010,PACHIZA,2023,11,11,-999,-999,-999
107010,PACHIZA,2023,11,12,-999,-999,-999
107010,PACHIZA,2023,11,13,-999,-999,-999
107010,PACHIZA,2023,11,14,-999,-999,-999
107010,PACHIZA,2023,11,15,-999,-999,-999
107010,PACHIZA,2023,11,16,-999,-999,-999
107010,PACHIZA,2023,11,17,-999,-999,-999
107010,PACHIZA,2023,11,18,-999,-999,-999
107010,PACHIZA,2023,11,19,-999,-999,-999
107010,PACHIZA,2023,11,20,-999,-999,-999
107010,PACHIZA,2023,11,21,-999,-999,-999
107010,PACHIZA,2023,11,22,-999,-999,-999
107010,PACHIZA,2023,11,23,-999,-999,-999
107010,PACHIZA,2023,11,24,-999,-999,-999
107010,PACHIZA,2023,11,25,-999,-999,-999
107010,PACHIZA,2023,11,26,-999,-999,-999
107010,PACHIZA,2023,11,27,-999,-999,-999
107010,PACHIZA,2023,11,28,-999,-999,-999
107010,PACHIZA,2023,11,29,-999,-999,-999
107010,PACHIZA,2023,11,30,-999,-999,-999
107010,PACHIZA,2023,12,01,-999,-999,-999
107010,PACHIZA,2023,12,02,-999,-999,-999
107010,PACHIZA,2023,12,03,-999,-999,-999
107010,PACHIZA,2023,12,04,-999,-999,-999
107010,PACHIZA,2023,12,05,-999,-999,-999
107010,PACHIZA,2023,12,06,-999,-999,-999
107010,PACHIZA,2023,12,07,-999,-999,-999
107010,PACHIZA,2023,12,08,-999,-999,-999
107010,PACHIZA,2023,12,09,-999,-999,-999
107010,PACHIZA,2023,12,10,-999,-999,-999
107010,PACHIZA,2023,12,11,-999,-999,-999
107010,PACHIZA,2023,12,12,-999,-999,-999
107010,PACHIZA,2023,12,13,-999,-999,-999
107010,PACHIZA,2023,12,14,-999,-999,-999
107010,PACHIZA,2023,12,15,-999,-999,-999
107010,PACHIZA,2023,12,16,-999,-999,-999
107010,PACHIZA,2023,12,17,-999,-999,-999
107010,PACHIZA,2023,12,18,-999,-999,-999
107010,PACHIZA,2023,12,19,-999,-999,-999
107010,PACHIZA,2023,12,20,-999,-999,-999
107010,PACHIZA,2023,12,21,-999,-999,-999
107010,PACHIZA,2023,12,22,-999,-999,-999
107010,PACHIZA,2023,12,23,-999,-999,-999
107010,PACHIZA,2023,12,24,-999,-999,-999
107010,PACHIZA,2023,12,25,-999,-999,-999
107010,PACHIZA,2023,12,26,-999,-999,-999
107010,PACHIZA,2023,12,27,-999,-999,-999
107010,PACHIZA,2023,12,28,-999,-999,-999
107010,PACHIZA,2023,12,29,-999,-999,-999
107010,PACHIZA,2023,12,30,-999,-999,-999
107010,PACHIZA,2023,12,31,-999,-999,-999
107010,PACHIZA,2024,01,01,-999,-999,-999
107010,PACHIZA,2024,01,02,-999,-999,-999
107010,PACHIZA,2024,01,03,-999,-999,-999
107010,PACHIZA,2024,01,04,-999,-999,-999
107010,PACHIZA,2024,01,05,-999,-999,-999
107010,PACHIZA,2024,01,06,-999,-999,-999
107010,PACHIZA,2024,01,07,-999,-999,-999
107010,PACHIZA,2024,01,08,-999,-999,-999
107010,PACHIZA,2024,01,09,-999,-999,-999
107010,PACHIZA,2024,01,10,-999,-999,-999
107010,PACHIZA,2024,01,11,-999,-999,-999
107010,PACHIZA,2024,01,12,-999,-999,-999
107010,PACHIZA,2024,01,13,-999,-999,-999
107010,PACHIZA,2024,01,14,-999,-999,-999
107010,PACHIZA,2024,01,15,-999,-999,-999
107010,PACHIZA,2024,01,16,-999,-999,-999
107010,PACHIZA,2024,01,17,-999,-999,-999
107010,PACHIZA,2024,01,18,-999,-999,-999
107010,PACHIZA,2024,01,19,-999,-999,-999
107010,PACHIZA,2024,01,20,-999,-999,-999
107010,PACHIZA,2024,01,21,-999,-999,-999
107010,PACHIZA,2024,01,22,-999,-999,-999
107010,PACHIZA,2024,01,23,-999,-999,-999
107010,PACHIZA,2024,01,24,-999,-999,-999
107010,PACHIZA,2024,01,25,-999,-999,-999
107010,PACHIZA,2024,01,26,-999,-999,-999
107010,PACHIZA,2024,01,27,-999,-999,-999
107010,PACHIZA,2024,01,28,-999,-999,-999
107010,PACHIZA,2024,01,29,-999,-999,-999
107010,PACHIZA,2024,01,30,-999,-999,-999
107010,PACHIZA,2024,01,31,-999,-999,-999
107010,PACHIZA,2024,02,01,-999,-999,-999
107010,PACHIZA,2024,02,02,-999,-999,-999
107010,PACHIZA,2024,02,03,-999,-999,-999
107010,PACHIZA,2024,02,04,-999,-999,-999
107010,PACHIZA,2024,02,05,-999,-999,-999
107010,PACHIZA,2024,02,06,-999,-999,-999
107010,PACHIZA,2024,02,07,-999,-999,-999
107010,PACHIZA,2024,02,08,-999,-999,-999
107010,PACHIZA,2024,02,09,-999,-999,-999
107010,PACHIZA,2024,02,10,-999,-999,-999
107010,PACHIZA,2024,02,11,-999,-999,-999
107010,PACHIZA,2024,02,12,-999,-999,-999
107010,PACHIZA,2024,02,13,-999,-999,-999
107010,PACHIZA,2024,02,14,-999,-999,-999
107010,PACHIZA,2024,02,15,-999,-999,-999
107010,PACHIZA,2024,02,16,-999,-999,-999
107010,PACHIZA,2024,02,17,-999,-999,-999
107010,PACHIZA,2024,02,18,-999,-999,-999
107010,PACHIZA,2024,02,19,-999,-999,-999
107010,PACHIZA,2024,02,20,-999,-999,-999
107010,PACHIZA,2024,02,21,-999,-999,-999
107010,PACHIZA,2024,02,22,-999,-999,-999
107010,PACHIZA,2024,02,23,-999,-999,-999
107010,PACHIZA,2024,02,24,-999,-999,-999
107010,PACHIZA,2024,02,25,-999,-999,-999
107010,PACHIZA,2024,02,26,-999,-999,-999
107010,PACHIZA,2024,02,27,-999,-999,-999
107010,PACHIZA,2024,02,28,-999,-999,-999
107010,PACHIZA,2024,02,29,-999,-999,-999
107010,PACHIZA,2024,03,01,-999,-999,-999
107010,PACHIZA,2024,03,02,-999,-999,-999
107010,PACHIZA,2024,03,03,-999,-999,-999
107010,PACHIZA,2024,03,04,-999,-999,-999
107010,PACHIZA,2024,03,05,-999,-999,-999
107010,PACHIZA,2024,03,06,-999,-999,-999
107010,PACHIZA,2024,03,07,-999,-999,-999
107010,PACHIZA,2024,03,08,-999,-999,-999
107010,PACHIZA,2024,03,09,-999,-999,-999
107010,PACHIZA,2024,03,10,-999,-999,-999
107010,PACHIZA,2024,03,11,-999,-999,-999
107010,PACHIZA,2024,03,12,-999,-999,-999
107010,PACHIZA,2024,03,13,-999,-999,-999
107010,PACHIZA,2024,03,14,-999,-999,-999
107010,PACHIZA,2024,03,15,-999,-999,-999
107010,PACHIZA,2024,03,16,-999,-999,-999
107010,PACHIZA,2024,03,17,-999,-999,-999
107010,PACHIZA,2024,03,18,-999,-999,-999
107010,PACHIZA,2024,03,19,-999,-999,-999
107010,PACHIZA,2024,03,20,-999,-999,-999
107010,PACHIZA,2024,03,21,-999,-999,-999
107010,PACHIZA,2024,03,22,-999,-999,-999
107010,PACHIZA,2024,03,23,-999,-999,-999
107010,PACHIZA,2024,03,24,-999,-999,-999
107010,PACHIZA,2024,03,25,-999,-999,-999
107010,PACHIZA,2024,03,26,-999,-999,-999
107010,PACHIZA,2024,03,27,-999,-999,-999
107010,PACHIZA,2024,03,28,-999,-999,-999
107010,PACHIZA,2024,03,29,-999,-999,-999
107010,PACHIZA,2024,03,30,-999,-999,-999
107010,PACHIZA,2024,03,31,-999,-999,-999
107010,PACHIZA,2024,04,01,-999,-999,-999
107010,PACHIZA,2024,04,02,-999,-999,-999
107010,PACHIZA,2024,04,03,-999,-999,-999
107010,PACHIZA,2024,04,04,-999,-999,-999
107010,PACHIZA,2024,04,05,-999,-999,-999
107010,PACHIZA,2024,04,06,-999,-999,-999
107010,PACHIZA,2024,04,07,-999,-999,-999
107010,PACHIZA,2024,04,08,-999,-999,-999
107010,PACHIZA,2024,04,09,-999,-999,-999
107010,PACHIZA,2024,04,10,-999,-999,-999
107010,PACHIZA,2024,04,11,-999,-999,-999
107010,PACHIZA,2024,04,12,-999,-999,-999
107010,PACHIZA,2024,04,13,-999,-999,-999
107010,PACHIZA,2024,04,14,-999,-999,-999
107010,PACHIZA,2024,04,15,-999,-999,-999
107010,PACHIZA,2024,04,16,-999,-999,-999
107010,PACHIZA,2024,04,17,-999,-999,-999
107010,PACHIZA,2024,04,18,-999,-999,-999
107010,PACHIZA,2024,04,19,-999,-999,-999
107010,PACHIZA,2024,04,20,-999,-999,-999
107010,PACHIZA,2024,04,21,-999,-999,-999
107010,PACHIZA,2024,04,22,-999,-999,-999
107010,PACHIZA,2024,04,23,-999,-999,-999
107010,PACHIZA,2024,04,24,-999,-999,-999
107010,PACHIZA,2024,04,25,-999,-999,-999
107010,PACHIZA,2024,04,26,-999,-999,-999
107010,PACHIZA,2024,04,27,-999,-999,-999
107010,PACHIZA,2024,04,28,-999,-999,-999
107010,PACHIZA,2024,04,29,-999,-999,-999
107010,PACHIZA,2024,04,30,-999,-999,-999
107010,PACHIZA,2024,05,01,-999,-999,-999
107010,PACHIZA,2024,05,02,-999,-999,-999
107010,PACHIZA,2024,05,03,-999,-999,-999
107010,PACHIZA,2024,05,04,-999,-999,-999
107010,PACHIZA,2024,05,05,-999,-999,-999
107010,PACHIZA,2024,05,06,-999,-999,-999
107010,PACHIZA,2024,05,07,-999,-999,-999
107010,PACHIZA,2024,05,08,-999,-999,-999
107010,PACHIZA,2024,05,09,-999,-999,-999
107010,PACHIZA,2024,05,10,-999,-999,-999
107010,PACHIZA,2024,05,11,-999,-999,-999
107010,PACHIZA,2024,05,12,-999,-999,-999
107010,PACHIZA,2024,05,13,-999,-999,-999
107010,PACHIZA,2024,05,14,-999,-999,-999
107010,PACHIZA,2024,05,15,-999,-999,-999
107010,PACHIZA,2024,05,16,-999,-999,-999
107010,PACHIZA,2024,05,17,-999,-999,-999
107010,PACHIZA,2024,05,18,-999,-999,-999
107010,PACHIZA,2024,05,19,-999,-999,-999
107010,PACHIZA,2024,05,20,-999,-999,-999
107010,PACHIZA,2024,05,21,-999,-999,-999
107010,PACHIZA,2024,05,22,-999,-999,-999
107010,PACHIZA,2024,05,23,-999,-999,-999
107010,PACHIZA,2024,05,24,-999,-999,-999
107010,PACHIZA,2024,05,25,-999,-999,-999
107010,PACHIZA,2024,05,26,-999,-999,-999
107010,PACHIZA,2024,05,27,-999,-999,-999
107010,PACHIZA,2024,05,28,-999,-999,-999
107010,PACHIZA,2024,05,29,-999,-999,-999
107010,PACHIZA,2024,05,30,-999,-999,-999
107010,PACHIZA,2024,05,31,-999,-999,-999
107010,PACHIZA,2024,06,01,-999,-999,-999
107010,PACHIZA,2024,06,02,-999,-999,-999
107010,PACHIZA,2024,06,03,-999,-999,-999
107010,PACHIZA,2024,06,04,-999,-999,-999
107010,PACHIZA,2024,06,05,-999,-999,-999
107010,PACHIZA,2024,06,06,-999,-999,-999
107010,PACHIZA,2024,06,07,-999,-999,-999
107010,PACHIZA,2024,06,08,-999,-999,-999
107010,PACHIZA,2024,06,09,-999,-999,-999
107010,PACHIZA,2024,06,10,-999,-999,-999
107010,PACHIZA,2024,06,11,-999,-999,-999
107010,PACHIZA,2024,06,12,-999,-999,-999
107010,PACHIZA,2024,06,13,-999,-999,-999
107010,PACHIZA,2024,06,14,-999,-999,-999
107010,PACHIZA,2024,06,15,-999,-999,-999
107010,PACHIZA,2024,06,16,-999,-999,-999
107010,PACHIZA,2024,06,17,-999,-999,-999
107010,PACHIZA,2024,06,18,-999,-999,-999
107010,PACHIZA,2024,06,19,-999,-999,-999
107010,PACHIZA,2024,06,20,-999,-999,-999
107010,PACHIZA,2024,06,21,-999,-999,-999
107010,PACHIZA,2024,06,22,-999,-999,-999
107010,PACHIZA,2024,06,23,-999,-999,-999
107010,PACHIZA,2024,06,24,-999,-999,-999
107010,PACHIZA,2024,06,25,-999,-999,-999
107010,PACHIZA,2024,06,26,-999,-999,-999
107010,PACHIZA,2024,06,27,-999,-999,-999
107010,PACHIZA,2024,06,28,-999,-999,-999
107010,PACHIZA,2024,06,29,-999,-999,-999
107010,PACHIZA,2024,06,30,-999,-999,-999
107010,PACHIZA,2024,07,01,-999,-999,-999
107010,PACHIZA,2024,07,02,-999,-999,-999
107010,PACHIZA,2024,07,03,-999,-999,-999
107010,PACHIZA,2024,07,04,-999,-999,-999
107010,PACHIZA,2024,07,05,-999,-999,-999
107010,PACHIZA,2024,07,06,-999,-999,-999
107010,PACHIZA,2024,07,07,-999,-999,-999
107010,PACHIZA,2024,07,08,-999,-999,-999
107010,PACHIZA,2024,07,09,-999,-999,-999
107010,PACHIZA,2024,07,10,-999,-999,-999
107010,PACHIZA,2024,07,11,-999,-999,-999
107010,PACHIZA,2024,07,12,-999,-999,-999
107010,PACHIZA,2024,07,13,-999,-999,-999
107010,PACHIZA,2024,07,14,-999,-999,-999
107010,PACHIZA,2024,07,15,-999,-999,-999
107010,PACHIZA,2024,07,16,-999,-999,-999
107010,PACHIZA,2024,07,17,-999,-999,-999
107010,PACHIZA,2024,07,18,-999,-999,-999
107010,PACHIZA,2024,07,19,-999,-999,-999
107010,PACHIZA,2024,07,20,-999,-999,-999
107010,PACHIZA,2024,07,21,-999,-999,-999
107010,PACHIZA,2024,07,22,-999,-999,-999
107010,PACHIZA,2024,07,23,-999,-999,-999
107010,PACHIZA,2024,07,24,-999,-999,-999
107010,PACHIZA,2024,07,25,-999,-999,-999
107010,PACHIZA,2024,07,26,-999,-999,-999
107010,PACHIZA,2024,07,27,-999,-999,-999
107010,PACHIZA,2024,07,28,-999,-999,-999
107010,PACHIZA,2024,07,29,-999,-999,-999
107010,PACHIZA,2024,07,30,-999,-999,-999
107010,PACHIZA,2024,07,31,-999,-999,-999
107010,PACHIZA,2024,08,01,-999,-999,-999
107010,PACHIZA,2024,08,02,-999,-999,-999
107010,PACHIZA,2024,08,03,-999,-999,-999
107010,PACHIZA,2024,08,04,-999,-999,-999
107010,PACHIZA,2024,08,05,-999,-999,-999
107010,PACHIZA,2024,08,06,-999,-999,-999
107010,PACHIZA,2024,08,07,-999,-999,-999
107010,PACHIZA,2024,08,08,-999,-999,-999
107010,PACHIZA,2024,08,09,-999,-999,-999
107010,PACHIZA,2024,08,10,-999,-999,-999
107010,PACHIZA,2024,08,11,-999,-999,-999
107010,PACHIZA,2024,08,12,-999,-999,-999
107010,PACHIZA,2024,08,13,-999,-999,-999
107010,PACHIZA,2024,08,14,-999,-999,-999
107010,PACHIZA,2024,08,15,-999,-999,-999
107010,PACHIZA,2024,08,16,-999,-999,-999
107010,PACHIZA,2024,08,17,-999,-999,-999
107010,PACHIZA,2024,08,18,-999,-999,-999
107010,PACHIZA,2024,08,19,-999,-999,-999
107010,PACHIZA,2024,08,20,-999,-999,-999
107010,PACHIZA,2024,08,21,-999,-999,-999
107010,PACHIZA,2024,08,22,-999,-999,-999
107010,PACHIZA,2024,08,23,-999,-999,-999
107010,PACHIZA,2024,08,24,-999,-999,-999
107010,PACHIZA,2024,08,25,-999,-999,-999
107010,PACHIZA,2024,08,26,-999,-999,-999
107010,PACHIZA,2024,08,27,-999,-999,-999
107010,PACHIZA,2024,08,28,-999,-999,-999
107010,PACHIZA,2024,08,29,-999,-999,-999
107010,PACHIZA,2024,08,30,-999,-999,-999
107010,PACHIZA,2024,08,31,-999,-999,-999
107010,PACHIZA,2024,09,01,-999,-999,-999
107010,PACHIZA,2024,09,02,-999,-999,-999
107010,PACHIZA,2024,09,03,-999,-999,-999
107010,PACHIZA,2024,09,04,-999,-999,-999
107010,PACHIZA,2024,09,05,-999,-999,-999
107010,PACHIZA,2024,09,06,-999,-999,-999
107010,PACHIZA,2024,09,07,-999,-999,-999
107010,PACHIZA,2024,09,08,-999,-999,-999
107010,PACHIZA,2024,09,09,-999,-999,-999
107010,PACHIZA,2024,09,10,-999,-999,-999
107010,PACHIZA,2024,09,11,-999,-999,-999
107010,PACHIZA,2024,09,12,-999,-999,-999
107010,PACHIZA,2024,09,13,-999,-999,-999
107010,PACHIZA,2024,09,14,-999,-999,-999
107010,PACHIZA,2024,09,15,-999,-999,-999
107010,PACHIZA,2024,09,16,-999,-999,-999
107010,PACHIZA,2024,09,17,-999,-999,-999
107010,PACHIZA,2024,09,18,-999,-999,-999
107010,PACHIZA,2024,09,19,-999,-999,-999
107010,PACHIZA,2024,09,20,-999,-999,-999
107010,PACHIZA,2024,09,21,-999,-999,-999
107010,PACHIZA,2024,09,22,-999,-999,-999
107010,PACHIZA,2024,09,23,-999,-999,-999
107010,PACHIZA,2024,09,24,-999,-999,-999
107010,PACHIZA,2024,09,25,-999,-999,-999
107010,PACHIZA,2024,09,26,-999,-999,-999
107010,PACHIZA,2024,09,27,-999,-999,-999
107010,PACHIZA,2024,09,28,-999,-999,-999
107010,PACHIZA,2024,09,29,-999,-999,-999
107010,PACHIZA,2024,09,30,-999,-999,-999
107010,PACHIZA,2024,10,01,-999,-999,-999
107010,PACHIZA,2024,10,02,-999,-999,-999
107010,PACHIZA,2024,10,03,-999,-999,-999
107010,PACHIZA,2024,10,04,-999,-999,-999
107010,PACHIZA,2024,10,05,-999,-999,-999
107010,PACHIZA,2024,10,06,-999,-999,-999
107010,PACHIZA,2024,10,07,-999,-999,-999
107010,PACHIZA,2024,10,08,-999,-999,-999
107010,PACHIZA,2024,10,09,-999,-999,-999
107010,PACHIZA,2024,10,10,-999,-999,-999
107010,PACHIZA,2024,10,11,-999,-999,-999
107010,PACHIZA,2024,10,12,-999,-999,-999
107010,PACHIZA,2024,10,13,-999,-999,-999
107010,PACHIZA,2024,10,14,-999,-999,-999
107010,PACHIZA,2024,10,15,-999,-999,-999
107010,PACHIZA,2024,10,16,-999,-999,-999
107010,PACHIZA,2024,10,17,-999,-999,-999
107010,PACHIZA,2024,10,18,-999,-999,-999
107010,PACHIZA,2024,10,19,-999,-999,-999
107010,PACHIZA,2024,10,20,-999,-999,-999
107010,PACHIZA,2024,10,21,-999,-999,-999
107010,PACHIZA,2024,10,22,-999,-999,-999
107010,PACHIZA,2024,10,23,-999,-999,-999
107010,PACHIZA,2024,10,24,-999,-999,-999
107010,PACHIZA,2024,10,25,-999,-999,-999
107010,PACHIZA,2024,10,26,-999,-999,-999
107010,PACHIZA,2024,10,27,-999,-999,-999
107010,PACHIZA,2024,10,28,-999,-999,-999
107010,PACHIZA,2024,10,29,-999,-999,-999
107010,PACHIZA,2024,10,30,-999,-999,-999
107010,PACHIZA,2024,10,31,-999,-999,-999
107010,PACHIZA,2024,11,01,-999,-999,-999
107010,PACHIZA,2024,11,02,-999,-999,-999
107010,PACHIZA,2024,11,03,-999,-999,-999
107010,PACHIZA,2024,11,04,-999,-999,-999
107010,PACHIZA,2024,11,05,-999,-999,-999
107010,PACHIZA,2024,11,06,-999,-999,-999
107010,PACHIZA,2024,11,07,-999,-999,-999
107010,PACHIZA,2024,11,08,-999,-999,-999
107010,PACHIZA,2024,11,09,-999,-999,-999
107010,PACHIZA,2024,11,10,-999,-999,-999
107010,PACHIZA,2024,11,11,-999,-999,-999
107010,PACHIZA,2024,11,12,-999,-999,-999
107010,PACHIZA,2024,11,13,-999,-999,-999
107010,PACHIZA,2024,11,14,-999,-999,-999
107010,PACHIZA,2024,11,15,-999,-999,-999
107010,PACHIZA,2024,11,16,-999,-999,-999
107010,PACHIZA,2024,11,17,-999,-999,-999
107010,PACHIZA,2024,11,18,-999,-999,-999
107010,PACHIZA,2024,11,19,-999,-999,-999
107010,PACHIZA,2024,11,20,-999,-999,-999
107010,PACHIZA,2024,11,21,-999,-999,-999
107010,PACHIZA,2024,11,22,-999,-999,-999
107010,PACHIZA,2024,11,23,-999,-999,-999
107010,PACHIZA,2024,11,24,-999,-999,-999
107010,PACHIZA,2024,11,25,-999,-999,-999
107010,PACHIZA,2024,11,26,-999,-999,-999
107010,PACHIZA,2024,11,27,-999,-999,-999
107010,PACHIZA,2024,11,28,-999,-999,-999
107010,PACHIZA,2024,11,29,-999,-999,-999
107010,PACHIZA,2024,11,30,-999,-999,-999
107010,PACHIZA,2024,12,01,-999,-999,-999
107010,PACHIZA,2024,12,02,-999,-999,-999
107010,PACHIZA,2024,12,03,-999,-999,-999
107010,PACHIZA,2024,12,04,-999,-999,-999
107010,PACHIZA,2024,12,05,-999,-999,-999
107010,PACHIZA,2024,12,06,-999,-999,-999
107010,PACHIZA,2024,12,07,-999,-999,-999
107010,PACHIZA,2024,12,08,-999,-999,-999
107010,PACHIZA,2024,12,09,-999,-999,-999
107010,PACHIZA,2024,12,10,-999,-999,-999
107010,PACHIZA,2024,12,11,-999,-999,-999
107010,PACHIZA,2024,12,12,-999,-999,-999
107010,PACHIZA,2024,12,13,-999,-999,-999
107010,PACHIZA,2024,12,14,-999,-999,-999
107010,PACHIZA,2024,12,15,-999,-999,-999
107010,PACHIZA,2024,12,16,-999,-999,-999
107010,PACHIZA,2024,12,17,-999,-999,-999
107010,PACHIZA,2024,12,18,-999,-999,-999
107010,PACHIZA,2024,12,19,-999,-999,-999
107010,PACHIZA,2024,12,20,-999,-999,-999
107010,PACHIZA,2024,12,21,-999,-999,-999
107010,PACHIZA,2024,12,22,-999,-999,-999
107010,PACHIZA,2024,12,23,-999,-999,-999
107010,PACHIZA,2024,12,24,-999,-999,-999
107010,PACHIZA,2024,12,25,-999,-999,-999
107010,PACHIZA,2024,12,26,-999,-999,-999
107010,PACHIZA,2024,12,27,-999,-999,-999
107010,PACHIZA,2024,12,28,-999,-999,-999
107010,PACHIZA,2024,12,29,-999,-999,-999
107010,PACHIZA,2024,12,30,-999,-999,-999
107010,PACHIZA,2024,12,31,-999,-999,-999
107010,PACHIZA,2025,01,01,-999,-999,-999
107010,PACHIZA,2025,01,02,-999,-999,-999
107010,PACHIZA,2025,01,03,-999,-999,-999
107010,PACHIZA,2025,01,04,-999,-999,-999
107010,PACHIZA,2025,01,05,-999,-999,-999
107010,PACHIZA,2025,01,06,-999,-999,-999
107010,PACHIZA,2025,01,07,-999,-999,-999
107010,PACHIZA,2025,01,08,-999,-999,-999
107010,PACHIZA,2025,01,09,-999,-999,-999
107010,PACHIZA,2025,01,10,-999,-999,-999
107010,PACHIZA,2025,01,11,-999,-999,-999
107010,PACHIZA,2025,01,12,-999,-999,-999
107010,PACHIZA,2025,01,13,-999,-999,-999
107010,PACHIZA,2025,01,14,-999,-999,-999
107010,PACHIZA,2025,01,15,-999,-999,-999
107010,PACHIZA,2025,01,16,-999,-999,-999
107010,PACHIZA,2025,01,17,-999,-999,-999
107010,PACHIZA,2025,01,18,-999,-999,-999
107010,PACHIZA,2025,01,19,-999,-999,-999
107010,PACHIZA,2025,01,20,-999,-999,-999
107010,PACHIZA,2025,01,21,-999,-999,-999
107010,PACHIZA,2025,01,22,-999,-999,-999
107010,PACHIZA,2025,01,23,-999,-999,-999
107010,PACHIZA,2025,01,24,-999,-999,-999
107010,PACHIZA,2025,01,25,-999,-999,-999
107010,PACHIZA,2025,01,26,-999,-999,-999
107010,PACHIZA,2025,01,27,-999,-999,-999
107010,PACHIZA,2025,01,28,-999,-999,-999
107010,PACHIZA,2025,01,29,-999,-999,-999
107010,PACHIZA,2025,01,30,-999,-999,-999
107010,PACHIZA,2025,01,31,-999,-999,-999
107010,PACHIZA,2025,02,01,-999,-999,-999
107010,PACHIZA,2025,02,02,-999,-999,-999
107010,PACHIZA,2025,02,03,-999,-999,-999
107010,PACHIZA,2025,02,04,-999,-999,-999
107010,PACHIZA,2025,02,05,-999,-999,-999
107010,PACHIZA,2025,02,06,-999,-999,-999
107010,PACHIZA,2025,02,07,-999,-999,-999
107010,PACHIZA,2025,02,08,-999,-999,-999
107010,PACHIZA,2025,02,09,-999,-999,-999
107010,PACHIZA,2025,02,10,-999,-999,-999
107010,PACHIZA,2025,02,11,-999,-999,-999
107010,PACHIZA,2025,02,12,-999,-999,-999
107010,PACHIZA,2025,02,13,-999,-999,-999
107010,PACHIZA,2025,02,14,-999,-999,-999
107010,PACHIZA,2025,02,15,-999,-999,-999
107010,PACHIZA,2025,02,16,-999,-999,-999
107010,PACHIZA,2025,02,17,-999,-999,-999
107010,PACHIZA,2025,02,18,-999,-999,-999
107010,PACHIZA,2025,02,19,-999,-999,-999
107010,PACHIZA,2025,02,20,-999,-999,-999
107010,PACHIZA,2025,02,21,-999,-999,-999
107010,PACHIZA,2025,02,22,-999,-999,-999
107010,PACHIZA,2025,02,23,-999,-999,-999
107010,PACHIZA,2025,02,24,-999,-999,-999
107010,PACHIZA,2025,02,25,-999,-999,-999
107010,PACHIZA,2025,02,26,-999,-999,-999
107010,PACHIZA,2025,02,27,-999,-999,-999
107010,PACHIZA,2025,02,28,-999,-999,-999
107010,PACHIZA,2025,03,01,-999,35.6,20.0
107010,PACHIZA,2025,03,02,-999,36.0,20.2
107010,PACHIZA,2025,03,03,-999,35.8,19.0
107010,PACHIZA,2025,03,04,-999,34.0,19.2
107010,PACHIZA,2025,03,05,-999,35.0,20.0
107010,PACHIZA,2025,03,06,-999,35.8,20.2
107010,PACHIZA,2025,03,07,-999,36.2,21.0
107010,PACHIZA,2025,03,08,-999,35.8,20.2
107010,PACHIZA,2025,03,09,-999,36.0,20.4
107010,PACHIZA,2025,03,10,-999,36.2,20.0
107010,PACHIZA,2025,03,11,-999,35.8,20.2
107010,PACHIZA,2025,03,12,-999,35.0,19.8
107010,PACHIZA,2025,03,13,-999,35.6,20.0
107010,PACHIZA,2025,03,14,-999,35.8,19.8
107010,PACHIZA,2025,03,15,-999,36.0,20.0
107010,PACHIZA,2025,03,16,-999,35.0,19.0
107010,PACHIZA,2025,03,17,-999,36.0,18.8
107010,PACHIZA,2025,03,18,-999,36.6,19.0
107010,PACHIZA,2025,03,19,-999,35.2,20.0
107010,PACHIZA,2025,03,20,-999,36.0,19.8
107010,PACHIZA,2025,03,21,-999,36.8,20.0
107010,PACHIZA,2025,03,22,-999,36.6,20.2
107010,PACHIZA,2025,03,23,-999,35.0,20.0
107010,PACHIZA,2025,03,24,-999,35.8,20.2
107010,PACHIZA,2025,03,25,-999,36.8,20.0
107010,PACHIZA,2025,03,26,-999,36.4,20.2
107010,PACHIZA,2025,03,27,-999,37.0,20.2
107010,PACHIZA,2025,03,28,-999,35.0,20.0
107010,PACHIZA,2025,03,29,-999,36.0,19.8
107010,PACHIZA,2025,03,30,-999,35.6,20.0
107010,PACHIZA,2025,03,31,-999,36.0,20.2
107010,PACHIZA,2025,04,01,-999,32.2,21.0
107010,PACHIZA,2025,04,02,-999,34.0,20.0
107010,PACHIZA,2025,04,03,-999,32.8,20.2
107010,PACHIZA,2025,04,04,-999,32.0,20.4
107010,PACHIZA,2025,04,05,-999,-999,21.0
107010,PACHIZA,2025,04,06,-999,34.0,19.0
107010,PACHIZA,2025,04,07,-999,35.2,20.0
107010,PACHIZA,2025,04,08,-999,35.8,20.2
107010,PACHIZA,2025,04,09,-999,34.0,20.4
107010,PACHIZA,2025,04,10,-999,34.2,20.0
107010,PACHIZA,2025,04,11,-999,36.0,21.0
107010,PACHIZA,2025,04,12,-999,33.8,20.0
107010,PACHIZA,2025,04,13,-999,34.8,20.4
107010,PACHIZA,2025,04,14,-999,34.0,21.0
107010,PACHIZA,2025,04,15,-999,35.4,21.0
107010,PACHIZA,2025,04,16,-999,35.8,21.2
107010,PACHIZA,2025,04,17,-999,34.2,20.2
107010,PACHIZA,2025,04,18,-999,35.6,20.0
107010,PACHIZA,2025,04,19,-999,34.8,20.2
107010,PACHIZA,2025,04,20,-999,35.0,20.0
107010,PACHIZA,2025,04,21,-999,35.6,20.2
107010,PACHIZA,2025,04,22,-999,35.0,20.0
107010,PACHIZA,2025,04,23,-999,34.4,20.0
107010,PACHIZA,2025,04,24,-999,33.2,21.2
107010,PACHIZA,2025,04,25,-999,34.0,19.6
107010,PACHIZA,2025,04,26,-999,32.8,20.0
107010,PACHIZA,2025,04,27,-999,34.0,20.0
107010,PACHIZA,2025,04,28,-999,31.0,19.8
107010,PACHIZA,2025,04,29,-999,33.8,20.0
107010,PACHIZA,2025,04,30,-999,32.6,20.2
107010,PACHIZA,2025,05,01,-999,35.0,19.8
107010,PACHIZA,2025,05,02,-999,34.6,20.0
107010,PACHIZA,2025,05,03,-999,33.8,19.8
107010,PACHIZA,2025,05,04,-999,34.0,20.0
107010,PACHIZA,2025,05,05,-999,30.0,19.8
107010,PACHIZA,2025,05,06,-999,33.0,20.0
107010,PACHIZA,2025,05,07,-999,35.0,20.2
107010,PACHIZA,2025,05,08,-999,35.0,20.0
107010,PACHIZA,2025,05,09,-999,35.8,19.8
107010,PACHIZA,2025,05,10,-999,33.0,20.2
107010,PACHIZA,2025,05,11,-999,32.8,20.0
107010,PACHIZA,2025,05,12,-999,33.4,20.0
107010,PACHIZA,2025,05,13,-999,31.0,20.2
107010,PACHIZA,2025,05,14,-999,34.0,20.4
107010,PACHIZA,2025,05,15,-999,35.8,20.0
107010,PACHIZA,2025,05,16,-999,34.8,19.8
107010,PACHIZA,2025,05,17,-999,35.0,20.2
107010,PACHIZA,2025,05,18,-999,34.6,20.0
107010,PACHIZA,2025,05,19,-999,33.0,20.4
107010,PACHIZA,2025,05,20,-999,33.6,19.8
107010,PACHIZA,2025,05,21,-999,30.6,20.0
107010,PACHIZA,2025,05,22,-999,34.0,20.2
107010,PACHIZA,2025,05,23,-999,35.0,20.0
107010,PACHIZA,2025,05,24,-999,33.6,20.8
107010,PACHIZA,2025,05,25,-999,34.2,20.0
107010,PACHIZA,2025,05,26,-999,33.8,20.4
107010,PACHIZA,2025,05,27,-999,35.0,21.0
107010,PACHIZA,2025,05,28,-999,35.0,20.2
107010,PACHIZA,2025,05,29,-999,32.8,20.0
107010,PACHIZA,2025,05,30,-999,30.0,19.0
107010,PACHIZA,2025,05,31,-999,35.0,20.0
107010,PACHIZA,2025,06,01,-999,35.6,20.2
107010,PACHIZA,2025,06,02,-999,35.4,20.0
107010,PACHIZA,2025,06,03,-999,33.6,20.2
107010,PACHIZA,2025,06,04,-999,33.8,19.8
107010,PACHIZA,2025,06,05,-999,34.0,19.6
107010,PACHIZA,2025,06,06,-999,-999,21.0
107010,PACHIZA,2025,06,07,-999,-999,-999
107010,PACHIZA,2025,06,08,-999,35.0,21.0
107010,PACHIZA,2025,06,09,-999,34.0,20.0
107010,PACHIZA,2025,06,10,-999,34.8,21.0
107010,PACHIZA,2025,06,11,-999,34.6,20.2
107010,PACHIZA,2025,06,12,-999,31.0,19.0
107010,PACHIZA,2025,06,13,-999,34.0,20.2
107010,PACHIZA,2025,06,14,-999,35.2,20.0
107010,PACHIZA,2025,06,15,-999,36.0,19.0
107010,PACHIZA,2025,06,16,-999,36.4,20.0
107010,PACHIZA,2025,06,17,-999,35.8,21.0
107010,PACHIZA,2025,06,18,-999,35.0,19.8
107010,PACHIZA,2025,06,19,-999,35.8,20.0
107010,PACHIZA,2025,06,20,-999,33.8,20.2
107010,PACHIZA,2025,06,21,-999,35.0,21.0
107010,PACHIZA,2025,06,22,-999,34.8,20.0
107010,PACHIZA,2025,06,23,-999,34.2,19.8
107010,PACHIZA,2025,06,24,-999,35.6,20.0
107010,PACHIZA,2025,06,25,-999,35.0,20.2
107010,PACHIZA,2025,06,26,-999,34.8,19.8
107010,PACHIZA,2025,06,27,-999,35.6,20.0
107010,PACHIZA,2025,06,28,-999,35.0,20.0
107010,PACHIZA,2025,06,29,-999,34.8,20.2
107010,PACHIZA,2025,06,30,-999,35.0,21.0
107010,PACHIZA,2025,07,01,20.8,30.0,19.8
107010,PACHIZA,2025,07,02,4.8,33.0,19.0
107010,PACHIZA,2025,07,03,0.0,34.0,20.0
107010,PACHIZA,2025,07,04,0.0,31.0,18.0
107010,PACHIZA,2025,07,05,0.0,34.0,19.0
107010,PACHIZA,2025,07,06,0.0,34.8,19.8
107010,PACHIZA,2025,07,07,0.0,35.0,19.8
107010,PACHIZA,2025,07,08,0.0,34.2,19.0
107010,PACHIZA,2025,07,09,0.0,34.0,19.6
107010,PACHIZA,2025,07,10,0.0,34.8,20.0
107010,PACHIZA,2025,07,11,0.0,35.0,19.8
107010,PACHIZA,2025,07,12,0.0,34.6,20.0
107010,PACHIZA,2025,07,13,0.0,35.0,20.2
107010,PACHIZA,2025,07,14,0.0,34.6,20.6
107010,PACHIZA,2025,07,15,0.0,36.0,20.2
107010,PACHIZA,2025,07,16,0.0,34.8,20.8
107010,PACHIZA,2025,07,17,0.0,34.8,20.0
107010,PACHIZA,2025,07,18,0.0,34.0,19.8
107010,PACHIZA,2025,07,19,0.0,34.8,19.0
107010,PACHIZA,2025,07,20,0.0,35.0,19.8
107010,PACHIZA,2025,07,21,0.0,35.4,20.0
107010,PACHIZA,2025,07,22,0.0,36.0,20.2
107010,PACHIZA,2025,07,23,0.0,34.2,20.0
107010,PACHIZA,2025,07,24,4.0,35.2,20.2
107010,PACHIZA,2025,07,25,0.0,34.6,19.8
107010,PACHIZA,2025,07,26,0.0,36.0,20.0
107010,PACHIZA,2025,07,27,9.0,35.0,20.2
107010,PACHIZA,2025,07,28,0.0,35.0,20.8
107010,PACHIZA,2025,07,29,15.0,36.0,20.0
107010,PACHIZA,2025,07,30,0.0,34.0,20.2
107010,PACHIZA,2025,07,31,0.0,35.0,20.0
107010,PACHIZA,2025,08,01,-999,-999,-999
107010,PACHIZA,2025,08,02,-999,-999,-999
107010,PACHIZA,2025,08,03,-999,-999,-999
107010,PACHIZA,2025,08,04,-999,-999,-999
107010,PACHIZA,2025,08,05,-999,-999,-999
107010,PACHIZA,2025,08,06,-999,-999,-999
107010,PACHIZA,2025,08,07,-999,-999,-999
107010,PACHIZA,2025,08,08,-999,-999,-999
107010,PACHIZA,2025,08,09,-999,-999,-999
107010,PACHIZA,2025,08,10,-999,-999,-999
107010,PACHIZA,2025,08,11,-999,-999,-999
107010,PACHIZA,2025,08,12,-999,-999,-999
107010,PACHIZA,2025,08,13,0.0,35.8,20.2
107010,PACHIZA,2025,08,14,8.4,33.0,20.0
107010,PACHIZA,2025,08,15,12.0,33.8,20.2
107010,PACHIZA,2025,08,16,0.0,35.0,20.0
107010,PACHIZA,2025,08,17,0.0,35.0,20.8
107010,PACHIZA,2025,08,18,0.0,33.2,20.2
107010,PACHIZA,2025,08,19,0.0,34.0,21.0
107010,PACHIZA,2025,08,20,0.0,35.0,20.0
107010,PACHIZA,2025,08,21,0.0,36.0,20.2
107010,PACHIZA,2025,08,22,0.0,35.0,20.4
107010,PACHIZA,2025,08,23,0.0,34.2,20.0
107010,PACHIZA,2025,08,24,0.0,35.0,20.2
107010,PACHIZA,2025,08,25,0.0,34.2,20.0
107010,PACHIZA,2025,08,26,0.0,34.6,21.0
107010,PACHIZA,2025,08,27,0.0,35.8,19.8
107010,PACHIZA,2025,08,28,0.0,34.8,19.0
107010,PACHIZA,2025,08,29,0.0,34.8,19.8
107010,PACHIZA,2025,08,30,0.0,34.6,18.8
107010,PACHIZA,2025,08,31,0.0,34.0,20.0
107010,PACHIZA,2025,09,01,0.0,34.6,20.0
107010,PACHIZA,2025,09,02,15.0,33.0,19.8
107010,PACHIZA,2025,09,03,0.0,34.2,19.8
107010,PACHIZA,2025,09,04,0.0,34.8,20.0
107010,PACHIZA,2025,09,05,0.0,34.2,19.8
107010,PACHIZA,2025,09,06,2.0,30.2,20.4
107010,PACHIZA,2025,09,07,0.0,29.2,19.0
107010,PACHIZA,2025,09,08,0.0,33.8,18.6
107010,PACHIZA,2025,09,09,0.0,34.0,19.8
107010,PACHIZA,2025,09,10,0.0,34.2,21.2
107010,PACHIZA,2025,09,11,15.0,33.2,21.2
107010,PACHIZA,2025,09,12,0.0,33.2,19.8
107010,PACHIZA,2025,09,13,0.0,34.2,20.0
107010,PACHIZA,2025,09,14,0.0,35.0,18.0
107010,PACHIZA,2025,09,15,0.0,34.8,20.0
107010,PACHIZA,2025,09,16,15.2,35.0,20.0
107010,PACHIZA,2025,09,17,0.0,34.0,19.8
107010,PACHIZA,2025,09,18,0.0,34.8,20.0
107010,PACHIZA,2025,09,19,0.0,34.0,-999
107010,PACHIZA,2025,09,20,0.0,34.2,21.0
107010,PACHIZA,2025,09,21,0.0,35.0,20.0
107010,PACHIZA,2025,09,22,0.0,35.6,21.0
107010,PACHIZA,2025,09,23,20.0,30.0,20.0
107010,PACHIZA,2025,09,24,5.0,34.8,20.2
107010,PACHIZA,2025,09,25,14.0,31.0,19.8
107010,PACHIZA,2025,09,26,0.0,31.0,18.0
107010,PACHIZA,2025,09,27,0.0,34.0,19.8
107010,PACHIZA,2025,09,28,0.0,34.8,21.2
107010,PACHIZA,2025,09,29,0.0,34.2,20.0
107010,PACHIZA,2025,09,30,0.0,34.8,20.2
107010,PACHIZA,2025,10,01,3.2,35.8,20.0
107010,PACHIZA,2025,10,02,9.0,30.0,20.2
107010,PACHIZA,2025,10,03,0.0,33.8,19.0
107010,PACHIZA,2025,10,04,0.0,35.0,20.0
107010,PACHIZA,2025,10,05,0.0,35.2,20.2
107010,PACHIZA,2025,10,06,0.0,34.8,19.8
107010,PACHIZA,2025,10,07,0.0,34.6,20.0
107010,PACHIZA,2025,10,08,9.0,32.0,19.8
107010,PACHIZA,2025,10,09,3.0,32.8,20.0
107010,PACHIZA,2025,10,10,28.0,31.0,19.8
107010,PACHIZA,2025,10,11,0.0,34.2,19.8
107010,PACHIZA,2025,10,12,0.0,33.8,20.0
107010,PACHIZA,2025,10,13,15.0,34.0,20.2
107010,PACHIZA,2025,10,14,0.0,34.0,19.8
107010,PACHIZA,2025,10,15,0.0,33.8,20.0
107010,PACHIZA,2025,10,16,12.0,34.0,20.2
107010,PACHIZA,2025,10,17,0.0,33.0,19.8
107010,PACHIZA,2025,10,18,0.0,34.0,20.0
107010,PACHIZA,2025,10,19,4.0,34.8,20.2
107010,PACHIZA,2025,10,20,0.0,34.0,20.0
107010,PACHIZA,2025,10,21,0.0,35.0,19.8
107010,PACHIZA,2025,10,22,0.0,34.2,20.0
107010,PACHIZA,2025,10,23,0.0,35.0,20.2
107010,PACHIZA,2025,10,24,0.0,34.0,21.0
107010,PACHIZA,2025,10,25,0.0,35.2,20.2
107010,PACHIZA,2025,10,26,0.0,34.6,21.0
107010,PACHIZA,2025,10,27,0.0,35.0,20.0
107010,PACHIZA,2025,10,28,15.0,32.8,21.0
107010,PACHIZA,2025,10,29,0.0,32.6,19.8
107010,PACHIZA,2025,10,30,0.0,34.0,20.0
107010,PACHIZA,2025,10,31,20.0,33.8,21.0
107010,PACHIZA,2025,11,01,0.0,34.0,19.8
107010,PACHIZA,2025,11,02,0.0,34.2,20.0
107010,PACHIZA,2025,11,03,0.0,34.8,20.2
107010,PACHIZA,2025,11,04,8.0,33.8,20.0
107010,PACHIZA,2025,11,05,0.0,35.0,19.8
107010,PACHIZA,2025,11,06,0.0,33.8,20.0
107010,PACHIZA,2025,11,07,0.0,34.0,20.2
107010,PACHIZA,2025,11,08,0.0,34.4,21.0
107010,PACHIZA,2025,11,09,12.0,35.0,20.0
107010,PACHIZA,2025,11,10,0.0,33.0,19.8
107010,PACHIZA,2025,11,11,0.0,34.2,19.8
107010,PACHIZA,2025,11,12,10.0,35.0,20.0
107010,PACHIZA,2025,11,13,18.0,35.0,19.8
107010,PACHIZA,2025,11,14,19.0,34.8,19.0
107010,PACHIZA,2025,11,15,0.0,33.0,19.8
107010,PACHIZA,2025,11,16,0.0,33.8,20.0
107010,PACHIZA,2025,11,17,0.0,34.2,20.0
107010,PACHIZA,2025,11,18,16.2,34.0,20.2
107010,PACHIZA,2025,11,19,5.6,34.8,19.8
107010,PACHIZA,2025,11,20,6.8,35.0,20.0
107010,PACHIZA,2025,11,21,0.0,35.2,19.0
107010,PACHIZA,2025,11,22,0.0,35.0,20.0
107010,PACHIZA,2025,11,23,6.0,35.2,20.2
107010,PACHIZA,2025,11,24,5.6,32.0,19.8
107010,PACHIZA,2025,11,25,0.0,35.0,20.0
107010,PACHIZA,2025,11,26,8.0,33.8,20.2
107010,PACHIZA,2025,11,27,0.0,33.0,19.0
107010,PACHIZA,2025,11,28,0.0,33.8,20.0
107010,PACHIZA,2025,11,29,0.0,34.4,20.2
107010,PACHIZA,2025,11,30,0.0,34.0,20.0
107010,PACHIZA,2025,12,01,4.0,33.8,20.2
107010,PACHIZA,2025,12,02,0.0,33.8,19.8
107010,PACHIZA,2025,12,03,0.0,34.0,20.0
107010,PACHIZA,2025,12,04,0.0,34.2,20.2
107010,PACHIZA,2025,12,05,0.0,35.0,20.0
107010,PACHIZA,2025,12,06,0.0,34.8,21.0
107010,PACHIZA,2025,12,07,0.0,34.0,20.0
107010,PACHIZA,2025,12,08,0.0,34.8,20.2
107010,PACHIZA,2025,12,09,10.0,34.8,21.0
107010,PACHIZA,2025,12,10,0.0,33.8,20.0
107010,PACHIZA,2025,12,11,0.0,34.0,20.2
107010,PACHIZA,2025,12,12,0.0,34.8,21.0
107010,PACHIZA,2025,12,13,0.0,35.0,21.0
107010,PACHIZA,2025,12,14,0.0,34.6,21.2
107010,PACHIZA,2025,12,15,9.0,34.8,20.0
107010,PACHIZA,2025,12,16,0.0,35.0,20.0
107010,PACHIZA,2025,12,17,0.0,35.0,21.0
107010,PACHIZA,2025,12,18,8.6,34.0,21.0
107010,PACHIZA,2025,12,19,0.0,34.8,20.0
107010,PACHIZA,2025,12,20,8.0,35.0,20.2
107010,PACHIZA,2025,12,21,0.0,34.8,21.0
107010,PACHIZA,2025,12,22,0.0,34.6,20.0
107010,PACHIZA,2025,12,23,0.0,33.8,20.2
107010,PACHIZA,2025,12,24,0.0,34.8,21.0
107010,PACHIZA,2025,12,25,0.0,35.0,20.2
107010,PACHIZA,2025,12,26,0.0,33.8,20.0
107010,PACHIZA,2025,12,27,0.0,34.0,20.2
107010,PACHIZA,2025,12,28,4.0,33.6,20.0
107010,PACHIZA,2025,12,29,0.0,34.6,19.8
107010,PACHIZA,2025,12,30,0.0,34.0,20.0
107010,PACHIZA,2025,12,31,19.8,33.8,20.2
