CODIGO,ESTACION,YEAR,MONTH,DAY,PP,TMAX,TMIN
107013,LA_UNION,1970,08,01,0.0,-999,-999
107013,LA_UNION,1970,08,02,0.0,-999,-999
107013,LA_UNION,1970,08,03,0.0,-999,-999
107013,LA_UNION,1970,08,04,0.0,-999,-999
107013,LA_UNION,1970,08,05,0.0,-999,-999
107013,LA_UNION,1970,08,06,0.0,-999,-999
107013,LA_UNION,1970,08,07,0.0,-999,-999
107013,LA_UNION,1970,08,08,2.4,-999,-999
107013,LA_UNION,1970,08,09,0.0,-999,-999
107013,LA_UNION,1970,08,10,0.0,-999,-999
107013,LA_UNION,1970,08,11,0.0,-999,-999
107013,LA_UNION,1970,08,12,0.0,-999,-999
107013,LA_UNION,1970,08,13,0.0,-999,-999
107013,LA_UNION,1970,08,14,18.5,-999,-999
107013,LA_UNION,1970,08,15,12.7,-999,-999
107013,LA_UNION,1970,08,16,0.0,-999,-999
107013,LA_UNION,1970,08,17,0.0,-999,-999
107013,LA_UNION,1970,08,18,0.0,-999,-999
107013,LA_UNION,1970,08,19,0.0,-999,-999
107013,LA_UNION,1970,08,20,0.0,-999,-999
107013,LA_UNION,1970,08,21,0.0,-999,-999
107013,LA_UNION,1970,08,22,0.0,-999,-999
107013,LA_UNION,1970,08,23,0.0,-999,-999
107013,LA_UNION,1970,08,24,0.0,-999,-999
107013,LA_UNION,1970,08,25,0.0,-999,-999
107013,LA_UNION,1970,08,26,5.8,-999,-999
107013,LA_UNION,1970,08,27,0.0,-999,-999
107013,LA_UNION,1970,08,28,2.1,-999,-999
107013,LA_UNION,1970,08,29,0.0,-999,-999
107013,LA_UNION,1970,08,30,0.0,-999,-999
107013,LA_UNION,1970,08,31,0.0,-999,-999
107013,LA_UNION,1970,09,01,0.1,-999,-999
107013,LA_UNION,1970,09,02,2.7,-999,-999
107013,LA_UNION,1970,09,03,0.0,-999,-999
107013,LA_UNION,1970,09,04,0.0,-999,-999
107013,LA_UNION,1970,09,05,0.0,-999,-999
107013,LA_UNION,1970,09,06,0.0,-999,-999
107013,LA_UNION,1970,09,07,2.4,-999,-999
107013,LA_UNION,1970,09,08,39.4,-999,-999
107013,LA_UNION,1970,09,09,0.0,-999,-999
107013,LA_UNION,1970,09,10,5.8,-999,-999
107013,LA_UNION,1970,09,11,0.0,-999,-999
107013,LA_UNION,1970,09,12,0.0,-999,-999
107013,LA_UNION,1970,09,13,0.0,-999,-999
107013,LA_UNION,1970,09,14,49.1,-999,-999
107013,LA_UNION,1970,09,15,7.1,-999,-999
107013,LA_UNION,1970,09,16,0.0,-999,-999
107013,LA_UNION,1970,09,17,0.0,-999,-999
107013,LA_UNION,1970,09,18,0.0,-999,-999
107013,LA_UNION,1970,09,19,0.0,-999,-999
107013,LA_UNION,1970,09,20,0.0,-999,-999
107013,LA_UNION,1970,09,21,15.6,-999,-999
107013,LA_UNION,1970,09,22,5.6,-999,-999
107013,LA_UNION,1970,09,23,7.2,-999,-999
107013,LA_UNION,1970,09,24,0.0,-999,-999
107013,LA_UNION,1970,09,25,0.5,-999,-999
107013,LA_UNION,1970,09,26,0.0,-999,-999
107013,LA_UNION,1970,09,27,19.9,-999,-999
107013,LA_UNION,1970,09,28,0.0,-999,-999
107013,LA_UNION,1970,09,29,14.3,-999,-999
107013,LA_UNION,1970,09,30,0.0,-999,-999
107013,LA_UNION,1970,10,01,0.0,-999,-999
107013,LA_UNION,1970,10,02,0.0,-999,-999
107013,LA_UNION,1970,10,03,0.0,-999,-999
107013,LA_UNION,1970,10,04,1.3,-999,-999
107013,LA_UNION,1970,10,05,0.0,-999,-999
107013,LA_UNION,1970,10,06,0.0,-999,-999
107013,LA_UNION,1970,10,07,0.0,-999,-999
107013,LA_UNION,1970,10,08,0.0,-999,-999
107013,LA_UNION,1970,10,09,21.7,-999,-999
107013,LA_UNION,1970,10,10,18.8,-999,-999
107013,LA_UNION,1970,10,11,0.0,-999,-999
107013,LA_UNION,1970,10,12,10.2,-999,-999
107013,LA_UNION,1970,10,13,0.0,-999,-999
107013,LA_UNION,1970,10,14,0.0,-999,-999
107013,LA_UNION,1970,10,15,0.0,-999,-999
107013,LA_UNION,1970,10,16,0.0,-999,-999
107013,LA_UNION,1970,10,17,0.0,-999,-999
107013,LA_UNION,1970,10,18,0.4,-999,-999
107013,LA_UNION,1970,10,19,0.0,-999,-999
107013,LA_UNION,1970,10,20,6.9,-999,-999
107013,LA_UNION,1970,10,21,0.0,-999,-999
107013,LA_UNION,1970,10,22,0.0,-999,-999
107013,LA_UNION,1970,10,23,3.2,-999,-999
107013,LA_UNION,1970,10,24,0.0,-999,-999
107013,LA_UNION,1970,10,25,0.0,-999,-999
107013,LA_UNION,1970,10,26,0.0,-999,-999
107013,LA_UNION,1970,10,27,7.6,-999,-999
107013,LA_UNION,1970,10,28,0.0,-999,-999
107013,LA_UNION,1970,10,29,0.5,-999,-999
107013,LA_UNION,1970,10,30,4.7,-999,-999
107013,LA_UNION,1970,10,31,0.0,-999,-999
107013,LA_UNION,1970,11,01,0.0,-999,-999
107013,LA_UNION,1970,11,02,6.4,-999,-999
107013,LA_UNION,1970,11,03,0.4,-999,-999
107013,LA_UNION,1970,11,04,0.0,-999,-999
107013,LA_UNION,1970,11,05,0.0,-999,-999
107013,LA_UNION,1970,11,06,0.0,-999,-999
107013,LA_UNION,1970,11,07,0.0,-999,-999
107013,LA_UNION,1970,11,08,0.0,-999,-999
107013,LA_UNION,1970,11,09,8.5,-999,-999
107013,LA_UNION,1970,11,10,18.6,-999,-999
107013,LA_UNION,1970,11,11,0.0,-999,-999
107013,LA_UNION,1970,11,12,0.0,-999,-999
107013,LA_UNION,1970,11,13,0.0,-999,-999
107013,LA_UNION,1970,11,14,0.0,-999,-999
107013,LA_UNION,1970,11,15,0.0,-999,-999
107013,LA_UNION,1970,11,16,0.6,-999,-999
107013,LA_UNION,1970,11,17,0.0,-999,-999
107013,LA_UNION,1970,11,18,9.1,-999,-999
107013,LA_UNION,1970,11,19,23.7,-999,-999
107013,LA_UNION,1970,11,20,0.0,-999,-999
107013,LA_UNION,1970,11,21,0.0,-999,-999
107013,LA_UNION,1970,11,22,0.0,-999,-999
107013,LA_UNION,1970,11,23,14.2,-999,-999
107013,LA_UNION,1970,11,24,0.0,-999,-999
107013,LA_UNION,1970,11,25,9.1,-999,-999
107013,LA_UNION,1970,11,26,0.0,-999,-999
107013,LA_UNION,1970,11,27,0.0,-999,-999
107013,LA_UNION,1970,11,28,0.0,-999,-999
107013,LA_UNION,1970,11,29,3.5,-999,-999
107013,LA_UNION,1970,11,30,2.5,-999,-999
107013,LA_UNION,1970,12,01,0.0,-999,-999
107013,LA_UNION,1970,12,02,0.0,-999,-999
107013,LA_UNION,1970,12,03,11.4,-999,-999
107013,LA_UNION,1970,12,04,0.0,-999,-999
107013,LA_UNION,1970,12,05,0.0,-999,-999
107013,LA_UNION,1970,12,06,0.0,-999,-999
107013,LA_UNION,1970,12,07,0.0,-999,-999
107013,LA_UNION,1970,12,08,0.0,-999,-999
107013,LA_UNION,1970,12,09,0.0,-999,-999
107013,LA_UNION,1970,12,10,0.0,-999,-999
107013,LA_UNION,1970,12,11,0.0,-999,-999
107013,LA_UNION,1970,12,12,6.5,-999,-999
107013,LA_UNION,1970,12,13,0.0,-999,-999
107013,LA_UNION,1970,12,14,0.0,-999,-999
107013,LA_UNION,1970,12,15,0.0,-999,-999
107013,LA_UNION,1970,12,16,0.0,-999,-999
107013,LA_UNION,1970,12,17,0.0,-999,-999
107013,LA_UNION,1970,12,18,0.0,-999,-999
107013,LA_UNION,1970,12,19,0.0,-999,-999
107013,LA_UNION,1970,12,20,2.0,-999,-999
107013,LA_UNION,1970,12,21,0.0,-999,-999
107013,LA_UNION,1970,12,22,0.0,-999,-999
107013,LA_UNION,1970,12,23,0.0,-999,-999
107013,LA_UNION,1970,12,24,0.0,-999,-999
107013,LA_UNION,1970,12,25,0.0,-999,-999
107013,LA_UNION,1970,12,26,0.0,-999,-999
107013,LA_UNION,1970,12,27,14.0,-999,-999
107013,LA_UNION,1970,12,28,0.0,-999,-999
107013,LA_UNION,1970,12,29,0.0,-999,-999
107013,LA_UNION,1970,12,30,0.0,-999,-999
107013,LA_UNION,1970,12,31,0.0,-999,-999
107013,LA_UNION,1971,01,01,0.8,-999,-999
107013,LA_UNION,1971,01,02,1.7,-999,-999
107013,LA_UNION,1971,01,03,0.0,-999,-999
107013,LA_UNION,1971,01,04,0.0,-999,-999
107013,LA_UNION,1971,01,05,0.0,-999,-999
107013,LA_UNION,1971,01,06,1.0,-999,-999
107013,LA_UNION,1971,01,07,0.0,-999,-999
107013,LA_UNION,1971,01,08,0.0,-999,-999
107013,LA_UNION,1971,01,09,0.0,-999,-999
107013,LA_UNION,1971,01,10,0.0,-999,-999
107013,LA_UNION,1971,01,11,0.0,-999,-999
107013,LA_UNION,1971,01,12,0.0,-999,-999
107013,LA_UNION,1971,01,13,0.0,-999,-999
107013,LA_UNION,1971,01,14,0.0,-999,-999
107013,LA_UNION,1971,01,15,0.0,-999,-999
107013,LA_UNION,1971,01,16,0.0,-999,-999
107013,LA_UNION,1971,01,17,1.7,-999,-999
107013,LA_UNION,1971,01,18,0.0,-999,-999
107013,LA_UNION,1971,01,19,0.0,-999,-999
107013,LA_UNION,1971,01,20,1.8,-999,-999
107013,LA_UNION,1971,01,21,4.6,-999,-999
107013,LA_UNION,1971,01,22,0.0,-999,-999
107013,LA_UNION,1971,01,23,0.0,-999,-999
107013,LA_UNION,1971,01,24,0.0,-999,-999
107013,LA_UNION,1971,01,25,3.5,-999,-999
107013,LA_UNION,1971,01,26,2.5,-999,-999
107013,LA_UNION,1971,01,27,0.0,-999,-999
107013,LA_UNION,1971,01,28,0.0,-999,-999
107013,LA_UNION,1971,01,29,0.0,-999,-999
107013,LA_UNION,1971,01,30,0.0,-999,-999
107013,LA_UNION,1971,01,31,0.0,-999,-999
107013,LA_UNION,1971,02,01,0.0,-999,-999
107013,LA_UNION,1971,02,02,2.7,-999,-999
107013,LA_UNION,1971,02,03,0.0,-999,-999
107013,LA_UNION,1971,02,04,6.6,-999,-999
107013,LA_UNION,1971,02,05,76.1,-999,-999
107013,LA_UNION,1971,02,06,0.0,-999,-999
107013,LA_UNION,1971,02,07,0.0,-999,-999
107013,LA_UNION,1971,02,08,0.0,-999,-999
107013,LA_UNION,1971,02,09,0.0,-999,-999
107013,LA_UNION,1971,02,10,7.0,-999,-999
107013,LA_UNION,1971,02,11,5.8,-999,-999
107013,LA_UNION,1971,02,12,0.0,-999,-999
107013,LA_UNION,1971,02,13,0.0,-999,-999
107013,LA_UNION,1971,02,14,0.0,-999,-999
107013,LA_UNION,1971,02,15,0.0,-999,-999
107013,LA_UNION,1971,02,16,0.0,-999,-999
107013,LA_UNION,1971,02,17,5.3,-999,-999
107013,LA_UNION,1971,02,18,1.9,-999,-999
107013,LA_UNION,1971,02,19,9.0,-999,-999
107013,LA_UNION,1971,02,20,6.8,-999,-999
107013,LA_UNION,1971,02,21,0.0,-999,-999
107013,LA_UNION,1971,02,22,0.0,-999,-999
107013,LA_UNION,1971,02,23,0.0,-999,-999
107013,LA_UNION,1971,02,24,0.0,-999,-999
107013,LA_UNION,1971,02,25,0.0,-999,-999
107013,LA_UNION,1971,02,26,0.0,-999,-999
107013,LA_UNION,1971,02,27,0.0,-999,-999
107013,LA_UNION,1971,02,28,0.0,-999,-999
107013,LA_UNION,1971,03,01,0.0,-999,-999
107013,LA_UNION,1971,03,02,4.9,-999,-999
107013,LA_UNION,1971,03,03,0.0,-999,-999
107013,LA_UNION,1971,03,04,9.5,-999,-999
107013,LA_UNION,1971,03,05,0.0,-999,-999
107013,LA_UNION,1971,03,06,0.0,-999,-999
107013,LA_UNION,1971,03,07,0.0,-999,-999
107013,LA_UNION,1971,03,08,52.0,-999,-999
107013,LA_UNION,1971,03,09,0.0,-999,-999
107013,LA_UNION,1971,03,10,0.0,-999,-999
107013,LA_UNION,1971,03,11,0.0,-999,-999
107013,LA_UNION,1971,03,12,0.0,-999,-999
107013,LA_UNION,1971,03,13,0.0,-999,-999
107013,LA_UNION,1971,03,14,0.0,-999,-999
107013,LA_UNION,1971,03,15,0.0,-999,-999
107013,LA_UNION,1971,03,16,11.9,-999,-999
107013,LA_UNION,1971,03,17,1.4,-999,-999
107013,LA_UNION,1971,03,18,3.0,-999,-999
107013,LA_UNION,1971,03,19,14.5,-999,-999
107013,LA_UNION,1971,03,20,3.0,-999,-999
107013,LA_UNION,1971,03,21,0.0,-999,-999
107013,LA_UNION,1971,03,22,0.0,-999,-999
107013,LA_UNION,1971,03,23,0.0,-999,-999
107013,LA_UNION,1971,03,24,9.0,-999,-999
107013,LA_UNION,1971,03,25,2.3,-999,-999
107013,LA_UNION,1971,03,26,0.0,-999,-999
107013,LA_UNION,1971,03,27,0.0,-999,-999
107013,LA_UNION,1971,03,28,0.0,-999,-999
107013,LA_UNION,1971,03,29,19.8,-999,-999
107013,LA_UNION,1971,03,30,5.2,-999,-999
107013,LA_UNION,1971,03,31,0.0,-999,-999
107013,LA_UNION,1971,04,01,0.2,-999,-999
107013,LA_UNION,1971,04,02,29.4,-999,-999
107013,LA_UNION,1971,04,03,0.0,-999,-999
107013,LA_UNION,1971,04,04,14.4,-999,-999
107013,LA_UNION,1971,04,05,10.2,-999,-999
107013,LA_UNION,1971,04,06,0.0,-999,-999
107013,LA_UNION,1971,04,07,0.0,-999,-999
107013,LA_UNION,1971,04,08,0.0,-999,-999
107013,LA_UNION,1971,04,09,0.0,-999,-999
107013,LA_UNION,1971,04,10,0.0,-999,-999
107013,LA_UNION,1971,04,11,9.6,-999,-999
107013,LA_UNION,1971,04,12,30.7,-999,-999
107013,LA_UNION,1971,04,13,0.0,-999,-999
107013,LA_UNION,1971,04,14,5.3,-999,-999
107013,LA_UNION,1971,04,15,0.0,-999,-999
107013,LA_UNION,1971,04,16,70.5,-999,-999
107013,LA_UNION,1971,04,17,1.3,-999,-999
107013,LA_UNION,1971,04,18,0.0,-999,-999
107013,LA_UNION,1971,04,19,0.0,-999,-999
107013,LA_UNION,1971,04,20,0.0,-999,-999
107013,LA_UNION,1971,04,21,13.4,-999,-999
107013,LA_UNION,1971,04,22,15.4,-999,-999
107013,LA_UNION,1971,04,23,40.0,-999,-999
107013,LA_UNION,1971,04,24,40.0,-999,-999
107013,LA_UNION,1971,04,25,0.0,-999,-999
107013,LA_UNION,1971,04,26,0.0,-999,-999
107013,LA_UNION,1971,04,27,0.0,-999,-999
107013,LA_UNION,1971,04,28,0.0,-999,-999
107013,LA_UNION,1971,04,29,0.0,-999,-999
107013,LA_UNION,1971,04,30,0.0,-999,-999
107013,LA_UNION,1971,05,01,0.0,-999,-999
107013,LA_UNION,1971,05,02,0.0,-999,-999
107013,LA_UNION,1971,05,03,0.0,-999,-999
107013,LA_UNION,1971,05,04,0.0,-999,-999
107013,LA_UNION,1971,05,05,17.9,-999,-999
107013,LA_UNION,1971,05,06,22.6,-999,-999
107013,LA_UNION,1971,05,07,0.0,-999,-999
107013,LA_UNION,1971,05,08,20.4,-999,-999
107013,LA_UNION,1971,05,09,0.0,-999,-999
107013,LA_UNION,1971,05,10,0.0,-999,-999
107013,LA_UNION,1971,05,11,0.0,-999,-999
107013,LA_UNION,1971,05,12,0.0,-999,-999
107013,LA_UNION,1971,05,13,0.0,-999,-999
107013,LA_UNION,1971,05,14,0.0,-999,-999
107013,LA_UNION,1971,05,15,0.0,-999,-999
107013,LA_UNION,1971,05,16,0.0,-999,-999
107013,LA_UNION,1971,05,17,0.0,-999,-999
107013,LA_UNION,1971,05,18,27.5,-999,-999
107013,LA_UNION,1971,05,19,0.0,-999,-999
107013,LA_UNION,1971,05,20,0.0,-999,-999
107013,LA_UNION,1971,05,21,0.0,-999,-999
107013,LA_UNION,1971,05,22,0.0,-999,-999
107013,LA_UNION,1971,05,23,0.0,-999,-999
107013,LA_UNION,1971,05,24,0.0,-999,-999
107013,LA_UNION,1971,05,25,0.0,-999,-999
107013,LA_UNION,1971,05,26,0.0,-999,-999
107013,LA_UNION,1971,05,27,18.8,-999,-999
107013,LA_UNION,1971,05,28,0.0,-999,-999
107013,LA_UNION,1971,05,29,0.0,-999,-999
107013,LA_UNION,1971,05,30,0.0,-999,-999
107013,LA_UNION,1971,05,31,0.0,-999,-999
107013,LA_UNION,1971,06,01,0.0,-999,-999
107013,LA_UNION,1971,06,02,0.0,-999,-999
107013,LA_UNION,1971,06,03,0.0,-999,-999
107013,LA_UNION,1971,06,04,9.1,-999,-999
107013,LA_UNION,1971,06,05,0.0,-999,-999
107013,LA_UNION,1971,06,06,0.0,-999,-999
107013,LA_UNION,1971,06,07,7.0,-999,-999
107013,LA_UNION,1971,06,08,0.0,-999,-999
107013,LA_UNION,1971,06,09,0.0,-999,-999
107013,LA_UNION,1971,06,10,0.0,-999,-999
107013,LA_UNION,1971,06,11,0.0,-999,-999
107013,LA_UNION,1971,06,12,0.0,-999,-999
107013,LA_UNION,1971,06,13,0.0,-999,-999
107013,LA_UNION,1971,06,14,0.0,-999,-999
107013,LA_UNION,1971,06,15,0.0,-999,-999
107013,LA_UNION,1971,06,16,0.0,-999,-999
107013,LA_UNION,1971,06,17,0.0,-999,-999
107013,LA_UNION,1971,06,18,0.0,-999,-999
107013,LA_UNION,1971,06,19,0.0,-999,-999
107013,LA_UNION,1971,06,20,0.0,-999,-999
107013,LA_UNION,1971,06,21,0.0,-999,-999
107013,LA_UNION,1971,06,22,0.0,-999,-999
107013,LA_UNION,1971,06,23,13.7,-999,-999
107013,LA_UNION,1971,06,24,0.0,-999,-999
107013,LA_UNION,1971,06,25,1.1,-999,-999
107013,LA_UNION,1971,06,26,0.0,-999,-999
107013,LA_UNION,1971,06,27,0.0,-999,-999
107013,LA_UNION,1971,06,28,0.0,-999,-999
107013,LA_UNION,1971,06,29,0.0,-999,-999
107013,LA_UNION,1971,06,30,0.0,-999,-999
107013,LA_UNION,1971,07,01,0.0,-999,-999
107013,LA_UNION,1971,07,02,0.0,-999,-999
107013,LA_UNION,1971,07,03,0.0,-999,-999
107013,LA_UNION,1971,07,04,0.0,-999,-999
107013,LA_UNION,1971,07,05,9.0,-999,-999
107013,LA_UNION,1971,07,06,10.0,-999,-999
107013,LA_UNION,1971,07,07,20.4,-999,-999
107013,LA_UNION,1971,07,08,0.0,-999,-999
107013,LA_UNION,1971,07,09,0.0,-999,-999
107013,LA_UNION,1971,07,10,0.0,-999,-999
107013,LA_UNION,1971,07,11,0.0,-999,-999
107013,LA_UNION,1971,07,12,0.0,-999,-999
107013,LA_UNION,1971,07,13,0.0,-999,-999
107013,LA_UNION,1971,07,14,0.0,-999,-999
107013,LA_UNION,1971,07,15,4.2,-999,-999
107013,LA_UNION,1971,07,16,0.0,-999,-999
107013,LA_UNION,1971,07,17,0.0,-999,-999
107013,LA_UNION,1971,07,18,0.0,-999,-999
107013,LA_UNION,1971,07,19,0.0,-999,-999
107013,LA_UNION,1971,07,20,0.0,-999,-999
107013,LA_UNION,1971,07,21,0.0,-999,-999
107013,LA_UNION,1971,07,22,2.4,-999,-999
107013,LA_UNION,1971,07,23,0.0,-999,-999
107013,LA_UNION,1971,07,24,0.0,-999,-999
107013,LA_UNION,1971,07,25,0.0,-999,-999
107013,LA_UNION,1971,07,26,0.0,-999,-999
107013,LA_UNION,1971,07,27,0.0,-999,-999
107013,LA_UNION,1971,07,28,0.0,-999,-999
107013,LA_UNION,1971,07,29,0.0,-999,-999
107013,LA_UNION,1971,07,30,0.0,-999,-999
107013,LA_UNION,1971,07,31,0.0,-999,-999
107013,LA_UNION,1971,08,01,0.0,-999,-999
107013,LA_UNION,1971,08,02,0.0,-999,-999
107013,LA_UNION,1971,08,03,0.0,-999,-999
107013,LA_UNION,1971,08,04,0.0,-999,-999
107013,LA_UNION,1971,08,05,0.0,-999,-999
107013,LA_UNION,1971,08,06,0.0,-999,-999
107013,LA_UNION,1971,08,07,-888,-999,-999
107013,LA_UNION,1971,08,08,8.0,-999,-999
107013,LA_UNION,1971,08,09,0.0,-999,-999
107013,LA_UNION,1971,08,10,10.4,-999,-999
107013,LA_UNION,1971,08,11,0.0,-999,-999
107013,LA_UNION,1971,08,12,0.0,-999,-999
107013,LA_UNION,1971,08,13,0.0,-999,-999
107013,LA_UNION,1971,08,14,0.0,-999,-999
107013,LA_UNION,1971,08,15,0.0,-999,-999
107013,LA_UNION,1971,08,16,0.0,-999,-999
107013,LA_UNION,1971,08,17,0.0,-999,-999
107013,LA_UNION,1971,08,18,0.0,-999,-999
107013,LA_UNION,1971,08,19,0.0,-999,-999
107013,LA_UNION,1971,08,20,0.0,-999,-999
107013,LA_UNION,1971,08,21,0.0,-999,-999
107013,LA_UNION,1971,08,22,0.0,-999,-999
107013,LA_UNION,1971,08,23,0.0,-999,-999
107013,LA_UNION,1971,08,24,30.3,-999,-999
107013,LA_UNION,1971,08,25,24.6,-999,-999
107013,LA_UNION,1971,08,26,0.0,-999,-999
107013,LA_UNION,1971,08,27,0.0,-999,-999
107013,LA_UNION,1971,08,28,0.0,-999,-999
107013,LA_UNION,1971,08,29,0.0,-999,-999
107013,LA_UNION,1971,08,30,0.0,-999,-999
107013,LA_UNION,1971,08,31,0.0,-999,-999
107013,LA_UNION,1971,09,01,0.0,-999,-999
107013,LA_UNION,1971,09,02,0.0,-999,-999
107013,LA_UNION,1971,09,03,0.0,-999,-999
107013,LA_UNION,1971,09,04,0.0,-999,-999
107013,LA_UNION,1971,09,05,0.0,-999,-999
107013,LA_UNION,1971,09,06,0.0,-999,-999
107013,LA_UNION,1971,09,07,0.0,-999,-999
107013,LA_UNION,1971,09,08,10.2,-999,-999
107013,LA_UNION,1971,09,09,0.0,-999,-999
107013,LA_UNION,1971,09,10,0.0,-999,-999
107013,LA_UNION,1971,09,11,0.0,-999,-999
107013,LA_UNION,1971,09,12,10.2,-999,-999
107013,LA_UNION,1971,09,13,0.0,-999,-999
107013,LA_UNION,1971,09,14,0.0,-999,-999
107013,LA_UNION,1971,09,15,8.6,-999,-999
107013,LA_UNION,1971,09,16,0.0,-999,-999
107013,LA_UNION,1971,09,17,0.0,-999,-999
107013,LA_UNION,1971,09,18,0.0,-999,-999
107013,LA_UNION,1971,09,19,0.0,-999,-999
107013,LA_UNION,1971,09,20,0.0,-999,-999
107013,LA_UNION,1971,09,21,0.0,-999,-999
107013,LA_UNION,1971,09,22,14.2,-999,-999
107013,LA_UNION,1971,09,23,0.0,-999,-999
107013,LA_UNION,1971,09,24,0.0,-999,-999
107013,LA_UNION,1971,09,25,0.0,-999,-999
107013,LA_UNION,1971,09,26,0.0,-999,-999
107013,LA_UNION,1971,09,27,0.0,-999,-999
107013,LA_UNION,1971,09,28,0.0,-999,-999
107013,LA_UNION,1971,09,29,0.0,-999,-999
107013,LA_UNION,1971,09,30,0.0,-999,-999
107013,LA_UNION,1971,10,01,0.0,-999,-999
107013,LA_UNION,1971,10,02,0.0,-999,-999
107013,LA_UNION,1971,10,03,0.0,-999,-999
107013,LA_UNION,1971,10,04,6.8,-999,-999
107013,LA_UNION,1971,10,05,0.0,-999,-999
107013,LA_UNION,1971,10,06,0.0,-999,-999
107013,LA_UNION,1971,10,07,0.0,-999,-999
107013,LA_UNION,1971,10,08,0.0,-999,-999
107013,LA_UNION,1971,10,09,0.0,-999,-999
107013,LA_UNION,1971,10,10,0.0,-999,-999
107013,LA_UNION,1971,10,11,0.0,-999,-999
107013,LA_UNION,1971,10,12,10.8,-999,-999
107013,LA_UNION,1971,10,13,0.0,-999,-999
107013,LA_UNION,1971,10,14,0.0,-999,-999
107013,LA_UNION,1971,10,15,0.0,-999,-999
107013,LA_UNION,1971,10,16,0.0,-999,-999
107013,LA_UNION,1971,10,17,0.0,-999,-999
107013,LA_UNION,1971,10,18,0.0,-999,-999
107013,LA_UNION,1971,10,19,0.0,-999,-999
107013,LA_UNION,1971,10,20,6.0,-999,-999
107013,LA_UNION,1971,10,21,0.0,-999,-999
107013,LA_UNION,1971,10,22,0.0,-999,-999
107013,LA_UNION,1971,10,23,0.0,-999,-999
107013,LA_UNION,1971,10,24,0.0,-999,-999
107013,LA_UNION,1971,10,25,4.0,-999,-999
107013,LA_UNION,1971,10,26,10.6,-999,-999
107013,LA_UNION,1971,10,27,0.0,-999,-999
107013,LA_UNION,1971,10,28,0.0,-999,-999
107013,LA_UNION,1971,10,29,0.0,-999,-999
107013,LA_UNION,1971,10,30,0.0,-999,-999
107013,LA_UNION,1971,10,31,0.0,-999,-999
107013,LA_UNION,1971,11,01,15.0,-999,-999
107013,LA_UNION,1971,11,02,0.0,-999,-999
107013,LA_UNION,1971,11,03,0.0,-999,-999
107013,LA_UNION,1971,11,04,0.0,-999,-999
107013,LA_UNION,1971,11,05,0.0,-999,-999
107013,LA_UNION,1971,11,06,0.0,-999,-999
107013,LA_UNION,1971,11,07,0.0,-999,-999
107013,LA_UNION,1971,11,08,0.0,-999,-999
107013,LA_UNION,1971,11,09,0.0,-999,-999
107013,LA_UNION,1971,11,10,0.0,-999,-999
107013,LA_UNION,1971,11,11,0.0,-999,-999
107013,LA_UNION,1971,11,12,0.0,-999,-999
107013,LA_UNION,1971,11,13,0.0,-999,-999
107013,LA_UNION,1971,11,14,0.0,-999,-999
107013,LA_UNION,1971,11,15,16.4,-999,-999
107013,LA_UNION,1971,11,16,0.0,-999,-999
107013,LA_UNION,1971,11,17,18.0,-999,-999
107013,LA_UNION,1971,11,18,0.0,-999,-999
107013,LA_UNION,1971,11,19,8.0,-999,-999
107013,LA_UNION,1971,11,20,4.0,-999,-999
107013,LA_UNION,1971,11,21,0.0,-999,-999
107013,LA_UNION,1971,11,22,0.0,-999,-999
107013,LA_UNION,1971,11,23,18.0,-999,-999
107013,LA_UNION,1971,11,24,0.0,-999,-999
107013,LA_UNION,1971,11,25,0.0,-999,-999
107013,LA_UNION,1971,11,26,7.0,-999,-999
107013,LA_UNION,1971,11,27,0.0,-999,-999
107013,LA_UNION,1971,11,28,6.4,-999,-999
107013,LA_UNION,1971,11,29,0.0,-999,-999
107013,LA_UNION,1971,11,30,0.0,-999,-999
107013,LA_UNION,1971,12,01,0.0,-999,-999
107013,LA_UNION,1971,12,02,6.4,-999,-999
107013,LA_UNION,1971,12,03,0.0,-999,-999
107013,LA_UNION,1971,12,04,0.0,-999,-999
107013,LA_UNION,1971,12,05,0.0,-999,-999
107013,LA_UNION,1971,12,06,0.0,-999,-999
107013,LA_UNION,1971,12,07,0.0,-999,-999
107013,LA_UNION,1971,12,08,4.0,-999,-999
107013,LA_UNION,1971,12,09,0.0,-999,-999
107013,LA_UNION,1971,12,10,0.0,-999,-999
107013,LA_UNION,1971,12,11,0.0,-999,-999
107013,LA_UNION,1971,12,12,0.0,-999,-999
107013,LA_UNION,1971,12,13,8.0,-999,-999
107013,LA_UNION,1971,12,14,6.4,-999,-999
107013,LA_UNION,1971,12,15,6.6,-999,-999
107013,LA_UNION,1971,12,16,0.0,-999,-999
107013,LA_UNION,1971,12,17,0.0,-999,-999
107013,LA_UNION,1971,12,18,0.0,-999,-999
107013,LA_UNION,1971,12,19,0.0,-999,-999
107013,LA_UNION,1971,12,20,11.0,-999,-999
107013,LA_UNION,1971,12,21,0.0,-999,-999
107013,LA_UNION,1971,12,22,0.0,-999,-999
107013,LA_UNION,1971,12,23,0.0,-999,-999
107013,LA_UNION,1971,12,24,0.0,-999,-999
107013,LA_UNION,1971,12,25,0.0,-999,-999
107013,LA_UNION,1971,12,26,0.0,-999,-999
107013,LA_UNION,1971,12,27,0.0,-999,-999
107013,LA_UNION,1971,12,28,0.0,-999,-999
107013,LA_UNION,1971,12,29,0.0,-999,-999
107013,LA_UNION,1971,12,30,0.0,-999,-999
107013,LA_UNION,1971,12,31,0.0,-999,-999
107013,LA_UNION,1972,01,01,12.0,-999,-999
107013,LA_UNION,1972,01,02,0.0,-999,-999
107013,LA_UNION,1972,01,03,0.0,-999,-999
107013,LA_UNION,1972,01,04,8.0,-999,-999
107013,LA_UNION,1972,01,05,0.0,-999,-999
107013,LA_UNION,1972,01,06,12.6,-999,-999
107013,LA_UNION,1972,01,07,0.0,-999,-999
107013,LA_UNION,1972,01,08,8.2,-999,-999
107013,LA_UNION,1972,01,09,0.0,-999,-999
107013,LA_UNION,1972,01,10,0.0,-999,-999
107013,LA_UNION,1972,01,11,0.0,-999,-999
107013,LA_UNION,1972,01,12,0.0,-999,-999
107013,LA_UNION,1972,01,13,0.0,-999,-999
107013,LA_UNION,1972,01,14,0.0,-999,-999
107013,LA_UNION,1972,01,15,0.0,-999,-999
107013,LA_UNION,1972,01,16,0.0,-999,-999
107013,LA_UNION,1972,01,17,0.0,-999,-999
107013,LA_UNION,1972,01,18,0.0,-999,-999
107013,LA_UNION,1972,01,19,0.0,-999,-999
107013,LA_UNION,1972,01,20,0.0,-999,-999
107013,LA_UNION,1972,01,21,18.4,-999,-999
107013,LA_UNION,1972,01,22,10.6,-999,-999
107013,LA_UNION,1972,01,23,0.0,-999,-999
107013,LA_UNION,1972,01,24,8.4,-999,-999
107013,LA_UNION,1972,01,25,10.2,-999,-999
107013,LA_UNION,1972,01,26,12.4,-999,-999
107013,LA_UNION,1972,01,27,10.4,-999,-999
107013,LA_UNION,1972,01,28,0.0,-999,-999
107013,LA_UNION,1972,01,29,14.4,-999,-999
107013,LA_UNION,1972,01,30,0.0,-999,-999
107013,LA_UNION,1972,01,31,0.0,-999,-999
107013,LA_UNION,1972,02,01,0.0,-999,-999
107013,LA_UNION,1972,02,02,6.8,-999,-999
107013,LA_UNION,1972,02,03,16.8,-999,-999
107013,LA_UNION,1972,02,04,8.2,-999,-999
107013,LA_UNION,1972,02,05,0.0,-999,-999
107013,LA_UNION,1972,02,06,0.0,-999,-999
107013,LA_UNION,1972,02,07,0.0,-999,-999
107013,LA_UNION,1972,02,08,10.4,-999,-999
107013,LA_UNION,1972,02,09,0.0,-999,-999
107013,LA_UNION,1972,02,10,0.0,-999,-999
107013,LA_UNION,1972,02,11,0.0,-999,-999
107013,LA_UNION,1972,02,12,0.0,-999,-999
107013,LA_UNION,1972,02,13,0.0,-999,-999
107013,LA_UNION,1972,02,14,0.0,-999,-999
107013,LA_UNION,1972,02,15,0.0,-999,-999
107013,LA_UNION,1972,02,16,0.0,-999,-999
107013,LA_UNION,1972,02,17,0.0,-999,-999
107013,LA_UNION,1972,02,18,0.0,-999,-999
107013,LA_UNION,1972,02,19,10.4,-999,-999
107013,LA_UNION,1972,02,20,0.0,-999,-999
107013,LA_UNION,1972,02,21,0.0,-999,-999
107013,LA_UNION,1972,02,22,24.6,-999,-999
107013,LA_UNION,1972,02,23,0.0,-999,-999
107013,LA_UNION,1972,02,24,0.0,-999,-999
107013,LA_UNION,1972,02,25,0.0,-999,-999
107013,LA_UNION,1972,02,26,0.0,-999,-999
107013,LA_UNION,1972,02,27,0.0,-999,-999
107013,LA_UNION,1972,02,28,0.0,-999,-999
107013,LA_UNION,1972,02,29,0.0,-999,-999
107013,LA_UNION,1972,03,01,0.0,-999,-999
107013,LA_UNION,1972,03,02,0.0,-999,-999
107013,LA_UNION,1972,03,03,0.0,-999,-999
107013,LA_UNION,1972,03,04,0.0,-999,-999
107013,LA_UNION,1972,03,05,0.0,-999,-999
107013,LA_UNION,1972,03,06,14.2,-999,-999
107013,LA_UNION,1972,03,07,16.8,-999,-999
107013,LA_UNION,1972,03,08,0.0,-999,-999
107013,LA_UNION,1972,03,09,0.0,-999,-999
107013,LA_UNION,1972,03,10,0.0,-999,-999
107013,LA_UNION,1972,03,11,0.0,-999,-999
107013,LA_UNION,1972,03,12,0.0,-999,-999
107013,LA_UNION,1972,03,13,0.0,-999,-999
107013,LA_UNION,1972,03,14,0.0,-999,-999
107013,LA_UNION,1972,03,15,0.0,-999,-999
107013,LA_UNION,1972,03,16,0.0,-999,-999
107013,LA_UNION,1972,03,17,0.0,-999,-999
107013,LA_UNION,1972,03,18,0.0,-999,-999
107013,LA_UNION,1972,03,19,0.0,-999,-999
107013,LA_UNION,1972,03,20,0.0,-999,-999
107013,LA_UNION,1972,03,21,0.0,-999,-999
107013,LA_UNION,1972,03,22,0.0,-999,-999
107013,LA_UNION,1972,03,23,0.0,-999,-999
107013,LA_UNION,1972,03,24,0.0,-999,-999
107013,LA_UNION,1972,03,25,0.0,-999,-999
107013,LA_UNION,1972,03,26,0.0,-999,-999
107013,LA_UNION,1972,03,27,0.0,-999,-999
107013,LA_UNION,1972,03,28,0.0,-999,-999
107013,LA_UNION,1972,03,29,0.0,-999,-999
107013,LA_UNION,1972,03,30,0.0,-999,-999
107013,LA_UNION,1972,03,31,0.0,-999,-999
107013,LA_UNION,1972,04,01,0.0,-999,-999
107013,LA_UNION,1972,04,02,0.0,-999,-999
107013,LA_UNION,1972,04,03,0.0,-999,-999
107013,LA_UNION,1972,04,04,0.0,-999,-999
107013,LA_UNION,1972,04,05,0.0,-999,-999
107013,LA_UNION,1972,04,06,0.0,-999,-999
107013,LA_UNION,1972,04,07,0.0,-999,-999
107013,LA_UNION,1972,04,08,0.0,-999,-999
107013,LA_UNION,1972,04,09,0.0,-999,-999
107013,LA_UNION,1972,04,10,12.0,-999,-999
107013,LA_UNION,1972,04,11,0.0,-999,-999
107013,LA_UNION,1972,04,12,0.0,-999,-999
107013,LA_UNION,1972,04,13,0.0,-999,-999
107013,LA_UNION,1972,04,14,0.0,-999,-999
107013,LA_UNION,1972,04,15,0.0,-999,-999
107013,LA_UNION,1972,04,16,0.0,-999,-999
107013,LA_UNION,1972,04,17,0.0,-999,-999
107013,LA_UNION,1972,04,18,0.0,-999,-999
107013,LA_UNION,1972,04,19,0.0,-999,-999
107013,LA_UNION,1972,04,20,0.0,-999,-999
107013,LA_UNION,1972,04,21,0.0,-999,-999
107013,LA_UNION,1972,04,22,0.0,-999,-999
107013,LA_UNION,1972,04,23,0.0,-999,-999
107013,LA_UNION,1972,04,24,0.0,-999,-999
107013,LA_UNION,1972,04,25,0.0,-999,-999
107013,LA_UNION,1972,04,26,0.0,-999,-999
107013,LA_UNION,1972,04,27,0.0,-999,-999
107013,LA_UNION,1972,04,28,0.0,-999,-999
107013,LA_UNION,1972,04,29,0.0,-999,-999
107013,LA_UNION,1972,04,30,0.0,-999,-999
107013,LA_UNION,1972,05,01,0.4,-999,-999
107013,LA_UNION,1972,05,02,0.8,-999,-999
107013,LA_UNION,1972,05,03,0.6,-999,-999
107013,LA_UNION,1972,05,04,0.4,-999,-999
107013,LA_UNION,1972,05,05,0.0,-999,-999
107013,LA_UNION,1972,05,06,0.0,-999,-999
107013,LA_UNION,1972,05,07,0.0,-999,-999
107013,LA_UNION,1972,05,08,0.0,-999,-999
107013,LA_UNION,1972,05,09,0.0,-999,-999
107013,LA_UNION,1972,05,10,0.0,-999,-999
107013,LA_UNION,1972,05,11,-888,-999,-999
107013,LA_UNION,1972,05,12,1.2,-999,-999
107013,LA_UNION,1972,05,13,1.4,-999,-999
107013,LA_UNION,1972,05,14,0.6,-999,-999
107013,LA_UNION,1972,05,15,0.0,-999,-999
107013,LA_UNION,1972,05,16,0.6,-999,-999
107013,LA_UNION,1972,05,17,0.8,-999,-999
107013,LA_UNION,1972,05,18,0.4,-999,-999
107013,LA_UNION,1972,05,19,0.0,-999,-999
107013,LA_UNION,1972,05,20,0.0,-999,-999
107013,LA_UNION,1972,05,21,0.0,-999,-999
107013,LA_UNION,1972,05,22,0.0,-999,-999
107013,LA_UNION,1972,05,23,8.0,-999,-999
107013,LA_UNION,1972,05,24,0.8,-999,-999
107013,LA_UNION,1972,05,25,0.0,-999,-999
107013,LA_UNION,1972,05,26,0.0,-999,-999
107013,LA_UNION,1972,05,27,0.0,-999,-999
107013,LA_UNION,1972,05,28,0.0,-999,-999
107013,LA_UNION,1972,05,29,0.0,-999,-999
107013,LA_UNION,1972,05,30,0.0,-999,-999
107013,LA_UNION,1972,05,31,0.0,-999,-999
107013,LA_UNION,1972,06,01,0.0,-999,-999
107013,LA_UNION,1972,06,02,4.2,-999,-999
107013,LA_UNION,1972,06,03,4.8,-999,-999
107013,LA_UNION,1972,06,04,0.0,-999,-999
107013,LA_UNION,1972,06,05,0.0,-999,-999
107013,LA_UNION,1972,06,06,0.0,-999,-999
107013,LA_UNION,1972,06,07,6.4,-999,-999
107013,LA_UNION,1972,06,08,0.6,-999,-999
107013,LA_UNION,1972,06,09,4.0,-999,-999
107013,LA_UNION,1972,06,10,0.0,-999,-999
107013,LA_UNION,1972,06,11,0.0,-999,-999
107013,LA_UNION,1972,06,12,0.0,-999,-999
107013,LA_UNION,1972,06,13,0.0,-999,-999
107013,LA_UNION,1972,06,14,0.0,-999,-999
107013,LA_UNION,1972,06,15,0.0,-999,-999
107013,LA_UNION,1972,06,16,4.0,-999,-999
107013,LA_UNION,1972,06,17,-888,-999,-999
107013,LA_UNION,1972,06,18,0.0,-999,-999
107013,LA_UNION,1972,06,19,0.0,-999,-999
107013,LA_UNION,1972,06,20,0.0,-999,-999
107013,LA_UNION,1972,06,21,0.0,-999,-999
107013,LA_UNION,1972,06,22,0.0,-999,-999
107013,LA_UNION,1972,06,23,0.0,-999,-999
107013,LA_UNION,1972,06,24,0.0,-999,-999
107013,LA_UNION,1972,06,25,0.0,-999,-999
107013,LA_UNION,1972,06,26,0.6,-999,-999
107013,LA_UNION,1972,06,27,4.0,-999,-999
107013,LA_UNION,1972,06,28,0.0,-999,-999
107013,LA_UNION,1972,06,29,0.0,-999,-999
107013,LA_UNION,1972,06,30,0.0,-999,-999
107013,LA_UNION,1972,07,01,0.0,-999,-999
107013,LA_UNION,1972,07,02,0.0,-999,-999
107013,LA_UNION,1972,07,03,0.0,-999,-999
107013,LA_UNION,1972,07,04,4.0,-999,-999
107013,LA_UNION,1972,07,05,0.0,-999,-999
107013,LA_UNION,1972,07,06,0.0,-999,-999
107013,LA_UNION,1972,07,07,0.0,-999,-999
107013,LA_UNION,1972,07,08,6.0,-999,-999
107013,LA_UNION,1972,07,09,8.0,-999,-999
107013,LA_UNION,1972,07,10,0.0,-999,-999
107013,LA_UNION,1972,07,11,0.0,-999,-999
107013,LA_UNION,1972,07,12,0.0,-999,-999
107013,LA_UNION,1972,07,13,-888,-999,-999
107013,LA_UNION,1972,07,14,0.0,-999,-999
107013,LA_UNION,1972,07,15,0.0,-999,-999
107013,LA_UNION,1972,07,16,10.0,-999,-999
107013,LA_UNION,1972,07,17,0.0,-999,-999
107013,LA_UNION,1972,07,18,0.0,-999,-999
107013,LA_UNION,1972,07,19,0.0,-999,-999
107013,LA_UNION,1972,07,20,0.0,-999,-999
107013,LA_UNION,1972,07,21,0.0,-999,-999
107013,LA_UNION,1972,07,22,0.0,-999,-999
107013,LA_UNION,1972,07,23,72.6,-999,-999
107013,LA_UNION,1972,07,24,0.0,-999,-999
107013,LA_UNION,1972,07,25,0.0,-999,-999
107013,LA_UNION,1972,07,26,0.0,-999,-999
107013,LA_UNION,1972,07,27,0.0,-999,-999
107013,LA_UNION,1972,07,28,0.0,-999,-999
107013,LA_UNION,1972,07,29,0.0,-999,-999
107013,LA_UNION,1972,07,30,6.0,-999,-999
107013,LA_UNION,1972,07,31,0.0,-999,-999
107013,LA_UNION,1972,08,01,0.0,-999,-999
107013,LA_UNION,1972,08,02,0.0,-999,-999
107013,LA_UNION,1972,08,03,0.4,-999,-999
107013,LA_UNION,1972,08,04,0.0,-999,-999
107013,LA_UNION,1972,08,05,0.0,-999,-999
107013,LA_UNION,1972,08,06,8.6,-999,-999
107013,LA_UNION,1972,08,07,0.0,-999,-999
107013,LA_UNION,1972,08,08,0.0,-999,-999
107013,LA_UNION,1972,08,09,0.0,-999,-999
107013,LA_UNION,1972,08,10,0.0,-999,-999
107013,LA_UNION,1972,08,11,0.0,-999,-999
107013,LA_UNION,1972,08,12,0.0,-999,-999
107013,LA_UNION,1972,08,13,8.0,-999,-999
107013,LA_UNION,1972,08,14,10.4,-999,-999
107013,LA_UNION,1972,08,15,0.0,-999,-999
107013,LA_UNION,1972,08,16,0.0,-999,-999
107013,LA_UNION,1972,08,17,0.0,-999,-999
107013,LA_UNION,1972,08,18,0.0,-999,-999
107013,LA_UNION,1972,08,19,0.0,-999,-999
107013,LA_UNION,1972,08,20,0.0,-999,-999
107013,LA_UNION,1972,08,21,0.0,-999,-999
107013,LA_UNION,1972,08,22,0.0,-999,-999
107013,LA_UNION,1972,08,23,0.0,-999,-999
107013,LA_UNION,1972,08,24,0.0,-999,-999
107013,LA_UNION,1972,08,25,0.0,-999,-999
107013,LA_UNION,1972,08,26,10.2,-999,-999
107013,LA_UNION,1972,08,27,0.0,-999,-999
107013,LA_UNION,1972,08,28,0.0,-999,-999
107013,LA_UNION,1972,08,29,0.0,-999,-999
107013,LA_UNION,1972,08,30,0.0,-999,-999
107013,LA_UNION,1972,08,31,0.0,-999,-999
107013,LA_UNION,1972,09,01,0.0,-999,-999
107013,LA_UNION,1972,09,02,0.0,-999,-999
107013,LA_UNION,1972,09,03,0.0,-999,-999
107013,LA_UNION,1972,09,04,0.0,-999,-999
107013,LA_UNION,1972,09,05,0.0,-999,-999
107013,LA_UNION,1972,09,06,6.0,-999,-999
107013,LA_UNION,1972,09,07,10.0,-999,-999
107013,LA_UNION,1972,09,08,0.0,-999,-999
107013,LA_UNION,1972,09,09,0.0,-999,-999
107013,LA_UNION,1972,09,10,0.0,-999,-999
107013,LA_UNION,1972,09,11,8.0,-999,-999
107013,LA_UNION,1972,09,12,0.0,-999,-999
107013,LA_UNION,1972,09,13,12.0,-999,-999
107013,LA_UNION,1972,09,14,0.0,-999,-999
107013,LA_UNION,1972,09,15,0.0,-999,-999
107013,LA_UNION,1972,09,16,0.0,-999,-999
107013,LA_UNION,1972,09,17,0.0,-999,-999
107013,LA_UNION,1972,09,18,0.0,-999,-999
107013,LA_UNION,1972,09,19,0.0,-999,-999
107013,LA_UNION,1972,09,20,8.6,-999,-999
107013,LA_UNION,1972,09,21,16.4,-999,-999
107013,LA_UNION,1972,09,22,0.0,-999,-999
107013,LA_UNION,1972,09,23,0.0,-999,-999
107013,LA_UNION,1972,09,24,0.0,-999,-999
107013,LA_UNION,1972,09,25,0.0,-999,-999
107013,LA_UNION,1972,09,26,0.0,-999,-999
107013,LA_UNION,1972,09,27,0.0,-999,-999
107013,LA_UNION,1972,09,28,0.0,-999,-999
107013,LA_UNION,1972,09,29,0.0,-999,-999
107013,LA_UNION,1972,09,30,-999,-999,-999
107013,LA_UNION,1972,11,01,0.0,-999,-999
107013,LA_UNION,1972,11,02,0.0,-999,-999
107013,LA_UNION,1972,11,03,0.0,-999,-999
107013,LA_UNION,1972,11,04,0.0,-999,-999
107013,LA_UNION,1972,11,05,0.0,-999,-999
107013,LA_UNION,1972,11,06,6.0,-999,-999
107013,LA_UNION,1972,11,07,0.0,-999,-999
107013,LA_UNION,1972,11,08,0.0,-999,-999
107013,LA_UNION,1972,11,09,0.0,-999,-999
107013,LA_UNION,1972,11,10,12.2,-999,-999
107013,LA_UNION,1972,11,11,0.0,-999,-999
107013,LA_UNION,1972,11,12,0.0,-999,-999
107013,LA_UNION,1972,11,13,0.0,-999,-999
107013,LA_UNION,1972,11,14,4.0,-999,-999
107013,LA_UNION,1972,11,15,0.0,-999,-999
107013,LA_UNION,1972,11,16,0.0,-999,-999
107013,LA_UNION,1972,11,17,0.0,-999,-999
107013,LA_UNION,1972,11,18,0.0,-999,-999
107013,LA_UNION,1972,11,19,10.4,-999,-999
107013,LA_UNION,1972,11,20,0.0,-999,-999
107013,LA_UNION,1972,11,21,6.0,-999,-999
107013,LA_UNION,1972,11,22,0.0,-999,-999
107013,LA_UNION,1972,11,23,0.0,-999,-999
107013,LA_UNION,1972,11,24,0.0,-999,-999
107013,LA_UNION,1972,11,25,0.0,-999,-999
107013,LA_UNION,1972,11,26,0.0,-999,-999
107013,LA_UNION,1972,11,27,0.0,-999,-999
107013,LA_UNION,1972,11,28,0.0,-999,-999
107013,LA_UNION,1972,11,29,0.0,-999,-999
107013,LA_UNION,1972,11,30,0.0,-999,-999
107013,LA_UNION,1972,12,01,0.0,-999,-999
107013,LA_UNION,1972,12,02,0.0,-999,-999
107013,LA_UNION,1972,12,03,0.0,-999,-999
107013,LA_UNION,1972,12,04,0.0,-999,-999
107013,LA_UNION,1972,12,05,0.0,-999,-999
107013,LA_UNION,1972,12,06,0.0,-999,-999
107013,LA_UNION,1972,12,07,0.0,-999,-999
107013,LA_UNION,1972,12,08,0.0,-999,-999
107013,LA_UNION,1972,12,09,0.0,-999,-999
107013,LA_UNION,1972,12,10,4.0,-999,-999
107013,LA_UNION,1972,12,11,8.8,-999,-999
107013,LA_UNION,1972,12,12,3.0,-999,-999
107013,LA_UNION,1972,12,13,-888,-999,-999
107013,LA_UNION,1972,12,14,0.0,-999,-999
107013,LA_UNION,1972,12,15,0.4,-999,-999
107013,LA_UNION,1972,12,16,0.0,-999,-999
107013,LA_UNION,1972,12,17,0.0,-999,-999
107013,LA_UNION,1972,12,18,0.0,-999,-999
107013,LA_UNION,1972,12,19,3.0,-999,-999
107013,LA_UNION,1972,12,20,0.0,-999,-999
107013,LA_UNION,1972,12,21,0.0,-999,-999
107013,LA_UNION,1972,12,22,0.0,-999,-999
107013,LA_UNION,1972,12,23,0.0,-999,-999
107013,LA_UNION,1972,12,24,0.0,-999,-999
107013,LA_UNION,1972,12,25,0.0,-999,-999
107013,LA_UNION,1972,12,26,0.0,-999,-999
107013,LA_UNION,1972,12,27,0.0,-999,-999
107013,LA_UNION,1972,12,28,0.0,-999,-999
107013,LA_UNION,1972,12,29,0.0,-999,-999
107013,LA_UNION,1972,12,30,0.0,-999,-999
107013,LA_UNION,1972,12,31,0.0,-999,-999
107013,LA_UNION,1973,01,01,24.1,-999,-999
107013,LA_UNION,1973,01,02,0.0,-999,-999
107013,LA_UNION,1973,01,03,0.0,-999,-999
107013,LA_UNION,1973,01,04,0.0,-999,-999
107013,LA_UNION,1973,01,05,0.0,-999,-999
107013,LA_UNION,1973,01,06,0.0,-999,-999
107013,LA_UNION,1973,01,07,0.0,-999,-999
107013,LA_UNION,1973,01,08,24.6,-999,-999
107013,LA_UNION,1973,01,09,0.0,-999,-999
107013,LA_UNION,1973,01,10,0.0,-999,-999
107013,LA_UNION,1973,01,11,0.6,-999,-999
107013,LA_UNION,1973,01,12,0.0,-999,-999
107013,LA_UNION,1973,01,13,0.2,-999,-999
107013,LA_UNION,1973,01,14,15.0,-999,-999
107013,LA_UNION,1973,01,15,18.0,-999,-999
107013,LA_UNION,1973,01,16,10.2,-999,-999
107013,LA_UNION,1973,01,17,16.4,-999,-999
107013,LA_UNION,1973,01,18,0.0,-999,-999
107013,LA_UNION,1973,01,19,0.0,-999,-999
107013,LA_UNION,1973,01,20,0.0,-999,-999
107013,LA_UNION,1973,01,21,0.0,-999,-999
107013,LA_UNION,1973,01,22,0.0,-999,-999
107013,LA_UNION,1973,01,23,0.0,-999,-999
107013,LA_UNION,1973,01,24,26.6,-999,-999
107013,LA_UNION,1973,01,25,0.0,-999,-999
107013,LA_UNION,1973,01,26,0.0,-999,-999
107013,LA_UNION,1973,01,27,0.0,-999,-999
107013,LA_UNION,1973,01,28,0.0,-999,-999
107013,LA_UNION,1973,01,29,0.0,-999,-999
107013,LA_UNION,1973,01,30,0.0,-999,-999
107013,LA_UNION,1973,01,31,0.0,-999,-999
107013,LA_UNION,1973,02,01,6.4,-999,-999
107013,LA_UNION,1973,02,02,0.8,-999,-999
107013,LA_UNION,1973,02,03,0.0,-999,-999
107013,LA_UNION,1973,02,04,0.0,-999,-999
107013,LA_UNION,1973,02,05,0.0,-999,-999
107013,LA_UNION,1973,02,06,10.4,-999,-999
107013,LA_UNION,1973,02,07,0.0,-999,-999
107013,LA_UNION,1973,02,08,0.0,-999,-999
107013,LA_UNION,1973,02,09,0.0,-999,-999
107013,LA_UNION,1973,02,10,0.0,-999,-999
107013,LA_UNION,1973,02,11,16.4,-999,-999
107013,LA_UNION,1973,02,12,6.2,-999,-999
107013,LA_UNION,1973,02,13,0.0,-999,-999
107013,LA_UNION,1973,02,14,0.0,-999,-999
107013,LA_UNION,1973,02,15,0.0,-999,-999
107013,LA_UNION,1973,02,16,0.0,-999,-999
107013,LA_UNION,1973,02,17,0.0,-999,-999
107013,LA_UNION,1973,02,18,0.0,-999,-999
107013,LA_UNION,1973,02,19,0.0,-999,-999
107013,LA_UNION,1973,02,20,0.0,-999,-999
107013,LA_UNION,1973,02,21,0.0,-999,-999
107013,LA_UNION,1973,02,22,0.0,-999,-999
107013,LA_UNION,1973,02,23,0.0,-999,-999
107013,LA_UNION,1973,02,24,0.0,-999,-999
107013,LA_UNION,1973,02,25,0.0,-999,-999
107013,LA_UNION,1973,02,26,0.0,-999,-999
107013,LA_UNION,1973,02,27,0.0,-999,-999
107013,LA_UNION,1973,02,28,0.0,-999,-999
107013,LA_UNION,1973,03,01,0.0,-999,-999
107013,LA_UNION,1973,03,02,6.4,-999,-999
107013,LA_UNION,1973,03,03,8.2,-999,-999
107013,LA_UNION,1973,03,04,0.0,-999,-999
107013,LA_UNION,1973,03,05,0.0,-999,-999
107013,LA_UNION,1973,03,06,0.0,-999,-999
107013,LA_UNION,1973,03,07,0.0,-999,-999
107013,LA_UNION,1973,03,08,0.0,-999,-999
107013,LA_UNION,1973,03,09,0.0,-999,-999
107013,LA_UNION,1973,03,10,0.0,-999,-999
107013,LA_UNION,1973,03,11,0.0,-999,-999
107013,LA_UNION,1973,03,12,0.0,-999,-999
107013,LA_UNION,1973,03,13,0.0,-999,-999
107013,LA_UNION,1973,03,14,0.0,-999,-999
107013,LA_UNION,1973,03,15,0.0,-999,-999
107013,LA_UNION,1973,03,16,2.0,-999,-999
107013,LA_UNION,1973,03,17,6.4,-999,-999
107013,LA_UNION,1973,03,18,8.4,-999,-999
107013,LA_UNION,1973,03,19,18.4,-999,-999
107013,LA_UNION,1973,03,20,0.0,-999,-999
107013,LA_UNION,1973,03,21,0.0,-999,-999
107013,LA_UNION,1973,03,22,0.0,-999,-999
107013,LA_UNION,1973,03,23,0.0,-999,-999
107013,LA_UNION,1973,03,24,0.0,-999,-999
107013,LA_UNION,1973,03,25,0.0,-999,-999
107013,LA_UNION,1973,03,26,8.6,-999,-999
107013,LA_UNION,1973,03,27,0.0,-999,-999
107013,LA_UNION,1973,03,28,0.0,-999,-999
107013,LA_UNION,1973,03,29,0.0,-999,-999
107013,LA_UNION,1973,03,30,18.0,-999,-999
107013,LA_UNION,1973,03,31,14.6,-999,-999
107013,LA_UNION,1973,04,01,0.0,-999,-999
107013,LA_UNION,1973,04,02,0.0,-999,-999
107013,LA_UNION,1973,04,03,0.0,-999,-999
107013,LA_UNION,1973,04,04,0.0,-999,-999
107013,LA_UNION,1973,04,05,0.0,-999,-999
107013,LA_UNION,1973,04,06,0.0,-999,-999
107013,LA_UNION,1973,04,07,0.0,-999,-999
107013,LA_UNION,1973,04,08,0.0,-999,-999
107013,LA_UNION,1973,04,09,0.0,-999,-999
107013,LA_UNION,1973,04,10,0.0,-999,-999
107013,LA_UNION,1973,04,11,0.0,-999,-999
107013,LA_UNION,1973,04,12,0.0,-999,-999
107013,LA_UNION,1973,04,13,0.0,-999,-999
107013,LA_UNION,1973,04,14,0.0,-999,-999
107013,LA_UNION,1973,04,15,0.0,-999,-999
107013,LA_UNION,1973,04,16,0.0,-999,-999
107013,LA_UNION,1973,04,17,0.0,-999,-999
107013,LA_UNION,1973,04,18,0.0,-999,-999
107013,LA_UNION,1973,04,19,0.0,-999,-999
107013,LA_UNION,1973,04,20,0.0,-999,-999
107013,LA_UNION,1973,04,21,0.0,-999,-999
107013,LA_UNION,1973,04,22,0.0,-999,-999
107013,LA_UNION,1973,04,23,0.0,-999,-999
107013,LA_UNION,1973,04,24,0.0,-999,-999
107013,LA_UNION,1973,04,25,0.0,-999,-999
107013,LA_UNION,1973,04,26,0.0,-999,-999
107013,LA_UNION,1973,04,27,0.0,-999,-999
107013,LA_UNION,1973,04,28,0.0,-999,-999
107013,LA_UNION,1973,04,29,0.0,-999,-999
107013,LA_UNION,1973,04,30,0.0,-999,-999
107013,LA_UNION,1973,05,01,0.0,-999,-999
107013,LA_UNION,1973,05,02,6.8,-999,-999
107013,LA_UNION,1973,05,03,8.4,-999,-999
107013,LA_UNION,1973,05,04,0.0,-999,-999
107013,LA_UNION,1973,05,05,0.0,-999,-999
107013,LA_UNION,1973,05,06,0.0,-999,-999
107013,LA_UNION,1973,05,07,0.0,-999,-999
107013,LA_UNION,1973,05,08,0.0,-999,-999
107013,LA_UNION,1973,05,09,0.0,-999,-999
107013,LA_UNION,1973,05,10,0.0,-999,-999
107013,LA_UNION,1973,05,11,0.0,-999,-999
107013,LA_UNION,1973,05,12,0.0,-999,-999
107013,LA_UNION,1973,05,13,0.0,-999,-999
107013,LA_UNION,1973,05,14,0.0,-999,-999
107013,LA_UNION,1973,05,15,0.0,-999,-999
107013,LA_UNION,1973,05,16,0.0,-999,-999
107013,LA_UNION,1973,05,17,0.0,-999,-999
107013,LA_UNION,1973,05,18,0.0,-999,-999
107013,LA_UNION,1973,05,19,0.0,-999,-999
107013,LA_UNION,1973,05,20,0.0,-999,-999
107013,LA_UNION,1973,05,21,0.0,-999,-999
107013,LA_UNION,1973,05,22,0.0,-999,-999
107013,LA_UNION,1973,05,23,0.0,-999,-999
107013,LA_UNION,1973,05,24,0.0,-999,-999
107013,LA_UNION,1973,05,25,0.0,-999,-999
107013,LA_UNION,1973,05,26,0.0,-999,-999
107013,LA_UNION,1973,05,27,0.0,-999,-999
107013,LA_UNION,1973,05,28,0.0,-999,-999
107013,LA_UNION,1973,05,29,0.0,-999,-999
107013,LA_UNION,1973,05,30,-999,-999,-999
107013,LA_UNION,1973,05,31,-999,-999,-999
107013,LA_UNION,1973,06,01,0.0,-999,-999
107013,LA_UNION,1973,06,02,8.2,-999,-999
107013,LA_UNION,1973,06,03,8.4,-999,-999
107013,LA_UNION,1973,06,04,6.2,-999,-999
107013,LA_UNION,1973,06,05,0.0,-999,-999
107013,LA_UNION,1973,06,06,0.0,-999,-999
107013,LA_UNION,1973,06,07,0.0,-999,-999
107013,LA_UNION,1973,06,08,0.0,-999,-999
107013,LA_UNION,1973,06,09,0.0,-999,-999
107013,LA_UNION,1973,06,10,0.0,-999,-999
107013,LA_UNION,1973,06,11,0.0,-999,-999
107013,LA_UNION,1973,06,12,12.4,-999,-999
107013,LA_UNION,1973,06,13,12.2,-999,-999
107013,LA_UNION,1973,06,14,23.2,-999,-999
107013,LA_UNION,1973,06,15,10.4,-999,-999
107013,LA_UNION,1973,06,16,0.0,-999,-999
107013,LA_UNION,1973,06,17,0.0,-999,-999
107013,LA_UNION,1973,06,18,0.0,-999,-999
107013,LA_UNION,1973,06,19,0.0,-999,-999
107013,LA_UNION,1973,06,20,0.0,-999,-999
107013,LA_UNION,1973,06,21,0.0,-999,-999
107013,LA_UNION,1973,06,22,0.0,-999,-999
107013,LA_UNION,1973,06,23,0.0,-999,-999
107013,LA_UNION,1973,06,24,0.0,-999,-999
107013,LA_UNION,1973,06,25,0.0,-999,-999
107013,LA_UNION,1973,06,26,0.0,-999,-999
107013,LA_UNION,1973,06,27,0.0,-999,-999
107013,LA_UNION,1973,06,28,0.0,-999,-999
107013,LA_UNION,1973,06,29,0.0,-999,-999
107013,LA_UNION,1973,06,30,0.0,-999,-999
107013,LA_UNION,1973,07,01,0.0,-999,-999
107013,LA_UNION,1973,07,02,8.4,-999,-999
107013,LA_UNION,1973,07,03,0.0,-999,-999
107013,LA_UNION,1973,07,04,0.0,-999,-999
107013,LA_UNION,1973,07,05,0.0,-999,-999
107013,LA_UNION,1973,07,06,0.0,-999,-999
107013,LA_UNION,1973,07,07,0.0,-999,-999
107013,LA_UNION,1973,07,08,0.0,-999,-999
107013,LA_UNION,1973,07,09,12.2,-999,-999
107013,LA_UNION,1973,07,10,14.6,-999,-999
107013,LA_UNION,1973,07,11,0.0,-999,-999
107013,LA_UNION,1973,07,12,0.0,-999,-999
107013,LA_UNION,1973,07,13,0.0,-999,-999
107013,LA_UNION,1973,07,14,0.0,-999,-999
107013,LA_UNION,1973,07,15,0.0,-999,-999
107013,LA_UNION,1973,07,16,0.0,-999,-999
107013,LA_UNION,1973,07,17,0.0,-999,-999
107013,LA_UNION,1973,07,18,0.0,-999,-999
107013,LA_UNION,1973,07,19,0.0,-999,-999
107013,LA_UNION,1973,07,20,0.0,-999,-999
107013,LA_UNION,1973,07,21,0.0,-999,-999
107013,LA_UNION,1973,07,22,0.0,-999,-999
107013,LA_UNION,1973,07,23,0.0,-999,-999
107013,LA_UNION,1973,07,24,0.0,-999,-999
107013,LA_UNION,1973,07,25,0.0,-999,-999
107013,LA_UNION,1973,07,26,0.0,-999,-999
107013,LA_UNION,1973,07,27,0.0,-999,-999
107013,LA_UNION,1973,07,28,8.4,-999,-999
107013,LA_UNION,1973,07,29,0.0,-999,-999
107013,LA_UNION,1973,07,30,-999,-999,-999
107013,LA_UNION,1973,07,31,-999,-999,-999
107013,LA_UNION,1974,03,01,-999,-999,-999
107013,LA_UNION,1974,03,02,-999,-999,-999
107013,LA_UNION,1974,03,03,-999,-999,-999
107013,LA_UNION,1974,03,04,-999,-999,-999
107013,LA_UNION,1974,03,05,-999,-999,-999
107013,LA_UNION,1974,03,06,-999,-999,-999
107013,LA_UNION,1974,03,07,-999,-999,-999
107013,LA_UNION,1974,03,08,-999,-999,-999
107013,LA_UNION,1974,03,09,-999,-999,-999
107013,LA_UNION,1974,03,10,-999,-999,-999
107013,LA_UNION,1974,03,11,-999,-999,-999
107013,LA_UNION,1974,03,12,-999,-999,-999
107013,LA_UNION,1974,03,13,-999,-999,-999
107013,LA_UNION,1974,03,14,-999,-999,-999
107013,LA_UNION,1974,03,15,-999,-999,-999
107013,LA_UNION,1974,03,16,-999,-999,-999
107013,LA_UNION,1974,03,17,-999,-999,-999
107013,LA_UNION,1974,03,18,-999,-999,-999
107013,LA_UNION,1974,03,19,-999,-999,-999
107013,LA_UNION,1974,03,20,-999,-999,-999
107013,LA_UNION,1974,03,21,1.2,-999,21.4
107013,LA_UNION,1974,03,22,1.5,-999,20.2
107013,LA_UNION,1974,03,23,0.1,-999,21.8
107013,LA_UNION,1974,03,24,0.0,-999,21.3
107013,LA_UNION,1974,03,25,0.0,-999,21.2
107013,LA_UNION,1974,03,26,2.8,-999,20.8
107013,LA_UNION,1974,03,27,2.0,-999,20.7
107013,LA_UNION,1974,03,28,0.4,-999,21.3
107013,LA_UNION,1974,03,29,0.0,-999,21.2
107013,LA_UNION,1974,03,30,-999,-999,20.8
107013,LA_UNION,1974,03,31,-999,-999,-999
107013,LA_UNION,1974,04,01,0.0,-999,21.4
107013,LA_UNION,1974,04,02,0.0,-999,19.8
107013,LA_UNION,1974,04,03,0.0,-999,20.8
107013,LA_UNION,1974,04,04,7.4,-999,19.4
107013,LA_UNION,1974,04,05,0.0,-999,20.8
107013,LA_UNION,1974,04,06,3.3,-999,21.6
107013,LA_UNION,1974,04,07,7.4,-999,20.4
107013,LA_UNION,1974,04,08,7.9,-999,20.8
107013,LA_UNION,1974,04,09,0.7,-999,21.6
107013,LA_UNION,1974,04,10,2.3,-999,20.0
107013,LA_UNION,1974,04,11,51.2,-999,20.6
107013,LA_UNION,1974,04,12,2.3,-999,20.6
107013,LA_UNION,1974,04,13,2.3,-999,20.2
107013,LA_UNION,1974,04,14,4.2,-999,21.4
107013,LA_UNION,1974,04,15,10.8,-999,-999
107013,LA_UNION,1974,04,16,40.0,-999,-999
107013,LA_UNION,1974,04,17,4.6,-999,22.4
107013,LA_UNION,1974,04,18,0.0,-999,21.4
107013,LA_UNION,1974,04,19,0.0,-999,-999
107013,LA_UNION,1974,04,20,1.4,-999,-999
107013,LA_UNION,1974,04,21,8.7,-999,-999
107013,LA_UNION,1974,04,22,0.0,-999,-999
107013,LA_UNION,1974,04,23,0.0,-999,21.0
107013,LA_UNION,1974,04,24,0.0,-999,21.8
107013,LA_UNION,1974,04,25,0.0,-999,22.2
107013,LA_UNION,1974,04,26,0.0,-999,22.2
107013,LA_UNION,1974,04,27,0.8,-999,20.6
107013,LA_UNION,1974,04,28,0.0,-999,-999
107013,LA_UNION,1974,04,29,0.0,-999,-999
107013,LA_UNION,1974,04,30,0.0,-999,-999
107013,LA_UNION,1974,05,01,0.0,-999,20.4
107013,LA_UNION,1974,05,02,0.0,-999,19.2
107013,LA_UNION,1974,05,03,0.0,-999,18.2
107013,LA_UNION,1974,05,04,0.0,-999,18.4
107013,LA_UNION,1974,05,05,0.0,-999,17.4
107013,LA_UNION,1974,05,06,0.0,-999,19.6
107013,LA_UNION,1974,05,07,0.0,-999,20.2
107013,LA_UNION,1974,05,08,-888,-999,20.2
107013,LA_UNION,1974,05,09,-888,-999,21.0
107013,LA_UNION,1974,05,10,0.0,-999,19.8
107013,LA_UNION,1974,05,11,0.0,-999,20.8
107013,LA_UNION,1974,05,12,0.0,-999,20.4
107013,LA_UNION,1974,05,13,1.7,-999,20.2
107013,LA_UNION,1974,05,14,0.0,-999,19.6
107013,LA_UNION,1974,05,15,0.0,-999,18.6
107013,LA_UNION,1974,05,16,0.0,-999,19.4
107013,LA_UNION,1974,05,17,0.0,-999,17.8
107013,LA_UNION,1974,05,18,0.0,-999,18.2
107013,LA_UNION,1974,05,19,0.0,-999,20.2
107013,LA_UNION,1974,05,20,0.0,-999,20.8
107013,LA_UNION,1974,05,21,0.0,-999,18.6
107013,LA_UNION,1974,05,22,0.0,-999,16.2
107013,LA_UNION,1974,05,23,0.0,-999,19.2
107013,LA_UNION,1974,05,24,0.0,-999,18.2
107013,LA_UNION,1974,05,25,0.0,-999,20.2
107013,LA_UNION,1974,05,26,0.0,-999,19.0
107013,LA_UNION,1974,05,27,6.4,-999,20.6
107013,LA_UNION,1974,05,28,0.0,-999,16.6
107013,LA_UNION,1974,05,29,0.0,-999,18.8
107013,LA_UNION,1974,05,30,0.0,-999,18.2
107013,LA_UNION,1974,05,31,0.0,-999,19.2
107013,LA_UNION,1974,06,01,0.0,-999,19.4
107013,LA_UNION,1974,06,02,0.0,-999,19.2
107013,LA_UNION,1974,06,03,0.0,-999,18.4
107013,LA_UNION,1974,06,04,0.0,-999,18.6
107013,LA_UNION,1974,06,05,0.0,-999,19.4
107013,LA_UNION,1974,06,06,0.0,-999,20.8
107013,LA_UNION,1974,06,07,0.0,-999,21.2
107013,LA_UNION,1974,06,08,0.0,-999,19.0
107013,LA_UNION,1974,06,09,2.7,-999,21.0
107013,LA_UNION,1974,06,10,27.3,-999,21.0
107013,LA_UNION,1974,06,11,0.0,-999,18.6
107013,LA_UNION,1974,06,12,7.2,-999,18.4
107013,LA_UNION,1974,06,13,0.7,-999,20.6
107013,LA_UNION,1974,06,14,11.6,-999,20.4
107013,LA_UNION,1974,06,15,0.0,-999,19.6
107013,LA_UNION,1974,06,16,0.0,-999,20.4
107013,LA_UNION,1974,06,17,0.0,-999,20.8
107013,LA_UNION,1974,06,18,8.0,-999,20.4
107013,LA_UNION,1974,06,19,-888,-999,18.4
107013,LA_UNION,1974,06,20,0.0,30.4,18.8
107013,LA_UNION,1974,06,21,0.0,31.8,20.8
107013,LA_UNION,1974,06,22,0.0,32.0,21.8
107013,LA_UNION,1974,06,23,0.0,32.8,21.4
107013,LA_UNION,1974,06,24,0.0,32.6,20.4
107013,LA_UNION,1974,06,25,0.0,32.2,22.4
107013,LA_UNION,1974,06,26,0.0,31.6,20.8
107013,LA_UNION,1974,06,27,1.7,29.2,19.8
107013,LA_UNION,1974,06,28,0.0,30.2,18.8
107013,LA_UNION,1974,06,29,0.0,31.6,20.8
107013,LA_UNION,1974,06,30,0.0,30.8,21.0
107013,LA_UNION,1974,07,01,0.0,30.8,19.6
107013,LA_UNION,1974,07,02,2.2,28.6,20.6
107013,LA_UNION,1974,07,03,2.4,29.4,19.8
107013,LA_UNION,1974,07,04,0.0,30.0,20.6
107013,LA_UNION,1974,07,05,12.7,27.8,19.4
107013,LA_UNION,1974,07,06,0.0,29.4,19.6
107013,LA_UNION,1974,07,07,0.0,28.4,19.8
107013,LA_UNION,1974,07,08,0.0,30.2,16.8
107013,LA_UNION,1974,07,09,0.0,31.6,16.6
107013,LA_UNION,1974,07,10,0.0,31.8,18.6
107013,LA_UNION,1974,07,11,0.0,34.8,17.8
107013,LA_UNION,1974,07,12,0.0,33.0,16.8
107013,LA_UNION,1974,07,13,0.0,34.8,17.6
107013,LA_UNION,1974,07,14,0.0,32.2,18.8
107013,LA_UNION,1974,07,15,0.0,33.6,19.6
107013,LA_UNION,1974,07,16,0.0,34.0,18.8
107013,LA_UNION,1974,07,17,0.0,34.0,18.2
107013,LA_UNION,1974,07,18,0.0,34.4,17.6
107013,LA_UNION,1974,07,19,0.0,34.8,19.4
107013,LA_UNION,1974,07,20,0.0,34.8,19.8
107013,LA_UNION,1974,07,21,0.0,33.6,18.6
107013,LA_UNION,1974,07,22,2.7,34.0,18.8
107013,LA_UNION,1974,07,23,0.0,30.6,19.4
107013,LA_UNION,1974,07,24,0.0,32.4,18.2
107013,LA_UNION,1974,07,25,0.0,34.4,19.4
107013,LA_UNION,1974,07,26,0.0,30.8,16.4
107013,LA_UNION,1974,07,27,0.0,31.6,15.8
107013,LA_UNION,1974,07,28,0.0,33.6,16.8
107013,LA_UNION,1974,07,29,0.0,33.6,18.2
107013,LA_UNION,1974,07,30,0.0,33.2,16.6
107013,LA_UNION,1974,07,31,-999,34.0,17.6
107013,LA_UNION,1974,08,01,0.0,32.8,16.8
107013,LA_UNION,1974,08,02,0.0,34.6,17.4
107013,LA_UNION,1974,08,03,0.0,34.8,18.6
107013,LA_UNION,1974,08,04,11.1,30.8,18.0
107013,LA_UNION,1974,08,05,3.5,34.6,19.2
107013,LA_UNION,1974,08,06,0.0,33.6,18.8
107013,LA_UNION,1974,08,07,7.7,-999,18.2
107013,LA_UNION,1974,08,08,12.0,-999,18.6
107013,LA_UNION,1974,08,09,1.7,26.8,19.2
107013,LA_UNION,1974,08,10,0.0,31.4,19.2
107013,LA_UNION,1974,08,11,0.0,30.8,20.0
107013,LA_UNION,1974,08,12,0.0,32.6,18.4
107013,LA_UNION,1974,08,13,0.0,34.8,18.4
107013,LA_UNION,1974,08,14,0.0,34.8,17.6
107013,LA_UNION,1974,08,15,0.0,35.8,18.0
107013,LA_UNION,1974,08,16,0.0,31.0,18.2
107013,LA_UNION,1974,08,17,3.5,33.8,20.6
107013,LA_UNION,1974,08,18,0.4,33.2,21.2
107013,LA_UNION,1974,08,19,0.0,31.8,20.4
107013,LA_UNION,1974,08,20,0.0,32.8,17.2
107013,LA_UNION,1974,08,21,1.8,32.6,18.2
107013,LA_UNION,1974,08,22,0.0,33.4,18.6
107013,LA_UNION,1974,08,23,0.0,34.8,18.4
107013,LA_UNION,1974,08,24,0.0,34.8,20.6
107013,LA_UNION,1974,08,25,0.0,34.6,18.6
107013,LA_UNION,1974,08,26,0.0,34.4,19.6
107013,LA_UNION,1974,08,27,0.0,31.6,17.4
107013,LA_UNION,1974,08,28,0.0,34.8,18.0
107013,LA_UNION,1974,08,29,0.0,35.0,18.8
107013,LA_UNION,1974,08,30,0.0,35.6,19.8
107013,LA_UNION,1974,08,31,0.0,35.4,17.8
107013,LA_UNION,1974,09,01,0.0,35.8,18.0
107013,LA_UNION,1974,09,02,0.0,34.6,18.6
107013,LA_UNION,1974,09,03,0.0,33.6,19.8
107013,LA_UNION,1974,09,04,0.0,35.4,20.6
107013,LA_UNION,1974,09,05,0.0,33.8,18.8
107013,LA_UNION,1974,09,06,0.0,33.6,17.6
107013,LA_UNION,1974,09,07,0.0,32.4,19.8
107013,LA_UNION,1974,09,08,0.0,34.0,17.6
107013,LA_UNION,1974,09,09,5.6,32.6,17.8
107013,LA_UNION,1974,09,10,0.0,32.4,20.2
107013,LA_UNION,1974,09,11,0.0,35.2,20.2
107013,LA_UNION,1974,09,12,0.0,35.2,20.8
107013,LA_UNION,1974,09,13,0.0,34.8,19.6
107013,LA_UNION,1974,09,14,0.0,34.6,20.6
107013,LA_UNION,1974,09,15,0.0,33.8,18.6
107013,LA_UNION,1974,09,16,8.2,34.8,18.4
107013,LA_UNION,1974,09,17,0.0,32.6,18.4
107013,LA_UNION,1974,09,18,0.0,32.6,18.8
107013,LA_UNION,1974,09,19,0.0,33.6,18.6
107013,LA_UNION,1974,09,20,0.0,34.6,19.8
107013,LA_UNION,1974,09,21,22.4,33.6,20.2
107013,LA_UNION,1974,09,22,0.0,32.6,17.6
107013,LA_UNION,1974,09,23,0.0,32.4,19.6
107013,LA_UNION,1974,09,24,4.0,31.4,19.4
107013,LA_UNION,1974,09,25,0.0,31.8,20.2
107013,LA_UNION,1974,09,26,0.0,35.8,20.4
107013,LA_UNION,1974,09,27,0.0,34.6,20.0
107013,LA_UNION,1974,09,28,0.0,34.6,20.2
107013,LA_UNION,1974,09,29,11.5,-999,19.4
107013,LA_UNION,1974,09,30,0.0,-999,21.2
107013,LA_UNION,1974,10,01,0.0,31.2,20.4
107013,LA_UNION,1974,10,02,0.0,30.0,20.6
107013,LA_UNION,1974,10,03,0.0,32.4,21.4
107013,LA_UNION,1974,10,04,0.0,34.8,21.6
107013,LA_UNION,1974,10,05,0.0,33.8,19.8
107013,LA_UNION,1974,10,06,0.0,33.8,22.0
107013,LA_UNION,1974,10,07,0.0,-999,18.2
107013,LA_UNION,1974,10,08,0.0,33.4,21.6
107013,LA_UNION,1974,10,09,0.0,32.8,18.8
107013,LA_UNION,1974,10,10,3.6,32.2,19.8
107013,LA_UNION,1974,10,11,0.0,32.6,19.6
107013,LA_UNION,1974,10,12,0.0,33.4,18.8
107013,LA_UNION,1974,10,13,0.0,36.2,19.6
107013,LA_UNION,1974,10,14,0.0,34.0,19.2
107013,LA_UNION,1974,10,15,0.0,35.6,20.4
107013,LA_UNION,1974,10,16,9.7,31.8,19.2
107013,LA_UNION,1974,10,17,0.0,34.6,19.6
107013,LA_UNION,1974,10,18,0.0,33.8,21.4
107013,LA_UNION,1974,10,19,0.0,35.8,21.8
107013,LA_UNION,1974,10,20,0.0,36.6,20.8
107013,LA_UNION,1974,10,21,0.0,33.8,21.0
107013,LA_UNION,1974,10,22,0.0,34.6,19.6
107013,LA_UNION,1974,10,23,0.0,34.8,21.6
107013,LA_UNION,1974,10,24,62.3,34.6,21.8
107013,LA_UNION,1974,10,25,0.0,30.8,19.6
107013,LA_UNION,1974,10,26,0.0,34.6,19.2
107013,LA_UNION,1974,10,27,9.6,35.8,22.0
107013,LA_UNION,1974,10,28,0.0,33.8,19.0
107013,LA_UNION,1974,10,29,0.0,35.8,18.0
107013,LA_UNION,1974,10,30,4.8,-999,19.2
107013,LA_UNION,1974,10,31,0.0,-999,19.2
107013,LA_UNION,1974,11,01,0.0,32.8,20.0
107013,LA_UNION,1974,11,02,0.0,35.0,17.6
107013,LA_UNION,1974,11,03,0.0,34.0,18.0
107013,LA_UNION,1974,11,04,0.0,33.0,-999
107013,LA_UNION,1974,11,05,2.6,31.6,-999
107013,LA_UNION,1974,11,06,0.0,32.0,-999
107013,LA_UNION,1974,11,07,0.0,33.0,-999
107013,LA_UNION,1974,11,08,24.4,-999,22.2
107013,LA_UNION,1974,11,09,0.0,-999,17.6
107013,LA_UNION,1974,11,10,0.0,-999,20.8
107013,LA_UNION,1974,11,11,0.0,34.6,20.8
107013,LA_UNION,1974,11,12,0.0,-999,20.2
107013,LA_UNION,1974,11,13,1.4,-999,20.8
107013,LA_UNION,1974,11,14,6.4,30.8,15.8
107013,LA_UNION,1974,11,15,17.4,30.8,16.0
107013,LA_UNION,1974,11,16,0.0,33.2,18.6
107013,LA_UNION,1974,11,17,0.0,34.2,20.6
107013,LA_UNION,1974,11,18,0.0,34.0,20.4
107013,LA_UNION,1974,11,19,0.0,34.8,20.2
107013,LA_UNION,1974,11,20,0.0,35.8,19.4
107013,LA_UNION,1974,11,21,0.0,34.6,20.0
107013,LA_UNION,1974,11,22,0.0,35.8,22.0
107013,LA_UNION,1974,11,23,0.0,33.2,20.8
107013,LA_UNION,1974,11,24,0.0,34.6,20.8
107013,LA_UNION,1974,11,25,0.0,35.4,20.6
107013,LA_UNION,1974,11,26,0.0,35.4,20.2
107013,LA_UNION,1974,11,27,0.0,34.2,19.8
107013,LA_UNION,1974,11,28,0.0,35.4,19.2
107013,LA_UNION,1974,11,29,0.0,34.8,21.4
107013,LA_UNION,1974,11,30,4.2,33.2,22.2
107013,LA_UNION,1974,12,01,0.0,35.8,20.6
107013,LA_UNION,1974,12,02,0.0,36.6,21.4
107013,LA_UNION,1974,12,03,2.2,32.8,22.4
107013,LA_UNION,1974,12,04,0.0,32.0,20.6
107013,LA_UNION,1974,12,05,0.0,32.8,22.2
107013,LA_UNION,1974,12,06,0.0,34.8,20.0
107013,LA_UNION,1974,12,07,0.0,35.4,19.2
107013,LA_UNION,1974,12,08,0.0,34.4,21.6
107013,LA_UNION,1974,12,09,4.1,35.6,21.2
107013,LA_UNION,1974,12,10,0.0,35.2,21.0
107013,LA_UNION,1974,12,11,7.4,30.4,20.8
107013,LA_UNION,1974,12,12,0.0,34.2,19.2
107013,LA_UNION,1974,12,13,0.0,-999,20.2
107013,LA_UNION,1974,12,14,0.0,-999,21.4
107013,LA_UNION,1974,12,15,0.0,35.6,21.8
107013,LA_UNION,1974,12,16,38.2,33.4,21.6
107013,LA_UNION,1974,12,17,0.0,31.8,19.6
107013,LA_UNION,1974,12,18,0.0,32.8,20.4
107013,LA_UNION,1974,12,19,0.0,28.6,21.8
107013,LA_UNION,1974,12,20,0.0,-999,22.0
107013,LA_UNION,1974,12,21,0.0,34.8,21.4
107013,LA_UNION,1974,12,22,17.3,33.6,21.8
107013,LA_UNION,1974,12,23,0.0,32.6,22.2
107013,LA_UNION,1974,12,24,0.0,33.8,-999
107013,LA_UNION,1974,12,25,0.0,35.6,-999
107013,LA_UNION,1974,12,26,0.0,34.8,-999
107013,LA_UNION,1974,12,27,0.0,33.8,21.4
107013,LA_UNION,1974,12,28,0.0,32.6,22.6
107013,LA_UNION,1974,12,29,0.0,33.4,22.2
107013,LA_UNION,1974,12,30,0.0,33.8,21.6
107013,LA_UNION,1974,12,31,0.0,34.6,20.8
107013,LA_UNION,1975,01,01,27.4,34.6,21.6
107013,LA_UNION,1975,01,02,0.0,33.6,20.8
107013,LA_UNION,1975,01,03,11.4,31.6,20.8
107013,LA_UNION,1975,01,04,0.0,30.8,19.6
107013,LA_UNION,1975,01,05,0.0,32.8,21.0
107013,LA_UNION,1975,01,06,0.0,31.2,21.6
107013,LA_UNION,1975,01,07,0.0,29.8,20.4
107013,LA_UNION,1975,01,08,0.0,33.0,18.6
107013,LA_UNION,1975,01,09,0.0,34.8,21.4
107013,LA_UNION,1975,01,10,0.0,33.6,21.0
107013,LA_UNION,1975,01,11,7.7,32.4,20.6
107013,LA_UNION,1975,01,12,24.4,29.8,18.8
107013,LA_UNION,1975,01,13,5.2,30.8,18.0
107013,LA_UNION,1975,01,14,0.0,31.8,20.8
107013,LA_UNION,1975,01,15,0.0,30.0,21.2
107013,LA_UNION,1975,01,16,73.6,29.0,20.0
107013,LA_UNION,1975,01,17,0.0,33.4,19.8
107013,LA_UNION,1975,01,18,0.0,33.8,19.4
107013,LA_UNION,1975,01,19,0.0,31.8,19.6
107013,LA_UNION,1975,01,20,0.0,32.4,19.2
107013,LA_UNION,1975,01,21,0.0,34.6,18.6
107013,LA_UNION,1975,01,22,0.0,33.8,19.0
107013,LA_UNION,1975,01,23,0.0,34.4,20.4
107013,LA_UNION,1975,01,24,0.0,32.4,21.6
107013,LA_UNION,1975,01,25,0.0,34.6,22.6
107013,LA_UNION,1975,01,26,0.0,-999,19.2
107013,LA_UNION,1975,01,27,0.0,-999,20.4
107013,LA_UNION,1975,01,28,0.0,28.0,20.0
107013,LA_UNION,1975,01,29,0.0,31.4,19.4
107013,LA_UNION,1975,01,30,0.0,35.0,18.8
107013,LA_UNION,1975,01,31,0.0,34.6,18.8
107013,LA_UNION,1975,02,01,0.0,33.6,20.0
107013,LA_UNION,1975,02,02,0.0,33.0,20.4
107013,LA_UNION,1975,02,03,0.0,33.8,20.2
107013,LA_UNION,1975,02,04,0.0,33.8,20.8
107013,LA_UNION,1975,02,05,0.0,32.2,20.8
107013,LA_UNION,1975,02,06,0.0,33.2,21.8
107013,LA_UNION,1975,02,07,0.0,32.2,19.6
107013,LA_UNION,1975,02,08,0.0,32.8,20.8
107013,LA_UNION,1975,02,09,0.0,32.8,20.4
107013,LA_UNION,1975,02,10,0.0,35.6,21.2
107013,LA_UNION,1975,02,11,0.0,33.8,22.4
107013,LA_UNION,1975,02,12,0.0,34.2,20.6
107013,LA_UNION,1975,02,13,0.0,34.8,19.8
107013,LA_UNION,1975,02,14,0.0,34.8,18.8
107013,LA_UNION,1975,02,15,0.0,35.6,21.0
107013,LA_UNION,1975,02,16,3.1,35.8,19.8
107013,LA_UNION,1975,02,17,25.4,30.8,21.0
107013,LA_UNION,1975,02,18,0.0,31.8,20.8
107013,LA_UNION,1975,02,19,0.0,34.0,19.6
107013,LA_UNION,1975,02,20,0.0,33.6,20.0
107013,LA_UNION,1975,02,21,0.0,-999,18.4
107013,LA_UNION,1975,02,22,0.0,-999,20.8
107013,LA_UNION,1975,02,23,0.0,35.0,20.2
107013,LA_UNION,1975,02,24,6.5,31.6,21.2
107013,LA_UNION,1975,02,25,0.0,31.2,21.2
107013,LA_UNION,1975,02,26,0.0,31.6,20.8
107013,LA_UNION,1975,02,27,0.0,32.0,20.0
107013,LA_UNION,1975,02,28,5.2,30.8,20.2
107013,LA_UNION,1975,03,01,0.0,31.0,21.2
107013,LA_UNION,1975,03,02,53.2,28.8,21.6
107013,LA_UNION,1975,03,03,0.0,29.4,20.2
107013,LA_UNION,1975,03,04,0.0,32.8,19.8
107013,LA_UNION,1975,03,05,0.0,33.8,18.8
107013,LA_UNION,1975,03,06,0.0,33.6,18.4
107013,LA_UNION,1975,03,07,0.0,34.2,20.8
107013,LA_UNION,1975,03,08,5.7,30.2,21.2
107013,LA_UNION,1975,03,09,3.8,30.6,21.6
107013,LA_UNION,1975,03,10,11.2,30.8,21.4
107013,LA_UNION,1975,03,11,0.0,32.2,21.4
107013,LA_UNION,1975,03,12,0.0,34.4,21.2
107013,LA_UNION,1975,03,13,0.0,32.8,20.6
107013,LA_UNION,1975,03,14,33.5,34.6,20.4
107013,LA_UNION,1975,03,15,0.0,30.0,20.8
107013,LA_UNION,1975,03,16,4.4,32.6,21.2
107013,LA_UNION,1975,03,17,17.9,28.6,21.8
107013,LA_UNION,1975,03,18,0.0,32.8,21.6
107013,LA_UNION,1975,03,19,0.0,34.2,20.6
107013,LA_UNION,1975,03,20,22.1,31.0,20.8
107013,LA_UNION,1975,03,21,0.0,31.8,21.4
107013,LA_UNION,1975,03,22,0.0,31.8,18.8
107013,LA_UNION,1975,03,23,0.0,30.8,22.2
107013,LA_UNION,1975,03,24,0.0,31.8,20.6
107013,LA_UNION,1975,03,25,0.0,33.6,20.4
107013,LA_UNION,1975,03,26,0.0,33.0,20.8
107013,LA_UNION,1975,03,27,0.0,33.8,20.6
107013,LA_UNION,1975,03,28,0.0,34.2,19.8
107013,LA_UNION,1975,03,29,0.0,35.2,18.8
107013,LA_UNION,1975,03,30,0.0,32.6,18.8
107013,LA_UNION,1975,03,31,0.0,34.8,20.6
107013,LA_UNION,1975,04,01,0.0,34.2,19.4
107013,LA_UNION,1975,04,02,0.0,34.8,21.4
107013,LA_UNION,1975,04,03,0.0,-999,19.8
107013,LA_UNION,1975,04,04,30.5,-999,21.0
107013,LA_UNION,1975,04,05,0.0,-999,20.8
107013,LA_UNION,1975,04,06,0.0,34.4,19.6
107013,LA_UNION,1975,04,07,0.0,34.8,21.2
107013,LA_UNION,1975,04,08,0.0,32.8,20.8
107013,LA_UNION,1975,04,09,0.0,32.2,22.4
107013,LA_UNION,1975,04,10,0.0,34.6,19.2
107013,LA_UNION,1975,04,11,0.0,34.0,18.8
107013,LA_UNION,1975,04,12,0.0,34.4,18.6
107013,LA_UNION,1975,04,13,0.0,34.4,19.6
107013,LA_UNION,1975,04,14,0.0,34.8,19.4
107013,LA_UNION,1975,04,15,0.0,33.6,20.2
107013,LA_UNION,1975,04,16,0.0,34.4,20.0
107013,LA_UNION,1975,04,17,0.0,33.4,19.2
107013,LA_UNION,1975,04,18,0.0,32.8,21.2
107013,LA_UNION,1975,04,19,16.5,32.0,20.0
107013,LA_UNION,1975,04,20,41.6,32.6,21.6
107013,LA_UNION,1975,04,21,0.0,32.6,-999
107013,LA_UNION,1975,04,22,0.0,32.8,-999
107013,LA_UNION,1975,04,23,0.0,33.4,-999
107013,LA_UNION,1975,04,24,17.4,33.6,21.8
107013,LA_UNION,1975,04,25,0.0,30.8,20.0
107013,LA_UNION,1975,04,26,0.0,32.0,20.0
107013,LA_UNION,1975,04,27,0.0,32.0,21.0
107013,LA_UNION,1975,04,28,17.5,33.6,20.6
107013,LA_UNION,1975,04,29,0.0,33.4,20.8
107013,LA_UNION,1975,04,30,0.0,30.8,21.6
107013,LA_UNION,1975,05,01,0.0,33.6,21.6
107013,LA_UNION,1975,05,02,17.8,-999,21.8
107013,LA_UNION,1975,05,03,2.5,-999,21.8
107013,LA_UNION,1975,05,04,0.0,29.6,21.4
107013,LA_UNION,1975,05,05,0.0,30.6,20.2
107013,LA_UNION,1975,05,06,0.0,32.8,20.8
107013,LA_UNION,1975,05,07,0.0,32.6,20.6
107013,LA_UNION,1975,05,08,0.0,34.8,21.6
107013,LA_UNION,1975,05,09,0.0,34.4,21.8
107013,LA_UNION,1975,05,10,0.0,32.8,21.4
107013,LA_UNION,1975,05,11,0.0,32.6,20.4
107013,LA_UNION,1975,05,12,0.0,32.6,20.4
107013,LA_UNION,1975,05,13,0.0,33.6,22.6
107013,LA_UNION,1975,05,14,0.0,33.6,20.8
107013,LA_UNION,1975,05,15,20.3,-999,21.8
107013,LA_UNION,1975,05,16,5.4,-999,19.8
107013,LA_UNION,1975,05,17,0.0,30.8,20.6
107013,LA_UNION,1975,05,18,0.0,31.8,20.8
107013,LA_UNION,1975,05,19,0.0,32.4,21.6
107013,LA_UNION,1975,05,20,21.4,28.8,22.6
107013,LA_UNION,1975,05,21,0.0,31.6,21.6
107013,LA_UNION,1975,05,22,9.0,31.2,21.2
107013,LA_UNION,1975,05,23,0.0,32.6,20.2
107013,LA_UNION,1975,05,24,0.0,32.8,20.2
107013,LA_UNION,1975,05,25,0.0,31.8,20.6
107013,LA_UNION,1975,05,26,0.0,32.2,21.4
107013,LA_UNION,1975,05,27,0.0,31.8,21.0
107013,LA_UNION,1975,05,28,0.0,32.6,21.2
107013,LA_UNION,1975,05,29,0.0,32.6,21.0
107013,LA_UNION,1975,05,30,0.0,33.8,20.2
107013,LA_UNION,1975,05,31,0.0,-999,21.4
107013,LA_UNION,1975,06,01,0.0,-999,21.0
107013,LA_UNION,1975,06,02,-888,-999,21.0
107013,LA_UNION,1975,06,03,0.0,31.8,21.2
107013,LA_UNION,1975,06,04,0.0,31.2,21.0
107013,LA_UNION,1975,06,05,0.0,31.4,20.8
107013,LA_UNION,1975,06,06,8.0,31.6,21.2
107013,LA_UNION,1975,06,07,0.0,31.8,21.6
107013,LA_UNION,1975,06,08,0.0,32.6,22.2
107013,LA_UNION,1975,06,09,0.0,32.8,22.2
107013,LA_UNION,1975,06,10,0.0,32.8,20.2
107013,LA_UNION,1975,06,11,0.0,33.6,21.4
107013,LA_UNION,1975,06,12,0.0,32.4,20.6
107013,LA_UNION,1975,06,13,0.0,31.8,21.4
107013,LA_UNION,1975,06,14,5.0,31.0,18.8
107013,LA_UNION,1975,06,15,0.0,31.8,20.8
107013,LA_UNION,1975,06,16,0.0,32.8,18.8
107013,LA_UNION,1975,06,17,0.0,30.2,17.4
107013,LA_UNION,1975,06,18,0.0,31.0,19.2
107013,LA_UNION,1975,06,19,0.0,31.4,19.8
107013,LA_UNION,1975,06,20,0.0,31.8,18.0
107013,LA_UNION,1975,06,21,18.2,30.6,20.2
107013,LA_UNION,1975,06,22,0.0,31.8,20.0
107013,LA_UNION,1975,06,23,0.0,32.6,20.8
107013,LA_UNION,1975,06,24,10.7,30.8,18.6
107013,LA_UNION,1975,06,25,0.0,31.4,19.4
107013,LA_UNION,1975,06,26,0.0,31.8,16.8
107013,LA_UNION,1975,06,27,0.0,31.0,17.6
107013,LA_UNION,1975,06,28,10.2,30.8,20.2
107013,LA_UNION,1975,06,29,0.0,31.6,21.0
107013,LA_UNION,1975,06,30,15.6,30.4,20.4
107013,LA_UNION,1975,07,01,0.0,31.8,20.6
107013,LA_UNION,1975,07,02,19.6,33.4,20.4
107013,LA_UNION,1975,07,03,0.0,32.4,20.8
107013,LA_UNION,1975,07,04,0.0,33.8,-999
107013,LA_UNION,1975,07,05,0.0,33.4,20.2
107013,LA_UNION,1975,07,06,0.0,32.6,20.6
107013,LA_UNION,1975,07,07,0.0,32.8,20.4
107013,LA_UNION,1975,07,08,2.4,31.8,20.4
107013,LA_UNION,1975,07,09,0.0,31.8,20.0
107013,LA_UNION,1975,07,10,0.0,33.0,20.8
107013,LA_UNION,1975,07,11,9.6,32.8,20.4
107013,LA_UNION,1975,07,12,0.0,30.8,20.6
107013,LA_UNION,1975,07,13,0.0,32.4,20.8
107013,LA_UNION,1975,07,14,12.0,33.0,20.8
107013,LA_UNION,1975,07,15,0.0,-999,-999
107013,LA_UNION,1975,07,16,0.0,-999,-999
107013,LA_UNION,1975,07,17,0.0,-999,-999
107013,LA_UNION,1975,07,18,0.0,-999,-999
107013,LA_UNION,1975,07,19,0.0,29.4,18.4
107013,LA_UNION,1975,07,20,0.0,30.8,19.4
107013,LA_UNION,1975,07,21,0.0,32.4,21.4
107013,LA_UNION,1975,07,22,0.0,33.4,21.8
107013,LA_UNION,1975,07,23,0.0,33.4,21.8
107013,LA_UNION,1975,07,24,0.0,34.2,22.0
107013,LA_UNION,1975,07,25,0.0,33.8,21.4
107013,LA_UNION,1975,07,26,-888,33.0,21.2
107013,LA_UNION,1975,07,27,0.0,32.6,20.8
107013,LA_UNION,1975,07,28,0.0,32.6,20.4
107013,LA_UNION,1975,07,29,0.0,32.4,21.2
107013,LA_UNION,1975,07,30,0.0,32.8,20.6
107013,LA_UNION,1975,07,31,0.0,32.4,20.6
107013,LA_UNION,1975,08,01,0.0,32.8,21.0
107013,LA_UNION,1975,08,02,0.0,33.4,21.6
107013,LA_UNION,1975,08,03,0.0,31.8,20.2
107013,LA_UNION,1975,08,04,0.0,31.6,19.6
107013,LA_UNION,1975,08,05,0.0,31.6,-999
107013,LA_UNION,1975,08,06,5.4,33.4,20.8
107013,LA_UNION,1975,08,07,0.0,31.4,19.4
107013,LA_UNION,1975,08,08,0.0,32.8,20.2
107013,LA_UNION,1975,08,09,0.0,32.6,20.6
107013,LA_UNION,1975,08,10,0.0,32.0,20.6
107013,LA_UNION,1975,08,11,0.0,32.4,21.2
107013,LA_UNION,1975,08,12,0.0,33.2,21.4
107013,LA_UNION,1975,08,13,0.0,32.4,20.8
107013,LA_UNION,1975,08,14,0.0,32.8,20.6
107013,LA_UNION,1975,08,15,12.4,33.6,21.4
107013,LA_UNION,1975,08,16,0.0,30.8,20.2
107013,LA_UNION,1975,08,17,0.0,30.8,19.6
107013,LA_UNION,1975,08,18,0.0,31.6,19.2
107013,LA_UNION,1975,08,19,0.0,32.0,19.8
107013,LA_UNION,1975,08,20,0.0,32.4,20.0
107013,LA_UNION,1975,08,21,5.4,32.6,20.2
107013,LA_UNION,1975,08,22,0.0,30.8,19.8
107013,LA_UNION,1975,08,23,0.0,31.4,19.4
107013,LA_UNION,1975,08,24,0.0,32.4,20.6
107013,LA_UNION,1975,08,25,0.0,32.4,19.8
107013,LA_UNION,1975,08,26,0.0,32.6,19.4
107013,LA_UNION,1975,08,27,0.0,33.2,20.4
107013,LA_UNION,1975,08,28,0.0,33.0,20.6
107013,LA_UNION,1975,08,29,0.0,33.4,21.4
107013,LA_UNION,1975,08,30,0.0,33.6,21.0
107013,LA_UNION,1975,08,31,0.0,32.8,20.8
107013,LA_UNION,1975,09,01,5.4,33.4,20.6
107013,LA_UNION,1975,09,02,0.0,31.6,19.4
107013,LA_UNION,1975,09,03,0.0,32.4,19.6
107013,LA_UNION,1975,09,04,0.0,32.8,20.6
107013,LA_UNION,1975,09,05,0.0,32.4,21.2
107013,LA_UNION,1975,09,06,0.0,32.8,20.6
107013,LA_UNION,1975,09,07,5.2,-999,21.4
107013,LA_UNION,1975,09,08,0.0,-999,20.8
107013,LA_UNION,1975,09,09,0.0,31.0,20.2
107013,LA_UNION,1975,09,10,0.0,32.8,18.2
107013,LA_UNION,1975,09,11,11.2,33.8,18.4
107013,LA_UNION,1975,09,12,0.0,31.0,19.6
107013,LA_UNION,1975,09,13,22.5,28.8,20.6
107013,LA_UNION,1975,09,14,0.0,31.2,20.2
107013,LA_UNION,1975,09,15,0.0,29.8,19.2
107013,LA_UNION,1975,09,16,0.0,30.6,20.8
107013,LA_UNION,1975,09,17,0.0,32.4,18.6
107013,LA_UNION,1975,09,18,0.0,34.4,18.8
107013,LA_UNION,1975,09,19,0.0,33.0,19.3
107013,LA_UNION,1975,09,20,0.0,34.2,19.6
107013,LA_UNION,1975,09,21,0.0,32.8,-999
107013,LA_UNION,1975,09,22,0.0,33.4,-999
107013,LA_UNION,1975,09,23,0.0,34.8,-999
107013,LA_UNION,1975,09,24,0.0,34.6,21.4
107013,LA_UNION,1975,09,25,31.2,30.8,20.8
107013,LA_UNION,1975,09,26,0.0,30.4,20.2
107013,LA_UNION,1975,09,27,4.3,34.6,19.0
107013,LA_UNION,1975,09,28,0.0,33.0,19.4
107013,LA_UNION,1975,09,29,0.0,33.2,19.2
107013,LA_UNION,1975,09,30,-888,31.6,19.6
107013,LA_UNION,1975,10,01,0.0,32.2,20.4
107013,LA_UNION,1975,10,02,0.0,34.8,20.8
107013,LA_UNION,1975,10,03,0.0,34.8,19.8
107013,LA_UNION,1975,10,04,0.0,35.2,18.0
107013,LA_UNION,1975,10,05,20.5,35.4,-999
107013,LA_UNION,1975,10,06,10.4,-999,-999
107013,LA_UNION,1975,10,07,-888,-999,-999
107013,LA_UNION,1975,10,08,0.0,-999,18.4
107013,LA_UNION,1975,10,09,0.0,33.6,18.8
107013,LA_UNION,1975,10,10,0.0,32.2,18.4
107013,LA_UNION,1975,10,11,0.0,35.0,19.6
107013,LA_UNION,1975,10,12,0.0,35.2,20.6
107013,LA_UNION,1975,10,13,0.0,35.4,19.6
107013,LA_UNION,1975,10,14,0.0,33.2,18.0
107013,LA_UNION,1975,10,15,-888,35.0,19.4
107013,LA_UNION,1975,10,16,0.0,32.4,21.2
107013,LA_UNION,1975,10,17,15.8,32.4,19.6
107013,LA_UNION,1975,10,18,12.8,32.8,18.4
107013,LA_UNION,1975,10,19,0.0,33.8,19.0
107013,LA_UNION,1975,10,20,0.0,-999,19.8
107013,LA_UNION,1975,10,21,-888,-999,20.6
107013,LA_UNION,1975,10,22,0.0,28.4,18.8
107013,LA_UNION,1975,10,23,0.0,31.8,18.4
107013,LA_UNION,1975,10,24,0.0,28.8,18.8
107013,LA_UNION,1975,10,25,0.0,30.8,18.4
107013,LA_UNION,1975,10,26,0.0,34.8,17.2
107013,LA_UNION,1975,10,27,0.0,35.8,21.6
107013,LA_UNION,1975,10,28,-888,-999,18.2
107013,LA_UNION,1975,10,29,-888,-999,20.8
107013,LA_UNION,1975,10,30,0.0,33.4,20.2
107013,LA_UNION,1975,10,31,0.0,35.4,19.2
107013,LA_UNION,1975,11,01,-888,33.6,21.8
107013,LA_UNION,1975,11,02,0.0,33.6,19.8
107013,LA_UNION,1975,11,03,0.0,36.4,22.4
107013,LA_UNION,1975,11,04,8.6,35.6,22.4
107013,LA_UNION,1975,11,05,0.0,-999,22.8
107013,LA_UNION,1975,11,06,0.0,-999,21.0
107013,LA_UNION,1975,11,07,0.0,35.8,22.4
107013,LA_UNION,1975,11,08,8.6,32.4,21.8
107013,LA_UNION,1975,11,09,-888,32.8,21.8
107013,LA_UNION,1975,11,10,0.0,36.6,22.2
107013,LA_UNION,1975,11,11,0.0,34.0,22.8
107013,LA_UNION,1975,11,12,0.0,29.0,23.0
107013,LA_UNION,1975,11,13,0.0,29.6,21.8
107013,LA_UNION,1975,11,14,0.0,31.4,21.4
107013,LA_UNION,1975,11,15,0.0,34.8,20.6
107013,LA_UNION,1975,11,16,0.0,35.8,18.8
107013,LA_UNION,1975,11,17,8.2,32.6,20.0
107013,LA_UNION,1975,11,18,18.6,30.6,19.6
107013,LA_UNION,1975,11,19,0.0,33.4,20.8
107013,LA_UNION,1975,11,20,0.0,32.8,21.8
107013,LA_UNION,1975,11,21,0.0,33.4,21.2
107013,LA_UNION,1975,11,22,0.0,33.8,21.6
107013,LA_UNION,1975,11,23,0.0,35.0,21.6
107013,LA_UNION,1975,11,24,0.0,36.6,22.8
107013,LA_UNION,1975,11,25,5.4,-999,22.8
107013,LA_UNION,1975,11,26,2.8,-999,21.0
107013,LA_UNION,1975,11,27,0.0,-999,19.4
107013,LA_UNION,1975,11,28,0.0,35.8,19.4
107013,LA_UNION,1975,11,29,0.0,35.6,19.8
107013,LA_UNION,1975,11,30,0.0,35.0,20.6
107013,LA_UNION,1975,12,01,0.0,31.8,19.6
107013,LA_UNION,1975,12,02,0.0,35.2,20.2
107013,LA_UNION,1975,12,03,0.0,36.8,18.0
107013,LA_UNION,1975,12,04,0.0,34.0,19.6
107013,LA_UNION,1975,12,05,0.0,36.6,19.0
107013,LA_UNION,1975,12,06,0.0,32.8,20.0
107013,LA_UNION,1975,12,07,0.0,32.4,20.4
107013,LA_UNION,1975,12,08,0.0,34.4,21.0
107013,LA_UNION,1975,12,09,0.0,34.8,20.8
107013,LA_UNION,1975,12,10,6.8,35.6,20.4
107013,LA_UNION,1975,12,11,0.0,34.8,21.2
107013,LA_UNION,1975,12,12,0.0,35.2,20.4
107013,LA_UNION,1975,12,13,0.0,34.8,21.4
107013,LA_UNION,1975,12,14,0.0,36.8,21.8
107013,LA_UNION,1975,12,15,0.0,35.4,21.4
107013,LA_UNION,1975,12,16,0.0,34.4,21.6
107013,LA_UNION,1975,12,17,18.6,34.2,-999
107013,LA_UNION,1975,12,18,0.0,34.6,20.6
107013,LA_UNION,1975,12,19,0.0,34.2,20.8
107013,LA_UNION,1975,12,20,-888,32.8,21.4
107013,LA_UNION,1975,12,21,0.0,34.6,21.2
107013,LA_UNION,1975,12,22,10.6,32.8,22.2
107013,LA_UNION,1975,12,23,0.0,31.4,22.4
107013,LA_UNION,1975,12,24,0.0,35.4,21.8
107013,LA_UNION,1975,12,25,0.0,34.6,21.0
107013,LA_UNION,1975,12,26,0.0,35.4,21.0
107013,LA_UNION,1975,12,27,0.0,36.6,19.2
107013,LA_UNION,1975,12,28,6.8,34.2,21.6
107013,LA_UNION,1975,12,29,30.8,30.8,19.8
107013,LA_UNION,1975,12,30,0.0,33.8,20.2
107013,LA_UNION,1975,12,31,0.0,-999,-999
107013,LA_UNION,1976,01,01,0.0,33.6,21.8
107013,LA_UNION,1976,01,02,0.0,35.6,19.4
107013,LA_UNION,1976,01,03,0.0,-999,21.8
107013,LA_UNION,1976,01,04,4.6,-999,21.2
107013,LA_UNION,1976,01,05,0.0,32.0,19.8
107013,LA_UNION,1976,01,06,0.0,31.6,20.0
107013,LA_UNION,1976,01,07,0.0,33.8,20.8
107013,LA_UNION,1976,01,08,0.0,34.8,18.6
107013,LA_UNION,1976,01,09,0.0,35.6,21.4
107013,LA_UNION,1976,01,10,0.0,37.6,17.8
107013,LA_UNION,1976,01,11,0.0,-999,19.2
107013,LA_UNION,1976,01,12,0.0,-999,21.0
107013,LA_UNION,1976,01,13,0.0,30.6,20.2
107013,LA_UNION,1976,01,14,0.0,34.6,21.0
107013,LA_UNION,1976,01,15,0.0,35.2,20.2
107013,LA_UNION,1976,01,16,0.0,34.4,20.6
107013,LA_UNION,1976,01,17,0.0,34.4,20.6
107013,LA_UNION,1976,01,18,2.8,32.4,20.8
107013,LA_UNION,1976,01,19,4.6,29.6,21.8
107013,LA_UNION,1976,01,20,0.0,32.0,20.4
107013,LA_UNION,1976,01,21,0.0,35.2,19.6
107013,LA_UNION,1976,01,22,6.6,32.6,20.4
107013,LA_UNION,1976,01,23,4.2,31.6,21.4
107013,LA_UNION,1976,01,24,2.4,29.8,17.6
107013,LA_UNION,1976,01,25,0.0,33.4,21.2
107013,LA_UNION,1976,01,26,0.0,36.8,21.6
107013,LA_UNION,1976,01,27,0.0,34.6,20.4
107013,LA_UNION,1976,01,28,0.0,34.6,20.8
107013,LA_UNION,1976,01,29,0.0,33.8,20.4
107013,LA_UNION,1976,01,30,34.4,33.2,21.4
107013,LA_UNION,1976,01,31,30.8,32.4,21.4
107013,LA_UNION,1976,02,01,38.0,32.6,20.6
107013,LA_UNION,1976,02,02,0.0,33.2,20.4
107013,LA_UNION,1976,02,03,0.0,35.2,21.0
107013,LA_UNION,1976,02,04,0.0,36.6,20.4
107013,LA_UNION,1976,02,05,0.0,33.4,21.2
107013,LA_UNION,1976,02,06,0.0,35.6,21.2
107013,LA_UNION,1976,02,07,30.8,34.0,18.8
107013,LA_UNION,1976,02,08,0.0,31.2,-999
107013,LA_UNION,1976,02,09,0.0,32.8,-999
107013,LA_UNION,1976,02,10,0.0,34.8,-999
107013,LA_UNION,1976,02,11,0.0,35.4,20.6
107013,LA_UNION,1976,02,12,0.0,35.4,20.0
107013,LA_UNION,1976,02,13,0.0,-999,20.4
107013,LA_UNION,1976,02,14,0.0,-999,21.2
107013,LA_UNION,1976,02,15,0.0,-999,20.4
107013,LA_UNION,1976,02,16,0.0,-999,21.2
107013,LA_UNION,1976,02,17,0.0,35.4,20.8
107013,LA_UNION,1976,02,18,0.0,34.6,21.4
107013,LA_UNION,1976,02,19,0.0,35.2,21.4
107013,LA_UNION,1976,02,20,0.0,33.4,19.2
107013,LA_UNION,1976,02,21,0.0,31.6,20.6
107013,LA_UNION,1976,02,22,6.8,32.6,21.4
107013,LA_UNION,1976,02,23,0.0,36.2,20.6
107013,LA_UNION,1976,02,24,0.0,35.8,20.8
107013,LA_UNION,1976,02,25,0.0,34.8,21.2
107013,LA_UNION,1976,02,26,0.0,34.8,20.8
107013,LA_UNION,1976,02,27,0.0,32.8,20.2
107013,LA_UNION,1976,02,28,4.2,32.8,21.0
107013,LA_UNION,1976,02,29,0.0,33.4,21.0
107013,LA_UNION,1976,03,01,0.0,34.8,21.2
107013,LA_UNION,1976,03,02,6.4,35.2,20.0
107013,LA_UNION,1976,03,03,0.0,32.4,21.6
107013,LA_UNION,1976,03,04,0.0,32.8,20.6
107013,LA_UNION,1976,03,05,0.0,35.0,20.8
107013,LA_UNION,1976,03,06,0.0,33.4,21.2
107013,LA_UNION,1976,03,07,0.0,32.8,20.8
107013,LA_UNION,1976,03,08,0.0,30.8,21.4
107013,LA_UNION,1976,03,09,4.8,-999,22.4
107013,LA_UNION,1976,03,10,0.0,-999,21.4
107013,LA_UNION,1976,03,11,0.0,-999,20.8
107013,LA_UNION,1976,03,12,0.0,34.8,19.6
107013,LA_UNION,1976,03,13,0.0,34.6,20.8
107013,LA_UNION,1976,03,14,0.0,34.6,21.2
107013,LA_UNION,1976,03,15,0.0,31.4,20.6
107013,LA_UNION,1976,03,16,0.0,-999,21.6
107013,LA_UNION,1976,03,17,0.0,-999,21.2
107013,LA_UNION,1976,03,18,0.0,-999,20.2
107013,LA_UNION,1976,03,19,0.0,35.8,21.8
107013,LA_UNION,1976,03,20,0.0,34.6,22.0
107013,LA_UNION,1976,03,21,0.0,34.8,21.4
107013,LA_UNION,1976,03,22,0.0,33.4,21.2
107013,LA_UNION,1976,03,23,0.0,31.8,20.4
107013,LA_UNION,1976,03,24,0.0,31.4,21.2
107013,LA_UNION,1976,03,25,0.0,-999,20.2
107013,LA_UNION,1976,03,26,10.8,-999,22.2
107013,LA_UNION,1976,03,27,0.0,-999,-999
107013,LA_UNION,1976,03,28,0.0,31.6,-999
107013,LA_UNION,1976,03,29,0.0,31.6,-999
107013,LA_UNION,1976,03,30,0.0,34.8,20.8
107013,LA_UNION,1976,03,31,6.4,34.6,19.6
107013,LA_UNION,1976,04,01,0.0,34.8,20.2
107013,LA_UNION,1976,04,02,0.0,31.8,21.0
107013,LA_UNION,1976,04,03,0.0,31.4,21.4
107013,LA_UNION,1976,04,04,0.0,32.6,21.4
107013,LA_UNION,1976,04,05,0.0,34.4,21.2
107013,LA_UNION,1976,04,06,30.8,32.8,20.6
107013,LA_UNION,1976,04,07,0.0,32.8,21.4
107013,LA_UNION,1976,04,08,0.0,34.8,20.4
107013,LA_UNION,1976,04,09,0.0,34.8,-999
107013,LA_UNION,1976,04,10,0.0,33.8,-999
107013,LA_UNION,1976,04,11,0.0,32.2,-999
107013,LA_UNION,1976,04,12,0.0,34.6,-999
107013,LA_UNION,1976,04,13,12.8,32.6,21.0
107013,LA_UNION,1976,04,14,10.4,30.4,20.4
107013,LA_UNION,1976,04,15,0.0,32.4,20.4
107013,LA_UNION,1976,04,16,0.0,-999,20.8
107013,LA_UNION,1976,04,17,0.0,-999,21.2
107013,LA_UNION,1976,04,18,0.0,-999,21.4
107013,LA_UNION,1976,04,19,0.0,-999,21.0
107013,LA_UNION,1976,04,20,0.0,34.8,21.0
107013,LA_UNION,1976,04,21,73.2,31.8,21.8
107013,LA_UNION,1976,04,22,18.8,30.6,20.8
107013,LA_UNION,1976,04,23,0.0,30.4,20.4
107013,LA_UNION,1976,04,24,30.8,29.8,20.8
107013,LA_UNION,1976,04,25,0.0,31.6,20.4
107013,LA_UNION,1976,04,26,0.0,33.6,19.0
107013,LA_UNION,1976,04,27,0.0,34.0,19.6
107013,LA_UNION,1976,04,28,0.0,33.8,20.6
107013,LA_UNION,1976,04,29,0.0,34.2,19.6
107013,LA_UNION,1976,04,30,0.0,32.8,20.4
107013,LA_UNION,1976,05,01,6.4,30.8,21.4
107013,LA_UNION,1976,05,02,8.4,31.6,20.6
107013,LA_UNION,1976,05,03,0.0,32.6,21.4
107013,LA_UNION,1976,05,04,0.0,31.4,21.4
107013,LA_UNION,1976,05,05,0.0,30.8,20.8
107013,LA_UNION,1976,05,06,0.0,32.6,22.2
107013,LA_UNION,1976,05,07,0.0,33.6,20.8
107013,LA_UNION,1976,05,08,0.0,33.2,21.4
107013,LA_UNION,1976,05,09,0.0,30.6,20.2
107013,LA_UNION,1976,05,10,0.0,31.8,21.4
107013,LA_UNION,1976,05,11,0.0,32.6,19.8
107013,LA_UNION,1976,05,12,0.0,31.8,20.2
107013,LA_UNION,1976,05,13,0.0,33.2,18.6
107013,LA_UNION,1976,05,14,0.0,33.8,19.4
107013,LA_UNION,1976,05,15,0.0,33.8,19.6
107013,LA_UNION,1976,05,16,0.0,33.2,20.2
107013,LA_UNION,1976,05,17,0.0,-999,20.6
107013,LA_UNION,1976,05,18,2.4,-999,21.6
107013,LA_UNION,1976,05,19,0.0,28.6,20.8
107013,LA_UNION,1976,05,20,0.0,32.6,20.8
107013,LA_UNION,1976,05,21,0.0,33.6,20.6
107013,LA_UNION,1976,05,22,0.0,32.6,20.6
107013,LA_UNION,1976,05,23,6.8,30.2,20.4
107013,LA_UNION,1976,05,24,0.0,32.2,21.8
107013,LA_UNION,1976,05,25,0.0,32.8,20.8
107013,LA_UNION,1976,05,26,-999,34.6,21.0
107013,LA_UNION,1976,05,27,-999,-999,-999
107013,LA_UNION,1976,05,28,-999,-999,-999
107013,LA_UNION,1976,05,29,0.0,35.0,21.0
107013,LA_UNION,1976,05,30,4.1,33.8,19.2
107013,LA_UNION,1976,05,31,6.7,29.2,20.2
107013,LA_UNION,1976,06,01,2.0,30.6,20.6
107013,LA_UNION,1976,06,02,0.0,32.2,20.4
107013,LA_UNION,1976,06,03,0.0,33.0,20.0
107013,LA_UNION,1976,06,04,0.0,31.4,20.4
107013,LA_UNION,1976,06,05,0.0,32.2,20.0
107013,LA_UNION,1976,06,06,0.0,33.8,19.4
107013,LA_UNION,1976,06,07,10.0,30.6,19.8
107013,LA_UNION,1976,06,08,8.5,30.6,21.0
107013,LA_UNION,1976,06,09,5.5,27.4,21.8
107013,LA_UNION,1976,06,10,0.0,29.0,20.8
107013,LA_UNION,1976,06,11,0.0,31.2,20.6
107013,LA_UNION,1976,06,12,0.0,32.2,19.8
107013,LA_UNION,1976,06,13,0.0,32.6,19.8
107013,LA_UNION,1976,06,14,0.0,33.2,18.8
107013,LA_UNION,1976,06,15,0.0,33.6,19.0
107013,LA_UNION,1976,06,16,0.0,33.8,19.2
107013,LA_UNION,1976,06,17,0.0,34.0,18.6
107013,LA_UNION,1976,06,18,2.9,30.8,-999
107013,LA_UNION,1976,06,19,1.8,30.2,-999
107013,LA_UNION,1976,06,20,0.0,30.4,-999
107013,LA_UNION,1976,06,21,0.0,30.8,-999
107013,LA_UNION,1976,06,22,0.0,31.2,21.2
107013,LA_UNION,1976,06,23,0.0,33.2,19.6
107013,LA_UNION,1976,06,24,0.0,33.0,21.8
107013,LA_UNION,1976,06,25,0.0,32.8,18.6
107013,LA_UNION,1976,06,26,0.0,33.4,19.2
107013,LA_UNION,1976,06,27,0.0,33.0,19.6
107013,LA_UNION,1976,06,28,0.0,32.6,18.8
107013,LA_UNION,1976,06,29,0.0,-999,19.8
107013,LA_UNION,1976,06,30,5.7,-999,-999
107013,LA_UNION,1976,07,01,0.0,24.4,17.6
107013,LA_UNION,1976,07,02,0.0,29.0,17.6
107013,LA_UNION,1976,07,03,0.0,29.8,14.0
107013,LA_UNION,1976,07,04,0.0,31.8,14.2
107013,LA_UNION,1976,07,05,0.0,32.6,17.0
107013,LA_UNION,1976,07,06,0.0,32.8,17.8
107013,LA_UNION,1976,07,07,0.0,32.4,17.0
107013,LA_UNION,1976,07,08,0.0,32.8,17.4
107013,LA_UNION,1976,07,09,0.0,33.2,17.4
107013,LA_UNION,1976,07,10,2.6,29.2,18.4
107013,LA_UNION,1976,07,11,0.0,28.2,19.6
107013,LA_UNION,1976,07,12,0.0,31.8,19.6
107013,LA_UNION,1976,07,13,0.0,31.8,16.2
107013,LA_UNION,1976,07,14,0.0,33.2,14.6
107013,LA_UNION,1976,07,15,0.0,31.2,14.8
107013,LA_UNION,1976,07,16,0.0,30.8,16.2
107013,LA_UNION,1976,07,17,0.0,30.2,17.4
107013,LA_UNION,1976,07,18,0.0,29.0,18.2
107013,LA_UNION,1976,07,19,0.0,32.8,18.6
107013,LA_UNION,1976,07,20,0.0,33.8,18.4
107013,LA_UNION,1976,07,21,0.0,33.0,17.8
107013,LA_UNION,1976,07,22,0.0,33.2,17.8
107013,LA_UNION,1976,07,23,0.0,32.8,18.6
107013,LA_UNION,1976,07,24,0.7,32.8,19.8
107013,LA_UNION,1976,07,25,0.0,31.8,18.6
107013,LA_UNION,1976,07,26,0.6,30.8,18.8
107013,LA_UNION,1976,07,27,0.0,32.2,18.4
107013,LA_UNION,1976,07,28,0.0,33.8,14.4
107013,LA_UNION,1976,07,29,0.0,34.2,14.8
107013,LA_UNION,1976,07,30,0.0,35.2,18.6
107013,LA_UNION,1976,07,31,0.0,34.0,16.2
107013,LA_UNION,1976,08,01,0.0,33.8,18.8
107013,LA_UNION,1976,08,02,4.5,31.2,19.4
107013,LA_UNION,1976,08,03,0.0,31.8,19.6
107013,LA_UNION,1976,08,04,4.2,31.4,18.6
107013,LA_UNION,1976,08,05,-888,33.0,19.8
107013,LA_UNION,1976,08,06,0.0,33.2,20.0
107013,LA_UNION,1976,08,07,0.0,31.2,-999
107013,LA_UNION,1976,08,08,0.0,34.4,-999
107013,LA_UNION,1976,08,09,0.0,34.8,-999
107013,LA_UNION,1976,08,10,0.0,34.8,18.8
107013,LA_UNION,1976,08,11,0.0,33.8,19.6
107013,LA_UNION,1976,08,12,0.0,33.4,19.2
107013,LA_UNION,1976,08,13,0.0,35.4,19.4
107013,LA_UNION,1976,08,14,0.0,-999,18.6
107013,LA_UNION,1976,08,15,5.4,-999,19.8
107013,LA_UNION,1976,08,16,0.0,31.4,17.4
107013,LA_UNION,1976,08,17,0.0,34.0,18.6
107013,LA_UNION,1976,08,18,0.0,34.6,18.8
107013,LA_UNION,1976,08,19,6.6,34.4,18.8
107013,LA_UNION,1976,08,20,0.0,30.0,20.6
107013,LA_UNION,1976,08,21,3.2,-999,20.8
107013,LA_UNION,1976,08,22,0.0,-999,18.2
107013,LA_UNION,1976,08,23,0.0,33.0,17.4
107013,LA_UNION,1976,08,24,0.0,33.6,16.8
107013,LA_UNION,1976,08,25,0.0,29.6,18.4
107013,LA_UNION,1976,08,26,0.0,32.2,18.6
107013,LA_UNION,1976,08,27,5.4,32.6,19.2
107013,LA_UNION,1976,08,28,1.2,31.8,18.8
107013,LA_UNION,1976,08,29,30.2,29.4,18.4
107013,LA_UNION,1976,08,30,0.0,30.8,19.6
107013,LA_UNION,1976,08,31,-999,31.2,19.2
107013,LA_UNION,1976,09,01,0.0,33.4,18.8
107013,LA_UNION,1976,09,02,-888,31.8,19.8
107013,LA_UNION,1976,09,03,0.0,33.4,20.0
107013,LA_UNION,1976,09,04,0.0,34.2,19.2
107013,LA_UNION,1976,09,05,0.0,34.2,19.2
107013,LA_UNION,1976,09,06,0.0,32.8,20.0
107013,LA_UNION,1976,09,07,5.2,29.6,19.6
107013,LA_UNION,1976,09,08,-888,29.4,19.8
107013,LA_UNION,1976,09,09,0.0,31.2,20.2
107013,LA_UNION,1976,09,10,0.0,33.2,19.0
107013,LA_UNION,1976,09,11,5.5,29.4,20.8
107013,LA_UNION,1976,09,12,0.0,30.4,21.0
107013,LA_UNION,1976,09,13,3.4,34.6,20.2
107013,LA_UNION,1976,09,14,9.0,32.4,20.8
107013,LA_UNION,1976,09,15,0.0,33.6,19.8
107013,LA_UNION,1976,09,16,0.0,35.0,18.0
107013,LA_UNION,1976,09,17,8.5,-999,17.0
107013,LA_UNION,1976,09,18,-888,-999,18.4
107013,LA_UNION,1976,09,19,0.0,30.8,18.6
107013,LA_UNION,1976,09,20,5.5,30.2,19.0
107013,LA_UNION,1976,09,21,0.0,30.8,18.8
107013,LA_UNION,1976,09,22,0.0,34.6,20.0
107013,LA_UNION,1976,09,23,-888,32.6,21.8
107013,LA_UNION,1976,09,24,0.0,33.8,18.4
107013,LA_UNION,1976,09,25,0.0,32.8,19.0
107013,LA_UNION,1976,09,26,1.5,-999,21.2
107013,LA_UNION,1976,09,27,0.0,-999,21.4
107013,LA_UNION,1976,09,28,0.0,33.6,20.8
107013,LA_UNION,1976,09,29,0.0,36.0,20.4
107013,LA_UNION,1976,09,30,0.0,36.6,19.0
107013,LA_UNION,1976,10,01,20.2,35.0,20.4
107013,LA_UNION,1976,10,02,0.0,30.2,20.6
107013,LA_UNION,1976,10,03,0.0,33.4,21.0
107013,LA_UNION,1976,10,04,0.0,33.4,20.4
107013,LA_UNION,1976,10,05,6.3,32.8,21.0
107013,LA_UNION,1976,10,06,0.0,31.6,21.6
107013,LA_UNION,1976,10,07,0.0,32.4,22.6
107013,LA_UNION,1976,10,08,0.0,33.2,20.0
107013,LA_UNION,1976,10,09,0.0,35.6,21.6
107013,LA_UNION,1976,10,10,11.3,33.4,21.0
107013,LA_UNION,1976,10,11,1.0,31.8,21.2
107013,LA_UNION,1976,10,12,11.1,35.2,20.4
107013,LA_UNION,1976,10,13,0.0,32.8,19.8
107013,LA_UNION,1976,10,14,0.0,-999,19.8
107013,LA_UNION,1976,10,15,0.0,-999,20.8
107013,LA_UNION,1976,10,16,0.0,-999,21.0
107013,LA_UNION,1976,10,17,0.0,36.4,21.8
107013,LA_UNION,1976,10,18,0.0,35.0,20.0
107013,LA_UNION,1976,10,19,1.7,34.8,20.2
107013,LA_UNION,1976,10,20,0.0,32.4,19.8
107013,LA_UNION,1976,10,21,0.0,32.8,20.0
107013,LA_UNION,1976,10,22,0.0,35.6,20.4
107013,LA_UNION,1976,10,23,0.0,36.8,20.8
107013,LA_UNION,1976,10,24,0.0,36.2,22.2
107013,LA_UNION,1976,10,25,0.0,36.8,20.6
107013,LA_UNION,1976,10,26,8.2,35.8,20.4
107013,LA_UNION,1976,10,27,7.5,31.6,20.4
107013,LA_UNION,1976,10,28,6.8,32.8,21.2
107013,LA_UNION,1976,10,29,0.0,32.8,20.4
107013,LA_UNION,1976,10,30,0.0,34.8,22.0
107013,LA_UNION,1976,10,31,0.0,36.8,21.8
107013,LA_UNION,1976,11,01,0.0,34.6,20.4
107013,LA_UNION,1976,11,02,7.8,30.8,21.6
107013,LA_UNION,1976,11,03,0.0,34.2,21.8
107013,LA_UNION,1976,11,04,0.0,30.8,22.0
107013,LA_UNION,1976,11,05,0.0,35.8,22.0
107013,LA_UNION,1976,11,06,0.0,35.6,21.6
107013,LA_UNION,1976,11,07,15.2,-999,22.2
107013,LA_UNION,1976,11,08,-888,-999,21.2
107013,LA_UNION,1976,11,09,25.2,28.8,21.4
107013,LA_UNION,1976,11,10,-888,30.2,20.2
107013,LA_UNION,1976,11,11,0.0,30.8,20.4
107013,LA_UNION,1976,11,12,0.0,34.6,18.8
107013,LA_UNION,1976,11,13,-888,34.4,20.6
107013,LA_UNION,1976,11,14,-888,34.0,21.6
107013,LA_UNION,1976,11,15,2.1,34.6,20.2
107013,LA_UNION,1976,11,16,0.0,32.4,21.8
107013,LA_UNION,1976,11,17,0.0,34.8,19.8
107013,LA_UNION,1976,11,18,0.0,35.4,21.2
107013,LA_UNION,1976,11,19,4.7,34.8,21.2
107013,LA_UNION,1976,11,20,27.3,33.6,21.0
107013,LA_UNION,1976,11,21,3.6,31.4,20.4
107013,LA_UNION,1976,11,22,20.2,31.8,21.2
107013,LA_UNION,1976,11,23,0.0,32.2,21.4
107013,LA_UNION,1976,11,24,0.0,32.6,20.6
107013,LA_UNION,1976,11,25,0.0,33.4,21.8
107013,LA_UNION,1976,11,26,-888,33.8,21.4
107013,LA_UNION,1976,11,27,1.0,32.8,20.8
107013,LA_UNION,1976,11,28,0.0,34.2,21.0
107013,LA_UNION,1976,11,29,0.0,35.8,20.4
107013,LA_UNION,1976,11,30,0.0,36.2,22.8
107013,LA_UNION,1976,12,01,0.0,36.2,21.2
107013,LA_UNION,1976,12,02,4.5,34.2,21.4
107013,LA_UNION,1976,12,03,0.0,34.4,20.6
107013,LA_UNION,1976,12,04,0.7,34.8,21.0
107013,LA_UNION,1976,12,05,0.0,33.6,21.0
107013,LA_UNION,1976,12,06,0.0,35.8,20.8
107013,LA_UNION,1976,12,07,0.0,34.2,20.0
107013,LA_UNION,1976,12,08,10.0,35.8,20.4
107013,LA_UNION,1976,12,09,2.6,31.8,20.2
107013,LA_UNION,1976,12,10,0.0,34.8,21.4
107013,LA_UNION,1976,12,11,3.6,35.4,21.6
107013,LA_UNION,1976,12,12,0.0,35.8,21.4
107013,LA_UNION,1976,12,13,8.4,33.6,20.8
107013,LA_UNION,1976,12,14,0.0,34.8,21.6
107013,LA_UNION,1976,12,15,2.8,34.8,20.8
107013,LA_UNION,1976,12,16,0.0,32.8,20.8
107013,LA_UNION,1976,12,17,7.8,32.4,20.0
107013,LA_UNION,1976,12,18,0.0,32.2,20.4
107013,LA_UNION,1976,12,19,0.0,33.8,20.4
107013,LA_UNION,1976,12,20,0.0,35.4,21.4
107013,LA_UNION,1976,12,21,0.0,35.4,21.4
107013,LA_UNION,1976,12,22,0.0,-999,22.2
107013,LA_UNION,1976,12,23,0.6,-999,22.6
107013,LA_UNION,1976,12,24,0.0,-999,20.4
107013,LA_UNION,1976,12,25,0.0,-999,21.2
107013,LA_UNION,1976,12,26,0.0,-999,21.4
107013,LA_UNION,1976,12,27,0.0,34.6,22.2
107013,LA_UNION,1976,12,28,0.0,35.2,20.8
107013,LA_UNION,1976,12,29,-888,35.4,21.2
107013,LA_UNION,1976,12,30,0.0,35.6,22.2
107013,LA_UNION,1976,12,31,16.5,35.6,22.6
107013,LA_UNION,1977,01,01,0.0,34.8,20.2
107013,LA_UNION,1977,01,02,1.0,34.6,21.0
107013,LA_UNION,1977,01,03,0.0,33.6,20.6
107013,LA_UNION,1977,01,04,0.0,35.2,21.6
107013,LA_UNION,1977,01,05,0.0,35.8,22.4
107013,LA_UNION,1977,01,06,0.0,35.6,21.0
107013,LA_UNION,1977,01,07,-888,35.6,20.4
107013,LA_UNION,1977,01,08,0.0,35.2,21.8
107013,LA_UNION,1977,01,09,12.2,35.8,21.2
107013,LA_UNION,1977,01,10,0.0,35.4,20.4
107013,LA_UNION,1977,01,11,0.0,36.8,19.6
107013,LA_UNION,1977,01,12,0.0,35.0,19.8
107013,LA_UNION,1977,01,13,0.0,36.6,20.4
107013,LA_UNION,1977,01,14,0.0,34.8,21.8
107013,LA_UNION,1977,01,15,20.2,34.6,21.8
107013,LA_UNION,1977,01,16,0.0,34.6,20.2
107013,LA_UNION,1977,01,17,12.5,34.8,21.8
107013,LA_UNION,1977,01,18,0.0,35.6,21.0
107013,LA_UNION,1977,01,19,2.9,35.6,21.8
107013,LA_UNION,1977,01,20,0.0,36.6,21.4
107013,LA_UNION,1977,01,21,0.0,35.4,21.4
107013,LA_UNION,1977,01,22,0.0,36.0,21.8
107013,LA_UNION,1977,01,23,0.0,36.6,22.0
107013,LA_UNION,1977,01,24,-888,36.8,20.0
107013,LA_UNION,1977,01,25,1.2,35.8,21.4
107013,LA_UNION,1977,01,26,2.9,36.6,21.8
107013,LA_UNION,1977,01,27,0.0,36.2,21.4
107013,LA_UNION,1977,01,28,22.5,35.8,22.2
107013,LA_UNION,1977,01,29,0.0,36.8,20.6
107013,LA_UNION,1977,01,30,0.0,34.6,20.6
107013,LA_UNION,1977,01,31,5.0,32.8,-999
107013,LA_UNION,1977,02,01,0.0,30.8,-999
107013,LA_UNION,1977,02,02,0.0,35.4,-999
107013,LA_UNION,1977,02,03,0.0,37.2,-999
107013,LA_UNION,1977,02,04,0.0,36.8,20.4
107013,LA_UNION,1977,02,05,19.2,35.2,22.2
107013,LA_UNION,1977,02,06,0.0,33.2,22.0
107013,LA_UNION,1977,02,07,1.4,34.2,21.7
107013,LA_UNION,1977,02,08,0.0,35.2,21.8
107013,LA_UNION,1977,02,09,2.0,34.6,20.0
107013,LA_UNION,1977,02,10,15.5,30.8,21.6
107013,LA_UNION,1977,02,11,25.2,35.4,22.6
107013,LA_UNION,1977,02,12,0.0,30.8,20.8
107013,LA_UNION,1977,02,13,40.7,32.6,21.8
107013,LA_UNION,1977,02,14,5.3,31.2,21.4
107013,LA_UNION,1977,02,15,17.0,32.6,22.2
107013,LA_UNION,1977,02,16,0.0,30.8,21.6
107013,LA_UNION,1977,02,17,0.0,33.8,21.8
107013,LA_UNION,1977,02,18,6.1,32.8,21.6
107013,LA_UNION,1977,02,19,0.0,34.6,20.4
107013,LA_UNION,1977,02,20,0.0,35.6,21.0
107013,LA_UNION,1977,02,21,0.0,35.4,21.2
107013,LA_UNION,1977,02,22,0.0,34.8,21.4
107013,LA_UNION,1977,02,23,0.0,35.0,20.4
107013,LA_UNION,1977,02,24,0.0,34.8,20.8
107013,LA_UNION,1977,02,25,0.0,33.8,21.2
107013,LA_UNION,1977,02,26,10.8,34.6,21.8
107013,LA_UNION,1977,02,27,10.6,33.6,20.4
107013,LA_UNION,1977,02,28,0.0,33.6,19.4
107013,LA_UNION,1977,03,01,0.0,34.8,18.8
107013,LA_UNION,1977,03,02,1.2,34.0,20.8
107013,LA_UNION,1977,03,03,0.0,34.8,21.2
107013,LA_UNION,1977,03,04,1.4,35.0,21.0
107013,LA_UNION,1977,03,05,0.0,34.8,21.2
107013,LA_UNION,1977,03,06,0.0,34.0,20.8
107013,LA_UNION,1977,03,07,0.0,35.4,21.2
107013,LA_UNION,1977,03,08,16.7,34.4,21.8
107013,LA_UNION,1977,03,09,4.0,30.8,21.6
107013,LA_UNION,1977,03,10,0.0,35.4,21.2
107013,LA_UNION,1977,03,11,6.4,34.8,21.4
107013,LA_UNION,1977,03,12,0.0,34.6,20.8
107013,LA_UNION,1977,03,13,0.0,35.8,20.0
107013,LA_UNION,1977,03,14,0.0,35.6,20.0
107013,LA_UNION,1977,03,15,0.0,33.8,21.2
107013,LA_UNION,1977,03,16,4.0,33.4,22.4
107013,LA_UNION,1977,03,17,18.4,32.8,22.2
107013,LA_UNION,1977,03,18,0.0,31.8,21.0
107013,LA_UNION,1977,03,19,0.0,33.6,21.6
107013,LA_UNION,1977,03,20,0.0,34.6,21.6
107013,LA_UNION,1977,03,21,0.0,35.0,21.8
107013,LA_UNION,1977,03,22,3.0,35.6,21.4
107013,LA_UNION,1977,03,23,0.0,34.6,20.8
107013,LA_UNION,1977,03,24,6.8,33.8,20.8
107013,LA_UNION,1977,03,25,0.0,33.4,20.4
107013,LA_UNION,1977,03,26,0.0,34.0,21.4
107013,LA_UNION,1977,03,27,0.0,34.6,20.6
107013,LA_UNION,1977,03,28,0.0,34.8,-999
107013,LA_UNION,1977,03,29,2.2,34.6,-999
107013,LA_UNION,1977,03,30,0.0,34.2,-999
107013,LA_UNION,1977,03,31,0.0,35.0,21.8
107013,LA_UNION,1977,04,01,13.0,32.8,20.4
107013,LA_UNION,1977,04,02,1.4,30.8,20.4
107013,LA_UNION,1977,04,03,0.0,31.8,20.8
107013,LA_UNION,1977,04,04,0.0,33.4,21.4
107013,LA_UNION,1977,04,05,4.7,33.4,21.6
107013,LA_UNION,1977,04,06,0.0,32.8,20.8
107013,LA_UNION,1977,04,07,0.0,-999,21.6
107013,LA_UNION,1977,04,08,0.0,-999,21.8
107013,LA_UNION,1977,04,09,9.2,-999,21.8
107013,LA_UNION,1977,04,10,0.0,32.8,20.8
107013,LA_UNION,1977,04,11,0.0,34.6,21.6
107013,LA_UNION,1977,04,12,0.0,35.4,21.6
107013,LA_UNION,1977,04,13,0.0,34.8,21.4
107013,LA_UNION,1977,04,14,9.4,34.6,20.2
107013,LA_UNION,1977,04,15,0.0,33.6,20.0
107013,LA_UNION,1977,04,16,4.1,31.8,21.2
107013,LA_UNION,1977,04,17,0.0,33.2,20.4
107013,LA_UNION,1977,04,18,0.0,33.8,20.4
107013,LA_UNION,1977,04,19,0.0,34.8,21.4
107013,LA_UNION,1977,04,20,0.0,35.0,-999
107013,LA_UNION,1977,04,21,0.0,35.6,-999
107013,LA_UNION,1977,04,22,13.2,33.6,-999
107013,LA_UNION,1977,04,23,0.0,32.0,21.4
107013,LA_UNION,1977,04,24,0.0,33.8,20.8
107013,LA_UNION,1977,04,25,0.0,34.2,20.8
107013,LA_UNION,1977,04,26,0.0,34.6,21.4
107013,LA_UNION,1977,04,27,0.0,34.6,21.0
107013,LA_UNION,1977,04,28,0.0,34.2,21.4
107013,LA_UNION,1977,04,29,0.0,33.8,20.2
107013,LA_UNION,1977,04,30,3.5,33.6,21.0
107013,LA_UNION,1977,05,01,0.0,34.6,21.6
107013,LA_UNION,1977,05,02,20.8,32.6,21.2
107013,LA_UNION,1977,05,03,1.2,30.6,20.6
107013,LA_UNION,1977,05,04,0.0,31.8,20.4
107013,LA_UNION,1977,05,05,0.0,33.6,21.2
107013,LA_UNION,1977,05,06,0.0,34.6,21.4
107013,LA_UNION,1977,05,07,-888,33.0,21.6
107013,LA_UNION,1977,05,08,0.0,31.8,20.8
107013,LA_UNION,1977,05,09,3.6,31.4,20.0
107013,LA_UNION,1977,05,10,5.3,32.6,20.4
107013,LA_UNION,1977,05,11,1.0,30.8,20.8
107013,LA_UNION,1977,05,12,3.5,30.6,20.2
107013,LA_UNION,1977,05,13,0.0,31.6,20.6
107013,LA_UNION,1977,05,14,0.0,33.6,21.2
107013,LA_UNION,1977,05,15,0.0,34.8,21.2
107013,LA_UNION,1977,05,16,-888,33.8,21.0
107013,LA_UNION,1977,05,17,18.2,32.6,20.8
107013,LA_UNION,1977,05,18,0.0,31.4,20.6
107013,LA_UNION,1977,05,19,0.0,32.6,20.6
107013,LA_UNION,1977,05,20,0.0,32.8,21.2
107013,LA_UNION,1977,05,21,0.0,32.6,21.6
107013,LA_UNION,1977,05,22,0.0,32.4,20.8
107013,LA_UNION,1977,05,23,0.0,32.4,21.2
107013,LA_UNION,1977,05,24,0.0,33.6,21.6
107013,LA_UNION,1977,05,25,0.0,34.2,21.0
107013,LA_UNION,1977,05,26,40.5,33.8,21.4
107013,LA_UNION,1977,05,27,0.0,30.4,20.6
107013,LA_UNION,1977,05,28,0.0,31.6,20.0
107013,LA_UNION,1977,05,29,0.0,30.4,19.6
107013,LA_UNION,1977,05,30,-999,30.4,18.8
107013,LA_UNION,1977,05,31,-999,-999,-999
107013,LA_UNION,1977,09,01,-999,-999,-999
107013,LA_UNION,1977,09,02,-999,-999,-999
107013,LA_UNION,1977,09,03,-999,-999,-999
107013,LA_UNION,1977,09,04,-999,-999,-999
107013,LA_UNION,1977,09,05,-999,-999,-999
107013,LA_UNION,1977,09,06,-999,-999,-999
107013,LA_UNION,1977,09,07,0.0,32.4,20.2
107013,LA_UNION,1977,09,08,0.0,32.8,21.0
107013,LA_UNION,1977,09,09,0.0,34.6,20.0
107013,LA_UNION,1977,09,10,0.0,34.2,18.4
107013,LA_UNION,1977,09,11,0.0,-999,18.8
107013,LA_UNION,1977,09,12,0.5,-999,20.6
107013,LA_UNION,1977,09,13,0.0,-999,19.2
107013,LA_UNION,1977,09,14,0.0,33.8,19.4
107013,LA_UNION,1977,09,15,0.0,35.6,17.4
107013,LA_UNION,1977,09,16,3.8,36.4,19.8
107013,LA_UNION,1977,09,17,0.0,36.6,18.2
107013,LA_UNION,1977,09,18,0.0,37.8,19.4
107013,LA_UNION,1977,09,19,0.0,37.8,19.2
107013,LA_UNION,1977,09,20,0.0,37.2,19.6
107013,LA_UNION,1977,09,21,0.0,34.4,21.2
107013,LA_UNION,1977,09,22,0.0,36.0,21.2
107013,LA_UNION,1977,09,23,1.8,-999,19.4
107013,LA_UNION,1977,09,24,52.7,-999,22.2
107013,LA_UNION,1977,09,25,30.5,30.6,21.0
107013,LA_UNION,1977,09,26,0.0,34.4,19.8
107013,LA_UNION,1977,09,27,0.0,35.8,19.4
107013,LA_UNION,1977,09,28,0.0,36.4,20.8
107013,LA_UNION,1977,09,29,2.8,36.4,22.0
107013,LA_UNION,1977,09,30,0.5,34.6,22.2
107013,LA_UNION,1977,10,01,0.0,30.8,20.6
107013,LA_UNION,1977,10,02,0.0,35.4,21.2
107013,LA_UNION,1977,10,03,0.0,35.6,20.4
107013,LA_UNION,1977,10,04,0.0,36.8,22.2
107013,LA_UNION,1977,10,05,0.0,35.8,22.8
107013,LA_UNION,1977,10,06,0.0,33.2,20.0
107013,LA_UNION,1977,10,07,0.0,36.6,20.0
107013,LA_UNION,1977,10,08,0.0,35.4,21.8
107013,LA_UNION,1977,10,09,34.5,35.8,19.2
107013,LA_UNION,1977,10,10,0.0,31.6,21.4
107013,LA_UNION,1977,10,11,0.0,35.0,20.6
107013,LA_UNION,1977,10,12,20.7,32.6,22.2
107013,LA_UNION,1977,10,13,3.5,32.4,21.8
107013,LA_UNION,1977,10,14,0.0,29.8,21.8
107013,LA_UNION,1977,10,15,0.0,34.8,20.6
107013,LA_UNION,1977,10,16,0.0,36.0,20.2
107013,LA_UNION,1977,10,17,0.0,36.4,20.0
107013,LA_UNION,1977,10,18,0.0,32.8,21.4
107013,LA_UNION,1977,10,19,0.0,31.6,21.6
107013,LA_UNION,1977,10,20,0.0,33.0,22.0
107013,LA_UNION,1977,10,21,13.0,30.0,22.4
107013,LA_UNION,1977,10,22,0.0,32.0,21.2
107013,LA_UNION,1977,10,23,0.0,35.0,20.6
107013,LA_UNION,1977,10,24,0.0,35.8,20.8
107013,LA_UNION,1977,10,25,3.2,33.4,20.4
107013,LA_UNION,1977,10,26,0.0,33.2,21.2
107013,LA_UNION,1977,10,27,0.0,35.0,22.0
107013,LA_UNION,1977,10,28,0.0,33.2,22.6
107013,LA_UNION,1977,10,29,0.0,34.2,20.6
107013,LA_UNION,1977,10,30,0.0,33.2,21.4
107013,LA_UNION,1977,10,31,0.0,32.8,20.0
107013,LA_UNION,1977,11,01,0.0,36.8,19.6
107013,LA_UNION,1977,11,02,0.0,33.2,20.6
107013,LA_UNION,1977,11,03,6.7,-999,21.4
107013,LA_UNION,1977,11,04,0.0,-999,19.4
107013,LA_UNION,1977,11,05,13.9,31.8,21.6
107013,LA_UNION,1977,11,06,9.5,32.8,22.4
107013,LA_UNION,1977,11,07,2.8,31.6,22.8
107013,LA_UNION,1977,11,08,0.0,33.2,21.6
107013,LA_UNION,1977,11,09,4.9,32.8,20.8
107013,LA_UNION,1977,11,10,0.6,-999,22.2
107013,LA_UNION,1977,11,11,0.7,-999,23.0
107013,LA_UNION,1977,11,12,74.5,-999,22.6
107013,LA_UNION,1977,11,13,78.5,31.8,20.6
107013,LA_UNION,1977,11,14,12.4,30.4,21.0
107013,LA_UNION,1977,11,15,6.6,32.8,21.4
107013,LA_UNION,1977,11,16,0.0,29.2,22.0
107013,LA_UNION,1977,11,17,0.0,31.6,21.6
107013,LA_UNION,1977,11,18,0.0,34.0,20.2
107013,LA_UNION,1977,11,19,0.0,34.4,21.2
107013,LA_UNION,1977,11,20,0.0,34.0,22.4
107013,LA_UNION,1977,11,21,0.0,33.8,21.0
107013,LA_UNION,1977,11,22,3.9,35.6,20.8
107013,LA_UNION,1977,11,23,19.7,35.4,22.4
107013,LA_UNION,1977,11,24,-888,30.6,22.8
107013,LA_UNION,1977,11,25,0.0,31.2,21.8
107013,LA_UNION,1977,11,26,-888,35.4,21.8
107013,LA_UNION,1977,11,27,0.0,35.6,20.0
107013,LA_UNION,1977,11,28,0.0,35.6,20.2
107013,LA_UNION,1977,11,29,0.0,32.6,21.8
107013,LA_UNION,1977,11,30,0.0,35.4,19.8
107013,LA_UNION,1977,12,01,0.0,35.2,19.8
107013,LA_UNION,1977,12,02,0.0,35.8,20.4
107013,LA_UNION,1977,12,03,0.0,35.8,20.8
107013,LA_UNION,1977,12,04,0.0,36.8,20.8
107013,LA_UNION,1977,12,05,-888,35.4,22.0
107013,LA_UNION,1977,12,06,7.8,34.8,21.8
107013,LA_UNION,1977,12,07,0.0,36.4,20.4
107013,LA_UNION,1977,12,08,13.7,35.8,21.0
107013,LA_UNION,1977,12,09,0.0,33.6,21.4
107013,LA_UNION,1977,12,10,0.5,34.8,21.0
107013,LA_UNION,1977,12,11,0.3,33.6,-999
107013,LA_UNION,1977,12,12,16.6,35.0,-999
107013,LA_UNION,1977,12,13,0.0,34.2,-999
107013,LA_UNION,1977,12,14,0.0,35.6,20.6
107013,LA_UNION,1977,12,15,0.0,36.4,21.8
107013,LA_UNION,1977,12,16,0.0,36.2,20.8
107013,LA_UNION,1977,12,17,0.0,36.8,23.0
107013,LA_UNION,1977,12,18,1.2,37.0,23.0
107013,LA_UNION,1977,12,19,1.0,33.4,22.0
107013,LA_UNION,1977,12,20,3.0,32.4,21.0
107013,LA_UNION,1977,12,21,-888,34.6,19.6
107013,LA_UNION,1977,12,22,6.9,29.8,21.6
107013,LA_UNION,1977,12,23,-888,33.8,21.8
107013,LA_UNION,1977,12,24,0.0,33.8,22.0
107013,LA_UNION,1977,12,25,0.0,36.8,21.8
107013,LA_UNION,1977,12,26,0.0,36.8,21.4
107013,LA_UNION,1977,12,27,0.0,36.6,21.0
107013,LA_UNION,1977,12,28,0.0,37.0,21.6
107013,LA_UNION,1977,12,29,2.3,36.4,22.4
107013,LA_UNION,1977,12,30,0.4,33.6,22.8
107013,LA_UNION,1977,12,31,0.0,34.8,22.8
107013,LA_UNION,1978,01,01,3.0,34.8,21.4
107013,LA_UNION,1978,01,02,0.0,33.8,22.8
107013,LA_UNION,1978,01,03,0.0,34.8,20.8
107013,LA_UNION,1978,01,04,0.0,34.4,22.8
107013,LA_UNION,1978,01,05,0.0,36.8,21.2
107013,LA_UNION,1978,01,06,0.0,37.0,21.4
107013,LA_UNION,1978,01,07,0.0,37.0,22.2
107013,LA_UNION,1978,01,08,0.0,37.2,20.4
107013,LA_UNION,1978,01,09,0.7,37.2,23.2
107013,LA_UNION,1978,01,10,0.0,37.0,22.2
107013,LA_UNION,1978,01,11,0.0,34.4,21.8
107013,LA_UNION,1978,01,12,0.0,33.6,22.6
107013,LA_UNION,1978,01,13,0.0,37.6,20.8
107013,LA_UNION,1978,01,14,0.0,37.4,19.8
107013,LA_UNION,1978,01,15,0.0,-999,21.8
107013,LA_UNION,1978,01,16,9.2,-999,23.0
107013,LA_UNION,1978,01,17,1.0,29.4,21.4
107013,LA_UNION,1978,01,18,0.0,34.2,18.0
107013,LA_UNION,1978,01,19,1.6,31.4,20.6
107013,LA_UNION,1978,01,20,0.0,34.0,21.2
107013,LA_UNION,1978,01,21,3.0,35.0,21.4
107013,LA_UNION,1978,01,22,21.8,30.0,22.0
107013,LA_UNION,1978,01,23,13.0,33.8,21.8
107013,LA_UNION,1978,01,24,34.9,33.4,21.4
107013,LA_UNION,1978,01,25,1.1,31.4,21.6
107013,LA_UNION,1978,01,26,0.0,33.8,21.0
107013,LA_UNION,1978,01,27,2.9,32.6,21.0
107013,LA_UNION,1978,01,28,6.3,31.0,22.0
107013,LA_UNION,1978,01,29,18.2,30.4,20.4
107013,LA_UNION,1978,01,30,9.3,31.0,20.6
107013,LA_UNION,1978,01,31,0.0,30.8,21.2
107013,LA_UNION,1978,02,01,21.8,32.8,19.8
107013,LA_UNION,1978,02,02,0.0,32.8,21.2
107013,LA_UNION,1978,02,03,0.0,33.6,20.2
107013,LA_UNION,1978,02,04,0.0,35.0,19.4
107013,LA_UNION,1978,02,05,0.0,35.8,20.8
107013,LA_UNION,1978,02,06,0.0,35.4,21.0
107013,LA_UNION,1978,02,07,4.6,33.0,20.6
107013,LA_UNION,1978,02,08,0.0,34.0,22.0
107013,LA_UNION,1978,02,09,0.0,34.0,21.6
107013,LA_UNION,1978,02,10,1.0,35.8,21.6
107013,LA_UNION,1978,02,11,0.0,31.6,21.8
107013,LA_UNION,1978,02,12,0.0,36.2,21.2
107013,LA_UNION,1978,02,13,1.9,36.8,20.0
107013,LA_UNION,1978,02,14,0.0,36.0,21.8
107013,LA_UNION,1978,02,15,0.0,31.4,21.2
107013,LA_UNION,1978,02,16,0.0,34.0,20.2
107013,LA_UNION,1978,02,17,0.0,35.2,20.6
107013,LA_UNION,1978,02,18,3.4,35.6,22.4
107013,LA_UNION,1978,02,19,0.5,34.8,23.2
107013,LA_UNION,1978,02,20,4.1,35.4,22.2
107013,LA_UNION,1978,02,21,0.0,34.0,20.8
107013,LA_UNION,1978,02,22,0.0,34.6,21.2
107013,LA_UNION,1978,02,23,0.0,34.8,21.2
107013,LA_UNION,1978,02,24,0.0,36.2,22.0
107013,LA_UNION,1978,02,25,0.0,36.4,22.2
107013,LA_UNION,1978,02,26,0.0,34.8,20.6
107013,LA_UNION,1978,02,27,0.0,37.8,21.0
107013,LA_UNION,1978,02,28,6.6,33.8,23.0
107013,LA_UNION,1978,03,01,17.7,36.6,21.0
107013,LA_UNION,1978,03,02,11.0,32.0,21.8
107013,LA_UNION,1978,03,03,26.9,32.8,22.0
107013,LA_UNION,1978,03,04,0.0,-999,20.8
107013,LA_UNION,1978,03,05,4.0,-999,21.0
107013,LA_UNION,1978,03,06,0.0,30.2,21.8
107013,LA_UNION,1978,03,07,0.0,-999,21.6
107013,LA_UNION,1978,03,08,0.0,-999,21.4
107013,LA_UNION,1978,03,09,0.0,-999,21.2
107013,LA_UNION,1978,03,10,1.4,31.8,22.2
107013,LA_UNION,1978,03,11,0.0,33.8,21.0
107013,LA_UNION,1978,03,12,0.0,35.4,21.0
107013,LA_UNION,1978,03,13,0.0,34.2,22.8
107013,LA_UNION,1978,03,14,0.0,34.4,19.0
107013,LA_UNION,1978,03,15,0.0,34.1,21.0
107013,LA_UNION,1978,03,16,0.0,34.4,21.8
107013,LA_UNION,1978,03,17,1.3,31.8,22.2
107013,LA_UNION,1978,03,18,8.4,33.6,22.1
107013,LA_UNION,1978,03,19,17.3,30.8,22.0
107013,LA_UNION,1978,03,20,33.6,26.6,22.0
107013,LA_UNION,1978,03,21,35.6,30.4,22.6
107013,LA_UNION,1978,03,22,0.0,26.6,22.0
107013,LA_UNION,1978,03,23,40.8,-999,-999
107013,LA_UNION,1978,03,24,3.6,31.8,22.0
107013,LA_UNION,1978,03,25,0.0,32.8,22.1
107013,LA_UNION,1978,03,26,0.0,33.2,22.8
107013,LA_UNION,1978,03,27,0.0,33.0,21.0
107013,LA_UNION,1978,03,28,0.0,34.0,22.0
107013,LA_UNION,1978,03,29,1.1,30.8,22.6
107013,LA_UNION,1978,03,30,0.0,32.8,22.2
107013,LA_UNION,1978,03,31,0.0,34.8,22.0
107013,LA_UNION,1978,04,01,18.2,31.8,21.8
107013,LA_UNION,1978,04,02,0.0,30.2,21.8
107013,LA_UNION,1978,04,03,0.0,31.6,21.4
107013,LA_UNION,1978,04,04,0.0,33.2,21.4
107013,LA_UNION,1978,04,05,8.9,-999,22.0
107013,LA_UNION,1978,04,06,38.5,-999,21.4
107013,LA_UNION,1978,04,07,0.0,30.8,21.2
107013,LA_UNION,1978,04,08,0.0,30.0,21.0
107013,LA_UNION,1978,04,09,1.2,31.2,22.0
107013,LA_UNION,1978,04,10,12.8,28.4,21.8
107013,LA_UNION,1978,04,11,0.0,30.8,21.6
107013,LA_UNION,1978,04,12,4.2,33.4,21.0
107013,LA_UNION,1978,04,13,0.0,34.2,21.0
107013,LA_UNION,1978,04,14,39.1,32.4,22.2
107013,LA_UNION,1978,04,15,0.0,30.4,23.4
107013,LA_UNION,1978,04,16,21.8,32.4,23.0
107013,LA_UNION,1978,04,17,2.4,28.2,20.8
107013,LA_UNION,1978,04,18,0.0,32.4,22.8
107013,LA_UNION,1978,04,19,0.0,33.0,22.2
107013,LA_UNION,1978,04,20,0.4,33.2,22.8
107013,LA_UNION,1978,04,21,35.4,32.4,22.0
107013,LA_UNION,1978,04,22,0.0,31.4,21.2
107013,LA_UNION,1978,04,23,0.0,32.6,21.8
107013,LA_UNION,1978,04,24,3.0,35.2,22.0
107013,LA_UNION,1978,04,25,0.0,30.6,21.2
107013,LA_UNION,1978,04,26,0.0,32.0,22.0
107013,LA_UNION,1978,04,27,20.3,32.2,21.4
107013,LA_UNION,1978,04,28,0.0,31.8,22.0
107013,LA_UNION,1978,04,29,1.1,33.0,22.2
107013,LA_UNION,1978,04,30,34.4,28.4,21.8
107013,LA_UNION,1978,05,01,0.0,-999,21.2
107013,LA_UNION,1978,05,02,0.0,-999,21.4
107013,LA_UNION,1978,05,03,0.0,34.2,20.6
107013,LA_UNION,1978,05,04,0.0,35.0,20.8
107013,LA_UNION,1978,05,05,0.0,31.4,22.0
107013,LA_UNION,1978,05,06,4.1,30.6,21.6
107013,LA_UNION,1978,05,07,7.4,-999,20.8
107013,LA_UNION,1978,05,08,0.0,-999,21.2
107013,LA_UNION,1978,05,09,0.0,33.8,20.8
107013,LA_UNION,1978,05,10,0.0,33.4,21.2
107013,LA_UNION,1978,05,11,1.6,32.2,21.2
107013,LA_UNION,1978,05,12,0.0,34.0,21.0
107013,LA_UNION,1978,05,13,0.0,35.2,21.6
107013,LA_UNION,1978,05,14,4.0,33.4,21.6
107013,LA_UNION,1978,05,15,12.2,34.4,21.8
107013,LA_UNION,1978,05,16,9.3,35.6,22.0
107013,LA_UNION,1978,05,17,2.3,32.0,22.2
107013,LA_UNION,1978,05,18,0.0,34.2,21.4
107013,LA_UNION,1978,05,19,0.0,35.8,20.8
107013,LA_UNION,1978,05,20,0.0,35.6,22.4
107013,LA_UNION,1978,05,21,0.0,36.2,22.2
107013,LA_UNION,1978,05,22,0.2,-999,21.2
107013,LA_UNION,1978,05,23,0.0,-999,21.8
107013,LA_UNION,1978,05,24,0.0,31.8,22.0
107013,LA_UNION,1978,05,25,0.0,34.8,21.2
107013,LA_UNION,1978,05,26,1.1,35.2,22.6
107013,LA_UNION,1978,05,27,0.0,34.4,22.2
107013,LA_UNION,1978,05,28,0.0,-999,22.4
107013,LA_UNION,1978,05,29,0.0,-999,22.2
107013,LA_UNION,1978,05,30,0.0,-999,19.2
107013,LA_UNION,1978,05,31,0.0,35.6,20.8
107013,LA_UNION,1978,06,01,0.0,30.8,17.4
107013,LA_UNION,1978,06,02,0.0,30.0,17.6
107013,LA_UNION,1978,06,03,0.0,32.4,19.0
107013,LA_UNION,1978,06,04,0.0,33.8,18.6
107013,LA_UNION,1978,06,05,0.0,34.2,18.8
107013,LA_UNION,1978,06,06,3.8,33.6,20.8
107013,LA_UNION,1978,06,07,0.0,34.0,21.2
107013,LA_UNION,1978,06,08,0.0,35.2,19.8
107013,LA_UNION,1978,06,09,0.0,35.4,18.4
107013,LA_UNION,1978,06,10,0.0,34.6,21.2
107013,LA_UNION,1978,06,11,0.0,34.4,21.0
107013,LA_UNION,1978,06,12,0.0,35.8,20.6
107013,LA_UNION,1978,06,13,0.0,35.0,20.8
107013,LA_UNION,1978,06,14,0.0,36.0,19.2
107013,LA_UNION,1978,06,15,0.0,35.8,19.2
107013,LA_UNION,1978,06,16,0.0,35.4,18.6
107013,LA_UNION,1978,06,17,0.0,36.4,19.2
107013,LA_UNION,1978,06,18,0.2,35.0,21.8
107013,LA_UNION,1978,06,19,0.6,33.0,20.2
107013,LA_UNION,1978,06,20,0.4,34.2,20.2
107013,LA_UNION,1978,06,21,0.2,32.8,21.0
107013,LA_UNION,1978,06,22,0.0,35.4,20.8
107013,LA_UNION,1978,06,23,2.0,33.4,19.0
107013,LA_UNION,1978,06,24,10.2,35.2,20.0
107013,LA_UNION,1978,06,25,0.0,33.8,19.6
107013,LA_UNION,1978,06,26,0.0,35.4,20.4
107013,LA_UNION,1978,06,27,0.0,35.0,19.2
107013,LA_UNION,1978,06,28,0.0,35.8,18.4
107013,LA_UNION,1978,06,29,0.0,35.2,19.6
107013,LA_UNION,1978,06,30,0.0,35.4,18.8
107013,LA_UNION,1978,07,01,0.0,34.8,19.2
107013,LA_UNION,1978,07,02,0.0,35.0,19.4
107013,LA_UNION,1978,07,03,0.0,35.6,18.4
107013,LA_UNION,1978,07,04,0.0,-999,19.6
107013,LA_UNION,1978,07,05,6.5,-999,19.8
107013,LA_UNION,1978,07,06,10.6,35.4,17.6
107013,LA_UNION,1978,07,07,5.4,33.8,20.8
107013,LA_UNION,1978,07,08,0.0,32.8,20.8
107013,LA_UNION,1978,07,09,0.0,34.2,20.2
107013,LA_UNION,1978,07,10,0.0,35.2,19.6
107013,LA_UNION,1978,07,11,0.0,35.0,20.4
107013,LA_UNION,1978,07,12,0.0,35.8,19.4
107013,LA_UNION,1978,07,13,14.6,34.6,19.2
107013,LA_UNION,1978,07,14,0.0,34.8,19.8
107013,LA_UNION,1978,07,15,0.0,35.4,19.0
107013,LA_UNION,1978,07,16,0.0,35.4,20.4
107013,LA_UNION,1978,07,17,0.0,35.6,18.8
107013,LA_UNION,1978,07,18,0.0,36.4,19.6
107013,LA_UNION,1978,07,19,0.0,36.4,18.6
107013,LA_UNION,1978,07,20,0.0,36.8,18.6
107013,LA_UNION,1978,07,21,0.0,37.0,19.6
107013,LA_UNION,1978,07,22,0.0,37.2,20.4
107013,LA_UNION,1978,07,23,0.0,36.0,18.2
107013,LA_UNION,1978,07,24,0.0,34.2,20.0
107013,LA_UNION,1978,07,25,0.0,30.8,17.4
107013,LA_UNION,1978,07,26,0.0,33.0,16.8
107013,LA_UNION,1978,07,27,0.0,-999,18.6
107013,LA_UNION,1978,07,28,1.4,30.2,19.8
107013,LA_UNION,1978,07,29,0.9,32.4,19.6
107013,LA_UNION,1978,07,30,10.9,-999,19.4
107013,LA_UNION,1978,07,31,4.9,-999,20.2
107013,LA_UNION,1978,08,01,0.0,34.0,18.8
107013,LA_UNION,1978,08,02,0.0,31.4,18.6
107013,LA_UNION,1978,08,03,0.0,34.4,18.4
107013,LA_UNION,1978,08,04,0.0,30.6,19.4
107013,LA_UNION,1978,08,05,0.0,34.0,19.8
107013,LA_UNION,1978,08,06,0.0,35.8,19.4
107013,LA_UNION,1978,08,07,0.0,36.6,19.8
107013,LA_UNION,1978,08,08,1.8,35.4,19.2
107013,LA_UNION,1978,08,09,1.4,32.4,19.4
107013,LA_UNION,1978,08,10,0.0,31.4,20.6
107013,LA_UNION,1978,08,11,0.0,33.0,19.8
107013,LA_UNION,1978,08,12,10.2,-999,18.2
107013,LA_UNION,1978,08,13,1.0,-999,20.4
107013,LA_UNION,1978,08,14,0.0,23.2,16.8
107013,LA_UNION,1978,08,15,0.0,27.2,15.2
107013,LA_UNION,1978,08,16,0.0,28.8,13.4
107013,LA_UNION,1978,08,17,0.0,30.4,14.0
107013,LA_UNION,1978,08,18,0.0,34.8,15.4
107013,LA_UNION,1978,08,19,0.4,34.2,17.4
107013,LA_UNION,1978,08,20,0.0,33.4,18.8
107013,LA_UNION,1978,08,21,0.0,35.2,17.8
107013,LA_UNION,1978,08,22,0.0,-999,17.4
107013,LA_UNION,1978,08,23,0.0,-999,19.4
107013,LA_UNION,1978,08,24,1.4,-999,19.2
107013,LA_UNION,1978,08,25,0.0,32.6,18.4
107013,LA_UNION,1978,08,26,0.0,33.8,16.8
107013,LA_UNION,1978,08,27,0.0,35.0,16.8
107013,LA_UNION,1978,08,28,0.0,35.8,16.6
107013,LA_UNION,1978,08,29,0.0,36.4,16.8
107013,LA_UNION,1978,08,30,0.5,34.2,18.2
107013,LA_UNION,1978,08,31,0.4,33.8,20.4
107013,LA_UNION,1978,09,01,0.0,35.2,19.0
107013,LA_UNION,1978,09,02,0.2,35.6,18.6
107013,LA_UNION,1978,09,03,0.3,33.6,20.8
107013,LA_UNION,1978,09,04,10.0,30.8,20.4
107013,LA_UNION,1978,09,05,0.0,33.8,20.2
107013,LA_UNION,1978,09,06,0.0,35.4,18.2
107013,LA_UNION,1978,09,07,0.0,37.2,18.2
107013,LA_UNION,1978,09,08,0.0,36.8,18.8
107013,LA_UNION,1978,09,09,0.3,-999,20.2
107013,LA_UNION,1978,09,10,2.4,-999,21.2
107013,LA_UNION,1978,09,11,2.1,29.2,20.2
107013,LA_UNION,1978,09,12,0.0,32.2,21.6
107013,LA_UNION,1978,09,13,0.0,36.4,18.4
107013,LA_UNION,1978,09,14,9.7,-999,18.8
107013,LA_UNION,1978,09,15,13.8,-999,19.2
107013,LA_UNION,1978,09,16,0.0,32.4,21.2
107013,LA_UNION,1978,09,17,0.0,33.6,20.6
107013,LA_UNION,1978,09,18,0.0,33.6,21.2
107013,LA_UNION,1978,09,19,0.0,35.4,21.2
107013,LA_UNION,1978,09,20,0.0,35.0,19.6
107013,LA_UNION,1978,09,21,5.0,35.4,21.4
107013,LA_UNION,1978,09,22,0.0,36.0,19.4
107013,LA_UNION,1978,09,23,5.1,31.2,21.0
107013,LA_UNION,1978,09,24,0.0,-999,21.6
107013,LA_UNION,1978,09,25,2.0,-999,20.6
107013,LA_UNION,1978,09,26,0.9,34.0,20.4
107013,LA_UNION,1978,09,27,2.8,30.2,22.6
107013,LA_UNION,1978,09,28,22.3,-999,21.2
107013,LA_UNION,1978,09,29,4.7,-999,22.0
107013,LA_UNION,1978,09,30,0.0,-999,19.6
107013,LA_UNION,1978,10,01,0.0,33.6,20.2
107013,LA_UNION,1978,10,02,25.2,29.8,21.2
107013,LA_UNION,1978,10,03,0.0,27.0,21.0
107013,LA_UNION,1978,10,04,0.0,30.8,20.8
107013,LA_UNION,1978,10,05,1.7,28.4,20.0
107013,LA_UNION,1978,10,06,4.1,32.0,20.8
107013,LA_UNION,1978,10,07,0.0,32.2,20.2
107013,LA_UNION,1978,10,08,0.0,34.8,19.6
107013,LA_UNION,1978,10,09,0.0,35.6,20.4
107013,LA_UNION,1978,10,10,0.0,35.8,20.4
107013,LA_UNION,1978,10,11,0.0,35.0,21.8
107013,LA_UNION,1978,10,12,0.0,36.0,21.2
107013,LA_UNION,1978,10,13,0.0,36.6,22.8
107013,LA_UNION,1978,10,14,0.0,35.8,21.4
107013,LA_UNION,1978,10,15,0.0,35.8,23.4
107013,LA_UNION,1978,10,16,0.0,36.0,21.6
107013,LA_UNION,1978,10,17,0.0,32.6,22.0
107013,LA_UNION,1978,10,18,0.0,34.8,20.4
107013,LA_UNION,1978,10,19,0.0,36.6,20.2
107013,LA_UNION,1978,10,20,0.4,36.8,22.0
107013,LA_UNION,1978,10,21,22.9,32.0,22.0
107013,LA_UNION,1978,10,22,0.0,32.8,20.0
107013,LA_UNION,1978,10,23,0.0,34.8,20.0
107013,LA_UNION,1978,10,24,0.0,34.0,21.0
107013,LA_UNION,1978,10,25,24.9,31.0,22.0
107013,LA_UNION,1978,10,26,1.6,31.8,20.8
107013,LA_UNION,1978,10,27,0.0,33.6,21.4
107013,LA_UNION,1978,10,28,0.8,35.0,22.2
107013,LA_UNION,1978,10,29,8.8,31.0,22.0
107013,LA_UNION,1978,10,30,19.2,-999,20.2
107013,LA_UNION,1978,10,31,0.0,-999,21.6
107013,LA_UNION,1978,11,01,1.2,31.2,21.8
107013,LA_UNION,1978,11,02,2.8,33.0,20.6
107013,LA_UNION,1978,11,03,0.0,33.2,21.6
107013,LA_UNION,1978,11,04,0.0,33.8,21.0
107013,LA_UNION,1978,11,05,26.5,32.2,20.6
107013,LA_UNION,1978,11,06,0.0,31.2,20.0
107013,LA_UNION,1978,11,07,0.0,34.2,19.8
107013,LA_UNION,1978,11,08,0.0,34.2,20.2
107013,LA_UNION,1978,11,09,0.0,34.6,20.4
107013,LA_UNION,1978,11,10,0.0,33.6,21.2
107013,LA_UNION,1978,11,11,0.0,34.2,20.2
107013,LA_UNION,1978,11,12,1.8,-999,21.8
107013,LA_UNION,1978,11,13,0.0,-999,21.8
107013,LA_UNION,1978,11,14,6.8,32.4,20.4
107013,LA_UNION,1978,11,15,0.0,35.8,21.6
107013,LA_UNION,1978,11,16,0.0,36.0,21.0
107013,LA_UNION,1978,11,17,40.5,36.4,21.8
107013,LA_UNION,1978,11,18,0.0,33.2,21.4
107013,LA_UNION,1978,11,19,0.0,33.2,21.4
107013,LA_UNION,1978,11,20,0.0,33.4,22.6
107013,LA_UNION,1978,11,21,0.0,34.2,23.4
107013,LA_UNION,1978,11,22,0.0,32.4,21.6
107013,LA_UNION,1978,11,23,1.2,32.8,21.4
107013,LA_UNION,1978,11,24,2.2,32.2,22.4
107013,LA_UNION,1978,11,25,0.2,34.4,21.4
107013,LA_UNION,1978,11,26,12.6,33.6,20.8
107013,LA_UNION,1978,11,27,7.3,34.0,23.0
107013,LA_UNION,1978,11,28,1.7,29.0,22.6
107013,LA_UNION,1978,11,29,0.5,32.2,22.2
107013,LA_UNION,1978,11,30,0.0,33.2,20.6
107013,LA_UNION,1978,12,01,0.0,34.6,21.0
107013,LA_UNION,1978,12,02,0.0,33.6,22.2
107013,LA_UNION,1978,12,03,0.0,34.4,22.0
107013,LA_UNION,1978,12,04,0.0,34.0,22.6
107013,LA_UNION,1978,12,05,0.0,32.8,23.0
107013,LA_UNION,1978,12,06,0.0,35.0,22.0
107013,LA_UNION,1978,12,07,0.0,30.2,22.2
107013,LA_UNION,1978,12,08,0.0,33.0,20.8
107013,LA_UNION,1978,12,09,0.0,33.6,22.2
107013,LA_UNION,1978,12,10,0.3,35.2,21.0
107013,LA_UNION,1978,12,11,14.1,30.2,21.4
107013,LA_UNION,1978,12,12,0.0,34.8,20.6
107013,LA_UNION,1978,12,13,0.0,33.8,21.2
107013,LA_UNION,1978,12,14,0.0,32.8,21.4
107013,LA_UNION,1978,12,15,0.0,34.0,22.2
107013,LA_UNION,1978,12,16,0.0,35.0,22.6
107013,LA_UNION,1978,12,17,0.0,32.6,21.8
107013,LA_UNION,1978,12,18,0.0,34.2,21.8
107013,LA_UNION,1978,12,19,0.0,34.4,20.0
107013,LA_UNION,1978,12,20,0.0,-999,21.8
107013,LA_UNION,1978,12,21,0.0,-999,22.4
107013,LA_UNION,1978,12,22,0.0,33.0,19.6
107013,LA_UNION,1978,12,23,0.3,32.6,20.6
107013,LA_UNION,1978,12,24,0.0,34.8,21.8
107013,LA_UNION,1978,12,25,0.0,35.8,21.2
107013,LA_UNION,1978,12,26,0.4,34.4,21.2
107013,LA_UNION,1978,12,27,0.0,33.0,23.2
107013,LA_UNION,1978,12,28,3.5,28.2,22.4
107013,LA_UNION,1978,12,29,3.1,30.6,20.6
107013,LA_UNION,1978,12,30,0.0,32.0,20.6
107013,LA_UNION,1978,12,31,0.0,35.0,19.8
107013,LA_UNION,1979,01,01,0.0,36.2,22.2
107013,LA_UNION,1979,01,02,0.0,35.4,20.4
107013,LA_UNION,1979,01,03,0.0,35.0,20.2
107013,LA_UNION,1979,01,04,0.0,35.6,21.8
107013,LA_UNION,1979,01,05,0.0,34.4,20.4
107013,LA_UNION,1979,01,06,0.0,36.0,20.0
107013,LA_UNION,1979,01,07,0.0,36.4,21.8
107013,LA_UNION,1979,01,08,29.4,-999,22.8
107013,LA_UNION,1979,01,09,0.0,-999,23.2
107013,LA_UNION,1979,01,10,0.0,-999,22.2
107013,LA_UNION,1979,01,11,0.0,32.2,22.6
107013,LA_UNION,1979,01,12,1.7,34.0,22.2
107013,LA_UNION,1979,01,13,0.0,35.2,21.2
107013,LA_UNION,1979,01,14,0.0,33.6,20.8
107013,LA_UNION,1979,01,15,0.0,33.2,20.6
107013,LA_UNION,1979,01,16,0.0,35.3,21.4
107013,LA_UNION,1979,01,17,0.0,34.8,20.8
107013,LA_UNION,1979,01,18,0.0,35.4,21.4
107013,LA_UNION,1979,01,19,0.3,32.6,22.2
107013,LA_UNION,1979,01,20,0.3,32.8,22.2
107013,LA_UNION,1979,01,21,2.6,-999,21.8
107013,LA_UNION,1979,01,22,13.4,-999,20.6
107013,LA_UNION,1979,01,23,0.0,34.8,20.8
107013,LA_UNION,1979,01,24,0.0,35.2,19.8
107013,LA_UNION,1979,01,25,0.0,36.0,21.2
107013,LA_UNION,1979,01,26,0.0,36.2,19.6
107013,LA_UNION,1979,01,27,0.0,36.0,21.4
107013,LA_UNION,1979,01,28,7.2,-999,22.4
107013,LA_UNION,1979,01,29,1.6,-999,20.2
107013,LA_UNION,1979,01,30,0.0,-999,21.0
107013,LA_UNION,1979,01,31,0.0,36.2,19.8
107013,LA_UNION,1979,02,01,0.0,37.0,20.0
107013,LA_UNION,1979,02,02,0.0,36.0,21.4
107013,LA_UNION,1979,02,03,0.0,35.6,21.0
107013,LA_UNION,1979,02,04,0.0,35.8,20.2
107013,LA_UNION,1979,02,05,0.0,37.4,19.6
107013,LA_UNION,1979,02,06,7.2,34.8,23.2
107013,LA_UNION,1979,02,07,0.0,32.0,23.0
107013,LA_UNION,1979,02,08,0.0,33.6,21.2
107013,LA_UNION,1979,02,09,0.0,36.0,20.0
107013,LA_UNION,1979,02,10,0.0,35.6,21.0
107013,LA_UNION,1979,02,11,4.8,35.2,22.0
107013,LA_UNION,1979,02,12,0.0,31.0,22.0
107013,LA_UNION,1979,02,13,0.0,35.8,20.6
107013,LA_UNION,1979,02,14,0.0,37.0,20.6
107013,LA_UNION,1979,02,15,0.0,-999,-999
107013,LA_UNION,1979,02,16,2.8,31.0,-999
107013,LA_UNION,1979,02,17,0.0,32.2,-999
107013,LA_UNION,1979,02,18,0.0,35.4,21.4
107013,LA_UNION,1979,02,19,0.0,34.0,19.6
107013,LA_UNION,1979,02,20,2.5,36.8,19.0
107013,LA_UNION,1979,02,21,0.0,34.0,20.2
107013,LA_UNION,1979,02,22,0.0,35.4,20.0
107013,LA_UNION,1979,02,23,0.0,32.4,21.6
107013,LA_UNION,1979,02,24,0.0,36.0,21.8
107013,LA_UNION,1979,02,25,11.4,33.6,-999
107013,LA_UNION,1979,02,26,1.3,29.0,-999
107013,LA_UNION,1979,02,27,14.2,30.6,-999
107013,LA_UNION,1979,02,28,0.0,34.2,-999
107013,LA_UNION,1979,03,01,0.3,33.2,20.8
107013,LA_UNION,1979,03,02,0.0,34.0,21.2
107013,LA_UNION,1979,03,03,0.0,35.4,20.6
107013,LA_UNION,1979,03,04,0.3,32.4,21.6
107013,LA_UNION,1979,03,05,0.0,34.6,21.8
107013,LA_UNION,1979,03,06,0.0,33.0,21.4
107013,LA_UNION,1979,03,07,0.2,34.0,22.0
107013,LA_UNION,1979,03,08,16.7,34.0,23.0
107013,LA_UNION,1979,03,09,0.0,32.2,22.4
107013,LA_UNION,1979,03,10,0.0,33.2,21.6
107013,LA_UNION,1979,03,11,0.0,34.8,21.8
107013,LA_UNION,1979,03,12,0.0,31.6,21.0
107013,LA_UNION,1979,03,13,0.0,34.4,20.6
107013,LA_UNION,1979,03,14,0.0,34.6,21.2
107013,LA_UNION,1979,03,15,0.0,35.2,21.4
107013,LA_UNION,1979,03,16,4.4,36.2,22.4
107013,LA_UNION,1979,03,17,2.8,32.8,22.6
107013,LA_UNION,1979,03,18,3.7,29.0,20.8
107013,LA_UNION,1979,03,19,41.1,30.2,22.8
107013,LA_UNION,1979,03,20,37.9,29.8,21.8
107013,LA_UNION,1979,03,21,13.2,-999,20.6
107013,LA_UNION,1979,03,22,0.0,-999,21.2
107013,LA_UNION,1979,03,23,0.0,34.4,21.6
107013,LA_UNION,1979,03,24,4.9,29.8,23.2
107013,LA_UNION,1979,03,25,52.7,25.0,20.4
107013,LA_UNION,1979,03,26,0.0,29.6,21.0
107013,LA_UNION,1979,03,27,0.0,33.2,20.6
107013,LA_UNION,1979,03,28,0.0,33.8,20.8
107013,LA_UNION,1979,03,29,0.0,34.6,20.8
107013,LA_UNION,1979,03,30,0.4,34.0,22.4
107013,LA_UNION,1979,03,31,0.5,30.0,22.0
107013,LA_UNION,1979,04,01,0.0,34.0,20.4
107013,LA_UNION,1979,04,02,0.0,33.8,21.4
107013,LA_UNION,1979,04,03,0.0,32.6,20.8
107013,LA_UNION,1979,04,04,0.3,33.0,21.6
107013,LA_UNION,1979,04,05,1.7,33.0,20.2
107013,LA_UNION,1979,04,06,13.6,31.8,21.0
107013,LA_UNION,1979,04,07,2.2,29.8,21.2
107013,LA_UNION,1979,04,08,0.0,32.8,20.0
107013,LA_UNION,1979,04,09,0.0,34.2,19.4
107013,LA_UNION,1979,04,10,0.0,35.4,20.0
107013,LA_UNION,1979,04,11,0.0,33.4,19.8
107013,LA_UNION,1979,04,12,0.0,35.2,21.2
107013,LA_UNION,1979,04,13,0.2,30.2,21.2
107013,LA_UNION,1979,04,14,21.3,28.0,22.0
107013,LA_UNION,1979,04,15,0.0,27.0,20.4
107013,LA_UNION,1979,04,16,0.0,31.4,22.2
107013,LA_UNION,1979,04,17,0.0,33.6,23.2
107013,LA_UNION,1979,04,18,0.0,32.2,22.8
107013,LA_UNION,1979,04,19,0.0,34.8,22.2
107013,LA_UNION,1979,04,20,0.0,35.4,21.0
107013,LA_UNION,1979,04,21,0.0,34.6,22.6
107013,LA_UNION,1979,04,22,6.1,31.6,22.0
107013,LA_UNION,1979,04,23,1.2,32.2,22.4
107013,LA_UNION,1979,04,24,12.7,32.4,21.8
107013,LA_UNION,1979,04,25,9.8,29.0,20.8
107013,LA_UNION,1979,04,26,0.0,32.6,21.2
107013,LA_UNION,1979,04,27,0.3,31.4,22.0
107013,LA_UNION,1979,04,28,0.0,31.8,22.8
107013,LA_UNION,1979,04,29,0.0,33.8,22.6
107013,LA_UNION,1979,04,30,0.0,33.4,22.0
107013,LA_UNION,1979,05,01,0.0,34.0,19.8
107013,LA_UNION,1979,05,02,0.0,33.8,20.8
107013,LA_UNION,1979,05,03,0.0,35.8,20.4
107013,LA_UNION,1979,05,04,0.0,32.6,20.2
107013,LA_UNION,1979,05,05,0.0,33.6,21.4
107013,LA_UNION,1979,05,06,0.2,30.4,20.2
107013,LA_UNION,1979,05,07,0.0,33.8,23.0
107013,LA_UNION,1979,05,08,1.2,33.8,22.2
107013,LA_UNION,1979,05,09,0.8,31.4,22.6
107013,LA_UNION,1979,05,10,0.0,33.8,21.2
107013,LA_UNION,1979,05,11,0.0,32.2,20.6
107013,LA_UNION,1979,05,12,0.0,33.2,19.8
107013,LA_UNION,1979,05,13,0.0,33.8,22.2
107013,LA_UNION,1979,05,14,0.0,34.4,21.4
107013,LA_UNION,1979,05,15,0.0,34.8,20.6
107013,LA_UNION,1979,05,16,0.0,32.0,21.0
107013,LA_UNION,1979,05,17,0.0,34.8,19.6
107013,LA_UNION,1979,05,18,0.0,35.4,20.2
107013,LA_UNION,1979,05,19,-888,33.8,20.0
107013,LA_UNION,1979,05,20,0.0,33.2,20.6
107013,LA_UNION,1979,05,21,13.3,34.2,20.6
107013,LA_UNION,1979,05,22,0.0,34.4,20.8
107013,LA_UNION,1979,05,23,0.0,35.2,20.6
107013,LA_UNION,1979,05,24,2.8,-999,21.4
107013,LA_UNION,1979,05,25,2.4,-999,22.0
107013,LA_UNION,1979,05,26,4.3,30.8,21.2
107013,LA_UNION,1979,05,27,8.0,33.8,21.8
107013,LA_UNION,1979,05,28,0.0,33.2,20.6
107013,LA_UNION,1979,05,29,0.0,34.2,20.0
107013,LA_UNION,1979,05,30,2.4,-999,22.4
107013,LA_UNION,1979,05,31,13.8,-999,18.2
107013,LA_UNION,1979,06,01,0.0,28.2,17.2
107013,LA_UNION,1979,06,02,0.0,29.4,18.2
107013,LA_UNION,1979,06,03,0.0,29.6,20.2
107013,LA_UNION,1979,06,04,0.0,33.0,20.0
107013,LA_UNION,1979,06,05,0.0,33.8,18.0
107013,LA_UNION,1979,06,06,0.0,34.0,18.8
107013,LA_UNION,1979,06,07,9.6,31.6,19.2
107013,LA_UNION,1979,06,08,0.0,29.6,20.2
107013,LA_UNION,1979,06,09,6.0,29.8,21.4
107013,LA_UNION,1979,06,10,0.0,30.4,21.4
107013,LA_UNION,1979,06,11,0.0,32.2,18.0
107013,LA_UNION,1979,06,12,0.0,32.8,18.4
107013,LA_UNION,1979,06,13,0.5,33.0,18.2
107013,LA_UNION,1979,06,14,4.4,31.2,19.4
107013,LA_UNION,1979,06,15,0.0,31.8,19.4
107013,LA_UNION,1979,06,16,0.0,29.8,18.6
107013,LA_UNION,1979,06,17,0.0,30.2,14.4
107013,LA_UNION,1979,06,18,0.0,30.6,14.2
107013,LA_UNION,1979,06,19,0.0,31.6,17.0
107013,LA_UNION,1979,06,20,0.0,33.4,17.8
107013,LA_UNION,1979,06,21,0.0,33.6,17.8
107013,LA_UNION,1979,06,22,0.0,33.0,19.4
107013,LA_UNION,1979,06,23,0.0,34.2,18.2
107013,LA_UNION,1979,06,24,0.0,-999,18.4
107013,LA_UNION,1979,06,25,5.4,-999,20.6
107013,LA_UNION,1979,06,26,14.3,30.0,21.8
107013,LA_UNION,1979,06,27,0.0,30.2,21.8
107013,LA_UNION,1979,06,28,0.0,31.8,18.8
107013,LA_UNION,1979,06,29,0.0,32.8,19.0
107013,LA_UNION,1979,06,30,0.0,33.4,16.4
107013,LA_UNION,1979,07,01,0.0,34.0,19.2
107013,LA_UNION,1979,07,02,0.0,34.6,17.4
107013,LA_UNION,1979,07,03,0.0,34.0,20.2
107013,LA_UNION,1979,07,04,21.4,30.0,21.4
107013,LA_UNION,1979,07,05,0.0,31.6,21.6
107013,LA_UNION,1979,07,06,0.0,29.4,20.6
107013,LA_UNION,1979,07,07,0.0,32.4,20.8
107013,LA_UNION,1979,07,08,0.0,32.6,18.8
107013,LA_UNION,1979,07,09,0.0,33.0,17.2
107013,LA_UNION,1979,07,10,0.7,30.4,19.8
107013,LA_UNION,1979,07,11,0.0,28.4,15.8
107013,LA_UNION,1979,07,12,0.0,31.4,15.6
107013,LA_UNION,1979,07,13,0.0,31.2,15.8
107013,LA_UNION,1979,07,14,0.0,31.8,17.8
107013,LA_UNION,1979,07,15,0.2,32.0,20.6
107013,LA_UNION,1979,07,16,7.1,28.2,21.8
107013,LA_UNION,1979,07,17,1.6,27.6,21.4
107013,LA_UNION,1979,07,18,0.0,31.6,20.4
107013,LA_UNION,1979,07,19,0.0,32.8,20.0
107013,LA_UNION,1979,07,20,10.0,30.0,20.0
107013,LA_UNION,1979,07,21,0.0,30.4,20.8
107013,LA_UNION,1979,07,22,0.0,33.6,19.0
107013,LA_UNION,1979,07,23,0.0,34.0,19.4
107013,LA_UNION,1979,07,24,10.4,33.0,19.4
107013,LA_UNION,1979,07,25,0.0,32.0,19.8
107013,LA_UNION,1979,07,26,0.0,32.0,19.8
107013,LA_UNION,1979,07,27,0.0,33.2,18.0
107013,LA_UNION,1979,07,28,0.0,34.8,18.4
107013,LA_UNION,1979,07,29,42.4,35.0,18.2
107013,LA_UNION,1979,07,30,1.6,31.4,20.0
107013,LA_UNION,1979,07,31,1.4,33.4,20.8
107013,LA_UNION,1979,08,01,0.0,33.2,21.4
107013,LA_UNION,1979,08,02,0.0,34.8,19.4
107013,LA_UNION,1979,08,03,0.0,34.4,19.4
107013,LA_UNION,1979,08,04,0.0,-999,18.6
107013,LA_UNION,1979,08,05,0.0,-999,18.6
107013,LA_UNION,1979,08,06,5.2,31.0,20.8
107013,LA_UNION,1979,08,07,0.0,27.4,20.8
107013,LA_UNION,1979,08,08,5.6,30.2,21.4
107013,LA_UNION,1979,08,09,0.0,32.6,20.4
107013,LA_UNION,1979,08,10,0.0,34.6,18.2
107013,LA_UNION,1979,08,11,0.0,35.0,17.2
107013,LA_UNION,1979,08,12,0.0,35.2,17.8
107013,LA_UNION,1979,08,13,0.0,34.8,17.6
107013,LA_UNION,1979,08,14,0.0,35.0,18.2
107013,LA_UNION,1979,08,15,0.0,33.8,19.0
107013,LA_UNION,1979,08,16,0.0,34.6,19.6
107013,LA_UNION,1979,08,17,0.0,34.0,20.4
107013,LA_UNION,1979,08,18,0.0,34.0,17.8
107013,LA_UNION,1979,08,19,1.1,30.0,17.0
107013,LA_UNION,1979,08,20,0.0,34.8,19.0
107013,LA_UNION,1979,08,21,0.0,35.6,19.6
107013,LA_UNION,1979,08,22,0.7,36.4,20.4
107013,LA_UNION,1979,08,23,0.0,34.8,20.0
107013,LA_UNION,1979,08,24,0.0,35.8,20.8
107013,LA_UNION,1979,08,25,0.0,36.0,19.8
107013,LA_UNION,1979,08,26,0.0,36.8,20.8
107013,LA_UNION,1979,08,27,0.0,37.0,20.2
107013,LA_UNION,1979,08,28,33.1,36.4,20.5
107013,LA_UNION,1979,08,29,8.3,33.2,22.0
107013,LA_UNION,1979,08,30,0.0,31.8,21.0
107013,LA_UNION,1979,08,31,0.0,34.6,19.0
107013,LA_UNION,1979,09,01,0.0,36.2,19.8
107013,LA_UNION,1979,09,02,0.0,32.2,21.2
107013,LA_UNION,1979,09,03,0.0,32.8,21.2
107013,LA_UNION,1979,09,04,52.9,-999,20.2
107013,LA_UNION,1979,09,05,52.4,-999,20.0
107013,LA_UNION,1979,09,06,0.0,-999,17.8
107013,LA_UNION,1979,09,07,0.0,32.8,18.0
107013,LA_UNION,1979,09,08,0.0,35.0,18.6
107013,LA_UNION,1979,09,09,0.0,32.6,18.8
107013,LA_UNION,1979,09,10,6.1,33.8,19.4
107013,LA_UNION,1979,09,11,0.0,33.0,20.0
107013,LA_UNION,1979,09,12,0.0,33.8,19.6
107013,LA_UNION,1979,09,13,0.0,34.8,19.4
107013,LA_UNION,1979,09,14,1.2,34.6,20.8
107013,LA_UNION,1979,09,15,0.0,34.8,21.6
107013,LA_UNION,1979,09,16,0.0,36.0,21.8
107013,LA_UNION,1979,09,17,0.0,-999,20.4
107013,LA_UNION,1979,09,18,20.9,-999,21.6
107013,LA_UNION,1979,09,19,4.8,29.2,20.2
107013,LA_UNION,1979,09,20,0.0,31.2,20.6
107013,LA_UNION,1979,09,21,0.0,33.6,18.2
107013,LA_UNION,1979,09,22,0.0,34.8,20.2
107013,LA_UNION,1979,09,23,0.0,35.6,19.0
107013,LA_UNION,1979,09,24,0.0,35.2,19.8
107013,LA_UNION,1979,09,25,16.4,-999,19.2
107013,LA_UNION,1979,09,26,2.9,-999,20.6
107013,LA_UNION,1979,09,27,0.0,32.8,21.2
107013,LA_UNION,1979,09,28,3.8,35.8,19.0
107013,LA_UNION,1979,09,29,0.0,37.0,20.6
107013,LA_UNION,1979,09,30,0.0,36.8,19.4
107013,LA_UNION,1979,10,01,0.0,-999,20.0
107013,LA_UNION,1979,10,02,8.6,-999,20.4
107013,LA_UNION,1979,10,03,0.0,32.0,21.6
107013,LA_UNION,1979,10,04,0.0,33.6,21.6
107013,LA_UNION,1979,10,05,5.7,35.0,20.8
107013,LA_UNION,1979,10,06,7.4,33.4,20.6
107013,LA_UNION,1979,10,07,19.4,31.2,22.2
107013,LA_UNION,1979,10,08,0.3,28.8,22.8
107013,LA_UNION,1979,10,09,24.6,-999,21.6
107013,LA_UNION,1979,10,10,25.4,-999,19.8
107013,LA_UNION,1979,10,11,0.0,-999,20.0
107013,LA_UNION,1979,10,12,0.0,33.4,20.2
107013,LA_UNION,1979,10,13,0.0,34.2,20.0
107013,LA_UNION,1979,10,14,0.0,35.2,21.2
107013,LA_UNION,1979,10,15,14.2,-999,22.4
107013,LA_UNION,1979,10,16,1.9,-999,20.4
107013,LA_UNION,1979,10,17,0.0,31.2,20.2
107013,LA_UNION,1979,10,18,0.0,33.8,21.2
107013,LA_UNION,1979,10,19,2.2,34.0,20.2
107013,LA_UNION,1979,10,20,0.0,34.2,20.0
107013,LA_UNION,1979,10,21,0.0,34.8,20.8
107013,LA_UNION,1979,10,22,0.0,34.0,21.6
107013,LA_UNION,1979,10,23,0.0,35.0,21.4
107013,LA_UNION,1979,10,24,0.0,35.4,20.4
107013,LA_UNION,1979,10,25,2.2,-999,22.4
107013,LA_UNION,1979,10,26,17.7,34.0,20.0
107013,LA_UNION,1979,10,27,1.6,30.2,22.0
107013,LA_UNION,1979,10,28,0.0,30.8,21.6
107013,LA_UNION,1979,10,29,0.0,33.2,22.6
107013,LA_UNION,1979,10,30,0.0,34.2,22.2
107013,LA_UNION,1979,10,31,0.0,35.0,22.2
107013,LA_UNION,1979,11,01,0.0,35.0,23.0
107013,LA_UNION,1979,11,02,0.9,31.2,22.4
107013,LA_UNION,1979,11,03,0.0,33.6,22.6
107013,LA_UNION,1979,11,04,0.8,34.0,22.6
107013,LA_UNION,1979,11,05,0.2,35.4,21.0
107013,LA_UNION,1979,11,06,-888,36.0,22.4
107013,LA_UNION,1979,11,07,20.8,32.8,22.6
107013,LA_UNION,1979,11,08,0.0,-999,21.6
107013,LA_UNION,1979,11,09,0.0,-999,21.8
107013,LA_UNION,1979,11,10,0.7,32.8,22.0
107013,LA_UNION,1979,11,11,0.0,30.4,23.2
107013,LA_UNION,1979,11,12,0.0,35.4,22.4
107013,LA_UNION,1979,11,13,0.0,35.6,22.8
107013,LA_UNION,1979,11,14,78.7,30.6,22.6
107013,LA_UNION,1979,11,15,14.8,-999,20.8
107013,LA_UNION,1979,11,16,0.0,-999,21.6
107013,LA_UNION,1979,11,17,0.0,32.6,21.0
107013,LA_UNION,1979,11,18,0.0,34.4,21.6
107013,LA_UNION,1979,11,19,20.0,32.6,21.6
107013,LA_UNION,1979,11,20,0.0,-999,21.2
107013,LA_UNION,1979,11,21,0.0,-999,19.6
107013,LA_UNION,1979,11,22,0.4,31.4,21.4
107013,LA_UNION,1979,11,23,0.0,34.0,21.6
107013,LA_UNION,1979,11,24,3.5,30.2,22.8
107013,LA_UNION,1979,11,25,0.0,32.8,23.0
107013,LA_UNION,1979,11,26,13.4,32.8,20.0
107013,LA_UNION,1979,11,27,2.8,-999,19.0
107013,LA_UNION,1979,11,28,0.0,-999,20.2
107013,LA_UNION,1979,11,29,0.0,33.8,19.8
107013,LA_UNION,1979,11,30,4.5,34.4,21.2
107013,LA_UNION,1979,12,01,0.0,31.2,-999
107013,LA_UNION,1979,12,02,0.0,33.0,-999
107013,LA_UNION,1979,12,03,0.0,33.2,-999
107013,LA_UNION,1979,12,04,0.0,35.2,21.0
107013,LA_UNION,1979,12,05,0.0,34.4,22.2
107013,LA_UNION,1979,12,06,0.0,-999,22.2
107013,LA_UNION,1979,12,07,0.0,35.0,21.6
107013,LA_UNION,1979,12,08,0.0,34.8,21.2
107013,LA_UNION,1979,12,09,0.0,35.8,21.4
107013,LA_UNION,1979,12,10,0.0,36.0,22.4
107013,LA_UNION,1979,12,11,0.0,35.2,22.6
107013,LA_UNION,1979,12,12,0.0,32.4,22.8
107013,LA_UNION,1979,12,13,0.0,35.2,19.8
107013,LA_UNION,1979,12,14,0.0,35.0,21.4
107013,LA_UNION,1979,12,15,0.0,34.8,22.2
107013,LA_UNION,1979,12,16,5.6,-999,20.4
107013,LA_UNION,1979,12,17,17.4,-999,22.6
107013,LA_UNION,1979,12,18,0.0,33.0,21.8
107013,LA_UNION,1979,12,19,0.0,33.2,23.0
107013,LA_UNION,1979,12,20,0.0,32.0,21.4
107013,LA_UNION,1979,12,21,0.0,35.0,20.4
107013,LA_UNION,1979,12,22,0.0,34.6,20.2
107013,LA_UNION,1979,12,23,0.0,35.6,22.0
107013,LA_UNION,1979,12,24,0.0,36.4,22.2
107013,LA_UNION,1979,12,25,0.0,34.6,22.2
107013,LA_UNION,1979,12,26,0.0,33.6,23.0
107013,LA_UNION,1979,12,27,17.7,30.6,21.8
107013,LA_UNION,1979,12,28,0.0,30.0,21.6
107013,LA_UNION,1979,12,29,0.0,33.6,22.2
107013,LA_UNION,1979,12,30,0.0,35.0,22.4
107013,LA_UNION,1979,12,31,0.0,35.4,21.6
107013,LA_UNION,1980,01,01,7.4,29.8,-999
107013,LA_UNION,1980,01,02,0.0,31.0,20.4
107013,LA_UNION,1980,01,03,0.0,34.0,19.8
107013,LA_UNION,1980,01,04,0.0,35.0,20.4
107013,LA_UNION,1980,01,05,0.0,33.2,19.8
107013,LA_UNION,1980,01,06,0.0,35.2,21.8
107013,LA_UNION,1980,01,07,0.0,34.2,21.6
107013,LA_UNION,1980,01,08,0.0,35.4,21.4
107013,LA_UNION,1980,01,09,0.0,34.2,21.4
107013,LA_UNION,1980,01,10,0.0,35.2,19.0
107013,LA_UNION,1980,01,11,0.0,34.2,22.2
107013,LA_UNION,1980,01,12,1.2,35.0,23.6
107013,LA_UNION,1980,01,13,0.0,33.4,21.6
107013,LA_UNION,1980,01,14,0.0,35.0,23.4
107013,LA_UNION,1980,01,15,0.0,31.4,23.0
107013,LA_UNION,1980,01,16,0.0,-999,21.0
107013,LA_UNION,1980,01,17,4.5,-999,21.0
107013,LA_UNION,1980,01,18,0.0,34.8,20.6
107013,LA_UNION,1980,01,19,0.0,34.2,22.2
107013,LA_UNION,1980,01,20,12.8,34.0,21.0
107013,LA_UNION,1980,01,21,0.0,30.4,21.6
107013,LA_UNION,1980,01,22,0.0,35.4,19.8
107013,LA_UNION,1980,01,23,0.0,36.2,20.8
107013,LA_UNION,1980,01,24,0.0,35.8,21.6
107013,LA_UNION,1980,01,25,15.0,31.0,22.4
107013,LA_UNION,1980,01,26,1.0,30.4,22.6
107013,LA_UNION,1980,01,27,0.0,34.0,22.0
107013,LA_UNION,1980,01,28,0.0,33.4,21.0
107013,LA_UNION,1980,01,29,0.0,33.0,20.0
107013,LA_UNION,1980,01,30,4.5,33.8,21.8
107013,LA_UNION,1980,01,31,0.0,35.4,21.6
107013,LA_UNION,1980,02,01,10.8,-999,23.0
107013,LA_UNION,1980,02,02,0.0,-999,22.4
107013,LA_UNION,1980,02,03,0.0,-999,21.8
107013,LA_UNION,1980,02,04,0.0,35.6,22.4
107013,LA_UNION,1980,02,05,0.0,35.0,20.8
107013,LA_UNION,1980,02,06,0.0,35.8,22.2
107013,LA_UNION,1980,02,07,0.0,34.6,21.4
107013,LA_UNION,1980,02,08,0.0,33.0,22.2
107013,LA_UNION,1980,02,09,3.8,35.2,22.4
107013,LA_UNION,1980,02,10,0.0,36.0,21.8
107013,LA_UNION,1980,02,11,0.0,35.2,21.8
107013,LA_UNION,1980,02,12,0.0,36.8,22.2
107013,LA_UNION,1980,02,13,0.0,36.4,20.2
107013,LA_UNION,1980,02,14,0.0,35.4,22.0
107013,LA_UNION,1980,02,15,0.0,35.2,22.6
107013,LA_UNION,1980,02,16,7.4,-999,22.0
107013,LA_UNION,1980,02,17,20.6,-999,23.2
107013,LA_UNION,1980,02,18,0.0,-999,21.6
107013,LA_UNION,1980,02,19,0.0,34.2,21.2
107013,LA_UNION,1980,02,20,0.0,35.0,21.0
107013,LA_UNION,1980,02,21,0.0,35.2,21.0
107013,LA_UNION,1980,02,22,0.0,33.4,22.2
107013,LA_UNION,1980,02,23,0.0,33.2,22.8
107013,LA_UNION,1980,02,24,0.0,35.0,22.2
107013,LA_UNION,1980,02,25,4.0,33.0,21.0
107013,LA_UNION,1980,02,26,0.0,35.8,23.2
107013,LA_UNION,1980,02,27,0.0,36.0,20.8
107013,LA_UNION,1980,02,28,0.0,36.4,22.0
107013,LA_UNION,1980,02,29,7.1,37.4,20.8
107013,LA_UNION,1980,03,01,5.7,-999,21.8
107013,LA_UNION,1980,03,02,23.3,-999,23.4
107013,LA_UNION,1980,03,03,4.0,27.4,20.6
107013,LA_UNION,1980,03,04,0.0,31.8,21.0
107013,LA_UNION,1980,03,05,0.0,33.6,20.8
107013,LA_UNION,1980,03,06,0.0,33.4,21.4
107013,LA_UNION,1980,03,07,0.0,32.2,21.2
107013,LA_UNION,1980,03,08,7.8,32.4,22.0
107013,LA_UNION,1980,03,09,24.6,28.6,22.2
107013,LA_UNION,1980,03,10,0.0,31.8,21.2
107013,LA_UNION,1980,03,11,0.0,33.4,22.4
107013,LA_UNION,1980,03,12,0.0,31.4,21.6
107013,LA_UNION,1980,03,13,0.0,33.8,21.8
107013,LA_UNION,1980,03,14,0.7,35.0,22.8
107013,LA_UNION,1980,03,15,1.6,32.2,22.6
107013,LA_UNION,1980,03,16,0.3,33.8,22.0
107013,LA_UNION,1980,03,17,0.0,33.2,22.2
107013,LA_UNION,1980,03,18,0.0,-999,21.2
107013,LA_UNION,1980,03,19,3.9,-999,21.4
107013,LA_UNION,1980,03,20,6.3,-999,20.6
107013,LA_UNION,1980,03,21,7.8,31.8,22.2
107013,LA_UNION,1980,03,22,12.2,30.4,22.0
107013,LA_UNION,1980,03,23,24.4,-999,21.8
107013,LA_UNION,1980,03,24,0.0,-999,22.4
107013,LA_UNION,1980,03,25,6.9,33.2,21.6
107013,LA_UNION,1980,03,26,0.0,31.8,21.6
107013,LA_UNION,1980,03,27,18.2,33.6,21.2
107013,LA_UNION,1980,03,28,18.8,28.8,20.0
107013,LA_UNION,1980,03,29,0.2,31.6,21.2
107013,LA_UNION,1980,03,30,7.8,31.8,20.4
107013,LA_UNION,1980,03,31,3.9,31.6,22.2
107013,LA_UNION,1980,04,01,0.0,33.4,22.0
107013,LA_UNION,1980,04,02,2.8,30.6,22.8
107013,LA_UNION,1980,04,03,0.0,33.6,22.6
107013,LA_UNION,1980,04,04,0.3,34.0,21.8
107013,LA_UNION,1980,04,05,0.0,-999,22.4
107013,LA_UNION,1980,04,06,0.0,-999,21.6
107013,LA_UNION,1980,04,07,0.0,-999,21.6
107013,LA_UNION,1980,04,08,0.0,32.4,20.6
107013,LA_UNION,1980,04,09,0.0,32.6,21.6
107013,LA_UNION,1980,04,10,0.0,34.8,22.2
107013,LA_UNION,1980,04,11,5.4,32.2,22.6
107013,LA_UNION,1980,04,12,0.0,34.6,21.6
107013,LA_UNION,1980,04,13,0.0,32.4,21.0
107013,LA_UNION,1980,04,14,1.6,34.8,22.0
107013,LA_UNION,1980,04,15,0.0,35.0,21.4
107013,LA_UNION,1980,04,16,50.9,32.8,21.2
107013,LA_UNION,1980,04,17,2.5,31.2,20.2
107013,LA_UNION,1980,04,18,0.0,32.2,22.4
107013,LA_UNION,1980,04,19,0.0,34.0,22.2
107013,LA_UNION,1980,04,20,0.5,34.2,20.8
107013,LA_UNION,1980,04,21,1.4,33.8,20.8
107013,LA_UNION,1980,04,22,0.0,33.2,20.6
107013,LA_UNION,1980,04,23,0.0,33.6,22.0
107013,LA_UNION,1980,04,24,0.0,-999,21.6
107013,LA_UNION,1980,04,25,0.0,-999,20.4
107013,LA_UNION,1980,04,26,0.0,32.6,21.0
107013,LA_UNION,1980,04,27,0.0,33.8,20.6
107013,LA_UNION,1980,04,28,0.0,35.2,20.8
107013,LA_UNION,1980,04,29,3.0,34.6,21.8
107013,LA_UNION,1980,04,30,11.4,34.2,23.4
107013,LA_UNION,1980,05,01,0.6,31.0,23.0
107013,LA_UNION,1980,05,02,3.2,33.6,21.2
107013,LA_UNION,1980,05,03,5.0,28.8,20.6
107013,LA_UNION,1980,05,04,0.0,31.8,20.2
107013,LA_UNION,1980,05,05,0.0,31.6,20.4
107013,LA_UNION,1980,05,06,0.0,33.2,18.4
107013,LA_UNION,1980,05,07,0.0,34.4,19.8
107013,LA_UNION,1980,05,08,0.0,31.8,21.4
107013,LA_UNION,1980,05,09,0.0,33.2,21.6
107013,LA_UNION,1980,05,10,0.0,34.8,20.6
107013,LA_UNION,1980,05,11,0.0,34.8,22.2
107013,LA_UNION,1980,05,12,0.0,-999,21.8
107013,LA_UNION,1980,05,13,1.8,-999,20.6
107013,LA_UNION,1980,05,14,0.0,33.4,21.4
107013,LA_UNION,1980,05,15,0.0,34.0,20.2
107013,LA_UNION,1980,05,16,0.0,34.8,19.4
107013,LA_UNION,1980,05,17,0.0,33.8,21.2
107013,LA_UNION,1980,05,18,3.0,35.0,20.6
107013,LA_UNION,1980,05,19,0.0,35.2,20.2
107013,LA_UNION,1980,05,20,0.0,34.6,20.4
107013,LA_UNION,1980,05,21,0.0,34.8,20.6
107013,LA_UNION,1980,05,22,3.1,34.6,20.0
107013,LA_UNION,1980,05,23,7.1,33.4,21.6
107013,LA_UNION,1980,05,24,0.0,34.0,21.4
107013,LA_UNION,1980,05,25,0.0,35.2,20.0
107013,LA_UNION,1980,05,26,0.0,32.8,19.4
107013,LA_UNION,1980,05,27,0.0,34.0,16.8
107013,LA_UNION,1980,05,28,0.0,35.0,17.0
107013,LA_UNION,1980,05,29,0.0,34.4,18.8
107013,LA_UNION,1980,05,30,0.0,35.2,19.6
107013,LA_UNION,1980,05,31,0.0,35.8,21.2
107013,LA_UNION,1980,06,01,0.0,35.4,20.4
107013,LA_UNION,1980,06,02,0.0,32.6,20.2
107013,LA_UNION,1980,06,03,28.5,32.8,21.0
107013,LA_UNION,1980,06,04,19.8,32.2,20.8
107013,LA_UNION,1980,06,05,0.0,30.8,20.2
107013,LA_UNION,1980,06,06,0.0,33.0,20.8
107013,LA_UNION,1980,06,07,0.0,33.0,20.6
107013,LA_UNION,1980,06,08,0.0,33.6,20.0
107013,LA_UNION,1980,06,09,0.0,34.0,19.4
107013,LA_UNION,1980,06,10,0.0,35.4,20.6
107013,LA_UNION,1980,06,11,0.0,35.2,20.4
107013,LA_UNION,1980,06,12,0.0,34.6,21.6
107013,LA_UNION,1980,06,13,0.0,-999,20.4
107013,LA_UNION,1980,06,14,9.6,-999,20.6
107013,LA_UNION,1980,06,15,0.0,31.6,20.4
107013,LA_UNION,1980,06,16,0.0,32.6,20.4
107013,LA_UNION,1980,06,17,0.0,34.0,19.6
107013,LA_UNION,1980,06,18,0.0,34.0,19.4
107013,LA_UNION,1980,06,19,0.0,34.6,19.7
107013,LA_UNION,1980,06,20,2.8,30.4,21.2
107013,LA_UNION,1980,06,21,0.0,29.8,20.2
107013,LA_UNION,1980,06,22,0.0,32.8,19.2
107013,LA_UNION,1980,06,23,0.0,34.0,18.2
107013,LA_UNION,1980,06,24,0.0,34.6,20.2
107013,LA_UNION,1980,06,25,0.0,-999,22.0
107013,LA_UNION,1980,06,26,0.0,-999,19.4
107013,LA_UNION,1980,06,27,15.7,26.6,20.2
107013,LA_UNION,1980,06,28,0.0,29.0,19.8
107013,LA_UNION,1980,06,29,0.0,32.6,19.2
107013,LA_UNION,1980,06,30,0.0,32.6,17.4
107013,LA_UNION,1980,07,01,0.0,33.8,16.4
107013,LA_UNION,1980,07,02,1.8,32.8,16.8
107013,LA_UNION,1980,07,03,2.5,34.0,18.4
107013,LA_UNION,1980,07,04,0.0,29.6,19.2
107013,LA_UNION,1980,07,05,0.0,32.4,16.0
107013,LA_UNION,1980,07,06,0.0,31.4,16.4
107013,LA_UNION,1980,07,07,0.0,34.6,16.4
107013,LA_UNION,1980,07,08,0.0,34.6,17.4
107013,LA_UNION,1980,07,09,13.2,34.4,19.8
107013,LA_UNION,1980,07,10,0.0,30.2,21.2
107013,LA_UNION,1980,07,11,0.0,30.4,20.6
107013,LA_UNION,1980,07,12,0.0,31.4,20.6
107013,LA_UNION,1980,07,13,0.0,-999,-999
107013,LA_UNION,1980,07,14,0.0,-999,-999
107013,LA_UNION,1980,07,15,0.0,33.4,-999
107013,LA_UNION,1980,07,16,0.0,33.8,-999
107013,LA_UNION,1980,07,17,0.0,34.2,20.6
107013,LA_UNION,1980,07,18,0.0,35.6,19.6
107013,LA_UNION,1980,07,19,0.0,35.4,18.0
107013,LA_UNION,1980,07,20,1.0,-999,20.6
107013,LA_UNION,1980,07,21,3.5,-999,20.4
107013,LA_UNION,1980,07,22,0.0,28.2,21.0
107013,LA_UNION,1980,07,23,1.7,-999,20.0
107013,LA_UNION,1980,07,24,0.0,-999,19.4
107013,LA_UNION,1980,07,25,0.0,33.4,17.0
107013,LA_UNION,1980,07,26,0.0,34.8,17.0
107013,LA_UNION,1980,07,27,0.0,34.6,20.6
107013,LA_UNION,1980,07,28,0.0,34.4,21.0
107013,LA_UNION,1980,07,29,0.0,35.4,18.6
107013,LA_UNION,1980,07,30,0.0,36.0,18.4
107013,LA_UNION,1980,07,31,25.9,34.4,21.4
107013,LA_UNION,1980,08,01,0.0,30.2,18.4
107013,LA_UNION,1980,08,02,0.0,33.0,18.1
107013,LA_UNION,1980,08,03,0.0,31.8,18.0
107013,LA_UNION,1980,08,04,0.0,32.4,18.6
107013,LA_UNION,1980,08,05,0.0,34.6,18.8
107013,LA_UNION,1980,08,06,0.0,35.4,17.8
107013,LA_UNION,1980,08,07,0.0,34.8,18.6
107013,LA_UNION,1980,08,08,3.7,-999,19.6
107013,LA_UNION,1980,08,09,10.5,-999,19.8
107013,LA_UNION,1980,08,10,0.0,31.8,20.6
107013,LA_UNION,1980,08,11,0.0,33.6,20.2
107013,LA_UNION,1980,08,12,0.0,33.4,21.0
107013,LA_UNION,1980,08,13,0.0,33.8,18.6
107013,LA_UNION,1980,08,14,0.0,33.8,19.6
107013,LA_UNION,1980,08,15,0.0,32.8,20.4
107013,LA_UNION,1980,08,16,0.0,33.2,18.6
107013,LA_UNION,1980,08,17,0.0,33.8,18.0
107013,LA_UNION,1980,08,18,0.0,34.8,18.6
107013,LA_UNION,1980,08,19,0.0,35.2,17.4
107013,LA_UNION,1980,08,20,0.0,35.4,18.8
107013,LA_UNION,1980,08,21,0.2,33.8,19.0
107013,LA_UNION,1980,08,22,0.0,34.8,19.2
107013,LA_UNION,1980,08,23,4.2,33.0,22.0
107013,LA_UNION,1980,08,24,0.0,32.4,20.0
107013,LA_UNION,1980,08,25,0.0,35.2,18.2
107013,LA_UNION,1980,08,26,0.0,-999,18.6
107013,LA_UNION,1980,08,27,14.0,-999,18.8
107013,LA_UNION,1980,08,28,0.0,-999,18.4
107013,LA_UNION,1980,08,29,0.0,32.8,18.8
107013,LA_UNION,1980,08,30,0.0,33.4,18.4
107013,LA_UNION,1980,08,31,0.0,33.2,19.4
107013,LA_UNION,1980,09,01,0.0,34.6,17.4
107013,LA_UNION,1980,09,02,0.0,35.4,19.4
107013,LA_UNION,1980,09,03,0.0,36.4,19.6
107013,LA_UNION,1980,09,04,4.7,34.0,19.8
107013,LA_UNION,1980,09,05,0.0,34.6,20.8
107013,LA_UNION,1980,09,06,7.4,33.4,20.8
107013,LA_UNION,1980,09,07,0.0,33.8,20.6
107013,LA_UNION,1980,09,08,0.0,34.8,19.2
107013,LA_UNION,1980,09,09,0.2,36.2,21.2
107013,LA_UNION,1980,09,10,0.0,33.8,20.2
107013,LA_UNION,1980,09,11,0.0,34.8,20.2
107013,LA_UNION,1980,09,12,0.0,-999,19.2
107013,LA_UNION,1980,09,13,0.0,-999,18.2
107013,LA_UNION,1980,09,14,0.0,-999,18.4
107013,LA_UNION,1980,09,15,0.0,35.6,17.8
107013,LA_UNION,1980,09,16,4.8,30.8,17.0
107013,LA_UNION,1980,09,17,0.0,34.0,17.4
107013,LA_UNION,1980,09,18,0.0,34.0,20.6
107013,LA_UNION,1980,09,19,0.0,35.4,21.8
107013,LA_UNION,1980,09,20,0.0,36.6,21.8
107013,LA_UNION,1980,09,21,0.0,35.4,20.8
107013,LA_UNION,1980,09,22,43.7,35.8,19.8
107013,LA_UNION,1980,09,23,0.0,34.2,17.8
107013,LA_UNION,1980,09,24,0.0,33.6,17.4
107013,LA_UNION,1980,09,25,0.0,33.8,17.8
107013,LA_UNION,1980,09,26,0.0,33.8,18.8
107013,LA_UNION,1980,09,27,0.0,34.4,19.6
107013,LA_UNION,1980,09,28,0.7,34.8,19.8
107013,LA_UNION,1980,09,29,0.0,34.8,20.2
107013,LA_UNION,1980,09,30,6.8,33.4,20.6
107013,LA_UNION,1980,10,01,0.0,33.6,21.0
107013,LA_UNION,1980,10,02,0.0,34.8,21.8
107013,LA_UNION,1980,10,03,4.8,32.0,21.4
107013,LA_UNION,1980,10,04,15.2,33.6,21.6
107013,LA_UNION,1980,10,05,0.0,32.8,22.2
107013,LA_UNION,1980,10,06,0.2,34.4,22.8
107013,LA_UNION,1980,10,07,0.0,34.8,22.8
107013,LA_UNION,1980,10,08,0.0,35.2,22.0
107013,LA_UNION,1980,10,09,12.0,35.0,19.4
107013,LA_UNION,1980,10,10,0.0,30.4,20.0
107013,LA_UNION,1980,10,11,0.0,34.8,20.8
107013,LA_UNION,1980,10,12,0.0,35.8,19.8
107013,LA_UNION,1980,10,13,1.0,-999,22.2
107013,LA_UNION,1980,10,14,3.2,-999,22.8
107013,LA_UNION,1980,10,15,1.8,32.8,19.4
107013,LA_UNION,1980,10,16,0.0,32.6,21.2
107013,LA_UNION,1980,10,17,0.0,33.4,23.2
107013,LA_UNION,1980,10,18,0.0,35.0,22.8
107013,LA_UNION,1980,10,19,12.4,34.8,22.4
107013,LA_UNION,1980,10,20,0.0,34.0,22.0
107013,LA_UNION,1980,10,21,0.0,34.6,21.6
107013,LA_UNION,1980,10,22,0.0,33.6,20.6
107013,LA_UNION,1980,10,23,0.0,34.8,21.4
107013,LA_UNION,1980,10,24,13.4,30.2,20.0
107013,LA_UNION,1980,10,25,9.8,32.0,21.6
107013,LA_UNION,1980,10,26,0.0,32.4,21.8
107013,LA_UNION,1980,10,27,0.0,33.0,22.8
107013,LA_UNION,1980,10,28,0.0,34.8,22.4
107013,LA_UNION,1980,10,29,0.0,34.4,21.8
107013,LA_UNION,1980,10,30,0.0,32.4,21.8
107013,LA_UNION,1980,10,31,0.0,33.6,20.8
107013,LA_UNION,1980,11,01,7.9,30.4,21.2
107013,LA_UNION,1980,11,02,0.5,28.4,22.0
107013,LA_UNION,1980,11,03,0.0,33.4,19.6
107013,LA_UNION,1980,11,04,0.0,34.6,20.0
107013,LA_UNION,1980,11,05,0.0,30.6,21.8
107013,LA_UNION,1980,11,06,0.0,34.0,22.8
107013,LA_UNION,1980,11,07,0.0,33.6,23.4
107013,LA_UNION,1980,11,08,0.0,-999,22.4
107013,LA_UNION,1980,11,09,0.0,-999,19.8
107013,LA_UNION,1980,11,10,0.0,35.2,22.2
107013,LA_UNION,1980,11,11,2.4,-999,22.0
107013,LA_UNION,1980,11,12,8.0,-999,21.8
107013,LA_UNION,1980,11,13,0.0,30.4,21.2
107013,LA_UNION,1980,11,14,0.0,31.8,22.0
107013,LA_UNION,1980,11,15,0.0,33.4,22.6
107013,LA_UNION,1980,11,16,0.0,34.2,21.8
107013,LA_UNION,1980,11,17,0.0,34.6,22.0
107013,LA_UNION,1980,11,18,0.0,35.4,22.8
107013,LA_UNION,1980,11,19,0.0,35.8,23.0
107013,LA_UNION,1980,11,20,0.0,35.8,22.8
107013,LA_UNION,1980,11,21,0.0,34.0,22.0
107013,LA_UNION,1980,11,22,0.2,34.6,21.8
107013,LA_UNION,1980,11,23,0.0,33.6,21.0
107013,LA_UNION,1980,11,24,1.3,33.4,21.6
107013,LA_UNION,1980,11,25,0.0,32.0,20.8
107013,LA_UNION,1980,11,26,0.0,33.6,21.4
107013,LA_UNION,1980,11,27,1.8,33.2,22.8
107013,LA_UNION,1980,11,28,12.8,30.4,20.6
107013,LA_UNION,1980,11,29,0.5,30.8,19.8
107013,LA_UNION,1980,11,30,0.3,32.2,21.0
107013,LA_UNION,1980,12,01,2.4,33.6,21.4
107013,LA_UNION,1980,12,02,11.1,30.4,20.4
107013,LA_UNION,1980,12,03,10.2,30.8,20.0
107013,LA_UNION,1980,12,04,0.0,32.4,21.4
107013,LA_UNION,1980,12,05,0.0,32.2,21.8
107013,LA_UNION,1980,12,06,0.7,33.6,22.2
107013,LA_UNION,1980,12,07,3.3,32.4,21.0
107013,LA_UNION,1980,12,08,0.0,33.0,22.2
107013,LA_UNION,1980,12,09,0.0,33.6,22.8
107013,LA_UNION,1980,12,10,0.0,34.0,23.0
107013,LA_UNION,1980,12,11,0.0,34.6,21.8
107013,LA_UNION,1980,12,12,12.0,33.4,21.4
107013,LA_UNION,1980,12,13,5.8,32.0,22.2
107013,LA_UNION,1980,12,14,36.8,31.4,20.4
107013,LA_UNION,1980,12,15,21.0,29.8,21.4
107013,LA_UNION,1980,12,16,0.0,31.6,20.4
107013,LA_UNION,1980,12,17,0.2,31.8,20.8
107013,LA_UNION,1980,12,18,0.2,30.8,21.8
107013,LA_UNION,1980,12,19,0.0,31.4,22.4
107013,LA_UNION,1980,12,20,0.0,33.4,21.8
107013,LA_UNION,1980,12,21,0.0,34.6,22.0
107013,LA_UNION,1980,12,22,0.0,34.8,23.4
107013,LA_UNION,1980,12,23,0.0,35.4,22.0
107013,LA_UNION,1980,12,24,24.6,34.6,21.8
107013,LA_UNION,1980,12,25,0.0,33.8,22.4
107013,LA_UNION,1980,12,26,0.0,34.0,21.8
107013,LA_UNION,1980,12,27,15.2,34.6,22.8
107013,LA_UNION,1980,12,28,0.0,33.4,22.0
107013,LA_UNION,1980,12,29,2.4,34.0,21.8
107013,LA_UNION,1980,12,30,2.2,35.6,22.0
107013,LA_UNION,1980,12,31,0.0,34.0,22.8
107013,LA_UNION,1981,01,01,0.0,35.8,23.2
107013,LA_UNION,1981,01,02,0.0,34.8,22.2
107013,LA_UNION,1981,01,03,0.4,32.4,19.8
107013,LA_UNION,1981,01,04,0.0,33.4,20.8
107013,LA_UNION,1981,01,05,0.0,34.8,21.6
107013,LA_UNION,1981,01,06,0.0,35.0,21.8
107013,LA_UNION,1981,01,07,0.0,35.8,22.4
107013,LA_UNION,1981,01,08,0.0,34.8,21.2
107013,LA_UNION,1981,01,09,0.0,33.6,20.8
107013,LA_UNION,1981,01,10,0.0,34.6,22.0
107013,LA_UNION,1981,01,11,0.0,35.0,21.8
107013,LA_UNION,1981,01,12,0.2,35.2,22.8
107013,LA_UNION,1981,01,13,0.6,34.8,21.4
107013,LA_UNION,1981,01,14,0.4,35.6,19.4
107013,LA_UNION,1981,01,15,0.0,36.6,19.6
107013,LA_UNION,1981,01,16,0.0,36.4,20.6
107013,LA_UNION,1981,01,17,0.0,36.0,22.0
107013,LA_UNION,1981,01,18,0.0,36.4,22.2
107013,LA_UNION,1981,01,19,0.0,34.8,22.0
107013,LA_UNION,1981,01,20,0.0,35.0,22.0
107013,LA_UNION,1981,01,21,0.0,35.2,22.2
107013,LA_UNION,1981,01,22,0.0,36.0,22.2
107013,LA_UNION,1981,01,23,0.0,37.4,21.8
107013,LA_UNION,1981,01,24,0.0,37.6,22.2
107013,LA_UNION,1981,01,25,0.0,35.8,22.2
107013,LA_UNION,1981,01,26,0.0,33.0,22.4
107013,LA_UNION,1981,01,27,0.0,35.0,22.0
107013,LA_UNION,1981,01,28,0.0,37.2,21.6
107013,LA_UNION,1981,01,29,7.7,34.2,22.8
107013,LA_UNION,1981,01,30,11.3,29.4,22.8
107013,LA_UNION,1981,01,31,5.4,33.4,21.4
107013,LA_UNION,1981,02,01,0.0,-999,22.0
107013,LA_UNION,1981,02,02,3.5,-999,21.4
107013,LA_UNION,1981,02,03,0.0,-999,20.6
107013,LA_UNION,1981,02,04,-888,30.2,21.0
107013,LA_UNION,1981,02,05,0.0,31.8,21.4
107013,LA_UNION,1981,02,06,0.0,32.8,21.2
107013,LA_UNION,1981,02,07,0.4,31.8,20.6
107013,LA_UNION,1981,02,08,0.0,34.2,21.6
107013,LA_UNION,1981,02,09,8.2,29.8,20.4
107013,LA_UNION,1981,02,10,0.0,31.0,20.4
107013,LA_UNION,1981,02,11,0.0,32.8,21.2
107013,LA_UNION,1981,02,12,0.0,32.8,20.6
107013,LA_UNION,1981,02,13,1.4,30.0,20.0
107013,LA_UNION,1981,02,14,0.0,30.4,21.0
107013,LA_UNION,1981,02,15,0.0,35.0,-999
107013,LA_UNION,1981,02,16,1.2,30.4,-999
107013,LA_UNION,1981,02,17,2.6,32.2,-999
107013,LA_UNION,1981,02,18,3.1,31.8,20.2
107013,LA_UNION,1981,02,19,2.5,30.0,22.2
107013,LA_UNION,1981,02,20,2.8,32.4,21.0
107013,LA_UNION,1981,02,21,6.8,31.0,22.4
107013,LA_UNION,1981,02,22,0.0,32.4,21.8
107013,LA_UNION,1981,02,23,1.3,29.4,22.6
107013,LA_UNION,1981,02,24,42.9,30.4,22.4
107013,LA_UNION,1981,02,25,8.3,30.8,20.8
107013,LA_UNION,1981,02,26,-888,-999,22.0
107013,LA_UNION,1981,02,27,10.5,-999,20.8
107013,LA_UNION,1981,02,28,-999,-999,22.8
107013,LA_UNION,1982,01,01,-888,35.0,21.5
107013,LA_UNION,1982,01,02,0.0,-999,21.2
107013,LA_UNION,1982,01,03,2.7,-999,22.5
107013,LA_UNION,1982,01,04,0.0,33.0,22.3
107013,LA_UNION,1982,01,05,0.0,35.6,21.8
107013,LA_UNION,1982,01,06,0.0,-999,22.4
107013,LA_UNION,1982,01,07,0.0,-999,22.2
107013,LA_UNION,1982,01,08,0.0,33.0,21.5
107013,LA_UNION,1982,01,09,0.0,34.0,23.0
107013,LA_UNION,1982,01,10,0.0,34.4,23.0
107013,LA_UNION,1982,01,11,0.0,29.6,22.0
107013,LA_UNION,1982,01,12,0.0,34.5,22.0
107013,LA_UNION,1982,01,13,0.0,30.0,21.0
107013,LA_UNION,1982,01,14,6.7,35.0,22.0
107013,LA_UNION,1982,01,15,0.0,34.0,22.2
107013,LA_UNION,1982,01,16,0.0,35.0,22.0
107013,LA_UNION,1982,01,17,2.7,31.0,21.5
107013,LA_UNION,1982,01,18,0.0,33.0,23.0
107013,LA_UNION,1982,01,19,0.0,31.0,22.4
107013,LA_UNION,1982,01,20,0.0,35.0,22.0
107013,LA_UNION,1982,01,21,0.0,36.0,21.0
107013,LA_UNION,1982,01,22,0.0,34.0,22.0
107013,LA_UNION,1982,01,23,6.8,29.0,23.0
107013,LA_UNION,1982,01,24,0.0,32.0,22.0
107013,LA_UNION,1982,01,25,77.0,31.0,22.0
107013,LA_UNION,1982,01,26,30.7,27.0,20.0
107013,LA_UNION,1982,01,27,0.0,31.0,21.0
107013,LA_UNION,1982,01,28,0.0,33.0,21.6
107013,LA_UNION,1982,01,29,0.0,32.0,21.0
107013,LA_UNION,1982,01,30,0.0,32.0,21.5
107013,LA_UNION,1982,01,31,2.7,31.4,21.2
107013,LA_UNION,1982,02,01,0.0,32.0,22.0
107013,LA_UNION,1982,02,02,0.0,34.0,21.5
107013,LA_UNION,1982,02,03,0.0,32.0,20.0
107013,LA_UNION,1982,02,04,0.0,33.2,-999
107013,LA_UNION,1982,02,05,0.0,32.0,-999
107013,LA_UNION,1982,02,06,0.0,34.0,-999
107013,LA_UNION,1982,02,07,0.0,34.0,-999
107013,LA_UNION,1982,02,08,0.0,33.5,21.0
107013,LA_UNION,1982,02,09,0.0,32.0,22.0
107013,LA_UNION,1982,02,10,0.0,32.0,23.0
107013,LA_UNION,1982,02,11,0.0,34.0,21.5
107013,LA_UNION,1982,02,12,0.0,35.0,22.0
107013,LA_UNION,1982,02,13,0.0,34.6,22.8
107013,LA_UNION,1982,02,14,1.1,31.5,23.0
107013,LA_UNION,1982,02,15,14.7,30.6,22.6
107013,LA_UNION,1982,02,16,0.0,32.8,19.8
107013,LA_UNION,1982,02,17,0.0,35.0,23.0
107013,LA_UNION,1982,02,18,75.2,31.0,21.4
107013,LA_UNION,1982,02,19,21.6,27.0,-999
107013,LA_UNION,1982,02,20,3.3,-999,-999
107013,LA_UNION,1982,02,21,0.0,-999,-999
107013,LA_UNION,1982,02,22,0.0,33.0,-999
107013,LA_UNION,1982,02,23,0.0,34.0,23.0
107013,LA_UNION,1982,02,24,0.0,34.6,22.5
107013,LA_UNION,1982,02,25,0.0,33.8,22.0
107013,LA_UNION,1982,02,26,0.0,35.0,21.0
107013,LA_UNION,1982,02,27,0.0,36.0,22.0
107013,LA_UNION,1982,02,28,0.0,34.0,22.6
107013,LA_UNION,1982,03,01,0.4,35.0,23.0
107013,LA_UNION,1982,03,02,0.0,34.0,21.2
107013,LA_UNION,1982,03,03,7.6,29.0,23.0
107013,LA_UNION,1982,03,04,1.5,33.4,22.0
107013,LA_UNION,1982,03,05,0.0,34.0,23.0
107013,LA_UNION,1982,03,06,0.0,34.8,22.8
107013,LA_UNION,1982,03,07,0.0,34.8,23.2
107013,LA_UNION,1982,03,08,0.0,34.0,23.0
107013,LA_UNION,1982,03,09,0.0,35.0,22.0
107013,LA_UNION,1982,03,10,27.2,32.5,22.5
107013,LA_UNION,1982,03,11,7.6,28.0,20.0
107013,LA_UNION,1982,03,12,0.0,31.5,22.5
107013,LA_UNION,1982,03,13,0.0,30.0,22.0
107013,LA_UNION,1982,03,14,0.0,31.0,22.0
107013,LA_UNION,1982,03,15,0.0,-999,21.0
107013,LA_UNION,1982,03,16,0.7,-999,22.0
107013,LA_UNION,1982,03,17,0.0,32.0,21.0
107013,LA_UNION,1982,03,18,0.0,28.0,22.5
107013,LA_UNION,1982,03,19,0.0,32.0,23.0
107013,LA_UNION,1982,03,20,0.0,33.0,22.0
107013,LA_UNION,1982,03,21,6.4,30.0,23.0
107013,LA_UNION,1982,03,22,0.0,32.0,22.0
107013,LA_UNION,1982,03,23,0.0,29.0,22.5
107013,LA_UNION,1982,03,24,0.0,33.0,20.5
107013,LA_UNION,1982,03,25,0.0,34.0,21.5
107013,LA_UNION,1982,03,26,0.0,34.0,22.0
107013,LA_UNION,1982,03,27,3.2,35.0,22.5
107013,LA_UNION,1982,03,28,0.0,34.0,20.5
107013,LA_UNION,1982,03,29,0.0,31.8,22.0
107013,LA_UNION,1982,03,30,0.0,32.0,20.5
107013,LA_UNION,1982,03,31,0.0,35.5,21.0
107013,LA_UNION,1982,04,01,0.0,35.5,22.0
107013,LA_UNION,1982,04,02,6.3,31.0,22.5
107013,LA_UNION,1982,04,03,21.6,30.4,23.0
107013,LA_UNION,1982,04,04,0.0,31.0,22.0
107013,LA_UNION,1982,04,05,0.0,31.0,22.0
107013,LA_UNION,1982,04,06,0.0,32.4,21.8
107013,LA_UNION,1982,04,07,9.4,33.5,21.5
107013,LA_UNION,1982,04,08,0.0,31.8,23.0
107013,LA_UNION,1982,04,09,0.0,29.8,22.0
107013,LA_UNION,1982,04,10,43.0,30.5,21.8
107013,LA_UNION,1982,04,11,0.0,27.0,20.0
107013,LA_UNION,1982,04,12,0.0,31.8,21.0
107013,LA_UNION,1982,04,13,0.0,31.8,21.0
107013,LA_UNION,1982,04,14,0.0,31.5,22.5
107013,LA_UNION,1982,04,15,30.5,34.5,23.0
107013,LA_UNION,1982,04,16,0.0,31.5,22.0
107013,LA_UNION,1982,04,17,0.0,31.5,22.0
107013,LA_UNION,1982,04,18,0.0,32.0,22.6
107013,LA_UNION,1982,04,19,0.0,32.5,22.0
107013,LA_UNION,1982,04,20,0.0,31.0,22.5
107013,LA_UNION,1982,04,21,0.0,33.0,22.0
107013,LA_UNION,1982,04,22,0.0,34.0,22.5
107013,LA_UNION,1982,04,23,4.9,30.0,22.0
107013,LA_UNION,1982,04,24,5.4,30.8,22.3
107013,LA_UNION,1982,04,25,0.0,31.5,-999
107013,LA_UNION,1982,04,26,8.7,27.0,-999
107013,LA_UNION,1982,04,27,32.3,-999,-999
107013,LA_UNION,1982,04,28,0.0,-999,21.0
107013,LA_UNION,1982,04,29,0.0,32.0,20.6
107013,LA_UNION,1982,04,30,24.2,32.2,20.6
107013,LA_UNION,1982,05,01,0.0,30.0,20.5
107013,LA_UNION,1982,05,02,4.5,32.0,20.0
107013,LA_UNION,1982,05,03,0.0,32.2,20.8
107013,LA_UNION,1982,05,04,0.0,32.0,21.0
107013,LA_UNION,1982,05,05,1.5,30.0,20.6
107013,LA_UNION,1982,05,06,0.0,32.0,21.0
107013,LA_UNION,1982,05,07,0.0,33.5,22.0
107013,LA_UNION,1982,05,08,46.0,33.0,22.0
107013,LA_UNION,1982,05,09,0.0,31.5,21.0
107013,LA_UNION,1982,05,10,0.0,33.5,21.0
107013,LA_UNION,1982,05,11,0.0,33.0,21.5
107013,LA_UNION,1982,05,12,0.0,33.5,21.6
107013,LA_UNION,1982,05,13,0.0,32.5,22.6
107013,LA_UNION,1982,05,14,1.2,33.0,22.0
107013,LA_UNION,1982,05,15,37.2,28.0,20.0
107013,LA_UNION,1982,05,16,0.0,32.5,20.6
107013,LA_UNION,1982,05,17,0.0,33.5,21.0
107013,LA_UNION,1982,05,18,0.0,33.5,21.8
107013,LA_UNION,1982,05,19,5.2,33.0,22.0
107013,LA_UNION,1982,05,20,0.0,34.0,23.0
107013,LA_UNION,1982,05,21,13.9,34.0,22.0
107013,LA_UNION,1982,05,22,0.0,33.0,22.0
107013,LA_UNION,1982,05,23,0.0,34.0,21.5
107013,LA_UNION,1982,05,24,0.0,-999,22.0
107013,LA_UNION,1982,05,25,0.0,-999,20.5
107013,LA_UNION,1982,05,26,0.0,28.5,20.4
107013,LA_UNION,1982,05,27,0.0,30.0,21.5
107013,LA_UNION,1982,05,28,0.0,32.0,19.5
107013,LA_UNION,1982,05,29,0.0,34.0,19.0
107013,LA_UNION,1982,05,30,0.0,33.0,21.0
107013,LA_UNION,1982,05,31,-999,34.2,20.0
107013,LA_UNION,1993,03,01,-999,-999,-999
107013,LA_UNION,1993,03,02,-999,-999,-999
107013,LA_UNION,1993,03,03,-999,-999,-999
107013,LA_UNION,1993,03,04,-999,-999,-999
107013,LA_UNION,1993,03,05,-999,-999,-999
107013,LA_UNION,1993,03,06,-999,-999,-999
107013,LA_UNION,1993,03,07,-999,-999,-999
107013,LA_UNION,1993,03,08,-999,-999,-999
107013,LA_UNION,1993,03,09,14.7,29.8,-999
107013,LA_UNION,1993,03,10,0.0,29.7,20.3
107013,LA_UNION,1993,03,11,8.3,30.1,20.6
107013,LA_UNION,1993,03,12,32.1,26.1,21.1
107013,LA_UNION,1993,03,13,0.0,-999,21.0
107013,LA_UNION,1993,03,14,0.0,31.1,20.1
107013,LA_UNION,1993,03,15,0.0,29.1,21.1
107013,LA_UNION,1993,03,16,0.0,34.1,21.4
107013,LA_UNION,1993,03,17,6.2,-999,20.1
107013,LA_UNION,1993,03,18,5.7,-999,20.5
107013,LA_UNION,1993,03,19,5.7,28.4,21.1
107013,LA_UNION,1993,03,20,0.0,-999,22.0
107013,LA_UNION,1993,03,21,8.8,-999,22.0
107013,LA_UNION,1993,03,22,8.0,30.1,22.1
107013,LA_UNION,1993,03,23,26.6,31.0,21.8
107013,LA_UNION,1993,03,24,3.5,26.0,21.0
107013,LA_UNION,1993,03,25,27.6,30.1,21.2
107013,LA_UNION,1993,03,26,61.9,30.0,21.1
107013,LA_UNION,1993,03,27,2.5,27.1,21.0
107013,LA_UNION,1993,03,28,2.5,30.1,20.0
107013,LA_UNION,1993,03,29,0.0,32.0,21.4
107013,LA_UNION,1993,03,30,3.9,31.1,21.0
107013,LA_UNION,1993,03,31,67.5,29.1,20.7
107013,LA_UNION,1993,04,01,0.0,30.0,22.1
107013,LA_UNION,1993,04,02,0.0,32.1,22.0
107013,LA_UNION,1993,04,03,1.8,33.1,22.1
107013,LA_UNION,1993,04,04,0.0,33.0,21.0
107013,LA_UNION,1993,04,05,0.0,32.1,22.1
107013,LA_UNION,1993,04,06,0.0,31.0,22.1
107013,LA_UNION,1993,04,07,6.1,30.1,22.0
107013,LA_UNION,1993,04,08,0.0,32.0,22.1
107013,LA_UNION,1993,04,09,0.0,31.0,-999
107013,LA_UNION,1993,04,10,0.0,31.1,-999
107013,LA_UNION,1993,04,11,0.0,-999,-999
107013,LA_UNION,1993,04,12,9.1,-999,22.1
107013,LA_UNION,1993,04,13,0.0,-999,21.1
107013,LA_UNION,1993,04,14,0.0,-999,21.1
107013,LA_UNION,1993,04,15,2.5,33.1,22.1
107013,LA_UNION,1993,04,16,13.5,28.1,21.0
107013,LA_UNION,1993,04,17,0.0,29.1,21.0
107013,LA_UNION,1993,04,18,0.0,31.1,22.1
107013,LA_UNION,1993,04,19,31.5,32.1,21.0
107013,LA_UNION,1993,04,20,6.9,28.0,20.1
107013,LA_UNION,1993,04,21,9.4,26.0,21.1
107013,LA_UNION,1993,04,22,0.0,31.0,22.0
107013,LA_UNION,1993,04,23,2.4,28.1,21.0
107013,LA_UNION,1993,04,24,0.0,32.0,-999
107013,LA_UNION,1993,04,25,0.0,32.1,-999
107013,LA_UNION,1993,04,26,0.0,33.1,-999
107013,LA_UNION,1993,04,27,0.0,28.1,21.1
107013,LA_UNION,1993,04,28,0.0,30.0,21.0
107013,LA_UNION,1993,04,29,7.1,30.1,21.1
107013,LA_UNION,1993,04,30,0.0,31.0,-999
107013,LA_UNION,1993,05,01,0.0,29.1,22.0
107013,LA_UNION,1993,05,02,0.0,31.4,21.1
107013,LA_UNION,1993,05,03,0.0,33.0,23.0
107013,LA_UNION,1993,05,04,0.0,33.1,22.4
107013,LA_UNION,1993,05,05,0.0,33.7,20.1
107013,LA_UNION,1993,05,06,22.9,33.1,22.0
107013,LA_UNION,1993,05,07,7.1,32.0,21.1
107013,LA_UNION,1993,05,08,2.3,30.9,21.0
107013,LA_UNION,1993,05,09,0.0,30.1,22.0
107013,LA_UNION,1993,05,10,0.0,33.0,22.1
107013,LA_UNION,1993,05,11,0.0,30.9,22.1
107013,LA_UNION,1993,05,12,0.0,34.0,22.0
107013,LA_UNION,1993,05,13,0.0,34.1,22.1
107013,LA_UNION,1993,05,14,0.0,35.0,21.4
107013,LA_UNION,1993,05,15,0.0,30.1,21.1
107013,LA_UNION,1993,05,16,0.0,32.3,20.1
107013,LA_UNION,1993,05,17,0.0,30.1,20.3
107013,LA_UNION,1993,05,18,0.0,31.0,21.1
107013,LA_UNION,1993,05,19,0.0,32.1,20.7
107013,LA_UNION,1993,05,20,0.0,33.7,20.0
107013,LA_UNION,1993,05,21,0.0,33.1,20.0
107013,LA_UNION,1993,05,22,0.0,32.1,20.1
107013,LA_UNION,1993,05,23,0.0,33.4,20.0
107013,LA_UNION,1993,05,24,0.0,30.1,22.0
107013,LA_UNION,1993,05,25,12.1,-999,21.6
107013,LA_UNION,1993,05,26,0.0,33.5,21.0
107013,LA_UNION,1993,05,27,0.0,-999,21.0
107013,LA_UNION,1993,05,28,3.4,-999,19.2
107013,LA_UNION,1993,05,29,0.9,30.5,19.2
107013,LA_UNION,1993,05,30,0.0,32.3,19.3
107013,LA_UNION,1993,05,31,0.0,33.5,19.6
107013,LA_UNION,1993,06,01,32.8,31.5,19.4
107013,LA_UNION,1993,06,02,0.0,31.6,19.5
107013,LA_UNION,1993,06,03,0.0,32.7,19.8
107013,LA_UNION,1993,06,04,0.0,34.0,19.9
107013,LA_UNION,1993,06,05,0.0,33.7,19.4
107013,LA_UNION,1993,06,06,0.0,33.0,20.6
107013,LA_UNION,1993,06,07,0.0,34.0,19.4
107013,LA_UNION,1993,06,08,0.0,31.8,19.5
107013,LA_UNION,1993,06,09,2.1,30.2,21.2
107013,LA_UNION,1993,06,10,20.7,25.3,19.9
107013,LA_UNION,1993,06,11,0.0,29.0,19.4
107013,LA_UNION,1993,06,12,0.0,27.0,18.8
107013,LA_UNION,1993,06,13,0.0,31.3,19.4
107013,LA_UNION,1993,06,14,0.0,30.0,19.8
107013,LA_UNION,1993,06,15,0.0,33.4,18.4
107013,LA_UNION,1993,06,16,0.0,32.3,19.9
107013,LA_UNION,1993,06,17,0.0,33.0,19.0
107013,LA_UNION,1993,06,18,12.6,29.5,19.5
107013,LA_UNION,1993,06,19,3.7,27.0,19.7
107013,LA_UNION,1993,06,20,0.0,30.2,18.5
107013,LA_UNION,1993,06,21,0.0,31.3,18.0
107013,LA_UNION,1993,06,22,0.0,33.0,18.0
107013,LA_UNION,1993,06,23,2.3,31.0,19.3
107013,LA_UNION,1993,06,24,0.0,30.0,19.3
107013,LA_UNION,1993,06,25,18.4,27.2,19.5
107013,LA_UNION,1993,06,26,0.0,30.5,20.2
107013,LA_UNION,1993,06,27,0.0,31.5,19.2
107013,LA_UNION,1993,06,28,0.0,32.3,19.0
107013,LA_UNION,1993,06,29,0.0,31.5,20.3
107013,LA_UNION,1993,06,30,0.0,32.7,20.2
107013,LA_UNION,1993,07,01,0.0,32.5,19.7
107013,LA_UNION,1993,07,02,0.0,33.5,20.5
107013,LA_UNION,1993,07,03,0.0,33.4,20.0
107013,LA_UNION,1993,07,04,0.0,32.3,20.0
107013,LA_UNION,1993,07,05,0.0,32.5,19.5
107013,LA_UNION,1993,07,06,0.0,33.5,18.0
107013,LA_UNION,1993,07,07,0.0,-999,18.2
107013,LA_UNION,1993,07,08,0.0,-999,20.0
107013,LA_UNION,1993,07,09,0.0,31.5,19.0
107013,LA_UNION,1993,07,10,0.0,32.0,18.8
107013,LA_UNION,1993,07,11,0.0,33.5,18.0
107013,LA_UNION,1993,07,12,6.0,33.0,17.5
107013,LA_UNION,1993,07,13,3.5,30.2,19.1
107013,LA_UNION,1993,07,14,0.0,26.0,16.0
107013,LA_UNION,1993,07,15,0.0,26.3,18.2
107013,LA_UNION,1993,07,16,0.0,29.0,18.8
107013,LA_UNION,1993,07,17,0.0,31.2,17.5
107013,LA_UNION,1993,07,18,0.0,32.0,17.0
107013,LA_UNION,1993,07,19,0.0,33.0,18.5
107013,LA_UNION,1993,07,20,0.0,33.5,-999
107013,LA_UNION,1993,07,21,0.0,33.5,-999
107013,LA_UNION,1993,07,22,0.0,32.4,-999
107013,LA_UNION,1993,07,23,0.0,33.5,-999
107013,LA_UNION,1993,07,24,0.0,34.0,18.6
107013,LA_UNION,1993,07,25,2.5,33.0,19.0
107013,LA_UNION,1993,07,26,0.0,32.5,18.0
107013,LA_UNION,1993,07,27,0.0,30.3,17.7
107013,LA_UNION,1993,07,28,15.6,34.5,18.0
107013,LA_UNION,1993,07,29,17.1,-999,19.6
107013,LA_UNION,1993,07,30,9.2,-999,18.6
107013,LA_UNION,1993,07,31,1.6,27.3,19.5
107013,LA_UNION,1993,08,01,0.0,28.0,18.0
107013,LA_UNION,1993,08,02,0.0,29.5,17.1
107013,LA_UNION,1993,08,03,0.0,31.0,17.0
107013,LA_UNION,1993,08,04,0.0,33.0,19.5
107013,LA_UNION,1993,08,05,0.0,33.5,16.4
107013,LA_UNION,1993,08,06,0.0,33.0,15.0
107013,LA_UNION,1993,08,07,0.0,33.0,13.5
107013,LA_UNION,1993,08,08,0.0,33.9,15.8
107013,LA_UNION,1993,08,09,0.0,34.2,18.0
107013,LA_UNION,1993,08,10,0.0,-999,18.0
107013,LA_UNION,1993,08,11,2.1,-999,19.5
107013,LA_UNION,1993,08,12,0.0,-999,17.5
107013,LA_UNION,1993,08,13,0.0,-999,18.0
107013,LA_UNION,1993,08,14,0.0,34.5,18.2
107013,LA_UNION,1993,08,15,0.0,34.7,17.0
107013,LA_UNION,1993,08,16,25.1,33.7,18.0
107013,LA_UNION,1993,08,17,0.0,31.2,18.2
107013,LA_UNION,1993,08,18,8.2,28.0,19.5
107013,LA_UNION,1993,08,19,0.0,28.6,19.0
107013,LA_UNION,1993,08,20,0.0,32.5,17.7
107013,LA_UNION,1993,08,21,2.7,33.2,18.0
107013,LA_UNION,1993,08,22,13.3,29.0,19.2
107013,LA_UNION,1993,08,23,0.0,31.0,19.5
107013,LA_UNION,1993,08,24,0.0,-999,19.0
107013,LA_UNION,1993,08,25,0.0,-999,19.5
107013,LA_UNION,1993,08,26,0.0,33.0,18.7
107013,LA_UNION,1993,08,27,0.0,34.0,17.5
107013,LA_UNION,1993,08,28,0.0,32.6,18.0
107013,LA_UNION,1993,08,29,0.0,34.4,18.5
107013,LA_UNION,1993,08,30,0.0,34.7,18.7
107013,LA_UNION,1993,08,31,0.0,33.2,17.5
107013,LA_UNION,1993,09,01,0.0,33.5,19.0
107013,LA_UNION,1993,09,02,0.0,33.3,17.2
107013,LA_UNION,1993,09,03,0.0,32.5,18.5
107013,LA_UNION,1993,09,04,0.0,31.5,18.1
107013,LA_UNION,1993,09,05,0.0,33.5,18.0
107013,LA_UNION,1993,09,06,0.0,33.2,18.3
107013,LA_UNION,1993,09,07,0.0,35.5,18.0
107013,LA_UNION,1993,09,08,0.0,35.0,18.7
107013,LA_UNION,1993,09,09,0.0,34.2,18.5
107013,LA_UNION,1993,09,10,9.7,30.5,20.0
107013,LA_UNION,1993,09,11,0.0,33.5,19.4
107013,LA_UNION,1993,09,12,2.4,31.0,19.8
107013,LA_UNION,1993,09,13,0.0,27.9,20.2
107013,LA_UNION,1993,09,14,0.0,31.4,19.7
107013,LA_UNION,1993,09,15,0.0,34.1,18.2
107013,LA_UNION,1993,09,16,2.0,33.2,19.4
107013,LA_UNION,1993,09,17,0.0,31.4,21.0
107013,LA_UNION,1993,09,18,0.0,35.3,21.0
107013,LA_UNION,1993,09,19,0.0,35.0,19.2
107013,LA_UNION,1993,09,20,0.0,36.1,20.2
107013,LA_UNION,1993,09,21,0.0,35.0,22.0
107013,LA_UNION,1993,09,22,0.0,34.1,21.0
107013,LA_UNION,1993,09,23,1.0,37.0,18.2
107013,LA_UNION,1993,09,24,20.5,36.2,20.4
107013,LA_UNION,1993,09,25,2.1,32.0,21.1
107013,LA_UNION,1993,09,26,0.0,33.4,18.3
107013,LA_UNION,1993,09,27,0.0,30.4,21.3
107013,LA_UNION,1993,09,28,0.0,34.1,19.0
107013,LA_UNION,1993,09,29,0.0,34.3,19.2
107013,LA_UNION,1993,09,30,0.0,33.3,19.3
107013,LA_UNION,1993,10,01,0.0,36.0,19.1
107013,LA_UNION,1993,10,02,0.0,31.3,21.1
107013,LA_UNION,1993,10,03,0.0,36.3,21.0
107013,LA_UNION,1993,10,04,0.0,36.3,20.1
107013,LA_UNION,1993,10,05,0.0,34.2,21.1
107013,LA_UNION,1993,10,06,0.0,-999,21.1
107013,LA_UNION,1993,10,07,0.0,-999,19.2
107013,LA_UNION,1993,10,08,0.0,-999,18.2
107013,LA_UNION,1993,10,09,0.0,36.4,18.4
107013,LA_UNION,1993,10,10,2.8,35.3,18.0
107013,LA_UNION,1993,10,11,5.1,32.3,20.0
107013,LA_UNION,1993,10,12,0.0,30.0,21.2
107013,LA_UNION,1993,10,13,0.0,31.2,19.3
107013,LA_UNION,1993,10,14,2.1,31.4,20.0
107013,LA_UNION,1993,10,15,0.0,34.3,20.2
107013,LA_UNION,1993,10,16,0.0,36.4,19.1
107013,LA_UNION,1993,10,17,20.2,36.0,21.2
107013,LA_UNION,1993,10,18,0.0,32.0,23.0
107013,LA_UNION,1993,10,19,2.1,31.1,22.3
107013,LA_UNION,1993,10,20,0.0,32.3,21.4
107013,LA_UNION,1993,10,21,0.0,36.0,22.0
107013,LA_UNION,1993,10,22,0.0,32.1,21.0
107013,LA_UNION,1993,10,23,0.0,34.0,22.0
107013,LA_UNION,1993,10,24,0.0,35.3,19.2
107013,LA_UNION,1993,10,25,2.6,35.1,21.1
107013,LA_UNION,1993,10,26,5.1,-999,20.0
107013,LA_UNION,1993,10,27,0.0,-999,22.0
107013,LA_UNION,1993,10,28,0.0,32.2,22.0
107013,LA_UNION,1993,10,29,2.6,34.2,21.0
107013,LA_UNION,1993,10,30,0.0,34.0,19.3
107013,LA_UNION,1993,10,31,0.0,35.4,-999
107013,LA_UNION,1993,11,01,4.2,30.2,-999
107013,LA_UNION,1993,11,02,6.5,32.4,-999
107013,LA_UNION,1993,11,03,15.9,30.0,22.0
107013,LA_UNION,1993,11,04,0.0,32.0,21.1
107013,LA_UNION,1993,11,05,0.0,35.0,21.0
107013,LA_UNION,1993,11,06,0.0,34.3,21.2
107013,LA_UNION,1993,11,07,0.0,32.0,22.1
107013,LA_UNION,1993,11,08,0.0,34.3,20.2
107013,LA_UNION,1993,11,09,7.5,31.2,22.1
107013,LA_UNION,1993,11,10,0.0,33.1,20.0
107013,LA_UNION,1993,11,11,9.0,34.4,21.1
107013,LA_UNION,1993,11,12,0.0,33.3,18.0
107013,LA_UNION,1993,11,13,5.5,32.2,17.9
107013,LA_UNION,1993,11,14,0.0,32.2,22.1
107013,LA_UNION,1993,11,15,0.0,33.1,23.0
107013,LA_UNION,1993,11,16,0.0,-999,22.2
107013,LA_UNION,1993,11,17,0.0,-999,23.1
107013,LA_UNION,1993,11,18,10.1,32.4,22.0
107013,LA_UNION,1993,11,19,0.0,31.1,22.0
107013,LA_UNION,1993,11,20,0.0,35.0,21.4
107013,LA_UNION,1993,11,21,0.0,36.0,19.8
107013,LA_UNION,1993,11,22,0.0,32.1,20.3
107013,LA_UNION,1993,11,23,0.0,35.0,21.2
107013,LA_UNION,1993,11,24,4.4,34.2,22.1
107013,LA_UNION,1993,11,25,0.0,32.1,22.3
107013,LA_UNION,1993,11,26,0.0,33.3,20.3
107013,LA_UNION,1993,11,27,0.0,33.4,21.4
107013,LA_UNION,1993,11,28,0.0,33.0,22.2
107013,LA_UNION,1993,11,29,0.0,36.0,22.0
107013,LA_UNION,1993,11,30,0.0,35.4,20.4
107013,LA_UNION,1993,12,01,0.0,-999,21.0
107013,LA_UNION,1993,12,02,4.0,-999,22.0
107013,LA_UNION,1993,12,03,0.0,36.0,21.4
107013,LA_UNION,1993,12,04,4.7,-999,22.0
107013,LA_UNION,1993,12,05,0.0,-999,22.4
107013,LA_UNION,1993,12,06,8.2,30.2,23.1
107013,LA_UNION,1993,12,07,0.0,-999,19.1
107013,LA_UNION,1993,12,08,17.1,-999,-999
107013,LA_UNION,1993,12,09,0.0,-999,-999
107013,LA_UNION,1993,12,10,0.0,36.3,-999
107013,LA_UNION,1993,12,11,0.0,33.2,21.1
107013,LA_UNION,1993,12,12,0.0,36.2,21.1
107013,LA_UNION,1993,12,13,0.0,36.4,21.3
107013,LA_UNION,1993,12,14,0.0,36.2,22.2
107013,LA_UNION,1993,12,15,0.0,34.3,21.4
107013,LA_UNION,1993,12,16,0.0,36.1,21.2
107013,LA_UNION,1993,12,17,0.0,35.3,21.3
107013,LA_UNION,1993,12,18,2.8,31.4,22.3
107013,LA_UNION,1993,12,19,0.0,30.4,22.1
107013,LA_UNION,1993,12,20,0.0,32.3,22.0
107013,LA_UNION,1993,12,21,4.6,-999,21.3
107013,LA_UNION,1993,12,22,0.0,-999,19.3
107013,LA_UNION,1993,12,23,0.0,33.1,22.1
107013,LA_UNION,1993,12,24,0.0,35.4,22.4
107013,LA_UNION,1993,12,25,0.0,36.3,21.3
107013,LA_UNION,1993,12,26,0.0,35.2,21.1
107013,LA_UNION,1993,12,27,0.0,35.0,22.2
107013,LA_UNION,1993,12,28,0.0,37.0,22.0
107013,LA_UNION,1993,12,29,0.0,36.3,18.9
107013,LA_UNION,1993,12,30,0.0,37.0,19.2
107013,LA_UNION,1993,12,31,0.0,36.3,21.1
107013,LA_UNION,1994,01,01,2.8,35.0,21.0
107013,LA_UNION,1994,01,02,0.0,36.0,20.2
107013,LA_UNION,1994,01,03,0.0,-999,23.1
107013,LA_UNION,1994,01,04,-888,-999,23.0
107013,LA_UNION,1994,01,05,0.0,-999,21.3
107013,LA_UNION,1994,01,06,0.0,-999,19.2
107013,LA_UNION,1994,01,07,0.0,35.0,21.0
107013,LA_UNION,1994,01,08,0.0,35.4,20.0
107013,LA_UNION,1994,01,09,0.0,36.0,21.1
107013,LA_UNION,1994,01,10,0.0,31.2,22.3
107013,LA_UNION,1994,01,11,0.0,34.0,21.3
107013,LA_UNION,1994,01,12,0.0,35.2,21.0
107013,LA_UNION,1994,01,13,0.0,35.1,21.4
107013,LA_UNION,1994,01,14,0.0,36.2,21.2
107013,LA_UNION,1994,01,15,-888,37.1,20.2
107013,LA_UNION,1994,01,16,6.9,-999,21.0
107013,LA_UNION,1994,01,17,0.0,-999,21.1
107013,LA_UNION,1994,01,18,0.0,35.0,21.2
107013,LA_UNION,1994,01,19,0.0,36.3,22.0
107013,LA_UNION,1994,01,20,0.0,36.4,20.0
107013,LA_UNION,1994,01,21,0.0,35.0,22.0
107013,LA_UNION,1994,01,22,0.0,34.4,21.1
107013,LA_UNION,1994,01,23,0.0,34.2,22.1
107013,LA_UNION,1994,01,24,0.0,33.0,23.0
107013,LA_UNION,1994,01,25,0.0,34.0,19.4
107013,LA_UNION,1994,01,26,0.0,36.1,18.1
107013,LA_UNION,1994,01,27,0.0,36.1,20.2
107013,LA_UNION,1994,01,28,0.0,31.3,21.3
107013,LA_UNION,1994,01,29,0.0,34.3,20.2
107013,LA_UNION,1994,01,30,4.8,32.1,21.2
107013,LA_UNION,1994,01,31,0.0,33.0,21.4
107013,LA_UNION,1994,02,01,0.0,31.1,21.4
107013,LA_UNION,1994,02,02,0.0,33.1,20.4
107013,LA_UNION,1994,02,03,2.1,33.0,21.1
107013,LA_UNION,1994,02,04,0.0,34.0,20.1
107013,LA_UNION,1994,02,05,0.0,35.1,19.0
107013,LA_UNION,1994,02,06,14.9,31.4,20.2
107013,LA_UNION,1994,02,07,0.0,32.4,20.4
107013,LA_UNION,1994,02,08,0.0,35.2,19.4
107013,LA_UNION,1994,02,09,0.0,35.0,19.0
107013,LA_UNION,1994,02,10,0.0,33.1,20.0
107013,LA_UNION,1994,02,11,0.0,32.4,19.1
107013,LA_UNION,1994,02,12,0.0,35.2,20.2
107013,LA_UNION,1994,02,13,0.0,34.1,20.4
107013,LA_UNION,1994,02,14,0.0,36.4,21.2
107013,LA_UNION,1994,02,15,0.0,37.2,21.0
107013,LA_UNION,1994,02,16,2.2,35.3,22.0
107013,LA_UNION,1994,02,17,14.1,32.4,22.3
107013,LA_UNION,1994,02,18,0.0,31.0,18.0
107013,LA_UNION,1994,02,19,8.3,33.3,18.3
107013,LA_UNION,1994,02,20,0.0,31.4,21.3
107013,LA_UNION,1994,02,21,0.0,33.1,21.3
107013,LA_UNION,1994,02,22,0.0,36.1,20.1
107013,LA_UNION,1994,02,23,0.0,33.2,20.3
107013,LA_UNION,1994,02,24,0.0,32.3,22.0
107013,LA_UNION,1994,02,25,0.0,35.4,19.2
107013,LA_UNION,1994,02,26,0.0,32.4,19.0
107013,LA_UNION,1994,02,27,0.0,36.2,22.0
107013,LA_UNION,1994,02,28,0.0,35.2,21.4
107013,LA_UNION,1994,03,01,0.0,35.0,22.0
107013,LA_UNION,1994,03,02,5.7,31.3,21.3
107013,LA_UNION,1994,03,03,0.0,32.2,22.1
107013,LA_UNION,1994,03,04,0.0,32.2,21.3
107013,LA_UNION,1994,03,05,0.0,-999,19.1
107013,LA_UNION,1994,03,06,44.3,-999,-999
107013,LA_UNION,1994,03,07,0.0,-999,19.4
107013,LA_UNION,1994,03,08,0.0,31.1,21.2
107013,LA_UNION,1994,03,09,0.0,32.2,19.0
107013,LA_UNION,1994,03,10,12.5,34.1,19.1
107013,LA_UNION,1994,03,11,0.0,33.2,20.0
107013,LA_UNION,1994,03,12,-888,28.3,20.4
107013,LA_UNION,1994,03,13,0.0,31.3,21.1
107013,LA_UNION,1994,03,14,0.0,34.1,20.1
107013,LA_UNION,1994,03,15,-888,31.1,21.0
107013,LA_UNION,1994,03,16,0.0,33.3,21.1
107013,LA_UNION,1994,03,17,0.0,33.2,21.4
107013,LA_UNION,1994,03,18,5.3,33.4,22.1
107013,LA_UNION,1994,03,19,0.0,34.4,20.3
107013,LA_UNION,1994,03,20,0.0,33.4,21.4
107013,LA_UNION,1994,03,21,-888,35.0,21.4
107013,LA_UNION,1994,03,22,0.0,30.1,19.2
107013,LA_UNION,1994,03,23,0.0,33.3,19.2
107013,LA_UNION,1994,03,24,0.0,35.2,20.2
107013,LA_UNION,1994,03,25,18.5,-999,20.1
107013,LA_UNION,1994,03,26,16.2,-999,22.0
107013,LA_UNION,1994,03,27,14.0,27.2,21.4
107013,LA_UNION,1994,03,28,0.0,31.4,20.4
107013,LA_UNION,1994,03,29,6.0,29.4,20.0
107013,LA_UNION,1994,03,30,6.5,33.1,21.0
107013,LA_UNION,1994,03,31,2.4,30.1,21.0
107013,LA_UNION,1994,04,01,4.5,-999,21.4
107013,LA_UNION,1994,04,02,0.0,-999,20.4
107013,LA_UNION,1994,04,03,7.3,30.2,20.1
107013,LA_UNION,1994,04,04,0.0,32.2,20.1
107013,LA_UNION,1994,04,05,0.0,34.3,20.2
107013,LA_UNION,1994,04,06,0.0,33.4,20.4
107013,LA_UNION,1994,04,07,7.3,32.1,22.0
107013,LA_UNION,1994,04,08,4.4,29.3,21.3
107013,LA_UNION,1994,04,09,0.0,33.0,21.1
107013,LA_UNION,1994,04,10,0.0,-999,19.0
107013,LA_UNION,1994,04,11,42.3,-999,20.4
107013,LA_UNION,1994,04,12,0.0,30.3,20.0
107013,LA_UNION,1994,04,13,0.0,32.2,21.0
107013,LA_UNION,1994,04,14,2.3,28.4,20.4
107013,LA_UNION,1994,04,15,25.3,-999,21.2
107013,LA_UNION,1994,04,16,0.0,-999,22.0
107013,LA_UNION,1994,04,17,0.0,33.1,21.0
107013,LA_UNION,1994,04,18,10.3,31.4,21.3
107013,LA_UNION,1994,04,19,0.0,31.2,21.0
107013,LA_UNION,1994,04,20,8.1,31.8,21.0
107013,LA_UNION,1994,04,21,0.0,32.1,21.3
107013,LA_UNION,1994,04,22,0.0,31.4,21.1
107013,LA_UNION,1994,04,23,-888,33.0,21.0
107013,LA_UNION,1994,04,24,-888,30.0,21.3
107013,LA_UNION,1994,04,25,0.0,32.0,21.1
107013,LA_UNION,1994,04,26,0.0,-999,21.0
107013,LA_UNION,1994,04,27,0.0,-999,19.2
107013,LA_UNION,1994,04,28,0.0,33.0,21.4
107013,LA_UNION,1994,04,29,22.4,28.3,19.3
107013,LA_UNION,1994,04,30,0.0,30.2,21.0
107013,LA_UNION,1994,05,01,0.0,32.4,20.2
107013,LA_UNION,1994,05,02,-888,32.1,20.0
107013,LA_UNION,1994,05,03,-888,-999,20.1
107013,LA_UNION,1994,05,04,0.0,-999,20.3
107013,LA_UNION,1994,05,05,-888,30.4,21.0
107013,LA_UNION,1994,05,06,2.2,30.4,19.2
107013,LA_UNION,1994,05,07,0.0,32.4,19.2
107013,LA_UNION,1994,05,08,4.1,32.0,21.2
107013,LA_UNION,1994,05,09,0.0,30.2,21.0
107013,LA_UNION,1994,05,10,0.0,33.1,20.4
107013,LA_UNION,1994,05,11,1.2,33.3,19.2
107013,LA_UNION,1994,05,12,3.5,31.0,20.0
107013,LA_UNION,1994,05,13,1.8,29.3,18.4
107013,LA_UNION,1994,05,14,0.0,31.1,21.3
107013,LA_UNION,1994,05,15,0.0,30.3,20.4
107013,LA_UNION,1994,05,16,0.0,30.4,18.4
107013,LA_UNION,1994,05,17,0.0,33.2,18.3
107013,LA_UNION,1994,05,18,0.0,34.0,19.1
107013,LA_UNION,1994,05,19,0.0,34.0,20.0
107013,LA_UNION,1994,05,20,0.0,33.2,19.1
107013,LA_UNION,1994,05,21,0.0,30.2,21.2
107013,LA_UNION,1994,05,22,0.0,34.3,18.2
107013,LA_UNION,1994,05,23,0.0,34.4,19.1
107013,LA_UNION,1994,05,24,-888,35.0,22.0
107013,LA_UNION,1994,05,25,0.0,34.0,21.4
107013,LA_UNION,1994,05,26,0.0,33.3,21.0
107013,LA_UNION,1994,05,27,0.0,33.3,21.0
107013,LA_UNION,1994,05,28,0.0,35.0,21.2
107013,LA_UNION,1994,05,29,18.5,-999,20.0
107013,LA_UNION,1994,05,30,2.1,-999,21.3
107013,LA_UNION,1994,05,31,0.0,34.2,19.1
107013,LA_UNION,1994,06,01,3.6,-999,19.2
107013,LA_UNION,1994,06,02,9.2,-999,22.1
107013,LA_UNION,1994,06,03,2.8,26.2,21.4
107013,LA_UNION,1994,06,04,7.0,-999,19.3
107013,LA_UNION,1994,06,05,0.0,-999,21.2
107013,LA_UNION,1994,06,06,0.0,32.4,20.2
107013,LA_UNION,1994,06,07,0.0,30.1,20.0
107013,LA_UNION,1994,06,08,2.1,27.2,22.0
107013,LA_UNION,1994,06,09,8.9,-999,21.1
107013,LA_UNION,1994,06,10,0.0,-999,21.0
107013,LA_UNION,1994,06,11,0.0,30.1,19.0
107013,LA_UNION,1994,06,12,0.0,31.4,20.0
107013,LA_UNION,1994,06,13,0.0,32.1,19.1
107013,LA_UNION,1994,06,14,0.0,32.3,18.1
107013,LA_UNION,1994,06,15,0.0,33.1,18.1
107013,LA_UNION,1994,06,16,0.0,32.1,19.1
107013,LA_UNION,1994,06,17,0.0,32.1,21.0
107013,LA_UNION,1994,06,18,0.0,32.3,19.1
107013,LA_UNION,1994,06,19,0.0,32.1,19.1
107013,LA_UNION,1994,06,20,0.0,33.3,20.0
107013,LA_UNION,1994,06,21,0.0,33.2,19.0
107013,LA_UNION,1994,06,22,0.0,33.3,19.0
107013,LA_UNION,1994,06,23,0.0,34.2,19.3
107013,LA_UNION,1994,06,24,0.0,34.1,19.1
107013,LA_UNION,1994,06,25,16.8,-999,18.2
107013,LA_UNION,1994,06,26,9.5,-999,15.0
107013,LA_UNION,1994,06,27,0.0,23.1,13.2
107013,LA_UNION,1994,06,28,0.0,28.1,15.0
107013,LA_UNION,1994,06,29,0.0,31.1,16.2
107013,LA_UNION,1994,06,30,0.0,33.4,18.0
107013,LA_UNION,1994,07,01,0.0,32.3,17.2
107013,LA_UNION,1994,07,02,0.0,32.2,17.2
107013,LA_UNION,1994,07,03,0.0,28.2,20.0
107013,LA_UNION,1994,07,04,0.0,32.2,19.0
107013,LA_UNION,1994,07,05,0.0,31.4,17.4
107013,LA_UNION,1994,07,06,0.0,32.2,18.2
107013,LA_UNION,1994,07,07,2.7,28.4,20.1
107013,LA_UNION,1994,07,08,13.8,31.2,19.4
107013,LA_UNION,1994,07,09,33.3,-999,20.1
107013,LA_UNION,1994,07,10,0.0,24.2,16.1
107013,LA_UNION,1994,07,11,0.0,28.1,17.3
107013,LA_UNION,1994,07,12,0.0,29.1,15.1
107013,LA_UNION,1994,07,13,0.0,30.4,15.3
107013,LA_UNION,1994,07,14,0.0,30.2,15.3
107013,LA_UNION,1994,07,15,0.0,30.4,17.1
107013,LA_UNION,1994,07,16,0.0,31.3,18.2
107013,LA_UNION,1994,07,17,0.0,32.3,18.3
107013,LA_UNION,1994,07,18,0.0,32.2,18.2
107013,LA_UNION,1994,07,19,0.0,33.3,17.0
107013,LA_UNION,1994,07,20,0.0,33.5,18.4
107013,LA_UNION,1994,07,21,0.0,34.2,18.1
107013,LA_UNION,1994,07,22,0.0,34.4,19.3
107013,LA_UNION,1994,07,23,0.0,34.1,19.3
107013,LA_UNION,1994,07,24,0.0,30.2,19.1
107013,LA_UNION,1994,07,25,0.0,33.0,18.0
107013,LA_UNION,1994,07,26,0.0,33.1,19.0
107013,LA_UNION,1994,07,27,0.0,34.1,18.2
107013,LA_UNION,1994,07,28,0.0,33.3,18.3
107013,LA_UNION,1994,07,29,0.0,34.1,18.0
107013,LA_UNION,1994,07,30,0.0,33.2,19.1
107013,LA_UNION,1994,07,31,0.0,34.4,17.2
107013,LA_UNION,1994,08,01,0.0,34.3,18.4
107013,LA_UNION,1994,08,02,0.0,35.0,18.0
107013,LA_UNION,1994,08,03,4.8,-999,19.0
107013,LA_UNION,1994,08,04,8.2,-999,20.4
107013,LA_UNION,1994,08,05,0.0,-999,19.3
107013,LA_UNION,1994,08,06,0.0,31.1,17.3
107013,LA_UNION,1994,08,07,0.0,33.1,18.0
107013,LA_UNION,1994,08,08,0.0,33.4,17.4
107013,LA_UNION,1994,08,09,0.0,34.4,17.2
107013,LA_UNION,1994,08,10,-888,-999,18.3
107013,LA_UNION,1994,08,11,0.0,-999,20.1
107013,LA_UNION,1994,08,12,0.0,-999,16.4
107013,LA_UNION,1994,08,13,0.0,33.1,17.1
107013,LA_UNION,1994,08,14,0.0,33.4,15.1
107013,LA_UNION,1994,08,15,0.0,35.0,18.1
107013,LA_UNION,1994,08,16,6.2,-999,17.4
107013,LA_UNION,1994,08,17,0.0,-999,19.2
107013,LA_UNION,1994,08,18,0.0,31.1,19.1
107013,LA_UNION,1994,08,19,0.0,33.3,18.3
107013,LA_UNION,1994,08,20,12.2,32.0,19.2
107013,LA_UNION,1994,08,21,3.9,31.0,20.0
107013,LA_UNION,1994,08,22,0.0,32.2,19.3
107013,LA_UNION,1994,08,23,0.0,34.0,19.3
107013,LA_UNION,1994,08,24,0.0,33.2,18.2
107013,LA_UNION,1994,08,25,0.0,33.3,19.2
107013,LA_UNION,1994,08,26,0.0,32.1,18.1
107013,LA_UNION,1994,08,27,0.0,33.4,17.1
107013,LA_UNION,1994,08,28,0.0,35.3,18.4
107013,LA_UNION,1994,08,29,0.0,36.0,18.4
107013,LA_UNION,1994,08,30,0.0,32.1,19.2
107013,LA_UNION,1994,08,31,0.0,35.0,18.1
107013,LA_UNION,1994,09,01,0.0,-999,18.0
107013,LA_UNION,1994,09,02,5.4,29.3,19.0
107013,LA_UNION,1994,09,03,0.0,31.4,20.0
107013,LA_UNION,1994,09,04,0.0,32.3,18.4
107013,LA_UNION,1994,09,05,0.0,33.1,19.0
107013,LA_UNION,1994,09,06,0.0,35.2,18.0
107013,LA_UNION,1994,09,07,0.0,36.2,19.0
107013,LA_UNION,1994,09,08,0.0,36.1,20.0
107013,LA_UNION,1994,09,09,0.0,31.2,21.0
107013,LA_UNION,1994,09,10,0.0,34.2,18.0
107013,LA_UNION,1994,09,11,0.0,34.1,19.3
107013,LA_UNION,1994,09,12,0.0,34.4,18.2
107013,LA_UNION,1994,09,13,0.0,34.1,20.2
107013,LA_UNION,1994,09,14,0.0,36.4,19.2
107013,LA_UNION,1994,09,15,0.0,36.2,19.3
107013,LA_UNION,1994,09,16,0.0,36.3,19.1
107013,LA_UNION,1994,09,17,0.0,-999,22.0
107013,LA_UNION,1994,09,18,0.0,-999,21.0
107013,LA_UNION,1994,09,19,0.0,-999,18.4
107013,LA_UNION,1994,09,20,4.3,34.0,20.1
107013,LA_UNION,1994,09,21,0.0,36.3,19.4
107013,LA_UNION,1994,09,22,0.0,-999,19.4
107013,LA_UNION,1994,09,23,0.0,-999,19.3
107013,LA_UNION,1994,09,24,0.0,36.1,20.2
107013,LA_UNION,1994,09,25,0.0,35.2,20.1
107013,LA_UNION,1994,09,26,9.3,31.2,20.0
107013,LA_UNION,1994,09,27,0.0,-999,20.0
107013,LA_UNION,1994,09,28,0.0,-999,20.2
107013,LA_UNION,1994,09,29,0.0,36.2,19.2
107013,LA_UNION,1994,09,30,0.0,36.4,19.0
107013,LA_UNION,1994,10,01,0.0,35.1,22.0
107013,LA_UNION,1994,10,02,6.5,31.4,22.2
107013,LA_UNION,1994,10,03,0.0,32.2,21.0
107013,LA_UNION,1994,10,04,16.2,34.0,18.2
107013,LA_UNION,1994,10,05,0.0,34.3,20.0
107013,LA_UNION,1994,10,06,0.0,32.2,19.3
107013,LA_UNION,1994,10,07,15.7,27.4,20.3
107013,LA_UNION,1994,10,08,0.0,31.4,20.3
107013,LA_UNION,1994,10,09,0.0,33.0,19.0
107013,LA_UNION,1994,10,10,0.0,33.2,18.4
107013,LA_UNION,1994,10,11,0.0,30.4,19.3
107013,LA_UNION,1994,10,12,0.0,35.2,18.2
107013,LA_UNION,1994,10,13,0.0,35.0,19.3
107013,LA_UNION,1994,10,14,22.6,32.2,20.1
107013,LA_UNION,1994,10,15,0.0,30.3,21.1
107013,LA_UNION,1994,10,16,0.0,34.1,21.0
107013,LA_UNION,1994,10,17,0.0,37.0,21.4
107013,LA_UNION,1994,10,18,24.9,34.2,22.1
107013,LA_UNION,1994,10,19,0.0,32.1,20.0
107013,LA_UNION,1994,10,20,0.0,-999,21.4
107013,LA_UNION,1994,10,21,-888,-999,-999
107013,LA_UNION,1994,10,22,2.3,33.0,20.1
107013,LA_UNION,1994,10,23,-888,-999,21.3
107013,LA_UNION,1994,10,24,49.1,-999,22.1
107013,LA_UNION,1994,10,25,24.0,-999,21.0
107013,LA_UNION,1994,10,26,0.0,-999,20.4
107013,LA_UNION,1994,10,27,0.0,35.4,21.4
107013,LA_UNION,1994,10,28,0.0,35.2,21.2
107013,LA_UNION,1994,10,29,0.0,34.1,21.1
107013,LA_UNION,1994,10,30,0.0,33.1,21.1
107013,LA_UNION,1994,10,31,0.0,35.1,21.4
107013,LA_UNION,1994,11,01,3.2,-999,21.2
107013,LA_UNION,1994,11,02,4.2,-999,21.2
107013,LA_UNION,1994,11,03,0.0,-999,20.2
107013,LA_UNION,1994,11,04,0.0,-999,20.3
107013,LA_UNION,1994,11,05,22.1,32.4,20.1
107013,LA_UNION,1994,11,06,0.0,30.4,20.2
107013,LA_UNION,1994,11,07,10.7,29.1,20.0
107013,LA_UNION,1994,11,08,0.0,30.1,19.0
107013,LA_UNION,1994,11,09,33.2,-999,19.1
107013,LA_UNION,1994,11,10,53.8,-999,21.0
107013,LA_UNION,1994,11,11,0.0,29.0,19.1
107013,LA_UNION,1994,11,12,0.0,32.3,19.2
107013,LA_UNION,1994,11,13,0.0,33.1,19.0
107013,LA_UNION,1994,11,14,0.0,34.4,19.0
107013,LA_UNION,1994,11,15,0.0,35.0,20.3
107013,LA_UNION,1994,11,16,0.0,35.2,20.2
107013,LA_UNION,1994,11,17,0.0,35.1,21.2
107013,LA_UNION,1994,11,18,0.0,35.0,22.0
107013,LA_UNION,1994,11,19,0.0,35.3,19.4
107013,LA_UNION,1994,11,20,0.0,35.2,20.2
107013,LA_UNION,1994,11,21,6.8,-999,22.2
107013,LA_UNION,1994,11,22,61.2,28.4,-999
107013,LA_UNION,1994,11,23,2.5,29.1,20.1
107013,LA_UNION,1994,11,24,0.0,33.1,20.0
107013,LA_UNION,1994,11,25,0.0,33.4,20.1
107013,LA_UNION,1994,11,26,0.0,-999,20.3
107013,LA_UNION,1994,11,27,6.0,-999,20.0
107013,LA_UNION,1994,11,28,0.0,32.4,20.0
107013,LA_UNION,1994,11,29,0.0,32.1,20.1
107013,LA_UNION,1994,11,30,0.0,34.3,20.0
107013,LA_UNION,1994,12,01,0.0,30.2,21.0
107013,LA_UNION,1994,12,02,0.0,32.2,21.2
107013,LA_UNION,1994,12,03,0.0,31.1,21.2
107013,LA_UNION,1994,12,04,0.0,33.3,20.0
107013,LA_UNION,1994,12,05,0.0,34.3,20.0
107013,LA_UNION,1994,12,06,0.0,-999,21.0
107013,LA_UNION,1994,12,07,0.0,-999,21.3
107013,LA_UNION,1994,12,08,0.0,32.1,20.0
107013,LA_UNION,1994,12,09,2.1,32.3,20.0
107013,LA_UNION,1994,12,10,0.0,31.3,21.0
107013,LA_UNION,1994,12,11,0.0,32.0,22.0
107013,LA_UNION,1994,12,12,0.0,33.4,22.1
107013,LA_UNION,1994,12,13,6.3,35.0,20.0
107013,LA_UNION,1994,12,14,6.5,33.0,20.2
107013,LA_UNION,1994,12,15,0.0,31.1,21.2
107013,LA_UNION,1994,12,16,0.0,-999,22.2
107013,LA_UNION,1994,12,17,2.5,-999,22.1
107013,LA_UNION,1994,12,18,50.1,28.3,21.1
107013,LA_UNION,1994,12,19,9.5,29.3,21.1
107013,LA_UNION,1994,12,20,0.0,32.2,21.0
107013,LA_UNION,1994,12,21,0.0,33.1,19.4
107013,LA_UNION,1994,12,22,0.0,35.1,20.4
107013,LA_UNION,1994,12,23,0.0,33.2,23.1
107013,LA_UNION,1994,12,24,0.0,-999,22.4
107013,LA_UNION,1994,12,25,77.5,-999,20.0
107013,LA_UNION,1994,12,26,0.0,-999,21.2
107013,LA_UNION,1994,12,27,0.0,33.1,20.4
107013,LA_UNION,1994,12,28,0.0,32.1,22.1
107013,LA_UNION,1994,12,29,0.0,30.1,23.0
107013,LA_UNION,1994,12,30,7.0,-999,21.1
107013,LA_UNION,1994,12,31,0.0,-999,20.1
107013,LA_UNION,1995,01,01,0.0,32.1,20.4
107013,LA_UNION,1995,01,02,0.0,33.2,21.1
107013,LA_UNION,1995,01,03,0.0,35.3,21.3
107013,LA_UNION,1995,01,04,0.0,33.1,23.0
107013,LA_UNION,1995,01,05,0.0,35.2,20.1
107013,LA_UNION,1995,01,06,0.0,36.0,20.1
107013,LA_UNION,1995,01,07,0.0,35.0,20.0
107013,LA_UNION,1995,01,08,0.0,34.2,22.0
107013,LA_UNION,1995,01,09,0.0,35.3,20.0
107013,LA_UNION,1995,01,10,0.0,35.2,19.1
107013,LA_UNION,1995,01,11,0.0,35.4,22.3
107013,LA_UNION,1995,01,12,0.0,35.1,22.2
107013,LA_UNION,1995,01,13,0.0,35.3,22.2
107013,LA_UNION,1995,01,14,0.0,36.3,21.1
107013,LA_UNION,1995,01,15,30.3,33.1,22.2
107013,LA_UNION,1995,01,16,0.0,31.2,20.4
107013,LA_UNION,1995,01,17,0.0,29.2,22.2
107013,LA_UNION,1995,01,18,0.0,31.4,22.1
107013,LA_UNION,1995,01,19,0.0,33.1,21.4
107013,LA_UNION,1995,01,20,0.0,33.4,21.2
107013,LA_UNION,1995,01,21,0.0,32.1,21.2
107013,LA_UNION,1995,01,22,18.6,31.2,21.0
107013,LA_UNION,1995,01,23,0.0,33.2,21.3
107013,LA_UNION,1995,01,24,0.0,32.1,21.0
107013,LA_UNION,1995,01,25,0.0,31.4,21.1
107013,LA_UNION,1995,01,26,0.0,34.1,21.0
107013,LA_UNION,1995,01,27,0.0,33.1,21.1
107013,LA_UNION,1995,01,28,0.0,32.3,20.2
107013,LA_UNION,1995,01,29,0.0,33.2,19.2
107013,LA_UNION,1995,01,30,0.0,34.4,19.1
107013,LA_UNION,1995,01,31,0.0,35.1,19.1
107013,LA_UNION,1995,02,01,0.0,35.4,21.0
107013,LA_UNION,1995,02,02,0.0,34.3,19.2
107013,LA_UNION,1995,02,03,0.0,36.2,19.2
107013,LA_UNION,1995,02,04,7.2,-999,19.1
107013,LA_UNION,1995,02,05,28.7,-999,22.1
107013,LA_UNION,1995,02,06,2.3,30.0,21.1
107013,LA_UNION,1995,02,07,0.0,33.3,20.3
107013,LA_UNION,1995,02,08,0.0,35.2,21.2
107013,LA_UNION,1995,02,09,0.0,34.4,22.1
107013,LA_UNION,1995,02,10,0.0,31.4,22.0
107013,LA_UNION,1995,02,11,0.0,31.2,20.2
107013,LA_UNION,1995,02,12,0.0,35.0,20.1
107013,LA_UNION,1995,02,13,0.0,37.4,22.0
107013,LA_UNION,1995,02,14,0.0,36.0,20.2
107013,LA_UNION,1995,02,15,0.0,32.0,18.4
107013,LA_UNION,1995,02,16,0.0,33.4,-999
107013,LA_UNION,1995,02,17,0.0,36.0,-999
107013,LA_UNION,1995,02,18,0.0,34.1,-999
107013,LA_UNION,1995,02,19,0.0,33.4,22.0
107013,LA_UNION,1995,02,20,0.0,35.1,22.1
107013,LA_UNION,1995,02,21,0.0,-999,20.3
107013,LA_UNION,1995,02,22,0.0,-999,21.1
107013,LA_UNION,1995,02,23,45.0,-999,20.4
107013,LA_UNION,1995,02,24,0.0,33.3,22.2
107013,LA_UNION,1995,02,25,0.0,31.2,21.3
107013,LA_UNION,1995,02,26,6.7,32.4,21.3
107013,LA_UNION,1995,02,27,3.8,29.4,21.0
107013,LA_UNION,1995,02,28,7.2,33.2,21.1
107013,LA_UNION,1995,03,01,0.0,29.4,21.4
107013,LA_UNION,1995,03,02,8.0,-999,21.3
107013,LA_UNION,1995,03,03,13.3,-999,20.3
107013,LA_UNION,1995,03,04,4.5,29.1,21.4
107013,LA_UNION,1995,03,05,0.0,32.1,21.1
107013,LA_UNION,1995,03,06,0.0,31.3,20.3
107013,LA_UNION,1995,03,07,90.4,28.4,18.4
107013,LA_UNION,1995,03,08,2.2,32.2,18.9
107013,LA_UNION,1995,03,09,0.0,33.1,21.4
107013,LA_UNION,1995,03,10,16.8,29.2,21.3
107013,LA_UNION,1995,03,11,4.6,28.0,22.1
107013,LA_UNION,1995,03,12,3.8,31.0,21.3
107013,LA_UNION,1995,03,13,45.7,31.4,21.3
107013,LA_UNION,1995,03,14,6.7,30.0,21.4
107013,LA_UNION,1995,03,15,20.7,-999,21.3
107013,LA_UNION,1995,03,16,6.9,-999,22.0
107013,LA_UNION,1995,03,17,13.7,-999,21.4
107013,LA_UNION,1995,03,18,0.0,28.3,21.1
107013,LA_UNION,1995,03,19,0.0,32.2,21.0
107013,LA_UNION,1995,03,20,6.0,-999,22.1
107013,LA_UNION,1995,03,21,71.1,-999,22.0
107013,LA_UNION,1995,03,22,0.0,31.2,20.1
107013,LA_UNION,1995,03,23,0.0,31.8,20.4
107013,LA_UNION,1995,03,24,0.0,27.2,22.0
107013,LA_UNION,1995,03,25,0.0,30.0,21.2
107013,LA_UNION,1995,03,26,0.0,34.4,18.1
107013,LA_UNION,1995,03,27,0.0,35.0,18.1
107013,LA_UNION,1995,03,28,0.0,34.0,19.4
107013,LA_UNION,1995,03,29,0.0,34.6,19.3
107013,LA_UNION,1995,03,30,0.0,34.1,17.2
107013,LA_UNION,1995,03,31,0.0,35.0,18.2
107013,LA_UNION,1995,04,01,0.0,29.1,21.4
107013,LA_UNION,1995,04,02,0.0,33.3,19.2
107013,LA_UNION,1995,04,03,0.0,34.0,19.2
107013,LA_UNION,1995,04,04,0.0,32.0,19.6
107013,LA_UNION,1995,04,05,5.8,34.0,18.0
107013,LA_UNION,1995,04,06,0.0,-999,18.1
107013,LA_UNION,1995,04,07,0.0,30.0,18.2
107013,LA_UNION,1995,04,08,0.0,34.1,17.4
107013,LA_UNION,1995,04,09,0.0,36.2,19.1
107013,LA_UNION,1995,04,10,0.0,35.1,18.1
107013,LA_UNION,1995,04,11,0.0,-999,21.1
107013,LA_UNION,1995,04,12,22.0,-999,22.0
107013,LA_UNION,1995,04,13,0.0,-999,19.2
107013,LA_UNION,1995,04,14,0.0,32.3,19.0
107013,LA_UNION,1995,04,15,0.0,30.2,17.1
107013,LA_UNION,1995,04,16,4.1,34.3,17.2
107013,LA_UNION,1995,04,17,0.0,34.3,19.1
107013,LA_UNION,1995,04,18,2.5,35.2,20.2
107013,LA_UNION,1995,04,19,0.0,31.1,19.1
107013,LA_UNION,1995,04,20,3.6,34.2,22.0
107013,LA_UNION,1995,04,21,3.6,32.3,20.1
107013,LA_UNION,1995,04,22,0.0,29.3,20.1
107013,LA_UNION,1995,04,23,0.0,30.2,19.1
107013,LA_UNION,1995,04,24,0.0,33.2,18.2
107013,LA_UNION,1995,04,25,0.0,35.0,19.0
107013,LA_UNION,1995,04,26,0.0,35.3,19.3
107013,LA_UNION,1995,04,27,2.9,35.2,20.0
107013,LA_UNION,1995,04,28,0.0,35.5,21.0
107013,LA_UNION,1995,04,29,0.0,34.1,20.2
107013,LA_UNION,1995,04,30,30.0,34.3,20.2
107013,LA_UNION,1995,05,01,0.0,30.4,21.0
107013,LA_UNION,1995,05,02,0.0,33.1,19.0
107013,LA_UNION,1995,05,03,0.0,31.2,20.1
107013,LA_UNION,1995,05,04,0.0,34.1,20.2
107013,LA_UNION,1995,05,05,0.0,34.4,20.3
107013,LA_UNION,1995,05,06,0.0,34.3,21.2
107013,LA_UNION,1995,05,07,0.0,33.1,19.2
107013,LA_UNION,1995,05,08,2.1,30.1,20.1
107013,LA_UNION,1995,05,09,0.0,29.1,18.0
107013,LA_UNION,1995,05,10,0.0,32.3,18.3
107013,LA_UNION,1995,05,11,0.0,33.3,20.1
107013,LA_UNION,1995,05,12,0.0,33.1,21.2
107013,LA_UNION,1995,05,13,0.0,34.4,20.1
107013,LA_UNION,1995,05,14,0.0,31.4,20.1
107013,LA_UNION,1995,05,15,2.5,34.1,20.0
107013,LA_UNION,1995,05,16,5.1,30.0,19.0
107013,LA_UNION,1995,05,17,2.7,31.0,20.1
107013,LA_UNION,1995,05,18,2.6,30.3,19.1
107013,LA_UNION,1995,05,19,0.0,-999,18.2
107013,LA_UNION,1995,05,20,0.0,-999,19.1
107013,LA_UNION,1995,05,21,0.0,32.2,20.0
107013,LA_UNION,1995,05,22,0.0,33.0,20.1
107013,LA_UNION,1995,05,23,0.0,33.3,20.2
107013,LA_UNION,1995,05,24,8.9,31.4,21.3
107013,LA_UNION,1995,05,25,0.0,27.0,-999
107013,LA_UNION,1995,05,26,0.0,30.2,-999
107013,LA_UNION,1995,05,27,0.0,32.0,-999
107013,LA_UNION,1995,05,28,0.0,32.1,-999
107013,LA_UNION,1995,05,29,0.0,32.0,-999
107013,LA_UNION,1995,05,30,0.0,32.3,-999
107013,LA_UNION,1995,05,31,0.0,33.2,-999
107013,LA_UNION,1995,06,01,0.0,34.1,-999
107013,LA_UNION,1995,06,02,0.0,31.2,-999
107013,LA_UNION,1995,06,03,0.0,33.1,-999
107013,LA_UNION,1995,06,04,0.0,32.4,20.0
107013,LA_UNION,1995,06,05,0.0,32.1,21.1
107013,LA_UNION,1995,06,06,0.0,34.2,20.3
107013,LA_UNION,1995,06,07,8.3,34.4,20.1
107013,LA_UNION,1995,06,08,0.0,33.1,20.0
107013,LA_UNION,1995,06,09,0.0,34.2,22.0
107013,LA_UNION,1995,06,10,0.0,34.3,18.0
107013,LA_UNION,1995,06,11,0.0,35.4,18.0
107013,LA_UNION,1995,06,12,0.0,34.4,20.0
107013,LA_UNION,1995,06,13,0.0,35.2,18.2
107013,LA_UNION,1995,06,14,0.0,34.1,19.1
107013,LA_UNION,1995,06,15,0.0,32.2,19.1
107013,LA_UNION,1995,06,16,0.0,35.2,18.4
107013,LA_UNION,1995,06,17,0.0,36.0,18.3
107013,LA_UNION,1995,06,18,0.0,-999,18.8
107013,LA_UNION,1995,06,19,0.0,-999,18.0
107013,LA_UNION,1995,06,20,0.0,30.2,19.0
107013,LA_UNION,1995,06,21,0.0,30.4,18.1
107013,LA_UNION,1995,06,22,0.0,32.4,19.1
107013,LA_UNION,1995,06,23,0.0,33.4,18.2
107013,LA_UNION,1995,06,24,0.0,34.1,19.3
107013,LA_UNION,1995,06,25,0.0,35.0,18.1
107013,LA_UNION,1995,06,26,0.0,-999,19.1
107013,LA_UNION,1995,06,27,0.0,-999,20.0
107013,LA_UNION,1995,06,28,0.0,30.4,20.1
107013,LA_UNION,1995,06,29,33.5,29.4,19.0
107013,LA_UNION,1995,06,30,0.0,30.3,20.0
107013,LA_UNION,1995,07,01,0.0,30.2,19.0
107013,LA_UNION,1995,07,02,0.0,33.3,18.2
107013,LA_UNION,1995,07,03,0.0,34.4,19.0
107013,LA_UNION,1995,07,04,0.0,33.4,19.4
107013,LA_UNION,1995,07,05,0.0,34.0,19.1
107013,LA_UNION,1995,07,06,0.0,34.4,19.0
107013,LA_UNION,1995,07,07,0.0,33.0,17.3
107013,LA_UNION,1995,07,08,0.0,34.2,19.2
107013,LA_UNION,1995,07,09,0.0,34.2,19.3
107013,LA_UNION,1995,07,10,0.0,34.1,20.2
107013,LA_UNION,1995,07,11,0.0,34.4,18.2
107013,LA_UNION,1995,07,12,0.0,32.4,17.1
107013,LA_UNION,1995,07,13,0.0,35.2,18.0
107013,LA_UNION,1995,07,14,0.0,34.0,18.2
107013,LA_UNION,1995,07,15,0.0,35.2,17.2
107013,LA_UNION,1995,07,16,0.0,34.4,17.2
107013,LA_UNION,1995,07,17,22.5,33.4,18.1
107013,LA_UNION,1995,07,18,2.7,33.1,19.0
107013,LA_UNION,1995,07,19,0.0,34.3,19.4
107013,LA_UNION,1995,07,20,28.0,31.3,19.0
107013,LA_UNION,1995,07,21,13.8,-999,19.1
107013,LA_UNION,1995,07,22,-888,30.3,19.3
107013,LA_UNION,1995,07,23,0.0,31.3,17.4
107013,LA_UNION,1995,07,24,0.0,31.3,18.2
107013,LA_UNION,1995,07,25,0.0,34.1,19.3
107013,LA_UNION,1995,07,26,0.0,34.0,19.0
107013,LA_UNION,1995,07,27,0.0,34.2,19.1
107013,LA_UNION,1995,07,28,0.0,35.1,19.1
107013,LA_UNION,1995,07,29,0.0,36.1,18.0
107013,LA_UNION,1995,07,30,0.0,36.1,18.2
107013,LA_UNION,1995,07,31,0.0,36.3,20.0
107013,LA_UNION,1995,08,01,0.0,30.0,20.0
107013,LA_UNION,1995,08,02,0.0,34.3,19.3
107013,LA_UNION,1995,08,03,0.0,35.0,19.2
107013,LA_UNION,1995,08,04,-888,-999,20.0
107013,LA_UNION,1995,08,05,0.0,-999,19.4
107013,LA_UNION,1995,08,06,0.0,32.3,19.3
107013,LA_UNION,1995,08,07,0.0,33.0,17.1
107013,LA_UNION,1995,08,08,0.0,34.1,16.3
107013,LA_UNION,1995,08,09,0.0,35.2,17.0
107013,LA_UNION,1995,08,10,0.0,36.3,18.3
107013,LA_UNION,1995,08,11,0.0,34.4,21.1
107013,LA_UNION,1995,08,12,0.0,34.0,21.1
107013,LA_UNION,1995,08,13,0.0,37.2,19.3
107013,LA_UNION,1995,08,14,0.0,37.1,19.0
107013,LA_UNION,1995,08,15,0.0,37.0,19.1
107013,LA_UNION,1995,08,16,0.0,34.2,20.1
107013,LA_UNION,1995,08,17,0.0,33.2,18.2
107013,LA_UNION,1995,08,18,0.0,33.0,19.2
107013,LA_UNION,1995,08,19,0.0,30.3,20.2
107013,LA_UNION,1995,08,20,0.0,32.3,19.3
107013,LA_UNION,1995,08,21,0.0,34.4,17.4
107013,LA_UNION,1995,08,22,0.0,35.2,17.4
107013,LA_UNION,1995,08,23,0.0,36.3,17.0
107013,LA_UNION,1995,08,24,0.0,36.1,16.2
107013,LA_UNION,1995,08,25,0.0,36.3,17.1
107013,LA_UNION,1995,08,26,0.0,35.3,18.4
107013,LA_UNION,1995,08,27,0.0,34.4,19.2
107013,LA_UNION,1995,08,28,0.0,37.1,19.1
107013,LA_UNION,1995,08,29,0.0,36.3,19.1
107013,LA_UNION,1995,08,30,0.0,35.2,17.2
107013,LA_UNION,1995,08,31,10.8,33.2,19.2
107013,LA_UNION,1995,09,01,-888,35.0,19.1
107013,LA_UNION,1995,09,02,0.0,30.1,19.1
107013,LA_UNION,1995,09,03,0.0,30.1,17.0
107013,LA_UNION,1995,09,04,0.0,33.3,18.0
107013,LA_UNION,1995,09,05,0.0,35.1,18.1
107013,LA_UNION,1995,09,06,0.0,36.0,18.3
107013,LA_UNION,1995,09,07,0.0,32.4,18.2
107013,LA_UNION,1995,09,08,0.0,35.4,17.1
107013,LA_UNION,1995,09,09,0.0,35.1,18.0
107013,LA_UNION,1995,09,10,0.0,37.0,17.4
107013,LA_UNION,1995,09,11,0.0,36.2,18.1
107013,LA_UNION,1995,09,12,21.4,-999,21.0
107013,LA_UNION,1995,09,13,0.0,-999,18.2
107013,LA_UNION,1995,09,14,0.0,34.2,19.1
107013,LA_UNION,1995,09,15,2.2,30.2,19.1
107013,LA_UNION,1995,09,16,0.0,33.3,20.3
107013,LA_UNION,1995,09,17,0.0,35.4,18.1
107013,LA_UNION,1995,09,18,0.0,37.3,19.2
107013,LA_UNION,1995,09,19,0.0,37.4,18.4
107013,LA_UNION,1995,09,20,20.3,35.3,19.2
107013,LA_UNION,1995,09,21,0.0,34.2,18.0
107013,LA_UNION,1995,09,22,0.0,34.3,19.1
107013,LA_UNION,1995,09,23,0.0,35.3,18.0
107013,LA_UNION,1995,09,24,0.0,37.2,19.2
107013,LA_UNION,1995,09,25,0.0,38.0,18.2
107013,LA_UNION,1995,09,26,0.0,34.2,21.1
107013,LA_UNION,1995,09,27,0.0,38.0,17.2
107013,LA_UNION,1995,09,28,0.0,39.0,-999
107013,LA_UNION,1995,09,29,2.1,-999,-999
107013,LA_UNION,1995,09,30,30.9,-999,-999
107013,LA_UNION,1995,10,01,0.0,32.1,-999
107013,LA_UNION,1995,10,02,0.0,35.1,19.2
107013,LA_UNION,1995,10,03,8.5,35.0,19.0
107013,LA_UNION,1995,10,04,0.0,32.2,18.4
107013,LA_UNION,1995,10,05,0.0,36.3,18.2
107013,LA_UNION,1995,10,06,0.0,38.1,19.2
107013,LA_UNION,1995,10,07,0.0,38.2,22.1
107013,LA_UNION,1995,10,08,0.0,39.1,21.2
107013,LA_UNION,1995,10,09,0.0,35.1,18.1
107013,LA_UNION,1995,10,10,5.0,31.4,19.0
107013,LA_UNION,1995,10,11,0.0,34.3,21.1
107013,LA_UNION,1995,10,12,0.0,36.3,18.3
107013,LA_UNION,1995,10,13,0.0,36.2,22.3
107013,LA_UNION,1995,10,14,10.1,34.1,21.2
107013,LA_UNION,1995,10,15,24.8,29.2,21.2
107013,LA_UNION,1995,10,16,0.0,32.0,19.1
107013,LA_UNION,1995,10,17,0.0,32.2,18.2
107013,LA_UNION,1995,10,18,0.0,35.4,18.2
107013,LA_UNION,1995,10,19,0.0,37.4,19.3
107013,LA_UNION,1995,10,20,0.0,34.4,21.1
107013,LA_UNION,1995,10,21,3.0,34.2,20.3
107013,LA_UNION,1995,10,22,-888,31.1,20.0
107013,LA_UNION,1995,10,23,8.3,35.0,18.3
107013,LA_UNION,1995,10,24,0.0,34.0,20.0
107013,LA_UNION,1995,10,25,8.8,36.0,18.2
107013,LA_UNION,1995,10,26,2.0,35.3,18.3
107013,LA_UNION,1995,10,27,0.0,36.0,19.0
107013,LA_UNION,1995,10,28,0.0,32.0,18.2
107013,LA_UNION,1995,10,29,0.0,34.3,18.0
107013,LA_UNION,1995,10,30,51.4,30.3,18.2
107013,LA_UNION,1995,10,31,0.0,31.1,17.2
107013,LA_UNION,1995,11,01,0.0,33.2,18.2
107013,LA_UNION,1995,11,02,0.0,35.4,18.4
107013,LA_UNION,1995,11,03,0.0,35.4,18.2
107013,LA_UNION,1995,11,04,5.5,34.1,21.1
107013,LA_UNION,1995,11,05,9.7,32.2,18.1
107013,LA_UNION,1995,11,06,0.0,35.3,18.0
107013,LA_UNION,1995,11,07,0.0,34.2,21.1
107013,LA_UNION,1995,11,08,0.0,36.1,19.1
107013,LA_UNION,1995,11,09,0.0,31.3,21.2
107013,LA_UNION,1995,11,10,0.0,35.2,18.0
107013,LA_UNION,1995,11,11,0.0,32.0,21.3
107013,LA_UNION,1995,11,12,0.0,-999,20.0
107013,LA_UNION,1995,11,13,31.5,-999,20.1
107013,LA_UNION,1995,11,14,0.0,31.0,18.0
107013,LA_UNION,1995,11,15,2.5,31.0,19.2
107013,LA_UNION,1995,11,16,0.0,33.1,18.2
107013,LA_UNION,1995,11,17,0.0,35.1,19.0
107013,LA_UNION,1995,11,18,0.0,34.4,21.3
107013,LA_UNION,1995,11,19,7.3,31.2,18.3
107013,LA_UNION,1995,11,20,0.0,-999,19.1
107013,LA_UNION,1995,11,21,0.0,-999,20.0
107013,LA_UNION,1995,11,22,0.0,33.1,19.1
107013,LA_UNION,1995,11,23,0.0,36.0,20.2
107013,LA_UNION,1995,11,24,0.0,36.2,18.1
107013,LA_UNION,1995,11,25,0.0,37.2,21.1
107013,LA_UNION,1995,11,26,0.0,37.1,21.1
107013,LA_UNION,1995,11,27,0.0,35.3,22.0
107013,LA_UNION,1995,11,28,28.2,35.3,19.3
107013,LA_UNION,1995,11,29,0.0,33.0,18.1
107013,LA_UNION,1995,11,30,0.0,35.2,19.3
107013,LA_UNION,1995,12,01,8.0,-999,19.1
107013,LA_UNION,1995,12,02,7.0,-999,18.0
107013,LA_UNION,1995,12,03,0.0,31.0,18.4
107013,LA_UNION,1995,12,04,0.0,34.0,20.0
107013,LA_UNION,1995,12,05,0.0,29.2,19.0
107013,LA_UNION,1995,12,06,0.0,34.1,18.2
107013,LA_UNION,1995,12,07,0.0,35.0,18.0
107013,LA_UNION,1995,12,08,-888,32.1,17.0
107013,LA_UNION,1995,12,09,-888,29.4,20.1
107013,LA_UNION,1995,12,10,0.0,33.1,19.0
107013,LA_UNION,1995,12,11,0.0,35.1,18.1
107013,LA_UNION,1995,12,12,0.0,36.4,19.2
107013,LA_UNION,1995,12,13,0.0,35.0,21.2
107013,LA_UNION,1995,12,14,13.0,37.1,21.2
107013,LA_UNION,1995,12,15,0.0,35.2,17.3
107013,LA_UNION,1995,12,16,0.0,35.4,18.4
107013,LA_UNION,1995,12,17,0.0,35.0,19.4
107013,LA_UNION,1995,12,18,-888,33.2,20.0
107013,LA_UNION,1995,12,19,6.4,29.1,21.0
107013,LA_UNION,1995,12,20,5.4,29.2,18.0
107013,LA_UNION,1995,12,21,0.0,33.3,19.0
107013,LA_UNION,1995,12,22,17.3,35.0,21.1
107013,LA_UNION,1995,12,23,0.0,30.4,18.1
107013,LA_UNION,1995,12,24,0.0,33.2,19.3
107013,LA_UNION,1995,12,25,0.0,33.2,18.2
107013,LA_UNION,1995,12,26,31.5,32.2,20.1
107013,LA_UNION,1995,12,27,0.0,34.1,20.0
107013,LA_UNION,1995,12,28,2.5,33.3,19.3
107013,LA_UNION,1995,12,29,0.0,31.4,20.1
107013,LA_UNION,1995,12,30,0.0,34.1,20.1
107013,LA_UNION,1995,12,31,0.0,34.3,19.1
107013,LA_UNION,1996,01,01,0.0,33.4,18.3
107013,LA_UNION,1996,01,02,12.6,30.0,19.2
107013,LA_UNION,1996,01,03,0.0,34.3,18.2
107013,LA_UNION,1996,01,04,0.0,35.4,20.0
107013,LA_UNION,1996,01,05,0.0,35.0,19.2
107013,LA_UNION,1996,01,06,0.0,35.2,20.2
107013,LA_UNION,1996,01,07,0.0,36.0,19.1
107013,LA_UNION,1996,01,08,0.0,35.1,18.2
107013,LA_UNION,1996,01,09,0.0,35.3,19.1
107013,LA_UNION,1996,01,10,0.0,33.2,20.2
107013,LA_UNION,1996,01,11,0.0,35.2,18.1
107013,LA_UNION,1996,01,12,0.0,36.2,19.2
107013,LA_UNION,1996,01,13,2.1,33.3,18.3
107013,LA_UNION,1996,01,14,0.0,35.2,18.0
107013,LA_UNION,1996,01,15,0.0,36.4,20.3
107013,LA_UNION,1996,01,16,0.0,36.4,20.0
107013,LA_UNION,1996,01,17,0.0,32.0,21.1
107013,LA_UNION,1996,01,18,0.0,-999,18.4
107013,LA_UNION,1996,01,19,13.9,-999,18.0
107013,LA_UNION,1996,01,20,0.0,34.2,19.0
107013,LA_UNION,1996,01,21,0.0,32.4,20.2
107013,LA_UNION,1996,01,22,0.0,36.2,19.3
107013,LA_UNION,1996,01,23,0.0,-999,18.3
107013,LA_UNION,1996,01,24,4.5,-999,20.2
107013,LA_UNION,1996,01,25,0.0,28.2,19.0
107013,LA_UNION,1996,01,26,0.0,32.0,18.2
107013,LA_UNION,1996,01,27,0.0,35.1,18.1
107013,LA_UNION,1996,01,28,0.0,36.1,18.0
107013,LA_UNION,1996,01,29,-888,-999,20.3
107013,LA_UNION,1996,01,30,14.6,-999,18.3
107013,LA_UNION,1996,01,31,2.3,28.1,19.2
107013,LA_UNION,1996,02,01,8.9,30.1,20.3
107013,LA_UNION,1996,02,02,8.2,32.3,18.2
107013,LA_UNION,1996,02,03,0.0,32.3,18.1
107013,LA_UNION,1996,02,04,0.0,33.2,19.3
107013,LA_UNION,1996,02,05,6.2,35.0,19.2
107013,LA_UNION,1996,02,06,0.0,32.2,19.3
107013,LA_UNION,1996,02,07,2.2,28.1,20.1
107013,LA_UNION,1996,02,08,0.0,33.0,19.0
107013,LA_UNION,1996,02,09,-888,33.1,20.2
107013,LA_UNION,1996,02,10,-888,34.0,19.0
107013,LA_UNION,1996,02,11,-888,32.0,20.1
107013,LA_UNION,1996,02,12,0.0,-999,21.0
107013,LA_UNION,1996,02,13,0.0,-999,20.1
107013,LA_UNION,1996,02,14,-888,30.2,20.0
107013,LA_UNION,1996,02,15,19.7,29.0,21.4
107013,LA_UNION,1996,02,16,0.0,31.2,19.3
107013,LA_UNION,1996,02,17,0.0,32.2,20.0
107013,LA_UNION,1996,02,18,18.0,31.1,21.0
107013,LA_UNION,1996,02,19,31.0,-999,21.1
107013,LA_UNION,1996,02,20,0.0,-999,21.3
107013,LA_UNION,1996,02,21,0.0,35.0,21.2
107013,LA_UNION,1996,02,22,5.0,31.4,20.1
107013,LA_UNION,1996,02,23,0.0,34.3,21.2
107013,LA_UNION,1996,02,24,-888,32.2,20.1
107013,LA_UNION,1996,02,25,0.0,32.1,18.4
107013,LA_UNION,1996,02,26,12.0,30.3,19.2
107013,LA_UNION,1996,02,27,0.0,33.1,20.0
107013,LA_UNION,1996,02,28,0.0,35.0,19.0
107013,LA_UNION,1996,02,29,-888,30.1,19.3
107013,LA_UNION,1996,03,01,2.2,-999,19.1
107013,LA_UNION,1996,03,02,2.2,-999,20.1
107013,LA_UNION,1996,03,03,0.0,32.2,19.3
107013,LA_UNION,1996,03,04,0.0,35.3,18.3
107013,LA_UNION,1996,03,05,3.1,-999,20.3
107013,LA_UNION,1996,03,06,15.9,-999,20.3
107013,LA_UNION,1996,03,07,2.2,-999,21.3
107013,LA_UNION,1996,03,08,0.0,-999,18.2
107013,LA_UNION,1996,03,09,6.5,34.1,20.2
107013,LA_UNION,1996,03,10,0.0,33.0,20.1
107013,LA_UNION,1996,03,11,0.0,33.3,18.2
107013,LA_UNION,1996,03,12,0.0,33.2,20.4
107013,LA_UNION,1996,03,13,0.0,34.4,21.3
107013,LA_UNION,1996,03,14,0.0,31.2,22.1
107013,LA_UNION,1996,03,15,0.0,31.1,19.2
107013,LA_UNION,1996,03,16,58.1,28.2,19.8
107013,LA_UNION,1996,03,17,0.0,31.3,20.2
107013,LA_UNION,1996,03,18,28.7,29.3,19.3
107013,LA_UNION,1996,03,19,0.0,32.3,18.0
107013,LA_UNION,1996,03,20,0.0,29.4,20.1
107013,LA_UNION,1996,03,21,0.0,32.2,19.2
107013,LA_UNION,1996,03,22,2.4,30.0,18.0
107013,LA_UNION,1996,03,23,24.7,31.2,19.2
107013,LA_UNION,1996,03,24,6.5,31.3,19.3
107013,LA_UNION,1996,03,25,0.0,33.0,19.3
107013,LA_UNION,1996,03,26,0.0,34.4,20.2
107013,LA_UNION,1996,03,27,0.0,32.2,18.4
107013,LA_UNION,1996,03,28,0.0,31.1,18.4
107013,LA_UNION,1996,03,29,0.0,31.3,20.3
107013,LA_UNION,1996,03,30,4.6,33.1,20.2
107013,LA_UNION,1996,03,31,0.0,33.3,21.1
107013,LA_UNION,1996,04,01,0.0,32.2,21.0
107013,LA_UNION,1996,04,02,0.0,33.2,20.3
107013,LA_UNION,1996,04,03,0.0,-999,20.1
107013,LA_UNION,1996,04,04,-888,-999,19.3
107013,LA_UNION,1996,04,05,3.5,-999,19.2
107013,LA_UNION,1996,04,06,-888,34.1,18.0
107013,LA_UNION,1996,04,07,2.5,34.0,19.2
107013,LA_UNION,1996,04,08,0.0,30.1,21.0
107013,LA_UNION,1996,04,09,5.5,33.3,20.3
107013,LA_UNION,1996,04,10,6.3,-999,21.2
107013,LA_UNION,1996,04,11,-888,-999,21.0
107013,LA_UNION,1996,04,12,0.0,-999,21.2
107013,LA_UNION,1996,04,13,0.0,36.1,22.1
107013,LA_UNION,1996,04,14,0.0,33.3,20.1
107013,LA_UNION,1996,04,15,0.0,35.0,21.1
107013,LA_UNION,1996,04,16,0.0,32.1,21.0
107013,LA_UNION,1996,04,17,-888,-999,19.2
107013,LA_UNION,1996,04,18,5.8,-999,20.1
107013,LA_UNION,1996,04,19,0.0,27.3,19.1
107013,LA_UNION,1996,04,20,0.0,32.0,18.0
107013,LA_UNION,1996,04,21,0.0,32.2,18.2
107013,LA_UNION,1996,04,22,0.0,33.3,18.1
107013,LA_UNION,1996,04,23,0.0,35.0,18.4
107013,LA_UNION,1996,04,24,11.7,33.1,19.1
107013,LA_UNION,1996,04,25,9.4,32.1,18.4
107013,LA_UNION,1996,04,26,2.8,28.0,19.3
107013,LA_UNION,1996,04,27,12.3,29.4,19.3
107013,LA_UNION,1996,04,28,-888,29.0,18.3
107013,LA_UNION,1996,04,29,8.2,26.0,22.1
107013,LA_UNION,1996,04,30,7.1,28.3,20.3
107013,LA_UNION,1996,05,01,0.0,34.4,-999
107013,LA_UNION,1996,05,02,-888,31.0,-999
107013,LA_UNION,1996,05,03,0.0,31.1,-999
107013,LA_UNION,1996,05,04,0.0,30.2,19.2
107013,LA_UNION,1996,05,05,0.0,31.2,19.2
107013,LA_UNION,1996,05,06,0.0,31.1,18.0
107013,LA_UNION,1996,05,07,0.0,32.2,19.2
107013,LA_UNION,1996,05,08,10.0,33.3,19.2
107013,LA_UNION,1996,05,09,0.0,30.2,21.0
107013,LA_UNION,1996,05,10,0.0,30.0,20.2
107013,LA_UNION,1996,05,11,2.4,29.1,18.4
107013,LA_UNION,1996,05,12,0.0,31.3,18.3
107013,LA_UNION,1996,05,13,0.0,33.0,18.1
107013,LA_UNION,1996,05,14,2.2,30.0,18.2
107013,LA_UNION,1996,05,15,0.0,32.2,18.4
107013,LA_UNION,1996,05,16,0.0,33.1,19.3
107013,LA_UNION,1996,05,17,0.0,32.2,19.1
107013,LA_UNION,1996,05,18,0.0,33.4,18.4
107013,LA_UNION,1996,05,19,0.0,33.3,19.2
107013,LA_UNION,1996,05,20,0.0,30.1,20.2
107013,LA_UNION,1996,05,21,11.5,-999,20.2
107013,LA_UNION,1996,05,22,0.0,-999,18.4
107013,LA_UNION,1996,05,23,0.0,32.1,18.2
107013,LA_UNION,1996,05,24,0.0,33.1,19.3
107013,LA_UNION,1996,05,25,0.0,32.3,18.4
107013,LA_UNION,1996,05,26,0.0,-999,19.1
107013,LA_UNION,1996,05,27,5.3,-999,19.2
107013,LA_UNION,1996,05,28,0.0,-999,19.3
107013,LA_UNION,1996,05,29,0.0,34.2,19.2
107013,LA_UNION,1996,05,30,0.0,34.1,18.4
107013,LA_UNION,1996,05,31,6.1,33.0,19.2
107013,LA_UNION,1996,06,01,0.0,-999,20.3
107013,LA_UNION,1996,06,02,9.4,-999,19.2
107013,LA_UNION,1996,06,03,2.8,28.4,20.1
107013,LA_UNION,1996,06,04,0.0,29.4,19.3
107013,LA_UNION,1996,06,05,0.0,31.1,17.3
107013,LA_UNION,1996,06,06,0.0,33.3,17.0
107013,LA_UNION,1996,06,07,0.0,33.3,16.4
107013,LA_UNION,1996,06,08,0.0,34.0,18.0
107013,LA_UNION,1996,06,09,0.0,33.0,18.0
107013,LA_UNION,1996,06,10,0.0,34.1,18.1
107013,LA_UNION,1996,06,11,0.0,33.1,18.1
107013,LA_UNION,1996,06,12,0.0,34.4,15.4
107013,LA_UNION,1996,06,13,0.0,32.3,16.2
107013,LA_UNION,1996,06,14,0.0,35.1,18.4
107013,LA_UNION,1996,06,15,0.0,35.0,18.2
107013,LA_UNION,1996,06,16,0.0,33.2,18.1
107013,LA_UNION,1996,06,17,0.0,30.2,20.1
107013,LA_UNION,1996,06,18,0.0,34.4,19.2
107013,LA_UNION,1996,06,19,0.0,33.3,17.0
107013,LA_UNION,1996,06,20,0.0,32.2,19.3
107013,LA_UNION,1996,06,21,7.7,31.1,19.0
107013,LA_UNION,1996,06,22,0.0,-999,19.3
107013,LA_UNION,1996,06,23,0.0,-999,20.2
107013,LA_UNION,1996,06,24,0.0,35.0,18.2
107013,LA_UNION,1996,06,25,0.0,35.0,19.0
107013,LA_UNION,1996,06,26,0.0,31.1,20.0
107013,LA_UNION,1996,06,27,0.0,34.2,19.1
107013,LA_UNION,1996,06,28,0.0,-999,20.2
107013,LA_UNION,1996,06,29,0.0,-999,17.1
107013,LA_UNION,1996,06,30,0.0,25.3,15.4
107013,LA_UNION,1996,07,01,0.0,32.3,16.3
107013,LA_UNION,1996,07,02,0.0,35.2,18.2
107013,LA_UNION,1996,07,03,0.0,34.2,15.3
107013,LA_UNION,1996,07,04,0.0,34.1,15.1
107013,LA_UNION,1996,07,05,0.0,35.1,16.2
107013,LA_UNION,1996,07,06,0.0,36.2,16.3
107013,LA_UNION,1996,07,07,0.0,36.0,16.3
107013,LA_UNION,1996,07,08,-888,35.1,17.4
107013,LA_UNION,1996,07,09,6.5,34.2,19.0
107013,LA_UNION,1996,07,10,0.0,34.2,20.0
107013,LA_UNION,1996,07,11,4.2,30.1,18.2
107013,LA_UNION,1996,07,12,0.0,31.2,15.4
107013,LA_UNION,1996,07,13,0.0,34.2,15.2
107013,LA_UNION,1996,07,14,0.0,34.2,13.1
107013,LA_UNION,1996,07,15,0.0,33.4,16.3
107013,LA_UNION,1996,07,16,0.0,34.1,15.2
107013,LA_UNION,1996,07,17,0.0,35.1,16.3
107013,LA_UNION,1996,07,18,0.0,35.2,16.3
107013,LA_UNION,1996,07,19,0.0,33.3,17.4
107013,LA_UNION,1996,07,20,0.0,35.4,17.2
107013,LA_UNION,1996,07,21,-888,33.1,16.0
107013,LA_UNION,1996,07,22,6.1,-999,17.2
107013,LA_UNION,1996,07,23,0.0,-999,17.1
107013,LA_UNION,1996,07,24,0.0,32.2,15.1
107013,LA_UNION,1996,07,25,0.0,34.3,17.4
107013,LA_UNION,1996,07,26,0.0,35.2,18.2
107013,LA_UNION,1996,07,27,0.0,34.2,18.1
107013,LA_UNION,1996,07,28,4.0,32.0,19.1
107013,LA_UNION,1996,07,29,3.6,30.0,19.3
107013,LA_UNION,1996,07,30,0.0,31.2,17.4
107013,LA_UNION,1996,07,31,0.0,32.0,18.2
107013,LA_UNION,1996,08,01,0.0,33.4,17.0
107013,LA_UNION,1996,08,02,0.0,35.0,17.1
107013,LA_UNION,1996,08,03,-888,33.2,17.3
107013,LA_UNION,1996,08,04,2.3,32.2,18.2
107013,LA_UNION,1996,08,05,0.0,30.0,18.1
107013,LA_UNION,1996,08,06,0.0,32.0,18.1
107013,LA_UNION,1996,08,07,-888,29.2,18.0
107013,LA_UNION,1996,08,08,0.0,29.1,17.3
107013,LA_UNION,1996,08,09,0.0,33.1,17.4
107013,LA_UNION,1996,08,10,3.5,35.2,16.4
107013,LA_UNION,1996,08,11,0.0,-999,16.1
107013,LA_UNION,1996,08,12,0.0,-999,17.1
107013,LA_UNION,1996,08,13,-888,-999,16.4
107013,LA_UNION,1996,08,14,0.0,36.0,17.1
107013,LA_UNION,1996,08,15,-888,35.1,16.4
107013,LA_UNION,1996,08,16,17.9,-999,16.1
107013,LA_UNION,1996,08,17,19.3,-999,17.2
107013,LA_UNION,1996,08,18,29.6,-999,18.2
107013,LA_UNION,1996,08,19,0.0,29.1,18.0
107013,LA_UNION,1996,08,20,0.0,32.2,17.1
107013,LA_UNION,1996,08,21,0.0,32.3,17.1
107013,LA_UNION,1996,08,22,0.0,33.4,17.4
107013,LA_UNION,1996,08,23,0.0,33.1,18.3
107013,LA_UNION,1996,08,24,0.0,34.1,19.3
107013,LA_UNION,1996,08,25,0.0,35.3,17.4
107013,LA_UNION,1996,08,26,0.0,36.3,16.3
107013,LA_UNION,1996,08,27,0.0,-999,18.2
107013,LA_UNION,1996,08,28,-888,-999,19.3
107013,LA_UNION,1996,08,29,3.3,28.4,18.3
107013,LA_UNION,1996,08,30,0.0,32.2,19.2
107013,LA_UNION,1996,08,31,0.0,34.3,17.1
107013,LA_UNION,1996,09,01,0.0,35.2,17.4
107013,LA_UNION,1996,09,02,0.0,35.0,17.2
107013,LA_UNION,1996,09,03,0.0,36.1,18.3
107013,LA_UNION,1996,09,04,0.0,36.3,17.0
107013,LA_UNION,1996,09,05,0.0,37.1,17.3
107013,LA_UNION,1996,09,06,26.7,35.3,17.3
107013,LA_UNION,1996,09,07,0.0,31.3,19.4
107013,LA_UNION,1996,09,08,0.0,35.1,16.4
107013,LA_UNION,1996,09,09,2.2,36.4,18.2
107013,LA_UNION,1996,09,10,0.0,-999,18.3
107013,LA_UNION,1996,09,11,0.0,-999,18.0
107013,LA_UNION,1996,09,12,0.0,-999,17.0
107013,LA_UNION,1996,09,13,0.0,36.3,17.3
107013,LA_UNION,1996,09,14,0.0,35.4,17.1
107013,LA_UNION,1996,09,15,5.4,-999,18.3
107013,LA_UNION,1996,09,16,0.0,-999,19.4
107013,LA_UNION,1996,09,17,0.0,-999,19.0
107013,LA_UNION,1996,09,18,0.0,33.0,18.0
107013,LA_UNION,1996,09,19,-888,35.1,18.0
107013,LA_UNION,1996,09,20,7.4,31.2,19.2
107013,LA_UNION,1996,09,21,0.0,34.1,18.1
107013,LA_UNION,1996,09,22,0.0,35.4,19.0
107013,LA_UNION,1996,09,23,10.5,37.0,19.0
107013,LA_UNION,1996,09,24,0.0,-999,19.1
107013,LA_UNION,1996,09,25,51.1,28.3,20.2
107013,LA_UNION,1996,09,26,-888,30.2,18.3
107013,LA_UNION,1996,09,27,2.6,30.0,18.1
107013,LA_UNION,1996,09,28,0.0,34.1,19.0
107013,LA_UNION,1996,09,29,-888,29.3,19.3
107013,LA_UNION,1996,09,30,15.2,25.3,17.3
107013,LA_UNION,1996,10,01,0.0,32.1,20.1
107013,LA_UNION,1996,10,02,0.0,35.3,17.0
107013,LA_UNION,1996,10,03,0.0,35.1,19.0
107013,LA_UNION,1996,10,04,0.0,34.1,19.1
107013,LA_UNION,1996,10,05,0.0,35.2,18.4
107013,LA_UNION,1996,10,06,9.7,31.3,20.2
107013,LA_UNION,1996,10,07,0.0,32.3,18.3
107013,LA_UNION,1996,10,08,0.0,33.1,19.2
107013,LA_UNION,1996,10,09,0.0,34.1,19.2
107013,LA_UNION,1996,10,10,0.0,36.2,19.3
107013,LA_UNION,1996,10,11,13.0,-999,20.1
107013,LA_UNION,1996,10,12,0.0,-999,21.3
107013,LA_UNION,1996,10,13,-888,-999,20.2
107013,LA_UNION,1996,10,14,-888,-999,20.3
107013,LA_UNION,1996,10,15,0.0,-999,19.1
107013,LA_UNION,1996,10,16,0.0,-999,19.0
107013,LA_UNION,1996,10,17,0.0,35.4,17.3
107013,LA_UNION,1996,10,18,0.0,35.3,18.1
107013,LA_UNION,1996,10,19,0.0,37.1,18.3
107013,LA_UNION,1996,10,20,20.5,34.4,19.3
107013,LA_UNION,1996,10,21,17.0,33.1,19.0
107013,LA_UNION,1996,10,22,26.4,31.2,19.2
107013,LA_UNION,1996,10,23,5.4,-999,21.0
107013,LA_UNION,1996,10,24,0.0,-999,19.2
107013,LA_UNION,1996,10,25,0.0,34.1,19.2
107013,LA_UNION,1996,10,26,0.0,34.4,18.2
107013,LA_UNION,1996,10,27,-888,34.1,20.0
107013,LA_UNION,1996,10,28,0.0,33.3,21.4
107013,LA_UNION,1996,10,29,27.6,29.1,21.0
107013,LA_UNION,1996,10,30,5.7,31.0,20.2
107013,LA_UNION,1996,10,31,0.0,31.4,19.4
107013,LA_UNION,1996,11,01,0.0,32.2,19.1
107013,LA_UNION,1996,11,02,0.0,33.3,20.0
107013,LA_UNION,1996,11,03,0.0,35.2,19.0
107013,LA_UNION,1996,11,04,0.0,-999,20.1
107013,LA_UNION,1996,11,05,20.1,-999,19.4
107013,LA_UNION,1996,11,06,0.0,-999,19.1
107013,LA_UNION,1996,11,07,5.5,33.2,20.0
107013,LA_UNION,1996,11,08,0.0,34.0,19.2
107013,LA_UNION,1996,11,09,-888,34.4,19.4
107013,LA_UNION,1996,11,10,0.0,31.3,19.0
107013,LA_UNION,1996,11,11,0.0,34.1,19.2
107013,LA_UNION,1996,11,12,0.0,31.4,19.3
107013,LA_UNION,1996,11,13,0.0,35.3,18.1
107013,LA_UNION,1996,11,14,0.0,36.4,19.4
107013,LA_UNION,1996,11,15,0.0,36.2,19.0
107013,LA_UNION,1996,11,16,0.0,33.2,19.1
107013,LA_UNION,1996,11,17,0.0,36.2,20.0
107013,LA_UNION,1996,11,18,0.0,-999,21.2
107013,LA_UNION,1996,11,19,0.0,-999,18.1
107013,LA_UNION,1996,11,20,-888,29.2,20.1
107013,LA_UNION,1996,11,21,0.0,-999,18.4
107013,LA_UNION,1996,11,22,0.0,-999,18.3
107013,LA_UNION,1996,11,23,0.0,36.3,20.0
107013,LA_UNION,1996,11,24,17.7,-999,20.3
107013,LA_UNION,1996,11,25,0.0,-999,19.0
107013,LA_UNION,1996,11,26,0.0,-999,19.0
107013,LA_UNION,1996,11,27,0.0,35.0,18.1
107013,LA_UNION,1996,11,28,0.0,33.2,20.0
107013,LA_UNION,1996,11,29,3.0,35.0,19.1
107013,LA_UNION,1996,11,30,0.0,35.2,19.2
107013,LA_UNION,1996,12,01,0.0,-999,19.2
107013,LA_UNION,1996,12,02,0.0,-999,19.1
107013,LA_UNION,1996,12,03,0.0,-999,19.1
107013,LA_UNION,1996,12,04,50.8,-999,21.2
107013,LA_UNION,1996,12,05,2.9,-999,19.0
107013,LA_UNION,1996,12,06,0.0,31.3,19.3
107013,LA_UNION,1996,12,07,11.3,33.3,18.4
107013,LA_UNION,1996,12,08,0.0,34.1,19.2
107013,LA_UNION,1996,12,09,2.3,-999,19.2
107013,LA_UNION,1996,12,10,4.2,-999,20.2
107013,LA_UNION,1996,12,11,0.0,-999,19.3
107013,LA_UNION,1996,12,12,0.0,36.1,18.1
107013,LA_UNION,1996,12,13,0.0,-999,18.3
107013,LA_UNION,1996,12,14,20.0,-999,19.0
107013,LA_UNION,1996,12,15,0.0,29.1,20.1
107013,LA_UNION,1996,12,16,-888,31.3,19.4
107013,LA_UNION,1996,12,17,0.0,32.2,19.4
107013,LA_UNION,1996,12,18,0.0,33.1,18.2
107013,LA_UNION,1996,12,19,-888,33.1,19.2
107013,LA_UNION,1996,12,20,0.0,30.2,20.0
107013,LA_UNION,1996,12,21,0.0,34.0,19.0
107013,LA_UNION,1996,12,22,0.0,35.1,19.1
107013,LA_UNION,1996,12,23,0.0,35.0,17.0
107013,LA_UNION,1996,12,24,0.0,35.1,18.0
107013,LA_UNION,1996,12,25,0.0,34.3,20.2
107013,LA_UNION,1996,12,26,0.0,34.1,19.0
107013,LA_UNION,1996,12,27,0.0,35.1,18.0
107013,LA_UNION,1996,12,28,0.0,34.4,18.3
107013,LA_UNION,1996,12,29,0.0,35.2,19.0
107013,LA_UNION,1996,12,30,0.0,35.2,21.0
107013,LA_UNION,1996,12,31,0.0,35.4,20.2
107013,LA_UNION,1997,01,01,0.0,36.4,19.0
107013,LA_UNION,1997,01,02,0.0,35.4,19.2
107013,LA_UNION,1997,01,03,0.0,33.1,20.1
107013,LA_UNION,1997,01,04,9.5,-999,21.0
107013,LA_UNION,1997,01,05,0.0,-999,20.1
107013,LA_UNION,1997,01,06,0.0,36.0,20.3
107013,LA_UNION,1997,01,07,0.0,35.2,22.1
107013,LA_UNION,1997,01,08,0.0,31.3,20.3
107013,LA_UNION,1997,01,09,0.0,34.4,20.3
107013,LA_UNION,1997,01,10,2.7,35.1,20.4
107013,LA_UNION,1997,01,11,0.0,31.1,20.2
107013,LA_UNION,1997,01,12,2.3,32.0,19.3
107013,LA_UNION,1997,01,13,0.0,35.0,-999
107013,LA_UNION,1997,01,14,0.0,35.1,-999
107013,LA_UNION,1997,01,15,0.0,34.2,-999
107013,LA_UNION,1997,01,16,0.0,34.1,20.3
107013,LA_UNION,1997,01,17,0.0,36.3,20.0
107013,LA_UNION,1997,01,18,0.0,35.3,20.0
107013,LA_UNION,1997,01,19,0.0,36.4,19.3
107013,LA_UNION,1997,01,20,0.0,35.1,20.4
107013,LA_UNION,1997,01,21,0.0,37.1,21.0
107013,LA_UNION,1997,01,22,0.0,37.1,22.1
107013,LA_UNION,1997,01,23,0.0,34.1,21.4
107013,LA_UNION,1997,01,24,0.0,35.2,20.2
107013,LA_UNION,1997,01,25,0.0,34.1,19.1
107013,LA_UNION,1997,01,26,6.3,-999,19.3
107013,LA_UNION,1997,01,27,6.1,-999,20.0
107013,LA_UNION,1997,01,28,0.0,35.2,19.1
107013,LA_UNION,1997,01,29,0.0,36.1,18.0
107013,LA_UNION,1997,01,30,0.0,35.2,18.4
107013,LA_UNION,1997,01,31,0.0,36.2,19.3
107013,LA_UNION,1997,02,01,0.0,37.2,20.3
107013,LA_UNION,1997,02,02,0.0,36.2,20.4
107013,LA_UNION,1997,02,03,0.0,36.3,20.3
107013,LA_UNION,1997,02,04,-888,32.1,19.2
107013,LA_UNION,1997,02,05,-888,30.2,21.1
107013,LA_UNION,1997,02,06,0.0,34.1,18.3
107013,LA_UNION,1997,02,07,5.8,34.2,19.2
107013,LA_UNION,1997,02,08,9.6,31.2,18.3
107013,LA_UNION,1997,02,09,0.0,35.1,19.0
107013,LA_UNION,1997,02,10,46.6,32.2,20.3
107013,LA_UNION,1997,02,11,4.3,28.2,19.2
107013,LA_UNION,1997,02,12,0.0,32.1,19.2
107013,LA_UNION,1997,02,13,3.5,31.2,20.1
107013,LA_UNION,1997,02,14,-888,35.0,18.3
107013,LA_UNION,1997,02,15,3.5,33.1,20.3
107013,LA_UNION,1997,02,16,3.3,-999,20.2
107013,LA_UNION,1997,02,17,0.0,-999,19.4
107013,LA_UNION,1997,02,18,6.5,34.0,19.0
107013,LA_UNION,1997,02,19,4.8,33.0,19.3
107013,LA_UNION,1997,02,20,0.0,33.0,18.1
107013,LA_UNION,1997,02,21,9.5,33.1,21.1
107013,LA_UNION,1997,02,22,10.0,28.2,20.3
107013,LA_UNION,1997,02,23,18.0,28.1,20.3
107013,LA_UNION,1997,02,24,16.4,31.3,18.3
107013,LA_UNION,1997,02,25,3.7,30.2,19.3
107013,LA_UNION,1997,02,26,5.4,-999,18.1
107013,LA_UNION,1997,02,27,23.1,-999,19.2
107013,LA_UNION,1997,02,28,0.0,30.4,20.2
107013,LA_UNION,1997,03,01,0.0,34.1,19.3
107013,LA_UNION,1997,03,02,0.0,30.1,18.3
107013,LA_UNION,1997,03,03,0.0,32.2,18.3
107013,LA_UNION,1997,03,04,0.0,32.2,19.2
107013,LA_UNION,1997,03,05,0.0,30.4,19.1
107013,LA_UNION,1997,03,06,0.0,29.0,20.0
107013,LA_UNION,1997,03,07,0.0,33.2,19.4
107013,LA_UNION,1997,03,08,-888,30.3,20.3
107013,LA_UNION,1997,03,09,16.1,27.4,18.3
107013,LA_UNION,1997,03,10,-888,32.2,20.0
107013,LA_UNION,1997,03,11,2.1,31.1,20.3
107013,LA_UNION,1997,03,12,3.3,32.1,18.3
107013,LA_UNION,1997,03,13,0.0,33.0,19.1
107013,LA_UNION,1997,03,14,0.0,33.2,18.2
107013,LA_UNION,1997,03,15,3.6,-999,20.2
107013,LA_UNION,1997,03,16,18.1,-999,20.2
107013,LA_UNION,1997,03,17,5.4,32.2,19.0
107013,LA_UNION,1997,03,18,0.0,32.1,19.3
107013,LA_UNION,1997,03,19,0.0,31.3,20.1
107013,LA_UNION,1997,03,20,3.6,-999,19.0
107013,LA_UNION,1997,03,21,0.0,-999,18.2
107013,LA_UNION,1997,03,22,0.0,33.2,18.4
107013,LA_UNION,1997,03,23,0.0,31.3,20.2
107013,LA_UNION,1997,03,24,0.0,-999,20.3
107013,LA_UNION,1997,03,25,0.0,-999,19.3
107013,LA_UNION,1997,03,26,0.0,35.2,19.2
107013,LA_UNION,1997,03,27,0.0,33.2,20.2
107013,LA_UNION,1997,03,28,-888,31.2,19.3
107013,LA_UNION,1997,03,29,2.6,29.3,20.4
107013,LA_UNION,1997,03,30,0.0,34.2,18.3
107013,LA_UNION,1997,03,31,0.0,35.0,18.4
107013,LA_UNION,1997,04,01,0.0,33.4,19.4
107013,LA_UNION,1997,04,02,0.0,36.1,19.3
107013,LA_UNION,1997,04,03,-888,32.0,19.2
107013,LA_UNION,1997,04,04,0.0,32.1,19.1
107013,LA_UNION,1997,04,05,0.0,34.2,19.0
107013,LA_UNION,1997,04,06,-888,30.3,18.4
107013,LA_UNION,1997,04,07,-888,29.1,18.2
107013,LA_UNION,1997,04,08,0.0,32.1,18.0
107013,LA_UNION,1997,04,09,11.7,33.3,17.3
107013,LA_UNION,1997,04,10,-888,30.2,19.1
107013,LA_UNION,1997,04,11,0.0,32.3,20.2
107013,LA_UNION,1997,04,12,2.4,28.2,19.4
107013,LA_UNION,1997,04,13,0.0,32.4,19.3
107013,LA_UNION,1997,04,14,6.4,33.4,21.3
107013,LA_UNION,1997,04,15,0.0,35.1,18.3
107013,LA_UNION,1997,04,16,0.0,31.2,20.2
107013,LA_UNION,1997,04,17,0.0,35.1,19.0
107013,LA_UNION,1997,04,18,14.0,31.0,19.2
107013,LA_UNION,1997,04,19,0.0,31.3,19.4
107013,LA_UNION,1997,04,20,0.0,35.0,20.4
107013,LA_UNION,1997,04,21,0.0,33.4,18.0
107013,LA_UNION,1997,04,22,0.0,36.1,18.3
107013,LA_UNION,1997,04,23,0.0,34.2,19.2
107013,LA_UNION,1997,04,24,-888,33.3,19.3
107013,LA_UNION,1997,04,25,0.0,35.2,20.0
107013,LA_UNION,1997,04,26,25.3,34.2,19.3
107013,LA_UNION,1997,04,27,0.0,29.2,18.2
107013,LA_UNION,1997,04,28,-888,28.3,20.3
107013,LA_UNION,1997,04,29,24.4,32.1,20.2
107013,LA_UNION,1997,04,30,0.0,32.3,19.4
107013,LA_UNION,1997,05,01,14.4,-999,20.0
107013,LA_UNION,1997,05,02,16.2,-999,19.2
107013,LA_UNION,1997,05,03,5.0,30.4,18.4
107013,LA_UNION,1997,05,04,7.8,28.1,20.3
107013,LA_UNION,1997,05,05,0.0,31.2,19.2
107013,LA_UNION,1997,05,06,0.0,31.4,19.4
107013,LA_UNION,1997,05,07,-888,30.1,18.0
107013,LA_UNION,1997,05,08,0.0,30.2,18.3
107013,LA_UNION,1997,05,09,-888,29.1,20.3
107013,LA_UNION,1997,05,10,0.0,31.2,18.1
107013,LA_UNION,1997,05,11,0.0,32.1,20.2
107013,LA_UNION,1997,05,12,0.0,32.1,18.2
107013,LA_UNION,1997,05,13,9.9,31.0,19.3
107013,LA_UNION,1997,05,14,5.8,31.2,19.3
107013,LA_UNION,1997,05,15,0.0,33.1,19.2
107013,LA_UNION,1997,05,16,0.0,33.4,18.4
107013,LA_UNION,1997,05,17,0.0,31.1,18.3
107013,LA_UNION,1997,05,18,3.2,29.3,18.1
107013,LA_UNION,1997,05,19,-888,31.2,18.0
107013,LA_UNION,1997,05,20,27.8,31.4,19.2
107013,LA_UNION,1997,05,21,0.0,33.1,19.3
107013,LA_UNION,1997,05,22,0.0,34.2,18.1
107013,LA_UNION,1997,05,23,2.2,-999,18.3
107013,LA_UNION,1997,05,24,59.2,-999,20.0
107013,LA_UNION,1997,05,25,0.0,31.1,20.3
107013,LA_UNION,1997,05,26,3.0,31.2,19.2
107013,LA_UNION,1997,05,27,0.0,32.1,19.4
107013,LA_UNION,1997,05,28,0.0,32.0,18.1
107013,LA_UNION,1997,05,29,0.0,33.2,18.2
107013,LA_UNION,1997,05,30,0.0,34.3,17.2
107013,LA_UNION,1997,05,31,0.0,32.1,18.3
107013,LA_UNION,1997,06,01,0.0,32.4,18.2
107013,LA_UNION,1997,06,02,0.0,33.1,19.1
107013,LA_UNION,1997,06,03,0.0,34.3,19.1
107013,LA_UNION,1997,06,04,0.0,32.3,19.2
107013,LA_UNION,1997,06,05,0.0,33.4,18.1
107013,LA_UNION,1997,06,06,0.0,34.2,20.1
107013,LA_UNION,1997,06,07,0.0,32.3,18.2
107013,LA_UNION,1997,06,08,0.0,32.2,19.3
107013,LA_UNION,1997,06,09,0.0,32.2,17.4
107013,LA_UNION,1997,06,10,0.0,33.2,19.2
107013,LA_UNION,1997,06,11,0.0,33.3,18.1
107013,LA_UNION,1997,06,12,0.0,33.3,20.1
107013,LA_UNION,1997,06,13,0.0,33.2,18.0
107013,LA_UNION,1997,06,14,0.0,33.4,18.4
107013,LA_UNION,1997,06,15,0.0,34.4,18.3
107013,LA_UNION,1997,06,16,0.0,-999,18.1
107013,LA_UNION,1997,06,17,0.0,-999,19.4
107013,LA_UNION,1997,06,18,0.0,31.2,18.1
107013,LA_UNION,1997,06,19,-888,31.3,19.4
107013,LA_UNION,1997,06,20,0.0,33.2,20.2
107013,LA_UNION,1997,06,21,0.0,33.2,19.2
107013,LA_UNION,1997,06,22,0.0,35.2,19.2
107013,LA_UNION,1997,06,23,0.0,34.2,16.1
107013,LA_UNION,1997,06,24,0.0,34.4,18.3
107013,LA_UNION,1997,06,25,0.0,35.3,19.1
107013,LA_UNION,1997,06,26,0.0,35.3,19.3
107013,LA_UNION,1997,06,27,0.0,35.4,19.3
107013,LA_UNION,1997,06,28,2.9,35.1,18.0
107013,LA_UNION,1997,06,29,0.0,34.4,18.2
107013,LA_UNION,1997,06,30,0.0,33.4,18.3
107013,LA_UNION,1997,07,01,10.5,31.4,19.3
107013,LA_UNION,1997,07,02,0.0,34.3,18.0
107013,LA_UNION,1997,07,03,0.0,35.2,17.3
107013,LA_UNION,1997,07,04,0.0,-999,17.2
107013,LA_UNION,1997,07,05,12.0,-999,18.3
107013,LA_UNION,1997,07,06,0.0,31.3,19.4
107013,LA_UNION,1997,07,07,0.0,34.1,18.2
107013,LA_UNION,1997,07,08,0.0,31.1,18.3
107013,LA_UNION,1997,07,09,0.0,33.2,17.3
107013,LA_UNION,1997,07,10,0.0,35.3,18.2
107013,LA_UNION,1997,07,11,0.0,35.0,18.2
107013,LA_UNION,1997,07,12,0.0,33.2,18.4
107013,LA_UNION,1997,07,13,0.0,36.2,18.0
107013,LA_UNION,1997,07,14,0.0,34.2,17.0
107013,LA_UNION,1997,07,15,0.0,35.3,16.4
107013,LA_UNION,1997,07,16,0.0,36.0,17.3
107013,LA_UNION,1997,07,17,0.0,36.2,18.0
107013,LA_UNION,1997,07,18,7.0,35.4,18.4
107013,LA_UNION,1997,07,19,0.0,-999,17.1
107013,LA_UNION,1997,07,20,26.6,-999,18.4
107013,LA_UNION,1997,07,21,-888,28.4,20.0
107013,LA_UNION,1997,07,22,0.0,33.1,19.3
107013,LA_UNION,1997,07,23,0.0,34.2,17.4
107013,LA_UNION,1997,07,24,0.0,33.2,19.0
107013,LA_UNION,1997,07,25,0.0,34.3,18.1
107013,LA_UNION,1997,07,26,0.0,32.3,17.4
107013,LA_UNION,1997,07,27,0.0,34.1,17.1
107013,LA_UNION,1997,07,28,0.0,35.4,17.3
107013,LA_UNION,1997,07,29,0.0,35.2,17.4
107013,LA_UNION,1997,07,30,0.0,35.3,17.0
107013,LA_UNION,1997,07,31,0.0,36.0,18.2
107013,LA_UNION,1997,08,01,0.0,32.3,19.4
107013,LA_UNION,1997,08,02,0.0,32.0,19.2
107013,LA_UNION,1997,08,03,0.0,36.0,20.2
107013,LA_UNION,1997,08,04,8.6,35.2,19.2
107013,LA_UNION,1997,08,05,0.0,30.3,19.3
107013,LA_UNION,1997,08,06,-888,28.2,19.2
107013,LA_UNION,1997,08,07,17.4,24.1,20.2
107013,LA_UNION,1997,08,08,9.8,24.2,19.4
107013,LA_UNION,1997,08,09,0.0,27.1,19.0
107013,LA_UNION,1997,08,10,0.0,30.2,16.4
107013,LA_UNION,1997,08,11,0.0,31.3,16.0
107013,LA_UNION,1997,08,12,0.0,32.1,16.2
107013,LA_UNION,1997,08,13,0.0,33.2,17.0
107013,LA_UNION,1997,08,14,0.0,34.1,19.0
107013,LA_UNION,1997,08,15,0.0,34.3,19.2
107013,LA_UNION,1997,08,16,0.0,35.3,17.2
107013,LA_UNION,1997,08,17,-888,34.3,18.0
107013,LA_UNION,1997,08,18,0.0,35.1,17.0
107013,LA_UNION,1997,08,19,0.0,35.4,17.3
107013,LA_UNION,1997,08,20,0.0,33.1,20.3
107013,LA_UNION,1997,08,21,0.0,31.2,21.0
107013,LA_UNION,1997,08,22,0.0,36.1,18.2
107013,LA_UNION,1997,08,23,0.0,36.3,17.4
107013,LA_UNION,1997,08,24,0.0,34.3,19.0
107013,LA_UNION,1997,08,25,0.0,36.2,19.2
107013,LA_UNION,1997,08,26,-888,33.2,20.2
107013,LA_UNION,1997,08,27,2.6,30.4,19.3
107013,LA_UNION,1997,08,28,0.0,34.2,17.2
107013,LA_UNION,1997,08,29,0.0,30.4,18.3
107013,LA_UNION,1997,08,30,0.0,34.2,17.1
107013,LA_UNION,1997,08,31,0.0,36.1,16.3
107013,LA_UNION,1997,09,01,0.0,33.2,18.2
107013,LA_UNION,1997,09,02,0.0,35.4,19.2
107013,LA_UNION,1997,09,03,0.0,37.2,19.2
107013,LA_UNION,1997,09,04,0.0,37.4,19.3
107013,LA_UNION,1997,09,05,0.0,38.4,18.3
107013,LA_UNION,1997,09,06,0.0,35.3,17.3
107013,LA_UNION,1997,09,07,0.0,37.2,18.3
107013,LA_UNION,1997,09,08,0.0,-999,18.4
107013,LA_UNION,1997,09,09,0.0,-999,18.1
107013,LA_UNION,1997,09,10,0.0,-999,20.3
107013,LA_UNION,1997,09,11,-888,-999,20.1
107013,LA_UNION,1997,09,12,0.0,33.0,18.3
107013,LA_UNION,1997,09,13,0.0,36.2,18.0
107013,LA_UNION,1997,09,14,-888,36.1,17.4
107013,LA_UNION,1997,09,15,8.2,-999,18.2
107013,LA_UNION,1997,09,16,0.0,-999,19.3
107013,LA_UNION,1997,09,17,0.0,35.1,20.0
107013,LA_UNION,1997,09,18,0.0,38.1,18.4
107013,LA_UNION,1997,09,19,-888,39.2,18.3
107013,LA_UNION,1997,09,20,0.0,38.4,18.3
107013,LA_UNION,1997,09,21,0.0,38.4,19.2
107013,LA_UNION,1997,09,22,11.1,37.4,21.3
107013,LA_UNION,1997,09,23,0.0,33.1,21.0
107013,LA_UNION,1997,09,24,-888,35.4,21.1
107013,LA_UNION,1997,09,25,0.0,34.3,21.1
107013,LA_UNION,1997,09,26,23.8,29.4,22.2
107013,LA_UNION,1997,09,27,3.3,29.3,20.3
107013,LA_UNION,1997,09,28,0.0,31.4,20.2
107013,LA_UNION,1997,09,29,0.0,35.3,20.3
107013,LA_UNION,1997,09,30,12.6,36.2,20.2
107013,LA_UNION,1997,10,01,0.0,35.3,19.4
107013,LA_UNION,1997,10,02,-888,35.0,20.2
107013,LA_UNION,1997,10,03,0.0,35.3,21.0
107013,LA_UNION,1997,10,04,0.0,38.1,19.3
107013,LA_UNION,1997,10,05,11.0,38.3,20.2
107013,LA_UNION,1997,10,06,0.0,34.2,21.2
107013,LA_UNION,1997,10,07,0.0,34.3,21.3
107013,LA_UNION,1997,10,08,0.0,36.1,19.3
107013,LA_UNION,1997,10,09,0.0,37.1,20.1
107013,LA_UNION,1997,10,10,0.0,38.4,20.0
107013,LA_UNION,1997,10,11,0.0,38.1,20.0
107013,LA_UNION,1997,10,12,0.0,36.2,21.3
107013,LA_UNION,1997,10,13,0.0,33.3,21.2
107013,LA_UNION,1997,10,14,0.0,35.0,22.3
107013,LA_UNION,1997,10,15,0.0,-999,21.1
107013,LA_UNION,1997,10,16,0.0,-999,22.2
107013,LA_UNION,1997,10,17,0.0,-999,20.4
107013,LA_UNION,1997,10,18,-888,-999,22.0
107013,LA_UNION,1997,10,19,0.0,-999,21.0
107013,LA_UNION,1997,10,20,0.0,-999,21.1
107013,LA_UNION,1997,10,21,4.3,38.4,20.0
107013,LA_UNION,1997,10,22,0.0,35.1,21.3
107013,LA_UNION,1997,10,23,0.0,35.1,21.3
107013,LA_UNION,1997,10,24,0.0,37.4,20.1
107013,LA_UNION,1997,10,25,0.0,38.1,22.1
107013,LA_UNION,1997,10,26,0.0,38.9,21.4
107013,LA_UNION,1997,10,27,0.0,38.1,20.4
107013,LA_UNION,1997,10,28,8.8,38.1,22.2
107013,LA_UNION,1997,10,29,-888,36.1,23.1
107013,LA_UNION,1997,10,30,0.0,35.4,21.3
107013,LA_UNION,1997,10,31,0.0,37.1,22.1
107013,LA_UNION,1997,11,01,55.3,35.1,23.0
107013,LA_UNION,1997,11,02,0.0,32.1,21.3
107013,LA_UNION,1997,11,03,0.0,32.3,21.1
107013,LA_UNION,1997,11,04,0.0,33.2,19.2
107013,LA_UNION,1997,11,05,0.0,34.1,21.3
107013,LA_UNION,1997,11,06,2.6,33.2,23.0
107013,LA_UNION,1997,11,07,-888,-999,22.2
107013,LA_UNION,1997,11,08,0.0,-999,20.3
107013,LA_UNION,1997,11,09,0.0,36.3,20.2
107013,LA_UNION,1997,11,10,0.0,37.1,20.3
107013,LA_UNION,1997,11,11,0.0,37.0,20.3
107013,LA_UNION,1997,11,12,0.0,37.1,19.3
107013,LA_UNION,1997,11,13,0.0,37.3,24.0
107013,LA_UNION,1997,11,14,0.0,38.2,23.2
107013,LA_UNION,1997,11,15,0.0,33.2,23.0
107013,LA_UNION,1997,11,16,0.0,36.1,20.0
107013,LA_UNION,1997,11,17,0.0,37.2,21.4
107013,LA_UNION,1997,11,18,0.0,36.2,21.0
107013,LA_UNION,1997,11,19,0.0,35.1,23.1
107013,LA_UNION,1997,11,20,2.1,37.2,21.4
107013,LA_UNION,1997,11,21,0.0,37.3,21.0
107013,LA_UNION,1997,11,22,0.0,37.3,21.3
107013,LA_UNION,1997,11,23,0.0,36.1,22.3
107013,LA_UNION,1997,11,24,2.3,32.2,23.0
107013,LA_UNION,1997,11,25,0.0,36.2,21.0
107013,LA_UNION,1997,11,26,0.0,38.2,22.1
107013,LA_UNION,1997,11,27,-888,37.3,22.0
107013,LA_UNION,1997,11,28,5.1,33.0,22.0
107013,LA_UNION,1997,11,29,0.0,36.4,19.4
107013,LA_UNION,1997,11,30,0.0,36.1,21.3
107013,LA_UNION,1997,12,01,0.0,38.2,23.0
107013,LA_UNION,1997,12,02,0.0,33.2,21.0
107013,LA_UNION,1997,12,03,16.0,36.2,21.3
107013,LA_UNION,1997,12,04,0.0,38.9,21.4
107013,LA_UNION,1997,12,05,0.0,34.2,21.2
107013,LA_UNION,1997,12,06,0.0,34.4,21.0
107013,LA_UNION,1997,12,07,0.0,33.1,21.4
107013,LA_UNION,1997,12,08,18.8,33.2,20.2
107013,LA_UNION,1997,12,09,4.0,33.0,22.4
107013,LA_UNION,1997,12,10,0.0,33.3,21.2
107013,LA_UNION,1997,12,11,0.0,37.0,20.2
107013,LA_UNION,1997,12,12,0.0,37.2,21.2
107013,LA_UNION,1997,12,13,0.0,36.2,21.2
107013,LA_UNION,1997,12,14,0.0,36.1,21.3
107013,LA_UNION,1997,12,15,0.0,32.3,21.2
107013,LA_UNION,1997,12,16,0.0,36.0,21.1
107013,LA_UNION,1997,12,17,0.0,37.3,23.0
107013,LA_UNION,1997,12,18,0.0,35.2,23.0
107013,LA_UNION,1997,12,19,0.0,34.3,20.1
107013,LA_UNION,1997,12,20,0.0,35.4,21.1
107013,LA_UNION,1997,12,21,0.0,35.2,21.0
107013,LA_UNION,1997,12,22,0.0,34.2,20.1
107013,LA_UNION,1997,12,23,0.0,35.2,22.2
107013,LA_UNION,1997,12,24,0.0,34.0,21.3
107013,LA_UNION,1997,12,25,45.0,32.3,20.3
107013,LA_UNION,1997,12,26,0.0,34.4,22.2
107013,LA_UNION,1997,12,27,0.0,37.0,21.4
107013,LA_UNION,1997,12,28,0.0,36.1,22.0
107013,LA_UNION,1997,12,29,0.0,36.1,21.4
107013,LA_UNION,1997,12,30,0.0,36.4,20.1
107013,LA_UNION,1997,12,31,0.0,36.1,22.2
107013,LA_UNION,1998,01,01,0.0,36.2,19.3
107013,LA_UNION,1998,01,02,5.0,32.0,21.2
107013,LA_UNION,1998,01,03,0.0,35.1,21.2
107013,LA_UNION,1998,01,04,0.0,35.3,21.1
107013,LA_UNION,1998,01,05,0.0,37.0,22.0
107013,LA_UNION,1998,01,06,0.0,37.1,21.4
107013,LA_UNION,1998,01,07,0.0,-999,21.2
107013,LA_UNION,1998,01,08,0.0,-999,22.0
107013,LA_UNION,1998,01,09,0.0,-999,21.0
107013,LA_UNION,1998,01,10,0.0,37.0,22.1
107013,LA_UNION,1998,01,11,0.0,36.3,22.0
107013,LA_UNION,1998,01,12,3.8,37.4,21.0
107013,LA_UNION,1998,01,13,0.0,35.3,22.2
107013,LA_UNION,1998,01,14,0.0,34.4,21.3
107013,LA_UNION,1998,01,15,0.0,38.1,21.2
107013,LA_UNION,1998,01,16,0.0,36.3,21.1
107013,LA_UNION,1998,01,17,6.4,33.3,23.2
107013,LA_UNION,1998,01,18,0.0,35.1,22.3
107013,LA_UNION,1998,01,19,0.0,36.2,22.1
107013,LA_UNION,1998,01,20,-888,34.3,22.3
107013,LA_UNION,1998,01,21,4.9,35.4,-999
107013,LA_UNION,1998,01,22,-888,36.4,-999
107013,LA_UNION,1998,01,23,0.0,35.2,-999
107013,LA_UNION,1998,01,24,0.0,37.3,21.3
107013,LA_UNION,1998,01,25,0.0,36.3,22.0
107013,LA_UNION,1998,01,26,0.0,34.2,22.0
107013,LA_UNION,1998,01,27,9.3,36.4,22.1
107013,LA_UNION,1998,01,28,0.0,32.3,21.2
107013,LA_UNION,1998,01,29,4.2,35.0,22.1
107013,LA_UNION,1998,01,30,0.0,38.2,22.1
107013,LA_UNION,1998,01,31,0.0,38.1,21.4
107013,LA_UNION,1998,02,01,0.0,38.1,21.2
107013,LA_UNION,1998,02,02,0.0,37.4,22.2
107013,LA_UNION,1998,02,03,-888,36.2,22.1
107013,LA_UNION,1998,02,04,0.0,36.1,22.0
107013,LA_UNION,1998,02,05,0.0,37.3,21.3
107013,LA_UNION,1998,02,06,-888,33.2,22.4
107013,LA_UNION,1998,02,07,0.0,34.3,22.0
107013,LA_UNION,1998,02,08,0.0,-999,23.3
107013,LA_UNION,1998,02,09,9.1,-999,23.0
107013,LA_UNION,1998,02,10,0.0,-999,23.0
107013,LA_UNION,1998,02,11,23.8,-999,23.1
107013,LA_UNION,1998,02,12,53.0,-999,23.0
107013,LA_UNION,1998,02,13,0.0,-999,22.2
107013,LA_UNION,1998,02,14,0.0,35.0,22.0
107013,LA_UNION,1998,02,15,0.0,35.0,21.4
107013,LA_UNION,1998,02,16,0.0,36.2,23.0
107013,LA_UNION,1998,02,17,0.0,35.3,22.4
107013,LA_UNION,1998,02,18,0.0,33.2,22.1
107013,LA_UNION,1998,02,19,0.0,36.2,21.4
107013,LA_UNION,1998,02,20,0.0,32.3,23.4
107013,LA_UNION,1998,02,21,0.0,35.2,21.4
107013,LA_UNION,1998,02,22,0.0,35.4,21.0
107013,LA_UNION,1998,02,23,0.0,31.2,22.4
107013,LA_UNION,1998,02,24,0.0,36.1,21.1
107013,LA_UNION,1998,02,25,0.0,36.4,21.3
107013,LA_UNION,1998,02,26,0.0,34.0,22.0
107013,LA_UNION,1998,02,27,2.1,35.2,22.3
107013,LA_UNION,1998,02,28,0.0,36.2,23.1
107013,LA_UNION,1998,03,01,0.0,34.4,21.2
107013,LA_UNION,1998,03,02,6.5,32.1,23.0
107013,LA_UNION,1998,03,03,0.0,34.2,23.0
107013,LA_UNION,1998,03,04,0.0,34.2,22.3
107013,LA_UNION,1998,03,05,0.0,32.2,23.0
107013,LA_UNION,1998,03,06,-888,34.0,22.4
107013,LA_UNION,1998,03,07,0.0,35.3,23.4
107013,LA_UNION,1998,03,08,0.0,35.1,21.4
107013,LA_UNION,1998,03,09,0.0,35.4,20.1
107013,LA_UNION,1998,03,10,0.0,37.2,21.4
107013,LA_UNION,1998,03,11,0.0,36.3,21.3
107013,LA_UNION,1998,03,12,-888,33.1,23.1
107013,LA_UNION,1998,03,13,-888,33.0,22.2
107013,LA_UNION,1998,03,14,0.0,35.1,23.0
107013,LA_UNION,1998,03,15,0.0,32.1,20.3
107013,LA_UNION,1998,03,16,0.0,32.3,22.4
107013,LA_UNION,1998,03,17,0.0,33.3,21.1
107013,LA_UNION,1998,03,18,0.0,36.4,23.4
107013,LA_UNION,1998,03,19,25.0,-999,23.4
107013,LA_UNION,1998,03,20,6.0,-999,22.2
107013,LA_UNION,1998,03,21,0.0,35.4,22.3
107013,LA_UNION,1998,03,22,0.0,34.3,22.1
107013,LA_UNION,1998,03,23,0.0,34.3,22.3
107013,LA_UNION,1998,03,24,0.0,36.0,22.1
107013,LA_UNION,1998,03,25,0.0,35.4,23.1
107013,LA_UNION,1998,03,26,0.0,33.4,22.2
107013,LA_UNION,1998,03,27,0.0,34.4,22.2
107013,LA_UNION,1998,03,28,21.8,34.3,21.0
107013,LA_UNION,1998,03,29,0.0,33.1,22.0
107013,LA_UNION,1998,03,30,0.0,33.0,22.1
107013,LA_UNION,1998,03,31,13.8,34.0,22.2
107013,LA_UNION,1998,04,01,34.1,30.0,20.0
107013,LA_UNION,1998,04,02,6.9,30.2,22.1
107013,LA_UNION,1998,04,03,7.0,30.2,22.0
107013,LA_UNION,1998,04,04,-888,30.1,22.1
107013,LA_UNION,1998,04,05,0.0,33.3,20.2
107013,LA_UNION,1998,04,06,0.0,34.4,20.2
107013,LA_UNION,1998,04,07,10.0,-999,21.3
107013,LA_UNION,1998,04,08,6.4,-999,20.0
107013,LA_UNION,1998,04,09,0.0,32.1,20.0
107013,LA_UNION,1998,04,10,0.0,33.2,22.3
107013,LA_UNION,1998,04,11,0.0,35.1,21.3
107013,LA_UNION,1998,04,12,-888,32.1,23.0
107013,LA_UNION,1998,04,13,0.0,34.4,21.3
107013,LA_UNION,1998,04,14,0.0,33.3,22.3
107013,LA_UNION,1998,04,15,0.0,34.1,21.4
107013,LA_UNION,1998,04,16,0.0,35.3,20.4
107013,LA_UNION,1998,04,17,0.0,-999,22.3
107013,LA_UNION,1998,04,18,0.0,-999,23.0
107013,LA_UNION,1998,04,19,0.0,33.1,21.1
107013,LA_UNION,1998,04,20,0.0,34.4,20.2
107013,LA_UNION,1998,04,21,0.0,34.2,21.4
107013,LA_UNION,1998,04,22,3.2,33.2,20.4
107013,LA_UNION,1998,04,23,0.0,35.0,22.3
107013,LA_UNION,1998,04,24,0.0,34.4,20.4
107013,LA_UNION,1998,04,25,0.0,36.0,22.3
107013,LA_UNION,1998,04,26,0.0,36.1,22.1
107013,LA_UNION,1998,04,27,0.0,34.1,20.2
107013,LA_UNION,1998,04,28,0.0,36.1,22.1
107013,LA_UNION,1998,04,29,0.0,-999,21.4
107013,LA_UNION,1998,04,30,-888,-999,21.3
107013,LA_UNION,1998,05,01,0.0,34.0,22.3
107013,LA_UNION,1998,05,02,0.0,34.0,22.0
107013,LA_UNION,1998,05,03,0.0,35.4,21.4
107013,LA_UNION,1998,05,04,0.0,35.0,21.0
107013,LA_UNION,1998,05,05,45.4,31.3,22.2
107013,LA_UNION,1998,05,06,-888,30.4,22.0
107013,LA_UNION,1998,05,07,0.0,33.2,21.0
107013,LA_UNION,1998,05,08,0.0,35.3,20.0
107013,LA_UNION,1998,05,09,0.0,34.3,21.2
107013,LA_UNION,1998,05,10,0.0,35.0,20.3
107013,LA_UNION,1998,05,11,0.0,34.2,21.0
107013,LA_UNION,1998,05,12,4.9,-999,21.4
107013,LA_UNION,1998,05,13,10.0,-999,22.0
107013,LA_UNION,1998,05,14,0.0,-999,20.1
107013,LA_UNION,1998,05,15,-888,34.3,20.3
107013,LA_UNION,1998,05,16,-888,-999,21.2
107013,LA_UNION,1998,05,17,-888,-999,19.2
107013,LA_UNION,1998,05,18,0.0,-999,17.3
107013,LA_UNION,1998,05,19,0.0,32.2,15.2
107013,LA_UNION,1998,05,20,0.0,32.2,16.1
107013,LA_UNION,1998,05,21,0.0,32.0,16.4
107013,LA_UNION,1998,05,22,0.0,34.2,18.2
107013,LA_UNION,1998,05,23,0.0,35.0,18.0
107013,LA_UNION,1998,05,24,0.0,35.3,18.4
107013,LA_UNION,1998,05,25,0.0,35.3,18.4
107013,LA_UNION,1998,05,26,0.0,35.0,17.3
107013,LA_UNION,1998,05,27,2.1,33.2,22.2
107013,LA_UNION,1998,05,28,0.0,32.3,21.0
107013,LA_UNION,1998,05,29,0.0,34.4,21.1
107013,LA_UNION,1998,05,30,0.0,35.3,21.0
107013,LA_UNION,1998,05,31,-888,30.3,22.0
107013,LA_UNION,1998,06,01,0.0,33.2,17.1
107013,LA_UNION,1998,06,02,0.0,32.0,17.1
107013,LA_UNION,1998,06,03,0.0,31.3,20.2
107013,LA_UNION,1998,06,04,0.0,33.3,17.1
107013,LA_UNION,1998,06,05,0.0,34.0,17.1
107013,LA_UNION,1998,06,06,0.0,34.4,19.2
107013,LA_UNION,1998,06,07,0.0,33.2,19.0
107013,LA_UNION,1998,06,08,0.0,34.2,21.3
107013,LA_UNION,1998,06,09,0.0,34.2,18.1
107013,LA_UNION,1998,06,10,0.0,36.1,19.3
107013,LA_UNION,1998,06,11,0.0,35.3,19.2
107013,LA_UNION,1998,06,12,26.4,32.2,19.3
107013,LA_UNION,1998,06,13,4.1,28.3,21.1
107013,LA_UNION,1998,06,14,0.0,32.1,21.0
107013,LA_UNION,1998,06,15,0.0,33.1,19.0
107013,LA_UNION,1998,06,16,0.0,33.0,18.1
107013,LA_UNION,1998,06,17,0.0,-999,20.1
107013,LA_UNION,1998,06,18,0.0,-999,18.2
107013,LA_UNION,1998,06,19,0.0,-999,19.3
107013,LA_UNION,1998,06,20,-888,34.0,19.4
107013,LA_UNION,1998,06,21,11.0,30.0,20.1
107013,LA_UNION,1998,06,22,0.0,-999,20.4
107013,LA_UNION,1998,06,23,0.0,-999,-999
107013,LA_UNION,1998,06,24,38.2,-999,-999
107013,LA_UNION,1998,06,25,34.3,-999,-999
107013,LA_UNION,1998,06,26,0.0,29.3,17.2
107013,LA_UNION,1998,06,27,0.0,31.0,17.2
107013,LA_UNION,1998,06,28,0.0,32.3,17.3
107013,LA_UNION,1998,06,29,0.0,34.3,16.4
107013,LA_UNION,1998,06,30,0.0,32.3,17.3
107013,LA_UNION,1998,07,01,0.0,33.1,17.4
107013,LA_UNION,1998,07,02,0.0,32.3,18.3
107013,LA_UNION,1998,07,03,0.0,33.1,19.2
107013,LA_UNION,1998,07,04,0.0,33.3,19.4
107013,LA_UNION,1998,07,05,0.0,33.2,21.0
107013,LA_UNION,1998,07,06,0.0,34.2,19.0
107013,LA_UNION,1998,07,07,0.0,34.1,18.2
107013,LA_UNION,1998,07,08,0.0,34.3,19.0
107013,LA_UNION,1998,07,09,0.0,34.2,18.2
107013,LA_UNION,1998,07,10,45.5,31.4,20.1
107013,LA_UNION,1998,07,11,0.0,29.1,19.1
107013,LA_UNION,1998,07,12,0.0,31.2,16.3
107013,LA_UNION,1998,07,13,0.0,32.3,17.1
107013,LA_UNION,1998,07,14,0.0,33.1,16.1
107013,LA_UNION,1998,07,15,0.0,33.0,16.4
107013,LA_UNION,1998,07,16,0.0,33.2,15.4
107013,LA_UNION,1998,07,17,0.0,33.0,19.4
107013,LA_UNION,1998,07,18,0.0,34.0,19.1
107013,LA_UNION,1998,07,19,0.0,34.0,20.0
107013,LA_UNION,1998,07,20,2.8,32.3,18.0
107013,LA_UNION,1998,07,21,0.0,33.2,18.1
107013,LA_UNION,1998,07,22,0.0,33.0,19.0
107013,LA_UNION,1998,07,23,2.8,34.3,19.4
107013,LA_UNION,1998,07,24,0.0,34.3,19.2
107013,LA_UNION,1998,07,25,0.0,34.2,19.2
107013,LA_UNION,1998,07,26,0.0,33.3,18.3
107013,LA_UNION,1998,07,27,6.2,35.0,19.0
107013,LA_UNION,1998,07,28,-888,30.3,19.0
107013,LA_UNION,1998,07,29,0.0,33.3,18.4
107013,LA_UNION,1998,07,30,6.4,29.3,19.3
107013,LA_UNION,1998,07,31,0.0,34.0,18.4
107013,LA_UNION,1998,08,01,0.0,34.0,19.0
107013,LA_UNION,1998,08,02,0.0,35.4,18.1
107013,LA_UNION,1998,08,03,0.0,35.0,19.1
107013,LA_UNION,1998,08,04,0.0,36.3,17.2
107013,LA_UNION,1998,08,05,0.0,36.0,17.4
107013,LA_UNION,1998,08,06,0.0,37.0,19.0
107013,LA_UNION,1998,08,07,0.0,36.3,19.3
107013,LA_UNION,1998,08,08,0.0,37.1,18.1
107013,LA_UNION,1998,08,09,0.0,36.4,19.1
107013,LA_UNION,1998,08,10,0.0,37.3,19.0
107013,LA_UNION,1998,08,11,13.3,35.3,19.1
107013,LA_UNION,1998,08,12,0.0,35.1,19.0
107013,LA_UNION,1998,08,13,0.0,36.4,18.0
107013,LA_UNION,1998,08,14,0.0,37.1,18.2
107013,LA_UNION,1998,08,15,0.0,37.1,19.4
107013,LA_UNION,1998,08,16,0.0,36.2,19.4
107013,LA_UNION,1998,08,17,0.0,37.2,19.3
107013,LA_UNION,1998,08,18,0.0,37.2,19.1
107013,LA_UNION,1998,08,19,0.0,38.1,19.1
107013,LA_UNION,1998,08,20,-888,-999,19.0
107013,LA_UNION,1998,08,21,11.5,-999,19.3
107013,LA_UNION,1998,08,22,-888,-999,19.3
107013,LA_UNION,1998,08,23,0.0,32.3,21.0
107013,LA_UNION,1998,08,24,0.0,33.3,17.4
107013,LA_UNION,1998,08,25,0.0,36.3,18.1
107013,LA_UNION,1998,08,26,0.0,35.3,20.1
107013,LA_UNION,1998,08,27,14.1,33.3,21.4
107013,LA_UNION,1998,08,28,0.0,30.3,21.1
107013,LA_UNION,1998,08,29,0.0,34.1,20.1
107013,LA_UNION,1998,08,30,0.0,31.3,21.0
107013,LA_UNION,1998,08,31,0.0,33.4,18.1
107013,LA_UNION,1998,09,01,0.0,35.3,17.1
107013,LA_UNION,1998,09,02,0.0,35.3,17.2
107013,LA_UNION,1998,09,03,0.0,36.1,18.1
107013,LA_UNION,1998,09,04,0.0,35.2,18.3
107013,LA_UNION,1998,09,05,0.0,36.2,17.2
107013,LA_UNION,1998,09,06,0.0,37.2,18.0
107013,LA_UNION,1998,09,07,0.0,39.2,18.3
107013,LA_UNION,1998,09,08,12.5,38.3,19.0
107013,LA_UNION,1998,09,09,2.0,-999,21.1
107013,LA_UNION,1998,09,10,45.5,26.3,20.4
107013,LA_UNION,1998,09,11,0.0,32.0,20.1
107013,LA_UNION,1998,09,12,0.0,35.2,20.0
107013,LA_UNION,1998,09,13,0.0,-999,19.0
107013,LA_UNION,1998,09,14,40.7,28.3,19.4
107013,LA_UNION,1998,09,15,0.0,28.4,20.1
107013,LA_UNION,1998,09,16,0.0,32.3,19.2
107013,LA_UNION,1998,09,17,0.0,34.3,19.1
107013,LA_UNION,1998,09,18,0.0,35.3,19.0
107013,LA_UNION,1998,09,19,2.4,-999,19.1
107013,LA_UNION,1998,09,20,6.3,-999,20.2
107013,LA_UNION,1998,09,21,0.0,29.3,19.1
107013,LA_UNION,1998,09,22,0.0,31.3,16.3
107013,LA_UNION,1998,09,23,0.0,34.4,17.2
107013,LA_UNION,1998,09,24,0.0,34.3,18.3
107013,LA_UNION,1998,09,25,0.0,35.4,19.0
107013,LA_UNION,1998,09,26,0.0,35.2,18.1
107013,LA_UNION,1998,09,27,0.0,37.1,19.2
107013,LA_UNION,1998,09,28,0.0,-999,19.1
107013,LA_UNION,1998,09,29,3.6,-999,21.0
107013,LA_UNION,1998,09,30,5.1,31.0,20.0
107013,LA_UNION,1998,10,01,0.0,35.0,20.1
107013,LA_UNION,1998,10,02,0.0,36.2,19.3
107013,LA_UNION,1998,10,03,0.0,37.1,20.2
107013,LA_UNION,1998,10,04,0.0,38.1,19.3
107013,LA_UNION,1998,10,05,0.0,37.0,18.2
107013,LA_UNION,1998,10,06,0.0,39.0,18.3
107013,LA_UNION,1998,10,07,-888,35.0,19.4
107013,LA_UNION,1998,10,08,4.2,35.1,20.3
107013,LA_UNION,1998,10,09,40.4,34.3,20.2
107013,LA_UNION,1998,10,10,0.0,33.2,20.2
107013,LA_UNION,1998,10,11,0.0,35.3,19.3
107013,LA_UNION,1998,10,12,0.0,36.1,20.0
107013,LA_UNION,1998,10,13,0.0,37.1,21.0
107013,LA_UNION,1998,10,14,-888,32.3,20.2
107013,LA_UNION,1998,10,15,-888,31.3,20.3
107013,LA_UNION,1998,10,16,0.0,35.1,20.2
107013,LA_UNION,1998,10,17,0.0,37.2,21.2
107013,LA_UNION,1998,10,18,8.0,-999,18.4
107013,LA_UNION,1998,10,19,5.8,-999,20.0
107013,LA_UNION,1998,10,20,-888,31.3,20.4
107013,LA_UNION,1998,10,21,40.0,32.2,21.3
107013,LA_UNION,1998,10,22,0.0,32.0,21.0
107013,LA_UNION,1998,10,23,9.2,32.0,21.0
107013,LA_UNION,1998,10,24,2.3,30.2,22.1
107013,LA_UNION,1998,10,25,0.0,32.1,22.0
107013,LA_UNION,1998,10,26,0.0,34.2,23.0
107013,LA_UNION,1998,10,27,-888,32.2,20.3
107013,LA_UNION,1998,10,28,-888,-999,20.2
107013,LA_UNION,1998,10,29,8.4,-999,21.3
107013,LA_UNION,1998,10,30,0.0,33.3,21.1
107013,LA_UNION,1998,10,31,13.0,33.2,21.1
107013,LA_UNION,1998,11,01,-888,32.4,21.3
107013,LA_UNION,1998,11,02,0.0,36.0,21.2
107013,LA_UNION,1998,11,03,-888,35.0,21.3
107013,LA_UNION,1998,11,04,0.0,36.1,21.2
107013,LA_UNION,1998,11,05,12.0,-999,21.2
107013,LA_UNION,1998,11,06,0.0,-999,21.3
107013,LA_UNION,1998,11,07,0.0,34.2,21.1
107013,LA_UNION,1998,11,08,0.0,35.3,20.3
107013,LA_UNION,1998,11,09,0.0,37.0,20.1
107013,LA_UNION,1998,11,10,0.0,36.4,19.4
107013,LA_UNION,1998,11,11,0.0,36.3,20.3
107013,LA_UNION,1998,11,12,-888,36.3,21.2
107013,LA_UNION,1998,11,13,3.6,36.1,21.2
107013,LA_UNION,1998,11,14,0.0,34.0,20.3
107013,LA_UNION,1998,11,15,10.0,31.2,20.3
107013,LA_UNION,1998,11,16,14.0,28.2,21.3
107013,LA_UNION,1998,11,17,0.0,32.3,20.1
107013,LA_UNION,1998,11,18,12.5,-999,21.3
107013,LA_UNION,1998,11,19,2.2,-999,21.1
107013,LA_UNION,1998,11,20,0.0,34.0,19.4
107013,LA_UNION,1998,11,21,0.0,-999,20.2
107013,LA_UNION,1998,11,22,-888,-999,22.3
107013,LA_UNION,1998,11,23,0.0,32.0,21.4
107013,LA_UNION,1998,11,24,0.0,35.0,20.0
107013,LA_UNION,1998,11,25,0.0,35.2,21.3
107013,LA_UNION,1998,11,26,0.0,34.3,22.3
107013,LA_UNION,1998,11,27,0.0,32.4,23.0
107013,LA_UNION,1998,11,28,0.0,36.3,23.0
107013,LA_UNION,1998,11,29,0.0,36.3,21.2
107013,LA_UNION,1998,11,30,0.0,36.2,22.0
107013,LA_UNION,1998,12,01,0.0,36.2,21.0
107013,LA_UNION,1998,12,02,0.0,37.2,22.1
107013,LA_UNION,1998,12,03,0.0,37.2,21.3
107013,LA_UNION,1998,12,04,0.0,34.4,21.1
107013,LA_UNION,1998,12,05,20.4,35.2,22.1
107013,LA_UNION,1998,12,06,2.2,30.2,21.3
107013,LA_UNION,1998,12,07,2.5,-999,20.2
107013,LA_UNION,1998,12,08,0.0,-999,22.0
107013,LA_UNION,1998,12,09,0.0,-999,23.0
107013,LA_UNION,1998,12,10,0.0,33.2,22.2
107013,LA_UNION,1998,12,11,0.0,33.0,22.1
107013,LA_UNION,1998,12,12,0.0,36.3,20.0
107013,LA_UNION,1998,12,13,0.0,35.2,22.2
107013,LA_UNION,1998,12,14,16.0,-999,21.3
107013,LA_UNION,1998,12,15,19.5,-999,21.1
107013,LA_UNION,1998,12,16,0.0,-999,21.2
107013,LA_UNION,1998,12,17,0.0,35.2,20.1
107013,LA_UNION,1998,12,18,0.0,34.1,20.0
107013,LA_UNION,1998,12,19,0.0,35.4,20.3
107013,LA_UNION,1998,12,20,0.0,36.1,21.3
107013,LA_UNION,1998,12,21,0.0,35.3,21.3
107013,LA_UNION,1998,12,22,0.0,-999,23.0
107013,LA_UNION,1998,12,23,15.5,-999,20.0
107013,LA_UNION,1998,12,24,0.0,-999,19.2
107013,LA_UNION,1998,12,25,0.0,31.1,18.0
107013,LA_UNION,1998,12,26,6.7,34.3,18.3
107013,LA_UNION,1998,12,27,0.0,34.3,20.2
107013,LA_UNION,1998,12,28,0.0,32.4,21.2
107013,LA_UNION,1998,12,29,12.0,35.2,20.2
107013,LA_UNION,1998,12,30,0.0,36.1,20.4
107013,LA_UNION,1998,12,31,0.0,35.2,20.3
107013,LA_UNION,1999,01,01,0.0,34.3,20.3
107013,LA_UNION,1999,01,02,0.0,36.3,21.3
107013,LA_UNION,1999,01,03,0.0,35.3,18.0
107013,LA_UNION,1999,01,04,0.0,33.3,20.3
107013,LA_UNION,1999,01,05,0.0,35.0,21.4
107013,LA_UNION,1999,01,06,0.0,36.0,22.4
107013,LA_UNION,1999,01,07,0.0,32.3,-999
107013,LA_UNION,1999,01,08,0.0,37.3,-999
107013,LA_UNION,1999,01,09,0.0,35.3,-999
107013,LA_UNION,1999,01,10,0.0,31.1,23.0
107013,LA_UNION,1999,01,11,3.4,31.0,21.0
107013,LA_UNION,1999,01,12,2.7,33.4,21.0
107013,LA_UNION,1999,01,13,12.4,33.3,20.2
107013,LA_UNION,1999,01,14,0.0,30.3,20.2
107013,LA_UNION,1999,01,15,0.0,29.3,21.1
107013,LA_UNION,1999,01,16,0.0,31.4,20.1
107013,LA_UNION,1999,01,17,0.0,34.1,20.0
107013,LA_UNION,1999,01,18,0.0,31.4,19.4
107013,LA_UNION,1999,01,19,9.9,33.4,20.0
107013,LA_UNION,1999,01,20,0.0,32.0,20.3
107013,LA_UNION,1999,01,21,-888,30.0,20.2
107013,LA_UNION,1999,01,22,17.8,30.4,21.3
107013,LA_UNION,1999,01,23,25.8,-999,21.1
107013,LA_UNION,1999,01,24,0.0,-999,19.2
107013,LA_UNION,1999,01,25,24.3,30.2,21.4
107013,LA_UNION,1999,01,26,15.3,29.3,21.3
107013,LA_UNION,1999,01,27,0.0,32.1,20.3
107013,LA_UNION,1999,01,28,0.0,33.3,20.0
107013,LA_UNION,1999,01,29,-888,32.2,20.3
107013,LA_UNION,1999,01,30,-888,31.0,21.3
107013,LA_UNION,1999,01,31,0.0,32.2,19.0
107013,LA_UNION,1999,02,01,0.0,34.1,20.1
107013,LA_UNION,1999,02,02,21.5,32.0,20.0
107013,LA_UNION,1999,02,03,15.7,31.4,21.3
107013,LA_UNION,1999,02,04,0.0,31.2,20.0
107013,LA_UNION,1999,02,05,-888,31.2,19.3
107013,LA_UNION,1999,02,06,0.0,29.3,20.2
107013,LA_UNION,1999,02,07,0.0,31.0,20.4
107013,LA_UNION,1999,02,08,0.0,31.0,20.1
107013,LA_UNION,1999,02,09,-888,32.0,20.2
107013,LA_UNION,1999,02,10,-888,30.1,21.4
107013,LA_UNION,1999,02,11,0.0,30.2,21.0
107013,LA_UNION,1999,02,12,0.0,32.1,21.3
107013,LA_UNION,1999,02,13,0.0,33.2,21.2
107013,LA_UNION,1999,02,14,8.5,32.1,22.1
107013,LA_UNION,1999,02,15,-888,29.1,22.1
107013,LA_UNION,1999,02,16,4.4,34.0,21.1
107013,LA_UNION,1999,02,17,55.0,29.0,21.0
107013,LA_UNION,1999,02,18,0.0,30.2,20.2
107013,LA_UNION,1999,02,19,42.4,28.2,21.3
107013,LA_UNION,1999,02,20,10.8,30.3,21.0
107013,LA_UNION,1999,02,21,-888,30.2,21.0
107013,LA_UNION,1999,02,22,2.1,31.1,21.3
107013,LA_UNION,1999,02,23,0.0,28.3,21.2
107013,LA_UNION,1999,02,24,0.0,29.4,21.0
107013,LA_UNION,1999,02,25,0.0,32.1,21.1
107013,LA_UNION,1999,02,26,0.0,33.3,20.0
107013,LA_UNION,1999,02,27,0.0,31.4,19.4
107013,LA_UNION,1999,02,28,0.0,32.4,22.1
107013,LA_UNION,1999,03,01,2.2,33.0,18.4
107013,LA_UNION,1999,03,02,-888,30.1,20.2
107013,LA_UNION,1999,03,03,0.0,28.0,22.3
107013,LA_UNION,1999,03,04,0.0,32.4,20.3
107013,LA_UNION,1999,03,05,0.0,33.1,21.2
107013,LA_UNION,1999,03,06,0.0,34.0,18.4
107013,LA_UNION,1999,03,07,0.0,34.3,17.3
107013,LA_UNION,1999,03,08,0.0,33.3,18.2
107013,LA_UNION,1999,03,09,0.0,34.2,20.2
107013,LA_UNION,1999,03,10,0.0,30.3,22.0
107013,LA_UNION,1999,03,11,0.0,30.4,21.0
107013,LA_UNION,1999,03,12,21.0,-999,20.4
107013,LA_UNION,1999,03,13,0.0,-999,20.3
107013,LA_UNION,1999,03,14,0.0,32.2,23.0
107013,LA_UNION,1999,03,15,0.0,32.2,19.4
107013,LA_UNION,1999,03,16,0.0,33.2,21.3
107013,LA_UNION,1999,03,17,0.0,32.0,21.2
107013,LA_UNION,1999,03,18,0.0,34.1,19.0
107013,LA_UNION,1999,03,19,0.0,33.4,19.4
107013,LA_UNION,1999,03,20,4.8,31.3,20.2
107013,LA_UNION,1999,03,21,0.0,30.1,22.4
107013,LA_UNION,1999,03,22,0.0,32.3,21.0
107013,LA_UNION,1999,03,23,2.0,33.2,19.3
107013,LA_UNION,1999,03,24,0.0,34.1,21.0
107013,LA_UNION,1999,03,25,0.0,-999,21.3
107013,LA_UNION,1999,03,26,2.4,-999,20.4
107013,LA_UNION,1999,03,27,0.0,30.3,21.1
107013,LA_UNION,1999,03,28,0.0,32.1,20.0
107013,LA_UNION,1999,03,29,0.0,34.4,19.3
107013,LA_UNION,1999,03,30,4.4,36.0,20.0
107013,LA_UNION,1999,03,31,4.8,31.1,20.3
107013,LA_UNION,1999,04,01,7.0,32.2,21.3
107013,LA_UNION,1999,04,02,0.0,31.3,20.2
107013,LA_UNION,1999,04,03,0.0,33.2,21.3
107013,LA_UNION,1999,04,04,34.6,29.2,19.3
107013,LA_UNION,1999,04,05,0.0,28.4,19.1
107013,LA_UNION,1999,04,06,21.8,30.3,19.2
107013,LA_UNION,1999,04,07,0.0,30.2,19.2
107013,LA_UNION,1999,04,08,3.5,33.0,20.2
107013,LA_UNION,1999,04,09,3.0,29.3,20.2
107013,LA_UNION,1999,04,10,4.5,29.1,20.3
107013,LA_UNION,1999,04,11,0.0,29.3,21.2
107013,LA_UNION,1999,04,12,0.0,30.0,21.1
107013,LA_UNION,1999,04,13,0.0,29.2,21.3
107013,LA_UNION,1999,04,14,0.0,-999,21.4
107013,LA_UNION,1999,04,15,11.0,-999,22.0
107013,LA_UNION,1999,04,16,3.2,29.3,20.1
107013,LA_UNION,1999,04,17,12.6,29.3,21.2
107013,LA_UNION,1999,04,18,4.8,-999,17.0
107013,LA_UNION,1999,04,19,0.0,-999,18.1
107013,LA_UNION,1999,04,20,0.0,31.1,18.2
107013,LA_UNION,1999,04,21,0.0,32.2,19.0
107013,LA_UNION,1999,04,22,0.0,33.2,19.3
107013,LA_UNION,1999,04,23,2.0,31.2,20.3
107013,LA_UNION,1999,04,24,0.0,29.1,20.2
107013,LA_UNION,1999,04,25,5.6,31.1,20.3
107013,LA_UNION,1999,04,26,0.0,30.3,20.3
107013,LA_UNION,1999,04,27,0.0,31.3,20.1
107013,LA_UNION,1999,04,28,0.0,31.2,20.2
107013,LA_UNION,1999,04,29,-888,-999,19.2
107013,LA_UNION,1999,04,30,11.8,-999,20.4
107013,LA_UNION,1999,05,01,40.2,29.2,21.0
107013,LA_UNION,1999,05,02,13.5,26.5,20.2
107013,LA_UNION,1999,05,03,2.3,30.3,21.4
107013,LA_UNION,1999,05,04,0.0,31.3,21.4
107013,LA_UNION,1999,05,05,9.0,-999,20.3
107013,LA_UNION,1999,05,06,14.2,-999,21.0
107013,LA_UNION,1999,05,07,0.0,-999,20.3
107013,LA_UNION,1999,05,08,2.2,32.3,18.0
107013,LA_UNION,1999,05,09,0.0,30.4,19.1
107013,LA_UNION,1999,05,10,0.0,32.4,19.4
107013,LA_UNION,1999,05,11,4.3,-999,19.1
107013,LA_UNION,1999,05,12,18.0,-999,20.1
107013,LA_UNION,1999,05,13,0.0,28.2,19.4
107013,LA_UNION,1999,05,14,2.5,30.2,20.3
107013,LA_UNION,1999,05,15,3.4,28.4,19.3
107013,LA_UNION,1999,05,16,0.0,27.2,19.2
107013,LA_UNION,1999,05,17,0.0,31.1,16.4
107013,LA_UNION,1999,05,18,0.0,30.4,19.0
107013,LA_UNION,1999,05,19,0.0,28.3,18.4
107013,LA_UNION,1999,05,20,0.0,30.0,20.2
107013,LA_UNION,1999,05,21,-888,31.1,20.1
107013,LA_UNION,1999,05,22,0.0,32.3,19.4
107013,LA_UNION,1999,05,23,0.0,32.2,18.2
107013,LA_UNION,1999,05,24,18.5,29.2,20.1
107013,LA_UNION,1999,05,25,3.2,30.3,17.4
107013,LA_UNION,1999,05,26,0.0,31.4,20.2
107013,LA_UNION,1999,05,27,0.0,34.0,19.1
107013,LA_UNION,1999,05,28,-888,33.0,19.4
107013,LA_UNION,1999,05,29,2.1,32.3,20.3
107013,LA_UNION,1999,05,30,3.7,32.4,20.2
107013,LA_UNION,1999,05,31,0.0,29.2,20.1
107013,LA_UNION,1999,06,01,0.0,30.0,18.4
107013,LA_UNION,1999,06,02,0.0,31.6,18.4
107013,LA_UNION,1999,06,03,0.0,32.6,17.6
107013,LA_UNION,1999,06,04,0.0,31.4,18.8
107013,LA_UNION,1999,06,05,-888,33.2,19.2
107013,LA_UNION,1999,06,06,7.0,30.6,19.0
107013,LA_UNION,1999,06,07,0.0,31.2,17.6
107013,LA_UNION,1999,06,08,0.0,33.4,20.6
107013,LA_UNION,1999,06,09,0.0,31.8,20.2
107013,LA_UNION,1999,06,10,0.0,31.6,19.0
107013,LA_UNION,1999,06,11,-888,30.4,19.6
107013,LA_UNION,1999,06,12,-888,30.6,18.4
107013,LA_UNION,1999,06,13,13.5,28.8,17.2
107013,LA_UNION,1999,06,14,0.0,30.6,20.4
107013,LA_UNION,1999,06,15,0.0,32.4,18.4
107013,LA_UNION,1999,06,16,5.8,32.4,19.2
107013,LA_UNION,1999,06,17,4.5,30.2,20.4
107013,LA_UNION,1999,06,18,0.0,31.8,20.0
107013,LA_UNION,1999,06,19,39.6,31.4,20.4
107013,LA_UNION,1999,06,20,3.9,29.2,18.6
107013,LA_UNION,1999,06,21,0.0,27.6,19.2
107013,LA_UNION,1999,06,22,0.0,31.4,18.0
107013,LA_UNION,1999,06,23,9.3,32.2,19.4
107013,LA_UNION,1999,06,24,0.0,32.4,19.8
107013,LA_UNION,1999,06,25,0.0,32.6,18.2
107013,LA_UNION,1999,06,26,0.0,30.8,19.2
107013,LA_UNION,1999,06,27,0.0,30.2,19.2
107013,LA_UNION,1999,06,28,0.0,31.6,18.2
107013,LA_UNION,1999,06,29,0.0,32.6,19.8
107013,LA_UNION,1999,06,30,23.9,30.2,20.0
107013,LA_UNION,1999,07,01,0.0,31.4,19.2
107013,LA_UNION,1999,07,02,0.0,31.6,18.1
107013,LA_UNION,1999,07,03,0.0,31.6,19.2
107013,LA_UNION,1999,07,04,0.0,33.2,19.0
107013,LA_UNION,1999,07,05,8.5,30.6,18.4
107013,LA_UNION,1999,07,06,3.3,27.6,16.4
107013,LA_UNION,1999,07,07,0.0,27.2,15.4
107013,LA_UNION,1999,07,08,0.0,30.4,18.6
107013,LA_UNION,1999,07,09,0.0,32.0,15.4
107013,LA_UNION,1999,07,10,0.0,32.8,17.0
107013,LA_UNION,1999,07,11,0.0,32.6,15.4
107013,LA_UNION,1999,07,12,0.0,31.6,15.6
107013,LA_UNION,1999,07,13,0.0,31.2,17.2
107013,LA_UNION,1999,07,14,0.0,-999,18.2
107013,LA_UNION,1999,07,15,0.0,-999,19.6
107013,LA_UNION,1999,07,16,0.0,32.8,15.6
107013,LA_UNION,1999,07,17,17.7,32.6,18.2
107013,LA_UNION,1999,07,18,0.0,29.4,19.0
107013,LA_UNION,1999,07,19,8.9,31.6,18.8
107013,LA_UNION,1999,07,20,0.0,32.4,19.6
107013,LA_UNION,1999,07,21,0.0,31.8,19.0
107013,LA_UNION,1999,07,22,0.0,32.2,18.0
107013,LA_UNION,1999,07,23,0.0,32.0,19.0
107013,LA_UNION,1999,07,24,3.8,31.0,18.4
107013,LA_UNION,1999,07,25,-888,32.2,19.2
107013,LA_UNION,1999,07,26,0.0,32.8,18.0
107013,LA_UNION,1999,07,27,0.0,31.4,18.4
107013,LA_UNION,1999,07,28,-888,28.8,19.2
107013,LA_UNION,1999,07,29,0.0,33.6,18.4
107013,LA_UNION,1999,07,30,0.0,34.4,18.8
107013,LA_UNION,1999,07,31,-888,34.4,18.8
107013,LA_UNION,1999,08,01,8.4,28.6,18.6
107013,LA_UNION,1999,08,02,0.0,32.2,18.2
107013,LA_UNION,1999,08,03,0.0,33.2,14.6
107013,LA_UNION,1999,08,04,0.0,32.6,15.6
107013,LA_UNION,1999,08,05,0.0,32.6,16.4
107013,LA_UNION,1999,08,06,0.0,33.2,18.6
107013,LA_UNION,1999,08,07,0.0,-999,19.4
107013,LA_UNION,1999,08,08,23.3,-999,20.0
107013,LA_UNION,1999,08,09,0.0,28.2,19.0
107013,LA_UNION,1999,08,10,0.0,31.6,19.6
107013,LA_UNION,1999,08,11,0.0,30.6,17.6
107013,LA_UNION,1999,08,12,0.0,32.8,18.4
107013,LA_UNION,1999,08,13,0.0,31.6,18.0
107013,LA_UNION,1999,08,14,4.0,28.2,19.0
107013,LA_UNION,1999,08,15,-888,23.6,19.0
107013,LA_UNION,1999,08,16,0.0,26.6,15.6
107013,LA_UNION,1999,08,17,0.0,29.6,16.2
107013,LA_UNION,1999,08,18,0.0,31.2,14.4
107013,LA_UNION,1999,08,19,0.0,33.2,16.0
107013,LA_UNION,1999,08,20,0.0,33.6,15.0
107013,LA_UNION,1999,08,21,0.0,33.8,16.2
107013,LA_UNION,1999,08,22,0.0,34.6,15.8
107013,LA_UNION,1999,08,23,0.0,34.8,17.2
107013,LA_UNION,1999,08,24,2.2,34.4,18.6
107013,LA_UNION,1999,08,25,0.0,34.2,17.0
107013,LA_UNION,1999,08,26,0.0,30.6,19.8
107013,LA_UNION,1999,08,27,0.0,33.6,18.0
107013,LA_UNION,1999,08,28,-888,34.2,18.8
107013,LA_UNION,1999,08,29,-888,33.6,18.8
107013,LA_UNION,1999,08,30,0.0,34.4,18.2
107013,LA_UNION,1999,08,31,0.0,35.2,19.0
107013,LA_UNION,1999,09,01,0.0,36.0,17.6
107013,LA_UNION,1999,09,02,0.0,35.6,20.0
107013,LA_UNION,1999,09,03,0.0,35.4,18.6
107013,LA_UNION,1999,09,04,0.0,34.4,20.2
107013,LA_UNION,1999,09,05,0.0,36.4,19.8
107013,LA_UNION,1999,09,06,0.0,37.2,19.0
107013,LA_UNION,1999,09,07,0.0,37.6,18.0
107013,LA_UNION,1999,09,08,0.0,36.6,18.2
107013,LA_UNION,1999,09,09,0.0,37.6,20.2
107013,LA_UNION,1999,09,10,45.4,35.2,19.0
107013,LA_UNION,1999,09,11,0.0,32.4,19.6
107013,LA_UNION,1999,09,12,0.0,34.8,18.6
107013,LA_UNION,1999,09,13,29.5,35.0,19.8
107013,LA_UNION,1999,09,14,0.0,-999,19.4
107013,LA_UNION,1999,09,15,5.8,-999,18.2
107013,LA_UNION,1999,09,16,0.0,30.2,21.0
107013,LA_UNION,1999,09,17,0.0,30.4,20.2
107013,LA_UNION,1999,09,18,0.0,32.6,19.6
107013,LA_UNION,1999,09,19,0.0,-999,19.2
107013,LA_UNION,1999,09,20,2.8,-999,20.6
107013,LA_UNION,1999,09,21,0.0,28.6,18.4
107013,LA_UNION,1999,09,22,0.0,32.0,19.4
107013,LA_UNION,1999,09,23,0.0,35.4,18.6
107013,LA_UNION,1999,09,24,0.0,33.4,20.0
107013,LA_UNION,1999,09,25,0.0,33.0,20.2
107013,LA_UNION,1999,09,26,0.0,-999,20.2
107013,LA_UNION,1999,09,27,20.2,-999,20.0
107013,LA_UNION,1999,09,28,0.0,27.8,19.4
107013,LA_UNION,1999,09,29,0.0,32.0,20.2
107013,LA_UNION,1999,09,30,0.0,34.6,19.2
107013,LA_UNION,1999,10,01,0.0,35.2,18.6
107013,LA_UNION,1999,10,02,16.4,31.4,21.0
107013,LA_UNION,1999,10,03,3.2,30.4,19.4
107013,LA_UNION,1999,10,04,11.2,30.0,21.0
107013,LA_UNION,1999,10,05,0.0,27.6,20.0
107013,LA_UNION,1999,10,06,0.0,31.8,17.6
107013,LA_UNION,1999,10,07,0.0,34.4,17.4
107013,LA_UNION,1999,10,08,0.0,-999,17.2
107013,LA_UNION,1999,10,09,0.0,-999,18.6
107013,LA_UNION,1999,10,10,0.0,33.2,18.2
107013,LA_UNION,1999,10,11,0.0,34.2,19.0
107013,LA_UNION,1999,10,12,0.0,34.4,18.2
107013,LA_UNION,1999,10,13,0.0,30.6,19.6
107013,LA_UNION,1999,10,14,0.0,34.2,18.4
107013,LA_UNION,1999,10,15,0.0,34.6,19.4
107013,LA_UNION,1999,10,16,0.0,36.4,19.2
107013,LA_UNION,1999,10,17,0.0,36.8,19.6
107013,LA_UNION,1999,10,18,10.0,-999,20.4
107013,LA_UNION,1999,10,19,8.6,-999,19.0
107013,LA_UNION,1999,10,20,0.0,31.4,20.0
107013,LA_UNION,1999,10,21,0.0,-999,21.2
107013,LA_UNION,1999,10,22,6.6,-999,19.4
107013,LA_UNION,1999,10,23,0.0,-999,19.0
107013,LA_UNION,1999,10,24,0.0,34.6,20.2
107013,LA_UNION,1999,10,25,0.0,34.8,19.6
107013,LA_UNION,1999,10,26,0.0,-999,19.2
107013,LA_UNION,1999,10,27,0.0,-999,18.6
107013,LA_UNION,1999,10,28,0.0,37.4,22.0
107013,LA_UNION,1999,10,29,0.0,-999,22.6
107013,LA_UNION,1999,10,30,0.0,-999,22.2
107013,LA_UNION,1999,10,31,0.0,-999,20.0
107013,LA_UNION,1999,11,01,0.0,37.4,19.4
107013,LA_UNION,1999,11,02,0.0,36.2,21.0
107013,LA_UNION,1999,11,03,0.0,37.2,21.2
107013,LA_UNION,1999,11,04,8.5,35.6,19.6
107013,LA_UNION,1999,11,05,3.9,-999,20.0
107013,LA_UNION,1999,11,06,0.0,-999,21.2
107013,LA_UNION,1999,11,07,0.0,34.8,18.0
107013,LA_UNION,1999,11,08,0.0,36.0,21.2
107013,LA_UNION,1999,11,09,0.0,-999,21.0
107013,LA_UNION,1999,11,10,0.0,-999,21.4
107013,LA_UNION,1999,11,11,0.0,36.6,19.0
107013,LA_UNION,1999,11,12,0.0,35.2,18.2
107013,LA_UNION,1999,11,13,5.1,34.2,19.2
107013,LA_UNION,1999,11,14,0.0,37.2,19.6
107013,LA_UNION,1999,11,15,0.0,37.4,21.4
107013,LA_UNION,1999,11,16,0.0,35.6,22.2
107013,LA_UNION,1999,11,17,15.5,32.2,21.6
107013,LA_UNION,1999,11,18,0.0,-999,21.4
107013,LA_UNION,1999,11,19,0.0,-999,21.4
107013,LA_UNION,1999,11,20,3.7,-999,21.0
107013,LA_UNION,1999,11,21,0.0,-999,20.2
107013,LA_UNION,1999,11,22,14.5,30.6,21.6
107013,LA_UNION,1999,11,23,0.0,28.4,20.4
107013,LA_UNION,1999,11,24,5.2,-999,21.4
107013,LA_UNION,1999,11,25,0.0,-999,20.6
107013,LA_UNION,1999,11,26,5.8,29.8,20.4
107013,LA_UNION,1999,11,27,0.0,33.6,19.4
107013,LA_UNION,1999,11,28,0.0,35.6,19.6
107013,LA_UNION,1999,11,29,0.0,35.2,21.4
107013,LA_UNION,1999,11,30,0.0,33.2,22.4
107013,LA_UNION,1999,12,01,0.0,36.0,20.2
107013,LA_UNION,1999,12,02,14.2,35.2,21.2
107013,LA_UNION,1999,12,03,0.0,33.0,21.4
107013,LA_UNION,1999,12,04,0.0,33.2,21.0
107013,LA_UNION,1999,12,05,0.0,36.0,22.2
107013,LA_UNION,1999,12,06,0.0,35.6,19.8
107013,LA_UNION,1999,12,07,0.0,33.2,22.4
107013,LA_UNION,1999,12,08,0.0,32.8,22.6
107013,LA_UNION,1999,12,09,0.0,31.2,22.4
107013,LA_UNION,1999,12,10,0.0,35.4,21.4
107013,LA_UNION,1999,12,11,0.0,36.8,19.2
107013,LA_UNION,1999,12,12,0.0,34.4,20.4
107013,LA_UNION,1999,12,13,0.0,33.6,22.4
107013,LA_UNION,1999,12,14,0.0,34.0,21.2
107013,LA_UNION,1999,12,15,0.0,34.2,21.0
107013,LA_UNION,1999,12,16,0.0,35.2,21.4
107013,LA_UNION,1999,12,17,0.0,36.2,19.6
107013,LA_UNION,1999,12,18,0.0,36.8,22.4
107013,LA_UNION,1999,12,19,0.0,34.6,20.2
107013,LA_UNION,1999,12,20,0.0,35.4,22.2
107013,LA_UNION,1999,12,21,54.4,-999,-999
107013,LA_UNION,1999,12,22,0.0,-999,-999
107013,LA_UNION,1999,12,23,12.7,-999,21.0
107013,LA_UNION,1999,12,24,0.0,33.2,20.4
107013,LA_UNION,1999,12,25,25.3,33.6,19.2
107013,LA_UNION,1999,12,26,0.0,31.0,21.6
107013,LA_UNION,1999,12,27,0.0,32.0,20.3
107013,LA_UNION,1999,12,28,20.6,34.0,21.0
107013,LA_UNION,1999,12,29,0.0,33.0,22.4
107013,LA_UNION,1999,12,30,0.0,32.8,21.0
107013,LA_UNION,1999,12,31,0.0,35.0,20.4
107013,LA_UNION,2000,01,01,0.0,35.4,22.4
107013,LA_UNION,2000,01,02,0.0,-999,20.4
107013,LA_UNION,2000,01,03,0.0,-999,21.0
107013,LA_UNION,2000,01,04,0.0,-999,21.2
107013,LA_UNION,2000,01,05,15.1,34.0,22.4
107013,LA_UNION,2000,01,06,0.0,29.5,22.2
107013,LA_UNION,2000,01,07,0.0,31.2,21.6
107013,LA_UNION,2000,01,08,0.0,33.8,19.8
107013,LA_UNION,2000,01,09,12.5,33.6,17.2
107013,LA_UNION,2000,01,10,0.0,28.6,19.6
107013,LA_UNION,2000,01,11,0.0,33.4,18.6
107013,LA_UNION,2000,01,12,0.0,33.1,20.4
107013,LA_UNION,2000,01,13,0.0,35.0,21.4
107013,LA_UNION,2000,01,14,0.0,36.2,18.6
107013,LA_UNION,2000,01,15,4.9,33.4,21.4
107013,LA_UNION,2000,01,16,0.0,32.4,19.6
107013,LA_UNION,2000,01,17,0.0,30.4,21.4
107013,LA_UNION,2000,01,18,0.0,31.8,19.0
107013,LA_UNION,2000,01,19,5.8,30.6,21.2
107013,LA_UNION,2000,01,20,0.0,29.2,21.6
107013,LA_UNION,2000,01,21,0.0,33.2,17.8
107013,LA_UNION,2000,01,22,0.0,-999,19.6
107013,LA_UNION,2000,01,23,0.0,34.2,21.0
107013,LA_UNION,2000,01,24,0.0,35.4,19.6
107013,LA_UNION,2000,01,25,0.0,35.8,20.2
107013,LA_UNION,2000,01,26,0.0,-999,20.0
107013,LA_UNION,2000,01,27,19.0,-999,21.2
107013,LA_UNION,2000,01,28,0.0,32.2,17.6
107013,LA_UNION,2000,01,29,0.0,31.2,21.2
107013,LA_UNION,2000,01,30,0.0,27.2,21.0
107013,LA_UNION,2000,01,31,0.0,29.0,18.6
107013,LA_UNION,2000,02,01,0.0,33.0,21.0
107013,LA_UNION,2000,02,02,0.0,31.2,21.2
107013,LA_UNION,2000,02,03,0.0,34.8,18.4
107013,LA_UNION,2000,02,04,0.0,35.0,19.2
107013,LA_UNION,2000,02,05,0.0,36.4,19.0
107013,LA_UNION,2000,02,06,0.0,35.0,20.4
107013,LA_UNION,2000,02,07,0.0,35.6,20.0
107013,LA_UNION,2000,02,08,0.0,36.0,21.2
107013,LA_UNION,2000,02,09,0.0,35.6,19.6
107013,LA_UNION,2000,02,10,0.0,36.6,21.2
107013,LA_UNION,2000,02,11,0.0,38.0,19.2
107013,LA_UNION,2000,02,12,0.0,36.2,19.0
107013,LA_UNION,2000,02,13,0.0,-999,21.4
107013,LA_UNION,2000,02,14,0.0,31.6,22.4
107013,LA_UNION,2000,02,15,0.0,30.6,20.2
107013,LA_UNION,2000,02,16,52.1,-999,20.4
107013,LA_UNION,2000,02,17,32.5,26.6,19.6
107013,LA_UNION,2000,02,18,3.8,-999,20.6
107013,LA_UNION,2000,02,19,0.0,-999,19.2
107013,LA_UNION,2000,02,20,0.0,31.2,20.2
107013,LA_UNION,2000,02,21,2.2,30.2,20.0
107013,LA_UNION,2000,02,22,2.2,32.0,20.4
107013,LA_UNION,2000,02,23,0.0,33.2,20.6
107013,LA_UNION,2000,02,24,7.8,-999,21.0
107013,LA_UNION,2000,02,25,2.1,-999,21.6
107013,LA_UNION,2000,02,26,0.0,-999,21.4
107013,LA_UNION,2000,02,27,0.0,32.5,19.6
107013,LA_UNION,2000,02,28,0.0,-999,17.4
107013,LA_UNION,2000,02,29,16.4,-999,18.4
107013,LA_UNION,2000,03,01,0.0,32.0,21.4
107013,LA_UNION,2000,03,02,0.0,31.6,21.2
107013,LA_UNION,2000,03,03,0.0,32.4,21.2
107013,LA_UNION,2000,03,04,0.0,33.2,19.8
107013,LA_UNION,2000,03,05,2.4,29.4,19.6
107013,LA_UNION,2000,03,06,0.0,32.4,19.8
107013,LA_UNION,2000,03,07,0.0,33.8,19.4
107013,LA_UNION,2000,03,08,0.0,34.0,19.2
107013,LA_UNION,2000,03,09,0.0,32.4,20.2
107013,LA_UNION,2000,03,10,0.0,32.8,20.8
107013,LA_UNION,2000,03,11,0.0,34.8,20.4
107013,LA_UNION,2000,03,12,0.0,30.6,21.6
107013,LA_UNION,2000,03,13,0.0,34.6,19.2
107013,LA_UNION,2000,03,14,0.0,35.2,19.2
107013,LA_UNION,2000,03,15,0.0,34.6,19.4
107013,LA_UNION,2000,03,16,0.0,33.2,20.4
107013,LA_UNION,2000,03,17,0.0,33.4,22.0
107013,LA_UNION,2000,03,18,9.3,31.8,18.2
107013,LA_UNION,2000,03,19,0.0,33.2,20.4
107013,LA_UNION,2000,03,20,21.0,30.2,21.2
107013,LA_UNION,2000,03,21,33.5,30.6,21.4
107013,LA_UNION,2000,03,22,10.2,30.6,19.6
107013,LA_UNION,2000,03,23,23.2,30.8,21.4
107013,LA_UNION,2000,03,24,10.4,27.4,18.4
107013,LA_UNION,2000,03,25,0.0,29.6,21.0
107013,LA_UNION,2000,03,26,0.0,29.2,20.4
107013,LA_UNION,2000,03,27,0.0,33.6,19.2
107013,LA_UNION,2000,03,28,0.0,29.4,19.4
107013,LA_UNION,2000,03,29,0.0,31.2,-999
107013,LA_UNION,2000,03,30,11.0,31.7,-999
107013,LA_UNION,2000,03,31,4.5,27.4,-999
107013,LA_UNION,2000,04,01,0.0,-999,20.6
107013,LA_UNION,2000,04,02,29.4,-999,21.0
107013,LA_UNION,2000,04,03,2.1,28.6,20.0
107013,LA_UNION,2000,04,04,3.2,27.2,20.4
107013,LA_UNION,2000,04,05,15.2,29.8,21.4
107013,LA_UNION,2000,04,06,0.0,28.6,21.2
107013,LA_UNION,2000,04,07,3.4,32.2,21.4
107013,LA_UNION,2000,04,08,25.4,32.0,20.6
107013,LA_UNION,2000,04,09,4.9,29.4,21.0
107013,LA_UNION,2000,04,10,0.0,32.2,18.8
107013,LA_UNION,2000,04,11,16.5,29.8,18.6
107013,LA_UNION,2000,04,12,0.0,30.2,19.6
107013,LA_UNION,2000,04,13,0.0,32.4,20.0
107013,LA_UNION,2000,04,14,0.0,32.0,20.4
107013,LA_UNION,2000,04,15,0.0,29.2,20.0
107013,LA_UNION,2000,04,16,0.0,33.2,20.4
107013,LA_UNION,2000,04,17,0.0,34.6,20.2
107013,LA_UNION,2000,04,18,0.0,33.2,19.0
107013,LA_UNION,2000,04,19,0.0,-999,18.6
107013,LA_UNION,2000,04,20,11.5,-999,22.2
107013,LA_UNION,2000,04,21,0.0,30.6,20.4
107013,LA_UNION,2000,04,22,0.0,33.0,19.8
107013,LA_UNION,2000,04,23,2.4,30.8,19.6
107013,LA_UNION,2000,04,24,37.9,-999,19.2
107013,LA_UNION,2000,04,25,0.0,-999,19.2
107013,LA_UNION,2000,04,26,0.0,33.6,20.4
107013,LA_UNION,2000,04,27,3.6,32.8,20.0
107013,LA_UNION,2000,04,28,0.0,30.4,20.2
107013,LA_UNION,2000,04,29,12.7,29.2,20.2
107013,LA_UNION,2000,04,30,0.0,31.6,20.6
107013,LA_UNION,2000,05,01,7.4,30.6,21.4
107013,LA_UNION,2000,05,02,0.0,33.2,21.6
107013,LA_UNION,2000,05,03,0.0,33.0,20.2
107013,LA_UNION,2000,05,04,0.0,31.0,20.4
107013,LA_UNION,2000,05,05,0.0,32.2,21.4
107013,LA_UNION,2000,05,06,0.0,29.8,22.0
107013,LA_UNION,2000,05,07,0.0,32.4,20.2
107013,LA_UNION,2000,05,08,0.0,28.6,20.4
107013,LA_UNION,2000,05,09,12.2,-999,19.0
107013,LA_UNION,2000,05,10,0.0,-999,20.6
107013,LA_UNION,2000,05,11,0.0,32.6,20.2
107013,LA_UNION,2000,05,12,0.0,33.6,20.2
107013,LA_UNION,2000,05,13,0.0,33.4,21.0
107013,LA_UNION,2000,05,14,0.0,32.2,21.4
107013,LA_UNION,2000,05,15,0.0,34.8,20.6
107013,LA_UNION,2000,05,16,0.0,34.7,19.4
107013,LA_UNION,2000,05,17,2.5,32.6,20.4
107013,LA_UNION,2000,05,18,35.6,30.4,21.8
107013,LA_UNION,2000,05,19,0.0,27.2,19.0
107013,LA_UNION,2000,05,20,0.0,29.2,20.0
107013,LA_UNION,2000,05,21,0.0,30.0,19.4
107013,LA_UNION,2000,05,22,0.0,33.2,20.2
107013,LA_UNION,2000,05,23,0.0,34.2,21.6
107013,LA_UNION,2000,05,24,0.0,35.2,20.0
107013,LA_UNION,2000,05,25,0.0,36.2,20.6
107013,LA_UNION,2000,05,26,0.0,33.4,19.4
107013,LA_UNION,2000,05,27,0.0,34.2,21.0
107013,LA_UNION,2000,05,28,0.0,32.4,20.4
107013,LA_UNION,2000,05,29,0.0,35.0,19.2
107013,LA_UNION,2000,05,30,0.0,35.0,19.0
107013,LA_UNION,2000,05,31,0.0,35.2,19.4
107013,LA_UNION,2000,06,01,0.0,32.6,20.2
107013,LA_UNION,2000,06,02,0.0,33.4,19.0
107013,LA_UNION,2000,06,03,0.0,33.4,19.2
107013,LA_UNION,2000,06,04,27.4,32.8,21.6
107013,LA_UNION,2000,06,05,0.0,32.6,21.6
107013,LA_UNION,2000,06,06,0.0,32.2,21.2
107013,LA_UNION,2000,06,07,0.0,31.2,19.2
107013,LA_UNION,2000,06,08,0.0,30.6,21.2
107013,LA_UNION,2000,06,09,4.5,28.0,21.4
107013,LA_UNION,2000,06,10,0.0,31.6,21.0
107013,LA_UNION,2000,06,11,0.0,33.4,19.0
107013,LA_UNION,2000,06,12,0.0,32.6,19.2
107013,LA_UNION,2000,06,13,0.0,33.6,19.4
107013,LA_UNION,2000,06,14,0.0,35.2,20.0
107013,LA_UNION,2000,06,15,0.0,32.6,21.4
107013,LA_UNION,2000,06,16,50.6,33.4,20.4
107013,LA_UNION,2000,06,17,0.0,28.4,19.8
107013,LA_UNION,2000,06,18,0.0,31.6,18.6
107013,LA_UNION,2000,06,19,0.0,31.0,20.2
107013,LA_UNION,2000,06,20,2.5,31.2,19.6
107013,LA_UNION,2000,06,21,5.7,27.0,19.8
107013,LA_UNION,2000,06,22,0.0,30.6,19.4
107013,LA_UNION,2000,06,23,0.0,32.2,20.0
107013,LA_UNION,2000,06,24,0.0,32.4,19.6
107013,LA_UNION,2000,06,25,0.0,33.6,19.2
107013,LA_UNION,2000,06,26,0.0,32.4,18.2
107013,LA_UNION,2000,06,27,0.0,33.4,19.2
107013,LA_UNION,2000,06,28,2.2,32.2,19.6
107013,LA_UNION,2000,06,29,0.0,33.2,19.6
107013,LA_UNION,2000,06,30,0.0,33.4,18.8
107013,LA_UNION,2000,07,01,0.0,33.8,19.0
107013,LA_UNION,2000,07,02,0.0,33.6,18.6
107013,LA_UNION,2000,07,03,3.9,31.2,17.8
107013,LA_UNION,2000,07,04,5.0,28.4,19.2
107013,LA_UNION,2000,07,05,0.0,30.0,19.4
107013,LA_UNION,2000,07,06,0.0,31.6,18.0
107013,LA_UNION,2000,07,07,0.0,32.8,17.8
107013,LA_UNION,2000,07,08,0.0,31.2,18.6
107013,LA_UNION,2000,07,09,0.0,31.4,18.8
107013,LA_UNION,2000,07,10,0.0,29.2,20.2
107013,LA_UNION,2000,07,11,0.0,32.4,18.6
107013,LA_UNION,2000,07,12,19.1,-999,19.6
107013,LA_UNION,2000,07,13,0.0,-999,18.0
107013,LA_UNION,2000,07,14,0.0,28.2,15.6
107013,LA_UNION,2000,07,15,0.0,30.2,17.4
107013,LA_UNION,2000,07,16,0.0,31.4,16.2
107013,LA_UNION,2000,07,17,0.0,31.2,17.6
107013,LA_UNION,2000,07,18,0.0,31.2,19.4
107013,LA_UNION,2000,07,19,0.0,32.2,18.4
107013,LA_UNION,2000,07,20,5.2,28.6,21.2
107013,LA_UNION,2000,07,21,0.0,30.2,19.4
107013,LA_UNION,2000,07,22,0.0,32.6,20.2
107013,LA_UNION,2000,07,23,41.1,-999,18.8
107013,LA_UNION,2000,07,24,32.5,-999,19.8
107013,LA_UNION,2000,07,25,0.0,29.2,17.8
107013,LA_UNION,2000,07,26,0.0,31.6,18.4
107013,LA_UNION,2000,07,27,0.0,33.2,16.6
107013,LA_UNION,2000,07,28,0.0,33.2,16.4
107013,LA_UNION,2000,07,29,0.0,33.6,16.2
107013,LA_UNION,2000,07,30,0.0,34.4,16.0
107013,LA_UNION,2000,07,31,0.0,32.2,16.0
107013,LA_UNION,2000,08,01,0.0,34.2,16.6
107013,LA_UNION,2000,08,02,0.0,33.4,17.2
107013,LA_UNION,2000,08,03,2.0,-999,18.6
107013,LA_UNION,2000,08,04,27.5,-999,18.2
107013,LA_UNION,2000,08,05,0.0,29.2,19.2
107013,LA_UNION,2000,08,06,0.0,31.2,18.6
107013,LA_UNION,2000,08,07,0.0,32.2,17.4
107013,LA_UNION,2000,08,08,0.0,29.2,20.2
107013,LA_UNION,2000,08,09,0.0,30.6,20.4
107013,LA_UNION,2000,08,10,2.2,31.2,19.6
107013,LA_UNION,2000,08,11,0.0,32.2,20.6
107013,LA_UNION,2000,08,12,0.0,32.4,18.6
107013,LA_UNION,2000,08,13,0.0,32.6,19.0
107013,LA_UNION,2000,08,14,0.0,32.8,19.6
107013,LA_UNION,2000,08,15,0.0,33.2,17.0
107013,LA_UNION,2000,08,16,0.0,33.6,17.6
107013,LA_UNION,2000,08,17,0.0,33.4,16.8
107013,LA_UNION,2000,08,18,0.0,34.1,17.4
107013,LA_UNION,2000,08,19,0.0,33.2,19.2
107013,LA_UNION,2000,08,20,0.0,34.6,19.8
107013,LA_UNION,2000,08,21,0.0,34.2,19.8
107013,LA_UNION,2000,08,22,0.0,32.4,19.6
107013,LA_UNION,2000,08,23,0.0,32.2,20.0
107013,LA_UNION,2000,08,24,0.0,33.2,19.8
107013,LA_UNION,2000,08,25,0.0,34.4,19.8
107013,LA_UNION,2000,08,26,0.0,34.6,18.6
107013,LA_UNION,2000,08,27,0.0,36.4,19.4
107013,LA_UNION,2000,08,28,0.0,36.0,18.6
107013,LA_UNION,2000,08,29,0.0,36.4,17.2
107013,LA_UNION,2000,08,30,0.0,33.6,18.8
107013,LA_UNION,2000,08,31,0.0,36.6,17.4
107013,LA_UNION,2000,09,01,0.0,35.8,18.2
107013,LA_UNION,2000,09,02,0.0,35.6,18.4
107013,LA_UNION,2000,09,03,0.0,-999,19.6
107013,LA_UNION,2000,09,04,0.0,-999,20.1
107013,LA_UNION,2000,09,05,0.0,34.2,19.4
107013,LA_UNION,2000,09,06,0.0,34.6,20.6
107013,LA_UNION,2000,09,07,0.0,36.4,21.2
107013,LA_UNION,2000,09,08,0.0,36.5,19.6
107013,LA_UNION,2000,09,09,2.6,36.6,20.0
107013,LA_UNION,2000,09,10,0.0,35.0,20.4
107013,LA_UNION,2000,09,11,0.0,36.8,19.2
107013,LA_UNION,2000,09,12,0.0,37.4,19.6
107013,LA_UNION,2000,09,13,0.0,32.6,19.8
107013,LA_UNION,2000,09,14,0.0,36.2,18.6
107013,LA_UNION,2000,09,15,0.0,-999,19.8
107013,LA_UNION,2000,09,16,10.1,-999,18.4
107013,LA_UNION,2000,09,17,0.0,30.4,20.4
107013,LA_UNION,2000,09,18,0.0,34.0,18.4
107013,LA_UNION,2000,09,19,0.0,33.6,16.6
107013,LA_UNION,2000,09,20,0.0,31.8,17.6
107013,LA_UNION,2000,09,21,0.0,33.2,19.4
107013,LA_UNION,2000,09,22,0.0,32.6,19.8
107013,LA_UNION,2000,09,23,0.0,30.6,18.4
107013,LA_UNION,2000,09,24,2.1,-999,18.8
107013,LA_UNION,2000,09,25,30.5,28.8,20.4
107013,LA_UNION,2000,09,26,3.7,26.0,19.8
107013,LA_UNION,2000,09,27,0.0,29.2,17.0
107013,LA_UNION,2000,09,28,0.0,34.0,15.6
107013,LA_UNION,2000,09,29,15.0,32.4,19.0
107013,LA_UNION,2000,09,30,0.0,30.0,19.4
107013,LA_UNION,2000,10,01,0.0,33.0,19.2
107013,LA_UNION,2000,10,02,0.0,34.1,18.2
107013,LA_UNION,2000,10,03,19.2,35.2,18.4
107013,LA_UNION,2000,10,04,0.0,34.8,20.0
107013,LA_UNION,2000,10,05,0.0,34.2,20.2
107013,LA_UNION,2000,10,06,0.0,-999,20.0
107013,LA_UNION,2000,10,07,4.1,-999,18.8
107013,LA_UNION,2000,10,08,0.0,-999,18.6
107013,LA_UNION,2000,10,09,0.0,28.6,18.4
107013,LA_UNION,2000,10,10,0.0,30.6,19.4
107013,LA_UNION,2000,10,11,7.2,33.6,20.4
107013,LA_UNION,2000,10,12,0.0,33.2,19.6
107013,LA_UNION,2000,10,13,0.0,36.6,18.6
107013,LA_UNION,2000,10,14,0.0,32.0,19.2
107013,LA_UNION,2000,10,15,0.0,33.2,18.6
107013,LA_UNION,2000,10,16,0.0,35.0,17.4
107013,LA_UNION,2000,10,17,6.5,34.6,20.2
107013,LA_UNION,2000,10,18,0.0,31.8,20.6
107013,LA_UNION,2000,10,19,0.0,31.4,20.0
107013,LA_UNION,2000,10,20,2.2,32.0,20.2
107013,LA_UNION,2000,10,21,0.0,33.6,21.2
107013,LA_UNION,2000,10,22,0.0,37.2,20.8
107013,LA_UNION,2000,10,23,0.0,37.2,20.4
107013,LA_UNION,2000,10,24,0.0,37.4,21.6
107013,LA_UNION,2000,10,25,12.2,35.4,21.2
107013,LA_UNION,2000,10,26,0.0,34.0,21.4
107013,LA_UNION,2000,10,27,0.0,36.2,21.0
107013,LA_UNION,2000,10,28,0.0,-999,21.8
107013,LA_UNION,2000,10,29,6.4,-999,19.4
107013,LA_UNION,2000,10,30,0.0,-999,20.4
107013,LA_UNION,2000,10,31,0.0,37.4,19.6
107013,LA_UNION,2000,11,01,4.2,37.2,22.2
107013,LA_UNION,2000,11,02,3.6,33.2,21.0
107013,LA_UNION,2000,11,03,18.6,34.2,21.4
107013,LA_UNION,2000,11,04,0.0,36.6,22.4
107013,LA_UNION,2000,11,05,0.0,37.2,19.2
107013,LA_UNION,2000,11,06,0.0,37.2,22.2
107013,LA_UNION,2000,11,07,0.0,36.8,19.6
107013,LA_UNION,2000,11,08,0.0,37.4,18.4
107013,LA_UNION,2000,11,09,0.0,37.8,20.2
107013,LA_UNION,2000,11,10,0.0,37.2,20.2
107013,LA_UNION,2000,11,11,0.0,36.4,20.6
107013,LA_UNION,2000,11,12,0.0,37.0,20.2
107013,LA_UNION,2000,11,13,0.0,35.2,19.8
107013,LA_UNION,2000,11,14,0.0,36.4,19.4
107013,LA_UNION,2000,11,15,0.0,-999,19.4
107013,LA_UNION,2000,11,16,41.4,-999,21.6
107013,LA_UNION,2000,11,17,0.0,28.8,22.0
107013,LA_UNION,2000,11,18,0.0,33.0,21.6
107013,LA_UNION,2000,11,19,0.0,35.4,19.8
107013,LA_UNION,2000,11,20,0.0,35.6,20.6
107013,LA_UNION,2000,11,21,0.0,35.4,21.2
107013,LA_UNION,2000,11,22,17.5,-999,20.2
107013,LA_UNION,2000,11,23,16.0,-999,20.0
107013,LA_UNION,2000,11,24,0.0,31.6,21.6
107013,LA_UNION,2000,11,25,21.3,32.2,20.2
107013,LA_UNION,2000,11,26,0.0,34.4,21.4
107013,LA_UNION,2000,11,27,14.1,-999,17.6
107013,LA_UNION,2000,11,28,0.0,-999,22.0
107013,LA_UNION,2000,11,29,0.0,33.6,20.2
107013,LA_UNION,2000,11,30,10.6,34.2,21.0
107013,LA_UNION,2000,12,01,0.0,33.4,21.4
107013,LA_UNION,2000,12,02,0.0,34.0,20.6
107013,LA_UNION,2000,12,03,0.0,35.4,20.2
107013,LA_UNION,2000,12,04,0.0,35.4,19.6
107013,LA_UNION,2000,12,05,50.4,32.0,21.4
107013,LA_UNION,2000,12,06,5.9,28.6,21.4
107013,LA_UNION,2000,12,07,8.8,27.2,21.6
107013,LA_UNION,2000,12,08,14.8,28.2,20.2
107013,LA_UNION,2000,12,09,0.0,29.6,21.0
107013,LA_UNION,2000,12,10,0.0,32.4,20.4
107013,LA_UNION,2000,12,11,0.0,35.2,21.2
107013,LA_UNION,2000,12,12,0.0,34.2,21.6
107013,LA_UNION,2000,12,13,0.0,33.6,22.8
107013,LA_UNION,2000,12,14,0.0,33.4,19.2
107013,LA_UNION,2000,12,15,0.0,32.2,20.6
107013,LA_UNION,2000,12,16,0.0,-999,22.0
107013,LA_UNION,2000,12,17,18.9,28.2,19.8
107013,LA_UNION,2000,12,18,0.0,31.6,19.6
107013,LA_UNION,2000,12,19,0.0,35.0,19.4
107013,LA_UNION,2000,12,20,0.0,34.2,19.2
107013,LA_UNION,2000,12,21,6.8,32.6,20.4
107013,LA_UNION,2000,12,22,0.0,-999,19.8
107013,LA_UNION,2000,12,23,24.2,-999,19.0
107013,LA_UNION,2000,12,24,0.0,32.2,21.4
107013,LA_UNION,2000,12,25,0.0,34.6,19.6
107013,LA_UNION,2000,12,26,0.0,33.6,21.2
107013,LA_UNION,2000,12,27,0.0,32.0,21.4
107013,LA_UNION,2000,12,28,7.5,28.4,19.2
107013,LA_UNION,2000,12,29,0.0,31.8,21.2
107013,LA_UNION,2000,12,30,2.2,32.2,20.0
107013,LA_UNION,2000,12,31,0.0,31.4,19.4
107013,LA_UNION,2001,01,01,3.2,32.4,20.4
107013,LA_UNION,2001,01,02,0.0,32.2,19.4
107013,LA_UNION,2001,01,03,0.0,34.0,19.6
107013,LA_UNION,2001,01,04,0.0,34.2,21.0
107013,LA_UNION,2001,01,05,0.0,33.4,21.2
107013,LA_UNION,2001,01,06,0.0,32.6,19.6
107013,LA_UNION,2001,01,07,0.0,33.8,21.2
107013,LA_UNION,2001,01,08,0.0,32.8,21.6
107013,LA_UNION,2001,01,09,0.0,33.2,20.2
107013,LA_UNION,2001,01,10,24.2,34.2,19.4
107013,LA_UNION,2001,01,11,0.0,29.6,19.6
107013,LA_UNION,2001,01,12,11.0,30.2,20.2
107013,LA_UNION,2001,01,13,0.0,34.2,20.2
107013,LA_UNION,2001,01,14,0.0,33.4,21.2
107013,LA_UNION,2001,01,15,0.0,29.2,20.4
107013,LA_UNION,2001,01,16,0.0,32.2,19.8
107013,LA_UNION,2001,01,17,14.2,30.4,20.4
107013,LA_UNION,2001,01,18,0.0,31.2,20.2
107013,LA_UNION,2001,01,19,0.0,30.0,19.2
107013,LA_UNION,2001,01,20,4.6,28.4,19.6
107013,LA_UNION,2001,01,21,0.0,30.8,19.6
107013,LA_UNION,2001,01,22,0.0,31.2,19.2
107013,LA_UNION,2001,01,23,0.0,33.2,19.8
107013,LA_UNION,2001,01,24,0.0,30.2,20.4
107013,LA_UNION,2001,01,25,0.0,31.6,20.0
107013,LA_UNION,2001,01,26,2.6,33.0,19.6
107013,LA_UNION,2001,01,27,0.0,33.4,19.8
107013,LA_UNION,2001,01,28,0.0,34.4,19.6
107013,LA_UNION,2001,01,29,0.0,34.8,19.4
107013,LA_UNION,2001,01,30,0.0,35.4,18.8
107013,LA_UNION,2001,01,31,0.0,35.6,18.2
107013,LA_UNION,2001,02,01,0.0,32.6,18.6
107013,LA_UNION,2001,02,02,0.0,35.6,20.4
107013,LA_UNION,2001,02,03,0.0,34.2,19.8
107013,LA_UNION,2001,02,04,26.7,30.6,20.0
107013,LA_UNION,2001,02,05,0.0,27.6,19.6
107013,LA_UNION,2001,02,06,25.5,-999,20.4
107013,LA_UNION,2001,02,07,0.0,-999,20.4
107013,LA_UNION,2001,02,08,0.0,32.2,20.2
107013,LA_UNION,2001,02,09,0.0,32.4,20.0
107013,LA_UNION,2001,02,10,13.1,33.6,19.8
107013,LA_UNION,2001,02,11,0.0,32.8,20.6
107013,LA_UNION,2001,02,12,0.0,31.4,20.2
107013,LA_UNION,2001,02,13,0.0,29.2,20.4
107013,LA_UNION,2001,02,14,15.2,27.6,21.0
107013,LA_UNION,2001,02,15,0.0,31.2,19.2
107013,LA_UNION,2001,02,16,0.0,33.8,19.6
107013,LA_UNION,2001,02,17,0.0,34.2,18.6
107013,LA_UNION,2001,02,18,0.0,33.6,21.0
107013,LA_UNION,2001,02,19,0.0,30.4,19.4
107013,LA_UNION,2001,02,20,0.0,33.2,20.4
107013,LA_UNION,2001,02,21,0.0,33.8,19.6
107013,LA_UNION,2001,02,22,0.0,-999,20.4
107013,LA_UNION,2001,02,23,0.0,-999,20.2
107013,LA_UNION,2001,02,24,0.0,32.4,20.4
107013,LA_UNION,2001,02,25,0.0,31.8,21.0
107013,LA_UNION,2001,02,26,6.5,33.6,20.4
107013,LA_UNION,2001,02,27,0.0,34.2,20.0
107013,LA_UNION,2001,02,28,0.0,30.1,22.0
107013,LA_UNION,2001,03,01,8.2,26.6,19.8
107013,LA_UNION,2001,03,02,21.3,30.2,19.2
107013,LA_UNION,2001,03,03,2.4,29.0,20.0
107013,LA_UNION,2001,03,04,0.0,30.6,20.4
107013,LA_UNION,2001,03,05,0.0,32.6,21.2
107013,LA_UNION,2001,03,06,0.0,34.2,20.2
107013,LA_UNION,2001,03,07,0.0,32.2,21.6
107013,LA_UNION,2001,03,08,3.5,33.2,22.2
107013,LA_UNION,2001,03,09,0.0,33.0,21.6
107013,LA_UNION,2001,03,10,11.0,33.4,20.6
107013,LA_UNION,2001,03,11,0.0,33.8,20.4
107013,LA_UNION,2001,03,12,0.0,34.8,19.2
107013,LA_UNION,2001,03,13,0.0,36.4,19.6
107013,LA_UNION,2001,03,14,0.0,34.2,20.4
107013,LA_UNION,2001,03,15,3.5,29.2,21.4
107013,LA_UNION,2001,03,16,2.2,30.4,20.0
107013,LA_UNION,2001,03,17,0.0,31.4,21.0
107013,LA_UNION,2001,03,18,0.0,32.4,20.4
107013,LA_UNION,2001,03,19,72.6,32.2,19.0
107013,LA_UNION,2001,03,20,12.2,28.2,21.0
107013,LA_UNION,2001,03,21,14.2,-999,20.4
107013,LA_UNION,2001,03,22,0.0,-999,19.6
107013,LA_UNION,2001,03,23,0.0,34.6,21.4
107013,LA_UNION,2001,03,24,0.0,-999,21.2
107013,LA_UNION,2001,03,25,6.4,-999,20.2
107013,LA_UNION,2001,03,26,0.0,-999,20.0
107013,LA_UNION,2001,03,27,0.0,33.0,19.4
107013,LA_UNION,2001,03,28,0.0,33.6,20.2
107013,LA_UNION,2001,03,29,0.0,30.6,21.0
107013,LA_UNION,2001,03,30,2.8,-999,20.6
107013,LA_UNION,2001,03,31,0.0,-999,20.0
107013,LA_UNION,2001,04,01,0.0,32.6,20.4
107013,LA_UNION,2001,04,02,0.0,34.2,21.0
107013,LA_UNION,2001,04,03,11.0,31.4,19.8
107013,LA_UNION,2001,04,04,2.2,33.6,19.0
107013,LA_UNION,2001,04,05,0.0,29.8,20.4
107013,LA_UNION,2001,04,06,8.2,-999,20.0
107013,LA_UNION,2001,04,07,24.6,-999,19.8
107013,LA_UNION,2001,04,08,0.0,-999,19.4
107013,LA_UNION,2001,04,09,0.0,31.4,21.2
107013,LA_UNION,2001,04,10,0.0,-999,21.8
107013,LA_UNION,2001,04,11,38.2,-999,21.4
107013,LA_UNION,2001,04,12,0.0,30.4,19.6
107013,LA_UNION,2001,04,13,23.4,28.0,22.2
107013,LA_UNION,2001,04,14,0.0,30.8,20.0
107013,LA_UNION,2001,04,15,0.0,-999,20.8
107013,LA_UNION,2001,04,16,8.8,-999,19.8
107013,LA_UNION,2001,04,17,0.0,29.2,19.6
107013,LA_UNION,2001,04,18,0.0,31.8,20.4
107013,LA_UNION,2001,04,19,0.0,33.4,20.8
107013,LA_UNION,2001,04,20,0.0,34.6,20.2
107013,LA_UNION,2001,04,21,0.0,34.4,20.2
107013,LA_UNION,2001,04,22,0.0,33.6,21.0
107013,LA_UNION,2001,04,23,0.0,34.6,22.2
107013,LA_UNION,2001,04,24,0.0,33.6,21.6
107013,LA_UNION,2001,04,25,5.1,29.4,20.4
107013,LA_UNION,2001,04,26,6.2,31.2,21.2
107013,LA_UNION,2001,04,27,0.0,34.2,20.4
107013,LA_UNION,2001,04,28,0.0,33.6,20.2
107013,LA_UNION,2001,04,29,0.0,31.4,19.6
107013,LA_UNION,2001,04,30,5.2,32.0,21.8
107013,LA_UNION,2001,05,01,0.0,35.0,20.2
107013,LA_UNION,2001,05,02,0.0,-999,20.4
107013,LA_UNION,2001,05,03,13.2,-999,19.4
107013,LA_UNION,2001,05,04,0.0,-999,21.2
107013,LA_UNION,2001,05,05,0.0,31.2,21.4
107013,LA_UNION,2001,05,06,0.0,31.4,21.2
107013,LA_UNION,2001,05,07,0.0,30.1,20.6
107013,LA_UNION,2001,05,08,0.0,32.4,21.8
107013,LA_UNION,2001,05,09,0.0,-999,20.0
107013,LA_UNION,2001,05,10,5.8,-999,22.2
107013,LA_UNION,2001,05,11,0.0,-999,21.0
107013,LA_UNION,2001,05,12,0.0,33.2,21.2
107013,LA_UNION,2001,05,13,3.1,32.6,20.8
107013,LA_UNION,2001,05,14,3.2,31.2,21.0
107013,LA_UNION,2001,05,15,0.0,33.2,20.4
107013,LA_UNION,2001,05,16,0.0,33.6,20.2
107013,LA_UNION,2001,05,17,16.6,33.6,20.6
107013,LA_UNION,2001,05,18,0.0,31.2,20.0
107013,LA_UNION,2001,05,19,15.4,33.8,21.4
107013,LA_UNION,2001,05,20,0.0,32.6,20.0
107013,LA_UNION,2001,05,21,12.0,29.0,21.4
107013,LA_UNION,2001,05,22,0.0,31.2,20.4
107013,LA_UNION,2001,05,23,0.0,33.6,20.6
107013,LA_UNION,2001,05,24,0.0,34.2,17.2
107013,LA_UNION,2001,05,25,0.0,34.0,20.0
107013,LA_UNION,2001,05,26,0.0,35.2,20.6
107013,LA_UNION,2001,05,27,0.0,34.8,20.6
107013,LA_UNION,2001,05,28,3.4,-999,21.6
107013,LA_UNION,2001,05,29,7.9,-999,20.2
107013,LA_UNION,2001,05,30,0.0,-999,19.2
107013,LA_UNION,2001,05,31,0.0,32.4,20.4
107013,LA_UNION,2001,06,01,0.0,30.6,19.2
107013,LA_UNION,2001,06,02,0.0,33.2,18.4
107013,LA_UNION,2001,06,03,0.0,30.2,19.4
107013,LA_UNION,2001,06,04,4.8,26.2,19.2
107013,LA_UNION,2001,06,05,4.4,29.4,19.8
107013,LA_UNION,2001,06,06,0.0,33.2,20.0
107013,LA_UNION,2001,06,07,2.2,31.8,19.4
107013,LA_UNION,2001,06,08,13.8,29.8,20.0
107013,LA_UNION,2001,06,09,0.0,29.6,20.2
107013,LA_UNION,2001,06,10,0.0,30.2,19.8
107013,LA_UNION,2001,06,11,6.9,31.4,20.4
107013,LA_UNION,2001,06,12,0.0,32.4,19.2
107013,LA_UNION,2001,06,13,0.0,32.6,19.8
107013,LA_UNION,2001,06,14,0.0,33.2,19.6
107013,LA_UNION,2001,06,15,0.0,33.2,18.4
107013,LA_UNION,2001,06,16,0.0,34.2,18.2
107013,LA_UNION,2001,06,17,0.0,33.0,17.6
107013,LA_UNION,2001,06,18,0.0,29.2,20.2
107013,LA_UNION,2001,06,19,0.0,28.4,18.0
107013,LA_UNION,2001,06,20,0.0,25.2,18.0
107013,LA_UNION,2001,06,21,0.0,28.6,17.2
107013,LA_UNION,2001,06,22,0.0,29.2,15.6
107013,LA_UNION,2001,06,23,0.0,30.2,17.2
107013,LA_UNION,2001,06,24,0.0,30.2,15.0
107013,LA_UNION,2001,06,25,0.0,32.2,16.8
107013,LA_UNION,2001,06,26,0.0,30.4,18.2
107013,LA_UNION,2001,06,27,0.0,27.6,19.6
107013,LA_UNION,2001,06,28,0.0,32.2,18.8
107013,LA_UNION,2001,06,29,0.0,33.4,16.4
107013,LA_UNION,2001,06,30,0.0,32.6,16.6
107013,LA_UNION,2001,07,01,0.0,33.6,17.4
107013,LA_UNION,2001,07,02,0.0,33.8,19.8
107013,LA_UNION,2001,07,03,6.2,31.8,19.6
107013,LA_UNION,2001,07,04,0.0,30.6,20.8
107013,LA_UNION,2001,07,05,0.0,-999,18.6
107013,LA_UNION,2001,07,06,6.6,-999,19.0
107013,LA_UNION,2001,07,07,3.8,29.2,19.8
107013,LA_UNION,2001,07,08,4.2,32.2,20.6
107013,LA_UNION,2001,07,09,6.4,32.2,20.4
107013,LA_UNION,2001,07,10,0.0,32.6,19.6
107013,LA_UNION,2001,07,11,0.0,33.8,18.2
107013,LA_UNION,2001,07,12,0.0,34.2,18.8
107013,LA_UNION,2001,07,13,0.0,33.6,19.6
107013,LA_UNION,2001,07,14,0.0,34.2,20.2
107013,LA_UNION,2001,07,15,0.0,32.6,20.0
107013,LA_UNION,2001,07,16,0.0,33.8,19.6
107013,LA_UNION,2001,07,17,0.0,35.2,18.2
107013,LA_UNION,2001,07,18,0.0,34.2,19.2
107013,LA_UNION,2001,07,19,11.2,33.4,19.8
107013,LA_UNION,2001,07,20,0.0,32.6,20.0
107013,LA_UNION,2001,07,21,0.0,34.2,18.2
107013,LA_UNION,2001,07,22,0.0,33.4,17.4
107013,LA_UNION,2001,07,23,2.8,33.6,17.6
107013,LA_UNION,2001,07,24,0.0,32.0,19.0
107013,LA_UNION,2001,07,25,0.0,34.0,17.0
107013,LA_UNION,2001,07,26,0.0,34.8,19.8
107013,LA_UNION,2001,07,27,8.0,31.0,18.8
107013,LA_UNION,2001,07,28,8.4,26.2,17.4
107013,LA_UNION,2001,07,29,0.0,28.4,18.4
107013,LA_UNION,2001,07,30,0.0,30.4,17.2
107013,LA_UNION,2001,07,31,0.0,34.0,17.6
107013,LA_UNION,2001,08,01,0.0,34.8,21.6
107013,LA_UNION,2001,08,02,0.0,34.6,20.2
107013,LA_UNION,2001,08,03,0.0,35.2,17.2
107013,LA_UNION,2001,08,04,0.0,34.8,16.0
107013,LA_UNION,2001,08,05,0.0,33.6,16.8
107013,LA_UNION,2001,08,06,0.0,34.0,18.0
107013,LA_UNION,2001,08,07,36.6,32.6,18.6
107013,LA_UNION,2001,08,08,0.0,29.4,20.2
107013,LA_UNION,2001,08,09,0.0,30.2,18.2
107013,LA_UNION,2001,08,10,0.0,32.6,19.2
107013,LA_UNION,2001,08,11,0.0,34.6,18.8
107013,LA_UNION,2001,08,12,0.0,34.8,16.8
107013,LA_UNION,2001,08,13,0.0,35.2,17.6
107013,LA_UNION,2001,08,14,0.0,34.6,18.6
107013,LA_UNION,2001,08,15,19.7,34.4,19.4
107013,LA_UNION,2001,08,16,2.2,32.6,21.2
107013,LA_UNION,2001,08,17,0.0,31.6,20.4
107013,LA_UNION,2001,08,18,0.0,34.2,19.0
107013,LA_UNION,2001,08,19,5.8,-999,19.6
107013,LA_UNION,2001,08,20,25.8,-999,19.8
107013,LA_UNION,2001,08,21,8.2,24.2,19.6
107013,LA_UNION,2001,08,22,0.0,26.4,18.2
107013,LA_UNION,2001,08,23,0.0,31.0,18.2
107013,LA_UNION,2001,08,24,0.0,33.2,16.6
107013,LA_UNION,2001,08,25,0.0,33.4,16.6
107013,LA_UNION,2001,08,26,0.0,35.2,15.8
107013,LA_UNION,2001,08,27,0.0,35.4,18.4
107013,LA_UNION,2001,08,28,0.0,34.8,19.0
107013,LA_UNION,2001,08,29,0.0,34.4,19.6
107013,LA_UNION,2001,08,30,0.0,33.8,18.4
107013,LA_UNION,2001,08,31,0.0,32.6,18.6
107013,LA_UNION,2001,09,01,0.0,34.2,19.4
107013,LA_UNION,2001,09,02,0.0,35.0,17.6
107013,LA_UNION,2001,09,03,0.0,-999,18.2
107013,LA_UNION,2001,09,04,43.0,-999,18.2
107013,LA_UNION,2001,09,05,12.0,26.4,17.8
107013,LA_UNION,2001,09,06,4.8,29.0,18.2
107013,LA_UNION,2001,09,07,0.0,32.8,20.0
107013,LA_UNION,2001,09,08,0.0,33.6,19.4
107013,LA_UNION,2001,09,09,0.0,35.0,19.6
107013,LA_UNION,2001,09,10,2.2,31.4,20.2
107013,LA_UNION,2001,09,11,2.2,29.4,20.4
107013,LA_UNION,2001,09,12,0.0,33.2,19.8
107013,LA_UNION,2001,09,13,0.0,34.0,19.0
107013,LA_UNION,2001,09,14,8.8,30.4,20.2
107013,LA_UNION,2001,09,15,9.4,29.2,21.0
107013,LA_UNION,2001,09,16,0.0,-999,19.0
107013,LA_UNION,2001,09,17,0.0,-999,17.8
107013,LA_UNION,2001,09,18,0.0,31.6,15.4
107013,LA_UNION,2001,09,19,0.0,34.2,17.4
107013,LA_UNION,2001,09,20,0.0,35.4,18.0
107013,LA_UNION,2001,09,21,0.0,-999,17.0
107013,LA_UNION,2001,09,22,22.2,-999,18.4
107013,LA_UNION,2001,09,23,0.0,-999,19.4
107013,LA_UNION,2001,09,24,0.0,35.0,19.2
107013,LA_UNION,2001,09,25,0.0,35.6,20.4
107013,LA_UNION,2001,09,26,0.0,36.4,18.4
107013,LA_UNION,2001,09,27,0.0,-999,19.4
107013,LA_UNION,2001,09,28,0.0,-999,19.8
107013,LA_UNION,2001,09,29,0.0,34.6,20.6
107013,LA_UNION,2001,09,30,0.0,35.2,18.8
107013,LA_UNION,2001,10,01,0.0,35.4,20.2
107013,LA_UNION,2001,10,02,0.0,34.7,19.2
107013,LA_UNION,2001,10,03,0.0,33.6,18.2
107013,LA_UNION,2001,10,04,4.2,34.2,17.8
107013,LA_UNION,2001,10,05,5.2,30.4,20.2
107013,LA_UNION,2001,10,06,0.0,31.2,21.6
107013,LA_UNION,2001,10,07,0.0,34.8,21.2
107013,LA_UNION,2001,10,08,0.0,36.4,18.8
107013,LA_UNION,2001,10,09,0.0,36.6,18.2
107013,LA_UNION,2001,10,10,11.6,37.1,18.8
107013,LA_UNION,2001,10,11,17.3,34.8,19.6
107013,LA_UNION,2001,10,12,4.6,33.4,19.6
107013,LA_UNION,2001,10,13,0.0,34.2,21.6
107013,LA_UNION,2001,10,14,0.0,35.2,21.6
107013,LA_UNION,2001,10,15,0.0,35.6,19.8
107013,LA_UNION,2001,10,16,2.2,35.7,21.0
107013,LA_UNION,2001,10,17,26.2,-999,21.8
107013,LA_UNION,2001,10,18,0.0,-999,21.4
107013,LA_UNION,2001,10,19,0.0,-999,19.4
107013,LA_UNION,2001,10,20,0.0,36.2,21.4
107013,LA_UNION,2001,10,21,0.0,37.2,21.3
107013,LA_UNION,2001,10,22,32.6,-999,21.2
107013,LA_UNION,2001,10,23,9.6,-999,20.6
107013,LA_UNION,2001,10,24,2.7,-999,19.6
107013,LA_UNION,2001,10,25,0.0,31.6,21.0
107013,LA_UNION,2001,10,26,0.0,32.8,21.8
107013,LA_UNION,2001,10,27,0.0,33.4,21.4
107013,LA_UNION,2001,10,28,22.2,35.8,19.8
107013,LA_UNION,2001,10,29,0.0,31.8,22.0
107013,LA_UNION,2001,10,30,0.0,32.8,21.0
107013,LA_UNION,2001,10,31,27.6,30.0,20.6
107013,LA_UNION,2001,11,01,2.6,-999,20.8
107013,LA_UNION,2001,11,02,0.0,-999,19.6
107013,LA_UNION,2001,11,03,0.0,34.0,21.2
107013,LA_UNION,2001,11,04,0.0,34.8,21.2
107013,LA_UNION,2001,11,05,2.6,35.8,21.6
107013,LA_UNION,2001,11,06,0.0,33.4,20.4
107013,LA_UNION,2001,11,07,0.0,33.4,20.4
107013,LA_UNION,2001,11,08,0.0,35.2,20.3
107013,LA_UNION,2001,11,09,0.0,36.2,21.6
107013,LA_UNION,2001,11,10,0.0,36.8,19.4
107013,LA_UNION,2001,11,11,0.0,36.2,21.6
107013,LA_UNION,2001,11,12,19.9,33.6,21.4
107013,LA_UNION,2001,11,13,0.0,32.8,21.6
107013,LA_UNION,2001,11,14,5.2,35.0,22.2
107013,LA_UNION,2001,11,15,0.0,31.2,19.8
107013,LA_UNION,2001,11,16,0.0,36.0,20.6
107013,LA_UNION,2001,11,17,0.0,34.6,20.6
107013,LA_UNION,2001,11,18,0.0,33.6,20.2
107013,LA_UNION,2001,11,19,0.0,34.2,20.4
107013,LA_UNION,2001,11,20,49.0,33.2,20.2
107013,LA_UNION,2001,11,21,0.0,33.6,20.2
107013,LA_UNION,2001,11,22,0.0,33.6,20.8
107013,LA_UNION,2001,11,23,0.0,34.8,21.2
107013,LA_UNION,2001,11,24,0.0,36.2,19.2
107013,LA_UNION,2001,11,25,5.4,-999,21.6
107013,LA_UNION,2001,11,26,10.0,-999,20.2
107013,LA_UNION,2001,11,27,19.2,-999,19.8
107013,LA_UNION,2001,11,28,0.0,31.4,21.6
107013,LA_UNION,2001,11,29,0.0,33.2,20.4
107013,LA_UNION,2001,11,30,0.0,33.8,21.2
107013,LA_UNION,2001,12,01,79.3,28.2,19.8
107013,LA_UNION,2001,12,02,9.2,27.2,19.4
107013,LA_UNION,2001,12,03,0.0,30.2,20.0
107013,LA_UNION,2001,12,04,0.0,35.0,19.2
107013,LA_UNION,2001,12,05,0.0,-999,20.6
107013,LA_UNION,2001,12,06,17.8,-999,22.8
107013,LA_UNION,2001,12,07,0.0,31.6,20.4
107013,LA_UNION,2001,12,08,0.0,33.8,20.2
107013,LA_UNION,2001,12,09,9.8,35.4,19.8
107013,LA_UNION,2001,12,10,2.2,31.6,21.0
107013,LA_UNION,2001,12,11,0.0,33.0,19.8
107013,LA_UNION,2001,12,12,0.0,34.2,19.8
107013,LA_UNION,2001,12,13,0.0,35.2,21.2
107013,LA_UNION,2001,12,14,21.2,32.8,21.6
107013,LA_UNION,2001,12,15,2.3,29.6,20.6
107013,LA_UNION,2001,12,16,0.0,30.6,19.8
107013,LA_UNION,2001,12,17,0.0,32.4,20.6
107013,LA_UNION,2001,12,18,8.3,31.4,19.8
107013,LA_UNION,2001,12,19,0.0,30.0,21.4
107013,LA_UNION,2001,12,20,0.0,34.6,21.2
107013,LA_UNION,2001,12,21,0.0,35.1,20.2
107013,LA_UNION,2001,12,22,0.0,36.2,21.6
107013,LA_UNION,2001,12,23,0.0,-999,21.2
107013,LA_UNION,2001,12,24,0.0,-999,21.8
107013,LA_UNION,2001,12,25,0.0,-999,21.0
107013,LA_UNION,2001,12,26,0.0,-999,20.4
107013,LA_UNION,2001,12,27,0.0,36.4,20.6
107013,LA_UNION,2001,12,28,0.0,34.4,22.2
107013,LA_UNION,2001,12,29,5.0,33.6,22.0
107013,LA_UNION,2001,12,30,2.2,34.2,21.6
107013,LA_UNION,2001,12,31,0.0,34.2,21.4
107013,LA_UNION,2002,01,01,0.0,35.4,22.2
107013,LA_UNION,2002,01,02,0.0,35.0,21.3
107013,LA_UNION,2002,01,03,0.0,35.4,20.2
107013,LA_UNION,2002,01,04,0.0,35.8,19.8
107013,LA_UNION,2002,01,05,0.0,37.2,21.0
107013,LA_UNION,2002,01,06,0.0,37.4,17.4
107013,LA_UNION,2002,01,07,0.0,37.0,19.0
107013,LA_UNION,2002,01,08,0.0,36.2,20.2
107013,LA_UNION,2002,01,09,0.0,33.2,19.8
107013,LA_UNION,2002,01,10,20.0,29.4,21.6
107013,LA_UNION,2002,01,11,0.0,-999,20.2
107013,LA_UNION,2002,01,12,0.0,-999,19.6
107013,LA_UNION,2002,01,13,3.5,35.2,18.8
107013,LA_UNION,2002,01,14,0.0,36.2,20.2
107013,LA_UNION,2002,01,15,0.0,36.4,19.6
107013,LA_UNION,2002,01,16,0.0,35.2,19.8
107013,LA_UNION,2002,01,17,0.0,-999,21.4
107013,LA_UNION,2002,01,18,0.0,-999,21.8
107013,LA_UNION,2002,01,19,0.0,32.4,20.6
107013,LA_UNION,2002,01,20,0.0,34.6,21.2
107013,LA_UNION,2002,01,21,0.0,35.0,21.2
107013,LA_UNION,2002,01,22,8.6,35.2,21.4
107013,LA_UNION,2002,01,23,5.0,35.4,19.2
107013,LA_UNION,2002,01,24,0.0,32.2,20.2
107013,LA_UNION,2002,01,25,0.0,35.6,20.4
107013,LA_UNION,2002,01,26,1.7,32.2,21.8
107013,LA_UNION,2002,01,27,0.0,34.8,19.8
107013,LA_UNION,2002,01,28,0.0,32.0,20.2
107013,LA_UNION,2002,01,29,0.0,34.4,19.2
107013,LA_UNION,2002,01,30,0.0,33.2,19.4
107013,LA_UNION,2002,01,31,0.0,34.4,20.6
107013,LA_UNION,2002,02,01,0.0,35.0,21.6
107013,LA_UNION,2002,02,02,0.0,32.4,22.0
107013,LA_UNION,2002,02,03,0.0,34.2,20.2
107013,LA_UNION,2002,02,04,0.0,-999,21.2
107013,LA_UNION,2002,02,05,0.0,-999,20.2
107013,LA_UNION,2002,02,06,35.6,34.4,20.4
107013,LA_UNION,2002,02,07,0.0,34.6,21.4
107013,LA_UNION,2002,02,08,0.0,34.2,21.6
107013,LA_UNION,2002,02,09,0.0,35.4,21.8
107013,LA_UNION,2002,02,10,7.0,34.6,20.6
107013,LA_UNION,2002,02,11,0.0,31.4,22.6
107013,LA_UNION,2002,02,12,0.0,34.8,20.4
107013,LA_UNION,2002,02,13,0.0,34.4,20.8
107013,LA_UNION,2002,02,14,0.0,31.8,19.4
107013,LA_UNION,2002,02,15,0.0,34.4,20.0
107013,LA_UNION,2002,02,16,1.1,33.2,22.4
107013,LA_UNION,2002,02,17,10.0,31.6,22.0
107013,LA_UNION,2002,02,18,0.0,33.0,21.0
107013,LA_UNION,2002,02,19,0.0,32.4,21.4
107013,LA_UNION,2002,02,20,0.0,34.2,21.2
107013,LA_UNION,2002,02,21,0.0,35.4,20.4
107013,LA_UNION,2002,02,22,0.0,37.2,21.4
107013,LA_UNION,2002,02,23,0.0,34.0,20.4
107013,LA_UNION,2002,02,24,2.2,32.2,21.4
107013,LA_UNION,2002,02,25,0.0,36.0,21.2
107013,LA_UNION,2002,02,26,0.0,38.2,19.0
107013,LA_UNION,2002,02,27,0.0,38.0,21.6
107013,LA_UNION,2002,02,28,0.0,34.2,21.8
107013,LA_UNION,2002,03,01,1.0,29.6,19.8
107013,LA_UNION,2002,03,02,3.5,-999,18.4
107013,LA_UNION,2002,03,03,0.0,35.4,20.4
107013,LA_UNION,2002,03,04,0.0,36.2,21.2
107013,LA_UNION,2002,03,05,29.5,32.6,21.8
107013,LA_UNION,2002,03,06,0.0,34.0,21.2
107013,LA_UNION,2002,03,07,7.5,35.8,19.6
107013,LA_UNION,2002,03,08,0.0,31.6,20.6
107013,LA_UNION,2002,03,09,0.0,32.6,20.8
107013,LA_UNION,2002,03,10,0.0,31.6,19.8
107013,LA_UNION,2002,03,11,0.0,-999,19.2
107013,LA_UNION,2002,03,12,0.0,-999,20.0
107013,LA_UNION,2002,03,13,3.6,31.4,20.4
107013,LA_UNION,2002,03,14,0.0,33.4,20.6
107013,LA_UNION,2002,03,15,4.2,36.2,19.6
107013,LA_UNION,2002,03,16,0.0,35.8,19.8
107013,LA_UNION,2002,03,17,0.0,35.4,20.4
107013,LA_UNION,2002,03,18,0.0,30.8,21.6
107013,LA_UNION,2002,03,19,0.0,33.2,21.4
107013,LA_UNION,2002,03,20,0.0,33.2,19.0
107013,LA_UNION,2002,03,21,0.0,34.6,19.8
107013,LA_UNION,2002,03,22,0.0,33.0,19.6
107013,LA_UNION,2002,03,23,5.5,33.1,19.3
107013,LA_UNION,2002,03,24,0.0,33.4,19.0
107013,LA_UNION,2002,03,25,0.0,35.0,21.0
107013,LA_UNION,2002,03,26,0.0,37.4,18.8
107013,LA_UNION,2002,03,27,4.5,-999,20.2
107013,LA_UNION,2002,03,28,15.2,-999,22.4
107013,LA_UNION,2002,03,29,1.2,33.6,22.2
107013,LA_UNION,2002,03,30,12.8,32.0,21.0
107013,LA_UNION,2002,03,31,9.3,33.2,20.8
107013,LA_UNION,2002,04,01,32.1,29.2,21.6
107013,LA_UNION,2002,04,02,3.2,30.0,20.6
107013,LA_UNION,2002,04,03,6.4,32.2,20.0
107013,LA_UNION,2002,04,04,0.0,30.4,20.2
107013,LA_UNION,2002,04,05,0.0,32.4,20.2
107013,LA_UNION,2002,04,06,0.0,34.6,21.4
107013,LA_UNION,2002,04,07,0.0,33.6,21.2
107013,LA_UNION,2002,04,08,0.0,31.6,21.4
107013,LA_UNION,2002,04,09,0.0,30.4,20.4
107013,LA_UNION,2002,04,10,0.0,35.4,20.6
107013,LA_UNION,2002,04,11,0.0,35.2,20.6
107013,LA_UNION,2002,04,12,0.0,32.2,21.4
107013,LA_UNION,2002,04,13,18.7,33.2,20.6
107013,LA_UNION,2002,04,14,13.5,29.8,21.2
107013,LA_UNION,2002,04,15,6.4,29.4,21.6
107013,LA_UNION,2002,04,16,2.1,31.4,21.2
107013,LA_UNION,2002,04,17,3.1,34.4,19.8
107013,LA_UNION,2002,04,18,0.0,33.6,20.2
107013,LA_UNION,2002,04,19,1.8,29.2,20.6
107013,LA_UNION,2002,04,20,0.0,30.2,20.4
107013,LA_UNION,2002,04,21,17.1,29.8,21.2
107013,LA_UNION,2002,04,22,4.7,29.8,21.6
107013,LA_UNION,2002,04,23,0.0,33.4,20.2
107013,LA_UNION,2002,04,24,0.0,29.2,21.4
107013,LA_UNION,2002,04,25,0.0,31.6,20.6
107013,LA_UNION,2002,04,26,0.0,33.8,20.6
107013,LA_UNION,2002,04,27,3.7,32.8,20.8
107013,LA_UNION,2002,04,28,0.0,31.8,21.4
107013,LA_UNION,2002,04,29,0.0,31.8,21.3
107013,LA_UNION,2002,04,30,0.0,33.8,21.0
107013,LA_UNION,2002,05,01,60.9,32.1,22.0
107013,LA_UNION,2002,05,02,0.0,30.2,19.0
107013,LA_UNION,2002,05,03,0.0,-999,21.2
107013,LA_UNION,2002,05,04,2.3,-999,23.0
107013,LA_UNION,2002,05,05,0.0,32.2,21.8
107013,LA_UNION,2002,05,06,1.1,33.1,19.6
107013,LA_UNION,2002,05,07,2.3,29.6,20.0
107013,LA_UNION,2002,05,08,0.0,31.4,19.8
107013,LA_UNION,2002,05,09,0.0,32.4,19.6
107013,LA_UNION,2002,05,10,1.2,29.4,20.0
107013,LA_UNION,2002,05,11,0.0,32.0,20.2
107013,LA_UNION,2002,05,12,8.3,33.2,20.6
107013,LA_UNION,2002,05,13,0.0,33.2,23.0
107013,LA_UNION,2002,05,14,0.0,33.4,20.2
107013,LA_UNION,2002,05,15,1.5,31.2,19.8
107013,LA_UNION,2002,05,16,0.0,32.2,20.1
107013,LA_UNION,2002,05,17,0.0,34.2,19.6
107013,LA_UNION,2002,05,18,0.0,34.1,20.6
107013,LA_UNION,2002,05,19,0.0,32.6,20.1
107013,LA_UNION,2002,05,20,0.0,33.6,20.6
107013,LA_UNION,2002,05,21,0.0,32.8,19.5
107013,LA_UNION,2002,05,22,3.1,33.2,19.6
107013,LA_UNION,2002,05,23,32.2,29.6,20.4
107013,LA_UNION,2002,05,24,4.0,31.8,20.4
107013,LA_UNION,2002,05,25,0.0,33.6,19.8
107013,LA_UNION,2002,05,26,0.0,33.8,21.2
107013,LA_UNION,2002,05,27,0.0,34.6,20.4
107013,LA_UNION,2002,05,28,0.0,33.6,21.8
107013,LA_UNION,2002,05,29,0.0,34.4,21.4
107013,LA_UNION,2002,05,30,0.0,32.6,20.2
107013,LA_UNION,2002,05,31,0.0,34.4,20.6
107013,LA_UNION,2002,06,01,0.0,32.6,21.2
107013,LA_UNION,2002,06,02,0.0,34.0,20.2
107013,LA_UNION,2002,06,03,0.0,34.6,21.4
107013,LA_UNION,2002,06,04,0.0,35.2,19.0
107013,LA_UNION,2002,06,05,0.0,35.6,19.2
107013,LA_UNION,2002,06,06,0.0,34.4,20.0
107013,LA_UNION,2002,06,07,0.0,35.6,19.2
107013,LA_UNION,2002,06,08,0.0,35.2,18.8
107013,LA_UNION,2002,06,09,28.5,35.2,17.4
107013,LA_UNION,2002,06,10,0.0,30.2,19.8
107013,LA_UNION,2002,06,11,0.0,32.2,20.4
107013,LA_UNION,2002,06,12,0.0,32.0,18.8
107013,LA_UNION,2002,06,13,0.0,34.0,18.2
107013,LA_UNION,2002,06,14,2.8,32.6,17.2
107013,LA_UNION,2002,06,15,9.9,27.6,18.0
107013,LA_UNION,2002,06,16,0.0,32.0,19.8
107013,LA_UNION,2002,06,17,0.0,31.8,18.0
107013,LA_UNION,2002,06,18,0.0,32.6,15.2
107013,LA_UNION,2002,06,19,0.0,-999,16.2
107013,LA_UNION,2002,06,20,25.5,-999,19.5
107013,LA_UNION,2002,06,21,0.0,31.0,19.2
107013,LA_UNION,2002,06,22,0.0,30.2,18.2
107013,LA_UNION,2002,06,23,0.0,31.6,16.2
107013,LA_UNION,2002,06,24,0.0,31.2,18.2
107013,LA_UNION,2002,06,25,0.0,29.6,19.0
107013,LA_UNION,2002,06,26,0.0,31.8,14.8
107013,LA_UNION,2002,06,27,0.0,32.0,16.0
107013,LA_UNION,2002,06,28,0.0,32.6,16.0
107013,LA_UNION,2002,06,29,0.0,32.4,17.2
107013,LA_UNION,2002,06,30,0.0,32.0,18.2
107013,LA_UNION,2002,07,01,0.0,31.4,19.2
107013,LA_UNION,2002,07,02,0.0,32.1,18.4
107013,LA_UNION,2002,07,03,0.0,32.6,18.0
107013,LA_UNION,2002,07,04,2.0,31.6,20.2
107013,LA_UNION,2002,07,05,0.0,30.0,20.0
107013,LA_UNION,2002,07,06,27.5,31.4,20.0
107013,LA_UNION,2002,07,07,11.0,27.4,20.4
107013,LA_UNION,2002,07,08,12.0,27.6,20.6
107013,LA_UNION,2002,07,09,0.0,-999,19.2
107013,LA_UNION,2002,07,10,0.0,-999,19.4
107013,LA_UNION,2002,07,11,0.0,28.8,18.0
107013,LA_UNION,2002,07,12,0.0,29.4,19.6
107013,LA_UNION,2002,07,13,0.0,32.4,20.2
107013,LA_UNION,2002,07,14,7.2,27.4,21.4
107013,LA_UNION,2002,07,15,0.0,31.6,19.6
107013,LA_UNION,2002,07,16,0.0,31.4,19.2
107013,LA_UNION,2002,07,17,0.0,31.8,18.2
107013,LA_UNION,2002,07,18,15.2,29.2,19.8
107013,LA_UNION,2002,07,19,0.0,31.2,19.0
107013,LA_UNION,2002,07,20,0.0,33.0,17.6
107013,LA_UNION,2002,07,21,0.0,33.8,17.2
107013,LA_UNION,2002,07,22,0.0,34.0,17.0
107013,LA_UNION,2002,07,23,0.0,32.8,17.2
107013,LA_UNION,2002,07,24,0.0,30.4,18.6
107013,LA_UNION,2002,07,25,0.0,33.4,18.2
107013,LA_UNION,2002,07,26,15.1,28.4,18.4
107013,LA_UNION,2002,07,27,0.0,31.6,18.2
107013,LA_UNION,2002,07,28,5.1,29.2,19.2
107013,LA_UNION,2002,07,29,0.0,-999,18.8
107013,LA_UNION,2002,07,30,0.0,-999,18.6
107013,LA_UNION,2002,07,31,0.0,34.2,18.0
107013,LA_UNION,2002,08,01,0.0,34.6,17.2
107013,LA_UNION,2002,08,02,5.2,31.0,16.0
107013,LA_UNION,2002,08,03,0.0,30.2,16.8
107013,LA_UNION,2002,08,04,0.0,32.4,17.6
107013,LA_UNION,2002,08,05,0.0,33.4,15.4
107013,LA_UNION,2002,08,06,0.0,35.0,15.6
107013,LA_UNION,2002,08,07,0.0,33.6,15.8
107013,LA_UNION,2002,08,08,0.0,35.2,18.8
107013,LA_UNION,2002,08,09,0.0,35.4,16.6
107013,LA_UNION,2002,08,10,0.0,35.3,16.8
107013,LA_UNION,2002,08,11,0.0,34.0,15.0
107013,LA_UNION,2002,08,12,0.0,30.2,15.4
107013,LA_UNION,2002,08,13,8.1,34.0,18.0
107013,LA_UNION,2002,08,14,0.0,32.6,17.4
107013,LA_UNION,2002,08,15,15.6,30.4,17.6
107013,LA_UNION,2002,08,16,0.5,29.2,19.2
107013,LA_UNION,2002,08,17,0.0,31.6,19.4
107013,LA_UNION,2002,08,18,0.0,32.6,17.4
107013,LA_UNION,2002,08,19,0.0,34.8,18.1
107013,LA_UNION,2002,08,20,0.0,30.8,16.2
107013,LA_UNION,2002,08,21,0.0,33.8,18.0
107013,LA_UNION,2002,08,22,0.0,32.0,17.4
107013,LA_UNION,2002,08,23,0.0,32.8,18.4
107013,LA_UNION,2002,08,24,0.0,33.6,19.6
107013,LA_UNION,2002,08,25,0.0,33.4,17.4
107013,LA_UNION,2002,08,26,0.0,35.0,16.8
107013,LA_UNION,2002,08,27,0.0,34.0,18.6
107013,LA_UNION,2002,08,28,0.0,35.4,17.4
107013,LA_UNION,2002,08,29,4.5,36.4,18.2
107013,LA_UNION,2002,08,30,2.2,34.0,20.0
107013,LA_UNION,2002,08,31,0.0,30.6,19.2
107013,LA_UNION,2002,09,01,0.0,34.0,19.4
107013,LA_UNION,2002,09,02,0.0,29.4,19.4
107013,LA_UNION,2002,09,03,0.0,32.4,15.8
107013,LA_UNION,2002,09,04,0.0,35.0,18.4
107013,LA_UNION,2002,09,05,0.0,34.8,16.4
107013,LA_UNION,2002,09,06,0.0,36.6,18.6
107013,LA_UNION,2002,09,07,0.0,36.6,17.0
107013,LA_UNION,2002,09,08,0.0,33.8,17.8
107013,LA_UNION,2002,09,09,0.0,33.6,19.4
107013,LA_UNION,2002,09,10,1.3,35.4,20.4
107013,LA_UNION,2002,09,11,0.0,36.0,16.6
107013,LA_UNION,2002,09,12,0.0,36.2,17.8
107013,LA_UNION,2002,09,13,0.0,34.4,17.8
107013,LA_UNION,2002,09,14,0.0,34.2,19.0
107013,LA_UNION,2002,09,15,0.0,37.4,18.4
107013,LA_UNION,2002,09,16,0.0,40.0,17.4
107013,LA_UNION,2002,09,17,0.0,35.6,20.4
107013,LA_UNION,2002,09,18,40.0,34.2,19.6
107013,LA_UNION,2002,09,19,0.0,32.6,18.8
107013,LA_UNION,2002,09,20,0.0,35.6,18.4
107013,LA_UNION,2002,09,21,1.3,36.6,18.6
107013,LA_UNION,2002,09,22,0.0,36.2,19.4
107013,LA_UNION,2002,09,23,0.0,37.4,18.4
107013,LA_UNION,2002,09,24,0.0,37.8,17.8
107013,LA_UNION,2002,09,25,0.0,35.2,17.6
107013,LA_UNION,2002,09,26,16.5,30.2,19.0
107013,LA_UNION,2002,09,27,1.6,-999,18.6
107013,LA_UNION,2002,09,28,0.0,-999,18.2
107013,LA_UNION,2002,09,29,0.0,-999,19.0
107013,LA_UNION,2002,09,30,0.0,35.8,18.2
107013,LA_UNION,2002,10,01,0.0,34.2,18.4
107013,LA_UNION,2002,10,02,1.0,34.6,20.2
107013,LA_UNION,2002,10,03,0.0,32.4,18.0
107013,LA_UNION,2002,10,04,0.0,33.2,19.2
107013,LA_UNION,2002,10,05,0.0,37.2,20.4
107013,LA_UNION,2002,10,06,0.0,37.6,18.4
107013,LA_UNION,2002,10,07,0.0,37.8,18.2
107013,LA_UNION,2002,10,08,36.4,-999,19.8
107013,LA_UNION,2002,10,09,0.0,29.0,19.6
107013,LA_UNION,2002,10,10,0.0,33.6,19.0
107013,LA_UNION,2002,10,11,0.0,33.6,19.8
107013,LA_UNION,2002,10,12,0.6,32.8,20.4
107013,LA_UNION,2002,10,13,0.0,32.6,21.8
107013,LA_UNION,2002,10,14,0.0,36.6,17.4
107013,LA_UNION,2002,10,15,0.0,37.6,17.6
107013,LA_UNION,2002,10,16,0.8,33.2,21.2
107013,LA_UNION,2002,10,17,14.2,33.2,20.0
107013,LA_UNION,2002,10,18,0.0,31.8,20.6
107013,LA_UNION,2002,10,19,0.0,35.4,18.4
107013,LA_UNION,2002,10,20,0.0,36.2,19.6
107013,LA_UNION,2002,10,21,25.4,33.8,19.8
107013,LA_UNION,2002,10,22,2.0,34.0,20.0
107013,LA_UNION,2002,10,23,0.0,32.0,20.2
107013,LA_UNION,2002,10,24,0.0,35.6,19.2
107013,LA_UNION,2002,10,25,0.0,30.6,20.2
107013,LA_UNION,2002,10,26,0.0,32.4,21.2
107013,LA_UNION,2002,10,27,0.0,32.2,20.4
107013,LA_UNION,2002,10,28,0.0,35.0,19.2
107013,LA_UNION,2002,10,29,1.2,30.6,20.4
107013,LA_UNION,2002,10,30,12.8,32.2,20.2
107013,LA_UNION,2002,10,31,0.3,32.2,21.0
107013,LA_UNION,2002,11,01,0.0,32.6,20.6
107013,LA_UNION,2002,11,02,0.0,33.4,21.0
107013,LA_UNION,2002,11,03,0.0,35.0,20.6
107013,LA_UNION,2002,11,04,0.0,35.2,18.4
107013,LA_UNION,2002,11,05,0.2,-999,21.6
107013,LA_UNION,2002,11,06,0.0,-999,19.4
107013,LA_UNION,2002,11,07,0.0,-999,18.8
107013,LA_UNION,2002,11,08,0.0,35.2,18.2
107013,LA_UNION,2002,11,09,0.0,36.4,18.2
107013,LA_UNION,2002,11,10,1.1,37.2,18.6
107013,LA_UNION,2002,11,11,0.0,35.6,17.2
107013,LA_UNION,2002,11,12,0.0,-999,18.4
107013,LA_UNION,2002,11,13,3.1,-999,21.8
107013,LA_UNION,2002,11,14,0.0,-999,19.2
107013,LA_UNION,2002,11,15,7.9,32.2,18.8
107013,LA_UNION,2002,11,16,2.5,30.2,19.8
107013,LA_UNION,2002,11,17,0.0,-999,20.2
107013,LA_UNION,2002,11,18,0.0,36.6,18.6
107013,LA_UNION,2002,11,19,4.1,36.8,19.4
107013,LA_UNION,2002,11,20,0.0,34.8,19.6
107013,LA_UNION,2002,11,21,18.1,33.8,19.6
107013,LA_UNION,2002,11,22,0.0,-999,19.0
107013,LA_UNION,2002,11,23,0.0,-999,18.2
107013,LA_UNION,2002,11,24,0.0,34.8,19.4
107013,LA_UNION,2002,11,25,0.0,36.6,17.6
107013,LA_UNION,2002,11,26,0.0,35.2,20.0
107013,LA_UNION,2002,11,27,0.0,35.6,19.6
107013,LA_UNION,2002,11,28,3.3,36.8,19.4
107013,LA_UNION,2002,11,29,4.9,34.6,20.4
107013,LA_UNION,2002,11,30,3.2,34.2,20.6
107013,LA_UNION,2002,12,01,0.0,35.0,19.2
107013,LA_UNION,2002,12,02,2.2,30.2,20.4
107013,LA_UNION,2002,12,03,0.0,35.2,19.8
107013,LA_UNION,2002,12,04,0.0,35.6,19.4
107013,LA_UNION,2002,12,05,0.0,35.8,21.8
107013,LA_UNION,2002,12,06,0.0,34.6,21.6
107013,LA_UNION,2002,12,07,0.0,36.6,21.8
107013,LA_UNION,2002,12,08,0.0,35.0,21.4
107013,LA_UNION,2002,12,09,0.0,36.8,19.6
107013,LA_UNION,2002,12,10,0.0,-999,22.0
107013,LA_UNION,2002,12,11,0.0,-999,20.2
107013,LA_UNION,2002,12,12,0.0,38.2,19.4
107013,LA_UNION,2002,12,13,22.5,34.6,21.4
107013,LA_UNION,2002,12,14,0.0,36.6,20.2
107013,LA_UNION,2002,12,15,1.3,-999,20.0
107013,LA_UNION,2002,12,16,0.0,-999,21.8
107013,LA_UNION,2002,12,17,0.0,-999,20.0
107013,LA_UNION,2002,12,18,0.0,-999,19.2
107013,LA_UNION,2002,12,19,0.0,37.2,17.8
107013,LA_UNION,2002,12,20,0.0,36.8,18.2
107013,LA_UNION,2002,12,21,0.0,32.3,19.4
107013,LA_UNION,2002,12,22,0.0,36.8,18.6
107013,LA_UNION,2002,12,23,0.0,35.2,21.8
107013,LA_UNION,2002,12,24,0.0,38.0,17.6
107013,LA_UNION,2002,12,25,3.2,35.4,21.6
107013,LA_UNION,2002,12,26,0.0,33.6,20.2
107013,LA_UNION,2002,12,27,0.0,35.0,20.4
107013,LA_UNION,2002,12,28,0.0,35.4,19.8
107013,LA_UNION,2002,12,29,0.0,38.6,21.6
107013,LA_UNION,2002,12,30,0.0,36.8,19.0
107013,LA_UNION,2002,12,31,0.0,36.6,20.2
107013,LA_UNION,2003,01,01,0.0,33.0,20.4
107013,LA_UNION,2003,01,02,0.0,36.0,18.8
107013,LA_UNION,2003,01,03,0.0,37.0,17.6
107013,LA_UNION,2003,01,04,0.0,39.0,19.0
107013,LA_UNION,2003,01,05,0.0,-999,19.2
107013,LA_UNION,2003,01,06,0.0,-999,21.4
107013,LA_UNION,2003,01,07,0.0,34.2,19.8
107013,LA_UNION,2003,01,08,0.0,38.4,22.2
107013,LA_UNION,2003,01,09,0.0,-999,20.4
107013,LA_UNION,2003,01,10,0.0,-999,21.2
107013,LA_UNION,2003,01,11,0.0,35.0,19.6
107013,LA_UNION,2003,01,12,0.0,36.8,19.4
107013,LA_UNION,2003,01,13,0.0,37.2,19.0
107013,LA_UNION,2003,01,14,0.0,37.8,20.0
107013,LA_UNION,2003,01,15,0.0,35.4,21.4
107013,LA_UNION,2003,01,16,3.4,32.4,20.4
107013,LA_UNION,2003,01,17,0.0,35.2,20.6
107013,LA_UNION,2003,01,18,0.0,38.0,20.0
107013,LA_UNION,2003,01,19,9.7,34.6,21.6
107013,LA_UNION,2003,01,20,10.6,31.6,20.2
107013,LA_UNION,2003,01,21,0.0,33.4,19.0
107013,LA_UNION,2003,01,22,0.0,36.0,20.0
107013,LA_UNION,2003,01,23,0.0,36.4,21.8
107013,LA_UNION,2003,01,24,3.1,32.2,22.6
107013,LA_UNION,2003,01,25,0.0,33.4,20.8
107013,LA_UNION,2003,01,26,0.0,33.6,21.4
107013,LA_UNION,2003,01,27,0.0,37.4,21.2
107013,LA_UNION,2003,01,28,4.1,-999,21.8
107013,LA_UNION,2003,01,29,0.0,-999,19.8
107013,LA_UNION,2003,01,30,2.5,33.2,20.4
107013,LA_UNION,2003,01,31,0.0,35.0,20.0
107013,LA_UNION,2003,02,01,3.5,33.8,20.4
107013,LA_UNION,2003,02,02,0.0,-999,19.6
107013,LA_UNION,2003,02,03,6.1,-999,21.0
107013,LA_UNION,2003,02,04,0.0,-999,20.0
107013,LA_UNION,2003,02,05,0.0,-999,19.2
107013,LA_UNION,2003,02,06,2.0,33.2,20.6
107013,LA_UNION,2003,02,07,13.2,-999,21.4
107013,LA_UNION,2003,02,08,6.5,-999,20.4
107013,LA_UNION,2003,02,09,9.5,32.2,20.8
107013,LA_UNION,2003,02,10,0.0,34.6,20.2
107013,LA_UNION,2003,02,11,0.0,35.4,21.4
107013,LA_UNION,2003,02,12,0.0,34.8,19.2
107013,LA_UNION,2003,02,13,0.0,36.6,19.6
107013,LA_UNION,2003,02,14,0.0,36.4,22.1
107013,LA_UNION,2003,02,15,0.0,36.6,20.6
107013,LA_UNION,2003,02,16,0.0,36.8,21.2
107013,LA_UNION,2003,02,17,0.0,37.0,20.8
107013,LA_UNION,2003,02,18,0.0,38.2,21.0
107013,LA_UNION,2003,02,19,0.0,37.8,20.6
107013,LA_UNION,2003,02,20,29.7,33.2,21.6
107013,LA_UNION,2003,02,21,0.0,31.0,19.8
107013,LA_UNION,2003,02,22,2.3,33.8,19.8
107013,LA_UNION,2003,02,23,1.7,30.0,19.4
107013,LA_UNION,2003,02,24,13.5,30.8,22.2
107013,LA_UNION,2003,02,25,0.0,34.8,21.4
107013,LA_UNION,2003,02,26,0.5,33.8,20.4
107013,LA_UNION,2003,02,27,0.0,33.6,19.6
107013,LA_UNION,2003,02,28,0.0,32.0,20.2
107013,LA_UNION,2003,03,01,1.7,30.6,20.4
107013,LA_UNION,2003,03,02,0.0,33.6,19.2
107013,LA_UNION,2003,03,03,15.2,-999,19.0
107013,LA_UNION,2003,03,04,4.5,-999,19.2
107013,LA_UNION,2003,03,05,0.0,-999,20.0
107013,LA_UNION,2003,03,06,3.3,32.4,20.4
107013,LA_UNION,2003,03,07,0.0,34.6,20.6
107013,LA_UNION,2003,03,08,0.0,33.4,20.4
107013,LA_UNION,2003,03,09,0.0,33.6,20.2
107013,LA_UNION,2003,03,10,0.0,33.0,21.4
107013,LA_UNION,2003,03,11,1.4,33.6,20.4
107013,LA_UNION,2003,03,12,21.5,29.2,21.4
107013,LA_UNION,2003,03,13,0.0,32.8,19.6
107013,LA_UNION,2003,03,14,0.0,34.6,19.8
107013,LA_UNION,2003,03,15,0.3,35.2,20.4
107013,LA_UNION,2003,03,16,1.4,31.4,21.2
107013,LA_UNION,2003,03,17,0.0,34.2,21.0
107013,LA_UNION,2003,03,18,0.0,29.4,21.8
107013,LA_UNION,2003,03,19,0.0,33.6,18.8
107013,LA_UNION,2003,03,20,0.0,35.6,20.2
107013,LA_UNION,2003,03,21,0.0,-999,18.4
107013,LA_UNION,2003,03,22,5.9,-999,21.2
107013,LA_UNION,2003,03,23,0.0,32.6,20.0
107013,LA_UNION,2003,03,24,0.0,34.6,19.2
107013,LA_UNION,2003,03,25,0.9,31.6,20.2
107013,LA_UNION,2003,03,26,17.1,33.8,19.4
107013,LA_UNION,2003,03,27,0.0,32.6,17.8
107013,LA_UNION,2003,03,28,7.5,29.2,18.0
107013,LA_UNION,2003,03,29,1.2,-999,19.2
107013,LA_UNION,2003,03,30,0.0,-999,20.8
107013,LA_UNION,2003,03,31,0.0,35.4,20.0
107013,LA_UNION,2003,04,01,0.0,34.4,21.6
107013,LA_UNION,2003,04,02,0.0,33.6,21.2
107013,LA_UNION,2003,04,03,0.0,33.8,20.6
107013,LA_UNION,2003,04,04,0.0,32.2,20.2
107013,LA_UNION,2003,04,05,0.0,34.4,19.8
107013,LA_UNION,2003,04,06,0.0,35.2,20.4
107013,LA_UNION,2003,04,07,0.0,35.8,21.0
107013,LA_UNION,2003,04,08,0.0,-999,22.4
107013,LA_UNION,2003,04,09,0.0,-999,21.4
107013,LA_UNION,2003,04,10,0.0,-999,19.2
107013,LA_UNION,2003,04,11,3.8,-999,20.4
107013,LA_UNION,2003,04,12,0.0,-999,19.0
107013,LA_UNION,2003,04,13,0.0,-999,19.2
107013,LA_UNION,2003,04,14,0.0,34.4,18.6
107013,LA_UNION,2003,04,15,0.0,35.4,17.2
107013,LA_UNION,2003,04,16,0.0,35.6,19.6
107013,LA_UNION,2003,04,17,0.0,36.2,17.2
107013,LA_UNION,2003,04,18,0.0,35.0,20.4
107013,LA_UNION,2003,04,19,0.0,37.0,20.0
107013,LA_UNION,2003,04,20,0.0,34.0,21.6
107013,LA_UNION,2003,04,21,8.5,33.4,20.4
107013,LA_UNION,2003,04,22,12.8,29.4,21.2
107013,LA_UNION,2003,04,23,0.5,28.8,20.2
107013,LA_UNION,2003,04,24,4.6,28.8,20.4
107013,LA_UNION,2003,04,25,0.0,30.0,20.4
107013,LA_UNION,2003,04,26,13.7,27.8,20.0
107013,LA_UNION,2003,04,27,2.4,30.8,19.6
107013,LA_UNION,2003,04,28,0.0,33.2,20.2
107013,LA_UNION,2003,04,29,0.0,34.2,18.6
107013,LA_UNION,2003,04,30,3.9,31.6,19.2
107013,LA_UNION,2003,05,01,0.0,31.8,20.0
107013,LA_UNION,2003,05,02,23.6,27.1,20.4
107013,LA_UNION,2003,05,03,0.0,30.6,18.6
107013,LA_UNION,2003,05,04,0.0,33.8,18.6
107013,LA_UNION,2003,05,05,11.0,-999,19.4
107013,LA_UNION,2003,05,06,5.2,-999,20.0
107013,LA_UNION,2003,05,07,0.0,30.0,18.4
107013,LA_UNION,2003,05,08,0.0,28.8,18.8
107013,LA_UNION,2003,05,09,0.0,30.6,18.4
107013,LA_UNION,2003,05,10,0.0,31.4,16.8
107013,LA_UNION,2003,05,11,3.7,-999,18.0
107013,LA_UNION,2003,05,12,3.7,-999,20.4
107013,LA_UNION,2003,05,13,9.5,26.4,20.2
107013,LA_UNION,2003,05,14,2.2,31.2,20.0
107013,LA_UNION,2003,05,15,2.4,30.2,19.2
107013,LA_UNION,2003,05,16,0.0,31.6,19.4
107013,LA_UNION,2003,05,17,4.7,31.0,20.8
107013,LA_UNION,2003,05,18,0.0,31.0,20.4
107013,LA_UNION,2003,05,19,8.6,32.2,20.6
107013,LA_UNION,2003,05,20,0.0,31.2,19.8
107013,LA_UNION,2003,05,21,0.0,31.8,19.4
107013,LA_UNION,2003,05,22,0.0,30.6,18.6
107013,LA_UNION,2003,05,23,0.0,30.6,19.4
107013,LA_UNION,2003,05,24,0.0,32.2,20.2
107013,LA_UNION,2003,05,25,0.0,32.8,19.2
107013,LA_UNION,2003,05,26,0.0,33.8,19.2
107013,LA_UNION,2003,05,27,1.5,32.0,19.0
107013,LA_UNION,2003,05,28,1.7,32.2,18.6
107013,LA_UNION,2003,05,29,0.0,30.1,16.6
107013,LA_UNION,2003,05,30,0.0,32.2,20.4
107013,LA_UNION,2003,05,31,0.0,32.0,21.0
107013,LA_UNION,2003,06,01,3.5,28.8,22.4
107013,LA_UNION,2003,06,02,0.0,33.6,20.4
107013,LA_UNION,2003,06,03,0.0,34.4,19.8
107013,LA_UNION,2003,06,04,0.0,30.4,20.6
107013,LA_UNION,2003,06,05,1.6,31.4,22.2
107013,LA_UNION,2003,06,06,0.0,29.6,21.6
107013,LA_UNION,2003,06,07,0.0,32.0,20.6
107013,LA_UNION,2003,06,08,6.7,28.4,21.0
107013,LA_UNION,2003,06,09,0.0,31.2,21.0
107013,LA_UNION,2003,06,10,0.0,32.2,19.8
107013,LA_UNION,2003,06,11,0.0,33.0,19.6
107013,LA_UNION,2003,06,12,0.0,33.4,19.8
107013,LA_UNION,2003,06,13,0.0,34.4,19.6
107013,LA_UNION,2003,06,14,0.0,-999,19.8
107013,LA_UNION,2003,06,15,0.0,-999,21.0
107013,LA_UNION,2003,06,16,0.0,-999,19.4
107013,LA_UNION,2003,06,17,0.0,31.6,19.0
107013,LA_UNION,2003,06,18,0.0,33.8,19.2
107013,LA_UNION,2003,06,19,10.4,-999,17.4
107013,LA_UNION,2003,06,20,25.3,-999,21.2
107013,LA_UNION,2003,06,21,0.0,25.6,19.8
107013,LA_UNION,2003,06,22,0.0,30.6,20.2
107013,LA_UNION,2003,06,23,2.5,32.0,21.0
107013,LA_UNION,2003,06,24,0.0,31.6,19.8
107013,LA_UNION,2003,06,25,1.2,30.6,20.6
107013,LA_UNION,2003,06,26,0.0,31.8,20.4
107013,LA_UNION,2003,06,27,0.0,31.6,20.2
107013,LA_UNION,2003,06,28,0.0,-999,20.6
107013,LA_UNION,2003,06,29,5.4,-999,20.0
107013,LA_UNION,2003,06,30,0.0,31.0,20.2
107013,LA_UNION,2003,07,01,0.0,33.2,19.2
107013,LA_UNION,2003,07,02,0.0,31.4,19.0
107013,LA_UNION,2003,07,03,0.0,31.2,19.4
107013,LA_UNION,2003,07,04,0.0,32.0,17.6
107013,LA_UNION,2003,07,05,0.0,32.8,18.8
107013,LA_UNION,2003,07,06,0.0,33.6,19.8
107013,LA_UNION,2003,07,07,0.0,34.0,19.2
107013,LA_UNION,2003,07,08,0.0,34.4,19.2
107013,LA_UNION,2003,07,09,0.0,34.0,17.8
107013,LA_UNION,2003,07,10,1.5,-999,18.4
107013,LA_UNION,2003,07,11,4.8,30.6,19.8
107013,LA_UNION,2003,07,12,0.0,28.6,21.4
107013,LA_UNION,2003,07,13,0.0,30.0,18.2
107013,LA_UNION,2003,07,14,0.0,33.2,16.0
107013,LA_UNION,2003,07,15,0.0,33.0,16.2
107013,LA_UNION,2003,07,16,0.0,33.4,15.8
107013,LA_UNION,2003,07,17,5.8,31.8,17.6
107013,LA_UNION,2003,07,18,0.0,31.0,18.0
107013,LA_UNION,2003,07,19,0.0,30.6,18.0
107013,LA_UNION,2003,07,20,0.0,33.2,18.4
107013,LA_UNION,2003,07,21,0.0,34.0,17.0
107013,LA_UNION,2003,07,22,0.5,29.4,18.2
107013,LA_UNION,2003,07,23,0.0,31.0,19.0
107013,LA_UNION,2003,07,24,0.0,31.8,18.8
107013,LA_UNION,2003,07,25,0.0,29.2,19.0
107013,LA_UNION,2003,07,26,13.5,29.8,19.8
107013,LA_UNION,2003,07,27,0.0,31.4,19.2
107013,LA_UNION,2003,07,28,0.0,31.6,19.0
107013,LA_UNION,2003,07,29,0.0,33.2,19.6
107013,LA_UNION,2003,07,30,0.0,33.0,20.4
107013,LA_UNION,2003,07,31,0.0,34.2,18.4
107013,LA_UNION,2003,08,01,0.0,35.2,20.8
107013,LA_UNION,2003,08,02,0.0,33.4,18.0
107013,LA_UNION,2003,08,03,0.0,31.0,20.2
107013,LA_UNION,2003,08,04,0.0,34.2,20.0
107013,LA_UNION,2003,08,05,0.0,36.0,17.6
107013,LA_UNION,2003,08,06,0.0,34.8,18.6
107013,LA_UNION,2003,08,07,0.0,35.6,18.4
107013,LA_UNION,2003,08,08,20.0,-999,19.8
107013,LA_UNION,2003,08,09,24.9,-999,22.0
107013,LA_UNION,2003,08,10,0.0,26.4,20.0
107013,LA_UNION,2003,08,11,0.0,30.2,18.0
107013,LA_UNION,2003,08,12,0.0,32.2,19.4
107013,LA_UNION,2003,08,13,0.0,33.0,18.0
107013,LA_UNION,2003,08,14,0.0,33.8,17.6
107013,LA_UNION,2003,08,15,0.0,33.2,18.2
107013,LA_UNION,2003,08,16,0.0,-999,19.8
107013,LA_UNION,2003,08,17,3.7,-999,18.8
107013,LA_UNION,2003,08,18,0.0,-999,18.4
107013,LA_UNION,2003,08,19,0.0,32.8,18.2
107013,LA_UNION,2003,08,20,0.0,34.4,18.0
107013,LA_UNION,2003,08,21,0.0,33.0,19.4
107013,LA_UNION,2003,08,22,0.0,33.6,19.0
107013,LA_UNION,2003,08,23,13.4,34.1,20.0
107013,LA_UNION,2003,08,24,0.0,32.4,20.4
107013,LA_UNION,2003,08,25,0.0,33.2,19.0
107013,LA_UNION,2003,08,26,8.6,-999,20.2
107013,LA_UNION,2003,08,27,0.0,31.0,16.8
107013,LA_UNION,2003,08,28,0.0,31.6,18.2
107013,LA_UNION,2003,08,29,0.0,30.6,16.6
107013,LA_UNION,2003,08,30,0.0,32.4,17.0
107013,LA_UNION,2003,08,31,0.0,32.4,18.4
107013,LA_UNION,2003,09,01,0.0,34.8,15.8
107013,LA_UNION,2003,09,02,1.0,35.4,19.6
107013,LA_UNION,2003,09,03,0.0,34.8,19.4
107013,LA_UNION,2003,09,04,0.0,32.4,18.2
107013,LA_UNION,2003,09,05,0.0,35.6,18.4
107013,LA_UNION,2003,09,06,0.0,34.8,20.0
107013,LA_UNION,2003,09,07,0.0,35.4,19.2
107013,LA_UNION,2003,09,08,0.0,36.0,19.0
107013,LA_UNION,2003,09,09,0.0,-999,21.2
107013,LA_UNION,2003,09,10,2.6,-999,21.0
107013,LA_UNION,2003,09,11,5.8,-999,17.6
107013,LA_UNION,2003,09,12,0.0,-999,17.2
107013,LA_UNION,2003,09,13,0.0,-999,16.8
107013,LA_UNION,2003,09,14,0.0,35.6,17.4
107013,LA_UNION,2003,09,15,0.0,-999,17.0
107013,LA_UNION,2003,09,16,0.0,-999,19.8
107013,LA_UNION,2003,09,17,0.0,-999,20.4
107013,LA_UNION,2003,09,18,0.0,-999,20.4
107013,LA_UNION,2003,09,19,0.0,34.8,18.0
107013,LA_UNION,2003,09,20,0.0,35.6,19.6
107013,LA_UNION,2003,09,21,0.0,35.2,20.0
107013,LA_UNION,2003,09,22,10.5,31.2,21.2
107013,LA_UNION,2003,09,23,0.0,33.6,20.2
107013,LA_UNION,2003,09,24,0.0,36.0,20.0
107013,LA_UNION,2003,09,25,0.0,36.8,19.0
107013,LA_UNION,2003,09,26,23.6,-999,20.0
107013,LA_UNION,2003,09,27,0.4,-999,19.8
107013,LA_UNION,2003,09,28,0.5,35.4,20.4
107013,LA_UNION,2003,09,29,0.0,-999,21.8
107013,LA_UNION,2003,09,30,2.5,-999,22.6
107013,LA_UNION,2003,10,01,0.0,32.4,21.2
107013,LA_UNION,2003,10,02,0.0,34.2,20.2
107013,LA_UNION,2003,10,03,0.3,35.4,21.3
107013,LA_UNION,2003,10,04,0.0,33.4,18.2
107013,LA_UNION,2003,10,05,0.0,35.8,20.2
107013,LA_UNION,2003,10,06,0.0,35.4,20.4
107013,LA_UNION,2003,10,07,2.1,-999,21.0
107013,LA_UNION,2003,10,08,5.5,-999,20.8
107013,LA_UNION,2003,10,09,0.0,-999,19.6
107013,LA_UNION,2003,10,10,0.0,37.2,20.8
107013,LA_UNION,2003,10,11,25.5,34.6,21.8
107013,LA_UNION,2003,10,12,5.2,-999,20.8
107013,LA_UNION,2003,10,13,0.0,31.6,20.4
107013,LA_UNION,2003,10,14,0.0,29.2,18.6
107013,LA_UNION,2003,10,15,0.0,34.2,20.2
107013,LA_UNION,2003,10,16,0.0,35.0,19.6
107013,LA_UNION,2003,10,17,0.0,35.4,18.4
107013,LA_UNION,2003,10,18,0.0,35.6,18.6
107013,LA_UNION,2003,10,19,0.0,36.6,18.4
107013,LA_UNION,2003,10,20,0.0,37.0,19.8
107013,LA_UNION,2003,10,21,0.0,36.4,21.0
107013,LA_UNION,2003,10,22,0.0,35.6,20.2
107013,LA_UNION,2003,10,23,0.0,36.2,20.4
107013,LA_UNION,2003,10,24,0.0,36.4,22.8
107013,LA_UNION,2003,10,25,0.0,35.8,21.8
107013,LA_UNION,2003,10,26,0.0,37.8,21.6
107013,LA_UNION,2003,10,27,0.0,34.4,20.4
107013,LA_UNION,2003,10,28,1.4,33.2,20.4
107013,LA_UNION,2003,10,29,0.0,30.2,20.2
107013,LA_UNION,2003,10,30,0.0,34.2,19.8
107013,LA_UNION,2003,10,31,0.0,35.4,21.0
107013,LA_UNION,2003,11,01,1.6,32.4,22.0
107013,LA_UNION,2003,11,02,0.0,27.6,21.8
107013,LA_UNION,2003,11,03,0.0,32.2,21.2
107013,LA_UNION,2003,11,04,0.0,34.4,21.8
107013,LA_UNION,2003,11,05,0.0,35.4,18.0
107013,LA_UNION,2003,11,06,14.6,35.6,20.4
107013,LA_UNION,2003,11,07,0.0,31.4,21.4
107013,LA_UNION,2003,11,08,0.0,34.8,20.6
107013,LA_UNION,2003,11,09,0.0,36.2,19.8
107013,LA_UNION,2003,11,10,15.5,33.2,18.6
107013,LA_UNION,2003,11,11,0.0,30.1,21.4
107013,LA_UNION,2003,11,12,0.0,33.8,20.2
107013,LA_UNION,2003,11,13,0.0,35.6,20.0
107013,LA_UNION,2003,11,14,7.2,34.8,20.6
107013,LA_UNION,2003,11,15,0.0,32.0,21.2
107013,LA_UNION,2003,11,16,0.0,34.4,20.0
107013,LA_UNION,2003,11,17,0.0,35.8,20.0
107013,LA_UNION,2003,11,18,0.0,37.4,19.6
107013,LA_UNION,2003,11,19,-888,37.6,21.2
107013,LA_UNION,2003,11,20,13.5,-999,22.8
107013,LA_UNION,2003,11,21,10.1,-999,20.6
107013,LA_UNION,2003,11,22,0.0,32.2,20.4
107013,LA_UNION,2003,11,23,0.0,35.4,20.0
107013,LA_UNION,2003,11,24,0.0,36.2,20.2
107013,LA_UNION,2003,11,25,0.0,35.6,20.4
107013,LA_UNION,2003,11,26,4.2,34.6,21.8
107013,LA_UNION,2003,11,27,0.0,32.2,20.4
107013,LA_UNION,2003,11,28,0.0,36.0,20.2
107013,LA_UNION,2003,11,29,0.0,-999,20.0
107013,LA_UNION,2003,11,30,1.8,-999,21.6
107013,LA_UNION,2003,12,01,3.2,30.0,21.6
107013,LA_UNION,2003,12,02,0.0,34.0,21.2
107013,LA_UNION,2003,12,03,3.1,32.2,22.0
107013,LA_UNION,2003,12,04,0.5,32.4,21.8
107013,LA_UNION,2003,12,05,0.0,32.8,19.8
107013,LA_UNION,2003,12,06,16.2,35.4,21.4
107013,LA_UNION,2003,12,07,0.0,33.6,20.0
107013,LA_UNION,2003,12,08,0.0,33.6,21.2
107013,LA_UNION,2003,12,09,0.0,35.2,20.4
107013,LA_UNION,2003,12,10,0.0,34.8,21.4
107013,LA_UNION,2003,12,11,1.1,-999,21.8
107013,LA_UNION,2003,12,12,1.6,-999,21.6
107013,LA_UNION,2003,12,13,0.0,31.2,22.0
107013,LA_UNION,2003,12,14,0.0,34.4,20.6
107013,LA_UNION,2003,12,15,0.0,34.2,19.6
107013,LA_UNION,2003,12,16,0.0,32.0,19.4
107013,LA_UNION,2003,12,17,24.6,-999,20.4
107013,LA_UNION,2003,12,18,7.5,-999,20.2
107013,LA_UNION,2003,12,19,0.0,30.0,20.0
107013,LA_UNION,2003,12,20,0.0,33.4,20.6
107013,LA_UNION,2003,12,21,1.1,30.2,21.8
107013,LA_UNION,2003,12,22,0.0,33.6,21.4
107013,LA_UNION,2003,12,23,1.5,32.4,19.8
107013,LA_UNION,2003,12,24,10.1,33.6,21.8
107013,LA_UNION,2003,12,25,16.1,29.4,21.4
107013,LA_UNION,2003,12,26,1.5,30.6,20.6
107013,LA_UNION,2003,12,27,0.5,33.0,20.4
107013,LA_UNION,2003,12,28,5.2,-999,21.4
107013,LA_UNION,2003,12,29,2.3,-999,21.2
107013,LA_UNION,2003,12,30,0.0,31.8,21.2
107013,LA_UNION,2003,12,31,0.0,31.0,20.0
107013,LA_UNION,2004,01,01,0.0,31.4,19.4
107013,LA_UNION,2004,01,02,0.0,31.6,21.2
107013,LA_UNION,2004,01,03,0.0,32.8,20.4
107013,LA_UNION,2004,01,04,0.0,35.4,19.0
107013,LA_UNION,2004,01,05,0.0,34.3,20.2
107013,LA_UNION,2004,01,06,0.0,34.0,21.2
107013,LA_UNION,2004,01,07,0.6,31.4,20.6
107013,LA_UNION,2004,01,08,0.0,34.2,19.8
107013,LA_UNION,2004,01,09,0.0,35.2,20.8
107013,LA_UNION,2004,01,10,0.0,36.6,22.2
107013,LA_UNION,2004,01,11,0.0,36.2,20.6
107013,LA_UNION,2004,01,12,0.0,35.4,21.8
107013,LA_UNION,2004,01,13,0.0,35.6,20.6
107013,LA_UNION,2004,01,14,0.0,35.8,21.4
107013,LA_UNION,2004,01,15,0.0,37.4,22.4
107013,LA_UNION,2004,01,16,5.3,37.2,21.4
107013,LA_UNION,2004,01,17,0.3,35.2,21.8
107013,LA_UNION,2004,01,18,0.0,36.2,22.0
107013,LA_UNION,2004,01,19,0.0,37.0,21.4
107013,LA_UNION,2004,01,20,0.0,35.6,20.4
107013,LA_UNION,2004,01,21,0.0,36.2,21.2
107013,LA_UNION,2004,01,22,0.0,36.8,21.8
107013,LA_UNION,2004,01,23,0.0,-999,21.6
107013,LA_UNION,2004,01,24,0.0,-999,21.7
107013,LA_UNION,2004,01,25,0.0,35.8,20.0
107013,LA_UNION,2004,01,26,0.0,31.8,20.4
107013,LA_UNION,2004,01,27,0.0,33.6,19.8
107013,LA_UNION,2004,01,28,0.0,37.2,19.4
107013,LA_UNION,2004,01,29,0.0,37.8,19.8
107013,LA_UNION,2004,01,30,0.0,37.6,20.6
107013,LA_UNION,2004,01,31,0.0,36.6,19.6
107013,LA_UNION,2004,02,01,6.4,-999,20.6
107013,LA_UNION,2004,02,02,15.2,-999,19.4
107013,LA_UNION,2004,02,03,0.0,33.6,19.8
107013,LA_UNION,2004,02,04,0.0,36.0,20.0
107013,LA_UNION,2004,02,05,0.0,33.2,20.4
107013,LA_UNION,2004,02,06,0.0,31.6,20.2
107013,LA_UNION,2004,02,07,0.0,33.6,20.4
107013,LA_UNION,2004,02,08,0.0,-999,20.6
107013,LA_UNION,2004,02,09,0.0,-999,21.8
107013,LA_UNION,2004,02,10,0.0,33.0,19.0
107013,LA_UNION,2004,02,11,0.0,35.0,19.6
107013,LA_UNION,2004,02,12,0.0,35.4,19.8
107013,LA_UNION,2004,02,13,0.0,37.2,20.0
107013,LA_UNION,2004,02,14,0.0,37.4,18.8
107013,LA_UNION,2004,02,15,0.0,38.0,20.4
107013,LA_UNION,2004,02,16,1.3,36.8,21.8
107013,LA_UNION,2004,02,17,0.0,36.3,22.4
107013,LA_UNION,2004,02,18,1.3,31.6,21.8
107013,LA_UNION,2004,02,19,0.0,31.8,21.6
107013,LA_UNION,2004,02,20,60.2,32.6,22.0
107013,LA_UNION,2004,02,21,2.5,-999,21.8
107013,LA_UNION,2004,02,22,15.2,-999,21.2
107013,LA_UNION,2004,02,23,0.0,-999,19.8
107013,LA_UNION,2004,02,24,0.0,35.2,20.6
107013,LA_UNION,2004,02,25,0.4,36.4,19.0
107013,LA_UNION,2004,02,26,0.0,33.4,20.0
107013,LA_UNION,2004,02,27,0.4,35.0,20.8
107013,LA_UNION,2004,02,28,1.7,30.6,20.2
107013,LA_UNION,2004,02,29,0.0,33.8,19.0
107013,LA_UNION,2004,03,01,0.0,35.4,20.0
107013,LA_UNION,2004,03,02,0.0,32.2,20.2
107013,LA_UNION,2004,03,03,0.0,29.0,19.6
107013,LA_UNION,2004,03,04,0.0,33.6,19.6
107013,LA_UNION,2004,03,05,0.0,31.8,20.6
107013,LA_UNION,2004,03,06,0.0,33.8,19.6
107013,LA_UNION,2004,03,07,0.0,33.6,19.2
107013,LA_UNION,2004,03,08,0.0,35.6,19.8
107013,LA_UNION,2004,03,09,6.7,31.2,20.2
107013,LA_UNION,2004,03,10,8.4,30.0,19.8
107013,LA_UNION,2004,03,11,0.0,32.6,19.4
107013,LA_UNION,2004,03,12,2.5,31.2,19.8
107013,LA_UNION,2004,03,13,1.5,32.8,20.8
107013,LA_UNION,2004,03,14,0.0,32.4,21.8
107013,LA_UNION,2004,03,15,0.0,32.6,20.6
107013,LA_UNION,2004,03,16,7.6,34.4,20.8
107013,LA_UNION,2004,03,17,0.0,34.8,20.4
107013,LA_UNION,2004,03,18,0.0,35.2,20.2
107013,LA_UNION,2004,03,19,0.0,33.0,19.4
107013,LA_UNION,2004,03,20,0.0,34.6,19.8
107013,LA_UNION,2004,03,21,3.7,31.8,20.8
107013,LA_UNION,2004,03,22,0.0,29.4,21.4
107013,LA_UNION,2004,03,23,27.7,30.8,20.4
107013,LA_UNION,2004,03,24,12.4,32.4,21.1
107013,LA_UNION,2004,03,25,5.2,30.2,20.6
107013,LA_UNION,2004,03,26,0.0,33.1,21.4
107013,LA_UNION,2004,03,27,0.0,30.2,21.2
107013,LA_UNION,2004,03,28,2.7,32.8,20.4
107013,LA_UNION,2004,03,29,0.0,30.2,20.2
107013,LA_UNION,2004,03,30,0.0,31.4,21.2
107013,LA_UNION,2004,03,31,0.0,31.6,20.6
107013,LA_UNION,2004,04,01,0.0,33.8,19.8
107013,LA_UNION,2004,04,02,2.2,33.1,20.6
107013,LA_UNION,2004,04,03,0.0,33.4,21.6
107013,LA_UNION,2004,04,04,0.0,32.4,21.8
107013,LA_UNION,2004,04,05,0.0,32.0,19.8
107013,LA_UNION,2004,04,06,0.0,-999,19.6
107013,LA_UNION,2004,04,07,0.0,-999,19.8
107013,LA_UNION,2004,04,08,0.0,36.0,19.2
107013,LA_UNION,2004,04,09,0.0,31.6,19.6
107013,LA_UNION,2004,04,10,0.0,31.8,19.8
107013,LA_UNION,2004,04,11,0.0,34.0,19.4
107013,LA_UNION,2004,04,12,0.0,35.8,19.2
107013,LA_UNION,2004,04,13,5.2,32.4,20.6
107013,LA_UNION,2004,04,14,0.0,34.8,21.0
107013,LA_UNION,2004,04,15,0.0,-999,21.0
107013,LA_UNION,2004,04,16,0.0,-999,21.6
107013,LA_UNION,2004,04,17,0.0,34.4,19.8
107013,LA_UNION,2004,04,18,8.4,34.2,20.6
107013,LA_UNION,2004,04,19,15.5,33.2,21.4
107013,LA_UNION,2004,04,20,0.0,32.8,20.8
107013,LA_UNION,2004,04,21,0.0,32.0,20.4
107013,LA_UNION,2004,04,22,4.2,35.6,19.6
107013,LA_UNION,2004,04,23,2.4,34.2,17.8
107013,LA_UNION,2004,04,24,0.0,32.4,20.4
107013,LA_UNION,2004,04,25,0.0,34.6,20.6
107013,LA_UNION,2004,04,26,0.0,32.8,19.8
107013,LA_UNION,2004,04,27,0.0,30.1,20.0
107013,LA_UNION,2004,04,28,0.0,32.0,19.6
107013,LA_UNION,2004,04,29,0.0,34.2,19.2
107013,LA_UNION,2004,04,30,0.0,31.8,20.4
107013,LA_UNION,2004,05,01,3.4,34.2,20.6
107013,LA_UNION,2004,05,02,0.0,32.8,20.4
107013,LA_UNION,2004,05,03,0.0,33.2,21.6
107013,LA_UNION,2004,05,04,0.0,31.2,22.0
107013,LA_UNION,2004,05,05,15.4,33.2,21.8
107013,LA_UNION,2004,05,06,0.0,33.2,20.2
107013,LA_UNION,2004,05,07,0.0,31.4,20.2
107013,LA_UNION,2004,05,08,0.0,31.2,18.6
107013,LA_UNION,2004,05,09,0.0,32.4,18.4
107013,LA_UNION,2004,05,10,0.0,34.4,18.0
107013,LA_UNION,2004,05,11,0.0,33.4,17.8
107013,LA_UNION,2004,05,12,0.0,35.6,17.8
107013,LA_UNION,2004,05,13,0.0,36.2,18.0
107013,LA_UNION,2004,05,14,0.6,33.8,20.6
107013,LA_UNION,2004,05,15,0.0,33.8,19.6
107013,LA_UNION,2004,05,16,0.0,33.4,19.4
107013,LA_UNION,2004,05,17,0.0,33.8,18.4
107013,LA_UNION,2004,05,18,0.0,32.4,18.8
107013,LA_UNION,2004,05,19,0.0,33.6,17.8
107013,LA_UNION,2004,05,20,0.0,34.8,19.0
107013,LA_UNION,2004,05,21,0.0,35.8,18.6
107013,LA_UNION,2004,05,22,0.0,35.8,18.4
107013,LA_UNION,2004,05,23,1.7,-999,19.6
107013,LA_UNION,2004,05,24,0.0,-999,20.4
107013,LA_UNION,2004,05,25,0.0,-999,17.4
107013,LA_UNION,2004,05,26,6.3,33.2,19.2
107013,LA_UNION,2004,05,27,0.0,30.8,19.0
107013,LA_UNION,2004,05,28,0.0,31.6,19.2
107013,LA_UNION,2004,05,29,0.0,32.0,19.8
107013,LA_UNION,2004,05,30,0.0,32.8,19.2
107013,LA_UNION,2004,05,31,-999,35.2,16.6
107013,LA_UNION,2004,06,01,0.0,35.0,19.8
107013,LA_UNION,2004,06,02,2.2,-999,19.6
107013,LA_UNION,2004,06,03,0.0,-999,19.4
107013,LA_UNION,2004,06,04,0.0,-999,16.8
107013,LA_UNION,2004,06,05,0.0,34.8,16.4
107013,LA_UNION,2004,06,06,0.0,33.6,15.8
107013,LA_UNION,2004,06,07,0.0,28.8,18.6
107013,LA_UNION,2004,06,08,0.0,30.6,18.4
107013,LA_UNION,2004,06,09,3.5,-999,18.0
107013,LA_UNION,2004,06,10,0.0,-999,18.0
107013,LA_UNION,2004,06,11,0.0,32.2,18.8
107013,LA_UNION,2004,06,12,4.6,31.6,19.0
107013,LA_UNION,2004,06,13,3.3,26.8,18.8
107013,LA_UNION,2004,06,14,0.0,29.8,16.2
107013,LA_UNION,2004,06,15,0.0,31.8,16.8
107013,LA_UNION,2004,06,16,0.0,32.0,16.6
107013,LA_UNION,2004,06,17,0.0,33.2,15.6
107013,LA_UNION,2004,06,18,0.0,-999,15.8
107013,LA_UNION,2004,06,19,22.6,-999,16.6
107013,LA_UNION,2004,06,20,0.0,35.4,17.8
107013,LA_UNION,2004,06,21,0.0,33.6,18.6
107013,LA_UNION,2004,06,22,0.0,30.6,18.2
107013,LA_UNION,2004,06,23,0.0,28.6,19.6
107013,LA_UNION,2004,06,24,0.0,30.8,18.4
107013,LA_UNION,2004,06,25,0.0,31.4,17.4
107013,LA_UNION,2004,06,26,0.0,30.8,18.2
107013,LA_UNION,2004,06,27,21.8,29.6,17.6
107013,LA_UNION,2004,06,28,0.0,29.8,19.4
107013,LA_UNION,2004,06,29,0.0,32.8,16.8
107013,LA_UNION,2004,06,30,0.0,32.8,16.8
107013,LA_UNION,2004,07,01,0.0,31.6,18.6
107013,LA_UNION,2004,07,02,0.0,29.2,19.6
107013,LA_UNION,2004,07,03,0.0,31.4,20.4
107013,LA_UNION,2004,07,04,1.8,28.2,19.2
107013,LA_UNION,2004,07,05,7.3,31.0,18.6
107013,LA_UNION,2004,07,06,0.0,30.8,19.6
107013,LA_UNION,2004,07,07,0.0,33.4,17.2
107013,LA_UNION,2004,07,08,0.0,33.4,17.8
107013,LA_UNION,2004,07,09,0.0,34.4,17.2
107013,LA_UNION,2004,07,10,0.0,34.8,18.0
107013,LA_UNION,2004,07,11,9.4,34.9,19.6
107013,LA_UNION,2004,07,12,0.0,32.6,18.8
107013,LA_UNION,2004,07,13,0.0,33.4,17.8
107013,LA_UNION,2004,07,14,4.8,-999,19.0
107013,LA_UNION,2004,07,15,51.8,-999,18.6
107013,LA_UNION,2004,07,16,0.0,29.8,17.2
107013,LA_UNION,2004,07,17,8.6,30.6,16.8
107013,LA_UNION,2004,07,18,0.0,30.2,18.4
107013,LA_UNION,2004,07,19,0.0,29.6,17.6
107013,LA_UNION,2004,07,20,0.0,31.6,18.4
107013,LA_UNION,2004,07,21,0.0,31.8,19.6
107013,LA_UNION,2004,07,22,0.0,32.6,17.8
107013,LA_UNION,2004,07,23,0.0,33.2,16.8
107013,LA_UNION,2004,07,24,5.8,31.6,17.0
107013,LA_UNION,2004,07,25,3.2,27.0,18.2
107013,LA_UNION,2004,07,26,0.0,29.0,17.8
107013,LA_UNION,2004,07,27,0.0,31.2,18.0
107013,LA_UNION,2004,07,28,0.0,33.8,16.4
107013,LA_UNION,2004,07,29,0.0,33.6,18.2
107013,LA_UNION,2004,07,30,2.8,31.4,16.8
107013,LA_UNION,2004,07,31,-999,27.4,17.6
107013,LA_UNION,2004,08,01,0.0,30.8,16.4
107013,LA_UNION,2004,08,02,0.0,31.2,15.8
107013,LA_UNION,2004,08,03,0.0,32.2,15.2
107013,LA_UNION,2004,08,04,0.0,33.4,15.0
107013,LA_UNION,2004,08,05,0.0,34.2,16.6
107013,LA_UNION,2004,08,06,0.7,-999,15.2
107013,LA_UNION,2004,08,07,0.3,-999,17.4
107013,LA_UNION,2004,08,08,1.4,-999,17.2
107013,LA_UNION,2004,08,09,0.0,-999,16.8
107013,LA_UNION,2004,08,10,0.0,30.4,14.8
107013,LA_UNION,2004,08,11,0.0,30.6,15.6
107013,LA_UNION,2004,08,12,0.0,33.2,14.6
107013,LA_UNION,2004,08,13,0.0,33.8,14.6
107013,LA_UNION,2004,08,14,0.0,33.4,14.8
107013,LA_UNION,2004,08,15,0.0,34.6,16.8
107013,LA_UNION,2004,08,16,0.0,35.6,16.6
107013,LA_UNION,2004,08,17,2.3,33.8,18.0
107013,LA_UNION,2004,08,18,11.6,30.6,17.0
107013,LA_UNION,2004,08,19,0.0,33.6,18.4
107013,LA_UNION,2004,08,20,0.0,34.8,16.6
107013,LA_UNION,2004,08,21,0.0,35.2,15.6
107013,LA_UNION,2004,08,22,0.0,36.0,15.8
107013,LA_UNION,2004,08,23,0.0,33.2,18.4
107013,LA_UNION,2004,08,24,0.0,-999,16.8
107013,LA_UNION,2004,08,25,2.2,-999,17.6
107013,LA_UNION,2004,08,26,0.0,-999,18.6
107013,LA_UNION,2004,08,27,0.0,35.8,15.8
107013,LA_UNION,2004,08,28,8.8,-999,18.6
107013,LA_UNION,2004,08,29,3.9,-999,18.2
107013,LA_UNION,2004,08,30,0.0,25.4,16.8
107013,LA_UNION,2004,08,31,0.0,30.0,18.4
107013,LA_UNION,2004,09,01,0.0,35.2,18.6
107013,LA_UNION,2004,09,02,9.6,32.4,18.2
107013,LA_UNION,2004,09,03,14.6,27.4,17.8
107013,LA_UNION,2004,09,04,0.0,28.6,16.6
107013,LA_UNION,2004,09,05,0.0,33.2,17.4
107013,LA_UNION,2004,09,06,0.0,33.6,18.4
107013,LA_UNION,2004,09,07,0.0,34.2,17.6
107013,LA_UNION,2004,09,08,0.0,33.4,18.2
107013,LA_UNION,2004,09,09,8.6,29.2,19.2
107013,LA_UNION,2004,09,10,0.0,30.4,17.2
107013,LA_UNION,2004,09,11,4.2,-999,17.4
107013,LA_UNION,2004,09,12,0.0,-999,19.4
107013,LA_UNION,2004,09,13,0.0,29.6,18.2
107013,LA_UNION,2004,09,14,0.0,30.0,15.0
107013,LA_UNION,2004,09,15,0.0,32.6,14.4
107013,LA_UNION,2004,09,16,0.0,32.4,15.2
107013,LA_UNION,2004,09,17,0.0,34.4,17.2
107013,LA_UNION,2004,09,18,0.0,35.0,18.4
107013,LA_UNION,2004,09,19,0.0,34.2,19.6
107013,LA_UNION,2004,09,20,0.0,35.4,17.6
107013,LA_UNION,2004,09,21,4.5,36.4,17.4
107013,LA_UNION,2004,09,22,7.2,35.2,18.2
107013,LA_UNION,2004,09,23,0.0,31.6,17.6
107013,LA_UNION,2004,09,24,0.0,34.4,15.8
107013,LA_UNION,2004,09,25,0.0,33.4,18.6
107013,LA_UNION,2004,09,26,0.0,32.6,17.4
107013,LA_UNION,2004,09,27,0.0,32.6,19.4
107013,LA_UNION,2004,09,28,0.0,35.4,19.6
107013,LA_UNION,2004,09,29,0.0,31.2,18.2
107013,LA_UNION,2004,09,30,0.0,33.4,18.0
107013,LA_UNION,2004,10,01,0.0,34.2,18.8
107013,LA_UNION,2004,10,02,0.0,36.2,18.4
107013,LA_UNION,2004,10,03,0.0,35.2,18.6
107013,LA_UNION,2004,10,04,20.1,33.1,17.8
107013,LA_UNION,2004,10,05,0.5,31.6,19.0
107013,LA_UNION,2004,10,06,3.3,29.8,18.6
107013,LA_UNION,2004,10,07,0.0,33.2,17.6
107013,LA_UNION,2004,10,08,0.0,36.2,17.2
107013,LA_UNION,2004,10,09,0.0,-999,18.8
107013,LA_UNION,2004,10,10,17.6,-999,20.2
107013,LA_UNION,2004,10,11,0.0,-999,17.8
107013,LA_UNION,2004,10,12,4.6,36.6,18.4
107013,LA_UNION,2004,10,13,0.0,36.8,19.2
107013,LA_UNION,2004,10,14,0.0,35.4,19.0
107013,LA_UNION,2004,10,15,0.0,35.6,20.4
107013,LA_UNION,2004,10,16,0.0,35.2,20.4
107013,LA_UNION,2004,10,17,0.0,36.8,18.4
107013,LA_UNION,2004,10,18,0.0,37.8,18.6
107013,LA_UNION,2004,10,19,0.0,35.4,20.0
107013,LA_UNION,2004,10,20,37.2,32.6,20.4
107013,LA_UNION,2004,10,21,0.0,32.2,18.2
107013,LA_UNION,2004,10,22,0.0,-999,17.0
107013,LA_UNION,2004,10,23,6.6,-999,19.4
107013,LA_UNION,2004,10,24,0.0,-999,18.2
107013,LA_UNION,2004,10,25,0.0,-999,18.8
107013,LA_UNION,2004,10,26,1.1,36.4,20.2
107013,LA_UNION,2004,10,27,0.0,34.4,18.0
107013,LA_UNION,2004,10,28,0.0,34.4,18.8
107013,LA_UNION,2004,10,29,5.6,33.0,17.6
107013,LA_UNION,2004,10,30,0.0,35.4,18.4
107013,LA_UNION,2004,10,31,37.5,35.6,18.0
107013,LA_UNION,2004,11,01,12.5,28.6,19.4
107013,LA_UNION,2004,11,02,0.0,32.4,19.8
107013,LA_UNION,2004,11,03,0.0,33.6,20.0
107013,LA_UNION,2004,11,04,0.0,33.2,20.2
107013,LA_UNION,2004,11,05,0.0,34.4,21.4
107013,LA_UNION,2004,11,06,0.0,-999,21.8
107013,LA_UNION,2004,11,07,8.3,-999,20.4
107013,LA_UNION,2004,11,08,0.0,30.4,22.0
107013,LA_UNION,2004,11,09,3.6,34.4,21.0
107013,LA_UNION,2004,11,10,6.2,35.6,21.6
107013,LA_UNION,2004,11,11,0.0,35.0,22.6
107013,LA_UNION,2004,11,12,42.1,-999,22.4
107013,LA_UNION,2004,11,13,0.0,-999,21.8
107013,LA_UNION,2004,11,14,0.0,33.0,19.6
107013,LA_UNION,2004,11,15,0.0,34.6,22.8
107013,LA_UNION,2004,11,16,0.0,34.8,21.8
107013,LA_UNION,2004,11,17,0.0,34.2,21.4
107013,LA_UNION,2004,11,18,0.0,33.4,22.4
107013,LA_UNION,2004,11,19,0.0,33.2,21.0
107013,LA_UNION,2004,11,20,0.0,33.6,21.6
107013,LA_UNION,2004,11,21,0.0,34.6,21.4
107013,LA_UNION,2004,11,22,0.0,35.6,20.8
107013,LA_UNION,2004,11,23,23.2,-999,21.2
107013,LA_UNION,2004,11,24,3.1,-999,19.4
107013,LA_UNION,2004,11,25,0.0,-999,21.4
107013,LA_UNION,2004,11,26,0.0,35.2,20.6
107013,LA_UNION,2004,11,27,0.0,35.4,20.2
107013,LA_UNION,2004,11,28,0.0,36.4,20.2
107013,LA_UNION,2004,11,29,94.1,-999,20.0
107013,LA_UNION,2004,11,30,10.5,-999,19.8
107013,LA_UNION,2004,12,01,0.0,32.6,22.8
107013,LA_UNION,2004,12,02,0.0,33.8,20.8
107013,LA_UNION,2004,12,03,0.0,33.6,20.0
107013,LA_UNION,2004,12,04,0.3,32.8,21.2
107013,LA_UNION,2004,12,05,0.0,29.3,20.8
107013,LA_UNION,2004,12,06,0.0,31.6,19.6
107013,LA_UNION,2004,12,07,0.0,34.8,20.6
107013,LA_UNION,2004,12,08,0.0,34.2,19.8
107013,LA_UNION,2004,12,09,0.0,33.4,20.4
107013,LA_UNION,2004,12,10,0.0,33.2,20.2
107013,LA_UNION,2004,12,11,0.3,32.8,20.2
107013,LA_UNION,2004,12,12,2.1,29.8,21.8
107013,LA_UNION,2004,12,13,0.0,-999,20.6
107013,LA_UNION,2004,12,14,1.4,-999,21.2
107013,LA_UNION,2004,12,15,0.0,-999,20.2
107013,LA_UNION,2004,12,16,0.0,33.6,21.4
107013,LA_UNION,2004,12,17,0.0,33.8,22.0
107013,LA_UNION,2004,12,18,0.0,32.8,22.2
107013,LA_UNION,2004,12,19,0.0,31.2,21.4
107013,LA_UNION,2004,12,20,0.0,35.2,18.8
107013,LA_UNION,2004,12,21,0.0,33.6,20.4
107013,LA_UNION,2004,12,22,0.0,35.0,20.0
107013,LA_UNION,2004,12,23,0.0,36.6,21.4
107013,LA_UNION,2004,12,24,18.5,36.8,21.8
107013,LA_UNION,2004,12,25,10.5,-999,21.2
107013,LA_UNION,2004,12,26,5.5,-999,19.8
107013,LA_UNION,2004,12,27,1.4,28.8,22.0
107013,LA_UNION,2004,12,28,0.0,32.4,20.2
107013,LA_UNION,2004,12,29,0.0,33.4,20.4
107013,LA_UNION,2004,12,30,2.1,32.4,19.2
107013,LA_UNION,2004,12,31,0.0,31.4,20.6
107013,LA_UNION,2005,01,01,0.0,32.2,20.2
107013,LA_UNION,2005,01,02,0.0,33.8,20.6
107013,LA_UNION,2005,01,03,0.0,35.2,19.8
107013,LA_UNION,2005,01,04,0.0,33.4,20.2
107013,LA_UNION,2005,01,05,0.0,31.2,19.6
107013,LA_UNION,2005,01,06,0.0,31.6,20.2
107013,LA_UNION,2005,01,07,19.4,32.0,20.0
107013,LA_UNION,2005,01,08,0.0,31.2,19.8
107013,LA_UNION,2005,01,09,0.0,34.8,19.6
107013,LA_UNION,2005,01,10,10.9,35.2,21.2
107013,LA_UNION,2005,01,11,0.0,32.0,21.2
107013,LA_UNION,2005,01,12,25.5,33.2,20.4
107013,LA_UNION,2005,01,13,0.0,32.2,19.6
107013,LA_UNION,2005,01,14,0.0,33.8,20.4
107013,LA_UNION,2005,01,15,0.0,35.2,20.0
107013,LA_UNION,2005,01,16,0.0,36.8,20.6
107013,LA_UNION,2005,01,17,0.0,32.4,21.2
107013,LA_UNION,2005,01,18,0.0,33.4,21.6
107013,LA_UNION,2005,01,19,0.0,36.2,21.6
107013,LA_UNION,2005,01,20,0.0,-999,22.0
107013,LA_UNION,2005,01,21,0.0,-999,22.2
107013,LA_UNION,2005,01,22,0.0,33.4,21.4
107013,LA_UNION,2005,01,23,0.0,35.6,20.2
107013,LA_UNION,2005,01,24,0.0,36.4,19.2
107013,LA_UNION,2005,01,25,0.0,35.2,20.6
107013,LA_UNION,2005,01,26,0.0,33.6,20.2
107013,LA_UNION,2005,01,27,0.0,-999,19.8
107013,LA_UNION,2005,01,28,0.0,-999,21.6
107013,LA_UNION,2005,01,29,0.0,33.4,20.2
107013,LA_UNION,2005,01,30,0.0,37.2,20.0
107013,LA_UNION,2005,01,31,-999,35.8,20.4
107013,LA_UNION,2005,02,01,0.0,-999,20.6
107013,LA_UNION,2005,02,02,0.0,-999,21.6
107013,LA_UNION,2005,02,03,0.0,31.4,20.4
107013,LA_UNION,2005,02,04,0.0,31.6,21.0
107013,LA_UNION,2005,02,05,0.0,34.8,21.8
107013,LA_UNION,2005,02,06,0.0,34.6,21.6
107013,LA_UNION,2005,02,07,0.0,35.2,22.2
107013,LA_UNION,2005,02,08,0.3,30.6,21.0
107013,LA_UNION,2005,02,09,0.0,35.2,22.2
107013,LA_UNION,2005,02,10,0.0,-999,20.2
107013,LA_UNION,2005,02,11,8.8,-999,21.8
107013,LA_UNION,2005,02,12,0.5,31.6,20.0
107013,LA_UNION,2005,02,13,0.0,33.2,20.2
107013,LA_UNION,2005,02,14,0.0,35.8,21.8
107013,LA_UNION,2005,02,15,0.0,37.0,21.4
107013,LA_UNION,2005,02,16,0.0,36.6,22.0
107013,LA_UNION,2005,02,17,0.0,34.2,21.4
107013,LA_UNION,2005,02,18,23.5,31.6,20.6
107013,LA_UNION,2005,02,19,3.2,27.4,20.4
107013,LA_UNION,2005,02,20,14.1,-999,20.0
107013,LA_UNION,2005,02,21,0.0,-999,21.2
107013,LA_UNION,2005,02,22,0.0,33.8,21.4
107013,LA_UNION,2005,02,23,0.0,35.6,21.4
107013,LA_UNION,2005,02,24,0.0,35.2,22.2
107013,LA_UNION,2005,02,25,0.0,32.2,22.8
107013,LA_UNION,2005,02,26,0.0,34.4,21.4
107013,LA_UNION,2005,02,27,0.0,35.8,22.6
107013,LA_UNION,2005,02,28,-999,36.8,22.4
107013,LA_UNION,2005,03,01,0.0,35.4,21.6
107013,LA_UNION,2005,03,02,0.0,35.6,20.6
107013,LA_UNION,2005,03,03,41.5,33.2,20.8
107013,LA_UNION,2005,03,04,4.4,30.8,21.5
107013,LA_UNION,2005,03,05,6.3,30.2,22.4
107013,LA_UNION,2005,03,06,0.0,31.4,22.2
107013,LA_UNION,2005,03,07,0.0,35.2,22.0
107013,LA_UNION,2005,03,08,0.0,34.8,20.6
107013,LA_UNION,2005,03,09,0.0,34.6,22.2
107013,LA_UNION,2005,03,10,9.9,31.6,22.4
107013,LA_UNION,2005,03,11,2.3,32.6,21.6
107013,LA_UNION,2005,03,12,0.0,34.8,22.0
107013,LA_UNION,2005,03,13,0.0,35.6,20.0
107013,LA_UNION,2005,03,14,0.0,35.4,20.0
107013,LA_UNION,2005,03,15,0.0,35.6,20.6
107013,LA_UNION,2005,03,16,4.4,34.2,21.8
107013,LA_UNION,2005,03,17,0.0,33.6,21.2
107013,LA_UNION,2005,03,18,0.0,36.6,20.6
107013,LA_UNION,2005,03,19,12.2,35.4,20.2
107013,LA_UNION,2005,03,20,0.0,29.6,21.6
107013,LA_UNION,2005,03,21,0.0,32.8,20.4
107013,LA_UNION,2005,03,22,0.0,33.6,21.4
107013,LA_UNION,2005,03,23,0.0,34.2,20.2
107013,LA_UNION,2005,03,24,3.6,34.6,20.4
107013,LA_UNION,2005,03,25,2.4,29.6,21.2
107013,LA_UNION,2005,03,26,0.0,34.2,20.0
107013,LA_UNION,2005,03,27,6.4,34.0,21.6
107013,LA_UNION,2005,03,28,0.0,35.6,21.4
107013,LA_UNION,2005,03,29,0.0,33.6,20.8
107013,LA_UNION,2005,03,30,0.0,35.6,21.2
107013,LA_UNION,2005,03,31,0.0,32.2,22.2
107013,LA_UNION,2005,04,01,0.0,35.4,20.2
107013,LA_UNION,2005,04,02,0.0,35.4,20.4
107013,LA_UNION,2005,04,03,6.8,36.4,20.0
107013,LA_UNION,2005,04,04,0.0,34.4,21.0
107013,LA_UNION,2005,04,05,0.0,31.4,21.2
107013,LA_UNION,2005,04,06,17.2,31.6,20.2
107013,LA_UNION,2005,04,07,37.4,29.2,21.2
107013,LA_UNION,2005,04,08,4.2,29.4,21.2
107013,LA_UNION,2005,04,09,12.2,29.6,20.0
107013,LA_UNION,2005,04,10,0.0,33.8,21.6
107013,LA_UNION,2005,04,11,0.0,33.6,22.0
107013,LA_UNION,2005,04,12,0.0,34.6,19.8
107013,LA_UNION,2005,04,13,36.4,30.6,21.6
107013,LA_UNION,2005,04,14,0.0,32.4,20.4
107013,LA_UNION,2005,04,15,0.0,33.6,20.2
107013,LA_UNION,2005,04,16,1.2,29.6,22.0
107013,LA_UNION,2005,04,17,0.0,31.6,20.6
107013,LA_UNION,2005,04,18,1.3,33.8,21.2
107013,LA_UNION,2005,04,19,0.0,34.8,21.0
107013,LA_UNION,2005,04,20,5.9,34.8,19.6
107013,LA_UNION,2005,04,21,51.8,-999,22.6
107013,LA_UNION,2005,04,22,0.0,32.6,20.2
107013,LA_UNION,2005,04,23,4.7,34.6,21.4
107013,LA_UNION,2005,04,24,0.0,33.6,22.6
107013,LA_UNION,2005,04,25,0.0,30.8,21.2
107013,LA_UNION,2005,04,26,0.0,35.6,21.8
107013,LA_UNION,2005,04,27,0.0,34.6,20.4
107013,LA_UNION,2005,04,28,0.0,32.6,21.4
107013,LA_UNION,2005,04,29,0.0,32.4,20.4
107013,LA_UNION,2005,04,30,3.7,30.6,20.0
107013,LA_UNION,2005,05,01,0.0,30.6,20.2
107013,LA_UNION,2005,05,02,0.0,33.2,19.6
107013,LA_UNION,2005,05,03,0.0,34.8,21.6
107013,LA_UNION,2005,05,04,0.3,36.4,21.8
107013,LA_UNION,2005,05,05,22.4,28.4,21.8
107013,LA_UNION,2005,05,06,0.0,31.8,20.2
107013,LA_UNION,2005,05,07,20.3,32.4,21.2
107013,LA_UNION,2005,05,08,6.9,30.4,22.0
107013,LA_UNION,2005,05,09,2.4,32.4,21.4
107013,LA_UNION,2005,05,10,0.0,32.8,20.0
107013,LA_UNION,2005,05,11,0.0,33.6,20.6
107013,LA_UNION,2005,05,12,0.0,32.8,19.0
107013,LA_UNION,2005,05,13,0.0,34.8,22.2
107013,LA_UNION,2005,05,14,0.0,35.0,19.8
107013,LA_UNION,2005,05,15,2.9,34.2,20.4
107013,LA_UNION,2005,05,16,0.0,30.6,21.6
107013,LA_UNION,2005,05,17,0.0,30.2,21.2
107013,LA_UNION,2005,05,18,0.0,34.2,21.2
107013,LA_UNION,2005,05,19,0.0,32.6,22.2
107013,LA_UNION,2005,05,20,0.0,35.6,21.4
107013,LA_UNION,2005,05,21,0.0,30.6,21.2
107013,LA_UNION,2005,05,22,0.0,33.8,21.6
107013,LA_UNION,2005,05,23,0.0,34.8,20.4
107013,LA_UNION,2005,05,24,0.0,35.0,20.0
107013,LA_UNION,2005,05,25,0.0,35.6,18.4
107013,LA_UNION,2005,05,26,0.0,33.2,20.2
107013,LA_UNION,2005,05,27,0.0,34.2,20.4
107013,LA_UNION,2005,05,28,0.0,33.6,18.6
107013,LA_UNION,2005,05,29,28.2,30.6,18.8
107013,LA_UNION,2005,05,30,0.1,32.2,19.6
107013,LA_UNION,2005,05,31,4.9,31.4,20.6
107013,LA_UNION,2005,06,01,0.0,35.0,20.4
107013,LA_UNION,2005,06,02,0.0,33.4,20.0
107013,LA_UNION,2005,06,03,0.0,31.8,20.6
107013,LA_UNION,2005,06,04,0.0,32.6,20.0
107013,LA_UNION,2005,06,05,0.0,33.4,20.2
107013,LA_UNION,2005,06,06,0.0,31.4,21.2
107013,LA_UNION,2005,06,07,0.0,32.8,20.4
107013,LA_UNION,2005,06,08,0.0,34.8,19.6
107013,LA_UNION,2005,06,09,0.0,33.2,18.8
107013,LA_UNION,2005,06,10,0.0,35.0,19.4
107013,LA_UNION,2005,06,11,0.0,35.0,20.2
107013,LA_UNION,2005,06,12,0.0,34.8,20.8
107013,LA_UNION,2005,06,13,0.0,33.6,20.2
107013,LA_UNION,2005,06,14,19.6,30.6,21.6
107013,LA_UNION,2005,06,15,0.5,32.4,21.2
107013,LA_UNION,2005,06,16,0.0,34.0,21.2
107013,LA_UNION,2005,06,17,0.0,34.8,19.4
107013,LA_UNION,2005,06,18,0.0,35.0,18.4
107013,LA_UNION,2005,06,19,0.0,34.6,19.2
107013,LA_UNION,2005,06,20,0.0,36.0,19.6
107013,LA_UNION,2005,06,21,1.4,32.8,20.2
107013,LA_UNION,2005,06,22,1.2,31.4,21.0
107013,LA_UNION,2005,06,23,0.0,30.6,20.0
107013,LA_UNION,2005,06,24,0.0,31.6,19.2
107013,LA_UNION,2005,06,25,0.0,33.6,17.8
107013,LA_UNION,2005,06,26,0.0,34.4,17.4
107013,LA_UNION,2005,06,27,0.0,34.8,20.4
107013,LA_UNION,2005,06,28,0.0,34.2,18.2
107013,LA_UNION,2005,06,29,0.6,31.4,18.0
107013,LA_UNION,2005,06,30,2.8,34.2,19.6
107013,LA_UNION,2005,07,01,0.0,33.6,18.0
107013,LA_UNION,2005,07,02,0.0,35.6,19.0
107013,LA_UNION,2005,07,03,0.0,35.8,20.0
107013,LA_UNION,2005,07,04,0.0,35.4,20.8
107013,LA_UNION,2005,07,05,0.0,35.2,19.0
107013,LA_UNION,2005,07,06,8.4,30.8,19.2
107013,LA_UNION,2005,07,07,0.0,26.6,20.4
107013,LA_UNION,2005,07,08,0.0,29.8,16.2
107013,LA_UNION,2005,07,09,0.0,31.2,16.4
107013,LA_UNION,2005,07,10,0.0,32.0,17.4
107013,LA_UNION,2005,07,11,0.0,32.8,16.8
107013,LA_UNION,2005,07,12,0.0,33.6,16.6
107013,LA_UNION,2005,07,13,0.0,33.8,16.4
107013,LA_UNION,2005,07,14,0.0,34.2,16.4
107013,LA_UNION,2005,07,15,0.0,32.8,17.8
107013,LA_UNION,2005,07,16,0.0,35.6,16.8
107013,LA_UNION,2005,07,17,0.5,29.6,21.0
107013,LA_UNION,2005,07,18,2.5,34.2,20.4
107013,LA_UNION,2005,07,19,26.7,28.6,20.2
107013,LA_UNION,2005,07,20,0.0,27.0,18.2
107013,LA_UNION,2005,07,21,0.0,32.6,17.4
107013,LA_UNION,2005,07,22,0.0,34.2,17.0
107013,LA_UNION,2005,07,23,0.0,34.8,17.2
107013,LA_UNION,2005,07,24,0.0,35.4,19.4
107013,LA_UNION,2005,07,25,4.2,30.4,20.0
107013,LA_UNION,2005,07,26,2.5,31.6,20.4
107013,LA_UNION,2005,07,27,0.0,32.8,18.0
107013,LA_UNION,2005,07,28,0.0,34.6,16.4
107013,LA_UNION,2005,07,29,0.0,35.2,16.6
107013,LA_UNION,2005,07,30,0.0,35.6,15.8
107013,LA_UNION,2005,07,31,0.0,35.8,16.4
107013,LA_UNION,2005,08,01,0.0,35.6,21.2
107013,LA_UNION,2005,08,02,0.0,36.2,19.0
107013,LA_UNION,2005,08,03,0.0,35.4,19.4
107013,LA_UNION,2005,08,04,0.0,34.8,18.8
107013,LA_UNION,2005,08,05,13.4,36.8,20.4
107013,LA_UNION,2005,08,06,18.5,34.6,20.2
107013,LA_UNION,2005,08,07,1.1,33.6,19.6
107013,LA_UNION,2005,08,08,10.8,26.6,21.2
107013,LA_UNION,2005,08,09,0.0,27.6,19.4
107013,LA_UNION,2005,08,10,0.0,30.6,18.2
107013,LA_UNION,2005,08,11,0.0,32.2,16.6
107013,LA_UNION,2005,08,12,0.0,33.0,15.4
107013,LA_UNION,2005,08,13,0.0,33.6,15.6
107013,LA_UNION,2005,08,14,0.0,35.4,17.2
107013,LA_UNION,2005,08,15,0.0,34.6,18.6
107013,LA_UNION,2005,08,16,0.0,34.8,17.4
107013,LA_UNION,2005,08,17,0.0,35.4,17.0
107013,LA_UNION,2005,08,18,0.0,33.4,18.4
107013,LA_UNION,2005,08,19,0.0,31.2,20.2
107013,LA_UNION,2005,08,20,0.0,31.8,19.2
107013,LA_UNION,2005,08,21,0.0,35.6,18.0
107013,LA_UNION,2005,08,22,0.0,36.2,17.2
107013,LA_UNION,2005,08,23,1.6,36.6,18.0
107013,LA_UNION,2005,08,24,2.8,33.6,19.2
107013,LA_UNION,2005,08,25,0.6,34.8,18.0
107013,LA_UNION,2005,08,26,0.0,33.6,18.6
107013,LA_UNION,2005,08,27,0.0,36.0,20.0
107013,LA_UNION,2005,08,28,0.0,37.0,17.6
107013,LA_UNION,2005,08,29,0.0,38.2,18.6
107013,LA_UNION,2005,08,30,11.1,38.4,19.4
107013,LA_UNION,2005,08,31,0.0,37.6,19.3
107013,LA_UNION,2005,09,01,3.2,34.0,19.2
107013,LA_UNION,2005,09,02,0.0,28.8,20.8
107013,LA_UNION,2005,09,03,0.0,34.0,19.8
107013,LA_UNION,2005,09,04,0.0,35.8,19.4
107013,LA_UNION,2005,09,05,0.0,37.4,19.2
107013,LA_UNION,2005,09,06,0.0,37.2,19.8
107013,LA_UNION,2005,09,07,0.0,35.6,20.0
107013,LA_UNION,2005,09,08,0.0,35.4,19.8
107013,LA_UNION,2005,09,09,0.0,33.6,19.6
107013,LA_UNION,2005,09,10,0.0,31.8,19.0
107013,LA_UNION,2005,09,11,0.0,37.4,18.4
107013,LA_UNION,2005,09,12,0.0,34.8,19.0
107013,LA_UNION,2005,09,13,5.2,26.8,19.8
107013,LA_UNION,2005,09,14,0.0,36.8,17.6
107013,LA_UNION,2005,09,15,0.0,35.0,18.8
107013,LA_UNION,2005,09,16,0.0,36.8,17.0
107013,LA_UNION,2005,09,17,0.0,36.6,19.2
107013,LA_UNION,2005,09,18,1.6,-999,17.8
107013,LA_UNION,2005,09,19,2.5,36.8,18.2
107013,LA_UNION,2005,09,20,0.0,35.2,21.2
107013,LA_UNION,2005,09,21,0.0,36.8,20.6
107013,LA_UNION,2005,09,22,1.1,37.8,21.6
107013,LA_UNION,2005,09,23,0.0,36.8,21.2
107013,LA_UNION,2005,09,24,0.0,39.4,20.4
107013,LA_UNION,2005,09,25,0.0,38.8,19.8
107013,LA_UNION,2005,09,26,0.0,33.4,18.8
107013,LA_UNION,2005,09,27,0.0,27.2,20.0
107013,LA_UNION,2005,09,28,0.0,35.2,19.2
107013,LA_UNION,2005,09,29,0.0,37.8,20.2
107013,LA_UNION,2005,09,30,0.0,39.0,21.6
107013,LA_UNION,2005,10,01,0.7,35.4,20.0
107013,LA_UNION,2005,10,02,0.0,35.2,20.6
107013,LA_UNION,2005,10,03,23.9,36.8,20.4
107013,LA_UNION,2005,10,04,0.0,37.6,19.6
107013,LA_UNION,2005,10,05,2.1,35.0,20.4
107013,LA_UNION,2005,10,06,4.1,31.6,20.2
107013,LA_UNION,2005,10,07,2.4,30.8,19.8
107013,LA_UNION,2005,10,08,0.0,28.8,19.0
107013,LA_UNION,2005,10,09,0.0,32.0,20.0
107013,LA_UNION,2005,10,10,8.2,30.4,20.0
107013,LA_UNION,2005,10,11,0.0,34.2,20.2
107013,LA_UNION,2005,10,12,0.0,35.4,20.1
107013,LA_UNION,2005,10,13,0.0,35.6,19.8
107013,LA_UNION,2005,10,14,0.0,32.4,21.8
107013,LA_UNION,2005,10,15,0.0,36.6,20.2
107013,LA_UNION,2005,10,16,10.5,31.2,22.2
107013,LA_UNION,2005,10,17,0.0,30.0,20.4
107013,LA_UNION,2005,10,18,0.0,35.2,20.0
107013,LA_UNION,2005,10,19,0.0,31.4,21.2
107013,LA_UNION,2005,10,20,0.0,32.2,20.0
107013,LA_UNION,2005,10,21,0.0,36.2,20.2
107013,LA_UNION,2005,10,22,0.0,35.2,20.4
107013,LA_UNION,2005,10,23,1.5,32.0,20.2
107013,LA_UNION,2005,10,24,5.8,35.6,21.2
107013,LA_UNION,2005,10,25,1.3,35.8,21.6
107013,LA_UNION,2005,10,26,0.0,35.2,21.0
107013,LA_UNION,2005,10,27,0.5,36.8,21.8
107013,LA_UNION,2005,10,28,3.2,37.4,20.4
107013,LA_UNION,2005,10,29,0.5,36.8,20.0
107013,LA_UNION,2005,10,30,0.0,35.6,21.6
107013,LA_UNION,2005,10,31,1.1,35.2,22.2
107013,LA_UNION,2005,11,01,20.4,28.4,21.6
107013,LA_UNION,2005,11,02,0.0,36.8,20.8
107013,LA_UNION,2005,11,03,1.6,36.6,21.2
107013,LA_UNION,2005,11,04,1.8,35.4,20.2
107013,LA_UNION,2005,11,05,0.0,35.0,20.6
107013,LA_UNION,2005,11,06,0.0,35.2,19.8
107013,LA_UNION,2005,11,07,20.5,31.6,20.2
107013,LA_UNION,2005,11,08,0.0,34.6,20.0
107013,LA_UNION,2005,11,09,0.0,35.8,21.6
107013,LA_UNION,2005,11,10,18.7,35.4,21.0
107013,LA_UNION,2005,11,11,1.5,35.8,20.4
107013,LA_UNION,2005,11,12,1.9,34.8,21.8
107013,LA_UNION,2005,11,13,45.5,25.8,21.4
107013,LA_UNION,2005,11,14,0.0,30.6,20.4
107013,LA_UNION,2005,11,15,0.0,31.8,20.6
107013,LA_UNION,2005,11,16,0.0,35.8,19.2
107013,LA_UNION,2005,11,17,39.2,35.7,21.4
107013,LA_UNION,2005,11,18,0.0,29.4,20.0
107013,LA_UNION,2005,11,19,0.0,34.6,20.2
107013,LA_UNION,2005,11,20,75.1,34.4,21.8
107013,LA_UNION,2005,11,21,0.6,26.8,20.0
107013,LA_UNION,2005,11,22,0.0,32.8,20.2
107013,LA_UNION,2005,11,23,0.0,33.8,21.8
107013,LA_UNION,2005,11,24,0.0,35.0,20.0
107013,LA_UNION,2005,11,25,0.0,33.6,19.8
107013,LA_UNION,2005,11,26,0.0,32.6,20.2
107013,LA_UNION,2005,11,27,0.0,35.0,19.8
107013,LA_UNION,2005,11,28,0.0,35.2,20.2
107013,LA_UNION,2005,11,29,0.0,35.6,20.6
107013,LA_UNION,2005,11,30,0.0,35.0,21.4
107013,LA_UNION,2005,12,01,0.0,34.6,20.0
107013,LA_UNION,2005,12,02,17.4,26.6,19.4
107013,LA_UNION,2005,12,03,0.0,29.2,19.2
107013,LA_UNION,2005,12,04,0.0,34.6,21.2
107013,LA_UNION,2005,12,05,0.0,34.2,19.8
107013,LA_UNION,2005,12,06,0.0,34.8,21.8
107013,LA_UNION,2005,12,07,0.0,35.4,21.6
107013,LA_UNION,2005,12,08,0.0,32.6,22.6
107013,LA_UNION,2005,12,09,0.0,34.6,21.0
107013,LA_UNION,2005,12,10,0.0,33.2,19.8
107013,LA_UNION,2005,12,11,0.0,36.4,20.4
107013,LA_UNION,2005,12,12,30.2,34.6,20.2
107013,LA_UNION,2005,12,13,12.1,29.8,20.0
107013,LA_UNION,2005,12,14,60.1,32.8,21.2
107013,LA_UNION,2005,12,15,8.6,29.8,21.0
107013,LA_UNION,2005,12,16,0.6,30.8,20.4
107013,LA_UNION,2005,12,17,0.0,31.6,21.6
107013,LA_UNION,2005,12,18,0.0,33.6,21.8
107013,LA_UNION,2005,12,19,0.0,34.2,19.8
107013,LA_UNION,2005,12,20,0.0,32.4,20.0
107013,LA_UNION,2005,12,21,0.0,33.6,19.2
107013,LA_UNION,2005,12,22,0.0,34.2,20.4
107013,LA_UNION,2005,12,23,0.0,35.6,20.8
107013,LA_UNION,2005,12,24,0.0,33.8,21.6
107013,LA_UNION,2005,12,25,1.6,33.6,20.8
107013,LA_UNION,2005,12,26,32.7,26.2,20.2
107013,LA_UNION,2005,12,27,0.0,30.4,19.6
107013,LA_UNION,2005,12,28,0.0,32.8,20.4
107013,LA_UNION,2005,12,29,0.0,33.8,21.2
107013,LA_UNION,2005,12,30,0.0,31.8,22.4
107013,LA_UNION,2005,12,31,0.0,32.2,19.4
107013,LA_UNION,2006,01,01,0.0,34.6,21.6
107013,LA_UNION,2006,01,02,0.0,35.6,20.4
107013,LA_UNION,2006,01,03,0.0,30.6,20.2
107013,LA_UNION,2006,01,04,0.0,30.4,19.2
107013,LA_UNION,2006,01,05,0.0,33.2,20.6
107013,LA_UNION,2006,01,06,1.5,31.8,21.8
107013,LA_UNION,2006,01,07,0.0,31.0,20.4
107013,LA_UNION,2006,01,08,0.0,33.6,20.2
107013,LA_UNION,2006,01,09,0.0,34.2,20.6
107013,LA_UNION,2006,01,10,0.0,34.8,20.6
107013,LA_UNION,2006,01,11,0.0,34.8,21.6
107013,LA_UNION,2006,01,12,0.0,35.4,22.4
107013,LA_UNION,2006,01,13,0.5,28.4,21.8
107013,LA_UNION,2006,01,14,0.0,32.8,22.1
107013,LA_UNION,2006,01,15,0.0,33.0,21.6
107013,LA_UNION,2006,01,16,4.4,29.4,21.4
107013,LA_UNION,2006,01,17,0.0,29.8,21.2
107013,LA_UNION,2006,01,18,0.0,32.6,21.2
107013,LA_UNION,2006,01,19,0.0,34.4,20.6
107013,LA_UNION,2006,01,20,0.0,33.4,21.8
107013,LA_UNION,2006,01,21,0.0,32.8,20.4
107013,LA_UNION,2006,01,22,0.0,32.6,21.6
107013,LA_UNION,2006,01,23,0.0,32.4,21.2
107013,LA_UNION,2006,01,24,19.3,33.0,21.6
107013,LA_UNION,2006,01,25,1.2,29.4,20.4
107013,LA_UNION,2006,01,26,20.0,33.3,21.4
107013,LA_UNION,2006,01,27,4.7,27.2,20.2
107013,LA_UNION,2006,01,28,0.0,35.8,20.0
107013,LA_UNION,2006,01,29,0.0,33.8,21.6
107013,LA_UNION,2006,01,30,0.0,32.8,20.2
107013,LA_UNION,2006,01,31,1.7,35.2,20.4
107013,LA_UNION,2006,02,01,18.7,33.6,21.8
107013,LA_UNION,2006,02,02,23.2,28.4,20.4
107013,LA_UNION,2006,02,03,1.2,31.6,20.0
107013,LA_UNION,2006,02,04,0.0,33.6,21.6
107013,LA_UNION,2006,02,05,0.0,35.8,21.8
107013,LA_UNION,2006,02,06,0.0,33.6,20.6
107013,LA_UNION,2006,02,07,0.0,34.2,20.8
107013,LA_UNION,2006,02,08,0.0,33.2,22.0
107013,LA_UNION,2006,02,09,0.0,28.2,22.6
107013,LA_UNION,2006,02,10,0.0,27.8,21.8
107013,LA_UNION,2006,02,11,1.1,32.2,20.4
107013,LA_UNION,2006,02,12,0.0,34.2,20.2
107013,LA_UNION,2006,02,13,0.0,35.6,21.8
107013,LA_UNION,2006,02,14,0.0,35.4,21.6
107013,LA_UNION,2006,02,15,0.0,30.0,22.2
107013,LA_UNION,2006,02,16,0.0,32.0,20.8
107013,LA_UNION,2006,02,17,0.0,34.4,20.0
107013,LA_UNION,2006,02,18,2.2,34.8,21.2
107013,LA_UNION,2006,02,19,26.2,26.6,19.8
107013,LA_UNION,2006,02,20,0.0,30.8,20.6
107013,LA_UNION,2006,02,21,0.0,33.6,21.6
107013,LA_UNION,2006,02,22,0.0,32.4,20.8
107013,LA_UNION,2006,02,23,0.0,32.8,20.2
107013,LA_UNION,2006,02,24,0.0,34.4,19.6
107013,LA_UNION,2006,02,25,0.4,31.4,20.8
107013,LA_UNION,2006,02,26,0.0,34.2,20.2
107013,LA_UNION,2006,02,27,0.0,33.4,20.4
107013,LA_UNION,2006,02,28,9.0,32.6,21.8
107013,LA_UNION,2006,03,01,0.0,32.8,19.0
107013,LA_UNION,2006,03,02,0.0,35.6,21.6
107013,LA_UNION,2006,03,03,3.1,33.8,20.6
107013,LA_UNION,2006,03,04,0.0,29.4,20.2
107013,LA_UNION,2006,03,05,30.1,31.6,21.2
107013,LA_UNION,2006,03,06,0.0,32.8,21.0
107013,LA_UNION,2006,03,07,9.1,33.8,21.6
107013,LA_UNION,2006,03,08,22.9,33.6,21.0
107013,LA_UNION,2006,03,09,0.0,33.8,19.6
107013,LA_UNION,2006,03,10,37.4,28.6,21.0
107013,LA_UNION,2006,03,11,0.0,30.8,19.0
107013,LA_UNION,2006,03,12,0.0,34.8,19.2
107013,LA_UNION,2006,03,13,0.0,34.0,20.2
107013,LA_UNION,2006,03,14,0.0,33.0,20.0
107013,LA_UNION,2006,03,15,0.0,31.2,21.8
107013,LA_UNION,2006,03,16,0.0,33.2,20.6
107013,LA_UNION,2006,03,17,0.0,35.2,21.8
107013,LA_UNION,2006,03,18,0.0,30.6,21.4
107013,LA_UNION,2006,03,19,1.2,31.4,20.8
107013,LA_UNION,2006,03,20,0.0,35.2,20.4
107013,LA_UNION,2006,03,21,1.7,34.6,19.2
107013,LA_UNION,2006,03,22,0.0,33.4,20.4
107013,LA_UNION,2006,03,23,0.0,33.2,20.2
107013,LA_UNION,2006,03,24,12.8,35.2,20.4
107013,LA_UNION,2006,03,25,4.2,33.2,21.8
107013,LA_UNION,2006,03,26,4.0,27.0,19.2
107013,LA_UNION,2006,03,27,0.0,33.6,19.4
107013,LA_UNION,2006,03,28,9.1,32.2,20.8
107013,LA_UNION,2006,03,29,0.0,33.4,21.6
107013,LA_UNION,2006,03,30,0.0,34.8,19.8
107013,LA_UNION,2006,03,31,0.0,32.2,19.2
107013,LA_UNION,2006,04,01,0.0,33.8,19.6
107013,LA_UNION,2006,04,02,8.6,34.2,20.8
107013,LA_UNION,2006,04,03,0.0,34.8,20.4
107013,LA_UNION,2006,04,04,3.5,29.0,21.4
107013,LA_UNION,2006,04,05,0.0,32.8,21.8
107013,LA_UNION,2006,04,06,0.0,33.8,21.6
107013,LA_UNION,2006,04,07,0.0,33.6,22.0
107013,LA_UNION,2006,04,08,0.0,35.2,21.2
107013,LA_UNION,2006,04,09,0.0,35.2,20.4
107013,LA_UNION,2006,04,10,0.0,36.2,21.6
107013,LA_UNION,2006,04,11,5.2,35.8,21.4
107013,LA_UNION,2006,04,12,11.7,28.2,22.8
107013,LA_UNION,2006,04,13,4.8,29.2,19.0
107013,LA_UNION,2006,04,14,0.0,28.8,21.6
107013,LA_UNION,2006,04,15,1.1,27.6,20.0
107013,LA_UNION,2006,04,16,87.3,33.4,20.6
107013,LA_UNION,2006,04,17,0.0,29.6,19.4
107013,LA_UNION,2006,04,18,0.0,29.4,20.4
107013,LA_UNION,2006,04,19,0.0,32.0,20.6
107013,LA_UNION,2006,04,20,0.0,33.6,21.8
107013,LA_UNION,2006,04,21,0.0,34.6,19.6
107013,LA_UNION,2006,04,22,0.0,31.8,19.8
107013,LA_UNION,2006,04,23,0.0,31.2,20.2
107013,LA_UNION,2006,04,24,1.6,29.8,20.0
107013,LA_UNION,2006,04,25,0.0,30.2,20.8
107013,LA_UNION,2006,04,26,0.0,30.8,20.4
107013,LA_UNION,2006,04,27,1.7,32.6,20.6
107013,LA_UNION,2006,04,28,0.0,34.4,19.2
107013,LA_UNION,2006,04,29,0.0,34.2,19.6
107013,LA_UNION,2006,04,30,2.8,32.8,19.2
107013,LA_UNION,2006,05,01,0.0,34.6,19.2
107013,LA_UNION,2006,05,02,0.0,33.8,19.6
107013,LA_UNION,2006,05,03,0.0,28.4,20.0
107013,LA_UNION,2006,05,04,0.0,35.2,21.4
107013,LA_UNION,2006,05,05,0.0,33.4,17.8
107013,LA_UNION,2006,05,06,0.0,33.6,18.2
107013,LA_UNION,2006,05,07,0.0,32.4,19.2
107013,LA_UNION,2006,05,08,0.0,26.0,20.2
107013,LA_UNION,2006,05,09,0.0,28.6,19.8
107013,LA_UNION,2006,05,10,0.0,27.8,19.6
107013,LA_UNION,2006,05,11,0.0,30.2,18.8
107013,LA_UNION,2006,05,12,0.0,32.4,18.6
107013,LA_UNION,2006,05,13,0.0,31.6,18.2
107013,LA_UNION,2006,05,14,0.0,32.2,18.4
107013,LA_UNION,2006,05,15,0.0,33.6,17.4
107013,LA_UNION,2006,05,16,0.0,33.8,16.8
107013,LA_UNION,2006,05,17,0.0,35.2,17.4
107013,LA_UNION,2006,05,18,0.0,34.4,20.4
107013,LA_UNION,2006,05,19,0.0,34.2,17.6
107013,LA_UNION,2006,05,20,0.0,34.6,18.8
107013,LA_UNION,2006,05,21,0.0,32.6,20.6
107013,LA_UNION,2006,05,22,0.0,33.8,20.2
107013,LA_UNION,2006,05,23,0.0,30.6,21.4
107013,LA_UNION,2006,05,24,0.0,30.8,19.6
107013,LA_UNION,2006,05,25,0.0,34.6,17.8
107013,LA_UNION,2006,05,26,0.0,34.2,20.0
107013,LA_UNION,2006,05,27,0.0,35.0,17.8
107013,LA_UNION,2006,05,28,0.0,34.2,17.0
107013,LA_UNION,2006,05,29,0.0,33.6,18.2
107013,LA_UNION,2006,05,30,1.2,32.4,20.4
107013,LA_UNION,2006,05,31,12.3,29.6,20.6
107013,LA_UNION,2006,06,01,12.6,25.4,19.4
107013,LA_UNION,2006,06,02,0.0,33.6,19.2
107013,LA_UNION,2006,06,03,0.0,34.8,19.0
107013,LA_UNION,2006,06,04,0.6,34.4,19.6
107013,LA_UNION,2006,06,05,0.0,33.6,19.2
107013,LA_UNION,2006,06,06,0.0,33.4,19.8
107013,LA_UNION,2006,06,07,16.2,34.6,20.4
107013,LA_UNION,2006,06,08,0.0,35.2,20.6
107013,LA_UNION,2006,06,09,0.0,35.0,20.8
107013,LA_UNION,2006,06,10,0.0,34.6,20.0
107013,LA_UNION,2006,06,11,0.8,35.2,20.4
107013,LA_UNION,2006,06,12,0.0,30.6,20.6
107013,LA_UNION,2006,06,13,37.7,29.2,21.2
107013,LA_UNION,2006,06,14,0.0,32.6,19.2
107013,LA_UNION,2006,06,15,0.0,34.2,20.2
107013,LA_UNION,2006,06,16,0.0,34.6,18.8
107013,LA_UNION,2006,06,17,0.0,33.8,18.6
107013,LA_UNION,2006,06,18,0.0,33.6,18.2
107013,LA_UNION,2006,06,19,0.0,32.8,19.2
107013,LA_UNION,2006,06,20,0.0,33.4,20.4
107013,LA_UNION,2006,06,21,0.0,33.2,18.2
107013,LA_UNION,2006,06,22,15.6,31.4,19.4
107013,LA_UNION,2006,06,23,0.0,32.6,20.6
107013,LA_UNION,2006,06,24,0.0,34.2,18.0
107013,LA_UNION,2006,06,25,0.0,34.8,16.0
107013,LA_UNION,2006,06,26,0.0,35.2,16.8
107013,LA_UNION,2006,06,27,1.7,32.6,19.0
107013,LA_UNION,2006,06,28,4.0,29.0,19.2
107013,LA_UNION,2006,06,29,0.0,32.2,20.2
107013,LA_UNION,2006,06,30,0.0,30.6,18.6
107013,LA_UNION,2006,07,01,0.0,33.2,17.6
107013,LA_UNION,2006,07,02,0.0,34.8,20.0
107013,LA_UNION,2006,07,03,0.0,35.2,20.2
107013,LA_UNION,2006,07,04,0.0,35.6,19.4
107013,LA_UNION,2006,07,05,0.0,36.2,20.8
107013,LA_UNION,2006,07,06,0.0,35.7,19.8
107013,LA_UNION,2006,07,07,0.0,30.8,18.4
107013,LA_UNION,2006,07,08,0.0,32.8,17.2
107013,LA_UNION,2006,07,09,0.0,35.4,18.4
107013,LA_UNION,2006,07,10,0.0,37.0,18.4
107013,LA_UNION,2006,07,11,0.0,37.2,18.0
107013,LA_UNION,2006,07,12,0.0,35.6,18.0
107013,LA_UNION,2006,07,13,12.0,33.8,19.4
107013,LA_UNION,2006,07,14,19.8,33.2,19.0
107013,LA_UNION,2006,07,15,34.6,28.6,20.2
107013,LA_UNION,2006,07,16,0.0,29.6,19.8
107013,LA_UNION,2006,07,17,0.0,31.8,19.2
107013,LA_UNION,2006,07,18,0.0,32.2,19.0
107013,LA_UNION,2006,07,19,0.0,32.4,18.8
107013,LA_UNION,2006,07,20,0.0,34.6,17.6
107013,LA_UNION,2006,07,21,0.0,34.2,17.8
107013,LA_UNION,2006,07,22,0.0,31.8,18.0
107013,LA_UNION,2006,07,23,0.0,32.8,18.2
107013,LA_UNION,2006,07,24,0.0,33.2,20.2
107013,LA_UNION,2006,07,25,0.0,30.0,19.2
107013,LA_UNION,2006,07,26,0.0,34.8,18.6
107013,LA_UNION,2006,07,27,0.0,35.4,18.2
107013,LA_UNION,2006,07,28,0.0,34.2,19.6
107013,LA_UNION,2006,07,29,0.0,34.4,19.6
107013,LA_UNION,2006,07,30,0.0,33.8,17.2
107013,LA_UNION,2006,07,31,0.0,27.2,19.4
107013,LA_UNION,2006,08,01,0.0,29.0,18.8
107013,LA_UNION,2006,08,02,0.0,35.4,18.0
107013,LA_UNION,2006,08,03,0.0,35.8,17.2
107013,LA_UNION,2006,08,04,0.0,36.4,17.6
107013,LA_UNION,2006,08,05,0.0,35.0,16.6
107013,LA_UNION,2006,08,06,0.0,35.4,17.2
107013,LA_UNION,2006,08,07,0.0,35.6,19.2
107013,LA_UNION,2006,08,08,0.0,36.0,17.6
107013,LA_UNION,2006,08,09,0.0,36.4,18.6
107013,LA_UNION,2006,08,10,8.8,-999,20.6
107013,LA_UNION,2006,08,11,0.0,32.8,20.4
107013,LA_UNION,2006,08,12,0.0,35.0,20.6
107013,LA_UNION,2006,08,13,0.0,36.6,18.2
107013,LA_UNION,2006,08,14,0.0,36.8,18.8
107013,LA_UNION,2006,08,15,0.0,34.8,20.2
107013,LA_UNION,2006,08,16,0.0,35.6,18.0
107013,LA_UNION,2006,08,17,0.0,36.6,19.2
107013,LA_UNION,2006,08,18,13.2,29.8,20.0
107013,LA_UNION,2006,08,19,0.0,31.0,20.0
107013,LA_UNION,2006,08,20,0.0,31.6,18.8
107013,LA_UNION,2006,08,21,0.0,31.8,19.6
107013,LA_UNION,2006,08,22,0.0,31.4,20.2
107013,LA_UNION,2006,08,23,0.0,33.0,19.0
107013,LA_UNION,2006,08,24,0.0,35.0,18.6
107013,LA_UNION,2006,08,25,0.0,35.0,17.8
107013,LA_UNION,2006,08,26,0.0,36.6,17.6
107013,LA_UNION,2006,08,27,0.0,32.4,20.6
107013,LA_UNION,2006,08,28,0.0,34.0,19.8
107013,LA_UNION,2006,08,29,0.0,34.2,18.2
107013,LA_UNION,2006,08,30,0.0,33.2,19.6
107013,LA_UNION,2006,08,31,0.0,35.2,20.6
107013,LA_UNION,2006,09,01,1.5,35.8,19.2
107013,LA_UNION,2006,09,02,0.0,36.0,20.4
107013,LA_UNION,2006,09,03,0.0,35.6,20.2
107013,LA_UNION,2006,09,04,0.0,36.2,19.8
107013,LA_UNION,2006,09,05,0.0,36.6,20.0
107013,LA_UNION,2006,09,06,0.0,36.6,18.0
107013,LA_UNION,2006,09,07,0.0,35.6,15.2
107013,LA_UNION,2006,09,08,0.0,36.8,17.8
107013,LA_UNION,2006,09,09,0.0,36.6,17.0
107013,LA_UNION,2006,09,10,6.3,34.8,19.4
107013,LA_UNION,2006,09,11,0.5,29.0,18.0
107013,LA_UNION,2006,09,12,0.0,33.6,20.0
107013,LA_UNION,2006,09,13,1.2,34.8,20.6
107013,LA_UNION,2006,09,14,0.0,37.0,19.6
107013,LA_UNION,2006,09,15,0.0,37.6,19.8
107013,LA_UNION,2006,09,16,0.0,37.0,20.4
107013,LA_UNION,2006,09,17,0.0,37.6,21.4
107013,LA_UNION,2006,09,18,0.0,32.6,20.4
107013,LA_UNION,2006,09,19,0.0,36.2,19.8
107013,LA_UNION,2006,09,20,0.0,37.8,20.2
107013,LA_UNION,2006,09,21,12.2,38.6,19.8
107013,LA_UNION,2006,09,22,0.0,37.4,20.8
107013,LA_UNION,2006,09,23,0.8,37.4,20.6
107013,LA_UNION,2006,09,24,0.0,34.2,21.8
107013,LA_UNION,2006,09,25,15.5,-999,21.2
107013,LA_UNION,2006,09,26,0.0,32.6,19.6
107013,LA_UNION,2006,09,27,0.0,37.2,20.8
107013,LA_UNION,2006,09,28,0.0,37.8,21.4
107013,LA_UNION,2006,09,29,10.0,37.2,20.8
107013,LA_UNION,2006,09,30,-999,32.8,19.6
107013,LA_UNION,2006,10,01,0.0,34.6,20.4
107013,LA_UNION,2006,10,02,0.0,34.4,19.6
107013,LA_UNION,2006,10,03,0.0,36.8,21.4
107013,LA_UNION,2006,10,04,0.0,33.6,20.6
107013,LA_UNION,2006,10,05,0.0,36.2,20.0
107013,LA_UNION,2006,10,06,0.0,34.2,21.6
107013,LA_UNION,2006,10,07,3.3,34.8,21.8
107013,LA_UNION,2006,10,08,0.0,35.6,21.6
107013,LA_UNION,2006,10,09,5.1,33.6,21.2
107013,LA_UNION,2006,10,10,0.0,35.6,21.4
107013,LA_UNION,2006,10,11,0.0,36.4,22.6
107013,LA_UNION,2006,10,12,0.0,33.8,22.2
107013,LA_UNION,2006,10,13,0.0,35.4,22.6
107013,LA_UNION,2006,10,14,0.0,37.2,22.0
107013,LA_UNION,2006,10,15,0.0,37.0,22.6
107013,LA_UNION,2006,10,16,0.0,38.0,22.8
107013,LA_UNION,2006,10,17,0.0,37.2,22.6
107013,LA_UNION,2006,10,18,0.0,38.2,22.8
107013,LA_UNION,2006,10,19,5.5,37.8,22.4
107013,LA_UNION,2006,10,20,9.2,30.4,21.8
107013,LA_UNION,2006,10,21,0.0,30.4,21.4
107013,LA_UNION,2006,10,22,0.0,33.6,22.0
107013,LA_UNION,2006,10,23,0.0,36.8,21.6
107013,LA_UNION,2006,10,24,0.0,37.6,21.6
107013,LA_UNION,2006,10,25,0.0,35.2,20.6
107013,LA_UNION,2006,10,26,12.5,35.8,20.2
107013,LA_UNION,2006,10,27,0.0,33.2,21.8
107013,LA_UNION,2006,10,28,0.0,37.4,21.6
107013,LA_UNION,2006,10,29,0.0,31.8,23.0
107013,LA_UNION,2006,10,30,0.0,36.4,22.2
107013,LA_UNION,2006,10,31,2.5,32.6,22.4
107013,LA_UNION,2006,11,01,0.0,34.8,21.6
107013,LA_UNION,2006,11,02,0.0,37.6,22.0
107013,LA_UNION,2006,11,03,3.0,36.6,20.8
107013,LA_UNION,2006,11,04,0.0,36.2,21.4
107013,LA_UNION,2006,11,05,0.0,37.4,21.8
107013,LA_UNION,2006,11,06,0.0,36.0,22.6
107013,LA_UNION,2006,11,07,2.0,36.8,22.4
107013,LA_UNION,2006,11,08,0.0,32.4,21.6
107013,LA_UNION,2006,11,09,0.0,34.4,20.2
107013,LA_UNION,2006,11,10,0.0,36.6,22.6
107013,LA_UNION,2006,11,11,50.6,34.2,23.2
107013,LA_UNION,2006,11,12,5.6,28.8,20.8
107013,LA_UNION,2006,11,13,0.0,34.8,20.2
107013,LA_UNION,2006,11,14,0.0,36.0,20.0
107013,LA_UNION,2006,11,15,0.5,33.8,20.4
107013,LA_UNION,2006,11,16,0.0,34.6,20.6
107013,LA_UNION,2006,11,17,3.6,32.4,21.8
107013,LA_UNION,2006,11,18,0.0,29.2,22.2
107013,LA_UNION,2006,11,19,23.0,26.4,20.0
107013,LA_UNION,2006,11,20,23.2,29.4,21.0
107013,LA_UNION,2006,11,21,0.0,34.2,20.6
107013,LA_UNION,2006,11,22,0.0,35.2,19.8
107013,LA_UNION,2006,11,23,0.0,35.6,20.2
107013,LA_UNION,2006,11,24,3.8,28.6,22.4
107013,LA_UNION,2006,11,25,0.0,34.6,21.4
107013,LA_UNION,2006,11,26,0.0,33.6,22.2
107013,LA_UNION,2006,11,27,0.0,36.6,21.2
107013,LA_UNION,2006,11,28,0.0,34.4,21.6
107013,LA_UNION,2006,11,29,0.0,34.0,22.8
107013,LA_UNION,2006,11,30,0.5,33.6,22.4
107013,LA_UNION,2006,12,01,0.0,33.2,22.6
107013,LA_UNION,2006,12,02,0.0,35.6,21.4
107013,LA_UNION,2006,12,03,3.2,35.7,23.2
107013,LA_UNION,2006,12,04,0.0,36.4,22.0
107013,LA_UNION,2006,12,05,0.0,31.8,20.0
107013,LA_UNION,2006,12,06,0.0,30.6,21.6
107013,LA_UNION,2006,12,07,0.0,34.8,20.0
107013,LA_UNION,2006,12,08,0.5,34.8,22.0
107013,LA_UNION,2006,12,09,0.0,36.4,22.8
107013,LA_UNION,2006,12,10,0.0,36.2,22.6
107013,LA_UNION,2006,12,11,0.3,35.2,20.2
107013,LA_UNION,2006,12,12,0.0,35.4,20.4
107013,LA_UNION,2006,12,13,0.0,33.8,21.6
107013,LA_UNION,2006,12,14,0.0,32.8,21.8
107013,LA_UNION,2006,12,15,1.2,34.2,22.2
107013,LA_UNION,2006,12,16,0.0,34.8,21.6
107013,LA_UNION,2006,12,17,0.0,36.8,22.6
107013,LA_UNION,2006,12,18,0.8,33.0,22.4
107013,LA_UNION,2006,12,19,0.0,33.6,21.6
107013,LA_UNION,2006,12,20,0.0,35.8,20.6
107013,LA_UNION,2006,12,21,0.0,32.6,20.0
107013,LA_UNION,2006,12,22,0.0,34.6,21.8
107013,LA_UNION,2006,12,23,0.0,36.4,20.4
107013,LA_UNION,2006,12,24,0.0,36.8,19.8
107013,LA_UNION,2006,12,25,0.0,37.6,20.4
107013,LA_UNION,2006,12,26,0.4,31.6,20.2
107013,LA_UNION,2006,12,27,0.0,34.0,21.6
107013,LA_UNION,2006,12,28,11.9,30.6,21.4
107013,LA_UNION,2006,12,29,0.0,34.4,21.8
107013,LA_UNION,2006,12,30,1.8,32.4,20.4
107013,LA_UNION,2006,12,31,0.0,32.8,22.6
107013,LA_UNION,2007,01,01,0.0,31.4,22.6
107013,LA_UNION,2007,01,02,1.7,30.4,19.6
107013,LA_UNION,2007,01,03,1.5,28.6,18.2
107013,LA_UNION,2007,01,04,0.0,35.4,21.2
107013,LA_UNION,2007,01,05,0.0,34.4,20.8
107013,LA_UNION,2007,01,06,0.0,35.4,18.8
107013,LA_UNION,2007,01,07,0.0,36.2,20.0
107013,LA_UNION,2007,01,08,0.0,34.4,20.4
107013,LA_UNION,2007,01,09,0.0,34.0,19.6
107013,LA_UNION,2007,01,10,0.0,35.4,18.6
107013,LA_UNION,2007,01,11,0.0,35.4,20.2
107013,LA_UNION,2007,01,12,0.0,37.2,20.4
107013,LA_UNION,2007,01,13,0.0,36.6,21.2
107013,LA_UNION,2007,01,14,0.0,37.0,22.2
107013,LA_UNION,2007,01,15,0.0,37.6,20.8
107013,LA_UNION,2007,01,16,0.0,35.8,21.8
107013,LA_UNION,2007,01,17,0.0,36.8,21.6
107013,LA_UNION,2007,01,18,0.0,34.2,23.2
107013,LA_UNION,2007,01,19,0.0,35.6,21.6
107013,LA_UNION,2007,01,20,0.0,37.0,23.2
107013,LA_UNION,2007,01,21,0.0,35.8,22.2
107013,LA_UNION,2007,01,22,10.0,28.2,22.0
107013,LA_UNION,2007,01,23,0.0,34.2,20.0
107013,LA_UNION,2007,01,24,0.0,36.6,21.2
107013,LA_UNION,2007,01,25,0.0,33.4,21.8
107013,LA_UNION,2007,01,26,0.0,35.0,20.0
107013,LA_UNION,2007,01,27,0.0,37.0,20.4
107013,LA_UNION,2007,01,28,0.0,37.4,21.4
107013,LA_UNION,2007,01,29,0.0,38.6,20.6
107013,LA_UNION,2007,01,30,0.0,39.8,19.8
107013,LA_UNION,2007,01,31,-999,37.8,20.8
107013,LA_UNION,2007,02,01,0.0,37.6,20.4
107013,LA_UNION,2007,02,02,14.1,29.8,19.6
107013,LA_UNION,2007,02,03,0.0,34.4,20.0
107013,LA_UNION,2007,02,04,0.0,38.6,19.4
107013,LA_UNION,2007,02,05,0.0,38.2,21.4
107013,LA_UNION,2007,02,06,0.0,39.2,21.6
107013,LA_UNION,2007,02,07,0.0,38.8,22.8
107013,LA_UNION,2007,02,08,0.0,30.8,22.2
107013,LA_UNION,2007,02,09,0.0,33.4,21.6
107013,LA_UNION,2007,02,10,0.0,33.8,21.8
107013,LA_UNION,2007,02,11,0.0,34.8,21.4
107013,LA_UNION,2007,02,12,0.0,31.0,21.2
107013,LA_UNION,2007,02,13,0.0,38.6,20.6
107013,LA_UNION,2007,02,14,0.0,39.0,22.0
107013,LA_UNION,2007,02,15,0.0,38.6,22.6
107013,LA_UNION,2007,02,16,0.0,38.4,22.4
107013,LA_UNION,2007,02,17,6.8,-999,23.8
107013,LA_UNION,2007,02,18,0.0,36.8,20.6
107013,LA_UNION,2007,02,19,0.0,38.4,21.4
107013,LA_UNION,2007,02,20,0.0,36.8,22.4
107013,LA_UNION,2007,02,21,0.0,37.6,18.8
107013,LA_UNION,2007,02,22,4.3,37.0,20.4
107013,LA_UNION,2007,02,23,2.1,28.4,19.4
107013,LA_UNION,2007,02,24,0.0,35.8,21.2
107013,LA_UNION,2007,02,25,28.8,30.4,22.4
107013,LA_UNION,2007,02,26,0.0,31.4,19.6
107013,LA_UNION,2007,02,27,0.0,35.6,20.4
107013,LA_UNION,2007,02,28,0.0,37.6,19.4
107013,LA_UNION,2007,03,01,0.0,35.4,22.4
107013,LA_UNION,2007,03,02,12.7,32.8,19.0
107013,LA_UNION,2007,03,03,0.0,31.4,20.8
107013,LA_UNION,2007,03,04,1.2,33.8,20.0
107013,LA_UNION,2007,03,05,19.1,33.2,19.6
107013,LA_UNION,2007,03,06,1.6,33.8,19.2
107013,LA_UNION,2007,03,07,20.0,30.0,21.4
107013,LA_UNION,2007,03,08,1.0,32.4,19.0
107013,LA_UNION,2007,03,09,0.0,34.2,21.2
107013,LA_UNION,2007,03,10,0.0,34.4,20.0
107013,LA_UNION,2007,03,11,0.0,34.8,19.6
107013,LA_UNION,2007,03,12,0.0,33.6,20.4
107013,LA_UNION,2007,03,13,0.0,35.6,18.8
107013,LA_UNION,2007,03,14,0.0,28.8,19.2
107013,LA_UNION,2007,03,15,0.0,33.8,20.4
107013,LA_UNION,2007,03,16,0.4,32.2,20.0
107013,LA_UNION,2007,03,17,14.5,35.4,19.6
107013,LA_UNION,2007,03,18,12.5,35.0,21.0
107013,LA_UNION,2007,03,19,31.4,-999,20.2
107013,LA_UNION,2007,03,20,0.0,31.6,19.4
107013,LA_UNION,2007,03,21,0.0,33.6,19.8
107013,LA_UNION,2007,03,22,0.0,35.0,19.4
107013,LA_UNION,2007,03,23,0.0,31.2,21.6
107013,LA_UNION,2007,03,24,0.0,29.2,20.6
107013,LA_UNION,2007,03,25,0.0,33.4,20.2
107013,LA_UNION,2007,03,26,0.0,31.6,20.8
107013,LA_UNION,2007,03,27,0.6,33.8,20.6
107013,LA_UNION,2007,03,28,6.6,29.6,21.8
107013,LA_UNION,2007,03,29,1.1,26.8,20.6
107013,LA_UNION,2007,03,30,0.0,30.6,20.0
107013,LA_UNION,2007,03,31,1.3,30.8,20.4
107013,LA_UNION,2007,04,01,3.4,26.4,21.6
107013,LA_UNION,2007,04,02,0.0,31.4,20.0
107013,LA_UNION,2007,04,03,0.0,36.4,20.8
107013,LA_UNION,2007,04,04,13.4,34.8,21.2
107013,LA_UNION,2007,04,05,0.0,29.6,20.6
107013,LA_UNION,2007,04,06,0.3,30.6,20.0
107013,LA_UNION,2007,04,07,1.1,29.4,21.0
107013,LA_UNION,2007,04,08,0.0,32.6,20.4
107013,LA_UNION,2007,04,09,0.0,27.4,21.4
107013,LA_UNION,2007,04,10,0.0,28.6,21.6
107013,LA_UNION,2007,04,11,0.0,31.8,19.6
107013,LA_UNION,2007,04,12,0.0,33.8,20.2
107013,LA_UNION,2007,04,13,1.1,34.2,20.4
107013,LA_UNION,2007,04,14,0.0,33.6,20.6
107013,LA_UNION,2007,04,15,2.0,27.8,21.8
107013,LA_UNION,2007,04,16,0.0,33.4,20.8
107013,LA_UNION,2007,04,17,0.0,32.2,20.2
107013,LA_UNION,2007,04,18,10.5,34.2,21.4
107013,LA_UNION,2007,04,19,1.6,30.2,20.8
107013,LA_UNION,2007,04,20,0.0,33.8,20.6
107013,LA_UNION,2007,04,21,0.0,34.0,20.0
107013,LA_UNION,2007,04,22,0.0,35.0,20.0
107013,LA_UNION,2007,04,23,0.5,32.4,20.6
107013,LA_UNION,2007,04,24,1.5,34.8,21.4
107013,LA_UNION,2007,04,25,0.0,35.4,20.2
107013,LA_UNION,2007,04,26,0.0,34.8,20.6
107013,LA_UNION,2007,04,27,0.0,35.0,21.2
107013,LA_UNION,2007,04,28,13.3,27.0,20.4
107013,LA_UNION,2007,04,29,0.0,29.6,19.8
107013,LA_UNION,2007,04,30,0.0,32.4,19.0
107013,LA_UNION,2007,05,01,0.0,33.6,20.8
107013,LA_UNION,2007,05,02,0.0,36.4,21.4
107013,LA_UNION,2007,05,03,22.3,34.8,20.2
107013,LA_UNION,2007,05,04,9.2,27.6,19.8
107013,LA_UNION,2007,05,05,14.4,35.4,21.2
107013,LA_UNION,2007,05,06,14.5,33.8,20.6
107013,LA_UNION,2007,05,07,0.0,31.2,20.2
107013,LA_UNION,2007,05,08,0.3,29.6,21.0
107013,LA_UNION,2007,05,09,7.5,27.6,21.8
107013,LA_UNION,2007,05,10,0.0,27.8,19.4
107013,LA_UNION,2007,05,11,0.0,29.8,18.8
107013,LA_UNION,2007,05,12,0.0,32.4,18.6
107013,LA_UNION,2007,05,13,0.0,33.6,18.4
107013,LA_UNION,2007,05,14,0.0,34.8,20.0
107013,LA_UNION,2007,05,15,0.0,34.4,20.6
107013,LA_UNION,2007,05,16,0.0,35.2,20.2
107013,LA_UNION,2007,05,17,0.0,33.6,20.6
107013,LA_UNION,2007,05,18,14.1,33.6,19.8
107013,LA_UNION,2007,05,19,15.2,28.0,21.4
107013,LA_UNION,2007,05,20,0.0,30.6,21.0
107013,LA_UNION,2007,05,21,0.0,32.8,18.2
107013,LA_UNION,2007,05,22,0.0,33.8,20.8
107013,LA_UNION,2007,05,23,0.0,35.6,20.6
107013,LA_UNION,2007,05,24,14.5,31.0,21.8
107013,LA_UNION,2007,05,25,0.0,27.6,16.6
107013,LA_UNION,2007,05,26,0.0,30.4,17.4
107013,LA_UNION,2007,05,27,13.5,33.4,19.8
107013,LA_UNION,2007,05,28,0.0,33.4,21.4
107013,LA_UNION,2007,05,29,0.0,33.8,20.2
107013,LA_UNION,2007,05,30,6.2,34.8,18.8
107013,LA_UNION,2007,05,31,0.0,30.4,20.0
107013,LA_UNION,2007,06,01,0.0,31.8,19.4
107013,LA_UNION,2007,06,02,0.0,33.4,19.2
107013,LA_UNION,2007,06,03,0.0,34.6,19.8
107013,LA_UNION,2007,06,04,2.2,33.6,20.0
107013,LA_UNION,2007,06,05,0.0,34.6,21.0
107013,LA_UNION,2007,06,06,0.0,34.4,18.8
107013,LA_UNION,2007,06,07,0.0,34.8,19.6
107013,LA_UNION,2007,06,08,0.0,32.8,19.4
107013,LA_UNION,2007,06,09,0.0,35.2,19.8
107013,LA_UNION,2007,06,10,0.0,35.4,20.0
107013,LA_UNION,2007,06,11,0.0,33.6,20.2
107013,LA_UNION,2007,06,12,0.0,31.8,19.6
107013,LA_UNION,2007,06,13,0.0,35.0,19.2
107013,LA_UNION,2007,06,14,0.0,35.0,19.4
107013,LA_UNION,2007,06,15,0.0,34.8,19.6
107013,LA_UNION,2007,06,16,0.0,34.4,18.6
107013,LA_UNION,2007,06,17,47.3,30.2,20.4
107013,LA_UNION,2007,06,18,0.0,33.0,19.2
107013,LA_UNION,2007,06,19,0.0,32.0,20.0
107013,LA_UNION,2007,06,20,0.0,30.8,19.8
107013,LA_UNION,2007,06,21,0.3,32.8,20.6
107013,LA_UNION,2007,06,22,0.0,30.8,21.4
107013,LA_UNION,2007,06,23,0.0,34.6,20.2
107013,LA_UNION,2007,06,24,0.0,33.4,21.4
107013,LA_UNION,2007,06,25,3.2,34.2,20.4
107013,LA_UNION,2007,06,26,0.0,33.6,19.4
107013,LA_UNION,2007,06,27,0.0,32.6,20.2
107013,LA_UNION,2007,06,28,0.0,31.6,19.6
107013,LA_UNION,2007,06,29,0.0,32.8,19.6
107013,LA_UNION,2007,06,30,0.0,31.2,19.8
107013,LA_UNION,2007,07,01,0.0,33.0,19.2
107013,LA_UNION,2007,07,02,0.0,34.4,18.2
107013,LA_UNION,2007,07,03,0.0,35.6,20.2
107013,LA_UNION,2007,07,04,0.0,34.4,19.6
107013,LA_UNION,2007,07,05,0.0,34.4,19.0
107013,LA_UNION,2007,07,06,0.0,32.8,17.8
107013,LA_UNION,2007,07,07,0.0,31.6,19.4
107013,LA_UNION,2007,07,08,0.0,32.6,19.2
107013,LA_UNION,2007,07,09,33.7,30.4,19.0
107013,LA_UNION,2007,07,10,0.0,31.8,18.4
107013,LA_UNION,2007,07,11,0.0,31.8,18.4
107013,LA_UNION,2007,07,12,4.3,30.8,19.0
107013,LA_UNION,2007,07,13,0.0,33.4,19.6
107013,LA_UNION,2007,07,14,0.0,30.4,19.4
107013,LA_UNION,2007,07,15,13.9,32.6,19.6
107013,LA_UNION,2007,07,16,0.0,33.6,20.4
107013,LA_UNION,2007,07,17,0.0,33.0,19.2
107013,LA_UNION,2007,07,18,0.0,34.4,19.0
107013,LA_UNION,2007,07,19,0.0,33.6,18.0
107013,LA_UNION,2007,07,20,0.0,31.0,19.4
107013,LA_UNION,2007,07,21,0.0,33.4,19.0
107013,LA_UNION,2007,07,22,0.0,35.6,18.8
107013,LA_UNION,2007,07,23,0.0,35.4,18.6
107013,LA_UNION,2007,07,24,0.0,35.0,18.6
107013,LA_UNION,2007,07,25,0.0,32.8,20.0
107013,LA_UNION,2007,07,26,18.1,32.6,20.4
107013,LA_UNION,2007,07,27,0.0,28.0,16.2
107013,LA_UNION,2007,07,28,0.0,31.8,16.6
107013,LA_UNION,2007,07,29,0.0,31.4,18.4
107013,LA_UNION,2007,07,30,0.0,33.4,15.2
107013,LA_UNION,2007,07,31,0.0,33.6,15.0
107013,LA_UNION,2007,08,01,0.0,34.8,15.0
107013,LA_UNION,2007,08,02,0.0,34.0,16.0
107013,LA_UNION,2007,08,03,0.0,31.6,17.6
107013,LA_UNION,2007,08,04,0.0,35.2,17.8
107013,LA_UNION,2007,08,05,0.0,33.6,18.6
107013,LA_UNION,2007,08,06,0.0,35.4,18.2
107013,LA_UNION,2007,08,07,0.0,36.6,19.0
107013,LA_UNION,2007,08,08,0.0,36.0,19.8
107013,LA_UNION,2007,08,09,3.4,35.0,20.2
107013,LA_UNION,2007,08,10,0.0,33.6,19.2
107013,LA_UNION,2007,08,11,5.8,31.6,18.0
107013,LA_UNION,2007,08,12,0.0,30.0,19.0
107013,LA_UNION,2007,08,13,0.0,34.6,18.6
107013,LA_UNION,2007,08,14,0.0,31.0,18.4
107013,LA_UNION,2007,08,15,0.0,35.8,19.2
107013,LA_UNION,2007,08,16,5.7,35.0,20.4
107013,LA_UNION,2007,08,17,41.1,33.8,19.2
107013,LA_UNION,2007,08,18,14.8,25.4,19.0
107013,LA_UNION,2007,08,19,0.0,31.2,19.0
107013,LA_UNION,2007,08,20,0.0,35.4,18.2
107013,LA_UNION,2007,08,21,0.0,34.6,19.8
107013,LA_UNION,2007,08,22,0.0,34.4,17.4
107013,LA_UNION,2007,08,23,0.0,34.6,17.6
107013,LA_UNION,2007,08,24,0.0,35.6,18.4
107013,LA_UNION,2007,08,25,0.0,35.4,19.8
107013,LA_UNION,2007,08,26,4.2,34.6,20.4
107013,LA_UNION,2007,08,27,0.0,34.6,19.8
107013,LA_UNION,2007,08,28,5.0,29.8,20.0
107013,LA_UNION,2007,08,29,1.5,30.2,20.4
107013,LA_UNION,2007,08,30,0.0,33.4,21.4
107013,LA_UNION,2007,08,31,0.0,33.2,18.6
107013,LA_UNION,2007,09,01,1.1,33.2,19.6
107013,LA_UNION,2007,09,02,0.0,34.4,17.6
107013,LA_UNION,2007,09,03,0.0,32.8,20.0
107013,LA_UNION,2007,09,04,0.0,30.0,19.2
107013,LA_UNION,2007,09,05,16.8,27.6,18.4
107013,LA_UNION,2007,09,06,0.0,28.0,18.6
107013,LA_UNION,2007,09,07,0.0,30.0,19.0
107013,LA_UNION,2007,09,08,0.0,34.6,18.4
107013,LA_UNION,2007,09,09,0.0,34.2,18.0
107013,LA_UNION,2007,09,10,6.8,35.2,19.0
107013,LA_UNION,2007,09,11,0.0,35.8,18.6
107013,LA_UNION,2007,09,12,7.6,34.4,19.8
107013,LA_UNION,2007,09,13,0.0,31.2,19.2
107013,LA_UNION,2007,09,14,4.6,33.6,19.2
107013,LA_UNION,2007,09,15,12.0,27.4,19.4
107013,LA_UNION,2007,09,16,0.0,30.6,18.8
107013,LA_UNION,2007,09,17,0.0,33.6,19.4
107013,LA_UNION,2007,09,18,0.0,34.8,18.0
107013,LA_UNION,2007,09,19,0.0,33.6,19.6
107013,LA_UNION,2007,09,20,0.0,33.4,19.4
107013,LA_UNION,2007,09,21,0.0,33.8,18.2
107013,LA_UNION,2007,09,22,0.0,34.6,19.0
107013,LA_UNION,2007,09,23,0.0,36.6,19.8
107013,LA_UNION,2007,09,24,4.6,35.4,20.0
107013,LA_UNION,2007,09,25,6.8,26.6,18.8
107013,LA_UNION,2007,09,26,0.0,28.8,19.4
107013,LA_UNION,2007,09,27,0.0,34.6,18.4
107013,LA_UNION,2007,09,28,0.0,35.4,18.6
107013,LA_UNION,2007,09,29,4.5,35.0,19.6
107013,LA_UNION,2007,09,30,0.0,31.0,19.2
107013,LA_UNION,2007,10,01,0.0,29.4,19.0
107013,LA_UNION,2007,10,02,0.0,33.8,18.8
107013,LA_UNION,2007,10,03,0.0,35.6,18.6
107013,LA_UNION,2007,10,04,0.0,35.8,19.0
107013,LA_UNION,2007,10,05,0.0,37.2,19.8
107013,LA_UNION,2007,10,06,0.0,37.3,20.0
107013,LA_UNION,2007,10,07,0.0,35.8,20.6
107013,LA_UNION,2007,10,08,0.0,33.6,19.4
107013,LA_UNION,2007,10,09,0.0,34.2,20.8
107013,LA_UNION,2007,10,10,0.0,33.2,20.2
107013,LA_UNION,2007,10,11,0.0,38.2,21.0
107013,LA_UNION,2007,10,12,2.3,38.4,21.8
107013,LA_UNION,2007,10,13,0.0,34.8,22.0
107013,LA_UNION,2007,10,14,0.0,36.8,20.4
107013,LA_UNION,2007,10,15,6.2,37.2,22.8
107013,LA_UNION,2007,10,16,0.0,30.0,22.0
107013,LA_UNION,2007,10,17,0.0,32.2,21.4
107013,LA_UNION,2007,10,18,4.2,31.4,21.2
107013,LA_UNION,2007,10,19,4.7,26.8,20.4
107013,LA_UNION,2007,10,20,0.0,33.4,18.8
107013,LA_UNION,2007,10,21,4.8,25.6,20.0
107013,LA_UNION,2007,10,22,3.7,32.0,20.0
107013,LA_UNION,2007,10,23,0.0,33.0,20.2
107013,LA_UNION,2007,10,24,3.8,32.4,19.8
107013,LA_UNION,2007,10,25,0.0,31.0,21.2
107013,LA_UNION,2007,10,26,0.0,35.4,19.4
107013,LA_UNION,2007,10,27,0.0,34.6,20.6
107013,LA_UNION,2007,10,28,37.5,-999,21.8
107013,LA_UNION,2007,10,29,0.0,29.2,20.0
107013,LA_UNION,2007,10,30,0.5,33.6,19.6
107013,LA_UNION,2007,10,31,0.0,34.8,20.0
107013,LA_UNION,2007,11,01,0.0,35.6,20.6
107013,LA_UNION,2007,11,02,0.0,34.4,21.6
107013,LA_UNION,2007,11,03,0.0,36.2,20.4
107013,LA_UNION,2007,11,04,0.0,35.0,19.4
107013,LA_UNION,2007,11,05,0.0,36.6,20.0
107013,LA_UNION,2007,11,06,14.4,34.8,19.2
107013,LA_UNION,2007,11,07,26.2,25.0,21.6
107013,LA_UNION,2007,11,08,0.0,31.2,20.6
107013,LA_UNION,2007,11,09,0.0,33.8,20.4
107013,LA_UNION,2007,11,10,0.0,33.6,21.2
107013,LA_UNION,2007,11,11,0.0,35.6,21.4
107013,LA_UNION,2007,11,12,0.0,35.4,21.6
107013,LA_UNION,2007,11,13,0.0,34.2,22.6
107013,LA_UNION,2007,11,14,0.0,35.2,20.2
107013,LA_UNION,2007,11,15,58.2,26.2,20.0
107013,LA_UNION,2007,11,16,7.2,24.8,19.6
107013,LA_UNION,2007,11,17,7.4,28.0,20.2
107013,LA_UNION,2007,11,18,0.0,30.6,20.4
107013,LA_UNION,2007,11,19,0.0,33.2,20.8
107013,LA_UNION,2007,11,20,0.0,33.2,20.0
107013,LA_UNION,2007,11,21,37.2,26.4,19.4
107013,LA_UNION,2007,11,22,12.8,25.0,19.6
107013,LA_UNION,2007,11,23,0.0,32.2,18.2
107013,LA_UNION,2007,11,24,1.2,34.4,20.0
107013,LA_UNION,2007,11,25,5.4,27.0,21.4
107013,LA_UNION,2007,11,26,0.0,32.8,21.8
107013,LA_UNION,2007,11,27,0.0,35.0,19.8
107013,LA_UNION,2007,11,28,0.0,35.6,19.4
107013,LA_UNION,2007,11,29,4.8,34.8,20.8
107013,LA_UNION,2007,11,30,0.0,30.8,21.8
107013,LA_UNION,2007,12,01,0.0,33.6,21.8
107013,LA_UNION,2007,12,02,0.0,34.6,21.6
107013,LA_UNION,2007,12,03,0.0,34.4,20.4
107013,LA_UNION,2007,12,04,4.4,32.4,20.6
107013,LA_UNION,2007,12,05,0.0,33.8,18.2
107013,LA_UNION,2007,12,06,0.0,33.8,20.2
107013,LA_UNION,2007,12,07,0.0,33.4,21.6
107013,LA_UNION,2007,12,08,0.0,34.2,19.8
107013,LA_UNION,2007,12,09,0.0,35.4,21.2
107013,LA_UNION,2007,12,10,0.0,33.8,18.6
107013,LA_UNION,2007,12,11,0.0,34.8,20.2
107013,LA_UNION,2007,12,12,0.0,29.8,19.4
107013,LA_UNION,2007,12,13,5.2,34.2,20.0
107013,LA_UNION,2007,12,14,0.0,34.0,19.2
107013,LA_UNION,2007,12,15,0.0,31.6,21.4
107013,LA_UNION,2007,12,16,0.8,34.8,19.8
107013,LA_UNION,2007,12,17,0.0,29.4,20.4
107013,LA_UNION,2007,12,18,0.0,33.6,20.4
107013,LA_UNION,2007,12,19,0.0,31.4,-999
107013,LA_UNION,2007,12,20,1.5,34.2,18.8
107013,LA_UNION,2007,12,21,0.0,35.2,20.0
107013,LA_UNION,2007,12,22,7.3,30.4,21.0
107013,LA_UNION,2007,12,23,40.6,34.4,20.2
107013,LA_UNION,2007,12,24,0.0,33.8,18.2
107013,LA_UNION,2007,12,25,0.0,34.6,20.0
107013,LA_UNION,2007,12,26,0.0,32.8,21.4
107013,LA_UNION,2007,12,27,0.0,32.6,21.6
107013,LA_UNION,2007,12,28,0.0,32.0,21.0
107013,LA_UNION,2007,12,29,0.0,32.6,20.2
107013,LA_UNION,2007,12,30,0.0,34.6,20.2
107013,LA_UNION,2007,12,31,0.0,33.6,20.6
107013,LA_UNION,2008,01,01,0.0,34.8,20.0
107013,LA_UNION,2008,01,02,0.0,34.6,19.2
107013,LA_UNION,2008,01,03,0.0,35.0,19.8
107013,LA_UNION,2008,01,04,1.1,35.2,21.6
107013,LA_UNION,2008,01,05,8.6,33.4,21.8
107013,LA_UNION,2008,01,06,8.2,27.8,20.8
107013,LA_UNION,2008,01,07,0.8,33.4,21.6
107013,LA_UNION,2008,01,08,0.0,32.4,21.8
107013,LA_UNION,2008,01,09,0.0,35.6,21.2
107013,LA_UNION,2008,01,10,6.4,34.2,21.6
107013,LA_UNION,2008,01,11,0.0,31.2,21.8
107013,LA_UNION,2008,01,12,0.0,27.6,21.4
107013,LA_UNION,2008,01,13,13.6,34.4,20.6
107013,LA_UNION,2008,01,14,0.0,32.2,20.4
107013,LA_UNION,2008,01,15,2.4,33.2,20.6
107013,LA_UNION,2008,01,16,2.6,34.8,21.8
107013,LA_UNION,2008,01,17,0.0,33.4,21.2
107013,LA_UNION,2008,01,18,0.0,33.4,20.0
107013,LA_UNION,2008,01,19,0.0,34.2,19.8
107013,LA_UNION,2008,01,20,0.0,36.0,19.2
107013,LA_UNION,2008,01,21,0.0,33.6,19.6
107013,LA_UNION,2008,01,22,0.0,34.4,19.0
107013,LA_UNION,2008,01,23,0.0,35.2,20.0
107013,LA_UNION,2008,01,24,0.0,33.4,20.8
107013,LA_UNION,2008,01,25,0.0,34.2,21.4
107013,LA_UNION,2008,01,26,0.0,31.6,21.0
107013,LA_UNION,2008,01,27,0.0,35.2,21.6
107013,LA_UNION,2008,01,28,0.0,34.2,22.0
107013,LA_UNION,2008,01,29,0.0,31.6,22.8
107013,LA_UNION,2008,01,30,0.0,33.4,21.8
107013,LA_UNION,2008,01,31,0.0,35.0,21.0
107013,LA_UNION,2008,02,01,0.0,35.8,21.2
107013,LA_UNION,2008,02,02,0.0,36.8,20.8
107013,LA_UNION,2008,02,03,56.8,32.8,21.4
107013,LA_UNION,2008,02,04,5.4,27.8,20.0
107013,LA_UNION,2008,02,05,0.0,31.4,19.4
107013,LA_UNION,2008,02,06,3.3,28.8,21.4
107013,LA_UNION,2008,02,07,1.1,31.2,20.8
107013,LA_UNION,2008,02,08,0.0,33.8,20.2
107013,LA_UNION,2008,02,09,0.0,34.6,19.8
107013,LA_UNION,2008,02,10,0.0,34.6,19.2
107013,LA_UNION,2008,02,11,0.0,35.4,19.2
107013,LA_UNION,2008,02,12,0.0,31.8,20.2
107013,LA_UNION,2008,02,13,3.6,31.6,21.2
107013,LA_UNION,2008,02,14,0.0,34.8,19.6
107013,LA_UNION,2008,02,15,0.0,34.7,21.0
107013,LA_UNION,2008,02,16,0.0,35.0,20.2
107013,LA_UNION,2008,02,17,23.8,28.8,20.0
107013,LA_UNION,2008,02,18,3.4,30.4,20.6
107013,LA_UNION,2008,02,19,0.0,30.6,19.0
107013,LA_UNION,2008,02,20,0.0,32.4,19.4
107013,LA_UNION,2008,02,21,0.0,33.8,19.0
107013,LA_UNION,2008,02,22,2.8,33.2,19.2
107013,LA_UNION,2008,02,23,0.0,32.6,20.8
107013,LA_UNION,2008,02,24,0.0,33.4,19.8
107013,LA_UNION,2008,02,25,0.0,33.0,18.0
107013,LA_UNION,2008,02,26,1.2,34.2,19.0
107013,LA_UNION,2008,02,27,0.0,31.6,20.0
107013,LA_UNION,2008,02,28,1.4,31.4,19.8
107013,LA_UNION,2008,02,29,0.0,32.4,19.6
107013,LA_UNION,2008,03,01,0.0,35.2,19.8
107013,LA_UNION,2008,03,02,0.0,33.8,21.4
107013,LA_UNION,2008,03,03,0.0,30.0,20.0
107013,LA_UNION,2008,03,04,0.0,30.2,21.2
107013,LA_UNION,2008,03,05,0.0,31.2,20.6
107013,LA_UNION,2008,03,06,17.8,35.6,19.8
107013,LA_UNION,2008,03,07,1.2,32.6,20.2
107013,LA_UNION,2008,03,08,0.0,28.8,20.0
107013,LA_UNION,2008,03,09,25.2,31.0,19.2
107013,LA_UNION,2008,03,10,0.0,32.2,19.0
107013,LA_UNION,2008,03,11,5.8,27.8,20.0
107013,LA_UNION,2008,03,12,1.7,30.6,20.2
107013,LA_UNION,2008,03,13,2.2,32.2,20.4
107013,LA_UNION,2008,03,14,0.0,32.4,20.2
107013,LA_UNION,2008,03,15,10.0,28.8,20.2
107013,LA_UNION,2008,03,16,0.0,30.2,18.4
107013,LA_UNION,2008,03,17,5.4,33.0,19.8
107013,LA_UNION,2008,03,18,28.8,29.6,20.6
107013,LA_UNION,2008,03,19,6.4,29.6,20.0
107013,LA_UNION,2008,03,20,1.2,30.6,19.8
107013,LA_UNION,2008,03,21,0.0,30.2,20.8
107013,LA_UNION,2008,03,22,1.5,27.8,18.6
107013,LA_UNION,2008,03,23,2.4,32.2,19.4
107013,LA_UNION,2008,03,24,44.6,28.4,18.4
107013,LA_UNION,2008,03,25,0.0,30.2,19.2
107013,LA_UNION,2008,03,26,0.0,33.2,20.2
107013,LA_UNION,2008,03,27,5.2,34.2,20.2
107013,LA_UNION,2008,03,28,0.0,30.4,19.6
107013,LA_UNION,2008,03,29,2.2,28.6,20.6
107013,LA_UNION,2008,03,30,0.0,29.2,19.4
107013,LA_UNION,2008,03,31,0.0,32.8,20.2
107013,LA_UNION,2008,04,01,0.0,28.6,20.0
107013,LA_UNION,2008,04,02,30.4,28.8,18.2
107013,LA_UNION,2008,04,03,53.0,28.0,18.0
107013,LA_UNION,2008,04,04,22.4,29.8,19.2
107013,LA_UNION,2008,04,05,0.0,27.8,19.4
107013,LA_UNION,2008,04,06,0.0,32.4,19.8
107013,LA_UNION,2008,04,07,0.0,33.8,19.6
107013,LA_UNION,2008,04,08,0.0,34.8,20.4
107013,LA_UNION,2008,04,09,0.0,33.2,20.6
107013,LA_UNION,2008,04,10,0.0,29.8,20.6
107013,LA_UNION,2008,04,11,0.0,32.2,20.2
107013,LA_UNION,2008,04,12,0.0,32.6,20.0
107013,LA_UNION,2008,04,13,0.0,32.4,19.8
107013,LA_UNION,2008,04,14,0.0,32.6,19.2
107013,LA_UNION,2008,04,15,0.0,32.0,20.8
107013,LA_UNION,2008,04,16,0.0,32.8,20.4
107013,LA_UNION,2008,04,17,0.0,33.4,19.8
107013,LA_UNION,2008,04,18,0.0,32.0,19.6
107013,LA_UNION,2008,04,19,0.0,33.2,20.4
107013,LA_UNION,2008,04,20,0.0,34.6,18.6
107013,LA_UNION,2008,04,21,0.0,34.8,20.0
107013,LA_UNION,2008,04,22,0.0,33.4,20.4
107013,LA_UNION,2008,04,23,2.8,35.2,20.6
107013,LA_UNION,2008,04,24,1.4,27.0,21.4
107013,LA_UNION,2008,04,25,0.0,32.6,19.0
107013,LA_UNION,2008,04,26,0.0,32.4,20.8
107013,LA_UNION,2008,04,27,1.6,33.6,20.6
107013,LA_UNION,2008,04,28,0.0,35.4,20.2
107013,LA_UNION,2008,04,29,0.0,35.0,20.0
107013,LA_UNION,2008,04,30,0.0,35.6,19.6
107013,LA_UNION,2008,05,01,2.6,33.6,19.8
107013,LA_UNION,2008,05,02,0.0,34.4,20.4
107013,LA_UNION,2008,05,03,0.0,30.6,19.2
107013,LA_UNION,2008,05,04,0.0,30.4,19.8
107013,LA_UNION,2008,05,05,0.0,29.6,18.0
107013,LA_UNION,2008,05,06,0.0,35.6,20.8
107013,LA_UNION,2008,05,07,0.0,35.8,20.4
107013,LA_UNION,2008,05,08,0.0,34.8,19.4
107013,LA_UNION,2008,05,09,20.4,33.6,19.6
107013,LA_UNION,2008,05,10,30.3,25.6,20.0
107013,LA_UNION,2008,05,11,0.0,29.8,18.8
107013,LA_UNION,2008,05,12,0.0,31.4,19.6
107013,LA_UNION,2008,05,13,9.2,28.2,19.8
107013,LA_UNION,2008,05,14,1.2,29.8,19.2
107013,LA_UNION,2008,05,15,0.0,31.4,19.8
107013,LA_UNION,2008,05,16,0.0,33.6,19.0
107013,LA_UNION,2008,05,17,0.0,32.6,20.0
107013,LA_UNION,2008,05,18,0.0,32.8,19.0
107013,LA_UNION,2008,05,19,0.0,33.8,20.6
107013,LA_UNION,2008,05,20,0.0,33.4,19.2
107013,LA_UNION,2008,05,21,0.0,32.4,20.2
107013,LA_UNION,2008,05,22,0.0,32.6,19.8
107013,LA_UNION,2008,05,23,2.6,31.8,20.0
107013,LA_UNION,2008,05,24,0.0,32.4,19.0
107013,LA_UNION,2008,05,25,0.0,33.6,19.4
107013,LA_UNION,2008,05,26,0.0,34.8,19.6
107013,LA_UNION,2008,05,27,0.0,31.4,18.4
107013,LA_UNION,2008,05,28,0.0,32.4,19.4
107013,LA_UNION,2008,05,29,1.2,30.4,20.6
107013,LA_UNION,2008,05,30,0.0,31.2,20.6
107013,LA_UNION,2008,05,31,4.8,24.8,19.2
107013,LA_UNION,2008,06,01,0.0,30.0,19.8
107013,LA_UNION,2008,06,02,0.0,31.4,19.6
107013,LA_UNION,2008,06,03,0.0,31.8,18.4
107013,LA_UNION,2008,06,04,0.0,31.6,17.6
107013,LA_UNION,2008,06,05,0.0,32.2,16.8
107013,LA_UNION,2008,06,06,0.0,31.0,16.4
107013,LA_UNION,2008,06,07,0.0,32.8,17.4
107013,LA_UNION,2008,06,08,0.0,30.6,17.8
107013,LA_UNION,2008,06,09,0.0,33.6,18.8
107013,LA_UNION,2008,06,10,8.8,32.2,19.2
107013,LA_UNION,2008,06,11,0.0,32.6,20.0
107013,LA_UNION,2008,06,12,0.0,33.6,20.6
107013,LA_UNION,2008,06,13,12.0,30.6,20.4
107013,LA_UNION,2008,06,14,0.0,29.8,21.4
107013,LA_UNION,2008,06,15,29.0,30.6,20.6
107013,LA_UNION,2008,06,16,7.8,28.4,20.4
107013,LA_UNION,2008,06,17,0.0,30.4,20.2
107013,LA_UNION,2008,06,18,0.0,31.8,19.2
107013,LA_UNION,2008,06,19,0.0,31.8,18.2
107013,LA_UNION,2008,06,20,0.0,33.4,19.2
107013,LA_UNION,2008,06,21,0.0,32.2,20.0
107013,LA_UNION,2008,06,22,0.0,30.4,19.8
107013,LA_UNION,2008,06,23,3.2,32.4,18.0
107013,LA_UNION,2008,06,24,2.8,28.6,19.0
107013,LA_UNION,2008,06,25,0.0,32.6,19.2
107013,LA_UNION,2008,06,26,0.0,30.4,18.2
107013,LA_UNION,2008,06,27,0.0,31.8,18.8
107013,LA_UNION,2008,06,28,0.0,33.6,17.6
107013,LA_UNION,2008,06,29,0.0,32.4,16.4
107013,LA_UNION,2008,06,30,0.0,32.8,16.6
107013,LA_UNION,2008,07,01,0.0,33.2,16.8
107013,LA_UNION,2008,07,02,0.0,34.6,17.4
107013,LA_UNION,2008,07,03,0.0,34.8,17.2
107013,LA_UNION,2008,07,04,0.0,34.6,17.8
107013,LA_UNION,2008,07,05,0.0,33.4,17.8
107013,LA_UNION,2008,07,06,0.0,33.6,18.2
107013,LA_UNION,2008,07,07,0.0,33.8,17.0
107013,LA_UNION,2008,07,08,24.8,33.6,17.4
107013,LA_UNION,2008,07,09,7.2,28.4,18.8
107013,LA_UNION,2008,07,10,1.6,28.8,20.0
107013,LA_UNION,2008,07,11,0.0,30.6,19.6
107013,LA_UNION,2008,07,12,0.0,32.6,18.6
107013,LA_UNION,2008,07,13,0.0,32.8,18.2
107013,LA_UNION,2008,07,14,0.0,32.6,17.0
107013,LA_UNION,2008,07,15,4.2,32.6,18.2
107013,LA_UNION,2008,07,16,0.0,31.4,19.6
107013,LA_UNION,2008,07,17,0.0,31.6,17.4
107013,LA_UNION,2008,07,18,0.0,35.2,16.6
107013,LA_UNION,2008,07,19,0.0,34.4,18.4
107013,LA_UNION,2008,07,20,2.5,33.8,19.6
107013,LA_UNION,2008,07,21,0.0,33.2,17.6
107013,LA_UNION,2008,07,22,0.0,34.2,17.4
107013,LA_UNION,2008,07,23,1.2,32.6,17.0
107013,LA_UNION,2008,07,24,0.0,31.8,17.2
107013,LA_UNION,2008,07,25,0.0,31.8,19.4
107013,LA_UNION,2008,07,26,0.0,33.2,18.4
107013,LA_UNION,2008,07,27,0.0,32.8,18.8
107013,LA_UNION,2008,07,28,0.0,31.2,19.2
107013,LA_UNION,2008,07,29,0.0,33.6,17.6
107013,LA_UNION,2008,07,30,0.0,33.2,19.8
107013,LA_UNION,2008,07,31,0.0,35.0,18.6
107013,LA_UNION,2008,08,01,0.0,34.6,19.2
107013,LA_UNION,2008,08,02,0.0,34.8,19.6
107013,LA_UNION,2008,08,03,0.0,35.2,19.8
107013,LA_UNION,2008,08,04,1.4,34.2,18.8
107013,LA_UNION,2008,08,05,0.0,34.4,19.8
107013,LA_UNION,2008,08,06,27.4,29.8,20.8
107013,LA_UNION,2008,08,07,13.2,32.6,19.4
107013,LA_UNION,2008,08,08,0.0,31.4,20.0
107013,LA_UNION,2008,08,09,0.0,34.2,19.8
107013,LA_UNION,2008,08,10,0.0,32.4,20.6
107013,LA_UNION,2008,08,11,0.0,33.2,18.4
107013,LA_UNION,2008,08,12,0.0,35.2,18.2
107013,LA_UNION,2008,08,13,0.0,35.4,20.0
107013,LA_UNION,2008,08,14,0.0,35.2,19.4
107013,LA_UNION,2008,08,15,0.0,35.4,19.0
107013,LA_UNION,2008,08,16,0.0,35.8,18.8
107013,LA_UNION,2008,08,17,0.0,35.6,19.8
107013,LA_UNION,2008,08,18,0.0,36.2,19.0
107013,LA_UNION,2008,08,19,0.0,36.4,20.4
107013,LA_UNION,2008,08,20,0.0,35.2,19.0
107013,LA_UNION,2008,08,21,20.6,35.0,19.6
107013,LA_UNION,2008,08,22,2.2,32.2,19.4
107013,LA_UNION,2008,08,23,14.4,30.4,20.4
107013,LA_UNION,2008,08,24,0.0,32.4,19.8
107013,LA_UNION,2008,08,25,10.4,31.4,19.4
107013,LA_UNION,2008,08,26,0.0,34.8,20.0
107013,LA_UNION,2008,08,27,0.0,35.2,19.2
107013,LA_UNION,2008,08,28,0.0,35.4,18.8
107013,LA_UNION,2008,08,29,0.0,35.2,20.4
107013,LA_UNION,2008,08,30,0.0,32.2,19.6
107013,LA_UNION,2008,08,31,0.0,34.6,19.8
107013,LA_UNION,2008,09,01,0.0,35.0,18.4
107013,LA_UNION,2008,09,02,0.0,36.6,19.2
107013,LA_UNION,2008,09,03,0.0,37.2,20.4
107013,LA_UNION,2008,09,04,10.6,36.6,20.8
107013,LA_UNION,2008,09,05,4.6,27.8,18.8
107013,LA_UNION,2008,09,06,0.0,28.6,19.2
107013,LA_UNION,2008,09,07,42.6,33.0,20.2
107013,LA_UNION,2008,09,08,0.0,28.2,19.2
107013,LA_UNION,2008,09,09,0.0,34.8,20.0
107013,LA_UNION,2008,09,10,0.0,33.8,19.6
107013,LA_UNION,2008,09,11,0.0,35.6,20.2
107013,LA_UNION,2008,09,12,0.0,36.4,20.6
107013,LA_UNION,2008,09,13,12.6,36.6,19.8
107013,LA_UNION,2008,09,14,0.0,30.6,20.0
107013,LA_UNION,2008,09,15,4.6,31.4,19.0
107013,LA_UNION,2008,09,16,1.8,31.0,21.4
107013,LA_UNION,2008,09,17,6.8,30.2,19.4
107013,LA_UNION,2008,09,18,0.0,35.0,18.8
107013,LA_UNION,2008,09,19,0.0,35.2,19.0
107013,LA_UNION,2008,09,20,0.0,35.4,19.6
107013,LA_UNION,2008,09,21,0.0,31.8,19.8
107013,LA_UNION,2008,09,22,0.0,34.4,18.2
107013,LA_UNION,2008,09,23,0.0,35.2,17.6
107013,LA_UNION,2008,09,24,0.0,35.6,19.4
107013,LA_UNION,2008,09,25,5.6,36.4,19.4
107013,LA_UNION,2008,09,26,0.0,33.8,19.0
107013,LA_UNION,2008,09,27,0.0,36.8,21.2
107013,LA_UNION,2008,09,28,0.0,37.0,21.6
107013,LA_UNION,2008,09,29,35.4,34.8,19.6
107013,LA_UNION,2008,09,30,0.0,33.8,18.8
107013,LA_UNION,2008,10,01,0.0,34.8,19.2
107013,LA_UNION,2008,10,02,0.0,35.8,21.4
107013,LA_UNION,2008,10,03,0.0,36.8,21.6
107013,LA_UNION,2008,10,04,0.0,35.6,20.8
107013,LA_UNION,2008,10,05,18.7,30.0,20.4
107013,LA_UNION,2008,10,06,6.3,28.2,20.0
107013,LA_UNION,2008,10,07,1.1,32.6,19.6
107013,LA_UNION,2008,10,08,3.4,31.4,20.2
107013,LA_UNION,2008,10,09,0.0,32.8,19.4
107013,LA_UNION,2008,10,10,1.1,35.2,19.0
107013,LA_UNION,2008,10,11,0.0,36.2,19.4
107013,LA_UNION,2008,10,12,1.2,35.4,21.4
107013,LA_UNION,2008,10,13,2.0,28.4,19.2
107013,LA_UNION,2008,10,14,0.0,28.8,20.4
107013,LA_UNION,2008,10,15,0.0,31.0,21.2
107013,LA_UNION,2008,10,16,3.8,30.4,18.8
107013,LA_UNION,2008,10,17,0.0,34.2,19.4
107013,LA_UNION,2008,10,18,0.0,34.8,19.2
107013,LA_UNION,2008,10,19,20.2,33.6,19.6
107013,LA_UNION,2008,10,20,0.0,30.6,20.0
107013,LA_UNION,2008,10,21,0.0,31.8,21.0
107013,LA_UNION,2008,10,22,0.0,33.8,21.4
107013,LA_UNION,2008,10,23,0.0,31.8,21.8
107013,LA_UNION,2008,10,24,0.0,35.2,21.2
107013,LA_UNION,2008,10,25,0.0,36.2,19.4
107013,LA_UNION,2008,10,26,0.0,34.6,21.8
107013,LA_UNION,2008,10,27,0.0,30.6,20.8
107013,LA_UNION,2008,10,28,0.0,30.2,21.6
107013,LA_UNION,2008,10,29,27.2,35.4,21.4
107013,LA_UNION,2008,10,30,0.0,-999,20.4
107013,LA_UNION,2008,10,31,0.0,35.0,21.2
107013,LA_UNION,2008,11,01,0.0,32.8,21.8
107013,LA_UNION,2008,11,02,0.0,31.4,18.2
107013,LA_UNION,2008,11,03,0.0,27.6,17.8
107013,LA_UNION,2008,11,04,7.4,27.4,17.6
107013,LA_UNION,2008,11,05,0.0,34.4,19.6
107013,LA_UNION,2008,11,06,0.0,36.0,19.8
107013,LA_UNION,2008,11,07,0.0,36.6,20.2
107013,LA_UNION,2008,11,08,0.0,37.2,20.8
107013,LA_UNION,2008,11,09,0.0,34.8,20.4
107013,LA_UNION,2008,11,10,0.0,34.6,20.0
107013,LA_UNION,2008,11,11,0.0,31.6,19.6
107013,LA_UNION,2008,11,12,2.2,36.8,20.4
107013,LA_UNION,2008,11,13,45.6,37.0,20.0
107013,LA_UNION,2008,11,14,3.5,28.0,20.6
107013,LA_UNION,2008,11,15,0.0,32.2,21.2
107013,LA_UNION,2008,11,16,0.0,34.0,21.8
107013,LA_UNION,2008,11,17,0.0,34.8,20.4
107013,LA_UNION,2008,11,18,0.0,30.0,21.2
107013,LA_UNION,2008,11,19,0.0,34.2,21.6
107013,LA_UNION,2008,11,20,2.7,34.6,21.8
107013,LA_UNION,2008,11,21,0.0,33.2,21.6
107013,LA_UNION,2008,11,22,0.0,32.6,21.4
107013,LA_UNION,2008,11,23,0.0,34.6,21.8
107013,LA_UNION,2008,11,24,0.0,33.8,20.8
107013,LA_UNION,2008,11,25,29.5,35.0,22.2
107013,LA_UNION,2008,11,26,21.5,30.6,21.2
107013,LA_UNION,2008,11,27,0.0,31.6,20.4
107013,LA_UNION,2008,11,28,0.0,35.2,21.4
107013,LA_UNION,2008,11,29,0.6,29.2,21.8
107013,LA_UNION,2008,11,30,5.6,29.6,21.6
107013,LA_UNION,2008,12,01,1.1,32.8,21.2
107013,LA_UNION,2008,12,02,0.0,32.2,20.0
107013,LA_UNION,2008,12,03,2.1,36.4,21.2
107013,LA_UNION,2008,12,04,0.0,34.8,18.4
107013,LA_UNION,2008,12,05,2.6,27.4,18.2
107013,LA_UNION,2008,12,06,2.2,35.2,20.2
107013,LA_UNION,2008,12,07,1.6,30.2,18.2
107013,LA_UNION,2008,12,08,2.5,31.7,20.2
107013,LA_UNION,2008,12,09,1.2,33.8,20.2
107013,LA_UNION,2008,12,10,0.0,35.4,19.4
107013,LA_UNION,2008,12,11,0.0,35.2,21.8
107013,LA_UNION,2008,12,12,0.0,30.0,21.4
107013,LA_UNION,2008,12,13,0.0,28.8,20.2
107013,LA_UNION,2008,12,14,0.0,35.6,20.0
107013,LA_UNION,2008,12,15,0.0,36.2,19.4
107013,LA_UNION,2008,12,16,0.0,34.2,21.6
107013,LA_UNION,2008,12,17,0.0,32.8,20.2
107013,LA_UNION,2008,12,18,0.0,34.2,21.6
107013,LA_UNION,2008,12,19,68.8,35.6,21.4
107013,LA_UNION,2008,12,20,0.0,31.8,21.2
107013,LA_UNION,2008,12,21,8.7,35.6,21.6
107013,LA_UNION,2008,12,22,0.0,32.2,20.4
107013,LA_UNION,2008,12,23,0.0,35.6,21.2
107013,LA_UNION,2008,12,24,0.0,36.2,20.4
107013,LA_UNION,2008,12,25,0.0,35.4,20.6
107013,LA_UNION,2008,12,26,0.0,35.0,21.8
107013,LA_UNION,2008,12,27,0.0,34.8,21.4
107013,LA_UNION,2008,12,28,0.0,35.6,21.8
107013,LA_UNION,2008,12,29,0.0,35.8,20.0
107013,LA_UNION,2008,12,30,8.3,35.6,20.0
107013,LA_UNION,2008,12,31,0.0,31.8,21.2
107013,LA_UNION,2009,01,01,2.4,32.8,21.6
107013,LA_UNION,2009,01,02,4.4,28.2,21.8
107013,LA_UNION,2009,01,03,0.0,33.8,20.8
107013,LA_UNION,2009,01,04,0.0,32.8,20.0
107013,LA_UNION,2009,01,05,0.0,30.4,21.2
107013,LA_UNION,2009,01,06,0.0,35.6,20.2
107013,LA_UNION,2009,01,07,0.0,35.0,20.6
107013,LA_UNION,2009,01,08,0.0,34.6,21.8
107013,LA_UNION,2009,01,09,0.0,35.2,19.8
107013,LA_UNION,2009,01,10,9.4,31.6,21.6
107013,LA_UNION,2009,01,11,13.4,25.0,21.4
107013,LA_UNION,2009,01,12,5.6,28.6,20.0
107013,LA_UNION,2009,01,13,11.2,29.4,20.2
107013,LA_UNION,2009,01,14,8.5,28.8,20.4
107013,LA_UNION,2009,01,15,0.0,33.6,20.4
107013,LA_UNION,2009,01,16,0.0,35.2,20.2
107013,LA_UNION,2009,01,17,0.0,33.0,21.4
107013,LA_UNION,2009,01,18,0.0,32.4,21.8
107013,LA_UNION,2009,01,19,0.0,31.6,21.2
107013,LA_UNION,2009,01,20,0.0,32.4,20.6
107013,LA_UNION,2009,01,21,3.2,27.4,21.2
107013,LA_UNION,2009,01,22,0.0,35.4,20.4
107013,LA_UNION,2009,01,23,0.0,32.2,20.6
107013,LA_UNION,2009,01,24,0.0,33.8,20.2
107013,LA_UNION,2009,01,25,0.0,34.8,19.6
107013,LA_UNION,2009,01,26,5.6,34.6,19.4
107013,LA_UNION,2009,01,27,0.0,33.6,20.0
107013,LA_UNION,2009,01,28,2.4,30.4,19.8
107013,LA_UNION,2009,01,29,0.0,28.6,21.4
107013,LA_UNION,2009,01,30,0.0,31.4,20.2
107013,LA_UNION,2009,01,31,0.0,33.2,18.2
107013,LA_UNION,2009,02,01,0.0,30.6,20.2
107013,LA_UNION,2009,02,02,0.0,33.6,20.6
107013,LA_UNION,2009,02,03,0.0,35.2,20.2
107013,LA_UNION,2009,02,04,0.0,34.8,20.8
107013,LA_UNION,2009,02,05,9.2,32.4,21.4
107013,LA_UNION,2009,02,06,0.0,32.2,21.4
107013,LA_UNION,2009,02,07,0.0,35.6,19.8
107013,LA_UNION,2009,02,08,0.0,34.0,20.8
107013,LA_UNION,2009,02,09,0.0,35.2,20.4
107013,LA_UNION,2009,02,10,0.0,31.2,21.8
107013,LA_UNION,2009,02,11,0.0,30.2,21.6
107013,LA_UNION,2009,02,12,0.0,30.4,20.2
107013,LA_UNION,2009,02,13,0.0,35.2,21.2
107013,LA_UNION,2009,02,14,0.0,34.2,21.4
107013,LA_UNION,2009,02,15,0.0,35.0,21.6
107013,LA_UNION,2009,02,16,0.0,32.2,22.0
107013,LA_UNION,2009,02,17,0.0,35.0,21.6
107013,LA_UNION,2009,02,18,1.1,29.4,21.8
107013,LA_UNION,2009,02,19,0.0,33.6,19.2
107013,LA_UNION,2009,02,20,0.0,35.4,18.4
107013,LA_UNION,2009,02,21,0.0,36.6,18.8
107013,LA_UNION,2009,02,22,16.4,-999,19.6
107013,LA_UNION,2009,02,23,0.0,35.4,19.2
107013,LA_UNION,2009,02,24,0.0,35.4,20.2
107013,LA_UNION,2009,02,25,0.0,34.6,21.6
107013,LA_UNION,2009,02,26,5.8,28.8,21.4
107013,LA_UNION,2009,02,27,0.0,31.4,20.4
107013,LA_UNION,2009,02,28,0.0,34.4,19.8
107013,LA_UNION,2009,03,01,0.0,32.8,19.4
107013,LA_UNION,2009,03,02,0.0,30.4,20.2
107013,LA_UNION,2009,03,03,18.8,28.4,19.8
107013,LA_UNION,2009,03,04,0.0,31.6,20.0
107013,LA_UNION,2009,03,05,2.2,30.4,21.4
107013,LA_UNION,2009,03,06,14.6,26.8,20.6
107013,LA_UNION,2009,03,07,0.0,32.6,21.2
107013,LA_UNION,2009,03,08,0.0,31.8,20.2
107013,LA_UNION,2009,03,09,0.0,33.2,19.6
107013,LA_UNION,2009,03,10,0.0,32.8,21.6
107013,LA_UNION,2009,03,11,6.2,31.4,21.8
107013,LA_UNION,2009,03,12,16.4,33.6,21.8
107013,LA_UNION,2009,03,13,24.2,27.4,20.8
107013,LA_UNION,2009,03,14,11.9,29.4,20.0
107013,LA_UNION,2009,03,15,0.0,31.4,20.6
107013,LA_UNION,2009,03,16,0.0,32.4,21.2
107013,LA_UNION,2009,03,17,0.0,35.2,20.8
107013,LA_UNION,2009,03,18,4.4,31.4,20.0
107013,LA_UNION,2009,03,19,3.6,30.0,19.4
107013,LA_UNION,2009,03,20,8.8,26.6,20.2
107013,LA_UNION,2009,03,21,57.0,28.2,20.4
107013,LA_UNION,2009,03,22,17.4,30.2,20.6
107013,LA_UNION,2009,03,23,0.0,32.4,20.0
107013,LA_UNION,2009,03,24,0.0,33.2,21.8
107013,LA_UNION,2009,03,25,0.0,32.8,21.2
107013,LA_UNION,2009,03,26,0.0,33.6,20.4
107013,LA_UNION,2009,03,27,0.0,33.2,21.8
107013,LA_UNION,2009,03,28,0.0,32.2,21.8
107013,LA_UNION,2009,03,29,0.0,33.6,21.4
107013,LA_UNION,2009,03,30,0.0,31.2,21.0
107013,LA_UNION,2009,03,31,11.2,30.4,20.8
107013,LA_UNION,2009,04,01,0.0,30.0,21.2
107013,LA_UNION,2009,04,02,0.0,31.6,20.4
107013,LA_UNION,2009,04,03,0.0,34.8,21.6
107013,LA_UNION,2009,04,04,0.0,35.2,21.8
107013,LA_UNION,2009,04,05,0.0,34.8,21.6
107013,LA_UNION,2009,04,06,0.0,33.4,19.8
107013,LA_UNION,2009,04,07,0.0,33.6,21.4
107013,LA_UNION,2009,04,08,27.4,27.8,22.6
107013,LA_UNION,2009,04,09,0.0,29.2,21.2
107013,LA_UNION,2009,04,10,5.5,31.6,21.8
107013,LA_UNION,2009,04,11,17.4,26.6,19.6
107013,LA_UNION,2009,04,12,2.2,32.6,19.6
107013,LA_UNION,2009,04,13,0.0,32.2,20.8
107013,LA_UNION,2009,04,14,20.4,28.8,21.4
107013,LA_UNION,2009,04,15,4.8,27.4,20.4
107013,LA_UNION,2009,04,16,0.0,28.8,20.0
107013,LA_UNION,2009,04,17,1.4,27.4,20.6
107013,LA_UNION,2009,04,18,7.2,27.6,21.4
107013,LA_UNION,2009,04,19,4.3,28.8,21.6
107013,LA_UNION,2009,04,20,4.6,31.0,20.8
107013,LA_UNION,2009,04,21,0.0,32.8,21.6
107013,LA_UNION,2009,04,22,17.6,29.8,21.8
107013,LA_UNION,2009,04,23,0.0,31.2,20.2
107013,LA_UNION,2009,04,24,0.0,34.2,20.0
107013,LA_UNION,2009,04,25,0.0,35.4,21.2
107013,LA_UNION,2009,04,26,5.8,33.0,21.6
107013,LA_UNION,2009,04,27,4.8,31.8,21.4
107013,LA_UNION,2009,04,28,2.2,29.4,21.2
107013,LA_UNION,2009,04,29,0.0,31.0,21.6
107013,LA_UNION,2009,04,30,5.8,31.8,21.8
107013,LA_UNION,2009,05,01,36.4,26.6,22.2
107013,LA_UNION,2009,05,02,0.0,32.2,19.8
107013,LA_UNION,2009,05,03,0.0,33.4,20.6
107013,LA_UNION,2009,05,04,0.0,33.8,20.8
107013,LA_UNION,2009,05,05,6.6,28.4,20.0
107013,LA_UNION,2009,05,06,10.2,31.2,21.4
107013,LA_UNION,2009,05,07,40.2,26.2,18.4
107013,LA_UNION,2009,05,08,0.0,33.6,19.4
107013,LA_UNION,2009,05,09,0.0,33.6,19.2
107013,LA_UNION,2009,05,10,9.4,31.6,20.4
107013,LA_UNION,2009,05,11,0.0,32.8,19.6
107013,LA_UNION,2009,05,12,1.1,33.6,20.6
107013,LA_UNION,2009,05,13,0.0,33.4,19.6
107013,LA_UNION,2009,05,14,0.0,35.0,21.6
107013,LA_UNION,2009,05,15,3.4,35.2,20.2
107013,LA_UNION,2009,05,16,0.0,27.8,20.4
107013,LA_UNION,2009,05,17,0.0,34.2,20.6
107013,LA_UNION,2009,05,18,0.0,30.6,20.4
107013,LA_UNION,2009,05,19,2.6,31.2,20.2
107013,LA_UNION,2009,05,20,7.4,30.6,19.4
107013,LA_UNION,2009,05,21,0.0,32.8,21.6
107013,LA_UNION,2009,05,22,0.0,33.4,20.6
107013,LA_UNION,2009,05,23,0.0,31.8,19.8
107013,LA_UNION,2009,05,24,0.0,33.6,21.8
107013,LA_UNION,2009,05,25,0.0,33.4,19.4
107013,LA_UNION,2009,05,26,0.0,33.6,20.6
107013,LA_UNION,2009,05,27,0.0,31.6,20.2
107013,LA_UNION,2009,05,28,0.0,33.4,20.6
107013,LA_UNION,2009,05,29,0.0,32.8,19.8
107013,LA_UNION,2009,05,30,0.0,32.4,20.2
107013,LA_UNION,2009,05,31,0.0,34.2,18.2
107013,LA_UNION,2009,06,01,0.0,33.4,19.6
107013,LA_UNION,2009,06,02,3.8,31.2,20.4
107013,LA_UNION,2009,06,03,0.0,27.8,19.6
107013,LA_UNION,2009,06,04,0.0,30.6,16.6
107013,LA_UNION,2009,06,05,0.0,31.8,16.8
107013,LA_UNION,2009,06,06,0.0,32.6,18.2
107013,LA_UNION,2009,06,07,0.0,29.6,18.8
107013,LA_UNION,2009,06,08,0.0,31.8,20.0
107013,LA_UNION,2009,06,09,1.6,33.6,20.2
107013,LA_UNION,2009,06,10,0.0,34.8,19.6
107013,LA_UNION,2009,06,11,17.7,30.2,19.4
107013,LA_UNION,2009,06,12,5.6,29.8,19.4
107013,LA_UNION,2009,06,13,0.0,28.4,19.6
107013,LA_UNION,2009,06,14,0.0,29.2,18.4
107013,LA_UNION,2009,06,15,0.0,32.6,20.2
107013,LA_UNION,2009,06,16,0.0,33.0,19.2
107013,LA_UNION,2009,06,17,0.0,32.8,20.0
107013,LA_UNION,2009,06,18,0.0,34.2,18.2
107013,LA_UNION,2009,06,19,0.0,32.0,18.8
107013,LA_UNION,2009,06,20,0.0,32.4,20.0
107013,LA_UNION,2009,06,21,0.0,30.4,19.4
107013,LA_UNION,2009,06,22,0.0,34.8,19.2
107013,LA_UNION,2009,06,23,0.0,33.6,20.4
107013,LA_UNION,2009,06,24,0.0,32.6,20.2
107013,LA_UNION,2009,06,25,1.2,32.4,19.8
107013,LA_UNION,2009,06,26,0.0,31.2,19.6
107013,LA_UNION,2009,06,27,15.8,28.8,20.0
107013,LA_UNION,2009,06,28,0.0,32.8,19.0
107013,LA_UNION,2009,06,29,0.0,33.0,18.2
107013,LA_UNION,2009,06,30,0.0,31.2,19.4
107013,LA_UNION,2009,07,01,0.0,33.4,19.6
107013,LA_UNION,2009,07,02,0.0,35.4,20.6
107013,LA_UNION,2009,07,03,0.0,35.2,20.4
107013,LA_UNION,2009,07,04,0.0,35.8,18.8
107013,LA_UNION,2009,07,05,1.4,34.6,20.8
107013,LA_UNION,2009,07,06,0.0,32.2,19.6
107013,LA_UNION,2009,07,07,16.8,31.8,19.8
107013,LA_UNION,2009,07,08,0.0,29.6,19.2
107013,LA_UNION,2009,07,09,0.0,31.6,19.0
107013,LA_UNION,2009,07,10,0.0,32.2,19.4
107013,LA_UNION,2009,07,11,0.0,33.6,17.2
107013,LA_UNION,2009,07,12,0.0,33.4,18.2
107013,LA_UNION,2009,07,13,2.2,31.8,17.0
107013,LA_UNION,2009,07,14,0.0,29.8,18.2
107013,LA_UNION,2009,07,15,0.0,32.8,20.4
107013,LA_UNION,2009,07,16,0.0,34.6,18.4
107013,LA_UNION,2009,07,17,0.0,34.2,19.0
107013,LA_UNION,2009,07,18,4.8,31.2,18.8
107013,LA_UNION,2009,07,19,0.0,32.8,18.6
107013,LA_UNION,2009,07,20,0.0,34.8,19.2
107013,LA_UNION,2009,07,21,0.0,35.0,18.8
107013,LA_UNION,2009,07,22,0.0,32.2,19.6
107013,LA_UNION,2009,07,23,1.4,34.6,20.0
107013,LA_UNION,2009,07,24,4.6,26.8,20.4
107013,LA_UNION,2009,07,25,0.0,31.8,20.2
107013,LA_UNION,2009,07,26,0.0,31.6,19.4
107013,LA_UNION,2009,07,27,0.0,34.0,19.6
107013,LA_UNION,2009,07,28,0.0,33.6,18.8
107013,LA_UNION,2009,07,29,0.0,35.0,19.2
107013,LA_UNION,2009,07,30,9.8,30.8,20.6
107013,LA_UNION,2009,07,31,0.0,34.0,19.8
107013,LA_UNION,2009,08,01,0.0,32.8,20.8
107013,LA_UNION,2009,08,02,1.1,33.8,19.2
107013,LA_UNION,2009,08,03,17.8,31.4,20.0
107013,LA_UNION,2009,08,04,0.0,32.4,19.8
107013,LA_UNION,2009,08,05,0.0,33.8,20.4
107013,LA_UNION,2009,08,06,0.0,35.6,20.2
107013,LA_UNION,2009,08,07,0.0,32.8,18.4
107013,LA_UNION,2009,08,08,3.8,33.6,19.4
107013,LA_UNION,2009,08,09,0.0,35.2,19.6
107013,LA_UNION,2009,08,10,18.8,32.8,18.6
107013,LA_UNION,2009,08,11,7.5,23.8,19.2
107013,LA_UNION,2009,08,12,0.0,31.6,18.8
107013,LA_UNION,2009,08,13,0.0,32.6,18.4
107013,LA_UNION,2009,08,14,0.0,34.6,19.6
107013,LA_UNION,2009,08,15,0.0,34.6,18.0
107013,LA_UNION,2009,08,16,0.0,35.2,19.2
107013,LA_UNION,2009,08,17,0.0,36.4,19.0
107013,LA_UNION,2009,08,18,0.0,36.2,20.8
107013,LA_UNION,2009,08,19,0.0,35.6,19.8
107013,LA_UNION,2009,08,20,0.0,36.6,20.2
107013,LA_UNION,2009,08,21,1.2,34.8,20.6
107013,LA_UNION,2009,08,22,0.0,31.8,21.6
107013,LA_UNION,2009,08,23,0.0,35.4,20.6
107013,LA_UNION,2009,08,24,8.8,30.4,20.2
107013,LA_UNION,2009,08,25,16.6,26.6,20.6
107013,LA_UNION,2009,08,26,0.0,29.6,19.8
107013,LA_UNION,2009,08,27,10.2,33.2,20.0
107013,LA_UNION,2009,08,28,3.6,33.6,19.8
107013,LA_UNION,2009,08,29,0.0,32.6,18.8
107013,LA_UNION,2009,08,30,0.0,34.2,18.6
107013,LA_UNION,2009,08,31,0.0,35.2,18.2
107013,LA_UNION,2009,09,01,0.0,35.0,19.6
107013,LA_UNION,2009,09,02,0.0,36.8,20.0
107013,LA_UNION,2009,09,03,0.0,35.2,19.8
107013,LA_UNION,2009,09,04,4.2,31.4,19.6
107013,LA_UNION,2009,09,05,0.0,35.4,19.0
107013,LA_UNION,2009,09,06,3.6,35.4,19.4
107013,LA_UNION,2009,09,07,0.0,36.6,19.0
107013,LA_UNION,2009,09,08,0.0,37.4,18.6
107013,LA_UNION,2009,09,09,0.0,37.6,19.2
107013,LA_UNION,2009,09,10,10.5,32.2,20.0
107013,LA_UNION,2009,09,11,7.5,27.4,19.4
107013,LA_UNION,2009,09,12,1.5,32.2,18.0
107013,LA_UNION,2009,09,13,0.0,34.6,18.2
107013,LA_UNION,2009,09,14,0.0,35.4,19.4
107013,LA_UNION,2009,09,15,0.0,35.8,18.8
107013,LA_UNION,2009,09,16,0.0,34.8,20.2
107013,LA_UNION,2009,09,17,0.0,33.8,20.0
107013,LA_UNION,2009,09,18,0.0,35.8,19.8
107013,LA_UNION,2009,09,19,0.0,33.6,20.4
107013,LA_UNION,2009,09,20,0.0,34.8,20.0
107013,LA_UNION,2009,09,21,1.6,27.6,21.6
107013,LA_UNION,2009,09,22,0.0,31.6,20.4
107013,LA_UNION,2009,09,23,0.0,33.2,19.2
107013,LA_UNION,2009,09,24,0.0,30.8,20.0
107013,LA_UNION,2009,09,25,6.6,28.8,20.2
107013,LA_UNION,2009,09,26,0.0,35.4,20.4
107013,LA_UNION,2009,09,27,3.4,34.8,20.4
107013,LA_UNION,2009,09,28,2.2,33.6,20.2
107013,LA_UNION,2009,09,29,44.4,27.6,21.2
107013,LA_UNION,2009,09,30,4.6,28.2,20.0
107013,LA_UNION,2009,10,01,0.0,31.4,20.0
107013,LA_UNION,2009,10,02,0.0,35.6,19.2
107013,LA_UNION,2009,10,03,0.0,34.4,19.0
107013,LA_UNION,2009,10,04,0.0,35.8,20.4
107013,LA_UNION,2009,10,05,0.0,36.4,19.6
107013,LA_UNION,2009,10,06,0.0,36.6,20.2
107013,LA_UNION,2009,10,07,0.0,36.4,20.6
107013,LA_UNION,2009,10,08,15.8,36.2,20.8
107013,LA_UNION,2009,10,09,0.0,34.8,21.6
107013,LA_UNION,2009,10,10,0.0,35.6,20.4
107013,LA_UNION,2009,10,11,0.0,36.8,20.8
107013,LA_UNION,2009,10,12,0.0,36.6,20.0
107013,LA_UNION,2009,10,13,0.0,33.6,18.4
107013,LA_UNION,2009,10,14,4.4,27.4,19.2
107013,LA_UNION,2009,10,15,0.0,33.2,20.6
107013,LA_UNION,2009,10,16,0.0,35.4,20.2
107013,LA_UNION,2009,10,17,0.0,34.2,20.4
107013,LA_UNION,2009,10,18,0.0,32.2,20.6
107013,LA_UNION,2009,10,19,38.4,36.8,20.2
107013,LA_UNION,2009,10,20,47.3,-999,21.4
107013,LA_UNION,2009,10,21,0.0,34.4,19.6
107013,LA_UNION,2009,10,22,3.6,30.4,19.2
107013,LA_UNION,2009,10,23,0.0,30.4,19.4
107013,LA_UNION,2009,10,24,0.0,33.6,21.6
107013,LA_UNION,2009,10,25,0.0,33.2,21.4
107013,LA_UNION,2009,10,26,0.0,32.8,19.6
107013,LA_UNION,2009,10,27,0.0,35.6,20.0
107013,LA_UNION,2009,10,28,0.0,35.4,20.2
107013,LA_UNION,2009,10,29,0.0,32.6,19.4
107013,LA_UNION,2009,10,30,0.0,27.6,19.0
107013,LA_UNION,2009,10,31,0.0,35.2,19.8
107013,LA_UNION,2009,11,01,0.0,36.6,20.6
107013,LA_UNION,2009,11,02,0.0,34.2,21.6
107013,LA_UNION,2009,11,03,0.0,35.6,21.4
107013,LA_UNION,2009,11,04,0.0,33.4,20.2
107013,LA_UNION,2009,11,05,0.0,33.8,21.4
107013,LA_UNION,2009,11,06,0.0,37.0,21.8
107013,LA_UNION,2009,11,07,0.0,37.4,21.8
107013,LA_UNION,2009,11,08,0.0,37.6,21.6
107013,LA_UNION,2009,11,09,0.0,36.4,21.8
107013,LA_UNION,2009,11,10,0.0,36.8,22.2
107013,LA_UNION,2009,11,11,0.0,36.6,22.8
107013,LA_UNION,2009,11,12,0.0,32.6,22.0
107013,LA_UNION,2009,11,13,0.0,35.6,20.6
107013,LA_UNION,2009,11,14,0.0,37.6,19.6
107013,LA_UNION,2009,11,15,0.0,37.6,21.6
107013,LA_UNION,2009,11,16,6.2,35.0,21.8
107013,LA_UNION,2009,11,17,7.6,27.8,21.8
107013,LA_UNION,2009,11,18,10.2,27.2,21.2
107013,LA_UNION,2009,11,19,0.0,34.2,20.6
107013,LA_UNION,2009,11,20,0.0,35.6,20.6
107013,LA_UNION,2009,11,21,0.0,35.2,21.4
107013,LA_UNION,2009,11,22,0.0,32.0,21.8
107013,LA_UNION,2009,11,23,0.0,32.4,21.2
107013,LA_UNION,2009,11,24,0.0,32.0,21.4
107013,LA_UNION,2009,11,25,0.0,36.6,20.8
107013,LA_UNION,2009,11,26,0.0,37.8,22.0
107013,LA_UNION,2009,11,27,0.0,35.6,22.2
107013,LA_UNION,2009,11,28,0.0,35.2,22.8
107013,LA_UNION,2009,11,29,5.6,29.4,22.6
107013,LA_UNION,2009,11,30,0.0,33.6,21.6
107013,LA_UNION,2009,12,01,0.0,35.2,17.8
107013,LA_UNION,2009,12,02,0.0,36.6,20.8
107013,LA_UNION,2009,12,03,0.0,34.8,21.4
107013,LA_UNION,2009,12,04,0.0,37.2,22.6
107013,LA_UNION,2009,12,05,0.0,34.8,20.4
107013,LA_UNION,2009,12,06,0.0,36.4,22.6
107013,LA_UNION,2009,12,07,0.0,36.8,23.6
107013,LA_UNION,2009,12,08,0.0,36.8,22.6
107013,LA_UNION,2009,12,09,0.0,36.6,22.0
107013,LA_UNION,2009,12,10,0.0,36.4,21.8
107013,LA_UNION,2009,12,11,0.0,36.8,21.8
107013,LA_UNION,2009,12,12,0.0,35.8,21.2
107013,LA_UNION,2009,12,13,0.0,36.8,22.2
107013,LA_UNION,2009,12,14,0.0,36.2,23.2
107013,LA_UNION,2009,12,15,0.0,36.4,21.8
107013,LA_UNION,2009,12,16,0.0,35.8,20.6
107013,LA_UNION,2009,12,17,6.6,36.4,21.6
107013,LA_UNION,2009,12,18,6.8,29.6,21.4
107013,LA_UNION,2009,12,19,1.2,33.2,21.4
107013,LA_UNION,2009,12,20,0.0,30.0,21.8
107013,LA_UNION,2009,12,21,3.5,-999,22.2
107013,LA_UNION,2009,12,22,0.0,33.6,22.2
107013,LA_UNION,2009,12,23,0.0,35.4,20.6
107013,LA_UNION,2009,12,24,0.0,34.2,21.6
107013,LA_UNION,2009,12,25,0.0,34.2,22.8
107013,LA_UNION,2009,12,26,0.0,35.6,21.2
107013,LA_UNION,2009,12,27,0.0,35.4,21.8
107013,LA_UNION,2009,12,28,0.0,37.6,21.6
107013,LA_UNION,2009,12,29,0.0,38.2,22.0
107013,LA_UNION,2009,12,30,0.0,38.0,20.2
107013,LA_UNION,2009,12,31,0.0,38.8,20.0
107013,LA_UNION,2010,01,01,0.0,37.8,21.2
107013,LA_UNION,2010,01,02,0.0,37.6,22.6
107013,LA_UNION,2010,01,03,0.0,36.8,22.2
107013,LA_UNION,2010,01,04,0.0,37.8,22.0
107013,LA_UNION,2010,01,05,0.0,30.2,20.4
107013,LA_UNION,2010,01,06,0.0,35.0,21.4
107013,LA_UNION,2010,01,07,8.6,36.0,20.4
107013,LA_UNION,2010,01,08,0.0,37.8,21.4
107013,LA_UNION,2010,01,09,0.0,35.8,18.8
107013,LA_UNION,2010,01,10,0.0,36.4,19.6
107013,LA_UNION,2010,01,11,0.0,36.8,20.8
107013,LA_UNION,2010,01,12,0.0,37.8,22.4
107013,LA_UNION,2010,01,13,0.0,38.6,21.8
107013,LA_UNION,2010,01,14,0.0,36.2,20.0
107013,LA_UNION,2010,01,15,2.6,35.0,21.8
107013,LA_UNION,2010,01,16,0.0,34.4,21.8
107013,LA_UNION,2010,01,17,0.0,35.6,20.4
107013,LA_UNION,2010,01,18,0.0,35.8,21.6
107013,LA_UNION,2010,01,19,0.0,35.4,20.8
107013,LA_UNION,2010,01,20,0.0,36.8,19.8
107013,LA_UNION,2010,01,21,0.0,36.6,22.4
107013,LA_UNION,2010,01,22,1.2,29.6,21.6
107013,LA_UNION,2010,01,23,0.0,36.4,21.8
107013,LA_UNION,2010,01,24,0.0,34.6,20.6
107013,LA_UNION,2010,01,25,0.0,33.4,20.8
107013,LA_UNION,2010,01,26,0.0,28.8,21.6
107013,LA_UNION,2010,01,27,0.0,36.8,21.8
107013,LA_UNION,2010,01,28,0.0,33.4,22.8
107013,LA_UNION,2010,01,29,0.0,36.6,20.8
107013,LA_UNION,2010,01,30,0.0,36.8,20.4
107013,LA_UNION,2010,01,31,0.0,35.2,21.8
107013,LA_UNION,2010,02,01,0.0,30.8,22.4
107013,LA_UNION,2010,02,02,0.0,35.6,21.4
107013,LA_UNION,2010,02,03,12.2,34.6,20.6
107013,LA_UNION,2010,02,04,7.5,32.4,19.8
107013,LA_UNION,2010,02,05,1.6,32.8,21.8
107013,LA_UNION,2010,02,06,41.8,30.6,22.0
107013,LA_UNION,2010,02,07,0.0,29.8,20.2
107013,LA_UNION,2010,02,08,0.0,34.4,20.0
107013,LA_UNION,2010,02,09,0.0,35.6,20.6
107013,LA_UNION,2010,02,10,0.0,37.6,21.0
107013,LA_UNION,2010,02,11,0.0,36.8,21.8
107013,LA_UNION,2010,02,12,0.0,37.6,20.8
107013,LA_UNION,2010,02,13,0.0,35.0,19.8
107013,LA_UNION,2010,02,14,0.0,37.2,20.0
107013,LA_UNION,2010,02,15,0.0,36.8,21.6
107013,LA_UNION,2010,02,16,0.0,34.8,22.4
107013,LA_UNION,2010,02,17,6.8,29.6,21.8
107013,LA_UNION,2010,02,18,0.0,31.2,20.2
107013,LA_UNION,2010,02,19,11.6,34.2,21.6
107013,LA_UNION,2010,02,20,0.0,31.4,21.4
107013,LA_UNION,2010,02,21,5.0,33.6,21.8
107013,LA_UNION,2010,02,22,2.4,28.4,21.6
107013,LA_UNION,2010,02,23,0.0,33.6,20.8
107013,LA_UNION,2010,02,24,0.0,33.8,22.2
107013,LA_UNION,2010,02,25,0.0,35.6,21.6
107013,LA_UNION,2010,02,26,4.4,36.2,21.4
107013,LA_UNION,2010,02,27,0.0,36.4,22.2
107013,LA_UNION,2010,02,28,0.0,36.2,21.8
107013,LA_UNION,2010,03,01,0.0,34.2,21.4
107013,LA_UNION,2010,03,02,1.4,31.6,19.4
107013,LA_UNION,2010,03,03,0.0,33.4,19.2
107013,LA_UNION,2010,03,04,0.0,34.4,21.8
107013,LA_UNION,2010,03,05,7.9,32.8,21.2
107013,LA_UNION,2010,03,06,0.0,33.8,22.2
107013,LA_UNION,2010,03,07,0.0,34.6,20.8
107013,LA_UNION,2010,03,08,2.6,36.2,22.2
107013,LA_UNION,2010,03,09,2.2,37.6,21.4
107013,LA_UNION,2010,03,10,15.4,34.2,22.0
107013,LA_UNION,2010,03,11,0.0,34.8,21.6
107013,LA_UNION,2010,03,12,0.0,36.4,20.6
107013,LA_UNION,2010,03,13,0.0,31.2,22.2
107013,LA_UNION,2010,03,14,0.0,37.4,21.8
107013,LA_UNION,2010,03,15,0.0,37.8,20.4
107013,LA_UNION,2010,03,16,20.2,31.6,20.2
107013,LA_UNION,2010,03,17,6.6,30.6,20.8
107013,LA_UNION,2010,03,18,7.0,30.4,21.6
107013,LA_UNION,2010,03,19,2.4,31.6,21.4
107013,LA_UNION,2010,03,20,9.8,32.6,22.2
107013,LA_UNION,2010,03,21,0.0,35.6,21.6
107013,LA_UNION,2010,03,22,0.0,35.8,20.6
107013,LA_UNION,2010,03,23,0.0,36.6,21.4
107013,LA_UNION,2010,03,24,0.0,35.6,21.2
107013,LA_UNION,2010,03,25,6.8,30.4,21.6
107013,LA_UNION,2010,03,26,3.6,30.8,21.0
107013,LA_UNION,2010,03,27,1.6,33.6,20.4
107013,LA_UNION,2010,03,28,0.0,30.0,20.6
107013,LA_UNION,2010,03,29,25.6,34.2,21.2
107013,LA_UNION,2010,03,30,6.4,28.6,21.8
107013,LA_UNION,2010,03,31,2.6,27.4,22.2
107013,LA_UNION,2010,04,01,0.0,33.2,20.8
107013,LA_UNION,2010,04,02,0.0,35.4,21.8
107013,LA_UNION,2010,04,03,0.0,31.8,22.2
107013,LA_UNION,2010,04,04,0.0,32.6,21.6
107013,LA_UNION,2010,04,05,48.0,27.8,18.8
107013,LA_UNION,2010,04,06,15.0,28.8,19.4
107013,LA_UNION,2010,04,07,0.0,33.6,19.0
107013,LA_UNION,2010,04,08,4.4,28.6,20.4
107013,LA_UNION,2010,04,09,0.0,29.8,22.2
107013,LA_UNION,2010,04,10,0.0,28.4,21.6
107013,LA_UNION,2010,04,11,0.0,32.2,21.4
107013,LA_UNION,2010,04,12,0.0,28.8,21.8
107013,LA_UNION,2010,04,13,2.4,30.6,22.0
107013,LA_UNION,2010,04,14,7.8,32.8,21.6
107013,LA_UNION,2010,04,15,0.0,33.6,20.8
107013,LA_UNION,2010,04,16,69.8,32.6,20.6
107013,LA_UNION,2010,04,17,0.0,33.6,21.2
107013,LA_UNION,2010,04,18,0.0,34.6,21.8
107013,LA_UNION,2010,04,19,6.4,30.4,21.6
107013,LA_UNION,2010,04,20,0.0,32.2,22.8
107013,LA_UNION,2010,04,21,0.0,35.4,21.2
107013,LA_UNION,2010,04,22,0.0,36.6,21.8
107013,LA_UNION,2010,04,23,0.0,34.8,21.0
107013,LA_UNION,2010,04,24,0.0,35.4,21.2
107013,LA_UNION,2010,04,25,0.0,35.8,22.4
107013,LA_UNION,2010,04,26,8.8,35.4,21.6
107013,LA_UNION,2010,04,27,4.4,30.2,20.0
107013,LA_UNION,2010,04,28,0.0,33.6,19.8
107013,LA_UNION,2010,04,29,0.0,34.8,21.8
107013,LA_UNION,2010,04,30,4.6,29.4,22.2
107013,LA_UNION,2010,05,01,1.4,29.2,21.6
107013,LA_UNION,2010,05,02,0.0,33.2,21.4
107013,LA_UNION,2010,05,03,0.0,36.6,20.8
107013,LA_UNION,2010,05,04,10.8,29.8,20.4
107013,LA_UNION,2010,05,05,0.0,35.4,21.0
107013,LA_UNION,2010,05,06,0.0,36.4,21.8
107013,LA_UNION,2010,05,07,0.0,35.8,20.4
107013,LA_UNION,2010,05,08,12.4,30.4,20.8
107013,LA_UNION,2010,05,09,7.4,27.8,20.2
107013,LA_UNION,2010,05,10,2.4,25.4,20.0
107013,LA_UNION,2010,05,11,0.0,28.8,18.2
107013,LA_UNION,2010,05,12,0.0,31.6,17.4
107013,LA_UNION,2010,05,13,0.0,36.4,17.6
107013,LA_UNION,2010,05,14,0.0,36.6,19.8
107013,LA_UNION,2010,05,15,0.0,34.4,18.0
107013,LA_UNION,2010,05,16,0.0,35.4,20.4
107013,LA_UNION,2010,05,17,0.0,35.8,20.6
107013,LA_UNION,2010,05,18,0.0,35.2,21.2
107013,LA_UNION,2010,05,19,0.0,30.6,20.0
107013,LA_UNION,2010,05,20,0.0,32.0,20.6
107013,LA_UNION,2010,05,21,2.2,33.6,22.0
107013,LA_UNION,2010,05,22,0.0,34.6,20.0
107013,LA_UNION,2010,05,23,0.0,34.2,20.8
107013,LA_UNION,2010,05,24,0.0,34.0,21.6
107013,LA_UNION,2010,05,25,5.6,33.4,21.2
107013,LA_UNION,2010,05,26,6.4,27.6,22.0
107013,LA_UNION,2010,05,27,6.6,27.4,21.8
107013,LA_UNION,2010,05,28,0.0,32.2,21.6
107013,LA_UNION,2010,05,29,0.0,32.6,20.0
107013,LA_UNION,2010,05,30,0.0,34.6,20.0
107013,LA_UNION,2010,05,31,5.6,34.6,20.6
107013,LA_UNION,2010,06,01,4.6,26.8,19.4
107013,LA_UNION,2010,06,02,0.0,31.4,20.2
107013,LA_UNION,2010,06,03,0.0,35.6,19.8
107013,LA_UNION,2010,06,04,0.0,31.4,20.0
107013,LA_UNION,2010,06,05,0.0,32.8,19.2
107013,LA_UNION,2010,06,06,19.9,25.6,17.4
107013,LA_UNION,2010,06,07,0.0,30.6,19.2
107013,LA_UNION,2010,06,08,0.0,32.6,18.8
107013,LA_UNION,2010,06,09,0.0,32.6,19.2
107013,LA_UNION,2010,06,10,0.0,34.8,18.8
107013,LA_UNION,2010,06,11,7.8,30.6,18.8
107013,LA_UNION,2010,06,12,0.0,32.8,18.6
107013,LA_UNION,2010,06,13,0.0,33.8,19.8
107013,LA_UNION,2010,06,14,0.0,34.2,19.0
107013,LA_UNION,2010,06,15,0.0,33.6,18.6
107013,LA_UNION,2010,06,16,0.0,35.2,18.4
107013,LA_UNION,2010,06,17,0.0,34.2,18.6
107013,LA_UNION,2010,06,18,0.0,33.4,18.8
107013,LA_UNION,2010,06,19,0.0,31.6,19.6
107013,LA_UNION,2010,06,20,0.0,34.2,19.2
107013,LA_UNION,2010,06,21,0.0,35.0,18.8
107013,LA_UNION,2010,06,22,0.0,34.4,19.4
107013,LA_UNION,2010,06,23,0.0,34.8,19.2
107013,LA_UNION,2010,06,24,0.0,33.6,21.6
107013,LA_UNION,2010,06,25,1.3,34.2,18.6
107013,LA_UNION,2010,06,26,0.0,34.8,19.6
107013,LA_UNION,2010,06,27,0.0,33.2,18.4
107013,LA_UNION,2010,06,28,0.0,33.8,18.0
107013,LA_UNION,2010,06,29,15.8,27.6,18.2
107013,LA_UNION,2010,06,30,0.0,31.6,20.0
107013,LA_UNION,2010,07,01,0.0,33.0,19.6
107013,LA_UNION,2010,07,02,0.0,34.4,18.6
107013,LA_UNION,2010,07,03,0.0,34.6,18.4
107013,LA_UNION,2010,07,04,0.0,34.8,18.2
107013,LA_UNION,2010,07,05,0.0,33.8,18.0
107013,LA_UNION,2010,07,06,9.4,33.6,20.6
107013,LA_UNION,2010,07,07,0.0,27.8,18.0
107013,LA_UNION,2010,07,08,0.0,32.6,18.4
107013,LA_UNION,2010,07,09,0.0,32.0,19.2
107013,LA_UNION,2010,07,10,0.0,33.8,18.6
107013,LA_UNION,2010,07,11,0.0,31.8,20.0
107013,LA_UNION,2010,07,12,0.0,35.2,19.6
107013,LA_UNION,2010,07,13,0.0,34.8,19.8
107013,LA_UNION,2010,07,14,0.0,34.6,20.0
107013,LA_UNION,2010,07,15,10.0,32.6,19.4
107013,LA_UNION,2010,07,16,3.6,26.8,19.0
107013,LA_UNION,2010,07,17,0.0,23.6,17.2
107013,LA_UNION,2010,07,18,0.0,28.6,16.8
107013,LA_UNION,2010,07,19,0.0,30.6,18.6
107013,LA_UNION,2010,07,20,0.0,32.2,14.4
107013,LA_UNION,2010,07,21,0.0,35.2,17.2
107013,LA_UNION,2010,07,22,0.0,35.4,17.8
107013,LA_UNION,2010,07,23,0.0,35.6,17.6
107013,LA_UNION,2010,07,24,0.0,34.0,16.8
107013,LA_UNION,2010,07,25,3.2,34.6,17.0
107013,LA_UNION,2010,07,26,0.0,32.2,18.6
107013,LA_UNION,2010,07,27,4.8,28.8,20.0
107013,LA_UNION,2010,07,28,0.0,33.8,19.8
107013,LA_UNION,2010,07,29,0.0,35.2,18.4
107013,LA_UNION,2010,07,30,0.0,35.4,19.4
107013,LA_UNION,2010,07,31,0.0,35.4,18.8
107013,LA_UNION,2010,08,01,0.0,36.2,19.4
107013,LA_UNION,2010,08,02,7.6,27.6,18.2
107013,LA_UNION,2010,08,03,0.0,34.4,18.8
107013,LA_UNION,2010,08,04,0.0,29.6,18.8
107013,LA_UNION,2010,08,05,0.0,31.6,19.8
107013,LA_UNION,2010,08,06,0.0,31.8,14.8
107013,LA_UNION,2010,08,07,0.0,33.6,16.0
107013,LA_UNION,2010,08,08,0.0,35.8,16.6
107013,LA_UNION,2010,08,09,0.0,35.0,16.8
107013,LA_UNION,2010,08,10,0.0,34.4,18.6
107013,LA_UNION,2010,08,11,0.0,35.2,15.6
107013,LA_UNION,2010,08,12,0.0,35.2,16.6
107013,LA_UNION,2010,08,13,0.0,35.0,16.8
107013,LA_UNION,2010,08,14,1.6,36.0,17.6
107013,LA_UNION,2010,08,15,0.0,29.8,18.4
107013,LA_UNION,2010,08,16,0.0,32.6,18.8
107013,LA_UNION,2010,08,17,0.0,34.2,18.0
107013,LA_UNION,2010,08,18,0.0,36.0,18.2
107013,LA_UNION,2010,08,19,0.0,37.2,17.4
107013,LA_UNION,2010,08,20,0.0,35.4,17.2
107013,LA_UNION,2010,08,21,0.0,33.6,18.6
107013,LA_UNION,2010,08,22,0.0,36.6,17.6
107013,LA_UNION,2010,08,23,0.0,36.4,20.0
107013,LA_UNION,2010,08,24,0.0,35.6,18.4
107013,LA_UNION,2010,08,25,0.0,36.2,17.6
107013,LA_UNION,2010,08,26,0.0,35.8,18.4
107013,LA_UNION,2010,08,27,0.0,37.4,18.6
107013,LA_UNION,2010,08,28,0.0,37.0,18.8
107013,LA_UNION,2010,08,29,0.0,36.8,17.6
107013,LA_UNION,2010,08,30,0.0,36.6,18.2
107013,LA_UNION,2010,08,31,0.0,35.4,18.6
107013,LA_UNION,2010,09,01,0.0,36.8,18.4
107013,LA_UNION,2010,09,02,14.6,28.4,18.0
107013,LA_UNION,2010,09,03,0.0,33.6,18.2
107013,LA_UNION,2010,09,04,0.0,36.2,18.6
107013,LA_UNION,2010,09,05,4.4,29.2,18.8
107013,LA_UNION,2010,09,06,0.0,30.8,18.4
107013,LA_UNION,2010,09,07,0.0,35.0,18.8
107013,LA_UNION,2010,09,08,0.0,36.4,19.6
107013,LA_UNION,2010,09,09,0.0,37.2,18.6
107013,LA_UNION,2010,09,10,0.0,37.4,18.0
107013,LA_UNION,2010,09,11,0.0,36.8,18.2
107013,LA_UNION,2010,09,12,0.0,35.4,19.0
107013,LA_UNION,2010,09,13,0.0,38.0,19.6
107013,LA_UNION,2010,09,14,0.0,37.4,17.6
107013,LA_UNION,2010,09,15,5.6,31.6,19.4
107013,LA_UNION,2010,09,16,0.0,34.8,20.6
107013,LA_UNION,2010,09,17,5.6,37.0,20.4
107013,LA_UNION,2010,09,18,5.8,27.4,18.6
107013,LA_UNION,2010,09,19,2.4,28.4,19.2
107013,LA_UNION,2010,09,20,0.0,34.8,16.6
107013,LA_UNION,2010,09,21,0.0,35.6,17.8
107013,LA_UNION,2010,09,22,0.0,36.8,16.8
107013,LA_UNION,2010,09,23,4.8,35.0,18.8
107013,LA_UNION,2010,09,24,0.0,34.4,19.0
107013,LA_UNION,2010,09,25,0.0,35.8,19.2
107013,LA_UNION,2010,09,26,0.0,34.6,19.4
107013,LA_UNION,2010,09,27,0.0,37.8,18.2
107013,LA_UNION,2010,09,28,0.0,39.4,18.4
107013,LA_UNION,2010,09,29,0.0,39.6,20.4
107013,LA_UNION,2010,09,30,0.0,39.4,20.8
107013,LA_UNION,2010,10,01,0.0,34.8,21.8
107013,LA_UNION,2010,10,02,0.0,39.6,20.4
107013,LA_UNION,2010,10,03,8.6,30.0,20.8
107013,LA_UNION,2010,10,04,0.0,34.8,19.6
107013,LA_UNION,2010,10,05,0.0,39.4,21.4
107013,LA_UNION,2010,10,06,0.0,36.6,19.8
107013,LA_UNION,2010,10,07,0.0,38.6,19.6
107013,LA_UNION,2010,10,08,26.6,35.6,21.0
107013,LA_UNION,2010,10,09,0.0,33.6,19.2
107013,LA_UNION,2010,10,10,17.8,36.2,19.6
107013,LA_UNION,2010,10,11,4.6,29.8,20.0
107013,LA_UNION,2010,10,12,0.0,30.8,20.4
107013,LA_UNION,2010,10,13,0.0,34.8,19.8
107013,LA_UNION,2010,10,14,0.0,36.4,19.2
107013,LA_UNION,2010,10,15,0.0,35.2,20.2
107013,LA_UNION,2010,10,16,2.6,31.4,20.6
107013,LA_UNION,2010,10,17,0.0,33.6,20.0
107013,LA_UNION,2010,10,18,4.6,35.8,19.0
107013,LA_UNION,2010,10,19,2.4,29.4,19.8
107013,LA_UNION,2010,10,20,0.0,35.6,20.6
107013,LA_UNION,2010,10,21,0.0,36.2,19.6
107013,LA_UNION,2010,10,22,0.0,34.6,20.6
107013,LA_UNION,2010,10,23,0.0,34.8,19.4
107013,LA_UNION,2010,10,24,1.4,35.8,21.4
107013,LA_UNION,2010,10,25,2.6,34.6,20.6
107013,LA_UNION,2010,10,26,0.0,28.8,18.4
107013,LA_UNION,2010,10,27,0.0,35.4,18.4
107013,LA_UNION,2010,10,28,0.0,37.6,18.6
107013,LA_UNION,2010,10,29,0.0,33.4,20.0
107013,LA_UNION,2010,10,30,0.0,29.4,21.2
107013,LA_UNION,2010,10,31,0.0,37.0,18.4
107013,LA_UNION,2010,11,01,1.4,35.0,19.4
107013,LA_UNION,2010,11,02,7.8,28.8,18.2
107013,LA_UNION,2010,11,03,0.0,34.6,19.6
107013,LA_UNION,2010,11,04,0.0,33.6,17.8
107013,LA_UNION,2010,11,05,0.0,35.6,19.0
107013,LA_UNION,2010,11,06,40.8,38.8,21.0
107013,LA_UNION,2010,11,07,5.6,-999,19.4
107013,LA_UNION,2010,11,08,0.0,32.2,18.0
107013,LA_UNION,2010,11,09,36.6,33.2,18.6
107013,LA_UNION,2010,11,10,30.6,31.6,19.6
107013,LA_UNION,2010,11,11,11.8,26.4,20.0
107013,LA_UNION,2010,11,12,4.4,29.2,19.4
107013,LA_UNION,2010,11,13,0.0,32.0,18.6
107013,LA_UNION,2010,11,14,1.6,33.6,19.4
107013,LA_UNION,2010,11,15,0.0,31.6,20.4
107013,LA_UNION,2010,11,16,0.0,30.8,21.2
107013,LA_UNION,2010,11,17,0.0,33.8,19.8
107013,LA_UNION,2010,11,18,24.6,34.6,20.4
107013,LA_UNION,2010,11,19,11.2,32.8,19.6
107013,LA_UNION,2010,11,20,0.0,33.2,19.6
107013,LA_UNION,2010,11,21,0.0,30.6,20.6
107013,LA_UNION,2010,11,22,0.0,34.2,18.6
107013,LA_UNION,2010,11,23,0.0,34.8,19.6
107013,LA_UNION,2010,11,24,0.0,35.4,19.6
107013,LA_UNION,2010,11,25,1.2,32.2,21.8
107013,LA_UNION,2010,11,26,0.0,32.6,20.6
107013,LA_UNION,2010,11,27,0.0,34.2,20.0
107013,LA_UNION,2010,11,28,0.0,34.6,21.4
107013,LA_UNION,2010,11,29,0.0,34.4,20.8
107013,LA_UNION,2010,11,30,7.6,32.2,21.0
107013,LA_UNION,2010,12,01,0.0,32.2,21.4
107013,LA_UNION,2010,12,02,0.0,30.6,19.6
107013,LA_UNION,2010,12,03,8.4,29.2,19.0
107013,LA_UNION,2010,12,04,0.0,28.8,18.4
107013,LA_UNION,2010,12,05,0.0,33.6,19.6
107013,LA_UNION,2010,12,06,0.0,33.2,19.2
107013,LA_UNION,2010,12,07,0.0,34.2,19.6
107013,LA_UNION,2010,12,08,0.0,35.0,19.2
107013,LA_UNION,2010,12,09,0.0,34.8,18.8
107013,LA_UNION,2010,12,10,0.0,36.2,19.6
107013,LA_UNION,2010,12,11,0.0,35.6,18.6
107013,LA_UNION,2010,12,12,0.0,35.8,20.4
107013,LA_UNION,2010,12,13,14.4,36.8,21.6
107013,LA_UNION,2010,12,14,2.4,31.4,22.4
107013,LA_UNION,2010,12,15,1.4,30.0,20.4
107013,LA_UNION,2010,12,16,0.0,31.6,19.8
107013,LA_UNION,2010,12,17,0.0,33.6,19.6
107013,LA_UNION,2010,12,18,0.0,34.8,20.0
107013,LA_UNION,2010,12,19,0.0,33.6,19.6
107013,LA_UNION,2010,12,20,0.0,34.8,19.4
107013,LA_UNION,2010,12,21,0.0,32.6,19.6
107013,LA_UNION,2010,12,22,0.0,33.6,19.0
107013,LA_UNION,2010,12,23,0.0,33.8,18.4
107013,LA_UNION,2010,12,24,0.0,34.4,18.2
107013,LA_UNION,2010,12,25,0.0,34.0,19.0
107013,LA_UNION,2010,12,26,28.6,29.2,20.0
107013,LA_UNION,2010,12,27,0.0,32.6,18.6
107013,LA_UNION,2010,12,28,0.0,33.2,18.8
107013,LA_UNION,2010,12,29,0.0,33.6,20.4
107013,LA_UNION,2010,12,30,0.0,35.0,17.4
107013,LA_UNION,2010,12,31,0.0,35.4,17.6
107013,LA_UNION,2011,01,01,-999,-999,-999
107013,LA_UNION,2011,02,01,0.0,34.4,19.4
107013,LA_UNION,2011,02,02,0.0,35.0,20.6
107013,LA_UNION,2011,02,03,0.0,36.6,19.2
107013,LA_UNION,2011,02,04,0.0,35.8,21.6
107013,LA_UNION,2011,02,05,0.0,36.2,18.4
107013,LA_UNION,2011,02,06,0.0,34.2,21.4
107013,LA_UNION,2011,02,07,0.0,35.0,20.6
107013,LA_UNION,2011,02,08,0.0,30.6,20.4
107013,LA_UNION,2011,02,09,0.0,36.8,19.6
107013,LA_UNION,2011,02,10,0.0,35.4,18.6
107013,LA_UNION,2011,02,11,1.5,33.2,21.4
107013,LA_UNION,2011,02,12,2.6,25.4,20.4
107013,LA_UNION,2011,02,13,2.4,35.0,20.4
107013,LA_UNION,2011,02,14,0.0,34.8,19.2
107013,LA_UNION,2011,02,15,0.0,31.6,21.0
107013,LA_UNION,2011,02,16,0.0,35.4,18.0
107013,LA_UNION,2011,02,17,0.0,36.8,19.4
107013,LA_UNION,2011,02,18,0.0,30.6,21.8
107013,LA_UNION,2011,02,19,0.0,34.4,19.8
107013,LA_UNION,2011,02,20,0.0,30.0,20.6
107013,LA_UNION,2011,02,21,0.0,30.8,20.4
107013,LA_UNION,2011,02,22,3.6,30.6,20.2
107013,LA_UNION,2011,02,23,0.0,28.8,19.4
107013,LA_UNION,2011,02,24,0.0,34.0,19.8
107013,LA_UNION,2011,02,25,0.0,30.0,20.6
107013,LA_UNION,2011,02,26,0.0,32.8,16.8
107013,LA_UNION,2011,02,27,0.0,36.8,18.2
107013,LA_UNION,2011,02,28,0.0,29.8,20.2
107013,LA_UNION,2011,03,01,0.0,29.6,20.4
107013,LA_UNION,2011,03,02,34.5,28.8,18.6
107013,LA_UNION,2011,03,03,24.8,26.8,18.2
107013,LA_UNION,2011,03,04,78.2,30.8,20.0
107013,LA_UNION,2011,03,05,3.4,31.4,19.4
107013,LA_UNION,2011,03,06,8.4,32.4,18.8
107013,LA_UNION,2011,03,07,0.0,32.6,19.2
107013,LA_UNION,2011,03,08,1.4,31.6,20.6
107013,LA_UNION,2011,03,09,0.0,29.8,19.8
107013,LA_UNION,2011,03,10,0.0,35.8,20.0
107013,LA_UNION,2011,03,11,3.6,33.6,19.2
107013,LA_UNION,2011,03,12,0.0,30.6,18.8
107013,LA_UNION,2011,03,13,0.0,28.8,20.0
107013,LA_UNION,2011,03,14,0.0,33.8,20.2
107013,LA_UNION,2011,03,15,0.0,35.4,19.6
107013,LA_UNION,2011,03,16,0.0,34.4,20.4
107013,LA_UNION,2011,03,17,0.0,33.0,19.8
107013,LA_UNION,2011,03,18,0.0,36.8,20.6
107013,LA_UNION,2011,03,19,2.4,33.6,20.0
107013,LA_UNION,2011,03,20,12.8,26.6,19.4
107013,LA_UNION,2011,03,21,0.0,29.8,19.2
107013,LA_UNION,2011,03,22,3.6,33.2,21.0
107013,LA_UNION,2011,03,23,5.2,28.8,18.8
107013,LA_UNION,2011,03,24,100.8,30.6,18.6
107013,LA_UNION,2011,03,25,2.6,30.2,18.2
107013,LA_UNION,2011,03,26,0.0,32.4,18.6
107013,LA_UNION,2011,03,27,0.0,32.2,18.0
107013,LA_UNION,2011,03,28,0.0,32.4,20.2
107013,LA_UNION,2011,03,29,0.0,33.6,19.4
107013,LA_UNION,2011,03,30,32.4,32.8,18.8
107013,LA_UNION,2011,03,31,16.6,26.6,18.2
107013,LA_UNION,2011,04,01,0.0,34.8,19.2
107013,LA_UNION,2011,04,02,0.0,33.4,18.2
107013,LA_UNION,2011,04,03,0.0,33.2,18.4
107013,LA_UNION,2011,04,04,0.0,31.6,19.0
107013,LA_UNION,2011,04,05,0.0,32.0,18.6
107013,LA_UNION,2011,04,06,28.6,32.4,18.4
107013,LA_UNION,2011,04,07,0.0,31.6,18.2
107013,LA_UNION,2011,04,08,3.6,30.6,19.4
107013,LA_UNION,2011,04,09,11.0,28.8,19.2
107013,LA_UNION,2011,04,10,0.0,32.6,18.0
107013,LA_UNION,2011,04,11,0.0,32.0,14.4
107013,LA_UNION,2011,04,12,0.0,34.2,14.2
107013,LA_UNION,2011,04,13,0.0,32.6,17.4
107013,LA_UNION,2011,04,14,0.0,33.2,18.0
107013,LA_UNION,2011,04,15,22.4,28.2,20.4
107013,LA_UNION,2011,04,16,4.4,29.4,18.8
107013,LA_UNION,2011,04,17,0.0,31.8,18.2
107013,LA_UNION,2011,04,18,2.6,31.4,19.6
107013,LA_UNION,2011,04,19,7.4,30.8,18.0
107013,LA_UNION,2011,04,20,0.0,32.8,19.0
107013,LA_UNION,2011,04,21,0.0,33.6,18.2
107013,LA_UNION,2011,04,22,0.0,32.4,18.6
107013,LA_UNION,2011,04,23,0.0,31.8,20.6
107013,LA_UNION,2011,04,24,5.6,31.6,19.6
107013,LA_UNION,2011,04,25,2.6,32.0,18.4
107013,LA_UNION,2011,04,26,13.4,27.6,19.8
107013,LA_UNION,2011,04,27,0.0,29.4,20.0
107013,LA_UNION,2011,04,28,0.0,32.6,19.2
107013,LA_UNION,2011,04,29,0.0,33.8,19.6
107013,LA_UNION,2011,04,30,0.0,33.6,19.8
107013,LA_UNION,2011,05,01,0.0,33.4,19.4
107013,LA_UNION,2011,05,02,14.4,30.2,19.6
107013,LA_UNION,2011,05,03,0.0,33.6,16.4
107013,LA_UNION,2011,05,04,0.0,31.8,18.6
107013,LA_UNION,2011,05,05,0.0,32.6,16.2
107013,LA_UNION,2011,05,06,0.0,33.4,18.4
107013,LA_UNION,2011,05,07,0.0,33.2,19.4
107013,LA_UNION,2011,05,08,0.0,32.4,19.2
107013,LA_UNION,2011,05,09,0.0,33.2,19.0
107013,LA_UNION,2011,05,10,8.4,31.4,19.6
107013,LA_UNION,2011,05,11,0.0,32.6,18.2
107013,LA_UNION,2011,05,12,0.0,34.4,18.8
107013,LA_UNION,2011,05,13,6.4,30.6,19.8
107013,LA_UNION,2011,05,14,0.0,32.2,19.4
107013,LA_UNION,2011,05,15,5.6,32.8,19.0
107013,LA_UNION,2011,05,16,2.4,27.6,20.2
107013,LA_UNION,2011,05,17,0.0,30.6,19.0
107013,LA_UNION,2011,05,18,0.0,32.2,19.6
107013,LA_UNION,2011,05,19,0.0,30.0,18.8
107013,LA_UNION,2011,05,20,0.0,30.8,19.4
107013,LA_UNION,2011,05,21,0.0,32.4,19.8
107013,LA_UNION,2011,05,22,0.0,30.6,20.4
107013,LA_UNION,2011,05,23,0.0,30.4,19.8
107013,LA_UNION,2011,05,24,0.0,32.8,18.4
107013,LA_UNION,2011,05,25,2.4,34.4,19.2
107013,LA_UNION,2011,05,26,39.8,32.6,19.8
107013,LA_UNION,2011,05,27,9.6,28.4,20.0
107013,LA_UNION,2011,05,28,0.0,31.8,19.4
107013,LA_UNION,2011,05,29,0.0,30.6,19.0
107013,LA_UNION,2011,05,30,0.0,31.8,18.6
107013,LA_UNION,2011,05,31,0.0,33.6,18.4
107013,LA_UNION,2011,06,01,0.0,31.4,19.2
107013,LA_UNION,2011,06,02,0.0,33.8,20.8
107013,LA_UNION,2011,06,03,0.0,32.6,20.4
107013,LA_UNION,2011,06,04,6.4,31.4,17.6
107013,LA_UNION,2011,06,05,5.8,26.4,19.4
107013,LA_UNION,2011,06,06,0.0,31.6,18.2
107013,LA_UNION,2011,06,07,0.0,33.2,18.4
107013,LA_UNION,2011,06,08,0.0,30.8,19.6
107013,LA_UNION,2011,06,09,0.0,32.6,20.0
107013,LA_UNION,2011,06,10,0.0,31.8,18.4
107013,LA_UNION,2011,06,11,39.2,25.6,18.0
107013,LA_UNION,2011,06,12,0.0,31.0,18.2
107013,LA_UNION,2011,06,13,0.0,32.8,18.4
107013,LA_UNION,2011,06,14,0.0,33.4,19.4
107013,LA_UNION,2011,06,15,0.0,33.6,18.2
107013,LA_UNION,2011,06,16,0.0,31.8,18.0
107013,LA_UNION,2011,06,17,0.0,30.6,19.6
107013,LA_UNION,2011,06,18,0.0,32.0,20.4
107013,LA_UNION,2011,06,19,0.0,32.2,18.6
107013,LA_UNION,2011,06,20,0.0,33.4,19.4
107013,LA_UNION,2011,06,21,0.0,33.6,18.0
107013,LA_UNION,2011,06,22,0.0,29.8,19.2
107013,LA_UNION,2011,06,23,3.2,30.0,19.8
107013,LA_UNION,2011,06,24,0.0,31.6,18.4
107013,LA_UNION,2011,06,25,0.0,31.4,18.6
107013,LA_UNION,2011,06,26,5.4,31.6,18.8
107013,LA_UNION,2011,06,27,0.0,31.8,19.0
107013,LA_UNION,2011,06,28,0.0,29.8,20.4
107013,LA_UNION,2011,06,29,0.0,28.8,18.2
107013,LA_UNION,2011,06,30,0.0,32.4,19.4
107013,LA_UNION,2011,07,01,8.8,30.2,19.6
107013,LA_UNION,2011,07,02,28.6,28.8,18.6
107013,LA_UNION,2011,07,03,1.4,28.2,18.0
107013,LA_UNION,2011,07,04,30.8,27.6,18.2
107013,LA_UNION,2011,07,05,0.0,32.8,18.4
107013,LA_UNION,2011,07,06,0.0,31.6,18.0
107013,LA_UNION,2011,07,07,0.0,32.6,17.4
107013,LA_UNION,2011,07,08,0.0,32.8,19.2
107013,LA_UNION,2011,07,09,0.0,32.4,18.2
107013,LA_UNION,2011,07,10,0.0,29.8,18.4
107013,LA_UNION,2011,07,11,0.0,31.6,19.2
107013,LA_UNION,2011,07,12,2.4,31.8,20.2
107013,LA_UNION,2011,07,13,0.0,33.0,19.6
107013,LA_UNION,2011,07,14,0.0,34.8,17.6
107013,LA_UNION,2011,07,15,0.0,35.2,18.8
107013,LA_UNION,2011,07,16,0.0,35.4,18.6
107013,LA_UNION,2011,07,17,2.6,33.6,18.6
107013,LA_UNION,2011,07,18,0.0,34.8,18.2
107013,LA_UNION,2011,07,19,1.4,30.8,18.0
107013,LA_UNION,2011,07,20,0.0,32.4,19.4
107013,LA_UNION,2011,07,21,0.0,34.6,17.6
107013,LA_UNION,2011,07,22,3.2,32.8,18.8
107013,LA_UNION,2011,07,23,0.0,29.6,17.8
107013,LA_UNION,2011,07,24,0.0,32.8,18.2
107013,LA_UNION,2011,07,25,0.0,33.6,17.0
107013,LA_UNION,2011,07,26,0.0,35.4,16.4
107013,LA_UNION,2011,07,27,0.0,29.4,19.4
107013,LA_UNION,2011,07,28,0.0,30.6,19.2
107013,LA_UNION,2011,07,29,0.0,33.8,16.2
107013,LA_UNION,2011,07,30,0.0,35.2,18.6
107013,LA_UNION,2011,07,31,0.0,33.8,19.8
107013,LA_UNION,2011,08,01,0.0,35.2,18.8
107013,LA_UNION,2011,08,02,0.0,35.4,18.2
107013,LA_UNION,2011,08,03,0.0,36.6,19.2
107013,LA_UNION,2011,08,04,0.0,35.8,19.4
107013,LA_UNION,2011,08,05,0.0,33.2,19.8
107013,LA_UNION,2011,08,06,0.0,34.2,18.6
107013,LA_UNION,2011,08,07,0.0,34.8,19.8
107013,LA_UNION,2011,08,08,0.0,35.4,18.8
107013,LA_UNION,2011,08,09,0.0,35.0,19.0
107013,LA_UNION,2011,08,10,0.0,35.8,19.4
107013,LA_UNION,2011,08,11,0.0,36.4,18.8
107013,LA_UNION,2011,08,12,0.0,35.6,17.2
107013,LA_UNION,2011,08,13,0.0,34.4,18.6
107013,LA_UNION,2011,08,14,0.0,35.6,18.2
107013,LA_UNION,2011,08,15,0.0,32.6,19.6
107013,LA_UNION,2011,08,16,0.0,35.8,17.2
107013,LA_UNION,2011,08,17,0.0,35.4,18.6
107013,LA_UNION,2011,08,18,0.0,35.6,19.4
107013,LA_UNION,2011,08,19,0.0,36.8,19.2
107013,LA_UNION,2011,08,20,0.0,34.6,19.0
107013,LA_UNION,2011,08,21,0.0,33.6,19.8
107013,LA_UNION,2011,08,22,0.0,33.2,17.0
107013,LA_UNION,2011,08,23,0.0,27.8,18.8
107013,LA_UNION,2011,08,24,0.0,31.6,18.6
107013,LA_UNION,2011,08,25,0.0,34.8,16.2
107013,LA_UNION,2011,08,26,0.0,34.2,16.8
107013,LA_UNION,2011,08,27,0.0,35.8,18.8
107013,LA_UNION,2011,08,28,0.0,36.2,19.6
107013,LA_UNION,2011,08,29,0.0,35.8,19.4
107013,LA_UNION,2011,08,30,6.2,36.4,18.6
107013,LA_UNION,2011,08,31,34.6,32.6,18.2
107013,LA_UNION,2011,09,01,7.6,26.8,17.4
107013,LA_UNION,2011,09,02,0.0,35.8,18.2
107013,LA_UNION,2011,09,03,0.0,35.6,18.8
107013,LA_UNION,2011,09,04,0.0,34.8,18.2
107013,LA_UNION,2011,09,05,0.0,34.2,18.0
107013,LA_UNION,2011,09,06,1.1,34.8,18.2
107013,LA_UNION,2011,09,07,0.0,35.6,19.2
107013,LA_UNION,2011,09,08,0.0,36.4,19.0
107013,LA_UNION,2011,09,09,21.2,35.6,20.2
107013,LA_UNION,2011,09,10,0.0,27.8,18.6
107013,LA_UNION,2011,09,11,1.2,34.6,18.6
107013,LA_UNION,2011,09,12,0.0,26.6,18.8
107013,LA_UNION,2011,09,13,0.0,32.8,18.2
107013,LA_UNION,2011,09,14,18.8,32.6,18.8
107013,LA_UNION,2011,09,15,0.0,34.8,19.0
107013,LA_UNION,2011,09,16,0.0,34.4,18.2
107013,LA_UNION,2011,09,17,5.4,33.6,18.6
107013,LA_UNION,2011,09,18,1.4,31.6,20.0
107013,LA_UNION,2011,09,19,9.4,29.6,19.8
107013,LA_UNION,2011,09,20,0.0,31.8,18.0
107013,LA_UNION,2011,09,21,0.0,33.6,20.6
107013,LA_UNION,2011,09,22,1.6,30.6,20.4
107013,LA_UNION,2011,09,23,6.4,33.6,19.0
107013,LA_UNION,2011,09,24,0.0,28.8,18.8
107013,LA_UNION,2011,09,25,5.8,30.2,18.2
107013,LA_UNION,2011,09,26,0.0,33.6,18.0
107013,LA_UNION,2011,09,27,0.0,31.8,20.0
107013,LA_UNION,2011,09,28,0.0,32.6,20.2
107013,LA_UNION,2011,09,29,0.0,35.6,18.2
107013,LA_UNION,2011,09,30,0.0,32.4,19.8
107013,LA_UNION,2011,10,01,0.0,36.6,-999
107013,LA_UNION,2011,10,02,0.0,30.0,18.4
107013,LA_UNION,2011,10,03,0.0,31.2,19.8
107013,LA_UNION,2011,10,04,7.6,30.8,18.6
107013,LA_UNION,2011,10,05,0.0,35.6,18.0
107013,LA_UNION,2011,10,06,20.2,32.8,18.0
107013,LA_UNION,2011,10,07,20.0,27.8,17.8
107013,LA_UNION,2011,10,08,2.2,33.8,19.8
107013,LA_UNION,2011,10,09,0.0,31.2,19.6
107013,LA_UNION,2011,10,10,0.0,34.4,20.6
107013,LA_UNION,2011,10,11,0.0,35.2,21.6
107013,LA_UNION,2011,10,12,0.0,34.4,20.6
107013,LA_UNION,2011,10,13,0.0,33.6,21.8
107013,LA_UNION,2011,10,14,0.0,36.8,21.0
107013,LA_UNION,2011,10,15,0.0,36.6,20.8
107013,LA_UNION,2011,10,16,0.0,35.4,21.0
107013,LA_UNION,2011,10,17,0.0,33.6,20.4
107013,LA_UNION,2011,10,18,5.6,28.8,21.6
107013,LA_UNION,2011,10,19,2.8,27.8,20.6
107013,LA_UNION,2011,10,20,1.2,27.6,19.4
107013,LA_UNION,2011,10,21,0.0,32.4,20.2
107013,LA_UNION,2011,10,22,0.0,34.6,19.8
107013,LA_UNION,2011,10,23,33.6,35.6,20.0
107013,LA_UNION,2011,10,24,5.4,-999,19.6
107013,LA_UNION,2011,10,25,0.0,31.8,18.2
107013,LA_UNION,2011,10,26,0.0,34.6,19.4
107013,LA_UNION,2011,10,27,8.6,31.4,20.6
107013,LA_UNION,2011,10,28,0.0,30.6,20.6
107013,LA_UNION,2011,10,29,0.0,33.4,21.6
107013,LA_UNION,2011,10,30,0.0,33.2,20.8
107013,LA_UNION,2011,10,31,0.0,33.4,21.8
107013,LA_UNION,2011,11,01,0.0,34.2,21.4
107013,LA_UNION,2011,11,02,0.0,35.4,21.2
107013,LA_UNION,2011,11,03,0.0,36.2,20.8
107013,LA_UNION,2011,11,04,0.0,36.8,20.6
107013,LA_UNION,2011,11,05,0.0,32.2,19.2
107013,LA_UNION,2011,11,06,18.8,33.6,21.8
107013,LA_UNION,2011,11,07,33.4,27.8,20.4
107013,LA_UNION,2011,11,08,0.0,33.4,19.8
107013,LA_UNION,2011,11,09,0.0,35.4,20.2
107013,LA_UNION,2011,11,10,0.0,36.4,21.4
107013,LA_UNION,2011,11,11,46.6,36.8,21.8
107013,LA_UNION,2011,11,12,3.6,30.4,19.6
107013,LA_UNION,2011,11,13,0.0,33.6,19.4
107013,LA_UNION,2011,11,14,0.0,35.6,19.0
107013,LA_UNION,2011,11,15,0.0,35.2,21.6
107013,LA_UNION,2011,11,16,9.8,35.0,20.8
107013,LA_UNION,2011,11,17,0.0,30.6,20.6
107013,LA_UNION,2011,11,18,10.4,32.4,21.8
107013,LA_UNION,2011,11,19,30.6,27.4,18.2
107013,LA_UNION,2011,11,20,0.0,31.6,18.8
107013,LA_UNION,2011,11,21,5.2,32.6,18.4
107013,LA_UNION,2011,11,22,6.4,32.6,18.0
107013,LA_UNION,2011,11,23,3.8,29.8,19.2
107013,LA_UNION,2011,11,24,0.0,34.8,20.2
107013,LA_UNION,2011,11,25,0.0,36.6,20.0
107013,LA_UNION,2011,11,26,0.0,36.8,20.6
107013,LA_UNION,2011,11,27,0.0,32.6,21.8
107013,LA_UNION,2011,11,28,0.0,33.2,20.2
107013,LA_UNION,2011,11,29,0.0,34.8,21.6
107013,LA_UNION,2011,11,30,0.0,36.6,20.0
107013,LA_UNION,2011,12,01,16.4,26.8,22.6
107013,LA_UNION,2011,12,02,0.0,34.8,19.8
107013,LA_UNION,2011,12,03,0.0,35.8,19.6
107013,LA_UNION,2011,12,04,0.0,36.4,20.6
107013,LA_UNION,2011,12,05,0.0,32.2,22.4
107013,LA_UNION,2011,12,06,13.8,29.8,20.4
107013,LA_UNION,2011,12,07,2.4,29.6,20.2
107013,LA_UNION,2011,12,08,4.4,31.8,21.2
107013,LA_UNION,2011,12,09,0.0,30.6,21.6
107013,LA_UNION,2011,12,10,0.0,33.6,20.0
107013,LA_UNION,2011,12,11,0.0,33.8,20.0
107013,LA_UNION,2011,12,12,0.0,35.4,20.2
107013,LA_UNION,2011,12,13,0.0,30.6,21.4
107013,LA_UNION,2011,12,14,0.0,32.2,21.8
107013,LA_UNION,2011,12,15,2.6,33.2,20.2
107013,LA_UNION,2011,12,16,2.2,32.8,21.8
107013,LA_UNION,2011,12,17,2.4,32.8,21.0
107013,LA_UNION,2011,12,18,29.7,35.4,22.6
107013,LA_UNION,2011,12,19,6.6,34.4,21.4
107013,LA_UNION,2011,12,20,30.8,29.6,19.2
107013,LA_UNION,2011,12,21,10.2,28.4,19.0
107013,LA_UNION,2011,12,22,0.0,33.4,19.4
107013,LA_UNION,2011,12,23,0.0,34.6,20.4
107013,LA_UNION,2011,12,24,2.4,35.2,20.2
107013,LA_UNION,2011,12,25,11.6,30.0,20.6
107013,LA_UNION,2011,12,26,12.6,28.8,21.2
107013,LA_UNION,2011,12,27,0.0,32.2,20.6
107013,LA_UNION,2011,12,28,9.8,33.4,21.6
107013,LA_UNION,2011,12,29,0.0,31.6,21.8
107013,LA_UNION,2011,12,30,0.0,31.6,21.6
107013,LA_UNION,2011,12,31,0.0,34.4,21.4
107013,LA_UNION,2012,01,01,0.0,34.6,21.2
107013,LA_UNION,2012,01,02,0.0,34.8,21.6
107013,LA_UNION,2012,01,03,27.8,33.4,18.8
107013,LA_UNION,2012,01,04,0.0,34.6,18.4
107013,LA_UNION,2012,01,05,0.0,33.2,20.0
107013,LA_UNION,2012,01,06,0.0,34.4,21.8
107013,LA_UNION,2012,01,07,0.0,33.6,21.6
107013,LA_UNION,2012,01,08,0.0,33.8,21.4
107013,LA_UNION,2012,01,09,0.0,34.4,20.8
107013,LA_UNION,2012,01,10,0.0,35.4,20.4
107013,LA_UNION,2012,01,11,0.0,36.0,19.6
107013,LA_UNION,2012,01,12,0.0,32.6,19.4
107013,LA_UNION,2012,01,13,0.0,32.2,21.8
107013,LA_UNION,2012,01,14,7.2,31.6,20.8
107013,LA_UNION,2012,01,15,0.0,32.4,19.2
107013,LA_UNION,2012,01,16,0.0,33.6,19.0
107013,LA_UNION,2012,01,17,4.6,32.8,20.4
107013,LA_UNION,2012,01,18,0.0,34.8,20.4
107013,LA_UNION,2012,01,19,36.6,34.2,20.2
107013,LA_UNION,2012,01,20,2.4,27.8,19.2
107013,LA_UNION,2012,01,21,0.0,33.2,19.0
107013,LA_UNION,2012,01,22,0.0,33.6,18.2
107013,LA_UNION,2012,01,23,0.0,35.6,20.0
107013,LA_UNION,2012,01,24,0.0,35.4,20.8
107013,LA_UNION,2012,01,25,0.0,35.6,21.6
107013,LA_UNION,2012,01,26,30.2,32.8,21.4
107013,LA_UNION,2012,01,27,8.8,25.6,18.2
107013,LA_UNION,2012,01,28,0.0,30.6,18.0
107013,LA_UNION,2012,01,29,0.0,32.4,20.2
107013,LA_UNION,2012,01,30,0.0,34.8,18.2
107013,LA_UNION,2012,01,31,0.0,35.4,20.6
107013,LA_UNION,2012,02,01,0.0,34.6,20.0
107013,LA_UNION,2012,02,02,0.0,28.4,20.2
107013,LA_UNION,2012,02,03,0.0,31.8,19.0
107013,LA_UNION,2012,02,04,0.0,31.2,20.6
107013,LA_UNION,2012,02,05,17.4,29.0,21.0
107013,LA_UNION,2012,02,06,31.6,30.4,21.4
107013,LA_UNION,2012,02,07,0.0,30.6,19.4
107013,LA_UNION,2012,02,08,0.0,32.6,20.6
107013,LA_UNION,2012,02,09,0.0,33.6,18.8
107013,LA_UNION,2012,02,10,0.0,33.8,20.4
107013,LA_UNION,2012,02,11,0.0,30.4,20.4
107013,LA_UNION,2012,02,12,0.0,32.6,20.2
107013,LA_UNION,2012,02,13,0.0,33.8,21.2
107013,LA_UNION,2012,02,14,0.0,33.0,20.2
107013,LA_UNION,2012,02,15,0.0,33.4,19.8
107013,LA_UNION,2012,02,16,0.0,30.4,21.8
107013,LA_UNION,2012,02,17,1.2,29.6,18.6
107013,LA_UNION,2012,02,18,5.6,33.4,20.6
107013,LA_UNION,2012,02,19,0.0,29.8,20.4
107013,LA_UNION,2012,02,20,0.0,33.2,19.4
107013,LA_UNION,2012,02,21,0.0,34.8,21.4
107013,LA_UNION,2012,02,22,0.0,29.6,21.2
107013,LA_UNION,2012,02,23,0.0,33.6,20.4
107013,LA_UNION,2012,02,24,0.0,32.8,20.0
107013,LA_UNION,2012,02,25,0.0,35.8,20.4
107013,LA_UNION,2012,02,26,0.0,35.2,18.2
107013,LA_UNION,2012,02,27,0.0,34.6,19.4
107013,LA_UNION,2012,02,28,0.0,33.6,20.6
107013,LA_UNION,2012,02,29,0.0,34.8,19.8
107013,LA_UNION,2012,03,01,0.0,31.8,19.6
107013,LA_UNION,2012,03,02,4.6,32.8,20.8
107013,LA_UNION,2012,03,03,3.6,31.6,20.4
107013,LA_UNION,2012,03,04,8.4,28.8,20.2
107013,LA_UNION,2012,03,05,0.0,-999,20.0
107013,LA_UNION,2012,03,06,0.0,35.6,20.6
107013,LA_UNION,2012,03,07,0.0,31.6,20.2
107013,LA_UNION,2012,03,08,9.2,30.6,20.4
107013,LA_UNION,2012,03,09,5.4,31.6,19.8
107013,LA_UNION,2012,03,10,0.0,33.2,20.0
107013,LA_UNION,2012,03,11,3.4,29.8,20.4
107013,LA_UNION,2012,03,12,0.0,35.6,20.2
107013,LA_UNION,2012,03,13,0.0,34.6,19.2
107013,LA_UNION,2012,03,14,7.4,35.2,20.0
107013,LA_UNION,2012,03,15,4.4,28.8,21.6
107013,LA_UNION,2012,03,16,3.4,30.8,18.2
107013,LA_UNION,2012,03,17,2.4,32.8,20.8
107013,LA_UNION,2012,03,18,1.4,31.6,20.6
107013,LA_UNION,2012,03,19,0.0,34.6,19.6
107013,LA_UNION,2012,03,20,0.0,35.6,18.6
107013,LA_UNION,2012,03,21,0.0,32.8,20.6
107013,LA_UNION,2012,03,22,18.6,34.6,20.2
107013,LA_UNION,2012,03,23,0.0,34.0,19.4
107013,LA_UNION,2012,03,24,42.4,34.8,20.6
107013,LA_UNION,2012,03,25,0.0,27.6,20.4
107013,LA_UNION,2012,03,26,0.0,33.2,20.2
107013,LA_UNION,2012,03,27,0.0,34.8,19.6
107013,LA_UNION,2012,03,28,0.0,32.2,21.2
107013,LA_UNION,2012,03,29,0.0,32.4,19.8
107013,LA_UNION,2012,03,30,0.0,33.4,20.2
107013,LA_UNION,2012,03,31,2.4,31.6,19.0
107013,LA_UNION,2012,04,01,2.6,29.6,21.2
107013,LA_UNION,2012,04,02,0.0,33.6,18.0
107013,LA_UNION,2012,04,03,24.6,31.8,19.6
107013,LA_UNION,2012,04,04,3.2,34.8,19.4
107013,LA_UNION,2012,04,05,0.0,27.8,19.8
107013,LA_UNION,2012,04,06,0.0,32.2,16.4
107013,LA_UNION,2012,04,07,20.4,34.6,18.8
107013,LA_UNION,2012,04,08,0.0,31.6,18.8
107013,LA_UNION,2012,04,09,6.8,30.4,19.4
107013,LA_UNION,2012,04,10,12.4,26.6,18.0
107013,LA_UNION,2012,04,11,20.4,31.8,18.2
107013,LA_UNION,2012,04,12,32.0,29.4,18.2
107013,LA_UNION,2012,04,13,12.2,28.8,18.0
107013,LA_UNION,2012,04,14,0.0,31.8,20.4
107013,LA_UNION,2012,04,15,0.0,32.8,20.2
107013,LA_UNION,2012,04,16,6.6,29.4,19.8
107013,LA_UNION,2012,04,17,0.0,31.6,19.2
107013,LA_UNION,2012,04,18,4.6,31.4,19.4
107013,LA_UNION,2012,04,19,12.4,31.6,18.2
107013,LA_UNION,2012,04,20,22.2,31.6,19.2
107013,LA_UNION,2012,04,21,2.2,32.2,18.0
107013,LA_UNION,2012,04,22,17.4,29.4,19.2
107013,LA_UNION,2012,04,23,4.6,27.6,18.0
107013,LA_UNION,2012,04,24,0.0,32.6,17.8
107013,LA_UNION,2012,04,25,0.0,33.0,18.6
107013,LA_UNION,2012,04,26,0.0,33.0,19.6
107013,LA_UNION,2012,04,27,0.0,34.6,19.2
107013,LA_UNION,2012,04,28,0.0,34.6,21.4
107013,LA_UNION,2012,04,29,0.0,32.4,19.4
107013,LA_UNION,2012,04,30,12.6,32.6,18.8
107013,LA_UNION,2012,05,01,0.0,27.8,18.0
107013,LA_UNION,2012,05,02,0.0,31.6,18.2
107013,LA_UNION,2012,05,03,0.0,35.6,20.6
107013,LA_UNION,2012,05,04,0.0,36.4,20.8
107013,LA_UNION,2012,05,05,0.0,34.4,19.2
107013,LA_UNION,2012,05,06,4.4,34.2,19.0
107013,LA_UNION,2012,05,07,0.0,34.6,20.4
107013,LA_UNION,2012,05,08,1.6,34.2,19.4
107013,LA_UNION,2012,05,09,0.0,33.6,20.4
107013,LA_UNION,2012,05,10,0.0,34.2,19.0
107013,LA_UNION,2012,05,11,0.0,35.8,19.4
107013,LA_UNION,2012,05,12,0.0,29.4,20.6
107013,LA_UNION,2012,05,13,0.0,33.2,19.2
107013,LA_UNION,2012,05,14,0.0,35.4,19.6
107013,LA_UNION,2012,05,15,1.4,28.8,18.4
107013,LA_UNION,2012,05,16,0.0,33.6,19.0
107013,LA_UNION,2012,05,17,0.0,34.8,19.0
107013,LA_UNION,2012,05,18,0.0,34.6,19.6
107013,LA_UNION,2012,05,19,0.0,34.4,20.2
107013,LA_UNION,2012,05,20,0.0,33.4,19.8
107013,LA_UNION,2012,05,21,30.4,33.8,20.2
107013,LA_UNION,2012,05,22,0.0,32.6,19.8
107013,LA_UNION,2012,05,23,0.0,31.4,19.2
107013,LA_UNION,2012,05,24,0.0,34.2,18.2
107013,LA_UNION,2012,05,25,0.0,35.6,18.4
107013,LA_UNION,2012,05,26,0.0,33.0,20.6
107013,LA_UNION,2012,05,27,0.0,33.8,19.8
107013,LA_UNION,2012,05,28,0.0,32.4,19.6
107013,LA_UNION,2012,05,29,0.0,34.2,18.0
107013,LA_UNION,2012,05,30,0.0,34.8,19.4
107013,LA_UNION,2012,05,31,0.0,33.8,18.2
107013,LA_UNION,2012,06,01,0.0,29.4,19.4
107013,LA_UNION,2012,06,02,0.0,32.6,18.0
107013,LA_UNION,2012,06,03,0.0,34.4,19.2
107013,LA_UNION,2012,06,04,0.0,35.2,18.6
107013,LA_UNION,2012,06,05,0.0,34.8,19.8
107013,LA_UNION,2012,06,06,0.0,34.6,19.2
107013,LA_UNION,2012,06,07,10.6,27.6,17.6
107013,LA_UNION,2012,06,08,0.0,33.6,17.0
107013,LA_UNION,2012,06,09,0.0,33.4,17.2
107013,LA_UNION,2012,06,10,0.0,33.8,17.6
107013,LA_UNION,2012,06,11,0.0,32.4,16.8
107013,LA_UNION,2012,06,12,0.0,32.8,17.0
107013,LA_UNION,2012,06,13,0.0,33.6,17.2
107013,LA_UNION,2012,06,14,0.0,33.4,18.2
107013,LA_UNION,2012,06,15,0.0,34.8,18.6
107013,LA_UNION,2012,06,16,0.0,32.8,18.8
107013,LA_UNION,2012,06,17,0.0,34.2,18.2
107013,LA_UNION,2012,06,18,0.0,35.4,18.0
107013,LA_UNION,2012,06,19,0.0,35.0,18.2
107013,LA_UNION,2012,06,20,0.0,35.6,19.2
107013,LA_UNION,2012,06,21,0.0,35.6,19.4
107013,LA_UNION,2012,06,22,0.0,35.8,18.0
107013,LA_UNION,2012,06,23,22.0,33.2,19.6
107013,LA_UNION,2012,06,24,3.6,27.4,19.4
107013,LA_UNION,2012,06,25,5.8,30.4,19.2
107013,LA_UNION,2012,06,26,6.8,28.2,20.4
107013,LA_UNION,2012,06,27,28.8,30.6,18.6
107013,LA_UNION,2012,06,28,0.0,31.8,17.4
107013,LA_UNION,2012,06,29,0.0,-999,17.6
107013,LA_UNION,2012,06,30,0.0,33.4,19.0
107013,LA_UNION,2012,07,01,0.0,31.6,19.8
107013,LA_UNION,2012,07,02,0.0,34.8,19.2
107013,LA_UNION,2012,07,03,0.0,34.6,19.0
107013,LA_UNION,2012,07,04,0.0,33.8,18.2
107013,LA_UNION,2012,07,05,0.0,33.6,17.2
107013,LA_UNION,2012,07,06,0.0,32.8,18.8
107013,LA_UNION,2012,07,07,1.6,30.4,19.4
107013,LA_UNION,2012,07,08,0.0,30.6,18.4
107013,LA_UNION,2012,07,09,2.2,29.8,19.6
107013,LA_UNION,2012,07,10,0.0,32.2,19.0
107013,LA_UNION,2012,07,11,0.0,-999,18.2
107013,LA_UNION,2012,07,12,0.0,34.8,19.8
107013,LA_UNION,2012,07,13,0.0,35.2,19.4
107013,LA_UNION,2012,07,14,0.0,34.6,19.6
107013,LA_UNION,2012,07,15,0.0,35.6,19.0
107013,LA_UNION,2012,07,16,0.0,33.6,20.8
107013,LA_UNION,2012,07,17,1.6,30.6,19.2
107013,LA_UNION,2012,07,18,0.0,33.4,18.2
107013,LA_UNION,2012,07,19,0.0,34.6,19.8
107013,LA_UNION,2012,07,20,0.0,33.6,15.8
107013,LA_UNION,2012,07,21,0.0,33.6,15.0
107013,LA_UNION,2012,07,22,0.0,33.8,15.4
107013,LA_UNION,2012,07,23,0.0,34.4,17.2
107013,LA_UNION,2012,07,24,0.0,34.6,17.6
107013,LA_UNION,2012,07,25,2.2,32.8,17.4
107013,LA_UNION,2012,07,26,0.0,34.4,19.2
107013,LA_UNION,2012,07,27,0.0,32.6,18.8
107013,LA_UNION,2012,07,28,0.0,34.4,19.2
107013,LA_UNION,2012,07,29,0.0,35.2,18.6
107013,LA_UNION,2012,07,30,0.0,35.6,19.0
107013,LA_UNION,2012,07,31,0.0,30.4,19.2
107013,LA_UNION,2012,08,01,2.6,34.2,20.0
107013,LA_UNION,2012,08,02,0.0,35.6,18.2
107013,LA_UNION,2012,08,03,0.0,35.8,18.6
107013,LA_UNION,2012,08,04,0.0,35.6,19.8
107013,LA_UNION,2012,08,05,7.4,35.6,-999
107013,LA_UNION,2012,08,06,0.0,33.4,17.6
107013,LA_UNION,2012,08,07,0.0,35.4,19.8
107013,LA_UNION,2012,08,08,0.0,35.8,18.8
107013,LA_UNION,2012,08,09,0.0,35.4,-999
107013,LA_UNION,2012,08,10,0.0,35.8,18.2
107013,LA_UNION,2012,08,11,0.0,35.6,18.2
107013,LA_UNION,2012,08,12,0.0,35.4,17.6
107013,LA_UNION,2012,08,13,0.0,33.4,20.4
107013,LA_UNION,2012,08,14,0.0,33.2,20.2
107013,LA_UNION,2012,08,15,0.0,33.6,18.4
107013,LA_UNION,2012,08,16,1.2,31.8,20.8
107013,LA_UNION,2012,08,17,0.0,35.4,19.2
107013,LA_UNION,2012,08,18,0.0,36.2,18.6
107013,LA_UNION,2012,08,19,2.4,35.8,18.8
107013,LA_UNION,2012,08,20,0.0,36.0,18.0
107013,LA_UNION,2012,08,21,0.0,36.0,18.4
107013,LA_UNION,2012,08,22,0.0,34.8,18.4
107013,LA_UNION,2012,08,23,0.0,35.8,19.2
107013,LA_UNION,2012,08,24,3.6,32.8,19.6
107013,LA_UNION,2012,08,25,5.2,31.4,18.2
107013,LA_UNION,2012,08,26,0.0,30.8,18.6
107013,LA_UNION,2012,08,27,0.0,32.8,18.4
107013,LA_UNION,2012,08,28,0.0,32.0,17.2
107013,LA_UNION,2012,08,29,0.0,34.8,16.6
107013,LA_UNION,2012,08,30,0.0,35.6,17.0
107013,LA_UNION,2012,08,31,0.0,35.6,18.6
107013,LA_UNION,2012,09,01,0.0,35.4,19.8
107013,LA_UNION,2012,09,02,0.0,35.6,20.6
107013,LA_UNION,2012,09,03,0.0,33.8,18.2
107013,LA_UNION,2012,09,04,0.0,28.8,19.6
107013,LA_UNION,2012,09,05,0.0,34.8,19.6
107013,LA_UNION,2012,09,06,3.8,28.6,18.8
107013,LA_UNION,2012,09,07,0.0,34.8,18.4
107013,LA_UNION,2012,09,08,4.6,36.2,18.8
107013,LA_UNION,2012,09,09,6.6,32.6,20.6
107013,LA_UNION,2012,09,10,0.0,35.4,20.2
107013,LA_UNION,2012,09,11,0.0,37.6,18.0
107013,LA_UNION,2012,09,12,0.0,35.8,19.0
107013,LA_UNION,2012,09,13,5.6,27.4,19.2
107013,LA_UNION,2012,09,14,0.0,29.4,19.4
107013,LA_UNION,2012,09,15,0.0,36.2,20.6
107013,LA_UNION,2012,09,16,0.0,37.4,20.0
107013,LA_UNION,2012,09,17,0.0,37.8,19.0
107013,LA_UNION,2012,09,18,0.0,37.8,18.4
107013,LA_UNION,2012,09,19,0.0,38.4,20.2
107013,LA_UNION,2012,09,20,0.0,38.4,20.6
107013,LA_UNION,2012,09,21,0.0,38.2,20.4
107013,LA_UNION,2012,09,22,21.2,36.8,20.8
107013,LA_UNION,2012,09,23,2.2,31.4,19.8
107013,LA_UNION,2012,09,24,0.0,35.2,18.4
107013,LA_UNION,2012,09,25,0.0,33.4,21.8
107013,LA_UNION,2012,09,26,0.0,32.2,19.8
107013,LA_UNION,2012,09,27,0.0,27.4,19.2
107013,LA_UNION,2012,09,28,0.0,33.2,17.4
107013,LA_UNION,2012,09,29,5.6,35.4,18.6
107013,LA_UNION,2012,09,30,0.0,32.8,19.8
107013,LA_UNION,2012,10,01,0.0,36.6,19.6
107013,LA_UNION,2012,10,02,0.0,37.4,18.2
107013,LA_UNION,2012,10,03,0.0,36.6,20.6
107013,LA_UNION,2012,10,04,0.0,35.4,20.2
107013,LA_UNION,2012,10,05,0.0,36.4,20.4
107013,LA_UNION,2012,10,06,5.8,-999,20.8
107013,LA_UNION,2012,10,07,0.0,32.0,20.4
107013,LA_UNION,2012,10,08,0.0,32.4,20.6
107013,LA_UNION,2012,10,09,0.0,35.8,19.8
107013,LA_UNION,2012,10,10,0.0,38.0,19.2
107013,LA_UNION,2012,10,11,80.7,36.8,19.6
107013,LA_UNION,2012,10,12,20.4,26.8,18.2
107013,LA_UNION,2012,10,13,0.0,32.6,18.4
107013,LA_UNION,2012,10,14,0.0,34.6,20.2
107013,LA_UNION,2012,10,15,0.0,35.6,20.8
107013,LA_UNION,2012,10,16,0.0,35.0,21.8
107013,LA_UNION,2012,10,17,18.2,26.4,21.8
107013,LA_UNION,2012,10,18,4.6,31.2,20.4
107013,LA_UNION,2012,10,19,1.6,30.6,21.8
107013,LA_UNION,2012,10,20,2.6,31.4,20.6
107013,LA_UNION,2012,10,21,0.0,31.6,20.2
107013,LA_UNION,2012,10,22,0.0,35.6,18.6
107013,LA_UNION,2012,10,23,0.0,35.4,20.4
107013,LA_UNION,2012,10,24,51.2,30.2,19.6
107013,LA_UNION,2012,10,25,0.0,29.4,19.2
107013,LA_UNION,2012,10,26,0.0,32.2,19.0
107013,LA_UNION,2012,10,27,0.0,33.8,19.6
107013,LA_UNION,2012,10,28,0.0,35.8,19.8
107013,LA_UNION,2012,10,29,1.6,30.8,20.4
107013,LA_UNION,2012,10,30,0.0,34.6,21.2
107013,LA_UNION,2012,10,31,3.7,35.0,21.8
107013,LA_UNION,2012,11,01,0.0,34.6,20.2
107013,LA_UNION,2012,11,02,0.0,35.8,20.8
107013,LA_UNION,2012,11,03,0.0,34.0,19.8
107013,LA_UNION,2012,11,04,0.0,30.0,21.8
107013,LA_UNION,2012,11,05,0.0,33.6,21.4
107013,LA_UNION,2012,11,06,0.0,33.4,21.0
107013,LA_UNION,2012,11,07,0.0,33.6,20.6
107013,LA_UNION,2012,11,08,0.0,34.4,21.8
107013,LA_UNION,2012,11,09,0.0,35.8,19.6
107013,LA_UNION,2012,11,10,0.0,36.4,21.6
107013,LA_UNION,2012,11,11,0.0,34.2,21.4
107013,LA_UNION,2012,11,12,3.4,35.6,20.4
107013,LA_UNION,2012,11,13,0.0,34.8,20.8
107013,LA_UNION,2012,11,14,2.4,35.2,20.4
107013,LA_UNION,2012,11,15,0.0,31.6,21.6
107013,LA_UNION,2012,11,16,20.8,31.4,21.2
107013,LA_UNION,2012,11,17,0.0,31.6,21.6
107013,LA_UNION,2012,11,18,3.8,32.4,20.4
107013,LA_UNION,2012,11,19,49.6,28.4,20.0
107013,LA_UNION,2012,11,20,0.0,33.6,20.2
107013,LA_UNION,2012,11,21,4.8,34.4,21.8
107013,LA_UNION,2012,11,22,0.0,34.2,20.6
107013,LA_UNION,2012,11,23,0.0,35.6,20.0
107013,LA_UNION,2012,11,24,0.0,35.8,20.0
107013,LA_UNION,2012,11,25,2.6,35.4,21.4
107013,LA_UNION,2012,11,26,0.0,36.0,21.2
107013,LA_UNION,2012,11,27,0.0,35.4,20.4
107013,LA_UNION,2012,11,28,0.0,35.6,21.6
107013,LA_UNION,2012,11,29,58.4,36.4,21.8
107013,LA_UNION,2012,11,30,51.4,34.8,19.8
107013,LA_UNION,2012,12,01,4.2,32.4,19.8
107013,LA_UNION,2012,12,02,0.0,27.8,19.2
107013,LA_UNION,2012,12,03,0.0,34.8,20.0
107013,LA_UNION,2012,12,04,25.0,28.2,19.2
107013,LA_UNION,2012,12,05,0.0,32.6,20.6
107013,LA_UNION,2012,12,06,0.0,35.0,20.8
107013,LA_UNION,2012,12,07,0.0,30.6,21.6
107013,LA_UNION,2012,12,08,0.0,29.8,21.4
107013,LA_UNION,2012,12,09,0.0,32.4,21.4
107013,LA_UNION,2012,12,10,0.0,31.6,21.8
107013,LA_UNION,2012,12,11,0.0,34.8,20.4
107013,LA_UNION,2012,12,12,0.0,34.2,21.6
107013,LA_UNION,2012,12,13,0.0,35.8,21.8
107013,LA_UNION,2012,12,14,0.0,36.0,21.6
107013,LA_UNION,2012,12,15,0.0,33.8,21.6
107013,LA_UNION,2012,12,16,0.0,33.6,20.8
107013,LA_UNION,2012,12,17,0.0,29.2,21.4
107013,LA_UNION,2012,12,18,0.0,34.6,20.8
107013,LA_UNION,2012,12,19,0.0,34.4,22.4
107013,LA_UNION,2012,12,20,0.0,35.6,21.6
107013,LA_UNION,2012,12,21,0.0,36.4,21.4
107013,LA_UNION,2012,12,22,21.8,28.6,21.8
107013,LA_UNION,2012,12,23,0.0,32.4,20.2
107013,LA_UNION,2012,12,24,0.0,33.6,21.4
107013,LA_UNION,2012,12,25,4.6,32.4,22.2
107013,LA_UNION,2012,12,26,3.6,27.8,21.2
107013,LA_UNION,2012,12,27,0.0,33.6,21.8
107013,LA_UNION,2012,12,28,0.0,32.4,21.6
107013,LA_UNION,2012,12,29,2.4,33.2,21.6
107013,LA_UNION,2012,12,30,6.4,32.8,21.2
107013,LA_UNION,2012,12,31,0.0,31.6,20.6
107013,LA_UNION,2013,01,01,0.0,33.6,20.6
107013,LA_UNION,2013,01,02,0.0,31.6,20.2
107013,LA_UNION,2013,01,03,0.0,27.6,21.4
107013,LA_UNION,2013,01,04,0.0,32.6,21.2
107013,LA_UNION,2013,01,05,0.0,34.2,21.6
107013,LA_UNION,2013,01,06,0.0,34.4,20.6
107013,LA_UNION,2013,01,07,0.0,33.6,20.4
107013,LA_UNION,2013,01,08,0.0,32.8,21.8
107013,LA_UNION,2013,01,09,0.0,30.6,21.2
107013,LA_UNION,2013,01,10,0.0,31.4,21.8
107013,LA_UNION,2013,01,11,58.4,35.0,20.8
107013,LA_UNION,2013,01,12,0.0,35.6,21.2
107013,LA_UNION,2013,01,13,2.4,35.4,20.0
107013,LA_UNION,2013,01,14,0.0,30.8,20.8
107013,LA_UNION,2013,01,15,0.0,35.8,21.8
107013,LA_UNION,2013,01,16,0.0,35.6,21.8
107013,LA_UNION,2013,01,17,6.8,31.6,22.0
107013,LA_UNION,2013,01,18,0.0,33.4,21.2
107013,LA_UNION,2013,01,19,0.0,36.6,19.8
107013,LA_UNION,2013,01,20,2.2,35.8,21.6
107013,LA_UNION,2013,01,21,14.8,33.6,21.2
107013,LA_UNION,2013,01,22,19.6,26.8,20.4
107013,LA_UNION,2013,01,23,0.0,31.4,20.0
107013,LA_UNION,2013,01,24,0.0,35.8,19.8
107013,LA_UNION,2013,01,25,0.0,35.4,20.2
107013,LA_UNION,2013,01,26,0.0,33.2,20.6
107013,LA_UNION,2013,01,27,2.4,35.2,21.6
107013,LA_UNION,2013,01,28,0.0,31.6,20.4
107013,LA_UNION,2013,01,29,0.0,34.8,21.2
107013,LA_UNION,2013,01,30,0.0,35.2,20.6
107013,LA_UNION,2013,01,31,0.0,35.6,21.8
107013,LA_UNION,2013,02,01,0.0,-999,20.4
107013,LA_UNION,2013,02,02,0.0,34.6,21.8
107013,LA_UNION,2013,02,03,66.2,30.2,22.2
107013,LA_UNION,2013,02,04,36.4,26.8,19.6
107013,LA_UNION,2013,02,05,0.0,31.0,21.2
107013,LA_UNION,2013,02,06,0.0,33.4,21.4
107013,LA_UNION,2013,02,07,4.8,33.8,20.6
107013,LA_UNION,2013,02,08,22.8,29.6,22.4
107013,LA_UNION,2013,02,09,19.4,25.4,21.4
107013,LA_UNION,2013,02,10,5.6,32.8,20.2
107013,LA_UNION,2013,02,11,0.0,30.4,21.8
107013,LA_UNION,2013,02,12,0.0,33.8,20.6
107013,LA_UNION,2013,02,13,0.0,34.6,20.8
107013,LA_UNION,2013,02,14,0.0,34.8,20.2
107013,LA_UNION,2013,02,15,0.0,29.6,21.2
107013,LA_UNION,2013,02,16,0.0,31.4,20.6
107013,LA_UNION,2013,02,17,0.0,35.4,21.6
107013,LA_UNION,2013,02,18,0.0,33.4,21.4
107013,LA_UNION,2013,02,19,0.0,33.8,21.2
107013,LA_UNION,2013,02,20,3.6,33.4,21.8
107013,LA_UNION,2013,02,21,0.0,34.8,21.6
107013,LA_UNION,2013,02,22,8.8,33.0,21.4
107013,LA_UNION,2013,02,23,5.2,30.6,21.6
107013,LA_UNION,2013,02,24,0.0,34.8,20.4
107013,LA_UNION,2013,02,25,8.4,34.6,20.2
107013,LA_UNION,2013,02,26,7.6,29.8,20.0
107013,LA_UNION,2013,02,27,3.4,33.6,21.2
107013,LA_UNION,2013,02,28,0.0,32.6,19.8
107013,LA_UNION,2013,03,01,0.0,32.8,20.2
107013,LA_UNION,2013,03,02,15.3,33.4,21.6
107013,LA_UNION,2013,03,03,15.0,32.2,21.4
107013,LA_UNION,2013,03,04,6.8,30.2,21.6
107013,LA_UNION,2013,03,05,3.4,33.8,21.4
107013,LA_UNION,2013,03,06,0.0,33.4,21.2
107013,LA_UNION,2013,03,07,0.0,35.6,20.6
107013,LA_UNION,2013,03,08,0.0,30.0,21.8
107013,LA_UNION,2013,03,09,0.0,34.6,20.8
107013,LA_UNION,2013,03,10,0.0,32.8,21.4
107013,LA_UNION,2013,03,11,0.0,33.6,21.6
107013,LA_UNION,2013,03,12,0.0,35.6,21.2
107013,LA_UNION,2013,03,13,0.0,36.6,20.6
107013,LA_UNION,2013,03,14,0.0,33.8,20.0
107013,LA_UNION,2013,03,15,15.6,29.6,21.4
107013,LA_UNION,2013,03,16,3.6,32.4,21.4
107013,LA_UNION,2013,03,17,5.6,30.6,21.8
107013,LA_UNION,2013,03,18,0.0,33.8,21.2
107013,LA_UNION,2013,03,19,3.4,34.6,21.4
107013,LA_UNION,2013,03,20,46.0,33.2,21.8
107013,LA_UNION,2013,03,21,14.0,26.8,20.4
107013,LA_UNION,2013,03,22,8.8,28.4,20.0
107013,LA_UNION,2013,03,23,0.0,33.2,20.2
107013,LA_UNION,2013,03,24,0.0,35.6,21.2
107013,LA_UNION,2013,03,25,3.2,36.4,21.6
107013,LA_UNION,2013,03,26,0.0,35.6,21.2
107013,LA_UNION,2013,03,27,28.0,32.6,21.4
107013,LA_UNION,2013,03,28,2.4,32.6,20.4
107013,LA_UNION,2013,03,29,0.0,31.6,21.0
107013,LA_UNION,2013,03,30,0.0,32.4,21.6
107013,LA_UNION,2013,03,31,0.0,32.8,19.8
107013,LA_UNION,2013,04,01,0.0,33.4,20.6
107013,LA_UNION,2013,04,02,14.8,31.8,20.4
107013,LA_UNION,2013,04,03,0.0,33.2,20.6
107013,LA_UNION,2013,04,04,0.0,34.8,21.2
107013,LA_UNION,2013,04,05,0.0,35.4,21.0
107013,LA_UNION,2013,04,06,0.0,35.6,21.4
107013,LA_UNION,2013,04,07,0.0,34.4,22.2
107013,LA_UNION,2013,04,08,0.0,33.8,21.6
107013,LA_UNION,2013,04,09,0.0,35.2,22.4
107013,LA_UNION,2013,04,10,0.0,35.6,21.4
107013,LA_UNION,2013,04,11,0.0,36.6,20.6
107013,LA_UNION,2013,04,12,0.0,34.8,21.2
107013,LA_UNION,2013,04,13,0.0,33.8,21.8
107013,LA_UNION,2013,04,14,0.0,32.4,20.2
107013,LA_UNION,2013,04,15,0.0,31.6,20.4
107013,LA_UNION,2013,04,16,0.0,35.6,21.6
107013,LA_UNION,2013,04,17,24.6,35.4,21.2
107013,LA_UNION,2013,04,18,7.6,28.4,21.0
107013,LA_UNION,2013,04,19,0.0,32.8,20.2
107013,LA_UNION,2013,04,20,0.0,35.6,19.6
107013,LA_UNION,2013,04,21,0.0,36.8,20.0
107013,LA_UNION,2013,04,22,0.0,35.8,21.4
107013,LA_UNION,2013,04,23,0.0,33.6,21.6
107013,LA_UNION,2013,04,24,0.0,33.8,19.8
107013,LA_UNION,2013,04,25,0.0,33.6,17.8
107013,LA_UNION,2013,04,26,0.0,35.6,16.4
107013,LA_UNION,2013,04,27,0.0,34.8,17.2
107013,LA_UNION,2013,04,28,0.0,36.8,18.8
107013,LA_UNION,2013,04,29,0.0,35.8,19.8
107013,LA_UNION,2013,04,30,0.0,34.6,19.2
107013,LA_UNION,2013,05,01,6.6,34.6,19.8
107013,LA_UNION,2013,05,02,0.0,34.8,20.8
107013,LA_UNION,2013,05,03,0.0,35.6,20.4
107013,LA_UNION,2013,05,04,0.0,34.8,20.2
107013,LA_UNION,2013,05,05,0.0,35.8,21.4
107013,LA_UNION,2013,05,06,2.2,28.8,21.2
107013,LA_UNION,2013,05,07,8.6,30.6,21.6
107013,LA_UNION,2013,05,08,0.0,31.4,21.2
107013,LA_UNION,2013,05,09,0.0,34.4,21.4
107013,LA_UNION,2013,05,10,0.0,35.4,20.8
107013,LA_UNION,2013,05,11,3.8,30.2,20.2
107013,LA_UNION,2013,05,12,0.0,34.2,20.4
107013,LA_UNION,2013,05,13,0.0,34.6,20.6
107013,LA_UNION,2013,05,14,6.4,33.2,20.8
107013,LA_UNION,2013,05,15,0.0,34.6,20.6
107013,LA_UNION,2013,05,16,0.0,34.2,21.2
107013,LA_UNION,2013,05,17,0.0,36.6,21.2
107013,LA_UNION,2013,05,18,27.6,28.8,21.6
107013,LA_UNION,2013,05,19,0.0,32.4,20.4
107013,LA_UNION,2013,05,20,0.0,32.2,19.2
107013,LA_UNION,2013,05,21,0.0,33.8,20.8
107013,LA_UNION,2013,05,22,0.0,35.8,20.6
107013,LA_UNION,2013,05,23,14.8,35.6,21.4
107013,LA_UNION,2013,05,24,0.0,35.2,20.2
107013,LA_UNION,2013,05,25,0.0,29.6,21.6
107013,LA_UNION,2013,05,26,0.0,30.4,20.6
107013,LA_UNION,2013,05,27,0.0,35.6,20.6
107013,LA_UNION,2013,05,28,0.0,36.4,21.8
107013,LA_UNION,2013,05,29,0.0,35.0,20.6
107013,LA_UNION,2013,05,30,0.0,35.4,21.4
107013,LA_UNION,2013,05,31,0.0,34.2,21.8
107013,LA_UNION,2013,06,01,0.0,33.8,19.6
107013,LA_UNION,2013,06,02,0.0,34.8,20.8
107013,LA_UNION,2013,06,03,0.0,34.6,20.4
107013,LA_UNION,2013,06,04,0.0,33.6,20.6
107013,LA_UNION,2013,06,05,0.0,29.6,20.2
107013,LA_UNION,2013,06,06,2.4,29.8,19.8
107013,LA_UNION,2013,06,07,25.6,27.8,21.2
107013,LA_UNION,2013,06,08,2.6,27.4,20.0
107013,LA_UNION,2013,06,09,0.0,29.6,20.6
107013,LA_UNION,2013,06,10,0.0,34.8,20.2
107013,LA_UNION,2013,06,11,0.0,35.6,20.4
107013,LA_UNION,2013,06,12,6.8,31.4,20.6
107013,LA_UNION,2013,06,13,0.0,30.8,19.6
107013,LA_UNION,2013,06,14,0.0,33.4,18.4
107013,LA_UNION,2013,06,15,0.0,34.6,18.6
107013,LA_UNION,2013,06,16,0.0,33.8,19.6
107013,LA_UNION,2013,06,17,0.0,33.4,20.2
107013,LA_UNION,2013,06,18,0.0,30.2,20.6
107013,LA_UNION,2013,06,19,18.6,33.4,20.4
107013,LA_UNION,2013,06,20,0.0,32.4,19.6
107013,LA_UNION,2013,06,21,0.0,32.6,20.2
107013,LA_UNION,2013,06,22,0.0,32.8,20.2
107013,LA_UNION,2013,06,23,0.0,33.6,18.6
107013,LA_UNION,2013,06,24,0.0,30.4,19.0
107013,LA_UNION,2013,06,25,0.0,35.6,19.8
107013,LA_UNION,2013,06,26,0.0,35.4,18.4
107013,LA_UNION,2013,06,27,0.0,35.4,20.0
107013,LA_UNION,2013,06,28,0.0,34.8,18.2
107013,LA_UNION,2013,06,29,0.0,36.2,19.8
107013,LA_UNION,2013,06,30,14.4,26.6,20.2
107013,LA_UNION,2013,07,01,0.0,32.6,19.6
107013,LA_UNION,2013,07,02,0.0,35.6,18.0
107013,LA_UNION,2013,07,03,0.0,33.8,19.6
107013,LA_UNION,2013,07,04,0.0,34.4,19.2
107013,LA_UNION,2013,07,05,2.4,33.6,20.8
107013,LA_UNION,2013,07,06,0.0,33.0,20.4
107013,LA_UNION,2013,07,07,19.0,33.6,21.4
107013,LA_UNION,2013,07,08,5.6,30.6,20.2
107013,LA_UNION,2013,07,09,0.0,33.6,17.8
107013,LA_UNION,2013,07,10,0.0,34.8,18.8
107013,LA_UNION,2013,07,11,0.0,35.4,19.4
107013,LA_UNION,2013,07,12,0.0,35.8,17.2
107013,LA_UNION,2013,07,13,0.0,30.8,19.6
107013,LA_UNION,2013,07,14,0.0,32.6,18.2
107013,LA_UNION,2013,07,15,3.4,31.8,19.8
107013,LA_UNION,2013,07,16,0.0,32.4,18.2
107013,LA_UNION,2013,07,17,0.0,32.4,17.8
107013,LA_UNION,2013,07,18,0.0,34.8,17.6
107013,LA_UNION,2013,07,19,0.0,34.2,17.4
107013,LA_UNION,2013,07,20,0.0,35.4,18.6
107013,LA_UNION,2013,07,21,0.0,35.6,19.2
107013,LA_UNION,2013,07,22,0.0,33.6,18.4
107013,LA_UNION,2013,07,23,0.0,32.6,19.8
107013,LA_UNION,2013,07,24,13.6,29.2,20.6
107013,LA_UNION,2013,07,25,0.0,25.6,17.0
107013,LA_UNION,2013,07,26,0.0,28.8,14.6
107013,LA_UNION,2013,07,27,0.0,33.6,15.4
107013,LA_UNION,2013,07,28,0.0,33.8,15.6
107013,LA_UNION,2013,07,29,0.0,34.4,15.4
107013,LA_UNION,2013,07,30,0.0,34.6,16.4
107013,LA_UNION,2013,07,31,0.0,35.6,17.4
107013,LA_UNION,2013,08,01,0.0,30.4,19.6
107013,LA_UNION,2013,08,02,2.4,29.4,18.2
107013,LA_UNION,2013,08,03,0.0,34.6,20.4
107013,LA_UNION,2013,08,04,0.0,36.0,17.8
107013,LA_UNION,2013,08,05,0.0,34.8,18.2
107013,LA_UNION,2013,08,06,0.0,34.6,18.8
107013,LA_UNION,2013,08,07,0.0,32.6,19.6
107013,LA_UNION,2013,08,08,0.0,36.2,18.4
107013,LA_UNION,2013,08,09,8.8,36.8,18.2
107013,LA_UNION,2013,08,10,10.0,27.4,19.6
107013,LA_UNION,2013,08,11,0.0,32.2,19.8
107013,LA_UNION,2013,08,12,0.0,34.6,17.2
107013,LA_UNION,2013,08,13,0.0,35.4,20.4
107013,LA_UNION,2013,08,14,12.6,33.6,19.6
107013,LA_UNION,2013,08,15,8.4,25.8,18.4
107013,LA_UNION,2013,08,16,0.0,31.4,17.4
107013,LA_UNION,2013,08,17,0.0,34.8,19.6
107013,LA_UNION,2013,08,18,0.0,34.4,18.2
107013,LA_UNION,2013,08,19,0.0,35.4,17.8
107013,LA_UNION,2013,08,20,0.0,35.2,18.4
107013,LA_UNION,2013,08,21,0.0,32.2,17.4
107013,LA_UNION,2013,08,22,0.0,36.4,18.0
107013,LA_UNION,2013,08,23,0.0,35.8,18.2
107013,LA_UNION,2013,08,24,0.0,35.8,19.4
107013,LA_UNION,2013,08,25,19.8,35.4,20.0
107013,LA_UNION,2013,08,26,12.4,30.2,19.4
107013,LA_UNION,2013,08,27,0.0,27.6,19.2
107013,LA_UNION,2013,08,28,0.0,35.6,17.8
107013,LA_UNION,2013,08,29,0.0,-999,19.6
107013,LA_UNION,2013,08,30,0.0,35.8,16.2
107013,LA_UNION,2013,08,31,0.0,36.0,16.4
107013,LA_UNION,2013,09,01,0.0,36.0,17.6
107013,LA_UNION,2013,09,02,0.0,36.4,18.4
107013,LA_UNION,2013,09,03,0.0,37.6,18.8
107013,LA_UNION,2013,09,04,0.0,36.2,19.6
107013,LA_UNION,2013,09,05,0.0,33.6,19.6
107013,LA_UNION,2013,09,06,0.0,35.8,17.8
107013,LA_UNION,2013,09,07,0.0,37.4,19.0
107013,LA_UNION,2013,09,08,0.0,35.4,19.6
107013,LA_UNION,2013,09,09,9.8,28.4,19.4
107013,LA_UNION,2013,09,10,0.0,33.8,17.6
107013,LA_UNION,2013,09,11,2.2,35.4,18.6
107013,LA_UNION,2013,09,12,0.0,37.6,18.8
107013,LA_UNION,2013,09,13,0.0,37.8,19.8
107013,LA_UNION,2013,09,14,0.0,29.2,20.6
107013,LA_UNION,2013,09,15,2.4,33.2,18.6
107013,LA_UNION,2013,09,16,0.0,34.8,19.6
107013,LA_UNION,2013,09,17,0.0,37.4,18.8
107013,LA_UNION,2013,09,18,5.8,-999,20.0
107013,LA_UNION,2013,09,19,4.8,-999,18.2
107013,LA_UNION,2013,09,20,0.0,-999,19.2
107013,LA_UNION,2013,09,21,0.0,36.6,18.6
107013,LA_UNION,2013,09,22,0.0,38.2,18.8
107013,LA_UNION,2013,09,23,0.0,33.6,20.8
107013,LA_UNION,2013,09,24,66.4,34.6,19.8
107013,LA_UNION,2013,09,25,0.0,32.4,20.6
107013,LA_UNION,2013,09,26,0.0,33.2,17.8
107013,LA_UNION,2013,09,27,0.0,35.6,18.8
107013,LA_UNION,2013,09,28,0.0,37.0,18.6
107013,LA_UNION,2013,09,29,0.0,36.2,20.6
107013,LA_UNION,2013,09,30,0.0,37.4,20.4
107013,LA_UNION,2013,10,01,0.0,38.0,19.4
107013,LA_UNION,2013,10,02,0.0,35.8,20.4
107013,LA_UNION,2013,10,03,2.2,32.4,21.6
107013,LA_UNION,2013,10,04,2.4,33.0,20.6
107013,LA_UNION,2013,10,05,12.6,35.6,21.8
107013,LA_UNION,2013,10,06,0.0,33.8,20.8
107013,LA_UNION,2013,10,07,0.0,36.8,20.2
107013,LA_UNION,2013,10,08,0.0,36.6,20.6
107013,LA_UNION,2013,10,09,0.0,33.6,21.8
107013,LA_UNION,2013,10,10,7.8,31.4,20.2
107013,LA_UNION,2013,10,11,4.4,30.6,20.0
107013,LA_UNION,2013,10,12,0.0,34.8,19.4
107013,LA_UNION,2013,10,13,0.0,30.6,19.8
107013,LA_UNION,2013,10,14,0.0,34.4,20.6
107013,LA_UNION,2013,10,15,15.8,30.2,19.6
107013,LA_UNION,2013,10,16,0.0,32.4,20.4
107013,LA_UNION,2013,10,17,2.6,33.8,20.2
107013,LA_UNION,2013,10,18,0.0,35.8,19.6
107013,LA_UNION,2013,10,19,0.0,37.8,20.2
107013,LA_UNION,2013,10,20,0.0,37.8,20.8
107013,LA_UNION,2013,10,21,0.0,37.4,20.2
107013,LA_UNION,2013,10,22,0.0,35.6,20.0
107013,LA_UNION,2013,10,23,0.0,35.4,20.4
107013,LA_UNION,2013,10,24,5.8,35.6,19.6
107013,LA_UNION,2013,10,25,0.0,32.8,20.8
107013,LA_UNION,2013,10,26,0.0,35.6,20.6
107013,LA_UNION,2013,10,27,5.8,35.2,21.4
107013,LA_UNION,2013,10,28,4.6,32.6,20.8
107013,LA_UNION,2013,10,29,0.0,36.6,20.6
107013,LA_UNION,2013,10,30,0.0,37.0,21.6
107013,LA_UNION,2013,10,31,0.0,35.4,22.0
107013,LA_UNION,2013,11,01,0.0,34.0,22.6
107013,LA_UNION,2013,11,02,2.4,27.0,21.6
107013,LA_UNION,2013,11,03,0.0,28.6,20.4
107013,LA_UNION,2013,11,04,0.0,34.6,20.2
107013,LA_UNION,2013,11,05,7.6,33.4,19.4
107013,LA_UNION,2013,11,06,5.6,27.8,19.2
107013,LA_UNION,2013,11,07,0.0,33.4,19.4
107013,LA_UNION,2013,11,08,0.0,36.4,17.6
107013,LA_UNION,2013,11,09,0.0,31.4,19.2
107013,LA_UNION,2013,11,10,0.0,35.6,20.4
107013,LA_UNION,2013,11,11,0.0,36.8,20.6
107013,LA_UNION,2013,11,12,0.0,37.4,20.2
107013,LA_UNION,2013,11,13,45.6,29.2,21.8
107013,LA_UNION,2013,11,14,0.0,32.4,20.6
107013,LA_UNION,2013,11,15,0.0,35.6,19.8
107013,LA_UNION,2013,11,16,0.0,36.4,20.8
107013,LA_UNION,2013,11,17,13.6,32.4,22.4
107013,LA_UNION,2013,11,18,0.0,32.6,18.8
107013,LA_UNION,2013,11,19,12.6,35.4,21.6
107013,LA_UNION,2013,11,20,8.6,27.4,20.6
107013,LA_UNION,2013,11,21,0.0,33.8,19.6
107013,LA_UNION,2013,11,22,0.0,33.2,21.2
107013,LA_UNION,2013,11,23,0.0,28.8,21.2
107013,LA_UNION,2013,11,24,0.0,34.2,21.6
107013,LA_UNION,2013,11,25,0.0,31.4,21.8
107013,LA_UNION,2013,11,26,0.0,34.4,20.4
107013,LA_UNION,2013,11,27,0.0,36.8,21.0
107013,LA_UNION,2013,11,28,0.0,36.8,20.8
107013,LA_UNION,2013,11,29,0.0,37.0,21.8
107013,LA_UNION,2013,11,30,27.8,37.8,20.6
107013,LA_UNION,2013,12,01,5.6,-999,19.8
107013,LA_UNION,2013,12,02,0.0,31.8,19.2
107013,LA_UNION,2013,12,03,4.4,30.6,20.4
107013,LA_UNION,2013,12,04,2.6,26.8,20.6
107013,LA_UNION,2013,12,05,0.0,33.4,19.8
107013,LA_UNION,2013,12,06,0.0,35.6,19.6
107013,LA_UNION,2013,12,07,0.0,35.4,20.8
107013,LA_UNION,2013,12,08,0.0,34.8,20.2
107013,LA_UNION,2013,12,09,0.0,32.8,20.4
107013,LA_UNION,2013,12,10,0.0,29.8,19.8
107013,LA_UNION,2013,12,11,0.0,35.6,19.2
107013,LA_UNION,2013,12,12,0.0,34.8,20.4
107013,LA_UNION,2013,12,13,0.0,36.6,19.6
107013,LA_UNION,2013,12,14,0.0,32.2,21.8
107013,LA_UNION,2013,12,15,0.0,31.4,20.6
107013,LA_UNION,2013,12,16,0.0,35.6,20.2
107013,LA_UNION,2013,12,17,0.0,35.8,19.2
107013,LA_UNION,2013,12,18,0.0,36.8,20.4
107013,LA_UNION,2013,12,19,0.0,35.4,21.6
107013,LA_UNION,2013,12,20,0.0,35.6,21.4
107013,LA_UNION,2013,12,21,0.0,34.2,20.8
107013,LA_UNION,2013,12,22,0.0,36.6,19.8
107013,LA_UNION,2013,12,23,0.0,37.4,21.8
107013,LA_UNION,2013,12,24,64.4,35.2,22.6
107013,LA_UNION,2013,12,25,0.0,28.6,20.4
107013,LA_UNION,2013,12,26,4.4,29.2,21.4
107013,LA_UNION,2013,12,27,0.0,32.8,20.6
107013,LA_UNION,2013,12,28,3.6,33.8,20.6
107013,LA_UNION,2013,12,29,0.0,36.2,21.2
107013,LA_UNION,2013,12,30,0.0,36.6,19.8
107013,LA_UNION,2013,12,31,0.0,37.2,21.8
107013,LA_UNION,2014,01,01,0.0,35.4,21.6
107013,LA_UNION,2014,01,02,0.0,37.2,21.8
107013,LA_UNION,2014,01,03,0.0,36.8,21.4
107013,LA_UNION,2014,01,04,12.6,36.8,21.6
107013,LA_UNION,2014,01,05,1.4,32.6,21.2
107013,LA_UNION,2014,01,06,5.6,28.8,22.6
107013,LA_UNION,2014,01,07,6.8,33.4,20.6
107013,LA_UNION,2014,01,08,0.0,35.6,20.4
107013,LA_UNION,2014,01,09,0.0,34.8,19.4
107013,LA_UNION,2014,01,10,3.6,34.8,19.2
107013,LA_UNION,2014,01,11,0.0,30.6,19.8
107013,LA_UNION,2014,01,12,3.4,32.6,20.8
107013,LA_UNION,2014,01,13,0.0,30.0,19.2
107013,LA_UNION,2014,01,14,0.0,32.4,19.6
107013,LA_UNION,2014,01,15,0.0,34.4,20.4
107013,LA_UNION,2014,01,16,0.0,33.6,20.4
107013,LA_UNION,2014,01,17,0.0,31.8,19.6
107013,LA_UNION,2014,01,18,2.6,32.4,20.4
107013,LA_UNION,2014,01,19,0.0,33.2,20.0
107013,LA_UNION,2014,01,20,0.0,35.4,19.6
107013,LA_UNION,2014,01,21,0.0,37.2,19.2
107013,LA_UNION,2014,01,22,0.0,37.6,20.8
107013,LA_UNION,2014,01,23,0.0,29.8,21.8
107013,LA_UNION,2014,01,24,0.0,35.6,20.0
107013,LA_UNION,2014,01,25,0.0,36.2,20.2
107013,LA_UNION,2014,01,26,0.0,34.8,22.2
107013,LA_UNION,2014,01,27,3.4,32.2,21.6
107013,LA_UNION,2014,01,28,0.0,35.6,22.0
107013,LA_UNION,2014,01,29,0.0,37.2,20.6
107013,LA_UNION,2014,01,30,0.0,36.4,21.4
107013,LA_UNION,2014,01,31,3.2,32.8,21.4
107013,LA_UNION,2014,02,01,0.0,32.6,20.8
107013,LA_UNION,2014,02,02,29.4,35.4,21.8
107013,LA_UNION,2014,02,03,0.0,35.8,21.2
107013,LA_UNION,2014,02,04,2.8,32.4,20.4
107013,LA_UNION,2014,02,05,17.8,25.4,21.6
107013,LA_UNION,2014,02,06,3.6,32.8,19.4
107013,LA_UNION,2014,02,07,0.0,34.4,21.6
107013,LA_UNION,2014,02,08,0.0,31.4,21.8
107013,LA_UNION,2014,02,09,0.0,33.0,21.4
107013,LA_UNION,2014,02,10,0.0,32.6,21.2
107013,LA_UNION,2014,02,11,0.0,34.4,19.2
107013,LA_UNION,2014,02,12,0.0,34.6,21.6
107013,LA_UNION,2014,02,13,0.0,35.6,20.4
107013,LA_UNION,2014,02,14,0.0,31.8,21.6
107013,LA_UNION,2014,02,15,7.4,31.2,21.4
107013,LA_UNION,2014,02,16,0.0,31.8,20.4
107013,LA_UNION,2014,02,17,3.4,36.2,19.2
107013,LA_UNION,2014,02,18,0.0,37.6,19.8
107013,LA_UNION,2014,02,19,0.0,34.6,21.4
107013,LA_UNION,2014,02,20,0.0,34.8,20.4
107013,LA_UNION,2014,02,21,0.0,34.2,21.6
107013,LA_UNION,2014,02,22,0.0,33.4,21.8
107013,LA_UNION,2014,02,23,3.2,34.2,21.6
107013,LA_UNION,2014,02,24,2.4,31.8,21.2
107013,LA_UNION,2014,02,25,0.0,31.6,21.4
107013,LA_UNION,2014,02,26,0.0,34.6,21.6
107013,LA_UNION,2014,02,27,0.0,35.8,21.2
107013,LA_UNION,2014,02,28,30.6,33.8,21.0
107013,LA_UNION,2014,03,01,0.0,33.6,20.6
107013,LA_UNION,2014,03,02,0.0,35.2,19.0
107013,LA_UNION,2014,03,03,0.0,33.6,19.4
107013,LA_UNION,2014,03,04,2.2,29.4,18.4
107013,LA_UNION,2014,03,05,19.6,26.8,19.0
107013,LA_UNION,2014,03,06,0.0,34.8,20.2
107013,LA_UNION,2014,03,07,0.0,33.6,19.4
107013,LA_UNION,2014,03,08,2.6,30.2,20.6
107013,LA_UNION,2014,03,09,2.4,27.4,20.2
107013,LA_UNION,2014,03,10,0.0,30.6,18.6
107013,LA_UNION,2014,03,11,1.4,35.4,20.6
107013,LA_UNION,2014,03,12,3.2,29.6,20.8
107013,LA_UNION,2014,03,13,4.4,28.6,21.8
107013,LA_UNION,2014,03,14,0.0,33.8,18.2
107013,LA_UNION,2014,03,15,2.2,35.4,21.6
107013,LA_UNION,2014,03,16,6.6,28.2,21.2
107013,LA_UNION,2014,03,17,6.6,28.6,20.4
107013,LA_UNION,2014,03,18,0.0,30.6,20.6
107013,LA_UNION,2014,03,19,0.0,32.2,21.2
107013,LA_UNION,2014,03,20,3.2,32.4,20.8
107013,LA_UNION,2014,03,21,0.0,34.2,20.6
107013,LA_UNION,2014,03,22,4.4,33.0,21.6
107013,LA_UNION,2014,03,23,6.8,31.2,20.4
107013,LA_UNION,2014,03,24,5.8,34.8,21.2
107013,LA_UNION,2014,03,25,15.4,32.2,21.8
107013,LA_UNION,2014,03,26,0.0,32.4,20.6
107013,LA_UNION,2014,03,27,7.8,26.6,21.6
107013,LA_UNION,2014,03,28,0.0,32.4,20.2
107013,LA_UNION,2014,03,29,0.0,35.6,20.0
107013,LA_UNION,2014,03,30,0.0,35.8,21.6
107013,LA_UNION,2014,03,31,25.4,32.2,21.8
107013,LA_UNION,2014,04,01,8.6,28.8,21.2
107013,LA_UNION,2014,04,02,0.0,30.2,21.0
107013,LA_UNION,2014,04,03,2.4,27.6,20.4
107013,LA_UNION,2014,04,04,13.4,33.6,20.6
107013,LA_UNION,2014,04,05,24.4,25.4,19.6
107013,LA_UNION,2014,04,06,0.0,30.6,20.4
107013,LA_UNION,2014,04,07,3.4,30.6,21.2
107013,LA_UNION,2014,04,08,0.0,34.4,21.0
107013,LA_UNION,2014,04,09,0.0,32.6,21.0
107013,LA_UNION,2014,04,10,0.0,33.8,21.2
107013,LA_UNION,2014,04,11,0.0,34.4,18.4
107013,LA_UNION,2014,04,12,0.0,34.4,19.8
107013,LA_UNION,2014,04,13,0.0,34.6,21.6
107013,LA_UNION,2014,04,14,14.6,30.6,21.8
107013,LA_UNION,2014,04,15,2.4,29.4,20.4
107013,LA_UNION,2014,04,16,0.0,32.6,19.4
107013,LA_UNION,2014,04,17,0.0,35.6,20.6
107013,LA_UNION,2014,04,18,5.8,32.2,20.6
107013,LA_UNION,2014,04,19,0.0,30.4,20.2
107013,LA_UNION,2014,04,20,1.4,31.2,19.8
107013,LA_UNION,2014,04,21,10.6,35.0,19.6
107013,LA_UNION,2014,04,22,0.0,30.4,21.2
107013,LA_UNION,2014,04,23,5.0,34.6,21.6
107013,LA_UNION,2014,04,24,28.8,26.4,21.2
107013,LA_UNION,2014,04,25,2.4,29.2,20.6
107013,LA_UNION,2014,04,26,0.0,31.8,20.4
107013,LA_UNION,2014,04,27,0.0,31.6,21.8
107013,LA_UNION,2014,04,28,12.4,32.4,20.6
107013,LA_UNION,2014,04,29,30.4,25.6,21.2
107013,LA_UNION,2014,04,30,0.0,30.6,20.6
107013,LA_UNION,2014,05,01,0.0,34.8,20.2
107013,LA_UNION,2014,05,02,0.0,34.6,20.6
107013,LA_UNION,2014,05,03,0.0,32.2,21.8
107013,LA_UNION,2014,05,04,0.0,32.6,21.4
107013,LA_UNION,2014,05,05,0.0,34.6,21.2
107013,LA_UNION,2014,05,06,37.8,35.2,21.6
107013,LA_UNION,2014,05,07,13.2,33.6,20.6
107013,LA_UNION,2014,05,08,5.6,29.2,20.6
107013,LA_UNION,2014,05,09,0.0,32.4,21.8
107013,LA_UNION,2014,05,10,1.4,32.8,20.6
107013,LA_UNION,2014,05,11,0.0,31.8,19.8
107013,LA_UNION,2014,05,12,0.0,31.6,20.2
107013,LA_UNION,2014,05,13,0.0,33.6,20.4
107013,LA_UNION,2014,05,14,0.0,31.4,20.4
107013,LA_UNION,2014,05,15,35.4,33.6,21.6
107013,LA_UNION,2014,05,16,6.6,30.4,20.6
107013,LA_UNION,2014,05,17,4.6,33.6,20.0
107013,LA_UNION,2014,05,18,3.4,31.6,20.2
107013,LA_UNION,2014,05,19,0.0,31.4,20.4
107013,LA_UNION,2014,05,20,0.0,31.6,19.0
107013,LA_UNION,2014,05,21,0.0,34.6,21.8
107013,LA_UNION,2014,05,22,0.0,34.8,21.6
107013,LA_UNION,2014,05,23,0.0,35.6,19.4
107013,LA_UNION,2014,05,24,0.0,34.4,21.2
107013,LA_UNION,2014,05,25,0.0,33.4,20.6
107013,LA_UNION,2014,05,26,0.0,35.6,20.4
107013,LA_UNION,2014,05,27,0.0,35.4,19.8
107013,LA_UNION,2014,05,28,0.0,34.8,21.8
107013,LA_UNION,2014,05,29,0.0,35.2,19.2
107013,LA_UNION,2014,05,30,0.0,33.6,19.6
107013,LA_UNION,2014,05,31,0.0,34.8,21.4
107013,LA_UNION,2014,06,01,0.0,35.0,20.0
107013,LA_UNION,2014,06,02,0.0,31.6,20.2
107013,LA_UNION,2014,06,03,0.0,35.4,20.0
107013,LA_UNION,2014,06,04,0.0,35.8,20.6
107013,LA_UNION,2014,06,05,0.0,36.2,21.2
107013,LA_UNION,2014,06,06,0.0,34.6,19.6
107013,LA_UNION,2014,06,07,0.0,35.0,20.6
107013,LA_UNION,2014,06,08,0.0,35.2,20.0
107013,LA_UNION,2014,06,09,0.0,35.4,21.2
107013,LA_UNION,2014,06,10,26.6,27.6,19.6
107013,LA_UNION,2014,06,11,0.0,34.4,21.2
107013,LA_UNION,2014,06,12,0.0,34.6,20.6
107013,LA_UNION,2014,06,13,8.8,30.4,20.6
107013,LA_UNION,2014,06,14,12.4,30.2,19.8
107013,LA_UNION,2014,06,15,18.8,27.8,20.2
107013,LA_UNION,2014,06,16,4.8,26.6,20.2
107013,LA_UNION,2014,06,17,0.0,31.6,19.2
107013,LA_UNION,2014,06,18,0.0,32.4,18.8
107013,LA_UNION,2014,06,19,0.0,30.2,20.0
107013,LA_UNION,2014,06,20,0.0,32.6,18.4
107013,LA_UNION,2014,06,21,0.0,34.8,17.8
107013,LA_UNION,2014,06,22,0.0,35.2,19.2
107013,LA_UNION,2014,06,23,0.0,33.6,19.4
107013,LA_UNION,2014,06,24,0.0,34.6,20.6
107013,LA_UNION,2014,06,25,0.0,32.6,20.0
107013,LA_UNION,2014,06,26,0.0,34.4,19.2
107013,LA_UNION,2014,06,27,0.0,34.6,17.4
107013,LA_UNION,2014,06,28,0.0,34.4,18.4
107013,LA_UNION,2014,06,29,3.6,28.2,19.8
107013,LA_UNION,2014,06,30,0.0,30.4,19.6
107013,LA_UNION,2014,07,01,0.0,31.6,18.2
107013,LA_UNION,2014,07,02,0.0,34.8,20.6
107013,LA_UNION,2014,07,03,0.0,33.6,18.6
107013,LA_UNION,2014,07,04,0.0,35.0,20.6
107013,LA_UNION,2014,07,05,0.0,34.8,21.6
107013,LA_UNION,2014,07,06,0.0,33.8,21.8
107013,LA_UNION,2014,07,07,0.0,31.8,20.8
107013,LA_UNION,2014,07,08,4.4,30.6,19.8
107013,LA_UNION,2014,07,09,0.0,31.0,19.2
107013,LA_UNION,2014,07,10,0.0,32.6,20.0
107013,LA_UNION,2014,07,11,0.0,34.8,18.8
107013,LA_UNION,2014,07,12,0.0,33.8,17.6
107013,LA_UNION,2014,07,13,0.0,34.6,20.6
107013,LA_UNION,2014,07,14,0.0,33.6,17.8
107013,LA_UNION,2014,07,15,0.0,32.6,16.8
107013,LA_UNION,2014,07,16,0.0,32.8,16.6
107013,LA_UNION,2014,07,17,0.0,34.4,19.4
107013,LA_UNION,2014,07,18,50.6,32.8,19.6
107013,LA_UNION,2014,07,19,12.4,25.0,20.0
107013,LA_UNION,2014,07,20,0.0,29.2,19.8
107013,LA_UNION,2014,07,21,0.0,33.8,19.6
107013,LA_UNION,2014,07,22,0.0,33.4,17.2
107013,LA_UNION,2014,07,23,0.0,34.2,17.8
107013,LA_UNION,2014,07,24,0.0,32.4,17.8
107013,LA_UNION,2014,07,25,9.6,33.6,18.8
107013,LA_UNION,2014,07,26,0.0,32.8,20.4
107013,LA_UNION,2014,07,27,0.0,31.6,19.8
107013,LA_UNION,2014,07,28,0.0,32.6,20.0
107013,LA_UNION,2014,07,29,0.0,34.6,18.2
107013,LA_UNION,2014,07,30,0.0,33.8,19.2
107013,LA_UNION,2014,07,31,0.0,34.8,18.0
107013,LA_UNION,2014,08,01,0.0,35.6,19.4
107013,LA_UNION,2014,08,02,0.0,35.4,19.2
107013,LA_UNION,2014,08,03,0.0,34.8,19.0
107013,LA_UNION,2014,08,04,0.0,35.6,19.2
107013,LA_UNION,2014,08,05,2.4,31.6,18.4
107013,LA_UNION,2014,08,06,0.0,30.6,18.8
107013,LA_UNION,2014,08,07,4.6,35.6,18.6
107013,LA_UNION,2014,08,08,10.2,30.2,19.0
107013,LA_UNION,2014,08,09,0.0,29.4,19.8
107013,LA_UNION,2014,08,10,0.0,30.4,18.6
107013,LA_UNION,2014,08,11,0.0,33.6,17.2
107013,LA_UNION,2014,08,12,22.4,33.2,17.8
107013,LA_UNION,2014,08,13,0.0,29.4,19.0
107013,LA_UNION,2014,08,14,2.6,31.8,18.2
107013,LA_UNION,2014,08,15,0.0,35.6,19.4
107013,LA_UNION,2014,08,16,0.0,36.6,19.2
107013,LA_UNION,2014,08,17,0.0,35.8,18.6
107013,LA_UNION,2014,08,18,0.0,34.6,17.6
107013,LA_UNION,2014,08,19,0.0,32.4,16.6
107013,LA_UNION,2014,08,20,0.0,33.8,16.8
107013,LA_UNION,2014,08,21,0.0,33.8,16.2
107013,LA_UNION,2014,08,22,0.0,33.6,16.4
107013,LA_UNION,2014,08,23,0.0,35.8,15.8
107013,LA_UNION,2014,08,24,0.0,33.2,16.6
107013,LA_UNION,2014,08,25,22.4,35.4,19.4
107013,LA_UNION,2014,08,26,0.0,33.4,19.6
107013,LA_UNION,2014,08,27,44.6,27.4,18.8
107013,LA_UNION,2014,08,28,4.6,30.6,18.2
107013,LA_UNION,2014,08,29,2.4,29.4,18.0
107013,LA_UNION,2014,08,30,0.0,30.4,18.0
107013,LA_UNION,2014,08,31,0.0,32.6,18.4
107013,LA_UNION,2014,09,01,0.0,34.4,19.4
107013,LA_UNION,2014,09,02,0.0,35.8,19.6
107013,LA_UNION,2014,09,03,0.0,34.8,17.8
107013,LA_UNION,2014,09,04,0.0,35.8,19.6
107013,LA_UNION,2014,09,05,8.8,27.8,17.6
107013,LA_UNION,2014,09,06,0.0,33.6,18.6
107013,LA_UNION,2014,09,07,0.0,34.8,16.8
107013,LA_UNION,2014,09,08,0.0,34.6,16.6
107013,LA_UNION,2014,09,09,0.0,28.6,17.6
107013,LA_UNION,2014,09,10,0.0,32.8,17.2
107013,LA_UNION,2014,09,11,0.0,35.2,17.6
107013,LA_UNION,2014,09,12,0.0,28.6,18.8
107013,LA_UNION,2014,09,13,0.0,32.6,20.4
107013,LA_UNION,2014,09,14,4.4,31.6,20.0
107013,LA_UNION,2014,09,15,2.2,31.8,18.4
107013,LA_UNION,2014,09,16,0.0,33.6,20.0
107013,LA_UNION,2014,09,17,0.0,33.6,19.2
107013,LA_UNION,2014,09,18,6.8,33.4,20.0
107013,LA_UNION,2014,09,19,0.0,33.8,19.8
107013,LA_UNION,2014,09,20,46.8,31.6,19.2
107013,LA_UNION,2014,09,21,4.4,29.6,19.0
107013,LA_UNION,2014,09,22,6.6,29.6,19.4
107013,LA_UNION,2014,09,23,0.0,33.6,18.8
107013,LA_UNION,2014,09,24,0.0,35.0,18.8
107013,LA_UNION,2014,09,25,0.0,36.4,19.6
107013,LA_UNION,2014,09,26,0.0,36.4,20.0
107013,LA_UNION,2014,09,27,9.8,33.6,19.4
107013,LA_UNION,2014,09,28,3.4,30.0,20.0
107013,LA_UNION,2014,09,29,0.0,33.8,19.4
107013,LA_UNION,2014,09,30,0.0,35.4,19.2
107013,LA_UNION,2014,10,01,0.0,35.6,19.6
107013,LA_UNION,2014,10,02,14.6,33.8,19.8
107013,LA_UNION,2014,10,03,6.8,29.6,20.4
107013,LA_UNION,2014,10,04,0.0,28.8,19.6
107013,LA_UNION,2014,10,05,0.0,33.6,19.4
107013,LA_UNION,2014,10,06,0.0,32.8,20.2
107013,LA_UNION,2014,10,07,6.4,29.2,20.4
107013,LA_UNION,2014,10,08,5.8,30.6,19.2
107013,LA_UNION,2014,10,09,0.0,35.0,19.8
107013,LA_UNION,2014,10,10,0.0,35.6,19.4
107013,LA_UNION,2014,10,11,16.6,29.4,19.6
107013,LA_UNION,2014,10,12,0.0,32.8,19.2
107013,LA_UNION,2014,10,13,10.4,33.6,19.8
107013,LA_UNION,2014,10,14,0.0,30.2,18.8
107013,LA_UNION,2014,10,15,12.4,27.8,19.6
107013,LA_UNION,2014,10,16,4.4,27.6,20.0
107013,LA_UNION,2014,10,17,0.0,31.4,19.2
107013,LA_UNION,2014,10,18,0.0,34.8,18.6
107013,LA_UNION,2014,10,19,0.0,35.6,18.4
107013,LA_UNION,2014,10,20,0.0,34.8,20.6
107013,LA_UNION,2014,10,21,0.0,34.6,20.2
107013,LA_UNION,2014,10,22,0.0,33.4,20.8
107013,LA_UNION,2014,10,23,0.0,33.8,20.8
107013,LA_UNION,2014,10,24,0.0,35.2,19.8
107013,LA_UNION,2014,10,25,12.4,27.4,21.8
107013,LA_UNION,2014,10,26,0.0,33.2,18.6
107013,LA_UNION,2014,10,27,22.4,35.4,18.2
107013,LA_UNION,2014,10,28,0.0,32.6,20.4
107013,LA_UNION,2014,10,29,0.0,34.4,20.6
107013,LA_UNION,2014,10,30,0.0,35.6,20.2
107013,LA_UNION,2014,10,31,16.4,28.6,21.6
107013,LA_UNION,2014,11,01,0.0,34.6,19.8
107013,LA_UNION,2014,11,02,3.4,29.8,21.2
107013,LA_UNION,2014,11,03,0.0,34.4,19.6
107013,LA_UNION,2014,11,04,0.0,35.8,20.8
107013,LA_UNION,2014,11,05,0.0,32.4,19.4
107013,LA_UNION,2014,11,06,2.6,28.6,18.8
107013,LA_UNION,2014,11,07,0.0,31.8,19.2
107013,LA_UNION,2014,11,08,12.6,33.6,20.6
107013,LA_UNION,2014,11,09,0.0,33.8,20.4
107013,LA_UNION,2014,11,10,0.0,29.4,20.8
107013,LA_UNION,2014,11,11,8.6,33.6,21.4
107013,LA_UNION,2014,11,12,0.0,32.4,21.6
107013,LA_UNION,2014,11,13,0.0,31.4,21.6
107013,LA_UNION,2014,11,14,24.0,27.8,21.2
107013,LA_UNION,2014,11,15,0.0,26.6,19.2
107013,LA_UNION,2014,11,16,2.4,30.6,20.0
107013,LA_UNION,2014,11,17,0.0,32.6,19.6
107013,LA_UNION,2014,11,18,0.0,36.6,19.4
107013,LA_UNION,2014,11,19,0.0,36.4,21.0
107013,LA_UNION,2014,11,20,0.0,36.2,21.6
107013,LA_UNION,2014,11,21,0.0,34.8,21.8
107013,LA_UNION,2014,11,22,0.0,36.8,21.4
107013,LA_UNION,2014,11,23,0.0,33.6,21.8
107013,LA_UNION,2014,11,24,0.0,34.4,18.8
107013,LA_UNION,2014,11,25,0.0,35.6,21.4
107013,LA_UNION,2014,11,26,0.0,34.8,22.2
107013,LA_UNION,2014,11,27,0.0,36.4,21.6
107013,LA_UNION,2014,11,28,0.0,34.8,22.0
107013,LA_UNION,2014,11,29,16.6,32.6,20.6
107013,LA_UNION,2014,11,30,5.6,35.4,20.0
107013,LA_UNION,2014,12,01,0.0,36.2,21.4
107013,LA_UNION,2014,12,02,0.0,34.4,21.6
107013,LA_UNION,2014,12,03,0.0,35.8,21.8
107013,LA_UNION,2014,12,04,10.4,27.6,19.8
107013,LA_UNION,2014,12,05,16.2,32.6,19.4
107013,LA_UNION,2014,12,06,0.0,35.8,20.4
107013,LA_UNION,2014,12,07,0.0,35.4,20.2
107013,LA_UNION,2014,12,08,0.0,35.6,20.6
107013,LA_UNION,2014,12,09,2.4,35.4,22.2
107013,LA_UNION,2014,12,10,0.0,32.4,21.2
107013,LA_UNION,2014,12,11,0.0,34.4,20.2
107013,LA_UNION,2014,12,12,0.0,32.2,21.6
107013,LA_UNION,2014,12,13,0.0,35.2,18.8
107013,LA_UNION,2014,12,14,0.0,29.8,21.6
107013,LA_UNION,2014,12,15,0.0,27.4,20.0
107013,LA_UNION,2014,12,16,0.0,34.2,20.0
107013,LA_UNION,2014,12,17,0.0,35.4,20.2
107013,LA_UNION,2014,12,18,0.0,35.8,20.6
107013,LA_UNION,2014,12,19,0.0,37.4,17.6
107013,LA_UNION,2014,12,20,0.0,38.2,21.8
107013,LA_UNION,2014,12,21,0.0,35.4,21.6
107013,LA_UNION,2014,12,22,2.4,36.6,20.6
107013,LA_UNION,2014,12,23,2.6,30.0,21.4
107013,LA_UNION,2014,12,24,0.0,34.8,20.8
107013,LA_UNION,2014,12,25,0.0,38.4,21.2
107013,LA_UNION,2014,12,26,0.0,30.6,21.8
107013,LA_UNION,2014,12,27,6.8,33.4,21.4
107013,LA_UNION,2014,12,28,0.0,33.6,21.4
107013,LA_UNION,2014,12,29,0.0,34.8,21.6
107013,LA_UNION,2014,12,30,0.0,35.6,20.8
107013,LA_UNION,2014,12,31,0.0,35.6,22.0
107013,LA_UNION,2015,01,01,0.0,35.8,20.0
107013,LA_UNION,2015,01,02,0.0,35.2,21.4
107013,LA_UNION,2015,01,03,0.0,33.8,21.6
107013,LA_UNION,2015,01,04,0.0,31.8,21.2
107013,LA_UNION,2015,01,05,0.0,29.4,19.8
107013,LA_UNION,2015,01,06,0.0,34.4,20.6
107013,LA_UNION,2015,01,07,0.0,35.6,19.8
107013,LA_UNION,2015,01,08,0.0,34.6,20.6
107013,LA_UNION,2015,01,09,8.8,34.8,20.4
107013,LA_UNION,2015,01,10,9.8,31.8,21.0
107013,LA_UNION,2015,01,11,4.4,28.6,20.8
107013,LA_UNION,2015,01,12,0.0,34.6,19.2
107013,LA_UNION,2015,01,13,0.0,33.8,20.6
107013,LA_UNION,2015,01,14,0.0,36.2,19.4
107013,LA_UNION,2015,01,15,0.0,36.8,21.6
107013,LA_UNION,2015,01,16,0.0,34.2,21.2
107013,LA_UNION,2015,01,17,0.0,36.4,21.6
107013,LA_UNION,2015,01,18,0.0,36.8,20.8
107013,LA_UNION,2015,01,19,0.0,35.6,21.4
107013,LA_UNION,2015,01,20,6.8,34.8,21.6
107013,LA_UNION,2015,01,21,27.8,32.4,20.4
107013,LA_UNION,2015,01,22,2.4,30.8,20.6
107013,LA_UNION,2015,01,23,4.4,30.4,20.0
107013,LA_UNION,2015,01,24,22.4,34.8,21.6
107013,LA_UNION,2015,01,25,0.0,33.4,21.4
107013,LA_UNION,2015,01,26,2.2,35.0,21.6
107013,LA_UNION,2015,01,27,0.0,34.8,21.8
107013,LA_UNION,2015,01,28,0.0,33.6,22.0
107013,LA_UNION,2015,01,29,2.6,32.8,20.6
107013,LA_UNION,2015,01,30,9.2,32.4,21.4
107013,LA_UNION,2015,01,31,38.2,33.0,20.8
107013,LA_UNION,2015,02,01,19.2,30.2,20.4
107013,LA_UNION,2015,02,02,9.0,28.8,21.2
107013,LA_UNION,2015,02,03,46.4,27.6,21.4
107013,LA_UNION,2015,02,04,0.0,33.2,20.8
107013,LA_UNION,2015,02,05,29.8,34.8,21.8
107013,LA_UNION,2015,02,06,0.0,35.4,19.2
107013,LA_UNION,2015,02,07,50.8,35.4,20.8
107013,LA_UNION,2015,02,08,6.6,30.0,20.4
107013,LA_UNION,2015,02,09,0.0,31.4,20.2
107013,LA_UNION,2015,02,10,0.0,33.6,21.6
107013,LA_UNION,2015,02,11,0.0,33.8,20.8
107013,LA_UNION,2015,02,12,0.0,32.8,21.6
107013,LA_UNION,2015,02,13,9.4,30.4,20.0
107013,LA_UNION,2015,02,14,9.6,29.4,21.8
107013,LA_UNION,2015,02,15,0.0,32.2,21.2
107013,LA_UNION,2015,02,16,0.0,33.6,20.8
107013,LA_UNION,2015,02,17,0.0,35.8,21.4
107013,LA_UNION,2015,02,18,47.6,35.0,21.6
107013,LA_UNION,2015,02,19,0.0,32.4,20.4
107013,LA_UNION,2015,02,20,7.6,27.8,21.6
107013,LA_UNION,2015,02,21,0.0,27.6,21.4
107013,LA_UNION,2015,02,22,0.0,31.4,20.4
107013,LA_UNION,2015,02,23,0.0,32.6,21.2
107013,LA_UNION,2015,02,24,18.6,31.6,21.6
107013,LA_UNION,2015,02,25,4.6,28.6,21.2
107013,LA_UNION,2015,02,26,2.6,31.4,21.8
107013,LA_UNION,2015,02,27,0.0,33.6,21.4
107013,LA_UNION,2015,02,28,0.0,32.8,21.6
107013,LA_UNION,2015,03,01,0.0,35.6,20.2
107013,LA_UNION,2015,03,02,1.4,32.8,21.6
107013,LA_UNION,2015,03,03,0.0,35.6,21.6
107013,LA_UNION,2015,03,04,0.0,36.4,21.8
107013,LA_UNION,2015,03,05,0.0,32.8,21.8
107013,LA_UNION,2015,03,06,6.4,31.2,21.2
107013,LA_UNION,2015,03,07,0.0,32.4,21.4
107013,LA_UNION,2015,03,08,3.4,31.8,21.4
107013,LA_UNION,2015,03,09,2.4,33.2,21.6
107013,LA_UNION,2015,03,10,12.4,28.8,21.8
107013,LA_UNION,2015,03,11,17.6,33.6,20.4
107013,LA_UNION,2015,03,12,0.0,31.6,20.2
107013,LA_UNION,2015,03,13,0.0,33.8,21.6
107013,LA_UNION,2015,03,14,2.4,33.6,20.4
107013,LA_UNION,2015,03,15,0.0,34.2,20.6
107013,LA_UNION,2015,03,16,0.0,33.6,21.4
107013,LA_UNION,2015,03,17,0.0,35.8,21.6
107013,LA_UNION,2015,03,18,37.4,34.6,21.8
107013,LA_UNION,2015,03,19,8.8,26.8,20.4
107013,LA_UNION,2015,03,20,0.0,31.4,19.8
107013,LA_UNION,2015,03,21,7.8,29.6,20.6
107013,LA_UNION,2015,03,22,6.8,31.4,21.4
107013,LA_UNION,2015,03,23,0.0,32.8,19.6
107013,LA_UNION,2015,03,24,0.0,32.4,20.6
107013,LA_UNION,2015,03,25,12.4,34.8,20.4
107013,LA_UNION,2015,03,26,4.6,31.8,20.0
107013,LA_UNION,2015,03,27,0.0,34.6,20.2
107013,LA_UNION,2015,03,28,3.4,32.4,21.4
107013,LA_UNION,2015,03,29,0.0,30.4,21.8
107013,LA_UNION,2015,03,30,0.0,34.4,18.6
107013,LA_UNION,2015,03,31,0.0,34.2,19.6
107013,LA_UNION,2015,04,01,0.0,28.8,20.8
107013,LA_UNION,2015,04,02,25.6,30.2,20.6
107013,LA_UNION,2015,04,03,0.0,33.2,19.8
107013,LA_UNION,2015,04,04,0.0,34.8,20.4
107013,LA_UNION,2015,04,05,22.4,32.2,20.2
107013,LA_UNION,2015,04,06,8.4,31.8,19.8
107013,LA_UNION,2015,04,07,0.0,31.8,18.8
107013,LA_UNION,2015,04,08,0.0,32.8,19.2
107013,LA_UNION,2015,04,09,24.4,34.4,20.2
107013,LA_UNION,2015,04,10,8.8,28.6,19.8
107013,LA_UNION,2015,04,11,0.0,30.4,19.6
107013,LA_UNION,2015,04,12,10.0,31.0,19.4
107013,LA_UNION,2015,04,13,0.0,32.6,20.4
107013,LA_UNION,2015,04,14,0.0,32.4,20.8
107013,LA_UNION,2015,04,15,0.0,33.8,20.4
107013,LA_UNION,2015,04,16,3.4,34.2,21.4
107013,LA_UNION,2015,04,17,17.8,31.4,20.2
107013,LA_UNION,2015,04,18,6.8,28.8,20.4
107013,LA_UNION,2015,04,19,0.0,33.4,21.8
107013,LA_UNION,2015,04,20,0.0,33.6,20.6
107013,LA_UNION,2015,04,21,9.4,26.6,21.4
107013,LA_UNION,2015,04,22,8.8,30.8,19.8
107013,LA_UNION,2015,04,23,4.8,32.2,20.6
107013,LA_UNION,2015,04,24,24.4,32.4,19.6
107013,LA_UNION,2015,04,25,16.8,28.2,20.8
107013,LA_UNION,2015,04,26,7.8,28.8,20.0
107013,LA_UNION,2015,04,27,0.0,33.4,20.2
107013,LA_UNION,2015,04,28,5.4,31.4,19.4
107013,LA_UNION,2015,04,29,3.4,29.4,19.2
107013,LA_UNION,2015,04,30,0.0,30.8,20.6
107013,LA_UNION,2015,05,01,0.0,31.8,21.4
107013,LA_UNION,2015,05,02,0.0,34.8,20.8
107013,LA_UNION,2015,05,03,0.0,35.2,20.4
107013,LA_UNION,2015,05,04,6.8,33.8,20.6
107013,LA_UNION,2015,05,05,0.0,33.4,20.8
107013,LA_UNION,2015,05,06,2.2,32.8,20.4
107013,LA_UNION,2015,05,07,0.0,32.4,21.8
107013,LA_UNION,2015,05,08,2.4,31.8,20.0
107013,LA_UNION,2015,05,09,0.0,32.6,20.6
107013,LA_UNION,2015,05,10,0.0,32.4,21.2
107013,LA_UNION,2015,05,11,12.4,29.4,21.8
107013,LA_UNION,2015,05,12,3.2,29.2,21.6
107013,LA_UNION,2015,05,13,0.0,29.4,20.2
107013,LA_UNION,2015,05,14,0.0,31.2,21.4
107013,LA_UNION,2015,05,15,0.0,31.8,21.2
107013,LA_UNION,2015,05,16,8.2,26.6,20.6
107013,LA_UNION,2015,05,17,3.6,26.8,20.4
107013,LA_UNION,2015,05,18,0.0,32.6,20.2
107013,LA_UNION,2015,05,19,0.0,33.8,20.8
107013,LA_UNION,2015,05,20,15.6,33.6,21.2
107013,LA_UNION,2015,05,21,0.0,31.4,19.6
107013,LA_UNION,2015,05,22,0.0,33.4,20.8
107013,LA_UNION,2015,05,23,0.0,33.2,19.6
107013,LA_UNION,2015,05,24,0.0,32.8,20.0
107013,LA_UNION,2015,05,25,0.0,33.6,20.4
107013,LA_UNION,2015,05,26,7.8,28.8,21.6
107013,LA_UNION,2015,05,27,0.0,32.2,21.4
107013,LA_UNION,2015,05,28,2.6,31.4,21.2
107013,LA_UNION,2015,05,29,0.0,30.6,20.6
107013,LA_UNION,2015,05,30,3.4,32.4,21.2
107013,LA_UNION,2015,05,31,0.0,32.8,20.8
107013,LA_UNION,2015,06,01,0.0,32.4,21.6
107013,LA_UNION,2015,06,02,3.6,30.6,21.0
107013,LA_UNION,2015,06,03,0.0,30.8,19.8
107013,LA_UNION,2015,06,04,0.0,29.2,20.4
107013,LA_UNION,2015,06,05,0.0,33.6,20.2
107013,LA_UNION,2015,06,06,0.0,29.8,19.6
107013,LA_UNION,2015,06,07,0.0,33.4,20.0
107013,LA_UNION,2015,06,08,0.0,35.8,20.4
107013,LA_UNION,2015,06,09,0.0,33.6,20.8
107013,LA_UNION,2015,06,10,0.0,32.4,21.4
107013,LA_UNION,2015,06,11,0.0,32.8,19.4
107013,LA_UNION,2015,06,12,8.8,31.6,20.4
107013,LA_UNION,2015,06,13,0.0,33.4,19.2
107013,LA_UNION,2015,06,14,0.0,33.6,21.4
107013,LA_UNION,2015,06,15,0.0,33.8,20.8
107013,LA_UNION,2015,06,16,0.0,32.4,20.6
107013,LA_UNION,2015,06,17,0.0,32.2,19.4
107013,LA_UNION,2015,06,18,0.0,33.6,20.4
107013,LA_UNION,2015,06,19,4.6,30.0,19.8
107013,LA_UNION,2015,06,20,0.0,34.8,18.6
107013,LA_UNION,2015,06,21,0.0,31.8,17.4
107013,LA_UNION,2015,06,22,0.0,33.2,17.6
107013,LA_UNION,2015,06,23,0.0,34.4,19.0
107013,LA_UNION,2015,06,24,3.4,29.8,17.8
107013,LA_UNION,2015,06,25,2.6,29.0,20.0
107013,LA_UNION,2015,06,26,0.0,29.8,20.2
107013,LA_UNION,2015,06,27,0.0,31.8,19.0
107013,LA_UNION,2015,06,28,0.0,33.6,19.4
107013,LA_UNION,2015,06,29,0.0,32.8,19.0
107013,LA_UNION,2015,06,30,0.0,33.6,-999
107013,LA_UNION,2015,07,01,0.0,32.6,20.4
107013,LA_UNION,2015,07,02,0.0,35.4,20.6
107013,LA_UNION,2015,07,03,0.0,34.8,19.6
107013,LA_UNION,2015,07,04,32.8,32.8,18.8
107013,LA_UNION,2015,07,05,0.0,32.6,19.6
107013,LA_UNION,2015,07,06,0.0,31.8,19.2
107013,LA_UNION,2015,07,07,0.0,32.8,20.0
107013,LA_UNION,2015,07,08,0.0,33.8,19.4
107013,LA_UNION,2015,07,09,0.0,32.6,19.8
107013,LA_UNION,2015,07,10,0.0,33.2,20.4
107013,LA_UNION,2015,07,11,0.0,32.6,20.6
107013,LA_UNION,2015,07,12,3.4,31.6,20.2
107013,LA_UNION,2015,07,13,0.0,33.6,19.8
107013,LA_UNION,2015,07,14,0.0,34.8,19.8
107013,LA_UNION,2015,07,15,0.0,33.2,18.8
107013,LA_UNION,2015,07,16,5.4,32.0,18.6
107013,LA_UNION,2015,07,17,2.2,33.2,19.2
107013,LA_UNION,2015,07,18,0.0,30.8,18.6
107013,LA_UNION,2015,07,19,0.0,32.0,17.4
107013,LA_UNION,2015,07,20,0.0,34.6,17.2
107013,LA_UNION,2015,07,21,0.0,35.2,18.2
107013,LA_UNION,2015,07,22,0.0,29.2,18.4
107013,LA_UNION,2015,07,23,0.0,32.6,19.6
107013,LA_UNION,2015,07,24,0.0,32.8,17.6
107013,LA_UNION,2015,07,25,0.0,31.8,19.8
107013,LA_UNION,2015,07,26,0.0,30.6,18.8
107013,LA_UNION,2015,07,27,0.0,32.8,19.6
107013,LA_UNION,2015,07,28,0.0,34.8,17.8
107013,LA_UNION,2015,07,29,0.0,33.8,19.2
107013,LA_UNION,2015,07,30,7.6,32.6,19.4
107013,LA_UNION,2015,07,31,0.0,34.6,19.6
107013,LA_UNION,2015,08,01,0.0,32.6,20.4
107013,LA_UNION,2015,08,02,0.0,35.2,17.2
107013,LA_UNION,2015,08,03,0.0,36.6,19.4
107013,LA_UNION,2015,08,04,0.0,35.4,18.6
107013,LA_UNION,2015,08,05,6.8,35.6,17.4
107013,LA_UNION,2015,08,06,0.0,36.8,18.4
107013,LA_UNION,2015,08,07,0.0,36.8,17.8
107013,LA_UNION,2015,08,08,0.0,36.4,17.6
107013,LA_UNION,2015,08,09,0.0,36.8,18.4
107013,LA_UNION,2015,08,10,0.0,36.6,18.6
107013,LA_UNION,2015,08,11,4.6,33.8,19.4
107013,LA_UNION,2015,08,12,0.0,28.6,20.4
107013,LA_UNION,2015,08,13,5.6,34.6,19.2
107013,LA_UNION,2015,08,14,18.8,33.6,20.4
107013,LA_UNION,2015,08,15,5.8,32.2,19.4
107013,LA_UNION,2015,08,16,0.0,32.6,20.0
107013,LA_UNION,2015,08,17,0.0,33.4,18.2
107013,LA_UNION,2015,08,18,0.0,35.6,19.2
107013,LA_UNION,2015,08,19,0.0,35.8,19.4
107013,LA_UNION,2015,08,20,0.0,35.6,19.4
107013,LA_UNION,2015,08,21,0.0,34.8,19.0
107013,LA_UNION,2015,08,22,0.0,35.6,17.8
107013,LA_UNION,2015,08,23,0.0,34.6,18.8
107013,LA_UNION,2015,08,24,0.0,36.2,19.2
107013,LA_UNION,2015,08,25,0.0,35.4,18.4
107013,LA_UNION,2015,08,26,0.0,36.6,18.6
107013,LA_UNION,2015,08,27,0.0,36.8,18.2
107013,LA_UNION,2015,08,28,26.4,28.8,19.4
107013,LA_UNION,2015,08,29,0.0,31.8,21.0
107013,LA_UNION,2015,08,30,4.8,33.8,18.8
107013,LA_UNION,2015,08,31,2.4,31.4,19.4
107013,LA_UNION,2015,09,01,2.4,28.8,20.6
107013,LA_UNION,2015,09,02,0.0,32.6,18.6
107013,LA_UNION,2015,09,03,0.0,33.8,19.4
107013,LA_UNION,2015,09,04,16.6,32.8,18.6
107013,LA_UNION,2015,09,05,0.0,32.6,19.4
107013,LA_UNION,2015,09,06,0.0,34.4,19.2
107013,LA_UNION,2015,09,07,0.0,36.2,18.6
107013,LA_UNION,2015,09,08,0.0,37.2,19.2
107013,LA_UNION,2015,09,09,0.0,37.6,20.8
107013,LA_UNION,2015,09,10,0.0,38.4,20.6
107013,LA_UNION,2015,09,11,0.0,37.6,19.8
107013,LA_UNION,2015,09,12,0.0,38.6,19.8
107013,LA_UNION,2015,09,13,0.0,37.6,19.6
107013,LA_UNION,2015,09,14,0.0,36.6,19.2
107013,LA_UNION,2015,09,15,0.0,37.6,18.0
107013,LA_UNION,2015,09,16,0.0,37.8,18.0
107013,LA_UNION,2015,09,17,0.0,38.4,20.4
107013,LA_UNION,2015,09,18,2.6,35.6,20.4
107013,LA_UNION,2015,09,19,0.0,35.4,20.6
107013,LA_UNION,2015,09,20,0.0,35.8,20.0
107013,LA_UNION,2015,09,21,0.0,32.8,18.2
107013,LA_UNION,2015,09,22,0.0,33.6,19.2
107013,LA_UNION,2015,09,23,17.6,29.4,18.2
107013,LA_UNION,2015,09,24,2.6,34.4,18.4
107013,LA_UNION,2015,09,25,0.0,36.4,18.8
107013,LA_UNION,2015,09,26,0.0,32.6,19.4
107013,LA_UNION,2015,09,27,11.6,31.8,19.2
107013,LA_UNION,2015,09,28,0.0,32.6,19.0
107013,LA_UNION,2015,09,29,0.0,37.6,19.8
107013,LA_UNION,2015,09,30,0.0,37.4,18.4
107013,LA_UNION,2015,10,01,18.8,35.4,20.4
107013,LA_UNION,2015,10,02,0.0,34.6,19.6
107013,LA_UNION,2015,10,03,0.0,31.6,21.4
107013,LA_UNION,2015,10,04,0.0,31.4,20.4
107013,LA_UNION,2015,10,05,0.0,36.6,20.2
107013,LA_UNION,2015,10,06,5.8,35.8,20.0
107013,LA_UNION,2015,10,07,0.0,37.4,21.6
107013,LA_UNION,2015,10,08,0.0,37.8,21.6
107013,LA_UNION,2015,10,09,0.0,38.6,21.8
107013,LA_UNION,2015,10,10,2.8,38.4,20.8
107013,LA_UNION,2015,10,11,0.0,38.8,20.2
107013,LA_UNION,2015,10,12,0.0,36.8,21.8
107013,LA_UNION,2015,10,13,0.0,34.8,21.8
107013,LA_UNION,2015,10,14,2.4,38.2,19.6
107013,LA_UNION,2015,10,15,12.6,30.6,20.2
107013,LA_UNION,2015,10,16,6.8,30.8,20.6
107013,LA_UNION,2015,10,17,5.8,30.8,21.2
107013,LA_UNION,2015,10,18,0.0,29.8,20.4
107013,LA_UNION,2015,10,19,0.0,32.4,19.8
107013,LA_UNION,2015,10,20,0.0,36.8,20.8
107013,LA_UNION,2015,10,21,0.0,36.8,18.6
107013,LA_UNION,2015,10,22,7.8,35.6,19.8
107013,LA_UNION,2015,10,23,0.0,37.8,19.2
107013,LA_UNION,2015,10,24,0.0,36.8,20.4
107013,LA_UNION,2015,10,25,0.0,31.8,21.6
107013,LA_UNION,2015,10,26,0.0,37.4,18.4
107013,LA_UNION,2015,10,27,0.0,33.4,19.6
107013,LA_UNION,2015,10,28,0.0,36.8,21.2
107013,LA_UNION,2015,10,29,0.0,37.8,18.8
107013,LA_UNION,2015,10,30,6.8,39.0,19.4
107013,LA_UNION,2015,10,31,5.8,39.8,21.4
107013,LA_UNION,2015,11,01,0.0,35.0,21.6
107013,LA_UNION,2015,11,02,0.0,31.4,21.4
107013,LA_UNION,2015,11,03,0.0,33.8,20.6
107013,LA_UNION,2015,11,04,0.0,33.4,21.4
107013,LA_UNION,2015,11,05,4.6,33.8,22.2
107013,LA_UNION,2015,11,06,4.8,30.0,21.8
107013,LA_UNION,2015,11,07,24.4,31.6,20.4
107013,LA_UNION,2015,11,08,6.8,29.8,19.6
107013,LA_UNION,2015,11,09,0.0,30.6,20.4
107013,LA_UNION,2015,11,10,0.0,34.2,19.8
107013,LA_UNION,2015,11,11,0.0,36.6,20.6
107013,LA_UNION,2015,11,12,0.0,34.8,20.8
107013,LA_UNION,2015,11,13,0.0,35.8,21.2
107013,LA_UNION,2015,11,14,6.6,36.2,20.8
107013,LA_UNION,2015,11,15,0.0,33.6,20.6
107013,LA_UNION,2015,11,16,0.0,35.6,20.8
107013,LA_UNION,2015,11,17,0.0,35.0,20.6
107013,LA_UNION,2015,11,18,0.0,37.4,20.8
107013,LA_UNION,2015,11,19,0.0,37.6,21.4
107013,LA_UNION,2015,11,20,0.0,37.8,21.4
107013,LA_UNION,2015,11,21,0.0,38.6,21.6
107013,LA_UNION,2015,11,22,0.0,-999,21.8
107013,LA_UNION,2015,11,23,7.0,32.6,20.6
107013,LA_UNION,2015,11,24,0.0,36.4,20.8
107013,LA_UNION,2015,11,25,8.4,37.4,21.4
107013,LA_UNION,2015,11,26,0.0,36.4,19.8
107013,LA_UNION,2015,11,27,2.4,38.4,20.8
107013,LA_UNION,2015,11,28,0.0,36.8,21.4
107013,LA_UNION,2015,11,29,0.0,36.6,21.6
107013,LA_UNION,2015,11,30,24.4,34.4,22.4
107013,LA_UNION,2015,12,01,6.6,25.6,21.4
107013,LA_UNION,2015,12,02,0.0,29.8,19.4
107013,LA_UNION,2015,12,03,0.0,33.8,20.6
107013,LA_UNION,2015,12,04,0.0,37.2,21.8
107013,LA_UNION,2015,12,05,0.0,36.8,21.6
107013,LA_UNION,2015,12,06,0.0,37.6,19.4
107013,LA_UNION,2015,12,07,0.0,35.8,21.6
107013,LA_UNION,2015,12,08,2.4,33.6,21.4
107013,LA_UNION,2015,12,09,0.0,30.4,20.6
107013,LA_UNION,2015,12,10,0.0,35.4,21.6
107013,LA_UNION,2015,12,11,0.0,36.4,21.6
107013,LA_UNION,2015,12,12,0.0,35.8,21.2
107013,LA_UNION,2015,12,13,0.0,35.6,19.6
107013,LA_UNION,2015,12,14,13.8,37.0,19.6
107013,LA_UNION,2015,12,15,11.4,34.8,21.6
107013,LA_UNION,2015,12,16,0.0,35.2,20.4
107013,LA_UNION,2015,12,17,22.4,32.8,21.8
107013,LA_UNION,2015,12,18,29.4,32.4,19.6
107013,LA_UNION,2015,12,19,7.8,32.6,21.4
107013,LA_UNION,2015,12,20,0.0,29.8,21.0
107013,LA_UNION,2015,12,21,0.0,33.4,19.4
107013,LA_UNION,2015,12,22,0.0,35.8,20.4
107013,LA_UNION,2015,12,23,5.4,30.8,21.6
107013,LA_UNION,2015,12,24,0.0,32.4,20.8
107013,LA_UNION,2015,12,25,2.4,32.6,20.0
107013,LA_UNION,2015,12,26,0.0,34.8,20.6
107013,LA_UNION,2015,12,27,0.0,29.4,21.2
107013,LA_UNION,2015,12,28,0.0,32.2,21.4
107013,LA_UNION,2015,12,29,0.0,35.6,20.4
107013,LA_UNION,2015,12,30,0.0,35.8,19.6
107013,LA_UNION,2015,12,31,-999,32.4,21.6
107013,LA_UNION,2016,01,01,0.0,33.8,21.8
107013,LA_UNION,2016,01,02,0.0,37.6,21.6
107013,LA_UNION,2016,01,03,0.0,38.4,22.4
107013,LA_UNION,2016,01,04,0.0,37.8,20.4
107013,LA_UNION,2016,01,05,0.0,35.8,21.8
107013,LA_UNION,2016,01,06,0.0,36.2,22.2
107013,LA_UNION,2016,01,07,0.0,36.8,21.4
107013,LA_UNION,2016,01,08,0.0,38.4,20.8
107013,LA_UNION,2016,01,09,0.0,36.6,21.4
107013,LA_UNION,2016,01,10,6.6,38.8,22.0
107013,LA_UNION,2016,01,11,0.0,35.4,21.6
107013,LA_UNION,2016,01,12,0.0,36.8,22.1
107013,LA_UNION,2016,01,13,0.0,37.6,19.8
107013,LA_UNION,2016,01,14,0.0,35.8,20.8
107013,LA_UNION,2016,01,15,0.0,39.6,21.2
107013,LA_UNION,2016,01,16,0.0,38.6,22.2
107013,LA_UNION,2016,01,17,0.0,37.8,21.8
107013,LA_UNION,2016,01,18,0.0,36.8,22.2
107013,LA_UNION,2016,01,19,0.0,38.8,20.8
107013,LA_UNION,2016,01,20,0.0,33.6,22.0
107013,LA_UNION,2016,01,21,0.0,37.2,19.8
107013,LA_UNION,2016,01,22,0.0,37.4,20.6
107013,LA_UNION,2016,01,23,0.0,39.8,18.4
107013,LA_UNION,2016,01,24,0.0,39.6,20.6
107013,LA_UNION,2016,01,25,0.0,40.4,21.2
107013,LA_UNION,2016,01,26,2.4,40.2,22.8
107013,LA_UNION,2016,01,27,0.0,36.4,20.4
107013,LA_UNION,2016,01,28,0.0,-999,20.4
107013,LA_UNION,2016,01,29,2.8,36.6,21.4
107013,LA_UNION,2016,01,30,0.0,37.6,20.4
107013,LA_UNION,2016,01,31,0.0,40.0,23.6
107013,LA_UNION,2016,02,01,33.2,-999,22.8
107013,LA_UNION,2016,02,02,18.8,28.4,19.6
107013,LA_UNION,2016,02,03,0.0,32.6,19.6
107013,LA_UNION,2016,02,04,2.4,34.8,20.4
107013,LA_UNION,2016,02,05,0.0,34.8,20.6
107013,LA_UNION,2016,02,06,6.4,28.8,21.8
107013,LA_UNION,2016,02,07,18.8,34.2,20.6
107013,LA_UNION,2016,02,08,20.8,28.4,20.2
107013,LA_UNION,2016,02,09,18.8,28.8,20.8
107013,LA_UNION,2016,02,10,0.0,32.2,21.4
107013,LA_UNION,2016,02,11,6.8,27.4,20.2
107013,LA_UNION,2016,02,12,0.0,32.8,19.4
107013,LA_UNION,2016,02,13,0.0,35.2,19.2
107013,LA_UNION,2016,02,14,0.0,34.8,20.4
107013,LA_UNION,2016,02,15,6.6,31.2,21.0
107013,LA_UNION,2016,02,16,25.8,32.8,21.2
107013,LA_UNION,2016,02,17,5.8,30.2,20.0
107013,LA_UNION,2016,02,18,0.0,34.4,21.4
107013,LA_UNION,2016,02,19,0.0,35.4,21.6
107013,LA_UNION,2016,02,20,12.6,33.6,21.8
107013,LA_UNION,2016,02,21,0.0,31.6,21.6
107013,LA_UNION,2016,02,22,9.4,31.6,21.4
107013,LA_UNION,2016,02,23,0.0,30.4,20.8
107013,LA_UNION,2016,02,24,0.0,33.6,21.6
107013,LA_UNION,2016,02,25,0.0,34.4,21.0
107013,LA_UNION,2016,02,26,0.0,35.6,21.4
107013,LA_UNION,2016,02,27,0.0,35.4,21.8
107013,LA_UNION,2016,02,28,2.4,27.8,21.6
107013,LA_UNION,2016,02,29,0.0,33.4,21.2
107013,LA_UNION,2016,03,01,0.0,35.8,21.8
107013,LA_UNION,2016,03,02,0.0,35.6,21.4
107013,LA_UNION,2016,03,03,0.0,31.4,21.4
107013,LA_UNION,2016,03,04,0.0,34.8,21.8
107013,LA_UNION,2016,03,05,0.0,32.6,21.6
107013,LA_UNION,2016,03,06,18.6,33.6,21.4
107013,LA_UNION,2016,03,07,22.2,27.8,20.2
107013,LA_UNION,2016,03,08,0.0,33.8,19.6
107013,LA_UNION,2016,03,09,0.0,36.2,20.6
107013,LA_UNION,2016,03,10,0.0,34.8,20.6
107013,LA_UNION,2016,03,11,18.6,26.8,20.4
107013,LA_UNION,2016,03,12,6.4,30.4,19.2
107013,LA_UNION,2016,03,13,6.8,30.6,20.0
107013,LA_UNION,2016,03,14,38.8,32.8,20.2
107013,LA_UNION,2016,03,15,0.0,30.4,20.4
107013,LA_UNION,2016,03,16,0.0,33.6,19.2
107013,LA_UNION,2016,03,17,0.0,29.8,19.2
107013,LA_UNION,2016,03,18,0.0,33.4,19.6
107013,LA_UNION,2016,03,19,0.0,33.6,21.2
107013,LA_UNION,2016,03,20,8.8,27.8,20.6
107013,LA_UNION,2016,03,21,0.0,-999,21.8
107013,LA_UNION,2016,03,22,20.4,33.4,20.8
107013,LA_UNION,2016,03,23,0.0,33.8,20.6
107013,LA_UNION,2016,03,24,0.0,35.6,19.8
107013,LA_UNION,2016,03,25,0.0,35.8,20.4
107013,LA_UNION,2016,03,26,5.8,28.8,20.4
107013,LA_UNION,2016,03,27,2.4,33.2,20.2
107013,LA_UNION,2016,03,28,0.0,35.4,21.4
107013,LA_UNION,2016,03,29,0.0,34.8,21.6
107013,LA_UNION,2016,03,30,45.6,28.6,19.4
107013,LA_UNION,2016,03,31,0.0,32.4,18.8
107013,LA_UNION,2016,04,01,5.8,30.6,19.4
107013,LA_UNION,2016,04,02,0.0,-999,19.6
107013,LA_UNION,2016,04,03,0.0,34.8,20.8
107013,LA_UNION,2016,04,04,0.0,34.6,21.4
107013,LA_UNION,2016,04,05,16.8,30.8,21.6
107013,LA_UNION,2016,04,06,0.0,34.6,20.2
107013,LA_UNION,2016,04,07,0.0,35.2,20.0
107013,LA_UNION,2016,04,08,0.0,34.4,21.4
107013,LA_UNION,2016,04,09,18.8,33.8,21.6
107013,LA_UNION,2016,04,10,0.0,34.2,18.8
107013,LA_UNION,2016,04,11,0.0,35.4,19.6
107013,LA_UNION,2016,04,12,0.0,30.6,20.4
107013,LA_UNION,2016,04,13,0.0,35.2,20.8
107013,LA_UNION,2016,04,14,0.0,35.8,19.8
107013,LA_UNION,2016,04,15,4.6,32.6,20.4
107013,LA_UNION,2016,04,16,6.6,28.8,19.6
107013,LA_UNION,2016,04,17,0.0,33.4,20.6
107013,LA_UNION,2016,04,18,0.0,31.6,20.4
107013,LA_UNION,2016,04,19,0.0,34.6,19.8
107013,LA_UNION,2016,04,20,19.4,34.2,19.4
107013,LA_UNION,2016,04,21,0.0,34.2,20.2
107013,LA_UNION,2016,04,22,0.0,33.8,20.4
107013,LA_UNION,2016,04,23,0.0,35.2,21.6
107013,LA_UNION,2016,04,24,0.0,35.6,20.0
107013,LA_UNION,2016,04,25,0.0,36.6,21.4
107013,LA_UNION,2016,04,26,0.0,35.4,22.2
107013,LA_UNION,2016,04,27,4.6,35.8,19.8
107013,LA_UNION,2016,04,28,0.0,27.6,15.6
107013,LA_UNION,2016,04,29,2.4,31.6,15.4
107013,LA_UNION,2016,04,30,0.0,30.0,17.6
107013,LA_UNION,2016,05,01,0.0,31.4,20.8
107013,LA_UNION,2016,05,02,0.0,30.6,18.8
107013,LA_UNION,2016,05,03,0.0,34.8,17.8
107013,LA_UNION,2016,05,04,0.0,36.8,18.6
107013,LA_UNION,2016,05,05,4.8,35.6,19.8
107013,LA_UNION,2016,05,06,0.0,35.6,18.4
107013,LA_UNION,2016,05,07,0.0,35.8,19.4
107013,LA_UNION,2016,05,08,0.0,36.2,18.8
107013,LA_UNION,2016,05,09,0.0,32.6,18.6
107013,LA_UNION,2016,05,10,0.0,35.8,18.4
107013,LA_UNION,2016,05,11,0.0,36.4,19.8
107013,LA_UNION,2016,05,12,0.0,30.6,18.2
107013,LA_UNION,2016,05,13,0.0,31.8,19.0
107013,LA_UNION,2016,05,14,14.8,27.6,19.2
107013,LA_UNION,2016,05,15,0.0,32.8,19.8
107013,LA_UNION,2016,05,16,0.0,32.8,21.4
107013,LA_UNION,2016,05,17,0.0,35.4,19.4
107013,LA_UNION,2016,05,18,0.0,35.6,19.6
107013,LA_UNION,2016,05,19,0.0,35.2,20.0
107013,LA_UNION,2016,05,20,0.0,35.4,20.0
107013,LA_UNION,2016,05,21,28.6,32.8,20.2
107013,LA_UNION,2016,05,22,0.0,32.4,19.8
107013,LA_UNION,2016,05,23,25.0,27.8,20.4
107013,LA_UNION,2016,05,24,6.8,28.4,19.2
107013,LA_UNION,2016,05,25,0.0,31.6,18.4
107013,LA_UNION,2016,05,26,0.0,34.6,20.8
107013,LA_UNION,2016,05,27,0.0,35.8,20.6
107013,LA_UNION,2016,05,28,0.0,36.4,21.0
107013,LA_UNION,2016,05,29,0.0,35.4,19.8
107013,LA_UNION,2016,05,30,0.0,33.8,17.6
107013,LA_UNION,2016,05,31,0.0,34.4,19.6
107013,LA_UNION,2016,07,01,0.0,35.8,15.4
107013,LA_UNION,2016,07,02,0.0,35.4,15.6
107013,LA_UNION,2016,07,03,0.0,-999,16.6
107013,LA_UNION,2016,07,04,0.0,33.6,15.2
107013,LA_UNION,2016,07,05,0.0,35.0,15.4
107013,LA_UNION,2016,07,06,5.4,32.8,16.6
107013,LA_UNION,2016,07,07,0.0,31.8,18.8
107013,LA_UNION,2016,07,08,0.0,30.4,17.6
107013,LA_UNION,2016,07,09,0.0,34.8,19.2
107013,LA_UNION,2016,07,10,0.0,35.4,19.8
107013,LA_UNION,2016,07,11,0.0,34.8,19.2
107013,LA_UNION,2016,07,12,0.0,34.8,19.6
107013,LA_UNION,2016,07,13,0.0,35.8,17.4
107013,LA_UNION,2016,07,14,0.0,32.8,18.6
107013,LA_UNION,2016,07,15,0.0,35.2,17.8
107013,LA_UNION,2016,07,16,0.0,35.8,18.6
107013,LA_UNION,2016,07,17,2.4,32.6,17.8
107013,LA_UNION,2016,07,18,0.0,29.8,17.4
107013,LA_UNION,2016,07,19,0.0,33.2,16.8
107013,LA_UNION,2016,07,20,0.0,34.6,17.8
107013,LA_UNION,2016,07,21,0.0,35.6,18.6
107013,LA_UNION,2016,07,22,0.0,36.2,18.2
107013,LA_UNION,2016,07,23,0.0,36.0,18.4
107013,LA_UNION,2016,07,24,0.0,35.6,18.2
107013,LA_UNION,2016,07,25,0.0,35.6,18.6
107013,LA_UNION,2016,07,26,0.0,35.4,18.8
107013,LA_UNION,2016,07,27,6.6,34.4,18.4
107013,LA_UNION,2016,07,28,4.8,31.2,17.4
107013,LA_UNION,2016,07,29,2.4,27.8,17.4
107013,LA_UNION,2016,07,30,0.0,31.4,17.8
107013,LA_UNION,2016,07,31,0.0,34.4,18.4
107013,LA_UNION,2016,08,01,0.0,34.8,18.6
107013,LA_UNION,2016,08,02,5.8,28.8,17.8
107013,LA_UNION,2016,08,03,0.0,33.6,17.4
107013,LA_UNION,2016,08,04,0.0,33.4,17.6
107013,LA_UNION,2016,08,05,0.0,36.4,16.6
107013,LA_UNION,2016,08,06,0.0,36.8,16.4
107013,LA_UNION,2016,08,07,0.0,33.8,18.2
107013,LA_UNION,2016,08,08,0.0,36.8,18.8
107013,LA_UNION,2016,08,09,0.0,37.8,17.4
107013,LA_UNION,2016,08,10,12.4,35.2,18.6
107013,LA_UNION,2016,08,11,0.0,27.6,17.8
107013,LA_UNION,2016,08,12,0.0,35.8,18.2
107013,LA_UNION,2016,08,13,0.0,37.4,17.8
107013,LA_UNION,2016,08,14,0.0,37.6,18.8
107013,LA_UNION,2016,08,15,0.0,36.8,16.4
107013,LA_UNION,2016,08,16,0.0,37.4,17.8
107013,LA_UNION,2016,08,17,0.0,35.6,18.4
107013,LA_UNION,2016,08,18,0.0,35.6,18.4
107013,LA_UNION,2016,08,19,0.0,37.2,17.6
107013,LA_UNION,2016,08,20,2.2,36.8,18.4
107013,LA_UNION,2016,08,21,9.4,34.8,18.6
107013,LA_UNION,2016,08,22,4.4,30.4,18.4
107013,LA_UNION,2016,08,23,0.0,33.8,16.2
107013,LA_UNION,2016,08,24,0.0,34.8,17.6
107013,LA_UNION,2016,08,25,0.0,37.2,17.4
107013,LA_UNION,2016,08,26,0.0,37.0,18.6
107013,LA_UNION,2016,08,27,0.0,37.8,18.4
107013,LA_UNION,2016,08,28,0.0,38.8,17.8
107013,LA_UNION,2016,08,29,0.0,38.4,18.0
107013,LA_UNION,2016,08,30,0.0,37.2,19.2
107013,LA_UNION,2016,08,31,0.0,34.6,18.6
107013,LA_UNION,2016,09,01,0.0,34.4,18.4
107013,LA_UNION,2016,09,02,0.0,34.8,19.6
107013,LA_UNION,2016,09,03,0.0,35.4,18.8
107013,LA_UNION,2016,09,04,2.6,36.6,20.2
107013,LA_UNION,2016,09,05,0.0,32.4,19.6
107013,LA_UNION,2016,09,06,0.0,35.6,19.8
107013,LA_UNION,2016,09,07,0.0,35.8,18.6
107013,LA_UNION,2016,09,08,0.0,37.6,21.6
107013,LA_UNION,2016,09,09,10.8,37.6,21.8
107013,LA_UNION,2016,09,10,0.0,37.4,21.0
107013,LA_UNION,2016,09,11,0.0,35.8,21.8
107013,LA_UNION,2016,09,12,0.0,38.8,19.2
107013,LA_UNION,2016,09,13,0.0,37.6,20.8
107013,LA_UNION,2016,09,14,19.8,35.8,21.6
107013,LA_UNION,2016,09,15,0.0,35.6,19.2
107013,LA_UNION,2016,09,16,0.0,34.0,19.8
107013,LA_UNION,2016,09,17,21.4,35.4,20.8
107013,LA_UNION,2016,09,18,0.0,34.4,20.0
107013,LA_UNION,2016,09,19,7.0,31.8,19.8
107013,LA_UNION,2016,09,20,0.0,26.4,19.6
107013,LA_UNION,2016,09,21,0.0,33.6,19.8
107013,LA_UNION,2016,09,22,0.0,34.6,20.4
107013,LA_UNION,2016,09,23,7.6,32.4,20.2
107013,LA_UNION,2016,09,24,2.6,31.6,18.8
107013,LA_UNION,2016,09,25,2.2,31.2,18.2
107013,LA_UNION,2016,09,26,0.0,36.4,20.4
107013,LA_UNION,2016,09,27,4.6,36.8,21.0
107013,LA_UNION,2016,09,28,2.2,31.4,20.2
107013,LA_UNION,2016,09,29,0.0,36.8,21.4
107013,LA_UNION,2016,09,30,0.0,37.0,20.4
107013,LA_UNION,2016,10,01,18.4,38.2,19.8
107013,LA_UNION,2016,10,02,0.0,30.4,19.6
107013,LA_UNION,2016,10,03,0.0,32.4,20.2
107013,LA_UNION,2016,10,04,0.0,33.4,21.4
107013,LA_UNION,2016,10,05,0.0,34.6,19.8
107013,LA_UNION,2016,10,06,3.6,37.6,18.8
107013,LA_UNION,2016,10,07,18.6,34.8,20.4
107013,LA_UNION,2016,10,08,45.8,32.6,18.8
107013,LA_UNION,2016,10,09,17.8,33.8,21.4
107013,LA_UNION,2016,10,10,0.0,30.6,20.0
107013,LA_UNION,2016,10,11,30.8,32.6,19.0
107013,LA_UNION,2016,10,12,0.0,32.4,19.8
107013,LA_UNION,2016,10,13,4.8,33.2,19.4
107013,LA_UNION,2016,10,14,-999,34.4,21.2
107013,LA_UNION,2016,10,15,-999,-999,-999
107013,LA_UNION,2016,10,16,-999,-999,-999
107013,LA_UNION,2016,10,17,-999,-999,-999
107013,LA_UNION,2016,10,18,-999,-999,-999
107013,LA_UNION,2016,10,19,-999,-999,-999
107013,LA_UNION,2016,10,20,-999,-999,-999
107013,LA_UNION,2016,10,21,-999,-999,-999
107013,LA_UNION,2016,10,22,-999,-999,-999
107013,LA_UNION,2016,10,23,-999,-999,-999
107013,LA_UNION,2016,10,24,-999,-999,-999
107013,LA_UNION,2016,10,25,-999,-999,-999
107013,LA_UNION,2016,10,26,-999,-999,-999
107013,LA_UNION,2016,10,27,-999,-999,-999
107013,LA_UNION,2016,10,28,-999,-999,-999
107013,LA_UNION,2016,10,29,-999,-999,-999
107013,LA_UNION,2016,10,30,-999,-999,-999
107013,LA_UNION,2016,10,31,-999,-999,-999
107013,LA_UNION,2016,11,01,-999,-999,-999
107013,LA_UNION,2016,11,02,-999,-999,-999
107013,LA_UNION,2016,11,03,-999,-999,-999
107013,LA_UNION,2016,11,04,-999,-999,-999
107013,LA_UNION,2016,11,05,-999,-999,-999
107013,LA_UNION,2016,11,06,-999,-999,-999
107013,LA_UNION,2016,11,07,-999,-999,-999
107013,LA_UNION,2016,11,08,-999,-999,-999
107013,LA_UNION,2016,11,09,0.0,37.0,21.2
107013,LA_UNION,2016,11,10,0.0,37.2,22.2
107013,LA_UNION,2016,11,11,0.0,35.4,23.2
107013,LA_UNION,2016,11,12,0.0,37.8,23.4
107013,LA_UNION,2016,11,13,0.0,37.2,24.6
107013,LA_UNION,2016,11,14,0.0,37.6,23.0
107013,LA_UNION,2016,11,15,0.0,38.0,22.8
107013,LA_UNION,2016,11,16,0.0,38.2,22.2
107013,LA_UNION,2016,11,17,0.0,39.0,22.4
107013,LA_UNION,2016,11,18,0.0,34.2,22.6
107013,LA_UNION,2016,11,19,0.0,36.6,22.4
107013,LA_UNION,2016,11,20,0.0,35.8,21.8
107013,LA_UNION,2016,11,21,0.0,35.2,21.2
107013,LA_UNION,2016,11,22,0.0,37.0,22.2
107013,LA_UNION,2016,11,23,0.0,38.4,22.8
107013,LA_UNION,2016,11,24,0.0,38.8,23.2
107013,LA_UNION,2016,11,25,0.0,36.4,23.0
107013,LA_UNION,2016,11,26,0.0,36.8,21.4
107013,LA_UNION,2016,11,27,0.0,36.4,21.6
107013,LA_UNION,2016,11,28,0.0,36.8,22.8
107013,LA_UNION,2016,11,29,0.0,37.2,24.2
107013,LA_UNION,2016,11,30,0.0,33.2,23.8
107013,LA_UNION,2016,12,01,0.0,34.2,22.6
107013,LA_UNION,2016,12,02,12.5,31.8,20.2
107013,LA_UNION,2016,12,03,0.0,36.2,22.8
107013,LA_UNION,2016,12,04,0.0,35.8,19.8
107013,LA_UNION,2016,12,05,0.0,38.4,22.8
107013,LA_UNION,2016,12,06,0.0,38.0,23.0
107013,LA_UNION,2016,12,07,0.0,33.8,22.8
107013,LA_UNION,2016,12,08,0.0,33.4,22.6
107013,LA_UNION,2016,12,09,0.0,36.0,19.8
107013,LA_UNION,2016,12,10,0.0,35.2,22.2
107013,LA_UNION,2016,12,11,0.0,35.8,21.8
107013,LA_UNION,2016,12,12,0.0,35.6,20.8
107013,LA_UNION,2016,12,13,0.0,36.6,20.2
107013,LA_UNION,2016,12,14,0.0,38.2,23.2
107013,LA_UNION,2016,12,15,10.8,32.0,22.6
107013,LA_UNION,2016,12,16,0.0,34.4,19.2
107013,LA_UNION,2016,12,17,0.0,36.6,21.4
107013,LA_UNION,2016,12,18,4.3,37.2,22.8
107013,LA_UNION,2016,12,19,0.0,37.8,22.0
107013,LA_UNION,2016,12,20,0.0,35.0,20.4
107013,LA_UNION,2016,12,21,0.0,36.4,19.8
107013,LA_UNION,2016,12,22,2.8,37.2,22.6
107013,LA_UNION,2016,12,23,0.0,36.6,20.2
107013,LA_UNION,2016,12,24,0.0,36.8,21.4
107013,LA_UNION,2016,12,25,0.0,38.0,23.4
107013,LA_UNION,2016,12,26,0.0,39.6,22.8
107013,LA_UNION,2016,12,27,0.0,34.2,20.6
107013,LA_UNION,2016,12,28,0.0,33.4,19.8
107013,LA_UNION,2016,12,29,0.0,34.6,19.0
107013,LA_UNION,2016,12,30,0.0,36.8,18.0
107013,LA_UNION,2016,12,31,9.5,34.0,20.8
107013,LA_UNION,2017,02,01,-999,-999,-999
107013,LA_UNION,2017,02,02,-999,-999,-999
107013,LA_UNION,2017,02,03,-999,-999,-999
107013,LA_UNION,2017,02,04,-999,-999,-999
107013,LA_UNION,2017,02,05,-999,-999,-999
107013,LA_UNION,2017,02,06,-999,-999,-999
107013,LA_UNION,2017,02,07,-999,-999,-999
107013,LA_UNION,2017,02,08,-999,-999,-999
107013,LA_UNION,2017,02,09,-999,-999,-999
107013,LA_UNION,2017,02,10,-999,-999,-999
107013,LA_UNION,2017,02,11,-999,-999,-999
107013,LA_UNION,2017,02,12,-999,-999,-999
107013,LA_UNION,2017,02,13,-999,-999,-999
107013,LA_UNION,2017,02,14,-999,-999,-999
107013,LA_UNION,2017,02,15,0.0,32.4,19.0
107013,LA_UNION,2017,02,16,0.0,34.6,18.6
107013,LA_UNION,2017,02,17,0.0,29.6,17.6
107013,LA_UNION,2017,02,18,0.0,29.4,17.2
107013,LA_UNION,2017,02,19,0.0,33.4,19.2
107013,LA_UNION,2017,02,20,1.8,35.6,21.4
107013,LA_UNION,2017,02,21,11.2,35.6,19.8
107013,LA_UNION,2017,02,22,28.0,27.2,20.4
107013,LA_UNION,2017,02,23,0.2,31.2,19.6
107013,LA_UNION,2017,02,24,0.0,32.2,18.8
107013,LA_UNION,2017,02,25,6.5,33.2,19.8
107013,LA_UNION,2017,02,26,0.6,28.8,18.2
107013,LA_UNION,2017,02,27,0.0,35.0,19.2
107013,LA_UNION,2017,02,28,0.0,34.4,19.2
107013,LA_UNION,2017,03,01,0.0,35.8,-999
107013,LA_UNION,2017,03,02,0.0,35.8,-999
107013,LA_UNION,2017,03,03,0.0,31.6,-999
107013,LA_UNION,2017,03,04,0.0,32.2,19.2
107013,LA_UNION,2017,03,05,0.0,34.6,19.2
107013,LA_UNION,2017,03,06,0.0,38.2,20.4
107013,LA_UNION,2017,03,07,0.0,35.0,19.6
107013,LA_UNION,2017,03,08,0.0,33.2,20.2
107013,LA_UNION,2017,03,09,0.0,33.4,21.2
107013,LA_UNION,2017,03,10,0.0,35.2,-999
107013,LA_UNION,2017,03,11,5.8,33.4,-999
107013,LA_UNION,2017,03,12,0.0,33.2,-999
107013,LA_UNION,2017,03,13,2.2,33.2,20.2
107013,LA_UNION,2017,03,14,7.9,29.8,21.0
107013,LA_UNION,2017,03,15,0.0,32.6,19.4
107013,LA_UNION,2017,03,16,0.0,35.6,19.6
107013,LA_UNION,2017,03,17,11.0,33.6,19.4
107013,LA_UNION,2017,03,18,0.0,30.1,19.2
107013,LA_UNION,2017,03,19,0.0,30.6,19.6
107013,LA_UNION,2017,03,20,0.0,34.2,17.8
107013,LA_UNION,2017,03,21,0.0,34.0,18.6
107013,LA_UNION,2017,03,22,2.5,29.4,19.8
107013,LA_UNION,2017,03,23,0.0,34.0,19.2
107013,LA_UNION,2017,03,24,32.9,33.6,19.8
107013,LA_UNION,2017,03,25,0.0,31.2,18.6
107013,LA_UNION,2017,03,26,0.0,28.8,19.0
107013,LA_UNION,2017,03,27,1.2,32.6,18.4
107013,LA_UNION,2017,03,28,0.0,33.2,18.4
107013,LA_UNION,2017,03,29,0.0,33.6,22.0
107013,LA_UNION,2017,03,30,0.0,33.4,22.4
107013,LA_UNION,2017,03,31,1.1,33.6,21.4
107013,LA_UNION,2017,04,01,0.0,32.6,22.4
107013,LA_UNION,2017,04,02,0.0,34.0,22.2
107013,LA_UNION,2017,04,03,0.0,36.0,21.4
107013,LA_UNION,2017,04,04,0.0,36.2,21.4
107013,LA_UNION,2017,04,05,0.0,35.2,21.2
107013,LA_UNION,2017,04,06,0.0,29.8,23.4
107013,LA_UNION,2017,04,07,0.0,34.8,20.8
107013,LA_UNION,2017,04,08,0.0,36.2,21.0
107013,LA_UNION,2017,04,09,0.0,-999,21.2
107013,LA_UNION,2017,04,10,0.0,34.8,22.2
107013,LA_UNION,2017,04,11,23.6,33.2,23.2
107013,LA_UNION,2017,04,12,2.8,31.6,22.4
107013,LA_UNION,2017,04,13,0.0,32.8,23.2
107013,LA_UNION,2017,04,14,0.0,35.2,23.8
107013,LA_UNION,2017,04,15,0.0,34.2,21.9
107013,LA_UNION,2017,04,16,0.0,33.2,21.2
107013,LA_UNION,2017,04,17,0.0,33.8,20.4
107013,LA_UNION,2017,04,18,0.0,32.8,20.4
107013,LA_UNION,2017,04,19,1.1,33.8,22.6
107013,LA_UNION,2017,04,20,0.0,32.6,22.0
107013,LA_UNION,2017,04,21,0.0,35.0,23.2
107013,LA_UNION,2017,04,22,0.0,34.6,22.4
107013,LA_UNION,2017,04,23,0.7,28.0,22.6
107013,LA_UNION,2017,04,24,0.0,34.0,22.6
107013,LA_UNION,2017,04,25,0.0,35.6,21.6
107013,LA_UNION,2017,04,26,0.0,28.2,24.2
107013,LA_UNION,2017,04,27,0.0,32.2,22.0
107013,LA_UNION,2017,04,28,6.8,28.8,22.4
107013,LA_UNION,2017,04,29,0.0,31.0,21.8
107013,LA_UNION,2017,04,30,0.9,32.2,22.0
107013,LA_UNION,2017,05,01,0.0,34.0,21.2
107013,LA_UNION,2017,05,02,0.0,35.0,20.6
107013,LA_UNION,2017,05,03,0.0,33.2,20.8
107013,LA_UNION,2017,05,04,0.0,31.8,22.0
107013,LA_UNION,2017,05,05,9.7,34.2,21.4
107013,LA_UNION,2017,05,06,36.5,28.2,23.0
107013,LA_UNION,2017,05,07,0.0,33.0,23.4
107013,LA_UNION,2017,05,08,0.0,33.4,22.4
107013,LA_UNION,2017,05,09,8.4,33.2,22.8
107013,LA_UNION,2017,05,10,8.6,32.6,23.4
107013,LA_UNION,2017,05,11,7.8,-999,22.4
107013,LA_UNION,2017,05,12,0.0,32.6,21.8
107013,LA_UNION,2017,05,13,0.0,32.6,23.2
107013,LA_UNION,2017,05,14,0.0,29.2,22.2
107013,LA_UNION,2017,05,15,0.0,33.4,22.2
107013,LA_UNION,2017,05,16,0.0,34.4,22.0
107013,LA_UNION,2017,05,17,0.0,34.2,23.4
107013,LA_UNION,2017,05,18,0.0,34.0,22.0
107013,LA_UNION,2017,05,19,0.0,33.4,23.2
107013,LA_UNION,2017,05,20,0.0,34.0,21.2
107013,LA_UNION,2017,05,21,0.0,33.8,20.8
107013,LA_UNION,2017,05,22,0.0,32.6,21.0
107013,LA_UNION,2017,05,23,0.0,33.6,21.2
107013,LA_UNION,2017,05,24,0.0,31.0,21.8
107013,LA_UNION,2017,05,25,29.2,34.0,22.6
107013,LA_UNION,2017,05,26,0.0,30.8,22.0
107013,LA_UNION,2017,05,27,2.3,31.8,22.8
107013,LA_UNION,2017,05,28,1.7,31.2,22.6
107013,LA_UNION,2017,05,29,0.0,33.4,21.8
107013,LA_UNION,2017,05,30,0.0,32.8,20.8
107013,LA_UNION,2017,05,31,0.0,33.8,21.4
107013,LA_UNION,2017,06,01,0.0,32.8,22.0
107013,LA_UNION,2017,06,02,0.0,32.4,23.0
107013,LA_UNION,2017,06,03,0.0,29.2,20.2
107013,LA_UNION,2017,06,04,0.0,32.2,21.4
107013,LA_UNION,2017,06,05,0.0,32.8,22.8
107013,LA_UNION,2017,06,06,0.0,32.8,21.4
107013,LA_UNION,2017,06,07,0.0,33.0,21.6
107013,LA_UNION,2017,06,08,3.0,35.6,22.2
107013,LA_UNION,2017,06,09,0.0,32.2,22.2
107013,LA_UNION,2017,06,10,6.8,32.8,22.4
107013,LA_UNION,2017,06,11,0.0,32.6,21.8
107013,LA_UNION,2017,06,12,0.0,32.2,23.4
107013,LA_UNION,2017,06,13,23.1,32.8,22.8
107013,LA_UNION,2017,06,14,0.0,31.2,22.8
107013,LA_UNION,2017,06,15,0.0,34.6,21.4
107013,LA_UNION,2017,06,16,0.0,34.2,21.2
107013,LA_UNION,2017,06,17,0.0,34.4,20.8
107013,LA_UNION,2017,06,18,0.0,33.8,20.0
107013,LA_UNION,2017,06,19,0.0,34.2,20.2
107013,LA_UNION,2017,06,20,8.2,31.4,22.8
107013,LA_UNION,2017,06,21,0.0,28.4,21.2
107013,LA_UNION,2017,06,22,0.0,31.4,19.8
107013,LA_UNION,2017,06,23,0.0,32.0,18.2
107013,LA_UNION,2017,06,24,0.0,33.2,19.0
107013,LA_UNION,2017,06,25,0.0,34.2,18.8
107013,LA_UNION,2017,06,26,0.0,34.2,19.4
107013,LA_UNION,2017,06,27,0.0,34.4,20.2
107013,LA_UNION,2017,06,28,0.0,32.2,21.4
107013,LA_UNION,2017,06,29,0.0,33.2,21.2
107013,LA_UNION,2017,06,30,13.0,33.4,21.8
107013,LA_UNION,2017,07,01,26.0,29.4,21.2
107013,LA_UNION,2017,07,02,0.3,30.2,21.0
107013,LA_UNION,2017,07,03,0.0,31.2,21.0
107013,LA_UNION,2017,07,04,0.0,29.4,19.2
107013,LA_UNION,2017,07,05,0.0,31.2,21.2
107013,LA_UNION,2017,07,06,0.0,30.2,19.4
107013,LA_UNION,2017,07,07,0.0,29.6,-999
107013,LA_UNION,2017,07,08,0.0,31.4,20.0
107013,LA_UNION,2017,07,09,0.0,33.2,21.0
107013,LA_UNION,2017,07,10,0.0,33.8,21.2
107013,LA_UNION,2017,07,11,17.7,32.2,20.0
107013,LA_UNION,2017,07,12,0.0,32.8,19.0
107013,LA_UNION,2017,07,13,0.0,33.2,20.0
107013,LA_UNION,2017,07,14,0.0,33.8,19.2
107013,LA_UNION,2017,07,15,0.0,33.6,20.0
107013,LA_UNION,2017,07,16,0.0,32.6,19.2
107013,LA_UNION,2017,07,17,11.5,34.0,19.0
107013,LA_UNION,2017,07,18,4.2,27.6,-999
107013,LA_UNION,2017,07,19,0.0,28.0,17.8
107013,LA_UNION,2017,07,20,0.0,30.2,17.4
107013,LA_UNION,2017,07,21,0.0,31.4,17.2
107013,LA_UNION,2017,07,22,0.0,32.6,18.2
107013,LA_UNION,2017,07,23,0.0,33.8,17.2
107013,LA_UNION,2017,07,24,0.0,34.4,19.6
107013,LA_UNION,2017,07,25,0.0,33.4,20.0
107013,LA_UNION,2017,07,26,0.0,33.6,20.8
107013,LA_UNION,2017,07,27,0.0,33.8,20.0
107013,LA_UNION,2017,07,28,0.0,35.0,19.6
107013,LA_UNION,2017,07,29,0.0,34.8,20.0
107013,LA_UNION,2017,07,30,20.0,33.0,21.4
107013,LA_UNION,2017,07,31,0.0,32.2,20.6
107013,LA_UNION,2017,08,01,0.0,33.8,20.0
107013,LA_UNION,2017,08,02,0.0,34.6,19.0
107013,LA_UNION,2017,08,03,0.0,35.6,20.2
107013,LA_UNION,2017,08,04,0.0,34.2,21.6
107013,LA_UNION,2017,08,05,0.0,34.4,21.8
107013,LA_UNION,2017,08,06,0.0,35.2,20.8
107013,LA_UNION,2017,08,07,0.0,35.2,19.6
107013,LA_UNION,2017,08,08,0.0,36.2,20.0
107013,LA_UNION,2017,08,09,0.0,35.2,18.4
107013,LA_UNION,2017,08,10,0.0,35.4,20.0
107013,LA_UNION,2017,08,11,15.9,34.6,20.4
107013,LA_UNION,2017,08,12,0.0,36.4,21.2
107013,LA_UNION,2017,08,13,0.0,35.2,21.6
107013,LA_UNION,2017,08,14,0.0,35.6,20.4
107013,LA_UNION,2017,08,15,0.0,37.8,21.2
107013,LA_UNION,2017,08,16,0.0,36.2,20.6
107013,LA_UNION,2017,08,17,0.0,37.6,22.8
107013,LA_UNION,2017,08,18,0.0,33.2,22.8
107013,LA_UNION,2017,08,19,0.0,34.8,22.6
107013,LA_UNION,2017,08,20,20.7,36.2,23.6
107013,LA_UNION,2017,08,21,20.6,30.8,22.4
107013,LA_UNION,2017,08,22,1.3,27.2,21.8
107013,LA_UNION,2017,08,23,0.0,31.8,21.0
107013,LA_UNION,2017,08,24,0.0,34.6,20.4
107013,LA_UNION,2017,08,25,0.0,36.4,21.2
107013,LA_UNION,2017,08,26,0.0,36.6,22.4
107013,LA_UNION,2017,08,27,0.0,36.2,20.2
107013,LA_UNION,2017,08,28,4.6,29.2,21.6
107013,LA_UNION,2017,08,29,0.0,32.0,21.2
107013,LA_UNION,2017,08,30,0.0,35.0,20.8
107013,LA_UNION,2017,08,31,0.0,31.2,19.8
107013,LA_UNION,2017,09,01,0.0,35.0,21.0
107013,LA_UNION,2017,09,02,0.0,34.8,23.2
107013,LA_UNION,2017,09,03,14.2,33.8,20.2
107013,LA_UNION,2017,09,04,0.0,34.6,21.0
107013,LA_UNION,2017,09,05,1.5,32.6,20.4
107013,LA_UNION,2017,09,06,22.1,33.2,22.0
107013,LA_UNION,2017,09,07,0.0,34.8,20.2
107013,LA_UNION,2017,09,08,0.0,35.2,21.2
107013,LA_UNION,2017,09,09,0.0,30.6,21.8
107013,LA_UNION,2017,09,10,0.0,33.8,21.4
107013,LA_UNION,2017,09,11,0.0,35.6,20.4
107013,LA_UNION,2017,09,12,0.0,35.8,23.4
107013,LA_UNION,2017,09,13,0.0,34.8,21.2
107013,LA_UNION,2017,09,14,9.2,34.0,20.6
107013,LA_UNION,2017,09,15,13.4,32.8,22.0
107013,LA_UNION,2017,09,16,35.0,27.8,23.0
107013,LA_UNION,2017,09,17,5.2,27.8,22.2
107013,LA_UNION,2017,09,18,0.0,31.0,22.2
107013,LA_UNION,2017,09,19,0.0,33.2,21.2
107013,LA_UNION,2017,09,20,0.0,33.8,21.6
107013,LA_UNION,2017,09,21,0.0,34.8,21.0
107013,LA_UNION,2017,09,22,2.2,34.6,21.2
107013,LA_UNION,2017,09,23,0.9,27.6,20.8
107013,LA_UNION,2017,09,24,9.0,32.4,23.0
107013,LA_UNION,2017,09,25,0.0,30.8,22.4
107013,LA_UNION,2017,09,26,0.0,33.4,22.0
107013,LA_UNION,2017,09,27,73.9,36.6,21.0
107013,LA_UNION,2017,09,28,0.0,32.2,22.0
107013,LA_UNION,2017,09,29,17.9,33.8,23.6
107013,LA_UNION,2017,09,30,0.0,32.2,23.0
107013,LA_UNION,2017,10,01,0.0,35.6,21.2
107013,LA_UNION,2017,10,02,0.0,36.6,22.2
107013,LA_UNION,2017,10,03,0.0,37.4,22.2
107013,LA_UNION,2017,10,04,1.5,29.4,22.8
107013,LA_UNION,2017,10,05,0.0,34.8,21.0
107013,LA_UNION,2017,10,06,8.0,35.4,-999
107013,LA_UNION,2017,10,07,0.0,31.6,20.4
107013,LA_UNION,2017,10,08,0.0,35.0,22.4
107013,LA_UNION,2017,10,09,0.0,36.8,21.8
107013,LA_UNION,2017,10,10,0.0,36.2,22.4
107013,LA_UNION,2017,10,11,0.0,35.4,21.2
107013,LA_UNION,2017,10,12,0.0,34.6,20.8
107013,LA_UNION,2017,10,13,0.0,35.6,21.2
107013,LA_UNION,2017,10,14,6.4,36.0,22.0
107013,LA_UNION,2017,10,15,14.5,27.6,23.0
107013,LA_UNION,2017,10,16,0.0,28.0,22.6
107013,LA_UNION,2017,10,17,0.0,34.6,22.0
107013,LA_UNION,2017,10,18,0.0,36.4,21.8
107013,LA_UNION,2017,10,19,0.0,36.6,21.6
107013,LA_UNION,2017,10,20,2.8,33.8,22.0
107013,LA_UNION,2017,10,21,0.0,34.2,22.8
107013,LA_UNION,2017,10,22,16.1,30.4,-999
107013,LA_UNION,2017,10,23,0.0,31.0,22.6
107013,LA_UNION,2017,10,24,0.0,34.2,22.0
107013,LA_UNION,2017,10,25,8.5,34.0,23.0
107013,LA_UNION,2017,10,26,0.0,33.8,23.6
107013,LA_UNION,2017,10,27,0.0,34.0,22.4
107013,LA_UNION,2017,10,28,0.0,33.2,22.8
107013,LA_UNION,2017,10,29,2.3,35.4,23.2
107013,LA_UNION,2017,10,30,0.0,34.2,22.0
107013,LA_UNION,2017,10,31,0.0,36.0,23.0
107013,LA_UNION,2017,11,01,12.2,37.0,24.6
107013,LA_UNION,2017,11,02,0.0,32.8,22.4
107013,LA_UNION,2017,11,03,42.0,35.0,23.0
107013,LA_UNION,2017,11,04,16.0,27.4,-999
107013,LA_UNION,2017,11,05,0.0,33.0,21.2
107013,LA_UNION,2017,11,06,0.0,34.8,22.4
107013,LA_UNION,2017,11,07,0.0,32.2,23.0
107013,LA_UNION,2017,11,08,0.0,35.2,22.4
107013,LA_UNION,2017,11,09,0.0,28.6,23.8
107013,LA_UNION,2017,11,10,0.0,33.0,22.8
107013,LA_UNION,2017,11,11,0.0,33.2,23.0
107013,LA_UNION,2017,11,12,94.6,-999,22.2
107013,LA_UNION,2017,11,13,1.6,-999,22.4
107013,LA_UNION,2017,11,14,0.0,34.0,21.8
107013,LA_UNION,2017,11,15,0.0,33.4,23.6
107013,LA_UNION,2017,11,16,0.0,34.6,23.8
107013,LA_UNION,2017,11,17,1.2,33.4,20.2
107013,LA_UNION,2017,11,18,0.0,35.4,23.4
107013,LA_UNION,2017,11,19,0.0,36.5,23.2
107013,LA_UNION,2017,11,20,0.0,36.6,24.2
107013,LA_UNION,2017,11,21,0.0,33.2,23.8
107013,LA_UNION,2017,11,22,0.0,33.6,22.2
107013,LA_UNION,2017,11,23,0.0,36.2,23.2
107013,LA_UNION,2017,11,24,0.0,35.8,22.0
107013,LA_UNION,2017,11,25,0.0,36.0,23.6
107013,LA_UNION,2017,11,26,0.0,35.8,24.0
107013,LA_UNION,2017,11,27,3.1,32.8,22.4
107013,LA_UNION,2017,11,28,20.2,34.6,23.2
107013,LA_UNION,2017,11,29,2.2,32.2,22.0
107013,LA_UNION,2017,11,30,0.0,35.2,21.4
107013,LA_UNION,2017,12,01,0.0,32.8,24.6
107013,LA_UNION,2017,12,02,0.0,34.2,23.8
107013,LA_UNION,2017,12,03,0.0,34.4,23.0
107013,LA_UNION,2017,12,04,0.8,35.2,23.4
107013,LA_UNION,2017,12,05,7.6,34.2,24.2
107013,LA_UNION,2017,12,06,3.1,29.0,23.2
107013,LA_UNION,2017,12,07,0.0,30.6,22.8
107013,LA_UNION,2017,12,08,0.0,35.0,23.0
107013,LA_UNION,2017,12,09,0.0,36.2,22.0
107013,LA_UNION,2017,12,10,0.0,37.4,22.2
107013,LA_UNION,2017,12,11,65.7,30.0,-999
107013,LA_UNION,2017,12,12,0.0,32.6,21.4
107013,LA_UNION,2017,12,13,0.0,35.4,22.2
107013,LA_UNION,2017,12,14,0.0,36.0,22.6
107013,LA_UNION,2017,12,15,0.0,35.8,23.8
107013,LA_UNION,2017,12,16,0.0,35.2,23.4
107013,LA_UNION,2017,12,17,0.0,34.8,23.2
107013,LA_UNION,2017,12,18,0.0,35.4,23.8
107013,LA_UNION,2017,12,19,0.0,30.0,22.8
107013,LA_UNION,2017,12,20,0.0,33.6,22.6
107013,LA_UNION,2017,12,21,0.0,35.0,22.4
107013,LA_UNION,2017,12,22,0.0,31.6,23.0
107013,LA_UNION,2017,12,23,0.0,34.8,20.2
107013,LA_UNION,2017,12,24,0.0,36.8,21.4
107013,LA_UNION,2017,12,25,0.0,36.6,22.2
107013,LA_UNION,2017,12,26,0.0,34.2,24.0
107013,LA_UNION,2017,12,27,0.0,32.2,23.2
107013,LA_UNION,2017,12,28,0.0,35.2,22.0
107013,LA_UNION,2017,12,29,0.0,35.4,23.4
107013,LA_UNION,2017,12,30,0.0,33.6,23.0
107013,LA_UNION,2017,12,31,2.2,31.4,22.8
107013,LA_UNION,2018,01,01,0.0,33.8,23.6
107013,LA_UNION,2018,01,02,0.0,36.0,23.0
107013,LA_UNION,2018,01,03,1.0,36.2,23.2
107013,LA_UNION,2018,01,04,23.5,28.6,-999
107013,LA_UNION,2018,01,05,0.0,32.8,22.2
107013,LA_UNION,2018,01,06,0.0,33.4,21.8
107013,LA_UNION,2018,01,07,0.0,33.2,21.2
107013,LA_UNION,2018,01,08,6.6,27.8,23.4
107013,LA_UNION,2018,01,09,4.5,28.4,22.2
107013,LA_UNION,2018,01,10,10.5,28.0,21.8
107013,LA_UNION,2018,01,11,30.8,28.4,22.4
107013,LA_UNION,2018,01,12,0.0,32.0,21.4
107013,LA_UNION,2018,01,13,0.0,34.4,21.0
107013,LA_UNION,2018,01,14,0.0,34.0,21.4
107013,LA_UNION,2018,01,15,0.7,29.0,22.4
107013,LA_UNION,2018,01,16,1.2,32.2,21.8
107013,LA_UNION,2018,01,17,0.0,32.4,21.8
107013,LA_UNION,2018,01,18,2.0,35.2,22.6
107013,LA_UNION,2018,01,19,18.2,29.2,22.0
107013,LA_UNION,2018,01,20,9.8,31.8,22.6
107013,LA_UNION,2018,01,21,0.0,33.2,23.2
107013,LA_UNION,2018,01,22,0.0,32.8,22.8
107013,LA_UNION,2018,01,23,0.0,34.6,22.2
107013,LA_UNION,2018,01,24,0.0,34.8,20.4
107013,LA_UNION,2018,01,25,0.0,35.0,21.8
107013,LA_UNION,2018,01,26,0.0,33.6,22.0
107013,LA_UNION,2018,01,27,0.0,36.2,21.2
107013,LA_UNION,2018,01,28,0.0,36.4,23.2
107013,LA_UNION,2018,01,29,0.0,37.2,21.2
107013,LA_UNION,2018,01,30,0.0,37.4,22.6
107013,LA_UNION,2018,01,31,0.0,36.2,23.0
107013,LA_UNION,2018,02,01,0.0,38.4,23.0
107013,LA_UNION,2018,02,02,0.0,37.8,22.2
107013,LA_UNION,2018,02,03,0.0,37.6,23.2
107013,LA_UNION,2018,02,04,0.0,35.4,23.8
107013,LA_UNION,2018,02,05,34.5,30.0,24.4
107013,LA_UNION,2018,02,06,11.7,32.0,23.8
107013,LA_UNION,2018,02,07,0.0,34.4,23.2
107013,LA_UNION,2018,02,08,0.0,36.2,20.8
107013,LA_UNION,2018,02,09,0.0,34.0,22.2
107013,LA_UNION,2018,02,10,0.0,34.4,22.6
107013,LA_UNION,2018,02,11,0.0,36.2,22.4
107013,LA_UNION,2018,02,12,0.0,35.6,23.0
107013,LA_UNION,2018,02,13,0.0,35.4,22.4
107013,LA_UNION,2018,02,14,11.4,-999,23.4
107013,LA_UNION,2018,02,15,8.4,26.8,22.2
107013,LA_UNION,2018,02,16,6.0,27.2,22.4
107013,LA_UNION,2018,02,17,0.0,32.4,21.6
107013,LA_UNION,2018,02,18,0.0,35.0,22.6
107013,LA_UNION,2018,02,19,17.8,33.6,23.8
107013,LA_UNION,2018,02,20,0.0,30.8,22.6
107013,LA_UNION,2018,02,21,0.0,34.2,23.2
107013,LA_UNION,2018,02,22,0.0,35.2,22.0
107013,LA_UNION,2018,02,23,0.0,34.2,22.8
107013,LA_UNION,2018,02,24,20.8,35.2,23.0
107013,LA_UNION,2018,02,25,17.0,25.4,21.8
107013,LA_UNION,2018,02,26,7.0,32.6,22.0
107013,LA_UNION,2018,02,27,0.0,32.4,22.2
107013,LA_UNION,2018,02,28,0.0,33.4,23.0
107013,LA_UNION,2018,03,01,6.3,33.4,23.2
107013,LA_UNION,2018,03,02,0.0,30.8,22.0
107013,LA_UNION,2018,03,03,0.0,32.2,22.2
107013,LA_UNION,2018,03,04,0.0,34.0,21.8
107013,LA_UNION,2018,03,05,0.0,34.6,23.4
107013,LA_UNION,2018,03,06,4.0,29.4,-999
107013,LA_UNION,2018,03,07,0.0,32.4,22.6
107013,LA_UNION,2018,03,08,0.6,32.8,22.8
107013,LA_UNION,2018,03,09,0.0,33.4,22.2
107013,LA_UNION,2018,03,10,0.0,34.4,23.0
107013,LA_UNION,2018,03,11,0.0,30.2,23.0
107013,LA_UNION,2018,03,12,4.8,28.2,-999
107013,LA_UNION,2018,03,13,0.0,35.0,-999
107013,LA_UNION,2018,03,14,0.0,34.8,-999
107013,LA_UNION,2018,03,15,0.0,33.2,23.8
107013,LA_UNION,2018,03,16,0.0,33.4,23.4
107013,LA_UNION,2018,03,17,0.0,32.8,22.2
107013,LA_UNION,2018,03,18,0.0,34.6,23.2
107013,LA_UNION,2018,03,19,1.5,30.6,22.4
107013,LA_UNION,2018,03,20,1.7,35.4,23.6
107013,LA_UNION,2018,03,21,0.7,31.0,20.6
107013,LA_UNION,2018,03,22,4.0,27.2,23.2
107013,LA_UNION,2018,03,23,0.0,34.0,23.2
107013,LA_UNION,2018,03,24,0.0,34.4,23.0
107013,LA_UNION,2018,03,25,0.0,32.4,22.8
107013,LA_UNION,2018,03,26,18.1,31.6,-999
107013,LA_UNION,2018,03,27,0.0,30.6,21.2
107013,LA_UNION,2018,03,28,0.0,32.8,22.2
107013,LA_UNION,2018,03,29,0.0,33.2,23.6
107013,LA_UNION,2018,03,30,0.0,31.8,23.8
107013,LA_UNION,2018,03,31,0.0,35.0,23.4
107013,LA_UNION,2018,04,01,18.0,33.8,23.0
107013,LA_UNION,2018,04,02,7.6,29.2,22.6
107013,LA_UNION,2018,04,03,0.0,32.0,22.8
107013,LA_UNION,2018,04,04,0.6,34.0,22.8
107013,LA_UNION,2018,04,05,0.9,35.0,23.2
107013,LA_UNION,2018,04,06,0.0,34.6,24.0
107013,LA_UNION,2018,04,07,0.0,29.6,22.0
107013,LA_UNION,2018,04,08,72.3,30.8,22.6
107013,LA_UNION,2018,04,09,0.6,28.6,22.4
107013,LA_UNION,2018,04,10,0.0,34.2,22.2
107013,LA_UNION,2018,04,11,0.0,34.8,23.0
107013,LA_UNION,2018,04,12,35.5,34.2,22.8
107013,LA_UNION,2018,04,13,23.9,25.8,22.2
107013,LA_UNION,2018,04,14,0.2,30.2,22.2
107013,LA_UNION,2018,04,15,0.3,32.4,23.0
107013,LA_UNION,2018,04,16,0.0,34.4,22.4
107013,LA_UNION,2018,04,17,0.0,34.0,21.6
107013,LA_UNION,2018,04,18,0.0,35.4,22.6
107013,LA_UNION,2018,04,19,1.4,30.8,23.8
107013,LA_UNION,2018,04,20,0.0,34.2,21.4
107013,LA_UNION,2018,04,21,0.0,33.0,21.8
107013,LA_UNION,2018,04,22,6.3,34.2,21.4
107013,LA_UNION,2018,04,23,16.0,29.8,22.8
107013,LA_UNION,2018,04,24,1.2,32.2,22.6
107013,LA_UNION,2018,04,25,3.7,30.8,22.8
107013,LA_UNION,2018,04,26,0.0,32.4,22.0
107013,LA_UNION,2018,04,27,0.0,34.2,21.8
107013,LA_UNION,2018,04,28,6.4,29.8,22.6
107013,LA_UNION,2018,04,29,4.3,30.0,22.6
107013,LA_UNION,2018,04,30,0.0,33.2,23.0
107013,LA_UNION,2018,05,01,0.0,32.6,21.8
107013,LA_UNION,2018,05,02,0.0,32.2,23.0
107013,LA_UNION,2018,05,03,0.0,34.6,22.8
107013,LA_UNION,2018,05,04,2.9,34.0,21.8
107013,LA_UNION,2018,05,05,3.4,30.4,23.6
107013,LA_UNION,2018,05,06,0.8,32.0,23.0
107013,LA_UNION,2018,05,07,0.0,31.2,22.2
107013,LA_UNION,2018,05,08,0.0,33.6,22.4
107013,LA_UNION,2018,05,09,0.0,33.6,22.2
107013,LA_UNION,2018,05,10,0.0,34.4,22.6
107013,LA_UNION,2018,05,11,0.0,33.2,22.0
107013,LA_UNION,2018,05,12,0.0,32.6,22.6
107013,LA_UNION,2018,05,13,0.0,32.8,22.4
107013,LA_UNION,2018,05,14,0.0,34.2,22.4
107013,LA_UNION,2018,05,15,0.0,33.6,22.2
107013,LA_UNION,2018,05,16,3.8,31.0,22.6
107013,LA_UNION,2018,05,17,0.6,30.6,23.6
107013,LA_UNION,2018,05,18,0.0,33.4,22.8
107013,LA_UNION,2018,05,19,32.9,28.6,22.0
107013,LA_UNION,2018,05,20,5.8,30.2,-999
107013,LA_UNION,2018,05,21,0.0,31.2,20.2
107013,LA_UNION,2018,05,22,0.0,32.4,20.6
107013,LA_UNION,2018,05,23,0.9,31.2,21.0
107013,LA_UNION,2018,05,24,0.0,31.6,20.8
107013,LA_UNION,2018,05,25,0.0,32.2,21.6
107013,LA_UNION,2018,05,26,0.0,33.4,21.8
107013,LA_UNION,2018,05,27,0.0,34.2,21.2
107013,LA_UNION,2018,05,28,0.0,33.8,20.6
107013,LA_UNION,2018,05,29,0.0,35.4,22.2
107013,LA_UNION,2018,05,30,0.0,34.8,20.6
107013,LA_UNION,2018,05,31,0.0,35.2,22.0
107013,LA_UNION,2018,06,01,0.0,33.2,22.2
107013,LA_UNION,2018,06,02,15.5,34.2,22.4
107013,LA_UNION,2018,06,03,6.0,26.0,22.0
107013,LA_UNION,2018,06,04,2.0,27.2,-999
107013,LA_UNION,2018,06,05,0.0,31.4,21.8
107013,LA_UNION,2018,06,06,0.0,32.2,21.2
107013,LA_UNION,2018,06,07,0.0,33.2,21.0
107013,LA_UNION,2018,06,08,0.0,32.6,20.8
107013,LA_UNION,2018,06,09,0.0,33.4,21.2
107013,LA_UNION,2018,06,10,0.0,34.2,21.4
107013,LA_UNION,2018,06,11,0.0,29.6,23.0
107013,LA_UNION,2018,06,12,0.0,31.6,21.6
107013,LA_UNION,2018,06,13,0.0,33.6,20.8
107013,LA_UNION,2018,06,14,0.0,33.8,20.6
107013,LA_UNION,2018,06,15,0.0,33.8,21.6
107013,LA_UNION,2018,06,16,0.0,27.6,21.4
107013,LA_UNION,2018,06,17,0.0,29.8,19.4
107013,LA_UNION,2018,06,18,0.0,30.2,20.4
107013,LA_UNION,2018,06,19,0.0,32.6,20.2
107013,LA_UNION,2018,06,20,0.0,32.8,18.8
107013,LA_UNION,2018,06,21,0.0,33.4,18.2
107013,LA_UNION,2018,06,22,0.0,33.2,17.2
107013,LA_UNION,2018,06,23,0.0,32.0,18.4
107013,LA_UNION,2018,06,24,0.0,33.0,19.6
107013,LA_UNION,2018,06,25,0.0,30.2,22.0
107013,LA_UNION,2018,06,26,0.0,31.6,20.0
107013,LA_UNION,2018,06,27,0.0,34.4,19.8
107013,LA_UNION,2018,06,28,0.0,33.2,19.0
107013,LA_UNION,2018,06,29,0.0,34.4,19.6
107013,LA_UNION,2018,06,30,0.0,34.4,18.4
107013,LA_UNION,2018,07,01,0.0,35.4,19.8
107013,LA_UNION,2018,07,02,0.0,35.0,20.0
107013,LA_UNION,2018,07,03,0.0,-999,19.6
107013,LA_UNION,2018,07,04,0.0,35.6,21.8
107013,LA_UNION,2018,07,05,0.0,35.2,20.4
107013,LA_UNION,2018,07,06,0.0,34.8,19.6
107013,LA_UNION,2018,07,07,0.0,35.8,21.4
107013,LA_UNION,2018,07,08,0.0,34.8,22.0
107013,LA_UNION,2018,07,09,11.0,32.6,-999
107013,LA_UNION,2018,07,10,3.5,24.8,-999
107013,LA_UNION,2018,07,11,0.0,26.8,19.4
107013,LA_UNION,2018,07,12,0.0,31.2,18.6
107013,LA_UNION,2018,07,13,0.0,31.0,20.4
107013,LA_UNION,2018,07,14,0.0,34.0,20.6
107013,LA_UNION,2018,07,15,0.0,34.8,19.4
107013,LA_UNION,2018,07,16,0.0,34.6,19.0
107013,LA_UNION,2018,07,17,0.0,30.4,22.4
107013,LA_UNION,2018,07,18,0.0,29.2,22.8
107013,LA_UNION,2018,07,19,0.0,34.8,21.6
107013,LA_UNION,2018,07,20,0.0,35.0,19.8
107013,LA_UNION,2018,07,21,10.1,30.2,22.2
107013,LA_UNION,2018,07,22,0.0,26.6,21.8
107013,LA_UNION,2018,07,23,0.0,31.2,22.2
107013,LA_UNION,2018,07,24,0.0,33.8,20.8
107013,LA_UNION,2018,07,25,0.0,33.6,21.0
107013,LA_UNION,2018,07,26,0.0,33.8,19.2
107013,LA_UNION,2018,07,27,0.0,33.6,18.4
107013,LA_UNION,2018,07,28,0.0,34.4,19.0
107013,LA_UNION,2018,07,29,0.0,34.8,18.8
107013,LA_UNION,2018,07,30,0.0,35.2,20.0
107013,LA_UNION,2018,07,31,0.0,30.4,22.6
107013,LA_UNION,2018,08,01,0.0,31.8,21.2
107013,LA_UNION,2018,08,02,0.0,34.0,21.4
107013,LA_UNION,2018,08,03,0.0,34.6,19.6
107013,LA_UNION,2018,08,04,0.0,34.6,21.6
107013,LA_UNION,2018,08,05,0.0,35.8,20.0
107013,LA_UNION,2018,08,06,0.0,33.2,22.0
107013,LA_UNION,2018,08,07,0.0,33.0,22.4
107013,LA_UNION,2018,08,08,0.0,32.8,21.8
107013,LA_UNION,2018,08,09,0.0,35.4,20.0
107013,LA_UNION,2018,08,10,32.7,27.8,22.2
107013,LA_UNION,2018,08,11,0.0,32.2,20.6
107013,LA_UNION,2018,08,12,0.0,34.6,20.0
107013,LA_UNION,2018,08,13,0.0,35.2,20.2
107013,LA_UNION,2018,08,14,0.0,35.2,20.0
107013,LA_UNION,2018,08,15,16.9,33.0,21.4
107013,LA_UNION,2018,08,16,10.8,25.4,22.0
107013,LA_UNION,2018,08,17,0.0,30.8,21.6
107013,LA_UNION,2018,08,18,0.0,33.2,21.2
107013,LA_UNION,2018,08,19,0.0,34.8,20.4
107013,LA_UNION,2018,08,20,5.1,33.4,20.2
107013,LA_UNION,2018,08,21,11.5,32.6,21.6
107013,LA_UNION,2018,08,22,0.0,29.4,21.8
107013,LA_UNION,2018,08,23,0.0,32.2,21.2
107013,LA_UNION,2018,08,24,0.0,29.4,19.8
107013,LA_UNION,2018,08,25,0.0,34.8,19.2
107013,LA_UNION,2018,08,26,10.2,31.8,20.0
107013,LA_UNION,2018,08,27,0.0,30.0,19.8
107013,LA_UNION,2018,08,28,0.0,32.6,18.2
107013,LA_UNION,2018,08,29,0.0,34.2,18.8
107013,LA_UNION,2018,08,30,0.0,35.0,19.2
107013,LA_UNION,2018,08,31,0.0,35.8,20.0
107013,LA_UNION,2018,09,01,0.0,36.2,20.0
107013,LA_UNION,2018,09,02,0.0,33.4,18.2
107013,LA_UNION,2018,09,03,7.4,24.8,20.2
107013,LA_UNION,2018,09,04,0.0,29.8,21.8
107013,LA_UNION,2018,09,05,0.0,34.2,19.6
107013,LA_UNION,2018,09,06,0.0,34.6,19.8
107013,LA_UNION,2018,09,07,0.0,35.4,18.6
107013,LA_UNION,2018,09,08,0.0,35.2,18.4
107013,LA_UNION,2018,09,09,0.0,35.6,19.2
107013,LA_UNION,2018,09,10,0.0,37.2,20.2
107013,LA_UNION,2018,09,11,0.0,36.2,22.8
107013,LA_UNION,2018,09,12,0.0,36.6,20.0
107013,LA_UNION,2018,09,13,0.0,37.0,20.8
107013,LA_UNION,2018,09,14,0.0,37.8,21.4
107013,LA_UNION,2018,09,15,53.3,34.0,-999
107013,LA_UNION,2018,09,16,0.0,33.0,21.6
107013,LA_UNION,2018,09,17,0.0,36.2,21.8
107013,LA_UNION,2018,09,18,0.0,34.4,22.8
107013,LA_UNION,2018,09,19,0.0,36.8,22.2
107013,LA_UNION,2018,09,20,0.0,35.8,22.4
107013,LA_UNION,2018,09,21,0.0,36.6,23.0
107013,LA_UNION,2018,09,22,0.0,36.2,22.2
107013,LA_UNION,2018,09,23,8.9,30.8,22.4
107013,LA_UNION,2018,09,24,0.0,34.2,20.6
107013,LA_UNION,2018,09,25,0.0,35.4,22.2
107013,LA_UNION,2018,09,26,3.7,36.2,22.4
107013,LA_UNION,2018,09,27,1.3,36.6,21.0
107013,LA_UNION,2018,09,28,0.0,34.8,23.0
107013,LA_UNION,2018,09,29,0.0,36.4,21.6
107013,LA_UNION,2018,09,30,0.0,37.6,21.8
107013,LA_UNION,2018,10,01,8.5,37.6,23.0
107013,LA_UNION,2018,10,02,6.8,35.0,21.2
107013,LA_UNION,2018,10,03,0.0,35.2,21.6
107013,LA_UNION,2018,10,04,5.7,34.4,22.8
107013,LA_UNION,2018,10,05,0.0,31.8,23.2
107013,LA_UNION,2018,10,06,0.0,32.8,23.4
107013,LA_UNION,2018,10,07,0.0,36.2,23.2
107013,LA_UNION,2018,10,08,0.0,37.4,23.2
107013,LA_UNION,2018,10,09,0.0,34.8,21.8
107013,LA_UNION,2018,10,10,1.6,35.0,22.6
107013,LA_UNION,2018,10,11,6.6,36.8,23.2
107013,LA_UNION,2018,10,12,0.0,-999,23.0
107013,LA_UNION,2018,10,13,68.2,-999,-999
107013,LA_UNION,2018,10,14,0.0,32.4,23.0
107013,LA_UNION,2018,10,15,0.0,34.8,21.8
107013,LA_UNION,2018,10,16,0.0,35.4,19.8
107013,LA_UNION,2018,10,17,13.9,35.2,22.8
107013,LA_UNION,2018,10,18,0.0,36.0,22.0
107013,LA_UNION,2018,10,19,0.0,35.0,23.2
107013,LA_UNION,2018,10,20,5.5,35.2,22.8
107013,LA_UNION,2018,10,21,0.0,28.4,22.0
107013,LA_UNION,2018,10,22,0.0,33.6,23.0
107013,LA_UNION,2018,10,23,0.0,32.6,22.8
107013,LA_UNION,2018,10,24,0.0,29.8,23.0
107013,LA_UNION,2018,10,25,0.0,33.4,23.2
107013,LA_UNION,2018,10,26,0.0,33.8,23.6
107013,LA_UNION,2018,10,27,0.0,34.0,24.2
107013,LA_UNION,2018,10,28,0.0,35.6,23.0
107013,LA_UNION,2018,10,29,3.4,37.0,22.4
107013,LA_UNION,2018,10,30,0.0,36.8,23.8
107013,LA_UNION,2018,10,31,17.5,32.4,23.6
107013,LA_UNION,2018,11,01,0.0,26.8,22.0
107013,LA_UNION,2018,11,02,0.0,33.8,20.0
107013,LA_UNION,2018,11,03,0.0,35.0,20.2
107013,LA_UNION,2018,11,04,8.3,36.0,21.6
107013,LA_UNION,2018,11,05,0.0,36.2,18.8
107013,LA_UNION,2018,11,06,0.0,33.2,23.2
107013,LA_UNION,2018,11,07,21.8,30.2,-999
107013,LA_UNION,2018,11,08,11.2,29.0,23.6
107013,LA_UNION,2018,11,09,0.0,34.8,23.2
107013,LA_UNION,2018,11,10,0.0,36.0,23.4
107013,LA_UNION,2018,11,11,1.0,35.8,23.6
107013,LA_UNION,2018,11,12,0.0,35.4,24.8
107013,LA_UNION,2018,11,13,0.0,31.0,25.0
107013,LA_UNION,2018,11,14,0.0,33.0,23.0
107013,LA_UNION,2018,11,15,0.0,38.2,23.2
107013,LA_UNION,2018,11,16,0.0,33.6,23.8
107013,LA_UNION,2018,11,17,0.0,36.4,22.8
107013,LA_UNION,2018,11,18,4.0,36.2,24.2
107013,LA_UNION,2018,11,19,0.0,34.4,24.0
107013,LA_UNION,2018,11,20,18.4,32.0,24.2
107013,LA_UNION,2018,11,21,0.0,34.8,22.8
107013,LA_UNION,2018,11,22,0.0,34.6,22.8
107013,LA_UNION,2018,11,23,0.0,34.8,22.6
107013,LA_UNION,2018,11,24,0.0,36.6,23.8
107013,LA_UNION,2018,11,25,0.0,35.2,24.0
107013,LA_UNION,2018,11,26,3.7,34.8,-999
107013,LA_UNION,2018,11,27,0.0,32.4,22.8
107013,LA_UNION,2018,11,28,0.0,31.4,23.6
107013,LA_UNION,2018,11,29,0.0,35.4,23.2
107013,LA_UNION,2018,11,30,0.0,37.8,23.0
107013,LA_UNION,2018,12,01,0.0,38.2,23.0
107013,LA_UNION,2018,12,02,0.0,37.4,25.0
107013,LA_UNION,2018,12,03,0.0,34.6,23.2
107013,LA_UNION,2018,12,04,0.0,33.8,23.4
107013,LA_UNION,2018,12,05,0.0,35.0,24.2
107013,LA_UNION,2018,12,06,0.0,37.2,23.6
107013,LA_UNION,2018,12,07,0.0,33.4,22.8
107013,LA_UNION,2018,12,08,7.5,30.0,22.2
107013,LA_UNION,2018,12,09,3.5,31.0,23.0
107013,LA_UNION,2018,12,10,1.6,34.0,22.0
107013,LA_UNION,2018,12,11,7.2,25.8,22.2
107013,LA_UNION,2018,12,12,0.0,30.4,21.8
107013,LA_UNION,2018,12,13,7.7,33.0,22.4
107013,LA_UNION,2018,12,14,2.0,35.8,23.4
107013,LA_UNION,2018,12,15,1.6,34.8,22.4
107013,LA_UNION,2018,12,16,0.0,33.4,23.0
107013,LA_UNION,2018,12,17,0.0,34.0,22.8
107013,LA_UNION,2018,12,18,6.2,35.4,22.8
107013,LA_UNION,2018,12,19,8.4,30.8,22.2
107013,LA_UNION,2018,12,20,1.1,32.0,22.8
107013,LA_UNION,2018,12,21,0.0,34.2,22.6
107013,LA_UNION,2018,12,22,0.0,33.0,23.2
107013,LA_UNION,2018,12,23,0.0,36.6,21.8
107013,LA_UNION,2018,12,24,0.0,35.2,20.0
107013,LA_UNION,2018,12,25,0.0,30.2,20.6
107013,LA_UNION,2018,12,26,0.0,33.0,20.8
107013,LA_UNION,2018,12,27,0.0,35.2,20.0
107013,LA_UNION,2018,12,28,0.0,35.8,20.2
107013,LA_UNION,2018,12,29,0.0,37.0,22.4
107013,LA_UNION,2018,12,30,0.0,37.4,21.4
107013,LA_UNION,2018,12,31,0.0,36.4,21.8
107013,LA_UNION,2019,01,01,0.0,37.2,21.4
107013,LA_UNION,2019,01,02,0.0,33.6,21.4
107013,LA_UNION,2019,01,03,0.0,36.0,21.2
107013,LA_UNION,2019,01,04,0.0,36.2,21.4
107013,LA_UNION,2019,01,05,0.0,34.6,22.2
107013,LA_UNION,2019,01,06,0.0,39.0,21.0
107013,LA_UNION,2019,01,07,0.0,-999,21.4
107013,LA_UNION,2019,01,08,28.1,-999,21.2
107013,LA_UNION,2019,01,09,0.0,34.2,20.8
107013,LA_UNION,2019,01,10,2.2,34.0,23.8
107013,LA_UNION,2019,01,11,6.9,32.0,23.4
107013,LA_UNION,2019,01,12,0.0,33.0,23.0
107013,LA_UNION,2019,01,13,0.0,35.2,22.4
107013,LA_UNION,2019,01,14,0.0,33.2,22.4
107013,LA_UNION,2019,01,15,0.0,33.0,22.6
107013,LA_UNION,2019,01,16,0.0,34.2,22.8
107013,LA_UNION,2019,01,17,30.4,31.8,23.0
107013,LA_UNION,2019,01,18,0.8,31.0,22.6
107013,LA_UNION,2019,01,19,0.0,33.4,22.4
107013,LA_UNION,2019,01,20,4.9,33.6,23.2
107013,LA_UNION,2019,01,21,5.6,32.8,22.4
107013,LA_UNION,2019,01,22,4.7,28.6,23.0
107013,LA_UNION,2019,01,23,0.0,33.0,23.2
107013,LA_UNION,2019,01,24,0.0,32.8,23.6
107013,LA_UNION,2019,01,25,0.0,30.0,23.2
107013,LA_UNION,2019,01,26,0.0,35.0,22.6
107013,LA_UNION,2019,01,27,0.0,35.4,23.4
107013,LA_UNION,2019,01,28,0.0,28.4,23.6
107013,LA_UNION,2019,01,29,0.0,32.2,22.8
107013,LA_UNION,2019,01,30,0.0,32.4,23.0
107013,LA_UNION,2019,01,31,0.0,36.6,23.0
107013,LA_UNION,2019,02,01,0.0,35.4,22.8
107013,LA_UNION,2019,02,02,32.4,34.0,24.0
107013,LA_UNION,2019,02,03,0.0,30.0,23.2
107013,LA_UNION,2019,02,04,27.5,28.8,23.0
107013,LA_UNION,2019,02,05,1.9,30.4,23.4
107013,LA_UNION,2019,02,06,1.3,31.0,23.6
107013,LA_UNION,2019,02,07,11.6,32.4,23.0
107013,LA_UNION,2019,02,08,0.0,32.8,23.2
107013,LA_UNION,2019,02,09,0.0,34.0,23.2
107013,LA_UNION,2019,02,10,0.0,-999,22.6
107013,LA_UNION,2019,02,11,0.0,31.2,22.4
107013,LA_UNION,2019,02,12,0.0,30.8,23.0
107013,LA_UNION,2019,02,13,0.0,31.0,23.4
107013,LA_UNION,2019,02,14,0.0,33.0,22.6
107013,LA_UNION,2019,02,15,0.0,28.8,23.8
107013,LA_UNION,2019,02,16,0.0,32.2,24.0
107013,LA_UNION,2019,02,17,0.0,33.2,23.2
107013,LA_UNION,2019,02,18,0.0,32.0,23.0
107013,LA_UNION,2019,02,19,5.7,32.4,24.0
107013,LA_UNION,2019,02,20,1.5,30.2,23.2
107013,LA_UNION,2019,02,21,0.0,30.8,23.6
107013,LA_UNION,2019,02,22,0.0,28.6,22.6
107013,LA_UNION,2019,02,23,0.0,32.6,22.8
107013,LA_UNION,2019,02,24,0.0,33.0,22.2
107013,LA_UNION,2019,02,25,0.0,33.2,22.4
107013,LA_UNION,2019,02,26,2.0,32.2,23.4
107013,LA_UNION,2019,02,27,0.0,29.2,23.0
107013,LA_UNION,2019,02,28,47.8,33.0,-999
107013,LA_UNION,2019,04,01,0.0,31.2,22.2
107013,LA_UNION,2019,04,02,0.7,31.0,22.0
107013,LA_UNION,2019,04,03,0.0,32.8,22.2
107013,LA_UNION,2019,04,04,0.0,34.2,22.0
107013,LA_UNION,2019,04,05,0.0,27.0,24.0
107013,LA_UNION,2019,04,06,40.8,28.0,23.2
107013,LA_UNION,2019,04,07,0.0,25.8,-999
107013,LA_UNION,2019,04,08,0.0,29.6,20.0
107013,LA_UNION,2019,04,09,0.0,32.0,21.2
107013,LA_UNION,2019,04,10,0.0,34.8,19.8
107013,LA_UNION,2019,04,11,0.0,35.6,20.6
107013,LA_UNION,2019,04,12,0.0,35.0,21.8
107013,LA_UNION,2019,04,13,2.1,32.2,23.4
107013,LA_UNION,2019,04,14,0.0,34.8,23.2
107013,LA_UNION,2019,04,15,0.0,35.2,21.8
107013,LA_UNION,2019,04,16,0.0,34.4,23.8
107013,LA_UNION,2019,04,17,0.0,31.8,22.8
107013,LA_UNION,2019,04,18,0.0,32.8,23.8
107013,LA_UNION,2019,04,19,19.4,32.4,23.4
107013,LA_UNION,2019,04,20,16.2,31.2,23.0
107013,LA_UNION,2019,04,21,0.0,32.8,23.2
107013,LA_UNION,2019,04,22,0.0,33.4,23.0
107013,LA_UNION,2019,04,23,0.0,35.4,22.4
107013,LA_UNION,2019,04,24,26.6,28.4,-999
107013,LA_UNION,2019,04,25,0.0,31.0,22.4
107013,LA_UNION,2019,04,26,0.0,32.6,22.2
107013,LA_UNION,2019,04,27,8.5,35.0,23.0
107013,LA_UNION,2019,04,28,2.8,27.0,22.8
107013,LA_UNION,2019,04,29,0.0,32.4,22.6
107013,LA_UNION,2019,04,30,0.0,34.8,22.0
107013,LA_UNION,2019,05,01,0.0,32.8,23.0
107013,LA_UNION,2019,05,02,0.0,34.6,22.0
107013,LA_UNION,2019,05,03,0.0,34.2,22.4
107013,LA_UNION,2019,05,04,0.0,32.2,20.4
107013,LA_UNION,2019,05,05,1.9,29.8,23.4
107013,LA_UNION,2019,05,06,0.0,33.8,22.8
107013,LA_UNION,2019,05,07,0.0,34.4,21.2
107013,LA_UNION,2019,05,08,0.0,35.4,21.8
107013,LA_UNION,2019,05,09,0.0,34.0,23.8
107013,LA_UNION,2019,05,10,0.0,34.6,22.4
107013,LA_UNION,2019,05,11,0.0,35.4,22.6
107013,LA_UNION,2019,05,12,5.5,31.0,22.8
107013,LA_UNION,2019,05,13,6.0,27.6,-999
107013,LA_UNION,2019,05,14,0.4,29.8,23.0
107013,LA_UNION,2019,05,15,0.0,29.2,21.4
107013,LA_UNION,2019,05,16,0.0,28.4,20.4
107013,LA_UNION,2019,05,17,0.0,32.8,20.2
107013,LA_UNION,2019,05,18,0.0,33.4,20.8
107013,LA_UNION,2019,05,19,0.0,34.0,21.2
107013,LA_UNION,2019,05,20,0.0,32.2,23.4
107013,LA_UNION,2019,05,21,0.0,32.4,22.4
107013,LA_UNION,2019,05,22,0.0,33.6,22.6
107013,LA_UNION,2019,05,23,0.0,33.2,21.8
107013,LA_UNION,2019,05,24,4.5,32.8,21.4
107013,LA_UNION,2019,05,25,0.0,29.8,21.0
107013,LA_UNION,2019,05,26,0.0,31.8,21.2
107013,LA_UNION,2019,05,27,0.0,34.6,21.4
107013,LA_UNION,2019,05,28,0.0,34.8,21.6
107013,LA_UNION,2019,05,29,0.0,29.6,21.8
107013,LA_UNION,2019,05,30,0.0,34.4,22.0
107013,LA_UNION,2019,05,31,0.0,34.2,21.6
107013,LA_UNION,2019,06,01,0.0,31.4,22.0
107013,LA_UNION,2019,06,02,0.0,34.8,22.2
107013,LA_UNION,2019,06,03,39.2,31.0,23.2
107013,LA_UNION,2019,06,04,1.3,27.8,22.2
107013,LA_UNION,2019,06,05,0.0,32.4,22.6
107013,LA_UNION,2019,06,06,0.0,33.0,22.0
107013,LA_UNION,2019,06,07,0.0,33.4,21.4
107013,LA_UNION,2019,06,08,1.7,32.4,21.6
107013,LA_UNION,2019,06,09,21.4,28.8,21.2
107013,LA_UNION,2019,06,10,0.0,30.8,21.4
107013,LA_UNION,2019,06,11,0.0,31.6,21.2
107013,LA_UNION,2019,06,12,0.0,34.6,21.2
107013,LA_UNION,2019,06,13,0.0,34.4,20.8
107013,LA_UNION,2019,06,14,0.0,34.8,22.0
107013,LA_UNION,2019,06,15,0.0,34.4,22.2
107013,LA_UNION,2019,06,16,37.8,34.2,22.4
107013,LA_UNION,2019,06,17,0.0,28.2,22.0
107013,LA_UNION,2019,06,18,0.0,32.2,22.2
107013,LA_UNION,2019,06,19,0.0,33.4,22.4
107013,LA_UNION,2019,06,20,0.0,33.8,20.4
107013,LA_UNION,2019,06,21,0.0,33.4,19.2
107013,LA_UNION,2019,06,22,0.0,33.6,18.2
107013,LA_UNION,2019,06,23,0.0,33.2,18.6
107013,LA_UNION,2019,06,24,0.0,33.4,18.2
107013,LA_UNION,2019,06,25,0.0,33.8,18.8
107013,LA_UNION,2019,06,26,0.0,32.0,20.0
107013,LA_UNION,2019,06,27,2.0,33.8,22.8
107013,LA_UNION,2019,06,28,0.3,32.8,22.2
107013,LA_UNION,2019,06,29,0.0,32.4,22.8
107013,LA_UNION,2019,06,30,0.0,34.0,22.2
107013,LA_UNION,2019,07,01,0.0,34.6,21.0
107013,LA_UNION,2019,07,02,0.0,34.8,20.8
107013,LA_UNION,2019,07,03,0.0,34.2,19.6
107013,LA_UNION,2019,07,04,0.0,35.2,22.0
107013,LA_UNION,2019,07,05,30.0,32.2,21.8
107013,LA_UNION,2019,07,06,12.4,26.2,22.6
107013,LA_UNION,2019,07,07,0.0,27.0,-999
107013,LA_UNION,2019,07,08,0.0,30.4,19.4
107013,LA_UNION,2019,07,09,0.0,31.4,19.2
107013,LA_UNION,2019,07,10,0.0,32.8,19.4
107013,LA_UNION,2019,07,11,0.0,33.2,18.8
107013,LA_UNION,2019,07,12,0.0,33.8,19.8
107013,LA_UNION,2019,07,13,8.4,33.4,22.2
107013,LA_UNION,2019,07,14,4.1,28.4,23.0
107013,LA_UNION,2019,07,15,0.0,30.6,22.0
107013,LA_UNION,2019,07,16,16.0,32.0,20.8
107013,LA_UNION,2019,07,17,0.0,30.2,22.2
107013,LA_UNION,2019,07,18,0.0,32.8,21.4
107013,LA_UNION,2019,07,19,0.0,32.2,20.4
107013,LA_UNION,2019,07,20,0.0,31.8,21.6
107013,LA_UNION,2019,07,21,0.0,33.0,20.8
107013,LA_UNION,2019,07,22,0.0,34.6,21.0
107013,LA_UNION,2019,07,23,0.0,34.2,20.6
107013,LA_UNION,2019,07,24,13.3,34.4,20.8
107013,LA_UNION,2019,07,25,24.8,34.6,21.0
107013,LA_UNION,2019,07,26,0.0,33.8,22.2
107013,LA_UNION,2019,07,27,0.0,29.2,22.0
107013,LA_UNION,2019,07,28,0.0,30.0,19.4
107013,LA_UNION,2019,07,29,0.0,33.4,19.2
107013,LA_UNION,2019,07,30,0.0,34.2,20.2
107013,LA_UNION,2019,07,31,0.0,33.4,18.8
107013,LA_UNION,2019,08,01,0.0,33.8,19.2
107013,LA_UNION,2019,08,02,0.0,33.6,19.0
107013,LA_UNION,2019,08,03,0.0,34.2,19.4
107013,LA_UNION,2019,08,04,0.0,30.0,19.2
107013,LA_UNION,2019,08,05,0.0,30.8,16.6
107013,LA_UNION,2019,08,06,0.0,32.4,15.0
107013,LA_UNION,2019,08,07,0.0,33.8,15.2
107013,LA_UNION,2019,08,08,0.0,33.0,15.4
107013,LA_UNION,2019,08,09,0.0,34.2,15.6
107013,LA_UNION,2019,08,10,0.0,33.6,21.8
107013,LA_UNION,2019,08,11,0.0,34.2,20.8
107013,LA_UNION,2019,08,12,0.0,34.0,21.0
107013,LA_UNION,2019,08,13,0.0,34.4,19.8
107013,LA_UNION,2019,08,14,10.9,26.4,22.2
107013,LA_UNION,2019,08,15,0.0,30.6,20.0
107013,LA_UNION,2019,08,16,0.0,34.2,19.8
107013,LA_UNION,2019,08,17,0.0,34.4,17.6
107013,LA_UNION,2019,08,18,0.0,34.6,19.2
107013,LA_UNION,2019,08,19,0.0,34.2,19.4
107013,LA_UNION,2019,08,20,4.5,33.6,22.4
107013,LA_UNION,2019,08,21,0.4,26.8,22.8
107013,LA_UNION,2019,08,22,0.0,32.4,21.6
107013,LA_UNION,2019,08,23,0.0,33.2,21.4
107013,LA_UNION,2019,08,24,0.0,30.4,19.8
107013,LA_UNION,2019,08,25,0.0,32.4,20.2
107013,LA_UNION,2019,08,26,0.0,32.8,21.2
107013,LA_UNION,2019,08,27,1.8,29.4,21.4
107013,LA_UNION,2019,08,28,0.0,28.2,21.4
107013,LA_UNION,2019,08,29,0.0,33.2,22.0
107013,LA_UNION,2019,08,30,0.0,35.0,19.8
107013,LA_UNION,2019,08,31,0.0,36.4,20.2
107013,LA_UNION,2019,09,01,0.0,35.0,20.8
107013,LA_UNION,2019,09,02,0.0,36.6,20.0
107013,LA_UNION,2019,09,03,0.0,36.0,20.4
107013,LA_UNION,2019,09,04,22.8,32.2,20.2
107013,LA_UNION,2019,09,05,14.2,32.6,20.6
107013,LA_UNION,2019,09,06,0.0,31.6,20.0
107013,LA_UNION,2019,09,07,0.0,33.4,20.4
107013,LA_UNION,2019,09,08,0.0,35.6,20.6
107013,LA_UNION,2019,09,09,0.0,36.0,20.2
107013,LA_UNION,2019,09,10,0.0,35.8,20.4
107013,LA_UNION,2019,09,11,0.0,34.4,23.2
107013,LA_UNION,2019,09,12,0.0,34.6,22.4
107013,LA_UNION,2019,09,13,20.6,31.2,22.8
107013,LA_UNION,2019,09,14,0.0,29.6,20.8
107013,LA_UNION,2019,09,15,0.0,33.8,20.6
107013,LA_UNION,2019,09,16,0.0,35.8,20.4
107013,LA_UNION,2019,09,17,0.0,36.0,21.6
107013,LA_UNION,2019,09,18,0.0,35.2,21.0
107013,LA_UNION,2019,09,19,0.0,37.4,22.4
107013,LA_UNION,2019,09,20,0.6,33.8,22.6
107013,LA_UNION,2019,09,21,0.0,28.4,23.0
107013,LA_UNION,2019,09,22,12.7,34.6,22.0
107013,LA_UNION,2019,09,23,4.0,27.4,22.0
107013,LA_UNION,2019,09,24,0.0,30.2,23.0
107013,LA_UNION,2019,09,25,0.0,33.6,21.8
107013,LA_UNION,2019,09,26,0.0,35.6,21.4
107013,LA_UNION,2019,09,27,0.0,32.4,21.6
107013,LA_UNION,2019,09,28,0.0,33.8,21.2
107013,LA_UNION,2019,09,29,0.0,36.4,20.4
107013,LA_UNION,2019,09,30,0.0,33.4,22.4
107013,LA_UNION,2019,10,01,0.0,31.6,22.4
107013,LA_UNION,2019,10,02,0.0,33.4,21.6
107013,LA_UNION,2019,10,03,0.0,32.6,22.0
107013,LA_UNION,2019,10,04,0.0,36.2,22.0
107013,LA_UNION,2019,10,05,14.2,35.8,21.4
107013,LA_UNION,2019,10,06,0.0,35.2,22.4
107013,LA_UNION,2019,10,07,0.0,29.2,24.0
107013,LA_UNION,2019,10,08,13.9,30.6,-999
107013,LA_UNION,2019,10,09,0.0,32.6,22.0
107013,LA_UNION,2019,10,10,0.0,35.4,20.8
107013,LA_UNION,2019,10,11,8.9,34.4,21.4
107013,LA_UNION,2019,10,12,0.0,32.0,20.6
107013,LA_UNION,2019,10,13,0.0,32.4,21.4
107013,LA_UNION,2019,10,14,0.0,34.2,20.8
107013,LA_UNION,2019,10,15,0.0,35.0,21.4
107013,LA_UNION,2019,10,16,0.0,33.2,23.2
107013,LA_UNION,2019,10,17,5.8,32.8,22.8
107013,LA_UNION,2019,10,18,39.9,32.6,22.6
107013,LA_UNION,2019,10,19,3.0,29.6,22.8
107013,LA_UNION,2019,10,20,0.0,31.2,23.0
107013,LA_UNION,2019,10,21,0.0,35.2,21.2
107013,LA_UNION,2019,10,22,2.6,36.0,22.0
107013,LA_UNION,2019,10,23,1.6,27.8,21.2
107013,LA_UNION,2019,10,24,0.0,32.8,21.4
107013,LA_UNION,2019,10,25,0.0,32.4,21.2
107013,LA_UNION,2019,10,26,0.0,30.0,22.8
107013,LA_UNION,2019,10,27,0.0,32.8,21.8
107013,LA_UNION,2019,10,28,45.8,33.4,22.0
107013,LA_UNION,2019,10,29,0.0,30.2,22.8
107013,LA_UNION,2019,10,30,0.0,34.2,21.6
107013,LA_UNION,2019,10,31,0.0,35.0,21.8
107013,LA_UNION,2019,11,01,0.0,31.4,23.8
107013,LA_UNION,2019,11,02,0.0,34.8,22.2
107013,LA_UNION,2019,11,03,12.2,35.0,22.4
107013,LA_UNION,2019,11,04,0.0,33.6,22.2
107013,LA_UNION,2019,11,05,2.2,34.4,20.8
107013,LA_UNION,2019,11,06,0.0,34.2,23.2
107013,LA_UNION,2019,11,07,0.0,31.4,23.6
107013,LA_UNION,2019,11,08,9.2,35.0,21.6
107013,LA_UNION,2019,11,09,0.0,36.0,22.4
107013,LA_UNION,2019,11,10,20.5,33.2,23.2
107013,LA_UNION,2019,11,11,3.8,29.2,22.2
107013,LA_UNION,2019,11,12,0.0,34.4,22.4
107013,LA_UNION,2019,11,13,6.9,34.8,22.6
107013,LA_UNION,2019,11,14,0.0,34.6,22.0
107013,LA_UNION,2019,11,15,13.6,33.0,24.8
107013,LA_UNION,2019,11,16,15.9,27.2,23.2
107013,LA_UNION,2019,11,17,0.0,33.4,22.8
107013,LA_UNION,2019,11,18,21.3,35.6,23.0
107013,LA_UNION,2019,11,19,9.3,33.4,22.6
107013,LA_UNION,2019,11,20,11.4,32.4,22.4
107013,LA_UNION,2019,11,21,0.0,34.6,22.0
107013,LA_UNION,2019,11,22,10.8,28.8,23.0
107013,LA_UNION,2019,11,23,57.8,32.4,22.4
107013,LA_UNION,2019,11,24,12.5,30.8,22.8
107013,LA_UNION,2019,11,25,0.0,33.6,22.0
107013,LA_UNION,2019,11,26,0.0,34.8,22.2
107013,LA_UNION,2019,11,27,0.0,34.6,22.0
107013,LA_UNION,2019,11,28,0.0,34.2,22.8
107013,LA_UNION,2019,11,29,0.0,32.8,21.4
107013,LA_UNION,2019,11,30,0.0,35.2,23.4
107013,LA_UNION,2019,12,01,0.0,35.2,22.8
107013,LA_UNION,2019,12,02,0.0,31.8,23.0
107013,LA_UNION,2019,12,03,0.0,33.8,23.4
107013,LA_UNION,2019,12,04,0.0,34.2,23.6
107013,LA_UNION,2019,12,05,14.6,33.6,23.4
107013,LA_UNION,2019,12,06,0.0,32.6,22.8
107013,LA_UNION,2019,12,07,0.0,35.2,22.6
107013,LA_UNION,2019,12,08,0.0,36.8,23.6
107013,LA_UNION,2019,12,09,0.0,36.6,22.4
107013,LA_UNION,2019,12,10,0.0,35.6,21.8
107013,LA_UNION,2019,12,11,0.0,33.6,22.6
107013,LA_UNION,2019,12,12,14.9,36.2,23.0
107013,LA_UNION,2019,12,13,0.0,30.0,23.8
107013,LA_UNION,2019,12,14,31.3,27.8,22.2
107013,LA_UNION,2019,12,15,0.0,33.2,22.0
107013,LA_UNION,2019,12,16,0.0,30.4,23.4
107013,LA_UNION,2019,12,17,0.0,34.6,23.2
107013,LA_UNION,2019,12,18,5.7,33.6,22.0
107013,LA_UNION,2019,12,19,2.0,31.4,23.0
107013,LA_UNION,2019,12,20,14.0,33.0,23.6
107013,LA_UNION,2019,12,21,0.0,33.6,23.4
107013,LA_UNION,2019,12,22,0.0,34.2,22.0
107013,LA_UNION,2019,12,23,10.0,32.4,22.2
107013,LA_UNION,2019,12,24,0.0,33.2,22.6
107013,LA_UNION,2019,12,25,0.0,33.4,22.8
107013,LA_UNION,2019,12,26,0.0,35.8,23.0
107013,LA_UNION,2019,12,27,0.0,36.4,23.8
107013,LA_UNION,2019,12,28,27.6,33.8,22.8
107013,LA_UNION,2019,12,29,0.0,34.2,22.0
107013,LA_UNION,2019,12,30,0.0,35.6,23.0
107013,LA_UNION,2019,12,31,0.0,35.8,23.2
107013,LA_UNION,2020,01,01,0.0,36.6,25.0
107013,LA_UNION,2020,01,02,0.0,32.8,24.2
107013,LA_UNION,2020,01,03,0.0,33.6,22.6
107013,LA_UNION,2020,01,04,0.0,35.6,22.8
107013,LA_UNION,2020,01,05,0.0,36.0,23.0
107013,LA_UNION,2020,01,06,0.0,36.6,24.2
107013,LA_UNION,2020,01,07,0.0,35.4,25.2
107013,LA_UNION,2020,01,08,0.0,35.2,24.2
107013,LA_UNION,2020,01,09,0.0,37.4,21.6
107013,LA_UNION,2020,01,10,0.0,35.6,24.4
107013,LA_UNION,2020,01,11,0.0,34.6,23.8
107013,LA_UNION,2020,01,12,0.0,35.2,23.6
107013,LA_UNION,2020,01,13,0.0,35.0,23.4
107013,LA_UNION,2020,01,14,0.0,34.6,22.2
107013,LA_UNION,2020,01,15,0.0,34.4,22.8
107013,LA_UNION,2020,01,16,0.0,35.4,23.4
107013,LA_UNION,2020,01,17,0.0,37.2,21.2
107013,LA_UNION,2020,01,18,28.7,30.4,23.2
107013,LA_UNION,2020,01,19,0.7,28.8,22.8
107013,LA_UNION,2020,01,20,0.0,34.4,22.4
107013,LA_UNION,2020,01,21,0.0,36.8,22.6
107013,LA_UNION,2020,01,22,0.9,34.2,23.4
107013,LA_UNION,2020,01,23,5.5,29.0,24.0
107013,LA_UNION,2020,01,24,0.0,34.8,23.0
107013,LA_UNION,2020,01,25,6.0,34.4,23.8
107013,LA_UNION,2020,01,26,0.8,30.8,23.6
107013,LA_UNION,2020,01,27,0.0,36.2,21.8
107013,LA_UNION,2020,01,28,0.0,-999,24.2
107013,LA_UNION,2020,01,29,0.8,-999,23.2
107013,LA_UNION,2020,01,30,0.0,31.0,22.8
107013,LA_UNION,2020,01,31,9.8,29.8,23.0
107013,LA_UNION,2020,02,01,0.0,32.8,22.2
107013,LA_UNION,2020,02,02,0.0,34.4,22.4
107013,LA_UNION,2020,02,03,0.0,34.8,22.8
107013,LA_UNION,2020,02,04,0.0,36.8,22.6
107013,LA_UNION,2020,02,05,0.0,37.6,22.8
107013,LA_UNION,2020,02,06,0.0,36.8,24.6
107013,LA_UNION,2020,02,07,0.0,31.6,23.8
107013,LA_UNION,2020,02,08,0.0,35.6,22.4
107013,LA_UNION,2020,02,09,0.0,36.4,23.8
107013,LA_UNION,2020,02,10,0.0,35.4,24.0
107013,LA_UNION,2020,02,11,0.0,32.6,24.2
107013,LA_UNION,2020,02,12,0.0,35.2,22.6
107013,LA_UNION,2020,02,13,0.0,35.0,22.8
107013,LA_UNION,2020,02,14,0.0,35.2,24.8
107013,LA_UNION,2020,02,15,0.0,33.2,22.0
107013,LA_UNION,2020,02,16,1.3,35.4,21.2
107013,LA_UNION,2020,02,17,0.0,34.8,21.4
107013,LA_UNION,2020,02,18,0.0,34.6,23.2
107013,LA_UNION,2020,02,19,0.0,36.2,24.2
107013,LA_UNION,2020,02,20,0.0,38.4,23.8
107013,LA_UNION,2020,02,21,5.5,38.8,24.8
107013,LA_UNION,2020,02,22,0.0,32.8,23.0
107013,LA_UNION,2020,02,23,0.0,35.0,22.6
107013,LA_UNION,2020,02,24,0.0,32.8,23.8
107013,LA_UNION,2020,02,25,0.0,35.4,24.6
107013,LA_UNION,2020,02,26,0.0,37.2,24.0
107013,LA_UNION,2020,02,27,7.5,33.6,24.4
107013,LA_UNION,2020,02,28,0.0,34.2,24.0
107013,LA_UNION,2020,02,29,0.0,31.4,24.2
107013,LA_UNION,2020,03,01,29.3,31.2,22.8
107013,LA_UNION,2020,03,02,0.0,35.0,23.4
107013,LA_UNION,2020,03,03,0.0,36.6,22.0
107013,LA_UNION,2020,03,04,0.0,29.6,22.6
107013,LA_UNION,2020,03,05,0.0,34.2,23.2
107013,LA_UNION,2020,03,06,0.0,30.0,23.4
107013,LA_UNION,2020,03,07,0.0,34.4,22.0
107013,LA_UNION,2020,03,08,20.3,35.2,23.4
107013,LA_UNION,2020,03,09,15.7,30.0,23.0
107013,LA_UNION,2020,03,10,0.0,34.8,23.4
107013,LA_UNION,2020,03,11,0.0,35.0,24.2
107013,LA_UNION,2020,03,12,0.0,34.4,22.4
107013,LA_UNION,2020,03,13,16.8,36.4,22.6
107013,LA_UNION,2020,03,14,0.0,32.6,22.8
107013,LA_UNION,2020,03,15,-999,32.8,24.2
107013,LA_UNION,2020,03,16,-999,-999,-999
107013,LA_UNION,2020,03,17,-999,-999,-999
107013,LA_UNION,2020,03,18,-999,-999,-999
107013,LA_UNION,2020,03,19,-999,-999,-999
107013,LA_UNION,2020,03,20,-999,-999,-999
107013,LA_UNION,2020,03,21,-999,-999,-999
107013,LA_UNION,2020,03,22,-999,-999,-999
107013,LA_UNION,2020,03,23,-999,-999,-999
107013,LA_UNION,2020,03,24,-999,-999,-999
107013,LA_UNION,2020,03,25,-999,-999,-999
107013,LA_UNION,2020,03,26,-999,-999,-999
107013,LA_UNION,2020,03,27,-999,-999,-999
107013,LA_UNION,2020,03,28,-999,-999,-999
107013,LA_UNION,2020,03,29,-999,-999,-999
107013,LA_UNION,2020,03,30,-999,-999,-999
107013,LA_UNION,2020,03,31,-999,-999,-999
107013,LA_UNION,2020,08,01,0.0,35.0,21.6
107013,LA_UNION,2020,08,02,0.0,-999,-999
107013,LA_UNION,2020,08,03,0.0,34.8,20.2
107013,LA_UNION,2020,08,04,0.0,35.0,19.8
107013,LA_UNION,2020,08,05,0.0,35.4,20.2
107013,LA_UNION,2020,08,06,0.0,35.4,20.4
107013,LA_UNION,2020,08,07,3.1,33.0,20.2
107013,LA_UNION,2020,08,08,0.0,34.2,21.8
107013,LA_UNION,2020,08,09,0.0,-999,-999
107013,LA_UNION,2020,08,10,0.0,35.4,20.0
107013,LA_UNION,2020,08,11,0.0,36.2,19.6
107013,LA_UNION,2020,08,12,0.0,36.2,20.6
107013,LA_UNION,2020,08,13,0.0,36.4,20.0
107013,LA_UNION,2020,08,14,0.0,36.6,20.2
107013,LA_UNION,2020,08,15,0.0,33.8,20.4
107013,LA_UNION,2020,08,16,0.0,-999,-999
107013,LA_UNION,2020,08,17,0.0,37.6,20.2
107013,LA_UNION,2020,08,18,0.0,38.2,20.4
107013,LA_UNION,2020,08,19,0.0,38.2,20.6
107013,LA_UNION,2020,08,20,1.5,31.2,20.4
107013,LA_UNION,2020,08,21,34.7,30.0,19.2
107013,LA_UNION,2020,08,22,0.0,27.0,19.0
107013,LA_UNION,2020,08,23,0.0,27.8,19.2
107013,LA_UNION,2020,08,24,0.0,31.6,19.4
107013,LA_UNION,2020,08,25,0.0,34.0,19.8
107013,LA_UNION,2020,08,26,0.0,35.0,19.6
107013,LA_UNION,2020,08,27,0.0,36.8,20.2
107013,LA_UNION,2020,08,28,0.0,36.4,19.2
107013,LA_UNION,2020,08,29,0.0,35.0,20.2
107013,LA_UNION,2020,08,30,0.0,36.4,22.4
107013,LA_UNION,2020,08,31,0.0,33.6,21.6
107013,LA_UNION,2020,09,01,0.0,32.2,21.2
107013,LA_UNION,2020,09,02,0.0,30.2,20.8
107013,LA_UNION,2020,09,03,0.0,31.8,21.0
107013,LA_UNION,2020,09,04,0.0,35.4,20.2
107013,LA_UNION,2020,09,05,5.6,35.0,20.6
107013,LA_UNION,2020,09,06,0.0,33.4,21.2
107013,LA_UNION,2020,09,07,0.0,36.8,21.2
107013,LA_UNION,2020,09,08,0.0,31.8,21.4
107013,LA_UNION,2020,09,09,4.2,34.6,21.2
107013,LA_UNION,2020,09,10,0.0,34.4,19.8
107013,LA_UNION,2020,09,11,0.0,33.8,20.0
107013,LA_UNION,2020,09,12,0.0,35.8,19.6
107013,LA_UNION,2020,09,13,6.1,35.4,19.8
107013,LA_UNION,2020,09,14,6.3,33.0,20.0
107013,LA_UNION,2020,09,15,12.3,29.8,20.2
107013,LA_UNION,2020,09,16,0.0,33.0,20.0
107013,LA_UNION,2020,09,17,1.6,35.4,20.2
107013,LA_UNION,2020,09,18,0.0,32.2,20.4
107013,LA_UNION,2020,09,19,0.0,36.4,20.6
107013,LA_UNION,2020,09,20,0.0,36.6,20.4
107013,LA_UNION,2020,09,21,0.0,34.2,20.6
107013,LA_UNION,2020,09,22,0.0,29.8,20.4
107013,LA_UNION,2020,09,23,15.7,27.8,20.6
107013,LA_UNION,2020,09,24,0.0,30.2,20.8
107013,LA_UNION,2020,09,25,0.0,34.6,22.4
107013,LA_UNION,2020,09,26,0.0,36.8,21.0
107013,LA_UNION,2020,09,27,0.0,37.0,21.4
107013,LA_UNION,2020,09,28,0.0,33.6,21.6
107013,LA_UNION,2020,09,29,7.4,29.2,21.4
107013,LA_UNION,2020,09,30,2.7,26.4,21.2
107013,LA_UNION,2020,10,01,0.0,32.0,21.4
107013,LA_UNION,2020,10,02,0.0,33.8,20.2
107013,LA_UNION,2020,10,03,15.4,34.4,20.4
107013,LA_UNION,2020,10,04,0.0,31.2,20.2
107013,LA_UNION,2020,10,05,0.0,32.4,20.0
107013,LA_UNION,2020,10,06,0.0,35.4,20.4
107013,LA_UNION,2020,10,07,4.0,36.2,20.2
107013,LA_UNION,2020,10,08,0.0,33.6,20.6
107013,LA_UNION,2020,10,09,0.0,34.0,20.4
107013,LA_UNION,2020,10,10,0.0,36.8,20.8
107013,LA_UNION,2020,10,11,0.0,37.2,20.6
107013,LA_UNION,2020,10,12,1.8,37.6,20.8
107013,LA_UNION,2020,10,13,0.0,30.0,21.2
107013,LA_UNION,2020,10,14,0.0,35.8,19.8
107013,LA_UNION,2020,10,15,0.0,30.0,20.0
107013,LA_UNION,2020,10,16,1.6,32.2,20.2
107013,LA_UNION,2020,10,17,0.0,33.6,20.0
107013,LA_UNION,2020,10,18,0.0,34.2,20.2
107013,LA_UNION,2020,10,19,0.0,34.4,20.0
107013,LA_UNION,2020,10,20,32.1,32.2,20.4
107013,LA_UNION,2020,10,21,6.6,31.8,20.2
107013,LA_UNION,2020,10,22,1.2,29.8,20.4
107013,LA_UNION,2020,10,23,0.0,34.2,20.2
107013,LA_UNION,2020,10,24,0.0,36.8,20.4
107013,LA_UNION,2020,10,25,0.0,37.0,22.0
107013,LA_UNION,2020,10,26,0.0,38.2,21.4
107013,LA_UNION,2020,10,27,0.0,39.0,21.6
107013,LA_UNION,2020,10,28,0.5,36.4,22.8
107013,LA_UNION,2020,10,29,0.0,34.4,23.0
107013,LA_UNION,2020,10,30,44.9,30.2,24.2
107013,LA_UNION,2020,10,31,0.0,29.6,22.6
107013,LA_UNION,2020,11,01,0.0,31.4,22.4
107013,LA_UNION,2020,11,02,0.0,34.0,21.6
107013,LA_UNION,2020,11,03,10.3,29.2,21.8
107013,LA_UNION,2020,11,04,0.0,34.8,21.2
107013,LA_UNION,2020,11,05,0.0,35.4,21.6
107013,LA_UNION,2020,11,06,0.0,36.0,21.4
107013,LA_UNION,2020,11,07,0.0,35.6,21.6
107013,LA_UNION,2020,11,08,9.1,35.8,22.6
107013,LA_UNION,2020,11,09,0.0,34.8,21.2
107013,LA_UNION,2020,11,10,0.0,36.4,21.4
107013,LA_UNION,2020,11,11,0.9,31.4,21.6
107013,LA_UNION,2020,11,12,1.2,33.6,21.4
107013,LA_UNION,2020,11,13,0.0,35.6,21.8
107013,LA_UNION,2020,11,14,0.0,36.8,22.8
107013,LA_UNION,2020,11,15,0.0,36.4,21.8
107013,LA_UNION,2020,11,16,2.0,34.2,21.6
107013,LA_UNION,2020,11,17,0.0,36.2,20.6
107013,LA_UNION,2020,11,18,0.0,38.0,20.8
107013,LA_UNION,2020,11,19,8.7,36.2,21.0
107013,LA_UNION,2020,11,20,2.0,33.0,21.2
107013,LA_UNION,2020,11,21,3.8,34.2,21.0
107013,LA_UNION,2020,11,22,17.1,30.0,23.0
107013,LA_UNION,2020,11,23,2.5,32.6,23.2
107013,LA_UNION,2020,11,24,0.0,36.2,23.4
107013,LA_UNION,2020,11,25,0.0,35.6,23.0
107013,LA_UNION,2020,11,26,0.0,34.2,22.8
107013,LA_UNION,2020,11,27,24.0,33.0,23.0
107013,LA_UNION,2020,11,28,0.0,30.4,21.4
107013,LA_UNION,2020,11,29,7.4,32.2,22.6
107013,LA_UNION,2020,11,30,0.0,31.6,22.4
107013,LA_UNION,2020,12,01,0.0,33.4,21.6
107013,LA_UNION,2020,12,02,3.0,31.8,21.8
107013,LA_UNION,2020,12,03,0.0,34.6,22.0
107013,LA_UNION,2020,12,04,0.7,32.4,21.8
107013,LA_UNION,2020,12,05,0.0,32.0,22.2
107013,LA_UNION,2020,12,06,0.0,32.4,22.4
107013,LA_UNION,2020,12,07,12.2,29.4,22.2
107013,LA_UNION,2020,12,08,1.7,30.6,22.4
107013,LA_UNION,2020,12,09,0.0,34.6,22.8
107013,LA_UNION,2020,12,10,2.1,36.6,23.2
107013,LA_UNION,2020,12,11,0.0,33.4,23.8
107013,LA_UNION,2020,12,12,4.9,32.2,23.4
107013,LA_UNION,2020,12,13,0.0,34.8,22.4
107013,LA_UNION,2020,12,14,0.0,34.6,20.4
107013,LA_UNION,2020,12,15,0.0,35.4,20.6
107013,LA_UNION,2020,12,16,0.0,36.4,20.8
107013,LA_UNION,2020,12,17,0.0,36.2,20.6
107013,LA_UNION,2020,12,18,0.0,36.6,21.8
107013,LA_UNION,2020,12,19,0.0,36.4,20.2
107013,LA_UNION,2020,12,20,0.0,37.0,22.8
107013,LA_UNION,2020,12,21,0.0,37.2,22.0
107013,LA_UNION,2020,12,22,0.0,36.4,21.0
107013,LA_UNION,2020,12,23,0.0,30.8,21.2
107013,LA_UNION,2020,12,24,0.0,34.0,23.0
107013,LA_UNION,2020,12,25,0.0,36.4,23.2
107013,LA_UNION,2020,12,26,40.0,37.0,23.0
107013,LA_UNION,2020,12,27,11.0,28.8,22.0
107013,LA_UNION,2020,12,28,0.0,33.6,22.2
107013,LA_UNION,2020,12,29,0.0,35.4,22.4
107013,LA_UNION,2020,12,30,1.7,33.4,22.6
107013,LA_UNION,2020,12,31,2.4,32.6,22.4
107013,LA_UNION,2021,01,01,7.9,30.4,22.8
107013,LA_UNION,2021,01,02,0.0,32.8,22.6
107013,LA_UNION,2021,01,03,0.0,34.2,22.2
107013,LA_UNION,2021,01,04,0.0,30.0,22.4
107013,LA_UNION,2021,01,05,3.3,30.8,22.2
107013,LA_UNION,2021,01,06,0.0,32.0,22.0
107013,LA_UNION,2021,01,07,11.3,32.2,22.4
107013,LA_UNION,2021,01,08,0.0,31.2,21.8
107013,LA_UNION,2021,01,09,0.0,36.8,22.0
107013,LA_UNION,2021,01,10,1.8,34.0,22.2
107013,LA_UNION,2021,01,11,0.0,34.6,22.4
107013,LA_UNION,2021,01,12,0.0,36.4,22.2
107013,LA_UNION,2021,01,13,0.0,36.8,22.2
107013,LA_UNION,2021,01,14,0.0,37.0,21.8
107013,LA_UNION,2021,01,15,0.0,35.8,22.0
107013,LA_UNION,2021,01,16,0.0,35.8,22.2
107013,LA_UNION,2021,01,17,0.0,38.0,23.0
107013,LA_UNION,2021,01,18,0.0,38.4,20.8
107013,LA_UNION,2021,01,19,0.0,37.2,20.6
107013,LA_UNION,2021,01,20,0.0,34.4,22.0
107013,LA_UNION,2021,01,21,0.0,33.8,21.8
107013,LA_UNION,2021,01,22,6.5,35.4,23.0
107013,LA_UNION,2021,01,23,8.6,28.8,22.0
107013,LA_UNION,2021,01,24,6.4,29.2,22.2
107013,LA_UNION,2021,01,25,0.0,32.2,22.0
107013,LA_UNION,2021,01,26,0.0,35.2,21.0
107013,LA_UNION,2021,01,27,0.0,35.0,22.0
107013,LA_UNION,2021,01,28,0.0,36.2,20.2
107013,LA_UNION,2021,01,29,0.0,36.6,20.8
107013,LA_UNION,2021,01,30,0.0,34.8,21.0
107013,LA_UNION,2021,01,31,0.0,34.6,21.4
107013,LA_UNION,2021,02,01,0.0,-999,21.2
107013,LA_UNION,2021,02,02,0.0,33.8,21.8
107013,LA_UNION,2021,02,03,0.0,36.4,21.0
107013,LA_UNION,2021,02,04,15.7,35.4,22.8
107013,LA_UNION,2021,02,05,2.6,33.8,22.2
107013,LA_UNION,2021,02,06,0.0,31.0,22.4
107013,LA_UNION,2021,02,07,0.0,34.2,22.6
107013,LA_UNION,2021,02,08,0.0,36.8,23.0
107013,LA_UNION,2021,02,09,0.0,36.8,23.4
107013,LA_UNION,2021,02,10,0.0,33.6,24.0
107013,LA_UNION,2021,02,11,0.0,33.0,24.6
107013,LA_UNION,2021,02,12,1.4,30.6,23.6
107013,LA_UNION,2021,02,13,0.0,35.8,21.2
107013,LA_UNION,2021,02,14,0.0,35.4,21.4
107013,LA_UNION,2021,02,15,0.0,35.2,21.6
107013,LA_UNION,2021,02,16,0.0,34.8,21.8
107013,LA_UNION,2021,02,17,0.0,37.4,21.4
107013,LA_UNION,2021,02,18,0.0,36.8,22.0
107013,LA_UNION,2021,02,19,0.0,37.2,21.8
107013,LA_UNION,2021,02,20,0.0,36.6,22.0
107013,LA_UNION,2021,02,21,30.8,37.4,21.4
107013,LA_UNION,2021,02,22,0.4,28.4,21.6
107013,LA_UNION,2021,02,23,1.8,31.8,21.8
107013,LA_UNION,2021,02,24,5.1,31.4,22.0
107013,LA_UNION,2021,02,25,0.0,29.0,21.8
107013,LA_UNION,2021,02,26,0.0,33.8,22.8
107013,LA_UNION,2021,02,27,4.8,33.8,21.4
107013,LA_UNION,2021,02,28,4.0,29.4,21.6
107013,LA_UNION,2021,03,01,0.0,33.4,21.8
107013,LA_UNION,2021,03,02,1.3,30.6,22.0
107013,LA_UNION,2021,03,03,4.0,32.6,22.2
107013,LA_UNION,2021,03,04,0.0,33.6,22.0
107013,LA_UNION,2021,03,05,0.0,34.0,21.8
107013,LA_UNION,2021,03,06,0.2,31.8,22.0
107013,LA_UNION,2021,03,07,1.6,28.8,22.2
107013,LA_UNION,2021,03,08,0.0,35.2,22.4
107013,LA_UNION,2021,03,09,24.7,34.8,22.2
107013,LA_UNION,2021,03,10,0.0,31.8,21.6
107013,LA_UNION,2021,03,11,0.0,34.8,21.8
107013,LA_UNION,2021,03,12,0.0,35.0,21.6
107013,LA_UNION,2021,03,13,0.0,34.2,22.2
107013,LA_UNION,2021,03,14,8.3,30.2,22.4
107013,LA_UNION,2021,03,15,5.0,33.0,22.0
107013,LA_UNION,2021,03,16,0.0,30.8,22.4
107013,LA_UNION,2021,03,17,0.0,33.6,22.0
107013,LA_UNION,2021,03,18,3.7,34.8,21.8
107013,LA_UNION,2021,03,19,0.0,30.8,21.0
107013,LA_UNION,2021,03,20,3.4,31.4,22.0
107013,LA_UNION,2021,03,21,15.6,28.8,22.2
107013,LA_UNION,2021,03,22,0.0,32.4,21.8
107013,LA_UNION,2021,03,23,5.0,32.6,22.0
107013,LA_UNION,2021,03,24,6.9,29.6,21.6
107013,LA_UNION,2021,03,25,29.4,32.2,22.8
107013,LA_UNION,2021,03,26,0.0,33.4,22.6
107013,LA_UNION,2021,03,27,0.0,34.4,22.8
107013,LA_UNION,2021,03,28,8.0,34.8,22.6
107013,LA_UNION,2021,03,29,1.0,30.2,22.4
107013,LA_UNION,2021,03,30,0.0,30.4,22.6
107013,LA_UNION,2021,03,31,0.0,32.8,22.0
107013,LA_UNION,2021,04,01,0.0,32.8,22.4
107013,LA_UNION,2021,04,02,0.0,35.6,22.6
107013,LA_UNION,2021,04,03,12.2,27.6,22.8
107013,LA_UNION,2021,04,04,4.0,30.2,22.6
107013,LA_UNION,2021,04,05,1.1,30.8,22.0
107013,LA_UNION,2021,04,06,0.0,31.6,22.6
107013,LA_UNION,2021,04,07,0.5,33.4,22.8
107013,LA_UNION,2021,04,08,0.0,34.0,22.6
107013,LA_UNION,2021,04,09,50.2,35.4,22.0
107013,LA_UNION,2021,04,10,22.2,26.4,22.2
107013,LA_UNION,2021,04,11,0.0,33.0,22.0
107013,LA_UNION,2021,04,12,2.2,33.6,22.2
107013,LA_UNION,2021,04,13,0.0,32.6,22.0
107013,LA_UNION,2021,04,14,3.8,31.4,22.2
107013,LA_UNION,2021,04,15,0.0,33.8,22.4
107013,LA_UNION,2021,04,16,0.0,33.4,22.6
107013,LA_UNION,2021,04,17,4.4,32.4,22.6
107013,LA_UNION,2021,04,18,0.0,34.0,22.2
107013,LA_UNION,2021,04,19,0.0,33.4,22.0
107013,LA_UNION,2021,04,20,0.0,34.6,21.8
107013,LA_UNION,2021,04,21,0.0,35.0,22.0
107013,LA_UNION,2021,04,22,0.0,35.6,22.2
107013,LA_UNION,2021,04,23,0.0,35.0,21.6
107013,LA_UNION,2021,04,24,0.0,35.2,21.8
107013,LA_UNION,2021,04,25,0.0,35.8,21.6
107013,LA_UNION,2021,04,26,4.0,33.0,21.8
107013,LA_UNION,2021,04,27,0.0,27.8,22.0
107013,LA_UNION,2021,04,28,4.6,28.2,21.8
107013,LA_UNION,2021,04,29,5.6,27.8,22.2
107013,LA_UNION,2021,04,30,0.0,32.8,22.4
107013,LA_UNION,2021,05,01,0.0,30.8,19.8
107013,LA_UNION,2021,05,02,0.0,32.0,19.6
107013,LA_UNION,2021,05,03,0.0,34.0,19.8
107013,LA_UNION,2021,05,04,0.0,35.2,22.2
107013,LA_UNION,2021,05,05,0.0,35.4,21.6
107013,LA_UNION,2021,05,06,1.8,35.2,22.2
107013,LA_UNION,2021,05,07,6.3,31.6,21.4
107013,LA_UNION,2021,05,08,0.0,28.6,21.0
107013,LA_UNION,2021,05,09,0.0,30.6,20.8
107013,LA_UNION,2021,05,10,0.0,33.4,20.0
107013,LA_UNION,2021,05,11,0.0,34.4,20.4
107013,LA_UNION,2021,05,12,0.0,32.0,21.6
107013,LA_UNION,2021,05,13,5.2,31.8,22.2
107013,LA_UNION,2021,05,14,12.2,31.6,22.8
107013,LA_UNION,2021,05,15,0.0,30.6,23.0
107013,LA_UNION,2021,05,16,0.0,32.4,22.0
107013,LA_UNION,2021,05,17,9.4,32.8,22.6
107013,LA_UNION,2021,05,18,8.1,32.6,22.4
107013,LA_UNION,2021,05,19,0.0,31.8,22.6
107013,LA_UNION,2021,05,20,0.0,34.4,22.0
107013,LA_UNION,2021,05,21,0.0,34.8,21.6
107013,LA_UNION,2021,05,22,0.0,33.4,22.8
107013,LA_UNION,2021,05,23,3.9,35.0,22.6
107013,LA_UNION,2021,05,24,0.0,31.2,22.8
107013,LA_UNION,2021,05,25,0.0,35.0,21.2
107013,LA_UNION,2021,05,26,0.0,33.6,22.2
107013,LA_UNION,2021,05,27,0.0,34.2,22.0
107013,LA_UNION,2021,05,28,0.0,34.6,20.2
107013,LA_UNION,2021,05,29,0.0,35.2,21.4
107013,LA_UNION,2021,05,30,1.2,34.6,21.0
107013,LA_UNION,2021,05,31,12.9,31.4,23.0
107013,LA_UNION,2021,06,01,0.0,31.8,23.2
107013,LA_UNION,2021,06,02,0.0,33.6,22.4
107013,LA_UNION,2021,06,03,15.4,32.0,22.2
107013,LA_UNION,2021,06,04,1.2,29.0,23.2
107013,LA_UNION,2021,06,05,0.0,31.4,21.8
107013,LA_UNION,2021,06,06,0.0,29.6,20.8
107013,LA_UNION,2021,06,07,0.0,33.8,22.2
107013,LA_UNION,2021,06,08,0.0,30.4,22.4
107013,LA_UNION,2021,06,09,0.0,31.6,22.2
107013,LA_UNION,2021,06,10,0.0,34.6,21.4
107013,LA_UNION,2021,06,11,0.0,34.8,21.6
107013,LA_UNION,2021,06,12,0.0,30.4,21.4
107013,LA_UNION,2021,06,13,0.0,30.8,20.2
107013,LA_UNION,2021,06,14,0.0,33.6,19.6
107013,LA_UNION,2021,06,15,0.0,34.0,20.4
107013,LA_UNION,2021,06,16,0.0,33.0,19.6
107013,LA_UNION,2021,06,17,2.3,30.6,19.8
107013,LA_UNION,2021,06,18,1.6,29.8,19.6
107013,LA_UNION,2021,06,19,3.6,29.4,22.6
107013,LA_UNION,2021,06,20,0.0,31.0,21.4
107013,LA_UNION,2021,06,21,0.0,33.0,21.8
107013,LA_UNION,2021,06,22,0.0,33.6,20.0
107013,LA_UNION,2021,06,23,0.0,34.4,20.2
107013,LA_UNION,2021,06,24,0.0,33.2,19.6
107013,LA_UNION,2021,06,25,0.0,34.6,19.4
107013,LA_UNION,2021,06,26,0.0,34.8,20.0
107013,LA_UNION,2021,06,27,0.0,35.4,21.4
107013,LA_UNION,2021,06,28,0.0,34.4,21.6
107013,LA_UNION,2021,06,29,8.2,27.8,21.4
107013,LA_UNION,2021,06,30,0.0,26.0,17.4
107013,LA_UNION,2021,07,01,0.0,30.4,16.8
107013,LA_UNION,2021,07,02,0.0,31.8,16.4
107013,LA_UNION,2021,07,03,0.0,33.2,20.0
107013,LA_UNION,2021,07,04,0.0,32.8,18.0
107013,LA_UNION,2021,07,05,0.0,33.0,17.4
107013,LA_UNION,2021,07,06,0.0,33.2,17.6
107013,LA_UNION,2021,07,07,0.0,33.6,17.2
107013,LA_UNION,2021,07,08,0.0,33.4,18.2
107013,LA_UNION,2021,07,09,9.0,31.2,21.4
107013,LA_UNION,2021,07,10,0.0,32.6,21.2
107013,LA_UNION,2021,07,11,0.6,32.2,22.0
107013,LA_UNION,2021,07,12,2.3,27.6,22.2
107013,LA_UNION,2021,07,13,0.0,33.6,22.4
107013,LA_UNION,2021,07,14,0.0,34.4,19.4
107013,LA_UNION,2021,07,15,0.0,33.8,19.4
107013,LA_UNION,2021,07,16,0.0,34.0,19.6
107013,LA_UNION,2021,07,17,0.0,33.6,19.8
107013,LA_UNION,2021,07,18,27.8,31.4,19.6
107013,LA_UNION,2021,07,19,5.0,27.4,21.8
107013,LA_UNION,2021,07,20,0.0,31.4,20.8
107013,LA_UNION,2021,07,21,0.0,32.0,19.0
107013,LA_UNION,2021,07,22,0.0,33.0,19.4
107013,LA_UNION,2021,07,23,0.0,32.8,18.8
107013,LA_UNION,2021,07,24,0.0,33.0,19.4
107013,LA_UNION,2021,07,25,0.0,34.6,19.6
107013,LA_UNION,2021,07,26,0.0,34.0,19.2
107013,LA_UNION,2021,07,27,0.0,35.0,19.6
107013,LA_UNION,2021,07,28,0.0,33.0,21.2
107013,LA_UNION,2021,07,29,0.0,26.8,21.4
107013,LA_UNION,2021,07,30,0.0,28.4,19.2
107013,LA_UNION,2021,07,31,0.0,31.4,17.4
107013,LA_UNION,2021,08,01,0.0,32.0,18.6
107013,LA_UNION,2021,08,02,0.0,33.2,20.0
107013,LA_UNION,2021,08,03,0.0,33.6,18.0
107013,LA_UNION,2021,08,04,0.0,34.8,17.8
107013,LA_UNION,2021,08,05,0.0,33.8,17.6
107013,LA_UNION,2021,08,06,0.0,34.8,17.2
107013,LA_UNION,2021,08,07,0.0,33.8,17.4
107013,LA_UNION,2021,08,08,0.0,35.0,18.8
107013,LA_UNION,2021,08,09,0.0,35.2,19.0
107013,LA_UNION,2021,08,10,3.0,30.8,22.6
107013,LA_UNION,2021,08,11,13.3,28.2,21.0
107013,LA_UNION,2021,08,12,0.0,30.6,21.2
107013,LA_UNION,2021,08,13,0.0,33.4,21.6
107013,LA_UNION,2021,08,14,6.2,33.2,21.8
107013,LA_UNION,2021,08,15,0.0,33.8,21.2
107013,LA_UNION,2021,08,16,0.0,34.6,21.0
107013,LA_UNION,2021,08,17,0.0,35.8,21.2
107013,LA_UNION,2021,08,18,0.0,35.2,21.0
107013,LA_UNION,2021,08,19,0.0,35.4,21.2
107013,LA_UNION,2021,08,20,0.0,35.2,20.3
107013,LA_UNION,2021,08,21,6.5,36.4,20.8
107013,LA_UNION,2021,08,22,0.0,33.0,20.6
107013,LA_UNION,2021,08,23,0.0,36.8,20.8
107013,LA_UNION,2021,08,24,0.0,36.6,21.0
107013,LA_UNION,2021,08,25,0.0,37.0,20.8
107013,LA_UNION,2021,08,26,0.0,36.2,22.6
107013,LA_UNION,2021,08,27,0.0,37.4,21.4
107013,LA_UNION,2021,08,28,0.0,34.2,21.8
107013,LA_UNION,2021,08,29,0.0,32.2,21.6
107013,LA_UNION,2021,08,30,10.8,31.0,21.4
107013,LA_UNION,2021,08,31,0.0,32.4,20.4
107013,LA_UNION,2021,09,01,0.0,34.4,20.6
107013,LA_UNION,2021,09,02,0.0,33.8,20.2
107013,LA_UNION,2021,09,03,0.0,35.6,20.4
107013,LA_UNION,2021,09,04,0.0,36.2,20.2
107013,LA_UNION,2021,09,05,19.0,35.0,21.2
107013,LA_UNION,2021,09,06,3.6,31.0,20.4
107013,LA_UNION,2021,09,07,0.0,32.0,20.6
107013,LA_UNION,2021,09,08,0.0,35.4,20.8
107013,LA_UNION,2021,09,09,0.0,35.6,20.6
107013,LA_UNION,2021,09,10,3.5,34.8,20.8
107013,LA_UNION,2021,09,11,3.1,29.0,22.2
107013,LA_UNION,2021,09,12,0.0,33.0,22.0
107013,LA_UNION,2021,09,13,9.3,31.8,21.8
107013,LA_UNION,2021,09,14,0.0,36.0,20.0
107013,LA_UNION,2021,09,15,0.0,36.4,20.2
107013,LA_UNION,2021,09,16,70.8,32.8,20.4
107013,LA_UNION,2021,09,17,0.0,31.0,20.2
107013,LA_UNION,2021,09,18,0.0,34.0,20.6
107013,LA_UNION,2021,09,19,0.0,35.4,21.2
107013,LA_UNION,2021,09,20,0.0,36.2,22.2
107013,LA_UNION,2021,09,21,18.9,31.4,23.8
107013,LA_UNION,2021,09,22,2.6,31.8,22.0
107013,LA_UNION,2021,09,23,0.0,32.2,21.0
107013,LA_UNION,2021,09,24,0.0,29.8,21.2
107013,LA_UNION,2021,09,25,2.7,34.2,21.4
107013,LA_UNION,2021,09,26,0.0,33.8,21.6
107013,LA_UNION,2021,09,27,3.4,37.6,21.8
107013,LA_UNION,2021,09,28,0.0,35.4,21.2
107013,LA_UNION,2021,09,29,0.0,33.4,21.4
107013,LA_UNION,2021,09,30,0.0,34.2,21.6
107013,LA_UNION,2021,10,01,0.0,36.0,21.4
107013,LA_UNION,2021,10,02,0.0,36.4,21.8
107013,LA_UNION,2021,10,03,0.6,36.6,21.6
107013,LA_UNION,2021,10,04,0.4,33.6,21.8
107013,LA_UNION,2021,10,05,1.0,33.4,22.8
107013,LA_UNION,2021,10,06,0.0,30.0,22.2
107013,LA_UNION,2021,10,07,0.0,36.4,22.0
107013,LA_UNION,2021,10,08,0.0,37.0,21.8
107013,LA_UNION,2021,10,09,0.0,36.8,22.4
107013,LA_UNION,2021,10,10,0.0,34.8,22.8
107013,LA_UNION,2021,10,11,0.0,35.4,21.4
107013,LA_UNION,2021,10,12,0.0,37.2,22.8
107013,LA_UNION,2021,10,13,0.0,37.4,21.6
107013,LA_UNION,2021,10,14,16.8,36.8,23.0
107013,LA_UNION,2021,10,15,6.4,33.8,22.8
107013,LA_UNION,2021,10,16,8.7,35.0,22.6
107013,LA_UNION,2021,10,17,0.0,36.6,22.4
107013,LA_UNION,2021,10,18,-999,34.4,22.8
107013,LA_UNION,2021,10,19,-999,-999,-999
107013,LA_UNION,2021,10,20,-999,-999,-999
107013,LA_UNION,2021,10,21,-999,-999,-999
107013,LA_UNION,2021,10,22,-999,-999,-999
107013,LA_UNION,2021,10,23,-999,-999,-999
107013,LA_UNION,2021,10,24,-999,-999,-999
107013,LA_UNION,2021,10,25,-999,-999,-999
107013,LA_UNION,2021,10,26,-999,-999,-999
107013,LA_UNION,2021,10,27,-999,-999,-999
107013,LA_UNION,2021,10,28,-999,-999,-999
107013,LA_UNION,2021,10,29,-999,-999,-999
107013,LA_UNION,2021,10,30,-999,-999,-999
107013,LA_UNION,2021,10,31,-999,-999,-999
107013,LA_UNION,2021,11,01,-999,-999,-999
107013,LA_UNION,2021,11,02,-999,-999,-999
107013,LA_UNION,2021,11,03,-999,-999,-999
107013,LA_UNION,2021,11,04,-999,-999,-999
107013,LA_UNION,2021,11,05,-999,-999,-999
107013,LA_UNION,2021,11,06,-999,-999,-999
107013,LA_UNION,2021,11,07,-999,-999,-999
107013,LA_UNION,2021,11,08,-999,-999,-999
107013,LA_UNION,2021,11,09,-999,-999,-999
107013,LA_UNION,2021,11,10,-999,-999,-999
107013,LA_UNION,2021,11,11,-999,-999,-999
107013,LA_UNION,2021,11,12,61.8,34.8,21.0
107013,LA_UNION,2021,11,13,0.0,30.0,20.0
107013,LA_UNION,2021,11,14,0.0,34.6,20.8
107013,LA_UNION,2021,11,15,0.0,35.2,21.6
107013,LA_UNION,2021,11,16,0.0,36.0,21.8
107013,LA_UNION,2021,11,17,0.0,35.6,21.6
107013,LA_UNION,2021,11,18,0.0,36.0,21.0
107013,LA_UNION,2021,11,19,0.0,34.6,21.4
107013,LA_UNION,2021,11,20,0.0,33.8,21.2
107013,LA_UNION,2021,11,21,1.8,32.4,21.4
107013,LA_UNION,2021,11,22,0.0,32.2,21.6
107013,LA_UNION,2021,11,23,20.6,31.8,22.2
107013,LA_UNION,2021,11,24,18.0,28.0,21.8
107013,LA_UNION,2021,11,25,0.0,33.8,20.8
107013,LA_UNION,2021,11,26,0.0,35.4,22.0
107013,LA_UNION,2021,11,27,0.0,36.4,22.2
107013,LA_UNION,2021,11,28,0.0,37.8,22.0
107013,LA_UNION,2021,11,29,0.0,37.0,22.2
107013,LA_UNION,2021,11,30,0.0,37.6,22.4
107013,LA_UNION,2021,12,01,0.0,36.2,22.0
107013,LA_UNION,2021,12,02,0.0,34.6,22.8
107013,LA_UNION,2021,12,03,0.0,36.8,22.4
107013,LA_UNION,2021,12,04,0.0,36.2,22.2
107013,LA_UNION,2021,12,05,0.0,33.4,25.0
107013,LA_UNION,2021,12,06,18.0,33.2,23.8
107013,LA_UNION,2021,12,07,29.5,32.8,22.8
107013,LA_UNION,2021,12,08,0.0,34.8,23.0
107013,LA_UNION,2021,12,09,46.1,34.2,23.0
107013,LA_UNION,2021,12,10,12.5,32.0,23.4
107013,LA_UNION,2021,12,11,0.0,34.8,24.0
107013,LA_UNION,2021,12,12,0.0,35.2,23.6
107013,LA_UNION,2021,12,13,0.0,36.0,23.8
107013,LA_UNION,2021,12,14,0.0,35.2,23.2
107013,LA_UNION,2021,12,15,0.0,33.8,23.8
107013,LA_UNION,2021,12,16,1.5,35.2,23.2
107013,LA_UNION,2021,12,17,0.0,34.2,23.0
107013,LA_UNION,2021,12,18,3.1,31.4,23.4
107013,LA_UNION,2021,12,19,0.0,33.6,23.2
107013,LA_UNION,2021,12,20,0.0,36.4,22.6
107013,LA_UNION,2021,12,21,0.0,36.4,22.8
107013,LA_UNION,2021,12,22,3.0,33.2,23.8
107013,LA_UNION,2021,12,23,0.8,34.8,22.8
107013,LA_UNION,2021,12,24,0.0,35.0,22.6
107013,LA_UNION,2021,12,25,0.0,37.2,22.8
107013,LA_UNION,2021,12,26,0.0,37.4,23.0
107013,LA_UNION,2021,12,27,0.0,37.4,23.6
107013,LA_UNION,2021,12,28,4.1,28.8,23.8
107013,LA_UNION,2021,12,29,0.0,32.6,21.8
107013,LA_UNION,2021,12,30,0.0,34.2,22.0
107013,LA_UNION,2021,12,31,0.0,36.0,22.2
107013,LA_UNION,2022,01,01,0.0,36.2,23.4
107013,LA_UNION,2022,01,02,0.0,36.4,22.4
107013,LA_UNION,2022,01,03,0.0,37.8,22.2
107013,LA_UNION,2022,01,04,0.0,37.4,22.4
107013,LA_UNION,2022,01,05,0.0,36.4,23.2
107013,LA_UNION,2022,01,06,0.0,36.6,23.4
107013,LA_UNION,2022,01,07,0.0,36.4,22.8
107013,LA_UNION,2022,01,08,0.0,37.6,22.2
107013,LA_UNION,2022,01,09,0.0,34.8,22.4
107013,LA_UNION,2022,01,10,0.0,34.2,22.6
107013,LA_UNION,2022,01,11,2.3,35.0,22.4
107013,LA_UNION,2022,01,12,0.0,31.2,22.6
107013,LA_UNION,2022,01,13,0.0,34.6,22.2
107013,LA_UNION,2022,01,14,7.6,32.8,22.6
107013,LA_UNION,2022,01,15,0.0,29.0,20.0
107013,LA_UNION,2022,01,16,0.0,34.6,21.6
107013,LA_UNION,2022,01,17,0.0,36.6,21.2
107013,LA_UNION,2022,01,18,0.0,37.0,21.4
107013,LA_UNION,2022,01,19,0.0,36.8,21.6
107013,LA_UNION,2022,01,20,0.0,32.6,21.4
107013,LA_UNION,2022,01,21,0.0,34.6,21.8
107013,LA_UNION,2022,01,22,0.0,36.4,23.4
107013,LA_UNION,2022,01,23,0.0,36.2,21.4
107013,LA_UNION,2022,01,24,0.0,35.8,21.6
107013,LA_UNION,2022,01,25,1.5,33.6,21.8
107013,LA_UNION,2022,01,26,0.0,30.8,22.0
107013,LA_UNION,2022,01,27,0.0,34.2,21.8
107013,LA_UNION,2022,01,28,0.0,36.2,21.6
107013,LA_UNION,2022,01,29,0.0,35.2,21.8
107013,LA_UNION,2022,01,30,0.0,34.0,22.2
107013,LA_UNION,2022,01,31,0.0,37.0,22.4
107013,LA_UNION,2022,02,01,0.0,37.6,24.4
107013,LA_UNION,2022,02,02,0.0,37.4,23.8
107013,LA_UNION,2022,02,03,0.0,36.2,22.6
107013,LA_UNION,2022,02,04,0.0,36.0,22.2
107013,LA_UNION,2022,02,05,0.0,37.8,20.8
107013,LA_UNION,2022,02,06,0.0,36.4,21.2
107013,LA_UNION,2022,02,07,5.9,32.0,22.0
107013,LA_UNION,2022,02,08,1.2,35.2,21.2
107013,LA_UNION,2022,02,09,0.0,30.8,20.2
107013,LA_UNION,2022,02,10,0.0,33.4,21.4
107013,LA_UNION,2022,02,11,0.0,36.2,22.6
107013,LA_UNION,2022,02,12,0.0,33.6,22.4
107013,LA_UNION,2022,02,13,2.8,32.0,22.8
107013,LA_UNION,2022,02,14,0.0,35.4,22.6
107013,LA_UNION,2022,02,15,0.0,34.0,23.8
107013,LA_UNION,2022,02,16,13.4,28.4,23.4
107013,LA_UNION,2022,02,17,0.0,33.0,22.0
107013,LA_UNION,2022,02,18,0.0,36.2,22.4
107013,LA_UNION,2022,02,19,0.0,35.0,22.2
107013,LA_UNION,2022,02,20,5.7,32.8,24.6
107013,LA_UNION,2022,02,21,4.0,32.6,23.6
107013,LA_UNION,2022,02,22,0.5,28.4,23.0
107013,LA_UNION,2022,02,23,0.2,32.2,23.0
107013,LA_UNION,2022,02,24,1.9,34.4,22.8
107013,LA_UNION,2022,02,25,2.1,32.2,23.0
107013,LA_UNION,2022,02,26,5.8,28.8,22.8
107013,LA_UNION,2022,02,27,0.0,34.0,23.0
107013,LA_UNION,2022,02,28,0.4,32.6,22.0
107013,LA_UNION,2022,03,01,26.9,32.0,22.2
107013,LA_UNION,2022,03,02,5.1,31.2,22.4
107013,LA_UNION,2022,03,03,0.0,31.4,22.0
107013,LA_UNION,2022,03,04,0.0,35.4,23.0
107013,LA_UNION,2022,03,05,0.0,35.2,22.8
107013,LA_UNION,2022,03,06,8.4,35.2,22.4
107013,LA_UNION,2022,03,07,0.0,35.6,22.4
107013,LA_UNION,2022,03,08,0.0,35.6,22.6
107013,LA_UNION,2022,03,09,0.0,30.8,22.8
107013,LA_UNION,2022,03,10,27.8,34.4,22.0
107013,LA_UNION,2022,03,11,0.0,34.4,22.6
107013,LA_UNION,2022,03,12,19.2,32.2,23.2
107013,LA_UNION,2022,03,13,2.6,33.8,22.0
107013,LA_UNION,2022,03,14,26.8,26.0,22.4
107013,LA_UNION,2022,03,15,0.0,34.0,22.2
107013,LA_UNION,2022,03,16,5.0,34.6,21.0
107013,LA_UNION,2022,03,17,0.0,33.8,21.4
107013,LA_UNION,2022,03,18,0.0,33.2,23.0
107013,LA_UNION,2022,03,19,1.4,34.8,23.0
107013,LA_UNION,2022,03,20,1.7,30.8,22.8
107013,LA_UNION,2022,03,21,26.9,29.6,22.6
107013,LA_UNION,2022,03,22,4.6,32.4,22.8
107013,LA_UNION,2022,03,23,0.0,33.8,22.6
107013,LA_UNION,2022,03,24,0.0,34.8,23.6
107013,LA_UNION,2022,03,25,0.0,35.0,22.0
107013,LA_UNION,2022,03,26,0.0,35.4,22.8
107013,LA_UNION,2022,03,27,0.0,34.8,22.0
107013,LA_UNION,2022,03,28,3.6,30.2,22.8
107013,LA_UNION,2022,03,29,0.0,31.6,22.6
107013,LA_UNION,2022,03,30,0.0,34.2,22.4
107013,LA_UNION,2022,03,31,16.6,35.8,22.8
107013,LA_UNION,2022,04,01,14.2,29.0,23.0
107013,LA_UNION,2022,04,02,0.0,29.8,21.4
107013,LA_UNION,2022,04,03,1.5,32.8,21.4
107013,LA_UNION,2022,04,04,0.0,34.2,21.6
107013,LA_UNION,2022,04,05,0.0,33.8,21.8
107013,LA_UNION,2022,04,06,0.0,29.6,22.0
107013,LA_UNION,2022,04,07,0.0,32.2,22.8
107013,LA_UNION,2022,04,08,1.1,32.4,23.0
107013,LA_UNION,2022,04,09,2.2,33.4,22.4
107013,LA_UNION,2022,04,10,0.0,33.0,22.4
107013,LA_UNION,2022,04,11,0.0,33.2,22.6
107013,LA_UNION,2022,04,12,0.0,36.0,22.8
107013,LA_UNION,2022,04,13,0.0,36.4,20.6
107013,LA_UNION,2022,04,14,0.0,32.8,19.6
107013,LA_UNION,2022,04,15,0.0,33.2,20.2
107013,LA_UNION,2022,04,16,0.0,33.0,20.2
107013,LA_UNION,2022,04,17,0.0,33.6,21.2
107013,LA_UNION,2022,04,18,15.1,31.4,21.0
107013,LA_UNION,2022,04,19,0.0,35.0,21.2
107013,LA_UNION,2022,04,20,0.0,32.6,21.0
107013,LA_UNION,2022,04,21,0.0,31.2,21.2
107013,LA_UNION,2022,04,22,0.0,33.6,22.4
107013,LA_UNION,2022,04,23,0.0,34.8,21.2
107013,LA_UNION,2022,04,24,0.0,34.8,21.2
107013,LA_UNION,2022,04,25,8.2,34.6,21.4
107013,LA_UNION,2022,04,26,0.0,34.0,21.2
107013,LA_UNION,2022,04,27,0.0,34.2,22.8
107013,LA_UNION,2022,04,28,6.0,30.6,22.8
107013,LA_UNION,2022,04,29,7.1,30.0,22.4
107013,LA_UNION,2022,04,30,1.2,31.0,22.6
107013,LA_UNION,2022,05,01,0.0,34.6,22.0
107013,LA_UNION,2022,05,02,0.0,35.2,21.4
107013,LA_UNION,2022,05,03,0.0,35.0,21.2
107013,LA_UNION,2022,05,04,1.4,34.8,21.6
107013,LA_UNION,2022,05,05,0.0,31.2,21.8
107013,LA_UNION,2022,05,06,0.0,33.2,20.0
107013,LA_UNION,2022,05,07,7.6,33.6,20.2
107013,LA_UNION,2022,05,08,0.0,32.0,22.2
107013,LA_UNION,2022,05,09,0.0,34.8,21.2
107013,LA_UNION,2022,05,10,0.0,33.6,22.4
107013,LA_UNION,2022,05,11,0.0,33.8,22.2
107013,LA_UNION,2022,05,12,1.6,31.6,22.4
107013,LA_UNION,2022,05,13,0.0,33.8,22.2
107013,LA_UNION,2022,05,14,0.0,34.6,22.4
107013,LA_UNION,2022,05,15,0.0,33.4,22.2
107013,LA_UNION,2022,05,16,15.2,30.8,23.6
107013,LA_UNION,2022,05,17,0.0,25.0,23.2
107013,LA_UNION,2022,05,18,0.0,28.4,21.2
107013,LA_UNION,2022,05,19,0.0,27.2,20.2
107013,LA_UNION,2022,05,20,0.0,29.8,20.8
107013,LA_UNION,2022,05,21,0.0,32.4,21.0
107013,LA_UNION,2022,05,22,0.0,33.4,22.4
107013,LA_UNION,2022,05,23,0.0,34.6,21.6
107013,LA_UNION,2022,05,24,22.5,30.8,21.8
107013,LA_UNION,2022,05,25,0.2,31.6,21.6
107013,LA_UNION,2022,05,26,0.6,30.4,21.8
107013,LA_UNION,2022,05,27,0.0,31.2,22.0
107013,LA_UNION,2022,05,28,0.0,30.2,21.4
107013,LA_UNION,2022,05,29,0.0,33.0,20.2
107013,LA_UNION,2022,05,30,0.0,34.0,20.4
107013,LA_UNION,2022,05,31,0.0,33.4,20.2
107013,LA_UNION,2022,06,01,0.0,33.6,20.6
107013,LA_UNION,2022,06,02,0.0,33.4,21.4
107013,LA_UNION,2022,06,03,25.8,33.6,21.2
107013,LA_UNION,2022,06,04,0.0,30.0,20.0
107013,LA_UNION,2022,06,05,0.0,31.0,20.6
107013,LA_UNION,2022,06,06,0.0,32.0,22.0
107013,LA_UNION,2022,06,07,0.0,33.4,22.2
107013,LA_UNION,2022,06,08,0.0,34.6,21.4
107013,LA_UNION,2022,06,09,0.0,34.8,22.4
107013,LA_UNION,2022,06,10,9.7,33.0,21.6
107013,LA_UNION,2022,06,11,0.0,27.6,21.0
107013,LA_UNION,2022,06,12,0.0,30.0,19.0
107013,LA_UNION,2022,06,13,0.0,30.2,17.4
107013,LA_UNION,2022,06,14,0.0,31.0,15.4
107013,LA_UNION,2022,06,15,0.0,31.8,16.4
107013,LA_UNION,2022,06,16,0.0,33.0,17.8
107013,LA_UNION,2022,06,17,0.0,33.4,18.6
107013,LA_UNION,2022,06,18,0.0,33.6,18.3
107013,LA_UNION,2022,06,19,0.0,29.4,22.2
107013,LA_UNION,2022,06,20,0.0,32.4,22.0
107013,LA_UNION,2022,06,21,0.0,34.0,19.6
107013,LA_UNION,2022,06,22,0.0,33.4,20.6
107013,LA_UNION,2022,06,23,0.0,30.0,21.4
107013,LA_UNION,2022,06,24,0.0,33.0,20.2
107013,LA_UNION,2022,06,25,0.0,28.8,20.4
107013,LA_UNION,2022,06,26,0.0,33.2,22.0
107013,LA_UNION,2022,06,27,0.0,34.8,18.6
107013,LA_UNION,2022,06,28,0.0,34.4,17.2
107013,LA_UNION,2022,06,29,0.0,33.6,19.4
107013,LA_UNION,2022,06,30,0.0,34.6,20.2
107013,LA_UNION,2022,07,01,0.0,33.4,19.4
107013,LA_UNION,2022,07,02,0.0,35.0,19.2
107013,LA_UNION,2022,07,03,0.0,32.4,20.0
107013,LA_UNION,2022,07,04,0.0,34.8,21.0
107013,LA_UNION,2022,07,05,0.0,34.2,21.4
107013,LA_UNION,2022,07,06,0.0,33.2,22.2
107013,LA_UNION,2022,07,07,0.0,34.8,20.0
107013,LA_UNION,2022,07,08,17.9,33.8,22.0
107013,LA_UNION,2022,07,09,0.0,30.4,22.2
107013,LA_UNION,2022,07,10,0.0,34.8,21.4
107013,LA_UNION,2022,07,11,0.0,34.2,20.6
107013,LA_UNION,2022,07,12,20.5,35.0,21.0
107013,LA_UNION,2022,07,13,0.0,34.8,20.8
107013,LA_UNION,2022,07,14,0.0,35.4,21.0
107013,LA_UNION,2022,07,15,0.0,35.2,21.8
107013,LA_UNION,2022,07,16,0.0,35.0,22.6
107013,LA_UNION,2022,07,17,3.3,35.6,21.8
107013,LA_UNION,2022,07,18,0.0,31.2,22.0
107013,LA_UNION,2022,07,19,0.0,32.8,21.8
107013,LA_UNION,2022,07,20,0.0,34.2,20.4
107013,LA_UNION,2022,07,21,0.0,34.8,21.0
107013,LA_UNION,2022,07,22,0.0,35.4,22.8
107013,LA_UNION,2022,07,23,0.0,35.2,21.6
107013,LA_UNION,2022,07,24,0.0,36.4,22.2
107013,LA_UNION,2022,07,25,52.1,34.6,22.4
107013,LA_UNION,2022,07,26,0.0,30.8,21.2
107013,LA_UNION,2022,07,27,1.3,33.8,22.6
107013,LA_UNION,2022,07,28,0.0,34.0,20.2
107013,LA_UNION,2022,07,29,0.0,33.4,20.8
107013,LA_UNION,2022,07,30,0.0,35.0,21.4
107013,LA_UNION,2022,07,31,0.0,35.2,20.6
107013,LA_UNION,2022,08,01,0.0,35.8,21.2
107013,LA_UNION,2022,08,02,0.0,34.6,22.4
107013,LA_UNION,2022,08,03,0.0,33.0,21.4
107013,LA_UNION,2022,08,04,1.2,32.0,22.0
107013,LA_UNION,2022,08,05,0.0,33.4,22.8
107013,LA_UNION,2022,08,06,0.0,35.0,23.0
107013,LA_UNION,2022,08,07,0.0,34.6,20.6
107013,LA_UNION,2022,08,08,0.0,35.0,21.8
107013,LA_UNION,2022,08,09,5.0,32.4,21.6
107013,LA_UNION,2022,08,10,11.5,26.0,22.8
107013,LA_UNION,2022,08,11,0.0,32.4,19.8
107013,LA_UNION,2022,08,12,0.0,34.2,21.2
107013,LA_UNION,2022,08,13,0.0,34.8,20.6
107013,LA_UNION,2022,08,14,0.0,35.4,20.2
107013,LA_UNION,2022,08,15,0.0,35.0,20.4
107013,LA_UNION,2022,08,16,0.0,34.8,21.2
107013,LA_UNION,2022,08,17,0.0,36.0,22.4
107013,LA_UNION,2022,08,18,0.0,36.4,21.4
107013,LA_UNION,2022,08,19,20.9,33.6,23.2
107013,LA_UNION,2022,08,20,0.0,29.8,19.0
107013,LA_UNION,2022,08,21,0.0,31.8,15.0
107013,LA_UNION,2022,08,22,0.0,32.8,15.8
107013,LA_UNION,2022,08,23,0.0,33.4,16.8
107013,LA_UNION,2022,08,24,0.0,33.8,18.4
107013,LA_UNION,2022,08,25,0.0,34.4,19.4
107013,LA_UNION,2022,08,26,0.0,35.2,19.6
107013,LA_UNION,2022,08,27,0.0,34.4,20.0
107013,LA_UNION,2022,08,28,0.0,35.2,20.4
107013,LA_UNION,2022,08,29,13.3,29.0,20.0
107013,LA_UNION,2022,08,30,0.0,30.0,21.2
107013,LA_UNION,2022,08,31,0.0,33.0,20.4
107013,LA_UNION,2022,09,01,0.0,35.0,19.8
107013,LA_UNION,2022,09,02,0.0,36.4,20.0
107013,LA_UNION,2022,09,03,0.0,34.4,20.0
107013,LA_UNION,2022,09,04,0.0,27.8,21.6
107013,LA_UNION,2022,09,05,0.0,32.8,21.2
107013,LA_UNION,2022,09,06,0.0,34.8,21.8
107013,LA_UNION,2022,09,07,0.0,35.4,19.8
107013,LA_UNION,2022,09,08,0.0,36.0,20.4
107013,LA_UNION,2022,09,09,0.0,36.8,21.8
107013,LA_UNION,2022,09,10,0.0,30.8,21.0
107013,LA_UNION,2022,09,11,0.0,30.0,21.6
107013,LA_UNION,2022,09,12,0.0,35.6,19.4
107013,LA_UNION,2022,09,13,0.0,38.8,22.0
107013,LA_UNION,2022,09,14,0.0,37.4,22.4
107013,LA_UNION,2022,09,15,0.0,30.6,22.2
107013,LA_UNION,2022,09,16,0.0,32.8,20.8
107013,LA_UNION,2022,09,17,0.0,36.0,21.8
107013,LA_UNION,2022,09,18,0.0,37.0,22.4
107013,LA_UNION,2022,09,19,0.0,37.8,21.8
107013,LA_UNION,2022,09,20,0.0,37.6,22.2
107013,LA_UNION,2022,09,21,0.0,38.4,23.4
107013,LA_UNION,2022,09,22,0.0,39.0,22.4
107013,LA_UNION,2022,09,23,12.8,36.0,23.2
107013,LA_UNION,2022,09,24,0.0,35.8,22.0
107013,LA_UNION,2022,09,25,9.3,34.8,21.8
107013,LA_UNION,2022,09,26,0.0,37.4,22.0
107013,LA_UNION,2022,09,27,0.0,38.2,21.6
107013,LA_UNION,2022,09,28,0.0,39.4,22.6
107013,LA_UNION,2022,09,29,44.2,-999,22.8
107013,LA_UNION,2022,09,30,7.0,-999,22.0
107013,LA_UNION,2022,10,01,0.0,31.4,22.0
107013,LA_UNION,2022,10,02,0.0,33.0,20.0
107013,LA_UNION,2022,10,03,0.0,34.2,21.2
107013,LA_UNION,2022,10,04,0.0,36.0,21.0
107013,LA_UNION,2022,10,05,0.0,34.8,22.4
107013,LA_UNION,2022,10,06,0.0,-999,22.8
107013,LA_UNION,2022,10,07,33.8,-999,23.8
107013,LA_UNION,2022,10,08,0.0,32.4,22.4
107013,LA_UNION,2022,10,09,0.0,34.0,21.6
107013,LA_UNION,2022,10,10,0.0,35.4,21.4
107013,LA_UNION,2022,10,11,0.0,36.0,21.2
107013,LA_UNION,2022,10,12,0.0,36.2,22.6
107013,LA_UNION,2022,10,13,0.0,36.4,23.2
107013,LA_UNION,2022,10,14,7.5,34.6,23.4
107013,LA_UNION,2022,10,15,2.8,26.0,22.0
107013,LA_UNION,2022,10,16,0.0,32.4,22.2
107013,LA_UNION,2022,10,17,0.0,34.0,22.0
107013,LA_UNION,2022,10,18,2.2,32.8,22.2
107013,LA_UNION,2022,10,19,0.0,33.0,23.4
107013,LA_UNION,2022,10,20,0.0,35.4,22.8
107013,LA_UNION,2022,10,21,0.0,35.8,22.6
107013,LA_UNION,2022,10,22,0.0,31.2,23.8
107013,LA_UNION,2022,10,23,2.5,36.0,24.4
107013,LA_UNION,2022,10,24,0.0,33.0,23.0
107013,LA_UNION,2022,10,25,0.0,35.8,22.6
107013,LA_UNION,2022,10,26,0.0,37.4,22.0
107013,LA_UNION,2022,10,27,7.8,37.2,24.6
107013,LA_UNION,2022,10,28,0.0,33.6,23.8
107013,LA_UNION,2022,10,29,0.0,34.0,24.4
107013,LA_UNION,2022,10,30,0.0,36.4,24.8
107013,LA_UNION,2022,10,31,0.0,36.8,24.6
107013,LA_UNION,2022,11,01,5.8,35.0,24.2
107013,LA_UNION,2022,11,02,0.0,28.8,16.8
107013,LA_UNION,2022,11,03,0.0,31.6,18.2
107013,LA_UNION,2022,11,04,0.0,34.4,19.8
107013,LA_UNION,2022,11,05,0.0,35.0,18.6
107013,LA_UNION,2022,11,06,0.0,33.2,21.4
107013,LA_UNION,2022,11,07,0.0,37.0,23.0
107013,LA_UNION,2022,11,08,1.7,38.0,22.4
107013,LA_UNION,2022,11,09,0.3,37.0,24.2
107013,LA_UNION,2022,11,10,3.0,32.4,23.6
107013,LA_UNION,2022,11,11,0.0,32.2,22.8
107013,LA_UNION,2022,11,12,0.0,37.4,21.6
107013,LA_UNION,2022,11,13,0.0,36.8,23.2
107013,LA_UNION,2022,11,14,0.0,31.6,23.4
107013,LA_UNION,2022,11,15,0.0,34.8,23.2
107013,LA_UNION,2022,11,16,37.0,30.2,21.0
107013,LA_UNION,2022,11,17,1.6,29.8,20.8
107013,LA_UNION,2022,11,18,0.0,31.4,21.2
107013,LA_UNION,2022,11,19,0.0,33.8,21.4
107013,LA_UNION,2022,11,20,0.0,36.4,21.0
107013,LA_UNION,2022,11,21,0.0,37.6,23.6
107013,LA_UNION,2022,11,22,0.0,33.2,23.0
107013,LA_UNION,2022,11,23,3.5,32.8,22.6
107013,LA_UNION,2022,11,24,0.0,35.2,21.6
107013,LA_UNION,2022,11,25,4.3,34.6,21.8
107013,LA_UNION,2022,11,26,0.0,35.0,22.0
107013,LA_UNION,2022,11,27,0.0,34.8,23.2
107013,LA_UNION,2022,11,28,0.0,37.2,21.2
107013,LA_UNION,2022,11,29,0.0,36.6,21.8
107013,LA_UNION,2022,11,30,0.0,36.4,23.2
107013,LA_UNION,2022,12,01,0.0,37.2,24.2
107013,LA_UNION,2022,12,02,0.0,37.4,23.8
107013,LA_UNION,2022,12,03,8.0,28.4,21.0
107013,LA_UNION,2022,12,04,0.0,33.2,20.8
107013,LA_UNION,2022,12,05,0.0,34.6,20.2
107013,LA_UNION,2022,12,06,0.0,35.2,20.4
107013,LA_UNION,2022,12,07,5.2,30.4,20.2
107013,LA_UNION,2022,12,08,0.0,33.0,21.2
107013,LA_UNION,2022,12,09,0.0,31.4,21.4
107013,LA_UNION,2022,12,10,1.4,30.0,21.6
107013,LA_UNION,2022,12,11,0.0,34.6,22.4
107013,LA_UNION,2022,12,12,0.0,34.2,21.0
107013,LA_UNION,2022,12,13,13.0,35.0,21.2
107013,LA_UNION,2022,12,14,0.0,34.2,22.6
107013,LA_UNION,2022,12,15,0.0,36.4,21.6
107013,LA_UNION,2022,12,16,0.0,35.4,21.6
107013,LA_UNION,2022,12,17,8.8,35.0,23.6
107013,LA_UNION,2022,12,18,0.0,36.4,20.8
107013,LA_UNION,2022,12,19,0.0,36.8,21.0
107013,LA_UNION,2022,12,20,0.0,34.8,20.8
107013,LA_UNION,2022,12,21,0.0,34.6,22.4
107013,LA_UNION,2022,12,22,0.0,35.8,23.2
107013,LA_UNION,2022,12,23,0.0,37.0,22.6
107013,LA_UNION,2022,12,24,0.0,38.0,22.8
107013,LA_UNION,2022,12,25,0.0,37.2,24.2
107013,LA_UNION,2022,12,26,0.0,33.2,22.8
107013,LA_UNION,2022,12,27,0.0,35.8,20.0
107013,LA_UNION,2022,12,28,0.0,37.2,19.8
107013,LA_UNION,2022,12,29,0.0,36.0,24.8
107013,LA_UNION,2022,12,30,0.8,34.8,23.8
107013,LA_UNION,2022,12,31,0.0,34.6,23.0
107013,LA_UNION,2023,01,01,0.0,35.0,23.0
107013,LA_UNION,2023,01,02,19.7,34.8,22.6
107013,LA_UNION,2023,01,03,0.0,35.0,22.4
107013,LA_UNION,2023,01,04,0.0,36.2,22.6
107013,LA_UNION,2023,01,05,0.0,34.6,22.8
107013,LA_UNION,2023,01,06,0.0,29.6,20.2
107013,LA_UNION,2023,01,07,0.0,31.4,20.8
107013,LA_UNION,2023,01,08,0.0,35.8,19.0
107013,LA_UNION,2023,01,09,0.0,37.0,19.2
107013,LA_UNION,2023,01,10,0.0,35.4,23.0
107013,LA_UNION,2023,01,11,0.0,35.8,22.8
107013,LA_UNION,2023,01,12,0.0,35.2,22.4
107013,LA_UNION,2023,01,13,0.0,37.0,21.4
107013,LA_UNION,2023,01,14,0.0,38.2,21.6
107013,LA_UNION,2023,01,15,15.6,37.6,21.4
107013,LA_UNION,2023,01,16,0.0,38.2,21.6
107013,LA_UNION,2023,01,17,7.5,36.0,21.4
107013,LA_UNION,2023,01,18,1.4,37.1,19.2
107013,LA_UNION,2023,01,19,24.7,27.2,-999
107013,LA_UNION,2023,01,20,16.1,26.8,-999
107013,LA_UNION,2023,01,21,1.2,27.2,21.2
107013,LA_UNION,2023,01,22,0.0,33.8,22.6
107013,LA_UNION,2023,01,23,0.0,33.4,22.4
107013,LA_UNION,2023,01,24,0.0,34.2,21.2
107013,LA_UNION,2023,01,25,0.0,35.6,20.6
107013,LA_UNION,2023,01,26,0.0,36.0,22.2
107013,LA_UNION,2023,01,27,0.0,36.2,22.4
107013,LA_UNION,2023,01,28,0.0,37.2,21.2
107013,LA_UNION,2023,01,29,0.0,36.6,22.4
107013,LA_UNION,2023,01,30,0.8,34.8,23.8
107013,LA_UNION,2023,01,31,0.0,34.6,23.0
107013,LA_UNION,2023,02,01,0.0,33.0,23.0
107013,LA_UNION,2023,02,02,0.0,31.8,22.6
107013,LA_UNION,2023,02,03,4.6,30.8,22.8
107013,LA_UNION,2023,02,04,0.0,33.2,23.2
107013,LA_UNION,2023,02,05,0.0,35.0,21.8
107013,LA_UNION,2023,02,06,1.3,30.6,21.6
107013,LA_UNION,2023,02,07,0.0,29.2,21.2
107013,LA_UNION,2023,02,08,0.0,34.4,22.2
107013,LA_UNION,2023,02,09,0.0,35.4,22.6
107013,LA_UNION,2023,02,10,0.0,36.4,22.0
107013,LA_UNION,2023,02,11,0.0,35.4,23.0
107013,LA_UNION,2023,02,12,5.6,28.6,22.8
107013,LA_UNION,2023,02,13,0.0,35.0,23.2
107013,LA_UNION,2023,02,14,0.0,35.4,22.8
107013,LA_UNION,2023,02,15,8.7,31.2,23.6
107013,LA_UNION,2023,02,16,0.0,35.0,23.0
107013,LA_UNION,2023,02,17,0.0,35.4,23.2
107013,LA_UNION,2023,02,18,0.0,37.0,23.4
107013,LA_UNION,2023,02,19,8.9,29.0,23.6
107013,LA_UNION,2023,02,20,0.0,31.2,22.8
107013,LA_UNION,2023,02,21,0.0,34.8,22.4
107013,LA_UNION,2023,02,22,0.0,35.2,22.8
107013,LA_UNION,2023,02,23,0.0,35.0,22.4
107013,LA_UNION,2023,02,24,0.0,37.2,21.0
107013,LA_UNION,2023,02,25,0.0,38.0,21.2
107013,LA_UNION,2023,02,26,7.1,37.6,22.8
107013,LA_UNION,2023,02,27,41.1,34.8,22.0
107013,LA_UNION,2023,02,28,5.0,30.0,22.2
107013,LA_UNION,2023,03,01,2.8,31.6,22.4
107013,LA_UNION,2023,03,02,0.0,34.0,22.2
107013,LA_UNION,2023,03,03,3.2,36.2,22.8
107013,LA_UNION,2023,03,04,0.0,35.0,24.0
107013,LA_UNION,2023,03,05,3.3,33.2,24.2
107013,LA_UNION,2023,03,06,0.6,30.6,23.0
107013,LA_UNION,2023,03,07,0.0,34.2,22.4
107013,LA_UNION,2023,03,08,0.0,35.8,22.6
107013,LA_UNION,2023,03,09,5.5,32.4,23.0
107013,LA_UNION,2023,03,10,34.6,29.4,22.8
107013,LA_UNION,2023,03,11,7.3,33.2,-999
107013,LA_UNION,2023,03,12,3.8,33.0,22.4
107013,LA_UNION,2023,03,13,2.4,31.4,23.4
107013,LA_UNION,2023,03,14,28.4,32.6,22.8
107013,LA_UNION,2023,03,15,0.0,33.4,22.6
107013,LA_UNION,2023,03,16,0.0,33.6,22.2
107013,LA_UNION,2023,03,17,101.2,30.0,22.0
107013,LA_UNION,2023,03,18,14.9,29.2,21.6
107013,LA_UNION,2023,03,19,0.0,30.8,21.8
107013,LA_UNION,2023,03,20,0.0,29.8,23.0
107013,LA_UNION,2023,03,21,0.0,34.8,23.6
107013,LA_UNION,2023,03,22,0.0,35.2,23.4
107013,LA_UNION,2023,03,23,67.8,33.0,24.2
107013,LA_UNION,2023,03,24,37.2,28.0,22.0
107013,LA_UNION,2023,03,25,0.0,31.0,21.8
107013,LA_UNION,2023,03,26,16.5,32.2,22.0
107013,LA_UNION,2023,03,27,37.2,32.2,22.2
107013,LA_UNION,2023,03,28,0.0,32.4,20.8
107013,LA_UNION,2023,03,29,0.0,33.6,22.4
107013,LA_UNION,2023,03,30,39.8,29.2,23.0
107013,LA_UNION,2023,03,31,35.6,31.4,21.2
107013,LA_UNION,2023,04,01,2.4,29.8,22.2
107013,LA_UNION,2023,04,02,15.1,30.2,22.4
107013,LA_UNION,2023,04,03,0.0,30.0,23.6
107013,LA_UNION,2023,04,04,2.5,33.8,22.8
107013,LA_UNION,2023,04,05,0.0,34.0,23.0
107013,LA_UNION,2023,04,06,17.9,33.4,22.8
107013,LA_UNION,2023,04,07,42.1,32.6,23.0
107013,LA_UNION,2023,04,08,4.4,27.8,21.8
107013,LA_UNION,2023,04,09,2.1,30.6,21.6
107013,LA_UNION,2023,04,10,0.0,31.0,21.8
107013,LA_UNION,2023,04,11,0.0,32.4,22.0
107013,LA_UNION,2023,04,12,0.0,34.2,22.2
107013,LA_UNION,2023,04,13,0.0,32.8,22.4
107013,LA_UNION,2023,04,14,0.0,33.4,22.6
107013,LA_UNION,2023,04,15,0.0,34.2,23.2
107013,LA_UNION,2023,04,16,11.5,34.8,23.4
107013,LA_UNION,2023,04,17,2.2,29.8,22.2
107013,LA_UNION,2023,04,18,0.0,34.2,22.4
107013,LA_UNION,2023,04,19,0.0,34.8,23.0
107013,LA_UNION,2023,04,20,7.8,33.4,23.4
107013,LA_UNION,2023,04,21,6.5,28.8,23.2
107013,LA_UNION,2023,04,22,0.0,31.8,21.6
107013,LA_UNION,2023,04,23,0.0,33.4,21.8
107013,LA_UNION,2023,04,24,1.4,32.0,21.6
107013,LA_UNION,2023,04,25,1.6,29.2,21.8
107013,LA_UNION,2023,04,26,0.0,32.0,22.0
107013,LA_UNION,2023,04,27,0.0,29.4,21.8
107013,LA_UNION,2023,04,28,0.0,32.6,22.0
107013,LA_UNION,2023,04,29,2.5,33.2,22.8
107013,LA_UNION,2023,04,30,0.0,34.6,22.4
107013,LA_UNION,2023,05,01,0.0,35.0,22.8
107013,LA_UNION,2023,05,02,0.0,34.6,22.4
107013,LA_UNION,2023,05,03,0.0,34.8,23.2
107013,LA_UNION,2023,05,04,0.0,35.0,22.4
107013,LA_UNION,2023,05,05,0.0,34.2,23.0
107013,LA_UNION,2023,05,06,0.0,34.6,23.2
107013,LA_UNION,2023,05,07,0.0,34.8,24.0
107013,LA_UNION,2023,05,08,20.8,35.0,22.6
107013,LA_UNION,2023,05,09,0.0,30.0,22.4
107013,LA_UNION,2023,05,10,0.0,33.4,-999
107013,LA_UNION,2023,05,11,0.0,34.0,22.8
107013,LA_UNION,2023,05,12,1.2,29.4,23.0
107013,LA_UNION,2023,05,13,0.0,32.6,23.2
107013,LA_UNION,2023,05,14,0.0,31.6,22.2
107013,LA_UNION,2023,05,15,0.0,34.2,22.4
107013,LA_UNION,2023,05,16,0.0,34.4,22.6
107013,LA_UNION,2023,05,17,0.0,34.2,21.8
107013,LA_UNION,2023,05,18,0.0,34.8,22.0
107013,LA_UNION,2023,05,19,0.0,30.6,23.2
107013,LA_UNION,2023,05,20,0.0,33.6,22.8
107013,LA_UNION,2023,05,21,0.0,34.2,21.8
107013,LA_UNION,2023,05,22,0.0,33.2,23.0
107013,LA_UNION,2023,05,23,11.3,28.8,24.0
107013,LA_UNION,2023,05,24,0.0,32.4,-999
107013,LA_UNION,2023,05,25,0.0,33.0,-999
107013,LA_UNION,2023,05,26,0.0,33.8,-999
107013,LA_UNION,2023,05,27,0.0,33.6,22.8
107013,LA_UNION,2023,05,28,0.0,32.4,23.0
107013,LA_UNION,2023,05,29,0.0,32.2,23.0
107013,LA_UNION,2023,05,30,0.0,32.4,23.2
107013,LA_UNION,2023,05,31,2.2,30.0,23.6
107013,LA_UNION,2023,06,01,0.0,32.6,23.4
107013,LA_UNION,2023,06,02,0.0,32.2,20.6
107013,LA_UNION,2023,06,03,0.0,34.0,20.8
107013,LA_UNION,2023,06,04,0.0,32.8,21.0
107013,LA_UNION,2023,06,05,1.1,33.2,21.2
107013,LA_UNION,2023,06,06,17.6,31.4,21.4
107013,LA_UNION,2023,06,07,0.0,33.0,22.2
107013,LA_UNION,2023,06,08,0.0,34.0,22.0
107013,LA_UNION,2023,06,09,0.0,34.2,22.4
107013,LA_UNION,2023,06,10,0.0,34.4,22.2
107013,LA_UNION,2023,06,11,0.0,35.0,22.0
107013,LA_UNION,2023,06,12,0.0,33.8,20.8
107013,LA_UNION,2023,06,13,0.0,34.0,21.4
107013,LA_UNION,2023,06,14,0.0,27.4,21.2
107013,LA_UNION,2023,06,15,0.0,27.6,18.2
107013,LA_UNION,2023,06,16,0.0,27.8,17.0
107013,LA_UNION,2023,06,17,0.0,30.8,18.0
107013,LA_UNION,2023,06,18,0.0,32.2,18.2
107013,LA_UNION,2023,06,19,0.0,32.0,18.4
107013,LA_UNION,2023,06,20,0.0,32.4,18.0
107013,LA_UNION,2023,06,21,0.0,33.8,18.2
107013,LA_UNION,2023,06,22,0.0,32.8,20.6
107013,LA_UNION,2023,06,23,0.0,34.0,20.8
107013,LA_UNION,2023,06,24,0.0,33.6,20.6
107013,LA_UNION,2023,06,25,0.0,34.8,21.6
107013,LA_UNION,2023,06,26,0.0,34.6,21.8
107013,LA_UNION,2023,06,27,0.0,34.0,20.8
107013,LA_UNION,2023,06,28,0.0,34.6,20.2
107013,LA_UNION,2023,06,29,38.1,34.0,20.6
107013,LA_UNION,2023,06,30,0.0,31.8,20.8
107013,LA_UNION,2023,07,01,0.0,33.8,21.0
107013,LA_UNION,2023,07,02,0.0,34.2,21.4
107013,LA_UNION,2023,07,03,0.0,34.0,20.6
107013,LA_UNION,2023,07,04,0.0,34.8,20.8
107013,LA_UNION,2023,07,05,0.0,35.2,22.6
107013,LA_UNION,2023,07,06,0.0,34.8,23.0
107013,LA_UNION,2023,07,07,0.0,35.6,22.0
107013,LA_UNION,2023,07,08,1.4,34.4,23.4
107013,LA_UNION,2023,07,09,0.0,32.2,22.0
107013,LA_UNION,2023,07,10,0.0,34.8,20.4
107013,LA_UNION,2023,07,11,0.0,34.6,20.8
107013,LA_UNION,2023,07,12,0.0,35.0,20.6
107013,LA_UNION,2023,07,13,0.0,35.4,20.4
107013,LA_UNION,2023,07,14,0.0,35.8,20.6
107013,LA_UNION,2023,07,15,2.8,33.4,21.0
107013,LA_UNION,2023,07,16,0.0,34.0,22.8
107013,LA_UNION,2023,07,17,0.0,35.4,20.8
107013,LA_UNION,2023,07,18,0.0,35.2,21.2
107013,LA_UNION,2023,07,19,7.4,30.4,21.4
107013,LA_UNION,2023,07,20,0.0,31.4,21.8
107013,LA_UNION,2023,07,21,0.0,33.8,21.2
107013,LA_UNION,2023,07,22,0.0,35.0,20.8
107013,LA_UNION,2023,07,23,0.0,34.6,21.0
107013,LA_UNION,2023,07,24,0.0,34.4,20.6
107013,LA_UNION,2023,07,25,0.0,35.2,20.2
107013,LA_UNION,2023,07,26,0.0,35.0,21.2
107013,LA_UNION,2023,07,27,0.0,35.8,21.4
107013,LA_UNION,2023,07,28,21.6,34.4,21.6
107013,LA_UNION,2023,07,29,25.7,31.8,21.4
107013,LA_UNION,2023,07,30,0.0,32.0,21.6
107013,LA_UNION,2023,07,31,0.0,34.6,22.4
107013,LA_UNION,2023,08,01,0.0,35.0,21.2
107013,LA_UNION,2023,08,02,0.0,35.4,21.4
107013,LA_UNION,2023,08,03,0.0,34.6,20.4
107013,LA_UNION,2023,08,04,0.0,34.8,20.0
107013,LA_UNION,2023,08,05,0.0,35.4,20.2
107013,LA_UNION,2023,08,06,0.0,35.0,22.8
107013,LA_UNION,2023,08,07,0.0,35.4,21.4
107013,LA_UNION,2023,08,08,0.0,36.2,21.2
107013,LA_UNION,2023,08,09,0.0,32.8,21.0
107013,LA_UNION,2023,08,10,0.0,35.6,20.4
107013,LA_UNION,2023,08,11,0.0,36.4,21.0
107013,LA_UNION,2023,08,12,6.1,35.8,21.4
107013,LA_UNION,2023,08,13,8.8,29.2,23.2
107013,LA_UNION,2023,08,14,3.1,28.2,22.0
107013,LA_UNION,2023,08,15,0.0,32.6,21.6
107013,LA_UNION,2023,08,16,0.0,34.6,20.4
107013,LA_UNION,2023,08,17,0.0,36.0,20.6
107013,LA_UNION,2023,08,18,0.0,36.4,20.8
107013,LA_UNION,2023,08,19,0.0,36.8,21.8
107013,LA_UNION,2023,08,20,0.0,36.6,22.0
107013,LA_UNION,2023,08,21,0.0,36.8,23.2
107013,LA_UNION,2023,08,22,0.0,34.6,23.8
107013,LA_UNION,2023,08,23,0.0,34.0,22.6
107013,LA_UNION,2023,08,24,0.0,37.0,21.6
107013,LA_UNION,2023,08,25,0.0,37.2,21.8
107013,LA_UNION,2023,08,26,0.0,37.6,22.0
107013,LA_UNION,2023,08,27,0.0,37.4,21.8
107013,LA_UNION,2023,08,28,7.4,28.8,22.4
107013,LA_UNION,2023,08,29,0.0,34.0,22.0
107013,LA_UNION,2023,08,30,0.0,36.2,22.4
107013,LA_UNION,2023,08,31,0.0,37.6,22.2
107013,LA_UNION,2023,09,01,0.0,36.4,22.4
107013,LA_UNION,2023,09,02,0.0,37.8,22.0
107013,LA_UNION,2023,09,03,0.0,37.6,21.6
107013,LA_UNION,2023,09,04,0.0,34.6,21.8
107013,LA_UNION,2023,09,05,18.0,36.0,21.6
107013,LA_UNION,2023,09,06,0.0,31.4,21.8
107013,LA_UNION,2023,09,07,0.0,34.8,20.4
107013,LA_UNION,2023,09,08,0.0,37.0,20.2
107013,LA_UNION,2023,09,09,0.0,37.4,20.4
107013,LA_UNION,2023,09,10,0.0,37.6,21.6
107013,LA_UNION,2023,09,11,0.0,35.6,22.8
107013,LA_UNION,2023,09,12,0.0,37.8,20.8
107013,LA_UNION,2023,09,13,62.8,38.0,21.2
107013,LA_UNION,2023,09,14,0.0,32.6,22.2
107013,LA_UNION,2023,09,15,0.0,32.4,22.4
107013,LA_UNION,2023,09,16,0.0,35.2,22.2
107013,LA_UNION,2023,09,17,0.0,35.0,22.4
107013,LA_UNION,2023,09,18,0.0,36.4,21.4
107013,LA_UNION,2023,09,19,5.4,28.0,21.2
107013,LA_UNION,2023,09,20,0.0,33.4,20.6
107013,LA_UNION,2023,09,21,1.8,34.8,22.4
107013,LA_UNION,2023,09,22,0.0,36.6,22.0
107013,LA_UNION,2023,09,23,2.6,35.6,23.2
107013,LA_UNION,2023,09,24,0.0,36.2,23.0
107013,LA_UNION,2023,09,25,0.0,37.2,23.2
107013,LA_UNION,2023,09,26,0.0,38.0,23.4
107013,LA_UNION,2023,09,27,0.0,38.8,23.6
107013,LA_UNION,2023,09,28,0.0,38.4,23.8
107013,LA_UNION,2023,09,29,0.0,35.6,24.6
107013,LA_UNION,2023,09,30,0.0,31.8,22.6
107013,LA_UNION,2023,10,01,0.0,36.2,22.2
107013,LA_UNION,2023,10,02,0.0,38.8,23.0
107013,LA_UNION,2023,10,03,0.0,36.0,23.4
107013,LA_UNION,2023,10,04,1.1,37.2,22.8
107013,LA_UNION,2023,10,05,2.3,37.6,23.0
107013,LA_UNION,2023,10,06,0.0,39.6,23.2
107013,LA_UNION,2023,10,07,0.0,40.0,23.4
107013,LA_UNION,2023,10,08,4.3,34.0,24.0
107013,LA_UNION,2023,10,09,3.2,33.8,23.4
107013,LA_UNION,2023,10,10,0.0,33.6,23.8
107013,LA_UNION,2023,10,11,0.0,35.2,22.4
107013,LA_UNION,2023,10,12,0.0,38.0,21.6
107013,LA_UNION,2023,10,13,0.0,38.2,22.6
107013,LA_UNION,2023,10,14,0.0,34.6,22.8
107013,LA_UNION,2023,10,15,0.0,33.0,21.6
107013,LA_UNION,2023,10,16,0.0,36.6,21.8
107013,LA_UNION,2023,10,17,0.0,34.0,22.6
107013,LA_UNION,2023,10,18,16.9,37.4,22.8
107013,LA_UNION,2023,10,19,2.2,35.4,22.6
107013,LA_UNION,2023,10,20,6.0,35.2,23.0
107013,LA_UNION,2023,10,21,0.0,36.2,23.2
107013,LA_UNION,2023,10,22,0.0,31.6,22.8
107013,LA_UNION,2023,10,23,0.0,37.4,23.8
107013,LA_UNION,2023,10,24,0.0,37.6,23.0
107013,LA_UNION,2023,10,25,15.8,38.4,-999
107013,LA_UNION,2023,10,26,0.0,38.8,23.8
107013,LA_UNION,2023,10,27,0.0,34.2,23.6
107013,LA_UNION,2023,10,28,57.5,33.6,23.8
107013,LA_UNION,2023,10,29,0.7,30.2,24.0
107013,LA_UNION,2023,10,30,0.0,35.6,23.8
107013,LA_UNION,2023,10,31,0.0,35.4,24.0
107013,LA_UNION,2023,11,01,40.4,35.0,23.8
107013,LA_UNION,2023,11,02,0.0,31.4,23.4
107013,LA_UNION,2023,11,03,0.0,34.8,24.8
107013,LA_UNION,2023,11,04,3.9,31.4,24.6
107013,LA_UNION,2023,11,05,5.2,30.0,23.2
107013,LA_UNION,2023,11,06,0.0,32.6,23.0
107013,LA_UNION,2023,11,07,0.0,35.8,22.4
107013,LA_UNION,2023,11,08,0.0,35.2,22.6
107013,LA_UNION,2023,11,09,15.6,27.8,22.4
107013,LA_UNION,2023,11,10,0.0,34.2,23.2
107013,LA_UNION,2023,11,11,0.0,34.2,23.2
107013,LA_UNION,2023,11,12,0.0,34.0,23.6
107013,LA_UNION,2023,11,13,0.0,36.8,23.8
107013,LA_UNION,2023,11,14,4.4,33.4,24.0
107013,LA_UNION,2023,11,15,0.0,34.4,23.8
107013,LA_UNION,2023,11,16,3.9,35.8,24.0
107013,LA_UNION,2023,11,17,0.0,35.4,23.6
107013,LA_UNION,2023,11,18,0.0,37.6,23.4
107013,LA_UNION,2023,11,19,0.0,35.6,22.8
107013,LA_UNION,2023,11,20,0.0,33.8,23.0
107013,LA_UNION,2023,11,21,0.0,36.4,22.8
107013,LA_UNION,2023,11,22,14.5,36.8,23.0
107013,LA_UNION,2023,11,23,0.7,35.2,24.2
107013,LA_UNION,2023,11,24,0.0,33.8,23.8
107013,LA_UNION,2023,11,25,0.0,36.2,24.0
107013,LA_UNION,2023,11,26,8.3,28.8,23.2
107013,LA_UNION,2023,11,27,0.0,33.6,22.8
107013,LA_UNION,2023,11,28,0.0,34.2,22.2
107013,LA_UNION,2023,11,29,0.0,35.8,22.6
107013,LA_UNION,2023,11,30,7.7,35.0,22.8
107013,LA_UNION,2023,12,01,0.0,33.0,22.6
107013,LA_UNION,2023,12,02,0.0,34.6,21.6
107013,LA_UNION,2023,12,03,0.0,36.6,21.8
107013,LA_UNION,2023,12,04,0.0,36.4,22.2
107013,LA_UNION,2023,12,05,0.0,28.2,22.0
107013,LA_UNION,2023,12,06,0.0,33.8,22.8
107013,LA_UNION,2023,12,07,0.0,36.0,21.2
107013,LA_UNION,2023,12,08,2.8,33.2,22.2
107013,LA_UNION,2023,12,09,3.9,33.0,23.2
107013,LA_UNION,2023,12,10,0.0,36.0,22.6
107013,LA_UNION,2023,12,11,0.0,36.8,23.0
107013,LA_UNION,2023,12,12,0.0,37.6,23.6
107013,LA_UNION,2023,12,13,0.0,37.0,24.2
107013,LA_UNION,2023,12,14,0.0,35.0,25.0
107013,LA_UNION,2023,12,15,0.0,36.4,24.2
107013,LA_UNION,2023,12,16,4.3,32.8,24.4
107013,LA_UNION,2023,12,17,13.6,30.6,23.0
107013,LA_UNION,2023,12,18,0.0,34.8,23.4
107013,LA_UNION,2023,12,19,0.0,36.4,22.4
107013,LA_UNION,2023,12,20,0.0,35.0,22.6
107013,LA_UNION,2023,12,21,1.5,31.4,25.0
107013,LA_UNION,2023,12,22,12.2,33.6,24.8
107013,LA_UNION,2023,12,23,0.0,33.4,23.8
107013,LA_UNION,2023,12,24,0.0,36.6,23.6
107013,LA_UNION,2023,12,25,0.0,33.0,24.0
107013,LA_UNION,2023,12,26,8.5,30.4,24.2
107013,LA_UNION,2023,12,27,43.1,30.0,23.6
107013,LA_UNION,2023,12,28,0.0,32.8,23.2
107013,LA_UNION,2023,12,29,0.0,33.8,22.8
107013,LA_UNION,2023,12,30,0.0,34.4,22.6
107013,LA_UNION,2023,12,31,0.0,33.8,22.8
107013,LA_UNION,2024,01,01,0.0,32.0,22.8
107013,LA_UNION,2024,01,02,0.0,33.2,22.6
107013,LA_UNION,2024,01,03,0.0,35.6,23.0
107013,LA_UNION,2024,01,04,0.0,34.8,22.6
107013,LA_UNION,2024,01,05,0.0,29.0,23.2
107013,LA_UNION,2024,01,06,0.0,32.6,23.4
107013,LA_UNION,2024,01,07,0.0,35.0,23.2
107013,LA_UNION,2024,01,08,0.0,35.2,23.0
107013,LA_UNION,2024,01,09,0.0,36.2,22.4
107013,LA_UNION,2024,01,10,0.0,36.0,22.0
107013,LA_UNION,2024,01,11,0.0,36.2,22.0
107013,LA_UNION,2024,01,12,0.0,36.4,22.2
107013,LA_UNION,2024,01,13,0.0,37.4,23.0
107013,LA_UNION,2024,01,14,0.0,34.8,22.6
107013,LA_UNION,2024,01,15,12.5,30.4,22.4
107013,LA_UNION,2024,01,16,0.0,31.6,23.4
107013,LA_UNION,2024,01,17,0.0,34.6,23.2
107013,LA_UNION,2024,01,18,0.0,33.2,23.0
107013,LA_UNION,2024,01,19,0.0,34.8,22.6
107013,LA_UNION,2024,01,20,0.0,35.2,23.2
107013,LA_UNION,2024,01,21,0.0,35.6,24.2
107013,LA_UNION,2024,01,22,0.0,32.6,24.0
107013,LA_UNION,2024,01,23,0.0,34.2,23.2
107013,LA_UNION,2024,01,24,0.0,36.8,22.8
107013,LA_UNION,2024,01,25,0.0,37.6,21.4
107013,LA_UNION,2024,01,26,0.0,38.8,23.4
107013,LA_UNION,2024,01,27,0.0,38.0,24.6
107013,LA_UNION,2024,01,28,0.0,37.0,24.2
107013,LA_UNION,2024,01,29,0.0,36.4,25.0
107013,LA_UNION,2024,01,30,0.0,37.6,23.0
107013,LA_UNION,2024,01,31,29.8,30.6,24.0
107013,LA_UNION,2024,02,01,0.0,34.6,24.4
107013,LA_UNION,2024,02,02,0.0,35.6,22.8
107013,LA_UNION,2024,02,03,0.0,36.2,23.4
107013,LA_UNION,2024,02,04,6.5,31.6,23.0
107013,LA_UNION,2024,02,05,0.0,33.4,23.6
107013,LA_UNION,2024,02,06,4.6,36.2,22.4
107013,LA_UNION,2024,02,07,0.0,34.0,22.8
107013,LA_UNION,2024,02,08,0.0,37.4,23.2
107013,LA_UNION,2024,02,09,0.0,36.8,22.8
107013,LA_UNION,2024,02,10,0.0,37.0,23.2
107013,LA_UNION,2024,02,11,0.0,37.6,23.6
107013,LA_UNION,2024,02,12,0.0,38.2,23.2
107013,LA_UNION,2024,02,13,0.0,33.2,23.4
107013,LA_UNION,2024,02,14,1.8,32.8,23.6
107013,LA_UNION,2024,02,15,2.8,31.8,23.4
107013,LA_UNION,2024,02,16,3.4,34.6,23.2
107013,LA_UNION,2024,02,17,6.8,32.4,24.2
107013,LA_UNION,2024,02,18,12.4,30.4,24.4
107013,LA_UNION,2024,02,19,0.0,35.6,23.0
107013,LA_UNION,2024,02,20,0.0,37.6,23.4
107013,LA_UNION,2024,02,21,0.0,36.4,23.2
107013,LA_UNION,2024,02,22,0.0,36.0,25.4
107013,LA_UNION,2024,02,23,0.0,36.2,25.0
107013,LA_UNION,2024,02,24,0.0,37.8,24.8
107013,LA_UNION,2024,02,25,46.0,31.2,24.2
107013,LA_UNION,2024,02,26,0.0,30.2,23.2
107013,LA_UNION,2024,02,27,0.0,35.8,23.4
107013,LA_UNION,2024,02,28,5.4,34.8,23.2
107013,LA_UNION,2024,02,29,0.0,35.4,23.0
107013,LA_UNION,2024,03,01,1.3,32.4,24.2
107013,LA_UNION,2024,03,02,0.0,33.6,23.8
107013,LA_UNION,2024,03,03,0.0,35.6,24.0
107013,LA_UNION,2024,03,04,35.2,35.8,23.8
107013,LA_UNION,2024,03,05,0.0,35.2,23.6
107013,LA_UNION,2024,03,06,0.0,35.6,23.2
107013,LA_UNION,2024,03,07,0.0,33.2,23.8
107013,LA_UNION,2024,03,08,0.0,31.4,23.4
107013,LA_UNION,2024,03,09,0.0,34.2,23.2
107013,LA_UNION,2024,03,10,0.0,34.4,22.8
107013,LA_UNION,2024,03,11,0.0,36.4,23.2
107013,LA_UNION,2024,03,12,0.0,34.0,23.4
107013,LA_UNION,2024,03,13,0.0,32.8,24.6
107013,LA_UNION,2024,03,14,2.7,33.0,24.4
107013,LA_UNION,2024,03,15,0.0,34.6,23.4
107013,LA_UNION,2024,03,16,0.0,37.0,23.6
107013,LA_UNION,2024,03,17,0.0,37.2,23.2
107013,LA_UNION,2024,03,18,0.0,34.8,23.6
107013,LA_UNION,2024,03,19,0.0,35.2,24.8
107013,LA_UNION,2024,03,20,0.0,38.0,23.0
107013,LA_UNION,2024,03,21,0.0,37.4,22.8
107013,LA_UNION,2024,03,22,3.2,32.2,24.4
107013,LA_UNION,2024,03,23,16.9,30.8,23.6
107013,LA_UNION,2024,03,24,0.0,33.8,23.4
107013,LA_UNION,2024,03,25,0.0,34.2,23.6
107013,LA_UNION,2024,03,26,22.3,28.8,24.8
107013,LA_UNION,2024,03,27,0.0,34.8,22.2
107013,LA_UNION,2024,03,28,1.7,35.6,22.8
107013,LA_UNION,2024,03,29,13.4,34.8,24.2
107013,LA_UNION,2024,03,30,3.6,34.6,23.4
107013,LA_UNION,2024,03,31,5.3,35.4,22.6
107013,LA_UNION,2024,04,01,24.3,32.0,23.0
107013,LA_UNION,2024,04,02,21.9,34.8,22.4
107013,LA_UNION,2024,04,03,0.0,30.8,23.2
107013,LA_UNION,2024,04,04,1.7,34.2,23.4
107013,LA_UNION,2024,04,05,0.0,34.6,23.6
107013,LA_UNION,2024,04,06,0.0,30.6,25.0
107013,LA_UNION,2024,04,07,0.0,35.0,24.0
107013,LA_UNION,2024,04,08,0.0,32.8,23.4
107013,LA_UNION,2024,04,09,0.0,34.8,23.2
107013,LA_UNION,2024,04,10,0.0,35.0,23.4
107013,LA_UNION,2024,04,11,25.5,35.2,23.0
107013,LA_UNION,2024,04,12,0.0,35.6,22.6
107013,LA_UNION,2024,04,13,0.0,36.8,23.8
107013,LA_UNION,2024,04,14,0.0,37.4,23.4
107013,LA_UNION,2024,04,15,0.0,37.2,22.8
107013,LA_UNION,2024,04,16,0.0,36.2,24.2
107013,LA_UNION,2024,04,17,0.0,35.2,23.2
107013,LA_UNION,2024,04,18,9.2,28.0,23.4
107013,LA_UNION,2024,04,19,4.6,34.0,23.0
107013,LA_UNION,2024,04,20,0.0,35.0,23.2
107013,LA_UNION,2024,04,21,0.0,33.4,23.0
107013,LA_UNION,2024,04,22,0.0,33.6,23.2
107013,LA_UNION,2024,04,23,0.0,34.8,23.6
107013,LA_UNION,2024,04,24,0.0,32.4,24.6
107013,LA_UNION,2024,04,25,0.0,34.4,23.6
107013,LA_UNION,2024,04,26,20.0,35.2,23.2
107013,LA_UNION,2024,04,27,0.0,33.8,24.0
107013,LA_UNION,2024,04,28,0.0,34.0,23.6
107013,LA_UNION,2024,04,29,0.0,34.6,22.8
107013,LA_UNION,2024,04,30,0.0,35.2,22.4
107013,LA_UNION,2024,05,01,0.0,31.4,23.0
107013,LA_UNION,2024,05,02,0.0,35.4,23.4
107013,LA_UNION,2024,05,03,0.0,35.0,24.2
107013,LA_UNION,2024,05,04,25.8,33.2,23.4
107013,LA_UNION,2024,05,05,0.0,34.8,23.4
107013,LA_UNION,2024,05,06,0.0,35.0,23.8
107013,LA_UNION,2024,05,07,2.2,35.2,24.0
107013,LA_UNION,2024,05,08,0.0,34.8,23.0
107013,LA_UNION,2024,05,09,0.6,34.6,22.8
107013,LA_UNION,2024,05,10,9.8,36.0,24.2
107013,LA_UNION,2024,05,11,0.0,35.8,22.0
107013,LA_UNION,2024,05,12,0.0,35.0,22.8
107013,LA_UNION,2024,05,13,0.0,37.0,22.8
107013,LA_UNION,2024,05,14,1.5,33.6,22.2
107013,LA_UNION,2024,05,15,28.7,29.6,22.8
107013,LA_UNION,2024,05,16,0.0,32.4,21.2
107013,LA_UNION,2024,05,17,0.0,34.6,21.8
107013,LA_UNION,2024,05,18,0.0,35.0,21.6
107013,LA_UNION,2024,05,19,0.0,34.8,23.0
107013,LA_UNION,2024,05,20,0.0,34.8,22.8
107013,LA_UNION,2024,05,21,0.0,33.8,22.2
107013,LA_UNION,2024,05,22,0.0,35.4,21.2
107013,LA_UNION,2024,05,23,0.0,36.2,21.6
107013,LA_UNION,2024,05,24,0.0,36.4,23.0
107013,LA_UNION,2024,05,25,0.0,36.6,23.2
107013,LA_UNION,2024,05,26,24.8,32.4,23.8
107013,LA_UNION,2024,05,27,0.0,32.6,21.6
107013,LA_UNION,2024,05,28,0.0,32.6,21.4
107013,LA_UNION,2024,05,29,0.0,32.8,20.2
107013,LA_UNION,2024,05,30,0.0,32.6,19.4
107013,LA_UNION,2024,05,31,0.0,31.2,18.8
107013,LA_UNION,2024,06,01,0.0,32.4,18.8
107013,LA_UNION,2024,06,02,0.0,33.0,19.8
107013,LA_UNION,2024,06,03,0.0,33.8,18.2
107013,LA_UNION,2024,06,04,0.0,31.8,18.0
107013,LA_UNION,2024,06,05,0.0,34.8,19.0
107013,LA_UNION,2024,06,06,0.0,35.0,19.2
107013,LA_UNION,2024,06,07,0.0,35.2,19.4
107013,LA_UNION,2024,06,08,0.0,34.8,21.2
107013,LA_UNION,2024,06,09,0.0,35.4,20.2
107013,LA_UNION,2024,06,10,0.0,35.8,21.8
107013,LA_UNION,2024,06,11,4.6,36.4,22.0
107013,LA_UNION,2024,06,12,0.0,34.6,23.8
107013,LA_UNION,2024,06,13,0.0,36.4,23.6
107013,LA_UNION,2024,06,14,0.0,36.6,21.8
107013,LA_UNION,2024,06,15,0.0,35.8,22.2
107013,LA_UNION,2024,06,16,35.8,35.6,23.0
107013,LA_UNION,2024,06,17,0.0,33.2,23.2
107013,LA_UNION,2024,06,18,0.0,34.8,21.2
107013,LA_UNION,2024,06,19,0.0,35.8,22.8
107013,LA_UNION,2024,06,20,18.9,36.2,22.2
107013,LA_UNION,2024,06,21,0.0,30.0,21.8
107013,LA_UNION,2024,06,22,0.0,29.6,23.2
107013,LA_UNION,2024,06,23,0.0,30.8,21.6
107013,LA_UNION,2024,06,24,0.0,35.4,22.0
107013,LA_UNION,2024,06,25,0.0,33.4,22.6
107013,LA_UNION,2024,06,26,0.0,29.6,20.8
107013,LA_UNION,2024,06,27,0.0,35.4,21.4
107013,LA_UNION,2024,06,28,0.0,35.6,22.2
107013,LA_UNION,2024,06,29,0.0,36.2,21.8
107013,LA_UNION,2024,06,30,0.0,36.0,22.4
107013,LA_UNION,2024,07,01,19.7,31.2,22.4
107013,LA_UNION,2024,07,02,0.0,32.8,22.6
107013,LA_UNION,2024,07,03,0.0,33.0,22.0
107013,LA_UNION,2024,07,04,0.0,34.8,20.0
107013,LA_UNION,2024,07,05,0.0,35.4,21.8
107013,LA_UNION,2024,07,06,0.0,35.4,20.4
107013,LA_UNION,2024,07,07,0.0,34.8,20.8
107013,LA_UNION,2024,07,08,0.0,35.2,21.6
107013,LA_UNION,2024,07,09,0.0,35.4,20.8
107013,LA_UNION,2024,07,10,0.0,35.2,21.0
107013,LA_UNION,2024,07,11,0.0,36.2,20.4
107013,LA_UNION,2024,07,12,0.0,33.2,21.8
107013,LA_UNION,2024,07,13,0.0,33.2,22.8
107013,LA_UNION,2024,07,14,0.0,32.8,19.8
107013,LA_UNION,2024,07,15,0.0,31.6,19.8
107013,LA_UNION,2024,07,16,0.0,33.6,21.2
107013,LA_UNION,2024,07,17,0.0,35.2,18.8
107013,LA_UNION,2024,07,18,0.0,33.8,18.8
107013,LA_UNION,2024,07,19,0.0,34.6,18.4
107013,LA_UNION,2024,07,20,0.0,34.8,19.4
107013,LA_UNION,2024,07,21,0.0,35.6,22.6
107013,LA_UNION,2024,07,22,0.0,34.2,21.8
107013,LA_UNION,2024,07,23,2.9,33.4,21.4
107013,LA_UNION,2024,07,24,0.0,33.8,20.8
107013,LA_UNION,2024,07,25,0.0,33.2,21.4
107013,LA_UNION,2024,07,26,1.1,36.2,21.4
107013,LA_UNION,2024,07,27,0.0,33.8,21.0
107013,LA_UNION,2024,07,28,0.0,36.8,20.6
107013,LA_UNION,2024,07,29,0.0,36.6,21.2
107013,LA_UNION,2024,07,30,0.0,34.8,21.8
107013,LA_UNION,2024,07,31,0.0,31.6,20.4
107013,LA_UNION,2024,08,01,0.0,37.0,20.8
107013,LA_UNION,2024,08,02,0.0,37.2,20.2
107013,LA_UNION,2024,08,03,0.0,37.0,20.8
107013,LA_UNION,2024,08,04,0.0,37.4,19.8
107013,LA_UNION,2024,08,05,0.0,35.2,21.8
107013,LA_UNION,2024,08,06,0.0,36.4,22.0
107013,LA_UNION,2024,08,07,0.0,37.8,22.8
107013,LA_UNION,2024,08,08,0.0,37.4,23.6
107013,LA_UNION,2024,08,09,0.0,38.2,21.8
107013,LA_UNION,2024,08,10,0.0,34.8,21.8
107013,LA_UNION,2024,08,11,0.0,35.6,18.8
107013,LA_UNION,2024,08,12,0.0,35.2,21.8
107013,LA_UNION,2024,08,13,0.0,34.6,20.0
107013,LA_UNION,2024,08,14,0.0,36.6,18.8
107013,LA_UNION,2024,08,15,0.0,37.2,19.0
107013,LA_UNION,2024,08,16,0.0,36.8,19.2
107013,LA_UNION,2024,08,17,0.0,36.6,22.2
107013,LA_UNION,2024,08,18,0.0,35.2,21.6
107013,LA_UNION,2024,08,19,0.0,34.4,20.6
107013,LA_UNION,2024,08,20,0.0,36.8,18.4
107013,LA_UNION,2024,08,21,0.0,37.4,19.6
107013,LA_UNION,2024,08,22,0.0,36.8,22.2
107013,LA_UNION,2024,08,23,0.0,38.2,22.2
107013,LA_UNION,2024,08,24,0.0,38.0,22.6
107013,LA_UNION,2024,08,25,0.0,33.6,22.0
107013,LA_UNION,2024,08,26,0.0,33.6,22.0
107013,LA_UNION,2024,08,27,0.0,34.8,17.8
107013,LA_UNION,2024,08,28,0.0,35.6,19.4
107013,LA_UNION,2024,08,29,0.0,36.8,20.2
107013,LA_UNION,2024,08,30,0.0,37.8,22.2
107013,LA_UNION,2024,08,31,0.0,37.6,21.2
107013,LA_UNION,2024,09,01,0.0,34.4,21.4
107013,LA_UNION,2024,09,02,0.0,35.0,21.8
107013,LA_UNION,2024,09,03,0.0,36.4,19.6
107013,LA_UNION,2024,09,04,0.0,35.8,19.4
107013,LA_UNION,2024,09,05,0.0,36.4,20.2
107013,LA_UNION,2024,09,06,0.0,37.8,22.8
107013,LA_UNION,2024,09,07,0.0,36.4,20.2
107013,LA_UNION,2024,09,08,0.0,36.8,20.8
107013,LA_UNION,2024,09,09,0.0,36.8,21.8
107013,LA_UNION,2024,09,10,0.0,37.0,21.2
107013,LA_UNION,2024,09,11,0.0,38.6,21.6
107013,LA_UNION,2024,09,12,0.0,39.0,22.4
107013,LA_UNION,2024,09,13,0.0,39.4,21.0
107013,LA_UNION,2024,09,14,0.0,40.2,22.6
107013,LA_UNION,2024,09,15,0.0,39.8,24.2
107013,LA_UNION,2024,09,16,3.8,35.8,24.8
107013,LA_UNION,2024,09,17,0.0,37.0,23.4
107013,LA_UNION,2024,09,18,0.0,37.8,22.8
107013,LA_UNION,2024,09,19,0.0,39.4,22.4
107013,LA_UNION,2024,09,20,0.0,39.2,23.6
107013,LA_UNION,2024,09,21,1.4,34.6,23.6
107013,LA_UNION,2024,09,22,0.0,36.4,21.8
107013,LA_UNION,2024,09,23,0.0,36.8,21.6
107013,LA_UNION,2024,09,24,0.0,39.4,22.8
107013,LA_UNION,2024,09,25,0.0,38.8,21.6
107013,LA_UNION,2024,09,26,21.8,40.2,23.2
107013,LA_UNION,2024,09,27,7.9,-999,21.6
107013,LA_UNION,2024,09,28,0.0,32.0,22.2
107013,LA_UNION,2024,09,29,0.0,35.4,22.4
107013,LA_UNION,2024,09,30,0.0,35.6,20.8
107013,LA_UNION,2024,10,01,0.0,36.4,21.8
107013,LA_UNION,2024,10,02,0.0,37.6,23.8
107013,LA_UNION,2024,10,03,0.0,35.8,22.6
107013,LA_UNION,2024,10,04,0.0,35.4,23.2
107013,LA_UNION,2024,10,05,0.0,31.6,22.8
107013,LA_UNION,2024,10,06,0.0,36.8,22.6
107013,LA_UNION,2024,10,07,0.0,37.4,23.0
107013,LA_UNION,2024,10,08,0.0,36.8,23.2
107013,LA_UNION,2024,10,09,9.2,35.0,23.4
107013,LA_UNION,2024,10,10,0.0,29.8,22.8
107013,LA_UNION,2024,10,11,0.0,35.2,23.2
107013,LA_UNION,2024,10,12,0.0,36.4,22.6
107013,LA_UNION,2024,10,13,0.0,37.2,23.0
107013,LA_UNION,2024,10,14,7.1,34.8,23.2
107013,LA_UNION,2024,10,15,0.0,39.0,23.6
107013,LA_UNION,2024,10,16,0.0,37.0,22.2
107013,LA_UNION,2024,10,17,0.0,38.2,22.4
107013,LA_UNION,2024,10,18,0.0,38.8,22.2
107013,LA_UNION,2024,10,19,0.0,39.6,22.2
107013,LA_UNION,2024,10,20,0.0,37.8,24.8
107013,LA_UNION,2024,10,21,0.0,37.0,24.2
107013,LA_UNION,2024,10,22,2.8,33.2,24.0
107013,LA_UNION,2024,10,23,1.6,32.4,24.4
107013,LA_UNION,2024,10,24,0.0,39.8,23.8
107013,LA_UNION,2024,10,25,0.0,38.2,23.6
107013,LA_UNION,2024,10,26,0.0,39.6,24.0
107013,LA_UNION,2024,10,27,21.2,37.0,24.2
107013,LA_UNION,2024,10,28,43.1,28.0,23.4
107013,LA_UNION,2024,10,29,6.7,30.6,23.2
107013,LA_UNION,2024,10,30,0.0,34.2,23.4
107013,LA_UNION,2024,10,31,0.0,36.2,22.4
107013,LA_UNION,2024,11,01,0.0,36.4,22.4
107013,LA_UNION,2024,11,02,15.1,26.8,22.6
107013,LA_UNION,2024,11,03,0.0,30.8,22.4
107013,LA_UNION,2024,11,04,0.0,35.8,22.8
107013,LA_UNION,2024,11,05,0.0,33.2,23.4
107013,LA_UNION,2024,11,06,0.0,36.8,23.2
107013,LA_UNION,2024,11,07,34.4,35.4,23.0
107013,LA_UNION,2024,11,08,26.6,29.0,22.4
107013,LA_UNION,2024,11,09,6.9,30.4,22.2
107013,LA_UNION,2024,11,10,0.0,33.8,22.6
107013,LA_UNION,2024,11,11,0.0,32.4,22.8
107013,LA_UNION,2024,11,12,0.0,31.2,22.8
107013,LA_UNION,2024,11,13,3.8,34.6,23.0
107013,LA_UNION,2024,11,14,51.8,27.8,23.8
107013,LA_UNION,2024,11,15,0.0,31.8,22.8
107013,LA_UNION,2024,11,16,0.0,34.8,23.4
107013,LA_UNION,2024,11,17,0.0,35.8,24.8
107013,LA_UNION,2024,11,18,0.0,36.2,23.0
107013,LA_UNION,2024,11,19,0.0,35.6,23.8
107013,LA_UNION,2024,11,20,0.0,35.0,23.4
107013,LA_UNION,2024,11,21,4.9,28.8,24.8
107013,LA_UNION,2024,11,22,0.0,36.0,23.2
107013,LA_UNION,2024,11,23,0.0,34.2,23.8
107013,LA_UNION,2024,11,24,0.0,35.6,24.0
107013,LA_UNION,2024,11,25,0.0,33.4,23.2
107013,LA_UNION,2024,11,26,0.0,37.2,23.0
107013,LA_UNION,2024,11,27,0.0,37.0,23.4
107013,LA_UNION,2024,11,28,0.0,36.2,23.6
107013,LA_UNION,2024,11,29,0.0,31.4,23.4
107013,LA_UNION,2024,11,30,2.6,30.2,22.8
107013,LA_UNION,2024,12,01,0.0,35.8,21.8
107013,LA_UNION,2024,12,02,0.0,38.2,22.0
107013,LA_UNION,2024,12,03,0.0,38.6,23.8
107013,LA_UNION,2024,12,04,0.0,38.4,24.4
107013,LA_UNION,2024,12,05,0.0,36.6,24.2
107013,LA_UNION,2024,12,06,0.0,36.8,23.8
107013,LA_UNION,2024,12,07,0.0,36.6,24.0
107013,LA_UNION,2024,12,08,0.0,36.4,23.6
107013,LA_UNION,2024,12,09,0.0,33.6,23.2
107013,LA_UNION,2024,12,10,0.0,35.2,22.6
107013,LA_UNION,2024,12,11,0.0,34.6,23.4
107013,LA_UNION,2024,12,12,0.0,35.4,22.2
107013,LA_UNION,2024,12,13,0.0,35.8,22.8
107013,LA_UNION,2024,12,14,4.3,34.6,22.6
107013,LA_UNION,2024,12,15,15.8,32.8,22.0
107013,LA_UNION,2024,12,16,0.0,33.4,24.2
107013,LA_UNION,2024,12,17,15.3,-999,22.0
107013,LA_UNION,2024,12,18,0.0,34.2,22.8
107013,LA_UNION,2024,12,19,0.0,35.8,23.0
107013,LA_UNION,2024,12,20,0.0,34.8,23.4
107013,LA_UNION,2024,12,21,0.0,37.0,23.2
107013,LA_UNION,2024,12,22,1.8,37.4,23.4
107013,LA_UNION,2024,12,23,9.3,34.8,23.2
107013,LA_UNION,2024,12,24,0.0,35.4,22.8
107013,LA_UNION,2024,12,25,0.0,36.8,23.0
107013,LA_UNION,2024,12,26,0.0,33.8,22.4
107013,LA_UNION,2024,12,27,2.5,29.8,21.6
107013,LA_UNION,2024,12,28,0.7,32.8,23.0
107013,LA_UNION,2024,12,29,0.0,34.0,22.8
107013,LA_UNION,2024,12,30,0.0,36.4,23.0
107013,LA_UNION,2024,12,31,0.0,33.6,23.2
107013,LA_UNION,2025,01,01,32.0,31.8,22.8
107013,LA_UNION,2025,01,02,7.2,31.6,22.6
107013,LA_UNION,2025,01,03,0.0,30.4,23.0
107013,LA_UNION,2025,01,04,0.0,35.4,23.2
107013,LA_UNION,2025,01,05,0.0,36.4,23.4
107013,LA_UNION,2025,01,06,0.0,34.6,22.8
107013,LA_UNION,2025,01,07,0.0,35.8,22.6
107013,LA_UNION,2025,01,08,0.0,36.0,24.2
107013,LA_UNION,2025,01,09,0.0,34.4,23.6
107013,LA_UNION,2025,01,10,12.2,33.6,23.8
107013,LA_UNION,2025,01,11,0.4,29.0,23.0
107013,LA_UNION,2025,01,12,0.0,34.6,23.2
107013,LA_UNION,2025,01,13,0.0,36.6,23.6
107013,LA_UNION,2025,01,14,0.0,36.8,-999
107013,LA_UNION,2025,01,15,0.0,36.4,-999
107013,LA_UNION,2025,01,16,0.0,36.8,-999
107013,LA_UNION,2025,01,17,0.0,36.4,24.2
107013,LA_UNION,2025,01,18,0.0,33.4,24.2
107013,LA_UNION,2025,01,19,1.2,37.0,21.2
107013,LA_UNION,2025,01,20,0.0,34.8,21.2
107013,LA_UNION,2025,01,21,0.0,34.6,21.4
107013,LA_UNION,2025,01,22,0.0,34.6,21.6
107013,LA_UNION,2025,01,23,0.0,36.4,21.8
107013,LA_UNION,2025,01,24,0.0,34.4,21.6
107013,LA_UNION,2025,01,25,0.0,36.4,22.4
107013,LA_UNION,2025,01,26,1.5,34.8,23.0
107013,LA_UNION,2025,01,27,11.7,35.0,23.6
107013,LA_UNION,2025,01,28,5.5,31.6,24.0
107013,LA_UNION,2025,01,29,5.3,32.2,23.2
107013,LA_UNION,2025,01,30,0.0,36.0,23.0
107013,LA_UNION,2025,01,31,0.0,36.0,23.4
107013,LA_UNION,2025,02,01,0.0,36.8,22.6
107013,LA_UNION,2025,02,02,0.0,36.2,23.0
107013,LA_UNION,2025,02,03,1.8,34.0,23.4
107013,LA_UNION,2025,02,04,0.0,36.4,23.2
107013,LA_UNION,2025,02,05,17.9,32.6,23.2
107013,LA_UNION,2025,02,06,2.8,30.2,23.0
107013,LA_UNION,2025,02,07,0.0,33.8,19.2
107013,LA_UNION,2025,02,08,0.0,35.8,20.0
107013,LA_UNION,2025,02,09,0.0,34.6,22.6
107013,LA_UNION,2025,02,10,31.0,29.8,22.8
107013,LA_UNION,2025,02,11,4.9,29.6,22.4
107013,LA_UNION,2025,02,12,4.2,27.6,22.6
107013,LA_UNION,2025,02,13,0.0,30.8,22.4
107013,LA_UNION,2025,02,14,0.0,35.6,23.2
107013,LA_UNION,2025,02,15,0.0,36.0,23.4
107013,LA_UNION,2025,02,16,0.0,31.2,23.4
107013,LA_UNION,2025,02,17,0.0,34.4,22.8
107013,LA_UNION,2025,02,18,0.0,34.2,23.0
107013,LA_UNION,2025,02,19,0.0,30.6,22.8
107013,LA_UNION,2025,02,20,0.0,34.2,23.0
107013,LA_UNION,2025,02,21,0.0,34.4,22.0
107013,LA_UNION,2025,02,22,0.0,29.2,22.2
107013,LA_UNION,2025,02,23,21.8,34.6,23.2
107013,LA_UNION,2025,02,24,3.8,30.6,23.0
107013,LA_UNION,2025,02,25,0.0,35.0,23.8
107013,LA_UNION,2025,02,26,18.9,35.6,23.8
107013,LA_UNION,2025,02,27,0.0,36.0,23.4
107013,LA_UNION,2025,02,28,21.4,29.6,-999
107013,LA_UNION,2025,03,01,0.0,34.4,23.8
107013,LA_UNION,2025,03,02,0.0,33.2,23.6
107013,LA_UNION,2025,03,03,9.3,27.8,23.8
107013,LA_UNION,2025,03,04,0.7,31.4,23.2
107013,LA_UNION,2025,03,05,0.0,30.2,23.8
107013,LA_UNION,2025,03,06,0.0,32.8,23.0
107013,LA_UNION,2025,03,07,0.0,31.4,23.2
107013,LA_UNION,2025,03,08,0.0,35.4,23.4
107013,LA_UNION,2025,03,09,0.0,29.2,23.2
107013,LA_UNION,2025,03,10,0.0,33.8,23.8
107013,LA_UNION,2025,03,11,0.0,30.8,23.4
107013,LA_UNION,2025,03,12,0.0,32.2,23.2
107013,LA_UNION,2025,03,13,0.7,33.0,23.0
107013,LA_UNION,2025,03,14,0.0,28.4,23.2
107013,LA_UNION,2025,03,15,0.0,32.6,22.4
107013,LA_UNION,2025,03,16,1.9,32.0,22.2
107013,LA_UNION,2025,03,17,0.0,34.2,22.4
107013,LA_UNION,2025,03,18,8.7,34.6,22.0
107013,LA_UNION,2025,03,19,0.0,33.0,22.2
107013,LA_UNION,2025,03,20,3.9,28.4,22.4
107013,LA_UNION,2025,03,21,4.8,31.8,22.2
107013,LA_UNION,2025,03,22,0.0,33.2,22.4
107013,LA_UNION,2025,03,23,0.0,34.8,23.4
107013,LA_UNION,2025,03,24,0.0,36.2,22.4
107013,LA_UNION,2025,03,25,0.0,35.8,22.2
107013,LA_UNION,2025,03,26,0.0,35.4,22.4
107013,LA_UNION,2025,03,27,0.0,36.4,22.4
107013,LA_UNION,2025,03,28,0.0,35.4,22.2
107013,LA_UNION,2025,03,29,0.0,34.2,22.6
107013,LA_UNION,2025,03,30,0.0,33.8,22.2
107013,LA_UNION,2025,03,31,0.0,35.0,22.6
107013,LA_UNION,2025,04,01,0.0,34.6,21.6
107013,LA_UNION,2025,04,02,0.0,35.2,21.8
107013,LA_UNION,2025,04,03,0.0,33.0,21.6
107013,LA_UNION,2025,04,04,16.9,32.6,21.8
107013,LA_UNION,2025,04,05,12.7,28.6,22.0
107013,LA_UNION,2025,04,06,1.8,32.6,22.0
107013,LA_UNION,2025,04,07,0.0,34.8,22.6
107013,LA_UNION,2025,04,08,2.1,34.6,22.2
107013,LA_UNION,2025,04,09,4.3,34.0,22.4
107013,LA_UNION,2025,04,10,0.0,33.8,22.4
107013,LA_UNION,2025,04,11,0.0,34.0,22.6
107013,LA_UNION,2025,04,12,0.0,35.2,22.8
107013,LA_UNION,2025,04,13,0.0,36.6,22.6
107013,LA_UNION,2025,04,14,0.0,35.8,22.4
107013,LA_UNION,2025,04,15,0.0,35.8,22.6
107013,LA_UNION,2025,04,16,0.0,36.0,21.8
107013,LA_UNION,2025,04,17,0.0,35.0,21.6
107013,LA_UNION,2025,04,18,0.0,35.4,21.8
107013,LA_UNION,2025,04,19,0.0,36.8,22.0
107013,LA_UNION,2025,04,20,0.0,36.6,23.0
107013,LA_UNION,2025,04,21,0.0,37.4,22.6
107013,LA_UNION,2025,04,22,0.0,36.4,22.4
107013,LA_UNION,2025,04,23,0.0,35.6,22.6
107013,LA_UNION,2025,04,24,8.6,31.4,22.8
107013,LA_UNION,2025,04,25,2.8,33.8,24.4
107013,LA_UNION,2025,04,26,0.0,35.0,23.4
107013,LA_UNION,2025,04,27,0.0,35.4,23.6
107013,LA_UNION,2025,04,28,2.8,30.6,24.0
107013,LA_UNION,2025,04,29,0.0,34.6,22.0
107013,LA_UNION,2025,04,30,0.0,34.4,22.6
107013,LA_UNION,2025,05,01,0.0,27.8,21.8
107013,LA_UNION,2025,05,02,0.0,35.4,21.6
107013,LA_UNION,2025,05,03,0.0,33.8,22.0
107013,LA_UNION,2025,05,04,0.0,34.2,23.2
107013,LA_UNION,2025,05,05,3.7,27.4,22.6
107013,LA_UNION,2025,05,06,0.0,34.6,22.2
107013,LA_UNION,2025,05,07,0.0,35.2,22.4
107013,LA_UNION,2025,05,08,0.0,36.8,22.2
107013,LA_UNION,2025,05,09,1.1,35.8,22.4
107013,LA_UNION,2025,05,10,3.0,30.4,22.2
107013,LA_UNION,2025,05,11,4.9,31.2,23.0
107013,LA_UNION,2025,05,12,0.0,33.2,23.2
107013,LA_UNION,2025,05,13,0.0,33.4,22.0
107013,LA_UNION,2025,05,14,0.0,33.8,19.9
107013,LA_UNION,2025,05,15,0.0,35.4,20.0
107013,LA_UNION,2025,05,16,0.0,34.2,20.0
107013,LA_UNION,2025,05,17,0.0,35.8,20.2
107013,LA_UNION,2025,05,18,0.0,36.2,20.4
107013,LA_UNION,2025,05,19,0.0,34.8,22.2
107013,LA_UNION,2025,05,20,0.0,29.8,23.2
107013,LA_UNION,2025,05,21,0.0,29.6,23.4
107013,LA_UNION,2025,05,22,0.0,31.8,23.0
107013,LA_UNION,2025,05,23,0.0,33.2,22.6
107013,LA_UNION,2025,05,24,0.0,33.8,23.2
107013,LA_UNION,2025,05,25,0.0,29.6,23.0
107013,LA_UNION,2025,05,26,0.0,35.4,23.2
107013,LA_UNION,2025,05,27,0.0,35.2,21.8
107013,LA_UNION,2025,05,28,0.0,35.0,22.2
107013,LA_UNION,2025,05,29,0.0,29.8,23.2
107013,LA_UNION,2025,05,30,0.0,32.8,20.6
107013,LA_UNION,2025,05,31,0.0,31.0,19.8
107013,LA_UNION,2025,06,01,0.0,36.2,20.0
107013,LA_UNION,2025,06,02,0.0,33.6,21.2
107013,LA_UNION,2025,06,03,0.0,30.2,19.4
107013,LA_UNION,2025,06,04,0.0,34.4,18.8
107013,LA_UNION,2025,06,05,0.0,35.2,19.0
107013,LA_UNION,2025,06,06,0.0,30.2,21.4
107013,LA_UNION,2025,06,07,0.0,33.6,22.2
107013,LA_UNION,2025,06,08,0.0,34.8,22.8
107013,LA_UNION,2025,06,09,0.0,35.8,21.4
107013,LA_UNION,2025,06,10,18.8,34.8,22.6
107013,LA_UNION,2025,06,11,0.0,32.6,22.8
107013,LA_UNION,2025,06,12,0.0,32.8,22.6
107013,LA_UNION,2025,06,13,0.0,36.2,23.8
107013,LA_UNION,2025,06,14,2.3,33.2,23.0
107013,LA_UNION,2025,06,15,0.0,31.0,23.6
107013,LA_UNION,2025,06,16,0.0,32.8,23.2
107013,LA_UNION,2025,06,17,0.0,31.8,23.0
107013,LA_UNION,2025,06,18,3.6,32.4,22.8
107013,LA_UNION,2025,06,19,0.0,32.6,22.6
107013,LA_UNION,2025,06,20,0.0,35.4,22.4
107013,LA_UNION,2025,06,21,0.0,35.4,21.4
107013,LA_UNION,2025,06,22,0.0,34.6,20.8
107013,LA_UNION,2025,06,23,0.0,30.6,22.0
107013,LA_UNION,2025,06,24,1.4,36.4,21.8
107013,LA_UNION,2025,06,25,0.0,34.8,23.0
107013,LA_UNION,2025,06,26,3.9,31.2,21.8
107013,LA_UNION,2025,06,27,0.0,33.0,22.2
107013,LA_UNION,2025,06,28,0.0,32.8,22.6
107013,LA_UNION,2025,06,29,0.0,34.4,21.4
107013,LA_UNION,2025,06,30,19.7,32.2,22.6
107013,LA_UNION,2025,07,01,38.7,29.4,22.6
107013,LA_UNION,2025,07,02,0.0,30.6,20.0
107013,LA_UNION,2025,07,03,0.0,31.6,19.8
107013,LA_UNION,2025,07,04,0.0,31.2,18.2
107013,LA_UNION,2025,07,05,0.0,32.2,17.6
107013,LA_UNION,2025,07,06,0.0,33.2,18.8
107013,LA_UNION,2025,07,07,0.0,32.8,18.2
107013,LA_UNION,2025,07,08,0.0,31.4,18.6
107013,LA_UNION,2025,07,09,0.0,32.2,18.8
107013,LA_UNION,2025,07,10,0.0,33.2,20.2
107013,LA_UNION,2025,07,11,0.0,33.8,19.8
107013,LA_UNION,2025,07,12,0.0,33.6,19.0
107013,LA_UNION,2025,07,13,0.0,33.8,18.8
107013,LA_UNION,2025,07,14,0.0,34.4,21.0
107013,LA_UNION,2025,07,15,0.0,34.8,21.6
107013,LA_UNION,2025,07,16,0.0,35.0,20.2
107013,LA_UNION,2025,07,17,2.7,34.6,21.2
107013,LA_UNION,2025,07,18,7.2,34.2,21.8
107013,LA_UNION,2025,07,19,0.0,34.6,22.0
107013,LA_UNION,2025,07,20,0.0,33.4,19.6
107013,LA_UNION,2025,07,21,0.0,33.0,19.8
107013,LA_UNION,2025,07,22,0.0,34.8,19.2
107013,LA_UNION,2025,07,23,0.0,35.2,20.4
107013,LA_UNION,2025,07,24,0.0,35.4,21.4
107013,LA_UNION,2025,07,25,0.0,34.8,21.6
107013,LA_UNION,2025,07,26,0.0,35.4,20.6
107013,LA_UNION,2025,07,27,4.2,34.2,23.0
107013,LA_UNION,2025,07,28,0.0,33.6,23.2
107013,LA_UNION,2025,07,29,0.0,33.2,23.4
107013,LA_UNION,2025,07,30,3.0,33.0,22.8
107013,LA_UNION,2025,07,31,0.0,35.0,22.2
107013,LA_UNION,2025,08,01,0.0,35.8,21.2
107013,LA_UNION,2025,08,02,0.0,35.4,20.2
107013,LA_UNION,2025,08,03,0.0,33.8,20.4
107013,LA_UNION,2025,08,04,0.0,35.8,20.2
107013,LA_UNION,2025,08,05,7.6,32.4,20.6
107013,LA_UNION,2025,08,06,0.0,32.4,21.2
107013,LA_UNION,2025,08,07,0.0,34.4,20.2
107013,LA_UNION,2025,08,08,0.0,35.8,22.0
107013,LA_UNION,2025,08,09,12.4,35.6,22.8
107013,LA_UNION,2025,08,10,0.0,31.8,22.6
107013,LA_UNION,2025,08,11,0.0,33.6,21.2
107013,LA_UNION,2025,08,12,0.0,34.2,21.4
107013,LA_UNION,2025,08,13,0.0,35.8,20.8
107013,LA_UNION,2025,08,14,2.3,33.0,22.0
107013,LA_UNION,2025,08,15,2.8,32.8,20.4
107013,LA_UNION,2025,08,16,0.0,34.4,19.8
107013,LA_UNION,2025,08,17,0.0,34.6,20.4
107013,LA_UNION,2025,08,18,0.0,34.6,21.4
107013,LA_UNION,2025,08,19,0.0,36.2,20.4
107013,LA_UNION,2025,08,20,0.0,37.2,20.8
107013,LA_UNION,2025,08,21,0.0,35.8,21.2
107013,LA_UNION,2025,08,22,0.0,36.6,21.4
107013,LA_UNION,2025,08,23,0.0,35.8,22.0
107013,LA_UNION,2025,08,24,0.0,36.6,21.0
107013,LA_UNION,2025,08,25,0.0,33.8,22.2
107013,LA_UNION,2025,08,26,0.0,34.0,22.4
107013,LA_UNION,2025,08,27,0.0,34.6,18.2
107013,LA_UNION,2025,08,28,0.0,35.0,20.2
107013,LA_UNION,2025,08,29,0.0,36.4,19.0
107013,LA_UNION,2025,08,30,0.0,37.4,19.8
107013,LA_UNION,2025,08,31,0.0,38.6,20.4
107013,LA_UNION,2025,09,01,2.0,36.8,21.4
107013,LA_UNION,2025,09,02,0.0,31.0,22.6
107013,LA_UNION,2025,09,03,0.0,37.0,20.6
107013,LA_UNION,2025,09,04,0.0,37.6,20.8
107013,LA_UNION,2025,09,05,1.1,36.2,21.4
107013,LA_UNION,2025,09,06,0.9,29.2,20.6
107013,LA_UNION,2025,09,07,0.0,30.8,20.8
107013,LA_UNION,2025,09,08,0.0,35.4,19.6
107013,LA_UNION,2025,09,09,0.5,34.2,21.2
107013,LA_UNION,2025,09,10,0.0,34.8,22.2
107013,LA_UNION,2025,09,11,0.0,34.0,23.8
107013,LA_UNION,2025,09,12,1.1,30.2,22.0
107013,LA_UNION,2025,09,13,0.0,30.4,22.0
107013,LA_UNION,2025,09,14,0.0,36.8,20.0
107013,LA_UNION,2025,09,15,0.0,31.0,21.4
107013,LA_UNION,2025,09,16,0.0,35.6,22.6
107013,LA_UNION,2025,09,17,0.0,36.2,20.8
107013,LA_UNION,2025,09,18,0.0,35.4,21.8
107013,LA_UNION,2025,09,19,0.0,33.4,21.8
107013,LA_UNION,2025,09,20,0.0,38.4,23.0
107013,LA_UNION,2025,09,21,0.0,34.8,21.8
107013,LA_UNION,2025,09,22,0.0,40.2,22.2
107013,LA_UNION,2025,09,23,1.8,32.6,22.6
107013,LA_UNION,2025,09,24,1.2,28.8,22.4
107013,LA_UNION,2025,09,25,3.7,31.2,22.2
107013,LA_UNION,2025,09,26,9.9,30.2,22.8
107013,LA_UNION,2025,09,27,0.0,34.2,21.8
107013,LA_UNION,2025,09,28,2.3,33.4,22.0
107013,LA_UNION,2025,09,29,0.0,35.6,21.6
107013,LA_UNION,2025,09,30,0.0,34.6,21.8
107013,LA_UNION,2025,10,01,13.2,35.8,21.6
107013,LA_UNION,2025,10,02,22.7,31.8,22.0
107013,LA_UNION,2025,10,03,0.0,32.6,22.8
107013,LA_UNION,2025,10,04,0.0,35.8,22.0
107013,LA_UNION,2025,10,05,0.0,32.2,21.6
107013,LA_UNION,2025,10,06,0.0,37.8,21.8
107013,LA_UNION,2025,10,07,0.0,32.4,23.2
107013,LA_UNION,2025,10,08,0.0,29.8,23.0
107013,LA_UNION,2025,10,09,13.8,31.2,22.8
107013,LA_UNION,2025,10,10,14.0,30.6,22.2
107013,LA_UNION,2025,10,11,0.0,34.4,22.6
107013,LA_UNION,2025,10,12,0.0,30.2,22.2
107013,LA_UNION,2025,10,13,9.5,33.6,23.2
107013,LA_UNION,2025,10,14,5.1,31.8,23.4
107013,LA_UNION,2025,10,15,0.0,35.8,23.0
107013,LA_UNION,2025,10,16,0.0,30.4,23.6
107013,LA_UNION,2025,10,17,0.0,32.4,23.2
107013,LA_UNION,2025,10,18,0.0,35.2,22.2
107013,LA_UNION,2025,10,19,59.7,36.4,22.4
107013,LA_UNION,2025,10,20,0.0,33.0,22.0
107013,LA_UNION,2025,10,21,0.0,33.2,22.2
107013,LA_UNION,2025,10,22,2.4,27.0,23.2
107013,LA_UNION,2025,10,23,0.8,33.6,22.4
107013,LA_UNION,2025,10,24,0.0,34.4,22.8
107013,LA_UNION,2025,10,25,0.0,35.6,22.4
107013,LA_UNION,2025,10,26,0.0,35.4,22.6
107013,LA_UNION,2025,10,27,0.0,36.4,23.0
107013,LA_UNION,2025,10,28,45.5,32.4,23.2
107013,LA_UNION,2025,10,29,7.6,29.4,22.8
107013,LA_UNION,2025,10,30,0.0,33.2,22.0
107013,LA_UNION,2025,10,31,0.0,35.2,22.8
107013,LA_UNION,2025,11,01,0.0,35.2,23.4
107013,LA_UNION,2025,11,02,0.0,34.4,22.6
107013,LA_UNION,2025,11,03,0.0,35.8,23.6
107013,LA_UNION,2025,11,04,0.0,36.8,23.6
107013,LA_UNION,2025,11,05,0.0,33.6,22.6
107013,LA_UNION,2025,11,06,0.0,35.6,22.0
107013,LA_UNION,2025,11,07,0.0,36.4,22.6
107013,LA_UNION,2025,11,08,0.0,37.0,22.0
107013,LA_UNION,2025,11,09,5.5,36.8,22.8
107013,LA_UNION,2025,11,10,0.0,30.4,22.4
107013,LA_UNION,2025,11,11,1.9,35.2,22.8
107013,LA_UNION,2025,11,12,0.0,35.8,22.4
107013,LA_UNION,2025,11,13,0.0,35.2,23.0
107013,LA_UNION,2025,11,14,2.3,33.8,24.0
107013,LA_UNION,2025,11,15,9.7,30.2,24.2
107013,LA_UNION,2025,11,16,0.0,30.4,23.0
107013,LA_UNION,2025,11,17,0.0,35.2,23.2
107013,LA_UNION,2025,11,18,0.0,35.0,23.4
107013,LA_UNION,2025,11,19,0.0,35.6,23.6
107013,LA_UNION,2025,11,20,0.0,36.4,23.4
107013,LA_UNION,2025,11,21,0.0,36.0,24.0
107013,LA_UNION,2025,11,22,0.0,37.2,23.6
107013,LA_UNION,2025,11,23,11.6,36.0,23.8
107013,LA_UNION,2025,11,24,8.7,27.2,22.8
107013,LA_UNION,2025,11,25,0.0,34.6,23.0
107013,LA_UNION,2025,11,26,32.0,35.8,22.2
107013,LA_UNION,2025,11,27,33.4,28.6,23.8
107013,LA_UNION,2025,11,28,0.0,33.2,22.0
107013,LA_UNION,2025,11,29,0.0,34.6,22.2
107013,LA_UNION,2025,11,30,0.0,34.0,23.8
107013,LA_UNION,2025,12,01,1.7,36.4,23.2
107013,LA_UNION,2025,12,02,0.0,31.6,22.2
107013,LA_UNION,2025,12,03,4.1,35.0,22.6
107013,LA_UNION,2025,12,04,0.0,31.8,22.4
107013,LA_UNION,2025,12,05,0.0,36.6,22.8
107013,LA_UNION,2025,12,06,0.0,36.8,23.4
107013,LA_UNION,2025,12,07,0.0,36.6,24.2
107013,LA_UNION,2025,12,08,0.0,32.4,23.2
107013,LA_UNION,2025,12,09,0.0,36.2,22.6
107013,LA_UNION,2025,12,10,0.0,37.0,23.8
107013,LA_UNION,2025,12,11,0.0,35.2,23.6
107013,LA_UNION,2025,12,12,0.0,35.4,22.6
107013,LA_UNION,2025,12,13,0.0,37.6,22.0
107013,LA_UNION,2025,12,14,0.0,37.4,22.2
107013,LA_UNION,2025,12,15,0.0,37.8,21.2
107013,LA_UNION,2025,12,16,0.0,35.8,23.2
107013,LA_UNION,2025,12,17,0.0,36.8,22.8
107013,LA_UNION,2025,12,18,0.0,35.4,23.6
107013,LA_UNION,2025,12,19,0.0,36.4,23.0
107013,LA_UNION,2025,12,20,0.0,36.8,23.2
107013,LA_UNION,2025,12,21,0.0,36.0,22.6
107013,LA_UNION,2025,12,22,0.0,38.0,23.0
107013,LA_UNION,2025,12,23,0.0,38.2,23.8
107013,LA_UNION,2025,12,24,0.0,38.6,24.2
107013,LA_UNION,2025,12,25,0.0,36.2,24.8
107013,LA_UNION,2025,12,26,0.0,38.4,21.6
107013,LA_UNION,2025,12,27,0.0,36.4,23.0
107013,LA_UNION,2025,12,28,0.0,36.2,23.4
107013,LA_UNION,2025,12,29,0.0,36.8,22.0
107013,LA_UNION,2025,12,30,0.0,36.4,21.6
107013,LA_UNION,2025,12,31,4.1,33.4,23.0
