CODIGO,ESTACION,YEAR,MONTH,DAY,PP,TMAX,TMIN
109085,JACAS_GRANDE,2009,12,01,5.2,19.6,-999
109085,JACAS_GRANDE,2009,12,02,1.0,27.6,8.0
109085,JACAS_GRANDE,2009,12,03,0.0,19.8,10.6
109085,JACAS_GRANDE,2009,12,04,1.8,21.2,9.9
109085,JACAS_GRANDE,2009,12,05,1.3,20.4,9.8
109085,JACAS_GRANDE,2009,12,06,3.9,19.2,12.5
109085,JACAS_GRANDE,2009,12,07,0.0,-999,13.0
109085,JACAS_GRANDE,2009,12,08,3.5,17.4,10.8
109085,JACAS_GRANDE,2009,12,09,3.0,16.0,12.6
109085,JACAS_GRANDE,2009,12,10,1.3,18.2,12.8
109085,JACAS_GRANDE,2009,12,11,8.2,16.2,-999
109085,JACAS_GRANDE,2009,12,12,5.6,19.8,7.7
109085,JACAS_GRANDE,2009,12,13,5.9,15.2,12.0
109085,JACAS_GRANDE,2009,12,14,0.5,20.6,10.3
109085,JACAS_GRANDE,2009,12,15,11.0,20.8,-999
109085,JACAS_GRANDE,2009,12,16,4.2,19.2,10.0
109085,JACAS_GRANDE,2009,12,17,7.8,19.4,10.2
109085,JACAS_GRANDE,2009,12,18,5.3,15.4,9.2
109085,JACAS_GRANDE,2009,12,19,9.8,15.0,9.6
109085,JACAS_GRANDE,2009,12,20,8.5,17.2,9.8
109085,JACAS_GRANDE,2009,12,21,1.9,16.0,-999
109085,JACAS_GRANDE,2009,12,22,0.0,14.6,9.1
109085,JACAS_GRANDE,2009,12,23,3.8,20.0,8.4
109085,JACAS_GRANDE,2009,12,24,16.1,20.0,9.1
109085,JACAS_GRANDE,2009,12,25,7.1,19.0,-999
109085,JACAS_GRANDE,2009,12,26,0.0,20.2,7.8
109085,JACAS_GRANDE,2009,12,27,8.7,16.2,10.8
109085,JACAS_GRANDE,2009,12,28,0.0,18.4,9.8
109085,JACAS_GRANDE,2009,12,29,8.0,19.4,8.4
109085,JACAS_GRANDE,2009,12,30,0.0,17.8,8.5
109085,JACAS_GRANDE,2009,12,31,4.3,21.0,-999
109085,JACAS_GRANDE,2010,01,01,-999,-999,-999
109085,JACAS_GRANDE,2010,02,01,1.8,21.2,9.4
109085,JACAS_GRANDE,2010,02,02,2.0,20.2,9.8
109085,JACAS_GRANDE,2010,02,03,2.1,18.8,10.0
109085,JACAS_GRANDE,2010,02,04,18.7,19.2,9.6
109085,JACAS_GRANDE,2010,02,05,14.0,14.4,-999
109085,JACAS_GRANDE,2010,02,06,24.0,14.0,9.4
109085,JACAS_GRANDE,2010,02,07,4.4,-999,-999
109085,JACAS_GRANDE,2010,02,08,0.0,-999,6.0
109085,JACAS_GRANDE,2010,02,09,2.4,21.2,9.4
109085,JACAS_GRANDE,2010,02,10,0.5,22.0,9.2
109085,JACAS_GRANDE,2010,02,11,0.0,22.0,8.4
109085,JACAS_GRANDE,2010,02,12,5.3,18.2,9.2
109085,JACAS_GRANDE,2010,02,13,0.0,20.4,9.8
109085,JACAS_GRANDE,2010,02,14,3.2,21.0,9.4
109085,JACAS_GRANDE,2010,02,15,0.0,18.6,10.6
109085,JACAS_GRANDE,2010,02,16,1.0,18.8,9.4
109085,JACAS_GRANDE,2010,02,17,0.0,20.0,10.4
109085,JACAS_GRANDE,2010,02,18,0.0,19.0,10.8
109085,JACAS_GRANDE,2010,02,19,1.0,20.6,7.2
109085,JACAS_GRANDE,2010,02,20,4.4,20.8,9.2
109085,JACAS_GRANDE,2010,02,21,0.4,17.4,9.6
109085,JACAS_GRANDE,2010,02,22,22.0,22.6,9.4
109085,JACAS_GRANDE,2010,02,23,0.0,21.0,7.2
109085,JACAS_GRANDE,2010,02,24,0.0,-999,8.6
109085,JACAS_GRANDE,2010,02,25,30.0,-999,9.6
109085,JACAS_GRANDE,2010,02,26,7.5,-999,-999
109085,JACAS_GRANDE,2010,02,27,0.0,19.0,8.6
109085,JACAS_GRANDE,2010,02,28,0.6,-999,10.0
109085,JACAS_GRANDE,2010,03,01,1.2,14.4,-999
109085,JACAS_GRANDE,2010,03,02,1.7,16.2,9.8
109085,JACAS_GRANDE,2010,03,03,15.9,19.4,9.6
109085,JACAS_GRANDE,2010,03,04,2.1,-999,8.8
109085,JACAS_GRANDE,2010,03,05,0.0,19.0,8.2
109085,JACAS_GRANDE,2010,03,06,0.0,19.2,8.6
109085,JACAS_GRANDE,2010,03,07,3.9,18.4,9.4
109085,JACAS_GRANDE,2010,03,08,0.0,21.4,9.4
109085,JACAS_GRANDE,2010,03,09,8.0,21.4,6.8
109085,JACAS_GRANDE,2010,03,10,0.0,19.4,8.0
109085,JACAS_GRANDE,2010,03,11,0.0,19.0,10.4
109085,JACAS_GRANDE,2010,03,12,1.4,-999,9.2
109085,JACAS_GRANDE,2010,03,13,6.5,18.4,9.0
109085,JACAS_GRANDE,2010,03,14,0.8,18.2,6.2
109085,JACAS_GRANDE,2010,03,15,19.9,18.0,8.2
109085,JACAS_GRANDE,2010,03,16,3.4,15.8,8.2
109085,JACAS_GRANDE,2010,03,17,5.0,15.8,7.4
109085,JACAS_GRANDE,2010,03,18,5.6,18.4,6.8
109085,JACAS_GRANDE,2010,03,19,3.7,14.8,8.6
109085,JACAS_GRANDE,2010,03,20,2.3,20.0,9.2
109085,JACAS_GRANDE,2010,03,21,4.0,21.2,9.8
109085,JACAS_GRANDE,2010,03,22,0.0,20.4,8.2
109085,JACAS_GRANDE,2010,03,23,4.0,21.0,7.2
109085,JACAS_GRANDE,2010,03,24,3.6,20.6,8.0
109085,JACAS_GRANDE,2010,03,25,11.6,16.0,9.6
109085,JACAS_GRANDE,2010,03,26,5.8,16.0,9.4
109085,JACAS_GRANDE,2010,03,27,0.0,19.0,9.0
109085,JACAS_GRANDE,2010,03,28,0.8,20.2,8.8
109085,JACAS_GRANDE,2010,03,29,3.0,20.4,8.0
109085,JACAS_GRANDE,2010,03,30,4.2,19.4,7.2
109085,JACAS_GRANDE,2010,03,31,15.2,18.0,8.0
109085,JACAS_GRANDE,2010,04,01,3.8,19.2,8.6
109085,JACAS_GRANDE,2010,04,02,0.0,20.0,5.0
109085,JACAS_GRANDE,2010,04,03,4.9,20.0,7.8
109085,JACAS_GRANDE,2010,04,04,8.9,19.2,5.0
109085,JACAS_GRANDE,2010,04,05,2.2,14.2,7.2
109085,JACAS_GRANDE,2010,04,06,1.0,16.2,7.4
109085,JACAS_GRANDE,2010,04,07,0.0,20.0,7.0
109085,JACAS_GRANDE,2010,04,08,0.0,20.0,6.4
109085,JACAS_GRANDE,2010,04,09,0.0,20.2,6.2
109085,JACAS_GRANDE,2010,04,10,0.0,23.2,7.2
109085,JACAS_GRANDE,2010,04,11,1.4,23.0,3.4
109085,JACAS_GRANDE,2010,04,12,0.0,22.0,6.2
109085,JACAS_GRANDE,2010,04,13,1.0,21.2,6.0
109085,JACAS_GRANDE,2010,04,14,0.0,20.2,2.0
109085,JACAS_GRANDE,2010,04,15,0.0,21.2,4.0
109085,JACAS_GRANDE,2010,04,16,0.0,17.4,7.2
109085,JACAS_GRANDE,2010,04,17,0.0,20.0,7.2
109085,JACAS_GRANDE,2010,04,18,0.0,19.8,6.0
109085,JACAS_GRANDE,2010,04,19,0.0,18.2,7.0
109085,JACAS_GRANDE,2010,04,20,1.0,19.4,7.4
109085,JACAS_GRANDE,2010,04,21,0.0,21.2,5.4
109085,JACAS_GRANDE,2010,04,22,0.0,20.0,6.2
109085,JACAS_GRANDE,2010,04,23,0.5,19.4,6.2
109085,JACAS_GRANDE,2010,04,24,0.0,22.0,7.0
109085,JACAS_GRANDE,2010,04,25,1.6,20.0,7.4
109085,JACAS_GRANDE,2010,04,26,0.5,22.0,7.4
109085,JACAS_GRANDE,2010,04,27,1.9,15.4,6.4
109085,JACAS_GRANDE,2010,04,28,0.0,20.4,4.4
109085,JACAS_GRANDE,2010,04,29,1.2,19.4,6.2
109085,JACAS_GRANDE,2010,04,30,6.9,19.0,8.0
109085,JACAS_GRANDE,2010,05,01,-999,-999,-999
109085,JACAS_GRANDE,2010,06,01,0.0,21.2,6.4
109085,JACAS_GRANDE,2010,06,02,5.8,19.8,6.6
109085,JACAS_GRANDE,2010,06,03,1.4,18.6,6.8
109085,JACAS_GRANDE,2010,06,04,0.4,16.2,5.2
109085,JACAS_GRANDE,2010,06,05,0.2,17.4,6.2
109085,JACAS_GRANDE,2010,06,06,1.0,14.8,6.0
109085,JACAS_GRANDE,2010,06,07,2.8,16.8,5.2
109085,JACAS_GRANDE,2010,06,08,0.0,18.6,3.6
109085,JACAS_GRANDE,2010,06,09,0.0,18.6,4.8
109085,JACAS_GRANDE,2010,06,10,0.0,18.8,3.8
109085,JACAS_GRANDE,2010,06,11,0.0,-999,2.2
109085,JACAS_GRANDE,2010,06,12,0.0,18.6,2.0
109085,JACAS_GRANDE,2010,06,13,0.0,20.2,8.0
109085,JACAS_GRANDE,2010,06,14,0.0,20.6,6.8
109085,JACAS_GRANDE,2010,06,15,0.0,21.4,6.6
109085,JACAS_GRANDE,2010,06,16,0.0,21.8,-999
109085,JACAS_GRANDE,2010,06,17,0.0,21.4,-999
109085,JACAS_GRANDE,2010,06,18,0.0,20.2,4.2
109085,JACAS_GRANDE,2010,06,19,0.3,19.8,7.2
109085,JACAS_GRANDE,2010,06,20,0.0,19.8,6.6
109085,JACAS_GRANDE,2010,06,21,1.1,18.2,6.2
109085,JACAS_GRANDE,2010,06,22,0.0,20.0,-999
109085,JACAS_GRANDE,2010,06,23,0.0,20.2,6.0
109085,JACAS_GRANDE,2010,06,24,0.0,18.0,5.8
109085,JACAS_GRANDE,2010,06,25,0.0,18.2,6.6
109085,JACAS_GRANDE,2010,06,26,0.0,20.0,6.8
109085,JACAS_GRANDE,2010,06,27,0.0,20.2,7.0
109085,JACAS_GRANDE,2010,06,28,0.0,19.4,6.2
109085,JACAS_GRANDE,2010,06,29,0.0,19.4,-999
109085,JACAS_GRANDE,2010,06,30,0.0,15.8,-999
109085,JACAS_GRANDE,2010,07,01,-999,-999,-999
109085,JACAS_GRANDE,2010,09,01,1.2,15.6,-999
109085,JACAS_GRANDE,2010,09,02,0.0,18.4,-999
109085,JACAS_GRANDE,2010,09,03,2.3,21.8,-999
109085,JACAS_GRANDE,2010,09,04,0.4,22.4,7.6
109085,JACAS_GRANDE,2010,09,05,0.6,18.0,7.8
109085,JACAS_GRANDE,2010,09,06,0.9,18.4,7.6
109085,JACAS_GRANDE,2010,09,07,1.3,20.0,5.4
109085,JACAS_GRANDE,2010,09,08,0.0,21.4,5.6
109085,JACAS_GRANDE,2010,09,09,0.0,20.8,5.0
109085,JACAS_GRANDE,2010,09,10,0.0,21.6,6.2
109085,JACAS_GRANDE,2010,09,11,0.0,20.0,8.4
109085,JACAS_GRANDE,2010,09,12,0.0,21.4,6.0
109085,JACAS_GRANDE,2010,09,13,2.6,21.4,-999
109085,JACAS_GRANDE,2010,09,14,0.0,20.2,6.8
109085,JACAS_GRANDE,2010,09,15,0.0,18.6,6.0
109085,JACAS_GRANDE,2010,09,16,0.0,-999,5.2
109085,JACAS_GRANDE,2010,09,17,0.0,21.8,3.2
109085,JACAS_GRANDE,2010,09,18,0.2,16.8,3.8
109085,JACAS_GRANDE,2010,09,19,0.0,13.2,7.0
109085,JACAS_GRANDE,2010,09,20,0.0,20.0,-999
109085,JACAS_GRANDE,2010,09,21,0.0,21.2,-999
109085,JACAS_GRANDE,2010,09,22,0.0,20.0,5.2
109085,JACAS_GRANDE,2010,09,23,0.0,20.8,8.6
109085,JACAS_GRANDE,2010,09,24,12.0,20.8,5.4
109085,JACAS_GRANDE,2010,09,25,0.0,19.2,6.8
109085,JACAS_GRANDE,2010,09,26,0.0,-999,6.8
109085,JACAS_GRANDE,2010,09,27,0.0,21.8,6.0
109085,JACAS_GRANDE,2010,09,28,0.0,23.6,6.2
109085,JACAS_GRANDE,2010,09,29,0.0,21.4,6.2
109085,JACAS_GRANDE,2010,09,30,0.0,20.8,6.4
109085,JACAS_GRANDE,2010,10,01,0.0,22.2,8.6
109085,JACAS_GRANDE,2010,10,02,0.5,-999,8.0
109085,JACAS_GRANDE,2010,10,03,0.0,19.0,7.2
109085,JACAS_GRANDE,2010,10,04,0.0,23.0,9.0
109085,JACAS_GRANDE,2010,10,05,0.0,23.0,8.8
109085,JACAS_GRANDE,2010,10,06,4.8,25.4,-999
109085,JACAS_GRANDE,2010,10,07,0.0,20.8,7.8
109085,JACAS_GRANDE,2010,10,08,0.2,23.8,7.0
109085,JACAS_GRANDE,2010,10,09,1.7,15.8,9.0
109085,JACAS_GRANDE,2010,10,10,0.2,20.0,8.2
109085,JACAS_GRANDE,2010,10,11,0.5,19.2,6.8
109085,JACAS_GRANDE,2010,10,12,0.0,18.0,9.2
109085,JACAS_GRANDE,2010,10,13,0.0,20.4,7.0
109085,JACAS_GRANDE,2010,10,14,0.4,21.4,4.2
109085,JACAS_GRANDE,2010,10,15,0.7,24.2,6.6
109085,JACAS_GRANDE,2010,10,16,2.2,20.4,7.6
109085,JACAS_GRANDE,2010,10,17,2.5,19.8,-999
109085,JACAS_GRANDE,2010,10,18,3.2,20.0,5.4
109085,JACAS_GRANDE,2010,10,19,1.8,17.2,6.8
109085,JACAS_GRANDE,2010,10,20,3.1,17.2,8.6
109085,JACAS_GRANDE,2010,10,21,7.9,19.0,5.4
109085,JACAS_GRANDE,2010,10,22,2.7,21.8,5.2
109085,JACAS_GRANDE,2010,10,23,0.0,20.0,5.2
109085,JACAS_GRANDE,2010,10,24,0.0,19.2,8.2
109085,JACAS_GRANDE,2010,10,25,0.7,21.2,6.0
109085,JACAS_GRANDE,2010,10,26,0.2,13.4,7.2
109085,JACAS_GRANDE,2010,10,27,1.0,21.4,6.8
109085,JACAS_GRANDE,2010,10,28,6.8,23.4,8.2
109085,JACAS_GRANDE,2010,10,29,0.0,16.4,7.2
109085,JACAS_GRANDE,2010,10,30,0.3,23.2,8.0
109085,JACAS_GRANDE,2010,10,31,5.0,21.8,10.2
109085,JACAS_GRANDE,2010,11,01,1.2,19.4,8.8
109085,JACAS_GRANDE,2010,11,02,0.6,15.6,8.2
109085,JACAS_GRANDE,2010,11,03,0.8,21.0,6.8
109085,JACAS_GRANDE,2010,11,04,1.0,-999,6.4
109085,JACAS_GRANDE,2010,11,05,0.0,20.8,8.8
109085,JACAS_GRANDE,2010,11,06,8.5,26.2,6.8
109085,JACAS_GRANDE,2010,11,07,0.0,26.4,6.8
109085,JACAS_GRANDE,2010,11,08,0.5,23.0,7.2
109085,JACAS_GRANDE,2010,11,09,1.2,17.4,7.4
109085,JACAS_GRANDE,2010,11,10,3.2,19.6,8.0
109085,JACAS_GRANDE,2010,11,11,3.2,15.0,8.4
109085,JACAS_GRANDE,2010,11,12,7.1,15.6,8.8
109085,JACAS_GRANDE,2010,11,13,3.7,18.6,8.8
109085,JACAS_GRANDE,2010,11,14,0.6,18.4,8.6
109085,JACAS_GRANDE,2010,11,15,1.6,23.0,8.2
109085,JACAS_GRANDE,2010,11,16,1.8,23.0,9.0
109085,JACAS_GRANDE,2010,11,17,1.6,19.4,7.2
109085,JACAS_GRANDE,2010,11,18,8.8,20.4,6.0
109085,JACAS_GRANDE,2010,11,19,3.8,20.4,5.4
109085,JACAS_GRANDE,2010,11,20,1.3,16.0,6.0
109085,JACAS_GRANDE,2010,11,21,1.3,-999,6.8
109085,JACAS_GRANDE,2010,11,22,9.6,17.6,7.4
109085,JACAS_GRANDE,2010,11,23,2.3,20.0,6.4
109085,JACAS_GRANDE,2010,11,24,0.0,17.2,6.4
109085,JACAS_GRANDE,2010,11,25,7.6,20.0,6.6
109085,JACAS_GRANDE,2010,11,26,4.8,16.8,6.6
109085,JACAS_GRANDE,2010,11,27,0.0,19.8,8.2
109085,JACAS_GRANDE,2010,11,28,0.0,21.2,9.4
109085,JACAS_GRANDE,2010,11,29,4.3,-999,8.4
109085,JACAS_GRANDE,2010,11,30,3.5,20.0,6.8
109085,JACAS_GRANDE,2010,12,01,1.7,14.8,8.2
109085,JACAS_GRANDE,2010,12,02,1.4,13.0,8.4
109085,JACAS_GRANDE,2010,12,03,14.3,16.4,8.6
109085,JACAS_GRANDE,2010,12,04,15.5,-999,8.4
109085,JACAS_GRANDE,2010,12,05,0.0,17.4,6.0
109085,JACAS_GRANDE,2010,12,06,0.0,18.8,7.0
109085,JACAS_GRANDE,2010,12,07,0.0,17.2,7.0
109085,JACAS_GRANDE,2010,12,08,5.4,17.4,6.4
109085,JACAS_GRANDE,2010,12,09,3.7,17.0,6.2
109085,JACAS_GRANDE,2010,12,10,2.9,14.8,8.2
109085,JACAS_GRANDE,2010,12,11,0.5,17.2,9.2
109085,JACAS_GRANDE,2010,12,12,9.5,18.4,-999
109085,JACAS_GRANDE,2010,12,13,2.9,18.6,7.8
109085,JACAS_GRANDE,2010,12,14,0.0,14.4,8.0
109085,JACAS_GRANDE,2010,12,15,0.0,21.2,6.2
109085,JACAS_GRANDE,2010,12,16,4.9,15.2,7.2
109085,JACAS_GRANDE,2010,12,17,4.2,17.8,7.4
109085,JACAS_GRANDE,2010,12,18,0.7,19.8,7.6
109085,JACAS_GRANDE,2010,12,19,0.6,15.8,8.2
109085,JACAS_GRANDE,2010,12,20,0.0,17.0,6.2
109085,JACAS_GRANDE,2010,12,21,4.9,18.6,6.4
109085,JACAS_GRANDE,2010,12,22,6.2,15.8,6.2
109085,JACAS_GRANDE,2010,12,23,19.2,17.8,6.2
109085,JACAS_GRANDE,2010,12,24,4.4,16.8,8.2
109085,JACAS_GRANDE,2010,12,25,1.9,16.2,8.8
109085,JACAS_GRANDE,2010,12,26,1.0,19.2,7.8
109085,JACAS_GRANDE,2010,12,27,2.2,17.0,8.0
109085,JACAS_GRANDE,2010,12,28,4.7,17.8,9.2
109085,JACAS_GRANDE,2010,12,29,6.7,15.2,9.2
109085,JACAS_GRANDE,2010,12,30,7.5,20.2,8.8
109085,JACAS_GRANDE,2010,12,31,7.3,20.2,7.2
109085,JACAS_GRANDE,2011,01,01,0.0,18.4,7.6
109085,JACAS_GRANDE,2011,01,02,1.2,15.2,7.6
109085,JACAS_GRANDE,2011,01,03,2.3,13.8,9.6
109085,JACAS_GRANDE,2011,01,04,3.9,20.8,7.0
109085,JACAS_GRANDE,2011,01,05,18.4,17.8,8.8
109085,JACAS_GRANDE,2011,01,06,0.2,19.6,6.8
109085,JACAS_GRANDE,2011,01,07,5.2,16.0,8.2
109085,JACAS_GRANDE,2011,01,08,5.4,15.0,8.4
109085,JACAS_GRANDE,2011,01,09,1.2,17.8,8.6
109085,JACAS_GRANDE,2011,01,10,1.4,20.2,8.2
109085,JACAS_GRANDE,2011,01,11,2.6,18.4,7.0
109085,JACAS_GRANDE,2011,01,12,0.0,17.2,7.2
109085,JACAS_GRANDE,2011,01,13,0.0,18.8,7.8
109085,JACAS_GRANDE,2011,01,14,1.6,18.0,7.0
109085,JACAS_GRANDE,2011,01,15,0.0,20.4,6.8
109085,JACAS_GRANDE,2011,01,16,0.0,18.8,9.0
109085,JACAS_GRANDE,2011,01,17,7.1,19.0,7.6
109085,JACAS_GRANDE,2011,01,18,0.0,20.0,7.0
109085,JACAS_GRANDE,2011,01,19,2.7,20.0,8.2
109085,JACAS_GRANDE,2011,01,20,0.4,15.8,7.6
109085,JACAS_GRANDE,2011,01,21,0.8,-999,9.2
109085,JACAS_GRANDE,2011,01,22,0.4,19.0,7.8
109085,JACAS_GRANDE,2011,01,23,1.7,20.4,8.0
109085,JACAS_GRANDE,2011,01,24,1.2,20.4,8.8
109085,JACAS_GRANDE,2011,01,25,1.5,16.8,9.8
109085,JACAS_GRANDE,2011,01,26,1.5,20.2,8.4
109085,JACAS_GRANDE,2011,01,27,16.0,16.4,8.4
109085,JACAS_GRANDE,2011,01,28,5.8,14.0,7.2
109085,JACAS_GRANDE,2011,01,29,2.4,17.2,8.6
109085,JACAS_GRANDE,2011,01,30,19.1,14.0,8.4
109085,JACAS_GRANDE,2011,01,31,-999,16.8,6.8
109085,JACAS_GRANDE,2011,03,01,0.0,22.2,6.2
109085,JACAS_GRANDE,2011,03,02,6.1,20.4,6.8
109085,JACAS_GRANDE,2011,03,03,6.6,14.2,6.0
109085,JACAS_GRANDE,2011,03,04,27.0,14.8,6.4
109085,JACAS_GRANDE,2011,03,05,1.5,15.2,-999
109085,JACAS_GRANDE,2011,03,06,6.7,16.8,7.0
109085,JACAS_GRANDE,2011,03,07,5.0,14.8,6.8
109085,JACAS_GRANDE,2011,03,08,8.2,14.8,8.0
109085,JACAS_GRANDE,2011,03,09,1.4,18.4,7.4
109085,JACAS_GRANDE,2011,03,10,21.2,20.6,7.0
109085,JACAS_GRANDE,2011,03,11,0.0,14.8,7.2
109085,JACAS_GRANDE,2011,03,12,2.2,15.0,7.4
109085,JACAS_GRANDE,2011,03,13,13.1,14.0,7.8
109085,JACAS_GRANDE,2011,03,14,1.8,18.4,-999
109085,JACAS_GRANDE,2011,03,15,0.8,18.8,8.2
109085,JACAS_GRANDE,2011,03,16,12.7,19.8,6.8
109085,JACAS_GRANDE,2011,03,17,2.9,16.2,6.8
109085,JACAS_GRANDE,2011,03,18,1.2,19.6,6.4
109085,JACAS_GRANDE,2011,03,19,3.2,-999,6.4
109085,JACAS_GRANDE,2011,03,20,4.4,13.2,9.2
109085,JACAS_GRANDE,2011,03,21,0.0,18.8,8.4
109085,JACAS_GRANDE,2011,03,22,2.9,14.4,10.0
109085,JACAS_GRANDE,2011,03,23,5.0,18.0,9.2
109085,JACAS_GRANDE,2011,03,24,14.6,16.2,8.4
109085,JACAS_GRANDE,2011,03,25,4.4,15.8,8.0
109085,JACAS_GRANDE,2011,03,26,2.2,16.8,9.0
109085,JACAS_GRANDE,2011,03,27,0.2,15.6,8.8
109085,JACAS_GRANDE,2011,03,28,0.3,18.6,9.4
109085,JACAS_GRANDE,2011,03,29,17.9,17.2,9.2
109085,JACAS_GRANDE,2011,03,30,7.7,12.4,8.6
109085,JACAS_GRANDE,2011,03,31,3.3,16.4,8.6
109085,JACAS_GRANDE,2011,04,01,1.2,17.4,9.4
109085,JACAS_GRANDE,2011,04,02,14.8,18.8,7.2
109085,JACAS_GRANDE,2011,04,03,0.0,19.4,7.2
109085,JACAS_GRANDE,2011,04,04,4.7,15.8,9.0
109085,JACAS_GRANDE,2011,04,05,16.5,14.4,9.0
109085,JACAS_GRANDE,2011,04,06,1.8,14.0,7.6
109085,JACAS_GRANDE,2011,04,07,0.0,17.8,9.4
109085,JACAS_GRANDE,2011,04,08,7.6,15.8,7.4
109085,JACAS_GRANDE,2011,04,09,0.6,13.6,7.4
109085,JACAS_GRANDE,2011,04,10,0.0,18.0,7.8
109085,JACAS_GRANDE,2011,04,11,0.0,19.6,6.2
109085,JACAS_GRANDE,2011,04,12,0.0,21.2,5.2
109085,JACAS_GRANDE,2011,04,13,0.5,19.4,6.2
109085,JACAS_GRANDE,2011,04,14,13.1,17.2,6.8
109085,JACAS_GRANDE,2011,04,15,4.9,16.6,6.2
109085,JACAS_GRANDE,2011,04,16,1.2,14.6,7.4
109085,JACAS_GRANDE,2011,04,17,4.7,15.4,8.8
109085,JACAS_GRANDE,2011,04,18,3.6,-999,7.6
109085,JACAS_GRANDE,2011,04,19,0.0,15.2,7.2
109085,JACAS_GRANDE,2011,04,20,0.0,19.8,6.8
109085,JACAS_GRANDE,2011,04,21,0.0,19.0,5.4
109085,JACAS_GRANDE,2011,04,22,0.4,19.2,-999
109085,JACAS_GRANDE,2011,04,23,0.0,18.0,6.0
109085,JACAS_GRANDE,2011,04,24,3.5,17.8,8.2
109085,JACAS_GRANDE,2011,04,25,0.0,17.2,8.4
109085,JACAS_GRANDE,2011,04,26,3.4,14.0,8.4
109085,JACAS_GRANDE,2011,04,27,1.2,15.4,8.0
109085,JACAS_GRANDE,2011,04,28,0.0,18.0,5.6
109085,JACAS_GRANDE,2011,04,29,0.0,20.0,5.6
109085,JACAS_GRANDE,2011,04,30,4.9,19.0,7.8
109085,JACAS_GRANDE,2011,05,01,2.0,19.6,6.2
109085,JACAS_GRANDE,2011,05,02,1.6,13.8,6.8
109085,JACAS_GRANDE,2011,05,03,0.0,19.2,5.8
109085,JACAS_GRANDE,2011,05,04,0.0,19.8,-999
109085,JACAS_GRANDE,2011,05,05,0.0,20.0,4.6
109085,JACAS_GRANDE,2011,05,06,1.9,-999,4.8
109085,JACAS_GRANDE,2011,05,07,0.8,16.0,4.8
109085,JACAS_GRANDE,2011,05,08,5.3,16.8,4.0
109085,JACAS_GRANDE,2011,05,09,2.5,-999,7.8
109085,JACAS_GRANDE,2011,05,10,2.1,16.4,7.8
109085,JACAS_GRANDE,2011,05,11,0.0,20.0,6.8
109085,JACAS_GRANDE,2011,05,12,0.0,-999,6.6
109085,JACAS_GRANDE,2011,05,13,6.6,19.8,8.6
109085,JACAS_GRANDE,2011,05,14,0.0,20.2,7.2
109085,JACAS_GRANDE,2011,05,15,0.0,18.8,8.8
109085,JACAS_GRANDE,2011,05,16,0.0,18.4,9.0
109085,JACAS_GRANDE,2011,05,17,0.0,-999,8.6
109085,JACAS_GRANDE,2011,05,18,0.0,20.6,9.0
109085,JACAS_GRANDE,2011,05,19,0.0,21.0,7.4
109085,JACAS_GRANDE,2011,05,20,0.0,21.0,7.4
109085,JACAS_GRANDE,2011,05,21,0.0,20.0,7.2
109085,JACAS_GRANDE,2011,05,22,0.5,18.0,-999
109085,JACAS_GRANDE,2011,05,23,0.3,18.6,-999
109085,JACAS_GRANDE,2011,05,24,0.5,17.8,-999
109085,JACAS_GRANDE,2011,05,25,2.6,18.6,8.4
109085,JACAS_GRANDE,2011,05,26,0.9,17.6,2.2
109085,JACAS_GRANDE,2011,05,27,12.4,-999,2.0
109085,JACAS_GRANDE,2011,05,28,0.0,14.0,5.0
109085,JACAS_GRANDE,2011,05,29,0.0,19.0,6.0
109085,JACAS_GRANDE,2011,05,30,0.0,19.2,3.2
109085,JACAS_GRANDE,2011,05,31,0.0,20.9,2.4
109085,JACAS_GRANDE,2011,06,01,0.0,20.0,2.6
109085,JACAS_GRANDE,2011,06,02,0.0,21.0,2.3
109085,JACAS_GRANDE,2011,06,03,0.0,22.6,6.0
109085,JACAS_GRANDE,2011,06,04,0.0,19.4,6.4
109085,JACAS_GRANDE,2011,06,05,0.0,22.4,8.0
109085,JACAS_GRANDE,2011,06,06,0.0,20.4,5.4
109085,JACAS_GRANDE,2011,06,07,0.0,19.4,6.8
109085,JACAS_GRANDE,2011,06,08,0.0,20.6,4.2
109085,JACAS_GRANDE,2011,06,09,0.0,20.6,5.0
109085,JACAS_GRANDE,2011,06,10,0.0,19.0,2.2
109085,JACAS_GRANDE,2011,06,11,0.0,16.8,2.6
109085,JACAS_GRANDE,2011,06,12,0.0,19.4,4.2
109085,JACAS_GRANDE,2011,06,13,0.2,16.2,4.0
109085,JACAS_GRANDE,2011,06,14,0.0,19.2,3.6
109085,JACAS_GRANDE,2011,06,15,0.0,18.8,3.8
109085,JACAS_GRANDE,2011,06,16,0.0,18.4,3.6
109085,JACAS_GRANDE,2011,06,17,0.0,17.2,8.0
109085,JACAS_GRANDE,2011,06,18,0.0,19.0,-999
109085,JACAS_GRANDE,2011,06,19,0.0,-999,4.8
109085,JACAS_GRANDE,2011,06,20,0.0,-999,4.8
109085,JACAS_GRANDE,2011,06,21,0.0,-999,4.6
109085,JACAS_GRANDE,2011,06,22,0.0,20.4,-999
109085,JACAS_GRANDE,2011,06,23,0.5,17.0,-999
109085,JACAS_GRANDE,2011,06,24,0.0,20.6,7.2
109085,JACAS_GRANDE,2011,06,25,0.0,19.8,-999
109085,JACAS_GRANDE,2011,06,26,0.5,16.4,2.2
109085,JACAS_GRANDE,2011,06,27,0.0,20.8,4.0
109085,JACAS_GRANDE,2011,06,28,0.0,20.6,4.4
109085,JACAS_GRANDE,2011,06,29,0.0,20.0,4.0
109085,JACAS_GRANDE,2011,06,30,0.0,19.8,-999
109085,JACAS_GRANDE,2011,07,01,0.0,20.0,6.0
109085,JACAS_GRANDE,2011,07,02,1.3,13.8,8.0
109085,JACAS_GRANDE,2011,07,03,2.8,-999,8.0
109085,JACAS_GRANDE,2011,07,04,0.5,16.2,6.8
109085,JACAS_GRANDE,2011,07,05,0.0,18.8,4.8
109085,JACAS_GRANDE,2011,07,06,0.0,18.6,4.0
109085,JACAS_GRANDE,2011,07,07,0.0,18.2,-999
109085,JACAS_GRANDE,2011,07,08,0.0,17.8,2.0
109085,JACAS_GRANDE,2011,07,09,0.0,19.2,2.0
109085,JACAS_GRANDE,2011,07,10,0.0,17.2,4.2
109085,JACAS_GRANDE,2011,07,11,0.0,17.0,2.6
109085,JACAS_GRANDE,2011,07,12,0.0,18.6,3.8
109085,JACAS_GRANDE,2011,07,13,0.0,19.0,3.4
109085,JACAS_GRANDE,2011,07,14,0.0,20.8,3.6
109085,JACAS_GRANDE,2011,07,15,0.0,21.0,4.0
109085,JACAS_GRANDE,2011,07,16,4.4,20.0,3.8
109085,JACAS_GRANDE,2011,07,17,0.0,17.8,4.0
109085,JACAS_GRANDE,2011,07,18,3.1,18.2,6.0
109085,JACAS_GRANDE,2011,07,19,0.0,18.2,5.8
109085,JACAS_GRANDE,2011,07,20,0.0,20.0,7.8
109085,JACAS_GRANDE,2011,07,21,0.0,19.2,4.2
109085,JACAS_GRANDE,2011,07,22,0.0,18.2,2.6
109085,JACAS_GRANDE,2011,07,23,0.0,-999,2.2
109085,JACAS_GRANDE,2011,07,24,0.0,20.2,2.6
109085,JACAS_GRANDE,2011,07,25,0.0,20.4,2.0
109085,JACAS_GRANDE,2011,07,26,0.0,20.0,0.3
109085,JACAS_GRANDE,2011,07,27,0.0,19.8,-999
109085,JACAS_GRANDE,2011,07,28,0.0,20.0,0.2
109085,JACAS_GRANDE,2011,07,29,0.0,22.0,0.0
109085,JACAS_GRANDE,2011,07,30,0.0,22.0,3.2
109085,JACAS_GRANDE,2011,07,31,0.0,21.4,3.0
109085,JACAS_GRANDE,2011,08,01,0.0,21.2,3.0
109085,JACAS_GRANDE,2011,08,02,0.0,21.6,2.8
109085,JACAS_GRANDE,2011,08,03,2.5,20.0,8.4
109085,JACAS_GRANDE,2011,08,04,0.0,19.4,5.2
109085,JACAS_GRANDE,2011,08,05,0.0,20.0,5.2
109085,JACAS_GRANDE,2011,08,06,0.0,20.0,4.4
109085,JACAS_GRANDE,2011,08,07,0.0,20.2,4.4
109085,JACAS_GRANDE,2011,08,08,0.0,20.6,1.0
109085,JACAS_GRANDE,2011,08,09,0.0,19.0,4.2
109085,JACAS_GRANDE,2011,08,10,0.0,18.6,2.0
109085,JACAS_GRANDE,2011,08,11,0.0,20.8,2.0
109085,JACAS_GRANDE,2011,08,12,0.0,22.8,1.8
109085,JACAS_GRANDE,2011,08,13,0.0,20.0,1.8
109085,JACAS_GRANDE,2011,08,14,0.0,18.2,3.6
109085,JACAS_GRANDE,2011,08,15,0.0,19.6,3.4
109085,JACAS_GRANDE,2011,08,16,0.0,21.2,2.2
109085,JACAS_GRANDE,2011,08,17,0.0,19.2,3.8
109085,JACAS_GRANDE,2011,08,18,0.0,19.2,3.4
109085,JACAS_GRANDE,2011,08,19,0.0,21.6,3.2
109085,JACAS_GRANDE,2011,08,20,0.0,22.2,4.4
109085,JACAS_GRANDE,2011,08,21,0.0,20.8,7.6
109085,JACAS_GRANDE,2011,08,22,0.0,20.2,5.4
109085,JACAS_GRANDE,2011,08,23,0.0,20.8,7.4
109085,JACAS_GRANDE,2011,08,24,0.0,20.8,6.2
109085,JACAS_GRANDE,2011,08,25,0.0,21.2,6.2
109085,JACAS_GRANDE,2011,08,26,0.0,17.6,3.6
109085,JACAS_GRANDE,2011,08,27,0.0,21.0,3.2
109085,JACAS_GRANDE,2011,08,28,0.0,22.8,4.0
109085,JACAS_GRANDE,2011,08,29,0.0,17.6,5.8
109085,JACAS_GRANDE,2011,08,30,0.7,20.0,3.8
109085,JACAS_GRANDE,2011,08,31,2.6,17.8,5.4
109085,JACAS_GRANDE,2011,09,01,0.7,14.8,5.4
109085,JACAS_GRANDE,2011,09,02,0.0,19.0,3.2
109085,JACAS_GRANDE,2011,09,03,0.0,18.8,3.0
109085,JACAS_GRANDE,2011,09,04,0.0,15.8,5.2
109085,JACAS_GRANDE,2011,09,05,0.0,18.2,3.8
109085,JACAS_GRANDE,2011,09,06,0.0,19.6,3.4
109085,JACAS_GRANDE,2011,09,07,0.0,20.8,4.8
109085,JACAS_GRANDE,2011,09,08,0.0,20.0,5.0
109085,JACAS_GRANDE,2011,09,09,0.0,19.2,4.8
109085,JACAS_GRANDE,2011,09,10,0.0,17.8,4.8
109085,JACAS_GRANDE,2011,09,11,0.0,18.4,4.6
109085,JACAS_GRANDE,2011,09,12,0.1,13.4,4.8
109085,JACAS_GRANDE,2011,09,13,0.7,18.6,4.8
109085,JACAS_GRANDE,2011,09,14,0.0,20.6,-999
109085,JACAS_GRANDE,2011,09,15,9.1,19.6,-999
109085,JACAS_GRANDE,2011,09,16,5.8,20.4,-999
109085,JACAS_GRANDE,2011,09,17,0.0,19.0,4.0
109085,JACAS_GRANDE,2011,09,18,0.0,17.8,3.8
109085,JACAS_GRANDE,2011,09,19,3.0,16.2,3.6
109085,JACAS_GRANDE,2011,09,20,2.6,15.8,3.6
109085,JACAS_GRANDE,2011,09,21,0.0,19.2,-999
109085,JACAS_GRANDE,2011,09,22,1.4,21.4,-999
109085,JACAS_GRANDE,2011,09,23,8.9,22.4,-999
109085,JACAS_GRANDE,2011,09,24,0.0,21.2,4.8
109085,JACAS_GRANDE,2011,09,25,2.8,18.4,8.0
109085,JACAS_GRANDE,2011,09,26,0.5,19.6,7.2
109085,JACAS_GRANDE,2011,09,27,0.2,18.8,7.8
109085,JACAS_GRANDE,2011,09,28,0.0,22.0,5.2
109085,JACAS_GRANDE,2011,09,29,0.0,20.0,6.0
109085,JACAS_GRANDE,2011,09,30,0.0,22.2,6.6
109085,JACAS_GRANDE,2011,10,01,0.2,22.0,9.8
109085,JACAS_GRANDE,2011,10,02,0.0,20.6,9.0
109085,JACAS_GRANDE,2011,10,03,0.4,-999,7.6
109085,JACAS_GRANDE,2011,10,04,0.0,21.2,7.8
109085,JACAS_GRANDE,2011,10,05,3.2,21.6,8.2
109085,JACAS_GRANDE,2011,10,06,0.0,20.8,9.6
109085,JACAS_GRANDE,2011,10,07,7.2,21.2,9.0
109085,JACAS_GRANDE,2011,10,08,2.8,20.4,8.2
109085,JACAS_GRANDE,2011,10,09,13.7,20.6,8.4
109085,JACAS_GRANDE,2011,10,10,0.0,20.8,8.0
109085,JACAS_GRANDE,2011,10,11,3.5,22.6,8.2
109085,JACAS_GRANDE,2011,10,12,0.0,19.2,7.2
109085,JACAS_GRANDE,2011,10,13,0.0,22.4,6.2
109085,JACAS_GRANDE,2011,10,14,0.0,24.0,5.4
109085,JACAS_GRANDE,2011,10,15,0.0,25.0,5.4
109085,JACAS_GRANDE,2011,10,16,0.0,22.4,7.2
109085,JACAS_GRANDE,2011,10,17,0.0,17.6,8.0
109085,JACAS_GRANDE,2011,10,18,0.0,18.2,7.4
109085,JACAS_GRANDE,2011,10,19,1.5,20.0,5.4
109085,JACAS_GRANDE,2011,10,20,2.6,13.8,9.0
109085,JACAS_GRANDE,2011,10,21,2.4,21.8,7.0
109085,JACAS_GRANDE,2011,10,22,0.7,20.6,8.0
109085,JACAS_GRANDE,2011,10,23,0.0,22.0,6.8
109085,JACAS_GRANDE,2011,10,24,0.5,14.8,8.0
109085,JACAS_GRANDE,2011,10,25,0.0,20.0,6.4
109085,JACAS_GRANDE,2011,10,26,11.3,19.4,6.2
109085,JACAS_GRANDE,2011,10,27,3.7,19.2,6.0
109085,JACAS_GRANDE,2011,10,28,4.6,18.8,5.4
109085,JACAS_GRANDE,2011,10,29,2.8,20.0,8.8
109085,JACAS_GRANDE,2011,10,30,5.0,19.6,5.4
109085,JACAS_GRANDE,2011,10,31,0.0,18.8,5.4
109085,JACAS_GRANDE,2011,11,01,9.5,22.2,5.2
109085,JACAS_GRANDE,2011,11,02,0.0,20.4,8.2
109085,JACAS_GRANDE,2011,11,03,3.9,19.0,9.8
109085,JACAS_GRANDE,2011,11,04,0.0,21.0,8.2
109085,JACAS_GRANDE,2011,11,05,0.9,22.0,8.0
109085,JACAS_GRANDE,2011,11,06,4.6,22.4,7.8
109085,JACAS_GRANDE,2011,11,07,0.0,20.4,8.8
109085,JACAS_GRANDE,2011,11,08,0.0,23.2,8.6
109085,JACAS_GRANDE,2011,11,09,0.0,24.8,6.0
109085,JACAS_GRANDE,2011,11,10,0.0,21.2,5.8
109085,JACAS_GRANDE,2011,11,11,1.9,21.6,5.2
109085,JACAS_GRANDE,2011,11,12,0.0,19.2,8.0
109085,JACAS_GRANDE,2011,11,13,2.2,19.0,8.8
109085,JACAS_GRANDE,2011,11,14,12.9,21.2,6.0
109085,JACAS_GRANDE,2011,11,15,0.5,19.2,5.8
109085,JACAS_GRANDE,2011,11,16,24.6,19.6,9.0
109085,JACAS_GRANDE,2011,11,17,3.6,16.6,6.6
109085,JACAS_GRANDE,2011,11,18,18.8,19.2,6.4
109085,JACAS_GRANDE,2011,11,19,2.5,19.2,7.2
109085,JACAS_GRANDE,2011,11,20,10.4,22.4,5.2
109085,JACAS_GRANDE,2011,11,21,4.8,15.6,8.0
109085,JACAS_GRANDE,2011,11,22,4.8,11.4,5.4
109085,JACAS_GRANDE,2011,11,23,4.6,15.4,8.0
109085,JACAS_GRANDE,2011,11,24,0.8,20.0,7.8
109085,JACAS_GRANDE,2011,11,25,0.0,21.4,7.2
109085,JACAS_GRANDE,2011,11,26,0.8,21.2,7.8
109085,JACAS_GRANDE,2011,11,27,5.9,20.4,7.4
109085,JACAS_GRANDE,2011,11,28,1.7,18.6,8.6
109085,JACAS_GRANDE,2011,11,29,0.0,18.2,6.4
109085,JACAS_GRANDE,2011,11,30,0.0,-999,5.2
109085,JACAS_GRANDE,2011,12,01,1.4,-999,5.2
109085,JACAS_GRANDE,2011,12,02,0.0,21.6,7.4
109085,JACAS_GRANDE,2011,12,03,0.0,24.2,5.0
109085,JACAS_GRANDE,2011,12,04,0.0,22.8,4.8
109085,JACAS_GRANDE,2011,12,05,1.7,20.8,8.0
109085,JACAS_GRANDE,2011,12,06,0.9,16.6,8.0
109085,JACAS_GRANDE,2011,12,07,0.0,18.8,7.4
109085,JACAS_GRANDE,2011,12,08,2.8,16.4,7.6
109085,JACAS_GRANDE,2011,12,09,0.8,17.4,8.2
109085,JACAS_GRANDE,2011,12,10,32.3,20.2,3.0
109085,JACAS_GRANDE,2011,12,11,0.0,21.4,3.0
109085,JACAS_GRANDE,2011,12,12,1.3,18.8,9.2
109085,JACAS_GRANDE,2011,12,13,10.8,15.2,8.8
109085,JACAS_GRANDE,2011,12,14,8.0,18.0,6.8
109085,JACAS_GRANDE,2011,12,15,0.0,20.2,8.0
109085,JACAS_GRANDE,2011,12,16,0.0,16.0,7.8
109085,JACAS_GRANDE,2011,12,17,6.0,18.2,7.6
109085,JACAS_GRANDE,2011,12,18,4.8,18.4,7.8
109085,JACAS_GRANDE,2011,12,19,12.0,17.8,7.6
109085,JACAS_GRANDE,2011,12,20,5.9,14.0,5.6
109085,JACAS_GRANDE,2011,12,21,17.9,15.6,9.0
109085,JACAS_GRANDE,2011,12,22,20.1,15.0,5.4
109085,JACAS_GRANDE,2011,12,23,0.7,19.2,5.8
109085,JACAS_GRANDE,2011,12,24,0.0,19.4,5.2
109085,JACAS_GRANDE,2011,12,25,2.0,18.8,5.2
109085,JACAS_GRANDE,2011,12,26,2.2,16.4,6.2
109085,JACAS_GRANDE,2011,12,27,1.5,18.4,7.2
109085,JACAS_GRANDE,2011,12,28,1.1,19.8,7.8
109085,JACAS_GRANDE,2011,12,29,27.3,19.8,7.8
109085,JACAS_GRANDE,2011,12,30,5.0,16.8,7.6
109085,JACAS_GRANDE,2011,12,31,0.0,21.4,5.8
109085,JACAS_GRANDE,2012,01,01,-999,-999,-999
109085,JACAS_GRANDE,2012,03,01,5.3,17.8,9.0
109085,JACAS_GRANDE,2012,03,02,5.1,17.4,7.8
109085,JACAS_GRANDE,2012,03,03,13.1,16.2,8.6
109085,JACAS_GRANDE,2012,03,04,1.5,14.2,7.0
109085,JACAS_GRANDE,2012,03,05,3.5,16.0,8.2
109085,JACAS_GRANDE,2012,03,06,23.1,15.0,-999
109085,JACAS_GRANDE,2012,03,07,9.5,18.8,6.2
109085,JACAS_GRANDE,2012,03,08,5.0,15.6,7.8
109085,JACAS_GRANDE,2012,03,09,1.5,16.0,7.2
109085,JACAS_GRANDE,2012,03,10,4.0,16.0,6.6
109085,JACAS_GRANDE,2012,03,11,3.0,15.8,6.0
109085,JACAS_GRANDE,2012,03,12,2.0,18.6,8.4
109085,JACAS_GRANDE,2012,03,13,10.0,14.6,7.0
109085,JACAS_GRANDE,2012,03,14,1.0,19.8,8.0
109085,JACAS_GRANDE,2012,03,15,1.3,18.9,7.8
109085,JACAS_GRANDE,2012,03,16,9.0,17.8,7.6
109085,JACAS_GRANDE,2012,03,17,1.0,17.6,7.0
109085,JACAS_GRANDE,2012,03,18,3.5,20.8,8.2
109085,JACAS_GRANDE,2012,03,19,0.0,21.6,7.4
109085,JACAS_GRANDE,2012,03,20,1.5,19.0,7.8
109085,JACAS_GRANDE,2012,03,21,1.8,19.0,7.4
109085,JACAS_GRANDE,2012,03,22,1.0,19.2,7.4
109085,JACAS_GRANDE,2012,03,23,1.2,20.0,6.8
109085,JACAS_GRANDE,2012,03,24,0.0,20.6,6.6
109085,JACAS_GRANDE,2012,03,25,3.0,-999,8.4
109085,JACAS_GRANDE,2012,03,26,2.3,15.2,8.4
109085,JACAS_GRANDE,2012,03,27,3.0,19.2,9.2
109085,JACAS_GRANDE,2012,03,28,3.8,14.0,8.4
109085,JACAS_GRANDE,2012,03,29,3.8,16.4,7.4
109085,JACAS_GRANDE,2012,03,30,3.1,17.0,7.6
109085,JACAS_GRANDE,2012,03,31,-999,18.2,7.0
109085,JACAS_GRANDE,2012,08,01,0.0,20.0,1.2
109085,JACAS_GRANDE,2012,08,02,0.0,21.4,3.6
109085,JACAS_GRANDE,2012,08,03,0.0,22.4,3.4
109085,JACAS_GRANDE,2012,08,04,0.0,20.6,2.0
109085,JACAS_GRANDE,2012,08,05,0.0,19.4,1.6
109085,JACAS_GRANDE,2012,08,06,0.0,21.8,1.6
109085,JACAS_GRANDE,2012,08,07,0.0,21.6,1.4
109085,JACAS_GRANDE,2012,08,08,0.0,21.6,-999
109085,JACAS_GRANDE,2012,08,09,0.0,20.2,0.4
109085,JACAS_GRANDE,2012,08,10,0.0,21.2,1.4
109085,JACAS_GRANDE,2012,08,11,0.0,22.6,1.2
109085,JACAS_GRANDE,2012,08,12,0.0,22.4,3.2
109085,JACAS_GRANDE,2012,08,13,0.0,21.4,3.2
109085,JACAS_GRANDE,2012,08,14,0.0,19.8,6.4
109085,JACAS_GRANDE,2012,08,15,0.0,20.2,3.2
109085,JACAS_GRANDE,2012,08,16,0.0,20.6,3.2
109085,JACAS_GRANDE,2012,08,17,0.5,21.2,7.0
109085,JACAS_GRANDE,2012,08,18,0.0,18.4,5.4
109085,JACAS_GRANDE,2012,08,19,1.6,15.2,5.2
109085,JACAS_GRANDE,2012,08,20,0.0,20.0,5.4
109085,JACAS_GRANDE,2012,08,21,0.0,19.6,5.4
109085,JACAS_GRANDE,2012,08,22,0.0,21.0,5.0
109085,JACAS_GRANDE,2012,08,23,0.0,20.8,7.4
109085,JACAS_GRANDE,2012,08,24,1.1,18.6,7.4
109085,JACAS_GRANDE,2012,08,25,0.6,18.2,7.2
109085,JACAS_GRANDE,2012,08,26,0.0,22.0,6.2
109085,JACAS_GRANDE,2012,08,27,0.0,20.4,4.8
109085,JACAS_GRANDE,2012,08,28,0.0,13.6,4.8
109085,JACAS_GRANDE,2012,08,29,0.0,-999,2.2
109085,JACAS_GRANDE,2012,08,30,0.0,18.8,4.4
109085,JACAS_GRANDE,2012,08,31,-999,20.0,2.6
109085,JACAS_GRANDE,2012,10,01,-999,-999,-999
109085,JACAS_GRANDE,2012,12,01,2.8,-999,-999
109085,JACAS_GRANDE,2012,12,02,18.5,-999,-999
109085,JACAS_GRANDE,2012,12,03,4.9,-999,-999
109085,JACAS_GRANDE,2012,12,04,23.3,-999,-999
109085,JACAS_GRANDE,2012,12,05,4.7,-999,-999
109085,JACAS_GRANDE,2012,12,06,0.7,-999,-999
109085,JACAS_GRANDE,2012,12,07,2.4,-999,-999
109085,JACAS_GRANDE,2012,12,08,0.0,-999,-999
109085,JACAS_GRANDE,2012,12,09,0.1,-999,-999
109085,JACAS_GRANDE,2012,12,10,10.0,-999,-999
109085,JACAS_GRANDE,2012,12,11,0.8,-999,-999
109085,JACAS_GRANDE,2012,12,12,2.5,-999,-999
109085,JACAS_GRANDE,2012,12,13,2.7,-999,-999
109085,JACAS_GRANDE,2012,12,14,1.2,-999,-999
109085,JACAS_GRANDE,2012,12,15,0.0,-999,-999
109085,JACAS_GRANDE,2012,12,16,0.0,-999,-999
109085,JACAS_GRANDE,2012,12,17,7.6,-999,-999
109085,JACAS_GRANDE,2012,12,18,1.8,-999,-999
109085,JACAS_GRANDE,2012,12,19,11.5,-999,-999
109085,JACAS_GRANDE,2012,12,20,10.8,-999,-999
109085,JACAS_GRANDE,2012,12,21,21.4,-999,-999
109085,JACAS_GRANDE,2012,12,22,7.9,-999,-999
109085,JACAS_GRANDE,2012,12,23,2.6,-999,-999
109085,JACAS_GRANDE,2012,12,24,7.3,-999,-999
109085,JACAS_GRANDE,2012,12,25,1.8,-999,-999
109085,JACAS_GRANDE,2012,12,26,0.0,-999,-999
109085,JACAS_GRANDE,2012,12,27,8.4,-999,-999
109085,JACAS_GRANDE,2012,12,28,6.3,-999,-999
109085,JACAS_GRANDE,2012,12,29,3.0,-999,-999
109085,JACAS_GRANDE,2012,12,30,6.6,-999,-999
109085,JACAS_GRANDE,2012,12,31,6.4,-999,-999
109085,JACAS_GRANDE,2013,01,01,-999,-999,-999
109085,JACAS_GRANDE,2014,01,01,6.2,22.6,9.4
109085,JACAS_GRANDE,2014,01,02,2.6,22.0,6.2
109085,JACAS_GRANDE,2014,01,03,1.8,20.8,6.2
109085,JACAS_GRANDE,2014,01,04,4.2,20.8,8.8
109085,JACAS_GRANDE,2014,01,05,7.5,14.8,8.8
109085,JACAS_GRANDE,2014,01,06,8.3,18.0,9.0
109085,JACAS_GRANDE,2014,01,07,5.9,18.8,8.8
109085,JACAS_GRANDE,2014,01,08,2.4,15.2,8.8
109085,JACAS_GRANDE,2014,01,09,7.8,20.6,9.0
109085,JACAS_GRANDE,2014,01,10,3.5,20.1,8.4
109085,JACAS_GRANDE,2014,01,11,6.5,16.8,8.6
109085,JACAS_GRANDE,2014,01,12,3.2,16.8,8.2
109085,JACAS_GRANDE,2014,01,13,1.2,14.8,8.2
109085,JACAS_GRANDE,2014,01,14,0.0,19.0,8.6
109085,JACAS_GRANDE,2014,01,15,4.0,20.0,8.4
109085,JACAS_GRANDE,2014,01,16,4.2,18.8,9.4
109085,JACAS_GRANDE,2014,01,17,5.0,20.4,8.2
109085,JACAS_GRANDE,2014,01,18,3.0,19.0,8.0
109085,JACAS_GRANDE,2014,01,19,6.7,20.6,6.8
109085,JACAS_GRANDE,2014,01,20,7.4,21.0,6.6
109085,JACAS_GRANDE,2014,01,21,1.0,20.2,6.4
109085,JACAS_GRANDE,2014,01,22,0.5,15.6,7.0
109085,JACAS_GRANDE,2014,01,23,6.4,18.8,7.8
109085,JACAS_GRANDE,2014,01,24,8.0,19.3,8.8
109085,JACAS_GRANDE,2014,01,25,12.0,21.4,8.2
109085,JACAS_GRANDE,2014,01,26,1.6,18.6,6.6
109085,JACAS_GRANDE,2014,01,27,4.1,20.8,8.0
109085,JACAS_GRANDE,2014,01,28,1.8,19.4,6.8
109085,JACAS_GRANDE,2014,01,29,0.0,21.0,8.0
109085,JACAS_GRANDE,2014,01,30,5.8,18.4,9.6
109085,JACAS_GRANDE,2014,01,31,0.5,18.2,7.4
109085,JACAS_GRANDE,2014,02,01,0.5,19.8,7.6
109085,JACAS_GRANDE,2014,02,02,7.8,20.4,9.0
109085,JACAS_GRANDE,2014,02,03,5.3,22.4,7.4
109085,JACAS_GRANDE,2014,02,04,0.4,20.4,9.6
109085,JACAS_GRANDE,2014,02,05,0.0,17.0,6.8
109085,JACAS_GRANDE,2014,02,06,10.6,19.2,8.4
109085,JACAS_GRANDE,2014,02,07,2.7,16.8,7.6
109085,JACAS_GRANDE,2014,02,08,2.4,19.2,8.6
109085,JACAS_GRANDE,2014,02,09,3.8,21.0,7.4
109085,JACAS_GRANDE,2014,02,10,12.6,18.4,8.8
109085,JACAS_GRANDE,2014,02,11,0.0,20.2,7.8
109085,JACAS_GRANDE,2014,02,12,21.7,17.6,9.4
109085,JACAS_GRANDE,2014,02,13,24.9,19.4,6.6
109085,JACAS_GRANDE,2014,02,14,7.6,18.4,7.6
109085,JACAS_GRANDE,2014,02,15,2.2,14.0,9.2
109085,JACAS_GRANDE,2014,02,16,2.9,-999,7.8
109085,JACAS_GRANDE,2014,02,17,0.0,20.4,6.2
109085,JACAS_GRANDE,2014,02,18,4.5,16.6,7.8
109085,JACAS_GRANDE,2014,02,19,3.7,17.8,8.6
109085,JACAS_GRANDE,2014,02,20,1.7,17.0,9.6
109085,JACAS_GRANDE,2014,02,21,11.8,15.0,9.0
109085,JACAS_GRANDE,2014,02,22,10.3,20.4,7.6
109085,JACAS_GRANDE,2014,02,23,13.8,15.2,8.4
109085,JACAS_GRANDE,2014,02,24,28.8,19.6,8.4
109085,JACAS_GRANDE,2014,02,25,4.9,19.6,6.6
109085,JACAS_GRANDE,2014,02,26,2.7,15.8,8.8
109085,JACAS_GRANDE,2014,02,27,5.2,19.6,8.2
109085,JACAS_GRANDE,2014,02,28,17.3,22.0,7.4
109085,JACAS_GRANDE,2014,03,01,0.0,18.2,6.0
109085,JACAS_GRANDE,2014,03,02,0.0,21.4,7.0
109085,JACAS_GRANDE,2014,03,03,9.0,20.8,7.2
109085,JACAS_GRANDE,2014,03,04,0.0,18.4,7.2
109085,JACAS_GRANDE,2014,03,05,9.1,15.6,-999
109085,JACAS_GRANDE,2014,03,06,1.7,17.8,8.4
109085,JACAS_GRANDE,2014,03,07,7.9,18.2,7.8
109085,JACAS_GRANDE,2014,03,08,7.0,18.4,7.4
109085,JACAS_GRANDE,2014,03,09,3.4,15.0,7.8
109085,JACAS_GRANDE,2014,03,10,0.0,19.8,9.0
109085,JACAS_GRANDE,2014,03,11,1.8,19.6,6.6
109085,JACAS_GRANDE,2014,03,12,7.5,17.2,8.4
109085,JACAS_GRANDE,2014,03,13,31.1,20.4,7.6
109085,JACAS_GRANDE,2014,03,14,4.5,19.6,7.2
109085,JACAS_GRANDE,2014,03,15,1.0,20.0,8.8
109085,JACAS_GRANDE,2014,03,16,12.5,19.8,8.8
109085,JACAS_GRANDE,2014,03,17,2.3,16.8,8.2
109085,JACAS_GRANDE,2014,03,18,20.4,16.4,9.6
109085,JACAS_GRANDE,2014,03,19,0.0,18.2,8.2
109085,JACAS_GRANDE,2014,03,20,11.4,19.8,8.8
109085,JACAS_GRANDE,2014,03,21,20.0,15.8,-999
109085,JACAS_GRANDE,2014,03,22,6.0,13.6,-999
109085,JACAS_GRANDE,2014,03,23,2.8,18.2,-999
109085,JACAS_GRANDE,2014,03,24,1.1,20.8,8.0
109085,JACAS_GRANDE,2014,03,25,9.3,19.0,8.4
109085,JACAS_GRANDE,2014,03,26,2.7,15.4,8.4
109085,JACAS_GRANDE,2014,03,27,0.0,14.2,7.0
109085,JACAS_GRANDE,2014,03,28,0.0,19.0,7.2
109085,JACAS_GRANDE,2014,03,29,2.1,21.2,5.6
109085,JACAS_GRANDE,2014,03,30,0.0,21.2,8.2
109085,JACAS_GRANDE,2014,03,31,-999,20.8,7.4
109085,JACAS_GRANDE,2014,04,01,-999,-999,-999
109085,JACAS_GRANDE,2014,05,01,0.0,21.2,5.4
109085,JACAS_GRANDE,2014,05,02,2.8,20.2,7.0
109085,JACAS_GRANDE,2014,05,03,1.5,17.8,8.4
109085,JACAS_GRANDE,2014,05,04,6.2,-999,-999
109085,JACAS_GRANDE,2014,05,05,0.0,20.6,6.8
109085,JACAS_GRANDE,2014,05,06,6.3,-999,6.2
109085,JACAS_GRANDE,2014,05,07,0.0,20.8,5.8
109085,JACAS_GRANDE,2014,05,08,0.0,20.4,5.6
109085,JACAS_GRANDE,2014,05,09,5.6,19.0,8.4
109085,JACAS_GRANDE,2014,05,10,4.5,19.2,8.2
109085,JACAS_GRANDE,2014,05,11,1.5,18.2,8.6
109085,JACAS_GRANDE,2014,05,12,0.0,18.4,8.6
109085,JACAS_GRANDE,2014,05,13,0.0,19.6,8.2
109085,JACAS_GRANDE,2014,05,14,0.0,20.4,8.0
109085,JACAS_GRANDE,2014,05,15,0.0,20.2,7.4
109085,JACAS_GRANDE,2014,05,16,0.0,18.0,9.0
109085,JACAS_GRANDE,2014,05,17,1.5,20.2,5.4
109085,JACAS_GRANDE,2014,05,18,1.5,16.6,8.2
109085,JACAS_GRANDE,2014,05,19,0.0,19.4,8.0
109085,JACAS_GRANDE,2014,05,20,9.9,19.0,8.8
109085,JACAS_GRANDE,2014,05,21,2.3,20.0,8.0
109085,JACAS_GRANDE,2014,05,22,0.0,20.4,-999
109085,JACAS_GRANDE,2014,05,23,0.0,20.6,7.0
109085,JACAS_GRANDE,2014,05,24,0.0,18.4,6.8
109085,JACAS_GRANDE,2014,05,25,0.0,21.2,7.8
109085,JACAS_GRANDE,2014,05,26,0.0,18.2,6.6
109085,JACAS_GRANDE,2014,05,27,0.0,22.0,6.6
109085,JACAS_GRANDE,2014,05,28,0.0,21.2,5.2
109085,JACAS_GRANDE,2014,05,29,0.0,22.0,4.4
109085,JACAS_GRANDE,2014,05,30,0.0,23.0,4.0
109085,JACAS_GRANDE,2014,05,31,0.0,22.0,4.4
109085,JACAS_GRANDE,2014,06,01,0.0,20.6,4.0
109085,JACAS_GRANDE,2014,06,02,0.0,22.4,4.2
109085,JACAS_GRANDE,2014,06,03,0.0,21.2,4.0
109085,JACAS_GRANDE,2014,06,04,0.0,21.0,4.2
109085,JACAS_GRANDE,2014,06,05,0.0,21.2,4.4
109085,JACAS_GRANDE,2014,06,06,0.0,22.0,4.2
109085,JACAS_GRANDE,2014,06,07,0.0,23.2,5.0
109085,JACAS_GRANDE,2014,06,08,0.0,22.4,5.0
109085,JACAS_GRANDE,2014,06,09,0.0,20.4,4.8
109085,JACAS_GRANDE,2014,06,10,1.4,17.2,5.0
109085,JACAS_GRANDE,2014,06,11,0.0,22.0,6.2
109085,JACAS_GRANDE,2014,06,12,2.6,21.6,5.2
109085,JACAS_GRANDE,2014,06,13,0.0,20.2,6.2
109085,JACAS_GRANDE,2014,06,14,0.5,20.6,7.2
109085,JACAS_GRANDE,2014,06,15,0.5,15.0,7.2
109085,JACAS_GRANDE,2014,06,16,0.5,17.0,6.8
109085,JACAS_GRANDE,2014,06,17,0.0,19.0,6.4
109085,JACAS_GRANDE,2014,06,18,0.0,20.4,4.0
109085,JACAS_GRANDE,2014,06,19,0.0,19.4,1.6
109085,JACAS_GRANDE,2014,06,20,0.0,19.6,1.4
109085,JACAS_GRANDE,2014,06,21,0.0,20.8,2.0
109085,JACAS_GRANDE,2014,06,22,0.0,20.2,1.4
109085,JACAS_GRANDE,2014,06,23,0.0,20.2,1.4
109085,JACAS_GRANDE,2014,06,24,0.0,21.8,6.0
109085,JACAS_GRANDE,2014,06,25,0.0,19.4,6.2
109085,JACAS_GRANDE,2014,06,26,0.5,19.4,6.0
109085,JACAS_GRANDE,2014,06,27,4.0,16.0,5.0
109085,JACAS_GRANDE,2014,06,28,0.0,18.2,5.0
109085,JACAS_GRANDE,2014,06,29,0.0,18.2,4.2
109085,JACAS_GRANDE,2014,06,30,0.0,22.6,4.0
109085,JACAS_GRANDE,2014,07,01,0.0,21.2,5.0
109085,JACAS_GRANDE,2014,07,02,0.0,22.0,4.4
109085,JACAS_GRANDE,2014,07,03,0.0,20.2,4.2
109085,JACAS_GRANDE,2014,07,04,0.0,18.4,4.2
109085,JACAS_GRANDE,2014,07,05,0.0,21.6,-999
109085,JACAS_GRANDE,2014,07,06,0.0,16.8,4.6
109085,JACAS_GRANDE,2014,07,07,3.4,20.6,4.4
109085,JACAS_GRANDE,2014,07,08,0.0,17.6,4.4
109085,JACAS_GRANDE,2014,07,09,0.0,17.2,7.0
109085,JACAS_GRANDE,2014,07,10,0.0,22.0,2.6
109085,JACAS_GRANDE,2014,07,11,0.0,20.0,1.4
109085,JACAS_GRANDE,2014,07,12,0.0,21.2,1.6
109085,JACAS_GRANDE,2014,07,13,0.0,18.8,1.4
109085,JACAS_GRANDE,2014,07,14,0.0,19.0,0.4
109085,JACAS_GRANDE,2014,07,15,0.0,20.4,3.0
109085,JACAS_GRANDE,2014,07,16,0.0,19.6,3.4
109085,JACAS_GRANDE,2014,07,17,0.0,20.4,2.0
109085,JACAS_GRANDE,2014,07,18,0.0,19.6,3.6
109085,JACAS_GRANDE,2014,07,19,0.0,14.6,5.2
109085,JACAS_GRANDE,2014,07,20,0.0,18.6,6.6
109085,JACAS_GRANDE,2014,07,21,0.0,21.8,5.4
109085,JACAS_GRANDE,2014,07,22,0.0,21.8,5.0
109085,JACAS_GRANDE,2014,07,23,0.0,21.2,7.0
109085,JACAS_GRANDE,2014,07,24,0.0,20.0,7.2
109085,JACAS_GRANDE,2014,07,25,0.0,20.6,7.2
109085,JACAS_GRANDE,2014,07,26,0.0,20.2,4.2
109085,JACAS_GRANDE,2014,07,27,0.0,18.8,7.8
109085,JACAS_GRANDE,2014,07,28,0.0,20.0,7.8
109085,JACAS_GRANDE,2014,07,29,0.0,20.2,4.8
109085,JACAS_GRANDE,2014,07,30,0.0,21.6,2.8
109085,JACAS_GRANDE,2014,07,31,0.0,21.6,3.0
109085,JACAS_GRANDE,2014,08,01,0.0,21.0,3.2
109085,JACAS_GRANDE,2014,08,02,0.0,20.0,3.1
109085,JACAS_GRANDE,2014,08,03,0.0,20.4,4.4
109085,JACAS_GRANDE,2014,08,04,0.0,21.2,1.2
109085,JACAS_GRANDE,2014,08,05,0.0,19.0,2.1
109085,JACAS_GRANDE,2014,08,06,0.0,19.4,7.6
109085,JACAS_GRANDE,2014,08,07,1.8,19.4,6.8
109085,JACAS_GRANDE,2014,08,08,0.0,14.8,4.2
109085,JACAS_GRANDE,2014,08,09,0.0,17.4,7.0
109085,JACAS_GRANDE,2014,08,10,0.0,19.6,6.0
109085,JACAS_GRANDE,2014,08,11,0.0,19.6,4.2
109085,JACAS_GRANDE,2014,08,12,1.2,18.4,3.0
109085,JACAS_GRANDE,2014,08,13,2.0,14.8,5.0
109085,JACAS_GRANDE,2014,08,14,0.0,19.8,2.4
109085,JACAS_GRANDE,2014,08,15,0.0,17.8,2.0
109085,JACAS_GRANDE,2014,08,16,0.0,18.2,2.8
109085,JACAS_GRANDE,2014,08,17,0.0,20.2,2.0
109085,JACAS_GRANDE,2014,08,18,0.0,17.2,3.0
109085,JACAS_GRANDE,2014,08,19,0.0,20.0,6.2
109085,JACAS_GRANDE,2014,08,20,0.0,19.0,2.2
109085,JACAS_GRANDE,2014,08,21,0.0,20.0,1.0
109085,JACAS_GRANDE,2014,08,22,0.0,22.8,1.0
109085,JACAS_GRANDE,2014,08,23,0.0,22.6,1.2
109085,JACAS_GRANDE,2014,08,24,0.0,22.0,1.0
109085,JACAS_GRANDE,2014,08,25,0.0,21.2,2.2
109085,JACAS_GRANDE,2014,08,26,0.0,20.6,6.2
109085,JACAS_GRANDE,2014,08,27,0.0,19.2,8.0
109085,JACAS_GRANDE,2014,08,28,0.0,18.4,7.8
109085,JACAS_GRANDE,2014,08,29,0.0,16.2,8.2
109085,JACAS_GRANDE,2014,08,30,0.0,19.8,7.8
109085,JACAS_GRANDE,2014,08,31,0.0,19.6,5.8
109085,JACAS_GRANDE,2014,09,01,0.0,19.8,2.2
109085,JACAS_GRANDE,2014,09,02,0.0,21.2,2.4
109085,JACAS_GRANDE,2014,09,03,0.0,21.8,5.0
109085,JACAS_GRANDE,2014,09,04,0.0,18.2,-999
109085,JACAS_GRANDE,2014,09,05,0.0,14.0,7.2
109085,JACAS_GRANDE,2014,09,06,0.0,19.8,4.8
109085,JACAS_GRANDE,2014,09,07,0.0,20.2,2.8
109085,JACAS_GRANDE,2014,09,08,0.0,21.6,2.6
109085,JACAS_GRANDE,2014,09,09,0.0,18.8,3.6
109085,JACAS_GRANDE,2014,09,10,0.0,21.0,4.2
109085,JACAS_GRANDE,2014,09,11,0.0,22.4,6.4
109085,JACAS_GRANDE,2014,09,12,0.0,21.6,9.4
109085,JACAS_GRANDE,2014,09,13,5.2,21.8,9.2
109085,JACAS_GRANDE,2014,09,14,4.7,16.0,8.4
109085,JACAS_GRANDE,2014,09,15,12.6,16.2,6.8
109085,JACAS_GRANDE,2014,09,16,4.2,19.2,6.2
109085,JACAS_GRANDE,2014,09,17,0.0,20.2,7.0
109085,JACAS_GRANDE,2014,09,18,0.0,22.4,6.4
109085,JACAS_GRANDE,2014,09,19,7.2,21.4,7.2
109085,JACAS_GRANDE,2014,09,20,1.0,21.0,6.0
109085,JACAS_GRANDE,2014,09,21,14.1,16.2,8.8
109085,JACAS_GRANDE,2014,09,22,0.0,18.2,7.4
109085,JACAS_GRANDE,2014,09,23,0.0,19.6,8.2
109085,JACAS_GRANDE,2014,09,24,0.0,19.6,7.0
109085,JACAS_GRANDE,2014,09,25,0.0,20.6,8.8
109085,JACAS_GRANDE,2014,09,26,0.0,21.8,9.0
109085,JACAS_GRANDE,2014,09,27,1.0,20.0,6.2
109085,JACAS_GRANDE,2014,09,28,3.5,13.0,8.0
109085,JACAS_GRANDE,2014,09,29,0.0,19.0,7.8
109085,JACAS_GRANDE,2014,09,30,0.0,19.8,7.4
109085,JACAS_GRANDE,2014,10,01,0.0,20.0,5.0
109085,JACAS_GRANDE,2014,10,02,0.0,17.2,6.0
109085,JACAS_GRANDE,2014,10,03,0.0,16.6,5.8
109085,JACAS_GRANDE,2014,10,04,0.0,19.4,5.0
109085,JACAS_GRANDE,2014,10,05,0.0,17.2,5.8
109085,JACAS_GRANDE,2014,10,06,0.0,17.8,8.0
109085,JACAS_GRANDE,2014,10,07,0.7,18.4,-999
109085,JACAS_GRANDE,2014,10,08,13.6,17.8,-999
109085,JACAS_GRANDE,2014,10,09,1.8,17.6,6.8
109085,JACAS_GRANDE,2014,10,10,0.5,20.6,7.8
109085,JACAS_GRANDE,2014,10,11,3.4,13.6,6.8
109085,JACAS_GRANDE,2014,10,12,2.0,17.8,7.8
109085,JACAS_GRANDE,2014,10,13,0.5,15.8,7.6
109085,JACAS_GRANDE,2014,10,14,0.0,17.6,4.0
109085,JACAS_GRANDE,2014,10,15,0.0,15.0,4.4
109085,JACAS_GRANDE,2014,10,16,0.0,14.2,6.4
109085,JACAS_GRANDE,2014,10,17,0.0,22.6,6.6
109085,JACAS_GRANDE,2014,10,18,0.0,21.4,4.8
109085,JACAS_GRANDE,2014,10,19,0.0,18.6,7.6
109085,JACAS_GRANDE,2014,10,20,0.0,17.6,7.0
109085,JACAS_GRANDE,2014,10,21,0.0,21.8,8.6
109085,JACAS_GRANDE,2014,10,22,5.9,18.0,8.3
109085,JACAS_GRANDE,2014,10,23,5.0,18.2,8.6
109085,JACAS_GRANDE,2014,10,24,17.2,21.8,7.2
109085,JACAS_GRANDE,2014,10,25,16.4,12.0,7.0
109085,JACAS_GRANDE,2014,10,26,1.3,18.0,4.8
109085,JACAS_GRANDE,2014,10,27,0.0,21.2,6.0
109085,JACAS_GRANDE,2014,10,28,0.0,21.8,7.6
109085,JACAS_GRANDE,2014,10,29,1.4,23.2,8.0
109085,JACAS_GRANDE,2014,10,30,0.0,23.0,5.8
109085,JACAS_GRANDE,2014,10,31,3.2,18.0,6.4
109085,JACAS_GRANDE,2014,11,01,11.2,20.8,7.4
109085,JACAS_GRANDE,2014,11,02,1.5,22.8,7.6
109085,JACAS_GRANDE,2014,11,03,0.0,19.0,8.8
109085,JACAS_GRANDE,2014,11,04,0.0,23.0,6.2
109085,JACAS_GRANDE,2014,11,05,7.0,17.8,8.2
109085,JACAS_GRANDE,2014,11,06,5.3,12.2,6.4
109085,JACAS_GRANDE,2014,11,07,0.0,17.6,8.6
109085,JACAS_GRANDE,2014,11,08,0.0,19.0,7.0
109085,JACAS_GRANDE,2014,11,09,0.0,22.2,9.0
109085,JACAS_GRANDE,2014,11,10,2.0,23.6,7.8
109085,JACAS_GRANDE,2014,11,11,1.4,24.2,7.4
109085,JACAS_GRANDE,2014,11,12,2.9,21.0,8.0
109085,JACAS_GRANDE,2014,11,13,7.0,20.8,4.6
109085,JACAS_GRANDE,2014,11,14,0.0,21.0,6.8
109085,JACAS_GRANDE,2014,11,15,6.4,18.2,8.0
109085,JACAS_GRANDE,2014,11,16,8.6,17.2,8.0
109085,JACAS_GRANDE,2014,11,17,2.5,18.4,7.8
109085,JACAS_GRANDE,2014,11,18,3.3,22.0,8.8
109085,JACAS_GRANDE,2014,11,19,0.0,25.0,8.2
109085,JACAS_GRANDE,2014,11,20,0.0,24.8,6.6
109085,JACAS_GRANDE,2014,11,21,1.3,22.8,7.2
109085,JACAS_GRANDE,2014,11,22,0.0,24.2,7.0
109085,JACAS_GRANDE,2014,11,23,0.0,24.2,9.4
109085,JACAS_GRANDE,2014,11,24,3.2,22.4,7.2
109085,JACAS_GRANDE,2014,11,25,2.3,23.2,7.4
109085,JACAS_GRANDE,2014,11,26,0.0,24.0,6.2
109085,JACAS_GRANDE,2014,11,27,9.8,24.6,6.8
109085,JACAS_GRANDE,2014,11,28,1.6,21.8,6.0
109085,JACAS_GRANDE,2014,11,29,4.2,22.6,6.4
109085,JACAS_GRANDE,2014,11,30,0.0,21.8,9.8
109085,JACAS_GRANDE,2014,12,01,0.0,21.4,9.2
109085,JACAS_GRANDE,2014,12,02,4.7,17.2,9.0
109085,JACAS_GRANDE,2014,12,03,19.4,19.2,8.8
109085,JACAS_GRANDE,2014,12,04,6.2,16.0,7.6
109085,JACAS_GRANDE,2014,12,05,0.0,19.4,7.4
109085,JACAS_GRANDE,2014,12,06,2.9,22.4,7.8
109085,JACAS_GRANDE,2014,12,07,2.4,21.6,7.8
109085,JACAS_GRANDE,2014,12,08,4.0,21.8,7.0
109085,JACAS_GRANDE,2014,12,09,13.0,23.0,-999
109085,JACAS_GRANDE,2014,12,10,3.2,21.0,-999
109085,JACAS_GRANDE,2014,12,11,0.0,22.2,-999
109085,JACAS_GRANDE,2014,12,12,0.5,22.6,8.4
109085,JACAS_GRANDE,2014,12,13,9.4,21.6,9.2
109085,JACAS_GRANDE,2014,12,14,4.1,15.0,7.0
109085,JACAS_GRANDE,2014,12,15,7.6,17.0,9.2
109085,JACAS_GRANDE,2014,12,16,4.6,20.0,8.6
109085,JACAS_GRANDE,2014,12,17,5.5,20.8,9.0
109085,JACAS_GRANDE,2014,12,18,0.0,21.2,7.8
109085,JACAS_GRANDE,2014,12,19,0.0,23.8,8.0
109085,JACAS_GRANDE,2014,12,20,0.0,22.0,7.8
109085,JACAS_GRANDE,2014,12,21,4.8,22.8,8.0
109085,JACAS_GRANDE,2014,12,22,0.0,19.0,8.0
109085,JACAS_GRANDE,2014,12,23,0.0,18.4,7.4
109085,JACAS_GRANDE,2014,12,24,1.3,21.0,6.0
109085,JACAS_GRANDE,2014,12,25,2.0,19.4,9.2
109085,JACAS_GRANDE,2014,12,26,7.5,16.6,8.8
109085,JACAS_GRANDE,2014,12,27,8.3,19.2,8.6
109085,JACAS_GRANDE,2014,12,28,6.5,17.2,8.8
109085,JACAS_GRANDE,2014,12,29,11.6,13.6,8.8
109085,JACAS_GRANDE,2014,12,30,0.0,20.4,9.2
109085,JACAS_GRANDE,2014,12,31,2.8,19.2,8.2
109085,JACAS_GRANDE,2015,01,01,4.5,20.4,9.1
109085,JACAS_GRANDE,2015,01,02,2.4,15.4,8.3
109085,JACAS_GRANDE,2015,01,03,9.0,20.3,6.6
109085,JACAS_GRANDE,2015,01,04,3.0,16.2,7.7
109085,JACAS_GRANDE,2015,01,05,0.0,20.4,5.6
109085,JACAS_GRANDE,2015,01,06,9.6,20.4,9.4
109085,JACAS_GRANDE,2015,01,07,2.3,20.3,9.2
109085,JACAS_GRANDE,2015,01,08,8.6,20.2,5.3
109085,JACAS_GRANDE,2015,01,09,7.3,16.2,8.2
109085,JACAS_GRANDE,2015,01,10,3.2,20.4,-999
109085,JACAS_GRANDE,2015,01,11,3.3,19.8,8.3
109085,JACAS_GRANDE,2015,01,12,8.8,21.6,6.3
109085,JACAS_GRANDE,2015,01,13,7.2,21.9,5.6
109085,JACAS_GRANDE,2015,01,14,4.8,22.6,7.8
109085,JACAS_GRANDE,2015,01,15,0.0,23.3,6.4
109085,JACAS_GRANDE,2015,01,16,3.0,22.4,8.2
109085,JACAS_GRANDE,2015,01,17,2.4,22.2,8.5
109085,JACAS_GRANDE,2015,01,18,7.1,18.4,8.6
109085,JACAS_GRANDE,2015,01,19,5.3,16.0,8.9
109085,JACAS_GRANDE,2015,01,20,0.6,16.9,-999
109085,JACAS_GRANDE,2015,01,21,8.5,15.6,7.5
109085,JACAS_GRANDE,2015,01,22,4.6,16.4,7.9
109085,JACAS_GRANDE,2015,01,23,3.9,16.4,8.2
109085,JACAS_GRANDE,2015,01,24,5.9,14.4,8.0
109085,JACAS_GRANDE,2015,01,25,0.6,-999,8.6
109085,JACAS_GRANDE,2015,01,26,11.2,20.9,7.7
109085,JACAS_GRANDE,2015,01,27,3.9,21.5,7.8
109085,JACAS_GRANDE,2015,01,28,0.7,20.1,8.2
109085,JACAS_GRANDE,2015,01,29,1.3,19.0,9.1
109085,JACAS_GRANDE,2015,01,30,12.0,17.9,7.6
109085,JACAS_GRANDE,2015,01,31,11.6,18.2,-999
109085,JACAS_GRANDE,2015,02,01,8.1,16.2,7.5
109085,JACAS_GRANDE,2015,02,02,9.1,18.6,7.8
109085,JACAS_GRANDE,2015,02,03,2.2,17.8,8.8
109085,JACAS_GRANDE,2015,02,04,13.1,21.2,7.6
109085,JACAS_GRANDE,2015,02,05,0.1,18.6,6.8
109085,JACAS_GRANDE,2015,02,06,5.3,23.0,6.9
109085,JACAS_GRANDE,2015,02,07,14.1,19.6,7.5
109085,JACAS_GRANDE,2015,02,08,9.4,16.0,8.7
109085,JACAS_GRANDE,2015,02,09,7.3,19.7,8.6
109085,JACAS_GRANDE,2015,02,10,3.3,17.5,7.9
109085,JACAS_GRANDE,2015,02,11,0.0,19.4,9.2
109085,JACAS_GRANDE,2015,02,12,0.0,20.5,9.6
109085,JACAS_GRANDE,2015,02,13,2.9,18.1,10.4
109085,JACAS_GRANDE,2015,02,14,2.5,17.4,9.1
109085,JACAS_GRANDE,2015,02,15,5.7,15.3,9.2
109085,JACAS_GRANDE,2015,02,16,2.0,19.5,8.6
109085,JACAS_GRANDE,2015,02,17,1.4,22.9,7.7
109085,JACAS_GRANDE,2015,02,18,0.0,25.1,7.5
109085,JACAS_GRANDE,2015,02,19,0.0,22.5,8.5
109085,JACAS_GRANDE,2015,02,20,1.9,17.6,5.7
109085,JACAS_GRANDE,2015,02,21,5.3,20.7,8.7
109085,JACAS_GRANDE,2015,02,22,1.5,19.5,9.1
109085,JACAS_GRANDE,2015,02,23,1.4,18.5,9.1
109085,JACAS_GRANDE,2015,02,24,6.0,13.2,9.2
109085,JACAS_GRANDE,2015,02,25,5.8,12.3,8.8
109085,JACAS_GRANDE,2015,02,26,10.0,17.3,7.7
109085,JACAS_GRANDE,2015,02,27,6.8,15.7,7.1
109085,JACAS_GRANDE,2015,02,28,4.0,18.6,6.5
109085,JACAS_GRANDE,2015,03,01,7.6,21.6,8.4
109085,JACAS_GRANDE,2015,03,02,2.6,-999,8.4
109085,JACAS_GRANDE,2015,03,03,3.9,19.1,8.6
109085,JACAS_GRANDE,2015,03,04,23.0,20.5,8.9
109085,JACAS_GRANDE,2015,03,05,10.1,21.7,7.4
109085,JACAS_GRANDE,2015,03,06,2.1,17.1,8.9
109085,JACAS_GRANDE,2015,03,07,1.2,18.3,9.0
109085,JACAS_GRANDE,2015,03,08,6.5,18.3,9.5
109085,JACAS_GRANDE,2015,03,09,3.6,16.7,8.7
109085,JACAS_GRANDE,2015,03,10,3.6,15.6,8.9
109085,JACAS_GRANDE,2015,03,11,1.0,17.1,8.9
109085,JACAS_GRANDE,2015,03,12,5.7,17.6,8.1
109085,JACAS_GRANDE,2015,03,13,3.6,19.7,8.4
109085,JACAS_GRANDE,2015,03,14,0.3,20.4,6.8
109085,JACAS_GRANDE,2015,03,15,1.4,19.3,7.1
109085,JACAS_GRANDE,2015,03,16,4.9,19.8,7.4
109085,JACAS_GRANDE,2015,03,17,2.2,18.6,7.1
109085,JACAS_GRANDE,2015,03,18,4.3,19.5,8.5
109085,JACAS_GRANDE,2015,03,19,0.1,13.5,8.7
109085,JACAS_GRANDE,2015,03,20,0.6,17.9,8.1
109085,JACAS_GRANDE,2015,03,21,6.0,-999,8.7
109085,JACAS_GRANDE,2015,03,22,3.2,18.0,7.3
109085,JACAS_GRANDE,2015,03,23,3.1,15.8,6.5
109085,JACAS_GRANDE,2015,03,24,11.0,19.1,6.3
109085,JACAS_GRANDE,2015,03,25,2.0,16.6,8.2
109085,JACAS_GRANDE,2015,03,26,0.5,20.5,7.4
109085,JACAS_GRANDE,2015,03,27,0.0,19.2,6.9
109085,JACAS_GRANDE,2015,03,28,2.7,20.1,7.8
109085,JACAS_GRANDE,2015,03,29,4.1,17.0,8.6
109085,JACAS_GRANDE,2015,03,30,0.0,19.1,6.0
109085,JACAS_GRANDE,2015,03,31,12.4,20.1,7.1
109085,JACAS_GRANDE,2015,04,01,6.1,14.6,7.1
109085,JACAS_GRANDE,2015,04,02,1.9,15.6,7.3
109085,JACAS_GRANDE,2015,04,03,8.8,19.3,7.5
109085,JACAS_GRANDE,2015,04,04,0.5,18.7,7.3
109085,JACAS_GRANDE,2015,04,05,5.1,17.7,7.8
109085,JACAS_GRANDE,2015,04,06,3.8,18.3,7.3
109085,JACAS_GRANDE,2015,04,07,6.5,19.0,8.7
109085,JACAS_GRANDE,2015,04,08,5.4,20.1,8.2
109085,JACAS_GRANDE,2015,04,09,2.5,20.6,8.2
109085,JACAS_GRANDE,2015,04,10,4.0,21.6,8.0
109085,JACAS_GRANDE,2015,04,11,3.7,20.4,-999
109085,JACAS_GRANDE,2015,04,12,7.0,19.6,8.2
109085,JACAS_GRANDE,2015,04,13,0.3,17.6,-999
109085,JACAS_GRANDE,2015,04,14,0.5,-999,6.5
109085,JACAS_GRANDE,2015,04,15,6.5,19.4,7.2
109085,JACAS_GRANDE,2015,04,16,5.4,19.3,8.2
109085,JACAS_GRANDE,2015,04,17,5.4,21.1,6.6
109085,JACAS_GRANDE,2015,04,18,9.4,-999,8.1
109085,JACAS_GRANDE,2015,04,19,4.6,21.2,7.6
109085,JACAS_GRANDE,2015,04,20,5.1,20.4,6.2
109085,JACAS_GRANDE,2015,04,21,8.6,16.0,-999
109085,JACAS_GRANDE,2015,04,22,3.4,16.4,7.2
109085,JACAS_GRANDE,2015,04,23,8.5,19.2,6.6
109085,JACAS_GRANDE,2015,04,24,0.3,18.5,8.4
109085,JACAS_GRANDE,2015,04,25,1.4,17.3,7.2
109085,JACAS_GRANDE,2015,04,26,1.8,17.6,8.2
109085,JACAS_GRANDE,2015,04,27,0.0,20.4,6.4
109085,JACAS_GRANDE,2015,04,28,0.3,18.4,7.4
109085,JACAS_GRANDE,2015,04,29,0.0,16.4,7.6
109085,JACAS_GRANDE,2015,04,30,1.7,18.6,6.6
109085,JACAS_GRANDE,2015,05,01,0.0,17.5,6.7
109085,JACAS_GRANDE,2015,05,02,10.2,21.7,7.1
109085,JACAS_GRANDE,2015,05,03,1.8,21.2,6.4
109085,JACAS_GRANDE,2015,05,04,0.7,20.2,7.6
109085,JACAS_GRANDE,2015,05,05,0.0,18.6,-999
109085,JACAS_GRANDE,2015,05,06,4.2,15.8,8.4
109085,JACAS_GRANDE,2015,05,07,0.9,19.4,6.6
109085,JACAS_GRANDE,2015,05,08,9.3,14.2,7.4
109085,JACAS_GRANDE,2015,05,09,0.0,17.8,8.4
109085,JACAS_GRANDE,2015,05,10,5.1,19.6,6.1
109085,JACAS_GRANDE,2015,05,11,5.6,18.0,6.0
109085,JACAS_GRANDE,2015,05,12,0.3,18.4,6.6
109085,JACAS_GRANDE,2015,05,13,2.4,19.4,8.6
109085,JACAS_GRANDE,2015,05,14,28.6,17.4,8.6
109085,JACAS_GRANDE,2015,05,15,15.7,17.6,6.4
109085,JACAS_GRANDE,2015,05,16,33.0,14.4,7.2
109085,JACAS_GRANDE,2015,05,17,16.2,16.4,5.8
109085,JACAS_GRANDE,2015,05,18,15.0,14.6,6.2
109085,JACAS_GRANDE,2015,05,19,11.0,17.6,6.8
109085,JACAS_GRANDE,2015,05,20,0.0,19.5,4.8
109085,JACAS_GRANDE,2015,05,21,0.0,20.0,5.7
109085,JACAS_GRANDE,2015,05,22,0.0,20.3,4.8
109085,JACAS_GRANDE,2015,05,23,0.0,19.3,5.2
109085,JACAS_GRANDE,2015,05,24,0.0,20.4,7.8
109085,JACAS_GRANDE,2015,05,25,0.0,20.5,6.6
109085,JACAS_GRANDE,2015,05,26,0.0,17.4,6.3
109085,JACAS_GRANDE,2015,05,27,0.0,18.8,6.2
109085,JACAS_GRANDE,2015,05,28,0.0,18.8,6.7
109085,JACAS_GRANDE,2015,05,29,0.0,17.4,6.2
109085,JACAS_GRANDE,2015,05,30,1.2,19.4,6.3
109085,JACAS_GRANDE,2015,05,31,1.3,20.2,6.7
109085,JACAS_GRANDE,2015,06,01,1.5,17.6,8.0
109085,JACAS_GRANDE,2015,06,02,0.0,18.7,6.8
109085,JACAS_GRANDE,2015,06,03,4.0,19.0,6.8
109085,JACAS_GRANDE,2015,06,04,0.0,18.8,5.6
109085,JACAS_GRANDE,2015,06,05,0.0,16.6,6.4
109085,JACAS_GRANDE,2015,06,06,0.0,21.6,4.8
109085,JACAS_GRANDE,2015,06,07,0.0,19.8,3.0
109085,JACAS_GRANDE,2015,06,08,0.0,19.6,3.2
109085,JACAS_GRANDE,2015,06,09,0.0,20.4,4.6
109085,JACAS_GRANDE,2015,06,10,0.0,20.2,6.3
109085,JACAS_GRANDE,2015,06,11,0.0,19.6,5.2
109085,JACAS_GRANDE,2015,06,12,0.0,19.2,5.4
109085,JACAS_GRANDE,2015,06,13,0.0,19.7,4.2
109085,JACAS_GRANDE,2015,06,14,0.0,21.6,4.4
109085,JACAS_GRANDE,2015,06,15,0.0,20.4,5.6
109085,JACAS_GRANDE,2015,06,16,1.3,16.6,6.8
109085,JACAS_GRANDE,2015,06,17,0.0,20.7,5.6
109085,JACAS_GRANDE,2015,06,18,5.2,16.2,4.6
109085,JACAS_GRANDE,2015,06,19,0.3,16.4,5.8
109085,JACAS_GRANDE,2015,06,20,0.0,20.6,5.4
109085,JACAS_GRANDE,2015,06,21,0.0,19.5,-999
109085,JACAS_GRANDE,2015,06,22,0.0,19.7,2.0
109085,JACAS_GRANDE,2015,06,23,0.0,18.8,2.6
109085,JACAS_GRANDE,2015,06,24,0.0,17.4,2.2
109085,JACAS_GRANDE,2015,06,25,0.0,16.2,2.4
109085,JACAS_GRANDE,2015,06,26,0.0,16.6,4.2
109085,JACAS_GRANDE,2015,06,27,0.0,18.1,5.6
109085,JACAS_GRANDE,2015,06,28,0.0,21.0,1.4
109085,JACAS_GRANDE,2015,06,29,0.0,20.8,1.8
109085,JACAS_GRANDE,2015,06,30,0.0,20.6,2.6
109085,JACAS_GRANDE,2015,07,01,0.0,20.2,2.7
109085,JACAS_GRANDE,2015,07,02,0.0,20.6,4.3
109085,JACAS_GRANDE,2015,07,03,0.0,19.6,4.0
109085,JACAS_GRANDE,2015,07,04,6.6,17.1,4.5
109085,JACAS_GRANDE,2015,07,05,0.0,19.5,6.4
109085,JACAS_GRANDE,2015,07,06,0.0,20.8,7.6
109085,JACAS_GRANDE,2015,07,07,0.0,20.6,5.3
109085,JACAS_GRANDE,2015,07,08,0.0,19.8,1.3
109085,JACAS_GRANDE,2015,07,09,0.0,20.2,1.6
109085,JACAS_GRANDE,2015,07,10,0.0,20.6,2.5
109085,JACAS_GRANDE,2015,07,11,0.0,20.4,2.6
109085,JACAS_GRANDE,2015,07,12,0.0,20.3,3.2
109085,JACAS_GRANDE,2015,07,13,0.0,21.4,3.6
109085,JACAS_GRANDE,2015,07,14,0.0,20.8,4.3
109085,JACAS_GRANDE,2015,07,15,0.0,20.7,4.6
109085,JACAS_GRANDE,2015,07,16,0.0,19.0,7.6
109085,JACAS_GRANDE,2015,07,17,1.2,14.8,7.4
109085,JACAS_GRANDE,2015,07,18,0.0,18.8,4.6
109085,JACAS_GRANDE,2015,07,19,0.0,21.9,3.2
109085,JACAS_GRANDE,2015,07,20,0.0,21.2,3.2
109085,JACAS_GRANDE,2015,07,21,0.0,20.3,2.4
109085,JACAS_GRANDE,2015,07,22,0.0,21.4,2.6
109085,JACAS_GRANDE,2015,07,23,0.0,21.6,6.4
109085,JACAS_GRANDE,2015,07,24,0.0,20.8,3.2
109085,JACAS_GRANDE,2015,07,25,0.0,21.2,2.8
109085,JACAS_GRANDE,2015,07,26,0.0,21.2,4.6
109085,JACAS_GRANDE,2015,07,27,0.0,20.1,4.0
109085,JACAS_GRANDE,2015,07,28,0.0,21.0,3.4
109085,JACAS_GRANDE,2015,07,29,0.0,20.0,2.2
109085,JACAS_GRANDE,2015,07,30,0.0,20.2,2.2
109085,JACAS_GRANDE,2015,07,31,0.0,21.4,2.6
109085,JACAS_GRANDE,2015,08,01,0.0,19.2,2.6
109085,JACAS_GRANDE,2015,08,02,0.0,20.6,2.1
109085,JACAS_GRANDE,2015,08,03,0.0,21.8,2.2
109085,JACAS_GRANDE,2015,08,04,0.0,21.6,2.3
109085,JACAS_GRANDE,2015,08,05,0.0,-999,4.2
109085,JACAS_GRANDE,2015,08,06,0.0,-999,4.2
109085,JACAS_GRANDE,2015,08,07,0.0,-999,4.8
109085,JACAS_GRANDE,2015,08,08,0.0,21.7,2.2
109085,JACAS_GRANDE,2015,08,09,0.0,22.4,3.3
109085,JACAS_GRANDE,2015,08,10,0.0,-999,3.2
109085,JACAS_GRANDE,2015,08,11,0.0,-999,5.2
109085,JACAS_GRANDE,2015,08,12,2.4,-999,6.2
109085,JACAS_GRANDE,2015,08,13,0.0,-999,6.8
109085,JACAS_GRANDE,2015,08,14,0.0,-999,5.2
109085,JACAS_GRANDE,2015,08,15,0.0,-999,4.6
109085,JACAS_GRANDE,2015,08,16,0.0,-999,6.8
109085,JACAS_GRANDE,2015,08,17,0.0,-999,5.1
109085,JACAS_GRANDE,2015,08,18,0.0,-999,4.6
109085,JACAS_GRANDE,2015,08,19,0.0,-999,4.0
109085,JACAS_GRANDE,2015,08,20,0.0,-999,3.5
109085,JACAS_GRANDE,2015,08,21,0.0,-999,4.1
109085,JACAS_GRANDE,2015,08,22,0.0,-999,3.8
109085,JACAS_GRANDE,2015,08,23,0.0,-999,4.3
109085,JACAS_GRANDE,2015,08,24,0.0,-999,5.4
109085,JACAS_GRANDE,2015,08,25,0.0,-999,6.2
109085,JACAS_GRANDE,2015,08,26,0.0,-999,5.2
109085,JACAS_GRANDE,2015,08,27,0.0,20.6,5.2
109085,JACAS_GRANDE,2015,08,28,0.0,-999,6.2
109085,JACAS_GRANDE,2015,08,29,0.0,-999,4.5
109085,JACAS_GRANDE,2015,08,30,0.0,-999,2.8
109085,JACAS_GRANDE,2015,08,31,0.0,-999,4.3
109085,JACAS_GRANDE,2015,09,01,-999,-999,-999
109085,JACAS_GRANDE,2015,10,01,-999,-999,-999
109085,JACAS_GRANDE,2015,10,02,-999,-999,-999
109085,JACAS_GRANDE,2015,10,03,-999,-999,-999
109085,JACAS_GRANDE,2015,10,04,0.0,19.2,8.4
109085,JACAS_GRANDE,2015,10,05,0.0,17.0,7.4
109085,JACAS_GRANDE,2015,10,06,0.0,19.2,5.6
109085,JACAS_GRANDE,2015,10,07,0.0,22.0,5.6
109085,JACAS_GRANDE,2015,10,08,0.0,23.2,6.8
109085,JACAS_GRANDE,2015,10,09,0.0,22.6,6.6
109085,JACAS_GRANDE,2015,10,10,0.0,23.0,5.8
109085,JACAS_GRANDE,2015,10,11,0.0,22.0,7.0
109085,JACAS_GRANDE,2015,10,12,0.0,23.0,6.4
109085,JACAS_GRANDE,2015,10,13,0.0,24.6,6.0
109085,JACAS_GRANDE,2015,10,14,0.0,24.8,5.4
109085,JACAS_GRANDE,2015,10,15,0.0,23.2,5.2
109085,JACAS_GRANDE,2015,10,16,0.0,24.8,8.0
109085,JACAS_GRANDE,2015,10,17,0.0,20.8,6.8
109085,JACAS_GRANDE,2015,10,18,0.0,15.8,7.8
109085,JACAS_GRANDE,2015,10,19,4.5,20.2,7.6
109085,JACAS_GRANDE,2015,10,20,0.0,22.0,6.4
109085,JACAS_GRANDE,2015,10,21,0.0,20.0,7.2
109085,JACAS_GRANDE,2015,10,22,0.0,21.6,6.6
109085,JACAS_GRANDE,2015,10,23,3.7,22.8,5.8
109085,JACAS_GRANDE,2015,10,24,0.0,20.6,6.8
109085,JACAS_GRANDE,2015,10,25,2.0,19.2,7.2
109085,JACAS_GRANDE,2015,10,26,3.2,23.4,8.2
109085,JACAS_GRANDE,2015,10,27,1.2,17.2,8.0
109085,JACAS_GRANDE,2015,10,28,2.6,19.8,6.8
109085,JACAS_GRANDE,2015,10,29,2.8,23.7,7.4
109085,JACAS_GRANDE,2015,10,30,12.7,22.0,7.6
109085,JACAS_GRANDE,2015,10,31,0.0,23.4,7.2
109085,JACAS_GRANDE,2015,11,01,0.0,26.0,7.4
109085,JACAS_GRANDE,2015,11,02,0.0,25.4,4.6
109085,JACAS_GRANDE,2015,11,03,0.0,23.6,4.8
109085,JACAS_GRANDE,2015,11,04,0.0,24.6,4.4
109085,JACAS_GRANDE,2015,11,05,8.3,23.4,9.0
109085,JACAS_GRANDE,2015,11,06,6.9,15.0,9.4
109085,JACAS_GRANDE,2015,11,07,6.5,17.2,8.8
109085,JACAS_GRANDE,2015,11,08,14.4,21.2,6.6
109085,JACAS_GRANDE,2015,11,09,0.0,18.2,8.2
109085,JACAS_GRANDE,2015,11,10,3.8,21.0,9.4
109085,JACAS_GRANDE,2015,11,11,3.0,19.4,9.0
109085,JACAS_GRANDE,2015,11,12,0.8,16.4,7.4
109085,JACAS_GRANDE,2015,11,13,4.4,19.4,8.0
109085,JACAS_GRANDE,2015,11,14,4.1,21.8,8.8
109085,JACAS_GRANDE,2015,11,15,0.0,21.2,8.0
109085,JACAS_GRANDE,2015,11,16,0.0,23.4,9.2
109085,JACAS_GRANDE,2015,11,17,4.0,23.5,9.0
109085,JACAS_GRANDE,2015,11,18,1.2,22.0,6.6
109085,JACAS_GRANDE,2015,11,19,0.8,23.6,8.0
109085,JACAS_GRANDE,2015,11,20,0.8,25.6,7.6
109085,JACAS_GRANDE,2015,11,21,3.2,26.6,8.6
109085,JACAS_GRANDE,2015,11,22,23.2,19.2,7.2
109085,JACAS_GRANDE,2015,11,23,0.5,20.0,7.8
109085,JACAS_GRANDE,2015,11,24,1.0,23.0,8.2
109085,JACAS_GRANDE,2015,11,25,0.0,21.2,8.1
109085,JACAS_GRANDE,2015,11,26,1.5,22.4,6.8
109085,JACAS_GRANDE,2015,11,27,0.0,23.6,7.2
109085,JACAS_GRANDE,2015,11,28,0.0,24.8,7.8
109085,JACAS_GRANDE,2015,11,29,0.0,19.6,8.8
109085,JACAS_GRANDE,2015,11,30,0.0,24.8,10.0
109085,JACAS_GRANDE,2015,12,01,3.4,16.6,8.2
109085,JACAS_GRANDE,2015,12,02,0.0,23.0,8.0
109085,JACAS_GRANDE,2015,12,03,0.0,21.8,7.6
109085,JACAS_GRANDE,2015,12,04,4.3,24.2,6.8
109085,JACAS_GRANDE,2015,12,05,2.0,23.6,5.8
109085,JACAS_GRANDE,2015,12,06,12.2,23.6,5.8
109085,JACAS_GRANDE,2015,12,07,0.0,23.4,6.8
109085,JACAS_GRANDE,2015,12,08,3.6,22.4,8.8
109085,JACAS_GRANDE,2015,12,09,3.0,20.0,10.2
109085,JACAS_GRANDE,2015,12,10,0.0,21.0,8.8
109085,JACAS_GRANDE,2015,12,11,0.0,21.2,7.8
109085,JACAS_GRANDE,2015,12,12,3.5,19.6,9.2
109085,JACAS_GRANDE,2015,12,13,0.0,25.0,8.0
109085,JACAS_GRANDE,2015,12,14,1.2,18.4,8.0
109085,JACAS_GRANDE,2015,12,15,0.6,20.2,7.6
109085,JACAS_GRANDE,2015,12,16,2.9,19.8,7.4
109085,JACAS_GRANDE,2015,12,17,1.8,22.6,9.2
109085,JACAS_GRANDE,2015,12,18,13.6,21.6,9.2
109085,JACAS_GRANDE,2015,12,19,3.4,20.2,8.6
109085,JACAS_GRANDE,2015,12,20,0.0,18.6,9.6
109085,JACAS_GRANDE,2015,12,21,0.0,20.4,7.0
109085,JACAS_GRANDE,2015,12,22,0.0,22.6,8.4
109085,JACAS_GRANDE,2015,12,23,12.1,-999,9.2
109085,JACAS_GRANDE,2015,12,24,3.2,17.2,8.0
109085,JACAS_GRANDE,2015,12,25,4.5,21.2,10.6
109085,JACAS_GRANDE,2015,12,26,4.0,18.2,10.2
109085,JACAS_GRANDE,2015,12,27,20.9,18.2,10.0
109085,JACAS_GRANDE,2015,12,28,4.8,20.4,10.4
109085,JACAS_GRANDE,2015,12,29,5.6,20.0,-999
109085,JACAS_GRANDE,2015,12,30,6.2,24.6,9.8
109085,JACAS_GRANDE,2015,12,31,0.0,22.4,9.0
109085,JACAS_GRANDE,2016,01,01,0.0,22.6,7.2
109085,JACAS_GRANDE,2016,01,02,0.0,25.2,7.8
109085,JACAS_GRANDE,2016,01,03,0.0,25.6,9.0
109085,JACAS_GRANDE,2016,01,04,0.0,23.4,8.4
109085,JACAS_GRANDE,2016,01,05,0.0,26.0,9.8
109085,JACAS_GRANDE,2016,01,06,6.9,20.2,10.2
109085,JACAS_GRANDE,2016,01,07,9.0,23.4,9.2
109085,JACAS_GRANDE,2016,01,08,0.0,24.0,8.0
109085,JACAS_GRANDE,2016,01,09,0.0,25.2,8.8
109085,JACAS_GRANDE,2016,01,10,0.0,27.6,7.0
109085,JACAS_GRANDE,2016,01,11,1.7,24.6,8.0
109085,JACAS_GRANDE,2016,01,12,6.3,22.4,10.0
109085,JACAS_GRANDE,2016,01,13,0.8,25.4,8.6
109085,JACAS_GRANDE,2016,01,14,0.0,24.6,9.4
109085,JACAS_GRANDE,2016,01,15,0.0,24.8,9.0
109085,JACAS_GRANDE,2016,01,16,0.0,24.6,9.4
109085,JACAS_GRANDE,2016,01,17,3.7,22.2,10.2
109085,JACAS_GRANDE,2016,01,18,6.1,21.6,10.0
109085,JACAS_GRANDE,2016,01,19,2.9,22.6,10.2
109085,JACAS_GRANDE,2016,01,20,4.4,20.4,9.4
109085,JACAS_GRANDE,2016,01,21,0.0,18.8,8.0
109085,JACAS_GRANDE,2016,01,22,0.0,19.8,8.8
109085,JACAS_GRANDE,2016,01,23,0.0,22.4,8.0
109085,JACAS_GRANDE,2016,01,24,0.0,23.4,7.2
109085,JACAS_GRANDE,2016,01,25,0.0,22.8,7.8
109085,JACAS_GRANDE,2016,01,26,0.0,23.6,8.0
109085,JACAS_GRANDE,2016,01,27,1.9,24.6,7.0
109085,JACAS_GRANDE,2016,01,28,11.1,24.4,8.2
109085,JACAS_GRANDE,2016,01,29,4.2,19.8,9.6
109085,JACAS_GRANDE,2016,01,30,8.6,18.2,8.6
109085,JACAS_GRANDE,2016,01,31,3.6,20.4,8.8
109085,JACAS_GRANDE,2016,02,01,-999,18.4,9.2
109085,JACAS_GRANDE,2016,02,02,0.0,21.2,9.0
109085,JACAS_GRANDE,2016,02,03,0.0,22.0,8.6
109085,JACAS_GRANDE,2016,02,04,13.7,16.8,10.4
109085,JACAS_GRANDE,2016,02,05,14.1,22.2,9.6
109085,JACAS_GRANDE,2016,02,06,2.4,18.6,8.4
109085,JACAS_GRANDE,2016,02,07,0.0,19.8,8.6
109085,JACAS_GRANDE,2016,02,08,2.6,18.2,8.6
109085,JACAS_GRANDE,2016,02,09,3.1,20.4,8.8
109085,JACAS_GRANDE,2016,02,10,2.5,19.2,10.0
109085,JACAS_GRANDE,2016,02,11,2.2,19.8,8.8
109085,JACAS_GRANDE,2016,02,12,11.1,20.4,9.8
109085,JACAS_GRANDE,2016,02,13,4.6,20.0,6.6
109085,JACAS_GRANDE,2016,02,14,2.3,20.2,8.4
109085,JACAS_GRANDE,2016,02,15,6.2,19.8,8.8
109085,JACAS_GRANDE,2016,02,16,0.3,22.4,7.4
109085,JACAS_GRANDE,2016,02,17,2.4,17.6,8.8
109085,JACAS_GRANDE,2016,02,18,0.0,20.8,8.8
109085,JACAS_GRANDE,2016,02,19,0.0,22.2,8.6
109085,JACAS_GRANDE,2016,02,20,4.9,20.2,8.6
109085,JACAS_GRANDE,2016,02,21,8.4,25.0,9.6
109085,JACAS_GRANDE,2016,02,22,11.1,22.6,8.8
109085,JACAS_GRANDE,2016,02,23,0.0,21.4,9.2
109085,JACAS_GRANDE,2016,02,24,1.4,20.6,9.8
109085,JACAS_GRANDE,2016,02,25,6.6,16.4,10.0
109085,JACAS_GRANDE,2016,02,26,10.6,23.4,9.2
109085,JACAS_GRANDE,2016,02,27,3.2,21.8,8.2
109085,JACAS_GRANDE,2016,02,28,3.1,21.8,8.6
109085,JACAS_GRANDE,2016,02,29,3.4,21.2,9.0
109085,JACAS_GRANDE,2016,03,01,0.9,20.2,8.8
109085,JACAS_GRANDE,2016,03,02,8.6,19.4,9.6
109085,JACAS_GRANDE,2016,03,03,5.8,19.0,10.4
109085,JACAS_GRANDE,2016,03,04,0.0,22.2,7.2
109085,JACAS_GRANDE,2016,03,05,8.4,20.6,8.0
109085,JACAS_GRANDE,2016,03,06,7.8,17.6,8.8
109085,JACAS_GRANDE,2016,03,07,8.0,13.8,8.8
109085,JACAS_GRANDE,2016,03,08,0.6,20.6,8.4
109085,JACAS_GRANDE,2016,03,09,1.9,20.8,8.6
109085,JACAS_GRANDE,2016,03,10,1.8,24.4,9.4
109085,JACAS_GRANDE,2016,03,11,0.0,22.8,9.1
109085,JACAS_GRANDE,2016,03,12,1.0,21.4,9.6
109085,JACAS_GRANDE,2016,03,13,1.4,21.2,6.8
109085,JACAS_GRANDE,2016,03,14,1.2,22.0,8.0
109085,JACAS_GRANDE,2016,03,15,1.3,18.4,9.6
109085,JACAS_GRANDE,2016,03,16,0.0,21.2,6.6
109085,JACAS_GRANDE,2016,03,17,0.0,20.2,7.6
109085,JACAS_GRANDE,2016,03,18,0.0,22.6,7.6
109085,JACAS_GRANDE,2016,03,19,0.0,17.0,7.8
109085,JACAS_GRANDE,2016,03,20,7.2,17.8,8.8
109085,JACAS_GRANDE,2016,03,21,1.5,17.2,9.4
109085,JACAS_GRANDE,2016,03,22,0.0,20.8,8.8
109085,JACAS_GRANDE,2016,03,23,2.6,19.8,9.4
109085,JACAS_GRANDE,2016,03,24,0.0,23.2,8.0
109085,JACAS_GRANDE,2016,03,25,8.3,24.8,8.2
109085,JACAS_GRANDE,2016,03,26,0.0,20.2,7.8
109085,JACAS_GRANDE,2016,03,27,1.2,21.0,7.8
109085,JACAS_GRANDE,2016,03,28,0.0,23.8,8.0
109085,JACAS_GRANDE,2016,03,29,0.0,22.4,6.8
109085,JACAS_GRANDE,2016,03,30,0.9,17.8,7.6
109085,JACAS_GRANDE,2016,03,31,5.9,19.6,6.0
109085,JACAS_GRANDE,2016,04,01,3.9,19.4,7.6
109085,JACAS_GRANDE,2016,04,02,0.0,21.0,10.0
109085,JACAS_GRANDE,2016,04,03,1.4,17.2,6.2
109085,JACAS_GRANDE,2016,04,04,0.0,22.0,8.1
109085,JACAS_GRANDE,2016,04,05,0.5,16.1,7.0
109085,JACAS_GRANDE,2016,04,06,0.0,20.0,6.2
109085,JACAS_GRANDE,2016,04,07,0.0,23.0,6.0
109085,JACAS_GRANDE,2016,04,08,2.8,24.1,6.0
109085,JACAS_GRANDE,2016,04,09,10.0,19.0,5.0
109085,JACAS_GRANDE,2016,04,10,0.7,16.6,8.0
109085,JACAS_GRANDE,2016,04,11,0.5,19.6,8.0
109085,JACAS_GRANDE,2016,04,12,0.0,19.0,9.0
109085,JACAS_GRANDE,2016,04,13,0.0,23.0,8.0
109085,JACAS_GRANDE,2016,04,14,1.8,22.6,6.4
109085,JACAS_GRANDE,2016,04,15,7.5,22.8,7.0
109085,JACAS_GRANDE,2016,04,16,7.3,17.6,9.0
109085,JACAS_GRANDE,2016,04,17,0.0,18.1,8.6
109085,JACAS_GRANDE,2016,04,18,2.8,22.4,9.4
109085,JACAS_GRANDE,2016,04,19,5.0,-999,5.4
109085,JACAS_GRANDE,2016,04,20,0.0,19.2,8.8
109085,JACAS_GRANDE,2016,04,21,7.0,17.0,5.2
109085,JACAS_GRANDE,2016,04,22,2.5,15.0,5.0
109085,JACAS_GRANDE,2016,04,23,13.0,21.4,4.0
109085,JACAS_GRANDE,2016,04,24,0.0,22.0,4.0
109085,JACAS_GRANDE,2016,04,25,0.0,22.4,7.6
109085,JACAS_GRANDE,2016,04,26,0.0,22.4,6.0
109085,JACAS_GRANDE,2016,04,27,0.0,23.8,2.0
109085,JACAS_GRANDE,2016,04,28,0.0,23.6,6.0
109085,JACAS_GRANDE,2016,04,29,0.0,24.4,5.0
109085,JACAS_GRANDE,2016,04,30,-999,24.1,3.6
109085,JACAS_GRANDE,2016,05,01,0.0,24.0,4.0
109085,JACAS_GRANDE,2016,05,02,0.0,25.0,3.0
109085,JACAS_GRANDE,2016,05,03,0.0,23.0,2.0
109085,JACAS_GRANDE,2016,05,04,0.0,20.0,2.0
109085,JACAS_GRANDE,2016,05,05,0.0,22.0,1.1
109085,JACAS_GRANDE,2016,05,06,0.0,21.8,7.0
109085,JACAS_GRANDE,2016,05,07,0.0,22.4,5.4
109085,JACAS_GRANDE,2016,05,08,0.0,20.0,4.0
109085,JACAS_GRANDE,2016,05,09,0.0,-999,2.0
109085,JACAS_GRANDE,2016,05,10,0.0,23.0,2.0
109085,JACAS_GRANDE,2016,05,11,0.0,23.0,3.0
109085,JACAS_GRANDE,2016,05,12,0.0,-999,1.2
109085,JACAS_GRANDE,2016,05,13,0.0,20.0,2.0
109085,JACAS_GRANDE,2016,05,14,0.0,20.6,6.0
109085,JACAS_GRANDE,2016,05,15,0.0,21.0,5.4
109085,JACAS_GRANDE,2016,05,16,0.0,21.8,5.0
109085,JACAS_GRANDE,2016,05,17,0.0,22.0,4.0
109085,JACAS_GRANDE,2016,05,18,0.0,23.0,7.0
109085,JACAS_GRANDE,2016,05,19,0.0,23.6,4.0
109085,JACAS_GRANDE,2016,05,20,0.0,22.4,6.0
109085,JACAS_GRANDE,2016,05,21,0.0,22.2,5.2
109085,JACAS_GRANDE,2016,05,22,0.0,24.2,5.4
109085,JACAS_GRANDE,2016,05,23,0.0,22.4,4.8
109085,JACAS_GRANDE,2016,05,24,0.0,22.0,5.6
109085,JACAS_GRANDE,2016,05,25,2.8,22.6,4.0
109085,JACAS_GRANDE,2016,05,26,0.0,25.0,5.0
109085,JACAS_GRANDE,2016,05,27,0.0,24.8,0.2
109085,JACAS_GRANDE,2016,05,28,0.0,21.8,0.4
109085,JACAS_GRANDE,2016,05,29,0.0,23.8,5.4
109085,JACAS_GRANDE,2016,05,30,0.0,25.2,4.4
109085,JACAS_GRANDE,2016,05,31,-999,-999,4.0
109085,JACAS_GRANDE,2016,06,01,-999,24.6,3.6
109085,JACAS_GRANDE,2016,06,02,-999,26.6,4.6
109085,JACAS_GRANDE,2016,06,03,-999,25.4,4.8
109085,JACAS_GRANDE,2016,06,04,-999,25.8,4.2
109085,JACAS_GRANDE,2016,06,05,-999,23.0,4.6
109085,JACAS_GRANDE,2016,06,06,-999,25.4,4.0
109085,JACAS_GRANDE,2016,06,07,-999,25.2,3.2
109085,JACAS_GRANDE,2016,06,08,-999,-999,3.6
109085,JACAS_GRANDE,2016,06,09,-999,25.2,2.2
109085,JACAS_GRANDE,2016,06,10,-999,-999,3.4
109085,JACAS_GRANDE,2016,06,11,-999,25.4,3.2
109085,JACAS_GRANDE,2016,06,12,-999,-999,3.4
109085,JACAS_GRANDE,2016,06,13,-999,21.0,3.8
109085,JACAS_GRANDE,2016,06,14,-999,22.0,3.0
109085,JACAS_GRANDE,2016,06,15,-999,23.0,2.0
109085,JACAS_GRANDE,2016,06,16,-999,20.0,1.2
109085,JACAS_GRANDE,2016,06,17,-999,21.0,2.0
109085,JACAS_GRANDE,2016,06,18,-999,22.4,1.0
109085,JACAS_GRANDE,2016,06,19,-999,21.0,2.4
109085,JACAS_GRANDE,2016,06,20,-999,19.8,3.8
109085,JACAS_GRANDE,2016,06,21,-999,20.8,3.0
109085,JACAS_GRANDE,2016,06,22,-999,21.0,3.2
109085,JACAS_GRANDE,2016,06,23,-999,22.0,2.0
109085,JACAS_GRANDE,2016,06,24,-999,25.0,2.4
109085,JACAS_GRANDE,2016,06,25,-999,23.0,2.0
109085,JACAS_GRANDE,2016,06,26,-999,21.0,4.0
109085,JACAS_GRANDE,2016,06,27,-999,21.2,0.2
109085,JACAS_GRANDE,2016,06,28,-999,21.0,3.0
109085,JACAS_GRANDE,2016,06,29,-999,20.8,0.2
109085,JACAS_GRANDE,2016,06,30,-999,21.8,0.3
109085,JACAS_GRANDE,2016,07,01,-999,19.8,2.9
109085,JACAS_GRANDE,2016,07,02,-999,19.2,2.2
109085,JACAS_GRANDE,2016,07,03,-999,19.6,4.4
109085,JACAS_GRANDE,2016,07,04,-999,18.8,3.8
109085,JACAS_GRANDE,2016,07,05,-999,19.2,4.2
109085,JACAS_GRANDE,2016,07,06,-999,19.8,4.0
109085,JACAS_GRANDE,2016,07,07,-999,18.6,6.0
109085,JACAS_GRANDE,2016,07,08,-999,21.4,3.8
109085,JACAS_GRANDE,2016,07,09,-999,22.6,2.0
109085,JACAS_GRANDE,2016,07,10,-999,19.2,6.0
109085,JACAS_GRANDE,2016,07,11,-999,21.8,2.0
109085,JACAS_GRANDE,2016,07,12,-999,19.8,1.8
109085,JACAS_GRANDE,2016,07,13,-999,23.8,2.0
109085,JACAS_GRANDE,2016,07,14,-999,20.4,4.4
109085,JACAS_GRANDE,2016,07,15,-999,21.3,4.2
109085,JACAS_GRANDE,2016,07,16,-999,-999,-999
109085,JACAS_GRANDE,2016,07,17,-999,-999,-999
109085,JACAS_GRANDE,2016,07,18,-999,20.8,3.8
109085,JACAS_GRANDE,2016,07,19,-999,18.4,1.4
109085,JACAS_GRANDE,2016,07,20,-999,19.6,1.4
109085,JACAS_GRANDE,2016,07,21,-999,20.4,3.8
109085,JACAS_GRANDE,2016,07,22,-999,18.8,2.4
109085,JACAS_GRANDE,2016,07,23,-999,-999,-999
109085,JACAS_GRANDE,2016,07,24,-999,-999,-999
109085,JACAS_GRANDE,2016,07,25,-999,24.8,2.8
109085,JACAS_GRANDE,2016,07,26,-999,22.2,0.8
109085,JACAS_GRANDE,2016,07,27,-999,24.6,2.0
109085,JACAS_GRANDE,2016,07,28,-999,22.0,0.9
109085,JACAS_GRANDE,2016,07,29,-999,26.4,0.2
109085,JACAS_GRANDE,2016,07,30,-999,-999,-999
109085,JACAS_GRANDE,2016,07,31,-999,-999,-999
109085,JACAS_GRANDE,2016,08,01,-999,19.8,4.2
109085,JACAS_GRANDE,2016,08,02,-999,20.6,8.2
109085,JACAS_GRANDE,2016,08,03,-999,18.2,3.2
109085,JACAS_GRANDE,2016,08,04,-999,19.6,2.2
109085,JACAS_GRANDE,2016,08,05,-999,15.8,0.2
109085,JACAS_GRANDE,2016,08,06,-999,20.4,2.8
109085,JACAS_GRANDE,2016,08,07,-999,19.4,3.8
109085,JACAS_GRANDE,2016,08,08,-999,21.6,4.6
109085,JACAS_GRANDE,2016,08,09,-999,22.4,4.8
109085,JACAS_GRANDE,2016,08,10,-999,23.8,7.0
109085,JACAS_GRANDE,2016,08,11,-999,16.6,7.0
109085,JACAS_GRANDE,2016,08,12,-999,19.8,6.8
109085,JACAS_GRANDE,2016,08,13,-999,22.8,3.0
109085,JACAS_GRANDE,2016,08,14,-999,20.8,3.8
109085,JACAS_GRANDE,2016,08,15,-999,23.1,3.0
109085,JACAS_GRANDE,2016,08,16,-999,21.2,5.0
109085,JACAS_GRANDE,2016,08,17,-999,20.0,3.2
109085,JACAS_GRANDE,2016,08,18,-999,21.2,3.2
109085,JACAS_GRANDE,2016,08,19,-999,19.4,5.4
109085,JACAS_GRANDE,2016,08,20,-999,19.8,5.0
109085,JACAS_GRANDE,2016,08,21,-999,19.2,4.4
109085,JACAS_GRANDE,2016,08,22,-999,19.8,5.0
109085,JACAS_GRANDE,2016,08,23,-999,22.9,3.2
109085,JACAS_GRANDE,2016,08,24,-999,21.8,4.0
109085,JACAS_GRANDE,2016,08,25,-999,24.0,2.0
109085,JACAS_GRANDE,2016,08,26,-999,23.4,2.0
109085,JACAS_GRANDE,2016,08,27,-999,21.2,2.6
109085,JACAS_GRANDE,2016,08,28,-999,23.8,2.8
109085,JACAS_GRANDE,2016,08,29,-999,23.0,4.2
109085,JACAS_GRANDE,2016,08,30,-999,23.4,4.2
109085,JACAS_GRANDE,2016,08,31,-999,21.2,3.2
109085,JACAS_GRANDE,2016,09,01,7.8,21.8,2.2
109085,JACAS_GRANDE,2016,09,02,2.3,20.0,7.0
109085,JACAS_GRANDE,2016,09,03,2.2,20.8,2.2
109085,JACAS_GRANDE,2016,09,04,10.8,18.4,6.2
109085,JACAS_GRANDE,2016,09,05,0.0,17.2,3.8
109085,JACAS_GRANDE,2016,09,06,0.0,19.8,2.2
109085,JACAS_GRANDE,2016,09,07,0.0,18.8,7.0
109085,JACAS_GRANDE,2016,09,08,0.0,19.2,5.6
109085,JACAS_GRANDE,2016,09,09,0.0,24.8,1.2
109085,JACAS_GRANDE,2016,09,10,0.0,24.4,3.8
109085,JACAS_GRANDE,2016,09,11,0.0,20.6,4.0
109085,JACAS_GRANDE,2016,09,12,0.0,20.8,-999
109085,JACAS_GRANDE,2016,09,13,0.0,20.6,1.6
109085,JACAS_GRANDE,2016,09,14,0.0,24.4,4.0
109085,JACAS_GRANDE,2016,09,15,10.5,18.2,5.8
109085,JACAS_GRANDE,2016,09,16,0.0,20.4,5.2
109085,JACAS_GRANDE,2016,09,17,0.0,17.8,4.4
109085,JACAS_GRANDE,2016,09,18,0.0,17.8,4.2
109085,JACAS_GRANDE,2016,09,19,0.0,18.8,7.0
109085,JACAS_GRANDE,2016,09,20,0.0,16.4,7.1
109085,JACAS_GRANDE,2016,09,21,0.0,16.4,6.8
109085,JACAS_GRANDE,2016,09,22,0.0,19.2,7.3
109085,JACAS_GRANDE,2016,09,23,0.0,17.4,7.4
109085,JACAS_GRANDE,2016,09,24,0.0,17.0,6.2
109085,JACAS_GRANDE,2016,09,25,6.8,20.8,7.8
109085,JACAS_GRANDE,2016,09,26,0.0,18.8,7.6
109085,JACAS_GRANDE,2016,09,27,0.0,16.2,6.8
109085,JACAS_GRANDE,2016,09,28,4.6,18.2,5.0
109085,JACAS_GRANDE,2016,09,29,0.0,19.8,6.2
109085,JACAS_GRANDE,2016,09,30,0.0,22.2,6.2
109085,JACAS_GRANDE,2016,10,01,0.0,23.8,6.4
109085,JACAS_GRANDE,2016,10,02,9.2,23.2,8.2
109085,JACAS_GRANDE,2016,10,03,0.0,22.2,7.4
109085,JACAS_GRANDE,2016,10,04,0.0,23.4,6.2
109085,JACAS_GRANDE,2016,10,05,3.2,19.2,4.8
109085,JACAS_GRANDE,2016,10,06,0.0,16.2,6.4
109085,JACAS_GRANDE,2016,10,07,0.0,24.2,6.8
109085,JACAS_GRANDE,2016,10,08,1.3,19.8,6.8
109085,JACAS_GRANDE,2016,10,09,0.0,18.6,4.2
109085,JACAS_GRANDE,2016,10,10,2.2,18.4,8.6
109085,JACAS_GRANDE,2016,10,11,4.3,18.8,8.2
109085,JACAS_GRANDE,2016,10,12,0.0,22.2,8.8
109085,JACAS_GRANDE,2016,10,13,1.7,18.6,8.6
109085,JACAS_GRANDE,2016,10,14,6.8,22.0,8.6
109085,JACAS_GRANDE,2016,10,15,0.0,18.8,7.6
109085,JACAS_GRANDE,2016,10,16,0.0,18.6,6.8
109085,JACAS_GRANDE,2016,10,17,6.4,18.6,7.4
109085,JACAS_GRANDE,2016,10,18,6.6,20.2,7.4
109085,JACAS_GRANDE,2016,10,19,5.0,19.2,7.8
109085,JACAS_GRANDE,2016,10,20,0.0,23.8,7.4
109085,JACAS_GRANDE,2016,10,21,0.0,16.8,6.6
109085,JACAS_GRANDE,2016,10,22,0.0,26.0,6.8
109085,JACAS_GRANDE,2016,10,23,0.1,22.8,7.2
109085,JACAS_GRANDE,2016,10,24,0.0,19.4,6.0
109085,JACAS_GRANDE,2016,10,25,2.6,26.2,5.8
109085,JACAS_GRANDE,2016,10,26,0.0,24.4,8.4
109085,JACAS_GRANDE,2016,10,27,0.0,18.2,5.8
109085,JACAS_GRANDE,2016,10,28,9.6,25.8,6.5
109085,JACAS_GRANDE,2016,10,29,0.0,19.2,5.4
109085,JACAS_GRANDE,2016,10,30,12.4,19.8,6.2
109085,JACAS_GRANDE,2016,10,31,0.5,21.4,6.0
109085,JACAS_GRANDE,2016,11,01,0.0,25.4,4.2
109085,JACAS_GRANDE,2016,11,02,0.0,-999,5.2
109085,JACAS_GRANDE,2016,11,03,0.0,-999,10.2
109085,JACAS_GRANDE,2016,11,04,16.4,19.0,7.2
109085,JACAS_GRANDE,2016,11,05,2.2,19.8,8.2
109085,JACAS_GRANDE,2016,11,06,2.6,18.6,5.8
109085,JACAS_GRANDE,2016,11,07,0.0,18.2,7.0
109085,JACAS_GRANDE,2016,11,08,8.3,23.8,8.8
109085,JACAS_GRANDE,2016,11,09,3.7,24.8,5.4
109085,JACAS_GRANDE,2016,11,10,4.0,23.2,5.8
109085,JACAS_GRANDE,2016,11,11,0.0,28.2,5.8
109085,JACAS_GRANDE,2016,11,12,0.0,26.8,6.0
109085,JACAS_GRANDE,2016,11,13,0.0,27.2,6.6
109085,JACAS_GRANDE,2016,11,14,0.0,27.4,4.2
109085,JACAS_GRANDE,2016,11,15,0.0,27.8,8.2
109085,JACAS_GRANDE,2016,11,16,27.4,28.0,6.2
109085,JACAS_GRANDE,2016,11,17,7.4,27.4,7.4
109085,JACAS_GRANDE,2016,11,18,0.0,18.2,7.8
109085,JACAS_GRANDE,2016,11,19,0.0,26.0,5.2
109085,JACAS_GRANDE,2016,11,20,0.0,28.0,3.4
109085,JACAS_GRANDE,2016,11,21,0.0,24.2,5.2
109085,JACAS_GRANDE,2016,11,22,0.0,25.4,7.6
109085,JACAS_GRANDE,2016,11,23,0.0,25.8,4.0
109085,JACAS_GRANDE,2016,11,24,0.0,25.8,6.8
109085,JACAS_GRANDE,2016,11,25,0.0,21.2,7.0
109085,JACAS_GRANDE,2016,11,26,4.3,24.4,5.8
109085,JACAS_GRANDE,2016,11,27,6.2,24.2,4.8
109085,JACAS_GRANDE,2016,11,28,8.0,17.2,8.2
109085,JACAS_GRANDE,2016,11,29,3.5,14.6,8.6
109085,JACAS_GRANDE,2016,11,30,0.0,19.2,7.6
109085,JACAS_GRANDE,2016,12,01,0.0,19.8,7.2
109085,JACAS_GRANDE,2016,12,02,1.4,21.2,7.2
109085,JACAS_GRANDE,2016,12,03,2.9,20.2,8.8
109085,JACAS_GRANDE,2016,12,04,4.2,21.4,8.6
109085,JACAS_GRANDE,2016,12,05,5.1,19.2,6.8
109085,JACAS_GRANDE,2016,12,06,0.0,18.6,6.8
109085,JACAS_GRANDE,2016,12,07,7.4,22.0,6.0
109085,JACAS_GRANDE,2016,12,08,0.3,19.9,8.8
109085,JACAS_GRANDE,2016,12,09,3.7,19.2,8.8
109085,JACAS_GRANDE,2016,12,10,0.0,22.2,7.4
109085,JACAS_GRANDE,2016,12,11,0.0,21.2,7.0
109085,JACAS_GRANDE,2016,12,12,0.0,22.2,8.0
109085,JACAS_GRANDE,2016,12,13,0.0,18.4,8.0
109085,JACAS_GRANDE,2016,12,14,0.0,19.6,7.6
109085,JACAS_GRANDE,2016,12,15,3.7,23.2,7.0
109085,JACAS_GRANDE,2016,12,16,0.0,24.6,8.4
109085,JACAS_GRANDE,2016,12,17,0.0,21.8,8.8
109085,JACAS_GRANDE,2016,12,18,0.0,19.8,10.0
109085,JACAS_GRANDE,2016,12,19,10.0,19.2,8.6
109085,JACAS_GRANDE,2016,12,20,1.8,23.2,6.2
109085,JACAS_GRANDE,2016,12,21,0.0,21.6,8.8
109085,JACAS_GRANDE,2016,12,22,0.0,18.8,9.2
109085,JACAS_GRANDE,2016,12,23,0.0,18.9,7.6
109085,JACAS_GRANDE,2016,12,24,0.0,24.2,6.8
109085,JACAS_GRANDE,2016,12,25,0.0,23.4,9.0
109085,JACAS_GRANDE,2016,12,26,5.8,21.0,8.8
109085,JACAS_GRANDE,2016,12,27,0.0,22.8,9.8
109085,JACAS_GRANDE,2016,12,28,22.4,18.8,8.0
109085,JACAS_GRANDE,2016,12,29,1.5,18.0,7.4
109085,JACAS_GRANDE,2016,12,30,0.0,19.0,8.8
109085,JACAS_GRANDE,2016,12,31,6.8,23.2,4.5
109085,JACAS_GRANDE,2017,01,01,-999,-999,-999
109085,JACAS_GRANDE,2021,05,01,-999,-999,-999
109085,JACAS_GRANDE,2021,05,02,-999,-999,-999
109085,JACAS_GRANDE,2021,05,03,-999,-999,-999
109085,JACAS_GRANDE,2021,05,04,-999,-999,-999
109085,JACAS_GRANDE,2021,05,05,-999,-999,-999
109085,JACAS_GRANDE,2021,05,06,-999,-999,-999
109085,JACAS_GRANDE,2021,05,07,-999,-999,-999
109085,JACAS_GRANDE,2021,05,08,-999,-999,-999
109085,JACAS_GRANDE,2021,05,09,-999,-999,-999
109085,JACAS_GRANDE,2021,05,10,-999,-999,-999
109085,JACAS_GRANDE,2021,05,11,-999,-999,-999
109085,JACAS_GRANDE,2021,05,12,-999,-999,-999
109085,JACAS_GRANDE,2021,05,13,-999,-999,-999
109085,JACAS_GRANDE,2021,05,14,-999,-999,-999
109085,JACAS_GRANDE,2021,05,15,-999,-999,-999
109085,JACAS_GRANDE,2021,05,16,-999,-999,-999
109085,JACAS_GRANDE,2021,05,17,-999,-999,-999
109085,JACAS_GRANDE,2021,05,18,-999,-999,-999
109085,JACAS_GRANDE,2021,05,19,-999,-999,-999
109085,JACAS_GRANDE,2021,05,20,-999,-999,-999
109085,JACAS_GRANDE,2021,05,21,0.0,23.0,5.6
109085,JACAS_GRANDE,2021,05,22,7.0,25.0,4.2
109085,JACAS_GRANDE,2021,05,23,0.0,24.2,6.4
109085,JACAS_GRANDE,2021,05,24,10.0,22.8,5.4
109085,JACAS_GRANDE,2021,05,25,17.0,17.8,6.2
109085,JACAS_GRANDE,2021,05,26,0.0,21.0,4.8
109085,JACAS_GRANDE,2021,05,27,8.0,21.2,6.6
109085,JACAS_GRANDE,2021,05,28,0.0,22.8,7.4
109085,JACAS_GRANDE,2021,05,29,0.0,22.0,5.4
109085,JACAS_GRANDE,2021,05,30,0.0,20.8,4.8
109085,JACAS_GRANDE,2021,05,31,0.0,15.8,6.8
109085,JACAS_GRANDE,2021,06,01,0.0,22.4,5.4
109085,JACAS_GRANDE,2021,06,02,0.0,21.4,6.2
109085,JACAS_GRANDE,2021,06,03,0.0,20.6,4.6
109085,JACAS_GRANDE,2021,06,04,1.7,15.8,4.8
109085,JACAS_GRANDE,2021,06,05,0.0,21.8,5.4
109085,JACAS_GRANDE,2021,06,06,3.6,18.8,4.4
109085,JACAS_GRANDE,2021,06,07,5.0,19.2,8.2
109085,JACAS_GRANDE,2021,06,08,5.2,14.8,6.0
109085,JACAS_GRANDE,2021,06,09,0.0,21.6,4.4
109085,JACAS_GRANDE,2021,06,10,0.0,26.2,6.2
109085,JACAS_GRANDE,2021,06,11,0.0,20.6,5.6
109085,JACAS_GRANDE,2021,06,12,1.5,16.2,7.4
109085,JACAS_GRANDE,2021,06,13,0.0,21.2,5.4
109085,JACAS_GRANDE,2021,06,14,0.0,20.6,6.4
109085,JACAS_GRANDE,2021,06,15,0.0,19.6,4.8
109085,JACAS_GRANDE,2021,06,16,0.0,16.8,4.0
109085,JACAS_GRANDE,2021,06,17,0.0,18.6,5.4
109085,JACAS_GRANDE,2021,06,18,0.0,20.8,4.6
109085,JACAS_GRANDE,2021,06,19,3.3,14.8,5.8
109085,JACAS_GRANDE,2021,06,20,1.2,19.8,5.8
109085,JACAS_GRANDE,2021,06,21,0.0,19.6,4.4
109085,JACAS_GRANDE,2021,06,22,0.0,20.4,4.0
109085,JACAS_GRANDE,2021,06,23,0.0,21.6,4.4
109085,JACAS_GRANDE,2021,06,24,0.0,22.0,4.0
109085,JACAS_GRANDE,2021,06,25,0.0,22.8,3.8
109085,JACAS_GRANDE,2021,06,26,0.0,24.4,2.2
109085,JACAS_GRANDE,2021,06,27,0.0,23.8,3.8
109085,JACAS_GRANDE,2021,06,28,1.5,16.8,5.4
109085,JACAS_GRANDE,2021,06,29,10.7,14.2,7.2
109085,JACAS_GRANDE,2021,06,30,0.0,18.4,6.0
109085,JACAS_GRANDE,2021,07,01,0.0,19.4,4.4
109085,JACAS_GRANDE,2021,07,02,0.0,20.8,2.8
109085,JACAS_GRANDE,2021,07,03,0.0,23.8,2.4
109085,JACAS_GRANDE,2021,07,04,0.0,20.4,1.2
109085,JACAS_GRANDE,2021,07,05,0.0,23.8,6.6
109085,JACAS_GRANDE,2021,07,06,0.0,22.2,5.2
109085,JACAS_GRANDE,2021,07,07,0.0,26.4,1.8
109085,JACAS_GRANDE,2021,07,08,0.0,23.2,3.4
109085,JACAS_GRANDE,2021,07,09,0.0,22.4,3.2
109085,JACAS_GRANDE,2021,07,10,0.0,23.4,7.2
109085,JACAS_GRANDE,2021,07,11,0.0,19.4,7.6
109085,JACAS_GRANDE,2021,07,12,0.0,19.4,6.2
109085,JACAS_GRANDE,2021,07,13,0.0,21.2,6.6
109085,JACAS_GRANDE,2021,07,14,0.0,22.4,4.8
109085,JACAS_GRANDE,2021,07,15,0.0,23.4,2.6
109085,JACAS_GRANDE,2021,07,16,0.0,21.4,2.8
109085,JACAS_GRANDE,2021,07,17,0.0,25.4,1.8
109085,JACAS_GRANDE,2021,07,18,5.6,22.8,7.4
109085,JACAS_GRANDE,2021,07,19,7.1,22.2,5.4
109085,JACAS_GRANDE,2021,07,20,0.0,25.2,2.6
109085,JACAS_GRANDE,2021,07,21,0.0,21.8,2.2
109085,JACAS_GRANDE,2021,07,22,0.0,22.4,4.2
109085,JACAS_GRANDE,2021,07,23,0.0,22.8,6.6
109085,JACAS_GRANDE,2021,07,24,0.0,21.0,1.4
109085,JACAS_GRANDE,2021,07,25,0.0,22.2,0.0
109085,JACAS_GRANDE,2021,07,26,0.0,22.4,-0.6
109085,JACAS_GRANDE,2021,07,27,0.0,21.2,4.8
109085,JACAS_GRANDE,2021,07,28,0.0,23.4,6.4
109085,JACAS_GRANDE,2021,07,29,0.0,22.8,7.6
109085,JACAS_GRANDE,2021,07,30,0.0,23.2,7.4
109085,JACAS_GRANDE,2021,07,31,0.0,21.2,6.4
109085,JACAS_GRANDE,2021,08,01,3.9,19.0,4.8
109085,JACAS_GRANDE,2021,08,02,0.0,19.4,3.2
109085,JACAS_GRANDE,2021,08,03,0.0,19.2,2.4
109085,JACAS_GRANDE,2021,08,04,0.0,22.4,2.4
109085,JACAS_GRANDE,2021,08,05,0.0,21.2,-0.8
109085,JACAS_GRANDE,2021,08,06,0.0,23.2,-0.5
109085,JACAS_GRANDE,2021,08,07,0.0,22.6,-0.3
109085,JACAS_GRANDE,2021,08,08,0.0,22.8,-0.3
109085,JACAS_GRANDE,2021,08,09,0.0,23.2,-0.2
109085,JACAS_GRANDE,2021,08,10,0.0,19.2,-0.2
109085,JACAS_GRANDE,2021,08,11,0.0,19.6,7.6
109085,JACAS_GRANDE,2021,08,12,0.0,20.2,1.8
109085,JACAS_GRANDE,2021,08,13,0.0,22.4,5.0
109085,JACAS_GRANDE,2021,08,14,0.0,21.0,4.0
109085,JACAS_GRANDE,2021,08,15,0.0,22.8,4.8
109085,JACAS_GRANDE,2021,08,16,0.0,22.0,3.2
109085,JACAS_GRANDE,2021,08,17,0.0,23.2,2.6
109085,JACAS_GRANDE,2021,08,18,0.0,21.4,4.6
109085,JACAS_GRANDE,2021,08,19,0.0,21.6,3.2
109085,JACAS_GRANDE,2021,08,20,0.5,20.6,3.6
109085,JACAS_GRANDE,2021,08,21,0.0,17.2,4.8
109085,JACAS_GRANDE,2021,08,22,0.0,23.4,6.2
109085,JACAS_GRANDE,2021,08,23,0.0,23.8,-3.2
109085,JACAS_GRANDE,2021,08,24,5.6,23.4,-2.2
109085,JACAS_GRANDE,2021,08,25,2.9,23.4,7.2
109085,JACAS_GRANDE,2021,08,26,0.0,22.8,7.8
109085,JACAS_GRANDE,2021,08,27,0.0,22.8,6.2
109085,JACAS_GRANDE,2021,08,28,0.0,20.4,2.8
109085,JACAS_GRANDE,2021,08,29,13.0,16.8,6.8
109085,JACAS_GRANDE,2021,08,30,1.5,18.2,5.8
109085,JACAS_GRANDE,2021,08,31,0.0,18.8,5.2
109085,JACAS_GRANDE,2021,09,01,0.0,21.0,-2.4
109085,JACAS_GRANDE,2021,09,02,0.0,23.4,-2.8
109085,JACAS_GRANDE,2021,09,03,1.3,21.2,2.4
109085,JACAS_GRANDE,2021,09,04,0.0,23.6,-1.6
109085,JACAS_GRANDE,2021,09,05,0.0,23.8,2.4
109085,JACAS_GRANDE,2021,09,06,5.0,17.4,4.6
109085,JACAS_GRANDE,2021,09,07,1.2,21.6,6.2
109085,JACAS_GRANDE,2021,09,08,1.4,25.8,4.2
109085,JACAS_GRANDE,2021,09,09,0.0,20.8,6.0
109085,JACAS_GRANDE,2021,09,10,0.0,21.4,6.0
109085,JACAS_GRANDE,2021,09,11,11.4,18.6,6.8
109085,JACAS_GRANDE,2021,09,12,2.6,17.2,5.4
109085,JACAS_GRANDE,2021,09,13,0.0,20.8,5.6
109085,JACAS_GRANDE,2021,09,14,0.0,22.4,5.2
109085,JACAS_GRANDE,2021,09,15,0.0,20.8,5.4
109085,JACAS_GRANDE,2021,09,16,3.8,16.2,6.2
109085,JACAS_GRANDE,2021,09,17,3.2,15.2,7.2
109085,JACAS_GRANDE,2021,09,18,0.0,21.8,3.8
109085,JACAS_GRANDE,2021,09,19,0.0,22.8,4.2
109085,JACAS_GRANDE,2021,09,20,0.0,21.8,7.2
109085,JACAS_GRANDE,2021,09,21,0.0,19.2,4.8
109085,JACAS_GRANDE,2021,09,22,3.8,17.2,6.4
109085,JACAS_GRANDE,2021,09,23,2.6,16.2,6.2
109085,JACAS_GRANDE,2021,09,24,0.0,16.8,3.2
109085,JACAS_GRANDE,2021,09,25,1.9,22.8,6.2
109085,JACAS_GRANDE,2021,09,26,0.0,24.6,2.8
109085,JACAS_GRANDE,2021,09,27,0.0,24.2,4.4
109085,JACAS_GRANDE,2021,09,28,0.0,21.2,4.8
109085,JACAS_GRANDE,2021,09,29,2.4,24.6,4.4
109085,JACAS_GRANDE,2021,09,30,3.4,16.2,6.8
109085,JACAS_GRANDE,2021,10,01,0.0,22.6,4.0
109085,JACAS_GRANDE,2021,10,02,4.3,21.6,6.0
109085,JACAS_GRANDE,2021,10,03,5.2,20.8,6.2
109085,JACAS_GRANDE,2021,10,04,9.3,19.4,7.2
109085,JACAS_GRANDE,2021,10,05,0.0,24.8,6.4
109085,JACAS_GRANDE,2021,10,06,5.4,17.0,7.0
109085,JACAS_GRANDE,2021,10,07,4.6,22.6,7.0
109085,JACAS_GRANDE,2021,10,08,4.8,17.2,6.0
109085,JACAS_GRANDE,2021,10,09,0.0,23.8,7.4
109085,JACAS_GRANDE,2021,10,10,6.4,21.6,7.2
109085,JACAS_GRANDE,2021,10,11,0.0,22.2,5.8
109085,JACAS_GRANDE,2021,10,12,0.0,24.0,7.2
109085,JACAS_GRANDE,2021,10,13,0.0,23.2,6.4
109085,JACAS_GRANDE,2021,10,14,4.6,23.6,7.0
109085,JACAS_GRANDE,2021,10,15,8.2,23.6,7.2
109085,JACAS_GRANDE,2021,10,16,4.3,19.2,7.0
109085,JACAS_GRANDE,2021,10,17,5.5,17.4,7.8
109085,JACAS_GRANDE,2021,10,18,0.0,23.4,6.2
109085,JACAS_GRANDE,2021,10,19,4.2,21.4,8.0
109085,JACAS_GRANDE,2021,10,20,14.0,18.8,7.0
109085,JACAS_GRANDE,2021,10,21,0.0,25.2,7.8
109085,JACAS_GRANDE,2021,10,22,0.0,26.2,6.0
109085,JACAS_GRANDE,2021,10,23,0.0,24.6,5.2
109085,JACAS_GRANDE,2021,10,24,0.0,24.8,5.6
109085,JACAS_GRANDE,2021,10,25,9.0,17.8,7.0
109085,JACAS_GRANDE,2021,10,26,0.0,25.8,6.0
109085,JACAS_GRANDE,2021,10,27,0.0,23.8,5.0
109085,JACAS_GRANDE,2021,10,28,7.0,18.4,7.2
109085,JACAS_GRANDE,2021,10,29,0.0,25.8,7.2
109085,JACAS_GRANDE,2021,10,30,13.0,23.8,6.4
109085,JACAS_GRANDE,2021,10,31,0.0,25.4,6.0
109085,JACAS_GRANDE,2021,11,01,7.1,20.8,8.0
109085,JACAS_GRANDE,2021,11,02,0.0,23.0,6.8
109085,JACAS_GRANDE,2021,11,03,16.8,20.0,7.8
109085,JACAS_GRANDE,2021,11,04,9.9,21.0,5.6
109085,JACAS_GRANDE,2021,11,05,4.2,21.8,8.0
109085,JACAS_GRANDE,2021,11,06,2.6,14.2,8.6
109085,JACAS_GRANDE,2021,11,07,0.0,20.8,7.0
109085,JACAS_GRANDE,2021,11,08,3.1,18.6,6.6
109085,JACAS_GRANDE,2021,11,09,0.0,23.2,7.2
109085,JACAS_GRANDE,2021,11,10,0.9,22.2,7.8
109085,JACAS_GRANDE,2021,11,11,1.6,19.2,7.4
109085,JACAS_GRANDE,2021,11,12,2.8,24.6,8.6
109085,JACAS_GRANDE,2021,11,13,4.8,20.2,7.8
109085,JACAS_GRANDE,2021,11,14,9.6,17.4,7.2
109085,JACAS_GRANDE,2021,11,15,7.1,22.0,7.4
109085,JACAS_GRANDE,2021,11,16,1.4,20.8,8.2
109085,JACAS_GRANDE,2021,11,17,1.4,26.8,7.2
109085,JACAS_GRANDE,2021,11,18,0.0,20.4,6.2
109085,JACAS_GRANDE,2021,11,19,1.9,24.4,7.2
109085,JACAS_GRANDE,2021,11,20,12.8,18.8,7.8
109085,JACAS_GRANDE,2021,11,21,4.4,17.0,7.4
109085,JACAS_GRANDE,2021,11,22,0.3,21.0,8.0
109085,JACAS_GRANDE,2021,11,23,0.9,23.2,7.8
109085,JACAS_GRANDE,2021,11,24,8.2,15.2,8.0
109085,JACAS_GRANDE,2021,11,25,5.8,16.2,8.0
109085,JACAS_GRANDE,2021,11,26,6.1,18.2,8.6
109085,JACAS_GRANDE,2021,11,27,5.6,19.8,7.6
109085,JACAS_GRANDE,2021,11,28,9.4,20.8,8.0
109085,JACAS_GRANDE,2021,11,29,15.8,19.8,7.2
109085,JACAS_GRANDE,2021,11,30,7.7,22.0,7.6
109085,JACAS_GRANDE,2021,12,01,7.7,20.0,8.6
109085,JACAS_GRANDE,2021,12,02,4.1,16.0,8.8
109085,JACAS_GRANDE,2021,12,03,0.3,23.4,8.2
109085,JACAS_GRANDE,2021,12,04,1.7,21.0,8.2
109085,JACAS_GRANDE,2021,12,05,5.2,15.8,8.4
109085,JACAS_GRANDE,2021,12,06,13.8,21.6,7.8
109085,JACAS_GRANDE,2021,12,07,17.2,19.2,-999
109085,JACAS_GRANDE,2021,12,08,5.3,20.2,-999
109085,JACAS_GRANDE,2021,12,09,0.0,20.8,-999
109085,JACAS_GRANDE,2021,12,10,3.5,17.6,10.0
109085,JACAS_GRANDE,2021,12,11,1.1,24.0,9.2
109085,JACAS_GRANDE,2021,12,12,3.4,24.0,6.6
109085,JACAS_GRANDE,2021,12,13,0.0,26.8,8.0
109085,JACAS_GRANDE,2021,12,14,0.0,23.0,7.6
109085,JACAS_GRANDE,2021,12,15,0.0,21.8,6.4
109085,JACAS_GRANDE,2021,12,16,0.0,23.6,8.2
109085,JACAS_GRANDE,2021,12,17,0.0,25.8,7.4
109085,JACAS_GRANDE,2021,12,18,0.0,26.2,6.2
109085,JACAS_GRANDE,2021,12,19,0.0,26.4,5.6
109085,JACAS_GRANDE,2021,12,20,5.4,23.4,7.8
109085,JACAS_GRANDE,2021,12,21,1.8,24.2,8.4
109085,JACAS_GRANDE,2021,12,22,0.0,25.2,7.4
109085,JACAS_GRANDE,2021,12,23,0.0,26.8,7.4
109085,JACAS_GRANDE,2021,12,24,3.8,20.0,8.8
109085,JACAS_GRANDE,2021,12,25,0.0,26.8,6.8
109085,JACAS_GRANDE,2021,12,26,0.0,27.2,7.0
109085,JACAS_GRANDE,2021,12,27,0.0,26.0,6.0
109085,JACAS_GRANDE,2021,12,28,0.0,20.6,8.8
109085,JACAS_GRANDE,2021,12,29,0.0,22.0,7.8
109085,JACAS_GRANDE,2021,12,30,3.4,25.8,8.8
109085,JACAS_GRANDE,2021,12,31,0.0,22.2,8.8
109085,JACAS_GRANDE,2022,01,01,0.0,24.4,8.4
109085,JACAS_GRANDE,2022,01,02,0.0,25.0,6.0
109085,JACAS_GRANDE,2022,01,03,0.0,26.8,7.0
109085,JACAS_GRANDE,2022,01,04,9.5,23.6,8.0
109085,JACAS_GRANDE,2022,01,05,2.9,20.4,7.4
109085,JACAS_GRANDE,2022,01,06,5.0,21.8,8.2
109085,JACAS_GRANDE,2022,01,07,0.0,23.2,7.4
109085,JACAS_GRANDE,2022,01,08,0.0,22.6,7.0
109085,JACAS_GRANDE,2022,01,09,0.0,22.0,6.8
109085,JACAS_GRANDE,2022,01,10,0.0,23.0,7.6
109085,JACAS_GRANDE,2022,01,11,0.0,20.4,8.8
109085,JACAS_GRANDE,2022,01,12,6.6,21.0,8.4
109085,JACAS_GRANDE,2022,01,13,6.4,17.2,7.2
109085,JACAS_GRANDE,2022,01,14,3.5,21.6,6.2
109085,JACAS_GRANDE,2022,01,15,1.8,16.4,7.2
109085,JACAS_GRANDE,2022,01,16,0.8,19.8,7.0
109085,JACAS_GRANDE,2022,01,17,3.8,21.2,7.8
109085,JACAS_GRANDE,2022,01,18,5.4,20.8,6.6
109085,JACAS_GRANDE,2022,01,19,8.2,24.4,6.0
109085,JACAS_GRANDE,2022,01,20,0.0,23.0,6.8
109085,JACAS_GRANDE,2022,01,21,4.7,24.0,7.4
109085,JACAS_GRANDE,2022,01,22,0.0,26.4,8.2
109085,JACAS_GRANDE,2022,01,23,5.8,22.4,7.8
109085,JACAS_GRANDE,2022,01,24,2.7,20.2,8.2
109085,JACAS_GRANDE,2022,01,25,6.8,18.2,9.0
109085,JACAS_GRANDE,2022,01,26,18.4,20.0,7.4
109085,JACAS_GRANDE,2022,01,27,0.0,21.6,7.8
109085,JACAS_GRANDE,2022,01,28,0.0,23.4,8.6
109085,JACAS_GRANDE,2022,01,29,0.0,24.8,7.8
109085,JACAS_GRANDE,2022,01,30,18.4,18.8,7.8
109085,JACAS_GRANDE,2022,01,31,0.0,22.6,6.8
109085,JACAS_GRANDE,2022,02,01,0.0,20.4,7.0
109085,JACAS_GRANDE,2022,02,02,8.4,18.8,7.4
109085,JACAS_GRANDE,2022,02,03,0.0,21.2,6.8
109085,JACAS_GRANDE,2022,02,04,0.0,18.4,8.0
109085,JACAS_GRANDE,2022,02,05,5.0,20.4,8.8
109085,JACAS_GRANDE,2022,02,06,9.8,21.8,7.8
109085,JACAS_GRANDE,2022,02,07,12.4,19.2,8.2
109085,JACAS_GRANDE,2022,02,08,7.0,20.8,7.4
109085,JACAS_GRANDE,2022,02,09,3.9,22.8,7.8
109085,JACAS_GRANDE,2022,02,10,15.3,18.4,7.0
109085,JACAS_GRANDE,2022,02,11,12.3,17.8,8.0
109085,JACAS_GRANDE,2022,02,12,13.4,18.6,6.6
109085,JACAS_GRANDE,2022,02,13,13.8,22.2,7.8
109085,JACAS_GRANDE,2022,02,14,8.2,20.6,7.0
109085,JACAS_GRANDE,2022,02,15,17.5,18.6,8.8
109085,JACAS_GRANDE,2022,02,16,9.6,16.8,6.4
109085,JACAS_GRANDE,2022,02,17,18.0,18.6,7.2
109085,JACAS_GRANDE,2022,02,18,10.0,16.4,7.8
109085,JACAS_GRANDE,2022,02,19,10.0,20.4,6.2
109085,JACAS_GRANDE,2022,02,20,0.0,23.4,7.0
109085,JACAS_GRANDE,2022,02,21,12.1,21.6,6.8
109085,JACAS_GRANDE,2022,02,22,0.0,19.4,8.4
109085,JACAS_GRANDE,2022,02,23,0.0,23.2,8.8
109085,JACAS_GRANDE,2022,02,24,0.0,24.4,7.0
109085,JACAS_GRANDE,2022,02,25,0.0,24.4,6.4
109085,JACAS_GRANDE,2022,02,26,12.6,22.4,7.2
109085,JACAS_GRANDE,2022,02,27,10.0,19.6,6.4
109085,JACAS_GRANDE,2022,02,28,0.0,25.8,6.0
109085,JACAS_GRANDE,2022,04,01,0.9,17.2,4.0
109085,JACAS_GRANDE,2022,04,02,7.4,20.4,2.0
109085,JACAS_GRANDE,2022,04,03,8.2,22.2,3.8
109085,JACAS_GRANDE,2022,04,04,1.2,19.4,8.2
109085,JACAS_GRANDE,2022,04,05,2.4,20.2,7.4
109085,JACAS_GRANDE,2022,04,06,2.0,20.4,8.4
109085,JACAS_GRANDE,2022,04,07,0.0,20.4,7.2
109085,JACAS_GRANDE,2022,04,08,0.0,19.2,8.2
109085,JACAS_GRANDE,2022,04,09,7.5,20.4,8.2
109085,JACAS_GRANDE,2022,04,10,0.0,20.2,10.2
109085,JACAS_GRANDE,2022,04,11,0.0,20.4,10.8
109085,JACAS_GRANDE,2022,04,12,0.0,20.4,10.4
109085,JACAS_GRANDE,2022,04,13,3.8,21.2,11.2
109085,JACAS_GRANDE,2022,04,14,0.0,20.4,10.0
109085,JACAS_GRANDE,2022,04,15,0.0,20.4,9.2
109085,JACAS_GRANDE,2022,04,16,0.0,21.2,9.4
109085,JACAS_GRANDE,2022,04,17,0.0,21.4,5.2
109085,JACAS_GRANDE,2022,04,18,0.0,21.6,4.4
109085,JACAS_GRANDE,2022,04,19,0.0,23.4,9.2
109085,JACAS_GRANDE,2022,04,20,0.0,22.4,5.2
109085,JACAS_GRANDE,2022,04,21,0.0,23.2,8.2
109085,JACAS_GRANDE,2022,04,22,7.1,23.2,9.4
109085,JACAS_GRANDE,2022,04,23,4.7,23.4,6.4
109085,JACAS_GRANDE,2022,04,24,1.4,23.2,6.4
109085,JACAS_GRANDE,2022,04,25,0.0,17.4,7.2
109085,JACAS_GRANDE,2022,04,26,0.0,21.4,6.2
109085,JACAS_GRANDE,2022,04,27,8.8,22.2,8.2
109085,JACAS_GRANDE,2022,04,28,1.1,21.2,6.2
109085,JACAS_GRANDE,2022,04,29,0.0,22.0,5.2
109085,JACAS_GRANDE,2022,04,30,0.0,18.2,6.2
109085,JACAS_GRANDE,2022,05,01,7.0,20.2,5.4
109085,JACAS_GRANDE,2022,05,02,0.0,21.2,4.4
109085,JACAS_GRANDE,2022,05,03,0.0,21.2,4.4
109085,JACAS_GRANDE,2022,05,04,2.5,19.2,6.2
109085,JACAS_GRANDE,2022,05,05,0.0,18.4,-999
109085,JACAS_GRANDE,2022,05,06,0.0,23.2,-999
109085,JACAS_GRANDE,2022,05,07,0.0,21.2,-999
109085,JACAS_GRANDE,2022,05,08,0.0,21.4,4.4
109085,JACAS_GRANDE,2022,05,09,0.0,21.2,3.2
109085,JACAS_GRANDE,2022,05,10,10.1,20.2,4.4
109085,JACAS_GRANDE,2022,05,11,2.4,-999,4.2
109085,JACAS_GRANDE,2022,05,12,4.4,-999,3.2
109085,JACAS_GRANDE,2022,05,13,8.9,-999,2.4
109085,JACAS_GRANDE,2022,05,14,1.4,20.2,2.4
109085,JACAS_GRANDE,2022,05,15,1.4,20.2,2.2
109085,JACAS_GRANDE,2022,05,16,5.1,22.2,2.2
109085,JACAS_GRANDE,2022,05,17,0.0,23.3,2.4
109085,JACAS_GRANDE,2022,05,18,8.5,17.3,1.4
109085,JACAS_GRANDE,2022,05,19,0.0,21.4,5.4
109085,JACAS_GRANDE,2022,05,20,0.0,22.2,6.2
109085,JACAS_GRANDE,2022,05,21,0.0,20.3,1.4
109085,JACAS_GRANDE,2022,05,22,0.0,21.2,-999
109085,JACAS_GRANDE,2022,05,23,0.0,21.4,4.4
109085,JACAS_GRANDE,2022,05,24,0.0,21.3,4.2
109085,JACAS_GRANDE,2022,05,25,0.0,19.2,4.2
109085,JACAS_GRANDE,2022,05,26,2.2,22.3,5.4
109085,JACAS_GRANDE,2022,05,27,0.0,21.3,2.4
109085,JACAS_GRANDE,2022,05,28,5.4,15.4,2.1
109085,JACAS_GRANDE,2022,05,29,0.0,18.2,4.4
109085,JACAS_GRANDE,2022,05,30,0.0,19.2,4.2
109085,JACAS_GRANDE,2022,05,31,0.0,19.4,2.4
109085,JACAS_GRANDE,2022,06,01,1.4,20.3,3.4
109085,JACAS_GRANDE,2022,06,02,2.7,19.3,2.4
109085,JACAS_GRANDE,2022,06,03,2.3,19.2,6.2
109085,JACAS_GRANDE,2022,06,04,4.7,16.2,5.4
109085,JACAS_GRANDE,2022,06,05,0.0,22.3,5.3
109085,JACAS_GRANDE,2022,06,06,0.0,22.2,5.1
109085,JACAS_GRANDE,2022,06,07,0.0,21.4,5.2
109085,JACAS_GRANDE,2022,06,08,0.0,22.3,5.4
109085,JACAS_GRANDE,2022,06,09,0.0,21.4,4.2
109085,JACAS_GRANDE,2022,06,10,0.0,22.3,5.4
109085,JACAS_GRANDE,2022,06,11,0.0,22.4,3.2
109085,JACAS_GRANDE,2022,06,12,0.0,22.2,3.1
109085,JACAS_GRANDE,2022,06,13,0.0,22.1,1.1
109085,JACAS_GRANDE,2022,06,14,0.0,22.1,1.4
109085,JACAS_GRANDE,2022,06,15,0.0,20.1,2.2
109085,JACAS_GRANDE,2022,06,16,0.0,22.2,1.1
109085,JACAS_GRANDE,2022,06,17,0.0,22.4,2.1
109085,JACAS_GRANDE,2022,06,18,0.0,20.4,2.2
109085,JACAS_GRANDE,2022,06,19,0.0,21.1,3.2
109085,JACAS_GRANDE,2022,06,20,11.7,21.4,2.3
109085,JACAS_GRANDE,2022,06,21,0.0,21.3,2.1
109085,JACAS_GRANDE,2022,06,22,0.0,20.2,2.0
109085,JACAS_GRANDE,2022,06,23,0.0,20.3,3.1
109085,JACAS_GRANDE,2022,06,24,0.0,20.3,3.2
109085,JACAS_GRANDE,2022,06,25,0.0,18.2,3.2
109085,JACAS_GRANDE,2022,06,26,0.0,18.1,2.2
109085,JACAS_GRANDE,2022,06,27,0.0,21.4,2.3
109085,JACAS_GRANDE,2022,06,28,0.0,22.3,1.2
109085,JACAS_GRANDE,2022,06,29,0.0,21.3,1.0
109085,JACAS_GRANDE,2022,06,30,0.0,22.2,-999
109085,JACAS_GRANDE,2022,07,01,0.0,22.3,-999
109085,JACAS_GRANDE,2022,07,02,0.0,20.4,-999
109085,JACAS_GRANDE,2022,07,03,0.0,21.3,1.3
109085,JACAS_GRANDE,2022,07,04,0.0,21.1,1.2
109085,JACAS_GRANDE,2022,07,05,0.0,19.3,1.4
109085,JACAS_GRANDE,2022,07,06,0.0,19.2,1.2
109085,JACAS_GRANDE,2022,07,07,0.0,21.3,1.4
109085,JACAS_GRANDE,2022,07,08,0.0,21.2,1.3
109085,JACAS_GRANDE,2022,07,09,0.0,19.1,1.2
109085,JACAS_GRANDE,2022,07,10,0.0,21.4,1.2
109085,JACAS_GRANDE,2022,07,11,7.3,23.2,1.3
109085,JACAS_GRANDE,2022,07,12,0.6,23.1,2.3
109085,JACAS_GRANDE,2022,07,13,0.0,23.2,4.3
109085,JACAS_GRANDE,2022,07,14,0.0,22.4,2.3
109085,JACAS_GRANDE,2022,07,15,1.6,23.2,-999
109085,JACAS_GRANDE,2022,07,16,2.2,22.2,-999
109085,JACAS_GRANDE,2022,07,17,0.0,22.1,-999
109085,JACAS_GRANDE,2022,07,18,0.0,18.4,3.2
109085,JACAS_GRANDE,2022,07,19,0.0,19.3,4.3
109085,JACAS_GRANDE,2022,07,20,0.0,22.2,2.1
109085,JACAS_GRANDE,2022,07,21,0.0,22.4,1.2
109085,JACAS_GRANDE,2022,07,22,0.0,22.2,1.4
109085,JACAS_GRANDE,2022,07,23,0.0,23.1,1.4
109085,JACAS_GRANDE,2022,07,24,0.0,23.3,2.4
109085,JACAS_GRANDE,2022,07,25,4.1,23.2,2.4
109085,JACAS_GRANDE,2022,07,26,0.0,21.2,2.3
109085,JACAS_GRANDE,2022,07,27,0.6,20.4,3.2
109085,JACAS_GRANDE,2022,07,28,0.0,22.2,1.3
109085,JACAS_GRANDE,2022,07,29,0.0,22.1,1.1
109085,JACAS_GRANDE,2022,07,30,0.0,22.3,1.3
109085,JACAS_GRANDE,2022,07,31,0.0,23.0,1.2
109085,JACAS_GRANDE,2022,08,01,0.0,23.0,1.2
109085,JACAS_GRANDE,2022,08,02,0.0,22.0,2.3
109085,JACAS_GRANDE,2022,08,03,0.5,21.2,3.2
109085,JACAS_GRANDE,2022,08,04,1.2,22.3,2.1
109085,JACAS_GRANDE,2022,08,05,2.4,23.0,2.1
109085,JACAS_GRANDE,2022,08,06,0.0,22.4,4.2
109085,JACAS_GRANDE,2022,08,07,3.7,-999,2.2
109085,JACAS_GRANDE,2022,08,08,0.7,21.4,3.4
109085,JACAS_GRANDE,2022,08,09,0.6,20.4,5.2
109085,JACAS_GRANDE,2022,08,10,0.3,19.4,4.2
109085,JACAS_GRANDE,2022,08,11,0.0,22.2,4.4
109085,JACAS_GRANDE,2022,08,12,0.0,21.4,2.2
109085,JACAS_GRANDE,2022,08,13,0.0,21.2,3.2
109085,JACAS_GRANDE,2022,08,14,0.0,21.4,1.2
109085,JACAS_GRANDE,2022,08,15,0.0,-999,3.2
109085,JACAS_GRANDE,2022,08,16,0.0,22.3,5.2
109085,JACAS_GRANDE,2022,08,17,0.0,24.2,3.2
109085,JACAS_GRANDE,2022,08,18,0.3,25.0,4.2
109085,JACAS_GRANDE,2022,08,19,0.1,22.2,4.4
109085,JACAS_GRANDE,2022,08,20,0.0,23.4,5.2
109085,JACAS_GRANDE,2022,08,21,0.0,22.4,3.2
109085,JACAS_GRANDE,2022,08,22,0.0,21.2,3.3
109085,JACAS_GRANDE,2022,08,23,0.0,22.1,2.2
109085,JACAS_GRANDE,2022,08,24,0.0,22.2,-999
109085,JACAS_GRANDE,2022,08,25,0.0,22.2,-999
109085,JACAS_GRANDE,2022,08,26,0.0,22.4,-999
109085,JACAS_GRANDE,2022,08,27,0.0,22.0,-999
109085,JACAS_GRANDE,2022,08,28,0.1,-999,-999
109085,JACAS_GRANDE,2022,08,29,0.0,22.4,3.2
109085,JACAS_GRANDE,2022,08,30,0.0,-999,2.2
109085,JACAS_GRANDE,2022,08,31,0.0,22.2,2.2
109085,JACAS_GRANDE,2022,09,01,0.0,23.4,2.0
109085,JACAS_GRANDE,2022,09,02,0.0,22.4,1.0
109085,JACAS_GRANDE,2022,09,03,0.0,21.2,1.0
109085,JACAS_GRANDE,2022,09,04,0.0,21.3,2.2
109085,JACAS_GRANDE,2022,09,05,0.0,22.1,3.2
109085,JACAS_GRANDE,2022,09,06,0.0,21.4,3.2
109085,JACAS_GRANDE,2022,09,07,0.0,23.2,1.2
109085,JACAS_GRANDE,2022,09,08,0.0,23.2,2.4
109085,JACAS_GRANDE,2022,09,09,0.0,23.4,1.2
109085,JACAS_GRANDE,2022,09,10,0.0,22.3,4.2
109085,JACAS_GRANDE,2022,09,11,0.0,22.2,2.4
109085,JACAS_GRANDE,2022,09,12,0.0,23.2,4.2
109085,JACAS_GRANDE,2022,09,13,0.0,23.4,5.2
109085,JACAS_GRANDE,2022,09,14,0.0,-999,6.2
109085,JACAS_GRANDE,2022,09,15,0.0,21.1,7.0
109085,JACAS_GRANDE,2022,09,16,7.9,18.4,2.2
109085,JACAS_GRANDE,2022,09,17,9.1,22.2,3.4
109085,JACAS_GRANDE,2022,09,18,0.0,-999,3.2
109085,JACAS_GRANDE,2022,09,19,7.3,22.3,4.2
109085,JACAS_GRANDE,2022,09,20,2.2,21.4,3.4
109085,JACAS_GRANDE,2022,09,21,0.0,21.4,3.2
109085,JACAS_GRANDE,2022,09,22,0.0,22.3,4.2
109085,JACAS_GRANDE,2022,09,23,0.0,-999,4.2
109085,JACAS_GRANDE,2022,09,24,2.0,23.1,6.2
109085,JACAS_GRANDE,2022,09,25,6.3,20.0,5.2
109085,JACAS_GRANDE,2022,09,26,0.0,22.1,4.1
109085,JACAS_GRANDE,2022,09,27,0.0,25.0,4.4
109085,JACAS_GRANDE,2022,09,28,4.1,22.2,1.2
109085,JACAS_GRANDE,2022,09,29,4.9,23.1,2.1
109085,JACAS_GRANDE,2022,09,30,0.0,20.2,3.2
109085,JACAS_GRANDE,2022,10,01,2.9,18.2,4.2
109085,JACAS_GRANDE,2022,10,02,0.1,19.2,5.2
109085,JACAS_GRANDE,2022,10,03,0.0,22.3,1.3
109085,JACAS_GRANDE,2022,10,04,0.6,23.2,2.2
109085,JACAS_GRANDE,2022,10,05,1.7,23.2,3.2
109085,JACAS_GRANDE,2022,10,06,0.0,26.2,4.2
109085,JACAS_GRANDE,2022,10,07,3.4,24.4,2.2
109085,JACAS_GRANDE,2022,10,08,0.0,22.2,3.2
109085,JACAS_GRANDE,2022,10,09,0.0,22.2,3.4
109085,JACAS_GRANDE,2022,10,10,0.0,21.2,1.2
109085,JACAS_GRANDE,2022,10,11,0.0,20.2,2.2
109085,JACAS_GRANDE,2022,10,12,0.0,27.2,1.2
109085,JACAS_GRANDE,2022,10,13,0.0,25.2,4.2
109085,JACAS_GRANDE,2022,10,14,0.2,22.2,5.2
109085,JACAS_GRANDE,2022,10,15,4.5,21.4,2.0
109085,JACAS_GRANDE,2022,10,16,0.7,21.4,3.2
109085,JACAS_GRANDE,2022,10,17,4.2,23.2,4.2
109085,JACAS_GRANDE,2022,10,18,0.0,22.2,0.2
109085,JACAS_GRANDE,2022,10,19,0.0,24.2,1.2
109085,JACAS_GRANDE,2022,10,20,0.0,23.2,3.2
109085,JACAS_GRANDE,2022,10,21,0.0,24.2,4.2
109085,JACAS_GRANDE,2022,10,22,4.0,25.2,0.2
109085,JACAS_GRANDE,2022,10,23,2.6,22.4,1.4
109085,JACAS_GRANDE,2022,10,24,3.2,20.4,2.2
109085,JACAS_GRANDE,2022,10,25,0.0,22.2,3.2
109085,JACAS_GRANDE,2022,10,26,1.3,27.2,1.2
109085,JACAS_GRANDE,2022,10,27,0.0,26.4,2.2
109085,JACAS_GRANDE,2022,10,28,0.0,24.2,3.2
109085,JACAS_GRANDE,2022,10,29,1.2,26.2,2.4
109085,JACAS_GRANDE,2022,10,30,3.5,25.2,1.2
109085,JACAS_GRANDE,2022,10,31,0.0,24.2,2.2
109085,JACAS_GRANDE,2022,11,01,14.2,20.4,2.2
109085,JACAS_GRANDE,2022,11,02,0.0,23.2,1.2
109085,JACAS_GRANDE,2022,11,03,0.0,26.2,2.2
109085,JACAS_GRANDE,2022,11,04,0.0,25.2,1.2
109085,JACAS_GRANDE,2022,11,05,0.0,26.4,0.2
109085,JACAS_GRANDE,2022,11,06,0.0,25.2,1.2
109085,JACAS_GRANDE,2022,11,07,0.0,23.2,2.2
109085,JACAS_GRANDE,2022,11,08,0.0,24.2,0.2
109085,JACAS_GRANDE,2022,11,09,9.7,22.4,1.2
109085,JACAS_GRANDE,2022,11,10,0.0,21.2,2.2
109085,JACAS_GRANDE,2022,11,11,0.0,25.4,4.2
109085,JACAS_GRANDE,2022,11,12,0.0,26.2,1.2
109085,JACAS_GRANDE,2022,11,13,0.0,27.2,2.2
109085,JACAS_GRANDE,2022,11,14,2.7,22.2,1.2
109085,JACAS_GRANDE,2022,11,15,2.2,21.4,1.2
109085,JACAS_GRANDE,2022,11,16,5.7,19.2,2.2
109085,JACAS_GRANDE,2022,11,17,1.1,17.2,4.2
109085,JACAS_GRANDE,2022,11,18,0.0,22.4,1.2
109085,JACAS_GRANDE,2022,11,19,0.0,25.2,0.2
109085,JACAS_GRANDE,2022,11,20,0.0,26.2,1.2
109085,JACAS_GRANDE,2022,11,21,3.7,22.4,2.4
109085,JACAS_GRANDE,2022,11,22,0.0,22.4,2.2
109085,JACAS_GRANDE,2022,11,23,0.0,23.2,3.2
109085,JACAS_GRANDE,2022,11,24,1.4,22.2,4.2
109085,JACAS_GRANDE,2022,11,25,0.0,22.2,3.2
109085,JACAS_GRANDE,2022,11,26,0.0,24.2,0.2
109085,JACAS_GRANDE,2022,11,27,0.0,21.2,1.2
109085,JACAS_GRANDE,2022,11,28,0.0,23.2,2.2
109085,JACAS_GRANDE,2022,11,29,3.0,23.2,3.2
109085,JACAS_GRANDE,2022,11,30,0.0,26.2,1.2
109085,JACAS_GRANDE,2022,12,01,4.0,27.2,2.2
109085,JACAS_GRANDE,2022,12,02,0.0,24.2,1.2
109085,JACAS_GRANDE,2022,12,03,0.0,24.4,0.1
109085,JACAS_GRANDE,2022,12,04,0.0,24.2,0.1
109085,JACAS_GRANDE,2022,12,05,7.0,21.2,2.2
109085,JACAS_GRANDE,2022,12,06,0.0,21.2,1.2
109085,JACAS_GRANDE,2022,12,07,0.6,22.2,3.2
109085,JACAS_GRANDE,2022,12,08,0.0,23.2,2.4
109085,JACAS_GRANDE,2022,12,09,8.0,19.2,4.2
109085,JACAS_GRANDE,2022,12,10,6.6,17.2,3.2
109085,JACAS_GRANDE,2022,12,11,0.0,22.4,2.2
109085,JACAS_GRANDE,2022,12,12,14.0,20.2,3.2
109085,JACAS_GRANDE,2022,12,13,0.0,17.2,4.2
109085,JACAS_GRANDE,2022,12,14,0.0,22.2,3.2
109085,JACAS_GRANDE,2022,12,15,5.0,22.4,1.2
109085,JACAS_GRANDE,2022,12,16,2.9,19.2,3.2
109085,JACAS_GRANDE,2022,12,17,3.9,17.2,1.2
109085,JACAS_GRANDE,2022,12,18,2.1,21.2,2.4
109085,JACAS_GRANDE,2022,12,19,3.7,22.2,4.2
109085,JACAS_GRANDE,2022,12,20,0.0,20.2,4.2
109085,JACAS_GRANDE,2022,12,21,5.2,18.2,3.2
109085,JACAS_GRANDE,2022,12,22,1.4,22.2,3.2
109085,JACAS_GRANDE,2022,12,23,2.2,23.2,2.2
109085,JACAS_GRANDE,2022,12,24,0.0,23.2,1.2
109085,JACAS_GRANDE,2022,12,25,5.0,21.4,0.2
109085,JACAS_GRANDE,2022,12,26,2.5,16.2,0.2
109085,JACAS_GRANDE,2022,12,27,3.5,19.2,3.2
109085,JACAS_GRANDE,2022,12,28,0.0,23.0,3.2
109085,JACAS_GRANDE,2022,12,29,0.0,22.2,2.2
109085,JACAS_GRANDE,2022,12,30,9.2,17.2,2.2
109085,JACAS_GRANDE,2022,12,31,3.5,16.2,1.2
109085,JACAS_GRANDE,2023,01,01,10.2,14.2,2.2
109085,JACAS_GRANDE,2023,01,02,9.9,15.2,1.2
109085,JACAS_GRANDE,2023,01,03,1.2,19.2,2.2
109085,JACAS_GRANDE,2023,01,04,0.1,18.3,3.2
109085,JACAS_GRANDE,2023,01,05,6.1,17.0,2.2
109085,JACAS_GRANDE,2023,01,06,13.9,15.2,4.2
109085,JACAS_GRANDE,2023,01,07,0.0,18.1,3.2
109085,JACAS_GRANDE,2023,01,08,0.0,21.2,3.2
109085,JACAS_GRANDE,2023,01,09,4.3,22.3,2.3
109085,JACAS_GRANDE,2023,01,10,9.2,20.2,1.2
109085,JACAS_GRANDE,2023,01,11,5.2,20.2,2.2
109085,JACAS_GRANDE,2023,01,12,3.2,20.4,3.4
109085,JACAS_GRANDE,2023,01,13,0.0,22.2,3.3
109085,JACAS_GRANDE,2023,01,14,0.0,21.2,3.2
109085,JACAS_GRANDE,2023,01,15,0.0,15.2,3.1
109085,JACAS_GRANDE,2023,01,16,0.0,18.4,3.2
109085,JACAS_GRANDE,2023,01,17,0.4,19.2,3.3
109085,JACAS_GRANDE,2023,01,18,6.6,19.2,-999
109085,JACAS_GRANDE,2023,01,19,5.1,17.3,-999
109085,JACAS_GRANDE,2023,01,20,3.3,14.2,-999
109085,JACAS_GRANDE,2023,01,21,1.3,17.2,-999
109085,JACAS_GRANDE,2023,01,22,8.2,20.2,3.1
109085,JACAS_GRANDE,2023,01,23,0.0,18.2,3.2
109085,JACAS_GRANDE,2023,01,24,0.0,21.2,3.3
109085,JACAS_GRANDE,2023,01,25,0.0,20.2,3.1
109085,JACAS_GRANDE,2023,01,26,5.3,19.2,3.2
109085,JACAS_GRANDE,2023,01,27,2.2,21.3,3.3
109085,JACAS_GRANDE,2023,01,28,4.3,19.2,3.2
109085,JACAS_GRANDE,2023,01,29,0.0,21.3,3.2
109085,JACAS_GRANDE,2023,01,30,0.0,20.3,3.3
109085,JACAS_GRANDE,2023,01,31,7.4,22.1,-999
109085,JACAS_GRANDE,2023,02,01,3.3,22.1,-999
109085,JACAS_GRANDE,2023,02,02,1.4,21.2,-999
109085,JACAS_GRANDE,2023,02,03,3.6,17.2,-999
109085,JACAS_GRANDE,2023,02,04,0.0,18.2,-999
109085,JACAS_GRANDE,2023,02,05,0.0,19.2,3.3
109085,JACAS_GRANDE,2023,02,06,0.0,19.2,3.1
109085,JACAS_GRANDE,2023,02,07,1.2,20.3,3.2
109085,JACAS_GRANDE,2023,02,08,0.0,22.2,3.1
109085,JACAS_GRANDE,2023,02,09,9.2,20.2,2.1
109085,JACAS_GRANDE,2023,02,10,3.4,17.2,3.2
109085,JACAS_GRANDE,2023,02,11,2.5,-999,3.1
109085,JACAS_GRANDE,2023,02,12,3.2,-999,3.2
109085,JACAS_GRANDE,2023,02,13,2.2,-999,2.2
109085,JACAS_GRANDE,2023,02,14,22.4,17.2,3.1
109085,JACAS_GRANDE,2023,02,15,1.2,16.3,2.2
109085,JACAS_GRANDE,2023,02,16,0.1,19.2,2.2
109085,JACAS_GRANDE,2023,02,17,18.2,20.2,2.1
109085,JACAS_GRANDE,2023,02,18,3.4,21.2,2.2
109085,JACAS_GRANDE,2023,02,19,6.1,16.2,2.1
109085,JACAS_GRANDE,2023,02,20,10.1,18.2,2.2
109085,JACAS_GRANDE,2023,02,21,0.0,19.3,2.2
109085,JACAS_GRANDE,2023,02,22,0.0,20.2,3.3
109085,JACAS_GRANDE,2023,02,23,3.2,19.2,3.3
109085,JACAS_GRANDE,2023,02,24,3.2,21.2,2.2
109085,JACAS_GRANDE,2023,02,25,0.0,19.2,2.2
109085,JACAS_GRANDE,2023,02,26,7.2,19.3,2.1
109085,JACAS_GRANDE,2023,02,27,3.6,16.2,2.2
109085,JACAS_GRANDE,2023,02,28,0.0,17.3,3.2
109085,JACAS_GRANDE,2023,03,01,3.3,15.2,2.2
109085,JACAS_GRANDE,2023,03,02,1.2,21.2,2.1
109085,JACAS_GRANDE,2023,03,03,6.4,14.2,3.2
109085,JACAS_GRANDE,2023,03,04,6.3,20.2,3.3
109085,JACAS_GRANDE,2023,03,05,1.2,18.3,2.2
109085,JACAS_GRANDE,2023,03,06,0.0,16.2,2.1
109085,JACAS_GRANDE,2023,03,07,11.3,20.2,2.2
109085,JACAS_GRANDE,2023,03,08,3.2,18.2,2.1
109085,JACAS_GRANDE,2023,03,09,6.5,18.2,2.2
109085,JACAS_GRANDE,2023,03,10,2.2,12.2,2.1
109085,JACAS_GRANDE,2023,03,11,3.2,18.2,-999
109085,JACAS_GRANDE,2023,03,12,3.2,15.2,2.1
109085,JACAS_GRANDE,2023,03,13,0.0,19.2,3.1
109085,JACAS_GRANDE,2023,03,14,13.6,16.2,2.2
109085,JACAS_GRANDE,2023,03,15,6.5,17.2,2.1
109085,JACAS_GRANDE,2023,03,16,6.8,18.2,2.2
109085,JACAS_GRANDE,2023,03,17,0.0,19.2,3.2
109085,JACAS_GRANDE,2023,03,18,8.2,19.2,3.2
109085,JACAS_GRANDE,2023,03,19,3.2,17.2,3.3
109085,JACAS_GRANDE,2023,03,20,10.1,21.2,2.1
109085,JACAS_GRANDE,2023,03,21,0.0,20.2,3.2
109085,JACAS_GRANDE,2023,03,22,3.2,20.2,2.2
109085,JACAS_GRANDE,2023,03,23,3.2,19.2,3.1
109085,JACAS_GRANDE,2023,03,24,0.0,18.2,3.2
109085,JACAS_GRANDE,2023,03,25,7.2,17.2,3.3
109085,JACAS_GRANDE,2023,03,26,2.6,20.2,2.2
109085,JACAS_GRANDE,2023,03,27,2.3,18.2,2.1
109085,JACAS_GRANDE,2023,03,28,0.0,18.2,2.2
109085,JACAS_GRANDE,2023,03,29,2.3,17.2,2.1
109085,JACAS_GRANDE,2023,03,30,3.1,15.2,2.2
109085,JACAS_GRANDE,2023,03,31,0.0,14.2,2.1
109085,JACAS_GRANDE,2023,07,01,0.0,20.1,5.0
109085,JACAS_GRANDE,2023,07,02,0.0,18.0,6.0
109085,JACAS_GRANDE,2023,07,03,0.0,21.6,5.0
109085,JACAS_GRANDE,2023,07,04,0.0,19.2,4.0
109085,JACAS_GRANDE,2023,07,05,0.0,23.1,3.0
109085,JACAS_GRANDE,2023,07,06,0.0,20.5,2.0
109085,JACAS_GRANDE,2023,07,07,0.0,22.5,2.5
109085,JACAS_GRANDE,2023,07,08,0.0,23.2,3.2
109085,JACAS_GRANDE,2023,07,09,0.0,20.2,3.4
109085,JACAS_GRANDE,2023,07,10,0.0,21.8,3.2
109085,JACAS_GRANDE,2023,07,11,0.0,23.2,4.2
109085,JACAS_GRANDE,2023,07,12,0.0,23.2,4.2
109085,JACAS_GRANDE,2023,07,13,0.0,22.2,2.8
109085,JACAS_GRANDE,2023,07,14,0.0,23.2,2.4
109085,JACAS_GRANDE,2023,07,15,0.0,20.2,3.2
109085,JACAS_GRANDE,2023,07,16,0.0,20.2,4.2
109085,JACAS_GRANDE,2023,07,17,0.0,19.0,3.9
109085,JACAS_GRANDE,2023,07,18,0.0,20.2,3.2
109085,JACAS_GRANDE,2023,07,19,0.0,18.2,4.2
109085,JACAS_GRANDE,2023,07,20,0.0,18.4,7.2
109085,JACAS_GRANDE,2023,07,21,0.0,21.8,3.4
109085,JACAS_GRANDE,2023,07,22,0.0,20.0,4.0
109085,JACAS_GRANDE,2023,07,23,0.0,21.8,2.9
109085,JACAS_GRANDE,2023,07,24,0.0,21.2,2.2
109085,JACAS_GRANDE,2023,07,25,0.0,20.2,3.2
109085,JACAS_GRANDE,2023,07,26,0.0,23.2,2.8
109085,JACAS_GRANDE,2023,07,27,0.0,20.2,2.8
109085,JACAS_GRANDE,2023,07,28,0.0,21.2,2.2
109085,JACAS_GRANDE,2023,07,29,0.0,20.4,3.2
109085,JACAS_GRANDE,2023,07,30,0.0,19.8,2.8
109085,JACAS_GRANDE,2023,07,31,0.0,18.0,3.2
109085,JACAS_GRANDE,2023,08,01,0.0,18.2,4.2
109085,JACAS_GRANDE,2023,08,02,0.0,23.6,2.9
109085,JACAS_GRANDE,2023,08,03,0.0,21.2,-999
109085,JACAS_GRANDE,2023,08,04,0.0,21.2,2.9
109085,JACAS_GRANDE,2023,08,05,0.0,23.2,3.9
109085,JACAS_GRANDE,2023,08,06,0.0,22.2,1.2
109085,JACAS_GRANDE,2023,08,07,0.0,23.2,2.2
109085,JACAS_GRANDE,2023,08,08,0.0,21.2,4.2
109085,JACAS_GRANDE,2023,08,09,0.0,20.2,3.6
109085,JACAS_GRANDE,2023,08,10,0.0,23.4,2.4
109085,JACAS_GRANDE,2023,08,11,0.0,23.6,5.2
109085,JACAS_GRANDE,2023,08,12,0.0,20.2,2.2
109085,JACAS_GRANDE,2023,08,13,0.0,23.9,3.2
109085,JACAS_GRANDE,2023,08,14,0.6,19.2,6.2
109085,JACAS_GRANDE,2023,08,15,0.5,18.2,6.2
109085,JACAS_GRANDE,2023,08,16,0.0,18.2,5.2
109085,JACAS_GRANDE,2023,08,17,0.0,26.2,4.2
109085,JACAS_GRANDE,2023,08,18,0.0,19.6,4.2
109085,JACAS_GRANDE,2023,08,19,0.0,20.2,3.2
109085,JACAS_GRANDE,2023,08,20,0.0,22.1,4.1
109085,JACAS_GRANDE,2023,08,21,0.0,23.4,2.2
109085,JACAS_GRANDE,2023,08,22,0.0,23.8,4.2
109085,JACAS_GRANDE,2023,08,23,0.0,20.4,7.2
109085,JACAS_GRANDE,2023,08,24,0.0,22.2,3.2
109085,JACAS_GRANDE,2023,08,25,0.0,18.8,6.2
109085,JACAS_GRANDE,2023,08,26,0.0,23.2,4.1
109085,JACAS_GRANDE,2023,08,27,0.0,21.2,2.2
109085,JACAS_GRANDE,2023,08,28,0.0,18.2,6.2
109085,JACAS_GRANDE,2023,08,29,0.0,24.0,3.9
109085,JACAS_GRANDE,2023,08,30,0.0,22.0,5.2
109085,JACAS_GRANDE,2023,08,31,0.0,21.8,3.4
109085,JACAS_GRANDE,2023,09,01,0.0,20.1,4.2
109085,JACAS_GRANDE,2023,09,02,0.0,18.0,5.0
109085,JACAS_GRANDE,2023,09,03,0.3,21.8,3.0
109085,JACAS_GRANDE,2023,09,04,0.9,20.1,6.2
109085,JACAS_GRANDE,2023,09,05,0.6,21.8,6.0
109085,JACAS_GRANDE,2023,09,06,10.2,19.2,4.2
109085,JACAS_GRANDE,2023,09,07,0.2,19.4,7.9
109085,JACAS_GRANDE,2023,09,08,0.0,19.9,3.9
109085,JACAS_GRANDE,2023,09,09,0.0,20.0,3.1
109085,JACAS_GRANDE,2023,09,10,0.0,22.0,2.9
109085,JACAS_GRANDE,2023,09,11,0.0,19.4,3.6
109085,JACAS_GRANDE,2023,09,12,0.0,22.8,2.9
109085,JACAS_GRANDE,2023,09,13,0.0,22.2,3.0
109085,JACAS_GRANDE,2023,09,14,0.0,20.1,3.0
109085,JACAS_GRANDE,2023,09,15,0.0,20.9,2.3
109085,JACAS_GRANDE,2023,09,16,0.0,21.2,4.0
109085,JACAS_GRANDE,2023,09,17,0.0,22.1,5.0
109085,JACAS_GRANDE,2023,09,18,0.0,23.4,3.0
109085,JACAS_GRANDE,2023,09,19,0.1,20.1,4.0
109085,JACAS_GRANDE,2023,09,20,0.5,19.2,3.6
109085,JACAS_GRANDE,2023,09,21,0.1,17.2,4.0
109085,JACAS_GRANDE,2023,09,22,0.0,17.4,3.0
109085,JACAS_GRANDE,2023,09,23,0.2,19.4,2.1
109085,JACAS_GRANDE,2023,09,24,0.3,18.4,3.2
109085,JACAS_GRANDE,2023,09,25,0.0,23.0,4.0
109085,JACAS_GRANDE,2023,09,26,0.0,22.2,3.2
109085,JACAS_GRANDE,2023,09,27,0.0,20.2,4.0
109085,JACAS_GRANDE,2023,09,28,0.0,20.0,3.2
109085,JACAS_GRANDE,2023,09,29,0.0,20.0,5.0
109085,JACAS_GRANDE,2023,09,30,-999,19.0,4.0
109085,JACAS_GRANDE,2023,10,01,2.9,18.0,4.2
109085,JACAS_GRANDE,2023,10,02,0.1,19.2,3.2
109085,JACAS_GRANDE,2023,10,03,0.0,22.2,1.3
109085,JACAS_GRANDE,2023,10,04,0.0,23.2,2.2
109085,JACAS_GRANDE,2023,10,05,0.0,23.2,1.2
109085,JACAS_GRANDE,2023,10,06,0.0,26.2,2.2
109085,JACAS_GRANDE,2023,10,07,0.0,25.2,3.2
109085,JACAS_GRANDE,2023,10,08,0.8,23.2,2.2
109085,JACAS_GRANDE,2023,10,09,10.3,18.4,3.2
109085,JACAS_GRANDE,2023,10,10,1.8,19.2,2.2
109085,JACAS_GRANDE,2023,10,11,0.0,23.4,2.2
109085,JACAS_GRANDE,2023,10,12,2.6,20.0,1.2
109085,JACAS_GRANDE,2023,10,13,4.2,20.4,2.2
109085,JACAS_GRANDE,2023,10,14,1.5,20.0,2.2
109085,JACAS_GRANDE,2023,10,15,1.4,16.2,1.2
109085,JACAS_GRANDE,2023,10,16,0.0,22.2,2.2
109085,JACAS_GRANDE,2023,10,17,2.4,21.2,1.2
109085,JACAS_GRANDE,2023,10,18,1.2,20.2,2.4
109085,JACAS_GRANDE,2023,10,19,3.0,21.0,3.2
109085,JACAS_GRANDE,2023,10,20,6.7,22.0,2.2
109085,JACAS_GRANDE,2023,10,21,0.0,21.4,3.2
109085,JACAS_GRANDE,2023,10,22,0.0,22.2,2.2
109085,JACAS_GRANDE,2023,10,23,0.0,20.0,3.4
109085,JACAS_GRANDE,2023,10,24,1.8,22.4,2.1
109085,JACAS_GRANDE,2023,10,25,3.1,22.0,2.0
109085,JACAS_GRANDE,2023,10,26,4.7,21.0,2.2
109085,JACAS_GRANDE,2023,10,27,2.4,22.4,3.2
109085,JACAS_GRANDE,2023,10,28,0.0,22.2,3.2
109085,JACAS_GRANDE,2023,10,29,9.9,25.2,4.2
109085,JACAS_GRANDE,2023,10,30,0.2,26.0,1.2
109085,JACAS_GRANDE,2023,10,31,0.0,25.4,3.2
109085,JACAS_GRANDE,2023,11,01,0.0,26.0,2.2
109085,JACAS_GRANDE,2023,11,02,2.6,26.0,1.2
109085,JACAS_GRANDE,2023,11,03,1.6,21.0,3.4
109085,JACAS_GRANDE,2023,11,04,4.3,20.2,4.2
109085,JACAS_GRANDE,2023,11,05,5.3,18.0,3.2
109085,JACAS_GRANDE,2023,11,06,4.2,19.2,4.2
109085,JACAS_GRANDE,2023,11,07,1.2,21.4,3.1
109085,JACAS_GRANDE,2023,11,08,0.0,21.2,1.2
109085,JACAS_GRANDE,2023,11,09,1.6,18.0,2.2
109085,JACAS_GRANDE,2023,11,10,0.2,24.2,1.2
109085,JACAS_GRANDE,2023,11,11,5.0,25.0,4.2
109085,JACAS_GRANDE,2023,11,12,2.3,23.0,1.2
109085,JACAS_GRANDE,2023,11,13,0.0,20.4,4.2
109085,JACAS_GRANDE,2023,11,14,2.3,23.0,2.2
109085,JACAS_GRANDE,2023,11,15,5.4,21.4,4.2
109085,JACAS_GRANDE,2023,11,16,4.8,20.2,3.2
109085,JACAS_GRANDE,2023,11,17,0.2,23.0,4.2
109085,JACAS_GRANDE,2023,11,18,2.5,23.2,2.2
109085,JACAS_GRANDE,2023,11,19,10.0,25.0,3.1
109085,JACAS_GRANDE,2023,11,20,8.4,22.0,2.2
109085,JACAS_GRANDE,2023,11,21,0.0,20.0,3.2
109085,JACAS_GRANDE,2023,11,22,0.0,22.4,2.2
109085,JACAS_GRANDE,2023,11,23,1.3,16.2,3.1
109085,JACAS_GRANDE,2023,11,24,6.0,21.0,1.2
109085,JACAS_GRANDE,2023,11,25,1.4,20.4,2.2
109085,JACAS_GRANDE,2023,11,26,0.1,17.2,3.2
109085,JACAS_GRANDE,2023,11,27,0.0,21.4,4.2
109085,JACAS_GRANDE,2023,11,28,4.2,23.0,2.0
109085,JACAS_GRANDE,2023,11,29,0.2,22.4,3.2
109085,JACAS_GRANDE,2023,11,30,1.6,18.0,4.2
109085,JACAS_GRANDE,2023,12,01,1.7,18.4,2.4
109085,JACAS_GRANDE,2023,12,02,13.2,22.0,4.2
109085,JACAS_GRANDE,2023,12,03,1.5,24.0,0.2
109085,JACAS_GRANDE,2023,12,04,0.0,23.4,2.2
109085,JACAS_GRANDE,2023,12,05,1.3,17.2,4.2
109085,JACAS_GRANDE,2023,12,06,1.5,18.2,2.4
109085,JACAS_GRANDE,2023,12,07,0.0,21.0,4.2
109085,JACAS_GRANDE,2023,12,08,3.9,21.2,1.2
109085,JACAS_GRANDE,2023,12,09,7.4,20.0,3.2
109085,JACAS_GRANDE,2023,12,10,3.0,18.4,4.2
109085,JACAS_GRANDE,2023,12,11,0.0,24.2,0.2
109085,JACAS_GRANDE,2023,12,12,5.1,21.4,4.2
109085,JACAS_GRANDE,2023,12,13,0.0,25.2,3.2
109085,JACAS_GRANDE,2023,12,14,8.1,17.2,2.2
109085,JACAS_GRANDE,2023,12,15,3.8,21.2,4.2
109085,JACAS_GRANDE,2023,12,16,2.1,18.2,2.2
109085,JACAS_GRANDE,2023,12,17,16.2,21.0,3.2
109085,JACAS_GRANDE,2023,12,18,0.0,23.4,1.2
109085,JACAS_GRANDE,2023,12,19,0.0,23.0,3.2
109085,JACAS_GRANDE,2023,12,20,6.3,16.2,4.2
109085,JACAS_GRANDE,2023,12,21,13.2,22.2,3.1
109085,JACAS_GRANDE,2023,12,22,1.7,18.2,2.2
109085,JACAS_GRANDE,2023,12,23,6.3,17.2,0.2
109085,JACAS_GRANDE,2023,12,24,7.2,23.0,3.2
109085,JACAS_GRANDE,2023,12,25,0.0,18.2,4.2
109085,JACAS_GRANDE,2023,12,26,10.5,17.2,1.2
109085,JACAS_GRANDE,2023,12,27,8.3,12.0,2.2
109085,JACAS_GRANDE,2023,12,28,19.8,14.2,0.2
109085,JACAS_GRANDE,2023,12,29,17.2,21.2,3.2
109085,JACAS_GRANDE,2023,12,30,13.2,20.4,4.2
109085,JACAS_GRANDE,2023,12,31,0.5,17.2,3.2
109085,JACAS_GRANDE,2024,01,01,39.5,18.8,7.0
109085,JACAS_GRANDE,2024,01,02,3.7,16.6,7.0
109085,JACAS_GRANDE,2024,01,03,13.6,20.4,8.0
109085,JACAS_GRANDE,2024,01,04,0.0,19.8,8.0
109085,JACAS_GRANDE,2024,01,05,11.2,24.2,5.4
109085,JACAS_GRANDE,2024,01,06,4.1,18.8,-999
109085,JACAS_GRANDE,2024,01,07,2.3,17.8,-999
109085,JACAS_GRANDE,2024,01,08,1.5,17.8,-999
109085,JACAS_GRANDE,2024,01,09,0.1,22.6,-999
109085,JACAS_GRANDE,2024,01,10,6.5,18.4,7.2
109085,JACAS_GRANDE,2024,01,11,0.0,22.0,6.0
109085,JACAS_GRANDE,2024,01,12,3.0,15.6,8.0
109085,JACAS_GRANDE,2024,01,13,15.5,21.0,7.1
109085,JACAS_GRANDE,2024,01,14,1.6,18.4,9.0
109085,JACAS_GRANDE,2024,01,15,2.0,21.2,8.0
109085,JACAS_GRANDE,2024,01,16,2.5,20.6,9.0
109085,JACAS_GRANDE,2024,01,17,29.5,20.0,9.0
109085,JACAS_GRANDE,2024,01,18,4.8,21.4,7.0
109085,JACAS_GRANDE,2024,01,19,3.2,19.4,9.0
109085,JACAS_GRANDE,2024,01,20,6.6,16.6,9.2
109085,JACAS_GRANDE,2024,01,21,4.7,18.8,8.0
109085,JACAS_GRANDE,2024,01,22,1.3,20.0,8.0
109085,JACAS_GRANDE,2024,01,23,0.0,21.6,8.2
109085,JACAS_GRANDE,2024,01,24,3.3,22.0,9.0
109085,JACAS_GRANDE,2024,01,25,1.8,22.8,9.0
109085,JACAS_GRANDE,2024,01,26,6.6,24.2,8.0
109085,JACAS_GRANDE,2024,01,27,4.0,24.0,9.2
109085,JACAS_GRANDE,2024,01,28,7.0,20.0,7.0
109085,JACAS_GRANDE,2024,01,29,7.6,22.0,7.0
109085,JACAS_GRANDE,2024,01,30,0.0,22.6,8.0
109085,JACAS_GRANDE,2024,01,31,9.9,23.4,9.0
109085,JACAS_GRANDE,2024,02,01,12.5,23.2,7.0
109085,JACAS_GRANDE,2024,02,02,9.0,19.4,7.2
109085,JACAS_GRANDE,2024,02,03,0.5,19.6,6.0
109085,JACAS_GRANDE,2024,02,04,5.0,17.6,7.0
109085,JACAS_GRANDE,2024,02,05,0.0,21.2,-999
109085,JACAS_GRANDE,2024,02,06,1.4,21.8,-999
109085,JACAS_GRANDE,2024,02,07,3.4,16.0,6.0
109085,JACAS_GRANDE,2024,02,08,6.9,19.6,7.0
109085,JACAS_GRANDE,2024,02,09,7.2,19.8,7.0
109085,JACAS_GRANDE,2024,02,10,0.0,21.0,7.6
109085,JACAS_GRANDE,2024,02,11,5.4,23.2,6.0
109085,JACAS_GRANDE,2024,02,12,3.1,20.6,6.0
109085,JACAS_GRANDE,2024,02,13,6.8,20.4,7.6
109085,JACAS_GRANDE,2024,02,14,6.2,17.0,7.0
109085,JACAS_GRANDE,2024,02,15,29.7,20.6,9.0
109085,JACAS_GRANDE,2024,02,16,2.5,21.4,6.0
109085,JACAS_GRANDE,2024,02,17,1.6,18.8,7.2
109085,JACAS_GRANDE,2024,02,18,0.0,22.6,6.0
109085,JACAS_GRANDE,2024,02,19,0.1,23.6,8.0
109085,JACAS_GRANDE,2024,02,20,0.0,25.0,8.0
109085,JACAS_GRANDE,2024,02,21,0.1,24.2,6.0
109085,JACAS_GRANDE,2024,02,22,0.0,24.2,5.0
109085,JACAS_GRANDE,2024,02,23,14.4,22.8,9.0
109085,JACAS_GRANDE,2024,02,24,1.4,22.6,9.0
109085,JACAS_GRANDE,2024,02,25,3.0,-999,8.0
109085,JACAS_GRANDE,2024,02,26,2.3,17.8,6.2
109085,JACAS_GRANDE,2024,02,27,2.3,22.8,5.4
109085,JACAS_GRANDE,2024,02,28,21.8,18.4,7.0
109085,JACAS_GRANDE,2024,02,29,29.0,20.8,7.4
109085,JACAS_GRANDE,2024,03,01,2.5,18.0,6.6
109085,JACAS_GRANDE,2024,03,02,4.5,20.4,7.0
109085,JACAS_GRANDE,2024,03,03,7.8,22.4,7.6
109085,JACAS_GRANDE,2024,03,04,2.5,19.4,6.0
109085,JACAS_GRANDE,2024,03,05,0.0,21.4,7.2
109085,JACAS_GRANDE,2024,03,06,16.3,22.4,5.0
109085,JACAS_GRANDE,2024,03,07,0.0,22.4,5.4
109085,JACAS_GRANDE,2024,03,08,3.4,17.4,7.2
109085,JACAS_GRANDE,2024,03,09,0.5,21.4,6.0
109085,JACAS_GRANDE,2024,03,10,5.2,17.8,6.8
109085,JACAS_GRANDE,2024,03,11,1.0,19.6,6.4
109085,JACAS_GRANDE,2024,03,12,0.2,19.8,6.0
109085,JACAS_GRANDE,2024,03,13,3.6,22.8,7.0
109085,JACAS_GRANDE,2024,03,14,0.6,20.8,6.0
109085,JACAS_GRANDE,2024,03,15,4.6,21.0,7.0
109085,JACAS_GRANDE,2024,03,16,2.8,22.6,8.0
109085,JACAS_GRANDE,2024,03,17,0.8,18.8,5.0
109085,JACAS_GRANDE,2024,03,18,0.6,18.6,5.0
109085,JACAS_GRANDE,2024,03,19,2.6,17.0,7.8
109085,JACAS_GRANDE,2024,03,20,0.0,19.0,6.0
109085,JACAS_GRANDE,2024,03,21,22.0,20.0,6.2
109085,JACAS_GRANDE,2024,03,22,33.7,22.2,6.8
109085,JACAS_GRANDE,2024,03,23,3.7,17.2,7.0
109085,JACAS_GRANDE,2024,03,24,10.8,19.2,7.0
109085,JACAS_GRANDE,2024,03,25,22.0,18.8,4.8
109085,JACAS_GRANDE,2024,03,26,5.8,21.8,7.0
109085,JACAS_GRANDE,2024,03,27,8.4,21.0,5.6
109085,JACAS_GRANDE,2024,03,28,0.0,22.8,7.6
109085,JACAS_GRANDE,2024,03,29,0.0,22.8,6.8
109085,JACAS_GRANDE,2024,03,30,0.0,21.6,6.0
109085,JACAS_GRANDE,2024,03,31,1.5,19.8,8.0
109085,JACAS_GRANDE,2024,04,01,3.0,15.0,5.2
109085,JACAS_GRANDE,2024,04,02,2.6,21.4,4.2
109085,JACAS_GRANDE,2024,04,03,4.4,21.4,4.4
109085,JACAS_GRANDE,2024,04,04,1.9,21.3,5.1
109085,JACAS_GRANDE,2024,04,05,1.4,20.2,3.4
109085,JACAS_GRANDE,2024,04,06,13.5,20.0,3.2
109085,JACAS_GRANDE,2024,04,07,1.6,20.1,3.2
109085,JACAS_GRANDE,2024,04,08,0.8,19.0,2.2
109085,JACAS_GRANDE,2024,04,09,0.0,24.1,-999
109085,JACAS_GRANDE,2024,04,10,1.4,20.0,-999
109085,JACAS_GRANDE,2024,04,11,2.5,19.4,-999
109085,JACAS_GRANDE,2024,04,12,2.5,23.1,2.2
109085,JACAS_GRANDE,2024,04,13,2.2,23.4,2.2
109085,JACAS_GRANDE,2024,04,14,0.7,24.2,1.2
109085,JACAS_GRANDE,2024,04,15,0.0,23.1,3.3
109085,JACAS_GRANDE,2024,04,16,0.0,-999,3.1
109085,JACAS_GRANDE,2024,04,17,0.0,20.3,2.2
109085,JACAS_GRANDE,2024,04,18,0.0,23.2,3.2
109085,JACAS_GRANDE,2024,04,19,2.4,21.2,3.3
109085,JACAS_GRANDE,2024,04,20,1.1,22.4,2.1
109085,JACAS_GRANDE,2024,04,21,2.2,19.3,3.2
109085,JACAS_GRANDE,2024,04,22,12.0,21.4,3.3
109085,JACAS_GRANDE,2024,04,23,3.7,19.3,2.2
109085,JACAS_GRANDE,2024,04,24,2.3,20.0,2.1
109085,JACAS_GRANDE,2024,04,25,0.0,19.4,3.2
109085,JACAS_GRANDE,2024,04,26,4.3,17.1,3.1
109085,JACAS_GRANDE,2024,04,27,1.0,18.1,2.3
109085,JACAS_GRANDE,2024,04,28,0.7,20.2,2.2
109085,JACAS_GRANDE,2024,04,29,4.0,20.1,3.1
109085,JACAS_GRANDE,2024,04,30,5.7,18.0,3.1
109085,JACAS_GRANDE,2024,05,01,0.0,20.3,2.3
109085,JACAS_GRANDE,2024,05,02,4.0,24.1,3.1
109085,JACAS_GRANDE,2024,05,03,16.5,22.2,4.2
109085,JACAS_GRANDE,2024,05,04,1.7,20.0,3.2
109085,JACAS_GRANDE,2024,05,05,1.0,19.1,3.4
109085,JACAS_GRANDE,2024,05,06,0.0,22.2,2.1
109085,JACAS_GRANDE,2024,05,07,0.0,24.3,2.2
109085,JACAS_GRANDE,2024,05,08,0.0,22.3,2.3
109085,JACAS_GRANDE,2024,05,09,0.0,23.2,3.2
109085,JACAS_GRANDE,2024,05,10,0.0,22.1,4.1
109085,JACAS_GRANDE,2024,05,11,0.0,24.0,3.3
109085,JACAS_GRANDE,2024,05,12,0.0,22.4,4.1
109085,JACAS_GRANDE,2024,05,13,0.0,22.2,3.2
109085,JACAS_GRANDE,2024,05,14,1.4,18.3,4.1
109085,JACAS_GRANDE,2024,05,15,0.0,20.1,3.2
109085,JACAS_GRANDE,2024,05,16,6.0,19.3,3.3
109085,JACAS_GRANDE,2024,05,17,0.0,22.3,4.2
109085,JACAS_GRANDE,2024,05,18,0.0,23.2,2.3
109085,JACAS_GRANDE,2024,05,19,2.3,21.3,3.1
109085,JACAS_GRANDE,2024,05,20,0.0,24.2,2.1
109085,JACAS_GRANDE,2024,05,21,2.6,24.0,2.4
109085,JACAS_GRANDE,2024,05,22,0.0,23.2,2.1
109085,JACAS_GRANDE,2024,05,23,0.0,24.1,1.2
109085,JACAS_GRANDE,2024,05,24,0.0,22.4,2.1
109085,JACAS_GRANDE,2024,05,25,0.0,23.2,2.2
109085,JACAS_GRANDE,2024,05,26,0.0,23.0,2.4
109085,JACAS_GRANDE,2024,05,27,0.0,22.2,1.3
109085,JACAS_GRANDE,2024,05,28,0.0,23.1,2.3
109085,JACAS_GRANDE,2024,05,29,0.0,22.1,1.1
109085,JACAS_GRANDE,2024,05,30,0.0,24.1,1.1
109085,JACAS_GRANDE,2024,05,31,0.0,24.0,1.0
109085,JACAS_GRANDE,2024,06,01,0.0,24.4,0.2
109085,JACAS_GRANDE,2024,06,02,0.0,23.1,0.1
109085,JACAS_GRANDE,2024,06,03,0.0,22.1,0.1
109085,JACAS_GRANDE,2024,06,04,0.0,23.2,0.2
109085,JACAS_GRANDE,2024,06,05,0.0,23.0,0.1
109085,JACAS_GRANDE,2024,06,06,0.0,22.3,0.2
109085,JACAS_GRANDE,2024,06,07,0.0,23.4,0.0
109085,JACAS_GRANDE,2024,06,08,0.0,23.2,0.0
109085,JACAS_GRANDE,2024,06,09,0.0,23.4,0.2
109085,JACAS_GRANDE,2024,06,10,0.0,22.1,0.1
109085,JACAS_GRANDE,2024,06,11,0.0,22.0,2.3
109085,JACAS_GRANDE,2024,06,12,0.0,20.4,2.1
109085,JACAS_GRANDE,2024,06,13,0.0,21.0,3.1
109085,JACAS_GRANDE,2024,06,14,0.0,21.4,3.2
109085,JACAS_GRANDE,2024,06,15,1.3,17.3,2.4
109085,JACAS_GRANDE,2024,06,16,0.0,22.3,2.1
109085,JACAS_GRANDE,2024,06,17,0.0,21.2,3.1
109085,JACAS_GRANDE,2024,06,18,12.3,23.1,3.3
109085,JACAS_GRANDE,2024,06,19,1.7,18.1,3.2
109085,JACAS_GRANDE,2024,06,20,7.4,17.2,2.3
109085,JACAS_GRANDE,2024,06,21,0.0,15.2,2.2
109085,JACAS_GRANDE,2024,06,22,0.0,20.2,3.1
109085,JACAS_GRANDE,2024,06,23,0.0,22.0,1.2
109085,JACAS_GRANDE,2024,06,24,0.0,23.2,0.2
109085,JACAS_GRANDE,2024,06,25,0.0,22.0,2.2
109085,JACAS_GRANDE,2024,06,26,0.0,20.4,2.3
109085,JACAS_GRANDE,2024,06,27,0.0,23.0,2.1
109085,JACAS_GRANDE,2024,06,28,0.0,23.1,1.0
109085,JACAS_GRANDE,2024,06,29,0.0,23.0,2.0
109085,JACAS_GRANDE,2024,06,30,0.0,19.2,3.2
109085,JACAS_GRANDE,2024,07,01,0.0,20.2,2.2
109085,JACAS_GRANDE,2024,07,02,4.4,19.2,1.2
109085,JACAS_GRANDE,2024,07,03,0.0,21.2,1.2
109085,JACAS_GRANDE,2024,07,04,0.0,24.2,3.2
109085,JACAS_GRANDE,2024,07,05,0.0,20.2,2.2
109085,JACAS_GRANDE,2024,07,06,0.0,21.2,0.2
109085,JACAS_GRANDE,2024,07,07,0.0,24.2,2.2
109085,JACAS_GRANDE,2024,07,08,0.0,22.2,3.2
109085,JACAS_GRANDE,2024,07,09,0.0,22.2,3.2
109085,JACAS_GRANDE,2024,07,10,0.0,21.2,1.2
109085,JACAS_GRANDE,2024,07,11,0.0,23.2,2.2
109085,JACAS_GRANDE,2024,07,12,0.0,22.2,3.2
109085,JACAS_GRANDE,2024,07,13,0.0,23.2,2.2
109085,JACAS_GRANDE,2024,07,14,0.0,24.0,1.2
109085,JACAS_GRANDE,2024,07,15,0.0,24.2,2.2
109085,JACAS_GRANDE,2024,07,16,0.0,23.0,1.2
109085,JACAS_GRANDE,2024,07,17,0.0,22.2,0.2
109085,JACAS_GRANDE,2024,07,18,0.0,23.2,2.2
109085,JACAS_GRANDE,2024,07,19,0.0,23.2,0.2
109085,JACAS_GRANDE,2024,07,20,0.0,22.2,3.2
109085,JACAS_GRANDE,2024,07,21,0.0,21.2,2.2
109085,JACAS_GRANDE,2024,07,22,0.0,20.2,3.2
109085,JACAS_GRANDE,2024,07,23,0.0,19.2,3.2
109085,JACAS_GRANDE,2024,07,24,0.6,22.2,2.2
109085,JACAS_GRANDE,2024,07,25,0.0,20.4,4.2
109085,JACAS_GRANDE,2024,07,26,0.0,21.2,3.2
109085,JACAS_GRANDE,2024,07,27,0.0,22.2,3.2
109085,JACAS_GRANDE,2024,07,28,0.0,23.0,3.0
109085,JACAS_GRANDE,2024,07,29,0.0,24.2,0.2
109085,JACAS_GRANDE,2024,07,30,0.0,21.0,1.2
109085,JACAS_GRANDE,2024,07,31,0.0,23.2,2.2
109085,JACAS_GRANDE,2024,08,01,0.0,23.2,0.2
109085,JACAS_GRANDE,2024,08,02,0.0,25.2,1.2
109085,JACAS_GRANDE,2024,08,03,0.0,23.0,3.2
109085,JACAS_GRANDE,2024,08,04,0.0,24.2,2.2
109085,JACAS_GRANDE,2024,08,05,0.0,25.2,3.2
109085,JACAS_GRANDE,2024,08,06,0.0,22.4,2.4
109085,JACAS_GRANDE,2024,08,07,0.0,24.2,2.2
109085,JACAS_GRANDE,2024,08,08,0.0,23.4,3.2
109085,JACAS_GRANDE,2024,08,09,0.0,23.0,4.2
109085,JACAS_GRANDE,2024,08,10,0.0,23.2,3.2
109085,JACAS_GRANDE,2024,08,11,0.0,23.3,3.2
109085,JACAS_GRANDE,2024,08,12,0.0,19.4,2.2
109085,JACAS_GRANDE,2024,08,13,0.0,21.2,2.0
109085,JACAS_GRANDE,2024,08,14,0.0,23.2,0.1
109085,JACAS_GRANDE,2024,08,15,0.0,20.4,1.2
109085,JACAS_GRANDE,2024,08,16,0.0,21.2,0.2
109085,JACAS_GRANDE,2024,08,17,0.0,21.4,2.2
109085,JACAS_GRANDE,2024,08,18,0.0,20.2,2.4
109085,JACAS_GRANDE,2024,08,19,0.0,22.2,1.2
109085,JACAS_GRANDE,2024,08,20,0.0,20.0,2.2
109085,JACAS_GRANDE,2024,08,21,0.0,21.2,3.2
109085,JACAS_GRANDE,2024,08,22,0.0,23.2,4.2
109085,JACAS_GRANDE,2024,08,23,0.0,24.2,3.2
109085,JACAS_GRANDE,2024,08,24,0.0,22.4,3.4
109085,JACAS_GRANDE,2024,08,25,6.1,20.0,3.2
109085,JACAS_GRANDE,2024,08,26,1.0,19.2,4.2
109085,JACAS_GRANDE,2024,08,27,0.0,21.2,3.2
109085,JACAS_GRANDE,2024,08,28,0.0,24.2,3.2
109085,JACAS_GRANDE,2024,08,29,0.0,23.4,1.2
109085,JACAS_GRANDE,2024,08,30,0.0,23.2,3.2
109085,JACAS_GRANDE,2024,08,31,0.0,23.0,2.4
109085,JACAS_GRANDE,2024,09,01,0.0,22.2,2.2
109085,JACAS_GRANDE,2024,09,02,0.0,20.2,3.2
109085,JACAS_GRANDE,2024,09,03,0.0,23.2,2.4
109085,JACAS_GRANDE,2024,09,04,0.0,25.2,2.2
109085,JACAS_GRANDE,2024,09,05,0.0,23.2,2.4
109085,JACAS_GRANDE,2024,09,06,0.0,19.2,3.2
109085,JACAS_GRANDE,2024,09,07,0.0,20.2,2.4
109085,JACAS_GRANDE,2024,09,08,0.0,23.0,1.2
109085,JACAS_GRANDE,2024,09,09,0.0,22.3,2.2
109085,JACAS_GRANDE,2024,09,10,0.0,24.2,1.4
109085,JACAS_GRANDE,2024,09,11,0.0,23.4,1.2
109085,JACAS_GRANDE,2024,09,12,0.0,22.3,1.2
109085,JACAS_GRANDE,2024,09,13,0.0,24.2,1.4
109085,JACAS_GRANDE,2024,09,14,0.0,25.2,4.2
109085,JACAS_GRANDE,2024,09,15,0.0,25.2,3.4
109085,JACAS_GRANDE,2024,09,16,0.0,25.0,4.2
109085,JACAS_GRANDE,2024,09,17,0.0,21.4,3.2
109085,JACAS_GRANDE,2024,09,18,0.0,24.2,3.0
109085,JACAS_GRANDE,2024,09,19,0.0,24.4,2.4
109085,JACAS_GRANDE,2024,09,20,0.0,24.2,2.2
109085,JACAS_GRANDE,2024,09,21,0.0,22.4,1.4
109085,JACAS_GRANDE,2024,09,22,1.6,18.2,3.2
109085,JACAS_GRANDE,2024,09,23,0.0,23.4,0.2
109085,JACAS_GRANDE,2024,09,24,0.0,24.2,1.2
109085,JACAS_GRANDE,2024,09,25,0.0,25.0,2.4
109085,JACAS_GRANDE,2024,09,26,0.0,25.2,2.2
109085,JACAS_GRANDE,2024,09,27,0.7,21.2,4.2
109085,JACAS_GRANDE,2024,09,28,0.0,21.4,3.2
109085,JACAS_GRANDE,2024,09,29,0.0,25.2,1.2
109085,JACAS_GRANDE,2024,09,30,11.0,24.2,2.2
109085,JACAS_GRANDE,2024,10,01,-999,24.1,1.2
109085,JACAS_GRANDE,2024,10,02,1.9,25.4,0.3
109085,JACAS_GRANDE,2024,10,03,0.0,25.2,2.1
109085,JACAS_GRANDE,2024,10,04,1.8,25.2,1.0
109085,JACAS_GRANDE,2024,10,05,2.0,25.3,1.2
109085,JACAS_GRANDE,2024,10,06,1.2,24.1,0.3
109085,JACAS_GRANDE,2024,10,07,0.0,24.1,0.1
109085,JACAS_GRANDE,2024,10,08,0.0,23.0,3.2
109085,JACAS_GRANDE,2024,10,09,0.0,21.2,3.1
109085,JACAS_GRANDE,2024,10,10,1.9,26.2,4.2
109085,JACAS_GRANDE,2024,10,11,0.0,23.1,3.2
109085,JACAS_GRANDE,2024,10,12,1.2,23.4,3.3
109085,JACAS_GRANDE,2024,10,13,0.0,21.2,2.4
109085,JACAS_GRANDE,2024,10,14,1.6,19.3,1.4
109085,JACAS_GRANDE,2024,10,15,3.2,19.3,2.2
109085,JACAS_GRANDE,2024,10,16,1.1,24.1,1.1
109085,JACAS_GRANDE,2024,10,17,0.0,24.2,2.3
109085,JACAS_GRANDE,2024,10,18,0.0,24.2,1.4
109085,JACAS_GRANDE,2024,10,19,2.1,22.1,1.1
109085,JACAS_GRANDE,2024,10,20,3.6,27.1,2.2
109085,JACAS_GRANDE,2024,10,21,0.0,24.3,2.2
109085,JACAS_GRANDE,2024,10,22,0.0,25.1,-999
109085,JACAS_GRANDE,2024,10,23,2.8,24.1,3.2
109085,JACAS_GRANDE,2024,10,24,4.7,24.3,2.3
109085,JACAS_GRANDE,2024,10,25,7.2,24.1,1.2
109085,JACAS_GRANDE,2024,10,26,0.0,23.1,3.1
109085,JACAS_GRANDE,2024,10,27,4.7,24.3,4.1
109085,JACAS_GRANDE,2024,10,28,3.4,20.1,3.1
109085,JACAS_GRANDE,2024,10,29,0.0,20.4,2.3
109085,JACAS_GRANDE,2024,10,30,0.0,23.1,2.2
109085,JACAS_GRANDE,2024,10,31,0.0,26.3,3.1
109085,JACAS_GRANDE,2024,11,01,10.5,24.2,2.1
109085,JACAS_GRANDE,2024,11,02,4.5,21.2,3.2
109085,JACAS_GRANDE,2024,11,03,0.0,21.2,2.2
109085,JACAS_GRANDE,2024,11,04,0.0,25.1,0.2
109085,JACAS_GRANDE,2024,11,05,0.0,21.3,3.2
109085,JACAS_GRANDE,2024,11,06,0.0,22.2,3.1
109085,JACAS_GRANDE,2024,11,07,3.8,25.4,2.2
109085,JACAS_GRANDE,2024,11,08,0.0,24.2,2.3
109085,JACAS_GRANDE,2024,11,09,5.1,19.4,2.3
109085,JACAS_GRANDE,2024,11,10,7.5,18.2,2.2
109085,JACAS_GRANDE,2024,11,11,11.6,24.2,3.2
109085,JACAS_GRANDE,2024,11,12,0.0,19.2,3.0
109085,JACAS_GRANDE,2024,11,13,3.1,20.2,2.2
109085,JACAS_GRANDE,2024,11,14,9.0,22.1,2.1
109085,JACAS_GRANDE,2024,11,15,0.0,22.2,2.2
109085,JACAS_GRANDE,2024,11,16,3.2,19.2,3.0
109085,JACAS_GRANDE,2024,11,17,10.6,-999,2.1
109085,JACAS_GRANDE,2024,11,18,0.0,24.1,2.2
109085,JACAS_GRANDE,2024,11,19,0.0,24.1,2.3
109085,JACAS_GRANDE,2024,11,20,0.0,22.3,4.2
109085,JACAS_GRANDE,2024,11,21,17.4,-999,3.2
109085,JACAS_GRANDE,2024,11,22,7.8,23.1,-999
109085,JACAS_GRANDE,2024,11,23,4.3,17.2,2.2
109085,JACAS_GRANDE,2024,11,24,16.4,21.3,3.1
109085,JACAS_GRANDE,2024,11,25,5.0,23.2,2.0
109085,JACAS_GRANDE,2024,11,26,6.0,20.2,3.2
109085,JACAS_GRANDE,2024,11,27,0.0,20.3,4.2
109085,JACAS_GRANDE,2024,11,28,6.9,19.4,2.2
109085,JACAS_GRANDE,2024,11,29,3.7,18.4,2.1
109085,JACAS_GRANDE,2024,11,30,0.0,19.1,3.3
109085,JACAS_GRANDE,2024,12,01,0.0,21.1,4.1
109085,JACAS_GRANDE,2024,12,02,0.0,20.2,2.2
109085,JACAS_GRANDE,2024,12,03,11.9,21.2,2.4
109085,JACAS_GRANDE,2024,12,04,9.7,22.3,5.2
109085,JACAS_GRANDE,2024,12,05,0.0,24.2,9.2
109085,JACAS_GRANDE,2024,12,06,0.0,24.2,6.4
109085,JACAS_GRANDE,2024,12,07,6.6,18.3,9.2
109085,JACAS_GRANDE,2024,12,08,12.7,19.1,9.2
109085,JACAS_GRANDE,2024,12,09,0.0,18.2,9.1
109085,JACAS_GRANDE,2024,12,10,0.0,21.3,8.2
109085,JACAS_GRANDE,2024,12,11,7.8,18.2,9.2
109085,JACAS_GRANDE,2024,12,12,4.1,19.2,6.4
109085,JACAS_GRANDE,2024,12,13,12.8,22.2,7.2
109085,JACAS_GRANDE,2024,12,14,3.9,20.2,8.1
109085,JACAS_GRANDE,2024,12,15,6.5,21.0,8.3
109085,JACAS_GRANDE,2024,12,16,18.4,20.3,7.2
109085,JACAS_GRANDE,2024,12,17,0.0,20.2,8.1
109085,JACAS_GRANDE,2024,12,18,8.6,-999,7.2
109085,JACAS_GRANDE,2024,12,19,12.3,20.2,6.4
109085,JACAS_GRANDE,2024,12,20,4.6,20.3,6.1
109085,JACAS_GRANDE,2024,12,21,0.0,24.2,6.1
109085,JACAS_GRANDE,2024,12,22,0.0,23.4,7.3
109085,JACAS_GRANDE,2024,12,23,9.6,17.2,8.1
109085,JACAS_GRANDE,2024,12,24,0.0,23.1,6.2
109085,JACAS_GRANDE,2024,12,25,0.0,22.1,6.2
109085,JACAS_GRANDE,2024,12,26,0.0,20.1,7.2
109085,JACAS_GRANDE,2024,12,27,0.0,22.4,7.2
109085,JACAS_GRANDE,2024,12,28,0.0,21.4,6.3
109085,JACAS_GRANDE,2024,12,29,0.0,21.2,-999
109085,JACAS_GRANDE,2024,12,30,10.2,22.1,-999
109085,JACAS_GRANDE,2024,12,31,0.0,20.1,-999
109085,JACAS_GRANDE,2025,01,01,2.3,21.1,5.2
109085,JACAS_GRANDE,2025,01,02,0.0,24.2,7.2
109085,JACAS_GRANDE,2025,01,03,13.4,19.2,6.2
109085,JACAS_GRANDE,2025,01,04,7.2,19.2,4.2
109085,JACAS_GRANDE,2025,01,05,0.0,23.2,8.2
109085,JACAS_GRANDE,2025,01,06,0.0,23.0,7.2
109085,JACAS_GRANDE,2025,01,07,3.0,21.0,9.4
109085,JACAS_GRANDE,2025,01,08,3.1,18.2,8.2
109085,JACAS_GRANDE,2025,01,09,0.0,20.0,8.2
109085,JACAS_GRANDE,2025,01,10,0.0,20.3,8.4
109085,JACAS_GRANDE,2025,01,11,0.0,22.4,8.1
109085,JACAS_GRANDE,2025,01,12,5.2,24.2,9.2
109085,JACAS_GRANDE,2025,01,13,0.0,23.4,8.2
109085,JACAS_GRANDE,2025,01,14,0.0,24.4,8.1
109085,JACAS_GRANDE,2025,01,15,0.0,23.4,8.0
109085,JACAS_GRANDE,2025,01,16,3.4,23.3,7.4
109085,JACAS_GRANDE,2025,01,17,0.0,22.2,8.2
109085,JACAS_GRANDE,2025,01,18,3.2,20.3,8.0
109085,JACAS_GRANDE,2025,01,19,0.0,21.2,7.2
109085,JACAS_GRANDE,2025,01,20,13.4,20.4,8.0
109085,JACAS_GRANDE,2025,01,21,3.5,22.0,7.4
109085,JACAS_GRANDE,2025,01,22,7.4,20.2,7.2
109085,JACAS_GRANDE,2025,01,23,4.2,22.2,6.4
109085,JACAS_GRANDE,2025,01,24,0.0,19.3,7.4
109085,JACAS_GRANDE,2025,01,25,0.0,19.4,7.4
109085,JACAS_GRANDE,2025,01,26,5.3,21.0,7.2
109085,JACAS_GRANDE,2025,01,27,3.2,20.2,7.4
109085,JACAS_GRANDE,2025,01,28,0.0,19.4,6.4
109085,JACAS_GRANDE,2025,01,29,0.0,19.0,7.2
109085,JACAS_GRANDE,2025,01,30,7.5,22.2,7.0
109085,JACAS_GRANDE,2025,01,31,0.0,20.0,7.4
109085,JACAS_GRANDE,2025,02,01,0.0,24.0,8.0
109085,JACAS_GRANDE,2025,02,02,0.0,19.0,7.4
109085,JACAS_GRANDE,2025,02,03,3.0,20.2,6.4
109085,JACAS_GRANDE,2025,02,04,5.4,22.4,6.2
109085,JACAS_GRANDE,2025,02,05,5.1,20.2,7.2
109085,JACAS_GRANDE,2025,02,06,5.4,19.4,7.4
109085,JACAS_GRANDE,2025,02,07,0.0,20.3,7.0
109085,JACAS_GRANDE,2025,02,08,4.5,19.0,6.0
109085,JACAS_GRANDE,2025,02,09,8.5,22.2,7.2
109085,JACAS_GRANDE,2025,02,10,6.8,21.4,7.0
109085,JACAS_GRANDE,2025,02,11,33.3,18.2,7.4
109085,JACAS_GRANDE,2025,02,12,9.5,17.4,5.4
109085,JACAS_GRANDE,2025,02,13,6.2,22.2,6.4
109085,JACAS_GRANDE,2025,02,14,0.0,-999,6.0
109085,JACAS_GRANDE,2025,02,15,0.0,-999,7.4
109085,JACAS_GRANDE,2025,02,16,0.0,22.2,8.0
109085,JACAS_GRANDE,2025,02,17,22.2,24.0,7.4
109085,JACAS_GRANDE,2025,02,18,0.0,19.4,5.4
109085,JACAS_GRANDE,2025,02,19,0.0,21.2,7.4
109085,JACAS_GRANDE,2025,02,20,7.2,22.4,7.2
109085,JACAS_GRANDE,2025,02,21,0.0,19.2,7.0
109085,JACAS_GRANDE,2025,02,22,16.2,18.4,8.2
109085,JACAS_GRANDE,2025,02,23,3.5,17.4,7.2
109085,JACAS_GRANDE,2025,02,24,8.2,18.2,8.0
109085,JACAS_GRANDE,2025,02,25,0.0,20.0,7.4
109085,JACAS_GRANDE,2025,02,26,6.4,20.4,6.2
109085,JACAS_GRANDE,2025,02,27,7.4,21.2,6.0
109085,JACAS_GRANDE,2025,02,28,0.0,18.4,6.2
109085,JACAS_GRANDE,2025,03,01,9.2,17.4,7.2
109085,JACAS_GRANDE,2025,03,02,17.8,17.4,7.4
109085,JACAS_GRANDE,2025,03,03,5.2,18.4,6.2
109085,JACAS_GRANDE,2025,03,04,15.7,18.2,7.4
109085,JACAS_GRANDE,2025,03,05,8.0,20.2,7.0
109085,JACAS_GRANDE,2025,03,06,0.0,20.4,7.2
109085,JACAS_GRANDE,2025,03,07,0.0,23.4,6.2
109085,JACAS_GRANDE,2025,03,08,0.0,17.2,7.2
109085,JACAS_GRANDE,2025,03,09,6.0,23.4,5.2
109085,JACAS_GRANDE,2025,03,10,0.0,17.4,6.2
109085,JACAS_GRANDE,2025,03,11,7.4,18.2,7.2
109085,JACAS_GRANDE,2025,03,12,4.3,18.4,7.4
109085,JACAS_GRANDE,2025,03,13,9.0,20.2,7.2
109085,JACAS_GRANDE,2025,03,14,0.0,17.2,6.4
109085,JACAS_GRANDE,2025,03,15,6.0,16.4,7.2
109085,JACAS_GRANDE,2025,03,16,5.0,17.4,7.4
109085,JACAS_GRANDE,2025,03,17,0.0,17.0,7.0
109085,JACAS_GRANDE,2025,03,18,9.4,20.2,7.4
109085,JACAS_GRANDE,2025,03,19,0.0,18.2,6.4
109085,JACAS_GRANDE,2025,03,20,0.0,17.4,7.4
109085,JACAS_GRANDE,2025,03,21,0.0,18.0,7.0
109085,JACAS_GRANDE,2025,03,22,4.3,19.0,7.4
109085,JACAS_GRANDE,2025,03,23,7.5,21.4,7.2
109085,JACAS_GRANDE,2025,03,24,0.0,22.0,6.2
109085,JACAS_GRANDE,2025,03,25,8.2,21.4,7.0
109085,JACAS_GRANDE,2025,03,26,0.0,18.4,6.4
109085,JACAS_GRANDE,2025,03,27,8.0,18.2,7.2
109085,JACAS_GRANDE,2025,03,28,4.0,17.2,7.4
109085,JACAS_GRANDE,2025,03,29,0.0,18.2,7.2
109085,JACAS_GRANDE,2025,03,30,0.0,21.2,7.3
109085,JACAS_GRANDE,2025,03,31,0.0,21.2,7.4
109085,JACAS_GRANDE,2025,04,01,5.1,19.1,7.4
109085,JACAS_GRANDE,2025,04,02,3.6,19.3,9.0
109085,JACAS_GRANDE,2025,04,03,5.1,15.3,9.1
109085,JACAS_GRANDE,2025,04,04,0.0,18.2,8.3
109085,JACAS_GRANDE,2025,04,05,4.0,11.3,7.3
109085,JACAS_GRANDE,2025,04,06,0.0,19.2,5.2
109085,JACAS_GRANDE,2025,04,07,0.0,20.2,7.2
109085,JACAS_GRANDE,2025,04,08,0.0,19.3,4.2
109085,JACAS_GRANDE,2025,04,09,0.0,23.0,6.2
109085,JACAS_GRANDE,2025,04,10,2.4,20.0,7.2
109085,JACAS_GRANDE,2025,04,11,1.3,18.3,9.1
109085,JACAS_GRANDE,2025,04,12,3.6,20.3,2.3
109085,JACAS_GRANDE,2025,04,13,0.0,19.2,2.2
109085,JACAS_GRANDE,2025,04,14,0.0,18.2,8.2
109085,JACAS_GRANDE,2025,04,15,0.0,22.0,1.2
109085,JACAS_GRANDE,2025,04,16,2.5,21.0,2.3
109085,JACAS_GRANDE,2025,04,17,1.5,19.2,4.2
109085,JACAS_GRANDE,2025,04,18,0.0,20.0,6.2
109085,JACAS_GRANDE,2025,04,19,2.5,17.0,2.1
109085,JACAS_GRANDE,2025,04,20,0.5,19.0,6.1
109085,JACAS_GRANDE,2025,04,21,1.5,19.0,2.3
109085,JACAS_GRANDE,2025,04,22,4.4,20.0,2.2
109085,JACAS_GRANDE,2025,04,23,0.0,23.2,1.1
109085,JACAS_GRANDE,2025,04,24,0.0,22.0,2.1
109085,JACAS_GRANDE,2025,04,25,0.0,19.0,2.3
109085,JACAS_GRANDE,2025,04,26,2.1,20.0,6.2
109085,JACAS_GRANDE,2025,04,27,0.0,19.0,1.2
109085,JACAS_GRANDE,2025,04,28,2.5,20.0,7.2
109085,JACAS_GRANDE,2025,04,29,8.5,19.0,2.2
109085,JACAS_GRANDE,2025,04,30,5.2,18.0,2.3
109085,JACAS_GRANDE,2025,05,01,0.0,17.2,1.1
109085,JACAS_GRANDE,2025,05,02,5.3,17.0,7.2
109085,JACAS_GRANDE,2025,05,03,3.1,17.0,4.2
109085,JACAS_GRANDE,2025,05,04,2.5,18.0,2.2
109085,JACAS_GRANDE,2025,05,05,5.0,18.2,4.2
109085,JACAS_GRANDE,2025,05,06,0.0,20.0,6.1
109085,JACAS_GRANDE,2025,05,07,0.0,21.0,4.2
109085,JACAS_GRANDE,2025,05,08,0.0,20.0,2.2
109085,JACAS_GRANDE,2025,05,09,0.0,21.0,3.2
109085,JACAS_GRANDE,2025,05,10,1.5,19.2,1.1
109085,JACAS_GRANDE,2025,05,11,2.5,18.0,2.3
109085,JACAS_GRANDE,2025,05,12,0.0,-999,7.2
109085,JACAS_GRANDE,2025,05,13,0.0,18.2,6.1
109085,JACAS_GRANDE,2025,05,14,0.0,21.0,7.2
109085,JACAS_GRANDE,2025,05,15,0.0,20.0,6.4
109085,JACAS_GRANDE,2025,05,16,0.0,20.2,1.1
109085,JACAS_GRANDE,2025,05,17,0.0,21.0,7.2
109085,JACAS_GRANDE,2025,05,18,0.0,22.0,2.2
109085,JACAS_GRANDE,2025,05,19,0.0,19.2,6.1
109085,JACAS_GRANDE,2025,05,20,3.2,-999,7.1
109085,JACAS_GRANDE,2025,05,21,0.0,19.2,6.2
109085,JACAS_GRANDE,2025,05,22,0.0,21.2,1.1
109085,JACAS_GRANDE,2025,05,23,0.0,20.0,4.2
109085,JACAS_GRANDE,2025,05,24,0.0,19.2,6.1
109085,JACAS_GRANDE,2025,05,25,0.0,23.0,6.4
109085,JACAS_GRANDE,2025,05,26,0.0,20.0,6.3
109085,JACAS_GRANDE,2025,05,27,3.2,22.0,2.2
109085,JACAS_GRANDE,2025,05,28,0.0,21.2,4.2
109085,JACAS_GRANDE,2025,05,29,0.0,17.2,7.1
109085,JACAS_GRANDE,2025,05,30,4.3,16.2,2.3
109085,JACAS_GRANDE,2025,05,31,0.0,21.2,4.2
109085,JACAS_GRANDE,2025,06,01,0.0,18.2,7.2
109085,JACAS_GRANDE,2025,06,02,0.0,18.0,6.2
109085,JACAS_GRANDE,2025,06,03,0.0,20.2,3.2
109085,JACAS_GRANDE,2025,06,04,0.0,21.2,6.1
109085,JACAS_GRANDE,2025,06,05,0.0,20.0,6.2
109085,JACAS_GRANDE,2025,06,06,0.0,19.2,8.1
109085,JACAS_GRANDE,2025,06,07,4.5,22.0,4.2
109085,JACAS_GRANDE,2025,06,08,0.0,20.0,2.2
109085,JACAS_GRANDE,2025,06,09,0.0,21.0,7.2
109085,JACAS_GRANDE,2025,06,10,0.0,17.0,8.3
109085,JACAS_GRANDE,2025,06,11,0.0,23.2,3.2
109085,JACAS_GRANDE,2025,06,12,0.0,23.0,6.2
109085,JACAS_GRANDE,2025,06,13,0.0,22.0,7.2
109085,JACAS_GRANDE,2025,06,14,0.0,23.0,4.2
109085,JACAS_GRANDE,2025,06,15,0.0,20.0,6.4
109085,JACAS_GRANDE,2025,06,16,0.0,18.0,3.2
109085,JACAS_GRANDE,2025,06,17,0.0,16.2,2.3
109085,JACAS_GRANDE,2025,06,18,0.0,17.0,6.2
109085,JACAS_GRANDE,2025,06,19,0.0,19.2,8.2
109085,JACAS_GRANDE,2025,06,20,0.0,20.0,6.2
109085,JACAS_GRANDE,2025,06,21,0.0,23.2,4.2
109085,JACAS_GRANDE,2025,06,22,0.0,24.2,3.2
109085,JACAS_GRANDE,2025,06,23,0.0,22.0,6.1
109085,JACAS_GRANDE,2025,06,24,0.0,23.0,7.2
109085,JACAS_GRANDE,2025,06,25,0.0,22.2,6.4
109085,JACAS_GRANDE,2025,06,26,0.0,20.0,6.1
109085,JACAS_GRANDE,2025,06,27,0.0,-999,4.2
109085,JACAS_GRANDE,2025,06,28,0.0,19.0,2.2
109085,JACAS_GRANDE,2025,06,29,0.0,20.0,2.1
109085,JACAS_GRANDE,2025,06,30,0.0,19.0,3.3
109085,JACAS_GRANDE,2025,07,01,0.0,20.2,2.3
109085,JACAS_GRANDE,2025,07,02,0.0,21.4,3.2
109085,JACAS_GRANDE,2025,07,03,0.0,20.4,3.0
109085,JACAS_GRANDE,2025,07,04,0.0,21.2,-999
109085,JACAS_GRANDE,2025,07,05,0.0,23.1,-999
109085,JACAS_GRANDE,2025,07,06,0.0,22.4,-999
109085,JACAS_GRANDE,2025,07,07,0.0,23.4,0.3
109085,JACAS_GRANDE,2025,07,08,0.0,24.3,0.1
109085,JACAS_GRANDE,2025,07,09,0.0,-999,0.1
109085,JACAS_GRANDE,2025,07,10,0.0,22.4,0.2
109085,JACAS_GRANDE,2025,07,11,0.0,20.2,0.1
109085,JACAS_GRANDE,2025,07,12,0.0,20.3,0.3
109085,JACAS_GRANDE,2025,07,13,0.0,20.2,0.1
109085,JACAS_GRANDE,2025,07,14,0.0,21.0,0.1
109085,JACAS_GRANDE,2025,07,15,0.0,23.0,0.2
109085,JACAS_GRANDE,2025,07,16,0.0,22.2,0.1
109085,JACAS_GRANDE,2025,07,17,0.0,21.4,0.1
109085,JACAS_GRANDE,2025,07,18,0.0,-999,5.2
109085,JACAS_GRANDE,2025,07,19,0.0,20.0,5.3
109085,JACAS_GRANDE,2025,07,20,0.0,23.3,4.4
109085,JACAS_GRANDE,2025,07,21,0.0,24.3,0.1
109085,JACAS_GRANDE,2025,07,22,0.0,20.4,0.1
109085,JACAS_GRANDE,2025,07,23,0.0,21.4,1.3
109085,JACAS_GRANDE,2025,07,24,0.0,21.2,1.1
109085,JACAS_GRANDE,2025,07,25,0.0,21.4,1.4
109085,JACAS_GRANDE,2025,07,26,0.0,21.5,4.1
109085,JACAS_GRANDE,2025,07,27,2.0,21.3,6.3
109085,JACAS_GRANDE,2025,07,28,0.0,21.4,6.0
109085,JACAS_GRANDE,2025,07,29,3.0,20.0,5.4
109085,JACAS_GRANDE,2025,07,30,2.1,20.4,5.2
109085,JACAS_GRANDE,2025,07,31,0.0,21.3,6.4
109085,JACAS_GRANDE,2025,08,01,0.0,20.4,4.2
109085,JACAS_GRANDE,2025,08,02,0.0,23.1,1.4
109085,JACAS_GRANDE,2025,08,03,0.0,21.4,2.1
109085,JACAS_GRANDE,2025,08,04,0.0,21.3,4.0
109085,JACAS_GRANDE,2025,08,05,0.0,20.2,3.4
109085,JACAS_GRANDE,2025,08,06,0.0,21.2,4.1
109085,JACAS_GRANDE,2025,08,07,0.0,-999,1.3
109085,JACAS_GRANDE,2025,08,08,0.0,23.1,1.3
109085,JACAS_GRANDE,2025,08,09,0.0,23.3,5.1
109085,JACAS_GRANDE,2025,08,10,0.0,22.1,5.2
109085,JACAS_GRANDE,2025,08,11,0.0,20.4,4.2
109085,JACAS_GRANDE,2025,08,12,0.0,22.1,3.4
109085,JACAS_GRANDE,2025,08,13,0.0,22.4,3.4
109085,JACAS_GRANDE,2025,08,14,0.0,21.2,2.4
109085,JACAS_GRANDE,2025,08,15,0.0,20.4,7.2
109085,JACAS_GRANDE,2025,08,16,0.0,22.1,5.2
109085,JACAS_GRANDE,2025,08,17,0.0,22.3,2.1
109085,JACAS_GRANDE,2025,08,18,0.0,22.4,5.3
109085,JACAS_GRANDE,2025,08,19,0.0,22.3,3.1
109085,JACAS_GRANDE,2025,08,20,0.0,23.2,4.4
109085,JACAS_GRANDE,2025,08,21,0.0,20.3,4.1
109085,JACAS_GRANDE,2025,08,22,0.0,23.1,4.1
109085,JACAS_GRANDE,2025,08,23,0.0,23.1,6.2
109085,JACAS_GRANDE,2025,08,24,0.0,23.2,7.2
109085,JACAS_GRANDE,2025,08,25,0.0,21.4,5.4
109085,JACAS_GRANDE,2025,08,26,0.0,21.1,4.4
109085,JACAS_GRANDE,2025,08,27,0.0,22.1,5.1
109085,JACAS_GRANDE,2025,08,28,0.0,21.4,1.2
109085,JACAS_GRANDE,2025,08,29,0.0,-999,1.1
109085,JACAS_GRANDE,2025,08,30,0.0,23.1,-999
109085,JACAS_GRANDE,2025,08,31,0.0,22.4,5.4
109085,JACAS_GRANDE,2025,09,01,0.0,22.4,4.3
109085,JACAS_GRANDE,2025,09,02,0.0,22.3,6.3
109085,JACAS_GRANDE,2025,09,03,0.0,20.4,5.4
109085,JACAS_GRANDE,2025,09,04,0.0,21.3,2.4
109085,JACAS_GRANDE,2025,09,05,2.0,22.3,1.4
109085,JACAS_GRANDE,2025,09,06,0.0,20.1,3.1
109085,JACAS_GRANDE,2025,09,07,0.0,20.4,3.1
109085,JACAS_GRANDE,2025,09,08,0.0,21.3,3.4
109085,JACAS_GRANDE,2025,09,09,0.0,20.4,5.4
109085,JACAS_GRANDE,2025,09,10,0.0,20.2,7.1
109085,JACAS_GRANDE,2025,09,11,0.0,21.3,7.2
109085,JACAS_GRANDE,2025,09,12,0.0,21.2,2.3
109085,JACAS_GRANDE,2025,09,13,0.0,20.1,4.2
109085,JACAS_GRANDE,2025,09,14,0.0,22.2,4.1
109085,JACAS_GRANDE,2025,09,15,0.0,22.3,4.4
109085,JACAS_GRANDE,2025,09,16,0.0,22.2,6.3
109085,JACAS_GRANDE,2025,09,17,0.0,22.4,6.1
109085,JACAS_GRANDE,2025,09,18,0.0,22.4,7.3
109085,JACAS_GRANDE,2025,09,19,0.0,21.4,4.2
109085,JACAS_GRANDE,2025,09,20,0.0,23.4,4.2
109085,JACAS_GRANDE,2025,09,21,0.0,23.4,2.4
109085,JACAS_GRANDE,2025,09,22,0.0,24.3,2.2
109085,JACAS_GRANDE,2025,09,23,4.0,22.3,5.3
109085,JACAS_GRANDE,2025,09,24,0.0,21.2,6.2
109085,JACAS_GRANDE,2025,09,25,1.2,20.4,7.1
109085,JACAS_GRANDE,2025,09,26,0.0,21.4,6.3
109085,JACAS_GRANDE,2025,09,27,0.0,22.3,3.2
109085,JACAS_GRANDE,2025,09,28,2.0,20.2,6.4
109085,JACAS_GRANDE,2025,09,29,4.2,22.2,5.4
109085,JACAS_GRANDE,2025,09,30,0.0,20.3,6.3
109085,JACAS_GRANDE,2025,11,01,-999,-999,-999
109085,JACAS_GRANDE,2025,11,02,-999,-999,-999
109085,JACAS_GRANDE,2025,11,03,-999,-999,-999
109085,JACAS_GRANDE,2025,11,04,-999,-999,-999
109085,JACAS_GRANDE,2025,11,05,-999,-999,-999
109085,JACAS_GRANDE,2025,11,06,-999,-999,-999
109085,JACAS_GRANDE,2025,11,07,-999,-999,-999
109085,JACAS_GRANDE,2025,11,08,-999,-999,-999
109085,JACAS_GRANDE,2025,11,09,-999,-999,-999
109085,JACAS_GRANDE,2025,11,10,14.5,22.2,2.2
109085,JACAS_GRANDE,2025,11,11,0.3,-999,3.2
109085,JACAS_GRANDE,2025,11,12,0.2,21.2,4.2
109085,JACAS_GRANDE,2025,11,13,0.0,24.2,-999
109085,JACAS_GRANDE,2025,11,14,2.2,23.2,-999
109085,JACAS_GRANDE,2025,11,15,0.0,20.2,-999
109085,JACAS_GRANDE,2025,11,16,0.0,22.2,2.2
109085,JACAS_GRANDE,2025,11,17,0.2,22.2,2.2
109085,JACAS_GRANDE,2025,11,18,3.4,20.2,4.2
109085,JACAS_GRANDE,2025,11,19,0.0,24.2,3.2
109085,JACAS_GRANDE,2025,11,20,0.0,22.2,-999
109085,JACAS_GRANDE,2025,11,21,0.0,23.4,4.2
109085,JACAS_GRANDE,2025,11,22,0.0,24.2,3.2
109085,JACAS_GRANDE,2025,11,23,0.0,22.2,5.2
109085,JACAS_GRANDE,2025,11,24,0.0,21.2,3.2
109085,JACAS_GRANDE,2025,11,25,0.0,23.2,6.2
109085,JACAS_GRANDE,2025,11,26,2.2,22.2,4.2
109085,JACAS_GRANDE,2025,11,27,7.6,22.2,3.2
109085,JACAS_GRANDE,2025,11,28,0.0,23.2,2.2
109085,JACAS_GRANDE,2025,11,29,1.2,22.2,3.2
109085,JACAS_GRANDE,2025,11,30,0.0,22.4,4.2
109085,JACAS_GRANDE,2025,12,01,0.0,25.0,5.2
109085,JACAS_GRANDE,2025,12,02,5.5,26.2,4.2
109085,JACAS_GRANDE,2025,12,03,0.0,27.2,5.2
109085,JACAS_GRANDE,2025,12,04,6.0,26.2,3.2
109085,JACAS_GRANDE,2025,12,05,0.0,26.4,2.2
109085,JACAS_GRANDE,2025,12,06,0.0,25.2,3.2
109085,JACAS_GRANDE,2025,12,07,0.0,27.2,4.2
109085,JACAS_GRANDE,2025,12,08,0.0,25.2,3.2
109085,JACAS_GRANDE,2025,12,09,5.1,18.4,5.2
109085,JACAS_GRANDE,2025,12,10,0.0,22.2,2.2
109085,JACAS_GRANDE,2025,12,11,4.3,-999,5.2
109085,JACAS_GRANDE,2025,12,12,6.7,26.4,3.2
109085,JACAS_GRANDE,2025,12,13,0.0,-999,2.2
109085,JACAS_GRANDE,2025,12,14,0.0,22.2,4.2
109085,JACAS_GRANDE,2025,12,15,8.3,23.3,3.2
109085,JACAS_GRANDE,2025,12,16,0.0,-999,4.2
109085,JACAS_GRANDE,2025,12,17,0.4,24.2,3.2
109085,JACAS_GRANDE,2025,12,18,0.0,24.0,5.2
109085,JACAS_GRANDE,2025,12,19,5.5,25.2,3.2
109085,JACAS_GRANDE,2025,12,20,0.0,25.4,5.2
109085,JACAS_GRANDE,2025,12,21,0.0,24.4,2.2
109085,JACAS_GRANDE,2025,12,22,0.0,25.2,3.2
109085,JACAS_GRANDE,2025,12,23,0.0,26.2,4.2
109085,JACAS_GRANDE,2025,12,24,0.0,24.4,2.2
109085,JACAS_GRANDE,2025,12,25,0.0,25.2,4.2
109085,JACAS_GRANDE,2025,12,26,0.0,26.2,3.2
109085,JACAS_GRANDE,2025,12,27,0.0,24.2,2.2
109085,JACAS_GRANDE,2025,12,28,0.0,26.2,3.2
109085,JACAS_GRANDE,2025,12,29,0.0,22.2,5.2
109085,JACAS_GRANDE,2025,12,30,0.0,21.2,6.2
109085,JACAS_GRANDE,2025,12,31,8.2,19.2,5.2
