CODIGO,ESTACION,YEAR,MONTH,DAY,PP,TMAX,TMIN
110127,PACAYZAPA,2013,02,01,0.0,-999,-999
110127,PACAYZAPA,2013,02,02,2.1,-999,-999
110127,PACAYZAPA,2013,02,03,0.0,-999,-999
110127,PACAYZAPA,2013,02,04,17.9,-999,-999
110127,PACAYZAPA,2013,02,05,12.8,-999,-999
110127,PACAYZAPA,2013,02,06,0.0,-999,-999
110127,PACAYZAPA,2013,02,07,0.0,-999,-999
110127,PACAYZAPA,2013,02,08,3.2,-999,-999
110127,PACAYZAPA,2013,02,09,6.6,-999,-999
110127,PACAYZAPA,2013,02,10,1.1,29.6,19.0
110127,PACAYZAPA,2013,02,11,0.0,27.2,19.6
110127,PACAYZAPA,2013,02,12,0.0,28.2,20.2
110127,PACAYZAPA,2013,02,13,1.1,29.8,19.2
110127,PACAYZAPA,2013,02,14,0.0,29.6,19.6
110127,PACAYZAPA,2013,02,15,2.3,25.6,17.0
110127,PACAYZAPA,2013,02,16,2.1,27.2,16.4
110127,PACAYZAPA,2013,02,17,0.0,31.6,17.6
110127,PACAYZAPA,2013,02,18,5.3,26.0,17.2
110127,PACAYZAPA,2013,02,19,2.2,29.0,18.4
110127,PACAYZAPA,2013,02,20,0.0,30.0,18.2
110127,PACAYZAPA,2013,02,21,0.0,30.2,16.8
110127,PACAYZAPA,2013,02,22,4.3,29.4,18.2
110127,PACAYZAPA,2013,02,23,5.6,26.6,20.2
110127,PACAYZAPA,2013,02,24,3.4,29.8,19.4
110127,PACAYZAPA,2013,02,25,1.2,27.8,18.4
110127,PACAYZAPA,2013,02,26,5.1,25.6,18.8
110127,PACAYZAPA,2013,02,27,17.7,25.2,19.6
110127,PACAYZAPA,2013,02,28,1.2,26.2,18.6
110127,PACAYZAPA,2013,03,01,10.5,26.8,20.2
110127,PACAYZAPA,2013,03,02,11.4,28.2,19.8
110127,PACAYZAPA,2013,03,03,7.3,27.4,19.8
110127,PACAYZAPA,2013,03,04,15.5,27.4,19.2
110127,PACAYZAPA,2013,03,05,3.7,29.8,18.8
110127,PACAYZAPA,2013,03,06,0.0,30.6,20.0
110127,PACAYZAPA,2013,03,07,1.5,30.0,19.9
110127,PACAYZAPA,2013,03,08,2.2,27.4,19.8
110127,PACAYZAPA,2013,03,09,2.3,29.4,18.6
110127,PACAYZAPA,2013,03,10,4.5,30.2,19.6
110127,PACAYZAPA,2013,03,11,0.0,28.6,19.8
110127,PACAYZAPA,2013,03,12,2.3,31.2,19.4
110127,PACAYZAPA,2013,03,13,3.1,31.2,19.0
110127,PACAYZAPA,2013,03,14,0.0,30.8,20.0
110127,PACAYZAPA,2013,03,15,6.3,27.8,19.8
110127,PACAYZAPA,2013,03,16,22.5,27.2,19.8
110127,PACAYZAPA,2013,03,17,27.4,27.4,19.0
110127,PACAYZAPA,2013,03,18,2.5,29.8,19.0
110127,PACAYZAPA,2013,03,19,0.0,30.4,20.0
110127,PACAYZAPA,2013,03,20,15.4,29.8,20.2
110127,PACAYZAPA,2013,03,21,27.5,26.4,19.0
110127,PACAYZAPA,2013,03,22,3.4,27.2,17.6
110127,PACAYZAPA,2013,03,23,1.1,30.2,18.8
110127,PACAYZAPA,2013,03,24,0.0,30.8,19.0
110127,PACAYZAPA,2013,03,25,0.0,30.2,19.0
110127,PACAYZAPA,2013,03,26,0.0,30.2,17.8
110127,PACAYZAPA,2013,03,27,47.3,27.4,18.2
110127,PACAYZAPA,2013,03,28,3.4,28.8,18.6
110127,PACAYZAPA,2013,03,29,0.0,28.8,18.8
110127,PACAYZAPA,2013,03,30,1.2,27.8,19.6
110127,PACAYZAPA,2013,03,31,1.1,26.8,18.8
110127,PACAYZAPA,2013,04,01,2.6,26.8,19.2
110127,PACAYZAPA,2013,04,02,16.0,27.2,20.0
110127,PACAYZAPA,2013,04,03,2.1,28.2,18.8
110127,PACAYZAPA,2013,04,04,0.0,29.8,18.0
110127,PACAYZAPA,2013,04,05,0.0,31.2,17.0
110127,PACAYZAPA,2013,04,06,8.4,29.8,17.6
110127,PACAYZAPA,2013,04,07,1.1,28.8,19.6
110127,PACAYZAPA,2013,04,08,7.2,27.6,18.0
110127,PACAYZAPA,2013,04,09,1.1,29.2,19.8
110127,PACAYZAPA,2013,04,10,0.0,31.6,19.0
110127,PACAYZAPA,2013,04,11,2.1,27.6,17.0
110127,PACAYZAPA,2013,04,12,0.0,30.2,19.4
110127,PACAYZAPA,2013,04,13,12.2,26.8,18.2
110127,PACAYZAPA,2013,04,14,26.2,27.2,18.6
110127,PACAYZAPA,2013,04,15,1.4,27.6,17.6
110127,PACAYZAPA,2013,04,16,1.2,29.2,15.8
110127,PACAYZAPA,2013,04,17,34.7,26.8,17.0
110127,PACAYZAPA,2013,04,18,0.0,28.8,16.8
110127,PACAYZAPA,2013,04,19,0.0,28.4,17.4
110127,PACAYZAPA,2013,04,20,0.0,29.8,15.0
110127,PACAYZAPA,2013,04,21,0.0,29.6,16.5
110127,PACAYZAPA,2013,04,22,0.0,29.6,16.2
110127,PACAYZAPA,2013,04,23,0.0,29.8,18.0
110127,PACAYZAPA,2013,04,24,0.0,29.8,15.8
110127,PACAYZAPA,2013,04,25,0.0,28.8,12.0
110127,PACAYZAPA,2013,04,26,0.0,29.2,12.6
110127,PACAYZAPA,2013,04,27,0.0,30.0,14.0
110127,PACAYZAPA,2013,04,28,0.0,30.0,15.0
110127,PACAYZAPA,2013,04,29,0.0,30.6,15.2
110127,PACAYZAPA,2013,04,30,0.0,31.0,16.2
110127,PACAYZAPA,2013,05,01,0.0,31.0,18.6
110127,PACAYZAPA,2013,05,02,0.0,30.4,18.0
110127,PACAYZAPA,2013,05,03,0.0,30.8,16.8
110127,PACAYZAPA,2013,05,04,0.5,29.2,17.0
110127,PACAYZAPA,2013,05,05,1.0,29.8,16.8
110127,PACAYZAPA,2013,05,06,41.6,26.2,18.8
110127,PACAYZAPA,2013,05,07,14.5,25.8,17.0
110127,PACAYZAPA,2013,05,08,1.9,25.6,18.8
110127,PACAYZAPA,2013,05,09,0.6,28.6,18.6
110127,PACAYZAPA,2013,05,10,0.0,27.8,18.0
110127,PACAYZAPA,2013,05,11,3.5,29.8,20.0
110127,PACAYZAPA,2013,05,12,2.1,28.0,18.0
110127,PACAYZAPA,2013,05,13,4.6,28.8,17.0
110127,PACAYZAPA,2013,05,14,9.4,25.0,19.2
110127,PACAYZAPA,2013,05,15,0.0,28.8,17.0
110127,PACAYZAPA,2013,05,16,4.9,25.8,17.2
110127,PACAYZAPA,2013,05,17,7.8,29.4,16.6
110127,PACAYZAPA,2013,05,18,2.3,29.2,18.0
110127,PACAYZAPA,2013,05,19,4.6,26.0,18.0
110127,PACAYZAPA,2013,05,20,0.0,25.8,18.2
110127,PACAYZAPA,2013,05,21,0.0,29.2,15.6
110127,PACAYZAPA,2013,05,22,0.0,27.2,17.0
110127,PACAYZAPA,2013,05,23,0.0,29.2,18.0
110127,PACAYZAPA,2013,05,24,2.1,28.0,17.6
110127,PACAYZAPA,2013,05,25,13.2,26.8,18.6
110127,PACAYZAPA,2013,05,26,1.2,26.6,18.2
110127,PACAYZAPA,2013,05,27,0.0,29.2,18.4
110127,PACAYZAPA,2013,05,28,0.0,29.0,18.8
110127,PACAYZAPA,2013,05,29,0.0,29.6,20.2
110127,PACAYZAPA,2013,05,30,2.1,27.2,17.8
110127,PACAYZAPA,2013,05,31,0.5,27.8,19.2
110127,PACAYZAPA,2013,06,01,2.1,28.6,20.8
110127,PACAYZAPA,2013,06,02,0.0,29.2,18.6
110127,PACAYZAPA,2013,06,03,0.0,27.4,17.0
110127,PACAYZAPA,2013,06,04,3.1,25.2,17.2
110127,PACAYZAPA,2013,06,05,2.5,25.4,17.6
110127,PACAYZAPA,2013,06,06,8.5,26.4,17.0
110127,PACAYZAPA,2013,06,07,26.2,24.2,19.0
110127,PACAYZAPA,2013,06,08,5.7,24.0,17.8
110127,PACAYZAPA,2013,06,09,-999,25.2,17.8
110127,PACAYZAPA,2013,06,10,1.2,26.8,17.0
110127,PACAYZAPA,2013,06,11,9.5,26.6,17.2
110127,PACAYZAPA,2013,06,12,1.2,25.6,18.0
110127,PACAYZAPA,2013,06,13,1.1,27.2,17.8
110127,PACAYZAPA,2013,06,14,0.0,28.0,17.0
110127,PACAYZAPA,2013,06,15,0.0,28.2,17.2
110127,PACAYZAPA,2013,06,16,8.6,28.8,16.0
110127,PACAYZAPA,2013,06,17,5.8,26.8,19.0
110127,PACAYZAPA,2013,06,18,0.0,26.6,19.2
110127,PACAYZAPA,2013,06,19,2.4,26.8,18.2
110127,PACAYZAPA,2013,06,20,0.0,27.4,19.0
110127,PACAYZAPA,2013,06,21,0.0,26.8,18.8
110127,PACAYZAPA,2013,06,22,0.0,27.0,17.0
110127,PACAYZAPA,2013,06,23,2.1,28.2,17.6
110127,PACAYZAPA,2013,06,24,0.0,25.8,18.8
110127,PACAYZAPA,2013,06,25,0.0,27.2,18.2
110127,PACAYZAPA,2013,06,26,0.0,29.6,17.2
110127,PACAYZAPA,2013,06,27,0.0,28.2,17.4
110127,PACAYZAPA,2013,06,28,0.0,29.6,16.4
110127,PACAYZAPA,2013,06,29,0.0,29.8,17.0
110127,PACAYZAPA,2013,06,30,13.5,23.6,18.2
110127,PACAYZAPA,2013,07,01,0.0,28.0,16.8
110127,PACAYZAPA,2013,07,02,1.2,27.8,18.2
110127,PACAYZAPA,2013,07,03,1.3,25.0,18.4
110127,PACAYZAPA,2013,07,04,0.0,28.8,16.0
110127,PACAYZAPA,2013,07,05,7.3,28.6,16.2
110127,PACAYZAPA,2013,07,06,5.6,25.8,18.6
110127,PACAYZAPA,2013,07,07,26.9,26.4,18.0
110127,PACAYZAPA,2013,07,08,1.1,25.8,18.2
110127,PACAYZAPA,2013,07,09,0.0,26.8,16.6
110127,PACAYZAPA,2013,07,10,0.0,28.0,15.0
110127,PACAYZAPA,2013,07,11,0.0,28.4,16.0
110127,PACAYZAPA,2013,07,12,1.2,28.2,16.4
110127,PACAYZAPA,2013,07,13,18.3,24.2,17.0
110127,PACAYZAPA,2013,07,14,5.8,26.2,18.2
110127,PACAYZAPA,2013,07,15,2.2,26.8,19.0
110127,PACAYZAPA,2013,07,16,0.0,28.2,16.2
110127,PACAYZAPA,2013,07,17,1.2,27.0,16.2
110127,PACAYZAPA,2013,07,18,0.0,28.8,15.0
110127,PACAYZAPA,2013,07,19,0.0,28.2,15.2
110127,PACAYZAPA,2013,07,20,0.0,27.2,17.8
110127,PACAYZAPA,2013,07,21,0.0,27.8,15.2
110127,PACAYZAPA,2013,07,22,0.0,29.6,14.4
110127,PACAYZAPA,2013,07,23,16.8,29.4,17.0
110127,PACAYZAPA,2013,07,24,12.8,26.2,18.0
110127,PACAYZAPA,2013,07,25,0.0,21.8,15.2
110127,PACAYZAPA,2013,07,26,0.0,25.0,16.0
110127,PACAYZAPA,2013,07,27,0.0,28.8,13.0
110127,PACAYZAPA,2013,07,28,0.0,27.8,14.0
110127,PACAYZAPA,2013,07,29,0.0,28.8,13.2
110127,PACAYZAPA,2013,07,30,0.0,28.2,14.6
110127,PACAYZAPA,2013,07,31,0.0,28.0,17.2
110127,PACAYZAPA,2013,08,01,0.0,27.8,17.2
110127,PACAYZAPA,2013,08,02,2.1,26.0,17.8
110127,PACAYZAPA,2013,08,03,1.2,27.2,17.4
110127,PACAYZAPA,2013,08,04,0.0,29.0,17.0
110127,PACAYZAPA,2013,08,05,0.0,28.0,17.6
110127,PACAYZAPA,2013,08,06,2.3,28.8,17.2
110127,PACAYZAPA,2013,08,07,0.0,29.8,15.6
110127,PACAYZAPA,2013,08,08,0.0,30.6,16.2
110127,PACAYZAPA,2013,08,09,5.1,30.4,16.0
110127,PACAYZAPA,2013,08,10,3.5,25.0,18.0
110127,PACAYZAPA,2013,08,11,0.0,26.0,18.8
110127,PACAYZAPA,2013,08,12,0.0,28.0,17.0
110127,PACAYZAPA,2013,08,13,0.0,29.6,18.0
110127,PACAYZAPA,2013,08,14,15.4,27.8,16.8
110127,PACAYZAPA,2013,08,15,24.2,21.4,16.6
110127,PACAYZAPA,2013,08,16,0.0,28.0,16.8
110127,PACAYZAPA,2013,08,17,2.2,27.0,14.8
110127,PACAYZAPA,2013,08,18,0.0,28.0,14.6
110127,PACAYZAPA,2013,08,19,0.0,28.8,14.4
110127,PACAYZAPA,2013,08,20,2.2,28.6,15.2
110127,PACAYZAPA,2013,08,21,1.2,26.4,17.6
110127,PACAYZAPA,2013,08,22,0.0,30.8,17.8
110127,PACAYZAPA,2013,08,23,0.0,29.2,15.0
110127,PACAYZAPA,2013,08,24,0.0,29.0,17.8
110127,PACAYZAPA,2013,08,25,25.2,24.2,18.2
110127,PACAYZAPA,2013,08,26,16.0,24.0,17.8
110127,PACAYZAPA,2013,08,27,8.5,24.8,18.0
110127,PACAYZAPA,2013,08,28,0.0,25.0,16.0
110127,PACAYZAPA,2013,08,29,0.0,28.0,16.2
110127,PACAYZAPA,2013,08,30,0.0,30.0,13.8
110127,PACAYZAPA,2013,08,31,0.0,29.4,14.2
110127,PACAYZAPA,2013,09,01,0.0,30.0,15.0
110127,PACAYZAPA,2013,09,02,0.0,29.8,14.8
110127,PACAYZAPA,2013,09,03,0.0,-999,15.0
110127,PACAYZAPA,2013,09,04,11.8,30.2,16.2
110127,PACAYZAPA,2013,09,05,5.4,25.8,17.8
110127,PACAYZAPA,2013,09,06,0.0,29.8,14.6
110127,PACAYZAPA,2013,09,07,0.0,29.0,15.6
110127,PACAYZAPA,2013,09,08,2.1,29.4,16.8
110127,PACAYZAPA,2013,09,09,30.4,25.2,17.2
110127,PACAYZAPA,2013,09,10,0.0,28.6,14.8
110127,PACAYZAPA,2013,09,11,0.0,28.8,15.8
110127,PACAYZAPA,2013,09,12,0.0,30.2,15.0
110127,PACAYZAPA,2013,09,13,0.0,30.0,15.2
110127,PACAYZAPA,2013,09,14,0.0,-999,-999
110127,PACAYZAPA,2013,09,15,5.4,27.8,18.0
110127,PACAYZAPA,2013,09,16,2.1,25.2,18.6
110127,PACAYZAPA,2013,09,17,0.0,31.8,17.8
110127,PACAYZAPA,2013,09,18,46.1,30.8,16.0
110127,PACAYZAPA,2013,09,19,1.2,24.0,18.0
110127,PACAYZAPA,2013,09,20,0.0,-999,17.8
110127,PACAYZAPA,2013,09,21,0.0,35.5,14.2
110127,PACAYZAPA,2013,09,22,0.0,34.8,15.0
110127,PACAYZAPA,2013,09,23,5.4,28.0,17.6
110127,PACAYZAPA,2013,09,24,4.6,28.2,19.0
110127,PACAYZAPA,2013,09,25,1.1,27.2,18.0
110127,PACAYZAPA,2013,09,26,0.0,28.0,17.2
110127,PACAYZAPA,2013,09,27,0.0,29.2,18.0
110127,PACAYZAPA,2013,09,28,0.0,30.2,19.0
110127,PACAYZAPA,2013,09,29,4.6,25.2,16.8
110127,PACAYZAPA,2013,09,30,0.0,30.4,17.8
110127,PACAYZAPA,2013,10,01,0.0,34.6,16.0
110127,PACAYZAPA,2013,10,02,0.0,31.2,16.2
110127,PACAYZAPA,2013,10,03,0.0,27.4,18.8
110127,PACAYZAPA,2013,10,04,3.3,28.6,17.8
110127,PACAYZAPA,2013,10,05,2.2,26.0,18.0
110127,PACAYZAPA,2013,10,06,0.0,30.2,18.8
110127,PACAYZAPA,2013,10,07,19.6,28.4,15.0
110127,PACAYZAPA,2013,10,08,0.0,32.2,16.6
110127,PACAYZAPA,2013,10,09,4.2,28.8,19.0
110127,PACAYZAPA,2013,10,10,0.0,32.2,17.2
110127,PACAYZAPA,2013,10,11,6.4,28.8,17.0
110127,PACAYZAPA,2013,10,12,13.5,28.2,18.8
110127,PACAYZAPA,2013,10,13,19.5,27.8,18.0
110127,PACAYZAPA,2013,10,14,1.4,30.0,19.0
110127,PACAYZAPA,2013,10,15,14.6,26.0,19.2
110127,PACAYZAPA,2013,10,16,2.2,25.4,17.2
110127,PACAYZAPA,2013,10,17,4.3,30.4,17.0
110127,PACAYZAPA,2013,10,18,2.3,31.8,18.0
110127,PACAYZAPA,2013,10,19,0.0,31.2,16.8
110127,PACAYZAPA,2013,10,20,0.0,33.2,16.2
110127,PACAYZAPA,2013,10,21,1.2,31.2,17.0
110127,PACAYZAPA,2013,10,22,1.1,33.4,18.6
110127,PACAYZAPA,2013,10,23,2.1,31.8,18.8
110127,PACAYZAPA,2013,10,24,0.0,29.6,17.0
110127,PACAYZAPA,2013,10,25,18.5,26.8,18.4
110127,PACAYZAPA,2013,10,26,0.0,32.2,19.0
110127,PACAYZAPA,2013,10,27,7.8,30.0,18.8
110127,PACAYZAPA,2013,10,28,6.8,28.8,19.2
110127,PACAYZAPA,2013,10,29,0.0,32.6,19.0
110127,PACAYZAPA,2013,10,30,0.7,31.2,18.6
110127,PACAYZAPA,2013,10,31,20.6,30.2,20.0
110127,PACAYZAPA,2013,11,01,0.0,27.0,19.8
110127,PACAYZAPA,2013,11,02,2.9,24.2,19.6
110127,PACAYZAPA,2013,11,03,0.0,28.8,18.8
110127,PACAYZAPA,2013,11,04,1.7,30.0,19.0
110127,PACAYZAPA,2013,11,05,17.4,30.4,19.8
110127,PACAYZAPA,2013,11,06,16.2,22.6,19.6
110127,PACAYZAPA,2013,11,07,0.0,29.8,15.2
110127,PACAYZAPA,2013,11,08,0.0,32.0,16.0
110127,PACAYZAPA,2013,11,09,0.0,30.0,18.0
110127,PACAYZAPA,2013,11,10,0.0,30.6,17.8
110127,PACAYZAPA,2013,11,11,0.0,33.2,17.4
110127,PACAYZAPA,2013,11,12,0.0,32.4,16.0
110127,PACAYZAPA,2013,11,13,7.6,24.0,18.0
110127,PACAYZAPA,2013,11,14,0.0,28.6,17.8
110127,PACAYZAPA,2013,11,15,0.0,30.2,17.6
110127,PACAYZAPA,2013,11,16,0.0,32.4,19.2
110127,PACAYZAPA,2013,11,17,22.1,29.0,18.0
110127,PACAYZAPA,2013,11,18,0.0,28.6,18.8
110127,PACAYZAPA,2013,11,19,16.4,29.2,19.6
110127,PACAYZAPA,2013,11,20,8.3,26.8,18.4
110127,PACAYZAPA,2013,11,21,0.0,28.8,18.2
110127,PACAYZAPA,2013,11,22,0.0,30.6,18.4
110127,PACAYZAPA,2013,11,23,0.0,30.0,19.2
110127,PACAYZAPA,2013,11,24,0.0,31.8,17.0
110127,PACAYZAPA,2013,11,25,0.0,28.2,19.2
110127,PACAYZAPA,2013,11,26,0.0,32.6,19.0
110127,PACAYZAPA,2013,11,27,0.0,32.4,19.2
110127,PACAYZAPA,2013,11,28,0.0,33.0,17.0
110127,PACAYZAPA,2013,11,29,0.0,33.6,18.2
110127,PACAYZAPA,2013,11,30,16.8,32.8,18.0
110127,PACAYZAPA,2013,12,01,2.1,26.6,18.6
110127,PACAYZAPA,2013,12,02,0.0,30.0,18.8
110127,PACAYZAPA,2013,12,03,0.0,28.4,18.0
110127,PACAYZAPA,2013,12,04,12.4,25.8,19.2
110127,PACAYZAPA,2013,12,05,0.0,30.8,18.0
110127,PACAYZAPA,2013,12,06,0.0,31.6,17.0
110127,PACAYZAPA,2013,12,07,0.0,32.4,17.4
110127,PACAYZAPA,2013,12,08,0.0,30.0,18.0
110127,PACAYZAPA,2013,12,09,1.1,30.8,17.4
110127,PACAYZAPA,2013,12,10,2.1,26.8,18.6
110127,PACAYZAPA,2013,12,11,0.0,33.4,16.8
110127,PACAYZAPA,2013,12,12,0.0,34.0,16.0
110127,PACAYZAPA,2013,12,13,1.1,32.8,18.2
110127,PACAYZAPA,2013,12,14,2.2,26.0,18.0
110127,PACAYZAPA,2013,12,15,1.2,29.8,19.2
110127,PACAYZAPA,2013,12,16,0.0,31.6,19.0
110127,PACAYZAPA,2013,12,17,0.0,33.0,17.2
110127,PACAYZAPA,2013,12,18,0.0,30.2,18.0
110127,PACAYZAPA,2013,12,19,1.2,28.0,20.0
110127,PACAYZAPA,2013,12,20,2.2,25.2,18.8
110127,PACAYZAPA,2013,12,21,0.0,30.0,17.6
110127,PACAYZAPA,2013,12,22,0.0,32.2,16.0
110127,PACAYZAPA,2013,12,23,0.0,33.0,17.0
110127,PACAYZAPA,2013,12,24,0.0,33.6,18.0
110127,PACAYZAPA,2013,12,25,0.0,29.0,19.2
110127,PACAYZAPA,2013,12,26,36.4,28.6,19.8
110127,PACAYZAPA,2013,12,27,15.4,29.8,17.2
110127,PACAYZAPA,2013,12,28,0.0,28.8,18.4
110127,PACAYZAPA,2013,12,29,0.0,30.0,17.0
110127,PACAYZAPA,2013,12,30,0.0,30.8,18.0
110127,PACAYZAPA,2013,12,31,0.0,32.2,18.2
110127,PACAYZAPA,2014,01,01,6.5,-999,18.0
110127,PACAYZAPA,2014,01,02,7.2,-999,16.8
110127,PACAYZAPA,2014,01,03,1.2,-999,17.0
110127,PACAYZAPA,2014,01,04,3.2,-999,18.8
110127,PACAYZAPA,2014,01,05,21.5,-999,19.0
110127,PACAYZAPA,2014,01,06,0.0,-999,19.2
110127,PACAYZAPA,2014,01,07,12.2,-999,20.0
110127,PACAYZAPA,2014,01,08,6.3,-999,19.2
110127,PACAYZAPA,2014,01,09,1.2,-999,19.0
110127,PACAYZAPA,2014,01,10,0.0,-999,19.2
110127,PACAYZAPA,2014,01,11,0.0,-999,17.2
110127,PACAYZAPA,2014,01,12,0.0,-999,18.6
110127,PACAYZAPA,2014,01,13,5.7,-999,17.4
110127,PACAYZAPA,2014,01,14,2.1,-999,18.4
110127,PACAYZAPA,2014,01,15,1.2,-999,18.2
110127,PACAYZAPA,2014,01,16,4.2,-999,18.0
110127,PACAYZAPA,2014,01,17,8.5,-999,19.0
110127,PACAYZAPA,2014,01,18,0.0,-999,20.2
110127,PACAYZAPA,2014,01,19,29.2,-999,18.6
110127,PACAYZAPA,2014,01,20,0.0,-999,18.8
110127,PACAYZAPA,2014,01,21,0.0,-999,19.2
110127,PACAYZAPA,2014,01,22,0.0,-999,17.6
110127,PACAYZAPA,2014,01,23,2.4,-999,18.2
110127,PACAYZAPA,2014,01,24,0.0,-999,18.8
110127,PACAYZAPA,2014,01,25,0.0,-999,18.0
110127,PACAYZAPA,2014,01,26,2.1,-999,20.0
110127,PACAYZAPA,2014,01,27,0.0,-999,21.0
110127,PACAYZAPA,2014,01,28,0.0,-999,20.0
110127,PACAYZAPA,2014,01,29,0.0,-999,17.0
110127,PACAYZAPA,2014,01,30,0.0,-999,18.0
110127,PACAYZAPA,2014,01,31,-999,-999,17.0
110127,PACAYZAPA,2014,02,01,3.2,-999,19.6
110127,PACAYZAPA,2014,02,02,2.1,-999,19.2
110127,PACAYZAPA,2014,02,03,0.0,-999,18.0
110127,PACAYZAPA,2014,02,04,6.4,-999,19.0
110127,PACAYZAPA,2014,02,05,8.2,-999,19.2
110127,PACAYZAPA,2014,02,06,13.4,-999,18.8
110127,PACAYZAPA,2014,02,07,1.1,-999,19.0
110127,PACAYZAPA,2014,02,08,1.1,-999,19.2
110127,PACAYZAPA,2014,02,09,0.0,-999,18.8
110127,PACAYZAPA,2014,02,10,0.0,-999,17.8
110127,PACAYZAPA,2014,02,11,2.4,-999,18.2
110127,PACAYZAPA,2014,02,12,0.0,-999,17.6
110127,PACAYZAPA,2014,02,13,0.0,-999,18.4
110127,PACAYZAPA,2014,02,14,2.1,-999,18.6
110127,PACAYZAPA,2014,02,15,6.4,-999,19.0
110127,PACAYZAPA,2014,02,16,5.4,-999,19.2
110127,PACAYZAPA,2014,02,17,0.0,-999,15.6
110127,PACAYZAPA,2014,02,18,0.0,-999,16.0
110127,PACAYZAPA,2014,02,19,2.4,-999,16.0
110127,PACAYZAPA,2014,02,20,2.6,-999,18.0
110127,PACAYZAPA,2014,02,21,0.0,-999,18.2
110127,PACAYZAPA,2014,02,22,2.1,-999,18.6
110127,PACAYZAPA,2014,02,23,5.1,-999,18.8
110127,PACAYZAPA,2014,02,24,3.2,-999,18.6
110127,PACAYZAPA,2014,02,25,4.4,-999,18.0
110127,PACAYZAPA,2014,02,26,5.2,-999,18.4
110127,PACAYZAPA,2014,02,27,7.1,-999,19.0
110127,PACAYZAPA,2014,02,28,20.6,-999,19.4
110127,PACAYZAPA,2014,03,01,4.2,-999,18.4
110127,PACAYZAPA,2014,03,02,0.0,-999,18.8
110127,PACAYZAPA,2014,03,03,4.3,-999,19.0
110127,PACAYZAPA,2014,03,04,6.6,-999,19.4
110127,PACAYZAPA,2014,03,05,8.5,-999,19.0
110127,PACAYZAPA,2014,03,06,0.0,-999,18.8
110127,PACAYZAPA,2014,03,07,2.2,-999,17.8
110127,PACAYZAPA,2014,03,08,20.3,-999,18.8
110127,PACAYZAPA,2014,03,09,48.4,-999,18.6
110127,PACAYZAPA,2014,03,10,0.0,-999,17.6
110127,PACAYZAPA,2014,03,11,0.0,-999,17.8
110127,PACAYZAPA,2014,03,12,0.0,-999,19.8
110127,PACAYZAPA,2014,03,13,19.8,-999,19.4
110127,PACAYZAPA,2014,03,14,2.2,-999,19.2
110127,PACAYZAPA,2014,03,15,2.1,-999,19.8
110127,PACAYZAPA,2014,03,16,12.4,-999,19.6
110127,PACAYZAPA,2014,03,17,13.8,-999,19.4
110127,PACAYZAPA,2014,03,18,9.4,-999,19.0
110127,PACAYZAPA,2014,03,19,11.6,-999,19.2
110127,PACAYZAPA,2014,03,20,4.3,-999,18.8
110127,PACAYZAPA,2014,03,21,18.6,-999,18.6
110127,PACAYZAPA,2014,03,22,11.8,-999,19.4
110127,PACAYZAPA,2014,03,23,7.2,-999,19.6
110127,PACAYZAPA,2014,03,24,26.0,-999,19.8
110127,PACAYZAPA,2014,03,25,11.0,-999,20.0
110127,PACAYZAPA,2014,03,26,25.1,-999,19.0
110127,PACAYZAPA,2014,03,27,12.4,-999,-999
110127,PACAYZAPA,2014,03,28,0.0,-999,16.8
110127,PACAYZAPA,2014,03,29,0.0,-999,15.8
110127,PACAYZAPA,2014,03,30,0.0,-999,17.0
110127,PACAYZAPA,2014,03,31,0.0,-999,17.6
110127,PACAYZAPA,2014,04,01,25.6,-999,18.8
110127,PACAYZAPA,2014,04,02,0.0,-999,18.6
110127,PACAYZAPA,2014,04,03,6.4,-999,18.4
110127,PACAYZAPA,2014,04,04,1.1,-999,18.2
110127,PACAYZAPA,2014,04,05,23.3,-999,18.0
110127,PACAYZAPA,2014,04,06,1.1,-999,16.2
110127,PACAYZAPA,2014,04,07,9.5,-999,18.2
110127,PACAYZAPA,2014,04,08,7.5,-999,18.8
110127,PACAYZAPA,2014,04,09,1.1,-999,18.6
110127,PACAYZAPA,2014,04,10,1.5,-999,18.0
110127,PACAYZAPA,2014,04,11,0.0,-999,17.8
110127,PACAYZAPA,2014,04,12,0.0,-999,16.8
110127,PACAYZAPA,2014,04,13,2.6,-999,16.4
110127,PACAYZAPA,2014,04,14,7.2,-999,16.2
110127,PACAYZAPA,2014,04,15,20.4,-999,17.2
110127,PACAYZAPA,2014,04,16,0.0,-999,17.6
110127,PACAYZAPA,2014,04,17,0.0,-999,18.6
110127,PACAYZAPA,2014,04,18,3.2,-999,19.0
110127,PACAYZAPA,2014,04,19,1.0,-999,19.4
110127,PACAYZAPA,2014,04,20,2.2,-999,18.8
110127,PACAYZAPA,2014,04,21,2.2,-999,18.4
110127,PACAYZAPA,2014,04,22,14.8,-999,19.4
110127,PACAYZAPA,2014,04,23,2.2,-999,19.0
110127,PACAYZAPA,2014,04,24,21.2,-999,18.8
110127,PACAYZAPA,2014,04,25,20.5,-999,18.6
110127,PACAYZAPA,2014,04,26,1.2,-999,19.0
110127,PACAYZAPA,2014,04,27,3.5,-999,18.4
110127,PACAYZAPA,2014,04,28,22.2,-999,17.8
110127,PACAYZAPA,2014,04,29,7.2,-999,18.6
110127,PACAYZAPA,2014,04,30,1.2,-999,19.4
110127,PACAYZAPA,2014,05,01,0.0,-999,18.4
110127,PACAYZAPA,2014,05,02,4.2,-999,17.0
110127,PACAYZAPA,2014,05,03,2.3,-999,19.8
110127,PACAYZAPA,2014,05,04,0.0,-999,19.0
110127,PACAYZAPA,2014,05,05,0.0,-999,18.8
110127,PACAYZAPA,2014,05,06,4.3,-999,18.2
110127,PACAYZAPA,2014,05,07,3.5,-999,19.0
110127,PACAYZAPA,2014,05,08,47.6,-999,20.0
110127,PACAYZAPA,2014,05,09,0.0,-999,19.6
110127,PACAYZAPA,2014,05,10,4.2,-999,18.6
110127,PACAYZAPA,2014,05,11,0.5,-999,18.8
110127,PACAYZAPA,2014,05,12,0.0,-999,18.6
110127,PACAYZAPA,2014,05,13,10.5,-999,18.2
110127,PACAYZAPA,2014,05,14,6.2,-999,18.0
110127,PACAYZAPA,2014,05,15,2.3,-999,18.8
110127,PACAYZAPA,2014,05,16,3.2,-999,19.0
110127,PACAYZAPA,2014,05,17,24.8,-999,18.8
110127,PACAYZAPA,2014,05,18,3.3,-999,19.2
110127,PACAYZAPA,2014,05,19,1.5,-999,18.4
110127,PACAYZAPA,2014,05,20,0.0,-999,18.8
110127,PACAYZAPA,2014,05,21,0.0,-999,19.0
110127,PACAYZAPA,2014,05,22,0.0,-999,19.2
110127,PACAYZAPA,2014,05,23,0.0,-999,17.8
110127,PACAYZAPA,2014,05,24,3.2,-999,19.2
110127,PACAYZAPA,2014,05,25,5.4,-999,19.0
110127,PACAYZAPA,2014,05,26,1.4,-999,18.6
110127,PACAYZAPA,2014,05,27,2.3,-999,19.6
110127,PACAYZAPA,2014,05,28,9.4,-999,20.0
110127,PACAYZAPA,2014,05,29,0.0,-999,18.2
110127,PACAYZAPA,2014,05,30,0.0,-999,18.0
110127,PACAYZAPA,2014,05,31,1.1,-999,18.8
110127,PACAYZAPA,2014,06,01,0.0,-999,18.2
110127,PACAYZAPA,2014,06,02,0.0,-999,17.6
110127,PACAYZAPA,2014,06,03,0.0,-999,18.8
110127,PACAYZAPA,2014,06,04,1.5,-999,19.8
110127,PACAYZAPA,2014,06,05,1.1,-999,17.2
110127,PACAYZAPA,2014,06,06,12.8,-999,17.0
110127,PACAYZAPA,2014,06,07,0.0,-999,17.4
110127,PACAYZAPA,2014,06,08,0.0,-999,17.8
110127,PACAYZAPA,2014,06,09,11.8,-999,18.0
110127,PACAYZAPA,2014,06,10,3.2,-999,17.4
110127,PACAYZAPA,2014,06,11,1.2,-999,18.2
110127,PACAYZAPA,2014,06,12,2.2,-999,19.8
110127,PACAYZAPA,2014,06,13,27.8,-999,19.4
110127,PACAYZAPA,2014,06,14,19.5,-999,20.0
110127,PACAYZAPA,2014,06,15,3.8,-999,20.2
110127,PACAYZAPA,2014,06,16,3.7,-999,18.8
110127,PACAYZAPA,2014,06,17,1.1,-999,19.0
110127,PACAYZAPA,2014,06,18,2.1,-999,18.4
110127,PACAYZAPA,2014,06,19,0.0,-999,18.0
110127,PACAYZAPA,2014,06,20,0.0,-999,17.0
110127,PACAYZAPA,2014,06,21,0.0,-999,15.0
110127,PACAYZAPA,2014,06,22,0.0,-999,16.2
110127,PACAYZAPA,2014,06,23,0.0,-999,17.6
110127,PACAYZAPA,2014,06,24,3.3,-999,17.4
110127,PACAYZAPA,2014,06,25,1.1,-999,17.8
110127,PACAYZAPA,2014,06,26,1.2,-999,17.6
110127,PACAYZAPA,2014,06,27,0.0,-999,16.2
110127,PACAYZAPA,2014,06,28,3.2,-999,16.4
110127,PACAYZAPA,2014,06,29,15.2,-999,17.6
110127,PACAYZAPA,2014,06,30,0.0,-999,17.4
110127,PACAYZAPA,2014,07,01,0.0,-999,17.8
110127,PACAYZAPA,2014,07,02,0.0,-999,18.0
110127,PACAYZAPA,2014,07,03,0.0,-999,16.0
110127,PACAYZAPA,2014,07,04,2.3,-999,16.4
110127,PACAYZAPA,2014,07,05,0.0,-999,16.6
110127,PACAYZAPA,2014,07,06,1.0,-999,17.6
110127,PACAYZAPA,2014,07,07,2.1,-999,19.0
110127,PACAYZAPA,2014,07,08,19.3,-999,18.6
110127,PACAYZAPA,2014,07,09,0.0,-999,18.8
110127,PACAYZAPA,2014,07,10,0.0,-999,16.6
110127,PACAYZAPA,2014,07,11,0.0,-999,17.4
110127,PACAYZAPA,2014,07,12,0.0,-999,16.0
110127,PACAYZAPA,2014,07,13,0.0,-999,15.0
110127,PACAYZAPA,2014,07,14,0.0,-999,15.2
110127,PACAYZAPA,2014,07,15,0.0,-999,14.0
110127,PACAYZAPA,2014,07,16,0.0,-999,14.8
110127,PACAYZAPA,2014,07,17,0.0,-999,15.0
110127,PACAYZAPA,2014,07,18,6.4,-999,16.0
110127,PACAYZAPA,2014,07,19,26.8,-999,17.0
110127,PACAYZAPA,2014,07,20,1.2,-999,18.0
110127,PACAYZAPA,2014,07,21,0.0,-999,15.6
110127,PACAYZAPA,2014,07,22,0.0,-999,15.4
110127,PACAYZAPA,2014,07,23,0.0,-999,15.0
110127,PACAYZAPA,2014,07,24,1.1,-999,15.2
110127,PACAYZAPA,2014,07,25,1.2,-999,19.0
110127,PACAYZAPA,2014,07,26,1.4,-999,-999
110127,PACAYZAPA,2014,07,27,21.5,-999,19.0
110127,PACAYZAPA,2014,07,28,0.0,-999,18.8
110127,PACAYZAPA,2014,07,29,0.0,-999,16.6
110127,PACAYZAPA,2014,07,30,0.0,-999,14.6
110127,PACAYZAPA,2014,07,31,0.0,-999,14.8
110127,PACAYZAPA,2014,08,01,0.0,-999,17.0
110127,PACAYZAPA,2014,08,02,0.0,-999,17.6
110127,PACAYZAPA,2014,08,03,0.0,-999,17.8
110127,PACAYZAPA,2014,08,04,3.2,-999,15.2
110127,PACAYZAPA,2014,08,05,3.6,-999,15.4
110127,PACAYZAPA,2014,08,06,1.4,-999,17.0
110127,PACAYZAPA,2014,08,07,1.2,-999,17.6
110127,PACAYZAPA,2014,08,08,26.9,-999,16.6
110127,PACAYZAPA,2014,08,09,9.2,-999,16.8
110127,PACAYZAPA,2014,08,10,0.0,-999,16.2
110127,PACAYZAPA,2014,08,11,0.0,-999,15.0
110127,PACAYZAPA,2014,08,12,15.9,-999,16.2
110127,PACAYZAPA,2014,08,13,2.1,-999,18.0
110127,PACAYZAPA,2014,08,14,0.0,-999,14.6
110127,PACAYZAPA,2014,08,15,0.0,-999,15.0
110127,PACAYZAPA,2014,08,16,0.0,-999,16.2
110127,PACAYZAPA,2014,08,17,1.1,-999,16.0
110127,PACAYZAPA,2014,08,18,12.4,-999,16.4
110127,PACAYZAPA,2014,08,19,5.4,-999,15.4
110127,PACAYZAPA,2014,08,20,0.0,-999,15.6
110127,PACAYZAPA,2014,08,21,0.0,-999,14.4
110127,PACAYZAPA,2014,08,22,0.0,-999,15.2
110127,PACAYZAPA,2014,08,23,0.0,-999,15.4
110127,PACAYZAPA,2014,08,24,2.2,-999,15.6
110127,PACAYZAPA,2014,08,25,2.3,-999,19.0
110127,PACAYZAPA,2014,08,26,0.0,-999,16.0
110127,PACAYZAPA,2014,08,27,4.8,-999,16.2
110127,PACAYZAPA,2014,08,28,2.6,-999,16.0
110127,PACAYZAPA,2014,08,29,6.2,-999,18.4
110127,PACAYZAPA,2014,08,30,3.3,-999,19.0
110127,PACAYZAPA,2014,08,31,1.2,-999,15.6
110127,PACAYZAPA,2014,09,01,0.0,-999,16.2
110127,PACAYZAPA,2014,09,02,6.5,-999,15.8
110127,PACAYZAPA,2014,09,03,1.1,-999,16.0
110127,PACAYZAPA,2014,09,04,9.2,-999,17.0
110127,PACAYZAPA,2014,09,05,6.2,-999,17.6
110127,PACAYZAPA,2014,09,06,0.0,-999,17.4
110127,PACAYZAPA,2014,09,07,0.0,-999,14.8
110127,PACAYZAPA,2014,09,08,0.0,-999,14.6
110127,PACAYZAPA,2014,09,09,0.0,-999,14.4
110127,PACAYZAPA,2014,09,10,1.1,-999,16.8
110127,PACAYZAPA,2014,09,11,1.2,-999,18.2
110127,PACAYZAPA,2014,09,12,7.8,-999,19.6
110127,PACAYZAPA,2014,09,13,3.8,-999,17.8
110127,PACAYZAPA,2014,09,14,0.0,-999,18.4
110127,PACAYZAPA,2014,09,15,4.6,-999,17.8
110127,PACAYZAPA,2014,09,16,6.8,-999,18.8
110127,PACAYZAPA,2014,09,17,0.0,-999,17.0
110127,PACAYZAPA,2014,09,18,2.5,-999,17.2
110127,PACAYZAPA,2014,09,19,6.2,-999,17.0
110127,PACAYZAPA,2014,09,20,3.5,-999,16.8
110127,PACAYZAPA,2014,09,21,2.6,-999,17.0
110127,PACAYZAPA,2014,09,22,12.8,-999,18.2
110127,PACAYZAPA,2014,09,23,2.1,-999,17.6
110127,PACAYZAPA,2014,09,24,0.0,-999,18.4
110127,PACAYZAPA,2014,09,25,0.0,-999,16.2
110127,PACAYZAPA,2014,09,26,12.8,-999,17.4
110127,PACAYZAPA,2014,09,27,1.7,-999,17.2
110127,PACAYZAPA,2014,09,28,1.1,-999,17.4
110127,PACAYZAPA,2014,09,29,0.0,-999,16.4
110127,PACAYZAPA,2014,09,30,0.0,-999,15.2
110127,PACAYZAPA,2014,10,01,0.0,-999,16.0
110127,PACAYZAPA,2014,10,02,6.9,-999,15.8
110127,PACAYZAPA,2014,10,03,90.7,-999,15.6
110127,PACAYZAPA,2014,10,04,0.0,-999,16.6
110127,PACAYZAPA,2014,10,05,0.0,-999,15.0
110127,PACAYZAPA,2014,10,06,15.3,-999,18.4
110127,PACAYZAPA,2014,10,07,14.5,-999,19.2
110127,PACAYZAPA,2014,10,08,10.8,-999,17.4
110127,PACAYZAPA,2014,10,09,0.0,-999,18.2
110127,PACAYZAPA,2014,10,10,0.0,-999,17.4
110127,PACAYZAPA,2014,10,11,17.5,-999,17.6
110127,PACAYZAPA,2014,10,12,0.0,-999,17.4
110127,PACAYZAPA,2014,10,13,9.4,-999,17.6
110127,PACAYZAPA,2014,10,14,0.0,-999,16.8
110127,PACAYZAPA,2014,10,15,1.1,-999,17.6
110127,PACAYZAPA,2014,10,16,2.2,-999,18.0
110127,PACAYZAPA,2014,10,17,0.0,-999,17.0
110127,PACAYZAPA,2014,10,18,0.0,-999,16.8
110127,PACAYZAPA,2014,10,19,0.0,-999,16.4
110127,PACAYZAPA,2014,10,20,1.1,-999,17.0
110127,PACAYZAPA,2014,10,21,14.2,-999,18.0
110127,PACAYZAPA,2014,10,22,2.1,-999,17.8
110127,PACAYZAPA,2014,10,23,0.0,-999,17.6
110127,PACAYZAPA,2014,10,24,0.0,-999,17.4
110127,PACAYZAPA,2014,10,25,5.5,-999,18.2
110127,PACAYZAPA,2014,10,26,0.0,-999,17.8
110127,PACAYZAPA,2014,10,27,0.0,-999,18.2
110127,PACAYZAPA,2014,10,28,0.0,-999,18.0
110127,PACAYZAPA,2014,10,29,0.0,-999,17.4
110127,PACAYZAPA,2014,10,30,1.1,-999,17.6
110127,PACAYZAPA,2014,10,31,2.1,-999,18.0
110127,PACAYZAPA,2014,11,01,3.5,-999,18.8
110127,PACAYZAPA,2014,11,02,0.0,-999,20.0
110127,PACAYZAPA,2014,11,03,0.0,-999,19.8
110127,PACAYZAPA,2014,11,04,0.0,-999,20.2
110127,PACAYZAPA,2014,11,05,0.0,-999,20.0
110127,PACAYZAPA,2014,11,06,70.9,-999,19.8
110127,PACAYZAPA,2014,11,07,3.5,-999,19.0
110127,PACAYZAPA,2014,11,08,0.0,-999,19.2
110127,PACAYZAPA,2014,11,09,0.0,-999,19.8
110127,PACAYZAPA,2014,11,10,18.5,-999,19.4
110127,PACAYZAPA,2014,11,11,0.0,-999,18.4
110127,PACAYZAPA,2014,11,12,1.2,-999,18.2
110127,PACAYZAPA,2014,11,13,8.6,-999,20.0
110127,PACAYZAPA,2014,11,14,68.2,-999,20.6
110127,PACAYZAPA,2014,11,15,0.0,-999,18.6
110127,PACAYZAPA,2014,11,16,2.2,-999,17.0
110127,PACAYZAPA,2014,11,17,1.1,-999,18.8
110127,PACAYZAPA,2014,11,18,0.0,-999,17.4
110127,PACAYZAPA,2014,11,19,0.0,-999,18.4
110127,PACAYZAPA,2014,11,20,0.0,-999,19.2
110127,PACAYZAPA,2014,11,21,0.0,-999,18.8
110127,PACAYZAPA,2014,11,22,0.0,-999,19.0
110127,PACAYZAPA,2014,11,23,1.1,-999,19.4
110127,PACAYZAPA,2014,11,24,2.1,-999,18.4
110127,PACAYZAPA,2014,11,25,0.0,-999,18.2
110127,PACAYZAPA,2014,11,26,0.0,-999,19.4
110127,PACAYZAPA,2014,11,27,0.0,-999,20.0
110127,PACAYZAPA,2014,11,28,0.0,-999,19.4
110127,PACAYZAPA,2014,11,29,42.2,-999,19.8
110127,PACAYZAPA,2014,11,30,1.1,-999,20.0
110127,PACAYZAPA,2014,12,01,2.2,-999,19.2
110127,PACAYZAPA,2014,12,02,0.0,-999,19.0
110127,PACAYZAPA,2014,12,03,17.8,-999,20.0
110127,PACAYZAPA,2014,12,04,6.8,-999,19.2
110127,PACAYZAPA,2014,12,05,5.4,-999,19.0
110127,PACAYZAPA,2014,12,06,0.0,-999,19.6
110127,PACAYZAPA,2014,12,07,0.0,-999,20.2
110127,PACAYZAPA,2014,12,08,6.2,-999,20.0
110127,PACAYZAPA,2014,12,09,22.2,-999,19.4
110127,PACAYZAPA,2014,12,10,5.4,-999,-999
110127,PACAYZAPA,2014,12,11,8.0,-999,19.4
110127,PACAYZAPA,2014,12,12,2.2,-999,19.0
110127,PACAYZAPA,2014,12,13,1.1,-999,17.2
110127,PACAYZAPA,2014,12,14,6.2,-999,19.0
110127,PACAYZAPA,2014,12,15,17.5,-999,20.0
110127,PACAYZAPA,2014,12,16,0.0,-999,19.6
110127,PACAYZAPA,2014,12,17,0.0,-999,17.6
110127,PACAYZAPA,2014,12,18,0.0,-999,18.0
110127,PACAYZAPA,2014,12,19,0.0,-999,18.2
110127,PACAYZAPA,2014,12,20,0.0,-999,18.4
110127,PACAYZAPA,2014,12,21,0.0,-999,18.8
110127,PACAYZAPA,2014,12,22,6.8,-999,19.2
110127,PACAYZAPA,2014,12,23,1.1,-999,18.6
110127,PACAYZAPA,2014,12,24,0.0,-999,18.4
110127,PACAYZAPA,2014,12,25,1.1,-999,18.2
110127,PACAYZAPA,2014,12,26,2.2,-999,18.0
110127,PACAYZAPA,2014,12,27,0.0,-999,19.4
110127,PACAYZAPA,2014,12,28,1.2,-999,18.8
110127,PACAYZAPA,2014,12,29,1.1,-999,19.2
110127,PACAYZAPA,2014,12,30,0.0,-999,18.2
110127,PACAYZAPA,2014,12,31,0.0,-999,18.4
110127,PACAYZAPA,2015,01,01,0.0,-999,-999
110127,PACAYZAPA,2015,01,02,0.0,-999,-999
110127,PACAYZAPA,2015,01,03,6.3,-999,-999
110127,PACAYZAPA,2015,01,04,8.1,-999,-999
110127,PACAYZAPA,2015,01,05,2.1,-999,-999
110127,PACAYZAPA,2015,01,06,3.2,-999,-999
110127,PACAYZAPA,2015,01,07,0.0,-999,-999
110127,PACAYZAPA,2015,01,08,4.3,-999,-999
110127,PACAYZAPA,2015,01,09,3.6,-999,-999
110127,PACAYZAPA,2015,01,10,1.1,-999,-999
110127,PACAYZAPA,2015,01,11,8.1,-999,-999
110127,PACAYZAPA,2015,01,12,16.7,-999,-999
110127,PACAYZAPA,2015,01,13,0.0,-999,-999
110127,PACAYZAPA,2015,01,14,0.0,-999,-999
110127,PACAYZAPA,2015,01,15,0.0,-999,-999
110127,PACAYZAPA,2015,01,16,14.1,-999,-999
110127,PACAYZAPA,2015,01,17,0.0,-999,-999
110127,PACAYZAPA,2015,01,18,19.2,-999,-999
110127,PACAYZAPA,2015,01,19,0.0,-999,-999
110127,PACAYZAPA,2015,01,20,1.2,-999,-999
110127,PACAYZAPA,2015,01,21,47.6,-999,-999
110127,PACAYZAPA,2015,01,22,22.8,-999,-999
110127,PACAYZAPA,2015,01,23,57.4,-999,-999
110127,PACAYZAPA,2015,01,24,22.7,-999,-999
110127,PACAYZAPA,2015,01,25,58.2,-999,-999
110127,PACAYZAPA,2015,01,26,1.1,-999,-999
110127,PACAYZAPA,2015,01,27,1.1,-999,-999
110127,PACAYZAPA,2015,01,28,1.1,-999,-999
110127,PACAYZAPA,2015,01,29,2.4,-999,-999
110127,PACAYZAPA,2015,01,30,28.5,-999,-999
110127,PACAYZAPA,2015,01,31,27.7,-999,-999
110127,PACAYZAPA,2015,02,01,10.7,-999,-999
110127,PACAYZAPA,2015,02,02,15.7,-999,-999
110127,PACAYZAPA,2015,02,03,4.3,-999,-999
110127,PACAYZAPA,2015,02,04,8.7,-999,-999
110127,PACAYZAPA,2015,02,05,2.3,-999,-999
110127,PACAYZAPA,2015,02,06,0.0,-999,-999
110127,PACAYZAPA,2015,02,07,32.4,-999,-999
110127,PACAYZAPA,2015,02,08,0.0,-999,-999
110127,PACAYZAPA,2015,02,09,0.5,-999,-999
110127,PACAYZAPA,2015,02,10,0.0,-999,-999
110127,PACAYZAPA,2015,02,11,21.4,-999,-999
110127,PACAYZAPA,2015,02,12,1.2,-999,-999
110127,PACAYZAPA,2015,02,13,32.2,-999,-999
110127,PACAYZAPA,2015,02,14,1.8,-999,-999
110127,PACAYZAPA,2015,02,15,2.1,-999,-999
110127,PACAYZAPA,2015,02,16,0.0,-999,-999
110127,PACAYZAPA,2015,02,17,0.0,-999,-999
110127,PACAYZAPA,2015,02,18,0.0,-999,-999
110127,PACAYZAPA,2015,02,19,0.0,-999,-999
110127,PACAYZAPA,2015,02,20,0.0,-999,-999
110127,PACAYZAPA,2015,02,21,15.2,-999,-999
110127,PACAYZAPA,2015,02,22,0.0,-999,-999
110127,PACAYZAPA,2015,02,23,3.2,-999,-999
110127,PACAYZAPA,2015,02,24,77.2,-999,-999
110127,PACAYZAPA,2015,02,25,3.3,-999,-999
110127,PACAYZAPA,2015,02,26,17.5,-999,-999
110127,PACAYZAPA,2015,02,27,0.0,-999,-999
110127,PACAYZAPA,2015,02,28,0.0,-999,-999
110127,PACAYZAPA,2015,03,01,1.2,-999,-999
110127,PACAYZAPA,2015,03,02,0.0,-999,-999
110127,PACAYZAPA,2015,03,03,0.0,-999,-999
110127,PACAYZAPA,2015,03,04,0.0,-999,-999
110127,PACAYZAPA,2015,03,05,0.0,-999,-999
110127,PACAYZAPA,2015,03,06,3.2,-999,-999
110127,PACAYZAPA,2015,03,07,23.3,-999,-999
110127,PACAYZAPA,2015,03,08,0.0,-999,-999
110127,PACAYZAPA,2015,03,09,4.4,-999,-999
110127,PACAYZAPA,2015,03,10,8.5,-999,-999
110127,PACAYZAPA,2015,03,11,6.2,-999,-999
110127,PACAYZAPA,2015,03,12,7.5,-999,-999
110127,PACAYZAPA,2015,03,13,3.5,-999,-999
110127,PACAYZAPA,2015,03,14,0.0,-999,-999
110127,PACAYZAPA,2015,03,15,11.6,-999,-999
110127,PACAYZAPA,2015,03,16,12.2,-999,-999
110127,PACAYZAPA,2015,03,17,9.5,-999,-999
110127,PACAYZAPA,2015,03,18,10.6,-999,-999
110127,PACAYZAPA,2015,03,19,5.5,-999,-999
110127,PACAYZAPA,2015,03,20,0.0,-999,-999
110127,PACAYZAPA,2015,03,21,13.1,-999,-999
110127,PACAYZAPA,2015,03,22,7.2,-999,-999
110127,PACAYZAPA,2015,03,23,1.2,-999,-999
110127,PACAYZAPA,2015,03,24,0.0,-999,-999
110127,PACAYZAPA,2015,03,25,30.0,-999,-999
110127,PACAYZAPA,2015,03,26,0.0,-999,-999
110127,PACAYZAPA,2015,03,27,0.0,-999,-999
110127,PACAYZAPA,2015,03,28,1.4,-999,-999
110127,PACAYZAPA,2015,03,29,2.2,-999,-999
110127,PACAYZAPA,2015,03,30,2.4,-999,-999
110127,PACAYZAPA,2015,03,31,3.2,-999,-999
110127,PACAYZAPA,2015,04,01,5.6,-999,-999
110127,PACAYZAPA,2015,04,02,13.4,-999,-999
110127,PACAYZAPA,2015,04,03,0.0,-999,-999
110127,PACAYZAPA,2015,04,04,11.7,-999,-999
110127,PACAYZAPA,2015,04,05,16.1,-999,-999
110127,PACAYZAPA,2015,04,06,23.5,-999,-999
110127,PACAYZAPA,2015,04,07,2.8,-999,-999
110127,PACAYZAPA,2015,04,08,0.0,-999,-999
110127,PACAYZAPA,2015,04,09,11.8,-999,-999
110127,PACAYZAPA,2015,04,10,47.8,-999,-999
110127,PACAYZAPA,2015,04,11,4.7,-999,-999
110127,PACAYZAPA,2015,04,12,2.8,-999,-999
110127,PACAYZAPA,2015,04,13,0.0,-999,-999
110127,PACAYZAPA,2015,04,14,0.0,-999,-999
110127,PACAYZAPA,2015,04,15,0.0,-999,-999
110127,PACAYZAPA,2015,04,16,0.0,-999,-999
110127,PACAYZAPA,2015,04,17,2.1,-999,-999
110127,PACAYZAPA,2015,04,18,13.5,-999,-999
110127,PACAYZAPA,2015,04,19,0.0,-999,-999
110127,PACAYZAPA,2015,04,20,0.0,-999,-999
110127,PACAYZAPA,2015,04,21,17.5,-999,-999
110127,PACAYZAPA,2015,04,22,0.0,-999,-999
110127,PACAYZAPA,2015,04,23,10.0,-999,-999
110127,PACAYZAPA,2015,04,24,8.2,-999,-999
110127,PACAYZAPA,2015,04,25,22.0,-999,-999
110127,PACAYZAPA,2015,04,26,4.8,-999,-999
110127,PACAYZAPA,2015,04,27,2.0,-999,-999
110127,PACAYZAPA,2015,04,28,23.9,-999,-999
110127,PACAYZAPA,2015,04,29,8.4,-999,-999
110127,PACAYZAPA,2015,04,30,-999,-999,-999
110127,PACAYZAPA,2015,05,01,-999,-999,-999
110127,PACAYZAPA,2015,05,02,0.0,-999,-999
110127,PACAYZAPA,2015,05,03,0.0,-999,-999
110127,PACAYZAPA,2015,05,04,3.2,-999,-999
110127,PACAYZAPA,2015,05,05,0.0,-999,-999
110127,PACAYZAPA,2015,05,06,0.0,-999,-999
110127,PACAYZAPA,2015,05,07,0.0,-999,-999
110127,PACAYZAPA,2015,05,08,0.0,-999,-999
110127,PACAYZAPA,2015,05,09,4.8,-999,-999
110127,PACAYZAPA,2015,05,10,9.6,-999,-999
110127,PACAYZAPA,2015,05,11,9.3,-999,-999
110127,PACAYZAPA,2015,05,12,9.8,-999,-999
110127,PACAYZAPA,2015,05,13,14.6,-999,-999
110127,PACAYZAPA,2015,05,14,4.3,-999,-999
110127,PACAYZAPA,2015,05,15,4.5,-999,-999
110127,PACAYZAPA,2015,05,16,14.2,-999,-999
110127,PACAYZAPA,2015,05,17,3.8,-999,-999
110127,PACAYZAPA,2015,05,18,0.0,-999,-999
110127,PACAYZAPA,2015,05,19,0.0,-999,-999
110127,PACAYZAPA,2015,05,20,33.8,-999,-999
110127,PACAYZAPA,2015,05,21,0.0,-999,-999
110127,PACAYZAPA,2015,05,22,0.0,-999,-999
110127,PACAYZAPA,2015,05,23,1.2,-999,-999
110127,PACAYZAPA,2015,05,24,1.1,-999,-999
110127,PACAYZAPA,2015,05,25,4.4,-999,-999
110127,PACAYZAPA,2015,05,26,2.2,-999,-999
110127,PACAYZAPA,2015,05,27,2.1,-999,-999
110127,PACAYZAPA,2015,05,28,7.4,-999,-999
110127,PACAYZAPA,2015,05,29,1.4,-999,-999
110127,PACAYZAPA,2015,05,30,28.4,-999,-999
110127,PACAYZAPA,2015,05,31,2.5,-999,-999
110127,PACAYZAPA,2015,06,01,20.2,-999,-999
110127,PACAYZAPA,2015,06,02,7.2,-999,-999
110127,PACAYZAPA,2015,06,03,0.0,-999,-999
110127,PACAYZAPA,2015,06,04,52.4,-999,-999
110127,PACAYZAPA,2015,06,05,0.0,-999,-999
110127,PACAYZAPA,2015,06,06,2.4,-999,-999
110127,PACAYZAPA,2015,06,07,0.0,-999,-999
110127,PACAYZAPA,2015,06,08,1.2,-999,-999
110127,PACAYZAPA,2015,06,09,0.0,-999,-999
110127,PACAYZAPA,2015,06,10,0.0,-999,-999
110127,PACAYZAPA,2015,06,11,2.5,-999,-999
110127,PACAYZAPA,2015,06,12,6.5,-999,-999
110127,PACAYZAPA,2015,06,13,0.0,-999,-999
110127,PACAYZAPA,2015,06,14,2.6,-999,-999
110127,PACAYZAPA,2015,06,15,0.0,-999,-999
110127,PACAYZAPA,2015,06,16,1.1,-999,-999
110127,PACAYZAPA,2015,06,17,0.0,-999,-999
110127,PACAYZAPA,2015,06,18,0.0,-999,-999
110127,PACAYZAPA,2015,06,19,8.2,-999,-999
110127,PACAYZAPA,2015,06,20,0.0,-999,-999
110127,PACAYZAPA,2015,06,21,0.0,-999,-999
110127,PACAYZAPA,2015,06,22,0.0,-999,-999
110127,PACAYZAPA,2015,06,23,0.0,-999,-999
110127,PACAYZAPA,2015,06,24,13.8,-999,-999
110127,PACAYZAPA,2015,06,25,1.1,-999,-999
110127,PACAYZAPA,2015,06,26,2.2,-999,-999
110127,PACAYZAPA,2015,06,27,0.0,-999,-999
110127,PACAYZAPA,2015,06,28,2.6,-999,-999
110127,PACAYZAPA,2015,06,29,0.0,-999,-999
110127,PACAYZAPA,2015,06,30,0.0,-999,-999
110127,PACAYZAPA,2015,07,01,2.8,-999,-999
110127,PACAYZAPA,2015,07,02,4.8,-999,-999
110127,PACAYZAPA,2015,07,03,1.2,-999,-999
110127,PACAYZAPA,2015,07,04,0.8,-999,-999
110127,PACAYZAPA,2015,07,05,1.1,-999,-999
110127,PACAYZAPA,2015,07,06,1.6,-999,-999
110127,PACAYZAPA,2015,07,07,0.0,-999,-999
110127,PACAYZAPA,2015,07,08,0.0,-999,-999
110127,PACAYZAPA,2015,07,09,5.4,-999,-999
110127,PACAYZAPA,2015,07,10,3.6,-999,-999
110127,PACAYZAPA,2015,07,11,2.8,-999,-999
110127,PACAYZAPA,2015,07,12,4.8,-999,-999
110127,PACAYZAPA,2015,07,13,0.0,-999,-999
110127,PACAYZAPA,2015,07,14,0.0,-999,-999
110127,PACAYZAPA,2015,07,15,2.1,-999,-999
110127,PACAYZAPA,2015,07,16,28.2,-999,-999
110127,PACAYZAPA,2015,07,17,2.5,-999,-999
110127,PACAYZAPA,2015,07,18,11.2,-999,-999
110127,PACAYZAPA,2015,07,19,0.0,-999,-999
110127,PACAYZAPA,2015,07,20,0.0,-999,-999
110127,PACAYZAPA,2015,07,21,24.2,-999,-999
110127,PACAYZAPA,2015,07,22,9.6,-999,-999
110127,PACAYZAPA,2015,07,23,0.0,-999,-999
110127,PACAYZAPA,2015,07,24,0.0,-999,-999
110127,PACAYZAPA,2015,07,25,0.0,-999,-999
110127,PACAYZAPA,2015,07,26,0.0,-999,-999
110127,PACAYZAPA,2015,07,27,0.0,-999,-999
110127,PACAYZAPA,2015,07,28,4.2,-999,-999
110127,PACAYZAPA,2015,07,29,11.0,-999,-999
110127,PACAYZAPA,2015,07,30,1.2,-999,-999
110127,PACAYZAPA,2015,07,31,3.2,-999,-999
110127,PACAYZAPA,2015,08,01,0.0,-999,-999
110127,PACAYZAPA,2015,08,02,0.0,-999,-999
110127,PACAYZAPA,2015,08,03,0.0,-999,-999
110127,PACAYZAPA,2015,08,04,0.0,-999,-999
110127,PACAYZAPA,2015,08,05,0.0,-999,-999
110127,PACAYZAPA,2015,08,06,2.5,-999,-999
110127,PACAYZAPA,2015,08,07,0.0,-999,-999
110127,PACAYZAPA,2015,08,08,0.0,-999,-999
110127,PACAYZAPA,2015,08,09,0.0,-999,-999
110127,PACAYZAPA,2015,08,10,0.0,-999,-999
110127,PACAYZAPA,2015,08,11,51.3,-999,-999
110127,PACAYZAPA,2015,08,12,0.8,-999,-999
110127,PACAYZAPA,2015,08,13,0.0,-999,-999
110127,PACAYZAPA,2015,08,14,15.8,-999,-999
110127,PACAYZAPA,2015,08,15,1.1,-999,-999
110127,PACAYZAPA,2015,08,16,0.0,-999,-999
110127,PACAYZAPA,2015,08,17,0.0,-999,-999
110127,PACAYZAPA,2015,08,18,0.0,-999,-999
110127,PACAYZAPA,2015,08,19,0.0,-999,-999
110127,PACAYZAPA,2015,08,20,0.0,-999,-999
110127,PACAYZAPA,2015,08,21,0.0,-999,-999
110127,PACAYZAPA,2015,08,22,0.0,-999,-999
110127,PACAYZAPA,2015,08,23,0.0,-999,-999
110127,PACAYZAPA,2015,08,24,0.0,-999,-999
110127,PACAYZAPA,2015,08,25,0.0,-999,-999
110127,PACAYZAPA,2015,08,26,0.0,-999,-999
110127,PACAYZAPA,2015,08,27,0.0,-999,-999
110127,PACAYZAPA,2015,08,28,12.3,-999,-999
110127,PACAYZAPA,2015,08,29,0.0,-999,-999
110127,PACAYZAPA,2015,08,30,1.0,-999,-999
110127,PACAYZAPA,2015,08,31,3.2,-999,-999
110127,PACAYZAPA,2015,09,01,2.5,-999,-999
110127,PACAYZAPA,2015,09,02,0.0,-999,-999
110127,PACAYZAPA,2015,09,03,1.1,-999,-999
110127,PACAYZAPA,2015,09,04,1.1,-999,-999
110127,PACAYZAPA,2015,09,05,1.2,-999,-999
110127,PACAYZAPA,2015,09,06,7.5,-999,-999
110127,PACAYZAPA,2015,09,07,1.8,-999,-999
110127,PACAYZAPA,2015,09,08,0.0,-999,-999
110127,PACAYZAPA,2015,09,09,0.0,-999,-999
110127,PACAYZAPA,2015,09,10,0.0,-999,-999
110127,PACAYZAPA,2015,09,11,0.0,-999,-999
110127,PACAYZAPA,2015,09,12,0.0,-999,-999
110127,PACAYZAPA,2015,09,13,0.0,-999,-999
110127,PACAYZAPA,2015,09,14,0.0,-999,-999
110127,PACAYZAPA,2015,09,15,0.0,-999,-999
110127,PACAYZAPA,2015,09,16,0.0,-999,-999
110127,PACAYZAPA,2015,09,17,0.0,-999,-999
110127,PACAYZAPA,2015,09,18,0.6,-999,-999
110127,PACAYZAPA,2015,09,19,3.5,-999,-999
110127,PACAYZAPA,2015,09,20,0.0,-999,-999
110127,PACAYZAPA,2015,09,21,3.0,-999,-999
110127,PACAYZAPA,2015,09,22,0.0,-999,-999
110127,PACAYZAPA,2015,09,23,2.5,-999,-999
110127,PACAYZAPA,2015,09,24,0.0,-999,-999
110127,PACAYZAPA,2015,09,25,0.0,-999,-999
110127,PACAYZAPA,2015,09,26,0.0,-999,-999
110127,PACAYZAPA,2015,09,27,1.0,-999,-999
110127,PACAYZAPA,2015,09,28,6.2,-999,-999
110127,PACAYZAPA,2015,09,29,0.0,-999,-999
110127,PACAYZAPA,2015,09,30,0.0,-999,-999
110127,PACAYZAPA,2015,10,01,4.2,-999,-999
110127,PACAYZAPA,2015,10,02,22.8,-999,-999
110127,PACAYZAPA,2015,10,03,4.8,-999,-999
110127,PACAYZAPA,2015,10,04,3.8,-999,-999
110127,PACAYZAPA,2015,10,05,0.0,-999,-999
110127,PACAYZAPA,2015,10,06,0.0,-999,-999
110127,PACAYZAPA,2015,10,07,0.0,-999,-999
110127,PACAYZAPA,2015,10,08,0.0,-999,-999
110127,PACAYZAPA,2015,10,09,0.0,-999,-999
110127,PACAYZAPA,2015,10,10,0.0,-999,-999
110127,PACAYZAPA,2015,10,11,22.2,-999,-999
110127,PACAYZAPA,2015,10,12,0.0,-999,-999
110127,PACAYZAPA,2015,10,13,0.0,-999,-999
110127,PACAYZAPA,2015,10,14,3.5,-999,-999
110127,PACAYZAPA,2015,10,15,18.0,-999,-999
110127,PACAYZAPA,2015,10,16,20.5,-999,-999
110127,PACAYZAPA,2015,10,17,6.0,-999,-999
110127,PACAYZAPA,2015,10,18,25.5,-999,-999
110127,PACAYZAPA,2015,10,19,0.0,-999,-999
110127,PACAYZAPA,2015,10,20,0.0,-999,-999
110127,PACAYZAPA,2015,10,21,0.0,-999,-999
110127,PACAYZAPA,2015,10,22,3.5,-999,-999
110127,PACAYZAPA,2015,10,23,1.1,-999,-999
110127,PACAYZAPA,2015,10,24,0.0,-999,-999
110127,PACAYZAPA,2015,10,25,0.0,-999,-999
110127,PACAYZAPA,2015,10,26,16.5,-999,-999
110127,PACAYZAPA,2015,10,27,0.0,-999,-999
110127,PACAYZAPA,2015,10,28,2.0,-999,-999
110127,PACAYZAPA,2015,10,29,0.0,-999,-999
110127,PACAYZAPA,2015,10,30,0.0,-999,-999
110127,PACAYZAPA,2015,10,31,0.0,-999,-999
110127,PACAYZAPA,2015,11,01,1.2,-999,-999
110127,PACAYZAPA,2015,11,02,0.0,-999,-999
110127,PACAYZAPA,2015,11,03,0.0,-999,-999
110127,PACAYZAPA,2015,11,04,0.0,-999,-999
110127,PACAYZAPA,2015,11,05,0.0,-999,-999
110127,PACAYZAPA,2015,11,06,14.4,-999,-999
110127,PACAYZAPA,2015,11,07,4.8,-999,-999
110127,PACAYZAPA,2015,11,08,31.2,-999,-999
110127,PACAYZAPA,2015,11,09,14.2,-999,-999
110127,PACAYZAPA,2015,11,10,15.4,-999,-999
110127,PACAYZAPA,2015,11,11,1.1,-999,-999
110127,PACAYZAPA,2015,11,12,4.5,-999,-999
110127,PACAYZAPA,2015,11,13,1.1,-999,-999
110127,PACAYZAPA,2015,11,14,3.0,-999,-999
110127,PACAYZAPA,2015,11,15,11.8,-999,-999
110127,PACAYZAPA,2015,11,16,4.2,-999,-999
110127,PACAYZAPA,2015,11,17,4.8,-999,-999
110127,PACAYZAPA,2015,11,18,0.0,-999,-999
110127,PACAYZAPA,2015,11,19,0.0,-999,-999
110127,PACAYZAPA,2015,11,20,0.0,-999,-999
110127,PACAYZAPA,2015,11,21,0.0,-999,-999
110127,PACAYZAPA,2015,11,22,11.4,-999,-999
110127,PACAYZAPA,2015,11,23,25.6,-999,-999
110127,PACAYZAPA,2015,11,24,7.2,-999,-999
110127,PACAYZAPA,2015,11,25,0.0,-999,-999
110127,PACAYZAPA,2015,11,26,0.0,-999,-999
110127,PACAYZAPA,2015,11,27,2.8,-999,-999
110127,PACAYZAPA,2015,11,28,0.0,-999,-999
110127,PACAYZAPA,2015,11,29,0.0,-999,-999
110127,PACAYZAPA,2015,11,30,65.2,-999,-999
110127,PACAYZAPA,2015,12,01,26.9,-999,-999
110127,PACAYZAPA,2015,12,02,0.0,-999,-999
110127,PACAYZAPA,2015,12,03,0.0,-999,-999
110127,PACAYZAPA,2015,12,04,0.0,-999,-999
110127,PACAYZAPA,2015,12,05,0.0,-999,-999
110127,PACAYZAPA,2015,12,06,0.0,-999,-999
110127,PACAYZAPA,2015,12,07,0.0,-999,-999
110127,PACAYZAPA,2015,12,08,10.0,-999,-999
110127,PACAYZAPA,2015,12,09,2.5,-999,-999
110127,PACAYZAPA,2015,12,10,13.2,-999,-999
110127,PACAYZAPA,2015,12,11,3.2,-999,-999
110127,PACAYZAPA,2015,12,12,0.0,-999,-999
110127,PACAYZAPA,2015,12,13,0.0,-999,-999
110127,PACAYZAPA,2015,12,14,2.4,-999,-999
110127,PACAYZAPA,2015,12,15,0.0,-999,-999
110127,PACAYZAPA,2015,12,16,20.7,-999,-999
110127,PACAYZAPA,2015,12,17,0.0,-999,-999
110127,PACAYZAPA,2015,12,18,6.5,-999,-999
110127,PACAYZAPA,2015,12,19,6.8,-999,-999
110127,PACAYZAPA,2015,12,20,9.2,-999,-999
110127,PACAYZAPA,2015,12,21,0.0,-999,-999
110127,PACAYZAPA,2015,12,22,0.0,-999,-999
110127,PACAYZAPA,2015,12,23,10.5,-999,-999
110127,PACAYZAPA,2015,12,24,0.0,-999,-999
110127,PACAYZAPA,2015,12,25,1.5,-999,-999
110127,PACAYZAPA,2015,12,26,4.4,-999,-999
110127,PACAYZAPA,2015,12,27,1.1,-999,-999
110127,PACAYZAPA,2015,12,28,0.0,-999,-999
110127,PACAYZAPA,2015,12,29,0.0,-999,-999
110127,PACAYZAPA,2015,12,30,4.8,-999,-999
110127,PACAYZAPA,2015,12,31,-999,-999,-999
110127,PACAYZAPA,2016,01,01,0.0,-999,-999
110127,PACAYZAPA,2016,01,02,0.0,-999,-999
110127,PACAYZAPA,2016,01,03,0.0,-999,-999
110127,PACAYZAPA,2016,01,04,0.0,-999,-999
110127,PACAYZAPA,2016,01,05,3.5,-999,-999
110127,PACAYZAPA,2016,01,06,0.0,-999,-999
110127,PACAYZAPA,2016,01,07,0.0,-999,-999
110127,PACAYZAPA,2016,01,08,0.0,-999,-999
110127,PACAYZAPA,2016,01,09,0.0,-999,-999
110127,PACAYZAPA,2016,01,10,0.0,-999,-999
110127,PACAYZAPA,2016,01,11,1.8,-999,-999
110127,PACAYZAPA,2016,01,12,0.0,-999,-999
110127,PACAYZAPA,2016,01,13,0.0,-999,-999
110127,PACAYZAPA,2016,01,14,0.0,-999,-999
110127,PACAYZAPA,2016,01,15,0.0,-999,-999
110127,PACAYZAPA,2016,01,16,0.0,-999,-999
110127,PACAYZAPA,2016,01,17,0.0,-999,-999
110127,PACAYZAPA,2016,01,18,0.0,-999,-999
110127,PACAYZAPA,2016,01,19,6.5,-999,-999
110127,PACAYZAPA,2016,01,20,1.8,-999,-999
110127,PACAYZAPA,2016,01,21,4.0,-999,-999
110127,PACAYZAPA,2016,01,22,0.0,-999,-999
110127,PACAYZAPA,2016,01,23,0.0,-999,-999
110127,PACAYZAPA,2016,01,24,3.8,-999,-999
110127,PACAYZAPA,2016,01,25,0.0,-999,-999
110127,PACAYZAPA,2016,01,26,2.8,-999,-999
110127,PACAYZAPA,2016,01,27,0.0,-999,-999
110127,PACAYZAPA,2016,01,28,0.0,-999,-999
110127,PACAYZAPA,2016,01,29,1.8,-999,-999
110127,PACAYZAPA,2016,01,30,0.0,-999,-999
110127,PACAYZAPA,2016,01,31,0.0,-999,-999
110127,PACAYZAPA,2016,02,01,13.3,-999,-999
110127,PACAYZAPA,2016,02,02,54.0,-999,-999
110127,PACAYZAPA,2016,02,03,2.3,-999,-999
110127,PACAYZAPA,2016,02,04,2.1,-999,-999
110127,PACAYZAPA,2016,02,05,0.0,-999,-999
110127,PACAYZAPA,2016,02,06,4.4,-999,-999
110127,PACAYZAPA,2016,02,07,6.6,-999,-999
110127,PACAYZAPA,2016,02,08,36.2,-999,-999
110127,PACAYZAPA,2016,02,09,13.2,-999,-999
110127,PACAYZAPA,2016,02,10,17.2,-999,-999
110127,PACAYZAPA,2016,02,11,12.5,-999,-999
110127,PACAYZAPA,2016,02,12,11.2,-999,-999
110127,PACAYZAPA,2016,02,13,0.0,-999,-999
110127,PACAYZAPA,2016,02,14,0.0,-999,-999
110127,PACAYZAPA,2016,02,15,6.1,-999,-999
110127,PACAYZAPA,2016,02,16,3.8,-999,-999
110127,PACAYZAPA,2016,02,17,0.0,-999,-999
110127,PACAYZAPA,2016,02,18,0.0,-999,-999
110127,PACAYZAPA,2016,02,19,0.6,-999,-999
110127,PACAYZAPA,2016,02,20,0.0,-999,-999
110127,PACAYZAPA,2016,02,21,7.0,-999,-999
110127,PACAYZAPA,2016,02,22,2.2,-999,-999
110127,PACAYZAPA,2016,02,23,2.1,-999,-999
110127,PACAYZAPA,2016,02,24,5.0,-999,-999
110127,PACAYZAPA,2016,02,25,2.4,-999,-999
110127,PACAYZAPA,2016,02,26,2.8,-999,-999
110127,PACAYZAPA,2016,02,27,0.0,-999,-999
110127,PACAYZAPA,2016,02,28,2.5,-999,-999
110127,PACAYZAPA,2016,02,29,2.1,-999,-999
110127,PACAYZAPA,2016,03,01,9.2,-999,-999
110127,PACAYZAPA,2016,03,02,43.0,-999,-999
110127,PACAYZAPA,2016,03,03,6.8,-999,-999
110127,PACAYZAPA,2016,03,04,7.2,-999,-999
110127,PACAYZAPA,2016,03,05,4.5,-999,-999
110127,PACAYZAPA,2016,03,06,1.2,-999,-999
110127,PACAYZAPA,2016,03,07,8.5,-999,-999
110127,PACAYZAPA,2016,03,08,0.0,-999,-999
110127,PACAYZAPA,2016,03,09,0.0,-999,-999
110127,PACAYZAPA,2016,03,10,0.0,-999,-999
110127,PACAYZAPA,2016,03,11,20.5,-999,-999
110127,PACAYZAPA,2016,03,12,12.2,-999,-999
110127,PACAYZAPA,2016,03,13,0.0,-999,-999
110127,PACAYZAPA,2016,03,14,1.0,-999,-999
110127,PACAYZAPA,2016,03,15,8.5,-999,-999
110127,PACAYZAPA,2016,03,16,4.9,-999,-999
110127,PACAYZAPA,2016,03,17,2.7,-999,-999
110127,PACAYZAPA,2016,03,18,3.2,-999,-999
110127,PACAYZAPA,2016,03,19,13.0,-999,-999
110127,PACAYZAPA,2016,03,20,19.7,-999,-999
110127,PACAYZAPA,2016,03,21,0.0,-999,-999
110127,PACAYZAPA,2016,03,22,9.8,-999,-999
110127,PACAYZAPA,2016,03,23,0.0,-999,-999
110127,PACAYZAPA,2016,03,24,0.0,-999,-999
110127,PACAYZAPA,2016,03,25,7.6,-999,-999
110127,PACAYZAPA,2016,03,26,25.4,-999,-999
110127,PACAYZAPA,2016,03,27,2.2,-999,-999
110127,PACAYZAPA,2016,03,28,0.0,-999,-999
110127,PACAYZAPA,2016,03,29,7.8,-999,-999
110127,PACAYZAPA,2016,03,30,48.5,-999,-999
110127,PACAYZAPA,2016,03,31,1.2,-999,-999
110127,PACAYZAPA,2016,04,01,2.2,-999,-999
110127,PACAYZAPA,2016,04,02,0.0,-999,-999
110127,PACAYZAPA,2016,04,03,23.4,-999,-999
110127,PACAYZAPA,2016,04,04,8.6,-999,-999
110127,PACAYZAPA,2016,04,05,18.4,-999,-999
110127,PACAYZAPA,2016,04,06,0.0,-999,-999
110127,PACAYZAPA,2016,04,07,0.0,-999,-999
110127,PACAYZAPA,2016,04,08,11.1,-999,-999
110127,PACAYZAPA,2016,04,09,0.0,-999,-999
110127,PACAYZAPA,2016,04,10,0.0,-999,-999
110127,PACAYZAPA,2016,04,11,0.0,-999,-999
110127,PACAYZAPA,2016,04,12,11.9,-999,-999
110127,PACAYZAPA,2016,04,13,0.0,-999,-999
110127,PACAYZAPA,2016,04,14,0.5,-999,-999
110127,PACAYZAPA,2016,04,15,0.0,-999,-999
110127,PACAYZAPA,2016,04,16,5.2,-999,-999
110127,PACAYZAPA,2016,04,17,0.0,-999,-999
110127,PACAYZAPA,2016,04,18,0.0,-999,-999
110127,PACAYZAPA,2016,04,19,0.0,-999,-999
110127,PACAYZAPA,2016,04,20,0.0,-999,-999
110127,PACAYZAPA,2016,04,21,0.0,-999,-999
110127,PACAYZAPA,2016,04,22,0.0,-999,-999
110127,PACAYZAPA,2016,04,23,0.0,-999,-999
110127,PACAYZAPA,2016,04,24,0.0,-999,-999
110127,PACAYZAPA,2016,04,25,0.0,-999,-999
110127,PACAYZAPA,2016,04,26,1.8,-999,-999
110127,PACAYZAPA,2016,04,27,51.8,-999,-999
110127,PACAYZAPA,2016,04,28,0.0,-999,-999
110127,PACAYZAPA,2016,04,29,0.0,-999,-999
110127,PACAYZAPA,2016,04,30,5.0,-999,-999
110127,PACAYZAPA,2016,05,01,0.0,-999,-999
110127,PACAYZAPA,2016,05,02,0.0,-999,-999
110127,PACAYZAPA,2016,05,03,11.2,-999,-999
110127,PACAYZAPA,2016,05,04,2.2,-999,-999
110127,PACAYZAPA,2016,05,05,0.0,-999,-999
110127,PACAYZAPA,2016,05,06,0.0,-999,-999
110127,PACAYZAPA,2016,05,07,0.0,-999,-999
110127,PACAYZAPA,2016,05,08,28.4,-999,-999
110127,PACAYZAPA,2016,05,09,2.2,-999,-999
110127,PACAYZAPA,2016,05,10,0.0,-999,-999
110127,PACAYZAPA,2016,05,11,0.0,-999,-999
110127,PACAYZAPA,2016,05,12,3.5,-999,-999
110127,PACAYZAPA,2016,05,13,0.0,-999,-999
110127,PACAYZAPA,2016,05,14,16.2,-999,-999
110127,PACAYZAPA,2016,05,15,1.2,-999,-999
110127,PACAYZAPA,2016,05,16,0.0,-999,-999
110127,PACAYZAPA,2016,05,17,1.1,-999,-999
110127,PACAYZAPA,2016,05,18,7.2,-999,-999
110127,PACAYZAPA,2016,05,19,3.2,-999,-999
110127,PACAYZAPA,2016,05,20,2.2,-999,-999
110127,PACAYZAPA,2016,05,21,3.6,-999,-999
110127,PACAYZAPA,2016,05,22,10.8,-999,-999
110127,PACAYZAPA,2016,05,23,42.2,-999,-999
110127,PACAYZAPA,2016,05,24,1.0,-999,-999
110127,PACAYZAPA,2016,05,25,0.0,-999,-999
110127,PACAYZAPA,2016,05,26,0.0,-999,-999
110127,PACAYZAPA,2016,05,27,0.0,-999,-999
110127,PACAYZAPA,2016,05,28,0.0,-999,-999
110127,PACAYZAPA,2016,05,29,0.0,-999,-999
110127,PACAYZAPA,2016,05,30,0.0,-999,-999
110127,PACAYZAPA,2016,05,31,0.0,-999,-999
110127,PACAYZAPA,2016,06,01,5.5,-999,-999
110127,PACAYZAPA,2016,06,02,2.8,-999,-999
110127,PACAYZAPA,2016,06,03,0.0,-999,-999
110127,PACAYZAPA,2016,06,04,0.0,-999,-999
110127,PACAYZAPA,2016,06,05,0.0,-999,-999
110127,PACAYZAPA,2016,06,06,0.0,-999,-999
110127,PACAYZAPA,2016,06,07,0.0,-999,-999
110127,PACAYZAPA,2016,06,08,7.8,-999,-999
110127,PACAYZAPA,2016,06,09,0.0,-999,-999
110127,PACAYZAPA,2016,06,10,8.2,-999,-999
110127,PACAYZAPA,2016,06,11,33.0,-999,-999
110127,PACAYZAPA,2016,06,12,3.8,-999,-999
110127,PACAYZAPA,2016,06,13,0.0,-999,-999
110127,PACAYZAPA,2016,06,14,0.0,-999,-999
110127,PACAYZAPA,2016,06,15,0.0,-999,-999
110127,PACAYZAPA,2016,06,16,0.0,-999,-999
110127,PACAYZAPA,2016,06,17,0.0,-999,-999
110127,PACAYZAPA,2016,06,18,0.0,-999,-999
110127,PACAYZAPA,2016,06,19,0.0,-999,-999
110127,PACAYZAPA,2016,06,20,0.0,-999,-999
110127,PACAYZAPA,2016,06,21,0.0,-999,-999
110127,PACAYZAPA,2016,06,22,0.0,-999,-999
110127,PACAYZAPA,2016,06,23,0.0,-999,-999
110127,PACAYZAPA,2016,06,24,0.0,-999,-999
110127,PACAYZAPA,2016,06,25,0.0,-999,-999
110127,PACAYZAPA,2016,06,26,0.0,-999,-999
110127,PACAYZAPA,2016,06,27,41.2,-999,-999
110127,PACAYZAPA,2016,06,28,2.2,-999,-999
110127,PACAYZAPA,2016,06,29,0.0,-999,-999
110127,PACAYZAPA,2016,06,30,0.0,-999,-999
110127,PACAYZAPA,2016,07,01,0.0,-999,-999
110127,PACAYZAPA,2016,07,02,0.0,-999,-999
110127,PACAYZAPA,2016,07,03,0.0,-999,-999
110127,PACAYZAPA,2016,07,04,0.0,-999,-999
110127,PACAYZAPA,2016,07,05,0.0,-999,-999
110127,PACAYZAPA,2016,07,06,0.0,-999,-999
110127,PACAYZAPA,2016,07,07,5.5,-999,-999
110127,PACAYZAPA,2016,07,08,1.2,-999,-999
110127,PACAYZAPA,2016,07,09,1.0,-999,-999
110127,PACAYZAPA,2016,07,10,0.0,-999,-999
110127,PACAYZAPA,2016,07,11,0.0,-999,-999
110127,PACAYZAPA,2016,07,12,2.2,-999,-999
110127,PACAYZAPA,2016,07,13,1.5,-999,-999
110127,PACAYZAPA,2016,07,14,0.0,-999,-999
110127,PACAYZAPA,2016,07,15,0.0,-999,-999
110127,PACAYZAPA,2016,07,16,0.0,-999,-999
110127,PACAYZAPA,2016,07,17,0.0,-999,-999
110127,PACAYZAPA,2016,07,18,0.0,-999,-999
110127,PACAYZAPA,2016,07,19,0.0,-999,-999
110127,PACAYZAPA,2016,07,20,0.0,-999,-999
110127,PACAYZAPA,2016,07,21,0.0,-999,-999
110127,PACAYZAPA,2016,07,22,0.0,-999,-999
110127,PACAYZAPA,2016,07,23,0.0,-999,-999
110127,PACAYZAPA,2016,07,24,0.0,-999,-999
110127,PACAYZAPA,2016,07,25,0.0,-999,-999
110127,PACAYZAPA,2016,07,26,0.0,-999,-999
110127,PACAYZAPA,2016,07,27,4.8,-999,-999
110127,PACAYZAPA,2016,07,28,10.5,-999,-999
110127,PACAYZAPA,2016,07,29,1.2,-999,-999
110127,PACAYZAPA,2016,07,30,0.0,-999,-999
110127,PACAYZAPA,2016,07,31,0.8,-999,-999
110127,PACAYZAPA,2016,08,01,0.0,-999,-999
110127,PACAYZAPA,2016,08,02,1.0,-999,-999
110127,PACAYZAPA,2016,08,03,0.0,-999,-999
110127,PACAYZAPA,2016,08,04,0.0,-999,-999
110127,PACAYZAPA,2016,08,05,0.0,-999,-999
110127,PACAYZAPA,2016,08,06,1.5,-999,-999
110127,PACAYZAPA,2016,08,07,0.0,-999,-999
110127,PACAYZAPA,2016,08,08,0.0,-999,-999
110127,PACAYZAPA,2016,08,09,0.0,-999,-999
110127,PACAYZAPA,2016,08,10,37.2,-999,-999
110127,PACAYZAPA,2016,08,11,7.2,-999,-999
110127,PACAYZAPA,2016,08,12,0.0,-999,-999
110127,PACAYZAPA,2016,08,13,0.0,-999,-999
110127,PACAYZAPA,2016,08,14,0.0,-999,-999
110127,PACAYZAPA,2016,08,15,0.0,-999,-999
110127,PACAYZAPA,2016,08,16,0.0,-999,-999
110127,PACAYZAPA,2016,08,17,0.0,-999,-999
110127,PACAYZAPA,2016,08,18,2.8,-999,-999
110127,PACAYZAPA,2016,08,19,0.0,-999,-999
110127,PACAYZAPA,2016,08,20,0.0,-999,-999
110127,PACAYZAPA,2016,08,21,2.8,-999,-999
110127,PACAYZAPA,2016,08,22,1.0,-999,-999
110127,PACAYZAPA,2016,08,23,0.0,-999,-999
110127,PACAYZAPA,2016,08,24,0.0,-999,-999
110127,PACAYZAPA,2016,08,25,0.0,-999,-999
110127,PACAYZAPA,2016,08,26,0.0,-999,-999
110127,PACAYZAPA,2016,08,27,0.0,-999,-999
110127,PACAYZAPA,2016,08,28,0.0,-999,-999
110127,PACAYZAPA,2016,08,29,0.0,-999,-999
110127,PACAYZAPA,2016,08,30,0.0,-999,-999
110127,PACAYZAPA,2016,08,31,0.0,-999,-999
110127,PACAYZAPA,2016,09,01,0.0,-999,-999
110127,PACAYZAPA,2016,09,02,18.8,-999,-999
110127,PACAYZAPA,2016,09,03,0.0,-999,-999
110127,PACAYZAPA,2016,09,04,5.4,-999,-999
110127,PACAYZAPA,2016,09,05,1.4,-999,-999
110127,PACAYZAPA,2016,09,06,0.0,-999,-999
110127,PACAYZAPA,2016,09,07,0.0,-999,-999
110127,PACAYZAPA,2016,09,08,0.0,-999,-999
110127,PACAYZAPA,2016,09,09,0.0,-999,-999
110127,PACAYZAPA,2016,09,10,1.0,-999,-999
110127,PACAYZAPA,2016,09,11,0.0,-999,-999
110127,PACAYZAPA,2016,09,12,0.0,-999,-999
110127,PACAYZAPA,2016,09,13,0.0,-999,-999
110127,PACAYZAPA,2016,09,14,7.5,-999,-999
110127,PACAYZAPA,2016,09,15,4.8,-999,-999
110127,PACAYZAPA,2016,09,16,0.0,-999,-999
110127,PACAYZAPA,2016,09,17,0.0,-999,-999
110127,PACAYZAPA,2016,09,18,0.0,-999,-999
110127,PACAYZAPA,2016,09,19,2.8,-999,-999
110127,PACAYZAPA,2016,09,20,0.0,-999,-999
110127,PACAYZAPA,2016,09,21,0.0,-999,-999
110127,PACAYZAPA,2016,09,22,0.5,-999,-999
110127,PACAYZAPA,2016,09,23,6.0,-999,-999
110127,PACAYZAPA,2016,09,24,37.4,-999,-999
110127,PACAYZAPA,2016,09,25,1.8,-999,-999
110127,PACAYZAPA,2016,09,26,24.8,-999,-999
110127,PACAYZAPA,2016,09,27,9.2,-999,-999
110127,PACAYZAPA,2016,09,28,2.4,-999,-999
110127,PACAYZAPA,2016,09,29,0.0,-999,-999
110127,PACAYZAPA,2016,09,30,0.0,-999,-999
110127,PACAYZAPA,2016,10,01,3.8,-999,-999
110127,PACAYZAPA,2016,10,02,24.8,-999,-999
110127,PACAYZAPA,2016,10,03,4.6,-999,-999
110127,PACAYZAPA,2016,10,04,0.0,-999,-999
110127,PACAYZAPA,2016,10,05,0.0,-999,-999
110127,PACAYZAPA,2016,10,06,0.0,-999,-999
110127,PACAYZAPA,2016,10,07,28.4,-999,-999
110127,PACAYZAPA,2016,10,08,0.0,-999,-999
110127,PACAYZAPA,2016,10,09,1.2,-999,-999
110127,PACAYZAPA,2016,10,10,34.2,-999,-999
110127,PACAYZAPA,2016,10,11,1.0,-999,-999
110127,PACAYZAPA,2016,10,12,12.3,-999,-999
110127,PACAYZAPA,2016,10,13,6.0,-999,-999
110127,PACAYZAPA,2016,10,14,0.0,-999,-999
110127,PACAYZAPA,2016,10,15,0.0,-999,-999
110127,PACAYZAPA,2016,10,16,0.0,-999,-999
110127,PACAYZAPA,2016,10,17,12.8,-999,-999
110127,PACAYZAPA,2016,10,18,1.8,-999,-999
110127,PACAYZAPA,2016,10,19,1.0,-999,-999
110127,PACAYZAPA,2016,10,20,2.2,-999,-999
110127,PACAYZAPA,2016,10,21,4.5,-999,-999
110127,PACAYZAPA,2016,10,22,19.8,-999,-999
110127,PACAYZAPA,2016,10,23,0.0,-999,-999
110127,PACAYZAPA,2016,10,24,39.7,-999,-999
110127,PACAYZAPA,2016,10,25,0.0,-999,-999
110127,PACAYZAPA,2016,10,26,0.0,-999,-999
110127,PACAYZAPA,2016,10,27,0.0,-999,-999
110127,PACAYZAPA,2016,10,28,0.0,-999,-999
110127,PACAYZAPA,2016,10,29,0.0,-999,-999
110127,PACAYZAPA,2016,10,30,0.0,-999,-999
110127,PACAYZAPA,2016,10,31,0.0,-999,-999
110127,PACAYZAPA,2016,11,01,0.0,-999,-999
110127,PACAYZAPA,2016,11,02,4.0,-999,-999
110127,PACAYZAPA,2016,11,03,8.5,-999,-999
110127,PACAYZAPA,2016,11,04,0.5,-999,-999
110127,PACAYZAPA,2016,11,05,1.2,-999,-999
110127,PACAYZAPA,2016,11,06,0.0,-999,-999
110127,PACAYZAPA,2016,11,07,4.2,-999,-999
110127,PACAYZAPA,2016,11,08,8.5,-999,-999
110127,PACAYZAPA,2016,11,09,1.0,-999,-999
110127,PACAYZAPA,2016,11,10,13.2,-999,-999
110127,PACAYZAPA,2016,11,11,0.0,-999,-999
110127,PACAYZAPA,2016,11,12,0.0,-999,-999
110127,PACAYZAPA,2016,11,13,0.0,-999,-999
110127,PACAYZAPA,2016,11,14,0.0,-999,-999
110127,PACAYZAPA,2016,11,15,0.0,-999,-999
110127,PACAYZAPA,2016,11,16,0.0,-999,-999
110127,PACAYZAPA,2016,11,17,0.0,-999,-999
110127,PACAYZAPA,2016,11,18,25.2,-999,-999
110127,PACAYZAPA,2016,11,19,0.0,-999,-999
110127,PACAYZAPA,2016,11,20,0.0,-999,-999
110127,PACAYZAPA,2016,11,21,0.0,-999,-999
110127,PACAYZAPA,2016,11,22,0.0,-999,-999
110127,PACAYZAPA,2016,11,23,0.0,-999,-999
110127,PACAYZAPA,2016,11,24,0.0,-999,-999
110127,PACAYZAPA,2016,11,25,0.0,-999,-999
110127,PACAYZAPA,2016,11,26,1.4,-999,-999
110127,PACAYZAPA,2016,11,27,1.0,-999,-999
110127,PACAYZAPA,2016,11,28,1.2,-999,-999
110127,PACAYZAPA,2016,11,29,18.4,-999,-999
110127,PACAYZAPA,2016,11,30,2.2,-999,-999
110127,PACAYZAPA,2016,12,01,0.0,-999,-999
110127,PACAYZAPA,2016,12,02,0.0,-999,-999
110127,PACAYZAPA,2016,12,03,0.0,-999,-999
110127,PACAYZAPA,2016,12,04,0.0,-999,-999
110127,PACAYZAPA,2016,12,05,0.0,-999,-999
110127,PACAYZAPA,2016,12,06,2.2,-999,-999
110127,PACAYZAPA,2016,12,07,0.0,-999,-999
110127,PACAYZAPA,2016,12,08,9.8,-999,-999
110127,PACAYZAPA,2016,12,09,0.0,-999,-999
110127,PACAYZAPA,2016,12,10,17.8,-999,-999
110127,PACAYZAPA,2016,12,11,1.0,-999,-999
110127,PACAYZAPA,2016,12,12,0.0,-999,-999
110127,PACAYZAPA,2016,12,13,0.0,-999,-999
110127,PACAYZAPA,2016,12,14,14.2,-999,-999
110127,PACAYZAPA,2016,12,15,0.0,-999,-999
110127,PACAYZAPA,2016,12,16,0.0,-999,-999
110127,PACAYZAPA,2016,12,17,0.0,-999,-999
110127,PACAYZAPA,2016,12,18,0.0,-999,-999
110127,PACAYZAPA,2016,12,19,9.2,-999,-999
110127,PACAYZAPA,2016,12,20,0.0,-999,-999
110127,PACAYZAPA,2016,12,21,0.0,-999,-999
110127,PACAYZAPA,2016,12,22,4.2,-999,-999
110127,PACAYZAPA,2016,12,23,0.0,-999,-999
110127,PACAYZAPA,2016,12,24,0.0,-999,-999
110127,PACAYZAPA,2016,12,25,0.0,-999,-999
110127,PACAYZAPA,2016,12,26,0.0,-999,-999
110127,PACAYZAPA,2016,12,27,0.0,-999,-999
110127,PACAYZAPA,2016,12,28,12.2,-999,-999
110127,PACAYZAPA,2016,12,29,0.0,-999,-999
110127,PACAYZAPA,2016,12,30,0.0,-999,-999
110127,PACAYZAPA,2016,12,31,31.2,-999,-999
110127,PACAYZAPA,2017,01,01,4.6,-999,-999
110127,PACAYZAPA,2017,01,02,0.0,-999,-999
110127,PACAYZAPA,2017,01,03,0.0,-999,-999
110127,PACAYZAPA,2017,01,04,0.0,-999,-999
110127,PACAYZAPA,2017,01,05,34.6,-999,-999
110127,PACAYZAPA,2017,01,06,37.2,-999,-999
110127,PACAYZAPA,2017,01,07,0.0,-999,-999
110127,PACAYZAPA,2017,01,08,0.0,-999,-999
110127,PACAYZAPA,2017,01,09,1.2,-999,-999
110127,PACAYZAPA,2017,01,10,25.2,-999,-999
110127,PACAYZAPA,2017,01,11,0.0,-999,-999
110127,PACAYZAPA,2017,01,12,0.0,-999,-999
110127,PACAYZAPA,2017,01,13,26.4,-999,-999
110127,PACAYZAPA,2017,01,14,0.0,-999,-999
110127,PACAYZAPA,2017,01,15,0.0,-999,-999
110127,PACAYZAPA,2017,01,16,0.0,-999,-999
110127,PACAYZAPA,2017,01,17,0.0,-999,-999
110127,PACAYZAPA,2017,01,18,0.0,-999,-999
110127,PACAYZAPA,2017,01,19,9.6,-999,-999
110127,PACAYZAPA,2017,01,20,14.6,-999,-999
110127,PACAYZAPA,2017,01,21,15.4,-999,-999
110127,PACAYZAPA,2017,01,22,0.0,-999,-999
110127,PACAYZAPA,2017,01,23,3.2,-999,-999
110127,PACAYZAPA,2017,01,24,15.8,-999,-999
110127,PACAYZAPA,2017,01,25,4.2,-999,-999
110127,PACAYZAPA,2017,01,26,9.4,-999,-999
110127,PACAYZAPA,2017,01,27,11.2,-999,-999
110127,PACAYZAPA,2017,01,28,6.7,-999,-999
110127,PACAYZAPA,2017,01,29,7.2,-999,-999
110127,PACAYZAPA,2017,01,30,0.0,-999,-999
110127,PACAYZAPA,2017,01,31,7.6,-999,-999
110127,PACAYZAPA,2017,02,01,0.0,-999,-999
110127,PACAYZAPA,2017,02,02,1.2,-999,-999
110127,PACAYZAPA,2017,02,03,6.4,-999,-999
110127,PACAYZAPA,2017,02,04,0.0,-999,-999
110127,PACAYZAPA,2017,02,05,12.4,-999,-999
110127,PACAYZAPA,2017,02,06,1.8,-999,-999
110127,PACAYZAPA,2017,02,07,0.8,-999,-999
110127,PACAYZAPA,2017,02,08,1.0,-999,-999
110127,PACAYZAPA,2017,02,09,0.0,-999,-999
110127,PACAYZAPA,2017,02,10,0.0,-999,-999
110127,PACAYZAPA,2017,02,11,4.3,-999,-999
110127,PACAYZAPA,2017,02,12,2.2,-999,-999
110127,PACAYZAPA,2017,02,13,2.4,-999,-999
110127,PACAYZAPA,2017,02,14,37.4,-999,-999
110127,PACAYZAPA,2017,02,15,7.2,-999,-999
110127,PACAYZAPA,2017,02,16,0.0,-999,-999
110127,PACAYZAPA,2017,02,17,0.8,-999,-999
110127,PACAYZAPA,2017,02,18,0.0,-999,-999
110127,PACAYZAPA,2017,02,19,0.0,-999,-999
110127,PACAYZAPA,2017,02,20,0.0,-999,-999
110127,PACAYZAPA,2017,02,21,13.6,-999,-999
110127,PACAYZAPA,2017,02,22,1.1,-999,-999
110127,PACAYZAPA,2017,02,23,2.2,-999,-999
110127,PACAYZAPA,2017,02,24,53.2,-999,-999
110127,PACAYZAPA,2017,02,25,22.6,-999,-999
110127,PACAYZAPA,2017,02,26,0.6,-999,-999
110127,PACAYZAPA,2017,02,27,0.0,-999,-999
110127,PACAYZAPA,2017,02,28,0.0,-999,-999
110127,PACAYZAPA,2017,03,01,0.0,-999,-999
110127,PACAYZAPA,2017,03,02,0.0,-999,-999
110127,PACAYZAPA,2017,03,03,5.5,-999,-999
110127,PACAYZAPA,2017,03,04,0.8,-999,-999
110127,PACAYZAPA,2017,03,05,0.0,-999,-999
110127,PACAYZAPA,2017,03,06,1.0,-999,-999
110127,PACAYZAPA,2017,03,07,0.0,-999,-999
110127,PACAYZAPA,2017,03,08,0.0,-999,-999
110127,PACAYZAPA,2017,03,09,1.4,-999,-999
110127,PACAYZAPA,2017,03,10,0.0,-999,-999
110127,PACAYZAPA,2017,03,11,4.5,-999,-999
110127,PACAYZAPA,2017,03,12,0.0,-999,-999
110127,PACAYZAPA,2017,03,13,7.4,-999,-999
110127,PACAYZAPA,2017,03,14,47.8,-999,-999
110127,PACAYZAPA,2017,03,15,0.0,-999,-999
110127,PACAYZAPA,2017,03,16,0.0,-999,-999
110127,PACAYZAPA,2017,03,17,5.8,-999,-999
110127,PACAYZAPA,2017,03,18,25.6,-999,-999
110127,PACAYZAPA,2017,03,19,0.0,-999,-999
110127,PACAYZAPA,2017,03,20,0.0,-999,-999
110127,PACAYZAPA,2017,03,21,1.2,-999,-999
110127,PACAYZAPA,2017,03,22,16.3,-999,-999
110127,PACAYZAPA,2017,03,23,1.8,-999,-999
110127,PACAYZAPA,2017,03,24,0.0,-999,-999
110127,PACAYZAPA,2017,03,25,0.0,-999,-999
110127,PACAYZAPA,2017,03,26,5.2,-999,-999
110127,PACAYZAPA,2017,03,27,3.8,-999,-999
110127,PACAYZAPA,2017,03,28,0.5,-999,-999
110127,PACAYZAPA,2017,03,29,2.2,-999,-999
110127,PACAYZAPA,2017,03,30,0.6,-999,-999
110127,PACAYZAPA,2017,03,31,5.3,-999,-999
110127,PACAYZAPA,2017,04,01,0.5,-999,-999
110127,PACAYZAPA,2017,04,02,0.0,-999,-999
110127,PACAYZAPA,2017,04,03,5.0,-999,-999
110127,PACAYZAPA,2017,04,04,0.0,-999,-999
110127,PACAYZAPA,2017,04,05,2.2,-999,-999
110127,PACAYZAPA,2017,04,06,0.5,-999,-999
110127,PACAYZAPA,2017,04,07,0.0,-999,-999
110127,PACAYZAPA,2017,04,08,0.0,-999,-999
110127,PACAYZAPA,2017,04,09,0.0,-999,-999
110127,PACAYZAPA,2017,04,10,1.0,-999,-999
110127,PACAYZAPA,2017,04,11,7.2,-999,-999
110127,PACAYZAPA,2017,04,12,7.4,-999,-999
110127,PACAYZAPA,2017,04,13,19.5,-999,-999
110127,PACAYZAPA,2017,04,14,0.0,-999,-999
110127,PACAYZAPA,2017,04,15,1.5,-999,-999
110127,PACAYZAPA,2017,04,16,0.0,-999,-999
110127,PACAYZAPA,2017,04,17,4.6,-999,-999
110127,PACAYZAPA,2017,04,18,0.8,-999,-999
110127,PACAYZAPA,2017,04,19,6.6,-999,-999
110127,PACAYZAPA,2017,04,20,0.5,-999,-999
110127,PACAYZAPA,2017,04,21,0.0,-999,-999
110127,PACAYZAPA,2017,04,22,0.0,-999,-999
110127,PACAYZAPA,2017,04,23,21.5,-999,-999
110127,PACAYZAPA,2017,04,24,0.0,-999,-999
110127,PACAYZAPA,2017,04,25,0.0,-999,-999
110127,PACAYZAPA,2017,04,26,1.5,-999,-999
110127,PACAYZAPA,2017,04,27,0.0,-999,-999
110127,PACAYZAPA,2017,04,28,7.5,-999,-999
110127,PACAYZAPA,2017,04,29,1.0,-999,-999
110127,PACAYZAPA,2017,04,30,3.2,-999,-999
110127,PACAYZAPA,2017,05,01,0.0,-999,-999
110127,PACAYZAPA,2017,05,02,0.0,-999,-999
110127,PACAYZAPA,2017,05,03,1.0,-999,-999
110127,PACAYZAPA,2017,05,04,0.0,-999,-999
110127,PACAYZAPA,2017,05,05,0.0,-999,-999
110127,PACAYZAPA,2017,05,06,45.0,-999,-999
110127,PACAYZAPA,2017,05,07,0.0,-999,-999
110127,PACAYZAPA,2017,05,08,0.0,-999,-999
110127,PACAYZAPA,2017,05,09,16.0,-999,-999
110127,PACAYZAPA,2017,05,10,6.4,-999,-999
110127,PACAYZAPA,2017,05,11,17.2,-999,-999
110127,PACAYZAPA,2017,05,12,0.6,-999,-999
110127,PACAYZAPA,2017,05,13,4.4,-999,-999
110127,PACAYZAPA,2017,05,14,2.8,-999,-999
110127,PACAYZAPA,2017,05,15,0.8,-999,-999
110127,PACAYZAPA,2017,05,16,0.0,-999,-999
110127,PACAYZAPA,2017,05,17,4.0,-999,-999
110127,PACAYZAPA,2017,05,18,0.0,-999,-999
110127,PACAYZAPA,2017,05,19,0.0,-999,-999
110127,PACAYZAPA,2017,05,20,20.2,-999,-999
110127,PACAYZAPA,2017,05,21,0.0,-999,-999
110127,PACAYZAPA,2017,05,22,3.2,-999,-999
110127,PACAYZAPA,2017,05,23,0.0,-999,-999
110127,PACAYZAPA,2017,05,24,1.5,-999,-999
110127,PACAYZAPA,2017,05,25,23.5,-999,-999
110127,PACAYZAPA,2017,05,26,6.7,-999,-999
110127,PACAYZAPA,2017,05,27,32.6,-999,-999
110127,PACAYZAPA,2017,05,28,3.2,-999,-999
110127,PACAYZAPA,2017,05,29,0.0,-999,-999
110127,PACAYZAPA,2017,05,30,0.6,-999,-999
110127,PACAYZAPA,2017,05,31,0.0,-999,-999
110127,PACAYZAPA,2017,06,01,8.4,-999,-999
110127,PACAYZAPA,2017,06,02,6.4,-999,-999
110127,PACAYZAPA,2017,06,03,28.6,-999,-999
110127,PACAYZAPA,2017,06,04,0.0,-999,-999
110127,PACAYZAPA,2017,06,05,2.6,-999,-999
110127,PACAYZAPA,2017,06,06,0.0,-999,-999
110127,PACAYZAPA,2017,06,07,0.0,-999,-999
110127,PACAYZAPA,2017,06,08,0.0,-999,-999
110127,PACAYZAPA,2017,06,09,14.6,-999,-999
110127,PACAYZAPA,2017,06,10,5.2,-999,-999
110127,PACAYZAPA,2017,06,11,0.0,-999,-999
110127,PACAYZAPA,2017,06,12,0.0,-999,-999
110127,PACAYZAPA,2017,06,13,8.6,-999,-999
110127,PACAYZAPA,2017,06,14,0.0,-999,-999
110127,PACAYZAPA,2017,06,15,0.0,-999,-999
110127,PACAYZAPA,2017,06,16,0.0,-999,-999
110127,PACAYZAPA,2017,06,17,0.0,-999,-999
110127,PACAYZAPA,2017,06,18,0.0,-999,-999
110127,PACAYZAPA,2017,06,19,0.0,-999,-999
110127,PACAYZAPA,2017,06,20,50.6,-999,-999
110127,PACAYZAPA,2017,06,21,0.0,-999,-999
110127,PACAYZAPA,2017,06,22,0.0,-999,-999
110127,PACAYZAPA,2017,06,23,0.0,-999,-999
110127,PACAYZAPA,2017,06,24,0.0,-999,-999
110127,PACAYZAPA,2017,06,25,0.0,-999,-999
110127,PACAYZAPA,2017,06,26,0.0,-999,-999
110127,PACAYZAPA,2017,06,27,0.5,-999,-999
110127,PACAYZAPA,2017,06,28,7.0,-999,-999
110127,PACAYZAPA,2017,06,29,3.5,-999,-999
110127,PACAYZAPA,2017,06,30,0.0,-999,-999
110127,PACAYZAPA,2017,07,01,40.4,-999,-999
110127,PACAYZAPA,2017,07,02,0.0,-999,-999
110127,PACAYZAPA,2017,07,03,0.0,-999,-999
110127,PACAYZAPA,2017,07,04,0.0,-999,-999
110127,PACAYZAPA,2017,07,05,0.0,-999,-999
110127,PACAYZAPA,2017,07,06,2.8,-999,-999
110127,PACAYZAPA,2017,07,07,0.0,-999,-999
110127,PACAYZAPA,2017,07,08,0.0,-999,-999
110127,PACAYZAPA,2017,07,09,0.0,-999,-999
110127,PACAYZAPA,2017,07,10,0.0,-999,-999
110127,PACAYZAPA,2017,07,11,3.7,-999,-999
110127,PACAYZAPA,2017,07,12,0.0,-999,-999
110127,PACAYZAPA,2017,07,13,0.0,-999,-999
110127,PACAYZAPA,2017,07,14,0.0,-999,-999
110127,PACAYZAPA,2017,07,15,0.0,-999,-999
110127,PACAYZAPA,2017,07,16,0.0,-999,-999
110127,PACAYZAPA,2017,07,17,0.0,-999,-999
110127,PACAYZAPA,2017,07,18,14.2,-999,-999
110127,PACAYZAPA,2017,07,19,0.0,-999,-999
110127,PACAYZAPA,2017,07,20,0.0,-999,-999
110127,PACAYZAPA,2017,07,21,0.0,-999,-999
110127,PACAYZAPA,2017,07,22,0.0,-999,-999
110127,PACAYZAPA,2017,07,23,0.0,-999,-999
110127,PACAYZAPA,2017,07,24,0.0,-999,-999
110127,PACAYZAPA,2017,07,25,0.0,-999,-999
110127,PACAYZAPA,2017,07,26,0.0,-999,-999
110127,PACAYZAPA,2017,07,27,0.0,-999,-999
110127,PACAYZAPA,2017,07,28,0.0,-999,-999
110127,PACAYZAPA,2017,07,29,0.0,-999,-999
110127,PACAYZAPA,2017,07,30,0.0,-999,-999
110127,PACAYZAPA,2017,07,31,0.0,-999,-999
110127,PACAYZAPA,2017,08,01,0.0,-999,-999
110127,PACAYZAPA,2017,08,02,0.0,-999,-999
110127,PACAYZAPA,2017,08,03,0.0,-999,-999
110127,PACAYZAPA,2017,08,04,1.2,-999,-999
110127,PACAYZAPA,2017,08,05,0.0,-999,-999
110127,PACAYZAPA,2017,08,06,0.0,-999,-999
110127,PACAYZAPA,2017,08,07,0.0,-999,-999
110127,PACAYZAPA,2017,08,08,0.0,-999,-999
110127,PACAYZAPA,2017,08,09,2.2,-999,-999
110127,PACAYZAPA,2017,08,10,0.0,-999,-999
110127,PACAYZAPA,2017,08,11,0.0,-999,-999
110127,PACAYZAPA,2017,08,12,0.8,-999,-999
110127,PACAYZAPA,2017,08,13,0.0,-999,-999
110127,PACAYZAPA,2017,08,14,8.0,-999,-999
110127,PACAYZAPA,2017,08,15,0.0,-999,-999
110127,PACAYZAPA,2017,08,16,0.0,-999,-999
110127,PACAYZAPA,2017,08,17,0.0,-999,-999
110127,PACAYZAPA,2017,08,18,0.0,-999,-999
110127,PACAYZAPA,2017,08,19,0.0,-999,-999
110127,PACAYZAPA,2017,08,20,23.5,-999,-999
110127,PACAYZAPA,2017,08,21,19.8,-999,-999
110127,PACAYZAPA,2017,08,22,0.0,-999,-999
110127,PACAYZAPA,2017,08,23,0.0,-999,-999
110127,PACAYZAPA,2017,08,24,0.0,-999,-999
110127,PACAYZAPA,2017,08,25,0.0,-999,-999
110127,PACAYZAPA,2017,08,26,0.0,-999,-999
110127,PACAYZAPA,2017,08,27,1.8,-999,-999
110127,PACAYZAPA,2017,08,28,3.5,-999,-999
110127,PACAYZAPA,2017,08,29,0.0,-999,-999
110127,PACAYZAPA,2017,08,30,0.0,-999,-999
110127,PACAYZAPA,2017,08,31,11.7,-999,-999
110127,PACAYZAPA,2017,09,01,0.0,-999,-999
110127,PACAYZAPA,2017,09,02,9.5,-999,-999
110127,PACAYZAPA,2017,09,03,16.8,-999,-999
110127,PACAYZAPA,2017,09,04,0.0,-999,-999
110127,PACAYZAPA,2017,09,05,1.5,-999,-999
110127,PACAYZAPA,2017,09,06,0.0,-999,-999
110127,PACAYZAPA,2017,09,07,8.2,-999,-999
110127,PACAYZAPA,2017,09,08,2.2,-999,-999
110127,PACAYZAPA,2017,09,09,35.5,-999,-999
110127,PACAYZAPA,2017,09,10,1.2,-999,-999
110127,PACAYZAPA,2017,09,11,17.2,-999,-999
110127,PACAYZAPA,2017,09,12,4.5,-999,-999
110127,PACAYZAPA,2017,09,13,0.0,-999,-999
110127,PACAYZAPA,2017,09,14,5.5,-999,-999
110127,PACAYZAPA,2017,09,15,4.5,-999,-999
110127,PACAYZAPA,2017,09,16,54.2,-999,-999
110127,PACAYZAPA,2017,09,17,11.2,-999,-999
110127,PACAYZAPA,2017,09,18,0.0,-999,-999
110127,PACAYZAPA,2017,09,19,0.0,-999,-999
110127,PACAYZAPA,2017,09,20,0.0,-999,-999
110127,PACAYZAPA,2017,09,21,0.0,-999,-999
110127,PACAYZAPA,2017,09,22,0.8,-999,-999
110127,PACAYZAPA,2017,09,23,0.0,-999,-999
110127,PACAYZAPA,2017,09,24,5.8,-999,-999
110127,PACAYZAPA,2017,09,25,0.5,-999,-999
110127,PACAYZAPA,2017,09,26,2.2,-999,-999
110127,PACAYZAPA,2017,09,27,0.0,-999,-999
110127,PACAYZAPA,2017,09,28,0.0,-999,-999
110127,PACAYZAPA,2017,09,29,19.8,-999,-999
110127,PACAYZAPA,2017,09,30,0.0,-999,-999
110127,PACAYZAPA,2017,10,01,0.0,-999,-999
110127,PACAYZAPA,2017,10,02,0.0,-999,-999
110127,PACAYZAPA,2017,10,03,0.0,-999,-999
110127,PACAYZAPA,2017,10,04,0.5,-999,-999
110127,PACAYZAPA,2017,10,05,0.0,-999,-999
110127,PACAYZAPA,2017,10,06,0.0,-999,-999
110127,PACAYZAPA,2017,10,07,27.8,-999,-999
110127,PACAYZAPA,2017,10,08,0.0,-999,-999
110127,PACAYZAPA,2017,10,09,0.0,-999,-999
110127,PACAYZAPA,2017,10,10,0.0,-999,-999
110127,PACAYZAPA,2017,10,11,10.0,-999,-999
110127,PACAYZAPA,2017,10,12,0.5,-999,-999
110127,PACAYZAPA,2017,10,13,0.0,-999,-999
110127,PACAYZAPA,2017,10,14,14.0,-999,-999
110127,PACAYZAPA,2017,10,15,14.4,-999,-999
110127,PACAYZAPA,2017,10,16,0.0,-999,-999
110127,PACAYZAPA,2017,10,17,0.0,-999,-999
110127,PACAYZAPA,2017,10,18,0.0,-999,-999
110127,PACAYZAPA,2017,10,19,0.0,-999,-999
110127,PACAYZAPA,2017,10,20,10.0,-999,-999
110127,PACAYZAPA,2017,10,21,0.0,-999,-999
110127,PACAYZAPA,2017,10,22,38.5,-999,-999
110127,PACAYZAPA,2017,10,23,2.5,-999,-999
110127,PACAYZAPA,2017,10,24,0.0,-999,-999
110127,PACAYZAPA,2017,10,25,0.0,-999,-999
110127,PACAYZAPA,2017,10,26,0.0,-999,-999
110127,PACAYZAPA,2017,10,27,8.3,-999,-999
110127,PACAYZAPA,2017,10,28,0.0,-999,-999
110127,PACAYZAPA,2017,10,29,28.4,-999,-999
110127,PACAYZAPA,2017,10,30,0.0,-999,-999
110127,PACAYZAPA,2017,10,31,0.0,-999,-999
110127,PACAYZAPA,2017,11,01,7.8,-999,-999
110127,PACAYZAPA,2017,11,02,0.5,-999,-999
110127,PACAYZAPA,2017,11,03,37.5,-999,-999
110127,PACAYZAPA,2017,11,04,2.1,-999,-999
110127,PACAYZAPA,2017,11,05,1.1,-999,-999
110127,PACAYZAPA,2017,11,06,1.5,-999,-999
110127,PACAYZAPA,2017,11,07,0.0,-999,-999
110127,PACAYZAPA,2017,11,08,0.0,-999,-999
110127,PACAYZAPA,2017,11,09,15.8,-999,-999
110127,PACAYZAPA,2017,11,10,7.2,-999,-999
110127,PACAYZAPA,2017,11,11,0.0,-999,-999
110127,PACAYZAPA,2017,11,12,26.2,-999,-999
110127,PACAYZAPA,2017,11,13,8.8,-999,-999
110127,PACAYZAPA,2017,11,14,3.4,-999,-999
110127,PACAYZAPA,2017,11,15,2.0,-999,-999
110127,PACAYZAPA,2017,11,16,0.0,-999,-999
110127,PACAYZAPA,2017,11,17,0.0,-999,-999
110127,PACAYZAPA,2017,11,18,0.0,-999,-999
110127,PACAYZAPA,2017,11,19,0.0,-999,-999
110127,PACAYZAPA,2017,11,20,27.2,-999,-999
110127,PACAYZAPA,2017,11,21,0.0,-999,-999
110127,PACAYZAPA,2017,11,22,0.0,-999,-999
110127,PACAYZAPA,2017,11,23,0.0,-999,-999
110127,PACAYZAPA,2017,11,24,0.0,-999,-999
110127,PACAYZAPA,2017,11,25,0.0,-999,-999
110127,PACAYZAPA,2017,11,26,0.0,-999,-999
110127,PACAYZAPA,2017,11,27,6.5,-999,-999
110127,PACAYZAPA,2017,11,28,98.0,-999,-999
110127,PACAYZAPA,2017,11,29,0.0,-999,-999
110127,PACAYZAPA,2017,11,30,0.0,-999,-999
110127,PACAYZAPA,2017,12,01,0.0,-999,-999
110127,PACAYZAPA,2017,12,02,0.0,-999,-999
110127,PACAYZAPA,2017,12,03,1.1,-999,-999
110127,PACAYZAPA,2017,12,04,3.1,-999,-999
110127,PACAYZAPA,2017,12,05,14.9,-999,-999
110127,PACAYZAPA,2017,12,06,2.8,-999,-999
110127,PACAYZAPA,2017,12,07,0.0,-999,-999
110127,PACAYZAPA,2017,12,08,0.0,-999,-999
110127,PACAYZAPA,2017,12,09,0.0,-999,-999
110127,PACAYZAPA,2017,12,10,0.0,-999,-999
110127,PACAYZAPA,2017,12,11,28.2,-999,-999
110127,PACAYZAPA,2017,12,12,0.0,-999,-999
110127,PACAYZAPA,2017,12,13,0.0,-999,-999
110127,PACAYZAPA,2017,12,14,0.0,-999,-999
110127,PACAYZAPA,2017,12,15,3.2,-999,-999
110127,PACAYZAPA,2017,12,16,0.0,-999,-999
110127,PACAYZAPA,2017,12,17,0.0,-999,-999
110127,PACAYZAPA,2017,12,18,0.0,-999,-999
110127,PACAYZAPA,2017,12,19,0.0,-999,-999
110127,PACAYZAPA,2017,12,20,0.0,-999,-999
110127,PACAYZAPA,2017,12,21,0.0,-999,-999
110127,PACAYZAPA,2017,12,22,12.8,-999,-999
110127,PACAYZAPA,2017,12,23,0.0,-999,-999
110127,PACAYZAPA,2017,12,24,0.0,-999,-999
110127,PACAYZAPA,2017,12,25,0.0,-999,-999
110127,PACAYZAPA,2017,12,26,4.8,-999,-999
110127,PACAYZAPA,2017,12,27,0.0,-999,-999
110127,PACAYZAPA,2017,12,28,5.2,-999,-999
110127,PACAYZAPA,2017,12,29,2.4,-999,-999
110127,PACAYZAPA,2017,12,30,1.2,-999,-999
110127,PACAYZAPA,2017,12,31,11.8,-999,-999
110127,PACAYZAPA,2018,01,01,1.2,-999,-999
110127,PACAYZAPA,2018,01,02,0.0,-999,-999
110127,PACAYZAPA,2018,01,03,0.0,-999,-999
110127,PACAYZAPA,2018,01,04,12.5,-999,-999
110127,PACAYZAPA,2018,01,05,1.5,-999,-999
110127,PACAYZAPA,2018,01,06,0.0,-999,-999
110127,PACAYZAPA,2018,01,07,1.2,-999,-999
110127,PACAYZAPA,2018,01,08,7.5,-999,-999
110127,PACAYZAPA,2018,01,09,3.2,-999,-999
110127,PACAYZAPA,2018,01,10,14.8,-999,-999
110127,PACAYZAPA,2018,01,11,7.8,-999,-999
110127,PACAYZAPA,2018,01,12,20.2,-999,-999
110127,PACAYZAPA,2018,01,13,0.0,-999,-999
110127,PACAYZAPA,2018,01,14,0.0,-999,-999
110127,PACAYZAPA,2018,01,15,21.2,-999,-999
110127,PACAYZAPA,2018,01,16,0.0,-999,-999
110127,PACAYZAPA,2018,01,17,10.5,-999,-999
110127,PACAYZAPA,2018,01,18,5.8,-999,-999
110127,PACAYZAPA,2018,01,19,0.0,-999,-999
110127,PACAYZAPA,2018,01,20,2.4,-999,-999
110127,PACAYZAPA,2018,01,21,29.8,-999,-999
110127,PACAYZAPA,2018,01,22,1.5,-999,-999
110127,PACAYZAPA,2018,01,23,5.8,-999,-999
110127,PACAYZAPA,2018,01,24,0.0,-999,-999
110127,PACAYZAPA,2018,01,25,0.0,-999,-999
110127,PACAYZAPA,2018,01,26,0.0,-999,-999
110127,PACAYZAPA,2018,01,27,0.0,-999,-999
110127,PACAYZAPA,2018,01,28,0.0,-999,-999
110127,PACAYZAPA,2018,01,29,0.0,-999,-999
110127,PACAYZAPA,2018,01,30,0.0,-999,-999
110127,PACAYZAPA,2018,01,31,3.2,-999,-999
110127,PACAYZAPA,2018,02,01,0.0,-999,-999
110127,PACAYZAPA,2018,02,02,0.0,-999,-999
110127,PACAYZAPA,2018,02,03,0.0,-999,-999
110127,PACAYZAPA,2018,02,04,0.0,-999,-999
110127,PACAYZAPA,2018,02,05,10.4,-999,-999
110127,PACAYZAPA,2018,02,06,29.8,-999,-999
110127,PACAYZAPA,2018,02,07,0.0,-999,-999
110127,PACAYZAPA,2018,02,08,0.0,-999,-999
110127,PACAYZAPA,2018,02,09,4.5,-999,-999
110127,PACAYZAPA,2018,02,10,0.0,-999,-999
110127,PACAYZAPA,2018,02,11,0.0,-999,-999
110127,PACAYZAPA,2018,02,12,0.0,-999,-999
110127,PACAYZAPA,2018,02,13,2.2,-999,-999
110127,PACAYZAPA,2018,02,14,6.6,-999,-999
110127,PACAYZAPA,2018,02,15,3.2,-999,-999
110127,PACAYZAPA,2018,02,16,2.4,-999,-999
110127,PACAYZAPA,2018,02,17,0.0,-999,-999
110127,PACAYZAPA,2018,02,18,0.0,-999,-999
110127,PACAYZAPA,2018,02,19,0.0,-999,-999
110127,PACAYZAPA,2018,02,20,0.0,-999,-999
110127,PACAYZAPA,2018,02,21,0.0,-999,-999
110127,PACAYZAPA,2018,02,22,0.0,-999,-999
110127,PACAYZAPA,2018,02,23,0.0,-999,-999
110127,PACAYZAPA,2018,02,24,0.0,-999,-999
110127,PACAYZAPA,2018,02,25,37.5,-999,-999
110127,PACAYZAPA,2018,02,26,2.1,-999,-999
110127,PACAYZAPA,2018,02,27,4.2,-999,-999
110127,PACAYZAPA,2018,02,28,0.0,-999,-999
110127,PACAYZAPA,2018,03,01,1.2,-999,-999
110127,PACAYZAPA,2018,03,02,0.0,-999,-999
110127,PACAYZAPA,2018,03,03,4.2,-999,-999
110127,PACAYZAPA,2018,03,04,2.2,-999,-999
110127,PACAYZAPA,2018,03,05,0.0,-999,-999
110127,PACAYZAPA,2018,03,06,21.2,-999,-999
110127,PACAYZAPA,2018,03,07,0.0,-999,-999
110127,PACAYZAPA,2018,03,08,2.2,-999,-999
110127,PACAYZAPA,2018,03,09,0.0,-999,-999
110127,PACAYZAPA,2018,03,10,4.2,-999,-999
110127,PACAYZAPA,2018,03,11,5.1,-999,-999
110127,PACAYZAPA,2018,03,12,10.5,-999,-999
110127,PACAYZAPA,2018,03,13,0.0,-999,-999
110127,PACAYZAPA,2018,03,14,0.0,-999,-999
110127,PACAYZAPA,2018,03,15,0.0,-999,-999
110127,PACAYZAPA,2018,03,16,0.0,-999,-999
110127,PACAYZAPA,2018,03,17,0.0,-999,-999
110127,PACAYZAPA,2018,03,18,0.0,-999,-999
110127,PACAYZAPA,2018,03,19,5.2,-999,-999
110127,PACAYZAPA,2018,03,20,7.6,-999,-999
110127,PACAYZAPA,2018,03,21,0.0,-999,-999
110127,PACAYZAPA,2018,03,22,0.0,-999,-999
110127,PACAYZAPA,2018,03,23,0.0,-999,-999
110127,PACAYZAPA,2018,03,24,3.5,-999,-999
110127,PACAYZAPA,2018,03,25,0.0,-999,-999
110127,PACAYZAPA,2018,03,26,7.3,-999,-999
110127,PACAYZAPA,2018,03,27,0.0,-999,-999
110127,PACAYZAPA,2018,03,28,0.0,-999,-999
110127,PACAYZAPA,2018,03,29,0.0,-999,-999
110127,PACAYZAPA,2018,03,30,0.0,-999,-999
110127,PACAYZAPA,2018,03,31,0.0,-999,-999
110127,PACAYZAPA,2018,04,01,16.8,-999,-999
110127,PACAYZAPA,2018,04,02,28.8,-999,-999
110127,PACAYZAPA,2018,04,03,0.0,-999,-999
110127,PACAYZAPA,2018,04,04,2.5,-999,-999
110127,PACAYZAPA,2018,04,05,0.0,-999,-999
110127,PACAYZAPA,2018,04,06,2.2,-999,-999
110127,PACAYZAPA,2018,04,07,13.7,-999,-999
110127,PACAYZAPA,2018,04,08,6.7,-999,-999
110127,PACAYZAPA,2018,04,09,45.0,-999,-999
110127,PACAYZAPA,2018,04,10,0.0,-999,-999
110127,PACAYZAPA,2018,04,11,0.0,-999,-999
110127,PACAYZAPA,2018,04,12,5.4,-999,-999
110127,PACAYZAPA,2018,04,13,31.5,-999,-999
110127,PACAYZAPA,2018,04,14,0.0,-999,-999
110127,PACAYZAPA,2018,04,15,2.2,-999,-999
110127,PACAYZAPA,2018,04,16,0.0,-999,-999
110127,PACAYZAPA,2018,04,17,0.0,-999,-999
110127,PACAYZAPA,2018,04,18,0.0,-999,-999
110127,PACAYZAPA,2018,04,19,7.8,-999,-999
110127,PACAYZAPA,2018,04,20,0.0,-999,-999
110127,PACAYZAPA,2018,04,21,0.0,-999,-999
110127,PACAYZAPA,2018,04,22,27.5,-999,-999
110127,PACAYZAPA,2018,04,23,0.0,-999,-999
110127,PACAYZAPA,2018,04,24,0.0,-999,-999
110127,PACAYZAPA,2018,04,25,0.0,-999,-999
110127,PACAYZAPA,2018,04,26,9.6,-999,-999
110127,PACAYZAPA,2018,04,27,2.2,-999,-999
110127,PACAYZAPA,2018,04,28,2.4,-999,-999
110127,PACAYZAPA,2018,04,29,11.8,-999,-999
110127,PACAYZAPA,2018,04,30,0.0,-999,-999
110127,PACAYZAPA,2018,05,01,0.0,-999,-999
110127,PACAYZAPA,2018,05,02,2.5,-999,-999
110127,PACAYZAPA,2018,05,03,0.0,-999,-999
110127,PACAYZAPA,2018,05,04,0.0,-999,-999
110127,PACAYZAPA,2018,05,05,19.8,-999,-999
110127,PACAYZAPA,2018,05,06,3.8,-999,-999
110127,PACAYZAPA,2018,05,07,22.2,-999,-999
110127,PACAYZAPA,2018,05,08,0.0,-999,-999
110127,PACAYZAPA,2018,05,09,0.0,-999,-999
110127,PACAYZAPA,2018,05,10,0.0,-999,-999
110127,PACAYZAPA,2018,05,11,2.2,-999,-999
110127,PACAYZAPA,2018,05,12,13.2,-999,-999
110127,PACAYZAPA,2018,05,13,1.5,-999,-999
110127,PACAYZAPA,2018,05,14,0.5,-999,-999
110127,PACAYZAPA,2018,05,15,2.5,-999,-999
110127,PACAYZAPA,2018,05,16,14.8,-999,-999
110127,PACAYZAPA,2018,05,17,3.2,-999,-999
110127,PACAYZAPA,2018,05,18,0.0,-999,-999
110127,PACAYZAPA,2018,05,19,64.5,-999,-999
110127,PACAYZAPA,2018,05,20,18.5,-999,-999
110127,PACAYZAPA,2018,05,21,0.0,-999,-999
110127,PACAYZAPA,2018,05,22,2.2,-999,-999
110127,PACAYZAPA,2018,05,23,1.8,-999,-999
110127,PACAYZAPA,2018,05,24,0.0,-999,-999
110127,PACAYZAPA,2018,05,25,0.0,-999,-999
110127,PACAYZAPA,2018,05,26,0.0,-999,-999
110127,PACAYZAPA,2018,05,27,0.0,-999,-999
110127,PACAYZAPA,2018,05,28,0.0,-999,-999
110127,PACAYZAPA,2018,05,29,2.0,-999,-999
110127,PACAYZAPA,2018,05,30,0.0,-999,-999
110127,PACAYZAPA,2018,05,31,33.8,-999,-999
110127,PACAYZAPA,2018,06,01,7.2,-999,-999
110127,PACAYZAPA,2018,06,02,4.2,-999,-999
110127,PACAYZAPA,2018,06,03,31.4,-999,-999
110127,PACAYZAPA,2018,06,04,0.0,-999,-999
110127,PACAYZAPA,2018,06,05,0.0,-999,-999
110127,PACAYZAPA,2018,06,06,0.0,-999,-999
110127,PACAYZAPA,2018,06,07,0.0,-999,-999
110127,PACAYZAPA,2018,06,08,0.0,-999,-999
110127,PACAYZAPA,2018,06,09,0.0,-999,-999
110127,PACAYZAPA,2018,06,10,0.0,-999,-999
110127,PACAYZAPA,2018,06,11,8.2,-999,-999
110127,PACAYZAPA,2018,06,12,2.2,-999,-999
110127,PACAYZAPA,2018,06,13,0.0,-999,-999
110127,PACAYZAPA,2018,06,14,0.0,-999,-999
110127,PACAYZAPA,2018,06,15,27.0,-999,-999
110127,PACAYZAPA,2018,06,16,0.0,-999,-999
110127,PACAYZAPA,2018,06,17,0.0,-999,-999
110127,PACAYZAPA,2018,06,18,0.0,-999,-999
110127,PACAYZAPA,2018,06,19,0.0,-999,-999
110127,PACAYZAPA,2018,06,20,0.0,-999,-999
110127,PACAYZAPA,2018,06,21,0.0,-999,-999
110127,PACAYZAPA,2018,06,22,0.0,-999,-999
110127,PACAYZAPA,2018,06,23,0.0,-999,-999
110127,PACAYZAPA,2018,06,24,3.2,-999,-999
110127,PACAYZAPA,2018,06,25,0.0,-999,-999
110127,PACAYZAPA,2018,06,26,0.0,-999,-999
110127,PACAYZAPA,2018,06,27,0.0,-999,-999
110127,PACAYZAPA,2018,06,28,0.0,-999,-999
110127,PACAYZAPA,2018,06,29,0.0,-999,-999
110127,PACAYZAPA,2018,06,30,0.0,-999,-999
110127,PACAYZAPA,2018,07,01,0.0,-999,-999
110127,PACAYZAPA,2018,07,02,0.0,-999,-999
110127,PACAYZAPA,2018,07,03,0.0,-999,-999
110127,PACAYZAPA,2018,07,04,9.2,-999,-999
110127,PACAYZAPA,2018,07,05,0.0,-999,-999
110127,PACAYZAPA,2018,07,06,0.0,-999,-999
110127,PACAYZAPA,2018,07,07,0.0,-999,-999
110127,PACAYZAPA,2018,07,08,1.2,-999,-999
110127,PACAYZAPA,2018,07,09,1.0,-999,-999
110127,PACAYZAPA,2018,07,10,3.8,-999,-999
110127,PACAYZAPA,2018,07,11,0.0,-999,-999
110127,PACAYZAPA,2018,07,12,0.0,-999,-999
110127,PACAYZAPA,2018,07,13,0.0,-999,-999
110127,PACAYZAPA,2018,07,14,0.0,-999,-999
110127,PACAYZAPA,2018,07,15,0.0,-999,-999
110127,PACAYZAPA,2018,07,16,0.0,-999,-999
110127,PACAYZAPA,2018,07,17,15.8,-999,-999
110127,PACAYZAPA,2018,07,18,1.2,-999,-999
110127,PACAYZAPA,2018,07,19,2.1,-999,-999
110127,PACAYZAPA,2018,07,20,0.0,-999,-999
110127,PACAYZAPA,2018,07,21,59.8,-999,-999
110127,PACAYZAPA,2018,07,22,1.5,-999,-999
110127,PACAYZAPA,2018,07,23,0.0,-999,-999
110127,PACAYZAPA,2018,07,24,0.0,-999,-999
110127,PACAYZAPA,2018,07,25,0.0,-999,-999
110127,PACAYZAPA,2018,07,26,0.0,-999,-999
110127,PACAYZAPA,2018,07,27,0.0,-999,-999
110127,PACAYZAPA,2018,07,28,0.0,-999,-999
110127,PACAYZAPA,2018,07,29,0.0,-999,-999
110127,PACAYZAPA,2018,07,30,0.0,-999,-999
110127,PACAYZAPA,2018,07,31,4.5,-999,-999
110127,PACAYZAPA,2018,08,01,2.1,-999,-999
110127,PACAYZAPA,2018,08,02,0.0,-999,-999
110127,PACAYZAPA,2018,08,03,0.0,-999,-999
110127,PACAYZAPA,2018,08,04,0.0,-999,-999
110127,PACAYZAPA,2018,08,05,0.0,-999,-999
110127,PACAYZAPA,2018,08,06,8.2,-999,-999
110127,PACAYZAPA,2018,08,07,1.8,-999,-999
110127,PACAYZAPA,2018,08,08,0.0,-999,-999
110127,PACAYZAPA,2018,08,09,4.4,-999,-999
110127,PACAYZAPA,2018,08,10,8.5,-999,-999
110127,PACAYZAPA,2018,08,11,2.2,-999,-999
110127,PACAYZAPA,2018,08,12,0.0,-999,-999
110127,PACAYZAPA,2018,08,13,0.0,-999,-999
110127,PACAYZAPA,2018,08,14,0.0,-999,-999
110127,PACAYZAPA,2018,08,15,18.2,-999,-999
110127,PACAYZAPA,2018,08,16,13.6,-999,-999
110127,PACAYZAPA,2018,08,17,0.0,-999,-999
110127,PACAYZAPA,2018,08,18,0.0,-999,-999
110127,PACAYZAPA,2018,08,19,0.0,-999,-999
110127,PACAYZAPA,2018,08,20,3.5,-999,-999
110127,PACAYZAPA,2018,08,21,0.0,-999,-999
110127,PACAYZAPA,2018,08,22,7.2,-999,-999
110127,PACAYZAPA,2018,08,23,0.0,-999,-999
110127,PACAYZAPA,2018,08,24,0.0,-999,-999
110127,PACAYZAPA,2018,08,25,0.0,-999,-999
110127,PACAYZAPA,2018,08,26,18.8,-999,-999
110127,PACAYZAPA,2018,08,27,0.0,-999,-999
110127,PACAYZAPA,2018,08,28,0.0,-999,-999
110127,PACAYZAPA,2018,08,29,0.0,-999,-999
110127,PACAYZAPA,2018,08,30,0.0,-999,-999
110127,PACAYZAPA,2018,08,31,0.0,-999,-999
110127,PACAYZAPA,2018,09,01,0.0,-999,-999
110127,PACAYZAPA,2018,09,02,2.2,-999,-999
110127,PACAYZAPA,2018,09,03,20.3,-999,-999
110127,PACAYZAPA,2018,09,04,0.0,-999,-999
110127,PACAYZAPA,2018,09,05,0.0,-999,-999
110127,PACAYZAPA,2018,09,06,0.0,-999,-999
110127,PACAYZAPA,2018,09,07,0.0,-999,-999
110127,PACAYZAPA,2018,09,08,0.0,-999,-999
110127,PACAYZAPA,2018,09,09,0.0,-999,-999
110127,PACAYZAPA,2018,09,10,0.0,-999,-999
110127,PACAYZAPA,2018,09,11,0.0,-999,-999
110127,PACAYZAPA,2018,09,12,0.0,-999,-999
110127,PACAYZAPA,2018,09,13,0.0,-999,-999
110127,PACAYZAPA,2018,09,14,0.0,-999,-999
110127,PACAYZAPA,2018,09,15,18.8,-999,-999
110127,PACAYZAPA,2018,09,16,0.0,-999,-999
110127,PACAYZAPA,2018,09,17,2.4,-999,-999
110127,PACAYZAPA,2018,09,18,0.0,-999,-999
110127,PACAYZAPA,2018,09,19,0.0,-999,-999
110127,PACAYZAPA,2018,09,20,3.8,-999,-999
110127,PACAYZAPA,2018,09,21,0.0,-999,-999
110127,PACAYZAPA,2018,09,22,0.0,-999,-999
110127,PACAYZAPA,2018,09,23,41.8,-999,-999
110127,PACAYZAPA,2018,09,24,0.0,-999,-999
110127,PACAYZAPA,2018,09,25,0.0,-999,-999
110127,PACAYZAPA,2018,09,26,4.8,-999,-999
110127,PACAYZAPA,2018,09,27,0.0,-999,-999
110127,PACAYZAPA,2018,09,28,13.5,-999,-999
110127,PACAYZAPA,2018,09,29,8.5,-999,-999
110127,PACAYZAPA,2018,09,30,15.6,-999,-999
110127,PACAYZAPA,2018,10,01,0.0,-999,-999
110127,PACAYZAPA,2018,10,02,10.2,-999,-999
110127,PACAYZAPA,2018,10,03,0.0,-999,-999
110127,PACAYZAPA,2018,10,04,15.4,-999,-999
110127,PACAYZAPA,2018,10,05,16.8,-999,-999
110127,PACAYZAPA,2018,10,06,3.2,-999,-999
110127,PACAYZAPA,2018,10,07,11.3,-999,-999
110127,PACAYZAPA,2018,10,08,3.2,-999,-999
110127,PACAYZAPA,2018,10,09,3.4,-999,-999
110127,PACAYZAPA,2018,10,10,4.2,-999,-999
110127,PACAYZAPA,2018,10,11,47.5,-999,-999
110127,PACAYZAPA,2018,10,12,11.5,-999,-999
110127,PACAYZAPA,2018,10,13,7.6,-999,-999
110127,PACAYZAPA,2018,10,14,20.2,-999,-999
110127,PACAYZAPA,2018,10,15,0.0,-999,-999
110127,PACAYZAPA,2018,10,16,0.0,-999,-999
110127,PACAYZAPA,2018,10,17,0.0,-999,-999
110127,PACAYZAPA,2018,10,18,0.0,-999,-999
110127,PACAYZAPA,2018,10,19,0.0,-999,-999
110127,PACAYZAPA,2018,10,20,9.5,-999,-999
110127,PACAYZAPA,2018,10,21,0.0,-999,-999
110127,PACAYZAPA,2018,10,22,2.8,-999,-999
110127,PACAYZAPA,2018,10,23,9.2,-999,-999
110127,PACAYZAPA,2018,10,24,0.0,-999,-999
110127,PACAYZAPA,2018,10,25,0.0,-999,-999
110127,PACAYZAPA,2018,10,26,22.4,-999,-999
110127,PACAYZAPA,2018,10,27,12.2,-999,-999
110127,PACAYZAPA,2018,10,28,11.2,-999,-999
110127,PACAYZAPA,2018,10,29,0.0,-999,-999
110127,PACAYZAPA,2018,10,30,2.2,-999,-999
110127,PACAYZAPA,2018,10,31,14.2,-999,-999
110127,PACAYZAPA,2018,11,01,9.4,-999,-999
110127,PACAYZAPA,2018,11,02,0.0,-999,-999
110127,PACAYZAPA,2018,11,03,0.0,-999,-999
110127,PACAYZAPA,2018,11,04,0.0,-999,-999
110127,PACAYZAPA,2018,11,05,0.0,-999,-999
110127,PACAYZAPA,2018,11,06,0.0,-999,-999
110127,PACAYZAPA,2018,11,07,31.2,-999,-999
110127,PACAYZAPA,2018,11,08,30.5,-999,-999
110127,PACAYZAPA,2018,11,09,0.0,-999,-999
110127,PACAYZAPA,2018,11,10,0.0,-999,-999
110127,PACAYZAPA,2018,11,11,14.4,-999,-999
110127,PACAYZAPA,2018,11,12,0.0,-999,-999
110127,PACAYZAPA,2018,11,13,0.0,-999,-999
110127,PACAYZAPA,2018,11,14,2.1,-999,-999
110127,PACAYZAPA,2018,11,15,0.0,-999,-999
110127,PACAYZAPA,2018,11,16,0.0,-999,-999
110127,PACAYZAPA,2018,11,17,0.0,-999,-999
110127,PACAYZAPA,2018,11,18,0.0,-999,-999
110127,PACAYZAPA,2018,11,19,0.0,-999,-999
110127,PACAYZAPA,2018,11,20,14.4,-999,-999
110127,PACAYZAPA,2018,11,21,0.0,-999,-999
110127,PACAYZAPA,2018,11,22,0.0,-999,-999
110127,PACAYZAPA,2018,11,23,0.0,-999,-999
110127,PACAYZAPA,2018,11,24,3.4,-999,-999
110127,PACAYZAPA,2018,11,25,0.0,-999,-999
110127,PACAYZAPA,2018,11,26,7.2,-999,-999
110127,PACAYZAPA,2018,11,27,3.5,-999,-999
110127,PACAYZAPA,2018,11,28,4.2,-999,-999
110127,PACAYZAPA,2018,11,29,0.0,-999,-999
110127,PACAYZAPA,2018,11,30,0.0,-999,-999
110127,PACAYZAPA,2018,12,01,0.0,-999,-999
110127,PACAYZAPA,2018,12,02,0.0,-999,-999
110127,PACAYZAPA,2018,12,03,0.0,-999,-999
110127,PACAYZAPA,2018,12,04,0.0,-999,-999
110127,PACAYZAPA,2018,12,05,0.0,-999,-999
110127,PACAYZAPA,2018,12,06,0.0,-999,-999
110127,PACAYZAPA,2018,12,07,4.3,-999,-999
110127,PACAYZAPA,2018,12,08,1.2,-999,-999
110127,PACAYZAPA,2018,12,09,2.4,-999,-999
110127,PACAYZAPA,2018,12,10,0.0,-999,-999
110127,PACAYZAPA,2018,12,11,18.7,-999,-999
110127,PACAYZAPA,2018,12,12,8.5,-999,-999
110127,PACAYZAPA,2018,12,13,18.5,-999,-999
110127,PACAYZAPA,2018,12,14,0.0,-999,-999
110127,PACAYZAPA,2018,12,15,0.0,-999,-999
110127,PACAYZAPA,2018,12,16,0.0,-999,-999
110127,PACAYZAPA,2018,12,17,0.0,-999,-999
110127,PACAYZAPA,2018,12,18,0.0,-999,-999
110127,PACAYZAPA,2018,12,19,25.8,-999,-999
110127,PACAYZAPA,2018,12,20,0.0,-999,-999
110127,PACAYZAPA,2018,12,21,6.2,-999,-999
110127,PACAYZAPA,2018,12,22,12.3,-999,-999
110127,PACAYZAPA,2018,12,23,0.0,-999,-999
110127,PACAYZAPA,2018,12,24,0.0,-999,-999
110127,PACAYZAPA,2018,12,25,0.0,-999,-999
110127,PACAYZAPA,2018,12,26,0.0,-999,-999
110127,PACAYZAPA,2018,12,27,0.0,-999,-999
110127,PACAYZAPA,2018,12,28,0.0,-999,-999
110127,PACAYZAPA,2018,12,29,0.0,-999,-999
110127,PACAYZAPA,2018,12,30,0.0,-999,-999
110127,PACAYZAPA,2018,12,31,0.0,-999,-999
110127,PACAYZAPA,2019,01,01,0.0,-999,-999
110127,PACAYZAPA,2019,01,02,3.2,-999,-999
110127,PACAYZAPA,2019,01,03,9.2,-999,-999
110127,PACAYZAPA,2019,01,04,2.2,-999,-999
110127,PACAYZAPA,2019,01,05,0.0,-999,-999
110127,PACAYZAPA,2019,01,06,0.0,-999,-999
110127,PACAYZAPA,2019,01,07,3.2,-999,-999
110127,PACAYZAPA,2019,01,08,22.4,-999,-999
110127,PACAYZAPA,2019,01,09,2.0,-999,-999
110127,PACAYZAPA,2019,01,10,0.0,-999,-999
110127,PACAYZAPA,2019,01,11,0.0,-999,-999
110127,PACAYZAPA,2019,01,12,2.8,-999,-999
110127,PACAYZAPA,2019,01,13,0.0,-999,-999
110127,PACAYZAPA,2019,01,14,0.0,-999,-999
110127,PACAYZAPA,2019,01,15,2.5,-999,-999
110127,PACAYZAPA,2019,01,16,18.8,-999,-999
110127,PACAYZAPA,2019,01,17,60.2,-999,-999
110127,PACAYZAPA,2019,01,18,16.5,-999,-999
110127,PACAYZAPA,2019,01,19,5.4,-999,-999
110127,PACAYZAPA,2019,01,20,28.2,-999,-999
110127,PACAYZAPA,2019,01,21,1.2,-999,-999
110127,PACAYZAPA,2019,01,22,45.4,-999,-999
110127,PACAYZAPA,2019,01,23,6.5,-999,-999
110127,PACAYZAPA,2019,01,24,12.6,-999,-999
110127,PACAYZAPA,2019,01,25,23.2,-999,-999
110127,PACAYZAPA,2019,01,26,0.0,-999,-999
110127,PACAYZAPA,2019,01,27,6.2,-999,-999
110127,PACAYZAPA,2019,01,28,0.0,-999,-999
110127,PACAYZAPA,2019,01,29,32.8,-999,-999
110127,PACAYZAPA,2019,01,30,1.2,-999,-999
110127,PACAYZAPA,2019,01,31,0.0,-999,-999
110127,PACAYZAPA,2019,02,01,2.4,-999,-999
110127,PACAYZAPA,2019,02,02,6.8,-999,-999
110127,PACAYZAPA,2019,02,03,72.4,-999,-999
110127,PACAYZAPA,2019,02,04,18.6,-999,-999
110127,PACAYZAPA,2019,02,05,54.0,-999,-999
110127,PACAYZAPA,2019,02,06,1.2,-999,-999
110127,PACAYZAPA,2019,02,07,9.2,-999,-999
110127,PACAYZAPA,2019,02,08,4.8,-999,-999
110127,PACAYZAPA,2019,02,09,11.0,-999,-999
110127,PACAYZAPA,2019,02,10,3.2,-999,-999
110127,PACAYZAPA,2019,02,11,2.4,-999,-999
110127,PACAYZAPA,2019,02,12,11.0,-999,-999
110127,PACAYZAPA,2019,02,13,9.8,-999,-999
110127,PACAYZAPA,2019,02,14,6.4,-999,-999
110127,PACAYZAPA,2019,02,15,20.4,-999,-999
110127,PACAYZAPA,2019,02,16,2.2,-999,-999
110127,PACAYZAPA,2019,02,17,0.0,-999,-999
110127,PACAYZAPA,2019,02,18,0.0,-999,-999
110127,PACAYZAPA,2019,02,19,12.4,-999,-999
110127,PACAYZAPA,2019,02,20,1.8,-999,-999
110127,PACAYZAPA,2019,02,21,0.0,-999,-999
110127,PACAYZAPA,2019,02,22,2.2,-999,-999
110127,PACAYZAPA,2019,02,23,0.0,-999,-999
110127,PACAYZAPA,2019,02,24,0.0,-999,-999
110127,PACAYZAPA,2019,02,25,0.0,-999,-999
110127,PACAYZAPA,2019,02,26,10.5,-999,-999
110127,PACAYZAPA,2019,02,27,0.0,-999,-999
110127,PACAYZAPA,2019,02,28,5.5,-999,-999
110127,PACAYZAPA,2019,03,01,5.7,-999,-999
110127,PACAYZAPA,2019,03,02,0.0,-999,-999
110127,PACAYZAPA,2019,03,03,0.0,-999,-999
110127,PACAYZAPA,2019,03,04,0.0,-999,-999
110127,PACAYZAPA,2019,03,05,0.0,-999,-999
110127,PACAYZAPA,2019,03,06,0.0,-999,-999
110127,PACAYZAPA,2019,03,07,0.0,-999,-999
110127,PACAYZAPA,2019,03,08,7.5,-999,-999
110127,PACAYZAPA,2019,03,09,5.4,-999,-999
110127,PACAYZAPA,2019,03,10,35.2,-999,-999
110127,PACAYZAPA,2019,03,11,2.2,-999,-999
110127,PACAYZAPA,2019,03,12,3.2,-999,-999
110127,PACAYZAPA,2019,03,13,2.1,-999,-999
110127,PACAYZAPA,2019,03,14,3.2,-999,-999
110127,PACAYZAPA,2019,03,15,11.6,-999,-999
110127,PACAYZAPA,2019,03,16,20.2,-999,-999
110127,PACAYZAPA,2019,03,17,2.2,-999,-999
110127,PACAYZAPA,2019,03,18,23.4,-999,-999
110127,PACAYZAPA,2019,03,19,3.2,-999,-999
110127,PACAYZAPA,2019,03,20,0.0,-999,-999
110127,PACAYZAPA,2019,03,21,0.0,-999,-999
110127,PACAYZAPA,2019,03,22,2.2,-999,-999
110127,PACAYZAPA,2019,03,23,0.0,-999,-999
110127,PACAYZAPA,2019,03,24,0.0,-999,-999
110127,PACAYZAPA,2019,03,25,0.0,-999,-999
110127,PACAYZAPA,2019,03,26,0.0,-999,-999
110127,PACAYZAPA,2019,03,27,4.2,-999,-999
110127,PACAYZAPA,2019,03,28,19.8,-999,-999
110127,PACAYZAPA,2019,03,29,1.2,-999,-999
110127,PACAYZAPA,2019,03,30,0.0,-999,-999
110127,PACAYZAPA,2019,03,31,0.0,-999,-999
110127,PACAYZAPA,2019,04,01,11.5,-999,-999
110127,PACAYZAPA,2019,04,02,2.2,-999,-999
110127,PACAYZAPA,2019,04,03,1.1,-999,-999
110127,PACAYZAPA,2019,04,04,0.0,-999,-999
110127,PACAYZAPA,2019,04,05,0.0,-999,-999
110127,PACAYZAPA,2019,04,06,23.2,-999,-999
110127,PACAYZAPA,2019,04,07,28.4,-999,-999
110127,PACAYZAPA,2019,04,08,0.0,-999,-999
110127,PACAYZAPA,2019,04,09,0.0,-999,-999
110127,PACAYZAPA,2019,04,10,0.0,-999,-999
110127,PACAYZAPA,2019,04,11,0.0,-999,-999
110127,PACAYZAPA,2019,04,12,0.0,-999,-999
110127,PACAYZAPA,2019,04,13,0.0,-999,-999
110127,PACAYZAPA,2019,04,14,2.2,-999,-999
110127,PACAYZAPA,2019,04,15,2.1,-999,-999
110127,PACAYZAPA,2019,04,16,4.2,-999,-999
110127,PACAYZAPA,2019,04,17,5.5,-999,-999
110127,PACAYZAPA,2019,04,18,0.0,-999,-999
110127,PACAYZAPA,2019,04,19,4.2,-999,-999
110127,PACAYZAPA,2019,04,20,10.8,-999,-999
110127,PACAYZAPA,2019,04,21,0.0,-999,-999
110127,PACAYZAPA,2019,04,22,0.0,-999,-999
110127,PACAYZAPA,2019,04,23,0.0,-999,-999
110127,PACAYZAPA,2019,04,24,50.2,-999,-999
110127,PACAYZAPA,2019,04,25,0.0,-999,-999
110127,PACAYZAPA,2019,04,26,0.0,-999,-999
110127,PACAYZAPA,2019,04,27,0.0,-999,-999
110127,PACAYZAPA,2019,04,28,7.8,-999,-999
110127,PACAYZAPA,2019,04,29,0.0,-999,-999
110127,PACAYZAPA,2019,04,30,8.8,-999,-999
110127,PACAYZAPA,2019,05,01,0.0,-999,-999
110127,PACAYZAPA,2019,05,02,0.0,-999,-999
110127,PACAYZAPA,2019,05,03,0.0,-999,-999
110127,PACAYZAPA,2019,05,04,0.0,-999,-999
110127,PACAYZAPA,2019,05,05,17.8,-999,-999
110127,PACAYZAPA,2019,05,06,0.0,-999,-999
110127,PACAYZAPA,2019,05,07,0.0,-999,-999
110127,PACAYZAPA,2019,05,08,0.0,-999,-999
110127,PACAYZAPA,2019,05,09,0.0,-999,-999
110127,PACAYZAPA,2019,05,10,0.0,-999,-999
110127,PACAYZAPA,2019,05,11,0.0,-999,-999
110127,PACAYZAPA,2019,05,12,12.6,-999,-999
110127,PACAYZAPA,2019,05,13,29.6,-999,-999
110127,PACAYZAPA,2019,05,14,8.2,-999,-999
110127,PACAYZAPA,2019,05,15,2.2,-999,-999
110127,PACAYZAPA,2019,05,16,0.0,-999,-999
110127,PACAYZAPA,2019,05,17,0.0,-999,-999
110127,PACAYZAPA,2019,05,18,0.0,-999,-999
110127,PACAYZAPA,2019,05,19,0.0,-999,-999
110127,PACAYZAPA,2019,05,20,0.0,-999,-999
110127,PACAYZAPA,2019,05,21,0.0,-999,-999
110127,PACAYZAPA,2019,05,22,4.2,-999,-999
110127,PACAYZAPA,2019,05,23,0.0,-999,-999
110127,PACAYZAPA,2019,05,24,0.0,-999,-999
110127,PACAYZAPA,2019,05,25,31.4,-999,-999
110127,PACAYZAPA,2019,05,26,0.0,-999,-999
110127,PACAYZAPA,2019,05,27,11.8,-999,-999
110127,PACAYZAPA,2019,05,28,1.2,-999,-999
110127,PACAYZAPA,2019,05,29,42.2,-999,-999
110127,PACAYZAPA,2019,05,30,0.0,-999,-999
110127,PACAYZAPA,2019,05,31,0.0,-999,-999
110127,PACAYZAPA,2019,06,01,0.0,-999,-999
110127,PACAYZAPA,2019,06,02,0.0,-999,-999
110127,PACAYZAPA,2019,06,03,25.2,-999,-999
110127,PACAYZAPA,2019,06,04,0.0,-999,-999
110127,PACAYZAPA,2019,06,05,0.0,-999,-999
110127,PACAYZAPA,2019,06,06,0.0,-999,-999
110127,PACAYZAPA,2019,06,07,0.0,-999,-999
110127,PACAYZAPA,2019,06,08,4.4,-999,-999
110127,PACAYZAPA,2019,06,09,15.2,-999,-999
110127,PACAYZAPA,2019,06,10,0.0,-999,-999
110127,PACAYZAPA,2019,06,11,11.2,-999,-999
110127,PACAYZAPA,2019,06,12,0.0,-999,-999
110127,PACAYZAPA,2019,06,13,1.2,-999,-999
110127,PACAYZAPA,2019,06,14,0.0,-999,-999
110127,PACAYZAPA,2019,06,15,0.0,-999,-999
110127,PACAYZAPA,2019,06,16,8.5,-999,-999
110127,PACAYZAPA,2019,06,17,1.5,-999,-999
110127,PACAYZAPA,2019,06,18,0.0,-999,-999
110127,PACAYZAPA,2019,06,19,0.0,-999,-999
110127,PACAYZAPA,2019,06,20,0.0,-999,-999
110127,PACAYZAPA,2019,06,21,0.0,-999,-999
110127,PACAYZAPA,2019,06,22,0.0,-999,-999
110127,PACAYZAPA,2019,06,23,0.0,-999,-999
110127,PACAYZAPA,2019,06,24,0.0,-999,-999
110127,PACAYZAPA,2019,06,25,0.0,-999,-999
110127,PACAYZAPA,2019,06,26,0.0,-999,-999
110127,PACAYZAPA,2019,06,27,2.2,-999,-999
110127,PACAYZAPA,2019,06,28,26.0,-999,-999
110127,PACAYZAPA,2019,06,29,2.4,-999,-999
110127,PACAYZAPA,2019,06,30,0.0,-999,-999
110127,PACAYZAPA,2019,07,01,0.0,-999,-999
110127,PACAYZAPA,2019,07,02,0.0,-999,-999
110127,PACAYZAPA,2019,07,03,0.0,-999,-999
110127,PACAYZAPA,2019,07,04,0.0,-999,-999
110127,PACAYZAPA,2019,07,05,26.5,-999,-999
110127,PACAYZAPA,2019,07,06,25.2,-999,-999
110127,PACAYZAPA,2019,07,07,2.2,-999,-999
110127,PACAYZAPA,2019,07,08,0.0,-999,-999
110127,PACAYZAPA,2019,07,09,0.0,-999,-999
110127,PACAYZAPA,2019,07,10,0.0,-999,-999
110127,PACAYZAPA,2019,07,11,0.0,-999,-999
110127,PACAYZAPA,2019,07,12,0.0,-999,-999
110127,PACAYZAPA,2019,07,13,10.7,-999,-999
110127,PACAYZAPA,2019,07,14,8.5,-999,-999
110127,PACAYZAPA,2019,07,15,0.0,-999,-999
110127,PACAYZAPA,2019,07,16,4.2,-999,-999
110127,PACAYZAPA,2019,07,17,12.3,-999,-999
110127,PACAYZAPA,2019,07,18,0.0,-999,-999
110127,PACAYZAPA,2019,07,19,0.0,-999,-999
110127,PACAYZAPA,2019,07,20,0.0,-999,-999
110127,PACAYZAPA,2019,07,21,0.0,-999,-999
110127,PACAYZAPA,2019,07,22,0.0,-999,-999
110127,PACAYZAPA,2019,07,23,0.0,-999,-999
110127,PACAYZAPA,2019,07,24,0.0,-999,-999
110127,PACAYZAPA,2019,07,25,10.5,-999,-999
110127,PACAYZAPA,2019,07,26,0.0,-999,-999
110127,PACAYZAPA,2019,07,27,16.8,-999,-999
110127,PACAYZAPA,2019,07,28,0.0,-999,-999
110127,PACAYZAPA,2019,07,29,0.0,-999,-999
110127,PACAYZAPA,2019,07,30,0.0,-999,-999
110127,PACAYZAPA,2019,07,31,0.0,-999,-999
110127,PACAYZAPA,2019,08,01,0.0,-999,-999
110127,PACAYZAPA,2019,08,02,0.0,-999,-999
110127,PACAYZAPA,2019,08,03,0.0,-999,-999
110127,PACAYZAPA,2019,08,04,0.0,-999,-999
110127,PACAYZAPA,2019,08,05,0.0,-999,-999
110127,PACAYZAPA,2019,08,06,0.0,-999,-999
110127,PACAYZAPA,2019,08,07,0.0,-999,-999
110127,PACAYZAPA,2019,08,08,0.0,-999,-999
110127,PACAYZAPA,2019,08,09,0.0,-999,-999
110127,PACAYZAPA,2019,08,10,0.0,-999,-999
110127,PACAYZAPA,2019,08,11,0.0,-999,-999
110127,PACAYZAPA,2019,08,12,0.0,-999,-999
110127,PACAYZAPA,2019,08,13,15.2,-999,-999
110127,PACAYZAPA,2019,08,14,19.8,-999,-999
110127,PACAYZAPA,2019,08,15,0.0,-999,-999
110127,PACAYZAPA,2019,08,16,0.0,-999,-999
110127,PACAYZAPA,2019,08,17,0.0,-999,-999
110127,PACAYZAPA,2019,08,18,0.0,-999,-999
110127,PACAYZAPA,2019,08,19,0.0,-999,-999
110127,PACAYZAPA,2019,08,20,19.4,-999,-999
110127,PACAYZAPA,2019,08,21,28.4,-999,-999
110127,PACAYZAPA,2019,08,22,1.2,-999,-999
110127,PACAYZAPA,2019,08,23,0.0,-999,-999
110127,PACAYZAPA,2019,08,24,0.0,-999,-999
110127,PACAYZAPA,2019,08,25,0.0,-999,-999
110127,PACAYZAPA,2019,08,26,1.2,-999,-999
110127,PACAYZAPA,2019,08,27,6.4,-999,-999
110127,PACAYZAPA,2019,08,28,0.0,-999,-999
110127,PACAYZAPA,2019,08,29,1.5,-999,-999
110127,PACAYZAPA,2019,08,30,0.0,-999,-999
110127,PACAYZAPA,2019,08,31,0.0,-999,-999
110127,PACAYZAPA,2019,09,01,0.0,-999,-999
110127,PACAYZAPA,2019,09,02,0.0,-999,-999
110127,PACAYZAPA,2019,09,03,0.0,-999,-999
110127,PACAYZAPA,2019,09,04,17.8,-999,-999
110127,PACAYZAPA,2019,09,05,24.6,-999,-999
110127,PACAYZAPA,2019,09,06,13.5,-999,-999
110127,PACAYZAPA,2019,09,07,0.0,-999,-999
110127,PACAYZAPA,2019,09,08,0.0,-999,-999
110127,PACAYZAPA,2019,09,09,0.5,-999,-999
110127,PACAYZAPA,2019,09,10,0.0,-999,-999
110127,PACAYZAPA,2019,09,11,9.0,-999,-999
110127,PACAYZAPA,2019,09,12,3.8,-999,-999
110127,PACAYZAPA,2019,09,13,5.4,-999,-999
110127,PACAYZAPA,2019,09,14,0.0,-999,-999
110127,PACAYZAPA,2019,09,15,0.0,-999,-999
110127,PACAYZAPA,2019,09,16,0.0,-999,-999
110127,PACAYZAPA,2019,09,17,0.0,-999,-999
110127,PACAYZAPA,2019,09,18,0.0,-999,-999
110127,PACAYZAPA,2019,09,19,0.5,-999,-999
110127,PACAYZAPA,2019,09,20,0.0,-999,-999
110127,PACAYZAPA,2019,09,21,0.0,-999,-999
110127,PACAYZAPA,2019,09,22,0.0,-999,-999
110127,PACAYZAPA,2019,09,23,16.7,-999,-999
110127,PACAYZAPA,2019,09,24,11.4,-999,-999
110127,PACAYZAPA,2019,09,25,0.0,-999,-999
110127,PACAYZAPA,2019,09,26,0.0,-999,-999
110127,PACAYZAPA,2019,09,27,2.2,-999,-999
110127,PACAYZAPA,2019,09,28,0.8,-999,-999
110127,PACAYZAPA,2019,09,29,0.0,-999,-999
110127,PACAYZAPA,2019,09,30,15.7,-999,-999
110127,PACAYZAPA,2019,10,01,0.0,-999,-999
110127,PACAYZAPA,2019,10,02,4.5,-999,-999
110127,PACAYZAPA,2019,10,03,1.4,-999,-999
110127,PACAYZAPA,2019,10,04,0.0,-999,-999
110127,PACAYZAPA,2019,10,05,0.0,-999,-999
110127,PACAYZAPA,2019,10,06,1.5,-999,-999
110127,PACAYZAPA,2019,10,07,3.5,-999,-999
110127,PACAYZAPA,2019,10,08,1.8,-999,-999
110127,PACAYZAPA,2019,10,09,0.0,-999,-999
110127,PACAYZAPA,2019,10,10,0.0,-999,-999
110127,PACAYZAPA,2019,10,11,3.2,-999,-999
110127,PACAYZAPA,2019,10,12,3.8,-999,-999
110127,PACAYZAPA,2019,10,13,0.0,-999,-999
110127,PACAYZAPA,2019,10,14,0.0,-999,-999
110127,PACAYZAPA,2019,10,15,0.0,-999,-999
110127,PACAYZAPA,2019,10,16,6.5,-999,-999
110127,PACAYZAPA,2019,10,17,1.5,-999,-999
110127,PACAYZAPA,2019,10,18,5.8,-999,-999
110127,PACAYZAPA,2019,10,19,17.5,-999,-999
110127,PACAYZAPA,2019,10,20,0.0,-999,-999
110127,PACAYZAPA,2019,10,21,2.2,-999,-999
110127,PACAYZAPA,2019,10,22,0.0,-999,-999
110127,PACAYZAPA,2019,10,23,9.6,-999,-999
110127,PACAYZAPA,2019,10,24,8.5,-999,-999
110127,PACAYZAPA,2019,10,25,8.8,-999,-999
110127,PACAYZAPA,2019,10,26,0.0,-999,-999
110127,PACAYZAPA,2019,10,27,0.0,-999,-999
110127,PACAYZAPA,2019,10,28,0.8,-999,-999
110127,PACAYZAPA,2019,10,29,0.0,-999,-999
110127,PACAYZAPA,2019,10,30,1.8,-999,-999
110127,PACAYZAPA,2019,10,31,3.8,-999,-999
110127,PACAYZAPA,2019,11,01,6.8,-999,-999
110127,PACAYZAPA,2019,11,02,0.0,-999,-999
110127,PACAYZAPA,2019,11,03,0.0,-999,-999
110127,PACAYZAPA,2019,11,04,4.5,-999,-999
110127,PACAYZAPA,2019,11,05,0.0,-999,-999
110127,PACAYZAPA,2019,11,06,10.5,-999,-999
110127,PACAYZAPA,2019,11,07,2.5,-999,-999
110127,PACAYZAPA,2019,11,08,4.2,-999,-999
110127,PACAYZAPA,2019,11,09,6.3,-999,-999
110127,PACAYZAPA,2019,11,10,1.2,-999,-999
110127,PACAYZAPA,2019,11,11,23.8,-999,-999
110127,PACAYZAPA,2019,11,12,1.2,-999,-999
110127,PACAYZAPA,2019,11,13,9.6,-999,-999
110127,PACAYZAPA,2019,11,14,2.2,-999,-999
110127,PACAYZAPA,2019,11,15,12.4,-999,-999
110127,PACAYZAPA,2019,11,16,4.8,-999,-999
110127,PACAYZAPA,2019,11,17,0.0,-999,-999
110127,PACAYZAPA,2019,11,18,0.0,-999,-999
110127,PACAYZAPA,2019,11,19,0.0,-999,-999
110127,PACAYZAPA,2019,11,20,18.2,-999,-999
110127,PACAYZAPA,2019,11,21,0.0,-999,-999
110127,PACAYZAPA,2019,11,22,0.0,-999,-999
110127,PACAYZAPA,2019,11,23,62.8,-999,-999
110127,PACAYZAPA,2019,11,24,6.4,-999,-999
110127,PACAYZAPA,2019,11,25,1.2,-999,-999
110127,PACAYZAPA,2019,11,26,0.0,-999,-999
110127,PACAYZAPA,2019,11,27,4.5,-999,-999
110127,PACAYZAPA,2019,11,28,0.0,-999,-999
110127,PACAYZAPA,2019,11,29,0.0,-999,-999
110127,PACAYZAPA,2019,11,30,0.0,-999,-999
110127,PACAYZAPA,2019,12,01,18.6,-999,-999
110127,PACAYZAPA,2019,12,02,30.2,-999,-999
110127,PACAYZAPA,2019,12,03,3.2,-999,-999
110127,PACAYZAPA,2019,12,04,5.4,-999,-999
110127,PACAYZAPA,2019,12,05,3.2,-999,-999
110127,PACAYZAPA,2019,12,06,0.0,-999,-999
110127,PACAYZAPA,2019,12,07,0.0,-999,-999
110127,PACAYZAPA,2019,12,08,0.0,-999,-999
110127,PACAYZAPA,2019,12,09,2.2,-999,-999
110127,PACAYZAPA,2019,12,10,0.0,-999,-999
110127,PACAYZAPA,2019,12,11,0.0,-999,-999
110127,PACAYZAPA,2019,12,12,5.0,-999,-999
110127,PACAYZAPA,2019,12,13,40.0,-999,-999
110127,PACAYZAPA,2019,12,14,2.2,-999,-999
110127,PACAYZAPA,2019,12,15,2.4,-999,-999
110127,PACAYZAPA,2019,12,16,0.0,-999,-999
110127,PACAYZAPA,2019,12,17,1.2,-999,-999
110127,PACAYZAPA,2019,12,18,23.8,-999,-999
110127,PACAYZAPA,2019,12,19,6.5,-999,-999
110127,PACAYZAPA,2019,12,20,8.4,-999,-999
110127,PACAYZAPA,2019,12,21,12.6,-999,-999
110127,PACAYZAPA,2019,12,22,4.2,-999,-999
110127,PACAYZAPA,2019,12,23,22.3,-999,-999
110127,PACAYZAPA,2019,12,24,0.0,-999,-999
110127,PACAYZAPA,2019,12,25,2.2,-999,-999
110127,PACAYZAPA,2019,12,26,19.0,-999,-999
110127,PACAYZAPA,2019,12,27,0.0,-999,-999
110127,PACAYZAPA,2019,12,28,49.0,-999,-999
110127,PACAYZAPA,2019,12,29,0.0,-999,-999
110127,PACAYZAPA,2019,12,30,1.2,-999,-999
110127,PACAYZAPA,2019,12,31,1.5,-999,-999
110127,PACAYZAPA,2020,01,01,0.0,-999,-999
110127,PACAYZAPA,2020,01,02,0.0,-999,-999
110127,PACAYZAPA,2020,01,03,0.0,-999,-999
110127,PACAYZAPA,2020,01,04,0.0,-999,-999
110127,PACAYZAPA,2020,01,05,0.0,-999,-999
110127,PACAYZAPA,2020,01,06,0.0,-999,-999
110127,PACAYZAPA,2020,01,07,2.5,-999,-999
110127,PACAYZAPA,2020,01,08,0.0,-999,-999
110127,PACAYZAPA,2020,01,09,0.0,-999,-999
110127,PACAYZAPA,2020,01,10,0.0,-999,-999
110127,PACAYZAPA,2020,01,11,0.0,-999,-999
110127,PACAYZAPA,2020,01,12,1.5,-999,-999
110127,PACAYZAPA,2020,01,13,0.0,-999,-999
110127,PACAYZAPA,2020,01,14,0.0,-999,-999
110127,PACAYZAPA,2020,01,15,0.0,-999,-999
110127,PACAYZAPA,2020,01,16,0.8,-999,-999
110127,PACAYZAPA,2020,01,17,10.2,-999,-999
110127,PACAYZAPA,2020,01,18,8.5,-999,-999
110127,PACAYZAPA,2020,01,19,1.1,-999,-999
110127,PACAYZAPA,2020,01,20,0.0,-999,-999
110127,PACAYZAPA,2020,01,21,2.8,-999,-999
110127,PACAYZAPA,2020,01,22,0.0,-999,-999
110127,PACAYZAPA,2020,01,23,28.8,-999,-999
110127,PACAYZAPA,2020,01,24,17.8,-999,-999
110127,PACAYZAPA,2020,01,25,27.8,-999,-999
110127,PACAYZAPA,2020,01,26,0.0,-999,-999
110127,PACAYZAPA,2020,01,27,0.0,-999,-999
110127,PACAYZAPA,2020,01,28,0.0,-999,-999
110127,PACAYZAPA,2020,01,29,24.5,-999,-999
110127,PACAYZAPA,2020,01,30,1.2,-999,-999
110127,PACAYZAPA,2020,01,31,3.5,-999,-999
110127,PACAYZAPA,2020,02,01,2.4,-999,-999
110127,PACAYZAPA,2020,02,02,5.4,-999,-999
110127,PACAYZAPA,2020,02,03,6.2,-999,-999
110127,PACAYZAPA,2020,02,04,0.0,-999,-999
110127,PACAYZAPA,2020,02,05,0.0,-999,-999
110127,PACAYZAPA,2020,02,06,0.0,-999,-999
110127,PACAYZAPA,2020,02,07,11.2,-999,-999
110127,PACAYZAPA,2020,02,08,0.0,-999,-999
110127,PACAYZAPA,2020,02,09,0.0,-999,-999
110127,PACAYZAPA,2020,02,10,0.0,-999,-999
110127,PACAYZAPA,2020,02,11,0.0,-999,-999
110127,PACAYZAPA,2020,02,12,0.0,-999,-999
110127,PACAYZAPA,2020,02,13,0.0,-999,-999
110127,PACAYZAPA,2020,02,14,5.2,-999,-999
110127,PACAYZAPA,2020,02,15,11.2,-999,-999
110127,PACAYZAPA,2020,02,16,14.8,-999,-999
110127,PACAYZAPA,2020,02,17,3.2,-999,-999
110127,PACAYZAPA,2020,02,18,6.3,-999,-999
110127,PACAYZAPA,2020,02,19,0.0,-999,-999
110127,PACAYZAPA,2020,02,20,0.0,-999,-999
110127,PACAYZAPA,2020,02,21,4.8,-999,-999
110127,PACAYZAPA,2020,02,22,8.7,-999,-999
110127,PACAYZAPA,2020,02,23,1.1,-999,-999
110127,PACAYZAPA,2020,02,24,2.3,-999,-999
110127,PACAYZAPA,2020,02,25,0.0,-999,-999
110127,PACAYZAPA,2020,02,26,0.0,-999,-999
110127,PACAYZAPA,2020,02,27,0.0,-999,-999
110127,PACAYZAPA,2020,02,28,3.4,-999,-999
110127,PACAYZAPA,2020,02,29,0.0,-999,-999
110127,PACAYZAPA,2020,03,01,7.8,-999,-999
110127,PACAYZAPA,2020,03,02,0.0,-999,-999
110127,PACAYZAPA,2020,03,03,2.0,-999,-999
110127,PACAYZAPA,2020,03,04,2.8,-999,-999
110127,PACAYZAPA,2020,03,05,0.0,-999,-999
110127,PACAYZAPA,2020,03,06,4.2,-999,-999
110127,PACAYZAPA,2020,03,07,0.0,-999,-999
110127,PACAYZAPA,2020,03,08,10.2,-999,-999
110127,PACAYZAPA,2020,03,09,0.0,-999,-999
110127,PACAYZAPA,2020,03,10,12.4,-999,-999
110127,PACAYZAPA,2020,03,11,5.4,-999,-999
110127,PACAYZAPA,2020,03,12,0.0,-999,-999
110127,PACAYZAPA,2020,03,13,14.5,-999,-999
110127,PACAYZAPA,2020,03,14,0.0,-999,-999
110127,PACAYZAPA,2020,03,15,0.0,-999,-999
110127,PACAYZAPA,2020,03,16,3.8,-999,-999
110127,PACAYZAPA,2020,03,17,5.4,-999,-999
110127,PACAYZAPA,2020,03,18,0.0,-999,-999
110127,PACAYZAPA,2020,03,19,0.0,-999,-999
110127,PACAYZAPA,2020,03,20,0.0,-999,-999
110127,PACAYZAPA,2020,03,21,0.0,-999,-999
110127,PACAYZAPA,2020,03,22,1.2,-999,-999
110127,PACAYZAPA,2020,03,23,15.2,-999,-999
110127,PACAYZAPA,2020,03,24,5.8,-999,-999
110127,PACAYZAPA,2020,03,25,0.0,-999,-999
110127,PACAYZAPA,2020,03,26,0.0,-999,-999
110127,PACAYZAPA,2020,03,27,0.0,-999,-999
110127,PACAYZAPA,2020,03,28,0.0,-999,-999
110127,PACAYZAPA,2020,03,29,2.8,-999,-999
110127,PACAYZAPA,2020,03,30,3.8,-999,-999
110127,PACAYZAPA,2020,03,31,23.8,-999,-999
110127,PACAYZAPA,2020,04,01,1.0,-999,-999
110127,PACAYZAPA,2020,04,02,0.0,-999,-999
110127,PACAYZAPA,2020,04,03,13.5,-999,-999
110127,PACAYZAPA,2020,04,04,0.0,-999,-999
110127,PACAYZAPA,2020,04,05,2.2,-999,-999
110127,PACAYZAPA,2020,04,06,3.8,-999,-999
110127,PACAYZAPA,2020,04,07,4.8,-999,-999
110127,PACAYZAPA,2020,04,08,6.4,-999,-999
110127,PACAYZAPA,2020,04,09,26.4,-999,-999
110127,PACAYZAPA,2020,04,10,4.8,-999,-999
110127,PACAYZAPA,2020,04,11,0.0,-999,-999
110127,PACAYZAPA,2020,04,12,39.2,-999,-999
110127,PACAYZAPA,2020,04,13,0.0,-999,-999
110127,PACAYZAPA,2020,04,14,0.0,-999,-999
110127,PACAYZAPA,2020,04,15,0.0,-999,-999
110127,PACAYZAPA,2020,04,16,18.6,-999,-999
110127,PACAYZAPA,2020,04,17,4.5,-999,-999
110127,PACAYZAPA,2020,04,18,0.0,-999,-999
110127,PACAYZAPA,2020,04,19,0.0,-999,-999
110127,PACAYZAPA,2020,04,20,0.0,-999,-999
110127,PACAYZAPA,2020,04,21,0.0,-999,-999
110127,PACAYZAPA,2020,04,22,2.5,-999,-999
110127,PACAYZAPA,2020,04,23,0.5,-999,-999
110127,PACAYZAPA,2020,04,24,0.0,-999,-999
110127,PACAYZAPA,2020,04,25,21.2,-999,-999
110127,PACAYZAPA,2020,04,26,0.0,-999,-999
110127,PACAYZAPA,2020,04,27,4.5,-999,-999
110127,PACAYZAPA,2020,04,28,4.0,-999,-999
110127,PACAYZAPA,2020,04,29,8.1,-999,-999
110127,PACAYZAPA,2020,04,30,15.6,-999,-999
110127,PACAYZAPA,2020,05,01,18.4,-999,-999
110127,PACAYZAPA,2020,05,02,7.8,-999,-999
110127,PACAYZAPA,2020,05,03,37.5,-999,-999
110127,PACAYZAPA,2020,05,04,0.0,-999,-999
110127,PACAYZAPA,2020,05,05,0.0,-999,-999
110127,PACAYZAPA,2020,05,06,8.8,-999,-999
110127,PACAYZAPA,2020,05,07,44.2,-999,-999
110127,PACAYZAPA,2020,05,08,0.0,-999,-999
110127,PACAYZAPA,2020,05,09,0.0,-999,-999
110127,PACAYZAPA,2020,05,10,0.0,-999,-999
110127,PACAYZAPA,2020,05,11,0.0,-999,-999
110127,PACAYZAPA,2020,05,12,11.8,-999,-999
110127,PACAYZAPA,2020,05,13,0.0,-999,-999
110127,PACAYZAPA,2020,05,14,0.0,-999,-999
110127,PACAYZAPA,2020,05,15,1.9,-999,-999
110127,PACAYZAPA,2020,05,16,0.0,-999,-999
110127,PACAYZAPA,2020,05,17,0.0,-999,-999
110127,PACAYZAPA,2020,05,18,0.0,-999,-999
110127,PACAYZAPA,2020,05,19,1.0,-999,-999
110127,PACAYZAPA,2020,05,20,1.5,-999,-999
110127,PACAYZAPA,2020,05,21,0.0,-999,-999
110127,PACAYZAPA,2020,05,22,0.5,-999,-999
110127,PACAYZAPA,2020,05,23,7.5,-999,-999
110127,PACAYZAPA,2020,05,24,5.4,-999,-999
110127,PACAYZAPA,2020,05,25,0.0,-999,-999
110127,PACAYZAPA,2020,05,26,0.0,-999,-999
110127,PACAYZAPA,2020,05,27,0.0,-999,-999
110127,PACAYZAPA,2020,05,28,0.0,-999,-999
110127,PACAYZAPA,2020,05,29,0.0,-999,-999
110127,PACAYZAPA,2020,05,30,1.2,-999,-999
110127,PACAYZAPA,2020,05,31,2.8,-999,-999
110127,PACAYZAPA,2020,06,01,0.0,-999,-999
110127,PACAYZAPA,2020,06,02,4.2,-999,-999
110127,PACAYZAPA,2020,06,03,0.0,-999,-999
110127,PACAYZAPA,2020,06,04,0.0,-999,-999
110127,PACAYZAPA,2020,06,05,5.4,-999,-999
110127,PACAYZAPA,2020,06,06,0.0,-999,-999
110127,PACAYZAPA,2020,06,07,0.0,-999,-999
110127,PACAYZAPA,2020,06,08,5.4,-999,-999
110127,PACAYZAPA,2020,06,09,0.0,-999,-999
110127,PACAYZAPA,2020,06,10,0.0,-999,-999
110127,PACAYZAPA,2020,06,11,0.0,-999,-999
110127,PACAYZAPA,2020,06,12,0.0,-999,-999
110127,PACAYZAPA,2020,06,13,0.0,-999,-999
110127,PACAYZAPA,2020,06,14,3.5,-999,-999
110127,PACAYZAPA,2020,06,15,1.2,-999,-999
110127,PACAYZAPA,2020,06,16,0.0,-999,-999
110127,PACAYZAPA,2020,06,17,0.0,-999,-999
110127,PACAYZAPA,2020,06,18,0.0,-999,-999
110127,PACAYZAPA,2020,06,19,0.0,-999,-999
110127,PACAYZAPA,2020,06,20,3.2,-999,-999
110127,PACAYZAPA,2020,06,21,0.0,-999,-999
110127,PACAYZAPA,2020,06,22,0.0,-999,-999
110127,PACAYZAPA,2020,06,23,0.0,-999,-999
110127,PACAYZAPA,2020,06,24,0.0,-999,-999
110127,PACAYZAPA,2020,06,25,0.0,-999,-999
110127,PACAYZAPA,2020,06,26,0.0,-999,-999
110127,PACAYZAPA,2020,06,27,1.2,-999,-999
110127,PACAYZAPA,2020,06,28,4.5,-999,-999
110127,PACAYZAPA,2020,06,29,1.6,-999,-999
110127,PACAYZAPA,2020,06,30,0.0,-999,-999
110127,PACAYZAPA,2020,07,01,0.5,-999,-999
110127,PACAYZAPA,2020,07,02,1.0,-999,-999
110127,PACAYZAPA,2020,07,03,1.3,-999,-999
110127,PACAYZAPA,2020,07,04,4.8,-999,-999
110127,PACAYZAPA,2020,07,05,0.0,-999,-999
110127,PACAYZAPA,2020,07,06,0.5,-999,-999
110127,PACAYZAPA,2020,07,07,0.0,-999,-999
110127,PACAYZAPA,2020,07,08,1.6,-999,-999
110127,PACAYZAPA,2020,07,09,1.2,-999,-999
110127,PACAYZAPA,2020,07,10,9.5,-999,-999
110127,PACAYZAPA,2020,07,11,0.0,-999,-999
110127,PACAYZAPA,2020,07,12,0.6,-999,-999
110127,PACAYZAPA,2020,07,13,0.0,-999,-999
110127,PACAYZAPA,2020,07,14,0.0,-999,-999
110127,PACAYZAPA,2020,07,15,1.2,-999,-999
110127,PACAYZAPA,2020,07,16,0.0,-999,-999
110127,PACAYZAPA,2020,07,17,0.0,-999,-999
110127,PACAYZAPA,2020,07,18,0.0,-999,-999
110127,PACAYZAPA,2020,07,19,0.0,-999,-999
110127,PACAYZAPA,2020,07,20,0.0,-999,-999
110127,PACAYZAPA,2020,07,21,0.0,-999,-999
110127,PACAYZAPA,2020,07,22,0.0,-999,-999
110127,PACAYZAPA,2020,07,23,0.0,-999,-999
110127,PACAYZAPA,2020,07,24,0.0,-999,-999
110127,PACAYZAPA,2020,07,25,6.4,-999,-999
110127,PACAYZAPA,2020,07,26,56.2,-999,-999
110127,PACAYZAPA,2020,07,27,0.5,-999,-999
110127,PACAYZAPA,2020,07,28,2.8,-999,-999
110127,PACAYZAPA,2020,07,29,0.0,-999,-999
110127,PACAYZAPA,2020,07,30,11.8,-999,-999
110127,PACAYZAPA,2020,07,31,1.2,-999,-999
110127,PACAYZAPA,2020,08,01,0.0,-999,-999
110127,PACAYZAPA,2020,08,02,0.0,-999,-999
110127,PACAYZAPA,2020,08,03,0.0,-999,-999
110127,PACAYZAPA,2020,08,04,0.0,-999,-999
110127,PACAYZAPA,2020,08,05,0.0,-999,-999
110127,PACAYZAPA,2020,08,06,0.0,-999,-999
110127,PACAYZAPA,2020,08,07,0.0,-999,-999
110127,PACAYZAPA,2020,08,08,0.0,-999,-999
110127,PACAYZAPA,2020,08,09,0.0,-999,-999
110127,PACAYZAPA,2020,08,10,0.0,-999,-999
110127,PACAYZAPA,2020,08,11,0.0,-999,-999
110127,PACAYZAPA,2020,08,12,0.0,-999,-999
110127,PACAYZAPA,2020,08,13,0.0,-999,-999
110127,PACAYZAPA,2020,08,14,0.0,-999,-999
110127,PACAYZAPA,2020,08,15,0.0,-999,-999
110127,PACAYZAPA,2020,08,16,0.0,-999,-999
110127,PACAYZAPA,2020,08,17,0.0,-999,-999
110127,PACAYZAPA,2020,08,18,0.0,-999,-999
110127,PACAYZAPA,2020,08,19,0.0,-999,-999
110127,PACAYZAPA,2020,08,20,25.8,-999,-999
110127,PACAYZAPA,2020,08,21,4.2,-999,-999
110127,PACAYZAPA,2020,08,22,0.0,-999,-999
110127,PACAYZAPA,2020,08,23,0.0,-999,-999
110127,PACAYZAPA,2020,08,24,0.0,-999,-999
110127,PACAYZAPA,2020,08,25,0.0,-999,-999
110127,PACAYZAPA,2020,08,26,0.0,-999,-999
110127,PACAYZAPA,2020,08,27,0.0,-999,-999
110127,PACAYZAPA,2020,08,28,0.0,-999,-999
110127,PACAYZAPA,2020,08,29,0.0,-999,-999
110127,PACAYZAPA,2020,08,30,0.0,-999,-999
110127,PACAYZAPA,2020,08,31,5.4,-999,-999
110127,PACAYZAPA,2020,09,01,0.0,-999,-999
110127,PACAYZAPA,2020,09,02,0.0,-999,-999
110127,PACAYZAPA,2020,09,03,2.2,-999,-999
110127,PACAYZAPA,2020,09,04,0.0,-999,-999
110127,PACAYZAPA,2020,09,05,4.2,-999,-999
110127,PACAYZAPA,2020,09,06,0.0,-999,-999
110127,PACAYZAPA,2020,09,07,62.8,-999,-999
110127,PACAYZAPA,2020,09,08,0.0,-999,-999
110127,PACAYZAPA,2020,09,09,22.2,-999,-999
110127,PACAYZAPA,2020,09,10,0.0,-999,-999
110127,PACAYZAPA,2020,09,11,5.2,-999,-999
110127,PACAYZAPA,2020,09,12,0.0,-999,-999
110127,PACAYZAPA,2020,09,13,1.5,-999,-999
110127,PACAYZAPA,2020,09,14,4.5,-999,-999
110127,PACAYZAPA,2020,09,15,5.8,-999,-999
110127,PACAYZAPA,2020,09,16,0.0,-999,-999
110127,PACAYZAPA,2020,09,17,0.0,-999,-999
110127,PACAYZAPA,2020,09,18,4.8,-999,-999
110127,PACAYZAPA,2020,09,19,0.0,-999,-999
110127,PACAYZAPA,2020,09,20,0.0,-999,-999
110127,PACAYZAPA,2020,09,21,1.2,-999,-999
110127,PACAYZAPA,2020,09,22,18.3,-999,-999
110127,PACAYZAPA,2020,09,23,12.2,-999,-999
110127,PACAYZAPA,2020,09,24,0.0,-999,-999
110127,PACAYZAPA,2020,09,25,0.5,-999,-999
110127,PACAYZAPA,2020,09,26,0.0,-999,-999
110127,PACAYZAPA,2020,09,27,0.0,-999,-999
110127,PACAYZAPA,2020,09,28,1.8,-999,-999
110127,PACAYZAPA,2020,09,29,33.8,-999,-999
110127,PACAYZAPA,2020,09,30,27.5,-999,-999
110127,PACAYZAPA,2020,10,01,1.0,-999,-999
110127,PACAYZAPA,2020,10,02,0.8,-999,-999
110127,PACAYZAPA,2020,10,03,0.0,-999,-999
110127,PACAYZAPA,2020,10,04,9.5,-999,-999
110127,PACAYZAPA,2020,10,05,0.8,-999,-999
110127,PACAYZAPA,2020,10,06,0.0,-999,-999
110127,PACAYZAPA,2020,10,07,3.0,-999,-999
110127,PACAYZAPA,2020,10,08,0.0,-999,-999
110127,PACAYZAPA,2020,10,09,0.0,-999,-999
110127,PACAYZAPA,2020,10,10,0.0,-999,-999
110127,PACAYZAPA,2020,10,11,0.0,-999,-999
110127,PACAYZAPA,2020,10,12,0.0,-999,-999
110127,PACAYZAPA,2020,10,13,19.8,-999,-999
110127,PACAYZAPA,2020,10,14,0.0,-999,-999
110127,PACAYZAPA,2020,10,15,25.4,-999,-999
110127,PACAYZAPA,2020,10,16,15.3,-999,-999
110127,PACAYZAPA,2020,10,17,13.5,-999,-999
110127,PACAYZAPA,2020,10,18,0.0,-999,-999
110127,PACAYZAPA,2020,10,19,14.2,-999,-999
110127,PACAYZAPA,2020,10,20,2.2,-999,-999
110127,PACAYZAPA,2020,10,21,41.2,-999,-999
110127,PACAYZAPA,2020,10,22,9.6,-999,-999
110127,PACAYZAPA,2020,10,23,2.2,-999,-999
110127,PACAYZAPA,2020,10,24,0.0,-999,-999
110127,PACAYZAPA,2020,10,25,0.0,-999,-999
110127,PACAYZAPA,2020,10,26,0.0,-999,-999
110127,PACAYZAPA,2020,10,27,11.8,-999,-999
110127,PACAYZAPA,2020,10,28,0.5,-999,-999
110127,PACAYZAPA,2020,10,29,4.2,-999,-999
110127,PACAYZAPA,2020,10,30,15.5,-999,-999
110127,PACAYZAPA,2020,10,31,0.0,-999,-999
110127,PACAYZAPA,2020,11,01,0.0,-999,-999
110127,PACAYZAPA,2020,11,02,0.0,-999,-999
110127,PACAYZAPA,2020,11,03,0.0,-999,-999
110127,PACAYZAPA,2020,11,04,0.0,-999,-999
110127,PACAYZAPA,2020,11,05,0.0,-999,-999
110127,PACAYZAPA,2020,11,06,54.8,-999,-999
110127,PACAYZAPA,2020,11,07,0.0,-999,-999
110127,PACAYZAPA,2020,11,08,0.0,-999,-999
110127,PACAYZAPA,2020,11,09,0.0,-999,-999
110127,PACAYZAPA,2020,11,10,0.0,-999,-999
110127,PACAYZAPA,2020,11,11,21.8,-999,-999
110127,PACAYZAPA,2020,11,12,0.0,-999,-999
110127,PACAYZAPA,2020,11,13,0.0,-999,-999
110127,PACAYZAPA,2020,11,14,0.0,-999,-999
110127,PACAYZAPA,2020,11,15,1.2,-999,-999
110127,PACAYZAPA,2020,11,16,2.4,-999,-999
110127,PACAYZAPA,2020,11,17,0.0,-999,-999
110127,PACAYZAPA,2020,11,18,0.0,-999,-999
110127,PACAYZAPA,2020,11,19,9.5,-999,-999
110127,PACAYZAPA,2020,11,20,29.8,-999,-999
110127,PACAYZAPA,2020,11,21,40.8,-999,-999
110127,PACAYZAPA,2020,11,22,2.0,-999,-999
110127,PACAYZAPA,2020,11,23,2.8,-999,-999
110127,PACAYZAPA,2020,11,24,0.5,-999,-999
110127,PACAYZAPA,2020,11,25,0.0,-999,-999
110127,PACAYZAPA,2020,11,26,42.4,-999,-999
110127,PACAYZAPA,2020,11,27,17.0,-999,-999
110127,PACAYZAPA,2020,11,28,0.0,-999,-999
110127,PACAYZAPA,2020,11,29,7.4,-999,-999
110127,PACAYZAPA,2020,11,30,7.8,-999,-999
110127,PACAYZAPA,2020,12,01,1.8,-999,-999
110127,PACAYZAPA,2020,12,02,0.0,-999,-999
110127,PACAYZAPA,2020,12,03,0.0,-999,-999
110127,PACAYZAPA,2020,12,04,4.2,-999,-999
110127,PACAYZAPA,2020,12,05,3.2,-999,-999
110127,PACAYZAPA,2020,12,06,9.3,-999,-999
110127,PACAYZAPA,2020,12,07,2.2,-999,-999
110127,PACAYZAPA,2020,12,08,3.8,-999,-999
110127,PACAYZAPA,2020,12,09,0.0,-999,-999
110127,PACAYZAPA,2020,12,10,0.0,-999,-999
110127,PACAYZAPA,2020,12,11,0.0,-999,-999
110127,PACAYZAPA,2020,12,12,0.5,-999,-999
110127,PACAYZAPA,2020,12,13,0.5,-999,-999
110127,PACAYZAPA,2020,12,14,0.0,-999,-999
110127,PACAYZAPA,2020,12,15,0.0,-999,-999
110127,PACAYZAPA,2020,12,16,0.8,-999,-999
110127,PACAYZAPA,2020,12,17,6.5,-999,-999
110127,PACAYZAPA,2020,12,18,6.6,-999,-999
110127,PACAYZAPA,2020,12,19,2.2,-999,-999
110127,PACAYZAPA,2020,12,20,0.0,-999,-999
110127,PACAYZAPA,2020,12,21,0.0,-999,-999
110127,PACAYZAPA,2020,12,22,0.0,-999,-999
110127,PACAYZAPA,2020,12,23,1.0,-999,-999
110127,PACAYZAPA,2020,12,24,0.0,-999,-999
110127,PACAYZAPA,2020,12,25,0.0,-999,-999
110127,PACAYZAPA,2020,12,26,0.5,-999,-999
110127,PACAYZAPA,2020,12,27,0.0,-999,-999
110127,PACAYZAPA,2020,12,28,0.8,-999,-999
110127,PACAYZAPA,2020,12,29,0.0,-999,-999
110127,PACAYZAPA,2020,12,30,0.0,-999,-999
110127,PACAYZAPA,2020,12,31,0.5,-999,-999
110127,PACAYZAPA,2021,01,01,27.2,-999,-999
110127,PACAYZAPA,2021,01,02,12.5,-999,-999
110127,PACAYZAPA,2021,01,03,0.8,-999,-999
110127,PACAYZAPA,2021,01,04,6.8,-999,-999
110127,PACAYZAPA,2021,01,05,2.4,-999,-999
110127,PACAYZAPA,2021,01,06,0.0,-999,-999
110127,PACAYZAPA,2021,01,07,12.5,-999,-999
110127,PACAYZAPA,2021,01,08,0.0,-999,-999
110127,PACAYZAPA,2021,01,09,7.8,-999,-999
110127,PACAYZAPA,2021,01,10,0.0,-999,-999
110127,PACAYZAPA,2021,01,11,6.2,-999,-999
110127,PACAYZAPA,2021,01,12,0.0,-999,-999
110127,PACAYZAPA,2021,01,13,0.0,-999,-999
110127,PACAYZAPA,2021,01,14,0.0,-999,-999
110127,PACAYZAPA,2021,01,15,0.5,-999,-999
110127,PACAYZAPA,2021,01,16,0.0,-999,-999
110127,PACAYZAPA,2021,01,17,0.0,-999,-999
110127,PACAYZAPA,2021,01,18,0.0,-999,-999
110127,PACAYZAPA,2021,01,19,0.8,-999,-999
110127,PACAYZAPA,2021,01,20,0.5,-999,-999
110127,PACAYZAPA,2021,01,21,55.2,-999,-999
110127,PACAYZAPA,2021,01,22,10.0,-999,-999
110127,PACAYZAPA,2021,01,23,20.6,-999,-999
110127,PACAYZAPA,2021,01,24,2.4,-999,-999
110127,PACAYZAPA,2021,01,25,9.2,-999,-999
110127,PACAYZAPA,2021,01,26,2.4,-999,-999
110127,PACAYZAPA,2021,01,27,0.0,-999,-999
110127,PACAYZAPA,2021,01,28,0.0,-999,-999
110127,PACAYZAPA,2021,01,29,0.0,-999,-999
110127,PACAYZAPA,2021,01,30,0.0,-999,-999
110127,PACAYZAPA,2021,01,31,0.0,-999,-999
110127,PACAYZAPA,2021,02,01,0.0,-999,-999
110127,PACAYZAPA,2021,02,02,0.0,-999,-999
110127,PACAYZAPA,2021,02,03,1.4,-999,-999
110127,PACAYZAPA,2021,02,04,32.5,-999,-999
110127,PACAYZAPA,2021,02,05,7.2,-999,-999
110127,PACAYZAPA,2021,02,06,7.8,-999,-999
110127,PACAYZAPA,2021,02,07,0.0,-999,-999
110127,PACAYZAPA,2021,02,08,0.0,-999,-999
110127,PACAYZAPA,2021,02,09,0.0,-999,-999
110127,PACAYZAPA,2021,02,10,0.0,-999,-999
110127,PACAYZAPA,2021,02,11,0.5,-999,-999
110127,PACAYZAPA,2021,02,12,1.2,-999,-999
110127,PACAYZAPA,2021,02,13,0.0,-999,-999
110127,PACAYZAPA,2021,02,14,0.0,-999,-999
110127,PACAYZAPA,2021,02,15,0.0,-999,-999
110127,PACAYZAPA,2021,02,16,0.0,-999,-999
110127,PACAYZAPA,2021,02,17,0.0,-999,-999
110127,PACAYZAPA,2021,02,18,0.0,-999,-999
110127,PACAYZAPA,2021,02,19,0.0,-999,-999
110127,PACAYZAPA,2021,02,20,0.0,-999,-999
110127,PACAYZAPA,2021,02,21,52.8,-999,-999
110127,PACAYZAPA,2021,02,22,1.2,-999,-999
110127,PACAYZAPA,2021,02,23,1.5,-999,-999
110127,PACAYZAPA,2021,02,24,16.6,-999,-999
110127,PACAYZAPA,2021,02,25,9.2,-999,-999
110127,PACAYZAPA,2021,02,26,8.4,-999,-999
110127,PACAYZAPA,2021,02,27,67.0,-999,-999
110127,PACAYZAPA,2021,02,28,1.5,-999,-999
110127,PACAYZAPA,2021,03,01,0.5,-999,-999
110127,PACAYZAPA,2021,03,02,0.8,-999,-999
110127,PACAYZAPA,2021,03,03,9.8,-999,-999
110127,PACAYZAPA,2021,03,04,7.2,-999,-999
110127,PACAYZAPA,2021,03,05,0.0,-999,-999
110127,PACAYZAPA,2021,03,06,14.2,-999,-999
110127,PACAYZAPA,2021,03,07,9.5,-999,-999
110127,PACAYZAPA,2021,03,08,1.2,-999,-999
110127,PACAYZAPA,2021,03,09,8.8,-999,-999
110127,PACAYZAPA,2021,03,10,1.8,-999,-999
110127,PACAYZAPA,2021,03,11,1.8,-999,-999
110127,PACAYZAPA,2021,03,12,1.6,-999,-999
110127,PACAYZAPA,2021,03,13,1.5,-999,-999
110127,PACAYZAPA,2021,03,14,2.4,-999,-999
110127,PACAYZAPA,2021,03,15,30.4,-999,-999
110127,PACAYZAPA,2021,03,16,18.8,-999,-999
110127,PACAYZAPA,2021,03,17,0.0,-999,-999
110127,PACAYZAPA,2021,03,18,0.0,-999,-999
110127,PACAYZAPA,2021,03,19,2.2,-999,-999
110127,PACAYZAPA,2021,03,20,10.4,-999,-999
110127,PACAYZAPA,2021,03,21,13.2,-999,-999
110127,PACAYZAPA,2021,03,22,0.0,-999,-999
110127,PACAYZAPA,2021,03,23,37.8,-999,-999
110127,PACAYZAPA,2021,03,24,21.2,-999,-999
110127,PACAYZAPA,2021,03,25,7.8,-999,-999
110127,PACAYZAPA,2021,03,26,18.8,-999,-999
110127,PACAYZAPA,2021,03,27,4.2,-999,-999
110127,PACAYZAPA,2021,03,28,11.6,-999,-999
110127,PACAYZAPA,2021,03,29,49.8,-999,-999
110127,PACAYZAPA,2021,03,30,0.0,-999,-999
110127,PACAYZAPA,2021,03,31,0.0,-999,-999
110127,PACAYZAPA,2021,04,01,16.5,-999,-999
110127,PACAYZAPA,2021,04,02,4.0,-999,-999
110127,PACAYZAPA,2021,04,03,18.8,-999,-999
110127,PACAYZAPA,2021,04,04,8.3,-999,-999
110127,PACAYZAPA,2021,04,05,6.6,-999,-999
110127,PACAYZAPA,2021,04,06,8.5,-999,-999
110127,PACAYZAPA,2021,04,07,4.2,-999,-999
110127,PACAYZAPA,2021,04,08,0.0,-999,-999
110127,PACAYZAPA,2021,04,09,10.4,-999,-999
110127,PACAYZAPA,2021,04,10,15.2,-999,-999
110127,PACAYZAPA,2021,04,11,0.0,-999,-999
110127,PACAYZAPA,2021,04,12,11.7,-999,-999
110127,PACAYZAPA,2021,04,13,2.5,-999,-999
110127,PACAYZAPA,2021,04,14,8.4,-999,-999
110127,PACAYZAPA,2021,04,15,2.0,-999,-999
110127,PACAYZAPA,2021,04,16,1.0,-999,-999
110127,PACAYZAPA,2021,04,17,0.0,-999,-999
110127,PACAYZAPA,2021,04,18,8.2,-999,-999
110127,PACAYZAPA,2021,04,19,10.5,-999,-999
110127,PACAYZAPA,2021,04,20,0.0,-999,-999
110127,PACAYZAPA,2021,04,21,0.0,-999,-999
110127,PACAYZAPA,2021,04,22,0.0,-999,-999
110127,PACAYZAPA,2021,04,23,0.0,-999,-999
110127,PACAYZAPA,2021,04,24,0.0,-999,-999
110127,PACAYZAPA,2021,04,25,3.2,-999,-999
110127,PACAYZAPA,2021,04,26,3.6,-999,-999
110127,PACAYZAPA,2021,04,27,6.7,-999,-999
110127,PACAYZAPA,2021,04,28,1.5,-999,-999
110127,PACAYZAPA,2021,04,29,5.4,-999,-999
110127,PACAYZAPA,2021,04,30,0.0,-999,-999
110127,PACAYZAPA,2021,05,01,0.0,-999,-999
110127,PACAYZAPA,2021,05,02,0.0,-999,-999
110127,PACAYZAPA,2021,05,03,0.0,-999,-999
110127,PACAYZAPA,2021,05,04,0.0,-999,-999
110127,PACAYZAPA,2021,05,05,0.0,-999,-999
110127,PACAYZAPA,2021,05,06,6.2,-999,-999
110127,PACAYZAPA,2021,05,07,9.6,-999,-999
110127,PACAYZAPA,2021,05,08,1.2,-999,-999
110127,PACAYZAPA,2021,05,09,0.0,-999,-999
110127,PACAYZAPA,2021,05,10,0.0,-999,-999
110127,PACAYZAPA,2021,05,11,0.5,-999,-999
110127,PACAYZAPA,2021,05,12,0.0,-999,-999
110127,PACAYZAPA,2021,05,13,1.7,-999,-999
110127,PACAYZAPA,2021,05,14,14.6,-999,-999
110127,PACAYZAPA,2021,05,15,3.4,-999,-999
110127,PACAYZAPA,2021,05,16,0.0,-999,-999
110127,PACAYZAPA,2021,05,17,6.6,-999,-999
110127,PACAYZAPA,2021,05,18,6.2,-999,-999
110127,PACAYZAPA,2021,05,19,0.0,-999,-999
110127,PACAYZAPA,2021,05,20,0.0,-999,-999
110127,PACAYZAPA,2021,05,21,0.0,-999,-999
110127,PACAYZAPA,2021,05,22,0.0,-999,-999
110127,PACAYZAPA,2021,05,23,5.2,-999,-999
110127,PACAYZAPA,2021,05,24,29.4,-999,-999
110127,PACAYZAPA,2021,05,25,0.8,-999,-999
110127,PACAYZAPA,2021,05,26,0.0,-999,-999
110127,PACAYZAPA,2021,05,27,0.0,-999,-999
110127,PACAYZAPA,2021,05,28,0.0,-999,-999
110127,PACAYZAPA,2021,05,29,0.0,-999,-999
110127,PACAYZAPA,2021,05,30,0.0,-999,-999
110127,PACAYZAPA,2021,05,31,3.2,-999,-999
110127,PACAYZAPA,2021,06,01,0.0,30.0,19.8
110127,PACAYZAPA,2021,06,02,0.0,28.8,19.0
110127,PACAYZAPA,2021,06,03,29.2,28.0,20.0
110127,PACAYZAPA,2021,06,04,25.2,28.2,19.0
110127,PACAYZAPA,2021,06,05,10.2,27.0,19.6
110127,PACAYZAPA,2021,06,06,26.3,26.0,18.6
110127,PACAYZAPA,2021,06,07,2.2,27.8,18.8
110127,PACAYZAPA,2021,06,08,1.0,27.0,19.6
110127,PACAYZAPA,2021,06,09,0.0,28.8,19.2
110127,PACAYZAPA,2021,06,10,0.0,29.8,16.8
110127,PACAYZAPA,2021,06,11,0.0,30.8,17.4
110127,PACAYZAPA,2021,06,12,0.0,28.8,18.0
110127,PACAYZAPA,2021,06,13,0.0,30.0,18.0
110127,PACAYZAPA,2021,06,14,4.2,27.2,16.2
110127,PACAYZAPA,2021,06,15,5.0,29.2,19.0
110127,PACAYZAPA,2021,06,16,2.4,26.4,19.4
110127,PACAYZAPA,2021,06,17,5.8,25.8,18.6
110127,PACAYZAPA,2021,06,18,4.7,25.0,17.4
110127,PACAYZAPA,2021,06,19,12.8,26.6,18.8
110127,PACAYZAPA,2021,06,20,2.2,26.0,19.0
110127,PACAYZAPA,2021,06,21,0.0,27.8,18.0
110127,PACAYZAPA,2021,06,22,0.0,27.6,16.8
110127,PACAYZAPA,2021,06,23,0.0,30.0,15.2
110127,PACAYZAPA,2021,06,24,0.0,29.8,18.0
110127,PACAYZAPA,2021,06,25,0.0,30.0,16.8
110127,PACAYZAPA,2021,06,26,0.0,29.0,18.0
110127,PACAYZAPA,2021,06,27,1.0,31.0,18.8
110127,PACAYZAPA,2021,06,28,5.0,26.0,18.8
110127,PACAYZAPA,2021,06,29,22.5,26.0,17.8
110127,PACAYZAPA,2021,06,30,0.0,20.8,14.0
110127,PACAYZAPA,2021,07,01,0.0,25.4,15.8
110127,PACAYZAPA,2021,07,02,0.0,25.0,15.2
110127,PACAYZAPA,2021,07,03,0.0,26.2,16.0
110127,PACAYZAPA,2021,07,04,0.0,27.0,16.4
110127,PACAYZAPA,2021,07,05,0.0,27.4,19.8
110127,PACAYZAPA,2021,07,06,0.0,27.8,14.0
110127,PACAYZAPA,2021,07,07,0.0,28.2,16.8
110127,PACAYZAPA,2021,07,08,1.2,30.0,18.4
110127,PACAYZAPA,2021,07,09,1.0,26.0,18.8
110127,PACAYZAPA,2021,07,10,2.0,27.0,19.0
110127,PACAYZAPA,2021,07,11,6.7,26.6,18.2
110127,PACAYZAPA,2021,07,12,2.5,25.0,19.2
110127,PACAYZAPA,2021,07,13,0.0,28.2,18.8
110127,PACAYZAPA,2021,07,14,0.0,29.8,15.4
110127,PACAYZAPA,2021,07,15,0.0,26.8,16.8
110127,PACAYZAPA,2021,07,16,0.0,29.6,18.0
110127,PACAYZAPA,2021,07,17,3.4,27.4,18.4
110127,PACAYZAPA,2021,07,18,17.8,26.2,18.6
110127,PACAYZAPA,2021,07,19,2.6,25.0,18.8
110127,PACAYZAPA,2021,07,20,0.0,26.8,17.6
110127,PACAYZAPA,2021,07,21,0.0,26.4,16.4
110127,PACAYZAPA,2021,07,22,0.0,27.2,15.0
110127,PACAYZAPA,2021,07,23,0.0,28.8,14.2
110127,PACAYZAPA,2021,07,24,0.0,29.2,14.8
110127,PACAYZAPA,2021,07,25,0.0,28.4,16.4
110127,PACAYZAPA,2021,07,26,0.0,29.0,15.0
110127,PACAYZAPA,2021,07,27,0.0,29.0,16.4
110127,PACAYZAPA,2021,07,28,10.7,26.8,17.4
110127,PACAYZAPA,2021,07,29,2.8,25.0,18.8
110127,PACAYZAPA,2021,07,30,1.5,24.0,15.4
110127,PACAYZAPA,2021,07,31,0.0,28.0,16.0
110127,PACAYZAPA,2021,08,01,5.7,27.0,17.8
110127,PACAYZAPA,2021,08,02,0.8,27.2,18.4
110127,PACAYZAPA,2021,08,03,0.0,27.0,15.8
110127,PACAYZAPA,2021,08,04,0.0,29.0,14.0
110127,PACAYZAPA,2021,08,05,0.0,29.0,14.2
110127,PACAYZAPA,2021,08,06,0.0,29.8,13.2
110127,PACAYZAPA,2021,08,07,0.0,30.0,15.0
110127,PACAYZAPA,2021,08,08,0.0,30.2,16.4
110127,PACAYZAPA,2021,08,09,0.5,28.8,18.4
110127,PACAYZAPA,2021,08,10,2.8,28.4,18.2
110127,PACAYZAPA,2021,08,11,12.5,26.4,18.8
110127,PACAYZAPA,2021,08,12,0.0,-999,17.6
110127,PACAYZAPA,2021,08,13,0.0,28.2,17.2
110127,PACAYZAPA,2021,08,14,0.5,28.2,17.0
110127,PACAYZAPA,2021,08,15,0.0,29.0,19.0
110127,PACAYZAPA,2021,08,16,0.0,29.8,16.8
110127,PACAYZAPA,2021,08,17,0.5,30.4,17.8
110127,PACAYZAPA,2021,08,18,0.0,30.8,16.0
110127,PACAYZAPA,2021,08,19,0.0,31.4,17.4
110127,PACAYZAPA,2021,08,20,0.0,31.8,15.4
110127,PACAYZAPA,2021,08,21,0.0,30.0,17.2
110127,PACAYZAPA,2021,08,22,0.0,27.8,17.0
110127,PACAYZAPA,2021,08,23,0.0,32.4,17.2
110127,PACAYZAPA,2021,08,24,0.0,33.0,16.0
110127,PACAYZAPA,2021,08,25,0.5,29.8,17.0
110127,PACAYZAPA,2021,08,26,8.2,28.4,17.4
110127,PACAYZAPA,2021,08,27,0.0,27.6,16.6
110127,PACAYZAPA,2021,08,28,1.3,28.2,17.0
110127,PACAYZAPA,2021,08,29,8.0,27.0,19.0
110127,PACAYZAPA,2021,08,30,6.0,28.2,18.0
110127,PACAYZAPA,2021,08,31,0.0,28.0,17.2
110127,PACAYZAPA,2021,09,01,0.0,31.6,14.8
110127,PACAYZAPA,2021,09,02,0.0,31.0,18.6
110127,PACAYZAPA,2021,09,03,0.0,30.0,17.4
110127,PACAYZAPA,2021,09,04,6.0,31.8,18.8
110127,PACAYZAPA,2021,09,05,3.4,32.0,18.8
110127,PACAYZAPA,2021,09,06,2.6,26.2,19.0
110127,PACAYZAPA,2021,09,07,0.0,28.8,18.0
110127,PACAYZAPA,2021,09,08,5.2,27.8,17.2
110127,PACAYZAPA,2021,09,09,1.2,28.0,17.0
110127,PACAYZAPA,2021,09,10,20.0,31.0,20.0
110127,PACAYZAPA,2021,09,11,16.5,27.4,18.8
110127,PACAYZAPA,2021,09,12,0.0,28.0,18.2
110127,PACAYZAPA,2021,09,13,2.2,27.8,18.6
110127,PACAYZAPA,2021,09,14,0.0,32.4,18.0
110127,PACAYZAPA,2021,09,15,0.0,28.0,16.6
110127,PACAYZAPA,2021,09,16,15.9,27.8,19.8
110127,PACAYZAPA,2021,09,17,0.0,27.6,18.0
110127,PACAYZAPA,2021,09,18,0.0,30.0,17.4
110127,PACAYZAPA,2021,09,19,0.0,31.2,17.0
110127,PACAYZAPA,2021,09,20,4.2,29.2,17.8
110127,PACAYZAPA,2021,09,21,37.6,25.2,19.0
110127,PACAYZAPA,2021,09,22,25.9,31.0,18.8
110127,PACAYZAPA,2021,09,23,2.2,28.8,18.0
110127,PACAYZAPA,2021,09,24,0.0,29.0,16.8
110127,PACAYZAPA,2021,09,25,2.5,29.4,17.0
110127,PACAYZAPA,2021,09,26,0.0,30.8,16.0
110127,PACAYZAPA,2021,09,27,0.0,32.0,17.2
110127,PACAYZAPA,2021,09,28,0.0,31.8,17.4
110127,PACAYZAPA,2021,09,29,3.4,28.8,17.6
110127,PACAYZAPA,2021,09,30,0.0,31.2,17.2
110127,PACAYZAPA,2021,10,01,0.0,32.4,18.4
110127,PACAYZAPA,2021,10,02,0.0,31.8,18.0
110127,PACAYZAPA,2021,10,03,0.0,32.8,18.4
110127,PACAYZAPA,2021,10,04,42.0,27.8,20.0
110127,PACAYZAPA,2021,10,05,29.6,30.2,19.8
110127,PACAYZAPA,2021,10,06,1.4,25.8,17.6
110127,PACAYZAPA,2021,10,07,0.0,31.0,18.8
110127,PACAYZAPA,2021,10,08,4.3,29.0,19.4
110127,PACAYZAPA,2021,10,09,8.4,26.8,18.0
110127,PACAYZAPA,2021,10,10,0.0,31.6,19.8
110127,PACAYZAPA,2021,10,11,0.8,32.4,20.0
110127,PACAYZAPA,2021,10,12,0.0,33.4,19.8
110127,PACAYZAPA,2021,10,13,0.0,33.6,19.4
110127,PACAYZAPA,2021,10,14,0.0,33.8,20.2
110127,PACAYZAPA,2021,10,15,0.5,29.0,19.8
110127,PACAYZAPA,2021,10,16,0.8,33.0,20.0
110127,PACAYZAPA,2021,10,17,2.8,30.4,19.8
110127,PACAYZAPA,2021,10,18,0.0,28.8,19.0
110127,PACAYZAPA,2021,10,19,5.4,29.2,19.2
110127,PACAYZAPA,2021,10,20,6.0,28.6,20.0
110127,PACAYZAPA,2021,10,21,0.0,30.2,19.0
110127,PACAYZAPA,2021,10,22,0.0,33.4,19.2
110127,PACAYZAPA,2021,10,23,0.0,33.6,20.0
110127,PACAYZAPA,2021,10,24,0.0,34.4,19.0
110127,PACAYZAPA,2021,10,25,5.4,28.0,21.0
110127,PACAYZAPA,2021,10,26,0.0,27.2,18.2
110127,PACAYZAPA,2021,10,27,0.0,31.2,17.0
110127,PACAYZAPA,2021,10,28,4.6,26.6,20.0
110127,PACAYZAPA,2021,10,29,5.2,27.2,18.8
110127,PACAYZAPA,2021,10,30,0.0,31.2,19.0
110127,PACAYZAPA,2021,10,31,0.0,32.4,20.0
110127,PACAYZAPA,2021,11,01,4.0,31.8,20.0
110127,PACAYZAPA,2021,11,02,2.0,31.0,19.0
110127,PACAYZAPA,2021,11,03,0.5,29.8,19.6
110127,PACAYZAPA,2021,11,04,34.5,29.4,20.8
110127,PACAYZAPA,2021,11,05,11.8,26.8,20.0
110127,PACAYZAPA,2021,11,06,4.0,30.0,18.0
110127,PACAYZAPA,2021,11,07,0.0,32.8,17.8
110127,PACAYZAPA,2021,11,08,0.0,31.6,20.0
110127,PACAYZAPA,2021,11,09,0.0,28.4,19.8
110127,PACAYZAPA,2021,11,10,0.0,30.6,20.0
110127,PACAYZAPA,2021,11,11,5.4,25.8,19.2
110127,PACAYZAPA,2021,11,12,1.5,30.8,18.0
110127,PACAYZAPA,2021,11,13,0.8,26.0,19.2
110127,PACAYZAPA,2021,11,14,0.0,30.4,18.6
110127,PACAYZAPA,2021,11,15,0.0,30.4,17.0
110127,PACAYZAPA,2021,11,16,7.0,32.8,18.8
110127,PACAYZAPA,2021,11,17,1.5,32.0,19.0
110127,PACAYZAPA,2021,11,18,14.6,27.4,21.0
110127,PACAYZAPA,2021,11,19,2.8,28.0,20.0
110127,PACAYZAPA,2021,11,20,0.0,28.8,19.8
110127,PACAYZAPA,2021,11,21,0.0,27.0,18.8
110127,PACAYZAPA,2021,11,22,0.0,32.8,17.2
110127,PACAYZAPA,2021,11,23,14.8,30.6,18.0
110127,PACAYZAPA,2021,11,24,27.7,26.8,17.4
110127,PACAYZAPA,2021,11,25,2.8,30.0,19.8
110127,PACAYZAPA,2021,11,26,4.2,30.0,18.6
110127,PACAYZAPA,2021,11,27,0.0,32.0,19.8
110127,PACAYZAPA,2021,11,28,0.0,30.0,17.8
110127,PACAYZAPA,2021,11,29,0.5,25.0,18.0
110127,PACAYZAPA,2021,11,30,0.0,30.0,19.0
110127,PACAYZAPA,2021,12,01,0.0,33.2,19.2
110127,PACAYZAPA,2021,12,02,0.0,31.8,18.0
110127,PACAYZAPA,2021,12,03,0.0,35.0,17.0
110127,PACAYZAPA,2021,12,04,2.8,30.2,19.0
110127,PACAYZAPA,2021,12,05,19.0,26.0,20.0
110127,PACAYZAPA,2021,12,06,48.0,27.2,19.8
110127,PACAYZAPA,2021,12,07,0.0,27.8,19.0
110127,PACAYZAPA,2021,12,08,0.0,26.0,19.6
110127,PACAYZAPA,2021,12,09,0.0,32.0,20.0
110127,PACAYZAPA,2021,12,10,6.2,28.8,19.8
110127,PACAYZAPA,2021,12,11,0.0,30.2,20.0
110127,PACAYZAPA,2021,12,12,1.8,31.8,20.8
110127,PACAYZAPA,2021,12,13,0.0,32.0,21.0
110127,PACAYZAPA,2021,12,14,0.0,31.6,18.2
110127,PACAYZAPA,2021,12,15,2.5,29.8,19.2
110127,PACAYZAPA,2021,12,16,28.8,27.0,19.0
110127,PACAYZAPA,2021,12,17,0.0,31.0,20.2
110127,PACAYZAPA,2021,12,18,12.5,26.0,20.4
110127,PACAYZAPA,2021,12,19,18.2,29.8,20.0
110127,PACAYZAPA,2021,12,20,0.0,33.0,19.0
110127,PACAYZAPA,2021,12,21,0.0,31.0,20.0
110127,PACAYZAPA,2021,12,22,6.4,26.2,20.0
110127,PACAYZAPA,2021,12,23,6.7,28.2,19.8
110127,PACAYZAPA,2021,12,24,4.5,30.2,20.0
110127,PACAYZAPA,2021,12,25,0.0,33.8,17.6
110127,PACAYZAPA,2021,12,26,0.0,33.0,20.0
110127,PACAYZAPA,2021,12,27,0.0,32.8,19.0
110127,PACAYZAPA,2021,12,28,13.0,24.0,20.0
110127,PACAYZAPA,2021,12,29,2.0,31.8,19.0
110127,PACAYZAPA,2021,12,30,0.0,30.6,20.6
110127,PACAYZAPA,2021,12,31,0.0,33.0,19.0
110127,PACAYZAPA,2022,02,01,0.0,31.2,17.8
110127,PACAYZAPA,2022,02,02,0.0,32.8,18.2
110127,PACAYZAPA,2022,02,03,9.5,27.6,16.2
110127,PACAYZAPA,2022,02,04,1.5,28.8,19.2
110127,PACAYZAPA,2022,02,05,1.0,30.8,18.0
110127,PACAYZAPA,2022,02,06,2.7,28.0,20.0
110127,PACAYZAPA,2022,02,07,17.6,27.4,19.6
110127,PACAYZAPA,2022,02,08,5.5,27.8,19.4
110127,PACAYZAPA,2022,02,09,3.5,28.2,19.6
110127,PACAYZAPA,2022,02,10,0.0,30.0,20.0
110127,PACAYZAPA,2022,02,11,0.0,30.8,19.2
110127,PACAYZAPA,2022,02,12,9.4,30.0,19.6
110127,PACAYZAPA,2022,02,13,0.0,28.0,19.8
110127,PACAYZAPA,2022,02,14,1.0,32.6,19.0
110127,PACAYZAPA,2022,02,15,5.0,29.8,18.8
110127,PACAYZAPA,2022,02,16,1.2,27.0,-999
110127,PACAYZAPA,2022,02,17,0.5,30.0,18.2
110127,PACAYZAPA,2022,02,18,0.0,31.0,16.4
110127,PACAYZAPA,2022,02,19,0.0,31.8,19.0
110127,PACAYZAPA,2022,02,20,9.5,30.2,20.6
110127,PACAYZAPA,2022,02,21,6.0,27.0,20.8
110127,PACAYZAPA,2022,02,22,13.8,24.8,20.0
110127,PACAYZAPA,2022,02,23,0.5,26.4,18.6
110127,PACAYZAPA,2022,02,24,0.5,29.0,19.6
110127,PACAYZAPA,2022,02,25,9.7,26.8,19.2
110127,PACAYZAPA,2022,02,26,8.5,23.4,19.6
110127,PACAYZAPA,2022,02,27,0.0,30.0,18.4
110127,PACAYZAPA,2022,02,28,11.0,29.0,20.0
110127,PACAYZAPA,2022,03,01,14.7,28.8,20.2
110127,PACAYZAPA,2022,03,02,13.4,28.2,20.4
110127,PACAYZAPA,2022,03,03,2.7,29.8,19.0
110127,PACAYZAPA,2022,03,04,0.0,31.4,18.0
110127,PACAYZAPA,2022,03,05,0.0,30.0,18.2
110127,PACAYZAPA,2022,03,06,2.2,27.6,20.0
110127,PACAYZAPA,2022,03,07,0.0,30.4,19.0
110127,PACAYZAPA,2022,03,08,0.5,31.8,18.6
110127,PACAYZAPA,2022,03,09,11.0,28.0,20.2
110127,PACAYZAPA,2022,03,10,35.0,27.2,20.0
110127,PACAYZAPA,2022,03,11,7.5,28.0,19.0
110127,PACAYZAPA,2022,03,12,5.8,25.0,20.0
110127,PACAYZAPA,2022,03,13,1.8,28.0,19.0
110127,PACAYZAPA,2022,03,14,0.8,25.0,18.8
110127,PACAYZAPA,2022,03,15,1.5,31.0,19.2
110127,PACAYZAPA,2022,03,16,10.0,28.0,16.4
110127,PACAYZAPA,2022,03,17,0.5,31.6,20.0
110127,PACAYZAPA,2022,03,18,0.0,30.0,19.8
110127,PACAYZAPA,2022,03,19,0.0,27.0,19.0
110127,PACAYZAPA,2022,03,20,6.7,28.4,19.0
110127,PACAYZAPA,2022,03,21,32.0,24.0,19.6
110127,PACAYZAPA,2022,03,22,0.5,26.0,19.0
110127,PACAYZAPA,2022,03,23,0.0,31.0,20.0
110127,PACAYZAPA,2022,03,24,0.0,28.0,19.6
110127,PACAYZAPA,2022,03,25,0.0,30.0,17.8
110127,PACAYZAPA,2022,03,26,0.0,28.0,19.4
110127,PACAYZAPA,2022,03,27,12.0,29.0,-999
110127,PACAYZAPA,2022,03,28,0.5,25.4,-999
110127,PACAYZAPA,2022,03,29,2.4,28.2,-999
110127,PACAYZAPA,2022,03,30,0.0,29.4,-999
110127,PACAYZAPA,2022,03,31,2.2,31.0,17.8
110127,PACAYZAPA,2022,04,01,16.6,25.2,20.0
110127,PACAYZAPA,2022,04,02,10.0,26.2,18.8
110127,PACAYZAPA,2022,04,03,1.2,29.2,19.0
110127,PACAYZAPA,2022,04,04,0.0,30.8,19.2
110127,PACAYZAPA,2022,04,05,4.2,29.8,19.6
110127,PACAYZAPA,2022,04,06,5.3,27.8,18.0
110127,PACAYZAPA,2022,04,07,1.5,28.0,19.0
110127,PACAYZAPA,2022,04,08,5.2,25.6,19.6
110127,PACAYZAPA,2022,04,09,9.8,25.8,19.4
110127,PACAYZAPA,2022,04,10,12.0,28.8,19.8
110127,PACAYZAPA,2022,04,11,0.0,31.4,20.0
110127,PACAYZAPA,2022,04,12,0.5,26.0,19.2
110127,PACAYZAPA,2022,04,13,1.2,27.8,19.0
110127,PACAYZAPA,2022,04,14,0.0,28.2,19.2
110127,PACAYZAPA,2022,04,15,24.7,27.8,20.0
110127,PACAYZAPA,2022,04,16,0.0,30.0,19.6
110127,PACAYZAPA,2022,04,17,13.5,29.8,18.2
110127,PACAYZAPA,2022,04,18,3.2,26.6,19.6
110127,PACAYZAPA,2022,04,19,0.5,27.8,18.2
110127,PACAYZAPA,2022,04,20,0.8,29.0,18.0
110127,PACAYZAPA,2022,04,21,0.0,29.2,19.8
110127,PACAYZAPA,2022,04,22,0.0,30.8,19.2
110127,PACAYZAPA,2022,04,23,30.0,29.2,20.8
110127,PACAYZAPA,2022,04,24,45.0,28.8,19.0
110127,PACAYZAPA,2022,04,25,0.0,28.4,19.2
110127,PACAYZAPA,2022,04,26,0.0,30.0,19.6
110127,PACAYZAPA,2022,04,27,0.0,30.8,18.8
110127,PACAYZAPA,2022,04,28,4.5,25.6,20.4
110127,PACAYZAPA,2022,04,29,5.4,29.0,20.0
110127,PACAYZAPA,2022,04,30,4.2,26.8,18.8
110127,PACAYZAPA,2022,05,01,0.0,28.4,18.0
110127,PACAYZAPA,2022,05,02,0.5,31.0,17.8
110127,PACAYZAPA,2022,05,03,8.8,27.8,18.0
110127,PACAYZAPA,2022,05,04,16.0,29.8,17.0
110127,PACAYZAPA,2022,05,05,0.5,26.2,19.0
110127,PACAYZAPA,2022,05,06,0.0,28.2,17.4
110127,PACAYZAPA,2022,05,07,0.0,28.0,18.6
110127,PACAYZAPA,2022,05,08,0.0,28.0,20.0
110127,PACAYZAPA,2022,05,09,0.5,28.8,17.0
110127,PACAYZAPA,2022,05,10,0.0,29.8,20.0
110127,PACAYZAPA,2022,05,11,8.8,28.8,19.6
110127,PACAYZAPA,2022,05,12,9.4,28.2,19.2
110127,PACAYZAPA,2022,05,13,4.4,26.0,19.8
110127,PACAYZAPA,2022,05,14,1.8,30.0,20.0
110127,PACAYZAPA,2022,05,15,9.8,28.8,20.2
110127,PACAYZAPA,2022,05,16,25.0,26.2,19.8
110127,PACAYZAPA,2022,05,17,11.8,23.0,-999
110127,PACAYZAPA,2022,05,18,0.0,21.8,-999
110127,PACAYZAPA,2022,05,19,0.0,21.8,16.6
110127,PACAYZAPA,2022,05,20,0.8,25.0,18.0
110127,PACAYZAPA,2022,05,21,0.5,27.8,19.2
110127,PACAYZAPA,2022,05,22,0.0,30.0,18.2
110127,PACAYZAPA,2022,05,23,0.0,29.0,18.0
110127,PACAYZAPA,2022,05,24,0.0,28.0,18.2
110127,PACAYZAPA,2022,05,25,9.5,28.8,20.0
110127,PACAYZAPA,2022,05,26,5.0,28.2,19.0
110127,PACAYZAPA,2022,05,27,7.2,25.8,18.8
110127,PACAYZAPA,2022,05,28,4.2,25.4,18.8
110127,PACAYZAPA,2022,05,29,2.2,-999,18.6
110127,PACAYZAPA,2022,05,30,0.0,29.2,19.0
110127,PACAYZAPA,2022,05,31,0.0,30.0,17.2
110127,PACAYZAPA,2022,06,01,0.0,26.6,18.4
110127,PACAYZAPA,2022,06,02,0.8,29.0,18.0
110127,PACAYZAPA,2022,06,03,6.8,29.2,17.4
110127,PACAYZAPA,2022,06,04,0.0,27.0,19.8
110127,PACAYZAPA,2022,06,05,0.0,30.0,19.8
110127,PACAYZAPA,2022,06,06,12.2,26.8,19.6
110127,PACAYZAPA,2022,06,07,0.5,28.8,16.8
110127,PACAYZAPA,2022,06,08,3.5,27.2,19.6
110127,PACAYZAPA,2022,06,09,0.0,30.0,19.2
110127,PACAYZAPA,2022,06,10,0.5,29.8,19.0
110127,PACAYZAPA,2022,06,11,8.2,25.0,17.0
110127,PACAYZAPA,2022,06,12,0.0,24.0,15.6
110127,PACAYZAPA,2022,06,13,0.0,24.8,14.6
110127,PACAYZAPA,2022,06,14,0.0,27.6,11.8
110127,PACAYZAPA,2022,06,15,0.0,28.0,13.4
110127,PACAYZAPA,2022,06,16,0.0,29.4,14.4
110127,PACAYZAPA,2022,06,17,0.0,30.0,15.4
110127,PACAYZAPA,2022,06,18,1.0,27.4,16.0
110127,PACAYZAPA,2022,06,19,12.2,26.0,18.4
110127,PACAYZAPA,2022,06,20,2.2,28.2,15.6
110127,PACAYZAPA,2022,06,21,0.5,29.0,18.6
110127,PACAYZAPA,2022,06,22,2.2,28.0,18.0
110127,PACAYZAPA,2022,06,23,14.3,27.4,18.6
110127,PACAYZAPA,2022,06,24,12.0,27.0,16.4
110127,PACAYZAPA,2022,06,25,5.5,27.6,18.6
110127,PACAYZAPA,2022,06,26,0.0,27.0,18.2
110127,PACAYZAPA,2022,06,27,0.0,29.0,17.0
110127,PACAYZAPA,2022,06,28,0.0,29.8,16.8
110127,PACAYZAPA,2022,06,29,0.0,27.8,16.8
110127,PACAYZAPA,2022,06,30,0.0,28.6,17.2
110127,PACAYZAPA,2022,07,01,0.0,29.4,16.4
110127,PACAYZAPA,2022,07,02,0.8,28.8,18.0
110127,PACAYZAPA,2022,07,03,1.5,27.8,18.2
110127,PACAYZAPA,2022,07,04,8.2,27.4,18.8
110127,PACAYZAPA,2022,07,05,0.8,28.8,18.0
110127,PACAYZAPA,2022,07,06,0.0,28.8,18.4
110127,PACAYZAPA,2022,07,07,0.0,28.0,16.4
110127,PACAYZAPA,2022,07,08,15.7,26.0,18.0
110127,PACAYZAPA,2022,07,09,3.2,27.0,19.0
110127,PACAYZAPA,2022,07,10,0.0,29.4,18.0
110127,PACAYZAPA,2022,07,11,0.0,29.0,18.4
110127,PACAYZAPA,2022,07,12,0.0,28.8,16.6
110127,PACAYZAPA,2022,07,13,0.0,28.6,19.0
110127,PACAYZAPA,2022,07,14,0.0,32.2,16.4
110127,PACAYZAPA,2022,07,15,0.0,30.0,17.0
110127,PACAYZAPA,2022,07,16,0.0,30.8,16.6
110127,PACAYZAPA,2022,07,17,4.5,29.0,17.8
110127,PACAYZAPA,2022,07,18,15.4,26.8,19.8
110127,PACAYZAPA,2022,07,19,0.0,28.2,17.8
110127,PACAYZAPA,2022,07,20,1.0,28.8,17.4
110127,PACAYZAPA,2022,07,21,0.0,29.8,17.6
110127,PACAYZAPA,2022,07,22,0.0,30.4,18.0
110127,PACAYZAPA,2022,07,23,0.0,29.8,16.6
110127,PACAYZAPA,2022,07,24,0.0,31.0,19.0
110127,PACAYZAPA,2022,07,25,35.7,27.2,18.2
110127,PACAYZAPA,2022,07,26,3.8,28.4,18.6
110127,PACAYZAPA,2022,07,27,0.0,30.0,18.4
110127,PACAYZAPA,2022,07,28,0.0,31.0,16.6
110127,PACAYZAPA,2022,07,29,0.0,30.0,16.0
110127,PACAYZAPA,2022,07,30,0.0,30.2,16.4
110127,PACAYZAPA,2022,07,31,0.0,30.0,17.6
110127,PACAYZAPA,2022,08,01,0.0,30.0,18.0
110127,PACAYZAPA,2022,08,02,0.0,31.0,17.0
110127,PACAYZAPA,2022,08,03,0.0,30.4,18.2
110127,PACAYZAPA,2022,08,04,4.5,25.4,18.6
110127,PACAYZAPA,2022,08,05,2.2,28.0,19.0
110127,PACAYZAPA,2022,08,06,0.0,28.8,19.2
110127,PACAYZAPA,2022,08,07,0.8,28.8,17.0
110127,PACAYZAPA,2022,08,08,0.0,30.0,17.2
110127,PACAYZAPA,2022,08,09,1.5,28.4,17.0
110127,PACAYZAPA,2022,08,10,60.2,28.0,19.0
110127,PACAYZAPA,2022,08,11,0.0,29.8,17.0
110127,PACAYZAPA,2022,08,12,0.0,30.0,15.0
110127,PACAYZAPA,2022,08,13,0.0,32.0,14.8
110127,PACAYZAPA,2022,08,14,0.0,31.0,18.6
110127,PACAYZAPA,2022,08,15,0.0,31.2,16.2
110127,PACAYZAPA,2022,08,16,0.0,31.4,15.8
110127,PACAYZAPA,2022,08,17,0.0,32.2,16.0
110127,PACAYZAPA,2022,08,18,0.0,33.4,17.8
110127,PACAYZAPA,2022,08,19,29.8,29.2,-999
110127,PACAYZAPA,2022,08,20,0.0,27.8,14.8
110127,PACAYZAPA,2022,08,21,0.0,27.8,14.6
110127,PACAYZAPA,2022,08,22,0.0,28.6,14.2
110127,PACAYZAPA,2022,08,23,0.0,29.8,13.2
110127,PACAYZAPA,2022,08,24,0.0,29.0,14.0
110127,PACAYZAPA,2022,08,25,0.0,30.0,14.6
110127,PACAYZAPA,2022,08,26,0.0,31.4,14.2
110127,PACAYZAPA,2022,08,27,0.0,31.0,16.0
110127,PACAYZAPA,2022,08,28,0.0,31.2,17.0
110127,PACAYZAPA,2022,08,29,14.8,25.8,17.4
110127,PACAYZAPA,2022,08,30,0.5,27.8,17.2
110127,PACAYZAPA,2022,08,31,0.0,30.4,14.0
110127,PACAYZAPA,2022,09,01,0.0,32.8,16.4
110127,PACAYZAPA,2022,09,02,0.0,31.4,17.0
110127,PACAYZAPA,2022,09,03,23.4,27.8,17.8
110127,PACAYZAPA,2022,09,04,6.8,24.0,19.8
110127,PACAYZAPA,2022,09,05,1.0,28.4,16.0
110127,PACAYZAPA,2022,09,06,0.0,30.0,17.0
110127,PACAYZAPA,2022,09,07,0.0,31.6,15.0
110127,PACAYZAPA,2022,09,08,0.0,31.4,16.0
110127,PACAYZAPA,2022,09,09,1.2,31.6,15.8
110127,PACAYZAPA,2022,09,10,2.2,25.4,19.0
110127,PACAYZAPA,2022,09,11,0.0,28.8,19.0
110127,PACAYZAPA,2022,09,12,0.0,33.4,18.4
110127,PACAYZAPA,2022,09,13,0.0,33.0,16.4
110127,PACAYZAPA,2022,09,14,0.0,31.4,16.6
110127,PACAYZAPA,2022,09,15,20.0,27.8,18.8
110127,PACAYZAPA,2022,09,16,0.0,28.4,18.8
110127,PACAYZAPA,2022,09,17,0.0,30.6,18.0
110127,PACAYZAPA,2022,09,18,0.0,31.4,18.2
110127,PACAYZAPA,2022,09,19,0.0,34.0,16.6
110127,PACAYZAPA,2022,09,20,0.0,33.0,17.0
110127,PACAYZAPA,2022,09,21,0.0,33.2,18.6
110127,PACAYZAPA,2022,09,22,0.0,32.8,16.6
110127,PACAYZAPA,2022,09,23,38.6,31.0,17.4
110127,PACAYZAPA,2022,09,24,2.0,30.0,18.0
110127,PACAYZAPA,2022,09,25,0.0,31.8,18.8
110127,PACAYZAPA,2022,09,26,0.0,32.0,17.2
110127,PACAYZAPA,2022,09,27,0.0,34.0,16.4
110127,PACAYZAPA,2022,09,28,0.0,33.6,16.8
110127,PACAYZAPA,2022,09,29,8.0,-999,17.6
110127,PACAYZAPA,2022,09,30,52.8,-999,-999
110127,PACAYZAPA,2022,10,01,2.2,28.4,17.6
110127,PACAYZAPA,2022,10,02,0.0,30.0,17.8
110127,PACAYZAPA,2022,10,03,0.0,30.8,18.2
110127,PACAYZAPA,2022,10,04,0.0,33.0,16.8
110127,PACAYZAPA,2022,10,05,0.0,34.0,17.6
110127,PACAYZAPA,2022,10,06,0.0,33.0,18.0
110127,PACAYZAPA,2022,10,07,15.8,25.8,19.0
110127,PACAYZAPA,2022,10,08,1.0,30.2,15.8
110127,PACAYZAPA,2022,10,09,0.0,31.0,18.0
110127,PACAYZAPA,2022,10,10,0.0,33.0,16.6
110127,PACAYZAPA,2022,10,11,0.0,33.4,17.6
110127,PACAYZAPA,2022,10,12,0.0,33.2,17.0
110127,PACAYZAPA,2022,10,13,0.0,32.6,19.6
110127,PACAYZAPA,2022,10,14,4.2,30.0,19.8
110127,PACAYZAPA,2022,10,15,55.3,26.0,19.2
110127,PACAYZAPA,2022,10,16,3.5,31.0,19.0
110127,PACAYZAPA,2022,10,17,1.2,30.0,20.2
110127,PACAYZAPA,2022,10,18,2.3,29.4,19.2
110127,PACAYZAPA,2022,10,19,1.0,28.0,19.8
110127,PACAYZAPA,2022,10,20,8.0,28.6,19.0
110127,PACAYZAPA,2022,10,21,0.0,31.8,19.8
110127,PACAYZAPA,2022,10,22,0.0,31.2,20.0
110127,PACAYZAPA,2022,10,23,16.3,25.2,19.6
110127,PACAYZAPA,2022,10,24,1.5,27.8,19.4
110127,PACAYZAPA,2022,10,25,5.0,29.8,20.0
110127,PACAYZAPA,2022,10,26,0.0,33.0,19.0
110127,PACAYZAPA,2022,10,27,47.5,33.6,19.6
110127,PACAYZAPA,2022,10,28,3.2,30.0,19.6
110127,PACAYZAPA,2022,10,29,4.3,32.8,19.4
110127,PACAYZAPA,2022,10,30,0.0,31.0,21.0
110127,PACAYZAPA,2022,10,31,0.0,33.8,19.8
110127,PACAYZAPA,2022,11,01,17.0,30.0,-999
110127,PACAYZAPA,2022,11,02,1.2,29.0,12.6
110127,PACAYZAPA,2022,11,03,0.0,28.2,14.2
110127,PACAYZAPA,2022,11,04,0.0,30.2,15.2
110127,PACAYZAPA,2022,11,05,0.0,31.2,17.0
110127,PACAYZAPA,2022,11,06,0.0,31.0,20.0
110127,PACAYZAPA,2022,11,07,0.0,32.2,18.8
110127,PACAYZAPA,2022,11,08,0.0,33.6,19.8
110127,PACAYZAPA,2022,11,09,0.0,33.0,20.0
110127,PACAYZAPA,2022,11,10,0.0,30.2,19.0
110127,PACAYZAPA,2022,11,11,0.0,30.6,20.0
110127,PACAYZAPA,2022,11,12,0.0,34.6,19.4
110127,PACAYZAPA,2022,11,13,0.0,34.0,21.4
110127,PACAYZAPA,2022,11,14,2.8,30.0,-999
110127,PACAYZAPA,2022,11,15,0.5,29.8,20.0
110127,PACAYZAPA,2022,11,16,48.8,23.8,-999
110127,PACAYZAPA,2022,11,17,0.0,31.0,17.0
110127,PACAYZAPA,2022,11,18,0.0,32.4,19.0
110127,PACAYZAPA,2022,11,19,0.8,30.0,20.2
110127,PACAYZAPA,2022,11,20,0.0,30.0,20.0
110127,PACAYZAPA,2022,11,21,0.0,33.2,20.2
110127,PACAYZAPA,2022,11,22,30.6,31.4,20.0
110127,PACAYZAPA,2022,11,23,0.0,29.0,19.8
110127,PACAYZAPA,2022,11,24,3.8,31.0,19.0
110127,PACAYZAPA,2022,11,25,0.0,31.4,20.0
110127,PACAYZAPA,2022,11,26,0.0,32.0,21.0
110127,PACAYZAPA,2022,11,27,0.0,30.0,-999
110127,PACAYZAPA,2022,11,28,0.0,33.6,18.8
110127,PACAYZAPA,2022,11,29,0.0,33.8,19.0
110127,PACAYZAPA,2022,11,30,0.0,33.6,20.2
110127,PACAYZAPA,2022,12,01,0.0,33.4,22.4
110127,PACAYZAPA,2022,12,02,0.0,33.0,19.6
110127,PACAYZAPA,2022,12,03,2.2,28.0,19.8
110127,PACAYZAPA,2022,12,04,0.0,29.4,19.0
110127,PACAYZAPA,2022,12,05,7.0,29.0,17.0
110127,PACAYZAPA,2022,12,06,1.8,31.2,17.8
110127,PACAYZAPA,2022,12,07,2.2,27.4,18.0
110127,PACAYZAPA,2022,12,08,0.0,31.6,19.2
110127,PACAYZAPA,2022,12,09,0.5,29.6,19.6
110127,PACAYZAPA,2022,12,10,2.4,27.2,19.8
110127,PACAYZAPA,2022,12,11,1.2,30.2,19.4
110127,PACAYZAPA,2022,12,12,0.0,30.0,19.8
110127,PACAYZAPA,2022,12,13,3.5,27.6,20.0
110127,PACAYZAPA,2022,12,14,0.0,31.2,19.0
110127,PACAYZAPA,2022,12,15,0.0,33.6,19.2
110127,PACAYZAPA,2022,12,16,0.0,32.0,18.6
110127,PACAYZAPA,2022,12,17,0.0,30.0,19.0
110127,PACAYZAPA,2022,12,18,0.0,34.0,18.0
110127,PACAYZAPA,2022,12,19,0.0,34.4,18.6
110127,PACAYZAPA,2022,12,20,0.0,33.0,20.0
110127,PACAYZAPA,2022,12,21,0.0,32.8,19.8
110127,PACAYZAPA,2022,12,22,0.0,32.0,19.0
110127,PACAYZAPA,2022,12,23,0.0,34.6,19.8
110127,PACAYZAPA,2022,12,24,0.0,34.8,18.8
110127,PACAYZAPA,2022,12,25,0.0,33.4,19.0
110127,PACAYZAPA,2022,12,26,0.0,29.8,19.2
110127,PACAYZAPA,2022,12,27,0.0,33.8,18.8
110127,PACAYZAPA,2022,12,28,0.0,33.2,19.4
110127,PACAYZAPA,2022,12,29,0.0,30.0,18.8
110127,PACAYZAPA,2022,12,30,7.3,26.8,19.0
110127,PACAYZAPA,2022,12,31,1.0,29.0,18.8
110127,PACAYZAPA,2023,01,01,2.0,30.0,18.6
110127,PACAYZAPA,2023,01,02,0.0,31.0,19.8
110127,PACAYZAPA,2023,01,03,0.8,30.2,19.6
110127,PACAYZAPA,2023,01,04,0.0,29.8,19.8
110127,PACAYZAPA,2023,01,05,0.0,27.8,19.8
110127,PACAYZAPA,2023,01,06,15.8,28.8,18.0
110127,PACAYZAPA,2023,01,07,0.0,30.0,18.6
110127,PACAYZAPA,2023,01,08,0.0,30.0,17.0
110127,PACAYZAPA,2023,01,09,1.0,33.0,18.0
110127,PACAYZAPA,2023,01,10,3.3,30.6,19.8
110127,PACAYZAPA,2023,01,11,1.0,31.0,19.6
110127,PACAYZAPA,2023,01,12,0.0,29.0,18.8
110127,PACAYZAPA,2023,01,13,0.0,33.2,19.8
110127,PACAYZAPA,2023,01,14,0.0,33.0,18.6
110127,PACAYZAPA,2023,01,15,11.0,28.6,-999
110127,PACAYZAPA,2023,01,16,0.0,30.0,18.0
110127,PACAYZAPA,2023,01,17,1.0,32.0,17.8
110127,PACAYZAPA,2023,01,18,14.5,28.8,19.0
110127,PACAYZAPA,2023,01,19,69.3,22.0,18.8
110127,PACAYZAPA,2023,01,20,8.2,25.8,18.0
110127,PACAYZAPA,2023,01,21,28.0,26.8,18.2
110127,PACAYZAPA,2023,01,22,0.0,28.0,18.6
110127,PACAYZAPA,2023,01,23,2.0,26.0,-999
110127,PACAYZAPA,2023,01,24,0.0,30.0,18.8
110127,PACAYZAPA,2023,01,25,0.0,31.0,15.6
110127,PACAYZAPA,2023,01,26,0.0,32.2,17.0
110127,PACAYZAPA,2023,01,27,0.0,32.4,18.8
110127,PACAYZAPA,2023,01,28,0.0,32.0,19.0
110127,PACAYZAPA,2023,01,29,0.0,31.0,17.0
110127,PACAYZAPA,2023,01,30,0.0,31.8,19.0
110127,PACAYZAPA,2023,01,31,0.0,32.0,17.0
110127,PACAYZAPA,2023,02,01,0.0,32.4,18.6
110127,PACAYZAPA,2023,02,02,14.0,28.4,19.0
110127,PACAYZAPA,2023,02,03,1.2,31.0,17.8
110127,PACAYZAPA,2023,02,04,0.0,29.0,19.6
110127,PACAYZAPA,2023,02,05,6.0,30.0,18.6
110127,PACAYZAPA,2023,02,06,2.4,26.0,18.8
110127,PACAYZAPA,2023,02,07,2.2,26.8,19.0
110127,PACAYZAPA,2023,02,08,0.5,30.8,18.2
110127,PACAYZAPA,2023,02,09,0.8,31.0,19.6
110127,PACAYZAPA,2023,02,10,5.8,26.8,19.2
110127,PACAYZAPA,2023,02,11,8.4,29.0,20.0
110127,PACAYZAPA,2023,02,12,12.0,27.4,19.2
110127,PACAYZAPA,2023,02,13,1.4,30.0,19.6
110127,PACAYZAPA,2023,02,14,10.7,30.4,19.2
110127,PACAYZAPA,2023,02,15,5.8,28.8,19.8
110127,PACAYZAPA,2023,02,16,0.0,31.2,18.0
110127,PACAYZAPA,2023,02,17,0.0,31.0,18.6
110127,PACAYZAPA,2023,02,18,0.0,31.0,20.0
110127,PACAYZAPA,2023,02,19,0.0,27.8,19.0
110127,PACAYZAPA,2023,02,20,1.5,26.8,19.8
110127,PACAYZAPA,2023,02,21,2.0,26.0,18.8
110127,PACAYZAPA,2023,02,22,0.0,29.6,19.4
110127,PACAYZAPA,2023,02,23,0.0,28.2,18.6
110127,PACAYZAPA,2023,02,24,0.0,32.2,16.6
110127,PACAYZAPA,2023,02,25,0.0,33.0,16.0
110127,PACAYZAPA,2023,02,26,0.0,33.0,18.6
110127,PACAYZAPA,2023,02,27,14.3,29.2,19.6
110127,PACAYZAPA,2023,02,28,2.5,27.8,18.8
110127,PACAYZAPA,2023,03,01,25.5,26.8,18.6
110127,PACAYZAPA,2023,03,02,1.5,29.8,17.4
110127,PACAYZAPA,2023,03,03,0.0,31.0,19.6
110127,PACAYZAPA,2023,03,04,2.2,30.0,20.0
110127,PACAYZAPA,2023,03,05,2.5,27.4,19.8
110127,PACAYZAPA,2023,03,06,9.5,24.8,-999
110127,PACAYZAPA,2023,03,07,0.0,31.2,18.2
110127,PACAYZAPA,2023,03,08,0.0,32.0,17.2
110127,PACAYZAPA,2023,03,09,8.0,31.0,19.2
110127,PACAYZAPA,2023,03,10,24.8,22.6,-999
110127,PACAYZAPA,2023,03,11,1.8,29.0,19.6
110127,PACAYZAPA,2023,03,12,2.0,27.4,20.0
110127,PACAYZAPA,2023,03,13,7.0,26.8,19.6
110127,PACAYZAPA,2023,03,14,0.5,27.0,19.0
110127,PACAYZAPA,2023,03,15,0.0,29.6,19.2
110127,PACAYZAPA,2023,03,16,0.0,30.2,17.0
110127,PACAYZAPA,2023,03,17,29.2,30.0,18.4
110127,PACAYZAPA,2023,03,18,1.5,23.8,19.6
110127,PACAYZAPA,2023,03,19,0.0,27.4,19.4
110127,PACAYZAPA,2023,03,20,0.0,31.2,19.2
110127,PACAYZAPA,2023,03,21,0.0,31.4,20.6
110127,PACAYZAPA,2023,03,22,0.0,32.4,18.0
110127,PACAYZAPA,2023,03,23,2.8,30.4,19.0
110127,PACAYZAPA,2023,03,24,32.4,25.2,18.6
110127,PACAYZAPA,2023,03,25,2.1,30.4,18.4
110127,PACAYZAPA,2023,03,26,15.0,25.0,19.8
110127,PACAYZAPA,2023,03,27,10.5,24.8,17.8
110127,PACAYZAPA,2023,03,28,0.0,29.0,17.8
110127,PACAYZAPA,2023,03,29,0.5,29.8,19.4
110127,PACAYZAPA,2023,03,30,2.0,29.6,19.4
110127,PACAYZAPA,2023,03,31,37.6,28.0,17.8
110127,PACAYZAPA,2023,04,01,7.8,27.8,17.6
110127,PACAYZAPA,2023,04,02,0.0,27.6,18.8
110127,PACAYZAPA,2023,04,03,1.0,25.8,19.0
110127,PACAYZAPA,2023,04,04,0.5,29.8,19.8
110127,PACAYZAPA,2023,04,05,0.0,30.8,17.2
110127,PACAYZAPA,2023,04,06,1.0,30.0,18.4
110127,PACAYZAPA,2023,04,07,6.4,27.0,19.2
110127,PACAYZAPA,2023,04,08,4.2,26.8,18.4
110127,PACAYZAPA,2023,04,09,0.5,25.0,18.8
110127,PACAYZAPA,2023,04,10,0.0,27.8,18.2
110127,PACAYZAPA,2023,04,11,0.8,28.8,18.4
110127,PACAYZAPA,2023,04,12,0.0,29.2,18.0
110127,PACAYZAPA,2023,04,13,6.5,25.8,19.0
110127,PACAYZAPA,2023,04,14,0.0,29.4,18.8
110127,PACAYZAPA,2023,04,15,0.0,30.2,18.2
110127,PACAYZAPA,2023,04,16,0.5,32.0,19.8
110127,PACAYZAPA,2023,04,17,0.5,26.0,20.2
110127,PACAYZAPA,2023,04,18,0.0,32.4,18.4
110127,PACAYZAPA,2023,04,19,12.0,30.8,20.0
110127,PACAYZAPA,2023,04,20,8.5,30.0,19.2
110127,PACAYZAPA,2023,04,21,14.8,24.0,20.0
110127,PACAYZAPA,2023,04,22,0.0,28.4,17.8
110127,PACAYZAPA,2023,04,23,0.0,32.4,18.8
110127,PACAYZAPA,2023,04,24,1.0,31.2,19.8
110127,PACAYZAPA,2023,04,25,2.0,26.8,19.2
110127,PACAYZAPA,2023,04,26,0.5,27.0,19.6
110127,PACAYZAPA,2023,04,27,0.8,25.0,18.6
110127,PACAYZAPA,2023,04,28,4.0,28.8,19.0
110127,PACAYZAPA,2023,04,29,0.8,27.0,20.2
110127,PACAYZAPA,2023,04,30,2.2,31.4,19.6
110127,PACAYZAPA,2023,05,01,0.0,30.0,18.8
110127,PACAYZAPA,2023,05,02,2.2,29.2,19.0
110127,PACAYZAPA,2023,05,03,1.8,28.8,19.6
110127,PACAYZAPA,2023,05,04,3.8,29.0,20.0
110127,PACAYZAPA,2023,05,05,11.8,27.2,19.8
110127,PACAYZAPA,2023,05,06,3.3,31.0,19.0
110127,PACAYZAPA,2023,05,07,0.0,29.0,20.0
110127,PACAYZAPA,2023,05,08,38.5,29.0,19.6
110127,PACAYZAPA,2023,05,09,2.0,27.0,19.0
110127,PACAYZAPA,2023,05,10,0.0,30.0,18.6
110127,PACAYZAPA,2023,05,11,1.0,29.8,20.0
110127,PACAYZAPA,2023,05,12,3.3,27.4,20.0
110127,PACAYZAPA,2023,05,13,4.2,28.2,19.4
110127,PACAYZAPA,2023,05,14,0.0,30.0,19.8
110127,PACAYZAPA,2023,05,15,0.0,29.8,18.0
110127,PACAYZAPA,2023,05,16,0.0,30.0,17.8
110127,PACAYZAPA,2023,05,17,0.0,31.0,20.0
110127,PACAYZAPA,2023,05,18,2.5,29.8,19.8
110127,PACAYZAPA,2023,05,19,0.8,28.4,20.0
110127,PACAYZAPA,2023,05,20,0.5,28.2,19.8
110127,PACAYZAPA,2023,05,21,0.0,31.0,20.0
110127,PACAYZAPA,2023,05,22,1.0,30.0,19.8
110127,PACAYZAPA,2023,05,23,1.2,25.0,-999
110127,PACAYZAPA,2023,05,24,0.0,29.0,19.0
110127,PACAYZAPA,2023,05,25,2.0,29.8,18.8
110127,PACAYZAPA,2023,05,26,1.6,28.4,20.0
110127,PACAYZAPA,2023,05,27,2.0,27.0,19.8
110127,PACAYZAPA,2023,05,28,3.9,28.4,19.6
110127,PACAYZAPA,2023,05,29,0.0,28.0,20.0
110127,PACAYZAPA,2023,05,30,4.5,26.0,20.2
110127,PACAYZAPA,2023,05,31,4.9,27.0,19.8
110127,PACAYZAPA,2023,06,01,4.5,26.8,19.6
110127,PACAYZAPA,2023,06,02,1.8,27.6,17.8
110127,PACAYZAPA,2023,06,03,0.5,28.4,18.8
110127,PACAYZAPA,2023,06,04,3.0,28.0,19.0
110127,PACAYZAPA,2023,06,05,3.2,27.0,19.8
110127,PACAYZAPA,2023,06,06,1.8,28.0,18.8
110127,PACAYZAPA,2023,06,07,0.0,28.8,17.4
110127,PACAYZAPA,2023,06,08,2.5,29.8,17.6
110127,PACAYZAPA,2023,06,09,0.0,30.0,18.8
110127,PACAYZAPA,2023,06,10,0.0,31.2,18.2
110127,PACAYZAPA,2023,06,11,8.4,28.2,18.8
110127,PACAYZAPA,2023,06,12,1.2,29.6,18.0
110127,PACAYZAPA,2023,06,13,0.0,29.4,18.8
110127,PACAYZAPA,2023,06,14,8.2,25.0,-999
110127,PACAYZAPA,2023,06,15,0.0,24.0,17.0
110127,PACAYZAPA,2023,06,16,0.0,26.6,16.8
110127,PACAYZAPA,2023,06,17,0.0,26.0,15.6
110127,PACAYZAPA,2023,06,18,0.0,28.0,17.6
110127,PACAYZAPA,2023,06,19,0.0,28.2,18.8
110127,PACAYZAPA,2023,06,20,0.0,28.0,14.0
110127,PACAYZAPA,2023,06,21,0.0,30.0,16.8
110127,PACAYZAPA,2023,06,22,0.0,28.4,18.0
110127,PACAYZAPA,2023,06,23,0.0,30.2,18.2
110127,PACAYZAPA,2023,06,24,0.0,31.0,18.6
110127,PACAYZAPA,2023,06,25,0.0,29.6,19.8
110127,PACAYZAPA,2023,06,26,0.5,28.6,19.4
110127,PACAYZAPA,2023,06,27,0.0,29.0,17.8
110127,PACAYZAPA,2023,06,28,0.0,30.4,15.4
110127,PACAYZAPA,2023,06,29,1.3,27.2,17.6
110127,PACAYZAPA,2023,06,30,1.0,25.0,17.0
110127,PACAYZAPA,2023,07,01,0.0,31.8,17.2
110127,PACAYZAPA,2023,07,02,0.0,31.6,18.8
110127,PACAYZAPA,2023,07,03,0.0,30.0,19.8
110127,PACAYZAPA,2023,07,04,0.0,29.2,20.0
110127,PACAYZAPA,2023,07,05,2.2,30.8,19.0
110127,PACAYZAPA,2023,07,06,7.0,30.0,19.8
110127,PACAYZAPA,2023,07,07,1.8,29.8,19.0
110127,PACAYZAPA,2023,07,08,6.8,26.8,18.0
110127,PACAYZAPA,2023,07,09,1.4,27.8,19.2
110127,PACAYZAPA,2023,07,10,0.0,30.0,18.8
110127,PACAYZAPA,2023,07,11,0.0,30.2,16.0
110127,PACAYZAPA,2023,07,12,0.0,32.0,17.0
110127,PACAYZAPA,2023,07,13,0.0,32.4,16.0
110127,PACAYZAPA,2023,07,14,1.0,32.2,16.6
110127,PACAYZAPA,2023,07,15,1.3,32.0,17.2
110127,PACAYZAPA,2023,07,16,1.0,29.4,18.0
110127,PACAYZAPA,2023,07,17,0.0,29.0,16.8
110127,PACAYZAPA,2023,07,18,0.0,28.2,17.4
110127,PACAYZAPA,2023,07,19,16.5,26.0,18.4
110127,PACAYZAPA,2023,07,20,1.0,27.0,18.8
110127,PACAYZAPA,2023,07,21,0.0,29.0,16.4
110127,PACAYZAPA,2023,07,22,0.0,30.0,15.2
110127,PACAYZAPA,2023,07,23,0.0,30.6,17.6
110127,PACAYZAPA,2023,07,24,0.0,29.2,18.4
110127,PACAYZAPA,2023,07,25,0.0,28.8,16.6
110127,PACAYZAPA,2023,07,26,0.0,31.0,15.8
110127,PACAYZAPA,2023,07,27,0.0,32.0,17.2
110127,PACAYZAPA,2023,07,28,0.0,28.0,17.0
110127,PACAYZAPA,2023,07,29,8.5,26.0,17.6
110127,PACAYZAPA,2023,07,30,0.0,28.6,18.8
110127,PACAYZAPA,2023,07,31,0.0,30.2,17.2
110127,PACAYZAPA,2023,08,01,0.0,29.8,16.0
110127,PACAYZAPA,2023,08,02,0.0,32.2,16.6
110127,PACAYZAPA,2023,08,03,0.0,32.4,16.4
110127,PACAYZAPA,2023,08,04,0.0,30.0,16.2
110127,PACAYZAPA,2023,08,05,0.0,29.8,17.4
110127,PACAYZAPA,2023,08,06,0.0,32.0,18.0
110127,PACAYZAPA,2023,08,07,0.0,29.8,17.0
110127,PACAYZAPA,2023,08,08,0.0,31.8,19.0
110127,PACAYZAPA,2023,08,09,0.0,31.0,17.6
110127,PACAYZAPA,2023,08,10,0.0,32.4,16.0
110127,PACAYZAPA,2023,08,11,0.0,33.6,16.2
110127,PACAYZAPA,2023,08,12,33.6,28.0,17.0
110127,PACAYZAPA,2023,08,13,22.4,25.8,19.6
110127,PACAYZAPA,2023,08,14,4.0,25.0,18.6
110127,PACAYZAPA,2023,08,15,0.0,28.4,17.6
110127,PACAYZAPA,2023,08,16,0.0,31.4,15.0
110127,PACAYZAPA,2023,08,17,0.0,32.0,15.4
110127,PACAYZAPA,2023,08,18,0.0,33.0,16.0
110127,PACAYZAPA,2023,08,19,0.0,30.0,17.2
110127,PACAYZAPA,2023,08,20,0.0,32.4,18.6
110127,PACAYZAPA,2023,08,21,0.0,33.8,19.0
110127,PACAYZAPA,2023,08,22,0.0,31.0,19.8
110127,PACAYZAPA,2023,08,23,0.0,33.6,17.8
110127,PACAYZAPA,2023,08,24,0.0,33.4,16.0
110127,PACAYZAPA,2023,08,25,0.0,34.0,16.8
110127,PACAYZAPA,2023,08,26,0.0,34.8,18.0
110127,PACAYZAPA,2023,08,27,0.0,33.0,16.2
110127,PACAYZAPA,2023,08,28,3.5,28.0,18.8
110127,PACAYZAPA,2023,08,29,0.0,32.6,18.6
110127,PACAYZAPA,2023,08,30,0.0,32.4,17.0
110127,PACAYZAPA,2023,08,31,0.0,33.4,17.2
110127,PACAYZAPA,2023,09,01,0.0,32.2,19.0
110127,PACAYZAPA,2023,09,02,0.0,33.2,17.8
110127,PACAYZAPA,2023,09,03,0.0,33.0,18.0
110127,PACAYZAPA,2023,09,04,1.5,28.8,18.2
110127,PACAYZAPA,2023,09,05,0.0,28.0,18.4
110127,PACAYZAPA,2023,09,06,0.0,31.0,19.0
110127,PACAYZAPA,2023,09,07,0.0,31.4,18.6
110127,PACAYZAPA,2023,09,08,0.0,33.0,16.6
110127,PACAYZAPA,2023,09,09,0.0,33.4,17.0
110127,PACAYZAPA,2023,09,10,0.0,30.0,19.4
110127,PACAYZAPA,2023,09,11,0.5,32.8,19.0
110127,PACAYZAPA,2023,09,12,0.0,33.4,17.0
110127,PACAYZAPA,2023,09,13,1.2,26.0,17.8
110127,PACAYZAPA,2023,09,14,1.5,28.0,19.6
110127,PACAYZAPA,2023,09,15,0.8,30.0,19.8
110127,PACAYZAPA,2023,09,16,0.0,33.4,20.0
110127,PACAYZAPA,2023,09,17,16.2,27.0,-999
110127,PACAYZAPA,2023,09,18,1.0,32.4,16.0
110127,PACAYZAPA,2023,09,19,1.2,25.0,19.0
110127,PACAYZAPA,2023,09,20,0.0,31.4,18.8
110127,PACAYZAPA,2023,09,21,0.0,30.8,19.0
110127,PACAYZAPA,2023,09,22,0.0,31.8,18.6
110127,PACAYZAPA,2023,09,23,0.0,29.0,19.0
110127,PACAYZAPA,2023,09,24,0.0,33.4,18.6
110127,PACAYZAPA,2023,09,25,0.0,33.0,20.0
110127,PACAYZAPA,2023,09,26,0.0,35.0,18.6
110127,PACAYZAPA,2023,09,27,0.0,34.4,18.8
110127,PACAYZAPA,2023,09,28,4.5,35.0,20.0
110127,PACAYZAPA,2023,09,29,5.9,30.2,19.4
110127,PACAYZAPA,2023,09,30,1.2,29.8,19.0
110127,PACAYZAPA,2023,10,01,0.0,33.0,18.0
110127,PACAYZAPA,2023,10,02,2.2,28.8,19.0
110127,PACAYZAPA,2023,10,03,0.5,30.4,18.0
110127,PACAYZAPA,2023,10,04,0.0,32.2,19.0
110127,PACAYZAPA,2023,10,05,0.0,32.6,18.4
110127,PACAYZAPA,2023,10,06,0.0,35.0,18.6
110127,PACAYZAPA,2023,10,07,0.0,33.4,19.0
110127,PACAYZAPA,2023,10,08,0.5,33.8,19.6
110127,PACAYZAPA,2023,10,09,9.7,25.0,19.0
110127,PACAYZAPA,2023,10,10,0.0,31.2,19.6
110127,PACAYZAPA,2023,10,11,0.0,34.8,18.0
110127,PACAYZAPA,2023,10,12,26.5,29.2,19.4
110127,PACAYZAPA,2023,10,13,8.2,30.2,18.2
110127,PACAYZAPA,2023,10,14,0.0,27.6,19.6
110127,PACAYZAPA,2023,10,15,0.0,31.0,19.8
110127,PACAYZAPA,2023,10,16,0.0,32.8,18.2
110127,PACAYZAPA,2023,10,17,0.0,29.0,18.0
110127,PACAYZAPA,2023,10,18,0.0,32.2,18.4
110127,PACAYZAPA,2023,10,19,0.0,32.6,19.6
110127,PACAYZAPA,2023,10,20,0.0,33.0,18.2
110127,PACAYZAPA,2023,10,21,0.0,32.8,19.0
110127,PACAYZAPA,2023,10,22,0.0,29.0,18.8
110127,PACAYZAPA,2023,10,23,0.0,34.0,19.0
110127,PACAYZAPA,2023,10,24,0.5,29.6,19.6
110127,PACAYZAPA,2023,10,25,0.0,35.0,18.0
110127,PACAYZAPA,2023,10,26,5.2,36.0,-999
110127,PACAYZAPA,2023,10,27,2.4,29.0,20.2
110127,PACAYZAPA,2023,10,28,4.0,28.8,19.8
110127,PACAYZAPA,2023,10,29,0.0,28.4,20.8
110127,PACAYZAPA,2023,10,30,0.0,31.0,19.6
110127,PACAYZAPA,2023,10,31,0.0,30.0,20.0
110127,PACAYZAPA,2023,11,01,16.5,32.4,19.2
110127,PACAYZAPA,2023,11,02,0.0,27.2,-999
110127,PACAYZAPA,2023,11,03,0.0,32.0,19.6
110127,PACAYZAPA,2023,11,04,3.2,29.0,19.0
110127,PACAYZAPA,2023,11,05,24.8,26.0,19.8
110127,PACAYZAPA,2023,11,06,0.0,30.2,19.6
110127,PACAYZAPA,2023,11,07,0.0,31.0,19.0
110127,PACAYZAPA,2023,11,08,0.0,32.2,18.6
110127,PACAYZAPA,2023,11,09,0.0,26.8,19.8
110127,PACAYZAPA,2023,11,10,1.2,29.8,18.6
110127,PACAYZAPA,2023,11,11,5.0,32.0,19.6
110127,PACAYZAPA,2023,11,12,1.6,30.6,20.0
110127,PACAYZAPA,2023,11,13,0.0,34.0,20.6
110127,PACAYZAPA,2023,11,14,1.0,33.0,20.0
110127,PACAYZAPA,2023,11,15,0.5,33.0,20.2
110127,PACAYZAPA,2023,11,16,0.5,34.0,20.0
110127,PACAYZAPA,2023,11,17,5.2,29.6,20.2
110127,PACAYZAPA,2023,11,18,0.0,34.2,20.0
110127,PACAYZAPA,2023,11,19,0.0,30.2,19.8
110127,PACAYZAPA,2023,11,20,1.2,31.4,20.4
110127,PACAYZAPA,2023,11,21,0.0,31.0,20.0
110127,PACAYZAPA,2023,11,22,0.0,34.8,19.0
110127,PACAYZAPA,2023,11,23,0.0,33.6,20.0
110127,PACAYZAPA,2023,11,24,0.0,33.0,19.0
110127,PACAYZAPA,2023,11,25,0.0,33.4,18.0
110127,PACAYZAPA,2023,11,26,13.6,29.2,19.8
110127,PACAYZAPA,2023,11,27,8.5,29.0,19.4
110127,PACAYZAPA,2023,11,28,1.2,28.8,18.4
110127,PACAYZAPA,2023,11,29,0.0,31.0,18.6
110127,PACAYZAPA,2023,11,30,2.2,26.0,19.8
110127,PACAYZAPA,2023,12,01,0.5,27.4,19.4
110127,PACAYZAPA,2023,12,02,0.0,30.0,17.4
110127,PACAYZAPA,2023,12,03,0.0,31.4,18.8
110127,PACAYZAPA,2023,12,04,2.0,32.2,19.2
110127,PACAYZAPA,2023,12,05,1.5,26.8,19.0
110127,PACAYZAPA,2023,12,06,0.0,28.0,18.8
110127,PACAYZAPA,2023,12,07,1.5,27.8,17.8
110127,PACAYZAPA,2023,12,08,11.5,26.8,20.0
110127,PACAYZAPA,2023,12,09,5.2,27.2,20.0
110127,PACAYZAPA,2023,12,10,0.8,29.4,20.4
110127,PACAYZAPA,2023,12,11,6.4,28.8,20.0
110127,PACAYZAPA,2023,12,12,0.0,34.0,20.6
110127,PACAYZAPA,2023,12,13,1.5,31.0,21.0
110127,PACAYZAPA,2023,12,14,0.0,28.0,21.2
110127,PACAYZAPA,2023,12,15,11.0,30.0,20.0
110127,PACAYZAPA,2023,12,16,8.5,27.0,20.2
110127,PACAYZAPA,2023,12,17,3.0,24.8,20.0
110127,PACAYZAPA,2023,12,18,0.0,32.8,21.0
110127,PACAYZAPA,2023,12,19,0.0,33.0,18.0
110127,PACAYZAPA,2023,12,20,0.0,32.8,20.2
110127,PACAYZAPA,2023,12,21,6.0,30.8,21.0
110127,PACAYZAPA,2023,12,22,9.4,29.8,20.8
110127,PACAYZAPA,2023,12,23,0.0,32.4,20.6
110127,PACAYZAPA,2023,12,24,1.0,34.0,20.0
110127,PACAYZAPA,2023,12,25,0.0,30.8,21.2
110127,PACAYZAPA,2023,12,26,58.2,30.4,21.0
110127,PACAYZAPA,2023,12,27,27.6,23.8,20.8
110127,PACAYZAPA,2023,12,28,0.0,30.0,19.0
110127,PACAYZAPA,2023,12,29,6.8,33.0,21.0
110127,PACAYZAPA,2023,12,30,0.0,32.6,20.8
110127,PACAYZAPA,2023,12,31,5.8,28.6,20.4
110127,PACAYZAPA,2024,01,01,0.8,29.4,20.0
110127,PACAYZAPA,2024,01,02,1.0,28.8,20.2
110127,PACAYZAPA,2024,01,03,0.0,30.2,19.8
110127,PACAYZAPA,2024,01,04,0.0,32.4,19.0
110127,PACAYZAPA,2024,01,05,4.4,27.8,19.8
110127,PACAYZAPA,2024,01,06,4.7,28.0,19.6
110127,PACAYZAPA,2024,01,07,0.0,29.8,20.0
110127,PACAYZAPA,2024,01,08,0.8,30.0,19.8
110127,PACAYZAPA,2024,01,09,0.0,31.4,20.8
110127,PACAYZAPA,2024,01,10,0.0,32.0,19.4
110127,PACAYZAPA,2024,01,11,0.0,33.0,19.8
110127,PACAYZAPA,2024,01,12,0.0,33.2,19.2
110127,PACAYZAPA,2024,01,13,2.8,30.0,19.8
110127,PACAYZAPA,2024,01,14,3.4,30.2,20.4
110127,PACAYZAPA,2024,01,15,22.7,27.0,19.8
110127,PACAYZAPA,2024,01,16,5.5,25.0,20.0
110127,PACAYZAPA,2024,01,17,3.9,27.2,20.0
110127,PACAYZAPA,2024,01,18,2.0,26.2,20.2
110127,PACAYZAPA,2024,01,19,14.0,26.0,19.8
110127,PACAYZAPA,2024,01,20,5.5,28.8,19.0
110127,PACAYZAPA,2024,01,21,27.0,28.0,20.0
110127,PACAYZAPA,2024,01,22,1.4,30.0,19.0
110127,PACAYZAPA,2024,01,23,0.0,27.8,19.8
110127,PACAYZAPA,2024,01,24,0.0,31.0,19.2
110127,PACAYZAPA,2024,01,25,0.0,34.0,19.4
110127,PACAYZAPA,2024,01,26,0.0,34.2,18.8
110127,PACAYZAPA,2024,01,27,0.0,34.6,20.0
110127,PACAYZAPA,2024,01,28,0.0,30.8,20.2
110127,PACAYZAPA,2024,01,29,5.5,29.6,19.8
110127,PACAYZAPA,2024,01,30,0.8,33.0,19.6
110127,PACAYZAPA,2024,01,31,6.4,30.0,20.4
110127,PACAYZAPA,2024,02,01,0.0,28.2,19.8
110127,PACAYZAPA,2024,02,02,1.2,33.2,20.0
110127,PACAYZAPA,2024,02,03,28.8,27.6,20.2
110127,PACAYZAPA,2024,02,04,4.8,29.0,19.8
110127,PACAYZAPA,2024,02,05,1.2,30.0,19.0
110127,PACAYZAPA,2024,02,06,31.5,29.2,18.8
110127,PACAYZAPA,2024,02,07,1.3,31.0,20.0
110127,PACAYZAPA,2024,02,08,5.2,29.2,20.0
110127,PACAYZAPA,2024,02,09,5.3,27.8,20.4
110127,PACAYZAPA,2024,02,10,0.0,33.0,20.4
110127,PACAYZAPA,2024,02,11,0.0,30.2,19.4
110127,PACAYZAPA,2024,02,12,0.0,33.0,20.0
110127,PACAYZAPA,2024,02,13,2.0,26.8,20.0
110127,PACAYZAPA,2024,02,14,6.0,28.8,20.2
110127,PACAYZAPA,2024,02,15,2.5,27.8,20.0
110127,PACAYZAPA,2024,02,16,5.4,29.8,19.8
110127,PACAYZAPA,2024,02,17,21.7,27.8,19.8
110127,PACAYZAPA,2024,02,18,17.5,27.0,-999
110127,PACAYZAPA,2024,02,19,0.0,33.4,19.0
110127,PACAYZAPA,2024,02,20,0.0,32.6,19.6
110127,PACAYZAPA,2024,02,21,0.0,33.6,19.8
110127,PACAYZAPA,2024,02,22,0.0,34.0,20.0
110127,PACAYZAPA,2024,02,23,0.0,33.0,21.0
110127,PACAYZAPA,2024,02,24,0.0,33.4,19.0
110127,PACAYZAPA,2024,02,25,52.5,31.0,21.4
110127,PACAYZAPA,2024,02,26,2.8,29.8,20.0
110127,PACAYZAPA,2024,02,27,0.0,31.0,20.4
110127,PACAYZAPA,2024,02,28,0.0,31.2,18.0
110127,PACAYZAPA,2024,02,29,1.0,29.2,19.8
110127,PACAYZAPA,2024,03,01,6.3,31.0,20.2
110127,PACAYZAPA,2024,03,02,2.6,30.0,19.8
110127,PACAYZAPA,2024,03,03,0.0,30.0,20.0
110127,PACAYZAPA,2024,03,04,12.5,28.0,18.0
110127,PACAYZAPA,2024,03,05,3.5,28.0,19.0
110127,PACAYZAPA,2024,03,06,12.3,30.0,20.0
110127,PACAYZAPA,2024,03,07,1.0,29.8,19.8
110127,PACAYZAPA,2024,03,08,8.7,25.0,20.0
110127,PACAYZAPA,2024,03,09,10.0,30.0,20.2
110127,PACAYZAPA,2024,03,10,0.0,31.0,19.8
110127,PACAYZAPA,2024,03,11,0.5,30.6,20.2
110127,PACAYZAPA,2024,03,12,0.0,30.8,20.0
110127,PACAYZAPA,2024,03,13,3.6,29.8,20.8
110127,PACAYZAPA,2024,03,14,29.4,27.0,20.4
110127,PACAYZAPA,2024,03,15,0.0,32.2,20.0
110127,PACAYZAPA,2024,03,16,0.0,33.6,19.6
110127,PACAYZAPA,2024,03,17,5.5,34.0,20.0
110127,PACAYZAPA,2024,03,18,0.0,31.0,19.8
110127,PACAYZAPA,2024,03,19,0.0,34.0,20.2
110127,PACAYZAPA,2024,03,20,0.0,30.0,19.0
110127,PACAYZAPA,2024,03,21,0.0,34.2,19.8
110127,PACAYZAPA,2024,03,22,11.7,28.0,21.0
110127,PACAYZAPA,2024,03,23,6.7,31.0,20.0
110127,PACAYZAPA,2024,03,24,35.8,30.0,20.8
110127,PACAYZAPA,2024,03,25,85.2,32.0,20.0
110127,PACAYZAPA,2024,03,26,3.0,27.0,20.0
110127,PACAYZAPA,2024,03,27,0.0,32.2,19.4
110127,PACAYZAPA,2024,03,28,0.0,31.2,21.0
110127,PACAYZAPA,2024,03,29,0.0,31.0,20.0
110127,PACAYZAPA,2024,03,30,1.5,31.0,19.4
110127,PACAYZAPA,2024,03,31,0.0,33.0,18.6
110127,PACAYZAPA,2024,04,01,5.5,30.0,20.0
110127,PACAYZAPA,2024,04,02,1.5,31.0,19.8
110127,PACAYZAPA,2024,04,03,1.5,30.0,19.6
110127,PACAYZAPA,2024,04,04,0.5,30.2,19.0
110127,PACAYZAPA,2024,04,05,5.2,28.8,20.0
110127,PACAYZAPA,2024,04,06,3.4,29.8,21.0
110127,PACAYZAPA,2024,04,07,0.0,32.0,19.8
110127,PACAYZAPA,2024,04,08,0.8,31.0,18.0
110127,PACAYZAPA,2024,04,09,5.4,30.2,20.4
110127,PACAYZAPA,2024,04,10,0.0,33.8,18.6
110127,PACAYZAPA,2024,04,11,0.0,31.8,19.0
110127,PACAYZAPA,2024,04,12,0.0,34.2,20.0
110127,PACAYZAPA,2024,04,13,0.0,32.0,19.8
110127,PACAYZAPA,2024,04,14,0.0,34.0,18.0
110127,PACAYZAPA,2024,04,15,0.0,33.2,17.8
110127,PACAYZAPA,2024,04,16,3.6,29.0,20.0
110127,PACAYZAPA,2024,04,17,0.0,32.0,19.8
110127,PACAYZAPA,2024,04,18,75.0,28.8,-999
110127,PACAYZAPA,2024,04,19,0.0,29.0,19.2
110127,PACAYZAPA,2024,04,20,0.0,31.2,18.8
110127,PACAYZAPA,2024,04,21,0.5,28.0,19.0
110127,PACAYZAPA,2024,04,22,2.8,30.6,20.0
110127,PACAYZAPA,2024,04,23,4.4,32.8,20.4
110127,PACAYZAPA,2024,04,24,5.5,28.0,20.0
110127,PACAYZAPA,2024,04,25,2.0,29.8,20.6
110127,PACAYZAPA,2024,04,26,0.0,32.0,21.0
110127,PACAYZAPA,2024,04,27,6.5,27.0,20.0
110127,PACAYZAPA,2024,04,28,1.0,29.0,20.0
110127,PACAYZAPA,2024,04,29,0.8,31.0,19.0
110127,PACAYZAPA,2024,04,30,0.0,32.2,20.4
110127,PACAYZAPA,2024,05,01,6.4,29.8,20.0
110127,PACAYZAPA,2024,05,02,0.0,32.2,19.8
110127,PACAYZAPA,2024,05,03,1.2,29.8,20.0
110127,PACAYZAPA,2024,05,04,10.5,28.4,19.8
110127,PACAYZAPA,2024,05,05,0.0,32.0,20.2
110127,PACAYZAPA,2024,05,06,6.5,33.0,21.0
110127,PACAYZAPA,2024,05,07,0.5,32.8,20.4
110127,PACAYZAPA,2024,05,08,3.7,29.0,20.0
110127,PACAYZAPA,2024,05,09,5.5,28.0,20.2
110127,PACAYZAPA,2024,05,10,0.0,31.0,20.0
110127,PACAYZAPA,2024,05,11,0.0,30.0,20.2
110127,PACAYZAPA,2024,05,12,3.5,28.8,20.6
110127,PACAYZAPA,2024,05,13,1.5,29.8,19.8
110127,PACAYZAPA,2024,05,14,4.8,30.0,20.4
110127,PACAYZAPA,2024,05,15,11.5,27.8,-999
110127,PACAYZAPA,2024,05,16,0.0,29.0,19.6
110127,PACAYZAPA,2024,05,17,0.0,30.4,20.4
110127,PACAYZAPA,2024,05,18,1.8,30.0,20.6
110127,PACAYZAPA,2024,05,19,6.8,28.0,21.0
110127,PACAYZAPA,2024,05,20,11.0,27.0,18.6
110127,PACAYZAPA,2024,05,21,0.5,29.0,19.4
110127,PACAYZAPA,2024,05,22,0.0,30.0,19.6
110127,PACAYZAPA,2024,05,23,0.0,32.0,18.8
110127,PACAYZAPA,2024,05,24,0.0,33.0,19.8
110127,PACAYZAPA,2024,05,25,3.0,27.6,19.6
110127,PACAYZAPA,2024,05,26,34.4,29.0,20.0
110127,PACAYZAPA,2024,05,27,0.0,30.0,18.4
110127,PACAYZAPA,2024,05,28,0.0,27.8,20.2
110127,PACAYZAPA,2024,05,29,0.0,28.0,19.6
110127,PACAYZAPA,2024,05,30,0.0,29.0,18.8
110127,PACAYZAPA,2024,05,31,0.0,28.8,16.8
110127,PACAYZAPA,2024,06,01,0.0,29.0,18.0
110127,PACAYZAPA,2024,06,02,0.0,29.2,19.0
110127,PACAYZAPA,2024,06,03,0.0,29.8,16.0
110127,PACAYZAPA,2024,06,04,0.0,29.6,15.4
110127,PACAYZAPA,2024,06,05,0.0,29.8,18.6
110127,PACAYZAPA,2024,06,06,0.0,30.0,20.2
110127,PACAYZAPA,2024,06,07,0.0,30.2,18.8
110127,PACAYZAPA,2024,06,08,0.0,30.8,19.0
110127,PACAYZAPA,2024,06,09,0.0,31.0,18.0
110127,PACAYZAPA,2024,06,10,1.5,30.2,19.8
110127,PACAYZAPA,2024,06,11,7.0,29.4,18.6
110127,PACAYZAPA,2024,06,12,0.5,30.0,19.4
110127,PACAYZAPA,2024,06,13,0.0,30.2,20.0
110127,PACAYZAPA,2024,06,14,0.0,32.2,18.8
110127,PACAYZAPA,2024,06,15,7.5,29.0,20.2
110127,PACAYZAPA,2024,06,16,1.2,28.0,20.4
110127,PACAYZAPA,2024,06,17,0.0,30.0,19.4
110127,PACAYZAPA,2024,06,18,0.0,32.0,17.4
110127,PACAYZAPA,2024,06,19,0.0,31.0,18.0
110127,PACAYZAPA,2024,06,20,7.5,28.0,18.2
110127,PACAYZAPA,2024,06,21,18.5,27.0,20.0
110127,PACAYZAPA,2024,06,22,0.0,30.0,18.8
110127,PACAYZAPA,2024,06,23,0.0,31.2,17.0
110127,PACAYZAPA,2024,06,24,0.0,32.0,18.8
110127,PACAYZAPA,2024,06,25,1.2,28.0,-999
110127,PACAYZAPA,2024,06,26,0.0,30.8,16.2
110127,PACAYZAPA,2024,06,27,0.0,30.6,17.0
110127,PACAYZAPA,2024,06,28,0.0,31.0,17.4
110127,PACAYZAPA,2024,06,29,0.0,32.4,16.8
110127,PACAYZAPA,2024,06,30,1.0,28.0,17.0
110127,PACAYZAPA,2024,07,01,5.0,30.0,19.0
110127,PACAYZAPA,2024,07,02,0.5,28.0,19.8
110127,PACAYZAPA,2024,07,03,0.0,30.0,15.2
110127,PACAYZAPA,2024,07,04,0.0,31.0,18.6
110127,PACAYZAPA,2024,07,05,0.0,31.8,18.8
110127,PACAYZAPA,2024,07,06,0.0,31.2,18.6
110127,PACAYZAPA,2024,07,07,1.2,29.0,18.4
110127,PACAYZAPA,2024,07,08,0.0,31.0,18.0
110127,PACAYZAPA,2024,07,09,0.0,32.0,15.2
110127,PACAYZAPA,2024,07,10,0.5,31.0,18.2
110127,PACAYZAPA,2024,07,11,0.0,32.8,15.2
110127,PACAYZAPA,2024,07,12,0.0,28.8,18.4
110127,PACAYZAPA,2024,07,13,0.0,30.4,18.8
110127,PACAYZAPA,2024,07,14,0.0,29.0,16.2
110127,PACAYZAPA,2024,07,15,0.5,27.0,18.0
110127,PACAYZAPA,2024,07,16,0.0,29.0,17.0
110127,PACAYZAPA,2024,07,17,0.0,30.0,16.0
110127,PACAYZAPA,2024,07,18,0.0,30.2,17.0
110127,PACAYZAPA,2024,07,19,0.0,30.0,15.0
110127,PACAYZAPA,2024,07,20,0.0,29.8,18.4
110127,PACAYZAPA,2024,07,21,0.0,29.0,19.0
110127,PACAYZAPA,2024,07,22,0.8,29.8,18.0
110127,PACAYZAPA,2024,07,23,7.2,28.8,18.0
110127,PACAYZAPA,2024,07,24,0.5,31.0,17.0
110127,PACAYZAPA,2024,07,25,0.0,30.8,18.0
110127,PACAYZAPA,2024,07,26,0.0,32.0,16.8
110127,PACAYZAPA,2024,07,27,0.0,33.4,15.8
110127,PACAYZAPA,2024,07,28,0.0,34.0,16.8
110127,PACAYZAPA,2024,07,29,0.0,32.0,18.0
110127,PACAYZAPA,2024,07,30,3.3,30.8,17.0
110127,PACAYZAPA,2024,07,31,0.0,32.0,15.2
110127,PACAYZAPA,2024,08,01,0.0,33.0,16.8
110127,PACAYZAPA,2024,08,02,0.0,33.4,15.0
110127,PACAYZAPA,2024,08,03,0.0,32.8,17.2
110127,PACAYZAPA,2024,08,04,0.0,34.0,18.4
110127,PACAYZAPA,2024,08,05,12.0,30.0,19.0
110127,PACAYZAPA,2024,08,06,3.0,29.6,18.8
110127,PACAYZAPA,2024,08,07,0.0,31.8,17.0
110127,PACAYZAPA,2024,08,08,0.0,32.0,17.2
110127,PACAYZAPA,2024,08,09,0.0,33.0,16.0
110127,PACAYZAPA,2024,08,10,9.5,26.2,19.0
110127,PACAYZAPA,2024,08,11,0.0,31.0,19.8
110127,PACAYZAPA,2024,08,12,0.8,29.0,18.2
110127,PACAYZAPA,2024,08,13,0.0,30.0,16.0
110127,PACAYZAPA,2024,08,14,0.0,32.4,14.6
110127,PACAYZAPA,2024,08,15,0.0,33.0,15.2
110127,PACAYZAPA,2024,08,16,0.0,32.2,17.2
110127,PACAYZAPA,2024,08,17,5.0,32.0,16.0
110127,PACAYZAPA,2024,08,18,0.0,30.8,17.8
110127,PACAYZAPA,2024,08,19,0.0,32.8,16.8
110127,PACAYZAPA,2024,08,20,0.0,33.0,18.0
110127,PACAYZAPA,2024,08,21,0.0,33.2,17.0
110127,PACAYZAPA,2024,08,22,0.0,34.0,17.2
110127,PACAYZAPA,2024,08,23,0.0,33.8,17.0
110127,PACAYZAPA,2024,08,24,0.0,34.4,17.2
110127,PACAYZAPA,2024,08,25,4.8,30.2,16.4
110127,PACAYZAPA,2024,08,26,0.0,29.0,19.0
110127,PACAYZAPA,2024,08,27,0.0,33.0,18.8
110127,PACAYZAPA,2024,08,28,0.0,33.2,16.4
110127,PACAYZAPA,2024,08,29,0.0,34.0,16.4
110127,PACAYZAPA,2024,08,30,0.0,34.4,16.0
110127,PACAYZAPA,2024,08,31,0.0,33.2,15.2
110127,PACAYZAPA,2024,09,01,23.5,28.8,18.2
110127,PACAYZAPA,2024,09,02,0.0,31.2,17.8
110127,PACAYZAPA,2024,09,03,0.0,32.0,15.4
110127,PACAYZAPA,2024,09,04,0.0,34.6,16.0
110127,PACAYZAPA,2024,09,05,4.5,34.2,16.4
110127,PACAYZAPA,2024,09,06,3.4,30.0,18.0
110127,PACAYZAPA,2024,09,07,0.0,35.0,16.0
110127,PACAYZAPA,2024,09,08,0.0,30.0,18.6
110127,PACAYZAPA,2024,09,09,0.0,30.2,18.8
110127,PACAYZAPA,2024,09,10,0.0,34.0,16.0
110127,PACAYZAPA,2024,09,11,0.0,36.0,16.8
110127,PACAYZAPA,2024,09,12,0.0,36.8,16.6
110127,PACAYZAPA,2024,09,13,0.0,37.0,17.0
110127,PACAYZAPA,2024,09,14,0.0,35.6,16.8
110127,PACAYZAPA,2024,09,15,3.2,36.8,17.2
110127,PACAYZAPA,2024,09,16,11.5,29.4,19.2
110127,PACAYZAPA,2024,09,17,0.0,32.0,18.8
110127,PACAYZAPA,2024,09,18,0.0,34.4,17.8
110127,PACAYZAPA,2024,09,19,0.0,35.2,17.0
110127,PACAYZAPA,2024,09,20,0.0,34.8,18.8
110127,PACAYZAPA,2024,09,21,31.5,31.0,19.0
110127,PACAYZAPA,2024,09,22,4.5,28.0,19.6
110127,PACAYZAPA,2024,09,23,0.0,35.4,16.0
110127,PACAYZAPA,2024,09,24,2.4,32.4,17.8
110127,PACAYZAPA,2024,09,25,1.5,35.4,17.0
110127,PACAYZAPA,2024,09,26,0.0,35.0,17.2
110127,PACAYZAPA,2024,09,27,7.8,27.4,20.0
110127,PACAYZAPA,2024,09,28,0.8,30.2,19.8
110127,PACAYZAPA,2024,09,29,0.0,30.8,20.0
110127,PACAYZAPA,2024,09,30,2.0,28.8,19.8
110127,PACAYZAPA,2024,10,01,0.0,34.8,18.8
110127,PACAYZAPA,2024,10,02,0.5,34.6,18.0
110127,PACAYZAPA,2024,10,03,5.5,28.8,20.0
110127,PACAYZAPA,2024,10,04,7.5,27.6,19.0
110127,PACAYZAPA,2024,10,05,0.0,32.8,19.8
110127,PACAYZAPA,2024,10,06,0.0,33.2,18.0
110127,PACAYZAPA,2024,10,07,0.0,35.2,19.2
110127,PACAYZAPA,2024,10,08,2.8,35.0,19.4
110127,PACAYZAPA,2024,10,09,13.2,26.8,20.4
110127,PACAYZAPA,2024,10,10,8.6,32.0,20.0
110127,PACAYZAPA,2024,10,11,2.2,28.8,19.8
110127,PACAYZAPA,2024,10,12,0.0,30.0,20.0
110127,PACAYZAPA,2024,10,13,2.0,32.6,18.0
110127,PACAYZAPA,2024,10,14,4.0,30.0,19.8
110127,PACAYZAPA,2024,10,15,0.0,30.4,19.8
110127,PACAYZAPA,2024,10,16,0.0,35.0,16.4
110127,PACAYZAPA,2024,10,17,0.0,35.2,19.0
110127,PACAYZAPA,2024,10,18,0.0,30.8,18.0
110127,PACAYZAPA,2024,10,19,0.0,35.2,18.4
110127,PACAYZAPA,2024,10,20,1.5,36.2,21.0
110127,PACAYZAPA,2024,10,21,9.0,35.0,20.4
110127,PACAYZAPA,2024,10,22,3.0,32.2,21.4
110127,PACAYZAPA,2024,10,23,14.2,30.8,20.8
110127,PACAYZAPA,2024,10,24,0.0,33.2,20.0
110127,PACAYZAPA,2024,10,25,0.0,35.8,20.4
110127,PACAYZAPA,2024,10,26,0.0,30.6,20.2
110127,PACAYZAPA,2024,10,27,55.8,35.4,21.0
110127,PACAYZAPA,2024,10,28,14.8,-999,20.0
110127,PACAYZAPA,2024,10,29,2.4,27.4,19.8
110127,PACAYZAPA,2024,10,30,0.0,32.0,19.6
110127,PACAYZAPA,2024,10,31,0.0,35.2,18.0
110127,PACAYZAPA,2024,11,01,4.0,34.0,21.0
110127,PACAYZAPA,2024,11,02,1.0,27.6,20.8
110127,PACAYZAPA,2024,11,03,2.5,31.4,20.0
110127,PACAYZAPA,2024,11,04,4.8,29.0,21.0
110127,PACAYZAPA,2024,11,05,0.0,28.2,20.8
110127,PACAYZAPA,2024,11,06,0.0,34.0,19.8
110127,PACAYZAPA,2024,11,07,8.5,33.0,20.6
110127,PACAYZAPA,2024,11,08,19.4,27.8,21.0
110127,PACAYZAPA,2024,11,09,4.2,28.4,-999
110127,PACAYZAPA,2024,11,10,0.0,31.2,18.8
110127,PACAYZAPA,2024,11,11,0.8,32.0,20.2
110127,PACAYZAPA,2024,11,12,0.0,29.8,21.0
110127,PACAYZAPA,2024,11,13,0.0,32.0,20.0
110127,PACAYZAPA,2024,11,14,12.0,27.4,21.0
110127,PACAYZAPA,2024,11,15,0.0,30.0,20.8
110127,PACAYZAPA,2024,11,16,0.0,33.0,19.8
110127,PACAYZAPA,2024,11,17,0.0,34.2,20.0
110127,PACAYZAPA,2024,11,18,0.0,31.2,19.8
110127,PACAYZAPA,2024,11,19,0.0,34.4,21.0
110127,PACAYZAPA,2024,11,20,12.0,33.0,20.4
110127,PACAYZAPA,2024,11,21,17.5,24.8,20.4
110127,PACAYZAPA,2024,11,22,0.0,28.2,19.0
110127,PACAYZAPA,2024,11,23,15.4,29.8,20.8
110127,PACAYZAPA,2024,11,24,0.5,31.2,20.4
110127,PACAYZAPA,2024,11,25,0.0,29.0,21.0
110127,PACAYZAPA,2024,11,26,0.0,32.0,19.0
110127,PACAYZAPA,2024,11,27,0.0,27.6,20.8
110127,PACAYZAPA,2024,11,28,0.0,32.8,20.0
110127,PACAYZAPA,2024,11,29,8.4,26.0,20.4
110127,PACAYZAPA,2024,11,30,4.5,26.8,19.0
110127,PACAYZAPA,2024,12,01,0.0,33.8,19.8
110127,PACAYZAPA,2024,12,02,0.0,36.0,17.8
110127,PACAYZAPA,2024,12,03,0.0,36.2,18.8
110127,PACAYZAPA,2024,12,04,0.0,35.0,20.6
110127,PACAYZAPA,2024,12,05,0.0,32.8,20.2
110127,PACAYZAPA,2024,12,06,0.0,33.2,20.4
110127,PACAYZAPA,2024,12,07,1.8,28.2,20.4
110127,PACAYZAPA,2024,12,08,9.2,27.0,20.0
110127,PACAYZAPA,2024,12,09,0.0,28.4,19.0
110127,PACAYZAPA,2024,12,10,0.0,28.8,18.0
110127,PACAYZAPA,2024,12,11,0.0,30.4,19.4
110127,PACAYZAPA,2024,12,12,0.0,30.0,18.0
110127,PACAYZAPA,2024,12,13,0.0,31.4,20.0
110127,PACAYZAPA,2024,12,14,8.8,29.0,20.2
110127,PACAYZAPA,2024,12,15,0.0,33.0,21.0
110127,PACAYZAPA,2024,12,16,14.5,30.8,20.4
110127,PACAYZAPA,2024,12,17,20.0,26.8,-999
110127,PACAYZAPA,2024,12,18,0.5,30.6,-999
110127,PACAYZAPA,2024,12,19,0.0,32.2,-999
110127,PACAYZAPA,2024,12,20,0.0,32.0,19.8
110127,PACAYZAPA,2024,12,21,0.0,33.6,20.8
110127,PACAYZAPA,2024,12,22,1.2,31.2,19.2
110127,PACAYZAPA,2024,12,23,3.5,27.8,20.0
110127,PACAYZAPA,2024,12,24,0.0,32.2,19.6
110127,PACAYZAPA,2024,12,25,0.0,32.6,19.4
110127,PACAYZAPA,2024,12,26,6.5,35.0,19.8
110127,PACAYZAPA,2024,12,27,4.5,27.0,20.0
110127,PACAYZAPA,2024,12,28,3.5,27.8,20.0
110127,PACAYZAPA,2024,12,29,2.5,29.8,20.2
110127,PACAYZAPA,2024,12,30,0.0,30.4,19.8
110127,PACAYZAPA,2024,12,31,0.0,32.2,20.2
110127,PACAYZAPA,2025,01,01,21.3,27.0,19.4
110127,PACAYZAPA,2025,01,02,18.0,24.8,20.4
110127,PACAYZAPA,2025,01,03,11.0,26.6,19.8
110127,PACAYZAPA,2025,01,04,0.5,31.2,19.2
110127,PACAYZAPA,2025,01,05,8.5,34.6,18.0
110127,PACAYZAPA,2025,01,06,0.0,31.4,19.6
110127,PACAYZAPA,2025,01,07,0.0,32.8,19.0
110127,PACAYZAPA,2025,01,08,0.0,34.0,19.8
110127,PACAYZAPA,2025,01,09,0.0,31.0,20.0
110127,PACAYZAPA,2025,01,10,2.5,27.2,19.4
110127,PACAYZAPA,2025,01,11,20.4,26.8,19.0
110127,PACAYZAPA,2025,01,12,0.0,32.8,19.8
110127,PACAYZAPA,2025,01,13,0.0,32.6,20.0
110127,PACAYZAPA,2025,01,14,0.0,33.0,18.0
110127,PACAYZAPA,2025,01,15,0.8,29.8,18.6
110127,PACAYZAPA,2025,01,16,0.0,32.4,20.2
110127,PACAYZAPA,2025,01,17,0.0,34.0,19.2
110127,PACAYZAPA,2025,01,18,4.0,31.6,19.8
110127,PACAYZAPA,2025,01,19,0.8,32.8,17.0
110127,PACAYZAPA,2025,01,20,0.5,31.4,20.4
110127,PACAYZAPA,2025,01,21,0.8,29.8,19.2
110127,PACAYZAPA,2025,01,22,0.0,29.0,18.0
110127,PACAYZAPA,2025,01,23,0.0,32.0,18.8
110127,PACAYZAPA,2025,01,24,0.0,31.2,18.0
110127,PACAYZAPA,2025,01,25,0.8,30.2,17.6
110127,PACAYZAPA,2025,01,26,2.5,30.4,18.8
110127,PACAYZAPA,2025,01,27,32.7,27.8,20.2
110127,PACAYZAPA,2025,01,28,1.2,27.4,20.4
110127,PACAYZAPA,2025,01,29,0.0,28.8,20.0
110127,PACAYZAPA,2025,01,30,2.5,30.0,19.0
110127,PACAYZAPA,2025,01,31,7.5,34.2,19.6
110127,PACAYZAPA,2025,02,01,0.0,34.0,19.8
110127,PACAYZAPA,2025,02,02,0.0,33.0,18.0
110127,PACAYZAPA,2025,02,03,0.0,30.0,19.0
110127,PACAYZAPA,2025,02,04,0.0,31.0,17.6
110127,PACAYZAPA,2025,02,05,13.4,27.8,20.0
110127,PACAYZAPA,2025,02,06,0.0,28.0,19.8
110127,PACAYZAPA,2025,02,07,9.2,29.6,19.2
110127,PACAYZAPA,2025,02,08,1.0,29.8,19.0
110127,PACAYZAPA,2025,02,09,3.5,30.0,19.4
110127,PACAYZAPA,2025,02,10,40.7,27.6,20.0
110127,PACAYZAPA,2025,02,11,15.4,28.0,19.8
110127,PACAYZAPA,2025,02,12,27.2,26.8,19.6
110127,PACAYZAPA,2025,02,13,0.0,27.8,19.2
110127,PACAYZAPA,2025,02,14,0.0,32.4,19.0
110127,PACAYZAPA,2025,02,15,3.0,32.8,20.0
110127,PACAYZAPA,2025,02,16,12.0,26.0,19.8
110127,PACAYZAPA,2025,02,17,0.0,29.0,18.0
110127,PACAYZAPA,2025,02,18,14.5,28.2,19.0
110127,PACAYZAPA,2025,02,19,1.2,27.2,20.0
110127,PACAYZAPA,2025,02,20,8.0,27.0,19.0
110127,PACAYZAPA,2025,02,21,0.0,30.0,18.0
110127,PACAYZAPA,2025,02,22,0.0,27.8,19.0
110127,PACAYZAPA,2025,02,23,2.0,30.2,19.6
110127,PACAYZAPA,2025,02,24,4.8,29.0,19.8
110127,PACAYZAPA,2025,02,25,0.0,29.6,19.6
110127,PACAYZAPA,2025,02,26,17.6,28.8,20.2
110127,PACAYZAPA,2025,02,27,15.8,33.0,20.0
110127,PACAYZAPA,2025,02,28,4.5,29.0,20.4
110127,PACAYZAPA,2025,03,01,2.5,32.2,20.4
110127,PACAYZAPA,2025,03,02,5.8,29.6,20.2
110127,PACAYZAPA,2025,03,03,0.8,30.0,19.6
110127,PACAYZAPA,2025,03,04,0.5,28.0,20.0
110127,PACAYZAPA,2025,03,05,0.8,26.0,19.8
110127,PACAYZAPA,2025,03,06,0.0,30.2,20.0
110127,PACAYZAPA,2025,03,07,0.0,32.0,19.8
110127,PACAYZAPA,2025,03,08,0.0,28.8,20.2
110127,PACAYZAPA,2025,03,09,4.8,27.2,19.6
110127,PACAYZAPA,2025,03,10,0.0,30.0,18.0
110127,PACAYZAPA,2025,03,11,5.0,26.4,20.2
110127,PACAYZAPA,2025,03,12,8.3,27.4,19.6
110127,PACAYZAPA,2025,03,13,6.2,26.0,19.2
110127,PACAYZAPA,2025,03,14,14.5,26.8,19.8
110127,PACAYZAPA,2025,03,15,2.0,27.8,19.0
110127,PACAYZAPA,2025,03,16,11.0,27.0,19.6
110127,PACAYZAPA,2025,03,17,4.5,28.8,18.8
110127,PACAYZAPA,2025,03,18,36.5,32.0,19.6
110127,PACAYZAPA,2025,03,19,0.0,31.0,19.0
110127,PACAYZAPA,2025,03,20,24.6,27.4,18.8
110127,PACAYZAPA,2025,03,21,2.2,26.0,19.0
110127,PACAYZAPA,2025,03,22,0.0,32.0,19.8
110127,PACAYZAPA,2025,03,23,4.8,27.2,20.2
110127,PACAYZAPA,2025,03,24,0.0,33.0,20.4
110127,PACAYZAPA,2025,03,25,1.5,30.8,20.6
110127,PACAYZAPA,2025,03,26,0.0,31.0,20.8
110127,PACAYZAPA,2025,03,27,0.0,29.6,21.0
110127,PACAYZAPA,2025,03,28,1.2,33.0,20.0
110127,PACAYZAPA,2025,03,29,0.0,28.0,20.6
110127,PACAYZAPA,2025,03,30,1.0,27.0,17.6
110127,PACAYZAPA,2025,03,31,0.0,27.8,18.8
110127,PACAYZAPA,2025,04,01,4.5,27.2,19.0
110127,PACAYZAPA,2025,04,02,1.8,30.0,19.4
110127,PACAYZAPA,2025,04,03,1.5,27.0,20.0
110127,PACAYZAPA,2025,04,04,36.2,31.2,19.2
110127,PACAYZAPA,2025,04,05,20.5,26.0,19.6
110127,PACAYZAPA,2025,04,06,0.0,29.8,19.0
110127,PACAYZAPA,2025,04,07,0.0,32.0,17.2
110127,PACAYZAPA,2025,04,08,1.0,31.8,19.0
110127,PACAYZAPA,2025,04,09,0.8,31.4,19.2
110127,PACAYZAPA,2025,04,10,0.0,32.0,18.8
110127,PACAYZAPA,2025,04,11,0.0,32.0,20.2
110127,PACAYZAPA,2025,04,12,0.0,30.2,20.4
110127,PACAYZAPA,2025,04,13,0.0,32.4,20.0
110127,PACAYZAPA,2025,04,14,0.0,33.0,19.6
110127,PACAYZAPA,2025,04,15,0.0,32.0,19.0
110127,PACAYZAPA,2025,04,16,0.0,33.4,18.2
110127,PACAYZAPA,2025,04,17,2.6,27.0,19.0
110127,PACAYZAPA,2025,04,18,0.0,34.2,18.8
110127,PACAYZAPA,2025,04,19,0.0,33.0,19.0
110127,PACAYZAPA,2025,04,20,0.0,30.0,20.0
110127,PACAYZAPA,2025,04,21,0.0,33.0,18.4
110127,PACAYZAPA,2025,04,22,0.0,29.0,19.4
110127,PACAYZAPA,2025,04,23,13.8,29.8,20.2
110127,PACAYZAPA,2025,04,24,6.2,29.0,19.6
110127,PACAYZAPA,2025,04,25,2.2,28.0,20.0
110127,PACAYZAPA,2025,04,26,1.2,26.2,19.8
110127,PACAYZAPA,2025,04,27,0.0,31.0,19.6
110127,PACAYZAPA,2025,04,28,20.0,29.0,20.0
110127,PACAYZAPA,2025,04,29,0.0,33.0,17.6
110127,PACAYZAPA,2025,04,30,12.0,31.2,19.2
110127,PACAYZAPA,2025,05,01,24.2,30.4,19.0
110127,PACAYZAPA,2025,05,02,0.0,31.2,19.2
110127,PACAYZAPA,2025,05,03,1.8,32.8,19.0
110127,PACAYZAPA,2025,05,04,0.0,32.0,18.8
110127,PACAYZAPA,2025,05,05,14.0,29.0,18.6
110127,PACAYZAPA,2025,05,06,0.0,32.0,18.8
110127,PACAYZAPA,2025,05,07,0.0,32.8,18.2
110127,PACAYZAPA,2025,05,08,0.0,33.0,18.0
110127,PACAYZAPA,2025,05,09,6.0,33.4,19.6
110127,PACAYZAPA,2025,05,10,74.4,29.0,19.8
110127,PACAYZAPA,2025,05,11,4.0,26.8,18.8
110127,PACAYZAPA,2025,05,12,4.0,27.0,19.8
110127,PACAYZAPA,2025,05,13,0.0,31.0,17.0
110127,PACAYZAPA,2025,05,14,0.0,32.0,17.2
110127,PACAYZAPA,2025,05,15,0.0,31.0,16.8
110127,PACAYZAPA,2025,05,16,0.0,32.0,19.8
110127,PACAYZAPA,2025,05,17,0.0,33.6,19.4
110127,PACAYZAPA,2025,05,18,0.0,32.4,19.0
110127,PACAYZAPA,2025,05,19,2.0,28.8,19.8
110127,PACAYZAPA,2025,05,20,0.0,32.0,20.0
110127,PACAYZAPA,2025,05,21,2.2,27.0,19.8
110127,PACAYZAPA,2025,05,22,4.2,31.0,19.2
110127,PACAYZAPA,2025,05,23,10.6,27.6,18.8
110127,PACAYZAPA,2025,05,24,0.0,32.8,19.4
110127,PACAYZAPA,2025,05,25,0.0,32.2,18.8
110127,PACAYZAPA,2025,05,26,0.0,33.4,19.2
110127,PACAYZAPA,2025,05,27,0.0,34.0,19.8
110127,PACAYZAPA,2025,05,28,5.4,28.4,19.6
110127,PACAYZAPA,2025,05,29,36.6,28.0,19.8
110127,PACAYZAPA,2025,05,30,0.0,28.8,18.8
110127,PACAYZAPA,2025,05,31,0.0,33.4,18.0
110127,PACAYZAPA,2025,06,01,0.0,25.0,18.2
110127,PACAYZAPA,2025,06,02,0.0,34.4,17.6
110127,PACAYZAPA,2025,06,03,0.0,34.0,17.8
110127,PACAYZAPA,2025,06,04,0.0,31.0,16.6
110127,PACAYZAPA,2025,06,05,0.0,29.8,17.4
110127,PACAYZAPA,2025,06,06,16.3,25.8,17.8
110127,PACAYZAPA,2025,06,07,3.0,28.8,18.6
110127,PACAYZAPA,2025,06,08,2.8,26.0,19.8
110127,PACAYZAPA,2025,06,09,0.0,32.0,20.0
110127,PACAYZAPA,2025,06,10,1.5,28.8,18.8
110127,PACAYZAPA,2025,06,11,11.0,26.8,19.0
110127,PACAYZAPA,2025,06,12,1.5,27.0,19.2
110127,PACAYZAPA,2025,06,13,0.0,30.0,19.8
110127,PACAYZAPA,2025,06,14,0.0,30.6,19.4
110127,PACAYZAPA,2025,06,15,8.0,25.0,20.0
110127,PACAYZAPA,2025,06,16,7.0,26.0,19.0
110127,PACAYZAPA,2025,06,17,1.0,27.8,18.8
110127,PACAYZAPA,2025,06,18,8.4,26.0,19.0
110127,PACAYZAPA,2025,06,19,0.0,30.0,17.8
110127,PACAYZAPA,2025,06,20,0.0,31.2,19.6
110127,PACAYZAPA,2025,06,21,0.0,32.0,18.4
110127,PACAYZAPA,2025,06,22,0.0,29.8,16.8
110127,PACAYZAPA,2025,06,23,0.0,31.0,19.0
110127,PACAYZAPA,2025,06,24,0.0,33.0,17.4
110127,PACAYZAPA,2025,06,25,2.2,33.4,18.8
110127,PACAYZAPA,2025,06,26,21.8,29.0,17.4
110127,PACAYZAPA,2025,06,27,10.8,28.8,18.8
110127,PACAYZAPA,2025,06,28,1.2,29.8,19.6
110127,PACAYZAPA,2025,06,29,0.0,31.0,16.8
110127,PACAYZAPA,2025,06,30,26.0,26.8,18.8
110127,PACAYZAPA,2025,07,01,21.3,24.8,19.0
110127,PACAYZAPA,2025,07,02,0.0,27.0,18.0
110127,PACAYZAPA,2025,07,03,0.0,26.8,15.8
110127,PACAYZAPA,2025,07,04,0.0,27.0,13.0
110127,PACAYZAPA,2025,07,05,0.0,28.0,14.2
110127,PACAYZAPA,2025,07,06,0.0,29.0,17.0
110127,PACAYZAPA,2025,07,07,0.0,28.0,14.0
110127,PACAYZAPA,2025,07,08,0.0,28.0,16.6
110127,PACAYZAPA,2025,07,09,0.0,30.0,17.6
110127,PACAYZAPA,2025,07,10,0.0,29.8,17.0
110127,PACAYZAPA,2025,07,11,0.0,28.8,17.2
110127,PACAYZAPA,2025,07,12,0.0,28.0,15.0
110127,PACAYZAPA,2025,07,13,0.0,30.0,17.0
110127,PACAYZAPA,2025,07,14,0.0,30.6,16.8
110127,PACAYZAPA,2025,07,15,0.0,30.8,17.6
110127,PACAYZAPA,2025,07,16,0.0,31.2,18.8
110127,PACAYZAPA,2025,07,17,0.0,27.8,18.2
110127,PACAYZAPA,2025,07,18,8.0,25.2,18.8
110127,PACAYZAPA,2025,07,19,0.0,26.8,17.8
110127,PACAYZAPA,2025,07,20,0.0,30.0,15.4
110127,PACAYZAPA,2025,07,21,0.0,30.2,15.6
110127,PACAYZAPA,2025,07,22,0.0,30.6,17.4
110127,PACAYZAPA,2025,07,23,0.0,31.0,18.8
110127,PACAYZAPA,2025,07,24,1.5,29.8,18.0
110127,PACAYZAPA,2025,07,25,0.0,31.2,17.8
110127,PACAYZAPA,2025,07,26,0.0,28.8,16.0
110127,PACAYZAPA,2025,07,27,0.8,29.6,19.0
110127,PACAYZAPA,2025,07,28,5.5,29.8,19.8
110127,PACAYZAPA,2025,07,29,13.0,28.8,19.0
110127,PACAYZAPA,2025,07,30,0.0,27.8,18.6
110127,PACAYZAPA,2025,07,31,0.0,29.2,18.4
110127,PACAYZAPA,2025,08,01,0.0,29.4,17.8
110127,PACAYZAPA,2025,08,02,0.0,32.4,19.0
110127,PACAYZAPA,2025,08,03,0.0,28.0,18.6
110127,PACAYZAPA,2025,08,04,0.0,30.0,17.8
110127,PACAYZAPA,2025,08,05,2.2,27.2,18.8
110127,PACAYZAPA,2025,08,06,4.6,26.0,17.0
110127,PACAYZAPA,2025,08,07,0.0,32.0,17.4
110127,PACAYZAPA,2025,08,08,0.0,32.0,19.2
110127,PACAYZAPA,2025,08,09,33.5,29.8,17.6
110127,PACAYZAPA,2025,08,10,19.6,27.8,18.8
110127,PACAYZAPA,2025,08,11,0.0,29.0,19.0
110127,PACAYZAPA,2025,08,12,0.0,28.0,18.0
110127,PACAYZAPA,2025,08,13,0.0,32.0,18.2
110127,PACAYZAPA,2025,08,14,0.0,32.0,17.0
110127,PACAYZAPA,2025,08,15,2.4,29.8,16.8
110127,PACAYZAPA,2025,08,16,0.0,30.0,15.0
110127,PACAYZAPA,2025,08,17,0.5,31.0,16.2
110127,PACAYZAPA,2025,08,18,0.0,33.0,18.0
110127,PACAYZAPA,2025,08,19,0.0,29.8,17.6
110127,PACAYZAPA,2025,08,20,0.0,32.4,16.8
110127,PACAYZAPA,2025,08,21,0.8,29.8,17.0
110127,PACAYZAPA,2025,08,22,0.0,31.6,17.8
110127,PACAYZAPA,2025,08,23,0.0,32.0,18.6
110127,PACAYZAPA,2025,08,24,2.5,32.4,18.0
110127,PACAYZAPA,2025,08,25,0.0,30.6,19.0
110127,PACAYZAPA,2025,08,26,2.0,28.8,17.8
110127,PACAYZAPA,2025,08,27,0.0,33.0,18.8
110127,PACAYZAPA,2025,08,28,0.0,32.0,17.0
110127,PACAYZAPA,2025,08,29,0.0,33.2,14.0
110127,PACAYZAPA,2025,08,30,0.0,31.2,17.0
110127,PACAYZAPA,2025,08,31,0.0,30.0,16.8
110127,PACAYZAPA,2025,09,01,0.0,28.0,18.0
110127,PACAYZAPA,2025,09,02,1.0,27.8,16.8
110127,PACAYZAPA,2025,09,03,0.0,32.4,18.0
110127,PACAYZAPA,2025,09,04,0.0,32.8,17.6
110127,PACAYZAPA,2025,09,05,1.0,32.4,18.0
110127,PACAYZAPA,2025,09,06,15.0,26.0,17.0
110127,PACAYZAPA,2025,09,07,0.0,26.8,16.0
110127,PACAYZAPA,2025,09,08,0.0,29.8,17.6
110127,PACAYZAPA,2025,09,09,1.5,31.8,18.6
110127,PACAYZAPA,2025,09,10,4.7,28.0,19.4
110127,PACAYZAPA,2025,09,11,1.0,28.6,19.6
110127,PACAYZAPA,2025,09,12,1.2,26.8,17.0
110127,PACAYZAPA,2025,09,13,0.0,30.0,17.6
110127,PACAYZAPA,2025,09,14,0.0,34.0,14.8
110127,PACAYZAPA,2025,09,15,0.0,29.4,18.8
110127,PACAYZAPA,2025,09,16,0.0,32.0,18.2
110127,PACAYZAPA,2025,09,17,1.0,29.8,18.0
110127,PACAYZAPA,2025,09,18,0.0,34.0,16.0
110127,PACAYZAPA,2025,09,19,3.8,28.0,17.0
110127,PACAYZAPA,2025,09,20,1.2,27.6,19.0
110127,PACAYZAPA,2025,09,21,0.0,34.0,18.8
110127,PACAYZAPA,2025,09,22,0.0,34.2,18.0
110127,PACAYZAPA,2025,09,23,2.8,27.0,18.6
110127,PACAYZAPA,2025,09,24,1.7,28.4,18.4
110127,PACAYZAPA,2025,09,25,35.9,27.8,19.0
110127,PACAYZAPA,2025,09,26,3.8,28.0,19.8
110127,PACAYZAPA,2025,09,27,0.0,32.0,17.6
110127,PACAYZAPA,2025,09,28,6.8,27.8,-999
110127,PACAYZAPA,2025,09,29,9.8,31.0,16.6
110127,PACAYZAPA,2025,09,30,38.0,26.8,18.6
110127,PACAYZAPA,2025,10,01,1.7,29.0,19.4
110127,PACAYZAPA,2025,10,02,15.3,26.8,19.2
110127,PACAYZAPA,2025,10,03,14.4,28.2,19.4
110127,PACAYZAPA,2025,10,04,0.0,32.0,19.0
110127,PACAYZAPA,2025,10,05,0.0,34.0,18.2
110127,PACAYZAPA,2025,10,06,0.0,33.0,18.0
110127,PACAYZAPA,2025,10,07,0.0,32.8,19.0
110127,PACAYZAPA,2025,10,08,0.0,31.6,18.8
110127,PACAYZAPA,2025,10,09,1.0,34.0,19.4
110127,PACAYZAPA,2025,10,10,1.5,30.8,19.8
110127,PACAYZAPA,2025,10,11,0.0,31.2,20.0
110127,PACAYZAPA,2025,10,12,33.0,30.4,18.2
110127,PACAYZAPA,2025,10,13,2.5,30.0,18.4
110127,PACAYZAPA,2025,10,14,2.6,29.6,20.0
110127,PACAYZAPA,2025,10,15,0.0,33.2,19.0
110127,PACAYZAPA,2025,10,16,7.5,26.4,-999
110127,PACAYZAPA,2025,10,17,1.0,28.8,19.0
110127,PACAYZAPA,2025,10,18,0.0,32.0,18.8
110127,PACAYZAPA,2025,10,19,0.0,33.0,18.2
110127,PACAYZAPA,2025,10,20,0.0,34.0,19.6
110127,PACAYZAPA,2025,10,21,0.0,33.8,20.0
110127,PACAYZAPA,2025,10,22,34.2,26.8,19.0
110127,PACAYZAPA,2025,10,23,35.0,28.0,18.6
110127,PACAYZAPA,2025,10,24,0.0,30.0,18.4
110127,PACAYZAPA,2025,10,25,0.0,32.4,18.6
110127,PACAYZAPA,2025,10,26,8.4,28.0,20.0
110127,PACAYZAPA,2025,10,27,0.0,33.6,20.4
110127,PACAYZAPA,2025,10,28,18.8,27.4,19.0
110127,PACAYZAPA,2025,10,29,12.2,26.0,18.8
110127,PACAYZAPA,2025,10,30,1.5,32.0,18.8
110127,PACAYZAPA,2025,10,31,0.0,31.8,19.2
110127,PACAYZAPA,2025,11,01,0.0,31.4,18.8
110127,PACAYZAPA,2025,11,02,6.4,27.0,19.8
110127,PACAYZAPA,2025,11,03,0.0,32.0,18.6
110127,PACAYZAPA,2025,11,04,20.0,33.0,20.0
110127,PACAYZAPA,2025,11,05,1.4,26.0,18.8
110127,PACAYZAPA,2025,11,06,0.0,34.0,19.6
110127,PACAYZAPA,2025,11,07,0.0,34.6,18.0
110127,PACAYZAPA,2025,11,08,0.0,33.4,19.0
110127,PACAYZAPA,2025,11,09,4.4,34.0,19.8
110127,PACAYZAPA,2025,11,10,0.5,31.2,20.0
110127,PACAYZAPA,2025,11,11,3.8,28.8,20.0
110127,PACAYZAPA,2025,11,12,0.0,34.0,20.2
110127,PACAYZAPA,2025,11,13,0.0,34.8,20.0
110127,PACAYZAPA,2025,11,14,12.9,28.8,21.0
110127,PACAYZAPA,2025,11,15,38.0,27.8,20.0
110127,PACAYZAPA,2025,11,16,8.5,26.8,20.2
110127,PACAYZAPA,2025,11,17,6.4,28.6,21.0
110127,PACAYZAPA,2025,11,18,2.6,32.8,20.0
110127,PACAYZAPA,2025,11,19,0.0,33.0,19.8
110127,PACAYZAPA,2025,11,20,7.2,29.0,20.2
110127,PACAYZAPA,2025,11,21,8.2,28.0,20.0
110127,PACAYZAPA,2025,11,22,2.8,27.8,20.6
110127,PACAYZAPA,2025,11,23,45.0,30.0,19.8
110127,PACAYZAPA,2025,11,24,10.0,26.0,19.6
110127,PACAYZAPA,2025,11,25,6.0,27.8,19.8
110127,PACAYZAPA,2025,11,26,15.8,32.0,19.6
110127,PACAYZAPA,2025,11,27,7.8,26.0,20.0
110127,PACAYZAPA,2025,11,28,0.0,29.8,20.2
110127,PACAYZAPA,2025,11,29,1.0,32.6,19.0
110127,PACAYZAPA,2025,11,30,0.0,32.0,20.0
110127,PACAYZAPA,2025,12,01,0.0,34.0,18.8
110127,PACAYZAPA,2025,12,02,1.4,26.4,20.0
110127,PACAYZAPA,2025,12,03,0.0,32.0,20.2
110127,PACAYZAPA,2025,12,04,0.0,30.0,20.4
110127,PACAYZAPA,2025,12,05,0.0,34.0,19.6
110127,PACAYZAPA,2025,12,06,0.0,34.8,20.0
110127,PACAYZAPA,2025,12,07,0.0,35.0,19.8
110127,PACAYZAPA,2025,12,08,0.0,30.0,20.0
110127,PACAYZAPA,2025,12,09,0.0,31.0,20.4
110127,PACAYZAPA,2025,12,10,0.0,28.4,20.0
110127,PACAYZAPA,2025,12,11,0.0,-999,20.2
110127,PACAYZAPA,2025,12,12,0.0,32.8,19.8
110127,PACAYZAPA,2025,12,13,0.0,34.8,19.6
110127,PACAYZAPA,2025,12,14,0.0,27.4,20.2
110127,PACAYZAPA,2025,12,15,0.0,33.0,18.8
110127,PACAYZAPA,2025,12,16,0.0,31.0,19.8
110127,PACAYZAPA,2025,12,17,9.2,26.0,18.8
110127,PACAYZAPA,2025,12,18,0.0,30.0,20.0
110127,PACAYZAPA,2025,12,19,0.0,33.4,19.8
110127,PACAYZAPA,2025,12,20,3.0,27.6,19.0
110127,PACAYZAPA,2025,12,21,0.0,30.2,18.8
110127,PACAYZAPA,2025,12,22,0.0,34.4,17.4
110127,PACAYZAPA,2025,12,23,0.0,35.0,19.0
110127,PACAYZAPA,2025,12,24,0.0,35.4,20.2
110127,PACAYZAPA,2025,12,25,0.0,35.0,20.4
110127,PACAYZAPA,2025,12,26,0.0,35.2,20.0
110127,PACAYZAPA,2025,12,27,1.0,31.0,19.0
110127,PACAYZAPA,2025,12,28,0.8,30.0,19.6
110127,PACAYZAPA,2025,12,29,0.0,32.0,19.0
110127,PACAYZAPA,2025,12,30,0.0,32.0,19.2
110127,PACAYZAPA,2025,12,31,22.6,31.0,19.4
