CODIGO,ESTACION,YEAR,MONTH,DAY,PP,TMAX,TMIN
114117,AYMARAES,2012,04,01,1.0,-999,-999
114117,AYMARAES,2012,04,02,1.8,-999,-999
114117,AYMARAES,2012,04,03,0.8,-999,-999
114117,AYMARAES,2012,04,04,13.8,-999,-999
114117,AYMARAES,2012,04,05,2.4,-999,-999
114117,AYMARAES,2012,04,06,2.3,-999,-999
114117,AYMARAES,2012,04,07,2.4,-999,-999
114117,AYMARAES,2012,04,08,1.1,-999,-999
114117,AYMARAES,2012,04,09,6.8,-999,-999
114117,AYMARAES,2012,04,10,8.2,-999,-999
114117,AYMARAES,2012,04,11,12.9,-999,-999
114117,AYMARAES,2012,04,12,14.2,-999,-999
114117,AYMARAES,2012,04,13,3.3,-999,-999
114117,AYMARAES,2012,04,14,3.6,-999,-999
114117,AYMARAES,2012,04,15,14.1,-999,-999
114117,AYMARAES,2012,04,16,2.2,-999,-999
114117,AYMARAES,2012,04,17,0.0,-999,-999
114117,AYMARAES,2012,04,18,9.8,-999,-999
114117,AYMARAES,2012,04,19,-888,-999,-999
114117,AYMARAES,2012,04,20,-888,-999,-999
114117,AYMARAES,2012,04,21,3.0,-999,-999
114117,AYMARAES,2012,04,22,8.8,-999,-999
114117,AYMARAES,2012,04,23,4.5,-999,-999
114117,AYMARAES,2012,04,24,-888,-999,-999
114117,AYMARAES,2012,04,25,-888,-999,-999
114117,AYMARAES,2012,04,26,0.0,-999,-999
114117,AYMARAES,2012,04,27,0.0,-999,-999
114117,AYMARAES,2012,04,28,-888,-999,-999
114117,AYMARAES,2012,04,29,-888,-999,-999
114117,AYMARAES,2012,04,30,-999,-999,-999
114117,AYMARAES,2012,06,01,0.0,-999,-999
114117,AYMARAES,2012,06,02,0.0,-999,-999
114117,AYMARAES,2012,06,03,0.0,-999,-999
114117,AYMARAES,2012,06,04,0.0,-999,-999
114117,AYMARAES,2012,06,05,-888,-999,-999
114117,AYMARAES,2012,06,06,0.0,-999,-999
114117,AYMARAES,2012,06,07,-888,-999,-999
114117,AYMARAES,2012,06,08,1.1,-999,-999
114117,AYMARAES,2012,06,09,0.0,-999,-999
114117,AYMARAES,2012,06,10,0.0,-999,-999
114117,AYMARAES,2012,06,11,0.0,-999,-999
114117,AYMARAES,2012,06,12,0.0,-999,-999
114117,AYMARAES,2012,06,13,0.0,-999,-999
114117,AYMARAES,2012,06,14,0.0,-999,-999
114117,AYMARAES,2012,06,15,0.0,-999,-999
114117,AYMARAES,2012,06,16,0.0,-999,-999
114117,AYMARAES,2012,06,17,0.0,-999,-999
114117,AYMARAES,2012,06,18,0.0,-999,-999
114117,AYMARAES,2012,06,19,0.0,-999,-999
114117,AYMARAES,2012,06,20,0.0,-999,-999
114117,AYMARAES,2012,06,21,0.0,-999,-999
114117,AYMARAES,2012,06,22,0.0,-999,-999
114117,AYMARAES,2012,06,23,0.0,-999,-999
114117,AYMARAES,2012,06,24,0.0,-999,-999
114117,AYMARAES,2012,06,25,0.0,-999,-999
114117,AYMARAES,2012,06,26,0.0,-999,-999
114117,AYMARAES,2012,06,27,0.0,-999,-999
114117,AYMARAES,2012,06,28,0.0,-999,-999
114117,AYMARAES,2012,06,29,0.0,-999,-999
114117,AYMARAES,2012,06,30,0.0,-999,-999
114117,AYMARAES,2012,07,01,0.0,-999,-999
114117,AYMARAES,2012,07,02,0.0,-999,-999
114117,AYMARAES,2012,07,03,0.0,-999,-999
114117,AYMARAES,2012,07,04,0.0,-999,-999
114117,AYMARAES,2012,07,05,-888,-999,-999
114117,AYMARAES,2012,07,06,-888,-999,-999
114117,AYMARAES,2012,07,07,-888,-999,-999
114117,AYMARAES,2012,07,08,-888,-999,-999
114117,AYMARAES,2012,07,09,0.0,-999,-999
114117,AYMARAES,2012,07,10,0.0,-999,-999
114117,AYMARAES,2012,07,11,0.0,-999,-999
114117,AYMARAES,2012,07,12,0.0,-999,-999
114117,AYMARAES,2012,07,13,0.0,-999,-999
114117,AYMARAES,2012,07,14,0.0,-999,-999
114117,AYMARAES,2012,07,15,0.0,-999,-999
114117,AYMARAES,2012,07,16,0.0,-999,-999
114117,AYMARAES,2012,07,17,0.0,-999,-999
114117,AYMARAES,2012,07,18,0.0,-999,-999
114117,AYMARAES,2012,07,19,0.0,-999,-999
114117,AYMARAES,2012,07,20,0.0,-999,-999
114117,AYMARAES,2012,07,21,0.0,-999,-999
114117,AYMARAES,2012,07,22,0.0,-999,-999
114117,AYMARAES,2012,07,23,0.0,-999,-999
114117,AYMARAES,2012,07,24,0.0,-999,-999
114117,AYMARAES,2012,07,25,0.0,-999,-999
114117,AYMARAES,2012,07,26,0.0,-999,-999
114117,AYMARAES,2012,07,27,-888,-999,-999
114117,AYMARAES,2012,07,28,-888,-999,-999
114117,AYMARAES,2012,07,29,0.0,-999,-999
114117,AYMARAES,2012,07,30,-888,-999,-999
114117,AYMARAES,2012,07,31,0.0,-999,-999
114117,AYMARAES,2012,08,01,0.0,-999,-999
114117,AYMARAES,2012,08,02,0.0,-999,-999
114117,AYMARAES,2012,08,03,0.0,-999,-999
114117,AYMARAES,2012,08,04,0.0,-999,-999
114117,AYMARAES,2012,08,05,0.0,-999,-999
114117,AYMARAES,2012,08,06,0.0,-999,-999
114117,AYMARAES,2012,08,07,0.0,-999,-999
114117,AYMARAES,2012,08,08,0.0,-999,-999
114117,AYMARAES,2012,08,09,0.0,-999,-999
114117,AYMARAES,2012,08,10,0.0,-999,-999
114117,AYMARAES,2012,08,11,0.0,-999,-999
114117,AYMARAES,2012,08,12,0.0,-999,-999
114117,AYMARAES,2012,08,13,0.0,-999,-999
114117,AYMARAES,2012,08,14,0.0,-999,-999
114117,AYMARAES,2012,08,15,0.0,-999,-999
114117,AYMARAES,2012,08,16,0.0,-999,-999
114117,AYMARAES,2012,08,17,0.0,-999,-999
114117,AYMARAES,2012,08,18,0.0,-999,-999
114117,AYMARAES,2012,08,19,0.0,-999,-999
114117,AYMARAES,2012,08,20,0.0,-999,-999
114117,AYMARAES,2012,08,21,0.0,-999,-999
114117,AYMARAES,2012,08,22,0.0,-999,-999
114117,AYMARAES,2012,08,23,0.0,-999,-999
114117,AYMARAES,2012,08,24,0.0,-999,-999
114117,AYMARAES,2012,08,25,2.9,-999,-999
114117,AYMARAES,2012,08,26,0.0,-999,-999
114117,AYMARAES,2012,08,27,0.0,-999,-999
114117,AYMARAES,2012,08,28,0.5,-999,-999
114117,AYMARAES,2012,08,29,0.0,-999,-999
114117,AYMARAES,2012,08,30,0.0,-999,-999
114117,AYMARAES,2012,08,31,0.0,-999,-999
114117,AYMARAES,2012,09,01,0.0,-999,-999
114117,AYMARAES,2012,09,02,0.0,-999,-999
114117,AYMARAES,2012,09,03,0.0,-999,-999
114117,AYMARAES,2012,09,04,0.0,-999,-999
114117,AYMARAES,2012,09,05,0.0,-999,-999
114117,AYMARAES,2012,09,06,0.6,-999,-999
114117,AYMARAES,2012,09,07,0.0,-999,-999
114117,AYMARAES,2012,09,08,0.0,-999,-999
114117,AYMARAES,2012,09,09,0.0,-999,-999
114117,AYMARAES,2012,09,10,0.0,-999,-999
114117,AYMARAES,2012,09,11,0.0,-999,-999
114117,AYMARAES,2012,09,12,0.0,-999,-999
114117,AYMARAES,2012,09,13,0.0,-999,-999
114117,AYMARAES,2012,09,14,0.0,-999,-999
114117,AYMARAES,2012,09,15,0.0,-999,-999
114117,AYMARAES,2012,09,16,0.0,-999,-999
114117,AYMARAES,2012,09,17,0.0,-999,-999
114117,AYMARAES,2012,09,18,0.0,-999,-999
114117,AYMARAES,2012,09,19,0.0,-999,-999
114117,AYMARAES,2012,09,20,0.0,-999,-999
114117,AYMARAES,2012,09,21,0.0,-999,-999
114117,AYMARAES,2012,09,22,0.0,-999,-999
114117,AYMARAES,2012,09,23,0.0,-999,-999
114117,AYMARAES,2012,09,24,0.0,-999,-999
114117,AYMARAES,2012,09,25,0.0,-999,-999
114117,AYMARAES,2012,09,26,0.0,-999,-999
114117,AYMARAES,2012,09,27,6.1,-999,-999
114117,AYMARAES,2012,09,28,0.8,-999,-999
114117,AYMARAES,2012,09,29,1.0,-999,-999
114117,AYMARAES,2012,09,30,2.8,-999,-999
114117,AYMARAES,2012,10,01,0.0,-999,-999
114117,AYMARAES,2012,10,02,0.0,-999,-999
114117,AYMARAES,2012,10,03,0.0,-999,-999
114117,AYMARAES,2012,10,04,0.0,-999,-999
114117,AYMARAES,2012,10,05,0.0,-999,-999
114117,AYMARAES,2012,10,06,0.0,-999,-999
114117,AYMARAES,2012,10,07,0.0,-999,-999
114117,AYMARAES,2012,10,08,0.0,-999,-999
114117,AYMARAES,2012,10,09,0.0,-999,-999
114117,AYMARAES,2012,10,10,0.0,-999,-999
114117,AYMARAES,2012,10,11,0.0,-999,-999
114117,AYMARAES,2012,10,12,0.0,-999,-999
114117,AYMARAES,2012,10,13,0.0,-999,-999
114117,AYMARAES,2012,10,14,0.0,-999,-999
114117,AYMARAES,2012,10,15,0.0,-999,-999
114117,AYMARAES,2012,10,16,0.0,-999,-999
114117,AYMARAES,2012,10,17,0.0,-999,-999
114117,AYMARAES,2012,10,18,0.0,-999,-999
114117,AYMARAES,2012,10,19,0.0,-999,-999
114117,AYMARAES,2012,10,20,0.0,-999,-999
114117,AYMARAES,2012,10,21,0.0,-999,-999
114117,AYMARAES,2012,10,22,0.0,-999,-999
114117,AYMARAES,2012,10,23,-888,-999,-999
114117,AYMARAES,2012,10,24,6.6,-999,-999
114117,AYMARAES,2012,10,25,2.3,-999,-999
114117,AYMARAES,2012,10,26,8.6,-999,-999
114117,AYMARAES,2012,10,27,-888,-999,-999
114117,AYMARAES,2012,10,28,11.6,-999,-999
114117,AYMARAES,2012,10,29,6.8,-999,-999
114117,AYMARAES,2012,10,30,8.9,-999,-999
114117,AYMARAES,2012,10,31,1.9,-999,-999
114117,AYMARAES,2012,11,01,3.2,26.3,-999
114117,AYMARAES,2012,11,02,1.9,27.4,-999
114117,AYMARAES,2012,11,03,3.0,28.3,-999
114117,AYMARAES,2012,11,04,1.4,26.0,-999
114117,AYMARAES,2012,11,05,-888,28.7,-999
114117,AYMARAES,2012,11,06,-888,27.0,-999
114117,AYMARAES,2012,11,07,0.0,30.2,-999
114117,AYMARAES,2012,11,08,0.0,30.4,-999
114117,AYMARAES,2012,11,09,0.0,30.8,-999
114117,AYMARAES,2012,11,10,0.0,30.4,-999
114117,AYMARAES,2012,11,11,0.0,30.2,-999
114117,AYMARAES,2012,11,12,4.8,28.6,-999
114117,AYMARAES,2012,11,13,0.0,-999,-999
114117,AYMARAES,2012,11,14,0.0,25.2,-999
114117,AYMARAES,2012,11,15,0.0,26.0,-999
114117,AYMARAES,2012,11,16,0.0,25.0,-999
114117,AYMARAES,2012,11,17,-888,27.2,-999
114117,AYMARAES,2012,11,18,1.8,27.0,-999
114117,AYMARAES,2012,11,19,0.0,-999,-999
114117,AYMARAES,2012,11,20,0.4,27.2,-999
114117,AYMARAES,2012,11,21,0.0,27.4,-999
114117,AYMARAES,2012,11,22,0.0,30.6,-999
114117,AYMARAES,2012,11,23,0.0,32.1,-999
114117,AYMARAES,2012,11,24,0.0,33.2,-999
114117,AYMARAES,2012,11,25,0.0,30.8,-999
114117,AYMARAES,2012,11,26,-888,31.4,-999
114117,AYMARAES,2012,11,27,-888,31.2,-999
114117,AYMARAES,2012,11,28,0.0,30.2,-999
114117,AYMARAES,2012,11,29,0.0,30.4,-999
114117,AYMARAES,2012,11,30,0.0,31.6,-999
114117,AYMARAES,2012,12,01,0.0,31.2,-999
114117,AYMARAES,2012,12,02,-888,30.0,-999
114117,AYMARAES,2012,12,03,7.8,25.8,-999
114117,AYMARAES,2012,12,04,6.7,30.6,-999
114117,AYMARAES,2012,12,05,5.6,28.2,-999
114117,AYMARAES,2012,12,06,1.6,29.2,-999
114117,AYMARAES,2012,12,07,17.0,30.0,-999
114117,AYMARAES,2012,12,08,13.4,24.4,-999
114117,AYMARAES,2012,12,09,-888,24.6,-999
114117,AYMARAES,2012,12,10,0.0,28.2,-999
114117,AYMARAES,2012,12,11,0.0,27.2,-999
114117,AYMARAES,2012,12,12,0.0,25.4,-999
114117,AYMARAES,2012,12,13,32.0,28.2,-999
114117,AYMARAES,2012,12,14,4.2,28.2,-999
114117,AYMARAES,2012,12,15,26.0,25.6,-999
114117,AYMARAES,2012,12,16,26.4,24.6,-999
114117,AYMARAES,2012,12,17,21.4,27.2,-999
114117,AYMARAES,2012,12,18,7.1,24.8,-999
114117,AYMARAES,2012,12,19,1.4,25.2,-999
114117,AYMARAES,2012,12,20,0.9,25.5,-999
114117,AYMARAES,2012,12,21,1.1,26.4,-999
114117,AYMARAES,2012,12,22,9.5,26.6,-999
114117,AYMARAES,2012,12,23,13.1,22.9,-999
114117,AYMARAES,2012,12,24,14.4,25.0,-999
114117,AYMARAES,2012,12,25,16.0,26.8,-999
114117,AYMARAES,2012,12,26,-888,24.8,-999
114117,AYMARAES,2012,12,27,-888,26.1,-999
114117,AYMARAES,2012,12,28,15.2,27.2,-999
114117,AYMARAES,2012,12,29,-888,28.0,-999
114117,AYMARAES,2012,12,30,-888,28.8,-999
114117,AYMARAES,2012,12,31,-888,28.4,-999
114117,AYMARAES,2013,01,01,0.0,30.0,-999
114117,AYMARAES,2013,01,02,0.0,27.9,-999
114117,AYMARAES,2013,01,03,5.6,27.6,-999
114117,AYMARAES,2013,01,04,5.0,30.2,-999
114117,AYMARAES,2013,01,05,0.8,25.6,-999
114117,AYMARAES,2013,01,06,5.5,25.0,-999
114117,AYMARAES,2013,01,07,7.4,27.8,-999
114117,AYMARAES,2013,01,08,2.4,-999,-999
114117,AYMARAES,2013,01,09,-888,25.2,-999
114117,AYMARAES,2013,01,10,4.2,28.2,-999
114117,AYMARAES,2013,01,11,0.2,26.7,-999
114117,AYMARAES,2013,01,12,-888,28.2,-999
114117,AYMARAES,2013,01,13,1.6,27.8,-999
114117,AYMARAES,2013,01,14,16.0,21.2,-999
114117,AYMARAES,2013,01,15,15.0,27.2,-999
114117,AYMARAES,2013,01,16,34.8,24.2,-999
114117,AYMARAES,2013,01,17,5.8,24.8,-999
114117,AYMARAES,2013,01,18,2.0,22.4,-999
114117,AYMARAES,2013,01,19,1.4,23.4,-999
114117,AYMARAES,2013,01,20,0.0,28.1,-999
114117,AYMARAES,2013,01,21,20.6,30.0,-999
114117,AYMARAES,2013,01,22,1.4,23.6,-999
114117,AYMARAES,2013,01,23,0.0,25.8,-999
114117,AYMARAES,2013,01,24,0.0,28.9,-999
114117,AYMARAES,2013,01,25,6.5,27.3,-999
114117,AYMARAES,2013,01,26,5.0,24.0,-999
114117,AYMARAES,2013,01,27,0.0,29.8,-999
114117,AYMARAES,2013,01,28,12.5,26.4,-999
114117,AYMARAES,2013,01,29,-888,23.8,-999
114117,AYMARAES,2013,01,30,0.0,27.6,-999
114117,AYMARAES,2013,01,31,8.2,28.4,-999
114117,AYMARAES,2013,02,01,-888,23.2,-999
114117,AYMARAES,2013,02,02,-888,23.0,-999
114117,AYMARAES,2013,02,03,17.5,26.9,-999
114117,AYMARAES,2013,02,04,19.9,23.9,-999
114117,AYMARAES,2013,02,05,22.2,26.8,-999
114117,AYMARAES,2013,02,06,1.8,27.1,-999
114117,AYMARAES,2013,02,07,6.2,23.6,-999
114117,AYMARAES,2013,02,08,-888,-999,-999
114117,AYMARAES,2013,02,09,1.3,22.6,-999
114117,AYMARAES,2013,02,10,0.0,21.9,-999
114117,AYMARAES,2013,02,11,-888,29.6,-999
114117,AYMARAES,2013,02,12,-888,30.0,-999
114117,AYMARAES,2013,02,13,2.4,25.5,-999
114117,AYMARAES,2013,02,14,6.1,28.2,-999
114117,AYMARAES,2013,02,15,5.2,20.4,-999
114117,AYMARAES,2013,02,16,4.9,20.8,-999
114117,AYMARAES,2013,02,17,9.2,23.3,-999
114117,AYMARAES,2013,02,18,0.6,25.2,-999
114117,AYMARAES,2013,02,19,7.0,24.8,-999
114117,AYMARAES,2013,02,20,7.0,27.2,-999
114117,AYMARAES,2013,02,21,25.2,20.9,-999
114117,AYMARAES,2013,02,22,10.4,20.5,-999
114117,AYMARAES,2013,02,23,4.8,24.1,-999
114117,AYMARAES,2013,02,24,0.8,24.5,-999
114117,AYMARAES,2013,02,25,-888,24.8,-999
114117,AYMARAES,2013,02,26,29.1,22.9,-999
114117,AYMARAES,2013,02,27,1.1,23.0,-999
114117,AYMARAES,2013,02,28,12.1,24.9,-999
114117,AYMARAES,2013,03,01,11.3,23.6,-999
114117,AYMARAES,2013,03,02,5.0,23.0,-999
114117,AYMARAES,2013,03,03,28.0,24.2,-999
114117,AYMARAES,2013,03,04,16.0,25.4,-999
114117,AYMARAES,2013,03,05,2.8,27.2,-999
114117,AYMARAES,2013,03,06,7.0,26.0,-999
114117,AYMARAES,2013,03,07,-888,-999,-999
114117,AYMARAES,2013,03,08,1.3,25.0,-999
114117,AYMARAES,2013,03,09,7.0,27.6,-999
114117,AYMARAES,2013,03,10,14.3,25.4,-999
114117,AYMARAES,2013,03,11,7.4,20.2,-999
114117,AYMARAES,2013,03,12,7.0,28.2,-999
114117,AYMARAES,2013,03,13,9.4,26.6,-999
114117,AYMARAES,2013,03,14,0.0,28.2,-999
114117,AYMARAES,2013,03,15,1.2,24.9,-999
114117,AYMARAES,2013,03,16,-888,23.5,-999
114117,AYMARAES,2013,03,17,11.8,23.4,-999
114117,AYMARAES,2013,03,18,-888,27.4,-999
114117,AYMARAES,2013,03,19,2.7,29.4,-999
114117,AYMARAES,2013,03,20,0.0,30.0,-999
114117,AYMARAES,2013,03,21,-888,26.1,-999
114117,AYMARAES,2013,03,22,4.2,27.4,-999
114117,AYMARAES,2013,03,23,0.0,27.4,-999
114117,AYMARAES,2013,03,24,0.0,29.9,-999
114117,AYMARAES,2013,03,25,0.0,28.2,-999
114117,AYMARAES,2013,03,26,-888,22.3,-999
114117,AYMARAES,2013,03,27,8.0,24.6,-999
114117,AYMARAES,2013,03,28,1.4,24.2,-999
114117,AYMARAES,2013,03,29,2.4,24.0,-999
114117,AYMARAES,2013,03,30,-888,26.8,-999
114117,AYMARAES,2013,03,31,0.0,27.8,-999
114117,AYMARAES,2013,04,01,0.0,26.4,-999
114117,AYMARAES,2013,04,02,0.0,25.8,-999
114117,AYMARAES,2013,04,03,6.8,24.2,-999
114117,AYMARAES,2013,04,04,8.7,23.5,-999
114117,AYMARAES,2013,04,05,0.0,-999,-999
114117,AYMARAES,2013,04,06,0.0,22.8,-999
114117,AYMARAES,2013,04,07,0.0,27.0,-999
114117,AYMARAES,2013,04,08,0.0,28.8,-999
114117,AYMARAES,2013,04,09,0.0,29.2,-999
114117,AYMARAES,2013,04,10,0.0,30.0,-999
114117,AYMARAES,2013,04,11,0.0,30.4,-999
114117,AYMARAES,2013,04,12,0.0,28.2,-999
114117,AYMARAES,2013,04,13,11.0,28.2,-999
114117,AYMARAES,2013,04,14,0.0,28.6,-999
114117,AYMARAES,2013,04,15,0.0,30.4,-999
114117,AYMARAES,2013,04,16,0.0,28.9,-999
114117,AYMARAES,2013,04,17,0.0,28.2,-999
114117,AYMARAES,2013,04,18,0.0,28.4,-999
114117,AYMARAES,2013,04,19,0.0,28.0,-999
114117,AYMARAES,2013,04,20,1.8,27.2,-999
114117,AYMARAES,2013,04,21,0.0,28.2,-999
114117,AYMARAES,2013,04,22,-888,27.2,-999
114117,AYMARAES,2013,04,23,0.0,28.2,-999
114117,AYMARAES,2013,04,24,0.0,28.0,-999
114117,AYMARAES,2013,04,25,0.0,29.0,-999
114117,AYMARAES,2013,04,26,0.0,30.0,-999
114117,AYMARAES,2013,04,27,0.0,30.2,-999
114117,AYMARAES,2013,04,28,0.0,29.0,-999
114117,AYMARAES,2013,04,29,0.0,28.2,-999
114117,AYMARAES,2013,04,30,0.0,28.6,-999
114117,AYMARAES,2013,05,01,0.0,28.0,-999
114117,AYMARAES,2013,05,02,0.0,27.4,-999
114117,AYMARAES,2013,05,03,0.0,27.2,-999
114117,AYMARAES,2013,05,04,0.0,30.0,-999
114117,AYMARAES,2013,05,05,1.2,24.0,-999
114117,AYMARAES,2013,05,06,0.5,23.9,-999
114117,AYMARAES,2013,05,07,1.6,24.0,-999
114117,AYMARAES,2013,05,08,0.0,24.9,-999
114117,AYMARAES,2013,05,09,0.0,30.0,-999
114117,AYMARAES,2013,05,10,0.0,28.6,-999
114117,AYMARAES,2013,05,11,0.0,29.2,-999
114117,AYMARAES,2013,05,12,0.0,27.2,-999
114117,AYMARAES,2013,05,13,0.0,28.9,-999
114117,AYMARAES,2013,05,14,6.8,26.8,-999
114117,AYMARAES,2013,05,15,-888,29.2,-999
114117,AYMARAES,2013,05,16,0.0,-999,-999
114117,AYMARAES,2013,05,17,6.0,26.5,-999
114117,AYMARAES,2013,05,18,6.0,22.5,-999
114117,AYMARAES,2013,05,19,-888,23.6,-999
114117,AYMARAES,2013,05,20,0.0,25.0,-999
114117,AYMARAES,2013,05,21,0.0,27.2,-999
114117,AYMARAES,2013,05,22,0.0,27.0,-999
114117,AYMARAES,2013,05,23,-888,26.6,-999
114117,AYMARAES,2013,05,24,0.0,27.6,-999
114117,AYMARAES,2013,05,25,0.0,27.4,-999
114117,AYMARAES,2013,05,26,0.0,27.8,-999
114117,AYMARAES,2013,05,27,0.0,28.2,-999
114117,AYMARAES,2013,05,28,0.0,28.4,-999
114117,AYMARAES,2013,05,29,0.0,27.0,-999
114117,AYMARAES,2013,05,30,0.0,26.9,-999
114117,AYMARAES,2013,05,31,0.0,25.9,-999
114117,AYMARAES,2013,06,01,0.0,27.2,-999
114117,AYMARAES,2013,06,02,0.0,28.0,-999
114117,AYMARAES,2013,06,03,0.0,28.4,-999
114117,AYMARAES,2013,06,04,0.0,25.6,-999
114117,AYMARAES,2013,06,05,4.8,25.4,-999
114117,AYMARAES,2013,06,06,2.0,20.4,-999
114117,AYMARAES,2013,06,07,0.0,22.6,-999
114117,AYMARAES,2013,06,08,0.0,24.0,-999
114117,AYMARAES,2013,06,09,-888,22.6,-999
114117,AYMARAES,2013,06,10,0.0,21.7,-999
114117,AYMARAES,2013,06,11,-888,19.6,-999
114117,AYMARAES,2013,06,12,6.2,18.9,-999
114117,AYMARAES,2013,06,13,0.0,27.4,-999
114117,AYMARAES,2013,06,14,0.0,26.6,-999
114117,AYMARAES,2013,06,15,0.0,25.2,-999
114117,AYMARAES,2013,06,16,0.0,26.4,-999
114117,AYMARAES,2013,06,17,0.0,26.6,-999
114117,AYMARAES,2013,06,18,0.0,25.4,-999
114117,AYMARAES,2013,06,19,0.0,24.9,-999
114117,AYMARAES,2013,06,20,0.0,25.2,-999
114117,AYMARAES,2013,06,21,0.0,26.9,-999
114117,AYMARAES,2013,06,22,2.4,25.6,-999
114117,AYMARAES,2013,06,23,-888,23.8,-999
114117,AYMARAES,2013,06,24,-888,24.6,-999
114117,AYMARAES,2013,06,25,0.0,24.8,-999
114117,AYMARAES,2013,06,26,0.0,26.4,-999
114117,AYMARAES,2013,06,27,0.0,25.3,-999
114117,AYMARAES,2013,06,28,0.0,24.8,-999
114117,AYMARAES,2013,06,29,0.0,26.0,-999
114117,AYMARAES,2013,06,30,0.0,23.0,-999
114117,AYMARAES,2013,07,01,0.0,23.7,-999
114117,AYMARAES,2013,07,02,2.6,24.0,-999
114117,AYMARAES,2013,07,03,0.0,24.5,-999
114117,AYMARAES,2013,07,04,5.8,22.6,-999
114117,AYMARAES,2013,07,05,0.0,21.4,-999
114117,AYMARAES,2013,07,06,0.0,22.0,-999
114117,AYMARAES,2013,07,07,0.0,27.0,-999
114117,AYMARAES,2013,07,08,0.0,23.3,-999
114117,AYMARAES,2013,07,09,0.0,24.6,-999
114117,AYMARAES,2013,07,10,0.0,25.4,-999
114117,AYMARAES,2013,07,11,0.0,25.1,-999
114117,AYMARAES,2013,07,12,0.0,27.8,-999
114117,AYMARAES,2013,07,13,0.0,25.2,-999
114117,AYMARAES,2013,07,14,0.0,25.0,-999
114117,AYMARAES,2013,07,15,2.2,16.4,-999
114117,AYMARAES,2013,07,16,0.0,22.8,-999
114117,AYMARAES,2013,07,17,0.0,25.4,-999
114117,AYMARAES,2013,07,18,0.0,23.2,-999
114117,AYMARAES,2013,07,19,3.2,23.9,-999
114117,AYMARAES,2013,07,20,0.0,24.0,-999
114117,AYMARAES,2013,07,21,-888,27.2,-999
114117,AYMARAES,2013,07,22,0.0,25.8,-999
114117,AYMARAES,2013,07,23,0.0,24.2,-999
114117,AYMARAES,2013,07,24,-888,27.6,-999
114117,AYMARAES,2013,07,25,0.0,24.0,-999
114117,AYMARAES,2013,07,26,0.0,24.6,-999
114117,AYMARAES,2013,07,27,0.0,28.4,-999
114117,AYMARAES,2013,07,28,0.0,28.2,-999
114117,AYMARAES,2013,07,29,0.0,25.6,-999
114117,AYMARAES,2013,07,30,0.0,25.3,-999
114117,AYMARAES,2013,07,31,0.0,25.4,-999
114117,AYMARAES,2013,08,01,0.0,25.4,-999
114117,AYMARAES,2013,08,02,0.0,24.5,-999
114117,AYMARAES,2013,08,03,0.0,25.2,-999
114117,AYMARAES,2013,08,04,0.0,25.7,-999
114117,AYMARAES,2013,08,05,0.0,24.8,-999
114117,AYMARAES,2013,08,06,0.0,25.1,-999
114117,AYMARAES,2013,08,07,0.0,25.8,-999
114117,AYMARAES,2013,08,08,0.0,27.5,-999
114117,AYMARAES,2013,08,09,0.0,29.2,-999
114117,AYMARAES,2013,08,10,0.0,29.0,-999
114117,AYMARAES,2013,08,11,0.0,30.0,-999
114117,AYMARAES,2013,08,12,0.0,28.0,-999
114117,AYMARAES,2013,08,13,0.0,28.4,-999
114117,AYMARAES,2013,08,14,0.0,26.2,-999
114117,AYMARAES,2013,08,15,0.0,29.8,-999
114117,AYMARAES,2013,08,16,0.0,28.9,-999
114117,AYMARAES,2013,08,17,0.0,28.6,-999
114117,AYMARAES,2013,08,18,0.0,28.3,-999
114117,AYMARAES,2013,08,19,0.0,28.8,-999
114117,AYMARAES,2013,08,20,0.0,28.4,-999
114117,AYMARAES,2013,08,21,0.0,28.6,-999
114117,AYMARAES,2013,08,22,0.0,30.0,-999
114117,AYMARAES,2013,08,23,15.8,-999,-999
114117,AYMARAES,2013,08,24,4.6,-999,-999
114117,AYMARAES,2013,08,25,0.0,25.5,-999
114117,AYMARAES,2013,08,26,0.0,26.1,-999
114117,AYMARAES,2013,08,27,12.2,25.0,-999
114117,AYMARAES,2013,08,28,-888,19.8,-999
114117,AYMARAES,2013,08,29,0.0,-999,-999
114117,AYMARAES,2013,08,30,0.0,-999,-999
114117,AYMARAES,2013,08,31,0.0,28.2,-999
114117,AYMARAES,2013,09,01,0.0,28.6,-999
114117,AYMARAES,2013,09,02,0.0,-999,-999
114117,AYMARAES,2013,09,03,0.0,28.0,-999
114117,AYMARAES,2013,09,04,0.0,28.6,-999
114117,AYMARAES,2013,09,05,-888,28.8,-999
114117,AYMARAES,2013,09,06,2.0,29.2,-999
114117,AYMARAES,2013,09,07,0.0,28.6,-999
114117,AYMARAES,2013,09,08,4.6,29.4,-999
114117,AYMARAES,2013,09,09,0.0,27.2,-999
114117,AYMARAES,2013,09,10,8.2,26.6,-999
114117,AYMARAES,2013,09,11,0.0,25.8,-999
114117,AYMARAES,2013,09,12,-888,27.8,-999
114117,AYMARAES,2013,09,13,-888,25.4,-999
114117,AYMARAES,2013,09,14,0.0,28.4,-999
114117,AYMARAES,2013,09,15,0.0,29.2,-999
114117,AYMARAES,2013,09,16,0.0,30.0,-999
114117,AYMARAES,2013,09,17,0.0,29.9,-999
114117,AYMARAES,2013,09,18,0.0,30.2,-999
114117,AYMARAES,2013,09,19,0.0,28.6,-999
114117,AYMARAES,2013,09,20,2.2,27.6,-999
114117,AYMARAES,2013,09,21,0.0,26.4,-999
114117,AYMARAES,2013,09,22,0.0,28.6,-999
114117,AYMARAES,2013,09,23,2.6,30.0,-999
114117,AYMARAES,2013,09,24,0.8,28.8,-999
114117,AYMARAES,2013,09,25,0.8,25.6,-999
114117,AYMARAES,2013,09,26,0.0,30.2,-999
114117,AYMARAES,2013,09,27,0.0,28.8,-999
114117,AYMARAES,2013,09,28,-888,25.8,-999
114117,AYMARAES,2013,09,29,0.0,28.6,-999
114117,AYMARAES,2013,09,30,0.0,28.6,-999
114117,AYMARAES,2013,10,01,0.0,29.2,-999
114117,AYMARAES,2013,10,02,0.0,30.0,-999
114117,AYMARAES,2013,10,03,0.0,28.6,-999
114117,AYMARAES,2013,10,04,0.0,25.2,-999
114117,AYMARAES,2013,10,05,-888,24.9,-999
114117,AYMARAES,2013,10,06,2.1,27.8,-999
114117,AYMARAES,2013,10,07,0.0,26.5,-999
114117,AYMARAES,2013,10,08,0.0,25.8,-999
114117,AYMARAES,2013,10,09,-888,27.0,-999
114117,AYMARAES,2013,10,10,-888,29.1,-999
114117,AYMARAES,2013,10,11,0.0,28.0,-999
114117,AYMARAES,2013,10,12,0.0,27.7,-999
114117,AYMARAES,2013,10,13,-888,28.8,-999
114117,AYMARAES,2013,10,14,0.0,20.6,-999
114117,AYMARAES,2013,10,15,0.0,30.0,-999
114117,AYMARAES,2013,10,16,0.0,30.0,-999
114117,AYMARAES,2013,10,17,0.0,28.8,-999
114117,AYMARAES,2013,10,18,0.0,29.2,-999
114117,AYMARAES,2013,10,19,0.0,30.2,-999
114117,AYMARAES,2013,10,20,0.0,30.0,-999
114117,AYMARAES,2013,10,21,6.4,30.0,-999
114117,AYMARAES,2013,10,22,-888,29.4,-999
114117,AYMARAES,2013,10,23,-888,29.6,-999
114117,AYMARAES,2013,10,24,8.6,23.4,-999
114117,AYMARAES,2013,10,25,2.4,24.2,-999
114117,AYMARAES,2013,10,26,6.0,27.2,-999
114117,AYMARAES,2013,10,27,7.2,24.2,-999
114117,AYMARAES,2013,10,28,-888,24.9,-999
114117,AYMARAES,2013,10,29,0.0,28.5,-999
114117,AYMARAES,2013,10,30,0.0,28.6,-999
114117,AYMARAES,2013,10,31,0.0,28.8,-999
114117,AYMARAES,2013,11,01,-888,28.1,-999
114117,AYMARAES,2013,11,02,1.7,28.0,-999
114117,AYMARAES,2013,11,03,4.0,29.2,-999
114117,AYMARAES,2013,11,04,0.0,28.6,-999
114117,AYMARAES,2013,11,05,0.0,30.0,-999
114117,AYMARAES,2013,11,06,-888,29.9,-999
114117,AYMARAES,2013,11,07,-888,30.0,-999
114117,AYMARAES,2013,11,08,0.0,29.5,-999
114117,AYMARAES,2013,11,09,0.0,28.8,-999
114117,AYMARAES,2013,11,10,0.0,29.8,-999
114117,AYMARAES,2013,11,11,0.0,32.8,-999
114117,AYMARAES,2013,11,12,0.0,32.4,-999
114117,AYMARAES,2013,11,13,-888,29.2,-999
114117,AYMARAES,2013,11,14,-888,29.8,-999
114117,AYMARAES,2013,11,15,14.8,28.2,-999
114117,AYMARAES,2013,11,16,-888,26.2,-999
114117,AYMARAES,2013,11,17,0.0,29.9,-999
114117,AYMARAES,2013,11,18,0.0,29.8,-999
114117,AYMARAES,2013,11,19,0.0,30.0,-999
114117,AYMARAES,2013,11,20,0.0,-999,-999
114117,AYMARAES,2013,11,21,9.6,29.7,-999
114117,AYMARAES,2013,11,22,0.0,30.0,-999
114117,AYMARAES,2013,11,23,0.0,30.8,-999
114117,AYMARAES,2013,11,24,0.0,32.9,-999
114117,AYMARAES,2013,11,25,0.0,30.8,-999
114117,AYMARAES,2013,11,26,0.0,29.8,-999
114117,AYMARAES,2013,11,27,0.0,30.0,-999
114117,AYMARAES,2013,11,28,0.0,30.8,-999
114117,AYMARAES,2013,11,29,0.0,30.1,-999
114117,AYMARAES,2013,11,30,0.0,30.8,-999
114117,AYMARAES,2013,12,01,5.8,29.8,-999
114117,AYMARAES,2013,12,02,0.8,23.8,-999
114117,AYMARAES,2013,12,03,4.6,29.8,-999
114117,AYMARAES,2013,12,04,16.8,23.0,-999
114117,AYMARAES,2013,12,05,19.9,25.2,-999
114117,AYMARAES,2013,12,06,18.0,30.0,-999
114117,AYMARAES,2013,12,07,3.6,28.9,-999
114117,AYMARAES,2013,12,08,-888,28.2,-999
114117,AYMARAES,2013,12,09,3.6,18.4,-999
114117,AYMARAES,2013,12,10,12.8,25.4,-999
114117,AYMARAES,2013,12,11,3.2,27.2,-999
114117,AYMARAES,2013,12,12,-888,28.6,-999
114117,AYMARAES,2013,12,13,2.3,28.4,-999
114117,AYMARAES,2013,12,14,0.8,28.6,-999
114117,AYMARAES,2013,12,15,2.4,28.6,-999
114117,AYMARAES,2013,12,16,0.0,30.0,-999
114117,AYMARAES,2013,12,17,0.0,30.2,-999
114117,AYMARAES,2013,12,18,0.0,30.6,-999
114117,AYMARAES,2013,12,19,0.0,30.2,-999
114117,AYMARAES,2013,12,20,0.0,28.0,-999
114117,AYMARAES,2013,12,21,-888,30.0,-999
114117,AYMARAES,2013,12,22,2.4,30.4,-999
114117,AYMARAES,2013,12,23,-888,29.9,-999
114117,AYMARAES,2013,12,24,10.8,27.0,-999
114117,AYMARAES,2013,12,25,2.8,25.6,-999
114117,AYMARAES,2013,12,26,1.8,28.4,-999
114117,AYMARAES,2013,12,27,4.2,24.8,-999
114117,AYMARAES,2013,12,28,-888,25.2,-999
114117,AYMARAES,2013,12,29,-888,20.8,-999
114117,AYMARAES,2013,12,30,-888,20.0,-999
114117,AYMARAES,2013,12,31,1.7,27.9,-999
114117,AYMARAES,2014,01,01,0.0,25.7,-999
114117,AYMARAES,2014,01,02,-888,28.2,-999
114117,AYMARAES,2014,01,03,3.6,30.8,-999
114117,AYMARAES,2014,01,04,14.2,28.2,-999
114117,AYMARAES,2014,01,05,3.6,25.4,-999
114117,AYMARAES,2014,01,06,4.4,24.4,-999
114117,AYMARAES,2014,01,07,15.8,-999,-999
114117,AYMARAES,2014,01,08,8.8,28.6,-999
114117,AYMARAES,2014,01,09,6.7,21.8,-999
114117,AYMARAES,2014,01,10,10.2,24.2,-999
114117,AYMARAES,2014,01,11,10.9,26.3,-999
114117,AYMARAES,2014,01,12,18.0,25.2,-999
114117,AYMARAES,2014,01,13,12.8,25.8,-999
114117,AYMARAES,2014,01,14,4.6,25.6,-999
114117,AYMARAES,2014,01,15,25.2,26.2,-999
114117,AYMARAES,2014,01,16,3.6,24.0,-999
114117,AYMARAES,2014,01,17,0.8,24.8,-999
114117,AYMARAES,2014,01,18,1.8,24.4,-999
114117,AYMARAES,2014,01,19,40.0,25.8,-999
114117,AYMARAES,2014,01,20,-888,23.8,-999
114117,AYMARAES,2014,01,21,-888,24.6,-999
114117,AYMARAES,2014,01,22,6.9,22.5,-999
114117,AYMARAES,2014,01,23,-888,22.1,-999
114117,AYMARAES,2014,01,24,0.0,27.3,-999
114117,AYMARAES,2014,01,25,0.0,28.4,-999
114117,AYMARAES,2014,01,26,0.0,28.1,-999
114117,AYMARAES,2014,01,27,0.0,29.5,-999
114117,AYMARAES,2014,01,28,0.0,28.1,-999
114117,AYMARAES,2014,01,29,28.6,27.3,-999
114117,AYMARAES,2014,01,30,0.8,27.0,-999
114117,AYMARAES,2014,01,31,6.3,25.2,-999
114117,AYMARAES,2014,02,01,16.8,24.1,-999
114117,AYMARAES,2014,02,02,0.0,25.3,-999
114117,AYMARAES,2014,02,03,0.0,30.0,-999
114117,AYMARAES,2014,02,04,0.0,30.2,-999
114117,AYMARAES,2014,02,05,5.4,25.2,-999
114117,AYMARAES,2014,02,06,17.0,24.2,-999
114117,AYMARAES,2014,02,07,4.1,25.1,-999
114117,AYMARAES,2014,02,08,-888,25.0,-999
114117,AYMARAES,2014,02,09,-888,27.1,-999
114117,AYMARAES,2014,02,10,-888,27.4,-999
114117,AYMARAES,2014,02,11,0.0,28.8,-999
114117,AYMARAES,2014,02,12,0.0,28.9,-999
114117,AYMARAES,2014,02,13,0.0,29.3,-999
114117,AYMARAES,2014,02,14,0.0,29.0,-999
114117,AYMARAES,2014,02,15,0.0,27.1,-999
114117,AYMARAES,2014,02,16,-888,26.2,-999
114117,AYMARAES,2014,02,17,-888,27.4,-999
114117,AYMARAES,2014,02,18,-888,27.8,-999
114117,AYMARAES,2014,02,19,0.0,28.0,-999
114117,AYMARAES,2014,02,20,-888,28.3,-999
114117,AYMARAES,2014,02,21,0.0,28.2,-999
114117,AYMARAES,2014,02,22,-888,27.0,-999
114117,AYMARAES,2014,02,23,21.1,26.8,-999
114117,AYMARAES,2014,02,24,12.7,24.6,-999
114117,AYMARAES,2014,02,25,8.0,27.4,-999
114117,AYMARAES,2014,02,26,9.2,27.0,-999
114117,AYMARAES,2014,02,27,0.0,27.1,-999
114117,AYMARAES,2014,02,28,12.2,28.0,-999
114117,AYMARAES,2014,03,01,0.7,27.6,-999
114117,AYMARAES,2014,03,02,11.1,28.2,-999
114117,AYMARAES,2014,03,03,8.6,28.2,-999
114117,AYMARAES,2014,03,04,3.2,27.2,-999
114117,AYMARAES,2014,03,05,25.2,22.7,-999
114117,AYMARAES,2014,03,06,4.5,24.2,-999
114117,AYMARAES,2014,03,07,12.4,25.4,-999
114117,AYMARAES,2014,03,08,4.6,27.2,-999
114117,AYMARAES,2014,03,09,3.4,24.6,-999
114117,AYMARAES,2014,03,10,1.4,26.4,-999
114117,AYMARAES,2014,03,11,-888,24.8,-999
114117,AYMARAES,2014,03,12,9.5,26.6,-999
114117,AYMARAES,2014,03,13,7.2,26.4,-999
114117,AYMARAES,2014,03,14,0.0,24.0,-999
114117,AYMARAES,2014,03,15,13.3,22.2,-999
114117,AYMARAES,2014,03,16,-888,23.2,-999
114117,AYMARAES,2014,03,17,-888,26.8,-999
114117,AYMARAES,2014,03,18,15.6,22.4,-999
114117,AYMARAES,2014,03,19,5.2,25.8,-999
114117,AYMARAES,2014,03,20,0.6,27.6,-999
114117,AYMARAES,2014,03,21,0.0,24.2,-999
114117,AYMARAES,2014,03,22,0.0,23.4,-999
114117,AYMARAES,2014,03,23,-888,24.8,-999
114117,AYMARAES,2014,03,24,-888,27.2,-999
114117,AYMARAES,2014,03,25,5.6,27.6,-999
114117,AYMARAES,2014,03,26,-888,27.8,-999
114117,AYMARAES,2014,03,27,5.6,28.4,-999
114117,AYMARAES,2014,03,28,0.0,25.2,-999
114117,AYMARAES,2014,03,29,0.0,27.4,-999
114117,AYMARAES,2014,03,30,0.0,28.2,-999
114117,AYMARAES,2014,03,31,-888,25.4,-999
114117,AYMARAES,2014,04,01,0.0,28.8,-999
114117,AYMARAES,2014,04,02,-888,25.6,-999
114117,AYMARAES,2014,04,03,-888,26.7,-999
114117,AYMARAES,2014,04,04,0.0,-999,-999
114117,AYMARAES,2014,04,05,0.0,-999,-999
114117,AYMARAES,2014,04,06,0.0,-999,-999
114117,AYMARAES,2014,04,07,-888,24.8,-999
114117,AYMARAES,2014,04,08,24.0,25.4,-999
114117,AYMARAES,2014,04,09,0.0,25.2,-999
114117,AYMARAES,2014,04,10,-888,24.8,-999
114117,AYMARAES,2014,04,11,0.0,23.0,-999
114117,AYMARAES,2014,04,12,0.0,27.2,-999
114117,AYMARAES,2014,04,13,1.2,26.8,-999
114117,AYMARAES,2014,04,14,10.0,27.0,-999
114117,AYMARAES,2014,04,15,9.8,27.4,-999
114117,AYMARAES,2014,04,16,0.0,27.6,-999
114117,AYMARAES,2014,04,17,0.0,26.4,-999
114117,AYMARAES,2014,04,18,0.0,24.2,-999
114117,AYMARAES,2014,04,19,1.4,25.4,-999
114117,AYMARAES,2014,04,20,0.0,24.2,-999
114117,AYMARAES,2014,04,21,0.0,25.0,-999
114117,AYMARAES,2014,04,22,0.0,25.0,-999
114117,AYMARAES,2014,04,23,0.0,26.5,-999
114117,AYMARAES,2014,04,24,0.0,26.2,-999
114117,AYMARAES,2014,04,25,0.0,28.8,-999
114117,AYMARAES,2014,04,26,0.0,29.0,-999
114117,AYMARAES,2014,04,27,0.0,29.6,-999
114117,AYMARAES,2014,04,28,0.0,29.8,-999
114117,AYMARAES,2014,04,29,3.4,29.4,-999
114117,AYMARAES,2014,04,30,0.0,28.4,-999
114117,AYMARAES,2014,05,01,0.0,28.0,-999
114117,AYMARAES,2014,05,02,0.0,29.4,-999
114117,AYMARAES,2014,05,03,0.0,21.8,-999
114117,AYMARAES,2014,05,04,0.0,25.0,-999
114117,AYMARAES,2014,05,05,0.0,27.4,-999
114117,AYMARAES,2014,05,06,0.0,28.4,-999
114117,AYMARAES,2014,05,07,0.0,28.2,-999
114117,AYMARAES,2014,05,08,0.0,26.2,-999
114117,AYMARAES,2014,05,09,0.0,26.8,-999
114117,AYMARAES,2014,05,10,1.2,27.2,-999
114117,AYMARAES,2014,05,11,-888,25.7,-999
114117,AYMARAES,2014,05,12,14.2,-999,-999
114117,AYMARAES,2014,05,13,-888,24.6,-999
114117,AYMARAES,2014,05,14,1.4,25.0,-999
114117,AYMARAES,2014,05,15,0.0,28.2,-999
114117,AYMARAES,2014,05,16,0.0,29.8,-999
114117,AYMARAES,2014,05,17,0.0,28.0,-999
114117,AYMARAES,2014,05,18,0.0,28.6,-999
114117,AYMARAES,2014,05,19,0.0,27.4,-999
114117,AYMARAES,2014,05,20,0.0,25.8,-999
114117,AYMARAES,2014,05,21,0.0,27.2,-999
114117,AYMARAES,2014,05,22,2.1,22.0,-999
114117,AYMARAES,2014,05,23,0.0,25.2,-999
114117,AYMARAES,2014,05,24,0.0,27.4,-999
114117,AYMARAES,2014,05,25,0.0,28.2,-999
114117,AYMARAES,2014,05,26,0.0,29.2,-999
114117,AYMARAES,2014,05,27,0.0,29.4,-999
114117,AYMARAES,2014,05,28,0.0,30.0,-999
114117,AYMARAES,2014,05,29,0.0,29.8,-999
114117,AYMARAES,2014,05,30,0.0,29.9,-999
114117,AYMARAES,2014,05,31,0.0,29.9,-999
114117,AYMARAES,2014,06,01,0.0,28.2,-999
114117,AYMARAES,2014,06,02,-888,28.4,-999
114117,AYMARAES,2014,06,03,0.0,28.4,-999
114117,AYMARAES,2014,06,04,0.0,30.2,-999
114117,AYMARAES,2014,06,05,0.0,29.8,-999
114117,AYMARAES,2014,06,06,0.0,28.8,-999
114117,AYMARAES,2014,06,07,0.0,29.2,-999
114117,AYMARAES,2014,06,08,0.0,30.2,-999
114117,AYMARAES,2014,06,09,0.0,27.8,-999
114117,AYMARAES,2014,06,10,0.0,25.9,-999
114117,AYMARAES,2014,06,11,0.0,25.8,-999
114117,AYMARAES,2014,06,12,0.0,29.2,-999
114117,AYMARAES,2014,06,13,0.0,29.6,-999
114117,AYMARAES,2014,06,14,0.0,21.1,-999
114117,AYMARAES,2014,06,15,0.0,28.0,-999
114117,AYMARAES,2014,06,16,0.0,28.2,-999
114117,AYMARAES,2014,06,17,0.0,23.2,-999
114117,AYMARAES,2014,06,18,0.0,25.8,-999
114117,AYMARAES,2014,06,19,0.0,27.1,-999
114117,AYMARAES,2014,06,20,0.0,27.2,-999
114117,AYMARAES,2014,06,21,0.0,-999,-999
114117,AYMARAES,2014,06,22,0.0,28.9,-999
114117,AYMARAES,2014,06,23,0.0,28.9,-999
114117,AYMARAES,2014,06,24,0.0,28.0,-999
114117,AYMARAES,2014,06,25,0.0,28.8,-999
114117,AYMARAES,2014,06,26,0.0,30.1,-999
114117,AYMARAES,2014,06,27,0.0,27.2,-999
114117,AYMARAES,2014,06,28,0.0,27.6,-999
114117,AYMARAES,2014,06,29,0.0,25.8,-999
114117,AYMARAES,2014,06,30,0.0,26.2,-999
114117,AYMARAES,2014,07,01,0.0,28.8,-999
114117,AYMARAES,2014,07,02,0.0,28.9,-999
114117,AYMARAES,2014,07,03,0.0,28.2,-999
114117,AYMARAES,2014,07,04,0.0,27.2,-999
114117,AYMARAES,2014,07,05,0.0,27.9,-999
114117,AYMARAES,2014,07,06,0.0,29.4,-999
114117,AYMARAES,2014,07,07,0.0,28.4,-999
114117,AYMARAES,2014,07,08,0.0,26.2,-999
114117,AYMARAES,2014,07,09,0.0,25.6,-999
114117,AYMARAES,2014,07,10,0.0,30.0,-999
114117,AYMARAES,2014,07,11,0.0,28.8,-999
114117,AYMARAES,2014,07,12,0.0,27.6,-999
114117,AYMARAES,2014,07,13,0.0,28.4,-999
114117,AYMARAES,2014,07,14,0.0,27.0,-999
114117,AYMARAES,2014,07,15,0.0,27.9,-999
114117,AYMARAES,2014,07,16,0.0,28.4,-999
114117,AYMARAES,2014,07,17,0.0,27.2,-999
114117,AYMARAES,2014,07,18,0.0,24.2,-999
114117,AYMARAES,2014,07,19,1.8,24.6,-999
114117,AYMARAES,2014,07,20,-888,22.8,-999
114117,AYMARAES,2014,07,21,0.0,25.2,-999
114117,AYMARAES,2014,07,22,0.0,25.4,-999
114117,AYMARAES,2014,07,23,0.0,24.6,-999
114117,AYMARAES,2014,07,24,0.0,25.8,-999
114117,AYMARAES,2014,07,25,0.0,23.8,-999
114117,AYMARAES,2014,07,26,0.0,29.6,-999
114117,AYMARAES,2014,07,27,0.0,28.9,-999
114117,AYMARAES,2014,07,28,0.8,22.0,-999
114117,AYMARAES,2014,07,29,0.6,25.2,-999
114117,AYMARAES,2014,07,30,0.0,24.9,-999
114117,AYMARAES,2014,07,31,0.0,27.2,-999
114117,AYMARAES,2014,08,01,0.0,28.2,-999
114117,AYMARAES,2014,08,02,0.0,28.9,-999
114117,AYMARAES,2014,08,03,0.0,29.2,-999
114117,AYMARAES,2014,08,04,0.0,28.6,-999
114117,AYMARAES,2014,08,05,0.0,30.0,-999
114117,AYMARAES,2014,08,06,0.0,27.9,-999
114117,AYMARAES,2014,08,07,1.8,24.2,-999
114117,AYMARAES,2014,08,08,-888,25.0,-999
114117,AYMARAES,2014,08,09,-888,25.4,-999
114117,AYMARAES,2014,08,10,0.0,29.4,-999
114117,AYMARAES,2014,08,11,0.0,26.0,-999
114117,AYMARAES,2014,08,12,0.0,25.2,-999
114117,AYMARAES,2014,08,13,0.0,25.8,-999
114117,AYMARAES,2014,08,14,-888,24.6,-999
114117,AYMARAES,2014,08,15,0.0,24.9,-999
114117,AYMARAES,2014,08,16,0.0,28.2,-999
114117,AYMARAES,2014,08,17,0.0,28.2,-999
114117,AYMARAES,2014,08,18,0.0,29.1,-999
114117,AYMARAES,2014,08,19,0.0,24.4,-999
114117,AYMARAES,2014,08,20,0.0,29.3,-999
114117,AYMARAES,2014,08,21,0.0,29.6,-999
114117,AYMARAES,2014,08,22,0.0,29.8,-999
114117,AYMARAES,2014,08,23,0.0,27.6,-999
114117,AYMARAES,2014,08,24,0.0,30.0,-999
114117,AYMARAES,2014,08,25,0.0,28.2,-999
114117,AYMARAES,2014,08,26,0.0,28.6,-999
114117,AYMARAES,2014,08,27,0.0,28.8,-999
114117,AYMARAES,2014,08,28,-888,27.6,-999
114117,AYMARAES,2014,08,29,0.0,22.1,-999
114117,AYMARAES,2014,08,30,-888,22.4,-999
114117,AYMARAES,2014,08,31,0.0,22.1,-999
114117,AYMARAES,2014,09,01,0.0,24.2,-999
114117,AYMARAES,2014,09,02,0.0,23.2,-999
114117,AYMARAES,2014,09,03,-888,24.2,-999
114117,AYMARAES,2014,09,04,0.0,24.3,-999
114117,AYMARAES,2014,09,05,3.8,21.6,-999
114117,AYMARAES,2014,09,06,-888,21.8,-999
114117,AYMARAES,2014,09,07,0.0,24.2,-999
114117,AYMARAES,2014,09,08,0.0,24.0,-999
114117,AYMARAES,2014,09,09,0.8,24.8,-999
114117,AYMARAES,2014,09,10,-888,30.0,-999
114117,AYMARAES,2014,09,11,0.0,21.0,-999
114117,AYMARAES,2014,09,12,0.0,-999,-999
114117,AYMARAES,2014,09,13,0.0,26.2,-999
114117,AYMARAES,2014,09,14,0.0,29.8,-999
114117,AYMARAES,2014,09,15,-888,29.6,-999
114117,AYMARAES,2014,09,16,3.2,29.2,-999
114117,AYMARAES,2014,09,17,4.2,25.0,-999
114117,AYMARAES,2014,09,18,0.0,24.2,-999
114117,AYMARAES,2014,09,19,0.0,28.6,-999
114117,AYMARAES,2014,09,20,1.3,28.4,-999
114117,AYMARAES,2014,09,21,0.0,27.2,-999
114117,AYMARAES,2014,09,22,0.0,28.2,-999
114117,AYMARAES,2014,09,23,0.0,28.6,-999
114117,AYMARAES,2014,09,24,0.0,26.3,-999
114117,AYMARAES,2014,09,25,0.0,28.2,-999
114117,AYMARAES,2014,09,26,0.0,28.6,-999
114117,AYMARAES,2014,09,27,0.0,24.8,-999
114117,AYMARAES,2014,09,28,0.0,23.6,-999
114117,AYMARAES,2014,09,29,5.4,22.6,-999
114117,AYMARAES,2014,09,30,-888,27.2,-999
114117,AYMARAES,2014,10,01,0.8,26.8,-999
114117,AYMARAES,2014,10,02,0.4,21.8,-999
114117,AYMARAES,2014,10,03,-888,21.0,-999
114117,AYMARAES,2014,10,04,-999,23.2,-999
114117,AYMARAES,2014,10,05,-999,-999,-999
114117,AYMARAES,2014,10,06,2.4,24.8,-999
114117,AYMARAES,2014,10,07,0.0,26.8,-999
114117,AYMARAES,2014,10,08,8.4,27.8,-999
114117,AYMARAES,2014,10,09,0.0,23.0,-999
114117,AYMARAES,2014,10,10,0.0,26.4,-999
114117,AYMARAES,2014,10,11,1.8,27.8,-999
114117,AYMARAES,2014,10,12,23.0,24.0,-999
114117,AYMARAES,2014,10,13,0.0,26.4,-999
114117,AYMARAES,2014,10,14,0.0,27.4,-999
114117,AYMARAES,2014,10,15,0.0,28.8,-999
114117,AYMARAES,2014,10,16,0.0,30.0,-999
114117,AYMARAES,2014,10,17,2.6,29.8,-999
114117,AYMARAES,2014,10,18,-888,30.2,-999
114117,AYMARAES,2014,10,19,-888,25.4,-999
114117,AYMARAES,2014,10,20,10.5,20.2,-999
114117,AYMARAES,2014,10,21,12.0,26.0,-999
114117,AYMARAES,2014,10,22,0.0,26.2,-999
114117,AYMARAES,2014,10,23,0.0,27.2,-999
114117,AYMARAES,2014,10,24,0.0,28.2,-999
114117,AYMARAES,2014,10,25,0.0,29.8,-999
114117,AYMARAES,2014,10,26,0.0,30.4,-999
114117,AYMARAES,2014,10,27,0.0,27.2,-999
114117,AYMARAES,2014,10,28,0.0,26.5,-999
114117,AYMARAES,2014,10,29,0.0,28.0,-999
114117,AYMARAES,2014,10,30,0.0,30.4,-999
114117,AYMARAES,2014,10,31,10.0,29.0,-999
114117,AYMARAES,2014,11,01,0.0,28.2,-999
114117,AYMARAES,2014,11,02,-888,28.2,-999
114117,AYMARAES,2014,11,03,0.0,30.4,-999
114117,AYMARAES,2014,11,04,0.0,30.8,-999
114117,AYMARAES,2014,11,05,-888,30.6,-999
114117,AYMARAES,2014,11,06,-888,30.4,-999
114117,AYMARAES,2014,11,07,0.0,30.9,-999
114117,AYMARAES,2014,11,08,0.0,31.2,-999
114117,AYMARAES,2014,11,09,0.0,30.8,-999
114117,AYMARAES,2014,11,10,0.9,27.4,-999
114117,AYMARAES,2014,11,11,0.0,27.8,-999
114117,AYMARAES,2014,11,12,0.0,31.0,-999
114117,AYMARAES,2014,11,13,0.0,31.4,-999
114117,AYMARAES,2014,11,14,0.0,29.8,-999
114117,AYMARAES,2014,11,15,3.6,24.6,-999
114117,AYMARAES,2014,11,16,9.4,21.8,-999
114117,AYMARAES,2014,11,17,3.6,21.9,-999
114117,AYMARAES,2014,11,18,0.0,27.2,-999
114117,AYMARAES,2014,11,19,0.0,30.0,-999
114117,AYMARAES,2014,11,20,0.0,29.8,-999
114117,AYMARAES,2014,11,21,0.0,30.0,-999
114117,AYMARAES,2014,11,22,0.0,28.9,-999
114117,AYMARAES,2014,11,23,0.0,29.2,-999
114117,AYMARAES,2014,11,24,0.0,31.2,-999
114117,AYMARAES,2014,11,25,0.0,30.4,-999
114117,AYMARAES,2014,11,26,0.0,31.6,-999
114117,AYMARAES,2014,11,27,0.0,30.9,-999
114117,AYMARAES,2014,11,28,0.0,28.8,-999
114117,AYMARAES,2014,11,29,4.6,29.8,-999
114117,AYMARAES,2014,11,30,-888,30.3,-999
114117,AYMARAES,2014,12,01,1.8,25.2,-999
114117,AYMARAES,2014,12,02,0.0,24.8,-999
114117,AYMARAES,2014,12,03,-888,24.8,-999
114117,AYMARAES,2014,12,04,0.8,25.2,-999
114117,AYMARAES,2014,12,05,0.2,28.2,-999
114117,AYMARAES,2014,12,06,12.6,29.9,-999
114117,AYMARAES,2014,12,07,0.0,29.2,-999
114117,AYMARAES,2014,12,08,0.0,30.4,-999
114117,AYMARAES,2014,12,09,0.0,30.0,-999
114117,AYMARAES,2014,12,10,-888,30.2,-999
114117,AYMARAES,2014,12,11,3.4,30.0,-999
114117,AYMARAES,2014,12,12,0.6,28.2,-999
114117,AYMARAES,2014,12,13,-888,29.9,-999
114117,AYMARAES,2014,12,14,6.2,27.2,-999
114117,AYMARAES,2014,12,15,0.0,25.3,-999
114117,AYMARAES,2014,12,16,-888,27.2,-999
114117,AYMARAES,2014,12,17,7.8,28.0,-999
114117,AYMARAES,2014,12,18,0.0,27.4,-999
114117,AYMARAES,2014,12,19,0.0,28.9,-999
114117,AYMARAES,2014,12,20,0.0,28.2,-999
114117,AYMARAES,2014,12,21,0.0,29.8,-999
114117,AYMARAES,2014,12,22,0.0,29.6,-999
114117,AYMARAES,2014,12,23,4.9,26.2,-999
114117,AYMARAES,2014,12,24,8.2,23.2,-999
114117,AYMARAES,2014,12,25,2.2,28.0,-999
114117,AYMARAES,2014,12,26,15.0,26.1,-999
114117,AYMARAES,2014,12,27,-888,25.2,-999
114117,AYMARAES,2014,12,28,13.6,24.8,-999
114117,AYMARAES,2014,12,29,4.0,23.4,-999
114117,AYMARAES,2014,12,30,15.3,25.8,-999
114117,AYMARAES,2014,12,31,-888,24.6,-999
114117,AYMARAES,2015,01,01,0.0,26.4,-999
114117,AYMARAES,2015,01,02,10.8,22.9,-999
114117,AYMARAES,2015,01,03,10.0,25.6,-999
114117,AYMARAES,2015,01,04,2.6,21.4,-999
114117,AYMARAES,2015,01,05,4.4,22.1,-999
114117,AYMARAES,2015,01,06,15.6,24.6,-999
114117,AYMARAES,2015,01,07,0.0,22.7,-999
114117,AYMARAES,2015,01,08,5.6,24.8,-999
114117,AYMARAES,2015,01,09,-888,-999,-999
114117,AYMARAES,2015,01,10,-888,-999,-999
114117,AYMARAES,2015,01,11,-888,26.2,-999
114117,AYMARAES,2015,01,12,0.0,25.1,-999
114117,AYMARAES,2015,01,13,0.0,25.4,-999
114117,AYMARAES,2015,01,14,0.0,27.8,-999
114117,AYMARAES,2015,01,15,0.0,29.8,-999
114117,AYMARAES,2015,01,16,0.0,30.0,-999
114117,AYMARAES,2015,01,17,0.0,28.5,-999
114117,AYMARAES,2015,01,18,0.0,29.4,-999
114117,AYMARAES,2015,01,19,0.0,28.4,-999
114117,AYMARAES,2015,01,20,10.8,24.7,-999
114117,AYMARAES,2015,01,21,22.6,24.2,-999
114117,AYMARAES,2015,01,22,12.4,23.8,-999
114117,AYMARAES,2015,01,23,8.8,26.1,-999
114117,AYMARAES,2015,01,24,14.6,25.6,-999
114117,AYMARAES,2015,01,25,-888,24.2,-999
114117,AYMARAES,2015,01,26,4.6,27.4,-999
114117,AYMARAES,2015,01,27,7.6,24.2,-999
114117,AYMARAES,2015,01,28,11.4,20.1,-999
114117,AYMARAES,2015,01,29,1.4,23.6,-999
114117,AYMARAES,2015,01,30,-888,27.3,-999
114117,AYMARAES,2015,01,31,2.7,23.6,-999
114117,AYMARAES,2015,02,01,36.4,22.1,-999
114117,AYMARAES,2015,02,02,6.2,23.9,-999
114117,AYMARAES,2015,02,03,-888,26.8,-999
114117,AYMARAES,2015,02,04,2.2,26.4,-999
114117,AYMARAES,2015,02,05,0.9,27.0,-999
114117,AYMARAES,2015,02,06,1.7,23.0,-999
114117,AYMARAES,2015,02,07,6.8,22.0,-999
114117,AYMARAES,2015,02,08,11.2,21.6,-999
114117,AYMARAES,2015,02,09,2.3,20.8,-999
114117,AYMARAES,2015,02,10,16.8,23.2,-999
114117,AYMARAES,2015,02,11,0.4,20.0,-999
114117,AYMARAES,2015,02,12,5.6,22.8,-999
114117,AYMARAES,2015,02,13,14.6,20.6,-999
114117,AYMARAES,2015,02,14,11.9,24.6,-999
114117,AYMARAES,2015,02,15,16.0,20.2,-999
114117,AYMARAES,2015,02,16,15.1,22.7,-999
114117,AYMARAES,2015,02,17,11.0,22.9,-999
114117,AYMARAES,2015,02,18,0.0,23.3,-999
114117,AYMARAES,2015,02,19,0.0,24.5,-999
114117,AYMARAES,2015,02,20,0.0,26.0,-999
114117,AYMARAES,2015,02,21,11.2,25.3,-999
114117,AYMARAES,2015,02,22,5.0,24.8,-999
114117,AYMARAES,2015,02,23,12.4,24.4,-999
114117,AYMARAES,2015,02,24,7.8,22.7,-999
114117,AYMARAES,2015,02,25,9.6,24.8,-999
114117,AYMARAES,2015,02,26,12.2,22.5,-999
114117,AYMARAES,2015,02,27,0.0,23.8,-999
114117,AYMARAES,2015,02,28,0.0,25.0,-999
114117,AYMARAES,2015,03,01,0.0,24.8,-999
114117,AYMARAES,2015,03,02,0.0,25.1,-999
114117,AYMARAES,2015,03,03,13.6,26.2,-999
114117,AYMARAES,2015,03,04,0.8,26.0,-999
114117,AYMARAES,2015,03,05,5.4,22.0,-999
114117,AYMARAES,2015,03,06,13.2,20.9,-999
114117,AYMARAES,2015,03,07,0.0,21.2,-999
114117,AYMARAES,2015,03,08,4.3,22.0,-999
114117,AYMARAES,2015,03,09,4.7,22.1,-999
114117,AYMARAES,2015,03,10,31.0,22.5,-999
114117,AYMARAES,2015,03,11,7.5,24.8,-999
114117,AYMARAES,2015,03,12,10.7,23.9,-999
114117,AYMARAES,2015,03,13,0.0,25.1,-999
114117,AYMARAES,2015,03,14,0.8,25.2,-999
114117,AYMARAES,2015,03,15,7.8,25.7,-999
114117,AYMARAES,2015,03,16,6.0,23.4,-999
114117,AYMARAES,2015,03,17,5.3,22.6,-999
114117,AYMARAES,2015,03,18,2.7,21.4,-999
114117,AYMARAES,2015,03,19,12.2,20.0,-999
114117,AYMARAES,2015,03,20,3.4,25.4,-999
114117,AYMARAES,2015,03,21,2.1,23.0,-999
114117,AYMARAES,2015,03,22,23.4,22.5,-999
114117,AYMARAES,2015,03,23,3.0,24.1,-999
114117,AYMARAES,2015,03,24,1.2,24.0,-999
114117,AYMARAES,2015,03,25,0.8,23.2,-999
114117,AYMARAES,2015,03,26,0.0,24.5,-999
114117,AYMARAES,2015,03,27,0.0,24.7,-999
114117,AYMARAES,2015,03,28,2.0,25.0,-999
114117,AYMARAES,2015,03,29,9.4,25.6,-999
114117,AYMARAES,2015,03,30,0.0,25.8,-999
114117,AYMARAES,2015,03,31,0.0,24.9,-999
114117,AYMARAES,2015,04,01,0.7,23.0,-999
114117,AYMARAES,2015,04,02,2.1,-999,-999
114117,AYMARAES,2015,04,03,1.9,23.8,-999
114117,AYMARAES,2015,04,04,2.0,23.9,-999
114117,AYMARAES,2015,04,05,0.0,23.4,-999
114117,AYMARAES,2015,04,06,3.8,20.3,-999
114117,AYMARAES,2015,04,07,2.4,21.9,-999
114117,AYMARAES,2015,04,08,4.3,21.7,-999
114117,AYMARAES,2015,04,09,0.9,18.0,-999
114117,AYMARAES,2015,04,10,4.8,20.8,-999
114117,AYMARAES,2015,04,11,-888,21.8,-999
114117,AYMARAES,2015,04,12,2.1,24.0,-999
114117,AYMARAES,2015,04,13,5.5,22.6,-999
114117,AYMARAES,2015,04,14,0.0,23.8,-999
114117,AYMARAES,2015,04,15,0.0,24.8,-999
114117,AYMARAES,2015,04,16,0.0,24.5,-999
114117,AYMARAES,2015,04,17,0.0,24.5,-999
114117,AYMARAES,2015,04,18,0.0,27.5,-999
114117,AYMARAES,2015,04,19,0.0,24.8,-999
114117,AYMARAES,2015,04,20,0.0,24.9,-999
114117,AYMARAES,2015,04,21,4.8,20.8,-999
114117,AYMARAES,2015,04,22,0.6,21.0,-999
114117,AYMARAES,2015,04,23,1.7,22.2,-999
114117,AYMARAES,2015,04,24,4.8,22.8,-999
114117,AYMARAES,2015,04,25,0.0,22.1,-999
114117,AYMARAES,2015,04,26,0.0,23.1,-999
114117,AYMARAES,2015,04,27,0.7,22.9,-999
114117,AYMARAES,2015,04,28,-888,22.8,-999
114117,AYMARAES,2015,04,29,0.5,23.7,-999
114117,AYMARAES,2015,04,30,0.6,24.5,-999
114117,AYMARAES,2015,05,01,6.1,23.5,-999
114117,AYMARAES,2015,05,02,0.0,24.1,-999
114117,AYMARAES,2015,05,03,0.0,25.1,-999
114117,AYMARAES,2015,05,04,-888,27.4,-999
114117,AYMARAES,2015,05,05,0.0,24.0,-999
114117,AYMARAES,2015,05,06,0.0,25.4,-999
114117,AYMARAES,2015,05,07,0.0,22.3,-999
114117,AYMARAES,2015,05,08,1.2,25.2,-999
114117,AYMARAES,2015,05,09,0.0,25.6,-999
114117,AYMARAES,2015,05,10,0.0,26.1,-999
114117,AYMARAES,2015,05,11,8.6,24.0,-999
114117,AYMARAES,2015,05,12,9.3,23.4,-999
114117,AYMARAES,2015,05,13,0.8,24.2,-999
114117,AYMARAES,2015,05,14,0.0,24.6,-999
114117,AYMARAES,2015,05,15,0.0,22.4,-999
114117,AYMARAES,2015,05,16,0.0,18.3,-999
114117,AYMARAES,2015,05,17,0.0,23.5,-999
114117,AYMARAES,2015,05,18,-888,25.0,-999
114117,AYMARAES,2015,05,19,0.8,22.7,-999
114117,AYMARAES,2015,05,20,0.0,23.2,-999
114117,AYMARAES,2015,05,21,0.0,24.0,-999
114117,AYMARAES,2015,05,22,0.0,24.5,-999
114117,AYMARAES,2015,05,23,0.0,25.6,-999
114117,AYMARAES,2015,05,24,0.0,25.4,-999
114117,AYMARAES,2015,05,25,-888,21.2,-999
114117,AYMARAES,2015,05,26,0.6,21.8,-999
114117,AYMARAES,2015,05,27,0.0,24.1,-999
114117,AYMARAES,2015,05,28,0.0,25.1,-999
114117,AYMARAES,2015,05,29,0.0,26.0,-999
114117,AYMARAES,2015,05,30,0.0,26.1,-999
114117,AYMARAES,2015,05,31,5.7,22.9,-999
114117,AYMARAES,2015,06,01,0.0,23.2,-999
114117,AYMARAES,2015,06,02,0.0,21.9,-999
114117,AYMARAES,2015,06,03,0.0,23.0,-999
114117,AYMARAES,2015,06,04,-888,22.1,-999
114117,AYMARAES,2015,06,05,0.0,22.9,-999
114117,AYMARAES,2015,06,06,0.0,28.2,-999
114117,AYMARAES,2015,06,07,0.0,27.8,-999
114117,AYMARAES,2015,06,08,0.0,28.2,-999
114117,AYMARAES,2015,06,09,0.0,24.8,-999
114117,AYMARAES,2015,06,10,0.0,24.4,-999
114117,AYMARAES,2015,06,11,0.0,24.8,-999
114117,AYMARAES,2015,06,12,0.0,24.0,-999
114117,AYMARAES,2015,06,13,0.0,28.2,-999
114117,AYMARAES,2015,06,14,0.0,27.2,-999
114117,AYMARAES,2015,06,15,0.0,25.2,-999
114117,AYMARAES,2015,06,16,0.0,25.0,-999
114117,AYMARAES,2015,06,17,0.0,25.0,-999
114117,AYMARAES,2015,06,18,0.0,22.9,-999
114117,AYMARAES,2015,06,19,0.0,26.2,-999
114117,AYMARAES,2015,06,20,2.2,24.2,-999
114117,AYMARAES,2015,06,21,0.0,25.1,-999
114117,AYMARAES,2015,06,22,0.0,24.7,-999
114117,AYMARAES,2015,06,23,0.0,25.6,-999
114117,AYMARAES,2015,06,24,0.0,25.4,-999
114117,AYMARAES,2015,06,25,0.0,26.2,-999
114117,AYMARAES,2015,06,26,0.0,24.3,-999
114117,AYMARAES,2015,06,27,0.0,25.2,-999
114117,AYMARAES,2015,06,28,0.0,23.5,-999
114117,AYMARAES,2015,06,29,0.0,24.2,-999
114117,AYMARAES,2015,06,30,0.0,26.8,-999
114117,AYMARAES,2015,07,01,0.0,26.7,-999
114117,AYMARAES,2015,07,02,-888,24.1,-999
114117,AYMARAES,2015,07,03,19.4,23.2,-999
114117,AYMARAES,2015,07,04,0.0,22.1,-999
114117,AYMARAES,2015,07,05,0.0,22.4,-999
114117,AYMARAES,2015,07,06,0.0,26.2,-999
114117,AYMARAES,2015,07,07,0.0,25.0,-999
114117,AYMARAES,2015,07,08,0.0,25.2,-999
114117,AYMARAES,2015,07,09,0.0,26.8,-999
114117,AYMARAES,2015,07,10,0.0,28.1,-999
114117,AYMARAES,2015,07,11,0.0,27.2,-999
114117,AYMARAES,2015,07,12,0.0,27.0,-999
114117,AYMARAES,2015,07,13,0.0,27.2,-999
114117,AYMARAES,2015,07,14,0.0,27.2,-999
114117,AYMARAES,2015,07,15,0.0,24.2,-999
114117,AYMARAES,2015,07,16,0.0,24.0,-999
114117,AYMARAES,2015,07,17,0.0,25.6,-999
114117,AYMARAES,2015,07,18,0.0,26.8,-999
114117,AYMARAES,2015,07,19,0.0,26.8,-999
114117,AYMARAES,2015,07,20,0.0,27.4,-999
114117,AYMARAES,2015,07,21,0.0,28.0,-999
114117,AYMARAES,2015,07,22,0.0,25.2,-999
114117,AYMARAES,2015,07,23,0.0,27.2,-999
114117,AYMARAES,2015,07,24,0.0,24.8,-999
114117,AYMARAES,2015,07,25,0.0,25.9,-999
114117,AYMARAES,2015,07,26,0.0,26.4,-999
114117,AYMARAES,2015,07,27,0.0,28.0,-999
114117,AYMARAES,2015,07,28,0.0,27.8,-999
114117,AYMARAES,2015,07,29,0.0,27.9,-999
114117,AYMARAES,2015,07,30,0.0,28.1,-999
114117,AYMARAES,2015,07,31,0.0,25.2,-999
114117,AYMARAES,2015,08,01,0.0,26.2,-999
114117,AYMARAES,2015,08,02,0.0,27.8,-999
114117,AYMARAES,2015,08,03,0.0,27.4,-999
114117,AYMARAES,2015,08,04,0.0,27.3,-999
114117,AYMARAES,2015,08,05,0.0,27.6,-999
114117,AYMARAES,2015,08,06,0.0,28.4,-999
114117,AYMARAES,2015,08,07,0.0,28.4,-999
114117,AYMARAES,2015,08,08,-888,25.2,-999
114117,AYMARAES,2015,08,09,0.0,25.8,-999
114117,AYMARAES,2015,08,10,-888,26.3,-999
114117,AYMARAES,2015,08,11,18.2,20.6,-999
114117,AYMARAES,2015,08,12,10.4,19.2,-999
114117,AYMARAES,2015,08,13,2.1,18.6,-999
114117,AYMARAES,2015,08,14,0.0,26.2,-999
114117,AYMARAES,2015,08,15,0.0,26.2,-999
114117,AYMARAES,2015,08,16,4.6,24.6,-999
114117,AYMARAES,2015,08,17,1.8,22.2,-999
114117,AYMARAES,2015,08,18,0.0,23.1,-999
114117,AYMARAES,2015,08,19,0.0,23.9,-999
114117,AYMARAES,2015,08,20,0.0,24.3,-999
114117,AYMARAES,2015,08,21,0.0,22.1,-999
114117,AYMARAES,2015,08,22,-888,27.2,-999
114117,AYMARAES,2015,08,23,0.0,25.4,-999
114117,AYMARAES,2015,08,24,-888,25.2,-999
114117,AYMARAES,2015,08,25,0.0,28.2,-999
114117,AYMARAES,2015,08,26,0.0,28.5,-999
114117,AYMARAES,2015,08,27,0.0,28.7,-999
114117,AYMARAES,2015,08,28,0.0,28.2,-999
114117,AYMARAES,2015,08,29,0.0,28.6,-999
114117,AYMARAES,2015,08,30,0.0,28.8,-999
114117,AYMARAES,2015,08,31,0.0,27.6,-999
114117,AYMARAES,2015,09,01,0.6,20.2,-999
114117,AYMARAES,2015,09,02,0.0,23.8,-999
114117,AYMARAES,2015,09,03,0.0,22.4,-999
114117,AYMARAES,2015,09,04,-888,18.9,-999
114117,AYMARAES,2015,09,05,0.0,21.3,-999
114117,AYMARAES,2015,09,06,0.0,28.4,-999
114117,AYMARAES,2015,09,07,0.0,27.8,-999
114117,AYMARAES,2015,09,08,0.0,28.2,-999
114117,AYMARAES,2015,09,09,0.0,28.8,-999
114117,AYMARAES,2015,09,10,0.0,28.2,-999
114117,AYMARAES,2015,09,11,0.0,27.4,-999
114117,AYMARAES,2015,09,12,0.0,28.1,-999
114117,AYMARAES,2015,09,13,0.0,30.2,-999
114117,AYMARAES,2015,09,14,0.0,28.2,-999
114117,AYMARAES,2015,09,15,1.5,28.0,-999
114117,AYMARAES,2015,09,16,0.0,28.4,-999
114117,AYMARAES,2015,09,17,0.0,29.1,-999
114117,AYMARAES,2015,09,18,-888,24.2,-999
114117,AYMARAES,2015,09,19,5.4,23.4,-999
114117,AYMARAES,2015,09,20,0.0,30.0,-999
114117,AYMARAES,2015,09,21,-888,27.5,-999
114117,AYMARAES,2015,09,22,-888,29.8,-999
114117,AYMARAES,2015,09,23,-888,25.2,-999
114117,AYMARAES,2015,09,24,0.0,24.2,-999
114117,AYMARAES,2015,09,25,0.0,27.2,-999
114117,AYMARAES,2015,09,26,0.0,27.4,-999
114117,AYMARAES,2015,09,27,0.0,29.8,-999
114117,AYMARAES,2015,09,28,0.0,30.0,-999
114117,AYMARAES,2015,09,29,0.0,29.8,-999
114117,AYMARAES,2015,09,30,0.0,28.9,-999
114117,AYMARAES,2015,10,01,0.2,26.2,-999
114117,AYMARAES,2015,10,02,2.1,28.2,-999
114117,AYMARAES,2015,10,03,0.0,25.7,-999
114117,AYMARAES,2015,10,04,0.0,27.8,-999
114117,AYMARAES,2015,10,05,0.0,26.8,-999
114117,AYMARAES,2015,10,06,0.0,29.8,-999
114117,AYMARAES,2015,10,07,0.0,30.1,-999
114117,AYMARAES,2015,10,08,0.0,30.4,-999
114117,AYMARAES,2015,10,09,0.0,30.8,-999
114117,AYMARAES,2015,10,10,0.0,31.2,-999
114117,AYMARAES,2015,10,11,0.0,29.0,-999
114117,AYMARAES,2015,10,12,0.0,30.0,-999
114117,AYMARAES,2015,10,13,0.0,30.8,-999
114117,AYMARAES,2015,10,14,0.0,28.8,-999
114117,AYMARAES,2015,10,15,-888,25.1,-999
114117,AYMARAES,2015,10,16,0.0,24.2,-999
114117,AYMARAES,2015,10,17,2.6,23.5,-999
114117,AYMARAES,2015,10,18,0.0,24.4,-999
114117,AYMARAES,2015,10,19,0.0,25.9,-999
114117,AYMARAES,2015,10,20,1.9,26.4,-999
114117,AYMARAES,2015,10,21,0.0,26.2,-999
114117,AYMARAES,2015,10,22,9.4,24.9,-999
114117,AYMARAES,2015,10,23,0.0,26.3,-999
114117,AYMARAES,2015,10,24,0.0,23.9,-999
114117,AYMARAES,2015,10,25,0.7,21.5,-999
114117,AYMARAES,2015,10,26,1.6,23.2,-999
114117,AYMARAES,2015,10,27,0.0,24.1,-999
114117,AYMARAES,2015,10,28,0.0,24.3,-999
114117,AYMARAES,2015,10,29,0.0,27.8,-999
114117,AYMARAES,2015,10,30,0.0,26.8,-999
114117,AYMARAES,2015,10,31,0.0,28.4,-999
114117,AYMARAES,2015,11,01,0.0,-999,-999
114117,AYMARAES,2015,11,02,0.0,29.8,-999
114117,AYMARAES,2015,11,03,0.0,28.2,-999
114117,AYMARAES,2015,11,04,0.0,29.8,-999
114117,AYMARAES,2015,11,05,0.0,28.7,-999
114117,AYMARAES,2015,11,06,0.0,29.8,-999
114117,AYMARAES,2015,11,07,0.0,30.0,-999
114117,AYMARAES,2015,11,08,0.0,-999,-999
114117,AYMARAES,2015,11,09,2.1,-999,-999
114117,AYMARAES,2015,11,10,1.4,18.1,-999
114117,AYMARAES,2015,11,11,0.0,26.3,-999
114117,AYMARAES,2015,11,12,5.2,25.2,-999
114117,AYMARAES,2015,11,13,3.6,25.1,-999
114117,AYMARAES,2015,11,14,0.0,24.2,-999
114117,AYMARAES,2015,11,15,-888,29.8,-999
114117,AYMARAES,2015,11,16,0.0,30.0,-999
114117,AYMARAES,2015,11,17,0.0,30.2,-999
114117,AYMARAES,2015,11,18,0.0,30.4,-999
114117,AYMARAES,2015,11,19,0.0,30.5,-999
114117,AYMARAES,2015,11,20,-888,30.8,-999
114117,AYMARAES,2015,11,21,0.0,29.8,-999
114117,AYMARAES,2015,11,22,0.6,29.4,-999
114117,AYMARAES,2015,11,23,0.0,26.7,-999
114117,AYMARAES,2015,11,24,0.0,27.9,-999
114117,AYMARAES,2015,11,25,-888,24.0,-999
114117,AYMARAES,2015,11,26,0.0,26.2,-999
114117,AYMARAES,2015,11,27,0.0,29.8,-999
114117,AYMARAES,2015,11,28,0.0,28.6,-999
114117,AYMARAES,2015,11,29,0.0,29.6,-999
114117,AYMARAES,2015,11,30,0.0,25.1,-999
114117,AYMARAES,2015,12,01,0.8,26.2,-999
114117,AYMARAES,2015,12,02,0.0,25.0,-999
114117,AYMARAES,2015,12,03,0.0,27.6,-999
114117,AYMARAES,2015,12,04,0.0,30.0,-999
114117,AYMARAES,2015,12,05,0.0,30.6,-999
114117,AYMARAES,2015,12,06,0.0,30.8,-999
114117,AYMARAES,2015,12,07,5.8,29.9,-999
114117,AYMARAES,2015,12,08,3.4,29.4,-999
114117,AYMARAES,2015,12,09,0.9,28.8,-999
114117,AYMARAES,2015,12,10,-888,29.2,-999
114117,AYMARAES,2015,12,11,6.4,30.0,-999
114117,AYMARAES,2015,12,12,1.4,29.9,-999
114117,AYMARAES,2015,12,13,0.0,31.6,-999
114117,AYMARAES,2015,12,14,0.0,32.1,-999
114117,AYMARAES,2015,12,15,-888,29.6,-999
114117,AYMARAES,2015,12,16,-888,25.6,-999
114117,AYMARAES,2015,12,17,2.1,27.6,-999
114117,AYMARAES,2015,12,18,3.2,20.0,-999
114117,AYMARAES,2015,12,19,3.6,24.2,-999
114117,AYMARAES,2015,12,20,10.5,24.9,-999
114117,AYMARAES,2015,12,21,9.3,25.2,-999
114117,AYMARAES,2015,12,22,8.2,24.3,-999
114117,AYMARAES,2015,12,23,0.9,24.3,-999
114117,AYMARAES,2015,12,24,8.8,24.1,-999
114117,AYMARAES,2015,12,25,0.0,28.2,-999
114117,AYMARAES,2015,12,26,20.7,25.3,-999
114117,AYMARAES,2015,12,27,-888,28.4,-999
114117,AYMARAES,2015,12,28,0.0,30.0,-999
114117,AYMARAES,2015,12,29,0.0,29.9,-999
114117,AYMARAES,2015,12,30,0.0,29.8,-999
114117,AYMARAES,2015,12,31,0.0,30.0,-999
114117,AYMARAES,2016,01,01,0.0,30.4,-999
114117,AYMARAES,2016,01,02,0.0,30.1,-999
114117,AYMARAES,2016,01,03,0.0,29.9,-999
114117,AYMARAES,2016,01,04,0.0,30.0,-999
114117,AYMARAES,2016,01,05,4.6,28.6,-999
114117,AYMARAES,2016,01,06,-888,27.6,-999
114117,AYMARAES,2016,01,07,-888,30.0,-999
114117,AYMARAES,2016,01,08,0.0,29.8,-999
114117,AYMARAES,2016,01,09,0.0,29.6,-999
114117,AYMARAES,2016,01,10,0.0,30.4,-999
114117,AYMARAES,2016,01,11,0.0,29.6,-999
114117,AYMARAES,2016,01,12,0.0,28.2,-999
114117,AYMARAES,2016,01,13,0.0,28.5,-999
114117,AYMARAES,2016,01,14,0.0,30.2,-999
114117,AYMARAES,2016,01,15,0.0,29.6,-999
114117,AYMARAES,2016,01,16,0.0,30.4,-999
114117,AYMARAES,2016,01,17,0.0,31.4,-999
114117,AYMARAES,2016,01,18,0.0,29.8,-999
114117,AYMARAES,2016,01,19,-888,28.1,-999
114117,AYMARAES,2016,01,20,-888,27.3,-999
114117,AYMARAES,2016,01,21,11.4,26.9,-999
114117,AYMARAES,2016,01,22,0.0,26.9,-999
114117,AYMARAES,2016,01,23,-888,28.2,-999
114117,AYMARAES,2016,01,24,-888,30.4,-999
114117,AYMARAES,2016,01,25,-888,29.6,-999
114117,AYMARAES,2016,01,26,10.6,29.9,-999
114117,AYMARAES,2016,01,27,0.0,28.5,-999
114117,AYMARAES,2016,01,28,0.8,29.2,-999
114117,AYMARAES,2016,01,29,0.7,24.0,-999
114117,AYMARAES,2016,01,30,0.0,29.3,-999
114117,AYMARAES,2016,01,31,31.8,30.4,-999
114117,AYMARAES,2016,02,01,11.2,23.6,-999
114117,AYMARAES,2016,02,02,2.6,24.2,-999
114117,AYMARAES,2016,02,03,4.6,25.1,-999
114117,AYMARAES,2016,02,04,0.0,30.2,-999
114117,AYMARAES,2016,02,05,0.0,28.3,-999
114117,AYMARAES,2016,02,06,2.4,25.2,-999
114117,AYMARAES,2016,02,07,6.2,28.6,-999
114117,AYMARAES,2016,02,08,1.1,23.0,-999
114117,AYMARAES,2016,02,09,10.8,24.4,-999
114117,AYMARAES,2016,02,10,4.3,22.3,-999
114117,AYMARAES,2016,02,11,23.2,24.6,-999
114117,AYMARAES,2016,02,12,-888,26.1,-999
114117,AYMARAES,2016,02,13,0.0,27.2,-999
114117,AYMARAES,2016,02,14,6.4,29.6,-999
114117,AYMARAES,2016,02,15,0.0,25.6,-999
114117,AYMARAES,2016,02,16,5.6,26.1,-999
114117,AYMARAES,2016,02,17,3.8,24.3,-999
114117,AYMARAES,2016,02,18,6.1,21.5,-999
114117,AYMARAES,2016,02,19,4.2,26.4,-999
114117,AYMARAES,2016,02,20,15.8,21.8,-999
114117,AYMARAES,2016,02,21,14.6,25.6,-999
114117,AYMARAES,2016,02,22,10.8,25.7,-999
114117,AYMARAES,2016,02,23,3.5,24.3,-999
114117,AYMARAES,2016,02,24,8.6,26.2,-999
114117,AYMARAES,2016,02,25,-888,27.2,-999
114117,AYMARAES,2016,02,26,0.5,21.4,-999
114117,AYMARAES,2016,02,27,3.2,27.6,-999
114117,AYMARAES,2016,02,28,0.0,28.3,-999
114117,AYMARAES,2016,02,29,0.0,29.2,-999
114117,AYMARAES,2016,03,01,0.0,29.4,-999
114117,AYMARAES,2016,03,02,0.0,29.2,-999
114117,AYMARAES,2016,03,03,0.0,30.4,-999
114117,AYMARAES,2016,03,04,0.0,29.6,-999
114117,AYMARAES,2016,03,05,0.0,29.8,-999
114117,AYMARAES,2016,03,06,0.0,30.0,-999
114117,AYMARAES,2016,03,07,0.8,26.2,-999
114117,AYMARAES,2016,03,08,11.9,27.2,-999
114117,AYMARAES,2016,03,09,-888,26.3,-999
114117,AYMARAES,2016,03,10,-888,23.4,-999
114117,AYMARAES,2016,03,11,0.0,28.2,-999
114117,AYMARAES,2016,03,12,-888,23.1,-999
114117,AYMARAES,2016,03,13,-888,26.4,-999
114117,AYMARAES,2016,03,14,0.0,24.4,-999
114117,AYMARAES,2016,03,15,0.0,25.2,-999
114117,AYMARAES,2016,03,16,0.0,26.3,-999
114117,AYMARAES,2016,03,17,-888,28.2,-999
114117,AYMARAES,2016,03,18,0.0,28.6,-999
114117,AYMARAES,2016,03,19,0.4,24.6,-999
114117,AYMARAES,2016,03,20,18.6,26.5,-999
114117,AYMARAES,2016,03,21,-888,25.6,-999
114117,AYMARAES,2016,03,22,0.0,26.4,-999
114117,AYMARAES,2016,03,23,-888,27.2,-999
114117,AYMARAES,2016,03,24,0.0,28.6,-999
114117,AYMARAES,2016,03,25,0.0,29.2,-999
114117,AYMARAES,2016,03,26,0.0,28.6,-999
114117,AYMARAES,2016,03,27,0.0,30.0,-999
114117,AYMARAES,2016,03,28,0.0,29.8,-999
114117,AYMARAES,2016,03,29,0.0,30.2,-999
114117,AYMARAES,2016,03,30,0.0,30.0,-999
114117,AYMARAES,2016,03,31,-888,29.4,-999
114117,AYMARAES,2016,04,01,0.0,29.6,-999
114117,AYMARAES,2016,04,02,9.6,28.2,-999
114117,AYMARAES,2016,04,03,0.0,27.2,-999
114117,AYMARAES,2016,04,04,0.0,26.4,-999
114117,AYMARAES,2016,04,05,-888,28.0,-999
114117,AYMARAES,2016,04,06,0.0,21.5,-999
114117,AYMARAES,2016,04,07,9.1,25.5,-999
114117,AYMARAES,2016,04,08,0.0,24.2,-999
114117,AYMARAES,2016,04,09,5.6,24.6,-999
114117,AYMARAES,2016,04,10,6.6,25.0,-999
114117,AYMARAES,2016,04,11,0.0,24.8,-999
114117,AYMARAES,2016,04,12,0.0,24.8,-999
114117,AYMARAES,2016,04,13,0.0,28.1,-999
114117,AYMARAES,2016,04,14,0.0,30.0,-999
114117,AYMARAES,2016,04,15,-888,23.2,-999
114117,AYMARAES,2016,04,16,4.2,23.6,-999
114117,AYMARAES,2016,04,17,-888,19.4,-999
114117,AYMARAES,2016,04,18,0.2,24.6,-999
114117,AYMARAES,2016,04,19,8.6,22.6,-999
114117,AYMARAES,2016,04,20,0.0,26.8,-999
114117,AYMARAES,2016,04,21,0.0,25.2,-999
114117,AYMARAES,2016,04,22,-888,24.8,-999
114117,AYMARAES,2016,04,23,0.0,26.6,-999
114117,AYMARAES,2016,04,24,0.0,29.2,-999
114117,AYMARAES,2016,04,25,0.0,29.8,-999
114117,AYMARAES,2016,04,26,0.0,29.6,-999
114117,AYMARAES,2016,04,27,0.0,30.0,-999
114117,AYMARAES,2016,04,28,0.0,30.2,-999
114117,AYMARAES,2016,04,29,0.0,29.6,-999
114117,AYMARAES,2016,04,30,0.0,28.6,-999
114117,AYMARAES,2016,05,01,0.0,29.8,-999
114117,AYMARAES,2016,05,02,4.6,27.2,-999
114117,AYMARAES,2016,05,03,0.0,26.6,-999
114117,AYMARAES,2016,05,04,0.0,28.6,-999
114117,AYMARAES,2016,05,05,0.0,28.9,-999
114117,AYMARAES,2016,05,06,0.0,30.0,-999
114117,AYMARAES,2016,05,07,0.0,30.2,-999
114117,AYMARAES,2016,05,08,0.0,27.2,-999
114117,AYMARAES,2016,05,09,0.0,28.2,-999
114117,AYMARAES,2016,05,10,0.0,29.6,-999
114117,AYMARAES,2016,05,11,0.0,28.1,-999
114117,AYMARAES,2016,05,12,0.0,26.5,-999
114117,AYMARAES,2016,05,13,0.0,25.6,-999
114117,AYMARAES,2016,05,14,-888,27.2,-999
114117,AYMARAES,2016,05,15,0.0,28.6,-999
114117,AYMARAES,2016,05,16,0.0,24.2,-999
114117,AYMARAES,2016,05,17,0.0,26.4,-999
114117,AYMARAES,2016,05,18,0.0,28.1,-999
114117,AYMARAES,2016,05,19,0.0,29.3,-999
114117,AYMARAES,2016,05,20,0.0,29.6,-999
114117,AYMARAES,2016,05,21,0.0,29.8,-999
114117,AYMARAES,2016,05,22,5.4,30.0,-999
114117,AYMARAES,2016,05,23,0.0,25.8,-999
114117,AYMARAES,2016,05,24,2.8,24.9,-999
114117,AYMARAES,2016,05,25,0.0,25.0,-999
114117,AYMARAES,2016,05,26,0.0,29.2,-999
114117,AYMARAES,2016,05,27,0.0,28.5,-999
114117,AYMARAES,2016,05,28,0.0,28.3,-999
114117,AYMARAES,2016,05,29,0.0,30.0,-999
114117,AYMARAES,2016,05,30,0.0,29.6,-999
114117,AYMARAES,2016,05,31,0.0,30.0,-999
114117,AYMARAES,2016,06,01,0.0,29.4,-999
114117,AYMARAES,2016,06,02,0.0,29.6,-999
114117,AYMARAES,2016,06,03,0.0,30.2,-999
114117,AYMARAES,2016,06,04,0.0,30.0,-999
114117,AYMARAES,2016,06,05,0.0,30.2,-999
114117,AYMARAES,2016,06,06,0.0,29.6,-999
114117,AYMARAES,2016,06,07,0.0,30.0,-999
114117,AYMARAES,2016,06,08,0.0,29.8,-999
114117,AYMARAES,2016,06,09,0.0,28.2,-999
114117,AYMARAES,2016,06,10,0.0,27.2,-999
114117,AYMARAES,2016,06,11,0.0,27.2,-999
114117,AYMARAES,2016,06,12,0.0,27.4,-999
114117,AYMARAES,2016,06,13,0.0,28.6,-999
114117,AYMARAES,2016,06,14,0.0,29.2,-999
114117,AYMARAES,2016,06,15,0.0,30.0,-999
114117,AYMARAES,2016,06,16,0.0,28.6,-999
114117,AYMARAES,2016,06,17,0.0,30.2,-999
114117,AYMARAES,2016,06,18,0.0,29.8,-999
114117,AYMARAES,2016,06,19,0.0,30.4,-999
114117,AYMARAES,2016,06,20,0.0,30.2,-999
114117,AYMARAES,2016,06,21,0.0,30.0,-999
114117,AYMARAES,2016,06,22,0.0,30.2,-999
114117,AYMARAES,2016,06,23,0.0,29.8,-999
114117,AYMARAES,2016,06,24,0.0,29.6,-999
114117,AYMARAES,2016,06,25,0.0,29.4,-999
114117,AYMARAES,2016,06,26,-888,28.9,-999
114117,AYMARAES,2016,06,27,8.2,23.1,-999
114117,AYMARAES,2016,06,28,0.3,19.4,-999
114117,AYMARAES,2016,06,29,0.0,24.8,-999
114117,AYMARAES,2016,06,30,0.0,28.2,-999
114117,AYMARAES,2016,07,01,0.0,26.8,-999
114117,AYMARAES,2016,07,02,0.0,24.6,-999
114117,AYMARAES,2016,07,03,0.0,25.2,-999
114117,AYMARAES,2016,07,04,0.0,25.0,-999
114117,AYMARAES,2016,07,05,0.0,28.2,-999
114117,AYMARAES,2016,07,06,12.2,21.2,-999
114117,AYMARAES,2016,07,07,2.5,19.2,-999
114117,AYMARAES,2016,07,08,0.0,21.9,-999
114117,AYMARAES,2016,07,09,0.0,23.6,-999
114117,AYMARAES,2016,07,10,0.0,29.4,-999
114117,AYMARAES,2016,07,11,0.0,29.6,-999
114117,AYMARAES,2016,07,12,0.0,29.5,-999
114117,AYMARAES,2016,07,13,0.0,29.2,-999
114117,AYMARAES,2016,07,14,0.0,28.9,-999
114117,AYMARAES,2016,07,15,0.0,30.0,-999
114117,AYMARAES,2016,07,16,0.0,29.8,-999
114117,AYMARAES,2016,07,17,0.0,29.2,-999
114117,AYMARAES,2016,07,18,0.0,29.0,-999
114117,AYMARAES,2016,07,19,0.0,29.8,-999
114117,AYMARAES,2016,07,20,0.0,29.6,-999
114117,AYMARAES,2016,07,21,0.0,30.0,-999
114117,AYMARAES,2016,07,22,0.0,29.8,-999
114117,AYMARAES,2016,07,23,0.0,28.8,-999
114117,AYMARAES,2016,07,24,0.0,29.2,-999
114117,AYMARAES,2016,07,25,0.0,30.0,-999
114117,AYMARAES,2016,07,26,0.0,28.2,-999
114117,AYMARAES,2016,07,27,0.0,28.0,-999
114117,AYMARAES,2016,07,28,0.0,27.0,-999
114117,AYMARAES,2016,07,29,0.0,27.5,-999
114117,AYMARAES,2016,07,30,0.0,28.8,-999
114117,AYMARAES,2016,07,31,0.0,29.4,-999
114117,AYMARAES,2016,08,01,0.0,29.8,-999
114117,AYMARAES,2016,08,02,0.0,29.5,-999
114117,AYMARAES,2016,08,03,0.0,29.6,-999
114117,AYMARAES,2016,08,04,0.0,28.6,-999
114117,AYMARAES,2016,08,05,0.0,27.8,-999
114117,AYMARAES,2016,08,06,0.0,27.2,-999
114117,AYMARAES,2016,08,07,0.0,28.0,-999
114117,AYMARAES,2016,08,08,0.0,26.6,-999
114117,AYMARAES,2016,08,09,2.4,24.1,-999
114117,AYMARAES,2016,08,10,0.0,24.8,-999
114117,AYMARAES,2016,08,11,0.0,26.2,-999
114117,AYMARAES,2016,08,12,0.0,28.1,-999
114117,AYMARAES,2016,08,13,0.0,25.7,-999
114117,AYMARAES,2016,08,14,0.0,28.2,-999
114117,AYMARAES,2016,08,15,0.0,28.4,-999
114117,AYMARAES,2016,08,16,0.0,27.6,-999
114117,AYMARAES,2016,08,17,-888,26.2,-999
114117,AYMARAES,2016,08,18,0.0,26.7,-999
114117,AYMARAES,2016,08,19,0.0,27.2,-999
114117,AYMARAES,2016,08,20,0.0,26.8,-999
114117,AYMARAES,2016,08,21,0.0,27.4,-999
114117,AYMARAES,2016,08,22,0.0,26.9,-999
114117,AYMARAES,2016,08,23,0.0,28.2,-999
114117,AYMARAES,2016,08,24,0.0,27.2,-999
114117,AYMARAES,2016,08,25,2.1,28.2,-999
114117,AYMARAES,2016,08,26,2.2,26.2,-999
114117,AYMARAES,2016,08,27,0.0,27.6,-999
114117,AYMARAES,2016,08,28,0.0,26.8,-999
114117,AYMARAES,2016,08,29,0.0,27.2,-999
114117,AYMARAES,2016,08,30,0.0,27.6,-999
114117,AYMARAES,2016,08,31,-999,28.0,-999
114117,AYMARAES,2016,09,01,-999,27.3,-999
114117,AYMARAES,2016,09,02,0.0,28.0,-999
114117,AYMARAES,2016,09,03,0.0,27.5,-999
114117,AYMARAES,2016,09,04,0.0,28.0,-999
114117,AYMARAES,2016,09,05,0.0,28.3,-999
114117,AYMARAES,2016,09,06,0.0,28.4,-999
114117,AYMARAES,2016,09,07,0.0,30.0,-999
114117,AYMARAES,2016,09,08,0.0,29.4,-999
114117,AYMARAES,2016,09,09,0.0,28.6,-999
114117,AYMARAES,2016,09,10,0.0,28.6,-999
114117,AYMARAES,2016,09,11,0.0,29.2,-999
114117,AYMARAES,2016,09,12,0.0,29.6,-999
114117,AYMARAES,2016,09,13,0.0,29.7,-999
114117,AYMARAES,2016,09,14,0.0,30.2,-999
114117,AYMARAES,2016,09,15,2.4,25.4,-999
114117,AYMARAES,2016,09,16,2.4,24.6,-999
114117,AYMARAES,2016,09,17,8.8,29.8,-999
114117,AYMARAES,2016,09,18,0.0,29.6,-999
114117,AYMARAES,2016,09,19,0.0,28.2,-999
114117,AYMARAES,2016,09,20,0.0,29.3,-999
114117,AYMARAES,2016,09,21,0.0,29.5,-999
114117,AYMARAES,2016,09,22,0.0,28.0,-999
114117,AYMARAES,2016,09,23,0.0,24.6,-999
114117,AYMARAES,2016,09,24,0.0,-999,-999
114117,AYMARAES,2016,09,25,0.0,29.3,-999
114117,AYMARAES,2016,09,26,0.0,30.0,-999
114117,AYMARAES,2016,09,27,0.0,29.8,-999
114117,AYMARAES,2016,09,28,0.0,29.9,-999
114117,AYMARAES,2016,09,29,0.0,20.8,-999
114117,AYMARAES,2016,09,30,0.0,21.0,-999
114117,AYMARAES,2016,10,01,0.5,23.9,-999
114117,AYMARAES,2016,10,02,0.0,22.5,-999
114117,AYMARAES,2016,10,03,0.0,21.8,-999
114117,AYMARAES,2016,10,04,0.0,22.0,-999
114117,AYMARAES,2016,10,05,0.0,28.5,-999
114117,AYMARAES,2016,10,06,0.0,27.9,-999
114117,AYMARAES,2016,10,07,0.0,29.2,-999
114117,AYMARAES,2016,10,08,0.0,30.0,-999
114117,AYMARAES,2016,10,09,0.0,-999,-999
114117,AYMARAES,2016,10,10,2.4,-999,-999
114117,AYMARAES,2016,10,11,0.0,27.6,-999
114117,AYMARAES,2016,10,12,0.0,27.8,-999
114117,AYMARAES,2016,10,13,0.0,29.8,-999
114117,AYMARAES,2016,10,14,0.0,29.6,-999
114117,AYMARAES,2016,10,15,0.0,28.2,-999
114117,AYMARAES,2016,10,16,0.0,28.7,-999
114117,AYMARAES,2016,10,17,0.0,28.5,-999
114117,AYMARAES,2016,10,18,0.0,24.3,-999
114117,AYMARAES,2016,10,19,0.0,25.0,-999
114117,AYMARAES,2016,10,20,0.0,19.6,-999
114117,AYMARAES,2016,10,21,0.0,25.3,-999
114117,AYMARAES,2016,10,22,0.0,29.3,-999
114117,AYMARAES,2016,10,23,0.0,30.6,-999
114117,AYMARAES,2016,10,24,0.0,28.2,-999
114117,AYMARAES,2016,10,25,0.0,27.6,-999
114117,AYMARAES,2016,10,26,0.0,-999,-999
114117,AYMARAES,2016,10,27,0.7,-999,-999
114117,AYMARAES,2016,10,28,0.0,24.6,-999
114117,AYMARAES,2016,10,29,0.0,29.2,-999
114117,AYMARAES,2016,10,30,0.0,31.2,-999
114117,AYMARAES,2016,10,31,0.0,30.8,-999
114117,AYMARAES,2016,11,01,0.0,31.6,-999
114117,AYMARAES,2016,11,02,0.0,31.2,-999
114117,AYMARAES,2016,11,03,0.0,31.8,-999
114117,AYMARAES,2016,11,04,2.6,28.4,-999
114117,AYMARAES,2016,11,05,1.6,28.1,-999
114117,AYMARAES,2016,11,06,0.0,28.6,-999
114117,AYMARAES,2016,11,07,0.0,27.6,-999
114117,AYMARAES,2016,11,08,0.0,29.2,-999
114117,AYMARAES,2016,11,09,0.0,30.2,-999
114117,AYMARAES,2016,11,10,0.0,30.4,-999
114117,AYMARAES,2016,11,11,0.0,31.2,-999
114117,AYMARAES,2016,11,12,0.0,31.8,-999
114117,AYMARAES,2016,11,13,0.0,32.1,-999
114117,AYMARAES,2016,11,14,0.0,31.8,-999
114117,AYMARAES,2016,11,15,0.0,31.4,-999
114117,AYMARAES,2016,11,16,0.0,31.0,-999
114117,AYMARAES,2016,11,17,0.0,31.6,-999
114117,AYMARAES,2016,11,18,0.0,29.8,-999
114117,AYMARAES,2016,11,19,0.0,31.6,-999
114117,AYMARAES,2016,11,20,0.0,32.6,-999
114117,AYMARAES,2016,11,21,0.0,31.8,-999
114117,AYMARAES,2016,11,22,0.0,30.8,-999
114117,AYMARAES,2016,11,23,0.0,32.3,-999
114117,AYMARAES,2016,11,24,0.0,31.8,-999
114117,AYMARAES,2016,11,25,0.0,31.7,-999
114117,AYMARAES,2016,11,26,0.0,32.0,-999
114117,AYMARAES,2016,11,27,0.0,31.8,-999
114117,AYMARAES,2016,11,28,0.0,32.4,-999
114117,AYMARAES,2016,11,29,0.0,31.5,-999
114117,AYMARAES,2016,11,30,0.0,28.2,-999
114117,AYMARAES,2016,12,01,0.0,32.6,-999
114117,AYMARAES,2016,12,02,0.0,29.4,-999
114117,AYMARAES,2016,12,03,0.0,28.2,-999
114117,AYMARAES,2016,12,04,0.0,29.8,-999
114117,AYMARAES,2016,12,05,0.0,30.0,-999
114117,AYMARAES,2016,12,06,0.0,29.8,-999
114117,AYMARAES,2016,12,07,0.7,24.4,-999
114117,AYMARAES,2016,12,08,3.6,27.2,-999
114117,AYMARAES,2016,12,09,0.0,28.2,-999
114117,AYMARAES,2016,12,10,0.0,28.6,-999
114117,AYMARAES,2016,12,11,0.0,31.4,-999
114117,AYMARAES,2016,12,12,0.0,31.8,-999
114117,AYMARAES,2016,12,13,0.0,32.2,-999
114117,AYMARAES,2016,12,14,0.0,31.6,-999
114117,AYMARAES,2016,12,15,2.8,29.6,-999
114117,AYMARAES,2016,12,16,0.0,31.0,-999
114117,AYMARAES,2016,12,17,0.0,31.6,-999
114117,AYMARAES,2016,12,18,0.0,30.9,-999
114117,AYMARAES,2016,12,19,0.0,29.6,-999
114117,AYMARAES,2016,12,20,-888,26.5,-999
114117,AYMARAES,2016,12,21,-888,27.8,-999
114117,AYMARAES,2016,12,22,2.8,26.2,-999
114117,AYMARAES,2016,12,23,6.5,28.4,-999
114117,AYMARAES,2016,12,24,-888,25.2,-999
114117,AYMARAES,2016,12,25,-888,30.2,-999
114117,AYMARAES,2016,12,26,0.0,26.8,-999
114117,AYMARAES,2016,12,27,0.0,29.2,-999
114117,AYMARAES,2016,12,28,-888,26.5,-999
114117,AYMARAES,2016,12,29,5.4,26.9,-999
114117,AYMARAES,2016,12,30,3.4,22.3,-999
114117,AYMARAES,2016,12,31,7.0,27.2,-999
114117,AYMARAES,2017,01,01,2.6,27.4,-999
114117,AYMARAES,2017,01,02,12.8,19.9,-999
114117,AYMARAES,2017,01,03,10.7,23.7,-999
114117,AYMARAES,2017,01,04,18.8,24.2,-999
114117,AYMARAES,2017,01,05,0.2,20.1,-999
114117,AYMARAES,2017,01,06,15.9,20.6,-999
114117,AYMARAES,2017,01,07,0.0,23.6,-999
114117,AYMARAES,2017,01,08,0.0,25.8,-999
114117,AYMARAES,2017,01,09,4.6,24.8,-999
114117,AYMARAES,2017,01,10,5.8,24.2,-999
114117,AYMARAES,2017,01,11,0.4,25.3,-999
114117,AYMARAES,2017,01,12,14.5,22.4,-999
114117,AYMARAES,2017,01,13,0.5,25.9,-999
114117,AYMARAES,2017,01,14,15.0,24.2,-999
114117,AYMARAES,2017,01,15,19.6,25.6,-999
114117,AYMARAES,2017,01,16,13.8,25.8,-999
114117,AYMARAES,2017,01,17,8.0,26.2,-999
114117,AYMARAES,2017,01,18,1.2,25.7,-999
114117,AYMARAES,2017,01,19,0.4,24.7,-999
114117,AYMARAES,2017,01,20,0.0,27.3,-999
114117,AYMARAES,2017,01,21,0.0,26.2,-999
114117,AYMARAES,2017,01,22,11.9,28.2,-999
114117,AYMARAES,2017,01,23,0.0,27.6,-999
114117,AYMARAES,2017,01,24,10.2,25.0,-999
114117,AYMARAES,2017,01,25,6.8,24.0,-999
114117,AYMARAES,2017,01,26,0.6,27.2,-999
114117,AYMARAES,2017,01,27,11.0,24.5,-999
114117,AYMARAES,2017,01,28,0.0,25.1,-999
114117,AYMARAES,2017,01,29,6.6,25.6,-999
114117,AYMARAES,2017,01,30,0.0,27.3,-999
114117,AYMARAES,2017,01,31,0.0,28.2,-999
114117,AYMARAES,2017,02,01,0.0,28.7,-999
114117,AYMARAES,2017,02,02,0.0,28.8,-999
114117,AYMARAES,2017,02,03,0.0,28.2,-999
114117,AYMARAES,2017,02,04,0.0,29.2,-999
114117,AYMARAES,2017,02,05,2.4,29.9,-999
114117,AYMARAES,2017,02,06,0.0,29.6,-999
114117,AYMARAES,2017,02,07,0.0,28.6,-999
114117,AYMARAES,2017,02,08,5.6,28.4,-999
114117,AYMARAES,2017,02,09,1.0,27.6,-999
114117,AYMARAES,2017,02,10,0.0,28.6,-999
114117,AYMARAES,2017,02,11,0.0,28.4,-999
114117,AYMARAES,2017,02,12,0.0,29.9,-999
114117,AYMARAES,2017,02,13,3.6,27.2,-999
114117,AYMARAES,2017,02,14,4.8,28.2,-999
114117,AYMARAES,2017,02,15,2.8,27.3,-999
114117,AYMARAES,2017,02,16,0.2,26.8,-999
114117,AYMARAES,2017,02,17,2.5,26.2,-999
114117,AYMARAES,2017,02,18,0.2,27.4,-999
114117,AYMARAES,2017,02,19,0.0,25.6,-999
114117,AYMARAES,2017,02,20,0.0,26.8,-999
114117,AYMARAES,2017,02,21,20.8,24.8,-999
114117,AYMARAES,2017,02,22,6.8,22.5,-999
114117,AYMARAES,2017,02,23,9.0,24.0,-999
114117,AYMARAES,2017,02,24,12.7,18.0,-999
114117,AYMARAES,2017,02,25,10.6,19.2,-999
114117,AYMARAES,2017,02,26,7.2,19.9,-999
114117,AYMARAES,2017,02,27,0.0,24.0,-999
114117,AYMARAES,2017,02,28,0.0,25.0,-999
114117,AYMARAES,2017,03,01,0.2,27.4,-999
114117,AYMARAES,2017,03,02,0.0,26.5,-999
114117,AYMARAES,2017,03,03,0.3,25.6,-999
114117,AYMARAES,2017,03,04,12.4,26.2,-999
114117,AYMARAES,2017,03,05,5.9,23.7,-999
114117,AYMARAES,2017,03,06,0.0,22.0,-999
114117,AYMARAES,2017,03,07,6.5,24.6,-999
114117,AYMARAES,2017,03,08,0.0,23.2,-999
114117,AYMARAES,2017,03,09,0.2,25.1,-999
114117,AYMARAES,2017,03,10,2.4,26.0,-999
114117,AYMARAES,2017,03,11,8.4,26.4,-999
114117,AYMARAES,2017,03,12,5.8,25.6,-999
114117,AYMARAES,2017,03,13,0.0,26.3,-999
114117,AYMARAES,2017,03,14,21.3,23.9,-999
114117,AYMARAES,2017,03,15,0.0,25.6,-999
114117,AYMARAES,2017,03,16,0.0,26.2,-999
114117,AYMARAES,2017,03,17,0.0,25.2,-999
114117,AYMARAES,2017,03,18,0.0,27.4,-999
114117,AYMARAES,2017,03,19,11.4,27.6,-999
114117,AYMARAES,2017,03,20,8.8,28.3,-999
114117,AYMARAES,2017,03,21,2.9,28.5,-999
114117,AYMARAES,2017,03,22,2.6,27.2,-999
114117,AYMARAES,2017,03,23,3.5,23.2,-999
114117,AYMARAES,2017,03,24,0.0,24.3,-999
114117,AYMARAES,2017,03,25,0.2,25.6,-999
114117,AYMARAES,2017,03,26,3.2,21.2,-999
114117,AYMARAES,2017,03,27,10.4,22.6,-999
114117,AYMARAES,2017,03,28,5.6,23.2,-999
114117,AYMARAES,2017,03,29,0.0,25.2,-999
114117,AYMARAES,2017,03,30,13.6,25.4,-999
114117,AYMARAES,2017,03,31,1.4,25.3,-999
114117,AYMARAES,2017,04,01,5.6,24.0,-999
114117,AYMARAES,2017,04,02,0.0,25.4,-999
114117,AYMARAES,2017,04,03,0.0,26.7,-999
114117,AYMARAES,2017,04,04,0.0,25.8,-999
114117,AYMARAES,2017,04,05,0.0,26.0,-999
114117,AYMARAES,2017,04,06,0.0,22.4,-999
114117,AYMARAES,2017,04,07,0.0,25.6,-999
114117,AYMARAES,2017,04,08,7.2,24.8,-999
114117,AYMARAES,2017,04,09,0.4,25.8,-999
114117,AYMARAES,2017,04,10,0.0,24.6,-999
114117,AYMARAES,2017,04,11,7.4,26.7,-999
114117,AYMARAES,2017,04,12,10.4,21.2,-999
114117,AYMARAES,2017,04,13,0.0,20.8,-999
114117,AYMARAES,2017,04,14,18.4,25.2,-999
114117,AYMARAES,2017,04,15,0.0,24.2,-999
114117,AYMARAES,2017,04,16,0.0,25.4,-999
114117,AYMARAES,2017,04,17,9.8,25.8,-999
114117,AYMARAES,2017,04,18,5.6,25.8,-999
114117,AYMARAES,2017,04,19,0.0,26.2,-999
114117,AYMARAES,2017,04,20,0.0,27.2,-999
114117,AYMARAES,2017,04,21,0.0,28.2,-999
114117,AYMARAES,2017,04,22,0.0,23.4,-999
114117,AYMARAES,2017,04,23,0.2,25.1,-999
114117,AYMARAES,2017,04,24,0.0,25.6,-999
114117,AYMARAES,2017,04,25,0.0,26.2,-999
114117,AYMARAES,2017,04,26,4.6,24.4,-999
114117,AYMARAES,2017,04,27,4.3,23.8,-999
114117,AYMARAES,2017,04,28,8.4,24.2,-999
114117,AYMARAES,2017,04,29,10.4,22.2,-999
114117,AYMARAES,2017,04,30,2.6,24.8,-999
114117,AYMARAES,2017,05,01,0.0,25.0,-999
114117,AYMARAES,2017,05,02,0.0,26.2,-999
114117,AYMARAES,2017,05,03,0.0,26.7,-999
114117,AYMARAES,2017,05,04,0.0,27.0,-999
114117,AYMARAES,2017,05,05,0.0,26.4,-999
114117,AYMARAES,2017,05,06,0.3,23.4,-999
114117,AYMARAES,2017,05,07,0.0,25.2,-999
114117,AYMARAES,2017,05,08,0.0,24.3,-999
114117,AYMARAES,2017,05,09,0.0,24.0,-999
114117,AYMARAES,2017,05,10,0.0,23.1,-999
114117,AYMARAES,2017,05,11,0.0,24.8,-999
114117,AYMARAES,2017,05,12,0.0,25.2,-999
114117,AYMARAES,2017,05,13,0.0,26.6,-999
114117,AYMARAES,2017,05,14,0.0,28.6,-999
114117,AYMARAES,2017,05,15,0.0,28.6,-999
114117,AYMARAES,2017,05,16,0.0,25.8,-999
114117,AYMARAES,2017,05,17,0.0,28.6,-999
114117,AYMARAES,2017,05,18,0.0,30.6,-999
114117,AYMARAES,2017,05,19,0.0,28.2,-999
114117,AYMARAES,2017,05,20,0.0,27.8,-999
114117,AYMARAES,2017,05,21,0.0,24.6,-999
114117,AYMARAES,2017,05,22,3.6,20.0,-999
114117,AYMARAES,2017,05,23,0.6,20.6,-999
114117,AYMARAES,2017,05,24,0.3,21.3,-999
114117,AYMARAES,2017,05,25,0.0,22.3,-999
114117,AYMARAES,2017,05,26,0.0,22.7,-999
114117,AYMARAES,2017,05,27,0.4,23.0,-999
114117,AYMARAES,2017,05,28,0.0,22.0,-999
114117,AYMARAES,2017,05,29,0.2,21.0,-999
114117,AYMARAES,2017,05,30,0.0,22.6,-999
114117,AYMARAES,2017,05,31,0.0,26.2,-999
114117,AYMARAES,2017,06,01,0.0,28.2,-999
114117,AYMARAES,2017,06,02,11.2,28.2,-999
114117,AYMARAES,2017,06,03,0.0,23.6,-999
114117,AYMARAES,2017,06,04,0.0,24.2,-999
114117,AYMARAES,2017,06,05,0.0,22.0,-999
114117,AYMARAES,2017,06,06,0.0,23.2,-999
114117,AYMARAES,2017,06,07,0.0,26.2,-999
114117,AYMARAES,2017,06,08,0.0,27.5,-999
114117,AYMARAES,2017,06,09,0.0,27.2,-999
114117,AYMARAES,2017,06,10,0.0,26.5,-999
114117,AYMARAES,2017,06,11,0.0,28.6,-999
114117,AYMARAES,2017,06,12,0.0,27.2,-999
114117,AYMARAES,2017,06,13,0.0,-999,-999
114117,AYMARAES,2017,06,14,0.0,28.2,-999
114117,AYMARAES,2017,06,15,0.0,29.2,-999
114117,AYMARAES,2017,06,16,0.0,29.7,-999
114117,AYMARAES,2017,06,17,0.0,30.0,-999
114117,AYMARAES,2017,06,18,0.0,29.8,-999
114117,AYMARAES,2017,06,19,0.0,29.2,-999
114117,AYMARAES,2017,06,20,0.0,25.1,-999
114117,AYMARAES,2017,06,21,0.0,24.8,-999
114117,AYMARAES,2017,06,22,0.0,27.6,-999
114117,AYMARAES,2017,06,23,0.0,27.4,-999
114117,AYMARAES,2017,06,24,0.0,26.5,-999
114117,AYMARAES,2017,06,25,0.0,28.2,-999
114117,AYMARAES,2017,06,26,0.0,28.0,-999
114117,AYMARAES,2017,06,27,0.0,27.0,-999
114117,AYMARAES,2017,06,28,0.0,28.2,-999
114117,AYMARAES,2017,06,29,0.0,27.4,-999
114117,AYMARAES,2017,06,30,0.0,27.2,-999
114117,AYMARAES,2017,07,01,5.5,20.6,-999
114117,AYMARAES,2017,07,02,0.0,23.5,-999
114117,AYMARAES,2017,07,03,0.0,23.0,-999
114117,AYMARAES,2017,07,04,0.0,24.1,-999
114117,AYMARAES,2017,07,05,0.0,28.6,-999
114117,AYMARAES,2017,07,06,0.0,28.2,-999
114117,AYMARAES,2017,07,07,0.0,27.6,-999
114117,AYMARAES,2017,07,08,0.0,28.0,-999
114117,AYMARAES,2017,07,09,0.0,27.2,-999
114117,AYMARAES,2017,07,10,0.0,27.4,-999
114117,AYMARAES,2017,07,11,0.0,27.0,-999
114117,AYMARAES,2017,07,12,0.0,27.4,-999
114117,AYMARAES,2017,07,13,0.0,28.0,-999
114117,AYMARAES,2017,07,14,0.0,28.6,-999
114117,AYMARAES,2017,07,15,0.0,30.0,-999
114117,AYMARAES,2017,07,16,0.0,29.2,-999
114117,AYMARAES,2017,07,17,0.0,27.6,-999
114117,AYMARAES,2017,07,18,0.0,26.2,-999
114117,AYMARAES,2017,07,19,0.0,28.5,-999
114117,AYMARAES,2017,07,20,0.0,30.0,-999
114117,AYMARAES,2017,07,21,0.0,30.2,-999
114117,AYMARAES,2017,07,22,0.0,29.6,-999
114117,AYMARAES,2017,07,23,0.0,30.0,-999
114117,AYMARAES,2017,07,24,0.0,30.6,-999
114117,AYMARAES,2017,07,25,0.0,30.4,-999
114117,AYMARAES,2017,07,26,0.0,28.4,-999
114117,AYMARAES,2017,07,27,0.0,29.8,-999
114117,AYMARAES,2017,07,28,0.0,27.2,-999
114117,AYMARAES,2017,07,29,0.0,26.3,-999
114117,AYMARAES,2017,07,30,0.0,28.2,-999
114117,AYMARAES,2017,07,31,0.0,29.6,-999
114117,AYMARAES,2017,08,01,0.0,30.1,-999
114117,AYMARAES,2017,08,02,0.0,30.0,-999
114117,AYMARAES,2017,08,03,0.0,26.2,-999
114117,AYMARAES,2017,08,04,0.0,28.2,-999
114117,AYMARAES,2017,08,05,0.0,29.2,-999
114117,AYMARAES,2017,08,06,0.0,30.0,-999
114117,AYMARAES,2017,08,07,0.0,30.2,-999
114117,AYMARAES,2017,08,08,0.0,27.8,-999
114117,AYMARAES,2017,08,09,0.0,26.8,-999
114117,AYMARAES,2017,08,10,0.0,26.4,-999
114117,AYMARAES,2017,08,11,0.0,28.2,-999
114117,AYMARAES,2017,08,12,0.0,30.0,-999
114117,AYMARAES,2017,08,13,0.0,30.2,-999
114117,AYMARAES,2017,08,14,0.0,28.6,-999
114117,AYMARAES,2017,08,15,0.0,30.0,-999
114117,AYMARAES,2017,08,16,0.0,30.2,-999
114117,AYMARAES,2017,08,17,0.0,27.2,-999
114117,AYMARAES,2017,08,18,0.0,27.6,-999
114117,AYMARAES,2017,08,19,0.0,30.0,-999
114117,AYMARAES,2017,08,20,0.0,29.6,-999
114117,AYMARAES,2017,08,21,0.0,25.8,-999
114117,AYMARAES,2017,08,22,0.6,26.7,-999
114117,AYMARAES,2017,08,23,0.0,29.6,-999
114117,AYMARAES,2017,08,24,0.0,28.7,-999
114117,AYMARAES,2017,08,25,0.0,28.5,-999
114117,AYMARAES,2017,08,26,0.0,29.2,-999
114117,AYMARAES,2017,08,27,0.0,-999,-999
114117,AYMARAES,2017,08,28,0.2,-999,-999
114117,AYMARAES,2017,08,29,0.0,24.6,-999
114117,AYMARAES,2017,08,30,0.0,25.6,-999
114117,AYMARAES,2017,08,31,0.0,26.8,-999
114117,AYMARAES,2017,09,01,0.0,28.2,-999
114117,AYMARAES,2017,09,02,0.0,29.2,-999
114117,AYMARAES,2017,09,03,0.0,29.6,-999
114117,AYMARAES,2017,09,04,0.0,29.4,-999
114117,AYMARAES,2017,09,05,0.0,28.6,-999
114117,AYMARAES,2017,09,06,0.0,28.2,-999
114117,AYMARAES,2017,09,07,9.4,26.8,-999
114117,AYMARAES,2017,09,08,0.0,25.2,-999
114117,AYMARAES,2017,09,09,0.0,26.2,-999
114117,AYMARAES,2017,09,10,0.0,29.2,-999
114117,AYMARAES,2017,09,11,0.0,26.2,-999
114117,AYMARAES,2017,09,12,0.0,25.6,-999
114117,AYMARAES,2017,09,13,0.0,27.2,-999
114117,AYMARAES,2017,09,14,0.0,30.4,-999
114117,AYMARAES,2017,09,15,0.6,26.7,-999
114117,AYMARAES,2017,09,16,0.0,23.4,-999
114117,AYMARAES,2017,09,17,5.8,29.6,-999
114117,AYMARAES,2017,09,18,4.6,27.6,-999
114117,AYMARAES,2017,09,19,0.0,28.8,-999
114117,AYMARAES,2017,09,20,0.0,30.0,-999
114117,AYMARAES,2017,09,21,0.0,28.8,-999
114117,AYMARAES,2017,09,22,1.8,24.2,-999
114117,AYMARAES,2017,09,23,6.2,26.4,-999
114117,AYMARAES,2017,09,24,0.0,30.0,-999
114117,AYMARAES,2017,09,25,0.0,29.8,-999
114117,AYMARAES,2017,09,26,5.6,30.0,-999
114117,AYMARAES,2017,09,27,0.0,28.6,-999
114117,AYMARAES,2017,09,28,0.0,30.2,-999
114117,AYMARAES,2017,09,29,0.0,30.6,-999
114117,AYMARAES,2017,09,30,0.4,31.2,-999
114117,AYMARAES,2017,10,01,0.0,30.6,-999
114117,AYMARAES,2017,10,02,0.0,30.5,-999
114117,AYMARAES,2017,10,03,0.0,31.2,-999
114117,AYMARAES,2017,10,04,0.0,30.2,-999
114117,AYMARAES,2017,10,05,0.0,29.6,-999
114117,AYMARAES,2017,10,06,21.0,29.8,-999
114117,AYMARAES,2017,10,07,0.0,27.6,-999
114117,AYMARAES,2017,10,08,0.0,30.4,-999
114117,AYMARAES,2017,10,09,0.0,29.8,-999
114117,AYMARAES,2017,10,10,0.2,28.2,-999
114117,AYMARAES,2017,10,11,6.2,22.1,-999
114117,AYMARAES,2017,10,12,0.0,25.2,-999
114117,AYMARAES,2017,10,13,0.0,24.7,-999
114117,AYMARAES,2017,10,14,15.8,24.0,-999
114117,AYMARAES,2017,10,15,11.0,25.2,-999
114117,AYMARAES,2017,10,16,8.8,22.3,-999
114117,AYMARAES,2017,10,17,8.4,20.8,-999
114117,AYMARAES,2017,10,18,0.0,21.6,-999
114117,AYMARAES,2017,10,19,0.0,22.4,-999
114117,AYMARAES,2017,10,20,0.0,26.3,-999
114117,AYMARAES,2017,10,21,0.0,28.2,-999
114117,AYMARAES,2017,10,22,0.0,26.0,-999
114117,AYMARAES,2017,10,23,0.0,27.2,-999
114117,AYMARAES,2017,10,24,0.0,28.6,-999
114117,AYMARAES,2017,10,25,0.4,29.6,-999
114117,AYMARAES,2017,10,26,3.4,30.0,-999
114117,AYMARAES,2017,10,27,0.0,29.6,-999
114117,AYMARAES,2017,10,28,0.0,25.4,-999
114117,AYMARAES,2017,10,29,0.0,29.8,-999
114117,AYMARAES,2017,10,30,0.0,29.9,-999
114117,AYMARAES,2017,10,31,0.0,31.4,-999
114117,AYMARAES,2017,11,01,0.0,30.0,-999
114117,AYMARAES,2017,11,02,6.2,29.8,-999
114117,AYMARAES,2017,11,03,0.0,30.0,-999
114117,AYMARAES,2017,11,04,0.0,32.0,-999
114117,AYMARAES,2017,11,05,0.0,27.0,-999
114117,AYMARAES,2017,11,06,0.0,28.1,-999
114117,AYMARAES,2017,11,07,0.0,30.0,-999
114117,AYMARAES,2017,11,08,0.0,31.2,-999
114117,AYMARAES,2017,11,09,0.0,28.4,-999
114117,AYMARAES,2017,11,10,0.2,27.3,-999
114117,AYMARAES,2017,11,11,0.6,25.1,-999
114117,AYMARAES,2017,11,12,19.0,26.0,-999
114117,AYMARAES,2017,11,13,0.0,26.4,-999
114117,AYMARAES,2017,11,14,0.0,27.2,-999
114117,AYMARAES,2017,11,15,0.0,26.9,-999
114117,AYMARAES,2017,11,16,0.0,23.5,-999
114117,AYMARAES,2017,11,17,0.0,29.8,-999
114117,AYMARAES,2017,11,18,0.0,30.6,-999
114117,AYMARAES,2017,11,19,0.0,27.6,-999
114117,AYMARAES,2017,11,20,0.0,30.8,-999
114117,AYMARAES,2017,11,21,0.0,30.0,-999
114117,AYMARAES,2017,11,22,6.2,26.2,-999
114117,AYMARAES,2017,11,23,0.0,29.7,-999
114117,AYMARAES,2017,11,24,0.0,29.1,-999
114117,AYMARAES,2017,11,25,0.0,30.6,-999
114117,AYMARAES,2017,11,26,6.2,30.2,-999
114117,AYMARAES,2017,11,27,12.0,29.4,-999
114117,AYMARAES,2017,11,28,6.2,23.6,-999
114117,AYMARAES,2017,11,29,0.0,23.6,-999
114117,AYMARAES,2017,11,30,0.0,24.0,-999
114117,AYMARAES,2017,12,01,0.0,26.2,-999
114117,AYMARAES,2017,12,02,0.0,25.4,-999
114117,AYMARAES,2017,12,03,0.0,28.2,-999
114117,AYMARAES,2017,12,04,0.0,27.2,-999
114117,AYMARAES,2017,12,05,0.0,30.2,-999
114117,AYMARAES,2017,12,06,0.0,31.2,-999
114117,AYMARAES,2017,12,07,7.4,29.3,-999
114117,AYMARAES,2017,12,08,0.0,24.8,-999
114117,AYMARAES,2017,12,09,1.2,30.2,-999
114117,AYMARAES,2017,12,10,0.0,31.0,-999
114117,AYMARAES,2017,12,11,0.0,30.8,-999
114117,AYMARAES,2017,12,12,0.0,32.0,-999
114117,AYMARAES,2017,12,13,0.0,31.8,-999
114117,AYMARAES,2017,12,14,0.0,32.1,-999
114117,AYMARAES,2017,12,15,0.0,31.2,-999
114117,AYMARAES,2017,12,16,12.4,24.2,-999
114117,AYMARAES,2017,12,17,9.8,24.8,-999
114117,AYMARAES,2017,12,18,1.4,26.3,-999
114117,AYMARAES,2017,12,19,2.4,24.0,-999
114117,AYMARAES,2017,12,20,7.6,24.5,-999
114117,AYMARAES,2017,12,21,6.6,25.2,-999
114117,AYMARAES,2017,12,22,1.6,28.9,-999
114117,AYMARAES,2017,12,23,0.0,30.0,-999
114117,AYMARAES,2017,12,24,0.0,30.2,-999
114117,AYMARAES,2017,12,25,0.0,29.8,-999
114117,AYMARAES,2017,12,26,3.8,29.2,-999
114117,AYMARAES,2017,12,27,0.0,27.2,-999
114117,AYMARAES,2017,12,28,0.0,25.8,-999
114117,AYMARAES,2017,12,29,18.6,27.2,-999
114117,AYMARAES,2017,12,30,13.8,23.8,-999
114117,AYMARAES,2017,12,31,11.8,28.2,-999
114117,AYMARAES,2018,01,01,15.8,24.0,-999
114117,AYMARAES,2018,01,02,0.0,25.0,-999
114117,AYMARAES,2018,01,03,0.0,24.3,-999
114117,AYMARAES,2018,01,04,2.4,25.1,-999
114117,AYMARAES,2018,01,05,0.0,26.7,-999
114117,AYMARAES,2018,01,06,10.2,28.2,-999
114117,AYMARAES,2018,01,07,2.6,25.4,-999
114117,AYMARAES,2018,01,08,0.0,26.2,-999
114117,AYMARAES,2018,01,09,11.6,25.2,-999
114117,AYMARAES,2018,01,10,13.6,26.2,-999
114117,AYMARAES,2018,01,11,8.2,25.8,-999
114117,AYMARAES,2018,01,12,8.9,23.8,-999
114117,AYMARAES,2018,01,13,0.6,25.2,-999
114117,AYMARAES,2018,01,14,0.0,27.2,-999
114117,AYMARAES,2018,01,15,22.8,25.4,-999
114117,AYMARAES,2018,01,16,13.8,23.8,-999
114117,AYMARAES,2018,01,17,18.2,24.0,-999
114117,AYMARAES,2018,01,18,14.4,23.1,-999
114117,AYMARAES,2018,01,19,14.6,25.3,-999
114117,AYMARAES,2018,01,20,0.0,22.6,-999
114117,AYMARAES,2018,01,21,11.0,24.8,-999
114117,AYMARAES,2018,01,22,4.5,23.1,-999
114117,AYMARAES,2018,01,23,23.4,22.9,-999
114117,AYMARAES,2018,01,24,3.0,23.6,-999
114117,AYMARAES,2018,01,25,0.4,22.8,-999
114117,AYMARAES,2018,01,26,0.0,23.0,-999
114117,AYMARAES,2018,01,27,0.0,29.0,-999
114117,AYMARAES,2018,01,28,0.4,28.0,-999
114117,AYMARAES,2018,01,29,0.0,26.6,-999
114117,AYMARAES,2018,01,30,0.0,25.2,-999
114117,AYMARAES,2018,01,31,0.0,26.3,-999
114117,AYMARAES,2018,02,01,0.0,25.3,-999
114117,AYMARAES,2018,02,02,0.0,25.6,-999
114117,AYMARAES,2018,02,03,0.0,26.0,-999
114117,AYMARAES,2018,02,04,4.6,27.4,-999
114117,AYMARAES,2018,02,05,0.0,-999,-999
114117,AYMARAES,2018,02,06,5.4,28.4,-999
114117,AYMARAES,2018,02,07,3.6,27.7,-999
114117,AYMARAES,2018,02,08,9.6,29.9,-999
114117,AYMARAES,2018,02,09,0.6,28.2,-999
114117,AYMARAES,2018,02,10,12.6,26.8,-999
114117,AYMARAES,2018,02,11,0.0,27.2,-999
114117,AYMARAES,2018,02,12,22.7,26.8,-999
114117,AYMARAES,2018,02,13,0.0,26.4,-999
114117,AYMARAES,2018,02,14,17.0,20.2,-999
114117,AYMARAES,2018,02,15,15.3,21.2,-999
114117,AYMARAES,2018,02,16,5.8,23.2,-999
114117,AYMARAES,2018,02,17,8.2,25.6,-999
114117,AYMARAES,2018,02,18,0.0,26.0,-999
114117,AYMARAES,2018,02,19,0.0,28.2,-999
114117,AYMARAES,2018,02,20,4.8,24.6,-999
114117,AYMARAES,2018,02,21,0.0,26.4,-999
114117,AYMARAES,2018,02,22,6.4,28.2,-999
114117,AYMARAES,2018,02,23,0.0,28.6,-999
114117,AYMARAES,2018,02,24,0.0,27.6,-999
114117,AYMARAES,2018,02,25,11.6,26.8,-999
114117,AYMARAES,2018,02,26,3.6,27.6,-999
114117,AYMARAES,2018,02,27,10.4,19.2,-999
114117,AYMARAES,2018,02,28,15.0,25.8,-999
114117,AYMARAES,2018,03,01,2.6,23.1,-999
114117,AYMARAES,2018,03,02,13.4,24.2,-999
114117,AYMARAES,2018,03,03,8.7,23.8,-999
114117,AYMARAES,2018,03,04,8.4,23.4,-999
114117,AYMARAES,2018,03,05,0.6,23.0,-999
114117,AYMARAES,2018,03,06,0.0,22.4,-999
114117,AYMARAES,2018,03,07,3.6,23.4,-999
114117,AYMARAES,2018,03,08,3.6,24.6,-999
114117,AYMARAES,2018,03,09,0.7,25.0,-999
114117,AYMARAES,2018,03,10,7.6,27.6,-999
114117,AYMARAES,2018,03,11,3.4,25.6,-999
114117,AYMARAES,2018,03,12,6.2,20.0,-999
114117,AYMARAES,2018,03,13,0.0,26.2,-999
114117,AYMARAES,2018,03,14,11.2,26.8,-999
114117,AYMARAES,2018,03,15,0.0,28.2,-999
114117,AYMARAES,2018,03,16,11.5,20.0,-999
114117,AYMARAES,2018,03,17,4.5,21.3,-999
114117,AYMARAES,2018,03,18,18.8,25.6,-999
114117,AYMARAES,2018,03,19,6.5,18.4,-999
114117,AYMARAES,2018,03,20,13.3,23.8,-999
114117,AYMARAES,2018,03,21,5.2,18.3,-999
114117,AYMARAES,2018,03,22,8.6,25.1,-999
114117,AYMARAES,2018,03,23,11.7,23.7,-999
114117,AYMARAES,2018,03,24,0.0,26.2,-999
114117,AYMARAES,2018,03,25,0.0,24.6,-999
114117,AYMARAES,2018,03,26,0.0,25.4,-999
114117,AYMARAES,2018,03,27,0.0,26.2,-999
114117,AYMARAES,2018,03,28,0.0,28.2,-999
114117,AYMARAES,2018,03,29,0.0,28.6,-999
114117,AYMARAES,2018,03,30,0.0,29.1,-999
114117,AYMARAES,2018,03,31,0.0,30.1,-999
114117,AYMARAES,2018,04,01,0.0,29.6,-999
114117,AYMARAES,2018,04,02,0.0,27.8,-999
114117,AYMARAES,2018,04,03,0.0,29.1,-999
114117,AYMARAES,2018,04,04,0.0,29.8,-999
114117,AYMARAES,2018,04,05,0.0,30.2,-999
114117,AYMARAES,2018,04,06,0.0,28.6,-999
114117,AYMARAES,2018,04,07,9.4,29.4,-999
114117,AYMARAES,2018,04,08,0.0,25.1,-999
114117,AYMARAES,2018,04,09,8.2,24.0,-999
114117,AYMARAES,2018,04,10,0.0,25.6,-999
114117,AYMARAES,2018,04,11,0.0,26.2,-999
114117,AYMARAES,2018,04,12,0.0,25.6,-999
114117,AYMARAES,2018,04,13,14.2,27.2,-999
114117,AYMARAES,2018,04,14,0.0,28.2,-999
114117,AYMARAES,2018,04,15,0.0,26.8,-999
114117,AYMARAES,2018,04,16,0.0,28.2,-999
114117,AYMARAES,2018,04,17,0.0,28.4,-999
114117,AYMARAES,2018,04,18,0.0,28.9,-999
114117,AYMARAES,2018,04,19,0.0,29.2,-999
114117,AYMARAES,2018,04,20,2.6,28.6,-999
114117,AYMARAES,2018,04,21,0.0,23.2,-999
114117,AYMARAES,2018,04,22,0.0,28.2,-999
114117,AYMARAES,2018,04,23,6.2,27.6,-999
114117,AYMARAES,2018,04,24,6.2,23.1,-999
114117,AYMARAES,2018,04,25,1.1,22.5,-999
114117,AYMARAES,2018,04,26,0.0,23.0,-999
114117,AYMARAES,2018,04,27,0.9,28.2,-999
114117,AYMARAES,2018,04,28,0.0,28.2,-999
114117,AYMARAES,2018,04,29,0.0,24.2,-999
114117,AYMARAES,2018,04,30,0.0,23.4,-999
114117,AYMARAES,2018,05,01,2.1,23.6,-999
114117,AYMARAES,2018,05,02,0.0,27.2,-999
114117,AYMARAES,2018,05,03,0.0,28.1,-999
114117,AYMARAES,2018,05,04,0.0,24.7,-999
114117,AYMARAES,2018,05,05,0.0,25.2,-999
114117,AYMARAES,2018,05,06,0.0,27.4,-999
114117,AYMARAES,2018,05,07,0.0,26.2,-999
114117,AYMARAES,2018,05,08,0.0,25.6,-999
114117,AYMARAES,2018,05,09,0.0,26.8,-999
114117,AYMARAES,2018,05,10,0.0,28.2,-999
114117,AYMARAES,2018,05,11,0.0,28.5,-999
114117,AYMARAES,2018,05,12,0.0,28.2,-999
114117,AYMARAES,2018,05,13,0.0,29.6,-999
114117,AYMARAES,2018,05,14,0.0,28.6,-999
114117,AYMARAES,2018,05,15,0.0,28.8,-999
114117,AYMARAES,2018,05,16,0.0,27.6,-999
114117,AYMARAES,2018,05,17,0.0,30.0,-999
114117,AYMARAES,2018,05,18,0.0,30.2,-999
114117,AYMARAES,2018,05,19,0.0,30.6,-999
114117,AYMARAES,2018,05,20,0.0,28.2,-999
114117,AYMARAES,2018,05,21,0.0,30.4,-999
114117,AYMARAES,2018,05,22,0.0,26.8,-999
114117,AYMARAES,2018,05,23,0.0,27.5,-999
114117,AYMARAES,2018,05,24,0.0,26.5,-999
114117,AYMARAES,2018,05,25,0.0,24.8,-999
114117,AYMARAES,2018,05,26,0.0,28.2,-999
114117,AYMARAES,2018,05,27,0.0,28.5,-999
114117,AYMARAES,2018,05,28,0.0,29.2,-999
114117,AYMARAES,2018,05,29,0.0,30.4,-999
114117,AYMARAES,2018,05,30,0.0,30.6,-999
114117,AYMARAES,2018,05,31,-999,31.6,-999
114117,AYMARAES,2018,06,01,0.0,31.2,-999
114117,AYMARAES,2018,06,02,0.0,28.6,-999
114117,AYMARAES,2018,06,03,0.0,28.0,-999
114117,AYMARAES,2018,06,04,0.0,25.8,-999
114117,AYMARAES,2018,06,05,0.0,22.0,-999
114117,AYMARAES,2018,06,06,0.0,23.9,-999
114117,AYMARAES,2018,06,07,0.0,24.5,-999
114117,AYMARAES,2018,06,08,0.0,23.6,-999
114117,AYMARAES,2018,06,09,11.0,23.6,-999
114117,AYMARAES,2018,06,10,3.8,24.2,-999
114117,AYMARAES,2018,06,11,0.0,24.0,-999
114117,AYMARAES,2018,06,12,3.4,23.0,-999
114117,AYMARAES,2018,06,13,0.0,22.3,-999
114117,AYMARAES,2018,06,14,0.0,23.8,-999
114117,AYMARAES,2018,06,15,0.0,22.8,-999
114117,AYMARAES,2018,06,16,0.0,23.0,-999
114117,AYMARAES,2018,06,17,0.0,25.0,-999
114117,AYMARAES,2018,06,18,0.0,20.0,-999
114117,AYMARAES,2018,06,19,0.0,23.3,-999
114117,AYMARAES,2018,06,20,0.0,25.2,-999
114117,AYMARAES,2018,06,21,0.0,25.6,-999
114117,AYMARAES,2018,06,22,0.0,28.2,-999
114117,AYMARAES,2018,06,23,0.0,29.0,-999
114117,AYMARAES,2018,06,24,0.0,26.8,-999
114117,AYMARAES,2018,06,25,0.0,28.4,-999
114117,AYMARAES,2018,06,26,0.0,26.8,-999
114117,AYMARAES,2018,06,27,0.0,22.6,-999
114117,AYMARAES,2018,06,28,0.0,25.6,-999
114117,AYMARAES,2018,06,29,0.0,27.2,-999
114117,AYMARAES,2018,06,30,0.0,28.2,-999
114117,AYMARAES,2018,07,01,0.0,29.4,-999
114117,AYMARAES,2018,07,02,0.0,28.2,-999
114117,AYMARAES,2018,07,03,2.1,28.0,-999
114117,AYMARAES,2018,07,04,0.0,21.0,-999
114117,AYMARAES,2018,07,05,0.0,25.0,-999
114117,AYMARAES,2018,07,06,0.0,26.2,-999
114117,AYMARAES,2018,07,07,0.0,28.6,-999
114117,AYMARAES,2018,07,08,0.0,28.5,-999
114117,AYMARAES,2018,07,09,0.0,21.6,-999
114117,AYMARAES,2018,07,10,0.0,22.3,-999
114117,AYMARAES,2018,07,11,0.0,19.2,-999
114117,AYMARAES,2018,07,12,0.0,23.2,-999
114117,AYMARAES,2018,07,13,0.0,19.2,-999
114117,AYMARAES,2018,07,14,0.0,22.0,-999
114117,AYMARAES,2018,07,15,0.0,25.2,-999
114117,AYMARAES,2018,07,16,0.0,24.0,-999
114117,AYMARAES,2018,07,17,0.0,24.6,-999
114117,AYMARAES,2018,07,18,3.4,25.2,-999
114117,AYMARAES,2018,07,19,21.6,24.9,-999
114117,AYMARAES,2018,07,20,6.2,23.2,-999
114117,AYMARAES,2018,07,21,6.0,19.8,-999
114117,AYMARAES,2018,07,22,0.0,21.6,-999
114117,AYMARAES,2018,07,23,0.0,22.3,-999
114117,AYMARAES,2018,07,24,0.0,23.6,-999
114117,AYMARAES,2018,07,25,0.0,23.2,-999
114117,AYMARAES,2018,07,26,0.0,23.6,-999
114117,AYMARAES,2018,07,27,0.0,24.0,-999
114117,AYMARAES,2018,07,28,0.0,26.5,-999
114117,AYMARAES,2018,07,29,0.0,27.2,-999
114117,AYMARAES,2018,07,30,0.0,28.2,-999
114117,AYMARAES,2018,07,31,0.0,28.6,-999
114117,AYMARAES,2018,08,01,0.0,22.6,-999
114117,AYMARAES,2018,08,02,0.8,23.1,-999
114117,AYMARAES,2018,08,03,0.0,20.9,-999
114117,AYMARAES,2018,08,04,0.0,22.3,-999
114117,AYMARAES,2018,08,05,0.0,25.3,-999
114117,AYMARAES,2018,08,06,3.1,26.0,-999
114117,AYMARAES,2018,08,07,3.1,24.0,-999
114117,AYMARAES,2018,08,08,0.0,-999,-999
114117,AYMARAES,2018,08,09,0.0,26.2,-999
114117,AYMARAES,2018,08,10,0.8,24.6,-999
114117,AYMARAES,2018,08,11,0.6,23.9,-999
114117,AYMARAES,2018,08,12,5.6,25.4,-999
114117,AYMARAES,2018,08,13,0.0,25.0,-999
114117,AYMARAES,2018,08,14,0.0,23.2,-999
114117,AYMARAES,2018,08,15,0.0,26.4,-999
114117,AYMARAES,2018,08,16,0.0,27.4,-999
114117,AYMARAES,2018,08,17,0.0,20.6,-999
114117,AYMARAES,2018,08,18,0.0,28.2,-999
114117,AYMARAES,2018,08,19,0.0,27.0,-999
114117,AYMARAES,2018,08,20,2.2,20.6,-999
114117,AYMARAES,2018,08,21,0.0,25.2,-999
114117,AYMARAES,2018,08,22,0.0,24.9,-999
114117,AYMARAES,2018,08,23,0.0,26.2,-999
114117,AYMARAES,2018,08,24,0.0,-999,-999
114117,AYMARAES,2018,08,25,3.4,27.0,-999
114117,AYMARAES,2018,08,26,6.2,24.9,-999
114117,AYMARAES,2018,08,27,0.0,23.1,-999
114117,AYMARAES,2018,08,28,0.0,25.0,-999
114117,AYMARAES,2018,08,29,0.0,26.5,-999
114117,AYMARAES,2018,08,30,0.0,25.0,-999
114117,AYMARAES,2018,08,31,0.0,26.6,-999
114117,AYMARAES,2018,09,01,0.0,30.0,-999
114117,AYMARAES,2018,09,02,0.0,30.4,-999
114117,AYMARAES,2018,09,03,0.0,29.6,-999
114117,AYMARAES,2018,09,04,0.0,25.3,-999
114117,AYMARAES,2018,09,05,0.0,25.8,-999
114117,AYMARAES,2018,09,06,0.0,28.1,-999
114117,AYMARAES,2018,09,07,0.0,29.5,-999
114117,AYMARAES,2018,09,08,0.0,30.0,-999
114117,AYMARAES,2018,09,09,0.0,30.6,-999
114117,AYMARAES,2018,09,10,0.0,26.4,-999
114117,AYMARAES,2018,09,11,0.0,24.6,-999
114117,AYMARAES,2018,09,12,0.0,29.8,-999
114117,AYMARAES,2018,09,13,0.0,30.8,-999
114117,AYMARAES,2018,09,14,0.0,29.6,-999
114117,AYMARAES,2018,09,15,0.0,28.2,-999
114117,AYMARAES,2018,09,16,0.0,30.0,-999
114117,AYMARAES,2018,09,17,0.0,29.4,-999
114117,AYMARAES,2018,09,18,0.0,29.5,-999
114117,AYMARAES,2018,09,19,0.0,30.6,-999
114117,AYMARAES,2018,09,20,1.6,29.1,-999
114117,AYMARAES,2018,09,21,0.0,28.9,-999
114117,AYMARAES,2018,09,22,0.0,30.6,-999
114117,AYMARAES,2018,09,23,0.0,30.0,-999
114117,AYMARAES,2018,09,24,0.0,29.2,-999
114117,AYMARAES,2018,09,25,0.0,28.2,-999
114117,AYMARAES,2018,09,26,0.0,28.2,-999
114117,AYMARAES,2018,09,27,0.0,28.6,-999
114117,AYMARAES,2018,09,28,0.0,29.0,-999
114117,AYMARAES,2018,09,29,0.0,32.6,-999
114117,AYMARAES,2018,09,30,0.0,32.2,-999
114117,AYMARAES,2018,10,01,0.0,30.4,-999
114117,AYMARAES,2018,10,02,0.0,28.6,-999
114117,AYMARAES,2018,10,03,0.0,26.2,-999
114117,AYMARAES,2018,10,04,0.0,24.8,-999
114117,AYMARAES,2018,10,05,0.0,25.6,-999
114117,AYMARAES,2018,10,06,12.2,28.2,-999
114117,AYMARAES,2018,10,07,0.0,28.3,-999
114117,AYMARAES,2018,10,08,0.0,30.1,-999
114117,AYMARAES,2018,10,09,0.0,31.2,-999
114117,AYMARAES,2018,10,10,0.0,29.8,-999
114117,AYMARAES,2018,10,11,0.0,31.2,-999
114117,AYMARAES,2018,10,12,0.0,31.6,-999
114117,AYMARAES,2018,10,13,25.0,25.2,-999
114117,AYMARAES,2018,10,14,10.6,19.2,-999
114117,AYMARAES,2018,10,15,0.0,23.2,-999
114117,AYMARAES,2018,10,16,0.6,24.6,-999
114117,AYMARAES,2018,10,17,0.0,25.1,-999
114117,AYMARAES,2018,10,18,1.8,24.8,-999
114117,AYMARAES,2018,10,19,0.0,25.2,-999
114117,AYMARAES,2018,10,20,8.6,24.2,-999
114117,AYMARAES,2018,10,21,4.2,25.2,-999
114117,AYMARAES,2018,10,22,0.0,25.6,-999
114117,AYMARAES,2018,10,23,0.0,26.0,-999
114117,AYMARAES,2018,10,24,0.0,24.8,-999
114117,AYMARAES,2018,10,25,0.0,25.7,-999
114117,AYMARAES,2018,10,26,0.0,26.0,-999
114117,AYMARAES,2018,10,27,0.0,24.2,-999
114117,AYMARAES,2018,10,28,0.0,31.8,-999
114117,AYMARAES,2018,10,29,0.0,30.8,-999
114117,AYMARAES,2018,10,30,0.4,26.4,-999
114117,AYMARAES,2018,10,31,2.4,24.6,-999
114117,AYMARAES,2018,11,01,3.8,27.4,-999
114117,AYMARAES,2018,11,02,0.0,28.2,-999
114117,AYMARAES,2018,11,03,0.6,27.6,-999
114117,AYMARAES,2018,11,04,0.0,28.7,-999
114117,AYMARAES,2018,11,05,0.0,29.2,-999
114117,AYMARAES,2018,11,06,0.0,28.4,-999
114117,AYMARAES,2018,11,07,6.2,29.0,-999
114117,AYMARAES,2018,11,08,0.0,27.6,-999
114117,AYMARAES,2018,11,09,0.0,28.2,-999
114117,AYMARAES,2018,11,10,0.0,30.0,-999
114117,AYMARAES,2018,11,11,0.0,27.2,-999
114117,AYMARAES,2018,11,12,0.0,27.3,-999
114117,AYMARAES,2018,11,13,0.0,26.8,-999
114117,AYMARAES,2018,11,14,0.0,30.4,-999
114117,AYMARAES,2018,11,15,0.7,25.1,-999
114117,AYMARAES,2018,11,16,0.6,26.5,-999
114117,AYMARAES,2018,11,17,0.0,30.6,-999
114117,AYMARAES,2018,11,18,6.4,29.4,-999
114117,AYMARAES,2018,11,19,0.0,25.7,-999
114117,AYMARAES,2018,11,20,0.0,29.8,-999
114117,AYMARAES,2018,11,21,0.0,31.6,-999
114117,AYMARAES,2018,11,22,0.0,29.9,-999
114117,AYMARAES,2018,11,23,0.0,32.6,-999
114117,AYMARAES,2018,11,24,0.0,29.2,-999
114117,AYMARAES,2018,11,25,0.8,26.8,-999
114117,AYMARAES,2018,11,26,3.9,25.5,-999
114117,AYMARAES,2018,11,27,0.0,31.3,-999
114117,AYMARAES,2018,11,28,0.0,30.6,-999
114117,AYMARAES,2018,11,29,0.0,30.4,-999
114117,AYMARAES,2018,11,30,0.0,31.0,-999
114117,AYMARAES,2018,12,01,0.0,32.1,-999
114117,AYMARAES,2018,12,02,0.0,30.8,-999
114117,AYMARAES,2018,12,03,0.0,31.2,-999
114117,AYMARAES,2018,12,04,0.0,32.2,-999
114117,AYMARAES,2018,12,05,0.0,33.2,-999
114117,AYMARAES,2018,12,06,0.0,29.1,-999
114117,AYMARAES,2018,12,07,0.6,27.4,-999
114117,AYMARAES,2018,12,08,0.0,25.0,-999
114117,AYMARAES,2018,12,09,0.0,32.6,-999
114117,AYMARAES,2018,12,10,0.0,29.6,-999
114117,AYMARAES,2018,12,11,0.0,30.4,-999
114117,AYMARAES,2018,12,12,0.0,32.4,-999
114117,AYMARAES,2018,12,13,0.0,30.6,-999
114117,AYMARAES,2018,12,14,0.0,31.2,-999
114117,AYMARAES,2018,12,15,0.0,30.8,-999
114117,AYMARAES,2018,12,16,5.6,25.9,-999
114117,AYMARAES,2018,12,17,7.3,24.0,-999
114117,AYMARAES,2018,12,18,4.2,23.2,-999
114117,AYMARAES,2018,12,19,0.0,25.9,-999
114117,AYMARAES,2018,12,20,0.0,24.1,-999
114117,AYMARAES,2018,12,21,0.0,25.1,-999
114117,AYMARAES,2018,12,22,0.0,30.6,-999
114117,AYMARAES,2018,12,23,0.0,29.8,-999
114117,AYMARAES,2018,12,24,7.6,30.6,-999
114117,AYMARAES,2018,12,25,0.0,28.0,-999
114117,AYMARAES,2018,12,26,4.4,27.6,-999
114117,AYMARAES,2018,12,27,0.0,29.2,-999
114117,AYMARAES,2018,12,28,0.4,28.2,-999
114117,AYMARAES,2018,12,29,3.6,29.5,-999
114117,AYMARAES,2018,12,30,16.4,28.2,-999
114117,AYMARAES,2018,12,31,23.2,25.2,-999
114117,AYMARAES,2019,01,01,0.0,25.7,-999
114117,AYMARAES,2019,01,02,0.0,26.2,-999
114117,AYMARAES,2019,01,03,0.6,25.8,-999
114117,AYMARAES,2019,01,04,4.2,25.0,-999
114117,AYMARAES,2019,01,05,0.0,29.4,-999
114117,AYMARAES,2019,01,06,0.0,30.6,-999
114117,AYMARAES,2019,01,07,0.0,31.2,-999
114117,AYMARAES,2019,01,08,0.0,30.2,-999
114117,AYMARAES,2019,01,09,0.0,29.0,-999
114117,AYMARAES,2019,01,10,0.0,23.9,-999
114117,AYMARAES,2019,01,11,1.7,22.3,-999
114117,AYMARAES,2019,01,12,14.2,28.1,-999
114117,AYMARAES,2019,01,13,12.8,28.2,-999
114117,AYMARAES,2019,01,14,19.4,26.2,-999
114117,AYMARAES,2019,01,15,29.3,24.6,-999
114117,AYMARAES,2019,01,16,18.2,24.0,-999
114117,AYMARAES,2019,01,17,16.8,26.2,-999
114117,AYMARAES,2019,01,18,20.8,24.2,-999
114117,AYMARAES,2019,01,19,3.6,25.8,-999
114117,AYMARAES,2019,01,20,19.6,25.2,-999
114117,AYMARAES,2019,01,21,13.2,25.4,-999
114117,AYMARAES,2019,01,22,23.0,21.2,-999
114117,AYMARAES,2019,01,23,26.9,21.0,-999
114117,AYMARAES,2019,01,24,11.9,25.8,-999
114117,AYMARAES,2019,01,25,8.2,25.3,-999
114117,AYMARAES,2019,01,26,6.2,24.8,-999
114117,AYMARAES,2019,01,27,9.7,23.1,-999
114117,AYMARAES,2019,01,28,4.7,21.5,-999
114117,AYMARAES,2019,01,29,5.8,20.9,-999
114117,AYMARAES,2019,01,30,15.4,21.0,-999
114117,AYMARAES,2019,01,31,0.6,22.7,-999
114117,AYMARAES,2019,02,01,8.6,25.2,-999
114117,AYMARAES,2019,02,02,8.2,25.0,-999
114117,AYMARAES,2019,02,03,24.2,28.0,-999
114117,AYMARAES,2019,02,04,28.8,24.2,-999
114117,AYMARAES,2019,02,05,5.2,25.3,-999
114117,AYMARAES,2019,02,06,17.3,25.8,-999
114117,AYMARAES,2019,02,07,0.0,22.5,-999
114117,AYMARAES,2019,02,08,9.0,23.0,-999
114117,AYMARAES,2019,02,09,0.0,23.6,-999
114117,AYMARAES,2019,02,10,12.6,26.8,-999
114117,AYMARAES,2019,02,11,3.4,25.7,-999
114117,AYMARAES,2019,02,12,0.0,20.7,-999
114117,AYMARAES,2019,02,13,0.4,28.4,-999
114117,AYMARAES,2019,02,14,10.5,24.1,-999
114117,AYMARAES,2019,02,15,19.6,26.7,-999
114117,AYMARAES,2019,02,16,3.4,27.2,-999
114117,AYMARAES,2019,02,17,8.6,26.0,-999
114117,AYMARAES,2019,02,18,6.8,24.2,-999
114117,AYMARAES,2019,02,19,0.0,25.2,-999
114117,AYMARAES,2019,02,20,12.0,25.5,-999
114117,AYMARAES,2019,02,21,27.6,24.3,-999
114117,AYMARAES,2019,02,22,0.0,28.2,-999
114117,AYMARAES,2019,02,23,0.4,29.0,-999
114117,AYMARAES,2019,02,24,2.6,24.8,-999
114117,AYMARAES,2019,02,25,0.0,28.6,-999
114117,AYMARAES,2019,02,26,0.4,29.5,-999
114117,AYMARAES,2019,02,27,0.0,24.2,-999
114117,AYMARAES,2019,02,28,5.2,26.2,-999
114117,AYMARAES,2019,03,01,15.6,24.2,-999
114117,AYMARAES,2019,03,02,0.0,23.6,-999
114117,AYMARAES,2019,03,03,10.8,25.6,-999
114117,AYMARAES,2019,03,04,5.2,26.2,-999
114117,AYMARAES,2019,03,05,2.0,28.2,-999
114117,AYMARAES,2019,03,06,18.0,24.7,-999
114117,AYMARAES,2019,03,07,9.8,27.4,-999
114117,AYMARAES,2019,03,08,9.3,25.6,-999
114117,AYMARAES,2019,03,09,4.2,23.2,-999
114117,AYMARAES,2019,03,10,9.6,27.7,-999
114117,AYMARAES,2019,03,11,19.4,24.0,-999
114117,AYMARAES,2019,03,12,4.6,26.0,-999
114117,AYMARAES,2019,03,13,8.8,25.6,-999
114117,AYMARAES,2019,03,14,1.9,24.2,-999
114117,AYMARAES,2019,03,15,2.0,23.2,-999
114117,AYMARAES,2019,03,16,0.0,25.2,-999
114117,AYMARAES,2019,03,17,12.4,24.2,-999
114117,AYMARAES,2019,03,18,3.6,23.6,-999
114117,AYMARAES,2019,03,19,0.0,24.5,-999
114117,AYMARAES,2019,03,20,0.8,21.1,-999
114117,AYMARAES,2019,03,21,0.0,23.2,-999
114117,AYMARAES,2019,03,22,3.2,24.8,-999
114117,AYMARAES,2019,03,23,0.0,26.0,-999
114117,AYMARAES,2019,03,24,5.4,24.2,-999
114117,AYMARAES,2019,03,25,0.0,22.0,-999
114117,AYMARAES,2019,03,26,0.0,24.0,-999
114117,AYMARAES,2019,03,27,3.4,23.6,-999
114117,AYMARAES,2019,03,28,2.6,20.5,-999
114117,AYMARAES,2019,03,29,6.7,21.4,-999
114117,AYMARAES,2019,03,30,5.2,25.4,-999
114117,AYMARAES,2019,03,31,0.0,24.6,-999
114117,AYMARAES,2019,04,01,2.4,25.1,-999
114117,AYMARAES,2019,04,02,10.0,25.0,-999
114117,AYMARAES,2019,04,03,0.0,28.1,-999
114117,AYMARAES,2019,04,04,0.0,28.9,-999
114117,AYMARAES,2019,04,05,0.0,29.2,-999
114117,AYMARAES,2019,04,06,0.0,24.2,-999
114117,AYMARAES,2019,04,07,2.2,26.8,-999
114117,AYMARAES,2019,04,08,0.0,25.0,-999
114117,AYMARAES,2019,04,09,0.0,26.1,-999
114117,AYMARAES,2019,04,10,0.0,24.5,-999
114117,AYMARAES,2019,04,11,0.0,25.4,-999
114117,AYMARAES,2019,04,12,0.0,27.2,-999
114117,AYMARAES,2019,04,13,0.0,27.2,-999
114117,AYMARAES,2019,04,14,0.0,25.3,-999
114117,AYMARAES,2019,04,15,0.0,24.0,-999
114117,AYMARAES,2019,04,16,6.5,22.3,-999
114117,AYMARAES,2019,04,17,0.0,22.8,-999
114117,AYMARAES,2019,04,18,5.8,25.0,-999
114117,AYMARAES,2019,04,19,2.4,25.2,-999
114117,AYMARAES,2019,04,20,3.4,24.5,-999
114117,AYMARAES,2019,04,21,0.0,26.2,-999
114117,AYMARAES,2019,04,22,0.0,23.9,-999
114117,AYMARAES,2019,04,23,0.0,24.3,-999
114117,AYMARAES,2019,04,24,0.0,21.9,-999
114117,AYMARAES,2019,04,25,0.6,22.1,-999
114117,AYMARAES,2019,04,26,0.0,24.2,-999
114117,AYMARAES,2019,04,27,0.0,28.0,-999
114117,AYMARAES,2019,04,28,2.4,28.6,-999
114117,AYMARAES,2019,04,29,0.0,24.5,-999
114117,AYMARAES,2019,04,30,0.8,21.8,-999
114117,AYMARAES,2019,05,01,0.0,28.0,-999
114117,AYMARAES,2019,05,02,0.0,25.0,-999
114117,AYMARAES,2019,05,03,0.0,29.3,-999
114117,AYMARAES,2019,05,04,0.0,25.6,-999
114117,AYMARAES,2019,05,05,0.0,26.2,-999
114117,AYMARAES,2019,05,06,0.9,22.1,-999
114117,AYMARAES,2019,05,07,0.0,24.6,-999
114117,AYMARAES,2019,05,08,0.0,25.8,-999
114117,AYMARAES,2019,05,09,0.0,24.9,-999
114117,AYMARAES,2019,05,10,0.0,30.2,-999
114117,AYMARAES,2019,05,11,0.0,24.8,-999
114117,AYMARAES,2019,05,12,4.7,23.3,-999
114117,AYMARAES,2019,05,13,0.0,24.0,-999
114117,AYMARAES,2019,05,14,0.0,25.0,-999
114117,AYMARAES,2019,05,15,2.0,26.4,-999
114117,AYMARAES,2019,05,16,0.0,28.9,-999
114117,AYMARAES,2019,05,17,0.0,-999,-999
114117,AYMARAES,2019,05,18,0.0,30.0,-999
114117,AYMARAES,2019,05,19,0.0,29.8,-999
114117,AYMARAES,2019,05,20,0.0,28.2,-999
114117,AYMARAES,2019,05,21,0.0,29.2,-999
114117,AYMARAES,2019,05,22,0.4,29.7,-999
114117,AYMARAES,2019,05,23,0.0,28.2,-999
114117,AYMARAES,2019,05,24,0.0,29.2,-999
114117,AYMARAES,2019,05,25,0.0,28.0,-999
114117,AYMARAES,2019,05,26,0.0,26.0,-999
114117,AYMARAES,2019,05,27,0.0,27.8,-999
114117,AYMARAES,2019,05,28,0.0,28.6,-999
114117,AYMARAES,2019,05,29,0.0,26.7,-999
114117,AYMARAES,2019,05,30,0.0,29.8,-999
114117,AYMARAES,2019,05,31,0.0,30.4,-999
114117,AYMARAES,2019,06,01,0.0,29.8,-999
114117,AYMARAES,2019,06,02,0.0,30.0,-999
114117,AYMARAES,2019,06,03,0.0,28.2,-999
114117,AYMARAES,2019,06,04,0.0,25.6,-999
114117,AYMARAES,2019,06,05,0.0,27.5,-999
114117,AYMARAES,2019,06,06,0.0,26.4,-999
114117,AYMARAES,2019,06,07,0.0,28.3,-999
114117,AYMARAES,2019,06,08,0.0,26.4,-999
114117,AYMARAES,2019,06,09,0.0,29.6,-999
114117,AYMARAES,2019,06,10,0.0,28.2,-999
114117,AYMARAES,2019,06,11,0.0,26.0,-999
114117,AYMARAES,2019,06,12,0.0,25.2,-999
114117,AYMARAES,2019,06,13,0.0,24.8,-999
114117,AYMARAES,2019,06,14,0.0,26.2,-999
114117,AYMARAES,2019,06,15,0.0,25.7,-999
114117,AYMARAES,2019,06,16,3.6,23.2,-999
114117,AYMARAES,2019,06,17,0.0,25.6,-999
114117,AYMARAES,2019,06,18,0.0,26.1,-999
114117,AYMARAES,2019,06,19,0.0,26.4,-999
114117,AYMARAES,2019,06,20,0.0,25.6,-999
114117,AYMARAES,2019,06,21,0.0,28.2,-999
114117,AYMARAES,2019,06,22,0.0,27.3,-999
114117,AYMARAES,2019,06,23,0.0,28.8,-999
114117,AYMARAES,2019,06,24,0.0,30.0,-999
114117,AYMARAES,2019,06,25,0.0,29.8,-999
114117,AYMARAES,2019,06,26,0.0,30.0,-999
114117,AYMARAES,2019,06,27,0.0,24.0,-999
114117,AYMARAES,2019,06,28,0.0,23.5,-999
114117,AYMARAES,2019,06,29,0.0,22.0,-999
114117,AYMARAES,2019,06,30,0.0,30.0,-999
114117,AYMARAES,2019,07,01,0.0,28.9,-999
114117,AYMARAES,2019,07,02,0.0,29.4,-999
114117,AYMARAES,2019,07,03,0.0,29.8,-999
114117,AYMARAES,2019,07,04,0.0,30.0,-999
114117,AYMARAES,2019,07,05,0.0,25.6,-999
114117,AYMARAES,2019,07,06,0.0,28.2,-999
114117,AYMARAES,2019,07,07,0.0,28.6,-999
114117,AYMARAES,2019,07,08,0.0,28.6,-999
114117,AYMARAES,2019,07,09,0.0,29.6,-999
114117,AYMARAES,2019,07,10,0.0,30.0,-999
114117,AYMARAES,2019,07,11,0.0,29.8,-999
114117,AYMARAES,2019,07,12,0.0,30.0,-999
114117,AYMARAES,2019,07,13,0.0,28.2,-999
114117,AYMARAES,2019,07,14,0.0,29.5,-999
114117,AYMARAES,2019,07,15,0.0,29.9,-999
114117,AYMARAES,2019,07,16,0.0,24.8,-999
114117,AYMARAES,2019,07,17,4.8,20.2,-999
114117,AYMARAES,2019,07,18,0.8,25.6,-999
114117,AYMARAES,2019,07,19,0.0,23.4,-999
114117,AYMARAES,2019,07,20,0.0,23.9,-999
114117,AYMARAES,2019,07,21,0.0,25.6,-999
114117,AYMARAES,2019,07,22,6.8,27.2,-999
114117,AYMARAES,2019,07,23,0.6,23.4,-999
114117,AYMARAES,2019,07,24,0.0,22.8,-999
114117,AYMARAES,2019,07,25,0.0,26.2,-999
114117,AYMARAES,2019,07,26,0.0,28.2,-999
114117,AYMARAES,2019,07,27,0.0,27.2,-999
114117,AYMARAES,2019,07,28,0.0,27.4,-999
114117,AYMARAES,2019,07,29,0.0,28.2,-999
114117,AYMARAES,2019,07,30,0.0,27.2,-999
114117,AYMARAES,2019,07,31,0.0,27.0,-999
114117,AYMARAES,2019,08,01,0.0,29.8,-999
114117,AYMARAES,2019,08,02,0.0,29.6,-999
114117,AYMARAES,2019,08,03,0.0,29.2,-999
114117,AYMARAES,2019,08,04,0.0,30.0,-999
114117,AYMARAES,2019,08,05,0.0,30.2,-999
114117,AYMARAES,2019,08,06,0.0,28.4,-999
114117,AYMARAES,2019,08,07,0.0,30.0,-999
114117,AYMARAES,2019,08,08,0.0,28.8,-999
114117,AYMARAES,2019,08,09,0.0,27.5,-999
114117,AYMARAES,2019,08,10,0.0,26.2,-999
114117,AYMARAES,2019,08,11,0.0,30.0,-999
114117,AYMARAES,2019,08,12,0.0,29.4,-999
114117,AYMARAES,2019,08,13,0.0,28.2,-999
114117,AYMARAES,2019,08,14,0.0,26.7,-999
114117,AYMARAES,2019,08,15,5.5,29.0,-999
114117,AYMARAES,2019,08,16,0.0,28.2,-999
114117,AYMARAES,2019,08,17,0.0,28.6,-999
114117,AYMARAES,2019,08,18,0.0,30.0,-999
114117,AYMARAES,2019,08,19,0.0,28.2,-999
114117,AYMARAES,2019,08,20,0.0,29.4,-999
114117,AYMARAES,2019,08,21,0.0,24.6,-999
114117,AYMARAES,2019,08,22,0.0,26.7,-999
114117,AYMARAES,2019,08,23,0.0,28.1,-999
114117,AYMARAES,2019,08,24,0.0,28.6,-999
114117,AYMARAES,2019,08,25,0.0,30.0,-999
114117,AYMARAES,2019,08,26,0.0,29.4,-999
114117,AYMARAES,2019,08,27,0.0,26.4,-999
114117,AYMARAES,2019,08,28,0.0,24.2,-999
114117,AYMARAES,2019,08,29,0.0,24.5,-999
114117,AYMARAES,2019,08,30,3.6,26.7,-999
114117,AYMARAES,2019,08,31,0.0,28.2,-999
114117,AYMARAES,2019,09,01,0.0,26.2,-999
114117,AYMARAES,2019,09,02,0.0,25.6,-999
114117,AYMARAES,2019,09,03,0.0,19.6,-999
114117,AYMARAES,2019,09,04,0.0,24.8,-999
114117,AYMARAES,2019,09,05,0.0,20.8,-999
114117,AYMARAES,2019,09,06,0.0,20.6,-999
114117,AYMARAES,2019,09,07,3.4,23.2,-999
114117,AYMARAES,2019,09,08,2.0,27.2,-999
114117,AYMARAES,2019,09,09,0.0,26.2,-999
114117,AYMARAES,2019,09,10,0.0,23.2,-999
114117,AYMARAES,2019,09,11,5.2,22.3,-999
114117,AYMARAES,2019,09,12,0.0,21.9,-999
114117,AYMARAES,2019,09,13,0.0,20.6,-999
114117,AYMARAES,2019,09,14,0.8,19.2,-999
114117,AYMARAES,2019,09,15,0.0,28.1,-999
114117,AYMARAES,2019,09,16,0.0,28.4,-999
114117,AYMARAES,2019,09,17,0.0,26.2,-999
114117,AYMARAES,2019,09,18,0.0,28.0,-999
114117,AYMARAES,2019,09,19,0.0,25.9,-999
114117,AYMARAES,2019,09,20,6.7,19.0,-999
114117,AYMARAES,2019,09,21,0.0,18.4,-999
114117,AYMARAES,2019,09,22,8.8,24.0,-999
114117,AYMARAES,2019,09,23,0.0,25.6,-999
114117,AYMARAES,2019,09,24,0.0,27.2,-999
114117,AYMARAES,2019,09,25,0.8,27.8,-999
114117,AYMARAES,2019,09,26,0.0,28.7,-999
114117,AYMARAES,2019,09,27,0.0,29.0,-999
114117,AYMARAES,2019,09,28,0.0,26.7,-999
114117,AYMARAES,2019,09,29,2.4,29.2,-999
114117,AYMARAES,2019,09,30,1.6,28.2,-999
114117,AYMARAES,2019,10,01,0.8,18.9,-999
114117,AYMARAES,2019,10,02,1.5,20.0,-999
114117,AYMARAES,2019,10,03,2.4,20.6,-999
114117,AYMARAES,2019,10,04,0.0,23.6,-999
114117,AYMARAES,2019,10,05,0.0,-999,-999
114117,AYMARAES,2019,10,06,0.0,29.4,-999
114117,AYMARAES,2019,10,07,0.0,29.6,-999
114117,AYMARAES,2019,10,08,0.0,29.8,-999
114117,AYMARAES,2019,10,09,0.0,29.4,-999
114117,AYMARAES,2019,10,10,0.0,28.6,-999
114117,AYMARAES,2019,10,11,2.8,28.5,-999
114117,AYMARAES,2019,10,12,0.0,21.4,-999
114117,AYMARAES,2019,10,13,0.0,22.1,-999
114117,AYMARAES,2019,10,14,0.0,26.8,-999
114117,AYMARAES,2019,10,15,0.0,27.2,-999
114117,AYMARAES,2019,10,16,0.0,26.9,-999
114117,AYMARAES,2019,10,17,0.8,22.8,-999
114117,AYMARAES,2019,10,18,6.3,18.8,-999
114117,AYMARAES,2019,10,19,4.6,19.0,-999
114117,AYMARAES,2019,10,20,0.0,28.6,-999
114117,AYMARAES,2019,10,21,0.0,29.1,-999
114117,AYMARAES,2019,10,22,0.0,29.5,-999
114117,AYMARAES,2019,10,23,0.0,29.3,-999
114117,AYMARAES,2019,10,24,0.0,28.2,-999
114117,AYMARAES,2019,10,25,5.6,29.6,-999
114117,AYMARAES,2019,10,26,0.0,27.4,-999
114117,AYMARAES,2019,10,27,2.6,29.6,-999
114117,AYMARAES,2019,10,28,0.0,28.2,-999
114117,AYMARAES,2019,10,29,0.0,29.8,-999
114117,AYMARAES,2019,10,30,0.0,28.2,-999
114117,AYMARAES,2019,10,31,0.0,25.4,-999
114117,AYMARAES,2019,11,01,2.4,28.2,-999
114117,AYMARAES,2019,11,02,0.0,27.2,-999
114117,AYMARAES,2019,11,03,9.6,30.0,-999
114117,AYMARAES,2019,11,04,5.0,25.2,-999
114117,AYMARAES,2019,11,05,0.0,23.6,-999
114117,AYMARAES,2019,11,06,0.8,23.9,-999
114117,AYMARAES,2019,11,07,4.5,23.5,-999
114117,AYMARAES,2019,11,08,0.4,24.0,-999
114117,AYMARAES,2019,11,09,5.4,24.2,-999
114117,AYMARAES,2019,11,10,0.0,24.4,-999
114117,AYMARAES,2019,11,11,0.0,23.8,-999
114117,AYMARAES,2019,11,12,0.0,25.2,-999
114117,AYMARAES,2019,11,13,0.0,24.2,-999
114117,AYMARAES,2019,11,14,0.0,24.9,-999
114117,AYMARAES,2019,11,15,0.0,25.3,-999
114117,AYMARAES,2019,11,16,0.0,30.6,-999
114117,AYMARAES,2019,11,17,6.2,31.2,-999
114117,AYMARAES,2019,11,18,0.6,26.9,-999
114117,AYMARAES,2019,11,19,12.0,28.6,-999
114117,AYMARAES,2019,11,20,0.0,25.6,-999
114117,AYMARAES,2019,11,21,0.0,29.2,-999
114117,AYMARAES,2019,11,22,2.6,31.6,-999
114117,AYMARAES,2019,11,23,0.0,28.0,-999
114117,AYMARAES,2019,11,24,8.6,29.2,-999
114117,AYMARAES,2019,11,25,7.8,22.3,-999
114117,AYMARAES,2019,11,26,0.0,26.1,-999
114117,AYMARAES,2019,11,27,0.0,25.2,-999
114117,AYMARAES,2019,11,28,0.0,26.8,-999
114117,AYMARAES,2019,11,29,0.0,31.6,-999
114117,AYMARAES,2019,11,30,0.0,30.4,-999
114117,AYMARAES,2019,12,01,3.4,28.2,-999
114117,AYMARAES,2019,12,02,0.4,26.2,-999
114117,AYMARAES,2019,12,03,0.0,27.5,-999
114117,AYMARAES,2019,12,04,0.0,28.0,-999
114117,AYMARAES,2019,12,05,0.6,25.8,-999
114117,AYMARAES,2019,12,06,0.0,23.9,-999
114117,AYMARAES,2019,12,07,0.0,28.7,-999
114117,AYMARAES,2019,12,08,0.0,29.0,-999
114117,AYMARAES,2019,12,09,0.6,28.2,-999
114117,AYMARAES,2019,12,10,0.0,29.8,-999
114117,AYMARAES,2019,12,11,0.0,30.0,-999
114117,AYMARAES,2019,12,12,6.7,26.5,-999
114117,AYMARAES,2019,12,13,9.5,28.2,-999
114117,AYMARAES,2019,12,14,10.1,27.9,-999
114117,AYMARAES,2019,12,15,2.4,23.6,-999
114117,AYMARAES,2019,12,16,0.4,26.4,-999
114117,AYMARAES,2019,12,17,0.0,28.4,-999
114117,AYMARAES,2019,12,18,4.6,26.2,-999
114117,AYMARAES,2019,12,19,0.0,24.2,-999
114117,AYMARAES,2019,12,20,0.4,25.8,-999
114117,AYMARAES,2019,12,21,8.0,24.0,-999
114117,AYMARAES,2019,12,22,14.4,28.9,-999
114117,AYMARAES,2019,12,23,6.7,29.3,-999
114117,AYMARAES,2019,12,24,8.0,20.0,-999
114117,AYMARAES,2019,12,25,18.4,24.6,-999
114117,AYMARAES,2019,12,26,4.5,23.2,-999
114117,AYMARAES,2019,12,27,0.0,25.2,-999
114117,AYMARAES,2019,12,28,3.6,26.2,-999
114117,AYMARAES,2019,12,29,0.0,29.2,-999
114117,AYMARAES,2019,12,30,0.0,30.0,-999
114117,AYMARAES,2019,12,31,0.0,29.8,-999
114117,AYMARAES,2020,01,01,5.0,29.8,-999
114117,AYMARAES,2020,01,02,6.0,28.6,-999
114117,AYMARAES,2020,01,03,0.0,23.6,-999
114117,AYMARAES,2020,01,04,0.0,24.8,-999
114117,AYMARAES,2020,01,05,13.9,26.2,-999
114117,AYMARAES,2020,01,06,0.0,26.7,-999
114117,AYMARAES,2020,01,07,0.0,27.1,-999
114117,AYMARAES,2020,01,08,0.0,30.4,-999
114117,AYMARAES,2020,01,09,0.0,26.2,-999
114117,AYMARAES,2020,01,10,0.0,27.2,-999
114117,AYMARAES,2020,01,11,5.2,24.6,-999
114117,AYMARAES,2020,01,12,4.6,29.0,-999
114117,AYMARAES,2020,01,13,0.8,27.2,-999
114117,AYMARAES,2020,01,14,11.8,19.9,-999
114117,AYMARAES,2020,01,15,15.6,23.6,-999
114117,AYMARAES,2020,01,16,23.2,24.0,-999
114117,AYMARAES,2020,01,17,1.4,25.2,-999
114117,AYMARAES,2020,01,18,13.2,25.8,-999
114117,AYMARAES,2020,01,19,0.0,27.2,-999
114117,AYMARAES,2020,01,20,2.8,26.2,-999
114117,AYMARAES,2020,01,21,22.8,19.8,-999
114117,AYMARAES,2020,01,22,25.0,18.2,-999
114117,AYMARAES,2020,01,23,14.2,22.9,-999
114117,AYMARAES,2020,01,24,5.2,21.6,-999
114117,AYMARAES,2020,01,25,2.8,23.4,-999
114117,AYMARAES,2020,01,26,0.0,28.6,-999
114117,AYMARAES,2020,01,27,0.0,28.9,-999
114117,AYMARAES,2020,01,28,0.0,27.9,-999
114117,AYMARAES,2020,01,29,4.6,26.1,-999
114117,AYMARAES,2020,01,30,6.3,25.2,-999
114117,AYMARAES,2020,01,31,1.6,19.5,-999
114117,AYMARAES,2020,02,01,16.1,18.6,-999
114117,AYMARAES,2020,02,02,13.4,28.6,-999
114117,AYMARAES,2020,02,03,0.0,25.4,-999
114117,AYMARAES,2020,02,04,0.0,26.2,-999
114117,AYMARAES,2020,02,05,2.4,25.4,-999
114117,AYMARAES,2020,02,06,1.1,24.1,-999
114117,AYMARAES,2020,02,07,0.0,28.2,-999
114117,AYMARAES,2020,02,08,15.0,20.8,-999
114117,AYMARAES,2020,02,09,1.6,22.3,-999
114117,AYMARAES,2020,02,10,22.2,19.8,-999
114117,AYMARAES,2020,02,11,9.2,18.6,-999
114117,AYMARAES,2020,02,12,26.8,18.1,-999
114117,AYMARAES,2020,02,13,6.2,20.6,-999
114117,AYMARAES,2020,02,14,5.1,19.5,-999
114117,AYMARAES,2020,02,15,6.2,20.4,-999
114117,AYMARAES,2020,02,16,5.7,20.9,-999
114117,AYMARAES,2020,02,17,0.0,22.3,-999
114117,AYMARAES,2020,02,18,17.4,24.4,-999
114117,AYMARAES,2020,02,19,5.6,24.8,-999
114117,AYMARAES,2020,02,20,15.2,25.2,-999
114117,AYMARAES,2020,02,21,8.2,20.2,-999
114117,AYMARAES,2020,02,22,18.1,22.3,-999
114117,AYMARAES,2020,02,23,7.4,23.6,-999
114117,AYMARAES,2020,02,24,0.0,24.5,-999
114117,AYMARAES,2020,02,25,2.6,23.6,-999
114117,AYMARAES,2020,02,26,32.8,23.6,-999
114117,AYMARAES,2020,02,27,17.0,25.2,-999
114117,AYMARAES,2020,02,28,2.4,24.2,-999
114117,AYMARAES,2020,02,29,11.6,19.2,-999
114117,AYMARAES,2020,03,01,23.4,25.8,-999
114117,AYMARAES,2020,03,02,0.0,24.2,-999
114117,AYMARAES,2020,03,03,0.0,25.3,-999
114117,AYMARAES,2020,03,04,0.0,25.7,-999
114117,AYMARAES,2020,03,05,5.9,28.1,-999
114117,AYMARAES,2020,03,06,0.0,26.2,-999
114117,AYMARAES,2020,03,07,0.6,23.0,-999
114117,AYMARAES,2020,03,08,12.0,27.2,-999
114117,AYMARAES,2020,03,09,0.0,28.2,-999
114117,AYMARAES,2020,03,10,0.0,26.1,-999
114117,AYMARAES,2020,03,11,0.0,28.2,-999
114117,AYMARAES,2020,03,12,6.2,24.2,-999
114117,AYMARAES,2020,03,13,0.0,25.9,-999
114117,AYMARAES,2020,03,14,0.0,28.6,-999
114117,AYMARAES,2020,03,15,5.6,25.6,-999
114117,AYMARAES,2020,03,16,6.4,23.1,-999
114117,AYMARAES,2020,03,17,2.3,23.0,-999
114117,AYMARAES,2020,03,18,17.8,24.2,-999
114117,AYMARAES,2020,03,19,-999,-999,-999
114117,AYMARAES,2020,03,20,-999,-999,-999
114117,AYMARAES,2020,03,21,-999,-999,-999
114117,AYMARAES,2020,03,22,-999,-999,-999
114117,AYMARAES,2020,03,23,-999,-999,-999
114117,AYMARAES,2020,03,24,-999,-999,-999
114117,AYMARAES,2020,03,25,-999,-999,-999
114117,AYMARAES,2020,03,26,-999,-999,-999
114117,AYMARAES,2020,03,27,-999,-999,-999
114117,AYMARAES,2020,03,28,-999,-999,-999
114117,AYMARAES,2020,03,29,-999,-999,-999
114117,AYMARAES,2020,03,30,-999,-999,-999
114117,AYMARAES,2020,03,31,-999,-999,-999
114117,AYMARAES,2020,07,01,0.0,30.6,-999
114117,AYMARAES,2020,07,02,0.0,30.0,-999
114117,AYMARAES,2020,07,03,0.0,29.9,-999
114117,AYMARAES,2020,07,04,0.0,28.7,-999
114117,AYMARAES,2020,07,05,0.0,28.6,-999
114117,AYMARAES,2020,07,06,0.0,26.1,-999
114117,AYMARAES,2020,07,07,0.0,27.1,-999
114117,AYMARAES,2020,07,08,0.0,30.0,-999
114117,AYMARAES,2020,07,09,0.0,28.2,-999
114117,AYMARAES,2020,07,10,0.0,24.6,-999
114117,AYMARAES,2020,07,11,0.0,30.2,-999
114117,AYMARAES,2020,07,12,0.0,29.9,-999
114117,AYMARAES,2020,07,13,0.0,30.6,-999
114117,AYMARAES,2020,07,14,0.0,23.2,-999
114117,AYMARAES,2020,07,15,0.0,27.2,-999
114117,AYMARAES,2020,07,16,0.0,30.6,-999
114117,AYMARAES,2020,07,17,0.0,28.1,-999
114117,AYMARAES,2020,07,18,0.0,28.2,-999
114117,AYMARAES,2020,07,19,0.0,27.2,-999
114117,AYMARAES,2020,07,20,0.0,28.2,-999
114117,AYMARAES,2020,07,21,0.0,30.4,-999
114117,AYMARAES,2020,07,22,0.0,29.6,-999
114117,AYMARAES,2020,07,23,0.0,30.0,-999
114117,AYMARAES,2020,07,24,0.0,30.9,-999
114117,AYMARAES,2020,07,25,0.0,30.8,-999
114117,AYMARAES,2020,07,26,0.0,30.9,-999
114117,AYMARAES,2020,07,27,0.0,31.0,-999
114117,AYMARAES,2020,07,28,0.0,31.4,-999
114117,AYMARAES,2020,07,29,0.0,23.6,-999
114117,AYMARAES,2020,07,30,0.0,30.2,-999
114117,AYMARAES,2020,07,31,0.0,29.6,-999
114117,AYMARAES,2020,08,01,0.0,30.9,-999
114117,AYMARAES,2020,08,02,0.0,29.4,-999
114117,AYMARAES,2020,08,03,0.0,29.8,-999
114117,AYMARAES,2020,08,04,0.0,31.0,-999
114117,AYMARAES,2020,08,05,0.0,32.0,-999
114117,AYMARAES,2020,08,06,0.0,30.8,-999
114117,AYMARAES,2020,08,07,0.0,29.2,-999
114117,AYMARAES,2020,08,08,0.0,26.4,-999
114117,AYMARAES,2020,08,09,0.0,24.9,-999
114117,AYMARAES,2020,08,10,0.0,28.2,-999
114117,AYMARAES,2020,08,11,0.0,28.0,-999
114117,AYMARAES,2020,08,12,0.0,28.3,-999
114117,AYMARAES,2020,08,13,0.0,29.2,-999
114117,AYMARAES,2020,08,14,0.0,27.8,-999
114117,AYMARAES,2020,08,15,0.0,25.6,-999
114117,AYMARAES,2020,08,16,3.0,24.0,-999
114117,AYMARAES,2020,08,17,0.0,26.2,-999
114117,AYMARAES,2020,08,18,0.0,-999,-999
114117,AYMARAES,2020,08,19,0.0,28.2,-999
114117,AYMARAES,2020,08,20,0.0,26.2,-999
114117,AYMARAES,2020,08,21,0.0,26.9,-999
114117,AYMARAES,2020,08,22,0.0,24.2,-999
114117,AYMARAES,2020,08,23,0.0,25.0,-999
114117,AYMARAES,2020,08,24,0.0,29.3,-999
114117,AYMARAES,2020,08,25,0.0,23.8,-999
114117,AYMARAES,2020,08,26,0.0,26.8,-999
114117,AYMARAES,2020,08,27,0.0,30.1,-999
114117,AYMARAES,2020,08,28,0.0,30.6,-999
114117,AYMARAES,2020,08,29,0.0,28.0,-999
114117,AYMARAES,2020,08,30,0.0,28.6,-999
114117,AYMARAES,2020,08,31,0.0,22.6,-999
114117,AYMARAES,2020,09,01,0.0,23.6,-999
114117,AYMARAES,2020,09,02,0.0,25.2,-999
114117,AYMARAES,2020,09,03,0.0,26.2,-999
114117,AYMARAES,2020,09,04,0.0,27.8,-999
114117,AYMARAES,2020,09,05,0.0,24.7,-999
114117,AYMARAES,2020,09,06,0.0,25.8,-999
114117,AYMARAES,2020,09,07,0.0,25.1,-999
114117,AYMARAES,2020,09,08,1.6,25.6,-999
114117,AYMARAES,2020,09,09,0.6,24.8,-999
114117,AYMARAES,2020,09,10,0.0,26.0,-999
114117,AYMARAES,2020,09,11,0.0,28.2,-999
114117,AYMARAES,2020,09,12,0.0,26.8,-999
114117,AYMARAES,2020,09,13,0.0,29.0,-999
114117,AYMARAES,2020,09,14,0.8,26.5,-999
114117,AYMARAES,2020,09,15,4.2,22.0,-999
114117,AYMARAES,2020,09,16,0.0,29.0,-999
114117,AYMARAES,2020,09,17,0.0,30.0,-999
114117,AYMARAES,2020,09,18,0.0,23.6,-999
114117,AYMARAES,2020,09,19,0.0,24.0,-999
114117,AYMARAES,2020,09,20,0.0,30.0,-999
114117,AYMARAES,2020,09,21,0.0,27.6,-999
114117,AYMARAES,2020,09,22,0.0,30.8,-999
114117,AYMARAES,2020,09,23,0.0,28.2,-999
114117,AYMARAES,2020,09,24,0.0,26.2,-999
114117,AYMARAES,2020,09,25,0.0,30.0,-999
114117,AYMARAES,2020,09,26,0.0,30.6,-999
114117,AYMARAES,2020,09,27,0.0,29.8,-999
114117,AYMARAES,2020,09,28,0.0,29.8,-999
114117,AYMARAES,2020,09,29,6.0,21.9,-999
114117,AYMARAES,2020,09,30,0.0,20.9,-999
114117,AYMARAES,2020,10,01,0.0,22.6,-999
114117,AYMARAES,2020,10,02,3.8,26.2,-999
114117,AYMARAES,2020,10,03,3.6,25.6,-999
114117,AYMARAES,2020,10,04,0.8,19.8,-999
114117,AYMARAES,2020,10,05,0.0,22.4,-999
114117,AYMARAES,2020,10,06,0.0,26.4,-999
114117,AYMARAES,2020,10,07,7.8,24.6,-999
114117,AYMARAES,2020,10,08,21.9,21.8,-999
114117,AYMARAES,2020,10,09,0.0,28.2,-999
114117,AYMARAES,2020,10,10,0.0,29.6,-999
114117,AYMARAES,2020,10,11,8.4,29.0,-999
114117,AYMARAES,2020,10,12,0.0,29.6,-999
114117,AYMARAES,2020,10,13,0.0,28.8,-999
114117,AYMARAES,2020,10,14,7.0,19.0,-999
114117,AYMARAES,2020,10,15,2.4,17.2,-999
114117,AYMARAES,2020,10,16,0.0,24.0,-999
114117,AYMARAES,2020,10,17,0.0,28.2,-999
114117,AYMARAES,2020,10,18,0.0,29.2,-999
114117,AYMARAES,2020,10,19,0.0,30.0,-999
114117,AYMARAES,2020,10,20,2.4,-999,-999
114117,AYMARAES,2020,10,21,6.8,-999,-999
114117,AYMARAES,2020,10,22,4.6,19.3,-999
114117,AYMARAES,2020,10,23,6.8,29.2,-999
114117,AYMARAES,2020,10,24,0.0,26.2,-999
114117,AYMARAES,2020,10,25,0.0,30.0,-999
114117,AYMARAES,2020,10,26,0.0,30.3,-999
114117,AYMARAES,2020,10,27,0.0,31.4,-999
114117,AYMARAES,2020,10,28,0.0,30.4,-999
114117,AYMARAES,2020,10,29,0.0,31.6,-999
114117,AYMARAES,2020,10,30,0.0,30.0,-999
114117,AYMARAES,2020,10,31,0.0,22.6,-999
114117,AYMARAES,2020,11,01,0.0,32.4,-999
114117,AYMARAES,2020,11,02,0.0,29.8,-999
114117,AYMARAES,2020,11,03,5.2,30.0,-999
114117,AYMARAES,2020,11,04,0.0,30.4,-999
114117,AYMARAES,2020,11,05,0.0,30.2,-999
114117,AYMARAES,2020,11,06,0.0,29.8,-999
114117,AYMARAES,2020,11,07,0.0,25.8,-999
114117,AYMARAES,2020,11,08,11.4,30.1,-999
114117,AYMARAES,2020,11,09,1.2,29.8,-999
114117,AYMARAES,2020,11,10,0.0,30.4,-999
114117,AYMARAES,2020,11,11,0.0,32.4,-999
114117,AYMARAES,2020,11,12,0.0,31.7,-999
114117,AYMARAES,2020,11,13,0.0,31.9,-999
114117,AYMARAES,2020,11,14,0.0,31.6,-999
114117,AYMARAES,2020,11,15,0.0,30.8,-999
114117,AYMARAES,2020,11,16,0.0,30.9,-999
114117,AYMARAES,2020,11,17,0.0,31.4,-999
114117,AYMARAES,2020,11,18,0.0,32.4,-999
114117,AYMARAES,2020,11,19,0.0,32.9,-999
114117,AYMARAES,2020,11,20,0.0,30.8,-999
114117,AYMARAES,2020,11,21,0.0,32.2,-999
114117,AYMARAES,2020,11,22,2.4,32.8,-999
114117,AYMARAES,2020,11,23,0.0,32.0,-999
114117,AYMARAES,2020,11,24,0.0,31.6,-999
114117,AYMARAES,2020,11,25,0.0,31.7,-999
114117,AYMARAES,2020,11,26,0.0,29.2,-999
114117,AYMARAES,2020,11,27,0.0,29.4,-999
114117,AYMARAES,2020,11,28,4.2,28.4,-999
114117,AYMARAES,2020,11,29,0.0,26.8,-999
114117,AYMARAES,2020,11,30,10.2,25.6,-999
114117,AYMARAES,2020,12,01,0.0,25.6,-999
114117,AYMARAES,2020,12,02,0.0,26.4,-999
114117,AYMARAES,2020,12,03,2.6,28.4,-999
114117,AYMARAES,2020,12,04,7.0,26.2,-999
114117,AYMARAES,2020,12,05,0.0,26.4,-999
114117,AYMARAES,2020,12,06,10.4,25.6,-999
114117,AYMARAES,2020,12,07,15.8,26.2,-999
114117,AYMARAES,2020,12,08,3.6,28.4,-999
114117,AYMARAES,2020,12,09,0.0,30.2,-999
114117,AYMARAES,2020,12,10,0.0,27.4,-999
114117,AYMARAES,2020,12,11,0.0,27.9,-999
114117,AYMARAES,2020,12,12,1.3,30.4,-999
114117,AYMARAES,2020,12,13,5.4,29.8,-999
114117,AYMARAES,2020,12,14,0.0,28.4,-999
114117,AYMARAES,2020,12,15,0.0,29.6,-999
114117,AYMARAES,2020,12,16,42.0,29.5,-999
114117,AYMARAES,2020,12,17,0.8,27.2,-999
114117,AYMARAES,2020,12,18,7.2,26.2,-999
114117,AYMARAES,2020,12,19,0.0,26.9,-999
114117,AYMARAES,2020,12,20,2.6,26.6,-999
114117,AYMARAES,2020,12,21,0.0,27.6,-999
114117,AYMARAES,2020,12,22,16.8,22.0,-999
114117,AYMARAES,2020,12,23,18.4,21.9,-999
114117,AYMARAES,2020,12,24,7.0,24.8,-999
114117,AYMARAES,2020,12,25,4.8,20.6,-999
114117,AYMARAES,2020,12,26,15.8,19.3,-999
114117,AYMARAES,2020,12,27,10.6,25.0,-999
114117,AYMARAES,2020,12,28,3.6,24.6,-999
114117,AYMARAES,2020,12,29,0.8,23.2,-999
114117,AYMARAES,2020,12,30,16.6,24.0,-999
114117,AYMARAES,2020,12,31,4.9,25.2,-999
114117,AYMARAES,2021,01,01,7.7,21.7,-999
114117,AYMARAES,2021,01,02,22.0,25.0,-999
114117,AYMARAES,2021,01,03,16.4,27.2,-999
114117,AYMARAES,2021,01,04,0.0,26.8,-999
114117,AYMARAES,2021,01,05,5.8,27.8,-999
114117,AYMARAES,2021,01,06,22.7,24.8,-999
114117,AYMARAES,2021,01,07,4.6,20.6,-999
114117,AYMARAES,2021,01,08,6.0,23.2,-999
114117,AYMARAES,2021,01,09,6.2,25.2,-999
114117,AYMARAES,2021,01,10,0.6,27.2,-999
114117,AYMARAES,2021,01,11,0.8,24.2,-999
114117,AYMARAES,2021,01,12,0.2,25.8,-999
114117,AYMARAES,2021,01,13,12.9,27.6,-999
114117,AYMARAES,2021,01,14,9.8,26.8,-999
114117,AYMARAES,2021,01,15,22.2,24.2,-999
114117,AYMARAES,2021,01,16,9.8,22.8,-999
114117,AYMARAES,2021,01,17,0.8,25.6,-999
114117,AYMARAES,2021,01,18,6.0,18.6,-999
114117,AYMARAES,2021,01,19,6.1,26.2,-999
114117,AYMARAES,2021,01,20,22.6,24.4,-999
114117,AYMARAES,2021,01,21,4.7,23.7,-999
114117,AYMARAES,2021,01,22,8.8,18.2,-999
114117,AYMARAES,2021,01,23,2.6,28.2,-999
114117,AYMARAES,2021,01,24,9.2,26.8,-999
114117,AYMARAES,2021,01,25,0.0,25.1,-999
114117,AYMARAES,2021,01,26,0.0,27.2,-999
114117,AYMARAES,2021,01,27,0.0,27.9,-999
114117,AYMARAES,2021,01,28,0.0,28.6,-999
114117,AYMARAES,2021,01,29,0.0,30.0,-999
114117,AYMARAES,2021,01,30,0.0,28.2,-999
114117,AYMARAES,2021,01,31,7.2,28.6,-999
114117,AYMARAES,2021,02,01,3.6,26.2,-999
114117,AYMARAES,2021,02,02,24.6,27.2,-999
114117,AYMARAES,2021,02,03,2.4,25.8,-999
114117,AYMARAES,2021,02,04,4.2,27.2,-999
114117,AYMARAES,2021,02,05,5.8,25.1,-999
114117,AYMARAES,2021,02,06,2.6,23.1,-999
114117,AYMARAES,2021,02,07,7.0,23.2,-999
114117,AYMARAES,2021,02,08,0.0,24.2,-999
114117,AYMARAES,2021,02,09,0.0,28.0,-999
114117,AYMARAES,2021,02,10,2.6,26.2,-999
114117,AYMARAES,2021,02,11,0.0,28.9,-999
114117,AYMARAES,2021,02,12,7.0,28.6,-999
114117,AYMARAES,2021,02,13,0.0,28.2,-999
114117,AYMARAES,2021,02,14,0.0,29.0,-999
114117,AYMARAES,2021,02,15,0.0,29.2,-999
114117,AYMARAES,2021,02,16,0.0,30.0,-999
114117,AYMARAES,2021,02,17,0.0,29.0,-999
114117,AYMARAES,2021,02,18,0.0,30.4,-999
114117,AYMARAES,2021,02,19,0.0,30.8,-999
114117,AYMARAES,2021,02,20,0.0,29.4,-999
114117,AYMARAES,2021,02,21,6.8,30.4,-999
114117,AYMARAES,2021,02,22,6.8,24.0,-999
114117,AYMARAES,2021,02,23,0.0,24.6,-999
114117,AYMARAES,2021,02,24,4.2,25.0,-999
114117,AYMARAES,2021,02,25,0.0,27.2,-999
114117,AYMARAES,2021,02,26,0.0,28.2,-999
114117,AYMARAES,2021,02,27,8.0,30.4,-999
114117,AYMARAES,2021,02,28,10.8,29.8,-999
114117,AYMARAES,2021,03,01,6.5,26.2,-999
114117,AYMARAES,2021,03,02,20.8,27.6,-999
114117,AYMARAES,2021,03,03,0.0,28.2,-999
114117,AYMARAES,2021,03,04,6.7,28.0,-999
114117,AYMARAES,2021,03,05,8.0,28.2,-999
114117,AYMARAES,2021,03,06,5.0,21.6,-999
114117,AYMARAES,2021,03,07,7.8,23.2,-999
114117,AYMARAES,2021,03,08,0.0,25.6,-999
114117,AYMARAES,2021,03,09,0.0,26.2,-999
114117,AYMARAES,2021,03,10,4.0,25.4,-999
114117,AYMARAES,2021,03,11,9.2,28.0,-999
114117,AYMARAES,2021,03,12,0.0,21.8,-999
114117,AYMARAES,2021,03,13,0.2,22.2,-999
114117,AYMARAES,2021,03,14,4.6,20.1,-999
114117,AYMARAES,2021,03,15,0.0,19.8,-999
114117,AYMARAES,2021,03,16,3.6,21.8,-999
114117,AYMARAES,2021,03,17,13.8,17.2,-999
114117,AYMARAES,2021,03,18,0.0,18.2,-999
114117,AYMARAES,2021,03,19,0.0,18.9,-999
114117,AYMARAES,2021,03,20,3.0,-999,-999
114117,AYMARAES,2021,03,21,14.4,24.6,-999
114117,AYMARAES,2021,03,22,16.4,16.2,-999
114117,AYMARAES,2021,03,23,18.8,18.2,-999
114117,AYMARAES,2021,03,24,3.8,17.2,-999
114117,AYMARAES,2021,03,25,0.0,19.6,-999
114117,AYMARAES,2021,03,26,2.4,25.7,-999
114117,AYMARAES,2021,03,27,6.0,25.2,-999
114117,AYMARAES,2021,03,28,3.6,24.6,-999
114117,AYMARAES,2021,03,29,4.2,18.2,-999
114117,AYMARAES,2021,03,30,8.2,19.6,-999
114117,AYMARAES,2021,03,31,5.3,20.6,-999
114117,AYMARAES,2021,04,01,0.0,25.1,-999
114117,AYMARAES,2021,04,02,0.0,26.2,-999
114117,AYMARAES,2021,04,03,4.6,26.9,-999
114117,AYMARAES,2021,04,04,0.0,25.6,-999
114117,AYMARAES,2021,04,05,8.6,25.2,-999
114117,AYMARAES,2021,04,06,0.6,19.6,-999
114117,AYMARAES,2021,04,07,0.0,24.2,-999
114117,AYMARAES,2021,04,08,0.0,18.2,-999
114117,AYMARAES,2021,04,09,0.8,20.1,-999
114117,AYMARAES,2021,04,10,0.6,25.0,-999
114117,AYMARAES,2021,04,11,14.4,17.2,-999
114117,AYMARAES,2021,04,12,2.6,18.2,-999
114117,AYMARAES,2021,04,13,0.0,24.1,-999
114117,AYMARAES,2021,04,14,0.0,25.6,-999
114117,AYMARAES,2021,04,15,0.0,26.3,-999
114117,AYMARAES,2021,04,16,0.0,28.2,-999
114117,AYMARAES,2021,04,17,0.0,29.0,-999
114117,AYMARAES,2021,04,18,0.0,28.6,-999
114117,AYMARAES,2021,04,19,0.0,29.4,-999
114117,AYMARAES,2021,04,20,0.0,25.0,-999
114117,AYMARAES,2021,04,21,0.0,26.2,-999
114117,AYMARAES,2021,04,22,0.0,27.0,-999
114117,AYMARAES,2021,04,23,0.0,25.3,-999
114117,AYMARAES,2021,04,24,0.0,26.1,-999
114117,AYMARAES,2021,04,25,0.0,28.2,-999
114117,AYMARAES,2021,04,26,0.0,29.2,-999
114117,AYMARAES,2021,04,27,0.0,29.3,-999
114117,AYMARAES,2021,04,28,0.0,27.2,-999
114117,AYMARAES,2021,04,29,0.0,29.5,-999
114117,AYMARAES,2021,04,30,0.0,28.5,-999
114117,AYMARAES,2021,05,01,0.0,31.2,-999
114117,AYMARAES,2021,05,02,0.0,29.2,-999
114117,AYMARAES,2021,05,03,0.0,30.2,-999
114117,AYMARAES,2021,05,04,0.0,25.4,-999
114117,AYMARAES,2021,05,05,0.0,26.2,-999
114117,AYMARAES,2021,05,06,0.0,28.1,-999
114117,AYMARAES,2021,05,07,0.5,26.6,-999
114117,AYMARAES,2021,05,08,0.0,26.2,-999
114117,AYMARAES,2021,05,09,0.0,25.0,-999
114117,AYMARAES,2021,05,10,0.0,28.1,-999
114117,AYMARAES,2021,05,11,0.0,24.8,-999
114117,AYMARAES,2021,05,12,0.0,23.2,-999
114117,AYMARAES,2021,05,13,0.0,23.8,-999
114117,AYMARAES,2021,05,14,5.2,20.6,-999
114117,AYMARAES,2021,05,15,0.0,22.9,-999
114117,AYMARAES,2021,05,16,0.0,26.2,-999
114117,AYMARAES,2021,05,17,0.0,28.2,-999
114117,AYMARAES,2021,05,18,0.0,28.6,-999
114117,AYMARAES,2021,05,19,0.0,29.2,-999
114117,AYMARAES,2021,05,20,0.0,28.6,-999
114117,AYMARAES,2021,05,21,0.0,27.9,-999
114117,AYMARAES,2021,05,22,0.0,27.8,-999
114117,AYMARAES,2021,05,23,0.0,26.2,-999
114117,AYMARAES,2021,05,24,4.8,20.2,-999
114117,AYMARAES,2021,05,25,2.2,18.2,-999
114117,AYMARAES,2021,05,26,0.0,19.6,-999
114117,AYMARAES,2021,05,27,0.0,20.9,-999
114117,AYMARAES,2021,05,28,0.0,25.0,-999
114117,AYMARAES,2021,05,29,0.0,24.6,-999
114117,AYMARAES,2021,05,30,0.0,28.0,-999
114117,AYMARAES,2021,05,31,0.0,25.2,-999
114117,AYMARAES,2021,06,01,0.0,29.2,-999
114117,AYMARAES,2021,06,02,0.0,30.0,-999
114117,AYMARAES,2021,06,03,0.0,26.2,-999
114117,AYMARAES,2021,06,04,0.0,23.0,-999
114117,AYMARAES,2021,06,05,0.0,29.6,-999
114117,AYMARAES,2021,06,06,0.0,30.8,-999
114117,AYMARAES,2021,06,07,0.0,25.7,-999
114117,AYMARAES,2021,06,08,0.0,23.6,-999
114117,AYMARAES,2021,06,09,0.0,26.2,-999
114117,AYMARAES,2021,06,10,0.0,28.2,-999
114117,AYMARAES,2021,06,11,0.0,29.2,-999
114117,AYMARAES,2021,06,12,0.0,29.4,-999
114117,AYMARAES,2021,06,13,0.0,28.6,-999
114117,AYMARAES,2021,06,14,0.0,28.2,-999
114117,AYMARAES,2021,06,15,0.0,23.6,-999
114117,AYMARAES,2021,06,16,0.0,24.8,-999
114117,AYMARAES,2021,06,17,0.0,25.3,-999
114117,AYMARAES,2021,06,18,0.0,27.2,-999
114117,AYMARAES,2021,06,19,0.0,25.1,-999
114117,AYMARAES,2021,06,20,0.0,24.0,-999
114117,AYMARAES,2021,06,21,0.0,30.0,-999
114117,AYMARAES,2021,06,22,0.0,25.4,-999
114117,AYMARAES,2021,06,23,0.0,24.0,-999
114117,AYMARAES,2021,06,24,0.0,26.4,-999
114117,AYMARAES,2021,06,25,0.0,28.2,-999
114117,AYMARAES,2021,06,26,0.0,27.2,-999
114117,AYMARAES,2021,06,27,0.0,27.0,-999
114117,AYMARAES,2021,06,28,0.0,28.2,-999
114117,AYMARAES,2021,06,29,0.0,28.8,-999
114117,AYMARAES,2021,06,30,0.0,25.2,-999
114117,AYMARAES,2021,07,01,0.0,26.2,-999
114117,AYMARAES,2021,07,02,0.0,27.2,-999
114117,AYMARAES,2021,07,03,0.0,29.8,-999
114117,AYMARAES,2021,07,04,0.0,29.2,-999
114117,AYMARAES,2021,07,05,0.0,28.9,-999
114117,AYMARAES,2021,07,06,0.0,26.2,-999
114117,AYMARAES,2021,07,07,0.0,25.6,-999
114117,AYMARAES,2021,07,08,0.0,28.6,-999
114117,AYMARAES,2021,07,09,0.0,29.2,-999
114117,AYMARAES,2021,07,10,0.0,29.0,-999
114117,AYMARAES,2021,07,11,0.0,25.8,-999
114117,AYMARAES,2021,07,12,0.0,28.6,-999
114117,AYMARAES,2021,07,13,0.0,26.2,-999
114117,AYMARAES,2021,07,14,0.0,29.2,-999
114117,AYMARAES,2021,07,15,0.0,29.8,-999
114117,AYMARAES,2021,07,16,0.0,28.8,-999
114117,AYMARAES,2021,07,17,0.0,29.3,-999
114117,AYMARAES,2021,07,18,0.0,27.8,-999
114117,AYMARAES,2021,07,19,0.0,25.6,-999
114117,AYMARAES,2021,07,20,0.0,26.2,-999
114117,AYMARAES,2021,07,21,0.0,28.6,-999
114117,AYMARAES,2021,07,22,0.0,25.6,-999
114117,AYMARAES,2021,07,23,0.0,26.2,-999
114117,AYMARAES,2021,07,24,0.0,27.2,-999
114117,AYMARAES,2021,07,25,0.0,28.6,-999
114117,AYMARAES,2021,07,26,0.0,29.2,-999
114117,AYMARAES,2021,07,27,0.0,28.4,-999
114117,AYMARAES,2021,07,28,0.0,24.2,-999
114117,AYMARAES,2021,07,29,0.0,26.2,-999
114117,AYMARAES,2021,07,30,0.0,26.9,-999
114117,AYMARAES,2021,07,31,0.0,27.8,-999
114117,AYMARAES,2021,08,01,1.3,24.8,-999
114117,AYMARAES,2021,08,02,0.0,26.2,-999
114117,AYMARAES,2021,08,03,0.0,25.2,-999
114117,AYMARAES,2021,08,04,0.0,26.2,-999
114117,AYMARAES,2021,08,05,0.0,28.2,-999
114117,AYMARAES,2021,08,06,0.0,26.2,-999
114117,AYMARAES,2021,08,07,0.0,29.2,-999
114117,AYMARAES,2021,08,08,0.0,28.6,-999
114117,AYMARAES,2021,08,09,0.0,29.2,-999
114117,AYMARAES,2021,08,10,0.0,29.8,-999
114117,AYMARAES,2021,08,11,0.0,27.4,-999
114117,AYMARAES,2021,08,12,0.0,29.4,-999
114117,AYMARAES,2021,08,13,0.0,29.6,-999
114117,AYMARAES,2021,08,14,0.0,27.4,-999
114117,AYMARAES,2021,08,15,0.0,29.3,-999
114117,AYMARAES,2021,08,16,0.0,29.6,-999
114117,AYMARAES,2021,08,17,0.0,31.6,-999
114117,AYMARAES,2021,08,18,0.0,29.5,-999
114117,AYMARAES,2021,08,19,0.0,29.8,-999
114117,AYMARAES,2021,08,20,0.0,28.8,-999
114117,AYMARAES,2021,08,21,0.0,30.2,-999
114117,AYMARAES,2021,08,22,0.0,27.1,-999
114117,AYMARAES,2021,08,23,0.0,29.2,-999
114117,AYMARAES,2021,08,24,0.0,30.4,-999
114117,AYMARAES,2021,08,25,0.0,30.0,-999
114117,AYMARAES,2021,08,26,0.6,25.3,-999
114117,AYMARAES,2021,08,27,0.0,26.2,-999
114117,AYMARAES,2021,08,28,0.0,28.1,-999
114117,AYMARAES,2021,08,29,0.0,27.0,-999
114117,AYMARAES,2021,08,30,0.0,30.4,-999
114117,AYMARAES,2021,08,31,0.0,26.4,-999
114117,AYMARAES,2021,09,01,0.0,29.8,-999
114117,AYMARAES,2021,09,02,0.0,28.6,-999
114117,AYMARAES,2021,09,03,0.0,29.0,-999
114117,AYMARAES,2021,09,04,0.0,30.4,-999
114117,AYMARAES,2021,09,05,0.8,28.6,-999
114117,AYMARAES,2021,09,06,0.0,26.2,-999
114117,AYMARAES,2021,09,07,0.0,24.2,-999
114117,AYMARAES,2021,09,08,6.2,26.2,-999
114117,AYMARAES,2021,09,09,0.0,28.3,-999
114117,AYMARAES,2021,09,10,0.0,30.4,-999
114117,AYMARAES,2021,09,11,0.0,29.2,-999
114117,AYMARAES,2021,09,12,0.0,28.2,-999
114117,AYMARAES,2021,09,13,0.0,28.6,-999
114117,AYMARAES,2021,09,14,0.0,30.2,-999
114117,AYMARAES,2021,09,15,0.0,23.6,-999
114117,AYMARAES,2021,09,16,5.4,24.1,-999
114117,AYMARAES,2021,09,17,0.0,24.6,-999
114117,AYMARAES,2021,09,18,5.2,26.0,-999
114117,AYMARAES,2021,09,19,7.2,25.6,-999
114117,AYMARAES,2021,09,20,0.0,26.2,-999
114117,AYMARAES,2021,09,21,0.6,24.2,-999
114117,AYMARAES,2021,09,22,3.6,22.3,-999
114117,AYMARAES,2021,09,23,2.4,19.8,-999
114117,AYMARAES,2021,09,24,0.0,25.1,-999
114117,AYMARAES,2021,09,25,6.2,28.2,-999
114117,AYMARAES,2021,09,26,0.0,25.2,-999
114117,AYMARAES,2021,09,27,0.0,26.1,-999
114117,AYMARAES,2021,09,28,0.0,29.4,-999
114117,AYMARAES,2021,09,29,0.0,24.6,-999
114117,AYMARAES,2021,09,30,0.0,23.1,-999
114117,AYMARAES,2021,10,01,2.6,26.8,-999
114117,AYMARAES,2021,10,02,0.0,30.4,-999
114117,AYMARAES,2021,10,03,0.4,29.6,-999
114117,AYMARAES,2021,10,04,0.0,28.8,-999
114117,AYMARAES,2021,10,05,0.0,23.2,-999
114117,AYMARAES,2021,10,06,3.0,21.4,-999
114117,AYMARAES,2021,10,07,3.6,25.6,-999
114117,AYMARAES,2021,10,08,4.2,22.4,-999
114117,AYMARAES,2021,10,09,2.4,20.8,-999
114117,AYMARAES,2021,10,10,6.2,28.6,-999
114117,AYMARAES,2021,10,11,7.8,26.4,-999
114117,AYMARAES,2021,10,12,0.0,27.2,-999
114117,AYMARAES,2021,10,13,0.0,29.4,-999
114117,AYMARAES,2021,10,14,0.0,27.3,-999
114117,AYMARAES,2021,10,15,0.0,29.2,-999
114117,AYMARAES,2021,10,16,0.0,27.4,-999
114117,AYMARAES,2021,10,17,0.0,27.0,-999
114117,AYMARAES,2021,10,18,0.0,28.4,-999
114117,AYMARAES,2021,10,19,0.0,29.1,-999
114117,AYMARAES,2021,10,20,0.0,28.2,-999
114117,AYMARAES,2021,10,21,0.0,32.6,-999
114117,AYMARAES,2021,10,22,0.0,25.2,-999
114117,AYMARAES,2021,10,23,0.0,25.2,-999
114117,AYMARAES,2021,10,24,0.0,31.6,-999
114117,AYMARAES,2021,10,25,0.0,32.6,-999
114117,AYMARAES,2021,10,26,0.0,31.8,-999
114117,AYMARAES,2021,10,27,0.8,31.6,-999
114117,AYMARAES,2021,10,28,4.6,30.2,-999
114117,AYMARAES,2021,10,29,5.6,28.2,-999
114117,AYMARAES,2021,10,30,0.0,31.5,-999
114117,AYMARAES,2021,10,31,12.4,30.8,-999
114117,AYMARAES,2021,11,01,0.0,28.2,-999
114117,AYMARAES,2021,11,02,0.0,30.2,-999
114117,AYMARAES,2021,11,03,0.0,28.5,-999
114117,AYMARAES,2021,11,04,0.0,30.0,-999
114117,AYMARAES,2021,11,05,0.0,30.9,-999
114117,AYMARAES,2021,11,06,0.0,31.4,-999
114117,AYMARAES,2021,11,07,0.0,32.4,-999
114117,AYMARAES,2021,11,08,0.0,31.8,-999
114117,AYMARAES,2021,11,09,0.0,32.6,-999
114117,AYMARAES,2021,11,10,0.0,31.6,-999
114117,AYMARAES,2021,11,11,0.0,28.6,-999
114117,AYMARAES,2021,11,12,0.0,29.6,-999
114117,AYMARAES,2021,11,13,2.4,27.4,-999
114117,AYMARAES,2021,11,14,0.0,31.6,-999
114117,AYMARAES,2021,11,15,0.0,32.0,-999
114117,AYMARAES,2021,11,16,0.0,29.8,-999
114117,AYMARAES,2021,11,17,0.0,28.6,-999
114117,AYMARAES,2021,11,18,0.0,30.0,-999
114117,AYMARAES,2021,11,19,0.0,31.9,-999
114117,AYMARAES,2021,11,20,0.0,23.4,-999
114117,AYMARAES,2021,11,21,0.0,22.6,-999
114117,AYMARAES,2021,11,22,5.6,24.6,-999
114117,AYMARAES,2021,11,23,8.0,24.2,-999
114117,AYMARAES,2021,11,24,17.0,21.6,-999
114117,AYMARAES,2021,11,25,30.8,29.6,-999
114117,AYMARAES,2021,11,26,4.5,28.4,-999
114117,AYMARAES,2021,11,27,0.5,30.0,-999
114117,AYMARAES,2021,11,28,2.6,20.8,-999
114117,AYMARAES,2021,11,29,0.0,26.9,-999
114117,AYMARAES,2021,11,30,0.0,27.2,-999
114117,AYMARAES,2021,12,01,2.4,22.3,-999
114117,AYMARAES,2021,12,02,11.0,24.8,-999
114117,AYMARAES,2021,12,03,0.0,20.9,-999
114117,AYMARAES,2021,12,04,0.8,22.2,-999
114117,AYMARAES,2021,12,05,4.2,21.6,-999
114117,AYMARAES,2021,12,06,6.4,19.8,-999
114117,AYMARAES,2021,12,07,9.8,22.0,-999
114117,AYMARAES,2021,12,08,0.0,23.1,-999
114117,AYMARAES,2021,12,09,0.0,22.0,-999
114117,AYMARAES,2021,12,10,0.6,23.2,-999
114117,AYMARAES,2021,12,11,0.0,24.8,-999
114117,AYMARAES,2021,12,12,0.0,27.3,-999
114117,AYMARAES,2021,12,13,0.0,29.2,-999
114117,AYMARAES,2021,12,14,0.0,29.6,-999
114117,AYMARAES,2021,12,15,3.2,-999,-999
114117,AYMARAES,2021,12,16,0.0,26.4,-999
114117,AYMARAES,2021,12,17,0.0,29.7,-999
114117,AYMARAES,2021,12,18,0.0,28.6,-999
114117,AYMARAES,2021,12,19,0.0,30.2,-999
114117,AYMARAES,2021,12,20,0.0,28.0,-999
114117,AYMARAES,2021,12,21,0.0,23.6,-999
114117,AYMARAES,2021,12,22,0.0,30.2,-999
114117,AYMARAES,2021,12,23,0.0,26.2,-999
114117,AYMARAES,2021,12,24,0.4,24.2,-999
114117,AYMARAES,2021,12,25,0.0,28.6,-999
114117,AYMARAES,2021,12,26,0.0,29.8,-999
114117,AYMARAES,2021,12,27,0.0,26.2,-999
114117,AYMARAES,2021,12,28,14.6,30.6,-999
114117,AYMARAES,2021,12,29,15.6,24.3,-999
114117,AYMARAES,2021,12,30,3.6,30.2,-999
114117,AYMARAES,2021,12,31,12.2,28.1,-999
114117,AYMARAES,2022,01,01,0.2,26.2,-999
114117,AYMARAES,2022,01,02,0.0,29.6,-999
114117,AYMARAES,2022,01,03,0.0,26.2,-999
114117,AYMARAES,2022,01,04,0.0,29.1,-999
114117,AYMARAES,2022,01,05,3.6,28.0,-999
114117,AYMARAES,2022,01,06,0.0,22.6,-999
114117,AYMARAES,2022,01,07,0.0,22.3,-999
114117,AYMARAES,2022,01,08,0.0,29.4,-999
114117,AYMARAES,2022,01,09,8.4,23.1,-999
114117,AYMARAES,2022,01,10,0.0,28.2,-999
114117,AYMARAES,2022,01,11,6.2,25.3,-999
114117,AYMARAES,2022,01,12,0.0,25.4,-999
114117,AYMARAES,2022,01,13,4.6,25.2,-999
114117,AYMARAES,2022,01,14,3.2,26.8,-999
114117,AYMARAES,2022,01,15,4.0,27.1,-999
114117,AYMARAES,2022,01,16,2.6,26.2,-999
114117,AYMARAES,2022,01,17,15.4,26.2,-999
114117,AYMARAES,2022,01,18,2.4,25.2,-999
114117,AYMARAES,2022,01,19,2.2,28.0,-999
114117,AYMARAES,2022,01,20,0.0,27.9,-999
114117,AYMARAES,2022,01,21,0.3,29.4,-999
114117,AYMARAES,2022,01,22,0.8,26.2,-999
114117,AYMARAES,2022,01,23,0.6,25.2,-999
114117,AYMARAES,2022,01,24,17.4,22.1,-999
114117,AYMARAES,2022,01,25,2.5,25.6,-999
114117,AYMARAES,2022,01,26,1.4,23.2,-999
114117,AYMARAES,2022,01,27,0.0,25.4,-999
114117,AYMARAES,2022,01,28,0.4,24.2,-999
114117,AYMARAES,2022,01,29,6.7,25.2,-999
114117,AYMARAES,2022,01,30,13.2,24.2,-999
114117,AYMARAES,2022,01,31,2.6,25.3,-999
114117,AYMARAES,2022,02,01,15.0,22.6,-999
114117,AYMARAES,2022,02,02,15.2,24.3,-999
114117,AYMARAES,2022,02,03,14.6,20.6,-999
114117,AYMARAES,2022,02,04,6.0,21.3,-999
114117,AYMARAES,2022,02,05,0.0,28.2,-999
114117,AYMARAES,2022,02,06,6.2,24.8,-999
114117,AYMARAES,2022,02,07,0.0,26.3,-999
114117,AYMARAES,2022,02,08,1.0,20.8,-999
114117,AYMARAES,2022,02,09,0.0,25.8,-999
114117,AYMARAES,2022,02,10,0.0,28.2,-999
114117,AYMARAES,2022,02,11,0.0,26.1,-999
114117,AYMARAES,2022,02,12,5.6,22.0,-999
114117,AYMARAES,2022,02,13,2.6,23.6,-999
114117,AYMARAES,2022,02,14,10.6,24.2,-999
114117,AYMARAES,2022,02,15,9.3,22.8,-999
114117,AYMARAES,2022,02,16,6.1,26.2,-999
114117,AYMARAES,2022,02,17,7.0,23.0,-999
114117,AYMARAES,2022,02,18,2.7,22.0,-999
114117,AYMARAES,2022,02,19,2.6,24.6,-999
114117,AYMARAES,2022,02,20,4.6,25.2,-999
114117,AYMARAES,2022,02,21,0.0,25.8,-999
114117,AYMARAES,2022,02,22,15.2,24.4,-999
114117,AYMARAES,2022,02,23,0.8,26.2,-999
114117,AYMARAES,2022,02,24,14.6,24.8,-999
114117,AYMARAES,2022,02,25,17.2,23.5,-999
114117,AYMARAES,2022,02,26,17.1,24.0,-999
114117,AYMARAES,2022,02,27,4.3,23.0,-999
114117,AYMARAES,2022,02,28,0.3,24.6,-999
114117,AYMARAES,2022,03,01,8.8,28.8,-999
114117,AYMARAES,2022,03,02,0.0,23.6,-999
114117,AYMARAES,2022,03,03,0.0,22.8,-999
114117,AYMARAES,2022,03,04,9.0,24.2,-999
114117,AYMARAES,2022,03,05,4.6,23.6,-999
114117,AYMARAES,2022,03,06,0.8,26.4,-999
114117,AYMARAES,2022,03,07,0.0,22.6,-999
114117,AYMARAES,2022,03,08,0.5,26.8,-999
114117,AYMARAES,2022,03,09,22.4,23.6,-999
114117,AYMARAES,2022,03,10,6.1,24.8,-999
114117,AYMARAES,2022,03,11,11.4,24.2,-999
114117,AYMARAES,2022,03,12,0.0,25.1,-999
114117,AYMARAES,2022,03,13,0.0,25.1,-999
114117,AYMARAES,2022,03,14,0.8,20.6,-999
114117,AYMARAES,2022,03,15,0.0,23.6,-999
114117,AYMARAES,2022,03,16,0.0,25.8,-999
114117,AYMARAES,2022,03,17,0.0,26.2,-999
114117,AYMARAES,2022,03,18,0.0,28.2,-999
114117,AYMARAES,2022,03,19,0.0,26.9,-999
114117,AYMARAES,2022,03,20,4.6,25.6,-999
114117,AYMARAES,2022,03,21,4.2,26.0,-999
114117,AYMARAES,2022,03,22,0.0,24.2,-999
114117,AYMARAES,2022,03,23,5.6,27.2,-999
114117,AYMARAES,2022,03,24,0.0,26.2,-999
114117,AYMARAES,2022,03,25,0.0,26.7,-999
114117,AYMARAES,2022,03,26,0.0,24.2,-999
114117,AYMARAES,2022,03,27,10.5,25.6,-999
114117,AYMARAES,2022,03,28,5.4,19.6,-999
114117,AYMARAES,2022,03,29,0.8,20.9,-999
114117,AYMARAES,2022,03,30,0.6,26.2,-999
114117,AYMARAES,2022,03,31,0.0,25.6,-999
114117,AYMARAES,2022,04,01,0.0,20.6,-999
114117,AYMARAES,2022,04,02,8.2,21.4,-999
114117,AYMARAES,2022,04,03,5.6,21.9,-999
114117,AYMARAES,2022,04,04,0.0,23.4,-999
114117,AYMARAES,2022,04,05,0.0,22.8,-999
114117,AYMARAES,2022,04,06,0.0,24.2,-999
114117,AYMARAES,2022,04,07,0.0,20.0,-999
114117,AYMARAES,2022,04,08,0.0,22.2,-999
114117,AYMARAES,2022,04,09,14.4,23.4,-999
114117,AYMARAES,2022,04,10,0.0,25.2,-999
114117,AYMARAES,2022,04,11,0.0,25.8,-999
114117,AYMARAES,2022,04,12,0.0,26.2,-999
114117,AYMARAES,2022,04,13,0.0,27.2,-999
114117,AYMARAES,2022,04,14,0.0,25.6,-999
114117,AYMARAES,2022,04,15,0.0,28.6,-999
114117,AYMARAES,2022,04,16,0.0,25.8,-999
114117,AYMARAES,2022,04,17,0.0,27.2,-999
114117,AYMARAES,2022,04,18,0.0,-999,-999
114117,AYMARAES,2022,04,19,0.0,27.4,-999
114117,AYMARAES,2022,04,20,0.0,26.8,-999
114117,AYMARAES,2022,04,21,0.0,27.8,-999
114117,AYMARAES,2022,04,22,0.0,26.8,-999
114117,AYMARAES,2022,04,23,0.0,28.2,-999
114117,AYMARAES,2022,04,24,0.0,27.3,-999
114117,AYMARAES,2022,04,25,0.0,23.6,-999
114117,AYMARAES,2022,04,26,0.0,22.6,-999
114117,AYMARAES,2022,04,27,0.0,26.4,-999
114117,AYMARAES,2022,04,28,0.0,25.8,-999
114117,AYMARAES,2022,04,29,0.0,27.2,-999
114117,AYMARAES,2022,04,30,-999,24.8,-999
114117,AYMARAES,2022,05,01,-999,28.1,-999
114117,AYMARAES,2022,05,02,0.0,26.4,-999
114117,AYMARAES,2022,05,03,0.0,27.2,-999
114117,AYMARAES,2022,05,04,0.0,-999,-999
114117,AYMARAES,2022,05,05,4.6,28.6,-999
114117,AYMARAES,2022,05,06,0.0,26.8,-999
114117,AYMARAES,2022,05,07,0.0,21.8,-999
114117,AYMARAES,2022,05,08,0.0,22.3,-999
114117,AYMARAES,2022,05,09,0.0,24.2,-999
114117,AYMARAES,2022,05,10,0.0,-999,-999
114117,AYMARAES,2022,05,11,0.0,28.2,-999
114117,AYMARAES,2022,05,12,0.0,27.4,-999
114117,AYMARAES,2022,05,13,0.0,29.2,-999
114117,AYMARAES,2022,05,14,0.0,27.6,-999
114117,AYMARAES,2022,05,15,0.0,29.4,-999
114117,AYMARAES,2022,05,16,0.0,28.4,-999
114117,AYMARAES,2022,05,17,0.0,27.6,-999
114117,AYMARAES,2022,05,18,0.0,29.6,-999
114117,AYMARAES,2022,05,19,0.0,27.8,-999
114117,AYMARAES,2022,05,20,0.0,29.2,-999
114117,AYMARAES,2022,05,21,0.0,27.8,-999
114117,AYMARAES,2022,05,22,0.0,28.8,-999
114117,AYMARAES,2022,05,23,0.0,26.8,-999
114117,AYMARAES,2022,05,24,0.0,28.4,-999
114117,AYMARAES,2022,05,25,0.0,29.8,-999
114117,AYMARAES,2022,05,26,0.0,27.2,-999
114117,AYMARAES,2022,05,27,0.0,24.5,-999
114117,AYMARAES,2022,05,28,0.0,24.9,-999
114117,AYMARAES,2022,05,29,0.0,25.0,-999
114117,AYMARAES,2022,05,30,0.0,28.4,-999
114117,AYMARAES,2022,05,31,0.0,27.1,-999
114117,AYMARAES,2022,06,01,0.0,27.8,-999
114117,AYMARAES,2022,06,02,0.0,28.4,-999
114117,AYMARAES,2022,06,03,0.0,27.2,-999
114117,AYMARAES,2022,06,04,4.1,20.0,-999
114117,AYMARAES,2022,06,05,0.0,19.2,-999
114117,AYMARAES,2022,06,06,0.0,27.5,-999
114117,AYMARAES,2022,06,07,0.0,29.4,-999
114117,AYMARAES,2022,06,08,0.0,28.6,-999
114117,AYMARAES,2022,06,09,0.0,28.4,-999
114117,AYMARAES,2022,06,10,0.0,27.4,-999
114117,AYMARAES,2022,06,11,0.0,29.6,-999
114117,AYMARAES,2022,06,12,0.0,29.4,-999
114117,AYMARAES,2022,06,13,0.0,27.6,-999
114117,AYMARAES,2022,06,14,0.0,28.4,-999
114117,AYMARAES,2022,06,15,0.0,25.1,-999
114117,AYMARAES,2022,06,16,0.0,25.6,-999
114117,AYMARAES,2022,06,17,0.0,30.4,-999
114117,AYMARAES,2022,06,18,0.0,28.6,-999
114117,AYMARAES,2022,06,19,0.0,27.6,-999
114117,AYMARAES,2022,06,20,0.0,28.2,-999
114117,AYMARAES,2022,06,21,0.0,27.4,-999
114117,AYMARAES,2022,06,22,0.0,29.6,-999
114117,AYMARAES,2022,06,23,0.0,22.6,-999
114117,AYMARAES,2022,06,24,0.0,24.9,-999
114117,AYMARAES,2022,06,25,0.0,26.4,-999
114117,AYMARAES,2022,06,26,0.0,28.8,-999
114117,AYMARAES,2022,06,27,0.0,28.6,-999
114117,AYMARAES,2022,06,28,0.0,27.4,-999
114117,AYMARAES,2022,06,29,0.0,27.4,-999
114117,AYMARAES,2022,06,30,-999,27.6,-999
114117,AYMARAES,2022,07,01,-999,29.2,-999
114117,AYMARAES,2022,07,02,0.0,27.6,-999
114117,AYMARAES,2022,07,03,0.0,26.4,-999
114117,AYMARAES,2022,07,04,0.0,27.6,-999
114117,AYMARAES,2022,07,05,0.0,26.6,-999
114117,AYMARAES,2022,07,06,0.0,29.8,-999
114117,AYMARAES,2022,07,07,0.0,27.6,-999
114117,AYMARAES,2022,07,08,0.0,28.4,-999
114117,AYMARAES,2022,07,09,0.0,26.6,-999
114117,AYMARAES,2022,07,10,0.0,27.4,-999
114117,AYMARAES,2022,07,11,0.0,28.6,-999
114117,AYMARAES,2022,07,12,0.0,26.4,-999
114117,AYMARAES,2022,07,13,0.0,27.2,-999
114117,AYMARAES,2022,07,14,0.0,26.2,-999
114117,AYMARAES,2022,07,15,0.0,28.2,-999
114117,AYMARAES,2022,07,16,0.0,27.6,-999
114117,AYMARAES,2022,07,17,0.0,26.4,-999
114117,AYMARAES,2022,07,18,0.0,27.6,-999
114117,AYMARAES,2022,07,19,0.0,28.2,-999
114117,AYMARAES,2022,07,20,0.0,29.5,-999
114117,AYMARAES,2022,07,21,0.0,28.4,-999
114117,AYMARAES,2022,07,22,0.0,27.2,-999
114117,AYMARAES,2022,07,23,0.0,26.6,-999
114117,AYMARAES,2022,07,24,0.0,28.2,-999
114117,AYMARAES,2022,07,25,0.0,27.6,-999
114117,AYMARAES,2022,07,26,0.0,29.0,-999
114117,AYMARAES,2022,07,27,0.0,27.4,-999
114117,AYMARAES,2022,07,28,0.0,29.2,-999
114117,AYMARAES,2022,07,29,0.0,30.0,-999
114117,AYMARAES,2022,07,30,0.0,28.4,-999
114117,AYMARAES,2022,07,31,0.0,30.4,-999
114117,AYMARAES,2022,08,01,0.0,27.6,-999
114117,AYMARAES,2022,08,02,0.0,28.5,-999
114117,AYMARAES,2022,08,03,0.0,29.6,-999
114117,AYMARAES,2022,08,04,0.0,25.6,-999
114117,AYMARAES,2022,08,05,0.0,23.2,-999
114117,AYMARAES,2022,08,06,0.0,25.2,-999
114117,AYMARAES,2022,08,07,0.0,26.0,-999
114117,AYMARAES,2022,08,08,2.4,24.1,-999
114117,AYMARAES,2022,08,09,0.0,27.0,-999
114117,AYMARAES,2022,08,10,0.0,23.0,-999
114117,AYMARAES,2022,08,11,0.0,23.6,-999
114117,AYMARAES,2022,08,12,0.0,24.8,-999
114117,AYMARAES,2022,08,13,0.0,28.8,-999
114117,AYMARAES,2022,08,14,0.0,26.4,-999
114117,AYMARAES,2022,08,15,0.0,27.2,-999
114117,AYMARAES,2022,08,16,0.0,26.4,-999
114117,AYMARAES,2022,08,17,0.0,28.6,-999
114117,AYMARAES,2022,08,18,0.0,26.4,-999
114117,AYMARAES,2022,08,19,0.0,27.8,-999
114117,AYMARAES,2022,08,20,0.0,26.2,-999
114117,AYMARAES,2022,08,21,0.0,27.2,-999
114117,AYMARAES,2022,08,22,0.0,26.6,-999
114117,AYMARAES,2022,08,23,0.0,27.6,-999
114117,AYMARAES,2022,08,24,0.0,29.4,-999
114117,AYMARAES,2022,08,25,0.0,29.3,-999
114117,AYMARAES,2022,08,26,0.0,30.2,-999
114117,AYMARAES,2022,08,27,0.0,29.6,-999
114117,AYMARAES,2022,08,28,0.0,26.8,-999
114117,AYMARAES,2022,08,29,0.0,21.4,-999
114117,AYMARAES,2022,08,30,0.0,25.8,-999
114117,AYMARAES,2022,08,31,0.0,25.6,-999
114117,AYMARAES,2022,09,01,0.0,26.2,-999
114117,AYMARAES,2022,09,02,0.0,27.4,-999
114117,AYMARAES,2022,09,03,0.0,24.6,-999
114117,AYMARAES,2022,09,04,0.0,26.3,-999
114117,AYMARAES,2022,09,05,0.0,27.6,-999
114117,AYMARAES,2022,09,06,0.0,26.8,-999
114117,AYMARAES,2022,09,07,0.0,25.4,-999
114117,AYMARAES,2022,09,08,0.0,27.6,-999
114117,AYMARAES,2022,09,09,0.0,28.8,-999
114117,AYMARAES,2022,09,10,0.0,26.9,-999
114117,AYMARAES,2022,09,11,0.0,28.6,-999
114117,AYMARAES,2022,09,12,0.0,27.6,-999
114117,AYMARAES,2022,09,13,0.0,25.6,-999
114117,AYMARAES,2022,09,14,0.0,26.4,-999
114117,AYMARAES,2022,09,15,0.0,25.8,-999
114117,AYMARAES,2022,09,16,0.0,29.0,-999
114117,AYMARAES,2022,09,17,0.0,30.4,-999
114117,AYMARAES,2022,09,18,0.0,28.8,-999
114117,AYMARAES,2022,09,19,0.0,30.2,-999
114117,AYMARAES,2022,09,20,0.0,29.8,-999
114117,AYMARAES,2022,09,21,0.0,27.4,-999
114117,AYMARAES,2022,09,22,0.0,29.6,-999
114117,AYMARAES,2022,09,23,0.0,28.8,-999
114117,AYMARAES,2022,09,24,0.0,25.1,-999
114117,AYMARAES,2022,09,25,0.0,26.6,-999
114117,AYMARAES,2022,09,26,0.0,24.4,-999
114117,AYMARAES,2022,09,27,0.0,26.0,-999
114117,AYMARAES,2022,09,28,0.0,26.6,-999
114117,AYMARAES,2022,09,29,0.0,27.4,-999
114117,AYMARAES,2022,09,30,0.0,30.2,-999
114117,AYMARAES,2022,10,01,0.0,22.3,-999
114117,AYMARAES,2022,10,02,0.0,28.2,-999
114117,AYMARAES,2022,10,03,0.0,29.6,-999
114117,AYMARAES,2022,10,04,0.0,26.4,-999
114117,AYMARAES,2022,10,05,0.0,-999,-999
114117,AYMARAES,2022,10,06,0.0,28.2,-999
114117,AYMARAES,2022,10,07,0.0,30.0,-999
114117,AYMARAES,2022,10,08,0.0,26.3,-999
114117,AYMARAES,2022,10,09,0.0,28.0,-999
114117,AYMARAES,2022,10,10,0.0,27.6,-999
114117,AYMARAES,2022,10,11,0.0,28.4,-999
114117,AYMARAES,2022,10,12,0.0,30.4,-999
114117,AYMARAES,2022,10,13,0.0,30.6,-999
114117,AYMARAES,2022,10,14,0.0,29.0,-999
114117,AYMARAES,2022,10,15,0.0,28.0,-999
114117,AYMARAES,2022,10,16,4.2,27.6,-999
114117,AYMARAES,2022,10,17,0.0,29.4,-999
114117,AYMARAES,2022,10,18,0.0,27.0,-999
114117,AYMARAES,2022,10,19,0.0,30.4,-999
114117,AYMARAES,2022,10,20,0.0,29.0,-999
114117,AYMARAES,2022,10,21,0.0,28.6,-999
114117,AYMARAES,2022,10,22,0.0,30.6,-999
114117,AYMARAES,2022,10,23,0.0,30.8,-999
114117,AYMARAES,2022,10,24,0.0,30.2,-999
114117,AYMARAES,2022,10,25,0.0,27.2,-999
114117,AYMARAES,2022,10,26,0.0,28.6,-999
114117,AYMARAES,2022,10,27,0.0,27.8,-999
114117,AYMARAES,2022,10,28,0.0,27.6,-999
114117,AYMARAES,2022,10,29,0.0,30.0,-999
114117,AYMARAES,2022,10,30,0.0,27.8,-999
114117,AYMARAES,2022,10,31,0.0,-999,-999
114117,AYMARAES,2022,11,01,0.0,27.6,-999
114117,AYMARAES,2022,11,02,0.0,26.6,-999
114117,AYMARAES,2022,11,03,0.0,24.0,-999
114117,AYMARAES,2022,11,04,0.0,28.4,-999
114117,AYMARAES,2022,11,05,0.0,29.2,-999
114117,AYMARAES,2022,11,06,0.0,27.2,-999
114117,AYMARAES,2022,11,07,0.0,30.2,-999
114117,AYMARAES,2022,11,08,0.0,31.6,-999
114117,AYMARAES,2022,11,09,0.0,31.8,-999
114117,AYMARAES,2022,11,10,0.0,30.9,-999
114117,AYMARAES,2022,11,11,0.0,30.9,-999
114117,AYMARAES,2022,11,12,0.0,29.6,-999
114117,AYMARAES,2022,11,13,0.0,30.8,-999
114117,AYMARAES,2022,11,14,0.0,30.6,-999
114117,AYMARAES,2022,11,15,0.0,28.4,-999
114117,AYMARAES,2022,11,16,0.0,27.4,-999
114117,AYMARAES,2022,11,17,0.0,29.4,-999
114117,AYMARAES,2022,11,18,1.2,29.6,-999
114117,AYMARAES,2022,11,19,0.0,28.4,-999
114117,AYMARAES,2022,11,20,0.0,27.4,-999
114117,AYMARAES,2022,11,21,0.0,29.6,-999
114117,AYMARAES,2022,11,22,0.0,27.6,-999
114117,AYMARAES,2022,11,23,0.0,26.4,-999
114117,AYMARAES,2022,11,24,0.0,27.0,-999
114117,AYMARAES,2022,11,25,2.2,28.1,-999
114117,AYMARAES,2022,11,26,0.0,27.0,-999
114117,AYMARAES,2022,11,27,0.0,27.4,-999
114117,AYMARAES,2022,11,28,0.0,26.4,-999
114117,AYMARAES,2022,11,29,0.0,31.0,-999
114117,AYMARAES,2022,11,30,0.0,31.6,-999
114117,AYMARAES,2022,12,01,0.0,29.6,-999
114117,AYMARAES,2022,12,02,0.0,30.4,-999
114117,AYMARAES,2022,12,03,-999,31.4,-999
114117,AYMARAES,2022,12,04,-999,-999,-999
114117,AYMARAES,2022,12,05,0.0,26.4,-999
114117,AYMARAES,2022,12,06,0.0,29.0,-999
114117,AYMARAES,2022,12,07,0.0,26.3,-999
114117,AYMARAES,2022,12,08,1.5,25.3,-999
114117,AYMARAES,2022,12,09,13.1,25.6,-999
114117,AYMARAES,2022,12,10,-999,25.4,-999
114117,AYMARAES,2022,12,11,-999,-999,-999
114117,AYMARAES,2022,12,12,10.3,23.2,-999
114117,AYMARAES,2022,12,13,4.6,24.6,-999
114117,AYMARAES,2022,12,14,12.0,23.6,-999
114117,AYMARAES,2022,12,15,8.9,23.4,-999
114117,AYMARAES,2022,12,16,15.2,24.2,-999
114117,AYMARAES,2022,12,17,2.8,28.4,-999
114117,AYMARAES,2022,12,18,-999,-999,-999
114117,AYMARAES,2022,12,19,0.0,28.4,-999
114117,AYMARAES,2022,12,20,0.0,30.6,-999
114117,AYMARAES,2022,12,21,0.0,28.3,-999
114117,AYMARAES,2022,12,22,0.0,29.3,-999
114117,AYMARAES,2022,12,23,0.0,31.2,-999
114117,AYMARAES,2022,12,24,-999,26.2,-999
114117,AYMARAES,2022,12,25,-999,-999,-999
114117,AYMARAES,2022,12,26,6.4,27.5,-999
114117,AYMARAES,2022,12,27,0.0,-999,-999
114117,AYMARAES,2022,12,28,0.0,27.0,-999
114117,AYMARAES,2022,12,29,2.6,24.1,-999
114117,AYMARAES,2022,12,30,0.0,21.4,-999
114117,AYMARAES,2022,12,31,0.0,26.3,-999
114117,AYMARAES,2023,01,01,-999,-999,-999
114117,AYMARAES,2023,01,02,3.4,26.3,-999
114117,AYMARAES,2023,01,03,1.1,25.9,-999
114117,AYMARAES,2023,01,04,0.0,28.0,-999
114117,AYMARAES,2023,01,05,0.0,26.1,-999
114117,AYMARAES,2023,01,06,0.0,27.3,-999
114117,AYMARAES,2023,01,07,-999,27.4,-999
114117,AYMARAES,2023,01,08,-999,-999,-999
114117,AYMARAES,2023,01,09,0.0,29.6,-999
114117,AYMARAES,2023,01,10,2.4,30.4,-999
114117,AYMARAES,2023,01,11,0.0,30.2,-999
114117,AYMARAES,2023,01,12,0.0,29.3,-999
114117,AYMARAES,2023,01,13,0.0,29.6,-999
114117,AYMARAES,2023,01,14,-999,30.0,-999
114117,AYMARAES,2023,01,15,-999,-999,-999
114117,AYMARAES,2023,01,16,4.2,28.2,-999
114117,AYMARAES,2023,01,17,4.3,29.2,-999
114117,AYMARAES,2023,01,18,1.2,29.6,-999
114117,AYMARAES,2023,01,19,5.4,30.0,-999
114117,AYMARAES,2023,01,20,0.0,27.8,-999
114117,AYMARAES,2023,01,21,-999,30.0,-999
114117,AYMARAES,2023,01,22,-999,-999,-999
114117,AYMARAES,2023,01,23,0.0,27.3,-999
114117,AYMARAES,2023,01,24,1.4,28.6,-999
114117,AYMARAES,2023,01,25,5.6,27.6,-999
114117,AYMARAES,2023,01,26,9.2,28.4,-999
114117,AYMARAES,2023,01,27,6.1,27.8,-999
114117,AYMARAES,2023,01,28,-999,25.6,-999
114117,AYMARAES,2023,01,29,-999,-999,-999
114117,AYMARAES,2023,01,30,21.2,25.3,-999
114117,AYMARAES,2023,01,31,3.6,26.3,-999
114117,AYMARAES,2023,02,01,30.2,25.6,-999
114117,AYMARAES,2023,02,02,2.3,27.3,-999
114117,AYMARAES,2023,02,03,1.8,23.8,-999
114117,AYMARAES,2023,02,04,-999,24.0,-999
114117,AYMARAES,2023,02,05,-999,-999,-999
114117,AYMARAES,2023,02,06,3.2,23.6,-999
114117,AYMARAES,2023,02,07,0.0,26.2,-999
114117,AYMARAES,2023,02,08,3.4,24.1,-999
114117,AYMARAES,2023,02,09,0.0,27.3,-999
114117,AYMARAES,2023,02,10,6.4,24.2,-999
114117,AYMARAES,2023,02,11,-999,20.2,-999
114117,AYMARAES,2023,02,12,-999,-999,-999
114117,AYMARAES,2023,02,13,4.8,24.2,-999
114117,AYMARAES,2023,02,14,5.4,24.6,-999
114117,AYMARAES,2023,02,15,5.0,26.4,-999
114117,AYMARAES,2023,02,16,0.0,25.3,-999
114117,AYMARAES,2023,02,17,0.0,27.4,-999
114117,AYMARAES,2023,02,18,-999,25.3,-999
114117,AYMARAES,2023,02,19,-999,-999,-999
114117,AYMARAES,2023,02,20,0.0,26.4,-999
114117,AYMARAES,2023,02,21,2.2,24.6,-999
114117,AYMARAES,2023,02,22,0.0,27.4,-999
114117,AYMARAES,2023,02,23,0.0,26.3,-999
114117,AYMARAES,2023,02,24,1.4,26.3,-999
114117,AYMARAES,2023,02,25,-999,25.3,-999
114117,AYMARAES,2023,02,26,-999,-999,-999
114117,AYMARAES,2023,02,27,0.0,22.6,-999
114117,AYMARAES,2023,02,28,0.0,28.1,-999
114117,AYMARAES,2023,03,01,0.0,25.1,-999
114117,AYMARAES,2023,03,02,1.2,25.6,-999
114117,AYMARAES,2023,03,03,0.0,24.6,-999
114117,AYMARAES,2023,03,04,-999,26.1,-999
114117,AYMARAES,2023,03,05,-999,-999,-999
114117,AYMARAES,2023,03,06,0.0,23.6,-999
114117,AYMARAES,2023,03,07,3.1,26.1,-999
114117,AYMARAES,2023,03,08,0.0,24.3,-999
114117,AYMARAES,2023,03,09,1.6,25.3,-999
114117,AYMARAES,2023,03,10,0.0,22.6,-999
114117,AYMARAES,2023,03,11,-999,25.3,-999
114117,AYMARAES,2023,03,12,-999,-999,-999
114117,AYMARAES,2023,03,13,0.0,26.3,-999
114117,AYMARAES,2023,03,14,4.8,21.7,-999
114117,AYMARAES,2023,03,15,5.7,25.3,-999
114117,AYMARAES,2023,03,16,1.4,24.2,-999
114117,AYMARAES,2023,03,17,14.1,24.1,-999
114117,AYMARAES,2023,03,18,-999,18.8,-999
114117,AYMARAES,2023,03,19,-999,-999,-999
114117,AYMARAES,2023,03,20,0.0,27.6,-999
114117,AYMARAES,2023,03,21,0.0,25.4,-999
114117,AYMARAES,2023,03,22,0.0,29.4,-999
114117,AYMARAES,2023,03,23,0.0,28.1,-999
114117,AYMARAES,2023,03,24,3.7,22.6,-999
114117,AYMARAES,2023,03,25,-999,25.6,-999
114117,AYMARAES,2023,03,26,-999,-999,-999
114117,AYMARAES,2023,03,27,2.8,23.8,-999
114117,AYMARAES,2023,03,28,0.0,24.7,-999
114117,AYMARAES,2023,03,29,1.2,21.6,-999
114117,AYMARAES,2023,03,30,2.6,24.6,-999
114117,AYMARAES,2023,03,31,6.1,25.7,-999
114117,AYMARAES,2023,04,01,-999,23.6,-999
114117,AYMARAES,2023,04,02,-999,-999,-999
114117,AYMARAES,2023,04,03,0.0,26.4,-999
114117,AYMARAES,2023,04,04,0.0,22.4,-999
114117,AYMARAES,2023,04,05,0.0,28.1,-999
114117,AYMARAES,2023,04,06,0.0,29.6,-999
114117,AYMARAES,2023,04,07,0.0,26.9,-999
114117,AYMARAES,2023,04,08,-999,25.4,-999
114117,AYMARAES,2023,04,09,-999,-999,-999
114117,AYMARAES,2023,04,10,0.0,29.4,-999
114117,AYMARAES,2023,04,11,0.0,28.2,-999
114117,AYMARAES,2023,04,12,0.0,27.6,-999
114117,AYMARAES,2023,04,13,0.0,29.4,-999
114117,AYMARAES,2023,04,14,0.0,26.4,-999
114117,AYMARAES,2023,04,15,-999,29.8,-999
114117,AYMARAES,2023,04,16,-999,-999,-999
114117,AYMARAES,2023,04,17,0.0,26.4,-999
114117,AYMARAES,2023,04,18,0.0,28.7,-999
114117,AYMARAES,2023,04,19,0.0,28.4,-999
114117,AYMARAES,2023,04,20,0.0,29.3,-999
114117,AYMARAES,2023,04,21,0.0,29.4,-999
114117,AYMARAES,2023,04,22,-999,28.6,-999
114117,AYMARAES,2023,04,23,-999,-999,-999
114117,AYMARAES,2023,04,24,0.0,30.1,-999
114117,AYMARAES,2023,04,25,0.0,29.2,-999
114117,AYMARAES,2023,04,26,0.0,30.2,-999
114117,AYMARAES,2023,04,27,0.0,29.4,-999
114117,AYMARAES,2023,04,28,0.0,28.2,-999
114117,AYMARAES,2023,04,29,-999,27.9,-999
114117,AYMARAES,2023,04,30,-999,-999,-999
114117,AYMARAES,2023,05,01,0.0,27.4,-999
114117,AYMARAES,2023,05,02,0.0,28.8,-999
114117,AYMARAES,2023,05,03,0.0,27.4,-999
114117,AYMARAES,2023,05,04,0.0,30.2,-999
114117,AYMARAES,2023,05,05,13.2,25.4,-999
114117,AYMARAES,2023,05,06,-999,25.2,-999
114117,AYMARAES,2023,05,07,-999,-999,-999
114117,AYMARAES,2023,05,08,0.0,24.7,-999
114117,AYMARAES,2023,05,09,0.0,25.6,-999
114117,AYMARAES,2023,05,10,0.0,27.6,-999
114117,AYMARAES,2023,05,11,0.0,27.2,-999
114117,AYMARAES,2023,05,12,1.2,23.6,-999
114117,AYMARAES,2023,05,13,-999,25.4,-999
114117,AYMARAES,2023,05,14,-999,-999,-999
114117,AYMARAES,2023,05,15,0.0,27.2,-999
114117,AYMARAES,2023,05,16,0.0,28.4,-999
114117,AYMARAES,2023,05,17,0.0,29.0,-999
114117,AYMARAES,2023,05,18,0.0,25.8,-999
114117,AYMARAES,2023,05,19,0.0,29.2,-999
114117,AYMARAES,2023,05,20,-999,26.3,-999
114117,AYMARAES,2023,05,21,-999,-999,-999
114117,AYMARAES,2023,05,22,0.0,27.4,-999
114117,AYMARAES,2023,05,23,0.0,28.6,-999
114117,AYMARAES,2023,05,24,0.0,28.6,-999
114117,AYMARAES,2023,05,25,0.0,26.7,-999
114117,AYMARAES,2023,05,26,0.0,25.3,-999
114117,AYMARAES,2023,05,27,-999,24.6,-999
114117,AYMARAES,2023,05,28,-999,-999,-999
114117,AYMARAES,2023,05,29,0.0,27.9,-999
114117,AYMARAES,2023,05,30,0.0,28.4,-999
114117,AYMARAES,2023,05,31,0.0,29.7,-999
114117,AYMARAES,2023,06,01,0.0,30.2,-999
114117,AYMARAES,2023,06,02,0.0,29.8,-999
114117,AYMARAES,2023,06,03,-999,30.4,-999
114117,AYMARAES,2023,06,04,-999,-999,-999
114117,AYMARAES,2023,06,05,0.0,29.6,-999
114117,AYMARAES,2023,06,06,0.0,30.2,-999
114117,AYMARAES,2023,06,07,0.0,29.8,-999
114117,AYMARAES,2023,06,08,0.0,27.6,-999
114117,AYMARAES,2023,06,09,0.0,30.8,-999
114117,AYMARAES,2023,06,10,-999,29.2,-999
114117,AYMARAES,2023,06,11,-999,-999,-999
114117,AYMARAES,2023,06,12,0.0,28.4,-999
114117,AYMARAES,2023,06,13,0.0,29.2,-999
114117,AYMARAES,2023,06,14,0.0,28.4,-999
114117,AYMARAES,2023,06,15,0.0,29.4,-999
114117,AYMARAES,2023,06,16,0.0,30.1,-999
114117,AYMARAES,2023,06,17,-999,28.6,-999
114117,AYMARAES,2023,06,18,-999,-999,-999
114117,AYMARAES,2023,06,19,0.0,27.4,-999
114117,AYMARAES,2023,06,20,0.0,27.4,-999
114117,AYMARAES,2023,06,21,0.0,28.6,-999
114117,AYMARAES,2023,06,22,0.0,27.4,-999
114117,AYMARAES,2023,06,23,0.0,28.2,-999
114117,AYMARAES,2023,06,24,-999,30.0,-999
114117,AYMARAES,2023,06,25,-999,-999,-999
114117,AYMARAES,2023,06,26,0.0,29.5,-999
114117,AYMARAES,2023,06,27,0.0,29.7,-999
114117,AYMARAES,2023,06,28,0.0,29.6,-999
114117,AYMARAES,2023,06,29,0.0,30.3,-999
114117,AYMARAES,2023,06,30,0.0,29.3,-999
114117,AYMARAES,2023,07,01,-999,30.4,-999
114117,AYMARAES,2023,07,02,-999,-999,-999
114117,AYMARAES,2023,07,03,0.0,28.6,-999
114117,AYMARAES,2023,07,04,0.0,30.2,-999
114117,AYMARAES,2023,07,05,0.0,30.6,-999
114117,AYMARAES,2023,07,06,0.0,28.3,-999
114117,AYMARAES,2023,07,07,0.0,29.7,-999
114117,AYMARAES,2023,07,08,-999,30.2,-999
114117,AYMARAES,2023,07,09,-999,-999,-999
114117,AYMARAES,2023,07,10,0.0,28.6,-999
114117,AYMARAES,2023,07,11,0.0,29.6,-999
114117,AYMARAES,2023,07,12,0.0,30.6,-999
114117,AYMARAES,2023,07,13,0.0,29.7,-999
114117,AYMARAES,2023,07,14,0.0,30.2,-999
114117,AYMARAES,2023,07,15,-999,29.2,-999
114117,AYMARAES,2023,07,16,-999,-999,-999
114117,AYMARAES,2023,07,17,0.0,28.6,-999
114117,AYMARAES,2023,07,18,0.0,28.6,-999
114117,AYMARAES,2023,07,19,0.0,29.8,-999
114117,AYMARAES,2023,07,20,0.0,28.3,-999
114117,AYMARAES,2023,07,21,0.0,30.4,-999
114117,AYMARAES,2023,07,22,-999,30.1,-999
114117,AYMARAES,2023,07,23,-999,-999,-999
114117,AYMARAES,2023,07,24,0.0,29.4,-999
114117,AYMARAES,2023,07,25,0.0,30.2,-999
114117,AYMARAES,2023,07,26,0.0,29.6,-999
114117,AYMARAES,2023,07,27,0.0,30.4,-999
114117,AYMARAES,2023,07,28,0.0,27.6,-999
114117,AYMARAES,2023,07,29,-999,26.8,-999
114117,AYMARAES,2023,07,30,-999,-999,-999
114117,AYMARAES,2023,07,31,-999,27.4,-999
114117,AYMARAES,2023,08,01,0.0,27.6,-999
114117,AYMARAES,2023,08,02,0.0,30.1,-999
114117,AYMARAES,2023,08,03,0.0,27.2,-999
114117,AYMARAES,2023,08,04,0.0,26.4,-999
114117,AYMARAES,2023,08,05,-999,27.3,-999
114117,AYMARAES,2023,08,06,-999,-999,-999
114117,AYMARAES,2023,08,07,0.0,28.2,-999
114117,AYMARAES,2023,08,08,0.0,27.2,-999
114117,AYMARAES,2023,08,09,0.0,27.3,-999
114117,AYMARAES,2023,08,10,0.0,29.7,-999
114117,AYMARAES,2023,08,11,0.0,29.6,-999
114117,AYMARAES,2023,08,12,-999,27.6,-999
114117,AYMARAES,2023,08,13,-999,-999,-999
114117,AYMARAES,2023,08,14,0.0,28.3,-999
114117,AYMARAES,2023,08,15,0.0,29.6,-999
114117,AYMARAES,2023,08,16,0.0,30.2,-999
114117,AYMARAES,2023,08,17,0.0,30.2,-999
114117,AYMARAES,2023,08,18,0.0,29.3,-999
114117,AYMARAES,2023,08,19,-999,30.8,-999
114117,AYMARAES,2023,08,20,-999,-999,-999
114117,AYMARAES,2023,08,21,0.0,30.6,-999
114117,AYMARAES,2023,08,22,0.0,30.2,-999
114117,AYMARAES,2023,08,23,0.0,29.1,-999
114117,AYMARAES,2023,08,24,0.0,30.2,-999
114117,AYMARAES,2023,08,25,0.0,28.6,-999
114117,AYMARAES,2023,08,26,-999,30.4,-999
114117,AYMARAES,2023,08,27,-999,-999,-999
114117,AYMARAES,2023,08,28,0.0,28.6,-999
114117,AYMARAES,2023,08,29,0.0,29.4,-999
114117,AYMARAES,2023,08,30,0.0,28.6,-999
114117,AYMARAES,2023,08,31,0.0,28.6,-999
114117,AYMARAES,2023,09,01,0.0,29.4,-999
114117,AYMARAES,2023,09,02,-999,27.4,-999
114117,AYMARAES,2023,09,03,-999,-999,-999
114117,AYMARAES,2023,09,04,3.1,30.2,-999
114117,AYMARAES,2023,09,05,2.8,-999,-999
114117,AYMARAES,2023,09,06,0.0,27.6,-999
114117,AYMARAES,2023,09,07,0.0,28.4,-999
114117,AYMARAES,2023,09,08,0.0,29.6,-999
114117,AYMARAES,2023,09,09,-999,28.8,-999
114117,AYMARAES,2023,09,10,-999,-999,-999
114117,AYMARAES,2023,09,11,0.0,30.2,-999
114117,AYMARAES,2023,09,12,0.0,27.6,-999
114117,AYMARAES,2023,09,13,0.0,29.4,-999
114117,AYMARAES,2023,09,14,0.0,28.2,-999
114117,AYMARAES,2023,09,15,0.0,28.3,-999
114117,AYMARAES,2023,09,16,-999,27.3,-999
114117,AYMARAES,2023,09,17,-999,-999,-999
114117,AYMARAES,2023,09,18,0.0,27.8,-999
114117,AYMARAES,2023,09,19,0.0,29.3,-999
114117,AYMARAES,2023,09,20,0.0,28.1,-999
114117,AYMARAES,2023,09,21,0.0,27.2,-999
114117,AYMARAES,2023,09,22,0.0,-999,-999
114117,AYMARAES,2023,09,23,-999,29.6,-999
114117,AYMARAES,2023,09,24,-999,-999,-999
114117,AYMARAES,2023,09,25,0.0,28.0,-999
114117,AYMARAES,2023,09,26,0.0,30.4,-999
114117,AYMARAES,2023,09,27,0.0,27.2,-999
114117,AYMARAES,2023,09,28,0.0,28.1,-999
114117,AYMARAES,2023,09,29,2.6,27.6,-999
114117,AYMARAES,2023,09,30,0.0,28.1,-999
114117,AYMARAES,2023,10,01,-999,-999,-999
114117,AYMARAES,2023,10,02,0.0,29.3,-999
114117,AYMARAES,2023,10,03,0.0,27.4,-999
114117,AYMARAES,2023,10,04,3.4,30.4,-999
114117,AYMARAES,2023,10,05,0.0,31.4,-999
114117,AYMARAES,2023,10,06,-999,30.6,-999
114117,AYMARAES,2023,10,07,-999,31.2,-999
114117,AYMARAES,2023,10,08,-999,-999,-999
114117,AYMARAES,2023,10,09,5.6,27.6,-999
114117,AYMARAES,2023,10,10,2.6,28.8,-999
114117,AYMARAES,2023,10,11,0.0,29.6,-999
114117,AYMARAES,2023,10,12,1.0,30.2,-999
114117,AYMARAES,2023,10,13,5.8,27.6,-999
114117,AYMARAES,2023,10,14,-999,28.6,-999
114117,AYMARAES,2023,10,15,-999,-999,-999
114117,AYMARAES,2023,10,16,2.0,30.2,-999
114117,AYMARAES,2023,10,17,0.0,29.4,-999
114117,AYMARAES,2023,10,18,0.0,28.6,-999
114117,AYMARAES,2023,10,19,3.4,27.4,-999
114117,AYMARAES,2023,10,20,9.2,26.0,-999
114117,AYMARAES,2023,10,21,-999,28.1,-999
114117,AYMARAES,2023,10,22,-999,-999,-999
114117,AYMARAES,2023,10,23,0.0,28.6,-999
114117,AYMARAES,2023,10,24,4.6,27.4,-999
114117,AYMARAES,2023,10,25,0.0,28.4,-999
114117,AYMARAES,2023,10,26,2.4,30.2,-999
114117,AYMARAES,2023,10,27,0.0,29.4,-999
114117,AYMARAES,2023,10,28,-999,30.2,-999
114117,AYMARAES,2023,10,29,-999,-999,-999
114117,AYMARAES,2023,10,30,0.0,30.6,-999
114117,AYMARAES,2023,10,31,-999,29.6,-999
114117,AYMARAES,2023,11,01,0.0,28.4,-999
114117,AYMARAES,2023,11,02,0.0,30.2,-999
114117,AYMARAES,2023,11,03,0.0,29.4,-999
114117,AYMARAES,2023,11,04,-999,27.6,-999
114117,AYMARAES,2023,11,05,-999,-999,-999
114117,AYMARAES,2023,11,06,2.0,24.8,-999
114117,AYMARAES,2023,11,07,9.2,27.4,-999
114117,AYMARAES,2023,11,08,8.6,28.6,-999
114117,AYMARAES,2023,11,09,0.0,27.0,-999
114117,AYMARAES,2023,11,10,2.1,27.3,-999
114117,AYMARAES,2023,11,11,-999,28.6,-999
114117,AYMARAES,2023,11,12,-999,-999,-999
114117,AYMARAES,2023,11,13,0.0,29.4,-999
114117,AYMARAES,2023,11,14,3.4,29.3,-999
114117,AYMARAES,2023,11,15,4.2,27.8,-999
114117,AYMARAES,2023,11,16,0.0,28.4,-999
114117,AYMARAES,2023,11,17,0.0,29.4,-999
114117,AYMARAES,2023,11,18,-999,30.0,-999
114117,AYMARAES,2023,11,19,-999,-999,-999
114117,AYMARAES,2023,11,20,0.0,29.4,-999
114117,AYMARAES,2023,11,21,0.0,30.1,-999
114117,AYMARAES,2023,11,22,0.0,29.6,-999
114117,AYMARAES,2023,11,23,0.0,28.4,-999
114117,AYMARAES,2023,11,24,7.5,27.6,-999
114117,AYMARAES,2023,11,25,-999,29.4,-999
114117,AYMARAES,2023,11,26,-999,-999,-999
114117,AYMARAES,2023,11,27,0.0,20.2,-999
114117,AYMARAES,2023,11,28,0.0,25.2,-999
114117,AYMARAES,2023,11,29,0.0,27.8,-999
114117,AYMARAES,2023,11,30,0.0,28.2,-999
114117,AYMARAES,2023,12,01,0.0,25.1,-999
114117,AYMARAES,2023,12,02,-999,26.3,-999
114117,AYMARAES,2023,12,03,-999,-999,-999
114117,AYMARAES,2023,12,04,0.0,29.8,-999
114117,AYMARAES,2023,12,05,0.0,30.2,-999
114117,AYMARAES,2023,12,06,0.0,28.8,-999
114117,AYMARAES,2023,12,07,0.0,27.2,-999
114117,AYMARAES,2023,12,08,4.1,28.6,-999
114117,AYMARAES,2023,12,09,-999,27.6,-999
114117,AYMARAES,2023,12,10,-999,-999,-999
114117,AYMARAES,2023,12,11,0.0,27.4,-999
114117,AYMARAES,2023,12,12,0.0,27.3,-999
114117,AYMARAES,2023,12,13,0.0,29.6,-999
114117,AYMARAES,2023,12,14,1.2,27.8,-999
114117,AYMARAES,2023,12,15,2.1,28.4,-999
114117,AYMARAES,2023,12,16,-999,29.3,-999
114117,AYMARAES,2023,12,17,-999,-999,-999
114117,AYMARAES,2023,12,18,0.0,30.2,-999
114117,AYMARAES,2023,12,19,0.0,29.4,-999
114117,AYMARAES,2023,12,20,0.0,28.8,-999
114117,AYMARAES,2023,12,21,0.0,29.4,-999
114117,AYMARAES,2023,12,22,0.0,30.4,-999
114117,AYMARAES,2023,12,23,-999,28.3,-999
114117,AYMARAES,2023,12,24,-999,-999,-999
114117,AYMARAES,2023,12,25,4.2,29.6,-999
114117,AYMARAES,2023,12,26,0.0,27.4,-999
114117,AYMARAES,2023,12,27,7.4,27.2,-999
114117,AYMARAES,2023,12,28,2.3,28.6,-999
114117,AYMARAES,2023,12,29,1.6,27.9,-999
114117,AYMARAES,2023,12,30,-999,27.1,-999
114117,AYMARAES,2023,12,31,-999,-999,-999
114117,AYMARAES,2024,01,01,15.1,26.4,-999
114117,AYMARAES,2024,01,02,9.7,26.7,-999
114117,AYMARAES,2024,01,03,0.0,27.3,-999
114117,AYMARAES,2024,01,04,31.6,28.4,-999
114117,AYMARAES,2024,01,05,12.4,26.6,-999
114117,AYMARAES,2024,01,06,-999,28.8,-999
114117,AYMARAES,2024,01,07,-999,-999,-999
114117,AYMARAES,2024,01,08,5.4,27.6,-999
114117,AYMARAES,2024,01,09,0.0,29.3,-999
114117,AYMARAES,2024,01,10,0.0,28.6,-999
114117,AYMARAES,2024,01,11,15.3,26.2,-999
114117,AYMARAES,2024,01,12,0.0,27.4,-999
114117,AYMARAES,2024,01,13,-999,25.2,-999
114117,AYMARAES,2024,01,14,-999,-999,-999
114117,AYMARAES,2024,01,15,15.6,26.3,-999
114117,AYMARAES,2024,01,16,0.0,25.4,-999
114117,AYMARAES,2024,01,17,3.4,25.6,-999
114117,AYMARAES,2024,01,18,0.0,26.6,-999
114117,AYMARAES,2024,01,19,1.8,25.6,-999
114117,AYMARAES,2024,01,20,-999,27.3,-999
114117,AYMARAES,2024,01,21,-999,-999,-999
114117,AYMARAES,2024,01,22,5.2,25.1,-999
114117,AYMARAES,2024,01,23,16.6,26.0,-999
114117,AYMARAES,2024,01,24,13.4,27.8,-999
114117,AYMARAES,2024,01,25,21.8,26.3,-999
114117,AYMARAES,2024,01,26,0.0,25.8,-999
114117,AYMARAES,2024,01,27,-999,27.2,-999
114117,AYMARAES,2024,01,28,-999,-999,-999
114117,AYMARAES,2024,01,29,16.2,28.4,-999
114117,AYMARAES,2024,01,30,2.0,29.6,-999
114117,AYMARAES,2024,01,31,2.0,27.6,-999
114117,AYMARAES,2024,02,01,0.0,25.4,-999
114117,AYMARAES,2024,02,02,14.4,26.2,-999
114117,AYMARAES,2024,02,03,-999,27.4,-999
114117,AYMARAES,2024,02,04,-999,-999,-999
114117,AYMARAES,2024,02,05,0.0,27.4,-999
114117,AYMARAES,2024,02,06,0.0,28.0,-999
114117,AYMARAES,2024,02,07,0.0,25.6,-999
114117,AYMARAES,2024,02,08,3.2,26.0,-999
114117,AYMARAES,2024,02,09,0.0,27.4,-999
114117,AYMARAES,2024,02,10,-999,26.3,-999
114117,AYMARAES,2024,02,11,-999,-999,-999
114117,AYMARAES,2024,02,12,0.0,28.4,-999
114117,AYMARAES,2024,02,13,0.0,28.2,-999
114117,AYMARAES,2024,02,14,2.4,25.6,-999
114117,AYMARAES,2024,02,15,33.6,27.3,-999
114117,AYMARAES,2024,02,16,27.0,27.8,-999
114117,AYMARAES,2024,02,17,-999,26.7,-999
114117,AYMARAES,2024,02,18,-999,-999,-999
114117,AYMARAES,2024,02,19,0.0,25.6,-999
114117,AYMARAES,2024,02,20,0.0,27.4,-999
114117,AYMARAES,2024,02,21,0.0,28.4,-999
114117,AYMARAES,2024,02,22,0.0,29.7,-999
114117,AYMARAES,2024,02,23,3.2,28.4,-999
114117,AYMARAES,2024,02,24,-999,27.3,-999
114117,AYMARAES,2024,02,25,-999,-999,-999
114117,AYMARAES,2024,02,26,0.0,25.6,-999
114117,AYMARAES,2024,02,27,27.5,26.2,-999
114117,AYMARAES,2024,02,28,14.6,25.3,-999
114117,AYMARAES,2024,02,29,7.7,26.4,-999
114117,AYMARAES,2024,03,01,16.2,25.8,-999
114117,AYMARAES,2024,03,02,-999,26.6,-999
114117,AYMARAES,2024,03,03,-999,-999,-999
114117,AYMARAES,2024,03,04,0.0,27.4,-999
114117,AYMARAES,2024,03,05,9.6,26.6,-999
114117,AYMARAES,2024,03,06,1.4,25.8,-999
114117,AYMARAES,2024,03,07,19.8,27.4,-999
114117,AYMARAES,2024,03,08,0.0,26.3,-999
114117,AYMARAES,2024,03,09,0.0,25.4,-999
114117,AYMARAES,2024,03,10,38.0,27.2,-999
114117,AYMARAES,2024,03,11,0.0,26.6,-999
114117,AYMARAES,2024,03,12,0.0,27.6,-999
114117,AYMARAES,2024,03,13,0.0,25.6,-999
114117,AYMARAES,2024,03,14,0.0,26.1,-999
114117,AYMARAES,2024,03,15,0.0,27.4,-999
114117,AYMARAES,2024,03,16,4.0,28.2,-999
114117,AYMARAES,2024,03,17,9.0,26.7,-999
114117,AYMARAES,2024,03,18,0.0,25.6,-999
114117,AYMARAES,2024,03,19,0.0,25.4,-999
114117,AYMARAES,2024,03,20,0.0,27.2,-999
114117,AYMARAES,2024,03,21,0.0,28.6,-999
114117,AYMARAES,2024,03,22,2.0,28.8,-999
114117,AYMARAES,2024,03,23,0.0,27.9,-999
114117,AYMARAES,2024,03,24,18.6,28.4,-999
114117,AYMARAES,2024,03,25,8.6,27.4,-999
114117,AYMARAES,2024,03,26,10.0,26.9,-999
114117,AYMARAES,2024,03,27,2.6,25.8,-999
114117,AYMARAES,2024,03,28,0.0,25.4,-999
114117,AYMARAES,2024,03,29,0.0,28.2,-999
114117,AYMARAES,2024,03,30,0.0,26.3,-999
114117,AYMARAES,2024,03,31,5.6,29.4,-999
114117,AYMARAES,2024,04,01,0.0,29.3,-999
114117,AYMARAES,2024,04,02,0.0,26.3,-999
114117,AYMARAES,2024,04,03,0.0,25.8,-999
114117,AYMARAES,2024,04,04,8.0,27.4,-999
114117,AYMARAES,2024,04,05,29.0,28.3,-999
114117,AYMARAES,2024,04,06,0.0,27.3,-999
114117,AYMARAES,2024,04,07,0.0,29.0,-999
114117,AYMARAES,2024,04,08,0.0,26.6,-999
114117,AYMARAES,2024,04,09,9.2,28.4,-999
114117,AYMARAES,2024,04,10,0.0,26.4,-999
114117,AYMARAES,2024,04,11,0.0,27.4,-999
114117,AYMARAES,2024,04,12,0.0,29.8,-999
114117,AYMARAES,2024,04,13,0.0,28.4,-999
114117,AYMARAES,2024,04,14,0.0,28.4,-999
114117,AYMARAES,2024,04,15,0.0,30.4,-999
114117,AYMARAES,2024,04,16,0.0,30.1,-999
114117,AYMARAES,2024,04,17,0.0,27.8,-999
114117,AYMARAES,2024,04,18,0.0,28.4,-999
114117,AYMARAES,2024,04,19,0.0,27.2,-999
114117,AYMARAES,2024,04,20,0.0,26.2,-999
114117,AYMARAES,2024,04,21,0.0,28.4,-999
114117,AYMARAES,2024,04,22,0.0,27.6,-999
114117,AYMARAES,2024,04,23,0.0,26.8,-999
114117,AYMARAES,2024,04,24,0.0,27.6,-999
114117,AYMARAES,2024,04,25,0.0,28.2,-999
114117,AYMARAES,2024,04,26,3.2,27.8,-999
114117,AYMARAES,2024,04,27,0.0,29.6,-999
114117,AYMARAES,2024,04,28,0.0,27.8,-999
114117,AYMARAES,2024,04,29,0.0,26.6,-999
114117,AYMARAES,2024,04,30,0.0,27.0,-999
114117,AYMARAES,2024,05,01,0.0,28.4,-999
114117,AYMARAES,2024,05,02,36.5,26.2,-999
114117,AYMARAES,2024,05,03,0.0,27.0,-999
114117,AYMARAES,2024,05,04,0.0,28.8,-999
114117,AYMARAES,2024,05,05,0.0,29.6,-999
114117,AYMARAES,2024,05,06,0.0,28.6,-999
114117,AYMARAES,2024,05,07,0.0,27.1,-999
114117,AYMARAES,2024,05,08,0.0,28.4,-999
114117,AYMARAES,2024,05,09,0.0,26.3,-999
114117,AYMARAES,2024,05,10,0.0,27.6,-999
114117,AYMARAES,2024,05,11,0.0,28.8,-999
114117,AYMARAES,2024,05,12,0.0,29.2,-999
114117,AYMARAES,2024,05,13,0.0,28.3,-999
114117,AYMARAES,2024,05,14,0.0,27.6,-999
114117,AYMARAES,2024,05,15,0.0,28.2,-999
114117,AYMARAES,2024,05,16,0.0,27.1,-999
114117,AYMARAES,2024,05,17,0.0,26.8,-999
114117,AYMARAES,2024,05,18,0.0,29.6,-999
114117,AYMARAES,2024,05,19,0.0,28.4,-999
114117,AYMARAES,2024,05,20,0.0,30.3,-999
114117,AYMARAES,2024,05,21,0.0,29.6,-999
114117,AYMARAES,2024,05,22,0.0,30.4,-999
114117,AYMARAES,2024,05,23,0.0,29.6,-999
114117,AYMARAES,2024,05,24,0.0,30.6,-999
114117,AYMARAES,2024,05,25,0.0,29.6,-999
114117,AYMARAES,2024,05,26,0.0,30.2,-999
114117,AYMARAES,2024,05,27,0.0,29.6,-999
114117,AYMARAES,2024,05,28,0.0,28.8,-999
114117,AYMARAES,2024,05,29,0.0,29.6,-999
114117,AYMARAES,2024,05,30,0.0,29.6,-999
114117,AYMARAES,2024,05,31,0.0,30.1,-999
114117,AYMARAES,2024,06,01,0.0,30.1,-999
114117,AYMARAES,2024,06,02,0.0,28.1,-999
114117,AYMARAES,2024,06,03,0.0,28.4,-999
114117,AYMARAES,2024,06,04,0.0,27.8,-999
114117,AYMARAES,2024,06,05,0.0,29.4,-999
114117,AYMARAES,2024,06,06,0.0,30.2,-999
114117,AYMARAES,2024,06,07,0.0,28.6,-999
114117,AYMARAES,2024,06,08,0.0,29.0,-999
114117,AYMARAES,2024,06,09,0.0,30.4,-999
114117,AYMARAES,2024,06,10,0.0,28.4,-999
114117,AYMARAES,2024,06,11,0.0,29.6,-999
114117,AYMARAES,2024,06,12,0.0,27.2,-999
114117,AYMARAES,2024,06,13,0.0,28.4,-999
114117,AYMARAES,2024,06,14,0.0,29.8,-999
114117,AYMARAES,2024,06,15,0.0,27.6,-999
114117,AYMARAES,2024,06,16,0.0,28.2,-999
114117,AYMARAES,2024,06,17,0.0,30.0,-999
114117,AYMARAES,2024,06,18,0.0,27.6,-999
114117,AYMARAES,2024,06,19,0.0,26.8,-999
114117,AYMARAES,2024,06,20,0.0,26.2,-999
114117,AYMARAES,2024,06,21,0.0,25.8,-999
114117,AYMARAES,2024,06,22,0.0,26.6,-999
114117,AYMARAES,2024,06,23,0.0,27.0,-999
114117,AYMARAES,2024,06,24,0.0,26.8,-999
114117,AYMARAES,2024,06,25,0.0,28.9,-999
114117,AYMARAES,2024,06,26,0.0,30.6,-999
114117,AYMARAES,2024,06,27,0.0,28.6,-999
114117,AYMARAES,2024,06,28,0.0,29.4,-999
114117,AYMARAES,2024,06,29,0.0,27.6,-999
114117,AYMARAES,2024,06,30,0.0,28.6,-999
114117,AYMARAES,2024,07,01,0.0,31.6,-999
114117,AYMARAES,2024,07,02,0.0,29.4,-999
114117,AYMARAES,2024,07,03,0.0,27.6,-999
114117,AYMARAES,2024,07,04,0.0,28.1,-999
114117,AYMARAES,2024,07,05,0.0,29.8,-999
114117,AYMARAES,2024,07,06,0.0,28.8,-999
114117,AYMARAES,2024,07,07,0.0,27.1,-999
114117,AYMARAES,2024,07,08,0.0,29.6,-999
114117,AYMARAES,2024,07,09,0.0,28.4,-999
114117,AYMARAES,2024,07,10,0.0,27.6,-999
114117,AYMARAES,2024,07,11,0.0,28.0,-999
114117,AYMARAES,2024,07,12,0.0,29.4,-999
114117,AYMARAES,2024,07,13,0.0,28.3,-999
114117,AYMARAES,2024,07,14,0.0,29.6,-999
114117,AYMARAES,2024,07,15,0.0,29.6,-999
114117,AYMARAES,2024,07,16,0.0,29.3,-999
114117,AYMARAES,2024,07,17,0.0,28.6,-999
114117,AYMARAES,2024,07,18,0.0,29.9,-999
114117,AYMARAES,2024,07,19,0.0,31.4,-999
114117,AYMARAES,2024,07,20,0.0,31.7,-999
114117,AYMARAES,2024,07,21,0.0,27.6,-999
114117,AYMARAES,2024,07,22,0.0,26.9,-999
114117,AYMARAES,2024,07,23,0.0,27.6,-999
114117,AYMARAES,2024,07,24,0.0,30.0,-999
114117,AYMARAES,2024,07,25,0.0,31.2,-999
114117,AYMARAES,2024,07,26,0.0,29.3,-999
114117,AYMARAES,2024,07,27,0.0,30.4,-999
114117,AYMARAES,2024,07,28,0.0,29.9,-999
114117,AYMARAES,2024,07,29,0.0,30.3,-999
114117,AYMARAES,2024,07,30,0.0,28.6,-999
114117,AYMARAES,2024,07,31,0.0,28.0,-999
114117,AYMARAES,2024,08,01,0.0,27.4,-999
114117,AYMARAES,2024,08,02,0.0,29.4,-999
114117,AYMARAES,2024,08,03,0.0,30.6,-999
114117,AYMARAES,2024,08,04,0.0,28.9,-999
114117,AYMARAES,2024,08,05,0.0,29.6,-999
114117,AYMARAES,2024,08,06,0.0,29.6,-999
114117,AYMARAES,2024,08,07,0.0,28.4,-999
114117,AYMARAES,2024,08,08,0.0,27.9,-999
114117,AYMARAES,2024,08,09,0.0,28.6,-999
114117,AYMARAES,2024,08,10,0.0,31.2,-999
114117,AYMARAES,2024,08,11,0.0,31.4,-999
114117,AYMARAES,2024,08,12,0.0,27.6,-999
114117,AYMARAES,2024,08,13,0.0,29.8,-999
114117,AYMARAES,2024,08,14,0.0,30.4,-999
114117,AYMARAES,2024,08,15,0.0,31.8,-999
114117,AYMARAES,2024,08,16,0.0,30.0,-999
114117,AYMARAES,2024,08,17,0.0,31.0,-999
114117,AYMARAES,2024,08,18,0.0,30.6,-999
114117,AYMARAES,2024,08,19,0.0,28.6,-999
114117,AYMARAES,2024,08,20,0.0,27.4,-999
114117,AYMARAES,2024,08,21,0.0,31.4,-999
114117,AYMARAES,2024,08,22,0.0,29.6,-999
114117,AYMARAES,2024,08,23,0.0,30.6,-999
114117,AYMARAES,2024,08,24,0.0,31.1,-999
114117,AYMARAES,2024,08,25,0.0,29.8,-999
114117,AYMARAES,2024,08,26,0.0,30.0,-999
114117,AYMARAES,2024,08,27,0.0,30.6,-999
114117,AYMARAES,2024,08,28,0.0,31.4,-999
114117,AYMARAES,2024,08,29,0.0,30.1,-999
114117,AYMARAES,2024,08,30,0.0,30.4,-999
114117,AYMARAES,2024,08,31,0.0,30.0,-999
114117,AYMARAES,2024,09,01,0.0,29.4,-999
114117,AYMARAES,2024,09,02,0.0,27.2,-999
114117,AYMARAES,2024,09,03,0.0,31.4,-999
114117,AYMARAES,2024,09,04,0.0,30.1,-999
114117,AYMARAES,2024,09,05,0.0,27.1,-999
114117,AYMARAES,2024,09,06,0.0,29.4,-999
114117,AYMARAES,2024,09,07,0.0,28.4,-999
114117,AYMARAES,2024,09,08,0.0,29.3,-999
114117,AYMARAES,2024,09,09,0.0,28.6,-999
114117,AYMARAES,2024,09,10,0.0,30.8,-999
114117,AYMARAES,2024,09,11,0.0,29.4,-999
114117,AYMARAES,2024,09,12,0.0,30.2,-999
114117,AYMARAES,2024,09,13,0.0,29.6,-999
114117,AYMARAES,2024,09,14,0.0,27.4,-999
114117,AYMARAES,2024,09,15,0.0,28.6,-999
114117,AYMARAES,2024,09,16,0.0,27.9,-999
114117,AYMARAES,2024,09,17,0.0,28.1,-999
114117,AYMARAES,2024,09,18,0.0,29.2,-999
114117,AYMARAES,2024,09,19,0.0,30.1,-999
114117,AYMARAES,2024,09,20,0.0,31.0,-999
114117,AYMARAES,2024,09,21,0.0,30.0,-999
114117,AYMARAES,2024,09,22,6.0,31.2,-999
114117,AYMARAES,2024,09,23,0.0,30.6,-999
114117,AYMARAES,2024,09,24,0.0,28.8,-999
114117,AYMARAES,2024,09,25,0.0,29.6,-999
114117,AYMARAES,2024,09,26,0.0,30.8,-999
114117,AYMARAES,2024,09,27,0.0,31.6,-999
114117,AYMARAES,2024,09,28,3.4,29.1,-999
114117,AYMARAES,2024,09,29,0.0,30.4,-999
114117,AYMARAES,2024,09,30,0.0,30.0,-999
114117,AYMARAES,2024,10,01,0.0,30.2,-999
114117,AYMARAES,2024,10,02,0.0,30.6,-999
114117,AYMARAES,2024,10,03,1.8,31.6,-999
114117,AYMARAES,2024,10,04,0.0,29.9,-999
114117,AYMARAES,2024,10,05,0.0,30.2,-999
114117,AYMARAES,2024,10,06,0.0,31.2,-999
114117,AYMARAES,2024,10,07,0.0,29.6,-999
114117,AYMARAES,2024,10,08,2.9,30.4,-999
114117,AYMARAES,2024,10,09,0.0,31.0,-999
114117,AYMARAES,2024,10,10,0.0,30.6,-999
114117,AYMARAES,2024,10,11,0.0,29.8,-999
114117,AYMARAES,2024,10,12,0.0,28.2,-999
114117,AYMARAES,2024,10,13,0.0,30.2,-999
114117,AYMARAES,2024,10,14,0.0,26.8,-999
114117,AYMARAES,2024,10,15,0.0,27.0,-999
114117,AYMARAES,2024,10,16,5.2,28.1,-999
114117,AYMARAES,2024,10,17,0.0,29.4,-999
114117,AYMARAES,2024,10,18,0.0,30.4,-999
114117,AYMARAES,2024,10,19,0.0,31.2,-999
114117,AYMARAES,2024,10,20,0.0,31.6,-999
114117,AYMARAES,2024,10,21,0.0,29.3,-999
114117,AYMARAES,2024,10,22,0.0,30.4,-999
114117,AYMARAES,2024,10,23,0.0,30.8,-999
114117,AYMARAES,2024,10,24,0.0,31.2,-999
114117,AYMARAES,2024,10,25,1.6,30.0,-999
114117,AYMARAES,2024,10,26,0.0,28.2,-999
114117,AYMARAES,2024,10,27,0.0,30.4,-999
114117,AYMARAES,2024,10,28,0.0,31.0,-999
114117,AYMARAES,2024,10,29,6.8,30.2,-999
114117,AYMARAES,2024,10,30,0.0,29.8,-999
114117,AYMARAES,2024,10,31,0.0,31.4,-999
114117,AYMARAES,2024,11,01,0.0,29.0,-999
114117,AYMARAES,2024,11,02,0.0,31.6,-999
114117,AYMARAES,2024,11,03,6.2,30.0,-999
114117,AYMARAES,2024,11,04,0.0,29.8,-999
114117,AYMARAES,2024,11,05,0.0,28.4,-999
114117,AYMARAES,2024,11,06,0.0,30.2,-999
114117,AYMARAES,2024,11,07,0.0,29.8,-999
114117,AYMARAES,2024,11,08,0.0,30.4,-999
114117,AYMARAES,2024,11,09,9.6,29.4,-999
114117,AYMARAES,2024,11,10,0.0,30.8,-999
114117,AYMARAES,2024,11,11,0.0,29.6,-999
114117,AYMARAES,2024,11,12,0.0,27.3,-999
114117,AYMARAES,2024,11,13,0.0,28.6,-999
114117,AYMARAES,2024,11,14,13.0,30.2,-999
114117,AYMARAES,2024,11,15,4.4,27.6,-999
114117,AYMARAES,2024,11,16,1.9,29.0,-999
114117,AYMARAES,2024,11,17,0.0,30.2,-999
114117,AYMARAES,2024,11,18,0.0,31.6,-999
114117,AYMARAES,2024,11,19,0.0,30.8,-999
114117,AYMARAES,2024,11,20,0.0,28.6,-999
114117,AYMARAES,2024,11,21,0.0,29.6,-999
114117,AYMARAES,2024,11,22,1.2,28.2,-999
114117,AYMARAES,2024,11,23,0.0,27.6,-999
114117,AYMARAES,2024,11,24,0.0,28.2,-999
114117,AYMARAES,2024,11,25,9.0,28.6,-999
114117,AYMARAES,2024,11,26,0.0,27.4,-999
114117,AYMARAES,2024,11,27,2.4,29.2,-999
114117,AYMARAES,2024,11,28,0.0,27.8,-999
114117,AYMARAES,2024,11,29,15.6,28.2,-999
114117,AYMARAES,2024,11,30,0.8,29.8,-999
114117,AYMARAES,2024,12,01,0.0,28.3,-999
114117,AYMARAES,2024,12,02,6.5,30.2,-999
114117,AYMARAES,2024,12,03,0.0,29.8,-999
114117,AYMARAES,2024,12,04,0.0,27.2,-999
114117,AYMARAES,2024,12,05,0.0,30.4,-999
114117,AYMARAES,2024,12,06,0.0,31.0,-999
114117,AYMARAES,2024,12,07,4.2,27.6,-999
114117,AYMARAES,2024,12,08,1.8,28.2,-999
114117,AYMARAES,2024,12,09,5.7,27.4,-999
114117,AYMARAES,2024,12,10,9.9,26.6,-999
114117,AYMARAES,2024,12,11,0.0,29.4,-999
114117,AYMARAES,2024,12,12,0.0,28.0,-999
114117,AYMARAES,2024,12,13,0.8,28.9,-999
114117,AYMARAES,2024,12,14,0.0,28.0,-999
114117,AYMARAES,2024,12,15,3.0,27.4,-999
114117,AYMARAES,2024,12,16,13.0,29.6,-999
114117,AYMARAES,2024,12,17,8.4,30.0,-999
114117,AYMARAES,2024,12,18,0.0,29.6,-999
114117,AYMARAES,2024,12,19,10.0,30.4,-999
114117,AYMARAES,2024,12,20,0.0,30.2,-999
114117,AYMARAES,2024,12,21,0.0,31.4,-999
114117,AYMARAES,2024,12,22,0.0,29.6,-999
114117,AYMARAES,2024,12,23,0.0,28.4,-999
114117,AYMARAES,2024,12,24,0.0,30.4,-999
114117,AYMARAES,2024,12,25,0.0,31.6,-999
114117,AYMARAES,2024,12,26,0.0,30.2,-999
114117,AYMARAES,2024,12,27,0.0,30.6,-999
114117,AYMARAES,2024,12,28,0.0,31.4,-999
114117,AYMARAES,2024,12,29,0.0,31.0,-999
114117,AYMARAES,2024,12,30,10.0,29.4,-999
114117,AYMARAES,2024,12,31,0.0,28.4,-999
114117,AYMARAES,2025,01,01,9.4,-999,-999
114117,AYMARAES,2025,01,02,0.0,-999,-999
114117,AYMARAES,2025,01,03,0.0,-999,-999
114117,AYMARAES,2025,01,04,7.6,-999,-999
114117,AYMARAES,2025,01,05,4.9,-999,-999
114117,AYMARAES,2025,01,06,2.1,-999,-999
114117,AYMARAES,2025,01,07,3.6,-999,-999
114117,AYMARAES,2025,01,08,0.0,-999,-999
114117,AYMARAES,2025,01,09,0.0,-999,-999
114117,AYMARAES,2025,01,10,0.0,-999,-999
114117,AYMARAES,2025,01,11,0.0,-999,-999
114117,AYMARAES,2025,01,12,4.6,-999,-999
114117,AYMARAES,2025,01,13,0.0,-999,-999
114117,AYMARAES,2025,01,14,0.0,-999,-999
114117,AYMARAES,2025,01,15,0.0,-999,-999
114117,AYMARAES,2025,01,16,0.0,-999,-999
114117,AYMARAES,2025,01,17,1.1,-999,-999
114117,AYMARAES,2025,01,18,9.2,-999,-999
114117,AYMARAES,2025,01,19,2.0,-999,-999
114117,AYMARAES,2025,01,20,11.4,-999,-999
114117,AYMARAES,2025,01,21,3.2,-999,-999
114117,AYMARAES,2025,01,22,16.3,-999,-999
114117,AYMARAES,2025,01,23,7.3,-999,-999
114117,AYMARAES,2025,01,24,7.0,-999,-999
114117,AYMARAES,2025,01,25,0.0,-999,-999
114117,AYMARAES,2025,01,26,17.2,-999,-999
114117,AYMARAES,2025,01,27,3.8,-999,-999
114117,AYMARAES,2025,01,28,0.6,-999,-999
114117,AYMARAES,2025,01,29,18.3,-999,-999
114117,AYMARAES,2025,01,30,9.7,-999,-999
114117,AYMARAES,2025,01,31,5.5,-999,-999
114117,AYMARAES,2025,02,01,2.2,-999,-999
114117,AYMARAES,2025,02,02,14.2,-999,-999
114117,AYMARAES,2025,02,03,0.0,-999,-999
114117,AYMARAES,2025,02,04,0.0,-999,-999
114117,AYMARAES,2025,02,05,0.0,-999,-999
114117,AYMARAES,2025,02,06,-888,-999,-999
114117,AYMARAES,2025,02,07,1.6,-999,-999
114117,AYMARAES,2025,02,08,11.9,-999,-999
114117,AYMARAES,2025,02,09,37.2,-999,-999
114117,AYMARAES,2025,02,10,20.9,-999,-999
114117,AYMARAES,2025,02,11,16.5,-999,-999
114117,AYMARAES,2025,02,12,11.3,-999,-999
114117,AYMARAES,2025,02,13,21.1,-999,-999
114117,AYMARAES,2025,02,14,8.6,-999,-999
114117,AYMARAES,2025,02,15,1.3,-999,-999
114117,AYMARAES,2025,02,16,3.0,-999,-999
114117,AYMARAES,2025,02,17,6.5,-999,-999
114117,AYMARAES,2025,02,18,21.3,-999,-999
114117,AYMARAES,2025,02,19,14.0,-999,-999
114117,AYMARAES,2025,02,20,15.2,-999,-999
114117,AYMARAES,2025,02,21,0.0,-999,-999
114117,AYMARAES,2025,02,22,5.4,-999,-999
114117,AYMARAES,2025,02,23,1.2,-999,-999
114117,AYMARAES,2025,02,24,0.0,-999,-999
114117,AYMARAES,2025,02,25,0.0,-999,-999
114117,AYMARAES,2025,02,26,9.7,-999,-999
114117,AYMARAES,2025,02,27,0.0,-999,-999
114117,AYMARAES,2025,02,28,2.3,-999,-999
114117,AYMARAES,2025,03,01,4.2,-999,-999
114117,AYMARAES,2025,03,02,7.8,-999,-999
114117,AYMARAES,2025,03,03,11.5,-999,-999
114117,AYMARAES,2025,03,04,16.2,-999,-999
114117,AYMARAES,2025,03,05,14.9,-999,-999
114117,AYMARAES,2025,03,06,7.9,-999,-999
114117,AYMARAES,2025,03,07,7.8,-999,-999
114117,AYMARAES,2025,03,08,34.3,-999,-999
114117,AYMARAES,2025,03,09,0.0,-999,-999
114117,AYMARAES,2025,03,10,0.0,-999,-999
114117,AYMARAES,2025,03,11,1.8,-999,-999
114117,AYMARAES,2025,03,12,34.9,-999,-999
114117,AYMARAES,2025,03,13,5.3,-999,-999
114117,AYMARAES,2025,03,14,2.1,-999,-999
114117,AYMARAES,2025,03,15,1.1,-999,-999
114117,AYMARAES,2025,03,16,1.1,-999,-999
114117,AYMARAES,2025,03,17,4.2,-999,-999
114117,AYMARAES,2025,03,18,2.1,-999,-999
114117,AYMARAES,2025,03,19,1.9,-999,-999
114117,AYMARAES,2025,03,20,3.1,-999,-999
114117,AYMARAES,2025,03,21,1.6,-999,-999
114117,AYMARAES,2025,03,22,1.6,-999,-999
114117,AYMARAES,2025,03,23,0.0,-999,-999
114117,AYMARAES,2025,03,24,1.3,-999,-999
114117,AYMARAES,2025,03,25,0.0,-999,-999
114117,AYMARAES,2025,03,26,0.0,-999,-999
114117,AYMARAES,2025,03,27,0.0,-999,-999
114117,AYMARAES,2025,03,28,0.0,-999,-999
114117,AYMARAES,2025,03,29,2.5,-999,-999
114117,AYMARAES,2025,03,30,-888,-999,-999
114117,AYMARAES,2025,03,31,13.3,-999,-999
114117,AYMARAES,2025,04,01,4.5,-999,-999
114117,AYMARAES,2025,04,02,0.8,-999,-999
114117,AYMARAES,2025,04,03,0.8,-999,-999
114117,AYMARAES,2025,04,04,3.1,-999,-999
114117,AYMARAES,2025,04,05,2.2,-999,-999
114117,AYMARAES,2025,04,06,1.7,-999,-999
114117,AYMARAES,2025,04,07,5.7,-999,-999
114117,AYMARAES,2025,04,08,10.8,-999,-999
114117,AYMARAES,2025,04,09,1.6,-999,-999
114117,AYMARAES,2025,04,10,0.0,-999,-999
114117,AYMARAES,2025,04,11,0.0,-999,-999
114117,AYMARAES,2025,04,12,0.0,-999,-999
114117,AYMARAES,2025,04,13,0.0,-999,-999
114117,AYMARAES,2025,04,14,0.0,-999,-999
114117,AYMARAES,2025,04,15,0.0,-999,-999
114117,AYMARAES,2025,04,16,0.0,-999,-999
114117,AYMARAES,2025,04,17,0.0,-999,-999
114117,AYMARAES,2025,04,18,0.0,-999,-999
114117,AYMARAES,2025,04,19,1.3,-999,-999
114117,AYMARAES,2025,04,20,2.0,-999,-999
114117,AYMARAES,2025,04,21,0.0,-999,-999
114117,AYMARAES,2025,04,22,0.0,-999,-999
114117,AYMARAES,2025,04,23,0.0,-999,-999
114117,AYMARAES,2025,04,24,0.0,-999,-999
114117,AYMARAES,2025,04,25,0.0,-999,-999
114117,AYMARAES,2025,04,26,0.0,-999,-999
114117,AYMARAES,2025,04,27,0.0,-999,-999
114117,AYMARAES,2025,04,28,0.0,-999,-999
114117,AYMARAES,2025,04,29,1.0,-999,-999
114117,AYMARAES,2025,04,30,3.1,-999,-999
114117,AYMARAES,2025,05,01,0.0,-999,-999
114117,AYMARAES,2025,05,02,14.2,-999,-999
114117,AYMARAES,2025,05,03,1.9,-999,-999
114117,AYMARAES,2025,05,04,0.0,-999,-999
114117,AYMARAES,2025,05,05,8.7,-999,-999
114117,AYMARAES,2025,05,06,0.0,-999,-999
114117,AYMARAES,2025,05,07,0.0,-999,-999
114117,AYMARAES,2025,05,08,0.0,-999,-999
114117,AYMARAES,2025,05,09,0.0,-999,-999
114117,AYMARAES,2025,05,10,0.0,-999,-999
114117,AYMARAES,2025,05,11,0.0,-999,-999
114117,AYMARAES,2025,05,12,0.0,-999,-999
114117,AYMARAES,2025,05,13,0.0,-999,-999
114117,AYMARAES,2025,05,14,0.0,-999,-999
114117,AYMARAES,2025,05,15,0.0,-999,-999
114117,AYMARAES,2025,05,16,0.0,-999,-999
114117,AYMARAES,2025,05,17,0.0,-999,-999
114117,AYMARAES,2025,05,18,0.0,-999,-999
114117,AYMARAES,2025,05,19,0.0,-999,-999
114117,AYMARAES,2025,05,20,0.0,-999,-999
114117,AYMARAES,2025,05,21,0.0,-999,-999
114117,AYMARAES,2025,05,22,0.0,-999,-999
114117,AYMARAES,2025,05,23,0.0,-999,-999
114117,AYMARAES,2025,05,24,0.0,-999,-999
114117,AYMARAES,2025,05,25,0.0,-999,-999
114117,AYMARAES,2025,05,26,0.0,-999,-999
114117,AYMARAES,2025,05,27,0.0,-999,-999
114117,AYMARAES,2025,05,28,0.0,-999,-999
114117,AYMARAES,2025,05,29,0.0,-999,-999
114117,AYMARAES,2025,05,30,0.0,-999,-999
114117,AYMARAES,2025,05,31,0.0,-999,-999
114117,AYMARAES,2025,06,01,0.0,25.2,0.8
114117,AYMARAES,2025,06,02,0.0,24.9,1.9
114117,AYMARAES,2025,06,03,0.0,24.0,3.2
114117,AYMARAES,2025,06,04,0.0,25.4,0.5
114117,AYMARAES,2025,06,05,0.0,25.7,2.5
114117,AYMARAES,2025,06,06,0.0,23.8,-0.8
114117,AYMARAES,2025,06,07,0.0,26.2,-1.4
114117,AYMARAES,2025,06,08,0.0,24.6,1.4
114117,AYMARAES,2025,06,09,0.0,23.6,1.6
114117,AYMARAES,2025,06,10,0.0,25.7,2.5
114117,AYMARAES,2025,06,11,0.0,26.1,2.2
114117,AYMARAES,2025,06,12,0.0,26.2,4.3
114117,AYMARAES,2025,06,13,0.0,25.6,-1.2
114117,AYMARAES,2025,06,14,0.0,23.8,3.6
114117,AYMARAES,2025,06,15,0.0,23.3,2.8
114117,AYMARAES,2025,06,16,19.2,20.0,8.5
114117,AYMARAES,2025,06,17,8.2,18.6,3.1
114117,AYMARAES,2025,06,18,0.0,17.9,5.2
114117,AYMARAES,2025,06,19,0.0,22.5,4.0
114117,AYMARAES,2025,06,20,0.0,23.0,2.8
114117,AYMARAES,2025,06,21,0.0,25.8,-0.6
114117,AYMARAES,2025,06,22,0.0,26.8,-2.6
114117,AYMARAES,2025,06,23,0.0,25.8,-3.4
114117,AYMARAES,2025,06,24,0.0,24.5,1.3
114117,AYMARAES,2025,06,25,0.0,24.0,2.8
114117,AYMARAES,2025,06,26,0.7,26.3,2.3
114117,AYMARAES,2025,06,27,1.9,23.0,7.5
114117,AYMARAES,2025,06,28,1.2,22.3,8.0
114117,AYMARAES,2025,06,29,0.0,26.3,2.2
114117,AYMARAES,2025,06,30,0.0,24.5,3.2
114117,AYMARAES,2025,07,01,0.0,25.2,7.5
114117,AYMARAES,2025,07,02,0.0,26.3,3.8
114117,AYMARAES,2025,07,03,0.0,25.0,8.2
114117,AYMARAES,2025,07,04,0.0,26.5,-0.4
114117,AYMARAES,2025,07,05,0.0,26.2,0.6
114117,AYMARAES,2025,07,06,0.0,27.2,-1.6
114117,AYMARAES,2025,07,07,0.0,26.9,-1.8
114117,AYMARAES,2025,07,08,0.0,26.7,-2.1
114117,AYMARAES,2025,07,09,0.0,25.5,-1.7
114117,AYMARAES,2025,07,10,0.0,25.6,-2.6
114117,AYMARAES,2025,07,11,0.0,26.3,-2.3
114117,AYMARAES,2025,07,12,0.0,25.1,-2.4
114117,AYMARAES,2025,07,13,0.0,26.0,-2.1
114117,AYMARAES,2025,07,14,0.0,27.2,-2.8
114117,AYMARAES,2025,07,15,0.0,27.8,-3.1
114117,AYMARAES,2025,07,16,0.0,27.0,-3.4
114117,AYMARAES,2025,07,17,0.0,25.0,3.0
114117,AYMARAES,2025,07,18,0.0,22.0,4.0
114117,AYMARAES,2025,07,19,0.0,20.0,5.1
114117,AYMARAES,2025,07,20,0.0,25.0,1.4
114117,AYMARAES,2025,07,21,0.0,26.2,0.6
114117,AYMARAES,2025,07,22,0.0,27.2,0.8
114117,AYMARAES,2025,07,23,0.0,27.1,-2.2
114117,AYMARAES,2025,07,24,0.0,28.4,-2.6
114117,AYMARAES,2025,07,25,0.0,22.9,-2.8
114117,AYMARAES,2025,07,26,0.0,25.3,2.5
114117,AYMARAES,2025,07,27,0.0,26.0,2.8
114117,AYMARAES,2025,07,28,0.0,25.2,1.0
114117,AYMARAES,2025,07,29,0.0,24.8,5.3
114117,AYMARAES,2025,07,30,0.0,24.4,4.4
114117,AYMARAES,2025,07,31,0.0,27.6,8.0
114117,AYMARAES,2025,08,01,0.0,25.7,-1.3
114117,AYMARAES,2025,08,02,0.0,29.8,-1.4
114117,AYMARAES,2025,08,03,0.0,28.7,-2.3
114117,AYMARAES,2025,08,04,0.0,28.7,-2.6
114117,AYMARAES,2025,08,05,0.0,27.2,6.1
114117,AYMARAES,2025,08,06,0.0,27.6,0.5
114117,AYMARAES,2025,08,07,0.0,30.1,3.2
114117,AYMARAES,2025,08,08,0.0,29.4,1.0
114117,AYMARAES,2025,08,09,0.0,27.6,6.5
114117,AYMARAES,2025,08,10,0.0,29.7,4.1
114117,AYMARAES,2025,08,11,0.0,28.2,6.5
114117,AYMARAES,2025,08,12,0.0,30.2,6.2
114117,AYMARAES,2025,08,13,0.0,30.1,6.4
114117,AYMARAES,2025,08,14,0.0,30.3,5.8
114117,AYMARAES,2025,08,15,0.0,28.7,4.8
114117,AYMARAES,2025,08,16,0.0,30.2,4.1
114117,AYMARAES,2025,08,17,0.0,29.8,7.7
114117,AYMARAES,2025,08,18,0.0,29.6,6.4
114117,AYMARAES,2025,08,19,0.0,30.2,1.1
114117,AYMARAES,2025,08,20,0.0,23.2,6.6
114117,AYMARAES,2025,08,21,0.0,29.2,7.6
114117,AYMARAES,2025,08,22,0.0,28.8,8.0
114117,AYMARAES,2025,08,23,1.6,23.6,8.0
114117,AYMARAES,2025,08,24,1.3,24.1,8.7
114117,AYMARAES,2025,08,25,0.0,25.2,7.9
114117,AYMARAES,2025,08,26,0.0,26.7,9.2
114117,AYMARAES,2025,08,27,2.5,25.9,9.3
114117,AYMARAES,2025,08,28,0.0,26.8,8.9
114117,AYMARAES,2025,08,29,0.0,28.6,6.4
114117,AYMARAES,2025,08,30,0.0,31.8,-2.0
114117,AYMARAES,2025,08,31,0.0,28.7,2.6
114117,AYMARAES,2025,09,01,0.0,26.2,4.3
114117,AYMARAES,2025,09,02,0.0,21.6,8.2
114117,AYMARAES,2025,09,03,0.0,21.4,8.6
114117,AYMARAES,2025,09,04,0.0,21.8,7.0
114117,AYMARAES,2025,09,05,0.0,23.1,5.2
114117,AYMARAES,2025,09,06,0.0,25.7,8.9
114117,AYMARAES,2025,09,07,0.0,27.2,8.5
114117,AYMARAES,2025,09,08,0.0,28.0,6.8
114117,AYMARAES,2025,09,09,0.0,28.4,8.8
114117,AYMARAES,2025,09,10,0.0,27.9,2.4
114117,AYMARAES,2025,09,11,0.0,27.2,6.4
114117,AYMARAES,2025,09,12,0.0,29.1,8.0
114117,AYMARAES,2025,09,13,0.0,29.8,8.2
114117,AYMARAES,2025,09,14,13.5,28.3,9.8
114117,AYMARAES,2025,09,15,12.1,29.2,8.0
114117,AYMARAES,2025,09,16,0.0,28.7,8.4
114117,AYMARAES,2025,09,17,0.0,30.2,5.3
114117,AYMARAES,2025,09,18,0.0,30.8,2.3
114117,AYMARAES,2025,09,19,0.0,30.7,0.8
114117,AYMARAES,2025,09,20,0.0,31.2,0.6
114117,AYMARAES,2025,09,21,0.0,31.6,0.3
114117,AYMARAES,2025,09,22,8.2,32.2,0.8
114117,AYMARAES,2025,09,23,0.0,29.7,6.4
114117,AYMARAES,2025,09,24,1.3,24.1,3.4
114117,AYMARAES,2025,09,25,0.0,26.1,9.0
114117,AYMARAES,2025,09,26,4.9,26.2,8.2
114117,AYMARAES,2025,09,27,0.0,27.5,9.1
114117,AYMARAES,2025,09,28,0.0,25.1,5.2
114117,AYMARAES,2025,09,29,2.0,26.2,9.2
114117,AYMARAES,2025,09,30,0.0,24.6,8.8
114117,AYMARAES,2025,10,01,0.8,25.1,7.8
114117,AYMARAES,2025,10,02,0.0,26.8,8.9
114117,AYMARAES,2025,10,03,0.0,28.0,8.4
114117,AYMARAES,2025,10,04,0.0,27.4,3.4
114117,AYMARAES,2025,10,05,0.0,28.3,1.8
114117,AYMARAES,2025,10,06,0.0,31.2,2.2
114117,AYMARAES,2025,10,07,0.0,22.0,7.4
114117,AYMARAES,2025,10,08,0.0,28.1,5.4
114117,AYMARAES,2025,10,09,4.8,21.2,6.0
114117,AYMARAES,2025,10,10,3.1,20.2,9.0
114117,AYMARAES,2025,10,11,0.0,-999,5.0
114117,AYMARAES,2025,10,12,0.0,29.9,2.6
114117,AYMARAES,2025,10,13,0.0,31.1,1.8
114117,AYMARAES,2025,10,14,0.0,-999,6.8
114117,AYMARAES,2025,10,15,4.1,24.3,2.4
114117,AYMARAES,2025,10,16,7.0,18.9,6.4
114117,AYMARAES,2025,10,17,1.6,25.1,9.8
114117,AYMARAES,2025,10,18,12.8,24.7,8.6
114117,AYMARAES,2025,10,19,0.0,25.0,6.5
114117,AYMARAES,2025,10,20,3.2,28.2,5.4
114117,AYMARAES,2025,10,21,2.4,23.7,7.4
114117,AYMARAES,2025,10,22,2.4,30.1,7.8
114117,AYMARAES,2025,10,23,0.8,30.2,6.7
114117,AYMARAES,2025,10,24,0.0,30.4,7.9
114117,AYMARAES,2025,10,25,0.0,24.2,8.8
114117,AYMARAES,2025,10,26,0.0,24.2,7.4
114117,AYMARAES,2025,10,27,0.0,29.2,4.0
114117,AYMARAES,2025,10,28,0.0,30.1,5.1
114117,AYMARAES,2025,10,29,0.0,30.4,8.8
114117,AYMARAES,2025,10,30,0.0,31.2,5.4
114117,AYMARAES,2025,10,31,0.0,31.2,6.2
114117,AYMARAES,2025,11,01,0.0,30.6,4.2
114117,AYMARAES,2025,11,02,0.0,30.8,2.7
114117,AYMARAES,2025,11,03,0.0,31.0,5.1
114117,AYMARAES,2025,11,04,0.0,31.2,6.0
114117,AYMARAES,2025,11,05,0.0,30.4,2.7
114117,AYMARAES,2025,11,06,0.0,31.2,6.1
114117,AYMARAES,2025,11,07,0.0,31.2,5.8
114117,AYMARAES,2025,11,08,0.0,25.0,6.2
114117,AYMARAES,2025,11,09,0.0,30.6,7.1
114117,AYMARAES,2025,11,10,0.0,26.3,4.2
114117,AYMARAES,2025,11,11,0.0,30.0,6.2
114117,AYMARAES,2025,11,12,0.0,24.8,5.8
114117,AYMARAES,2025,11,13,0.0,29.4,6.2
114117,AYMARAES,2025,11,14,0.0,30.5,5.2
114117,AYMARAES,2025,11,15,0.0,29.8,4.2
114117,AYMARAES,2025,11,16,0.0,31.2,3.6
114117,AYMARAES,2025,11,17,0.0,32.3,3.6
114117,AYMARAES,2025,11,18,0.0,30.9,5.8
114117,AYMARAES,2025,11,19,0.0,31.6,3.6
114117,AYMARAES,2025,11,20,0.0,34.0,4.2
114117,AYMARAES,2025,11,21,0.0,32.8,5.8
114117,AYMARAES,2025,11,22,0.0,31.7,5.0
114117,AYMARAES,2025,11,23,0.0,30.0,8.6
114117,AYMARAES,2025,11,24,0.0,30.9,6.2
114117,AYMARAES,2025,11,25,0.0,28.2,4.6
114117,AYMARAES,2025,11,26,0.0,24.9,5.8
114117,AYMARAES,2025,11,27,0.0,28.9,4.8
114117,AYMARAES,2025,11,28,0.0,30.2,3.2
114117,AYMARAES,2025,11,29,0.0,31.7,3.6
114117,AYMARAES,2025,11,30,0.0,28.3,7.3
114117,AYMARAES,2025,12,01,0.0,31.6,9.2
114117,AYMARAES,2025,12,02,0.0,30.8,4.9
114117,AYMARAES,2025,12,03,0.0,26.2,6.8
114117,AYMARAES,2025,12,04,0.0,27.2,6.1
114117,AYMARAES,2025,12,05,0.0,32.0,4.5
114117,AYMARAES,2025,12,06,0.0,33.5,5.2
114117,AYMARAES,2025,12,07,0.0,32.1,3.8
114117,AYMARAES,2025,12,08,0.0,31.2,3.0
114117,AYMARAES,2025,12,09,0.0,30.1,5.0
114117,AYMARAES,2025,12,10,0.0,29.6,8.9
114117,AYMARAES,2025,12,11,0.0,24.4,7.2
114117,AYMARAES,2025,12,12,0.0,30.0,3.6
114117,AYMARAES,2025,12,13,0.0,31.4,3.4
114117,AYMARAES,2025,12,14,0.0,30.6,5.6
114117,AYMARAES,2025,12,15,0.0,-999,9.6
114117,AYMARAES,2025,12,16,0.0,28.6,7.2
114117,AYMARAES,2025,12,17,0.0,28.0,6.2
114117,AYMARAES,2025,12,18,0.0,31.6,3.6
114117,AYMARAES,2025,12,19,0.0,29.6,3.8
114117,AYMARAES,2025,12,20,0.0,31.2,4.8
114117,AYMARAES,2025,12,21,0.0,32.8,2.9
114117,AYMARAES,2025,12,22,0.0,33.3,2.8
114117,AYMARAES,2025,12,23,0.0,34.6,4.2
114117,AYMARAES,2025,12,24,0.0,31.2,3.6
114117,AYMARAES,2025,12,25,0.0,36.1,6.2
114117,AYMARAES,2025,12,26,0.0,34.2,6.2
114117,AYMARAES,2025,12,27,0.0,29.8,7.0
114117,AYMARAES,2025,12,28,0.0,34.9,6.6
114117,AYMARAES,2025,12,29,0.0,29.6,5.3
114117,AYMARAES,2025,12,30,0.0,30.0,8.4
114117,AYMARAES,2025,12,31,0.0,25.3,6.2
