CODIGO,ESTACION,YEAR,MONTH,DAY,PP,TMAX,TMIN
115052,RINCON_DE_LA_CRUZ,1991,07,01,0.0,13.6,-3.0
115052,RINCON_DE_LA_CRUZ,1991,07,02,0.0,14.2,2.8
115052,RINCON_DE_LA_CRUZ,1991,07,03,0.0,13.8,-4.2
115052,RINCON_DE_LA_CRUZ,1991,07,04,0.0,14.0,-4.0
115052,RINCON_DE_LA_CRUZ,1991,07,05,0.0,14.2,-3.6
115052,RINCON_DE_LA_CRUZ,1991,07,06,0.0,13.6,-3.5
115052,RINCON_DE_LA_CRUZ,1991,07,07,0.0,13.8,-3.2
115052,RINCON_DE_LA_CRUZ,1991,07,08,0.0,13.8,-3.4
115052,RINCON_DE_LA_CRUZ,1991,07,09,0.0,13.5,-2.8
115052,RINCON_DE_LA_CRUZ,1991,07,10,0.0,14.0,-3.0
115052,RINCON_DE_LA_CRUZ,1991,07,11,0.0,13.6,-3.2
115052,RINCON_DE_LA_CRUZ,1991,07,12,0.0,13.5,-3.5
115052,RINCON_DE_LA_CRUZ,1991,07,13,0.0,13.2,-3.0
115052,RINCON_DE_LA_CRUZ,1991,07,14,0.0,13.0,-4.2
115052,RINCON_DE_LA_CRUZ,1991,07,15,7.7,13.4,2.2
115052,RINCON_DE_LA_CRUZ,1991,07,16,-888,12.8,3.0
115052,RINCON_DE_LA_CRUZ,1991,07,17,0.0,12.6,2.5
115052,RINCON_DE_LA_CRUZ,1991,07,18,0.0,13.5,0.0
115052,RINCON_DE_LA_CRUZ,1991,07,19,-888,13.2,2.4
115052,RINCON_DE_LA_CRUZ,1991,07,20,0.0,14.0,1.5
115052,RINCON_DE_LA_CRUZ,1991,07,21,0.0,13.2,2.0
115052,RINCON_DE_LA_CRUZ,1991,07,22,0.0,13.6,-2.2
115052,RINCON_DE_LA_CRUZ,1991,07,23,0.0,12.8,-3.6
115052,RINCON_DE_LA_CRUZ,1991,07,24,0.0,13.2,2.0
115052,RINCON_DE_LA_CRUZ,1991,07,25,0.0,13.8,1.5
115052,RINCON_DE_LA_CRUZ,1991,07,26,0.0,14.0,0.0
115052,RINCON_DE_LA_CRUZ,1991,07,27,0.0,14.2,0.3
115052,RINCON_DE_LA_CRUZ,1991,07,28,0.0,13.6,0.2
115052,RINCON_DE_LA_CRUZ,1991,07,29,0.0,14.2,3.0
115052,RINCON_DE_LA_CRUZ,1991,07,30,0.0,13.8,2.6
115052,RINCON_DE_LA_CRUZ,1991,07,31,0.0,14.2,4.0
115052,RINCON_DE_LA_CRUZ,1991,08,01,0.0,13.8,1.2
115052,RINCON_DE_LA_CRUZ,1991,08,02,0.0,13.5,2.0
115052,RINCON_DE_LA_CRUZ,1991,08,03,0.0,13.6,3.0
115052,RINCON_DE_LA_CRUZ,1991,08,04,0.0,13.8,-1.2
115052,RINCON_DE_LA_CRUZ,1991,08,05,0.0,13.8,-2.0
115052,RINCON_DE_LA_CRUZ,1991,08,06,0.0,13.2,-1.5
115052,RINCON_DE_LA_CRUZ,1991,08,07,0.0,14.0,0.0
115052,RINCON_DE_LA_CRUZ,1991,08,08,0.0,13.8,1.2
115052,RINCON_DE_LA_CRUZ,1991,08,09,0.0,13.5,2.5
115052,RINCON_DE_LA_CRUZ,1991,08,10,0.0,13.6,1.8
115052,RINCON_DE_LA_CRUZ,1991,08,11,0.0,13.8,2.0
115052,RINCON_DE_LA_CRUZ,1991,08,12,0.0,13.2,3.0
115052,RINCON_DE_LA_CRUZ,1991,08,13,1.8,13.0,1.6
115052,RINCON_DE_LA_CRUZ,1991,08,14,0.0,13.4,1.0
115052,RINCON_DE_LA_CRUZ,1991,08,15,0.0,13.6,-2.0
115052,RINCON_DE_LA_CRUZ,1991,08,16,0.0,13.4,-1.2
115052,RINCON_DE_LA_CRUZ,1991,08,17,0.0,13.0,-2.2
115052,RINCON_DE_LA_CRUZ,1991,08,18,0.0,13.5,-2.4
115052,RINCON_DE_LA_CRUZ,1991,08,19,0.0,13.8,-1.6
115052,RINCON_DE_LA_CRUZ,1991,08,20,0.0,14.0,-2.0
115052,RINCON_DE_LA_CRUZ,1991,08,21,0.0,14.5,2.0
115052,RINCON_DE_LA_CRUZ,1991,08,22,0.0,15.1,1.0
115052,RINCON_DE_LA_CRUZ,1991,08,23,0.0,15.5,3.0
115052,RINCON_DE_LA_CRUZ,1991,08,24,0.0,14.5,1.5
115052,RINCON_DE_LA_CRUZ,1991,08,25,0.0,13.8,2.0
115052,RINCON_DE_LA_CRUZ,1991,08,26,5.6,13.5,1.0
115052,RINCON_DE_LA_CRUZ,1991,08,27,-888,14.0,2.6
115052,RINCON_DE_LA_CRUZ,1991,08,28,0.0,14.0,2.4
115052,RINCON_DE_LA_CRUZ,1991,08,29,0.0,13.8,2.5
115052,RINCON_DE_LA_CRUZ,1991,08,30,0.0,13.5,3.2
115052,RINCON_DE_LA_CRUZ,1991,08,31,0.0,14.0,3.6
115052,RINCON_DE_LA_CRUZ,1991,09,01,0.0,13.5,2.8
115052,RINCON_DE_LA_CRUZ,1991,09,02,1.7,14.0,2.4
115052,RINCON_DE_LA_CRUZ,1991,09,03,-888,13.5,3.2
115052,RINCON_DE_LA_CRUZ,1991,09,04,-888,13.0,1.8
115052,RINCON_DE_LA_CRUZ,1991,09,05,2.1,13.5,3.0
115052,RINCON_DE_LA_CRUZ,1991,09,06,0.0,13.0,2.5
115052,RINCON_DE_LA_CRUZ,1991,09,07,3.7,13.5,0.0
115052,RINCON_DE_LA_CRUZ,1991,09,08,0.0,13.4,-1.5
115052,RINCON_DE_LA_CRUZ,1991,09,09,0.0,13.6,0.0
115052,RINCON_DE_LA_CRUZ,1991,09,10,-888,13.5,0.4
115052,RINCON_DE_LA_CRUZ,1991,09,11,0.4,14.0,1.0
115052,RINCON_DE_LA_CRUZ,1991,09,12,0.4,13.6,-0.5
115052,RINCON_DE_LA_CRUZ,1991,09,13,2.6,13.0,-1.5
115052,RINCON_DE_LA_CRUZ,1991,09,14,0.0,13.2,-0.2
115052,RINCON_DE_LA_CRUZ,1991,09,15,0.0,13.8,0.4
115052,RINCON_DE_LA_CRUZ,1991,09,16,0.0,14.0,1.8
115052,RINCON_DE_LA_CRUZ,1991,09,17,0.0,14.0,2.2
115052,RINCON_DE_LA_CRUZ,1991,09,18,-888,12.8,3.0
115052,RINCON_DE_LA_CRUZ,1991,09,19,0.0,13.6,1.2
115052,RINCON_DE_LA_CRUZ,1991,09,20,0.0,14.0,0.5
115052,RINCON_DE_LA_CRUZ,1991,09,21,0.0,13.5,-1.0
115052,RINCON_DE_LA_CRUZ,1991,09,22,0.0,13.0,-0.5
115052,RINCON_DE_LA_CRUZ,1991,09,23,0.0,14.0,0.0
115052,RINCON_DE_LA_CRUZ,1991,09,24,0.0,13.8,1.0
115052,RINCON_DE_LA_CRUZ,1991,09,25,0.0,13.6,1.8
115052,RINCON_DE_LA_CRUZ,1991,09,26,2.8,13.5,2.5
115052,RINCON_DE_LA_CRUZ,1991,09,27,-888,13.4,2.5
115052,RINCON_DE_LA_CRUZ,1991,09,28,0.0,13.8,2.8
115052,RINCON_DE_LA_CRUZ,1991,09,29,0.0,14.0,3.0
115052,RINCON_DE_LA_CRUZ,1991,09,30,0.0,14.5,3.0
115052,RINCON_DE_LA_CRUZ,1991,10,01,0.0,15.2,1.0
115052,RINCON_DE_LA_CRUZ,1991,10,02,0.0,15.5,0.5
115052,RINCON_DE_LA_CRUZ,1991,10,03,0.0,15.8,2.6
115052,RINCON_DE_LA_CRUZ,1991,10,04,0.0,16.2,3.8
115052,RINCON_DE_LA_CRUZ,1991,10,05,0.0,15.0,4.2
115052,RINCON_DE_LA_CRUZ,1991,10,06,3.5,14.8,5.0
115052,RINCON_DE_LA_CRUZ,1991,10,07,0.0,15.6,4.3
115052,RINCON_DE_LA_CRUZ,1991,10,08,0.0,15.2,4.0
115052,RINCON_DE_LA_CRUZ,1991,10,09,0.0,14.0,2.5
115052,RINCON_DE_LA_CRUZ,1991,10,10,0.0,14.5,1.0
115052,RINCON_DE_LA_CRUZ,1991,10,11,0.0,14.2,1.5
115052,RINCON_DE_LA_CRUZ,1991,10,12,0.0,15.4,1.8
115052,RINCON_DE_LA_CRUZ,1991,10,13,0.0,16.2,3.0
115052,RINCON_DE_LA_CRUZ,1991,10,14,0.0,17.5,4.8
115052,RINCON_DE_LA_CRUZ,1991,10,15,10.5,18.2,5.0
115052,RINCON_DE_LA_CRUZ,1991,10,16,0.0,15.0,3.0
115052,RINCON_DE_LA_CRUZ,1991,10,17,5.5,15.5,3.2
115052,RINCON_DE_LA_CRUZ,1991,10,18,6.2,15.2,3.6
115052,RINCON_DE_LA_CRUZ,1991,10,19,5.4,14.6,3.2
115052,RINCON_DE_LA_CRUZ,1991,10,20,3.6,13.2,2.8
115052,RINCON_DE_LA_CRUZ,1991,10,21,0.0,13.6,3.0
115052,RINCON_DE_LA_CRUZ,1991,10,22,0.0,13.8,3.5
115052,RINCON_DE_LA_CRUZ,1991,10,23,0.0,14.2,3.0
115052,RINCON_DE_LA_CRUZ,1991,10,24,0.0,15.0,3.2
115052,RINCON_DE_LA_CRUZ,1991,10,25,0.0,14.6,3.8
115052,RINCON_DE_LA_CRUZ,1991,10,26,0.0,15.8,4.0
115052,RINCON_DE_LA_CRUZ,1991,10,27,0.0,14.2,3.5
115052,RINCON_DE_LA_CRUZ,1991,10,28,6.0,14.0,3.0
115052,RINCON_DE_LA_CRUZ,1991,10,29,-888,12.8,2.8
115052,RINCON_DE_LA_CRUZ,1991,10,30,1.0,13.6,3.5
115052,RINCON_DE_LA_CRUZ,1991,10,31,0.0,13.0,3.4
115052,RINCON_DE_LA_CRUZ,1991,11,01,8.0,12.6,2.8
115052,RINCON_DE_LA_CRUZ,1991,11,02,8.4,13.5,3.2
115052,RINCON_DE_LA_CRUZ,1991,11,03,0.0,13.8,3.0
115052,RINCON_DE_LA_CRUZ,1991,11,04,0.0,14.0,2.4
115052,RINCON_DE_LA_CRUZ,1991,11,05,0.5,13.2,3.8
115052,RINCON_DE_LA_CRUZ,1991,11,06,0.0,13.8,4.0
115052,RINCON_DE_LA_CRUZ,1991,11,07,0.0,13.6,3.5
115052,RINCON_DE_LA_CRUZ,1991,11,08,2.0,13.5,4.0
115052,RINCON_DE_LA_CRUZ,1991,11,09,1.8,14.8,3.5
115052,RINCON_DE_LA_CRUZ,1991,11,10,0.0,14.0,3.0
115052,RINCON_DE_LA_CRUZ,1991,11,11,0.0,15.5,1.8
115052,RINCON_DE_LA_CRUZ,1991,11,12,0.0,16.0,0.0
115052,RINCON_DE_LA_CRUZ,1991,11,13,0.0,15.0,1.0
115052,RINCON_DE_LA_CRUZ,1991,11,14,0.0,13.5,0.5
115052,RINCON_DE_LA_CRUZ,1991,11,15,0.0,14.0,0.8
115052,RINCON_DE_LA_CRUZ,1991,11,16,0.0,15.0,1.0
115052,RINCON_DE_LA_CRUZ,1991,11,17,3.5,15.8,0.5
115052,RINCON_DE_LA_CRUZ,1991,11,18,2.0,15.0,4.0
115052,RINCON_DE_LA_CRUZ,1991,11,19,2.5,14.8,3.2
115052,RINCON_DE_LA_CRUZ,1991,11,20,0.0,14.6,3.0
115052,RINCON_DE_LA_CRUZ,1991,11,21,0.0,15.0,3.2
115052,RINCON_DE_LA_CRUZ,1991,11,22,0.0,14.0,2.5
115052,RINCON_DE_LA_CRUZ,1991,11,23,0.0,14.2,2.0
115052,RINCON_DE_LA_CRUZ,1991,11,24,0.0,15.0,1.5
115052,RINCON_DE_LA_CRUZ,1991,11,25,0.0,15.5,1.0
115052,RINCON_DE_LA_CRUZ,1991,11,26,0.0,15.8,2.0
115052,RINCON_DE_LA_CRUZ,1991,11,27,10.8,15.4,1.8
115052,RINCON_DE_LA_CRUZ,1991,11,28,6.5,14.8,5.5
115052,RINCON_DE_LA_CRUZ,1991,11,29,3.2,15.0,5.0
115052,RINCON_DE_LA_CRUZ,1991,11,30,0.0,15.6,4.2
115052,RINCON_DE_LA_CRUZ,1991,12,01,0.5,16.0,4.0
115052,RINCON_DE_LA_CRUZ,1991,12,02,15.7,14.0,4.8
115052,RINCON_DE_LA_CRUZ,1991,12,03,0.0,13.8,3.0
115052,RINCON_DE_LA_CRUZ,1991,12,04,0.2,14.2,3.4
115052,RINCON_DE_LA_CRUZ,1991,12,05,0.0,13.0,2.8
115052,RINCON_DE_LA_CRUZ,1991,12,06,0.0,15.5,4.0
115052,RINCON_DE_LA_CRUZ,1991,12,07,1.0,14.5,5.0
115052,RINCON_DE_LA_CRUZ,1991,12,08,0.0,14.4,5.0
115052,RINCON_DE_LA_CRUZ,1991,12,09,0.0,15.0,4.2
115052,RINCON_DE_LA_CRUZ,1991,12,10,0.0,15.2,2.5
115052,RINCON_DE_LA_CRUZ,1991,12,11,0.0,15.8,0.8
115052,RINCON_DE_LA_CRUZ,1991,12,12,0.0,15.0,1.0
115052,RINCON_DE_LA_CRUZ,1991,12,13,0.0,15.5,1.2
115052,RINCON_DE_LA_CRUZ,1991,12,14,0.0,15.2,0.8
115052,RINCON_DE_LA_CRUZ,1991,12,15,0.0,16.2,0.5
115052,RINCON_DE_LA_CRUZ,1991,12,16,-888,15.2,2.0
115052,RINCON_DE_LA_CRUZ,1991,12,17,0.0,16.0,2.5
115052,RINCON_DE_LA_CRUZ,1991,12,18,0.0,17.0,4.0
115052,RINCON_DE_LA_CRUZ,1991,12,19,0.0,16.2,4.2
115052,RINCON_DE_LA_CRUZ,1991,12,20,0.0,15.8,3.0
115052,RINCON_DE_LA_CRUZ,1991,12,21,0.0,15.0,2.5
115052,RINCON_DE_LA_CRUZ,1991,12,22,15.4,16.8,2.0
115052,RINCON_DE_LA_CRUZ,1991,12,23,0.0,16.0,3.2
115052,RINCON_DE_LA_CRUZ,1991,12,24,0.0,15.6,3.5
115052,RINCON_DE_LA_CRUZ,1991,12,25,5.8,15.2,3.2
115052,RINCON_DE_LA_CRUZ,1991,12,26,0.0,15.8,4.0
115052,RINCON_DE_LA_CRUZ,1991,12,27,7.6,13.8,2.8
115052,RINCON_DE_LA_CRUZ,1991,12,28,2.0,13.5,8.0
115052,RINCON_DE_LA_CRUZ,1991,12,29,6.0,13.2,2.6
115052,RINCON_DE_LA_CRUZ,1991,12,30,0.5,13.6,3.0
115052,RINCON_DE_LA_CRUZ,1991,12,31,5.5,13.0,1.8
115052,RINCON_DE_LA_CRUZ,1992,01,01,0.0,13.5,2.8
115052,RINCON_DE_LA_CRUZ,1992,01,02,-888,13.8,3.0
115052,RINCON_DE_LA_CRUZ,1992,01,03,5.4,13.5,3.2
115052,RINCON_DE_LA_CRUZ,1992,01,04,4.5,14.0,4.0
115052,RINCON_DE_LA_CRUZ,1992,01,05,8.0,14.0,3.5
115052,RINCON_DE_LA_CRUZ,1992,01,06,9.2,14.2,3.8
115052,RINCON_DE_LA_CRUZ,1992,01,07,7.6,13.8,2.6
115052,RINCON_DE_LA_CRUZ,1992,01,08,4.4,14.4,3.6
115052,RINCON_DE_LA_CRUZ,1992,01,09,3.2,14.5,3.0
115052,RINCON_DE_LA_CRUZ,1992,01,10,0.0,13.8,2.5
115052,RINCON_DE_LA_CRUZ,1992,01,11,1.5,13.2,3.8
115052,RINCON_DE_LA_CRUZ,1992,01,12,1.0,13.5,3.0
115052,RINCON_DE_LA_CRUZ,1992,01,13,0.5,13.6,3.5
115052,RINCON_DE_LA_CRUZ,1992,01,14,0.0,13.0,2.4
115052,RINCON_DE_LA_CRUZ,1992,01,15,8.2,13.8,3.5
115052,RINCON_DE_LA_CRUZ,1992,01,16,11.2,13.6,3.0
115052,RINCON_DE_LA_CRUZ,1992,01,17,4.0,14.0,3.8
115052,RINCON_DE_LA_CRUZ,1992,01,18,13.5,13.2,3.0
115052,RINCON_DE_LA_CRUZ,1992,01,19,5.2,13.8,3.4
115052,RINCON_DE_LA_CRUZ,1992,01,20,5.5,13.1,3.8
115052,RINCON_DE_LA_CRUZ,1992,01,21,1.6,14.5,3.5
115052,RINCON_DE_LA_CRUZ,1992,01,22,1.2,14.2,3.8
115052,RINCON_DE_LA_CRUZ,1992,01,23,10.3,15.5,4.0
115052,RINCON_DE_LA_CRUZ,1992,01,24,0.0,15.0,4.5
115052,RINCON_DE_LA_CRUZ,1992,01,25,16.9,14.8,3.0
115052,RINCON_DE_LA_CRUZ,1992,01,26,0.0,14.6,2.0
115052,RINCON_DE_LA_CRUZ,1992,01,27,-888,15.2,1.8
115052,RINCON_DE_LA_CRUZ,1992,01,28,0.0,16.5,1.0
115052,RINCON_DE_LA_CRUZ,1992,01,29,-888,17.0,2.2
115052,RINCON_DE_LA_CRUZ,1992,01,30,0.0,16.5,2.0
115052,RINCON_DE_LA_CRUZ,1992,01,31,0.0,16.8,2.5
115052,RINCON_DE_LA_CRUZ,1992,02,01,0.0,16.2,-0.9
115052,RINCON_DE_LA_CRUZ,1992,02,02,0.0,16.8,-1.8
115052,RINCON_DE_LA_CRUZ,1992,02,03,0.0,17.0,-0.2
115052,RINCON_DE_LA_CRUZ,1992,02,04,2.7,17.2,2.0
115052,RINCON_DE_LA_CRUZ,1992,02,05,6.4,14.5,2.8
115052,RINCON_DE_LA_CRUZ,1992,02,06,2.6,13.6,2.0
115052,RINCON_DE_LA_CRUZ,1992,02,07,3.0,13.8,0.2
115052,RINCON_DE_LA_CRUZ,1992,02,08,0.0,14.5,0.0
115052,RINCON_DE_LA_CRUZ,1992,02,09,0.0,15.2,1.0
115052,RINCON_DE_LA_CRUZ,1992,02,10,0.0,16.5,2.5
115052,RINCON_DE_LA_CRUZ,1992,02,11,0.0,16.8,3.4
115052,RINCON_DE_LA_CRUZ,1992,02,12,3.5,17.0,3.4
115052,RINCON_DE_LA_CRUZ,1992,02,13,8.0,16.5,4.0
115052,RINCON_DE_LA_CRUZ,1992,02,14,6.5,17.0,3.5
115052,RINCON_DE_LA_CRUZ,1992,02,15,5.6,16.0,3.8
115052,RINCON_DE_LA_CRUZ,1992,02,16,3.8,17.2,4.2
115052,RINCON_DE_LA_CRUZ,1992,02,17,7.0,17.0,4.5
115052,RINCON_DE_LA_CRUZ,1992,02,18,13.3,15.0,3.2
115052,RINCON_DE_LA_CRUZ,1992,02,19,3.4,15.8,3.0
115052,RINCON_DE_LA_CRUZ,1992,02,20,4.0,16.2,2.8
115052,RINCON_DE_LA_CRUZ,1992,02,21,0.0,16.8,3.5
115052,RINCON_DE_LA_CRUZ,1992,02,22,0.0,17.4,4.0
115052,RINCON_DE_LA_CRUZ,1992,02,23,0.0,17.0,4.4
115052,RINCON_DE_LA_CRUZ,1992,02,24,0.0,16.8,5.0
115052,RINCON_DE_LA_CRUZ,1992,02,25,1.0,16.0,3.8
115052,RINCON_DE_LA_CRUZ,1992,02,26,4.0,15.2,3.0
115052,RINCON_DE_LA_CRUZ,1992,02,27,0.3,16.5,2.6
115052,RINCON_DE_LA_CRUZ,1992,02,28,0.5,16.8,3.4
115052,RINCON_DE_LA_CRUZ,1992,02,29,6.8,16.5,4.2
115052,RINCON_DE_LA_CRUZ,1992,03,01,0.0,16.0,4.8
115052,RINCON_DE_LA_CRUZ,1992,03,02,0.0,16.0,5.2
115052,RINCON_DE_LA_CRUZ,1992,03,03,0.5,16.4,3.8
115052,RINCON_DE_LA_CRUZ,1992,03,04,0.0,16.0,4.0
115052,RINCON_DE_LA_CRUZ,1992,03,05,16.5,17.0,4.6
115052,RINCON_DE_LA_CRUZ,1992,03,06,10.3,16.2,5.2
115052,RINCON_DE_LA_CRUZ,1992,03,07,8.4,13.8,4.0
115052,RINCON_DE_LA_CRUZ,1992,03,08,0.0,15.5,2.5
115052,RINCON_DE_LA_CRUZ,1992,03,09,0.0,14.6,3.0
115052,RINCON_DE_LA_CRUZ,1992,03,10,0.5,15.4,4.0
115052,RINCON_DE_LA_CRUZ,1992,03,11,9.3,15.8,4.8
115052,RINCON_DE_LA_CRUZ,1992,03,12,10.2,15.4,4.5
115052,RINCON_DE_LA_CRUZ,1992,03,13,0.0,16.4,4.2
115052,RINCON_DE_LA_CRUZ,1992,03,14,0.0,17.2,3.0
115052,RINCON_DE_LA_CRUZ,1992,03,15,0.0,17.0,0.5
115052,RINCON_DE_LA_CRUZ,1992,03,16,0.0,17.2,3.6
115052,RINCON_DE_LA_CRUZ,1992,03,17,0.0,16.8,4.0
115052,RINCON_DE_LA_CRUZ,1992,03,18,0.0,16.5,3.2
115052,RINCON_DE_LA_CRUZ,1992,03,19,0.0,17.0,2.5
115052,RINCON_DE_LA_CRUZ,1992,03,20,-888,16.2,3.0
115052,RINCON_DE_LA_CRUZ,1992,03,21,0.0,16.5,4.5
115052,RINCON_DE_LA_CRUZ,1992,03,22,0.0,16.8,4.0
115052,RINCON_DE_LA_CRUZ,1992,03,23,0.0,17.3,4.5
115052,RINCON_DE_LA_CRUZ,1992,03,24,0.0,17.8,4.2
115052,RINCON_DE_LA_CRUZ,1992,03,25,0.0,18.0,5.0
115052,RINCON_DE_LA_CRUZ,1992,03,26,0.0,18.6,5.2
115052,RINCON_DE_LA_CRUZ,1992,03,27,0.0,17.5,2.8
115052,RINCON_DE_LA_CRUZ,1992,03,28,0.0,17.8,2.1
115052,RINCON_DE_LA_CRUZ,1992,03,29,2.4,17.5,2.6
115052,RINCON_DE_LA_CRUZ,1992,03,30,0.0,16.8,3.8
115052,RINCON_DE_LA_CRUZ,1992,03,31,5.7,15.8,3.5
115052,RINCON_DE_LA_CRUZ,1992,04,01,0.0,13.6,4.0
115052,RINCON_DE_LA_CRUZ,1992,04,02,6.8,14.0,3.2
115052,RINCON_DE_LA_CRUZ,1992,04,03,0.0,15.2,3.5
115052,RINCON_DE_LA_CRUZ,1992,04,04,0.0,17.5,3.0
115052,RINCON_DE_LA_CRUZ,1992,04,05,0.0,17.0,3.0
115052,RINCON_DE_LA_CRUZ,1992,04,06,0.0,17.2,2.6
115052,RINCON_DE_LA_CRUZ,1992,04,07,0.0,16.8,2.8
115052,RINCON_DE_LA_CRUZ,1992,04,08,0.0,14.6,3.0
115052,RINCON_DE_LA_CRUZ,1992,04,09,0.0,16.0,3.5
115052,RINCON_DE_LA_CRUZ,1992,04,10,0.0,18.0,3.0
115052,RINCON_DE_LA_CRUZ,1992,04,11,0.0,17.6,2.2
115052,RINCON_DE_LA_CRUZ,1992,04,12,0.0,18.4,2.5
115052,RINCON_DE_LA_CRUZ,1992,04,13,0.0,17.8,2.0
115052,RINCON_DE_LA_CRUZ,1992,04,14,0.0,18.0,2.2
115052,RINCON_DE_LA_CRUZ,1992,04,15,0.0,17.5,3.0
115052,RINCON_DE_LA_CRUZ,1992,04,16,0.0,17.8,1.5
115052,RINCON_DE_LA_CRUZ,1992,04,17,0.0,18.2,1.8
115052,RINCON_DE_LA_CRUZ,1992,04,18,0.0,16.4,1.5
115052,RINCON_DE_LA_CRUZ,1992,04,19,0.0,16.8,2.4
115052,RINCON_DE_LA_CRUZ,1992,04,20,0.0,15.0,2.0
115052,RINCON_DE_LA_CRUZ,1992,04,21,0.0,15.5,-1.5
115052,RINCON_DE_LA_CRUZ,1992,04,22,0.0,15.8,1.0
115052,RINCON_DE_LA_CRUZ,1992,04,23,0.0,16.2,2.0
115052,RINCON_DE_LA_CRUZ,1992,04,24,0.0,16.8,1.0
115052,RINCON_DE_LA_CRUZ,1992,04,25,35.5,18.0,2.2
115052,RINCON_DE_LA_CRUZ,1992,04,26,2.7,14.6,1.3
115052,RINCON_DE_LA_CRUZ,1992,04,27,0.0,14.0,2.2
115052,RINCON_DE_LA_CRUZ,1992,04,28,0.0,15.2,3.0
115052,RINCON_DE_LA_CRUZ,1992,04,29,0.0,17.5,-1.8
115052,RINCON_DE_LA_CRUZ,1992,04,30,0.0,16.8,-1.5
115052,RINCON_DE_LA_CRUZ,1992,05,01,0.0,16.5,-1.0
115052,RINCON_DE_LA_CRUZ,1992,05,02,0.0,17.0,-1.5
115052,RINCON_DE_LA_CRUZ,1992,05,03,0.0,16.0,-0.8
115052,RINCON_DE_LA_CRUZ,1992,05,04,0.0,16.2,-1.2
115052,RINCON_DE_LA_CRUZ,1992,05,05,0.0,15.5,-2.0
115052,RINCON_DE_LA_CRUZ,1992,05,06,0.0,15.2,-0.8
115052,RINCON_DE_LA_CRUZ,1992,05,07,0.0,14.8,-1.0
115052,RINCON_DE_LA_CRUZ,1992,05,08,0.0,14.5,-0.5
115052,RINCON_DE_LA_CRUZ,1992,05,09,0.0,15.0,1.8
115052,RINCON_DE_LA_CRUZ,1992,05,10,0.0,14.5,2.5
115052,RINCON_DE_LA_CRUZ,1992,05,11,0.0,13.8,2.8
115052,RINCON_DE_LA_CRUZ,1992,05,12,0.0,14.0,3.0
115052,RINCON_DE_LA_CRUZ,1992,05,13,0.0,15.6,3.5
115052,RINCON_DE_LA_CRUZ,1992,05,14,0.0,16.5,4.0
115052,RINCON_DE_LA_CRUZ,1992,05,15,0.0,17.8,0.5
115052,RINCON_DE_LA_CRUZ,1992,05,16,0.0,17.0,5.0
115052,RINCON_DE_LA_CRUZ,1992,05,17,0.0,16.8,-3.0
115052,RINCON_DE_LA_CRUZ,1992,05,18,0.0,16.4,-3.5
115052,RINCON_DE_LA_CRUZ,1992,05,19,0.0,16.5,-2.5
115052,RINCON_DE_LA_CRUZ,1992,05,20,0.0,15.8,-1.0
115052,RINCON_DE_LA_CRUZ,1992,05,21,0.0,15.0,-2.0
115052,RINCON_DE_LA_CRUZ,1992,05,22,0.0,15.8,-0.8
115052,RINCON_DE_LA_CRUZ,1992,05,23,0.0,16.5,-2.2
115052,RINCON_DE_LA_CRUZ,1992,05,24,0.0,15.0,-2.4
115052,RINCON_DE_LA_CRUZ,1992,05,25,0.0,15.6,-1.2
115052,RINCON_DE_LA_CRUZ,1992,05,26,0.0,14.8,-1.2
115052,RINCON_DE_LA_CRUZ,1992,05,27,0.0,15.6,-2.8
115052,RINCON_DE_LA_CRUZ,1992,05,28,0.0,15.0,-3.5
115052,RINCON_DE_LA_CRUZ,1992,05,29,0.0,15.0,-1.0
115052,RINCON_DE_LA_CRUZ,1992,05,30,0.0,16.0,-1.5
115052,RINCON_DE_LA_CRUZ,1992,05,31,0.0,14.8,-0.2
115052,RINCON_DE_LA_CRUZ,1992,06,01,0.0,14.5,2.2
115052,RINCON_DE_LA_CRUZ,1992,06,02,-888,15.0,3.0
115052,RINCON_DE_LA_CRUZ,1992,06,03,0.0,14.6,3.2
115052,RINCON_DE_LA_CRUZ,1992,06,04,0.0,10.8,0.5
115052,RINCON_DE_LA_CRUZ,1992,06,05,0.0,15.0,-4.0
115052,RINCON_DE_LA_CRUZ,1992,06,06,0.0,13.8,-3.5
115052,RINCON_DE_LA_CRUZ,1992,06,07,0.0,13.5,1.0
115052,RINCON_DE_LA_CRUZ,1992,06,08,0.0,13.0,-2.4
115052,RINCON_DE_LA_CRUZ,1992,06,09,0.0,12.5,-3.5
115052,RINCON_DE_LA_CRUZ,1992,06,10,0.0,13.2,-4.2
115052,RINCON_DE_LA_CRUZ,1992,06,11,0.0,15.8,-4.6
115052,RINCON_DE_LA_CRUZ,1992,06,12,0.0,15.0,-4.2
115052,RINCON_DE_LA_CRUZ,1992,06,13,-888,13.6,3.0
115052,RINCON_DE_LA_CRUZ,1992,06,14,0.0,14.2,1.0
115052,RINCON_DE_LA_CRUZ,1992,06,15,0.0,14.8,-0.5
115052,RINCON_DE_LA_CRUZ,1992,06,16,0.0,15.4,1.0
115052,RINCON_DE_LA_CRUZ,1992,06,17,0.0,15.0,-0.8
115052,RINCON_DE_LA_CRUZ,1992,06,18,0.0,15.0,-0.6
115052,RINCON_DE_LA_CRUZ,1992,06,19,0.0,14.8,-1.2
115052,RINCON_DE_LA_CRUZ,1992,06,20,0.0,13.6,-2.0
115052,RINCON_DE_LA_CRUZ,1992,06,21,0.0,15.0,-2.8
115052,RINCON_DE_LA_CRUZ,1992,06,22,0.0,14.0,-2.0
115052,RINCON_DE_LA_CRUZ,1992,06,23,0.0,13.8,-3.8
115052,RINCON_DE_LA_CRUZ,1992,06,24,0.0,12.5,0.5
115052,RINCON_DE_LA_CRUZ,1992,06,25,0.0,13.2,0.8
115052,RINCON_DE_LA_CRUZ,1992,06,26,0.0,13.8,-1.0
115052,RINCON_DE_LA_CRUZ,1992,06,27,0.0,14.2,-1.5
115052,RINCON_DE_LA_CRUZ,1992,06,28,0.0,13.0,-0.2
115052,RINCON_DE_LA_CRUZ,1992,06,29,0.0,12.6,1.4
115052,RINCON_DE_LA_CRUZ,1992,06,30,3.0,14.0,2.8
115052,RINCON_DE_LA_CRUZ,1992,07,01,0.0,12.8,-1.0
115052,RINCON_DE_LA_CRUZ,1992,07,02,0.0,14.2,-3.8
115052,RINCON_DE_LA_CRUZ,1992,07,03,0.0,14.0,-4.0
115052,RINCON_DE_LA_CRUZ,1992,07,04,0.0,13.2,-4.5
115052,RINCON_DE_LA_CRUZ,1992,07,05,0.0,13.0,-0.8
115052,RINCON_DE_LA_CRUZ,1992,07,06,0.0,12.5,-2.5
115052,RINCON_DE_LA_CRUZ,1992,07,07,0.0,12.0,-2.0
115052,RINCON_DE_LA_CRUZ,1992,07,08,0.0,12.4,-3.6
115052,RINCON_DE_LA_CRUZ,1992,07,09,0.0,13.2,-1.5
115052,RINCON_DE_LA_CRUZ,1992,07,10,0.0,13.8,-2.0
115052,RINCON_DE_LA_CRUZ,1992,07,11,0.0,13.0,-1.2
115052,RINCON_DE_LA_CRUZ,1992,07,12,0.0,12.5,-1.4
115052,RINCON_DE_LA_CRUZ,1992,07,13,0.0,13.4,-2.2
115052,RINCON_DE_LA_CRUZ,1992,07,14,0.0,13.0,-1.8
115052,RINCON_DE_LA_CRUZ,1992,07,15,0.0,12.8,-1.5
115052,RINCON_DE_LA_CRUZ,1992,07,16,0.0,13.2,-2.0
115052,RINCON_DE_LA_CRUZ,1992,07,17,0.0,13.0,-2.6
115052,RINCON_DE_LA_CRUZ,1992,07,18,0.0,13.8,-3.0
115052,RINCON_DE_LA_CRUZ,1992,07,19,-888,13.6,1.5
115052,RINCON_DE_LA_CRUZ,1992,07,20,3.2,13.5,2.0
115052,RINCON_DE_LA_CRUZ,1992,07,21,0.0,13.2,2.5
115052,RINCON_DE_LA_CRUZ,1992,07,22,0.0,14.8,1.5
115052,RINCON_DE_LA_CRUZ,1992,07,23,0.0,15.4,-1.0
115052,RINCON_DE_LA_CRUZ,1992,07,24,0.0,16.0,0.0
115052,RINCON_DE_LA_CRUZ,1992,07,25,0.0,15.8,-1.5
115052,RINCON_DE_LA_CRUZ,1992,07,26,0.0,16.2,-2.8
115052,RINCON_DE_LA_CRUZ,1992,07,27,0.0,16.5,-3.2
115052,RINCON_DE_LA_CRUZ,1992,07,28,0.0,16.0,-2.0
115052,RINCON_DE_LA_CRUZ,1992,07,29,0.0,16.8,-3.0
115052,RINCON_DE_LA_CRUZ,1992,07,30,0.0,16.6,-3.2
115052,RINCON_DE_LA_CRUZ,1992,07,31,0.0,15.5,-1.8
115052,RINCON_DE_LA_CRUZ,1992,08,01,0.0,13.8,-1.0
115052,RINCON_DE_LA_CRUZ,1992,08,02,0.0,14.2,-0.2
115052,RINCON_DE_LA_CRUZ,1992,08,03,0.0,14.0,-0.5
115052,RINCON_DE_LA_CRUZ,1992,08,04,0.0,13.8,-1.0
115052,RINCON_DE_LA_CRUZ,1992,08,05,1.7,14.2,0.0
115052,RINCON_DE_LA_CRUZ,1992,08,06,-888,13.8,1.2
115052,RINCON_DE_LA_CRUZ,1992,08,07,0.1,14.5,1.8
115052,RINCON_DE_LA_CRUZ,1992,08,08,0.0,12.8,-0.5
115052,RINCON_DE_LA_CRUZ,1992,08,09,0.0,13.2,-4.0
115052,RINCON_DE_LA_CRUZ,1992,08,10,0.0,13.8,-2.6
115052,RINCON_DE_LA_CRUZ,1992,08,11,0.0,13.2,-3.5
115052,RINCON_DE_LA_CRUZ,1992,08,12,0.0,14.0,-3.0
115052,RINCON_DE_LA_CRUZ,1992,08,13,0.0,14.5,-2.5
115052,RINCON_DE_LA_CRUZ,1992,08,14,0.0,13.8,-1.2
115052,RINCON_DE_LA_CRUZ,1992,08,15,0.0,14.0,-2.0
115052,RINCON_DE_LA_CRUZ,1992,08,16,-888,13.2,-1.0
115052,RINCON_DE_LA_CRUZ,1992,08,17,0.0,13.6,-2.8
115052,RINCON_DE_LA_CRUZ,1992,08,18,0.0,13.5,-0.2
115052,RINCON_DE_LA_CRUZ,1992,08,19,5.9,14.0,-0.5
115052,RINCON_DE_LA_CRUZ,1992,08,20,23.3,9.5,-3.5
115052,RINCON_DE_LA_CRUZ,1992,08,21,0.8,8.2,-6.5
115052,RINCON_DE_LA_CRUZ,1992,08,22,-888,10.4,-4.2
115052,RINCON_DE_LA_CRUZ,1992,08,23,0.0,13.0,-0.5
115052,RINCON_DE_LA_CRUZ,1992,08,24,1.0,12.8,0.0
115052,RINCON_DE_LA_CRUZ,1992,08,25,0.2,13.2,0.2
115052,RINCON_DE_LA_CRUZ,1992,08,26,1.0,13.5,1.2
115052,RINCON_DE_LA_CRUZ,1992,08,27,-888,13.2,1.5
115052,RINCON_DE_LA_CRUZ,1992,08,28,1.5,13.0,2.0
115052,RINCON_DE_LA_CRUZ,1992,08,29,0.0,13.4,1.5
115052,RINCON_DE_LA_CRUZ,1992,08,30,0.0,13.6,-2.2
115052,RINCON_DE_LA_CRUZ,1992,08,31,0.7,14.2,-1.0
115052,RINCON_DE_LA_CRUZ,1992,09,01,0.5,12.8,0.2
115052,RINCON_DE_LA_CRUZ,1992,09,02,1.2,13.0,1.0
115052,RINCON_DE_LA_CRUZ,1992,09,03,0.0,13.5,1.5
115052,RINCON_DE_LA_CRUZ,1992,09,04,0.0,13.8,1.8
115052,RINCON_DE_LA_CRUZ,1992,09,05,0.0,14.2,2.4
115052,RINCON_DE_LA_CRUZ,1992,09,06,0.0,14.5,2.0
115052,RINCON_DE_LA_CRUZ,1992,09,07,2.2,14.0,2.5
115052,RINCON_DE_LA_CRUZ,1992,09,08,0.0,13.8,2.0
115052,RINCON_DE_LA_CRUZ,1992,09,09,0.0,14.0,2.5
115052,RINCON_DE_LA_CRUZ,1992,09,10,0.0,13.6,2.8
115052,RINCON_DE_LA_CRUZ,1992,09,11,0.0,15.0,2.2
115052,RINCON_DE_LA_CRUZ,1992,09,12,0.0,15.2,1.8
115052,RINCON_DE_LA_CRUZ,1992,09,13,0.0,13.8,1.5
115052,RINCON_DE_LA_CRUZ,1992,09,14,0.0,14.0,2.0
115052,RINCON_DE_LA_CRUZ,1992,09,15,0.0,15.2,1.0
115052,RINCON_DE_LA_CRUZ,1992,09,16,0.0,14.8,0.0
115052,RINCON_DE_LA_CRUZ,1992,09,17,0.0,15.5,-1.5
115052,RINCON_DE_LA_CRUZ,1992,09,18,0.0,15.0,-2.0
115052,RINCON_DE_LA_CRUZ,1992,09,19,0.0,14.0,-0.2
115052,RINCON_DE_LA_CRUZ,1992,09,20,0.0,13.5,0.0
115052,RINCON_DE_LA_CRUZ,1992,09,21,0.0,15.2,-0.8
115052,RINCON_DE_LA_CRUZ,1992,09,22,0.0,15.0,1.2
115052,RINCON_DE_LA_CRUZ,1992,09,23,0.0,16.0,1.5
115052,RINCON_DE_LA_CRUZ,1992,09,24,0.0,15.0,1.0
115052,RINCON_DE_LA_CRUZ,1992,09,25,0.0,15.0,1.4
115052,RINCON_DE_LA_CRUZ,1992,09,26,0.0,16.2,1.8
115052,RINCON_DE_LA_CRUZ,1992,09,27,0.0,16.5,2.2
115052,RINCON_DE_LA_CRUZ,1992,09,28,0.0,15.0,3.0
115052,RINCON_DE_LA_CRUZ,1992,09,29,0.0,15.2,2.0
115052,RINCON_DE_LA_CRUZ,1992,09,30,0.0,14.0,-0.8
115052,RINCON_DE_LA_CRUZ,1992,10,01,0.0,14.5,-1.5
115052,RINCON_DE_LA_CRUZ,1992,10,02,0.0,15.5,-1.0
115052,RINCON_DE_LA_CRUZ,1992,10,03,0.0,14.0,-0.2
115052,RINCON_DE_LA_CRUZ,1992,10,04,0.0,14.2,-1.0
115052,RINCON_DE_LA_CRUZ,1992,10,05,0.0,15.0,-0.8
115052,RINCON_DE_LA_CRUZ,1992,10,06,0.0,16.0,-0.5
115052,RINCON_DE_LA_CRUZ,1992,10,07,0.0,15.5,0.0
115052,RINCON_DE_LA_CRUZ,1992,10,08,0.0,14.2,-0.2
115052,RINCON_DE_LA_CRUZ,1992,10,09,0.0,16.0,-0.5
115052,RINCON_DE_LA_CRUZ,1992,10,10,0.5,15.5,1.5
115052,RINCON_DE_LA_CRUZ,1992,10,11,4.0,13.5,2.2
115052,RINCON_DE_LA_CRUZ,1992,10,12,2.0,13.0,2.0
115052,RINCON_DE_LA_CRUZ,1992,10,13,5.7,12.8,1.2
115052,RINCON_DE_LA_CRUZ,1992,10,14,1.0,13.2,2.5
115052,RINCON_DE_LA_CRUZ,1992,10,15,0.0,13.5,2.0
115052,RINCON_DE_LA_CRUZ,1992,10,16,0.0,14.2,1.0
115052,RINCON_DE_LA_CRUZ,1992,10,17,0.0,14.5,1.2
115052,RINCON_DE_LA_CRUZ,1992,10,18,0.0,14.0,1.8
115052,RINCON_DE_LA_CRUZ,1992,10,19,1.0,14.8,1.0
115052,RINCON_DE_LA_CRUZ,1992,10,20,1.5,13.2,1.4
115052,RINCON_DE_LA_CRUZ,1992,10,21,2.5,13.0,2.0
115052,RINCON_DE_LA_CRUZ,1992,10,22,0.0,14.5,0.8
115052,RINCON_DE_LA_CRUZ,1992,10,23,2.5,14.8,1.5
115052,RINCON_DE_LA_CRUZ,1992,10,24,0.0,13.0,1.2
115052,RINCON_DE_LA_CRUZ,1992,10,25,0.0,13.8,2.0
115052,RINCON_DE_LA_CRUZ,1992,10,26,2.5,15.2,3.0
115052,RINCON_DE_LA_CRUZ,1992,10,27,0.0,15.8,2.5
115052,RINCON_DE_LA_CRUZ,1992,10,28,0.0,16.2,1.5
115052,RINCON_DE_LA_CRUZ,1992,10,29,0.0,16.5,1.0
115052,RINCON_DE_LA_CRUZ,1992,10,30,0.0,16.0,0.5
115052,RINCON_DE_LA_CRUZ,1992,10,31,0.0,15.6,1.8
115052,RINCON_DE_LA_CRUZ,1992,11,01,0.0,15.5,-1.2
115052,RINCON_DE_LA_CRUZ,1992,11,02,0.0,16.0,-0.2
115052,RINCON_DE_LA_CRUZ,1992,11,03,0.0,15.8,-0.5
115052,RINCON_DE_LA_CRUZ,1992,11,04,0.0,16.0,-0.5
115052,RINCON_DE_LA_CRUZ,1992,11,05,0.0,15.5,-1.2
115052,RINCON_DE_LA_CRUZ,1992,11,06,0.0,15.8,-1.5
115052,RINCON_DE_LA_CRUZ,1992,11,07,0.0,14.5,-1.0
115052,RINCON_DE_LA_CRUZ,1992,11,08,0.0,15.0,-1.4
115052,RINCON_DE_LA_CRUZ,1992,11,09,0.0,15.2,-0.2
115052,RINCON_DE_LA_CRUZ,1992,11,10,0.0,14.0,0.0
115052,RINCON_DE_LA_CRUZ,1992,11,11,0.0,14.8,1.2
115052,RINCON_DE_LA_CRUZ,1992,11,12,0.0,14.5,1.8
115052,RINCON_DE_LA_CRUZ,1992,11,13,2.0,14.2,2.0
115052,RINCON_DE_LA_CRUZ,1992,11,14,4.7,14.0,1.5
115052,RINCON_DE_LA_CRUZ,1992,11,15,2.8,13.8,2.0
115052,RINCON_DE_LA_CRUZ,1992,11,16,19.7,11.8,1.0
115052,RINCON_DE_LA_CRUZ,1992,11,17,5.7,12.5,3.0
115052,RINCON_DE_LA_CRUZ,1992,11,18,6.2,13.8,3.5
115052,RINCON_DE_LA_CRUZ,1992,11,19,2.8,14.0,4.0
115052,RINCON_DE_LA_CRUZ,1992,11,20,0.5,15.0,1.0
115052,RINCON_DE_LA_CRUZ,1992,11,21,-888,16.2,1.5
115052,RINCON_DE_LA_CRUZ,1992,11,22,0.0,15.0,3.0
115052,RINCON_DE_LA_CRUZ,1992,11,23,5.0,14.2,2.2
115052,RINCON_DE_LA_CRUZ,1992,11,24,0.0,14.5,2.0
115052,RINCON_DE_LA_CRUZ,1992,11,25,2.5,13.8,3.5
115052,RINCON_DE_LA_CRUZ,1992,11,26,3.0,-999,3.0
115052,RINCON_DE_LA_CRUZ,1992,11,27,0.0,-999,2.5
115052,RINCON_DE_LA_CRUZ,1992,11,28,0.0,-999,2.0
115052,RINCON_DE_LA_CRUZ,1992,11,29,3.5,13.0,1.0
115052,RINCON_DE_LA_CRUZ,1992,11,30,0.0,14.2,4.5
115052,RINCON_DE_LA_CRUZ,1992,12,01,0.0,13.0,2.0
115052,RINCON_DE_LA_CRUZ,1992,12,02,0.0,13.5,1.5
115052,RINCON_DE_LA_CRUZ,1992,12,03,-888,14.8,2.5
115052,RINCON_DE_LA_CRUZ,1992,12,04,0.0,15.5,4.0
115052,RINCON_DE_LA_CRUZ,1992,12,05,-888,14.5,4.5
115052,RINCON_DE_LA_CRUZ,1992,12,06,0.0,15.0,3.5
115052,RINCON_DE_LA_CRUZ,1992,12,07,2.5,14.8,3.0
115052,RINCON_DE_LA_CRUZ,1992,12,08,0.0,15.8,2.0
115052,RINCON_DE_LA_CRUZ,1992,12,09,0.0,16.2,1.2
115052,RINCON_DE_LA_CRUZ,1992,12,10,0.0,15.8,1.0
115052,RINCON_DE_LA_CRUZ,1992,12,11,0.0,16.2,1.4
115052,RINCON_DE_LA_CRUZ,1992,12,12,0.0,15.0,2.2
115052,RINCON_DE_LA_CRUZ,1992,12,13,0.0,14.2,3.0
115052,RINCON_DE_LA_CRUZ,1992,12,14,0.0,16.0,1.5
115052,RINCON_DE_LA_CRUZ,1992,12,15,-888,15.8,1.8
115052,RINCON_DE_LA_CRUZ,1992,12,16,0.0,15.5,1.0
115052,RINCON_DE_LA_CRUZ,1992,12,17,0.0,16.2,1.4
115052,RINCON_DE_LA_CRUZ,1992,12,18,0.0,16.5,1.2
115052,RINCON_DE_LA_CRUZ,1992,12,19,0.0,16.8,1.5
115052,RINCON_DE_LA_CRUZ,1992,12,20,0.0,17.0,1.0
115052,RINCON_DE_LA_CRUZ,1992,12,21,0.0,16.0,1.8
115052,RINCON_DE_LA_CRUZ,1992,12,22,0.5,15.8,2.5
115052,RINCON_DE_LA_CRUZ,1992,12,23,5.4,15.2,2.0
115052,RINCON_DE_LA_CRUZ,1992,12,24,4.2,14.5,2.8
115052,RINCON_DE_LA_CRUZ,1992,12,25,2.8,15.0,2.5
115052,RINCON_DE_LA_CRUZ,1992,12,26,10.4,14.8,2.2
115052,RINCON_DE_LA_CRUZ,1992,12,27,2.5,14.0,3.2
115052,RINCON_DE_LA_CRUZ,1992,12,28,6.2,12.8,2.0
115052,RINCON_DE_LA_CRUZ,1992,12,29,11.0,13.0,1.5
115052,RINCON_DE_LA_CRUZ,1992,12,30,0.0,11.5,2.5
115052,RINCON_DE_LA_CRUZ,1992,12,31,0.0,12.0,1.0
115052,RINCON_DE_LA_CRUZ,1993,01,01,5.0,13.5,2.0
115052,RINCON_DE_LA_CRUZ,1993,01,02,13.0,14.2,1.2
115052,RINCON_DE_LA_CRUZ,1993,01,03,8.2,14.0,1.0
115052,RINCON_DE_LA_CRUZ,1993,01,04,3.0,12.8,1.5
115052,RINCON_DE_LA_CRUZ,1993,01,05,0.0,14.2,3.2
115052,RINCON_DE_LA_CRUZ,1993,01,06,0.0,15.2,1.0
115052,RINCON_DE_LA_CRUZ,1993,01,07,0.0,15.2,1.4
115052,RINCON_DE_LA_CRUZ,1993,01,08,0.0,16.5,1.2
115052,RINCON_DE_LA_CRUZ,1993,01,09,4.0,13.2,2.0
115052,RINCON_DE_LA_CRUZ,1993,01,10,0.0,13.0,2.2
115052,RINCON_DE_LA_CRUZ,1993,01,11,0.0,14.2,2.8
115052,RINCON_DE_LA_CRUZ,1993,01,12,6.2,12.8,2.0
115052,RINCON_DE_LA_CRUZ,1993,01,13,18.5,13.5,1.2
115052,RINCON_DE_LA_CRUZ,1993,01,14,10.7,14.5,1.5
115052,RINCON_DE_LA_CRUZ,1993,01,15,18.3,14.0,2.0
115052,RINCON_DE_LA_CRUZ,1993,01,16,24.8,11.8,2.8
115052,RINCON_DE_LA_CRUZ,1993,01,17,8.8,12.5,1.2
115052,RINCON_DE_LA_CRUZ,1993,01,18,4.0,12.0,1.8
115052,RINCON_DE_LA_CRUZ,1993,01,19,5.2,14.5,2.5
115052,RINCON_DE_LA_CRUZ,1993,01,20,4.0,13.6,2.0
115052,RINCON_DE_LA_CRUZ,1993,01,21,0.0,14.2,1.5
115052,RINCON_DE_LA_CRUZ,1993,01,22,6.1,15.0,2.4
115052,RINCON_DE_LA_CRUZ,1993,01,23,3.2,14.2,2.5
115052,RINCON_DE_LA_CRUZ,1993,01,24,5.0,14.5,2.0
115052,RINCON_DE_LA_CRUZ,1993,01,25,3.5,13.0,1.6
115052,RINCON_DE_LA_CRUZ,1993,01,26,9.4,11.8,2.4
115052,RINCON_DE_LA_CRUZ,1993,01,27,8.5,11.5,2.0
115052,RINCON_DE_LA_CRUZ,1993,01,28,5.5,11.0,1.5
115052,RINCON_DE_LA_CRUZ,1993,01,29,2.5,13.5,2.5
115052,RINCON_DE_LA_CRUZ,1993,01,30,0.5,12.8,2.0
115052,RINCON_DE_LA_CRUZ,1993,01,31,1.0,14.2,1.8
115052,RINCON_DE_LA_CRUZ,1993,02,01,0.0,12.4,2.2
115052,RINCON_DE_LA_CRUZ,1993,02,02,6.2,13.2,3.0
115052,RINCON_DE_LA_CRUZ,1993,02,03,0.0,14.5,2.5
115052,RINCON_DE_LA_CRUZ,1993,02,04,1.5,15.0,3.5
115052,RINCON_DE_LA_CRUZ,1993,02,05,2.8,13.0,4.0
115052,RINCON_DE_LA_CRUZ,1993,02,06,0.0,14.2,2.8
115052,RINCON_DE_LA_CRUZ,1993,02,07,0.0,15.0,1.2
115052,RINCON_DE_LA_CRUZ,1993,02,08,0.0,15.5,1.0
115052,RINCON_DE_LA_CRUZ,1993,02,09,1.0,14.8,0.8
115052,RINCON_DE_LA_CRUZ,1993,02,10,0.0,15.0,1.8
115052,RINCON_DE_LA_CRUZ,1993,02,11,2.0,15.8,2.0
115052,RINCON_DE_LA_CRUZ,1993,02,12,1.0,14.5,3.2
115052,RINCON_DE_LA_CRUZ,1993,02,13,0.0,15.2,1.5
115052,RINCON_DE_LA_CRUZ,1993,02,14,0.0,14.8,2.5
115052,RINCON_DE_LA_CRUZ,1993,02,15,0.0,16.0,1.4
115052,RINCON_DE_LA_CRUZ,1993,02,16,0.0,15.8,0.0
115052,RINCON_DE_LA_CRUZ,1993,02,17,0.0,15.0,1.0
115052,RINCON_DE_LA_CRUZ,1993,02,18,0.0,16.5,1.5
115052,RINCON_DE_LA_CRUZ,1993,02,19,0.0,14.5,3.5
115052,RINCON_DE_LA_CRUZ,1993,02,20,4.3,12.5,5.0
115052,RINCON_DE_LA_CRUZ,1993,02,21,1.2,12.8,4.5
115052,RINCON_DE_LA_CRUZ,1993,02,22,0.0,15.2,5.0
115052,RINCON_DE_LA_CRUZ,1993,02,23,0.0,14.5,3.5
115052,RINCON_DE_LA_CRUZ,1993,02,24,0.0,14.0,2.5
115052,RINCON_DE_LA_CRUZ,1993,02,25,4.2,15.0,3.5
115052,RINCON_DE_LA_CRUZ,1993,02,26,2.0,14.8,3.0
115052,RINCON_DE_LA_CRUZ,1993,02,27,3.5,14.0,3.5
115052,RINCON_DE_LA_CRUZ,1993,02,28,0.0,12.8,2.5
115052,RINCON_DE_LA_CRUZ,1993,03,01,14.5,13.0,3.2
115052,RINCON_DE_LA_CRUZ,1993,03,02,4.8,13.4,2.0
115052,RINCON_DE_LA_CRUZ,1993,03,03,1.0,13.0,2.8
115052,RINCON_DE_LA_CRUZ,1993,03,04,2.7,13.0,-999
115052,RINCON_DE_LA_CRUZ,1993,03,05,3.5,14.0,-999
115052,RINCON_DE_LA_CRUZ,1993,03,06,18.7,12.5,-999
115052,RINCON_DE_LA_CRUZ,1993,03,07,3.5,13.2,3.5
115052,RINCON_DE_LA_CRUZ,1993,03,08,5.2,14.0,3.0
115052,RINCON_DE_LA_CRUZ,1993,03,09,10.5,14.5,2.0
115052,RINCON_DE_LA_CRUZ,1993,03,10,2.0,14.2,2.2
115052,RINCON_DE_LA_CRUZ,1993,03,11,0.0,14.5,3.5
115052,RINCON_DE_LA_CRUZ,1993,03,12,0.0,15.0,3.8
115052,RINCON_DE_LA_CRUZ,1993,03,13,0.0,13.8,4.0
115052,RINCON_DE_LA_CRUZ,1993,03,14,0.0,14.8,5.0
115052,RINCON_DE_LA_CRUZ,1993,03,15,0.0,15.0,4.0
115052,RINCON_DE_LA_CRUZ,1993,03,16,1.0,14.0,5.0
115052,RINCON_DE_LA_CRUZ,1993,03,17,0.0,14.8,4.0
115052,RINCON_DE_LA_CRUZ,1993,03,18,5.0,14.2,5.0
115052,RINCON_DE_LA_CRUZ,1993,03,19,6.0,-999,3.8
115052,RINCON_DE_LA_CRUZ,1993,03,20,8.2,-999,3.0
115052,RINCON_DE_LA_CRUZ,1993,03,21,0.0,-999,4.0
115052,RINCON_DE_LA_CRUZ,1993,03,22,0.0,13.8,3.8
115052,RINCON_DE_LA_CRUZ,1993,03,23,6.0,14.5,3.0
115052,RINCON_DE_LA_CRUZ,1993,03,24,0.5,14.8,3.5
115052,RINCON_DE_LA_CRUZ,1993,03,25,0.0,15.2,4.0
115052,RINCON_DE_LA_CRUZ,1993,03,26,2.0,15.5,3.8
115052,RINCON_DE_LA_CRUZ,1993,03,27,3.5,13.8,3.0
115052,RINCON_DE_LA_CRUZ,1993,03,28,0.0,13.5,2.0
115052,RINCON_DE_LA_CRUZ,1993,03,29,7.0,14.0,3.8
115052,RINCON_DE_LA_CRUZ,1993,03,30,0.0,14.2,1.0
115052,RINCON_DE_LA_CRUZ,1993,03,31,3.5,14.5,2.5
115052,RINCON_DE_LA_CRUZ,1993,04,01,5.8,15.0,2.2
115052,RINCON_DE_LA_CRUZ,1993,04,02,0.0,15.0,2.0
115052,RINCON_DE_LA_CRUZ,1993,04,03,0.0,18.0,1.0
115052,RINCON_DE_LA_CRUZ,1993,04,04,0.0,17.5,1.5
115052,RINCON_DE_LA_CRUZ,1993,04,05,4.5,18.5,3.0
115052,RINCON_DE_LA_CRUZ,1993,04,06,3.0,15.0,4.0
115052,RINCON_DE_LA_CRUZ,1993,04,07,4.0,16.0,0.0
115052,RINCON_DE_LA_CRUZ,1993,04,08,3.0,17.5,1.5
115052,RINCON_DE_LA_CRUZ,1993,04,09,0.0,16.0,4.0
115052,RINCON_DE_LA_CRUZ,1993,04,10,0.0,18.0,2.5
115052,RINCON_DE_LA_CRUZ,1993,04,11,0.0,17.0,1.0
115052,RINCON_DE_LA_CRUZ,1993,04,12,1.0,18.0,0.0
115052,RINCON_DE_LA_CRUZ,1993,04,13,0.0,16.5,-1.0
115052,RINCON_DE_LA_CRUZ,1993,04,14,0.0,17.0,0.0
115052,RINCON_DE_LA_CRUZ,1993,04,15,2.0,16.5,-0.5
115052,RINCON_DE_LA_CRUZ,1993,04,16,1.0,13.0,0.0
115052,RINCON_DE_LA_CRUZ,1993,04,17,0.0,14.8,0.0
115052,RINCON_DE_LA_CRUZ,1993,04,18,1.1,16.5,1.0
115052,RINCON_DE_LA_CRUZ,1993,04,19,2.0,15.0,1.0
115052,RINCON_DE_LA_CRUZ,1993,04,20,0.0,16.8,2.5
115052,RINCON_DE_LA_CRUZ,1993,04,21,0.0,16.0,1.5
115052,RINCON_DE_LA_CRUZ,1993,04,22,0.0,16.2,-0.5
115052,RINCON_DE_LA_CRUZ,1993,04,23,0.0,15.8,0.0
115052,RINCON_DE_LA_CRUZ,1993,04,24,0.0,17.8,1.0
115052,RINCON_DE_LA_CRUZ,1993,04,25,0.0,18.0,1.2
115052,RINCON_DE_LA_CRUZ,1993,04,26,0.0,18.2,1.0
115052,RINCON_DE_LA_CRUZ,1993,04,27,0.0,17.0,0.0
115052,RINCON_DE_LA_CRUZ,1993,04,28,5.0,14.0,-0.5
115052,RINCON_DE_LA_CRUZ,1993,04,29,1.5,16.0,0.0
115052,RINCON_DE_LA_CRUZ,1993,04,30,3.5,11.0,-0.2
115052,RINCON_DE_LA_CRUZ,1993,05,01,2.5,14.0,0.0
115052,RINCON_DE_LA_CRUZ,1993,05,02,0.0,17.0,-0.2
115052,RINCON_DE_LA_CRUZ,1993,05,03,0.0,16.0,-2.0
115052,RINCON_DE_LA_CRUZ,1993,05,04,0.0,18.0,-3.0
115052,RINCON_DE_LA_CRUZ,1993,05,05,0.0,18.5,-1.8
115052,RINCON_DE_LA_CRUZ,1993,05,06,0.0,18.0,0.0
115052,RINCON_DE_LA_CRUZ,1993,05,07,1.0,17.5,-1.0
115052,RINCON_DE_LA_CRUZ,1993,05,08,0.5,15.0,1.5
115052,RINCON_DE_LA_CRUZ,1993,05,09,0.0,12.5,2.0
115052,RINCON_DE_LA_CRUZ,1993,05,10,0.0,16.0,0.5
115052,RINCON_DE_LA_CRUZ,1993,05,11,0.0,15.5,2.5
115052,RINCON_DE_LA_CRUZ,1993,05,12,0.0,16.5,0.5
115052,RINCON_DE_LA_CRUZ,1993,05,13,0.0,17.5,-0.8
115052,RINCON_DE_LA_CRUZ,1993,05,14,0.0,16.0,-1.0
115052,RINCON_DE_LA_CRUZ,1993,05,15,0.0,19.0,-2.0
115052,RINCON_DE_LA_CRUZ,1993,05,16,0.0,17.0,-5.0
115052,RINCON_DE_LA_CRUZ,1993,05,17,0.0,16.5,-2.0
115052,RINCON_DE_LA_CRUZ,1993,05,18,0.0,17.2,-3.0
115052,RINCON_DE_LA_CRUZ,1993,05,19,0.0,17.0,-1.0
115052,RINCON_DE_LA_CRUZ,1993,05,20,0.0,18.0,-2.0
115052,RINCON_DE_LA_CRUZ,1993,05,21,0.0,16.5,-1.0
115052,RINCON_DE_LA_CRUZ,1993,05,22,0.0,15.5,1.0
115052,RINCON_DE_LA_CRUZ,1993,05,23,0.0,16.5,-2.0
115052,RINCON_DE_LA_CRUZ,1993,05,24,0.0,14.0,0.0
115052,RINCON_DE_LA_CRUZ,1993,05,25,0.0,15.0,-2.0
115052,RINCON_DE_LA_CRUZ,1993,05,26,0.0,18.0,1.0
115052,RINCON_DE_LA_CRUZ,1993,05,27,-888,17.0,0.0
115052,RINCON_DE_LA_CRUZ,1993,05,28,2.5,15.0,3.0
115052,RINCON_DE_LA_CRUZ,1993,05,29,0.0,19.8,-1.8
115052,RINCON_DE_LA_CRUZ,1993,05,30,0.0,16.0,-6.5
115052,RINCON_DE_LA_CRUZ,1993,05,31,0.0,15.5,-5.0
115052,RINCON_DE_LA_CRUZ,1993,06,01,0.0,15.0,-9.0
115052,RINCON_DE_LA_CRUZ,1993,06,02,0.0,16.0,-2.0
115052,RINCON_DE_LA_CRUZ,1993,06,03,0.0,21.0,-5.0
115052,RINCON_DE_LA_CRUZ,1993,06,04,0.0,18.0,-10.5
115052,RINCON_DE_LA_CRUZ,1993,06,05,0.0,16.0,-10.0
115052,RINCON_DE_LA_CRUZ,1993,06,06,0.0,16.0,-7.5
115052,RINCON_DE_LA_CRUZ,1993,06,07,0.5,15.5,-5.0
115052,RINCON_DE_LA_CRUZ,1993,06,08,0.0,13.0,2.0
115052,RINCON_DE_LA_CRUZ,1993,06,09,0.0,12.8,-4.0
115052,RINCON_DE_LA_CRUZ,1993,06,10,0.0,14.5,-10.2
115052,RINCON_DE_LA_CRUZ,1993,06,11,0.0,16.0,-8.0
115052,RINCON_DE_LA_CRUZ,1993,06,12,0.0,16.8,-3.5
115052,RINCON_DE_LA_CRUZ,1993,06,13,0.0,16.0,-5.0
115052,RINCON_DE_LA_CRUZ,1993,06,14,0.0,15.8,-1.0
115052,RINCON_DE_LA_CRUZ,1993,06,15,-888,15.0,-5.0
115052,RINCON_DE_LA_CRUZ,1993,06,16,0.0,11.8,-6.0
115052,RINCON_DE_LA_CRUZ,1993,06,17,0.0,14.0,-5.8
115052,RINCON_DE_LA_CRUZ,1993,06,18,0.0,14.5,-8.0
115052,RINCON_DE_LA_CRUZ,1993,06,19,0.0,15.0,-5.0
115052,RINCON_DE_LA_CRUZ,1993,06,20,0.0,17.5,-4.5
115052,RINCON_DE_LA_CRUZ,1993,06,21,0.0,15.0,-3.0
115052,RINCON_DE_LA_CRUZ,1993,06,22,0.0,15.2,-5.5
115052,RINCON_DE_LA_CRUZ,1993,06,23,0.0,16.0,-2.5
115052,RINCON_DE_LA_CRUZ,1993,06,24,0.0,12.0,-4.5
115052,RINCON_DE_LA_CRUZ,1993,06,25,0.0,12.5,-7.0
115052,RINCON_DE_LA_CRUZ,1993,06,26,0.0,12.8,-5.5
115052,RINCON_DE_LA_CRUZ,1993,06,27,0.0,16.5,-9.5
115052,RINCON_DE_LA_CRUZ,1993,06,28,0.0,17.5,-10.5
115052,RINCON_DE_LA_CRUZ,1993,06,29,0.0,19.0,-8.0
115052,RINCON_DE_LA_CRUZ,1993,06,30,0.0,20.0,-8.5
115052,RINCON_DE_LA_CRUZ,1993,07,01,0.0,20.0,-5.0
115052,RINCON_DE_LA_CRUZ,1993,07,02,0.0,17.0,-1.0
115052,RINCON_DE_LA_CRUZ,1993,07,03,0.0,18.0,-4.8
115052,RINCON_DE_LA_CRUZ,1993,07,04,0.0,17.2,-5.0
115052,RINCON_DE_LA_CRUZ,1993,07,05,0.0,18.5,-1.5
115052,RINCON_DE_LA_CRUZ,1993,07,06,0.0,17.0,-3.0
115052,RINCON_DE_LA_CRUZ,1993,07,07,0.0,12.0,0.0
115052,RINCON_DE_LA_CRUZ,1993,07,08,0.0,14.0,-5.0
115052,RINCON_DE_LA_CRUZ,1993,07,09,0.0,13.5,-6.0
115052,RINCON_DE_LA_CRUZ,1993,07,10,0.0,12.8,-5.0
115052,RINCON_DE_LA_CRUZ,1993,07,11,0.0,12.0,-4.2
115052,RINCON_DE_LA_CRUZ,1993,07,12,0.0,15.0,-8.0
115052,RINCON_DE_LA_CRUZ,1993,07,13,0.0,17.8,-5.0
115052,RINCON_DE_LA_CRUZ,1993,07,14,0.0,17.0,-4.8
115052,RINCON_DE_LA_CRUZ,1993,07,15,0.0,16.0,-6.0
115052,RINCON_DE_LA_CRUZ,1993,07,16,0.0,17.0,-3.0
115052,RINCON_DE_LA_CRUZ,1993,07,17,0.0,16.0,-5.0
115052,RINCON_DE_LA_CRUZ,1993,07,18,0.0,13.0,-6.5
115052,RINCON_DE_LA_CRUZ,1993,07,19,0.0,14.0,-2.5
115052,RINCON_DE_LA_CRUZ,1993,07,20,0.0,15.0,-3.0
115052,RINCON_DE_LA_CRUZ,1993,07,21,0.0,14.8,-6.2
115052,RINCON_DE_LA_CRUZ,1993,07,22,0.0,14.0,-4.0
115052,RINCON_DE_LA_CRUZ,1993,07,23,0.0,15.0,-5.0
115052,RINCON_DE_LA_CRUZ,1993,07,24,0.0,15.5,-2.0
115052,RINCON_DE_LA_CRUZ,1993,07,25,0.0,17.0,-5.5
115052,RINCON_DE_LA_CRUZ,1993,07,26,0.0,18.5,-2.2
115052,RINCON_DE_LA_CRUZ,1993,07,27,0.0,15.0,-5.0
115052,RINCON_DE_LA_CRUZ,1993,07,28,0.0,13.0,-4.8
115052,RINCON_DE_LA_CRUZ,1993,07,29,0.0,14.0,-3.0
115052,RINCON_DE_LA_CRUZ,1993,07,30,0.0,15.0,-8.0
115052,RINCON_DE_LA_CRUZ,1993,07,31,0.0,18.0,0.0
115052,RINCON_DE_LA_CRUZ,1993,08,01,0.0,16.0,-8.0
115052,RINCON_DE_LA_CRUZ,1993,08,02,0.0,16.0,-5.0
115052,RINCON_DE_LA_CRUZ,1993,08,03,0.0,17.0,-6.8
115052,RINCON_DE_LA_CRUZ,1993,08,04,0.0,16.8,-5.0
115052,RINCON_DE_LA_CRUZ,1993,08,05,0.0,18.0,-7.0
115052,RINCON_DE_LA_CRUZ,1993,08,06,0.0,15.0,-5.5
115052,RINCON_DE_LA_CRUZ,1993,08,07,0.0,16.0,-6.0
115052,RINCON_DE_LA_CRUZ,1993,08,08,0.0,12.0,-5.0
115052,RINCON_DE_LA_CRUZ,1993,08,09,0.0,15.5,-3.0
115052,RINCON_DE_LA_CRUZ,1993,08,10,16.0,10.8,-2.0
115052,RINCON_DE_LA_CRUZ,1993,08,11,8.2,8.5,-1.0
115052,RINCON_DE_LA_CRUZ,1993,08,12,0.0,13.5,-5.0
115052,RINCON_DE_LA_CRUZ,1993,08,13,0.0,14.0,-3.5
115052,RINCON_DE_LA_CRUZ,1993,08,14,0.0,15.0,-8.5
115052,RINCON_DE_LA_CRUZ,1993,08,15,0.0,14.0,-5.0
115052,RINCON_DE_LA_CRUZ,1993,08,16,0.0,15.0,-3.0
115052,RINCON_DE_LA_CRUZ,1993,08,17,-888,12.0,-2.0
115052,RINCON_DE_LA_CRUZ,1993,08,18,10.0,14.0,-1.0
115052,RINCON_DE_LA_CRUZ,1993,08,19,3.7,11.0,-1.5
115052,RINCON_DE_LA_CRUZ,1993,08,20,0.0,16.2,0.0
115052,RINCON_DE_LA_CRUZ,1993,08,21,0.0,15.0,1.0
115052,RINCON_DE_LA_CRUZ,1993,08,22,0.0,18.0,-3.0
115052,RINCON_DE_LA_CRUZ,1993,08,23,0.0,14.0,-5.5
115052,RINCON_DE_LA_CRUZ,1993,08,24,0.0,16.0,-2.0
115052,RINCON_DE_LA_CRUZ,1993,08,25,0.0,19.0,-1.0
115052,RINCON_DE_LA_CRUZ,1993,08,26,0.0,18.5,-1.0
115052,RINCON_DE_LA_CRUZ,1993,08,27,0.0,19.0,2.0
115052,RINCON_DE_LA_CRUZ,1993,08,28,0.0,19.0,-2.0
115052,RINCON_DE_LA_CRUZ,1993,08,29,0.0,18.0,-1.8
115052,RINCON_DE_LA_CRUZ,1993,08,30,0.0,18.0,4.0
115052,RINCON_DE_LA_CRUZ,1993,08,31,0.0,16.5,2.0
115052,RINCON_DE_LA_CRUZ,1993,09,01,1.0,17.0,-3.5
115052,RINCON_DE_LA_CRUZ,1993,09,02,0.0,15.0,-3.0
115052,RINCON_DE_LA_CRUZ,1993,09,03,0.0,16.0,-1.0
115052,RINCON_DE_LA_CRUZ,1993,09,04,0.0,14.8,-5.0
115052,RINCON_DE_LA_CRUZ,1993,09,05,0.0,14.0,-1.0
115052,RINCON_DE_LA_CRUZ,1993,09,06,0.0,13.0,0.0
115052,RINCON_DE_LA_CRUZ,1993,09,07,0.0,19.0,-3.0
115052,RINCON_DE_LA_CRUZ,1993,09,08,0.0,18.0,1.0
115052,RINCON_DE_LA_CRUZ,1993,09,09,1.4,16.0,2.0
115052,RINCON_DE_LA_CRUZ,1993,09,10,0.0,15.0,1.0
115052,RINCON_DE_LA_CRUZ,1993,09,11,13.0,16.0,1.0
115052,RINCON_DE_LA_CRUZ,1993,09,12,0.0,14.5,0.0
115052,RINCON_DE_LA_CRUZ,1993,09,13,0.0,16.0,0.5
115052,RINCON_DE_LA_CRUZ,1993,09,14,0.0,18.0,0.0
115052,RINCON_DE_LA_CRUZ,1993,09,15,0.0,18.5,2.0
115052,RINCON_DE_LA_CRUZ,1993,09,16,0.0,19.0,3.0
115052,RINCON_DE_LA_CRUZ,1993,09,17,0.0,19.5,2.5
115052,RINCON_DE_LA_CRUZ,1993,09,18,0.4,20.0,3.0
115052,RINCON_DE_LA_CRUZ,1993,09,19,0.5,21.0,4.0
115052,RINCON_DE_LA_CRUZ,1993,09,20,0.8,15.0,3.0
115052,RINCON_DE_LA_CRUZ,1993,09,21,6.5,18.0,3.0
115052,RINCON_DE_LA_CRUZ,1993,09,22,0.0,18.5,5.0
115052,RINCON_DE_LA_CRUZ,1993,09,23,0.5,18.0,0.0
115052,RINCON_DE_LA_CRUZ,1993,09,24,3.4,19.2,4.0
115052,RINCON_DE_LA_CRUZ,1993,09,25,0.0,17.0,3.5
115052,RINCON_DE_LA_CRUZ,1993,09,26,0.0,18.0,1.0
115052,RINCON_DE_LA_CRUZ,1993,09,27,0.0,18.5,0.0
115052,RINCON_DE_LA_CRUZ,1993,09,28,0.0,17.2,0.0
115052,RINCON_DE_LA_CRUZ,1993,09,29,0.0,20.0,-1.0
115052,RINCON_DE_LA_CRUZ,1993,09,30,0.0,19.8,1.5
115052,RINCON_DE_LA_CRUZ,1993,10,01,0.0,20.0,0.0
115052,RINCON_DE_LA_CRUZ,1993,10,02,0.5,19.0,2.0
115052,RINCON_DE_LA_CRUZ,1993,10,03,0.0,20.0,3.5
115052,RINCON_DE_LA_CRUZ,1993,10,04,23.3,16.0,4.5
115052,RINCON_DE_LA_CRUZ,1993,10,05,0.0,16.5,3.8
115052,RINCON_DE_LA_CRUZ,1993,10,06,0.0,12.5,3.0
115052,RINCON_DE_LA_CRUZ,1993,10,07,11.5,13.0,3.5
115052,RINCON_DE_LA_CRUZ,1993,10,08,1.0,15.0,1.0
115052,RINCON_DE_LA_CRUZ,1993,10,09,2.8,16.5,2.5
115052,RINCON_DE_LA_CRUZ,1993,10,10,0.0,13.0,2.8
115052,RINCON_DE_LA_CRUZ,1993,10,11,0.5,14.2,2.5
115052,RINCON_DE_LA_CRUZ,1993,10,12,0.0,15.8,3.0
115052,RINCON_DE_LA_CRUZ,1993,10,13,0.4,14.5,4.2
115052,RINCON_DE_LA_CRUZ,1993,10,14,0.0,16.5,3.8
115052,RINCON_DE_LA_CRUZ,1993,10,15,0.0,16.0,4.0
115052,RINCON_DE_LA_CRUZ,1993,10,16,0.0,15.4,4.5
115052,RINCON_DE_LA_CRUZ,1993,10,17,0.2,17.0,2.5
115052,RINCON_DE_LA_CRUZ,1993,10,18,1.0,18.5,4.0
115052,RINCON_DE_LA_CRUZ,1993,10,19,0.0,15.0,6.0
115052,RINCON_DE_LA_CRUZ,1993,10,20,1.4,14.5,5.0
115052,RINCON_DE_LA_CRUZ,1993,10,21,0.0,16.5,5.8
115052,RINCON_DE_LA_CRUZ,1993,10,22,0.0,17.5,2.0
115052,RINCON_DE_LA_CRUZ,1993,10,23,0.0,18.4,4.0
115052,RINCON_DE_LA_CRUZ,1993,10,24,0.0,17.8,5.5
115052,RINCON_DE_LA_CRUZ,1993,10,25,0.0,16.0,6.0
115052,RINCON_DE_LA_CRUZ,1993,10,26,4.2,15.5,5.0
115052,RINCON_DE_LA_CRUZ,1993,10,27,0.0,16.8,5.8
115052,RINCON_DE_LA_CRUZ,1993,10,28,0.0,17.4,6.0
115052,RINCON_DE_LA_CRUZ,1993,10,29,3.5,18.0,5.0
115052,RINCON_DE_LA_CRUZ,1993,10,30,0.8,17.4,4.8
115052,RINCON_DE_LA_CRUZ,1993,10,31,0.0,15.6,2.0
115052,RINCON_DE_LA_CRUZ,1993,11,01,2.5,16.2,3.0
115052,RINCON_DE_LA_CRUZ,1993,11,02,0.0,16.0,6.0
115052,RINCON_DE_LA_CRUZ,1993,11,03,0.0,15.5,4.0
115052,RINCON_DE_LA_CRUZ,1993,11,04,0.0,17.0,5.8
115052,RINCON_DE_LA_CRUZ,1993,11,05,0.0,16.8,6.5
115052,RINCON_DE_LA_CRUZ,1993,11,06,0.2,18.0,4.0
115052,RINCON_DE_LA_CRUZ,1993,11,07,18.5,19.2,5.0
115052,RINCON_DE_LA_CRUZ,1993,11,08,2.8,12.0,1.0
115052,RINCON_DE_LA_CRUZ,1993,11,09,17.2,17.0,4.0
115052,RINCON_DE_LA_CRUZ,1993,11,10,2.6,16.8,2.5
115052,RINCON_DE_LA_CRUZ,1993,11,11,6.0,15.0,4.0
115052,RINCON_DE_LA_CRUZ,1993,11,12,0.0,14.0,2.5
115052,RINCON_DE_LA_CRUZ,1993,11,13,10.5,15.0,4.0
115052,RINCON_DE_LA_CRUZ,1993,11,14,1.8,11.0,5.0
115052,RINCON_DE_LA_CRUZ,1993,11,15,0.0,13.5,2.8
115052,RINCON_DE_LA_CRUZ,1993,11,16,4.0,19.0,4.0
115052,RINCON_DE_LA_CRUZ,1993,11,17,0.2,17.5,5.0
115052,RINCON_DE_LA_CRUZ,1993,11,18,2.5,18.8,3.8
115052,RINCON_DE_LA_CRUZ,1993,11,19,0.0,19.8,4.0
115052,RINCON_DE_LA_CRUZ,1993,11,20,0.0,20.0,5.0
115052,RINCON_DE_LA_CRUZ,1993,11,21,0.0,20.0,4.0
115052,RINCON_DE_LA_CRUZ,1993,11,22,0.0,13.5,4.0
115052,RINCON_DE_LA_CRUZ,1993,11,23,0.0,14.0,3.0
115052,RINCON_DE_LA_CRUZ,1993,11,24,0.0,18.0,5.2
115052,RINCON_DE_LA_CRUZ,1993,11,25,4.5,19.8,6.0
115052,RINCON_DE_LA_CRUZ,1993,11,26,5.2,18.5,4.8
115052,RINCON_DE_LA_CRUZ,1993,11,27,3.9,16.0,5.2
115052,RINCON_DE_LA_CRUZ,1993,11,28,0.0,18.0,2.5
115052,RINCON_DE_LA_CRUZ,1993,11,29,0.0,15.0,5.0
115052,RINCON_DE_LA_CRUZ,1993,11,30,0.0,19.8,4.8
115052,RINCON_DE_LA_CRUZ,1993,12,01,4.1,20.0,4.8
115052,RINCON_DE_LA_CRUZ,1993,12,02,2.0,15.8,5.5
115052,RINCON_DE_LA_CRUZ,1993,12,03,-888,18.0,4.0
115052,RINCON_DE_LA_CRUZ,1993,12,04,5.2,16.0,3.0
115052,RINCON_DE_LA_CRUZ,1993,12,05,2.4,18.0,5.0
115052,RINCON_DE_LA_CRUZ,1993,12,06,0.0,18.5,2.0
115052,RINCON_DE_LA_CRUZ,1993,12,07,0.0,17.0,6.0
115052,RINCON_DE_LA_CRUZ,1993,12,08,10.2,12.0,5.5
115052,RINCON_DE_LA_CRUZ,1993,12,09,3.5,17.0,6.0
115052,RINCON_DE_LA_CRUZ,1993,12,10,0.0,18.0,6.0
115052,RINCON_DE_LA_CRUZ,1993,12,11,9.4,17.0,6.2
115052,RINCON_DE_LA_CRUZ,1993,12,12,5.5,15.4,5.8
115052,RINCON_DE_LA_CRUZ,1993,12,13,0.0,17.2,6.0
115052,RINCON_DE_LA_CRUZ,1993,12,14,0.0,16.8,6.5
115052,RINCON_DE_LA_CRUZ,1993,12,15,1.5,18.0,5.0
115052,RINCON_DE_LA_CRUZ,1993,12,16,-888,15.0,5.0
115052,RINCON_DE_LA_CRUZ,1993,12,17,2.0,18.0,4.8
115052,RINCON_DE_LA_CRUZ,1993,12,18,0.0,18.0,4.0
115052,RINCON_DE_LA_CRUZ,1993,12,19,0.0,17.0,3.8
115052,RINCON_DE_LA_CRUZ,1993,12,20,0.0,18.0,4.0
115052,RINCON_DE_LA_CRUZ,1993,12,21,0.0,17.0,6.0
115052,RINCON_DE_LA_CRUZ,1993,12,22,0.0,20.0,3.5
115052,RINCON_DE_LA_CRUZ,1993,12,23,0.0,18.0,6.0
115052,RINCON_DE_LA_CRUZ,1993,12,24,2.0,18.8,5.0
115052,RINCON_DE_LA_CRUZ,1993,12,25,0.2,18.0,3.0
115052,RINCON_DE_LA_CRUZ,1993,12,26,2.8,17.5,5.0
115052,RINCON_DE_LA_CRUZ,1993,12,27,13.0,18.5,5.0
115052,RINCON_DE_LA_CRUZ,1993,12,28,0.0,19.0,1.0
115052,RINCON_DE_LA_CRUZ,1993,12,29,4.9,20.0,4.8
115052,RINCON_DE_LA_CRUZ,1993,12,30,1.2,12.5,3.0
115052,RINCON_DE_LA_CRUZ,1993,12,31,1.0,15.0,5.5
115052,RINCON_DE_LA_CRUZ,1994,01,01,0.0,18.0,6.5
115052,RINCON_DE_LA_CRUZ,1994,01,02,0.5,18.0,5.0
115052,RINCON_DE_LA_CRUZ,1994,01,03,0.1,14.0,2.8
115052,RINCON_DE_LA_CRUZ,1994,01,04,0.2,13.5,2.2
115052,RINCON_DE_LA_CRUZ,1994,01,05,1.2,13.0,2.0
115052,RINCON_DE_LA_CRUZ,1994,01,06,0.0,14.8,3.0
115052,RINCON_DE_LA_CRUZ,1994,01,07,1.5,16.2,5.0
115052,RINCON_DE_LA_CRUZ,1994,01,08,11.5,16.4,5.0
115052,RINCON_DE_LA_CRUZ,1994,01,09,18.5,12.0,4.0
115052,RINCON_DE_LA_CRUZ,1994,01,10,0.0,13.0,2.0
115052,RINCON_DE_LA_CRUZ,1994,01,11,0.0,16.0,1.8
115052,RINCON_DE_LA_CRUZ,1994,01,12,0.0,16.5,1.0
115052,RINCON_DE_LA_CRUZ,1994,01,13,0.0,16.0,0.0
115052,RINCON_DE_LA_CRUZ,1994,01,14,7.0,17.8,0.0
115052,RINCON_DE_LA_CRUZ,1994,01,15,1.0,18.0,1.0
115052,RINCON_DE_LA_CRUZ,1994,01,16,2.0,15.5,4.0
115052,RINCON_DE_LA_CRUZ,1994,01,17,2.0,17.0,2.4
115052,RINCON_DE_LA_CRUZ,1994,01,18,5.0,18.0,4.8
115052,RINCON_DE_LA_CRUZ,1994,01,19,8.0,13.0,4.0
115052,RINCON_DE_LA_CRUZ,1994,01,20,6.8,15.0,5.0
115052,RINCON_DE_LA_CRUZ,1994,01,21,0.2,16.5,6.0
115052,RINCON_DE_LA_CRUZ,1994,01,22,6.0,13.8,1.0
115052,RINCON_DE_LA_CRUZ,1994,01,23,18.5,14.0,5.0
115052,RINCON_DE_LA_CRUZ,1994,01,24,0.0,14.0,4.0
115052,RINCON_DE_LA_CRUZ,1994,01,25,0.0,14.2,6.0
115052,RINCON_DE_LA_CRUZ,1994,01,26,8.4,15.0,4.8
115052,RINCON_DE_LA_CRUZ,1994,01,27,9.5,10.0,5.0
115052,RINCON_DE_LA_CRUZ,1994,01,28,5.8,17.0,6.0
115052,RINCON_DE_LA_CRUZ,1994,01,29,3.0,17.2,5.0
115052,RINCON_DE_LA_CRUZ,1994,01,30,0.2,15.0,5.0
115052,RINCON_DE_LA_CRUZ,1994,01,31,0.5,16.5,5.2
115052,RINCON_DE_LA_CRUZ,1994,02,01,4.5,16.0,3.8
115052,RINCON_DE_LA_CRUZ,1994,02,02,5.0,16.2,3.6
115052,RINCON_DE_LA_CRUZ,1994,02,03,10.5,11.0,2.0
115052,RINCON_DE_LA_CRUZ,1994,02,04,16.8,15.5,3.0
115052,RINCON_DE_LA_CRUZ,1994,02,05,2.5,12.0,2.0
115052,RINCON_DE_LA_CRUZ,1994,02,06,5.0,15.0,2.0
115052,RINCON_DE_LA_CRUZ,1994,02,07,0.2,15.0,3.8
115052,RINCON_DE_LA_CRUZ,1994,02,08,4.0,17.0,4.0
115052,RINCON_DE_LA_CRUZ,1994,02,09,10.5,13.0,5.0
115052,RINCON_DE_LA_CRUZ,1994,02,10,7.0,13.0,4.0
115052,RINCON_DE_LA_CRUZ,1994,02,11,8.9,11.0,4.0
115052,RINCON_DE_LA_CRUZ,1994,02,12,5.8,14.0,3.8
115052,RINCON_DE_LA_CRUZ,1994,02,13,1.2,14.0,4.0
115052,RINCON_DE_LA_CRUZ,1994,02,14,0.0,14.5,3.6
115052,RINCON_DE_LA_CRUZ,1994,02,15,5.0,14.0,3.0
115052,RINCON_DE_LA_CRUZ,1994,02,16,2.5,15.5,4.6
115052,RINCON_DE_LA_CRUZ,1994,02,17,10.0,14.0,5.0
115052,RINCON_DE_LA_CRUZ,1994,02,18,0.5,12.5,4.2
115052,RINCON_DE_LA_CRUZ,1994,02,19,2.2,15.0,4.0
115052,RINCON_DE_LA_CRUZ,1994,02,20,0.0,17.0,6.0
115052,RINCON_DE_LA_CRUZ,1994,02,21,0.0,18.5,5.0
115052,RINCON_DE_LA_CRUZ,1994,02,22,0.0,18.0,3.0
115052,RINCON_DE_LA_CRUZ,1994,02,23,0.0,17.0,1.5
115052,RINCON_DE_LA_CRUZ,1994,02,24,0.5,18.0,4.0
115052,RINCON_DE_LA_CRUZ,1994,02,25,0.0,17.5,4.2
115052,RINCON_DE_LA_CRUZ,1994,02,26,0.0,15.0,1.2
115052,RINCON_DE_LA_CRUZ,1994,02,27,0.6,16.4,3.5
115052,RINCON_DE_LA_CRUZ,1994,02,28,0.0,17.5,3.0
115052,RINCON_DE_LA_CRUZ,1994,03,01,0.2,15.0,5.0
115052,RINCON_DE_LA_CRUZ,1994,03,02,0.0,14.0,4.0
115052,RINCON_DE_LA_CRUZ,1994,03,03,1.0,17.0,6.0
115052,RINCON_DE_LA_CRUZ,1994,03,04,1.5,15.5,4.8
115052,RINCON_DE_LA_CRUZ,1994,03,05,0.0,15.0,6.8
115052,RINCON_DE_LA_CRUZ,1994,03,06,0.0,15.8,3.0
115052,RINCON_DE_LA_CRUZ,1994,03,07,0.0,14.0,2.0
115052,RINCON_DE_LA_CRUZ,1994,03,08,4.5,14.0,4.5
115052,RINCON_DE_LA_CRUZ,1994,03,09,2.0,14.8,5.0
115052,RINCON_DE_LA_CRUZ,1994,03,10,8.4,16.8,6.0
115052,RINCON_DE_LA_CRUZ,1994,03,11,0.0,16.0,6.0
115052,RINCON_DE_LA_CRUZ,1994,03,12,0.0,14.8,1.8
115052,RINCON_DE_LA_CRUZ,1994,03,13,0.0,12.0,2.0
115052,RINCON_DE_LA_CRUZ,1994,03,14,0.0,13.0,1.0
115052,RINCON_DE_LA_CRUZ,1994,03,15,0.0,13.5,3.0
115052,RINCON_DE_LA_CRUZ,1994,03,16,2.0,11.0,5.0
115052,RINCON_DE_LA_CRUZ,1994,03,17,0.0,12.5,3.0
115052,RINCON_DE_LA_CRUZ,1994,03,18,1.8,12.0,5.0
115052,RINCON_DE_LA_CRUZ,1994,03,19,0.0,13.8,4.5
115052,RINCON_DE_LA_CRUZ,1994,03,20,0.8,13.5,4.0
115052,RINCON_DE_LA_CRUZ,1994,03,21,5.0,12.0,4.8
115052,RINCON_DE_LA_CRUZ,1994,03,22,8.0,11.0,3.2
115052,RINCON_DE_LA_CRUZ,1994,03,23,5.8,13.5,3.0
115052,RINCON_DE_LA_CRUZ,1994,03,24,7.0,14.0,4.0
115052,RINCON_DE_LA_CRUZ,1994,03,25,14.5,13.0,4.0
115052,RINCON_DE_LA_CRUZ,1994,03,26,0.0,11.2,3.5
115052,RINCON_DE_LA_CRUZ,1994,03,27,8.2,10.5,3.0
115052,RINCON_DE_LA_CRUZ,1994,03,28,8.2,13.2,4.0
115052,RINCON_DE_LA_CRUZ,1994,03,29,0.0,14.0,3.2
115052,RINCON_DE_LA_CRUZ,1994,03,30,0.0,15.5,1.0
115052,RINCON_DE_LA_CRUZ,1994,03,31,1.8,16.5,2.0
115052,RINCON_DE_LA_CRUZ,1994,04,01,0.0,17.0,5.0
115052,RINCON_DE_LA_CRUZ,1994,04,02,2.5,16.2,2.0
115052,RINCON_DE_LA_CRUZ,1994,04,03,1.0,15.5,4.0
115052,RINCON_DE_LA_CRUZ,1994,04,04,0.0,15.0,3.0
115052,RINCON_DE_LA_CRUZ,1994,04,05,0.0,16.8,5.0
115052,RINCON_DE_LA_CRUZ,1994,04,06,0.0,17.0,5.0
115052,RINCON_DE_LA_CRUZ,1994,04,07,0.0,17.8,6.0
115052,RINCON_DE_LA_CRUZ,1994,04,08,0.0,16.5,3.0
115052,RINCON_DE_LA_CRUZ,1994,04,09,14.2,17.5,4.2
115052,RINCON_DE_LA_CRUZ,1994,04,10,6.4,14.5,2.0
115052,RINCON_DE_LA_CRUZ,1994,04,11,12.8,12.6,4.8
115052,RINCON_DE_LA_CRUZ,1994,04,12,10.5,14.0,1.8
115052,RINCON_DE_LA_CRUZ,1994,04,13,4.8,13.0,4.2
115052,RINCON_DE_LA_CRUZ,1994,04,14,4.5,11.5,4.0
115052,RINCON_DE_LA_CRUZ,1994,04,15,2.5,13.8,1.8
115052,RINCON_DE_LA_CRUZ,1994,04,16,5.8,14.0,2.0
115052,RINCON_DE_LA_CRUZ,1994,04,17,0.0,15.0,1.8
115052,RINCON_DE_LA_CRUZ,1994,04,18,0.0,13.5,3.0
115052,RINCON_DE_LA_CRUZ,1994,04,19,10.4,16.0,2.5
115052,RINCON_DE_LA_CRUZ,1994,04,20,0.0,13.5,3.0
115052,RINCON_DE_LA_CRUZ,1994,04,21,0.0,15.8,2.0
115052,RINCON_DE_LA_CRUZ,1994,04,22,1.5,16.2,4.0
115052,RINCON_DE_LA_CRUZ,1994,04,23,0.0,14.8,3.0
115052,RINCON_DE_LA_CRUZ,1994,04,24,0.0,15.8,4.0
115052,RINCON_DE_LA_CRUZ,1994,04,25,0.0,17.5,2.5
115052,RINCON_DE_LA_CRUZ,1994,04,26,0.0,16.6,3.8
115052,RINCON_DE_LA_CRUZ,1994,04,27,0.0,16.5,4.0
115052,RINCON_DE_LA_CRUZ,1994,04,28,1.0,13.5,1.8
115052,RINCON_DE_LA_CRUZ,1994,04,29,6.5,12.0,4.0
115052,RINCON_DE_LA_CRUZ,1994,04,30,0.0,14.8,1.5
115052,RINCON_DE_LA_CRUZ,1994,05,01,0.0,16.0,2.5
115052,RINCON_DE_LA_CRUZ,1994,05,02,0.0,13.2,2.8
115052,RINCON_DE_LA_CRUZ,1994,05,03,0.0,14.0,2.6
115052,RINCON_DE_LA_CRUZ,1994,05,04,0.0,12.2,2.8
115052,RINCON_DE_LA_CRUZ,1994,05,05,15.8,13.5,3.0
115052,RINCON_DE_LA_CRUZ,1994,05,06,2.0,12.2,2.8
115052,RINCON_DE_LA_CRUZ,1994,05,07,0.0,16.0,4.0
115052,RINCON_DE_LA_CRUZ,1994,05,08,0.0,13.5,4.0
115052,RINCON_DE_LA_CRUZ,1994,05,09,0.0,11.5,3.8
115052,RINCON_DE_LA_CRUZ,1994,05,10,0.0,9.5,1.0
115052,RINCON_DE_LA_CRUZ,1994,05,11,0.0,11.0,1.5
115052,RINCON_DE_LA_CRUZ,1994,05,12,0.0,11.4,-0.8
115052,RINCON_DE_LA_CRUZ,1994,05,13,0.0,12.5,-1.5
115052,RINCON_DE_LA_CRUZ,1994,05,14,0.0,13.5,1.0
115052,RINCON_DE_LA_CRUZ,1994,05,15,0.0,13.0,1.8
115052,RINCON_DE_LA_CRUZ,1994,05,16,0.0,13.0,1.2
115052,RINCON_DE_LA_CRUZ,1994,05,17,0.0,12.8,0.5
115052,RINCON_DE_LA_CRUZ,1994,05,18,0.0,12.5,2.2
115052,RINCON_DE_LA_CRUZ,1994,05,19,0.0,12.2,1.5
115052,RINCON_DE_LA_CRUZ,1994,05,20,0.0,13.5,2.0
115052,RINCON_DE_LA_CRUZ,1994,05,21,0.0,13.0,3.0
115052,RINCON_DE_LA_CRUZ,1994,05,22,0.0,13.8,3.0
115052,RINCON_DE_LA_CRUZ,1994,05,23,0.0,13.5,3.5
115052,RINCON_DE_LA_CRUZ,1994,05,24,0.0,13.8,1.8
115052,RINCON_DE_LA_CRUZ,1994,05,25,0.0,14.4,-1.5
115052,RINCON_DE_LA_CRUZ,1994,05,26,0.0,14.0,2.0
115052,RINCON_DE_LA_CRUZ,1994,05,27,0.0,12.0,1.0
115052,RINCON_DE_LA_CRUZ,1994,05,28,0.0,12.2,-2.0
115052,RINCON_DE_LA_CRUZ,1994,05,29,0.0,12.5,-0.8
115052,RINCON_DE_LA_CRUZ,1994,05,30,0.0,13.0,1.5
115052,RINCON_DE_LA_CRUZ,1994,05,31,0.0,13.3,-1.5
115052,RINCON_DE_LA_CRUZ,1994,06,01,0.0,12.8,-1.5
115052,RINCON_DE_LA_CRUZ,1994,06,02,0.0,13.0,1.0
115052,RINCON_DE_LA_CRUZ,1994,06,03,0.0,13.5,-0.5
115052,RINCON_DE_LA_CRUZ,1994,06,04,0.0,12.5,-0.5
115052,RINCON_DE_LA_CRUZ,1994,06,05,0.0,14.0,-1.5
115052,RINCON_DE_LA_CRUZ,1994,06,06,0.0,12.5,-1.8
115052,RINCON_DE_LA_CRUZ,1994,06,07,0.0,12.0,2.8
115052,RINCON_DE_LA_CRUZ,1994,06,08,0.0,12.0,-1.5
115052,RINCON_DE_LA_CRUZ,1994,06,09,0.0,11.8,1.0
115052,RINCON_DE_LA_CRUZ,1994,06,10,0.0,10.5,-1.3
115052,RINCON_DE_LA_CRUZ,1994,06,11,0.0,11.8,-1.2
115052,RINCON_DE_LA_CRUZ,1994,06,12,0.4,13.0,3.8
115052,RINCON_DE_LA_CRUZ,1994,06,13,0.0,11.8,-1.5
115052,RINCON_DE_LA_CRUZ,1994,06,14,0.0,12.5,0.0
115052,RINCON_DE_LA_CRUZ,1994,06,15,0.0,13.0,-1.2
115052,RINCON_DE_LA_CRUZ,1994,06,16,0.0,12.5,2.8
115052,RINCON_DE_LA_CRUZ,1994,06,17,0.0,12.0,0.0
115052,RINCON_DE_LA_CRUZ,1994,06,18,-888,11.2,1.0
115052,RINCON_DE_LA_CRUZ,1994,06,19,-888,11.5,1.5
115052,RINCON_DE_LA_CRUZ,1994,06,20,0.0,12.8,-2.2
115052,RINCON_DE_LA_CRUZ,1994,06,21,0.0,10.5,-3.6
115052,RINCON_DE_LA_CRUZ,1994,06,22,0.0,10.0,-5.2
115052,RINCON_DE_LA_CRUZ,1994,06,23,0.0,14.5,-1.5
115052,RINCON_DE_LA_CRUZ,1994,06,24,0.0,9.0,-3.0
115052,RINCON_DE_LA_CRUZ,1994,06,25,0.0,11.8,-4.0
115052,RINCON_DE_LA_CRUZ,1994,06,26,0.0,12.0,-3.0
115052,RINCON_DE_LA_CRUZ,1994,06,27,0.0,9.8,-1.5
115052,RINCON_DE_LA_CRUZ,1994,06,28,0.0,11.5,-0.5
115052,RINCON_DE_LA_CRUZ,1994,06,29,0.0,12.0,-1.5
115052,RINCON_DE_LA_CRUZ,1994,06,30,0.1,13.0,-3.0
115052,RINCON_DE_LA_CRUZ,1994,07,01,0.0,11.8,-0.8
115052,RINCON_DE_LA_CRUZ,1994,07,02,0.0,9.5,-2.8
115052,RINCON_DE_LA_CRUZ,1994,07,03,0.0,11.5,0.8
115052,RINCON_DE_LA_CRUZ,1994,07,04,0.0,10.5,1.0
115052,RINCON_DE_LA_CRUZ,1994,07,05,0.0,12.8,0.6
115052,RINCON_DE_LA_CRUZ,1994,07,06,0.0,12.5,-2.8
115052,RINCON_DE_LA_CRUZ,1994,07,07,0.0,12.0,-2.0
115052,RINCON_DE_LA_CRUZ,1994,07,08,0.0,10.5,-0.8
115052,RINCON_DE_LA_CRUZ,1994,07,09,0.0,11.5,-1.5
115052,RINCON_DE_LA_CRUZ,1994,07,10,0.0,13.0,-0.2
115052,RINCON_DE_LA_CRUZ,1994,07,11,0.0,12.8,1.0
115052,RINCON_DE_LA_CRUZ,1994,07,12,0.0,12.5,1.5
115052,RINCON_DE_LA_CRUZ,1994,07,13,0.0,13.0,0.8
115052,RINCON_DE_LA_CRUZ,1994,07,14,0.0,13.0,2.0
115052,RINCON_DE_LA_CRUZ,1994,07,15,0.0,11.8,0.8
115052,RINCON_DE_LA_CRUZ,1994,07,16,0.0,11.5,-3.0
115052,RINCON_DE_LA_CRUZ,1994,07,17,0.0,11.0,0.0
115052,RINCON_DE_LA_CRUZ,1994,07,18,0.0,12.2,1.8
115052,RINCON_DE_LA_CRUZ,1994,07,19,0.0,12.5,-2.0
115052,RINCON_DE_LA_CRUZ,1994,07,20,0.0,14.0,-1.8
115052,RINCON_DE_LA_CRUZ,1994,07,21,0.0,13.5,-2.2
115052,RINCON_DE_LA_CRUZ,1994,07,22,0.0,12.5,-2.0
115052,RINCON_DE_LA_CRUZ,1994,07,23,0.0,13.0,-0.5
115052,RINCON_DE_LA_CRUZ,1994,07,24,0.0,13.0,-2.0
115052,RINCON_DE_LA_CRUZ,1994,07,25,0.0,12.0,-1.0
115052,RINCON_DE_LA_CRUZ,1994,07,26,0.0,12.5,-6.0
115052,RINCON_DE_LA_CRUZ,1994,07,27,0.0,13.0,-7.0
115052,RINCON_DE_LA_CRUZ,1994,07,28,0.0,13.2,-1.0
115052,RINCON_DE_LA_CRUZ,1994,07,29,0.0,13.5,0.5
115052,RINCON_DE_LA_CRUZ,1994,07,30,0.0,14.0,0.8
115052,RINCON_DE_LA_CRUZ,1994,07,31,0.0,13.5,-1.0
115052,RINCON_DE_LA_CRUZ,1994,08,01,0.0,12.5,2.0
115052,RINCON_DE_LA_CRUZ,1994,08,02,0.0,14.0,-1.5
115052,RINCON_DE_LA_CRUZ,1994,08,03,0.0,13.5,0.8
115052,RINCON_DE_LA_CRUZ,1994,08,04,0.0,-999,1.2
115052,RINCON_DE_LA_CRUZ,1994,08,05,0.0,-999,1.0
115052,RINCON_DE_LA_CRUZ,1994,08,06,0.0,-999,2.0
115052,RINCON_DE_LA_CRUZ,1994,08,07,0.0,14.0,1.8
115052,RINCON_DE_LA_CRUZ,1994,08,08,0.0,15.0,-1.5
115052,RINCON_DE_LA_CRUZ,1994,08,09,0.0,14.0,-6.5
115052,RINCON_DE_LA_CRUZ,1994,08,10,0.0,10.0,-7.0
115052,RINCON_DE_LA_CRUZ,1994,08,11,0.0,11.0,-5.0
115052,RINCON_DE_LA_CRUZ,1994,08,12,0.0,12.5,-5.0
115052,RINCON_DE_LA_CRUZ,1994,08,13,0.0,14.0,-8.0
115052,RINCON_DE_LA_CRUZ,1994,08,14,0.0,16.0,-1.0
115052,RINCON_DE_LA_CRUZ,1994,08,15,0.0,12.5,-2.0
115052,RINCON_DE_LA_CRUZ,1994,08,16,0.0,-999,1.0
115052,RINCON_DE_LA_CRUZ,1994,08,17,0.0,-999,0.8
115052,RINCON_DE_LA_CRUZ,1994,08,18,0.0,-999,1.8
115052,RINCON_DE_LA_CRUZ,1994,08,19,0.0,14.5,1.2
115052,RINCON_DE_LA_CRUZ,1994,08,20,0.0,15.0,2.0
115052,RINCON_DE_LA_CRUZ,1994,08,21,0.0,15.0,0.0
115052,RINCON_DE_LA_CRUZ,1994,08,22,0.0,15.5,0.5
115052,RINCON_DE_LA_CRUZ,1994,08,23,0.0,14.0,0.8
115052,RINCON_DE_LA_CRUZ,1994,08,24,0.0,15.0,-1.8
115052,RINCON_DE_LA_CRUZ,1994,08,25,0.0,15.5,2.0
115052,RINCON_DE_LA_CRUZ,1994,08,26,0.0,15.0,3.0
115052,RINCON_DE_LA_CRUZ,1994,08,27,0.0,14.2,0.5
115052,RINCON_DE_LA_CRUZ,1994,08,28,0.0,14.8,1.8
115052,RINCON_DE_LA_CRUZ,1994,08,29,0.0,15.0,3.0
115052,RINCON_DE_LA_CRUZ,1994,08,30,0.0,14.0,3.0
115052,RINCON_DE_LA_CRUZ,1994,08,31,0.5,15.0,2.0
115052,RINCON_DE_LA_CRUZ,1994,09,01,0.0,11.0,3.8
115052,RINCON_DE_LA_CRUZ,1994,09,02,0.0,13.0,2.5
115052,RINCON_DE_LA_CRUZ,1994,09,03,0.0,14.0,4.0
115052,RINCON_DE_LA_CRUZ,1994,09,04,0.6,14.1,2.8
115052,RINCON_DE_LA_CRUZ,1994,09,05,0.0,14.5,1.2
115052,RINCON_DE_LA_CRUZ,1994,09,06,0.0,14.0,1.8
115052,RINCON_DE_LA_CRUZ,1994,09,07,0.0,14.5,3.5
115052,RINCON_DE_LA_CRUZ,1994,09,08,0.0,12.5,2.0
115052,RINCON_DE_LA_CRUZ,1994,09,09,0.0,13.2,2.0
115052,RINCON_DE_LA_CRUZ,1994,09,10,0.0,14.0,0.5
115052,RINCON_DE_LA_CRUZ,1994,09,11,0.0,15.0,0.5
115052,RINCON_DE_LA_CRUZ,1994,09,12,0.0,15.8,3.0
115052,RINCON_DE_LA_CRUZ,1994,09,13,0.0,15.5,0.0
115052,RINCON_DE_LA_CRUZ,1994,09,14,0.0,14.5,3.8
115052,RINCON_DE_LA_CRUZ,1994,09,15,0.0,14.0,0.5
115052,RINCON_DE_LA_CRUZ,1994,09,16,0.0,13.2,2.0
115052,RINCON_DE_LA_CRUZ,1994,09,17,0.0,13.0,2.8
115052,RINCON_DE_LA_CRUZ,1994,09,18,0.0,13.5,1.5
115052,RINCON_DE_LA_CRUZ,1994,09,19,0.0,-999,1.0
115052,RINCON_DE_LA_CRUZ,1994,09,20,0.0,-999,-999
115052,RINCON_DE_LA_CRUZ,1994,09,21,0.0,-999,1.8
115052,RINCON_DE_LA_CRUZ,1994,09,22,0.0,-999,3.8
115052,RINCON_DE_LA_CRUZ,1994,09,23,0.0,-999,3.5
115052,RINCON_DE_LA_CRUZ,1994,09,24,0.0,12.5,-999
115052,RINCON_DE_LA_CRUZ,1994,09,25,0.5,13.0,3.0
115052,RINCON_DE_LA_CRUZ,1994,09,26,0.0,-999,4.2
115052,RINCON_DE_LA_CRUZ,1994,09,27,0.0,-999,-999
115052,RINCON_DE_LA_CRUZ,1994,09,28,0.0,-999,-999
115052,RINCON_DE_LA_CRUZ,1994,09,29,0.0,-999,-999
115052,RINCON_DE_LA_CRUZ,1994,09,30,0.5,-999,1.5
115052,RINCON_DE_LA_CRUZ,1994,10,01,0.0,12.0,-1.0
115052,RINCON_DE_LA_CRUZ,1994,10,02,0.0,15.0,-0.6
115052,RINCON_DE_LA_CRUZ,1994,10,03,0.0,13.5,0.5
115052,RINCON_DE_LA_CRUZ,1994,10,04,0.0,12.8,4.6
115052,RINCON_DE_LA_CRUZ,1994,10,05,0.0,14.0,3.0
115052,RINCON_DE_LA_CRUZ,1994,10,06,0.0,13.0,2.5
115052,RINCON_DE_LA_CRUZ,1994,10,07,0.0,13.8,3.0
115052,RINCON_DE_LA_CRUZ,1994,10,08,0.0,14.5,2.4
115052,RINCON_DE_LA_CRUZ,1994,10,09,0.0,14.8,3.5
115052,RINCON_DE_LA_CRUZ,1994,10,10,0.0,16.0,4.5
115052,RINCON_DE_LA_CRUZ,1994,10,11,0.0,14.0,3.0
115052,RINCON_DE_LA_CRUZ,1994,10,12,0.0,15.5,3.5
115052,RINCON_DE_LA_CRUZ,1994,10,13,1.8,13.5,5.2
115052,RINCON_DE_LA_CRUZ,1994,10,14,0.3,12.0,2.8
115052,RINCON_DE_LA_CRUZ,1994,10,15,0.0,14.5,2.0
115052,RINCON_DE_LA_CRUZ,1994,10,16,0.0,15.5,3.5
115052,RINCON_DE_LA_CRUZ,1994,10,17,0.0,16.0,2.5
115052,RINCON_DE_LA_CRUZ,1994,10,18,15.0,16.0,4.0
115052,RINCON_DE_LA_CRUZ,1994,10,19,0.0,15.0,2.8
115052,RINCON_DE_LA_CRUZ,1994,10,20,0.0,16.0,4.5
115052,RINCON_DE_LA_CRUZ,1994,10,21,5.8,14.5,3.8
115052,RINCON_DE_LA_CRUZ,1994,10,22,0.0,12.8,4.0
115052,RINCON_DE_LA_CRUZ,1994,10,23,0.0,14.0,4.0
115052,RINCON_DE_LA_CRUZ,1994,10,24,0.0,15.0,3.8
115052,RINCON_DE_LA_CRUZ,1994,10,25,0.0,15.8,4.0
115052,RINCON_DE_LA_CRUZ,1994,10,26,0.0,16.5,4.5
115052,RINCON_DE_LA_CRUZ,1994,10,27,0.0,13.0,3.8
115052,RINCON_DE_LA_CRUZ,1994,10,28,0.0,16.0,3.5
115052,RINCON_DE_LA_CRUZ,1994,10,29,4.5,12.5,4.0
115052,RINCON_DE_LA_CRUZ,1994,10,30,3.4,11.0,2.5
115052,RINCON_DE_LA_CRUZ,1994,10,31,0.0,13.0,2.0
115052,RINCON_DE_LA_CRUZ,1994,11,01,9.5,14.0,2.0
115052,RINCON_DE_LA_CRUZ,1994,11,02,11.4,11.5,5.0
115052,RINCON_DE_LA_CRUZ,1994,11,03,0.0,13.5,2.0
115052,RINCON_DE_LA_CRUZ,1994,11,04,2.5,13.0,4.0
115052,RINCON_DE_LA_CRUZ,1994,11,05,0.0,12.8,2.5
115052,RINCON_DE_LA_CRUZ,1994,11,06,0.5,15.8,4.0
115052,RINCON_DE_LA_CRUZ,1994,11,07,2.2,13.0,2.8
115052,RINCON_DE_LA_CRUZ,1994,11,08,1.8,11.5,4.5
115052,RINCON_DE_LA_CRUZ,1994,11,09,0.0,10.0,5.5
115052,RINCON_DE_LA_CRUZ,1994,11,10,0.0,10.6,5.0
115052,RINCON_DE_LA_CRUZ,1994,11,11,0.0,10.5,4.8
115052,RINCON_DE_LA_CRUZ,1994,11,12,22.5,9.2,-999
115052,RINCON_DE_LA_CRUZ,1994,11,13,0.0,11.0,4.5
115052,RINCON_DE_LA_CRUZ,1994,11,14,0.0,14.2,4.0
115052,RINCON_DE_LA_CRUZ,1994,11,15,0.0,14.5,4.8
115052,RINCON_DE_LA_CRUZ,1994,11,16,0.0,13.8,4.0
115052,RINCON_DE_LA_CRUZ,1994,11,17,0.0,13.5,2.8
115052,RINCON_DE_LA_CRUZ,1994,11,18,0.0,14.6,3.2
115052,RINCON_DE_LA_CRUZ,1994,11,19,6.2,13.0,4.0
115052,RINCON_DE_LA_CRUZ,1994,11,20,1.0,12.8,4.6
115052,RINCON_DE_LA_CRUZ,1994,11,21,0.0,12.0,3.8
115052,RINCON_DE_LA_CRUZ,1994,11,22,4.5,12.0,4.0
115052,RINCON_DE_LA_CRUZ,1994,11,23,0.0,11.6,4.2
115052,RINCON_DE_LA_CRUZ,1994,11,24,0.0,15.5,4.0
115052,RINCON_DE_LA_CRUZ,1994,11,25,0.0,16.0,2.8
115052,RINCON_DE_LA_CRUZ,1994,11,26,0.0,16.0,4.2
115052,RINCON_DE_LA_CRUZ,1994,11,27,0.0,16.4,3.4
115052,RINCON_DE_LA_CRUZ,1994,11,28,0.0,18.0,4.0
115052,RINCON_DE_LA_CRUZ,1994,11,29,0.0,17.2,3.5
115052,RINCON_DE_LA_CRUZ,1994,11,30,0.0,14.3,3.5
115052,RINCON_DE_LA_CRUZ,1994,12,01,0.0,16.5,3.0
115052,RINCON_DE_LA_CRUZ,1994,12,02,0.0,15.8,4.2
115052,RINCON_DE_LA_CRUZ,1994,12,03,0.0,16.0,4.0
115052,RINCON_DE_LA_CRUZ,1994,12,04,0.0,17.2,2.0
115052,RINCON_DE_LA_CRUZ,1994,12,05,0.0,15.0,0.0
115052,RINCON_DE_LA_CRUZ,1994,12,06,0.3,11.0,1.0
115052,RINCON_DE_LA_CRUZ,1994,12,07,0.4,9.5,4.0
115052,RINCON_DE_LA_CRUZ,1994,12,08,1.0,15.2,3.2
115052,RINCON_DE_LA_CRUZ,1994,12,09,0.0,14.0,7.0
115052,RINCON_DE_LA_CRUZ,1994,12,10,0.4,16.0,3.0
115052,RINCON_DE_LA_CRUZ,1994,12,11,21.8,14.5,6.5
115052,RINCON_DE_LA_CRUZ,1994,12,12,17.6,12.0,4.0
115052,RINCON_DE_LA_CRUZ,1994,12,13,3.3,17.8,5.0
115052,RINCON_DE_LA_CRUZ,1994,12,14,24.4,14.0,5.0
115052,RINCON_DE_LA_CRUZ,1994,12,15,9.6,14.0,1.0
115052,RINCON_DE_LA_CRUZ,1994,12,16,8.3,17.0,4.2
115052,RINCON_DE_LA_CRUZ,1994,12,17,5.5,17.0,6.0
115052,RINCON_DE_LA_CRUZ,1994,12,18,3.8,14.5,6.2
115052,RINCON_DE_LA_CRUZ,1994,12,19,0.0,15.4,4.9
115052,RINCON_DE_LA_CRUZ,1994,12,20,0.0,20.0,6.2
115052,RINCON_DE_LA_CRUZ,1994,12,21,0.0,19.2,6.8
115052,RINCON_DE_LA_CRUZ,1994,12,22,0.0,16.4,-0.5
115052,RINCON_DE_LA_CRUZ,1994,12,23,51.0,15.0,0.0
115052,RINCON_DE_LA_CRUZ,1994,12,24,6.5,13.3,3.4
115052,RINCON_DE_LA_CRUZ,1994,12,25,5.0,11.2,4.0
115052,RINCON_DE_LA_CRUZ,1994,12,26,6.2,13.4,4.5
115052,RINCON_DE_LA_CRUZ,1994,12,27,4.8,13.5,6.0
115052,RINCON_DE_LA_CRUZ,1994,12,28,1.4,13.0,6.2
115052,RINCON_DE_LA_CRUZ,1994,12,29,19.3,14.0,6.1
115052,RINCON_DE_LA_CRUZ,1994,12,30,1.8,13.0,6.0
115052,RINCON_DE_LA_CRUZ,1994,12,31,0.0,15.4,5.0
115052,RINCON_DE_LA_CRUZ,1995,01,01,0.0,17.0,4.4
115052,RINCON_DE_LA_CRUZ,1995,01,02,26.0,14.5,4.5
115052,RINCON_DE_LA_CRUZ,1995,01,03,1.5,13.5,4.2
115052,RINCON_DE_LA_CRUZ,1995,01,04,0.0,12.0,4.6
115052,RINCON_DE_LA_CRUZ,1995,01,05,0.0,12.5,4.0
115052,RINCON_DE_LA_CRUZ,1995,01,06,0.0,13.0,4.5
115052,RINCON_DE_LA_CRUZ,1995,01,07,0.0,14.2,4.2
115052,RINCON_DE_LA_CRUZ,1995,01,08,17.0,15.5,5.8
115052,RINCON_DE_LA_CRUZ,1995,01,09,0.0,14.0,6.0
115052,RINCON_DE_LA_CRUZ,1995,01,10,0.0,11.0,4.0
115052,RINCON_DE_LA_CRUZ,1995,01,11,0.0,13.0,3.0
115052,RINCON_DE_LA_CRUZ,1995,01,12,-888,11.0,3.5
115052,RINCON_DE_LA_CRUZ,1995,01,13,-888,10.0,1.0
115052,RINCON_DE_LA_CRUZ,1995,01,14,20.0,12.0,1.5
115052,RINCON_DE_LA_CRUZ,1995,01,15,10.5,11.5,5.0
115052,RINCON_DE_LA_CRUZ,1995,01,16,1.6,14.0,4.5
115052,RINCON_DE_LA_CRUZ,1995,01,17,1.8,12.6,5.0
115052,RINCON_DE_LA_CRUZ,1995,01,18,1.6,13.5,4.2
115052,RINCON_DE_LA_CRUZ,1995,01,19,12.5,14.0,4.0
115052,RINCON_DE_LA_CRUZ,1995,01,20,3.8,13.8,4.0
115052,RINCON_DE_LA_CRUZ,1995,01,21,5.1,13.5,3.8
115052,RINCON_DE_LA_CRUZ,1995,01,22,0.0,13.0,4.5
115052,RINCON_DE_LA_CRUZ,1995,01,23,0.0,14.4,5.0
115052,RINCON_DE_LA_CRUZ,1995,01,24,3.3,12.2,5.0
115052,RINCON_DE_LA_CRUZ,1995,01,25,3.1,14.8,6.0
115052,RINCON_DE_LA_CRUZ,1995,01,26,1.2,13.5,5.2
115052,RINCON_DE_LA_CRUZ,1995,01,27,2.5,14.0,6.0
115052,RINCON_DE_LA_CRUZ,1995,01,28,0.5,14.5,5.0
115052,RINCON_DE_LA_CRUZ,1995,01,29,0.0,15.0,5.0
115052,RINCON_DE_LA_CRUZ,1995,01,30,0.0,15.8,4.3
115052,RINCON_DE_LA_CRUZ,1995,01,31,0.0,15.5,5.0
115052,RINCON_DE_LA_CRUZ,1995,02,01,0.0,17.0,5.0
115052,RINCON_DE_LA_CRUZ,1995,02,02,0.0,16.0,3.0
115052,RINCON_DE_LA_CRUZ,1995,02,03,3.8,14.0,6.0
115052,RINCON_DE_LA_CRUZ,1995,02,04,0.0,17.5,5.2
115052,RINCON_DE_LA_CRUZ,1995,02,05,1.5,14.0,5.5
115052,RINCON_DE_LA_CRUZ,1995,02,06,4.0,16.0,3.0
115052,RINCON_DE_LA_CRUZ,1995,02,07,0.0,16.0,5.0
115052,RINCON_DE_LA_CRUZ,1995,02,08,0.0,15.5,-999
115052,RINCON_DE_LA_CRUZ,1995,02,09,0.0,16.0,-999
115052,RINCON_DE_LA_CRUZ,1995,02,10,0.2,16.5,-999
115052,RINCON_DE_LA_CRUZ,1995,02,11,0.0,15.0,3.8
115052,RINCON_DE_LA_CRUZ,1995,02,12,0.0,17.2,3.0
115052,RINCON_DE_LA_CRUZ,1995,02,13,0.0,16.0,1.0
115052,RINCON_DE_LA_CRUZ,1995,02,14,0.0,16.0,5.2
115052,RINCON_DE_LA_CRUZ,1995,02,15,13.2,15.3,-999
115052,RINCON_DE_LA_CRUZ,1995,02,16,0.0,14.0,-999
115052,RINCON_DE_LA_CRUZ,1995,02,17,0.0,14.2,-999
115052,RINCON_DE_LA_CRUZ,1995,02,18,32.2,14.3,6.2
115052,RINCON_DE_LA_CRUZ,1995,02,19,0.0,13.0,4.3
115052,RINCON_DE_LA_CRUZ,1995,02,20,0.5,14.5,5.3
115052,RINCON_DE_LA_CRUZ,1995,02,21,9.8,15.2,6.0
115052,RINCON_DE_LA_CRUZ,1995,02,22,0.0,15.6,4.0
115052,RINCON_DE_LA_CRUZ,1995,02,23,17.5,14.5,5.0
115052,RINCON_DE_LA_CRUZ,1995,02,24,15.5,13.0,4.5
115052,RINCON_DE_LA_CRUZ,1995,02,25,3.6,10.5,4.0
115052,RINCON_DE_LA_CRUZ,1995,02,26,0.8,13.0,4.5
115052,RINCON_DE_LA_CRUZ,1995,02,27,8.8,10.0,5.0
115052,RINCON_DE_LA_CRUZ,1995,02,28,2.5,11.0,5.0
115052,RINCON_DE_LA_CRUZ,1995,03,01,12.1,12.2,4.8
115052,RINCON_DE_LA_CRUZ,1995,03,02,0.2,13.0,4.0
115052,RINCON_DE_LA_CRUZ,1995,03,03,0.0,13.5,5.8
115052,RINCON_DE_LA_CRUZ,1995,03,04,0.0,14.8,6.2
115052,RINCON_DE_LA_CRUZ,1995,03,05,0.0,15.0,5.0
115052,RINCON_DE_LA_CRUZ,1995,03,06,5.4,15.4,4.2
115052,RINCON_DE_LA_CRUZ,1995,03,07,5.1,14.0,4.3
115052,RINCON_DE_LA_CRUZ,1995,03,08,2.0,14.0,5.0
115052,RINCON_DE_LA_CRUZ,1995,03,09,21.7,12.0,5.3
115052,RINCON_DE_LA_CRUZ,1995,03,10,25.2,12.8,4.0
115052,RINCON_DE_LA_CRUZ,1995,03,11,17.5,12.0,4.0
115052,RINCON_DE_LA_CRUZ,1995,03,12,20.2,12.8,4.5
115052,RINCON_DE_LA_CRUZ,1995,03,13,4.0,12.5,3.5
115052,RINCON_DE_LA_CRUZ,1995,03,14,1.5,12.0,3.8
115052,RINCON_DE_LA_CRUZ,1995,03,15,8.5,12.5,4.8
115052,RINCON_DE_LA_CRUZ,1995,03,16,2.0,9.5,3.5
115052,RINCON_DE_LA_CRUZ,1995,03,17,18.5,13.0,4.0
115052,RINCON_DE_LA_CRUZ,1995,03,18,2.5,11.4,3.0
115052,RINCON_DE_LA_CRUZ,1995,03,19,0.0,14.5,3.2
115052,RINCON_DE_LA_CRUZ,1995,03,20,0.0,15.0,3.8
115052,RINCON_DE_LA_CRUZ,1995,03,21,3.0,14.3,5.0
115052,RINCON_DE_LA_CRUZ,1995,03,22,0.0,14.0,6.0
115052,RINCON_DE_LA_CRUZ,1995,03,23,0.0,15.0,3.0
115052,RINCON_DE_LA_CRUZ,1995,03,24,1.8,14.8,4.8
115052,RINCON_DE_LA_CRUZ,1995,03,25,10.5,13.8,5.0
115052,RINCON_DE_LA_CRUZ,1995,03,26,4.4,14.0,5.0
115052,RINCON_DE_LA_CRUZ,1995,03,27,3.5,13.5,6.8
115052,RINCON_DE_LA_CRUZ,1995,03,28,0.0,15.0,3.2
115052,RINCON_DE_LA_CRUZ,1995,03,29,0.0,14.8,3.8
115052,RINCON_DE_LA_CRUZ,1995,03,30,0.5,13.0,5.5
115052,RINCON_DE_LA_CRUZ,1995,03,31,0.8,15.8,4.0
115052,RINCON_DE_LA_CRUZ,1995,04,01,0.5,13.0,5.3
115052,RINCON_DE_LA_CRUZ,1995,04,02,0.0,15.2,5.5
115052,RINCON_DE_LA_CRUZ,1995,04,03,0.0,16.0,5.0
115052,RINCON_DE_LA_CRUZ,1995,04,04,0.0,14.8,4.8
115052,RINCON_DE_LA_CRUZ,1995,04,05,0.0,15.5,4.5
115052,RINCON_DE_LA_CRUZ,1995,04,06,0.0,16.2,5.0
115052,RINCON_DE_LA_CRUZ,1995,04,07,0.0,15.8,4.0
115052,RINCON_DE_LA_CRUZ,1995,04,08,0.0,16.3,3.0
115052,RINCON_DE_LA_CRUZ,1995,04,09,0.0,16.0,4.0
115052,RINCON_DE_LA_CRUZ,1995,04,10,1.5,14.5,4.3
115052,RINCON_DE_LA_CRUZ,1995,04,11,2.5,15.5,4.8
115052,RINCON_DE_LA_CRUZ,1995,04,12,0.0,14.0,5.8
115052,RINCON_DE_LA_CRUZ,1995,04,13,0.0,14.8,6.0
115052,RINCON_DE_LA_CRUZ,1995,04,14,0.0,14.0,1.5
115052,RINCON_DE_LA_CRUZ,1995,04,15,0.0,15.2,2.0
115052,RINCON_DE_LA_CRUZ,1995,04,16,0.0,15.5,3.0
115052,RINCON_DE_LA_CRUZ,1995,04,17,0.0,16.5,2.8
115052,RINCON_DE_LA_CRUZ,1995,04,18,0.0,15.0,2.5
115052,RINCON_DE_LA_CRUZ,1995,04,19,0.0,12.5,0.5
115052,RINCON_DE_LA_CRUZ,1995,04,20,0.5,13.8,2.0
115052,RINCON_DE_LA_CRUZ,1995,04,21,0.2,11.5,3.0
115052,RINCON_DE_LA_CRUZ,1995,04,22,0.0,14.5,2.8
115052,RINCON_DE_LA_CRUZ,1995,04,23,0.0,13.8,0.8
115052,RINCON_DE_LA_CRUZ,1995,04,24,0.0,14.8,1.8
115052,RINCON_DE_LA_CRUZ,1995,04,25,0.0,14.5,0.5
115052,RINCON_DE_LA_CRUZ,1995,04,26,0.0,15.5,3.0
115052,RINCON_DE_LA_CRUZ,1995,04,27,0.0,15.0,2.8
115052,RINCON_DE_LA_CRUZ,1995,04,28,0.0,15.6,1.8
115052,RINCON_DE_LA_CRUZ,1995,04,29,0.0,15.0,3.0
115052,RINCON_DE_LA_CRUZ,1995,04,30,0.0,15.8,2.8
115052,RINCON_DE_LA_CRUZ,1995,05,01,0.0,15.2,3.4
115052,RINCON_DE_LA_CRUZ,1995,05,02,0.0,14.5,4.0
115052,RINCON_DE_LA_CRUZ,1995,05,03,0.0,14.0,1.8
115052,RINCON_DE_LA_CRUZ,1995,05,04,0.0,17.4,0.8
115052,RINCON_DE_LA_CRUZ,1995,05,05,0.0,15.0,-2.2
115052,RINCON_DE_LA_CRUZ,1995,05,06,0.0,14.0,-0.6
115052,RINCON_DE_LA_CRUZ,1995,05,07,0.0,17.4,-0.2
115052,RINCON_DE_LA_CRUZ,1995,05,08,0.0,13.5,-4.0
115052,RINCON_DE_LA_CRUZ,1995,05,09,0.0,14.2,-3.4
115052,RINCON_DE_LA_CRUZ,1995,05,10,0.0,15.0,-1.4
115052,RINCON_DE_LA_CRUZ,1995,05,11,0.0,15.2,0.0
115052,RINCON_DE_LA_CRUZ,1995,05,12,0.0,16.0,3.0
115052,RINCON_DE_LA_CRUZ,1995,05,13,0.0,16.2,5.4
115052,RINCON_DE_LA_CRUZ,1995,05,14,0.0,15.3,3.1
115052,RINCON_DE_LA_CRUZ,1995,05,15,0.0,15.2,1.0
115052,RINCON_DE_LA_CRUZ,1995,05,16,4.8,15.0,3.3
115052,RINCON_DE_LA_CRUZ,1995,05,17,0.0,13.0,3.2
115052,RINCON_DE_LA_CRUZ,1995,05,18,1.5,10.2,5.0
115052,RINCON_DE_LA_CRUZ,1995,05,19,0.0,14.0,4.0
115052,RINCON_DE_LA_CRUZ,1995,05,20,0.0,15.0,4.5
115052,RINCON_DE_LA_CRUZ,1995,05,21,0.0,15.5,2.5
115052,RINCON_DE_LA_CRUZ,1995,05,22,0.0,16.0,4.5
115052,RINCON_DE_LA_CRUZ,1995,05,23,0.0,14.3,0.0
115052,RINCON_DE_LA_CRUZ,1995,05,24,0.0,14.0,-0.4
115052,RINCON_DE_LA_CRUZ,1995,05,25,0.0,14.2,0.1
115052,RINCON_DE_LA_CRUZ,1995,05,26,0.0,14.0,-1.0
115052,RINCON_DE_LA_CRUZ,1995,05,27,0.0,15.5,2.5
115052,RINCON_DE_LA_CRUZ,1995,05,28,0.0,15.0,3.3
115052,RINCON_DE_LA_CRUZ,1995,05,29,0.0,15.4,2.0
115052,RINCON_DE_LA_CRUZ,1995,05,30,0.0,15.0,1.0
115052,RINCON_DE_LA_CRUZ,1995,05,31,0.0,15.5,-1.2
115052,RINCON_DE_LA_CRUZ,1995,06,01,0.0,16.0,0.0
115052,RINCON_DE_LA_CRUZ,1995,06,02,0.0,13.0,-1.0
115052,RINCON_DE_LA_CRUZ,1995,06,03,0.0,14.8,-2.0
115052,RINCON_DE_LA_CRUZ,1995,06,04,0.0,15.0,-2.2
115052,RINCON_DE_LA_CRUZ,1995,06,05,0.0,12.8,2.0
115052,RINCON_DE_LA_CRUZ,1995,06,06,0.0,11.5,-0.8
115052,RINCON_DE_LA_CRUZ,1995,06,07,0.0,14.2,1.0
115052,RINCON_DE_LA_CRUZ,1995,06,08,0.0,14.5,0.5
115052,RINCON_DE_LA_CRUZ,1995,06,09,0.0,12.5,-0.5
115052,RINCON_DE_LA_CRUZ,1995,06,10,0.0,14.2,0.0
115052,RINCON_DE_LA_CRUZ,1995,06,11,0.0,12.0,-1.0
115052,RINCON_DE_LA_CRUZ,1995,06,12,0.0,13.0,-2.0
115052,RINCON_DE_LA_CRUZ,1995,06,13,0.0,12.5,-0.3
115052,RINCON_DE_LA_CRUZ,1995,06,14,0.0,11.4,-1.0
115052,RINCON_DE_LA_CRUZ,1995,06,15,0.0,12.8,-2.5
115052,RINCON_DE_LA_CRUZ,1995,06,16,0.0,11.5,-1.0
115052,RINCON_DE_LA_CRUZ,1995,06,17,0.0,12.5,-4.0
115052,RINCON_DE_LA_CRUZ,1995,06,18,0.0,13.0,-1.0
115052,RINCON_DE_LA_CRUZ,1995,06,19,0.0,12.0,-2.0
115052,RINCON_DE_LA_CRUZ,1995,06,20,0.0,13.5,0.0
115052,RINCON_DE_LA_CRUZ,1995,06,21,0.0,13.0,-3.0
115052,RINCON_DE_LA_CRUZ,1995,06,22,0.0,12.0,-3.8
115052,RINCON_DE_LA_CRUZ,1995,06,23,0.0,11.8,-4.0
115052,RINCON_DE_LA_CRUZ,1995,06,24,0.0,11.5,-6.2
115052,RINCON_DE_LA_CRUZ,1995,06,25,0.0,11.0,-4.0
115052,RINCON_DE_LA_CRUZ,1995,06,26,0.0,11.8,-4.5
115052,RINCON_DE_LA_CRUZ,1995,06,27,0.0,10.8,-5.0
115052,RINCON_DE_LA_CRUZ,1995,06,28,0.0,11.2,-2.0
115052,RINCON_DE_LA_CRUZ,1995,06,29,0.0,12.0,-2.2
115052,RINCON_DE_LA_CRUZ,1995,06,30,0.0,13.4,-0.8
115052,RINCON_DE_LA_CRUZ,1995,07,01,0.0,14.0,-1.0
115052,RINCON_DE_LA_CRUZ,1995,07,02,0.0,13.8,1.8
115052,RINCON_DE_LA_CRUZ,1995,07,03,0.0,13.0,2.2
115052,RINCON_DE_LA_CRUZ,1995,07,04,0.0,12.5,0.5
115052,RINCON_DE_LA_CRUZ,1995,07,05,0.0,12.0,-0.5
115052,RINCON_DE_LA_CRUZ,1995,07,06,0.0,15.5,-2.2
115052,RINCON_DE_LA_CRUZ,1995,07,07,0.0,14.4,-2.5
115052,RINCON_DE_LA_CRUZ,1995,07,08,0.0,15.2,-2.8
115052,RINCON_DE_LA_CRUZ,1995,07,09,0.0,13.8,-0.5
115052,RINCON_DE_LA_CRUZ,1995,07,10,0.0,13.5,-2.4
115052,RINCON_DE_LA_CRUZ,1995,07,11,0.0,13.0,-2.5
115052,RINCON_DE_LA_CRUZ,1995,07,12,0.0,12.5,-0.5
115052,RINCON_DE_LA_CRUZ,1995,07,13,1.8,13.0,-2.0
115052,RINCON_DE_LA_CRUZ,1995,07,14,0.0,13.2,0.0
115052,RINCON_DE_LA_CRUZ,1995,07,15,0.0,14.0,-1.8
115052,RINCON_DE_LA_CRUZ,1995,07,16,0.0,14.5,-1.0
115052,RINCON_DE_LA_CRUZ,1995,07,17,0.0,13.2,1.0
115052,RINCON_DE_LA_CRUZ,1995,07,18,0.0,14.0,0.8
115052,RINCON_DE_LA_CRUZ,1995,07,19,0.0,12.2,-3.8
115052,RINCON_DE_LA_CRUZ,1995,07,20,0.0,13.2,-0.5
115052,RINCON_DE_LA_CRUZ,1995,07,21,0.0,12.8,-1.2
115052,RINCON_DE_LA_CRUZ,1995,07,22,0.0,11.8,-4.2
115052,RINCON_DE_LA_CRUZ,1995,07,23,0.0,12.5,-2.0
115052,RINCON_DE_LA_CRUZ,1995,07,24,0.0,13.0,1.0
115052,RINCON_DE_LA_CRUZ,1995,07,25,0.0,12.0,0.0
115052,RINCON_DE_LA_CRUZ,1995,07,26,0.0,13.8,-2.5
115052,RINCON_DE_LA_CRUZ,1995,07,27,0.0,14.5,0.0
115052,RINCON_DE_LA_CRUZ,1995,07,28,0.0,14.0,1.0
115052,RINCON_DE_LA_CRUZ,1995,07,29,0.0,12.5,-4.0
115052,RINCON_DE_LA_CRUZ,1995,07,30,0.0,13.5,-1.0
115052,RINCON_DE_LA_CRUZ,1995,07,31,0.0,13.2,-1.0
115052,RINCON_DE_LA_CRUZ,1995,08,01,0.0,14.0,0.8
115052,RINCON_DE_LA_CRUZ,1995,08,02,0.0,14.8,0.5
115052,RINCON_DE_LA_CRUZ,1995,08,03,0.0,14.8,1.0
115052,RINCON_DE_LA_CRUZ,1995,08,04,0.0,15.0,-2.0
115052,RINCON_DE_LA_CRUZ,1995,08,05,0.0,14.8,0.0
115052,RINCON_DE_LA_CRUZ,1995,08,06,0.0,15.0,-1.8
115052,RINCON_DE_LA_CRUZ,1995,08,07,0.0,16.2,0.5
115052,RINCON_DE_LA_CRUZ,1995,08,08,0.0,16.0,-1.8
115052,RINCON_DE_LA_CRUZ,1995,08,09,0.0,15.8,-0.8
115052,RINCON_DE_LA_CRUZ,1995,08,10,0.0,14.0,-1.0
115052,RINCON_DE_LA_CRUZ,1995,08,11,0.0,16.2,-0.5
115052,RINCON_DE_LA_CRUZ,1995,08,12,0.0,15.5,-1.5
115052,RINCON_DE_LA_CRUZ,1995,08,13,0.0,14.0,2.0
115052,RINCON_DE_LA_CRUZ,1995,08,14,0.0,14.0,1.0
115052,RINCON_DE_LA_CRUZ,1995,08,15,0.0,16.4,-1.0
115052,RINCON_DE_LA_CRUZ,1995,08,16,6.8,14.5,2.5
115052,RINCON_DE_LA_CRUZ,1995,08,17,0.0,10.0,0.0
115052,RINCON_DE_LA_CRUZ,1995,08,18,0.0,12.0,2.0
115052,RINCON_DE_LA_CRUZ,1995,08,19,0.0,13.2,-2.5
115052,RINCON_DE_LA_CRUZ,1995,08,20,0.0,13.5,-1.5
115052,RINCON_DE_LA_CRUZ,1995,08,21,0.0,15.4,-3.2
115052,RINCON_DE_LA_CRUZ,1995,08,22,0.0,16.0,2.0
115052,RINCON_DE_LA_CRUZ,1995,08,23,0.0,15.0,0.0
115052,RINCON_DE_LA_CRUZ,1995,08,24,0.0,17.5,1.0
115052,RINCON_DE_LA_CRUZ,1995,08,25,0.0,17.8,2.8
115052,RINCON_DE_LA_CRUZ,1995,08,26,0.0,15.0,-1.0
115052,RINCON_DE_LA_CRUZ,1995,08,27,0.0,17.0,0.5
115052,RINCON_DE_LA_CRUZ,1995,08,28,0.0,16.0,0.5
115052,RINCON_DE_LA_CRUZ,1995,08,29,0.0,17.5,-1.5
115052,RINCON_DE_LA_CRUZ,1995,08,30,0.0,17.0,3.0
115052,RINCON_DE_LA_CRUZ,1995,08,31,0.0,15.8,0.5
115052,RINCON_DE_LA_CRUZ,1995,09,01,0.0,17.0,-1.0
115052,RINCON_DE_LA_CRUZ,1995,09,02,0.0,12.8,1.0
115052,RINCON_DE_LA_CRUZ,1995,09,03,0.0,12.0,2.0
115052,RINCON_DE_LA_CRUZ,1995,09,04,0.0,11.8,1.0
115052,RINCON_DE_LA_CRUZ,1995,09,05,0.0,14.5,1.0
115052,RINCON_DE_LA_CRUZ,1995,09,06,0.0,14.8,-1.0
115052,RINCON_DE_LA_CRUZ,1995,09,07,0.0,15.0,1.0
115052,RINCON_DE_LA_CRUZ,1995,09,08,0.0,16.0,3.0
115052,RINCON_DE_LA_CRUZ,1995,09,09,0.0,16.5,2.8
115052,RINCON_DE_LA_CRUZ,1995,09,10,0.0,14.8,4.0
115052,RINCON_DE_LA_CRUZ,1995,09,11,0.0,16.5,4.2
115052,RINCON_DE_LA_CRUZ,1995,09,12,6.5,14.2,6.5
115052,RINCON_DE_LA_CRUZ,1995,09,13,0.0,15.0,3.0
115052,RINCON_DE_LA_CRUZ,1995,09,14,0.0,14.4,3.0
115052,RINCON_DE_LA_CRUZ,1995,09,15,2.5,14.0,4.8
115052,RINCON_DE_LA_CRUZ,1995,09,16,3.2,16.5,2.8
115052,RINCON_DE_LA_CRUZ,1995,09,17,1.5,14.5,4.2
115052,RINCON_DE_LA_CRUZ,1995,09,18,0.0,16.2,2.8
115052,RINCON_DE_LA_CRUZ,1995,09,19,-888,16.5,2.0
115052,RINCON_DE_LA_CRUZ,1995,09,20,0.0,14.0,2.8
115052,RINCON_DE_LA_CRUZ,1995,09,21,0.0,16.0,3.0
115052,RINCON_DE_LA_CRUZ,1995,09,22,0.0,16.2,2.8
115052,RINCON_DE_LA_CRUZ,1995,09,23,0.0,15.0,2.5
115052,RINCON_DE_LA_CRUZ,1995,09,24,0.0,16.0,1.0
115052,RINCON_DE_LA_CRUZ,1995,09,25,0.0,14.5,3.2
115052,RINCON_DE_LA_CRUZ,1995,09,26,0.0,15.0,0.5
115052,RINCON_DE_LA_CRUZ,1995,09,27,0.0,16.8,2.8
115052,RINCON_DE_LA_CRUZ,1995,09,28,0.0,15.2,1.0
115052,RINCON_DE_LA_CRUZ,1995,09,29,0.0,14.5,0.5
115052,RINCON_DE_LA_CRUZ,1995,09,30,0.0,15.5,2.4
115052,RINCON_DE_LA_CRUZ,1995,10,01,0.0,16.2,2.8
115052,RINCON_DE_LA_CRUZ,1995,10,02,6.5,15.0,3.0
115052,RINCON_DE_LA_CRUZ,1995,10,03,0.5,15.8,2.5
115052,RINCON_DE_LA_CRUZ,1995,10,04,0.0,15.5,3.0
115052,RINCON_DE_LA_CRUZ,1995,10,05,0.0,16.0,1.0
115052,RINCON_DE_LA_CRUZ,1995,10,06,0.0,14.5,0.5
115052,RINCON_DE_LA_CRUZ,1995,10,07,0.0,16.5,1.8
115052,RINCON_DE_LA_CRUZ,1995,10,08,0.0,16.0,4.0
115052,RINCON_DE_LA_CRUZ,1995,10,09,0.0,14.8,2.0
115052,RINCON_DE_LA_CRUZ,1995,10,10,0.0,16.5,0.0
115052,RINCON_DE_LA_CRUZ,1995,10,11,0.0,17.4,1.0
115052,RINCON_DE_LA_CRUZ,1995,10,12,0.0,17.4,3.2
115052,RINCON_DE_LA_CRUZ,1995,10,13,0.0,17.0,4.2
115052,RINCON_DE_LA_CRUZ,1995,10,14,0.0,17.4,4.0
115052,RINCON_DE_LA_CRUZ,1995,10,15,0.0,16.5,0.0
115052,RINCON_DE_LA_CRUZ,1995,10,16,0.0,16.8,3.5
115052,RINCON_DE_LA_CRUZ,1995,10,17,0.0,16.0,2.8
115052,RINCON_DE_LA_CRUZ,1995,10,18,0.0,18.0,3.0
115052,RINCON_DE_LA_CRUZ,1995,10,19,0.0,17.4,4.0
115052,RINCON_DE_LA_CRUZ,1995,10,20,0.0,17.2,3.8
115052,RINCON_DE_LA_CRUZ,1995,10,21,0.0,14.5,4.0
115052,RINCON_DE_LA_CRUZ,1995,10,22,0.0,17.5,4.0
115052,RINCON_DE_LA_CRUZ,1995,10,23,0.0,18.2,3.2
115052,RINCON_DE_LA_CRUZ,1995,10,24,0.0,17.3,3.2
115052,RINCON_DE_LA_CRUZ,1995,10,25,0.0,17.0,5.0
115052,RINCON_DE_LA_CRUZ,1995,10,26,0.0,17.0,2.0
115052,RINCON_DE_LA_CRUZ,1995,10,27,0.0,17.8,5.0
115052,RINCON_DE_LA_CRUZ,1995,10,28,5.3,15.0,6.0
115052,RINCON_DE_LA_CRUZ,1995,10,29,0.0,16.5,4.5
115052,RINCON_DE_LA_CRUZ,1995,10,30,0.0,17.4,3.2
115052,RINCON_DE_LA_CRUZ,1995,10,31,0.0,17.5,3.0
115052,RINCON_DE_LA_CRUZ,1995,11,01,0.0,17.5,4.5
115052,RINCON_DE_LA_CRUZ,1995,11,02,0.0,18.0,4.0
115052,RINCON_DE_LA_CRUZ,1995,11,03,0.0,18.5,1.5
115052,RINCON_DE_LA_CRUZ,1995,11,04,0.0,15.8,1.8
115052,RINCON_DE_LA_CRUZ,1995,11,05,0.0,17.2,4.2
115052,RINCON_DE_LA_CRUZ,1995,11,06,4.3,17.0,3.8
115052,RINCON_DE_LA_CRUZ,1995,11,07,0.0,16.0,3.5
115052,RINCON_DE_LA_CRUZ,1995,11,08,0.0,14.8,5.0
115052,RINCON_DE_LA_CRUZ,1995,11,09,21.0,17.0,3.2
115052,RINCON_DE_LA_CRUZ,1995,11,10,0.5,14.8,4.0
115052,RINCON_DE_LA_CRUZ,1995,11,11,2.0,15.4,4.0
115052,RINCON_DE_LA_CRUZ,1995,11,12,0.0,14.0,5.0
115052,RINCON_DE_LA_CRUZ,1995,11,13,0.0,14.4,4.8
115052,RINCON_DE_LA_CRUZ,1995,11,14,0.0,16.0,5.2
115052,RINCON_DE_LA_CRUZ,1995,11,15,0.0,17.5,6.0
115052,RINCON_DE_LA_CRUZ,1995,11,16,16.0,18.0,-999
115052,RINCON_DE_LA_CRUZ,1995,11,17,3.8,16.4,3.0
115052,RINCON_DE_LA_CRUZ,1995,11,18,15.4,12.2,3.1
115052,RINCON_DE_LA_CRUZ,1995,11,19,2.4,15.0,1.4
115052,RINCON_DE_LA_CRUZ,1995,11,20,3.0,14.0,-999
115052,RINCON_DE_LA_CRUZ,1995,11,21,0.0,11.8,3.0
115052,RINCON_DE_LA_CRUZ,1995,11,22,0.0,15.5,5.0
115052,RINCON_DE_LA_CRUZ,1995,11,23,0.0,16.8,3.5
115052,RINCON_DE_LA_CRUZ,1995,11,24,0.0,15.2,3.8
115052,RINCON_DE_LA_CRUZ,1995,11,25,0.0,16.0,2.0
115052,RINCON_DE_LA_CRUZ,1995,11,26,0.0,17.2,1.5
115052,RINCON_DE_LA_CRUZ,1995,11,27,0.0,14.8,2.5
115052,RINCON_DE_LA_CRUZ,1995,11,28,2.5,15.4,4.8
115052,RINCON_DE_LA_CRUZ,1995,11,29,0.0,15.0,3.0
115052,RINCON_DE_LA_CRUZ,1995,11,30,0.0,15.2,2.8
115052,RINCON_DE_LA_CRUZ,1995,12,01,5.4,15.8,5.0
115052,RINCON_DE_LA_CRUZ,1995,12,02,4.8,14.8,4.0
115052,RINCON_DE_LA_CRUZ,1995,12,03,0.0,15.2,4.0
115052,RINCON_DE_LA_CRUZ,1995,12,04,8.2,15.5,5.8
115052,RINCON_DE_LA_CRUZ,1995,12,05,5.4,14.0,3.0
115052,RINCON_DE_LA_CRUZ,1995,12,06,1.5,15.8,3.8
115052,RINCON_DE_LA_CRUZ,1995,12,07,8.3,14.3,3.0
115052,RINCON_DE_LA_CRUZ,1995,12,08,36.5,12.0,3.0
115052,RINCON_DE_LA_CRUZ,1995,12,09,5.8,11.8,0.8
115052,RINCON_DE_LA_CRUZ,1995,12,10,0.0,14.8,3.0
115052,RINCON_DE_LA_CRUZ,1995,12,11,0.0,14.5,1.0
115052,RINCON_DE_LA_CRUZ,1995,12,12,0.0,11.0,1.0
115052,RINCON_DE_LA_CRUZ,1995,12,13,0.0,15.0,3.0
115052,RINCON_DE_LA_CRUZ,1995,12,14,0.0,13.8,3.8
115052,RINCON_DE_LA_CRUZ,1995,12,15,0.0,15.2,3.5
115052,RINCON_DE_LA_CRUZ,1995,12,16,0.0,15.5,3.2
115052,RINCON_DE_LA_CRUZ,1995,12,17,6.0,16.8,4.0
115052,RINCON_DE_LA_CRUZ,1995,12,18,2.5,13.5,2.5
115052,RINCON_DE_LA_CRUZ,1995,12,19,0.5,14.2,4.0
115052,RINCON_DE_LA_CRUZ,1995,12,20,0.0,14.0,6.0
115052,RINCON_DE_LA_CRUZ,1995,12,21,5.8,15.0,3.8
115052,RINCON_DE_LA_CRUZ,1995,12,22,0.0,14.5,1.0
115052,RINCON_DE_LA_CRUZ,1995,12,23,12.0,14.8,3.8
115052,RINCON_DE_LA_CRUZ,1995,12,24,10.5,15.0,2.8
115052,RINCON_DE_LA_CRUZ,1995,12,25,10.0,13.0,3.8
115052,RINCON_DE_LA_CRUZ,1995,12,26,9.8,10.5,1.5
115052,RINCON_DE_LA_CRUZ,1995,12,27,3.6,12.5,3.5
115052,RINCON_DE_LA_CRUZ,1995,12,28,0.0,12.0,4.0
115052,RINCON_DE_LA_CRUZ,1995,12,29,0.3,12.5,4.5
115052,RINCON_DE_LA_CRUZ,1995,12,30,0.0,13.8,2.5
115052,RINCON_DE_LA_CRUZ,1995,12,31,0.0,14.0,3.5
115052,RINCON_DE_LA_CRUZ,1996,01,01,0.0,13.5,5.5
115052,RINCON_DE_LA_CRUZ,1996,01,02,0.0,15.5,3.8
115052,RINCON_DE_LA_CRUZ,1996,01,03,0.0,15.2,4.5
115052,RINCON_DE_LA_CRUZ,1996,01,04,0.0,17.0,3.0
115052,RINCON_DE_LA_CRUZ,1996,01,05,0.0,15.8,5.0
115052,RINCON_DE_LA_CRUZ,1996,01,06,0.0,16.5,3.8
115052,RINCON_DE_LA_CRUZ,1996,01,07,0.0,16.8,2.5
115052,RINCON_DE_LA_CRUZ,1996,01,08,0.0,16.5,4.0
115052,RINCON_DE_LA_CRUZ,1996,01,09,1.8,17.8,5.2
115052,RINCON_DE_LA_CRUZ,1996,01,10,0.0,17.0,4.0
115052,RINCON_DE_LA_CRUZ,1996,01,11,0.0,15.8,2.0
115052,RINCON_DE_LA_CRUZ,1996,01,12,25.0,16.5,4.0
115052,RINCON_DE_LA_CRUZ,1996,01,13,18.0,14.5,3.5
115052,RINCON_DE_LA_CRUZ,1996,01,14,6.6,12.0,2.0
115052,RINCON_DE_LA_CRUZ,1996,01,15,2.4,10.8,5.0
115052,RINCON_DE_LA_CRUZ,1996,01,16,7.5,12.5,5.2
115052,RINCON_DE_LA_CRUZ,1996,01,17,17.0,13.2,2.8
115052,RINCON_DE_LA_CRUZ,1996,01,18,8.5,14.0,2.2
115052,RINCON_DE_LA_CRUZ,1996,01,19,9.5,13.4,3.0
115052,RINCON_DE_LA_CRUZ,1996,01,20,0.0,13.8,2.8
115052,RINCON_DE_LA_CRUZ,1996,01,21,5.2,14.5,4.0
115052,RINCON_DE_LA_CRUZ,1996,01,22,0.0,14.8,5.0
115052,RINCON_DE_LA_CRUZ,1996,01,23,5.8,15.8,5.2
115052,RINCON_DE_LA_CRUZ,1996,01,24,8.0,12.5,3.8
115052,RINCON_DE_LA_CRUZ,1996,01,25,0.0,13.8,4.5
115052,RINCON_DE_LA_CRUZ,1996,01,26,9.5,11.5,1.0
115052,RINCON_DE_LA_CRUZ,1996,01,27,20.5,12.4,3.0
115052,RINCON_DE_LA_CRUZ,1996,01,28,15.3,13.5,2.8
115052,RINCON_DE_LA_CRUZ,1996,01,29,10.5,12.4,1.0
115052,RINCON_DE_LA_CRUZ,1996,01,30,11.6,11.8,2.0
115052,RINCON_DE_LA_CRUZ,1996,01,31,19.7,12.2,3.8
115052,RINCON_DE_LA_CRUZ,1996,02,01,0.0,12.0,3.0
115052,RINCON_DE_LA_CRUZ,1996,02,02,17.3,13.5,4.0
115052,RINCON_DE_LA_CRUZ,1996,02,03,0.0,14.8,5.0
115052,RINCON_DE_LA_CRUZ,1996,02,04,0.0,16.0,4.5
115052,RINCON_DE_LA_CRUZ,1996,02,05,4.2,16.8,4.2
115052,RINCON_DE_LA_CRUZ,1996,02,06,10.4,14.5,4.8
115052,RINCON_DE_LA_CRUZ,1996,02,07,1.0,14.0,4.0
115052,RINCON_DE_LA_CRUZ,1996,02,08,9.5,12.0,4.5
115052,RINCON_DE_LA_CRUZ,1996,02,09,4.8,14.2,5.0
115052,RINCON_DE_LA_CRUZ,1996,02,10,0.0,15.8,5.5
115052,RINCON_DE_LA_CRUZ,1996,02,11,0.8,12.8,6.0
115052,RINCON_DE_LA_CRUZ,1996,02,12,2.5,13.5,3.8
115052,RINCON_DE_LA_CRUZ,1996,02,13,10.4,13.8,3.4
115052,RINCON_DE_LA_CRUZ,1996,02,14,6.4,12.8,4.2
115052,RINCON_DE_LA_CRUZ,1996,02,15,6.8,12.0,3.8
115052,RINCON_DE_LA_CRUZ,1996,02,16,19.4,11.8,2.8
115052,RINCON_DE_LA_CRUZ,1996,02,17,9.5,12.5,3.8
115052,RINCON_DE_LA_CRUZ,1996,02,18,10.7,13.0,2.2
115052,RINCON_DE_LA_CRUZ,1996,02,19,8.5,14.2,4.0
115052,RINCON_DE_LA_CRUZ,1996,02,20,12.0,13.8,4.5
115052,RINCON_DE_LA_CRUZ,1996,02,21,0.0,12.5,3.5
115052,RINCON_DE_LA_CRUZ,1996,02,22,0.0,13.5,4.0
115052,RINCON_DE_LA_CRUZ,1996,02,23,14.0,16.0,5.0
115052,RINCON_DE_LA_CRUZ,1996,02,24,2.8,13.5,3.8
115052,RINCON_DE_LA_CRUZ,1996,02,25,0.0,13.2,5.0
115052,RINCON_DE_LA_CRUZ,1996,02,26,8.8,14.0,4.5
115052,RINCON_DE_LA_CRUZ,1996,02,27,4.5,14.5,5.0
115052,RINCON_DE_LA_CRUZ,1996,02,28,5.8,13.8,4.0
115052,RINCON_DE_LA_CRUZ,1996,02,29,15.8,12.8,4.8
115052,RINCON_DE_LA_CRUZ,1996,03,01,13.5,13.5,5.2
115052,RINCON_DE_LA_CRUZ,1996,03,02,4.2,14.5,4.0
115052,RINCON_DE_LA_CRUZ,1996,03,03,13.0,14.8,5.8
115052,RINCON_DE_LA_CRUZ,1996,03,04,1.5,14.5,5.0
115052,RINCON_DE_LA_CRUZ,1996,03,05,0.0,15.0,3.0
115052,RINCON_DE_LA_CRUZ,1996,03,06,0.0,15.2,1.0
115052,RINCON_DE_LA_CRUZ,1996,03,07,0.0,15.0,2.0
115052,RINCON_DE_LA_CRUZ,1996,03,08,0.0,16.0,3.8
115052,RINCON_DE_LA_CRUZ,1996,03,09,0.0,15.5,4.0
115052,RINCON_DE_LA_CRUZ,1996,03,10,0.0,15.5,5.2
115052,RINCON_DE_LA_CRUZ,1996,03,11,0.0,16.8,4.0
115052,RINCON_DE_LA_CRUZ,1996,03,12,0.0,16.5,0.5
115052,RINCON_DE_LA_CRUZ,1996,03,13,0.0,18.0,3.0
115052,RINCON_DE_LA_CRUZ,1996,03,14,0.0,17.0,3.8
115052,RINCON_DE_LA_CRUZ,1996,03,15,0.0,15.8,4.0
115052,RINCON_DE_LA_CRUZ,1996,03,16,1.5,16.0,2.8
115052,RINCON_DE_LA_CRUZ,1996,03,17,2.0,15.8,1.8
115052,RINCON_DE_LA_CRUZ,1996,03,18,0.5,14.0,3.0
115052,RINCON_DE_LA_CRUZ,1996,03,19,0.0,15.2,1.5
115052,RINCON_DE_LA_CRUZ,1996,03,20,2.0,13.0,4.0
115052,RINCON_DE_LA_CRUZ,1996,03,21,5.7,14.8,3.5
115052,RINCON_DE_LA_CRUZ,1996,03,22,3.8,14.0,3.8
115052,RINCON_DE_LA_CRUZ,1996,03,23,0.0,15.8,4.0
115052,RINCON_DE_LA_CRUZ,1996,03,24,5.0,16.5,5.0
115052,RINCON_DE_LA_CRUZ,1996,03,25,0.3,14.0,4.8
115052,RINCON_DE_LA_CRUZ,1996,03,26,15.0,15.2,2.0
115052,RINCON_DE_LA_CRUZ,1996,03,27,16.5,13.5,3.8
115052,RINCON_DE_LA_CRUZ,1996,03,28,4.6,14.0,3.2
115052,RINCON_DE_LA_CRUZ,1996,03,29,2.8,14.5,5.0
115052,RINCON_DE_LA_CRUZ,1996,03,30,3.8,15.0,4.8
115052,RINCON_DE_LA_CRUZ,1996,03,31,0.0,14.8,5.0
115052,RINCON_DE_LA_CRUZ,1996,04,01,0.0,15.4,6.0
115052,RINCON_DE_LA_CRUZ,1996,04,02,2.0,16.5,5.5
115052,RINCON_DE_LA_CRUZ,1996,04,03,3.0,13.5,5.0
115052,RINCON_DE_LA_CRUZ,1996,04,04,3.5,13.8,3.5
115052,RINCON_DE_LA_CRUZ,1996,04,05,18.0,15.5,4.2
115052,RINCON_DE_LA_CRUZ,1996,04,06,12.5,14.0,3.0
115052,RINCON_DE_LA_CRUZ,1996,04,07,2.5,14.0,3.8
115052,RINCON_DE_LA_CRUZ,1996,04,08,0.0,15.6,4.5
115052,RINCON_DE_LA_CRUZ,1996,04,09,2.5,15.8,1.8
115052,RINCON_DE_LA_CRUZ,1996,04,10,1.2,14.0,4.0
115052,RINCON_DE_LA_CRUZ,1996,04,11,0.0,15.8,4.2
115052,RINCON_DE_LA_CRUZ,1996,04,12,0.0,16.5,4.0
115052,RINCON_DE_LA_CRUZ,1996,04,13,0.0,14.8,3.0
115052,RINCON_DE_LA_CRUZ,1996,04,14,0.0,15.0,3.6
115052,RINCON_DE_LA_CRUZ,1996,04,15,0.0,16.0,4.2
115052,RINCON_DE_LA_CRUZ,1996,04,16,0.0,16.2,3.5
115052,RINCON_DE_LA_CRUZ,1996,04,17,0.0,13.8,3.0
115052,RINCON_DE_LA_CRUZ,1996,04,18,0.0,15.5,4.0
115052,RINCON_DE_LA_CRUZ,1996,04,19,0.0,15.0,3.2
115052,RINCON_DE_LA_CRUZ,1996,04,20,0.0,15.2,2.8
115052,RINCON_DE_LA_CRUZ,1996,04,21,0.0,15.0,1.2
115052,RINCON_DE_LA_CRUZ,1996,04,22,0.0,15.4,1.4
115052,RINCON_DE_LA_CRUZ,1996,04,23,0.0,15.6,4.0
115052,RINCON_DE_LA_CRUZ,1996,04,24,0.0,16.2,4.8
115052,RINCON_DE_LA_CRUZ,1996,04,25,0.0,15.0,-999
115052,RINCON_DE_LA_CRUZ,1996,04,26,0.7,14.0,-999
115052,RINCON_DE_LA_CRUZ,1996,04,27,0.0,15.0,-999
115052,RINCON_DE_LA_CRUZ,1996,04,28,0.0,15.0,2.0
115052,RINCON_DE_LA_CRUZ,1996,04,29,0.0,13.8,3.2
115052,RINCON_DE_LA_CRUZ,1996,04,30,0.0,12.9,3.2
115052,RINCON_DE_LA_CRUZ,1996,05,01,0.5,13.5,3.5
115052,RINCON_DE_LA_CRUZ,1996,05,02,0.0,15.8,4.0
115052,RINCON_DE_LA_CRUZ,1996,05,03,0.0,14.0,2.8
115052,RINCON_DE_LA_CRUZ,1996,05,04,0.0,14.5,1.0
115052,RINCON_DE_LA_CRUZ,1996,05,05,0.0,15.0,3.6
115052,RINCON_DE_LA_CRUZ,1996,05,06,0.0,15.8,1.2
115052,RINCON_DE_LA_CRUZ,1996,05,07,0.0,15.0,1.0
115052,RINCON_DE_LA_CRUZ,1996,05,08,0.0,16.0,3.0
115052,RINCON_DE_LA_CRUZ,1996,05,09,0.0,15.2,4.0
115052,RINCON_DE_LA_CRUZ,1996,05,10,0.0,15.4,2.5
115052,RINCON_DE_LA_CRUZ,1996,05,11,0.0,15.0,5.0
115052,RINCON_DE_LA_CRUZ,1996,05,12,0.0,15.3,1.5
115052,RINCON_DE_LA_CRUZ,1996,05,13,0.0,15.2,1.8
115052,RINCON_DE_LA_CRUZ,1996,05,14,0.0,15.0,1.5
115052,RINCON_DE_LA_CRUZ,1996,05,15,0.0,14.2,1.2
115052,RINCON_DE_LA_CRUZ,1996,05,16,0.0,13.0,0.0
115052,RINCON_DE_LA_CRUZ,1996,05,17,0.0,12.8,-5.2
115052,RINCON_DE_LA_CRUZ,1996,05,18,0.0,14.6,-3.0
115052,RINCON_DE_LA_CRUZ,1996,05,19,0.0,14.0,1.0
115052,RINCON_DE_LA_CRUZ,1996,05,20,0.0,14.5,1.5
115052,RINCON_DE_LA_CRUZ,1996,05,21,0.0,14.0,0.8
115052,RINCON_DE_LA_CRUZ,1996,05,22,0.0,15.0,-2.8
115052,RINCON_DE_LA_CRUZ,1996,05,23,0.0,15.0,1.0
115052,RINCON_DE_LA_CRUZ,1996,05,24,0.0,13.8,3.0
115052,RINCON_DE_LA_CRUZ,1996,05,25,0.0,13.5,0.0
115052,RINCON_DE_LA_CRUZ,1996,05,26,0.0,14.3,-1.5
115052,RINCON_DE_LA_CRUZ,1996,05,27,0.0,14.6,1.2
115052,RINCON_DE_LA_CRUZ,1996,05,28,0.0,14.5,1.8
115052,RINCON_DE_LA_CRUZ,1996,05,29,0.0,14.2,0.0
115052,RINCON_DE_LA_CRUZ,1996,05,30,0.0,14.5,1.0
115052,RINCON_DE_LA_CRUZ,1996,05,31,0.0,13.5,-0.2
115052,RINCON_DE_LA_CRUZ,1996,06,01,0.0,15.2,1.0
115052,RINCON_DE_LA_CRUZ,1996,06,02,0.0,14.0,-0.8
115052,RINCON_DE_LA_CRUZ,1996,06,03,0.0,12.5,0.5
115052,RINCON_DE_LA_CRUZ,1996,06,04,0.0,13.0,0.0
115052,RINCON_DE_LA_CRUZ,1996,06,05,0.0,11.5,-1.0
115052,RINCON_DE_LA_CRUZ,1996,06,06,0.0,11.0,-2.2
115052,RINCON_DE_LA_CRUZ,1996,06,07,0.0,11.8,-4.0
115052,RINCON_DE_LA_CRUZ,1996,06,08,0.0,12.5,-1.8
115052,RINCON_DE_LA_CRUZ,1996,06,09,0.0,12.8,0.0
115052,RINCON_DE_LA_CRUZ,1996,06,10,0.0,13.8,-3.0
115052,RINCON_DE_LA_CRUZ,1996,06,11,0.0,13.7,-0.2
115052,RINCON_DE_LA_CRUZ,1996,06,12,0.0,14.0,0.0
115052,RINCON_DE_LA_CRUZ,1996,06,13,0.0,14.8,-1.8
115052,RINCON_DE_LA_CRUZ,1996,06,14,0.0,14.0,1.0
115052,RINCON_DE_LA_CRUZ,1996,06,15,0.0,14.2,0.8
115052,RINCON_DE_LA_CRUZ,1996,06,16,0.0,13.6,-3.0
115052,RINCON_DE_LA_CRUZ,1996,06,17,0.0,12.0,-3.0
115052,RINCON_DE_LA_CRUZ,1996,06,18,0.0,13.8,-1.5
115052,RINCON_DE_LA_CRUZ,1996,06,19,0.0,15.5,1.2
115052,RINCON_DE_LA_CRUZ,1996,06,20,0.0,14.0,1.0
115052,RINCON_DE_LA_CRUZ,1996,06,21,0.0,14.8,2.5
115052,RINCON_DE_LA_CRUZ,1996,06,22,0.0,15.8,0.0
115052,RINCON_DE_LA_CRUZ,1996,06,23,0.0,15.4,0.8
115052,RINCON_DE_LA_CRUZ,1996,06,24,0.0,15.8,2.0
115052,RINCON_DE_LA_CRUZ,1996,06,25,0.0,14.5,-0.5
115052,RINCON_DE_LA_CRUZ,1996,06,26,0.0,14.0,-0.6
115052,RINCON_DE_LA_CRUZ,1996,06,27,0.0,12.8,-5.0
115052,RINCON_DE_LA_CRUZ,1996,06,28,0.0,13.2,-5.4
115052,RINCON_DE_LA_CRUZ,1996,06,29,0.0,11.5,-7.0
115052,RINCON_DE_LA_CRUZ,1996,06,30,0.0,11.3,-5.8
115052,RINCON_DE_LA_CRUZ,1996,07,01,0.0,14.0,-4.5
115052,RINCON_DE_LA_CRUZ,1996,07,02,0.0,13.4,-5.0
115052,RINCON_DE_LA_CRUZ,1996,07,03,0.0,13.8,-2.0
115052,RINCON_DE_LA_CRUZ,1996,07,04,0.0,14.0,0.0
115052,RINCON_DE_LA_CRUZ,1996,07,05,0.0,14.0,-4.2
115052,RINCON_DE_LA_CRUZ,1996,07,06,0.0,14.5,-2.2
115052,RINCON_DE_LA_CRUZ,1996,07,07,0.0,13.8,0.0
115052,RINCON_DE_LA_CRUZ,1996,07,08,0.0,14.0,-3.0
115052,RINCON_DE_LA_CRUZ,1996,07,09,17.0,13.5,-2.5
115052,RINCON_DE_LA_CRUZ,1996,07,10,3.8,11.0,1.0
115052,RINCON_DE_LA_CRUZ,1996,07,11,0.0,10.5,1.0
115052,RINCON_DE_LA_CRUZ,1996,07,12,0.0,10.8,-3.0
115052,RINCON_DE_LA_CRUZ,1996,07,13,0.0,11.5,-2.8
115052,RINCON_DE_LA_CRUZ,1996,07,14,0.0,12.2,-3.0
115052,RINCON_DE_LA_CRUZ,1996,07,15,0.0,12.0,-2.0
115052,RINCON_DE_LA_CRUZ,1996,07,16,0.0,13.0,0.0
115052,RINCON_DE_LA_CRUZ,1996,07,17,0.0,14.0,0.0
115052,RINCON_DE_LA_CRUZ,1996,07,18,0.0,14.4,-0.8
115052,RINCON_DE_LA_CRUZ,1996,07,19,0.0,13.5,-2.5
115052,RINCON_DE_LA_CRUZ,1996,07,20,0.0,15.0,-1.8
115052,RINCON_DE_LA_CRUZ,1996,07,21,0.0,13.2,1.0
115052,RINCON_DE_LA_CRUZ,1996,07,22,0.0,14.6,-1.2
115052,RINCON_DE_LA_CRUZ,1996,07,23,0.0,14.2,1.5
115052,RINCON_DE_LA_CRUZ,1996,07,24,0.0,13.8,0.5
115052,RINCON_DE_LA_CRUZ,1996,07,25,0.0,15.0,-1.8
115052,RINCON_DE_LA_CRUZ,1996,07,26,0.0,14.5,-1.0
115052,RINCON_DE_LA_CRUZ,1996,07,27,0.0,11.0,-4.2
115052,RINCON_DE_LA_CRUZ,1996,07,28,0.0,11.8,-3.0
115052,RINCON_DE_LA_CRUZ,1996,07,29,0.0,13.0,1.8
115052,RINCON_DE_LA_CRUZ,1996,07,30,0.0,12.0,-1.0
115052,RINCON_DE_LA_CRUZ,1996,07,31,0.0,12.2,-0.3
115052,RINCON_DE_LA_CRUZ,1996,08,01,0.0,-999,-2.0
115052,RINCON_DE_LA_CRUZ,1996,08,02,0.0,-999,0.0
115052,RINCON_DE_LA_CRUZ,1996,08,03,0.0,-999,1.5
115052,RINCON_DE_LA_CRUZ,1996,08,04,0.0,-999,0.5
115052,RINCON_DE_LA_CRUZ,1996,08,05,0.0,13.8,1.0
115052,RINCON_DE_LA_CRUZ,1996,08,06,0.0,14.0,0.0
115052,RINCON_DE_LA_CRUZ,1996,08,07,0.0,15.0,-2.0
115052,RINCON_DE_LA_CRUZ,1996,08,08,0.0,15.5,2.0
115052,RINCON_DE_LA_CRUZ,1996,08,09,0.0,16.2,-2.0
115052,RINCON_DE_LA_CRUZ,1996,08,10,0.0,14.6,-0.5
115052,RINCON_DE_LA_CRUZ,1996,08,11,0.0,15.2,-1.0
115052,RINCON_DE_LA_CRUZ,1996,08,12,0.0,15.5,-0.2
115052,RINCON_DE_LA_CRUZ,1996,08,13,0.2,15.0,3.0
115052,RINCON_DE_LA_CRUZ,1996,08,14,0.0,14.2,0.0
115052,RINCON_DE_LA_CRUZ,1996,08,15,4.0,12.2,-0.5
115052,RINCON_DE_LA_CRUZ,1996,08,16,0.0,11.8,0.8
115052,RINCON_DE_LA_CRUZ,1996,08,17,0.0,10.8,-1.0
115052,RINCON_DE_LA_CRUZ,1996,08,18,0.0,11.5,0.8
115052,RINCON_DE_LA_CRUZ,1996,08,19,2.0,12.0,0.5
115052,RINCON_DE_LA_CRUZ,1996,08,20,0.0,13.0,-1.5
115052,RINCON_DE_LA_CRUZ,1996,08,21,0.0,13.5,0.5
115052,RINCON_DE_LA_CRUZ,1996,08,22,0.0,14.0,1.0
115052,RINCON_DE_LA_CRUZ,1996,08,23,0.0,15.0,2.0
115052,RINCON_DE_LA_CRUZ,1996,08,24,0.0,15.5,2.8
115052,RINCON_DE_LA_CRUZ,1996,08,25,0.0,14.8,3.0
115052,RINCON_DE_LA_CRUZ,1996,08,26,0.0,15.0,3.5
115052,RINCON_DE_LA_CRUZ,1996,08,27,0.9,14.0,1.5
115052,RINCON_DE_LA_CRUZ,1996,08,28,0.0,14.5,4.8
115052,RINCON_DE_LA_CRUZ,1996,08,29,0.0,12.5,4.8
115052,RINCON_DE_LA_CRUZ,1996,08,30,0.0,13.5,1.5
115052,RINCON_DE_LA_CRUZ,1996,08,31,0.0,12.4,-3.0
115052,RINCON_DE_LA_CRUZ,1996,09,01,0.0,13.8,-2.5
115052,RINCON_DE_LA_CRUZ,1996,09,02,0.0,14.2,0.5
115052,RINCON_DE_LA_CRUZ,1996,09,03,0.0,14.0,0.0
115052,RINCON_DE_LA_CRUZ,1996,09,04,0.0,17.5,0.4
115052,RINCON_DE_LA_CRUZ,1996,09,05,0.0,15.5,-1.8
115052,RINCON_DE_LA_CRUZ,1996,09,06,0.0,14.2,1.0
115052,RINCON_DE_LA_CRUZ,1996,09,07,0.0,15.6,-2.0
115052,RINCON_DE_LA_CRUZ,1996,09,08,0.0,14.8,0.0
115052,RINCON_DE_LA_CRUZ,1996,09,09,0.0,15.5,-0.5
115052,RINCON_DE_LA_CRUZ,1996,09,10,0.0,14.5,2.0
115052,RINCON_DE_LA_CRUZ,1996,09,11,0.0,15.8,2.2
115052,RINCON_DE_LA_CRUZ,1996,09,12,0.0,17.0,4.0
115052,RINCON_DE_LA_CRUZ,1996,09,13,0.0,15.8,2.8
115052,RINCON_DE_LA_CRUZ,1996,09,14,0.5,15.2,1.5
115052,RINCON_DE_LA_CRUZ,1996,09,15,0.2,15.6,3.8
115052,RINCON_DE_LA_CRUZ,1996,09,16,0.0,14.8,3.0
115052,RINCON_DE_LA_CRUZ,1996,09,17,0.0,15.5,1.5
115052,RINCON_DE_LA_CRUZ,1996,09,18,0.0,15.8,4.2
115052,RINCON_DE_LA_CRUZ,1996,09,19,2.5,15.5,3.2
115052,RINCON_DE_LA_CRUZ,1996,09,20,0.0,14.0,3.0
115052,RINCON_DE_LA_CRUZ,1996,09,21,0.0,15.8,2.5
115052,RINCON_DE_LA_CRUZ,1996,09,22,0.0,15.6,2.0
115052,RINCON_DE_LA_CRUZ,1996,09,23,0.0,16.5,1.5
115052,RINCON_DE_LA_CRUZ,1996,09,24,0.0,14.2,1.8
115052,RINCON_DE_LA_CRUZ,1996,09,25,6.2,14.5,1.0
115052,RINCON_DE_LA_CRUZ,1996,09,26,0.0,13.5,2.0
115052,RINCON_DE_LA_CRUZ,1996,09,27,2.6,12.0,3.6
115052,RINCON_DE_LA_CRUZ,1996,09,28,0.0,15.2,0.2
115052,RINCON_DE_LA_CRUZ,1996,09,29,0.5,-999,1.8
115052,RINCON_DE_LA_CRUZ,1996,09,30,0.0,13.5,2.0
115052,RINCON_DE_LA_CRUZ,1996,10,01,0.0,17.5,1.8
115052,RINCON_DE_LA_CRUZ,1996,10,02,0.0,15.0,0.8
115052,RINCON_DE_LA_CRUZ,1996,10,03,0.0,15.8,1.5
115052,RINCON_DE_LA_CRUZ,1996,10,04,0.0,15.6,3.0
115052,RINCON_DE_LA_CRUZ,1996,10,05,0.0,17.0,2.0
115052,RINCON_DE_LA_CRUZ,1996,10,06,0.0,15.8,4.8
115052,RINCON_DE_LA_CRUZ,1996,10,07,0.0,15.2,5.0
115052,RINCON_DE_LA_CRUZ,1996,10,08,0.0,15.8,4.0
115052,RINCON_DE_LA_CRUZ,1996,10,09,0.0,17.2,4.2
115052,RINCON_DE_LA_CRUZ,1996,10,10,0.0,16.8,3.0
115052,RINCON_DE_LA_CRUZ,1996,10,11,0.0,18.0,3.8
115052,RINCON_DE_LA_CRUZ,1996,10,12,0.8,18.5,4.0
115052,RINCON_DE_LA_CRUZ,1996,10,13,0.0,16.0,1.0
115052,RINCON_DE_LA_CRUZ,1996,10,14,0.0,16.5,0.8
115052,RINCON_DE_LA_CRUZ,1996,10,15,0.0,15.2,1.8
115052,RINCON_DE_LA_CRUZ,1996,10,16,0.0,18.0,1.0
115052,RINCON_DE_LA_CRUZ,1996,10,17,0.0,17.5,-0.8
115052,RINCON_DE_LA_CRUZ,1996,10,18,0.0,18.5,4.8
115052,RINCON_DE_LA_CRUZ,1996,10,19,0.0,18.0,4.0
115052,RINCON_DE_LA_CRUZ,1996,10,20,0.0,18.6,3.0
115052,RINCON_DE_LA_CRUZ,1996,10,21,3.5,15.8,3.8
115052,RINCON_DE_LA_CRUZ,1996,10,22,0.0,15.0,4.0
115052,RINCON_DE_LA_CRUZ,1996,10,23,2.5,14.5,4.0
115052,RINCON_DE_LA_CRUZ,1996,10,24,0.0,16.0,2.8
115052,RINCON_DE_LA_CRUZ,1996,10,25,0.0,15.2,4.0
115052,RINCON_DE_LA_CRUZ,1996,10,26,0.0,14.8,0.0
115052,RINCON_DE_LA_CRUZ,1996,10,27,0.0,15.2,2.0
115052,RINCON_DE_LA_CRUZ,1996,10,28,0.0,15.5,3.0
115052,RINCON_DE_LA_CRUZ,1996,10,29,0.0,15.0,3.5
115052,RINCON_DE_LA_CRUZ,1996,10,30,0.0,15.8,2.0
115052,RINCON_DE_LA_CRUZ,1996,10,31,0.0,16.5,5.5
115052,RINCON_DE_LA_CRUZ,1996,11,01,0.0,17.0,2.8
115052,RINCON_DE_LA_CRUZ,1996,11,02,0.0,17.8,1.5
115052,RINCON_DE_LA_CRUZ,1996,11,03,0.0,16.0,2.5
115052,RINCON_DE_LA_CRUZ,1996,11,04,0.0,14.0,-999
115052,RINCON_DE_LA_CRUZ,1996,11,05,2.0,15.8,4.0
115052,RINCON_DE_LA_CRUZ,1996,11,06,15.0,16.2,3.0
115052,RINCON_DE_LA_CRUZ,1996,11,07,12.2,15.0,3.8
115052,RINCON_DE_LA_CRUZ,1996,11,08,1.5,12.0,0.8
115052,RINCON_DE_LA_CRUZ,1996,11,09,2.5,13.2,3.0
115052,RINCON_DE_LA_CRUZ,1996,11,10,19.3,10.8,3.8
115052,RINCON_DE_LA_CRUZ,1996,11,11,12.8,11.5,1.2
115052,RINCON_DE_LA_CRUZ,1996,11,12,6.8,11.0,0.8
115052,RINCON_DE_LA_CRUZ,1996,11,13,0.0,14.0,1.2
115052,RINCON_DE_LA_CRUZ,1996,11,14,0.0,14.5,3.0
115052,RINCON_DE_LA_CRUZ,1996,11,15,0.0,14.2,2.0
115052,RINCON_DE_LA_CRUZ,1996,11,16,4.0,15.2,3.8
115052,RINCON_DE_LA_CRUZ,1996,11,17,1.5,13.2,4.5
115052,RINCON_DE_LA_CRUZ,1996,11,18,7.8,12.4,5.0
115052,RINCON_DE_LA_CRUZ,1996,11,19,0.5,14.0,5.5
115052,RINCON_DE_LA_CRUZ,1996,11,20,0.0,12.5,6.0
115052,RINCON_DE_LA_CRUZ,1996,11,21,0.0,16.5,2.8
115052,RINCON_DE_LA_CRUZ,1996,11,22,0.0,16.0,2.8
115052,RINCON_DE_LA_CRUZ,1996,11,23,0.2,15.8,3.5
115052,RINCON_DE_LA_CRUZ,1996,11,24,0.0,14.5,4.0
115052,RINCON_DE_LA_CRUZ,1996,11,25,1.5,14.8,4.5
115052,RINCON_DE_LA_CRUZ,1996,11,26,0.0,15.2,4.2
115052,RINCON_DE_LA_CRUZ,1996,11,27,0.0,16.8,3.8
115052,RINCON_DE_LA_CRUZ,1996,11,28,0.0,16.5,4.6
115052,RINCON_DE_LA_CRUZ,1996,11,29,0.0,16.4,3.5
115052,RINCON_DE_LA_CRUZ,1996,11,30,5.2,15.8,4.0
115052,RINCON_DE_LA_CRUZ,1996,12,01,0.0,14.5,4.0
115052,RINCON_DE_LA_CRUZ,1996,12,02,0.0,16.5,4.2
115052,RINCON_DE_LA_CRUZ,1996,12,03,10.5,17.0,3.8
115052,RINCON_DE_LA_CRUZ,1996,12,04,0.2,15.0,4.2
115052,RINCON_DE_LA_CRUZ,1996,12,05,1.8,15.2,3.4
115052,RINCON_DE_LA_CRUZ,1996,12,06,0.0,13.8,5.0
115052,RINCON_DE_LA_CRUZ,1996,12,07,19.5,16.4,4.0
115052,RINCON_DE_LA_CRUZ,1996,12,08,0.0,16.5,3.2
115052,RINCON_DE_LA_CRUZ,1996,12,09,3.0,15.8,3.0
115052,RINCON_DE_LA_CRUZ,1996,12,10,2.5,15.0,2.8
115052,RINCON_DE_LA_CRUZ,1996,12,11,0.0,15.8,3.5
115052,RINCON_DE_LA_CRUZ,1996,12,12,10.5,14.2,1.6
115052,RINCON_DE_LA_CRUZ,1996,12,13,1.5,13.0,4.0
115052,RINCON_DE_LA_CRUZ,1996,12,14,0.0,14.5,3.8
115052,RINCON_DE_LA_CRUZ,1996,12,15,0.0,15.2,4.0
115052,RINCON_DE_LA_CRUZ,1996,12,16,0.0,16.5,5.8
115052,RINCON_DE_LA_CRUZ,1996,12,17,2.5,16.8,4.0
115052,RINCON_DE_LA_CRUZ,1996,12,18,0.0,16.0,5.0
115052,RINCON_DE_LA_CRUZ,1996,12,19,0.2,14.0,4.8
115052,RINCON_DE_LA_CRUZ,1996,12,20,20.0,17.5,6.0
115052,RINCON_DE_LA_CRUZ,1996,12,21,0.0,15.5,3.6
115052,RINCON_DE_LA_CRUZ,1996,12,22,8.0,15.0,3.8
115052,RINCON_DE_LA_CRUZ,1996,12,23,3.2,14.0,4.6
115052,RINCON_DE_LA_CRUZ,1996,12,24,0.0,13.8,4.2
115052,RINCON_DE_LA_CRUZ,1996,12,25,0.0,14.0,5.5
115052,RINCON_DE_LA_CRUZ,1996,12,26,0.2,15.8,5.8
115052,RINCON_DE_LA_CRUZ,1996,12,27,10.5,13.5,6.0
115052,RINCON_DE_LA_CRUZ,1996,12,28,6.0,14.0,3.5
115052,RINCON_DE_LA_CRUZ,1996,12,29,0.0,13.5,4.2
115052,RINCON_DE_LA_CRUZ,1996,12,30,0.0,13.0,3.0
115052,RINCON_DE_LA_CRUZ,1996,12,31,0.0,16.8,3.2
115052,RINCON_DE_LA_CRUZ,1997,01,01,16.6,15.5,3.0
115052,RINCON_DE_LA_CRUZ,1997,01,02,19.0,10.2,2.5
115052,RINCON_DE_LA_CRUZ,1997,01,03,0.0,14.5,4.5
115052,RINCON_DE_LA_CRUZ,1997,01,04,0.0,15.2,6.2
115052,RINCON_DE_LA_CRUZ,1997,01,05,0.2,16.2,7.0
115052,RINCON_DE_LA_CRUZ,1997,01,06,12.0,17.0,5.0
115052,RINCON_DE_LA_CRUZ,1997,01,07,0.0,14.0,3.2
115052,RINCON_DE_LA_CRUZ,1997,01,08,22.5,16.0,6.0
115052,RINCON_DE_LA_CRUZ,1997,01,09,17.5,10.0,3.0
115052,RINCON_DE_LA_CRUZ,1997,01,10,5.0,12.5,4.2
115052,RINCON_DE_LA_CRUZ,1997,01,11,6.5,13.0,4.5
115052,RINCON_DE_LA_CRUZ,1997,01,12,0.0,14.0,4.0
115052,RINCON_DE_LA_CRUZ,1997,01,13,0.0,15.0,4.0
115052,RINCON_DE_LA_CRUZ,1997,01,14,2.5,13.0,3.0
115052,RINCON_DE_LA_CRUZ,1997,01,15,3.8,11.8,5.0
115052,RINCON_DE_LA_CRUZ,1997,01,16,8.5,13.8,4.8
115052,RINCON_DE_LA_CRUZ,1997,01,17,0.0,12.5,5.0
115052,RINCON_DE_LA_CRUZ,1997,01,18,0.0,13.0,6.0
115052,RINCON_DE_LA_CRUZ,1997,01,19,17.0,13.4,4.8
115052,RINCON_DE_LA_CRUZ,1997,01,20,40.2,11.5,3.5
115052,RINCON_DE_LA_CRUZ,1997,01,21,0.5,12.5,2.0
115052,RINCON_DE_LA_CRUZ,1997,01,22,1.5,12.5,5.0
115052,RINCON_DE_LA_CRUZ,1997,01,23,3.7,12.8,5.0
115052,RINCON_DE_LA_CRUZ,1997,01,24,12.0,12.4,5.2
115052,RINCON_DE_LA_CRUZ,1997,01,25,0.4,13.0,4.0
115052,RINCON_DE_LA_CRUZ,1997,01,26,0.0,14.8,5.0
115052,RINCON_DE_LA_CRUZ,1997,01,27,0.0,12.0,6.0
115052,RINCON_DE_LA_CRUZ,1997,01,28,8.5,12.8,5.0
115052,RINCON_DE_LA_CRUZ,1997,01,29,1.5,12.5,4.0
115052,RINCON_DE_LA_CRUZ,1997,01,30,28.5,13.8,5.0
115052,RINCON_DE_LA_CRUZ,1997,01,31,0.0,11.2,2.8
115052,RINCON_DE_LA_CRUZ,1997,02,01,0.0,15.0,2.2
115052,RINCON_DE_LA_CRUZ,1997,02,02,0.0,11.0,1.0
115052,RINCON_DE_LA_CRUZ,1997,02,03,1.2,13.0,4.0
115052,RINCON_DE_LA_CRUZ,1997,02,04,3.2,14.5,2.4
115052,RINCON_DE_LA_CRUZ,1997,02,05,16.0,14.2,5.0
115052,RINCON_DE_LA_CRUZ,1997,02,06,0.0,10.5,4.0
115052,RINCON_DE_LA_CRUZ,1997,02,07,15.8,11.5,4.0
115052,RINCON_DE_LA_CRUZ,1997,02,08,10.0,12.8,2.8
115052,RINCON_DE_LA_CRUZ,1997,02,09,2.8,12.5,3.2
115052,RINCON_DE_LA_CRUZ,1997,02,10,10.0,12.5,4.6
115052,RINCON_DE_LA_CRUZ,1997,02,11,7.5,12.8,3.8
115052,RINCON_DE_LA_CRUZ,1997,02,12,2.5,13.0,3.7
115052,RINCON_DE_LA_CRUZ,1997,02,13,2.8,13.0,4.5
115052,RINCON_DE_LA_CRUZ,1997,02,14,16.3,12.8,5.0
115052,RINCON_DE_LA_CRUZ,1997,02,15,17.0,13.0,4.0
115052,RINCON_DE_LA_CRUZ,1997,02,16,9.5,12.2,3.4
115052,RINCON_DE_LA_CRUZ,1997,02,17,2.5,12.0,4.0
115052,RINCON_DE_LA_CRUZ,1997,02,18,2.0,13.0,4.2
115052,RINCON_DE_LA_CRUZ,1997,02,19,10.8,13.5,5.0
115052,RINCON_DE_LA_CRUZ,1997,02,20,6.5,12.8,4.2
115052,RINCON_DE_LA_CRUZ,1997,02,21,6.8,12.0,4.8
115052,RINCON_DE_LA_CRUZ,1997,02,22,2.8,13.5,5.0
115052,RINCON_DE_LA_CRUZ,1997,02,23,2.2,13.0,5.6
115052,RINCON_DE_LA_CRUZ,1997,02,24,0.0,14.2,5.5
115052,RINCON_DE_LA_CRUZ,1997,02,25,0.0,14.0,5.2
115052,RINCON_DE_LA_CRUZ,1997,02,26,0.0,14.8,4.6
115052,RINCON_DE_LA_CRUZ,1997,02,27,0.2,13.9,4.0
115052,RINCON_DE_LA_CRUZ,1997,02,28,10.0,13.6,5.2
115052,RINCON_DE_LA_CRUZ,1997,03,01,18.8,12.8,5.0
115052,RINCON_DE_LA_CRUZ,1997,03,02,0.0,13.5,5.5
115052,RINCON_DE_LA_CRUZ,1997,03,03,10.2,12.5,5.8
115052,RINCON_DE_LA_CRUZ,1997,03,04,2.5,10.5,3.2
115052,RINCON_DE_LA_CRUZ,1997,03,05,0.2,12.0,4.0
115052,RINCON_DE_LA_CRUZ,1997,03,06,-888,12.5,2.4
115052,RINCON_DE_LA_CRUZ,1997,03,07,9.8,12.0,4.5
115052,RINCON_DE_LA_CRUZ,1997,03,08,0.0,12.5,2.2
115052,RINCON_DE_LA_CRUZ,1997,03,09,0.0,13.2,4.0
115052,RINCON_DE_LA_CRUZ,1997,03,10,2.5,13.5,4.2
115052,RINCON_DE_LA_CRUZ,1997,03,11,3.5,12.0,2.8
115052,RINCON_DE_LA_CRUZ,1997,03,12,2.0,11.8,2.8
115052,RINCON_DE_LA_CRUZ,1997,03,13,0.0,14.0,3.0
115052,RINCON_DE_LA_CRUZ,1997,03,14,0.0,13.5,3.5
115052,RINCON_DE_LA_CRUZ,1997,03,15,0.0,14.0,2.5
115052,RINCON_DE_LA_CRUZ,1997,03,16,0.5,14.5,4.8
115052,RINCON_DE_LA_CRUZ,1997,03,17,2.7,15.0,3.8
115052,RINCON_DE_LA_CRUZ,1997,03,18,0.0,13.0,4.0
115052,RINCON_DE_LA_CRUZ,1997,03,19,0.0,14.0,2.8
115052,RINCON_DE_LA_CRUZ,1997,03,20,0.0,14.5,5.0
115052,RINCON_DE_LA_CRUZ,1997,03,21,12.5,13.5,4.0
115052,RINCON_DE_LA_CRUZ,1997,03,22,1.0,14.2,3.2
115052,RINCON_DE_LA_CRUZ,1997,03,23,0.0,15.5,3.8
115052,RINCON_DE_LA_CRUZ,1997,03,24,0.0,13.8,2.8
115052,RINCON_DE_LA_CRUZ,1997,03,25,0.0,14.5,4.0
115052,RINCON_DE_LA_CRUZ,1997,03,26,0.0,14.8,2.2
115052,RINCON_DE_LA_CRUZ,1997,03,27,22.0,12.8,3.5
115052,RINCON_DE_LA_CRUZ,1997,03,28,0.5,10.8,1.5
115052,RINCON_DE_LA_CRUZ,1997,03,29,16.0,11.5,2.5
115052,RINCON_DE_LA_CRUZ,1997,03,30,0.5,12.5,3.0
115052,RINCON_DE_LA_CRUZ,1997,03,31,0.0,13.2,4.0
115052,RINCON_DE_LA_CRUZ,1997,04,01,0.0,14.0,3.0
115052,RINCON_DE_LA_CRUZ,1997,04,02,0.0,15.0,4.0
115052,RINCON_DE_LA_CRUZ,1997,04,03,0.0,14.5,3.5
115052,RINCON_DE_LA_CRUZ,1997,04,04,3.8,15.0,2.8
115052,RINCON_DE_LA_CRUZ,1997,04,05,2.0,13.0,2.5
115052,RINCON_DE_LA_CRUZ,1997,04,06,1.2,12.5,2.0
115052,RINCON_DE_LA_CRUZ,1997,04,07,9.8,11.5,2.5
115052,RINCON_DE_LA_CRUZ,1997,04,08,6.5,12.0,1.8
115052,RINCON_DE_LA_CRUZ,1997,04,09,2.0,8.5,2.5
115052,RINCON_DE_LA_CRUZ,1997,04,10,0.0,12.0,1.0
115052,RINCON_DE_LA_CRUZ,1997,04,11,4.5,11.8,0.8
115052,RINCON_DE_LA_CRUZ,1997,04,12,2.0,10.2,0.9
115052,RINCON_DE_LA_CRUZ,1997,04,13,0.0,10.5,1.8
115052,RINCON_DE_LA_CRUZ,1997,04,14,0.0,12.5,1.0
115052,RINCON_DE_LA_CRUZ,1997,04,15,0.0,13.0,0.1
115052,RINCON_DE_LA_CRUZ,1997,04,16,4.5,13.8,1.0
115052,RINCON_DE_LA_CRUZ,1997,04,17,18.0,14.0,1.5
115052,RINCON_DE_LA_CRUZ,1997,04,18,-888,13.2,2.5
115052,RINCON_DE_LA_CRUZ,1997,04,19,0.0,14.8,1.0
115052,RINCON_DE_LA_CRUZ,1997,04,20,0.0,15.7,2.0
115052,RINCON_DE_LA_CRUZ,1997,04,21,0.0,15.0,2.2
115052,RINCON_DE_LA_CRUZ,1997,04,22,0.0,13.5,-2.0
115052,RINCON_DE_LA_CRUZ,1997,04,23,0.0,14.5,2.5
115052,RINCON_DE_LA_CRUZ,1997,04,24,0.0,15.0,2.6
115052,RINCON_DE_LA_CRUZ,1997,04,25,0.0,14.8,1.0
115052,RINCON_DE_LA_CRUZ,1997,04,26,0.0,14.5,2.0
115052,RINCON_DE_LA_CRUZ,1997,04,27,0.0,13.8,2.0
115052,RINCON_DE_LA_CRUZ,1997,04,28,1.5,13.0,1.8
115052,RINCON_DE_LA_CRUZ,1997,04,29,0.0,12.5,2.0
115052,RINCON_DE_LA_CRUZ,1997,04,30,0.0,13.8,0.0
115052,RINCON_DE_LA_CRUZ,1997,05,01,0.0,13.5,1.5
115052,RINCON_DE_LA_CRUZ,1997,05,02,0.0,13.8,0.0
115052,RINCON_DE_LA_CRUZ,1997,05,03,0.0,12.0,1.3
115052,RINCON_DE_LA_CRUZ,1997,05,04,0.0,12.5,3.0
115052,RINCON_DE_LA_CRUZ,1997,05,05,0.0,13.5,3.0
115052,RINCON_DE_LA_CRUZ,1997,05,06,0.0,13.0,1.0
115052,RINCON_DE_LA_CRUZ,1997,05,07,0.0,13.0,1.5
115052,RINCON_DE_LA_CRUZ,1997,05,08,0.0,14.0,1.5
115052,RINCON_DE_LA_CRUZ,1997,05,09,0.0,13.5,2.0
115052,RINCON_DE_LA_CRUZ,1997,05,10,0.0,14.0,1.5
115052,RINCON_DE_LA_CRUZ,1997,05,11,0.0,14.5,0.0
115052,RINCON_DE_LA_CRUZ,1997,05,12,0.0,14.8,-1.0
115052,RINCON_DE_LA_CRUZ,1997,05,13,0.0,13.8,-1.0
115052,RINCON_DE_LA_CRUZ,1997,05,14,0.0,13.5,-2.5
115052,RINCON_DE_LA_CRUZ,1997,05,15,0.0,13.2,0.0
115052,RINCON_DE_LA_CRUZ,1997,05,16,0.0,13.8,-2.0
115052,RINCON_DE_LA_CRUZ,1997,05,17,0.0,13.0,0.3
115052,RINCON_DE_LA_CRUZ,1997,05,18,6.0,13.6,2.0
115052,RINCON_DE_LA_CRUZ,1997,05,19,0.0,13.0,2.5
115052,RINCON_DE_LA_CRUZ,1997,05,20,0.0,14.8,1.1
115052,RINCON_DE_LA_CRUZ,1997,05,21,0.0,15.8,0.3
115052,RINCON_DE_LA_CRUZ,1997,05,22,0.7,14.8,-2.5
115052,RINCON_DE_LA_CRUZ,1997,05,23,0.0,14.2,0.0
115052,RINCON_DE_LA_CRUZ,1997,05,24,0.0,12.0,-3.0
115052,RINCON_DE_LA_CRUZ,1997,05,25,0.0,14.0,-3.2
115052,RINCON_DE_LA_CRUZ,1997,05,26,0.0,13.8,-2.0
115052,RINCON_DE_LA_CRUZ,1997,05,27,0.0,13.2,-3.2
115052,RINCON_DE_LA_CRUZ,1997,05,28,0.0,14.0,-1.3
115052,RINCON_DE_LA_CRUZ,1997,05,29,0.0,12.8,-2.5
115052,RINCON_DE_LA_CRUZ,1997,05,30,0.0,13.0,-0.3
115052,RINCON_DE_LA_CRUZ,1997,05,31,0.0,13.4,-3.1
115052,RINCON_DE_LA_CRUZ,1997,06,01,0.0,13.5,-3.3
115052,RINCON_DE_LA_CRUZ,1997,06,02,0.0,12.8,-3.2
115052,RINCON_DE_LA_CRUZ,1997,06,03,0.0,14.2,-2.8
115052,RINCON_DE_LA_CRUZ,1997,06,04,0.0,14.8,-2.2
115052,RINCON_DE_LA_CRUZ,1997,06,05,0.0,13.2,-2.3
115052,RINCON_DE_LA_CRUZ,1997,06,06,0.0,12.0,-3.3
115052,RINCON_DE_LA_CRUZ,1997,06,07,0.0,15.0,-1.3
115052,RINCON_DE_LA_CRUZ,1997,06,08,0.0,12.0,-7.2
115052,RINCON_DE_LA_CRUZ,1997,06,09,0.0,12.0,-5.2
115052,RINCON_DE_LA_CRUZ,1997,06,10,0.0,12.2,-1.1
115052,RINCON_DE_LA_CRUZ,1997,06,11,0.0,10.3,-5.4
115052,RINCON_DE_LA_CRUZ,1997,06,12,0.0,13.5,-6.5
115052,RINCON_DE_LA_CRUZ,1997,06,13,0.0,12.0,-2.2
115052,RINCON_DE_LA_CRUZ,1997,06,14,0.0,13.4,-3.2
115052,RINCON_DE_LA_CRUZ,1997,06,15,0.0,12.3,-0.1
115052,RINCON_DE_LA_CRUZ,1997,06,16,0.0,13.4,-2.2
115052,RINCON_DE_LA_CRUZ,1997,06,17,0.0,15.0,0.0
115052,RINCON_DE_LA_CRUZ,1997,06,18,0.0,13.1,-2.1
115052,RINCON_DE_LA_CRUZ,1997,06,19,0.0,13.8,0.1
115052,RINCON_DE_LA_CRUZ,1997,06,20,0.0,12.2,-1.2
115052,RINCON_DE_LA_CRUZ,1997,06,21,0.0,13.2,0.2
115052,RINCON_DE_LA_CRUZ,1997,06,22,0.0,13.6,-1.5
115052,RINCON_DE_LA_CRUZ,1997,06,23,0.0,14.4,-2.0
115052,RINCON_DE_LA_CRUZ,1997,06,24,0.0,13.2,-0.3
115052,RINCON_DE_LA_CRUZ,1997,06,25,0.0,12.8,0.4
115052,RINCON_DE_LA_CRUZ,1997,06,26,0.0,13.4,-3.6
115052,RINCON_DE_LA_CRUZ,1997,06,27,0.0,13.2,-3.6
115052,RINCON_DE_LA_CRUZ,1997,06,28,0.0,13.0,2.0
115052,RINCON_DE_LA_CRUZ,1997,06,29,0.0,13.8,2.0
115052,RINCON_DE_LA_CRUZ,1997,06,30,0.0,13.0,0.4
115052,RINCON_DE_LA_CRUZ,1997,07,01,0.0,13.0,0.6
115052,RINCON_DE_LA_CRUZ,1997,07,02,0.0,13.5,-0.6
115052,RINCON_DE_LA_CRUZ,1997,07,03,0.0,15.4,-1.2
115052,RINCON_DE_LA_CRUZ,1997,07,04,0.0,15.0,2.2
115052,RINCON_DE_LA_CRUZ,1997,07,05,0.0,13.4,-3.0
115052,RINCON_DE_LA_CRUZ,1997,07,06,0.0,14.2,-2.4
115052,RINCON_DE_LA_CRUZ,1997,07,07,0.0,15.0,-1.4
115052,RINCON_DE_LA_CRUZ,1997,07,08,0.0,14.4,-2.6
115052,RINCON_DE_LA_CRUZ,1997,07,09,0.0,14.4,0.2
115052,RINCON_DE_LA_CRUZ,1997,07,10,0.0,13.2,0.0
115052,RINCON_DE_LA_CRUZ,1997,07,11,0.0,15.6,-2.2
115052,RINCON_DE_LA_CRUZ,1997,07,12,0.0,13.7,-0.4
115052,RINCON_DE_LA_CRUZ,1997,07,13,0.0,14.0,-0.2
115052,RINCON_DE_LA_CRUZ,1997,07,14,0.0,13.4,0.0
115052,RINCON_DE_LA_CRUZ,1997,07,15,0.0,12.0,0.2
115052,RINCON_DE_LA_CRUZ,1997,07,16,0.0,13.4,-3.4
115052,RINCON_DE_LA_CRUZ,1997,07,17,0.0,13.2,-5.4
115052,RINCON_DE_LA_CRUZ,1997,07,18,0.0,13.0,0.0
115052,RINCON_DE_LA_CRUZ,1997,07,19,0.0,13.2,-4.0
115052,RINCON_DE_LA_CRUZ,1997,07,20,0.0,13.0,-1.0
115052,RINCON_DE_LA_CRUZ,1997,07,21,0.0,13.2,-3.4
115052,RINCON_DE_LA_CRUZ,1997,07,22,0.0,14.6,1.4
115052,RINCON_DE_LA_CRUZ,1997,07,23,0.0,13.6,-0.4
115052,RINCON_DE_LA_CRUZ,1997,07,24,0.0,13.8,-0.4
115052,RINCON_DE_LA_CRUZ,1997,07,25,0.0,14.2,0.6
115052,RINCON_DE_LA_CRUZ,1997,07,26,0.0,13.6,-2.6
115052,RINCON_DE_LA_CRUZ,1997,07,27,0.0,13.8,2.0
115052,RINCON_DE_LA_CRUZ,1997,07,28,0.0,14.6,-2.0
115052,RINCON_DE_LA_CRUZ,1997,07,29,0.0,14.4,-0.4
115052,RINCON_DE_LA_CRUZ,1997,07,30,0.0,14.2,-1.4
115052,RINCON_DE_LA_CRUZ,1997,07,31,0.0,13.8,-1.8
115052,RINCON_DE_LA_CRUZ,1997,08,01,0.0,12.3,-2.6
115052,RINCON_DE_LA_CRUZ,1997,08,02,0.0,13.0,-1.1
115052,RINCON_DE_LA_CRUZ,1997,08,03,0.0,12.8,0.0
115052,RINCON_DE_LA_CRUZ,1997,08,04,0.0,13.4,-3.6
115052,RINCON_DE_LA_CRUZ,1997,08,05,0.0,14.0,-2.0
115052,RINCON_DE_LA_CRUZ,1997,08,06,0.0,14.5,-3.4
115052,RINCON_DE_LA_CRUZ,1997,08,07,21.6,13.4,2.4
115052,RINCON_DE_LA_CRUZ,1997,08,08,7.3,13.2,-0.2
115052,RINCON_DE_LA_CRUZ,1997,08,09,0.0,10.6,1.2
115052,RINCON_DE_LA_CRUZ,1997,08,10,4.4,10.4,1.4
115052,RINCON_DE_LA_CRUZ,1997,08,11,2.5,8.4,-1.4
115052,RINCON_DE_LA_CRUZ,1997,08,12,0.0,9.6,-1.4
115052,RINCON_DE_LA_CRUZ,1997,08,13,0.0,10.4,-1.2
115052,RINCON_DE_LA_CRUZ,1997,08,14,0.0,12.4,-0.2
115052,RINCON_DE_LA_CRUZ,1997,08,15,0.0,13.2,-1.6
115052,RINCON_DE_LA_CRUZ,1997,08,16,0.0,13.4,0.2
115052,RINCON_DE_LA_CRUZ,1997,08,17,0.0,13.2,-1.4
115052,RINCON_DE_LA_CRUZ,1997,08,18,0.0,13.0,-1.6
115052,RINCON_DE_LA_CRUZ,1997,08,19,0.0,15.0,-2.0
115052,RINCON_DE_LA_CRUZ,1997,08,20,0.0,14.6,-1.2
115052,RINCON_DE_LA_CRUZ,1997,08,21,0.0,13.6,1.4
115052,RINCON_DE_LA_CRUZ,1997,08,22,0.0,14.5,0.4
115052,RINCON_DE_LA_CRUZ,1997,08,23,0.0,15.0,-2.5
115052,RINCON_DE_LA_CRUZ,1997,08,24,0.0,15.4,1.0
115052,RINCON_DE_LA_CRUZ,1997,08,25,0.0,15.5,-0.4
115052,RINCON_DE_LA_CRUZ,1997,08,26,4.5,14.4,1.5
115052,RINCON_DE_LA_CRUZ,1997,08,27,0.0,13.2,2.4
115052,RINCON_DE_LA_CRUZ,1997,08,28,0.0,13.0,2.6
115052,RINCON_DE_LA_CRUZ,1997,08,29,0.0,13.5,0.1
115052,RINCON_DE_LA_CRUZ,1997,08,30,0.0,12.6,-0.1
115052,RINCON_DE_LA_CRUZ,1997,08,31,0.0,13.8,0.0
115052,RINCON_DE_LA_CRUZ,1997,09,01,0.0,14.2,0.6
115052,RINCON_DE_LA_CRUZ,1997,09,02,0.0,13.8,-2.0
115052,RINCON_DE_LA_CRUZ,1997,09,03,0.0,14.2,-1.0
115052,RINCON_DE_LA_CRUZ,1997,09,04,0.0,16.4,1.0
115052,RINCON_DE_LA_CRUZ,1997,09,05,0.0,16.8,-1.1
115052,RINCON_DE_LA_CRUZ,1997,09,06,0.0,16.4,0.0
115052,RINCON_DE_LA_CRUZ,1997,09,07,0.0,16.5,1.8
115052,RINCON_DE_LA_CRUZ,1997,09,08,0.0,16.0,0.8
115052,RINCON_DE_LA_CRUZ,1997,09,09,0.0,17.3,1.2
115052,RINCON_DE_LA_CRUZ,1997,09,10,0.0,15.2,1.3
115052,RINCON_DE_LA_CRUZ,1997,09,11,0.0,14.6,3.2
115052,RINCON_DE_LA_CRUZ,1997,09,12,1.0,16.8,4.2
115052,RINCON_DE_LA_CRUZ,1997,09,13,0.0,17.2,4.0
115052,RINCON_DE_LA_CRUZ,1997,09,14,4.5,16.4,3.6
115052,RINCON_DE_LA_CRUZ,1997,09,15,0.2,15.0,4.8
115052,RINCON_DE_LA_CRUZ,1997,09,16,7.7,15.4,3.4
115052,RINCON_DE_LA_CRUZ,1997,09,17,2.0,15.8,4.0
115052,RINCON_DE_LA_CRUZ,1997,09,18,0.0,15.5,4.2
115052,RINCON_DE_LA_CRUZ,1997,09,19,5.8,13.8,1.0
115052,RINCON_DE_LA_CRUZ,1997,09,20,0.0,13.5,1.5
115052,RINCON_DE_LA_CRUZ,1997,09,21,0.0,14.6,2.0
115052,RINCON_DE_LA_CRUZ,1997,09,22,0.0,15.0,2.2
115052,RINCON_DE_LA_CRUZ,1997,09,23,5.0,16.2,2.4
115052,RINCON_DE_LA_CRUZ,1997,09,24,0.5,15.3,2.2
115052,RINCON_DE_LA_CRUZ,1997,09,25,5.8,13.2,1.5
115052,RINCON_DE_LA_CRUZ,1997,09,26,21.3,14.4,3.5
115052,RINCON_DE_LA_CRUZ,1997,09,27,3.5,12.3,1.5
115052,RINCON_DE_LA_CRUZ,1997,09,28,12.5,13.8,2.5
115052,RINCON_DE_LA_CRUZ,1997,09,29,17.3,13.2,2.4
115052,RINCON_DE_LA_CRUZ,1997,09,30,-888,11.5,1.2
115052,RINCON_DE_LA_CRUZ,1997,10,01,0.0,11.5,-2.2
115052,RINCON_DE_LA_CRUZ,1997,10,02,0.0,14.5,1.0
115052,RINCON_DE_LA_CRUZ,1997,10,03,0.0,15.8,1.2
115052,RINCON_DE_LA_CRUZ,1997,10,04,0.0,17.5,2.5
115052,RINCON_DE_LA_CRUZ,1997,10,05,0.0,16.0,-1.0
115052,RINCON_DE_LA_CRUZ,1997,10,06,11.2,15.2,3.5
115052,RINCON_DE_LA_CRUZ,1997,10,07,0.0,15.0,1.5
115052,RINCON_DE_LA_CRUZ,1997,10,08,1.0,15.5,3.0
115052,RINCON_DE_LA_CRUZ,1997,10,09,-888,15.8,4.0
115052,RINCON_DE_LA_CRUZ,1997,10,10,0.0,15.8,3.2
115052,RINCON_DE_LA_CRUZ,1997,10,11,7.0,16.0,5.2
115052,RINCON_DE_LA_CRUZ,1997,10,12,-888,15.8,5.0
115052,RINCON_DE_LA_CRUZ,1997,10,13,9.3,16.0,-999
115052,RINCON_DE_LA_CRUZ,1997,10,14,2.2,15.2,2.5
115052,RINCON_DE_LA_CRUZ,1997,10,15,0.0,14.5,2.8
115052,RINCON_DE_LA_CRUZ,1997,10,16,0.0,15.8,3.0
115052,RINCON_DE_LA_CRUZ,1997,10,17,0.0,15.5,1.0
115052,RINCON_DE_LA_CRUZ,1997,10,18,0.0,16.7,-1.0
115052,RINCON_DE_LA_CRUZ,1997,10,19,0.0,16.5,0.5
115052,RINCON_DE_LA_CRUZ,1997,10,20,0.0,16.8,1.8
115052,RINCON_DE_LA_CRUZ,1997,10,21,0.0,15.0,-0.5
115052,RINCON_DE_LA_CRUZ,1997,10,22,0.0,16.5,0.5
115052,RINCON_DE_LA_CRUZ,1997,10,23,0.0,16.5,4.0
115052,RINCON_DE_LA_CRUZ,1997,10,24,0.0,17.8,2.2
115052,RINCON_DE_LA_CRUZ,1997,10,25,0.0,16.4,2.5
115052,RINCON_DE_LA_CRUZ,1997,10,26,0.0,18.3,3.8
115052,RINCON_DE_LA_CRUZ,1997,10,27,0.0,18.6,3.5
115052,RINCON_DE_LA_CRUZ,1997,10,28,0.0,19.2,4.2
115052,RINCON_DE_LA_CRUZ,1997,10,29,0.0,17.8,4.1
115052,RINCON_DE_LA_CRUZ,1997,10,30,0.0,17.5,4.6
115052,RINCON_DE_LA_CRUZ,1997,10,31,16.7,15.4,3.5
115052,RINCON_DE_LA_CRUZ,1997,11,01,8.2,14.2,4.4
115052,RINCON_DE_LA_CRUZ,1997,11,02,11.0,15.6,4.1
115052,RINCON_DE_LA_CRUZ,1997,11,03,3.0,15.8,4.1
115052,RINCON_DE_LA_CRUZ,1997,11,04,6.0,14.4,3.2
115052,RINCON_DE_LA_CRUZ,1997,11,05,11.9,15.4,4.0
115052,RINCON_DE_LA_CRUZ,1997,11,06,0.6,15.6,5.2
115052,RINCON_DE_LA_CRUZ,1997,11,07,7.6,13.2,5.0
115052,RINCON_DE_LA_CRUZ,1997,11,08,8.6,15.0,2.6
115052,RINCON_DE_LA_CRUZ,1997,11,09,4.6,15.3,4.3
115052,RINCON_DE_LA_CRUZ,1997,11,10,1.7,14.2,5.0
115052,RINCON_DE_LA_CRUZ,1997,11,11,0.0,15.8,4.3
115052,RINCON_DE_LA_CRUZ,1997,11,12,0.0,14.3,1.1
115052,RINCON_DE_LA_CRUZ,1997,11,13,0.0,15.5,1.4
115052,RINCON_DE_LA_CRUZ,1997,11,14,0.9,14.0,2.2
115052,RINCON_DE_LA_CRUZ,1997,11,15,2.2,16.2,3.6
115052,RINCON_DE_LA_CRUZ,1997,11,16,0.0,14.5,2.5
115052,RINCON_DE_LA_CRUZ,1997,11,17,0.0,15.4,2.3
115052,RINCON_DE_LA_CRUZ,1997,11,18,0.0,15.6,4.3
115052,RINCON_DE_LA_CRUZ,1997,11,19,0.0,17.2,4.3
115052,RINCON_DE_LA_CRUZ,1997,11,20,0.0,17.6,4.5
115052,RINCON_DE_LA_CRUZ,1997,11,21,1.0,18.5,5.5
115052,RINCON_DE_LA_CRUZ,1997,11,22,16.2,15.6,5.6
115052,RINCON_DE_LA_CRUZ,1997,11,23,7.7,12.8,4.3
115052,RINCON_DE_LA_CRUZ,1997,11,24,0.0,15.2,4.4
115052,RINCON_DE_LA_CRUZ,1997,11,25,0.0,16.6,4.5
115052,RINCON_DE_LA_CRUZ,1997,11,26,0.0,17.0,2.5
115052,RINCON_DE_LA_CRUZ,1997,11,27,0.0,18.0,5.2
115052,RINCON_DE_LA_CRUZ,1997,11,28,0.0,17.5,4.2
115052,RINCON_DE_LA_CRUZ,1997,11,29,0.0,17.5,5.5
115052,RINCON_DE_LA_CRUZ,1997,11,30,0.0,18.4,3.0
115052,RINCON_DE_LA_CRUZ,1997,12,01,0.0,18.5,3.6
115052,RINCON_DE_LA_CRUZ,1997,12,02,0.0,16.2,5.0
115052,RINCON_DE_LA_CRUZ,1997,12,03,0.0,19.2,4.3
115052,RINCON_DE_LA_CRUZ,1997,12,04,0.0,18.4,4.5
115052,RINCON_DE_LA_CRUZ,1997,12,05,1.9,19.0,5.0
115052,RINCON_DE_LA_CRUZ,1997,12,06,6.2,17.8,5.7
115052,RINCON_DE_LA_CRUZ,1997,12,07,0.0,14.5,5.4
115052,RINCON_DE_LA_CRUZ,1997,12,08,0.0,16.8,3.2
115052,RINCON_DE_LA_CRUZ,1997,12,09,3.7,16.0,4.8
115052,RINCON_DE_LA_CRUZ,1997,12,10,0.0,17.4,4.5
115052,RINCON_DE_LA_CRUZ,1997,12,11,0.0,17.5,4.2
115052,RINCON_DE_LA_CRUZ,1997,12,12,-888,17.5,5.2
115052,RINCON_DE_LA_CRUZ,1997,12,13,0.0,19.0,5.3
115052,RINCON_DE_LA_CRUZ,1997,12,14,0.0,18.8,3.2
115052,RINCON_DE_LA_CRUZ,1997,12,15,0.0,19.2,6.4
115052,RINCON_DE_LA_CRUZ,1997,12,16,0.0,17.8,6.3
115052,RINCON_DE_LA_CRUZ,1997,12,17,6.5,17.2,6.5
115052,RINCON_DE_LA_CRUZ,1997,12,18,11.1,13.2,5.2
115052,RINCON_DE_LA_CRUZ,1997,12,19,6.8,17.0,5.5
115052,RINCON_DE_LA_CRUZ,1997,12,20,0.6,16.2,5.5
115052,RINCON_DE_LA_CRUZ,1997,12,21,4.6,16.0,6.8
115052,RINCON_DE_LA_CRUZ,1997,12,22,0.0,17.2,4.3
115052,RINCON_DE_LA_CRUZ,1997,12,23,0.0,17.0,3.6
115052,RINCON_DE_LA_CRUZ,1997,12,24,0.0,18.4,5.8
115052,RINCON_DE_LA_CRUZ,1997,12,25,2.2,18.0,5.6
115052,RINCON_DE_LA_CRUZ,1997,12,26,2.3,17.8,5.0
115052,RINCON_DE_LA_CRUZ,1997,12,27,0.0,18.6,6.2
115052,RINCON_DE_LA_CRUZ,1997,12,28,0.0,18.9,7.0
115052,RINCON_DE_LA_CRUZ,1997,12,29,1.6,19.4,4.1
115052,RINCON_DE_LA_CRUZ,1997,12,30,0.0,18.0,6.2
115052,RINCON_DE_LA_CRUZ,1997,12,31,5.6,16.6,5.4
115052,RINCON_DE_LA_CRUZ,1998,01,01,0.0,17.2,5.4
115052,RINCON_DE_LA_CRUZ,1998,01,02,12.4,16.5,4.0
115052,RINCON_DE_LA_CRUZ,1998,01,03,8.2,16.0,4.6
115052,RINCON_DE_LA_CRUZ,1998,01,04,28.9,-999,4.8
115052,RINCON_DE_LA_CRUZ,1998,01,05,0.0,17.6,6.4
115052,RINCON_DE_LA_CRUZ,1998,01,06,0.0,15.8,6.4
115052,RINCON_DE_LA_CRUZ,1998,01,07,0.4,16.2,5.8
115052,RINCON_DE_LA_CRUZ,1998,01,08,2.4,-999,7.2
115052,RINCON_DE_LA_CRUZ,1998,01,09,-888,17.4,6.2
115052,RINCON_DE_LA_CRUZ,1998,01,10,0.0,17.5,6.4
115052,RINCON_DE_LA_CRUZ,1998,01,11,2.6,17.4,6.5
115052,RINCON_DE_LA_CRUZ,1998,01,12,0.0,17.6,5.6
115052,RINCON_DE_LA_CRUZ,1998,01,13,6.2,18.0,6.0
115052,RINCON_DE_LA_CRUZ,1998,01,14,0.0,18.4,6.0
115052,RINCON_DE_LA_CRUZ,1998,01,15,0.0,17.8,5.8
115052,RINCON_DE_LA_CRUZ,1998,01,16,0.0,18.6,6.2
115052,RINCON_DE_LA_CRUZ,1998,01,17,0.0,18.2,6.0
115052,RINCON_DE_LA_CRUZ,1998,01,18,0.0,17.4,5.8
115052,RINCON_DE_LA_CRUZ,1998,01,19,0.0,16.0,5.8
115052,RINCON_DE_LA_CRUZ,1998,01,20,8.8,15.5,5.5
115052,RINCON_DE_LA_CRUZ,1998,01,21,0.7,16.3,7.0
115052,RINCON_DE_LA_CRUZ,1998,01,22,0.0,17.4,7.2
115052,RINCON_DE_LA_CRUZ,1998,01,23,0.0,18.2,7.2
115052,RINCON_DE_LA_CRUZ,1998,01,24,8.0,17.0,6.0
115052,RINCON_DE_LA_CRUZ,1998,01,25,0.7,17.2,5.2
115052,RINCON_DE_LA_CRUZ,1998,01,26,12.6,17.0,5.6
115052,RINCON_DE_LA_CRUZ,1998,01,27,2.5,16.8,6.4
115052,RINCON_DE_LA_CRUZ,1998,01,28,0.0,17.4,6.5
115052,RINCON_DE_LA_CRUZ,1998,01,29,7.9,16.2,6.2
115052,RINCON_DE_LA_CRUZ,1998,01,30,1.0,17.0,7.5
115052,RINCON_DE_LA_CRUZ,1998,01,31,-999,18.2,4.8
115052,RINCON_DE_LA_CRUZ,2006,10,01,0.0,16.2,3.7
115052,RINCON_DE_LA_CRUZ,2006,10,02,0.0,16.0,3.4
115052,RINCON_DE_LA_CRUZ,2006,10,03,0.0,16.4,4.8
115052,RINCON_DE_LA_CRUZ,2006,10,04,0.0,15.8,0.9
115052,RINCON_DE_LA_CRUZ,2006,10,05,0.0,15.6,3.2
115052,RINCON_DE_LA_CRUZ,2006,10,06,0.0,16.6,3.0
115052,RINCON_DE_LA_CRUZ,2006,10,07,0.0,17.0,1.2
115052,RINCON_DE_LA_CRUZ,2006,10,08,0.0,17.2,2.2
115052,RINCON_DE_LA_CRUZ,2006,10,09,0.0,16.8,2.8
115052,RINCON_DE_LA_CRUZ,2006,10,10,0.0,14.2,5.2
115052,RINCON_DE_LA_CRUZ,2006,10,11,3.8,16.2,5.0
115052,RINCON_DE_LA_CRUZ,2006,10,12,0.0,16.0,4.6
115052,RINCON_DE_LA_CRUZ,2006,10,13,0.0,16.4,3.8
115052,RINCON_DE_LA_CRUZ,2006,10,14,0.0,17.2,1.8
115052,RINCON_DE_LA_CRUZ,2006,10,15,0.0,16.2,0.0
115052,RINCON_DE_LA_CRUZ,2006,10,16,0.0,16.2,6.2
115052,RINCON_DE_LA_CRUZ,2006,10,17,0.0,17.0,4.3
115052,RINCON_DE_LA_CRUZ,2006,10,18,0.0,16.8,4.6
115052,RINCON_DE_LA_CRUZ,2006,10,19,1.5,16.8,4.8
115052,RINCON_DE_LA_CRUZ,2006,10,20,0.0,14.8,6.0
115052,RINCON_DE_LA_CRUZ,2006,10,21,5.0,14.5,5.5
115052,RINCON_DE_LA_CRUZ,2006,10,22,4.4,15.6,5.2
115052,RINCON_DE_LA_CRUZ,2006,10,23,3.0,16.8,5.0
115052,RINCON_DE_LA_CRUZ,2006,10,24,0.0,18.2,5.4
115052,RINCON_DE_LA_CRUZ,2006,10,25,-888,16.2,4.8
115052,RINCON_DE_LA_CRUZ,2006,10,26,0.0,15.4,4.4
115052,RINCON_DE_LA_CRUZ,2006,10,27,7.2,15.4,6.4
115052,RINCON_DE_LA_CRUZ,2006,10,28,3.5,16.2,6.6
115052,RINCON_DE_LA_CRUZ,2006,10,29,0.0,17.0,4.4
115052,RINCON_DE_LA_CRUZ,2006,10,30,3.7,18.2,5.6
115052,RINCON_DE_LA_CRUZ,2006,10,31,0.0,18.0,4.2
115052,RINCON_DE_LA_CRUZ,2006,11,01,0.0,17.8,4.2
115052,RINCON_DE_LA_CRUZ,2006,11,02,0.0,17.0,4.0
115052,RINCON_DE_LA_CRUZ,2006,11,03,6.5,17.8,5.6
115052,RINCON_DE_LA_CRUZ,2006,11,04,11.4,13.8,7.0
115052,RINCON_DE_LA_CRUZ,2006,11,05,0.0,14.8,5.8
115052,RINCON_DE_LA_CRUZ,2006,11,06,9.3,17.6,5.7
115052,RINCON_DE_LA_CRUZ,2006,11,07,14.0,10.0,3.4
115052,RINCON_DE_LA_CRUZ,2006,11,08,12.6,15.0,4.2
115052,RINCON_DE_LA_CRUZ,2006,11,09,0.0,17.0,5.4
115052,RINCON_DE_LA_CRUZ,2006,11,10,2.2,16.0,5.0
115052,RINCON_DE_LA_CRUZ,2006,11,11,0.0,16.2,5.8
115052,RINCON_DE_LA_CRUZ,2006,11,12,0.0,16.8,5.4
115052,RINCON_DE_LA_CRUZ,2006,11,13,0.0,17.8,5.2
115052,RINCON_DE_LA_CRUZ,2006,11,14,0.0,17.8,3.0
115052,RINCON_DE_LA_CRUZ,2006,11,15,0.0,17.6,4.4
115052,RINCON_DE_LA_CRUZ,2006,11,16,8.3,16.2,6.6
115052,RINCON_DE_LA_CRUZ,2006,11,17,0.0,16.4,5.0
115052,RINCON_DE_LA_CRUZ,2006,11,18,0.0,15.2,5.2
115052,RINCON_DE_LA_CRUZ,2006,11,19,0.0,15.0,5.0
115052,RINCON_DE_LA_CRUZ,2006,11,20,0.0,15.4,4.2
115052,RINCON_DE_LA_CRUZ,2006,11,21,0.0,17.4,3.8
115052,RINCON_DE_LA_CRUZ,2006,11,22,0.0,16.0,6.2
115052,RINCON_DE_LA_CRUZ,2006,11,23,0.0,14.8,5.8
115052,RINCON_DE_LA_CRUZ,2006,11,24,5.8,15.6,5.0
115052,RINCON_DE_LA_CRUZ,2006,11,25,0.0,15.8,4.4
115052,RINCON_DE_LA_CRUZ,2006,11,26,0.0,16.6,4.4
115052,RINCON_DE_LA_CRUZ,2006,11,27,0.0,17.2,3.8
115052,RINCON_DE_LA_CRUZ,2006,11,28,0.0,16.4,5.2
115052,RINCON_DE_LA_CRUZ,2006,11,29,0.0,17.2,6.0
115052,RINCON_DE_LA_CRUZ,2006,11,30,-999,15.0,-999
115052,RINCON_DE_LA_CRUZ,2006,12,01,0.0,16.8,5.8
115052,RINCON_DE_LA_CRUZ,2006,12,02,0.0,17.0,3.2
115052,RINCON_DE_LA_CRUZ,2006,12,03,2.7,17.2,4.0
115052,RINCON_DE_LA_CRUZ,2006,12,04,0.0,13.8,4.2
115052,RINCON_DE_LA_CRUZ,2006,12,05,0.0,17.4,4.2
115052,RINCON_DE_LA_CRUZ,2006,12,06,4.2,16.4,4.8
115052,RINCON_DE_LA_CRUZ,2006,12,07,0.0,16.8,6.6
115052,RINCON_DE_LA_CRUZ,2006,12,08,0.0,18.2,5.8
115052,RINCON_DE_LA_CRUZ,2006,12,09,0.0,17.8,5.6
115052,RINCON_DE_LA_CRUZ,2006,12,10,0.0,18.0,5.0
115052,RINCON_DE_LA_CRUZ,2006,12,11,0.0,16.4,5.2
115052,RINCON_DE_LA_CRUZ,2006,12,12,0.0,17.2,3.0
115052,RINCON_DE_LA_CRUZ,2006,12,13,0.0,19.0,7.0
115052,RINCON_DE_LA_CRUZ,2006,12,14,-888,18.0,7.0
115052,RINCON_DE_LA_CRUZ,2006,12,15,20.0,17.2,7.2
115052,RINCON_DE_LA_CRUZ,2006,12,16,2.0,13.8,5.4
115052,RINCON_DE_LA_CRUZ,2006,12,17,2.5,17.4,6.8
115052,RINCON_DE_LA_CRUZ,2006,12,18,0.0,17.0,7.8
115052,RINCON_DE_LA_CRUZ,2006,12,19,11.5,16.8,7.0
115052,RINCON_DE_LA_CRUZ,2006,12,20,0.0,19.0,5.2
115052,RINCON_DE_LA_CRUZ,2006,12,21,0.0,15.4,5.2
115052,RINCON_DE_LA_CRUZ,2006,12,22,0.0,17.4,6.0
115052,RINCON_DE_LA_CRUZ,2006,12,23,0.0,17.4,5.8
115052,RINCON_DE_LA_CRUZ,2006,12,24,0.0,18.8,6.2
115052,RINCON_DE_LA_CRUZ,2006,12,25,4.5,16.8,6.2
115052,RINCON_DE_LA_CRUZ,2006,12,26,17.6,15.4,5.4
115052,RINCON_DE_LA_CRUZ,2006,12,27,9.2,15.6,5.8
115052,RINCON_DE_LA_CRUZ,2006,12,28,0.0,15.8,5.4
115052,RINCON_DE_LA_CRUZ,2006,12,29,4.7,15.4,5.8
115052,RINCON_DE_LA_CRUZ,2006,12,30,0.0,16.8,4.8
115052,RINCON_DE_LA_CRUZ,2006,12,31,-999,14.0,6.0
115052,RINCON_DE_LA_CRUZ,2007,01,01,0.0,16.6,6.4
115052,RINCON_DE_LA_CRUZ,2007,01,02,2.5,16.0,5.4
115052,RINCON_DE_LA_CRUZ,2007,01,03,0.0,16.4,6.4
115052,RINCON_DE_LA_CRUZ,2007,01,04,0.6,16.2,4.8
115052,RINCON_DE_LA_CRUZ,2007,01,05,0.0,16.8,6.4
115052,RINCON_DE_LA_CRUZ,2007,01,06,7.4,15.8,6.4
115052,RINCON_DE_LA_CRUZ,2007,01,07,2.5,16.0,6.6
115052,RINCON_DE_LA_CRUZ,2007,01,08,0.0,13.2,5.0
115052,RINCON_DE_LA_CRUZ,2007,01,09,16.5,15.2,6.4
115052,RINCON_DE_LA_CRUZ,2007,01,10,10.0,15.4,5.4
115052,RINCON_DE_LA_CRUZ,2007,01,11,6.5,13.0,6.2
115052,RINCON_DE_LA_CRUZ,2007,01,12,1.7,14.8,6.8
115052,RINCON_DE_LA_CRUZ,2007,01,13,0.0,13.0,6.6
115052,RINCON_DE_LA_CRUZ,2007,01,14,2.8,14.8,6.0
115052,RINCON_DE_LA_CRUZ,2007,01,15,16.2,15.2,6.0
115052,RINCON_DE_LA_CRUZ,2007,01,16,5.2,15.0,5.8
115052,RINCON_DE_LA_CRUZ,2007,01,17,0.0,17.2,5.4
115052,RINCON_DE_LA_CRUZ,2007,01,18,0.0,18.2,6.8
115052,RINCON_DE_LA_CRUZ,2007,01,19,0.0,16.8,5.4
115052,RINCON_DE_LA_CRUZ,2007,01,20,0.0,16.0,4.8
115052,RINCON_DE_LA_CRUZ,2007,01,21,0.0,15.8,6.4
115052,RINCON_DE_LA_CRUZ,2007,01,22,0.0,17.6,6.0
115052,RINCON_DE_LA_CRUZ,2007,01,23,1.8,17.0,6.0
115052,RINCON_DE_LA_CRUZ,2007,01,24,0.0,17.2,6.8
115052,RINCON_DE_LA_CRUZ,2007,01,25,0.0,15.8,3.2
115052,RINCON_DE_LA_CRUZ,2007,01,26,0.0,17.6,6.8
115052,RINCON_DE_LA_CRUZ,2007,01,27,0.0,17.4,6.2
115052,RINCON_DE_LA_CRUZ,2007,01,28,0.0,19.2,4.6
115052,RINCON_DE_LA_CRUZ,2007,01,29,0.0,19.4,7.2
115052,RINCON_DE_LA_CRUZ,2007,01,30,26.2,18.4,5.0
115052,RINCON_DE_LA_CRUZ,2007,01,31,-999,16.0,5.2
115052,RINCON_DE_LA_CRUZ,2007,02,01,0.0,15.8,5.8
115052,RINCON_DE_LA_CRUZ,2007,02,02,10.0,16.6,6.8
115052,RINCON_DE_LA_CRUZ,2007,02,03,0.0,18.0,6.0
115052,RINCON_DE_LA_CRUZ,2007,02,04,0.0,18.8,6.2
115052,RINCON_DE_LA_CRUZ,2007,02,05,0.0,18.0,6.4
115052,RINCON_DE_LA_CRUZ,2007,02,06,0.0,18.4,5.8
115052,RINCON_DE_LA_CRUZ,2007,02,07,28.4,17.0,5.0
115052,RINCON_DE_LA_CRUZ,2007,02,08,0.0,14.8,4.8
115052,RINCON_DE_LA_CRUZ,2007,02,09,0.0,15.0,6.5
115052,RINCON_DE_LA_CRUZ,2007,02,10,15.2,15.4,5.8
115052,RINCON_DE_LA_CRUZ,2007,02,11,5.4,16.0,6.0
115052,RINCON_DE_LA_CRUZ,2007,02,12,4.2,16.2,3.2
115052,RINCON_DE_LA_CRUZ,2007,02,13,6.2,13.2,-999
115052,RINCON_DE_LA_CRUZ,2007,02,14,2.8,13.8,5.2
115052,RINCON_DE_LA_CRUZ,2007,02,15,0.0,15.6,5.4
115052,RINCON_DE_LA_CRUZ,2007,02,16,0.0,16.8,4.2
115052,RINCON_DE_LA_CRUZ,2007,02,17,0.0,15.0,2.0
115052,RINCON_DE_LA_CRUZ,2007,02,18,0.0,15.2,5.4
115052,RINCON_DE_LA_CRUZ,2007,02,19,0.0,15.4,4.4
115052,RINCON_DE_LA_CRUZ,2007,02,20,5.0,14.8,4.2
115052,RINCON_DE_LA_CRUZ,2007,02,21,0.0,15.4,5.6
115052,RINCON_DE_LA_CRUZ,2007,02,22,0.0,14.8,4.4
115052,RINCON_DE_LA_CRUZ,2007,02,23,11.5,15.0,5.4
115052,RINCON_DE_LA_CRUZ,2007,02,24,0.0,15.2,5.2
115052,RINCON_DE_LA_CRUZ,2007,02,25,0.0,13.8,5.4
115052,RINCON_DE_LA_CRUZ,2007,02,26,2.8,16.0,5.2
115052,RINCON_DE_LA_CRUZ,2007,02,27,0.0,16.2,5.2
115052,RINCON_DE_LA_CRUZ,2007,02,28,-999,15.8,4.4
115052,RINCON_DE_LA_CRUZ,2007,03,01,6.4,14.8,4.8
115052,RINCON_DE_LA_CRUZ,2007,03,02,9.2,15.6,5.0
115052,RINCON_DE_LA_CRUZ,2007,03,03,15.4,13.6,5.2
115052,RINCON_DE_LA_CRUZ,2007,03,04,5.2,14.2,4.2
115052,RINCON_DE_LA_CRUZ,2007,03,05,12.2,13.4,4.0
115052,RINCON_DE_LA_CRUZ,2007,03,06,1.2,14.0,5.8
115052,RINCON_DE_LA_CRUZ,2007,03,07,0.0,14.2,5.2
115052,RINCON_DE_LA_CRUZ,2007,03,08,0.0,14.0,6.0
115052,RINCON_DE_LA_CRUZ,2007,03,09,4.2,14.6,5.0
115052,RINCON_DE_LA_CRUZ,2007,03,10,0.0,15.2,3.8
115052,RINCON_DE_LA_CRUZ,2007,03,11,6.2,15.0,6.2
115052,RINCON_DE_LA_CRUZ,2007,03,12,12.8,15.4,5.4
115052,RINCON_DE_LA_CRUZ,2007,03,13,3.8,14.0,5.8
115052,RINCON_DE_LA_CRUZ,2007,03,14,3.0,15.8,5.0
115052,RINCON_DE_LA_CRUZ,2007,03,15,9.5,15.0,5.2
115052,RINCON_DE_LA_CRUZ,2007,03,16,2.8,13.2,4.6
115052,RINCON_DE_LA_CRUZ,2007,03,17,14.2,14.4,6.2
115052,RINCON_DE_LA_CRUZ,2007,03,18,31.5,11.4,3.2
115052,RINCON_DE_LA_CRUZ,2007,03,19,1.4,13.0,4.2
115052,RINCON_DE_LA_CRUZ,2007,03,20,3.0,14.2,5.4
115052,RINCON_DE_LA_CRUZ,2007,03,21,0.0,15.4,6.0
115052,RINCON_DE_LA_CRUZ,2007,03,22,0.0,16.4,4.2
115052,RINCON_DE_LA_CRUZ,2007,03,23,0.0,15.0,5.2
115052,RINCON_DE_LA_CRUZ,2007,03,24,2.8,15.2,6.0
115052,RINCON_DE_LA_CRUZ,2007,03,25,0.0,15.0,4.8
115052,RINCON_DE_LA_CRUZ,2007,03,26,2.8,15.2,5.0
115052,RINCON_DE_LA_CRUZ,2007,03,27,0.0,15.4,6.2
115052,RINCON_DE_LA_CRUZ,2007,03,28,32.8,14.8,5.2
115052,RINCON_DE_LA_CRUZ,2007,03,29,7.2,14.4,4.6
115052,RINCON_DE_LA_CRUZ,2007,03,30,8.5,14.2,5.8
115052,RINCON_DE_LA_CRUZ,2007,03,31,-999,13.0,4.4
115052,RINCON_DE_LA_CRUZ,2007,04,01,19.4,13.8,4.2
115052,RINCON_DE_LA_CRUZ,2007,04,02,0.5,16.2,4.0
115052,RINCON_DE_LA_CRUZ,2007,04,03,5.2,15.8,5.6
115052,RINCON_DE_LA_CRUZ,2007,04,04,6.6,14.0,5.0
115052,RINCON_DE_LA_CRUZ,2007,04,05,1.5,14.2,5.2
115052,RINCON_DE_LA_CRUZ,2007,04,06,2.5,13.8,6.2
115052,RINCON_DE_LA_CRUZ,2007,04,07,0.0,15.8,5.2
115052,RINCON_DE_LA_CRUZ,2007,04,08,3.0,15.6,6.0
115052,RINCON_DE_LA_CRUZ,2007,04,09,0.0,14.8,5.8
115052,RINCON_DE_LA_CRUZ,2007,04,10,0.0,16.2,5.4
115052,RINCON_DE_LA_CRUZ,2007,04,11,5.6,16.2,6.4
115052,RINCON_DE_LA_CRUZ,2007,04,12,0.0,16.0,5.2
115052,RINCON_DE_LA_CRUZ,2007,04,13,0.0,13.4,4.4
115052,RINCON_DE_LA_CRUZ,2007,04,14,0.0,16.6,5.8
115052,RINCON_DE_LA_CRUZ,2007,04,15,0.0,15.0,3.4
115052,RINCON_DE_LA_CRUZ,2007,04,16,0.0,15.2,5.8
115052,RINCON_DE_LA_CRUZ,2007,04,17,0.0,15.0,2.6
115052,RINCON_DE_LA_CRUZ,2007,04,18,0.0,15.4,5.6
115052,RINCON_DE_LA_CRUZ,2007,04,19,0.0,15.6,5.2
115052,RINCON_DE_LA_CRUZ,2007,04,20,0.0,15.2,4.0
115052,RINCON_DE_LA_CRUZ,2007,04,21,0.0,13.0,5.4
115052,RINCON_DE_LA_CRUZ,2007,04,22,0.0,15.8,4.0
115052,RINCON_DE_LA_CRUZ,2007,04,23,2.6,15.8,2.8
115052,RINCON_DE_LA_CRUZ,2007,04,24,0.0,14.8,3.2
115052,RINCON_DE_LA_CRUZ,2007,04,25,2.3,14.2,4.0
115052,RINCON_DE_LA_CRUZ,2007,04,26,-888,14.8,4.8
115052,RINCON_DE_LA_CRUZ,2007,04,27,11.8,14.0,4.0
115052,RINCON_DE_LA_CRUZ,2007,04,28,0.0,12.8,3.6
115052,RINCON_DE_LA_CRUZ,2007,04,29,0.0,15.2,3.2
115052,RINCON_DE_LA_CRUZ,2007,04,30,-999,14.2,3.4
115052,RINCON_DE_LA_CRUZ,2007,05,01,0.0,14.8,2.6
115052,RINCON_DE_LA_CRUZ,2007,05,02,0.0,15.0,3.4
115052,RINCON_DE_LA_CRUZ,2007,05,03,0.0,14.8,4.2
115052,RINCON_DE_LA_CRUZ,2007,05,04,0.0,15.6,3.4
115052,RINCON_DE_LA_CRUZ,2007,05,05,0.0,15.4,3.6
115052,RINCON_DE_LA_CRUZ,2007,05,06,3.8,14.2,1.8
115052,RINCON_DE_LA_CRUZ,2007,05,07,0.0,14.2,4.2
115052,RINCON_DE_LA_CRUZ,2007,05,08,0.0,14.0,4.4
115052,RINCON_DE_LA_CRUZ,2007,05,09,0.0,13.4,5.2
115052,RINCON_DE_LA_CRUZ,2007,05,10,0.0,15.2,2.6
115052,RINCON_DE_LA_CRUZ,2007,05,11,0.0,15.0,2.4
115052,RINCON_DE_LA_CRUZ,2007,05,12,0.0,16.0,4.2
115052,RINCON_DE_LA_CRUZ,2007,05,13,0.0,14.8,2.8
115052,RINCON_DE_LA_CRUZ,2007,05,14,0.0,15.0,4.2
115052,RINCON_DE_LA_CRUZ,2007,05,15,0.0,14.2,2.2
115052,RINCON_DE_LA_CRUZ,2007,05,16,0.0,14.8,2.4
115052,RINCON_DE_LA_CRUZ,2007,05,17,0.0,13.8,4.0
115052,RINCON_DE_LA_CRUZ,2007,05,18,0.0,14.0,1.2
115052,RINCON_DE_LA_CRUZ,2007,05,19,0.0,14.6,-0.1
115052,RINCON_DE_LA_CRUZ,2007,05,20,0.0,15.8,0.4
115052,RINCON_DE_LA_CRUZ,2007,05,21,0.0,15.8,0.2
115052,RINCON_DE_LA_CRUZ,2007,05,22,0.0,15.4,1.1
115052,RINCON_DE_LA_CRUZ,2007,05,23,0.0,14.2,0.0
115052,RINCON_DE_LA_CRUZ,2007,05,24,0.0,13.6,0.4
115052,RINCON_DE_LA_CRUZ,2007,05,25,0.0,13.8,3.8
115052,RINCON_DE_LA_CRUZ,2007,05,26,0.0,16.7,0.6
115052,RINCON_DE_LA_CRUZ,2007,05,27,0.0,14.8,0.2
115052,RINCON_DE_LA_CRUZ,2007,05,28,0.0,13.6,-0.1
115052,RINCON_DE_LA_CRUZ,2007,05,29,0.0,15.6,4.6
115052,RINCON_DE_LA_CRUZ,2007,05,30,0.0,14.8,2.4
115052,RINCON_DE_LA_CRUZ,2007,05,31,0.0,13.6,-2.6
115052,RINCON_DE_LA_CRUZ,2007,06,01,0.0,14.0,-0.4
115052,RINCON_DE_LA_CRUZ,2007,06,02,0.0,14.8,-0.5
115052,RINCON_DE_LA_CRUZ,2007,06,03,0.0,14.4,-0.6
115052,RINCON_DE_LA_CRUZ,2007,06,04,0.0,14.8,2.4
115052,RINCON_DE_LA_CRUZ,2007,06,05,0.0,16.0,2.8
115052,RINCON_DE_LA_CRUZ,2007,06,06,0.0,15.6,2.2
115052,RINCON_DE_LA_CRUZ,2007,06,07,0.0,15.1,1.2
115052,RINCON_DE_LA_CRUZ,2007,06,08,0.0,14.4,1.2
115052,RINCON_DE_LA_CRUZ,2007,06,09,0.0,14.2,3.2
115052,RINCON_DE_LA_CRUZ,2007,06,10,0.0,14.4,0.2
115052,RINCON_DE_LA_CRUZ,2007,06,11,0.0,14.0,-1.2
115052,RINCON_DE_LA_CRUZ,2007,06,12,0.0,13.8,-1.4
115052,RINCON_DE_LA_CRUZ,2007,06,13,0.0,14.2,-0.8
115052,RINCON_DE_LA_CRUZ,2007,06,14,0.0,14.5,2.1
115052,RINCON_DE_LA_CRUZ,2007,06,15,0.0,15.0,-0.6
115052,RINCON_DE_LA_CRUZ,2007,06,16,0.0,14.8,2.8
115052,RINCON_DE_LA_CRUZ,2007,06,17,0.0,14.2,0.2
115052,RINCON_DE_LA_CRUZ,2007,06,18,0.0,14.8,-1.6
115052,RINCON_DE_LA_CRUZ,2007,06,19,0.0,15.8,-1.4
115052,RINCON_DE_LA_CRUZ,2007,06,20,-888,14.8,3.4
115052,RINCON_DE_LA_CRUZ,2007,06,21,0.0,14.0,1.0
115052,RINCON_DE_LA_CRUZ,2007,06,22,0.0,13.4,-0.2
115052,RINCON_DE_LA_CRUZ,2007,06,23,0.0,13.8,1.2
115052,RINCON_DE_LA_CRUZ,2007,06,24,0.0,13.0,0.0
115052,RINCON_DE_LA_CRUZ,2007,06,25,0.0,14.6,0.8
115052,RINCON_DE_LA_CRUZ,2007,06,26,0.0,13.4,-1.2
115052,RINCON_DE_LA_CRUZ,2007,06,27,0.0,14.4,-2.2
115052,RINCON_DE_LA_CRUZ,2007,06,28,0.0,14.4,-1.0
115052,RINCON_DE_LA_CRUZ,2007,06,29,0.0,-999,-1.8
115052,RINCON_DE_LA_CRUZ,2007,06,30,0.0,-999,-1.8
115052,RINCON_DE_LA_CRUZ,2007,07,01,0.0,-999,0.2
115052,RINCON_DE_LA_CRUZ,2007,07,02,0.0,13.6,-1.6
115052,RINCON_DE_LA_CRUZ,2007,07,03,0.0,16.0,-2.0
115052,RINCON_DE_LA_CRUZ,2007,07,04,0.0,15.8,0.2
115052,RINCON_DE_LA_CRUZ,2007,07,05,0.0,14.4,-1.6
115052,RINCON_DE_LA_CRUZ,2007,07,06,0.0,13.8,-1.5
115052,RINCON_DE_LA_CRUZ,2007,07,07,0.0,14.0,-0.1
115052,RINCON_DE_LA_CRUZ,2007,07,08,7.8,12.2,1.6
115052,RINCON_DE_LA_CRUZ,2007,07,09,0.8,9.2,0.2
115052,RINCON_DE_LA_CRUZ,2007,07,10,0.0,10.0,0.6
115052,RINCON_DE_LA_CRUZ,2007,07,11,0.0,12.8,1.2
115052,RINCON_DE_LA_CRUZ,2007,07,12,0.0,14.4,1.8
115052,RINCON_DE_LA_CRUZ,2007,07,13,0.0,12.2,-3.6
115052,RINCON_DE_LA_CRUZ,2007,07,14,0.0,12.6,-2.0
115052,RINCON_DE_LA_CRUZ,2007,07,15,0.0,14.2,1.2
115052,RINCON_DE_LA_CRUZ,2007,07,16,0.0,15.4,-1.4
115052,RINCON_DE_LA_CRUZ,2007,07,17,0.0,11.6,-0.2
115052,RINCON_DE_LA_CRUZ,2007,07,18,0.0,13.8,-1.4
115052,RINCON_DE_LA_CRUZ,2007,07,19,0.0,12.6,0.2
115052,RINCON_DE_LA_CRUZ,2007,07,20,0.0,15.0,3.8
115052,RINCON_DE_LA_CRUZ,2007,07,21,0.0,14.4,1.2
115052,RINCON_DE_LA_CRUZ,2007,07,22,0.0,14.8,0.8
115052,RINCON_DE_LA_CRUZ,2007,07,23,0.0,12.8,-2.6
115052,RINCON_DE_LA_CRUZ,2007,07,24,0.0,14.6,-1.0
115052,RINCON_DE_LA_CRUZ,2007,07,25,0.0,11.6,-3.2
115052,RINCON_DE_LA_CRUZ,2007,07,26,0.0,13.0,0.8
115052,RINCON_DE_LA_CRUZ,2007,07,27,0.0,13.2,-2.8
115052,RINCON_DE_LA_CRUZ,2007,07,28,0.0,13.8,0.4
115052,RINCON_DE_LA_CRUZ,2007,07,29,0.0,14.2,1.2
115052,RINCON_DE_LA_CRUZ,2007,07,30,0.0,13.6,-1.0
115052,RINCON_DE_LA_CRUZ,2007,07,31,0.0,14.2,2.2
115052,RINCON_DE_LA_CRUZ,2007,08,01,0.0,13.8,-1.5
115052,RINCON_DE_LA_CRUZ,2007,08,02,0.0,14.0,-3.2
115052,RINCON_DE_LA_CRUZ,2007,08,03,0.0,14.2,-1.8
115052,RINCON_DE_LA_CRUZ,2007,08,04,0.0,15.0,-0.1
115052,RINCON_DE_LA_CRUZ,2007,08,05,0.0,14.4,-0.4
115052,RINCON_DE_LA_CRUZ,2007,08,06,0.0,14.8,2.0
115052,RINCON_DE_LA_CRUZ,2007,08,07,0.0,14.8,-2.0
115052,RINCON_DE_LA_CRUZ,2007,08,08,0.0,15.8,0.2
115052,RINCON_DE_LA_CRUZ,2007,08,09,0.0,15.6,2.6
115052,RINCON_DE_LA_CRUZ,2007,08,10,0.0,16.4,0.0
115052,RINCON_DE_LA_CRUZ,2007,08,11,0.0,14.2,0.2
115052,RINCON_DE_LA_CRUZ,2007,08,12,0.0,16.6,-1.8
115052,RINCON_DE_LA_CRUZ,2007,08,13,0.0,17.6,0.0
115052,RINCON_DE_LA_CRUZ,2007,08,14,0.0,16.0,-1.2
115052,RINCON_DE_LA_CRUZ,2007,08,15,0.0,16.2,-1.8
115052,RINCON_DE_LA_CRUZ,2007,08,16,0.0,15.8,1.2
115052,RINCON_DE_LA_CRUZ,2007,08,17,0.0,13.8,1.0
115052,RINCON_DE_LA_CRUZ,2007,08,18,0.0,15.2,-2.0
115052,RINCON_DE_LA_CRUZ,2007,08,19,0.0,14.8,2.0
115052,RINCON_DE_LA_CRUZ,2007,08,20,0.0,14.8,-2.4
115052,RINCON_DE_LA_CRUZ,2007,08,21,0.0,15.4,-1.0
115052,RINCON_DE_LA_CRUZ,2007,08,22,0.0,16.8,1.4
115052,RINCON_DE_LA_CRUZ,2007,08,23,0.0,15.4,1.6
115052,RINCON_DE_LA_CRUZ,2007,08,24,0.0,15.4,1.4
115052,RINCON_DE_LA_CRUZ,2007,08,25,0.0,17.6,0.4
115052,RINCON_DE_LA_CRUZ,2007,08,26,0.0,16.6,1.8
115052,RINCON_DE_LA_CRUZ,2007,08,27,0.0,19.8,1.0
115052,RINCON_DE_LA_CRUZ,2007,08,28,0.0,16.2,2.6
115052,RINCON_DE_LA_CRUZ,2007,08,29,-888,14.8,1.0
115052,RINCON_DE_LA_CRUZ,2007,08,30,8.2,15.0,1.6
115052,RINCON_DE_LA_CRUZ,2007,08,31,-999,15.2,2.8
115052,RINCON_DE_LA_CRUZ,2007,09,01,0.0,13.2,2.6
115052,RINCON_DE_LA_CRUZ,2007,09,02,5.8,14.8,2.5
115052,RINCON_DE_LA_CRUZ,2007,09,03,0.0,14.2,2.5
115052,RINCON_DE_LA_CRUZ,2007,09,04,0.0,14.4,1.2
115052,RINCON_DE_LA_CRUZ,2007,09,05,16.0,13.4,2.4
115052,RINCON_DE_LA_CRUZ,2007,09,06,0.0,11.4,3.4
115052,RINCON_DE_LA_CRUZ,2007,09,07,1.5,13.0,2.8
115052,RINCON_DE_LA_CRUZ,2007,09,08,0.7,13.2,3.1
115052,RINCON_DE_LA_CRUZ,2007,09,09,0.5,12.8,2.2
115052,RINCON_DE_LA_CRUZ,2007,09,10,0.0,11.8,2.3
115052,RINCON_DE_LA_CRUZ,2007,09,11,5.8,13.6,2.2
115052,RINCON_DE_LA_CRUZ,2007,09,12,0.0,13.4,2.0
115052,RINCON_DE_LA_CRUZ,2007,09,13,0.0,14.6,5.2
115052,RINCON_DE_LA_CRUZ,2007,09,14,0.9,14.8,3.4
115052,RINCON_DE_LA_CRUZ,2007,09,15,5.0,14.4,4.2
115052,RINCON_DE_LA_CRUZ,2007,09,16,3.3,15.2,2.2
115052,RINCON_DE_LA_CRUZ,2007,09,17,0.5,15.0,3.6
115052,RINCON_DE_LA_CRUZ,2007,09,18,1.3,14.6,3.2
115052,RINCON_DE_LA_CRUZ,2007,09,19,2.0,14.2,3.8
115052,RINCON_DE_LA_CRUZ,2007,09,20,0.0,13.8,2.4
115052,RINCON_DE_LA_CRUZ,2007,09,21,3.7,15.2,3.2
115052,RINCON_DE_LA_CRUZ,2007,09,22,1.5,15.8,1.6
115052,RINCON_DE_LA_CRUZ,2007,09,23,16.5,16.4,2.2
115052,RINCON_DE_LA_CRUZ,2007,09,24,2.7,13.8,2.0
115052,RINCON_DE_LA_CRUZ,2007,09,25,17.3,14.4,3.6
115052,RINCON_DE_LA_CRUZ,2007,09,26,5.6,15.0,4.2
115052,RINCON_DE_LA_CRUZ,2007,09,27,9.6,14.4,3.8
115052,RINCON_DE_LA_CRUZ,2007,09,28,8.1,13.4,2.6
115052,RINCON_DE_LA_CRUZ,2007,09,29,0.0,12.4,4.8
115052,RINCON_DE_LA_CRUZ,2007,09,30,-999,14.4,3.6
115052,RINCON_DE_LA_CRUZ,2007,10,01,0.0,15.8,3.2
115052,RINCON_DE_LA_CRUZ,2007,10,02,0.0,17.0,3.4
115052,RINCON_DE_LA_CRUZ,2007,10,03,0.0,16.8,1.6
115052,RINCON_DE_LA_CRUZ,2007,10,04,0.0,16.6,1.2
115052,RINCON_DE_LA_CRUZ,2007,10,05,0.0,16.8,3.8
115052,RINCON_DE_LA_CRUZ,2007,10,06,0.9,16.4,4.4
115052,RINCON_DE_LA_CRUZ,2007,10,07,2.5,15.6,3.7
115052,RINCON_DE_LA_CRUZ,2007,10,08,0.0,15.4,4.6
115052,RINCON_DE_LA_CRUZ,2007,10,09,0.0,16.2,1.8
115052,RINCON_DE_LA_CRUZ,2007,10,10,0.0,16.0,5.0
115052,RINCON_DE_LA_CRUZ,2007,10,11,0.0,16.2,4.0
115052,RINCON_DE_LA_CRUZ,2007,10,12,0.0,15.4,0.8
115052,RINCON_DE_LA_CRUZ,2007,10,13,0.0,17.2,5.0
115052,RINCON_DE_LA_CRUZ,2007,10,14,0.0,14.8,4.0
115052,RINCON_DE_LA_CRUZ,2007,10,15,1.2,14.6,3.4
115052,RINCON_DE_LA_CRUZ,2007,10,16,0.0,15.2,4.2
115052,RINCON_DE_LA_CRUZ,2007,10,17,0.0,15.0,2.2
115052,RINCON_DE_LA_CRUZ,2007,10,18,0.0,15.2,3.8
115052,RINCON_DE_LA_CRUZ,2007,10,19,1.3,16.4,4.6
115052,RINCON_DE_LA_CRUZ,2007,10,20,0.0,16.8,5.8
115052,RINCON_DE_LA_CRUZ,2007,10,21,0.0,15.8,3.2
115052,RINCON_DE_LA_CRUZ,2007,10,22,0.0,16.0,4.4
115052,RINCON_DE_LA_CRUZ,2007,10,23,22.9,15.8,4.2
115052,RINCON_DE_LA_CRUZ,2007,10,24,0.0,13.6,4.0
115052,RINCON_DE_LA_CRUZ,2007,10,25,0.0,16.0,2.4
115052,RINCON_DE_LA_CRUZ,2007,10,26,0.0,18.4,2.8
115052,RINCON_DE_LA_CRUZ,2007,10,27,0.0,18.0,5.6
115052,RINCON_DE_LA_CRUZ,2007,10,28,4.3,15.2,5.4
115052,RINCON_DE_LA_CRUZ,2007,10,29,12.5,15.6,4.8
115052,RINCON_DE_LA_CRUZ,2007,10,30,6.2,15.2,3.4
115052,RINCON_DE_LA_CRUZ,2007,10,31,-999,15.4,3.2
115052,RINCON_DE_LA_CRUZ,2007,11,01,0.0,15.2,3.8
115052,RINCON_DE_LA_CRUZ,2007,11,02,0.0,16.0,-0.1
115052,RINCON_DE_LA_CRUZ,2007,11,03,0.0,17.6,4.2
115052,RINCON_DE_LA_CRUZ,2007,11,04,0.0,15.8,0.8
115052,RINCON_DE_LA_CRUZ,2007,11,05,0.0,15.6,4.4
115052,RINCON_DE_LA_CRUZ,2007,11,06,0.0,16.0,4.2
115052,RINCON_DE_LA_CRUZ,2007,11,07,0.0,16.4,6.2
115052,RINCON_DE_LA_CRUZ,2007,11,08,0.0,15.4,3.4
115052,RINCON_DE_LA_CRUZ,2007,11,09,0.0,16.2,-1.1
115052,RINCON_DE_LA_CRUZ,2007,11,10,0.0,16.8,-2.6
115052,RINCON_DE_LA_CRUZ,2007,11,11,0.0,16.8,-1.8
115052,RINCON_DE_LA_CRUZ,2007,11,12,0.0,15.6,4.8
115052,RINCON_DE_LA_CRUZ,2007,11,13,0.0,17.2,5.0
115052,RINCON_DE_LA_CRUZ,2007,11,14,0.6,16.8,2.4
115052,RINCON_DE_LA_CRUZ,2007,11,15,2.1,13.6,8.0
115052,RINCON_DE_LA_CRUZ,2007,11,16,1.3,14.8,4.8
115052,RINCON_DE_LA_CRUZ,2007,11,17,4.5,15.8,3.6
115052,RINCON_DE_LA_CRUZ,2007,11,18,8.0,16.6,2.0
115052,RINCON_DE_LA_CRUZ,2007,11,19,7.5,16.2,4.4
115052,RINCON_DE_LA_CRUZ,2007,11,20,1.2,15.8,5.4
115052,RINCON_DE_LA_CRUZ,2007,11,21,4.4,15.6,4.2
115052,RINCON_DE_LA_CRUZ,2007,11,22,7.9,14.2,3.6
115052,RINCON_DE_LA_CRUZ,2007,11,23,29.0,16.2,5.0
115052,RINCON_DE_LA_CRUZ,2007,11,24,0.0,16.0,3.2
115052,RINCON_DE_LA_CRUZ,2007,11,25,0.0,15.8,5.4
115052,RINCON_DE_LA_CRUZ,2007,11,26,0.0,17.0,3.8
115052,RINCON_DE_LA_CRUZ,2007,11,27,0.0,15.4,5.0
115052,RINCON_DE_LA_CRUZ,2007,11,28,0.0,15.8,4.4
115052,RINCON_DE_LA_CRUZ,2007,11,29,0.0,15.2,5.0
115052,RINCON_DE_LA_CRUZ,2007,11,30,-999,14.2,3.6
115052,RINCON_DE_LA_CRUZ,2007,12,01,22.4,13.2,-999
115052,RINCON_DE_LA_CRUZ,2007,12,02,4.2,12.8,3.0
115052,RINCON_DE_LA_CRUZ,2007,12,03,0.0,13.2,5.0
115052,RINCON_DE_LA_CRUZ,2007,12,04,0.0,15.6,1.8
115052,RINCON_DE_LA_CRUZ,2007,12,05,0.0,15.8,-0.4
115052,RINCON_DE_LA_CRUZ,2007,12,06,0.0,14.6,4.8
115052,RINCON_DE_LA_CRUZ,2007,12,07,0.0,18.2,4.2
115052,RINCON_DE_LA_CRUZ,2007,12,08,0.0,17.0,4.8
115052,RINCON_DE_LA_CRUZ,2007,12,09,0.0,17.4,4.0
115052,RINCON_DE_LA_CRUZ,2007,12,10,0.0,15.8,3.2
115052,RINCON_DE_LA_CRUZ,2007,12,11,0.0,17.2,3.8
115052,RINCON_DE_LA_CRUZ,2007,12,12,-888,15.8,6.2
115052,RINCON_DE_LA_CRUZ,2007,12,13,4.7,17.4,7.6
115052,RINCON_DE_LA_CRUZ,2007,12,14,4.7,17.2,5.4
115052,RINCON_DE_LA_CRUZ,2007,12,15,13.0,16.6,5.6
115052,RINCON_DE_LA_CRUZ,2007,12,16,3.9,13.8,4.6
115052,RINCON_DE_LA_CRUZ,2007,12,17,0.0,15.2,4.6
115052,RINCON_DE_LA_CRUZ,2007,12,18,5.5,15.0,6.6
115052,RINCON_DE_LA_CRUZ,2007,12,19,2.7,12.6,4.4
115052,RINCON_DE_LA_CRUZ,2007,12,20,1.1,16.0,5.2
115052,RINCON_DE_LA_CRUZ,2007,12,21,0.0,16.8,6.6
115052,RINCON_DE_LA_CRUZ,2007,12,22,3.8,13.8,-999
115052,RINCON_DE_LA_CRUZ,2007,12,23,1.7,16.6,5.2
115052,RINCON_DE_LA_CRUZ,2007,12,24,8.4,17.2,4.4
115052,RINCON_DE_LA_CRUZ,2007,12,25,0.0,17.6,3.2
115052,RINCON_DE_LA_CRUZ,2007,12,26,0.0,17.0,6.2
115052,RINCON_DE_LA_CRUZ,2007,12,27,0.0,16.6,5.4
115052,RINCON_DE_LA_CRUZ,2007,12,28,0.0,16.6,5.6
115052,RINCON_DE_LA_CRUZ,2007,12,29,0.0,18.2,3.8
115052,RINCON_DE_LA_CRUZ,2007,12,30,17.0,16.4,3.0
115052,RINCON_DE_LA_CRUZ,2007,12,31,3.3,15.2,5.0
115052,RINCON_DE_LA_CRUZ,2008,01,01,0.0,14.8,5.2
115052,RINCON_DE_LA_CRUZ,2008,01,02,3.8,13.4,6.4
115052,RINCON_DE_LA_CRUZ,2008,01,03,3.5,13.0,5.2
115052,RINCON_DE_LA_CRUZ,2008,01,04,7.3,14.4,6.4
115052,RINCON_DE_LA_CRUZ,2008,01,05,8.6,11.8,5.4
115052,RINCON_DE_LA_CRUZ,2008,01,06,2.4,13.6,5.8
115052,RINCON_DE_LA_CRUZ,2008,01,07,8.5,15.0,6.0
115052,RINCON_DE_LA_CRUZ,2008,01,08,2.6,14.4,-999
115052,RINCON_DE_LA_CRUZ,2008,01,09,9.3,11.4,5.0
115052,RINCON_DE_LA_CRUZ,2008,01,10,10.0,12.2,5.4
115052,RINCON_DE_LA_CRUZ,2008,01,11,3.5,13.4,5.2
115052,RINCON_DE_LA_CRUZ,2008,01,12,3.0,14.6,6.8
115052,RINCON_DE_LA_CRUZ,2008,01,13,14.2,15.0,5.8
115052,RINCON_DE_LA_CRUZ,2008,01,14,4.7,14.8,5.0
115052,RINCON_DE_LA_CRUZ,2008,01,15,7.7,13.4,3.4
115052,RINCON_DE_LA_CRUZ,2008,01,16,33.0,15.8,4.6
115052,RINCON_DE_LA_CRUZ,2008,01,17,0.0,14.2,3.2
115052,RINCON_DE_LA_CRUZ,2008,01,18,0.0,16.0,5.2
115052,RINCON_DE_LA_CRUZ,2008,01,19,0.0,14.8,6.8
115052,RINCON_DE_LA_CRUZ,2008,01,20,29.5,15.6,6.0
115052,RINCON_DE_LA_CRUZ,2008,01,21,3.3,14.4,3.8
115052,RINCON_DE_LA_CRUZ,2008,01,22,4.2,14.8,6.2
115052,RINCON_DE_LA_CRUZ,2008,01,23,1.7,13.8,6.8
115052,RINCON_DE_LA_CRUZ,2008,01,24,13.6,14.8,6.4
115052,RINCON_DE_LA_CRUZ,2008,01,25,0.0,12.2,5.0
115052,RINCON_DE_LA_CRUZ,2008,01,26,0.0,15.6,6.6
115052,RINCON_DE_LA_CRUZ,2008,01,27,5.2,14.2,7.2
115052,RINCON_DE_LA_CRUZ,2008,01,28,13.9,15.8,5.6
115052,RINCON_DE_LA_CRUZ,2008,01,29,31.3,13.6,5.8
115052,RINCON_DE_LA_CRUZ,2008,01,30,31.9,14.0,4.0
115052,RINCON_DE_LA_CRUZ,2008,01,31,2.6,14.0,3.6
115052,RINCON_DE_LA_CRUZ,2008,02,01,0.0,14.4,4.2
115052,RINCON_DE_LA_CRUZ,2008,02,02,11.2,14.0,5.0
115052,RINCON_DE_LA_CRUZ,2008,02,03,8.3,12.4,5.4
115052,RINCON_DE_LA_CRUZ,2008,02,04,0.0,13.4,4.8
115052,RINCON_DE_LA_CRUZ,2008,02,05,2.3,15.4,5.6
115052,RINCON_DE_LA_CRUZ,2008,02,06,0.0,16.0,5.2
115052,RINCON_DE_LA_CRUZ,2008,02,07,1.2,15.8,6.0
115052,RINCON_DE_LA_CRUZ,2008,02,08,0.0,16.0,4.8
115052,RINCON_DE_LA_CRUZ,2008,02,09,0.0,15.0,5.0
115052,RINCON_DE_LA_CRUZ,2008,02,10,0.0,15.8,4.2
115052,RINCON_DE_LA_CRUZ,2008,02,11,2.4,15.6,3.8
115052,RINCON_DE_LA_CRUZ,2008,02,12,0.0,16.0,3.4
115052,RINCON_DE_LA_CRUZ,2008,02,13,0.0,15.4,4.0
115052,RINCON_DE_LA_CRUZ,2008,02,14,0.0,16.8,5.8
115052,RINCON_DE_LA_CRUZ,2008,02,15,0.0,17.2,7.2
115052,RINCON_DE_LA_CRUZ,2008,02,16,10.8,14.2,-999
115052,RINCON_DE_LA_CRUZ,2008,02,17,7.2,14.0,3.6
115052,RINCON_DE_LA_CRUZ,2008,02,18,1.5,14.0,5.2
115052,RINCON_DE_LA_CRUZ,2008,02,19,2.9,13.8,5.4
115052,RINCON_DE_LA_CRUZ,2008,02,20,10.4,15.0,4.4
115052,RINCON_DE_LA_CRUZ,2008,02,21,2.5,13.2,4.2
115052,RINCON_DE_LA_CRUZ,2008,02,22,0.0,15.8,5.8
115052,RINCON_DE_LA_CRUZ,2008,02,23,6.1,14.8,6.4
115052,RINCON_DE_LA_CRUZ,2008,02,24,20.0,14.4,5.8
115052,RINCON_DE_LA_CRUZ,2008,02,25,4.0,14.8,6.0
115052,RINCON_DE_LA_CRUZ,2008,02,26,0.0,14.6,4.6
115052,RINCON_DE_LA_CRUZ,2008,02,27,4.2,13.6,4.4
115052,RINCON_DE_LA_CRUZ,2008,02,28,6.2,14.4,6.6
115052,RINCON_DE_LA_CRUZ,2008,02,29,0.6,13.6,6.2
115052,RINCON_DE_LA_CRUZ,2008,03,01,3.2,14.0,3.2
115052,RINCON_DE_LA_CRUZ,2008,03,02,2.0,12.6,4.6
115052,RINCON_DE_LA_CRUZ,2008,03,03,16.1,13.2,4.2
115052,RINCON_DE_LA_CRUZ,2008,03,04,0.0,13.6,4.6
115052,RINCON_DE_LA_CRUZ,2008,03,05,0.0,14.4,5.0
115052,RINCON_DE_LA_CRUZ,2008,03,06,0.0,15.0,3.6
115052,RINCON_DE_LA_CRUZ,2008,03,07,24.5,14.0,5.0
115052,RINCON_DE_LA_CRUZ,2008,03,08,0.7,12.6,2.2
115052,RINCON_DE_LA_CRUZ,2008,03,09,6.6,14.0,5.4
115052,RINCON_DE_LA_CRUZ,2008,03,10,5.1,13.0,5.4
115052,RINCON_DE_LA_CRUZ,2008,03,11,2.5,12.0,4.6
115052,RINCON_DE_LA_CRUZ,2008,03,12,11.7,13.2,5.0
115052,RINCON_DE_LA_CRUZ,2008,03,13,6.7,13.8,5.2
115052,RINCON_DE_LA_CRUZ,2008,03,14,3.7,14.8,5.4
115052,RINCON_DE_LA_CRUZ,2008,03,15,0.0,16.0,5.0
115052,RINCON_DE_LA_CRUZ,2008,03,16,0.0,15.8,5.4
115052,RINCON_DE_LA_CRUZ,2008,03,17,0.0,14.8,3.8
115052,RINCON_DE_LA_CRUZ,2008,03,18,0.0,13.2,3.6
115052,RINCON_DE_LA_CRUZ,2008,03,19,0.0,14.8,3.4
115052,RINCON_DE_LA_CRUZ,2008,03,20,2.4,15.2,1.8
115052,RINCON_DE_LA_CRUZ,2008,03,21,0.0,13.8,2.4
115052,RINCON_DE_LA_CRUZ,2008,03,22,0.0,14.0,2.8
115052,RINCON_DE_LA_CRUZ,2008,03,23,3.4,13.6,3.6
115052,RINCON_DE_LA_CRUZ,2008,03,24,1.4,14.2,5.8
115052,RINCON_DE_LA_CRUZ,2008,03,25,0.0,15.2,5.0
115052,RINCON_DE_LA_CRUZ,2008,03,26,0.0,16.4,4.8
115052,RINCON_DE_LA_CRUZ,2008,03,27,0.0,16.2,3.0
115052,RINCON_DE_LA_CRUZ,2008,03,28,0.0,15.6,2.8
115052,RINCON_DE_LA_CRUZ,2008,03,29,7.0,14.2,3.8
115052,RINCON_DE_LA_CRUZ,2008,03,30,0.0,14.8,4.2
115052,RINCON_DE_LA_CRUZ,2008,03,31,0.0,15.0,4.8
115052,RINCON_DE_LA_CRUZ,2008,04,01,0.0,15.2,1.8
115052,RINCON_DE_LA_CRUZ,2008,04,02,0.0,14.6,4.8
115052,RINCON_DE_LA_CRUZ,2008,04,03,0.0,14.0,2.6
115052,RINCON_DE_LA_CRUZ,2008,04,04,0.0,13.8,2.2
115052,RINCON_DE_LA_CRUZ,2008,04,05,0.0,13.0,2.8
115052,RINCON_DE_LA_CRUZ,2008,04,06,0.0,13.6,1.6
115052,RINCON_DE_LA_CRUZ,2008,04,07,0.0,13.8,1.8
115052,RINCON_DE_LA_CRUZ,2008,04,08,0.0,15.2,0.4
115052,RINCON_DE_LA_CRUZ,2008,04,09,0.0,14.6,3.8
115052,RINCON_DE_LA_CRUZ,2008,04,10,0.0,15.4,2.4
115052,RINCON_DE_LA_CRUZ,2008,04,11,0.0,15.2,4.8
115052,RINCON_DE_LA_CRUZ,2008,04,12,0.0,15.4,2.6
115052,RINCON_DE_LA_CRUZ,2008,04,13,2.5,16.0,2.8
115052,RINCON_DE_LA_CRUZ,2008,04,14,4.2,14.8,4.0
115052,RINCON_DE_LA_CRUZ,2008,04,15,0.0,13.0,3.4
115052,RINCON_DE_LA_CRUZ,2008,04,16,-888,15.2,0.1
115052,RINCON_DE_LA_CRUZ,2008,04,17,0.0,15.6,4.8
115052,RINCON_DE_LA_CRUZ,2008,04,18,0.0,15.2,4.6
115052,RINCON_DE_LA_CRUZ,2008,04,19,0.0,14.8,4.2
115052,RINCON_DE_LA_CRUZ,2008,04,20,0.0,15.0,3.0
115052,RINCON_DE_LA_CRUZ,2008,04,21,0.0,14.2,5.0
115052,RINCON_DE_LA_CRUZ,2008,04,22,0.0,15.0,0.4
115052,RINCON_DE_LA_CRUZ,2008,04,23,-888,14.6,1.6
115052,RINCON_DE_LA_CRUZ,2008,04,24,0.0,14.8,2.2
115052,RINCON_DE_LA_CRUZ,2008,04,25,0.0,14.4,4.4
115052,RINCON_DE_LA_CRUZ,2008,04,26,0.0,15.0,2.4
115052,RINCON_DE_LA_CRUZ,2008,04,27,0.0,14.2,-0.6
115052,RINCON_DE_LA_CRUZ,2008,04,28,0.0,16.0,4.8
115052,RINCON_DE_LA_CRUZ,2008,04,29,0.0,16.6,2.2
115052,RINCON_DE_LA_CRUZ,2008,04,30,0.0,14.6,0.2
115052,RINCON_DE_LA_CRUZ,2008,05,01,0.0,15.0,2.4
115052,RINCON_DE_LA_CRUZ,2008,05,02,0.0,12.8,-1.0
115052,RINCON_DE_LA_CRUZ,2008,05,03,0.0,13.8,-1.4
115052,RINCON_DE_LA_CRUZ,2008,05,04,0.0,17.2,1.8
115052,RINCON_DE_LA_CRUZ,2008,05,05,0.0,15.2,-3.0
115052,RINCON_DE_LA_CRUZ,2008,05,06,0.0,15.6,-0.4
115052,RINCON_DE_LA_CRUZ,2008,05,07,0.0,15.4,1.2
115052,RINCON_DE_LA_CRUZ,2008,05,08,0.0,15.8,1.4
115052,RINCON_DE_LA_CRUZ,2008,05,09,0.0,14.4,1.8
115052,RINCON_DE_LA_CRUZ,2008,05,10,0.5,13.8,0.2
115052,RINCON_DE_LA_CRUZ,2008,05,11,0.0,10.2,2.2
115052,RINCON_DE_LA_CRUZ,2008,05,12,8.0,10.8,2.0
115052,RINCON_DE_LA_CRUZ,2008,05,13,0.0,11.0,0.6
115052,RINCON_DE_LA_CRUZ,2008,05,14,0.0,12.8,-0.4
115052,RINCON_DE_LA_CRUZ,2008,05,15,0.0,13.8,-3.2
115052,RINCON_DE_LA_CRUZ,2008,05,16,0.0,12.6,-3.0
115052,RINCON_DE_LA_CRUZ,2008,05,17,0.0,13.8,-2.0
115052,RINCON_DE_LA_CRUZ,2008,05,18,0.0,14.4,-1.8
115052,RINCON_DE_LA_CRUZ,2008,05,19,0.0,15.4,-1.4
115052,RINCON_DE_LA_CRUZ,2008,05,20,0.0,15.2,-2.0
115052,RINCON_DE_LA_CRUZ,2008,05,21,0.0,15.8,-2.4
115052,RINCON_DE_LA_CRUZ,2008,05,22,0.0,15.2,-0.8
115052,RINCON_DE_LA_CRUZ,2008,05,23,0.0,14.6,-1.8
115052,RINCON_DE_LA_CRUZ,2008,05,24,0.0,14.4,-2.6
115052,RINCON_DE_LA_CRUZ,2008,05,25,0.0,13.0,2.0
115052,RINCON_DE_LA_CRUZ,2008,05,26,0.0,13.0,-1.6
115052,RINCON_DE_LA_CRUZ,2008,05,27,0.0,13.2,-2.8
115052,RINCON_DE_LA_CRUZ,2008,05,28,0.0,13.2,-1.4
115052,RINCON_DE_LA_CRUZ,2008,05,29,0.0,14.6,-3.8
115052,RINCON_DE_LA_CRUZ,2008,05,30,0.0,13.8,-1.2
115052,RINCON_DE_LA_CRUZ,2008,05,31,0.0,13.6,-3.8
115052,RINCON_DE_LA_CRUZ,2008,06,01,0.0,14.0,1.6
115052,RINCON_DE_LA_CRUZ,2008,06,02,0.0,13.6,3.4
115052,RINCON_DE_LA_CRUZ,2008,06,03,0.0,15.0,-0.8
115052,RINCON_DE_LA_CRUZ,2008,06,04,0.0,15.2,-4.2
115052,RINCON_DE_LA_CRUZ,2008,06,05,0.0,14.8,-4.4
115052,RINCON_DE_LA_CRUZ,2008,06,06,0.0,15.0,-1.4
115052,RINCON_DE_LA_CRUZ,2008,06,07,0.0,14.6,-3.2
115052,RINCON_DE_LA_CRUZ,2008,06,08,0.0,15.2,-4.4
115052,RINCON_DE_LA_CRUZ,2008,06,09,0.0,13.8,-4.2
115052,RINCON_DE_LA_CRUZ,2008,06,10,3.8,14.8,-1.4
115052,RINCON_DE_LA_CRUZ,2008,06,11,0.0,13.8,0.2
115052,RINCON_DE_LA_CRUZ,2008,06,12,0.0,13.2,0.4
115052,RINCON_DE_LA_CRUZ,2008,06,13,0.0,13.6,-4.6
115052,RINCON_DE_LA_CRUZ,2008,06,14,0.0,13.0,-3.4
115052,RINCON_DE_LA_CRUZ,2008,06,15,0.0,14.2,-0.8
115052,RINCON_DE_LA_CRUZ,2008,06,16,0.0,14.2,2.6
115052,RINCON_DE_LA_CRUZ,2008,06,17,0.0,15.8,0.6
115052,RINCON_DE_LA_CRUZ,2008,06,18,0.0,15.6,0.8
115052,RINCON_DE_LA_CRUZ,2008,06,19,0.0,14.4,-1.0
115052,RINCON_DE_LA_CRUZ,2008,06,20,0.0,15.4,-0.4
115052,RINCON_DE_LA_CRUZ,2008,06,21,0.0,15.2,-0.8
115052,RINCON_DE_LA_CRUZ,2008,06,22,0.0,13.4,2.0
115052,RINCON_DE_LA_CRUZ,2008,06,23,0.0,13.8,-2.8
115052,RINCON_DE_LA_CRUZ,2008,06,24,0.0,14.6,-0.8
115052,RINCON_DE_LA_CRUZ,2008,06,25,0.0,15.2,-1.2
115052,RINCON_DE_LA_CRUZ,2008,06,26,0.0,16.4,1.4
115052,RINCON_DE_LA_CRUZ,2008,06,27,0.0,14.2,0.4
115052,RINCON_DE_LA_CRUZ,2008,06,28,0.0,13.8,-3.2
115052,RINCON_DE_LA_CRUZ,2008,06,29,0.0,14.0,-4.8
115052,RINCON_DE_LA_CRUZ,2008,06,30,0.0,13.2,-1.8
115052,RINCON_DE_LA_CRUZ,2008,07,01,0.0,13.6,-0.8
115052,RINCON_DE_LA_CRUZ,2008,07,02,0.0,14.2,-4.6
115052,RINCON_DE_LA_CRUZ,2008,07,03,0.0,14.4,-3.2
115052,RINCON_DE_LA_CRUZ,2008,07,04,0.0,14.6,-4.0
115052,RINCON_DE_LA_CRUZ,2008,07,05,0.0,14.4,-4.6
115052,RINCON_DE_LA_CRUZ,2008,07,06,0.0,15.2,-4.8
115052,RINCON_DE_LA_CRUZ,2008,07,07,0.0,14.6,-3.2
115052,RINCON_DE_LA_CRUZ,2008,07,08,0.0,14.8,-3.0
115052,RINCON_DE_LA_CRUZ,2008,07,09,0.0,13.4,1.6
115052,RINCON_DE_LA_CRUZ,2008,07,10,0.0,13.8,-0.6
115052,RINCON_DE_LA_CRUZ,2008,07,11,0.0,13.4,-2.2
115052,RINCON_DE_LA_CRUZ,2008,07,12,0.0,13.6,-2.4
115052,RINCON_DE_LA_CRUZ,2008,07,13,0.0,14.0,1.2
115052,RINCON_DE_LA_CRUZ,2008,07,14,0.0,13.4,0.8
115052,RINCON_DE_LA_CRUZ,2008,07,15,0.0,13.8,-0.4
115052,RINCON_DE_LA_CRUZ,2008,07,16,0.0,13.6,-3.4
115052,RINCON_DE_LA_CRUZ,2008,07,17,0.0,13.8,2.2
115052,RINCON_DE_LA_CRUZ,2008,07,18,0.0,14.8,-1.6
115052,RINCON_DE_LA_CRUZ,2008,07,19,0.0,14.0,-1.8
115052,RINCON_DE_LA_CRUZ,2008,07,20,0.0,15.8,0.4
115052,RINCON_DE_LA_CRUZ,2008,07,21,0.0,14.8,1.8
115052,RINCON_DE_LA_CRUZ,2008,07,22,0.0,13.0,-4.8
115052,RINCON_DE_LA_CRUZ,2008,07,23,0.0,13.8,-4.4
115052,RINCON_DE_LA_CRUZ,2008,07,24,0.0,14.8,-3.0
115052,RINCON_DE_LA_CRUZ,2008,07,25,0.0,14.6,-3.2
115052,RINCON_DE_LA_CRUZ,2008,07,26,0.0,14.4,0.6
115052,RINCON_DE_LA_CRUZ,2008,07,27,0.0,14.2,0.8
115052,RINCON_DE_LA_CRUZ,2008,07,28,3.0,15.2,0.4
115052,RINCON_DE_LA_CRUZ,2008,07,29,0.0,14.4,-0.8
115052,RINCON_DE_LA_CRUZ,2008,07,30,0.0,15.8,1.0
115052,RINCON_DE_LA_CRUZ,2008,07,31,0.0,12.6,-1.0
115052,RINCON_DE_LA_CRUZ,2008,08,01,0.0,14.2,-1.2
115052,RINCON_DE_LA_CRUZ,2008,08,02,0.0,12.4,-2.6
115052,RINCON_DE_LA_CRUZ,2008,08,03,0.0,14.4,-4.4
115052,RINCON_DE_LA_CRUZ,2008,08,04,0.0,15.0,-0.8
115052,RINCON_DE_LA_CRUZ,2008,08,05,0.0,15.4,-2.8
115052,RINCON_DE_LA_CRUZ,2008,08,06,0.0,15.2,-0.1
115052,RINCON_DE_LA_CRUZ,2008,08,07,2.8,10.8,2.4
115052,RINCON_DE_LA_CRUZ,2008,08,08,1.2,11.2,1.0
115052,RINCON_DE_LA_CRUZ,2008,08,09,0.0,13.6,-1.4
115052,RINCON_DE_LA_CRUZ,2008,08,10,0.0,15.0,-1.0
115052,RINCON_DE_LA_CRUZ,2008,08,11,0.0,16.2,-1.4
115052,RINCON_DE_LA_CRUZ,2008,08,12,0.0,16.8,-5.2
115052,RINCON_DE_LA_CRUZ,2008,08,13,0.0,15.8,2.2
115052,RINCON_DE_LA_CRUZ,2008,08,14,0.0,15.6,-6.2
115052,RINCON_DE_LA_CRUZ,2008,08,15,0.0,15.8,-3.2
115052,RINCON_DE_LA_CRUZ,2008,08,16,0.0,15.0,-3.8
115052,RINCON_DE_LA_CRUZ,2008,08,17,0.0,15.2,-4.8
115052,RINCON_DE_LA_CRUZ,2008,08,18,0.0,15.4,-3.2
115052,RINCON_DE_LA_CRUZ,2008,08,19,0.0,15.6,0.8
115052,RINCON_DE_LA_CRUZ,2008,08,20,0.0,15.4,0.4
115052,RINCON_DE_LA_CRUZ,2008,08,21,0.0,14.8,1.4
115052,RINCON_DE_LA_CRUZ,2008,08,22,0.0,14.2,0.6
115052,RINCON_DE_LA_CRUZ,2008,08,23,0.0,15.6,1.8
115052,RINCON_DE_LA_CRUZ,2008,08,24,0.0,16.8,0.8
115052,RINCON_DE_LA_CRUZ,2008,08,25,0.0,16.4,-0.6
115052,RINCON_DE_LA_CRUZ,2008,08,26,0.0,16.2,0.0
115052,RINCON_DE_LA_CRUZ,2008,08,27,0.0,16.4,-2.2
115052,RINCON_DE_LA_CRUZ,2008,08,28,0.0,14.2,-1.8
115052,RINCON_DE_LA_CRUZ,2008,08,29,0.0,16.8,-2.2
115052,RINCON_DE_LA_CRUZ,2008,08,30,0.0,16.4,-1.8
115052,RINCON_DE_LA_CRUZ,2008,08,31,0.0,16.6,1.4
115052,RINCON_DE_LA_CRUZ,2008,09,01,0.0,17.6,0.4
115052,RINCON_DE_LA_CRUZ,2008,09,02,0.0,18.8,-0.4
115052,RINCON_DE_LA_CRUZ,2008,09,03,0.0,17.8,-0.2
115052,RINCON_DE_LA_CRUZ,2008,09,04,2.4,16.0,0.2
115052,RINCON_DE_LA_CRUZ,2008,09,05,0.0,17.2,0.8
115052,RINCON_DE_LA_CRUZ,2008,09,06,0.0,15.4,-2.8
115052,RINCON_DE_LA_CRUZ,2008,09,07,0.0,15.2,-2.4
115052,RINCON_DE_LA_CRUZ,2008,09,08,0.0,16.2,2.6
115052,RINCON_DE_LA_CRUZ,2008,09,09,0.0,16.4,1.8
115052,RINCON_DE_LA_CRUZ,2008,09,10,0.0,15.4,2.2
115052,RINCON_DE_LA_CRUZ,2008,09,11,0.0,13.6,1.4
115052,RINCON_DE_LA_CRUZ,2008,09,12,0.0,15.8,2.8
115052,RINCON_DE_LA_CRUZ,2008,09,13,0.0,14.2,1.2
115052,RINCON_DE_LA_CRUZ,2008,09,14,0.0,14.0,1.6
115052,RINCON_DE_LA_CRUZ,2008,09,15,0.0,15.8,2.0
115052,RINCON_DE_LA_CRUZ,2008,09,16,0.0,16.4,-1.2
115052,RINCON_DE_LA_CRUZ,2008,09,17,0.0,14.8,2.0
115052,RINCON_DE_LA_CRUZ,2008,09,18,0.0,16.0,1.6
115052,RINCON_DE_LA_CRUZ,2008,09,19,0.0,15.2,2.2
115052,RINCON_DE_LA_CRUZ,2008,09,20,0.0,16.0,1.8
115052,RINCON_DE_LA_CRUZ,2008,09,21,0.0,13.6,3.0
115052,RINCON_DE_LA_CRUZ,2008,09,22,0.0,16.0,0.2
115052,RINCON_DE_LA_CRUZ,2008,09,23,0.0,16.4,2.0
115052,RINCON_DE_LA_CRUZ,2008,09,24,0.0,16.2,3.2
115052,RINCON_DE_LA_CRUZ,2008,09,25,0.0,16.2,4.8
115052,RINCON_DE_LA_CRUZ,2008,09,26,0.0,15.6,3.0
115052,RINCON_DE_LA_CRUZ,2008,09,27,0.0,17.4,3.2
115052,RINCON_DE_LA_CRUZ,2008,09,28,0.0,18.2,2.6
115052,RINCON_DE_LA_CRUZ,2008,09,29,0.0,16.6,-0.1
115052,RINCON_DE_LA_CRUZ,2008,09,30,0.0,17.6,5.8
115052,RINCON_DE_LA_CRUZ,2008,10,01,0.0,17.6,4.4
115052,RINCON_DE_LA_CRUZ,2008,10,02,0.0,18.2,5.0
115052,RINCON_DE_LA_CRUZ,2008,10,03,0.0,18.6,3.0
115052,RINCON_DE_LA_CRUZ,2008,10,04,0.0,17.8,1.2
115052,RINCON_DE_LA_CRUZ,2008,10,05,0.0,17.2,2.4
115052,RINCON_DE_LA_CRUZ,2008,10,06,0.5,15.4,3.0
115052,RINCON_DE_LA_CRUZ,2008,10,07,24.6,13.8,3.8
115052,RINCON_DE_LA_CRUZ,2008,10,08,1.4,10.8,2.8
115052,RINCON_DE_LA_CRUZ,2008,10,09,0.0,15.0,3.4
115052,RINCON_DE_LA_CRUZ,2008,10,10,0.0,14.8,2.4
115052,RINCON_DE_LA_CRUZ,2008,10,11,0.0,17.0,3.2
115052,RINCON_DE_LA_CRUZ,2008,10,12,0.0,17.2,2.6
115052,RINCON_DE_LA_CRUZ,2008,10,13,0.0,16.6,3.8
115052,RINCON_DE_LA_CRUZ,2008,10,14,1.5,16.4,5.6
115052,RINCON_DE_LA_CRUZ,2008,10,15,6.6,12.6,5.4
115052,RINCON_DE_LA_CRUZ,2008,10,16,0.7,15.0,4.2
115052,RINCON_DE_LA_CRUZ,2008,10,17,0.0,16.0,4.8
115052,RINCON_DE_LA_CRUZ,2008,10,18,0.0,15.6,5.0
115052,RINCON_DE_LA_CRUZ,2008,10,19,0.0,14.4,-0.6
115052,RINCON_DE_LA_CRUZ,2008,10,20,0.0,16.2,3.6
115052,RINCON_DE_LA_CRUZ,2008,10,21,0.0,17.6,4.8
115052,RINCON_DE_LA_CRUZ,2008,10,22,0.0,17.6,3.0
115052,RINCON_DE_LA_CRUZ,2008,10,23,-888,17.0,4.4
115052,RINCON_DE_LA_CRUZ,2008,10,24,0.0,16.4,5.4
115052,RINCON_DE_LA_CRUZ,2008,10,25,1.1,17.2,6.2
115052,RINCON_DE_LA_CRUZ,2008,10,26,3.3,18.4,4.8
115052,RINCON_DE_LA_CRUZ,2008,10,27,26.4,14.2,4.2
115052,RINCON_DE_LA_CRUZ,2008,10,28,5.3,15.8,5.4
115052,RINCON_DE_LA_CRUZ,2008,10,29,0.5,16.2,4.4
115052,RINCON_DE_LA_CRUZ,2008,10,30,0.5,16.0,5.0
115052,RINCON_DE_LA_CRUZ,2008,10,31,0.0,16.8,4.8
115052,RINCON_DE_LA_CRUZ,2008,11,01,0.0,17.0,4.6
115052,RINCON_DE_LA_CRUZ,2008,11,02,1.4,17.2,2.6
115052,RINCON_DE_LA_CRUZ,2008,11,03,-888,17.0,3.2
115052,RINCON_DE_LA_CRUZ,2008,11,04,6.6,16.8,4.6
115052,RINCON_DE_LA_CRUZ,2008,11,05,0.0,17.0,3.2
115052,RINCON_DE_LA_CRUZ,2008,11,06,-888,17.4,2.8
115052,RINCON_DE_LA_CRUZ,2008,11,07,0.0,18.4,2.6
115052,RINCON_DE_LA_CRUZ,2008,11,08,0.0,18.8,5.0
115052,RINCON_DE_LA_CRUZ,2008,11,09,0.0,19.0,4.8
115052,RINCON_DE_LA_CRUZ,2008,11,10,0.0,16.8,4.2
115052,RINCON_DE_LA_CRUZ,2008,11,11,0.0,18.6,4.8
115052,RINCON_DE_LA_CRUZ,2008,11,12,0.0,17.4,2.0
115052,RINCON_DE_LA_CRUZ,2008,11,13,0.0,16.6,7.0
115052,RINCON_DE_LA_CRUZ,2008,11,14,0.8,17.4,5.0
115052,RINCON_DE_LA_CRUZ,2008,11,15,0.4,16.8,3.0
115052,RINCON_DE_LA_CRUZ,2008,11,16,2.6,16.2,5.4
115052,RINCON_DE_LA_CRUZ,2008,11,17,0.0,17.0,3.8
115052,RINCON_DE_LA_CRUZ,2008,11,18,0.6,16.4,4.8
115052,RINCON_DE_LA_CRUZ,2008,11,19,1.8,15.4,5.4
115052,RINCON_DE_LA_CRUZ,2008,11,20,0.0,16.4,3.4
115052,RINCON_DE_LA_CRUZ,2008,11,21,0.0,16.0,5.4
115052,RINCON_DE_LA_CRUZ,2008,11,22,0.0,17.2,4.6
115052,RINCON_DE_LA_CRUZ,2008,11,23,0.0,18.2,4.2
115052,RINCON_DE_LA_CRUZ,2008,11,24,0.0,17.4,4.2
115052,RINCON_DE_LA_CRUZ,2008,11,25,1.0,16.8,5.8
115052,RINCON_DE_LA_CRUZ,2008,11,26,1.6,17.4,3.8
115052,RINCON_DE_LA_CRUZ,2008,11,27,0.0,16.8,5.6
115052,RINCON_DE_LA_CRUZ,2008,11,28,0.7,18.8,5.0
115052,RINCON_DE_LA_CRUZ,2008,11,29,0.0,18.2,4.6
115052,RINCON_DE_LA_CRUZ,2008,11,30,0.0,17.6,5.6
115052,RINCON_DE_LA_CRUZ,2008,12,01,0.0,17.6,5.8
115052,RINCON_DE_LA_CRUZ,2008,12,02,0.0,17.4,3.4
115052,RINCON_DE_LA_CRUZ,2008,12,03,0.0,15.8,3.2
115052,RINCON_DE_LA_CRUZ,2008,12,04,0.0,16.4,-1.0
115052,RINCON_DE_LA_CRUZ,2008,12,05,0.0,17.0,2.6
115052,RINCON_DE_LA_CRUZ,2008,12,06,0.0,16.0,5.0
115052,RINCON_DE_LA_CRUZ,2008,12,07,8.4,15.2,2.8
115052,RINCON_DE_LA_CRUZ,2008,12,08,8.5,15.2,3.2
115052,RINCON_DE_LA_CRUZ,2008,12,09,7.0,12.6,4.2
115052,RINCON_DE_LA_CRUZ,2008,12,10,13.5,15.2,4.6
115052,RINCON_DE_LA_CRUZ,2008,12,11,0.0,15.6,3.6
115052,RINCON_DE_LA_CRUZ,2008,12,12,0.0,16.2,2.0
115052,RINCON_DE_LA_CRUZ,2008,12,13,0.0,16.8,4.8
115052,RINCON_DE_LA_CRUZ,2008,12,14,8.3,17.0,5.8
115052,RINCON_DE_LA_CRUZ,2008,12,15,2.2,17.2,5.0
115052,RINCON_DE_LA_CRUZ,2008,12,16,14.8,16.8,5.2
115052,RINCON_DE_LA_CRUZ,2008,12,17,6.5,16.2,4.4
115052,RINCON_DE_LA_CRUZ,2008,12,18,0.0,14.0,5.6
115052,RINCON_DE_LA_CRUZ,2008,12,19,0.0,14.8,6.4
115052,RINCON_DE_LA_CRUZ,2008,12,20,6.8,14.4,6.2
115052,RINCON_DE_LA_CRUZ,2008,12,21,0.0,17.4,6.6
115052,RINCON_DE_LA_CRUZ,2008,12,22,0.6,17.2,6.4
115052,RINCON_DE_LA_CRUZ,2008,12,23,0.0,13.8,7.0
115052,RINCON_DE_LA_CRUZ,2008,12,24,0.0,13.2,5.8
115052,RINCON_DE_LA_CRUZ,2008,12,25,0.0,16.2,5.0
115052,RINCON_DE_LA_CRUZ,2008,12,26,16.0,14.4,5.6
115052,RINCON_DE_LA_CRUZ,2008,12,27,5.0,16.8,5.0
115052,RINCON_DE_LA_CRUZ,2008,12,28,16.4,14.8,5.6
115052,RINCON_DE_LA_CRUZ,2008,12,29,1.2,11.2,3.2
115052,RINCON_DE_LA_CRUZ,2008,12,30,4.8,12.4,4.0
115052,RINCON_DE_LA_CRUZ,2008,12,31,19.2,13.6,5.2
115052,RINCON_DE_LA_CRUZ,2009,01,01,14.7,13.8,5.4
115052,RINCON_DE_LA_CRUZ,2009,01,02,0.0,15.0,5.6
115052,RINCON_DE_LA_CRUZ,2009,01,03,19.0,13.0,-999
115052,RINCON_DE_LA_CRUZ,2009,01,04,0.0,15.4,4.2
115052,RINCON_DE_LA_CRUZ,2009,01,05,0.0,15.8,4.4
115052,RINCON_DE_LA_CRUZ,2009,01,06,12.3,16.8,5.6
115052,RINCON_DE_LA_CRUZ,2009,01,07,5.2,16.2,5.2
115052,RINCON_DE_LA_CRUZ,2009,01,08,0.0,16.2,3.6
115052,RINCON_DE_LA_CRUZ,2009,01,09,2.8,15.8,3.6
115052,RINCON_DE_LA_CRUZ,2009,01,10,0.0,14.0,5.8
115052,RINCON_DE_LA_CRUZ,2009,01,11,0.0,14.2,6.4
115052,RINCON_DE_LA_CRUZ,2009,01,12,6.0,15.2,5.2
115052,RINCON_DE_LA_CRUZ,2009,01,13,0.0,15.4,5.4
115052,RINCON_DE_LA_CRUZ,2009,01,14,0.0,15.0,6.8
115052,RINCON_DE_LA_CRUZ,2009,01,15,0.0,17.2,6.6
115052,RINCON_DE_LA_CRUZ,2009,01,16,0.0,16.4,6.4
115052,RINCON_DE_LA_CRUZ,2009,01,17,0.0,15.8,5.6
115052,RINCON_DE_LA_CRUZ,2009,01,18,0.0,15.6,5.0
115052,RINCON_DE_LA_CRUZ,2009,01,19,20.5,15.4,4.6
115052,RINCON_DE_LA_CRUZ,2009,01,20,6.7,15.6,4.2
115052,RINCON_DE_LA_CRUZ,2009,01,21,0.0,14.4,1.4
115052,RINCON_DE_LA_CRUZ,2009,01,22,11.0,14.4,4.4
115052,RINCON_DE_LA_CRUZ,2009,01,23,5.0,13.8,4.6
115052,RINCON_DE_LA_CRUZ,2009,01,24,3.4,14.4,5.0
115052,RINCON_DE_LA_CRUZ,2009,01,25,16.8,14.8,6.0
115052,RINCON_DE_LA_CRUZ,2009,01,26,0.0,13.4,3.4
115052,RINCON_DE_LA_CRUZ,2009,01,27,0.0,13.6,5.2
115052,RINCON_DE_LA_CRUZ,2009,01,28,0.0,14.4,4.6
115052,RINCON_DE_LA_CRUZ,2009,01,29,5.6,14.0,5.2
115052,RINCON_DE_LA_CRUZ,2009,01,30,0.0,14.8,5.4
115052,RINCON_DE_LA_CRUZ,2009,01,31,4.6,15.6,6.0
115052,RINCON_DE_LA_CRUZ,2009,02,01,0.0,13.8,4.2
115052,RINCON_DE_LA_CRUZ,2009,02,02,0.0,14.4,3.4
115052,RINCON_DE_LA_CRUZ,2009,02,03,0.0,16.0,3.0
115052,RINCON_DE_LA_CRUZ,2009,02,04,17.0,15.2,5.0
115052,RINCON_DE_LA_CRUZ,2009,02,05,0.0,15.6,5.4
115052,RINCON_DE_LA_CRUZ,2009,02,06,0.0,17.2,4.8
115052,RINCON_DE_LA_CRUZ,2009,02,07,13.5,14.2,6.8
115052,RINCON_DE_LA_CRUZ,2009,02,08,2.8,16.2,6.0
115052,RINCON_DE_LA_CRUZ,2009,02,09,1.2,14.2,6.6
115052,RINCON_DE_LA_CRUZ,2009,02,10,0.0,14.4,6.2
115052,RINCON_DE_LA_CRUZ,2009,02,11,9.5,15.4,6.2
115052,RINCON_DE_LA_CRUZ,2009,02,12,3.9,15.3,6.0
115052,RINCON_DE_LA_CRUZ,2009,02,13,2.0,16.0,5.2
115052,RINCON_DE_LA_CRUZ,2009,02,14,0.6,17.0,6.0
115052,RINCON_DE_LA_CRUZ,2009,02,15,0.0,15.4,4.2
115052,RINCON_DE_LA_CRUZ,2009,02,16,0.0,14.6,2.0
115052,RINCON_DE_LA_CRUZ,2009,02,17,2.8,14.8,5.8
115052,RINCON_DE_LA_CRUZ,2009,02,18,3.0,14.4,5.6
115052,RINCON_DE_LA_CRUZ,2009,02,19,4.7,16.4,6.2
115052,RINCON_DE_LA_CRUZ,2009,02,20,1.2,13.2,5.8
115052,RINCON_DE_LA_CRUZ,2009,02,21,8.2,14.8,5.2
115052,RINCON_DE_LA_CRUZ,2009,02,22,0.0,15.0,5.4
115052,RINCON_DE_LA_CRUZ,2009,02,23,7.6,15.6,5.0
115052,RINCON_DE_LA_CRUZ,2009,02,24,17.8,13.0,5.0
115052,RINCON_DE_LA_CRUZ,2009,02,25,2.8,12.8,5.2
115052,RINCON_DE_LA_CRUZ,2009,02,26,19.2,13.6,5.4
115052,RINCON_DE_LA_CRUZ,2009,02,27,9.7,13.4,4.4
115052,RINCON_DE_LA_CRUZ,2009,02,28,8.4,13.6,4.2
115052,RINCON_DE_LA_CRUZ,2009,03,01,2.5,14.6,5.6
115052,RINCON_DE_LA_CRUZ,2009,03,02,6.2,14.4,5.4
115052,RINCON_DE_LA_CRUZ,2009,03,03,3.7,14.8,4.2
115052,RINCON_DE_LA_CRUZ,2009,03,04,11.2,15.8,6.2
115052,RINCON_DE_LA_CRUZ,2009,03,05,0.0,13.2,5.4
115052,RINCON_DE_LA_CRUZ,2009,03,06,0.5,14.8,6.0
115052,RINCON_DE_LA_CRUZ,2009,03,07,7.0,15.2,6.2
115052,RINCON_DE_LA_CRUZ,2009,03,08,0.0,14.6,5.8
115052,RINCON_DE_LA_CRUZ,2009,03,09,0.0,13.8,5.2
115052,RINCON_DE_LA_CRUZ,2009,03,10,0.0,14.8,6.0
115052,RINCON_DE_LA_CRUZ,2009,03,11,0.0,16.0,3.0
115052,RINCON_DE_LA_CRUZ,2009,03,12,5.4,14.4,3.6
115052,RINCON_DE_LA_CRUZ,2009,03,13,17.8,12.8,5.4
115052,RINCON_DE_LA_CRUZ,2009,03,14,0.0,11.6,3.8
115052,RINCON_DE_LA_CRUZ,2009,03,15,0.0,14.6,4.0
115052,RINCON_DE_LA_CRUZ,2009,03,16,0.0,15.0,3.8
115052,RINCON_DE_LA_CRUZ,2009,03,17,3.0,16.0,1.6
115052,RINCON_DE_LA_CRUZ,2009,03,18,13.8,13.2,4.4
115052,RINCON_DE_LA_CRUZ,2009,03,19,6.0,12.8,4.4
115052,RINCON_DE_LA_CRUZ,2009,03,20,21.5,13.6,4.2
115052,RINCON_DE_LA_CRUZ,2009,03,21,0.0,13.2,4.2
115052,RINCON_DE_LA_CRUZ,2009,03,22,3.9,13.8,4.4
115052,RINCON_DE_LA_CRUZ,2009,03,23,8.0,14.4,3.6
115052,RINCON_DE_LA_CRUZ,2009,03,24,12.0,14.6,4.2
115052,RINCON_DE_LA_CRUZ,2009,03,25,0.0,14.8,5.4
115052,RINCON_DE_LA_CRUZ,2009,03,26,7.5,15.8,5.8
115052,RINCON_DE_LA_CRUZ,2009,03,27,0.0,14.8,3.8
115052,RINCON_DE_LA_CRUZ,2009,03,28,0.0,15.6,5.0
115052,RINCON_DE_LA_CRUZ,2009,03,29,0.0,14.8,5.4
115052,RINCON_DE_LA_CRUZ,2009,03,30,0.0,16.2,4.3
115052,RINCON_DE_LA_CRUZ,2009,03,31,0.0,15.0,3.4
115052,RINCON_DE_LA_CRUZ,2009,04,01,0.0,15.0,4.1
115052,RINCON_DE_LA_CRUZ,2009,04,02,0.0,15.4,5.3
115052,RINCON_DE_LA_CRUZ,2009,04,03,0.0,15.8,4.8
115052,RINCON_DE_LA_CRUZ,2009,04,04,0.0,16.0,3.2
115052,RINCON_DE_LA_CRUZ,2009,04,05,0.0,16.4,2.8
115052,RINCON_DE_LA_CRUZ,2009,04,06,0.0,15.4,2.4
115052,RINCON_DE_LA_CRUZ,2009,04,07,14.7,14.2,4.4
115052,RINCON_DE_LA_CRUZ,2009,04,08,9.4,14.4,5.2
115052,RINCON_DE_LA_CRUZ,2009,04,09,14.0,13.8,5.1
115052,RINCON_DE_LA_CRUZ,2009,04,10,0.0,12.4,5.3
115052,RINCON_DE_LA_CRUZ,2009,04,11,0.0,15.4,4.8
115052,RINCON_DE_LA_CRUZ,2009,04,12,2.6,14.6,6.2
115052,RINCON_DE_LA_CRUZ,2009,04,13,0.0,14.4,5.6
115052,RINCON_DE_LA_CRUZ,2009,04,14,26.0,13.2,5.8
115052,RINCON_DE_LA_CRUZ,2009,04,15,3.0,11.8,1.6
115052,RINCON_DE_LA_CRUZ,2009,04,16,0.0,14.4,4.0
115052,RINCON_DE_LA_CRUZ,2009,04,17,0.0,13.8,1.0
115052,RINCON_DE_LA_CRUZ,2009,04,18,0.0,14.8,1.4
115052,RINCON_DE_LA_CRUZ,2009,04,19,0.0,14.2,2.2
115052,RINCON_DE_LA_CRUZ,2009,04,20,0.0,13.6,1.6
115052,RINCON_DE_LA_CRUZ,2009,04,21,0.0,15.0,2.8
115052,RINCON_DE_LA_CRUZ,2009,04,22,0.0,14.4,4.6
115052,RINCON_DE_LA_CRUZ,2009,04,23,0.0,14.2,4.0
115052,RINCON_DE_LA_CRUZ,2009,04,24,0.0,14.4,0.1
115052,RINCON_DE_LA_CRUZ,2009,04,25,0.0,14.6,0.0
115052,RINCON_DE_LA_CRUZ,2009,04,26,0.0,14.2,2.6
115052,RINCON_DE_LA_CRUZ,2009,04,27,0.0,14.8,3.0
115052,RINCON_DE_LA_CRUZ,2009,04,28,0.0,15.0,-0.4
115052,RINCON_DE_LA_CRUZ,2009,04,29,0.0,14.6,-0.8
115052,RINCON_DE_LA_CRUZ,2009,04,30,0.0,15.2,-0.6
115052,RINCON_DE_LA_CRUZ,2009,05,01,0.0,14.0,1.2
115052,RINCON_DE_LA_CRUZ,2009,05,02,0.0,14.6,1.4
115052,RINCON_DE_LA_CRUZ,2009,05,03,0.0,14.8,2.6
115052,RINCON_DE_LA_CRUZ,2009,05,04,0.0,14.6,1.8
115052,RINCON_DE_LA_CRUZ,2009,05,05,0.0,14.4,2.6
115052,RINCON_DE_LA_CRUZ,2009,05,06,0.0,13.8,4.0
115052,RINCON_DE_LA_CRUZ,2009,05,07,0.0,13.0,2.2
115052,RINCON_DE_LA_CRUZ,2009,05,08,0.0,14.2,1.4
115052,RINCON_DE_LA_CRUZ,2009,05,09,0.0,15.6,3.0
115052,RINCON_DE_LA_CRUZ,2009,05,10,0.0,15.0,2.0
115052,RINCON_DE_LA_CRUZ,2009,05,11,0.0,15.2,1.0
115052,RINCON_DE_LA_CRUZ,2009,05,12,0.0,14.4,2.4
115052,RINCON_DE_LA_CRUZ,2009,05,13,0.0,15.4,0.8
115052,RINCON_DE_LA_CRUZ,2009,05,14,0.0,14.6,0.4
115052,RINCON_DE_LA_CRUZ,2009,05,15,0.0,15.0,-1.2
115052,RINCON_DE_LA_CRUZ,2009,05,16,0.0,14.4,-1.0
115052,RINCON_DE_LA_CRUZ,2009,05,17,0.0,14.2,-1.6
115052,RINCON_DE_LA_CRUZ,2009,05,18,0.0,14.8,0.4
115052,RINCON_DE_LA_CRUZ,2009,05,19,0.0,13.4,-0.8
115052,RINCON_DE_LA_CRUZ,2009,05,20,0.0,14.6,-1.4
115052,RINCON_DE_LA_CRUZ,2009,05,21,0.0,14.6,1.8
115052,RINCON_DE_LA_CRUZ,2009,05,22,0.0,14.8,-1.4
115052,RINCON_DE_LA_CRUZ,2009,05,23,0.0,14.4,1.4
115052,RINCON_DE_LA_CRUZ,2009,05,24,0.0,15.0,3.0
115052,RINCON_DE_LA_CRUZ,2009,05,25,0.0,14.6,2.0
115052,RINCON_DE_LA_CRUZ,2009,05,26,0.0,14.6,0.6
115052,RINCON_DE_LA_CRUZ,2009,05,27,0.0,14.2,0.4
115052,RINCON_DE_LA_CRUZ,2009,05,28,0.0,14.6,0.6
115052,RINCON_DE_LA_CRUZ,2009,05,29,0.0,15.2,2.8
115052,RINCON_DE_LA_CRUZ,2009,05,30,0.0,16.4,-2.0
115052,RINCON_DE_LA_CRUZ,2009,05,31,0.0,13.4,-3.2
115052,RINCON_DE_LA_CRUZ,2009,06,01,0.0,13.4,-999
115052,RINCON_DE_LA_CRUZ,2009,06,02,0.0,14.0,-999
115052,RINCON_DE_LA_CRUZ,2009,06,03,0.0,14.2,-999
115052,RINCON_DE_LA_CRUZ,2009,06,04,0.0,13.8,-999
115052,RINCON_DE_LA_CRUZ,2009,06,05,0.0,15.2,-999
115052,RINCON_DE_LA_CRUZ,2009,06,06,0.0,14.6,-999
115052,RINCON_DE_LA_CRUZ,2009,06,07,0.0,14.8,-999
115052,RINCON_DE_LA_CRUZ,2009,06,08,0.0,14.8,-999
115052,RINCON_DE_LA_CRUZ,2009,06,09,0.0,13.8,-999
115052,RINCON_DE_LA_CRUZ,2009,06,10,0.0,13.4,-999
115052,RINCON_DE_LA_CRUZ,2009,06,11,0.0,14.4,-999
115052,RINCON_DE_LA_CRUZ,2009,06,12,0.0,13.0,-999
115052,RINCON_DE_LA_CRUZ,2009,06,13,0.0,15.2,-999
115052,RINCON_DE_LA_CRUZ,2009,06,14,0.0,15.0,-999
115052,RINCON_DE_LA_CRUZ,2009,06,15,0.0,15.4,-999
115052,RINCON_DE_LA_CRUZ,2009,06,16,0.0,12.6,-999
115052,RINCON_DE_LA_CRUZ,2009,06,17,0.0,13.6,-999
115052,RINCON_DE_LA_CRUZ,2009,06,18,0.0,14.0,-999
115052,RINCON_DE_LA_CRUZ,2009,06,19,0.0,14.4,-999
115052,RINCON_DE_LA_CRUZ,2009,06,20,0.0,13.4,-999
115052,RINCON_DE_LA_CRUZ,2009,06,21,0.0,14.6,-999
115052,RINCON_DE_LA_CRUZ,2009,06,22,0.0,13.6,-999
115052,RINCON_DE_LA_CRUZ,2009,06,23,0.0,12.4,-999
115052,RINCON_DE_LA_CRUZ,2009,06,24,0.0,15.0,-999
115052,RINCON_DE_LA_CRUZ,2009,06,25,0.0,13.0,-999
115052,RINCON_DE_LA_CRUZ,2009,06,26,0.0,14.0,-999
115052,RINCON_DE_LA_CRUZ,2009,06,27,0.0,13.6,-999
115052,RINCON_DE_LA_CRUZ,2009,06,28,0.0,13.4,-999
115052,RINCON_DE_LA_CRUZ,2009,06,29,0.0,13.6,-999
115052,RINCON_DE_LA_CRUZ,2009,06,30,0.0,14.8,-999
115052,RINCON_DE_LA_CRUZ,2009,07,01,0.0,14.0,-999
115052,RINCON_DE_LA_CRUZ,2009,07,02,0.0,14.2,-999
115052,RINCON_DE_LA_CRUZ,2009,07,03,0.0,13.8,-999
115052,RINCON_DE_LA_CRUZ,2009,07,04,0.0,14.4,-999
115052,RINCON_DE_LA_CRUZ,2009,07,05,0.0,13.0,-999
115052,RINCON_DE_LA_CRUZ,2009,07,06,0.0,13.4,-999
115052,RINCON_DE_LA_CRUZ,2009,07,07,0.0,14.0,-999
115052,RINCON_DE_LA_CRUZ,2009,07,08,0.0,13.0,-999
115052,RINCON_DE_LA_CRUZ,2009,07,09,0.0,14.2,-999
115052,RINCON_DE_LA_CRUZ,2009,07,10,0.0,16.6,-999
115052,RINCON_DE_LA_CRUZ,2009,07,11,0.0,14.0,-999
115052,RINCON_DE_LA_CRUZ,2009,07,12,0.0,15.4,-999
115052,RINCON_DE_LA_CRUZ,2009,07,13,0.0,15.2,-999
115052,RINCON_DE_LA_CRUZ,2009,07,14,0.0,14.6,-999
115052,RINCON_DE_LA_CRUZ,2009,07,15,0.0,16.4,-999
115052,RINCON_DE_LA_CRUZ,2009,07,16,0.0,15.2,-999
115052,RINCON_DE_LA_CRUZ,2009,07,17,0.0,15.4,-999
115052,RINCON_DE_LA_CRUZ,2009,07,18,0.0,15.8,-999
115052,RINCON_DE_LA_CRUZ,2009,07,19,0.0,14.8,-999
115052,RINCON_DE_LA_CRUZ,2009,07,20,0.0,14.6,-999
115052,RINCON_DE_LA_CRUZ,2009,07,21,0.0,14.8,-999
115052,RINCON_DE_LA_CRUZ,2009,07,22,0.0,16.6,-999
115052,RINCON_DE_LA_CRUZ,2009,07,23,0.0,13.8,-999
115052,RINCON_DE_LA_CRUZ,2009,07,24,0.0,14.0,-999
115052,RINCON_DE_LA_CRUZ,2009,07,25,0.0,12.8,-999
115052,RINCON_DE_LA_CRUZ,2009,07,26,2.0,12.2,-999
115052,RINCON_DE_LA_CRUZ,2009,07,27,1.8,9.8,-999
115052,RINCON_DE_LA_CRUZ,2009,07,28,0.0,13.4,-999
115052,RINCON_DE_LA_CRUZ,2009,07,29,0.0,14.8,-999
115052,RINCON_DE_LA_CRUZ,2009,07,30,0.0,16.0,-999
115052,RINCON_DE_LA_CRUZ,2009,07,31,0.0,15.0,-999
115052,RINCON_DE_LA_CRUZ,2009,08,01,0.0,16.8,-999
115052,RINCON_DE_LA_CRUZ,2009,08,02,0.0,15.0,-999
115052,RINCON_DE_LA_CRUZ,2009,08,03,0.0,15.6,-999
115052,RINCON_DE_LA_CRUZ,2009,08,04,0.0,16.0,-999
115052,RINCON_DE_LA_CRUZ,2009,08,05,0.0,16.8,-999
115052,RINCON_DE_LA_CRUZ,2009,08,06,0.0,16.4,-999
115052,RINCON_DE_LA_CRUZ,2009,08,07,0.0,15.2,-999
115052,RINCON_DE_LA_CRUZ,2009,08,08,0.0,14.8,-999
115052,RINCON_DE_LA_CRUZ,2009,08,09,0.0,15.0,-999
115052,RINCON_DE_LA_CRUZ,2009,08,10,0.0,13.4,-999
115052,RINCON_DE_LA_CRUZ,2009,08,11,0.0,14.6,-999
115052,RINCON_DE_LA_CRUZ,2009,08,12,0.0,14.8,-999
115052,RINCON_DE_LA_CRUZ,2009,08,13,0.0,14.6,-999
115052,RINCON_DE_LA_CRUZ,2009,08,14,0.0,15.8,-999
115052,RINCON_DE_LA_CRUZ,2009,08,15,0.0,16.2,-999
115052,RINCON_DE_LA_CRUZ,2009,08,16,0.0,14.0,-999
115052,RINCON_DE_LA_CRUZ,2009,08,17,0.0,15.0,-999
115052,RINCON_DE_LA_CRUZ,2009,08,18,0.0,15.2,-999
115052,RINCON_DE_LA_CRUZ,2009,08,19,0.0,15.4,-999
115052,RINCON_DE_LA_CRUZ,2009,08,20,0.0,15.8,-999
115052,RINCON_DE_LA_CRUZ,2009,08,21,0.0,18.0,-999
115052,RINCON_DE_LA_CRUZ,2009,08,22,0.0,17.8,-999
115052,RINCON_DE_LA_CRUZ,2009,08,23,0.0,14.6,-999
115052,RINCON_DE_LA_CRUZ,2009,08,24,0.0,14.2,-999
115052,RINCON_DE_LA_CRUZ,2009,08,25,0.0,14.0,-999
115052,RINCON_DE_LA_CRUZ,2009,08,26,0.0,14.6,-999
115052,RINCON_DE_LA_CRUZ,2009,08,27,0.0,15.4,-999
115052,RINCON_DE_LA_CRUZ,2009,08,28,0.0,14.8,-999
115052,RINCON_DE_LA_CRUZ,2009,08,29,0.0,15.4,-999
115052,RINCON_DE_LA_CRUZ,2009,08,30,0.0,15.6,-999
115052,RINCON_DE_LA_CRUZ,2009,08,31,0.0,16.2,-999
115052,RINCON_DE_LA_CRUZ,2009,09,01,0.5,16.2,-999
115052,RINCON_DE_LA_CRUZ,2009,09,02,2.5,12.6,-999
115052,RINCON_DE_LA_CRUZ,2009,09,03,0.0,17.2,-999
115052,RINCON_DE_LA_CRUZ,2009,09,04,0.0,17.0,-999
115052,RINCON_DE_LA_CRUZ,2009,09,05,0.0,14.4,-999
115052,RINCON_DE_LA_CRUZ,2009,09,06,0.0,16.0,-999
115052,RINCON_DE_LA_CRUZ,2009,09,07,0.0,16.4,-999
115052,RINCON_DE_LA_CRUZ,2009,09,08,0.0,18.6,-999
115052,RINCON_DE_LA_CRUZ,2009,09,09,0.0,19.4,-999
115052,RINCON_DE_LA_CRUZ,2009,09,10,0.0,16.2,-999
115052,RINCON_DE_LA_CRUZ,2009,09,11,0.0,16.4,-999
115052,RINCON_DE_LA_CRUZ,2009,09,12,0.0,17.8,-999
115052,RINCON_DE_LA_CRUZ,2009,09,13,0.0,18.2,-999
115052,RINCON_DE_LA_CRUZ,2009,09,14,0.0,17.8,-999
115052,RINCON_DE_LA_CRUZ,2009,09,15,0.0,18.0,-999
115052,RINCON_DE_LA_CRUZ,2009,09,16,0.0,16.0,-999
115052,RINCON_DE_LA_CRUZ,2009,09,17,0.0,16.2,-999
115052,RINCON_DE_LA_CRUZ,2009,09,18,3.5,18.2,-999
115052,RINCON_DE_LA_CRUZ,2009,09,19,2.8,17.8,-999
115052,RINCON_DE_LA_CRUZ,2009,09,20,0.0,17.2,-999
115052,RINCON_DE_LA_CRUZ,2009,09,21,0.0,16.4,-999
115052,RINCON_DE_LA_CRUZ,2009,09,22,0.0,16.2,-999
115052,RINCON_DE_LA_CRUZ,2009,09,23,0.0,16.6,-999
115052,RINCON_DE_LA_CRUZ,2009,09,24,0.0,16.8,-999
115052,RINCON_DE_LA_CRUZ,2009,09,25,3.6,17.8,-999
115052,RINCON_DE_LA_CRUZ,2009,09,26,0.0,18.0,-999
115052,RINCON_DE_LA_CRUZ,2009,09,27,3.5,17.6,-999
115052,RINCON_DE_LA_CRUZ,2009,09,28,13.2,14.4,-999
115052,RINCON_DE_LA_CRUZ,2009,09,29,0.0,11.4,-999
115052,RINCON_DE_LA_CRUZ,2009,09,30,0.0,17.4,-999
115052,RINCON_DE_LA_CRUZ,2009,10,01,1.4,16.6,-999
115052,RINCON_DE_LA_CRUZ,2009,10,02,0.0,15.4,-999
115052,RINCON_DE_LA_CRUZ,2009,10,03,0.0,16.6,-999
115052,RINCON_DE_LA_CRUZ,2009,10,04,0.0,17.6,-999
115052,RINCON_DE_LA_CRUZ,2009,10,05,0.0,17.8,-999
115052,RINCON_DE_LA_CRUZ,2009,10,06,2.2,16.8,-999
115052,RINCON_DE_LA_CRUZ,2009,10,07,0.0,17.6,-999
115052,RINCON_DE_LA_CRUZ,2009,10,08,0.0,17.6,-999
115052,RINCON_DE_LA_CRUZ,2009,10,09,0.0,18.6,-999
115052,RINCON_DE_LA_CRUZ,2009,10,10,0.0,18.2,-999
115052,RINCON_DE_LA_CRUZ,2009,10,11,0.0,16.8,-999
115052,RINCON_DE_LA_CRUZ,2009,10,12,0.0,17.8,-999
115052,RINCON_DE_LA_CRUZ,2009,10,13,0.0,16.6,-999
115052,RINCON_DE_LA_CRUZ,2009,10,14,0.0,18.0,-999
115052,RINCON_DE_LA_CRUZ,2009,10,15,0.0,20.2,-999
115052,RINCON_DE_LA_CRUZ,2009,10,16,0.0,19.8,-999
115052,RINCON_DE_LA_CRUZ,2009,10,17,0.0,17.8,-999
115052,RINCON_DE_LA_CRUZ,2009,10,18,6.4,18.6,-999
115052,RINCON_DE_LA_CRUZ,2009,10,19,0.0,16.2,-999
115052,RINCON_DE_LA_CRUZ,2009,10,20,0.0,18.6,-999
115052,RINCON_DE_LA_CRUZ,2009,10,21,0.0,17.6,-999
115052,RINCON_DE_LA_CRUZ,2009,10,22,48.2,17.4,-999
115052,RINCON_DE_LA_CRUZ,2009,10,23,9.2,17.6,-999
115052,RINCON_DE_LA_CRUZ,2009,10,24,21.8,15.8,-999
115052,RINCON_DE_LA_CRUZ,2009,10,25,6.5,15.6,-999
115052,RINCON_DE_LA_CRUZ,2009,10,26,-888,17.4,-999
115052,RINCON_DE_LA_CRUZ,2009,10,27,0.0,15.2,-999
115052,RINCON_DE_LA_CRUZ,2009,10,28,0.0,16.8,-999
115052,RINCON_DE_LA_CRUZ,2009,10,29,0.0,15.8,-999
115052,RINCON_DE_LA_CRUZ,2009,10,30,0.0,17.4,-999
115052,RINCON_DE_LA_CRUZ,2009,10,31,0.0,18.6,-999
115052,RINCON_DE_LA_CRUZ,2009,11,01,0.0,18.0,-999
115052,RINCON_DE_LA_CRUZ,2009,11,02,0.0,17.8,-999
115052,RINCON_DE_LA_CRUZ,2009,11,03,0.0,16.8,-999
115052,RINCON_DE_LA_CRUZ,2009,11,04,0.0,16.6,-999
115052,RINCON_DE_LA_CRUZ,2009,11,05,0.0,16.8,-999
115052,RINCON_DE_LA_CRUZ,2009,11,06,0.0,16.0,-999
115052,RINCON_DE_LA_CRUZ,2009,11,07,0.0,16.4,-999
115052,RINCON_DE_LA_CRUZ,2009,11,08,0.0,16.2,-999
115052,RINCON_DE_LA_CRUZ,2009,11,09,0.0,17.4,-999
115052,RINCON_DE_LA_CRUZ,2009,11,10,0.0,18.8,-999
115052,RINCON_DE_LA_CRUZ,2009,11,11,0.0,17.8,-999
115052,RINCON_DE_LA_CRUZ,2009,11,12,34.7,18.4,-999
115052,RINCON_DE_LA_CRUZ,2009,11,13,2.2,14.8,-999
115052,RINCON_DE_LA_CRUZ,2009,11,14,7.4,16.8,-999
115052,RINCON_DE_LA_CRUZ,2009,11,15,14.0,16.4,-999
115052,RINCON_DE_LA_CRUZ,2009,11,16,18.6,16.4,-999
115052,RINCON_DE_LA_CRUZ,2009,11,17,5.0,15.2,-999
115052,RINCON_DE_LA_CRUZ,2009,11,18,0.0,16.4,-999
115052,RINCON_DE_LA_CRUZ,2009,11,19,11.6,17.2,-999
115052,RINCON_DE_LA_CRUZ,2009,11,20,0.0,16.8,-999
115052,RINCON_DE_LA_CRUZ,2009,11,21,1.3,16.6,-999
115052,RINCON_DE_LA_CRUZ,2009,11,22,7.7,17.6,-999
115052,RINCON_DE_LA_CRUZ,2009,11,23,0.0,18.0,-999
115052,RINCON_DE_LA_CRUZ,2009,11,24,0.0,17.6,-999
115052,RINCON_DE_LA_CRUZ,2009,11,25,3.5,17.2,-999
115052,RINCON_DE_LA_CRUZ,2009,11,26,13.8,15.4,-999
115052,RINCON_DE_LA_CRUZ,2009,11,27,1.6,14.2,-999
115052,RINCON_DE_LA_CRUZ,2009,11,28,0.0,16.6,-999
115052,RINCON_DE_LA_CRUZ,2009,11,29,2.8,13.4,-999
115052,RINCON_DE_LA_CRUZ,2009,11,30,0.0,17.0,-999
115052,RINCON_DE_LA_CRUZ,2009,12,01,0.0,16.2,-999
115052,RINCON_DE_LA_CRUZ,2009,12,02,4.5,17.4,-999
115052,RINCON_DE_LA_CRUZ,2009,12,03,0.0,17.2,-999
115052,RINCON_DE_LA_CRUZ,2009,12,04,0.0,16.8,-999
115052,RINCON_DE_LA_CRUZ,2009,12,05,0.0,18.0,-999
115052,RINCON_DE_LA_CRUZ,2009,12,06,0.0,18.2,-999
115052,RINCON_DE_LA_CRUZ,2009,12,07,0.0,18.4,-999
115052,RINCON_DE_LA_CRUZ,2009,12,08,0.0,17.6,-999
115052,RINCON_DE_LA_CRUZ,2009,12,09,4.5,16.2,-999
115052,RINCON_DE_LA_CRUZ,2009,12,10,10.0,14.6,-999
115052,RINCON_DE_LA_CRUZ,2009,12,11,0.0,15.8,-999
115052,RINCON_DE_LA_CRUZ,2009,12,12,0.0,17.0,-999
115052,RINCON_DE_LA_CRUZ,2009,12,13,0.0,17.0,-999
115052,RINCON_DE_LA_CRUZ,2009,12,14,0.0,18.2,-999
115052,RINCON_DE_LA_CRUZ,2009,12,15,0.0,17.0,-999
115052,RINCON_DE_LA_CRUZ,2009,12,16,3.2,16.8,-999
115052,RINCON_DE_LA_CRUZ,2009,12,17,4.8,15.8,-999
115052,RINCON_DE_LA_CRUZ,2009,12,18,30.4,15.4,-999
115052,RINCON_DE_LA_CRUZ,2009,12,19,0.0,14.4,-999
115052,RINCON_DE_LA_CRUZ,2009,12,20,0.5,14.8,-999
115052,RINCON_DE_LA_CRUZ,2009,12,21,0.0,14.2,-999
115052,RINCON_DE_LA_CRUZ,2009,12,22,6.8,14.8,-999
115052,RINCON_DE_LA_CRUZ,2009,12,23,5.2,16.0,-999
115052,RINCON_DE_LA_CRUZ,2009,12,24,0.0,15.2,-999
115052,RINCON_DE_LA_CRUZ,2009,12,25,0.0,12.0,-999
115052,RINCON_DE_LA_CRUZ,2009,12,26,0.0,15.6,-999
115052,RINCON_DE_LA_CRUZ,2009,12,27,0.0,17.2,-999
115052,RINCON_DE_LA_CRUZ,2009,12,28,8.8,17.0,-999
115052,RINCON_DE_LA_CRUZ,2009,12,29,0.0,17.4,-999
115052,RINCON_DE_LA_CRUZ,2009,12,30,0.0,16.6,-999
115052,RINCON_DE_LA_CRUZ,2009,12,31,0.0,16.8,-999
115052,RINCON_DE_LA_CRUZ,2010,01,01,0.0,17.6,-999
115052,RINCON_DE_LA_CRUZ,2010,01,02,3.6,16.2,-999
115052,RINCON_DE_LA_CRUZ,2010,01,03,2.8,15.0,-999
115052,RINCON_DE_LA_CRUZ,2010,01,04,3.0,15.8,-999
115052,RINCON_DE_LA_CRUZ,2010,01,05,10.0,16.6,-999
115052,RINCON_DE_LA_CRUZ,2010,01,06,2.0,17.2,-999
115052,RINCON_DE_LA_CRUZ,2010,01,07,-888,16.4,-999
115052,RINCON_DE_LA_CRUZ,2010,01,08,0.8,16.4,-999
115052,RINCON_DE_LA_CRUZ,2010,01,09,7.0,16.6,-999
115052,RINCON_DE_LA_CRUZ,2010,01,10,9.7,17.2,-999
115052,RINCON_DE_LA_CRUZ,2010,01,11,27.4,15.7,-999
115052,RINCON_DE_LA_CRUZ,2010,01,12,0.0,17.8,-999
115052,RINCON_DE_LA_CRUZ,2010,01,13,18.0,18.0,-999
115052,RINCON_DE_LA_CRUZ,2010,01,14,0.0,14.8,-999
115052,RINCON_DE_LA_CRUZ,2010,01,15,1.4,15.7,-999
115052,RINCON_DE_LA_CRUZ,2010,01,16,0.5,17.0,-999
115052,RINCON_DE_LA_CRUZ,2010,01,17,1.8,16.8,-999
115052,RINCON_DE_LA_CRUZ,2010,01,18,0.0,14.0,-999
115052,RINCON_DE_LA_CRUZ,2010,01,19,8.5,15.8,-999
115052,RINCON_DE_LA_CRUZ,2010,01,20,24.0,15.2,-999
115052,RINCON_DE_LA_CRUZ,2010,01,21,7.0,13.8,-999
115052,RINCON_DE_LA_CRUZ,2010,01,22,12.2,14.4,-999
115052,RINCON_DE_LA_CRUZ,2010,01,23,5.2,13.4,-999
115052,RINCON_DE_LA_CRUZ,2010,01,24,25.0,13.0,-999
115052,RINCON_DE_LA_CRUZ,2010,01,25,5.4,13.4,-999
115052,RINCON_DE_LA_CRUZ,2010,01,26,2.5,14.2,-999
115052,RINCON_DE_LA_CRUZ,2010,01,27,0.0,14.6,-999
115052,RINCON_DE_LA_CRUZ,2010,01,28,0.0,13.4,-999
115052,RINCON_DE_LA_CRUZ,2010,01,29,-888,15.4,-999
115052,RINCON_DE_LA_CRUZ,2010,01,30,26.0,14.6,-999
115052,RINCON_DE_LA_CRUZ,2010,01,31,10.0,16.2,-999
115052,RINCON_DE_LA_CRUZ,2010,02,01,8.4,14.8,-999
115052,RINCON_DE_LA_CRUZ,2010,02,02,-888,15.6,-999
115052,RINCON_DE_LA_CRUZ,2010,02,03,1.2,14.4,-999
115052,RINCON_DE_LA_CRUZ,2010,02,04,27.1,-999,-999
115052,RINCON_DE_LA_CRUZ,2010,02,05,6.8,15.0,-999
115052,RINCON_DE_LA_CRUZ,2010,02,06,0.5,16.8,-999
115052,RINCON_DE_LA_CRUZ,2010,02,07,0.0,17.2,-999
115052,RINCON_DE_LA_CRUZ,2010,02,08,0.0,17.4,-999
115052,RINCON_DE_LA_CRUZ,2010,02,09,0.0,16.6,-999
115052,RINCON_DE_LA_CRUZ,2010,02,10,0.0,18.4,-999
115052,RINCON_DE_LA_CRUZ,2010,02,11,-888,17.4,-999
115052,RINCON_DE_LA_CRUZ,2010,02,12,2.5,17.6,-999
115052,RINCON_DE_LA_CRUZ,2010,02,13,0.0,16.4,-999
115052,RINCON_DE_LA_CRUZ,2010,02,14,8.7,16.8,-999
115052,RINCON_DE_LA_CRUZ,2010,02,15,10.0,15.2,-999
115052,RINCON_DE_LA_CRUZ,2010,02,16,0.0,17.2,-999
115052,RINCON_DE_LA_CRUZ,2010,02,17,15.4,17.0,-999
115052,RINCON_DE_LA_CRUZ,2010,02,18,15.2,16.4,-999
115052,RINCON_DE_LA_CRUZ,2010,02,19,17.0,16.4,-999
115052,RINCON_DE_LA_CRUZ,2010,02,20,4.4,18.0,-999
115052,RINCON_DE_LA_CRUZ,2010,02,21,13.8,15.6,-999
115052,RINCON_DE_LA_CRUZ,2010,02,22,4.5,16.0,-999
115052,RINCON_DE_LA_CRUZ,2010,02,23,0.0,15.0,-999
115052,RINCON_DE_LA_CRUZ,2010,02,24,0.0,15.2,-999
115052,RINCON_DE_LA_CRUZ,2010,02,25,1.7,14.8,-999
115052,RINCON_DE_LA_CRUZ,2010,02,26,6.7,15.4,-999
115052,RINCON_DE_LA_CRUZ,2010,02,27,14.0,15.6,-999
115052,RINCON_DE_LA_CRUZ,2010,02,28,3.8,15.4,-999
115052,RINCON_DE_LA_CRUZ,2010,03,01,20.2,16.2,-999
115052,RINCON_DE_LA_CRUZ,2010,03,02,0.0,15.0,-999
115052,RINCON_DE_LA_CRUZ,2010,03,03,0.0,17.6,-999
115052,RINCON_DE_LA_CRUZ,2010,03,04,5.2,15.8,-999
115052,RINCON_DE_LA_CRUZ,2010,03,05,11.7,15.4,-999
115052,RINCON_DE_LA_CRUZ,2010,03,06,0.0,15.0,-999
115052,RINCON_DE_LA_CRUZ,2010,03,07,0.0,14.8,-999
115052,RINCON_DE_LA_CRUZ,2010,03,08,0.0,16.8,-999
115052,RINCON_DE_LA_CRUZ,2010,03,09,0.0,15.2,-999
115052,RINCON_DE_LA_CRUZ,2010,03,10,8.8,15.8,-999
115052,RINCON_DE_LA_CRUZ,2010,03,11,9.0,16.2,-999
115052,RINCON_DE_LA_CRUZ,2010,03,12,5.0,15.6,-999
115052,RINCON_DE_LA_CRUZ,2010,03,13,-888,16.2,-999
115052,RINCON_DE_LA_CRUZ,2010,03,14,0.0,17.6,-999
115052,RINCON_DE_LA_CRUZ,2010,03,15,0.0,16.2,-999
115052,RINCON_DE_LA_CRUZ,2010,03,16,3.4,14.4,-999
115052,RINCON_DE_LA_CRUZ,2010,03,17,0.0,16.4,-999
115052,RINCON_DE_LA_CRUZ,2010,03,18,0.0,16.8,-999
115052,RINCON_DE_LA_CRUZ,2010,03,19,0.0,15.8,-999
115052,RINCON_DE_LA_CRUZ,2010,03,20,0.0,15.8,-999
115052,RINCON_DE_LA_CRUZ,2010,03,21,0.0,17.4,-999
115052,RINCON_DE_LA_CRUZ,2010,03,22,0.0,18.8,-999
115052,RINCON_DE_LA_CRUZ,2010,03,23,0.0,16.8,-999
115052,RINCON_DE_LA_CRUZ,2010,03,24,1.8,17.6,-999
115052,RINCON_DE_LA_CRUZ,2010,03,25,-888,14.8,-999
115052,RINCON_DE_LA_CRUZ,2010,03,26,6.2,15.4,-999
115052,RINCON_DE_LA_CRUZ,2010,03,27,-888,16.6,-999
115052,RINCON_DE_LA_CRUZ,2010,03,28,3.0,15.4,-999
115052,RINCON_DE_LA_CRUZ,2010,03,29,3.0,14.8,-999
115052,RINCON_DE_LA_CRUZ,2010,03,30,19.6,14.0,-999
115052,RINCON_DE_LA_CRUZ,2010,03,31,0.0,13.8,-999
115052,RINCON_DE_LA_CRUZ,2010,04,01,0.0,16.6,-999
115052,RINCON_DE_LA_CRUZ,2010,04,02,0.0,15.0,-999
115052,RINCON_DE_LA_CRUZ,2010,04,03,2.5,16.0,-999
115052,RINCON_DE_LA_CRUZ,2010,04,04,5.6,15.8,-999
115052,RINCON_DE_LA_CRUZ,2010,04,05,0.0,15.4,-999
115052,RINCON_DE_LA_CRUZ,2010,04,06,0.8,15.2,-999
115052,RINCON_DE_LA_CRUZ,2010,04,07,0.0,16.8,-999
115052,RINCON_DE_LA_CRUZ,2010,04,08,0.0,16.2,-999
115052,RINCON_DE_LA_CRUZ,2010,04,09,0.0,16.0,-999
115052,RINCON_DE_LA_CRUZ,2010,04,10,-888,16.6,-999
115052,RINCON_DE_LA_CRUZ,2010,04,11,0.0,17.6,-999
115052,RINCON_DE_LA_CRUZ,2010,04,12,0.0,16.0,-999
115052,RINCON_DE_LA_CRUZ,2010,04,13,-888,15.0,-999
115052,RINCON_DE_LA_CRUZ,2010,04,14,0.0,14.6,-999
115052,RINCON_DE_LA_CRUZ,2010,04,15,0.0,14.4,-999
115052,RINCON_DE_LA_CRUZ,2010,04,16,3.8,15.4,-999
115052,RINCON_DE_LA_CRUZ,2010,04,17,0.0,15.8,-999
115052,RINCON_DE_LA_CRUZ,2010,04,18,2.8,17.2,-999
115052,RINCON_DE_LA_CRUZ,2010,04,19,0.0,16.4,-999
115052,RINCON_DE_LA_CRUZ,2010,04,20,0.0,17.4,-999
115052,RINCON_DE_LA_CRUZ,2010,04,21,0.0,17.4,-999
115052,RINCON_DE_LA_CRUZ,2010,04,22,0.0,17.2,-999
115052,RINCON_DE_LA_CRUZ,2010,04,23,0.0,17.8,-999
115052,RINCON_DE_LA_CRUZ,2010,04,24,0.0,17.8,-999
115052,RINCON_DE_LA_CRUZ,2010,04,25,0.0,17.2,-999
115052,RINCON_DE_LA_CRUZ,2010,04,26,0.0,17.2,-999
115052,RINCON_DE_LA_CRUZ,2010,04,27,0.0,17.0,-999
115052,RINCON_DE_LA_CRUZ,2010,04,28,0.0,17.2,-999
115052,RINCON_DE_LA_CRUZ,2010,04,29,0.0,15.6,-999
115052,RINCON_DE_LA_CRUZ,2010,04,30,11.0,14.2,-999
115052,RINCON_DE_LA_CRUZ,2010,05,01,0.0,15.0,-999
115052,RINCON_DE_LA_CRUZ,2010,05,02,0.0,16.8,-999
115052,RINCON_DE_LA_CRUZ,2010,05,03,0.0,14.2,-999
115052,RINCON_DE_LA_CRUZ,2010,05,04,0.0,13.8,-999
115052,RINCON_DE_LA_CRUZ,2010,05,05,0.0,15.4,-999
115052,RINCON_DE_LA_CRUZ,2010,05,06,0.0,15.6,-999
115052,RINCON_DE_LA_CRUZ,2010,05,07,0.0,15.4,-999
115052,RINCON_DE_LA_CRUZ,2010,05,08,0.0,16.2,-999
115052,RINCON_DE_LA_CRUZ,2010,05,09,0.0,16.4,-999
115052,RINCON_DE_LA_CRUZ,2010,05,10,0.0,16.4,-999
115052,RINCON_DE_LA_CRUZ,2010,05,11,0.0,14.4,-999
115052,RINCON_DE_LA_CRUZ,2010,05,12,0.0,15.2,-999
115052,RINCON_DE_LA_CRUZ,2010,05,13,0.0,16.0,-999
115052,RINCON_DE_LA_CRUZ,2010,05,14,-888,15.2,-999
115052,RINCON_DE_LA_CRUZ,2010,05,15,0.0,16.2,-999
115052,RINCON_DE_LA_CRUZ,2010,05,16,0.0,16.4,-999
115052,RINCON_DE_LA_CRUZ,2010,05,17,0.0,17.6,-999
115052,RINCON_DE_LA_CRUZ,2010,05,18,0.0,16.0,-999
115052,RINCON_DE_LA_CRUZ,2010,05,19,0.0,15.2,-999
115052,RINCON_DE_LA_CRUZ,2010,05,20,0.0,16.2,-999
115052,RINCON_DE_LA_CRUZ,2010,05,21,-888,13.8,-999
115052,RINCON_DE_LA_CRUZ,2010,05,22,0.0,15.2,-999
115052,RINCON_DE_LA_CRUZ,2010,05,23,0.0,16.4,-999
115052,RINCON_DE_LA_CRUZ,2010,05,24,0.0,13.2,-999
115052,RINCON_DE_LA_CRUZ,2010,05,25,-888,14.6,-999
115052,RINCON_DE_LA_CRUZ,2010,05,26,3.6,15.8,-999
115052,RINCON_DE_LA_CRUZ,2010,05,27,10.2,15.8,-999
115052,RINCON_DE_LA_CRUZ,2010,05,28,4.5,15.4,-999
115052,RINCON_DE_LA_CRUZ,2010,05,29,0.0,15.8,-999
115052,RINCON_DE_LA_CRUZ,2010,05,30,0.0,15.6,-999
115052,RINCON_DE_LA_CRUZ,2010,05,31,0.0,16.0,-999
115052,RINCON_DE_LA_CRUZ,2010,06,01,0.0,16.0,-999
115052,RINCON_DE_LA_CRUZ,2010,06,02,0.0,16.4,-999
115052,RINCON_DE_LA_CRUZ,2010,06,03,0.0,15.4,-999
115052,RINCON_DE_LA_CRUZ,2010,06,04,0.0,16.2,-999
115052,RINCON_DE_LA_CRUZ,2010,06,05,0.0,14.8,-999
115052,RINCON_DE_LA_CRUZ,2010,06,06,0.0,15.4,-999
115052,RINCON_DE_LA_CRUZ,2010,06,07,0.0,15.6,-999
115052,RINCON_DE_LA_CRUZ,2010,06,08,0.0,15.8,-999
115052,RINCON_DE_LA_CRUZ,2010,06,09,0.0,15.6,-999
115052,RINCON_DE_LA_CRUZ,2010,06,10,0.0,15.6,-999
115052,RINCON_DE_LA_CRUZ,2010,06,11,0.0,14.6,-999
115052,RINCON_DE_LA_CRUZ,2010,06,12,0.0,15.8,-999
115052,RINCON_DE_LA_CRUZ,2010,06,13,0.0,15.4,-999
115052,RINCON_DE_LA_CRUZ,2010,06,14,0.0,15.8,-999
115052,RINCON_DE_LA_CRUZ,2010,06,15,0.0,16.0,-999
115052,RINCON_DE_LA_CRUZ,2010,06,16,0.0,16.2,-999
115052,RINCON_DE_LA_CRUZ,2010,06,17,0.0,16.4,-999
115052,RINCON_DE_LA_CRUZ,2010,06,18,0.0,15.8,-999
115052,RINCON_DE_LA_CRUZ,2010,06,19,0.0,15.4,-999
115052,RINCON_DE_LA_CRUZ,2010,06,20,0.0,15.6,-999
115052,RINCON_DE_LA_CRUZ,2010,06,21,0.0,15.2,-999
115052,RINCON_DE_LA_CRUZ,2010,06,22,0.0,16.8,-999
115052,RINCON_DE_LA_CRUZ,2010,06,23,0.0,-999,-999
115052,RINCON_DE_LA_CRUZ,2010,06,24,0.0,-999,-999
115052,RINCON_DE_LA_CRUZ,2010,06,25,0.0,-999,-999
115052,RINCON_DE_LA_CRUZ,2010,06,26,0.0,15.0,-999
115052,RINCON_DE_LA_CRUZ,2010,06,27,0.0,15.2,-999
115052,RINCON_DE_LA_CRUZ,2010,06,28,0.0,15.2,-999
115052,RINCON_DE_LA_CRUZ,2010,06,29,0.0,15.0,-999
115052,RINCON_DE_LA_CRUZ,2010,06,30,0.0,14.8,-999
115052,RINCON_DE_LA_CRUZ,2010,07,01,0.0,15.0,-999
115052,RINCON_DE_LA_CRUZ,2010,07,02,0.0,14.8,-999
115052,RINCON_DE_LA_CRUZ,2010,07,03,0.0,15.4,-999
115052,RINCON_DE_LA_CRUZ,2010,07,04,0.0,16.6,-999
115052,RINCON_DE_LA_CRUZ,2010,07,05,0.0,17.0,-999
115052,RINCON_DE_LA_CRUZ,2010,07,06,0.0,16.8,-999
115052,RINCON_DE_LA_CRUZ,2010,07,07,0.0,16.6,-999
115052,RINCON_DE_LA_CRUZ,2010,07,08,0.0,17.0,-999
115052,RINCON_DE_LA_CRUZ,2010,07,09,0.0,14.2,-999
115052,RINCON_DE_LA_CRUZ,2010,07,10,0.0,13.6,-999
115052,RINCON_DE_LA_CRUZ,2010,07,11,0.0,14.8,-999
115052,RINCON_DE_LA_CRUZ,2010,07,12,0.0,15.2,-999
115052,RINCON_DE_LA_CRUZ,2010,07,13,0.0,15.8,-999
115052,RINCON_DE_LA_CRUZ,2010,07,14,0.0,14.8,-999
115052,RINCON_DE_LA_CRUZ,2010,07,15,0.0,14.6,-999
115052,RINCON_DE_LA_CRUZ,2010,07,16,0.0,15.4,-999
115052,RINCON_DE_LA_CRUZ,2010,07,17,-888,15.0,-999
115052,RINCON_DE_LA_CRUZ,2010,07,18,0.0,15.6,-999
115052,RINCON_DE_LA_CRUZ,2010,07,19,0.0,14.0,-999
115052,RINCON_DE_LA_CRUZ,2010,07,20,0.0,15.4,-999
115052,RINCON_DE_LA_CRUZ,2010,07,21,0.0,16.8,-999
115052,RINCON_DE_LA_CRUZ,2010,07,22,0.0,16.0,-999
115052,RINCON_DE_LA_CRUZ,2010,07,23,0.0,17.4,-999
115052,RINCON_DE_LA_CRUZ,2010,07,24,0.0,16.6,-999
115052,RINCON_DE_LA_CRUZ,2010,07,25,0.0,17.0,-999
115052,RINCON_DE_LA_CRUZ,2010,07,26,0.0,15.0,-999
115052,RINCON_DE_LA_CRUZ,2010,07,27,0.0,15.6,-999
115052,RINCON_DE_LA_CRUZ,2010,07,28,0.0,16.8,-999
115052,RINCON_DE_LA_CRUZ,2010,07,29,0.0,16.2,-999
115052,RINCON_DE_LA_CRUZ,2010,07,30,0.0,17.0,-999
115052,RINCON_DE_LA_CRUZ,2010,07,31,0.0,15.0,-999
115052,RINCON_DE_LA_CRUZ,2010,08,01,0.0,14.2,-999
115052,RINCON_DE_LA_CRUZ,2010,08,02,0.0,13.8,-999
115052,RINCON_DE_LA_CRUZ,2010,08,03,0.0,15.0,-999
115052,RINCON_DE_LA_CRUZ,2010,08,04,0.0,15.0,-999
115052,RINCON_DE_LA_CRUZ,2010,08,05,0.0,16.2,-999
115052,RINCON_DE_LA_CRUZ,2010,08,06,0.0,17.2,-999
115052,RINCON_DE_LA_CRUZ,2010,08,07,0.0,17.0,-999
115052,RINCON_DE_LA_CRUZ,2010,08,08,0.0,16.8,-999
115052,RINCON_DE_LA_CRUZ,2010,08,09,0.0,15.6,-999
115052,RINCON_DE_LA_CRUZ,2010,08,10,0.0,15.4,-999
115052,RINCON_DE_LA_CRUZ,2010,08,11,0.0,18.4,-999
115052,RINCON_DE_LA_CRUZ,2010,08,12,0.0,16.0,-999
115052,RINCON_DE_LA_CRUZ,2010,08,13,0.0,15.8,-999
115052,RINCON_DE_LA_CRUZ,2010,08,14,0.0,16.4,-999
115052,RINCON_DE_LA_CRUZ,2010,08,15,0.0,17.2,-999
115052,RINCON_DE_LA_CRUZ,2010,08,16,0.0,17.4,-999
115052,RINCON_DE_LA_CRUZ,2010,08,17,0.0,16.2,-999
115052,RINCON_DE_LA_CRUZ,2010,08,18,0.0,17.0,-999
115052,RINCON_DE_LA_CRUZ,2010,08,19,0.0,16.8,-999
115052,RINCON_DE_LA_CRUZ,2010,08,20,0.0,15.8,-999
115052,RINCON_DE_LA_CRUZ,2010,08,21,0.0,16.0,-999
115052,RINCON_DE_LA_CRUZ,2010,08,22,0.0,16.8,-999
115052,RINCON_DE_LA_CRUZ,2010,08,23,0.0,17.2,-999
115052,RINCON_DE_LA_CRUZ,2010,08,24,0.0,18.6,-999
115052,RINCON_DE_LA_CRUZ,2010,08,25,0.0,17.2,-999
115052,RINCON_DE_LA_CRUZ,2010,08,26,0.0,16.2,-999
115052,RINCON_DE_LA_CRUZ,2010,08,27,0.0,16.8,-999
115052,RINCON_DE_LA_CRUZ,2010,08,28,0.0,16.6,-999
115052,RINCON_DE_LA_CRUZ,2010,08,29,0.0,16.2,-999
115052,RINCON_DE_LA_CRUZ,2010,08,30,0.0,16.8,-999
115052,RINCON_DE_LA_CRUZ,2010,08,31,8.6,15.4,-999
115052,RINCON_DE_LA_CRUZ,2010,09,01,4.8,13.0,-2.4
115052,RINCON_DE_LA_CRUZ,2010,09,02,-888,15.6,-0.8
115052,RINCON_DE_LA_CRUZ,2010,09,03,0.0,16.2,-3.2
115052,RINCON_DE_LA_CRUZ,2010,09,04,0.0,16.4,0.8
115052,RINCON_DE_LA_CRUZ,2010,09,05,0.0,16.2,0.8
115052,RINCON_DE_LA_CRUZ,2010,09,06,0.0,15.4,-1.6
115052,RINCON_DE_LA_CRUZ,2010,09,07,0.0,16.0,-1.2
115052,RINCON_DE_LA_CRUZ,2010,09,08,0.0,15.2,1.0
115052,RINCON_DE_LA_CRUZ,2010,09,09,0.0,16.8,0.0
115052,RINCON_DE_LA_CRUZ,2010,09,10,0.0,17.6,-2.4
115052,RINCON_DE_LA_CRUZ,2010,09,11,0.0,17.4,-2.8
115052,RINCON_DE_LA_CRUZ,2010,09,12,0.0,16.6,-3.0
115052,RINCON_DE_LA_CRUZ,2010,09,13,0.0,15.4,-7.2
115052,RINCON_DE_LA_CRUZ,2010,09,14,0.0,15.6,-1.2
115052,RINCON_DE_LA_CRUZ,2010,09,15,0.0,18.6,-6.4
115052,RINCON_DE_LA_CRUZ,2010,09,16,0.0,18.0,0.8
115052,RINCON_DE_LA_CRUZ,2010,09,17,0.0,16.6,-4.2
115052,RINCON_DE_LA_CRUZ,2010,09,18,0.0,15.2,-5.8
115052,RINCON_DE_LA_CRUZ,2010,09,19,0.0,15.6,-6.6
115052,RINCON_DE_LA_CRUZ,2010,09,20,0.0,16.2,-5.4
115052,RINCON_DE_LA_CRUZ,2010,09,21,0.0,16.4,-3.4
115052,RINCON_DE_LA_CRUZ,2010,09,22,0.0,16.8,-2.6
115052,RINCON_DE_LA_CRUZ,2010,09,23,0.0,17.2,-2.4
115052,RINCON_DE_LA_CRUZ,2010,09,24,0.0,17.0,-2.0
115052,RINCON_DE_LA_CRUZ,2010,09,25,0.0,17.8,-1.8
115052,RINCON_DE_LA_CRUZ,2010,09,26,0.0,17.8,-2.0
115052,RINCON_DE_LA_CRUZ,2010,09,27,0.0,17.0,0.4
115052,RINCON_DE_LA_CRUZ,2010,09,28,0.0,17.6,-5.6
115052,RINCON_DE_LA_CRUZ,2010,09,29,0.0,17.8,2.6
115052,RINCON_DE_LA_CRUZ,2010,09,30,0.0,19.0,0.4
115052,RINCON_DE_LA_CRUZ,2010,10,01,-888,18.0,-3.4
115052,RINCON_DE_LA_CRUZ,2010,10,02,0.0,18.2,3.6
115052,RINCON_DE_LA_CRUZ,2010,10,03,0.0,17.8,-4.8
115052,RINCON_DE_LA_CRUZ,2010,10,04,0.0,16.6,-7.4
115052,RINCON_DE_LA_CRUZ,2010,10,05,0.0,17.4,-3.0
115052,RINCON_DE_LA_CRUZ,2010,10,06,0.0,18.6,-2.8
115052,RINCON_DE_LA_CRUZ,2010,10,07,0.0,17.8,-3.2
115052,RINCON_DE_LA_CRUZ,2010,10,08,0.0,17.2,0.8
115052,RINCON_DE_LA_CRUZ,2010,10,09,-888,18.2,0.4
115052,RINCON_DE_LA_CRUZ,2010,10,10,21.0,16.8,0.6
115052,RINCON_DE_LA_CRUZ,2010,10,11,19.5,14.8,-1.0
115052,RINCON_DE_LA_CRUZ,2010,10,12,13.0,14.0,0.8
115052,RINCON_DE_LA_CRUZ,2010,10,13,0.0,14.4,1.4
115052,RINCON_DE_LA_CRUZ,2010,10,14,1.5,15.8,2.4
115052,RINCON_DE_LA_CRUZ,2010,10,15,0.0,15.8,2.2
115052,RINCON_DE_LA_CRUZ,2010,10,16,0.0,16.0,0.4
115052,RINCON_DE_LA_CRUZ,2010,10,17,5.8,15.8,0.2
115052,RINCON_DE_LA_CRUZ,2010,10,18,0.0,16.2,0.8
115052,RINCON_DE_LA_CRUZ,2010,10,19,2.2,17.6,4.8
115052,RINCON_DE_LA_CRUZ,2010,10,20,0.0,16.0,6.2
115052,RINCON_DE_LA_CRUZ,2010,10,21,4.5,16.2,5.2
115052,RINCON_DE_LA_CRUZ,2010,10,22,0.0,15.0,3.2
115052,RINCON_DE_LA_CRUZ,2010,10,23,0.0,17.4,2.8
115052,RINCON_DE_LA_CRUZ,2010,10,24,0.0,18.2,3.0
115052,RINCON_DE_LA_CRUZ,2010,10,25,0.8,17.2,3.2
115052,RINCON_DE_LA_CRUZ,2010,10,26,0.0,17.8,4.6
115052,RINCON_DE_LA_CRUZ,2010,10,27,0.0,18.2,2.0
115052,RINCON_DE_LA_CRUZ,2010,10,28,0.0,18.0,6.2
115052,RINCON_DE_LA_CRUZ,2010,10,29,0.0,16.4,2.2
115052,RINCON_DE_LA_CRUZ,2010,10,30,0.0,18.4,2.0
115052,RINCON_DE_LA_CRUZ,2010,10,31,0.0,16.4,6.0
115052,RINCON_DE_LA_CRUZ,2010,11,01,0.0,16.6,2.4
115052,RINCON_DE_LA_CRUZ,2010,11,02,0.0,17.0,2.8
115052,RINCON_DE_LA_CRUZ,2010,11,03,0.0,17.6,3.4
115052,RINCON_DE_LA_CRUZ,2010,11,04,0.0,17.8,-1.4
115052,RINCON_DE_LA_CRUZ,2010,11,05,0.0,17.6,-3.4
115052,RINCON_DE_LA_CRUZ,2010,11,06,0.0,17.4,4.0
115052,RINCON_DE_LA_CRUZ,2010,11,07,0.0,18.2,3.8
115052,RINCON_DE_LA_CRUZ,2010,11,08,0.0,17.6,3.2
115052,RINCON_DE_LA_CRUZ,2010,11,09,0.0,17.4,3.6
115052,RINCON_DE_LA_CRUZ,2010,11,10,0.0,16.4,5.4
115052,RINCON_DE_LA_CRUZ,2010,11,11,0.0,17.4,5.4
115052,RINCON_DE_LA_CRUZ,2010,11,12,0.0,17.6,4.2
115052,RINCON_DE_LA_CRUZ,2010,11,13,0.0,17.4,2.2
115052,RINCON_DE_LA_CRUZ,2010,11,14,0.0,17.2,5.2
115052,RINCON_DE_LA_CRUZ,2010,11,15,0.0,17.4,4.2
115052,RINCON_DE_LA_CRUZ,2010,11,16,0.0,17.2,3.2
115052,RINCON_DE_LA_CRUZ,2010,11,17,0.0,16.4,-1.2
115052,RINCON_DE_LA_CRUZ,2010,11,18,0.0,19.4,2.8
115052,RINCON_DE_LA_CRUZ,2010,11,19,0.0,18.4,2.2
115052,RINCON_DE_LA_CRUZ,2010,11,20,0.0,18.2,3.4
115052,RINCON_DE_LA_CRUZ,2010,11,21,0.0,18.4,3.2
115052,RINCON_DE_LA_CRUZ,2010,11,22,0.0,17.8,3.0
115052,RINCON_DE_LA_CRUZ,2010,11,23,0.0,18.2,3.0
115052,RINCON_DE_LA_CRUZ,2010,11,24,0.0,16.4,4.2
115052,RINCON_DE_LA_CRUZ,2010,11,25,0.0,17.4,5.8
115052,RINCON_DE_LA_CRUZ,2010,11,26,0.0,17.8,4.0
115052,RINCON_DE_LA_CRUZ,2010,11,27,0.0,19.6,6.2
115052,RINCON_DE_LA_CRUZ,2010,11,28,0.0,19.8,5.2
115052,RINCON_DE_LA_CRUZ,2010,11,29,0.0,17.8,5.4
115052,RINCON_DE_LA_CRUZ,2010,11,30,0.0,18.6,6.0
115052,RINCON_DE_LA_CRUZ,2010,12,01,0.0,19.0,6.4
115052,RINCON_DE_LA_CRUZ,2010,12,02,0.0,19.4,5.8
115052,RINCON_DE_LA_CRUZ,2010,12,03,0.0,20.2,3.4
115052,RINCON_DE_LA_CRUZ,2010,12,04,2.0,17.8,6.0
115052,RINCON_DE_LA_CRUZ,2010,12,05,3.0,13.6,6.8
115052,RINCON_DE_LA_CRUZ,2010,12,06,14.7,17.4,5.4
115052,RINCON_DE_LA_CRUZ,2010,12,07,0.0,17.2,3.8
115052,RINCON_DE_LA_CRUZ,2010,12,08,2.4,17.8,4.4
115052,RINCON_DE_LA_CRUZ,2010,12,09,3.3,15.6,5.8
115052,RINCON_DE_LA_CRUZ,2010,12,10,0.0,17.6,4.0
115052,RINCON_DE_LA_CRUZ,2010,12,11,11.2,17.6,6.2
115052,RINCON_DE_LA_CRUZ,2010,12,12,1.1,17.8,5.8
115052,RINCON_DE_LA_CRUZ,2010,12,13,8.1,14.4,6.0
115052,RINCON_DE_LA_CRUZ,2010,12,14,0.0,16.2,1.2
115052,RINCON_DE_LA_CRUZ,2010,12,15,0.0,16.0,5.6
115052,RINCON_DE_LA_CRUZ,2010,12,16,0.0,17.4,4.2
115052,RINCON_DE_LA_CRUZ,2010,12,17,0.0,18.4,4.2
115052,RINCON_DE_LA_CRUZ,2010,12,18,-888,18.2,6.6
115052,RINCON_DE_LA_CRUZ,2010,12,19,1.4,16.6,6.4
115052,RINCON_DE_LA_CRUZ,2010,12,20,4.4,15.0,5.4
115052,RINCON_DE_LA_CRUZ,2010,12,21,19.9,13.2,3.4
115052,RINCON_DE_LA_CRUZ,2010,12,22,8.0,15.4,5.4
115052,RINCON_DE_LA_CRUZ,2010,12,23,6.2,15.6,5.0
115052,RINCON_DE_LA_CRUZ,2010,12,24,5.8,16.0,6.2
115052,RINCON_DE_LA_CRUZ,2010,12,25,11.4,14.2,3.8
115052,RINCON_DE_LA_CRUZ,2010,12,26,5.2,15.0,5.6
115052,RINCON_DE_LA_CRUZ,2010,12,27,8.1,15.6,6.0
115052,RINCON_DE_LA_CRUZ,2010,12,28,7.8,15.8,6.2
115052,RINCON_DE_LA_CRUZ,2010,12,29,3.5,14.4,-999
115052,RINCON_DE_LA_CRUZ,2010,12,30,-888,15.8,6.4
115052,RINCON_DE_LA_CRUZ,2010,12,31,0.0,14.8,6.0
115052,RINCON_DE_LA_CRUZ,2011,01,01,0.0,15.8,6.0
115052,RINCON_DE_LA_CRUZ,2011,01,02,1.8,15.6,5.6
115052,RINCON_DE_LA_CRUZ,2011,01,03,1.2,17.0,4.8
115052,RINCON_DE_LA_CRUZ,2011,01,04,0.0,17.2,4.0
115052,RINCON_DE_LA_CRUZ,2011,01,05,0.0,16.8,5.2
115052,RINCON_DE_LA_CRUZ,2011,01,06,3.0,16.6,6.2
115052,RINCON_DE_LA_CRUZ,2011,01,07,1.7,15.2,6.0
115052,RINCON_DE_LA_CRUZ,2011,01,08,2.8,16.0,5.4
115052,RINCON_DE_LA_CRUZ,2011,01,09,17.4,16.6,-999
115052,RINCON_DE_LA_CRUZ,2011,01,10,0.0,16.6,4.4
115052,RINCON_DE_LA_CRUZ,2011,01,11,0.0,14.6,5.4
115052,RINCON_DE_LA_CRUZ,2011,01,12,8.2,15.0,6.4
115052,RINCON_DE_LA_CRUZ,2011,01,13,0.0,16.8,5.8
115052,RINCON_DE_LA_CRUZ,2011,01,14,3.6,18.6,6.2
115052,RINCON_DE_LA_CRUZ,2011,01,15,0.0,15.6,4.8
115052,RINCON_DE_LA_CRUZ,2011,01,16,0.0,18.4,6.4
115052,RINCON_DE_LA_CRUZ,2011,01,17,0.8,18.0,5.4
115052,RINCON_DE_LA_CRUZ,2011,01,18,0.0,15.8,4.8
115052,RINCON_DE_LA_CRUZ,2011,01,19,0.0,18.2,6.6
115052,RINCON_DE_LA_CRUZ,2011,01,20,1.6,18.4,4.2
115052,RINCON_DE_LA_CRUZ,2011,01,21,0.0,14.6,5.4
115052,RINCON_DE_LA_CRUZ,2011,01,22,6.5,14.6,5.6
115052,RINCON_DE_LA_CRUZ,2011,01,23,20.8,14.4,4.2
115052,RINCON_DE_LA_CRUZ,2011,01,24,3.0,12.4,4.0
115052,RINCON_DE_LA_CRUZ,2011,01,25,7.0,14.0,6.8
115052,RINCON_DE_LA_CRUZ,2011,01,26,14.5,14.8,5.2
115052,RINCON_DE_LA_CRUZ,2011,01,27,4.0,14.6,4.8
115052,RINCON_DE_LA_CRUZ,2011,01,28,1.8,13.8,5.2
115052,RINCON_DE_LA_CRUZ,2011,01,29,0.0,13.2,5.4
115052,RINCON_DE_LA_CRUZ,2011,01,30,0.0,14.8,4.8
115052,RINCON_DE_LA_CRUZ,2011,01,31,17.0,14.2,5.2
115052,RINCON_DE_LA_CRUZ,2011,02,01,8.5,14.2,4.2
115052,RINCON_DE_LA_CRUZ,2011,02,02,2.0,15.2,4.6
115052,RINCON_DE_LA_CRUZ,2011,02,03,0.0,15.4,5.0
115052,RINCON_DE_LA_CRUZ,2011,02,04,16.2,14.2,4.8
115052,RINCON_DE_LA_CRUZ,2011,02,05,8.0,14.0,6.0
115052,RINCON_DE_LA_CRUZ,2011,02,06,16.8,13.4,-999
115052,RINCON_DE_LA_CRUZ,2011,02,07,23.3,15.6,6.8
115052,RINCON_DE_LA_CRUZ,2011,02,08,0.0,14.0,5.4
115052,RINCON_DE_LA_CRUZ,2011,02,09,2.6,14.0,6.4
115052,RINCON_DE_LA_CRUZ,2011,02,10,15.0,13.6,5.4
115052,RINCON_DE_LA_CRUZ,2011,02,11,0.0,13.6,6.2
115052,RINCON_DE_LA_CRUZ,2011,02,12,0.0,15.6,4.8
115052,RINCON_DE_LA_CRUZ,2011,02,13,8.7,17.0,4.0
115052,RINCON_DE_LA_CRUZ,2011,02,14,7.7,9.4,5.0
115052,RINCON_DE_LA_CRUZ,2011,02,15,21.8,13.6,5.4
115052,RINCON_DE_LA_CRUZ,2011,02,16,0.0,15.0,5.4
115052,RINCON_DE_LA_CRUZ,2011,02,17,18.4,15.0,6.4
115052,RINCON_DE_LA_CRUZ,2011,02,18,30.7,10.6,5.4
115052,RINCON_DE_LA_CRUZ,2011,02,19,34.8,13.6,5.6
115052,RINCON_DE_LA_CRUZ,2011,02,20,8.4,12.4,5.0
115052,RINCON_DE_LA_CRUZ,2011,02,21,2.7,14.0,4.6
115052,RINCON_DE_LA_CRUZ,2011,02,22,3.8,13.8,6.0
115052,RINCON_DE_LA_CRUZ,2011,02,23,26.2,15.2,5.4
115052,RINCON_DE_LA_CRUZ,2011,02,24,8.8,13.2,5.2
115052,RINCON_DE_LA_CRUZ,2011,02,25,4.2,15.4,5.6
115052,RINCON_DE_LA_CRUZ,2011,02,26,10.3,12.8,-999
115052,RINCON_DE_LA_CRUZ,2011,02,27,10.4,14.0,4.6
115052,RINCON_DE_LA_CRUZ,2011,02,28,1.0,13.8,5.0
115052,RINCON_DE_LA_CRUZ,2011,03,01,0.0,14.2,6.4
115052,RINCON_DE_LA_CRUZ,2011,03,02,0.0,14.4,4.0
115052,RINCON_DE_LA_CRUZ,2011,03,03,12.7,13.2,5.2
115052,RINCON_DE_LA_CRUZ,2011,03,04,11.2,13.6,4.2
115052,RINCON_DE_LA_CRUZ,2011,03,05,5.5,13.8,4.4
115052,RINCON_DE_LA_CRUZ,2011,03,06,4.2,13.8,5.2
115052,RINCON_DE_LA_CRUZ,2011,03,07,7.2,14.4,3.0
115052,RINCON_DE_LA_CRUZ,2011,03,08,13.0,12.4,5.2
115052,RINCON_DE_LA_CRUZ,2011,03,09,3.5,13.0,4.6
115052,RINCON_DE_LA_CRUZ,2011,03,10,0.0,14.4,4.0
115052,RINCON_DE_LA_CRUZ,2011,03,11,21.4,13.8,5.4
115052,RINCON_DE_LA_CRUZ,2011,03,12,4.0,14.8,4.8
115052,RINCON_DE_LA_CRUZ,2011,03,13,9.8,14.6,5.6
115052,RINCON_DE_LA_CRUZ,2011,03,14,0.0,13.0,5.4
115052,RINCON_DE_LA_CRUZ,2011,03,15,0.0,13.2,4.8
115052,RINCON_DE_LA_CRUZ,2011,03,16,8.6,13.8,5.0
115052,RINCON_DE_LA_CRUZ,2011,03,17,0.0,16.4,6.2
115052,RINCON_DE_LA_CRUZ,2011,03,18,0.0,14.6,5.0
115052,RINCON_DE_LA_CRUZ,2011,03,19,7.0,14.0,6.4
115052,RINCON_DE_LA_CRUZ,2011,03,20,12.4,14.2,5.4
115052,RINCON_DE_LA_CRUZ,2011,03,21,0.0,14.6,6.6
115052,RINCON_DE_LA_CRUZ,2011,03,22,4.5,13.2,6.4
115052,RINCON_DE_LA_CRUZ,2011,03,23,16.5,14.8,5.2
115052,RINCON_DE_LA_CRUZ,2011,03,24,0.0,13.0,3.8
115052,RINCON_DE_LA_CRUZ,2011,03,25,0.0,15.2,5.2
115052,RINCON_DE_LA_CRUZ,2011,03,26,0.0,15.4,4.6
115052,RINCON_DE_LA_CRUZ,2011,03,27,4.8,14.2,4.2
115052,RINCON_DE_LA_CRUZ,2011,03,28,1.5,15.8,5.0
115052,RINCON_DE_LA_CRUZ,2011,03,29,1.6,13.8,6.6
115052,RINCON_DE_LA_CRUZ,2011,03,30,2.0,14.8,5.8
115052,RINCON_DE_LA_CRUZ,2011,03,31,12.0,15.6,6.2
115052,RINCON_DE_LA_CRUZ,2011,04,01,0.0,15.4,6.4
115052,RINCON_DE_LA_CRUZ,2011,04,02,0.0,15.2,5.0
115052,RINCON_DE_LA_CRUZ,2011,04,03,0.0,15.0,6.2
115052,RINCON_DE_LA_CRUZ,2011,04,04,0.0,14.8,4.0
115052,RINCON_DE_LA_CRUZ,2011,04,05,0.0,14.6,4.2
115052,RINCON_DE_LA_CRUZ,2011,04,06,7.0,16.2,5.0
115052,RINCON_DE_LA_CRUZ,2011,04,07,10.9,14.6,5.4
115052,RINCON_DE_LA_CRUZ,2011,04,08,0.8,13.0,4.2
115052,RINCON_DE_LA_CRUZ,2011,04,09,0.0,11.8,6.0
115052,RINCON_DE_LA_CRUZ,2011,04,10,0.0,15.0,4.0
115052,RINCON_DE_LA_CRUZ,2011,04,11,1.8,15.8,3.6
115052,RINCON_DE_LA_CRUZ,2011,04,12,0.0,15.4,3.4
115052,RINCON_DE_LA_CRUZ,2011,04,13,0.0,14.2,1.4
115052,RINCON_DE_LA_CRUZ,2011,04,14,-888,15.2,1.4
115052,RINCON_DE_LA_CRUZ,2011,04,15,0.0,14.4,2.0
115052,RINCON_DE_LA_CRUZ,2011,04,16,0.0,14.8,3.8
115052,RINCON_DE_LA_CRUZ,2011,04,17,2.6,13.4,5.6
115052,RINCON_DE_LA_CRUZ,2011,04,18,0.0,14.0,-999
115052,RINCON_DE_LA_CRUZ,2011,04,19,0.0,14.6,4.0
115052,RINCON_DE_LA_CRUZ,2011,04,20,0.0,15.2,3.4
115052,RINCON_DE_LA_CRUZ,2011,04,21,0.0,15.8,2.4
115052,RINCON_DE_LA_CRUZ,2011,04,22,0.0,15.6,3.2
115052,RINCON_DE_LA_CRUZ,2011,04,23,0.0,15.6,1.8
115052,RINCON_DE_LA_CRUZ,2011,04,24,0.0,14.4,2.6
115052,RINCON_DE_LA_CRUZ,2011,04,25,0.0,16.4,1.6
115052,RINCON_DE_LA_CRUZ,2011,04,26,0.0,16.2,1.8
115052,RINCON_DE_LA_CRUZ,2011,04,27,-888,14.8,4.4
115052,RINCON_DE_LA_CRUZ,2011,04,28,0.0,15.2,0.0
115052,RINCON_DE_LA_CRUZ,2011,04,29,0.0,15.0,-0.4
115052,RINCON_DE_LA_CRUZ,2011,04,30,0.0,15.0,-0.8
115052,RINCON_DE_LA_CRUZ,2011,05,01,18.1,14.2,-1.2
115052,RINCON_DE_LA_CRUZ,2011,05,02,0.0,15.0,2.0
115052,RINCON_DE_LA_CRUZ,2011,05,03,0.0,14.8,4.4
115052,RINCON_DE_LA_CRUZ,2011,05,04,4.0,15.6,3.8
115052,RINCON_DE_LA_CRUZ,2011,05,05,0.0,14.8,0.8
115052,RINCON_DE_LA_CRUZ,2011,05,06,0.0,14.2,-0.6
115052,RINCON_DE_LA_CRUZ,2011,05,07,0.0,14.6,0.4
115052,RINCON_DE_LA_CRUZ,2011,05,08,0.0,15.0,2.8
115052,RINCON_DE_LA_CRUZ,2011,05,09,0.0,14.4,1.4
115052,RINCON_DE_LA_CRUZ,2011,05,10,1.5,14.0,2.0
115052,RINCON_DE_LA_CRUZ,2011,05,11,2.8,13.8,3.4
115052,RINCON_DE_LA_CRUZ,2011,05,12,0.0,13.4,1.0
115052,RINCON_DE_LA_CRUZ,2011,05,13,0.0,13.8,2.6
115052,RINCON_DE_LA_CRUZ,2011,05,14,0.0,13.4,1.8
115052,RINCON_DE_LA_CRUZ,2011,05,15,0.0,13.6,-2.0
115052,RINCON_DE_LA_CRUZ,2011,05,16,0.0,13.4,0.0
115052,RINCON_DE_LA_CRUZ,2011,05,17,0.0,13.6,-0.4
115052,RINCON_DE_LA_CRUZ,2011,05,18,0.0,12.6,-1.2
115052,RINCON_DE_LA_CRUZ,2011,05,19,0.0,13.0,-1.6
115052,RINCON_DE_LA_CRUZ,2011,05,20,0.0,13.4,-1.8
115052,RINCON_DE_LA_CRUZ,2011,05,21,0.0,14.2,-2.8
115052,RINCON_DE_LA_CRUZ,2011,05,22,0.0,15.2,3.0
115052,RINCON_DE_LA_CRUZ,2011,05,23,0.0,15.0,4.0
115052,RINCON_DE_LA_CRUZ,2011,05,24,0.0,15.6,4.6
115052,RINCON_DE_LA_CRUZ,2011,05,25,0.0,16.2,3.4
115052,RINCON_DE_LA_CRUZ,2011,05,26,0.0,13.4,3.6
115052,RINCON_DE_LA_CRUZ,2011,05,27,0.0,15.4,0.0
115052,RINCON_DE_LA_CRUZ,2011,05,28,0.0,16.4,2.6
115052,RINCON_DE_LA_CRUZ,2011,05,29,0.0,15.4,0.2
115052,RINCON_DE_LA_CRUZ,2011,05,30,0.0,15.2,-1.0
115052,RINCON_DE_LA_CRUZ,2011,05,31,0.0,16.6,0.6
115052,RINCON_DE_LA_CRUZ,2011,06,01,0.0,15.6,-1.0
115052,RINCON_DE_LA_CRUZ,2011,06,02,0.0,16.2,-0.1
115052,RINCON_DE_LA_CRUZ,2011,06,03,0.0,16.0,3.6
115052,RINCON_DE_LA_CRUZ,2011,06,04,0.0,15.2,3.0
115052,RINCON_DE_LA_CRUZ,2011,06,05,0.0,15.4,3.4
115052,RINCON_DE_LA_CRUZ,2011,06,06,0.0,13.2,-0.4
115052,RINCON_DE_LA_CRUZ,2011,06,07,0.0,14.0,-6.8
115052,RINCON_DE_LA_CRUZ,2011,06,08,0.0,16.2,-1.6
115052,RINCON_DE_LA_CRUZ,2011,06,09,0.0,12.4,-4.8
115052,RINCON_DE_LA_CRUZ,2011,06,10,0.0,14.0,-2.4
115052,RINCON_DE_LA_CRUZ,2011,06,11,0.0,14.4,-2.4
115052,RINCON_DE_LA_CRUZ,2011,06,12,0.0,14.2,-3.3
115052,RINCON_DE_LA_CRUZ,2011,06,13,0.0,13.6,-1.4
115052,RINCON_DE_LA_CRUZ,2011,06,14,0.0,13.8,-2.8
115052,RINCON_DE_LA_CRUZ,2011,06,15,0.0,13.2,-1.4
115052,RINCON_DE_LA_CRUZ,2011,06,16,0.0,13.4,2.0
115052,RINCON_DE_LA_CRUZ,2011,06,17,0.0,13.6,0.4
115052,RINCON_DE_LA_CRUZ,2011,06,18,0.0,14.0,1.8
115052,RINCON_DE_LA_CRUZ,2011,06,19,0.0,14.6,-1.0
115052,RINCON_DE_LA_CRUZ,2011,06,20,0.0,15.2,-1.2
115052,RINCON_DE_LA_CRUZ,2011,06,21,0.0,15.8,0.2
115052,RINCON_DE_LA_CRUZ,2011,06,22,0.0,15.0,3.8
115052,RINCON_DE_LA_CRUZ,2011,06,23,0.0,15.2,0.0
115052,RINCON_DE_LA_CRUZ,2011,06,24,0.0,15.8,-0.4
115052,RINCON_DE_LA_CRUZ,2011,06,25,0.0,16.2,-2.2
115052,RINCON_DE_LA_CRUZ,2011,06,26,0.0,16.0,-2.8
115052,RINCON_DE_LA_CRUZ,2011,06,27,0.0,16.4,-3.6
115052,RINCON_DE_LA_CRUZ,2011,06,28,0.0,16.8,0.4
115052,RINCON_DE_LA_CRUZ,2011,06,29,0.0,14.8,-1.6
115052,RINCON_DE_LA_CRUZ,2011,06,30,0.0,11.0,1.8
115052,RINCON_DE_LA_CRUZ,2011,07,01,0.0,11.2,0.4
115052,RINCON_DE_LA_CRUZ,2011,07,02,0.8,9.0,-1.6
115052,RINCON_DE_LA_CRUZ,2011,07,03,5.2,8.9,0.4
115052,RINCON_DE_LA_CRUZ,2011,07,04,0.0,14.6,1.0
115052,RINCON_DE_LA_CRUZ,2011,07,05,0.0,12.6,-1.4
115052,RINCON_DE_LA_CRUZ,2011,07,06,0.0,13.4,1.2
115052,RINCON_DE_LA_CRUZ,2011,07,07,0.0,12.6,-0.2
115052,RINCON_DE_LA_CRUZ,2011,07,08,0.0,13.0,-2.0
115052,RINCON_DE_LA_CRUZ,2011,07,09,0.0,13.2,-1.8
115052,RINCON_DE_LA_CRUZ,2011,07,10,0.0,14.6,-4.8
115052,RINCON_DE_LA_CRUZ,2011,07,11,0.0,13.2,-1.2
115052,RINCON_DE_LA_CRUZ,2011,07,12,0.0,13.0,-1.8
115052,RINCON_DE_LA_CRUZ,2011,07,13,0.0,14.6,-2.4
115052,RINCON_DE_LA_CRUZ,2011,07,14,0.0,15.0,-1.1
115052,RINCON_DE_LA_CRUZ,2011,07,15,0.0,15.2,-999
115052,RINCON_DE_LA_CRUZ,2011,07,16,0.0,13.8,-2.0
115052,RINCON_DE_LA_CRUZ,2011,07,17,0.0,14.6,-2.6
115052,RINCON_DE_LA_CRUZ,2011,07,18,0.0,14.8,-2.8
115052,RINCON_DE_LA_CRUZ,2011,07,19,2.8,15.4,-0.6
115052,RINCON_DE_LA_CRUZ,2011,07,20,0.0,14.8,-999
115052,RINCON_DE_LA_CRUZ,2011,07,21,0.0,15.0,0.6
115052,RINCON_DE_LA_CRUZ,2011,07,22,0.0,14.6,-2.4
115052,RINCON_DE_LA_CRUZ,2011,07,23,0.0,14.6,0.8
115052,RINCON_DE_LA_CRUZ,2011,07,24,0.0,14.4,0.6
115052,RINCON_DE_LA_CRUZ,2011,07,25,0.0,14.2,0.4
115052,RINCON_DE_LA_CRUZ,2011,07,26,0.0,14.0,-0.2
115052,RINCON_DE_LA_CRUZ,2011,07,27,0.0,14.8,0.2
115052,RINCON_DE_LA_CRUZ,2011,07,28,0.0,14.4,-1.8
115052,RINCON_DE_LA_CRUZ,2011,07,29,0.0,15.0,0.6
115052,RINCON_DE_LA_CRUZ,2011,07,30,0.0,15.2,-2.0
115052,RINCON_DE_LA_CRUZ,2011,07,31,0.0,15.0,-4.6
115052,RINCON_DE_LA_CRUZ,2011,08,01,0.0,12.6,-1.0
115052,RINCON_DE_LA_CRUZ,2011,08,02,0.0,14.0,-2.6
115052,RINCON_DE_LA_CRUZ,2011,08,03,0.0,14.8,-5.8
115052,RINCON_DE_LA_CRUZ,2011,08,04,0.0,15.2,-0.8
115052,RINCON_DE_LA_CRUZ,2011,08,05,0.0,13.8,3.8
115052,RINCON_DE_LA_CRUZ,2011,08,06,0.0,16.2,0.6
115052,RINCON_DE_LA_CRUZ,2011,08,07,0.0,16.6,0.4
115052,RINCON_DE_LA_CRUZ,2011,08,08,0.0,14.6,0.2
115052,RINCON_DE_LA_CRUZ,2011,08,09,0.0,15.0,1.8
115052,RINCON_DE_LA_CRUZ,2011,08,10,0.0,15.2,0.2
115052,RINCON_DE_LA_CRUZ,2011,08,11,0.0,14.8,-0.4
115052,RINCON_DE_LA_CRUZ,2011,08,12,0.0,13.8,-1.6
115052,RINCON_DE_LA_CRUZ,2011,08,13,-888,15.6,3.6
115052,RINCON_DE_LA_CRUZ,2011,08,14,0.0,13.8,1.8
115052,RINCON_DE_LA_CRUZ,2011,08,15,0.0,15.0,1.0
115052,RINCON_DE_LA_CRUZ,2011,08,16,0.0,13.4,0.0
115052,RINCON_DE_LA_CRUZ,2011,08,17,0.0,14.4,3.2
115052,RINCON_DE_LA_CRUZ,2011,08,18,0.0,14.6,2.4
115052,RINCON_DE_LA_CRUZ,2011,08,19,0.0,15.8,0.4
115052,RINCON_DE_LA_CRUZ,2011,08,20,0.0,15.0,-1.0
115052,RINCON_DE_LA_CRUZ,2011,08,21,0.0,17.0,1.2
115052,RINCON_DE_LA_CRUZ,2011,08,22,0.0,15.6,0.4
115052,RINCON_DE_LA_CRUZ,2011,08,23,0.0,15.8,-2.6
115052,RINCON_DE_LA_CRUZ,2011,08,24,0.0,14.0,-3.4
115052,RINCON_DE_LA_CRUZ,2011,08,25,0.0,-999,-0.2
115052,RINCON_DE_LA_CRUZ,2011,08,26,0.0,15.4,0.6
115052,RINCON_DE_LA_CRUZ,2011,08,27,0.0,15.2,-0.4
115052,RINCON_DE_LA_CRUZ,2011,08,28,0.0,16.4,-0.6
115052,RINCON_DE_LA_CRUZ,2011,08,29,0.0,17.2,3.6
115052,RINCON_DE_LA_CRUZ,2011,08,30,0.0,16.8,2.4
115052,RINCON_DE_LA_CRUZ,2011,08,31,0.0,14.6,1.2
115052,RINCON_DE_LA_CRUZ,2011,09,01,0.0,15.6,1.8
115052,RINCON_DE_LA_CRUZ,2011,09,02,0.0,14.4,-0.2
115052,RINCON_DE_LA_CRUZ,2011,09,03,0.0,15.0,-2.8
115052,RINCON_DE_LA_CRUZ,2011,09,04,0.0,15.6,-0.6
115052,RINCON_DE_LA_CRUZ,2011,09,05,0.0,17.0,1.4
115052,RINCON_DE_LA_CRUZ,2011,09,06,0.0,17.2,1.4
115052,RINCON_DE_LA_CRUZ,2011,09,07,0.0,16.8,2.6
115052,RINCON_DE_LA_CRUZ,2011,09,08,0.0,16.6,0.2
115052,RINCON_DE_LA_CRUZ,2011,09,09,0.0,15.6,2.8
115052,RINCON_DE_LA_CRUZ,2011,09,10,2.0,14.6,1.4
115052,RINCON_DE_LA_CRUZ,2011,09,11,4.5,13.8,2.4
115052,RINCON_DE_LA_CRUZ,2011,09,12,-888,14.8,2.6
115052,RINCON_DE_LA_CRUZ,2011,09,13,0.8,15.6,1.8
115052,RINCON_DE_LA_CRUZ,2011,09,14,0.9,13.6,2.6
115052,RINCON_DE_LA_CRUZ,2011,09,15,0.0,14.0,1.8
115052,RINCON_DE_LA_CRUZ,2011,09,16,0.0,14.6,1.0
115052,RINCON_DE_LA_CRUZ,2011,09,17,9.0,15.8,-0.8
115052,RINCON_DE_LA_CRUZ,2011,09,18,0.0,14.6,4.0
115052,RINCON_DE_LA_CRUZ,2011,09,19,11.0,14.8,5.2
115052,RINCON_DE_LA_CRUZ,2011,09,20,7.5,14.4,4.0
115052,RINCON_DE_LA_CRUZ,2011,09,21,3.4,15.0,0.8
115052,RINCON_DE_LA_CRUZ,2011,09,22,2.8,14.0,2.6
115052,RINCON_DE_LA_CRUZ,2011,09,23,1.8,12.2,2.2
115052,RINCON_DE_LA_CRUZ,2011,09,24,1.9,13.6,3.8
115052,RINCON_DE_LA_CRUZ,2011,09,25,0.0,14.6,3.6
115052,RINCON_DE_LA_CRUZ,2011,09,26,14.2,15.8,4.4
115052,RINCON_DE_LA_CRUZ,2011,09,27,0.0,13.8,2.6
115052,RINCON_DE_LA_CRUZ,2011,09,28,0.0,13.8,3.4
115052,RINCON_DE_LA_CRUZ,2011,09,29,0.0,15.8,3.2
115052,RINCON_DE_LA_CRUZ,2011,09,30,0.0,15.8,3.4
115052,RINCON_DE_LA_CRUZ,2011,10,01,0.0,16.0,1.4
115052,RINCON_DE_LA_CRUZ,2011,10,02,-888,15.2,0.0
115052,RINCON_DE_LA_CRUZ,2011,10,03,0.0,14.6,4.2
115052,RINCON_DE_LA_CRUZ,2011,10,04,0.0,14.8,3.2
115052,RINCON_DE_LA_CRUZ,2011,10,05,0.0,15.0,2.8
115052,RINCON_DE_LA_CRUZ,2011,10,06,0.0,15.4,1.8
115052,RINCON_DE_LA_CRUZ,2011,10,07,0.0,15.2,2.6
115052,RINCON_DE_LA_CRUZ,2011,10,08,4.0,15.0,4.8
115052,RINCON_DE_LA_CRUZ,2011,10,09,2.5,15.2,4.0
115052,RINCON_DE_LA_CRUZ,2011,10,10,6.6,15.4,4.2
115052,RINCON_DE_LA_CRUZ,2011,10,11,4.2,15.6,4.4
115052,RINCON_DE_LA_CRUZ,2011,10,12,0.0,16.8,3.6
115052,RINCON_DE_LA_CRUZ,2011,10,13,0.0,17.8,3.8
115052,RINCON_DE_LA_CRUZ,2011,10,14,0.0,18.2,3.6
115052,RINCON_DE_LA_CRUZ,2011,10,15,0.0,15.4,3.4
115052,RINCON_DE_LA_CRUZ,2011,10,16,0.0,16.6,2.8
115052,RINCON_DE_LA_CRUZ,2011,10,17,0.0,16.0,3.4
115052,RINCON_DE_LA_CRUZ,2011,10,18,0.0,16.6,2.4
115052,RINCON_DE_LA_CRUZ,2011,10,19,0.0,15.8,3.2
115052,RINCON_DE_LA_CRUZ,2011,10,20,0.0,16.4,4.4
115052,RINCON_DE_LA_CRUZ,2011,10,21,0.0,15.4,3.2
115052,RINCON_DE_LA_CRUZ,2011,10,22,0.0,15.6,3.0
115052,RINCON_DE_LA_CRUZ,2011,10,23,0.0,16.4,3.6
115052,RINCON_DE_LA_CRUZ,2011,10,24,0.0,17.4,4.0
115052,RINCON_DE_LA_CRUZ,2011,10,25,0.0,18.2,0.0
115052,RINCON_DE_LA_CRUZ,2011,10,26,0.0,15.0,2.2
115052,RINCON_DE_LA_CRUZ,2011,10,27,0.0,15.4,3.6
115052,RINCON_DE_LA_CRUZ,2011,10,28,-888,17.6,2.8
115052,RINCON_DE_LA_CRUZ,2011,10,29,0.0,17.0,7.0
115052,RINCON_DE_LA_CRUZ,2011,10,30,3.8,17.2,1.6
115052,RINCON_DE_LA_CRUZ,2011,10,31,4.5,13.8,4.6
115052,RINCON_DE_LA_CRUZ,2011,11,01,0.0,16.2,3.2
115052,RINCON_DE_LA_CRUZ,2011,11,02,12.6,16.4,5.2
115052,RINCON_DE_LA_CRUZ,2011,11,03,0.0,16.2,5.0
115052,RINCON_DE_LA_CRUZ,2011,11,04,0.0,16.6,4.2
115052,RINCON_DE_LA_CRUZ,2011,11,05,0.0,17.2,4.6
115052,RINCON_DE_LA_CRUZ,2011,11,06,0.0,16.4,3.8
115052,RINCON_DE_LA_CRUZ,2011,11,07,0.0,17.2,5.4
115052,RINCON_DE_LA_CRUZ,2011,11,08,0.0,18.2,5.8
115052,RINCON_DE_LA_CRUZ,2011,11,09,0.0,19.2,4.6
115052,RINCON_DE_LA_CRUZ,2011,11,10,0.0,19.6,5.6
115052,RINCON_DE_LA_CRUZ,2011,11,11,1.8,14.8,3.8
115052,RINCON_DE_LA_CRUZ,2011,11,12,0.0,15.6,3.8
115052,RINCON_DE_LA_CRUZ,2011,11,13,0.0,19.0,5.0
115052,RINCON_DE_LA_CRUZ,2011,11,14,0.0,19.2,4.4
115052,RINCON_DE_LA_CRUZ,2011,11,15,0.0,18.4,3.2
115052,RINCON_DE_LA_CRUZ,2011,11,16,0.0,17.6,5.2
115052,RINCON_DE_LA_CRUZ,2011,11,17,0.0,18.8,6.2
115052,RINCON_DE_LA_CRUZ,2011,11,18,13.4,15.0,6.6
115052,RINCON_DE_LA_CRUZ,2011,11,19,1.2,14.8,3.2
115052,RINCON_DE_LA_CRUZ,2011,11,20,9.5,17.4,3.0
115052,RINCON_DE_LA_CRUZ,2011,11,21,4.7,17.8,4.6
115052,RINCON_DE_LA_CRUZ,2011,11,22,1.8,13.4,7.2
115052,RINCON_DE_LA_CRUZ,2011,11,23,0.0,17.0,5.8
115052,RINCON_DE_LA_CRUZ,2011,11,24,0.0,18.8,7.0
115052,RINCON_DE_LA_CRUZ,2011,11,25,0.0,17.8,3.0
115052,RINCON_DE_LA_CRUZ,2011,11,26,0.0,17.6,3.4
115052,RINCON_DE_LA_CRUZ,2011,11,27,0.0,17.4,5.0
115052,RINCON_DE_LA_CRUZ,2011,11,28,0.0,18.2,6.2
115052,RINCON_DE_LA_CRUZ,2011,11,29,-888,16.2,-999
115052,RINCON_DE_LA_CRUZ,2011,11,30,0.0,18.8,-999
115052,RINCON_DE_LA_CRUZ,2011,12,01,0.0,16.6,-999
115052,RINCON_DE_LA_CRUZ,2011,12,02,0.0,17.0,-999
115052,RINCON_DE_LA_CRUZ,2011,12,03,0.0,18.8,5.6
115052,RINCON_DE_LA_CRUZ,2011,12,04,0.0,18.6,3.2
115052,RINCON_DE_LA_CRUZ,2011,12,05,0.0,17.8,6.0
115052,RINCON_DE_LA_CRUZ,2011,12,06,0.0,16.6,5.2
115052,RINCON_DE_LA_CRUZ,2011,12,07,0.0,17.8,4.0
115052,RINCON_DE_LA_CRUZ,2011,12,08,15.2,17.8,7.0
115052,RINCON_DE_LA_CRUZ,2011,12,09,1.7,15.4,5.4
115052,RINCON_DE_LA_CRUZ,2011,12,10,2.7,16.9,3.4
115052,RINCON_DE_LA_CRUZ,2011,12,11,8.6,16.0,4.6
115052,RINCON_DE_LA_CRUZ,2011,12,12,1.8,14.4,5.4
115052,RINCON_DE_LA_CRUZ,2011,12,13,3.0,14.6,5.0
115052,RINCON_DE_LA_CRUZ,2011,12,14,6.8,13.0,-999
115052,RINCON_DE_LA_CRUZ,2011,12,15,4.8,13.6,5.4
115052,RINCON_DE_LA_CRUZ,2011,12,16,4.2,15.8,4.0
115052,RINCON_DE_LA_CRUZ,2011,12,17,0.0,18.6,3.6
115052,RINCON_DE_LA_CRUZ,2011,12,18,11.9,16.4,5.6
115052,RINCON_DE_LA_CRUZ,2011,12,19,25.5,12.6,4.2
115052,RINCON_DE_LA_CRUZ,2011,12,20,18.0,14.6,4.0
115052,RINCON_DE_LA_CRUZ,2011,12,21,3.7,14.4,2.8
115052,RINCON_DE_LA_CRUZ,2011,12,22,9.5,11.8,3.6
115052,RINCON_DE_LA_CRUZ,2011,12,23,11.2,13.2,4.0
115052,RINCON_DE_LA_CRUZ,2011,12,24,2.5,14.4,3.6
115052,RINCON_DE_LA_CRUZ,2011,12,25,15.0,9.8,4.8
115052,RINCON_DE_LA_CRUZ,2011,12,26,0.0,13.2,5.4
115052,RINCON_DE_LA_CRUZ,2011,12,27,0.0,13.8,6.2
115052,RINCON_DE_LA_CRUZ,2011,12,28,31.5,13.8,6.4
115052,RINCON_DE_LA_CRUZ,2011,12,29,1.2,13.6,3.4
115052,RINCON_DE_LA_CRUZ,2011,12,30,6.4,12.8,4.2
115052,RINCON_DE_LA_CRUZ,2011,12,31,6.9,14.8,6.4
115052,RINCON_DE_LA_CRUZ,2012,01,01,6.9,11.2,5.6
115052,RINCON_DE_LA_CRUZ,2012,01,02,10.2,13.2,4.6
115052,RINCON_DE_LA_CRUZ,2012,01,03,0.0,14.2,4.2
115052,RINCON_DE_LA_CRUZ,2012,01,04,-888,13.8,5.8
115052,RINCON_DE_LA_CRUZ,2012,01,05,16.1,13.8,6.2
115052,RINCON_DE_LA_CRUZ,2012,01,06,17.4,14.8,5.4
115052,RINCON_DE_LA_CRUZ,2012,01,07,9.0,15.4,5.2
115052,RINCON_DE_LA_CRUZ,2012,01,08,0.0,13.4,4.2
115052,RINCON_DE_LA_CRUZ,2012,01,09,5.9,13.8,4.8
115052,RINCON_DE_LA_CRUZ,2012,01,10,0.0,15.6,5.4
115052,RINCON_DE_LA_CRUZ,2012,01,11,0.0,16.4,5.2
115052,RINCON_DE_LA_CRUZ,2012,01,12,0.0,16.8,3.4
115052,RINCON_DE_LA_CRUZ,2012,01,13,0.0,14.6,4.4
115052,RINCON_DE_LA_CRUZ,2012,01,14,0.0,15.2,5.8
115052,RINCON_DE_LA_CRUZ,2012,01,15,0.0,15.0,5.0
115052,RINCON_DE_LA_CRUZ,2012,01,16,-888,15.8,4.0
115052,RINCON_DE_LA_CRUZ,2012,01,17,2.0,14.4,4.6
115052,RINCON_DE_LA_CRUZ,2012,01,18,5.2,-999,2.4
115052,RINCON_DE_LA_CRUZ,2012,01,19,9.4,-999,4.2
115052,RINCON_DE_LA_CRUZ,2012,01,20,13.2,-999,3.8
115052,RINCON_DE_LA_CRUZ,2012,01,21,6.7,13.4,3.6
115052,RINCON_DE_LA_CRUZ,2012,01,22,5.6,15.0,4.2
115052,RINCON_DE_LA_CRUZ,2012,01,23,4.5,14.8,4.2
115052,RINCON_DE_LA_CRUZ,2012,01,24,11.6,14.8,5.2
115052,RINCON_DE_LA_CRUZ,2012,01,25,19.3,11.6,5.4
115052,RINCON_DE_LA_CRUZ,2012,01,26,1.9,13.4,5.2
115052,RINCON_DE_LA_CRUZ,2012,01,27,3.9,13.8,6.2
115052,RINCON_DE_LA_CRUZ,2012,01,28,2.7,15.0,5.6
115052,RINCON_DE_LA_CRUZ,2012,01,29,2.8,14.8,5.4
115052,RINCON_DE_LA_CRUZ,2012,01,30,0.0,15.2,5.8
115052,RINCON_DE_LA_CRUZ,2012,01,31,0.0,17.0,5.2
115052,RINCON_DE_LA_CRUZ,2012,02,01,4.3,15.8,7.4
115052,RINCON_DE_LA_CRUZ,2012,02,02,6.7,16.2,6.2
115052,RINCON_DE_LA_CRUZ,2012,02,03,12.0,14.2,5.8
115052,RINCON_DE_LA_CRUZ,2012,02,04,23.7,14.4,6.4
115052,RINCON_DE_LA_CRUZ,2012,02,05,25.5,14.2,6.2
115052,RINCON_DE_LA_CRUZ,2012,02,06,0.0,14.4,6.2
115052,RINCON_DE_LA_CRUZ,2012,02,07,2.4,14.2,-999
115052,RINCON_DE_LA_CRUZ,2012,02,08,0.6,14.8,-999
115052,RINCON_DE_LA_CRUZ,2012,02,09,9.6,15.2,-999
115052,RINCON_DE_LA_CRUZ,2012,02,10,12.0,12.6,4.8
115052,RINCON_DE_LA_CRUZ,2012,02,11,4.0,13.2,5.4
115052,RINCON_DE_LA_CRUZ,2012,02,12,24.3,13.8,5.4
115052,RINCON_DE_LA_CRUZ,2012,02,13,32.2,13.4,-999
115052,RINCON_DE_LA_CRUZ,2012,02,14,26.6,12.8,4.0
115052,RINCON_DE_LA_CRUZ,2012,02,15,19.6,12.6,3.6
115052,RINCON_DE_LA_CRUZ,2012,02,16,19.5,12.6,3.2
115052,RINCON_DE_LA_CRUZ,2012,02,17,19.9,14.0,3.0
115052,RINCON_DE_LA_CRUZ,2012,02,18,6.5,13.8,4.6
115052,RINCON_DE_LA_CRUZ,2012,02,19,8.7,12.2,4.6
115052,RINCON_DE_LA_CRUZ,2012,02,20,0.0,11.6,4.2
115052,RINCON_DE_LA_CRUZ,2012,02,21,15.2,13.6,4.0
115052,RINCON_DE_LA_CRUZ,2012,02,22,10.4,14.4,5.2
115052,RINCON_DE_LA_CRUZ,2012,02,23,0.0,13.2,4.2
115052,RINCON_DE_LA_CRUZ,2012,02,24,0.0,13.2,5.8
115052,RINCON_DE_LA_CRUZ,2012,02,25,0.0,14.4,4.2
115052,RINCON_DE_LA_CRUZ,2012,02,26,8.4,14.0,4.8
115052,RINCON_DE_LA_CRUZ,2012,02,27,0.0,14.2,4.8
115052,RINCON_DE_LA_CRUZ,2012,02,28,7.1,14.2,5.0
115052,RINCON_DE_LA_CRUZ,2012,02,29,9.7,13.6,5.4
115052,RINCON_DE_LA_CRUZ,2012,03,01,-888,13.0,5.4
115052,RINCON_DE_LA_CRUZ,2012,03,02,15.2,12.0,5.8
115052,RINCON_DE_LA_CRUZ,2012,03,03,7.2,13.6,5.0
115052,RINCON_DE_LA_CRUZ,2012,03,04,7.8,13.8,5.6
115052,RINCON_DE_LA_CRUZ,2012,03,05,0.0,14.2,4.2
115052,RINCON_DE_LA_CRUZ,2012,03,06,14.4,14.2,5.6
115052,RINCON_DE_LA_CRUZ,2012,03,07,29.7,13.0,5.4
115052,RINCON_DE_LA_CRUZ,2012,03,08,23.5,11.4,4.0
115052,RINCON_DE_LA_CRUZ,2012,03,09,1.8,10.0,3.2
115052,RINCON_DE_LA_CRUZ,2012,03,10,2.2,12.6,3.4
115052,RINCON_DE_LA_CRUZ,2012,03,11,6.5,13.0,3.4
115052,RINCON_DE_LA_CRUZ,2012,03,12,7.4,13.2,2.8
115052,RINCON_DE_LA_CRUZ,2012,03,13,0.0,14.8,2.4
115052,RINCON_DE_LA_CRUZ,2012,03,14,2.0,15.0,1.2
115052,RINCON_DE_LA_CRUZ,2012,03,15,2.8,13.4,5.8
115052,RINCON_DE_LA_CRUZ,2012,03,16,3.3,15.8,5.6
115052,RINCON_DE_LA_CRUZ,2012,03,17,3.8,15.6,5.8
115052,RINCON_DE_LA_CRUZ,2012,03,18,0.0,15.4,5.8
115052,RINCON_DE_LA_CRUZ,2012,03,19,0.0,15.4,5.4
115052,RINCON_DE_LA_CRUZ,2012,03,20,0.0,14.4,4.4
115052,RINCON_DE_LA_CRUZ,2012,03,21,0.0,15.2,4.8
115052,RINCON_DE_LA_CRUZ,2012,03,22,0.0,15.6,2.8
115052,RINCON_DE_LA_CRUZ,2012,03,23,0.0,15.6,1.8
115052,RINCON_DE_LA_CRUZ,2012,03,24,0.0,15.0,5.8
115052,RINCON_DE_LA_CRUZ,2012,03,25,11.2,14.2,3.8
115052,RINCON_DE_LA_CRUZ,2012,03,26,13.6,15.4,4.8
115052,RINCON_DE_LA_CRUZ,2012,03,27,7.7,11.8,4.2
115052,RINCON_DE_LA_CRUZ,2012,03,28,3.0,13.0,5.4
115052,RINCON_DE_LA_CRUZ,2012,03,29,7.4,14.2,3.8
115052,RINCON_DE_LA_CRUZ,2012,03,30,1.4,12.6,4.4
115052,RINCON_DE_LA_CRUZ,2012,03,31,3.8,12.0,4.2
115052,RINCON_DE_LA_CRUZ,2012,04,01,8.0,14.4,4.2
115052,RINCON_DE_LA_CRUZ,2012,04,02,0.0,14.4,2.0
115052,RINCON_DE_LA_CRUZ,2012,04,03,2.2,13.2,4.4
115052,RINCON_DE_LA_CRUZ,2012,04,04,1.3,13.6,3.6
115052,RINCON_DE_LA_CRUZ,2012,04,05,0.0,15.2,4.2
115052,RINCON_DE_LA_CRUZ,2012,04,06,0.0,14.6,4.2
115052,RINCON_DE_LA_CRUZ,2012,04,07,0.0,13.8,6.2
115052,RINCON_DE_LA_CRUZ,2012,04,08,0.0,14.8,3.8
115052,RINCON_DE_LA_CRUZ,2012,04,09,8.4,13.8,5.0
115052,RINCON_DE_LA_CRUZ,2012,04,10,22.1,14.2,3.0
115052,RINCON_DE_LA_CRUZ,2012,04,11,21.0,13.0,4.0
115052,RINCON_DE_LA_CRUZ,2012,04,12,17.9,13.0,4.4
115052,RINCON_DE_LA_CRUZ,2012,04,13,0.6,14.4,4.4
115052,RINCON_DE_LA_CRUZ,2012,04,14,0.0,15.0,3.8
115052,RINCON_DE_LA_CRUZ,2012,04,15,0.0,14.4,4.0
115052,RINCON_DE_LA_CRUZ,2012,04,16,1.5,14.4,4.2
115052,RINCON_DE_LA_CRUZ,2012,04,17,0.8,13.8,6.0
115052,RINCON_DE_LA_CRUZ,2012,04,18,0.0,13.4,5.4
115052,RINCON_DE_LA_CRUZ,2012,04,19,0.0,14.2,3.8
115052,RINCON_DE_LA_CRUZ,2012,04,20,0.0,15.8,3.2
115052,RINCON_DE_LA_CRUZ,2012,04,21,0.0,15.2,4.2
115052,RINCON_DE_LA_CRUZ,2012,04,22,0.0,15.0,3.8
115052,RINCON_DE_LA_CRUZ,2012,04,23,7.5,14.0,4.0
115052,RINCON_DE_LA_CRUZ,2012,04,24,9.2,12.2,4.8
115052,RINCON_DE_LA_CRUZ,2012,04,25,0.0,15.2,3.8
115052,RINCON_DE_LA_CRUZ,2012,04,26,5.9,14.0,1.8
115052,RINCON_DE_LA_CRUZ,2012,04,27,0.0,13.8,4.6
115052,RINCON_DE_LA_CRUZ,2012,04,28,0.0,15.0,-0.4
115052,RINCON_DE_LA_CRUZ,2012,04,29,0.0,13.8,-1.2
115052,RINCON_DE_LA_CRUZ,2012,04,30,0.0,13.8,2.0
115052,RINCON_DE_LA_CRUZ,2012,05,01,0.0,13.0,1.6
115052,RINCON_DE_LA_CRUZ,2012,05,02,0.0,14.0,1.4
115052,RINCON_DE_LA_CRUZ,2012,05,03,0.0,14.4,2.8
115052,RINCON_DE_LA_CRUZ,2012,05,04,0.0,15.2,1.2
115052,RINCON_DE_LA_CRUZ,2012,05,05,0.0,14.6,5.0
115052,RINCON_DE_LA_CRUZ,2012,05,06,0.0,13.6,1.4
115052,RINCON_DE_LA_CRUZ,2012,05,07,0.0,14.2,0.6
115052,RINCON_DE_LA_CRUZ,2012,05,08,0.0,13.0,0.6
115052,RINCON_DE_LA_CRUZ,2012,05,09,0.0,13.4,-0.2
115052,RINCON_DE_LA_CRUZ,2012,05,10,0.0,14.8,1.8
115052,RINCON_DE_LA_CRUZ,2012,05,11,0.0,15.6,1.6
115052,RINCON_DE_LA_CRUZ,2012,05,12,0.0,14.6,-0.4
115052,RINCON_DE_LA_CRUZ,2012,05,13,0.0,15.8,2.4
115052,RINCON_DE_LA_CRUZ,2012,05,14,0.0,12.8,-1.8
115052,RINCON_DE_LA_CRUZ,2012,05,15,0.0,13.8,-2.8
115052,RINCON_DE_LA_CRUZ,2012,05,16,0.0,12.8,-3.4
115052,RINCON_DE_LA_CRUZ,2012,05,17,0.0,13.6,-1.6
115052,RINCON_DE_LA_CRUZ,2012,05,18,0.0,13.2,-0.4
115052,RINCON_DE_LA_CRUZ,2012,05,19,0.0,13.8,-1.0
115052,RINCON_DE_LA_CRUZ,2012,05,20,0.0,13.6,4.0
115052,RINCON_DE_LA_CRUZ,2012,05,21,0.0,14.2,0.0
115052,RINCON_DE_LA_CRUZ,2012,05,22,0.0,14.4,0.4
115052,RINCON_DE_LA_CRUZ,2012,05,23,0.0,13.2,-1.0
115052,RINCON_DE_LA_CRUZ,2012,05,24,0.0,14.4,-3.0
115052,RINCON_DE_LA_CRUZ,2012,05,25,0.0,13.4,-3.0
115052,RINCON_DE_LA_CRUZ,2012,05,26,0.0,13.2,-1.0
115052,RINCON_DE_LA_CRUZ,2012,05,27,0.0,14.6,-2.8
115052,RINCON_DE_LA_CRUZ,2012,05,28,0.0,14.4,-3.4
115052,RINCON_DE_LA_CRUZ,2012,05,29,0.0,14.4,-2.4
115052,RINCON_DE_LA_CRUZ,2012,05,30,0.0,14.2,1.0
115052,RINCON_DE_LA_CRUZ,2012,05,31,0.0,13.6,-1.0
115052,RINCON_DE_LA_CRUZ,2012,06,01,0.0,15.0,-1.6
115052,RINCON_DE_LA_CRUZ,2012,06,02,0.0,14.4,-0.6
115052,RINCON_DE_LA_CRUZ,2012,06,03,0.0,14.4,-1.4
115052,RINCON_DE_LA_CRUZ,2012,06,04,0.0,14.2,-2.4
115052,RINCON_DE_LA_CRUZ,2012,06,05,0.0,15.0,-2.4
115052,RINCON_DE_LA_CRUZ,2012,06,06,0.0,13.0,0.2
115052,RINCON_DE_LA_CRUZ,2012,06,07,0.0,14.8,0.4
115052,RINCON_DE_LA_CRUZ,2012,06,08,-888,13.6,3.0
115052,RINCON_DE_LA_CRUZ,2012,06,09,0.0,12.8,-0.2
115052,RINCON_DE_LA_CRUZ,2012,06,10,0.0,12.6,-0.8
115052,RINCON_DE_LA_CRUZ,2012,06,11,0.0,13.0,1.0
115052,RINCON_DE_LA_CRUZ,2012,06,12,0.0,12.6,-0.8
115052,RINCON_DE_LA_CRUZ,2012,06,13,0.0,13.0,-1.2
115052,RINCON_DE_LA_CRUZ,2012,06,14,0.0,12.0,-0.6
115052,RINCON_DE_LA_CRUZ,2012,06,15,0.0,12.4,1.2
115052,RINCON_DE_LA_CRUZ,2012,06,16,0.0,12.8,0.2
115052,RINCON_DE_LA_CRUZ,2012,06,17,0.0,13.8,1.8
115052,RINCON_DE_LA_CRUZ,2012,06,18,0.0,14.6,-2.2
115052,RINCON_DE_LA_CRUZ,2012,06,19,0.0,16.2,0.8
115052,RINCON_DE_LA_CRUZ,2012,06,20,0.0,16.4,-1.8
115052,RINCON_DE_LA_CRUZ,2012,06,21,0.0,13.8,-2.6
115052,RINCON_DE_LA_CRUZ,2012,06,22,0.0,13.8,-3.2
115052,RINCON_DE_LA_CRUZ,2012,06,23,0.0,13.2,1.2
115052,RINCON_DE_LA_CRUZ,2012,06,24,0.0,13.6,1.2
115052,RINCON_DE_LA_CRUZ,2012,06,25,0.0,12.8,-1.6
115052,RINCON_DE_LA_CRUZ,2012,06,26,-888,11.4,-1.4
115052,RINCON_DE_LA_CRUZ,2012,06,27,0.0,13.6,1.0
115052,RINCON_DE_LA_CRUZ,2012,06,28,0.0,12.8,-1.8
115052,RINCON_DE_LA_CRUZ,2012,06,29,0.0,14.0,-2.4
115052,RINCON_DE_LA_CRUZ,2012,06,30,0.0,14.4,-2.8
115052,RINCON_DE_LA_CRUZ,2012,07,01,0.0,14.0,-2.6
115052,RINCON_DE_LA_CRUZ,2012,07,02,0.0,13.4,-2.2
115052,RINCON_DE_LA_CRUZ,2012,07,03,0.0,13.6,-1.8
115052,RINCON_DE_LA_CRUZ,2012,07,04,0.0,13.8,-2.4
115052,RINCON_DE_LA_CRUZ,2012,07,05,0.0,14.2,-1.8
115052,RINCON_DE_LA_CRUZ,2012,07,06,0.0,14.4,-1.2
115052,RINCON_DE_LA_CRUZ,2012,07,07,0.0,14.6,-2.4
115052,RINCON_DE_LA_CRUZ,2012,07,08,0.0,12.8,5.2
115052,RINCON_DE_LA_CRUZ,2012,07,09,0.0,15.2,-1.0
115052,RINCON_DE_LA_CRUZ,2012,07,10,0.0,15.6,-1.8
115052,RINCON_DE_LA_CRUZ,2012,07,11,0.0,15.8,-2.0
115052,RINCON_DE_LA_CRUZ,2012,07,12,0.0,13.6,-2.2
115052,RINCON_DE_LA_CRUZ,2012,07,13,0.0,17.0,-1.8
115052,RINCON_DE_LA_CRUZ,2012,07,14,0.0,15.2,-2.6
115052,RINCON_DE_LA_CRUZ,2012,07,15,0.0,15.8,-1.8
115052,RINCON_DE_LA_CRUZ,2012,07,16,0.0,13.8,-3.6
115052,RINCON_DE_LA_CRUZ,2012,07,17,0.0,11.8,-7.8
115052,RINCON_DE_LA_CRUZ,2012,07,18,0.0,11.8,-4.8
115052,RINCON_DE_LA_CRUZ,2012,07,19,0.0,12.0,-3.6
115052,RINCON_DE_LA_CRUZ,2012,07,20,0.0,14.2,-6.6
115052,RINCON_DE_LA_CRUZ,2012,07,21,0.0,14.0,-1.6
115052,RINCON_DE_LA_CRUZ,2012,07,22,0.0,15.6,-2.6
115052,RINCON_DE_LA_CRUZ,2012,07,23,0.0,14.2,-1.0
115052,RINCON_DE_LA_CRUZ,2012,07,24,0.0,13.6,-3.2
115052,RINCON_DE_LA_CRUZ,2012,07,25,0.0,14.0,-0.6
115052,RINCON_DE_LA_CRUZ,2012,07,26,0.0,15.2,0.6
115052,RINCON_DE_LA_CRUZ,2012,07,27,0.0,14.8,0.8
115052,RINCON_DE_LA_CRUZ,2012,07,28,0.0,15.2,-0.6
115052,RINCON_DE_LA_CRUZ,2012,07,29,0.0,14.4,-0.8
115052,RINCON_DE_LA_CRUZ,2012,07,30,0.0,14.8,1.2
115052,RINCON_DE_LA_CRUZ,2012,07,31,0.0,14.6,0.4
115052,RINCON_DE_LA_CRUZ,2012,08,01,0.0,15.0,1.0
115052,RINCON_DE_LA_CRUZ,2012,08,02,0.0,15.2,0.6
115052,RINCON_DE_LA_CRUZ,2012,08,03,0.0,15.4,1.8
115052,RINCON_DE_LA_CRUZ,2012,08,04,0.0,15.6,3.2
115052,RINCON_DE_LA_CRUZ,2012,08,05,0.0,15.2,-1.2
115052,RINCON_DE_LA_CRUZ,2012,08,06,0.0,16.0,0.6
115052,RINCON_DE_LA_CRUZ,2012,08,07,0.0,15.2,-1.8
115052,RINCON_DE_LA_CRUZ,2012,08,08,0.0,15.6,-1.2
115052,RINCON_DE_LA_CRUZ,2012,08,09,0.0,15.8,2.0
115052,RINCON_DE_LA_CRUZ,2012,08,10,0.0,15.2,-3.6
115052,RINCON_DE_LA_CRUZ,2012,08,11,0.0,14.6,-3.0
115052,RINCON_DE_LA_CRUZ,2012,08,12,0.0,13.8,-1.6
115052,RINCON_DE_LA_CRUZ,2012,08,13,0.0,12.8,-0.4
115052,RINCON_DE_LA_CRUZ,2012,08,14,0.0,16.2,-1.2
115052,RINCON_DE_LA_CRUZ,2012,08,15,0.0,16.4,-3.2
115052,RINCON_DE_LA_CRUZ,2012,08,16,0.0,15.0,-2.8
115052,RINCON_DE_LA_CRUZ,2012,08,17,0.0,16.6,0.0
115052,RINCON_DE_LA_CRUZ,2012,08,18,0.0,14.4,-4.8
115052,RINCON_DE_LA_CRUZ,2012,08,19,0.0,14.0,-2.0
115052,RINCON_DE_LA_CRUZ,2012,08,20,0.0,12.8,-5.4
115052,RINCON_DE_LA_CRUZ,2012,08,21,0.0,13.2,1.4
115052,RINCON_DE_LA_CRUZ,2012,08,22,0.0,14.6,1.8
115052,RINCON_DE_LA_CRUZ,2012,08,23,0.0,15.4,-1.0
115052,RINCON_DE_LA_CRUZ,2012,08,24,3.8,15.2,0.8
115052,RINCON_DE_LA_CRUZ,2012,08,25,9.8,14.2,5.0
115052,RINCON_DE_LA_CRUZ,2012,08,26,2.4,14.6,5.0
115052,RINCON_DE_LA_CRUZ,2012,08,27,0.0,14.6,2.8
115052,RINCON_DE_LA_CRUZ,2012,08,28,0.0,15.2,0.4
115052,RINCON_DE_LA_CRUZ,2012,08,29,0.0,14.4,1.4
115052,RINCON_DE_LA_CRUZ,2012,08,30,0.0,13.6,0.4
115052,RINCON_DE_LA_CRUZ,2012,08,31,0.0,14.6,-2.4
115052,RINCON_DE_LA_CRUZ,2012,09,01,0.0,14.8,0.2
115052,RINCON_DE_LA_CRUZ,2012,09,02,0.0,15.6,-1.4
115052,RINCON_DE_LA_CRUZ,2012,09,03,0.0,13.4,1.6
115052,RINCON_DE_LA_CRUZ,2012,09,04,0.0,14.8,1.2
115052,RINCON_DE_LA_CRUZ,2012,09,05,0.0,15.8,1.6
115052,RINCON_DE_LA_CRUZ,2012,09,06,0.0,15.8,0.4
115052,RINCON_DE_LA_CRUZ,2012,09,07,0.0,18.2,1.4
115052,RINCON_DE_LA_CRUZ,2012,09,08,0.0,16.4,3.2
115052,RINCON_DE_LA_CRUZ,2012,09,09,0.0,14.6,4.4
115052,RINCON_DE_LA_CRUZ,2012,09,10,0.0,16.2,1.6
115052,RINCON_DE_LA_CRUZ,2012,09,11,0.0,17.2,4.4
115052,RINCON_DE_LA_CRUZ,2012,09,12,0.0,16.2,1.4
115052,RINCON_DE_LA_CRUZ,2012,09,13,0.0,13.2,3.6
115052,RINCON_DE_LA_CRUZ,2012,09,14,0.0,12.8,1.0
115052,RINCON_DE_LA_CRUZ,2012,09,15,0.5,15.0,1.2
115052,RINCON_DE_LA_CRUZ,2012,09,16,-888,15.4,2.2
115052,RINCON_DE_LA_CRUZ,2012,09,17,0.0,16.8,3.2
115052,RINCON_DE_LA_CRUZ,2012,09,18,0.0,16.8,1.8
115052,RINCON_DE_LA_CRUZ,2012,09,19,0.0,15.0,-2.2
115052,RINCON_DE_LA_CRUZ,2012,09,20,0.0,19.6,2.4
115052,RINCON_DE_LA_CRUZ,2012,09,21,0.0,19.4,-5.4
115052,RINCON_DE_LA_CRUZ,2012,09,22,0.0,16.6,4.4
115052,RINCON_DE_LA_CRUZ,2012,09,23,0.0,15.8,0.6
115052,RINCON_DE_LA_CRUZ,2012,09,24,0.0,17.0,0.4
115052,RINCON_DE_LA_CRUZ,2012,09,25,0.0,15.6,2.0
115052,RINCON_DE_LA_CRUZ,2012,09,26,1.8,13.8,4.2
115052,RINCON_DE_LA_CRUZ,2012,09,27,12.5,15.4,3.4
115052,RINCON_DE_LA_CRUZ,2012,09,28,0.0,14.6,2.6
115052,RINCON_DE_LA_CRUZ,2012,09,29,0.0,14.8,4.2
115052,RINCON_DE_LA_CRUZ,2012,09,30,0.5,16.2,1.6
115052,RINCON_DE_LA_CRUZ,2012,10,01,0.0,16.4,1.4
115052,RINCON_DE_LA_CRUZ,2012,10,02,0.0,15.4,3.8
115052,RINCON_DE_LA_CRUZ,2012,10,03,0.0,15.6,1.6
115052,RINCON_DE_LA_CRUZ,2012,10,04,0.0,17.0,4.8
115052,RINCON_DE_LA_CRUZ,2012,10,05,0.0,15.8,3.6
115052,RINCON_DE_LA_CRUZ,2012,10,06,0.0,16.0,1.8
115052,RINCON_DE_LA_CRUZ,2012,10,07,0.0,15.6,1.2
115052,RINCON_DE_LA_CRUZ,2012,10,08,5.0,13.0,5.8
115052,RINCON_DE_LA_CRUZ,2012,10,09,0.0,15.8,4.2
115052,RINCON_DE_LA_CRUZ,2012,10,10,0.0,18.2,3.8
115052,RINCON_DE_LA_CRUZ,2012,10,11,0.0,13.6,2.8
115052,RINCON_DE_LA_CRUZ,2012,10,12,0.0,16.6,0.2
115052,RINCON_DE_LA_CRUZ,2012,10,13,0.0,17.2,2.8
115052,RINCON_DE_LA_CRUZ,2012,10,14,0.0,18.2,2.6
115052,RINCON_DE_LA_CRUZ,2012,10,15,0.0,17.6,1.4
115052,RINCON_DE_LA_CRUZ,2012,10,16,0.0,18.0,1.0
115052,RINCON_DE_LA_CRUZ,2012,10,17,0.0,18.2,4.6
115052,RINCON_DE_LA_CRUZ,2012,10,18,0.0,17.6,5.0
115052,RINCON_DE_LA_CRUZ,2012,10,19,0.0,17.8,2.4
115052,RINCON_DE_LA_CRUZ,2012,10,20,0.0,18.2,4.6
115052,RINCON_DE_LA_CRUZ,2012,10,21,-888,18.6,3.8
115052,RINCON_DE_LA_CRUZ,2012,10,22,0.0,17.6,2.4
115052,RINCON_DE_LA_CRUZ,2012,10,23,0.0,19.0,2.6
115052,RINCON_DE_LA_CRUZ,2012,10,24,5.0,17.2,5.0
115052,RINCON_DE_LA_CRUZ,2012,10,25,0.0,18.2,5.2
115052,RINCON_DE_LA_CRUZ,2012,10,26,0.0,17.8,5.4
115052,RINCON_DE_LA_CRUZ,2012,10,27,6.5,16.0,6.0
115052,RINCON_DE_LA_CRUZ,2012,10,28,0.0,16.8,4.2
115052,RINCON_DE_LA_CRUZ,2012,10,29,0.0,17.2,6.8
115052,RINCON_DE_LA_CRUZ,2012,10,30,10.8,19.4,6.4
115052,RINCON_DE_LA_CRUZ,2012,10,31,0.0,16.2,5.4
115052,RINCON_DE_LA_CRUZ,2012,11,01,0.0,15.0,5.6
115052,RINCON_DE_LA_CRUZ,2012,11,02,6.8,16.2,4.2
115052,RINCON_DE_LA_CRUZ,2012,11,03,0.0,15.4,4.2
115052,RINCON_DE_LA_CRUZ,2012,11,04,3.4,16.2,5.8
115052,RINCON_DE_LA_CRUZ,2012,11,05,1.6,17.2,6.8
115052,RINCON_DE_LA_CRUZ,2012,11,06,0.0,15.2,6.8
115052,RINCON_DE_LA_CRUZ,2012,11,07,0.0,16.8,3.6
115052,RINCON_DE_LA_CRUZ,2012,11,08,0.0,17.8,3.4
115052,RINCON_DE_LA_CRUZ,2012,11,09,0.0,18.8,2.6
115052,RINCON_DE_LA_CRUZ,2012,11,10,0.0,19.8,4.6
115052,RINCON_DE_LA_CRUZ,2012,11,11,0.0,19.0,5.8
115052,RINCON_DE_LA_CRUZ,2012,11,12,0.0,17.6,3.6
115052,RINCON_DE_LA_CRUZ,2012,11,13,0.0,18.6,3.8
115052,RINCON_DE_LA_CRUZ,2012,11,14,0.0,18.6,7.6
115052,RINCON_DE_LA_CRUZ,2012,11,15,0.0,18.2,6.2
115052,RINCON_DE_LA_CRUZ,2012,11,16,5.8,18.2,5.4
115052,RINCON_DE_LA_CRUZ,2012,11,17,0.0,14.6,5.2
115052,RINCON_DE_LA_CRUZ,2012,11,18,0.0,13.4,3.2
115052,RINCON_DE_LA_CRUZ,2012,11,19,0.0,16.8,4.6
115052,RINCON_DE_LA_CRUZ,2012,11,20,4.4,16.0,-999
115052,RINCON_DE_LA_CRUZ,2012,11,21,0.0,16.2,5.2
115052,RINCON_DE_LA_CRUZ,2012,11,22,0.0,16.4,4.6
115052,RINCON_DE_LA_CRUZ,2012,11,23,0.0,17.6,2.4
115052,RINCON_DE_LA_CRUZ,2012,11,24,7.4,18.4,2.2
115052,RINCON_DE_LA_CRUZ,2012,11,25,0.0,17.0,4.4
115052,RINCON_DE_LA_CRUZ,2012,11,26,0.0,18.8,4.2
115052,RINCON_DE_LA_CRUZ,2012,11,27,0.0,19.4,5.4
115052,RINCON_DE_LA_CRUZ,2012,11,28,0.0,20.8,6.2
115052,RINCON_DE_LA_CRUZ,2012,11,29,0.0,17.2,6.6
115052,RINCON_DE_LA_CRUZ,2012,11,30,0.0,18.0,6.0
115052,RINCON_DE_LA_CRUZ,2012,12,01,13.4,16.2,3.6
115052,RINCON_DE_LA_CRUZ,2012,12,02,23.0,15.6,5.4
115052,RINCON_DE_LA_CRUZ,2012,12,03,12.6,16.4,3.4
115052,RINCON_DE_LA_CRUZ,2012,12,04,4.2,16.8,4.6
115052,RINCON_DE_LA_CRUZ,2012,12,05,0.0,13.2,6.2
115052,RINCON_DE_LA_CRUZ,2012,12,06,0.0,17.0,6.0
115052,RINCON_DE_LA_CRUZ,2012,12,07,4.5,16.4,6.0
115052,RINCON_DE_LA_CRUZ,2012,12,08,1.4,14.0,6.6
115052,RINCON_DE_LA_CRUZ,2012,12,09,4.6,15.4,6.2
115052,RINCON_DE_LA_CRUZ,2012,12,10,1.8,15.2,6.6
115052,RINCON_DE_LA_CRUZ,2012,12,11,0.5,15.8,6.8
115052,RINCON_DE_LA_CRUZ,2012,12,12,0.0,14.8,7.2
115052,RINCON_DE_LA_CRUZ,2012,12,13,34.6,15.8,-999
115052,RINCON_DE_LA_CRUZ,2012,12,14,8.8,13.2,4.2
115052,RINCON_DE_LA_CRUZ,2012,12,15,0.0,15.8,6.2
115052,RINCON_DE_LA_CRUZ,2012,12,16,9.8,13.6,5.2
115052,RINCON_DE_LA_CRUZ,2012,12,17,35.7,15.2,6.0
115052,RINCON_DE_LA_CRUZ,2012,12,18,2.0,15.6,5.6
115052,RINCON_DE_LA_CRUZ,2012,12,19,0.0,15.4,6.2
115052,RINCON_DE_LA_CRUZ,2012,12,20,0.0,15.4,1.8
115052,RINCON_DE_LA_CRUZ,2012,12,21,0.0,15.0,5.6
115052,RINCON_DE_LA_CRUZ,2012,12,22,14.7,13.0,5.4
115052,RINCON_DE_LA_CRUZ,2012,12,23,0.0,14.6,6.0
115052,RINCON_DE_LA_CRUZ,2012,12,24,3.3,16.2,6.8
115052,RINCON_DE_LA_CRUZ,2012,12,25,16.8,16.0,-999
115052,RINCON_DE_LA_CRUZ,2012,12,26,13.0,14.6,3.0
115052,RINCON_DE_LA_CRUZ,2012,12,27,1.4,14.8,3.8
115052,RINCON_DE_LA_CRUZ,2012,12,28,0.0,14.6,6.0
115052,RINCON_DE_LA_CRUZ,2012,12,29,9.0,15.4,5.4
115052,RINCON_DE_LA_CRUZ,2012,12,30,0.0,15.0,4.0
115052,RINCON_DE_LA_CRUZ,2012,12,31,5.3,15.8,5.8
115052,RINCON_DE_LA_CRUZ,2013,01,01,0.0,15.4,4.2
115052,RINCON_DE_LA_CRUZ,2013,01,02,0.0,13.8,5.4
115052,RINCON_DE_LA_CRUZ,2013,01,03,0.0,14.6,7.6
115052,RINCON_DE_LA_CRUZ,2013,01,04,4.4,15.6,6.0
115052,RINCON_DE_LA_CRUZ,2013,01,05,11.7,14.4,5.6
115052,RINCON_DE_LA_CRUZ,2013,01,06,1.7,14.0,4.6
115052,RINCON_DE_LA_CRUZ,2013,01,07,2.6,15.4,5.2
115052,RINCON_DE_LA_CRUZ,2013,01,08,17.0,15.0,6.0
115052,RINCON_DE_LA_CRUZ,2013,01,09,2.0,13.8,4.4
115052,RINCON_DE_LA_CRUZ,2013,01,10,6.7,14.0,6.6
115052,RINCON_DE_LA_CRUZ,2013,01,11,1.8,13.8,6.0
115052,RINCON_DE_LA_CRUZ,2013,01,12,7.5,11.6,6.6
115052,RINCON_DE_LA_CRUZ,2013,01,13,7.0,14.0,-999
115052,RINCON_DE_LA_CRUZ,2013,01,14,10.0,13.8,4.6
115052,RINCON_DE_LA_CRUZ,2013,01,15,22.5,14.6,6.2
115052,RINCON_DE_LA_CRUZ,2013,01,16,22.4,13.8,5.8
115052,RINCON_DE_LA_CRUZ,2013,01,17,3.8,12.2,4.6
115052,RINCON_DE_LA_CRUZ,2013,01,18,1.4,13.6,5.2
115052,RINCON_DE_LA_CRUZ,2013,01,19,7.2,15.0,6.2
115052,RINCON_DE_LA_CRUZ,2013,01,20,3.8,14.0,3.0
115052,RINCON_DE_LA_CRUZ,2013,01,21,0.0,14.8,3.4
115052,RINCON_DE_LA_CRUZ,2013,01,22,3.4,14.6,4.0
115052,RINCON_DE_LA_CRUZ,2013,01,23,0.0,14.0,5.4
115052,RINCON_DE_LA_CRUZ,2013,01,24,-888,14.2,4.4
115052,RINCON_DE_LA_CRUZ,2013,01,25,0.0,16.0,5.0
115052,RINCON_DE_LA_CRUZ,2013,01,26,11.0,15.8,3.0
115052,RINCON_DE_LA_CRUZ,2013,01,27,0.0,14.4,3.2
115052,RINCON_DE_LA_CRUZ,2013,01,28,9.8,15.2,5.4
115052,RINCON_DE_LA_CRUZ,2013,01,29,13.4,15.4,5.2
115052,RINCON_DE_LA_CRUZ,2013,01,30,1.0,13.4,5.6
115052,RINCON_DE_LA_CRUZ,2013,01,31,7.6,14.6,4.6
115052,RINCON_DE_LA_CRUZ,2013,02,01,8.5,15.2,4.4
115052,RINCON_DE_LA_CRUZ,2013,02,02,2.2,15.2,4.6
115052,RINCON_DE_LA_CRUZ,2013,02,03,6.6,-999,6.4
115052,RINCON_DE_LA_CRUZ,2013,02,04,0.0,13.8,6.8
115052,RINCON_DE_LA_CRUZ,2013,02,05,15.5,13.2,7.6
115052,RINCON_DE_LA_CRUZ,2013,02,06,2.8,13.8,5.2
115052,RINCON_DE_LA_CRUZ,2013,02,07,10.8,12.6,6.4
115052,RINCON_DE_LA_CRUZ,2013,02,08,23.4,13.2,6.4
115052,RINCON_DE_LA_CRUZ,2013,02,09,14.3,13.6,5.2
115052,RINCON_DE_LA_CRUZ,2013,02,10,4.8,15.6,5.8
115052,RINCON_DE_LA_CRUZ,2013,02,11,3.2,14.8,4.2
115052,RINCON_DE_LA_CRUZ,2013,02,12,0.0,14.6,3.2
115052,RINCON_DE_LA_CRUZ,2013,02,13,8.2,13.8,5.4
115052,RINCON_DE_LA_CRUZ,2013,02,14,2.2,14.4,4.4
115052,RINCON_DE_LA_CRUZ,2013,02,15,1.7,13.6,6.0
115052,RINCON_DE_LA_CRUZ,2013,02,16,2.6,14.2,6.4
115052,RINCON_DE_LA_CRUZ,2013,02,17,0.0,15.0,6.2
115052,RINCON_DE_LA_CRUZ,2013,02,18,2.9,15.0,3.8
115052,RINCON_DE_LA_CRUZ,2013,02,19,14.8,14.8,5.0
115052,RINCON_DE_LA_CRUZ,2013,02,20,19.8,13.2,5.0
115052,RINCON_DE_LA_CRUZ,2013,02,21,1.2,14.4,4.8
115052,RINCON_DE_LA_CRUZ,2013,02,22,0.0,13.6,6.6
115052,RINCON_DE_LA_CRUZ,2013,02,23,7.0,15.4,7.4
115052,RINCON_DE_LA_CRUZ,2013,02,24,0.0,16.2,6.4
115052,RINCON_DE_LA_CRUZ,2013,02,25,3.0,18.6,6.6
115052,RINCON_DE_LA_CRUZ,2013,02,26,2.8,15.0,4.2
115052,RINCON_DE_LA_CRUZ,2013,02,27,20.8,14.2,5.4
115052,RINCON_DE_LA_CRUZ,2013,02,28,0.0,14.6,5.2
115052,RINCON_DE_LA_CRUZ,2013,03,01,0.0,16.0,5.8
115052,RINCON_DE_LA_CRUZ,2013,03,02,0.0,15.2,7.0
115052,RINCON_DE_LA_CRUZ,2013,03,03,6.8,15.4,6.2
115052,RINCON_DE_LA_CRUZ,2013,03,04,0.0,16.4,5.6
115052,RINCON_DE_LA_CRUZ,2013,03,05,17.0,15.6,6.2
115052,RINCON_DE_LA_CRUZ,2013,03,06,0.0,16.0,5.4
115052,RINCON_DE_LA_CRUZ,2013,03,07,4.0,13.6,6.6
115052,RINCON_DE_LA_CRUZ,2013,03,08,3.4,14.8,4.6
115052,RINCON_DE_LA_CRUZ,2013,03,09,2.8,15.8,6.4
115052,RINCON_DE_LA_CRUZ,2013,03,10,0.0,16.4,7.2
115052,RINCON_DE_LA_CRUZ,2013,03,11,17.4,16.4,6.4
115052,RINCON_DE_LA_CRUZ,2013,03,12,0.0,16.8,3.4
115052,RINCON_DE_LA_CRUZ,2013,03,13,0.0,16.2,7.2
115052,RINCON_DE_LA_CRUZ,2013,03,14,0.0,15.8,3.6
115052,RINCON_DE_LA_CRUZ,2013,03,15,2.0,12.8,5.8
115052,RINCON_DE_LA_CRUZ,2013,03,16,13.8,14.6,5.8
115052,RINCON_DE_LA_CRUZ,2013,03,17,1.8,14.8,6.4
115052,RINCON_DE_LA_CRUZ,2013,03,18,0.0,15.2,5.8
115052,RINCON_DE_LA_CRUZ,2013,03,19,0.0,18.4,5.4
115052,RINCON_DE_LA_CRUZ,2013,03,20,0.0,15.0,-0.4
115052,RINCON_DE_LA_CRUZ,2013,03,21,0.0,15.4,2.8
115052,RINCON_DE_LA_CRUZ,2013,03,22,0.0,15.2,6.2
115052,RINCON_DE_LA_CRUZ,2013,03,23,0.0,17.0,4.8
115052,RINCON_DE_LA_CRUZ,2013,03,24,0.0,16.8,4.2
115052,RINCON_DE_LA_CRUZ,2013,03,25,2.8,14.4,3.4
115052,RINCON_DE_LA_CRUZ,2013,03,26,22.2,15.6,3.0
115052,RINCON_DE_LA_CRUZ,2013,03,27,0.0,14.4,4.8
115052,RINCON_DE_LA_CRUZ,2013,03,28,0.0,13.8,4.2
115052,RINCON_DE_LA_CRUZ,2013,03,29,0.0,14.4,2.2
115052,RINCON_DE_LA_CRUZ,2013,03,30,0.0,15.6,3.4
115052,RINCON_DE_LA_CRUZ,2013,03,31,0.0,16.6,4.2
115052,RINCON_DE_LA_CRUZ,2013,04,01,0.0,17.4,4.0
115052,RINCON_DE_LA_CRUZ,2013,04,02,0.0,16.4,3.4
115052,RINCON_DE_LA_CRUZ,2013,04,03,3.7,15.8,4.4
115052,RINCON_DE_LA_CRUZ,2013,04,04,0.0,14.8,4.8
115052,RINCON_DE_LA_CRUZ,2013,04,05,0.8,16.8,3.6
115052,RINCON_DE_LA_CRUZ,2013,04,06,0.0,16.0,2.8
115052,RINCON_DE_LA_CRUZ,2013,04,07,0.0,15.0,3.6
115052,RINCON_DE_LA_CRUZ,2013,04,08,0.0,14.8,3.8
115052,RINCON_DE_LA_CRUZ,2013,04,09,0.0,14.6,1.8
115052,RINCON_DE_LA_CRUZ,2013,04,10,0.0,16.0,4.6
115052,RINCON_DE_LA_CRUZ,2013,04,11,0.0,15.8,3.8
115052,RINCON_DE_LA_CRUZ,2013,04,12,0.0,17.2,0.8
115052,RINCON_DE_LA_CRUZ,2013,04,13,0.0,16.6,-3.2
115052,RINCON_DE_LA_CRUZ,2013,04,14,0.0,15.4,3.8
115052,RINCON_DE_LA_CRUZ,2013,04,15,0.0,15.4,0.4
115052,RINCON_DE_LA_CRUZ,2013,04,16,0.0,15.6,1.8
115052,RINCON_DE_LA_CRUZ,2013,04,17,0.0,14.2,4.4
115052,RINCON_DE_LA_CRUZ,2013,04,18,-888,14.2,1.0
115052,RINCON_DE_LA_CRUZ,2013,04,19,0.0,13.4,0.8
115052,RINCON_DE_LA_CRUZ,2013,04,20,0.0,14.4,2.0
115052,RINCON_DE_LA_CRUZ,2013,04,21,0.0,14.2,1.2
115052,RINCON_DE_LA_CRUZ,2013,04,22,0.0,14.4,1.6
115052,RINCON_DE_LA_CRUZ,2013,04,23,0.0,14.2,0.8
115052,RINCON_DE_LA_CRUZ,2013,04,24,0.0,14.8,0.2
115052,RINCON_DE_LA_CRUZ,2013,04,25,0.0,15.2,-1.2
115052,RINCON_DE_LA_CRUZ,2013,04,26,0.0,15.0,4.8
115052,RINCON_DE_LA_CRUZ,2013,04,27,0.0,15.0,3.4
115052,RINCON_DE_LA_CRUZ,2013,04,28,0.0,16.0,1.8
115052,RINCON_DE_LA_CRUZ,2013,04,29,0.0,16.2,2.2
115052,RINCON_DE_LA_CRUZ,2013,04,30,0.0,16.4,0.2
115052,RINCON_DE_LA_CRUZ,2013,05,01,1.0,16.0,3.2
115052,RINCON_DE_LA_CRUZ,2013,05,02,0.0,13.6,4.4
115052,RINCON_DE_LA_CRUZ,2013,05,03,0.0,13.8,4.6
115052,RINCON_DE_LA_CRUZ,2013,05,04,0.0,15.8,2.8
115052,RINCON_DE_LA_CRUZ,2013,05,05,0.0,15.4,0.6
115052,RINCON_DE_LA_CRUZ,2013,05,06,0.0,14.6,3.8
115052,RINCON_DE_LA_CRUZ,2013,05,07,0.0,14.2,1.6
115052,RINCON_DE_LA_CRUZ,2013,05,08,0.0,15.2,3.2
115052,RINCON_DE_LA_CRUZ,2013,05,09,0.0,15.8,3.2
115052,RINCON_DE_LA_CRUZ,2013,05,10,0.0,15.6,1.6
115052,RINCON_DE_LA_CRUZ,2013,05,11,0.0,15.8,0.2
115052,RINCON_DE_LA_CRUZ,2013,05,12,0.0,14.8,2.8
115052,RINCON_DE_LA_CRUZ,2013,05,13,0.0,14.8,-0.2
115052,RINCON_DE_LA_CRUZ,2013,05,14,4.2,15.4,2.8
115052,RINCON_DE_LA_CRUZ,2013,05,15,4.0,15.4,3.8
115052,RINCON_DE_LA_CRUZ,2013,05,16,1.8,13.2,4.4
115052,RINCON_DE_LA_CRUZ,2013,05,17,2.5,13.8,5.0
115052,RINCON_DE_LA_CRUZ,2013,05,18,6.2,14.2,-999
115052,RINCON_DE_LA_CRUZ,2013,05,19,1.2,13.6,3.6
115052,RINCON_DE_LA_CRUZ,2013,05,20,0.0,14.2,5.0
115052,RINCON_DE_LA_CRUZ,2013,05,21,0.0,15.6,1.4
115052,RINCON_DE_LA_CRUZ,2013,05,22,0.0,16.4,1.2
115052,RINCON_DE_LA_CRUZ,2013,05,23,0.0,16.2,1.4
115052,RINCON_DE_LA_CRUZ,2013,05,24,0.0,15.4,5.2
115052,RINCON_DE_LA_CRUZ,2013,05,25,0.0,15.4,2.4
115052,RINCON_DE_LA_CRUZ,2013,05,26,0.0,14.4,2.4
115052,RINCON_DE_LA_CRUZ,2013,05,27,0.0,13.2,1.4
115052,RINCON_DE_LA_CRUZ,2013,05,28,0.0,13.2,-3.0
115052,RINCON_DE_LA_CRUZ,2013,05,29,0.0,13.6,-2.8
115052,RINCON_DE_LA_CRUZ,2013,05,30,0.0,12.8,-1.2
115052,RINCON_DE_LA_CRUZ,2013,05,31,0.0,15.8,1.8
115052,RINCON_DE_LA_CRUZ,2013,06,01,0.0,12.8,0.2
115052,RINCON_DE_LA_CRUZ,2013,06,02,0.0,14.2,-5.8
115052,RINCON_DE_LA_CRUZ,2013,06,03,0.0,13.2,-0.8
115052,RINCON_DE_LA_CRUZ,2013,06,04,0.0,13.0,1.2
115052,RINCON_DE_LA_CRUZ,2013,06,05,0.0,13.6,-0.8
115052,RINCON_DE_LA_CRUZ,2013,06,06,0.0,12.6,2.4
115052,RINCON_DE_LA_CRUZ,2013,06,07,0.0,13.8,-999
115052,RINCON_DE_LA_CRUZ,2013,06,08,0.0,12.8,3.6
115052,RINCON_DE_LA_CRUZ,2013,06,09,-888,13.0,0.8
115052,RINCON_DE_LA_CRUZ,2013,06,10,0.0,13.0,1.4
115052,RINCON_DE_LA_CRUZ,2013,06,11,2.0,12.6,1.6
115052,RINCON_DE_LA_CRUZ,2013,06,12,10.0,12.4,1.8
115052,RINCON_DE_LA_CRUZ,2013,06,13,3.0,10.4,1.6
115052,RINCON_DE_LA_CRUZ,2013,06,14,0.0,14.2,1.2
115052,RINCON_DE_LA_CRUZ,2013,06,15,0.0,14.8,2.2
115052,RINCON_DE_LA_CRUZ,2013,06,16,0.0,12.8,-5.6
115052,RINCON_DE_LA_CRUZ,2013,06,17,0.0,13.4,-2.4
115052,RINCON_DE_LA_CRUZ,2013,06,18,0.0,15.2,1.0
115052,RINCON_DE_LA_CRUZ,2013,06,19,0.0,14.0,2.2
115052,RINCON_DE_LA_CRUZ,2013,06,20,0.0,15.8,0.4
115052,RINCON_DE_LA_CRUZ,2013,06,21,0.0,13.4,0.2
115052,RINCON_DE_LA_CRUZ,2013,06,22,0.0,14.2,1.4
115052,RINCON_DE_LA_CRUZ,2013,06,23,0.0,13.8,1.4
115052,RINCON_DE_LA_CRUZ,2013,06,24,0.0,16.0,0.0
115052,RINCON_DE_LA_CRUZ,2013,06,25,0.0,16.8,-1.0
115052,RINCON_DE_LA_CRUZ,2013,06,26,0.0,15.4,1.0
115052,RINCON_DE_LA_CRUZ,2013,06,27,0.0,13.2,-1.6
115052,RINCON_DE_LA_CRUZ,2013,06,28,0.0,13.2,-3.0
115052,RINCON_DE_LA_CRUZ,2013,06,29,0.0,14.8,-4.0
115052,RINCON_DE_LA_CRUZ,2013,06,30,0.0,13.4,-2.0
115052,RINCON_DE_LA_CRUZ,2013,07,01,0.0,13.6,-2.6
115052,RINCON_DE_LA_CRUZ,2013,07,02,0.0,11.8,2.6
115052,RINCON_DE_LA_CRUZ,2013,07,03,-888,14.4,-0.4
115052,RINCON_DE_LA_CRUZ,2013,07,04,-888,14.0,-1.6
115052,RINCON_DE_LA_CRUZ,2013,07,05,0.0,12.8,3.0
115052,RINCON_DE_LA_CRUZ,2013,07,06,0.0,14.2,1.6
115052,RINCON_DE_LA_CRUZ,2013,07,07,0.0,13.8,1.0
115052,RINCON_DE_LA_CRUZ,2013,07,08,0.0,12.8,-1.4
115052,RINCON_DE_LA_CRUZ,2013,07,09,0.0,13.8,-1.8
115052,RINCON_DE_LA_CRUZ,2013,07,10,0.0,15.4,-0.6
115052,RINCON_DE_LA_CRUZ,2013,07,11,0.0,14.0,1.2
115052,RINCON_DE_LA_CRUZ,2013,07,12,0.0,13.6,0.0
115052,RINCON_DE_LA_CRUZ,2013,07,13,0.0,13.8,-1.6
115052,RINCON_DE_LA_CRUZ,2013,07,14,3.8,13.8,-1.8
115052,RINCON_DE_LA_CRUZ,2013,07,15,8.0,12.0,-2.0
115052,RINCON_DE_LA_CRUZ,2013,07,16,11.5,12.8,0.8
115052,RINCON_DE_LA_CRUZ,2013,07,17,0.0,12.4,0.4
115052,RINCON_DE_LA_CRUZ,2013,07,18,0.0,13.6,0.2
115052,RINCON_DE_LA_CRUZ,2013,07,19,6.1,12.0,1.2
115052,RINCON_DE_LA_CRUZ,2013,07,20,0.0,13.0,1.8
115052,RINCON_DE_LA_CRUZ,2013,07,21,0.0,15.2,-1.6
115052,RINCON_DE_LA_CRUZ,2013,07,22,0.0,16.2,1.8
115052,RINCON_DE_LA_CRUZ,2013,07,23,0.0,14.6,0.2
115052,RINCON_DE_LA_CRUZ,2013,07,24,0.0,13.2,-2.0
115052,RINCON_DE_LA_CRUZ,2013,07,25,0.0,13.8,0.2
115052,RINCON_DE_LA_CRUZ,2013,07,26,0.0,14.4,0.6
115052,RINCON_DE_LA_CRUZ,2013,07,27,0.0,15.0,-0.4
115052,RINCON_DE_LA_CRUZ,2013,07,28,0.0,14.8,-1.4
115052,RINCON_DE_LA_CRUZ,2013,07,29,0.0,14.4,-2.8
115052,RINCON_DE_LA_CRUZ,2013,07,30,0.0,15.0,-3.0
115052,RINCON_DE_LA_CRUZ,2013,07,31,0.0,16.2,-2.4
115052,RINCON_DE_LA_CRUZ,2013,08,01,0.0,15.0,-0.8
115052,RINCON_DE_LA_CRUZ,2013,08,02,0.0,14.4,-1.4
115052,RINCON_DE_LA_CRUZ,2013,08,03,0.0,14.6,2.0
115052,RINCON_DE_LA_CRUZ,2013,08,04,0.0,14.8,-2.4
115052,RINCON_DE_LA_CRUZ,2013,08,05,1.0,15.2,2.4
115052,RINCON_DE_LA_CRUZ,2013,08,06,0.0,15.4,3.0
115052,RINCON_DE_LA_CRUZ,2013,08,07,0.8,14.6,-0.4
115052,RINCON_DE_LA_CRUZ,2013,08,08,0.0,15.2,2.0
115052,RINCON_DE_LA_CRUZ,2013,08,09,0.0,14.8,2.8
115052,RINCON_DE_LA_CRUZ,2013,08,10,0.0,13.4,-0.6
115052,RINCON_DE_LA_CRUZ,2013,08,11,0.0,14.0,-1.0
115052,RINCON_DE_LA_CRUZ,2013,08,12,0.0,15.2,-4.0
115052,RINCON_DE_LA_CRUZ,2013,08,13,0.0,16.2,-3.8
115052,RINCON_DE_LA_CRUZ,2013,08,14,0.0,13.8,1.2
115052,RINCON_DE_LA_CRUZ,2013,08,15,0.0,16.4,-1.2
115052,RINCON_DE_LA_CRUZ,2013,08,16,0.0,14.6,0.4
115052,RINCON_DE_LA_CRUZ,2013,08,17,0.0,15.4,1.4
115052,RINCON_DE_LA_CRUZ,2013,08,18,0.0,16.6,0.6
115052,RINCON_DE_LA_CRUZ,2013,08,19,0.0,17.4,0.0
115052,RINCON_DE_LA_CRUZ,2013,08,20,0.0,16.6,-2.4
115052,RINCON_DE_LA_CRUZ,2013,08,21,0.0,16.8,-1.8
115052,RINCON_DE_LA_CRUZ,2013,08,22,0.0,15.6,0.4
115052,RINCON_DE_LA_CRUZ,2013,08,23,0.0,15.6,1.6
115052,RINCON_DE_LA_CRUZ,2013,08,24,4.8,11.8,0.6
115052,RINCON_DE_LA_CRUZ,2013,08,25,0.0,12.2,1.2
115052,RINCON_DE_LA_CRUZ,2013,08,26,0.0,12.8,-3.6
115052,RINCON_DE_LA_CRUZ,2013,08,27,0.0,13.8,-1.8
115052,RINCON_DE_LA_CRUZ,2013,08,28,2.8,6.6,-999
115052,RINCON_DE_LA_CRUZ,2013,08,29,7.5,12.2,-0.4
115052,RINCON_DE_LA_CRUZ,2013,08,30,0.0,12.8,-0.4
115052,RINCON_DE_LA_CRUZ,2013,08,31,0.0,15.0,0.8
115052,RINCON_DE_LA_CRUZ,2013,09,01,0.0,16.0,0.6
115052,RINCON_DE_LA_CRUZ,2013,09,02,0.0,12.4,-4.4
115052,RINCON_DE_LA_CRUZ,2013,09,03,0.0,13.8,-5.2
115052,RINCON_DE_LA_CRUZ,2013,09,04,0.0,13.8,1.0
115052,RINCON_DE_LA_CRUZ,2013,09,05,0.0,15.2,2.2
115052,RINCON_DE_LA_CRUZ,2013,09,06,0.0,15.6,3.2
115052,RINCON_DE_LA_CRUZ,2013,09,07,0.0,15.6,1.4
115052,RINCON_DE_LA_CRUZ,2013,09,08,-888,15.4,-1.2
115052,RINCON_DE_LA_CRUZ,2013,09,09,0.0,14.6,1.0
115052,RINCON_DE_LA_CRUZ,2013,09,10,0.0,13.8,2.4
115052,RINCON_DE_LA_CRUZ,2013,09,11,0.0,15.8,-0.8
115052,RINCON_DE_LA_CRUZ,2013,09,12,0.0,16.4,1.0
115052,RINCON_DE_LA_CRUZ,2013,09,13,0.0,17.2,-0.4
115052,RINCON_DE_LA_CRUZ,2013,09,14,0.0,15.6,4.2
115052,RINCON_DE_LA_CRUZ,2013,09,15,0.0,-999,2.2
115052,RINCON_DE_LA_CRUZ,2013,09,16,0.0,-999,-0.4
115052,RINCON_DE_LA_CRUZ,2013,09,17,0.0,-999,-1.4
115052,RINCON_DE_LA_CRUZ,2013,09,18,0.0,16.2,2.0
115052,RINCON_DE_LA_CRUZ,2013,09,19,0.0,16.4,3.4
115052,RINCON_DE_LA_CRUZ,2013,09,20,0.5,17.4,2.2
115052,RINCON_DE_LA_CRUZ,2013,09,21,0.0,16.6,3.4
115052,RINCON_DE_LA_CRUZ,2013,09,22,0.0,16.8,3.8
115052,RINCON_DE_LA_CRUZ,2013,09,23,0.0,17.4,5.0
115052,RINCON_DE_LA_CRUZ,2013,09,24,11.2,17.6,1.6
115052,RINCON_DE_LA_CRUZ,2013,09,25,2.0,17.6,2.4
115052,RINCON_DE_LA_CRUZ,2013,09,26,0.0,18.2,2.8
115052,RINCON_DE_LA_CRUZ,2013,09,27,0.0,16.4,4.4
115052,RINCON_DE_LA_CRUZ,2013,09,28,0.0,16.4,0.8
115052,RINCON_DE_LA_CRUZ,2013,09,29,0.0,17.2,2.6
115052,RINCON_DE_LA_CRUZ,2013,09,30,0.0,16.8,0.0
115052,RINCON_DE_LA_CRUZ,2013,10,01,0.0,16.6,4.6
115052,RINCON_DE_LA_CRUZ,2013,10,02,0.0,16.0,3.2
115052,RINCON_DE_LA_CRUZ,2013,10,03,0.0,16.8,3.8
115052,RINCON_DE_LA_CRUZ,2013,10,04,0.0,17.8,4.8
115052,RINCON_DE_LA_CRUZ,2013,10,05,0.0,17.0,6.0
115052,RINCON_DE_LA_CRUZ,2013,10,06,0.0,16.4,6.4
115052,RINCON_DE_LA_CRUZ,2013,10,07,0.0,17.6,3.2
115052,RINCON_DE_LA_CRUZ,2013,10,08,0.0,17.0,1.6
115052,RINCON_DE_LA_CRUZ,2013,10,09,0.0,16.8,2.0
115052,RINCON_DE_LA_CRUZ,2013,10,10,4.2,16.2,5.6
115052,RINCON_DE_LA_CRUZ,2013,10,11,0.0,15.6,3.4
115052,RINCON_DE_LA_CRUZ,2013,10,12,3.5,16.0,1.8
115052,RINCON_DE_LA_CRUZ,2013,10,13,8.0,10.8,3.8
115052,RINCON_DE_LA_CRUZ,2013,10,14,1.8,12.4,1.4
115052,RINCON_DE_LA_CRUZ,2013,10,15,0.0,13.4,2.2
115052,RINCON_DE_LA_CRUZ,2013,10,16,0.0,17.0,1.8
115052,RINCON_DE_LA_CRUZ,2013,10,17,0.0,17.8,4.0
115052,RINCON_DE_LA_CRUZ,2013,10,18,0.0,16.8,4.0
115052,RINCON_DE_LA_CRUZ,2013,10,19,0.0,18.2,6.0
115052,RINCON_DE_LA_CRUZ,2013,10,20,0.0,19.0,4.0
115052,RINCON_DE_LA_CRUZ,2013,10,21,0.0,19.8,1.8
115052,RINCON_DE_LA_CRUZ,2013,10,22,0.0,17.8,5.0
115052,RINCON_DE_LA_CRUZ,2013,10,23,2.3,18.2,5.4
115052,RINCON_DE_LA_CRUZ,2013,10,24,6.6,13.8,4.2
115052,RINCON_DE_LA_CRUZ,2013,10,25,8.6,16.6,4.4
115052,RINCON_DE_LA_CRUZ,2013,10,26,0.7,16.2,6.2
115052,RINCON_DE_LA_CRUZ,2013,10,27,0.0,16.2,6.2
115052,RINCON_DE_LA_CRUZ,2013,10,28,11.5,13.0,4.8
115052,RINCON_DE_LA_CRUZ,2013,10,29,0.0,16.4,5.4
115052,RINCON_DE_LA_CRUZ,2013,10,30,0.0,17.6,5.4
115052,RINCON_DE_LA_CRUZ,2013,10,31,0.0,16.6,5.6
115052,RINCON_DE_LA_CRUZ,2013,11,01,0.0,16.0,4.2
115052,RINCON_DE_LA_CRUZ,2013,11,02,0.0,17.2,4.2
115052,RINCON_DE_LA_CRUZ,2013,11,03,0.0,15.4,5.8
115052,RINCON_DE_LA_CRUZ,2013,11,04,0.0,14.8,6.4
115052,RINCON_DE_LA_CRUZ,2013,11,05,12.4,16.4,5.0
115052,RINCON_DE_LA_CRUZ,2013,11,06,0.0,15.8,3.6
115052,RINCON_DE_LA_CRUZ,2013,11,07,0.0,17.4,2.6
115052,RINCON_DE_LA_CRUZ,2013,11,08,0.0,18.4,4.8
115052,RINCON_DE_LA_CRUZ,2013,11,09,0.0,18.6,2.8
115052,RINCON_DE_LA_CRUZ,2013,11,10,0.0,18.4,4.8
115052,RINCON_DE_LA_CRUZ,2013,11,11,0.0,18.8,4.4
115052,RINCON_DE_LA_CRUZ,2013,11,12,7.8,16.8,5.6
115052,RINCON_DE_LA_CRUZ,2013,11,13,0.0,16.0,5.2
115052,RINCON_DE_LA_CRUZ,2013,11,14,0.8,17.4,4.2
115052,RINCON_DE_LA_CRUZ,2013,11,15,5.0,19.6,2.6
115052,RINCON_DE_LA_CRUZ,2013,11,16,0.0,18.6,5.2
115052,RINCON_DE_LA_CRUZ,2013,11,17,0.0,16.2,6.4
115052,RINCON_DE_LA_CRUZ,2013,11,18,0.0,18.8,5.8
115052,RINCON_DE_LA_CRUZ,2013,11,19,0.0,17.6,5.8
115052,RINCON_DE_LA_CRUZ,2013,11,20,10.0,16.8,3.2
115052,RINCON_DE_LA_CRUZ,2013,11,21,16.5,14.4,5.6
115052,RINCON_DE_LA_CRUZ,2013,11,22,5.6,12.2,3.4
115052,RINCON_DE_LA_CRUZ,2013,11,23,0.0,14.6,2.2
115052,RINCON_DE_LA_CRUZ,2013,11,24,0.0,16.6,2.6
115052,RINCON_DE_LA_CRUZ,2013,11,25,0.0,18.4,3.2
115052,RINCON_DE_LA_CRUZ,2013,11,26,0.0,15.8,6.2
115052,RINCON_DE_LA_CRUZ,2013,11,27,-888,18.6,4.4
115052,RINCON_DE_LA_CRUZ,2013,11,28,0.0,18.0,3.8
115052,RINCON_DE_LA_CRUZ,2013,11,29,0.0,17.4,4.8
115052,RINCON_DE_LA_CRUZ,2013,11,30,0.0,16.2,5.6
115052,RINCON_DE_LA_CRUZ,2013,12,01,0.0,17.4,5.2
115052,RINCON_DE_LA_CRUZ,2013,12,02,0.0,16.8,6.4
115052,RINCON_DE_LA_CRUZ,2013,12,03,2.0,15.0,5.4
115052,RINCON_DE_LA_CRUZ,2013,12,04,0.0,15.2,5.8
115052,RINCON_DE_LA_CRUZ,2013,12,05,1.8,18.8,5.6
115052,RINCON_DE_LA_CRUZ,2013,12,06,7.4,16.6,5.8
115052,RINCON_DE_LA_CRUZ,2013,12,07,9.0,14.8,5.6
115052,RINCON_DE_LA_CRUZ,2013,12,08,1.4,14.8,4.6
115052,RINCON_DE_LA_CRUZ,2013,12,09,0.5,14.6,-999
115052,RINCON_DE_LA_CRUZ,2013,12,10,6.3,16.6,-999
115052,RINCON_DE_LA_CRUZ,2013,12,11,11.2,12.2,-999
115052,RINCON_DE_LA_CRUZ,2013,12,12,0.0,14.0,6.6
115052,RINCON_DE_LA_CRUZ,2013,12,13,1.1,15.8,5.2
115052,RINCON_DE_LA_CRUZ,2013,12,14,34.2,15.6,5.6
115052,RINCON_DE_LA_CRUZ,2013,12,15,1.2,14.0,2.0
115052,RINCON_DE_LA_CRUZ,2013,12,16,1.8,14.8,5.8
115052,RINCON_DE_LA_CRUZ,2013,12,17,0.0,16.2,5.4
115052,RINCON_DE_LA_CRUZ,2013,12,18,0.0,17.0,5.4
115052,RINCON_DE_LA_CRUZ,2013,12,19,2.2,16.6,5.2
115052,RINCON_DE_LA_CRUZ,2013,12,20,3.4,16.0,5.8
115052,RINCON_DE_LA_CRUZ,2013,12,21,21.7,14.0,5.8
115052,RINCON_DE_LA_CRUZ,2013,12,22,1.2,14.8,6.2
115052,RINCON_DE_LA_CRUZ,2013,12,23,4.4,15.0,6.6
115052,RINCON_DE_LA_CRUZ,2013,12,24,18.2,13.8,5.4
115052,RINCON_DE_LA_CRUZ,2013,12,25,0.0,14.8,0.8
115052,RINCON_DE_LA_CRUZ,2013,12,26,0.0,16.2,5.0
115052,RINCON_DE_LA_CRUZ,2013,12,27,-888,15.4,5.4
115052,RINCON_DE_LA_CRUZ,2013,12,28,0.0,14.6,6.4
115052,RINCON_DE_LA_CRUZ,2013,12,29,22.5,17.4,4.4
115052,RINCON_DE_LA_CRUZ,2013,12,30,1.5,14.0,5.8
115052,RINCON_DE_LA_CRUZ,2013,12,31,8.8,14.8,6.2
115052,RINCON_DE_LA_CRUZ,2014,01,01,0.0,13.6,4.2
115052,RINCON_DE_LA_CRUZ,2014,01,02,0.0,16.4,4.0
115052,RINCON_DE_LA_CRUZ,2014,01,03,18.6,16.6,4.8
115052,RINCON_DE_LA_CRUZ,2014,01,04,6.3,13.8,5.8
115052,RINCON_DE_LA_CRUZ,2014,01,05,8.3,14.4,6.2
115052,RINCON_DE_LA_CRUZ,2014,01,06,7.2,14.8,5.8
115052,RINCON_DE_LA_CRUZ,2014,01,07,0.0,13.4,4.6
115052,RINCON_DE_LA_CRUZ,2014,01,08,9.3,13.8,6.2
115052,RINCON_DE_LA_CRUZ,2014,01,09,5.3,16.8,5.0
115052,RINCON_DE_LA_CRUZ,2014,01,10,3.1,14.8,5.8
115052,RINCON_DE_LA_CRUZ,2014,01,11,3.8,15.2,5.8
115052,RINCON_DE_LA_CRUZ,2014,01,12,19.6,11.2,5.2
115052,RINCON_DE_LA_CRUZ,2014,01,13,0.0,16.2,3.6
115052,RINCON_DE_LA_CRUZ,2014,01,14,1.3,15.8,5.4
115052,RINCON_DE_LA_CRUZ,2014,01,15,29.5,14.8,5.6
115052,RINCON_DE_LA_CRUZ,2014,01,16,20.6,14.8,3.6
115052,RINCON_DE_LA_CRUZ,2014,01,17,-888,13.0,3.6
115052,RINCON_DE_LA_CRUZ,2014,01,18,4.0,15.2,5.4
115052,RINCON_DE_LA_CRUZ,2014,01,19,0.5,14.4,5.6
115052,RINCON_DE_LA_CRUZ,2014,01,20,4.0,17.2,5.8
115052,RINCON_DE_LA_CRUZ,2014,01,21,16.8,17.6,7.2
115052,RINCON_DE_LA_CRUZ,2014,01,22,3.5,12.6,2.8
115052,RINCON_DE_LA_CRUZ,2014,01,23,3.4,14.2,3.6
115052,RINCON_DE_LA_CRUZ,2014,01,24,1.6,15.8,5.4
115052,RINCON_DE_LA_CRUZ,2014,01,25,0.0,14.4,3.2
115052,RINCON_DE_LA_CRUZ,2014,01,26,0.0,14.2,4.8
115052,RINCON_DE_LA_CRUZ,2014,01,27,0.0,-999,4.6
115052,RINCON_DE_LA_CRUZ,2014,01,28,0.0,-999,5.0
115052,RINCON_DE_LA_CRUZ,2014,01,29,0.0,-999,7.0
115052,RINCON_DE_LA_CRUZ,2014,01,30,7.1,14.6,-999
115052,RINCON_DE_LA_CRUZ,2014,01,31,32.8,13.6,5.4
115052,RINCON_DE_LA_CRUZ,2014,02,01,8.8,13.8,5.4
115052,RINCON_DE_LA_CRUZ,2014,02,02,0.0,15.4,5.2
115052,RINCON_DE_LA_CRUZ,2014,02,03,0.0,15.2,5.2
115052,RINCON_DE_LA_CRUZ,2014,02,04,0.0,14.6,4.8
115052,RINCON_DE_LA_CRUZ,2014,02,05,24.4,14.8,6.2
115052,RINCON_DE_LA_CRUZ,2014,02,06,1.6,13.4,4.4
115052,RINCON_DE_LA_CRUZ,2014,02,07,0.0,14.4,5.4
115052,RINCON_DE_LA_CRUZ,2014,02,08,0.0,14.8,4.0
115052,RINCON_DE_LA_CRUZ,2014,02,09,0.0,15.4,4.2
115052,RINCON_DE_LA_CRUZ,2014,02,10,2.0,15.2,5.6
115052,RINCON_DE_LA_CRUZ,2014,02,11,1.8,14.4,5.0
115052,RINCON_DE_LA_CRUZ,2014,02,12,1.2,14.8,4.8
115052,RINCON_DE_LA_CRUZ,2014,02,13,5.4,15.6,6.0
115052,RINCON_DE_LA_CRUZ,2014,02,14,3.8,13.2,5.4
115052,RINCON_DE_LA_CRUZ,2014,02,15,1.3,15.0,4.4
115052,RINCON_DE_LA_CRUZ,2014,02,16,0.0,14.4,5.8
115052,RINCON_DE_LA_CRUZ,2014,02,17,-888,15.2,6.6
115052,RINCON_DE_LA_CRUZ,2014,02,18,2.5,15.6,4.8
115052,RINCON_DE_LA_CRUZ,2014,02,19,0.0,15.6,5.8
115052,RINCON_DE_LA_CRUZ,2014,02,20,0.0,14.8,6.2
115052,RINCON_DE_LA_CRUZ,2014,02,21,6.6,14.6,7.0
115052,RINCON_DE_LA_CRUZ,2014,02,22,29.5,15.2,6.8
115052,RINCON_DE_LA_CRUZ,2014,02,23,0.0,15.4,4.8
115052,RINCON_DE_LA_CRUZ,2014,02,24,0.0,17.0,5.6
115052,RINCON_DE_LA_CRUZ,2014,02,25,0.0,16.2,4.0
115052,RINCON_DE_LA_CRUZ,2014,02,26,0.0,15.2,5.8
115052,RINCON_DE_LA_CRUZ,2014,02,27,0.0,14.4,5.2
115052,RINCON_DE_LA_CRUZ,2014,02,28,0.0,17.2,2.4
115052,RINCON_DE_LA_CRUZ,2014,03,01,0.0,17.6,4.2
115052,RINCON_DE_LA_CRUZ,2014,03,02,4.0,17.4,4.4
115052,RINCON_DE_LA_CRUZ,2014,03,03,5.3,-999,4.6
115052,RINCON_DE_LA_CRUZ,2014,03,04,0.0,16.0,4.4
115052,RINCON_DE_LA_CRUZ,2014,03,05,8.5,14.8,5.2
115052,RINCON_DE_LA_CRUZ,2014,03,06,0.0,15.0,5.8
115052,RINCON_DE_LA_CRUZ,2014,03,07,10.0,16.0,3.8
115052,RINCON_DE_LA_CRUZ,2014,03,08,0.0,14.8,5.6
115052,RINCON_DE_LA_CRUZ,2014,03,09,0.0,16.8,3.6
115052,RINCON_DE_LA_CRUZ,2014,03,10,0.0,18.0,3.8
115052,RINCON_DE_LA_CRUZ,2014,03,11,1.7,16.0,3.8
115052,RINCON_DE_LA_CRUZ,2014,03,12,0.0,14.4,4.8
115052,RINCON_DE_LA_CRUZ,2014,03,13,5.8,16.2,4.2
115052,RINCON_DE_LA_CRUZ,2014,03,14,0.0,15.2,5.4
115052,RINCON_DE_LA_CRUZ,2014,03,15,0.0,15.4,5.0
115052,RINCON_DE_LA_CRUZ,2014,03,16,0.5,15.8,4.2
115052,RINCON_DE_LA_CRUZ,2014,03,17,8.0,16.0,4.6
115052,RINCON_DE_LA_CRUZ,2014,03,18,3.8,14.8,5.2
115052,RINCON_DE_LA_CRUZ,2014,03,19,3.5,14.6,4.4
115052,RINCON_DE_LA_CRUZ,2014,03,20,3.2,16.2,5.0
115052,RINCON_DE_LA_CRUZ,2014,03,21,0.0,15.2,5.0
115052,RINCON_DE_LA_CRUZ,2014,03,22,1.8,15.8,5.2
115052,RINCON_DE_LA_CRUZ,2014,03,23,0.0,15.6,6.2
115052,RINCON_DE_LA_CRUZ,2014,03,24,0.0,15.8,5.4
115052,RINCON_DE_LA_CRUZ,2014,03,25,0.0,13.2,5.8
115052,RINCON_DE_LA_CRUZ,2014,03,26,23.3,13.2,6.2
115052,RINCON_DE_LA_CRUZ,2014,03,27,0.0,14.4,3.8
115052,RINCON_DE_LA_CRUZ,2014,03,28,0.0,15.6,5.2
115052,RINCON_DE_LA_CRUZ,2014,03,29,0.0,14.4,0.4
115052,RINCON_DE_LA_CRUZ,2014,03,30,0.0,13.8,1.2
115052,RINCON_DE_LA_CRUZ,2014,03,31,15.2,14.8,-0.8
115052,RINCON_DE_LA_CRUZ,2014,04,01,2.5,14.0,3.6
115052,RINCON_DE_LA_CRUZ,2014,04,02,0.5,14.2,5.4
115052,RINCON_DE_LA_CRUZ,2014,04,03,1.0,14.8,4.4
115052,RINCON_DE_LA_CRUZ,2014,04,04,2.8,15.2,3.6
115052,RINCON_DE_LA_CRUZ,2014,04,05,0.0,14.8,6.0
115052,RINCON_DE_LA_CRUZ,2014,04,06,0.0,16.4,4.4
115052,RINCON_DE_LA_CRUZ,2014,04,07,1.2,16.2,4.6
115052,RINCON_DE_LA_CRUZ,2014,04,08,0.8,17.0,4.4
115052,RINCON_DE_LA_CRUZ,2014,04,09,2.7,16.0,4.0
115052,RINCON_DE_LA_CRUZ,2014,04,10,1.5,14.6,4.8
115052,RINCON_DE_LA_CRUZ,2014,04,11,0.0,15.8,2.8
115052,RINCON_DE_LA_CRUZ,2014,04,12,0.0,15.8,2.6
115052,RINCON_DE_LA_CRUZ,2014,04,13,0.0,14.4,4.6
115052,RINCON_DE_LA_CRUZ,2014,04,14,0.0,15.8,3.8
115052,RINCON_DE_LA_CRUZ,2014,04,15,0.0,16.8,3.8
115052,RINCON_DE_LA_CRUZ,2014,04,16,0.0,15.8,3.0
115052,RINCON_DE_LA_CRUZ,2014,04,17,0.0,16.2,3.2
115052,RINCON_DE_LA_CRUZ,2014,04,18,0.0,15.6,2.8
115052,RINCON_DE_LA_CRUZ,2014,04,19,0.5,15.6,2.6
115052,RINCON_DE_LA_CRUZ,2014,04,20,0.0,15.2,3.0
115052,RINCON_DE_LA_CRUZ,2014,04,21,0.8,13.8,6.2
115052,RINCON_DE_LA_CRUZ,2014,04,22,0.0,14.2,0.6
115052,RINCON_DE_LA_CRUZ,2014,04,23,3.2,14.2,-999
115052,RINCON_DE_LA_CRUZ,2014,04,24,0.0,14.4,1.8
115052,RINCON_DE_LA_CRUZ,2014,04,25,0.0,15.2,1.4
115052,RINCON_DE_LA_CRUZ,2014,04,26,0.0,14.4,2.2
115052,RINCON_DE_LA_CRUZ,2014,04,27,0.0,14.8,-0.4
115052,RINCON_DE_LA_CRUZ,2014,04,28,0.0,15.8,-0.4
115052,RINCON_DE_LA_CRUZ,2014,04,29,4.8,15.0,0.6
115052,RINCON_DE_LA_CRUZ,2014,04,30,0.0,15.8,4.2
115052,RINCON_DE_LA_CRUZ,2014,05,01,0.0,15.2,3.8
115052,RINCON_DE_LA_CRUZ,2014,05,02,0.0,14.6,0.8
115052,RINCON_DE_LA_CRUZ,2014,05,03,0.0,15.6,4.2
115052,RINCON_DE_LA_CRUZ,2014,05,04,0.0,14.8,4.2
115052,RINCON_DE_LA_CRUZ,2014,05,05,0.0,14.6,4.8
115052,RINCON_DE_LA_CRUZ,2014,05,06,0.0,14.6,0.0
115052,RINCON_DE_LA_CRUZ,2014,05,07,0.0,14.4,1.4
115052,RINCON_DE_LA_CRUZ,2014,05,08,0.0,13.8,0.0
115052,RINCON_DE_LA_CRUZ,2014,05,09,0.0,14.2,0.8
115052,RINCON_DE_LA_CRUZ,2014,05,10,0.0,13.6,0.0
115052,RINCON_DE_LA_CRUZ,2014,05,11,0.0,14.8,1.0
115052,RINCON_DE_LA_CRUZ,2014,05,12,0.0,14.4,0.6
115052,RINCON_DE_LA_CRUZ,2014,05,13,0.0,14.8,0.0
115052,RINCON_DE_LA_CRUZ,2014,05,14,0.0,15.4,-0.2
115052,RINCON_DE_LA_CRUZ,2014,05,15,0.0,14.4,1.8
115052,RINCON_DE_LA_CRUZ,2014,05,16,0.0,14.8,1.2
115052,RINCON_DE_LA_CRUZ,2014,05,17,0.0,13.8,1.0
115052,RINCON_DE_LA_CRUZ,2014,05,18,0.0,13.4,3.2
115052,RINCON_DE_LA_CRUZ,2014,05,19,0.0,15.4,3.4
115052,RINCON_DE_LA_CRUZ,2014,05,20,0.0,16.2,0.8
115052,RINCON_DE_LA_CRUZ,2014,05,21,0.0,14.8,1.0
115052,RINCON_DE_LA_CRUZ,2014,05,22,-888,15.0,4.0
115052,RINCON_DE_LA_CRUZ,2014,05,23,0.0,15.2,2.4
115052,RINCON_DE_LA_CRUZ,2014,05,24,0.0,16.8,0.2
115052,RINCON_DE_LA_CRUZ,2014,05,25,0.0,14.4,-4.0
115052,RINCON_DE_LA_CRUZ,2014,05,26,0.0,15.2,-5.4
115052,RINCON_DE_LA_CRUZ,2014,05,27,0.0,14.8,-0.8
115052,RINCON_DE_LA_CRUZ,2014,05,28,0.0,15.0,0.2
115052,RINCON_DE_LA_CRUZ,2014,05,29,0.0,15.2,-1.2
115052,RINCON_DE_LA_CRUZ,2014,05,30,0.0,16.8,4.2
115052,RINCON_DE_LA_CRUZ,2014,05,31,0.0,16.2,-1.0
115052,RINCON_DE_LA_CRUZ,2014,06,01,0.0,16.0,-1.8
115052,RINCON_DE_LA_CRUZ,2014,06,02,0.0,16.4,-2.6
115052,RINCON_DE_LA_CRUZ,2014,06,03,0.0,14.2,4.0
115052,RINCON_DE_LA_CRUZ,2014,06,04,0.0,14.8,-0.4
115052,RINCON_DE_LA_CRUZ,2014,06,05,0.0,16.6,-3.2
115052,RINCON_DE_LA_CRUZ,2014,06,06,0.0,17.4,-2.8
115052,RINCON_DE_LA_CRUZ,2014,06,07,0.0,17.2,-2.4
115052,RINCON_DE_LA_CRUZ,2014,06,08,0.0,16.8,-1.2
115052,RINCON_DE_LA_CRUZ,2014,06,09,0.0,14.8,-1.2
115052,RINCON_DE_LA_CRUZ,2014,06,10,0.0,14.8,4.4
115052,RINCON_DE_LA_CRUZ,2014,06,11,0.0,16.0,-1.4
115052,RINCON_DE_LA_CRUZ,2014,06,12,0.0,15.8,-0.4
115052,RINCON_DE_LA_CRUZ,2014,06,13,0.0,15.0,-3.6
115052,RINCON_DE_LA_CRUZ,2014,06,14,0.0,14.8,-0.2
115052,RINCON_DE_LA_CRUZ,2014,06,15,0.0,14.4,-1.8
115052,RINCON_DE_LA_CRUZ,2014,06,16,0.0,14.4,-2.4
115052,RINCON_DE_LA_CRUZ,2014,06,17,0.0,15.6,0.6
115052,RINCON_DE_LA_CRUZ,2014,06,18,0.0,15.4,0.0
115052,RINCON_DE_LA_CRUZ,2014,06,19,0.0,15.6,0.4
115052,RINCON_DE_LA_CRUZ,2014,06,20,0.0,15.8,-999
115052,RINCON_DE_LA_CRUZ,2014,06,21,0.0,15.6,3.8
115052,RINCON_DE_LA_CRUZ,2014,06,22,0.0,15.0,0.0
115052,RINCON_DE_LA_CRUZ,2014,06,23,0.0,16.6,-0.2
115052,RINCON_DE_LA_CRUZ,2014,06,24,0.0,15.8,5.2
115052,RINCON_DE_LA_CRUZ,2014,06,25,0.0,14.8,0.8
115052,RINCON_DE_LA_CRUZ,2014,06,26,0.0,17.0,4.0
115052,RINCON_DE_LA_CRUZ,2014,06,27,0.0,15.4,-0.2
115052,RINCON_DE_LA_CRUZ,2014,06,28,0.0,15.2,-1.0
115052,RINCON_DE_LA_CRUZ,2014,06,29,0.0,15.4,-2.4
115052,RINCON_DE_LA_CRUZ,2014,06,30,0.0,-999,2.2
115052,RINCON_DE_LA_CRUZ,2014,07,01,0.0,15.4,-1.4
115052,RINCON_DE_LA_CRUZ,2014,07,02,0.0,15.8,0.0
115052,RINCON_DE_LA_CRUZ,2014,07,03,0.0,15.0,-0.2
115052,RINCON_DE_LA_CRUZ,2014,07,04,0.0,15.4,-0.2
115052,RINCON_DE_LA_CRUZ,2014,07,05,0.0,16.8,-1.4
115052,RINCON_DE_LA_CRUZ,2014,07,06,0.0,15.2,-4.2
115052,RINCON_DE_LA_CRUZ,2014,07,07,0.0,15.4,-3.0
115052,RINCON_DE_LA_CRUZ,2014,07,08,0.0,15.4,-2.0
115052,RINCON_DE_LA_CRUZ,2014,07,09,0.0,16.0,-2.4
115052,RINCON_DE_LA_CRUZ,2014,07,10,0.0,15.2,-2.4
115052,RINCON_DE_LA_CRUZ,2014,07,11,0.0,15.0,0.4
115052,RINCON_DE_LA_CRUZ,2014,07,12,0.0,15.6,-1.2
115052,RINCON_DE_LA_CRUZ,2014,07,13,0.0,14.6,2.0
115052,RINCON_DE_LA_CRUZ,2014,07,14,0.0,14.6,-2.6
115052,RINCON_DE_LA_CRUZ,2014,07,15,0.0,15.2,-0.8
115052,RINCON_DE_LA_CRUZ,2014,07,16,0.0,13.4,-0.6
115052,RINCON_DE_LA_CRUZ,2014,07,17,0.0,14.4,-1.2
115052,RINCON_DE_LA_CRUZ,2014,07,18,0.0,13.0,-1.8
115052,RINCON_DE_LA_CRUZ,2014,07,19,0.0,11.8,-0.8
115052,RINCON_DE_LA_CRUZ,2014,07,20,2.2,11.4,3.0
115052,RINCON_DE_LA_CRUZ,2014,07,21,0.0,13.2,-1.6
115052,RINCON_DE_LA_CRUZ,2014,07,22,0.0,13.4,-3.4
115052,RINCON_DE_LA_CRUZ,2014,07,23,0.0,14.6,-1.6
115052,RINCON_DE_LA_CRUZ,2014,07,24,0.0,13.6,-4.2
115052,RINCON_DE_LA_CRUZ,2014,07,25,0.0,15.2,0.6
115052,RINCON_DE_LA_CRUZ,2014,07,26,0.0,15.0,-2.6
115052,RINCON_DE_LA_CRUZ,2014,07,27,0.0,15.2,-2.8
115052,RINCON_DE_LA_CRUZ,2014,07,28,0.0,15.0,-6.2
115052,RINCON_DE_LA_CRUZ,2014,07,29,0.0,13.8,-1.4
115052,RINCON_DE_LA_CRUZ,2014,07,30,0.0,14.4,-0.6
115052,RINCON_DE_LA_CRUZ,2014,07,31,0.0,13.6,0.0
115052,RINCON_DE_LA_CRUZ,2014,08,01,0.0,15.2,-999
115052,RINCON_DE_LA_CRUZ,2014,08,02,0.0,15.4,-1.8
115052,RINCON_DE_LA_CRUZ,2014,08,03,0.0,15.2,-3.4
115052,RINCON_DE_LA_CRUZ,2014,08,04,0.0,16.4,-1.4
115052,RINCON_DE_LA_CRUZ,2014,08,05,0.0,14.4,-0.6
115052,RINCON_DE_LA_CRUZ,2014,08,06,0.0,14.8,-3.2
115052,RINCON_DE_LA_CRUZ,2014,08,07,1.8,14.8,-0.2
115052,RINCON_DE_LA_CRUZ,2014,08,08,3.4,13.8,2.4
115052,RINCON_DE_LA_CRUZ,2014,08,09,0.0,14.4,2.0
115052,RINCON_DE_LA_CRUZ,2014,08,10,0.0,14.2,1.8
115052,RINCON_DE_LA_CRUZ,2014,08,11,0.0,14.6,1.0
115052,RINCON_DE_LA_CRUZ,2014,08,12,0.0,15.2,1.0
115052,RINCON_DE_LA_CRUZ,2014,08,13,0.0,15.0,-0.2
115052,RINCON_DE_LA_CRUZ,2014,08,14,-888,14.4,-0.4
115052,RINCON_DE_LA_CRUZ,2014,08,15,9.8,12.4,1.4
115052,RINCON_DE_LA_CRUZ,2014,08,16,0.0,13.2,2.0
115052,RINCON_DE_LA_CRUZ,2014,08,17,0.0,14.2,-1.2
115052,RINCON_DE_LA_CRUZ,2014,08,18,0.0,12.6,2.2
115052,RINCON_DE_LA_CRUZ,2014,08,19,0.0,12.8,2.4
115052,RINCON_DE_LA_CRUZ,2014,08,20,0.0,13.6,1.6
115052,RINCON_DE_LA_CRUZ,2014,08,21,0.0,15.0,-0.2
115052,RINCON_DE_LA_CRUZ,2014,08,22,0.0,15.2,1.4
115052,RINCON_DE_LA_CRUZ,2014,08,23,0.0,15.4,0.2
115052,RINCON_DE_LA_CRUZ,2014,08,24,0.0,14.8,-2.0
115052,RINCON_DE_LA_CRUZ,2014,08,25,-888,14.6,-1.8
115052,RINCON_DE_LA_CRUZ,2014,08,26,0.0,14.6,3.2
115052,RINCON_DE_LA_CRUZ,2014,08,27,0.0,14.4,1.2
115052,RINCON_DE_LA_CRUZ,2014,08,28,0.0,15.2,-2.4
115052,RINCON_DE_LA_CRUZ,2014,08,29,4.0,15.0,4.0
115052,RINCON_DE_LA_CRUZ,2014,08,30,3.4,14.0,3.2
115052,RINCON_DE_LA_CRUZ,2014,08,31,17.7,12.4,3.0
115052,RINCON_DE_LA_CRUZ,2014,09,01,0.8,13.4,3.0
115052,RINCON_DE_LA_CRUZ,2014,09,02,-888,14.6,1.0
115052,RINCON_DE_LA_CRUZ,2014,09,03,0.0,14.0,1.2
115052,RINCON_DE_LA_CRUZ,2014,09,04,2.7,12.4,1.8
115052,RINCON_DE_LA_CRUZ,2014,09,05,4.4,13.0,3.0
115052,RINCON_DE_LA_CRUZ,2014,09,06,0.0,12.4,2.8
115052,RINCON_DE_LA_CRUZ,2014,09,07,0.0,14.2,3.4
115052,RINCON_DE_LA_CRUZ,2014,09,08,0.0,14.8,5.8
115052,RINCON_DE_LA_CRUZ,2014,09,09,0.0,15.8,2.0
115052,RINCON_DE_LA_CRUZ,2014,09,10,0.0,16.6,1.8
115052,RINCON_DE_LA_CRUZ,2014,09,11,1.4,16.8,1.6
115052,RINCON_DE_LA_CRUZ,2014,09,12,16.2,15.6,3.6
115052,RINCON_DE_LA_CRUZ,2014,09,13,1.0,12.4,3.8
115052,RINCON_DE_LA_CRUZ,2014,09,14,0.0,14.4,2.8
115052,RINCON_DE_LA_CRUZ,2014,09,15,0.0,15.0,3.6
115052,RINCON_DE_LA_CRUZ,2014,09,16,0.0,16.4,2.0
115052,RINCON_DE_LA_CRUZ,2014,09,17,0.0,16.4,1.6
115052,RINCON_DE_LA_CRUZ,2014,09,18,5.4,12.6,5.6
115052,RINCON_DE_LA_CRUZ,2014,09,19,0.0,15.0,3.2
115052,RINCON_DE_LA_CRUZ,2014,09,20,0.0,14.8,2.0
115052,RINCON_DE_LA_CRUZ,2014,09,21,-888,15.0,4.4
115052,RINCON_DE_LA_CRUZ,2014,09,22,0.5,14.8,1.4
115052,RINCON_DE_LA_CRUZ,2014,09,23,0.0,16.8,4.2
115052,RINCON_DE_LA_CRUZ,2014,09,24,0.0,16.4,6.4
115052,RINCON_DE_LA_CRUZ,2014,09,25,0.0,15.6,3.4
115052,RINCON_DE_LA_CRUZ,2014,09,26,0.8,16.4,4.6
115052,RINCON_DE_LA_CRUZ,2014,09,27,19.8,16.4,3.4
115052,RINCON_DE_LA_CRUZ,2014,09,28,13.3,15.8,2.8
115052,RINCON_DE_LA_CRUZ,2014,09,29,6.5,14.8,2.8
115052,RINCON_DE_LA_CRUZ,2014,09,30,0.0,13.8,1.8
115052,RINCON_DE_LA_CRUZ,2014,10,01,0.0,14.2,2.8
115052,RINCON_DE_LA_CRUZ,2014,10,02,3.8,13.8,3.8
115052,RINCON_DE_LA_CRUZ,2014,10,03,0.0,13.6,-999
115052,RINCON_DE_LA_CRUZ,2014,10,04,0.0,14.4,3.2
115052,RINCON_DE_LA_CRUZ,2014,10,05,0.0,15.0,3.0
115052,RINCON_DE_LA_CRUZ,2014,10,06,1.7,16.0,5.6
115052,RINCON_DE_LA_CRUZ,2014,10,07,6.2,14.4,5.0
115052,RINCON_DE_LA_CRUZ,2014,10,08,4.6,15.6,4.0
115052,RINCON_DE_LA_CRUZ,2014,10,09,0.0,16.0,5.6
115052,RINCON_DE_LA_CRUZ,2014,10,10,0.0,16.6,2.6
115052,RINCON_DE_LA_CRUZ,2014,10,11,0.0,-999,3.0
115052,RINCON_DE_LA_CRUZ,2014,10,12,0.0,-999,3.6
115052,RINCON_DE_LA_CRUZ,2014,10,13,0.0,-999,3.0
115052,RINCON_DE_LA_CRUZ,2014,10,14,0.0,15.2,3.6
115052,RINCON_DE_LA_CRUZ,2014,10,15,0.0,15.4,1.8
115052,RINCON_DE_LA_CRUZ,2014,10,16,0.0,17.0,2.4
115052,RINCON_DE_LA_CRUZ,2014,10,17,0.0,16.6,1.0
115052,RINCON_DE_LA_CRUZ,2014,10,18,2.8,16.8,1.4
115052,RINCON_DE_LA_CRUZ,2014,10,19,-888,15.8,5.0
115052,RINCON_DE_LA_CRUZ,2014,10,20,38.5,14.2,-999
115052,RINCON_DE_LA_CRUZ,2014,10,21,3.4,11.2,1.2
115052,RINCON_DE_LA_CRUZ,2014,10,22,0.0,13.0,3.8
115052,RINCON_DE_LA_CRUZ,2014,10,23,0.0,16.4,2.6
115052,RINCON_DE_LA_CRUZ,2014,10,24,1.2,15.6,5.2
115052,RINCON_DE_LA_CRUZ,2014,10,25,0.0,15.2,3.6
115052,RINCON_DE_LA_CRUZ,2014,10,26,0.0,15.4,4.4
115052,RINCON_DE_LA_CRUZ,2014,10,27,0.0,16.6,1.6
115052,RINCON_DE_LA_CRUZ,2014,10,28,0.0,17.2,6.4
115052,RINCON_DE_LA_CRUZ,2014,10,29,0.0,16.6,4.2
115052,RINCON_DE_LA_CRUZ,2014,10,30,0.0,18.4,2.8
115052,RINCON_DE_LA_CRUZ,2014,10,31,0.0,17.4,2.0
115052,RINCON_DE_LA_CRUZ,2014,11,01,0.8,17.2,4.6
115052,RINCON_DE_LA_CRUZ,2014,11,02,0.0,15.6,5.4
115052,RINCON_DE_LA_CRUZ,2014,11,03,0.0,17.6,4.4
115052,RINCON_DE_LA_CRUZ,2014,11,04,0.0,18.4,4.4
115052,RINCON_DE_LA_CRUZ,2014,11,05,0.0,18.8,6.4
115052,RINCON_DE_LA_CRUZ,2014,11,06,0.0,18.4,4.0
115052,RINCON_DE_LA_CRUZ,2014,11,07,0.0,19.4,2.4
115052,RINCON_DE_LA_CRUZ,2014,11,08,0.0,19.0,3.0
115052,RINCON_DE_LA_CRUZ,2014,11,09,0.0,18.4,3.4
115052,RINCON_DE_LA_CRUZ,2014,11,10,0.8,16.6,5.0
115052,RINCON_DE_LA_CRUZ,2014,11,11,0.0,19.2,2.8
115052,RINCON_DE_LA_CRUZ,2014,11,12,0.0,18.4,4.0
115052,RINCON_DE_LA_CRUZ,2014,11,13,-888,16.2,5.2
115052,RINCON_DE_LA_CRUZ,2014,11,14,0.0,15.0,5.8
115052,RINCON_DE_LA_CRUZ,2014,11,15,6.2,14.8,4.4
115052,RINCON_DE_LA_CRUZ,2014,11,16,6.5,16.8,5.4
115052,RINCON_DE_LA_CRUZ,2014,11,17,1.4,15.2,3.8
115052,RINCON_DE_LA_CRUZ,2014,11,18,0.0,17.2,4.0
115052,RINCON_DE_LA_CRUZ,2014,11,19,0.0,16.4,0.0
115052,RINCON_DE_LA_CRUZ,2014,11,20,0.0,16.0,3.4
115052,RINCON_DE_LA_CRUZ,2014,11,21,0.0,16.6,4.6
115052,RINCON_DE_LA_CRUZ,2014,11,22,0.0,16.2,5.8
115052,RINCON_DE_LA_CRUZ,2014,11,23,0.0,16.6,3.8
115052,RINCON_DE_LA_CRUZ,2014,11,24,0.0,18.6,5.4
115052,RINCON_DE_LA_CRUZ,2014,11,25,0.0,18.2,5.2
115052,RINCON_DE_LA_CRUZ,2014,11,26,0.0,18.0,2.6
115052,RINCON_DE_LA_CRUZ,2014,11,27,0.0,17.2,6.8
115052,RINCON_DE_LA_CRUZ,2014,11,28,0.8,14.8,6.6
115052,RINCON_DE_LA_CRUZ,2014,11,29,5.7,17.8,5.6
115052,RINCON_DE_LA_CRUZ,2014,11,30,1.0,18.0,1.8
115052,RINCON_DE_LA_CRUZ,2014,12,01,0.0,16.6,6.8
115052,RINCON_DE_LA_CRUZ,2014,12,02,-888,18.8,3.2
115052,RINCON_DE_LA_CRUZ,2014,12,03,0.0,17.8,7.2
115052,RINCON_DE_LA_CRUZ,2014,12,04,0.0,16.6,5.0
115052,RINCON_DE_LA_CRUZ,2014,12,05,0.0,17.2,3.0
115052,RINCON_DE_LA_CRUZ,2014,12,06,0.0,18.4,4.0
115052,RINCON_DE_LA_CRUZ,2014,12,07,0.0,19.6,4.2
115052,RINCON_DE_LA_CRUZ,2014,12,08,0.0,16.4,3.6
115052,RINCON_DE_LA_CRUZ,2014,12,09,0.0,19.0,6.2
115052,RINCON_DE_LA_CRUZ,2014,12,10,0.0,19.0,6.2
115052,RINCON_DE_LA_CRUZ,2014,12,11,0.0,14.4,5.2
115052,RINCON_DE_LA_CRUZ,2014,12,12,0.0,18.2,5.0
115052,RINCON_DE_LA_CRUZ,2014,12,13,0.0,19.4,7.0
115052,RINCON_DE_LA_CRUZ,2014,12,14,12.2,14.2,4.4
115052,RINCON_DE_LA_CRUZ,2014,12,15,14.3,15.8,3.8
115052,RINCON_DE_LA_CRUZ,2014,12,16,3.4,16.4,6.4
115052,RINCON_DE_LA_CRUZ,2014,12,17,-888,14.0,5.4
115052,RINCON_DE_LA_CRUZ,2014,12,18,17.9,16.0,-999
115052,RINCON_DE_LA_CRUZ,2014,12,19,2.0,15.6,5.0
115052,RINCON_DE_LA_CRUZ,2014,12,20,0.5,17.8,6.4
115052,RINCON_DE_LA_CRUZ,2014,12,21,0.0,16.6,2.8
115052,RINCON_DE_LA_CRUZ,2014,12,22,0.8,17.4,4.0
115052,RINCON_DE_LA_CRUZ,2014,12,23,0.0,13.4,5.4
115052,RINCON_DE_LA_CRUZ,2014,12,24,3.0,17.2,4.4
115052,RINCON_DE_LA_CRUZ,2014,12,25,0.5,18.4,4.0
115052,RINCON_DE_LA_CRUZ,2014,12,26,0.0,18.4,5.8
115052,RINCON_DE_LA_CRUZ,2014,12,27,7.0,17.2,4.6
115052,RINCON_DE_LA_CRUZ,2014,12,28,25.7,15.2,6.6
115052,RINCON_DE_LA_CRUZ,2014,12,29,3.5,14.6,3.2
115052,RINCON_DE_LA_CRUZ,2014,12,30,2.4,16.8,5.8
115052,RINCON_DE_LA_CRUZ,2014,12,31,0.0,16.6,3.4
115052,RINCON_DE_LA_CRUZ,2015,01,01,0.0,17.2,5.6
115052,RINCON_DE_LA_CRUZ,2015,01,02,29.5,15.2,4.8
115052,RINCON_DE_LA_CRUZ,2015,01,03,1.6,14.8,2.4
115052,RINCON_DE_LA_CRUZ,2015,01,04,3.2,13.8,5.8
115052,RINCON_DE_LA_CRUZ,2015,01,05,2.2,14.4,5.8
115052,RINCON_DE_LA_CRUZ,2015,01,06,9.0,16.0,3.6
115052,RINCON_DE_LA_CRUZ,2015,01,07,0.0,15.4,4.2
115052,RINCON_DE_LA_CRUZ,2015,01,08,0.6,14.2,6.2
115052,RINCON_DE_LA_CRUZ,2015,01,09,0.0,15.2,5.8
115052,RINCON_DE_LA_CRUZ,2015,01,10,13.3,15.2,-999
115052,RINCON_DE_LA_CRUZ,2015,01,11,1.0,14.0,5.0
115052,RINCON_DE_LA_CRUZ,2015,01,12,8.2,14.4,5.2
115052,RINCON_DE_LA_CRUZ,2015,01,13,-888,11.8,4.8
115052,RINCON_DE_LA_CRUZ,2015,01,14,0.0,14.8,1.6
115052,RINCON_DE_LA_CRUZ,2015,01,15,0.0,16.0,2.0
115052,RINCON_DE_LA_CRUZ,2015,01,16,0.0,14.6,5.8
115052,RINCON_DE_LA_CRUZ,2015,01,17,0.0,15.0,4.0
115052,RINCON_DE_LA_CRUZ,2015,01,18,2.2,13.8,5.0
115052,RINCON_DE_LA_CRUZ,2015,01,19,9.0,15.2,3.4
115052,RINCON_DE_LA_CRUZ,2015,01,20,6.2,10.8,5.0
115052,RINCON_DE_LA_CRUZ,2015,01,21,7.8,14.0,6.2
115052,RINCON_DE_LA_CRUZ,2015,01,22,12.5,14.2,6.0
115052,RINCON_DE_LA_CRUZ,2015,01,23,13.0,14.6,5.4
115052,RINCON_DE_LA_CRUZ,2015,01,24,0.0,15.2,4.8
115052,RINCON_DE_LA_CRUZ,2015,01,25,27.0,11.8,4.8
115052,RINCON_DE_LA_CRUZ,2015,01,26,4.6,14.4,3.4
115052,RINCON_DE_LA_CRUZ,2015,01,27,0.0,16.6,4.2
115052,RINCON_DE_LA_CRUZ,2015,01,28,0.0,16.6,4.0
115052,RINCON_DE_LA_CRUZ,2015,01,29,8.8,15.0,7.2
115052,RINCON_DE_LA_CRUZ,2015,01,30,0.8,13.4,5.6
115052,RINCON_DE_LA_CRUZ,2015,01,31,0.8,13.2,4.0
115052,RINCON_DE_LA_CRUZ,2015,02,01,0.0,15.8,4.4
115052,RINCON_DE_LA_CRUZ,2015,02,02,0.0,14.4,4.8
115052,RINCON_DE_LA_CRUZ,2015,02,03,0.0,16.0,4.0
115052,RINCON_DE_LA_CRUZ,2015,02,04,0.0,16.6,0.4
115052,RINCON_DE_LA_CRUZ,2015,02,05,14.5,16.2,1.2
115052,RINCON_DE_LA_CRUZ,2015,02,06,9.7,15.4,5.0
115052,RINCON_DE_LA_CRUZ,2015,02,07,21.2,16.4,5.2
115052,RINCON_DE_LA_CRUZ,2015,02,08,3.8,16.0,5.2
115052,RINCON_DE_LA_CRUZ,2015,02,09,30.5,15.0,4.8
115052,RINCON_DE_LA_CRUZ,2015,02,10,0.0,16.2,3.8
115052,RINCON_DE_LA_CRUZ,2015,02,11,29.8,13.4,5.4
115052,RINCON_DE_LA_CRUZ,2015,02,12,6.8,13.6,4.4
115052,RINCON_DE_LA_CRUZ,2015,02,13,0.0,16.2,6.4
115052,RINCON_DE_LA_CRUZ,2015,02,14,5.6,15.6,6.2
115052,RINCON_DE_LA_CRUZ,2015,02,15,11.4,14.6,6.0
115052,RINCON_DE_LA_CRUZ,2015,02,16,0.0,17.2,5.8
115052,RINCON_DE_LA_CRUZ,2015,02,17,2.0,16.8,6.4
115052,RINCON_DE_LA_CRUZ,2015,02,18,0.0,16.0,6.2
115052,RINCON_DE_LA_CRUZ,2015,02,19,0.0,15.2,1.4
115052,RINCON_DE_LA_CRUZ,2015,02,20,5.0,15.4,4.2
115052,RINCON_DE_LA_CRUZ,2015,02,21,3.5,14.4,6.0
115052,RINCON_DE_LA_CRUZ,2015,02,22,4.2,15.8,4.6
115052,RINCON_DE_LA_CRUZ,2015,02,23,20.5,13.0,6.6
115052,RINCON_DE_LA_CRUZ,2015,02,24,1.8,14.0,5.6
115052,RINCON_DE_LA_CRUZ,2015,02,25,0.0,16.0,6.4
115052,RINCON_DE_LA_CRUZ,2015,02,26,0.0,15.4,5.4
115052,RINCON_DE_LA_CRUZ,2015,02,27,3.2,14.4,-999
115052,RINCON_DE_LA_CRUZ,2015,02,28,6.5,14.6,2.2
115052,RINCON_DE_LA_CRUZ,2015,03,01,10.0,15.2,7.0
115052,RINCON_DE_LA_CRUZ,2015,03,02,7.0,15.4,5.8
115052,RINCON_DE_LA_CRUZ,2015,03,03,5.5,16.4,5.6
115052,RINCON_DE_LA_CRUZ,2015,03,04,14.0,15.2,5.8
115052,RINCON_DE_LA_CRUZ,2015,03,05,23.3,13.2,5.4
115052,RINCON_DE_LA_CRUZ,2015,03,06,39.0,14.4,4.4
115052,RINCON_DE_LA_CRUZ,2015,03,07,2.5,14.0,4.4
115052,RINCON_DE_LA_CRUZ,2015,03,08,12.4,14.8,6.6
115052,RINCON_DE_LA_CRUZ,2015,03,09,0.5,15.2,6.2
115052,RINCON_DE_LA_CRUZ,2015,03,10,-888,15.2,7.0
115052,RINCON_DE_LA_CRUZ,2015,03,11,5.9,16.2,7.0
115052,RINCON_DE_LA_CRUZ,2015,03,12,4.0,16.2,6.8
115052,RINCON_DE_LA_CRUZ,2015,03,13,-888,16.8,5.2
115052,RINCON_DE_LA_CRUZ,2015,03,14,12.5,14.2,4.6
115052,RINCON_DE_LA_CRUZ,2015,03,15,0.0,14.6,5.6
115052,RINCON_DE_LA_CRUZ,2015,03,16,5.8,14.4,-999
115052,RINCON_DE_LA_CRUZ,2015,03,17,4.8,15.2,5.4
115052,RINCON_DE_LA_CRUZ,2015,03,18,3.8,13.4,5.0
115052,RINCON_DE_LA_CRUZ,2015,03,19,4.5,14.0,6.2
115052,RINCON_DE_LA_CRUZ,2015,03,20,15.5,12.0,4.6
115052,RINCON_DE_LA_CRUZ,2015,03,21,6.2,13.2,-999
115052,RINCON_DE_LA_CRUZ,2015,03,22,2.6,14.4,5.4
115052,RINCON_DE_LA_CRUZ,2015,03,23,0.0,14.0,6.0
115052,RINCON_DE_LA_CRUZ,2015,03,24,0.0,13.6,3.0
115052,RINCON_DE_LA_CRUZ,2015,03,25,8.8,12.4,5.8
115052,RINCON_DE_LA_CRUZ,2015,03,26,1.0,13.6,5.2
115052,RINCON_DE_LA_CRUZ,2015,03,27,3.8,16.0,3.4
115052,RINCON_DE_LA_CRUZ,2015,03,28,0.0,14.2,3.8
115052,RINCON_DE_LA_CRUZ,2015,03,29,0.0,15.8,1.6
115052,RINCON_DE_LA_CRUZ,2015,03,30,0.0,14.4,3.4
115052,RINCON_DE_LA_CRUZ,2015,03,31,2.6,14.4,1.8
115052,RINCON_DE_LA_CRUZ,2015,04,01,6.2,13.2,4.8
115052,RINCON_DE_LA_CRUZ,2015,04,02,0.0,14.4,5.4
115052,RINCON_DE_LA_CRUZ,2015,04,03,0.0,15.4,3.8
115052,RINCON_DE_LA_CRUZ,2015,04,04,0.0,16.4,3.0
115052,RINCON_DE_LA_CRUZ,2015,04,05,0.8,15.6,4.2
115052,RINCON_DE_LA_CRUZ,2015,04,06,3.0,11.4,5.2
115052,RINCON_DE_LA_CRUZ,2015,04,07,0.0,14.0,4.6
115052,RINCON_DE_LA_CRUZ,2015,04,08,5.6,11.6,-999
115052,RINCON_DE_LA_CRUZ,2015,04,09,0.8,12.8,4.4
115052,RINCON_DE_LA_CRUZ,2015,04,10,9.6,11.6,5.0
115052,RINCON_DE_LA_CRUZ,2015,04,11,5.4,12.0,3.2
115052,RINCON_DE_LA_CRUZ,2015,04,12,0.8,12.8,4.4
115052,RINCON_DE_LA_CRUZ,2015,04,13,6.0,13.6,4.6
115052,RINCON_DE_LA_CRUZ,2015,04,14,0.0,13.8,4.0
115052,RINCON_DE_LA_CRUZ,2015,04,15,4.7,14.4,3.6
115052,RINCON_DE_LA_CRUZ,2015,04,16,0.0,13.8,3.6
115052,RINCON_DE_LA_CRUZ,2015,04,17,0.0,13.0,4.0
115052,RINCON_DE_LA_CRUZ,2015,04,18,5.0,14.2,5.6
115052,RINCON_DE_LA_CRUZ,2015,04,19,1.4,14.2,4.8
115052,RINCON_DE_LA_CRUZ,2015,04,20,8.0,16.0,3.4
115052,RINCON_DE_LA_CRUZ,2015,04,21,6.5,14.2,2.4
115052,RINCON_DE_LA_CRUZ,2015,04,22,43.5,14.2,4.8
115052,RINCON_DE_LA_CRUZ,2015,04,23,18.8,13.4,3.8
115052,RINCON_DE_LA_CRUZ,2015,04,24,7.2,15.0,3.6
115052,RINCON_DE_LA_CRUZ,2015,04,25,0.0,14.4,4.6
115052,RINCON_DE_LA_CRUZ,2015,04,26,0.0,14.4,5.8
115052,RINCON_DE_LA_CRUZ,2015,04,27,0.0,15.4,6.0
115052,RINCON_DE_LA_CRUZ,2015,04,28,0.0,12.0,5.6
115052,RINCON_DE_LA_CRUZ,2015,04,29,0.0,13.8,4.8
115052,RINCON_DE_LA_CRUZ,2015,04,30,0.0,14.8,3.2
115052,RINCON_DE_LA_CRUZ,2015,05,01,0.0,14.2,3.6
115052,RINCON_DE_LA_CRUZ,2015,05,02,0.0,15.8,1.8
115052,RINCON_DE_LA_CRUZ,2015,05,03,0.0,13.8,3.4
115052,RINCON_DE_LA_CRUZ,2015,05,04,0.0,14.4,1.4
115052,RINCON_DE_LA_CRUZ,2015,05,05,0.0,14.4,3.0
115052,RINCON_DE_LA_CRUZ,2015,05,06,0.0,14.8,1.2
115052,RINCON_DE_LA_CRUZ,2015,05,07,0.0,12.6,4.2
115052,RINCON_DE_LA_CRUZ,2015,05,08,0.0,15.0,2.2
115052,RINCON_DE_LA_CRUZ,2015,05,09,0.0,14.2,3.8
115052,RINCON_DE_LA_CRUZ,2015,05,10,0.0,15.6,0.8
115052,RINCON_DE_LA_CRUZ,2015,05,11,3.5,14.6,2.2
115052,RINCON_DE_LA_CRUZ,2015,05,12,0.0,14.8,0.8
115052,RINCON_DE_LA_CRUZ,2015,05,13,0.0,15.8,2.2
115052,RINCON_DE_LA_CRUZ,2015,05,14,0.0,13.2,1.6
115052,RINCON_DE_LA_CRUZ,2015,05,15,0.0,10.8,-1.2
115052,RINCON_DE_LA_CRUZ,2015,05,16,-999,10.6,1.6
115052,RINCON_DE_LA_CRUZ,2015,05,17,-999,13.0,1.4
115052,RINCON_DE_LA_CRUZ,2015,05,18,0.0,15.0,1.2
115052,RINCON_DE_LA_CRUZ,2015,05,19,1.0,14.4,0.2
115052,RINCON_DE_LA_CRUZ,2015,05,20,0.0,14.2,1.2
115052,RINCON_DE_LA_CRUZ,2015,05,21,0.0,14.6,-0.4
115052,RINCON_DE_LA_CRUZ,2015,05,22,0.0,14.4,-1.2
115052,RINCON_DE_LA_CRUZ,2015,05,23,0.0,13.6,1.8
115052,RINCON_DE_LA_CRUZ,2015,05,24,0.0,14.4,1.8
115052,RINCON_DE_LA_CRUZ,2015,05,25,0.5,13.2,1.6
115052,RINCON_DE_LA_CRUZ,2015,05,26,0.0,13.6,1.8
115052,RINCON_DE_LA_CRUZ,2015,05,27,0.0,16.0,1.6
115052,RINCON_DE_LA_CRUZ,2015,05,28,0.0,14.4,-1.0
115052,RINCON_DE_LA_CRUZ,2015,05,29,0.0,14.8,0.8
115052,RINCON_DE_LA_CRUZ,2015,05,30,0.0,14.2,-0.4
115052,RINCON_DE_LA_CRUZ,2015,05,31,0.0,16.0,0.4
115052,RINCON_DE_LA_CRUZ,2015,06,01,0.0,14.6,3.0
115052,RINCON_DE_LA_CRUZ,2015,06,02,0.0,14.8,5.8
115052,RINCON_DE_LA_CRUZ,2015,06,03,0.0,14.2,1.8
115052,RINCON_DE_LA_CRUZ,2015,06,04,0.0,14.4,3.4
115052,RINCON_DE_LA_CRUZ,2015,06,05,0.0,14.0,3.0
115052,RINCON_DE_LA_CRUZ,2015,06,06,0.0,15.8,0.0
115052,RINCON_DE_LA_CRUZ,2015,06,07,0.0,15.8,-2.4
115052,RINCON_DE_LA_CRUZ,2015,06,08,0.0,13.6,-2.8
115052,RINCON_DE_LA_CRUZ,2015,06,09,0.0,14.2,-1.6
115052,RINCON_DE_LA_CRUZ,2015,06,10,0.0,15.2,1.4
115052,RINCON_DE_LA_CRUZ,2015,06,11,0.0,14.0,-0.8
115052,RINCON_DE_LA_CRUZ,2015,06,12,0.0,14.8,-1.4
115052,RINCON_DE_LA_CRUZ,2015,06,13,0.0,13.2,-0.2
115052,RINCON_DE_LA_CRUZ,2015,06,14,0.0,14.6,-1.2
115052,RINCON_DE_LA_CRUZ,2015,06,15,0.0,15.6,-3.0
115052,RINCON_DE_LA_CRUZ,2015,06,16,0.0,16.2,0.4
115052,RINCON_DE_LA_CRUZ,2015,06,17,0.0,14.8,1.2
115052,RINCON_DE_LA_CRUZ,2015,06,18,0.0,13.4,0.2
115052,RINCON_DE_LA_CRUZ,2015,06,19,0.0,14.2,1.8
115052,RINCON_DE_LA_CRUZ,2015,06,20,0.0,14.6,0.2
115052,RINCON_DE_LA_CRUZ,2015,06,21,0.0,14.4,0.6
115052,RINCON_DE_LA_CRUZ,2015,06,22,0.0,14.2,-1.6
115052,RINCON_DE_LA_CRUZ,2015,06,23,0.0,15.4,-0.6
115052,RINCON_DE_LA_CRUZ,2015,06,24,0.0,14.8,-1.0
115052,RINCON_DE_LA_CRUZ,2015,06,25,0.0,15.8,-0.6
115052,RINCON_DE_LA_CRUZ,2015,06,26,0.0,16.4,0.6
115052,RINCON_DE_LA_CRUZ,2015,06,27,0.0,15.4,0.2
115052,RINCON_DE_LA_CRUZ,2015,06,28,0.0,14.4,-1.8
115052,RINCON_DE_LA_CRUZ,2015,06,29,0.0,14.6,-1.8
115052,RINCON_DE_LA_CRUZ,2015,06,30,0.0,13.4,-2.0
115052,RINCON_DE_LA_CRUZ,2015,07,01,0.0,14.0,-2.4
115052,RINCON_DE_LA_CRUZ,2015,07,02,0.0,15.2,-2.4
115052,RINCON_DE_LA_CRUZ,2015,07,03,2.8,14.6,2.2
115052,RINCON_DE_LA_CRUZ,2015,07,04,0.0,10.0,3.0
115052,RINCON_DE_LA_CRUZ,2015,07,05,0.0,11.4,0.4
115052,RINCON_DE_LA_CRUZ,2015,07,06,0.0,13.2,-3.0
115052,RINCON_DE_LA_CRUZ,2015,07,07,0.0,14.2,-3.8
115052,RINCON_DE_LA_CRUZ,2015,07,08,0.0,14.0,-5.8
115052,RINCON_DE_LA_CRUZ,2015,07,09,0.0,13.6,-7.4
115052,RINCON_DE_LA_CRUZ,2015,07,10,0.0,14.4,-6.2
115052,RINCON_DE_LA_CRUZ,2015,07,11,0.0,14.4,-4.2
115052,RINCON_DE_LA_CRUZ,2015,07,12,0.0,14.8,-5.4
115052,RINCON_DE_LA_CRUZ,2015,07,13,0.0,17.4,-1.6
115052,RINCON_DE_LA_CRUZ,2015,07,14,0.0,17.4,-0.8
115052,RINCON_DE_LA_CRUZ,2015,07,15,0.0,12.6,4.6
115052,RINCON_DE_LA_CRUZ,2015,07,16,0.0,15.4,-2.4
115052,RINCON_DE_LA_CRUZ,2015,07,17,0.0,14.0,-3.0
115052,RINCON_DE_LA_CRUZ,2015,07,18,0.0,14.2,-2.4
115052,RINCON_DE_LA_CRUZ,2015,07,19,0.0,13.6,0.6
115052,RINCON_DE_LA_CRUZ,2015,07,20,0.0,13.2,-3.0
115052,RINCON_DE_LA_CRUZ,2015,07,21,0.0,14.0,-0.8
115052,RINCON_DE_LA_CRUZ,2015,07,22,0.0,15.0,-1.2
115052,RINCON_DE_LA_CRUZ,2015,07,23,0.0,17.0,-1.0
115052,RINCON_DE_LA_CRUZ,2015,07,24,0.0,16.2,1.6
115052,RINCON_DE_LA_CRUZ,2015,07,25,0.0,15.6,0.6
115052,RINCON_DE_LA_CRUZ,2015,07,26,0.0,16.2,-0.4
115052,RINCON_DE_LA_CRUZ,2015,07,27,0.0,15.8,1.2
115052,RINCON_DE_LA_CRUZ,2015,07,28,0.0,16.0,0.0
115052,RINCON_DE_LA_CRUZ,2015,07,29,0.0,14.6,-0.6
115052,RINCON_DE_LA_CRUZ,2015,07,30,0.0,14.6,-2.2
115052,RINCON_DE_LA_CRUZ,2015,07,31,0.0,-999,-1.8
115052,RINCON_DE_LA_CRUZ,2015,08,01,0.0,-999,-1.2
115052,RINCON_DE_LA_CRUZ,2015,08,02,0.0,-999,-1.4
115052,RINCON_DE_LA_CRUZ,2015,08,03,0.0,16.6,-0.2
115052,RINCON_DE_LA_CRUZ,2015,08,04,0.0,16.4,1.2
115052,RINCON_DE_LA_CRUZ,2015,08,05,0.0,15.6,-0.2
115052,RINCON_DE_LA_CRUZ,2015,08,06,0.0,15.4,0.6
115052,RINCON_DE_LA_CRUZ,2015,08,07,0.0,16.4,-0.8
115052,RINCON_DE_LA_CRUZ,2015,08,08,-888,16.6,-1.0
115052,RINCON_DE_LA_CRUZ,2015,08,09,0.0,15.8,2.6
115052,RINCON_DE_LA_CRUZ,2015,08,10,0.0,13.2,-7.0
115052,RINCON_DE_LA_CRUZ,2015,08,11,5.5,13.2,-1.4
115052,RINCON_DE_LA_CRUZ,2015,08,12,3.5,12.6,0.8
115052,RINCON_DE_LA_CRUZ,2015,08,13,0.7,8.0,0.6
115052,RINCON_DE_LA_CRUZ,2015,08,14,0.0,14.6,0.4
115052,RINCON_DE_LA_CRUZ,2015,08,15,0.0,13.4,-2.4
115052,RINCON_DE_LA_CRUZ,2015,08,16,0.0,16.0,1.8
115052,RINCON_DE_LA_CRUZ,2015,08,17,0.0,15.2,3.2
115052,RINCON_DE_LA_CRUZ,2015,08,18,0.0,14.6,1.6
115052,RINCON_DE_LA_CRUZ,2015,08,19,0.0,15.4,1.4
115052,RINCON_DE_LA_CRUZ,2015,08,20,-888,15.0,2.2
115052,RINCON_DE_LA_CRUZ,2015,08,21,4.2,15.2,4.6
115052,RINCON_DE_LA_CRUZ,2015,08,22,0.0,15.0,0.6
115052,RINCON_DE_LA_CRUZ,2015,08,23,-888,17.2,0.8
115052,RINCON_DE_LA_CRUZ,2015,08,24,0.0,16.4,1.4
115052,RINCON_DE_LA_CRUZ,2015,08,25,0.0,16.2,0.8
115052,RINCON_DE_LA_CRUZ,2015,08,26,0.0,15.4,3.4
115052,RINCON_DE_LA_CRUZ,2015,08,27,0.0,15.4,-3.0
115052,RINCON_DE_LA_CRUZ,2015,08,28,0.0,14.4,1.4
115052,RINCON_DE_LA_CRUZ,2015,08,29,0.0,15.4,0.4
115052,RINCON_DE_LA_CRUZ,2015,08,30,0.0,15.4,-1.8
115052,RINCON_DE_LA_CRUZ,2015,08,31,0.0,14.2,-1.2
115052,RINCON_DE_LA_CRUZ,2015,09,01,0.0,12.4,2.2
115052,RINCON_DE_LA_CRUZ,2015,09,02,2.0,14.4,3.0
115052,RINCON_DE_LA_CRUZ,2015,09,03,4.6,14.2,3.6
115052,RINCON_DE_LA_CRUZ,2015,09,04,6.0,14.2,4.2
115052,RINCON_DE_LA_CRUZ,2015,09,05,5.2,11.8,4.2
115052,RINCON_DE_LA_CRUZ,2015,09,06,0.0,14.6,2.8
115052,RINCON_DE_LA_CRUZ,2015,09,07,0.0,18.0,1.0
115052,RINCON_DE_LA_CRUZ,2015,09,08,0.0,16.8,-1.2
115052,RINCON_DE_LA_CRUZ,2015,09,09,0.0,18.8,-1.4
115052,RINCON_DE_LA_CRUZ,2015,09,10,0.0,16.4,-2.4
115052,RINCON_DE_LA_CRUZ,2015,09,11,0.0,17.2,-2.0
115052,RINCON_DE_LA_CRUZ,2015,09,12,0.0,16.8,0.4
115052,RINCON_DE_LA_CRUZ,2015,09,13,0.0,17.0,2.4
115052,RINCON_DE_LA_CRUZ,2015,09,14,0.0,17.6,1.8
115052,RINCON_DE_LA_CRUZ,2015,09,15,0.8,17.4,2.0
115052,RINCON_DE_LA_CRUZ,2015,09,16,1.4,17.8,1.8
115052,RINCON_DE_LA_CRUZ,2015,09,17,-888,17.2,1.6
115052,RINCON_DE_LA_CRUZ,2015,09,18,3.0,16.8,4.2
115052,RINCON_DE_LA_CRUZ,2015,09,19,0.0,13.6,4.4
115052,RINCON_DE_LA_CRUZ,2015,09,20,0.0,16.0,4.4
115052,RINCON_DE_LA_CRUZ,2015,09,21,-888,17.0,5.0
115052,RINCON_DE_LA_CRUZ,2015,09,22,-888,17.6,3.8
115052,RINCON_DE_LA_CRUZ,2015,09,23,6.5,16.6,6.2
115052,RINCON_DE_LA_CRUZ,2015,09,24,0.0,15.6,5.2
115052,RINCON_DE_LA_CRUZ,2015,09,25,-888,15.2,4.0
115052,RINCON_DE_LA_CRUZ,2015,09,26,0.0,15.8,4.8
115052,RINCON_DE_LA_CRUZ,2015,09,27,0.0,15.8,-0.4
115052,RINCON_DE_LA_CRUZ,2015,09,28,0.0,16.8,3.8
115052,RINCON_DE_LA_CRUZ,2015,09,29,0.0,17.0,2.4
115052,RINCON_DE_LA_CRUZ,2015,09,30,0.0,16.8,3.0
115052,RINCON_DE_LA_CRUZ,2015,10,01,0.0,14.2,0.2
115052,RINCON_DE_LA_CRUZ,2015,10,02,23.0,15.6,-999
115052,RINCON_DE_LA_CRUZ,2015,10,03,1.7,12.8,0.8
115052,RINCON_DE_LA_CRUZ,2015,10,04,0.0,16.6,3.4
115052,RINCON_DE_LA_CRUZ,2015,10,05,0.0,17.4,3.0
115052,RINCON_DE_LA_CRUZ,2015,10,06,0.0,18.0,2.6
115052,RINCON_DE_LA_CRUZ,2015,10,07,0.0,17.6,4.2
115052,RINCON_DE_LA_CRUZ,2015,10,08,0.0,17.2,4.4
115052,RINCON_DE_LA_CRUZ,2015,10,09,0.0,18.2,-1.0
115052,RINCON_DE_LA_CRUZ,2015,10,10,0.0,17.0,-1.6
115052,RINCON_DE_LA_CRUZ,2015,10,11,0.0,20.2,0.4
115052,RINCON_DE_LA_CRUZ,2015,10,12,0.0,17.8,-1.0
115052,RINCON_DE_LA_CRUZ,2015,10,13,0.0,17.6,-0.8
115052,RINCON_DE_LA_CRUZ,2015,10,14,0.0,19.0,2.8
115052,RINCON_DE_LA_CRUZ,2015,10,15,-888,18.4,3.2
115052,RINCON_DE_LA_CRUZ,2015,10,16,0.0,15.4,4.4
115052,RINCON_DE_LA_CRUZ,2015,10,17,0.0,14.8,6.0
115052,RINCON_DE_LA_CRUZ,2015,10,18,0.0,14.4,4.8
115052,RINCON_DE_LA_CRUZ,2015,10,19,1.4,16.2,5.0
115052,RINCON_DE_LA_CRUZ,2015,10,20,9.0,16.4,3.2
115052,RINCON_DE_LA_CRUZ,2015,10,21,1.6,16.2,3.0
115052,RINCON_DE_LA_CRUZ,2015,10,22,10.6,17.2,1.2
115052,RINCON_DE_LA_CRUZ,2015,10,23,0.6,15.6,4.8
115052,RINCON_DE_LA_CRUZ,2015,10,24,10.5,16.0,5.4
115052,RINCON_DE_LA_CRUZ,2015,10,25,5.8,13.2,5.4
115052,RINCON_DE_LA_CRUZ,2015,10,26,0.0,15.0,3.8
115052,RINCON_DE_LA_CRUZ,2015,10,27,0.5,16.0,3.8
115052,RINCON_DE_LA_CRUZ,2015,10,28,4.5,16.2,6.4
115052,RINCON_DE_LA_CRUZ,2015,10,29,-888,15.6,4.2
115052,RINCON_DE_LA_CRUZ,2015,10,30,14.0,16.4,4.4
115052,RINCON_DE_LA_CRUZ,2015,10,31,0.0,16.2,4.4
115052,RINCON_DE_LA_CRUZ,2015,11,01,0.0,16.4,4.6
115052,RINCON_DE_LA_CRUZ,2015,11,02,1.1,15.4,2.4
115052,RINCON_DE_LA_CRUZ,2015,11,03,0.0,16.6,2.6
115052,RINCON_DE_LA_CRUZ,2015,11,04,0.0,16.4,3.6
115052,RINCON_DE_LA_CRUZ,2015,11,05,0.0,15.8,3.4
115052,RINCON_DE_LA_CRUZ,2015,11,06,0.0,17.0,5.2
115052,RINCON_DE_LA_CRUZ,2015,11,07,0.0,17.4,6.0
115052,RINCON_DE_LA_CRUZ,2015,11,08,0.0,17.4,6.6
115052,RINCON_DE_LA_CRUZ,2015,11,09,1.8,17.6,5.0
115052,RINCON_DE_LA_CRUZ,2015,11,10,0.0,18.6,2.8
115052,RINCON_DE_LA_CRUZ,2015,11,11,6.2,17.2,4.2
115052,RINCON_DE_LA_CRUZ,2015,11,12,9.8,12.6,5.4
115052,RINCON_DE_LA_CRUZ,2015,11,13,3.3,16.2,5.6
115052,RINCON_DE_LA_CRUZ,2015,11,14,4.5,15.6,4.0
115052,RINCON_DE_LA_CRUZ,2015,11,15,4.5,14.2,4.6
115052,RINCON_DE_LA_CRUZ,2015,11,16,0.0,19.0,3.2
115052,RINCON_DE_LA_CRUZ,2015,11,17,0.0,18.0,3.0
115052,RINCON_DE_LA_CRUZ,2015,11,18,0.0,18.8,1.8
115052,RINCON_DE_LA_CRUZ,2015,11,19,0.0,17.8,2.2
115052,RINCON_DE_LA_CRUZ,2015,11,20,0.0,18.4,0.2
115052,RINCON_DE_LA_CRUZ,2015,11,21,0.0,19.4,7.6
115052,RINCON_DE_LA_CRUZ,2015,11,22,0.0,20.6,3.4
115052,RINCON_DE_LA_CRUZ,2015,11,23,0.0,19.6,5.4
115052,RINCON_DE_LA_CRUZ,2015,11,24,0.0,19.4,6.8
115052,RINCON_DE_LA_CRUZ,2015,11,25,7.1,20.2,4.8
115052,RINCON_DE_LA_CRUZ,2015,11,26,11.6,18.6,3.8
115052,RINCON_DE_LA_CRUZ,2015,11,27,1.4,17.4,6.0
115052,RINCON_DE_LA_CRUZ,2015,11,28,0.0,18.4,5.4
115052,RINCON_DE_LA_CRUZ,2015,11,29,0.0,18.4,4.4
115052,RINCON_DE_LA_CRUZ,2015,11,30,0.0,14.2,6.4
115052,RINCON_DE_LA_CRUZ,2015,12,01,-999,14.2,6.2
115052,RINCON_DE_LA_CRUZ,2015,12,02,2.0,17.6,6.2
115052,RINCON_DE_LA_CRUZ,2015,12,03,0.0,16.6,3.6
115052,RINCON_DE_LA_CRUZ,2015,12,04,0.0,18.0,2.8
115052,RINCON_DE_LA_CRUZ,2015,12,05,0.0,17.6,2.0
115052,RINCON_DE_LA_CRUZ,2015,12,06,0.0,17.6,5.2
115052,RINCON_DE_LA_CRUZ,2015,12,07,0.0,17.4,6.8
115052,RINCON_DE_LA_CRUZ,2015,12,08,0.6,17.8,7.2
115052,RINCON_DE_LA_CRUZ,2015,12,09,0.5,17.6,5.4
115052,RINCON_DE_LA_CRUZ,2015,12,10,1.7,18.4,6.8
115052,RINCON_DE_LA_CRUZ,2015,12,11,-888,18.2,4.8
115052,RINCON_DE_LA_CRUZ,2015,12,12,0.0,19.0,3.4
115052,RINCON_DE_LA_CRUZ,2015,12,13,0.0,18.8,6.4
115052,RINCON_DE_LA_CRUZ,2015,12,14,0.0,18.4,0.6
115052,RINCON_DE_LA_CRUZ,2015,12,15,0.0,17.8,3.4
115052,RINCON_DE_LA_CRUZ,2015,12,16,3.8,15.2,5.0
115052,RINCON_DE_LA_CRUZ,2015,12,17,0.0,18.0,4.2
115052,RINCON_DE_LA_CRUZ,2015,12,18,0.0,18.2,5.2
115052,RINCON_DE_LA_CRUZ,2015,12,19,1.2,18.6,6.4
115052,RINCON_DE_LA_CRUZ,2015,12,20,-888,17.0,6.4
115052,RINCON_DE_LA_CRUZ,2015,12,21,2.5,14.6,5.4
115052,RINCON_DE_LA_CRUZ,2015,12,22,0.0,16.6,5.6
115052,RINCON_DE_LA_CRUZ,2015,12,23,4.0,15.4,6.4
115052,RINCON_DE_LA_CRUZ,2015,12,24,4.4,17.2,4.8
115052,RINCON_DE_LA_CRUZ,2015,12,25,19.0,16.0,6.8
115052,RINCON_DE_LA_CRUZ,2015,12,26,4.5,16.0,4.0
115052,RINCON_DE_LA_CRUZ,2015,12,27,2.4,16.8,6.4
115052,RINCON_DE_LA_CRUZ,2015,12,28,0.0,17.0,5.2
115052,RINCON_DE_LA_CRUZ,2015,12,29,0.0,17.4,4.8
115052,RINCON_DE_LA_CRUZ,2015,12,30,0.0,17.4,4.8
115052,RINCON_DE_LA_CRUZ,2015,12,31,0.0,18.0,3.6
115052,RINCON_DE_LA_CRUZ,2016,01,01,0.0,17.2,6.2
115052,RINCON_DE_LA_CRUZ,2016,01,02,0.0,17.0,6.0
115052,RINCON_DE_LA_CRUZ,2016,01,03,0.0,17.2,4.2
115052,RINCON_DE_LA_CRUZ,2016,01,04,0.0,18.6,5.2
115052,RINCON_DE_LA_CRUZ,2016,01,05,0.0,19.0,4.0
115052,RINCON_DE_LA_CRUZ,2016,01,06,4.6,18.2,5.0
115052,RINCON_DE_LA_CRUZ,2016,01,07,1.0,15.6,5.0
115052,RINCON_DE_LA_CRUZ,2016,01,08,1.2,16.8,3.4
115052,RINCON_DE_LA_CRUZ,2016,01,09,1.0,18.8,5.4
115052,RINCON_DE_LA_CRUZ,2016,01,10,3.0,17.0,5.6
115052,RINCON_DE_LA_CRUZ,2016,01,11,18.7,17.0,7.2
115052,RINCON_DE_LA_CRUZ,2016,01,12,0.0,14.6,5.2
115052,RINCON_DE_LA_CRUZ,2016,01,13,0.0,16.4,7.2
115052,RINCON_DE_LA_CRUZ,2016,01,14,0.0,18.0,4.6
115052,RINCON_DE_LA_CRUZ,2016,01,15,0.0,18.6,5.4
115052,RINCON_DE_LA_CRUZ,2016,01,16,4.2,18.6,7.4
115052,RINCON_DE_LA_CRUZ,2016,01,17,5.8,15.4,7.2
115052,RINCON_DE_LA_CRUZ,2016,01,18,13.6,14.4,7.6
115052,RINCON_DE_LA_CRUZ,2016,01,19,6.0,15.4,7.0
115052,RINCON_DE_LA_CRUZ,2016,01,20,0.0,17.4,7.4
115052,RINCON_DE_LA_CRUZ,2016,01,21,0.0,16.2,7.8
115052,RINCON_DE_LA_CRUZ,2016,01,22,0.0,18.0,5.6
115052,RINCON_DE_LA_CRUZ,2016,01,23,0.0,18.0,5.4
115052,RINCON_DE_LA_CRUZ,2016,01,24,0.0,18.6,5.0
115052,RINCON_DE_LA_CRUZ,2016,01,25,0.0,20.4,4.0
115052,RINCON_DE_LA_CRUZ,2016,01,26,0.0,17.0,4.4
115052,RINCON_DE_LA_CRUZ,2016,01,27,0.0,18.2,3.4
115052,RINCON_DE_LA_CRUZ,2016,01,28,1.5,18.2,8.2
115052,RINCON_DE_LA_CRUZ,2016,01,29,0.0,18.4,7.0
115052,RINCON_DE_LA_CRUZ,2016,01,30,0.5,18.6,7.2
115052,RINCON_DE_LA_CRUZ,2016,01,31,13.4,14.2,6.6
115052,RINCON_DE_LA_CRUZ,2016,02,01,10.0,15.0,6.2
115052,RINCON_DE_LA_CRUZ,2016,02,02,7.5,14.2,6.2
115052,RINCON_DE_LA_CRUZ,2016,02,03,0.0,15.4,5.2
115052,RINCON_DE_LA_CRUZ,2016,02,04,0.0,17.2,4.6
115052,RINCON_DE_LA_CRUZ,2016,02,05,7.3,17.2,4.8
115052,RINCON_DE_LA_CRUZ,2016,02,06,17.0,14.8,6.6
115052,RINCON_DE_LA_CRUZ,2016,02,07,0.0,15.8,7.0
115052,RINCON_DE_LA_CRUZ,2016,02,08,0.7,17.8,6.4
115052,RINCON_DE_LA_CRUZ,2016,02,09,13.0,16.0,7.2
115052,RINCON_DE_LA_CRUZ,2016,02,10,10.6,15.0,6.2
115052,RINCON_DE_LA_CRUZ,2016,02,11,4.3,16.0,7.2
115052,RINCON_DE_LA_CRUZ,2016,02,12,0.0,16.4,8.0
115052,RINCON_DE_LA_CRUZ,2016,02,13,0.0,18.4,5.4
115052,RINCON_DE_LA_CRUZ,2016,02,14,0.0,17.4,7.0
115052,RINCON_DE_LA_CRUZ,2016,02,15,2.8,17.2,5.6
115052,RINCON_DE_LA_CRUZ,2016,02,16,3.5,17.0,6.0
115052,RINCON_DE_LA_CRUZ,2016,02,17,2.4,15.6,7.2
115052,RINCON_DE_LA_CRUZ,2016,02,18,7.1,16.6,7.6
115052,RINCON_DE_LA_CRUZ,2016,02,19,5.6,16.6,6.8
115052,RINCON_DE_LA_CRUZ,2016,02,20,2.2,15.6,7.0
115052,RINCON_DE_LA_CRUZ,2016,02,21,18.4,16.2,7.2
115052,RINCON_DE_LA_CRUZ,2016,02,22,27.0,14.6,5.8
115052,RINCON_DE_LA_CRUZ,2016,02,23,12.7,15.2,6.2
115052,RINCON_DE_LA_CRUZ,2016,02,24,6.9,15.8,6.4
115052,RINCON_DE_LA_CRUZ,2016,02,25,3.8,15.6,6.4
115052,RINCON_DE_LA_CRUZ,2016,02,26,2.4,13.4,6.2
115052,RINCON_DE_LA_CRUZ,2016,02,27,0.0,15.6,6.0
115052,RINCON_DE_LA_CRUZ,2016,02,28,1.7,16.8,5.2
115052,RINCON_DE_LA_CRUZ,2016,02,29,2.7,18.2,7.0
115052,RINCON_DE_LA_CRUZ,2016,03,01,0.0,17.4,6.8
115052,RINCON_DE_LA_CRUZ,2016,03,02,0.0,15.8,4.8
115052,RINCON_DE_LA_CRUZ,2016,03,03,0.0,18.2,4.8
115052,RINCON_DE_LA_CRUZ,2016,03,04,0.0,19.6,7.2
115052,RINCON_DE_LA_CRUZ,2016,03,05,0.0,17.8,6.2
115052,RINCON_DE_LA_CRUZ,2016,03,06,0.0,17.0,6.6
115052,RINCON_DE_LA_CRUZ,2016,03,07,0.0,18.0,7.0
115052,RINCON_DE_LA_CRUZ,2016,03,08,0.0,17.4,6.4
115052,RINCON_DE_LA_CRUZ,2016,03,09,18.6,17.8,6.2
115052,RINCON_DE_LA_CRUZ,2016,03,10,7.0,14.2,6.4
115052,RINCON_DE_LA_CRUZ,2016,03,11,0.0,17.2,5.4
115052,RINCON_DE_LA_CRUZ,2016,03,12,0.0,16.4,6.4
115052,RINCON_DE_LA_CRUZ,2016,03,13,1.2,15.8,4.8
115052,RINCON_DE_LA_CRUZ,2016,03,14,0.0,16.2,5.2
115052,RINCON_DE_LA_CRUZ,2016,03,15,0.0,16.2,7.2
115052,RINCON_DE_LA_CRUZ,2016,03,16,0.0,15.2,5.8
115052,RINCON_DE_LA_CRUZ,2016,03,17,0.0,15.4,4.4
115052,RINCON_DE_LA_CRUZ,2016,03,18,0.0,16.2,3.4
115052,RINCON_DE_LA_CRUZ,2016,03,19,0.0,15.8,3.0
115052,RINCON_DE_LA_CRUZ,2016,03,20,0.0,17.2,3.6
115052,RINCON_DE_LA_CRUZ,2016,03,21,0.0,17.6,4.4
115052,RINCON_DE_LA_CRUZ,2016,03,22,0.0,17.6,3.6
115052,RINCON_DE_LA_CRUZ,2016,03,23,0.0,17.2,7.0
115052,RINCON_DE_LA_CRUZ,2016,03,24,0.0,19.8,4.8
115052,RINCON_DE_LA_CRUZ,2016,03,25,0.0,18.4,0.0
115052,RINCON_DE_LA_CRUZ,2016,03,26,0.0,17.4,2.6
115052,RINCON_DE_LA_CRUZ,2016,03,27,0.0,18.4,3.8
115052,RINCON_DE_LA_CRUZ,2016,03,28,0.0,18.0,5.8
115052,RINCON_DE_LA_CRUZ,2016,03,29,0.0,16.8,4.2
115052,RINCON_DE_LA_CRUZ,2016,03,30,0.0,16.2,5.2
115052,RINCON_DE_LA_CRUZ,2016,03,31,0.0,16.2,2.2
115052,RINCON_DE_LA_CRUZ,2016,04,01,0.0,16.4,4.6
115052,RINCON_DE_LA_CRUZ,2016,04,02,0.0,17.6,1.8
115052,RINCON_DE_LA_CRUZ,2016,04,03,0.0,16.8,5.8
115052,RINCON_DE_LA_CRUZ,2016,04,04,0.0,16.6,5.8
115052,RINCON_DE_LA_CRUZ,2016,04,05,3.2,15.0,6.2
115052,RINCON_DE_LA_CRUZ,2016,04,06,0.5,15.6,6.2
115052,RINCON_DE_LA_CRUZ,2016,04,07,10.8,15.4,4.4
115052,RINCON_DE_LA_CRUZ,2016,04,08,12.5,15.6,5.2
115052,RINCON_DE_LA_CRUZ,2016,04,09,0.0,15.0,4.2
115052,RINCON_DE_LA_CRUZ,2016,04,10,9.0,16.0,4.8
115052,RINCON_DE_LA_CRUZ,2016,04,11,4.0,14.2,6.0
115052,RINCON_DE_LA_CRUZ,2016,04,12,0.0,14.4,4.6
115052,RINCON_DE_LA_CRUZ,2016,04,13,0.0,16.2,3.4
115052,RINCON_DE_LA_CRUZ,2016,04,14,0.0,16.4,2.8
115052,RINCON_DE_LA_CRUZ,2016,04,15,0.0,15.2,2.2
115052,RINCON_DE_LA_CRUZ,2016,04,16,24.2,16.6,5.2
115052,RINCON_DE_LA_CRUZ,2016,04,17,6.8,15.8,5.6
115052,RINCON_DE_LA_CRUZ,2016,04,18,1.7,15.2,6.2
115052,RINCON_DE_LA_CRUZ,2016,04,19,17.3,10.6,-999
115052,RINCON_DE_LA_CRUZ,2016,04,20,0.0,13.4,1.6
115052,RINCON_DE_LA_CRUZ,2016,04,21,0.0,16.4,4.6
115052,RINCON_DE_LA_CRUZ,2016,04,22,0.0,14.0,5.2
115052,RINCON_DE_LA_CRUZ,2016,04,23,0.0,15.8,1.0
115052,RINCON_DE_LA_CRUZ,2016,04,24,0.0,18.2,0.8
115052,RINCON_DE_LA_CRUZ,2016,04,25,0.0,-999,-0.8
115052,RINCON_DE_LA_CRUZ,2016,04,26,0.0,16.4,-1.2
115052,RINCON_DE_LA_CRUZ,2016,04,27,0.0,17.2,-1.0
115052,RINCON_DE_LA_CRUZ,2016,04,28,0.0,15.6,-1.2
115052,RINCON_DE_LA_CRUZ,2016,04,29,0.0,17.2,1.6
115052,RINCON_DE_LA_CRUZ,2016,04,30,0.0,17.4,1.6
115052,RINCON_DE_LA_CRUZ,2016,05,01,0.0,16.4,3.2
115052,RINCON_DE_LA_CRUZ,2016,05,02,0.0,16.4,5.2
115052,RINCON_DE_LA_CRUZ,2016,05,03,0.0,14.4,0.6
115052,RINCON_DE_LA_CRUZ,2016,05,04,1.8,15.8,1.4
115052,RINCON_DE_LA_CRUZ,2016,05,05,0.0,14.6,1.4
115052,RINCON_DE_LA_CRUZ,2016,05,06,0.0,15.0,4.0
115052,RINCON_DE_LA_CRUZ,2016,05,07,0.0,15.8,-0.8
115052,RINCON_DE_LA_CRUZ,2016,05,08,0.0,14.6,1.6
115052,RINCON_DE_LA_CRUZ,2016,05,09,0.0,17.4,-0.8
115052,RINCON_DE_LA_CRUZ,2016,05,10,0.0,15.0,-0.4
115052,RINCON_DE_LA_CRUZ,2016,05,11,0.0,15.4,1.4
115052,RINCON_DE_LA_CRUZ,2016,05,12,0.0,16.4,-1.0
115052,RINCON_DE_LA_CRUZ,2016,05,13,0.0,15.2,3.2
115052,RINCON_DE_LA_CRUZ,2016,05,14,5.4,15.8,2.0
115052,RINCON_DE_LA_CRUZ,2016,05,15,0.0,15.6,2.2
115052,RINCON_DE_LA_CRUZ,2016,05,16,0.0,16.4,0.8
115052,RINCON_DE_LA_CRUZ,2016,05,17,0.0,18.4,2.6
115052,RINCON_DE_LA_CRUZ,2016,05,18,0.0,14.2,-0.4
115052,RINCON_DE_LA_CRUZ,2016,05,19,0.0,17.0,-4.0
115052,RINCON_DE_LA_CRUZ,2016,05,20,0.0,15.4,-3.0
115052,RINCON_DE_LA_CRUZ,2016,05,21,0.0,15.6,-1.2
115052,RINCON_DE_LA_CRUZ,2016,05,22,0.0,15.4,-2.8
115052,RINCON_DE_LA_CRUZ,2016,05,23,0.0,16.2,-1.2
115052,RINCON_DE_LA_CRUZ,2016,05,24,-888,14.4,0.0
115052,RINCON_DE_LA_CRUZ,2016,05,25,0.0,15.0,1.2
115052,RINCON_DE_LA_CRUZ,2016,05,26,0.0,13.2,0.6
115052,RINCON_DE_LA_CRUZ,2016,05,27,0.0,15.4,-2.8
115052,RINCON_DE_LA_CRUZ,2016,05,28,0.0,15.8,-3.0
115052,RINCON_DE_LA_CRUZ,2016,05,29,0.0,14.0,-1.0
115052,RINCON_DE_LA_CRUZ,2016,05,30,0.0,13.8,-1.6
115052,RINCON_DE_LA_CRUZ,2016,05,31,0.0,14.8,-5.4
115052,RINCON_DE_LA_CRUZ,2016,06,01,0.0,17.4,-1.8
115052,RINCON_DE_LA_CRUZ,2016,06,02,0.0,16.6,-3.6
115052,RINCON_DE_LA_CRUZ,2016,06,03,0.0,15.6,-2.6
115052,RINCON_DE_LA_CRUZ,2016,06,04,0.0,14.8,-3.6
115052,RINCON_DE_LA_CRUZ,2016,06,05,0.0,16.6,-999
115052,RINCON_DE_LA_CRUZ,2016,06,06,0.0,15.4,1.6
115052,RINCON_DE_LA_CRUZ,2016,06,07,0.0,15.0,-1.6
115052,RINCON_DE_LA_CRUZ,2016,06,08,0.0,15.4,-2.4
115052,RINCON_DE_LA_CRUZ,2016,06,09,0.0,15.0,-0.8
115052,RINCON_DE_LA_CRUZ,2016,06,10,0.0,16.2,0.4
115052,RINCON_DE_LA_CRUZ,2016,06,11,0.0,15.0,-0.4
115052,RINCON_DE_LA_CRUZ,2016,06,12,0.0,15.4,0.2
115052,RINCON_DE_LA_CRUZ,2016,06,13,0.0,15.2,2.8
115052,RINCON_DE_LA_CRUZ,2016,06,14,0.0,15.6,1.8
115052,RINCON_DE_LA_CRUZ,2016,06,15,0.0,15.6,4.4
115052,RINCON_DE_LA_CRUZ,2016,06,16,0.0,14.8,-999
115052,RINCON_DE_LA_CRUZ,2016,06,17,0.0,17.0,-999
115052,RINCON_DE_LA_CRUZ,2016,06,18,0.0,14.2,-999
115052,RINCON_DE_LA_CRUZ,2016,06,19,0.0,15.0,-2.6
115052,RINCON_DE_LA_CRUZ,2016,06,20,0.0,-999,-2.2
115052,RINCON_DE_LA_CRUZ,2016,06,21,0.0,-999,-3.0
115052,RINCON_DE_LA_CRUZ,2016,06,22,0.0,-999,-5.6
115052,RINCON_DE_LA_CRUZ,2016,06,23,0.0,14.2,-4.8
115052,RINCON_DE_LA_CRUZ,2016,06,24,0.0,14.6,-2.2
115052,RINCON_DE_LA_CRUZ,2016,06,25,0.0,16.2,3.0
115052,RINCON_DE_LA_CRUZ,2016,06,26,0.0,14.4,-3.8
115052,RINCON_DE_LA_CRUZ,2016,06,27,0.0,14.2,-0.6
115052,RINCON_DE_LA_CRUZ,2016,06,28,2.8,12.4,2.6
115052,RINCON_DE_LA_CRUZ,2016,06,29,0.0,14.0,-0.2
115052,RINCON_DE_LA_CRUZ,2016,06,30,0.0,14.4,-1.2
115052,RINCON_DE_LA_CRUZ,2016,07,01,2.7,15.0,-0.6
115052,RINCON_DE_LA_CRUZ,2016,07,02,0.0,13.4,0.2
115052,RINCON_DE_LA_CRUZ,2016,07,03,0.0,13.6,-1.8
115052,RINCON_DE_LA_CRUZ,2016,07,04,0.0,14.0,1.8
115052,RINCON_DE_LA_CRUZ,2016,07,05,0.0,16.4,1.2
115052,RINCON_DE_LA_CRUZ,2016,07,06,1.0,13.8,-3.0
115052,RINCON_DE_LA_CRUZ,2016,07,07,5.7,7.2,0.4
115052,RINCON_DE_LA_CRUZ,2016,07,08,0.0,14.6,1.6
115052,RINCON_DE_LA_CRUZ,2016,07,09,0.0,14.2,0.8
115052,RINCON_DE_LA_CRUZ,2016,07,10,0.0,15.0,-3.0
115052,RINCON_DE_LA_CRUZ,2016,07,11,0.0,14.2,-1.4
115052,RINCON_DE_LA_CRUZ,2016,07,12,0.0,14.8,-2.6
115052,RINCON_DE_LA_CRUZ,2016,07,13,0.0,15.2,-3.2
115052,RINCON_DE_LA_CRUZ,2016,07,14,0.0,14.8,-2.2
115052,RINCON_DE_LA_CRUZ,2016,07,15,0.0,15.4,-1.4
115052,RINCON_DE_LA_CRUZ,2016,07,16,0.0,15.4,-2.4
115052,RINCON_DE_LA_CRUZ,2016,07,17,0.0,15.0,3.6
115052,RINCON_DE_LA_CRUZ,2016,07,18,0.2,15.6,1.0
115052,RINCON_DE_LA_CRUZ,2016,07,19,0.0,15.0,2.0
115052,RINCON_DE_LA_CRUZ,2016,07,20,0.0,15.4,1.0
115052,RINCON_DE_LA_CRUZ,2016,07,21,0.0,14.8,2.2
115052,RINCON_DE_LA_CRUZ,2016,07,22,0.0,14.2,2.6
115052,RINCON_DE_LA_CRUZ,2016,07,23,0.0,15.0,1.2
115052,RINCON_DE_LA_CRUZ,2016,07,24,0.0,16.2,-2.2
115052,RINCON_DE_LA_CRUZ,2016,07,25,0.0,15.2,-2.2
115052,RINCON_DE_LA_CRUZ,2016,07,26,0.0,16.4,-3.4
115052,RINCON_DE_LA_CRUZ,2016,07,27,0.0,15.4,-1.6
115052,RINCON_DE_LA_CRUZ,2016,07,28,0.0,17.4,-1.0
115052,RINCON_DE_LA_CRUZ,2016,07,29,0.0,16.6,-1.4
115052,RINCON_DE_LA_CRUZ,2016,07,30,0.0,16.4,-3.8
115052,RINCON_DE_LA_CRUZ,2016,07,31,0.0,16.6,-3.4
115052,RINCON_DE_LA_CRUZ,2016,08,01,0.0,15.6,0.4
115052,RINCON_DE_LA_CRUZ,2016,08,02,0.0,14.2,-2.4
115052,RINCON_DE_LA_CRUZ,2016,08,03,0.0,15.4,-1.8
115052,RINCON_DE_LA_CRUZ,2016,08,04,0.0,16.4,0.2
115052,RINCON_DE_LA_CRUZ,2016,08,05,0.0,16.8,-0.8
115052,RINCON_DE_LA_CRUZ,2016,08,06,0.0,18.8,-1.4
115052,RINCON_DE_LA_CRUZ,2016,08,07,0.0,19.0,0.0
115052,RINCON_DE_LA_CRUZ,2016,08,08,0.0,16.0,-1.2
115052,RINCON_DE_LA_CRUZ,2016,08,09,0.0,15.6,0.4
115052,RINCON_DE_LA_CRUZ,2016,08,10,2.4,13.8,0.0
115052,RINCON_DE_LA_CRUZ,2016,08,11,0.0,-999,1.4
115052,RINCON_DE_LA_CRUZ,2016,08,12,0.0,15.0,0.0
115052,RINCON_DE_LA_CRUZ,2016,08,13,0.0,14.8,-1.4
115052,RINCON_DE_LA_CRUZ,2016,08,14,0.0,16.0,1.4
115052,RINCON_DE_LA_CRUZ,2016,08,15,0.0,15.8,-1.6
115052,RINCON_DE_LA_CRUZ,2016,08,16,0.0,16.2,-0.2
115052,RINCON_DE_LA_CRUZ,2016,08,17,0.0,16.4,-3.0
115052,RINCON_DE_LA_CRUZ,2016,08,18,0.0,15.4,-1.2
115052,RINCON_DE_LA_CRUZ,2016,08,19,0.0,15.0,2.8
115052,RINCON_DE_LA_CRUZ,2016,08,20,0.0,13.8,-1.4
115052,RINCON_DE_LA_CRUZ,2016,08,21,0.0,-999,0.8
115052,RINCON_DE_LA_CRUZ,2016,08,22,0.0,-999,0.8
115052,RINCON_DE_LA_CRUZ,2016,08,23,2.8,-999,1.3
115052,RINCON_DE_LA_CRUZ,2016,08,24,0.0,-999,2.8
115052,RINCON_DE_LA_CRUZ,2016,08,25,0.0,15.8,0.6
115052,RINCON_DE_LA_CRUZ,2016,08,26,0.0,15.8,2.2
115052,RINCON_DE_LA_CRUZ,2016,08,27,0.7,15.2,0.8
115052,RINCON_DE_LA_CRUZ,2016,08,28,0.0,17.4,-0.2
115052,RINCON_DE_LA_CRUZ,2016,08,29,0.0,15.6,-2.4
115052,RINCON_DE_LA_CRUZ,2016,08,30,0.0,14.0,-6.2
115052,RINCON_DE_LA_CRUZ,2016,08,31,0.0,16.0,-2.4
115052,RINCON_DE_LA_CRUZ,2016,09,01,0.0,16.6,-0.4
115052,RINCON_DE_LA_CRUZ,2016,09,02,0.0,14.8,1.4
115052,RINCON_DE_LA_CRUZ,2016,09,03,0.0,14.8,1.2
115052,RINCON_DE_LA_CRUZ,2016,09,04,0.0,14.2,0.8
115052,RINCON_DE_LA_CRUZ,2016,09,05,0.0,17.2,0.0
115052,RINCON_DE_LA_CRUZ,2016,09,06,0.0,16.0,-2.2
115052,RINCON_DE_LA_CRUZ,2016,09,07,0.0,16.2,-1.2
115052,RINCON_DE_LA_CRUZ,2016,09,08,0.0,15.4,-1.8
115052,RINCON_DE_LA_CRUZ,2016,09,09,0.0,16.6,-1.0
115052,RINCON_DE_LA_CRUZ,2016,09,10,0.0,16.6,-1.2
115052,RINCON_DE_LA_CRUZ,2016,09,11,0.0,17.8,0.4
115052,RINCON_DE_LA_CRUZ,2016,09,12,0.0,18.8,2.2
115052,RINCON_DE_LA_CRUZ,2016,09,13,0.0,20.8,2.0
115052,RINCON_DE_LA_CRUZ,2016,09,14,0.0,17.8,0.6
115052,RINCON_DE_LA_CRUZ,2016,09,15,0.0,18.4,3.2
115052,RINCON_DE_LA_CRUZ,2016,09,16,0.0,18.2,1.8
115052,RINCON_DE_LA_CRUZ,2016,09,17,0.0,17.6,0.6
115052,RINCON_DE_LA_CRUZ,2016,09,18,4.5,17.4,1.6
115052,RINCON_DE_LA_CRUZ,2016,09,19,1.5,14.6,2.0
115052,RINCON_DE_LA_CRUZ,2016,09,20,0.3,14.0,1.6
115052,RINCON_DE_LA_CRUZ,2016,09,21,0.0,15.4,2.2
115052,RINCON_DE_LA_CRUZ,2016,09,22,7.4,15.8,4.0
115052,RINCON_DE_LA_CRUZ,2016,09,23,1.3,13.8,3.8
115052,RINCON_DE_LA_CRUZ,2016,09,24,1.1,14.0,2.2
115052,RINCON_DE_LA_CRUZ,2016,09,25,0.0,16.0,3.4
115052,RINCON_DE_LA_CRUZ,2016,09,26,0.0,17.0,2.4
115052,RINCON_DE_LA_CRUZ,2016,09,27,0.0,16.6,1.6
115052,RINCON_DE_LA_CRUZ,2016,09,28,0.0,17.4,3.8
115052,RINCON_DE_LA_CRUZ,2016,09,29,0.0,18.0,1.8
115052,RINCON_DE_LA_CRUZ,2016,09,30,0.0,17.4,2.0
115052,RINCON_DE_LA_CRUZ,2016,10,01,5.3,15.4,4.2
115052,RINCON_DE_LA_CRUZ,2016,10,02,1.5,14.2,2.4
115052,RINCON_DE_LA_CRUZ,2016,10,03,0.0,16.2,3.2
115052,RINCON_DE_LA_CRUZ,2016,10,04,0.0,17.0,4.6
115052,RINCON_DE_LA_CRUZ,2016,10,05,0.0,17.2,3.6
115052,RINCON_DE_LA_CRUZ,2016,10,06,0.0,17.4,4.6
115052,RINCON_DE_LA_CRUZ,2016,10,07,0.0,17.0,3.6
115052,RINCON_DE_LA_CRUZ,2016,10,08,0.0,16.2,2.8
115052,RINCON_DE_LA_CRUZ,2016,10,09,0.7,16.2,4.4
115052,RINCON_DE_LA_CRUZ,2016,10,10,3.8,13.0,3.4
115052,RINCON_DE_LA_CRUZ,2016,10,11,0.0,13.4,4.4
115052,RINCON_DE_LA_CRUZ,2016,10,12,0.0,16.4,2.4
115052,RINCON_DE_LA_CRUZ,2016,10,13,0.0,15.4,2.2
115052,RINCON_DE_LA_CRUZ,2016,10,14,0.0,18.6,4.6
115052,RINCON_DE_LA_CRUZ,2016,10,15,0.8,17.4,2.6
115052,RINCON_DE_LA_CRUZ,2016,10,16,1.2,18.4,4.0
115052,RINCON_DE_LA_CRUZ,2016,10,17,0.0,17.4,4.0
115052,RINCON_DE_LA_CRUZ,2016,10,18,0.0,16.8,3.2
115052,RINCON_DE_LA_CRUZ,2016,10,19,5.8,17.6,3.6
115052,RINCON_DE_LA_CRUZ,2016,10,20,5.0,15.8,2.0
115052,RINCON_DE_LA_CRUZ,2016,10,21,0.5,15.4,3.8
115052,RINCON_DE_LA_CRUZ,2016,10,22,0.0,16.6,3.0
115052,RINCON_DE_LA_CRUZ,2016,10,23,0.0,17.4,5.2
115052,RINCON_DE_LA_CRUZ,2016,10,24,0.0,16.2,5.0
115052,RINCON_DE_LA_CRUZ,2016,10,25,0.0,17.4,0.8
115052,RINCON_DE_LA_CRUZ,2016,10,26,0.5,16.6,6.4
115052,RINCON_DE_LA_CRUZ,2016,10,27,3.0,14.2,5.4
115052,RINCON_DE_LA_CRUZ,2016,10,28,11.0,16.2,5.2
115052,RINCON_DE_LA_CRUZ,2016,10,29,0.0,15.0,3.6
115052,RINCON_DE_LA_CRUZ,2016,10,30,2.6,17.2,3.8
115052,RINCON_DE_LA_CRUZ,2016,10,31,0.0,17.4,4.2
115052,RINCON_DE_LA_CRUZ,2016,11,01,0.0,19.0,4.0
115052,RINCON_DE_LA_CRUZ,2016,11,02,0.0,17.2,4.4
115052,RINCON_DE_LA_CRUZ,2016,11,03,0.0,17.4,4.2
115052,RINCON_DE_LA_CRUZ,2016,11,04,0.0,16.2,3.4
115052,RINCON_DE_LA_CRUZ,2016,11,05,0.0,16.6,2.4
115052,RINCON_DE_LA_CRUZ,2016,11,06,0.0,18.2,1.6
115052,RINCON_DE_LA_CRUZ,2016,11,07,1.0,18.6,3.8
115052,RINCON_DE_LA_CRUZ,2016,11,08,0.0,16.0,5.0
115052,RINCON_DE_LA_CRUZ,2016,11,09,0.0,17.2,2.8
115052,RINCON_DE_LA_CRUZ,2016,11,10,4.8,17.4,5.2
115052,RINCON_DE_LA_CRUZ,2016,11,11,0.0,16.8,2.6
115052,RINCON_DE_LA_CRUZ,2016,11,12,0.0,17.6,5.2
115052,RINCON_DE_LA_CRUZ,2016,11,13,0.0,17.8,2.2
115052,RINCON_DE_LA_CRUZ,2016,11,14,0.0,17.4,-0.8
115052,RINCON_DE_LA_CRUZ,2016,11,15,0.0,18.2,0.6
115052,RINCON_DE_LA_CRUZ,2016,11,16,0.0,18.0,-1.0
115052,RINCON_DE_LA_CRUZ,2016,11,17,0.0,16.8,-1.2
115052,RINCON_DE_LA_CRUZ,2016,11,18,0.0,17.0,-999
115052,RINCON_DE_LA_CRUZ,2016,11,19,0.0,18.6,5.4
115052,RINCON_DE_LA_CRUZ,2016,11,20,0.0,17.8,5.4
115052,RINCON_DE_LA_CRUZ,2016,11,21,0.0,17.8,0.8
115052,RINCON_DE_LA_CRUZ,2016,11,22,0.0,17.6,3.8
115052,RINCON_DE_LA_CRUZ,2016,11,23,0.0,19.0,3.8
115052,RINCON_DE_LA_CRUZ,2016,11,24,1.6,19.2,4.0
115052,RINCON_DE_LA_CRUZ,2016,11,25,0.0,17.2,2.8
115052,RINCON_DE_LA_CRUZ,2016,11,26,16.7,17.4,-999
115052,RINCON_DE_LA_CRUZ,2016,11,27,0.0,16.2,3.8
115052,RINCON_DE_LA_CRUZ,2016,11,28,0.2,17.4,2.8
115052,RINCON_DE_LA_CRUZ,2016,11,29,16.0,15.2,5.4
115052,RINCON_DE_LA_CRUZ,2016,11,30,0.0,12.4,1.2
115052,RINCON_DE_LA_CRUZ,2016,12,01,-999,16.6,4.0
115052,RINCON_DE_LA_CRUZ,2016,12,02,0.0,17.4,4.2
115052,RINCON_DE_LA_CRUZ,2016,12,03,2.8,18.0,4.6
115052,RINCON_DE_LA_CRUZ,2016,12,04,4.6,15.8,4.8
115052,RINCON_DE_LA_CRUZ,2016,12,05,0.8,17.0,5.2
115052,RINCON_DE_LA_CRUZ,2016,12,06,0.0,17.0,5.4
115052,RINCON_DE_LA_CRUZ,2016,12,07,10.6,18.0,6.4
115052,RINCON_DE_LA_CRUZ,2016,12,08,4.4,16.4,5.4
115052,RINCON_DE_LA_CRUZ,2016,12,09,0.0,16.4,1.6
115052,RINCON_DE_LA_CRUZ,2016,12,10,0.0,15.4,4.6
115052,RINCON_DE_LA_CRUZ,2016,12,11,0.0,16.8,4.6
115052,RINCON_DE_LA_CRUZ,2016,12,12,0.3,17.6,3.6
115052,RINCON_DE_LA_CRUZ,2016,12,13,3.0,18.6,4.6
115052,RINCON_DE_LA_CRUZ,2016,12,14,3.6,16.4,5.6
115052,RINCON_DE_LA_CRUZ,2016,12,15,0.0,15.4,5.2
115052,RINCON_DE_LA_CRUZ,2016,12,16,0.8,18.2,5.0
115052,RINCON_DE_LA_CRUZ,2016,12,17,2.7,17.8,-999
115052,RINCON_DE_LA_CRUZ,2016,12,18,0.0,18.8,6.2
115052,RINCON_DE_LA_CRUZ,2016,12,19,0.0,18.8,5.8
115052,RINCON_DE_LA_CRUZ,2016,12,20,2.6,17.8,5.0
115052,RINCON_DE_LA_CRUZ,2016,12,21,0.0,17.6,6.2
115052,RINCON_DE_LA_CRUZ,2016,12,22,0.0,18.0,4.0
115052,RINCON_DE_LA_CRUZ,2016,12,23,0.0,17.6,5.2
115052,RINCON_DE_LA_CRUZ,2016,12,24,0.0,17.2,4.6
115052,RINCON_DE_LA_CRUZ,2016,12,25,0.0,19.8,6.2
115052,RINCON_DE_LA_CRUZ,2016,12,26,13.6,16.0,-999
115052,RINCON_DE_LA_CRUZ,2016,12,27,0.9,16.6,3.4
115052,RINCON_DE_LA_CRUZ,2016,12,28,1.1,14.4,4.2
115052,RINCON_DE_LA_CRUZ,2016,12,29,2.5,17.6,4.4
115052,RINCON_DE_LA_CRUZ,2016,12,30,0.0,16.6,7.0
115052,RINCON_DE_LA_CRUZ,2016,12,31,8.7,16.4,4.8
115052,RINCON_DE_LA_CRUZ,2017,01,01,6.8,16.8,5.8
115052,RINCON_DE_LA_CRUZ,2017,01,02,8.0,15.0,4.4
115052,RINCON_DE_LA_CRUZ,2017,01,03,0.0,14.6,4.6
115052,RINCON_DE_LA_CRUZ,2017,01,04,9.5,15.4,5.6
115052,RINCON_DE_LA_CRUZ,2017,01,05,15.4,15.2,5.8
115052,RINCON_DE_LA_CRUZ,2017,01,06,14.6,15.2,4.4
115052,RINCON_DE_LA_CRUZ,2017,01,07,1.2,12.8,6.4
115052,RINCON_DE_LA_CRUZ,2017,01,08,28.2,12.8,7.2
115052,RINCON_DE_LA_CRUZ,2017,01,09,15.0,15.2,3.4
115052,RINCON_DE_LA_CRUZ,2017,01,10,1.8,16.2,5.2
115052,RINCON_DE_LA_CRUZ,2017,01,11,0.0,15.4,5.8
115052,RINCON_DE_LA_CRUZ,2017,01,12,2.8,15.6,6.8
115052,RINCON_DE_LA_CRUZ,2017,01,13,20.8,15.8,5.0
115052,RINCON_DE_LA_CRUZ,2017,01,14,3.3,13.0,5.4
115052,RINCON_DE_LA_CRUZ,2017,01,15,18.0,16.4,5.2
115052,RINCON_DE_LA_CRUZ,2017,01,16,16.4,15.6,4.2
115052,RINCON_DE_LA_CRUZ,2017,01,17,16.9,15.0,5.0
115052,RINCON_DE_LA_CRUZ,2017,01,18,12.5,14.6,5.4
115052,RINCON_DE_LA_CRUZ,2017,01,19,4.5,14.2,5.0
115052,RINCON_DE_LA_CRUZ,2017,01,20,0.0,13.6,5.6
115052,RINCON_DE_LA_CRUZ,2017,01,21,0.0,14.2,6.0
115052,RINCON_DE_LA_CRUZ,2017,01,22,0.0,14.0,6.2
115052,RINCON_DE_LA_CRUZ,2017,01,23,11.2,15.0,-999
115052,RINCON_DE_LA_CRUZ,2017,01,24,24.8,-999,3.4
115052,RINCON_DE_LA_CRUZ,2017,01,25,18.7,12.8,4.0
115052,RINCON_DE_LA_CRUZ,2017,01,26,26.2,11.8,3.8
115052,RINCON_DE_LA_CRUZ,2017,01,27,0.0,13.0,4.4
115052,RINCON_DE_LA_CRUZ,2017,01,28,0.5,14.4,5.4
115052,RINCON_DE_LA_CRUZ,2017,01,29,0.0,14.6,4.4
115052,RINCON_DE_LA_CRUZ,2017,01,30,0.0,15.8,4.2
115052,RINCON_DE_LA_CRUZ,2017,01,31,0.0,16.6,5.0
115052,RINCON_DE_LA_CRUZ,2017,02,01,0.5,17.2,4.4
115052,RINCON_DE_LA_CRUZ,2017,02,02,0.0,15.8,4.6
115052,RINCON_DE_LA_CRUZ,2017,02,03,0.0,17.4,3.6
115052,RINCON_DE_LA_CRUZ,2017,02,04,0.0,-999,5.2
115052,RINCON_DE_LA_CRUZ,2017,02,05,2.8,15.8,5.2
115052,RINCON_DE_LA_CRUZ,2017,02,06,0.0,16.2,6.6
115052,RINCON_DE_LA_CRUZ,2017,02,07,10.6,17.8,5.4
115052,RINCON_DE_LA_CRUZ,2017,02,08,0.8,18.2,5.8
115052,RINCON_DE_LA_CRUZ,2017,02,09,0.0,18.0,7.0
115052,RINCON_DE_LA_CRUZ,2017,02,10,0.0,18.6,6.2
115052,RINCON_DE_LA_CRUZ,2017,02,11,0.0,18.6,-999
115052,RINCON_DE_LA_CRUZ,2017,02,12,3.4,15.2,6.8
115052,RINCON_DE_LA_CRUZ,2017,02,13,1.3,14.6,6.0
115052,RINCON_DE_LA_CRUZ,2017,02,14,0.0,15.8,3.4
115052,RINCON_DE_LA_CRUZ,2017,02,15,0.0,15.8,4.8
115052,RINCON_DE_LA_CRUZ,2017,02,16,3.0,15.6,5.2
115052,RINCON_DE_LA_CRUZ,2017,02,17,7.6,15.4,-999
115052,RINCON_DE_LA_CRUZ,2017,02,18,15.0,16.8,6.0
115052,RINCON_DE_LA_CRUZ,2017,02,19,6.0,14.2,6.2
115052,RINCON_DE_LA_CRUZ,2017,02,20,8.4,13.6,5.6
115052,RINCON_DE_LA_CRUZ,2017,02,21,0.0,13.4,5.8
115052,RINCON_DE_LA_CRUZ,2017,02,22,18.7,13.4,4.8
115052,RINCON_DE_LA_CRUZ,2017,02,23,0.4,12.4,4.4
115052,RINCON_DE_LA_CRUZ,2017,02,24,2.0,13.6,5.6
115052,RINCON_DE_LA_CRUZ,2017,02,25,5.0,14.2,4.2
115052,RINCON_DE_LA_CRUZ,2017,02,26,2.8,13.8,5.2
115052,RINCON_DE_LA_CRUZ,2017,02,27,3.3,14.4,6.2
115052,RINCON_DE_LA_CRUZ,2017,02,28,7.6,12.6,6.0
115052,RINCON_DE_LA_CRUZ,2017,03,01,0.0,14.0,5.0
115052,RINCON_DE_LA_CRUZ,2017,03,02,0.0,14.8,6.2
115052,RINCON_DE_LA_CRUZ,2017,03,03,2.4,13.6,7.0
115052,RINCON_DE_LA_CRUZ,2017,03,04,0.8,15.2,6.6
115052,RINCON_DE_LA_CRUZ,2017,03,05,0.0,12.8,6.0
115052,RINCON_DE_LA_CRUZ,2017,03,06,2.0,13.8,3.8
115052,RINCON_DE_LA_CRUZ,2017,03,07,12.5,12.2,5.2
115052,RINCON_DE_LA_CRUZ,2017,03,08,0.0,14.2,6.0
115052,RINCON_DE_LA_CRUZ,2017,03,09,0.0,16.0,7.0
115052,RINCON_DE_LA_CRUZ,2017,03,10,3.8,15.8,6.6
115052,RINCON_DE_LA_CRUZ,2017,03,11,9.0,14.8,5.4
115052,RINCON_DE_LA_CRUZ,2017,03,12,0.0,14.8,4.6
115052,RINCON_DE_LA_CRUZ,2017,03,13,4.7,13.0,6.0
115052,RINCON_DE_LA_CRUZ,2017,03,14,0.0,14.4,6.0
115052,RINCON_DE_LA_CRUZ,2017,03,15,12.4,15.4,6.6
115052,RINCON_DE_LA_CRUZ,2017,03,16,5.0,13.4,4.0
115052,RINCON_DE_LA_CRUZ,2017,03,17,0.0,14.0,5.6
115052,RINCON_DE_LA_CRUZ,2017,03,18,1.0,15.2,5.2
115052,RINCON_DE_LA_CRUZ,2017,03,19,0.0,15.8,6.0
115052,RINCON_DE_LA_CRUZ,2017,03,20,0.0,14.4,4.0
115052,RINCON_DE_LA_CRUZ,2017,03,21,2.6,13.8,2.6
115052,RINCON_DE_LA_CRUZ,2017,03,22,6.5,15.2,5.4
115052,RINCON_DE_LA_CRUZ,2017,03,23,17.4,15.0,6.0
115052,RINCON_DE_LA_CRUZ,2017,03,24,12.1,14.4,5.2
115052,RINCON_DE_LA_CRUZ,2017,03,25,1.7,15.0,4.2
115052,RINCON_DE_LA_CRUZ,2017,03,26,0.5,15.0,5.0
115052,RINCON_DE_LA_CRUZ,2017,03,27,1.9,15.4,5.4
115052,RINCON_DE_LA_CRUZ,2017,03,28,9.3,16.4,6.4
115052,RINCON_DE_LA_CRUZ,2017,03,29,0.0,12.4,6.4
115052,RINCON_DE_LA_CRUZ,2017,03,30,19.7,14.4,5.2
115052,RINCON_DE_LA_CRUZ,2017,03,31,0.0,15.2,5.4
115052,RINCON_DE_LA_CRUZ,2017,04,01,0.0,14.8,6.0
115052,RINCON_DE_LA_CRUZ,2017,04,02,0.0,16.0,7.0
115052,RINCON_DE_LA_CRUZ,2017,04,03,13.0,15.6,4.2
115052,RINCON_DE_LA_CRUZ,2017,04,04,0.0,15.4,3.4
115052,RINCON_DE_LA_CRUZ,2017,04,05,0.0,16.0,2.4
115052,RINCON_DE_LA_CRUZ,2017,04,06,0.0,15.4,4.6
115052,RINCON_DE_LA_CRUZ,2017,04,07,0.0,16.0,3.6
115052,RINCON_DE_LA_CRUZ,2017,04,08,0.7,15.6,5.4
115052,RINCON_DE_LA_CRUZ,2017,04,09,-888,14.6,4.4
115052,RINCON_DE_LA_CRUZ,2017,04,10,4.4,15.0,4.8
115052,RINCON_DE_LA_CRUZ,2017,04,11,1.0,13.2,5.0
115052,RINCON_DE_LA_CRUZ,2017,04,12,4.7,13.8,-999
115052,RINCON_DE_LA_CRUZ,2017,04,13,0.0,14.4,5.6
115052,RINCON_DE_LA_CRUZ,2017,04,14,0.0,15.4,2.0
115052,RINCON_DE_LA_CRUZ,2017,04,15,0.0,14.8,2.4
115052,RINCON_DE_LA_CRUZ,2017,04,16,0.0,14.6,5.0
115052,RINCON_DE_LA_CRUZ,2017,04,17,2.7,12.6,3.4
115052,RINCON_DE_LA_CRUZ,2017,04,18,0.0,15.2,3.6
115052,RINCON_DE_LA_CRUZ,2017,04,19,0.0,17.4,1.2
115052,RINCON_DE_LA_CRUZ,2017,04,20,0.0,15.0,-1.2
115052,RINCON_DE_LA_CRUZ,2017,04,21,0.0,17.0,-0.2
115052,RINCON_DE_LA_CRUZ,2017,04,22,0.0,16.4,4.2
115052,RINCON_DE_LA_CRUZ,2017,04,23,0.0,15.8,2.8
115052,RINCON_DE_LA_CRUZ,2017,04,24,4.6,16.6,1.8
115052,RINCON_DE_LA_CRUZ,2017,04,25,0.0,16.4,3.4
115052,RINCON_DE_LA_CRUZ,2017,04,26,0.0,15.4,-0.2
115052,RINCON_DE_LA_CRUZ,2017,04,27,0.7,13.8,3.2
115052,RINCON_DE_LA_CRUZ,2017,04,28,0.7,14.0,2.6
115052,RINCON_DE_LA_CRUZ,2017,04,29,0.8,12.6,4.8
115052,RINCON_DE_LA_CRUZ,2017,04,30,0.5,14.4,4.2
115052,RINCON_DE_LA_CRUZ,2017,05,01,0.0,14.2,2.4
115052,RINCON_DE_LA_CRUZ,2017,05,02,0.0,15.8,-1.0
115052,RINCON_DE_LA_CRUZ,2017,05,03,0.0,14.8,0.4
115052,RINCON_DE_LA_CRUZ,2017,05,04,0.0,15.8,3.4
115052,RINCON_DE_LA_CRUZ,2017,05,05,0.0,15.8,0.2
115052,RINCON_DE_LA_CRUZ,2017,05,06,0.0,15.0,0.2
115052,RINCON_DE_LA_CRUZ,2017,05,07,0.0,15.1,2.6
115052,RINCON_DE_LA_CRUZ,2017,05,08,0.0,14.8,0.6
115052,RINCON_DE_LA_CRUZ,2017,05,09,2.7,15.6,3.4
115052,RINCON_DE_LA_CRUZ,2017,05,10,0.0,14.2,5.6
115052,RINCON_DE_LA_CRUZ,2017,05,11,0.0,16.4,3.2
115052,RINCON_DE_LA_CRUZ,2017,05,12,0.0,15.2,-0.2
115052,RINCON_DE_LA_CRUZ,2017,05,13,0.0,14.2,3.8
115052,RINCON_DE_LA_CRUZ,2017,05,14,0.0,16.2,-0.6
115052,RINCON_DE_LA_CRUZ,2017,05,15,0.0,14.8,1.0
115052,RINCON_DE_LA_CRUZ,2017,05,16,0.0,15.2,1.6
115052,RINCON_DE_LA_CRUZ,2017,05,17,0.0,14.4,2.6
115052,RINCON_DE_LA_CRUZ,2017,05,18,0.0,16.8,-0.4
115052,RINCON_DE_LA_CRUZ,2017,05,19,0.0,16.6,-1.0
115052,RINCON_DE_LA_CRUZ,2017,05,20,0.0,15.2,2.8
115052,RINCON_DE_LA_CRUZ,2017,05,21,-888,14.4,0.6
115052,RINCON_DE_LA_CRUZ,2017,05,22,17.8,13.8,3.6
115052,RINCON_DE_LA_CRUZ,2017,05,23,5.9,12.8,2.4
115052,RINCON_DE_LA_CRUZ,2017,05,24,2.0,12.0,2.6
115052,RINCON_DE_LA_CRUZ,2017,05,25,0.0,14.0,3.2
115052,RINCON_DE_LA_CRUZ,2017,05,26,1.4,14.0,4.0
115052,RINCON_DE_LA_CRUZ,2017,05,27,0.0,13.8,2.0
115052,RINCON_DE_LA_CRUZ,2017,05,28,9.0,13.6,3.6
115052,RINCON_DE_LA_CRUZ,2017,05,29,22.0,13.6,3.6
115052,RINCON_DE_LA_CRUZ,2017,05,30,1.0,10.2,2.6
115052,RINCON_DE_LA_CRUZ,2017,05,31,0.0,14.2,-1.0
115052,RINCON_DE_LA_CRUZ,2017,06,01,0.0,14.8,-1.0
115052,RINCON_DE_LA_CRUZ,2017,06,02,0.0,14.2,-1.4
115052,RINCON_DE_LA_CRUZ,2017,06,03,0.0,14.4,0.0
115052,RINCON_DE_LA_CRUZ,2017,06,04,0.0,14.8,1.8
115052,RINCON_DE_LA_CRUZ,2017,06,05,0.0,15.2,1.4
115052,RINCON_DE_LA_CRUZ,2017,06,06,0.0,14.0,0.6
115052,RINCON_DE_LA_CRUZ,2017,06,07,0.0,15.8,4.2
115052,RINCON_DE_LA_CRUZ,2017,06,08,0.0,15.4,-0.8
115052,RINCON_DE_LA_CRUZ,2017,06,09,0.0,12.8,-3.6
115052,RINCON_DE_LA_CRUZ,2017,06,10,0.0,13.8,2.8
115052,RINCON_DE_LA_CRUZ,2017,06,11,0.0,17.8,-1.6
115052,RINCON_DE_LA_CRUZ,2017,06,12,0.0,17.0,-1.8
115052,RINCON_DE_LA_CRUZ,2017,06,13,0.0,13.2,-4.8
115052,RINCON_DE_LA_CRUZ,2017,06,14,0.0,-999,-3.4
115052,RINCON_DE_LA_CRUZ,2017,06,15,0.0,14.4,-2.8
115052,RINCON_DE_LA_CRUZ,2017,06,16,0.0,14.2,-3.2
115052,RINCON_DE_LA_CRUZ,2017,06,17,0.0,14.8,-0.2
115052,RINCON_DE_LA_CRUZ,2017,06,18,0.0,16.0,-2.8
115052,RINCON_DE_LA_CRUZ,2017,06,19,0.0,14.8,-2.8
115052,RINCON_DE_LA_CRUZ,2017,06,20,0.0,13.8,1.0
115052,RINCON_DE_LA_CRUZ,2017,06,21,0.0,14.2,-0.8
115052,RINCON_DE_LA_CRUZ,2017,06,22,0.0,14.2,-2.4
115052,RINCON_DE_LA_CRUZ,2017,06,23,0.0,15.4,-1.6
115052,RINCON_DE_LA_CRUZ,2017,06,24,0.0,14.2,-1.8
115052,RINCON_DE_LA_CRUZ,2017,06,25,0.0,14.4,0.6
115052,RINCON_DE_LA_CRUZ,2017,06,26,0.0,14.4,3.2
115052,RINCON_DE_LA_CRUZ,2017,06,27,0.0,14.8,-3.2
115052,RINCON_DE_LA_CRUZ,2017,06,28,0.0,14.6,-0.6
115052,RINCON_DE_LA_CRUZ,2017,06,29,0.0,13.4,1.8
115052,RINCON_DE_LA_CRUZ,2017,06,30,3.8,14.6,3.4
115052,RINCON_DE_LA_CRUZ,2017,07,01,5.3,12.8,5.0
115052,RINCON_DE_LA_CRUZ,2017,07,02,0.5,11.6,2.8
115052,RINCON_DE_LA_CRUZ,2017,07,03,0.0,12.4,-0.3
115052,RINCON_DE_LA_CRUZ,2017,07,04,0.0,13.4,-3.4
115052,RINCON_DE_LA_CRUZ,2017,07,05,0.0,14.2,-3.4
115052,RINCON_DE_LA_CRUZ,2017,07,06,0.0,13.2,-2.6
115052,RINCON_DE_LA_CRUZ,2017,07,07,0.0,14.0,-1.0
115052,RINCON_DE_LA_CRUZ,2017,07,08,0.0,13.8,-5.6
115052,RINCON_DE_LA_CRUZ,2017,07,09,0.0,13.0,-3.0
115052,RINCON_DE_LA_CRUZ,2017,07,10,0.0,13.6,-1.8
115052,RINCON_DE_LA_CRUZ,2017,07,11,0.0,13.0,-4.8
115052,RINCON_DE_LA_CRUZ,2017,07,12,0.0,14.4,-4.0
115052,RINCON_DE_LA_CRUZ,2017,07,13,0.0,15.0,-1.6
115052,RINCON_DE_LA_CRUZ,2017,07,14,0.0,14.6,-2.6
115052,RINCON_DE_LA_CRUZ,2017,07,15,0.0,14.8,-1.4
115052,RINCON_DE_LA_CRUZ,2017,07,16,0.0,15.8,-3.0
115052,RINCON_DE_LA_CRUZ,2017,07,17,0.0,15.2,-0.2
115052,RINCON_DE_LA_CRUZ,2017,07,18,0.0,14.8,1.2
115052,RINCON_DE_LA_CRUZ,2017,07,19,0.0,14.4,-2.6
115052,RINCON_DE_LA_CRUZ,2017,07,20,0.0,15.4,-1.4
115052,RINCON_DE_LA_CRUZ,2017,07,21,0.0,16.4,-0.8
115052,RINCON_DE_LA_CRUZ,2017,07,22,0.0,15.8,0.2
115052,RINCON_DE_LA_CRUZ,2017,07,23,0.0,15.8,2.6
115052,RINCON_DE_LA_CRUZ,2017,07,24,0.0,16.6,-2.2
115052,RINCON_DE_LA_CRUZ,2017,07,25,0.0,14.8,-2.4
115052,RINCON_DE_LA_CRUZ,2017,07,26,0.0,15.0,-2.2
115052,RINCON_DE_LA_CRUZ,2017,07,27,0.0,13.8,-0.4
115052,RINCON_DE_LA_CRUZ,2017,07,28,0.0,14.4,-2.4
115052,RINCON_DE_LA_CRUZ,2017,07,29,0.0,15.0,-1.8
115052,RINCON_DE_LA_CRUZ,2017,07,30,0.0,14.6,0.4
115052,RINCON_DE_LA_CRUZ,2017,07,31,0.0,15.2,2.8
115052,RINCON_DE_LA_CRUZ,2017,08,01,0.0,14.8,-1.2
115052,RINCON_DE_LA_CRUZ,2017,08,02,0.0,17.0,-2.2
115052,RINCON_DE_LA_CRUZ,2017,08,03,0.0,16.8,1.6
115052,RINCON_DE_LA_CRUZ,2017,08,04,0.0,17.4,-0.8
115052,RINCON_DE_LA_CRUZ,2017,08,05,0.0,16.8,-1.8
115052,RINCON_DE_LA_CRUZ,2017,08,06,0.0,16.6,1.2
115052,RINCON_DE_LA_CRUZ,2017,08,07,0.0,16.0,-0.2
115052,RINCON_DE_LA_CRUZ,2017,08,08,0.0,16.8,0.0
115052,RINCON_DE_LA_CRUZ,2017,08,09,0.0,14.4,0.8
115052,RINCON_DE_LA_CRUZ,2017,08,10,0.0,14.8,-0.2
115052,RINCON_DE_LA_CRUZ,2017,08,11,0.0,17.0,-4.0
115052,RINCON_DE_LA_CRUZ,2017,08,12,0.0,16.8,-3.4
115052,RINCON_DE_LA_CRUZ,2017,08,13,0.0,13.6,-4.4
115052,RINCON_DE_LA_CRUZ,2017,08,14,0.0,15.0,-1.8
115052,RINCON_DE_LA_CRUZ,2017,08,15,0.0,15.8,2.8
115052,RINCON_DE_LA_CRUZ,2017,08,16,0.0,16.0,0.8
115052,RINCON_DE_LA_CRUZ,2017,08,17,0.0,15.6,2.4
115052,RINCON_DE_LA_CRUZ,2017,08,18,0.0,14.8,2.0
115052,RINCON_DE_LA_CRUZ,2017,08,19,0.0,13.2,-5.6
115052,RINCON_DE_LA_CRUZ,2017,08,20,0.0,15.8,-5.6
115052,RINCON_DE_LA_CRUZ,2017,08,21,0.0,15.2,0.4
115052,RINCON_DE_LA_CRUZ,2017,08,22,0.0,15.8,-0.6
115052,RINCON_DE_LA_CRUZ,2017,08,23,0.0,15.6,-3.4
115052,RINCON_DE_LA_CRUZ,2017,08,24,0.0,16.2,-2.4
115052,RINCON_DE_LA_CRUZ,2017,08,25,0.0,16.4,-1.6
115052,RINCON_DE_LA_CRUZ,2017,08,26,0.0,16.6,0.0
115052,RINCON_DE_LA_CRUZ,2017,08,27,0.0,16.8,1.8
115052,RINCON_DE_LA_CRUZ,2017,08,28,0.0,16.4,2.6
115052,RINCON_DE_LA_CRUZ,2017,08,29,0.0,16.4,1.4
115052,RINCON_DE_LA_CRUZ,2017,08,30,0.0,15.0,3.0
115052,RINCON_DE_LA_CRUZ,2017,08,31,0.0,15.4,0.0
115052,RINCON_DE_LA_CRUZ,2017,09,01,0.0,16.6,0.6
115052,RINCON_DE_LA_CRUZ,2017,09,02,0.0,17.6,3.0
115052,RINCON_DE_LA_CRUZ,2017,09,03,13.5,17.4,2.2
115052,RINCON_DE_LA_CRUZ,2017,09,04,2.0,16.8,2.6
115052,RINCON_DE_LA_CRUZ,2017,09,05,6.4,15.0,2.8
115052,RINCON_DE_LA_CRUZ,2017,09,06,2.7,14.6,2.8
115052,RINCON_DE_LA_CRUZ,2017,09,07,3.4,13.8,1.4
115052,RINCON_DE_LA_CRUZ,2017,09,08,0.5,12.2,2.6
115052,RINCON_DE_LA_CRUZ,2017,09,09,0.0,14.2,1.0
115052,RINCON_DE_LA_CRUZ,2017,09,10,0.0,14.8,0.2
115052,RINCON_DE_LA_CRUZ,2017,09,11,0.0,14.2,0.4
115052,RINCON_DE_LA_CRUZ,2017,09,12,0.0,15.0,4.4
115052,RINCON_DE_LA_CRUZ,2017,09,13,2.8,17.0,3.6
115052,RINCON_DE_LA_CRUZ,2017,09,14,9.2,16.2,2.0
115052,RINCON_DE_LA_CRUZ,2017,09,15,11.3,12.2,3.4
115052,RINCON_DE_LA_CRUZ,2017,09,16,6.4,13.0,3.2
115052,RINCON_DE_LA_CRUZ,2017,09,17,0.0,13.0,4.6
115052,RINCON_DE_LA_CRUZ,2017,09,18,0.0,16.2,3.8
115052,RINCON_DE_LA_CRUZ,2017,09,19,0.0,16.4,4.0
115052,RINCON_DE_LA_CRUZ,2017,09,20,0.0,17.6,2.0
115052,RINCON_DE_LA_CRUZ,2017,09,21,0.0,17.6,2.2
115052,RINCON_DE_LA_CRUZ,2017,09,22,0.0,14.8,4.6
115052,RINCON_DE_LA_CRUZ,2017,09,23,0.5,13.0,3.2
115052,RINCON_DE_LA_CRUZ,2017,09,24,0.0,15.6,3.8
115052,RINCON_DE_LA_CRUZ,2017,09,25,0.0,15.4,-1.2
115052,RINCON_DE_LA_CRUZ,2017,09,26,0.0,15.6,5.4
115052,RINCON_DE_LA_CRUZ,2017,09,27,3.0,11.8,3.0
115052,RINCON_DE_LA_CRUZ,2017,09,28,0.0,14.4,0.8
115052,RINCON_DE_LA_CRUZ,2017,09,29,0.0,14.2,-0.4
115052,RINCON_DE_LA_CRUZ,2017,09,30,-999,16.2,-2.2
115052,RINCON_DE_LA_CRUZ,2017,10,01,0.0,18.0,1.2
115052,RINCON_DE_LA_CRUZ,2017,10,02,0.0,14.6,-1.0
115052,RINCON_DE_LA_CRUZ,2017,10,03,0.0,14.8,-5.8
115052,RINCON_DE_LA_CRUZ,2017,10,04,0.0,16.8,-1.4
115052,RINCON_DE_LA_CRUZ,2017,10,05,0.0,18.0,3.0
115052,RINCON_DE_LA_CRUZ,2017,10,06,0.0,18.8,1.6
115052,RINCON_DE_LA_CRUZ,2017,10,07,0.0,17.4,3.2
115052,RINCON_DE_LA_CRUZ,2017,10,08,0.0,18.2,3.2
115052,RINCON_DE_LA_CRUZ,2017,10,09,0.0,18.2,2.8
115052,RINCON_DE_LA_CRUZ,2017,10,10,0.0,16.4,4.2
115052,RINCON_DE_LA_CRUZ,2017,10,11,3.4,16.4,2.4
115052,RINCON_DE_LA_CRUZ,2017,10,12,0.3,16.2,3.8
115052,RINCON_DE_LA_CRUZ,2017,10,13,0.0,16.0,3.6
115052,RINCON_DE_LA_CRUZ,2017,10,14,5.9,15.0,5.4
115052,RINCON_DE_LA_CRUZ,2017,10,15,6.4,12.8,4.2
115052,RINCON_DE_LA_CRUZ,2017,10,16,18.3,13.8,-999
115052,RINCON_DE_LA_CRUZ,2017,10,17,4.5,15.6,1.0
115052,RINCON_DE_LA_CRUZ,2017,10,18,1.0,16.0,1.8
115052,RINCON_DE_LA_CRUZ,2017,10,19,0.0,16.8,1.8
115052,RINCON_DE_LA_CRUZ,2017,10,20,0.0,16.4,2.0
115052,RINCON_DE_LA_CRUZ,2017,10,21,0.0,16.6,2.4
115052,RINCON_DE_LA_CRUZ,2017,10,22,0.0,-999,3.8
115052,RINCON_DE_LA_CRUZ,2017,10,23,0.0,17.0,5.8
115052,RINCON_DE_LA_CRUZ,2017,10,24,0.0,17.8,2.6
115052,RINCON_DE_LA_CRUZ,2017,10,25,0.0,17.8,2.8
115052,RINCON_DE_LA_CRUZ,2017,10,26,0.0,-999,0.8
115052,RINCON_DE_LA_CRUZ,2017,10,27,1.1,-999,3.8
115052,RINCON_DE_LA_CRUZ,2017,10,28,0.0,-999,4.8
115052,RINCON_DE_LA_CRUZ,2017,10,29,0.0,17.2,3.6
115052,RINCON_DE_LA_CRUZ,2017,10,30,0.0,17.6,3.4
115052,RINCON_DE_LA_CRUZ,2017,10,31,0.0,17.0,4.2
115052,RINCON_DE_LA_CRUZ,2017,11,01,0.0,16.4,3.4
115052,RINCON_DE_LA_CRUZ,2017,11,02,0.0,19.4,1.4
115052,RINCON_DE_LA_CRUZ,2017,11,03,0.5,19.0,5.8
115052,RINCON_DE_LA_CRUZ,2017,11,04,0.0,17.8,5.0
115052,RINCON_DE_LA_CRUZ,2017,11,05,0.0,18.0,3.4
115052,RINCON_DE_LA_CRUZ,2017,11,06,0.0,18.0,4.6
115052,RINCON_DE_LA_CRUZ,2017,11,07,0.0,17.4,3.8
115052,RINCON_DE_LA_CRUZ,2017,11,08,0.0,19.0,6.0
115052,RINCON_DE_LA_CRUZ,2017,11,09,0.0,17.8,4.8
115052,RINCON_DE_LA_CRUZ,2017,11,10,0.0,18.0,4.8
115052,RINCON_DE_LA_CRUZ,2017,11,11,7.8,17.2,4.0
115052,RINCON_DE_LA_CRUZ,2017,11,12,0.5,15.8,5.2
115052,RINCON_DE_LA_CRUZ,2017,11,13,0.0,16.4,5.2
115052,RINCON_DE_LA_CRUZ,2017,11,14,0.0,18.4,5.6
115052,RINCON_DE_LA_CRUZ,2017,11,15,5.3,17.2,6.0
115052,RINCON_DE_LA_CRUZ,2017,11,16,3.5,18.8,4.4
115052,RINCON_DE_LA_CRUZ,2017,11,17,0.0,18.4,3.8
115052,RINCON_DE_LA_CRUZ,2017,11,18,0.0,19.2,5.4
115052,RINCON_DE_LA_CRUZ,2017,11,19,0.0,18.0,3.6
115052,RINCON_DE_LA_CRUZ,2017,11,20,0.0,17.8,-1.2
115052,RINCON_DE_LA_CRUZ,2017,11,21,0.0,18.8,1.0
115052,RINCON_DE_LA_CRUZ,2017,11,22,0.0,18.2,0.6
115052,RINCON_DE_LA_CRUZ,2017,11,23,0.0,18.2,4.8
115052,RINCON_DE_LA_CRUZ,2017,11,24,0.0,20.2,4.2
115052,RINCON_DE_LA_CRUZ,2017,11,25,0.0,20.4,4.4
115052,RINCON_DE_LA_CRUZ,2017,11,26,0.0,20.2,7.0
115052,RINCON_DE_LA_CRUZ,2017,11,27,0.5,18.6,5.8
115052,RINCON_DE_LA_CRUZ,2017,11,28,10.5,17.2,5.8
115052,RINCON_DE_LA_CRUZ,2017,11,29,0.0,15.4,5.6
115052,RINCON_DE_LA_CRUZ,2017,11,30,0.0,19.0,6.4
115052,RINCON_DE_LA_CRUZ,2017,12,01,0.0,18.2,6.2
115052,RINCON_DE_LA_CRUZ,2017,12,02,19.2,18.4,1.6
115052,RINCON_DE_LA_CRUZ,2017,12,03,0.5,16.2,4.8
115052,RINCON_DE_LA_CRUZ,2017,12,04,0.0,16.8,5.8
115052,RINCON_DE_LA_CRUZ,2017,12,05,2.4,14.6,4.6
115052,RINCON_DE_LA_CRUZ,2017,12,06,0.0,17.2,6.0
115052,RINCON_DE_LA_CRUZ,2017,12,07,9.0,17.6,-999
115052,RINCON_DE_LA_CRUZ,2017,12,08,2.2,16.0,3.0
115052,RINCON_DE_LA_CRUZ,2017,12,09,5.7,17.2,5.0
115052,RINCON_DE_LA_CRUZ,2017,12,10,0.0,17.4,1.6
115052,RINCON_DE_LA_CRUZ,2017,12,11,0.0,16.4,6.4
115052,RINCON_DE_LA_CRUZ,2017,12,12,0.0,17.8,6.4
115052,RINCON_DE_LA_CRUZ,2017,12,13,0.0,18.6,5.0
115052,RINCON_DE_LA_CRUZ,2017,12,14,0.0,17.8,5.4
115052,RINCON_DE_LA_CRUZ,2017,12,15,0.0,15.2,7.6
115052,RINCON_DE_LA_CRUZ,2017,12,16,0.0,17.4,7.0
115052,RINCON_DE_LA_CRUZ,2017,12,17,0.0,18.2,6.0
115052,RINCON_DE_LA_CRUZ,2017,12,18,0.0,15.2,4.4
115052,RINCON_DE_LA_CRUZ,2017,12,19,3.2,16.2,5.4
115052,RINCON_DE_LA_CRUZ,2017,12,20,0.5,17.0,6.0
115052,RINCON_DE_LA_CRUZ,2017,12,21,4.4,15.8,-999
115052,RINCON_DE_LA_CRUZ,2017,12,22,5.6,15.8,6.4
115052,RINCON_DE_LA_CRUZ,2017,12,23,0.0,17.8,4.2
115052,RINCON_DE_LA_CRUZ,2017,12,24,3.8,18.2,6.2
115052,RINCON_DE_LA_CRUZ,2017,12,25,2.2,17.2,7.0
115052,RINCON_DE_LA_CRUZ,2017,12,26,8.2,16.6,4.2
115052,RINCON_DE_LA_CRUZ,2017,12,27,10.0,15.4,5.0
115052,RINCON_DE_LA_CRUZ,2017,12,28,13.7,15.6,5.4
115052,RINCON_DE_LA_CRUZ,2017,12,29,23.5,12.2,5.6
115052,RINCON_DE_LA_CRUZ,2017,12,30,0.0,15.6,5.4
115052,RINCON_DE_LA_CRUZ,2017,12,31,1.2,17.8,6.2
115052,RINCON_DE_LA_CRUZ,2018,01,01,2.4,17.8,6.4
115052,RINCON_DE_LA_CRUZ,2018,01,02,3.8,16.6,4.8
115052,RINCON_DE_LA_CRUZ,2018,01,03,12.3,15.6,4.0
115052,RINCON_DE_LA_CRUZ,2018,01,04,0.0,15.8,5.2
115052,RINCON_DE_LA_CRUZ,2018,01,05,0.0,17.2,4.6
115052,RINCON_DE_LA_CRUZ,2018,01,06,10.0,17.0,6.8
115052,RINCON_DE_LA_CRUZ,2018,01,07,7.2,14.0,4.4
115052,RINCON_DE_LA_CRUZ,2018,01,08,2.6,13.6,5.0
115052,RINCON_DE_LA_CRUZ,2018,01,09,3.1,15.4,5.4
115052,RINCON_DE_LA_CRUZ,2018,01,10,4.2,14.4,5.2
115052,RINCON_DE_LA_CRUZ,2018,01,11,1.3,14.4,5.2
115052,RINCON_DE_LA_CRUZ,2018,01,12,7.6,13.0,-999
115052,RINCON_DE_LA_CRUZ,2018,01,13,3.5,14.2,4.0
115052,RINCON_DE_LA_CRUZ,2018,01,14,14.0,15.0,3.8
115052,RINCON_DE_LA_CRUZ,2018,01,15,5.8,14.2,5.0
115052,RINCON_DE_LA_CRUZ,2018,01,16,1.2,15.2,4.6
115052,RINCON_DE_LA_CRUZ,2018,01,17,12.0,15.8,6.2
115052,RINCON_DE_LA_CRUZ,2018,01,18,9.7,14.6,4.6
115052,RINCON_DE_LA_CRUZ,2018,01,19,5.3,14.4,5.2
115052,RINCON_DE_LA_CRUZ,2018,01,20,11.6,14.6,-999
115052,RINCON_DE_LA_CRUZ,2018,01,21,0.5,15.0,3.6
115052,RINCON_DE_LA_CRUZ,2018,01,22,17.3,15.6,4.6
115052,RINCON_DE_LA_CRUZ,2018,01,23,8.8,15.4,2.6
115052,RINCON_DE_LA_CRUZ,2018,01,24,10.0,15.2,4.8
115052,RINCON_DE_LA_CRUZ,2018,01,25,10.3,14.6,-999
115052,RINCON_DE_LA_CRUZ,2018,01,26,1.8,16.0,3.8
115052,RINCON_DE_LA_CRUZ,2018,01,27,0.0,15.2,5.0
115052,RINCON_DE_LA_CRUZ,2018,01,28,0.0,15.2,5.8
115052,RINCON_DE_LA_CRUZ,2018,01,29,0.0,15.6,4.8
115052,RINCON_DE_LA_CRUZ,2018,01,30,0.0,16.6,6.2
115052,RINCON_DE_LA_CRUZ,2018,01,31,0.0,16.0,5.6
115052,RINCON_DE_LA_CRUZ,2018,02,01,16.2,14.6,5.8
115052,RINCON_DE_LA_CRUZ,2018,02,02,9.8,13.4,5.4
115052,RINCON_DE_LA_CRUZ,2018,02,03,8.3,15.2,4.0
115052,RINCON_DE_LA_CRUZ,2018,02,04,6.7,16.0,6.4
115052,RINCON_DE_LA_CRUZ,2018,02,05,0.0,16.8,6.6
115052,RINCON_DE_LA_CRUZ,2018,02,06,0.0,15.2,8.6
115052,RINCON_DE_LA_CRUZ,2018,02,07,1.0,15.2,6.4
115052,RINCON_DE_LA_CRUZ,2018,02,08,9.9,14.4,-999
115052,RINCON_DE_LA_CRUZ,2018,02,09,8.3,14.2,4.0
115052,RINCON_DE_LA_CRUZ,2018,02,10,8.2,14.4,6.0
115052,RINCON_DE_LA_CRUZ,2018,02,11,5.8,13.8,5.0
115052,RINCON_DE_LA_CRUZ,2018,02,12,10.4,13.4,5.2
115052,RINCON_DE_LA_CRUZ,2018,02,13,4.5,14.2,6.2
115052,RINCON_DE_LA_CRUZ,2018,02,14,0.4,13.6,6.4
115052,RINCON_DE_LA_CRUZ,2018,02,15,3.7,14.2,6.0
115052,RINCON_DE_LA_CRUZ,2018,02,16,12.9,14.6,6.2
115052,RINCON_DE_LA_CRUZ,2018,02,17,0.5,15.6,5.4
115052,RINCON_DE_LA_CRUZ,2018,02,18,1.0,16.4,5.0
115052,RINCON_DE_LA_CRUZ,2018,02,19,0.0,16.0,1.2
115052,RINCON_DE_LA_CRUZ,2018,02,20,4.3,16.8,3.6
115052,RINCON_DE_LA_CRUZ,2018,02,21,7.9,15.6,5.2
115052,RINCON_DE_LA_CRUZ,2018,02,22,14.5,10.6,-999
115052,RINCON_DE_LA_CRUZ,2018,02,23,4.2,16.0,4.4
115052,RINCON_DE_LA_CRUZ,2018,02,24,15.6,14.0,3.8
115052,RINCON_DE_LA_CRUZ,2018,02,25,0.0,14.0,4.8
115052,RINCON_DE_LA_CRUZ,2018,02,26,2.5,14.2,4.8
115052,RINCON_DE_LA_CRUZ,2018,02,27,0.0,15.2,5.6
115052,RINCON_DE_LA_CRUZ,2018,02,28,21.4,17.2,3.8
115052,RINCON_DE_LA_CRUZ,2018,03,01,7.4,14.0,6.2
115052,RINCON_DE_LA_CRUZ,2018,03,02,15.3,14.4,6.2
115052,RINCON_DE_LA_CRUZ,2018,03,03,2.8,14.4,5.2
115052,RINCON_DE_LA_CRUZ,2018,03,04,3.4,15.8,5.8
115052,RINCON_DE_LA_CRUZ,2018,03,05,16.5,13.4,5.0
115052,RINCON_DE_LA_CRUZ,2018,03,06,19.3,14.2,5.4
115052,RINCON_DE_LA_CRUZ,2018,03,07,7.8,11.8,4.8
115052,RINCON_DE_LA_CRUZ,2018,03,08,3.0,13.4,6.0
115052,RINCON_DE_LA_CRUZ,2018,03,09,1.1,15.2,6.2
115052,RINCON_DE_LA_CRUZ,2018,03,10,0.0,15.0,6.4
115052,RINCON_DE_LA_CRUZ,2018,03,11,2.1,17.4,5.4
115052,RINCON_DE_LA_CRUZ,2018,03,12,2.5,15.6,7.6
115052,RINCON_DE_LA_CRUZ,2018,03,13,0.0,15.8,6.8
115052,RINCON_DE_LA_CRUZ,2018,03,14,3.8,14.4,7.0
115052,RINCON_DE_LA_CRUZ,2018,03,15,2.0,15.6,6.6
115052,RINCON_DE_LA_CRUZ,2018,03,16,6.6,12.6,7.0
115052,RINCON_DE_LA_CRUZ,2018,03,17,-888,14.2,6.8
115052,RINCON_DE_LA_CRUZ,2018,03,18,0.8,15.0,6.0
115052,RINCON_DE_LA_CRUZ,2018,03,19,8.0,14.6,5.4
115052,RINCON_DE_LA_CRUZ,2018,03,20,1.0,15.0,4.2
115052,RINCON_DE_LA_CRUZ,2018,03,21,2.0,14.8,6.2
115052,RINCON_DE_LA_CRUZ,2018,03,22,0.0,16.0,4.4
115052,RINCON_DE_LA_CRUZ,2018,03,23,0.0,16.6,5.2
115052,RINCON_DE_LA_CRUZ,2018,03,24,0.0,17.4,6.0
115052,RINCON_DE_LA_CRUZ,2018,03,25,1.0,14.2,4.2
115052,RINCON_DE_LA_CRUZ,2018,03,26,0.0,15.0,6.6
115052,RINCON_DE_LA_CRUZ,2018,03,27,0.0,15.2,3.6
115052,RINCON_DE_LA_CRUZ,2018,03,28,0.0,15.6,3.6
115052,RINCON_DE_LA_CRUZ,2018,03,29,0.0,15.2,1.6
115052,RINCON_DE_LA_CRUZ,2018,03,30,0.0,13.2,4.6
115052,RINCON_DE_LA_CRUZ,2018,03,31,0.0,13.8,2.2
115052,RINCON_DE_LA_CRUZ,2018,04,01,0.0,14.4,3.0
115052,RINCON_DE_LA_CRUZ,2018,04,02,0.0,15.0,0.4
115052,RINCON_DE_LA_CRUZ,2018,04,03,0.0,15.2,3.6
115052,RINCON_DE_LA_CRUZ,2018,04,04,0.0,15.2,3.4
115052,RINCON_DE_LA_CRUZ,2018,04,05,0.0,15.8,2.8
115052,RINCON_DE_LA_CRUZ,2018,04,06,0.0,14.8,2.4
115052,RINCON_DE_LA_CRUZ,2018,04,07,0.0,15.2,1.6
115052,RINCON_DE_LA_CRUZ,2018,04,08,0.0,15.8,4.4
115052,RINCON_DE_LA_CRUZ,2018,04,09,0.0,15.2,2.2
115052,RINCON_DE_LA_CRUZ,2018,04,10,0.0,15.8,3.6
115052,RINCON_DE_LA_CRUZ,2018,04,11,0.0,15.6,3.2
115052,RINCON_DE_LA_CRUZ,2018,04,12,0.0,17.2,2.8
115052,RINCON_DE_LA_CRUZ,2018,04,13,0.8,13.6,3.8
115052,RINCON_DE_LA_CRUZ,2018,04,14,0.0,14.8,5.0
115052,RINCON_DE_LA_CRUZ,2018,04,15,0.0,15.6,0.8
115052,RINCON_DE_LA_CRUZ,2018,04,16,0.0,15.0,0.6
115052,RINCON_DE_LA_CRUZ,2018,04,17,0.0,16.2,0.8
115052,RINCON_DE_LA_CRUZ,2018,04,18,0.0,14.6,4.6
115052,RINCON_DE_LA_CRUZ,2018,04,19,0.0,14.8,3.0
115052,RINCON_DE_LA_CRUZ,2018,04,20,0.0,16.0,3.2
115052,RINCON_DE_LA_CRUZ,2018,04,21,0.0,14.4,1.0
115052,RINCON_DE_LA_CRUZ,2018,04,22,12.6,15.4,3.2
115052,RINCON_DE_LA_CRUZ,2018,04,23,17.0,15.8,4.0
115052,RINCON_DE_LA_CRUZ,2018,04,24,30.0,13.6,3.0
115052,RINCON_DE_LA_CRUZ,2018,04,25,11.8,13.8,3.6
115052,RINCON_DE_LA_CRUZ,2018,04,26,0.0,13.4,2.8
115052,RINCON_DE_LA_CRUZ,2018,04,27,0.5,15.2,4.0
115052,RINCON_DE_LA_CRUZ,2018,04,28,1.5,15.0,-999
115052,RINCON_DE_LA_CRUZ,2018,04,29,0.0,13.6,2.6
115052,RINCON_DE_LA_CRUZ,2018,04,30,0.0,14.8,2.6
115052,RINCON_DE_LA_CRUZ,2018,05,01,0.0,14.4,4.0
115052,RINCON_DE_LA_CRUZ,2018,05,02,0.0,15.0,3.8
115052,RINCON_DE_LA_CRUZ,2018,05,03,0.0,16.0,1.6
115052,RINCON_DE_LA_CRUZ,2018,05,04,5.0,15.6,2.4
115052,RINCON_DE_LA_CRUZ,2018,05,05,3.2,14.0,3.2
115052,RINCON_DE_LA_CRUZ,2018,05,06,0.0,14.0,3.6
115052,RINCON_DE_LA_CRUZ,2018,05,07,1.5,13.8,1.6
115052,RINCON_DE_LA_CRUZ,2018,05,08,2.5,14.0,1.6
115052,RINCON_DE_LA_CRUZ,2018,05,09,0.0,13.6,3.2
115052,RINCON_DE_LA_CRUZ,2018,05,10,0.0,15.2,4.4
115052,RINCON_DE_LA_CRUZ,2018,05,11,0.0,14.8,-0.6
115052,RINCON_DE_LA_CRUZ,2018,05,12,0.0,14.6,3.6
115052,RINCON_DE_LA_CRUZ,2018,05,13,0.0,14.0,1.0
115052,RINCON_DE_LA_CRUZ,2018,05,14,0.0,15.4,-2.8
115052,RINCON_DE_LA_CRUZ,2018,05,15,0.0,14.2,-3.0
115052,RINCON_DE_LA_CRUZ,2018,05,16,0.0,14.4,-1.2
115052,RINCON_DE_LA_CRUZ,2018,05,17,0.0,15.0,-1.8
115052,RINCON_DE_LA_CRUZ,2018,05,18,0.0,14.0,2.6
115052,RINCON_DE_LA_CRUZ,2018,05,19,0.0,15.4,-2.0
115052,RINCON_DE_LA_CRUZ,2018,05,20,0.0,14.0,-1.4
115052,RINCON_DE_LA_CRUZ,2018,05,21,0.0,13.8,1.2
115052,RINCON_DE_LA_CRUZ,2018,05,22,0.0,15.0,-0.2
115052,RINCON_DE_LA_CRUZ,2018,05,23,0.0,14.8,2.6
115052,RINCON_DE_LA_CRUZ,2018,05,24,0.0,14.6,0.0
115052,RINCON_DE_LA_CRUZ,2018,05,25,0.0,13.6,1.2
115052,RINCON_DE_LA_CRUZ,2018,05,26,0.0,13.8,-0.6
115052,RINCON_DE_LA_CRUZ,2018,05,27,0.0,15.2,-0.8
115052,RINCON_DE_LA_CRUZ,2018,05,28,0.0,14.6,-0.6
115052,RINCON_DE_LA_CRUZ,2018,05,29,0.0,14.6,-4.2
115052,RINCON_DE_LA_CRUZ,2018,05,30,0.0,15.0,-5.8
115052,RINCON_DE_LA_CRUZ,2018,05,31,0.0,13.6,-2.4
115052,RINCON_DE_LA_CRUZ,2018,06,01,0.0,15.4,-6.2
115052,RINCON_DE_LA_CRUZ,2018,06,02,11.8,14.6,-2.4
115052,RINCON_DE_LA_CRUZ,2018,06,03,1.4,7.6,-999
115052,RINCON_DE_LA_CRUZ,2018,06,04,2.2,10.2,1.8
115052,RINCON_DE_LA_CRUZ,2018,06,05,0.0,13.2,0.4
115052,RINCON_DE_LA_CRUZ,2018,06,06,0.0,14.0,-0.8
115052,RINCON_DE_LA_CRUZ,2018,06,07,0.5,13.0,0.6
115052,RINCON_DE_LA_CRUZ,2018,06,08,0.0,13.6,-0.8
115052,RINCON_DE_LA_CRUZ,2018,06,09,0.4,12.2,0.8
115052,RINCON_DE_LA_CRUZ,2018,06,10,0.0,13.4,0.8
115052,RINCON_DE_LA_CRUZ,2018,06,11,0.0,14.4,0.4
115052,RINCON_DE_LA_CRUZ,2018,06,12,0.0,13.2,-3.6
115052,RINCON_DE_LA_CRUZ,2018,06,13,0.0,14.2,-2.2
115052,RINCON_DE_LA_CRUZ,2018,06,14,0.0,13.6,1.0
115052,RINCON_DE_LA_CRUZ,2018,06,15,0.0,13.8,-0.4
115052,RINCON_DE_LA_CRUZ,2018,06,16,0.0,13.2,0.2
115052,RINCON_DE_LA_CRUZ,2018,06,17,0.0,13.6,-2.4
115052,RINCON_DE_LA_CRUZ,2018,06,18,0.0,14.2,1.2
115052,RINCON_DE_LA_CRUZ,2018,06,19,0.0,13.6,2.6
115052,RINCON_DE_LA_CRUZ,2018,06,20,0.0,13.6,0.2
115052,RINCON_DE_LA_CRUZ,2018,06,21,0.0,14.2,-2.4
115052,RINCON_DE_LA_CRUZ,2018,06,22,0.0,11.6,-2.0
115052,RINCON_DE_LA_CRUZ,2018,06,23,0.0,13.4,2.4
115052,RINCON_DE_LA_CRUZ,2018,06,24,0.0,14.0,-2.8
115052,RINCON_DE_LA_CRUZ,2018,06,25,0.0,13.8,-2.4
115052,RINCON_DE_LA_CRUZ,2018,06,26,0.0,13.8,-0.8
115052,RINCON_DE_LA_CRUZ,2018,06,27,0.0,14.2,-1.6
115052,RINCON_DE_LA_CRUZ,2018,06,28,0.0,14.6,-0.2
115052,RINCON_DE_LA_CRUZ,2018,06,29,0.0,14.2,-0.4
115052,RINCON_DE_LA_CRUZ,2018,06,30,0.0,14.8,-0.4
115052,RINCON_DE_LA_CRUZ,2018,07,01,0.0,14.2,0.6
115052,RINCON_DE_LA_CRUZ,2018,07,02,0.0,15.0,-1.0
115052,RINCON_DE_LA_CRUZ,2018,07,03,0.0,13.4,-2.2
115052,RINCON_DE_LA_CRUZ,2018,07,04,0.0,13.8,-1.2
115052,RINCON_DE_LA_CRUZ,2018,07,05,0.0,15.4,-0.8
115052,RINCON_DE_LA_CRUZ,2018,07,06,0.0,15.4,-1.2
115052,RINCON_DE_LA_CRUZ,2018,07,07,0.0,15.8,-1.8
115052,RINCON_DE_LA_CRUZ,2018,07,08,0.0,15.8,-2.8
115052,RINCON_DE_LA_CRUZ,2018,07,09,3.2,15.0,-2.6
115052,RINCON_DE_LA_CRUZ,2018,07,10,0.5,13.4,0.2
115052,RINCON_DE_LA_CRUZ,2018,07,11,0.4,14.2,1.2
115052,RINCON_DE_LA_CRUZ,2018,07,12,0.0,12.6,2.6
115052,RINCON_DE_LA_CRUZ,2018,07,13,0.0,13.4,2.6
115052,RINCON_DE_LA_CRUZ,2018,07,14,1.8,11.6,0.0
115052,RINCON_DE_LA_CRUZ,2018,07,15,0.0,12.4,-3.2
115052,RINCON_DE_LA_CRUZ,2018,07,16,0.0,13.6,-2.0
115052,RINCON_DE_LA_CRUZ,2018,07,17,0.0,14.4,-1.0
115052,RINCON_DE_LA_CRUZ,2018,07,18,0.0,15.0,3.8
115052,RINCON_DE_LA_CRUZ,2018,07,19,7.9,14.0,2.0
115052,RINCON_DE_LA_CRUZ,2018,07,20,10.1,11.0,0.6
115052,RINCON_DE_LA_CRUZ,2018,07,21,19.4,6.6,-999
115052,RINCON_DE_LA_CRUZ,2018,07,22,0.0,9.8,-2.6
115052,RINCON_DE_LA_CRUZ,2018,07,23,0.0,13.4,-2.0
115052,RINCON_DE_LA_CRUZ,2018,07,24,0.0,14.8,-2.0
115052,RINCON_DE_LA_CRUZ,2018,07,25,0.0,13.6,0.4
115052,RINCON_DE_LA_CRUZ,2018,07,26,0.0,13.8,-0.4
115052,RINCON_DE_LA_CRUZ,2018,07,27,0.0,13.6,1.6
115052,RINCON_DE_LA_CRUZ,2018,07,28,0.0,14.8,3.2
115052,RINCON_DE_LA_CRUZ,2018,07,29,0.0,15.0,-999
115052,RINCON_DE_LA_CRUZ,2018,07,30,0.0,15.6,-999
115052,RINCON_DE_LA_CRUZ,2018,07,31,0.0,13.8,-999
115052,RINCON_DE_LA_CRUZ,2018,08,01,0.0,14.4,-1.4
115052,RINCON_DE_LA_CRUZ,2018,08,02,-888,16.6,2.2
115052,RINCON_DE_LA_CRUZ,2018,08,03,0.0,13.6,3.2
115052,RINCON_DE_LA_CRUZ,2018,08,04,0.0,15.2,3.2
115052,RINCON_DE_LA_CRUZ,2018,08,05,0.0,14.8,-1.6
115052,RINCON_DE_LA_CRUZ,2018,08,06,0.0,13.0,-6.4
115052,RINCON_DE_LA_CRUZ,2018,08,07,-888,13.0,-2.8
115052,RINCON_DE_LA_CRUZ,2018,08,08,3.0,13.2,-2.8
115052,RINCON_DE_LA_CRUZ,2018,08,09,0.0,14.4,1.8
115052,RINCON_DE_LA_CRUZ,2018,08,10,0.0,13.0,0.4
115052,RINCON_DE_LA_CRUZ,2018,08,11,0.0,14.0,0.8
115052,RINCON_DE_LA_CRUZ,2018,08,12,0.0,14.4,-0.8
115052,RINCON_DE_LA_CRUZ,2018,08,13,0.0,14.4,0.6
115052,RINCON_DE_LA_CRUZ,2018,08,14,0.0,13.2,-2.4
115052,RINCON_DE_LA_CRUZ,2018,08,15,0.0,13.6,1.0
115052,RINCON_DE_LA_CRUZ,2018,08,16,0.0,13.4,1.2
115052,RINCON_DE_LA_CRUZ,2018,08,17,0.0,14.6,-0.6
115052,RINCON_DE_LA_CRUZ,2018,08,18,0.0,14.2,-0.2
115052,RINCON_DE_LA_CRUZ,2018,08,19,0.6,14.6,-1.0
115052,RINCON_DE_LA_CRUZ,2018,08,20,-888,14.6,-0.4
115052,RINCON_DE_LA_CRUZ,2018,08,21,0.0,14.8,0.4
115052,RINCON_DE_LA_CRUZ,2018,08,22,0.0,13.8,-2.2
115052,RINCON_DE_LA_CRUZ,2018,08,23,0.0,15.2,-2.2
115052,RINCON_DE_LA_CRUZ,2018,08,24,0.0,-999,-4.4
115052,RINCON_DE_LA_CRUZ,2018,08,25,0.0,-999,-0.6
115052,RINCON_DE_LA_CRUZ,2018,08,26,0.0,-999,0.4
115052,RINCON_DE_LA_CRUZ,2018,08,27,0.0,15.0,1.8
115052,RINCON_DE_LA_CRUZ,2018,08,28,0.0,15.2,2.0
115052,RINCON_DE_LA_CRUZ,2018,08,29,0.0,15.8,3.2
115052,RINCON_DE_LA_CRUZ,2018,08,30,0.0,15.4,2.8
115052,RINCON_DE_LA_CRUZ,2018,08,31,0.0,15.0,-0.2
115052,RINCON_DE_LA_CRUZ,2018,09,01,0.0,18.0,1.2
115052,RINCON_DE_LA_CRUZ,2018,09,02,0.0,14.2,-4.2
115052,RINCON_DE_LA_CRUZ,2018,09,03,0.0,14.0,1.8
115052,RINCON_DE_LA_CRUZ,2018,09,04,0.0,14.2,-3.0
115052,RINCON_DE_LA_CRUZ,2018,09,05,0.0,15.0,1.0
115052,RINCON_DE_LA_CRUZ,2018,09,06,0.0,15.4,-1.2
115052,RINCON_DE_LA_CRUZ,2018,09,07,0.0,16.2,-1.0
115052,RINCON_DE_LA_CRUZ,2018,09,08,0.0,15.6,1.2
115052,RINCON_DE_LA_CRUZ,2018,09,09,0.0,15.8,0.4
115052,RINCON_DE_LA_CRUZ,2018,09,10,0.0,15.0,1.2
115052,RINCON_DE_LA_CRUZ,2018,09,11,0.0,15.4,2.6
115052,RINCON_DE_LA_CRUZ,2018,09,12,0.0,15.2,-0.4
115052,RINCON_DE_LA_CRUZ,2018,09,13,0.0,15.8,2.2
115052,RINCON_DE_LA_CRUZ,2018,09,14,0.0,15.4,3.0
115052,RINCON_DE_LA_CRUZ,2018,09,15,0.0,16.4,4.4
115052,RINCON_DE_LA_CRUZ,2018,09,16,0.0,17.2,0.8
115052,RINCON_DE_LA_CRUZ,2018,09,17,0.0,16.0,0.8
115052,RINCON_DE_LA_CRUZ,2018,09,18,0.0,14.6,-5.2
115052,RINCON_DE_LA_CRUZ,2018,09,19,0.0,17.2,-5.2
115052,RINCON_DE_LA_CRUZ,2018,09,20,0.0,17.2,-1.2
115052,RINCON_DE_LA_CRUZ,2018,09,21,0.0,17.4,1.0
115052,RINCON_DE_LA_CRUZ,2018,09,22,0.0,16.0,1.2
115052,RINCON_DE_LA_CRUZ,2018,09,23,0.0,15.4,1.6
115052,RINCON_DE_LA_CRUZ,2018,09,24,0.0,15.0,3.0
115052,RINCON_DE_LA_CRUZ,2018,09,25,0.0,16.6,2.8
115052,RINCON_DE_LA_CRUZ,2018,09,26,0.0,14.6,4.0
115052,RINCON_DE_LA_CRUZ,2018,09,27,0.0,16.6,1.8
115052,RINCON_DE_LA_CRUZ,2018,09,28,0.0,16.8,2.8
115052,RINCON_DE_LA_CRUZ,2018,09,29,0.0,16.6,0.8
115052,RINCON_DE_LA_CRUZ,2018,09,30,0.0,17.2,1.0
115052,RINCON_DE_LA_CRUZ,2018,10,01,0.0,18.8,1.6
115052,RINCON_DE_LA_CRUZ,2018,10,02,0.0,18.0,2.6
115052,RINCON_DE_LA_CRUZ,2018,10,03,0.0,16.2,2.4
115052,RINCON_DE_LA_CRUZ,2018,10,04,9.8,15.0,2.8
115052,RINCON_DE_LA_CRUZ,2018,10,05,33.5,15.2,4.0
115052,RINCON_DE_LA_CRUZ,2018,10,06,30.9,15.0,2.4
115052,RINCON_DE_LA_CRUZ,2018,10,07,0.0,15.6,2.8
115052,RINCON_DE_LA_CRUZ,2018,10,08,0.0,14.2,3.4
115052,RINCON_DE_LA_CRUZ,2018,10,09,0.0,17.2,3.8
115052,RINCON_DE_LA_CRUZ,2018,10,10,-888,17.4,2.8
115052,RINCON_DE_LA_CRUZ,2018,10,11,5.7,15.0,-999
115052,RINCON_DE_LA_CRUZ,2018,10,12,18.8,16.4,4.2
115052,RINCON_DE_LA_CRUZ,2018,10,13,1.0,13.0,4.4
115052,RINCON_DE_LA_CRUZ,2018,10,14,0.0,18.2,5.8
115052,RINCON_DE_LA_CRUZ,2018,10,15,3.2,14.2,5.4
115052,RINCON_DE_LA_CRUZ,2018,10,16,0.0,16.8,3.6
115052,RINCON_DE_LA_CRUZ,2018,10,17,0.0,17.8,1.8
115052,RINCON_DE_LA_CRUZ,2018,10,18,4.2,16.6,3.4
115052,RINCON_DE_LA_CRUZ,2018,10,19,3.8,16.6,5.4
115052,RINCON_DE_LA_CRUZ,2018,10,20,0.0,15.0,5.4
115052,RINCON_DE_LA_CRUZ,2018,10,21,0.0,16.0,4.0
115052,RINCON_DE_LA_CRUZ,2018,10,22,0.0,16.8,6.0
115052,RINCON_DE_LA_CRUZ,2018,10,23,0.0,16.6,6.2
115052,RINCON_DE_LA_CRUZ,2018,10,24,2.5,16.2,5.0
115052,RINCON_DE_LA_CRUZ,2018,10,25,1.8,13.8,5.0
115052,RINCON_DE_LA_CRUZ,2018,10,26,0.0,16.6,4.0
115052,RINCON_DE_LA_CRUZ,2018,10,27,0.5,18.0,4.2
115052,RINCON_DE_LA_CRUZ,2018,10,28,0.0,17.2,2.4
115052,RINCON_DE_LA_CRUZ,2018,10,29,0.0,17.4,4.0
115052,RINCON_DE_LA_CRUZ,2018,10,30,0.0,17.6,4.0
115052,RINCON_DE_LA_CRUZ,2018,10,31,0.0,16.6,7.6
115052,RINCON_DE_LA_CRUZ,2018,11,01,0.0,17.4,5.0
115052,RINCON_DE_LA_CRUZ,2018,11,02,1.5,16.0,4.2
115052,RINCON_DE_LA_CRUZ,2018,11,03,0.0,17.8,1.2
115052,RINCON_DE_LA_CRUZ,2018,11,04,-888,17.2,2.8
115052,RINCON_DE_LA_CRUZ,2018,11,05,3.5,15.4,6.2
115052,RINCON_DE_LA_CRUZ,2018,11,06,0.0,15.8,3.8
115052,RINCON_DE_LA_CRUZ,2018,11,07,0.0,16.0,2.4
115052,RINCON_DE_LA_CRUZ,2018,11,08,0.0,17.0,3.4
115052,RINCON_DE_LA_CRUZ,2018,11,09,0.0,18.6,5.6
115052,RINCON_DE_LA_CRUZ,2018,11,10,0.0,19.2,5.8
115052,RINCON_DE_LA_CRUZ,2018,11,11,0.0,19.4,4.2
115052,RINCON_DE_LA_CRUZ,2018,11,12,0.0,18.2,6.8
115052,RINCON_DE_LA_CRUZ,2018,11,13,0.0,18.0,5.4
115052,RINCON_DE_LA_CRUZ,2018,11,14,0.0,18.4,5.6
115052,RINCON_DE_LA_CRUZ,2018,11,15,0.0,17.8,6.4
115052,RINCON_DE_LA_CRUZ,2018,11,16,0.5,18.6,5.6
115052,RINCON_DE_LA_CRUZ,2018,11,17,0.0,17.4,2.6
115052,RINCON_DE_LA_CRUZ,2018,11,18,3.7,18.8,6.6
115052,RINCON_DE_LA_CRUZ,2018,11,19,2.0,16.4,5.6
115052,RINCON_DE_LA_CRUZ,2018,11,20,0.0,18.6,5.2
115052,RINCON_DE_LA_CRUZ,2018,11,21,1.0,18.4,4.4
115052,RINCON_DE_LA_CRUZ,2018,11,22,0.0,18.8,5.6
115052,RINCON_DE_LA_CRUZ,2018,11,23,0.0,19.4,2.0
115052,RINCON_DE_LA_CRUZ,2018,11,24,0.0,15.8,5.0
115052,RINCON_DE_LA_CRUZ,2018,11,25,0.0,19.0,5.8
115052,RINCON_DE_LA_CRUZ,2018,11,26,2.0,19.0,-999
115052,RINCON_DE_LA_CRUZ,2018,11,27,0.5,16.2,6.2
115052,RINCON_DE_LA_CRUZ,2018,11,28,2.0,16.8,6.0
115052,RINCON_DE_LA_CRUZ,2018,11,29,0.0,17.2,3.4
115052,RINCON_DE_LA_CRUZ,2018,11,30,0.0,17.2,2.2
115052,RINCON_DE_LA_CRUZ,2018,12,01,0.0,17.0,2.0
115052,RINCON_DE_LA_CRUZ,2018,12,02,6.0,15.6,5.2
115052,RINCON_DE_LA_CRUZ,2018,12,03,0.0,17.4,4.2
115052,RINCON_DE_LA_CRUZ,2018,12,04,0.0,18.2,-0.4
115052,RINCON_DE_LA_CRUZ,2018,12,05,0.0,18.0,-0.6
115052,RINCON_DE_LA_CRUZ,2018,12,06,0.0,16.4,4.4
115052,RINCON_DE_LA_CRUZ,2018,12,07,1.6,17.4,4.8
115052,RINCON_DE_LA_CRUZ,2018,12,08,0.0,17.0,4.2
115052,RINCON_DE_LA_CRUZ,2018,12,09,0.0,19.8,4.2
115052,RINCON_DE_LA_CRUZ,2018,12,10,0.0,19.2,1.2
115052,RINCON_DE_LA_CRUZ,2018,12,11,0.0,19.2,6.0
115052,RINCON_DE_LA_CRUZ,2018,12,12,0.0,20.2,3.8
115052,RINCON_DE_LA_CRUZ,2018,12,13,12.0,16.6,6.0
115052,RINCON_DE_LA_CRUZ,2018,12,14,1.8,18.2,3.2
115052,RINCON_DE_LA_CRUZ,2018,12,15,15.0,15.8,5.4
115052,RINCON_DE_LA_CRUZ,2018,12,16,1.7,16.0,4.4
115052,RINCON_DE_LA_CRUZ,2018,12,17,37.1,15.0,-999
115052,RINCON_DE_LA_CRUZ,2018,12,18,3.2,14.8,3.2
115052,RINCON_DE_LA_CRUZ,2018,12,19,15.8,15.0,3.2
115052,RINCON_DE_LA_CRUZ,2018,12,20,0.0,14.8,3.8
115052,RINCON_DE_LA_CRUZ,2018,12,21,11.5,16.4,4.4
115052,RINCON_DE_LA_CRUZ,2018,12,22,0.0,16.4,3.6
115052,RINCON_DE_LA_CRUZ,2018,12,23,4.0,18.4,5.0
115052,RINCON_DE_LA_CRUZ,2018,12,24,0.0,16.0,5.0
115052,RINCON_DE_LA_CRUZ,2018,12,25,0.0,16.4,5.6
115052,RINCON_DE_LA_CRUZ,2018,12,26,5.0,16.2,6.4
115052,RINCON_DE_LA_CRUZ,2018,12,27,0.0,16.6,5.4
115052,RINCON_DE_LA_CRUZ,2018,12,28,5.5,17.0,5.4
115052,RINCON_DE_LA_CRUZ,2018,12,29,2.7,14.8,6.0
115052,RINCON_DE_LA_CRUZ,2018,12,30,1.3,14.8,6.4
115052,RINCON_DE_LA_CRUZ,2018,12,31,0.5,16.4,5.0
115052,RINCON_DE_LA_CRUZ,2019,01,01,7.5,17.2,5.2
115052,RINCON_DE_LA_CRUZ,2019,01,02,4.2,16.0,5.4
115052,RINCON_DE_LA_CRUZ,2019,01,03,2.6,16.2,4.8
115052,RINCON_DE_LA_CRUZ,2019,01,04,-888,16.4,7.2
115052,RINCON_DE_LA_CRUZ,2019,01,05,0.0,15.6,6.8
115052,RINCON_DE_LA_CRUZ,2019,01,06,0.0,16.6,6.0
115052,RINCON_DE_LA_CRUZ,2019,01,07,0.0,17.6,5.6
115052,RINCON_DE_LA_CRUZ,2019,01,08,0.0,17.4,6.8
115052,RINCON_DE_LA_CRUZ,2019,01,09,0.0,18.4,4.6
115052,RINCON_DE_LA_CRUZ,2019,01,10,2.8,16.4,6.4
115052,RINCON_DE_LA_CRUZ,2019,01,11,2.6,15.4,4.8
115052,RINCON_DE_LA_CRUZ,2019,01,12,9.0,16.4,5.4
115052,RINCON_DE_LA_CRUZ,2019,01,13,11.8,14.8,4.4
115052,RINCON_DE_LA_CRUZ,2019,01,14,13.5,15.4,4.4
115052,RINCON_DE_LA_CRUZ,2019,01,15,11.6,15.6,5.6
115052,RINCON_DE_LA_CRUZ,2019,01,16,1.6,16.2,4.0
115052,RINCON_DE_LA_CRUZ,2019,01,17,5.2,15.4,5.8
115052,RINCON_DE_LA_CRUZ,2019,01,18,12.6,15.2,6.0
115052,RINCON_DE_LA_CRUZ,2019,01,19,2.0,15.6,5.6
115052,RINCON_DE_LA_CRUZ,2019,01,20,5.5,16.6,5.8
115052,RINCON_DE_LA_CRUZ,2019,01,21,0.0,16.2,5.6
115052,RINCON_DE_LA_CRUZ,2019,01,22,0.0,14.4,6.2
115052,RINCON_DE_LA_CRUZ,2019,01,23,12.0,15.2,4.8
115052,RINCON_DE_LA_CRUZ,2019,01,24,4.6,15.8,5.6
115052,RINCON_DE_LA_CRUZ,2019,01,25,0.0,14.8,4.6
115052,RINCON_DE_LA_CRUZ,2019,01,26,3.0,15.4,5.4
115052,RINCON_DE_LA_CRUZ,2019,01,27,6.0,16.4,6.4
115052,RINCON_DE_LA_CRUZ,2019,01,28,15.2,14.6,5.6
115052,RINCON_DE_LA_CRUZ,2019,01,29,23.0,14.0,5.6
115052,RINCON_DE_LA_CRUZ,2019,01,30,18.6,14.4,5.0
115052,RINCON_DE_LA_CRUZ,2019,01,31,6.5,11.8,5.2
115052,RINCON_DE_LA_CRUZ,2019,02,01,6.0,15.0,3.4
115052,RINCON_DE_LA_CRUZ,2019,02,02,6.2,13.2,6.4
115052,RINCON_DE_LA_CRUZ,2019,02,03,20.5,13.4,5.4
115052,RINCON_DE_LA_CRUZ,2019,02,04,12.0,14.0,5.6
115052,RINCON_DE_LA_CRUZ,2019,02,05,9.0,14.6,6.0
115052,RINCON_DE_LA_CRUZ,2019,02,06,0.0,15.8,5.2
115052,RINCON_DE_LA_CRUZ,2019,02,07,2.4,14.8,5.6
115052,RINCON_DE_LA_CRUZ,2019,02,08,3.6,14.8,6.4
115052,RINCON_DE_LA_CRUZ,2019,02,09,3.6,-999,5.0
115052,RINCON_DE_LA_CRUZ,2019,02,10,1.5,-999,6.6
115052,RINCON_DE_LA_CRUZ,2019,02,11,5.4,-999,6.0
115052,RINCON_DE_LA_CRUZ,2019,02,12,1.4,14.8,5.8
115052,RINCON_DE_LA_CRUZ,2019,02,13,0.0,12.6,5.8
115052,RINCON_DE_LA_CRUZ,2019,02,14,9.2,16.4,5.2
115052,RINCON_DE_LA_CRUZ,2019,02,15,4.2,15.4,6.0
115052,RINCON_DE_LA_CRUZ,2019,02,16,11.6,13.8,5.8
115052,RINCON_DE_LA_CRUZ,2019,02,17,0.0,16.4,5.6
115052,RINCON_DE_LA_CRUZ,2019,02,18,0.0,17.2,7.2
115052,RINCON_DE_LA_CRUZ,2019,02,19,2.5,17.2,5.2
115052,RINCON_DE_LA_CRUZ,2019,02,20,0.2,14.4,5.6
115052,RINCON_DE_LA_CRUZ,2019,02,21,4.2,16.6,5.0
115052,RINCON_DE_LA_CRUZ,2019,02,22,1.2,16.6,6.2
115052,RINCON_DE_LA_CRUZ,2019,02,23,1.0,17.4,7.0
115052,RINCON_DE_LA_CRUZ,2019,02,24,0.5,16.8,4.6
115052,RINCON_DE_LA_CRUZ,2019,02,25,7.5,16.8,3.6
115052,RINCON_DE_LA_CRUZ,2019,02,26,1.8,16.6,3.2
115052,RINCON_DE_LA_CRUZ,2019,02,27,2.8,15.0,4.6
115052,RINCON_DE_LA_CRUZ,2019,02,28,0.5,14.4,4.8
115052,RINCON_DE_LA_CRUZ,2019,03,01,6.5,15.8,5.6
115052,RINCON_DE_LA_CRUZ,2019,03,02,0.0,16.6,6.4
115052,RINCON_DE_LA_CRUZ,2019,03,03,0.0,15.0,3.8
115052,RINCON_DE_LA_CRUZ,2019,03,04,0.0,16.8,3.8
115052,RINCON_DE_LA_CRUZ,2019,03,05,0.0,17.2,6.2
115052,RINCON_DE_LA_CRUZ,2019,03,06,0.8,16.4,4.6
115052,RINCON_DE_LA_CRUZ,2019,03,07,0.0,17.2,5.8
115052,RINCON_DE_LA_CRUZ,2019,03,08,0.0,16.4,4.6
115052,RINCON_DE_LA_CRUZ,2019,03,09,0.0,14.4,4.4
115052,RINCON_DE_LA_CRUZ,2019,03,10,0.0,15.2,5.4
115052,RINCON_DE_LA_CRUZ,2019,03,11,1.4,16.0,5.4
115052,RINCON_DE_LA_CRUZ,2019,03,12,1.0,16.4,5.0
115052,RINCON_DE_LA_CRUZ,2019,03,13,10.2,15.8,4.8
115052,RINCON_DE_LA_CRUZ,2019,03,14,2.7,15.8,5.4
115052,RINCON_DE_LA_CRUZ,2019,03,15,-888,15.2,5.4
115052,RINCON_DE_LA_CRUZ,2019,03,16,16.9,16.2,6.2
115052,RINCON_DE_LA_CRUZ,2019,03,17,0.8,14.6,5.0
115052,RINCON_DE_LA_CRUZ,2019,03,18,0.0,15.0,5.0
115052,RINCON_DE_LA_CRUZ,2019,03,19,0.0,16.4,5.4
115052,RINCON_DE_LA_CRUZ,2019,03,20,2.3,13.6,5.2
115052,RINCON_DE_LA_CRUZ,2019,03,21,1.5,14.4,4.6
115052,RINCON_DE_LA_CRUZ,2019,03,22,0.0,16.8,2.0
115052,RINCON_DE_LA_CRUZ,2019,03,23,0.0,15.8,1.4
115052,RINCON_DE_LA_CRUZ,2019,03,24,0.0,16.6,4.2
115052,RINCON_DE_LA_CRUZ,2019,03,25,7.6,15.4,3.8
115052,RINCON_DE_LA_CRUZ,2019,03,26,5.8,14.0,4.8
115052,RINCON_DE_LA_CRUZ,2019,03,27,7.0,14.4,4.6
115052,RINCON_DE_LA_CRUZ,2019,03,28,1.5,14.2,5.4
115052,RINCON_DE_LA_CRUZ,2019,03,29,3.5,14.2,4.4
115052,RINCON_DE_LA_CRUZ,2019,03,30,1.9,14.6,5.8
115052,RINCON_DE_LA_CRUZ,2019,03,31,15.2,17.8,4.8
115052,RINCON_DE_LA_CRUZ,2019,04,01,15.4,15.0,-999
115052,RINCON_DE_LA_CRUZ,2019,04,02,2.0,15.2,4.8
115052,RINCON_DE_LA_CRUZ,2019,04,03,0.0,14.6,6.8
115052,RINCON_DE_LA_CRUZ,2019,04,04,0.0,15.4,4.2
115052,RINCON_DE_LA_CRUZ,2019,04,05,0.0,15.0,0.0
115052,RINCON_DE_LA_CRUZ,2019,04,06,0.0,15.2,5.2
115052,RINCON_DE_LA_CRUZ,2019,04,07,0.0,14.4,2.8
115052,RINCON_DE_LA_CRUZ,2019,04,08,0.0,15.6,2.8
115052,RINCON_DE_LA_CRUZ,2019,04,09,0.0,16.0,1.8
115052,RINCON_DE_LA_CRUZ,2019,04,10,0.0,16.4,1.8
115052,RINCON_DE_LA_CRUZ,2019,04,11,2.5,15.8,5.2
115052,RINCON_DE_LA_CRUZ,2019,04,12,2.7,14.0,4.0
115052,RINCON_DE_LA_CRUZ,2019,04,13,0.0,15.0,1.0
115052,RINCON_DE_LA_CRUZ,2019,04,14,0.0,16.0,3.6
115052,RINCON_DE_LA_CRUZ,2019,04,15,0.7,15.6,2.6
115052,RINCON_DE_LA_CRUZ,2019,04,16,1.2,13.8,5.8
115052,RINCON_DE_LA_CRUZ,2019,04,17,0.0,14.2,3.0
115052,RINCON_DE_LA_CRUZ,2019,04,18,1.9,17.0,2.8
115052,RINCON_DE_LA_CRUZ,2019,04,19,0.0,16.8,6.2
115052,RINCON_DE_LA_CRUZ,2019,04,20,0.0,16.8,5.0
115052,RINCON_DE_LA_CRUZ,2019,04,21,0.0,16.0,4.8
115052,RINCON_DE_LA_CRUZ,2019,04,22,-888,15.4,1.4
115052,RINCON_DE_LA_CRUZ,2019,04,23,2.7,14.8,2.6
115052,RINCON_DE_LA_CRUZ,2019,04,24,6.7,15.2,4.0
115052,RINCON_DE_LA_CRUZ,2019,04,25,5.4,16.0,5.0
115052,RINCON_DE_LA_CRUZ,2019,04,26,0.0,15.2,4.8
115052,RINCON_DE_LA_CRUZ,2019,04,27,0.0,15.4,2.6
115052,RINCON_DE_LA_CRUZ,2019,04,28,0.0,15.0,4.8
115052,RINCON_DE_LA_CRUZ,2019,04,29,0.0,15.4,1.6
115052,RINCON_DE_LA_CRUZ,2019,04,30,8.2,15.6,4.0
115052,RINCON_DE_LA_CRUZ,2019,05,01,0.0,14.8,1.0
115052,RINCON_DE_LA_CRUZ,2019,05,02,0.0,19.8,4.8
115052,RINCON_DE_LA_CRUZ,2019,05,03,0.0,16.4,-2.8
115052,RINCON_DE_LA_CRUZ,2019,05,04,0.0,16.4,1.0
115052,RINCON_DE_LA_CRUZ,2019,05,05,0.0,15.0,5.0
115052,RINCON_DE_LA_CRUZ,2019,05,06,1.0,15.6,4.6
115052,RINCON_DE_LA_CRUZ,2019,05,07,0.0,15.4,2.4
115052,RINCON_DE_LA_CRUZ,2019,05,08,0.0,16.0,5.4
115052,RINCON_DE_LA_CRUZ,2019,05,09,1.2,15.2,4.2
115052,RINCON_DE_LA_CRUZ,2019,05,10,0.0,16.4,2.2
115052,RINCON_DE_LA_CRUZ,2019,05,11,-888,17.2,4.4
115052,RINCON_DE_LA_CRUZ,2019,05,12,6.0,14.2,3.8
115052,RINCON_DE_LA_CRUZ,2019,05,13,0.0,10.4,2.4
115052,RINCON_DE_LA_CRUZ,2019,05,14,0.0,14.6,-2.2
115052,RINCON_DE_LA_CRUZ,2019,05,15,0.0,13.4,-0.4
115052,RINCON_DE_LA_CRUZ,2019,05,16,0.0,14.8,0.0
115052,RINCON_DE_LA_CRUZ,2019,05,17,0.0,15.0,1.0
115052,RINCON_DE_LA_CRUZ,2019,05,18,0.0,16.0,-1.4
115052,RINCON_DE_LA_CRUZ,2019,05,19,0.0,16.2,0.0
115052,RINCON_DE_LA_CRUZ,2019,05,20,0.0,14.2,-0.2
115052,RINCON_DE_LA_CRUZ,2019,05,21,0.0,15.0,-1.0
115052,RINCON_DE_LA_CRUZ,2019,05,22,0.0,15.0,1.6
115052,RINCON_DE_LA_CRUZ,2019,05,23,0.0,17.0,1.4
115052,RINCON_DE_LA_CRUZ,2019,05,24,0.0,13.8,-1.8
115052,RINCON_DE_LA_CRUZ,2019,05,25,0.0,14.6,1.8
115052,RINCON_DE_LA_CRUZ,2019,05,26,0.0,16.6,-2.8
115052,RINCON_DE_LA_CRUZ,2019,05,27,0.0,15.6,2.8
115052,RINCON_DE_LA_CRUZ,2019,05,28,0.0,15.0,-0.8
115052,RINCON_DE_LA_CRUZ,2019,05,29,0.0,16.4,-1.4
115052,RINCON_DE_LA_CRUZ,2019,05,30,0.0,15.8,1.4
115052,RINCON_DE_LA_CRUZ,2019,05,31,0.0,15.8,-2.0
115052,RINCON_DE_LA_CRUZ,2019,06,01,0.0,16.0,-0.6
115052,RINCON_DE_LA_CRUZ,2019,06,02,0.0,14.8,-1.0
115052,RINCON_DE_LA_CRUZ,2019,06,03,0.0,13.8,-3.2
115052,RINCON_DE_LA_CRUZ,2019,06,04,0.0,13.2,1.6
115052,RINCON_DE_LA_CRUZ,2019,06,05,0.0,14.2,1.8
115052,RINCON_DE_LA_CRUZ,2019,06,06,0.0,13.8,-4.2
115052,RINCON_DE_LA_CRUZ,2019,06,07,0.0,15.0,-4.2
115052,RINCON_DE_LA_CRUZ,2019,06,08,0.0,14.8,-3.0
115052,RINCON_DE_LA_CRUZ,2019,06,09,0.0,15.4,-2.4
115052,RINCON_DE_LA_CRUZ,2019,06,10,0.0,15.0,-1.0
115052,RINCON_DE_LA_CRUZ,2019,06,11,0.0,15.4,-0.2
115052,RINCON_DE_LA_CRUZ,2019,06,12,0.0,15.8,-0.4
115052,RINCON_DE_LA_CRUZ,2019,06,13,0.0,16.0,0.2
115052,RINCON_DE_LA_CRUZ,2019,06,14,2.0,16.4,0.0
115052,RINCON_DE_LA_CRUZ,2019,06,15,4.3,13.2,2.6
115052,RINCON_DE_LA_CRUZ,2019,06,16,-888,11.6,2.2
115052,RINCON_DE_LA_CRUZ,2019,06,17,0.0,13.4,3.0
115052,RINCON_DE_LA_CRUZ,2019,06,18,0.0,15.6,-2.0
115052,RINCON_DE_LA_CRUZ,2019,06,19,0.0,16.4,-1.0
115052,RINCON_DE_LA_CRUZ,2019,06,20,0.0,14.8,-1.0
115052,RINCON_DE_LA_CRUZ,2019,06,21,0.0,15.8,0.0
115052,RINCON_DE_LA_CRUZ,2019,06,22,0.0,15.4,-3.2
115052,RINCON_DE_LA_CRUZ,2019,06,23,0.0,14.2,-2.0
115052,RINCON_DE_LA_CRUZ,2019,06,24,0.0,14.4,-4.8
115052,RINCON_DE_LA_CRUZ,2019,06,25,0.0,16.4,-2.0
115052,RINCON_DE_LA_CRUZ,2019,06,26,0.0,14.0,-4.0
115052,RINCON_DE_LA_CRUZ,2019,06,27,0.0,14.2,-4.8
115052,RINCON_DE_LA_CRUZ,2019,06,28,0.0,14.8,-0.2
115052,RINCON_DE_LA_CRUZ,2019,06,29,0.0,15.8,0.0
115052,RINCON_DE_LA_CRUZ,2019,06,30,0.0,16.0,0.0
115052,RINCON_DE_LA_CRUZ,2019,07,01,0.0,15.8,2.0
115052,RINCON_DE_LA_CRUZ,2019,07,02,0.0,16.2,-1.2
115052,RINCON_DE_LA_CRUZ,2019,07,03,0.0,16.6,-2.8
115052,RINCON_DE_LA_CRUZ,2019,07,04,0.0,17.6,-5.0
115052,RINCON_DE_LA_CRUZ,2019,07,05,0.0,15.8,-4.0
115052,RINCON_DE_LA_CRUZ,2019,07,06,0.0,16.0,0.0
115052,RINCON_DE_LA_CRUZ,2019,07,07,0.0,15.2,1.0
115052,RINCON_DE_LA_CRUZ,2019,07,08,0.0,16.2,1.8
115052,RINCON_DE_LA_CRUZ,2019,07,09,0.0,15.8,-1.4
115052,RINCON_DE_LA_CRUZ,2019,07,10,0.0,15.4,-3.0
115052,RINCON_DE_LA_CRUZ,2019,07,11,0.0,15.8,-3.4
115052,RINCON_DE_LA_CRUZ,2019,07,12,0.0,14.4,-3.0
115052,RINCON_DE_LA_CRUZ,2019,07,13,0.0,15.4,-2.0
115052,RINCON_DE_LA_CRUZ,2019,07,14,0.0,14.8,-2.4
115052,RINCON_DE_LA_CRUZ,2019,07,15,0.0,14.6,-3.6
115052,RINCON_DE_LA_CRUZ,2019,07,16,0.0,14.2,-2.6
115052,RINCON_DE_LA_CRUZ,2019,07,17,3.6,13.0,1.8
115052,RINCON_DE_LA_CRUZ,2019,07,18,1.0,10.4,1.8
115052,RINCON_DE_LA_CRUZ,2019,07,19,1.0,13.4,-0.2
115052,RINCON_DE_LA_CRUZ,2019,07,20,1.0,13.6,-0.6
115052,RINCON_DE_LA_CRUZ,2019,07,21,-888,13.2,-0.4
115052,RINCON_DE_LA_CRUZ,2019,07,22,0.0,14.6,-2.4
115052,RINCON_DE_LA_CRUZ,2019,07,23,0.0,13.8,1.2
115052,RINCON_DE_LA_CRUZ,2019,07,24,0.0,16.6,0.0
115052,RINCON_DE_LA_CRUZ,2019,07,25,0.0,14.6,-4.6
115052,RINCON_DE_LA_CRUZ,2019,07,26,0.0,14.6,-7.6
115052,RINCON_DE_LA_CRUZ,2019,07,27,0.0,14.0,0.2
115052,RINCON_DE_LA_CRUZ,2019,07,28,0.0,15.2,-3.8
115052,RINCON_DE_LA_CRUZ,2019,07,29,0.0,15.2,-2.8
115052,RINCON_DE_LA_CRUZ,2019,07,30,0.0,15.6,-2.0
115052,RINCON_DE_LA_CRUZ,2019,07,31,0.0,14.8,-1.8
115052,RINCON_DE_LA_CRUZ,2019,08,01,0.0,14.8,-1.4
115052,RINCON_DE_LA_CRUZ,2019,08,02,0.0,15.0,-3.6
115052,RINCON_DE_LA_CRUZ,2019,08,03,0.0,13.0,-6.4
115052,RINCON_DE_LA_CRUZ,2019,08,04,0.0,15.2,-7.4
115052,RINCON_DE_LA_CRUZ,2019,08,05,0.0,15.8,-4.4
115052,RINCON_DE_LA_CRUZ,2019,08,06,0.0,16.0,-3.4
115052,RINCON_DE_LA_CRUZ,2019,08,07,0.0,17.2,-2.8
115052,RINCON_DE_LA_CRUZ,2019,08,08,0.0,16.2,-2.4
115052,RINCON_DE_LA_CRUZ,2019,08,09,0.0,14.6,-0.2
115052,RINCON_DE_LA_CRUZ,2019,08,10,0.0,14.6,-0.4
115052,RINCON_DE_LA_CRUZ,2019,08,11,0.0,16.8,-1.0
115052,RINCON_DE_LA_CRUZ,2019,08,12,0.0,16.8,-3.2
115052,RINCON_DE_LA_CRUZ,2019,08,13,0.0,14.6,0.0
115052,RINCON_DE_LA_CRUZ,2019,08,14,0.0,16.0,-1.2
115052,RINCON_DE_LA_CRUZ,2019,08,15,0.0,17.4,-1.8
115052,RINCON_DE_LA_CRUZ,2019,08,16,0.0,16.8,-0.4
115052,RINCON_DE_LA_CRUZ,2019,08,17,0.0,17.4,0.0
115052,RINCON_DE_LA_CRUZ,2019,08,18,0.0,16.6,-0.2
115052,RINCON_DE_LA_CRUZ,2019,08,19,0.0,14.8,-0.6
115052,RINCON_DE_LA_CRUZ,2019,08,20,0.0,15.6,-3.2
115052,RINCON_DE_LA_CRUZ,2019,08,21,0.0,14.4,-0.6
115052,RINCON_DE_LA_CRUZ,2019,08,22,0.0,15.8,-1.8
115052,RINCON_DE_LA_CRUZ,2019,08,23,0.0,14.2,1.2
115052,RINCON_DE_LA_CRUZ,2019,08,24,0.0,15.6,0.8
115052,RINCON_DE_LA_CRUZ,2019,08,25,0.0,15.2,-1.0
115052,RINCON_DE_LA_CRUZ,2019,08,26,0.0,14.2,-2.8
115052,RINCON_DE_LA_CRUZ,2019,08,27,0.0,13.4,1.2
115052,RINCON_DE_LA_CRUZ,2019,08,28,0.0,14.2,-1.6
115052,RINCON_DE_LA_CRUZ,2019,08,29,0.0,16.6,-2.4
115052,RINCON_DE_LA_CRUZ,2019,08,30,0.0,16.2,-0.4
115052,RINCON_DE_LA_CRUZ,2019,08,31,0.0,16.0,-0.8
115052,RINCON_DE_LA_CRUZ,2019,09,01,0.0,16.4,-0.6
115052,RINCON_DE_LA_CRUZ,2019,09,02,0.0,16.8,2.4
115052,RINCON_DE_LA_CRUZ,2019,09,03,-888,17.0,2.2
115052,RINCON_DE_LA_CRUZ,2019,09,04,8.5,13.4,3.8
115052,RINCON_DE_LA_CRUZ,2019,09,05,3.5,14.0,1.8
115052,RINCON_DE_LA_CRUZ,2019,09,06,0.5,15.2,2.8
115052,RINCON_DE_LA_CRUZ,2019,09,07,0.0,14.4,1.6
115052,RINCON_DE_LA_CRUZ,2019,09,08,0.0,17.4,2.2
115052,RINCON_DE_LA_CRUZ,2019,09,09,0.0,15.8,-0.2
115052,RINCON_DE_LA_CRUZ,2019,09,10,-888,17.6,0.4
115052,RINCON_DE_LA_CRUZ,2019,09,11,0.0,16.2,3.0
115052,RINCON_DE_LA_CRUZ,2019,09,12,4.4,15.4,4.2
115052,RINCON_DE_LA_CRUZ,2019,09,13,25.0,14.2,4.2
115052,RINCON_DE_LA_CRUZ,2019,09,14,0.0,15.4,2.4
115052,RINCON_DE_LA_CRUZ,2019,09,15,0.0,17.2,2.0
115052,RINCON_DE_LA_CRUZ,2019,09,16,0.0,17.6,4.2
115052,RINCON_DE_LA_CRUZ,2019,09,17,0.0,17.8,0.6
115052,RINCON_DE_LA_CRUZ,2019,09,18,0.0,18.8,1.4
115052,RINCON_DE_LA_CRUZ,2019,09,19,0.0,17.6,4.6
115052,RINCON_DE_LA_CRUZ,2019,09,20,0.0,17.8,3.2
115052,RINCON_DE_LA_CRUZ,2019,09,21,0.0,16.4,5.8
115052,RINCON_DE_LA_CRUZ,2019,09,22,0.0,17.0,4.8
115052,RINCON_DE_LA_CRUZ,2019,09,23,0.0,16.6,2.2
115052,RINCON_DE_LA_CRUZ,2019,09,24,0.0,17.0,2.2
115052,RINCON_DE_LA_CRUZ,2019,09,25,0.0,17.4,4.0
115052,RINCON_DE_LA_CRUZ,2019,09,26,0.0,16.8,3.6
115052,RINCON_DE_LA_CRUZ,2019,09,27,0.0,17.4,2.4
115052,RINCON_DE_LA_CRUZ,2019,09,28,0.0,19.6,2.6
115052,RINCON_DE_LA_CRUZ,2019,09,29,0.0,19.6,0.2
115052,RINCON_DE_LA_CRUZ,2019,09,30,0.0,17.6,0.2
115052,RINCON_DE_LA_CRUZ,2019,10,01,11.5,-999,-999
115052,RINCON_DE_LA_CRUZ,2019,10,02,17.3,-999,4.0
115052,RINCON_DE_LA_CRUZ,2019,10,03,0.0,-999,2.6
115052,RINCON_DE_LA_CRUZ,2019,10,04,0.0,18.6,4.4
115052,RINCON_DE_LA_CRUZ,2019,10,05,0.0,15.8,3.4
115052,RINCON_DE_LA_CRUZ,2019,10,06,0.0,16.8,1.2
115052,RINCON_DE_LA_CRUZ,2019,10,07,0.0,14.0,2.0
115052,RINCON_DE_LA_CRUZ,2019,10,08,0.0,16.0,-2.0
115052,RINCON_DE_LA_CRUZ,2019,10,09,0.0,16.4,0.4
115052,RINCON_DE_LA_CRUZ,2019,10,10,0.0,16.8,2.4
115052,RINCON_DE_LA_CRUZ,2019,10,11,0.0,16.4,1.2
115052,RINCON_DE_LA_CRUZ,2019,10,12,0.0,16.6,2.0
115052,RINCON_DE_LA_CRUZ,2019,10,13,0.0,17.4,0.8
115052,RINCON_DE_LA_CRUZ,2019,10,14,0.0,16.4,0.4
115052,RINCON_DE_LA_CRUZ,2019,10,15,2.8,17.4,4.2
115052,RINCON_DE_LA_CRUZ,2019,10,16,0.0,17.0,2.8
115052,RINCON_DE_LA_CRUZ,2019,10,17,2.4,17.6,3.4
115052,RINCON_DE_LA_CRUZ,2019,10,18,19.7,15.4,3.8
115052,RINCON_DE_LA_CRUZ,2019,10,19,15.4,13.0,3.8
115052,RINCON_DE_LA_CRUZ,2019,10,20,0.0,15.0,2.4
115052,RINCON_DE_LA_CRUZ,2019,10,21,0.0,17.4,1.4
115052,RINCON_DE_LA_CRUZ,2019,10,22,0.0,17.0,3.8
115052,RINCON_DE_LA_CRUZ,2019,10,23,0.0,17.6,2.4
115052,RINCON_DE_LA_CRUZ,2019,10,24,0.0,17.2,1.0
115052,RINCON_DE_LA_CRUZ,2019,10,25,0.0,17.6,2.6
115052,RINCON_DE_LA_CRUZ,2019,10,26,0.0,17.4,2.6
115052,RINCON_DE_LA_CRUZ,2019,10,27,0.0,19.4,5.2
115052,RINCON_DE_LA_CRUZ,2019,10,28,0.0,18.8,4.6
115052,RINCON_DE_LA_CRUZ,2019,10,29,0.0,19.0,3.4
115052,RINCON_DE_LA_CRUZ,2019,10,30,0.0,18.8,1.8
115052,RINCON_DE_LA_CRUZ,2019,10,31,12.4,15.8,3.0
115052,RINCON_DE_LA_CRUZ,2019,11,01,1.8,14.8,4.6
115052,RINCON_DE_LA_CRUZ,2019,11,02,0.0,17.4,2.6
115052,RINCON_DE_LA_CRUZ,2019,11,03,0.0,17.4,5.4
115052,RINCON_DE_LA_CRUZ,2019,11,04,0.0,17.2,5.8
115052,RINCON_DE_LA_CRUZ,2019,11,05,1.4,17.6,3.8
115052,RINCON_DE_LA_CRUZ,2019,11,06,0.0,16.4,3.4
115052,RINCON_DE_LA_CRUZ,2019,11,07,-888,16.6,5.8
115052,RINCON_DE_LA_CRUZ,2019,11,08,0.0,18.6,5.4
115052,RINCON_DE_LA_CRUZ,2019,11,09,4.8,17.8,4.2
115052,RINCON_DE_LA_CRUZ,2019,11,10,0.0,17.8,3.6
115052,RINCON_DE_LA_CRUZ,2019,11,11,12.4,12.0,1.6
115052,RINCON_DE_LA_CRUZ,2019,11,12,0.0,15.2,4.2
115052,RINCON_DE_LA_CRUZ,2019,11,13,0.0,16.8,4.0
115052,RINCON_DE_LA_CRUZ,2019,11,14,13.6,17.4,3.8
115052,RINCON_DE_LA_CRUZ,2019,11,15,0.0,13.6,5.2
115052,RINCON_DE_LA_CRUZ,2019,11,16,0.0,17.0,2.8
115052,RINCON_DE_LA_CRUZ,2019,11,17,0.0,15.8,5.4
115052,RINCON_DE_LA_CRUZ,2019,11,18,5.3,17.2,5.6
115052,RINCON_DE_LA_CRUZ,2019,11,19,0.0,14.0,5.4
115052,RINCON_DE_LA_CRUZ,2019,11,20,0.0,15.4,4.2
115052,RINCON_DE_LA_CRUZ,2019,11,21,0.0,16.6,5.0
115052,RINCON_DE_LA_CRUZ,2019,11,22,11.4,17.4,5.2
115052,RINCON_DE_LA_CRUZ,2019,11,23,4.4,13.2,3.4
115052,RINCON_DE_LA_CRUZ,2019,11,24,4.0,15.0,5.2
115052,RINCON_DE_LA_CRUZ,2019,11,25,11.8,17.0,4.0
115052,RINCON_DE_LA_CRUZ,2019,11,26,1.0,16.2,3.8
115052,RINCON_DE_LA_CRUZ,2019,11,27,0.0,18.6,5.2
115052,RINCON_DE_LA_CRUZ,2019,11,28,0.0,17.0,7.2
115052,RINCON_DE_LA_CRUZ,2019,11,29,0.0,18.2,1.8
115052,RINCON_DE_LA_CRUZ,2019,11,30,0.0,18.2,5.0
115052,RINCON_DE_LA_CRUZ,2019,12,01,0.7,17.8,4.0
115052,RINCON_DE_LA_CRUZ,2019,12,02,2.4,15.6,6.6
115052,RINCON_DE_LA_CRUZ,2019,12,03,0.8,18.8,4.4
115052,RINCON_DE_LA_CRUZ,2019,12,04,3.0,18.4,5.2
115052,RINCON_DE_LA_CRUZ,2019,12,05,0.0,16.0,6.2
115052,RINCON_DE_LA_CRUZ,2019,12,06,0.0,16.4,6.0
115052,RINCON_DE_LA_CRUZ,2019,12,07,0.0,16.8,5.0
115052,RINCON_DE_LA_CRUZ,2019,12,08,0.0,16.2,4.8
115052,RINCON_DE_LA_CRUZ,2019,12,09,0.0,18.8,4.8
115052,RINCON_DE_LA_CRUZ,2019,12,10,0.0,19.0,6.0
115052,RINCON_DE_LA_CRUZ,2019,12,11,0.0,17.8,5.6
115052,RINCON_DE_LA_CRUZ,2019,12,12,0.0,18.6,7.0
115052,RINCON_DE_LA_CRUZ,2019,12,13,13.0,14.6,5.4
115052,RINCON_DE_LA_CRUZ,2019,12,14,0.0,14.6,5.0
115052,RINCON_DE_LA_CRUZ,2019,12,15,9.6,16.6,7.0
115052,RINCON_DE_LA_CRUZ,2019,12,16,0.0,17.8,4.4
115052,RINCON_DE_LA_CRUZ,2019,12,17,0.0,18.2,2.8
115052,RINCON_DE_LA_CRUZ,2019,12,18,7.0,16.2,5.2
115052,RINCON_DE_LA_CRUZ,2019,12,19,-888,15.4,4.4
115052,RINCON_DE_LA_CRUZ,2019,12,20,3.8,19.2,6.0
115052,RINCON_DE_LA_CRUZ,2019,12,21,0.0,18.8,5.8
115052,RINCON_DE_LA_CRUZ,2019,12,22,0.0,15.8,6.0
115052,RINCON_DE_LA_CRUZ,2019,12,23,3.2,16.8,6.2
115052,RINCON_DE_LA_CRUZ,2019,12,24,0.0,17.4,4.6
115052,RINCON_DE_LA_CRUZ,2019,12,25,0.0,18.2,4.4
115052,RINCON_DE_LA_CRUZ,2019,12,26,14.8,16.0,5.0
115052,RINCON_DE_LA_CRUZ,2019,12,27,4.6,14.4,5.2
115052,RINCON_DE_LA_CRUZ,2019,12,28,0.0,14.8,5.0
115052,RINCON_DE_LA_CRUZ,2019,12,29,0.0,16.4,5.6
115052,RINCON_DE_LA_CRUZ,2019,12,30,0.0,16.8,4.4
115052,RINCON_DE_LA_CRUZ,2019,12,31,14.8,15.8,7.2
115052,RINCON_DE_LA_CRUZ,2020,01,01,15.3,13.2,4.6
115052,RINCON_DE_LA_CRUZ,2020,01,02,5.8,13.2,6.0
115052,RINCON_DE_LA_CRUZ,2020,01,03,5.7,15.2,6.4
115052,RINCON_DE_LA_CRUZ,2020,01,04,3.8,16.2,6.6
115052,RINCON_DE_LA_CRUZ,2020,01,05,3.6,14.4,6.0
115052,RINCON_DE_LA_CRUZ,2020,01,06,0.0,17.2,3.2
115052,RINCON_DE_LA_CRUZ,2020,01,07,0.0,16.2,2.8
115052,RINCON_DE_LA_CRUZ,2020,01,08,0.0,19.0,4.4
115052,RINCON_DE_LA_CRUZ,2020,01,09,0.0,18.2,0.8
115052,RINCON_DE_LA_CRUZ,2020,01,10,0.0,15.4,2.4
115052,RINCON_DE_LA_CRUZ,2020,01,11,13.3,14.8,2.8
115052,RINCON_DE_LA_CRUZ,2020,01,12,11.4,16.6,5.2
115052,RINCON_DE_LA_CRUZ,2020,01,13,29.5,16.4,5.6
115052,RINCON_DE_LA_CRUZ,2020,01,14,19.0,15.4,5.4
115052,RINCON_DE_LA_CRUZ,2020,01,15,10.0,14.8,5.6
115052,RINCON_DE_LA_CRUZ,2020,01,16,0.0,15.2,6.2
115052,RINCON_DE_LA_CRUZ,2020,01,17,0.0,14.2,5.4
115052,RINCON_DE_LA_CRUZ,2020,01,18,0.0,15.2,5.6
115052,RINCON_DE_LA_CRUZ,2020,01,19,4.8,17.2,5.4
115052,RINCON_DE_LA_CRUZ,2020,01,20,3.4,15.4,5.0
115052,RINCON_DE_LA_CRUZ,2020,01,21,9.7,16.6,6.6
115052,RINCON_DE_LA_CRUZ,2020,01,22,5.8,15.6,6.8
115052,RINCON_DE_LA_CRUZ,2020,01,23,0.0,15.8,5.2
115052,RINCON_DE_LA_CRUZ,2020,01,24,0.0,18.4,5.0
115052,RINCON_DE_LA_CRUZ,2020,01,25,0.0,17.4,7.0
115052,RINCON_DE_LA_CRUZ,2020,01,26,0.0,17.8,5.2
115052,RINCON_DE_LA_CRUZ,2020,01,27,3.3,17.4,7.0
115052,RINCON_DE_LA_CRUZ,2020,01,28,-888,17.2,3.0
115052,RINCON_DE_LA_CRUZ,2020,01,29,8.2,17.2,6.2
115052,RINCON_DE_LA_CRUZ,2020,01,30,10.0,15.8,6.0
115052,RINCON_DE_LA_CRUZ,2020,01,31,0.0,16.0,6.0
115052,RINCON_DE_LA_CRUZ,2020,02,01,0.0,17.4,4.4
115052,RINCON_DE_LA_CRUZ,2020,02,02,7.6,17.6,6.8
115052,RINCON_DE_LA_CRUZ,2020,02,03,0.4,16.4,5.0
115052,RINCON_DE_LA_CRUZ,2020,02,04,1.5,16.4,7.0
115052,RINCON_DE_LA_CRUZ,2020,02,05,0.0,17.2,5.6
115052,RINCON_DE_LA_CRUZ,2020,02,06,4.6,16.2,7.4
115052,RINCON_DE_LA_CRUZ,2020,02,07,11.0,14.8,6.4
115052,RINCON_DE_LA_CRUZ,2020,02,08,3.2,14.2,6.0
115052,RINCON_DE_LA_CRUZ,2020,02,09,6.2,15.8,5.0
115052,RINCON_DE_LA_CRUZ,2020,02,10,9.6,15.0,5.2
115052,RINCON_DE_LA_CRUZ,2020,02,11,21.2,14.8,6.4
115052,RINCON_DE_LA_CRUZ,2020,02,12,20.8,14.2,5.2
115052,RINCON_DE_LA_CRUZ,2020,02,13,48.0,15.4,5.0
115052,RINCON_DE_LA_CRUZ,2020,02,14,6.5,13.6,4.2
115052,RINCON_DE_LA_CRUZ,2020,02,15,0.0,15.8,3.8
115052,RINCON_DE_LA_CRUZ,2020,02,16,1.5,15.8,6.2
115052,RINCON_DE_LA_CRUZ,2020,02,17,3.8,16.4,6.6
115052,RINCON_DE_LA_CRUZ,2020,02,18,0.7,14.8,5.4
115052,RINCON_DE_LA_CRUZ,2020,02,19,0.0,17.2,6.2
115052,RINCON_DE_LA_CRUZ,2020,02,20,0.0,14.2,5.6
115052,RINCON_DE_LA_CRUZ,2020,02,21,4.0,10.8,7.0
115052,RINCON_DE_LA_CRUZ,2020,02,22,0.0,14.2,6.0
115052,RINCON_DE_LA_CRUZ,2020,02,23,-888,16.4,6.2
115052,RINCON_DE_LA_CRUZ,2020,02,24,0.0,17.6,6.6
115052,RINCON_DE_LA_CRUZ,2020,02,25,0.0,18.2,4.2
115052,RINCON_DE_LA_CRUZ,2020,02,26,4.2,16.2,4.6
115052,RINCON_DE_LA_CRUZ,2020,02,27,3.0,16.6,5.4
115052,RINCON_DE_LA_CRUZ,2020,02,28,0.0,16.2,6.2
115052,RINCON_DE_LA_CRUZ,2020,02,29,5.0,15.8,6.4
115052,RINCON_DE_LA_CRUZ,2020,03,01,0.0,15.6,6.8
115052,RINCON_DE_LA_CRUZ,2020,03,02,4.8,15.2,4.8
115052,RINCON_DE_LA_CRUZ,2020,03,03,0.0,16.8,4.2
115052,RINCON_DE_LA_CRUZ,2020,03,04,0.8,14.8,6.2
115052,RINCON_DE_LA_CRUZ,2020,03,05,0.6,16.2,5.0
115052,RINCON_DE_LA_CRUZ,2020,03,06,21.4,15.6,6.4
115052,RINCON_DE_LA_CRUZ,2020,03,07,0.0,16.4,5.0
115052,RINCON_DE_LA_CRUZ,2020,03,08,0.0,16.4,5.0
115052,RINCON_DE_LA_CRUZ,2020,03,09,0.0,15.4,4.8
115052,RINCON_DE_LA_CRUZ,2020,03,10,4.1,13.8,5.0
115052,RINCON_DE_LA_CRUZ,2020,03,11,0.0,14.0,4.4
115052,RINCON_DE_LA_CRUZ,2020,03,12,2.0,15.4,5.6
115052,RINCON_DE_LA_CRUZ,2020,03,13,5.8,14.8,6.2
115052,RINCON_DE_LA_CRUZ,2020,03,14,10.3,15.8,4.6
115052,RINCON_DE_LA_CRUZ,2020,03,15,0.0,16.2,5.8
115052,RINCON_DE_LA_CRUZ,2020,03,16,0.0,14.8,5.6
115052,RINCON_DE_LA_CRUZ,2020,03,17,1.0,14.2,5.2
115052,RINCON_DE_LA_CRUZ,2020,03,18,2.3,15.4,5.2
115052,RINCON_DE_LA_CRUZ,2020,03,19,0.0,15.8,5.4
115052,RINCON_DE_LA_CRUZ,2020,03,20,1.5,15.4,6.0
115052,RINCON_DE_LA_CRUZ,2020,03,21,6.8,15.6,5.6
115052,RINCON_DE_LA_CRUZ,2020,03,22,0.0,15.6,6.4
115052,RINCON_DE_LA_CRUZ,2020,03,23,2.7,16.0,6.4
115052,RINCON_DE_LA_CRUZ,2020,03,24,1.5,16.4,6.0
115052,RINCON_DE_LA_CRUZ,2020,03,25,0.0,16.8,6.8
115052,RINCON_DE_LA_CRUZ,2020,03,26,0.0,16.4,4.0
115052,RINCON_DE_LA_CRUZ,2020,03,27,0.0,17.2,2.8
115052,RINCON_DE_LA_CRUZ,2020,03,28,0.8,16.0,3.6
115052,RINCON_DE_LA_CRUZ,2020,03,29,0.0,14.2,7.0
115052,RINCON_DE_LA_CRUZ,2020,03,30,4.8,15.6,4.6
115052,RINCON_DE_LA_CRUZ,2020,03,31,1.0,14.2,5.8
115052,RINCON_DE_LA_CRUZ,2020,04,01,0.0,16.0,4.8
115052,RINCON_DE_LA_CRUZ,2020,04,02,0.0,16.0,5.8
115052,RINCON_DE_LA_CRUZ,2020,04,03,0.0,15.2,4.6
115052,RINCON_DE_LA_CRUZ,2020,04,04,0.0,16.0,2.6
115052,RINCON_DE_LA_CRUZ,2020,04,05,0.0,16.6,4.0
115052,RINCON_DE_LA_CRUZ,2020,04,06,0.0,16.8,2.6
115052,RINCON_DE_LA_CRUZ,2020,04,07,2.5,16.4,3.2
115052,RINCON_DE_LA_CRUZ,2020,04,08,0.0,16.2,3.8
115052,RINCON_DE_LA_CRUZ,2020,04,09,0.0,16.6,2.4
115052,RINCON_DE_LA_CRUZ,2020,04,10,0.0,18.0,3.0
115052,RINCON_DE_LA_CRUZ,2020,04,11,0.0,17.0,1.8
115052,RINCON_DE_LA_CRUZ,2020,04,12,0.0,16.2,0.2
115052,RINCON_DE_LA_CRUZ,2020,04,13,0.0,17.6,3.2
115052,RINCON_DE_LA_CRUZ,2020,04,14,0.0,15.4,-0.8
115052,RINCON_DE_LA_CRUZ,2020,04,15,0.0,15.2,2.8
115052,RINCON_DE_LA_CRUZ,2020,04,16,1.4,14.4,3.6
115052,RINCON_DE_LA_CRUZ,2020,04,17,1.8,12.0,1.0
115052,RINCON_DE_LA_CRUZ,2020,04,18,11.2,-999,3.8
115052,RINCON_DE_LA_CRUZ,2020,04,19,0.0,14.2,4.4
115052,RINCON_DE_LA_CRUZ,2020,04,20,0.0,13.6,4.6
115052,RINCON_DE_LA_CRUZ,2020,04,21,0.0,14.8,3.6
115052,RINCON_DE_LA_CRUZ,2020,04,22,0.0,15.4,1.4
115052,RINCON_DE_LA_CRUZ,2020,04,23,0.0,15.6,2.0
115052,RINCON_DE_LA_CRUZ,2020,04,24,0.0,16.0,1.2
115052,RINCON_DE_LA_CRUZ,2020,04,25,0.0,17.0,3.4
115052,RINCON_DE_LA_CRUZ,2020,04,26,0.0,14.8,4.4
115052,RINCON_DE_LA_CRUZ,2020,04,27,0.0,15.0,3.6
115052,RINCON_DE_LA_CRUZ,2020,04,28,0.0,16.2,1.8
115052,RINCON_DE_LA_CRUZ,2020,04,29,0.0,16.0,4.6
115052,RINCON_DE_LA_CRUZ,2020,04,30,0.0,16.6,4.8
115052,RINCON_DE_LA_CRUZ,2020,05,01,0.0,16.4,3.0
115052,RINCON_DE_LA_CRUZ,2020,05,02,3.5,15.8,3.6
115052,RINCON_DE_LA_CRUZ,2020,05,03,0.0,15.2,4.4
115052,RINCON_DE_LA_CRUZ,2020,05,04,0.0,13.6,4.4
115052,RINCON_DE_LA_CRUZ,2020,05,05,0.0,16.4,4.2
115052,RINCON_DE_LA_CRUZ,2020,05,06,0.0,15.4,3.0
115052,RINCON_DE_LA_CRUZ,2020,05,07,0.0,15.4,1.2
115052,RINCON_DE_LA_CRUZ,2020,05,08,0.0,18.2,1.2
115052,RINCON_DE_LA_CRUZ,2020,05,09,0.0,16.4,1.0
115052,RINCON_DE_LA_CRUZ,2020,05,10,0.0,17.2,2.4
115052,RINCON_DE_LA_CRUZ,2020,05,11,0.0,15.8,0.0
115052,RINCON_DE_LA_CRUZ,2020,05,12,0.0,15.2,-0.2
115052,RINCON_DE_LA_CRUZ,2020,05,13,0.0,13.4,-2.8
115052,RINCON_DE_LA_CRUZ,2020,05,14,0.0,16.4,-2.2
115052,RINCON_DE_LA_CRUZ,2020,05,15,0.0,14.4,-1.2
115052,RINCON_DE_LA_CRUZ,2020,05,16,0.0,14.0,-1.4
115052,RINCON_DE_LA_CRUZ,2020,05,17,0.0,15.6,4.4
115052,RINCON_DE_LA_CRUZ,2020,05,18,0.0,15.2,4.4
115052,RINCON_DE_LA_CRUZ,2020,05,19,0.0,-999,0.8
115052,RINCON_DE_LA_CRUZ,2020,05,20,0.0,15.4,0.2
115052,RINCON_DE_LA_CRUZ,2020,05,21,0.0,17.0,0.0
115052,RINCON_DE_LA_CRUZ,2020,05,22,0.0,14.8,1.2
115052,RINCON_DE_LA_CRUZ,2020,05,23,0.0,18.2,0.8
115052,RINCON_DE_LA_CRUZ,2020,05,24,0.0,15.0,-2.6
115052,RINCON_DE_LA_CRUZ,2020,05,25,0.0,15.6,-3.2
115052,RINCON_DE_LA_CRUZ,2020,05,26,0.0,14.0,-4.2
115052,RINCON_DE_LA_CRUZ,2020,05,27,0.0,15.4,-3.8
115052,RINCON_DE_LA_CRUZ,2020,05,28,0.0,15.2,-2.6
115052,RINCON_DE_LA_CRUZ,2020,05,29,0.0,15.4,-1.4
115052,RINCON_DE_LA_CRUZ,2020,05,30,0.0,16.2,-1.2
115052,RINCON_DE_LA_CRUZ,2020,05,31,0.0,16.4,-1.0
115052,RINCON_DE_LA_CRUZ,2020,06,01,0.0,16.4,0.8
115052,RINCON_DE_LA_CRUZ,2020,06,02,0.0,15.6,-0.6
115052,RINCON_DE_LA_CRUZ,2020,06,03,0.0,14.0,1.8
115052,RINCON_DE_LA_CRUZ,2020,06,04,0.0,13.8,1.0
115052,RINCON_DE_LA_CRUZ,2020,06,05,0.0,15.2,-0.6
115052,RINCON_DE_LA_CRUZ,2020,06,06,0.0,17.6,1.4
115052,RINCON_DE_LA_CRUZ,2020,06,07,0.0,16.0,0.4
115052,RINCON_DE_LA_CRUZ,2020,06,08,0.0,16.4,1.2
115052,RINCON_DE_LA_CRUZ,2020,06,09,0.0,15.6,0.8
115052,RINCON_DE_LA_CRUZ,2020,06,10,0.0,16.2,-0.2
115052,RINCON_DE_LA_CRUZ,2020,06,11,0.0,15.6,-2.6
115052,RINCON_DE_LA_CRUZ,2020,06,12,0.0,-999,2.0
115052,RINCON_DE_LA_CRUZ,2020,06,13,0.0,-999,0.4
115052,RINCON_DE_LA_CRUZ,2020,06,14,0.0,-999,2.8
115052,RINCON_DE_LA_CRUZ,2020,06,15,0.0,16.0,2.2
115052,RINCON_DE_LA_CRUZ,2020,06,16,0.0,16.2,-0.2
115052,RINCON_DE_LA_CRUZ,2020,06,17,0.0,16.2,1.6
115052,RINCON_DE_LA_CRUZ,2020,06,18,0.0,16.0,-4.2
115052,RINCON_DE_LA_CRUZ,2020,06,19,0.0,16.0,-4.8
115052,RINCON_DE_LA_CRUZ,2020,06,20,0.0,17.2,-3.8
115052,RINCON_DE_LA_CRUZ,2020,06,21,0.0,16.2,-5.2
115052,RINCON_DE_LA_CRUZ,2020,06,22,0.0,15.6,-1.8
115052,RINCON_DE_LA_CRUZ,2020,06,23,0.0,15.4,-3.2
115052,RINCON_DE_LA_CRUZ,2020,06,24,0.0,14.8,-5.2
115052,RINCON_DE_LA_CRUZ,2020,06,25,0.0,14.6,-5.6
115052,RINCON_DE_LA_CRUZ,2020,06,26,0.0,16.6,-3.0
115052,RINCON_DE_LA_CRUZ,2020,06,27,0.0,15.0,-6.2
115052,RINCON_DE_LA_CRUZ,2020,06,28,0.0,15.4,-5.8
115052,RINCON_DE_LA_CRUZ,2020,06,29,0.0,15.8,-3.4
115052,RINCON_DE_LA_CRUZ,2020,06,30,0.0,18.0,-5.0
115052,RINCON_DE_LA_CRUZ,2020,07,01,0.0,16.0,-6.4
115052,RINCON_DE_LA_CRUZ,2020,07,02,0.0,16.0,-5.4
115052,RINCON_DE_LA_CRUZ,2020,07,03,0.0,17.4,-7.4
115052,RINCON_DE_LA_CRUZ,2020,07,04,0.0,16.4,-7.4
115052,RINCON_DE_LA_CRUZ,2020,07,05,0.0,17.2,-4.2
115052,RINCON_DE_LA_CRUZ,2020,07,06,0.0,17.4,-2.6
115052,RINCON_DE_LA_CRUZ,2020,07,07,0.0,16.2,-0.8
115052,RINCON_DE_LA_CRUZ,2020,07,08,0.0,13.6,-7.0
115052,RINCON_DE_LA_CRUZ,2020,07,09,0.0,13.4,-8.8
115052,RINCON_DE_LA_CRUZ,2020,07,10,0.0,14.0,-1.0
115052,RINCON_DE_LA_CRUZ,2020,07,11,0.0,15.8,-6.4
115052,RINCON_DE_LA_CRUZ,2020,07,12,0.0,16.4,-6.0
115052,RINCON_DE_LA_CRUZ,2020,07,13,0.0,15.8,-4.2
115052,RINCON_DE_LA_CRUZ,2020,07,14,0.0,15.4,-0.8
115052,RINCON_DE_LA_CRUZ,2020,07,15,0.0,16.0,-0.8
115052,RINCON_DE_LA_CRUZ,2020,07,16,0.0,16.4,-1.8
115052,RINCON_DE_LA_CRUZ,2020,07,17,0.0,16.4,-2.2
115052,RINCON_DE_LA_CRUZ,2020,07,18,0.0,17.4,-1.4
115052,RINCON_DE_LA_CRUZ,2020,07,19,0.0,17.6,-1.6
115052,RINCON_DE_LA_CRUZ,2020,07,20,0.0,17.4,-0.8
115052,RINCON_DE_LA_CRUZ,2020,07,21,0.0,17.4,-3.4
115052,RINCON_DE_LA_CRUZ,2020,07,22,0.0,16.4,-3.4
115052,RINCON_DE_LA_CRUZ,2020,07,23,0.0,15.4,-1.6
115052,RINCON_DE_LA_CRUZ,2020,07,24,0.0,16.2,-1.0
115052,RINCON_DE_LA_CRUZ,2020,07,25,0.0,13.6,-3.0
115052,RINCON_DE_LA_CRUZ,2020,07,26,0.0,17.0,-1.2
115052,RINCON_DE_LA_CRUZ,2020,07,27,0.0,14.2,-5.4
115052,RINCON_DE_LA_CRUZ,2020,07,28,0.0,15.4,-4.6
115052,RINCON_DE_LA_CRUZ,2020,07,29,0.0,15.6,-2.0
115052,RINCON_DE_LA_CRUZ,2020,07,30,0.0,15.8,-2.2
115052,RINCON_DE_LA_CRUZ,2020,07,31,0.0,17.2,-2.2
115052,RINCON_DE_LA_CRUZ,2020,09,01,0.0,16.2,3.6
115052,RINCON_DE_LA_CRUZ,2020,09,02,0.0,16.0,2.4
115052,RINCON_DE_LA_CRUZ,2020,09,03,0.0,17.0,0.6
115052,RINCON_DE_LA_CRUZ,2020,09,04,0.0,17.8,3.2
115052,RINCON_DE_LA_CRUZ,2020,09,05,0.0,19.0,2.2
115052,RINCON_DE_LA_CRUZ,2020,09,06,0.0,18.8,2.8
115052,RINCON_DE_LA_CRUZ,2020,09,07,0.0,15.8,1.4
115052,RINCON_DE_LA_CRUZ,2020,09,08,0.0,16.2,0.6
115052,RINCON_DE_LA_CRUZ,2020,09,09,0.0,16.6,2.8
115052,RINCON_DE_LA_CRUZ,2020,09,10,0.0,17.0,2.2
115052,RINCON_DE_LA_CRUZ,2020,09,11,0.0,17.2,0.8
115052,RINCON_DE_LA_CRUZ,2020,09,12,6.0,16.8,2.0
115052,RINCON_DE_LA_CRUZ,2020,09,13,2.2,16.6,1.8
115052,RINCON_DE_LA_CRUZ,2020,09,14,4.6,15.2,4.0
115052,RINCON_DE_LA_CRUZ,2020,09,15,1.0,14.4,3.4
115052,RINCON_DE_LA_CRUZ,2020,09,16,0.0,15.6,3.0
115052,RINCON_DE_LA_CRUZ,2020,09,17,16.6,15.0,3.2
115052,RINCON_DE_LA_CRUZ,2020,09,18,2.2,12.2,1.8
115052,RINCON_DE_LA_CRUZ,2020,09,19,0.0,15.2,1.6
115052,RINCON_DE_LA_CRUZ,2020,09,20,0.0,16.8,1.8
115052,RINCON_DE_LA_CRUZ,2020,09,21,0.0,18.6,5.2
115052,RINCON_DE_LA_CRUZ,2020,09,22,0.0,16.2,-0.8
115052,RINCON_DE_LA_CRUZ,2020,09,23,0.0,16.2,0.4
115052,RINCON_DE_LA_CRUZ,2020,09,24,0.0,15.8,-3.0
115052,RINCON_DE_LA_CRUZ,2020,09,25,0.0,15.8,1.2
115052,RINCON_DE_LA_CRUZ,2020,09,26,0.0,17.2,-1.2
115052,RINCON_DE_LA_CRUZ,2020,09,27,0.0,16.4,2.0
115052,RINCON_DE_LA_CRUZ,2020,09,28,0.0,16.4,3.0
115052,RINCON_DE_LA_CRUZ,2020,09,29,6.2,16.2,-999
115052,RINCON_DE_LA_CRUZ,2020,09,30,6.2,15.4,3.4
115052,RINCON_DE_LA_CRUZ,2020,10,01,27.5,15.0,4.0
115052,RINCON_DE_LA_CRUZ,2020,10,02,0.8,15.4,-999
115052,RINCON_DE_LA_CRUZ,2020,10,03,0.0,15.2,-999
115052,RINCON_DE_LA_CRUZ,2020,10,04,0.0,15.2,-999
115052,RINCON_DE_LA_CRUZ,2020,10,05,0.0,16.0,3.4
115052,RINCON_DE_LA_CRUZ,2020,10,06,0.0,16.6,2.8
115052,RINCON_DE_LA_CRUZ,2020,10,07,0.0,15.2,7.2
115052,RINCON_DE_LA_CRUZ,2020,10,08,0.0,17.6,2.6
115052,RINCON_DE_LA_CRUZ,2020,10,09,0.0,18.2,2.8
115052,RINCON_DE_LA_CRUZ,2020,10,10,0.0,17.0,4.8
115052,RINCON_DE_LA_CRUZ,2020,10,11,1.2,17.8,2.2
115052,RINCON_DE_LA_CRUZ,2020,10,12,0.0,16.2,2.4
115052,RINCON_DE_LA_CRUZ,2020,10,13,7.2,15.4,2.6
115052,RINCON_DE_LA_CRUZ,2020,10,14,2.4,13.8,4.4
115052,RINCON_DE_LA_CRUZ,2020,10,15,13.4,13.6,4.0
115052,RINCON_DE_LA_CRUZ,2020,10,16,9.7,12.6,3.2
115052,RINCON_DE_LA_CRUZ,2020,10,17,9.8,15.0,3.0
115052,RINCON_DE_LA_CRUZ,2020,10,18,4.0,13.6,2.6
115052,RINCON_DE_LA_CRUZ,2020,10,19,4.2,15.4,1.4
115052,RINCON_DE_LA_CRUZ,2020,10,20,0.8,15.4,3.2
115052,RINCON_DE_LA_CRUZ,2020,10,21,7.2,15.0,4.0
115052,RINCON_DE_LA_CRUZ,2020,10,22,3.2,14.0,3.6
115052,RINCON_DE_LA_CRUZ,2020,10,23,0.0,16.0,2.8
115052,RINCON_DE_LA_CRUZ,2020,10,24,0.0,18.2,3.0
115052,RINCON_DE_LA_CRUZ,2020,10,25,0.4,17.8,2.4
115052,RINCON_DE_LA_CRUZ,2020,10,26,0.0,18.8,2.6
115052,RINCON_DE_LA_CRUZ,2020,10,27,0.0,19.0,2.6
115052,RINCON_DE_LA_CRUZ,2020,10,28,0.0,17.0,0.8
115052,RINCON_DE_LA_CRUZ,2020,10,29,0.0,17.6,-1.8
115052,RINCON_DE_LA_CRUZ,2020,10,30,0.0,16.6,4.8
115052,RINCON_DE_LA_CRUZ,2020,10,31,0.0,17.6,1.6
115052,RINCON_DE_LA_CRUZ,2020,11,01,0.0,18.4,3.8
115052,RINCON_DE_LA_CRUZ,2020,11,02,0.0,18.0,5.4
115052,RINCON_DE_LA_CRUZ,2020,11,03,0.0,16.2,3.8
115052,RINCON_DE_LA_CRUZ,2020,11,04,0.0,16.4,2.2
115052,RINCON_DE_LA_CRUZ,2020,11,05,0.0,17.8,-0.8
115052,RINCON_DE_LA_CRUZ,2020,11,06,0.0,17.6,3.2
115052,RINCON_DE_LA_CRUZ,2020,11,07,0.0,14.2,2.0
115052,RINCON_DE_LA_CRUZ,2020,11,08,0.0,17.0,2.0
115052,RINCON_DE_LA_CRUZ,2020,11,09,0.0,18.2,1.8
115052,RINCON_DE_LA_CRUZ,2020,11,10,0.0,17.4,5.6
115052,RINCON_DE_LA_CRUZ,2020,11,11,0.0,17.8,2.8
115052,RINCON_DE_LA_CRUZ,2020,11,12,0.0,18.4,3.6
115052,RINCON_DE_LA_CRUZ,2020,11,13,0.0,17.4,-0.2
115052,RINCON_DE_LA_CRUZ,2020,11,14,0.0,18.2,0.8
115052,RINCON_DE_LA_CRUZ,2020,11,15,0.0,19.4,1.0
115052,RINCON_DE_LA_CRUZ,2020,11,16,0.0,18.4,3.6
115052,RINCON_DE_LA_CRUZ,2020,11,17,0.0,19.4,3.2
115052,RINCON_DE_LA_CRUZ,2020,11,18,0.0,19.2,0.8
115052,RINCON_DE_LA_CRUZ,2020,11,19,0.0,18.4,4.0
115052,RINCON_DE_LA_CRUZ,2020,11,20,0.0,18.6,4.2
115052,RINCON_DE_LA_CRUZ,2020,11,21,0.0,19.4,2.4
115052,RINCON_DE_LA_CRUZ,2020,11,22,0.0,18.4,3.6
115052,RINCON_DE_LA_CRUZ,2020,11,23,0.0,18.4,1.0
115052,RINCON_DE_LA_CRUZ,2020,11,24,0.0,20.4,5.4
115052,RINCON_DE_LA_CRUZ,2020,11,25,0.0,20.4,4.8
115052,RINCON_DE_LA_CRUZ,2020,11,26,0.5,19.4,4.6
115052,RINCON_DE_LA_CRUZ,2020,11,27,1.6,19.4,4.0
115052,RINCON_DE_LA_CRUZ,2020,11,28,3.0,18.2,4.8
115052,RINCON_DE_LA_CRUZ,2020,11,29,0.0,17.2,6.8
115052,RINCON_DE_LA_CRUZ,2020,11,30,13.0,18.8,5.0
115052,RINCON_DE_LA_CRUZ,2020,12,01,14.4,16.4,-999
115052,RINCON_DE_LA_CRUZ,2020,12,02,0.0,17.6,3.0
115052,RINCON_DE_LA_CRUZ,2020,12,03,0.0,19.2,5.8
115052,RINCON_DE_LA_CRUZ,2020,12,04,6.6,17.0,5.4
115052,RINCON_DE_LA_CRUZ,2020,12,05,0.8,17.2,5.4
115052,RINCON_DE_LA_CRUZ,2020,12,06,1.6,17.0,5.0
115052,RINCON_DE_LA_CRUZ,2020,12,07,1.0,17.2,6.6
115052,RINCON_DE_LA_CRUZ,2020,12,08,0.0,19.2,5.2
115052,RINCON_DE_LA_CRUZ,2020,12,09,0.0,19.4,6.2
115052,RINCON_DE_LA_CRUZ,2020,12,10,0.0,15.6,5.2
115052,RINCON_DE_LA_CRUZ,2020,12,11,0.0,18.8,4.0
115052,RINCON_DE_LA_CRUZ,2020,12,12,0.0,18.8,5.8
115052,RINCON_DE_LA_CRUZ,2020,12,13,0.0,20.4,3.0
115052,RINCON_DE_LA_CRUZ,2020,12,14,0.0,18.6,3.6
115052,RINCON_DE_LA_CRUZ,2020,12,15,0.0,17.6,5.6
115052,RINCON_DE_LA_CRUZ,2020,12,16,0.0,17.6,5.6
115052,RINCON_DE_LA_CRUZ,2020,12,17,0.0,17.8,5.2
115052,RINCON_DE_LA_CRUZ,2020,12,18,0.8,18.6,1.4
115052,RINCON_DE_LA_CRUZ,2020,12,19,0.0,19.2,1.4
115052,RINCON_DE_LA_CRUZ,2020,12,20,13.7,19.2,3.4
115052,RINCON_DE_LA_CRUZ,2020,12,21,10.0,17.4,5.0
115052,RINCON_DE_LA_CRUZ,2020,12,22,1.8,14.4,5.4
115052,RINCON_DE_LA_CRUZ,2020,12,23,3.8,16.6,3.8
115052,RINCON_DE_LA_CRUZ,2020,12,24,18.8,16.2,5.8
115052,RINCON_DE_LA_CRUZ,2020,12,25,6.0,16.4,4.4
115052,RINCON_DE_LA_CRUZ,2020,12,26,51.8,12.8,-999
115052,RINCON_DE_LA_CRUZ,2020,12,27,22.8,13.2,3.2
115052,RINCON_DE_LA_CRUZ,2020,12,28,14.5,10.4,4.4
115052,RINCON_DE_LA_CRUZ,2020,12,29,9.3,13.8,4.4
115052,RINCON_DE_LA_CRUZ,2020,12,30,20.4,16.8,5.6
115052,RINCON_DE_LA_CRUZ,2020,12,31,9.6,12.0,4.8
115052,RINCON_DE_LA_CRUZ,2021,01,01,1.4,15.4,4.4
115052,RINCON_DE_LA_CRUZ,2021,01,02,5.2,15.6,5.4
115052,RINCON_DE_LA_CRUZ,2021,01,03,4.8,16.2,5.0
115052,RINCON_DE_LA_CRUZ,2021,01,04,1.8,16.4,3.4
115052,RINCON_DE_LA_CRUZ,2021,01,05,0.0,16.0,2.4
115052,RINCON_DE_LA_CRUZ,2021,01,06,15.3,15.0,5.8
115052,RINCON_DE_LA_CRUZ,2021,01,07,21.0,14.2,4.0
115052,RINCON_DE_LA_CRUZ,2021,01,08,3.2,13.2,3.4
115052,RINCON_DE_LA_CRUZ,2021,01,09,0.0,15.6,2.0
115052,RINCON_DE_LA_CRUZ,2021,01,10,4.5,15.6,2.4
115052,RINCON_DE_LA_CRUZ,2021,01,11,0.0,16.0,5.4
115052,RINCON_DE_LA_CRUZ,2021,01,12,0.0,17.6,3.2
115052,RINCON_DE_LA_CRUZ,2021,01,13,7.8,13.8,1.0
115052,RINCON_DE_LA_CRUZ,2021,01,14,5.6,14.2,5.4
115052,RINCON_DE_LA_CRUZ,2021,01,15,6.8,-999,5.0
115052,RINCON_DE_LA_CRUZ,2021,01,16,18.1,-999,5.0
115052,RINCON_DE_LA_CRUZ,2021,01,17,12.1,-999,3.6
115052,RINCON_DE_LA_CRUZ,2021,01,18,1.4,12.4,4.8
115052,RINCON_DE_LA_CRUZ,2021,01,19,13.7,16.0,3.2
115052,RINCON_DE_LA_CRUZ,2021,01,20,11.9,15.0,5.6
115052,RINCON_DE_LA_CRUZ,2021,01,21,22.5,13.6,4.4
115052,RINCON_DE_LA_CRUZ,2021,01,22,8.3,12.2,4.2
115052,RINCON_DE_LA_CRUZ,2021,01,23,4.0,14.4,1.8
115052,RINCON_DE_LA_CRUZ,2021,01,24,15.6,14.0,2.0
115052,RINCON_DE_LA_CRUZ,2021,01,25,17.8,15.8,5.4
115052,RINCON_DE_LA_CRUZ,2021,01,26,0.0,16.4,5.4
115052,RINCON_DE_LA_CRUZ,2021,01,27,0.0,16.2,1.0
115052,RINCON_DE_LA_CRUZ,2021,01,28,0.0,16.4,4.0
115052,RINCON_DE_LA_CRUZ,2021,01,29,0.0,14.6,1.8
115052,RINCON_DE_LA_CRUZ,2021,01,30,0.0,16.8,3.8
115052,RINCON_DE_LA_CRUZ,2021,01,31,7.6,17.8,3.0
115052,RINCON_DE_LA_CRUZ,2021,02,01,15.0,17.0,5.8
115052,RINCON_DE_LA_CRUZ,2021,02,02,16.8,16.0,4.0
115052,RINCON_DE_LA_CRUZ,2021,02,03,7.6,13.6,4.6
115052,RINCON_DE_LA_CRUZ,2021,02,04,4.3,14.2,5.0
115052,RINCON_DE_LA_CRUZ,2021,02,05,16.7,16.4,5.8
115052,RINCON_DE_LA_CRUZ,2021,02,06,0.0,16.2,4.4
115052,RINCON_DE_LA_CRUZ,2021,02,07,0.0,17.4,5.4
115052,RINCON_DE_LA_CRUZ,2021,02,08,0.0,16.2,5.6
115052,RINCON_DE_LA_CRUZ,2021,02,09,0.0,16.2,4.8
115052,RINCON_DE_LA_CRUZ,2021,02,10,4.8,16.0,3.8
115052,RINCON_DE_LA_CRUZ,2021,02,11,0.0,16.6,4.8
115052,RINCON_DE_LA_CRUZ,2021,02,12,0.0,17.2,6.0
115052,RINCON_DE_LA_CRUZ,2021,02,13,0.0,17.8,4.4
115052,RINCON_DE_LA_CRUZ,2021,02,14,0.0,16.8,4.6
115052,RINCON_DE_LA_CRUZ,2021,02,15,1.2,13.8,5.0
115052,RINCON_DE_LA_CRUZ,2021,02,16,5.4,15.4,2.6
115052,RINCON_DE_LA_CRUZ,2021,02,17,0.0,15.2,5.4
115052,RINCON_DE_LA_CRUZ,2021,02,18,0.0,13.6,3.0
115052,RINCON_DE_LA_CRUZ,2021,02,19,4.8,14.4,5.4
115052,RINCON_DE_LA_CRUZ,2021,02,20,4.5,14.0,4.6
115052,RINCON_DE_LA_CRUZ,2021,02,21,1.4,14.2,5.8
115052,RINCON_DE_LA_CRUZ,2021,02,22,0.0,14.6,3.8
115052,RINCON_DE_LA_CRUZ,2021,02,23,0.0,15.2,6.4
115052,RINCON_DE_LA_CRUZ,2021,02,24,0.0,15.4,2.4
115052,RINCON_DE_LA_CRUZ,2021,02,25,0.0,15.0,4.8
115052,RINCON_DE_LA_CRUZ,2021,02,26,8.0,16.2,3.8
115052,RINCON_DE_LA_CRUZ,2021,02,27,13.5,14.8,4.0
115052,RINCON_DE_LA_CRUZ,2021,02,28,0.0,14.8,4.6
115052,RINCON_DE_LA_CRUZ,2021,03,01,0.6,15.4,5.0
115052,RINCON_DE_LA_CRUZ,2021,03,02,3.4,13.4,6.2
115052,RINCON_DE_LA_CRUZ,2021,03,03,0.0,14.8,4.2
115052,RINCON_DE_LA_CRUZ,2021,03,04,8.6,15.0,4.8
115052,RINCON_DE_LA_CRUZ,2021,03,05,21.2,15.6,-999
115052,RINCON_DE_LA_CRUZ,2021,03,06,0.0,14.0,2.4
115052,RINCON_DE_LA_CRUZ,2021,03,07,0.0,13.6,4.8
115052,RINCON_DE_LA_CRUZ,2021,03,08,0.0,15.0,2.6
115052,RINCON_DE_LA_CRUZ,2021,03,09,0.0,14.6,3.0
115052,RINCON_DE_LA_CRUZ,2021,03,10,0.0,14.2,3.4
115052,RINCON_DE_LA_CRUZ,2021,03,11,2.0,15.0,1.0
115052,RINCON_DE_LA_CRUZ,2021,03,12,0.0,13.8,2.2
115052,RINCON_DE_LA_CRUZ,2021,03,13,4.1,14.6,4.8
115052,RINCON_DE_LA_CRUZ,2021,03,14,6.0,14.4,4.0
115052,RINCON_DE_LA_CRUZ,2021,03,15,3.2,14.2,5.2
115052,RINCON_DE_LA_CRUZ,2021,03,16,1.6,15.8,4.6
115052,RINCON_DE_LA_CRUZ,2021,03,17,7.5,16.0,5.6
115052,RINCON_DE_LA_CRUZ,2021,03,18,7.1,10.8,5.6
115052,RINCON_DE_LA_CRUZ,2021,03,19,1.3,14.2,2.6
115052,RINCON_DE_LA_CRUZ,2021,03,20,0.0,15.8,4.4
115052,RINCON_DE_LA_CRUZ,2021,03,21,27.4,14.8,5.4
115052,RINCON_DE_LA_CRUZ,2021,03,22,18.0,12.8,3.6
115052,RINCON_DE_LA_CRUZ,2021,03,23,0.0,13.6,4.0
115052,RINCON_DE_LA_CRUZ,2021,03,24,0.0,14.8,3.6
115052,RINCON_DE_LA_CRUZ,2021,03,25,0.0,16.2,4.0
115052,RINCON_DE_LA_CRUZ,2021,03,26,0.0,16.0,6.2
115052,RINCON_DE_LA_CRUZ,2021,03,27,19.6,15.0,4.8
115052,RINCON_DE_LA_CRUZ,2021,03,28,8.8,14.6,4.6
115052,RINCON_DE_LA_CRUZ,2021,03,29,9.7,14.4,5.8
115052,RINCON_DE_LA_CRUZ,2021,03,30,10.2,15.2,4.4
115052,RINCON_DE_LA_CRUZ,2021,03,31,3.6,14.2,4.2
115052,RINCON_DE_LA_CRUZ,2021,04,01,0.0,14.6,4.4
115052,RINCON_DE_LA_CRUZ,2021,04,02,1.5,14.2,4.4
115052,RINCON_DE_LA_CRUZ,2021,04,03,8.0,14.0,5.0
115052,RINCON_DE_LA_CRUZ,2021,04,04,19.9,13.8,4.6
115052,RINCON_DE_LA_CRUZ,2021,04,05,8.3,13.2,4.6
115052,RINCON_DE_LA_CRUZ,2021,04,06,0.0,15.2,3.2
115052,RINCON_DE_LA_CRUZ,2021,04,07,0.0,14.4,4.2
115052,RINCON_DE_LA_CRUZ,2021,04,08,0.0,16.0,3.4
115052,RINCON_DE_LA_CRUZ,2021,04,09,0.0,14.8,5.8
115052,RINCON_DE_LA_CRUZ,2021,04,10,1.4,15.8,4.6
115052,RINCON_DE_LA_CRUZ,2021,04,11,0.8,16.8,3.4
115052,RINCON_DE_LA_CRUZ,2021,04,12,0.0,13.8,4.0
115052,RINCON_DE_LA_CRUZ,2021,04,13,0.0,14.4,4.0
115052,RINCON_DE_LA_CRUZ,2021,04,14,3.0,13.4,5.2
115052,RINCON_DE_LA_CRUZ,2021,04,15,0.0,15.8,1.2
115052,RINCON_DE_LA_CRUZ,2021,04,16,0.0,15.8,1.0
115052,RINCON_DE_LA_CRUZ,2021,04,17,0.0,16.0,-1.2
115052,RINCON_DE_LA_CRUZ,2021,04,18,0.0,15.8,-0.2
115052,RINCON_DE_LA_CRUZ,2021,04,19,0.0,16.0,0.0
115052,RINCON_DE_LA_CRUZ,2021,04,20,0.0,15.6,3.0
115052,RINCON_DE_LA_CRUZ,2021,04,21,0.0,17.2,2.2
115052,RINCON_DE_LA_CRUZ,2021,04,22,0.0,15.4,1.8
115052,RINCON_DE_LA_CRUZ,2021,04,23,0.0,14.4,2.4
115052,RINCON_DE_LA_CRUZ,2021,04,24,0.0,16.2,2.6
115052,RINCON_DE_LA_CRUZ,2021,04,25,0.0,16.0,1.4
115052,RINCON_DE_LA_CRUZ,2021,04,26,0.0,13.8,1.4
115052,RINCON_DE_LA_CRUZ,2021,04,27,0.0,14.4,-0.2
115052,RINCON_DE_LA_CRUZ,2021,04,28,0.0,16.0,1.6
115052,RINCON_DE_LA_CRUZ,2021,04,29,0.0,13.6,1.4
115052,RINCON_DE_LA_CRUZ,2021,04,30,0.0,14.2,-1.8
115052,RINCON_DE_LA_CRUZ,2021,05,01,0.0,16.4,-0.8
115052,RINCON_DE_LA_CRUZ,2021,05,02,0.0,15.6,-1.2
115052,RINCON_DE_LA_CRUZ,2021,05,03,0.0,15.4,-0.6
115052,RINCON_DE_LA_CRUZ,2021,05,04,0.0,15.6,0.4
115052,RINCON_DE_LA_CRUZ,2021,05,05,0.0,15.8,0.8
115052,RINCON_DE_LA_CRUZ,2021,05,06,0.0,15.2,0.0
115052,RINCON_DE_LA_CRUZ,2021,05,07,9.7,15.0,1.4
115052,RINCON_DE_LA_CRUZ,2021,05,08,1.0,15.2,0.8
115052,RINCON_DE_LA_CRUZ,2021,05,09,0.0,14.8,0.4
115052,RINCON_DE_LA_CRUZ,2021,05,10,0.0,15.4,1.6
115052,RINCON_DE_LA_CRUZ,2021,05,11,0.0,15.2,3.0
115052,RINCON_DE_LA_CRUZ,2021,05,12,0.0,17.0,2.0
115052,RINCON_DE_LA_CRUZ,2021,05,13,0.0,15.0,2.4
115052,RINCON_DE_LA_CRUZ,2021,05,14,0.0,14.6,2.6
115052,RINCON_DE_LA_CRUZ,2021,05,15,0.0,14.4,1.2
115052,RINCON_DE_LA_CRUZ,2021,05,16,0.0,14.0,0.8
115052,RINCON_DE_LA_CRUZ,2021,05,17,0.0,14.0,3.6
115052,RINCON_DE_LA_CRUZ,2021,05,18,0.0,14.2,3.4
115052,RINCON_DE_LA_CRUZ,2021,05,19,0.0,13.4,-0.4
115052,RINCON_DE_LA_CRUZ,2021,05,20,0.0,14.6,-1.6
115052,RINCON_DE_LA_CRUZ,2021,05,21,0.0,14.4,-0.8
115052,RINCON_DE_LA_CRUZ,2021,05,22,0.0,15.6,-3.2
115052,RINCON_DE_LA_CRUZ,2021,05,23,0.0,13.0,-4.0
115052,RINCON_DE_LA_CRUZ,2021,05,24,0.0,15.0,0.2
115052,RINCON_DE_LA_CRUZ,2021,05,25,12.2,13.8,-0.4
115052,RINCON_DE_LA_CRUZ,2021,05,26,8.5,13.6,0.6
115052,RINCON_DE_LA_CRUZ,2021,05,27,0.0,13.6,2.0
115052,RINCON_DE_LA_CRUZ,2021,05,28,0.0,15.2,2.2
115052,RINCON_DE_LA_CRUZ,2021,05,29,0.0,15.0,-0.6
115052,RINCON_DE_LA_CRUZ,2021,05,30,0.0,14.2,3.4
115052,RINCON_DE_LA_CRUZ,2021,05,31,0.0,15.2,0.6
115052,RINCON_DE_LA_CRUZ,2021,06,01,0.0,14.8,0.8
115052,RINCON_DE_LA_CRUZ,2021,06,02,0.0,14.8,-3.2
115052,RINCON_DE_LA_CRUZ,2021,06,03,0.0,15.0,-1.0
115052,RINCON_DE_LA_CRUZ,2021,06,04,0.0,15.2,2.2
115052,RINCON_DE_LA_CRUZ,2021,06,05,0.0,14.8,0.2
115052,RINCON_DE_LA_CRUZ,2021,06,06,0.0,16.8,-2.0
115052,RINCON_DE_LA_CRUZ,2021,06,07,0.0,15.2,-2.2
115052,RINCON_DE_LA_CRUZ,2021,06,08,0.0,15.2,-5.2
115052,RINCON_DE_LA_CRUZ,2021,06,09,0.0,14.8,-0.8
115052,RINCON_DE_LA_CRUZ,2021,06,10,0.0,14.0,-4.0
115052,RINCON_DE_LA_CRUZ,2021,06,11,0.0,13.6,-2.6
115052,RINCON_DE_LA_CRUZ,2021,06,12,0.0,13.6,-3.4
115052,RINCON_DE_LA_CRUZ,2021,06,13,0.0,13.0,-3.2
115052,RINCON_DE_LA_CRUZ,2021,06,14,0.0,13.2,-2.2
115052,RINCON_DE_LA_CRUZ,2021,06,15,0.0,14.0,-0.6
115052,RINCON_DE_LA_CRUZ,2021,06,16,0.0,15.8,0.0
115052,RINCON_DE_LA_CRUZ,2021,06,17,0.0,14.6,-0.2
115052,RINCON_DE_LA_CRUZ,2021,06,18,0.0,15.8,-1.8
115052,RINCON_DE_LA_CRUZ,2021,06,19,0.0,15.4,-3.4
115052,RINCON_DE_LA_CRUZ,2021,06,20,0.0,14.8,-3.0
115052,RINCON_DE_LA_CRUZ,2021,06,21,0.0,14.6,-1.2
115052,RINCON_DE_LA_CRUZ,2021,06,22,0.0,15.2,1.4
115052,RINCON_DE_LA_CRUZ,2021,06,23,0.0,16.6,1.6
115052,RINCON_DE_LA_CRUZ,2021,06,24,0.0,13.8,-6.0
115052,RINCON_DE_LA_CRUZ,2021,06,25,0.0,14.6,-2.6
115052,RINCON_DE_LA_CRUZ,2021,06,26,0.0,15.2,-1.0
115052,RINCON_DE_LA_CRUZ,2021,06,27,0.0,14.2,-1.0
115052,RINCON_DE_LA_CRUZ,2021,06,28,0.0,13.2,0.0
115052,RINCON_DE_LA_CRUZ,2021,06,29,0.0,13.4,-2.4
115052,RINCON_DE_LA_CRUZ,2021,06,30,0.0,12.4,-1.4
115052,RINCON_DE_LA_CRUZ,2021,07,01,0.0,14.0,-4.2
115052,RINCON_DE_LA_CRUZ,2021,07,02,0.0,14.2,-3.8
115052,RINCON_DE_LA_CRUZ,2021,07,03,0.0,14.8,-5.0
115052,RINCON_DE_LA_CRUZ,2021,07,04,0.0,14.2,-5.8
115052,RINCON_DE_LA_CRUZ,2021,07,05,0.0,15.0,-5.4
115052,RINCON_DE_LA_CRUZ,2021,07,06,0.0,15.2,-5.4
115052,RINCON_DE_LA_CRUZ,2021,07,07,0.0,15.8,-5.0
115052,RINCON_DE_LA_CRUZ,2021,07,08,0.0,16.0,-1.6
115052,RINCON_DE_LA_CRUZ,2021,07,09,0.0,15.4,0.6
115052,RINCON_DE_LA_CRUZ,2021,07,10,0.0,16.8,0.0
115052,RINCON_DE_LA_CRUZ,2021,07,11,0.0,14.8,-0.4
115052,RINCON_DE_LA_CRUZ,2021,07,12,0.0,15.8,-2.6
115052,RINCON_DE_LA_CRUZ,2021,07,13,0.0,16.4,-0.2
115052,RINCON_DE_LA_CRUZ,2021,07,14,0.0,15.8,0.6
115052,RINCON_DE_LA_CRUZ,2021,07,15,0.0,16.8,-0.8
115052,RINCON_DE_LA_CRUZ,2021,07,16,0.0,14.8,-0.2
115052,RINCON_DE_LA_CRUZ,2021,07,17,0.0,15.4,-2.2
115052,RINCON_DE_LA_CRUZ,2021,07,18,0.0,14.6,-1.8
115052,RINCON_DE_LA_CRUZ,2021,07,19,0.0,15.8,-1.4
115052,RINCON_DE_LA_CRUZ,2021,07,20,0.0,15.6,-0.4
115052,RINCON_DE_LA_CRUZ,2021,07,21,0.0,13.8,0.4
115052,RINCON_DE_LA_CRUZ,2021,07,22,0.0,16.8,1.2
115052,RINCON_DE_LA_CRUZ,2021,07,23,0.0,15.2,-0.8
115052,RINCON_DE_LA_CRUZ,2021,07,24,0.0,15.0,2.6
115052,RINCON_DE_LA_CRUZ,2021,07,25,0.0,15.0,0.8
115052,RINCON_DE_LA_CRUZ,2021,07,26,0.0,14.0,-0.4
115052,RINCON_DE_LA_CRUZ,2021,07,27,0.0,14.6,1.0
115052,RINCON_DE_LA_CRUZ,2021,07,28,0.0,14.4,1.0
115052,RINCON_DE_LA_CRUZ,2021,07,29,0.0,16.2,-1.4
115052,RINCON_DE_LA_CRUZ,2021,07,30,0.0,15.8,-0.6
115052,RINCON_DE_LA_CRUZ,2021,07,31,0.0,16.0,2.4
115052,RINCON_DE_LA_CRUZ,2021,08,01,0.3,14.2,-1.0
115052,RINCON_DE_LA_CRUZ,2021,08,02,1.4,14.2,-1.0
115052,RINCON_DE_LA_CRUZ,2021,08,03,3.5,13.0,-999
115052,RINCON_DE_LA_CRUZ,2021,08,04,5.2,11.2,-0.2
115052,RINCON_DE_LA_CRUZ,2021,08,05,0.0,15.2,-2.4
115052,RINCON_DE_LA_CRUZ,2021,08,06,0.0,16.2,-2.8
115052,RINCON_DE_LA_CRUZ,2021,08,07,0.0,15.2,-0.8
115052,RINCON_DE_LA_CRUZ,2021,08,08,0.0,15.0,0.4
115052,RINCON_DE_LA_CRUZ,2021,08,09,0.0,15.4,-1.8
115052,RINCON_DE_LA_CRUZ,2021,08,10,0.0,15.6,-1.0
115052,RINCON_DE_LA_CRUZ,2021,08,11,0.0,16.2,1.8
115052,RINCON_DE_LA_CRUZ,2021,08,12,0.0,16.2,1.4
115052,RINCON_DE_LA_CRUZ,2021,08,13,0.0,15.0,-2.0
115052,RINCON_DE_LA_CRUZ,2021,08,14,0.0,15.0,-1.4
115052,RINCON_DE_LA_CRUZ,2021,08,15,0.0,15.2,-2.2
115052,RINCON_DE_LA_CRUZ,2021,08,16,0.0,15.4,0.0
115052,RINCON_DE_LA_CRUZ,2021,08,17,0.0,16.0,-3.2
115052,RINCON_DE_LA_CRUZ,2021,08,18,0.0,16.2,-1.8
115052,RINCON_DE_LA_CRUZ,2021,08,19,0.0,15.8,-2.6
115052,RINCON_DE_LA_CRUZ,2021,08,20,0.0,15.0,-3.8
115052,RINCON_DE_LA_CRUZ,2021,08,21,0.0,15.2,1.0
115052,RINCON_DE_LA_CRUZ,2021,08,22,0.0,16.0,-0.2
115052,RINCON_DE_LA_CRUZ,2021,08,23,0.0,17.0,-1.8
115052,RINCON_DE_LA_CRUZ,2021,08,24,0.0,17.4,-0.2
115052,RINCON_DE_LA_CRUZ,2021,08,25,0.0,18.8,0.6
115052,RINCON_DE_LA_CRUZ,2021,08,26,0.0,17.0,-0.6
115052,RINCON_DE_LA_CRUZ,2021,08,27,0.0,15.4,3.0
115052,RINCON_DE_LA_CRUZ,2021,08,28,0.0,15.8,-0.6
115052,RINCON_DE_LA_CRUZ,2021,08,29,0.0,15.8,1.0
115052,RINCON_DE_LA_CRUZ,2021,08,30,0.0,15.2,0.2
115052,RINCON_DE_LA_CRUZ,2021,08,31,0.0,16.0,1.8
115052,RINCON_DE_LA_CRUZ,2021,09,01,0.0,17.4,-2.8
115052,RINCON_DE_LA_CRUZ,2021,09,02,0.0,17.4,2.2
115052,RINCON_DE_LA_CRUZ,2021,09,03,0.0,17.0,1.2
115052,RINCON_DE_LA_CRUZ,2021,09,04,0.0,18.0,1.4
115052,RINCON_DE_LA_CRUZ,2021,09,05,0.0,15.4,1.6
115052,RINCON_DE_LA_CRUZ,2021,09,06,0.0,16.6,1.0
115052,RINCON_DE_LA_CRUZ,2021,09,07,2.5,17.2,1.4
115052,RINCON_DE_LA_CRUZ,2021,09,08,8.5,17.4,4.2
115052,RINCON_DE_LA_CRUZ,2021,09,09,0.0,16.6,2.6
115052,RINCON_DE_LA_CRUZ,2021,09,10,0.0,16.2,3.2
115052,RINCON_DE_LA_CRUZ,2021,09,11,2.4,16.4,3.4
115052,RINCON_DE_LA_CRUZ,2021,09,12,0.0,17.2,0.6
115052,RINCON_DE_LA_CRUZ,2021,09,13,0.0,17.6,2.2
115052,RINCON_DE_LA_CRUZ,2021,09,14,2.6,17.0,0.8
115052,RINCON_DE_LA_CRUZ,2021,09,15,3.4,16.6,1.8
115052,RINCON_DE_LA_CRUZ,2021,09,16,0.0,16.6,2.8
115052,RINCON_DE_LA_CRUZ,2021,09,17,0.0,16.4,5.0
115052,RINCON_DE_LA_CRUZ,2021,09,18,0.0,17.6,3.8
115052,RINCON_DE_LA_CRUZ,2021,09,19,0.0,16.2,3.2
115052,RINCON_DE_LA_CRUZ,2021,09,20,15.5,17.2,2.6
115052,RINCON_DE_LA_CRUZ,2021,09,21,0.4,15.6,2.2
115052,RINCON_DE_LA_CRUZ,2021,09,22,2.0,15.8,-999
115052,RINCON_DE_LA_CRUZ,2021,09,23,5.8,13.0,1.8
115052,RINCON_DE_LA_CRUZ,2021,09,24,0.0,15.8,1.8
115052,RINCON_DE_LA_CRUZ,2021,09,25,0.0,16.0,2.2
115052,RINCON_DE_LA_CRUZ,2021,09,26,0.0,-999,1.4
115052,RINCON_DE_LA_CRUZ,2021,09,27,0.0,17.2,4.4
115052,RINCON_DE_LA_CRUZ,2021,09,28,0.0,17.0,4.6
115052,RINCON_DE_LA_CRUZ,2021,09,29,0.0,16.2,3.2
115052,RINCON_DE_LA_CRUZ,2021,09,30,0.0,17.0,2.6
115052,RINCON_DE_LA_CRUZ,2021,10,01,0.0,17.6,1.4
115052,RINCON_DE_LA_CRUZ,2021,10,02,0.0,17.4,2.8
115052,RINCON_DE_LA_CRUZ,2021,10,03,0.0,17.6,5.2
115052,RINCON_DE_LA_CRUZ,2021,10,04,11.0,17.8,4.2
115052,RINCON_DE_LA_CRUZ,2021,10,05,19.6,14.2,3.2
115052,RINCON_DE_LA_CRUZ,2021,10,06,8.7,13.6,1.2
115052,RINCON_DE_LA_CRUZ,2021,10,07,9.9,17.0,4.2
115052,RINCON_DE_LA_CRUZ,2021,10,08,0.0,17.4,6.2
115052,RINCON_DE_LA_CRUZ,2021,10,09,0.0,-999,3.6
115052,RINCON_DE_LA_CRUZ,2021,10,10,0.0,18.8,3.4
115052,RINCON_DE_LA_CRUZ,2021,10,11,19.0,18.0,2.8
115052,RINCON_DE_LA_CRUZ,2021,10,12,0.0,19.2,3.2
115052,RINCON_DE_LA_CRUZ,2021,10,13,0.0,19.2,3.2
115052,RINCON_DE_LA_CRUZ,2021,10,14,0.0,20.0,3.6
115052,RINCON_DE_LA_CRUZ,2021,10,15,0.0,18.0,2.0
115052,RINCON_DE_LA_CRUZ,2021,10,16,0.0,20.2,1.8
115052,RINCON_DE_LA_CRUZ,2021,10,17,0.0,18.0,2.8
115052,RINCON_DE_LA_CRUZ,2021,10,18,0.0,18.6,1.0
115052,RINCON_DE_LA_CRUZ,2021,10,19,0.0,18.0,4.8
115052,RINCON_DE_LA_CRUZ,2021,10,20,0.0,18.0,1.8
115052,RINCON_DE_LA_CRUZ,2021,10,21,0.0,18.4,0.6
115052,RINCON_DE_LA_CRUZ,2021,10,22,0.0,18.0,4.2
115052,RINCON_DE_LA_CRUZ,2021,10,23,0.0,18.2,3.2
115052,RINCON_DE_LA_CRUZ,2021,10,24,0.0,20.8,-0.2
115052,RINCON_DE_LA_CRUZ,2021,10,25,0.0,17.6,2.4
115052,RINCON_DE_LA_CRUZ,2021,10,26,0.0,15.4,3.2
115052,RINCON_DE_LA_CRUZ,2021,10,27,0.0,16.4,3.2
115052,RINCON_DE_LA_CRUZ,2021,10,28,0.0,16.6,4.2
115052,RINCON_DE_LA_CRUZ,2021,10,29,2.4,16.6,3.8
115052,RINCON_DE_LA_CRUZ,2021,10,30,0.0,17.4,2.2
115052,RINCON_DE_LA_CRUZ,2021,10,31,0.0,16.8,2.4
115052,RINCON_DE_LA_CRUZ,2021,11,01,0.0,17.0,2.6
115052,RINCON_DE_LA_CRUZ,2021,11,02,0.0,17.6,2.6
115052,RINCON_DE_LA_CRUZ,2021,11,03,0.0,17.8,5.4
115052,RINCON_DE_LA_CRUZ,2021,11,04,0.0,18.4,1.4
115052,RINCON_DE_LA_CRUZ,2021,11,05,0.0,18.8,3.8
115052,RINCON_DE_LA_CRUZ,2021,11,06,0.0,18.0,2.8
115052,RINCON_DE_LA_CRUZ,2021,11,07,0.0,18.8,4.2
115052,RINCON_DE_LA_CRUZ,2021,11,08,0.0,18.6,4.2
115052,RINCON_DE_LA_CRUZ,2021,11,09,0.0,19.0,4.4
115052,RINCON_DE_LA_CRUZ,2021,11,10,8.6,17.2,4.6
115052,RINCON_DE_LA_CRUZ,2021,11,11,0.5,17.6,4.6
115052,RINCON_DE_LA_CRUZ,2021,11,12,2.4,16.0,6.0
115052,RINCON_DE_LA_CRUZ,2021,11,13,1.6,17.4,6.2
115052,RINCON_DE_LA_CRUZ,2021,11,14,0.4,17.6,4.4
115052,RINCON_DE_LA_CRUZ,2021,11,15,0.0,18.4,3.2
115052,RINCON_DE_LA_CRUZ,2021,11,16,0.0,17.8,5.6
115052,RINCON_DE_LA_CRUZ,2021,11,17,0.0,17.0,4.6
115052,RINCON_DE_LA_CRUZ,2021,11,18,0.0,18.6,4.0
115052,RINCON_DE_LA_CRUZ,2021,11,19,0.0,18.6,4.8
115052,RINCON_DE_LA_CRUZ,2021,11,20,0.0,18.8,4.8
115052,RINCON_DE_LA_CRUZ,2021,11,21,0.0,17.8,3.2
115052,RINCON_DE_LA_CRUZ,2021,11,22,0.0,18.0,2.2
115052,RINCON_DE_LA_CRUZ,2021,11,23,0.8,17.8,2.0
115052,RINCON_DE_LA_CRUZ,2021,11,24,2.6,17.8,6.8
115052,RINCON_DE_LA_CRUZ,2021,11,25,18.0,18.4,5.0
115052,RINCON_DE_LA_CRUZ,2021,11,26,5.8,12.4,4.6
115052,RINCON_DE_LA_CRUZ,2021,11,27,0.0,14.8,4.8
115052,RINCON_DE_LA_CRUZ,2021,11,28,6.0,17.4,4.8
115052,RINCON_DE_LA_CRUZ,2021,11,29,0.0,15.6,6.0
115052,RINCON_DE_LA_CRUZ,2021,11,30,0.0,16.8,4.6
115052,RINCON_DE_LA_CRUZ,2021,12,01,0.0,20.0,3.4
115052,RINCON_DE_LA_CRUZ,2021,12,02,0.0,17.0,3.8
115052,RINCON_DE_LA_CRUZ,2021,12,03,20.0,16.4,-999
115052,RINCON_DE_LA_CRUZ,2021,12,04,0.0,16.2,-999
115052,RINCON_DE_LA_CRUZ,2021,12,05,2.4,14.2,-999
115052,RINCON_DE_LA_CRUZ,2021,12,06,12.7,14.2,5.8
115052,RINCON_DE_LA_CRUZ,2021,12,07,7.0,16.2,-999
115052,RINCON_DE_LA_CRUZ,2021,12,08,31.0,16.2,-999
115052,RINCON_DE_LA_CRUZ,2021,12,09,3.8,14.2,-999
115052,RINCON_DE_LA_CRUZ,2021,12,10,0.6,13.6,5.4
115052,RINCON_DE_LA_CRUZ,2021,12,11,0.0,17.8,4.4
115052,RINCON_DE_LA_CRUZ,2021,12,12,0.0,15.2,2.6
115052,RINCON_DE_LA_CRUZ,2021,12,13,0.0,17.6,4.0
115052,RINCON_DE_LA_CRUZ,2021,12,14,4.0,18.8,4.4
115052,RINCON_DE_LA_CRUZ,2021,12,15,0.0,15.4,5.4
115052,RINCON_DE_LA_CRUZ,2021,12,16,7.8,14.8,-999
115052,RINCON_DE_LA_CRUZ,2021,12,17,17.0,14.4,4.0
115052,RINCON_DE_LA_CRUZ,2021,12,18,1.0,14.8,4.2
115052,RINCON_DE_LA_CRUZ,2021,12,19,3.5,15.2,4.0
115052,RINCON_DE_LA_CRUZ,2021,12,20,21.5,13.8,5.2
115052,RINCON_DE_LA_CRUZ,2021,12,21,0.0,13.6,5.8
115052,RINCON_DE_LA_CRUZ,2021,12,22,1.8,10.8,3.8
115052,RINCON_DE_LA_CRUZ,2021,12,23,0.4,16.8,4.8
115052,RINCON_DE_LA_CRUZ,2021,12,24,25.4,14.2,5.4
115052,RINCON_DE_LA_CRUZ,2021,12,25,6.9,15.0,4.2
115052,RINCON_DE_LA_CRUZ,2021,12,26,1.5,12.4,4.0
115052,RINCON_DE_LA_CRUZ,2021,12,27,1.4,15.8,3.0
115052,RINCON_DE_LA_CRUZ,2021,12,28,1.5,13.8,6.0
115052,RINCON_DE_LA_CRUZ,2021,12,29,2.8,15.2,6.0
115052,RINCON_DE_LA_CRUZ,2021,12,30,0.0,18.6,4.4
115052,RINCON_DE_LA_CRUZ,2021,12,31,0.0,16.2,4.0
115052,RINCON_DE_LA_CRUZ,2022,01,01,0.0,17.4,4.8
115052,RINCON_DE_LA_CRUZ,2022,01,02,0.0,18.4,3.8
115052,RINCON_DE_LA_CRUZ,2022,01,03,0.0,19.2,1.8
115052,RINCON_DE_LA_CRUZ,2022,01,04,4.0,16.4,5.2
115052,RINCON_DE_LA_CRUZ,2022,01,05,0.5,16.0,3.4
115052,RINCON_DE_LA_CRUZ,2022,01,06,4.4,14.2,6.4
115052,RINCON_DE_LA_CRUZ,2022,01,07,2.0,15.2,5.8
115052,RINCON_DE_LA_CRUZ,2022,01,08,1.4,15.6,5.6
115052,RINCON_DE_LA_CRUZ,2022,01,09,2.4,15.0,5.2
115052,RINCON_DE_LA_CRUZ,2022,01,10,17.0,15.4,6.0
115052,RINCON_DE_LA_CRUZ,2022,01,11,14.5,15.0,2.0
115052,RINCON_DE_LA_CRUZ,2022,01,12,5.8,12.4,3.8
115052,RINCON_DE_LA_CRUZ,2022,01,13,0.6,13.0,5.0
115052,RINCON_DE_LA_CRUZ,2022,01,14,12.0,12.8,1.4
115052,RINCON_DE_LA_CRUZ,2022,01,15,2.0,14.8,2.4
115052,RINCON_DE_LA_CRUZ,2022,01,16,9.4,-999,5.0
115052,RINCON_DE_LA_CRUZ,2022,01,17,1.0,-999,4.2
115052,RINCON_DE_LA_CRUZ,2022,01,18,0.0,-999,3.8
115052,RINCON_DE_LA_CRUZ,2022,01,19,18.6,14.6,4.0
115052,RINCON_DE_LA_CRUZ,2022,01,20,3.2,16.4,3.0
115052,RINCON_DE_LA_CRUZ,2022,01,21,3.4,14.0,5.2
115052,RINCON_DE_LA_CRUZ,2022,01,22,15.4,15.8,5.8
115052,RINCON_DE_LA_CRUZ,2022,01,23,0.0,14.0,4.6
115052,RINCON_DE_LA_CRUZ,2022,01,24,15.5,12.6,4.8
115052,RINCON_DE_LA_CRUZ,2022,01,25,4.2,14.4,5.2
115052,RINCON_DE_LA_CRUZ,2022,01,26,5.7,16.2,5.6
115052,RINCON_DE_LA_CRUZ,2022,01,27,2.0,16.2,5.8
115052,RINCON_DE_LA_CRUZ,2022,01,28,12.3,15.8,6.4
115052,RINCON_DE_LA_CRUZ,2022,01,29,6.8,15.8,5.8
115052,RINCON_DE_LA_CRUZ,2022,01,30,16.2,16.0,6.2
115052,RINCON_DE_LA_CRUZ,2022,01,31,2.8,15.6,6.0
115052,RINCON_DE_LA_CRUZ,2022,02,01,6.6,14.4,-999
115052,RINCON_DE_LA_CRUZ,2022,02,02,6.0,14.6,3.8
115052,RINCON_DE_LA_CRUZ,2022,02,03,0.0,15.2,5.4
115052,RINCON_DE_LA_CRUZ,2022,02,04,4.8,15.0,4.4
115052,RINCON_DE_LA_CRUZ,2022,02,05,0.0,16.0,3.4
115052,RINCON_DE_LA_CRUZ,2022,02,06,26.3,13.2,4.0
115052,RINCON_DE_LA_CRUZ,2022,02,07,2.6,14.2,5.2
115052,RINCON_DE_LA_CRUZ,2022,02,08,5.8,15.0,4.2
115052,RINCON_DE_LA_CRUZ,2022,02,09,0.0,14.8,5.8
115052,RINCON_DE_LA_CRUZ,2022,02,10,0.0,16.0,2.8
115052,RINCON_DE_LA_CRUZ,2022,02,11,0.0,16.8,4.6
115052,RINCON_DE_LA_CRUZ,2022,02,12,0.0,16.6,3.8
115052,RINCON_DE_LA_CRUZ,2022,02,13,1.6,16.4,4.0
115052,RINCON_DE_LA_CRUZ,2022,02,14,5.4,16.2,4.2
115052,RINCON_DE_LA_CRUZ,2022,02,15,20.5,14.8,5.2
115052,RINCON_DE_LA_CRUZ,2022,02,16,15.6,12.4,5.0
115052,RINCON_DE_LA_CRUZ,2022,02,17,0.0,15.4,5.0
115052,RINCON_DE_LA_CRUZ,2022,02,18,2.3,14.6,6.0
115052,RINCON_DE_LA_CRUZ,2022,02,19,0.0,16.0,1.8
115052,RINCON_DE_LA_CRUZ,2022,02,20,3.5,16.2,2.0
115052,RINCON_DE_LA_CRUZ,2022,02,21,18.2,15.2,3.8
115052,RINCON_DE_LA_CRUZ,2022,02,22,0.0,15.4,4.0
115052,RINCON_DE_LA_CRUZ,2022,02,23,4.6,14.6,6.4
115052,RINCON_DE_LA_CRUZ,2022,02,24,3.2,16.0,6.6
115052,RINCON_DE_LA_CRUZ,2022,02,25,6.0,15.0,6.0
115052,RINCON_DE_LA_CRUZ,2022,02,26,2.4,15.0,4.8
115052,RINCON_DE_LA_CRUZ,2022,02,27,0.0,16.2,4.6
115052,RINCON_DE_LA_CRUZ,2022,02,28,0.0,16.2,4.8
115052,RINCON_DE_LA_CRUZ,2022,03,01,0.0,14.8,6.4
115052,RINCON_DE_LA_CRUZ,2022,03,02,0.0,15.4,5.4
115052,RINCON_DE_LA_CRUZ,2022,03,03,1.0,16.4,6.2
115052,RINCON_DE_LA_CRUZ,2022,03,04,7.7,14.4,6.2
115052,RINCON_DE_LA_CRUZ,2022,03,05,0.0,14.6,5.4
115052,RINCON_DE_LA_CRUZ,2022,03,06,0.0,16.8,5.2
115052,RINCON_DE_LA_CRUZ,2022,03,07,0.0,16.0,5.2
115052,RINCON_DE_LA_CRUZ,2022,03,08,1.8,16.4,5.4
115052,RINCON_DE_LA_CRUZ,2022,03,09,3.4,15.0,3.2
115052,RINCON_DE_LA_CRUZ,2022,03,10,0.5,15.8,6.4
115052,RINCON_DE_LA_CRUZ,2022,03,11,0.0,17.8,5.6
115052,RINCON_DE_LA_CRUZ,2022,03,12,0.0,15.8,4.8
115052,RINCON_DE_LA_CRUZ,2022,03,13,7.0,15.6,4.4
115052,RINCON_DE_LA_CRUZ,2022,03,14,4.7,12.4,5.0
115052,RINCON_DE_LA_CRUZ,2022,03,15,7.5,9.8,5.2
115052,RINCON_DE_LA_CRUZ,2022,03,16,4.0,12.2,3.4
115052,RINCON_DE_LA_CRUZ,2022,03,17,2.0,15.0,2.4
115052,RINCON_DE_LA_CRUZ,2022,03,18,14.2,15.2,5.6
115052,RINCON_DE_LA_CRUZ,2022,03,19,12.4,15.6,4.6
115052,RINCON_DE_LA_CRUZ,2022,03,20,8.0,14.6,5.8
115052,RINCON_DE_LA_CRUZ,2022,03,21,3.8,15.8,4.6
115052,RINCON_DE_LA_CRUZ,2022,03,22,1.8,16.4,5.6
115052,RINCON_DE_LA_CRUZ,2022,03,23,0.0,16.4,6.0
115052,RINCON_DE_LA_CRUZ,2022,03,24,0.0,17.0,3.8
115052,RINCON_DE_LA_CRUZ,2022,03,25,0.0,16.2,4.6
115052,RINCON_DE_LA_CRUZ,2022,03,26,0.0,14.6,6.2
115052,RINCON_DE_LA_CRUZ,2022,03,27,15.8,15.0,5.2
115052,RINCON_DE_LA_CRUZ,2022,03,28,0.0,14.8,5.2
115052,RINCON_DE_LA_CRUZ,2022,03,29,0.0,16.4,3.0
115052,RINCON_DE_LA_CRUZ,2022,03,30,0.0,16.2,1.4
115052,RINCON_DE_LA_CRUZ,2022,03,31,0.0,15.2,3.2
115052,RINCON_DE_LA_CRUZ,2022,04,01,0.0,14.6,3.4
115052,RINCON_DE_LA_CRUZ,2022,04,02,10.5,11.4,5.0
115052,RINCON_DE_LA_CRUZ,2022,04,03,8.0,14.6,5.4
115052,RINCON_DE_LA_CRUZ,2022,04,04,0.0,14.8,4.8
115052,RINCON_DE_LA_CRUZ,2022,04,05,0.0,15.2,3.6
115052,RINCON_DE_LA_CRUZ,2022,04,06,0.0,15.0,4.0
115052,RINCON_DE_LA_CRUZ,2022,04,07,4.0,16.2,3.8
115052,RINCON_DE_LA_CRUZ,2022,04,08,0.0,-999,5.6
115052,RINCON_DE_LA_CRUZ,2022,04,09,12.5,-999,6.0
115052,RINCON_DE_LA_CRUZ,2022,04,10,1.5,-999,4.4
115052,RINCON_DE_LA_CRUZ,2022,04,11,0.0,16.0,4.2
115052,RINCON_DE_LA_CRUZ,2022,04,12,0.0,16.2,-2.0
115052,RINCON_DE_LA_CRUZ,2022,04,13,0.0,15.6,-1.4
115052,RINCON_DE_LA_CRUZ,2022,04,14,0.0,16.0,-3.0
115052,RINCON_DE_LA_CRUZ,2022,04,15,0.0,15.4,-0.6
115052,RINCON_DE_LA_CRUZ,2022,04,16,0.0,16.8,-3.2
115052,RINCON_DE_LA_CRUZ,2022,04,17,0.0,16.8,-3.8
115052,RINCON_DE_LA_CRUZ,2022,04,18,0.0,16.0,-1.6
115052,RINCON_DE_LA_CRUZ,2022,04,19,0.0,17.0,-0.6
115052,RINCON_DE_LA_CRUZ,2022,04,20,0.0,17.0,0.4
115052,RINCON_DE_LA_CRUZ,2022,04,21,0.0,16.4,2.8
115052,RINCON_DE_LA_CRUZ,2022,04,22,0.0,16.2,1.6
115052,RINCON_DE_LA_CRUZ,2022,04,23,0.0,16.4,-1.0
115052,RINCON_DE_LA_CRUZ,2022,04,24,0.0,15.6,0.8
115052,RINCON_DE_LA_CRUZ,2022,04,25,0.0,15.6,1.2
115052,RINCON_DE_LA_CRUZ,2022,04,26,0.0,16.6,1.6
115052,RINCON_DE_LA_CRUZ,2022,04,27,0.0,16.6,2.2
115052,RINCON_DE_LA_CRUZ,2022,04,28,0.0,17.4,0.6
115052,RINCON_DE_LA_CRUZ,2022,04,29,0.0,14.6,3.0
115052,RINCON_DE_LA_CRUZ,2022,04,30,0.0,16.0,1.6
115052,RINCON_DE_LA_CRUZ,2022,05,01,0.0,17.0,1.2
115052,RINCON_DE_LA_CRUZ,2022,05,02,0.0,18.0,2.8
115052,RINCON_DE_LA_CRUZ,2022,05,03,0.0,16.6,-0.8
115052,RINCON_DE_LA_CRUZ,2022,05,04,0.0,14.8,3.8
115052,RINCON_DE_LA_CRUZ,2022,05,05,0.0,14.4,1.6
115052,RINCON_DE_LA_CRUZ,2022,05,06,0.0,16.6,-0.2
115052,RINCON_DE_LA_CRUZ,2022,05,07,0.0,15.4,-0.4
115052,RINCON_DE_LA_CRUZ,2022,05,08,0.0,15.6,0.4
115052,RINCON_DE_LA_CRUZ,2022,05,09,0.0,15.4,-1.2
115052,RINCON_DE_LA_CRUZ,2022,05,10,0.0,14.6,2.4
115052,RINCON_DE_LA_CRUZ,2022,05,11,0.0,13.8,1.0
115052,RINCON_DE_LA_CRUZ,2022,05,12,0.0,13.8,2.8
115052,RINCON_DE_LA_CRUZ,2022,05,13,0.0,15.4,-0.6
115052,RINCON_DE_LA_CRUZ,2022,05,14,0.0,15.2,1.4
115052,RINCON_DE_LA_CRUZ,2022,05,15,0.0,14.6,3.4
115052,RINCON_DE_LA_CRUZ,2022,05,16,0.0,-999,2.8
115052,RINCON_DE_LA_CRUZ,2022,05,17,0.0,-999,-1.4
115052,RINCON_DE_LA_CRUZ,2022,05,18,0.0,-999,0.2
115052,RINCON_DE_LA_CRUZ,2022,05,19,0.0,14.4,3.4
115052,RINCON_DE_LA_CRUZ,2022,05,20,0.0,14.2,-3.6
115052,RINCON_DE_LA_CRUZ,2022,05,21,0.0,14.2,0.4
115052,RINCON_DE_LA_CRUZ,2022,05,22,0.0,16.2,-0.6
115052,RINCON_DE_LA_CRUZ,2022,05,23,0.0,15.4,-4.0
115052,RINCON_DE_LA_CRUZ,2022,05,24,0.0,14.2,-3.3
115052,RINCON_DE_LA_CRUZ,2022,05,25,0.0,13.8,-2.8
115052,RINCON_DE_LA_CRUZ,2022,05,26,0.0,14.4,-1.2
115052,RINCON_DE_LA_CRUZ,2022,05,27,0.0,14.0,-2.2
115052,RINCON_DE_LA_CRUZ,2022,05,28,0.0,13.6,-0.8
115052,RINCON_DE_LA_CRUZ,2022,05,29,0.0,15.0,0.6
115052,RINCON_DE_LA_CRUZ,2022,05,30,0.0,14.4,-1.2
115052,RINCON_DE_LA_CRUZ,2022,05,31,0.0,14.8,2.8
115052,RINCON_DE_LA_CRUZ,2022,06,01,0.0,15.2,0.4
115052,RINCON_DE_LA_CRUZ,2022,06,02,0.0,14.8,1.4
115052,RINCON_DE_LA_CRUZ,2022,06,03,0.0,14.2,-0.4
115052,RINCON_DE_LA_CRUZ,2022,06,04,0.9,15.4,3.0
115052,RINCON_DE_LA_CRUZ,2022,06,05,0.4,14.4,1.6
115052,RINCON_DE_LA_CRUZ,2022,06,06,0.0,15.6,1.0
115052,RINCON_DE_LA_CRUZ,2022,06,07,0.0,13.8,0.6
115052,RINCON_DE_LA_CRUZ,2022,06,08,0.0,12.6,-5.0
115052,RINCON_DE_LA_CRUZ,2022,06,09,0.0,12.2,-7.0
115052,RINCON_DE_LA_CRUZ,2022,06,10,0.0,12.4,-6.8
115052,RINCON_DE_LA_CRUZ,2022,06,11,0.0,12.2,-2.2
115052,RINCON_DE_LA_CRUZ,2022,06,12,0.0,13.0,-8.0
115052,RINCON_DE_LA_CRUZ,2022,06,13,0.0,11.8,-5.6
115052,RINCON_DE_LA_CRUZ,2022,06,14,0.0,13.0,-6.4
115052,RINCON_DE_LA_CRUZ,2022,06,15,0.0,14.6,-6.2
115052,RINCON_DE_LA_CRUZ,2022,06,16,0.0,16.2,-2.6
115052,RINCON_DE_LA_CRUZ,2022,06,17,0.0,16.0,-3.2
115052,RINCON_DE_LA_CRUZ,2022,06,18,0.0,14.4,-5.6
115052,RINCON_DE_LA_CRUZ,2022,06,19,0.0,13.8,-3.0
115052,RINCON_DE_LA_CRUZ,2022,06,20,0.0,13.6,-3.6
115052,RINCON_DE_LA_CRUZ,2022,06,21,0.0,16.2,0.2
115052,RINCON_DE_LA_CRUZ,2022,06,22,0.0,13.8,-2.2
115052,RINCON_DE_LA_CRUZ,2022,06,23,0.0,14.0,-2.8
115052,RINCON_DE_LA_CRUZ,2022,06,24,0.0,14.8,0.8
115052,RINCON_DE_LA_CRUZ,2022,06,25,0.0,13.6,-1.6
115052,RINCON_DE_LA_CRUZ,2022,06,26,0.0,15.4,-1.0
115052,RINCON_DE_LA_CRUZ,2022,06,27,0.0,14.2,-0.4
115052,RINCON_DE_LA_CRUZ,2022,06,28,0.0,14.6,1.8
115052,RINCON_DE_LA_CRUZ,2022,06,29,0.0,14.4,-3.6
115052,RINCON_DE_LA_CRUZ,2022,06,30,0.0,15.6,0.2
115052,RINCON_DE_LA_CRUZ,2022,07,01,0.0,16.0,-3.0
115052,RINCON_DE_LA_CRUZ,2022,07,02,0.0,15.8,-1.6
115052,RINCON_DE_LA_CRUZ,2022,07,03,0.0,14.6,-1.4
115052,RINCON_DE_LA_CRUZ,2022,07,04,0.0,15.0,-0.6
115052,RINCON_DE_LA_CRUZ,2022,07,05,0.0,15.2,-2.6
115052,RINCON_DE_LA_CRUZ,2022,07,06,0.0,15.0,-2.0
115052,RINCON_DE_LA_CRUZ,2022,07,07,0.0,15.2,-1.6
115052,RINCON_DE_LA_CRUZ,2022,07,08,0.0,14.6,-0.8
115052,RINCON_DE_LA_CRUZ,2022,07,09,0.0,14.8,0.2
115052,RINCON_DE_LA_CRUZ,2022,07,10,0.0,15.6,0.4
115052,RINCON_DE_LA_CRUZ,2022,07,11,0.0,14.8,1.4
115052,RINCON_DE_LA_CRUZ,2022,07,12,0.0,15.0,-3.8
115052,RINCON_DE_LA_CRUZ,2022,07,13,0.0,17.0,0.0
115052,RINCON_DE_LA_CRUZ,2022,07,14,0.0,17.2,1.4
115052,RINCON_DE_LA_CRUZ,2022,07,15,0.0,14.6,-2.4
115052,RINCON_DE_LA_CRUZ,2022,07,16,0.0,13.6,-3.8
115052,RINCON_DE_LA_CRUZ,2022,07,17,0.0,14.2,-2.0
115052,RINCON_DE_LA_CRUZ,2022,07,18,0.0,14.8,0.8
115052,RINCON_DE_LA_CRUZ,2022,07,19,0.0,15.4,1.4
115052,RINCON_DE_LA_CRUZ,2022,07,20,0.0,-999,-2.8
115052,RINCON_DE_LA_CRUZ,2022,07,21,0.0,-999,-2.4
115052,RINCON_DE_LA_CRUZ,2022,07,22,0.0,-999,-2.4
115052,RINCON_DE_LA_CRUZ,2022,07,23,0.0,15.0,-2.0
115052,RINCON_DE_LA_CRUZ,2022,07,24,0.0,15.2,0.6
115052,RINCON_DE_LA_CRUZ,2022,07,25,0.0,16.0,-1.8
115052,RINCON_DE_LA_CRUZ,2022,07,26,0.0,15.0,2.0
115052,RINCON_DE_LA_CRUZ,2022,07,27,0.0,16.2,-4.2
115052,RINCON_DE_LA_CRUZ,2022,07,28,0.0,16.4,-4.4
115052,RINCON_DE_LA_CRUZ,2022,07,29,0.0,16.4,-1.4
115052,RINCON_DE_LA_CRUZ,2022,07,30,0.0,17.4,-0.4
115052,RINCON_DE_LA_CRUZ,2022,07,31,0.0,16.4,-1.8
115052,RINCON_DE_LA_CRUZ,2022,08,01,0.0,17.4,-1.6
115052,RINCON_DE_LA_CRUZ,2022,08,02,0.0,16.4,-1.8
115052,RINCON_DE_LA_CRUZ,2022,08,03,0.0,16.2,-2.4
115052,RINCON_DE_LA_CRUZ,2022,08,04,0.0,15.4,-2.0
115052,RINCON_DE_LA_CRUZ,2022,08,05,0.0,15.4,2.6
115052,RINCON_DE_LA_CRUZ,2022,08,06,0.0,16.0,3.6
115052,RINCON_DE_LA_CRUZ,2022,08,07,0.0,13.8,1.2
115052,RINCON_DE_LA_CRUZ,2022,08,08,0.0,14.4,-0.4
115052,RINCON_DE_LA_CRUZ,2022,08,09,0.0,14.8,-0.4
115052,RINCON_DE_LA_CRUZ,2022,08,10,0.0,13.8,-1.8
115052,RINCON_DE_LA_CRUZ,2022,08,11,0.0,16.0,-1.8
115052,RINCON_DE_LA_CRUZ,2022,08,12,0.0,16.2,-0.6
115052,RINCON_DE_LA_CRUZ,2022,08,13,0.0,15.0,-1.6
115052,RINCON_DE_LA_CRUZ,2022,08,14,0.0,-999,2.4
115052,RINCON_DE_LA_CRUZ,2022,08,15,0.0,-999,-1.2
115052,RINCON_DE_LA_CRUZ,2022,08,16,0.0,-999,-0.6
115052,RINCON_DE_LA_CRUZ,2022,08,17,0.0,19.6,-2.8
115052,RINCON_DE_LA_CRUZ,2022,08,18,0.0,13.4,-4.8
115052,RINCON_DE_LA_CRUZ,2022,08,19,0.0,14.4,-1.6
115052,RINCON_DE_LA_CRUZ,2022,08,20,0.0,14.8,1.0
115052,RINCON_DE_LA_CRUZ,2022,08,21,0.0,14.6,-2.6
115052,RINCON_DE_LA_CRUZ,2022,08,22,0.0,16.0,-0.6
115052,RINCON_DE_LA_CRUZ,2022,08,23,0.0,15.8,-4.0
115052,RINCON_DE_LA_CRUZ,2022,08,24,0.0,16.2,-3.2
115052,RINCON_DE_LA_CRUZ,2022,08,25,0.0,15.8,-1.4
115052,RINCON_DE_LA_CRUZ,2022,08,26,0.2,16.2,0.4
115052,RINCON_DE_LA_CRUZ,2022,08,27,0.0,16.6,1.6
115052,RINCON_DE_LA_CRUZ,2022,08,28,0.0,14.2,0.4
115052,RINCON_DE_LA_CRUZ,2022,08,29,0.0,14.4,3.0
115052,RINCON_DE_LA_CRUZ,2022,08,30,0.0,16.6,-0.2
115052,RINCON_DE_LA_CRUZ,2022,08,31,0.0,16.4,2.4
115052,RINCON_DE_LA_CRUZ,2022,09,01,0.0,15.4,0.4
115052,RINCON_DE_LA_CRUZ,2022,09,02,13.9,16.0,2.6
115052,RINCON_DE_LA_CRUZ,2022,09,03,0.0,15.2,0.0
115052,RINCON_DE_LA_CRUZ,2022,09,04,0.0,15.0,1.4
115052,RINCON_DE_LA_CRUZ,2022,09,05,0.0,15.8,-0.2
115052,RINCON_DE_LA_CRUZ,2022,09,06,0.0,15.6,-2.6
115052,RINCON_DE_LA_CRUZ,2022,09,07,0.0,16.0,-1.4
115052,RINCON_DE_LA_CRUZ,2022,09,08,0.0,17.2,0.6
115052,RINCON_DE_LA_CRUZ,2022,09,09,0.0,17.8,0.2
115052,RINCON_DE_LA_CRUZ,2022,09,10,0.0,17.0,4.8
115052,RINCON_DE_LA_CRUZ,2022,09,11,0.0,-999,2.6
115052,RINCON_DE_LA_CRUZ,2022,09,12,0.0,-999,3.8
115052,RINCON_DE_LA_CRUZ,2022,09,13,0.0,-999,-2.2
115052,RINCON_DE_LA_CRUZ,2022,09,14,0.8,16.4,1.6
115052,RINCON_DE_LA_CRUZ,2022,09,15,0.0,15.4,-0.8
115052,RINCON_DE_LA_CRUZ,2022,09,16,0.0,15.2,0.8
115052,RINCON_DE_LA_CRUZ,2022,09,17,0.0,15.4,3.8
115052,RINCON_DE_LA_CRUZ,2022,09,18,0.0,17.6,2.4
115052,RINCON_DE_LA_CRUZ,2022,09,19,0.0,17.2,-2.2
115052,RINCON_DE_LA_CRUZ,2022,09,20,0.0,18.0,0.8
115052,RINCON_DE_LA_CRUZ,2022,09,21,0.0,18.2,-2.8
115052,RINCON_DE_LA_CRUZ,2022,09,22,0.0,17.2,-4.2
115052,RINCON_DE_LA_CRUZ,2022,09,23,0.0,17.0,2.0
115052,RINCON_DE_LA_CRUZ,2022,09,24,0.0,18.2,3.8
115052,RINCON_DE_LA_CRUZ,2022,09,25,0.0,15.8,1.8
115052,RINCON_DE_LA_CRUZ,2022,09,26,0.0,17.4,0.8
115052,RINCON_DE_LA_CRUZ,2022,09,27,0.0,18.6,1.6
115052,RINCON_DE_LA_CRUZ,2022,09,28,0.0,16.4,-4.8
115052,RINCON_DE_LA_CRUZ,2022,09,29,0.0,15.0,-2.2
115052,RINCON_DE_LA_CRUZ,2022,09,30,0.0,16.2,-2.2
115052,RINCON_DE_LA_CRUZ,2022,10,01,0.0,16.4,2.4
115052,RINCON_DE_LA_CRUZ,2022,10,02,0.5,16.8,-0.8
115052,RINCON_DE_LA_CRUZ,2022,10,03,0.6,13.8,2.6
115052,RINCON_DE_LA_CRUZ,2022,10,04,0.0,16.4,3.4
115052,RINCON_DE_LA_CRUZ,2022,10,05,0.0,17.8,3.6
115052,RINCON_DE_LA_CRUZ,2022,10,06,0.0,14.8,-5.0
115052,RINCON_DE_LA_CRUZ,2022,10,07,0.0,16.6,-2.6
115052,RINCON_DE_LA_CRUZ,2022,10,08,0.0,18.8,1.2
115052,RINCON_DE_LA_CRUZ,2022,10,09,0.0,18.6,-0.4
115052,RINCON_DE_LA_CRUZ,2022,10,10,0.0,20.2,-2.4
115052,RINCON_DE_LA_CRUZ,2022,10,11,0.0,18.8,-3.4
115052,RINCON_DE_LA_CRUZ,2022,10,12,0.0,18.4,-5.2
115052,RINCON_DE_LA_CRUZ,2022,10,13,0.0,15.0,-3.8
115052,RINCON_DE_LA_CRUZ,2022,10,14,0.0,15.8,2.6
115052,RINCON_DE_LA_CRUZ,2022,10,15,0.5,16.8,4.6
115052,RINCON_DE_LA_CRUZ,2022,10,16,0.4,17.0,4.4
115052,RINCON_DE_LA_CRUZ,2022,10,17,0.5,17.2,1.2
115052,RINCON_DE_LA_CRUZ,2022,10,18,0.0,16.4,1.0
115052,RINCON_DE_LA_CRUZ,2022,10,19,0.0,18.6,4.0
115052,RINCON_DE_LA_CRUZ,2022,10,20,0.0,18.8,2.0
115052,RINCON_DE_LA_CRUZ,2022,10,21,0.0,19.0,1.0
115052,RINCON_DE_LA_CRUZ,2022,10,22,0.0,17.4,0.8
115052,RINCON_DE_LA_CRUZ,2022,10,23,0.0,17.6,4.4
115052,RINCON_DE_LA_CRUZ,2022,10,24,0.0,18.6,1.4
115052,RINCON_DE_LA_CRUZ,2022,10,25,0.0,19.2,1.0
115052,RINCON_DE_LA_CRUZ,2022,10,26,0.0,19.0,0.2
115052,RINCON_DE_LA_CRUZ,2022,10,27,0.0,19.2,1.4
115052,RINCON_DE_LA_CRUZ,2022,10,28,0.0,17.2,4.6
115052,RINCON_DE_LA_CRUZ,2022,10,29,0.0,18.8,3.2
115052,RINCON_DE_LA_CRUZ,2022,10,30,0.0,18.2,2.4
115052,RINCON_DE_LA_CRUZ,2022,10,31,0.0,20.0,0.6
115052,RINCON_DE_LA_CRUZ,2022,11,01,0.0,17.8,3.8
115052,RINCON_DE_LA_CRUZ,2022,11,02,0.0,19.6,2.6
115052,RINCON_DE_LA_CRUZ,2022,11,03,0.0,19.4,1.2
115052,RINCON_DE_LA_CRUZ,2022,11,04,0.0,19.4,1.8
115052,RINCON_DE_LA_CRUZ,2022,11,05,0.0,19.0,5.2
115052,RINCON_DE_LA_CRUZ,2022,11,06,0.0,18.8,4.0
115052,RINCON_DE_LA_CRUZ,2022,11,07,0.0,19.6,2.2
115052,RINCON_DE_LA_CRUZ,2022,11,08,0.0,18.6,3.0
115052,RINCON_DE_LA_CRUZ,2022,11,09,0.0,18.2,1.4
115052,RINCON_DE_LA_CRUZ,2022,11,10,0.0,16.8,3.6
115052,RINCON_DE_LA_CRUZ,2022,11,11,0.0,18.2,3.6
115052,RINCON_DE_LA_CRUZ,2022,11,12,0.0,18.4,3.0
115052,RINCON_DE_LA_CRUZ,2022,11,13,0.0,17.0,-0.4
115052,RINCON_DE_LA_CRUZ,2022,11,14,0.0,19.6,-0.4
115052,RINCON_DE_LA_CRUZ,2022,11,15,0.0,19.6,3.6
115052,RINCON_DE_LA_CRUZ,2022,11,16,0.0,-999,3.6
115052,RINCON_DE_LA_CRUZ,2022,11,17,0.0,19.0,2.8
115052,RINCON_DE_LA_CRUZ,2022,11,18,0.0,19.8,3.0
115052,RINCON_DE_LA_CRUZ,2022,11,19,0.0,20.4,4.4
115052,RINCON_DE_LA_CRUZ,2022,11,20,0.0,20.0,3.4
115052,RINCON_DE_LA_CRUZ,2022,11,21,0.0,19.6,6.8
115052,RINCON_DE_LA_CRUZ,2022,11,22,0.0,16.0,7.4
115052,RINCON_DE_LA_CRUZ,2022,11,23,0.0,18.4,3.6
115052,RINCON_DE_LA_CRUZ,2022,11,24,1.0,16.6,4.6
115052,RINCON_DE_LA_CRUZ,2022,11,25,0.0,16.4,3.6
115052,RINCON_DE_LA_CRUZ,2022,11,26,0.0,17.4,3.2
115052,RINCON_DE_LA_CRUZ,2022,11,27,0.0,17.2,1.4
115052,RINCON_DE_LA_CRUZ,2022,11,28,0.0,17.4,1.2
115052,RINCON_DE_LA_CRUZ,2022,11,29,0.0,17.0,3.4
115052,RINCON_DE_LA_CRUZ,2022,11,30,0.0,17.4,0.0
115052,RINCON_DE_LA_CRUZ,2022,12,01,0.0,16.8,-2.0
115052,RINCON_DE_LA_CRUZ,2022,12,02,0.0,15.6,-3.6
115052,RINCON_DE_LA_CRUZ,2022,12,03,0.0,17.2,0.2
115052,RINCON_DE_LA_CRUZ,2022,12,04,13.2,16.6,1.4
115052,RINCON_DE_LA_CRUZ,2022,12,05,0.0,14.8,2.8
115052,RINCON_DE_LA_CRUZ,2022,12,06,6.4,13.6,2.2
115052,RINCON_DE_LA_CRUZ,2022,12,07,0.0,15.8,4.6
115052,RINCON_DE_LA_CRUZ,2022,12,08,0.0,17.4,5.6
115052,RINCON_DE_LA_CRUZ,2022,12,09,0.0,17.2,5.4
115052,RINCON_DE_LA_CRUZ,2022,12,10,0.0,18.4,4.0
115052,RINCON_DE_LA_CRUZ,2022,12,11,7.8,12.0,-999
115052,RINCON_DE_LA_CRUZ,2022,12,12,2.8,14.2,4.2
115052,RINCON_DE_LA_CRUZ,2022,12,13,8.4,12.8,5.6
115052,RINCON_DE_LA_CRUZ,2022,12,14,0.0,16.8,4.6
115052,RINCON_DE_LA_CRUZ,2022,12,15,0.0,17.0,7.0
115052,RINCON_DE_LA_CRUZ,2022,12,16,8.0,15.8,5.2
115052,RINCON_DE_LA_CRUZ,2022,12,17,0.0,17.4,4.6
115052,RINCON_DE_LA_CRUZ,2022,12,18,0.0,20.4,2.8
115052,RINCON_DE_LA_CRUZ,2022,12,19,0.0,18.2,4.4
115052,RINCON_DE_LA_CRUZ,2022,12,20,2.2,18.6,4.0
115052,RINCON_DE_LA_CRUZ,2022,12,21,7.2,17.0,6.4
115052,RINCON_DE_LA_CRUZ,2022,12,22,0.4,17.8,4.8
115052,RINCON_DE_LA_CRUZ,2022,12,23,0.0,19.4,3.2
115052,RINCON_DE_LA_CRUZ,2022,12,24,0.0,21.6,3.0
115052,RINCON_DE_LA_CRUZ,2022,12,25,0.0,14.4,0.8
115052,RINCON_DE_LA_CRUZ,2022,12,26,0.0,18.4,1.4
115052,RINCON_DE_LA_CRUZ,2022,12,27,3.4,18.2,4.4
115052,RINCON_DE_LA_CRUZ,2022,12,28,0.0,18.0,4.0
115052,RINCON_DE_LA_CRUZ,2022,12,29,1.4,16.2,3.0
115052,RINCON_DE_LA_CRUZ,2022,12,30,1.8,16.2,5.4
115052,RINCON_DE_LA_CRUZ,2022,12,31,8.8,16.4,5.4
115052,RINCON_DE_LA_CRUZ,2023,01,01,10.0,17.0,5.8
115052,RINCON_DE_LA_CRUZ,2023,01,02,3.0,14.2,4.8
115052,RINCON_DE_LA_CRUZ,2023,01,03,0.0,17.2,4.0
115052,RINCON_DE_LA_CRUZ,2023,01,04,2.4,17.2,6.4
115052,RINCON_DE_LA_CRUZ,2023,01,05,0.0,16.8,4.0
115052,RINCON_DE_LA_CRUZ,2023,01,06,0.0,16.6,5.6
115052,RINCON_DE_LA_CRUZ,2023,01,07,0.0,17.2,4.8
115052,RINCON_DE_LA_CRUZ,2023,01,08,0.0,16.8,5.8
115052,RINCON_DE_LA_CRUZ,2023,01,09,0.0,18.0,2.0
115052,RINCON_DE_LA_CRUZ,2023,01,10,0.0,18.4,4.8
115052,RINCON_DE_LA_CRUZ,2023,01,11,0.0,20.0,5.4
115052,RINCON_DE_LA_CRUZ,2023,01,12,0.0,18.8,4.6
115052,RINCON_DE_LA_CRUZ,2023,01,13,0.0,20.0,2.2
115052,RINCON_DE_LA_CRUZ,2023,01,14,0.0,20.4,-2.0
115052,RINCON_DE_LA_CRUZ,2023,01,15,0.0,18.6,5.2
115052,RINCON_DE_LA_CRUZ,2023,01,16,4.8,18.0,2.8
115052,RINCON_DE_LA_CRUZ,2023,01,17,0.0,17.0,3.8
115052,RINCON_DE_LA_CRUZ,2023,01,18,0.0,16.6,3.0
115052,RINCON_DE_LA_CRUZ,2023,01,19,16.3,13.8,6.2
115052,RINCON_DE_LA_CRUZ,2023,01,20,0.0,15.4,3.2
115052,RINCON_DE_LA_CRUZ,2023,01,21,0.0,18.0,4.4
115052,RINCON_DE_LA_CRUZ,2023,01,22,0.0,16.2,4.6
115052,RINCON_DE_LA_CRUZ,2023,01,23,0.0,18.2,3.6
115052,RINCON_DE_LA_CRUZ,2023,01,24,0.8,18.2,4.4
115052,RINCON_DE_LA_CRUZ,2023,01,25,9.4,15.8,5.4
115052,RINCON_DE_LA_CRUZ,2023,01,26,9.8,16.6,5.2
115052,RINCON_DE_LA_CRUZ,2023,01,27,1.8,15.8,4.6
115052,RINCON_DE_LA_CRUZ,2023,01,28,8.2,14.2,5.6
115052,RINCON_DE_LA_CRUZ,2023,01,29,12.8,12.0,5.0
115052,RINCON_DE_LA_CRUZ,2023,01,30,0.0,15.4,5.0
115052,RINCON_DE_LA_CRUZ,2023,01,31,17.9,16.4,5.8
115052,RINCON_DE_LA_CRUZ,2023,02,01,1.0,13.2,2.6
115052,RINCON_DE_LA_CRUZ,2023,02,02,9.4,16.4,3.8
115052,RINCON_DE_LA_CRUZ,2023,02,03,9.9,14.0,5.6
115052,RINCON_DE_LA_CRUZ,2023,02,04,38.1,11.0,-999
115052,RINCON_DE_LA_CRUZ,2023,02,05,9.8,12.8,1.4
115052,RINCON_DE_LA_CRUZ,2023,02,06,11.7,13.6,2.6
115052,RINCON_DE_LA_CRUZ,2023,02,07,1.4,14.8,5.2
115052,RINCON_DE_LA_CRUZ,2023,02,08,11.4,14.4,5.0
115052,RINCON_DE_LA_CRUZ,2023,02,09,16.2,15.2,4.8
115052,RINCON_DE_LA_CRUZ,2023,02,10,0.7,16.4,4.8
115052,RINCON_DE_LA_CRUZ,2023,02,11,6.4,16.6,5.6
115052,RINCON_DE_LA_CRUZ,2023,02,12,0.0,16.4,4.2
115052,RINCON_DE_LA_CRUZ,2023,02,13,0.0,16.0,5.0
115052,RINCON_DE_LA_CRUZ,2023,02,14,0.0,16.0,5.2
115052,RINCON_DE_LA_CRUZ,2023,02,15,0.0,18.0,4.0
115052,RINCON_DE_LA_CRUZ,2023,02,16,2.9,18.0,6.2
115052,RINCON_DE_LA_CRUZ,2023,02,17,3.5,18.2,3.6
115052,RINCON_DE_LA_CRUZ,2023,02,18,0.0,15.0,5.4
115052,RINCON_DE_LA_CRUZ,2023,02,19,0.0,16.0,4.0
115052,RINCON_DE_LA_CRUZ,2023,02,20,0.0,15.8,6.2
115052,RINCON_DE_LA_CRUZ,2023,02,21,0.0,16.6,4.8
115052,RINCON_DE_LA_CRUZ,2023,02,22,0.6,16.0,5.4
115052,RINCON_DE_LA_CRUZ,2023,02,23,0.0,16.6,6.6
115052,RINCON_DE_LA_CRUZ,2023,02,24,0.0,17.2,5.2
115052,RINCON_DE_LA_CRUZ,2023,02,25,0.0,16.8,3.6
115052,RINCON_DE_LA_CRUZ,2023,02,26,0.0,17.4,3.6
115052,RINCON_DE_LA_CRUZ,2023,02,27,0.0,15.0,5.2
115052,RINCON_DE_LA_CRUZ,2023,02,28,0.0,16.2,3.6
115052,RINCON_DE_LA_CRUZ,2023,03,01,0.0,18.0,5.0
115052,RINCON_DE_LA_CRUZ,2023,03,02,0.0,18.8,2.6
115052,RINCON_DE_LA_CRUZ,2023,03,03,0.0,16.6,4.8
115052,RINCON_DE_LA_CRUZ,2023,03,04,0.0,17.2,3.8
115052,RINCON_DE_LA_CRUZ,2023,03,05,0.0,15.8,5.0
115052,RINCON_DE_LA_CRUZ,2023,03,06,0.0,16.6,5.8
115052,RINCON_DE_LA_CRUZ,2023,03,07,0.0,-999,3.8
115052,RINCON_DE_LA_CRUZ,2023,03,08,1.5,16.4,5.6
115052,RINCON_DE_LA_CRUZ,2023,03,09,0.0,15.2,5.4
115052,RINCON_DE_LA_CRUZ,2023,03,10,0.0,16.2,5.2
115052,RINCON_DE_LA_CRUZ,2023,03,11,2.0,16.2,6.4
115052,RINCON_DE_LA_CRUZ,2023,03,12,0.0,16.6,5.0
115052,RINCON_DE_LA_CRUZ,2023,03,13,0.0,16.0,3.6
115052,RINCON_DE_LA_CRUZ,2023,03,14,6.3,16.2,5.2
115052,RINCON_DE_LA_CRUZ,2023,03,15,8.0,15.2,4.2
115052,RINCON_DE_LA_CRUZ,2023,03,16,7.0,13.6,5.6
115052,RINCON_DE_LA_CRUZ,2023,03,17,14.3,14.4,4.8
115052,RINCON_DE_LA_CRUZ,2023,03,18,1.0,12.2,4.8
115052,RINCON_DE_LA_CRUZ,2023,03,19,9.2,14.8,4.6
115052,RINCON_DE_LA_CRUZ,2023,03,20,31.0,13.4,4.6
115052,RINCON_DE_LA_CRUZ,2023,03,21,16.5,14.2,2.4
115052,RINCON_DE_LA_CRUZ,2023,03,22,6.3,13.0,5.4
115052,RINCON_DE_LA_CRUZ,2023,03,23,14.1,15.0,5.2
115052,RINCON_DE_LA_CRUZ,2023,03,24,11.5,13.2,5.8
115052,RINCON_DE_LA_CRUZ,2023,03,25,9.0,14.6,5.2
115052,RINCON_DE_LA_CRUZ,2023,03,26,2.6,14.4,5.2
115052,RINCON_DE_LA_CRUZ,2023,03,27,2.7,13.8,5.6
115052,RINCON_DE_LA_CRUZ,2023,03,28,0.2,15.8,4.8
115052,RINCON_DE_LA_CRUZ,2023,03,29,16.4,14.2,5.2
115052,RINCON_DE_LA_CRUZ,2023,03,30,1.7,14.2,5.4
115052,RINCON_DE_LA_CRUZ,2023,03,31,2.4,13.2,5.6
115052,RINCON_DE_LA_CRUZ,2023,04,01,0.0,14.6,2.8
115052,RINCON_DE_LA_CRUZ,2023,04,02,0.8,15.8,5.4
115052,RINCON_DE_LA_CRUZ,2023,04,03,0.0,14.8,6.0
115052,RINCON_DE_LA_CRUZ,2023,04,04,7.0,13.8,4.0
115052,RINCON_DE_LA_CRUZ,2023,04,05,0.0,14.4,0.8
115052,RINCON_DE_LA_CRUZ,2023,04,06,0.0,14.0,1.0
115052,RINCON_DE_LA_CRUZ,2023,04,07,0.0,14.0,3.6
115052,RINCON_DE_LA_CRUZ,2023,04,08,0.0,12.8,4.0
115052,RINCON_DE_LA_CRUZ,2023,04,09,5.5,14.0,3.0
115052,RINCON_DE_LA_CRUZ,2023,04,10,0.0,14.8,1.4
115052,RINCON_DE_LA_CRUZ,2023,04,11,0.0,15.0,3.2
115052,RINCON_DE_LA_CRUZ,2023,04,12,0.0,16.4,0.4
115052,RINCON_DE_LA_CRUZ,2023,04,13,0.0,15.2,3.4
115052,RINCON_DE_LA_CRUZ,2023,04,14,0.0,17.0,1.8
115052,RINCON_DE_LA_CRUZ,2023,04,15,0.0,15.6,2.0
115052,RINCON_DE_LA_CRUZ,2023,04,16,0.0,16.6,2.8
115052,RINCON_DE_LA_CRUZ,2023,04,17,0.0,15.8,2.6
115052,RINCON_DE_LA_CRUZ,2023,04,18,0.0,16.4,3.0
115052,RINCON_DE_LA_CRUZ,2023,04,19,0.0,16.4,0.0
115052,RINCON_DE_LA_CRUZ,2023,04,20,0.0,16.6,5.6
115052,RINCON_DE_LA_CRUZ,2023,04,21,0.0,16.2,3.4
115052,RINCON_DE_LA_CRUZ,2023,04,22,0.0,16.0,1.2
115052,RINCON_DE_LA_CRUZ,2023,04,23,0.0,15.2,1.8
115052,RINCON_DE_LA_CRUZ,2023,04,24,0.0,15.0,1.8
115052,RINCON_DE_LA_CRUZ,2023,04,25,0.0,15.8,0.6
115052,RINCON_DE_LA_CRUZ,2023,04,26,0.0,16.2,2.4
115052,RINCON_DE_LA_CRUZ,2023,04,27,0.0,16.2,0.4
115052,RINCON_DE_LA_CRUZ,2023,04,28,0.0,16.0,-1.6
115052,RINCON_DE_LA_CRUZ,2023,04,29,0.0,17.0,0.0
115052,RINCON_DE_LA_CRUZ,2023,04,30,0.0,16.4,0.2
115052,RINCON_DE_LA_CRUZ,2023,05,01,0.0,16.8,0.4
115052,RINCON_DE_LA_CRUZ,2023,05,02,0.0,16.4,0.2
115052,RINCON_DE_LA_CRUZ,2023,05,03,0.0,17.0,2.4
115052,RINCON_DE_LA_CRUZ,2023,05,04,0.0,17.2,3.8
115052,RINCON_DE_LA_CRUZ,2023,05,05,0.8,14.4,-999
115052,RINCON_DE_LA_CRUZ,2023,05,06,1.5,13.2,4.2
115052,RINCON_DE_LA_CRUZ,2023,05,07,0.0,12.8,4.6
115052,RINCON_DE_LA_CRUZ,2023,05,08,0.8,12.6,-999
115052,RINCON_DE_LA_CRUZ,2023,05,09,0.2,11.8,-999
115052,RINCON_DE_LA_CRUZ,2023,05,10,0.0,13.8,-999
115052,RINCON_DE_LA_CRUZ,2023,05,11,0.8,14.0,0.2
115052,RINCON_DE_LA_CRUZ,2023,05,12,7.7,13.6,2.4
115052,RINCON_DE_LA_CRUZ,2023,05,13,2.5,13.4,2.4
115052,RINCON_DE_LA_CRUZ,2023,05,14,0.0,15.4,3.0
115052,RINCON_DE_LA_CRUZ,2023,05,15,0.0,14.4,1.6
115052,RINCON_DE_LA_CRUZ,2023,05,16,0.0,14.2,-1.4
115052,RINCON_DE_LA_CRUZ,2023,05,17,0.0,15.4,-2.6
115052,RINCON_DE_LA_CRUZ,2023,05,18,0.0,15.2,-1.0
115052,RINCON_DE_LA_CRUZ,2023,05,19,0.0,15.6,-0.6
115052,RINCON_DE_LA_CRUZ,2023,05,20,0.0,14.4,4.8
115052,RINCON_DE_LA_CRUZ,2023,05,21,0.0,15.2,0.8
115052,RINCON_DE_LA_CRUZ,2023,05,22,0.0,15.2,-4.8
115052,RINCON_DE_LA_CRUZ,2023,05,23,0.0,14.0,-0.2
115052,RINCON_DE_LA_CRUZ,2023,05,24,0.0,14.6,-3.2
115052,RINCON_DE_LA_CRUZ,2023,05,25,0.0,14.8,-2.6
115052,RINCON_DE_LA_CRUZ,2023,05,26,0.0,15.6,1.6
115052,RINCON_DE_LA_CRUZ,2023,05,27,0.0,16.4,4.2
115052,RINCON_DE_LA_CRUZ,2023,05,28,0.0,14.0,4.0
115052,RINCON_DE_LA_CRUZ,2023,05,29,0.0,17.0,3.2
115052,RINCON_DE_LA_CRUZ,2023,05,30,0.0,13.6,-3.2
115052,RINCON_DE_LA_CRUZ,2023,05,31,0.0,15.6,-4.6
115052,RINCON_DE_LA_CRUZ,2023,06,01,0.0,15.4,-3.6
115052,RINCON_DE_LA_CRUZ,2023,06,02,0.0,15.4,-1.8
115052,RINCON_DE_LA_CRUZ,2023,06,03,0.0,15.2,-1.8
115052,RINCON_DE_LA_CRUZ,2023,06,04,0.0,14.8,-1.4
115052,RINCON_DE_LA_CRUZ,2023,06,05,0.0,14.4,-1.8
115052,RINCON_DE_LA_CRUZ,2023,06,06,0.0,14.0,-2.8
115052,RINCON_DE_LA_CRUZ,2023,06,07,0.0,14.4,-2.4
115052,RINCON_DE_LA_CRUZ,2023,06,08,0.0,14.6,-3.2
115052,RINCON_DE_LA_CRUZ,2023,06,09,0.0,15.2,-3.2
115052,RINCON_DE_LA_CRUZ,2023,06,10,0.0,15.6,-3.4
115052,RINCON_DE_LA_CRUZ,2023,06,11,0.0,15.2,-3.8
115052,RINCON_DE_LA_CRUZ,2023,06,12,0.0,17.2,-2.2
115052,RINCON_DE_LA_CRUZ,2023,06,13,0.0,17.2,2.0
115052,RINCON_DE_LA_CRUZ,2023,06,14,0.0,-999,-3.4
115052,RINCON_DE_LA_CRUZ,2023,06,15,0.0,14.4,-5.6
115052,RINCON_DE_LA_CRUZ,2023,06,16,0.0,13.2,-4.0
115052,RINCON_DE_LA_CRUZ,2023,06,17,0.0,13.6,-3.8
115052,RINCON_DE_LA_CRUZ,2023,06,18,0.0,14.0,0.2
115052,RINCON_DE_LA_CRUZ,2023,06,19,0.0,14.8,-2.0
115052,RINCON_DE_LA_CRUZ,2023,06,20,0.0,14.8,-5.6
115052,RINCON_DE_LA_CRUZ,2023,06,21,0.0,14.0,-3.8
115052,RINCON_DE_LA_CRUZ,2023,06,22,0.0,15.2,-3.8
115052,RINCON_DE_LA_CRUZ,2023,06,23,0.0,13.2,-5.4
115052,RINCON_DE_LA_CRUZ,2023,06,24,0.0,15.0,-6.8
115052,RINCON_DE_LA_CRUZ,2023,06,25,0.0,15.6,-4.2
115052,RINCON_DE_LA_CRUZ,2023,06,26,0.0,15.8,-3.4
115052,RINCON_DE_LA_CRUZ,2023,06,27,0.0,14.8,-4.2
115052,RINCON_DE_LA_CRUZ,2023,06,28,0.0,15.6,-3.6
115052,RINCON_DE_LA_CRUZ,2023,06,29,0.0,14.2,0.2
115052,RINCON_DE_LA_CRUZ,2023,06,30,0.0,15.4,-2.8
115052,RINCON_DE_LA_CRUZ,2023,07,01,0.0,15.0,-5.0
115052,RINCON_DE_LA_CRUZ,2023,07,02,0.0,15.2,-3.0
115052,RINCON_DE_LA_CRUZ,2023,07,03,0.0,17.4,-3.4
115052,RINCON_DE_LA_CRUZ,2023,07,04,0.0,16.0,-2.8
115052,RINCON_DE_LA_CRUZ,2023,07,05,0.0,17.6,-3.6
115052,RINCON_DE_LA_CRUZ,2023,07,06,0.0,17.8,-1.6
115052,RINCON_DE_LA_CRUZ,2023,07,07,0.0,17.0,-1.4
115052,RINCON_DE_LA_CRUZ,2023,07,08,0.0,16.8,-2.2
115052,RINCON_DE_LA_CRUZ,2023,07,09,0.0,17.8,-3.4
115052,RINCON_DE_LA_CRUZ,2023,07,10,0.0,16.6,-3.4
115052,RINCON_DE_LA_CRUZ,2023,07,11,0.0,17.6,-0.4
115052,RINCON_DE_LA_CRUZ,2023,07,12,0.0,17.0,1.2
115052,RINCON_DE_LA_CRUZ,2023,07,13,0.0,16.6,-2.6
115052,RINCON_DE_LA_CRUZ,2023,07,14,0.0,16.6,-2.6
115052,RINCON_DE_LA_CRUZ,2023,07,15,0.0,16.0,-999
115052,RINCON_DE_LA_CRUZ,2023,07,16,0.0,16.8,-999
115052,RINCON_DE_LA_CRUZ,2023,07,17,0.0,17.0,-999
115052,RINCON_DE_LA_CRUZ,2023,07,18,0.0,16.2,0.0
115052,RINCON_DE_LA_CRUZ,2023,07,19,0.0,16.2,-0.4
115052,RINCON_DE_LA_CRUZ,2023,07,20,0.0,16.4,-2.4
115052,RINCON_DE_LA_CRUZ,2023,07,21,0.0,17.2,-2.2
115052,RINCON_DE_LA_CRUZ,2023,07,22,0.0,16.4,-0.2
115052,RINCON_DE_LA_CRUZ,2023,07,23,0.0,16.8,1.2
115052,RINCON_DE_LA_CRUZ,2023,07,24,0.0,17.2,-3.0
115052,RINCON_DE_LA_CRUZ,2023,07,25,0.0,16.4,-2.2
115052,RINCON_DE_LA_CRUZ,2023,07,26,0.0,15.4,-2.8
115052,RINCON_DE_LA_CRUZ,2023,07,27,0.0,15.4,-2.6
115052,RINCON_DE_LA_CRUZ,2023,07,28,0.0,15.6,-5.4
115052,RINCON_DE_LA_CRUZ,2023,07,29,7.0,13.0,0.6
115052,RINCON_DE_LA_CRUZ,2023,07,30,0.0,14.2,2.6
115052,RINCON_DE_LA_CRUZ,2023,07,31,0.0,14.6,-0.2
115052,RINCON_DE_LA_CRUZ,2023,08,01,0.0,13.2,-3.0
115052,RINCON_DE_LA_CRUZ,2023,08,02,0.0,14.6,-1.8
115052,RINCON_DE_LA_CRUZ,2023,08,03,0.0,15.0,-2.0
115052,RINCON_DE_LA_CRUZ,2023,08,04,0.0,14.8,1.2
115052,RINCON_DE_LA_CRUZ,2023,08,05,0.0,15.4,-1.8
115052,RINCON_DE_LA_CRUZ,2023,08,06,0.0,14.6,2.2
115052,RINCON_DE_LA_CRUZ,2023,08,07,0.0,16.4,-1.0
115052,RINCON_DE_LA_CRUZ,2023,08,08,0.0,16.2,3.0
115052,RINCON_DE_LA_CRUZ,2023,08,09,0.0,15.4,1.4
115052,RINCON_DE_LA_CRUZ,2023,08,10,0.0,15.2,1.6
115052,RINCON_DE_LA_CRUZ,2023,08,11,0.0,15.4,-0.2
115052,RINCON_DE_LA_CRUZ,2023,08,12,0.0,13.4,3.8
115052,RINCON_DE_LA_CRUZ,2023,08,13,0.0,12.4,-1.2
115052,RINCON_DE_LA_CRUZ,2023,08,14,0.0,13.6,1.6
115052,RINCON_DE_LA_CRUZ,2023,08,15,0.0,14.2,1.4
115052,RINCON_DE_LA_CRUZ,2023,08,16,0.0,15.2,-2.6
115052,RINCON_DE_LA_CRUZ,2023,08,17,0.0,17.4,-1.8
115052,RINCON_DE_LA_CRUZ,2023,08,18,0.0,18.2,-3.4
115052,RINCON_DE_LA_CRUZ,2023,08,19,0.0,14.6,-6.4
115052,RINCON_DE_LA_CRUZ,2023,08,20,0.0,15.8,-5.0
115052,RINCON_DE_LA_CRUZ,2023,08,21,0.0,16.0,-6.0
115052,RINCON_DE_LA_CRUZ,2023,08,22,0.0,16.2,-3.8
115052,RINCON_DE_LA_CRUZ,2023,08,23,0.0,16.8,-3.0
115052,RINCON_DE_LA_CRUZ,2023,08,24,0.0,16.8,-1.0
115052,RINCON_DE_LA_CRUZ,2023,08,25,0.0,17.0,-0.8
115052,RINCON_DE_LA_CRUZ,2023,08,26,0.0,17.0,-1.4
115052,RINCON_DE_LA_CRUZ,2023,08,27,0.0,16.2,-0.4
115052,RINCON_DE_LA_CRUZ,2023,08,28,0.0,20.2,0.2
115052,RINCON_DE_LA_CRUZ,2023,08,29,0.0,18.6,-0.2
115052,RINCON_DE_LA_CRUZ,2023,08,30,0.0,18.8,-0.4
115052,RINCON_DE_LA_CRUZ,2023,08,31,5.7,17.8,0.6
115052,RINCON_DE_LA_CRUZ,2023,09,01,0.0,17.0,2.6
115052,RINCON_DE_LA_CRUZ,2023,09,02,0.0,17.2,3.8
115052,RINCON_DE_LA_CRUZ,2023,09,03,0.0,15.0,1.2
115052,RINCON_DE_LA_CRUZ,2023,09,04,0.0,15.6,-0.6
115052,RINCON_DE_LA_CRUZ,2023,09,05,0.0,17.2,3.0
115052,RINCON_DE_LA_CRUZ,2023,09,06,0.0,16.0,3.2
115052,RINCON_DE_LA_CRUZ,2023,09,07,0.0,15.0,2.2
115052,RINCON_DE_LA_CRUZ,2023,09,08,0.0,17.0,-0.8
115052,RINCON_DE_LA_CRUZ,2023,09,09,0.0,15.6,-2.0
115052,RINCON_DE_LA_CRUZ,2023,09,10,0.0,16.6,2.6
115052,RINCON_DE_LA_CRUZ,2023,09,11,0.0,17.4,-0.2
115052,RINCON_DE_LA_CRUZ,2023,09,12,0.0,18.2,1.8
115052,RINCON_DE_LA_CRUZ,2023,09,13,0.0,15.4,1.8
115052,RINCON_DE_LA_CRUZ,2023,09,14,0.0,16.6,-3.6
115052,RINCON_DE_LA_CRUZ,2023,09,15,0.0,18.4,-0.4
115052,RINCON_DE_LA_CRUZ,2023,09,16,0.0,18.8,-1.8
115052,RINCON_DE_LA_CRUZ,2023,09,17,0.0,-999,1.8
115052,RINCON_DE_LA_CRUZ,2023,09,18,3.8,-999,1.2
115052,RINCON_DE_LA_CRUZ,2023,09,19,0.0,-999,3.0
115052,RINCON_DE_LA_CRUZ,2023,09,20,0.0,-999,3.6
115052,RINCON_DE_LA_CRUZ,2023,09,21,0.0,17.8,4.4
115052,RINCON_DE_LA_CRUZ,2023,09,22,0.0,19.2,4.4
115052,RINCON_DE_LA_CRUZ,2023,09,23,0.0,18.8,4.8
115052,RINCON_DE_LA_CRUZ,2023,09,24,0.0,18.4,5.0
115052,RINCON_DE_LA_CRUZ,2023,09,25,0.0,19.6,4.4
115052,RINCON_DE_LA_CRUZ,2023,09,26,0.0,19.8,1.6
115052,RINCON_DE_LA_CRUZ,2023,09,27,0.8,19.0,7.0
115052,RINCON_DE_LA_CRUZ,2023,09,28,0.0,18.0,3.8
115052,RINCON_DE_LA_CRUZ,2023,09,29,0.0,18.4,3.4
115052,RINCON_DE_LA_CRUZ,2023,09,30,0.0,17.8,6.2
115052,RINCON_DE_LA_CRUZ,2023,10,01,0.0,19.8,3.6
115052,RINCON_DE_LA_CRUZ,2023,10,02,0.0,20.2,3.0
115052,RINCON_DE_LA_CRUZ,2023,10,03,0.0,19.2,4.6
115052,RINCON_DE_LA_CRUZ,2023,10,04,0.0,21.6,4.4
115052,RINCON_DE_LA_CRUZ,2023,10,05,0.0,21.4,5.4
115052,RINCON_DE_LA_CRUZ,2023,10,06,0.0,21.6,5.2
115052,RINCON_DE_LA_CRUZ,2023,10,07,0.0,21.2,2.4
115052,RINCON_DE_LA_CRUZ,2023,10,08,0.0,20.6,6.2
115052,RINCON_DE_LA_CRUZ,2023,10,09,0.0,21.2,7.8
115052,RINCON_DE_LA_CRUZ,2023,10,10,0.0,21.2,7.2
115052,RINCON_DE_LA_CRUZ,2023,10,11,0.0,21.8,3.6
115052,RINCON_DE_LA_CRUZ,2023,10,12,0.0,19.4,6.0
115052,RINCON_DE_LA_CRUZ,2023,10,13,0.0,17.2,6.0
115052,RINCON_DE_LA_CRUZ,2023,10,14,0.0,19.0,5.6
115052,RINCON_DE_LA_CRUZ,2023,10,15,0.0,18.8,2.8
115052,RINCON_DE_LA_CRUZ,2023,10,16,0.0,18.6,3.4
115052,RINCON_DE_LA_CRUZ,2023,10,17,0.0,17.6,5.4
115052,RINCON_DE_LA_CRUZ,2023,10,18,3.2,17.6,6.8
115052,RINCON_DE_LA_CRUZ,2023,10,19,3.0,15.6,6.8
115052,RINCON_DE_LA_CRUZ,2023,10,20,23.0,15.2,5.4
115052,RINCON_DE_LA_CRUZ,2023,10,21,10.2,14.8,5.2
115052,RINCON_DE_LA_CRUZ,2023,10,22,2.5,18.4,5.4
115052,RINCON_DE_LA_CRUZ,2023,10,23,0.0,18.2,6.8
115052,RINCON_DE_LA_CRUZ,2023,10,24,0.0,18.8,6.6
115052,RINCON_DE_LA_CRUZ,2023,10,25,0.0,19.2,5.2
115052,RINCON_DE_LA_CRUZ,2023,10,26,0.0,19.6,6.8
115052,RINCON_DE_LA_CRUZ,2023,10,27,0.0,20.0,5.2
115052,RINCON_DE_LA_CRUZ,2023,10,28,0.0,21.6,5.8
115052,RINCON_DE_LA_CRUZ,2023,10,29,0.0,18.2,3.8
115052,RINCON_DE_LA_CRUZ,2023,10,30,0.0,19.4,0.4
115052,RINCON_DE_LA_CRUZ,2023,10,31,0.0,18.0,5.2
115052,RINCON_DE_LA_CRUZ,2023,11,01,0.0,19.2,6.2
115052,RINCON_DE_LA_CRUZ,2023,11,02,0.0,20.2,6.0
115052,RINCON_DE_LA_CRUZ,2023,11,03,0.0,18.8,5.0
115052,RINCON_DE_LA_CRUZ,2023,11,04,0.0,18.4,4.8
115052,RINCON_DE_LA_CRUZ,2023,11,05,0.0,20.0,6.0
115052,RINCON_DE_LA_CRUZ,2023,11,06,0.0,19.8,6.2
115052,RINCON_DE_LA_CRUZ,2023,11,07,0.0,19.8,5.8
115052,RINCON_DE_LA_CRUZ,2023,11,08,0.0,17.4,-999
115052,RINCON_DE_LA_CRUZ,2023,11,09,0.0,14.8,4.2
115052,RINCON_DE_LA_CRUZ,2023,11,10,5.6,19.4,5.6
115052,RINCON_DE_LA_CRUZ,2023,11,11,5.1,19.4,5.6
115052,RINCON_DE_LA_CRUZ,2023,11,12,19.1,17.8,-999
115052,RINCON_DE_LA_CRUZ,2023,11,13,0.0,18.6,5.6
115052,RINCON_DE_LA_CRUZ,2023,11,14,0.0,18.4,6.0
115052,RINCON_DE_LA_CRUZ,2023,11,15,0.0,20.2,4.0
115052,RINCON_DE_LA_CRUZ,2023,11,16,2.2,20.6,5.2
115052,RINCON_DE_LA_CRUZ,2023,11,17,0.0,20.0,4.6
115052,RINCON_DE_LA_CRUZ,2023,11,18,1.7,20.4,4.8
115052,RINCON_DE_LA_CRUZ,2023,11,19,1.0,20.2,5.8
115052,RINCON_DE_LA_CRUZ,2023,11,20,0.0,19.8,6.2
115052,RINCON_DE_LA_CRUZ,2023,11,21,0.0,20.0,7.2
115052,RINCON_DE_LA_CRUZ,2023,11,22,0.0,20.6,5.6
115052,RINCON_DE_LA_CRUZ,2023,11,23,14.2,19.2,7.0
115052,RINCON_DE_LA_CRUZ,2023,11,24,2.6,14.4,6.0
115052,RINCON_DE_LA_CRUZ,2023,11,25,7.0,17.2,6.6
115052,RINCON_DE_LA_CRUZ,2023,11,26,6.2,15.8,6.2
115052,RINCON_DE_LA_CRUZ,2023,11,27,0.0,15.8,4.8
115052,RINCON_DE_LA_CRUZ,2023,11,28,2.6,19.2,4.6
115052,RINCON_DE_LA_CRUZ,2023,11,29,11.8,18.4,7.0
115052,RINCON_DE_LA_CRUZ,2023,11,30,2.0,16.8,6.0
115052,RINCON_DE_LA_CRUZ,2023,12,01,16.1,15.0,6.4
115052,RINCON_DE_LA_CRUZ,2023,12,02,0.0,17.0,6.6
115052,RINCON_DE_LA_CRUZ,2023,12,03,0.0,17.8,6.4
115052,RINCON_DE_LA_CRUZ,2023,12,04,0.0,18.6,6.0
115052,RINCON_DE_LA_CRUZ,2023,12,05,0.0,18.6,5.8
115052,RINCON_DE_LA_CRUZ,2023,12,06,0.0,19.0,6.8
115052,RINCON_DE_LA_CRUZ,2023,12,07,3.5,18.6,5.4
115052,RINCON_DE_LA_CRUZ,2023,12,08,13.4,16.0,6.6
115052,RINCON_DE_LA_CRUZ,2023,12,09,7.3,18.2,6.0
115052,RINCON_DE_LA_CRUZ,2023,12,10,20.4,16.8,7.4
115052,RINCON_DE_LA_CRUZ,2023,12,11,0.2,16.0,5.6
115052,RINCON_DE_LA_CRUZ,2023,12,12,5.0,16.4,7.0
115052,RINCON_DE_LA_CRUZ,2023,12,13,0.8,17.4,7.2
115052,RINCON_DE_LA_CRUZ,2023,12,14,1.0,15.6,6.6
115052,RINCON_DE_LA_CRUZ,2023,12,15,2.7,17.0,7.8
115052,RINCON_DE_LA_CRUZ,2023,12,16,6.1,17.4,7.2
115052,RINCON_DE_LA_CRUZ,2023,12,17,5.5,17.6,7.0
115052,RINCON_DE_LA_CRUZ,2023,12,18,0.0,17.8,4.8
115052,RINCON_DE_LA_CRUZ,2023,12,19,0.0,17.0,8.4
115052,RINCON_DE_LA_CRUZ,2023,12,20,0.0,16.2,-999
115052,RINCON_DE_LA_CRUZ,2023,12,21,0.0,17.4,-999
115052,RINCON_DE_LA_CRUZ,2023,12,22,0.0,18.0,-999
115052,RINCON_DE_LA_CRUZ,2023,12,23,0.0,18.8,5.0
115052,RINCON_DE_LA_CRUZ,2023,12,24,0.0,17.8,5.2
115052,RINCON_DE_LA_CRUZ,2023,12,25,0.7,19.2,5.8
115052,RINCON_DE_LA_CRUZ,2023,12,26,5.6,15.8,5.0
115052,RINCON_DE_LA_CRUZ,2023,12,27,25.0,17.0,7.4
115052,RINCON_DE_LA_CRUZ,2023,12,28,2.0,17.6,6.4
115052,RINCON_DE_LA_CRUZ,2023,12,29,4.3,17.2,6.2
115052,RINCON_DE_LA_CRUZ,2023,12,30,0.5,16.8,7.4
115052,RINCON_DE_LA_CRUZ,2023,12,31,11.4,16.8,5.8
115052,RINCON_DE_LA_CRUZ,2024,01,01,7.7,18.4,6.4
115052,RINCON_DE_LA_CRUZ,2024,01,02,0.0,16.6,7.0
115052,RINCON_DE_LA_CRUZ,2024,01,03,10.0,17.2,7.2
115052,RINCON_DE_LA_CRUZ,2024,01,04,8.5,15.8,7.0
115052,RINCON_DE_LA_CRUZ,2024,01,05,12.7,15.6,6.2
115052,RINCON_DE_LA_CRUZ,2024,01,06,0.0,16.2,6.4
115052,RINCON_DE_LA_CRUZ,2024,01,07,0.0,17.8,5.6
115052,RINCON_DE_LA_CRUZ,2024,01,08,0.0,18.6,5.2
115052,RINCON_DE_LA_CRUZ,2024,01,09,0.0,18.6,5.6
115052,RINCON_DE_LA_CRUZ,2024,01,10,0.0,18.4,5.0
115052,RINCON_DE_LA_CRUZ,2024,01,11,0.0,18.0,4.4
115052,RINCON_DE_LA_CRUZ,2024,01,12,1.9,18.0,4.4
115052,RINCON_DE_LA_CRUZ,2024,01,13,26.0,17.8,2.8
115052,RINCON_DE_LA_CRUZ,2024,01,14,4.5,16.2,5.2
115052,RINCON_DE_LA_CRUZ,2024,01,15,4.0,15.2,7.2
115052,RINCON_DE_LA_CRUZ,2024,01,16,0.0,18.0,7.4
115052,RINCON_DE_LA_CRUZ,2024,01,17,0.0,18.2,7.8
115052,RINCON_DE_LA_CRUZ,2024,01,18,0.0,17.2,7.4
115052,RINCON_DE_LA_CRUZ,2024,01,19,0.0,17.0,7.2
115052,RINCON_DE_LA_CRUZ,2024,01,20,7.0,16.2,6.6
115052,RINCON_DE_LA_CRUZ,2024,01,21,0.9,17.4,6.2
115052,RINCON_DE_LA_CRUZ,2024,01,22,0.0,17.0,7.4
115052,RINCON_DE_LA_CRUZ,2024,01,23,0.0,17.2,7.6
115052,RINCON_DE_LA_CRUZ,2024,01,24,0.0,18.4,7.0
115052,RINCON_DE_LA_CRUZ,2024,01,25,1.3,18.4,5.6
115052,RINCON_DE_LA_CRUZ,2024,01,26,5.7,17.4,6.4
115052,RINCON_DE_LA_CRUZ,2024,01,27,0.0,16.4,6.4
115052,RINCON_DE_LA_CRUZ,2024,01,28,1.2,17.0,5.0
115052,RINCON_DE_LA_CRUZ,2024,01,29,15.3,16.6,5.0
115052,RINCON_DE_LA_CRUZ,2024,01,30,14.3,16.6,5.6
115052,RINCON_DE_LA_CRUZ,2024,01,31,11.0,17.4,5.6
115052,RINCON_DE_LA_CRUZ,2024,02,01,0.5,16.6,7.0
115052,RINCON_DE_LA_CRUZ,2024,02,02,0.4,13.8,8.0
115052,RINCON_DE_LA_CRUZ,2024,02,03,0.0,14.0,5.2
115052,RINCON_DE_LA_CRUZ,2024,02,04,0.0,15.0,6.2
115052,RINCON_DE_LA_CRUZ,2024,02,05,14.6,15.6,5.6
115052,RINCON_DE_LA_CRUZ,2024,02,06,4.3,14.8,6.2
115052,RINCON_DE_LA_CRUZ,2024,02,07,0.7,14.6,5.0
115052,RINCON_DE_LA_CRUZ,2024,02,08,0.0,15.2,6.0
115052,RINCON_DE_LA_CRUZ,2024,02,09,0.0,16.6,5.4
115052,RINCON_DE_LA_CRUZ,2024,02,10,3.7,16.6,6.2
115052,RINCON_DE_LA_CRUZ,2024,02,11,14.2,15.6,6.8
115052,RINCON_DE_LA_CRUZ,2024,02,12,0.0,16.8,6.6
115052,RINCON_DE_LA_CRUZ,2024,02,13,19.0,16.2,6.0
115052,RINCON_DE_LA_CRUZ,2024,02,14,5.6,15.4,6.6
115052,RINCON_DE_LA_CRUZ,2024,02,15,0.0,16.6,6.4
115052,RINCON_DE_LA_CRUZ,2024,02,16,19.5,16.4,7.0
115052,RINCON_DE_LA_CRUZ,2024,02,17,11.0,16.6,6.4
115052,RINCON_DE_LA_CRUZ,2024,02,18,7.5,15.8,7.4
115052,RINCON_DE_LA_CRUZ,2024,02,19,3.5,14.8,8.0
115052,RINCON_DE_LA_CRUZ,2024,02,20,10.5,15.6,7.6
115052,RINCON_DE_LA_CRUZ,2024,02,21,4.7,15.8,6.4
115052,RINCON_DE_LA_CRUZ,2024,02,22,0.0,15.6,2.4
115052,RINCON_DE_LA_CRUZ,2024,02,23,2.4,15.6,6.0
115052,RINCON_DE_LA_CRUZ,2024,02,24,2.1,14.0,7.4
115052,RINCON_DE_LA_CRUZ,2024,02,25,11.5,14.8,8.0
115052,RINCON_DE_LA_CRUZ,2024,02,26,12.8,14.8,7.0
115052,RINCON_DE_LA_CRUZ,2024,02,27,5.0,15.6,6.4
115052,RINCON_DE_LA_CRUZ,2024,02,28,4.0,14.8,7.0
115052,RINCON_DE_LA_CRUZ,2024,02,29,4.8,16.0,-999
115052,RINCON_DE_LA_CRUZ,2024,03,01,2.7,15.2,-999
115052,RINCON_DE_LA_CRUZ,2024,03,02,1.0,15.6,-999
115052,RINCON_DE_LA_CRUZ,2024,03,03,6.6,16.2,6.4
115052,RINCON_DE_LA_CRUZ,2024,03,04,13.4,15.4,7.0
115052,RINCON_DE_LA_CRUZ,2024,03,05,3.2,16.0,6.4
115052,RINCON_DE_LA_CRUZ,2024,03,06,7.5,16.2,6.6
115052,RINCON_DE_LA_CRUZ,2024,03,07,15.6,16.8,7.2
115052,RINCON_DE_LA_CRUZ,2024,03,08,4.5,15.2,6.8
115052,RINCON_DE_LA_CRUZ,2024,03,09,2.8,16.6,7.2
115052,RINCON_DE_LA_CRUZ,2024,03,10,18.7,13.6,7.4
115052,RINCON_DE_LA_CRUZ,2024,03,11,5.2,16.6,-999
115052,RINCON_DE_LA_CRUZ,2024,03,12,0.0,18.4,-999
115052,RINCON_DE_LA_CRUZ,2024,03,13,0.0,17.4,-999
115052,RINCON_DE_LA_CRUZ,2024,03,14,0.0,17.6,6.2
115052,RINCON_DE_LA_CRUZ,2024,03,15,0.0,18.6,7.0
115052,RINCON_DE_LA_CRUZ,2024,03,16,0.7,17.4,7.2
115052,RINCON_DE_LA_CRUZ,2024,03,17,5.4,17.8,8.2
115052,RINCON_DE_LA_CRUZ,2024,03,18,3.2,17.4,7.4
115052,RINCON_DE_LA_CRUZ,2024,03,19,0.0,13.8,7.4
115052,RINCON_DE_LA_CRUZ,2024,03,20,2.2,18.8,4.6
115052,RINCON_DE_LA_CRUZ,2024,03,21,0.0,17.8,3.8
115052,RINCON_DE_LA_CRUZ,2024,03,22,1.9,13.2,6.2
115052,RINCON_DE_LA_CRUZ,2024,03,23,0.0,16.2,5.6
115052,RINCON_DE_LA_CRUZ,2024,03,24,2.5,16.4,4.8
115052,RINCON_DE_LA_CRUZ,2024,03,25,1.4,15.4,6.2
115052,RINCON_DE_LA_CRUZ,2024,03,26,1.0,14.8,5.6
115052,RINCON_DE_LA_CRUZ,2024,03,27,0.5,15.6,5.6
115052,RINCON_DE_LA_CRUZ,2024,03,28,0.0,15.0,5.4
115052,RINCON_DE_LA_CRUZ,2024,03,29,0.0,14.8,5.6
115052,RINCON_DE_LA_CRUZ,2024,03,30,0.5,15.4,6.4
115052,RINCON_DE_LA_CRUZ,2024,03,31,10.3,16.4,5.4
115052,RINCON_DE_LA_CRUZ,2024,04,01,2.3,17.6,5.4
115052,RINCON_DE_LA_CRUZ,2024,04,02,0.0,15.6,6.2
115052,RINCON_DE_LA_CRUZ,2024,04,03,0.0,17.2,4.2
115052,RINCON_DE_LA_CRUZ,2024,04,04,0.0,17.2,5.6
115052,RINCON_DE_LA_CRUZ,2024,04,05,0.0,16.6,6.2
115052,RINCON_DE_LA_CRUZ,2024,04,06,0.0,16.2,5.4
115052,RINCON_DE_LA_CRUZ,2024,04,07,0.0,17.6,5.8
115052,RINCON_DE_LA_CRUZ,2024,04,08,16.4,18.0,6.8
115052,RINCON_DE_LA_CRUZ,2024,04,09,1.8,18.2,4.6
115052,RINCON_DE_LA_CRUZ,2024,04,10,0.0,16.8,6.8
115052,RINCON_DE_LA_CRUZ,2024,04,11,3.0,16.2,4.0
115052,RINCON_DE_LA_CRUZ,2024,04,12,2.0,16.6,5.4
115052,RINCON_DE_LA_CRUZ,2024,04,13,0.0,17.6,5.6
115052,RINCON_DE_LA_CRUZ,2024,04,14,0.0,17.8,6.2
115052,RINCON_DE_LA_CRUZ,2024,04,15,0.0,19.4,0.4
115052,RINCON_DE_LA_CRUZ,2024,04,16,0.0,16.6,-2.4
115052,RINCON_DE_LA_CRUZ,2024,04,17,0.0,16.2,2.8
115052,RINCON_DE_LA_CRUZ,2024,04,18,0.0,16.4,4.2
115052,RINCON_DE_LA_CRUZ,2024,04,19,0.0,16.4,4.6
115052,RINCON_DE_LA_CRUZ,2024,04,20,0.0,17.8,3.0
115052,RINCON_DE_LA_CRUZ,2024,04,21,0.0,18.2,6.8
115052,RINCON_DE_LA_CRUZ,2024,04,22,0.0,18.2,4.6
115052,RINCON_DE_LA_CRUZ,2024,04,23,0.0,18.6,5.4
115052,RINCON_DE_LA_CRUZ,2024,04,24,0.0,17.4,5.2
115052,RINCON_DE_LA_CRUZ,2024,04,25,0.0,17.4,3.8
115052,RINCON_DE_LA_CRUZ,2024,04,26,0.0,18.0,3.4
115052,RINCON_DE_LA_CRUZ,2024,04,27,0.0,17.8,1.2
115052,RINCON_DE_LA_CRUZ,2024,04,28,0.0,17.6,2.4
115052,RINCON_DE_LA_CRUZ,2024,04,29,8.2,17.8,4.0
115052,RINCON_DE_LA_CRUZ,2024,04,30,0.0,18.0,5.8
115052,RINCON_DE_LA_CRUZ,2024,05,01,0.0,13.2,5.8
115052,RINCON_DE_LA_CRUZ,2024,05,02,11.5,15.8,4.4
115052,RINCON_DE_LA_CRUZ,2024,05,03,0.0,15.8,5.4
115052,RINCON_DE_LA_CRUZ,2024,05,04,0.0,16.4,-0.4
115052,RINCON_DE_LA_CRUZ,2024,05,05,0.0,18.6,4.6
115052,RINCON_DE_LA_CRUZ,2024,05,06,0.0,19.2,3.4
115052,RINCON_DE_LA_CRUZ,2024,05,07,0.0,18.4,6.2
115052,RINCON_DE_LA_CRUZ,2024,05,08,0.0,16.6,2.8
115052,RINCON_DE_LA_CRUZ,2024,05,09,0.0,17.0,3.0
115052,RINCON_DE_LA_CRUZ,2024,05,10,0.0,17.8,2.8
115052,RINCON_DE_LA_CRUZ,2024,05,11,0.0,18.8,4.6
115052,RINCON_DE_LA_CRUZ,2024,05,12,0.0,-999,3.6
115052,RINCON_DE_LA_CRUZ,2024,05,13,0.0,-999,2.2
115052,RINCON_DE_LA_CRUZ,2024,05,14,0.0,-999,4.4
115052,RINCON_DE_LA_CRUZ,2024,05,15,0.0,17.0,4.4
115052,RINCON_DE_LA_CRUZ,2024,05,16,0.0,17.0,6.2
115052,RINCON_DE_LA_CRUZ,2024,05,17,1.5,15.8,5.4
115052,RINCON_DE_LA_CRUZ,2024,05,18,0.0,18.4,2.4
115052,RINCON_DE_LA_CRUZ,2024,05,19,0.0,15.6,0.8
115052,RINCON_DE_LA_CRUZ,2024,05,20,0.0,16.6,0.6
115052,RINCON_DE_LA_CRUZ,2024,05,21,0.0,16.8,0.2
115052,RINCON_DE_LA_CRUZ,2024,05,22,0.0,19.4,-1.6
115052,RINCON_DE_LA_CRUZ,2024,05,23,0.0,19.8,1.4
115052,RINCON_DE_LA_CRUZ,2024,05,24,0.0,16.6,-2.2
115052,RINCON_DE_LA_CRUZ,2024,05,25,0.0,18.8,0.2
115052,RINCON_DE_LA_CRUZ,2024,05,26,0.0,16.0,0.0
115052,RINCON_DE_LA_CRUZ,2024,05,27,0.0,15.4,-5.0
115052,RINCON_DE_LA_CRUZ,2024,05,28,0.0,16.6,-3.2
115052,RINCON_DE_LA_CRUZ,2024,05,29,0.0,15.4,-3.6
115052,RINCON_DE_LA_CRUZ,2024,05,30,0.0,17.8,-2.6
115052,RINCON_DE_LA_CRUZ,2024,05,31,0.0,16.8,-1.2
115052,RINCON_DE_LA_CRUZ,2024,06,01,0.0,15.8,0.0
115052,RINCON_DE_LA_CRUZ,2024,06,02,0.0,16.6,-1.8
115052,RINCON_DE_LA_CRUZ,2024,06,03,0.0,16.6,-2.0
115052,RINCON_DE_LA_CRUZ,2024,06,04,0.0,17.0,-0.4
115052,RINCON_DE_LA_CRUZ,2024,06,05,0.0,16.8,-2.0
115052,RINCON_DE_LA_CRUZ,2024,06,06,0.0,17.0,-0.8
115052,RINCON_DE_LA_CRUZ,2024,06,07,0.0,17.2,-4.0
115052,RINCON_DE_LA_CRUZ,2024,06,08,0.0,16.6,-3.0
115052,RINCON_DE_LA_CRUZ,2024,06,09,0.0,16.2,-2.0
115052,RINCON_DE_LA_CRUZ,2024,06,10,0.0,16.0,-3.2
115052,RINCON_DE_LA_CRUZ,2024,06,11,0.0,16.0,1.0
115052,RINCON_DE_LA_CRUZ,2024,06,12,0.0,17.0,-1.2
115052,RINCON_DE_LA_CRUZ,2024,06,13,0.0,17.2,-0.8
115052,RINCON_DE_LA_CRUZ,2024,06,14,0.0,16.4,-1.8
115052,RINCON_DE_LA_CRUZ,2024,06,15,0.0,17.0,-2.8
115052,RINCON_DE_LA_CRUZ,2024,06,16,0.0,16.4,2.2
115052,RINCON_DE_LA_CRUZ,2024,06,17,0.0,16.8,1.2
115052,RINCON_DE_LA_CRUZ,2024,06,18,0.0,15.4,3.8
115052,RINCON_DE_LA_CRUZ,2024,06,19,0.0,15.6,1.4
115052,RINCON_DE_LA_CRUZ,2024,06,20,0.0,13.2,1.2
115052,RINCON_DE_LA_CRUZ,2024,06,21,0.0,13.0,5.2
115052,RINCON_DE_LA_CRUZ,2024,06,22,0.0,15.0,1.6
115052,RINCON_DE_LA_CRUZ,2024,06,23,0.0,16.4,-0.4
115052,RINCON_DE_LA_CRUZ,2024,06,24,0.0,15.4,-0.6
115052,RINCON_DE_LA_CRUZ,2024,06,25,0.0,16.4,1.0
115052,RINCON_DE_LA_CRUZ,2024,06,26,0.0,15.2,-3.0
115052,RINCON_DE_LA_CRUZ,2024,06,27,0.0,16.2,-0.2
115052,RINCON_DE_LA_CRUZ,2024,06,28,0.0,16.0,-1.4
115052,RINCON_DE_LA_CRUZ,2024,06,29,0.0,17.4,-0.6
115052,RINCON_DE_LA_CRUZ,2024,06,30,0.0,15.2,2.6
115052,RINCON_DE_LA_CRUZ,2024,07,01,0.0,15.8,-1.6
115052,RINCON_DE_LA_CRUZ,2024,07,02,0.0,15.8,-1.4
115052,RINCON_DE_LA_CRUZ,2024,07,03,0.0,17.4,-3.2
115052,RINCON_DE_LA_CRUZ,2024,07,04,0.0,17.0,-4.0
115052,RINCON_DE_LA_CRUZ,2024,07,05,0.0,17.4,-3.6
115052,RINCON_DE_LA_CRUZ,2024,07,06,0.0,16.0,1.4
115052,RINCON_DE_LA_CRUZ,2024,07,07,0.0,16.6,0.0
115052,RINCON_DE_LA_CRUZ,2024,07,08,0.0,18.8,-1.0
115052,RINCON_DE_LA_CRUZ,2024,07,09,0.0,17.4,-2.4
115052,RINCON_DE_LA_CRUZ,2024,07,10,0.0,17.2,-5.0
115052,RINCON_DE_LA_CRUZ,2024,07,11,0.0,15.0,-2.0
115052,RINCON_DE_LA_CRUZ,2024,07,12,0.0,15.6,-3.6
115052,RINCON_DE_LA_CRUZ,2024,07,13,0.0,15.6,-4.2
115052,RINCON_DE_LA_CRUZ,2024,07,14,0.0,16.2,-1.6
115052,RINCON_DE_LA_CRUZ,2024,07,15,0.0,16.2,-4.0
115052,RINCON_DE_LA_CRUZ,2024,07,16,0.0,16.0,-3.4
115052,RINCON_DE_LA_CRUZ,2024,07,17,0.0,16.2,-0.4
115052,RINCON_DE_LA_CRUZ,2024,07,18,0.0,17.2,-2.0
115052,RINCON_DE_LA_CRUZ,2024,07,19,0.0,15.6,-2.6
115052,RINCON_DE_LA_CRUZ,2024,07,20,0.0,15.8,-5.2
115052,RINCON_DE_LA_CRUZ,2024,07,21,0.0,15.8,-3.2
115052,RINCON_DE_LA_CRUZ,2024,07,22,0.0,16.0,-1.8
115052,RINCON_DE_LA_CRUZ,2024,07,23,0.0,15.4,-3.0
115052,RINCON_DE_LA_CRUZ,2024,07,24,0.0,16.0,-2.2
115052,RINCON_DE_LA_CRUZ,2024,07,25,0.0,16.6,0.8
115052,RINCON_DE_LA_CRUZ,2024,07,26,0.0,15.8,-0.2
115052,RINCON_DE_LA_CRUZ,2024,07,27,0.0,16.4,0.8
115052,RINCON_DE_LA_CRUZ,2024,07,28,0.0,16.6,6.2
115052,RINCON_DE_LA_CRUZ,2024,07,29,0.0,16.0,2.0
115052,RINCON_DE_LA_CRUZ,2024,07,30,0.0,16.6,4.8
115052,RINCON_DE_LA_CRUZ,2024,07,31,0.0,16.4,0.4
115052,RINCON_DE_LA_CRUZ,2024,08,01,0.0,17.4,0.2
115052,RINCON_DE_LA_CRUZ,2024,08,02,0.0,16.4,-1.6
115052,RINCON_DE_LA_CRUZ,2024,08,03,0.0,16.4,-4.8
115052,RINCON_DE_LA_CRUZ,2024,08,04,0.0,16.0,-3.0
115052,RINCON_DE_LA_CRUZ,2024,08,05,0.0,15.2,-2.6
115052,RINCON_DE_LA_CRUZ,2024,08,06,0.0,16.0,1.8
115052,RINCON_DE_LA_CRUZ,2024,08,07,0.0,15.8,0.6
115052,RINCON_DE_LA_CRUZ,2024,08,08,0.0,15.6,-5.2
115052,RINCON_DE_LA_CRUZ,2024,08,09,0.0,17.6,-0.6
115052,RINCON_DE_LA_CRUZ,2024,08,10,0.0,16.6,-1.6
115052,RINCON_DE_LA_CRUZ,2024,08,11,0.0,15.6,-3.6
115052,RINCON_DE_LA_CRUZ,2024,08,12,0.0,15.6,1.2
115052,RINCON_DE_LA_CRUZ,2024,08,13,0.0,15.8,-0.2
115052,RINCON_DE_LA_CRUZ,2024,08,14,0.0,16.8,0.8
115052,RINCON_DE_LA_CRUZ,2024,08,15,0.0,17.8,2.8
115052,RINCON_DE_LA_CRUZ,2024,08,16,0.0,16.8,-0.8
115052,RINCON_DE_LA_CRUZ,2024,08,17,0.0,16.2,2.8
115052,RINCON_DE_LA_CRUZ,2024,08,18,0.0,16.2,0.0
115052,RINCON_DE_LA_CRUZ,2024,08,19,0.0,16.8,2.6
115052,RINCON_DE_LA_CRUZ,2024,08,20,0.0,17.4,3.2
115052,RINCON_DE_LA_CRUZ,2024,08,21,0.0,19.2,3.8
115052,RINCON_DE_LA_CRUZ,2024,08,22,0.0,19.0,-1.2
115052,RINCON_DE_LA_CRUZ,2024,08,23,0.0,18.0,-5.2
115052,RINCON_DE_LA_CRUZ,2024,08,24,0.0,17.0,-5.2
115052,RINCON_DE_LA_CRUZ,2024,08,25,0.0,18.2,2.2
115052,RINCON_DE_LA_CRUZ,2024,08,26,0.0,18.8,2.0
115052,RINCON_DE_LA_CRUZ,2024,08,27,0.0,18.8,1.0
115052,RINCON_DE_LA_CRUZ,2024,08,28,0.0,17.8,-0.2
115052,RINCON_DE_LA_CRUZ,2024,08,29,0.0,17.6,1.2
115052,RINCON_DE_LA_CRUZ,2024,08,30,0.0,16.8,0.6
115052,RINCON_DE_LA_CRUZ,2024,08,31,0.0,17.6,2.4
115052,RINCON_DE_LA_CRUZ,2024,09,01,3.2,15.2,2.6
115052,RINCON_DE_LA_CRUZ,2024,09,02,0.0,15.4,3.4
115052,RINCON_DE_LA_CRUZ,2024,09,03,0.0,17.2,0.8
115052,RINCON_DE_LA_CRUZ,2024,09,04,0.0,18.4,4.2
115052,RINCON_DE_LA_CRUZ,2024,09,05,0.0,17.8,3.0
115052,RINCON_DE_LA_CRUZ,2024,09,06,0.0,19.2,3.2
115052,RINCON_DE_LA_CRUZ,2024,09,07,1.5,18.2,0.2
115052,RINCON_DE_LA_CRUZ,2024,09,08,0.0,17.8,1.2
115052,RINCON_DE_LA_CRUZ,2024,09,09,0.0,18.2,2.4
115052,RINCON_DE_LA_CRUZ,2024,09,10,0.0,18.8,1.4
115052,RINCON_DE_LA_CRUZ,2024,09,11,0.0,18.8,1.8
115052,RINCON_DE_LA_CRUZ,2024,09,12,0.0,18.4,3.2
115052,RINCON_DE_LA_CRUZ,2024,09,13,0.0,18.4,1.6
115052,RINCON_DE_LA_CRUZ,2024,09,14,4.6,17.8,4.0
115052,RINCON_DE_LA_CRUZ,2024,09,15,0.0,-999,3.8
115052,RINCON_DE_LA_CRUZ,2024,09,16,2.4,18.0,3.4
115052,RINCON_DE_LA_CRUZ,2024,09,17,0.0,17.2,2.0
115052,RINCON_DE_LA_CRUZ,2024,09,18,0.0,17.4,5.6
115052,RINCON_DE_LA_CRUZ,2024,09,19,0.0,17.4,2.2
115052,RINCON_DE_LA_CRUZ,2024,09,20,0.0,18.2,3.0
115052,RINCON_DE_LA_CRUZ,2024,09,21,0.0,17.6,4.2
115052,RINCON_DE_LA_CRUZ,2024,09,22,0.0,18.6,4.0
115052,RINCON_DE_LA_CRUZ,2024,09,23,0.0,18.4,1.4
115052,RINCON_DE_LA_CRUZ,2024,09,24,0.0,18.4,3.4
115052,RINCON_DE_LA_CRUZ,2024,09,25,0.0,17.8,1.6
115052,RINCON_DE_LA_CRUZ,2024,09,26,0.0,17.8,5.6
115052,RINCON_DE_LA_CRUZ,2024,09,27,0.0,18.2,5.2
115052,RINCON_DE_LA_CRUZ,2024,09,28,0.0,17.4,3.6
115052,RINCON_DE_LA_CRUZ,2024,09,29,0.0,17.4,1.8
115052,RINCON_DE_LA_CRUZ,2024,09,30,0.0,19.0,5.0
115052,RINCON_DE_LA_CRUZ,2024,10,01,0.0,20.0,4.6
115052,RINCON_DE_LA_CRUZ,2024,10,02,0.5,20.6,3.2
115052,RINCON_DE_LA_CRUZ,2024,10,03,2.2,17.2,6.6
115052,RINCON_DE_LA_CRUZ,2024,10,04,0.0,18.2,3.0
115052,RINCON_DE_LA_CRUZ,2024,10,05,0.0,17.2,2.8
115052,RINCON_DE_LA_CRUZ,2024,10,06,0.0,17.2,4.4
115052,RINCON_DE_LA_CRUZ,2024,10,07,2.0,18.6,4.8
115052,RINCON_DE_LA_CRUZ,2024,10,08,6.0,19.4,5.6
115052,RINCON_DE_LA_CRUZ,2024,10,09,0.0,17.4,3.0
115052,RINCON_DE_LA_CRUZ,2024,10,10,0.0,17.2,1.0
115052,RINCON_DE_LA_CRUZ,2024,10,11,0.0,18.6,-4.4
115052,RINCON_DE_LA_CRUZ,2024,10,12,1.5,17.8,4.4
115052,RINCON_DE_LA_CRUZ,2024,10,13,0.0,16.8,2.6
115052,RINCON_DE_LA_CRUZ,2024,10,14,0.0,17.2,3.6
115052,RINCON_DE_LA_CRUZ,2024,10,15,23.2,19.2,3.6
115052,RINCON_DE_LA_CRUZ,2024,10,16,0.0,16.0,3.4
115052,RINCON_DE_LA_CRUZ,2024,10,17,0.0,17.2,1.2
115052,RINCON_DE_LA_CRUZ,2024,10,18,0.0,18.8,2.2
115052,RINCON_DE_LA_CRUZ,2024,10,19,0.0,17.6,5.2
115052,RINCON_DE_LA_CRUZ,2024,10,20,0.0,19.4,3.8
115052,RINCON_DE_LA_CRUZ,2024,10,21,0.0,20.6,5.8
115052,RINCON_DE_LA_CRUZ,2024,10,22,0.0,18.0,5.0
115052,RINCON_DE_LA_CRUZ,2024,10,23,0.0,19.8,6.2
115052,RINCON_DE_LA_CRUZ,2024,10,24,0.0,20.2,4.2
115052,RINCON_DE_LA_CRUZ,2024,10,25,0.6,20.4,2.2
115052,RINCON_DE_LA_CRUZ,2024,10,26,0.0,17.0,5.4
115052,RINCON_DE_LA_CRUZ,2024,10,27,0.0,19.2,4.8
115052,RINCON_DE_LA_CRUZ,2024,10,28,0.0,17.4,5.2
115052,RINCON_DE_LA_CRUZ,2024,10,29,43.4,16.0,6.2
115052,RINCON_DE_LA_CRUZ,2024,10,30,0.5,16.8,4.6
115052,RINCON_DE_LA_CRUZ,2024,10,31,0.0,18.4,5.2
115052,RINCON_DE_LA_CRUZ,2024,11,01,0.0,18.0,3.6
115052,RINCON_DE_LA_CRUZ,2024,11,02,0.0,18.2,3.4
115052,RINCON_DE_LA_CRUZ,2024,11,03,0.0,18.4,4.8
115052,RINCON_DE_LA_CRUZ,2024,11,04,0.0,20.4,4.0
115052,RINCON_DE_LA_CRUZ,2024,11,05,0.0,18.8,3.4
115052,RINCON_DE_LA_CRUZ,2024,11,06,0.0,19.2,2.0
115052,RINCON_DE_LA_CRUZ,2024,11,07,0.0,19.4,7.0
115052,RINCON_DE_LA_CRUZ,2024,11,08,0.0,18.0,7.4
115052,RINCON_DE_LA_CRUZ,2024,11,09,0.0,19.0,5.8
115052,RINCON_DE_LA_CRUZ,2024,11,10,0.0,19.0,5.2
115052,RINCON_DE_LA_CRUZ,2024,11,11,0.0,20.6,7.2
115052,RINCON_DE_LA_CRUZ,2024,11,12,12.6,16.4,7.4
115052,RINCON_DE_LA_CRUZ,2024,11,13,12.9,18.0,5.0
115052,RINCON_DE_LA_CRUZ,2024,11,14,3.0,18.4,6.4
115052,RINCON_DE_LA_CRUZ,2024,11,15,1.8,17.2,6.4
115052,RINCON_DE_LA_CRUZ,2024,11,16,2.5,17.2,6.2
115052,RINCON_DE_LA_CRUZ,2024,11,17,8.5,16.0,6.0
115052,RINCON_DE_LA_CRUZ,2024,11,18,3.5,15.4,5.4
115052,RINCON_DE_LA_CRUZ,2024,11,19,0.0,16.2,5.2
115052,RINCON_DE_LA_CRUZ,2024,11,20,2.4,18.2,7.0
115052,RINCON_DE_LA_CRUZ,2024,11,21,13.0,14.8,4.4
115052,RINCON_DE_LA_CRUZ,2024,11,22,0.8,17.0,6.0
115052,RINCON_DE_LA_CRUZ,2024,11,23,10.3,15.0,6.0
115052,RINCON_DE_LA_CRUZ,2024,11,24,0.0,16.6,6.4
115052,RINCON_DE_LA_CRUZ,2024,11,25,0.0,18.8,6.0
115052,RINCON_DE_LA_CRUZ,2024,11,26,0.5,19.2,8.2
115052,RINCON_DE_LA_CRUZ,2024,11,27,0.0,18.6,8.4
115052,RINCON_DE_LA_CRUZ,2024,11,28,5.9,18.0,5.4
115052,RINCON_DE_LA_CRUZ,2024,11,29,10.5,16.8,7.2
115052,RINCON_DE_LA_CRUZ,2024,11,30,3.2,18.6,6.8
115052,RINCON_DE_LA_CRUZ,2024,12,01,2.9,16.4,7.4
115052,RINCON_DE_LA_CRUZ,2024,12,02,0.0,19.2,5.2
115052,RINCON_DE_LA_CRUZ,2024,12,03,0.0,16.8,6.0
115052,RINCON_DE_LA_CRUZ,2024,12,04,0.0,18.6,7.2
115052,RINCON_DE_LA_CRUZ,2024,12,05,0.0,21.0,5.2
115052,RINCON_DE_LA_CRUZ,2024,12,06,6.2,20.0,5.4
115052,RINCON_DE_LA_CRUZ,2024,12,07,6.0,20.0,5.4
115052,RINCON_DE_LA_CRUZ,2024,12,08,0.0,18.2,5.2
115052,RINCON_DE_LA_CRUZ,2024,12,09,0.0,17.8,7.4
115052,RINCON_DE_LA_CRUZ,2024,12,10,0.0,17.4,6.4
115052,RINCON_DE_LA_CRUZ,2024,12,11,0.0,18.8,7.4
115052,RINCON_DE_LA_CRUZ,2024,12,12,0.0,18.2,5.6
115052,RINCON_DE_LA_CRUZ,2024,12,13,0.0,18.6,5.6
115052,RINCON_DE_LA_CRUZ,2024,12,14,0.0,17.6,3.0
115052,RINCON_DE_LA_CRUZ,2024,12,15,0.0,18.2,5.6
115052,RINCON_DE_LA_CRUZ,2024,12,16,0.0,18.0,4.4
115052,RINCON_DE_LA_CRUZ,2024,12,17,0.0,16.8,5.2
115052,RINCON_DE_LA_CRUZ,2024,12,18,0.0,17.4,6.4
115052,RINCON_DE_LA_CRUZ,2024,12,19,3.8,18.0,-999
115052,RINCON_DE_LA_CRUZ,2024,12,20,7.8,17.4,3.8
115052,RINCON_DE_LA_CRUZ,2024,12,21,0.8,19.4,4.6
115052,RINCON_DE_LA_CRUZ,2024,12,22,10.4,19.0,4.0
115052,RINCON_DE_LA_CRUZ,2024,12,23,0.0,18.4,6.0
115052,RINCON_DE_LA_CRUZ,2024,12,24,0.0,18.8,2.0
115052,RINCON_DE_LA_CRUZ,2024,12,25,0.0,18.4,4.2
115052,RINCON_DE_LA_CRUZ,2024,12,26,0.0,18.8,5.4
115052,RINCON_DE_LA_CRUZ,2024,12,27,0.0,18.8,5.4
115052,RINCON_DE_LA_CRUZ,2024,12,28,0.0,18.2,5.2
115052,RINCON_DE_LA_CRUZ,2024,12,29,0.3,18.6,5.2
115052,RINCON_DE_LA_CRUZ,2024,12,30,0.0,19.2,2.8
115052,RINCON_DE_LA_CRUZ,2024,12,31,5.0,19.4,4.2
115052,RINCON_DE_LA_CRUZ,2025,01,01,0.0,18.0,6.4
115052,RINCON_DE_LA_CRUZ,2025,01,02,26.0,17.0,-999
115052,RINCON_DE_LA_CRUZ,2025,01,03,0.7,13.8,-999
115052,RINCON_DE_LA_CRUZ,2025,01,04,6.3,12.2,-999
115052,RINCON_DE_LA_CRUZ,2025,01,05,1.7,12.0,7.0
115052,RINCON_DE_LA_CRUZ,2025,01,06,23.5,15.4,-999
115052,RINCON_DE_LA_CRUZ,2025,01,07,3.6,15.2,3.8
115052,RINCON_DE_LA_CRUZ,2025,01,08,42.0,13.8,3.8
115052,RINCON_DE_LA_CRUZ,2025,01,09,13.6,13.6,4.4
115052,RINCON_DE_LA_CRUZ,2025,01,10,1.8,15.2,5.0
115052,RINCON_DE_LA_CRUZ,2025,01,11,3.5,-999,5.0
115052,RINCON_DE_LA_CRUZ,2025,01,12,6.4,-999,5.2
115052,RINCON_DE_LA_CRUZ,2025,01,13,0.0,-999,3.4
115052,RINCON_DE_LA_CRUZ,2025,01,14,0.0,14.8,0.8
115052,RINCON_DE_LA_CRUZ,2025,01,15,0.0,15.8,2.4
115052,RINCON_DE_LA_CRUZ,2025,01,16,7.0,15.2,5.4
115052,RINCON_DE_LA_CRUZ,2025,01,17,6.4,15.6,4.8
115052,RINCON_DE_LA_CRUZ,2025,01,18,4.7,14.2,5.8
115052,RINCON_DE_LA_CRUZ,2025,01,19,15.2,13.8,6.4
115052,RINCON_DE_LA_CRUZ,2025,01,20,10.0,12.6,5.6
115052,RINCON_DE_LA_CRUZ,2025,01,21,23.2,15.2,5.6
115052,RINCON_DE_LA_CRUZ,2025,01,22,31.2,14.4,5.4
115052,RINCON_DE_LA_CRUZ,2025,01,23,15.5,12.4,5.0
115052,RINCON_DE_LA_CRUZ,2025,01,24,7.0,15.4,5.8
115052,RINCON_DE_LA_CRUZ,2025,01,25,5.5,15.4,6.0
115052,RINCON_DE_LA_CRUZ,2025,01,26,13.8,14.0,5.8
115052,RINCON_DE_LA_CRUZ,2025,01,27,3.0,15.2,5.8
115052,RINCON_DE_LA_CRUZ,2025,01,28,4.8,15.4,6.6
115052,RINCON_DE_LA_CRUZ,2025,01,29,3.5,14.8,6.6
115052,RINCON_DE_LA_CRUZ,2025,01,30,13.6,12.8,6.2
115052,RINCON_DE_LA_CRUZ,2025,01,31,0.0,15.4,6.4
115052,RINCON_DE_LA_CRUZ,2025,02,01,0.0,17.0,7.4
115052,RINCON_DE_LA_CRUZ,2025,02,02,0.5,16.8,4.0
115052,RINCON_DE_LA_CRUZ,2025,02,03,3.0,16.8,3.8
115052,RINCON_DE_LA_CRUZ,2025,02,04,1.2,15.4,3.8
115052,RINCON_DE_LA_CRUZ,2025,02,05,0.0,15.6,6.4
115052,RINCON_DE_LA_CRUZ,2025,02,06,7.5,15.4,6.4
115052,RINCON_DE_LA_CRUZ,2025,02,07,10.6,16.0,6.2
115052,RINCON_DE_LA_CRUZ,2025,02,08,19.8,16.0,6.4
115052,RINCON_DE_LA_CRUZ,2025,02,09,52.1,14.0,6.4
115052,RINCON_DE_LA_CRUZ,2025,02,10,8.4,14.0,4.6
115052,RINCON_DE_LA_CRUZ,2025,02,11,0.0,14.4,4.6
115052,RINCON_DE_LA_CRUZ,2025,02,12,17.0,15.4,6.0
115052,RINCON_DE_LA_CRUZ,2025,02,13,3.2,15.4,6.2
115052,RINCON_DE_LA_CRUZ,2025,02,14,8.2,15.0,6.4
115052,RINCON_DE_LA_CRUZ,2025,02,15,19.7,16.0,-999
115052,RINCON_DE_LA_CRUZ,2025,02,16,22.0,14.4,5.8
115052,RINCON_DE_LA_CRUZ,2025,02,17,10.0,15.8,4.6
115052,RINCON_DE_LA_CRUZ,2025,02,18,23.5,15.6,5.0
115052,RINCON_DE_LA_CRUZ,2025,02,19,13.6,16.2,6.0
115052,RINCON_DE_LA_CRUZ,2025,02,20,8.2,15.8,6.2
115052,RINCON_DE_LA_CRUZ,2025,02,21,1.6,16.2,5.2
115052,RINCON_DE_LA_CRUZ,2025,02,22,20.0,13.0,7.4
115052,RINCON_DE_LA_CRUZ,2025,02,23,6.7,14.2,5.0
115052,RINCON_DE_LA_CRUZ,2025,02,24,2.6,14.8,4.0
115052,RINCON_DE_LA_CRUZ,2025,02,25,0.0,16.2,-999
115052,RINCON_DE_LA_CRUZ,2025,02,26,0.0,15.4,-999
115052,RINCON_DE_LA_CRUZ,2025,02,27,0.0,15.8,-999
115052,RINCON_DE_LA_CRUZ,2025,02,28,1.1,16.0,4.4
115052,RINCON_DE_LA_CRUZ,2025,03,01,6.5,15.4,6.0
115052,RINCON_DE_LA_CRUZ,2025,03,02,2.5,15.2,5.8
115052,RINCON_DE_LA_CRUZ,2025,03,03,12.5,13.8,7.0
115052,RINCON_DE_LA_CRUZ,2025,03,04,29.5,14.4,6.8
115052,RINCON_DE_LA_CRUZ,2025,03,05,7.8,13.8,5.8
115052,RINCON_DE_LA_CRUZ,2025,03,06,31.5,15.2,6.6
115052,RINCON_DE_LA_CRUZ,2025,03,07,3.0,14.2,4.2
115052,RINCON_DE_LA_CRUZ,2025,03,08,16.5,15.8,6.8
115052,RINCON_DE_LA_CRUZ,2025,03,09,27.6,13.8,-999
115052,RINCON_DE_LA_CRUZ,2025,03,10,33.2,13.8,-999
115052,RINCON_DE_LA_CRUZ,2025,03,11,2.2,14.6,4.4
115052,RINCON_DE_LA_CRUZ,2025,03,12,13.4,14.0,6.0
115052,RINCON_DE_LA_CRUZ,2025,03,13,4.4,13.8,-999
115052,RINCON_DE_LA_CRUZ,2025,03,14,15.6,14.2,5.8
115052,RINCON_DE_LA_CRUZ,2025,03,15,0.0,15.2,5.4
115052,RINCON_DE_LA_CRUZ,2025,03,16,2.8,14.8,6.6
115052,RINCON_DE_LA_CRUZ,2025,03,17,8.7,15.2,6.4
115052,RINCON_DE_LA_CRUZ,2025,03,18,1.7,15.8,4.8
115052,RINCON_DE_LA_CRUZ,2025,03,19,11.7,14.4,6.0
115052,RINCON_DE_LA_CRUZ,2025,03,20,0.0,15.8,6.0
115052,RINCON_DE_LA_CRUZ,2025,03,21,0.0,16.8,5.2
115052,RINCON_DE_LA_CRUZ,2025,03,22,0.0,16.8,5.4
115052,RINCON_DE_LA_CRUZ,2025,03,23,0.0,17.6,4.8
115052,RINCON_DE_LA_CRUZ,2025,03,24,0.0,17.0,4.6
115052,RINCON_DE_LA_CRUZ,2025,03,25,0.0,16.2,5.2
115052,RINCON_DE_LA_CRUZ,2025,03,26,2.5,16.8,5.4
115052,RINCON_DE_LA_CRUZ,2025,03,27,0.0,16.4,5.4
115052,RINCON_DE_LA_CRUZ,2025,03,28,1.4,16.6,6.4
115052,RINCON_DE_LA_CRUZ,2025,03,29,0.0,17.0,6.2
115052,RINCON_DE_LA_CRUZ,2025,03,30,0.0,15.6,7.0
115052,RINCON_DE_LA_CRUZ,2025,03,31,1.0,15.8,3.0
115052,RINCON_DE_LA_CRUZ,2025,04,01,12.3,14.8,6.2
115052,RINCON_DE_LA_CRUZ,2025,04,02,12.2,12.6,6.0
115052,RINCON_DE_LA_CRUZ,2025,04,03,7.6,16.0,4.6
115052,RINCON_DE_LA_CRUZ,2025,04,04,20.5,14.8,6.4
115052,RINCON_DE_LA_CRUZ,2025,04,05,3.5,14.0,5.4
115052,RINCON_DE_LA_CRUZ,2025,04,06,0.0,15.8,4.4
115052,RINCON_DE_LA_CRUZ,2025,04,07,0.0,16.0,4.8
115052,RINCON_DE_LA_CRUZ,2025,04,08,3.5,15.0,4.4
115052,RINCON_DE_LA_CRUZ,2025,04,09,0.0,15.0,3.5
115052,RINCON_DE_LA_CRUZ,2025,04,10,2.8,15.6,2.6
115052,RINCON_DE_LA_CRUZ,2025,04,11,0.0,15.4,5.0
115052,RINCON_DE_LA_CRUZ,2025,04,12,0.0,14.4,3.6
115052,RINCON_DE_LA_CRUZ,2025,04,13,0.0,15.6,2.6
115052,RINCON_DE_LA_CRUZ,2025,04,14,0.0,14.2,6.0
115052,RINCON_DE_LA_CRUZ,2025,04,15,0.0,17.0,1.2
115052,RINCON_DE_LA_CRUZ,2025,04,16,0.0,16.8,0.6
115052,RINCON_DE_LA_CRUZ,2025,04,17,0.0,17.8,3.8
115052,RINCON_DE_LA_CRUZ,2025,04,18,0.0,18.2,3.0
115052,RINCON_DE_LA_CRUZ,2025,04,19,0.0,16.8,3.6
115052,RINCON_DE_LA_CRUZ,2025,04,20,1.5,14.4,3.2
115052,RINCON_DE_LA_CRUZ,2025,04,21,0.0,16.6,3.8
115052,RINCON_DE_LA_CRUZ,2025,04,22,0.0,16.2,4.6
115052,RINCON_DE_LA_CRUZ,2025,04,23,0.0,17.4,3.0
115052,RINCON_DE_LA_CRUZ,2025,04,24,0.0,17.8,-2.4
115052,RINCON_DE_LA_CRUZ,2025,04,25,0.0,16.6,0.2
115052,RINCON_DE_LA_CRUZ,2025,04,26,0.0,16.4,0.0
115052,RINCON_DE_LA_CRUZ,2025,04,27,0.0,15.4,4.2
115052,RINCON_DE_LA_CRUZ,2025,04,28,17.0,15.6,6.2
115052,RINCON_DE_LA_CRUZ,2025,04,29,0.0,16.4,4.0
115052,RINCON_DE_LA_CRUZ,2025,04,30,1.2,17.0,5.4
115052,RINCON_DE_LA_CRUZ,2025,05,01,0.0,-999,5.6
115052,RINCON_DE_LA_CRUZ,2025,05,02,6.0,-999,3.4
115052,RINCON_DE_LA_CRUZ,2025,05,03,2.8,-999,4.0
115052,RINCON_DE_LA_CRUZ,2025,05,04,3.0,15.4,6.0
115052,RINCON_DE_LA_CRUZ,2025,05,05,0.0,14.2,5.8
115052,RINCON_DE_LA_CRUZ,2025,05,06,0.0,14.6,5.6
115052,RINCON_DE_LA_CRUZ,2025,05,07,0.0,16.0,3.2
115052,RINCON_DE_LA_CRUZ,2025,05,08,0.0,16.0,4.4
115052,RINCON_DE_LA_CRUZ,2025,05,09,0.0,15.8,0.0
115052,RINCON_DE_LA_CRUZ,2025,05,10,0.0,16.0,3.4
115052,RINCON_DE_LA_CRUZ,2025,05,11,0.0,15.2,3.6
115052,RINCON_DE_LA_CRUZ,2025,05,12,0.0,16.0,2.0
115052,RINCON_DE_LA_CRUZ,2025,05,13,0.0,15.8,3.2
115052,RINCON_DE_LA_CRUZ,2025,05,14,0.0,15.6,1.8
115052,RINCON_DE_LA_CRUZ,2025,05,15,0.0,15.6,1.2
115052,RINCON_DE_LA_CRUZ,2025,05,16,0.0,16.0,-1.0
115052,RINCON_DE_LA_CRUZ,2025,05,17,0.0,14.4,0.4
115052,RINCON_DE_LA_CRUZ,2025,05,18,0.0,14.0,-3.0
115052,RINCON_DE_LA_CRUZ,2025,05,19,0.0,14.0,3.0
115052,RINCON_DE_LA_CRUZ,2025,05,20,0.0,15.2,-999
115052,RINCON_DE_LA_CRUZ,2025,05,21,0.0,15.0,-999
115052,RINCON_DE_LA_CRUZ,2025,05,22,0.0,15.2,-999
115052,RINCON_DE_LA_CRUZ,2025,05,23,0.0,16.4,3.8
115052,RINCON_DE_LA_CRUZ,2025,05,24,0.0,15.6,1.2
115052,RINCON_DE_LA_CRUZ,2025,05,25,2.4,14.4,1.8
115052,RINCON_DE_LA_CRUZ,2025,05,26,0.0,15.2,3.0
115052,RINCON_DE_LA_CRUZ,2025,05,27,0.0,14.4,-2.6
115052,RINCON_DE_LA_CRUZ,2025,05,28,0.0,15.2,-3.0
115052,RINCON_DE_LA_CRUZ,2025,05,29,0.0,14.0,0.6
115052,RINCON_DE_LA_CRUZ,2025,05,30,0.0,14.4,-2.2
115052,RINCON_DE_LA_CRUZ,2025,05,31,0.0,15.8,-3.6
115052,RINCON_DE_LA_CRUZ,2025,06,01,0.0,14.2,2.2
115052,RINCON_DE_LA_CRUZ,2025,06,02,0.0,14.2,-1.2
115052,RINCON_DE_LA_CRUZ,2025,06,03,0.0,14.8,-2.2
115052,RINCON_DE_LA_CRUZ,2025,06,04,0.0,14.4,3.6
115052,RINCON_DE_LA_CRUZ,2025,06,05,0.0,14.0,0.0
115052,RINCON_DE_LA_CRUZ,2025,06,06,0.0,14.8,0.4
115052,RINCON_DE_LA_CRUZ,2025,06,07,0.0,15.8,-3.8
115052,RINCON_DE_LA_CRUZ,2025,06,08,0.0,15.4,-3.6
115052,RINCON_DE_LA_CRUZ,2025,06,09,0.0,14.8,-1.8
115052,RINCON_DE_LA_CRUZ,2025,06,10,0.0,14.4,3.2
115052,RINCON_DE_LA_CRUZ,2025,06,11,0.0,13.4,-3.0
115052,RINCON_DE_LA_CRUZ,2025,06,12,0.0,13.8,-2.8
115052,RINCON_DE_LA_CRUZ,2025,06,13,0.0,16.4,-5.2
115052,RINCON_DE_LA_CRUZ,2025,06,14,0.0,14.4,-2.6
115052,RINCON_DE_LA_CRUZ,2025,06,15,0.0,13.2,-3.4
115052,RINCON_DE_LA_CRUZ,2025,06,16,0.0,15.4,2.6
115052,RINCON_DE_LA_CRUZ,2025,06,17,0.0,14.8,4.0
115052,RINCON_DE_LA_CRUZ,2025,06,18,0.0,15.0,2.4
115052,RINCON_DE_LA_CRUZ,2025,06,19,0.0,15.2,-0.8
115052,RINCON_DE_LA_CRUZ,2025,06,20,0.0,15.2,3.4
115052,RINCON_DE_LA_CRUZ,2025,06,21,0.0,16.4,1.2
115052,RINCON_DE_LA_CRUZ,2025,06,22,0.0,18.0,-4.6
115052,RINCON_DE_LA_CRUZ,2025,06,23,0.0,16.4,-5.0
115052,RINCON_DE_LA_CRUZ,2025,06,24,0.0,15.4,-6.4
115052,RINCON_DE_LA_CRUZ,2025,06,25,0.0,16.6,-1.2
115052,RINCON_DE_LA_CRUZ,2025,06,26,0.0,14.6,0.2
115052,RINCON_DE_LA_CRUZ,2025,06,27,0.0,15.2,-1.0
115052,RINCON_DE_LA_CRUZ,2025,06,28,0.0,14.6,1.0
115052,RINCON_DE_LA_CRUZ,2025,06,29,0.0,14.8,-1.2
115052,RINCON_DE_LA_CRUZ,2025,06,30,0.0,15.2,0.4
115052,RINCON_DE_LA_CRUZ,2025,07,01,0.0,14.4,0.0
115052,RINCON_DE_LA_CRUZ,2025,07,02,0.0,15.4,0.0
115052,RINCON_DE_LA_CRUZ,2025,07,03,0.0,15.0,2.2
115052,RINCON_DE_LA_CRUZ,2025,07,04,0.0,14.6,-0.2
115052,RINCON_DE_LA_CRUZ,2025,07,05,0.0,14.4,-2.0
115052,RINCON_DE_LA_CRUZ,2025,07,06,0.0,14.4,-4.0
115052,RINCON_DE_LA_CRUZ,2025,07,07,0.0,15.6,-3.2
115052,RINCON_DE_LA_CRUZ,2025,07,08,0.0,15.6,-3.2
115052,RINCON_DE_LA_CRUZ,2025,07,09,0.0,15.2,-2.4
115052,RINCON_DE_LA_CRUZ,2025,07,10,0.0,16.4,-3.2
115052,RINCON_DE_LA_CRUZ,2025,07,11,0.0,15.8,-2.2
115052,RINCON_DE_LA_CRUZ,2025,07,12,0.0,15.6,-3.2
115052,RINCON_DE_LA_CRUZ,2025,07,13,0.0,16.0,-1.0
115052,RINCON_DE_LA_CRUZ,2025,07,14,0.0,15.2,-1.2
115052,RINCON_DE_LA_CRUZ,2025,07,15,0.0,15.6,-1.0
115052,RINCON_DE_LA_CRUZ,2025,07,16,0.0,15.8,1.2
115052,RINCON_DE_LA_CRUZ,2025,07,17,0.0,13.8,-0.4
115052,RINCON_DE_LA_CRUZ,2025,07,18,0.2,13.2,0.8
115052,RINCON_DE_LA_CRUZ,2025,07,19,3.5,13.2,1.6
115052,RINCON_DE_LA_CRUZ,2025,07,20,0.0,13.8,0.0
115052,RINCON_DE_LA_CRUZ,2025,07,21,0.0,-999,0.6
115052,RINCON_DE_LA_CRUZ,2025,07,22,0.0,-999,0.4
115052,RINCON_DE_LA_CRUZ,2025,07,23,0.0,-999,-0.2
115052,RINCON_DE_LA_CRUZ,2025,07,24,0.0,14.6,0.8
115052,RINCON_DE_LA_CRUZ,2025,07,25,0.0,15.0,-1.2
115052,RINCON_DE_LA_CRUZ,2025,07,26,0.0,15.0,1.4
115052,RINCON_DE_LA_CRUZ,2025,07,27,0.0,14.2,0.2
115052,RINCON_DE_LA_CRUZ,2025,07,28,0.0,15.2,-1.0
115052,RINCON_DE_LA_CRUZ,2025,07,29,0.0,-999,1.8
115052,RINCON_DE_LA_CRUZ,2025,07,30,0.0,-999,-1.6
115052,RINCON_DE_LA_CRUZ,2025,07,31,0.0,-999,0.2
115052,RINCON_DE_LA_CRUZ,2025,08,01,0.0,13.8,-1.4
115052,RINCON_DE_LA_CRUZ,2025,08,02,0.0,14.4,-3.0
115052,RINCON_DE_LA_CRUZ,2025,08,03,0.0,15.0,-3.8
115052,RINCON_DE_LA_CRUZ,2025,08,04,0.0,13.8,-5.2
115052,RINCON_DE_LA_CRUZ,2025,08,05,0.0,14.4,1.0
115052,RINCON_DE_LA_CRUZ,2025,08,06,0.0,15.4,1.8
115052,RINCON_DE_LA_CRUZ,2025,08,07,0.0,15.8,-1.4
115052,RINCON_DE_LA_CRUZ,2025,08,08,0.0,15.0,-1.8
115052,RINCON_DE_LA_CRUZ,2025,08,09,0.0,14.2,-1.4
115052,RINCON_DE_LA_CRUZ,2025,08,10,0.0,14.8,-1.8
115052,RINCON_DE_LA_CRUZ,2025,08,11,0.0,15.6,-2.0
115052,RINCON_DE_LA_CRUZ,2025,08,12,0.0,16.0,1.4
115052,RINCON_DE_LA_CRUZ,2025,08,13,0.0,16.6,-0.4
115052,RINCON_DE_LA_CRUZ,2025,08,14,0.0,14.4,-3.0
115052,RINCON_DE_LA_CRUZ,2025,08,15,0.0,15.0,-2.2
115052,RINCON_DE_LA_CRUZ,2025,08,16,0.0,15.6,-1.6
115052,RINCON_DE_LA_CRUZ,2025,08,17,0.0,16.6,1.2
115052,RINCON_DE_LA_CRUZ,2025,08,18,0.0,16.8,2.2
115052,RINCON_DE_LA_CRUZ,2025,08,19,0.0,16.0,-6.8
115052,RINCON_DE_LA_CRUZ,2025,08,20,0.0,16.0,-2.8
115052,RINCON_DE_LA_CRUZ,2025,08,21,0.0,17.0,0.4
115052,RINCON_DE_LA_CRUZ,2025,08,22,0.0,18.0,1.2
115052,RINCON_DE_LA_CRUZ,2025,08,23,0.0,16.8,0.8
115052,RINCON_DE_LA_CRUZ,2025,08,24,0.8,16.8,3.8
115052,RINCON_DE_LA_CRUZ,2025,08,25,0.0,17.6,2.6
115052,RINCON_DE_LA_CRUZ,2025,08,26,0.5,16.2,1.2
115052,RINCON_DE_LA_CRUZ,2025,08,27,0.0,15.2,1.6
115052,RINCON_DE_LA_CRUZ,2025,08,28,0.0,15.4,-0.8
115052,RINCON_DE_LA_CRUZ,2025,08,29,1.0,17.0,-0.8
115052,RINCON_DE_LA_CRUZ,2025,08,30,0.0,18.2,0.6
115052,RINCON_DE_LA_CRUZ,2025,08,31,0.0,14.8,-0.2
115052,RINCON_DE_LA_CRUZ,2025,09,01,0.0,15.0,1.6
115052,RINCON_DE_LA_CRUZ,2025,09,02,0.0,16.2,2.6
115052,RINCON_DE_LA_CRUZ,2025,09,03,0.4,13.8,0.4
115052,RINCON_DE_LA_CRUZ,2025,09,04,1.9,15.2,2.8
115052,RINCON_DE_LA_CRUZ,2025,09,05,7.4,15.0,1.6
115052,RINCON_DE_LA_CRUZ,2025,09,06,3.5,13.0,2.4
115052,RINCON_DE_LA_CRUZ,2025,09,07,0.0,16.2,3.2
115052,RINCON_DE_LA_CRUZ,2025,09,08,0.0,15.4,1.2
115052,RINCON_DE_LA_CRUZ,2025,09,09,0.0,14.4,0.2
115052,RINCON_DE_LA_CRUZ,2025,09,10,0.0,15.6,0.0
115052,RINCON_DE_LA_CRUZ,2025,09,11,0.0,14.8,-1.0
115052,RINCON_DE_LA_CRUZ,2025,09,12,0.0,15.2,2.4
115052,RINCON_DE_LA_CRUZ,2025,09,13,0.0,16.2,3.0
115052,RINCON_DE_LA_CRUZ,2025,09,14,0.0,16.2,2.0
115052,RINCON_DE_LA_CRUZ,2025,09,15,0.2,15.4,2.6
115052,RINCON_DE_LA_CRUZ,2025,09,16,0.0,15.4,-999
115052,RINCON_DE_LA_CRUZ,2025,09,17,0.0,17.0,-1.0
115052,RINCON_DE_LA_CRUZ,2025,09,18,0.0,16.4,4.6
115052,RINCON_DE_LA_CRUZ,2025,09,19,0.0,18.0,3.6
115052,RINCON_DE_LA_CRUZ,2025,09,20,0.0,18.0,4.4
115052,RINCON_DE_LA_CRUZ,2025,09,21,0.0,18.4,1.2
115052,RINCON_DE_LA_CRUZ,2025,09,22,0.0,18.8,-1.0
115052,RINCON_DE_LA_CRUZ,2025,09,23,0.0,18.0,4.2
115052,RINCON_DE_LA_CRUZ,2025,09,24,0.0,15.6,2.6
115052,RINCON_DE_LA_CRUZ,2025,09,25,1.8,15.8,3.4
115052,RINCON_DE_LA_CRUZ,2025,09,26,1.7,15.6,-999
115052,RINCON_DE_LA_CRUZ,2025,09,27,0.0,16.6,3.4
115052,RINCON_DE_LA_CRUZ,2025,09,28,0.0,16.2,4.4
115052,RINCON_DE_LA_CRUZ,2025,09,29,0.2,16.6,1.2
115052,RINCON_DE_LA_CRUZ,2025,09,30,16.0,16.0,3.4
115052,RINCON_DE_LA_CRUZ,2025,10,01,7.5,14.8,4.4
115052,RINCON_DE_LA_CRUZ,2025,10,02,0.0,15.0,3.2
115052,RINCON_DE_LA_CRUZ,2025,10,03,0.0,16.6,2.4
115052,RINCON_DE_LA_CRUZ,2025,10,04,0.0,17.0,2.2
115052,RINCON_DE_LA_CRUZ,2025,10,05,0.0,17.6,1.2
115052,RINCON_DE_LA_CRUZ,2025,10,06,0.0,18.2,3.4
115052,RINCON_DE_LA_CRUZ,2025,10,07,0.0,16.8,5.4
115052,RINCON_DE_LA_CRUZ,2025,10,08,2.7,17.4,4.0
115052,RINCON_DE_LA_CRUZ,2025,10,09,0.7,15.2,4.6
115052,RINCON_DE_LA_CRUZ,2025,10,10,0.0,14.2,4.6
115052,RINCON_DE_LA_CRUZ,2025,10,11,0.0,17.0,3.2
115052,RINCON_DE_LA_CRUZ,2025,10,12,0.0,18.4,2.0
115052,RINCON_DE_LA_CRUZ,2025,10,13,0.0,16.4,2.4
115052,RINCON_DE_LA_CRUZ,2025,10,14,14.2,18.2,5.0
115052,RINCON_DE_LA_CRUZ,2025,10,15,2.8,15.2,1.4
115052,RINCON_DE_LA_CRUZ,2025,10,16,0.0,16.0,5.2
115052,RINCON_DE_LA_CRUZ,2025,10,17,2.8,16.8,5.6
115052,RINCON_DE_LA_CRUZ,2025,10,18,0.0,17.0,5.2
115052,RINCON_DE_LA_CRUZ,2025,10,19,0.0,14.0,4.4
115052,RINCON_DE_LA_CRUZ,2025,10,20,0.0,17.2,3.0
115052,RINCON_DE_LA_CRUZ,2025,10,21,0.0,17.6,3.4
115052,RINCON_DE_LA_CRUZ,2025,10,22,0.0,16.4,5.4
115052,RINCON_DE_LA_CRUZ,2025,10,23,0.0,16.8,3.8
115052,RINCON_DE_LA_CRUZ,2025,10,24,0.0,16.6,2.0
115052,RINCON_DE_LA_CRUZ,2025,10,25,3.8,18.2,3.8
115052,RINCON_DE_LA_CRUZ,2025,10,26,0.0,17.2,4.6
115052,RINCON_DE_LA_CRUZ,2025,10,27,0.0,17.2,0.2
115052,RINCON_DE_LA_CRUZ,2025,10,28,0.0,17.4,5.0
115052,RINCON_DE_LA_CRUZ,2025,10,29,2.8,17.6,5.2
115052,RINCON_DE_LA_CRUZ,2025,10,30,0.0,16.6,4.2
115052,RINCON_DE_LA_CRUZ,2025,10,31,5.8,18.4,3.8
115052,RINCON_DE_LA_CRUZ,2025,11,01,0.0,18.4,3.0
115052,RINCON_DE_LA_CRUZ,2025,11,02,0.0,18.8,6.0
115052,RINCON_DE_LA_CRUZ,2025,11,03,0.0,19.4,3.2
115052,RINCON_DE_LA_CRUZ,2025,11,04,0.0,18.6,2.8
115052,RINCON_DE_LA_CRUZ,2025,11,05,0.0,19.2,4.4
115052,RINCON_DE_LA_CRUZ,2025,11,06,-888,18.4,4.8
115052,RINCON_DE_LA_CRUZ,2025,11,07,0.0,18.8,3.6
115052,RINCON_DE_LA_CRUZ,2025,11,08,6.6,18.4,3.0
115052,RINCON_DE_LA_CRUZ,2025,11,09,0.0,15.6,3.6
115052,RINCON_DE_LA_CRUZ,2025,11,10,0.0,16.8,7.0
115052,RINCON_DE_LA_CRUZ,2025,11,11,0.0,17.8,2.6
115052,RINCON_DE_LA_CRUZ,2025,11,12,0.0,16.4,4.0
115052,RINCON_DE_LA_CRUZ,2025,11,13,0.0,17.8,4.0
115052,RINCON_DE_LA_CRUZ,2025,11,14,0.0,16.8,1.8
115052,RINCON_DE_LA_CRUZ,2025,11,15,0.0,17.6,5.2
115052,RINCON_DE_LA_CRUZ,2025,11,16,0.0,19.4,4.8
115052,RINCON_DE_LA_CRUZ,2025,11,17,0.0,21.2,6.8
115052,RINCON_DE_LA_CRUZ,2025,11,18,0.0,17.2,3.6
115052,RINCON_DE_LA_CRUZ,2025,11,19,0.0,16.4,0.2
115052,RINCON_DE_LA_CRUZ,2025,11,20,0.0,16.2,1.8
115052,RINCON_DE_LA_CRUZ,2025,11,21,0.0,18.0,1.0
115052,RINCON_DE_LA_CRUZ,2025,11,22,0.0,18.0,4.8
115052,RINCON_DE_LA_CRUZ,2025,11,23,0.0,17.8,2.8
115052,RINCON_DE_LA_CRUZ,2025,11,24,7.4,17.4,4.8
115052,RINCON_DE_LA_CRUZ,2025,11,25,0.8,17.4,4.8
115052,RINCON_DE_LA_CRUZ,2025,11,26,0.0,16.4,5.8
115052,RINCON_DE_LA_CRUZ,2025,11,27,0.0,18.4,6.4
115052,RINCON_DE_LA_CRUZ,2025,11,28,1.2,18.4,4.8
115052,RINCON_DE_LA_CRUZ,2025,11,29,0.0,16.4,5.2
115052,RINCON_DE_LA_CRUZ,2025,11,30,0.0,17.4,2.0
115052,RINCON_DE_LA_CRUZ,2025,12,01,0.0,16.8,6.4
115052,RINCON_DE_LA_CRUZ,2025,12,02,1.2,16.8,4.0
115052,RINCON_DE_LA_CRUZ,2025,12,03,5.5,17.0,3.8
115052,RINCON_DE_LA_CRUZ,2025,12,04,24.8,13.2,4.8
115052,RINCON_DE_LA_CRUZ,2025,12,05,0.0,16.0,4.6
115052,RINCON_DE_LA_CRUZ,2025,12,06,0.0,17.8,3.0
115052,RINCON_DE_LA_CRUZ,2025,12,07,0.0,18.2,4.8
115052,RINCON_DE_LA_CRUZ,2025,12,08,0.0,18.6,6.6
115052,RINCON_DE_LA_CRUZ,2025,12,09,0.0,17.0,5.0
115052,RINCON_DE_LA_CRUZ,2025,12,10,0.0,20.8,4.4
115052,RINCON_DE_LA_CRUZ,2025,12,11,0.5,16.8,7.4
115052,RINCON_DE_LA_CRUZ,2025,12,12,0.0,18.6,4.4
115052,RINCON_DE_LA_CRUZ,2025,12,13,0.0,18.8,3.4
115052,RINCON_DE_LA_CRUZ,2025,12,14,0.0,19.2,5.8
115052,RINCON_DE_LA_CRUZ,2025,12,15,0.0,19.2,4.8
115052,RINCON_DE_LA_CRUZ,2025,12,16,7.6,19.4,5.4
115052,RINCON_DE_LA_CRUZ,2025,12,17,0.0,17.8,5.0
115052,RINCON_DE_LA_CRUZ,2025,12,18,0.0,18.4,3.4
115052,RINCON_DE_LA_CRUZ,2025,12,19,8.2,18.6,6.2
115052,RINCON_DE_LA_CRUZ,2025,12,20,4.4,16.6,4.0
115052,RINCON_DE_LA_CRUZ,2025,12,21,0.0,17.4,4.0
115052,RINCON_DE_LA_CRUZ,2025,12,22,0.0,18.0,6.2
115052,RINCON_DE_LA_CRUZ,2025,12,23,0.0,17.8,4.8
115052,RINCON_DE_LA_CRUZ,2025,12,24,0.0,17.6,6.6
115052,RINCON_DE_LA_CRUZ,2025,12,25,7.7,17.8,5.2
115052,RINCON_DE_LA_CRUZ,2025,12,26,2.9,12.0,3.8
115052,RINCON_DE_LA_CRUZ,2025,12,27,11.6,14.2,5.2
115052,RINCON_DE_LA_CRUZ,2025,12,28,0.0,15.4,2.2
115052,RINCON_DE_LA_CRUZ,2025,12,29,0.0,17.4,3.6
115052,RINCON_DE_LA_CRUZ,2025,12,30,6.0,17.2,5.4
115052,RINCON_DE_LA_CRUZ,2025,12,31,19.4,17.4,5.4
