CODIGO,ESTACION,YEAR,MONTH,DAY,PP,TMAX,TMIN
115133,LOMAS,2015,05,01,-999,-999,-999
115133,LOMAS,2015,05,02,-999,-999,-999
115133,LOMAS,2015,05,03,-999,-999,-999
115133,LOMAS,2015,05,04,-999,-999,-999
115133,LOMAS,2015,05,05,-999,-999,-999
115133,LOMAS,2015,05,06,-999,-999,-999
115133,LOMAS,2015,05,07,-999,-999,-999
115133,LOMAS,2015,05,08,-999,-999,-999
115133,LOMAS,2015,05,09,-999,-999,-999
115133,LOMAS,2015,05,10,-999,-999,-999
115133,LOMAS,2015,05,11,-999,-999,-999
115133,LOMAS,2015,05,12,-999,-999,-999
115133,LOMAS,2015,05,13,-999,-999,-999
115133,LOMAS,2015,05,14,-999,-999,-999
115133,LOMAS,2015,05,15,-999,-999,-999
115133,LOMAS,2015,05,16,-999,-999,-999
115133,LOMAS,2015,05,17,-999,-999,-999
115133,LOMAS,2015,05,18,-999,-999,-999
115133,LOMAS,2015,05,19,-999,-999,-999
115133,LOMAS,2015,05,20,-999,-999,-999
115133,LOMAS,2015,05,21,-999,-999,-999
115133,LOMAS,2015,05,22,-999,-999,-999
115133,LOMAS,2015,05,23,-999,-999,-999
115133,LOMAS,2015,05,24,-999,-999,-999
115133,LOMAS,2015,05,25,-999,-999,-999
115133,LOMAS,2015,05,26,-999,-999,-999
115133,LOMAS,2015,05,27,-999,-999,-999
115133,LOMAS,2015,05,28,-999,-999,-999
115133,LOMAS,2015,05,29,-999,-999,-999
115133,LOMAS,2015,05,30,-999,-999,-999
115133,LOMAS,2015,05,31,-999,-999,-999
115133,LOMAS,2015,06,01,-999,-999,-999
115133,LOMAS,2015,06,02,-999,-999,-999
115133,LOMAS,2015,06,03,-999,-999,-999
115133,LOMAS,2015,06,04,-999,-999,-999
115133,LOMAS,2015,06,05,-999,-999,-999
115133,LOMAS,2015,06,06,-999,-999,-999
115133,LOMAS,2015,06,07,-999,-999,-999
115133,LOMAS,2015,06,08,-999,-999,-999
115133,LOMAS,2015,06,09,-999,-999,-999
115133,LOMAS,2015,06,10,-999,-999,-999
115133,LOMAS,2015,06,11,-999,-999,-999
115133,LOMAS,2015,06,12,-999,-999,-999
115133,LOMAS,2015,06,13,-999,-999,-999
115133,LOMAS,2015,06,14,-999,-999,-999
115133,LOMAS,2015,06,15,-999,-999,-999
115133,LOMAS,2015,06,16,-999,-999,-999
115133,LOMAS,2015,06,17,-999,-999,-999
115133,LOMAS,2015,06,18,-999,-999,-999
115133,LOMAS,2015,06,19,-999,-999,-999
115133,LOMAS,2015,06,20,-999,-999,-999
115133,LOMAS,2015,06,21,-999,-999,-999
115133,LOMAS,2015,06,22,-999,-999,-999
115133,LOMAS,2015,06,23,-999,-999,-999
115133,LOMAS,2015,06,24,-999,-999,-999
115133,LOMAS,2015,06,25,-999,-999,-999
115133,LOMAS,2015,06,26,-999,-999,-999
115133,LOMAS,2015,06,27,-999,-999,-999
115133,LOMAS,2015,06,28,-999,-999,-999
115133,LOMAS,2015,06,29,-999,-999,-999
115133,LOMAS,2015,06,30,-999,-999,-999
115133,LOMAS,2015,07,01,-999,-999,-999
115133,LOMAS,2015,07,02,-999,-999,-999
115133,LOMAS,2015,07,03,-999,-999,-999
115133,LOMAS,2015,07,04,-999,-999,-999
115133,LOMAS,2015,07,05,-999,-999,-999
115133,LOMAS,2015,07,06,-999,-999,-999
115133,LOMAS,2015,07,07,-999,-999,-999
115133,LOMAS,2015,07,08,-999,-999,-999
115133,LOMAS,2015,07,09,-999,-999,-999
115133,LOMAS,2015,07,10,-999,-999,-999
115133,LOMAS,2015,07,11,-999,-999,-999
115133,LOMAS,2015,07,12,-999,-999,-999
115133,LOMAS,2015,07,13,-999,-999,-999
115133,LOMAS,2015,07,14,-999,-999,-999
115133,LOMAS,2015,07,15,-999,-999,-999
115133,LOMAS,2015,07,16,-999,-999,-999
115133,LOMAS,2015,07,17,-999,-999,-999
115133,LOMAS,2015,07,18,-999,-999,-999
115133,LOMAS,2015,07,19,-999,-999,-999
115133,LOMAS,2015,07,20,-999,-999,-999
115133,LOMAS,2015,07,21,-999,-999,-999
115133,LOMAS,2015,07,22,-999,-999,-999
115133,LOMAS,2015,07,23,-999,-999,-999
115133,LOMAS,2015,07,24,-999,-999,-999
115133,LOMAS,2015,07,25,-999,-999,-999
115133,LOMAS,2015,07,26,-999,-999,-999
115133,LOMAS,2015,07,27,-999,-999,-999
115133,LOMAS,2015,07,28,-999,-999,-999
115133,LOMAS,2015,07,29,-999,-999,-999
115133,LOMAS,2015,07,30,-999,-999,-999
115133,LOMAS,2015,07,31,-999,-999,-999
115133,LOMAS,2015,08,01,-999,-999,-999
115133,LOMAS,2015,08,02,-999,-999,-999
115133,LOMAS,2015,08,03,-999,-999,-999
115133,LOMAS,2015,08,04,-999,-999,-999
115133,LOMAS,2015,08,05,-999,-999,-999
115133,LOMAS,2015,08,06,-999,-999,-999
115133,LOMAS,2015,08,07,-999,-999,-999
115133,LOMAS,2015,08,08,-999,-999,-999
115133,LOMAS,2015,08,09,-999,-999,-999
115133,LOMAS,2015,08,10,-999,-999,-999
115133,LOMAS,2015,08,11,-999,-999,-999
115133,LOMAS,2015,08,12,-999,-999,-999
115133,LOMAS,2015,08,13,-999,-999,-999
115133,LOMAS,2015,08,14,-999,-999,-999
115133,LOMAS,2015,08,15,-999,-999,-999
115133,LOMAS,2015,08,16,-999,-999,-999
115133,LOMAS,2015,08,17,-999,-999,-999
115133,LOMAS,2015,08,18,-999,-999,-999
115133,LOMAS,2015,08,19,-999,-999,-999
115133,LOMAS,2015,08,20,-999,-999,-999
115133,LOMAS,2015,08,21,-999,-999,-999
115133,LOMAS,2015,08,22,-999,-999,-999
115133,LOMAS,2015,08,23,-999,-999,-999
115133,LOMAS,2015,08,24,-999,-999,-999
115133,LOMAS,2015,08,25,-999,-999,-999
115133,LOMAS,2015,08,26,-999,-999,-999
115133,LOMAS,2015,08,27,-999,-999,-999
115133,LOMAS,2015,08,28,-999,-999,-999
115133,LOMAS,2015,08,29,-999,-999,-999
115133,LOMAS,2015,08,30,-999,-999,-999
115133,LOMAS,2015,08,31,-999,-999,-999
115133,LOMAS,2015,09,01,0.0,-999,-999
115133,LOMAS,2015,09,02,0.0,-999,-999
115133,LOMAS,2015,09,03,0.0,-999,-999
115133,LOMAS,2015,09,04,0.0,-999,-999
115133,LOMAS,2015,09,05,0.0,-999,-999
115133,LOMAS,2015,09,06,0.0,-999,-999
115133,LOMAS,2015,09,07,0.0,-999,-999
115133,LOMAS,2015,09,08,0.0,-999,-999
115133,LOMAS,2015,09,09,0.0,-999,-999
115133,LOMAS,2015,09,10,0.0,-999,-999
115133,LOMAS,2015,09,11,0.0,-999,-999
115133,LOMAS,2015,09,12,0.0,-999,-999
115133,LOMAS,2015,09,13,0.0,-999,-999
115133,LOMAS,2015,09,14,0.0,-999,-999
115133,LOMAS,2015,09,15,0.0,-999,-999
115133,LOMAS,2015,09,16,0.0,-999,-999
115133,LOMAS,2015,09,17,0.0,-999,-999
115133,LOMAS,2015,09,18,0.0,-999,-999
115133,LOMAS,2015,09,19,0.0,-999,-999
115133,LOMAS,2015,09,20,0.0,-999,-999
115133,LOMAS,2015,09,21,0.0,-999,-999
115133,LOMAS,2015,09,22,0.0,-999,-999
115133,LOMAS,2015,09,23,-888,-999,-999
115133,LOMAS,2015,09,24,-888,-999,-999
115133,LOMAS,2015,09,25,-888,-999,-999
115133,LOMAS,2015,09,26,0.0,-999,-999
115133,LOMAS,2015,09,27,0.0,-999,-999
115133,LOMAS,2015,09,28,0.0,-999,-999
115133,LOMAS,2015,09,29,0.0,-999,-999
115133,LOMAS,2015,09,30,-888,-999,-999
115133,LOMAS,2015,10,01,0.0,-999,-999
115133,LOMAS,2015,10,02,0.0,-999,-999
115133,LOMAS,2015,10,03,0.0,-999,-999
115133,LOMAS,2015,10,04,0.0,-999,-999
115133,LOMAS,2015,10,05,0.0,-999,-999
115133,LOMAS,2015,10,06,0.0,-999,-999
115133,LOMAS,2015,10,07,0.0,-999,-999
115133,LOMAS,2015,10,08,0.0,-999,-999
115133,LOMAS,2015,10,09,0.0,-999,-999
115133,LOMAS,2015,10,10,0.0,-999,-999
115133,LOMAS,2015,10,11,0.0,-999,-999
115133,LOMAS,2015,10,12,0.0,-999,-999
115133,LOMAS,2015,10,13,0.0,-999,-999
115133,LOMAS,2015,10,14,0.0,-999,-999
115133,LOMAS,2015,10,15,0.0,-999,-999
115133,LOMAS,2015,10,16,0.0,-999,-999
115133,LOMAS,2015,10,17,0.0,-999,-999
115133,LOMAS,2015,10,18,0.0,-999,-999
115133,LOMAS,2015,10,19,0.0,-999,-999
115133,LOMAS,2015,10,20,0.0,-999,-999
115133,LOMAS,2015,10,21,0.0,-999,-999
115133,LOMAS,2015,10,22,0.0,-999,-999
115133,LOMAS,2015,10,23,0.0,-999,-999
115133,LOMAS,2015,10,24,-888,-999,-999
115133,LOMAS,2015,10,25,0.0,-999,-999
115133,LOMAS,2015,10,26,0.0,-999,-999
115133,LOMAS,2015,10,27,0.0,-999,-999
115133,LOMAS,2015,10,28,0.0,-999,-999
115133,LOMAS,2015,10,29,0.0,-999,-999
115133,LOMAS,2015,10,30,0.0,-999,-999
115133,LOMAS,2015,10,31,0.0,-999,-999
115133,LOMAS,2015,11,01,0.0,-999,-999
115133,LOMAS,2015,11,02,0.0,-999,-999
115133,LOMAS,2015,11,03,0.0,-999,-999
115133,LOMAS,2015,11,04,0.0,-999,-999
115133,LOMAS,2015,11,05,0.0,-999,-999
115133,LOMAS,2015,11,06,0.0,-999,-999
115133,LOMAS,2015,11,07,0.0,-999,-999
115133,LOMAS,2015,11,08,0.0,-999,-999
115133,LOMAS,2015,11,09,0.0,-999,-999
115133,LOMAS,2015,11,10,0.0,-999,-999
115133,LOMAS,2015,11,11,0.0,-999,-999
115133,LOMAS,2015,11,12,0.0,-999,-999
115133,LOMAS,2015,11,13,0.0,-999,-999
115133,LOMAS,2015,11,14,0.0,-999,-999
115133,LOMAS,2015,11,15,0.0,-999,-999
115133,LOMAS,2015,11,16,0.0,-999,-999
115133,LOMAS,2015,11,17,0.0,-999,-999
115133,LOMAS,2015,11,18,0.0,-999,-999
115133,LOMAS,2015,11,19,0.0,-999,-999
115133,LOMAS,2015,11,20,0.0,-999,-999
115133,LOMAS,2015,11,21,0.0,-999,-999
115133,LOMAS,2015,11,22,0.0,-999,-999
115133,LOMAS,2015,11,23,0.0,-999,-999
115133,LOMAS,2015,11,24,0.0,-999,-999
115133,LOMAS,2015,11,25,0.0,-999,-999
115133,LOMAS,2015,11,26,0.0,-999,-999
115133,LOMAS,2015,11,27,0.0,-999,-999
115133,LOMAS,2015,11,28,0.0,-999,-999
115133,LOMAS,2015,11,29,0.0,-999,-999
115133,LOMAS,2015,11,30,0.0,-999,-999
115133,LOMAS,2016,01,01,0.0,-999,-999
115133,LOMAS,2016,01,02,0.0,-999,-999
115133,LOMAS,2016,01,03,0.0,-999,-999
115133,LOMAS,2016,01,04,0.0,-999,-999
115133,LOMAS,2016,01,05,0.0,-999,-999
115133,LOMAS,2016,01,06,0.0,-999,-999
115133,LOMAS,2016,01,07,0.0,-999,-999
115133,LOMAS,2016,01,08,0.0,-999,-999
115133,LOMAS,2016,01,09,0.0,-999,-999
115133,LOMAS,2016,01,10,0.0,-999,-999
115133,LOMAS,2016,01,11,0.0,-999,-999
115133,LOMAS,2016,01,12,0.0,-999,-999
115133,LOMAS,2016,01,13,0.0,-999,-999
115133,LOMAS,2016,01,14,0.0,-999,-999
115133,LOMAS,2016,01,15,0.0,-999,-999
115133,LOMAS,2016,01,16,0.0,-999,-999
115133,LOMAS,2016,01,17,0.0,-999,-999
115133,LOMAS,2016,01,18,0.0,-999,-999
115133,LOMAS,2016,01,19,0.0,-999,-999
115133,LOMAS,2016,01,20,0.0,-999,-999
115133,LOMAS,2016,01,21,0.0,-999,-999
115133,LOMAS,2016,01,22,0.0,-999,-999
115133,LOMAS,2016,01,23,0.0,-999,-999
115133,LOMAS,2016,01,24,0.0,-999,-999
115133,LOMAS,2016,01,25,0.0,-999,-999
115133,LOMAS,2016,01,26,0.0,-999,-999
115133,LOMAS,2016,01,27,0.0,-999,-999
115133,LOMAS,2016,01,28,0.0,-999,-999
115133,LOMAS,2016,01,29,0.0,-999,-999
115133,LOMAS,2016,01,30,0.0,-999,-999
115133,LOMAS,2016,01,31,0.0,-999,-999
115133,LOMAS,2016,02,01,0.0,-999,-999
115133,LOMAS,2016,02,02,0.0,-999,-999
115133,LOMAS,2016,02,03,0.0,-999,-999
115133,LOMAS,2016,02,04,0.0,-999,-999
115133,LOMAS,2016,02,05,0.0,-999,-999
115133,LOMAS,2016,02,06,0.0,-999,-999
115133,LOMAS,2016,02,07,0.0,-999,-999
115133,LOMAS,2016,02,08,0.0,-999,-999
115133,LOMAS,2016,02,09,0.0,-999,-999
115133,LOMAS,2016,02,10,0.0,-999,-999
115133,LOMAS,2016,02,11,0.0,-999,-999
115133,LOMAS,2016,02,12,0.0,-999,-999
115133,LOMAS,2016,02,13,0.0,-999,-999
115133,LOMAS,2016,02,14,0.0,-999,-999
115133,LOMAS,2016,02,15,0.0,-999,-999
115133,LOMAS,2016,02,16,0.0,-999,-999
115133,LOMAS,2016,02,17,0.0,-999,-999
115133,LOMAS,2016,02,18,0.0,-999,-999
115133,LOMAS,2016,02,19,0.0,-999,-999
115133,LOMAS,2016,02,20,0.0,-999,-999
115133,LOMAS,2016,02,21,0.0,-999,-999
115133,LOMAS,2016,02,22,0.0,-999,-999
115133,LOMAS,2016,02,23,0.7,-999,-999
115133,LOMAS,2016,02,24,0.0,-999,-999
115133,LOMAS,2016,02,25,0.0,-999,-999
115133,LOMAS,2016,02,26,0.0,-999,-999
115133,LOMAS,2016,02,27,0.0,-999,-999
115133,LOMAS,2016,02,28,0.0,-999,-999
115133,LOMAS,2016,02,29,0.0,-999,-999
115133,LOMAS,2016,03,01,0.0,-999,-999
115133,LOMAS,2016,03,02,0.0,-999,-999
115133,LOMAS,2016,03,03,0.0,-999,-999
115133,LOMAS,2016,03,04,0.0,-999,-999
115133,LOMAS,2016,03,05,0.0,-999,-999
115133,LOMAS,2016,03,06,0.0,-999,-999
115133,LOMAS,2016,03,07,0.0,-999,-999
115133,LOMAS,2016,03,08,0.0,-999,-999
115133,LOMAS,2016,03,09,0.0,-999,-999
115133,LOMAS,2016,03,10,0.0,-999,-999
115133,LOMAS,2016,03,11,0.0,-999,-999
115133,LOMAS,2016,03,12,0.0,-999,-999
115133,LOMAS,2016,03,13,0.0,-999,-999
115133,LOMAS,2016,03,14,0.0,-999,-999
115133,LOMAS,2016,03,15,-888,-999,-999
115133,LOMAS,2016,03,16,-888,-999,-999
115133,LOMAS,2016,03,17,0.0,-999,-999
115133,LOMAS,2016,03,18,0.0,-999,-999
115133,LOMAS,2016,03,19,0.0,-999,-999
115133,LOMAS,2016,03,20,0.0,-999,-999
115133,LOMAS,2016,03,21,-888,-999,-999
115133,LOMAS,2016,03,22,-888,-999,-999
115133,LOMAS,2016,03,23,-888,-999,-999
115133,LOMAS,2016,03,24,0.0,-999,-999
115133,LOMAS,2016,03,25,-888,-999,-999
115133,LOMAS,2016,03,26,0.0,-999,-999
115133,LOMAS,2016,03,27,0.0,-999,-999
115133,LOMAS,2016,03,28,-888,-999,-999
115133,LOMAS,2016,03,29,-888,-999,-999
115133,LOMAS,2016,03,30,0.0,-999,-999
115133,LOMAS,2016,03,31,0.0,-999,-999
115133,LOMAS,2016,04,01,0.0,-999,-999
115133,LOMAS,2016,04,02,0.0,-999,-999
115133,LOMAS,2016,04,03,0.0,-999,-999
115133,LOMAS,2016,04,04,0.0,-999,-999
115133,LOMAS,2016,04,05,0.0,-999,-999
115133,LOMAS,2016,04,06,0.0,-999,-999
115133,LOMAS,2016,04,07,0.0,-999,-999
115133,LOMAS,2016,04,08,0.0,-999,-999
115133,LOMAS,2016,04,09,0.0,-999,-999
115133,LOMAS,2016,04,10,0.0,-999,-999
115133,LOMAS,2016,04,11,0.0,-999,-999
115133,LOMAS,2016,04,12,0.0,-999,-999
115133,LOMAS,2016,04,13,0.0,-999,-999
115133,LOMAS,2016,04,14,0.0,-999,-999
115133,LOMAS,2016,04,15,0.0,-999,-999
115133,LOMAS,2016,04,16,0.0,-999,-999
115133,LOMAS,2016,04,17,0.0,-999,-999
115133,LOMAS,2016,04,18,0.0,-999,-999
115133,LOMAS,2016,04,19,0.0,-999,-999
115133,LOMAS,2016,04,20,0.0,-999,-999
115133,LOMAS,2016,04,21,0.0,-999,-999
115133,LOMAS,2016,04,22,0.0,-999,-999
115133,LOMAS,2016,04,23,0.0,-999,-999
115133,LOMAS,2016,04,24,0.0,-999,-999
115133,LOMAS,2016,04,25,0.0,-999,-999
115133,LOMAS,2016,04,26,0.0,-999,-999
115133,LOMAS,2016,04,27,0.0,-999,-999
115133,LOMAS,2016,04,28,0.0,-999,-999
115133,LOMAS,2016,04,29,0.0,-999,-999
115133,LOMAS,2016,04,30,0.0,-999,-999
115133,LOMAS,2016,05,01,0.0,-999,-999
115133,LOMAS,2016,05,02,0.0,-999,-999
115133,LOMAS,2016,05,03,0.0,-999,-999
115133,LOMAS,2016,05,04,0.0,-999,-999
115133,LOMAS,2016,05,05,0.0,-999,-999
115133,LOMAS,2016,05,06,0.0,-999,-999
115133,LOMAS,2016,05,07,0.0,-999,-999
115133,LOMAS,2016,05,08,0.0,-999,-999
115133,LOMAS,2016,05,09,0.0,-999,-999
115133,LOMAS,2016,05,10,0.0,-999,-999
115133,LOMAS,2016,05,11,0.0,-999,-999
115133,LOMAS,2016,05,12,0.0,-999,-999
115133,LOMAS,2016,05,13,0.0,-999,-999
115133,LOMAS,2016,05,14,0.0,-999,-999
115133,LOMAS,2016,05,15,0.0,-999,-999
115133,LOMAS,2016,05,16,0.0,-999,-999
115133,LOMAS,2016,05,17,0.0,-999,-999
115133,LOMAS,2016,05,18,0.0,-999,-999
115133,LOMAS,2016,05,19,0.0,-999,-999
115133,LOMAS,2016,05,20,0.0,-999,-999
115133,LOMAS,2016,05,21,0.0,-999,-999
115133,LOMAS,2016,05,22,0.0,-999,-999
115133,LOMAS,2016,05,23,0.0,-999,-999
115133,LOMAS,2016,05,24,0.0,-999,-999
115133,LOMAS,2016,05,25,0.0,-999,-999
115133,LOMAS,2016,05,26,0.0,-999,-999
115133,LOMAS,2016,05,27,0.0,-999,-999
115133,LOMAS,2016,05,28,0.0,-999,-999
115133,LOMAS,2016,05,29,0.0,-999,-999
115133,LOMAS,2016,05,30,0.0,-999,-999
115133,LOMAS,2016,05,31,0.0,-999,-999
115133,LOMAS,2016,06,01,0.0,-999,-999
115133,LOMAS,2016,06,02,0.0,-999,-999
115133,LOMAS,2016,06,03,0.0,-999,-999
115133,LOMAS,2016,06,04,0.0,-999,-999
115133,LOMAS,2016,06,05,0.0,-999,-999
115133,LOMAS,2016,06,06,0.0,-999,-999
115133,LOMAS,2016,06,07,0.0,-999,-999
115133,LOMAS,2016,06,08,0.0,-999,-999
115133,LOMAS,2016,06,09,0.0,-999,-999
115133,LOMAS,2016,06,10,0.0,-999,-999
115133,LOMAS,2016,06,11,0.0,-999,-999
115133,LOMAS,2016,06,12,0.0,-999,-999
115133,LOMAS,2016,06,13,0.0,-999,-999
115133,LOMAS,2016,06,14,0.0,-999,-999
115133,LOMAS,2016,06,15,0.0,-999,-999
115133,LOMAS,2016,06,16,0.0,-999,-999
115133,LOMAS,2016,06,17,0.0,-999,-999
115133,LOMAS,2016,06,18,0.0,-999,-999
115133,LOMAS,2016,06,19,0.0,-999,-999
115133,LOMAS,2016,06,20,0.0,-999,-999
115133,LOMAS,2016,06,21,0.0,-999,-999
115133,LOMAS,2016,06,22,0.0,-999,-999
115133,LOMAS,2016,06,23,0.0,-999,-999
115133,LOMAS,2016,06,24,0.0,-999,-999
115133,LOMAS,2016,06,25,0.0,-999,-999
115133,LOMAS,2016,06,26,0.0,-999,-999
115133,LOMAS,2016,06,27,0.0,-999,-999
115133,LOMAS,2016,06,28,0.0,-999,-999
115133,LOMAS,2016,06,29,0.0,-999,-999
115133,LOMAS,2016,06,30,0.0,-999,-999
115133,LOMAS,2016,07,01,0.0,-999,-999
115133,LOMAS,2016,07,02,0.0,-999,-999
115133,LOMAS,2016,07,03,0.0,-999,-999
115133,LOMAS,2016,07,04,0.0,-999,-999
115133,LOMAS,2016,07,05,0.0,-999,-999
115133,LOMAS,2016,07,06,0.0,-999,-999
115133,LOMAS,2016,07,07,0.0,-999,-999
115133,LOMAS,2016,07,08,0.0,-999,-999
115133,LOMAS,2016,07,09,0.0,-999,-999
115133,LOMAS,2016,07,10,0.0,-999,-999
115133,LOMAS,2016,07,11,0.0,-999,-999
115133,LOMAS,2016,07,12,0.0,-999,-999
115133,LOMAS,2016,07,13,0.0,-999,-999
115133,LOMAS,2016,07,14,0.0,-999,-999
115133,LOMAS,2016,07,15,0.0,-999,-999
115133,LOMAS,2016,07,16,0.0,-999,-999
115133,LOMAS,2016,07,17,0.0,-999,-999
115133,LOMAS,2016,07,18,0.0,-999,-999
115133,LOMAS,2016,07,19,0.0,-999,-999
115133,LOMAS,2016,07,20,0.0,-999,-999
115133,LOMAS,2016,07,21,0.0,-999,-999
115133,LOMAS,2016,07,22,0.0,-999,-999
115133,LOMAS,2016,07,23,0.0,-999,-999
115133,LOMAS,2016,07,24,0.0,-999,-999
115133,LOMAS,2016,07,25,0.0,-999,-999
115133,LOMAS,2016,07,26,0.0,-999,-999
115133,LOMAS,2016,07,27,0.0,-999,-999
115133,LOMAS,2016,07,28,0.0,-999,-999
115133,LOMAS,2016,07,29,0.0,-999,-999
115133,LOMAS,2016,07,30,0.0,-999,-999
115133,LOMAS,2016,07,31,0.0,-999,-999
115133,LOMAS,2016,08,01,0.0,-999,-999
115133,LOMAS,2016,08,02,0.0,-999,-999
115133,LOMAS,2016,08,03,0.0,-999,-999
115133,LOMAS,2016,08,04,0.0,-999,-999
115133,LOMAS,2016,08,05,0.0,-999,-999
115133,LOMAS,2016,08,06,0.0,-999,-999
115133,LOMAS,2016,08,07,0.0,-999,-999
115133,LOMAS,2016,08,08,0.0,-999,-999
115133,LOMAS,2016,08,09,0.0,-999,-999
115133,LOMAS,2016,08,10,0.0,-999,-999
115133,LOMAS,2016,08,11,0.0,-999,-999
115133,LOMAS,2016,08,12,0.0,-999,-999
115133,LOMAS,2016,08,13,0.0,-999,-999
115133,LOMAS,2016,08,14,0.0,-999,-999
115133,LOMAS,2016,08,15,0.0,-999,-999
115133,LOMAS,2016,08,16,0.0,-999,-999
115133,LOMAS,2016,08,17,0.0,-999,-999
115133,LOMAS,2016,08,18,0.0,-999,-999
115133,LOMAS,2016,08,19,0.0,-999,-999
115133,LOMAS,2016,08,20,0.0,-999,-999
115133,LOMAS,2016,08,21,0.0,-999,-999
115133,LOMAS,2016,08,22,0.0,-999,-999
115133,LOMAS,2016,08,23,0.0,-999,-999
115133,LOMAS,2016,08,24,0.0,-999,-999
115133,LOMAS,2016,08,25,0.0,-999,-999
115133,LOMAS,2016,08,26,0.0,-999,-999
115133,LOMAS,2016,08,27,0.0,-999,-999
115133,LOMAS,2016,08,28,0.0,-999,-999
115133,LOMAS,2016,08,29,0.0,-999,-999
115133,LOMAS,2016,08,30,0.0,-999,-999
115133,LOMAS,2016,08,31,0.0,-999,-999
115133,LOMAS,2016,09,01,0.0,-999,-999
115133,LOMAS,2016,09,02,0.0,-999,-999
115133,LOMAS,2016,09,03,0.0,-999,-999
115133,LOMAS,2016,09,04,0.0,-999,-999
115133,LOMAS,2016,09,05,0.0,-999,-999
115133,LOMAS,2016,09,06,0.0,-999,-999
115133,LOMAS,2016,09,07,0.0,-999,-999
115133,LOMAS,2016,09,08,0.0,-999,-999
115133,LOMAS,2016,09,09,0.0,-999,-999
115133,LOMAS,2016,09,10,0.0,-999,-999
115133,LOMAS,2016,09,11,0.0,-999,-999
115133,LOMAS,2016,09,12,0.0,-999,-999
115133,LOMAS,2016,09,13,0.0,-999,-999
115133,LOMAS,2016,09,14,0.0,-999,-999
115133,LOMAS,2016,09,15,0.0,-999,-999
115133,LOMAS,2016,09,16,0.0,-999,-999
115133,LOMAS,2016,09,17,0.0,-999,-999
115133,LOMAS,2016,09,18,0.0,-999,-999
115133,LOMAS,2016,09,19,0.0,-999,-999
115133,LOMAS,2016,09,20,0.0,-999,-999
115133,LOMAS,2016,09,21,0.0,-999,-999
115133,LOMAS,2016,09,22,0.0,-999,-999
115133,LOMAS,2016,09,23,0.0,-999,-999
115133,LOMAS,2016,09,24,0.0,-999,-999
115133,LOMAS,2016,09,25,0.0,-999,-999
115133,LOMAS,2016,09,26,0.0,-999,-999
115133,LOMAS,2016,09,27,0.0,-999,-999
115133,LOMAS,2016,09,28,0.0,-999,-999
115133,LOMAS,2016,09,29,0.0,-999,-999
115133,LOMAS,2016,09,30,0.0,-999,-999
115133,LOMAS,2016,10,01,0.0,-999,-999
115133,LOMAS,2016,10,02,0.0,-999,-999
115133,LOMAS,2016,10,03,0.0,-999,-999
115133,LOMAS,2016,10,04,0.0,-999,-999
115133,LOMAS,2016,10,05,0.0,-999,-999
115133,LOMAS,2016,10,06,0.0,-999,-999
115133,LOMAS,2016,10,07,0.0,-999,-999
115133,LOMAS,2016,10,08,0.0,-999,-999
115133,LOMAS,2016,10,09,0.0,-999,-999
115133,LOMAS,2016,10,10,0.0,-999,-999
115133,LOMAS,2016,10,11,0.0,-999,-999
115133,LOMAS,2016,10,12,0.0,-999,-999
115133,LOMAS,2016,10,13,0.0,-999,-999
115133,LOMAS,2016,10,14,0.0,-999,-999
115133,LOMAS,2016,10,15,0.0,-999,-999
115133,LOMAS,2016,10,16,0.0,-999,-999
115133,LOMAS,2016,10,17,0.0,-999,-999
115133,LOMAS,2016,10,18,0.0,-999,-999
115133,LOMAS,2016,10,19,0.0,-999,-999
115133,LOMAS,2016,10,20,0.0,-999,-999
115133,LOMAS,2016,10,21,0.0,-999,-999
115133,LOMAS,2016,10,22,0.0,-999,-999
115133,LOMAS,2016,10,23,0.0,-999,-999
115133,LOMAS,2016,10,24,0.0,-999,-999
115133,LOMAS,2016,10,25,0.0,-999,-999
115133,LOMAS,2016,10,26,0.0,-999,-999
115133,LOMAS,2016,10,27,0.0,-999,-999
115133,LOMAS,2016,10,28,0.0,-999,-999
115133,LOMAS,2016,10,29,0.0,-999,-999
115133,LOMAS,2016,10,30,0.0,-999,-999
115133,LOMAS,2016,10,31,0.0,-999,-999
115133,LOMAS,2016,11,01,0.0,-999,-999
115133,LOMAS,2016,11,02,0.0,-999,-999
115133,LOMAS,2016,11,03,0.0,-999,-999
115133,LOMAS,2016,11,04,0.0,-999,-999
115133,LOMAS,2016,11,05,0.0,-999,-999
115133,LOMAS,2016,11,06,0.0,-999,-999
115133,LOMAS,2016,11,07,0.0,-999,-999
115133,LOMAS,2016,11,08,0.0,-999,-999
115133,LOMAS,2016,11,09,0.0,-999,-999
115133,LOMAS,2016,11,10,0.0,-999,-999
115133,LOMAS,2016,11,11,0.0,-999,-999
115133,LOMAS,2016,11,12,0.0,-999,-999
115133,LOMAS,2016,11,13,0.0,-999,-999
115133,LOMAS,2016,11,14,0.0,-999,-999
115133,LOMAS,2016,11,15,0.0,-999,-999
115133,LOMAS,2016,11,16,0.0,-999,-999
115133,LOMAS,2016,11,17,0.0,-999,-999
115133,LOMAS,2016,11,18,0.0,-999,-999
115133,LOMAS,2016,11,19,0.0,-999,-999
115133,LOMAS,2016,11,20,0.0,-999,-999
115133,LOMAS,2016,11,21,0.0,-999,-999
115133,LOMAS,2016,11,22,0.0,-999,-999
115133,LOMAS,2016,11,23,0.0,-999,-999
115133,LOMAS,2016,11,24,0.0,-999,-999
115133,LOMAS,2016,11,25,0.0,-999,-999
115133,LOMAS,2016,11,26,0.0,-999,-999
115133,LOMAS,2016,11,27,0.0,-999,-999
115133,LOMAS,2016,11,28,0.0,-999,-999
115133,LOMAS,2016,11,29,0.0,-999,-999
115133,LOMAS,2016,11,30,0.0,-999,-999
115133,LOMAS,2016,12,01,0.0,-999,-999
115133,LOMAS,2016,12,02,0.0,-999,-999
115133,LOMAS,2016,12,03,0.0,-999,-999
115133,LOMAS,2016,12,04,0.0,-999,-999
115133,LOMAS,2016,12,05,0.0,-999,-999
115133,LOMAS,2016,12,06,0.0,-999,-999
115133,LOMAS,2016,12,07,0.0,-999,-999
115133,LOMAS,2016,12,08,0.0,-999,-999
115133,LOMAS,2016,12,09,0.0,-999,-999
115133,LOMAS,2016,12,10,0.0,-999,-999
115133,LOMAS,2016,12,11,0.0,-999,-999
115133,LOMAS,2016,12,12,0.0,-999,-999
115133,LOMAS,2016,12,13,0.0,-999,-999
115133,LOMAS,2016,12,14,0.0,-999,-999
115133,LOMAS,2016,12,15,0.0,-999,-999
115133,LOMAS,2016,12,16,0.0,-999,-999
115133,LOMAS,2016,12,17,0.0,-999,-999
115133,LOMAS,2016,12,18,0.0,-999,-999
115133,LOMAS,2016,12,19,0.0,-999,-999
115133,LOMAS,2016,12,20,0.0,-999,-999
115133,LOMAS,2016,12,21,0.0,-999,-999
115133,LOMAS,2016,12,22,0.0,-999,-999
115133,LOMAS,2016,12,23,0.0,-999,-999
115133,LOMAS,2016,12,24,0.0,-999,-999
115133,LOMAS,2016,12,25,0.0,-999,-999
115133,LOMAS,2016,12,26,0.0,-999,-999
115133,LOMAS,2016,12,27,0.0,-999,-999
115133,LOMAS,2016,12,28,0.0,-999,-999
115133,LOMAS,2016,12,29,0.0,-999,-999
115133,LOMAS,2016,12,30,0.0,-999,-999
115133,LOMAS,2016,12,31,0.0,-999,-999
115133,LOMAS,2017,01,01,0.0,-999,-999
115133,LOMAS,2017,01,02,0.0,-999,-999
115133,LOMAS,2017,01,03,0.0,-999,-999
115133,LOMAS,2017,01,04,0.0,-999,-999
115133,LOMAS,2017,01,05,0.0,-999,-999
115133,LOMAS,2017,01,06,0.0,-999,-999
115133,LOMAS,2017,01,07,0.0,-999,-999
115133,LOMAS,2017,01,08,0.0,-999,-999
115133,LOMAS,2017,01,09,0.0,-999,-999
115133,LOMAS,2017,01,10,0.0,-999,-999
115133,LOMAS,2017,01,11,0.0,-999,-999
115133,LOMAS,2017,01,12,0.0,-999,-999
115133,LOMAS,2017,01,13,0.0,-999,-999
115133,LOMAS,2017,01,14,0.0,-999,-999
115133,LOMAS,2017,01,15,0.0,-999,-999
115133,LOMAS,2017,01,16,0.0,-999,-999
115133,LOMAS,2017,01,17,0.0,-999,-999
115133,LOMAS,2017,01,18,0.0,-999,-999
115133,LOMAS,2017,01,19,0.0,-999,-999
115133,LOMAS,2017,01,20,0.0,-999,-999
115133,LOMAS,2017,01,21,0.0,-999,-999
115133,LOMAS,2017,01,22,0.0,-999,-999
115133,LOMAS,2017,01,23,0.0,-999,-999
115133,LOMAS,2017,01,24,0.0,-999,-999
115133,LOMAS,2017,01,25,0.0,-999,-999
115133,LOMAS,2017,01,26,0.0,-999,-999
115133,LOMAS,2017,01,27,0.0,-999,-999
115133,LOMAS,2017,01,28,0.0,-999,-999
115133,LOMAS,2017,01,29,0.0,-999,-999
115133,LOMAS,2017,01,30,0.0,-999,-999
115133,LOMAS,2017,01,31,0.0,-999,-999
115133,LOMAS,2017,02,01,0.0,-999,-999
115133,LOMAS,2017,02,02,0.0,-999,-999
115133,LOMAS,2017,02,03,0.0,-999,-999
115133,LOMAS,2017,02,04,0.0,-999,-999
115133,LOMAS,2017,02,05,0.0,-999,-999
115133,LOMAS,2017,02,06,0.0,-999,-999
115133,LOMAS,2017,02,07,0.0,-999,-999
115133,LOMAS,2017,02,08,0.0,-999,-999
115133,LOMAS,2017,02,09,0.0,-999,-999
115133,LOMAS,2017,02,10,0.0,-999,-999
115133,LOMAS,2017,02,11,0.0,-999,-999
115133,LOMAS,2017,02,12,0.0,-999,-999
115133,LOMAS,2017,02,13,0.0,-999,-999
115133,LOMAS,2017,02,14,0.0,-999,-999
115133,LOMAS,2017,02,15,0.0,-999,-999
115133,LOMAS,2017,02,16,0.0,-999,-999
115133,LOMAS,2017,02,17,0.0,-999,-999
115133,LOMAS,2017,02,18,0.0,-999,-999
115133,LOMAS,2017,02,19,0.0,-999,-999
115133,LOMAS,2017,02,20,0.0,-999,-999
115133,LOMAS,2017,02,21,0.0,-999,-999
115133,LOMAS,2017,02,22,0.0,-999,-999
115133,LOMAS,2017,02,23,0.0,-999,-999
115133,LOMAS,2017,02,24,0.0,-999,-999
115133,LOMAS,2017,02,25,0.0,-999,-999
115133,LOMAS,2017,02,26,0.0,-999,-999
115133,LOMAS,2017,02,27,0.0,-999,-999
115133,LOMAS,2017,02,28,0.0,-999,-999
115133,LOMAS,2017,03,01,0.0,-999,-999
115133,LOMAS,2017,03,02,0.0,-999,-999
115133,LOMAS,2017,03,03,0.0,-999,-999
115133,LOMAS,2017,03,04,0.0,-999,-999
115133,LOMAS,2017,03,05,0.0,-999,-999
115133,LOMAS,2017,03,06,0.0,-999,-999
115133,LOMAS,2017,03,07,0.0,-999,-999
115133,LOMAS,2017,03,08,0.0,-999,-999
115133,LOMAS,2017,03,09,0.0,-999,-999
115133,LOMAS,2017,03,10,0.0,-999,-999
115133,LOMAS,2017,03,11,0.0,-999,-999
115133,LOMAS,2017,03,12,0.0,-999,-999
115133,LOMAS,2017,03,13,0.0,-999,-999
115133,LOMAS,2017,03,14,0.0,-999,-999
115133,LOMAS,2017,03,15,0.0,-999,-999
115133,LOMAS,2017,03,16,0.0,-999,-999
115133,LOMAS,2017,03,17,0.0,-999,-999
115133,LOMAS,2017,03,18,0.0,-999,-999
115133,LOMAS,2017,03,19,0.0,-999,-999
115133,LOMAS,2017,03,20,0.0,-999,-999
115133,LOMAS,2017,03,21,0.0,-999,-999
115133,LOMAS,2017,03,22,0.0,-999,-999
115133,LOMAS,2017,03,23,0.0,-999,-999
115133,LOMAS,2017,03,24,0.0,-999,-999
115133,LOMAS,2017,03,25,0.0,-999,-999
115133,LOMAS,2017,03,26,0.0,-999,-999
115133,LOMAS,2017,03,27,0.0,-999,-999
115133,LOMAS,2017,03,28,0.0,-999,-999
115133,LOMAS,2017,03,29,0.0,-999,-999
115133,LOMAS,2017,03,30,0.0,-999,-999
115133,LOMAS,2017,03,31,0.0,-999,-999
115133,LOMAS,2017,04,01,0.0,-999,-999
115133,LOMAS,2017,04,02,0.0,-999,-999
115133,LOMAS,2017,04,03,0.0,-999,-999
115133,LOMAS,2017,04,04,0.0,-999,-999
115133,LOMAS,2017,04,05,0.0,-999,-999
115133,LOMAS,2017,04,06,0.0,-999,-999
115133,LOMAS,2017,04,07,0.0,-999,-999
115133,LOMAS,2017,04,08,0.0,-999,-999
115133,LOMAS,2017,04,09,0.0,-999,-999
115133,LOMAS,2017,04,10,0.0,-999,-999
115133,LOMAS,2017,04,11,0.0,-999,-999
115133,LOMAS,2017,04,12,0.0,-999,-999
115133,LOMAS,2017,04,13,0.0,-999,-999
115133,LOMAS,2017,04,14,0.0,-999,-999
115133,LOMAS,2017,04,15,0.0,-999,-999
115133,LOMAS,2017,04,16,0.0,-999,-999
115133,LOMAS,2017,04,17,0.0,-999,-999
115133,LOMAS,2017,04,18,0.0,-999,-999
115133,LOMAS,2017,04,19,0.0,-999,-999
115133,LOMAS,2017,04,20,0.0,-999,-999
115133,LOMAS,2017,04,21,0.0,-999,-999
115133,LOMAS,2017,04,22,0.0,-999,-999
115133,LOMAS,2017,04,23,0.0,-999,-999
115133,LOMAS,2017,04,24,0.0,-999,-999
115133,LOMAS,2017,04,25,0.0,-999,-999
115133,LOMAS,2017,04,26,0.0,-999,-999
115133,LOMAS,2017,04,27,0.0,-999,-999
115133,LOMAS,2017,04,28,0.0,-999,-999
115133,LOMAS,2017,04,29,0.0,-999,-999
115133,LOMAS,2017,04,30,0.0,-999,-999
115133,LOMAS,2018,09,01,0.0,-999,-999
115133,LOMAS,2018,09,02,0.0,-999,-999
115133,LOMAS,2018,09,03,0.0,-999,-999
115133,LOMAS,2018,09,04,0.0,-999,-999
115133,LOMAS,2018,09,05,0.0,-999,-999
115133,LOMAS,2018,09,06,0.0,-999,-999
115133,LOMAS,2018,09,07,0.0,-999,-999
115133,LOMAS,2018,09,08,0.0,-999,-999
115133,LOMAS,2018,09,09,0.0,-999,-999
115133,LOMAS,2018,09,10,0.0,-999,-999
115133,LOMAS,2018,09,11,0.0,-999,-999
115133,LOMAS,2018,09,12,0.0,-999,-999
115133,LOMAS,2018,09,13,0.0,-999,-999
115133,LOMAS,2018,09,14,0.0,-999,-999
115133,LOMAS,2018,09,15,0.0,-999,-999
115133,LOMAS,2018,09,16,0.0,-999,-999
115133,LOMAS,2018,09,17,0.0,-999,-999
115133,LOMAS,2018,09,18,0.0,-999,-999
115133,LOMAS,2018,09,19,0.0,-999,-999
115133,LOMAS,2018,09,20,0.0,-999,-999
115133,LOMAS,2018,09,21,0.0,-999,-999
115133,LOMAS,2018,09,22,0.0,-999,-999
115133,LOMAS,2018,09,23,0.0,-999,-999
115133,LOMAS,2018,09,24,0.0,-999,-999
115133,LOMAS,2018,09,25,0.0,-999,-999
115133,LOMAS,2018,09,26,0.0,-999,-999
115133,LOMAS,2018,09,27,0.0,-999,-999
115133,LOMAS,2018,09,28,0.0,-999,-999
115133,LOMAS,2018,09,29,0.0,-999,-999
115133,LOMAS,2018,09,30,0.0,-999,-999
115133,LOMAS,2018,10,01,0.0,-999,-999
115133,LOMAS,2018,10,02,0.0,-999,-999
115133,LOMAS,2018,10,03,0.0,-999,-999
115133,LOMAS,2018,10,04,-888,-999,-999
115133,LOMAS,2018,10,05,-888,-999,-999
115133,LOMAS,2018,10,06,-888,-999,-999
115133,LOMAS,2018,10,07,0.0,-999,-999
115133,LOMAS,2018,10,08,0.0,-999,-999
115133,LOMAS,2018,10,09,0.0,-999,-999
115133,LOMAS,2018,10,10,0.0,-999,-999
115133,LOMAS,2018,10,11,0.0,-999,-999
115133,LOMAS,2018,10,12,0.1,-999,-999
115133,LOMAS,2018,10,13,-888,-999,-999
115133,LOMAS,2018,10,14,-888,-999,-999
115133,LOMAS,2018,10,15,0.0,-999,-999
115133,LOMAS,2018,10,16,0.0,-999,-999
115133,LOMAS,2018,10,17,0.0,-999,-999
115133,LOMAS,2018,10,18,0.0,-999,-999
115133,LOMAS,2018,10,19,0.0,-999,-999
115133,LOMAS,2018,10,20,0.0,-999,-999
115133,LOMAS,2018,10,21,0.0,-999,-999
115133,LOMAS,2018,10,22,0.0,-999,-999
115133,LOMAS,2018,10,23,0.0,-999,-999
115133,LOMAS,2018,10,24,0.0,-999,-999
115133,LOMAS,2018,10,25,0.0,-999,-999
115133,LOMAS,2018,10,26,0.0,-999,-999
115133,LOMAS,2018,10,27,0.0,-999,-999
115133,LOMAS,2018,10,28,0.0,-999,-999
115133,LOMAS,2018,10,29,0.0,-999,-999
115133,LOMAS,2018,10,30,0.0,-999,-999
115133,LOMAS,2018,10,31,0.0,-999,-999
115133,LOMAS,2018,11,01,0.0,-999,-999
115133,LOMAS,2018,11,02,0.0,-999,-999
115133,LOMAS,2018,11,03,0.0,-999,-999
115133,LOMAS,2018,11,04,0.0,-999,-999
115133,LOMAS,2018,11,05,0.0,-999,-999
115133,LOMAS,2018,11,06,0.0,-999,-999
115133,LOMAS,2018,11,07,0.0,-999,-999
115133,LOMAS,2018,11,08,0.0,-999,-999
115133,LOMAS,2018,11,09,0.0,-999,-999
115133,LOMAS,2018,11,10,0.0,-999,-999
115133,LOMAS,2018,11,11,0.0,-999,-999
115133,LOMAS,2018,11,12,0.0,-999,-999
115133,LOMAS,2018,11,13,0.0,-999,-999
115133,LOMAS,2018,11,14,0.0,-999,-999
115133,LOMAS,2018,11,15,0.0,-999,-999
115133,LOMAS,2018,11,16,0.0,-999,-999
115133,LOMAS,2018,11,17,0.0,-999,-999
115133,LOMAS,2018,11,18,0.0,-999,-999
115133,LOMAS,2018,11,19,0.0,-999,-999
115133,LOMAS,2018,11,20,0.0,-999,-999
115133,LOMAS,2018,11,21,0.0,-999,-999
115133,LOMAS,2018,11,22,0.0,-999,-999
115133,LOMAS,2018,11,23,0.0,-999,-999
115133,LOMAS,2018,11,24,0.0,-999,-999
115133,LOMAS,2018,11,25,0.0,-999,-999
115133,LOMAS,2018,11,26,0.0,-999,-999
115133,LOMAS,2018,11,27,0.0,-999,-999
115133,LOMAS,2018,11,28,0.0,-999,-999
115133,LOMAS,2018,11,29,0.0,-999,-999
115133,LOMAS,2018,11,30,0.0,-999,-999
115133,LOMAS,2018,12,01,0.0,-999,-999
115133,LOMAS,2018,12,02,0.0,-999,-999
115133,LOMAS,2018,12,03,0.0,-999,-999
115133,LOMAS,2018,12,04,0.0,-999,-999
115133,LOMAS,2018,12,05,0.0,-999,-999
115133,LOMAS,2018,12,06,0.0,-999,-999
115133,LOMAS,2018,12,07,0.0,-999,-999
115133,LOMAS,2018,12,08,0.0,-999,-999
115133,LOMAS,2018,12,09,0.0,-999,-999
115133,LOMAS,2018,12,10,0.0,-999,-999
115133,LOMAS,2018,12,11,0.0,-999,-999
115133,LOMAS,2018,12,12,0.0,-999,-999
115133,LOMAS,2018,12,13,0.0,-999,-999
115133,LOMAS,2018,12,14,0.0,-999,-999
115133,LOMAS,2018,12,15,0.0,-999,-999
115133,LOMAS,2018,12,16,0.0,-999,-999
115133,LOMAS,2018,12,17,0.0,-999,-999
115133,LOMAS,2018,12,18,0.0,-999,-999
115133,LOMAS,2018,12,19,0.0,-999,-999
115133,LOMAS,2018,12,20,0.0,-999,-999
115133,LOMAS,2018,12,21,0.0,-999,-999
115133,LOMAS,2018,12,22,0.0,-999,-999
115133,LOMAS,2018,12,23,0.0,-999,-999
115133,LOMAS,2018,12,24,0.0,-999,-999
115133,LOMAS,2018,12,25,0.0,-999,-999
115133,LOMAS,2018,12,26,0.0,-999,-999
115133,LOMAS,2018,12,27,0.0,-999,-999
115133,LOMAS,2018,12,28,0.0,-999,-999
115133,LOMAS,2018,12,29,0.0,-999,-999
115133,LOMAS,2018,12,30,0.0,-999,-999
115133,LOMAS,2018,12,31,0.0,-999,-999
115133,LOMAS,2019,01,01,-888,-999,-999
115133,LOMAS,2019,01,02,-888,-999,-999
115133,LOMAS,2019,01,03,0.0,-999,-999
115133,LOMAS,2019,01,04,0.0,-999,-999
115133,LOMAS,2019,01,05,0.0,-999,-999
115133,LOMAS,2019,01,06,0.0,-999,-999
115133,LOMAS,2019,01,07,0.0,-999,-999
115133,LOMAS,2019,01,08,0.0,-999,-999
115133,LOMAS,2019,01,09,0.0,-999,-999
115133,LOMAS,2019,01,10,0.0,-999,-999
115133,LOMAS,2019,01,11,0.0,-999,-999
115133,LOMAS,2019,01,12,0.0,-999,-999
115133,LOMAS,2019,01,13,0.0,-999,-999
115133,LOMAS,2019,01,14,0.0,-999,-999
115133,LOMAS,2019,01,15,0.0,-999,-999
115133,LOMAS,2019,01,16,0.0,-999,-999
115133,LOMAS,2019,01,17,-888,-999,-999
115133,LOMAS,2019,01,18,-888,-999,-999
115133,LOMAS,2019,01,19,0.0,-999,-999
115133,LOMAS,2019,01,20,0.0,-999,-999
115133,LOMAS,2019,01,21,0.0,-999,-999
115133,LOMAS,2019,01,22,0.0,-999,-999
115133,LOMAS,2019,01,23,0.0,-999,-999
115133,LOMAS,2019,01,24,0.0,-999,-999
115133,LOMAS,2019,01,25,0.0,-999,-999
115133,LOMAS,2019,01,26,0.0,-999,-999
115133,LOMAS,2019,01,27,0.0,-999,-999
115133,LOMAS,2019,01,28,0.0,-999,-999
115133,LOMAS,2019,01,29,0.0,-999,-999
115133,LOMAS,2019,01,30,0.0,-999,-999
115133,LOMAS,2019,01,31,0.0,-999,-999
115133,LOMAS,2019,02,01,0.0,-999,-999
115133,LOMAS,2019,02,02,0.0,-999,-999
115133,LOMAS,2019,02,03,0.0,-999,-999
115133,LOMAS,2019,02,04,-888,-999,-999
115133,LOMAS,2019,02,05,0.0,-999,-999
115133,LOMAS,2019,02,06,0.0,-999,-999
115133,LOMAS,2019,02,07,0.0,-999,-999
115133,LOMAS,2019,02,08,0.0,-999,-999
115133,LOMAS,2019,02,09,0.0,-999,-999
115133,LOMAS,2019,02,10,0.0,-999,-999
115133,LOMAS,2019,02,11,0.0,-999,-999
115133,LOMAS,2019,02,12,0.0,-999,-999
115133,LOMAS,2019,02,13,0.0,-999,-999
115133,LOMAS,2019,02,14,0.0,-999,-999
115133,LOMAS,2019,02,15,0.0,-999,-999
115133,LOMAS,2019,02,16,0.0,-999,-999
115133,LOMAS,2019,02,17,0.0,-999,-999
115133,LOMAS,2019,02,18,0.0,-999,-999
115133,LOMAS,2019,02,19,0.0,-999,-999
115133,LOMAS,2019,02,20,0.0,-999,-999
115133,LOMAS,2019,02,21,0.0,-999,-999
115133,LOMAS,2019,02,22,0.0,-999,-999
115133,LOMAS,2019,02,23,0.0,-999,-999
115133,LOMAS,2019,02,24,0.0,-999,-999
115133,LOMAS,2019,02,25,0.0,-999,-999
115133,LOMAS,2019,02,26,0.0,-999,-999
115133,LOMAS,2019,02,27,0.0,-999,-999
115133,LOMAS,2019,02,28,0.0,-999,-999
115133,LOMAS,2019,03,01,0.0,-999,-999
115133,LOMAS,2019,03,02,0.0,-999,-999
115133,LOMAS,2019,03,03,0.0,-999,-999
115133,LOMAS,2019,03,04,0.0,-999,-999
115133,LOMAS,2019,03,05,0.0,-999,-999
115133,LOMAS,2019,03,06,0.0,-999,-999
115133,LOMAS,2019,03,07,0.0,-999,-999
115133,LOMAS,2019,03,08,0.0,-999,-999
115133,LOMAS,2019,03,09,-888,-999,-999
115133,LOMAS,2019,03,10,0.0,-999,-999
115133,LOMAS,2019,03,11,0.0,-999,-999
115133,LOMAS,2019,03,12,0.0,-999,-999
115133,LOMAS,2019,03,13,0.0,-999,-999
115133,LOMAS,2019,03,14,0.0,-999,-999
115133,LOMAS,2019,03,15,-888,-999,-999
115133,LOMAS,2019,03,16,0.0,-999,-999
115133,LOMAS,2019,03,17,0.0,-999,-999
115133,LOMAS,2019,03,18,0.0,-999,-999
115133,LOMAS,2019,03,19,0.0,-999,-999
115133,LOMAS,2019,03,20,0.0,-999,-999
115133,LOMAS,2019,03,21,0.0,-999,-999
115133,LOMAS,2019,03,22,0.0,-999,-999
115133,LOMAS,2019,03,23,0.0,-999,-999
115133,LOMAS,2019,03,24,0.0,-999,-999
115133,LOMAS,2019,03,25,0.0,-999,-999
115133,LOMAS,2019,03,26,0.0,-999,-999
115133,LOMAS,2019,03,27,0.0,-999,-999
115133,LOMAS,2019,03,28,-888,-999,-999
115133,LOMAS,2019,03,29,0.0,-999,-999
115133,LOMAS,2019,03,30,0.0,-999,-999
115133,LOMAS,2019,03,31,0.0,-999,-999
115133,LOMAS,2019,04,01,0.0,-999,-999
115133,LOMAS,2019,04,02,0.0,-999,-999
115133,LOMAS,2019,04,03,0.0,-999,-999
115133,LOMAS,2019,04,04,0.0,-999,-999
115133,LOMAS,2019,04,05,0.0,-999,-999
115133,LOMAS,2019,04,06,0.0,-999,-999
115133,LOMAS,2019,04,07,0.0,-999,-999
115133,LOMAS,2019,04,08,0.0,-999,-999
115133,LOMAS,2019,04,09,0.0,-999,-999
115133,LOMAS,2019,04,10,0.0,-999,-999
115133,LOMAS,2019,04,11,0.0,-999,-999
115133,LOMAS,2019,04,12,0.0,-999,-999
115133,LOMAS,2019,04,13,0.0,-999,-999
115133,LOMAS,2019,04,14,0.0,-999,-999
115133,LOMAS,2019,04,15,0.0,-999,-999
115133,LOMAS,2019,04,16,0.0,-999,-999
115133,LOMAS,2019,04,17,0.0,-999,-999
115133,LOMAS,2019,04,18,0.0,-999,-999
115133,LOMAS,2019,04,19,0.0,-999,-999
115133,LOMAS,2019,04,20,0.0,-999,-999
115133,LOMAS,2019,04,21,0.0,-999,-999
115133,LOMAS,2019,04,22,0.0,-999,-999
115133,LOMAS,2019,04,23,0.0,-999,-999
115133,LOMAS,2019,04,24,0.0,-999,-999
115133,LOMAS,2019,04,25,0.0,-999,-999
115133,LOMAS,2019,04,26,0.0,-999,-999
115133,LOMAS,2019,04,27,0.0,-999,-999
115133,LOMAS,2019,04,28,0.0,-999,-999
115133,LOMAS,2019,04,29,0.0,-999,-999
115133,LOMAS,2019,04,30,0.0,-999,-999
115133,LOMAS,2019,05,01,0.0,-999,-999
115133,LOMAS,2019,05,02,0.0,-999,-999
115133,LOMAS,2019,05,03,0.0,-999,-999
115133,LOMAS,2019,05,04,0.0,-999,-999
115133,LOMAS,2019,05,05,0.0,-999,-999
115133,LOMAS,2019,05,06,0.0,-999,-999
115133,LOMAS,2019,05,07,0.0,-999,-999
115133,LOMAS,2019,05,08,0.0,-999,-999
115133,LOMAS,2019,05,09,0.0,-999,-999
115133,LOMAS,2019,05,10,0.0,-999,-999
115133,LOMAS,2019,05,11,0.0,-999,-999
115133,LOMAS,2019,05,12,0.0,-999,-999
115133,LOMAS,2019,05,13,0.0,-999,-999
115133,LOMAS,2019,05,14,0.0,-999,-999
115133,LOMAS,2019,05,15,0.0,-999,-999
115133,LOMAS,2019,05,16,0.0,-999,-999
115133,LOMAS,2019,05,17,0.0,-999,-999
115133,LOMAS,2019,05,18,0.0,-999,-999
115133,LOMAS,2019,05,19,0.0,-999,-999
115133,LOMAS,2019,05,20,0.0,-999,-999
115133,LOMAS,2019,05,21,0.0,-999,-999
115133,LOMAS,2019,05,22,0.0,-999,-999
115133,LOMAS,2019,05,23,0.0,-999,-999
115133,LOMAS,2019,05,24,0.0,-999,-999
115133,LOMAS,2019,05,25,0.0,-999,-999
115133,LOMAS,2019,05,26,0.0,-999,-999
115133,LOMAS,2019,05,27,0.0,-999,-999
115133,LOMAS,2019,05,28,0.0,-999,-999
115133,LOMAS,2019,05,29,0.0,-999,-999
115133,LOMAS,2019,05,30,0.0,-999,-999
115133,LOMAS,2019,05,31,0.0,-999,-999
115133,LOMAS,2019,06,01,0.0,-999,-999
115133,LOMAS,2019,06,02,0.0,-999,-999
115133,LOMAS,2019,06,03,0.0,-999,-999
115133,LOMAS,2019,06,04,0.0,-999,-999
115133,LOMAS,2019,06,05,0.0,-999,-999
115133,LOMAS,2019,06,06,0.0,-999,-999
115133,LOMAS,2019,06,07,0.0,-999,-999
115133,LOMAS,2019,06,08,0.0,-999,-999
115133,LOMAS,2019,06,09,0.0,-999,-999
115133,LOMAS,2019,06,10,-888,-999,-999
115133,LOMAS,2019,06,11,0.0,-999,-999
115133,LOMAS,2019,06,12,0.0,-999,-999
115133,LOMAS,2019,06,13,0.0,-999,-999
115133,LOMAS,2019,06,14,0.0,-999,-999
115133,LOMAS,2019,06,15,0.0,-999,-999
115133,LOMAS,2019,06,16,0.0,-999,-999
115133,LOMAS,2019,06,17,0.0,-999,-999
115133,LOMAS,2019,06,18,0.0,-999,-999
115133,LOMAS,2019,06,19,0.0,-999,-999
115133,LOMAS,2019,06,20,0.0,-999,-999
115133,LOMAS,2019,06,21,0.0,-999,-999
115133,LOMAS,2019,06,22,0.0,-999,-999
115133,LOMAS,2019,06,23,0.0,-999,-999
115133,LOMAS,2019,06,24,0.0,-999,-999
115133,LOMAS,2019,06,25,0.0,-999,-999
115133,LOMAS,2019,06,26,0.0,-999,-999
115133,LOMAS,2019,06,27,0.0,-999,-999
115133,LOMAS,2019,06,28,-888,-999,-999
115133,LOMAS,2019,06,29,-888,-999,-999
115133,LOMAS,2019,06,30,0.0,-999,-999
115133,LOMAS,2019,07,01,0.0,-999,-999
115133,LOMAS,2019,07,02,0.0,-999,-999
115133,LOMAS,2019,07,03,-888,-999,-999
115133,LOMAS,2019,07,04,0.0,-999,-999
115133,LOMAS,2019,07,05,0.0,-999,-999
115133,LOMAS,2019,07,06,0.0,-999,-999
115133,LOMAS,2019,07,07,0.0,-999,-999
115133,LOMAS,2019,07,08,0.0,-999,-999
115133,LOMAS,2019,07,09,0.0,-999,-999
115133,LOMAS,2019,07,10,0.0,-999,-999
115133,LOMAS,2019,07,11,0.0,-999,-999
115133,LOMAS,2019,07,12,0.0,-999,-999
115133,LOMAS,2019,07,13,0.0,-999,-999
115133,LOMAS,2019,07,14,0.0,-999,-999
115133,LOMAS,2019,07,15,0.0,-999,-999
115133,LOMAS,2019,07,16,0.0,-999,-999
115133,LOMAS,2019,07,17,0.0,-999,-999
115133,LOMAS,2019,07,18,0.0,-999,-999
115133,LOMAS,2019,07,19,0.0,-999,-999
115133,LOMAS,2019,07,20,0.0,-999,-999
115133,LOMAS,2019,07,21,0.0,-999,-999
115133,LOMAS,2019,07,22,0.0,-999,-999
115133,LOMAS,2019,07,23,0.0,-999,-999
115133,LOMAS,2019,07,24,-888,-999,-999
115133,LOMAS,2019,07,25,0.0,-999,-999
115133,LOMAS,2019,07,26,0.0,-999,-999
115133,LOMAS,2019,07,27,0.0,-999,-999
115133,LOMAS,2019,07,28,0.0,-999,-999
115133,LOMAS,2019,07,29,0.0,-999,-999
115133,LOMAS,2019,07,30,0.0,-999,-999
115133,LOMAS,2019,07,31,0.0,-999,-999
115133,LOMAS,2019,08,01,0.0,-999,-999
115133,LOMAS,2019,08,02,0.0,-999,-999
115133,LOMAS,2019,08,03,0.0,-999,-999
115133,LOMAS,2019,08,04,-888,-999,-999
115133,LOMAS,2019,08,05,-888,-999,-999
115133,LOMAS,2019,08,06,0.0,-999,-999
115133,LOMAS,2019,08,07,0.0,-999,-999
115133,LOMAS,2019,08,08,0.0,-999,-999
115133,LOMAS,2019,08,09,0.0,-999,-999
115133,LOMAS,2019,08,10,0.0,-999,-999
115133,LOMAS,2019,08,11,0.0,-999,-999
115133,LOMAS,2019,08,12,0.0,-999,-999
115133,LOMAS,2019,08,13,0.0,-999,-999
115133,LOMAS,2019,08,14,0.0,-999,-999
115133,LOMAS,2019,08,15,-888,-999,-999
115133,LOMAS,2019,08,16,0.0,-999,-999
115133,LOMAS,2019,08,17,0.0,-999,-999
115133,LOMAS,2019,08,18,0.0,-999,-999
115133,LOMAS,2019,08,19,0.0,-999,-999
115133,LOMAS,2019,08,20,0.0,-999,-999
115133,LOMAS,2019,08,21,0.0,-999,-999
115133,LOMAS,2019,08,22,0.0,-999,-999
115133,LOMAS,2019,08,23,0.0,-999,-999
115133,LOMAS,2019,08,24,0.0,-999,-999
115133,LOMAS,2019,08,25,0.0,-999,-999
115133,LOMAS,2019,08,26,0.0,-999,-999
115133,LOMAS,2019,08,27,0.0,-999,-999
115133,LOMAS,2019,08,28,0.0,-999,-999
115133,LOMAS,2019,08,29,0.0,-999,-999
115133,LOMAS,2019,08,30,0.0,-999,-999
115133,LOMAS,2019,08,31,0.0,-999,-999
115133,LOMAS,2019,09,01,-999,-999,-999
115133,LOMAS,2019,09,02,-999,-999,-999
115133,LOMAS,2019,09,03,-999,-999,-999
115133,LOMAS,2019,09,04,-999,-999,-999
115133,LOMAS,2019,09,05,-999,-999,-999
115133,LOMAS,2019,09,06,-999,-999,-999
115133,LOMAS,2019,09,07,-999,-999,-999
115133,LOMAS,2019,09,08,-999,-999,-999
115133,LOMAS,2019,09,09,-999,-999,-999
115133,LOMAS,2019,09,10,-999,-999,-999
115133,LOMAS,2019,09,11,-999,-999,-999
115133,LOMAS,2019,09,12,-999,-999,-999
115133,LOMAS,2019,09,13,-999,-999,-999
115133,LOMAS,2019,09,14,-999,-999,-999
115133,LOMAS,2019,09,15,-999,-999,-999
115133,LOMAS,2019,09,16,-999,-999,-999
115133,LOMAS,2019,09,17,-999,-999,-999
115133,LOMAS,2019,09,18,-999,-999,-999
115133,LOMAS,2019,09,19,-999,-999,-999
115133,LOMAS,2019,09,20,-999,-999,-999
115133,LOMAS,2019,09,21,-999,-999,-999
115133,LOMAS,2019,09,22,-999,-999,-999
115133,LOMAS,2019,09,23,-999,-999,-999
115133,LOMAS,2019,09,24,-999,-999,-999
115133,LOMAS,2019,09,25,-999,-999,-999
115133,LOMAS,2019,09,26,-999,-999,-999
115133,LOMAS,2019,09,27,-999,-999,-999
115133,LOMAS,2019,09,28,-999,-999,-999
115133,LOMAS,2019,09,29,-999,-999,-999
115133,LOMAS,2019,09,30,-999,-999,-999
115133,LOMAS,2019,10,01,0.0,-999,-999
115133,LOMAS,2019,10,02,0.0,-999,-999
115133,LOMAS,2019,10,03,0.0,-999,-999
115133,LOMAS,2019,10,04,0.0,-999,-999
115133,LOMAS,2019,10,05,0.0,-999,-999
115133,LOMAS,2019,10,06,0.0,-999,-999
115133,LOMAS,2019,10,07,0.0,-999,-999
115133,LOMAS,2019,10,08,0.0,-999,-999
115133,LOMAS,2019,10,09,0.0,-999,-999
115133,LOMAS,2019,10,10,0.0,-999,-999
115133,LOMAS,2019,10,11,0.0,-999,-999
115133,LOMAS,2019,10,12,0.0,-999,-999
115133,LOMAS,2019,10,13,0.0,-999,-999
115133,LOMAS,2019,10,14,0.0,-999,-999
115133,LOMAS,2019,10,15,0.0,-999,-999
115133,LOMAS,2019,10,16,0.0,-999,-999
115133,LOMAS,2019,10,17,0.0,-999,-999
115133,LOMAS,2019,10,18,0.0,-999,-999
115133,LOMAS,2019,10,19,0.0,-999,-999
115133,LOMAS,2019,10,20,0.0,-999,-999
115133,LOMAS,2019,10,21,0.0,-999,-999
115133,LOMAS,2019,10,22,0.0,-999,-999
115133,LOMAS,2019,10,23,0.0,-999,-999
115133,LOMAS,2019,10,24,0.0,-999,-999
115133,LOMAS,2019,10,25,0.0,-999,-999
115133,LOMAS,2019,10,26,0.0,-999,-999
115133,LOMAS,2019,10,27,0.0,-999,-999
115133,LOMAS,2019,10,28,0.0,-999,-999
115133,LOMAS,2019,10,29,0.0,-999,-999
115133,LOMAS,2019,10,30,0.0,-999,-999
115133,LOMAS,2019,10,31,0.0,-999,-999
115133,LOMAS,2019,11,01,0.0,-999,-999
115133,LOMAS,2019,11,02,0.0,-999,-999
115133,LOMAS,2019,11,03,-888,-999,-999
115133,LOMAS,2019,11,04,0.0,-999,-999
115133,LOMAS,2019,11,05,0.0,-999,-999
115133,LOMAS,2019,11,06,0.0,-999,-999
115133,LOMAS,2019,11,07,0.0,-999,-999
115133,LOMAS,2019,11,08,0.0,-999,-999
115133,LOMAS,2019,11,09,0.0,-999,-999
115133,LOMAS,2019,11,10,0.0,-999,-999
115133,LOMAS,2019,11,11,0.0,-999,-999
115133,LOMAS,2019,11,12,-888,-999,-999
115133,LOMAS,2019,11,13,0.0,-999,-999
115133,LOMAS,2019,11,14,0.0,-999,-999
115133,LOMAS,2019,11,15,0.0,-999,-999
115133,LOMAS,2019,11,16,0.0,-999,-999
115133,LOMAS,2019,11,17,0.0,-999,-999
115133,LOMAS,2019,11,18,0.0,-999,-999
115133,LOMAS,2019,11,19,0.0,-999,-999
115133,LOMAS,2019,11,20,0.0,-999,-999
115133,LOMAS,2019,11,21,0.0,-999,-999
115133,LOMAS,2019,11,22,0.0,-999,-999
115133,LOMAS,2019,11,23,0.0,-999,-999
115133,LOMAS,2019,11,24,0.0,-999,-999
115133,LOMAS,2019,11,25,0.0,-999,-999
115133,LOMAS,2019,11,26,0.0,-999,-999
115133,LOMAS,2019,11,27,0.0,-999,-999
115133,LOMAS,2019,11,28,0.0,-999,-999
115133,LOMAS,2019,11,29,0.0,-999,-999
115133,LOMAS,2019,11,30,0.0,-999,-999
115133,LOMAS,2019,12,01,0.0,-999,-999
115133,LOMAS,2019,12,02,0.0,-999,-999
115133,LOMAS,2019,12,03,0.0,-999,-999
115133,LOMAS,2019,12,04,0.0,-999,-999
115133,LOMAS,2019,12,05,0.0,-999,-999
115133,LOMAS,2019,12,06,0.0,-999,-999
115133,LOMAS,2019,12,07,0.0,-999,-999
115133,LOMAS,2019,12,08,0.0,-999,-999
115133,LOMAS,2019,12,09,0.0,-999,-999
115133,LOMAS,2019,12,10,0.0,-999,-999
115133,LOMAS,2019,12,11,0.0,-999,-999
115133,LOMAS,2019,12,12,0.0,-999,-999
115133,LOMAS,2019,12,13,0.0,-999,-999
115133,LOMAS,2019,12,14,0.0,-999,-999
115133,LOMAS,2019,12,15,0.0,-999,-999
115133,LOMAS,2019,12,16,0.0,-999,-999
115133,LOMAS,2019,12,17,0.0,-999,-999
115133,LOMAS,2019,12,18,0.0,-999,-999
115133,LOMAS,2019,12,19,0.0,-999,-999
115133,LOMAS,2019,12,20,0.0,-999,-999
115133,LOMAS,2019,12,21,0.0,-999,-999
115133,LOMAS,2019,12,22,0.0,-999,-999
115133,LOMAS,2019,12,23,0.0,-999,-999
115133,LOMAS,2019,12,24,0.0,-999,-999
115133,LOMAS,2019,12,25,0.0,-999,-999
115133,LOMAS,2019,12,26,0.0,-999,-999
115133,LOMAS,2019,12,27,0.0,-999,-999
115133,LOMAS,2019,12,28,0.0,-999,-999
115133,LOMAS,2019,12,29,0.0,-999,-999
115133,LOMAS,2019,12,30,0.0,-999,-999
115133,LOMAS,2019,12,31,0.0,-999,-999
115133,LOMAS,2020,01,01,0.0,-999,-999
115133,LOMAS,2020,01,02,0.0,-999,-999
115133,LOMAS,2020,01,03,0.0,-999,-999
115133,LOMAS,2020,01,04,0.0,-999,-999
115133,LOMAS,2020,01,05,0.0,-999,-999
115133,LOMAS,2020,01,06,0.0,-999,-999
115133,LOMAS,2020,01,07,0.0,-999,-999
115133,LOMAS,2020,01,08,0.0,-999,-999
115133,LOMAS,2020,01,09,0.0,-999,-999
115133,LOMAS,2020,01,10,0.0,-999,-999
115133,LOMAS,2020,01,11,0.0,-999,-999
115133,LOMAS,2020,01,12,0.1,-999,-999
115133,LOMAS,2020,01,13,-888,-999,-999
115133,LOMAS,2020,01,14,-888,-999,-999
115133,LOMAS,2020,01,15,0.0,-999,-999
115133,LOMAS,2020,01,16,0.0,-999,-999
115133,LOMAS,2020,01,17,0.0,-999,-999
115133,LOMAS,2020,01,18,0.6,-999,-999
115133,LOMAS,2020,01,19,1.3,-999,-999
115133,LOMAS,2020,01,20,1.0,-999,-999
115133,LOMAS,2020,01,21,0.9,-999,-999
115133,LOMAS,2020,01,22,0.6,-999,-999
115133,LOMAS,2020,01,23,-888,-999,-999
115133,LOMAS,2020,01,24,0.0,-999,-999
115133,LOMAS,2020,01,25,0.0,-999,-999
115133,LOMAS,2020,01,26,-888,-999,-999
115133,LOMAS,2020,01,27,0.3,-999,-999
115133,LOMAS,2020,01,28,0.1,-999,-999
115133,LOMAS,2020,01,29,0.0,-999,-999
115133,LOMAS,2020,01,30,0.0,-999,-999
115133,LOMAS,2020,01,31,0.0,-999,-999
115133,LOMAS,2020,02,01,0.0,-999,-999
115133,LOMAS,2020,02,02,0.0,-999,-999
115133,LOMAS,2020,02,03,0.0,-999,-999
115133,LOMAS,2020,02,04,0.0,-999,-999
115133,LOMAS,2020,02,05,0.0,-999,-999
115133,LOMAS,2020,02,06,0.0,-999,-999
115133,LOMAS,2020,02,07,0.0,-999,-999
115133,LOMAS,2020,02,08,0.0,-999,-999
115133,LOMAS,2020,02,09,0.0,-999,-999
115133,LOMAS,2020,02,10,0.0,-999,-999
115133,LOMAS,2020,02,11,0.0,-999,-999
115133,LOMAS,2020,02,12,0.0,-999,-999
115133,LOMAS,2020,02,13,0.0,-999,-999
115133,LOMAS,2020,02,14,0.0,-999,-999
115133,LOMAS,2020,02,15,0.0,-999,-999
115133,LOMAS,2020,02,16,0.0,-999,-999
115133,LOMAS,2020,02,17,0.0,-999,-999
115133,LOMAS,2020,02,18,0.0,-999,-999
115133,LOMAS,2020,02,19,0.0,-999,-999
115133,LOMAS,2020,02,20,0.0,-999,-999
115133,LOMAS,2020,02,21,0.0,-999,-999
115133,LOMAS,2020,02,22,-888,-999,-999
115133,LOMAS,2020,02,23,0.0,-999,-999
115133,LOMAS,2020,02,24,0.0,-999,-999
115133,LOMAS,2020,02,25,-888,-999,-999
115133,LOMAS,2020,02,26,0.1,-999,-999
115133,LOMAS,2020,02,27,0.0,-999,-999
115133,LOMAS,2020,02,28,0.0,-999,-999
115133,LOMAS,2020,02,29,0.0,-999,-999
115133,LOMAS,2020,03,01,0.0,-999,-999
115133,LOMAS,2020,03,02,0.0,-999,-999
115133,LOMAS,2020,03,03,0.0,-999,-999
115133,LOMAS,2020,03,04,0.0,-999,-999
115133,LOMAS,2020,03,05,0.0,-999,-999
115133,LOMAS,2020,03,06,0.0,-999,-999
115133,LOMAS,2020,03,07,0.0,-999,-999
115133,LOMAS,2020,03,08,0.0,-999,-999
115133,LOMAS,2020,03,09,0.0,-999,-999
115133,LOMAS,2020,03,10,0.0,-999,-999
115133,LOMAS,2020,03,11,0.0,-999,-999
115133,LOMAS,2020,03,12,-888,-999,-999
115133,LOMAS,2020,03,13,0.0,-999,-999
115133,LOMAS,2020,03,14,-888,-999,-999
115133,LOMAS,2020,03,15,0.0,-999,-999
115133,LOMAS,2020,03,16,0.0,-999,-999
115133,LOMAS,2020,03,17,-888,-999,-999
115133,LOMAS,2020,03,18,-999,-999,-999
115133,LOMAS,2020,03,19,-999,-999,-999
115133,LOMAS,2020,03,20,-999,-999,-999
115133,LOMAS,2020,03,21,-999,-999,-999
115133,LOMAS,2020,03,22,-999,-999,-999
115133,LOMAS,2020,03,23,-999,-999,-999
115133,LOMAS,2020,03,24,-999,-999,-999
115133,LOMAS,2020,03,25,-999,-999,-999
115133,LOMAS,2020,03,26,-999,-999,-999
115133,LOMAS,2020,03,27,-999,-999,-999
115133,LOMAS,2020,03,28,-999,-999,-999
115133,LOMAS,2020,03,29,-999,-999,-999
115133,LOMAS,2020,03,30,-999,-999,-999
115133,LOMAS,2020,03,31,-999,-999,-999
115133,LOMAS,2020,04,01,-999,-999,-999
115133,LOMAS,2020,04,02,-999,-999,-999
115133,LOMAS,2020,04,03,-999,-999,-999
115133,LOMAS,2020,04,04,-999,-999,-999
115133,LOMAS,2020,04,05,-999,-999,-999
115133,LOMAS,2020,04,06,-999,-999,-999
115133,LOMAS,2020,04,07,-999,-999,-999
115133,LOMAS,2020,04,08,-999,-999,-999
115133,LOMAS,2020,04,09,-999,-999,-999
115133,LOMAS,2020,04,10,-999,-999,-999
115133,LOMAS,2020,04,11,-999,-999,-999
115133,LOMAS,2020,04,12,-999,-999,-999
115133,LOMAS,2020,04,13,-999,-999,-999
115133,LOMAS,2020,04,14,-999,-999,-999
115133,LOMAS,2020,04,15,-999,-999,-999
115133,LOMAS,2020,04,16,-999,-999,-999
115133,LOMAS,2020,04,17,-999,-999,-999
115133,LOMAS,2020,04,18,-999,-999,-999
115133,LOMAS,2020,04,19,-999,-999,-999
115133,LOMAS,2020,04,20,-999,-999,-999
115133,LOMAS,2020,04,21,-999,-999,-999
115133,LOMAS,2020,04,22,-999,-999,-999
115133,LOMAS,2020,04,23,-999,-999,-999
115133,LOMAS,2020,04,24,-999,-999,-999
115133,LOMAS,2020,04,25,-999,-999,-999
115133,LOMAS,2020,04,26,-999,-999,-999
115133,LOMAS,2020,04,27,-999,-999,-999
115133,LOMAS,2020,04,28,-999,-999,-999
115133,LOMAS,2020,04,29,-999,-999,-999
115133,LOMAS,2020,04,30,-999,-999,-999
115133,LOMAS,2020,05,01,-999,-999,-999
115133,LOMAS,2020,05,02,-999,-999,-999
115133,LOMAS,2020,05,03,-999,-999,-999
115133,LOMAS,2020,05,04,-999,-999,-999
115133,LOMAS,2020,05,05,-999,-999,-999
115133,LOMAS,2020,05,06,-999,-999,-999
115133,LOMAS,2020,05,07,-999,-999,-999
115133,LOMAS,2020,05,08,-999,-999,-999
115133,LOMAS,2020,05,09,-999,-999,-999
115133,LOMAS,2020,05,10,-999,-999,-999
115133,LOMAS,2020,05,11,-999,-999,-999
115133,LOMAS,2020,05,12,-999,-999,-999
115133,LOMAS,2020,05,13,-999,-999,-999
115133,LOMAS,2020,05,14,-999,-999,-999
115133,LOMAS,2020,05,15,-999,-999,-999
115133,LOMAS,2020,05,16,-999,-999,-999
115133,LOMAS,2020,05,17,-999,-999,-999
115133,LOMAS,2020,05,18,-999,-999,-999
115133,LOMAS,2020,05,19,-999,-999,-999
115133,LOMAS,2020,05,20,-999,-999,-999
115133,LOMAS,2020,05,21,-999,-999,-999
115133,LOMAS,2020,05,22,-999,-999,-999
115133,LOMAS,2020,05,23,-999,-999,-999
115133,LOMAS,2020,05,24,-999,-999,-999
115133,LOMAS,2020,05,25,-999,-999,-999
115133,LOMAS,2020,05,26,-999,-999,-999
115133,LOMAS,2020,05,27,-999,-999,-999
115133,LOMAS,2020,05,28,-999,-999,-999
115133,LOMAS,2020,05,29,-999,-999,-999
115133,LOMAS,2020,05,30,-999,-999,-999
115133,LOMAS,2020,05,31,-999,-999,-999
115133,LOMAS,2020,06,01,-999,-999,-999
115133,LOMAS,2020,06,02,-999,-999,-999
115133,LOMAS,2020,06,03,-999,-999,-999
115133,LOMAS,2020,06,04,-999,-999,-999
115133,LOMAS,2020,06,05,-999,-999,-999
115133,LOMAS,2020,06,06,-999,-999,-999
115133,LOMAS,2020,06,07,-999,-999,-999
115133,LOMAS,2020,06,08,-999,-999,-999
115133,LOMAS,2020,06,09,-999,-999,-999
115133,LOMAS,2020,06,10,-999,-999,-999
115133,LOMAS,2020,06,11,-999,-999,-999
115133,LOMAS,2020,06,12,-999,-999,-999
115133,LOMAS,2020,06,13,-999,-999,-999
115133,LOMAS,2020,06,14,-999,-999,-999
115133,LOMAS,2020,06,15,-999,-999,-999
115133,LOMAS,2020,06,16,-999,-999,-999
115133,LOMAS,2020,06,17,-999,-999,-999
115133,LOMAS,2020,06,18,-999,-999,-999
115133,LOMAS,2020,06,19,-999,-999,-999
115133,LOMAS,2020,06,20,-999,-999,-999
115133,LOMAS,2020,06,21,-999,-999,-999
115133,LOMAS,2020,06,22,-999,-999,-999
115133,LOMAS,2020,06,23,-999,-999,-999
115133,LOMAS,2020,06,24,-999,-999,-999
115133,LOMAS,2020,06,25,-999,-999,-999
115133,LOMAS,2020,06,26,-999,-999,-999
115133,LOMAS,2020,06,27,-999,-999,-999
115133,LOMAS,2020,06,28,-999,-999,-999
115133,LOMAS,2020,06,29,-999,-999,-999
115133,LOMAS,2020,06,30,-999,-999,-999
115133,LOMAS,2020,08,01,0.0,-999,12.2
115133,LOMAS,2020,08,02,0.0,-999,11.0
115133,LOMAS,2020,08,03,0.0,-999,11.8
115133,LOMAS,2020,08,04,0.0,-999,12.2
115133,LOMAS,2020,08,05,0.0,-999,11.6
115133,LOMAS,2020,08,06,0.0,-999,12.0
115133,LOMAS,2020,08,07,0.0,-999,12.6
115133,LOMAS,2020,08,08,0.0,-999,12.4
115133,LOMAS,2020,08,09,0.0,-999,13.0
115133,LOMAS,2020,08,10,0.0,-999,12.8
115133,LOMAS,2020,08,11,0.0,-999,11.6
115133,LOMAS,2020,08,12,0.0,-999,12.2
115133,LOMAS,2020,08,13,0.0,-999,13.0
115133,LOMAS,2020,08,14,0.0,-999,13.2
115133,LOMAS,2020,08,15,0.0,-999,13.4
115133,LOMAS,2020,08,16,0.0,-999,12.2
115133,LOMAS,2020,08,17,0.0,-999,12.2
115133,LOMAS,2020,08,18,0.0,-999,13.4
115133,LOMAS,2020,08,19,0.0,-999,10.2
115133,LOMAS,2020,08,20,0.0,-999,10.6
115133,LOMAS,2020,08,21,0.0,-999,11.0
115133,LOMAS,2020,08,22,0.0,-999,12.4
115133,LOMAS,2020,08,23,0.0,-999,12.6
115133,LOMAS,2020,08,24,0.0,-999,12.8
115133,LOMAS,2020,08,25,0.0,-999,13.0
115133,LOMAS,2020,08,26,0.0,-999,13.8
115133,LOMAS,2020,08,27,0.0,-999,13.2
115133,LOMAS,2020,08,28,0.0,-999,13.0
115133,LOMAS,2020,08,29,0.0,-999,13.0
115133,LOMAS,2020,08,30,0.0,-999,12.6
115133,LOMAS,2020,08,31,0.0,-999,-999
115133,LOMAS,2020,09,01,-888,-999,-999
115133,LOMAS,2020,09,02,0.0,-999,-999
115133,LOMAS,2020,09,03,0.0,-999,12.4
115133,LOMAS,2020,09,04,0.0,-999,12.2
115133,LOMAS,2020,09,05,0.0,-999,11.6
115133,LOMAS,2020,09,06,0.0,-999,12.0
115133,LOMAS,2020,09,07,0.0,-999,12.2
115133,LOMAS,2020,09,08,0.0,-999,11.2
115133,LOMAS,2020,09,09,0.0,-999,12.0
115133,LOMAS,2020,09,10,0.0,-999,11.6
115133,LOMAS,2020,09,11,0.0,-999,11.6
115133,LOMAS,2020,09,12,0.0,-999,11.8
115133,LOMAS,2020,09,13,0.0,-999,12.0
115133,LOMAS,2020,09,14,0.0,-999,12.0
115133,LOMAS,2020,09,15,0.0,-999,12.6
115133,LOMAS,2020,09,16,0.0,-999,13.0
115133,LOMAS,2020,09,17,0.0,-999,12.8
115133,LOMAS,2020,09,18,0.0,-999,12.4
115133,LOMAS,2020,09,19,0.0,-999,11.2
115133,LOMAS,2020,09,20,0.0,-999,11.6
115133,LOMAS,2020,09,21,0.0,-999,13.0
115133,LOMAS,2020,09,22,0.0,-999,13.2
115133,LOMAS,2020,09,23,0.0,-999,12.2
115133,LOMAS,2020,09,24,0.0,-999,12.6
115133,LOMAS,2020,09,25,0.0,-999,13.2
115133,LOMAS,2020,09,26,0.0,-999,11.8
115133,LOMAS,2020,09,27,0.0,-999,12.4
115133,LOMAS,2020,09,28,0.0,-999,11.8
115133,LOMAS,2020,09,29,0.0,-999,12.0
115133,LOMAS,2020,09,30,-888,-999,12.4
115133,LOMAS,2020,10,01,0.0,-999,13.0
115133,LOMAS,2020,10,02,0.0,-999,13.2
115133,LOMAS,2020,10,03,0.0,-999,-999
115133,LOMAS,2020,10,04,-888,-999,-999
115133,LOMAS,2020,10,05,0.0,-999,-999
115133,LOMAS,2020,10,06,0.0,-999,12.4
115133,LOMAS,2020,10,07,0.0,-999,12.8
115133,LOMAS,2020,10,08,0.0,-999,13.0
115133,LOMAS,2020,10,09,0.0,-999,12.6
115133,LOMAS,2020,10,10,0.0,-999,12.6
115133,LOMAS,2020,10,11,0.0,-999,13.0
115133,LOMAS,2020,10,12,0.0,-999,13.4
115133,LOMAS,2020,10,13,0.0,-999,14.2
115133,LOMAS,2020,10,14,0.0,-999,13.6
115133,LOMAS,2020,10,15,0.0,-999,13.8
115133,LOMAS,2020,10,16,0.0,-999,13.8
115133,LOMAS,2020,10,17,0.0,-999,13.6
115133,LOMAS,2020,10,18,0.0,-999,13.8
115133,LOMAS,2020,10,19,0.0,-999,13.6
115133,LOMAS,2020,10,20,0.0,-999,11.6
115133,LOMAS,2020,10,21,0.0,-999,11.8
115133,LOMAS,2020,10,22,0.0,-999,12.2
115133,LOMAS,2020,10,23,0.0,-999,12.4
115133,LOMAS,2020,10,24,0.0,-999,12.4
115133,LOMAS,2020,10,25,0.0,-999,12.8
115133,LOMAS,2020,10,26,0.0,-999,13.0
115133,LOMAS,2020,10,27,0.0,-999,13.4
115133,LOMAS,2020,10,28,0.0,-999,13.6
115133,LOMAS,2020,10,29,0.0,-999,12.8
115133,LOMAS,2020,10,30,-888,-999,13.0
115133,LOMAS,2020,10,31,0.0,-999,13.4
115133,LOMAS,2020,11,01,-888,-999,13.6
115133,LOMAS,2020,11,02,-888,-999,13.6
115133,LOMAS,2020,11,03,0.0,-999,13.8
115133,LOMAS,2020,11,04,0.0,-999,13.4
115133,LOMAS,2020,11,05,0.0,-999,13.6
115133,LOMAS,2020,11,06,0.0,-999,14.0
115133,LOMAS,2020,11,07,0.0,-999,14.2
115133,LOMAS,2020,11,08,0.0,-999,14.4
115133,LOMAS,2020,11,09,0.0,-999,14.6
115133,LOMAS,2020,11,10,0.0,-999,14.2
115133,LOMAS,2020,11,11,0.0,-999,14.4
115133,LOMAS,2020,11,12,0.0,-999,14.6
115133,LOMAS,2020,11,13,0.0,-999,14.0
115133,LOMAS,2020,11,14,0.0,-999,14.2
115133,LOMAS,2020,11,15,0.0,-999,14.6
115133,LOMAS,2020,11,16,0.0,-999,14.6
115133,LOMAS,2020,11,17,0.0,-999,13.4
115133,LOMAS,2020,11,18,0.0,-999,13.4
115133,LOMAS,2020,11,19,0.0,-999,13.6
115133,LOMAS,2020,11,20,0.0,-999,13.6
115133,LOMAS,2020,11,21,0.0,-999,13.4
115133,LOMAS,2020,11,22,0.0,-999,14.0
115133,LOMAS,2020,11,23,0.0,-999,12.8
115133,LOMAS,2020,11,24,0.0,-999,13.0
115133,LOMAS,2020,11,25,0.0,-999,13.6
115133,LOMAS,2020,11,26,0.0,-999,13.2
115133,LOMAS,2020,11,27,0.0,-999,13.4
115133,LOMAS,2020,11,28,0.0,-999,13.8
115133,LOMAS,2020,11,29,0.0,-999,14.0
115133,LOMAS,2020,11,30,0.0,-999,14.2
115133,LOMAS,2020,12,01,0.0,-999,14.6
115133,LOMAS,2020,12,02,0.0,-999,14.6
115133,LOMAS,2020,12,03,0.0,-999,15.2
115133,LOMAS,2020,12,04,0.0,-999,15.4
115133,LOMAS,2020,12,05,0.0,-999,15.2
115133,LOMAS,2020,12,06,0.0,-999,15.2
115133,LOMAS,2020,12,07,0.0,-999,15.0
115133,LOMAS,2020,12,08,0.0,-999,15.2
115133,LOMAS,2020,12,09,0.0,-999,15.4
115133,LOMAS,2020,12,10,0.0,-999,14.8
115133,LOMAS,2020,12,11,0.0,-999,14.8
115133,LOMAS,2020,12,12,0.0,-999,14.6
115133,LOMAS,2020,12,13,0.0,-999,15.2
115133,LOMAS,2020,12,14,0.0,-999,15.2
115133,LOMAS,2020,12,15,0.0,-999,15.0
115133,LOMAS,2020,12,16,0.0,-999,15.0
115133,LOMAS,2020,12,17,0.0,-999,15.2
115133,LOMAS,2020,12,18,0.0,-999,15.6
115133,LOMAS,2020,12,19,0.0,-999,15.4
115133,LOMAS,2020,12,20,0.0,-999,15.6
115133,LOMAS,2020,12,21,0.0,-999,14.6
115133,LOMAS,2020,12,22,0.0,-999,14.8
115133,LOMAS,2020,12,23,-888,-999,15.2
115133,LOMAS,2020,12,24,0.0,-999,16.0
115133,LOMAS,2020,12,25,0.0,-999,16.2
115133,LOMAS,2020,12,26,0.0,-999,16.4
115133,LOMAS,2020,12,27,-888,-999,16.2
115133,LOMAS,2020,12,28,0.0,-999,16.4
115133,LOMAS,2020,12,29,-888,-999,15.8
115133,LOMAS,2020,12,30,0.0,-999,16.0
115133,LOMAS,2020,12,31,0.6,-999,16.2
115133,LOMAS,2021,01,01,0.0,-999,16.6
115133,LOMAS,2021,01,02,-888,-999,16.6
115133,LOMAS,2021,01,03,-888,-999,15.8
115133,LOMAS,2021,01,04,-888,-999,16.0
115133,LOMAS,2021,01,05,-888,-999,16.2
115133,LOMAS,2021,01,06,0.0,-999,16.4
115133,LOMAS,2021,01,07,0.0,-999,16.2
115133,LOMAS,2021,01,08,0.0,-999,15.8
115133,LOMAS,2021,01,09,0.0,-999,15.8
115133,LOMAS,2021,01,10,0.0,-999,16.2
115133,LOMAS,2021,01,11,0.0,-999,16.0
115133,LOMAS,2021,01,12,0.0,-999,16.0
115133,LOMAS,2021,01,13,0.0,-999,15.6
115133,LOMAS,2021,01,14,0.0,-999,15.8
115133,LOMAS,2021,01,15,0.0,-999,16.4
115133,LOMAS,2021,01,16,0.0,-999,16.2
115133,LOMAS,2021,01,17,0.0,-999,15.6
115133,LOMAS,2021,01,18,0.0,-999,16.0
115133,LOMAS,2021,01,19,0.0,-999,15.8
115133,LOMAS,2021,01,20,0.0,-999,16.4
115133,LOMAS,2021,01,21,0.0,-999,15.6
115133,LOMAS,2021,01,22,0.0,-999,16.0
115133,LOMAS,2021,01,23,0.0,-999,15.2
115133,LOMAS,2021,01,24,0.0,-999,15.4
115133,LOMAS,2021,01,25,0.0,-999,15.6
115133,LOMAS,2021,01,26,0.0,-999,15.8
115133,LOMAS,2021,01,27,0.0,-999,15.6
115133,LOMAS,2021,01,28,0.0,-999,15.6
115133,LOMAS,2021,01,29,0.0,-999,15.4
115133,LOMAS,2021,01,30,0.0,-999,15.8
115133,LOMAS,2021,01,31,0.0,-999,16.0
115133,LOMAS,2021,02,01,0.0,-999,16.2
115133,LOMAS,2021,02,02,0.0,-999,16.6
115133,LOMAS,2021,02,03,0.0,-999,16.4
115133,LOMAS,2021,02,04,0.0,-999,15.4
115133,LOMAS,2021,02,05,0.0,-999,15.6
115133,LOMAS,2021,02,06,0.0,-999,15.8
115133,LOMAS,2021,02,07,0.0,-999,16.2
115133,LOMAS,2021,02,08,0.0,-999,17.2
115133,LOMAS,2021,02,09,0.0,-999,16.0
115133,LOMAS,2021,02,10,0.0,-999,15.4
115133,LOMAS,2021,02,11,0.0,-999,15.6
115133,LOMAS,2021,02,12,0.0,-999,16.8
115133,LOMAS,2021,02,13,0.0,-999,16.0
115133,LOMAS,2021,02,14,0.0,-999,16.2
115133,LOMAS,2021,02,15,0.0,-999,15.2
115133,LOMAS,2021,02,16,0.0,-999,15.2
115133,LOMAS,2021,02,17,0.0,-999,14.8
115133,LOMAS,2021,02,18,0.0,-999,14.8
115133,LOMAS,2021,02,19,0.0,-999,14.4
115133,LOMAS,2021,02,20,0.0,-999,14.2
115133,LOMAS,2021,02,21,0.0,-999,15.6
115133,LOMAS,2021,02,22,1.0,-999,15.6
115133,LOMAS,2021,02,23,0.0,-999,15.8
115133,LOMAS,2021,02,24,0.0,-999,15.6
115133,LOMAS,2021,02,25,0.0,-999,15.8
115133,LOMAS,2021,02,26,0.0,-999,16.2
115133,LOMAS,2021,02,27,0.0,-999,17.0
115133,LOMAS,2021,02,28,0.0,-999,-999
115133,LOMAS,2021,03,01,0.0,-999,-999
115133,LOMAS,2021,03,02,0.0,-999,-999
115133,LOMAS,2021,03,03,0.0,-999,17.4
115133,LOMAS,2021,03,04,0.0,-999,17.2
115133,LOMAS,2021,03,05,0.0,-999,17.4
115133,LOMAS,2021,03,06,0.0,-999,18.2
115133,LOMAS,2021,03,07,0.0,-999,16.8
115133,LOMAS,2021,03,08,0.0,-999,16.6
115133,LOMAS,2021,03,09,0.0,-999,16.8
115133,LOMAS,2021,03,10,0.0,-999,17.2
115133,LOMAS,2021,03,11,0.0,-999,18.0
115133,LOMAS,2021,03,12,0.0,-999,17.0
115133,LOMAS,2021,03,13,0.0,-999,16.4
115133,LOMAS,2021,03,14,-888,-999,16.2
115133,LOMAS,2021,03,15,0.0,-999,16.2
115133,LOMAS,2021,03,16,0.0,-999,15.8
115133,LOMAS,2021,03,17,0.0,-999,15.4
115133,LOMAS,2021,03,18,0.0,-999,15.6
115133,LOMAS,2021,03,19,0.0,-999,16.2
115133,LOMAS,2021,03,20,0.0,-999,15.6
115133,LOMAS,2021,03,21,-888,-999,15.4
115133,LOMAS,2021,03,22,0.0,-999,15.2
115133,LOMAS,2021,03,23,0.0,-999,15.4
115133,LOMAS,2021,03,24,0.0,-999,15.8
115133,LOMAS,2021,03,25,0.0,-999,15.0
115133,LOMAS,2021,03,26,0.0,-999,15.4
115133,LOMAS,2021,03,27,0.0,-999,14.6
115133,LOMAS,2021,03,28,0.0,-999,14.8
115133,LOMAS,2021,03,29,0.0,-999,15.2
115133,LOMAS,2021,03,30,0.0,-999,14.8
115133,LOMAS,2021,03,31,0.0,-999,14.6
115133,LOMAS,2021,04,01,0.0,-999,14.8
115133,LOMAS,2021,04,02,0.0,-999,14.8
115133,LOMAS,2021,04,03,0.0,-999,-999
115133,LOMAS,2021,04,04,-999,-999,15.0
115133,LOMAS,2021,04,05,-999,-999,-999
115133,LOMAS,2021,04,06,-999,-999,-999
115133,LOMAS,2021,04,07,-999,-999,-999
115133,LOMAS,2021,04,08,0.0,-999,15.0
115133,LOMAS,2021,04,09,0.0,-999,14.8
115133,LOMAS,2021,04,10,0.0,-999,14.6
115133,LOMAS,2021,04,11,0.0,-999,14.4
115133,LOMAS,2021,04,12,0.0,-999,14.0
115133,LOMAS,2021,04,13,0.0,-999,13.6
115133,LOMAS,2021,04,14,0.0,-999,14.8
115133,LOMAS,2021,04,15,0.0,-999,14.4
115133,LOMAS,2021,04,16,0.0,-999,14.6
115133,LOMAS,2021,04,17,0.0,-999,15.0
115133,LOMAS,2021,04,18,0.0,-999,14.2
115133,LOMAS,2021,04,19,0.0,-999,-999
115133,LOMAS,2021,04,20,0.0,-999,-999
115133,LOMAS,2021,04,21,0.0,-999,-999
115133,LOMAS,2021,04,22,0.0,-999,14.4
115133,LOMAS,2021,04,23,0.0,-999,14.6
115133,LOMAS,2021,04,24,0.0,-999,14.8
115133,LOMAS,2021,04,25,0.0,-999,14.0
115133,LOMAS,2021,04,26,0.0,-999,13.6
115133,LOMAS,2021,04,27,0.0,-999,14.0
115133,LOMAS,2021,04,28,0.0,-999,14.6
115133,LOMAS,2021,04,29,0.0,-999,-999
115133,LOMAS,2021,04,30,0.0,-999,-999
115133,LOMAS,2021,05,01,0.0,-999,-999
115133,LOMAS,2021,05,02,0.0,-999,14.0
115133,LOMAS,2021,05,03,0.0,-999,14.2
115133,LOMAS,2021,05,04,0.0,-999,13.8
115133,LOMAS,2021,05,05,0.0,-999,14.0
115133,LOMAS,2021,05,06,0.0,-999,13.4
115133,LOMAS,2021,05,07,0.0,-999,13.6
115133,LOMAS,2021,05,08,0.0,-999,-999
115133,LOMAS,2021,05,09,0.0,-999,-999
115133,LOMAS,2021,05,10,0.0,-999,-999
115133,LOMAS,2021,05,11,0.0,-999,13.8
115133,LOMAS,2021,05,12,0.0,-999,13.8
115133,LOMAS,2021,05,13,0.0,-999,13.6
115133,LOMAS,2021,05,14,0.0,-999,14.2
115133,LOMAS,2021,05,15,0.0,-999,13.2
115133,LOMAS,2021,05,16,0.0,-999,13.0
115133,LOMAS,2021,05,17,0.0,-999,13.0
115133,LOMAS,2021,05,18,0.0,-999,13.2
115133,LOMAS,2021,05,19,0.0,-999,13.4
115133,LOMAS,2021,05,20,0.0,-999,13.4
115133,LOMAS,2021,05,21,0.0,-999,13.8
115133,LOMAS,2021,05,22,0.0,-999,13.4
115133,LOMAS,2021,05,23,0.0,-999,11.6
115133,LOMAS,2021,05,24,0.0,-999,12.4
115133,LOMAS,2021,05,25,-888,-999,13.0
115133,LOMAS,2021,05,26,0.0,-999,13.2
115133,LOMAS,2021,05,27,0.0,-999,13.8
115133,LOMAS,2021,05,28,0.0,-999,14.8
115133,LOMAS,2021,05,29,0.0,-999,14.6
115133,LOMAS,2021,05,30,0.0,-999,14.4
115133,LOMAS,2021,05,31,0.0,-999,14.0
115133,LOMAS,2021,06,01,0.0,-999,14.0
115133,LOMAS,2021,06,02,0.0,-999,14.4
115133,LOMAS,2021,06,03,0.0,-999,14.0
115133,LOMAS,2021,06,04,0.0,-999,14.2
115133,LOMAS,2021,06,05,0.0,-999,11.4
115133,LOMAS,2021,06,06,0.0,-999,11.8
115133,LOMAS,2021,06,07,0.0,-999,13.8
115133,LOMAS,2021,06,08,0.0,-999,13.8
115133,LOMAS,2021,06,09,0.0,-999,12.4
115133,LOMAS,2021,06,10,0.0,-999,12.6
115133,LOMAS,2021,06,11,0.0,-999,13.6
115133,LOMAS,2021,06,12,0.0,-999,14.0
115133,LOMAS,2021,06,13,0.0,-999,12.0
115133,LOMAS,2021,06,14,0.0,-999,14.0
115133,LOMAS,2021,06,15,0.0,-999,14.2
115133,LOMAS,2021,06,16,0.0,-999,12.8
115133,LOMAS,2021,06,17,0.0,-999,13.2
115133,LOMAS,2021,06,18,0.0,-999,13.8
115133,LOMAS,2021,06,19,-888,-999,13.6
115133,LOMAS,2021,06,20,0.0,-999,14.6
115133,LOMAS,2021,06,21,-888,-999,14.0
115133,LOMAS,2021,06,22,0.0,-999,13.4
115133,LOMAS,2021,06,23,0.0,-999,14.6
115133,LOMAS,2021,06,24,0.0,-999,13.6
115133,LOMAS,2021,06,25,0.0,-999,14.4
115133,LOMAS,2021,06,26,0.0,-999,13.8
115133,LOMAS,2021,06,27,0.0,-999,12.0
115133,LOMAS,2021,06,28,0.0,-999,11.0
115133,LOMAS,2021,06,29,0.0,-999,10.2
115133,LOMAS,2021,06,30,0.0,-999,10.0
115133,LOMAS,2021,07,01,0.0,-999,10.4
115133,LOMAS,2021,07,02,0.0,-999,10.2
115133,LOMAS,2021,07,03,0.0,-999,10.6
115133,LOMAS,2021,07,04,0.0,-999,12.0
115133,LOMAS,2021,07,05,0.0,-999,12.8
115133,LOMAS,2021,07,06,0.0,-999,13.0
115133,LOMAS,2021,07,07,0.0,-999,13.0
115133,LOMAS,2021,07,08,0.0,-999,11.4
115133,LOMAS,2021,07,09,0.0,-999,10.6
115133,LOMAS,2021,07,10,0.0,-999,11.2
115133,LOMAS,2021,07,11,0.0,-999,11.4
115133,LOMAS,2021,07,12,0.0,-999,12.4
115133,LOMAS,2021,07,13,0.0,-999,12.8
115133,LOMAS,2021,07,14,0.0,-999,13.0
115133,LOMAS,2021,07,15,0.0,-999,13.2
115133,LOMAS,2021,07,16,0.0,-999,12.8
115133,LOMAS,2021,07,17,0.0,-999,12.8
115133,LOMAS,2021,07,18,0.0,-999,12.2
115133,LOMAS,2021,07,19,0.0,-999,11.8
115133,LOMAS,2021,07,20,0.0,-999,12.0
115133,LOMAS,2021,07,21,0.0,-999,11.2
115133,LOMAS,2021,07,22,0.0,-999,12.6
115133,LOMAS,2021,07,23,0.0,-999,13.0
115133,LOMAS,2021,07,24,0.0,-999,13.2
115133,LOMAS,2021,07,25,0.0,-999,12.2
115133,LOMAS,2021,07,26,0.0,-999,12.6
115133,LOMAS,2021,07,27,0.0,-999,13.0
115133,LOMAS,2021,07,28,0.0,-999,12.6
115133,LOMAS,2021,07,29,0.0,-999,12.8
115133,LOMAS,2021,07,30,0.0,-999,12.6
115133,LOMAS,2021,07,31,0.0,-999,12.6
115133,LOMAS,2021,08,01,0.0,-999,12.4
115133,LOMAS,2021,08,02,0.0,-999,12.2
115133,LOMAS,2021,08,03,0.0,-999,13.0
115133,LOMAS,2021,08,04,-888,-999,12.8
115133,LOMAS,2021,08,05,0.0,-999,12.0
115133,LOMAS,2021,08,06,0.0,-999,12.4
115133,LOMAS,2021,08,07,0.0,-999,12.8
115133,LOMAS,2021,08,08,0.0,-999,13.4
115133,LOMAS,2021,08,09,0.0,-999,12.8
115133,LOMAS,2021,08,10,0.0,-999,12.6
115133,LOMAS,2021,08,11,0.0,-999,11.8
115133,LOMAS,2021,08,12,0.0,-999,12.4
115133,LOMAS,2021,08,13,0.0,-999,12.8
115133,LOMAS,2021,08,14,0.0,-999,12.8
115133,LOMAS,2021,08,15,0.0,-999,13.2
115133,LOMAS,2021,08,16,0.0,-999,13.0
115133,LOMAS,2021,08,17,0.0,-999,12.8
115133,LOMAS,2021,08,18,0.0,-999,12.6
115133,LOMAS,2021,08,19,0.0,-999,11.8
115133,LOMAS,2021,08,20,0.0,-999,12.6
115133,LOMAS,2021,08,21,0.0,-999,12.4
115133,LOMAS,2021,08,22,0.0,-999,12.2
115133,LOMAS,2021,08,23,0.0,-999,12.2
115133,LOMAS,2021,08,24,-888,-999,11.8
115133,LOMAS,2021,08,25,0.0,-999,11.6
115133,LOMAS,2021,08,26,0.0,-999,11.6
115133,LOMAS,2021,08,27,0.0,-999,11.4
115133,LOMAS,2021,08,28,0.0,-999,11.4
115133,LOMAS,2021,08,29,0.0,-999,10.0
115133,LOMAS,2021,08,30,0.0,-999,11.0
115133,LOMAS,2021,08,31,0.0,-999,11.0
115133,LOMAS,2021,09,01,0.0,16.0,11.8
115133,LOMAS,2021,09,02,0.0,16.2,10.8
115133,LOMAS,2021,09,03,0.0,16.4,11.2
115133,LOMAS,2021,09,04,0.0,15.8,11.8
115133,LOMAS,2021,09,05,0.0,16.8,11.6
115133,LOMAS,2021,09,06,0.0,16.6,11.8
115133,LOMAS,2021,09,07,-888,17.0,11.4
115133,LOMAS,2021,09,08,0.0,16.2,11.2
115133,LOMAS,2021,09,09,0.0,16.0,11.0
115133,LOMAS,2021,09,10,0.0,16.6,11.2
115133,LOMAS,2021,09,11,0.0,17.0,11.4
115133,LOMAS,2021,09,12,0.0,16.0,11.6
115133,LOMAS,2021,09,13,0.0,16.8,11.6
115133,LOMAS,2021,09,14,0.0,16.2,11.8
115133,LOMAS,2021,09,15,0.0,16.8,11.4
115133,LOMAS,2021,09,16,0.0,15.8,11.0
115133,LOMAS,2021,09,17,0.0,15.4,11.0
115133,LOMAS,2021,09,18,0.0,16.8,10.0
115133,LOMAS,2021,09,19,0.0,17.0,10.8
115133,LOMAS,2021,09,20,0.0,17.8,11.6
115133,LOMAS,2021,09,21,0.0,16.2,10.8
115133,LOMAS,2021,09,22,0.0,16.6,11.2
115133,LOMAS,2021,09,23,0.0,16.8,11.4
115133,LOMAS,2021,09,24,0.0,16.4,10.8
115133,LOMAS,2021,09,25,0.0,16.0,11.0
115133,LOMAS,2021,09,26,0.0,16.6,11.6
115133,LOMAS,2021,09,27,0.0,17.0,11.2
115133,LOMAS,2021,09,28,0.0,16.6,11.0
115133,LOMAS,2021,09,29,0.0,17.2,11.2
115133,LOMAS,2021,09,30,0.0,17.8,11.2
115133,LOMAS,2021,10,01,0.0,17.6,11.8
115133,LOMAS,2021,10,02,0.0,16.6,12.2
115133,LOMAS,2021,10,03,0.0,15.6,12.0
115133,LOMAS,2021,10,04,0.0,16.0,11.2
115133,LOMAS,2021,10,05,0.0,17.0,11.0
115133,LOMAS,2021,10,06,0.0,17.8,11.2
115133,LOMAS,2021,10,07,-888,16.2,11.6
115133,LOMAS,2021,10,08,-888,14.8,11.4
115133,LOMAS,2021,10,09,-888,15.0,11.4
115133,LOMAS,2021,10,10,-888,15.8,11.2
115133,LOMAS,2021,10,11,0.0,16.4,11.2
115133,LOMAS,2021,10,12,0.0,16.0,11.4
115133,LOMAS,2021,10,13,0.0,17.2,11.4
115133,LOMAS,2021,10,14,0.0,15.4,11.2
115133,LOMAS,2021,10,15,0.0,16.4,11.0
115133,LOMAS,2021,10,16,0.0,16.0,11.0
115133,LOMAS,2021,10,17,0.0,16.4,11.2
115133,LOMAS,2021,10,18,0.0,17.2,11.2
115133,LOMAS,2021,10,19,0.0,17.4,11.4
115133,LOMAS,2021,10,20,0.0,17.0,11.2
115133,LOMAS,2021,10,21,0.0,17.0,11.2
115133,LOMAS,2021,10,22,0.0,17.2,10.8
115133,LOMAS,2021,10,23,0.0,17.4,11.0
115133,LOMAS,2021,10,24,0.0,18.0,11.4
115133,LOMAS,2021,10,25,0.0,17.4,11.8
115133,LOMAS,2021,10,26,0.0,17.8,11.4
115133,LOMAS,2021,10,27,0.0,18.8,-999
115133,LOMAS,2021,10,28,0.0,19.6,11.4
115133,LOMAS,2021,10,29,0.0,18.4,12.8
115133,LOMAS,2021,10,30,0.0,19.2,12.8
115133,LOMAS,2021,10,31,0.0,19.8,12.6
115133,LOMAS,2021,11,01,0.0,19.4,12.4
115133,LOMAS,2021,11,02,0.0,18.6,12.8
115133,LOMAS,2021,11,03,0.0,19.6,12.4
115133,LOMAS,2021,11,04,0.0,20.0,-999
115133,LOMAS,2021,11,05,0.0,20.0,12.2
115133,LOMAS,2021,11,06,0.0,18.6,12.8
115133,LOMAS,2021,11,07,0.0,18.2,12.8
115133,LOMAS,2021,11,08,0.0,19.6,12.0
115133,LOMAS,2021,11,09,0.0,20.0,-999
115133,LOMAS,2021,11,10,0.0,19.4,-999
115133,LOMAS,2021,11,11,0.0,20.2,12.8
115133,LOMAS,2021,11,12,0.0,20.2,12.4
115133,LOMAS,2021,11,13,0.0,18.8,12.8
115133,LOMAS,2021,11,14,0.0,20.2,12.6
115133,LOMAS,2021,11,15,0.0,20.2,12.2
115133,LOMAS,2021,11,16,0.0,19.2,12.4
115133,LOMAS,2021,11,17,0.0,19.8,12.2
115133,LOMAS,2021,11,18,0.0,20.4,12.8
115133,LOMAS,2021,11,19,0.0,20.0,13.0
115133,LOMAS,2021,11,20,0.0,19.8,12.4
115133,LOMAS,2021,11,21,0.0,19.6,12.6
115133,LOMAS,2021,11,22,0.0,20.2,13.0
115133,LOMAS,2021,11,23,0.0,20.8,14.4
115133,LOMAS,2021,11,24,0.0,20.6,13.6
115133,LOMAS,2021,11,25,0.0,19.2,13.6
115133,LOMAS,2021,11,26,0.0,21.0,13.2
115133,LOMAS,2021,11,27,0.0,20.8,13.4
115133,LOMAS,2021,11,28,0.0,21.2,13.4
115133,LOMAS,2021,11,29,0.0,21.2,12.4
115133,LOMAS,2021,11,30,0.0,19.8,12.4
115133,LOMAS,2021,12,01,0.0,20.8,12.6
115133,LOMAS,2021,12,02,0.0,21.2,13.2
115133,LOMAS,2021,12,03,0.0,20.4,13.4
115133,LOMAS,2021,12,04,0.0,20.2,13.2
115133,LOMAS,2021,12,05,0.0,20.8,-999
115133,LOMAS,2021,12,06,-888,21.6,-999
115133,LOMAS,2021,12,07,0.0,20.8,13.4
115133,LOMAS,2021,12,08,0.0,21.4,13.0
115133,LOMAS,2021,12,09,0.0,21.6,13.8
115133,LOMAS,2021,12,10,-888,21.2,12.8
115133,LOMAS,2021,12,11,0.1,20.0,13.2
115133,LOMAS,2021,12,12,0.0,19.0,13.4
115133,LOMAS,2021,12,13,0.0,21.0,13.0
115133,LOMAS,2021,12,14,0.0,21.0,12.8
115133,LOMAS,2021,12,15,0.0,21.2,14.0
115133,LOMAS,2021,12,16,0.0,21.4,13.8
115133,LOMAS,2021,12,17,0.0,21.2,13.2
115133,LOMAS,2021,12,18,0.0,19.0,14.0
115133,LOMAS,2021,12,19,0.0,20.8,-999
115133,LOMAS,2021,12,20,0.0,21.4,13.0
115133,LOMAS,2021,12,21,0.0,22.0,13.4
115133,LOMAS,2021,12,22,0.0,20.8,15.0
115133,LOMAS,2021,12,23,0.0,22.6,-999
115133,LOMAS,2021,12,24,0.0,23.8,14.8
115133,LOMAS,2021,12,25,0.0,24.0,15.2
115133,LOMAS,2021,12,26,1.8,23.6,-999
115133,LOMAS,2021,12,27,-888,23.8,-999
115133,LOMAS,2021,12,28,0.0,23.6,-999
115133,LOMAS,2021,12,29,0.0,24.0,-999
115133,LOMAS,2021,12,30,0.0,23.0,15.6
115133,LOMAS,2021,12,31,0.0,21.4,14.8
115133,LOMAS,2022,01,01,0.0,22.4,-999
115133,LOMAS,2022,01,02,0.0,22.6,-999
115133,LOMAS,2022,01,03,0.0,22.2,-999
115133,LOMAS,2022,01,04,0.0,23.4,-999
115133,LOMAS,2022,01,05,0.0,23.4,-999
115133,LOMAS,2022,01,06,0.0,21.8,-999
115133,LOMAS,2022,01,07,0.0,23.2,-999
115133,LOMAS,2022,01,08,0.0,24.6,-999
115133,LOMAS,2022,01,09,0.0,25.4,-999
115133,LOMAS,2022,01,10,0.0,24.8,-999
115133,LOMAS,2022,01,11,-999,-999,-999
115133,LOMAS,2022,01,12,-999,-999,-999
115133,LOMAS,2022,01,13,-999,-999,-999
115133,LOMAS,2022,01,14,-999,-999,-999
115133,LOMAS,2022,01,15,-999,-999,-999
115133,LOMAS,2022,01,16,0.0,24.2,-999
115133,LOMAS,2022,01,17,0.0,22.4,-999
115133,LOMAS,2022,01,18,0.0,22.6,-999
115133,LOMAS,2022,01,19,0.0,20.8,-999
115133,LOMAS,2022,01,20,0.0,21.0,-999
115133,LOMAS,2022,01,21,0.0,21.8,-999
115133,LOMAS,2022,01,22,0.0,22.0,-999
115133,LOMAS,2022,01,23,0.0,21.2,-999
115133,LOMAS,2022,01,24,0.0,22.2,-999
115133,LOMAS,2022,01,25,0.0,21.2,-999
115133,LOMAS,2022,01,26,0.0,22.4,-999
115133,LOMAS,2022,01,27,0.0,21.8,-999
115133,LOMAS,2022,01,28,0.0,22.8,-999
115133,LOMAS,2022,01,29,0.0,23.0,-999
115133,LOMAS,2022,01,30,0.0,22.0,-999
115133,LOMAS,2022,01,31,0.0,23.4,-999
115133,LOMAS,2022,02,01,0.0,23.0,-999
115133,LOMAS,2022,02,02,0.0,20.6,-999
115133,LOMAS,2022,02,03,0.0,21.0,-999
115133,LOMAS,2022,02,04,0.0,20.4,-999
115133,LOMAS,2022,02,05,0.0,22.2,-999
115133,LOMAS,2022,02,06,0.0,22.2,-999
115133,LOMAS,2022,02,07,0.0,21.8,-999
115133,LOMAS,2022,02,08,0.0,22.2,-999
115133,LOMAS,2022,02,09,0.0,22.8,-999
115133,LOMAS,2022,02,10,0.0,23.0,-999
115133,LOMAS,2022,02,11,0.0,21.0,-999
115133,LOMAS,2022,02,12,0.0,21.2,-999
115133,LOMAS,2022,02,13,0.0,22.0,-999
115133,LOMAS,2022,02,14,0.0,22.2,-999
115133,LOMAS,2022,02,15,0.0,21.6,-999
115133,LOMAS,2022,02,16,0.0,21.6,-999
115133,LOMAS,2022,02,17,0.0,23.0,-999
115133,LOMAS,2022,02,18,0.0,23.6,-999
115133,LOMAS,2022,02,19,0.0,23.6,-999
115133,LOMAS,2022,02,20,0.0,24.0,-999
115133,LOMAS,2022,02,21,0.0,23.2,-999
115133,LOMAS,2022,02,22,0.0,23.6,-999
115133,LOMAS,2022,02,23,0.0,23.4,-999
115133,LOMAS,2022,02,24,0.0,22.8,-999
115133,LOMAS,2022,02,25,0.0,22.4,-999
115133,LOMAS,2022,02,26,-888,23.2,-999
115133,LOMAS,2022,02,27,0.0,21.0,-999
115133,LOMAS,2022,02,28,0.0,21.4,-999
115133,LOMAS,2022,03,01,0.0,21.4,-999
115133,LOMAS,2022,03,02,0.0,22.4,-999
115133,LOMAS,2022,03,03,0.0,22.6,-999
115133,LOMAS,2022,03,04,0.0,23.6,-999
115133,LOMAS,2022,03,05,0.0,24.2,-999
115133,LOMAS,2022,03,06,0.0,23.8,-999
115133,LOMAS,2022,03,07,0.0,22.0,-999
115133,LOMAS,2022,03,08,0.0,22.2,-999
115133,LOMAS,2022,03,09,0.0,22.0,-999
115133,LOMAS,2022,03,10,0.0,22.2,-999
115133,LOMAS,2022,03,11,0.0,21.8,-999
115133,LOMAS,2022,03,12,0.0,22.8,-999
115133,LOMAS,2022,03,13,0.0,21.2,-999
115133,LOMAS,2022,03,14,0.0,22.2,-999
115133,LOMAS,2022,03,15,0.0,21.0,-999
115133,LOMAS,2022,03,16,0.0,21.2,-999
115133,LOMAS,2022,03,17,0.0,21.0,-999
115133,LOMAS,2022,03,18,0.0,21.4,-999
115133,LOMAS,2022,03,19,0.0,21.2,-999
115133,LOMAS,2022,03,20,0.0,20.4,-999
115133,LOMAS,2022,03,21,0.0,21.4,-999
115133,LOMAS,2022,03,22,0.0,21.6,-999
115133,LOMAS,2022,03,23,0.0,21.0,-999
115133,LOMAS,2022,03,24,0.0,20.6,-999
115133,LOMAS,2022,03,25,0.0,21.6,-999
115133,LOMAS,2022,03,26,0.0,20.8,-999
115133,LOMAS,2022,03,27,0.0,20.4,-999
115133,LOMAS,2022,03,28,0.0,20.8,-999
115133,LOMAS,2022,03,29,0.0,20.4,-999
115133,LOMAS,2022,03,30,0.0,19.6,-999
115133,LOMAS,2022,03,31,0.0,19.2,-999
115133,LOMAS,2022,04,01,0.0,21.2,-999
115133,LOMAS,2022,04,02,0.0,20.0,-999
115133,LOMAS,2022,04,03,0.0,20.2,-999
115133,LOMAS,2022,04,04,0.0,20.2,-999
115133,LOMAS,2022,04,05,0.0,20.4,-999
115133,LOMAS,2022,04,06,0.0,21.4,-999
115133,LOMAS,2022,04,07,0.0,22.8,-999
115133,LOMAS,2022,04,08,0.0,20.8,-999
115133,LOMAS,2022,04,09,0.0,21.6,-999
115133,LOMAS,2022,04,10,0.0,19.4,-999
115133,LOMAS,2022,04,11,0.0,19.8,-999
115133,LOMAS,2022,04,12,0.0,19.8,-999
115133,LOMAS,2022,04,13,0.0,20.0,-999
115133,LOMAS,2022,04,14,0.0,21.0,-999
115133,LOMAS,2022,04,15,0.0,19.4,-999
115133,LOMAS,2022,04,16,0.0,19.0,-999
115133,LOMAS,2022,04,17,0.0,19.8,-999
115133,LOMAS,2022,04,18,0.0,20.8,-999
115133,LOMAS,2022,04,19,0.0,19.8,-999
115133,LOMAS,2022,04,20,0.0,19.6,-999
115133,LOMAS,2022,04,21,0.0,19.2,-999
115133,LOMAS,2022,04,22,0.0,20.6,-999
115133,LOMAS,2022,04,23,0.0,21.0,-999
115133,LOMAS,2022,04,24,0.0,19.4,-999
115133,LOMAS,2022,04,25,0.0,18.8,-999
115133,LOMAS,2022,04,26,0.0,19.6,-999
115133,LOMAS,2022,04,27,0.0,19.8,-999
115133,LOMAS,2022,04,28,0.0,18.6,-999
115133,LOMAS,2022,04,29,0.0,17.8,-999
115133,LOMAS,2022,04,30,0.0,18.8,-999
115133,LOMAS,2022,05,01,0.0,19.2,-999
115133,LOMAS,2022,05,02,0.0,18.4,-999
115133,LOMAS,2022,05,03,0.0,18.8,-999
115133,LOMAS,2022,05,04,0.0,19.2,-999
115133,LOMAS,2022,05,05,0.0,18.4,-999
115133,LOMAS,2022,05,06,0.0,18.0,-999
115133,LOMAS,2022,05,07,0.0,17.8,-999
115133,LOMAS,2022,05,08,0.0,17.8,-999
115133,LOMAS,2022,05,09,0.0,18.0,-999
115133,LOMAS,2022,05,10,0.0,18.2,-999
115133,LOMAS,2022,05,11,0.0,18.6,-999
115133,LOMAS,2022,05,12,0.0,18.8,-999
115133,LOMAS,2022,05,13,0.0,18.0,-999
115133,LOMAS,2022,05,14,0.0,18.4,-999
115133,LOMAS,2022,05,15,0.0,19.2,-999
115133,LOMAS,2022,05,16,0.0,18.6,-999
115133,LOMAS,2022,05,17,0.0,17.6,-999
115133,LOMAS,2022,05,18,0.0,19.6,-999
115133,LOMAS,2022,05,19,0.0,17.8,-999
115133,LOMAS,2022,05,20,0.0,17.6,-999
115133,LOMAS,2022,05,21,0.0,17.4,-999
115133,LOMAS,2022,05,22,0.0,17.2,-999
115133,LOMAS,2022,05,23,0.0,17.4,-999
115133,LOMAS,2022,05,24,0.0,17.4,-999
115133,LOMAS,2022,05,25,0.0,16.8,-999
115133,LOMAS,2022,05,26,0.0,16.8,-999
115133,LOMAS,2022,05,27,0.0,17.4,-999
115133,LOMAS,2022,05,28,0.0,17.4,-999
115133,LOMAS,2022,05,29,0.0,17.2,-999
115133,LOMAS,2022,05,30,0.0,18.0,-999
115133,LOMAS,2022,05,31,0.0,18.8,-999
115133,LOMAS,2022,06,01,0.0,18.2,-999
115133,LOMAS,2022,06,02,0.0,17.2,-999
115133,LOMAS,2022,06,03,0.0,17.2,-999
115133,LOMAS,2022,06,04,0.0,18.6,-999
115133,LOMAS,2022,06,05,0.0,17.8,-999
115133,LOMAS,2022,06,06,0.0,16.8,-999
115133,LOMAS,2022,06,07,0.0,16.2,-999
115133,LOMAS,2022,06,08,0.0,16.2,-999
115133,LOMAS,2022,06,09,0.0,16.6,-999
115133,LOMAS,2022,06,10,0.0,17.4,-999
115133,LOMAS,2022,06,11,0.0,16.4,-999
115133,LOMAS,2022,06,12,0.0,16.0,-999
115133,LOMAS,2022,06,13,0.0,17.6,-999
115133,LOMAS,2022,06,14,0.0,17.6,-999
115133,LOMAS,2022,06,15,0.0,18.4,-999
115133,LOMAS,2022,06,16,0.0,16.8,-999
115133,LOMAS,2022,06,17,0.0,16.4,-999
115133,LOMAS,2022,06,18,0.0,17.4,-999
115133,LOMAS,2022,06,19,0.0,16.2,-999
115133,LOMAS,2022,06,20,0.0,17.2,-999
115133,LOMAS,2022,06,21,0.0,16.4,-999
115133,LOMAS,2022,06,22,0.0,17.8,-999
115133,LOMAS,2022,06,23,0.0,17.2,-999
115133,LOMAS,2022,06,24,0.0,17.4,-999
115133,LOMAS,2022,06,25,0.0,16.6,-999
115133,LOMAS,2022,06,26,0.0,17.8,-999
115133,LOMAS,2022,06,27,0.0,16.6,-999
115133,LOMAS,2022,06,28,0.0,16.2,-999
115133,LOMAS,2022,06,29,0.0,16.6,-999
115133,LOMAS,2022,06,30,0.0,16.4,-999
115133,LOMAS,2022,07,01,0.0,16.2,-999
115133,LOMAS,2022,07,02,0.0,16.8,-999
115133,LOMAS,2022,07,03,0.0,16.4,-999
115133,LOMAS,2022,07,04,0.0,15.8,-999
115133,LOMAS,2022,07,05,0.0,15.8,-999
115133,LOMAS,2022,07,06,0.0,16.0,-999
115133,LOMAS,2022,07,07,0.0,16.8,-999
115133,LOMAS,2022,07,08,0.0,16.2,-999
115133,LOMAS,2022,07,09,0.0,16.4,-999
115133,LOMAS,2022,07,10,0.0,16.2,-999
115133,LOMAS,2022,07,11,0.0,16.0,-999
115133,LOMAS,2022,07,12,0.0,16.4,-999
115133,LOMAS,2022,07,13,0.0,17.4,-999
115133,LOMAS,2022,07,14,0.0,16.0,-999
115133,LOMAS,2022,07,15,0.0,16.0,-999
115133,LOMAS,2022,07,16,0.0,15.4,-999
115133,LOMAS,2022,07,17,0.0,15.6,-999
115133,LOMAS,2022,07,18,0.0,15.8,-999
115133,LOMAS,2022,07,19,0.0,15.8,-999
115133,LOMAS,2022,07,20,0.0,16.8,-999
115133,LOMAS,2022,07,21,0.0,16.4,-999
115133,LOMAS,2022,07,22,0.0,16.4,-999
115133,LOMAS,2022,07,23,0.0,16.6,-999
115133,LOMAS,2022,07,24,0.0,16.4,-999
115133,LOMAS,2022,07,25,0.0,17.0,-999
115133,LOMAS,2022,07,26,0.0,15.8,-999
115133,LOMAS,2022,07,27,0.0,15.2,-999
115133,LOMAS,2022,07,28,0.0,15.4,-999
115133,LOMAS,2022,07,29,0.0,-999,-999
115133,LOMAS,2022,07,30,0.0,15.4,-999
115133,LOMAS,2022,07,31,0.0,-999,-999
115133,LOMAS,2022,08,01,0.0,16.8,-999
115133,LOMAS,2022,08,02,0.0,16.8,-999
115133,LOMAS,2022,08,03,0.0,16.0,-999
115133,LOMAS,2022,08,04,0.0,15.8,-999
115133,LOMAS,2022,08,05,0.0,15.6,-999
115133,LOMAS,2022,08,06,0.0,16.2,-999
115133,LOMAS,2022,08,07,0.0,15.2,-999
115133,LOMAS,2022,08,08,0.0,15.8,-999
115133,LOMAS,2022,08,09,0.0,15.4,-999
115133,LOMAS,2022,08,10,0.0,15.8,-999
115133,LOMAS,2022,08,11,0.0,16.2,-999
115133,LOMAS,2022,08,12,0.0,16.0,-999
115133,LOMAS,2022,08,13,0.0,16.2,-999
115133,LOMAS,2022,08,14,0.0,-999,-999
115133,LOMAS,2022,08,15,0.0,15.6,-999
115133,LOMAS,2022,08,16,0.0,15.0,-999
115133,LOMAS,2022,08,17,0.0,15.6,-999
115133,LOMAS,2022,08,18,0.0,15.4,-999
115133,LOMAS,2022,08,19,0.0,15.4,-999
115133,LOMAS,2022,08,20,0.0,15.0,-999
115133,LOMAS,2022,08,21,0.0,15.4,-999
115133,LOMAS,2022,08,22,0.0,15.6,-999
115133,LOMAS,2022,08,23,0.0,15.4,-999
115133,LOMAS,2022,08,24,0.0,15.6,-999
115133,LOMAS,2022,08,25,0.0,15.6,-999
115133,LOMAS,2022,08,26,0.0,16.8,-999
115133,LOMAS,2022,08,27,0.0,16.2,-999
115133,LOMAS,2022,08,28,0.0,16.2,-999
115133,LOMAS,2022,08,29,0.0,16.0,-999
115133,LOMAS,2022,08,30,0.0,17.6,-999
115133,LOMAS,2022,08,31,0.0,15.4,-999
115133,LOMAS,2022,09,01,0.0,16.0,-999
115133,LOMAS,2022,09,02,0.0,15.8,-999
115133,LOMAS,2022,09,03,0.0,16.2,-999
115133,LOMAS,2022,09,04,0.0,15.8,-999
115133,LOMAS,2022,09,05,0.0,15.8,-999
115133,LOMAS,2022,09,06,0.0,16.2,-999
115133,LOMAS,2022,09,07,0.0,17.6,-999
115133,LOMAS,2022,09,08,0.0,16.2,-999
115133,LOMAS,2022,09,09,0.0,16.4,-999
115133,LOMAS,2022,09,10,0.0,16.4,-999
115133,LOMAS,2022,09,11,0.0,15.8,-999
115133,LOMAS,2022,09,12,0.0,16.0,-999
115133,LOMAS,2022,09,13,0.0,15.2,-999
115133,LOMAS,2022,09,14,0.0,15.0,-999
115133,LOMAS,2022,09,15,0.0,15.4,-999
115133,LOMAS,2022,09,16,0.0,15.8,-999
115133,LOMAS,2022,09,17,0.0,15.4,-999
115133,LOMAS,2022,09,18,0.0,15.0,-999
115133,LOMAS,2022,09,19,0.0,15.6,-999
115133,LOMAS,2022,09,20,-888,15.2,-999
115133,LOMAS,2022,09,21,0.0,14.6,-999
115133,LOMAS,2022,09,22,0.0,15.6,-999
115133,LOMAS,2022,09,23,0.0,15.2,-999
115133,LOMAS,2022,09,24,0.0,15.2,-999
115133,LOMAS,2022,09,25,0.0,15.0,-999
115133,LOMAS,2022,09,26,0.0,15.2,-999
115133,LOMAS,2022,09,27,0.0,15.4,-999
115133,LOMAS,2022,09,28,0.0,15.2,-999
115133,LOMAS,2022,09,29,0.0,15.6,-999
115133,LOMAS,2022,09,30,0.0,15.4,-999
115133,LOMAS,2022,10,01,-888,15.6,-999
115133,LOMAS,2022,10,02,0.0,15.2,-999
115133,LOMAS,2022,10,03,0.0,16.4,-999
115133,LOMAS,2022,10,04,0.0,16.0,-999
115133,LOMAS,2022,10,05,0.0,15.6,-999
115133,LOMAS,2022,10,06,0.0,15.8,-999
115133,LOMAS,2022,10,07,0.0,16.2,-999
115133,LOMAS,2022,10,08,0.0,-999,-999
115133,LOMAS,2022,10,09,0.0,15.8,-999
115133,LOMAS,2022,10,10,0.0,16.0,-999
115133,LOMAS,2022,10,11,0.0,15.8,-999
115133,LOMAS,2022,10,12,0.0,16.8,-999
115133,LOMAS,2022,10,13,0.0,16.8,-999
115133,LOMAS,2022,10,14,0.0,16.6,-999
115133,LOMAS,2022,10,15,0.0,17.4,-999
115133,LOMAS,2022,10,16,0.0,17.0,-999
115133,LOMAS,2022,10,17,0.0,17.4,-999
115133,LOMAS,2022,10,18,0.0,17.8,-999
115133,LOMAS,2022,10,19,0.0,17.0,-999
115133,LOMAS,2022,10,20,0.0,16.6,-999
115133,LOMAS,2022,10,21,0.0,17.0,-999
115133,LOMAS,2022,10,22,0.0,17.4,-999
115133,LOMAS,2022,10,23,0.0,17.2,-999
115133,LOMAS,2022,10,24,0.0,17.6,-999
115133,LOMAS,2022,10,25,0.0,17.4,-999
115133,LOMAS,2022,10,26,0.0,17.6,-999
115133,LOMAS,2022,10,27,0.0,17.8,-999
115133,LOMAS,2022,10,28,0.0,17.4,-999
115133,LOMAS,2022,10,29,0.0,18.0,-999
115133,LOMAS,2022,10,30,0.0,17.6,-999
115133,LOMAS,2022,10,31,0.0,18.8,-999
115133,LOMAS,2022,11,01,0.0,17.4,-999
115133,LOMAS,2022,11,02,0.0,18.0,-999
115133,LOMAS,2022,11,03,0.0,18.8,-999
115133,LOMAS,2022,11,04,0.0,19.2,-999
115133,LOMAS,2022,11,05,0.0,19.2,-999
115133,LOMAS,2022,11,06,0.0,17.6,-999
115133,LOMAS,2022,11,07,0.0,17.8,-999
115133,LOMAS,2022,11,08,0.0,19.0,-999
115133,LOMAS,2022,11,09,0.0,19.8,-999
115133,LOMAS,2022,11,10,0.0,20.0,-999
115133,LOMAS,2022,11,11,0.0,19.0,-999
115133,LOMAS,2022,11,12,0.0,19.2,-999
115133,LOMAS,2022,11,13,0.0,19.8,-999
115133,LOMAS,2022,11,14,0.0,20.0,-999
115133,LOMAS,2022,11,15,0.0,19.8,-999
115133,LOMAS,2022,11,16,0.0,20.2,-999
115133,LOMAS,2022,11,17,0.0,20.2,-999
115133,LOMAS,2022,11,18,0.0,19.6,-999
115133,LOMAS,2022,11,19,0.0,20.8,-999
115133,LOMAS,2022,11,20,0.0,20.4,-999
115133,LOMAS,2022,11,21,0.0,20.4,-999
115133,LOMAS,2022,11,22,0.0,20.0,-999
115133,LOMAS,2022,11,23,0.0,20.8,-999
115133,LOMAS,2022,11,24,0.0,20.6,-999
115133,LOMAS,2022,11,25,0.0,20.4,-999
115133,LOMAS,2022,11,26,-888,-999,-999
115133,LOMAS,2022,11,27,0.0,-999,-999
115133,LOMAS,2022,11,28,-888,-999,-999
115133,LOMAS,2022,11,29,0.0,21.6,-999
115133,LOMAS,2022,11,30,0.0,21.6,-999
115133,LOMAS,2022,12,01,0.0,19.8,-999
115133,LOMAS,2022,12,02,0.0,20.4,-999
115133,LOMAS,2022,12,03,0.0,19.0,-999
115133,LOMAS,2022,12,04,0.0,20.6,-999
115133,LOMAS,2022,12,05,0.0,21.2,-999
115133,LOMAS,2022,12,06,0.0,21.2,-999
115133,LOMAS,2022,12,07,0.0,21.4,-999
115133,LOMAS,2022,12,08,0.0,22.2,-999
115133,LOMAS,2022,12,09,-888,21.6,-999
115133,LOMAS,2022,12,10,0.0,21.4,-999
115133,LOMAS,2022,12,11,0.0,21.8,-999
115133,LOMAS,2022,12,12,0.0,23.0,-999
115133,LOMAS,2022,12,13,0.0,23.0,-999
115133,LOMAS,2022,12,14,0.0,24.0,-999
115133,LOMAS,2022,12,15,0.0,22.2,-999
115133,LOMAS,2022,12,16,0.0,23.2,-999
115133,LOMAS,2022,12,17,0.0,23.8,-999
115133,LOMAS,2022,12,18,0.0,23.0,-999
115133,LOMAS,2022,12,19,0.0,23.6,-999
115133,LOMAS,2022,12,20,0.0,22.8,-999
115133,LOMAS,2022,12,21,0.0,23.0,-999
115133,LOMAS,2022,12,22,0.0,22.2,-999
115133,LOMAS,2022,12,23,0.0,22.2,-999
115133,LOMAS,2022,12,24,0.0,23.6,-999
115133,LOMAS,2022,12,25,0.0,23.6,-999
115133,LOMAS,2022,12,26,0.0,23.8,-999
115133,LOMAS,2022,12,27,0.0,24.2,-999
115133,LOMAS,2022,12,28,0.0,21.4,-999
115133,LOMAS,2022,12,29,0.0,21.6,-999
115133,LOMAS,2022,12,30,0.0,21.8,-999
115133,LOMAS,2022,12,31,0.0,21.8,-999
115133,LOMAS,2023,01,01,0.0,21.0,-999
115133,LOMAS,2023,01,02,0.0,21.0,-999
115133,LOMAS,2023,01,03,0.0,21.4,-999
115133,LOMAS,2023,01,04,0.0,23.0,-999
115133,LOMAS,2023,01,05,0.0,23.4,-999
115133,LOMAS,2023,01,06,0.0,21.6,-999
115133,LOMAS,2023,01,07,0.0,21.2,-999
115133,LOMAS,2023,01,08,0.0,21.4,-999
115133,LOMAS,2023,01,09,0.0,21.8,-999
115133,LOMAS,2023,01,10,0.0,21.6,-999
115133,LOMAS,2023,01,11,0.0,22.0,-999
115133,LOMAS,2023,01,12,0.0,22.8,-999
115133,LOMAS,2023,01,13,0.0,21.4,-999
115133,LOMAS,2023,01,14,0.0,22.0,-999
115133,LOMAS,2023,01,15,0.0,22.8,-999
115133,LOMAS,2023,01,16,0.0,23.6,-999
115133,LOMAS,2023,01,17,0.0,22.0,-999
115133,LOMAS,2023,01,18,0.0,21.4,-999
115133,LOMAS,2023,01,19,0.0,22.0,-999
115133,LOMAS,2023,01,20,0.0,22.6,-999
115133,LOMAS,2023,01,21,0.0,23.6,-999
115133,LOMAS,2023,01,22,0.0,22.8,-999
115133,LOMAS,2023,01,23,0.0,23.6,-999
115133,LOMAS,2023,01,24,0.0,23.0,-999
115133,LOMAS,2023,01,25,0.0,22.8,-999
115133,LOMAS,2023,01,26,0.0,23.8,-999
115133,LOMAS,2023,01,27,0.0,24.6,-999
115133,LOMAS,2023,01,28,-888,22.6,-999
115133,LOMAS,2023,01,29,0.0,21.6,-999
115133,LOMAS,2023,01,30,-888,24.0,-999
115133,LOMAS,2023,01,31,0.0,24.6,-999
115133,LOMAS,2023,02,01,0.0,24.8,-999
115133,LOMAS,2023,02,02,0.0,24.2,-999
115133,LOMAS,2023,02,03,0.0,25.4,-999
115133,LOMAS,2023,02,04,-888,25.6,-999
115133,LOMAS,2023,02,05,-888,26.2,-999
115133,LOMAS,2023,02,06,0.0,26.4,-999
115133,LOMAS,2023,02,07,0.0,24.2,-999
115133,LOMAS,2023,02,08,0.0,24.4,-999
115133,LOMAS,2023,02,09,0.0,26.0,-999
115133,LOMAS,2023,02,10,0.0,25.4,-999
115133,LOMAS,2023,02,11,-888,24.0,-999
115133,LOMAS,2023,02,12,0.0,22.6,-999
115133,LOMAS,2023,02,13,0.0,25.8,-999
115133,LOMAS,2023,02,14,0.0,25.4,-999
115133,LOMAS,2023,02,15,0.0,26.0,-999
115133,LOMAS,2023,02,16,0.0,24.2,-999
115133,LOMAS,2023,02,17,0.0,25.6,-999
115133,LOMAS,2023,02,18,0.0,25.6,-999
115133,LOMAS,2023,02,19,0.0,25.8,-999
115133,LOMAS,2023,02,20,0.0,23.2,-999
115133,LOMAS,2023,02,21,0.0,23.2,-999
115133,LOMAS,2023,02,22,0.0,21.4,-999
115133,LOMAS,2023,02,23,0.0,22.4,-999
115133,LOMAS,2023,02,24,0.0,23.0,-999
115133,LOMAS,2023,02,25,0.0,21.8,-999
115133,LOMAS,2023,02,26,0.0,22.4,-999
115133,LOMAS,2023,02,27,0.0,22.6,-999
115133,LOMAS,2023,02,28,0.0,22.4,-999
115133,LOMAS,2023,03,01,0.0,22.6,-999
115133,LOMAS,2023,03,02,0.0,22.2,-999
115133,LOMAS,2023,03,03,0.0,23.2,-999
115133,LOMAS,2023,03,04,0.0,23.2,-999
115133,LOMAS,2023,03,05,0.0,23.8,-999
115133,LOMAS,2023,03,06,0.0,24.2,-999
115133,LOMAS,2023,03,07,0.0,25.8,-999
115133,LOMAS,2023,03,08,-888,26.0,-999
115133,LOMAS,2023,03,09,0.0,26.2,-999
115133,LOMAS,2023,03,10,0.0,25.6,-999
115133,LOMAS,2023,03,11,0.0,26.2,-999
115133,LOMAS,2023,03,12,-888,22.6,-999
115133,LOMAS,2023,03,13,0.0,22.2,-999
115133,LOMAS,2023,03,14,0.0,23.2,-999
115133,LOMAS,2023,03,15,0.0,21.6,-999
115133,LOMAS,2023,03,16,0.0,23.0,-999
115133,LOMAS,2023,03,17,0.0,22.4,-999
115133,LOMAS,2023,03,18,0.0,23.8,-999
115133,LOMAS,2023,03,19,0.0,24.6,-999
115133,LOMAS,2023,03,20,0.0,25.0,-999
115133,LOMAS,2023,03,21,0.0,24.6,-999
115133,LOMAS,2023,03,22,0.0,23.6,-999
115133,LOMAS,2023,03,23,0.0,24.8,-999
115133,LOMAS,2023,03,24,0.0,25.0,-999
115133,LOMAS,2023,03,25,-888,25.2,-999
115133,LOMAS,2023,03,26,0.0,25.0,-999
115133,LOMAS,2023,03,27,0.0,25.2,-999
115133,LOMAS,2023,03,28,0.0,25.4,-999
115133,LOMAS,2023,03,29,0.0,25.2,-999
115133,LOMAS,2023,03,30,0.0,25.0,-999
115133,LOMAS,2023,03,31,0.0,26.0,-999
115133,LOMAS,2023,04,01,0.0,24.6,-999
115133,LOMAS,2023,04,02,0.0,25.4,-999
115133,LOMAS,2023,04,03,0.0,26.0,-999
115133,LOMAS,2023,04,04,0.0,25.0,-999
115133,LOMAS,2023,04,05,0.0,24.6,-999
115133,LOMAS,2023,04,06,0.0,25.0,-999
115133,LOMAS,2023,04,07,0.0,25.4,-999
115133,LOMAS,2023,04,08,0.0,25.6,-999
115133,LOMAS,2023,04,09,0.0,24.6,-999
115133,LOMAS,2023,04,10,0.0,24.2,-999
115133,LOMAS,2023,04,11,0.0,24.4,-999
115133,LOMAS,2023,04,12,0.0,23.2,-999
115133,LOMAS,2023,04,13,0.0,23.8,-999
115133,LOMAS,2023,04,14,0.0,25.0,-999
115133,LOMAS,2023,04,15,0.0,24.0,-999
115133,LOMAS,2023,04,16,0.0,23.6,-999
115133,LOMAS,2023,04,17,0.0,23.4,-999
115133,LOMAS,2023,04,18,0.0,23.2,-999
115133,LOMAS,2023,04,19,0.0,22.8,-999
115133,LOMAS,2023,04,20,0.0,23.6,-999
115133,LOMAS,2023,04,21,0.0,23.4,-999
115133,LOMAS,2023,04,22,0.0,24.0,-999
115133,LOMAS,2023,04,23,0.0,23.6,-999
115133,LOMAS,2023,04,24,0.0,23.0,-999
115133,LOMAS,2023,04,25,0.0,23.6,-999
115133,LOMAS,2023,04,26,0.0,23.6,-999
115133,LOMAS,2023,04,27,0.0,22.8,-999
115133,LOMAS,2023,04,28,0.0,22.6,-999
115133,LOMAS,2023,04,29,0.0,22.8,-999
115133,LOMAS,2023,04,30,0.0,22.6,-999
115133,LOMAS,2023,05,01,0.0,22.4,-999
115133,LOMAS,2023,05,02,-888,22.8,-999
115133,LOMAS,2023,05,03,0.0,21.0,-999
115133,LOMAS,2023,05,04,0.0,20.4,-999
115133,LOMAS,2023,05,05,0.0,20.6,-999
115133,LOMAS,2023,05,06,0.0,21.0,-999
115133,LOMAS,2023,05,07,0.0,20.2,-999
115133,LOMAS,2023,05,08,0.0,19.8,-999
115133,LOMAS,2023,05,09,0.0,20.2,-999
115133,LOMAS,2023,05,10,0.0,19.8,-999
115133,LOMAS,2023,05,11,0.0,21.0,-999
115133,LOMAS,2023,05,12,0.0,21.0,-999
115133,LOMAS,2023,05,13,0.0,21.4,-999
115133,LOMAS,2023,05,14,0.0,21.6,-999
115133,LOMAS,2023,05,15,0.0,21.0,-999
115133,LOMAS,2023,05,16,0.0,20.8,-999
115133,LOMAS,2023,05,17,0.0,21.6,-999
115133,LOMAS,2023,05,18,0.0,20.2,-999
115133,LOMAS,2023,05,19,0.0,20.0,-999
115133,LOMAS,2023,05,20,-888,19.2,-999
115133,LOMAS,2023,05,21,0.0,19.8,-999
115133,LOMAS,2023,05,22,0.0,19.6,-999
115133,LOMAS,2023,05,23,0.0,20.0,-999
115133,LOMAS,2023,05,24,0.0,20.0,-999
115133,LOMAS,2023,05,25,0.0,19.6,-999
115133,LOMAS,2023,05,26,0.0,19.6,-999
115133,LOMAS,2023,05,27,-888,19.4,-999
115133,LOMAS,2023,05,28,0.0,19.6,-999
115133,LOMAS,2023,05,29,0.0,20.4,-999
115133,LOMAS,2023,05,30,0.0,19.6,-999
115133,LOMAS,2023,05,31,0.0,18.8,-999
115133,LOMAS,2023,06,01,0.0,19.8,-999
115133,LOMAS,2023,06,02,0.0,20.0,-999
115133,LOMAS,2023,06,03,0.0,19.4,-999
115133,LOMAS,2023,06,04,0.0,20.2,-999
115133,LOMAS,2023,06,05,0.0,20.0,-999
115133,LOMAS,2023,06,06,0.0,19.8,-999
115133,LOMAS,2023,06,07,0.0,20.0,-999
115133,LOMAS,2023,06,08,0.0,20.4,-999
115133,LOMAS,2023,06,09,0.0,19.8,-999
115133,LOMAS,2023,06,10,0.0,20.0,-999
115133,LOMAS,2023,06,11,0.0,20.2,-999
115133,LOMAS,2023,06,12,0.0,20.2,-999
115133,LOMAS,2023,06,13,0.0,19.8,-999
115133,LOMAS,2023,06,14,0.0,18.8,-999
115133,LOMAS,2023,06,15,0.0,19.0,-999
115133,LOMAS,2023,06,16,0.0,20.2,-999
115133,LOMAS,2023,06,17,0.0,20.4,-999
115133,LOMAS,2023,06,18,0.0,18.6,-999
115133,LOMAS,2023,06,19,0.0,19.4,-999
115133,LOMAS,2023,06,20,0.0,18.8,-999
115133,LOMAS,2023,06,21,0.0,20.6,-999
115133,LOMAS,2023,06,22,0.0,20.0,-999
115133,LOMAS,2023,06,23,0.0,19.0,-999
115133,LOMAS,2023,06,24,0.0,20.4,-999
115133,LOMAS,2023,06,25,0.0,19.6,-999
115133,LOMAS,2023,06,26,0.0,19.6,-999
115133,LOMAS,2023,06,27,0.0,-999,-999
115133,LOMAS,2023,06,28,0.0,-999,-999
115133,LOMAS,2023,06,29,0.0,-999,-999
115133,LOMAS,2023,06,30,0.0,20.0,-999
115133,LOMAS,2023,07,01,0.0,20.4,-999
115133,LOMAS,2023,07,02,0.0,21.2,-999
115133,LOMAS,2023,07,03,0.0,19.4,-999
115133,LOMAS,2023,07,04,0.0,20.2,-999
115133,LOMAS,2023,07,05,0.0,19.6,-999
115133,LOMAS,2023,07,06,0.0,19.2,-999
115133,LOMAS,2023,07,07,0.0,18.8,-999
115133,LOMAS,2023,07,08,0.0,20.0,-999
115133,LOMAS,2023,07,09,0.0,19.4,-999
115133,LOMAS,2023,07,10,0.0,20.0,-999
115133,LOMAS,2023,07,11,0.0,19.2,-999
115133,LOMAS,2023,07,12,0.0,-999,-999
115133,LOMAS,2023,07,13,-888,-999,-999
115133,LOMAS,2023,07,14,-888,-999,-999
115133,LOMAS,2023,07,15,0.0,18.2,-999
115133,LOMAS,2023,07,16,0.0,18.2,-999
115133,LOMAS,2023,07,17,0.0,19.2,-999
115133,LOMAS,2023,07,18,0.0,19.0,-999
115133,LOMAS,2023,07,19,0.0,18.6,-999
115133,LOMAS,2023,07,20,0.0,18.6,-999
115133,LOMAS,2023,07,21,0.0,18.2,-999
115133,LOMAS,2023,07,22,0.0,18.4,-999
115133,LOMAS,2023,07,23,0.0,19.4,-999
115133,LOMAS,2023,07,24,0.0,19.0,-999
115133,LOMAS,2023,07,25,0.0,18.8,-999
115133,LOMAS,2023,07,26,0.0,19.0,-999
115133,LOMAS,2023,07,27,0.0,18.8,-999
115133,LOMAS,2023,07,28,0.0,18.6,-999
115133,LOMAS,2023,07,29,0.0,18.6,-999
115133,LOMAS,2023,07,30,0.0,19.2,-999
115133,LOMAS,2023,07,31,0.0,19.4,-999
115133,LOMAS,2023,08,01,0.0,19.2,-999
115133,LOMAS,2023,08,02,0.0,19.6,-999
115133,LOMAS,2023,08,03,0.0,19.0,-999
115133,LOMAS,2023,08,04,0.0,19.8,-999
115133,LOMAS,2023,08,05,0.0,20.2,-999
115133,LOMAS,2023,08,06,0.0,20.0,-999
115133,LOMAS,2023,08,07,0.0,19.8,-999
115133,LOMAS,2023,08,08,0.0,19.6,-999
115133,LOMAS,2023,08,09,0.0,20.4,-999
115133,LOMAS,2023,08,10,0.0,19.2,-999
115133,LOMAS,2023,08,11,-888,18.2,-999
115133,LOMAS,2023,08,12,0.0,19.8,-999
115133,LOMAS,2023,08,13,0.0,20.6,-999
115133,LOMAS,2023,08,14,0.0,19.8,-999
115133,LOMAS,2023,08,15,0.0,19.4,-999
115133,LOMAS,2023,08,16,0.0,19.6,-999
115133,LOMAS,2023,08,17,0.0,19.2,-999
115133,LOMAS,2023,08,18,0.0,18.8,-999
115133,LOMAS,2023,08,19,0.0,19.4,-999
115133,LOMAS,2023,08,20,0.0,19.0,-999
115133,LOMAS,2023,08,21,0.0,18.4,-999
115133,LOMAS,2023,08,22,0.0,19.8,-999
115133,LOMAS,2023,08,23,0.0,19.4,-999
115133,LOMAS,2023,08,24,0.0,19.0,-999
115133,LOMAS,2023,08,25,0.0,18.8,-999
115133,LOMAS,2023,08,26,0.0,19.6,-999
115133,LOMAS,2023,08,27,0.0,19.8,-999
115133,LOMAS,2023,08,28,0.0,18.8,-999
115133,LOMAS,2023,08,29,0.0,19.2,-999
115133,LOMAS,2023,08,30,0.0,19.0,-999
115133,LOMAS,2023,08,31,-888,18.6,-999
115133,LOMAS,2023,09,01,0.0,18.8,-999
115133,LOMAS,2023,09,02,0.0,19.6,-999
115133,LOMAS,2023,09,03,-888,18.8,-999
115133,LOMAS,2023,09,04,0.0,18.8,-999
115133,LOMAS,2023,09,05,0.0,19.0,-999
115133,LOMAS,2023,09,06,0.0,18.4,-999
115133,LOMAS,2023,09,07,0.0,18.2,-999
115133,LOMAS,2023,09,08,0.0,19.0,-999
115133,LOMAS,2023,09,09,0.0,19.2,-999
115133,LOMAS,2023,09,10,0.0,19.2,-999
115133,LOMAS,2023,09,11,0.0,19.6,-999
115133,LOMAS,2023,09,12,-888,19.4,-999
115133,LOMAS,2023,09,13,0.0,19.4,-999
115133,LOMAS,2023,09,14,0.0,18.8,-999
115133,LOMAS,2023,09,15,0.0,19.4,-999
115133,LOMAS,2023,09,16,0.0,19.8,-999
115133,LOMAS,2023,09,17,0.0,19.8,-999
115133,LOMAS,2023,09,18,0.0,19.6,-999
115133,LOMAS,2023,09,19,0.0,19.8,-999
115133,LOMAS,2023,09,20,0.0,20.0,-999
115133,LOMAS,2023,09,21,0.0,19.6,-999
115133,LOMAS,2023,09,22,0.0,19.0,-999
115133,LOMAS,2023,09,23,0.0,18.8,-999
115133,LOMAS,2023,09,24,0.0,19.4,-999
115133,LOMAS,2023,09,25,0.0,18.8,-999
115133,LOMAS,2023,09,26,0.0,18.8,-999
115133,LOMAS,2023,09,27,0.0,17.6,-999
115133,LOMAS,2023,09,28,0.0,17.8,-999
115133,LOMAS,2023,09,29,0.0,18.4,-999
115133,LOMAS,2023,09,30,0.0,19.4,-999
115133,LOMAS,2023,10,01,-888,20.0,-999
115133,LOMAS,2023,10,02,-888,18.8,-999
115133,LOMAS,2023,10,03,-888,18.8,-999
115133,LOMAS,2023,10,04,0.0,17.6,-999
115133,LOMAS,2023,10,05,0.0,19.2,-999
115133,LOMAS,2023,10,06,0.0,19.4,-999
115133,LOMAS,2023,10,07,0.0,19.0,-999
115133,LOMAS,2023,10,08,0.0,18.2,-999
115133,LOMAS,2023,10,09,0.0,18.2,-999
115133,LOMAS,2023,10,10,0.0,19.0,-999
115133,LOMAS,2023,10,11,0.0,17.8,-999
115133,LOMAS,2023,10,12,0.0,18.2,-999
115133,LOMAS,2023,10,13,0.0,18.6,-999
115133,LOMAS,2023,10,14,0.0,19.4,-999
115133,LOMAS,2023,10,15,0.0,19.6,-999
115133,LOMAS,2023,10,16,0.0,20.8,-999
115133,LOMAS,2023,10,17,-888,21.2,-999
115133,LOMAS,2023,10,18,-888,21.2,-999
115133,LOMAS,2023,10,19,0.0,19.8,-999
115133,LOMAS,2023,10,20,-888,19.8,-999
115133,LOMAS,2023,10,21,-888,21.0,-999
115133,LOMAS,2023,10,22,-888,20.6,-999
115133,LOMAS,2023,10,23,0.0,19.6,-999
115133,LOMAS,2023,10,24,-888,19.2,-999
115133,LOMAS,2023,10,25,0.0,20.2,-999
115133,LOMAS,2023,10,26,0.0,20.8,-999
115133,LOMAS,2023,10,27,-888,20.0,-999
115133,LOMAS,2023,10,28,0.0,19.2,-999
115133,LOMAS,2023,10,29,0.0,21.0,-999
115133,LOMAS,2023,10,30,0.0,19.0,-999
115133,LOMAS,2023,10,31,0.0,19.0,-999
115133,LOMAS,2023,11,01,0.0,19.2,-999
115133,LOMAS,2023,11,02,0.0,19.0,-999
115133,LOMAS,2023,11,03,0.0,21.0,-999
115133,LOMAS,2023,11,04,0.0,21.2,-999
115133,LOMAS,2023,11,05,0.0,21.0,-999
115133,LOMAS,2023,11,06,0.0,20.6,-999
115133,LOMAS,2023,11,07,0.0,21.2,-999
115133,LOMAS,2023,11,08,0.0,21.6,-999
115133,LOMAS,2023,11,09,-888,20.6,-999
115133,LOMAS,2023,11,10,0.0,20.8,-999
115133,LOMAS,2023,11,11,0.0,19.8,-999
115133,LOMAS,2023,11,12,0.0,21.2,-999
115133,LOMAS,2023,11,13,0.0,19.6,-999
115133,LOMAS,2023,11,14,0.0,20.2,-999
115133,LOMAS,2023,11,15,0.0,19.6,-999
115133,LOMAS,2023,11,16,0.0,19.8,-999
115133,LOMAS,2023,11,17,0.0,19.4,-999
115133,LOMAS,2023,11,18,0.0,20.2,-999
115133,LOMAS,2023,11,19,0.0,20.6,-999
115133,LOMAS,2023,11,20,0.0,21.2,-999
115133,LOMAS,2023,11,21,0.0,22.0,-999
115133,LOMAS,2023,11,22,0.0,19.8,-999
115133,LOMAS,2023,11,23,0.0,21.2,-999
115133,LOMAS,2023,11,24,0.0,21.4,-999
115133,LOMAS,2023,11,25,0.0,22.2,-999
115133,LOMAS,2023,11,26,0.0,21.6,-999
115133,LOMAS,2023,11,27,0.0,20.6,-999
115133,LOMAS,2023,11,28,0.0,22.2,-999
115133,LOMAS,2023,11,29,0.0,21.6,-999
115133,LOMAS,2023,11,30,0.0,22.2,-999
115133,LOMAS,2023,12,01,-888,20.4,-999
115133,LOMAS,2023,12,02,0.0,21.0,-999
115133,LOMAS,2023,12,03,0.0,21.4,-999
115133,LOMAS,2023,12,04,0.0,22.0,-999
115133,LOMAS,2023,12,05,0.0,22.4,-999
115133,LOMAS,2023,12,06,0.0,22.4,-999
115133,LOMAS,2023,12,07,0.0,22.2,-999
115133,LOMAS,2023,12,08,0.0,22.0,-999
115133,LOMAS,2023,12,09,0.0,20.6,-999
115133,LOMAS,2023,12,10,0.0,22.4,-999
115133,LOMAS,2023,12,11,0.0,22.2,-999
115133,LOMAS,2023,12,12,0.0,22.2,-999
115133,LOMAS,2023,12,13,0.0,22.0,-999
115133,LOMAS,2023,12,14,0.0,22.2,-999
115133,LOMAS,2023,12,15,-888,22.8,-999
115133,LOMAS,2023,12,16,0.0,22.0,-999
115133,LOMAS,2023,12,17,0.0,21.8,-999
115133,LOMAS,2023,12,18,0.0,22.6,-999
115133,LOMAS,2023,12,19,0.0,22.2,-999
115133,LOMAS,2023,12,20,0.0,22.8,-999
115133,LOMAS,2023,12,21,0.0,23.4,-999
115133,LOMAS,2023,12,22,0.0,22.6,-999
115133,LOMAS,2023,12,23,0.0,22.4,-999
115133,LOMAS,2023,12,24,0.0,21.6,-999
115133,LOMAS,2023,12,25,0.0,23.2,-999
115133,LOMAS,2023,12,26,0.0,22.6,-999
115133,LOMAS,2023,12,27,2.0,24.2,-999
115133,LOMAS,2023,12,28,-888,23.8,-999
115133,LOMAS,2023,12,29,0.0,24.6,-999
115133,LOMAS,2023,12,30,0.0,24.4,-999
115133,LOMAS,2023,12,31,0.0,22.8,-999
115133,LOMAS,2024,01,01,0.0,24.2,-999
115133,LOMAS,2024,01,02,0.0,22.4,-999
115133,LOMAS,2024,01,03,0.0,23.6,-999
115133,LOMAS,2024,01,04,0.0,23.4,-999
115133,LOMAS,2024,01,05,0.0,22.0,-999
115133,LOMAS,2024,01,06,0.0,23.2,-999
115133,LOMAS,2024,01,07,0.0,23.4,-999
115133,LOMAS,2024,01,08,0.0,24.2,-999
115133,LOMAS,2024,01,09,0.0,23.4,-999
115133,LOMAS,2024,01,10,0.0,24.4,-999
115133,LOMAS,2024,01,11,0.0,23.4,-999
115133,LOMAS,2024,01,12,0.0,24.2,-999
115133,LOMAS,2024,01,13,0.0,24.8,-999
115133,LOMAS,2024,01,14,0.0,23.8,-999
115133,LOMAS,2024,01,15,0.0,22.8,-999
115133,LOMAS,2024,01,16,0.0,23.4,-999
115133,LOMAS,2024,01,17,0.0,24.8,-999
115133,LOMAS,2024,01,18,-888,23.8,-999
115133,LOMAS,2024,01,19,0.0,23.6,-999
115133,LOMAS,2024,01,20,0.0,24.6,-999
115133,LOMAS,2024,01,21,0.0,25.0,-999
115133,LOMAS,2024,01,22,0.0,24.4,-999
115133,LOMAS,2024,01,23,0.0,25.6,-999
115133,LOMAS,2024,01,24,0.0,24.6,-999
115133,LOMAS,2024,01,25,0.0,23.8,-999
115133,LOMAS,2024,01,26,0.0,23.4,-999
115133,LOMAS,2024,01,27,0.0,24.6,-999
115133,LOMAS,2024,01,28,0.0,24.2,-999
115133,LOMAS,2024,01,29,0.0,23.6,-999
115133,LOMAS,2024,01,30,0.0,23.4,-999
115133,LOMAS,2024,01,31,0.0,23.8,-999
115133,LOMAS,2024,02,01,-888,24.4,-999
115133,LOMAS,2024,02,02,0.0,25.2,-999
115133,LOMAS,2024,02,03,0.0,24.4,-999
115133,LOMAS,2024,02,04,0.0,25.8,-999
115133,LOMAS,2024,02,05,0.0,26.6,-999
115133,LOMAS,2024,02,06,0.0,26.8,-999
115133,LOMAS,2024,02,07,0.0,27.0,-999
115133,LOMAS,2024,02,08,0.0,26.6,-999
115133,LOMAS,2024,02,09,0.0,26.0,-999
115133,LOMAS,2024,02,10,0.0,26.4,-999
115133,LOMAS,2024,02,11,0.0,24.6,-999
115133,LOMAS,2024,02,12,0.0,24.4,-999
115133,LOMAS,2024,02,13,0.0,24.6,-999
115133,LOMAS,2024,02,14,0.0,24.2,-999
115133,LOMAS,2024,02,15,0.0,23.6,-999
115133,LOMAS,2024,02,16,0.0,23.6,-999
115133,LOMAS,2024,02,17,0.0,23.8,-999
115133,LOMAS,2024,02,18,0.0,24.8,-999
115133,LOMAS,2024,02,19,0.0,25.6,-999
115133,LOMAS,2024,02,20,0.0,26.4,-999
115133,LOMAS,2024,02,21,0.0,26.6,-999
115133,LOMAS,2024,02,22,0.0,27.0,-999
115133,LOMAS,2024,02,23,0.0,27.4,-999
115133,LOMAS,2024,02,24,0.0,24.2,-999
115133,LOMAS,2024,02,25,0.0,23.6,-999
115133,LOMAS,2024,02,26,0.0,25.0,-999
115133,LOMAS,2024,02,27,0.0,24.0,-999
115133,LOMAS,2024,02,28,0.0,24.8,-999
115133,LOMAS,2024,02,29,0.0,23.6,-999
115133,LOMAS,2024,03,01,-888,24.8,-999
115133,LOMAS,2024,03,02,-888,24.8,-999
115133,LOMAS,2024,03,03,0.0,24.6,-999
115133,LOMAS,2024,03,04,0.0,23.2,-999
115133,LOMAS,2024,03,05,0.0,23.0,-999
115133,LOMAS,2024,03,06,0.0,24.8,-999
115133,LOMAS,2024,03,07,0.0,23.4,-999
115133,LOMAS,2024,03,08,0.0,23.2,-999
115133,LOMAS,2024,03,09,0.0,23.0,-999
115133,LOMAS,2024,03,10,0.0,22.8,-999
115133,LOMAS,2024,03,11,0.0,21.8,-999
115133,LOMAS,2024,03,12,0.0,21.8,-999
115133,LOMAS,2024,03,13,0.0,21.4,-999
115133,LOMAS,2024,03,14,0.0,21.4,-999
115133,LOMAS,2024,03,15,0.0,22.6,-999
115133,LOMAS,2024,03,16,0.0,23.4,-999
115133,LOMAS,2024,03,17,0.0,23.2,-999
115133,LOMAS,2024,03,18,0.0,23.8,-999
115133,LOMAS,2024,03,19,0.0,23.6,-999
115133,LOMAS,2024,03,20,0.0,23.2,-999
115133,LOMAS,2024,03,21,0.0,23.8,-999
115133,LOMAS,2024,03,22,0.0,25.0,-999
115133,LOMAS,2024,03,23,0.0,22.6,-999
115133,LOMAS,2024,03,24,0.0,22.0,-999
115133,LOMAS,2024,03,25,0.0,24.0,-999
115133,LOMAS,2024,03,26,0.0,24.4,-999
115133,LOMAS,2024,03,27,0.0,24.8,-999
115133,LOMAS,2024,03,28,0.0,24.6,-999
115133,LOMAS,2024,03,29,0.0,23.6,-999
115133,LOMAS,2024,03,30,0.0,23.6,-999
115133,LOMAS,2024,03,31,0.0,22.2,-999
115133,LOMAS,2024,04,01,0.0,23.2,-999
115133,LOMAS,2024,04,02,0.0,24.0,-999
115133,LOMAS,2024,04,03,0.0,24.0,-999
115133,LOMAS,2024,04,04,0.0,23.2,-999
115133,LOMAS,2024,04,05,0.0,22.8,-999
115133,LOMAS,2024,04,06,0.0,23.4,-999
115133,LOMAS,2024,04,07,0.0,22.0,-999
115133,LOMAS,2024,04,08,0.0,23.8,-999
115133,LOMAS,2024,04,09,0.0,22.4,-999
115133,LOMAS,2024,04,10,0.0,22.2,-999
115133,LOMAS,2024,04,11,0.0,22.8,-999
115133,LOMAS,2024,04,12,0.0,22.4,-999
115133,LOMAS,2024,04,13,0.0,22.2,-999
115133,LOMAS,2024,04,14,1.2,22.8,-999
115133,LOMAS,2024,04,15,-888,20.4,-999
115133,LOMAS,2024,04,16,0.0,19.8,-999
115133,LOMAS,2024,04,17,0.0,21.2,-999
115133,LOMAS,2024,04,18,0.0,21.6,-999
115133,LOMAS,2024,04,19,0.0,21.4,-999
115133,LOMAS,2024,04,20,0.0,21.2,-999
115133,LOMAS,2024,04,21,-888,21.8,-999
115133,LOMAS,2024,04,22,0.0,22.2,-999
115133,LOMAS,2024,04,23,0.0,21.8,-999
115133,LOMAS,2024,04,24,0.0,20.6,-999
115133,LOMAS,2024,04,25,0.0,21.4,-999
115133,LOMAS,2024,04,26,0.0,20.6,-999
115133,LOMAS,2024,04,27,0.0,20.4,-999
115133,LOMAS,2024,04,28,0.0,21.0,-999
115133,LOMAS,2024,04,29,0.0,20.8,-999
115133,LOMAS,2024,04,30,0.0,20.8,-999
115133,LOMAS,2024,05,01,-888,21.0,-999
115133,LOMAS,2024,05,02,0.0,19.8,-999
115133,LOMAS,2024,05,03,0.0,18.6,-999
115133,LOMAS,2024,05,04,0.0,18.6,-999
115133,LOMAS,2024,05,05,0.0,20.2,-999
115133,LOMAS,2024,05,06,0.0,20.2,-999
115133,LOMAS,2024,05,07,0.0,18.6,-999
115133,LOMAS,2024,05,08,0.0,18.6,-999
115133,LOMAS,2024,05,09,0.0,19.4,-999
115133,LOMAS,2024,05,10,0.0,19.6,-999
115133,LOMAS,2024,05,11,0.0,19.4,-999
115133,LOMAS,2024,05,12,0.0,18.2,-999
115133,LOMAS,2024,05,13,0.0,17.6,-999
115133,LOMAS,2024,05,14,0.0,17.8,-999
115133,LOMAS,2024,05,15,-888,18.8,-999
115133,LOMAS,2024,05,16,0.0,18.4,-999
115133,LOMAS,2024,05,17,0.0,18.6,-999
115133,LOMAS,2024,05,18,0.0,17.8,-999
115133,LOMAS,2024,05,19,0.0,17.2,-999
115133,LOMAS,2024,05,20,0.0,17.6,-999
115133,LOMAS,2024,05,21,0.0,18.6,-999
115133,LOMAS,2024,05,22,0.0,18.4,-999
115133,LOMAS,2024,05,23,0.0,18.2,-999
115133,LOMAS,2024,05,24,0.0,18.0,-999
115133,LOMAS,2024,05,25,0.0,17.6,-999
115133,LOMAS,2024,05,26,0.0,18.2,-999
115133,LOMAS,2024,05,27,0.0,17.8,-999
115133,LOMAS,2024,05,28,0.0,18.2,-999
115133,LOMAS,2024,05,29,0.0,17.4,-999
115133,LOMAS,2024,05,30,0.0,17.2,-999
115133,LOMAS,2024,05,31,0.0,16.8,-999
115133,LOMAS,2024,06,01,0.0,16.8,-999
115133,LOMAS,2024,06,02,0.0,19.4,-999
115133,LOMAS,2024,06,03,0.0,17.6,-999
115133,LOMAS,2024,06,04,0.0,17.6,-999
115133,LOMAS,2024,06,05,0.0,18.2,-999
115133,LOMAS,2024,06,06,0.0,17.8,-999
115133,LOMAS,2024,06,07,0.0,19.8,-999
115133,LOMAS,2024,06,08,0.0,18.2,-999
115133,LOMAS,2024,06,09,0.0,19.4,-999
115133,LOMAS,2024,06,10,0.0,19.6,-999
115133,LOMAS,2024,06,11,0.0,18.2,-999
115133,LOMAS,2024,06,12,0.0,18.6,-999
115133,LOMAS,2024,06,13,0.0,18.6,-999
115133,LOMAS,2024,06,14,0.0,17.8,-999
115133,LOMAS,2024,06,15,0.0,17.6,-999
115133,LOMAS,2024,06,16,0.0,18.4,-999
115133,LOMAS,2024,06,17,0.0,17.0,-999
115133,LOMAS,2024,06,18,0.0,16.6,-999
115133,LOMAS,2024,06,19,0.0,17.0,-999
115133,LOMAS,2024,06,20,0.0,17.0,-999
115133,LOMAS,2024,06,21,0.0,16.8,-999
115133,LOMAS,2024,06,22,0.0,16.8,-999
115133,LOMAS,2024,06,23,0.0,16.4,-999
115133,LOMAS,2024,06,24,0.0,17.0,-999
115133,LOMAS,2024,06,25,0.0,16.8,-999
115133,LOMAS,2024,06,26,-888,16.6,-999
115133,LOMAS,2024,06,27,0.0,17.0,-999
115133,LOMAS,2024,06,28,0.0,17.2,-999
115133,LOMAS,2024,06,29,0.0,16.6,-999
115133,LOMAS,2024,06,30,0.0,16.8,-999
115133,LOMAS,2024,07,01,0.0,16.6,-999
115133,LOMAS,2024,07,02,0.0,17.0,-999
115133,LOMAS,2024,07,03,0.0,-999,-999
115133,LOMAS,2024,07,04,-888,-999,-999
115133,LOMAS,2024,07,05,0.0,-999,-999
115133,LOMAS,2024,07,06,0.0,17.2,-999
115133,LOMAS,2024,07,07,0.0,17.0,-999
115133,LOMAS,2024,07,08,0.0,16.8,-999
115133,LOMAS,2024,07,09,0.0,16.8,-999
115133,LOMAS,2024,07,10,0.0,16.4,-999
115133,LOMAS,2024,07,11,0.0,16.4,-999
115133,LOMAS,2024,07,12,0.0,16.0,-999
115133,LOMAS,2024,07,13,0.0,15.8,-999
115133,LOMAS,2024,07,14,0.0,16.0,-999
115133,LOMAS,2024,07,15,0.0,15.8,-999
115133,LOMAS,2024,07,16,0.0,15.6,-999
115133,LOMAS,2024,07,17,0.0,16.4,-999
115133,LOMAS,2024,07,18,0.0,16.2,-999
115133,LOMAS,2024,07,19,0.0,17.0,-999
115133,LOMAS,2024,07,20,0.0,17.4,-999
115133,LOMAS,2024,07,21,0.0,17.2,-999
115133,LOMAS,2024,07,22,0.0,16.6,-999
115133,LOMAS,2024,07,23,0.0,16.2,-999
115133,LOMAS,2024,07,24,0.0,15.4,-999
115133,LOMAS,2024,07,25,0.0,16.8,-999
115133,LOMAS,2024,07,26,0.0,16.0,-999
115133,LOMAS,2024,07,27,0.0,15.8,-999
115133,LOMAS,2024,07,28,0.0,16.2,-999
115133,LOMAS,2024,07,29,0.0,16.6,-999
115133,LOMAS,2024,07,30,0.0,17.2,-999
115133,LOMAS,2024,07,31,0.0,16.8,-999
115133,LOMAS,2024,08,01,0.0,17.8,-999
115133,LOMAS,2024,08,02,0.0,17.6,-999
115133,LOMAS,2024,08,03,0.0,16.8,-999
115133,LOMAS,2024,08,04,0.0,17.2,-999
115133,LOMAS,2024,08,05,-888,16.8,-999
115133,LOMAS,2024,08,06,0.0,15.6,-999
115133,LOMAS,2024,08,07,0.0,15.4,-999
115133,LOMAS,2024,08,08,0.0,15.2,-999
115133,LOMAS,2024,08,09,0.0,16.4,-999
115133,LOMAS,2024,08,10,0.0,15.6,-999
115133,LOMAS,2024,08,11,0.0,15.4,-999
115133,LOMAS,2024,08,12,0.0,15.6,-999
115133,LOMAS,2024,08,13,0.0,16.0,-999
115133,LOMAS,2024,08,14,0.0,16.4,-999
115133,LOMAS,2024,08,15,0.0,16.2,-999
115133,LOMAS,2024,08,16,0.0,16.4,-999
115133,LOMAS,2024,08,17,0.0,16.6,-999
115133,LOMAS,2024,08,18,0.0,17.2,-999
115133,LOMAS,2024,08,19,0.0,16.4,-999
115133,LOMAS,2024,08,20,0.0,16.4,-999
115133,LOMAS,2024,08,21,-888,16.0,-999
115133,LOMAS,2024,08,22,-888,15.2,-999
115133,LOMAS,2024,08,23,0.0,15.0,-999
115133,LOMAS,2024,08,24,0.0,15.2,-999
115133,LOMAS,2024,08,25,0.0,15.4,-999
115133,LOMAS,2024,08,26,0.0,15.4,-999
115133,LOMAS,2024,08,27,0.0,15.6,-999
115133,LOMAS,2024,08,28,0.0,17.0,-999
115133,LOMAS,2024,08,29,0.0,16.0,-999
115133,LOMAS,2024,08,30,0.0,15.4,-999
115133,LOMAS,2024,08,31,0.0,15.6,-999
115133,LOMAS,2024,09,01,0.0,16.4,12.8
115133,LOMAS,2024,09,02,0.0,16.0,12.6
115133,LOMAS,2024,09,03,0.0,15.6,12.4
115133,LOMAS,2024,09,04,0.0,16.0,12.6
115133,LOMAS,2024,09,05,0.0,16.4,12.4
115133,LOMAS,2024,09,06,0.0,16.2,12.0
115133,LOMAS,2024,09,07,0.0,16.8,12.2
115133,LOMAS,2024,09,08,0.0,16.4,13.2
115133,LOMAS,2024,09,09,0.0,17.0,13.6
115133,LOMAS,2024,09,10,0.0,17.4,13.8
115133,LOMAS,2024,09,11,0.0,17.0,14.0
115133,LOMAS,2024,09,12,0.0,17.2,13.2
115133,LOMAS,2024,09,13,0.0,17.0,13.8
115133,LOMAS,2024,09,14,0.0,16.6,13.6
115133,LOMAS,2024,09,15,0.0,16.2,13.4
115133,LOMAS,2024,09,16,0.0,16.4,13.0
115133,LOMAS,2024,09,17,0.0,16.4,13.2
115133,LOMAS,2024,09,18,0.0,17.4,13.0
115133,LOMAS,2024,09,19,0.0,17.0,-999
115133,LOMAS,2024,09,20,0.0,17.4,-999
115133,LOMAS,2024,09,21,0.1,17.0,-999
115133,LOMAS,2024,09,22,0.1,16.8,13.4
115133,LOMAS,2024,09,23,0.0,17.4,14.2
115133,LOMAS,2024,09,24,0.0,17.0,14.0
115133,LOMAS,2024,09,25,0.0,16.8,14.6
115133,LOMAS,2024,09,26,0.0,18.0,13.4
115133,LOMAS,2024,09,27,0.0,17.8,-999
115133,LOMAS,2024,09,28,0.0,17.4,-999
115133,LOMAS,2024,09,29,0.1,17.4,-999
115133,LOMAS,2024,09,30,0.1,16.6,14.0
115133,LOMAS,2024,10,01,0.0,17.0,14.0
115133,LOMAS,2024,10,02,0.0,17.6,13.6
115133,LOMAS,2024,10,03,0.0,17.4,14.0
115133,LOMAS,2024,10,04,0.0,17.6,14.0
115133,LOMAS,2024,10,05,0.0,18.6,14.8
115133,LOMAS,2024,10,06,0.0,19.4,15.0
115133,LOMAS,2024,10,07,0.3,17.2,15.6
115133,LOMAS,2024,10,08,1.0,16.8,15.0
115133,LOMAS,2024,10,09,0.3,16.2,14.8
115133,LOMAS,2024,10,10,0.1,16.2,14.2
115133,LOMAS,2024,10,11,0.0,17.6,14.2
115133,LOMAS,2024,10,12,0.0,18.2,13.8
115133,LOMAS,2024,10,13,0.0,17.4,14.0
115133,LOMAS,2024,10,14,0.0,17.6,14.2
115133,LOMAS,2024,10,15,0.0,19.0,14.6
115133,LOMAS,2024,10,16,0.0,19.2,16.0
115133,LOMAS,2024,10,17,0.0,18.6,15.0
115133,LOMAS,2024,10,18,0.0,18.8,15.0
115133,LOMAS,2024,10,19,0.0,20.2,14.4
115133,LOMAS,2024,10,20,0.0,20.4,14.6
115133,LOMAS,2024,10,21,0.0,20.4,15.4
115133,LOMAS,2024,10,22,0.0,18.4,15.4
115133,LOMAS,2024,10,23,0.0,18.4,15.0
115133,LOMAS,2024,10,24,0.0,18.0,14.6
115133,LOMAS,2024,10,25,0.0,18.2,14.2
115133,LOMAS,2024,10,26,0.0,19.2,14.2
115133,LOMAS,2024,10,27,0.0,19.4,14.0
115133,LOMAS,2024,10,28,0.0,20.2,14.4
115133,LOMAS,2024,10,29,0.0,19.8,14.6
115133,LOMAS,2024,10,30,0.0,18.8,14.6
115133,LOMAS,2024,10,31,0.0,20.2,15.0
115133,LOMAS,2024,11,01,0.0,20.0,15.2
115133,LOMAS,2024,11,02,0.0,20.2,15.6
115133,LOMAS,2024,11,03,0.0,19.6,15.4
115133,LOMAS,2024,11,04,0.0,18.8,15.6
115133,LOMAS,2024,11,05,0.0,19.2,14.8
115133,LOMAS,2024,11,06,0.0,19.2,14.6
115133,LOMAS,2024,11,07,0.0,19.6,14.8
115133,LOMAS,2024,11,08,0.0,19.8,15.4
115133,LOMAS,2024,11,09,0.0,21.0,14.8
115133,LOMAS,2024,11,10,0.0,21.2,15.6
115133,LOMAS,2024,11,11,0.0,20.8,16.0
115133,LOMAS,2024,11,12,0.0,21.2,15.8
115133,LOMAS,2024,11,13,0.0,21.4,16.4
115133,LOMAS,2024,11,14,0.0,21.2,16.0
115133,LOMAS,2024,11,15,0.0,21.0,16.8
115133,LOMAS,2024,11,16,0.0,21.6,16.4
115133,LOMAS,2024,11,17,0.0,21.6,16.8
115133,LOMAS,2024,11,18,0.0,20.8,16.6
115133,LOMAS,2024,11,19,0.0,21.4,15.6
115133,LOMAS,2024,11,20,0.0,22.0,16.4
115133,LOMAS,2024,11,21,0.0,22.0,17.0
115133,LOMAS,2024,11,22,0.0,21.4,16.8
115133,LOMAS,2024,11,23,0.0,20.8,17.4
115133,LOMAS,2024,11,24,0.0,21.6,16.4
115133,LOMAS,2024,11,25,0.1,20.4,16.6
115133,LOMAS,2024,11,26,0.0,20.4,16.6
115133,LOMAS,2024,11,27,0.1,20.2,16.2
115133,LOMAS,2024,11,28,0.1,21.0,16.6
115133,LOMAS,2024,11,29,0.0,21.4,16.4
115133,LOMAS,2024,11,30,0.0,22.0,16.6
115133,LOMAS,2024,12,01,0.0,20.0,16.2
115133,LOMAS,2024,12,02,0.0,21.6,16.2
115133,LOMAS,2024,12,03,0.0,20.6,16.0
115133,LOMAS,2024,12,04,0.0,-999,14.8
115133,LOMAS,2024,12,05,0.0,-999,15.2
115133,LOMAS,2024,12,06,0.0,-999,15.4
115133,LOMAS,2024,12,07,0.0,21.2,15.6
115133,LOMAS,2024,12,08,0.0,20.2,15.6
115133,LOMAS,2024,12,09,-888,19.6,15.4
115133,LOMAS,2024,12,10,0.0,20.6,15.2
115133,LOMAS,2024,12,11,0.0,20.8,15.4
115133,LOMAS,2024,12,12,0.0,21.0,15.0
115133,LOMAS,2024,12,13,0.0,21.4,15.4
115133,LOMAS,2024,12,14,0.0,21.2,15.6
115133,LOMAS,2024,12,15,0.0,20.8,15.4
115133,LOMAS,2024,12,16,0.0,21.6,15.6
115133,LOMAS,2024,12,17,0.0,20.4,15.8
115133,LOMAS,2024,12,18,0.0,22.0,15.8
115133,LOMAS,2024,12,19,0.0,20.6,16.8
115133,LOMAS,2024,12,20,0.0,20.4,15.6
115133,LOMAS,2024,12,21,0.0,21.8,15.6
115133,LOMAS,2024,12,22,0.0,21.2,15.8
115133,LOMAS,2024,12,23,0.0,22.2,16.0
115133,LOMAS,2024,12,24,0.0,21.0,16.2
115133,LOMAS,2024,12,25,0.0,22.4,15.8
115133,LOMAS,2024,12,26,0.0,22.8,16.2
115133,LOMAS,2024,12,27,0.0,22.8,16.4
115133,LOMAS,2024,12,28,0.0,20.8,16.6
115133,LOMAS,2024,12,29,0.0,22.2,15.8
115133,LOMAS,2024,12,30,0.0,22.4,16.0
115133,LOMAS,2024,12,31,-888,22.2,16.4
115133,LOMAS,2025,01,01,1.5,22.2,16.8
115133,LOMAS,2025,01,02,0.1,22.0,16.6
115133,LOMAS,2025,01,03,-888,23.2,16.8
115133,LOMAS,2025,01,04,0.0,22.6,16.8
115133,LOMAS,2025,01,05,0.0,23.0,17.2
115133,LOMAS,2025,01,06,0.0,23.0,16.6
115133,LOMAS,2025,01,07,0.0,22.0,17.8
115133,LOMAS,2025,01,08,0.0,22.0,18.0
115133,LOMAS,2025,01,09,0.0,23.0,16.6
115133,LOMAS,2025,01,10,0.0,23.6,17.0
115133,LOMAS,2025,01,11,0.0,23.4,17.2
115133,LOMAS,2025,01,12,0.0,22.6,17.8
115133,LOMAS,2025,01,13,0.0,23.8,17.4
115133,LOMAS,2025,01,14,0.0,23.6,18.2
115133,LOMAS,2025,01,15,0.0,23.4,17.4
115133,LOMAS,2025,01,16,0.0,24.0,17.8
115133,LOMAS,2025,01,17,0.0,24.4,18.0
115133,LOMAS,2025,01,18,0.0,23.2,18.6
115133,LOMAS,2025,01,19,0.0,22.4,17.8
115133,LOMAS,2025,01,20,0.0,23.0,17.6
115133,LOMAS,2025,01,21,0.0,22.6,17.8
115133,LOMAS,2025,01,22,0.0,22.6,17.8
115133,LOMAS,2025,01,23,-888,22.0,17.4
115133,LOMAS,2025,01,24,0.0,23.0,17.4
115133,LOMAS,2025,01,25,0.0,23.0,17.8
115133,LOMAS,2025,01,26,0.0,24.2,17.2
115133,LOMAS,2025,01,27,0.0,22.8,17.8
115133,LOMAS,2025,01,28,0.0,23.6,17.8
115133,LOMAS,2025,01,29,0.0,23.6,18.0
115133,LOMAS,2025,01,30,0.0,23.4,17.2
115133,LOMAS,2025,01,31,0.0,24.0,17.2
115133,LOMAS,2025,02,01,0.0,24.4,17.4
115133,LOMAS,2025,02,02,0.0,23.8,18.2
115133,LOMAS,2025,02,03,0.0,25.0,17.4
115133,LOMAS,2025,02,04,0.0,25.0,17.6
115133,LOMAS,2025,02,05,0.0,24.8,18.4
115133,LOMAS,2025,02,06,-888,24.6,18.6
115133,LOMAS,2025,02,07,0.0,25.0,18.6
115133,LOMAS,2025,02,08,0.0,25.2,19.2
115133,LOMAS,2025,02,09,-888,25.6,20.0
115133,LOMAS,2025,02,10,0.0,26.0,21.2
115133,LOMAS,2025,02,11,0.0,26.4,21.0
115133,LOMAS,2025,02,12,-888,26.4,21.0
115133,LOMAS,2025,02,13,-888,25.8,20.8
115133,LOMAS,2025,02,14,0.0,25.4,21.4
115133,LOMAS,2025,02,15,-888,26.4,20.4
115133,LOMAS,2025,02,16,-888,25.4,20.2
115133,LOMAS,2025,02,17,0.0,25.6,20.6
115133,LOMAS,2025,02,18,-888,24.2,20.2
115133,LOMAS,2025,02,19,0.0,23.2,19.8
115133,LOMAS,2025,02,20,0.0,24.6,19.0
115133,LOMAS,2025,02,21,0.0,23.0,18.6
115133,LOMAS,2025,02,22,0.0,22.2,17.0
115133,LOMAS,2025,02,23,0.0,22.6,17.2
115133,LOMAS,2025,02,24,0.0,23.4,18.2
115133,LOMAS,2025,02,25,0.0,24.0,19.2
115133,LOMAS,2025,02,26,0.0,25.6,18.4
115133,LOMAS,2025,02,27,0.0,25.6,19.2
115133,LOMAS,2025,02,28,0.0,25.2,19.0
115133,LOMAS,2025,03,01,0.0,25.0,19.2
115133,LOMAS,2025,03,02,0.0,24.0,18.2
115133,LOMAS,2025,03,03,0.0,23.4,17.6
115133,LOMAS,2025,03,04,0.0,24.0,17.8
115133,LOMAS,2025,03,05,0.0,24.2,18.0
115133,LOMAS,2025,03,06,0.0,23.2,17.6
115133,LOMAS,2025,03,07,0.0,22.8,18.0
115133,LOMAS,2025,03,08,0.0,23.2,17.6
115133,LOMAS,2025,03,09,0.0,22.8,17.6
115133,LOMAS,2025,03,10,0.0,22.6,17.0
115133,LOMAS,2025,03,11,0.0,25.0,17.6
115133,LOMAS,2025,03,12,0.0,24.4,18.0
115133,LOMAS,2025,03,13,0.0,24.0,17.8
115133,LOMAS,2025,03,14,0.0,23.6,17.6
115133,LOMAS,2025,03,15,0.0,23.4,17.4
115133,LOMAS,2025,03,16,0.0,23.0,17.8
115133,LOMAS,2025,03,17,0.0,22.0,17.6
115133,LOMAS,2025,03,18,0.0,23.0,17.4
115133,LOMAS,2025,03,19,0.0,23.0,17.0
115133,LOMAS,2025,03,20,0.0,22.0,16.4
115133,LOMAS,2025,03,21,0.0,22.2,17.0
115133,LOMAS,2025,03,22,0.0,-999,17.0
115133,LOMAS,2025,03,23,0.0,-999,16.8
115133,LOMAS,2025,03,24,0.0,-999,17.0
115133,LOMAS,2025,03,25,0.0,-999,16.2
115133,LOMAS,2025,03,26,0.0,-999,15.8
115133,LOMAS,2025,03,27,0.0,-999,16.2
115133,LOMAS,2025,03,28,0.0,22.0,16.0
115133,LOMAS,2025,03,29,0.0,22.0,16.0
115133,LOMAS,2025,03,30,0.0,20.4,17.0
115133,LOMAS,2025,03,31,0.0,20.4,16.6
115133,LOMAS,2025,04,01,0.0,21.4,15.6
115133,LOMAS,2025,04,02,0.0,19.0,15.2
115133,LOMAS,2025,04,03,0.0,20.6,16.0
115133,LOMAS,2025,04,04,0.0,23.6,16.2
115133,LOMAS,2025,04,05,0.0,22.0,16.0
115133,LOMAS,2025,04,06,0.0,21.4,15.8
115133,LOMAS,2025,04,07,0.0,21.2,16.0
115133,LOMAS,2025,04,08,0.0,21.6,16.0
115133,LOMAS,2025,04,09,0.0,22.0,-999
115133,LOMAS,2025,04,10,0.0,22.2,-999
115133,LOMAS,2025,04,11,0.0,21.0,-999
115133,LOMAS,2025,04,12,0.0,21.4,16.4
115133,LOMAS,2025,04,13,0.0,21.2,16.6
115133,LOMAS,2025,04,14,0.0,20.0,16.0
115133,LOMAS,2025,04,15,0.0,20.6,16.2
115133,LOMAS,2025,04,16,0.0,20.0,15.2
115133,LOMAS,2025,04,17,0.0,20.0,15.8
115133,LOMAS,2025,04,18,0.0,20.2,14.6
115133,LOMAS,2025,04,19,0.0,19.4,15.2
115133,LOMAS,2025,04,20,0.0,19.8,15.2
115133,LOMAS,2025,04,21,0.0,20.2,15.4
115133,LOMAS,2025,04,22,0.0,21.2,16.4
115133,LOMAS,2025,04,23,0.0,20.4,16.0
115133,LOMAS,2025,04,24,0.0,20.6,15.4
115133,LOMAS,2025,04,25,0.0,19.4,14.4
115133,LOMAS,2025,04,26,0.0,19.0,15.4
115133,LOMAS,2025,04,27,0.0,19.6,15.2
115133,LOMAS,2025,04,28,0.0,20.6,15.2
115133,LOMAS,2025,04,29,0.0,20.6,15.0
115133,LOMAS,2025,04,30,0.0,19.2,15.4
115133,LOMAS,2025,05,01,0.0,19.6,15.8
115133,LOMAS,2025,05,02,0.0,19.0,15.6
115133,LOMAS,2025,05,03,0.0,20.2,15.2
115133,LOMAS,2025,05,04,0.0,19.4,15.2
115133,LOMAS,2025,05,05,0.0,19.8,15.6
115133,LOMAS,2025,05,06,0.0,20.0,16.0
115133,LOMAS,2025,05,07,0.0,19.6,15.8
115133,LOMAS,2025,05,08,0.0,19.2,15.6
115133,LOMAS,2025,05,09,0.0,19.6,15.6
115133,LOMAS,2025,05,10,0.0,19.2,15.8
115133,LOMAS,2025,05,11,0.0,19.8,-999
115133,LOMAS,2025,05,12,0.0,19.6,-999
115133,LOMAS,2025,05,13,0.0,19.0,-999
115133,LOMAS,2025,05,14,0.0,19.6,15.0
115133,LOMAS,2025,05,15,0.0,19.4,15.8
115133,LOMAS,2025,05,16,0.0,19.4,15.8
115133,LOMAS,2025,05,17,0.0,18.4,16.4
115133,LOMAS,2025,05,18,0.0,18.4,16.0
115133,LOMAS,2025,05,19,0.0,18.6,15.0
115133,LOMAS,2025,05,20,0.0,19.0,15.2
115133,LOMAS,2025,05,21,0.0,19.0,15.8
115133,LOMAS,2025,05,22,0.0,19.4,14.8
115133,LOMAS,2025,05,23,0.0,19.6,16.6
115133,LOMAS,2025,05,24,0.0,19.4,16.2
115133,LOMAS,2025,05,25,0.0,18.4,16.0
115133,LOMAS,2025,05,26,0.0,18.4,16.0
115133,LOMAS,2025,05,27,-888,18.2,15.6
115133,LOMAS,2025,05,28,0.0,19.2,15.6
115133,LOMAS,2025,05,29,0.0,18.0,15.0
115133,LOMAS,2025,05,30,0.0,19.4,14.2
115133,LOMAS,2025,05,31,0.0,18.2,14.2
115133,LOMAS,2025,06,01,0.0,18.4,13.8
115133,LOMAS,2025,06,02,0.0,18.8,14.0
115133,LOMAS,2025,06,03,-888,18.0,15.2
115133,LOMAS,2025,06,04,0.0,18.4,15.2
115133,LOMAS,2025,06,05,0.0,19.0,16.0
115133,LOMAS,2025,06,06,0.0,18.4,15.8
115133,LOMAS,2025,06,07,0.0,18.0,16.0
115133,LOMAS,2025,06,08,0.0,17.8,15.6
115133,LOMAS,2025,06,09,0.0,18.8,15.6
115133,LOMAS,2025,06,10,0.0,17.2,14.8
115133,LOMAS,2025,06,11,0.0,18.2,14.8
115133,LOMAS,2025,06,12,-888,18.2,14.6
115133,LOMAS,2025,06,13,-888,17.2,15.6
115133,LOMAS,2025,06,14,0.0,17.6,15.4
115133,LOMAS,2025,06,15,0.0,18.2,15.8
115133,LOMAS,2025,06,16,0.0,18.2,15.6
115133,LOMAS,2025,06,17,0.0,17.4,16.0
115133,LOMAS,2025,06,18,0.0,16.8,15.6
115133,LOMAS,2025,06,19,0.0,16.8,15.4
115133,LOMAS,2025,06,20,0.0,17.0,15.0
115133,LOMAS,2025,06,21,0.0,17.0,15.2
115133,LOMAS,2025,06,22,0.0,16.8,15.0
115133,LOMAS,2025,06,23,0.0,17.4,15.2
115133,LOMAS,2025,06,24,0.0,17.4,13.0
115133,LOMAS,2025,06,25,0.0,19.0,14.2
115133,LOMAS,2025,06,26,0.0,18.0,14.2
115133,LOMAS,2025,06,27,-888,17.2,14.6
115133,LOMAS,2025,06,28,-888,-999,14.2
115133,LOMAS,2025,06,29,0.0,-999,14.4
115133,LOMAS,2025,06,30,0.0,-999,14.2
115133,LOMAS,2025,07,01,0.0,16.4,15.2
115133,LOMAS,2025,07,02,0.0,17.6,13.4
115133,LOMAS,2025,07,03,0.0,18.0,14.4
115133,LOMAS,2025,07,04,-888,17.2,14.6
115133,LOMAS,2025,07,05,-888,16.8,14.8
115133,LOMAS,2025,07,06,-888,16.2,15.4
115133,LOMAS,2025,07,07,0.0,17.4,15.2
115133,LOMAS,2025,07,08,0.0,18.0,15.6
115133,LOMAS,2025,07,09,0.0,17.6,15.6
115133,LOMAS,2025,07,10,0.0,17.2,-999
115133,LOMAS,2025,07,11,0.0,17.6,15.4
115133,LOMAS,2025,07,12,0.0,17.6,15.4
115133,LOMAS,2025,07,13,0.0,17.4,13.6
115133,LOMAS,2025,07,14,0.0,17.4,14.8
115133,LOMAS,2025,07,15,0.0,17.0,15.6
115133,LOMAS,2025,07,16,0.0,16.2,15.4
115133,LOMAS,2025,07,17,0.0,17.4,15.2
115133,LOMAS,2025,07,18,0.0,16.8,14.6
115133,LOMAS,2025,07,19,0.0,16.6,13.4
115133,LOMAS,2025,07,20,0.0,17.0,14.4
115133,LOMAS,2025,07,21,0.0,17.0,14.2
115133,LOMAS,2025,07,22,0.0,17.4,14.2
115133,LOMAS,2025,07,23,0.0,17.4,14.6
115133,LOMAS,2025,07,24,0.0,17.8,14.8
115133,LOMAS,2025,07,25,0.0,17.2,15.6
115133,LOMAS,2025,07,26,0.0,17.6,15.0
115133,LOMAS,2025,07,27,0.0,17.0,14.4
115133,LOMAS,2025,07,28,0.0,17.0,15.2
115133,LOMAS,2025,07,29,0.0,17.8,13.8
115133,LOMAS,2025,07,30,0.0,18.6,15.0
115133,LOMAS,2025,07,31,0.0,19.4,15.0
115133,LOMAS,2025,08,01,0.0,17.2,15.6
115133,LOMAS,2025,08,02,0.0,17.0,15.8
115133,LOMAS,2025,08,03,0.0,17.2,15.6
115133,LOMAS,2025,08,04,0.0,18.0,15.0
115133,LOMAS,2025,08,05,0.0,17.0,13.8
115133,LOMAS,2025,08,06,0.0,17.4,13.8
115133,LOMAS,2025,08,07,0.0,16.4,14.6
115133,LOMAS,2025,08,08,0.0,17.8,14.8
115133,LOMAS,2025,08,09,0.0,17.2,15.6
115133,LOMAS,2025,08,10,0.0,17.0,15.2
115133,LOMAS,2025,08,11,0.0,17.0,15.2
115133,LOMAS,2025,08,12,0.0,16.2,14.8
115133,LOMAS,2025,08,13,0.0,18.0,14.8
115133,LOMAS,2025,08,14,0.0,18.4,15.0
115133,LOMAS,2025,08,15,-888,17.8,15.2
115133,LOMAS,2025,08,16,1.0,-999,15.4
115133,LOMAS,2025,08,17,0.0,-999,14.6
115133,LOMAS,2025,08,18,0.0,-999,14.8
115133,LOMAS,2025,08,19,0.0,17.2,13.0
115133,LOMAS,2025,08,20,0.0,17.8,14.8
115133,LOMAS,2025,08,21,0.0,17.6,14.2
115133,LOMAS,2025,08,22,0.0,17.0,15.2
115133,LOMAS,2025,08,23,-888,16.4,14.8
115133,LOMAS,2025,08,24,-888,16.4,14.4
115133,LOMAS,2025,08,25,0.0,16.0,14.2
115133,LOMAS,2025,08,26,0.0,16.6,12.0
115133,LOMAS,2025,08,27,0.0,16.4,13.2
115133,LOMAS,2025,08,28,0.0,16.2,14.2
115133,LOMAS,2025,08,29,0.0,16.4,14.0
115133,LOMAS,2025,08,30,0.0,16.8,14.2
115133,LOMAS,2025,08,31,0.0,16.4,14.2
115133,LOMAS,2025,09,01,0.0,16.6,13.6
115133,LOMAS,2025,09,02,0.0,17.4,13.2
115133,LOMAS,2025,09,03,0.0,16.4,13.6
115133,LOMAS,2025,09,04,0.0,17.4,13.8
115133,LOMAS,2025,09,05,0.0,18.4,12.8
115133,LOMAS,2025,09,06,0.0,18.2,12.8
115133,LOMAS,2025,09,07,0.0,17.0,14.2
115133,LOMAS,2025,09,08,0.0,16.2,14.2
115133,LOMAS,2025,09,09,0.0,16.0,13.6
115133,LOMAS,2025,09,10,0.0,16.4,14.2
115133,LOMAS,2025,09,11,0.0,17.2,13.6
115133,LOMAS,2025,09,12,0.0,18.4,12.8
115133,LOMAS,2025,09,13,0.0,18.2,14.2
115133,LOMAS,2025,09,14,0.0,18.0,14.6
115133,LOMAS,2025,09,15,0.0,17.0,13.8
115133,LOMAS,2025,09,16,0.0,18.2,13.0
115133,LOMAS,2025,09,17,0.0,18.4,13.2
115133,LOMAS,2025,09,18,0.0,17.8,13.8
115133,LOMAS,2025,09,19,0.0,17.6,14.2
115133,LOMAS,2025,09,20,0.0,17.8,14.8
115133,LOMAS,2025,09,21,0.0,17.6,15.0
115133,LOMAS,2025,09,22,0.0,17.6,13.6
115133,LOMAS,2025,09,23,0.0,17.0,14.2
115133,LOMAS,2025,09,24,0.0,17.6,13.6
115133,LOMAS,2025,09,25,0.0,18.0,14.2
115133,LOMAS,2025,09,26,0.0,18.2,15.4
115133,LOMAS,2025,09,27,0.0,18.0,14.6
115133,LOMAS,2025,09,28,0.0,18.4,13.8
115133,LOMAS,2025,09,29,0.0,18.2,13.4
115133,LOMAS,2025,09,30,0.0,16.8,14.0
115133,LOMAS,2025,10,01,0.0,17.8,14.0
115133,LOMAS,2025,10,02,0.0,18.0,14.2
115133,LOMAS,2025,10,03,0.0,18.4,13.6
115133,LOMAS,2025,10,04,0.0,19.0,15.2
115133,LOMAS,2025,10,05,0.0,17.4,14.8
115133,LOMAS,2025,10,06,0.0,16.6,14.6
115133,LOMAS,2025,10,07,0.0,17.0,14.4
115133,LOMAS,2025,10,08,0.0,18.8,14.2
115133,LOMAS,2025,10,09,0.0,19.0,14.0
115133,LOMAS,2025,10,10,-888,17.6,14.0
115133,LOMAS,2025,10,11,-888,17.6,14.6
115133,LOMAS,2025,10,12,0.0,18.0,13.8
115133,LOMAS,2025,10,13,0.0,19.0,14.2
115133,LOMAS,2025,10,14,0.0,19.2,14.6
115133,LOMAS,2025,10,15,0.0,18.6,15.0
115133,LOMAS,2025,10,16,0.0,19.8,15.2
115133,LOMAS,2025,10,17,0.0,19.4,15.2
115133,LOMAS,2025,10,18,0.0,19.6,14.2
115133,LOMAS,2025,10,19,0.0,19.0,15.4
115133,LOMAS,2025,10,20,0.0,19.6,14.6
115133,LOMAS,2025,10,21,0.0,19.6,14.4
115133,LOMAS,2025,10,22,0.0,19.4,14.2
115133,LOMAS,2025,10,23,0.0,20.0,14.6
115133,LOMAS,2025,10,24,0.0,19.8,15.6
115133,LOMAS,2025,10,25,0.0,19.8,15.2
115133,LOMAS,2025,10,26,0.0,19.0,15.0
115133,LOMAS,2025,10,27,0.0,18.0,14.8
115133,LOMAS,2025,10,28,0.0,18.6,15.0
115133,LOMAS,2025,10,29,0.0,19.4,15.4
115133,LOMAS,2025,10,30,0.0,20.0,15.4
115133,LOMAS,2025,10,31,0.0,20.2,14.6
115133,LOMAS,2025,11,01,0.0,20.4,15.6
115133,LOMAS,2025,11,02,0.0,19.0,15.8
115133,LOMAS,2025,11,03,0.0,20.4,15.4
115133,LOMAS,2025,11,04,0.0,20.0,14.8
115133,LOMAS,2025,11,05,0.0,20.0,15.2
115133,LOMAS,2025,11,06,0.0,19.6,14.4
115133,LOMAS,2025,11,07,0.0,19.2,14.4
115133,LOMAS,2025,11,08,0.0,19.4,14.2
115133,LOMAS,2025,11,09,0.0,19.6,14.4
115133,LOMAS,2025,11,10,0.0,19.4,14.6
115133,LOMAS,2025,11,11,0.0,19.8,14.2
115133,LOMAS,2025,11,12,0.0,19.8,14.6
115133,LOMAS,2025,11,13,0.0,20.4,14.0
115133,LOMAS,2025,11,14,0.0,19.8,14.0
115133,LOMAS,2025,11,15,0.0,20.0,14.6
115133,LOMAS,2025,11,16,0.0,19.8,14.8
115133,LOMAS,2025,11,17,0.0,20.0,14.4
115133,LOMAS,2025,11,18,0.0,20.6,14.4
115133,LOMAS,2025,11,19,-888,20.0,14.6
115133,LOMAS,2025,11,20,-888,18.2,16.0
115133,LOMAS,2025,11,21,-888,19.4,15.6
115133,LOMAS,2025,11,22,0.0,20.8,16.6
115133,LOMAS,2025,11,23,0.0,20.6,15.0
115133,LOMAS,2025,11,24,0.0,20.6,15.4
115133,LOMAS,2025,11,25,0.0,19.8,15.6
115133,LOMAS,2025,11,26,0.0,19.8,15.4
115133,LOMAS,2025,11,27,0.0,19.4,15.4
115133,LOMAS,2025,11,28,0.0,19.0,14.8
115133,LOMAS,2025,11,29,0.0,20.4,15.0
115133,LOMAS,2025,11,30,0.0,19.6,15.0
