[2026-09-22 12:57:51] INICIO DEL PROCESO
[2026-09-22 12:57:51] Abriendo página de login...
[2026-09-22 12:57:52] Realizando login...
[2026-09-22 12:57:53] LOGIN OK -> https://polaris.adrtecnology.com/gis/map
[2026-09-22 12:57:53] Estaciones obtenidas desde viewer: 20
[2026-09-22 12:57:54] Estaciones obtenidas directamente desde GIS: 32
[2026-09-22 12:57:55] 200: SIN DATOS EN EL ÚLTIMO DÍA
[2026-09-22 12:57:55] 215: 1/4 variables -> Ll acu 1 h
[2026-09-22 12:57:56] 216: 3/4 variables -> HRa med 1h, Ll acu 1 h, Ta med 1h
[2026-09-22 12:57:56] 217: 3/4 variables -> HRa med 1h, Ll acu 1 h, Ta med 1h
[2026-09-22 12:57:57] 218: 2/4 variables -> Ll acu 1 h, Ta med 1h
[2026-09-22 12:57:57] 220: 1/4 variables -> PP Acc (1h)
[2026-09-22 12:57:58] 221: 3/4 variables -> HRa med 1h, Ll acu 1 h, Ta med 1h
[2026-09-22 12:57:58] 223: 3/4 variables -> HRa med 1h, Ll acu 1 h, Ta med 1h
[2026-09-22 12:57:59] 224: SIN DATOS EN EL ÚLTIMO DÍA
[2026-09-22 12:57:59] 225: 3/4 variables -> HRa med 1h, Ll acu 1 h, Ta med 1h
[2026-09-22 12:58:00] 226: 3/4 variables -> HRa med 1h, Ll acu 1 h, Ta med 1h
[2026-09-22 12:58:00] 227: 3/4 variables -> HRa med 1h, Ll acu 1 h, Ta med 1h
[2026-09-22 12:58:01] 228: 3/4 variables -> HRa med 1h, Ll acu 1 h, Ta med 1h
[2026-09-22 12:58:01] 229: 3/4 variables -> HRa med 1h, Ll acu 1 h, Ta med 1h
[2026-09-22 12:58:02] 230: SIN DATOS EN EL ÚLTIMO DÍA
[2026-09-22 12:58:02] 231: 3/4 variables -> HRa med 1h, Ll acu 1 h, Ta med 1h
[2026-09-22 12:58:03] 232: 3/4 variables -> HRa med 1h, Ll acu 1 h, Ta med 1h
[2026-09-22 12:58:04] 233: SIN DATOS EN EL ÚLTIMO DÍA
[2026-09-22 12:58:04] 234: 3/4 variables -> HRa med 1h, Ll acu 1 h, Ta med 1h
[2026-09-22 12:58:05] 235: 3/4 variables -> HRa med 1h, Ll acu 1 h, Ta med 1h
[2026-09-22 12:58:05] 236: 3/4 variables -> HRa med 1h, Ll acu 1 h, Ta med 1h
[2026-09-22 12:58:06] 237: SIN DATOS EN EL ÚLTIMO DÍA
[2026-09-22 12:58:06] 238: 3/4 variables -> HRa med 1h, Ll acu 1 h, Ta med 1h
[2026-09-22 12:58:07] 239: SIN DATOS EN EL ÚLTIMO DÍA
[2026-09-22 12:58:07] 240: 3/4 variables -> HRa med 1h, Ll acu 1 h, Ta med 1h
[2026-09-22 12:58:08] 241: 3/4 variables -> HRa med 1h, Ll acu 1 h, Ta med 1h
[2026-09-22 12:58:09] 242: 3/4 variables -> HRa med 1h, Ll acu 1 h, Ta med 1h
[2026-09-22 12:58:09] 243: 3/4 variables -> HRa med 1h, Ll acu 1 h, Ta med 1h
[2026-09-22 12:58:10] 244: 3/4 variables -> HRa med 1h, Ll acu 1 h, Ta med 1h
[2026-09-22 12:58:10] 245: 3/4 variables -> HRa med 1h, Ll acu 1 h, Ta med 1h
[2026-09-22 12:58:11] 246: SIN DATOS EN EL ÚLTIMO DÍA
[2026-09-22 12:58:11] 247: 3/4 variables -> HRa med 1h, Ll acu 1 h, Ta med 1h
[2026-09-22 12:58:12] 215: histórico actualizado -> 1 filas
[2026-09-22 12:58:12] 216: histórico actualizado -> 1 filas
[2026-09-22 12:58:12] 217: histórico actualizado -> 1 filas
[2026-09-22 12:58:12] 218: histórico actualizado -> 1 filas
[2026-09-22 12:58:12] 220: histórico actualizado -> 1 filas
[2026-09-22 12:58:12] 221: histórico actualizado -> 2 filas
[2026-09-22 12:58:12] 223: histórico actualizado -> 2 filas
[2026-09-22 12:58:12] 225: histórico actualizado -> 2 filas
[2026-09-22 12:58:12] 226: histórico actualizado -> 2 filas
[2026-09-22 12:58:12] 227: histórico actualizado -> 2 filas
[2026-09-22 12:58:12] 228: histórico actualizado -> 2 filas
[2026-09-22 12:58:12] 229: histórico actualizado -> 2 filas
[2026-09-22 12:58:12] 231: histórico actualizado -> 1 filas
[2026-09-22 12:58:12] 232: histórico actualizado -> 2 filas
[2026-09-22 12:58:12] 234: histórico actualizado -> 2 filas
[2026-09-22 12:58:12] 235: histórico actualizado -> 2 filas
[2026-09-22 12:58:12] 236: histórico actualizado -> 2 filas
[2026-09-22 12:58:12] 238: histórico actualizado -> 2 filas
[2026-09-22 12:58:12] 240: histórico actualizado -> 2 filas
[2026-09-22 12:58:12] 241: histórico actualizado -> 2 filas
[2026-09-22 12:58:12] 242: histórico actualizado -> 2 filas
[2026-09-22 12:58:12] 243: histórico actualizado -> 2 filas
[2026-09-22 12:58:12] 244: histórico actualizado -> 2 filas
[2026-09-22 12:58:12] 245: histórico actualizado -> 2 filas
[2026-09-22 12:58:12] 247: histórico actualizado -> 2 filas
[2026-09-22 12:58:12] Catálogo actualizado: 32 estaciones
[2026-09-22 12:58:12] FIN DEL PROCESO - 20.4 segundos
[2026-09-22 12:59:07] INICIO DEL PROCESO
[2026-09-22 12:59:07] Abriendo página de login...
[2026-09-22 12:59:07] Realizando login...
[2026-09-22 12:59:07] LOGIN OK -> https://polaris.adrtecnology.com/gis/map
[2026-09-22 12:59:07] Estaciones conservadas del catálogo histórico: 32
[2026-09-22 12:59:08] Estaciones obtenidas desde viewer: 20
[2026-09-22 12:59:09] Estaciones obtenidas directamente desde GIS: 32
[2026-09-22 12:59:10] 200: SIN DATOS EN EL ÚLTIMO DÍA
[2026-09-22 12:59:10] 215: 1/4 variables -> Ll acu 1 h
[2026-09-22 12:59:11] 216: 3/4 variables -> HRa med 1h, Ll acu 1 h, Ta med 1h
[2026-09-22 12:59:11] 217: 3/4 variables -> HRa med 1h, Ll acu 1 h, Ta med 1h
[2026-09-22 12:59:12] 218: 2/4 variables -> Ll acu 1 h, Ta med 1h
[2026-09-22 12:59:12] 220: 1/4 variables -> PP Acc (1h)
[2026-09-22 12:59:13] 221: 3/4 variables -> HRa med 1h, Ll acu 1 h, Ta med 1h
[2026-09-22 12:59:13] 223: 3/4 variables -> HRa med 1h, Ll acu 1 h, Ta med 1h
[2026-09-22 12:59:14] 224: SIN DATOS EN EL ÚLTIMO DÍA
[2026-09-22 12:59:14] 225: 3/4 variables -> HRa med 1h, Ll acu 1 h, Ta med 1h
[2026-09-22 12:59:15] 226: 3/4 variables -> HRa med 1h, Ll acu 1 h, Ta med 1h
[2026-09-22 12:59:16] 227: 3/4 variables -> HRa med 1h, Ll acu 1 h, Ta med 1h
[2026-09-22 12:59:16] 228: 3/4 variables -> HRa med 1h, Ll acu 1 h, Ta med 1h
[2026-09-22 12:59:17] 229: 3/4 variables -> HRa med 1h, Ll acu 1 h, Ta med 1h
[2026-09-22 12:59:17] 230: SIN DATOS EN EL ÚLTIMO DÍA
[2026-09-22 12:59:18] 231: 3/4 variables -> HRa med 1h, Ll acu 1 h, Ta med 1h
[2026-09-22 12:59:18] 232: 3/4 variables -> HRa med 1h, Ll acu 1 h, Ta med 1h
[2026-09-22 12:59:19] 233: SIN DATOS EN EL ÚLTIMO DÍA
[2026-09-22 12:59:19] 234: 3/4 variables -> HRa med 1h, Ll acu 1 h, Ta med 1h
[2026-09-22 12:59:20] 235: 3/4 variables -> HRa med 1h, Ll acu 1 h, Ta med 1h
[2026-09-22 12:59:21] 236: 3/4 variables -> HRa med 1h, Ll acu 1 h, Ta med 1h
[2026-09-22 12:59:21] 237: SIN DATOS EN EL ÚLTIMO DÍA
[2026-09-22 12:59:22] 238: 3/4 variables -> HRa med 1h, Ll acu 1 h, Ta med 1h
[2026-09-22 12:59:22] 239: SIN DATOS EN EL ÚLTIMO DÍA
[2026-09-22 12:59:23] 240: 3/4 variables -> HRa med 1h, Ll acu 1 h, Ta med 1h
[2026-09-22 12:59:23] 241: 3/4 variables -> HRa med 1h, Ll acu 1 h, Ta med 1h
[2026-09-22 12:59:24] 242: 3/4 variables -> HRa med 1h, Ll acu 1 h, Ta med 1h
[2026-09-22 12:59:24] 243: 3/4 variables -> HRa med 1h, Ll acu 1 h, Ta med 1h
[2026-09-22 12:59:25] 244: 3/4 variables -> HRa med 1h, Ll acu 1 h, Ta med 1h
[2026-09-22 12:59:25] 245: 3/4 variables -> HRa med 1h, Ll acu 1 h, Ta med 1h
[2026-09-22 12:59:26] 246: SIN DATOS EN EL ÚLTIMO DÍA
[2026-09-22 12:59:26] 247: 3/4 variables -> HRa med 1h, Ll acu 1 h, Ta med 1h
[2026-09-22 12:59:27] 215: histórico actualizado -> 1 filas
[2026-09-22 12:59:27] 216: histórico actualizado -> 1 filas
[2026-09-22 12:59:27] 217: histórico actualizado -> 1 filas
[2026-09-22 12:59:27] 218: histórico actualizado -> 1 filas
[2026-09-22 12:59:27] 220: histórico actualizado -> 1 filas
[2026-09-22 12:59:27] 221: histórico actualizado -> 3 filas
[2026-09-22 12:59:27] 223: histórico actualizado -> 2 filas
[2026-09-22 12:59:27] 225: histórico actualizado -> 2 filas
[2026-09-22 12:59:27] 226: histórico actualizado -> 2 filas
[2026-09-22 12:59:27] 227: histórico actualizado -> 2 filas
[2026-09-22 12:59:27] 228: histórico actualizado -> 2 filas
[2026-09-22 12:59:27] 229: histórico actualizado -> 2 filas
[2026-09-22 12:59:27] 231: histórico actualizado -> 1 filas
[2026-09-22 12:59:27] 232: histórico actualizado -> 2 filas
[2026-09-22 12:59:27] 234: histórico actualizado -> 2 filas
[2026-09-22 12:59:27] 235: histórico actualizado -> 2 filas
[2026-09-22 12:59:27] 236: histórico actualizado -> 3 filas
[2026-09-22 12:59:27] 238: histórico actualizado -> 3 filas
[2026-09-22 12:59:27] 240: histórico actualizado -> 2 filas
[2026-09-22 12:59:27] 241: histórico actualizado -> 2 filas
[2026-09-22 12:59:27] 242: histórico actualizado -> 2 filas
[2026-09-22 12:59:27] 243: histórico actualizado -> 2 filas
[2026-09-22 12:59:27] 244: histórico actualizado -> 3 filas
[2026-09-22 12:59:27] 245: histórico actualizado -> 2 filas
[2026-09-22 12:59:27] 247: histórico actualizado -> 2 filas
[2026-09-22 12:59:27] Catálogo actualizado: 32 estaciones
[2026-09-22 12:59:27] FIN DEL PROCESO - 20.3 segundos
[2026-09-22 12:59:59] INICIO DEL PROCESO
[2026-09-22 12:59:59] Abriendo página de login...
[2026-09-22 12:59:59] Realizando login...
[2026-09-22 12:59:59] LOGIN OK -> https://polaris.adrtecnology.com/gis/map
[2026-09-22 12:59:59] Estaciones conservadas del catálogo histórico: 32
[2026-09-22 13:00:00] Estaciones obtenidas desde viewer: 20
[2026-09-22 13:00:02] Estaciones obtenidas directamente desde GIS: 32
[2026-09-22 13:00:02] 200: SIN DATOS EN EL ÚLTIMO DÍA
[2026-09-22 13:00:02] 215: 1/4 variables -> Ll acu 1 h
[2026-09-22 13:00:03] 216: 3/4 variables -> HRa med 1h, Ll acu 1 h, Ta med 1h
[2026-09-22 13:00:03] 217: 3/4 variables -> HRa med 1h, Ll acu 1 h, Ta med 1h
[2026-09-22 13:00:04] 218: 2/4 variables -> Ll acu 1 h, Ta med 1h
[2026-09-22 13:00:05] 220: 1/4 variables -> PP Acc (1h)
[2026-09-22 13:00:05] 221: 3/4 variables -> HRa med 1h, Ll acu 1 h, Ta med 1h
[2026-09-22 13:00:06] 223: 3/4 variables -> HRa med 1h, Ll acu 1 h, Ta med 1h
[2026-09-22 13:00:06] 224: SIN DATOS EN EL ÚLTIMO DÍA
[2026-09-22 13:00:07] 225: 3/4 variables -> HRa med 1h, Ll acu 1 h, Ta med 1h
[2026-09-22 13:00:07] 226: 3/4 variables -> HRa med 1h, Ll acu 1 h, Ta med 1h
[2026-09-22 13:00:08] 227: 3/4 variables -> HRa med 1h, Ll acu 1 h, Ta med 1h
[2026-09-22 13:00:09] 228: 3/4 variables -> HRa med 1h, Ll acu 1 h, Ta med 1h
[2026-09-22 13:00:09] 229: 3/4 variables -> HRa med 1h, Ll acu 1 h, Ta med 1h
[2026-09-22 13:00:10] 230: SIN DATOS EN EL ÚLTIMO DÍA
[2026-09-22 13:00:10] 231: 3/4 variables -> HRa med 1h, Ll acu 1 h, Ta med 1h
[2026-09-22 13:00:11] 232: 3/4 variables -> HRa med 1h, Ll acu 1 h, Ta med 1h
[2026-09-22 13:00:11] 233: SIN DATOS EN EL ÚLTIMO DÍA
[2026-09-22 13:00:12] 234: 3/4 variables -> HRa med 1h, Ll acu 1 h, Ta med 1h
[2026-09-22 13:00:12] 235: 3/4 variables -> HRa med 1h, Ll acu 1 h, Ta med 1h
[2026-09-22 13:00:13] 236: 3/4 variables -> HRa med 1h, Ll acu 1 h, Ta med 1h
[2026-09-22 13:00:14] 237: SIN DATOS EN EL ÚLTIMO DÍA
[2026-09-22 13:00:14] 238: 3/4 variables -> HRa med 1h, Ll acu 1 h, Ta med 1h
[2026-09-22 13:00:15] 239: SIN DATOS EN EL ÚLTIMO DÍA
[2026-09-22 13:00:15] 240: 3/4 variables -> HRa med 1h, Ll acu 1 h, Ta med 1h
[2026-09-22 13:00:16] 241: 3/4 variables -> HRa med 1h, Ll acu 1 h, Ta med 1h
[2026-09-22 13:00:16] 242: 3/4 variables -> HRa med 1h, Ll acu 1 h, Ta med 1h
[2026-09-22 13:00:17] 243: 3/4 variables -> HRa med 1h, Ll acu 1 h, Ta med 1h
[2026-09-22 13:00:18] 244: 3/4 variables -> HRa med 1h, Ll acu 1 h, Ta med 1h
[2026-09-22 13:00:18] 245: 3/4 variables -> HRa med 1h, Ll acu 1 h, Ta med 1h
[2026-09-22 13:00:19] 246: SIN DATOS EN EL ÚLTIMO DÍA
[2026-09-22 13:00:19] 247: 3/4 variables -> HRa med 1h, Ll acu 1 h, Ta med 1h
[2026-09-22 13:00:20] 215: histórico actualizado -> 1 filas
[2026-09-22 13:00:20] 216: histórico actualizado -> 1 filas
[2026-09-22 13:00:20] 217: histórico actualizado -> 1 filas
[2026-09-22 13:00:20] 218: histórico actualizado -> 2 filas
[2026-09-22 13:00:20] 220: histórico actualizado -> 1 filas
[2026-09-22 13:00:20] 221: histórico actualizado -> 3 filas
[2026-09-22 13:00:20] 223: histórico actualizado -> 2 filas
[2026-09-22 13:00:20] 225: histórico actualizado -> 2 filas
[2026-09-22 13:00:20] 226: histórico actualizado -> 2 filas
[2026-09-22 13:00:20] 227: histórico actualizado -> 2 filas
[2026-09-22 13:00:20] 228: histórico actualizado -> 2 filas
[2026-09-22 13:00:20] 229: histórico actualizado -> 2 filas
[2026-09-22 13:00:20] 231: histórico actualizado -> 1 filas
[2026-09-22 13:00:20] 232: histórico actualizado -> 2 filas
[2026-09-22 13:00:20] 234: histórico actualizado -> 2 filas
[2026-09-22 13:00:20] 235: histórico actualizado -> 2 filas
[2026-09-22 13:00:20] 236: histórico actualizado -> 3 filas
[2026-09-22 13:00:20] 238: histórico actualizado -> 3 filas
[2026-09-22 13:00:20] 240: histórico actualizado -> 2 filas
[2026-09-22 13:00:20] 241: histórico actualizado -> 2 filas
[2026-09-22 13:00:20] 242: histórico actualizado -> 2 filas
[2026-09-22 13:00:20] 243: histórico actualizado -> 2 filas
[2026-09-22 13:00:20] 244: histórico actualizado -> 3 filas
[2026-09-22 13:00:20] 245: histórico actualizado -> 2 filas
[2026-09-22 13:00:20] 247: histórico actualizado -> 2 filas
[2026-09-22 13:00:20] Catálogo actualizado: 32 estaciones
[2026-09-22 13:00:20] FIN DEL PROCESO - 21.4 segundos
[2026-09-22 13:08:21] INICIO DEL PROCESO
[2026-09-22 13:08:21] Abriendo página de login...
[2026-09-22 13:08:22] Realizando login...
[2026-09-22 13:08:22] LOGIN OK -> https://polaris.adrtecnology.com/gis/map
[2026-09-22 13:08:22] Estaciones conservadas del catálogo histórico: 32
[2026-09-22 13:08:22] Estaciones obtenidas desde viewer: 20
[2026-09-22 13:08:24] Estaciones obtenidas directamente desde GIS: 32
[2026-09-22 13:08:24] 200: SIN DATOS EN EL ÚLTIMO DÍA
[2026-09-22 13:08:25] 215: 1/4 variables -> Ll acu 1 h
[2026-09-22 13:08:25] 216: 3/4 variables -> HRa med 1h, Ll acu 1 h, Ta med 1h
[2026-09-22 13:08:26] 217: 3/4 variables -> HRa med 1h, Ll acu 1 h, Ta med 1h
[2026-09-22 13:08:27] 218: 2/4 variables -> Ll acu 1 h, Ta med 1h
[2026-09-22 13:08:27] 220: 1/4 variables -> PP Acc (1h)
[2026-09-22 13:08:28] 221: 3/4 variables -> HRa med 1h, Ll acu 1 h, Ta med 1h
[2026-09-22 13:08:28] 223: 3/4 variables -> HRa med 1h, Ll acu 1 h, Ta med 1h
[2026-09-22 13:08:29] 224: SIN DATOS EN EL ÚLTIMO DÍA
[2026-09-22 13:08:29] 225: 3/4 variables -> HRa med 1h, Ll acu 1 h, Ta med 1h
[2026-09-22 13:08:30] 226: 3/4 variables -> HRa med 1h, Ll acu 1 h, Ta med 1h
[2026-09-22 13:08:30] 227: 3/4 variables -> HRa med 1h, Ll acu 1 h, Ta med 1h
[2026-09-22 13:08:31] 228: 3/4 variables -> HRa med 1h, Ll acu 1 h, Ta med 1h
[2026-09-22 13:08:31] 229: 3/4 variables -> HRa med 1h, Ll acu 1 h, Ta med 1h
[2026-09-22 13:08:32] 230: SIN DATOS EN EL ÚLTIMO DÍA
[2026-09-22 13:08:33] 231: 3/4 variables -> HRa med 1h, Ll acu 1 h, Ta med 1h
[2026-09-22 13:08:33] 232: 3/4 variables -> HRa med 1h, Ll acu 1 h, Ta med 1h
[2026-09-22 13:08:34] 233: SIN DATOS EN EL ÚLTIMO DÍA
[2026-09-22 13:08:34] 234: 3/4 variables -> HRa med 1h, Ll acu 1 h, Ta med 1h
[2026-09-22 13:08:35] 235: 3/4 variables -> HRa med 1h, Ll acu 1 h, Ta med 1h
[2026-09-22 13:08:35] 236: 3/4 variables -> HRa med 1h, Ll acu 1 h, Ta med 1h
[2026-09-22 13:08:36] 237: SIN DATOS EN EL ÚLTIMO DÍA
[2026-09-22 13:08:36] 238: 3/4 variables -> HRa med 1h, Ll acu 1 h, Ta med 1h
[2026-09-22 13:08:37] 239: SIN DATOS EN EL ÚLTIMO DÍA
[2026-09-22 13:08:37] 240: 3/4 variables -> HRa med 1h, Ll acu 1 h, Ta med 1h
[2026-09-22 13:08:38] 241: 3/4 variables -> HRa med 1h, Ll acu 1 h, Ta med 1h
[2026-09-22 13:08:38] 242: 3/4 variables -> HRa med 1h, Ll acu 1 h, Ta med 1h
[2026-09-22 13:08:39] 243: 3/4 variables -> HRa med 1h, Ll acu 1 h, Ta med 1h
[2026-09-22 13:08:40] 244: 3/4 variables -> HRa med 1h, Ll acu 1 h, Ta med 1h
[2026-09-22 13:08:40] 245: 3/4 variables -> HRa med 1h, Ll acu 1 h, Ta med 1h
[2026-09-22 13:08:41] 246: SIN DATOS EN EL ÚLTIMO DÍA
[2026-09-22 13:08:41] 247: 3/4 variables -> HRa med 1h, Ll acu 1 h, Ta med 1h
[2026-09-22 13:08:41] 215: histórico actualizado -> 2 filas
[2026-09-22 13:08:41] 216: histórico actualizado -> 1 filas
[2026-09-22 13:08:41] 217: histórico actualizado -> 2 filas
[2026-09-22 13:08:41] 218: histórico actualizado -> 2 filas
[2026-09-22 13:08:41] 220: histórico actualizado -> 2 filas
[2026-09-22 13:08:41] 221: histórico actualizado -> 4 filas
[2026-09-22 13:08:42] 223: histórico actualizado -> 3 filas
[2026-09-22 13:08:42] 225: histórico actualizado -> 3 filas
[2026-09-22 13:08:42] 226: histórico actualizado -> 3 filas
[2026-09-22 13:08:42] 227: histórico actualizado -> 4 filas
[2026-09-22 13:08:42] 228: histórico actualizado -> 3 filas
[2026-09-22 13:08:42] 229: histórico actualizado -> 3 filas
[2026-09-22 13:08:42] 231: histórico actualizado -> 2 filas
[2026-09-22 13:08:42] 232: histórico actualizado -> 3 filas
[2026-09-22 13:08:42] 234: histórico actualizado -> 3 filas
[2026-09-22 13:08:42] 235: histórico actualizado -> 3 filas
[2026-09-22 13:08:42] 236: histórico actualizado -> 3 filas
[2026-09-22 13:08:42] 238: histórico actualizado -> 4 filas
[2026-09-22 13:08:42] 240: histórico actualizado -> 3 filas
[2026-09-22 13:08:42] 241: histórico actualizado -> 3 filas
[2026-09-22 13:08:42] 242: histórico actualizado -> 3 filas
[2026-09-22 13:08:42] 243: histórico actualizado -> 3 filas
[2026-09-22 13:08:42] 244: histórico actualizado -> 3 filas
[2026-09-22 13:08:42] 245: histórico actualizado -> 4 filas
[2026-09-22 13:08:42] 247: histórico actualizado -> 3 filas
[2026-09-22 13:08:42] Catálogo actualizado: 32 estaciones
[2026-09-22 13:08:42] FIN DEL PROCESO - 20.6 segundos
[2026-09-22 13:40:05] INICIO DEL PROCESO
[2026-09-22 13:40:05] Abriendo página de login...
[2026-09-22 13:40:05] Realizando login...
[2026-09-22 13:40:06] LOGIN OK -> https://polaris.adrtecnology.com/gis/map
[2026-09-22 13:40:06] Estaciones conservadas del catálogo histórico: 32
[2026-09-22 13:40:06] Estaciones obtenidas desde viewer: 20
[2026-09-22 13:40:08] Estaciones obtenidas directamente desde GIS: 32
[2026-09-22 13:40:08] 200: SIN DATOS EN EL ÚLTIMO DÍA
[2026-09-22 13:40:09] 215: 1/4 variables -> Ll acu 1 h
[2026-09-22 13:40:09] 216: 3/4 variables -> HRa med 1h, Ll acu 1 h, Ta med 1h
[2026-09-22 13:40:10] 217: 3/4 variables -> HRa med 1h, Ll acu 1 h, Ta med 1h
[2026-09-22 13:40:10] 218: 2/4 variables -> Ll acu 1 h, Ta med 1h
[2026-09-22 13:40:11] 220: 1/4 variables -> PP Acc (1h)
[2026-09-22 13:40:11] 221: 3/4 variables -> HRa med 1h, Ll acu 1 h, Ta med 1h
[2026-09-22 13:40:12] 223: 3/4 variables -> HRa med 1h, Ll acu 1 h, Ta med 1h
[2026-09-22 13:40:12] 224: SIN DATOS EN EL ÚLTIMO DÍA
[2026-09-22 13:40:13] 225: 3/4 variables -> HRa med 1h, Ll acu 1 h, Ta med 1h
[2026-09-22 13:40:13] 226: 3/4 variables -> HRa med 1h, Ll acu 1 h, Ta med 1h
[2026-09-22 13:40:14] 227: 3/4 variables -> HRa med 1h, Ll acu 1 h, Ta med 1h
[2026-09-22 13:40:15] 228: 3/4 variables -> HRa med 1h, Ll acu 1 h, Ta med 1h
[2026-09-22 13:40:15] 229: 3/4 variables -> HRa med 1h, Ll acu 1 h, Ta med 1h
[2026-09-22 13:40:16] 230: SIN DATOS EN EL ÚLTIMO DÍA
[2026-09-22 13:40:17] 231: 3/4 variables -> HRa med 1h, Ll acu 1 h, Ta med 1h
[2026-09-22 13:40:17] 232: 3/4 variables -> HRa med 1h, Ll acu 1 h, Ta med 1h
[2026-09-22 13:40:18] 233: SIN DATOS EN EL ÚLTIMO DÍA
[2026-09-22 13:40:19] 234: 3/4 variables -> HRa med 1h, Ll acu 1 h, Ta med 1h
[2026-09-22 13:40:19] 235: 3/4 variables -> HRa med 1h, Ll acu 1 h, Ta med 1h
[2026-09-22 13:40:20] 236: 3/4 variables -> HRa med 1h, Ll acu 1 h, Ta med 1h
[2026-09-22 13:40:20] 237: SIN DATOS EN EL ÚLTIMO DÍA
[2026-09-22 13:40:21] 238: 3/4 variables -> HRa med 1h, Ll acu 1 h, Ta med 1h
[2026-09-22 13:40:21] 239: SIN DATOS EN EL ÚLTIMO DÍA
[2026-09-22 13:40:22] 240: 3/4 variables -> HRa med 1h, Ll acu 1 h, Ta med 1h
[2026-09-22 13:40:23] 241: 3/4 variables -> HRa med 1h, Ll acu 1 h, Ta med 1h
[2026-09-22 13:40:23] 242: 3/4 variables -> HRa med 1h, Ll acu 1 h, Ta med 1h
[2026-09-22 13:40:24] 243: 3/4 variables -> HRa med 1h, Ll acu 1 h, Ta med 1h
[2026-09-22 13:40:24] 244: 3/4 variables -> HRa med 1h, Ll acu 1 h, Ta med 1h
[2026-09-22 13:40:25] 245: 3/4 variables -> HRa med 1h, Ll acu 1 h, Ta med 1h
[2026-09-22 13:40:25] 246: SIN DATOS EN EL ÚLTIMO DÍA
[2026-09-22 13:40:26] 247: 3/4 variables -> HRa med 1h, Ll acu 1 h, Ta med 1h
[2026-09-22 13:40:26] 215: histórico actualizado -> 2 filas
[2026-09-22 13:40:26] 216: histórico actualizado -> 1 filas
[2026-09-22 13:40:26] 217: histórico actualizado -> 3 filas
[2026-09-22 13:40:26] 218: histórico actualizado -> 3 filas
[2026-09-22 13:40:26] 220: histórico actualizado -> 2 filas
[2026-09-22 13:40:26] 221: histórico actualizado -> 5 filas
[2026-09-22 13:40:26] 223: histórico actualizado -> 4 filas
[2026-09-22 13:40:26] 225: histórico actualizado -> 4 filas
[2026-09-22 13:40:26] 226: histórico actualizado -> 4 filas
[2026-09-22 13:40:26] 227: histórico actualizado -> 5 filas
[2026-09-22 13:40:26] 228: histórico actualizado -> 4 filas
[2026-09-22 13:40:26] 229: histórico actualizado -> 4 filas
[2026-09-22 13:40:26] 231: histórico actualizado -> 3 filas
[2026-09-22 13:40:26] 232: histórico actualizado -> 4 filas
[2026-09-22 13:40:27] 234: histórico actualizado -> 4 filas
[2026-09-22 13:40:27] 235: histórico actualizado -> 4 filas
[2026-09-22 13:40:27] 236: histórico actualizado -> 5 filas
[2026-09-22 13:40:27] 238: histórico actualizado -> 6 filas
[2026-09-22 13:40:27] 240: histórico actualizado -> 5 filas
[2026-09-22 13:40:27] 241: histórico actualizado -> 5 filas
[2026-09-22 13:40:27] 242: histórico actualizado -> 4 filas
[2026-09-22 13:40:27] 243: histórico actualizado -> 4 filas
[2026-09-22 13:40:27] 244: histórico actualizado -> 4 filas
[2026-09-22 13:40:27] 245: histórico actualizado -> 5 filas
[2026-09-22 13:40:27] 247: histórico actualizado -> 4 filas
[2026-09-22 13:40:27] Catálogo actualizado: 32 estaciones
[2026-09-22 13:40:27] FIN DEL PROCESO - 22.0 segundos
[2026-09-22 14:40:04] INICIO DEL PROCESO
[2026-09-22 14:40:04] Abriendo página de login...
[2026-09-22 14:40:05] Realizando login...
[2026-09-22 14:40:05] LOGIN OK -> https://polaris.adrtecnology.com/gis/map
[2026-09-22 14:40:05] Estaciones conservadas del catálogo histórico: 32
[2026-09-22 14:40:06] Estaciones obtenidas desde viewer: 20
[2026-09-22 14:40:07] Estaciones obtenidas directamente desde GIS: 32
[2026-09-22 14:40:08] 200: SIN DATOS EN EL ÚLTIMO DÍA
[2026-09-22 14:40:08] 215: 1/4 variables -> Ll acu 1 h
[2026-09-22 14:40:09] 216: 3/4 variables -> HRa med 1h, Ll acu 1 h, Ta med 1h
[2026-09-22 14:40:09] 217: 3/4 variables -> HRa med 1h, Ll acu 1 h, Ta med 1h
[2026-09-22 14:40:10] 218: 2/4 variables -> Ll acu 1 h, Ta med 1h
[2026-09-22 14:40:10] 220: 1/4 variables -> PP Acc (1h)
[2026-09-22 14:40:11] 221: 3/4 variables -> HRa med 1h, Ll acu 1 h, Ta med 1h
[2026-09-22 14:40:11] 223: 3/4 variables -> HRa med 1h, Ll acu 1 h, Ta med 1h
[2026-09-22 14:40:12] 224: SIN DATOS EN EL ÚLTIMO DÍA
[2026-09-22 14:40:12] 225: 3/4 variables -> HRa med 1h, Ll acu 1 h, Ta med 1h
[2026-09-22 14:40:13] 226: 3/4 variables -> HRa med 1h, Ll acu 1 h, Ta med 1h
[2026-09-22 14:40:13] 227: 3/4 variables -> HRa med 1h, Ll acu 1 h, Ta med 1h
[2026-09-22 14:40:14] 228: 3/4 variables -> HRa med 1h, Ll acu 1 h, Ta med 1h
[2026-09-22 14:40:14] 229: 3/4 variables -> HRa med 1h, Ll acu 1 h, Ta med 1h
[2026-09-22 14:40:15] 230: SIN DATOS EN EL ÚLTIMO DÍA
[2026-09-22 14:40:16] 231: 3/4 variables -> HRa med 1h, Ll acu 1 h, Ta med 1h
[2026-09-22 14:40:16] 232: 3/4 variables -> HRa med 1h, Ll acu 1 h, Ta med 1h
[2026-09-22 14:40:17] 233: SIN DATOS EN EL ÚLTIMO DÍA
[2026-09-22 14:40:17] 234: 3/4 variables -> HRa med 1h, Ll acu 1 h, Ta med 1h
[2026-09-22 14:40:18] 235: 3/4 variables -> HRa med 1h, Ll acu 1 h, Ta med 1h
[2026-09-22 14:40:18] 236: 3/4 variables -> HRa med 1h, Ll acu 1 h, Ta med 1h
[2026-09-22 14:40:19] 237: SIN DATOS EN EL ÚLTIMO DÍA
[2026-09-22 14:40:19] 238: 3/4 variables -> HRa med 1h, Ll acu 1 h, Ta med 1h
[2026-09-22 14:40:20] 239: SIN DATOS EN EL ÚLTIMO DÍA
[2026-09-22 14:40:20] 240: 3/4 variables -> HRa med 1h, Ll acu 1 h, Ta med 1h
[2026-09-22 14:40:21] 241: 3/4 variables -> HRa med 1h, Ll acu 1 h, Ta med 1h
[2026-09-22 14:40:21] 242: 3/4 variables -> HRa med 1h, Ll acu 1 h, Ta med 1h
[2026-09-22 14:40:22] 243: 3/4 variables -> HRa med 1h, Ll acu 1 h, Ta med 1h
[2026-09-22 14:40:22] 244: 3/4 variables -> HRa med 1h, Ll acu 1 h, Ta med 1h
[2026-09-22 14:40:23] 245: 3/4 variables -> HRa med 1h, Ll acu 1 h, Ta med 1h
[2026-09-22 14:40:24] 246: SIN DATOS EN EL ÚLTIMO DÍA
[2026-09-22 14:40:24] 247: 3/4 variables -> HRa med 1h, Ll acu 1 h, Ta med 1h
[2026-09-22 14:40:24] 215: histórico actualizado -> 3 filas
[2026-09-22 14:40:24] 216: histórico actualizado -> 1 filas
[2026-09-22 14:40:24] 217: histórico actualizado -> 4 filas
[2026-09-22 14:40:24] 218: histórico actualizado -> 4 filas
[2026-09-22 14:40:24] 220: histórico actualizado -> 3 filas
[2026-09-22 14:40:24] 221: histórico actualizado -> 7 filas
[2026-09-22 14:40:24] 223: histórico actualizado -> 6 filas
[2026-09-22 14:40:25] 225: histórico actualizado -> 6 filas
[2026-09-22 14:40:25] 226: histórico actualizado -> 6 filas
[2026-09-22 14:40:25] 227: histórico actualizado -> 7 filas
[2026-09-22 14:40:25] 228: histórico actualizado -> 6 filas
[2026-09-22 14:40:25] 229: histórico actualizado -> 6 filas
[2026-09-22 14:40:25] 231: histórico actualizado -> 5 filas
[2026-09-22 14:40:25] 232: histórico actualizado -> 6 filas
[2026-09-22 14:40:25] 234: histórico actualizado -> 6 filas
[2026-09-22 14:40:25] 235: histórico actualizado -> 5 filas
[2026-09-22 14:40:25] 236: histórico actualizado -> 7 filas
[2026-09-22 14:40:25] 238: histórico actualizado -> 8 filas
[2026-09-22 14:40:25] 240: histórico actualizado -> 7 filas
[2026-09-22 14:40:25] 241: histórico actualizado -> 7 filas
[2026-09-22 14:40:25] 242: histórico actualizado -> 6 filas
[2026-09-22 14:40:25] 243: histórico actualizado -> 6 filas
[2026-09-22 14:40:25] 244: histórico actualizado -> 6 filas
[2026-09-22 14:40:25] 245: histórico actualizado -> 7 filas
[2026-09-22 14:40:25] 247: histórico actualizado -> 6 filas
[2026-09-22 14:40:25] Catálogo actualizado: 32 estaciones
[2026-09-22 14:40:25] FIN DEL PROCESO - 20.7 segundos
[2026-09-22 15:18:14] INICIO DEL PROCESO
[2026-09-22 15:18:14] Abriendo página de login...
[2026-09-22 15:18:15] Realizando login...
[2026-09-22 15:18:15] LOGIN OK -> https://polaris.adrtecnology.com/gis/map
[2026-09-22 15:18:15] Estaciones conservadas del catálogo histórico: 32
[2026-09-22 15:18:15] Estaciones obtenidas desde viewer: 20
[2026-09-22 15:18:17] Estaciones obtenidas directamente desde GIS: 32
[2026-09-22 15:18:18] 200: SIN DATOS EN EL ÚLTIMO DÍA
[2026-09-22 15:18:18] 215: 1/4 variables -> Ll acu 1 h
[2026-09-22 15:18:19] 216: 3/4 variables -> HRa med 1h, Ll acu 1 h, Ta med 1h
[2026-09-22 15:18:19] 217: 3/4 variables -> HRa med 1h, Ll acu 1 h, Ta med 1h
[2026-09-22 15:18:20] 218: 2/4 variables -> Ll acu 1 h, Ta med 1h
[2026-09-22 15:18:20] 220: 1/4 variables -> PP Acc (1h)
[2026-09-22 15:18:21] 221: 3/4 variables -> HRa med 1h, Ll acu 1 h, Ta med 1h
[2026-09-22 15:18:21] 223: 3/4 variables -> HRa med 1h, Ll acu 1 h, Ta med 1h
[2026-09-22 15:18:22] 224: SIN DATOS EN EL ÚLTIMO DÍA
[2026-09-22 15:18:22] 225: 3/4 variables -> HRa med 1h, Ll acu 1 h, Ta med 1h
[2026-09-22 15:18:23] 226: 3/4 variables -> HRa med 1h, Ll acu 1 h, Ta med 1h
[2026-09-22 15:18:24] 227: 3/4 variables -> HRa med 1h, Ll acu 1 h, Ta med 1h
[2026-09-22 15:18:24] 228: 3/4 variables -> HRa med 1h, Ll acu 1 h, Ta med 1h
[2026-09-22 15:18:25] 229: 3/4 variables -> HRa med 1h, Ll acu 1 h, Ta med 1h
[2026-09-22 15:18:25] 230: SIN DATOS EN EL ÚLTIMO DÍA
[2026-09-22 15:18:26] 231: 3/4 variables -> HRa med 1h, Ll acu 1 h, Ta med 1h
[2026-09-22 15:18:27] 232: 3/4 variables -> HRa med 1h, Ll acu 1 h, Ta med 1h
[2026-09-22 15:18:27] 233: SIN DATOS EN EL ÚLTIMO DÍA
[2026-09-22 15:18:28] 234: 3/4 variables -> HRa med 1h, Ll acu 1 h, Ta med 1h
[2026-09-22 15:18:28] 235: 3/4 variables -> HRa med 1h, Ll acu 1 h, Ta med 1h
[2026-09-22 15:18:29] 236: 3/4 variables -> HRa med 1h, Ll acu 1 h, Ta med 1h
[2026-09-22 15:18:30] 237: SIN DATOS EN EL ÚLTIMO DÍA
[2026-09-22 15:18:30] 238: 3/4 variables -> HRa med 1h, Ll acu 1 h, Ta med 1h
[2026-09-22 15:18:31] 239: SIN DATOS EN EL ÚLTIMO DÍA
[2026-09-22 15:18:31] 240: 3/4 variables -> HRa med 1h, Ll acu 1 h, Ta med 1h
[2026-09-22 15:18:32] 241: 3/4 variables -> HRa med 1h, Ll acu 1 h, Ta med 1h
[2026-09-22 15:18:32] 242: 3/4 variables -> HRa med 1h, Ll acu 1 h, Ta med 1h
[2026-09-22 15:18:33] 243: 3/4 variables -> HRa med 1h, Ll acu 1 h, Ta med 1h
[2026-09-22 15:18:33] 244: 3/4 variables -> HRa med 1h, Ll acu 1 h, Ta med 1h
[2026-09-22 15:18:34] 245: 3/4 variables -> HRa med 1h, Ll acu 1 h, Ta med 1h
[2026-09-22 15:18:34] 246: SIN DATOS EN EL ÚLTIMO DÍA
[2026-09-22 15:18:35] 247: 3/4 variables -> HRa med 1h, Ll acu 1 h, Ta med 1h
[2026-09-22 15:18:35] 215: histórico actualizado -> 4 filas
[2026-09-22 15:18:35] 216: histórico actualizado -> 1 filas
[2026-09-22 15:18:35] 217: histórico actualizado -> 5 filas
[2026-09-22 15:18:35] 218: histórico actualizado -> 5 filas
[2026-09-22 15:18:35] 220: histórico actualizado -> 4 filas
[2026-09-22 15:18:35] 221: histórico actualizado -> 9 filas
[2026-09-22 15:18:35] 223: histórico actualizado -> 8 filas
[2026-09-22 15:18:35] 225: histórico actualizado -> 8 filas
[2026-09-22 15:18:35] 226: histórico actualizado -> 8 filas
[2026-09-22 15:18:35] 227: histórico actualizado -> 9 filas
[2026-09-22 15:18:35] 228: histórico actualizado -> 8 filas
[2026-09-22 15:18:35] 229: histórico actualizado -> 8 filas
[2026-09-22 15:18:35] 231: histórico actualizado -> 7 filas
[2026-09-22 15:18:35] 232: histórico actualizado -> 8 filas
[2026-09-22 15:18:35] 234: histórico actualizado -> 8 filas
[2026-09-22 15:18:35] 235: histórico actualizado -> 5 filas
[2026-09-22 15:18:35] 236: histórico actualizado -> 8 filas
[2026-09-22 15:18:35] 238: histórico actualizado -> 9 filas
[2026-09-22 15:18:36] 240: histórico actualizado -> 8 filas
[2026-09-22 15:18:36] 241: histórico actualizado -> 8 filas
[2026-09-22 15:18:36] 242: histórico actualizado -> 8 filas
[2026-09-22 15:18:36] 243: histórico actualizado -> 8 filas
[2026-09-22 15:18:36] 244: histórico actualizado -> 8 filas
[2026-09-22 15:18:36] 245: histórico actualizado -> 7 filas
[2026-09-22 15:18:36] 247: histórico actualizado -> 8 filas
[2026-09-22 15:18:36] Catálogo actualizado: 32 estaciones
[2026-09-22 15:18:36] FIN DEL PROCESO - 21.6 segundos
[2026-09-22 15:40:05] INICIO DEL PROCESO
[2026-09-22 15:40:05] Abriendo página de login...
[2026-09-22 15:40:07] Realizando login...
[2026-09-22 15:40:08] LOGIN OK -> https://polaris.adrtecnology.com/gis/map
[2026-09-22 15:40:08] Estaciones conservadas del catálogo histórico: 32
[2026-09-22 15:40:08] Estaciones obtenidas desde viewer: 20
[2026-09-22 15:40:10] Estaciones obtenidas directamente desde GIS: 32
[2026-09-22 15:40:10] 200: SIN DATOS EN EL ÚLTIMO DÍA
[2026-09-22 15:40:11] 215: 1/4 variables -> Ll acu 1 h
[2026-09-22 15:40:11] 216: 3/4 variables -> HRa med 1h, Ll acu 1 h, Ta med 1h
[2026-09-22 15:40:12] 217: 3/4 variables -> HRa med 1h, Ll acu 1 h, Ta med 1h
[2026-09-22 15:40:12] 218: 2/4 variables -> Ll acu 1 h, Ta med 1h
[2026-09-22 15:40:13] 220: 1/4 variables -> PP Acc (1h)
[2026-09-22 15:40:14] 221: 3/4 variables -> HRa med 1h, Ll acu 1 h, Ta med 1h
[2026-09-22 15:40:14] 223: 3/4 variables -> HRa med 1h, Ll acu 1 h, Ta med 1h
[2026-09-22 15:40:15] 224: SIN DATOS EN EL ÚLTIMO DÍA
[2026-09-22 15:40:15] 225: 3/4 variables -> HRa med 1h, Ll acu 1 h, Ta med 1h
[2026-09-22 15:40:16] 226: 3/4 variables -> HRa med 1h, Ll acu 1 h, Ta med 1h
[2026-09-22 15:40:16] 227: 3/4 variables -> HRa med 1h, Ll acu 1 h, Ta med 1h
[2026-09-22 15:40:17] 228: 3/4 variables -> HRa med 1h, Ll acu 1 h, Ta med 1h
[2026-09-22 15:40:18] 229: 3/4 variables -> HRa med 1h, Ll acu 1 h, Ta med 1h
[2026-09-22 15:40:18] 230: SIN DATOS EN EL ÚLTIMO DÍA
[2026-09-22 15:40:19] 231: 3/4 variables -> HRa med 1h, Ll acu 1 h, Ta med 1h
[2026-09-22 15:40:19] 232: 3/4 variables -> HRa med 1h, Ll acu 1 h, Ta med 1h
[2026-09-22 15:40:20] 233: SIN DATOS EN EL ÚLTIMO DÍA
[2026-09-22 15:40:20] 234: 3/4 variables -> HRa med 1h, Ll acu 1 h, Ta med 1h
[2026-09-22 15:40:21] 235: 3/4 variables -> HRa med 1h, Ll acu 1 h, Ta med 1h
[2026-09-22 15:40:22] 236: 3/4 variables -> HRa med 1h, Ll acu 1 h, Ta med 1h
[2026-09-22 15:40:22] 237: SIN DATOS EN EL ÚLTIMO DÍA
[2026-09-22 15:40:23] 238: 3/4 variables -> HRa med 1h, Ll acu 1 h, Ta med 1h
[2026-09-22 15:40:24] 239: SIN DATOS EN EL ÚLTIMO DÍA
[2026-09-22 15:40:25] 240: 3/4 variables -> HRa med 1h, Ll acu 1 h, Ta med 1h
[2026-09-22 15:40:25] 241: 3/4 variables -> HRa med 1h, Ll acu 1 h, Ta med 1h
[2026-09-22 15:40:26] 242: 3/4 variables -> HRa med 1h, Ll acu 1 h, Ta med 1h
[2026-09-22 15:40:26] 243: 3/4 variables -> HRa med 1h, Ll acu 1 h, Ta med 1h
[2026-09-22 15:40:27] 244: 3/4 variables -> HRa med 1h, Ll acu 1 h, Ta med 1h
[2026-09-22 15:40:28] 245: 3/4 variables -> HRa med 1h, Ll acu 1 h, Ta med 1h
[2026-09-22 15:40:28] 246: SIN DATOS EN EL ÚLTIMO DÍA
[2026-09-22 15:40:29] 247: 3/4 variables -> HRa med 1h, Ll acu 1 h, Ta med 1h
[2026-09-22 15:40:29] 215: histórico actualizado -> 4 filas
[2026-09-22 15:40:29] 216: histórico actualizado -> 1 filas
[2026-09-22 15:40:29] 217: histórico actualizado -> 6 filas
[2026-09-22 15:40:29] 218: histórico actualizado -> 6 filas
[2026-09-22 15:40:29] 220: histórico actualizado -> 4 filas
[2026-09-22 15:40:29] 221: histórico actualizado -> 10 filas
[2026-09-22 15:40:29] 223: histórico actualizado -> 9 filas
[2026-09-22 15:40:29] 225: histórico actualizado -> 9 filas
[2026-09-22 15:40:30] 226: histórico actualizado -> 9 filas
[2026-09-22 15:40:30] 227: histórico actualizado -> 10 filas
[2026-09-22 15:40:30] 228: histórico actualizado -> 9 filas
[2026-09-22 15:40:30] 229: histórico actualizado -> 9 filas
[2026-09-22 15:40:30] 231: histórico actualizado -> 8 filas
[2026-09-22 15:40:30] 232: histórico actualizado -> 9 filas
[2026-09-22 15:40:30] 234: histórico actualizado -> 9 filas
[2026-09-22 15:40:30] 235: histórico actualizado -> 6 filas
[2026-09-22 15:40:30] 236: histórico actualizado -> 9 filas
[2026-09-22 15:40:30] 238: histórico actualizado -> 10 filas
[2026-09-22 15:40:30] 240: histórico actualizado -> 9 filas
[2026-09-22 15:40:30] 241: histórico actualizado -> 9 filas
[2026-09-22 15:40:30] 242: histórico actualizado -> 9 filas
[2026-09-22 15:40:30] 243: histórico actualizado -> 9 filas
[2026-09-22 15:40:30] 244: histórico actualizado -> 9 filas
[2026-09-22 15:40:30] 245: histórico actualizado -> 7 filas
[2026-09-22 15:40:30] 247: histórico actualizado -> 9 filas
[2026-09-22 15:40:30] Catálogo actualizado: 32 estaciones
[2026-09-22 15:40:30] FIN DEL PROCESO - 24.9 segundos
[2026-09-22 16:40:06] INICIO DEL PROCESO
[2026-09-22 16:40:06] Abriendo página de login...
[2026-09-22 16:40:06] Realizando login...
[2026-09-22 16:40:06] LOGIN OK -> https://polaris.adrtecnology.com/gis/map
[2026-09-22 16:40:07] Estaciones conservadas del catálogo histórico: 32
[2026-09-22 16:40:07] Estaciones obtenidas desde viewer: 20
[2026-09-22 16:40:09] Estaciones obtenidas directamente desde GIS: 32
[2026-09-22 16:40:10] 200: SIN DATOS EN EL ÚLTIMO DÍA
[2026-09-22 16:40:10] 215: 1/4 variables -> Ll acu 1 h
[2026-09-22 16:40:11] 216: 3/4 variables -> HRa med 1h, Ll acu 1 h, Ta med 1h
[2026-09-22 16:40:11] 217: 3/4 variables -> HRa med 1h, Ll acu 1 h, Ta med 1h
[2026-09-22 16:40:12] 218: 2/4 variables -> Ll acu 1 h, Ta med 1h
[2026-09-22 16:40:13] 220: 1/4 variables -> PP Acc (1h)
[2026-09-22 16:40:13] 221: 3/4 variables -> HRa med 1h, Ll acu 1 h, Ta med 1h
[2026-09-22 16:40:14] 223: 3/4 variables -> HRa med 1h, Ll acu 1 h, Ta med 1h
[2026-09-22 16:40:14] 224: SIN DATOS EN EL ÚLTIMO DÍA
[2026-09-22 16:40:15] 225: 3/4 variables -> HRa med 1h, Ll acu 1 h, Ta med 1h
[2026-09-22 16:40:15] 226: 3/4 variables -> HRa med 1h, Ll acu 1 h, Ta med 1h
[2026-09-22 16:40:16] 227: 3/4 variables -> HRa med 1h, Ll acu 1 h, Ta med 1h
[2026-09-22 16:40:16] 228: 3/4 variables -> HRa med 1h, Ll acu 1 h, Ta med 1h
[2026-09-22 16:40:17] 229: 3/4 variables -> HRa med 1h, Ll acu 1 h, Ta med 1h
[2026-09-22 16:40:17] 230: SIN DATOS EN EL ÚLTIMO DÍA
[2026-09-22 16:40:18] 231: 3/4 variables -> HRa med 1h, Ll acu 1 h, Ta med 1h
[2026-09-22 16:40:19] 232: 3/4 variables -> HRa med 1h, Ll acu 1 h, Ta med 1h
[2026-09-22 16:40:19] 233: SIN DATOS EN EL ÚLTIMO DÍA
[2026-09-22 16:40:20] 234: 3/4 variables -> HRa med 1h, Ll acu 1 h, Ta med 1h
[2026-09-22 16:40:20] 235: 3/4 variables -> HRa med 1h, Ll acu 1 h, Ta med 1h
[2026-09-22 16:40:21] 236: 3/4 variables -> HRa med 1h, Ll acu 1 h, Ta med 1h
[2026-09-22 16:40:21] 237: SIN DATOS EN EL ÚLTIMO DÍA
[2026-09-22 16:40:22] 238: 3/4 variables -> HRa med 1h, Ll acu 1 h, Ta med 1h
[2026-09-22 16:40:23] 239: SIN DATOS EN EL ÚLTIMO DÍA
[2026-09-22 16:40:24] 240: 3/4 variables -> HRa med 1h, Ll acu 1 h, Ta med 1h
[2026-09-22 16:40:24] 241: 3/4 variables -> HRa med 1h, Ll acu 1 h, Ta med 1h
[2026-09-22 16:40:25] 242: 3/4 variables -> HRa med 1h, Ll acu 1 h, Ta med 1h
[2026-09-22 16:40:25] 243: 3/4 variables -> HRa med 1h, Ll acu 1 h, Ta med 1h
[2026-09-22 16:40:26] 244: 3/4 variables -> HRa med 1h, Ll acu 1 h, Ta med 1h
[2026-09-22 16:40:27] 245: 3/4 variables -> HRa med 1h, Ll acu 1 h, Ta med 1h
[2026-09-22 16:40:27] 246: SIN DATOS EN EL ÚLTIMO DÍA
[2026-09-22 16:40:28] 247: 3/4 variables -> HRa med 1h, Ll acu 1 h, Ta med 1h
[2026-09-22 16:40:28] 215: histórico actualizado -> 5 filas
[2026-09-22 16:40:28] 216: histórico actualizado -> 2 filas
[2026-09-22 16:40:28] 217: histórico actualizado -> 7 filas
[2026-09-22 16:40:28] 218: histórico actualizado -> 7 filas
[2026-09-22 16:40:28] 220: histórico actualizado -> 5 filas
[2026-09-22 16:40:28] 221: histórico actualizado -> 12 filas
[2026-09-22 16:40:28] 223: histórico actualizado -> 11 filas
[2026-09-22 16:40:28] 225: histórico actualizado -> 11 filas
[2026-09-22 16:40:28] 226: histórico actualizado -> 11 filas
[2026-09-22 16:40:28] 227: histórico actualizado -> 12 filas
[2026-09-22 16:40:28] 228: histórico actualizado -> 11 filas
[2026-09-22 16:40:28] 229: histórico actualizado -> 11 filas
[2026-09-22 16:40:28] 231: histórico actualizado -> 10 filas
[2026-09-22 16:40:28] 232: histórico actualizado -> 11 filas
[2026-09-22 16:40:29] 234: histórico actualizado -> 11 filas
[2026-09-22 16:40:29] 235: histórico actualizado -> 8 filas
[2026-09-22 16:40:29] 236: histórico actualizado -> 11 filas
[2026-09-22 16:40:29] 238: histórico actualizado -> 12 filas
[2026-09-22 16:40:29] 240: histórico actualizado -> 11 filas
[2026-09-22 16:40:29] 241: histórico actualizado -> 11 filas
[2026-09-22 16:40:29] 242: histórico actualizado -> 11 filas
[2026-09-22 16:40:29] 243: histórico actualizado -> 11 filas
[2026-09-22 16:40:29] 244: histórico actualizado -> 11 filas
[2026-09-22 16:40:29] 245: histórico actualizado -> 8 filas
[2026-09-22 16:40:29] 247: histórico actualizado -> 11 filas
[2026-09-22 16:40:29] Catálogo actualizado: 32 estaciones
[2026-09-22 16:40:29] FIN DEL PROCESO - 23.3 segundos
[2026-09-22 17:40:05] INICIO DEL PROCESO
[2026-09-22 17:40:05] Abriendo página de login...
[2026-09-22 17:40:05] Realizando login...
[2026-09-22 17:40:06] LOGIN OK -> https://polaris.adrtecnology.com/gis/map
[2026-09-22 17:40:06] Estaciones conservadas del catálogo histórico: 32
[2026-09-22 17:40:06] Estaciones obtenidas desde viewer: 20
[2026-09-22 17:40:08] Estaciones obtenidas directamente desde GIS: 32
[2026-09-22 17:40:08] 200: SIN DATOS EN EL ÚLTIMO DÍA
[2026-09-22 17:40:09] 215: 1/4 variables -> Ll acu 1 h
[2026-09-22 17:40:09] 216: 3/4 variables -> HRa med 1h, Ll acu 1 h, Ta med 1h
[2026-09-22 17:40:10] 217: 3/4 variables -> HRa med 1h, Ll acu 1 h, Ta med 1h
[2026-09-22 17:40:10] 218: 2/4 variables -> Ll acu 1 h, Ta med 1h
[2026-09-22 17:40:11] 220: 1/4 variables -> PP Acc (1h)
[2026-09-22 17:40:11] 221: 3/4 variables -> HRa med 1h, Ll acu 1 h, Ta med 1h
[2026-09-22 17:40:12] 223: 3/4 variables -> HRa med 1h, Ll acu 1 h, Ta med 1h
[2026-09-22 17:40:13] 224: SIN DATOS EN EL ÚLTIMO DÍA
[2026-09-22 17:40:13] 225: 3/4 variables -> HRa med 1h, Ll acu 1 h, Ta med 1h
[2026-09-22 17:40:14] 226: 3/4 variables -> HRa med 1h, Ll acu 1 h, Ta med 1h
[2026-09-22 17:40:14] 227: 3/4 variables -> HRa med 1h, Ll acu 1 h, Ta med 1h
[2026-09-22 17:40:15] 228: 3/4 variables -> HRa med 1h, Ll acu 1 h, Ta med 1h
[2026-09-22 17:40:15] 229: 3/4 variables -> HRa med 1h, Ll acu 1 h, Ta med 1h
[2026-09-22 17:40:16] 230: SIN DATOS EN EL ÚLTIMO DÍA
[2026-09-22 17:40:16] 231: 3/4 variables -> HRa med 1h, Ll acu 1 h, Ta med 1h
[2026-09-22 17:40:17] 232: 3/4 variables -> HRa med 1h, Ll acu 1 h, Ta med 1h
[2026-09-22 17:40:17] 233: SIN DATOS EN EL ÚLTIMO DÍA
[2026-09-22 17:40:18] 234: 3/4 variables -> HRa med 1h, Ll acu 1 h, Ta med 1h
[2026-09-22 17:40:19] 235: 3/4 variables -> HRa med 1h, Ll acu 1 h, Ta med 1h
[2026-09-22 17:40:19] 236: 3/4 variables -> HRa med 1h, Ll acu 1 h, Ta med 1h
[2026-09-22 17:40:20] 237: SIN DATOS EN EL ÚLTIMO DÍA
[2026-09-22 17:40:20] 238: 3/4 variables -> HRa med 1h, Ll acu 1 h, Ta med 1h
[2026-09-22 17:40:21] 239: SIN DATOS EN EL ÚLTIMO DÍA
[2026-09-22 17:40:21] 240: 3/4 variables -> HRa med 1h, Ll acu 1 h, Ta med 1h
[2026-09-22 17:40:22] 241: 3/4 variables -> HRa med 1h, Ll acu 1 h, Ta med 1h
[2026-09-22 17:40:23] 242: 3/4 variables -> HRa med 1h, Ll acu 1 h, Ta med 1h
[2026-09-22 17:40:23] 243: 3/4 variables -> HRa med 1h, Ll acu 1 h, Ta med 1h
[2026-09-22 17:40:24] 244: 3/4 variables -> HRa med 1h, Ll acu 1 h, Ta med 1h
[2026-09-22 17:40:25] 245: 3/4 variables -> HRa med 1h, Ll acu 1 h, Ta med 1h
[2026-09-22 17:40:25] 246: SIN DATOS EN EL ÚLTIMO DÍA
[2026-09-22 17:40:26] 247: 3/4 variables -> HRa med 1h, Ll acu 1 h, Ta med 1h
[2026-09-22 17:40:26] 215: histórico actualizado -> 6 filas
[2026-09-22 17:40:26] 216: histórico actualizado -> 3 filas
[2026-09-22 17:40:26] 217: histórico actualizado -> 8 filas
[2026-09-22 17:40:26] 218: histórico actualizado -> 8 filas
[2026-09-22 17:40:26] 220: histórico actualizado -> 6 filas
[2026-09-22 17:40:26] 221: histórico actualizado -> 14 filas
[2026-09-22 17:40:26] 223: histórico actualizado -> 13 filas
[2026-09-22 17:40:26] 225: histórico actualizado -> 13 filas
[2026-09-22 17:40:26] 226: histórico actualizado -> 13 filas
[2026-09-22 17:40:26] 227: histórico actualizado -> 14 filas
[2026-09-22 17:40:26] 228: histórico actualizado -> 13 filas
[2026-09-22 17:40:26] 229: histórico actualizado -> 13 filas
[2026-09-22 17:40:26] 231: histórico actualizado -> 12 filas
[2026-09-22 17:40:26] 232: histórico actualizado -> 13 filas
[2026-09-22 17:40:26] 234: histórico actualizado -> 13 filas
[2026-09-22 17:40:26] 235: histórico actualizado -> 10 filas
[2026-09-22 17:40:26] 236: histórico actualizado -> 13 filas
[2026-09-22 17:40:26] 238: histórico actualizado -> 14 filas
[2026-09-22 17:40:26] 240: histórico actualizado -> 13 filas
[2026-09-22 17:40:26] 241: histórico actualizado -> 13 filas
[2026-09-22 17:40:27] 242: histórico actualizado -> 13 filas
[2026-09-22 17:40:27] 243: histórico actualizado -> 13 filas
[2026-09-22 17:40:27] 244: histórico actualizado -> 13 filas
[2026-09-22 17:40:27] 245: histórico actualizado -> 10 filas
[2026-09-22 17:40:27] 247: histórico actualizado -> 13 filas
[2026-09-22 17:40:27] Catálogo actualizado: 32 estaciones
[2026-09-22 17:40:27] FIN DEL PROCESO - 21.8 segundos
[2026-09-22 18:40:06] INICIO DEL PROCESO
[2026-09-22 18:40:06] Abriendo página de login...
[2026-09-22 18:40:06] Realizando login...
[2026-09-22 18:40:07] LOGIN OK -> https://polaris.adrtecnology.com/gis/map
[2026-09-22 18:40:07] Estaciones conservadas del catálogo histórico: 32
[2026-09-22 18:40:07] Estaciones obtenidas desde viewer: 20
[2026-09-22 18:40:10] Estaciones obtenidas directamente desde GIS: 32
[2026-09-22 18:40:10] 200: SIN DATOS EN EL ÚLTIMO DÍA
[2026-09-22 18:40:11] 215: 1/4 variables -> Ll acu 1 h
[2026-09-22 18:40:12] 216: 3/4 variables -> HRa med 1h, Ll acu 1 h, Ta med 1h
[2026-09-22 18:40:12] 217: 3/4 variables -> HRa med 1h, Ll acu 1 h, Ta med 1h
[2026-09-22 18:40:13] 218: 2/4 variables -> Ll acu 1 h, Ta med 1h
[2026-09-22 18:40:13] 220: 1/4 variables -> PP Acc (1h)
[2026-09-22 18:40:14] 221: 3/4 variables -> HRa med 1h, Ll acu 1 h, Ta med 1h
[2026-09-22 18:40:14] 223: 3/4 variables -> HRa med 1h, Ll acu 1 h, Ta med 1h
[2026-09-22 18:40:15] 224: SIN DATOS EN EL ÚLTIMO DÍA
[2026-09-22 18:40:16] 225: 3/4 variables -> HRa med 1h, Ll acu 1 h, Ta med 1h
[2026-09-22 18:40:16] 226: 3/4 variables -> HRa med 1h, Ll acu 1 h, Ta med 1h
[2026-09-22 18:40:17] 227: 3/4 variables -> HRa med 1h, Ll acu 1 h, Ta med 1h
[2026-09-22 18:40:17] 228: 3/4 variables -> HRa med 1h, Ll acu 1 h, Ta med 1h
[2026-09-22 18:40:18] 229: 3/4 variables -> HRa med 1h, Ll acu 1 h, Ta med 1h
[2026-09-22 18:40:18] 230: SIN DATOS EN EL ÚLTIMO DÍA
[2026-09-22 18:40:19] 231: 3/4 variables -> HRa med 1h, Ll acu 1 h, Ta med 1h
[2026-09-22 18:40:19] 232: 3/4 variables -> HRa med 1h, Ll acu 1 h, Ta med 1h
[2026-09-22 18:40:20] 233: SIN DATOS EN EL ÚLTIMO DÍA
[2026-09-22 18:40:21] 234: 3/4 variables -> HRa med 1h, Ll acu 1 h, Ta med 1h
[2026-09-22 18:40:21] 235: 3/4 variables -> HRa med 1h, Ll acu 1 h, Ta med 1h
[2026-09-22 18:40:22] 236: 3/4 variables -> HRa med 1h, Ll acu 1 h, Ta med 1h
[2026-09-22 18:40:22] 237: SIN DATOS EN EL ÚLTIMO DÍA
[2026-09-22 18:40:23] 238: 3/4 variables -> HRa med 1h, Ll acu 1 h, Ta med 1h
[2026-09-22 18:40:23] 239: SIN DATOS EN EL ÚLTIMO DÍA
[2026-09-22 18:40:24] 240: 3/4 variables -> HRa med 1h, Ll acu 1 h, Ta med 1h
[2026-09-22 18:40:24] 241: 3/4 variables -> HRa med 1h, Ll acu 1 h, Ta med 1h
[2026-09-22 18:40:25] 242: 3/4 variables -> HRa med 1h, Ll acu 1 h, Ta med 1h
[2026-09-22 18:40:25] 243: 3/4 variables -> HRa med 1h, Ll acu 1 h, Ta med 1h
[2026-09-22 18:40:26] 244: 3/4 variables -> HRa med 1h, Ll acu 1 h, Ta med 1h
[2026-09-22 18:40:27] 245: 3/4 variables -> HRa med 1h, Ll acu 1 h, Ta med 1h
[2026-09-22 18:40:27] 246: SIN DATOS EN EL ÚLTIMO DÍA
[2026-09-22 18:40:28] 247: 3/4 variables -> HRa med 1h, Ll acu 1 h, Ta med 1h
[2026-09-22 18:40:28] 215: histórico actualizado -> 7 filas
[2026-09-22 18:40:28] 216: histórico actualizado -> 4 filas
[2026-09-22 18:40:28] 217: histórico actualizado -> 9 filas
[2026-09-22 18:40:28] 218: histórico actualizado -> 9 filas
[2026-09-22 18:40:28] 220: histórico actualizado -> 7 filas
[2026-09-22 18:40:28] 221: histórico actualizado -> 16 filas
[2026-09-22 18:40:28] 223: histórico actualizado -> 15 filas
[2026-09-22 18:40:28] 225: histórico actualizado -> 15 filas
[2026-09-22 18:40:28] 226: histórico actualizado -> 15 filas
[2026-09-22 18:40:28] 227: histórico actualizado -> 16 filas
[2026-09-22 18:40:28] 228: histórico actualizado -> 15 filas
[2026-09-22 18:40:28] 229: histórico actualizado -> 15 filas
[2026-09-22 18:40:28] 231: histórico actualizado -> 14 filas
[2026-09-22 18:40:28] 232: histórico actualizado -> 15 filas
[2026-09-22 18:40:28] 234: histórico actualizado -> 15 filas
[2026-09-22 18:40:28] 235: histórico actualizado -> 12 filas
[2026-09-22 18:40:28] 236: histórico actualizado -> 15 filas
[2026-09-22 18:40:29] 238: histórico actualizado -> 16 filas
[2026-09-22 18:40:29] 240: histórico actualizado -> 15 filas
[2026-09-22 18:40:29] 241: histórico actualizado -> 15 filas
[2026-09-22 18:40:29] 242: histórico actualizado -> 15 filas
[2026-09-22 18:40:29] 243: histórico actualizado -> 15 filas
[2026-09-22 18:40:29] 244: histórico actualizado -> 13 filas
[2026-09-22 18:40:29] 245: histórico actualizado -> 10 filas
[2026-09-22 18:40:29] 247: histórico actualizado -> 15 filas
[2026-09-22 18:40:29] Catálogo actualizado: 32 estaciones
[2026-09-22 18:40:29] FIN DEL PROCESO - 23.1 segundos
[2026-09-22 19:40:05] INICIO DEL PROCESO
[2026-09-22 19:40:05] Abriendo página de login...
[2026-09-22 19:40:05] Realizando login...
[2026-09-22 19:40:06] LOGIN OK -> https://polaris.adrtecnology.com/gis/map
[2026-09-22 19:40:06] Estaciones conservadas del catálogo histórico: 32
[2026-09-22 19:40:06] Estaciones obtenidas desde viewer: 20
[2026-09-22 19:40:08] Estaciones obtenidas directamente desde GIS: 32
[2026-09-22 19:40:08] 200: SIN DATOS EN EL ÚLTIMO DÍA
[2026-09-22 19:40:09] 215: 1/4 variables -> Ll acu 1 h
[2026-09-22 19:40:09] 216: 3/4 variables -> HRa med 1h, Ll acu 1 h, Ta med 1h
[2026-09-22 19:40:10] 217: 3/4 variables -> HRa med 1h, Ll acu 1 h, Ta med 1h
[2026-09-22 19:40:10] 218: 2/4 variables -> Ll acu 1 h, Ta med 1h
[2026-09-22 19:40:11] 220: 1/4 variables -> PP Acc (1h)
[2026-09-22 19:40:11] 221: 3/4 variables -> HRa med 1h, Ll acu 1 h, Ta med 1h
[2026-09-22 19:40:12] 223: 3/4 variables -> HRa med 1h, Ll acu 1 h, Ta med 1h
[2026-09-22 19:40:12] 224: SIN DATOS EN EL ÚLTIMO DÍA
[2026-09-22 19:40:13] 225: 3/4 variables -> HRa med 1h, Ll acu 1 h, Ta med 1h
[2026-09-22 19:40:13] 226: 3/4 variables -> HRa med 1h, Ll acu 1 h, Ta med 1h
[2026-09-22 19:40:14] 227: 3/4 variables -> HRa med 1h, Ll acu 1 h, Ta med 1h
[2026-09-22 19:40:14] 228: 3/4 variables -> HRa med 1h, Ll acu 1 h, Ta med 1h
[2026-09-22 19:40:15] 229: 3/4 variables -> HRa med 1h, Ll acu 1 h, Ta med 1h
[2026-09-22 19:40:16] 230: SIN DATOS EN EL ÚLTIMO DÍA
[2026-09-22 19:40:16] 231: 3/4 variables -> HRa med 1h, Ll acu 1 h, Ta med 1h
[2026-09-22 19:40:17] 232: 3/4 variables -> HRa med 1h, Ll acu 1 h, Ta med 1h
[2026-09-22 19:40:17] 233: SIN DATOS EN EL ÚLTIMO DÍA
[2026-09-22 19:40:18] 234: 3/4 variables -> HRa med 1h, Ll acu 1 h, Ta med 1h
[2026-09-22 19:40:18] 235: 3/4 variables -> HRa med 1h, Ll acu 1 h, Ta med 1h
[2026-09-22 19:40:19] 236: 3/4 variables -> HRa med 1h, Ll acu 1 h, Ta med 1h
[2026-09-22 19:40:19] 237: SIN DATOS EN EL ÚLTIMO DÍA
[2026-09-22 19:40:20] 238: 3/4 variables -> HRa med 1h, Ll acu 1 h, Ta med 1h
[2026-09-22 19:40:20] 239: SIN DATOS EN EL ÚLTIMO DÍA
[2026-09-22 19:40:21] 240: 3/4 variables -> HRa med 1h, Ll acu 1 h, Ta med 1h
[2026-09-22 19:40:22] 241: 3/4 variables -> HRa med 1h, Ll acu 1 h, Ta med 1h
[2026-09-22 19:40:22] 242: 3/4 variables -> HRa med 1h, Ll acu 1 h, Ta med 1h
[2026-09-22 19:40:23] 243: 3/4 variables -> HRa med 1h, Ll acu 1 h, Ta med 1h
[2026-09-22 19:40:23] 244: 3/4 variables -> HRa med 1h, Ll acu 1 h, Ta med 1h
[2026-09-22 19:40:24] 245: 3/4 variables -> HRa med 1h, Ll acu 1 h, Ta med 1h
[2026-09-22 19:40:24] 246: SIN DATOS EN EL ÚLTIMO DÍA
[2026-09-22 19:40:25] 247: 3/4 variables -> HRa med 1h, Ll acu 1 h, Ta med 1h
[2026-09-22 19:40:25] 215: histórico actualizado -> 8 filas
[2026-09-22 19:40:25] 216: histórico actualizado -> 5 filas
[2026-09-22 19:40:25] 217: histórico actualizado -> 10 filas
[2026-09-22 19:40:25] 218: histórico actualizado -> 10 filas
[2026-09-22 19:40:25] 220: histórico actualizado -> 8 filas
[2026-09-22 19:40:25] 221: histórico actualizado -> 18 filas
[2026-09-22 19:40:25] 223: histórico actualizado -> 17 filas
[2026-09-22 19:40:25] 225: histórico actualizado -> 17 filas
[2026-09-22 19:40:25] 226: histórico actualizado -> 17 filas
[2026-09-22 19:40:25] 227: histórico actualizado -> 18 filas
[2026-09-22 19:40:25] 228: histórico actualizado -> 17 filas
[2026-09-22 19:40:26] 229: histórico actualizado -> 17 filas
[2026-09-22 19:40:26] 231: histórico actualizado -> 16 filas
[2026-09-22 19:40:26] 232: histórico actualizado -> 17 filas
[2026-09-22 19:40:26] 234: histórico actualizado -> 17 filas
[2026-09-22 19:40:26] 235: histórico actualizado -> 13 filas
[2026-09-22 19:40:26] 236: histórico actualizado -> 17 filas
[2026-09-22 19:40:26] 238: histórico actualizado -> 18 filas
[2026-09-22 19:40:26] 240: histórico actualizado -> 17 filas
[2026-09-22 19:40:26] 241: histórico actualizado -> 17 filas
[2026-09-22 19:40:26] 242: histórico actualizado -> 17 filas
[2026-09-22 19:40:26] 243: histórico actualizado -> 17 filas
[2026-09-22 19:40:26] 244: histórico actualizado -> 15 filas
[2026-09-22 19:40:26] 245: histórico actualizado -> 12 filas
[2026-09-22 19:40:26] 247: histórico actualizado -> 17 filas
[2026-09-22 19:40:26] Catálogo actualizado: 32 estaciones
[2026-09-22 19:40:26] FIN DEL PROCESO - 21.3 segundos
[2026-09-22 20:40:06] INICIO DEL PROCESO
[2026-09-22 20:40:06] Abriendo página de login...
[2026-09-22 20:40:07] Realizando login...
[2026-09-22 20:40:08] LOGIN OK -> https://polaris.adrtecnology.com/gis/map
[2026-09-22 20:40:08] Estaciones conservadas del catálogo histórico: 32
[2026-09-22 20:40:08] Estaciones obtenidas desde viewer: 20
[2026-09-22 20:40:11] Estaciones obtenidas directamente desde GIS: 32
[2026-09-22 20:40:12] 200: SIN DATOS EN EL ÚLTIMO DÍA
[2026-09-22 20:40:12] 215: 1/4 variables -> Ll acu 1 h
[2026-09-22 20:40:13] 216: 3/4 variables -> HRa med 1h, Ll acu 1 h, Ta med 1h
[2026-09-22 20:40:13] 217: 3/4 variables -> HRa med 1h, Ll acu 1 h, Ta med 1h
[2026-09-22 20:40:14] 218: 2/4 variables -> Ll acu 1 h, Ta med 1h
[2026-09-22 20:40:14] 220: 1/4 variables -> PP Acc (1h)
[2026-09-22 20:40:15] 221: 3/4 variables -> HRa med 1h, Ll acu 1 h, Ta med 1h
[2026-09-22 20:40:15] 223: 3/4 variables -> HRa med 1h, Ll acu 1 h, Ta med 1h
[2026-09-22 20:40:16] 224: SIN DATOS EN EL ÚLTIMO DÍA
[2026-09-22 20:40:16] 225: 3/4 variables -> HRa med 1h, Ll acu 1 h, Ta med 1h
[2026-09-22 20:40:17] 226: 3/4 variables -> HRa med 1h, Ll acu 1 h, Ta med 1h
[2026-09-22 20:40:17] 227: 3/4 variables -> HRa med 1h, Ll acu 1 h, Ta med 1h
[2026-09-22 20:40:18] 228: 3/4 variables -> HRa med 1h, Ll acu 1 h, Ta med 1h
[2026-09-22 20:40:19] 229: 3/4 variables -> HRa med 1h, Ll acu 1 h, Ta med 1h
[2026-09-22 20:40:19] 230: SIN DATOS EN EL ÚLTIMO DÍA
[2026-09-22 20:40:20] 231: 3/4 variables -> HRa med 1h, Ll acu 1 h, Ta med 1h
[2026-09-22 20:40:20] 232: 3/4 variables -> HRa med 1h, Ll acu 1 h, Ta med 1h
[2026-09-22 20:40:21] 233: SIN DATOS EN EL ÚLTIMO DÍA
[2026-09-22 20:40:21] 234: 3/4 variables -> HRa med 1h, Ll acu 1 h, Ta med 1h
[2026-09-22 20:40:22] 235: 3/4 variables -> HRa med 1h, Ll acu 1 h, Ta med 1h
[2026-09-22 20:40:22] 236: 3/4 variables -> HRa med 1h, Ll acu 1 h, Ta med 1h
[2026-09-22 20:40:23] 237: SIN DATOS EN EL ÚLTIMO DÍA
[2026-09-22 20:40:24] 238: 3/4 variables -> HRa med 1h, Ll acu 1 h, Ta med 1h
[2026-09-22 20:40:24] 239: SIN DATOS EN EL ÚLTIMO DÍA
[2026-09-22 20:40:25] 240: 3/4 variables -> HRa med 1h, Ll acu 1 h, Ta med 1h
[2026-09-22 20:40:25] 241: 3/4 variables -> HRa med 1h, Ll acu 1 h, Ta med 1h
[2026-09-22 20:40:26] 242: 3/4 variables -> HRa med 1h, Ll acu 1 h, Ta med 1h
[2026-09-22 20:40:26] 243: 3/4 variables -> HRa med 1h, Ll acu 1 h, Ta med 1h
[2026-09-22 20:40:27] 244: 3/4 variables -> HRa med 1h, Ll acu 1 h, Ta med 1h
[2026-09-22 20:40:27] 245: 3/4 variables -> HRa med 1h, Ll acu 1 h, Ta med 1h
[2026-09-22 20:40:28] 246: SIN DATOS EN EL ÚLTIMO DÍA
[2026-09-22 20:40:28] 247: 3/4 variables -> HRa med 1h, Ll acu 1 h, Ta med 1h
[2026-09-22 20:40:29] 215: histórico actualizado -> 9 filas
[2026-09-22 20:40:29] 216: histórico actualizado -> 6 filas
[2026-09-22 20:40:29] 217: histórico actualizado -> 11 filas
[2026-09-22 20:40:29] 218: histórico actualizado -> 11 filas
[2026-09-22 20:40:29] 220: histórico actualizado -> 9 filas
[2026-09-22 20:40:29] 221: histórico actualizado -> 20 filas
[2026-09-22 20:40:29] 223: histórico actualizado -> 19 filas
[2026-09-22 20:40:29] 225: histórico actualizado -> 19 filas
[2026-09-22 20:40:29] 226: histórico actualizado -> 19 filas
[2026-09-22 20:40:29] 227: histórico actualizado -> 20 filas
[2026-09-22 20:40:29] 228: histórico actualizado -> 19 filas
[2026-09-22 20:40:29] 229: histórico actualizado -> 19 filas
[2026-09-22 20:40:29] 231: histórico actualizado -> 18 filas
[2026-09-22 20:40:29] 232: histórico actualizado -> 19 filas
[2026-09-22 20:40:29] 234: histórico actualizado -> 19 filas
[2026-09-22 20:40:29] 235: histórico actualizado -> 13 filas
[2026-09-22 20:40:29] 236: histórico actualizado -> 19 filas
[2026-09-22 20:40:29] 238: histórico actualizado -> 20 filas
[2026-09-22 20:40:29] 240: histórico actualizado -> 19 filas
[2026-09-22 20:40:29] 241: histórico actualizado -> 19 filas
[2026-09-22 20:40:29] 242: histórico actualizado -> 19 filas
[2026-09-22 20:40:29] 243: histórico actualizado -> 19 filas
[2026-09-22 20:40:30] 244: histórico actualizado -> 17 filas
[2026-09-22 20:40:30] 245: histórico actualizado -> 14 filas
[2026-09-22 20:40:30] 247: histórico actualizado -> 19 filas
[2026-09-22 20:40:30] Catálogo actualizado: 32 estaciones
[2026-09-22 20:40:30] FIN DEL PROCESO - 23.8 segundos
[2026-09-22 21:40:04] INICIO DEL PROCESO
[2026-09-22 21:40:04] Abriendo página de login...
[2026-09-22 21:40:04] Realizando login...
[2026-09-22 21:40:05] LOGIN OK -> https://polaris.adrtecnology.com/gis/map
[2026-09-22 21:40:05] Estaciones conservadas del catálogo histórico: 32
[2026-09-22 21:40:05] Estaciones obtenidas desde viewer: 20
[2026-09-22 21:40:07] Estaciones obtenidas directamente desde GIS: 32
[2026-09-22 21:40:07] 200: SIN DATOS EN EL ÚLTIMO DÍA
[2026-09-22 21:40:08] 215: 1/4 variables -> Ll acu 1 h
[2026-09-22 21:40:08] 216: 3/4 variables -> HRa med 1h, Ll acu 1 h, Ta med 1h
[2026-09-22 21:40:09] 217: 3/4 variables -> HRa med 1h, Ll acu 1 h, Ta med 1h
[2026-09-22 21:40:09] 218: 2/4 variables -> Ll acu 1 h, Ta med 1h
[2026-09-22 21:40:10] 220: 1/4 variables -> PP Acc (1h)
[2026-09-22 21:40:10] 221: 3/4 variables -> HRa med 1h, Ll acu 1 h, Ta med 1h
[2026-09-22 21:40:11] 223: 3/4 variables -> HRa med 1h, Ll acu 1 h, Ta med 1h
[2026-09-22 21:40:12] 224: SIN DATOS EN EL ÚLTIMO DÍA
[2026-09-22 21:40:12] 225: 3/4 variables -> HRa med 1h, Ll acu 1 h, Ta med 1h
[2026-09-22 21:40:13] 226: 3/4 variables -> HRa med 1h, Ll acu 1 h, Ta med 1h
[2026-09-22 21:40:13] 227: 3/4 variables -> HRa med 1h, Ll acu 1 h, Ta med 1h
[2026-09-22 21:40:14] 228: 3/4 variables -> HRa med 1h, Ll acu 1 h, Ta med 1h
[2026-09-22 21:40:14] 229: 3/4 variables -> HRa med 1h, Ll acu 1 h, Ta med 1h
[2026-09-22 21:40:15] 230: SIN DATOS EN EL ÚLTIMO DÍA
[2026-09-22 21:40:15] 231: 3/4 variables -> HRa med 1h, Ll acu 1 h, Ta med 1h
[2026-09-22 21:40:16] 232: 3/4 variables -> HRa med 1h, Ll acu 1 h, Ta med 1h
[2026-09-22 21:40:16] 233: SIN DATOS EN EL ÚLTIMO DÍA
[2026-09-22 21:40:17] 234: 3/4 variables -> HRa med 1h, Ll acu 1 h, Ta med 1h
[2026-09-22 21:40:18] 235: 3/4 variables -> HRa med 1h, Ll acu 1 h, Ta med 1h
[2026-09-22 21:40:18] 236: 3/4 variables -> HRa med 1h, Ll acu 1 h, Ta med 1h
[2026-09-22 21:40:19] 237: SIN DATOS EN EL ÚLTIMO DÍA
[2026-09-22 21:40:19] 238: 3/4 variables -> HRa med 1h, Ll acu 1 h, Ta med 1h
[2026-09-22 21:40:20] 239: SIN DATOS EN EL ÚLTIMO DÍA
[2026-09-22 21:40:20] 240: 3/4 variables -> HRa med 1h, Ll acu 1 h, Ta med 1h
[2026-09-22 21:40:21] 241: 3/4 variables -> HRa med 1h, Ll acu 1 h, Ta med 1h
[2026-09-22 21:40:21] 242: 3/4 variables -> HRa med 1h, Ll acu 1 h, Ta med 1h
[2026-09-22 21:40:22] 243: 3/4 variables -> HRa med 1h, Ll acu 1 h, Ta med 1h
[2026-09-22 21:40:23] 244: 3/4 variables -> HRa med 1h, Ll acu 1 h, Ta med 1h
[2026-09-22 21:40:23] 245: 3/4 variables -> HRa med 1h, Ll acu 1 h, Ta med 1h
[2026-09-22 21:40:24] 246: SIN DATOS EN EL ÚLTIMO DÍA
[2026-09-22 21:40:24] 247: 3/4 variables -> HRa med 1h, Ll acu 1 h, Ta med 1h
[2026-09-22 21:40:24] 215: histórico actualizado -> 10 filas
[2026-09-22 21:40:24] 216: histórico actualizado -> 7 filas
[2026-09-22 21:40:24] 217: histórico actualizado -> 12 filas
[2026-09-22 21:40:24] 218: histórico actualizado -> 12 filas
[2026-09-22 21:40:24] 220: histórico actualizado -> 10 filas
[2026-09-22 21:40:25] 221: histórico actualizado -> 22 filas
[2026-09-22 21:40:25] 223: histórico actualizado -> 21 filas
[2026-09-22 21:40:25] 225: histórico actualizado -> 21 filas
[2026-09-22 21:40:25] 226: histórico actualizado -> 21 filas
[2026-09-22 21:40:25] 227: histórico actualizado -> 22 filas
[2026-09-22 21:40:25] 228: histórico actualizado -> 21 filas
[2026-09-22 21:40:25] 229: histórico actualizado -> 21 filas
[2026-09-22 21:40:25] 231: histórico actualizado -> 20 filas
[2026-09-22 21:40:25] 232: histórico actualizado -> 21 filas
[2026-09-22 21:40:25] 234: histórico actualizado -> 21 filas
[2026-09-22 21:40:25] 235: histórico actualizado -> 15 filas
[2026-09-22 21:40:25] 236: histórico actualizado -> 21 filas
[2026-09-22 21:40:25] 238: histórico actualizado -> 22 filas
[2026-09-22 21:40:25] 240: histórico actualizado -> 21 filas
[2026-09-22 21:40:25] 241: histórico actualizado -> 21 filas
[2026-09-22 21:40:25] 242: histórico actualizado -> 21 filas
[2026-09-22 21:40:25] 243: histórico actualizado -> 21 filas
[2026-09-22 21:40:25] 244: histórico actualizado -> 19 filas
[2026-09-22 21:40:25] 245: histórico actualizado -> 14 filas
[2026-09-22 21:40:25] 247: histórico actualizado -> 21 filas
[2026-09-22 21:40:25] Catálogo actualizado: 32 estaciones
[2026-09-22 21:40:25] FIN DEL PROCESO - 21.3 segundos
[2026-09-22 22:40:05] INICIO DEL PROCESO
[2026-09-22 22:40:05] Abriendo página de login...
[2026-09-22 22:40:05] Realizando login...
[2026-09-22 22:40:06] LOGIN OK -> https://polaris.adrtecnology.com/gis/map
[2026-09-22 22:40:06] Estaciones conservadas del catálogo histórico: 32
[2026-09-22 22:40:06] Estaciones obtenidas desde viewer: 20
[2026-09-22 22:40:07] Estaciones obtenidas directamente desde GIS: 32
[2026-09-22 22:40:08] 200: SIN DATOS EN EL ÚLTIMO DÍA
[2026-09-22 22:40:08] 215: 1/4 variables -> Ll acu 1 h
[2026-09-22 22:40:09] 216: 3/4 variables -> HRa med 1h, Ll acu 1 h, Ta med 1h
[2026-09-22 22:40:09] 217: 3/4 variables -> HRa med 1h, Ll acu 1 h, Ta med 1h
[2026-09-22 22:40:10] 218: 2/4 variables -> Ll acu 1 h, Ta med 1h
[2026-09-22 22:40:10] 220: 1/4 variables -> PP Acc (1h)
[2026-09-22 22:40:11] 221: 3/4 variables -> HRa med 1h, Ll acu 1 h, Ta med 1h
[2026-09-22 22:40:11] 223: 3/4 variables -> HRa med 1h, Ll acu 1 h, Ta med 1h
[2026-09-22 22:40:12] 224: SIN DATOS EN EL ÚLTIMO DÍA
[2026-09-22 22:40:12] 225: 3/4 variables -> HRa med 1h, Ll acu 1 h, Ta med 1h
[2026-09-22 22:40:13] 226: 3/4 variables -> HRa med 1h, Ll acu 1 h, Ta med 1h
[2026-09-22 22:40:14] 227: 3/4 variables -> HRa med 1h, Ll acu 1 h, Ta med 1h
[2026-09-22 22:40:14] 228: 3/4 variables -> HRa med 1h, Ll acu 1 h, Ta med 1h
[2026-09-22 22:40:15] 229: 3/4 variables -> HRa med 1h, Ll acu 1 h, Ta med 1h
[2026-09-22 22:40:15] 230: SIN DATOS EN EL ÚLTIMO DÍA
[2026-09-22 22:40:16] 231: 3/4 variables -> HRa med 1h, Ll acu 1 h, Ta med 1h
[2026-09-22 22:40:16] 232: 3/4 variables -> HRa med 1h, Ll acu 1 h, Ta med 1h
[2026-09-22 22:40:17] 233: SIN DATOS EN EL ÚLTIMO DÍA
[2026-09-22 22:40:17] 234: 3/4 variables -> HRa med 1h, Ll acu 1 h, Ta med 1h
[2026-09-22 22:40:18] 235: 3/4 variables -> HRa med 1h, Ll acu 1 h, Ta med 1h
[2026-09-22 22:40:19] 236: 3/4 variables -> HRa med 1h, Ll acu 1 h, Ta med 1h
[2026-09-22 22:40:19] 237: SIN DATOS EN EL ÚLTIMO DÍA
[2026-09-22 22:40:20] 238: 3/4 variables -> HRa med 1h, Ll acu 1 h, Ta med 1h
[2026-09-22 22:40:20] 239: SIN DATOS EN EL ÚLTIMO DÍA
[2026-09-22 22:40:21] 240: 3/4 variables -> HRa med 1h, Ll acu 1 h, Ta med 1h
[2026-09-22 22:40:21] 241: 3/4 variables -> HRa med 1h, Ll acu 1 h, Ta med 1h
[2026-09-22 22:40:22] 242: 3/4 variables -> HRa med 1h, Ll acu 1 h, Ta med 1h
[2026-09-22 22:40:22] 243: 3/4 variables -> HRa med 1h, Ll acu 1 h, Ta med 1h
[2026-09-22 22:40:23] 244: 3/4 variables -> HRa med 1h, Ll acu 1 h, Ta med 1h
[2026-09-22 22:40:23] 245: 3/4 variables -> HRa med 1h, Ll acu 1 h, Ta med 1h
[2026-09-22 22:40:24] 246: SIN DATOS EN EL ÚLTIMO DÍA
[2026-09-22 22:40:25] 247: 3/4 variables -> HRa med 1h, Ll acu 1 h, Ta med 1h
[2026-09-22 22:40:25] 215: histórico actualizado -> 11 filas
[2026-09-22 22:40:25] 216: histórico actualizado -> 7 filas
[2026-09-22 22:40:25] 217: histórico actualizado -> 13 filas
[2026-09-22 22:40:25] 218: histórico actualizado -> 13 filas
[2026-09-22 22:40:25] 220: histórico actualizado -> 11 filas
[2026-09-22 22:40:25] 221: histórico actualizado -> 24 filas
[2026-09-22 22:40:25] 223: histórico actualizado -> 23 filas
[2026-09-22 22:40:25] 225: histórico actualizado -> 23 filas
[2026-09-22 22:40:25] 226: histórico actualizado -> 23 filas
[2026-09-22 22:40:25] 227: histórico actualizado -> 24 filas
[2026-09-22 22:40:25] 228: histórico actualizado -> 23 filas
[2026-09-22 22:40:25] 229: histórico actualizado -> 23 filas
[2026-09-22 22:40:25] 231: histórico actualizado -> 22 filas
[2026-09-22 22:40:25] 232: histórico actualizado -> 23 filas
[2026-09-22 22:40:25] 234: histórico actualizado -> 23 filas
[2026-09-22 22:40:26] 235: histórico actualizado -> 17 filas
[2026-09-22 22:40:26] 236: histórico actualizado -> 23 filas
[2026-09-22 22:40:26] 238: histórico actualizado -> 24 filas
[2026-09-22 22:40:26] 240: histórico actualizado -> 23 filas
[2026-09-22 22:40:26] 241: histórico actualizado -> 23 filas
[2026-09-22 22:40:26] 242: histórico actualizado -> 23 filas
[2026-09-22 22:40:26] 243: histórico actualizado -> 23 filas
[2026-09-22 22:40:26] 244: histórico actualizado -> 21 filas
[2026-09-22 22:40:26] 245: histórico actualizado -> 16 filas
[2026-09-22 22:40:26] 247: histórico actualizado -> 23 filas
[2026-09-22 22:40:26] Catálogo actualizado: 32 estaciones
[2026-09-22 22:40:26] FIN DEL PROCESO - 21.2 segundos
[2026-09-22 23:40:04] INICIO DEL PROCESO
[2026-09-22 23:40:04] Abriendo página de login...
[2026-09-22 23:40:04] Realizando login...
[2026-09-22 23:40:05] LOGIN OK -> https://polaris.adrtecnology.com/gis/map
[2026-09-22 23:40:05] Estaciones conservadas del catálogo histórico: 32
[2026-09-22 23:40:05] Estaciones obtenidas desde viewer: 20
[2026-09-22 23:40:07] Estaciones obtenidas directamente desde GIS: 32
[2026-09-22 23:40:07] 200: SIN DATOS EN EL ÚLTIMO DÍA
[2026-09-22 23:40:08] 215: 1/4 variables -> Ll acu 1 h
[2026-09-22 23:40:08] 216: 3/4 variables -> HRa med 1h, Ll acu 1 h, Ta med 1h
[2026-09-22 23:40:09] 217: 3/4 variables -> HRa med 1h, Ll acu 1 h, Ta med 1h
[2026-09-22 23:40:09] 218: 2/4 variables -> Ll acu 1 h, Ta med 1h
[2026-09-22 23:40:10] 220: 1/4 variables -> PP Acc (1h)
[2026-09-22 23:40:10] 221: 3/4 variables -> HRa med 1h, Ll acu 1 h, Ta med 1h
[2026-09-22 23:40:11] 223: 3/4 variables -> HRa med 1h, Ll acu 1 h, Ta med 1h
[2026-09-22 23:40:11] 224: SIN DATOS EN EL ÚLTIMO DÍA
[2026-09-22 23:40:12] 225: 3/4 variables -> HRa med 1h, Ll acu 1 h, Ta med 1h
[2026-09-22 23:40:12] 226: 3/4 variables -> HRa med 1h, Ll acu 1 h, Ta med 1h
[2026-09-22 23:40:13] 227: 3/4 variables -> HRa med 1h, Ll acu 1 h, Ta med 1h
[2026-09-22 23:40:13] 228: 3/4 variables -> HRa med 1h, Ll acu 1 h, Ta med 1h
[2026-09-22 23:40:14] 229: 3/4 variables -> HRa med 1h, Ll acu 1 h, Ta med 1h
[2026-09-22 23:40:15] 230: SIN DATOS EN EL ÚLTIMO DÍA
[2026-09-22 23:40:15] 231: 3/4 variables -> HRa med 1h, Ll acu 1 h, Ta med 1h
[2026-09-22 23:40:16] 232: 3/4 variables -> HRa med 1h, Ll acu 1 h, Ta med 1h
[2026-09-22 23:40:16] 233: SIN DATOS EN EL ÚLTIMO DÍA
[2026-09-22 23:40:17] 234: 3/4 variables -> HRa med 1h, Ll acu 1 h, Ta med 1h
[2026-09-22 23:40:17] 235: 3/4 variables -> HRa med 1h, Ll acu 1 h, Ta med 1h
[2026-09-22 23:40:18] 236: 3/4 variables -> HRa med 1h, Ll acu 1 h, Ta med 1h
[2026-09-22 23:40:19] 237: SIN DATOS EN EL ÚLTIMO DÍA
[2026-09-22 23:40:20] 238: 3/4 variables -> HRa med 1h, Ll acu 1 h, Ta med 1h
[2026-09-22 23:40:20] 239: SIN DATOS EN EL ÚLTIMO DÍA
[2026-09-22 23:40:21] 240: 3/4 variables -> HRa med 1h, Ll acu 1 h, Ta med 1h
[2026-09-22 23:40:21] 241: 3/4 variables -> HRa med 1h, Ll acu 1 h, Ta med 1h
[2026-09-22 23:40:22] 242: 3/4 variables -> HRa med 1h, Ll acu 1 h, Ta med 1h
[2026-09-22 23:40:23] 243: 3/4 variables -> HRa med 1h, Ll acu 1 h, Ta med 1h
[2026-09-22 23:40:23] 244: 3/4 variables -> HRa med 1h, Ll acu 1 h, Ta med 1h
[2026-09-22 23:40:24] 245: 3/4 variables -> HRa med 1h, Ll acu 1 h, Ta med 1h
[2026-09-22 23:40:24] 246: SIN DATOS EN EL ÚLTIMO DÍA
[2026-09-22 23:40:25] 247: 3/4 variables -> HRa med 1h, Ll acu 1 h, Ta med 1h
[2026-09-22 23:40:25] 215: histórico actualizado -> 12 filas
[2026-09-22 23:40:25] 216: histórico actualizado -> 7 filas
[2026-09-22 23:40:25] 217: histórico actualizado -> 14 filas
[2026-09-22 23:40:25] 218: histórico actualizado -> 14 filas
[2026-09-22 23:40:25] 220: histórico actualizado -> 12 filas
[2026-09-22 23:40:25] 221: histórico actualizado -> 26 filas
[2026-09-22 23:40:25] 223: histórico actualizado -> 25 filas
[2026-09-22 23:40:25] 225: histórico actualizado -> 25 filas
[2026-09-22 23:40:25] 226: histórico actualizado -> 25 filas
[2026-09-22 23:40:25] 227: histórico actualizado -> 26 filas
[2026-09-22 23:40:25] 228: histórico actualizado -> 25 filas
[2026-09-22 23:40:25] 229: histórico actualizado -> 25 filas
[2026-09-22 23:40:25] 231: histórico actualizado -> 24 filas
[2026-09-22 23:40:25] 232: histórico actualizado -> 25 filas
[2026-09-22 23:40:25] 234: histórico actualizado -> 25 filas
[2026-09-22 23:40:25] 235: histórico actualizado -> 19 filas
[2026-09-22 23:40:25] 236: histórico actualizado -> 25 filas
[2026-09-22 23:40:25] 238: histórico actualizado -> 26 filas
[2026-09-22 23:40:25] 240: histórico actualizado -> 25 filas
[2026-09-22 23:40:26] 241: histórico actualizado -> 25 filas
[2026-09-22 23:40:26] 242: histórico actualizado -> 25 filas
[2026-09-22 23:40:26] 243: histórico actualizado -> 25 filas
[2026-09-22 23:40:26] 244: histórico actualizado -> 23 filas
[2026-09-22 23:40:26] 245: histórico actualizado -> 17 filas
[2026-09-22 23:40:26] 247: histórico actualizado -> 25 filas
[2026-09-22 23:40:26] Catálogo actualizado: 32 estaciones
[2026-09-22 23:40:26] FIN DEL PROCESO - 21.9 segundos
[2026-09-23 00:40:05] INICIO DEL PROCESO
[2026-09-23 00:40:05] Abriendo página de login...
[2026-09-23 00:40:05] Realizando login...
[2026-09-23 00:40:06] LOGIN OK -> https://polaris.adrtecnology.com/gis/map
[2026-09-23 00:40:06] Estaciones conservadas del catálogo histórico: 32
[2026-09-23 00:40:06] Estaciones obtenidas desde viewer: 20
[2026-09-23 00:40:08] Estaciones obtenidas directamente desde GIS: 32
[2026-09-23 00:40:08] 200: SIN DATOS EN EL ÚLTIMO DÍA
[2026-09-23 00:40:08] 215: 1/4 variables -> Ll acu 1 h
[2026-09-23 00:40:09] 216: 3/4 variables -> HRa med 1h, Ll acu 1 h, Ta med 1h
[2026-09-23 00:40:09] 217: 3/4 variables -> HRa med 1h, Ll acu 1 h, Ta med 1h
[2026-09-23 00:40:10] 218: 2/4 variables -> Ll acu 1 h, Ta med 1h
[2026-09-23 00:40:11] 220: 1/4 variables -> PP Acc (1h)
[2026-09-23 00:40:11] 221: 3/4 variables -> HRa med 1h, Ll acu 1 h, Ta med 1h
[2026-09-23 00:40:12] 223: 3/4 variables -> HRa med 1h, Ll acu 1 h, Ta med 1h
[2026-09-23 00:40:12] 224: SIN DATOS EN EL ÚLTIMO DÍA
[2026-09-23 00:40:13] 225: 3/4 variables -> HRa med 1h, Ll acu 1 h, Ta med 1h
[2026-09-23 00:40:13] 226: 3/4 variables -> HRa med 1h, Ll acu 1 h, Ta med 1h
[2026-09-23 00:40:14] 227: 3/4 variables -> HRa med 1h, Ll acu 1 h, Ta med 1h
[2026-09-23 00:40:15] 228: 3/4 variables -> HRa med 1h, Ll acu 1 h, Ta med 1h
[2026-09-23 00:40:15] 229: 3/4 variables -> HRa med 1h, Ll acu 1 h, Ta med 1h
[2026-09-23 00:40:16] 230: SIN DATOS EN EL ÚLTIMO DÍA
[2026-09-23 00:40:16] 231: 3/4 variables -> HRa med 1h, Ll acu 1 h, Ta med 1h
[2026-09-23 00:40:17] 232: 3/4 variables -> HRa med 1h, Ll acu 1 h, Ta med 1h
[2026-09-23 00:40:17] 233: SIN DATOS EN EL ÚLTIMO DÍA
[2026-09-23 00:40:18] 234: 3/4 variables -> HRa med 1h, Ll acu 1 h, Ta med 1h
[2026-09-23 00:40:18] 235: 3/4 variables -> HRa med 1h, Ll acu 1 h, Ta med 1h
[2026-09-23 00:40:19] 236: 3/4 variables -> HRa med 1h, Ll acu 1 h, Ta med 1h
[2026-09-23 00:40:19] 237: SIN DATOS EN EL ÚLTIMO DÍA
[2026-09-23 00:40:20] 238: 3/4 variables -> HRa med 1h, Ll acu 1 h, Ta med 1h
[2026-09-23 00:40:21] 239: SIN DATOS EN EL ÚLTIMO DÍA
[2026-09-23 00:40:21] 240: 3/4 variables -> HRa med 1h, Ll acu 1 h, Ta med 1h
[2026-09-23 00:40:22] 241: 3/4 variables -> HRa med 1h, Ll acu 1 h, Ta med 1h
[2026-09-23 00:40:22] 242: 3/4 variables -> HRa med 1h, Ll acu 1 h, Ta med 1h
[2026-09-23 00:40:23] 243: 3/4 variables -> HRa med 1h, Ll acu 1 h, Ta med 1h
[2026-09-23 00:40:23] 244: 3/4 variables -> HRa med 1h, Ll acu 1 h, Ta med 1h
[2026-09-23 00:40:24] 245: 3/4 variables -> HRa med 1h, Ll acu 1 h, Ta med 1h
[2026-09-23 00:40:24] 246: SIN DATOS EN EL ÚLTIMO DÍA
[2026-09-23 00:40:25] 247: 3/4 variables -> HRa med 1h, Ll acu 1 h, Ta med 1h
[2026-09-23 00:40:25] 215: histórico actualizado -> 13 filas
[2026-09-23 00:40:26] 216: histórico actualizado -> 8 filas
[2026-09-23 00:40:26] 217: histórico actualizado -> 15 filas
[2026-09-23 00:40:26] 218: histórico actualizado -> 15 filas
[2026-09-23 00:40:26] 220: histórico actualizado -> 13 filas
[2026-09-23 00:40:26] 221: histórico actualizado -> 28 filas
[2026-09-23 00:40:26] 223: histórico actualizado -> 27 filas
[2026-09-23 00:40:26] 225: histórico actualizado -> 27 filas
[2026-09-23 00:40:26] 226: histórico actualizado -> 27 filas
[2026-09-23 00:40:26] 227: histórico actualizado -> 28 filas
[2026-09-23 00:40:26] 228: histórico actualizado -> 27 filas
[2026-09-23 00:40:26] 229: histórico actualizado -> 27 filas
[2026-09-23 00:40:26] 231: histórico actualizado -> 26 filas
[2026-09-23 00:40:26] 232: histórico actualizado -> 27 filas
[2026-09-23 00:40:26] 234: histórico actualizado -> 27 filas
[2026-09-23 00:40:26] 235: histórico actualizado -> 21 filas
[2026-09-23 00:40:26] 236: histórico actualizado -> 27 filas
[2026-09-23 00:40:26] 238: histórico actualizado -> 28 filas
[2026-09-23 00:40:26] 240: histórico actualizado -> 27 filas
[2026-09-23 00:40:26] 241: histórico actualizado -> 27 filas
[2026-09-23 00:40:26] 242: histórico actualizado -> 27 filas
[2026-09-23 00:40:26] 243: histórico actualizado -> 27 filas
[2026-09-23 00:40:26] 244: histórico actualizado -> 25 filas
[2026-09-23 00:40:26] 245: histórico actualizado -> 17 filas
[2026-09-23 00:40:26] 247: histórico actualizado -> 27 filas
[2026-09-23 00:40:26] Catálogo actualizado: 32 estaciones
[2026-09-23 00:40:26] FIN DEL PROCESO - 21.6 segundos
[2026-09-23 01:40:04] INICIO DEL PROCESO
[2026-09-23 01:40:04] Abriendo página de login...
[2026-09-23 01:40:05] Realizando login...
[2026-09-23 01:40:05] LOGIN OK -> https://polaris.adrtecnology.com/gis/map
[2026-09-23 01:40:05] Estaciones conservadas del catálogo histórico: 32
[2026-09-23 01:40:05] Estaciones obtenidas desde viewer: 20
[2026-09-23 01:40:07] Estaciones obtenidas directamente desde GIS: 32
[2026-09-23 01:40:08] 200: SIN DATOS EN EL ÚLTIMO DÍA
[2026-09-23 01:40:08] 215: 1/4 variables -> Ll acu 1 h
[2026-09-23 01:40:09] 216: 3/4 variables -> HRa med 1h, Ll acu 1 h, Ta med 1h
[2026-09-23 01:40:09] 217: 3/4 variables -> HRa med 1h, Ll acu 1 h, Ta med 1h
[2026-09-23 01:40:10] 218: 2/4 variables -> Ll acu 1 h, Ta med 1h
[2026-09-23 01:40:10] 220: 1/4 variables -> PP Acc (1h)
[2026-09-23 01:40:11] 221: 3/4 variables -> HRa med 1h, Ll acu 1 h, Ta med 1h
[2026-09-23 01:40:11] 223: 3/4 variables -> HRa med 1h, Ll acu 1 h, Ta med 1h
[2026-09-23 01:40:12] 224: SIN DATOS EN EL ÚLTIMO DÍA
[2026-09-23 01:40:12] 225: 3/4 variables -> HRa med 1h, Ll acu 1 h, Ta med 1h
[2026-09-23 01:40:13] 226: 3/4 variables -> HRa med 1h, Ll acu 1 h, Ta med 1h
[2026-09-23 01:40:14] 227: 3/4 variables -> HRa med 1h, Ll acu 1 h, Ta med 1h
[2026-09-23 01:40:14] 228: 3/4 variables -> HRa med 1h, Ll acu 1 h, Ta med 1h
[2026-09-23 01:40:15] 229: 3/4 variables -> HRa med 1h, Ll acu 1 h, Ta med 1h
[2026-09-23 01:40:15] 230: SIN DATOS EN EL ÚLTIMO DÍA
[2026-09-23 01:40:16] 231: 3/4 variables -> HRa med 1h, Ll acu 1 h, Ta med 1h
[2026-09-23 01:40:16] 232: 3/4 variables -> HRa med 1h, Ll acu 1 h, Ta med 1h
[2026-09-23 01:40:17] 233: SIN DATOS EN EL ÚLTIMO DÍA
[2026-09-23 01:40:17] 234: 3/4 variables -> HRa med 1h, Ll acu 1 h, Ta med 1h
[2026-09-23 01:40:18] 235: 3/4 variables -> HRa med 1h, Ll acu 1 h, Ta med 1h
[2026-09-23 01:40:18] 236: 3/4 variables -> HRa med 1h, Ll acu 1 h, Ta med 1h
[2026-09-23 01:40:19] 237: SIN DATOS EN EL ÚLTIMO DÍA
[2026-09-23 01:40:19] 238: 3/4 variables -> HRa med 1h, Ll acu 1 h, Ta med 1h
[2026-09-23 01:40:20] 239: SIN DATOS EN EL ÚLTIMO DÍA
[2026-09-23 01:40:20] 240: 3/4 variables -> HRa med 1h, Ll acu 1 h, Ta med 1h
[2026-09-23 01:40:21] 241: 3/4 variables -> HRa med 1h, Ll acu 1 h, Ta med 1h
[2026-09-23 01:40:22] 242: 3/4 variables -> HRa med 1h, Ll acu 1 h, Ta med 1h
[2026-09-23 01:40:22] 243: 3/4 variables -> HRa med 1h, Ll acu 1 h, Ta med 1h
[2026-09-23 01:40:23] 244: 3/4 variables -> HRa med 1h, Ll acu 1 h, Ta med 1h
[2026-09-23 01:40:23] 245: 3/4 variables -> HRa med 1h, Ll acu 1 h, Ta med 1h
[2026-09-23 01:40:24] 246: SIN DATOS EN EL ÚLTIMO DÍA
[2026-09-23 01:40:24] 247: 3/4 variables -> HRa med 1h, Ll acu 1 h, Ta med 1h
[2026-09-23 01:40:25] 215: histórico actualizado -> 14 filas
[2026-09-23 01:40:25] 216: histórico actualizado -> 8 filas
[2026-09-23 01:40:25] 217: histórico actualizado -> 16 filas
[2026-09-23 01:40:25] 218: histórico actualizado -> 16 filas
[2026-09-23 01:40:25] 220: histórico actualizado -> 14 filas
[2026-09-23 01:40:25] 221: histórico actualizado -> 30 filas
[2026-09-23 01:40:25] 223: histórico actualizado -> 29 filas
[2026-09-23 01:40:25] 225: histórico actualizado -> 29 filas
[2026-09-23 01:40:25] 226: histórico actualizado -> 29 filas
[2026-09-23 01:40:25] 227: histórico actualizado -> 30 filas
[2026-09-23 01:40:25] 228: histórico actualizado -> 29 filas
[2026-09-23 01:40:25] 229: histórico actualizado -> 29 filas
[2026-09-23 01:40:25] 231: histórico actualizado -> 28 filas
[2026-09-23 01:40:25] 232: histórico actualizado -> 29 filas
[2026-09-23 01:40:25] 234: histórico actualizado -> 29 filas
[2026-09-23 01:40:25] 235: histórico actualizado -> 23 filas
[2026-09-23 01:40:25] 236: histórico actualizado -> 29 filas
[2026-09-23 01:40:25] 238: histórico actualizado -> 30 filas
[2026-09-23 01:40:25] 240: histórico actualizado -> 29 filas
[2026-09-23 01:40:25] 241: histórico actualizado -> 29 filas
[2026-09-23 01:40:25] 242: histórico actualizado -> 29 filas
[2026-09-23 01:40:25] 243: histórico actualizado -> 29 filas
[2026-09-23 01:40:25] 244: histórico actualizado -> 26 filas
[2026-09-23 01:40:25] 245: histórico actualizado -> 19 filas
[2026-09-23 01:40:25] 247: histórico actualizado -> 29 filas
[2026-09-23 01:40:25] Catálogo actualizado: 32 estaciones
[2026-09-23 01:40:25] FIN DEL PROCESO - 21.1 segundos
[2026-09-23 02:40:04] INICIO DEL PROCESO
[2026-09-23 02:40:04] Abriendo página de login...
[2026-09-23 02:40:04] Realizando login...
[2026-09-23 02:40:05] LOGIN OK -> https://polaris.adrtecnology.com/gis/map
[2026-09-23 02:40:05] Estaciones conservadas del catálogo histórico: 32
[2026-09-23 02:40:05] Estaciones obtenidas desde viewer: 20
[2026-09-23 02:40:07] Estaciones obtenidas directamente desde GIS: 32
[2026-09-23 02:40:08] 200: SIN DATOS EN EL ÚLTIMO DÍA
[2026-09-23 02:40:08] 215: 1/4 variables -> Ll acu 1 h
[2026-09-23 02:40:09] 216: 3/4 variables -> HRa med 1h, Ll acu 1 h, Ta med 1h
[2026-09-23 02:40:10] 217: 3/4 variables -> HRa med 1h, Ll acu 1 h, Ta med 1h
[2026-09-23 02:40:10] 218: 2/4 variables -> Ll acu 1 h, Ta med 1h
[2026-09-23 02:40:11] 220: 1/4 variables -> PP Acc (1h)
[2026-09-23 02:40:11] 221: 3/4 variables -> HRa med 1h, Ll acu 1 h, Ta med 1h
[2026-09-23 02:40:12] 223: 3/4 variables -> HRa med 1h, Ll acu 1 h, Ta med 1h
[2026-09-23 02:40:12] 224: SIN DATOS EN EL ÚLTIMO DÍA
[2026-09-23 02:40:13] 225: 3/4 variables -> HRa med 1h, Ll acu 1 h, Ta med 1h
[2026-09-23 02:40:13] 226: 3/4 variables -> HRa med 1h, Ll acu 1 h, Ta med 1h
[2026-09-23 02:40:14] 227: 3/4 variables -> HRa med 1h, Ll acu 1 h, Ta med 1h
[2026-09-23 02:40:14] 228: 3/4 variables -> HRa med 1h, Ll acu 1 h, Ta med 1h
[2026-09-23 02:40:15] 229: 3/4 variables -> HRa med 1h, Ll acu 1 h, Ta med 1h
[2026-09-23 02:40:16] 230: SIN DATOS EN EL ÚLTIMO DÍA
[2026-09-23 02:40:16] 231: 3/4 variables -> HRa med 1h, Ll acu 1 h, Ta med 1h
[2026-09-23 02:40:17] 232: 3/4 variables -> HRa med 1h, Ll acu 1 h, Ta med 1h
[2026-09-23 02:40:17] 233: SIN DATOS EN EL ÚLTIMO DÍA
[2026-09-23 02:40:18] 234: 3/4 variables -> HRa med 1h, Ll acu 1 h, Ta med 1h
[2026-09-23 02:40:18] 235: 3/4 variables -> HRa med 1h, Ll acu 1 h, Ta med 1h
[2026-09-23 02:40:19] 236: 3/4 variables -> HRa med 1h, Ll acu 1 h, Ta med 1h
[2026-09-23 02:40:19] 237: SIN DATOS EN EL ÚLTIMO DÍA
[2026-09-23 02:40:20] 238: 3/4 variables -> HRa med 1h, Ll acu 1 h, Ta med 1h
[2026-09-23 02:40:21] 239: SIN DATOS EN EL ÚLTIMO DÍA
[2026-09-23 02:40:21] 240: 3/4 variables -> HRa med 1h, Ll acu 1 h, Ta med 1h
[2026-09-23 02:40:22] 241: 3/4 variables -> HRa med 1h, Ll acu 1 h, Ta med 1h
[2026-09-23 02:40:22] 242: 3/4 variables -> HRa med 1h, Ll acu 1 h, Ta med 1h
[2026-09-23 02:40:23] 243: 3/4 variables -> HRa med 1h, Ll acu 1 h, Ta med 1h
[2026-09-23 02:40:23] 244: 3/4 variables -> HRa med 1h, Ll acu 1 h, Ta med 1h
[2026-09-23 02:40:24] 245: 3/4 variables -> HRa med 1h, Ll acu 1 h, Ta med 1h
[2026-09-23 02:40:24] 246: SIN DATOS EN EL ÚLTIMO DÍA
[2026-09-23 02:40:25] 247: 3/4 variables -> HRa med 1h, Ll acu 1 h, Ta med 1h
[2026-09-23 02:40:25] 215: histórico actualizado -> 15 filas
[2026-09-23 02:40:25] 216: histórico actualizado -> 9 filas
[2026-09-23 02:40:25] 217: histórico actualizado -> 17 filas
[2026-09-23 02:40:25] 218: histórico actualizado -> 17 filas
[2026-09-23 02:40:25] 220: histórico actualizado -> 15 filas
[2026-09-23 02:40:25] 221: histórico actualizado -> 32 filas
[2026-09-23 02:40:25] 223: histórico actualizado -> 31 filas
[2026-09-23 02:40:25] 225: histórico actualizado -> 31 filas
[2026-09-23 02:40:25] 226: histórico actualizado -> 31 filas
[2026-09-23 02:40:25] 227: histórico actualizado -> 32 filas
[2026-09-23 02:40:26] 228: histórico actualizado -> 31 filas
[2026-09-23 02:40:26] 229: histórico actualizado -> 31 filas
[2026-09-23 02:40:26] 231: histórico actualizado -> 30 filas
[2026-09-23 02:40:26] 232: histórico actualizado -> 31 filas
[2026-09-23 02:40:26] 234: histórico actualizado -> 31 filas
[2026-09-23 02:40:26] 235: histórico actualizado -> 25 filas
[2026-09-23 02:40:26] 236: histórico actualizado -> 31 filas
[2026-09-23 02:40:26] 238: histórico actualizado -> 32 filas
[2026-09-23 02:40:26] 240: histórico actualizado -> 31 filas
[2026-09-23 02:40:26] 241: histórico actualizado -> 31 filas
[2026-09-23 02:40:26] 242: histórico actualizado -> 31 filas
[2026-09-23 02:40:26] 243: histórico actualizado -> 31 filas
[2026-09-23 02:40:26] 244: histórico actualizado -> 26 filas
[2026-09-23 02:40:26] 245: histórico actualizado -> 21 filas
[2026-09-23 02:40:26] 247: histórico actualizado -> 31 filas
[2026-09-23 02:40:26] Catálogo actualizado: 32 estaciones
[2026-09-23 02:40:26] FIN DEL PROCESO - 22.2 segundos
[2026-09-23 03:40:04] INICIO DEL PROCESO
[2026-09-23 03:40:04] Abriendo página de login...
[2026-09-23 03:40:05] Realizando login...
[2026-09-23 03:40:05] LOGIN OK -> https://polaris.adrtecnology.com/gis/map
[2026-09-23 03:40:05] Estaciones conservadas del catálogo histórico: 32
[2026-09-23 03:40:05] Estaciones obtenidas desde viewer: 20
[2026-09-23 03:40:07] Estaciones obtenidas directamente desde GIS: 32
[2026-09-23 03:40:08] 200: SIN DATOS EN EL ÚLTIMO DÍA
[2026-09-23 03:40:08] 215: 1/4 variables -> Ll acu 1 h
[2026-09-23 03:40:09] 216: 3/4 variables -> HRa med 1h, Ll acu 1 h, Ta med 1h
[2026-09-23 03:40:09] 217: 3/4 variables -> HRa med 1h, Ll acu 1 h, Ta med 1h
[2026-09-23 03:40:10] 218: 2/4 variables -> Ll acu 1 h, Ta med 1h
[2026-09-23 03:40:10] 220: 1/4 variables -> PP Acc (1h)
[2026-09-23 03:40:11] 221: 3/4 variables -> HRa med 1h, Ll acu 1 h, Ta med 1h
[2026-09-23 03:40:11] 223: 3/4 variables -> HRa med 1h, Ll acu 1 h, Ta med 1h
[2026-09-23 03:40:12] 224: SIN DATOS EN EL ÚLTIMO DÍA
[2026-09-23 03:40:12] 225: 3/4 variables -> HRa med 1h, Ll acu 1 h, Ta med 1h
[2026-09-23 03:40:13] 226: 3/4 variables -> HRa med 1h, Ll acu 1 h, Ta med 1h
[2026-09-23 03:40:14] 227: 3/4 variables -> HRa med 1h, Ll acu 1 h, Ta med 1h
[2026-09-23 03:40:14] 228: 3/4 variables -> HRa med 1h, Ll acu 1 h, Ta med 1h
[2026-09-23 03:40:15] 229: 3/4 variables -> HRa med 1h, Ll acu 1 h, Ta med 1h
[2026-09-23 03:40:16] 230: SIN DATOS EN EL ÚLTIMO DÍA
[2026-09-23 03:40:16] 231: 3/4 variables -> HRa med 1h, Ll acu 1 h, Ta med 1h
[2026-09-23 03:40:17] 232: 3/4 variables -> HRa med 1h, Ll acu 1 h, Ta med 1h
[2026-09-23 03:40:17] 233: SIN DATOS EN EL ÚLTIMO DÍA
[2026-09-23 03:40:18] 234: 3/4 variables -> HRa med 1h, Ll acu 1 h, Ta med 1h
[2026-09-23 03:40:19] 235: 3/4 variables -> HRa med 1h, Ll acu 1 h, Ta med 1h
[2026-09-23 03:40:21] 236: 3/4 variables -> HRa med 1h, Ll acu 1 h, Ta med 1h
[2026-09-23 03:40:21] 237: SIN DATOS EN EL ÚLTIMO DÍA
[2026-09-23 03:40:22] 238: 3/4 variables -> HRa med 1h, Ll acu 1 h, Ta med 1h
[2026-09-23 03:40:23] 239: SIN DATOS EN EL ÚLTIMO DÍA
[2026-09-23 03:40:23] 240: 3/4 variables -> HRa med 1h, Ll acu 1 h, Ta med 1h
[2026-09-23 03:40:24] 241: 3/4 variables -> HRa med 1h, Ll acu 1 h, Ta med 1h
[2026-09-23 03:40:24] 242: 3/4 variables -> HRa med 1h, Ll acu 1 h, Ta med 1h
[2026-09-23 03:40:25] 243: 3/4 variables -> HRa med 1h, Ll acu 1 h, Ta med 1h
[2026-09-23 03:40:25] 244: 3/4 variables -> HRa med 1h, Ll acu 1 h, Ta med 1h
[2026-09-23 03:40:26] 245: 3/4 variables -> HRa med 1h, Ll acu 1 h, Ta med 1h
[2026-09-23 03:40:26] 246: SIN DATOS EN EL ÚLTIMO DÍA
[2026-09-23 03:40:27] 247: 3/4 variables -> HRa med 1h, Ll acu 1 h, Ta med 1h
[2026-09-23 03:40:27] 215: histórico actualizado -> 16 filas
[2026-09-23 03:40:27] 216: histórico actualizado -> 10 filas
[2026-09-23 03:40:27] 217: histórico actualizado -> 18 filas
[2026-09-23 03:40:27] 218: histórico actualizado -> 18 filas
[2026-09-23 03:40:27] 220: histórico actualizado -> 16 filas
[2026-09-23 03:40:27] 221: histórico actualizado -> 34 filas
[2026-09-23 03:40:27] 223: histórico actualizado -> 33 filas
[2026-09-23 03:40:27] 225: histórico actualizado -> 33 filas
[2026-09-23 03:40:27] 226: histórico actualizado -> 33 filas
[2026-09-23 03:40:28] 227: histórico actualizado -> 34 filas
[2026-09-23 03:40:28] 228: histórico actualizado -> 33 filas
[2026-09-23 03:40:28] 229: histórico actualizado -> 33 filas
[2026-09-23 03:40:28] 231: histórico actualizado -> 32 filas
[2026-09-23 03:40:28] 232: histórico actualizado -> 33 filas
[2026-09-23 03:40:28] 234: histórico actualizado -> 33 filas
[2026-09-23 03:40:28] 235: histórico actualizado -> 27 filas
[2026-09-23 03:40:28] 236: histórico actualizado -> 33 filas
[2026-09-23 03:40:28] 238: histórico actualizado -> 34 filas
[2026-09-23 03:40:28] 240: histórico actualizado -> 33 filas
[2026-09-23 03:40:28] 241: histórico actualizado -> 33 filas
[2026-09-23 03:40:28] 242: histórico actualizado -> 33 filas
[2026-09-23 03:40:28] 243: histórico actualizado -> 33 filas
[2026-09-23 03:40:28] 244: histórico actualizado -> 28 filas
[2026-09-23 03:40:28] 245: histórico actualizado -> 22 filas
[2026-09-23 03:40:28] 247: histórico actualizado -> 33 filas
[2026-09-23 03:40:28] Catálogo actualizado: 32 estaciones
[2026-09-23 03:40:28] FIN DEL PROCESO - 23.9 segundos
[2026-09-23 04:40:06] INICIO DEL PROCESO
[2026-09-23 04:40:06] Abriendo página de login...
[2026-09-23 04:40:06] Realizando login...
[2026-09-23 04:40:07] LOGIN OK -> https://polaris.adrtecnology.com/gis/map
[2026-09-23 04:40:07] Estaciones conservadas del catálogo histórico: 32
[2026-09-23 04:40:07] Estaciones obtenidas desde viewer: 20
[2026-09-23 04:40:09] Estaciones obtenidas directamente desde GIS: 32
[2026-09-23 04:40:09] 200: SIN DATOS EN EL ÚLTIMO DÍA
[2026-09-23 04:40:10] 215: 1/4 variables -> Ll acu 1 h
[2026-09-23 04:40:11] 216: 3/4 variables -> HRa med 1h, Ll acu 1 h, Ta med 1h
[2026-09-23 04:40:11] 217: 3/4 variables -> HRa med 1h, Ll acu 1 h, Ta med 1h
[2026-09-23 04:40:12] 218: 2/4 variables -> Ll acu 1 h, Ta med 1h
[2026-09-23 04:40:12] 220: 1/4 variables -> PP Acc (1h)
[2026-09-23 04:40:13] 221: 3/4 variables -> HRa med 1h, Ll acu 1 h, Ta med 1h
[2026-09-23 04:40:13] 223: 3/4 variables -> HRa med 1h, Ll acu 1 h, Ta med 1h
[2026-09-23 04:40:14] 224: SIN DATOS EN EL ÚLTIMO DÍA
[2026-09-23 04:40:14] 225: 3/4 variables -> HRa med 1h, Ll acu 1 h, Ta med 1h
[2026-09-23 04:40:15] 226: 3/4 variables -> HRa med 1h, Ll acu 1 h, Ta med 1h
[2026-09-23 04:40:16] 227: 3/4 variables -> HRa med 1h, Ll acu 1 h, Ta med 1h
[2026-09-23 04:40:16] 228: 3/4 variables -> HRa med 1h, Ll acu 1 h, Ta med 1h
[2026-09-23 04:40:17] 229: 3/4 variables -> HRa med 1h, Ll acu 1 h, Ta med 1h
[2026-09-23 04:40:17] 230: SIN DATOS EN EL ÚLTIMO DÍA
[2026-09-23 04:40:18] 231: 3/4 variables -> HRa med 1h, Ll acu 1 h, Ta med 1h
[2026-09-23 04:40:18] 232: 3/4 variables -> HRa med 1h, Ll acu 1 h, Ta med 1h
[2026-09-23 04:40:19] 233: SIN DATOS EN EL ÚLTIMO DÍA
[2026-09-23 04:40:19] 234: 3/4 variables -> HRa med 1h, Ll acu 1 h, Ta med 1h
[2026-09-23 04:40:20] 235: 3/4 variables -> HRa med 1h, Ll acu 1 h, Ta med 1h
[2026-09-23 04:40:20] 236: 3/4 variables -> HRa med 1h, Ll acu 1 h, Ta med 1h
[2026-09-23 04:40:21] 237: SIN DATOS EN EL ÚLTIMO DÍA
[2026-09-23 04:40:22] 238: 3/4 variables -> HRa med 1h, Ll acu 1 h, Ta med 1h
[2026-09-23 04:40:22] 239: SIN DATOS EN EL ÚLTIMO DÍA
[2026-09-23 04:40:23] 240: 3/4 variables -> HRa med 1h, Ll acu 1 h, Ta med 1h
[2026-09-23 04:40:23] 241: 3/4 variables -> HRa med 1h, Ll acu 1 h, Ta med 1h
[2026-09-23 04:40:24] 242: 3/4 variables -> HRa med 1h, Ll acu 1 h, Ta med 1h
[2026-09-23 04:40:24] 243: 3/4 variables -> HRa med 1h, Ll acu 1 h, Ta med 1h
[2026-09-23 04:40:25] 244: 3/4 variables -> HRa med 1h, Ll acu 1 h, Ta med 1h
[2026-09-23 04:40:26] 245: 3/4 variables -> HRa med 1h, Ll acu 1 h, Ta med 1h
[2026-09-23 04:40:26] 246: SIN DATOS EN EL ÚLTIMO DÍA
[2026-09-23 04:40:27] 247: 3/4 variables -> HRa med 1h, Ll acu 1 h, Ta med 1h
[2026-09-23 04:40:27] 215: histórico actualizado -> 17 filas
[2026-09-23 04:40:27] 216: histórico actualizado -> 11 filas
[2026-09-23 04:40:27] 217: histórico actualizado -> 19 filas
[2026-09-23 04:40:27] 218: histórico actualizado -> 19 filas
[2026-09-23 04:40:27] 220: histórico actualizado -> 17 filas
[2026-09-23 04:40:27] 221: histórico actualizado -> 36 filas
[2026-09-23 04:40:27] 223: histórico actualizado -> 35 filas
[2026-09-23 04:40:27] 225: histórico actualizado -> 35 filas
[2026-09-23 04:40:27] 226: histórico actualizado -> 35 filas
[2026-09-23 04:40:27] 227: histórico actualizado -> 36 filas
[2026-09-23 04:40:27] 228: histórico actualizado -> 35 filas
[2026-09-23 04:40:28] 229: histórico actualizado -> 35 filas
[2026-09-23 04:40:28] 231: histórico actualizado -> 34 filas
[2026-09-23 04:40:28] 232: histórico actualizado -> 35 filas
[2026-09-23 04:40:28] 234: histórico actualizado -> 35 filas
[2026-09-23 04:40:28] 235: histórico actualizado -> 29 filas
[2026-09-23 04:40:28] 236: histórico actualizado -> 35 filas
[2026-09-23 04:40:28] 238: histórico actualizado -> 36 filas
[2026-09-23 04:40:28] 240: histórico actualizado -> 35 filas
[2026-09-23 04:40:28] 241: histórico actualizado -> 35 filas
[2026-09-23 04:40:28] 242: histórico actualizado -> 35 filas
[2026-09-23 04:40:28] 243: histórico actualizado -> 35 filas
[2026-09-23 04:40:28] 244: histórico actualizado -> 30 filas
[2026-09-23 04:40:28] 245: histórico actualizado -> 22 filas
[2026-09-23 04:40:28] 247: histórico actualizado -> 35 filas
[2026-09-23 04:40:28] Catálogo actualizado: 32 estaciones
[2026-09-23 04:40:28] FIN DEL PROCESO - 22.3 segundos
[2026-09-23 05:40:04] INICIO DEL PROCESO
[2026-09-23 05:40:04] Abriendo página de login...
[2026-09-23 05:40:05] Realizando login...
[2026-09-23 05:40:06] LOGIN OK -> https://polaris.adrtecnology.com/gis/map
[2026-09-23 05:40:06] Estaciones conservadas del catálogo histórico: 32
[2026-09-23 05:40:07] Estaciones obtenidas desde viewer: 20
[2026-09-23 05:40:10] Estaciones obtenidas directamente desde GIS: 32
[2026-09-23 05:40:11] 200: SIN DATOS EN EL ÚLTIMO DÍA
[2026-09-23 05:40:11] 215: 1/4 variables -> Ll acu 1 h
[2026-09-23 05:40:12] 216: 3/4 variables -> HRa med 1h, Ll acu 1 h, Ta med 1h
[2026-09-23 05:40:12] 217: 3/4 variables -> HRa med 1h, Ll acu 1 h, Ta med 1h
[2026-09-23 05:40:13] 218: 2/4 variables -> Ll acu 1 h, Ta med 1h
[2026-09-23 05:40:13] 220: 1/4 variables -> PP Acc (1h)
[2026-09-23 05:40:14] 221: 3/4 variables -> HRa med 1h, Ll acu 1 h, Ta med 1h
[2026-09-23 05:40:14] 223: 3/4 variables -> HRa med 1h, Ll acu 1 h, Ta med 1h
[2026-09-23 05:40:15] 224: SIN DATOS EN EL ÚLTIMO DÍA
[2026-09-23 05:40:16] 225: 3/4 variables -> HRa med 1h, Ll acu 1 h, Ta med 1h
[2026-09-23 05:40:16] 226: 3/4 variables -> HRa med 1h, Ll acu 1 h, Ta med 1h
[2026-09-23 05:40:17] 227: 3/4 variables -> HRa med 1h, Ll acu 1 h, Ta med 1h
[2026-09-23 05:40:17] 228: 3/4 variables -> HRa med 1h, Ll acu 1 h, Ta med 1h
[2026-09-23 05:40:18] 229: 3/4 variables -> HRa med 1h, Ll acu 1 h, Ta med 1h
[2026-09-23 05:40:18] 230: SIN DATOS EN EL ÚLTIMO DÍA
[2026-09-23 05:40:19] 231: 3/4 variables -> HRa med 1h, Ll acu 1 h, Ta med 1h
[2026-09-23 05:40:20] 232: 3/4 variables -> HRa med 1h, Ll acu 1 h, Ta med 1h
[2026-09-23 05:40:20] 233: SIN DATOS EN EL ÚLTIMO DÍA
[2026-09-23 05:40:21] 234: 3/4 variables -> HRa med 1h, Ll acu 1 h, Ta med 1h
[2026-09-23 05:40:21] 235: 3/4 variables -> HRa med 1h, Ll acu 1 h, Ta med 1h
[2026-09-23 05:40:22] 236: 3/4 variables -> HRa med 1h, Ll acu 1 h, Ta med 1h
[2026-09-23 05:40:22] 237: SIN DATOS EN EL ÚLTIMO DÍA
[2026-09-23 05:40:23] 238: 3/4 variables -> HRa med 1h, Ll acu 1 h, Ta med 1h
[2026-09-23 05:40:23] 239: SIN DATOS EN EL ÚLTIMO DÍA
[2026-09-23 05:40:24] 240: 3/4 variables -> HRa med 1h, Ll acu 1 h, Ta med 1h
[2026-09-23 05:40:24] 241: 3/4 variables -> HRa med 1h, Ll acu 1 h, Ta med 1h
[2026-09-23 05:40:25] 242: 3/4 variables -> HRa med 1h, Ll acu 1 h, Ta med 1h
[2026-09-23 05:40:25] 243: 3/4 variables -> HRa med 1h, Ll acu 1 h, Ta med 1h
[2026-09-23 05:40:26] 244: 3/4 variables -> HRa med 1h, Ll acu 1 h, Ta med 1h
[2026-09-23 05:40:27] 245: 3/4 variables -> HRa med 1h, Ll acu 1 h, Ta med 1h
[2026-09-23 05:40:27] 246: SIN DATOS EN EL ÚLTIMO DÍA
[2026-09-23 05:40:28] 247: 3/4 variables -> HRa med 1h, Ll acu 1 h, Ta med 1h
[2026-09-23 05:40:28] 215: histórico actualizado -> 18 filas
[2026-09-23 05:40:28] 216: histórico actualizado -> 11 filas
[2026-09-23 05:40:28] 217: histórico actualizado -> 20 filas
[2026-09-23 05:40:28] 218: histórico actualizado -> 20 filas
[2026-09-23 05:40:28] 220: histórico actualizado -> 18 filas
[2026-09-23 05:40:28] 221: histórico actualizado -> 38 filas
[2026-09-23 05:40:28] 223: histórico actualizado -> 37 filas
[2026-09-23 05:40:28] 225: histórico actualizado -> 37 filas
[2026-09-23 05:40:28] 226: histórico actualizado -> 37 filas
[2026-09-23 05:40:28] 227: histórico actualizado -> 38 filas
[2026-09-23 05:40:28] 228: histórico actualizado -> 37 filas
[2026-09-23 05:40:28] 229: histórico actualizado -> 37 filas
[2026-09-23 05:40:28] 231: histórico actualizado -> 36 filas
[2026-09-23 05:40:28] 232: histórico actualizado -> 37 filas
[2026-09-23 05:40:28] 234: histórico actualizado -> 37 filas
[2026-09-23 05:40:28] 235: histórico actualizado -> 31 filas
[2026-09-23 05:40:28] 236: histórico actualizado -> 37 filas
[2026-09-23 05:40:28] 238: histórico actualizado -> 38 filas
[2026-09-23 05:40:28] 240: histórico actualizado -> 37 filas
[2026-09-23 05:40:28] 241: histórico actualizado -> 37 filas
[2026-09-23 05:40:28] 242: histórico actualizado -> 37 filas
[2026-09-23 05:40:28] 243: histórico actualizado -> 37 filas
[2026-09-23 05:40:29] 244: histórico actualizado -> 32 filas
[2026-09-23 05:40:29] 245: histórico actualizado -> 24 filas
[2026-09-23 05:40:29] 247: histórico actualizado -> 37 filas
[2026-09-23 05:40:29] Catálogo actualizado: 32 estaciones
[2026-09-23 05:40:29] FIN DEL PROCESO - 24.1 segundos
[2026-09-23 06:40:05] INICIO DEL PROCESO
[2026-09-23 06:40:05] Abriendo página de login...
[2026-09-23 06:40:06] Realizando login...
[2026-09-23 06:40:06] LOGIN OK -> https://polaris.adrtecnology.com/gis/map
[2026-09-23 06:40:06] Estaciones conservadas del catálogo histórico: 32
[2026-09-23 06:40:06] Estaciones obtenidas desde viewer: 20
[2026-09-23 06:40:08] Estaciones obtenidas directamente desde GIS: 32
[2026-09-23 06:40:08] 200: SIN DATOS EN EL ÚLTIMO DÍA
[2026-09-23 06:40:09] 215: 1/4 variables -> Ll acu 1 h
[2026-09-23 06:40:09] 216: 3/4 variables -> HRa med 1h, Ll acu 1 h, Ta med 1h
[2026-09-23 06:40:10] 217: 3/4 variables -> HRa med 1h, Ll acu 1 h, Ta med 1h
[2026-09-23 06:40:10] 218: 2/4 variables -> Ll acu 1 h, Ta med 1h
[2026-09-23 06:40:11] 220: 1/4 variables -> PP Acc (1h)
[2026-09-23 06:40:11] 221: 3/4 variables -> HRa med 1h, Ll acu 1 h, Ta med 1h
[2026-09-23 06:40:12] 223: 3/4 variables -> HRa med 1h, Ll acu 1 h, Ta med 1h
[2026-09-23 06:40:13] 224: SIN DATOS EN EL ÚLTIMO DÍA
[2026-09-23 06:40:13] 225: 3/4 variables -> HRa med 1h, Ll acu 1 h, Ta med 1h
[2026-09-23 06:40:14] 226: 3/4 variables -> HRa med 1h, Ll acu 1 h, Ta med 1h
[2026-09-23 06:40:14] 227: 3/4 variables -> HRa med 1h, Ll acu 1 h, Ta med 1h
[2026-09-23 06:40:15] 228: 3/4 variables -> HRa med 1h, Ll acu 1 h, Ta med 1h
[2026-09-23 06:40:15] 229: 3/4 variables -> HRa med 1h, Ll acu 1 h, Ta med 1h
[2026-09-23 06:40:16] 230: SIN DATOS EN EL ÚLTIMO DÍA
[2026-09-23 06:40:16] 231: 3/4 variables -> HRa med 1h, Ll acu 1 h, Ta med 1h
[2026-09-23 06:40:17] 232: 3/4 variables -> HRa med 1h, Ll acu 1 h, Ta med 1h
[2026-09-23 06:40:17] 233: SIN DATOS EN EL ÚLTIMO DÍA
[2026-09-23 06:40:18] 234: 3/4 variables -> HRa med 1h, Ll acu 1 h, Ta med 1h
[2026-09-23 06:40:19] 235: 3/4 variables -> HRa med 1h, Ll acu 1 h, Ta med 1h
[2026-09-23 06:40:19] 236: 3/4 variables -> HRa med 1h, Ll acu 1 h, Ta med 1h
[2026-09-23 06:40:20] 237: SIN DATOS EN EL ÚLTIMO DÍA
[2026-09-23 06:40:20] 238: 3/4 variables -> HRa med 1h, Ll acu 1 h, Ta med 1h
[2026-09-23 06:40:21] 239: SIN DATOS EN EL ÚLTIMO DÍA
[2026-09-23 06:40:21] 240: 3/4 variables -> HRa med 1h, Ll acu 1 h, Ta med 1h
[2026-09-23 06:40:22] 241: 3/4 variables -> HRa med 1h, Ll acu 1 h, Ta med 1h
[2026-09-23 06:40:22] 242: 3/4 variables -> HRa med 1h, Ll acu 1 h, Ta med 1h
[2026-09-23 06:40:23] 243: 3/4 variables -> HRa med 1h, Ll acu 1 h, Ta med 1h
[2026-09-23 06:40:23] 244: 3/4 variables -> HRa med 1h, Ll acu 1 h, Ta med 1h
[2026-09-23 06:40:24] 245: 3/4 variables -> HRa med 1h, Ll acu 1 h, Ta med 1h
[2026-09-23 06:40:24] 246: SIN DATOS EN EL ÚLTIMO DÍA
[2026-09-23 06:40:25] 247: 3/4 variables -> HRa med 1h, Ll acu 1 h, Ta med 1h
[2026-09-23 06:40:25] 215: histórico actualizado -> 19 filas
[2026-09-23 06:40:25] 216: histórico actualizado -> 11 filas
[2026-09-23 06:40:25] 217: histórico actualizado -> 21 filas
[2026-09-23 06:40:25] 218: histórico actualizado -> 21 filas
[2026-09-23 06:40:25] 220: histórico actualizado -> 19 filas
[2026-09-23 06:40:25] 221: histórico actualizado -> 40 filas
[2026-09-23 06:40:26] 223: histórico actualizado -> 39 filas
[2026-09-23 06:40:26] 225: histórico actualizado -> 39 filas
[2026-09-23 06:40:26] 226: histórico actualizado -> 39 filas
[2026-09-23 06:40:26] 227: histórico actualizado -> 40 filas
[2026-09-23 06:40:26] 228: histórico actualizado -> 39 filas
[2026-09-23 06:40:26] 229: histórico actualizado -> 39 filas
[2026-09-23 06:40:26] 231: histórico actualizado -> 38 filas
[2026-09-23 06:40:26] 232: histórico actualizado -> 39 filas
[2026-09-23 06:40:26] 234: histórico actualizado -> 39 filas
[2026-09-23 06:40:26] 235: histórico actualizado -> 33 filas
[2026-09-23 06:40:26] 236: histórico actualizado -> 39 filas
[2026-09-23 06:40:26] 238: histórico actualizado -> 40 filas
[2026-09-23 06:40:26] 240: histórico actualizado -> 39 filas
[2026-09-23 06:40:26] 241: histórico actualizado -> 39 filas
[2026-09-23 06:40:26] 242: histórico actualizado -> 39 filas
[2026-09-23 06:40:26] 243: histórico actualizado -> 39 filas
[2026-09-23 06:40:26] 244: histórico actualizado -> 34 filas
[2026-09-23 06:40:26] 245: histórico actualizado -> 26 filas
[2026-09-23 06:40:26] 247: histórico actualizado -> 39 filas
[2026-09-23 06:40:26] Catálogo actualizado: 32 estaciones
[2026-09-23 06:40:26] FIN DEL PROCESO - 20.9 segundos
[2026-09-23 07:40:04] INICIO DEL PROCESO
[2026-09-23 07:40:04] Abriendo página de login...
[2026-09-23 07:40:05] Realizando login...
[2026-09-23 07:40:05] LOGIN OK -> https://polaris.adrtecnology.com/gis/map
[2026-09-23 07:40:05] Estaciones conservadas del catálogo histórico: 32
[2026-09-23 07:40:06] Estaciones obtenidas desde viewer: 20
[2026-09-23 07:40:07] Estaciones obtenidas directamente desde GIS: 32
[2026-09-23 07:40:08] 200: SIN DATOS EN EL ÚLTIMO DÍA
[2026-09-23 07:40:08] 215: 1/4 variables -> Ll acu 1 h
[2026-09-23 07:40:09] 216: 3/4 variables -> HRa med 1h, Ll acu 1 h, Ta med 1h
[2026-09-23 07:40:10] 217: 3/4 variables -> HRa med 1h, Ll acu 1 h, Ta med 1h
[2026-09-23 07:40:10] 218: 2/4 variables -> Ll acu 1 h, Ta med 1h
[2026-09-23 07:40:11] 220: 1/4 variables -> PP Acc (1h)
[2026-09-23 07:40:11] 221: 3/4 variables -> HRa med 1h, Ll acu 1 h, Ta med 1h
[2026-09-23 07:40:12] 223: 3/4 variables -> HRa med 1h, Ll acu 1 h, Ta med 1h
[2026-09-23 07:40:12] 224: SIN DATOS EN EL ÚLTIMO DÍA
[2026-09-23 07:40:13] 225: 3/4 variables -> HRa med 1h, Ll acu 1 h, Ta med 1h
[2026-09-23 07:40:13] 226: 3/4 variables -> HRa med 1h, Ll acu 1 h, Ta med 1h
[2026-09-23 07:40:14] 227: 3/4 variables -> HRa med 1h, Ll acu 1 h, Ta med 1h
[2026-09-23 07:40:14] 228: 3/4 variables -> HRa med 1h, Ll acu 1 h, Ta med 1h
[2026-09-23 07:40:15] 229: 3/4 variables -> HRa med 1h, Ll acu 1 h, Ta med 1h
[2026-09-23 07:40:15] 230: SIN DATOS EN EL ÚLTIMO DÍA
[2026-09-23 07:40:16] 231: 3/4 variables -> HRa med 1h, Ll acu 1 h, Ta med 1h
[2026-09-23 07:40:17] 232: 3/4 variables -> HRa med 1h, Ll acu 1 h, Ta med 1h
[2026-09-23 07:40:17] 233: SIN DATOS EN EL ÚLTIMO DÍA
[2026-09-23 07:40:18] 234: 3/4 variables -> HRa med 1h, Ll acu 1 h, Ta med 1h
[2026-09-23 07:40:18] 235: 3/4 variables -> HRa med 1h, Ll acu 1 h, Ta med 1h
[2026-09-23 07:40:19] 236: 3/4 variables -> HRa med 1h, Ll acu 1 h, Ta med 1h
[2026-09-23 07:40:19] 237: SIN DATOS EN EL ÚLTIMO DÍA
[2026-09-23 07:40:20] 238: 3/4 variables -> HRa med 1h, Ll acu 1 h, Ta med 1h
[2026-09-23 07:40:20] 239: SIN DATOS EN EL ÚLTIMO DÍA
[2026-09-23 07:40:21] 240: 3/4 variables -> HRa med 1h, Ll acu 1 h, Ta med 1h
[2026-09-23 07:40:22] 241: 3/4 variables -> HRa med 1h, Ll acu 1 h, Ta med 1h
[2026-09-23 07:40:22] 242: 3/4 variables -> HRa med 1h, Ll acu 1 h, Ta med 1h
[2026-09-23 07:40:23] 243: 3/4 variables -> HRa med 1h, Ll acu 1 h, Ta med 1h
[2026-09-23 07:40:23] 244: 3/4 variables -> HRa med 1h, Ll acu 1 h, Ta med 1h
[2026-09-23 07:40:24] 245: 3/4 variables -> HRa med 1h, Ll acu 1 h, Ta med 1h
[2026-09-23 07:40:24] 246: SIN DATOS EN EL ÚLTIMO DÍA
[2026-09-23 07:40:25] 247: 3/4 variables -> HRa med 1h, Ll acu 1 h, Ta med 1h
[2026-09-23 07:40:25] 215: histórico actualizado -> 20 filas
[2026-09-23 07:40:25] 216: histórico actualizado -> 11 filas
[2026-09-23 07:40:25] 217: histórico actualizado -> 22 filas
[2026-09-23 07:40:25] 218: histórico actualizado -> 22 filas
[2026-09-23 07:40:25] 220: histórico actualizado -> 20 filas
[2026-09-23 07:40:25] 221: histórico actualizado -> 42 filas
[2026-09-23 07:40:25] 223: histórico actualizado -> 41 filas
[2026-09-23 07:40:25] 225: histórico actualizado -> 41 filas
[2026-09-23 07:40:25] 226: histórico actualizado -> 41 filas
[2026-09-23 07:40:25] 227: histórico actualizado -> 42 filas
[2026-09-23 07:40:25] 228: histórico actualizado -> 41 filas
[2026-09-23 07:40:25] 229: histórico actualizado -> 41 filas
[2026-09-23 07:40:25] 231: histórico actualizado -> 40 filas
[2026-09-23 07:40:25] 232: histórico actualizado -> 41 filas
[2026-09-23 07:40:26] 234: histórico actualizado -> 41 filas
[2026-09-23 07:40:26] 235: histórico actualizado -> 35 filas
[2026-09-23 07:40:26] 236: histórico actualizado -> 41 filas
[2026-09-23 07:40:26] 238: histórico actualizado -> 42 filas
[2026-09-23 07:40:26] 240: histórico actualizado -> 41 filas
[2026-09-23 07:40:26] 241: histórico actualizado -> 41 filas
[2026-09-23 07:40:26] 242: histórico actualizado -> 41 filas
[2026-09-23 07:40:26] 243: histórico actualizado -> 41 filas
[2026-09-23 07:40:26] 244: histórico actualizado -> 36 filas
[2026-09-23 07:40:26] 245: histórico actualizado -> 28 filas
[2026-09-23 07:40:26] 247: histórico actualizado -> 41 filas
[2026-09-23 07:40:26] Catálogo actualizado: 32 estaciones
[2026-09-23 07:40:26] FIN DEL PROCESO - 21.6 segundos
[2026-09-23 08:40:06] INICIO DEL PROCESO
[2026-09-23 08:40:06] Abriendo página de login...
[2026-09-23 08:40:06] Realizando login...
[2026-09-23 08:40:07] LOGIN OK -> https://polaris.adrtecnology.com/gis/map
[2026-09-23 08:40:07] Estaciones conservadas del catálogo histórico: 32
[2026-09-23 08:40:07] Estaciones obtenidas desde viewer: 20
[2026-09-23 08:40:09] Estaciones obtenidas directamente desde GIS: 32
[2026-09-23 08:40:09] 200: SIN DATOS EN EL ÚLTIMO DÍA
[2026-09-23 08:40:10] 215: 1/4 variables -> Ll acu 1 h
[2026-09-23 08:40:10] 216: 3/4 variables -> HRa med 1h, Ll acu 1 h, Ta med 1h
[2026-09-23 08:40:11] 217: 3/4 variables -> HRa med 1h, Ll acu 1 h, Ta med 1h
[2026-09-23 08:40:11] 218: 2/4 variables -> Ll acu 1 h, Ta med 1h
[2026-09-23 08:40:12] 220: 1/4 variables -> PP Acc (1h)
[2026-09-23 08:40:12] 221: 3/4 variables -> HRa med 1h, Ll acu 1 h, Ta med 1h
[2026-09-23 08:40:13] 223: 3/4 variables -> HRa med 1h, Ll acu 1 h, Ta med 1h
[2026-09-23 08:40:13] 224: SIN DATOS EN EL ÚLTIMO DÍA
[2026-09-23 08:40:14] 225: 3/4 variables -> HRa med 1h, Ll acu 1 h, Ta med 1h
[2026-09-23 08:40:14] 226: 3/4 variables -> HRa med 1h, Ll acu 1 h, Ta med 1h
[2026-09-23 08:40:15] 227: 3/4 variables -> HRa med 1h, Ll acu 1 h, Ta med 1h
[2026-09-23 08:40:16] 228: 3/4 variables -> HRa med 1h, Ll acu 1 h, Ta med 1h
[2026-09-23 08:40:16] 229: 3/4 variables -> HRa med 1h, Ll acu 1 h, Ta med 1h
[2026-09-23 08:40:17] 230: SIN DATOS EN EL ÚLTIMO DÍA
[2026-09-23 08:40:17] 231: 3/4 variables -> HRa med 1h, Ll acu 1 h, Ta med 1h
[2026-09-23 08:40:18] 232: 3/4 variables -> HRa med 1h, Ll acu 1 h, Ta med 1h
[2026-09-23 08:40:18] 233: SIN DATOS EN EL ÚLTIMO DÍA
[2026-09-23 08:40:19] 234: 3/4 variables -> HRa med 1h, Ll acu 1 h, Ta med 1h
[2026-09-23 08:40:20] 235: 3/4 variables -> HRa med 1h, Ll acu 1 h, Ta med 1h
[2026-09-23 08:40:20] 236: 3/4 variables -> HRa med 1h, Ll acu 1 h, Ta med 1h
[2026-09-23 08:40:21] 237: SIN DATOS EN EL ÚLTIMO DÍA
[2026-09-23 08:40:22] 238: 3/4 variables -> HRa med 1h, Ll acu 1 h, Ta med 1h
[2026-09-23 08:40:22] 239: SIN DATOS EN EL ÚLTIMO DÍA
[2026-09-23 08:40:23] 240: 3/4 variables -> HRa med 1h, Ll acu 1 h, Ta med 1h
[2026-09-23 08:40:23] 241: 3/4 variables -> HRa med 1h, Ll acu 1 h, Ta med 1h
[2026-09-23 08:40:24] 242: 3/4 variables -> HRa med 1h, Ll acu 1 h, Ta med 1h
[2026-09-23 08:40:24] 243: 3/4 variables -> HRa med 1h, Ll acu 1 h, Ta med 1h
[2026-09-23 08:40:25] 244: 3/4 variables -> HRa med 1h, Ll acu 1 h, Ta med 1h
[2026-09-23 08:40:25] 245: 3/4 variables -> HRa med 1h, Ll acu 1 h, Ta med 1h
[2026-09-23 08:40:26] 246: SIN DATOS EN EL ÚLTIMO DÍA
[2026-09-23 08:40:27] 247: 3/4 variables -> HRa med 1h, Ll acu 1 h, Ta med 1h
[2026-09-23 08:40:27] 215: histórico actualizado -> 21 filas
[2026-09-23 08:40:27] 216: histórico actualizado -> 12 filas
[2026-09-23 08:40:27] 217: histórico actualizado -> 23 filas
[2026-09-23 08:40:27] 218: histórico actualizado -> 23 filas
[2026-09-23 08:40:27] 220: histórico actualizado -> 21 filas
[2026-09-23 08:40:27] 221: histórico actualizado -> 44 filas
[2026-09-23 08:40:27] 223: histórico actualizado -> 43 filas
[2026-09-23 08:40:27] 225: histórico actualizado -> 43 filas
[2026-09-23 08:40:27] 226: histórico actualizado -> 43 filas
[2026-09-23 08:40:27] 227: histórico actualizado -> 44 filas
[2026-09-23 08:40:27] 228: histórico actualizado -> 43 filas
[2026-09-23 08:40:27] 229: histórico actualizado -> 43 filas
[2026-09-23 08:40:27] 231: histórico actualizado -> 42 filas
[2026-09-23 08:40:28] 232: histórico actualizado -> 43 filas
[2026-09-23 08:40:28] 234: histórico actualizado -> 43 filas
[2026-09-23 08:40:28] 235: histórico actualizado -> 37 filas
[2026-09-23 08:40:28] 236: histórico actualizado -> 43 filas
[2026-09-23 08:40:28] 238: histórico actualizado -> 44 filas
[2026-09-23 08:40:28] 240: histórico actualizado -> 43 filas
[2026-09-23 08:40:28] 241: histórico actualizado -> 43 filas
[2026-09-23 08:40:28] 242: histórico actualizado -> 43 filas
[2026-09-23 08:40:28] 243: histórico actualizado -> 43 filas
[2026-09-23 08:40:28] 244: histórico actualizado -> 38 filas
[2026-09-23 08:40:29] 245: histórico actualizado -> 30 filas
[2026-09-23 08:40:29] 247: histórico actualizado -> 43 filas
[2026-09-23 08:40:29] Catálogo actualizado: 32 estaciones
[2026-09-23 08:40:29] FIN DEL PROCESO - 22.8 segundos
[2026-09-23 09:40:05] INICIO DEL PROCESO
[2026-09-23 09:40:05] Abriendo página de login...
[2026-09-23 09:40:06] Realizando login...
[2026-09-23 09:40:06] LOGIN OK -> https://polaris.adrtecnology.com/gis/map
[2026-09-23 09:40:06] Estaciones conservadas del catálogo histórico: 32
[2026-09-23 09:40:06] Estaciones obtenidas desde viewer: 20
[2026-09-23 09:40:08] Estaciones obtenidas directamente desde GIS: 32
[2026-09-23 09:40:08] 200: SIN DATOS EN EL ÚLTIMO DÍA
[2026-09-23 09:40:09] 215: 1/4 variables -> Ll acu 1 h
[2026-09-23 09:40:09] 216: 3/4 variables -> HRa med 1h, Ll acu 1 h, Ta med 1h
[2026-09-23 09:40:10] 217: 3/4 variables -> HRa med 1h, Ll acu 1 h, Ta med 1h
[2026-09-23 09:40:10] 218: 2/4 variables -> Ll acu 1 h, Ta med 1h
[2026-09-23 09:40:11] 220: 1/4 variables -> PP Acc (1h)
[2026-09-23 09:40:11] 221: 3/4 variables -> HRa med 1h, Ll acu 1 h, Ta med 1h
[2026-09-23 09:40:12] 223: 3/4 variables -> HRa med 1h, Ll acu 1 h, Ta med 1h
[2026-09-23 09:40:12] 224: SIN DATOS EN EL ÚLTIMO DÍA
[2026-09-23 09:40:13] 225: 3/4 variables -> HRa med 1h, Ll acu 1 h, Ta med 1h
[2026-09-23 09:40:14] 226: 3/4 variables -> HRa med 1h, Ll acu 1 h, Ta med 1h
[2026-09-23 09:40:14] 227: 3/4 variables -> HRa med 1h, Ll acu 1 h, Ta med 1h
[2026-09-23 09:40:15] 228: 3/4 variables -> HRa med 1h, Ll acu 1 h, Ta med 1h
[2026-09-23 09:40:15] 229: 3/4 variables -> HRa med 1h, Ll acu 1 h, Ta med 1h
[2026-09-23 09:40:16] 230: SIN DATOS EN EL ÚLTIMO DÍA
[2026-09-23 09:40:16] 231: 3/4 variables -> HRa med 1h, Ll acu 1 h, Ta med 1h
[2026-09-23 09:40:17] 232: 3/4 variables -> HRa med 1h, Ll acu 1 h, Ta med 1h
[2026-09-23 09:40:17] 233: SIN DATOS EN EL ÚLTIMO DÍA
[2026-09-23 09:40:18] 234: 3/4 variables -> HRa med 1h, Ll acu 1 h, Ta med 1h
[2026-09-23 09:40:18] 235: 3/4 variables -> HRa med 1h, Ll acu 1 h, Ta med 1h
[2026-09-23 09:40:19] 236: 3/4 variables -> HRa med 1h, Ll acu 1 h, Ta med 1h
[2026-09-23 09:40:19] 237: SIN DATOS EN EL ÚLTIMO DÍA
[2026-09-23 09:40:20] 238: 3/4 variables -> HRa med 1h, Ll acu 1 h, Ta med 1h
[2026-09-23 09:40:21] 239: SIN DATOS EN EL ÚLTIMO DÍA
[2026-09-23 09:40:21] 240: 3/4 variables -> HRa med 1h, Ll acu 1 h, Ta med 1h
[2026-09-23 09:40:22] 241: 3/4 variables -> HRa med 1h, Ll acu 1 h, Ta med 1h
[2026-09-23 09:40:22] 242: 3/4 variables -> HRa med 1h, Ll acu 1 h, Ta med 1h
[2026-09-23 09:40:23] 243: 3/4 variables -> HRa med 1h, Ll acu 1 h, Ta med 1h
[2026-09-23 09:40:23] 244: 3/4 variables -> HRa med 1h, Ll acu 1 h, Ta med 1h
[2026-09-23 09:40:24] 245: 3/4 variables -> HRa med 1h, Ll acu 1 h, Ta med 1h
[2026-09-23 09:40:24] 246: SIN DATOS EN EL ÚLTIMO DÍA
[2026-09-23 09:40:25] 247: 3/4 variables -> HRa med 1h, Ll acu 1 h, Ta med 1h
[2026-09-23 09:40:25] 215: histórico actualizado -> 22 filas
[2026-09-23 09:40:25] 216: histórico actualizado -> 13 filas
[2026-09-23 09:40:25] 217: histórico actualizado -> 24 filas
[2026-09-23 09:40:25] 218: histórico actualizado -> 24 filas
[2026-09-23 09:40:25] 220: histórico actualizado -> 22 filas
[2026-09-23 09:40:25] 221: histórico actualizado -> 46 filas
[2026-09-23 09:40:25] 223: histórico actualizado -> 45 filas
[2026-09-23 09:40:25] 225: histórico actualizado -> 45 filas
[2026-09-23 09:40:25] 226: histórico actualizado -> 45 filas
[2026-09-23 09:40:26] 227: histórico actualizado -> 46 filas
[2026-09-23 09:40:26] 228: histórico actualizado -> 45 filas
[2026-09-23 09:40:26] 229: histórico actualizado -> 45 filas
[2026-09-23 09:40:26] 231: histórico actualizado -> 44 filas
[2026-09-23 09:40:26] 232: histórico actualizado -> 45 filas
[2026-09-23 09:40:26] 234: histórico actualizado -> 45 filas
[2026-09-23 09:40:26] 235: histórico actualizado -> 39 filas
[2026-09-23 09:40:26] 236: histórico actualizado -> 45 filas
[2026-09-23 09:40:26] 238: histórico actualizado -> 46 filas
[2026-09-23 09:40:26] 240: histórico actualizado -> 45 filas
[2026-09-23 09:40:26] 241: histórico actualizado -> 44 filas
[2026-09-23 09:40:26] 242: histórico actualizado -> 45 filas
[2026-09-23 09:40:26] 243: histórico actualizado -> 45 filas
[2026-09-23 09:40:26] 244: histórico actualizado -> 40 filas
[2026-09-23 09:40:26] 245: histórico actualizado -> 31 filas
[2026-09-23 09:40:26] 247: histórico actualizado -> 45 filas
[2026-09-23 09:40:26] Catálogo actualizado: 32 estaciones
[2026-09-23 09:40:26] FIN DEL PROCESO - 21.1 segundos
[2026-09-23 10:40:05] INICIO DEL PROCESO
[2026-09-23 10:40:05] Abriendo página de login...
[2026-09-23 10:40:05] Realizando login...
[2026-09-23 10:40:06] LOGIN OK -> https://polaris.adrtecnology.com/gis/map
[2026-09-23 10:40:06] Estaciones conservadas del catálogo histórico: 32
[2026-09-23 10:40:06] Estaciones obtenidas desde viewer: 20
[2026-09-23 10:40:08] Estaciones obtenidas directamente desde GIS: 32
[2026-09-23 10:40:08] 200: SIN DATOS EN EL ÚLTIMO DÍA
[2026-09-23 10:40:09] 215: 1/4 variables -> Ll acu 1 h
[2026-09-23 10:40:09] 216: 3/4 variables -> HRa med 1h, Ll acu 1 h, Ta med 1h
[2026-09-23 10:40:10] 217: 3/4 variables -> HRa med 1h, Ll acu 1 h, Ta med 1h
[2026-09-23 10:40:10] 218: 2/4 variables -> Ll acu 1 h, Ta med 1h
[2026-09-23 10:40:11] 220: 1/4 variables -> PP Acc (1h)
[2026-09-23 10:40:11] 221: 3/4 variables -> HRa med 1h, Ll acu 1 h, Ta med 1h
[2026-09-23 10:40:12] 223: 3/4 variables -> HRa med 1h, Ll acu 1 h, Ta med 1h
[2026-09-23 10:40:12] 224: SIN DATOS EN EL ÚLTIMO DÍA
[2026-09-23 10:40:13] 225: 3/4 variables -> HRa med 1h, Ll acu 1 h, Ta med 1h
[2026-09-23 10:40:14] 226: 3/4 variables -> HRa med 1h, Ll acu 1 h, Ta med 1h
[2026-09-23 10:40:14] 227: 3/4 variables -> HRa med 1h, Ll acu 1 h, Ta med 1h
[2026-09-23 10:40:15] 228: 3/4 variables -> HRa med 1h, Ll acu 1 h, Ta med 1h
[2026-09-23 10:40:15] 229: 3/4 variables -> HRa med 1h, Ll acu 1 h, Ta med 1h
[2026-09-23 10:40:16] 230: SIN DATOS EN EL ÚLTIMO DÍA
[2026-09-23 10:40:16] 231: 3/4 variables -> HRa med 1h, Ll acu 1 h, Ta med 1h
[2026-09-23 10:40:17] 232: 3/4 variables -> HRa med 1h, Ll acu 1 h, Ta med 1h
[2026-09-23 10:40:17] 233: SIN DATOS EN EL ÚLTIMO DÍA
[2026-09-23 10:40:18] 234: 3/4 variables -> HRa med 1h, Ll acu 1 h, Ta med 1h
[2026-09-23 10:40:19] 235: 3/4 variables -> HRa med 1h, Ll acu 1 h, Ta med 1h
[2026-09-23 10:40:19] 236: 3/4 variables -> HRa med 1h, Ll acu 1 h, Ta med 1h
[2026-09-23 10:40:20] 237: SIN DATOS EN EL ÚLTIMO DÍA
[2026-09-23 10:40:20] 238: 3/4 variables -> HRa med 1h, Ll acu 1 h, Ta med 1h
[2026-09-23 10:40:21] 239: SIN DATOS EN EL ÚLTIMO DÍA
[2026-09-23 10:40:21] 240: 3/4 variables -> HRa med 1h, Ll acu 1 h, Ta med 1h
[2026-09-23 10:40:22] 241: 3/4 variables -> HRa med 1h, Ll acu 1 h, Ta med 1h
[2026-09-23 10:40:23] 242: 3/4 variables -> HRa med 1h, Ll acu 1 h, Ta med 1h
[2026-09-23 10:40:23] 243: 3/4 variables -> HRa med 1h, Ll acu 1 h, Ta med 1h
[2026-09-23 10:40:24] 244: 3/4 variables -> HRa med 1h, Ll acu 1 h, Ta med 1h
[2026-09-23 10:40:24] 245: 3/4 variables -> HRa med 1h, Ll acu 1 h, Ta med 1h
[2026-09-23 10:40:25] 246: SIN DATOS EN EL ÚLTIMO DÍA
[2026-09-23 10:40:25] 247: 3/4 variables -> HRa med 1h, Ll acu 1 h, Ta med 1h
[2026-09-23 10:40:26] 215: histórico actualizado -> 23 filas
[2026-09-23 10:40:26] 216: histórico actualizado -> 14 filas
[2026-09-23 10:40:26] 217: histórico actualizado -> 25 filas
[2026-09-23 10:40:26] 218: histórico actualizado -> 25 filas
[2026-09-23 10:40:26] 220: histórico actualizado -> 23 filas
[2026-09-23 10:40:26] 221: histórico actualizado -> 48 filas
[2026-09-23 10:40:26] 223: histórico actualizado -> 47 filas
[2026-09-23 10:40:26] 225: histórico actualizado -> 47 filas
[2026-09-23 10:40:26] 226: histórico actualizado -> 47 filas
[2026-09-23 10:40:26] 227: histórico actualizado -> 48 filas
[2026-09-23 10:40:26] 228: histórico actualizado -> 47 filas
[2026-09-23 10:40:26] 229: histórico actualizado -> 47 filas
[2026-09-23 10:40:26] 231: histórico actualizado -> 46 filas
[2026-09-23 10:40:26] 232: histórico actualizado -> 47 filas
[2026-09-23 10:40:26] 234: histórico actualizado -> 47 filas
[2026-09-23 10:40:26] 235: histórico actualizado -> 41 filas
[2026-09-23 10:40:26] 236: histórico actualizado -> 47 filas
[2026-09-23 10:40:26] 238: histórico actualizado -> 48 filas
[2026-09-23 10:40:26] 240: histórico actualizado -> 47 filas
[2026-09-23 10:40:26] 241: histórico actualizado -> 44 filas
[2026-09-23 10:40:26] 242: histórico actualizado -> 47 filas
[2026-09-23 10:40:26] 243: histórico actualizado -> 47 filas
[2026-09-23 10:40:26] 244: histórico actualizado -> 42 filas
[2026-09-23 10:40:26] 245: histórico actualizado -> 31 filas
[2026-09-23 10:40:26] 247: histórico actualizado -> 47 filas
[2026-09-23 10:40:26] Catálogo actualizado: 32 estaciones
[2026-09-23 10:40:26] FIN DEL PROCESO - 21.6 segundos
[2026-09-23 11:40:05] INICIO DEL PROCESO
[2026-09-23 11:40:05] Abriendo página de login...
[2026-09-23 11:40:10] Realizando login...
[2026-09-23 11:40:10] LOGIN OK -> https://polaris.adrtecnology.com/gis/map
[2026-09-23 11:40:10] Estaciones conservadas del catálogo histórico: 32
[2026-09-23 11:40:10] Estaciones obtenidas desde viewer: 20
[2026-09-23 11:40:12] Estaciones obtenidas directamente desde GIS: 32
[2026-09-23 11:40:13] 200: SIN DATOS EN EL ÚLTIMO DÍA
[2026-09-23 11:40:13] 215: 1/4 variables -> Ll acu 1 h
[2026-09-23 11:40:14] 216: 3/4 variables -> HRa med 1h, Ll acu 1 h, Ta med 1h
[2026-09-23 11:40:14] 217: 3/4 variables -> HRa med 1h, Ll acu 1 h, Ta med 1h
[2026-09-23 11:40:15] 218: 2/4 variables -> Ll acu 1 h, Ta med 1h
[2026-09-23 11:40:15] 220: 1/4 variables -> PP Acc (1h)
[2026-09-23 11:40:16] 221: 3/4 variables -> HRa med 1h, Ll acu 1 h, Ta med 1h
[2026-09-23 11:40:16] 223: 3/4 variables -> HRa med 1h, Ll acu 1 h, Ta med 1h
[2026-09-23 11:40:17] 224: SIN DATOS EN EL ÚLTIMO DÍA
[2026-09-23 11:40:17] 225: 3/4 variables -> HRa med 1h, Ll acu 1 h, Ta med 1h
[2026-09-23 11:40:18] 226: 3/4 variables -> HRa med 1h, Ll acu 1 h, Ta med 1h
[2026-09-23 11:40:18] 227: 3/4 variables -> HRa med 1h, Ll acu 1 h, Ta med 1h
[2026-09-23 11:40:19] 228: 3/4 variables -> HRa med 1h, Ll acu 1 h, Ta med 1h
[2026-09-23 11:40:19] 229: 3/4 variables -> HRa med 1h, Ll acu 1 h, Ta med 1h
[2026-09-23 11:40:20] 230: SIN DATOS EN EL ÚLTIMO DÍA
[2026-09-23 11:40:21] 231: 3/4 variables -> HRa med 1h, Ll acu 1 h, Ta med 1h
[2026-09-23 11:40:21] 232: 3/4 variables -> HRa med 1h, Ll acu 1 h, Ta med 1h
[2026-09-23 11:40:22] 233: SIN DATOS EN EL ÚLTIMO DÍA
[2026-09-23 11:40:22] 234: 3/4 variables -> HRa med 1h, Ll acu 1 h, Ta med 1h
[2026-09-23 11:40:23] 235: 3/4 variables -> HRa med 1h, Ll acu 1 h, Ta med 1h
[2026-09-23 11:40:23] 236: 3/4 variables -> HRa med 1h, Ll acu 1 h, Ta med 1h
[2026-09-23 11:40:24] 237: SIN DATOS EN EL ÚLTIMO DÍA
[2026-09-23 11:40:24] 238: 3/4 variables -> HRa med 1h, Ll acu 1 h, Ta med 1h
[2026-09-23 11:40:25] 239: SIN DATOS EN EL ÚLTIMO DÍA
[2026-09-23 11:40:25] 240: 3/4 variables -> HRa med 1h, Ll acu 1 h, Ta med 1h
[2026-09-23 11:40:26] 241: 3/4 variables -> HRa med 1h, Ll acu 1 h, Ta med 1h
[2026-09-23 11:40:26] 242: 3/4 variables -> HRa med 1h, Ll acu 1 h, Ta med 1h
[2026-09-23 11:40:27] 243: 3/4 variables -> HRa med 1h, Ll acu 1 h, Ta med 1h
[2026-09-23 11:40:28] 244: 3/4 variables -> HRa med 1h, Ll acu 1 h, Ta med 1h
[2026-09-23 11:40:28] 245: 3/4 variables -> HRa med 1h, Ll acu 1 h, Ta med 1h
[2026-09-23 11:40:29] 246: SIN DATOS EN EL ÚLTIMO DÍA
[2026-09-23 11:40:29] 247: 3/4 variables -> HRa med 1h, Ll acu 1 h, Ta med 1h
[2026-09-23 11:40:29] 215: histórico actualizado -> 24 filas
[2026-09-23 11:40:29] 216: histórico actualizado -> 15 filas
[2026-09-23 11:40:29] 217: histórico actualizado -> 26 filas
[2026-09-23 11:40:30] 218: histórico actualizado -> 26 filas
[2026-09-23 11:40:30] 220: histórico actualizado -> 24 filas
[2026-09-23 11:40:30] 221: histórico actualizado -> 50 filas
[2026-09-23 11:40:30] 223: histórico actualizado -> 49 filas
[2026-09-23 11:40:30] 225: histórico actualizado -> 49 filas
[2026-09-23 11:40:30] 226: histórico actualizado -> 49 filas
[2026-09-23 11:40:30] 227: histórico actualizado -> 50 filas
[2026-09-23 11:40:30] 228: histórico actualizado -> 49 filas
[2026-09-23 11:40:30] 229: histórico actualizado -> 49 filas
[2026-09-23 11:40:30] 231: histórico actualizado -> 48 filas
[2026-09-23 11:40:30] 232: histórico actualizado -> 49 filas
[2026-09-23 11:40:30] 234: histórico actualizado -> 49 filas
[2026-09-23 11:40:30] 235: histórico actualizado -> 43 filas
[2026-09-23 11:40:30] 236: histórico actualizado -> 49 filas
[2026-09-23 11:40:30] 238: histórico actualizado -> 50 filas
[2026-09-23 11:40:30] 240: histórico actualizado -> 48 filas
[2026-09-23 11:40:30] 241: histórico actualizado -> 44 filas
[2026-09-23 11:40:30] 242: histórico actualizado -> 49 filas
[2026-09-23 11:40:30] 243: histórico actualizado -> 49 filas
[2026-09-23 11:40:30] 244: histórico actualizado -> 44 filas
[2026-09-23 11:40:30] 245: histórico actualizado -> 33 filas
[2026-09-23 11:40:30] 247: histórico actualizado -> 49 filas
[2026-09-23 11:40:30] Catálogo actualizado: 32 estaciones
[2026-09-23 11:40:30] FIN DEL PROCESO - 25.1 segundos
[2026-09-23 12:40:04] INICIO DEL PROCESO
[2026-09-23 12:40:04] Abriendo página de login...
[2026-09-23 12:40:05] Realizando login...
[2026-09-23 12:40:05] LOGIN OK -> https://polaris.adrtecnology.com/gis/map
[2026-09-23 12:40:05] Estaciones conservadas del catálogo histórico: 32
[2026-09-23 12:40:06] Estaciones obtenidas desde viewer: 20
[2026-09-23 12:40:07] Estaciones obtenidas directamente desde GIS: 32
[2026-09-23 12:40:08] 200: SIN DATOS EN EL ÚLTIMO DÍA
[2026-09-23 12:40:08] 215: 1/4 variables -> Ll acu 1 h
[2026-09-23 12:40:09] 216: 3/4 variables -> HRa med 1h, Ll acu 1 h, Ta med 1h
[2026-09-23 12:40:09] 217: 3/4 variables -> HRa med 1h, Ll acu 1 h, Ta med 1h
[2026-09-23 12:40:10] 218: 2/4 variables -> Ll acu 1 h, Ta med 1h
[2026-09-23 12:40:10] 220: 1/4 variables -> PP Acc (1h)
[2026-09-23 12:40:11] 221: 3/4 variables -> HRa med 1h, Ll acu 1 h, Ta med 1h
[2026-09-23 12:40:11] 223: 3/4 variables -> HRa med 1h, Ll acu 1 h, Ta med 1h
[2026-09-23 12:40:12] 224: SIN DATOS EN EL ÚLTIMO DÍA
[2026-09-23 12:40:12] 225: 3/4 variables -> HRa med 1h, Ll acu 1 h, Ta med 1h
[2026-09-23 12:40:13] 226: 3/4 variables -> HRa med 1h, Ll acu 1 h, Ta med 1h
[2026-09-23 12:40:13] 227: 3/4 variables -> HRa med 1h, Ll acu 1 h, Ta med 1h
[2026-09-23 12:40:14] 228: 3/4 variables -> HRa med 1h, Ll acu 1 h, Ta med 1h
[2026-09-23 12:40:15] 229: 3/4 variables -> HRa med 1h, Ll acu 1 h, Ta med 1h
[2026-09-23 12:40:15] 230: SIN DATOS EN EL ÚLTIMO DÍA
[2026-09-23 12:40:16] 231: 3/4 variables -> HRa med 1h, Ll acu 1 h, Ta med 1h
[2026-09-23 12:40:16] 232: 3/4 variables -> HRa med 1h, Ll acu 1 h, Ta med 1h
[2026-09-23 12:40:17] 233: SIN DATOS EN EL ÚLTIMO DÍA
[2026-09-23 12:40:17] 234: 3/4 variables -> HRa med 1h, Ll acu 1 h, Ta med 1h
[2026-09-23 12:40:18] 235: 3/4 variables -> HRa med 1h, Ll acu 1 h, Ta med 1h
[2026-09-23 12:40:18] 236: 3/4 variables -> HRa med 1h, Ll acu 1 h, Ta med 1h
[2026-09-23 12:40:19] 237: SIN DATOS EN EL ÚLTIMO DÍA
[2026-09-23 12:40:20] 238: 3/4 variables -> HRa med 1h, Ll acu 1 h, Ta med 1h
[2026-09-23 12:40:20] 239: SIN DATOS EN EL ÚLTIMO DÍA
[2026-09-23 12:40:21] 240: 3/4 variables -> HRa med 1h, Ll acu 1 h, Ta med 1h
[2026-09-23 12:40:21] 241: 3/4 variables -> HRa med 1h, Ll acu 1 h, Ta med 1h
[2026-09-23 12:40:22] 242: 3/4 variables -> HRa med 1h, Ll acu 1 h, Ta med 1h
[2026-09-23 12:40:22] 243: 3/4 variables -> HRa med 1h, Ll acu 1 h, Ta med 1h
[2026-09-23 12:40:23] 244: 3/4 variables -> HRa med 1h, Ll acu 1 h, Ta med 1h
[2026-09-23 12:40:23] 245: 3/4 variables -> HRa med 1h, Ll acu 1 h, Ta med 1h
[2026-09-23 12:40:24] 246: SIN DATOS EN EL ÚLTIMO DÍA
[2026-09-23 12:40:24] 247: 3/4 variables -> HRa med 1h, Ll acu 1 h, Ta med 1h
[2026-09-23 12:40:25] 215: histórico actualizado -> 25 filas
[2026-09-23 12:40:25] 216: histórico actualizado -> 16 filas
[2026-09-23 12:40:25] 217: histórico actualizado -> 27 filas
[2026-09-23 12:40:25] 218: histórico actualizado -> 27 filas
[2026-09-23 12:40:25] 220: histórico actualizado -> 25 filas
[2026-09-23 12:40:25] 221: histórico actualizado -> 52 filas
[2026-09-23 12:40:25] 223: histórico actualizado -> 51 filas
[2026-09-23 12:40:25] 225: histórico actualizado -> 51 filas
[2026-09-23 12:40:25] 226: histórico actualizado -> 51 filas
[2026-09-23 12:40:25] 227: histórico actualizado -> 52 filas
[2026-09-23 12:40:25] 228: histórico actualizado -> 51 filas
[2026-09-23 12:40:25] 229: histórico actualizado -> 51 filas
[2026-09-23 12:40:25] 231: histórico actualizado -> 50 filas
[2026-09-23 12:40:25] 232: histórico actualizado -> 51 filas
[2026-09-23 12:40:25] 234: histórico actualizado -> 51 filas
[2026-09-23 12:40:25] 235: histórico actualizado -> 43 filas
[2026-09-23 12:40:25] 236: histórico actualizado -> 51 filas
[2026-09-23 12:40:25] 238: histórico actualizado -> 52 filas
[2026-09-23 12:40:25] 240: histórico actualizado -> 50 filas
[2026-09-23 12:40:25] 241: histórico actualizado -> 44 filas
[2026-09-23 12:40:25] 242: histórico actualizado -> 51 filas
[2026-09-23 12:40:25] 243: histórico actualizado -> 51 filas
[2026-09-23 12:40:25] 244: histórico actualizado -> 46 filas
[2026-09-23 12:40:25] 245: histórico actualizado -> 35 filas
[2026-09-23 12:40:26] 247: histórico actualizado -> 51 filas
[2026-09-23 12:40:26] Catálogo actualizado: 32 estaciones
[2026-09-23 12:40:26] FIN DEL PROCESO - 21.2 segundos
[2026-09-23 13:40:04] INICIO DEL PROCESO
[2026-09-23 13:40:04] Abriendo página de login...
[2026-09-23 13:40:05] Realizando login...
[2026-09-23 13:40:05] LOGIN OK -> https://polaris.adrtecnology.com/gis/map
[2026-09-23 13:40:05] Estaciones conservadas del catálogo histórico: 32
[2026-09-23 13:40:06] Estaciones obtenidas desde viewer: 20
[2026-09-23 13:40:07] Estaciones obtenidas directamente desde GIS: 32
[2026-09-23 13:40:08] 200: SIN DATOS EN EL ÚLTIMO DÍA
[2026-09-23 13:40:08] 215: 1/4 variables -> Ll acu 1 h
[2026-09-23 13:40:09] 216: 3/4 variables -> HRa med 1h, Ll acu 1 h, Ta med 1h
[2026-09-23 13:40:09] 217: 3/4 variables -> HRa med 1h, Ll acu 1 h, Ta med 1h
[2026-09-23 13:40:10] 218: 2/4 variables -> Ll acu 1 h, Ta med 1h
[2026-09-23 13:40:10] 220: 1/4 variables -> PP Acc (1h)
[2026-09-23 13:40:11] 221: 3/4 variables -> HRa med 1h, Ll acu 1 h, Ta med 1h
[2026-09-23 13:40:11] 223: 3/4 variables -> HRa med 1h, Ll acu 1 h, Ta med 1h
[2026-09-23 13:40:12] 224: SIN DATOS EN EL ÚLTIMO DÍA
[2026-09-23 13:40:12] 225: 3/4 variables -> HRa med 1h, Ll acu 1 h, Ta med 1h
[2026-09-23 13:40:13] 226: 3/4 variables -> HRa med 1h, Ll acu 1 h, Ta med 1h
[2026-09-23 13:40:13] 227: 3/4 variables -> HRa med 1h, Ll acu 1 h, Ta med 1h
[2026-09-23 13:40:14] 228: 3/4 variables -> HRa med 1h, Ll acu 1 h, Ta med 1h
[2026-09-23 13:40:14] 229: 3/4 variables -> HRa med 1h, Ll acu 1 h, Ta med 1h
[2026-09-23 13:40:15] 230: SIN DATOS EN EL ÚLTIMO DÍA
[2026-09-23 13:40:15] 231: 3/4 variables -> HRa med 1h, Ll acu 1 h, Ta med 1h
[2026-09-23 13:40:16] 232: 3/4 variables -> HRa med 1h, Ll acu 1 h, Ta med 1h
[2026-09-23 13:40:17] 233: SIN DATOS EN EL ÚLTIMO DÍA
[2026-09-23 13:40:17] 234: 3/4 variables -> HRa med 1h, Ll acu 1 h, Ta med 1h
[2026-09-23 13:40:18] 235: 3/4 variables -> HRa med 1h, Ll acu 1 h, Ta med 1h
[2026-09-23 13:40:18] 236: 3/4 variables -> HRa med 1h, Ll acu 1 h, Ta med 1h
[2026-09-23 13:40:19] 237: SIN DATOS EN EL ÚLTIMO DÍA
[2026-09-23 13:40:19] 238: 3/4 variables -> HRa med 1h, Ll acu 1 h, Ta med 1h
[2026-09-23 13:40:20] 239: SIN DATOS EN EL ÚLTIMO DÍA
[2026-09-23 13:40:20] 240: 3/4 variables -> HRa med 1h, Ll acu 1 h, Ta med 1h
[2026-09-23 13:40:21] 241: 3/4 variables -> HRa med 1h, Ll acu 1 h, Ta med 1h
[2026-09-23 13:40:21] 242: 3/4 variables -> HRa med 1h, Ll acu 1 h, Ta med 1h
[2026-09-23 13:40:22] 243: 3/4 variables -> HRa med 1h, Ll acu 1 h, Ta med 1h
[2026-09-23 13:40:22] 244: 3/4 variables -> HRa med 1h, Ll acu 1 h, Ta med 1h
[2026-09-23 13:40:23] 245: 3/4 variables -> HRa med 1h, Ll acu 1 h, Ta med 1h
[2026-09-23 13:40:24] 246: SIN DATOS EN EL ÚLTIMO DÍA
[2026-09-23 13:40:24] 247: 3/4 variables -> HRa med 1h, Ll acu 1 h, Ta med 1h
[2026-09-23 13:40:24] 215: histórico actualizado -> 26 filas
[2026-09-23 13:40:25] 216: histórico actualizado -> 17 filas
[2026-09-23 13:40:25] 217: histórico actualizado -> 28 filas
[2026-09-23 13:40:25] 218: histórico actualizado -> 28 filas
[2026-09-23 13:40:25] 220: histórico actualizado -> 26 filas
[2026-09-23 13:40:25] 221: histórico actualizado -> 54 filas
[2026-09-23 13:40:25] 223: histórico actualizado -> 53 filas
[2026-09-23 13:40:25] 225: histórico actualizado -> 53 filas
[2026-09-23 13:40:25] 226: histórico actualizado -> 53 filas
[2026-09-23 13:40:25] 227: histórico actualizado -> 54 filas
[2026-09-23 13:40:25] 228: histórico actualizado -> 53 filas
[2026-09-23 13:40:25] 229: histórico actualizado -> 53 filas
[2026-09-23 13:40:25] 231: histórico actualizado -> 52 filas
[2026-09-23 13:40:25] 232: histórico actualizado -> 53 filas
[2026-09-23 13:40:25] 234: histórico actualizado -> 53 filas
[2026-09-23 13:40:25] 235: histórico actualizado -> 44 filas
[2026-09-23 13:40:25] 236: histórico actualizado -> 53 filas
[2026-09-23 13:40:25] 238: histórico actualizado -> 54 filas
[2026-09-23 13:40:25] 240: histórico actualizado -> 52 filas
[2026-09-23 13:40:25] 241: histórico actualizado -> 44 filas
[2026-09-23 13:40:25] 242: histórico actualizado -> 53 filas
[2026-09-23 13:40:25] 243: histórico actualizado -> 53 filas
[2026-09-23 13:40:25] 244: histórico actualizado -> 46 filas
[2026-09-23 13:40:25] 245: histórico actualizado -> 37 filas
[2026-09-23 13:40:25] 247: histórico actualizado -> 53 filas
[2026-09-23 13:40:25] Catálogo actualizado: 32 estaciones
[2026-09-23 13:40:25] FIN DEL PROCESO - 21.3 segundos
[2026-09-23 14:40:05] INICIO DEL PROCESO
[2026-09-23 14:40:05] Abriendo página de login...
[2026-09-23 14:40:05] Realizando login...
[2026-09-23 14:40:06] LOGIN OK -> https://polaris.adrtecnology.com/gis/map
[2026-09-23 14:40:07] Estaciones conservadas del catálogo histórico: 32
[2026-09-23 14:40:07] Estaciones obtenidas desde viewer: 20
[2026-09-23 14:40:09] Estaciones obtenidas directamente desde GIS: 32
[2026-09-23 14:40:09] 200: SIN DATOS EN EL ÚLTIMO DÍA
[2026-09-23 14:40:09] 215: 1/4 variables -> Ll acu 1 h
[2026-09-23 14:40:10] 216: 3/4 variables -> HRa med 1h, Ll acu 1 h, Ta med 1h
[2026-09-23 14:40:10] 217: 3/4 variables -> HRa med 1h, Ll acu 1 h, Ta med 1h
[2026-09-23 14:40:11] 218: 2/4 variables -> Ll acu 1 h, Ta med 1h
[2026-09-23 14:40:11] 220: 1/4 variables -> PP Acc (1h)
[2026-09-23 14:40:12] 221: 3/4 variables -> HRa med 1h, Ll acu 1 h, Ta med 1h
[2026-09-23 14:40:12] 223: 3/4 variables -> HRa med 1h, Ll acu 1 h, Ta med 1h
[2026-09-23 14:40:13] 224: SIN DATOS EN EL ÚLTIMO DÍA
[2026-09-23 14:40:14] 225: 3/4 variables -> HRa med 1h, Ll acu 1 h, Ta med 1h
[2026-09-23 14:40:14] 226: 3/4 variables -> HRa med 1h, Ll acu 1 h, Ta med 1h
[2026-09-23 14:40:15] 227: 3/4 variables -> HRa med 1h, Ll acu 1 h, Ta med 1h
[2026-09-23 14:40:15] 228: 3/4 variables -> HRa med 1h, Ll acu 1 h, Ta med 1h
[2026-09-23 14:40:16] 229: 3/4 variables -> HRa med 1h, Ll acu 1 h, Ta med 1h
[2026-09-23 14:40:16] 230: SIN DATOS EN EL ÚLTIMO DÍA
[2026-09-23 14:40:17] 231: 3/4 variables -> HRa med 1h, Ll acu 1 h, Ta med 1h
[2026-09-23 14:40:17] 232: 3/4 variables -> HRa med 1h, Ll acu 1 h, Ta med 1h
[2026-09-23 14:40:18] 233: SIN DATOS EN EL ÚLTIMO DÍA
[2026-09-23 14:40:18] 234: 3/4 variables -> HRa med 1h, Ll acu 1 h, Ta med 1h
[2026-09-23 14:40:19] 235: 3/4 variables -> HRa med 1h, Ll acu 1 h, Ta med 1h
[2026-09-23 14:40:20] 236: 3/4 variables -> HRa med 1h, Ll acu 1 h, Ta med 1h
[2026-09-23 14:40:20] 237: SIN DATOS EN EL ÚLTIMO DÍA
[2026-09-23 14:40:21] 238: 3/4 variables -> HRa med 1h, Ll acu 1 h, Ta med 1h
[2026-09-23 14:40:21] 239: SIN DATOS EN EL ÚLTIMO DÍA
[2026-09-23 14:40:22] 240: 3/4 variables -> HRa med 1h, Ll acu 1 h, Ta med 1h
[2026-09-23 14:40:22] 241: 3/4 variables -> HRa med 1h, Ll acu 1 h, Ta med 1h
[2026-09-23 14:40:23] 242: 3/4 variables -> HRa med 1h, Ll acu 1 h, Ta med 1h
[2026-09-23 14:40:23] 243: 3/4 variables -> HRa med 1h, Ll acu 1 h, Ta med 1h
[2026-09-23 14:40:24] 244: 3/4 variables -> HRa med 1h, Ll acu 1 h, Ta med 1h
[2026-09-23 14:40:24] 245: 3/4 variables -> HRa med 1h, Ll acu 1 h, Ta med 1h
[2026-09-23 14:40:25] 246: SIN DATOS EN EL ÚLTIMO DÍA
[2026-09-23 14:40:25] 247: 3/4 variables -> HRa med 1h, Ll acu 1 h, Ta med 1h
[2026-09-23 14:40:26] 215: histórico actualizado -> 27 filas
[2026-09-23 14:40:26] 216: histórico actualizado -> 18 filas
[2026-09-23 14:40:26] 217: histórico actualizado -> 29 filas
[2026-09-23 14:40:26] 218: histórico actualizado -> 29 filas
[2026-09-23 14:40:26] 220: histórico actualizado -> 27 filas
[2026-09-23 14:40:26] 221: histórico actualizado -> 56 filas
[2026-09-23 14:40:26] 223: histórico actualizado -> 55 filas
[2026-09-23 14:40:26] 225: histórico actualizado -> 55 filas
[2026-09-23 14:40:26] 226: histórico actualizado -> 55 filas
[2026-09-23 14:40:26] 227: histórico actualizado -> 56 filas
[2026-09-23 14:40:26] 228: histórico actualizado -> 55 filas
[2026-09-23 14:40:26] 229: histórico actualizado -> 55 filas
[2026-09-23 14:40:26] 231: histórico actualizado -> 54 filas
[2026-09-23 14:40:26] 232: histórico actualizado -> 55 filas
[2026-09-23 14:40:26] 234: histórico actualizado -> 55 filas
[2026-09-23 14:40:26] 235: histórico actualizado -> 44 filas
[2026-09-23 14:40:26] 236: histórico actualizado -> 55 filas
[2026-09-23 14:40:26] 238: histórico actualizado -> 56 filas
[2026-09-23 14:40:26] 240: histórico actualizado -> 54 filas
[2026-09-23 14:40:26] 241: histórico actualizado -> 44 filas
[2026-09-23 14:40:26] 242: histórico actualizado -> 55 filas
[2026-09-23 14:40:26] 243: histórico actualizado -> 55 filas
[2026-09-23 14:40:26] 244: histórico actualizado -> 47 filas
[2026-09-23 14:40:26] 245: histórico actualizado -> 39 filas
[2026-09-23 14:40:26] 247: histórico actualizado -> 55 filas
[2026-09-23 14:40:26] Catálogo actualizado: 32 estaciones
[2026-09-23 14:40:27] FIN DEL PROCESO - 21.5 segundos
[2026-09-23 15:40:06] INICIO DEL PROCESO
[2026-09-23 15:40:06] Abriendo página de login...
[2026-09-23 15:40:06] Realizando login...
[2026-09-23 15:40:07] LOGIN OK -> https://polaris.adrtecnology.com/gis/map
[2026-09-23 15:40:07] Estaciones conservadas del catálogo histórico: 32
[2026-09-23 15:40:07] Estaciones obtenidas desde viewer: 20
[2026-09-23 15:40:09] Estaciones obtenidas directamente desde GIS: 32
[2026-09-23 15:40:09] 200: SIN DATOS EN EL ÚLTIMO DÍA
[2026-09-23 15:40:09] 215: 1/4 variables -> Ll acu 1 h
[2026-09-23 15:40:10] 216: 3/4 variables -> HRa med 1h, Ll acu 1 h, Ta med 1h
[2026-09-23 15:40:10] 217: 3/4 variables -> HRa med 1h, Ll acu 1 h, Ta med 1h
[2026-09-23 15:40:11] 218: 2/4 variables -> Ll acu 1 h, Ta med 1h
[2026-09-23 15:40:12] 220: 1/4 variables -> PP Acc (1h)
[2026-09-23 15:40:12] 221: 3/4 variables -> HRa med 1h, Ll acu 1 h, Ta med 1h
[2026-09-23 15:40:13] 223: 3/4 variables -> HRa med 1h, Ll acu 1 h, Ta med 1h
[2026-09-23 15:40:13] 224: SIN DATOS EN EL ÚLTIMO DÍA
[2026-09-23 15:40:14] 225: 3/4 variables -> HRa med 1h, Ll acu 1 h, Ta med 1h
[2026-09-23 15:40:14] 226: 3/4 variables -> HRa med 1h, Ll acu 1 h, Ta med 1h
[2026-09-23 15:40:15] 227: 3/4 variables -> HRa med 1h, Ll acu 1 h, Ta med 1h
[2026-09-23 15:40:16] 228: 3/4 variables -> HRa med 1h, Ll acu 1 h, Ta med 1h
[2026-09-23 15:40:16] 229: 3/4 variables -> HRa med 1h, Ll acu 1 h, Ta med 1h
[2026-09-23 15:40:17] 230: SIN DATOS EN EL ÚLTIMO DÍA
[2026-09-23 15:40:17] 231: 3/4 variables -> HRa med 1h, Ll acu 1 h, Ta med 1h
[2026-09-23 15:40:18] 232: 3/4 variables -> HRa med 1h, Ll acu 1 h, Ta med 1h
[2026-09-23 15:40:18] 233: SIN DATOS EN EL ÚLTIMO DÍA
[2026-09-23 15:40:19] 234: 3/4 variables -> HRa med 1h, Ll acu 1 h, Ta med 1h
[2026-09-23 15:40:20] 235: 3/4 variables -> HRa med 1h, Ll acu 1 h, Ta med 1h
[2026-09-23 15:40:20] 236: 3/4 variables -> HRa med 1h, Ll acu 1 h, Ta med 1h
[2026-09-23 15:40:21] 237: SIN DATOS EN EL ÚLTIMO DÍA
[2026-09-23 15:40:21] 238: 3/4 variables -> HRa med 1h, Ll acu 1 h, Ta med 1h
[2026-09-23 15:40:22] 239: SIN DATOS EN EL ÚLTIMO DÍA
[2026-09-23 15:40:22] 240: 3/4 variables -> HRa med 1h, Ll acu 1 h, Ta med 1h
[2026-09-23 15:40:23] 241: 3/4 variables -> HRa med 1h, Ll acu 1 h, Ta med 1h
[2026-09-23 15:40:24] 242: 3/4 variables -> HRa med 1h, Ll acu 1 h, Ta med 1h
[2026-09-23 15:40:24] 243: 3/4 variables -> HRa med 1h, Ll acu 1 h, Ta med 1h
[2026-09-23 15:40:25] 244: 3/4 variables -> HRa med 1h, Ll acu 1 h, Ta med 1h
[2026-09-23 15:40:25] 245: 3/4 variables -> HRa med 1h, Ll acu 1 h, Ta med 1h
[2026-09-23 15:40:26] 246: SIN DATOS EN EL ÚLTIMO DÍA
[2026-09-23 15:40:26] 247: 3/4 variables -> HRa med 1h, Ll acu 1 h, Ta med 1h
[2026-09-23 15:40:27] 215: histórico actualizado -> 28 filas
[2026-09-23 15:40:27] 216: histórico actualizado -> 19 filas
[2026-09-23 15:40:27] 217: histórico actualizado -> 30 filas
[2026-09-23 15:40:27] 218: histórico actualizado -> 30 filas
[2026-09-23 15:40:27] 220: histórico actualizado -> 28 filas
[2026-09-23 15:40:27] 221: histórico actualizado -> 58 filas
[2026-09-23 15:40:27] 223: histórico actualizado -> 57 filas
[2026-09-23 15:40:27] 225: histórico actualizado -> 57 filas
[2026-09-23 15:40:27] 226: histórico actualizado -> 57 filas
[2026-09-23 15:40:27] 227: histórico actualizado -> 58 filas
[2026-09-23 15:40:27] 228: histórico actualizado -> 57 filas
[2026-09-23 15:40:27] 229: histórico actualizado -> 57 filas
[2026-09-23 15:40:27] 231: histórico actualizado -> 56 filas
[2026-09-23 15:40:27] 232: histórico actualizado -> 57 filas
[2026-09-23 15:40:27] 234: histórico actualizado -> 57 filas
[2026-09-23 15:40:27] 235: histórico actualizado -> 46 filas
[2026-09-23 15:40:27] 236: histórico actualizado -> 57 filas
[2026-09-23 15:40:27] 238: histórico actualizado -> 58 filas
[2026-09-23 15:40:27] 240: histórico actualizado -> 56 filas
[2026-09-23 15:40:27] 241: histórico actualizado -> 46 filas
[2026-09-23 15:40:27] 242: histórico actualizado -> 57 filas
[2026-09-23 15:40:27] 243: histórico actualizado -> 57 filas
[2026-09-23 15:40:27] 244: histórico actualizado -> 49 filas
[2026-09-23 15:40:27] 245: histórico actualizado -> 41 filas
[2026-09-23 15:40:27] 247: histórico actualizado -> 57 filas
[2026-09-23 15:40:27] Catálogo actualizado: 32 estaciones
[2026-09-23 15:40:27] FIN DEL PROCESO - 21.9 segundos
[2026-09-23 16:40:06] INICIO DEL PROCESO
[2026-09-23 16:40:06] Abriendo página de login...
[2026-09-23 16:40:06] Realizando login...
[2026-09-23 16:40:07] LOGIN OK -> https://polaris.adrtecnology.com/gis/map
[2026-09-23 16:40:07] Estaciones conservadas del catálogo histórico: 32
[2026-09-23 16:40:07] Estaciones obtenidas desde viewer: 20
[2026-09-23 16:40:09] Estaciones obtenidas directamente desde GIS: 32
[2026-09-23 16:40:09] 200: SIN DATOS EN EL ÚLTIMO DÍA
[2026-09-23 16:40:10] 215: 1/4 variables -> Ll acu 1 h
[2026-09-23 16:40:10] 216: 3/4 variables -> HRa med 1h, Ll acu 1 h, Ta med 1h
[2026-09-23 16:40:11] 217: 3/4 variables -> HRa med 1h, Ll acu 1 h, Ta med 1h
[2026-09-23 16:40:11] 218: 2/4 variables -> Ll acu 1 h, Ta med 1h
[2026-09-23 16:40:12] 220: 1/4 variables -> PP Acc (1h)
[2026-09-23 16:40:13] 221: 3/4 variables -> HRa med 1h, Ll acu 1 h, Ta med 1h
[2026-09-23 16:40:13] 223: 3/4 variables -> HRa med 1h, Ll acu 1 h, Ta med 1h
[2026-09-23 16:40:14] 224: SIN DATOS EN EL ÚLTIMO DÍA
[2026-09-23 16:40:14] 225: 3/4 variables -> HRa med 1h, Ll acu 1 h, Ta med 1h
[2026-09-23 16:40:15] 226: 3/4 variables -> HRa med 1h, Ll acu 1 h, Ta med 1h
[2026-09-23 16:40:15] 227: 3/4 variables -> HRa med 1h, Ll acu 1 h, Ta med 1h
[2026-09-23 16:40:16] 228: 3/4 variables -> HRa med 1h, Ll acu 1 h, Ta med 1h
[2026-09-23 16:40:16] 229: 3/4 variables -> HRa med 1h, Ll acu 1 h, Ta med 1h
[2026-09-23 16:40:17] 230: SIN DATOS EN EL ÚLTIMO DÍA
[2026-09-23 16:40:18] 231: 3/4 variables -> HRa med 1h, Ll acu 1 h, Ta med 1h
[2026-09-23 16:40:18] 232: 3/4 variables -> HRa med 1h, Ll acu 1 h, Ta med 1h
[2026-09-23 16:40:19] 233: SIN DATOS EN EL ÚLTIMO DÍA
[2026-09-23 16:40:19] 234: 3/4 variables -> HRa med 1h, Ll acu 1 h, Ta med 1h
[2026-09-23 16:40:20] 235: 3/4 variables -> HRa med 1h, Ll acu 1 h, Ta med 1h
[2026-09-23 16:40:20] 236: 3/4 variables -> HRa med 1h, Ll acu 1 h, Ta med 1h
[2026-09-23 16:40:21] 237: SIN DATOS EN EL ÚLTIMO DÍA
[2026-09-23 16:40:22] 238: 3/4 variables -> HRa med 1h, Ll acu 1 h, Ta med 1h
[2026-09-23 16:40:22] 239: SIN DATOS EN EL ÚLTIMO DÍA
[2026-09-23 16:40:23] 240: 3/4 variables -> HRa med 1h, Ll acu 1 h, Ta med 1h
[2026-09-23 16:40:23] 241: 3/4 variables -> HRa med 1h, Ll acu 1 h, Ta med 1h
[2026-09-23 16:40:24] 242: 3/4 variables -> HRa med 1h, Ll acu 1 h, Ta med 1h
[2026-09-23 16:40:24] 243: 3/4 variables -> HRa med 1h, Ll acu 1 h, Ta med 1h
[2026-09-23 16:40:25] 244: 3/4 variables -> HRa med 1h, Ll acu 1 h, Ta med 1h
[2026-09-23 16:40:26] 245: 3/4 variables -> HRa med 1h, Ll acu 1 h, Ta med 1h
[2026-09-23 16:40:26] 246: SIN DATOS EN EL ÚLTIMO DÍA
[2026-09-23 16:40:27] 247: 3/4 variables -> HRa med 1h, Ll acu 1 h, Ta med 1h
[2026-09-23 16:40:27] 215: histórico actualizado -> 29 filas
[2026-09-23 16:40:27] 216: histórico actualizado -> 20 filas
[2026-09-23 16:40:27] 217: histórico actualizado -> 31 filas
[2026-09-23 16:40:27] 218: histórico actualizado -> 31 filas
[2026-09-23 16:40:27] 220: histórico actualizado -> 29 filas
[2026-09-23 16:40:27] 221: histórico actualizado -> 60 filas
[2026-09-23 16:40:27] 223: histórico actualizado -> 59 filas
[2026-09-23 16:40:27] 225: histórico actualizado -> 59 filas
[2026-09-23 16:40:27] 226: histórico actualizado -> 59 filas
[2026-09-23 16:40:27] 227: histórico actualizado -> 60 filas
[2026-09-23 16:40:27] 228: histórico actualizado -> 59 filas
[2026-09-23 16:40:27] 229: histórico actualizado -> 59 filas
[2026-09-23 16:40:27] 231: histórico actualizado -> 58 filas
[2026-09-23 16:40:27] 232: histórico actualizado -> 59 filas
[2026-09-23 16:40:27] 234: histórico actualizado -> 59 filas
[2026-09-23 16:40:27] 235: histórico actualizado -> 48 filas
[2026-09-23 16:40:27] 236: histórico actualizado -> 59 filas
[2026-09-23 16:40:27] 238: histórico actualizado -> 60 filas
[2026-09-23 16:40:28] 240: histórico actualizado -> 58 filas
[2026-09-23 16:40:28] 241: histórico actualizado -> 47 filas
[2026-09-23 16:40:28] 242: histórico actualizado -> 59 filas
[2026-09-23 16:40:28] 243: histórico actualizado -> 59 filas
[2026-09-23 16:40:28] 244: histórico actualizado -> 51 filas
[2026-09-23 16:40:28] 245: histórico actualizado -> 43 filas
[2026-09-23 16:40:28] 247: histórico actualizado -> 59 filas
[2026-09-23 16:40:28] Catálogo actualizado: 32 estaciones
[2026-09-23 16:40:28] FIN DEL PROCESO - 21.7 segundos
[2026-09-23 17:40:05] INICIO DEL PROCESO
[2026-09-23 17:40:05] Abriendo página de login...
[2026-09-23 17:40:06] Realizando login...
[2026-09-23 17:40:06] LOGIN OK -> https://polaris.adrtecnology.com/gis/map
[2026-09-23 17:40:06] Estaciones conservadas del catálogo histórico: 32
[2026-09-23 17:40:07] Estaciones obtenidas desde viewer: 20
[2026-09-23 17:40:08] Estaciones obtenidas directamente desde GIS: 32
[2026-09-23 17:40:09] 200: SIN DATOS EN EL ÚLTIMO DÍA
[2026-09-23 17:40:09] 215: 1/4 variables -> Ll acu 1 h
[2026-09-23 17:40:10] 216: 3/4 variables -> HRa med 1h, Ll acu 1 h, Ta med 1h
[2026-09-23 17:40:10] 217: 3/4 variables -> HRa med 1h, Ll acu 1 h, Ta med 1h
[2026-09-23 17:40:11] 218: 2/4 variables -> Ll acu 1 h, Ta med 1h
[2026-09-23 17:40:11] 220: 1/4 variables -> PP Acc (1h)
[2026-09-23 17:40:12] 221: 3/4 variables -> HRa med 1h, Ll acu 1 h, Ta med 1h
[2026-09-23 17:40:12] 223: 3/4 variables -> HRa med 1h, Ll acu 1 h, Ta med 1h
[2026-09-23 17:40:13] 224: SIN DATOS EN EL ÚLTIMO DÍA
[2026-09-23 17:40:13] 225: 3/4 variables -> HRa med 1h, Ll acu 1 h, Ta med 1h
[2026-09-23 17:40:14] 226: 3/4 variables -> HRa med 1h, Ll acu 1 h, Ta med 1h
[2026-09-23 17:40:14] 227: 3/4 variables -> HRa med 1h, Ll acu 1 h, Ta med 1h
[2026-09-23 17:40:15] 228: 3/4 variables -> HRa med 1h, Ll acu 1 h, Ta med 1h
[2026-09-23 17:40:16] 229: 3/4 variables -> HRa med 1h, Ll acu 1 h, Ta med 1h
[2026-09-23 17:40:16] 230: SIN DATOS EN EL ÚLTIMO DÍA
[2026-09-23 17:40:17] 231: 3/4 variables -> HRa med 1h, Ll acu 1 h, Ta med 1h
[2026-09-23 17:40:17] 232: 3/4 variables -> HRa med 1h, Ll acu 1 h, Ta med 1h
[2026-09-23 17:40:18] 233: SIN DATOS EN EL ÚLTIMO DÍA
[2026-09-23 17:40:18] 234: 3/4 variables -> HRa med 1h, Ll acu 1 h, Ta med 1h
[2026-09-23 17:40:19] 235: 3/4 variables -> HRa med 1h, Ll acu 1 h, Ta med 1h
[2026-09-23 17:40:19] 236: 3/4 variables -> HRa med 1h, Ll acu 1 h, Ta med 1h
[2026-09-23 17:40:20] 237: SIN DATOS EN EL ÚLTIMO DÍA
[2026-09-23 17:40:21] 238: 3/4 variables -> HRa med 1h, Ll acu 1 h, Ta med 1h
[2026-09-23 17:40:21] 239: SIN DATOS EN EL ÚLTIMO DÍA
[2026-09-23 17:40:22] 240: 3/4 variables -> HRa med 1h, Ll acu 1 h, Ta med 1h
[2026-09-23 17:40:22] 241: 3/4 variables -> HRa med 1h, Ll acu 1 h, Ta med 1h
[2026-09-23 17:40:23] 242: 3/4 variables -> HRa med 1h, Ll acu 1 h, Ta med 1h
[2026-09-23 17:40:23] 243: 3/4 variables -> HRa med 1h, Ll acu 1 h, Ta med 1h
[2026-09-23 17:40:24] 244: 3/4 variables -> HRa med 1h, Ll acu 1 h, Ta med 1h
[2026-09-23 17:40:24] 245: 3/4 variables -> HRa med 1h, Ll acu 1 h, Ta med 1h
[2026-09-23 17:40:25] 246: SIN DATOS EN EL ÚLTIMO DÍA
[2026-09-23 17:40:25] 247: 3/4 variables -> HRa med 1h, Ll acu 1 h, Ta med 1h
[2026-09-23 17:40:26] 215: histórico actualizado -> 30 filas
[2026-09-23 17:40:26] 216: histórico actualizado -> 21 filas
[2026-09-23 17:40:26] 217: histórico actualizado -> 32 filas
[2026-09-23 17:40:26] 218: histórico actualizado -> 32 filas
[2026-09-23 17:40:26] 220: histórico actualizado -> 30 filas
[2026-09-23 17:40:26] 221: histórico actualizado -> 62 filas
[2026-09-23 17:40:26] 223: histórico actualizado -> 61 filas
[2026-09-23 17:40:26] 225: histórico actualizado -> 61 filas
[2026-09-23 17:40:26] 226: histórico actualizado -> 61 filas
[2026-09-23 17:40:26] 227: histórico actualizado -> 62 filas
[2026-09-23 17:40:26] 228: histórico actualizado -> 61 filas
[2026-09-23 17:40:26] 229: histórico actualizado -> 61 filas
[2026-09-23 17:40:26] 231: histórico actualizado -> 60 filas
[2026-09-23 17:40:26] 232: histórico actualizado -> 61 filas
[2026-09-23 17:40:26] 234: histórico actualizado -> 61 filas
[2026-09-23 17:40:26] 235: histórico actualizado -> 50 filas
[2026-09-23 17:40:26] 236: histórico actualizado -> 61 filas
[2026-09-23 17:40:26] 238: histórico actualizado -> 62 filas
[2026-09-23 17:40:26] 240: histórico actualizado -> 60 filas
[2026-09-23 17:40:26] 241: histórico actualizado -> 47 filas
[2026-09-23 17:40:26] 242: histórico actualizado -> 61 filas
[2026-09-23 17:40:26] 243: histórico actualizado -> 61 filas
[2026-09-23 17:40:26] 244: histórico actualizado -> 53 filas
[2026-09-23 17:40:26] 245: histórico actualizado -> 45 filas
[2026-09-23 17:40:26] 247: histórico actualizado -> 61 filas
[2026-09-23 17:40:26] Catálogo actualizado: 32 estaciones
[2026-09-23 17:40:26] FIN DEL PROCESO - 21.0 segundos
[2026-09-23 18:40:05] INICIO DEL PROCESO
[2026-09-23 18:40:05] Abriendo página de login...
[2026-09-23 18:40:05] Realizando login...
[2026-09-23 18:40:06] LOGIN OK -> https://polaris.adrtecnology.com/gis/map
[2026-09-23 18:40:06] Estaciones conservadas del catálogo histórico: 32
[2026-09-23 18:40:06] Estaciones obtenidas desde viewer: 20
[2026-09-23 18:40:08] Estaciones obtenidas directamente desde GIS: 32
[2026-09-23 18:40:08] 200: SIN DATOS EN EL ÚLTIMO DÍA
[2026-09-23 18:40:09] 215: 1/4 variables -> Ll acu 1 h
[2026-09-23 18:40:09] 216: 3/4 variables -> HRa med 1h, Ll acu 1 h, Ta med 1h
[2026-09-23 18:40:10] 217: 3/4 variables -> HRa med 1h, Ll acu 1 h, Ta med 1h
[2026-09-23 18:40:10] 218: 2/4 variables -> Ll acu 1 h, Ta med 1h
[2026-09-23 18:40:11] 220: 1/4 variables -> PP Acc (1h)
[2026-09-23 18:40:11] 221: 3/4 variables -> HRa med 1h, Ll acu 1 h, Ta med 1h
[2026-09-23 18:40:12] 223: 3/4 variables -> HRa med 1h, Ll acu 1 h, Ta med 1h
[2026-09-23 18:40:12] 224: SIN DATOS EN EL ÚLTIMO DÍA
[2026-09-23 18:40:13] 225: 3/4 variables -> HRa med 1h, Ll acu 1 h, Ta med 1h
[2026-09-23 18:40:13] 226: 3/4 variables -> HRa med 1h, Ll acu 1 h, Ta med 1h
[2026-09-23 18:40:14] 227: 3/4 variables -> HRa med 1h, Ll acu 1 h, Ta med 1h
[2026-09-23 18:40:15] 228: 3/4 variables -> HRa med 1h, Ll acu 1 h, Ta med 1h
[2026-09-23 18:40:15] 229: 3/4 variables -> HRa med 1h, Ll acu 1 h, Ta med 1h
[2026-09-23 18:40:16] 230: SIN DATOS EN EL ÚLTIMO DÍA
[2026-09-23 18:40:16] 231: 3/4 variables -> HRa med 1h, Ll acu 1 h, Ta med 1h
[2026-09-23 18:40:17] 232: 3/4 variables -> HRa med 1h, Ll acu 1 h, Ta med 1h
[2026-09-23 18:40:17] 233: SIN DATOS EN EL ÚLTIMO DÍA
[2026-09-23 18:40:18] 234: 3/4 variables -> HRa med 1h, Ll acu 1 h, Ta med 1h
[2026-09-23 18:40:18] 235: 3/4 variables -> HRa med 1h, Ll acu 1 h, Ta med 1h
[2026-09-23 18:40:19] 236: 3/4 variables -> HRa med 1h, Ll acu 1 h, Ta med 1h
[2026-09-23 18:40:19] 237: SIN DATOS EN EL ÚLTIMO DÍA
[2026-09-23 18:40:20] 238: 3/4 variables -> HRa med 1h, Ll acu 1 h, Ta med 1h
[2026-09-23 18:40:21] 239: SIN DATOS EN EL ÚLTIMO DÍA
[2026-09-23 18:40:21] 240: 3/4 variables -> HRa med 1h, Ll acu 1 h, Ta med 1h
[2026-09-23 18:40:22] 241: 3/4 variables -> HRa med 1h, Ll acu 1 h, Ta med 1h
[2026-09-23 18:40:22] 242: 3/4 variables -> HRa med 1h, Ll acu 1 h, Ta med 1h
[2026-09-23 18:40:23] 243: 3/4 variables -> HRa med 1h, Ll acu 1 h, Ta med 1h
[2026-09-23 18:40:23] 244: 3/4 variables -> HRa med 1h, Ll acu 1 h, Ta med 1h
[2026-09-23 18:40:24] 245: 3/4 variables -> HRa med 1h, Ll acu 1 h, Ta med 1h
[2026-09-23 18:40:24] 246: SIN DATOS EN EL ÚLTIMO DÍA
[2026-09-23 18:40:25] 247: 3/4 variables -> HRa med 1h, Ll acu 1 h, Ta med 1h
[2026-09-23 18:40:25] 215: histórico actualizado -> 31 filas
[2026-09-23 18:40:25] 216: histórico actualizado -> 22 filas
[2026-09-23 18:40:25] 217: histórico actualizado -> 33 filas
[2026-09-23 18:40:25] 218: histórico actualizado -> 33 filas
[2026-09-23 18:40:25] 220: histórico actualizado -> 31 filas
[2026-09-23 18:40:25] 221: histórico actualizado -> 64 filas
[2026-09-23 18:40:25] 223: histórico actualizado -> 63 filas
[2026-09-23 18:40:26] 225: histórico actualizado -> 63 filas
[2026-09-23 18:40:26] 226: histórico actualizado -> 63 filas
[2026-09-23 18:40:26] 227: histórico actualizado -> 64 filas
[2026-09-23 18:40:26] 228: histórico actualizado -> 63 filas
[2026-09-23 18:40:26] 229: histórico actualizado -> 63 filas
[2026-09-23 18:40:26] 231: histórico actualizado -> 62 filas
[2026-09-23 18:40:26] 232: histórico actualizado -> 63 filas
[2026-09-23 18:40:26] 234: histórico actualizado -> 63 filas
[2026-09-23 18:40:26] 235: histórico actualizado -> 51 filas
[2026-09-23 18:40:26] 236: histórico actualizado -> 63 filas
[2026-09-23 18:40:26] 238: histórico actualizado -> 64 filas
[2026-09-23 18:40:26] 240: histórico actualizado -> 62 filas
[2026-09-23 18:40:26] 241: histórico actualizado -> 47 filas
[2026-09-23 18:40:26] 242: histórico actualizado -> 63 filas
[2026-09-23 18:40:26] 243: histórico actualizado -> 63 filas
[2026-09-23 18:40:26] 244: histórico actualizado -> 55 filas
[2026-09-23 18:40:26] 245: histórico actualizado -> 45 filas
[2026-09-23 18:40:26] 247: histórico actualizado -> 63 filas
[2026-09-23 18:40:26] Catálogo actualizado: 32 estaciones
[2026-09-23 18:40:26] FIN DEL PROCESO - 21.0 segundos
[2026-09-23 19:40:05] INICIO DEL PROCESO
[2026-09-23 19:40:05] Abriendo página de login...
[2026-09-23 19:40:05] Realizando login...
[2026-09-23 19:40:06] LOGIN OK -> https://polaris.adrtecnology.com/gis/map
[2026-09-23 19:40:06] Estaciones conservadas del catálogo histórico: 32
[2026-09-23 19:40:06] Estaciones obtenidas desde viewer: 20
[2026-09-23 19:40:08] Estaciones obtenidas directamente desde GIS: 32
[2026-09-23 19:40:08] 200: SIN DATOS EN EL ÚLTIMO DÍA
[2026-09-23 19:40:09] 215: 1/4 variables -> Ll acu 1 h
[2026-09-23 19:40:09] 216: 3/4 variables -> HRa med 1h, Ll acu 1 h, Ta med 1h
[2026-09-23 19:40:10] 217: 3/4 variables -> HRa med 1h, Ll acu 1 h, Ta med 1h
[2026-09-23 19:40:10] 218: 2/4 variables -> Ll acu 1 h, Ta med 1h
[2026-09-23 19:40:11] 220: 1/4 variables -> PP Acc (1h)
[2026-09-23 19:40:11] 221: 3/4 variables -> HRa med 1h, Ll acu 1 h, Ta med 1h
[2026-09-23 19:40:12] 223: 3/4 variables -> HRa med 1h, Ll acu 1 h, Ta med 1h
[2026-09-23 19:40:12] 224: SIN DATOS EN EL ÚLTIMO DÍA
[2026-09-23 19:40:13] 225: 3/4 variables -> HRa med 1h, Ll acu 1 h, Ta med 1h
[2026-09-23 19:40:13] 226: 3/4 variables -> HRa med 1h, Ll acu 1 h, Ta med 1h
[2026-09-23 19:40:14] 227: 3/4 variables -> HRa med 1h, Ll acu 1 h, Ta med 1h
[2026-09-23 19:40:15] 228: 3/4 variables -> HRa med 1h, Ll acu 1 h, Ta med 1h
[2026-09-23 19:40:15] 229: 3/4 variables -> HRa med 1h, Ll acu 1 h, Ta med 1h
[2026-09-23 19:40:16] 230: SIN DATOS EN EL ÚLTIMO DÍA
[2026-09-23 19:40:16] 231: 3/4 variables -> HRa med 1h, Ll acu 1 h, Ta med 1h
[2026-09-23 19:40:17] 232: 3/4 variables -> HRa med 1h, Ll acu 1 h, Ta med 1h
[2026-09-23 19:40:17] 233: SIN DATOS EN EL ÚLTIMO DÍA
[2026-09-23 19:40:18] 234: 3/4 variables -> HRa med 1h, Ll acu 1 h, Ta med 1h
[2026-09-23 19:40:18] 235: 3/4 variables -> HRa med 1h, Ll acu 1 h, Ta med 1h
[2026-09-23 19:40:19] 236: 3/4 variables -> HRa med 1h, Ll acu 1 h, Ta med 1h
[2026-09-23 19:40:20] 237: SIN DATOS EN EL ÚLTIMO DÍA
[2026-09-23 19:40:20] 238: 3/4 variables -> HRa med 1h, Ll acu 1 h, Ta med 1h
[2026-09-23 19:40:21] 239: SIN DATOS EN EL ÚLTIMO DÍA
[2026-09-23 19:40:21] 240: 3/4 variables -> HRa med 1h, Ll acu 1 h, Ta med 1h
[2026-09-23 19:40:22] 241: 3/4 variables -> HRa med 1h, Ll acu 1 h, Ta med 1h
[2026-09-23 19:40:22] 242: 3/4 variables -> HRa med 1h, Ll acu 1 h, Ta med 1h
[2026-09-23 19:40:23] 243: 3/4 variables -> HRa med 1h, Ll acu 1 h, Ta med 1h
[2026-09-23 19:40:23] 244: 3/4 variables -> HRa med 1h, Ll acu 1 h, Ta med 1h
[2026-09-23 19:40:24] 245: 3/4 variables -> HRa med 1h, Ll acu 1 h, Ta med 1h
[2026-09-23 19:40:24] 246: SIN DATOS EN EL ÚLTIMO DÍA
[2026-09-23 19:40:25] 247: 3/4 variables -> HRa med 1h, Ll acu 1 h, Ta med 1h
[2026-09-23 19:40:25] 215: histórico actualizado -> 32 filas
[2026-09-23 19:40:25] 216: histórico actualizado -> 23 filas
[2026-09-23 19:40:25] 217: histórico actualizado -> 34 filas
[2026-09-23 19:40:25] 218: histórico actualizado -> 34 filas
[2026-09-23 19:40:25] 220: histórico actualizado -> 32 filas
[2026-09-23 19:40:25] 221: histórico actualizado -> 66 filas
[2026-09-23 19:40:25] 223: histórico actualizado -> 65 filas
[2026-09-23 19:40:25] 225: histórico actualizado -> 65 filas
[2026-09-23 19:40:25] 226: histórico actualizado -> 65 filas
[2026-09-23 19:40:25] 227: histórico actualizado -> 66 filas
[2026-09-23 19:40:26] 228: histórico actualizado -> 65 filas
[2026-09-23 19:40:26] 229: histórico actualizado -> 65 filas
[2026-09-23 19:40:26] 231: histórico actualizado -> 64 filas
[2026-09-23 19:40:26] 232: histórico actualizado -> 65 filas
[2026-09-23 19:40:26] 234: histórico actualizado -> 65 filas
[2026-09-23 19:40:26] 235: histórico actualizado -> 53 filas
[2026-09-23 19:40:26] 236: histórico actualizado -> 65 filas
[2026-09-23 19:40:26] 238: histórico actualizado -> 66 filas
[2026-09-23 19:40:26] 240: histórico actualizado -> 64 filas
[2026-09-23 19:40:26] 241: histórico actualizado -> 47 filas
[2026-09-23 19:40:26] 242: histórico actualizado -> 65 filas
[2026-09-23 19:40:26] 243: histórico actualizado -> 65 filas
[2026-09-23 19:40:26] 244: histórico actualizado -> 55 filas
[2026-09-23 19:40:26] 245: histórico actualizado -> 47 filas
[2026-09-23 19:40:26] 247: histórico actualizado -> 65 filas
[2026-09-23 19:40:26] Catálogo actualizado: 32 estaciones
[2026-09-23 19:40:26] FIN DEL PROCESO - 21.2 segundos
[2026-09-23 20:40:06] INICIO DEL PROCESO
[2026-09-23 20:40:06] Abriendo página de login...
[2026-09-23 20:40:07] Realizando login...
[2026-09-23 20:40:09] LOGIN OK -> https://polaris.adrtecnology.com/gis/map
[2026-09-23 20:40:09] Estaciones conservadas del catálogo histórico: 32
[2026-09-23 20:40:09] Estaciones obtenidas desde viewer: 20
[2026-09-23 20:40:13] Estaciones obtenidas directamente desde GIS: 32
[2026-09-23 20:40:13] 200: SIN DATOS EN EL ÚLTIMO DÍA
[2026-09-23 20:40:14] 215: 1/4 variables -> Ll acu 1 h
[2026-09-23 20:40:14] 216: 3/4 variables -> HRa med 1h, Ll acu 1 h, Ta med 1h
[2026-09-23 20:40:15] 217: 3/4 variables -> HRa med 1h, Ll acu 1 h, Ta med 1h
[2026-09-23 20:40:15] 218: 2/4 variables -> Ll acu 1 h, Ta med 1h
[2026-09-23 20:40:16] 220: 1/4 variables -> PP Acc (1h)
[2026-09-23 20:40:16] 221: 3/4 variables -> HRa med 1h, Ll acu 1 h, Ta med 1h
[2026-09-23 20:40:17] 223: 3/4 variables -> HRa med 1h, Ll acu 1 h, Ta med 1h
[2026-09-23 20:40:17] 224: SIN DATOS EN EL ÚLTIMO DÍA
[2026-09-23 20:40:18] 225: 3/4 variables -> HRa med 1h, Ll acu 1 h, Ta med 1h
[2026-09-23 20:40:19] 226: 3/4 variables -> HRa med 1h, Ll acu 1 h, Ta med 1h
[2026-09-23 20:40:19] 227: 3/4 variables -> HRa med 1h, Ll acu 1 h, Ta med 1h
[2026-09-23 20:40:20] 228: 3/4 variables -> HRa med 1h, Ll acu 1 h, Ta med 1h
[2026-09-23 20:40:20] 229: 3/4 variables -> HRa med 1h, Ll acu 1 h, Ta med 1h
[2026-09-23 20:40:21] 230: SIN DATOS EN EL ÚLTIMO DÍA
[2026-09-23 20:40:22] 231: 3/4 variables -> HRa med 1h, Ll acu 1 h, Ta med 1h
[2026-09-23 20:40:22] 232: 3/4 variables -> HRa med 1h, Ll acu 1 h, Ta med 1h
[2026-09-23 20:40:23] 233: SIN DATOS EN EL ÚLTIMO DÍA
[2026-09-23 20:40:23] 234: 3/4 variables -> HRa med 1h, Ll acu 1 h, Ta med 1h
[2026-09-23 20:40:24] 235: 3/4 variables -> HRa med 1h, Ll acu 1 h, Ta med 1h
[2026-09-23 20:40:24] 236: 3/4 variables -> HRa med 1h, Ll acu 1 h, Ta med 1h
[2026-09-23 20:40:25] 237: SIN DATOS EN EL ÚLTIMO DÍA
[2026-09-23 20:40:25] 238: 3/4 variables -> HRa med 1h, Ll acu 1 h, Ta med 1h
[2026-09-23 20:40:26] 239: SIN DATOS EN EL ÚLTIMO DÍA
[2026-09-23 20:40:26] 240: 3/4 variables -> HRa med 1h, Ll acu 1 h, Ta med 1h
[2026-09-23 20:40:27] 241: 3/4 variables -> HRa med 1h, Ll acu 1 h, Ta med 1h
[2026-09-23 20:40:27] 242: 3/4 variables -> HRa med 1h, Ll acu 1 h, Ta med 1h
[2026-09-23 20:40:28] 243: 3/4 variables -> HRa med 1h, Ll acu 1 h, Ta med 1h
[2026-09-23 20:40:29] 244: 3/4 variables -> HRa med 1h, Ll acu 1 h, Ta med 1h
[2026-09-23 20:40:29] 245: 3/4 variables -> HRa med 1h, Ll acu 1 h, Ta med 1h
[2026-09-23 20:40:30] 246: SIN DATOS EN EL ÚLTIMO DÍA
[2026-09-23 20:40:30] 247: 3/4 variables -> HRa med 1h, Ll acu 1 h, Ta med 1h
[2026-09-23 20:40:30] 215: histórico actualizado -> 33 filas
[2026-09-23 20:40:30] 216: histórico actualizado -> 24 filas
[2026-09-23 20:40:31] 217: histórico actualizado -> 35 filas
[2026-09-23 20:40:31] 218: histórico actualizado -> 35 filas
[2026-09-23 20:40:31] 220: histórico actualizado -> 33 filas
[2026-09-23 20:40:31] 221: histórico actualizado -> 68 filas
[2026-09-23 20:40:31] 223: histórico actualizado -> 67 filas
[2026-09-23 20:40:31] 225: histórico actualizado -> 67 filas
[2026-09-23 20:40:31] 226: histórico actualizado -> 67 filas
[2026-09-23 20:40:31] 227: histórico actualizado -> 68 filas
[2026-09-23 20:40:31] 228: histórico actualizado -> 67 filas
[2026-09-23 20:40:31] 229: histórico actualizado -> 67 filas
[2026-09-23 20:40:31] 231: histórico actualizado -> 66 filas
[2026-09-23 20:40:31] 232: histórico actualizado -> 67 filas
[2026-09-23 20:40:31] 234: histórico actualizado -> 67 filas
[2026-09-23 20:40:31] 235: histórico actualizado -> 55 filas
[2026-09-23 20:40:31] 236: histórico actualizado -> 67 filas
[2026-09-23 20:40:31] 238: histórico actualizado -> 68 filas
[2026-09-23 20:40:31] 240: histórico actualizado -> 66 filas
[2026-09-23 20:40:31] 241: histórico actualizado -> 47 filas
[2026-09-23 20:40:31] 242: histórico actualizado -> 66 filas
[2026-09-23 20:40:31] 243: histórico actualizado -> 67 filas
[2026-09-23 20:40:31] 244: histórico actualizado -> 55 filas
[2026-09-23 20:40:31] 245: histórico actualizado -> 49 filas
[2026-09-23 20:40:31] 247: histórico actualizado -> 67 filas
[2026-09-23 20:40:31] Catálogo actualizado: 32 estaciones
[2026-09-23 20:40:31] FIN DEL PROCESO - 25.4 segundos
[2026-09-23 21:40:07] INICIO DEL PROCESO
[2026-09-23 21:40:07] Abriendo página de login...
[2026-09-23 21:40:07] Realizando login...
[2026-09-23 21:40:08] LOGIN OK -> https://polaris.adrtecnology.com/gis/map
[2026-09-23 21:40:08] Estaciones conservadas del catálogo histórico: 32
[2026-09-23 21:40:08] Estaciones obtenidas desde viewer: 20
[2026-09-23 21:40:10] Estaciones obtenidas directamente desde GIS: 32
[2026-09-23 21:40:10] 200: SIN DATOS EN EL ÚLTIMO DÍA
[2026-09-23 21:40:10] 215: 1/4 variables -> Ll acu 1 h
[2026-09-23 21:40:11] 216: 3/4 variables -> HRa med 1h, Ll acu 1 h, Ta med 1h
[2026-09-23 21:40:11] 217: 3/4 variables -> HRa med 1h, Ll acu 1 h, Ta med 1h
[2026-09-23 21:40:12] 218: 2/4 variables -> Ll acu 1 h, Ta med 1h
[2026-09-23 21:40:13] 220: 1/4 variables -> PP Acc (1h)
[2026-09-23 21:40:13] 221: 3/4 variables -> HRa med 1h, Ll acu 1 h, Ta med 1h
[2026-09-23 21:40:14] 223: 3/4 variables -> HRa med 1h, Ll acu 1 h, Ta med 1h
[2026-09-23 21:40:14] 224: SIN DATOS EN EL ÚLTIMO DÍA
[2026-09-23 21:40:15] 225: 3/4 variables -> HRa med 1h, Ll acu 1 h, Ta med 1h
[2026-09-23 21:40:15] 226: 3/4 variables -> HRa med 1h, Ll acu 1 h, Ta med 1h
[2026-09-23 21:40:16] 227: 3/4 variables -> HRa med 1h, Ll acu 1 h, Ta med 1h
[2026-09-23 21:40:16] 228: 3/4 variables -> HRa med 1h, Ll acu 1 h, Ta med 1h
[2026-09-23 21:40:17] 229: 3/4 variables -> HRa med 1h, Ll acu 1 h, Ta med 1h
[2026-09-23 21:40:17] 230: SIN DATOS EN EL ÚLTIMO DÍA
[2026-09-23 21:40:18] 231: 3/4 variables -> HRa med 1h, Ll acu 1 h, Ta med 1h
[2026-09-23 21:40:19] 232: 3/4 variables -> HRa med 1h, Ll acu 1 h, Ta med 1h
[2026-09-23 21:40:19] 233: SIN DATOS EN EL ÚLTIMO DÍA
[2026-09-23 21:40:20] 234: 3/4 variables -> HRa med 1h, Ll acu 1 h, Ta med 1h
[2026-09-23 21:40:20] 235: 3/4 variables -> HRa med 1h, Ll acu 1 h, Ta med 1h
[2026-09-23 21:40:21] 236: 3/4 variables -> HRa med 1h, Ll acu 1 h, Ta med 1h
[2026-09-23 21:40:21] 237: SIN DATOS EN EL ÚLTIMO DÍA
[2026-09-23 21:40:22] 238: 3/4 variables -> HRa med 1h, Ll acu 1 h, Ta med 1h
[2026-09-23 21:40:22] 239: SIN DATOS EN EL ÚLTIMO DÍA
[2026-09-23 21:40:23] 240: 3/4 variables -> HRa med 1h, Ll acu 1 h, Ta med 1h
[2026-09-23 21:40:24] 241: 3/4 variables -> HRa med 1h, Ll acu 1 h, Ta med 1h
[2026-09-23 21:40:24] 242: 3/4 variables -> HRa med 1h, Ll acu 1 h, Ta med 1h
[2026-09-23 21:40:25] 243: 3/4 variables -> HRa med 1h, Ll acu 1 h, Ta med 1h
[2026-09-23 21:40:25] 244: 3/4 variables -> HRa med 1h, Ll acu 1 h, Ta med 1h
[2026-09-23 21:40:26] 245: 3/4 variables -> HRa med 1h, Ll acu 1 h, Ta med 1h
[2026-09-23 21:40:26] 246: SIN DATOS EN EL ÚLTIMO DÍA
[2026-09-23 21:40:27] 247: 3/4 variables -> HRa med 1h, Ll acu 1 h, Ta med 1h
[2026-09-23 21:40:27] 215: histórico actualizado -> 34 filas
[2026-09-23 21:40:27] 216: histórico actualizado -> 25 filas
[2026-09-23 21:40:27] 217: histórico actualizado -> 36 filas
[2026-09-23 21:40:27] 218: histórico actualizado -> 36 filas
[2026-09-23 21:40:27] 220: histórico actualizado -> 34 filas
[2026-09-23 21:40:27] 221: histórico actualizado -> 70 filas
[2026-09-23 21:40:27] 223: histórico actualizado -> 69 filas
[2026-09-23 21:40:27] 225: histórico actualizado -> 69 filas
[2026-09-23 21:40:27] 226: histórico actualizado -> 69 filas
[2026-09-23 21:40:27] 227: histórico actualizado -> 70 filas
[2026-09-23 21:40:27] 228: histórico actualizado -> 69 filas
[2026-09-23 21:40:27] 229: histórico actualizado -> 69 filas
[2026-09-23 21:40:28] 231: histórico actualizado -> 68 filas
[2026-09-23 21:40:28] 232: histórico actualizado -> 69 filas
[2026-09-23 21:40:28] 234: histórico actualizado -> 69 filas
[2026-09-23 21:40:28] 235: histórico actualizado -> 57 filas
[2026-09-23 21:40:28] 236: histórico actualizado -> 69 filas
[2026-09-23 21:40:28] 238: histórico actualizado -> 70 filas
[2026-09-23 21:40:28] 240: histórico actualizado -> 67 filas
[2026-09-23 21:40:28] 241: histórico actualizado -> 49 filas
[2026-09-23 21:40:28] 242: histórico actualizado -> 66 filas
[2026-09-23 21:40:28] 243: histórico actualizado -> 69 filas
[2026-09-23 21:40:28] 244: histórico actualizado -> 55 filas
[2026-09-23 21:40:28] 245: histórico actualizado -> 51 filas
[2026-09-23 21:40:28] 247: histórico actualizado -> 69 filas
[2026-09-23 21:40:28] Catálogo actualizado: 32 estaciones
[2026-09-23 21:40:28] FIN DEL PROCESO - 21.2 segundos
[2026-09-23 22:40:05] INICIO DEL PROCESO
[2026-09-23 22:40:05] Abriendo página de login...
[2026-09-23 22:40:05] Realizando login...
[2026-09-23 22:40:06] LOGIN OK -> https://polaris.adrtecnology.com/gis/map
[2026-09-23 22:40:06] Estaciones conservadas del catálogo histórico: 32
[2026-09-23 22:40:06] Estaciones obtenidas desde viewer: 20
[2026-09-23 22:40:08] Estaciones obtenidas directamente desde GIS: 32
[2026-09-23 22:40:08] 200: SIN DATOS EN EL ÚLTIMO DÍA
[2026-09-23 22:40:09] 215: 1/4 variables -> Ll acu 1 h
[2026-09-23 22:40:09] 216: 3/4 variables -> HRa med 1h, Ll acu 1 h, Ta med 1h
[2026-09-23 22:40:10] 217: 3/4 variables -> HRa med 1h, Ll acu 1 h, Ta med 1h
[2026-09-23 22:40:10] 218: 2/4 variables -> Ll acu 1 h, Ta med 1h
[2026-09-23 22:40:11] 220: 1/4 variables -> PP Acc (1h)
[2026-09-23 22:40:11] 221: 3/4 variables -> HRa med 1h, Ll acu 1 h, Ta med 1h
[2026-09-23 22:40:12] 223: 3/4 variables -> HRa med 1h, Ll acu 1 h, Ta med 1h
[2026-09-23 22:40:12] 224: SIN DATOS EN EL ÚLTIMO DÍA
[2026-09-23 22:40:13] 225: 3/4 variables -> HRa med 1h, Ll acu 1 h, Ta med 1h
[2026-09-23 22:40:14] 226: 3/4 variables -> HRa med 1h, Ll acu 1 h, Ta med 1h
[2026-09-23 22:40:14] 227: 3/4 variables -> HRa med 1h, Ll acu 1 h, Ta med 1h
[2026-09-23 22:40:15] 228: 3/4 variables -> HRa med 1h, Ll acu 1 h, Ta med 1h
[2026-09-23 22:40:15] 229: 3/4 variables -> HRa med 1h, Ll acu 1 h, Ta med 1h
[2026-09-23 22:40:16] 230: SIN DATOS EN EL ÚLTIMO DÍA
[2026-09-23 22:40:16] 231: 3/4 variables -> HRa med 1h, Ll acu 1 h, Ta med 1h
[2026-09-23 22:40:17] 232: 3/4 variables -> HRa med 1h, Ll acu 1 h, Ta med 1h
[2026-09-23 22:40:17] 233: SIN DATOS EN EL ÚLTIMO DÍA
[2026-09-23 22:40:18] 234: 3/4 variables -> HRa med 1h, Ll acu 1 h, Ta med 1h
[2026-09-23 22:40:18] 235: 3/4 variables -> HRa med 1h, Ll acu 1 h, Ta med 1h
[2026-09-23 22:40:19] 236: 3/4 variables -> HRa med 1h, Ll acu 1 h, Ta med 1h
[2026-09-23 22:40:19] 237: SIN DATOS EN EL ÚLTIMO DÍA
[2026-09-23 22:40:20] 238: 3/4 variables -> HRa med 1h, Ll acu 1 h, Ta med 1h
[2026-09-23 22:40:20] 239: SIN DATOS EN EL ÚLTIMO DÍA
[2026-09-23 22:40:21] 240: 3/4 variables -> HRa med 1h, Ll acu 1 h, Ta med 1h
[2026-09-23 22:40:22] 241: 3/4 variables -> HRa med 1h, Ll acu 1 h, Ta med 1h
[2026-09-23 22:40:22] 242: 3/4 variables -> HRa med 1h, Ll acu 1 h, Ta med 1h
[2026-09-23 22:40:23] 243: 3/4 variables -> HRa med 1h, Ll acu 1 h, Ta med 1h
[2026-09-23 22:40:23] 244: 3/4 variables -> HRa med 1h, Ll acu 1 h, Ta med 1h
[2026-09-23 22:40:24] 245: 3/4 variables -> HRa med 1h, Ll acu 1 h, Ta med 1h
[2026-09-23 22:40:24] 246: SIN DATOS EN EL ÚLTIMO DÍA
[2026-09-23 22:40:25] 247: 3/4 variables -> HRa med 1h, Ll acu 1 h, Ta med 1h
[2026-09-23 22:40:25] 215: histórico actualizado -> 35 filas
[2026-09-23 22:40:25] 216: histórico actualizado -> 26 filas
[2026-09-23 22:40:25] 217: histórico actualizado -> 37 filas
[2026-09-23 22:40:25] 218: histórico actualizado -> 37 filas
[2026-09-23 22:40:25] 220: histórico actualizado -> 35 filas
[2026-09-23 22:40:25] 221: histórico actualizado -> 72 filas
[2026-09-23 22:40:25] 223: histórico actualizado -> 71 filas
[2026-09-23 22:40:25] 225: histórico actualizado -> 71 filas
[2026-09-23 22:40:25] 226: histórico actualizado -> 71 filas
[2026-09-23 22:40:25] 227: histórico actualizado -> 72 filas
[2026-09-23 22:40:25] 228: histórico actualizado -> 71 filas
[2026-09-23 22:40:25] 229: histórico actualizado -> 71 filas
[2026-09-23 22:40:25] 231: histórico actualizado -> 70 filas
[2026-09-23 22:40:26] 232: histórico actualizado -> 71 filas
[2026-09-23 22:40:26] 234: histórico actualizado -> 71 filas
[2026-09-23 22:40:26] 235: histórico actualizado -> 59 filas
[2026-09-23 22:40:26] 236: histórico actualizado -> 71 filas
[2026-09-23 22:40:26] 238: histórico actualizado -> 72 filas
[2026-09-23 22:40:26] 240: histórico actualizado -> 69 filas
[2026-09-23 22:40:26] 241: histórico actualizado -> 51 filas
[2026-09-23 22:40:26] 242: histórico actualizado -> 68 filas
[2026-09-23 22:40:26] 243: histórico actualizado -> 71 filas
[2026-09-23 22:40:26] 244: histórico actualizado -> 55 filas
[2026-09-23 22:40:26] 245: histórico actualizado -> 53 filas
[2026-09-23 22:40:26] 247: histórico actualizado -> 71 filas
[2026-09-23 22:40:26] Catálogo actualizado: 32 estaciones
[2026-09-23 22:40:26] FIN DEL PROCESO - 21.1 segundos
[2026-09-23 23:40:05] INICIO DEL PROCESO
[2026-09-23 23:40:05] Abriendo página de login...
[2026-09-23 23:40:05] Realizando login...
[2026-09-23 23:40:06] LOGIN OK -> https://polaris.adrtecnology.com/gis/map
[2026-09-23 23:40:06] Estaciones conservadas del catálogo histórico: 32
[2026-09-23 23:40:06] Estaciones obtenidas desde viewer: 20
[2026-09-23 23:40:08] Estaciones obtenidas directamente desde GIS: 32
[2026-09-23 23:40:08] 200: SIN DATOS EN EL ÚLTIMO DÍA
[2026-09-23 23:40:09] 215: 1/4 variables -> Ll acu 1 h
[2026-09-23 23:40:09] 216: 3/4 variables -> HRa med 1h, Ll acu 1 h, Ta med 1h
[2026-09-23 23:40:10] 217: 3/4 variables -> HRa med 1h, Ll acu 1 h, Ta med 1h
[2026-09-23 23:40:10] 218: 2/4 variables -> Ll acu 1 h, Ta med 1h
[2026-09-23 23:40:11] 220: 1/4 variables -> PP Acc (1h)
[2026-09-23 23:40:11] 221: 3/4 variables -> HRa med 1h, Ll acu 1 h, Ta med 1h
[2026-09-23 23:40:12] 223: 3/4 variables -> HRa med 1h, Ll acu 1 h, Ta med 1h
[2026-09-23 23:40:12] 224: SIN DATOS EN EL ÚLTIMO DÍA
[2026-09-23 23:40:13] 225: 3/4 variables -> HRa med 1h, Ll acu 1 h, Ta med 1h
[2026-09-23 23:40:13] 226: 3/4 variables -> HRa med 1h, Ll acu 1 h, Ta med 1h
[2026-09-23 23:40:14] 227: 3/4 variables -> HRa med 1h, Ll acu 1 h, Ta med 1h
[2026-09-23 23:40:14] 228: 3/4 variables -> HRa med 1h, Ll acu 1 h, Ta med 1h
[2026-09-23 23:40:15] 229: 3/4 variables -> HRa med 1h, Ll acu 1 h, Ta med 1h
[2026-09-23 23:40:16] 230: SIN DATOS EN EL ÚLTIMO DÍA
[2026-09-23 23:40:16] 231: 3/4 variables -> HRa med 1h, Ll acu 1 h, Ta med 1h
[2026-09-23 23:40:17] 232: 3/4 variables -> HRa med 1h, Ll acu 1 h, Ta med 1h
[2026-09-23 23:40:17] 233: SIN DATOS EN EL ÚLTIMO DÍA
[2026-09-23 23:40:18] 234: 3/4 variables -> HRa med 1h, Ll acu 1 h, Ta med 1h
[2026-09-23 23:40:18] 235: 3/4 variables -> HRa med 1h, Ll acu 1 h, Ta med 1h
[2026-09-23 23:40:19] 236: 3/4 variables -> HRa med 1h, Ll acu 1 h, Ta med 1h
[2026-09-23 23:40:20] 237: SIN DATOS EN EL ÚLTIMO DÍA
[2026-09-23 23:40:20] 238: 3/4 variables -> HRa med 1h, Ll acu 1 h, Ta med 1h
[2026-09-23 23:40:21] 239: SIN DATOS EN EL ÚLTIMO DÍA
[2026-09-23 23:40:21] 240: 3/4 variables -> HRa med 1h, Ll acu 1 h, Ta med 1h
[2026-09-23 23:40:22] 241: 3/4 variables -> HRa med 1h, Ll acu 1 h, Ta med 1h
[2026-09-23 23:40:22] 242: 3/4 variables -> HRa med 1h, Ll acu 1 h, Ta med 1h
[2026-09-23 23:40:23] 243: 3/4 variables -> HRa med 1h, Ll acu 1 h, Ta med 1h
[2026-09-23 23:40:23] 244: 3/4 variables -> HRa med 1h, Ll acu 1 h, Ta med 1h
[2026-09-23 23:40:24] 245: 3/4 variables -> HRa med 1h, Ll acu 1 h, Ta med 1h
[2026-09-23 23:40:24] 246: SIN DATOS EN EL ÚLTIMO DÍA
[2026-09-23 23:40:25] 247: 3/4 variables -> HRa med 1h, Ll acu 1 h, Ta med 1h
[2026-09-23 23:40:25] 215: histórico actualizado -> 36 filas
[2026-09-23 23:40:25] 216: histórico actualizado -> 27 filas
[2026-09-23 23:40:25] 217: histórico actualizado -> 38 filas
[2026-09-23 23:40:25] 218: histórico actualizado -> 38 filas
[2026-09-23 23:40:25] 220: histórico actualizado -> 36 filas
[2026-09-23 23:40:25] 221: histórico actualizado -> 74 filas
[2026-09-23 23:40:25] 223: histórico actualizado -> 73 filas
[2026-09-23 23:40:25] 225: histórico actualizado -> 73 filas
[2026-09-23 23:40:26] 226: histórico actualizado -> 73 filas
[2026-09-23 23:40:26] 227: histórico actualizado -> 74 filas
[2026-09-23 23:40:26] 228: histórico actualizado -> 73 filas
[2026-09-23 23:40:26] 229: histórico actualizado -> 73 filas
[2026-09-23 23:40:26] 231: histórico actualizado -> 72 filas
[2026-09-23 23:40:26] 232: histórico actualizado -> 73 filas
[2026-09-23 23:40:26] 234: histórico actualizado -> 73 filas
[2026-09-23 23:40:26] 235: histórico actualizado -> 61 filas
[2026-09-23 23:40:26] 236: histórico actualizado -> 73 filas
[2026-09-23 23:40:26] 238: histórico actualizado -> 74 filas
[2026-09-23 23:40:26] 240: histórico actualizado -> 71 filas
[2026-09-23 23:40:26] 241: histórico actualizado -> 53 filas
[2026-09-23 23:40:26] 242: histórico actualizado -> 70 filas
[2026-09-23 23:40:26] 243: histórico actualizado -> 73 filas
[2026-09-23 23:40:26] 244: histórico actualizado -> 55 filas
[2026-09-23 23:40:26] 245: histórico actualizado -> 53 filas
[2026-09-23 23:40:26] 247: histórico actualizado -> 73 filas
[2026-09-23 23:40:26] Catálogo actualizado: 32 estaciones
[2026-09-23 23:40:26] FIN DEL PROCESO - 21.3 segundos
[2026-09-24 00:40:05] INICIO DEL PROCESO
[2026-09-24 00:40:05] Abriendo página de login...
[2026-09-24 00:40:06] Realizando login...
[2026-09-24 00:40:06] LOGIN OK -> https://polaris.adrtecnology.com/gis/map
[2026-09-24 00:40:06] Estaciones conservadas del catálogo histórico: 32
[2026-09-24 00:40:06] Estaciones obtenidas desde viewer: 20
[2026-09-24 00:40:08] Estaciones obtenidas directamente desde GIS: 32
[2026-09-24 00:40:09] 200: SIN DATOS EN EL ÚLTIMO DÍA
[2026-09-24 00:40:09] 215: 1/4 variables -> Ll acu 1 h
[2026-09-24 00:40:10] 216: 3/4 variables -> HRa med 1h, Ll acu 1 h, Ta med 1h
[2026-09-24 00:40:10] 217: 3/4 variables -> HRa med 1h, Ll acu 1 h, Ta med 1h
[2026-09-24 00:40:11] 218: 2/4 variables -> Ll acu 1 h, Ta med 1h
[2026-09-24 00:40:11] 220: 1/4 variables -> PP Acc (1h)
[2026-09-24 00:40:12] 221: 3/4 variables -> HRa med 1h, Ll acu 1 h, Ta med 1h
[2026-09-24 00:40:12] 223: 3/4 variables -> HRa med 1h, Ll acu 1 h, Ta med 1h
[2026-09-24 00:40:13] 224: SIN DATOS EN EL ÚLTIMO DÍA
[2026-09-24 00:40:13] 225: 3/4 variables -> HRa med 1h, Ll acu 1 h, Ta med 1h
[2026-09-24 00:40:14] 226: 3/4 variables -> HRa med 1h, Ll acu 1 h, Ta med 1h
[2026-09-24 00:40:15] 227: 3/4 variables -> HRa med 1h, Ll acu 1 h, Ta med 1h
[2026-09-24 00:40:15] 228: 3/4 variables -> HRa med 1h, Ll acu 1 h, Ta med 1h
[2026-09-24 00:40:16] 229: 3/4 variables -> HRa med 1h, Ll acu 1 h, Ta med 1h
[2026-09-24 00:40:16] 230: SIN DATOS EN EL ÚLTIMO DÍA
[2026-09-24 00:40:17] 231: 3/4 variables -> HRa med 1h, Ll acu 1 h, Ta med 1h
[2026-09-24 00:40:17] 232: 3/4 variables -> HRa med 1h, Ll acu 1 h, Ta med 1h
[2026-09-24 00:40:18] 233: SIN DATOS EN EL ÚLTIMO DÍA
[2026-09-24 00:40:18] 234: 3/4 variables -> HRa med 1h, Ll acu 1 h, Ta med 1h
[2026-09-24 00:40:19] 235: 3/4 variables -> HRa med 1h, Ll acu 1 h, Ta med 1h
[2026-09-24 00:40:20] 236: 3/4 variables -> HRa med 1h, Ll acu 1 h, Ta med 1h
[2026-09-24 00:40:20] 237: SIN DATOS EN EL ÚLTIMO DÍA
[2026-09-24 00:40:21] 238: 3/4 variables -> HRa med 1h, Ll acu 1 h, Ta med 1h
[2026-09-24 00:40:21] 239: SIN DATOS EN EL ÚLTIMO DÍA
[2026-09-24 00:40:22] 240: 3/4 variables -> HRa med 1h, Ll acu 1 h, Ta med 1h
[2026-09-24 00:40:23] 241: 3/4 variables -> HRa med 1h, Ll acu 1 h, Ta med 1h
[2026-09-24 00:40:23] 242: 3/4 variables -> HRa med 1h, Ll acu 1 h, Ta med 1h
[2026-09-24 00:40:24] 243: 3/4 variables -> HRa med 1h, Ll acu 1 h, Ta med 1h
[2026-09-24 00:40:24] 244: 3/4 variables -> HRa med 1h, Ll acu 1 h, Ta med 1h
[2026-09-24 00:40:25] 245: 3/4 variables -> HRa med 1h, Ll acu 1 h, Ta med 1h
[2026-09-24 00:40:25] 246: SIN DATOS EN EL ÚLTIMO DÍA
[2026-09-24 00:40:26] 247: 3/4 variables -> HRa med 1h, Ll acu 1 h, Ta med 1h
[2026-09-24 00:40:26] 215: histórico actualizado -> 37 filas
[2026-09-24 00:40:26] 216: histórico actualizado -> 28 filas
[2026-09-24 00:40:26] 217: histórico actualizado -> 39 filas
[2026-09-24 00:40:26] 218: histórico actualizado -> 39 filas
[2026-09-24 00:40:27] 220: histórico actualizado -> 37 filas
[2026-09-24 00:40:27] 221: histórico actualizado -> 76 filas
[2026-09-24 00:40:27] 223: histórico actualizado -> 75 filas
[2026-09-24 00:40:27] 225: histórico actualizado -> 75 filas
[2026-09-24 00:40:27] 226: histórico actualizado -> 75 filas
[2026-09-24 00:40:27] 227: histórico actualizado -> 76 filas
[2026-09-24 00:40:27] 228: histórico actualizado -> 75 filas
[2026-09-24 00:40:27] 229: histórico actualizado -> 75 filas
[2026-09-24 00:40:27] 231: histórico actualizado -> 74 filas
[2026-09-24 00:40:27] 232: histórico actualizado -> 75 filas
[2026-09-24 00:40:27] 234: histórico actualizado -> 75 filas
[2026-09-24 00:40:27] 235: histórico actualizado -> 63 filas
[2026-09-24 00:40:27] 236: histórico actualizado -> 75 filas
[2026-09-24 00:40:27] 238: histórico actualizado -> 76 filas
[2026-09-24 00:40:27] 240: histórico actualizado -> 73 filas
[2026-09-24 00:40:27] 241: histórico actualizado -> 55 filas
[2026-09-24 00:40:27] 242: histórico actualizado -> 72 filas
[2026-09-24 00:40:27] 243: histórico actualizado -> 75 filas
[2026-09-24 00:40:27] 244: histórico actualizado -> 55 filas
[2026-09-24 00:40:27] 245: histórico actualizado -> 55 filas
[2026-09-24 00:40:27] 247: histórico actualizado -> 75 filas
[2026-09-24 00:40:27] Catálogo actualizado: 32 estaciones
[2026-09-24 00:40:27] FIN DEL PROCESO - 22.1 segundos
[2026-09-24 01:40:06] INICIO DEL PROCESO
[2026-09-24 01:40:06] Abriendo página de login...
[2026-09-24 01:40:06] Realizando login...
[2026-09-24 01:40:07] LOGIN OK -> https://polaris.adrtecnology.com/gis/map
[2026-09-24 01:40:07] Estaciones conservadas del catálogo histórico: 32
[2026-09-24 01:40:07] Estaciones obtenidas desde viewer: 20
[2026-09-24 01:40:09] Estaciones obtenidas directamente desde GIS: 32
[2026-09-24 01:40:09] 200: SIN DATOS EN EL ÚLTIMO DÍA
[2026-09-24 01:40:10] 215: 1/4 variables -> Ll acu 1 h
[2026-09-24 01:40:10] 216: 3/4 variables -> HRa med 1h, Ll acu 1 h, Ta med 1h
[2026-09-24 01:40:11] 217: 3/4 variables -> HRa med 1h, Ll acu 1 h, Ta med 1h
[2026-09-24 01:40:11] 218: 2/4 variables -> Ll acu 1 h, Ta med 1h
[2026-09-24 01:40:12] 220: 1/4 variables -> PP Acc (1h)
[2026-09-24 01:40:12] 221: 3/4 variables -> HRa med 1h, Ll acu 1 h, Ta med 1h
[2026-09-24 01:40:13] 223: 3/4 variables -> HRa med 1h, Ll acu 1 h, Ta med 1h
[2026-09-24 01:40:13] 224: SIN DATOS EN EL ÚLTIMO DÍA
[2026-09-24 01:40:14] 225: 3/4 variables -> HRa med 1h, Ll acu 1 h, Ta med 1h
[2026-09-24 01:40:14] 226: 3/4 variables -> HRa med 1h, Ll acu 1 h, Ta med 1h
[2026-09-24 01:40:15] 227: 3/4 variables -> HRa med 1h, Ll acu 1 h, Ta med 1h
[2026-09-24 01:40:16] 228: 3/4 variables -> HRa med 1h, Ll acu 1 h, Ta med 1h
[2026-09-24 01:40:16] 229: 3/4 variables -> HRa med 1h, Ll acu 1 h, Ta med 1h
[2026-09-24 01:40:17] 230: SIN DATOS EN EL ÚLTIMO DÍA
[2026-09-24 01:40:17] 231: 3/4 variables -> HRa med 1h, Ll acu 1 h, Ta med 1h
[2026-09-24 01:40:18] 232: 3/4 variables -> HRa med 1h, Ll acu 1 h, Ta med 1h
[2026-09-24 01:40:18] 233: SIN DATOS EN EL ÚLTIMO DÍA
[2026-09-24 01:40:19] 234: 3/4 variables -> HRa med 1h, Ll acu 1 h, Ta med 1h
[2026-09-24 01:40:20] 235: 3/4 variables -> HRa med 1h, Ll acu 1 h, Ta med 1h
[2026-09-24 01:40:20] 236: 3/4 variables -> HRa med 1h, Ll acu 1 h, Ta med 1h
[2026-09-24 01:40:21] 237: SIN DATOS EN EL ÚLTIMO DÍA
[2026-09-24 01:40:21] 238: 3/4 variables -> HRa med 1h, Ll acu 1 h, Ta med 1h
[2026-09-24 01:40:22] 239: SIN DATOS EN EL ÚLTIMO DÍA
[2026-09-24 01:40:22] 240: 3/4 variables -> HRa med 1h, Ll acu 1 h, Ta med 1h
[2026-09-24 01:40:23] 241: 3/4 variables -> HRa med 1h, Ll acu 1 h, Ta med 1h
[2026-09-24 01:40:23] 242: 3/4 variables -> HRa med 1h, Ll acu 1 h, Ta med 1h
[2026-09-24 01:40:24] 243: 3/4 variables -> HRa med 1h, Ll acu 1 h, Ta med 1h
[2026-09-24 01:40:24] 244: 3/4 variables -> HRa med 1h, Ll acu 1 h, Ta med 1h
[2026-09-24 01:40:25] 245: 3/4 variables -> HRa med 1h, Ll acu 1 h, Ta med 1h
[2026-09-24 01:40:25] 246: SIN DATOS EN EL ÚLTIMO DÍA
[2026-09-24 01:40:26] 247: 3/4 variables -> HRa med 1h, Ll acu 1 h, Ta med 1h
[2026-09-24 01:40:27] 215: histórico actualizado -> 38 filas
[2026-09-24 01:40:27] 216: histórico actualizado -> 29 filas
[2026-09-24 01:40:27] 217: histórico actualizado -> 40 filas
[2026-09-24 01:40:27] 218: histórico actualizado -> 40 filas
[2026-09-24 01:40:27] 220: histórico actualizado -> 38 filas
[2026-09-24 01:40:27] 221: histórico actualizado -> 78 filas
[2026-09-24 01:40:27] 223: histórico actualizado -> 77 filas
[2026-09-24 01:40:27] 225: histórico actualizado -> 77 filas
[2026-09-24 01:40:27] 226: histórico actualizado -> 77 filas
[2026-09-24 01:40:27] 227: histórico actualizado -> 78 filas
[2026-09-24 01:40:27] 228: histórico actualizado -> 77 filas
[2026-09-24 01:40:27] 229: histórico actualizado -> 77 filas
[2026-09-24 01:40:27] 231: histórico actualizado -> 76 filas
[2026-09-24 01:40:27] 232: histórico actualizado -> 77 filas
[2026-09-24 01:40:27] 234: histórico actualizado -> 77 filas
[2026-09-24 01:40:27] 235: histórico actualizado -> 65 filas
[2026-09-24 01:40:27] 236: histórico actualizado -> 77 filas
[2026-09-24 01:40:27] 238: histórico actualizado -> 78 filas
[2026-09-24 01:40:27] 240: histórico actualizado -> 75 filas
[2026-09-24 01:40:27] 241: histórico actualizado -> 57 filas
[2026-09-24 01:40:27] 242: histórico actualizado -> 74 filas
[2026-09-24 01:40:27] 243: histórico actualizado -> 77 filas
[2026-09-24 01:40:27] 244: histórico actualizado -> 55 filas
[2026-09-24 01:40:27] 245: histórico actualizado -> 57 filas
[2026-09-24 01:40:27] 247: histórico actualizado -> 77 filas
[2026-09-24 01:40:27] Catálogo actualizado: 32 estaciones
[2026-09-24 01:40:28] FIN DEL PROCESO - 22.0 segundos
[2026-09-24 02:40:05] INICIO DEL PROCESO
[2026-09-24 02:40:05] Abriendo página de login...
[2026-09-24 02:40:05] Realizando login...
[2026-09-24 02:40:06] LOGIN OK -> https://polaris.adrtecnology.com/gis/map
[2026-09-24 02:40:06] Estaciones conservadas del catálogo histórico: 32
[2026-09-24 02:40:06] Estaciones obtenidas desde viewer: 20
[2026-09-24 02:40:08] Estaciones obtenidas directamente desde GIS: 32
[2026-09-24 02:40:08] 200: SIN DATOS EN EL ÚLTIMO DÍA
[2026-09-24 02:40:08] 215: 1/4 variables -> Ll acu 1 h
[2026-09-24 02:40:09] 216: 3/4 variables -> HRa med 1h, Ll acu 1 h, Ta med 1h
[2026-09-24 02:40:09] 217: 3/4 variables -> HRa med 1h, Ll acu 1 h, Ta med 1h
[2026-09-24 02:40:10] 218: 2/4 variables -> Ll acu 1 h, Ta med 1h
[2026-09-24 02:40:10] 220: 1/4 variables -> PP Acc (1h)
[2026-09-24 02:40:11] 221: 3/4 variables -> HRa med 1h, Ll acu 1 h, Ta med 1h
[2026-09-24 02:40:11] 223: 3/4 variables -> HRa med 1h, Ll acu 1 h, Ta med 1h
[2026-09-24 02:40:12] 224: SIN DATOS EN EL ÚLTIMO DÍA
[2026-09-24 02:40:12] 225: 3/4 variables -> HRa med 1h, Ll acu 1 h, Ta med 1h
[2026-09-24 02:40:13] 226: 3/4 variables -> HRa med 1h, Ll acu 1 h, Ta med 1h
[2026-09-24 02:40:13] 227: 3/4 variables -> HRa med 1h, Ll acu 1 h, Ta med 1h
[2026-09-24 02:40:14] 228: 3/4 variables -> HRa med 1h, Ll acu 1 h, Ta med 1h
[2026-09-24 02:40:15] 229: 3/4 variables -> HRa med 1h, Ll acu 1 h, Ta med 1h
[2026-09-24 02:40:15] 230: SIN DATOS EN EL ÚLTIMO DÍA
[2026-09-24 02:40:16] 231: 3/4 variables -> HRa med 1h, Ll acu 1 h, Ta med 1h
[2026-09-24 02:40:16] 232: 3/4 variables -> HRa med 1h, Ll acu 1 h, Ta med 1h
[2026-09-24 02:40:17] 233: SIN DATOS EN EL ÚLTIMO DÍA
[2026-09-24 02:40:17] 234: 3/4 variables -> HRa med 1h, Ll acu 1 h, Ta med 1h
[2026-09-24 02:40:18] 235: 3/4 variables -> HRa med 1h, Ll acu 1 h, Ta med 1h
[2026-09-24 02:40:18] 236: 3/4 variables -> HRa med 1h, Ll acu 1 h, Ta med 1h
[2026-09-24 02:40:19] 237: SIN DATOS EN EL ÚLTIMO DÍA
[2026-09-24 02:40:20] 238: 3/4 variables -> HRa med 1h, Ll acu 1 h, Ta med 1h
[2026-09-24 02:40:20] 239: SIN DATOS EN EL ÚLTIMO DÍA
[2026-09-24 02:40:21] 240: 3/4 variables -> HRa med 1h, Ll acu 1 h, Ta med 1h
[2026-09-24 02:40:21] 241: 3/4 variables -> HRa med 1h, Ll acu 1 h, Ta med 1h
[2026-09-24 02:40:22] 242: 3/4 variables -> HRa med 1h, Ll acu 1 h, Ta med 1h
[2026-09-24 02:40:22] 243: 3/4 variables -> HRa med 1h, Ll acu 1 h, Ta med 1h
[2026-09-24 02:40:23] 244: 3/4 variables -> HRa med 1h, Ll acu 1 h, Ta med 1h
[2026-09-24 02:40:23] 245: 3/4 variables -> HRa med 1h, Ll acu 1 h, Ta med 1h
[2026-09-24 02:40:24] 246: SIN DATOS EN EL ÚLTIMO DÍA
[2026-09-24 02:40:24] 247: 3/4 variables -> HRa med 1h, Ll acu 1 h, Ta med 1h
[2026-09-24 02:40:25] 215: histórico actualizado -> 39 filas
[2026-09-24 02:40:25] 216: histórico actualizado -> 30 filas
[2026-09-24 02:40:25] 217: histórico actualizado -> 41 filas
[2026-09-24 02:40:25] 218: histórico actualizado -> 41 filas
[2026-09-24 02:40:25] 220: histórico actualizado -> 39 filas
[2026-09-24 02:40:25] 221: histórico actualizado -> 80 filas
[2026-09-24 02:40:25] 223: histórico actualizado -> 79 filas
[2026-09-24 02:40:25] 225: histórico actualizado -> 79 filas
[2026-09-24 02:40:25] 226: histórico actualizado -> 79 filas
[2026-09-24 02:40:25] 227: histórico actualizado -> 80 filas
[2026-09-24 02:40:25] 228: histórico actualizado -> 79 filas
[2026-09-24 02:40:25] 229: histórico actualizado -> 79 filas
[2026-09-24 02:40:25] 231: histórico actualizado -> 78 filas
[2026-09-24 02:40:25] 232: histórico actualizado -> 79 filas
[2026-09-24 02:40:25] 234: histórico actualizado -> 79 filas
[2026-09-24 02:40:25] 235: histórico actualizado -> 67 filas
[2026-09-24 02:40:25] 236: histórico actualizado -> 79 filas
[2026-09-24 02:40:25] 238: histórico actualizado -> 80 filas
[2026-09-24 02:40:25] 240: histórico actualizado -> 77 filas
[2026-09-24 02:40:25] 241: histórico actualizado -> 59 filas
[2026-09-24 02:40:25] 242: histórico actualizado -> 76 filas
[2026-09-24 02:40:25] 243: histórico actualizado -> 79 filas
[2026-09-24 02:40:25] 244: histórico actualizado -> 55 filas
[2026-09-24 02:40:25] 245: histórico actualizado -> 59 filas
[2026-09-24 02:40:26] 247: histórico actualizado -> 79 filas
[2026-09-24 02:40:26] Catálogo actualizado: 32 estaciones
[2026-09-24 02:40:26] FIN DEL PROCESO - 21.0 segundos
[2026-09-24 03:40:05] INICIO DEL PROCESO
[2026-09-24 03:40:05] Abriendo página de login...
[2026-09-24 03:40:06] Realizando login...
[2026-09-24 03:40:07] LOGIN OK -> https://polaris.adrtecnology.com/gis/map
[2026-09-24 03:40:07] Estaciones conservadas del catálogo histórico: 32
[2026-09-24 03:40:08] Estaciones obtenidas desde viewer: 20
[2026-09-24 03:40:10] Estaciones obtenidas directamente desde GIS: 32
[2026-09-24 03:40:10] 200: SIN DATOS EN EL ÚLTIMO DÍA
[2026-09-24 03:40:11] 215: 1/4 variables -> Ll acu 1 h
[2026-09-24 03:40:11] 216: 3/4 variables -> HRa med 1h, Ll acu 1 h, Ta med 1h
[2026-09-24 03:40:12] 217: 3/4 variables -> HRa med 1h, Ll acu 1 h, Ta med 1h
[2026-09-24 03:40:12] 218: 2/4 variables -> Ll acu 1 h, Ta med 1h
[2026-09-24 03:40:13] 220: 1/4 variables -> PP Acc (1h)
[2026-09-24 03:40:13] 221: 3/4 variables -> HRa med 1h, Ll acu 1 h, Ta med 1h
[2026-09-24 03:40:14] 223: 3/4 variables -> HRa med 1h, Ll acu 1 h, Ta med 1h
[2026-09-24 03:40:14] 224: SIN DATOS EN EL ÚLTIMO DÍA
[2026-09-24 03:40:15] 225: 3/4 variables -> HRa med 1h, Ll acu 1 h, Ta med 1h
[2026-09-24 03:40:15] 226: 3/4 variables -> HRa med 1h, Ll acu 1 h, Ta med 1h
[2026-09-24 03:40:16] 227: 3/4 variables -> HRa med 1h, Ll acu 1 h, Ta med 1h
[2026-09-24 03:40:17] 228: 3/4 variables -> HRa med 1h, Ll acu 1 h, Ta med 1h
[2026-09-24 03:40:17] 229: 3/4 variables -> HRa med 1h, Ll acu 1 h, Ta med 1h
[2026-09-24 03:40:18] 230: SIN DATOS EN EL ÚLTIMO DÍA
[2026-09-24 03:40:18] 231: 3/4 variables -> HRa med 1h, Ll acu 1 h, Ta med 1h
[2026-09-24 03:40:19] 232: 3/4 variables -> HRa med 1h, Ll acu 1 h, Ta med 1h
[2026-09-24 03:40:19] 233: SIN DATOS EN EL ÚLTIMO DÍA
[2026-09-24 03:40:20] 234: 3/4 variables -> HRa med 1h, Ll acu 1 h, Ta med 1h
[2026-09-24 03:40:21] 235: 3/4 variables -> HRa med 1h, Ll acu 1 h, Ta med 1h
[2026-09-24 03:40:21] 236: 3/4 variables -> HRa med 1h, Ll acu 1 h, Ta med 1h
[2026-09-24 03:40:22] 237: SIN DATOS EN EL ÚLTIMO DÍA
[2026-09-24 03:40:22] 238: 3/4 variables -> HRa med 1h, Ll acu 1 h, Ta med 1h
[2026-09-24 03:40:23] 239: SIN DATOS EN EL ÚLTIMO DÍA
[2026-09-24 03:40:23] 240: 3/4 variables -> HRa med 1h, Ll acu 1 h, Ta med 1h
[2026-09-24 03:40:24] 241: 3/4 variables -> HRa med 1h, Ll acu 1 h, Ta med 1h
[2026-09-24 03:40:24] 242: 3/4 variables -> HRa med 1h, Ll acu 1 h, Ta med 1h
[2026-09-24 03:40:25] 243: 3/4 variables -> HRa med 1h, Ll acu 1 h, Ta med 1h
[2026-09-24 03:40:25] 244: 3/4 variables -> HRa med 1h, Ll acu 1 h, Ta med 1h
[2026-09-24 03:40:26] 245: 3/4 variables -> HRa med 1h, Ll acu 1 h, Ta med 1h
[2026-09-24 03:40:26] 246: SIN DATOS EN EL ÚLTIMO DÍA
[2026-09-24 03:40:27] 247: 3/4 variables -> HRa med 1h, Ll acu 1 h, Ta med 1h
[2026-09-24 03:40:27] 215: histórico actualizado -> 40 filas
[2026-09-24 03:40:27] 216: histórico actualizado -> 31 filas
[2026-09-24 03:40:27] 217: histórico actualizado -> 42 filas
[2026-09-24 03:40:27] 218: histórico actualizado -> 42 filas
[2026-09-24 03:40:27] 220: histórico actualizado -> 40 filas
[2026-09-24 03:40:27] 221: histórico actualizado -> 82 filas
[2026-09-24 03:40:28] 223: histórico actualizado -> 81 filas
[2026-09-24 03:40:28] 225: histórico actualizado -> 81 filas
[2026-09-24 03:40:28] 226: histórico actualizado -> 81 filas
[2026-09-24 03:40:28] 227: histórico actualizado -> 82 filas
[2026-09-24 03:40:28] 228: histórico actualizado -> 81 filas
[2026-09-24 03:40:28] 229: histórico actualizado -> 81 filas
[2026-09-24 03:40:28] 231: histórico actualizado -> 80 filas
[2026-09-24 03:40:28] 232: histórico actualizado -> 81 filas
[2026-09-24 03:40:28] 234: histórico actualizado -> 81 filas
[2026-09-24 03:40:28] 235: histórico actualizado -> 69 filas
[2026-09-24 03:40:28] 236: histórico actualizado -> 81 filas
[2026-09-24 03:40:28] 238: histórico actualizado -> 82 filas
[2026-09-24 03:40:28] 240: histórico actualizado -> 79 filas
[2026-09-24 03:40:28] 241: histórico actualizado -> 61 filas
[2026-09-24 03:40:28] 242: histórico actualizado -> 78 filas
[2026-09-24 03:40:28] 243: histórico actualizado -> 81 filas
[2026-09-24 03:40:28] 244: histórico actualizado -> 55 filas
[2026-09-24 03:40:28] 245: histórico actualizado -> 61 filas
[2026-09-24 03:40:28] 247: histórico actualizado -> 81 filas
[2026-09-24 03:40:28] Catálogo actualizado: 32 estaciones
[2026-09-24 03:40:28] FIN DEL PROCESO - 22.8 segundos
[2026-09-24 04:40:05] INICIO DEL PROCESO
[2026-09-24 04:40:06] Abriendo página de login...
[2026-09-24 04:40:06] Realizando login...
[2026-09-24 04:40:06] LOGIN OK -> https://polaris.adrtecnology.com/gis/map
[2026-09-24 04:40:07] Estaciones conservadas del catálogo histórico: 32
[2026-09-24 04:40:07] Estaciones obtenidas desde viewer: 20
[2026-09-24 04:40:09] Estaciones obtenidas directamente desde GIS: 32
[2026-09-24 04:40:09] 200: SIN DATOS EN EL ÚLTIMO DÍA
[2026-09-24 04:40:09] 215: 1/4 variables -> Ll acu 1 h
[2026-09-24 04:40:10] 216: 3/4 variables -> HRa med 1h, Ll acu 1 h, Ta med 1h
[2026-09-24 04:40:10] 217: 3/4 variables -> HRa med 1h, Ll acu 1 h, Ta med 1h
[2026-09-24 04:40:11] 218: 2/4 variables -> Ll acu 1 h, Ta med 1h
[2026-09-24 04:40:11] 220: 1/4 variables -> PP Acc (1h)
[2026-09-24 04:40:12] 221: 3/4 variables -> HRa med 1h, Ll acu 1 h, Ta med 1h
[2026-09-24 04:40:13] 223: 3/4 variables -> HRa med 1h, Ll acu 1 h, Ta med 1h
[2026-09-24 04:40:13] 224: SIN DATOS EN EL ÚLTIMO DÍA
[2026-09-24 04:40:14] 225: 3/4 variables -> HRa med 1h, Ll acu 1 h, Ta med 1h
[2026-09-24 04:40:14] 226: 3/4 variables -> HRa med 1h, Ll acu 1 h, Ta med 1h
[2026-09-24 04:40:15] 227: 3/4 variables -> HRa med 1h, Ll acu 1 h, Ta med 1h
[2026-09-24 04:40:15] 228: 3/4 variables -> HRa med 1h, Ll acu 1 h, Ta med 1h
[2026-09-24 04:40:16] 229: 3/4 variables -> HRa med 1h, Ll acu 1 h, Ta med 1h
[2026-09-24 04:40:16] 230: SIN DATOS EN EL ÚLTIMO DÍA
[2026-09-24 04:40:17] 231: 3/4 variables -> HRa med 1h, Ll acu 1 h, Ta med 1h
[2026-09-24 04:40:17] 232: 3/4 variables -> HRa med 1h, Ll acu 1 h, Ta med 1h
[2026-09-24 04:40:18] 233: SIN DATOS EN EL ÚLTIMO DÍA
[2026-09-24 04:40:18] 234: 3/4 variables -> HRa med 1h, Ll acu 1 h, Ta med 1h
[2026-09-24 04:40:19] 235: 3/4 variables -> HRa med 1h, Ll acu 1 h, Ta med 1h
[2026-09-24 04:40:20] 236: 3/4 variables -> HRa med 1h, Ll acu 1 h, Ta med 1h
[2026-09-24 04:40:20] 237: SIN DATOS EN EL ÚLTIMO DÍA
[2026-09-24 04:40:21] 238: 3/4 variables -> HRa med 1h, Ll acu 1 h, Ta med 1h
[2026-09-24 04:40:21] 239: SIN DATOS EN EL ÚLTIMO DÍA
[2026-09-24 04:40:22] 240: 3/4 variables -> HRa med 1h, Ll acu 1 h, Ta med 1h
[2026-09-24 04:40:22] 241: 3/4 variables -> HRa med 1h, Ll acu 1 h, Ta med 1h
[2026-09-24 04:40:23] 242: 3/4 variables -> HRa med 1h, Ll acu 1 h, Ta med 1h
[2026-09-24 04:40:24] 243: 3/4 variables -> HRa med 1h, Ll acu 1 h, Ta med 1h
[2026-09-24 04:40:24] 244: 3/4 variables -> HRa med 1h, Ll acu 1 h, Ta med 1h
[2026-09-24 04:40:25] 245: 3/4 variables -> HRa med 1h, Ll acu 1 h, Ta med 1h
[2026-09-24 04:40:25] 246: SIN DATOS EN EL ÚLTIMO DÍA
[2026-09-24 04:40:26] 247: 3/4 variables -> HRa med 1h, Ll acu 1 h, Ta med 1h
[2026-09-24 04:40:26] 215: histórico actualizado -> 41 filas
[2026-09-24 04:40:26] 216: histórico actualizado -> 32 filas
[2026-09-24 04:40:26] 217: histórico actualizado -> 43 filas
[2026-09-24 04:40:26] 218: histórico actualizado -> 43 filas
[2026-09-24 04:40:26] 220: histórico actualizado -> 41 filas
[2026-09-24 04:40:26] 221: histórico actualizado -> 84 filas
[2026-09-24 04:40:26] 223: histórico actualizado -> 83 filas
[2026-09-24 04:40:26] 225: histórico actualizado -> 83 filas
[2026-09-24 04:40:27] 226: histórico actualizado -> 83 filas
[2026-09-24 04:40:27] 227: histórico actualizado -> 84 filas
[2026-09-24 04:40:27] 228: histórico actualizado -> 83 filas
[2026-09-24 04:40:27] 229: histórico actualizado -> 83 filas
[2026-09-24 04:40:27] 231: histórico actualizado -> 82 filas
[2026-09-24 04:40:27] 232: histórico actualizado -> 83 filas
[2026-09-24 04:40:27] 234: histórico actualizado -> 83 filas
[2026-09-24 04:40:27] 235: histórico actualizado -> 71 filas
[2026-09-24 04:40:27] 236: histórico actualizado -> 83 filas
[2026-09-24 04:40:27] 238: histórico actualizado -> 84 filas
[2026-09-24 04:40:27] 240: histórico actualizado -> 79 filas
[2026-09-24 04:40:27] 241: histórico actualizado -> 63 filas
[2026-09-24 04:40:27] 242: histórico actualizado -> 80 filas
[2026-09-24 04:40:27] 243: histórico actualizado -> 83 filas
[2026-09-24 04:40:28] 244: histórico actualizado -> 55 filas
[2026-09-24 04:40:28] 245: histórico actualizado -> 63 filas
[2026-09-24 04:40:28] 247: histórico actualizado -> 83 filas
[2026-09-24 04:40:28] Catálogo actualizado: 32 estaciones
[2026-09-24 04:40:28] FIN DEL PROCESO - 22.1 segundos
[2026-09-24 05:40:05] INICIO DEL PROCESO
[2026-09-24 05:40:05] Abriendo página de login...
[2026-09-24 05:40:06] Realizando login...
[2026-09-24 05:40:07] LOGIN OK -> https://polaris.adrtecnology.com/gis/map
[2026-09-24 05:40:07] Estaciones conservadas del catálogo histórico: 32
[2026-09-24 05:40:07] Estaciones obtenidas desde viewer: 20
[2026-09-24 05:40:10] Estaciones obtenidas directamente desde GIS: 32
[2026-09-24 05:40:10] 200: SIN DATOS EN EL ÚLTIMO DÍA
[2026-09-24 05:40:11] 215: 1/4 variables -> Ll acu 1 h
[2026-09-24 05:40:11] 216: 3/4 variables -> HRa med 1h, Ll acu 1 h, Ta med 1h
[2026-09-24 05:40:12] 217: 3/4 variables -> HRa med 1h, Ll acu 1 h, Ta med 1h
[2026-09-24 05:40:12] 218: 2/4 variables -> Ll acu 1 h, Ta med 1h
[2026-09-24 05:40:13] 220: 1/4 variables -> PP Acc (1h)
[2026-09-24 05:40:13] 221: 3/4 variables -> HRa med 1h, Ll acu 1 h, Ta med 1h
[2026-09-24 05:40:14] 223: 3/4 variables -> HRa med 1h, Ll acu 1 h, Ta med 1h
[2026-09-24 05:40:14] 224: SIN DATOS EN EL ÚLTIMO DÍA
[2026-09-24 05:40:15] 225: 3/4 variables -> HRa med 1h, Ll acu 1 h, Ta med 1h
[2026-09-24 05:40:16] 226: 3/4 variables -> HRa med 1h, Ll acu 1 h, Ta med 1h
[2026-09-24 05:40:17] 227: 3/4 variables -> HRa med 1h, Ll acu 1 h, Ta med 1h
[2026-09-24 05:40:18] 228: 3/4 variables -> HRa med 1h, Ll acu 1 h, Ta med 1h
[2026-09-24 05:40:18] 229: 3/4 variables -> HRa med 1h, Ll acu 1 h, Ta med 1h
[2026-09-24 05:40:19] 230: SIN DATOS EN EL ÚLTIMO DÍA
[2026-09-24 05:40:19] 231: 3/4 variables -> HRa med 1h, Ll acu 1 h, Ta med 1h
[2026-09-24 05:40:20] 232: 3/4 variables -> HRa med 1h, Ll acu 1 h, Ta med 1h
[2026-09-24 05:40:20] 233: SIN DATOS EN EL ÚLTIMO DÍA
[2026-09-24 05:40:21] 234: 3/4 variables -> HRa med 1h, Ll acu 1 h, Ta med 1h
[2026-09-24 05:40:22] 235: 3/4 variables -> HRa med 1h, Ll acu 1 h, Ta med 1h
[2026-09-24 05:40:22] 236: 3/4 variables -> HRa med 1h, Ll acu 1 h, Ta med 1h
[2026-09-24 05:40:23] 237: SIN DATOS EN EL ÚLTIMO DÍA
[2026-09-24 05:40:23] 238: 3/4 variables -> HRa med 1h, Ll acu 1 h, Ta med 1h
[2026-09-24 05:40:24] 239: SIN DATOS EN EL ÚLTIMO DÍA
[2026-09-24 05:40:24] 240: 3/4 variables -> HRa med 1h, Ll acu 1 h, Ta med 1h
[2026-09-24 05:40:25] 241: 3/4 variables -> HRa med 1h, Ll acu 1 h, Ta med 1h
[2026-09-24 05:40:25] 242: 3/4 variables -> HRa med 1h, Ll acu 1 h, Ta med 1h
[2026-09-24 05:40:26] 243: 3/4 variables -> HRa med 1h, Ll acu 1 h, Ta med 1h
[2026-09-24 05:40:26] 244: 3/4 variables -> HRa med 1h, Ll acu 1 h, Ta med 1h
[2026-09-24 05:40:27] 245: 3/4 variables -> HRa med 1h, Ll acu 1 h, Ta med 1h
[2026-09-24 05:40:28] 246: SIN DATOS EN EL ÚLTIMO DÍA
[2026-09-24 05:40:28] 247: 3/4 variables -> HRa med 1h, Ll acu 1 h, Ta med 1h
[2026-09-24 05:40:28] 215: histórico actualizado -> 42 filas
[2026-09-24 05:40:28] 216: histórico actualizado -> 33 filas
[2026-09-24 05:40:29] 217: histórico actualizado -> 44 filas
[2026-09-24 05:40:29] 218: histórico actualizado -> 44 filas
[2026-09-24 05:40:29] 220: histórico actualizado -> 42 filas
[2026-09-24 05:40:29] 221: histórico actualizado -> 86 filas
[2026-09-24 05:40:29] 223: histórico actualizado -> 85 filas
[2026-09-24 05:40:29] 225: histórico actualizado -> 85 filas
[2026-09-24 05:40:29] 226: histórico actualizado -> 85 filas
[2026-09-24 05:40:29] 227: histórico actualizado -> 86 filas
[2026-09-24 05:40:29] 228: histórico actualizado -> 85 filas
[2026-09-24 05:40:29] 229: histórico actualizado -> 85 filas
[2026-09-24 05:40:29] 231: histórico actualizado -> 84 filas
[2026-09-24 05:40:29] 232: histórico actualizado -> 85 filas
[2026-09-24 05:40:29] 234: histórico actualizado -> 85 filas
[2026-09-24 05:40:30] 235: histórico actualizado -> 73 filas
[2026-09-24 05:40:30] 236: histórico actualizado -> 85 filas
[2026-09-24 05:40:30] 238: histórico actualizado -> 86 filas
[2026-09-24 05:40:30] 240: histórico actualizado -> 80 filas
[2026-09-24 05:40:30] 241: histórico actualizado -> 65 filas
[2026-09-24 05:40:30] 242: histórico actualizado -> 82 filas
[2026-09-24 05:40:30] 243: histórico actualizado -> 85 filas
[2026-09-24 05:40:30] 244: histórico actualizado -> 55 filas
[2026-09-24 05:40:30] 245: histórico actualizado -> 65 filas
[2026-09-24 05:40:30] 247: histórico actualizado -> 85 filas
[2026-09-24 05:40:30] Catálogo actualizado: 32 estaciones
[2026-09-24 05:40:30] FIN DEL PROCESO - 24.8 segundos
[2026-09-24 06:40:05] INICIO DEL PROCESO
[2026-09-24 06:40:05] Abriendo página de login...
[2026-09-24 06:40:05] Realizando login...
[2026-09-24 06:40:05] LOGIN OK -> https://polaris.adrtecnology.com/gis/map
[2026-09-24 06:40:06] Estaciones conservadas del catálogo histórico: 32
[2026-09-24 06:40:06] Estaciones obtenidas desde viewer: 20
[2026-09-24 06:40:07] Estaciones obtenidas directamente desde GIS: 32
[2026-09-24 06:40:08] 200: SIN DATOS EN EL ÚLTIMO DÍA
[2026-09-24 06:40:08] 215: 1/4 variables -> Ll acu 1 h
[2026-09-24 06:40:09] 216: 3/4 variables -> HRa med 1h, Ll acu 1 h, Ta med 1h
[2026-09-24 06:40:09] 217: 3/4 variables -> HRa med 1h, Ll acu 1 h, Ta med 1h
[2026-09-24 06:40:10] 218: 2/4 variables -> Ll acu 1 h, Ta med 1h
[2026-09-24 06:40:10] 220: 1/4 variables -> PP Acc (1h)
[2026-09-24 06:40:11] 221: 3/4 variables -> HRa med 1h, Ll acu 1 h, Ta med 1h
[2026-09-24 06:40:11] 223: 3/4 variables -> HRa med 1h, Ll acu 1 h, Ta med 1h
[2026-09-24 06:40:12] 224: SIN DATOS EN EL ÚLTIMO DÍA
[2026-09-24 06:40:12] 225: 3/4 variables -> HRa med 1h, Ll acu 1 h, Ta med 1h
[2026-09-24 06:40:13] 226: 3/4 variables -> HRa med 1h, Ll acu 1 h, Ta med 1h
[2026-09-24 06:40:13] 227: 3/4 variables -> HRa med 1h, Ll acu 1 h, Ta med 1h
[2026-09-24 06:40:14] 228: 3/4 variables -> HRa med 1h, Ll acu 1 h, Ta med 1h
[2026-09-24 06:40:15] 229: 3/4 variables -> HRa med 1h, Ll acu 1 h, Ta med 1h
[2026-09-24 06:40:15] 230: SIN DATOS EN EL ÚLTIMO DÍA
[2026-09-24 06:40:16] 231: 3/4 variables -> HRa med 1h, Ll acu 1 h, Ta med 1h
[2026-09-24 06:40:16] 232: 3/4 variables -> HRa med 1h, Ll acu 1 h, Ta med 1h
[2026-09-24 06:40:17] 233: SIN DATOS EN EL ÚLTIMO DÍA
[2026-09-24 06:40:17] 234: 3/4 variables -> HRa med 1h, Ll acu 1 h, Ta med 1h
[2026-09-24 06:40:18] 235: 3/4 variables -> HRa med 1h, Ll acu 1 h, Ta med 1h
[2026-09-24 06:40:18] 236: 3/4 variables -> HRa med 1h, Ll acu 1 h, Ta med 1h
[2026-09-24 06:40:19] 237: SIN DATOS EN EL ÚLTIMO DÍA
[2026-09-24 06:40:19] 238: 3/4 variables -> HRa med 1h, Ll acu 1 h, Ta med 1h
[2026-09-24 06:40:20] 239: SIN DATOS EN EL ÚLTIMO DÍA
[2026-09-24 06:40:21] 240: 3/4 variables -> HRa med 1h, Ll acu 1 h, Ta med 1h
[2026-09-24 06:40:21] 241: 3/4 variables -> HRa med 1h, Ll acu 1 h, Ta med 1h
[2026-09-24 06:40:22] 242: 3/4 variables -> HRa med 1h, Ll acu 1 h, Ta med 1h
[2026-09-24 06:40:22] 243: 3/4 variables -> HRa med 1h, Ll acu 1 h, Ta med 1h
[2026-09-24 06:40:23] 244: 3/4 variables -> HRa med 1h, Ll acu 1 h, Ta med 1h
[2026-09-24 06:40:23] 245: 3/4 variables -> HRa med 1h, Ll acu 1 h, Ta med 1h
[2026-09-24 06:40:24] 246: SIN DATOS EN EL ÚLTIMO DÍA
[2026-09-24 06:40:24] 247: 3/4 variables -> HRa med 1h, Ll acu 1 h, Ta med 1h
[2026-09-24 06:40:25] 215: histórico actualizado -> 43 filas
[2026-09-24 06:40:25] 216: histórico actualizado -> 34 filas
[2026-09-24 06:40:25] 217: histórico actualizado -> 45 filas
[2026-09-24 06:40:25] 218: histórico actualizado -> 45 filas
[2026-09-24 06:40:25] 220: histórico actualizado -> 43 filas
[2026-09-24 06:40:25] 221: histórico actualizado -> 88 filas
[2026-09-24 06:40:25] 223: histórico actualizado -> 87 filas
[2026-09-24 06:40:25] 225: histórico actualizado -> 87 filas
[2026-09-24 06:40:25] 226: histórico actualizado -> 87 filas
[2026-09-24 06:40:25] 227: histórico actualizado -> 88 filas
[2026-09-24 06:40:25] 228: histórico actualizado -> 87 filas
[2026-09-24 06:40:25] 229: histórico actualizado -> 87 filas
[2026-09-24 06:40:25] 231: histórico actualizado -> 86 filas
[2026-09-24 06:40:25] 232: histórico actualizado -> 87 filas
[2026-09-24 06:40:25] 234: histórico actualizado -> 87 filas
[2026-09-24 06:40:25] 235: histórico actualizado -> 75 filas
[2026-09-24 06:40:25] 236: histórico actualizado -> 87 filas
[2026-09-24 06:40:25] 238: histórico actualizado -> 88 filas
[2026-09-24 06:40:25] 240: histórico actualizado -> 80 filas
[2026-09-24 06:40:25] 241: histórico actualizado -> 67 filas
[2026-09-24 06:40:25] 242: histórico actualizado -> 84 filas
[2026-09-24 06:40:25] 243: histórico actualizado -> 87 filas
[2026-09-24 06:40:25] 244: histórico actualizado -> 55 filas
[2026-09-24 06:40:25] 245: histórico actualizado -> 67 filas
[2026-09-24 06:40:25] 247: histórico actualizado -> 87 filas
[2026-09-24 06:40:25] Catálogo actualizado: 32 estaciones
[2026-09-24 06:40:25] FIN DEL PROCESO - 20.8 segundos
[2026-09-24 07:40:05] INICIO DEL PROCESO
[2026-09-24 07:40:05] Abriendo página de login...
[2026-09-24 07:40:06] Realizando login...
[2026-09-24 07:40:06] LOGIN OK -> https://polaris.adrtecnology.com/gis/map
[2026-09-24 07:40:06] Estaciones conservadas del catálogo histórico: 32
[2026-09-24 07:40:06] Estaciones obtenidas desde viewer: 20
[2026-09-24 07:40:08] Estaciones obtenidas directamente desde GIS: 32
[2026-09-24 07:40:09] 200: SIN DATOS EN EL ÚLTIMO DÍA
[2026-09-24 07:40:09] 215: 1/4 variables -> Ll acu 1 h
[2026-09-24 07:40:10] 216: 3/4 variables -> HRa med 1h, Ll acu 1 h, Ta med 1h
[2026-09-24 07:40:10] 217: 3/4 variables -> HRa med 1h, Ll acu 1 h, Ta med 1h
[2026-09-24 07:40:11] 218: 2/4 variables -> Ll acu 1 h, Ta med 1h
[2026-09-24 07:40:11] 220: 1/4 variables -> PP Acc (1h)
[2026-09-24 07:40:12] 221: 3/4 variables -> HRa med 1h, Ll acu 1 h, Ta med 1h
[2026-09-24 07:40:12] 223: 3/4 variables -> HRa med 1h, Ll acu 1 h, Ta med 1h
[2026-09-24 07:40:13] 224: SIN DATOS EN EL ÚLTIMO DÍA
[2026-09-24 07:40:13] 225: 3/4 variables -> HRa med 1h, Ll acu 1 h, Ta med 1h
[2026-09-24 07:40:14] 226: 3/4 variables -> HRa med 1h, Ll acu 1 h, Ta med 1h
[2026-09-24 07:40:14] 227: 3/4 variables -> HRa med 1h, Ll acu 1 h, Ta med 1h
[2026-09-24 07:40:15] 228: 3/4 variables -> HRa med 1h, Ll acu 1 h, Ta med 1h
[2026-09-24 07:40:16] 229: 3/4 variables -> HRa med 1h, Ll acu 1 h, Ta med 1h
[2026-09-24 07:40:16] 230: SIN DATOS EN EL ÚLTIMO DÍA
[2026-09-24 07:40:17] 231: 3/4 variables -> HRa med 1h, Ll acu 1 h, Ta med 1h
[2026-09-24 07:40:17] 232: 3/4 variables -> HRa med 1h, Ll acu 1 h, Ta med 1h
[2026-09-24 07:40:18] 233: SIN DATOS EN EL ÚLTIMO DÍA
[2026-09-24 07:40:18] 234: 3/4 variables -> HRa med 1h, Ll acu 1 h, Ta med 1h
[2026-09-24 07:40:19] 235: 3/4 variables -> HRa med 1h, Ll acu 1 h, Ta med 1h
[2026-09-24 07:40:19] 236: 3/4 variables -> HRa med 1h, Ll acu 1 h, Ta med 1h
[2026-09-24 07:40:20] 237: SIN DATOS EN EL ÚLTIMO DÍA
[2026-09-24 07:40:20] 238: 3/4 variables -> HRa med 1h, Ll acu 1 h, Ta med 1h
[2026-09-24 07:40:21] 239: SIN DATOS EN EL ÚLTIMO DÍA
[2026-09-24 07:40:21] 240: 3/4 variables -> HRa med 1h, Ll acu 1 h, Ta med 1h
[2026-09-24 07:40:22] 241: 3/4 variables -> HRa med 1h, Ll acu 1 h, Ta med 1h
[2026-09-24 07:40:23] 242: 3/4 variables -> HRa med 1h, Ll acu 1 h, Ta med 1h
[2026-09-24 07:40:23] 243: 3/4 variables -> HRa med 1h, Ll acu 1 h, Ta med 1h
[2026-09-24 07:40:24] 244: 3/4 variables -> HRa med 1h, Ll acu 1 h, Ta med 1h
[2026-09-24 07:40:24] 245: 3/4 variables -> HRa med 1h, Ll acu 1 h, Ta med 1h
[2026-09-24 07:40:25] 246: SIN DATOS EN EL ÚLTIMO DÍA
[2026-09-24 07:40:25] 247: 3/4 variables -> HRa med 1h, Ll acu 1 h, Ta med 1h
[2026-09-24 07:40:26] 215: histórico actualizado -> 44 filas
[2026-09-24 07:40:26] 216: histórico actualizado -> 35 filas
[2026-09-24 07:40:26] 217: histórico actualizado -> 46 filas
[2026-09-24 07:40:26] 218: histórico actualizado -> 46 filas
[2026-09-24 07:40:26] 220: histórico actualizado -> 44 filas
[2026-09-24 07:40:26] 221: histórico actualizado -> 90 filas
[2026-09-24 07:40:26] 223: histórico actualizado -> 89 filas
[2026-09-24 07:40:26] 225: histórico actualizado -> 89 filas
[2026-09-24 07:40:26] 226: histórico actualizado -> 89 filas
[2026-09-24 07:40:26] 227: histórico actualizado -> 90 filas
[2026-09-24 07:40:26] 228: histórico actualizado -> 89 filas
[2026-09-24 07:40:26] 229: histórico actualizado -> 89 filas
[2026-09-24 07:40:26] 231: histórico actualizado -> 88 filas
[2026-09-24 07:40:26] 232: histórico actualizado -> 89 filas
[2026-09-24 07:40:26] 234: histórico actualizado -> 89 filas
[2026-09-24 07:40:26] 235: histórico actualizado -> 77 filas
[2026-09-24 07:40:26] 236: histórico actualizado -> 89 filas
[2026-09-24 07:40:26] 238: histórico actualizado -> 90 filas
[2026-09-24 07:40:26] 240: histórico actualizado -> 81 filas
[2026-09-24 07:40:26] 241: histórico actualizado -> 69 filas
[2026-09-24 07:40:26] 242: histórico actualizado -> 86 filas
[2026-09-24 07:40:27] 243: histórico actualizado -> 89 filas
[2026-09-24 07:40:27] 244: histórico actualizado -> 55 filas
[2026-09-24 07:40:27] 245: histórico actualizado -> 69 filas
[2026-09-24 07:40:27] 247: histórico actualizado -> 89 filas
[2026-09-24 07:40:27] Catálogo actualizado: 32 estaciones
[2026-09-24 07:40:27] FIN DEL PROCESO - 21.7 segundos
[2026-09-24 08:40:05] INICIO DEL PROCESO
[2026-09-24 08:40:05] Abriendo página de login...
[2026-09-24 08:40:06] Realizando login...
[2026-09-24 08:40:06] LOGIN OK -> https://polaris.adrtecnology.com/gis/map
[2026-09-24 08:40:06] Estaciones conservadas del catálogo histórico: 32
[2026-09-24 08:40:07] Estaciones obtenidas desde viewer: 20
[2026-09-24 08:40:08] Estaciones obtenidas directamente desde GIS: 32
[2026-09-24 08:40:08] 200: SIN DATOS EN EL ÚLTIMO DÍA
[2026-09-24 08:40:09] 215: 1/4 variables -> Ll acu 1 h
[2026-09-24 08:40:10] 216: 3/4 variables -> HRa med 1h, Ll acu 1 h, Ta med 1h
[2026-09-24 08:40:10] 217: 3/4 variables -> HRa med 1h, Ll acu 1 h, Ta med 1h
[2026-09-24 08:40:11] 218: 2/4 variables -> Ll acu 1 h, Ta med 1h
[2026-09-24 08:40:11] 220: 1/4 variables -> PP Acc (1h)
[2026-09-24 08:40:12] 221: 3/4 variables -> HRa med 1h, Ll acu 1 h, Ta med 1h
[2026-09-24 08:40:12] 223: 3/4 variables -> HRa med 1h, Ll acu 1 h, Ta med 1h
[2026-09-24 08:40:13] 224: SIN DATOS EN EL ÚLTIMO DÍA
[2026-09-24 08:40:13] 225: 3/4 variables -> HRa med 1h, Ll acu 1 h, Ta med 1h
[2026-09-24 08:40:14] 226: 3/4 variables -> HRa med 1h, Ll acu 1 h, Ta med 1h
[2026-09-24 08:40:14] 227: 3/4 variables -> HRa med 1h, Ll acu 1 h, Ta med 1h
[2026-09-24 08:40:15] 228: 3/4 variables -> HRa med 1h, Ll acu 1 h, Ta med 1h
[2026-09-24 08:40:15] 229: 3/4 variables -> HRa med 1h, Ll acu 1 h, Ta med 1h
[2026-09-24 08:40:16] 230: SIN DATOS EN EL ÚLTIMO DÍA
[2026-09-24 08:40:17] 231: 3/4 variables -> HRa med 1h, Ll acu 1 h, Ta med 1h
[2026-09-24 08:40:17] 232: 3/4 variables -> HRa med 1h, Ll acu 1 h, Ta med 1h
[2026-09-24 08:40:18] 233: SIN DATOS EN EL ÚLTIMO DÍA
[2026-09-24 08:40:18] 234: 3/4 variables -> HRa med 1h, Ll acu 1 h, Ta med 1h
[2026-09-24 08:40:19] 235: 3/4 variables -> HRa med 1h, Ll acu 1 h, Ta med 1h
[2026-09-24 08:40:19] 236: 3/4 variables -> HRa med 1h, Ll acu 1 h, Ta med 1h
[2026-09-24 08:40:20] 237: SIN DATOS EN EL ÚLTIMO DÍA
[2026-09-24 08:40:20] 238: 3/4 variables -> HRa med 1h, Ll acu 1 h, Ta med 1h
[2026-09-24 08:40:21] 239: SIN DATOS EN EL ÚLTIMO DÍA
[2026-09-24 08:40:22] 240: 3/4 variables -> HRa med 1h, Ll acu 1 h, Ta med 1h
[2026-09-24 08:40:22] 241: 3/4 variables -> HRa med 1h, Ll acu 1 h, Ta med 1h
[2026-09-24 08:40:23] 242: 3/4 variables -> HRa med 1h, Ll acu 1 h, Ta med 1h
[2026-09-24 08:40:23] 243: 3/4 variables -> HRa med 1h, Ll acu 1 h, Ta med 1h
[2026-09-24 08:40:24] 244: 3/4 variables -> HRa med 1h, Ll acu 1 h, Ta med 1h
[2026-09-24 08:40:24] 245: 3/4 variables -> HRa med 1h, Ll acu 1 h, Ta med 1h
[2026-09-24 08:40:25] 246: SIN DATOS EN EL ÚLTIMO DÍA
[2026-09-24 08:40:25] 247: 3/4 variables -> HRa med 1h, Ll acu 1 h, Ta med 1h
[2026-09-24 08:40:26] 215: histórico actualizado -> 45 filas
[2026-09-24 08:40:26] 216: histórico actualizado -> 36 filas
[2026-09-24 08:40:26] 217: histórico actualizado -> 47 filas
[2026-09-24 08:40:26] 218: histórico actualizado -> 47 filas
[2026-09-24 08:40:26] 220: histórico actualizado -> 45 filas
[2026-09-24 08:40:26] 221: histórico actualizado -> 92 filas
[2026-09-24 08:40:26] 223: histórico actualizado -> 91 filas
[2026-09-24 08:40:26] 225: histórico actualizado -> 91 filas
[2026-09-24 08:40:26] 226: histórico actualizado -> 91 filas
[2026-09-24 08:40:26] 227: histórico actualizado -> 92 filas
[2026-09-24 08:40:26] 228: histórico actualizado -> 91 filas
[2026-09-24 08:40:26] 229: histórico actualizado -> 91 filas
[2026-09-24 08:40:26] 231: histórico actualizado -> 90 filas
[2026-09-24 08:40:26] 232: histórico actualizado -> 91 filas
[2026-09-24 08:40:26] 234: histórico actualizado -> 91 filas
[2026-09-24 08:40:26] 235: histórico actualizado -> 79 filas
[2026-09-24 08:40:26] 236: histórico actualizado -> 91 filas
[2026-09-24 08:40:26] 238: histórico actualizado -> 92 filas
[2026-09-24 08:40:26] 240: histórico actualizado -> 83 filas
[2026-09-24 08:40:26] 241: histórico actualizado -> 71 filas
[2026-09-24 08:40:27] 242: histórico actualizado -> 88 filas
[2026-09-24 08:40:27] 243: histórico actualizado -> 91 filas
[2026-09-24 08:40:27] 244: histórico actualizado -> 55 filas
[2026-09-24 08:40:27] 245: histórico actualizado -> 71 filas
[2026-09-24 08:40:27] 247: histórico actualizado -> 91 filas
[2026-09-24 08:40:27] Catálogo actualizado: 32 estaciones
[2026-09-24 08:40:27] FIN DEL PROCESO - 21.4 segundos
[2026-09-24 09:40:06] INICIO DEL PROCESO
[2026-09-24 09:40:06] Abriendo página de login...
[2026-09-24 09:40:06] Realizando login...
[2026-09-24 09:40:06] LOGIN OK -> https://polaris.adrtecnology.com/gis/map
[2026-09-24 09:40:06] Estaciones conservadas del catálogo histórico: 32
[2026-09-24 09:40:07] Estaciones obtenidas desde viewer: 20
[2026-09-24 09:40:09] Estaciones obtenidas directamente desde GIS: 32
[2026-09-24 09:40:09] 200: SIN DATOS EN EL ÚLTIMO DÍA
[2026-09-24 09:40:09] 215: 1/4 variables -> Ll acu 1 h
[2026-09-24 09:40:10] 216: 3/4 variables -> HRa med 1h, Ll acu 1 h, Ta med 1h
[2026-09-24 09:40:10] 217: 3/4 variables -> HRa med 1h, Ll acu 1 h, Ta med 1h
[2026-09-24 09:40:11] 218: 2/4 variables -> Ll acu 1 h, Ta med 1h
[2026-09-24 09:40:12] 220: 1/4 variables -> PP Acc (1h)
[2026-09-24 09:40:12] 221: 3/4 variables -> HRa med 1h, Ll acu 1 h, Ta med 1h
[2026-09-24 09:40:13] 223: 3/4 variables -> HRa med 1h, Ll acu 1 h, Ta med 1h
[2026-09-24 09:40:13] 224: SIN DATOS EN EL ÚLTIMO DÍA
[2026-09-24 09:40:14] 225: 3/4 variables -> HRa med 1h, Ll acu 1 h, Ta med 1h
[2026-09-24 09:40:14] 226: 3/4 variables -> HRa med 1h, Ll acu 1 h, Ta med 1h
[2026-09-24 09:40:15] 227: 3/4 variables -> HRa med 1h, Ll acu 1 h, Ta med 1h
[2026-09-24 09:40:15] 228: 3/4 variables -> HRa med 1h, Ll acu 1 h, Ta med 1h
[2026-09-24 09:40:16] 229: 3/4 variables -> HRa med 1h, Ll acu 1 h, Ta med 1h
[2026-09-24 09:40:16] 230: SIN DATOS EN EL ÚLTIMO DÍA
[2026-09-24 09:40:17] 231: 3/4 variables -> HRa med 1h, Ll acu 1 h, Ta med 1h
[2026-09-24 09:40:18] 232: 3/4 variables -> HRa med 1h, Ll acu 1 h, Ta med 1h
[2026-09-24 09:40:18] 233: SIN DATOS EN EL ÚLTIMO DÍA
[2026-09-24 09:40:19] 234: 3/4 variables -> HRa med 1h, Ll acu 1 h, Ta med 1h
[2026-09-24 09:40:19] 235: 3/4 variables -> HRa med 1h, Ll acu 1 h, Ta med 1h
[2026-09-24 09:40:20] 236: 3/4 variables -> HRa med 1h, Ll acu 1 h, Ta med 1h
[2026-09-24 09:40:20] 237: SIN DATOS EN EL ÚLTIMO DÍA
[2026-09-24 09:40:21] 238: 3/4 variables -> HRa med 1h, Ll acu 1 h, Ta med 1h
[2026-09-24 09:40:21] 239: SIN DATOS EN EL ÚLTIMO DÍA
[2026-09-24 09:40:22] 240: 3/4 variables -> HRa med 1h, Ll acu 1 h, Ta med 1h
[2026-09-24 09:40:22] 241: 3/4 variables -> HRa med 1h, Ll acu 1 h, Ta med 1h
[2026-09-24 09:40:23] 242: 3/4 variables -> HRa med 1h, Ll acu 1 h, Ta med 1h
[2026-09-24 09:40:23] 243: 3/4 variables -> HRa med 1h, Ll acu 1 h, Ta med 1h
[2026-09-24 09:40:24] 244: 3/4 variables -> HRa med 1h, Ll acu 1 h, Ta med 1h
[2026-09-24 09:40:24] 245: 3/4 variables -> HRa med 1h, Ll acu 1 h, Ta med 1h
[2026-09-24 09:40:25] 246: SIN DATOS EN EL ÚLTIMO DÍA
[2026-09-24 09:40:26] 247: 3/4 variables -> HRa med 1h, Ll acu 1 h, Ta med 1h
[2026-09-24 09:40:26] 215: histórico actualizado -> 46 filas
[2026-09-24 09:40:26] 216: histórico actualizado -> 37 filas
[2026-09-24 09:40:26] 217: histórico actualizado -> 48 filas
[2026-09-24 09:40:26] 218: histórico actualizado -> 48 filas
[2026-09-24 09:40:26] 220: histórico actualizado -> 46 filas
[2026-09-24 09:40:26] 221: histórico actualizado -> 94 filas
[2026-09-24 09:40:26] 223: histórico actualizado -> 93 filas
[2026-09-24 09:40:26] 225: histórico actualizado -> 93 filas
[2026-09-24 09:40:26] 226: histórico actualizado -> 93 filas
[2026-09-24 09:40:26] 227: histórico actualizado -> 94 filas
[2026-09-24 09:40:26] 228: histórico actualizado -> 93 filas
[2026-09-24 09:40:26] 229: histórico actualizado -> 93 filas
[2026-09-24 09:40:26] 231: histórico actualizado -> 92 filas
[2026-09-24 09:40:26] 232: histórico actualizado -> 93 filas
[2026-09-24 09:40:26] 234: histórico actualizado -> 93 filas
[2026-09-24 09:40:26] 235: histórico actualizado -> 81 filas
[2026-09-24 09:40:26] 236: histórico actualizado -> 93 filas
[2026-09-24 09:40:26] 238: histórico actualizado -> 94 filas
[2026-09-24 09:40:26] 240: histórico actualizado -> 85 filas
[2026-09-24 09:40:27] 241: histórico actualizado -> 72 filas
[2026-09-24 09:40:27] 242: histórico actualizado -> 90 filas
[2026-09-24 09:40:27] 243: histórico actualizado -> 93 filas
[2026-09-24 09:40:27] 244: histórico actualizado -> 55 filas
[2026-09-24 09:40:27] 245: histórico actualizado -> 73 filas
[2026-09-24 09:40:27] 247: histórico actualizado -> 93 filas
[2026-09-24 09:40:27] Catálogo actualizado: 32 estaciones
[2026-09-24 09:40:27] FIN DEL PROCESO - 21.2 segundos
[2026-09-24 10:40:04] INICIO DEL PROCESO
[2026-09-24 10:40:04] Abriendo página de login...
[2026-09-24 10:40:11] Realizando login...
[2026-09-24 10:40:11] LOGIN OK -> https://polaris.adrtecnology.com/gis/map
[2026-09-24 10:40:11] Estaciones conservadas del catálogo histórico: 32
[2026-09-24 10:40:11] Estaciones obtenidas desde viewer: 20
[2026-09-24 10:40:13] Estaciones obtenidas directamente desde GIS: 32
[2026-09-24 10:40:13] 200: SIN DATOS EN EL ÚLTIMO DÍA
[2026-09-24 10:40:14] 215: 1/4 variables -> Ll acu 1 h
[2026-09-24 10:40:14] 216: 3/4 variables -> HRa med 1h, Ll acu 1 h, Ta med 1h
[2026-09-24 10:40:15] 217: 3/4 variables -> HRa med 1h, Ll acu 1 h, Ta med 1h
[2026-09-24 10:40:15] 218: 2/4 variables -> Ll acu 1 h, Ta med 1h
[2026-09-24 10:40:16] 220: 1/4 variables -> PP Acc (1h)
[2026-09-24 10:40:16] 221: 3/4 variables -> HRa med 1h, Ll acu 1 h, Ta med 1h
[2026-09-24 10:40:17] 223: 3/4 variables -> HRa med 1h, Ll acu 1 h, Ta med 1h
[2026-09-24 10:40:17] 224: SIN DATOS EN EL ÚLTIMO DÍA
[2026-09-24 10:40:18] 225: 3/4 variables -> HRa med 1h, Ll acu 1 h, Ta med 1h
[2026-09-24 10:40:18] 226: 3/4 variables -> HRa med 1h, Ll acu 1 h, Ta med 1h
[2026-09-24 10:40:19] 227: 3/4 variables -> HRa med 1h, Ll acu 1 h, Ta med 1h
[2026-09-24 10:40:19] 228: 3/4 variables -> HRa med 1h, Ll acu 1 h, Ta med 1h
[2026-09-24 10:40:20] 229: 3/4 variables -> HRa med 1h, Ll acu 1 h, Ta med 1h
[2026-09-24 10:40:21] 230: SIN DATOS EN EL ÚLTIMO DÍA
[2026-09-24 10:40:21] 231: 3/4 variables -> HRa med 1h, Ll acu 1 h, Ta med 1h
[2026-09-24 10:40:22] 232: 3/4 variables -> HRa med 1h, Ll acu 1 h, Ta med 1h
[2026-09-24 10:40:22] 233: SIN DATOS EN EL ÚLTIMO DÍA
[2026-09-24 10:40:23] 234: 3/4 variables -> HRa med 1h, Ll acu 1 h, Ta med 1h
[2026-09-24 10:40:23] 235: 3/4 variables -> HRa med 1h, Ll acu 1 h, Ta med 1h
[2026-09-24 10:40:24] 236: 3/4 variables -> HRa med 1h, Ll acu 1 h, Ta med 1h
[2026-09-24 10:40:24] 237: SIN DATOS EN EL ÚLTIMO DÍA
[2026-09-24 10:40:25] 238: 3/4 variables -> HRa med 1h, Ll acu 1 h, Ta med 1h
[2026-09-24 10:40:26] 239: SIN DATOS EN EL ÚLTIMO DÍA
[2026-09-24 10:40:27] 240: 3/4 variables -> HRa med 1h, Ll acu 1 h, Ta med 1h
[2026-09-24 10:40:27] 241: 3/4 variables -> HRa med 1h, Ll acu 1 h, Ta med 1h
[2026-09-24 10:40:28] 242: 3/4 variables -> HRa med 1h, Ll acu 1 h, Ta med 1h
[2026-09-24 10:40:28] 243: 3/4 variables -> HRa med 1h, Ll acu 1 h, Ta med 1h
[2026-09-24 10:40:29] 244: 3/4 variables -> HRa med 1h, Ll acu 1 h, Ta med 1h
[2026-09-24 10:40:29] 245: 3/4 variables -> HRa med 1h, Ll acu 1 h, Ta med 1h
[2026-09-24 10:40:30] 246: 3/4 variables -> HRa med 1h, Ll acu 1 h, Ta med 1h
[2026-09-24 10:40:33] 247: 3/4 variables -> HRa med 1h, Ll acu 1 h, Ta med 1h
[2026-09-24 10:40:33] 215: histórico actualizado -> 47 filas
[2026-09-24 10:40:33] 216: histórico actualizado -> 38 filas
[2026-09-24 10:40:33] 217: histórico actualizado -> 49 filas
[2026-09-24 10:40:33] 218: histórico actualizado -> 49 filas
[2026-09-24 10:40:34] 220: histórico actualizado -> 47 filas
[2026-09-24 10:40:34] 221: histórico actualizado -> 96 filas
[2026-09-24 10:40:34] 223: histórico actualizado -> 95 filas
[2026-09-24 10:40:34] 225: histórico actualizado -> 95 filas
[2026-09-24 10:40:34] 226: histórico actualizado -> 95 filas
[2026-09-24 10:40:34] 227: histórico actualizado -> 96 filas
[2026-09-24 10:40:34] 228: histórico actualizado -> 95 filas
[2026-09-24 10:40:34] 229: histórico actualizado -> 95 filas
[2026-09-24 10:40:34] 231: histórico actualizado -> 94 filas
[2026-09-24 10:40:34] 232: histórico actualizado -> 95 filas
[2026-09-24 10:40:34] 234: histórico actualizado -> 95 filas
[2026-09-24 10:40:34] 235: histórico actualizado -> 83 filas
[2026-09-24 10:40:34] 236: histórico actualizado -> 95 filas
[2026-09-24 10:40:34] 238: histórico actualizado -> 96 filas
[2026-09-24 10:40:34] 240: histórico actualizado -> 87 filas
[2026-09-24 10:40:34] 241: histórico actualizado -> 72 filas
[2026-09-24 10:40:34] 242: histórico actualizado -> 92 filas
[2026-09-24 10:40:34] 243: histórico actualizado -> 95 filas
[2026-09-24 10:40:34] 244: histórico actualizado -> 55 filas
[2026-09-24 10:40:34] 245: histórico actualizado -> 74 filas
[2026-09-24 10:40:34] 246: histórico actualizado -> 2 filas
[2026-09-24 10:40:34] 247: histórico actualizado -> 95 filas
[2026-09-24 10:40:34] Catálogo actualizado: 32 estaciones
[2026-09-24 10:40:34] FIN DEL PROCESO - 30.3 segundos
[2026-09-24 11:40:04] INICIO DEL PROCESO
[2026-09-24 11:40:04] Abriendo página de login...
[2026-09-24 11:40:05] Realizando login...
[2026-09-24 11:40:05] LOGIN OK -> https://polaris.adrtecnology.com/gis/map
[2026-09-24 11:40:05] Estaciones conservadas del catálogo histórico: 32
[2026-09-24 11:40:06] Estaciones obtenidas desde viewer: 20
[2026-09-24 11:40:08] Estaciones obtenidas directamente desde GIS: 32
[2026-09-24 11:40:08] 200: SIN DATOS EN EL ÚLTIMO DÍA
[2026-09-24 11:40:09] 215: 1/4 variables -> Ll acu 1 h
[2026-09-24 11:40:10] 216: 3/4 variables -> HRa med 1h, Ll acu 1 h, Ta med 1h
[2026-09-24 11:40:10] 217: 3/4 variables -> HRa med 1h, Ll acu 1 h, Ta med 1h
[2026-09-24 11:40:11] 218: 2/4 variables -> Ll acu 1 h, Ta med 1h
[2026-09-24 11:40:11] 220: 1/4 variables -> PP Acc (1h)
[2026-09-24 11:40:12] 221: 3/4 variables -> HRa med 1h, Ll acu 1 h, Ta med 1h
[2026-09-24 11:40:12] 223: 3/4 variables -> HRa med 1h, Ll acu 1 h, Ta med 1h
[2026-09-24 11:40:13] 224: SIN DATOS EN EL ÚLTIMO DÍA
[2026-09-24 11:40:13] 225: 3/4 variables -> HRa med 1h, Ll acu 1 h, Ta med 1h
[2026-09-24 11:40:14] 226: 3/4 variables -> HRa med 1h, Ll acu 1 h, Ta med 1h
[2026-09-24 11:40:14] 227: 3/4 variables -> HRa med 1h, Ll acu 1 h, Ta med 1h
[2026-09-24 11:40:15] 228: 3/4 variables -> HRa med 1h, Ll acu 1 h, Ta med 1h
[2026-09-24 11:40:16] 229: 3/4 variables -> HRa med 1h, Ll acu 1 h, Ta med 1h
[2026-09-24 11:40:16] 230: SIN DATOS EN EL ÚLTIMO DÍA
[2026-09-24 11:40:17] 231: 3/4 variables -> HRa med 1h, Ll acu 1 h, Ta med 1h
[2026-09-24 11:40:17] 232: 3/4 variables -> HRa med 1h, Ll acu 1 h, Ta med 1h
[2026-09-24 11:40:18] 233: SIN DATOS EN EL ÚLTIMO DÍA
[2026-09-24 11:40:18] 234: 3/4 variables -> HRa med 1h, Ll acu 1 h, Ta med 1h
[2026-09-24 11:40:19] 235: 3/4 variables -> HRa med 1h, Ll acu 1 h, Ta med 1h
[2026-09-24 11:40:19] 236: 3/4 variables -> HRa med 1h, Ll acu 1 h, Ta med 1h
[2026-09-24 11:40:20] 237: SIN DATOS EN EL ÚLTIMO DÍA
[2026-09-24 11:40:20] 238: 3/4 variables -> HRa med 1h, Ll acu 1 h, Ta med 1h
[2026-09-24 11:40:21] 239: SIN DATOS EN EL ÚLTIMO DÍA
[2026-09-24 11:40:21] 240: 3/4 variables -> HRa med 1h, Ll acu 1 h, Ta med 1h
[2026-09-24 11:40:22] 241: 3/4 variables -> HRa med 1h, Ll acu 1 h, Ta med 1h
[2026-09-24 11:40:23] 242: 3/4 variables -> HRa med 1h, Ll acu 1 h, Ta med 1h
[2026-09-24 11:40:23] 243: 3/4 variables -> HRa med 1h, Ll acu 1 h, Ta med 1h
[2026-09-24 11:40:24] 244: 3/4 variables -> HRa med 1h, Ll acu 1 h, Ta med 1h
[2026-09-24 11:40:24] 245: 3/4 variables -> HRa med 1h, Ll acu 1 h, Ta med 1h
[2026-09-24 11:40:25] 246: 3/4 variables -> HRa med 1h, Ll acu 1 h, Ta med 1h
[2026-09-24 11:40:25] 247: 3/4 variables -> HRa med 1h, Ll acu 1 h, Ta med 1h
[2026-09-24 11:40:25] 215: histórico actualizado -> 48 filas
[2026-09-24 11:40:26] 216: histórico actualizado -> 39 filas
[2026-09-24 11:40:26] 217: histórico actualizado -> 50 filas
[2026-09-24 11:40:26] 218: histórico actualizado -> 50 filas
[2026-09-24 11:40:26] 220: histórico actualizado -> 48 filas
[2026-09-24 11:40:26] 221: histórico actualizado -> 98 filas
[2026-09-24 11:40:26] 223: histórico actualizado -> 97 filas
[2026-09-24 11:40:26] 225: histórico actualizado -> 97 filas
[2026-09-24 11:40:26] 226: histórico actualizado -> 97 filas
[2026-09-24 11:40:26] 227: histórico actualizado -> 98 filas
[2026-09-24 11:40:26] 228: histórico actualizado -> 97 filas
[2026-09-24 11:40:26] 229: histórico actualizado -> 97 filas
[2026-09-24 11:40:26] 231: histórico actualizado -> 96 filas
[2026-09-24 11:40:26] 232: histórico actualizado -> 97 filas
[2026-09-24 11:40:26] 234: histórico actualizado -> 97 filas
[2026-09-24 11:40:26] 235: histórico actualizado -> 85 filas
[2026-09-24 11:40:26] 236: histórico actualizado -> 97 filas
[2026-09-24 11:40:26] 238: histórico actualizado -> 98 filas
[2026-09-24 11:40:26] 240: histórico actualizado -> 89 filas
[2026-09-24 11:40:26] 241: histórico actualizado -> 72 filas
[2026-09-24 11:40:26] 242: histórico actualizado -> 94 filas
[2026-09-24 11:40:26] 243: histórico actualizado -> 97 filas
[2026-09-24 11:40:26] 244: histórico actualizado -> 55 filas
[2026-09-24 11:40:26] 245: histórico actualizado -> 74 filas
[2026-09-24 11:40:26] 246: histórico actualizado -> 4 filas
[2026-09-24 11:40:26] 247: histórico actualizado -> 97 filas
[2026-09-24 11:40:26] Catálogo actualizado: 32 estaciones
[2026-09-24 11:40:26] FIN DEL PROCESO - 22.1 segundos
[2026-09-24 12:40:04] INICIO DEL PROCESO
[2026-09-24 12:40:04] Abriendo página de login...
[2026-09-24 12:40:05] Realizando login...
[2026-09-24 12:40:05] LOGIN OK -> https://polaris.adrtecnology.com/gis/map
[2026-09-24 12:40:05] Estaciones conservadas del catálogo histórico: 32
[2026-09-24 12:40:05] Estaciones obtenidas desde viewer: 20
[2026-09-24 12:40:07] Estaciones obtenidas directamente desde GIS: 32
[2026-09-24 12:40:08] 200: SIN DATOS EN EL ÚLTIMO DÍA
[2026-09-24 12:40:08] 215: 1/4 variables -> Ll acu 1 h
[2026-09-24 12:40:09] 216: 3/4 variables -> HRa med 1h, Ll acu 1 h, Ta med 1h
[2026-09-24 12:40:09] 217: 3/4 variables -> HRa med 1h, Ll acu 1 h, Ta med 1h
[2026-09-24 12:40:10] 218: 2/4 variables -> Ll acu 1 h, Ta med 1h
[2026-09-24 12:40:10] 220: 1/4 variables -> PP Acc (1h)
[2026-09-24 12:40:11] 221: 3/4 variables -> HRa med 1h, Ll acu 1 h, Ta med 1h
[2026-09-24 12:40:11] 223: 3/4 variables -> HRa med 1h, Ll acu 1 h, Ta med 1h
[2026-09-24 12:40:12] 224: SIN DATOS EN EL ÚLTIMO DÍA
[2026-09-24 12:40:12] 225: 3/4 variables -> HRa med 1h, Ll acu 1 h, Ta med 1h
[2026-09-24 12:40:13] 226: 3/4 variables -> HRa med 1h, Ll acu 1 h, Ta med 1h
[2026-09-24 12:40:13] 227: 3/4 variables -> HRa med 1h, Ll acu 1 h, Ta med 1h
[2026-09-24 12:40:14] 228: 3/4 variables -> HRa med 1h, Ll acu 1 h, Ta med 1h
[2026-09-24 12:40:15] 229: 3/4 variables -> HRa med 1h, Ll acu 1 h, Ta med 1h
[2026-09-24 12:40:15] 230: SIN DATOS EN EL ÚLTIMO DÍA
[2026-09-24 12:40:16] 231: 3/4 variables -> HRa med 1h, Ll acu 1 h, Ta med 1h
[2026-09-24 12:40:16] 232: 3/4 variables -> HRa med 1h, Ll acu 1 h, Ta med 1h
[2026-09-24 12:40:17] 233: SIN DATOS EN EL ÚLTIMO DÍA
[2026-09-24 12:40:17] 234: 3/4 variables -> HRa med 1h, Ll acu 1 h, Ta med 1h
[2026-09-24 12:40:18] 235: 3/4 variables -> HRa med 1h, Ll acu 1 h, Ta med 1h
[2026-09-24 12:40:18] 236: 3/4 variables -> HRa med 1h, Ll acu 1 h, Ta med 1h
[2026-09-24 12:40:19] 237: SIN DATOS EN EL ÚLTIMO DÍA
[2026-09-24 12:40:19] 238: 3/4 variables -> HRa med 1h, Ll acu 1 h, Ta med 1h
[2026-09-24 12:40:20] 239: SIN DATOS EN EL ÚLTIMO DÍA
[2026-09-24 12:40:20] 240: 3/4 variables -> HRa med 1h, Ll acu 1 h, Ta med 1h
[2026-09-24 12:40:21] 241: 3/4 variables -> HRa med 1h, Ll acu 1 h, Ta med 1h
[2026-09-24 12:40:22] 242: 3/4 variables -> HRa med 1h, Ll acu 1 h, Ta med 1h
[2026-09-24 12:40:22] 243: 3/4 variables -> HRa med 1h, Ll acu 1 h, Ta med 1h
[2026-09-24 12:40:23] 244: 3/4 variables -> HRa med 1h, Ll acu 1 h, Ta med 1h
[2026-09-24 12:40:23] 245: 3/4 variables -> HRa med 1h, Ll acu 1 h, Ta med 1h
[2026-09-24 12:40:24] 246: 3/4 variables -> HRa med 1h, Ll acu 1 h, Ta med 1h
[2026-09-24 12:40:24] 247: 3/4 variables -> HRa med 1h, Ll acu 1 h, Ta med 1h
[2026-09-24 12:40:25] 215: histórico actualizado -> 49 filas
[2026-09-24 12:40:25] 216: histórico actualizado -> 40 filas
[2026-09-24 12:40:25] 217: histórico actualizado -> 51 filas
[2026-09-24 12:40:25] 218: histórico actualizado -> 51 filas
[2026-09-24 12:40:25] 220: histórico actualizado -> 49 filas
[2026-09-24 12:40:25] 221: histórico actualizado -> 100 filas
[2026-09-24 12:40:25] 223: histórico actualizado -> 99 filas
[2026-09-24 12:40:25] 225: histórico actualizado -> 99 filas
[2026-09-24 12:40:25] 226: histórico actualizado -> 99 filas
[2026-09-24 12:40:25] 227: histórico actualizado -> 100 filas
[2026-09-24 12:40:25] 228: histórico actualizado -> 99 filas
[2026-09-24 12:40:25] 229: histórico actualizado -> 99 filas
[2026-09-24 12:40:25] 231: histórico actualizado -> 98 filas
[2026-09-24 12:40:25] 232: histórico actualizado -> 99 filas
[2026-09-24 12:40:25] 234: histórico actualizado -> 99 filas
[2026-09-24 12:40:25] 235: histórico actualizado -> 87 filas
[2026-09-24 12:40:25] 236: histórico actualizado -> 99 filas
[2026-09-24 12:40:25] 238: histórico actualizado -> 100 filas
[2026-09-24 12:40:25] 240: histórico actualizado -> 91 filas
[2026-09-24 12:40:25] 241: histórico actualizado -> 72 filas
[2026-09-24 12:40:25] 242: histórico actualizado -> 96 filas
[2026-09-24 12:40:25] 243: histórico actualizado -> 99 filas
[2026-09-24 12:40:25] 244: histórico actualizado -> 55 filas
[2026-09-24 12:40:25] 245: histórico actualizado -> 76 filas
[2026-09-24 12:40:25] 246: histórico actualizado -> 6 filas
[2026-09-24 12:40:25] 247: histórico actualizado -> 99 filas
[2026-09-24 12:40:25] Catálogo actualizado: 32 estaciones
[2026-09-24 12:40:26] FIN DEL PROCESO - 21.4 segundos
[2026-09-24 13:40:05] INICIO DEL PROCESO
[2026-09-24 13:40:05] Abriendo página de login...
[2026-09-24 13:40:06] Realizando login...
[2026-09-24 13:40:06] LOGIN OK -> https://polaris.adrtecnology.com/gis/map
[2026-09-24 13:40:06] Estaciones conservadas del catálogo histórico: 32
[2026-09-24 13:40:06] Estaciones obtenidas desde viewer: 20
[2026-09-24 13:40:08] Estaciones obtenidas directamente desde GIS: 32
[2026-09-24 13:40:08] 200: SIN DATOS EN EL ÚLTIMO DÍA
[2026-09-24 13:40:09] 215: 1/4 variables -> Ll acu 1 h
[2026-09-24 13:40:09] 216: 3/4 variables -> HRa med 1h, Ll acu 1 h, Ta med 1h
[2026-09-24 13:40:10] 217: 3/4 variables -> HRa med 1h, Ll acu 1 h, Ta med 1h
[2026-09-24 13:40:10] 218: 2/4 variables -> Ll acu 1 h, Ta med 1h
[2026-09-24 13:40:11] 220: 1/4 variables -> PP Acc (1h)
[2026-09-24 13:40:11] 221: 3/4 variables -> HRa med 1h, Ll acu 1 h, Ta med 1h
[2026-09-24 13:40:12] 223: 3/4 variables -> HRa med 1h, Ll acu 1 h, Ta med 1h
[2026-09-24 13:40:12] 224: SIN DATOS EN EL ÚLTIMO DÍA
[2026-09-24 13:40:13] 225: 3/4 variables -> HRa med 1h, Ll acu 1 h, Ta med 1h
[2026-09-24 13:40:13] 226: 3/4 variables -> HRa med 1h, Ll acu 1 h, Ta med 1h
[2026-09-24 13:40:14] 227: 3/4 variables -> HRa med 1h, Ll acu 1 h, Ta med 1h
[2026-09-24 13:40:15] 228: 3/4 variables -> HRa med 1h, Ll acu 1 h, Ta med 1h
[2026-09-24 13:40:15] 229: 3/4 variables -> HRa med 1h, Ll acu 1 h, Ta med 1h
[2026-09-24 13:40:16] 230: SIN DATOS EN EL ÚLTIMO DÍA
[2026-09-24 13:40:16] 231: 3/4 variables -> HRa med 1h, Ll acu 1 h, Ta med 1h
[2026-09-24 13:40:17] 232: 3/4 variables -> HRa med 1h, Ll acu 1 h, Ta med 1h
[2026-09-24 13:40:17] 233: SIN DATOS EN EL ÚLTIMO DÍA
[2026-09-24 13:40:18] 234: 3/4 variables -> HRa med 1h, Ll acu 1 h, Ta med 1h
[2026-09-24 13:40:18] 235: 3/4 variables -> HRa med 1h, Ll acu 1 h, Ta med 1h
[2026-09-24 13:40:19] 236: 3/4 variables -> HRa med 1h, Ll acu 1 h, Ta med 1h
[2026-09-24 13:40:19] 237: SIN DATOS EN EL ÚLTIMO DÍA
[2026-09-24 13:40:20] 238: 3/4 variables -> HRa med 1h, Ll acu 1 h, Ta med 1h
[2026-09-24 13:40:20] 239: SIN DATOS EN EL ÚLTIMO DÍA
[2026-09-24 13:40:21] 240: 3/4 variables -> HRa med 1h, Ll acu 1 h, Ta med 1h
[2026-09-24 13:40:22] 241: 3/4 variables -> HRa med 1h, Ll acu 1 h, Ta med 1h
[2026-09-24 13:40:22] 242: 3/4 variables -> HRa med 1h, Ll acu 1 h, Ta med 1h
[2026-09-24 13:40:23] 243: 3/4 variables -> HRa med 1h, Ll acu 1 h, Ta med 1h
[2026-09-24 13:40:23] 244: 3/4 variables -> HRa med 1h, Ll acu 1 h, Ta med 1h
[2026-09-24 13:40:24] 245: 3/4 variables -> HRa med 1h, Ll acu 1 h, Ta med 1h
[2026-09-24 13:40:24] 246: 3/4 variables -> HRa med 1h, Ll acu 1 h, Ta med 1h
[2026-09-24 13:40:25] 247: 3/4 variables -> HRa med 1h, Ll acu 1 h, Ta med 1h
[2026-09-24 13:40:25] 215: histórico actualizado -> 50 filas
[2026-09-24 13:40:25] 216: histórico actualizado -> 41 filas
[2026-09-24 13:40:25] 217: histórico actualizado -> 52 filas
[2026-09-24 13:40:25] 218: histórico actualizado -> 52 filas
[2026-09-24 13:40:25] 220: histórico actualizado -> 50 filas
[2026-09-24 13:40:25] 221: histórico actualizado -> 102 filas
[2026-09-24 13:40:25] 223: histórico actualizado -> 101 filas
[2026-09-24 13:40:25] 225: histórico actualizado -> 101 filas
[2026-09-24 13:40:25] 226: histórico actualizado -> 101 filas
[2026-09-24 13:40:25] 227: histórico actualizado -> 102 filas
[2026-09-24 13:40:25] 228: histórico actualizado -> 101 filas
[2026-09-24 13:40:25] 229: histórico actualizado -> 101 filas
[2026-09-24 13:40:26] 231: histórico actualizado -> 100 filas
[2026-09-24 13:40:26] 232: histórico actualizado -> 101 filas
[2026-09-24 13:40:26] 234: histórico actualizado -> 101 filas
[2026-09-24 13:40:26] 235: histórico actualizado -> 88 filas
[2026-09-24 13:40:26] 236: histórico actualizado -> 101 filas
[2026-09-24 13:40:26] 238: histórico actualizado -> 102 filas
[2026-09-24 13:40:26] 240: histórico actualizado -> 92 filas
[2026-09-24 13:40:26] 241: histórico actualizado -> 72 filas
[2026-09-24 13:40:26] 242: histórico actualizado -> 98 filas
[2026-09-24 13:40:26] 243: histórico actualizado -> 101 filas
[2026-09-24 13:40:26] 244: histórico actualizado -> 55 filas
[2026-09-24 13:40:26] 245: histórico actualizado -> 76 filas
[2026-09-24 13:40:26] 246: histórico actualizado -> 8 filas
[2026-09-24 13:40:26] 247: histórico actualizado -> 101 filas
[2026-09-24 13:40:26] Catálogo actualizado: 32 estaciones
[2026-09-24 13:40:26] FIN DEL PROCESO - 21.4 segundos
[2026-09-24 14:40:05] INICIO DEL PROCESO
[2026-09-24 14:40:05] Abriendo página de login...
[2026-09-24 14:40:06] Realizando login...
[2026-09-24 14:40:06] LOGIN OK -> https://polaris.adrtecnology.com/gis/map
[2026-09-24 14:40:06] Estaciones conservadas del catálogo histórico: 32
[2026-09-24 14:40:06] Estaciones obtenidas desde viewer: 20
[2026-09-24 14:40:08] Estaciones obtenidas directamente desde GIS: 32
[2026-09-24 14:40:09] 200: SIN DATOS EN EL ÚLTIMO DÍA
[2026-09-24 14:40:09] 215: 1/4 variables -> Ll acu 1 h
[2026-09-24 14:40:10] 216: 3/4 variables -> HRa med 1h, Ll acu 1 h, Ta med 1h
[2026-09-24 14:40:10] 217: 3/4 variables -> HRa med 1h, Ll acu 1 h, Ta med 1h
[2026-09-24 14:40:11] 218: 2/4 variables -> Ll acu 1 h, Ta med 1h
[2026-09-24 14:40:11] 220: 1/4 variables -> PP Acc (1h)
[2026-09-24 14:40:12] 221: 3/4 variables -> HRa med 1h, Ll acu 1 h, Ta med 1h
[2026-09-24 14:40:12] 223: 3/4 variables -> HRa med 1h, Ll acu 1 h, Ta med 1h
[2026-09-24 14:40:13] 224: SIN DATOS EN EL ÚLTIMO DÍA
[2026-09-24 14:40:13] 225: 3/4 variables -> HRa med 1h, Ll acu 1 h, Ta med 1h
[2026-09-24 14:40:14] 226: 3/4 variables -> HRa med 1h, Ll acu 1 h, Ta med 1h
[2026-09-24 14:40:14] 227: 3/4 variables -> HRa med 1h, Ll acu 1 h, Ta med 1h
[2026-09-24 14:40:15] 228: 3/4 variables -> HRa med 1h, Ll acu 1 h, Ta med 1h
[2026-09-24 14:40:16] 229: 3/4 variables -> HRa med 1h, Ll acu 1 h, Ta med 1h
[2026-09-24 14:40:16] 230: SIN DATOS EN EL ÚLTIMO DÍA
[2026-09-24 14:40:17] 231: 3/4 variables -> HRa med 1h, Ll acu 1 h, Ta med 1h
[2026-09-24 14:40:17] 232: 3/4 variables -> HRa med 1h, Ll acu 1 h, Ta med 1h
[2026-09-24 14:40:18] 233: SIN DATOS EN EL ÚLTIMO DÍA
[2026-09-24 14:40:18] 234: 3/4 variables -> HRa med 1h, Ll acu 1 h, Ta med 1h
[2026-09-24 14:40:19] 235: 3/4 variables -> HRa med 1h, Ll acu 1 h, Ta med 1h
[2026-09-24 14:40:21] 236: 3/4 variables -> HRa med 1h, Ll acu 1 h, Ta med 1h
[2026-09-24 14:40:21] 237: SIN DATOS EN EL ÚLTIMO DÍA
[2026-09-24 14:40:22] 238: 3/4 variables -> HRa med 1h, Ll acu 1 h, Ta med 1h
[2026-09-24 14:40:22] 239: SIN DATOS EN EL ÚLTIMO DÍA
[2026-09-24 14:40:23] 240: 3/4 variables -> HRa med 1h, Ll acu 1 h, Ta med 1h
[2026-09-24 14:40:23] 241: 3/4 variables -> HRa med 1h, Ll acu 1 h, Ta med 1h
[2026-09-24 14:40:24] 242: 3/4 variables -> HRa med 1h, Ll acu 1 h, Ta med 1h
[2026-09-24 14:40:25] 243: 3/4 variables -> HRa med 1h, Ll acu 1 h, Ta med 1h
[2026-09-24 14:40:25] 244: 3/4 variables -> HRa med 1h, Ll acu 1 h, Ta med 1h
[2026-09-24 14:40:26] 245: 3/4 variables -> HRa med 1h, Ll acu 1 h, Ta med 1h
[2026-09-24 14:40:26] 246: 3/4 variables -> HRa med 1h, Ll acu 1 h, Ta med 1h
[2026-09-24 14:40:27] 247: 3/4 variables -> HRa med 1h, Ll acu 1 h, Ta med 1h
[2026-09-24 14:40:27] 215: histórico actualizado -> 51 filas
[2026-09-24 14:40:27] 216: histórico actualizado -> 42 filas
[2026-09-24 14:40:27] 217: histórico actualizado -> 53 filas
[2026-09-24 14:40:27] 218: histórico actualizado -> 53 filas
[2026-09-24 14:40:27] 220: histórico actualizado -> 51 filas
[2026-09-24 14:40:27] 221: histórico actualizado -> 104 filas
[2026-09-24 14:40:27] 223: histórico actualizado -> 103 filas
[2026-09-24 14:40:27] 225: histórico actualizado -> 103 filas
[2026-09-24 14:40:27] 226: histórico actualizado -> 103 filas
[2026-09-24 14:40:28] 227: histórico actualizado -> 104 filas
[2026-09-24 14:40:28] 228: histórico actualizado -> 103 filas
[2026-09-24 14:40:28] 229: histórico actualizado -> 103 filas
[2026-09-24 14:40:28] 231: histórico actualizado -> 102 filas
[2026-09-24 14:40:28] 232: histórico actualizado -> 103 filas
[2026-09-24 14:40:28] 234: histórico actualizado -> 103 filas
[2026-09-24 14:40:28] 235: histórico actualizado -> 90 filas
[2026-09-24 14:40:28] 236: histórico actualizado -> 103 filas
[2026-09-24 14:40:28] 238: histórico actualizado -> 104 filas
[2026-09-24 14:40:28] 240: histórico actualizado -> 94 filas
[2026-09-24 14:40:28] 241: histórico actualizado -> 72 filas
[2026-09-24 14:40:28] 242: histórico actualizado -> 100 filas
[2026-09-24 14:40:28] 243: histórico actualizado -> 103 filas
[2026-09-24 14:40:28] 244: histórico actualizado -> 55 filas
[2026-09-24 14:40:28] 245: histórico actualizado -> 76 filas
[2026-09-24 14:40:28] 246: histórico actualizado -> 10 filas
[2026-09-24 14:40:28] 247: histórico actualizado -> 103 filas
[2026-09-24 14:40:28] Catálogo actualizado: 32 estaciones
[2026-09-24 14:40:28] FIN DEL PROCESO - 23.2 segundos
[2026-09-24 15:40:06] INICIO DEL PROCESO
[2026-09-24 15:40:06] Abriendo página de login...
[2026-09-24 15:40:07] Realizando login...
[2026-09-24 15:40:07] LOGIN OK -> https://polaris.adrtecnology.com/gis/map
[2026-09-24 15:40:07] Estaciones conservadas del catálogo histórico: 32
[2026-09-24 15:40:07] Estaciones obtenidas desde viewer: 20
[2026-09-24 15:40:09] Estaciones obtenidas directamente desde GIS: 32
[2026-09-24 15:40:09] 200: SIN DATOS EN EL ÚLTIMO DÍA
[2026-09-24 15:40:10] 215: 1/4 variables -> Ll acu 1 h
[2026-09-24 15:40:11] 216: 3/4 variables -> HRa med 1h, Ll acu 1 h, Ta med 1h
[2026-09-24 15:40:11] 217: 3/4 variables -> HRa med 1h, Ll acu 1 h, Ta med 1h
[2026-09-24 15:40:12] 218: 2/4 variables -> Ll acu 1 h, Ta med 1h
[2026-09-24 15:40:13] 220: 1/4 variables -> PP Acc (1h)
[2026-09-24 15:40:13] 221: 3/4 variables -> HRa med 1h, Ll acu 1 h, Ta med 1h
[2026-09-24 15:40:14] 223: 3/4 variables -> HRa med 1h, Ll acu 1 h, Ta med 1h
[2026-09-24 15:40:14] 224: SIN DATOS EN EL ÚLTIMO DÍA
[2026-09-24 15:40:15] 225: 3/4 variables -> HRa med 1h, Ll acu 1 h, Ta med 1h
[2026-09-24 15:40:15] 226: 3/4 variables -> HRa med 1h, Ll acu 1 h, Ta med 1h
[2026-09-24 15:40:16] 227: 3/4 variables -> HRa med 1h, Ll acu 1 h, Ta med 1h
[2026-09-24 15:40:16] 228: 3/4 variables -> HRa med 1h, Ll acu 1 h, Ta med 1h
[2026-09-24 15:40:17] 229: 3/4 variables -> HRa med 1h, Ll acu 1 h, Ta med 1h
[2026-09-24 15:40:18] 230: SIN DATOS EN EL ÚLTIMO DÍA
[2026-09-24 15:40:18] 231: 3/4 variables -> HRa med 1h, Ll acu 1 h, Ta med 1h
[2026-09-24 15:40:19] 232: 3/4 variables -> HRa med 1h, Ll acu 1 h, Ta med 1h
[2026-09-24 15:40:19] 233: SIN DATOS EN EL ÚLTIMO DÍA
[2026-09-24 15:40:20] 234: 3/4 variables -> HRa med 1h, Ll acu 1 h, Ta med 1h
[2026-09-24 15:40:20] 235: 3/4 variables -> HRa med 1h, Ll acu 1 h, Ta med 1h
[2026-09-24 15:40:21] 236: 3/4 variables -> HRa med 1h, Ll acu 1 h, Ta med 1h
[2026-09-24 15:40:21] 237: SIN DATOS EN EL ÚLTIMO DÍA
[2026-09-24 15:40:22] 238: 3/4 variables -> HRa med 1h, Ll acu 1 h, Ta med 1h
[2026-09-24 15:40:23] 239: SIN DATOS EN EL ÚLTIMO DÍA
[2026-09-24 15:40:23] 240: 3/4 variables -> HRa med 1h, Ll acu 1 h, Ta med 1h
[2026-09-24 15:40:24] 241: 3/4 variables -> HRa med 1h, Ll acu 1 h, Ta med 1h
[2026-09-24 15:40:24] 242: 3/4 variables -> HRa med 1h, Ll acu 1 h, Ta med 1h
[2026-09-24 15:40:25] 243: 3/4 variables -> HRa med 1h, Ll acu 1 h, Ta med 1h
[2026-09-24 15:40:26] 244: 3/4 variables -> HRa med 1h, Ll acu 1 h, Ta med 1h
[2026-09-24 15:40:26] 245: 3/4 variables -> HRa med 1h, Ll acu 1 h, Ta med 1h
[2026-09-24 15:40:27] 246: 3/4 variables -> HRa med 1h, Ll acu 1 h, Ta med 1h
[2026-09-24 15:40:27] 247: 3/4 variables -> HRa med 1h, Ll acu 1 h, Ta med 1h
[2026-09-24 15:40:28] 215: histórico actualizado -> 52 filas
[2026-09-24 15:40:28] 216: histórico actualizado -> 43 filas
[2026-09-24 15:40:28] 217: histórico actualizado -> 54 filas
[2026-09-24 15:40:28] 218: histórico actualizado -> 54 filas
[2026-09-24 15:40:28] 220: histórico actualizado -> 52 filas
[2026-09-24 15:40:28] 221: histórico actualizado -> 106 filas
[2026-09-24 15:40:28] 223: histórico actualizado -> 105 filas
[2026-09-24 15:40:28] 225: histórico actualizado -> 105 filas
[2026-09-24 15:40:28] 226: histórico actualizado -> 105 filas
[2026-09-24 15:40:28] 227: histórico actualizado -> 106 filas
[2026-09-24 15:40:28] 228: histórico actualizado -> 105 filas
[2026-09-24 15:40:28] 229: histórico actualizado -> 105 filas
[2026-09-24 15:40:28] 231: histórico actualizado -> 104 filas
[2026-09-24 15:40:28] 232: histórico actualizado -> 105 filas
[2026-09-24 15:40:28] 234: histórico actualizado -> 105 filas
[2026-09-24 15:40:28] 235: histórico actualizado -> 92 filas
[2026-09-24 15:40:28] 236: histórico actualizado -> 105 filas
[2026-09-24 15:40:28] 238: histórico actualizado -> 106 filas
[2026-09-24 15:40:28] 240: histórico actualizado -> 96 filas
[2026-09-24 15:40:28] 241: histórico actualizado -> 73 filas
[2026-09-24 15:40:28] 242: histórico actualizado -> 102 filas
[2026-09-24 15:40:28] 243: histórico actualizado -> 105 filas
[2026-09-24 15:40:29] 244: histórico actualizado -> 55 filas
[2026-09-24 15:40:29] 245: histórico actualizado -> 78 filas
[2026-09-24 15:40:29] 246: histórico actualizado -> 12 filas
[2026-09-24 15:40:29] 247: histórico actualizado -> 105 filas
[2026-09-24 15:40:29] Catálogo actualizado: 32 estaciones
[2026-09-24 15:40:29] FIN DEL PROCESO - 22.6 segundos
[2026-09-24 16:40:07] INICIO DEL PROCESO
[2026-09-24 16:40:07] Abriendo página de login...
[2026-09-24 16:40:08] Realizando login...
[2026-09-24 16:40:08] LOGIN OK -> https://polaris.adrtecnology.com/gis/map
[2026-09-24 16:40:08] Estaciones conservadas del catálogo histórico: 32
[2026-09-24 16:40:08] Estaciones obtenidas desde viewer: 20
[2026-09-24 16:40:10] Estaciones obtenidas directamente desde GIS: 32
[2026-09-24 16:40:11] 200: SIN DATOS EN EL ÚLTIMO DÍA
[2026-09-24 16:40:11] 215: 1/4 variables -> Ll acu 1 h
[2026-09-24 16:40:12] 216: 3/4 variables -> HRa med 1h, Ll acu 1 h, Ta med 1h
[2026-09-24 16:40:12] 217: 3/4 variables -> HRa med 1h, Ll acu 1 h, Ta med 1h
[2026-09-24 16:40:13] 218: 2/4 variables -> Ll acu 1 h, Ta med 1h
[2026-09-24 16:40:13] 220: 1/4 variables -> PP Acc (1h)
[2026-09-24 16:40:14] 221: 3/4 variables -> HRa med 1h, Ll acu 1 h, Ta med 1h
[2026-09-24 16:40:14] 223: 3/4 variables -> HRa med 1h, Ll acu 1 h, Ta med 1h
[2026-09-24 16:40:15] 224: SIN DATOS EN EL ÚLTIMO DÍA
[2026-09-24 16:40:15] 225: 3/4 variables -> HRa med 1h, Ll acu 1 h, Ta med 1h
[2026-09-24 16:40:16] 226: 3/4 variables -> HRa med 1h, Ll acu 1 h, Ta med 1h
[2026-09-24 16:40:16] 227: 3/4 variables -> HRa med 1h, Ll acu 1 h, Ta med 1h
[2026-09-24 16:40:17] 228: 3/4 variables -> HRa med 1h, Ll acu 1 h, Ta med 1h
[2026-09-24 16:40:18] 229: 3/4 variables -> HRa med 1h, Ll acu 1 h, Ta med 1h
[2026-09-24 16:40:18] 230: SIN DATOS EN EL ÚLTIMO DÍA
[2026-09-24 16:40:19] 231: 3/4 variables -> HRa med 1h, Ll acu 1 h, Ta med 1h
[2026-09-24 16:40:19] 232: 3/4 variables -> HRa med 1h, Ll acu 1 h, Ta med 1h
[2026-09-24 16:40:20] 233: SIN DATOS EN EL ÚLTIMO DÍA
[2026-09-24 16:40:20] 234: 3/4 variables -> HRa med 1h, Ll acu 1 h, Ta med 1h
[2026-09-24 16:40:21] 235: 3/4 variables -> HRa med 1h, Ll acu 1 h, Ta med 1h
[2026-09-24 16:40:21] 236: 3/4 variables -> HRa med 1h, Ll acu 1 h, Ta med 1h
[2026-09-24 16:40:22] 237: SIN DATOS EN EL ÚLTIMO DÍA
[2026-09-24 16:40:22] 238: 3/4 variables -> HRa med 1h, Ll acu 1 h, Ta med 1h
[2026-09-24 16:40:23] 239: SIN DATOS EN EL ÚLTIMO DÍA
[2026-09-24 16:40:23] 240: 3/4 variables -> HRa med 1h, Ll acu 1 h, Ta med 1h
[2026-09-24 16:40:24] 241: 3/4 variables -> HRa med 1h, Ll acu 1 h, Ta med 1h
[2026-09-24 16:40:24] 242: 3/4 variables -> HRa med 1h, Ll acu 1 h, Ta med 1h
[2026-09-24 16:40:25] 243: 3/4 variables -> HRa med 1h, Ll acu 1 h, Ta med 1h
[2026-09-24 16:40:26] 244: 3/4 variables -> HRa med 1h, Ll acu 1 h, Ta med 1h
[2026-09-24 16:40:26] 245: 3/4 variables -> HRa med 1h, Ll acu 1 h, Ta med 1h
[2026-09-24 16:40:27] 246: 3/4 variables -> HRa med 1h, Ll acu 1 h, Ta med 1h
[2026-09-24 16:40:27] 247: 3/4 variables -> HRa med 1h, Ll acu 1 h, Ta med 1h
[2026-09-24 16:40:28] 215: histórico actualizado -> 53 filas
[2026-09-24 16:40:28] 216: histórico actualizado -> 44 filas
[2026-09-24 16:40:28] 217: histórico actualizado -> 55 filas
[2026-09-24 16:40:28] 218: histórico actualizado -> 55 filas
[2026-09-24 16:40:28] 220: histórico actualizado -> 53 filas
[2026-09-24 16:40:28] 221: histórico actualizado -> 108 filas
[2026-09-24 16:40:28] 223: histórico actualizado -> 107 filas
[2026-09-24 16:40:28] 225: histórico actualizado -> 107 filas
[2026-09-24 16:40:28] 226: histórico actualizado -> 107 filas
[2026-09-24 16:40:28] 227: histórico actualizado -> 108 filas
[2026-09-24 16:40:28] 228: histórico actualizado -> 107 filas
[2026-09-24 16:40:28] 229: histórico actualizado -> 107 filas
[2026-09-24 16:40:28] 231: histórico actualizado -> 106 filas
[2026-09-24 16:40:28] 232: histórico actualizado -> 105 filas
[2026-09-24 16:40:28] 234: histórico actualizado -> 107 filas
[2026-09-24 16:40:28] 235: histórico actualizado -> 94 filas
[2026-09-24 16:40:28] 236: histórico actualizado -> 107 filas
[2026-09-24 16:40:28] 238: histórico actualizado -> 108 filas
[2026-09-24 16:40:28] 240: histórico actualizado -> 98 filas
[2026-09-24 16:40:28] 241: histórico actualizado -> 73 filas
[2026-09-24 16:40:28] 242: histórico actualizado -> 104 filas
[2026-09-24 16:40:28] 243: histórico actualizado -> 107 filas
[2026-09-24 16:40:28] 244: histórico actualizado -> 55 filas
[2026-09-24 16:40:28] 245: histórico actualizado -> 80 filas
[2026-09-24 16:40:28] 246: histórico actualizado -> 13 filas
[2026-09-24 16:40:29] 247: histórico actualizado -> 107 filas
[2026-09-24 16:40:29] Catálogo actualizado: 32 estaciones
[2026-09-24 16:40:29] FIN DEL PROCESO - 21.6 segundos
[2026-09-24 17:40:05] INICIO DEL PROCESO
[2026-09-24 17:40:05] Abriendo página de login...
[2026-09-24 17:40:05] Realizando login...
[2026-09-24 17:40:06] LOGIN OK -> https://polaris.adrtecnology.com/gis/map
[2026-09-24 17:40:06] Estaciones conservadas del catálogo histórico: 32
[2026-09-24 17:40:06] Estaciones obtenidas desde viewer: 20
[2026-09-24 17:40:08] Estaciones obtenidas directamente desde GIS: 32
[2026-09-24 17:40:08] 200: SIN DATOS EN EL ÚLTIMO DÍA
[2026-09-24 17:40:09] 215: 1/4 variables -> Ll acu 1 h
[2026-09-24 17:40:09] 216: 3/4 variables -> HRa med 1h, Ll acu 1 h, Ta med 1h
[2026-09-24 17:40:10] 217: 3/4 variables -> HRa med 1h, Ll acu 1 h, Ta med 1h
[2026-09-24 17:40:10] 218: 2/4 variables -> Ll acu 1 h, Ta med 1h
[2026-09-24 17:40:11] 220: 1/4 variables -> PP Acc (1h)
[2026-09-24 17:40:11] 221: 3/4 variables -> HRa med 1h, Ll acu 1 h, Ta med 1h
[2026-09-24 17:40:12] 223: 3/4 variables -> HRa med 1h, Ll acu 1 h, Ta med 1h
[2026-09-24 17:40:12] 224: SIN DATOS EN EL ÚLTIMO DÍA
[2026-09-24 17:40:13] 225: 3/4 variables -> HRa med 1h, Ll acu 1 h, Ta med 1h
[2026-09-24 17:40:13] 226: 3/4 variables -> HRa med 1h, Ll acu 1 h, Ta med 1h
[2026-09-24 17:40:14] 227: 3/4 variables -> HRa med 1h, Ll acu 1 h, Ta med 1h
[2026-09-24 17:40:15] 228: 3/4 variables -> HRa med 1h, Ll acu 1 h, Ta med 1h
[2026-09-24 17:40:15] 229: 3/4 variables -> HRa med 1h, Ll acu 1 h, Ta med 1h
[2026-09-24 17:40:16] 230: SIN DATOS EN EL ÚLTIMO DÍA
[2026-09-24 17:40:16] 231: 3/4 variables -> HRa med 1h, Ll acu 1 h, Ta med 1h
[2026-09-24 17:40:17] 232: 3/4 variables -> HRa med 1h, Ll acu 1 h, Ta med 1h
[2026-09-24 17:40:17] 233: SIN DATOS EN EL ÚLTIMO DÍA
[2026-09-24 17:40:18] 234: 3/4 variables -> HRa med 1h, Ll acu 1 h, Ta med 1h
[2026-09-24 17:40:18] 235: 3/4 variables -> HRa med 1h, Ll acu 1 h, Ta med 1h
[2026-09-24 17:40:19] 236: 3/4 variables -> HRa med 1h, Ll acu 1 h, Ta med 1h
[2026-09-24 17:40:20] 237: SIN DATOS EN EL ÚLTIMO DÍA
[2026-09-24 17:40:20] 238: 3/4 variables -> HRa med 1h, Ll acu 1 h, Ta med 1h
[2026-09-24 17:40:21] 239: SIN DATOS EN EL ÚLTIMO DÍA
[2026-09-24 17:40:21] 240: 3/4 variables -> HRa med 1h, Ll acu 1 h, Ta med 1h
[2026-09-24 17:40:22] 241: 3/4 variables -> HRa med 1h, Ll acu 1 h, Ta med 1h
[2026-09-24 17:40:22] 242: 3/4 variables -> HRa med 1h, Ll acu 1 h, Ta med 1h
[2026-09-24 17:40:23] 243: 3/4 variables -> HRa med 1h, Ll acu 1 h, Ta med 1h
[2026-09-24 17:40:23] 244: 3/4 variables -> HRa med 1h, Ll acu 1 h, Ta med 1h
[2026-09-24 17:40:24] 245: 3/4 variables -> HRa med 1h, Ll acu 1 h, Ta med 1h
[2026-09-24 17:40:24] 246: 3/4 variables -> HRa med 1h, Ll acu 1 h, Ta med 1h
[2026-09-24 17:40:25] 247: 3/4 variables -> HRa med 1h, Ll acu 1 h, Ta med 1h
[2026-09-24 17:40:25] 215: histórico actualizado -> 54 filas
[2026-09-24 17:40:25] 216: histórico actualizado -> 45 filas
[2026-09-24 17:40:25] 217: histórico actualizado -> 56 filas
[2026-09-24 17:40:25] 218: histórico actualizado -> 56 filas
[2026-09-24 17:40:25] 220: histórico actualizado -> 54 filas
[2026-09-24 17:40:25] 221: histórico actualizado -> 110 filas
[2026-09-24 17:40:25] 223: histórico actualizado -> 109 filas
[2026-09-24 17:40:25] 225: histórico actualizado -> 109 filas
[2026-09-24 17:40:25] 226: histórico actualizado -> 109 filas
[2026-09-24 17:40:26] 227: histórico actualizado -> 110 filas
[2026-09-24 17:40:26] 228: histórico actualizado -> 109 filas
[2026-09-24 17:40:26] 229: histórico actualizado -> 109 filas
[2026-09-24 17:40:26] 231: histórico actualizado -> 108 filas
[2026-09-24 17:40:26] 232: histórico actualizado -> 105 filas
[2026-09-24 17:40:26] 234: histórico actualizado -> 109 filas
[2026-09-24 17:40:26] 235: histórico actualizado -> 96 filas
[2026-09-24 17:40:26] 236: histórico actualizado -> 109 filas
[2026-09-24 17:40:26] 238: histórico actualizado -> 110 filas
[2026-09-24 17:40:26] 240: histórico actualizado -> 100 filas
[2026-09-24 17:40:26] 241: histórico actualizado -> 73 filas
[2026-09-24 17:40:26] 242: histórico actualizado -> 106 filas
[2026-09-24 17:40:26] 243: histórico actualizado -> 109 filas
[2026-09-24 17:40:26] 244: histórico actualizado -> 55 filas
[2026-09-24 17:40:26] 245: histórico actualizado -> 82 filas
[2026-09-24 17:40:26] 246: histórico actualizado -> 15 filas
[2026-09-24 17:40:26] 247: histórico actualizado -> 109 filas
[2026-09-24 17:40:26] Catálogo actualizado: 32 estaciones
[2026-09-24 17:40:26] FIN DEL PROCESO - 21.1 segundos
[2026-09-24 18:40:05] INICIO DEL PROCESO
[2026-09-24 18:40:05] Abriendo página de login...
[2026-09-24 18:40:06] Realizando login...
[2026-09-24 18:40:06] LOGIN OK -> https://polaris.adrtecnology.com/gis/map
[2026-09-24 18:40:06] Estaciones conservadas del catálogo histórico: 32
[2026-09-24 18:40:07] Estaciones obtenidas desde viewer: 20
[2026-09-24 18:40:08] Estaciones obtenidas directamente desde GIS: 32
[2026-09-24 18:40:09] 200: SIN DATOS EN EL ÚLTIMO DÍA
[2026-09-24 18:40:09] 215: 1/4 variables -> Ll acu 1 h
[2026-09-24 18:40:10] 216: 3/4 variables -> HRa med 1h, Ll acu 1 h, Ta med 1h
[2026-09-24 18:40:10] 217: 3/4 variables -> HRa med 1h, Ll acu 1 h, Ta med 1h
[2026-09-24 18:40:11] 218: 2/4 variables -> Ll acu 1 h, Ta med 1h
[2026-09-24 18:40:11] 220: 1/4 variables -> PP Acc (1h)
[2026-09-24 18:40:12] 221: 3/4 variables -> HRa med 1h, Ll acu 1 h, Ta med 1h
[2026-09-24 18:40:12] 223: 3/4 variables -> HRa med 1h, Ll acu 1 h, Ta med 1h
[2026-09-24 18:40:13] 224: SIN DATOS EN EL ÚLTIMO DÍA
[2026-09-24 18:40:13] 225: 3/4 variables -> HRa med 1h, Ll acu 1 h, Ta med 1h
[2026-09-24 18:40:14] 226: 3/4 variables -> HRa med 1h, Ll acu 1 h, Ta med 1h
[2026-09-24 18:40:15] 227: 3/4 variables -> HRa med 1h, Ll acu 1 h, Ta med 1h
[2026-09-24 18:40:15] 228: 3/4 variables -> HRa med 1h, Ll acu 1 h, Ta med 1h
[2026-09-24 18:40:16] 229: 3/4 variables -> HRa med 1h, Ll acu 1 h, Ta med 1h
[2026-09-24 18:40:16] 230: SIN DATOS EN EL ÚLTIMO DÍA
[2026-09-24 18:40:17] 231: 3/4 variables -> HRa med 1h, Ll acu 1 h, Ta med 1h
[2026-09-24 18:40:17] 232: 3/4 variables -> HRa med 1h, Ll acu 1 h, Ta med 1h
[2026-09-24 18:40:18] 233: SIN DATOS EN EL ÚLTIMO DÍA
[2026-09-24 18:40:18] 234: 3/4 variables -> HRa med 1h, Ll acu 1 h, Ta med 1h
[2026-09-24 18:40:19] 235: 3/4 variables -> HRa med 1h, Ll acu 1 h, Ta med 1h
[2026-09-24 18:40:19] 236: 3/4 variables -> HRa med 1h, Ll acu 1 h, Ta med 1h
[2026-09-24 18:40:20] 237: SIN DATOS EN EL ÚLTIMO DÍA
[2026-09-24 18:40:20] 238: 3/4 variables -> HRa med 1h, Ll acu 1 h, Ta med 1h
[2026-09-24 18:40:21] 239: SIN DATOS EN EL ÚLTIMO DÍA
[2026-09-24 18:40:21] 240: 3/4 variables -> HRa med 1h, Ll acu 1 h, Ta med 1h
[2026-09-24 18:40:22] 241: 3/4 variables -> HRa med 1h, Ll acu 1 h, Ta med 1h
[2026-09-24 18:40:22] 242: 3/4 variables -> HRa med 1h, Ll acu 1 h, Ta med 1h
[2026-09-24 18:40:23] 243: 3/4 variables -> HRa med 1h, Ll acu 1 h, Ta med 1h
[2026-09-24 18:40:24] 244: SIN DATOS EN EL ÚLTIMO DÍA
[2026-09-24 18:40:24] 245: 3/4 variables -> HRa med 1h, Ll acu 1 h, Ta med 1h
[2026-09-24 18:40:25] 246: 3/4 variables -> HRa med 1h, Ll acu 1 h, Ta med 1h
[2026-09-24 18:40:25] 247: 3/4 variables -> HRa med 1h, Ll acu 1 h, Ta med 1h
[2026-09-24 18:40:26] 215: histórico actualizado -> 55 filas
[2026-09-24 18:40:26] 216: histórico actualizado -> 46 filas
[2026-09-24 18:40:26] 217: histórico actualizado -> 57 filas
[2026-09-24 18:40:26] 218: histórico actualizado -> 57 filas
[2026-09-24 18:40:26] 220: histórico actualizado -> 55 filas
[2026-09-24 18:40:26] 221: histórico actualizado -> 112 filas
[2026-09-24 18:40:26] 223: histórico actualizado -> 111 filas
[2026-09-24 18:40:26] 225: histórico actualizado -> 111 filas
[2026-09-24 18:40:26] 226: histórico actualizado -> 111 filas
[2026-09-24 18:40:26] 227: histórico actualizado -> 112 filas
[2026-09-24 18:40:26] 228: histórico actualizado -> 111 filas
[2026-09-24 18:40:26] 229: histórico actualizado -> 111 filas
[2026-09-24 18:40:26] 231: histórico actualizado -> 110 filas
[2026-09-24 18:40:26] 232: histórico actualizado -> 105 filas
[2026-09-24 18:40:26] 234: histórico actualizado -> 111 filas
[2026-09-24 18:40:26] 235: histórico actualizado -> 98 filas
[2026-09-24 18:40:26] 236: histórico actualizado -> 111 filas
[2026-09-24 18:40:26] 238: histórico actualizado -> 112 filas
[2026-09-24 18:40:26] 240: histórico actualizado -> 102 filas
[2026-09-24 18:40:26] 241: histórico actualizado -> 73 filas
[2026-09-24 18:40:26] 242: histórico actualizado -> 108 filas
[2026-09-24 18:40:26] 243: histórico actualizado -> 111 filas
[2026-09-24 18:40:26] 245: histórico actualizado -> 84 filas
[2026-09-24 18:40:26] 246: histórico actualizado -> 16 filas
[2026-09-24 18:40:27] 247: histórico actualizado -> 111 filas
[2026-09-24 18:40:27] Catálogo actualizado: 32 estaciones
[2026-09-24 18:40:27] FIN DEL PROCESO - 21.1 segundos
[2026-09-24 19:40:06] INICIO DEL PROCESO
[2026-09-24 19:40:06] Abriendo página de login...
[2026-09-24 19:40:06] Realizando login...
[2026-09-24 19:40:07] LOGIN OK -> https://polaris.adrtecnology.com/gis/map
[2026-09-24 19:40:07] Estaciones conservadas del catálogo histórico: 32
[2026-09-24 19:40:07] Estaciones obtenidas desde viewer: 20
[2026-09-24 19:40:09] Estaciones obtenidas directamente desde GIS: 32
[2026-09-24 19:40:09] 200: SIN DATOS EN EL ÚLTIMO DÍA
[2026-09-24 19:40:10] 215: 1/4 variables -> Ll acu 1 h
[2026-09-24 19:40:10] 216: 3/4 variables -> HRa med 1h, Ll acu 1 h, Ta med 1h
[2026-09-24 19:40:11] 217: 3/4 variables -> HRa med 1h, Ll acu 1 h, Ta med 1h
[2026-09-24 19:40:11] 218: 2/4 variables -> Ll acu 1 h, Ta med 1h
[2026-09-24 19:40:12] 220: 1/4 variables -> PP Acc (1h)
[2026-09-24 19:40:12] 221: 3/4 variables -> HRa med 1h, Ll acu 1 h, Ta med 1h
[2026-09-24 19:40:13] 223: 3/4 variables -> HRa med 1h, Ll acu 1 h, Ta med 1h
[2026-09-24 19:40:13] 224: SIN DATOS EN EL ÚLTIMO DÍA
[2026-09-24 19:40:14] 225: 3/4 variables -> HRa med 1h, Ll acu 1 h, Ta med 1h
[2026-09-24 19:40:15] 226: 3/4 variables -> HRa med 1h, Ll acu 1 h, Ta med 1h
[2026-09-24 19:40:15] 227: 3/4 variables -> HRa med 1h, Ll acu 1 h, Ta med 1h
[2026-09-24 19:40:16] 228: 3/4 variables -> HRa med 1h, Ll acu 1 h, Ta med 1h
[2026-09-24 19:40:16] 229: 3/4 variables -> HRa med 1h, Ll acu 1 h, Ta med 1h
[2026-09-24 19:40:17] 230: SIN DATOS EN EL ÚLTIMO DÍA
[2026-09-24 19:40:17] 231: 3/4 variables -> HRa med 1h, Ll acu 1 h, Ta med 1h
[2026-09-24 19:40:18] 232: 3/4 variables -> HRa med 1h, Ll acu 1 h, Ta med 1h
[2026-09-24 19:40:18] 233: SIN DATOS EN EL ÚLTIMO DÍA
[2026-09-24 19:40:19] 234: 3/4 variables -> HRa med 1h, Ll acu 1 h, Ta med 1h
[2026-09-24 19:40:19] 235: 3/4 variables -> HRa med 1h, Ll acu 1 h, Ta med 1h
[2026-09-24 19:40:20] 236: 3/4 variables -> HRa med 1h, Ll acu 1 h, Ta med 1h
[2026-09-24 19:40:21] 237: SIN DATOS EN EL ÚLTIMO DÍA
[2026-09-24 19:40:21] 238: 3/4 variables -> HRa med 1h, Ll acu 1 h, Ta med 1h
[2026-09-24 19:40:22] 239: SIN DATOS EN EL ÚLTIMO DÍA
[2026-09-24 19:40:22] 240: 3/4 variables -> HRa med 1h, Ll acu 1 h, Ta med 1h
[2026-09-24 19:40:23] 241: 3/4 variables -> HRa med 1h, Ll acu 1 h, Ta med 1h
[2026-09-24 19:40:23] 242: 3/4 variables -> HRa med 1h, Ll acu 1 h, Ta med 1h
[2026-09-24 19:40:24] 243: 3/4 variables -> HRa med 1h, Ll acu 1 h, Ta med 1h
[2026-09-24 19:40:24] 244: SIN DATOS EN EL ÚLTIMO DÍA
[2026-09-24 19:40:25] 245: 3/4 variables -> HRa med 1h, Ll acu 1 h, Ta med 1h
[2026-09-24 19:40:25] 246: 3/4 variables -> HRa med 1h, Ll acu 1 h, Ta med 1h
[2026-09-24 19:40:26] 247: 3/4 variables -> HRa med 1h, Ll acu 1 h, Ta med 1h
[2026-09-24 19:40:26] 215: histórico actualizado -> 56 filas
[2026-09-24 19:40:26] 216: histórico actualizado -> 47 filas
[2026-09-24 19:40:26] 217: histórico actualizado -> 58 filas
[2026-09-24 19:40:26] 218: histórico actualizado -> 58 filas
[2026-09-24 19:40:26] 220: histórico actualizado -> 56 filas
[2026-09-24 19:40:26] 221: histórico actualizado -> 114 filas
[2026-09-24 19:40:26] 223: histórico actualizado -> 113 filas
[2026-09-24 19:40:26] 225: histórico actualizado -> 113 filas
[2026-09-24 19:40:27] 226: histórico actualizado -> 113 filas
[2026-09-24 19:40:27] 227: histórico actualizado -> 114 filas
[2026-09-24 19:40:27] 228: histórico actualizado -> 113 filas
[2026-09-24 19:40:27] 229: histórico actualizado -> 113 filas
[2026-09-24 19:40:27] 231: histórico actualizado -> 112 filas
[2026-09-24 19:40:27] 232: histórico actualizado -> 105 filas
[2026-09-24 19:40:27] 234: histórico actualizado -> 113 filas
[2026-09-24 19:40:27] 235: histórico actualizado -> 100 filas
[2026-09-24 19:40:27] 236: histórico actualizado -> 113 filas
[2026-09-24 19:40:27] 238: histórico actualizado -> 114 filas
[2026-09-24 19:40:27] 240: histórico actualizado -> 104 filas
[2026-09-24 19:40:27] 241: histórico actualizado -> 73 filas
[2026-09-24 19:40:27] 242: histórico actualizado -> 109 filas
[2026-09-24 19:40:27] 243: histórico actualizado -> 113 filas
[2026-09-24 19:40:27] 245: histórico actualizado -> 86 filas
[2026-09-24 19:40:28] 246: histórico actualizado -> 17 filas
[2026-09-24 19:40:28] 247: histórico actualizado -> 113 filas
[2026-09-24 19:40:28] Catálogo actualizado: 32 estaciones
[2026-09-24 19:40:28] FIN DEL PROCESO - 21.8 segundos
[2026-09-24 20:40:05] INICIO DEL PROCESO
[2026-09-24 20:40:05] Abriendo página de login...
[2026-09-24 20:40:06] Realizando login...
[2026-09-24 20:40:07] LOGIN OK -> https://polaris.adrtecnology.com/gis/map
[2026-09-24 20:40:07] Estaciones conservadas del catálogo histórico: 32
[2026-09-24 20:40:07] Estaciones obtenidas desde viewer: 20
[2026-09-24 20:40:10] Estaciones obtenidas directamente desde GIS: 32
[2026-09-24 20:40:11] 200: SIN DATOS EN EL ÚLTIMO DÍA
[2026-09-24 20:40:11] 215: 1/4 variables -> Ll acu 1 h
[2026-09-24 20:40:12] 216: 3/4 variables -> HRa med 1h, Ll acu 1 h, Ta med 1h
[2026-09-24 20:40:12] 217: 3/4 variables -> HRa med 1h, Ll acu 1 h, Ta med 1h
[2026-09-24 20:40:13] 218: 2/4 variables -> Ll acu 1 h, Ta med 1h
[2026-09-24 20:40:13] 220: 1/4 variables -> PP Acc (1h)
[2026-09-24 20:40:14] 221: 3/4 variables -> HRa med 1h, Ll acu 1 h, Ta med 1h
[2026-09-24 20:40:14] 223: 3/4 variables -> HRa med 1h, Ll acu 1 h, Ta med 1h
[2026-09-24 20:40:15] 224: SIN DATOS EN EL ÚLTIMO DÍA
[2026-09-24 20:40:15] 225: 3/4 variables -> HRa med 1h, Ll acu 1 h, Ta med 1h
[2026-09-24 20:40:16] 226: 3/4 variables -> HRa med 1h, Ll acu 1 h, Ta med 1h
[2026-09-24 20:40:17] 227: 3/4 variables -> HRa med 1h, Ll acu 1 h, Ta med 1h
[2026-09-24 20:40:17] 228: 3/4 variables -> HRa med 1h, Ll acu 1 h, Ta med 1h
[2026-09-24 20:40:18] 229: 3/4 variables -> HRa med 1h, Ll acu 1 h, Ta med 1h
[2026-09-24 20:40:18] 230: SIN DATOS EN EL ÚLTIMO DÍA
[2026-09-24 20:40:19] 231: 3/4 variables -> HRa med 1h, Ll acu 1 h, Ta med 1h
[2026-09-24 20:40:19] 232: 3/4 variables -> HRa med 1h, Ll acu 1 h, Ta med 1h
[2026-09-24 20:40:20] 233: SIN DATOS EN EL ÚLTIMO DÍA
[2026-09-24 20:40:21] 234: 3/4 variables -> HRa med 1h, Ll acu 1 h, Ta med 1h
[2026-09-24 20:40:21] 235: 3/4 variables -> HRa med 1h, Ll acu 1 h, Ta med 1h
[2026-09-24 20:40:22] 236: 3/4 variables -> HRa med 1h, Ll acu 1 h, Ta med 1h
[2026-09-24 20:40:22] 237: SIN DATOS EN EL ÚLTIMO DÍA
[2026-09-24 20:40:23] 238: 3/4 variables -> HRa med 1h, Ll acu 1 h, Ta med 1h
[2026-09-24 20:40:23] 239: SIN DATOS EN EL ÚLTIMO DÍA
[2026-09-24 20:40:24] 240: 3/4 variables -> HRa med 1h, Ll acu 1 h, Ta med 1h
[2026-09-24 20:40:24] 241: 3/4 variables -> HRa med 1h, Ll acu 1 h, Ta med 1h
[2026-09-24 20:40:25] 242: 3/4 variables -> HRa med 1h, Ll acu 1 h, Ta med 1h
[2026-09-24 20:40:25] 243: 3/4 variables -> HRa med 1h, Ll acu 1 h, Ta med 1h
[2026-09-24 20:40:26] 244: SIN DATOS EN EL ÚLTIMO DÍA
[2026-09-24 20:40:26] 245: 3/4 variables -> HRa med 1h, Ll acu 1 h, Ta med 1h
[2026-09-24 20:40:27] 246: 3/4 variables -> HRa med 1h, Ll acu 1 h, Ta med 1h
[2026-09-24 20:40:28] 247: 3/4 variables -> HRa med 1h, Ll acu 1 h, Ta med 1h
[2026-09-24 20:40:28] 215: histórico actualizado -> 57 filas
[2026-09-24 20:40:28] 216: histórico actualizado -> 47 filas
[2026-09-24 20:40:28] 217: histórico actualizado -> 59 filas
[2026-09-24 20:40:28] 218: histórico actualizado -> 59 filas
[2026-09-24 20:40:28] 220: histórico actualizado -> 57 filas
[2026-09-24 20:40:28] 221: histórico actualizado -> 116 filas
[2026-09-24 20:40:28] 223: histórico actualizado -> 115 filas
[2026-09-24 20:40:28] 225: histórico actualizado -> 115 filas
[2026-09-24 20:40:28] 226: histórico actualizado -> 115 filas
[2026-09-24 20:40:28] 227: histórico actualizado -> 116 filas
[2026-09-24 20:40:28] 228: histórico actualizado -> 115 filas
[2026-09-24 20:40:28] 229: histórico actualizado -> 115 filas
[2026-09-24 20:40:28] 231: histórico actualizado -> 114 filas
[2026-09-24 20:40:28] 232: histórico actualizado -> 105 filas
[2026-09-24 20:40:28] 234: histórico actualizado -> 115 filas
[2026-09-24 20:40:28] 235: histórico actualizado -> 102 filas
[2026-09-24 20:40:28] 236: histórico actualizado -> 115 filas
[2026-09-24 20:40:29] 238: histórico actualizado -> 116 filas
[2026-09-24 20:40:29] 240: histórico actualizado -> 106 filas
[2026-09-24 20:40:29] 241: histórico actualizado -> 73 filas
[2026-09-24 20:40:29] 242: histórico actualizado -> 109 filas
[2026-09-24 20:40:29] 243: histórico actualizado -> 115 filas
[2026-09-24 20:40:29] 245: histórico actualizado -> 86 filas
[2026-09-24 20:40:29] 246: histórico actualizado -> 18 filas
[2026-09-24 20:40:29] 247: histórico actualizado -> 115 filas
[2026-09-24 20:40:29] Catálogo actualizado: 32 estaciones
[2026-09-24 20:40:29] FIN DEL PROCESO - 23.5 segundos
[2026-09-24 21:40:04] INICIO DEL PROCESO
[2026-09-24 21:40:04] Abriendo página de login...
[2026-09-24 21:40:05] Realizando login...
[2026-09-24 21:40:05] LOGIN OK -> https://polaris.adrtecnology.com/gis/map
[2026-09-24 21:40:05] Estaciones conservadas del catálogo histórico: 32
[2026-09-24 21:40:05] Estaciones obtenidas desde viewer: 20
[2026-09-24 21:40:07] Estaciones obtenidas directamente desde GIS: 32
[2026-09-24 21:40:07] 200: SIN DATOS EN EL ÚLTIMO DÍA
[2026-09-24 21:40:08] 215: 1/4 variables -> Ll acu 1 h
[2026-09-24 21:40:08] 216: 3/4 variables -> HRa med 1h, Ll acu 1 h, Ta med 1h
[2026-09-24 21:40:09] 217: 3/4 variables -> HRa med 1h, Ll acu 1 h, Ta med 1h
[2026-09-24 21:40:09] 218: 2/4 variables -> Ll acu 1 h, Ta med 1h
[2026-09-24 21:40:10] 220: 1/4 variables -> PP Acc (1h)
[2026-09-24 21:40:11] 221: 3/4 variables -> HRa med 1h, Ll acu 1 h, Ta med 1h
[2026-09-24 21:40:11] 223: 3/4 variables -> HRa med 1h, Ll acu 1 h, Ta med 1h
[2026-09-24 21:40:12] 224: SIN DATOS EN EL ÚLTIMO DÍA
[2026-09-24 21:40:12] 225: 3/4 variables -> HRa med 1h, Ll acu 1 h, Ta med 1h
[2026-09-24 21:40:13] 226: 3/4 variables -> HRa med 1h, Ll acu 1 h, Ta med 1h
[2026-09-24 21:40:13] 227: 3/4 variables -> HRa med 1h, Ll acu 1 h, Ta med 1h
[2026-09-24 21:40:14] 228: 3/4 variables -> HRa med 1h, Ll acu 1 h, Ta med 1h
[2026-09-24 21:40:14] 229: 3/4 variables -> HRa med 1h, Ll acu 1 h, Ta med 1h
[2026-09-24 21:40:15] 230: SIN DATOS EN EL ÚLTIMO DÍA
[2026-09-24 21:40:16] 231: 3/4 variables -> HRa med 1h, Ll acu 1 h, Ta med 1h
[2026-09-24 21:40:16] 232: 3/4 variables -> HRa med 1h, Ll acu 1 h, Ta med 1h
[2026-09-24 21:40:17] 233: SIN DATOS EN EL ÚLTIMO DÍA
[2026-09-24 21:40:17] 234: 3/4 variables -> HRa med 1h, Ll acu 1 h, Ta med 1h
[2026-09-24 21:40:18] 235: 3/4 variables -> HRa med 1h, Ll acu 1 h, Ta med 1h
[2026-09-24 21:40:18] 236: 3/4 variables -> HRa med 1h, Ll acu 1 h, Ta med 1h
[2026-09-24 21:40:19] 237: SIN DATOS EN EL ÚLTIMO DÍA
[2026-09-24 21:40:19] 238: 3/4 variables -> HRa med 1h, Ll acu 1 h, Ta med 1h
[2026-09-24 21:40:20] 239: SIN DATOS EN EL ÚLTIMO DÍA
[2026-09-24 21:40:20] 240: 3/4 variables -> HRa med 1h, Ll acu 1 h, Ta med 1h
[2026-09-24 21:40:21] 241: 3/4 variables -> HRa med 1h, Ll acu 1 h, Ta med 1h
[2026-09-24 21:40:21] 242: 3/4 variables -> HRa med 1h, Ll acu 1 h, Ta med 1h
[2026-09-24 21:40:22] 243: 3/4 variables -> HRa med 1h, Ll acu 1 h, Ta med 1h
[2026-09-24 21:40:23] 244: SIN DATOS EN EL ÚLTIMO DÍA
[2026-09-24 21:40:23] 245: 3/4 variables -> HRa med 1h, Ll acu 1 h, Ta med 1h
[2026-09-24 21:40:24] 246: 3/4 variables -> HRa med 1h, Ll acu 1 h, Ta med 1h
[2026-09-24 21:40:24] 247: 3/4 variables -> HRa med 1h, Ll acu 1 h, Ta med 1h
[2026-09-24 21:40:25] 215: histórico actualizado -> 58 filas
[2026-09-24 21:40:25] 216: histórico actualizado -> 47 filas
[2026-09-24 21:40:25] 217: histórico actualizado -> 60 filas
[2026-09-24 21:40:25] 218: histórico actualizado -> 60 filas
[2026-09-24 21:40:25] 220: histórico actualizado -> 58 filas
[2026-09-24 21:40:25] 221: histórico actualizado -> 118 filas
[2026-09-24 21:40:25] 223: histórico actualizado -> 117 filas
[2026-09-24 21:40:25] 225: histórico actualizado -> 117 filas
[2026-09-24 21:40:25] 226: histórico actualizado -> 117 filas
[2026-09-24 21:40:25] 227: histórico actualizado -> 118 filas
[2026-09-24 21:40:25] 228: histórico actualizado -> 117 filas
[2026-09-24 21:40:25] 229: histórico actualizado -> 117 filas
[2026-09-24 21:40:25] 231: histórico actualizado -> 116 filas
[2026-09-24 21:40:25] 232: histórico actualizado -> 105 filas
[2026-09-24 21:40:25] 234: histórico actualizado -> 117 filas
[2026-09-24 21:40:25] 235: histórico actualizado -> 102 filas
[2026-09-24 21:40:25] 236: histórico actualizado -> 117 filas
[2026-09-24 21:40:25] 238: histórico actualizado -> 118 filas
[2026-09-24 21:40:25] 240: histórico actualizado -> 108 filas
[2026-09-24 21:40:25] 241: histórico actualizado -> 75 filas
[2026-09-24 21:40:25] 242: histórico actualizado -> 111 filas
[2026-09-24 21:40:25] 243: histórico actualizado -> 117 filas
[2026-09-24 21:40:25] 245: histórico actualizado -> 86 filas
[2026-09-24 21:40:25] 246: histórico actualizado -> 19 filas
[2026-09-24 21:40:25] 247: histórico actualizado -> 117 filas
[2026-09-24 21:40:25] Catálogo actualizado: 32 estaciones
[2026-09-24 21:40:25] FIN DEL PROCESO - 21.1 segundos
[2026-09-24 22:40:06] INICIO DEL PROCESO
[2026-09-24 22:40:06] Abriendo página de login...
[2026-09-24 22:40:06] Realizando login...
[2026-09-24 22:40:06] LOGIN OK -> https://polaris.adrtecnology.com/gis/map
[2026-09-24 22:40:06] Estaciones conservadas del catálogo histórico: 32
[2026-09-24 22:40:07] Estaciones obtenidas desde viewer: 20
[2026-09-24 22:40:08] Estaciones obtenidas directamente desde GIS: 32
[2026-09-24 22:40:09] 200: SIN DATOS EN EL ÚLTIMO DÍA
[2026-09-24 22:40:09] 215: 1/4 variables -> Ll acu 1 h
[2026-09-24 22:40:10] 216: 3/4 variables -> HRa med 1h, Ll acu 1 h, Ta med 1h
[2026-09-24 22:40:10] 217: 3/4 variables -> HRa med 1h, Ll acu 1 h, Ta med 1h
[2026-09-24 22:40:11] 218: 2/4 variables -> Ll acu 1 h, Ta med 1h
[2026-09-24 22:40:11] 220: 1/4 variables -> PP Acc (1h)
[2026-09-24 22:40:12] 221: 3/4 variables -> HRa med 1h, Ll acu 1 h, Ta med 1h
[2026-09-24 22:40:12] 223: 3/4 variables -> HRa med 1h, Ll acu 1 h, Ta med 1h
[2026-09-24 22:40:13] 224: SIN DATOS EN EL ÚLTIMO DÍA
[2026-09-24 22:40:13] 225: 3/4 variables -> HRa med 1h, Ll acu 1 h, Ta med 1h
[2026-09-24 22:40:14] 226: 3/4 variables -> HRa med 1h, Ll acu 1 h, Ta med 1h
[2026-09-24 22:40:14] 227: 3/4 variables -> HRa med 1h, Ll acu 1 h, Ta med 1h
[2026-09-24 22:40:15] 228: 3/4 variables -> HRa med 1h, Ll acu 1 h, Ta med 1h
[2026-09-24 22:40:16] 229: 3/4 variables -> HRa med 1h, Ll acu 1 h, Ta med 1h
[2026-09-24 22:40:16] 230: SIN DATOS EN EL ÚLTIMO DÍA
[2026-09-24 22:40:17] 231: 3/4 variables -> HRa med 1h, Ll acu 1 h, Ta med 1h
[2026-09-24 22:40:17] 232: 3/4 variables -> HRa med 1h, Ll acu 1 h, Ta med 1h
[2026-09-24 22:40:18] 233: SIN DATOS EN EL ÚLTIMO DÍA
[2026-09-24 22:40:18] 234: 3/4 variables -> HRa med 1h, Ll acu 1 h, Ta med 1h
[2026-09-24 22:40:19] 235: 3/4 variables -> HRa med 1h, Ll acu 1 h, Ta med 1h
[2026-09-24 22:40:19] 236: 3/4 variables -> HRa med 1h, Ll acu 1 h, Ta med 1h
[2026-09-24 22:40:20] 237: SIN DATOS EN EL ÚLTIMO DÍA
[2026-09-24 22:40:20] 238: 3/4 variables -> HRa med 1h, Ll acu 1 h, Ta med 1h
[2026-09-24 22:40:21] 239: SIN DATOS EN EL ÚLTIMO DÍA
[2026-09-24 22:40:22] 240: 3/4 variables -> HRa med 1h, Ll acu 1 h, Ta med 1h
[2026-09-24 22:40:22] 241: 3/4 variables -> HRa med 1h, Ll acu 1 h, Ta med 1h
[2026-09-24 22:40:23] 242: 3/4 variables -> HRa med 1h, Ll acu 1 h, Ta med 1h
[2026-09-24 22:40:23] 243: 3/4 variables -> HRa med 1h, Ll acu 1 h, Ta med 1h
[2026-09-24 22:40:24] 244: SIN DATOS EN EL ÚLTIMO DÍA
[2026-09-24 22:40:24] 245: 3/4 variables -> HRa med 1h, Ll acu 1 h, Ta med 1h
[2026-09-24 22:40:25] 246: 3/4 variables -> HRa med 1h, Ll acu 1 h, Ta med 1h
[2026-09-24 22:40:25] 247: 3/4 variables -> HRa med 1h, Ll acu 1 h, Ta med 1h
[2026-09-24 22:40:26] 215: histórico actualizado -> 59 filas
[2026-09-24 22:40:26] 216: histórico actualizado -> 47 filas
[2026-09-24 22:40:26] 217: histórico actualizado -> 61 filas
[2026-09-24 22:40:26] 218: histórico actualizado -> 61 filas
[2026-09-24 22:40:26] 220: histórico actualizado -> 59 filas
[2026-09-24 22:40:26] 221: histórico actualizado -> 120 filas
[2026-09-24 22:40:26] 223: histórico actualizado -> 119 filas
[2026-09-24 22:40:26] 225: histórico actualizado -> 119 filas
[2026-09-24 22:40:26] 226: histórico actualizado -> 119 filas
[2026-09-24 22:40:26] 227: histórico actualizado -> 120 filas
[2026-09-24 22:40:26] 228: histórico actualizado -> 119 filas
[2026-09-24 22:40:26] 229: histórico actualizado -> 119 filas
[2026-09-24 22:40:26] 231: histórico actualizado -> 118 filas
[2026-09-24 22:40:26] 232: histórico actualizado -> 105 filas
[2026-09-24 22:40:26] 234: histórico actualizado -> 119 filas
[2026-09-24 22:40:26] 235: histórico actualizado -> 104 filas
[2026-09-24 22:40:26] 236: histórico actualizado -> 119 filas
[2026-09-24 22:40:26] 238: histórico actualizado -> 120 filas
[2026-09-24 22:40:26] 240: histórico actualizado -> 110 filas
[2026-09-24 22:40:26] 241: histórico actualizado -> 75 filas
[2026-09-24 22:40:26] 242: histórico actualizado -> 113 filas
[2026-09-24 22:40:27] 243: histórico actualizado -> 119 filas
[2026-09-24 22:40:27] 245: histórico actualizado -> 86 filas
[2026-09-24 22:40:27] 246: histórico actualizado -> 21 filas
[2026-09-24 22:40:27] 247: histórico actualizado -> 119 filas
[2026-09-24 22:40:27] Catálogo actualizado: 32 estaciones
[2026-09-24 22:40:27] FIN DEL PROCESO - 21.1 segundos
[2026-09-24 23:40:05] INICIO DEL PROCESO
[2026-09-24 23:40:05] Abriendo página de login...
[2026-09-24 23:40:46] ERROR GENERAL: HTTPSConnectionPool(host='polaris.adrtecnology.com', port=443): Max retries exceeded with url: /login (Caused by ConnectTimeoutError(<HTTPSConnection(host='polaris.adrtecnology.com', port=443) at 0x153ed60f9490>, 'Connection to polaris.adrtecnology.com timed out. (connect timeout=40)'))
[2026-09-25 00:40:06] INICIO DEL PROCESO
[2026-09-25 00:40:06] Abriendo página de login...
[2026-09-25 00:40:46] ERROR GENERAL: HTTPSConnectionPool(host='polaris.adrtecnology.com', port=443): Max retries exceeded with url: /login (Caused by ConnectTimeoutError(<HTTPSConnection(host='polaris.adrtecnology.com', port=443) at 0x14d09f803450>, 'Connection to polaris.adrtecnology.com timed out. (connect timeout=40)'))
[2026-09-25 01:40:05] INICIO DEL PROCESO
[2026-09-25 01:40:05] Abriendo página de login...
[2026-09-25 01:40:46] ERROR GENERAL: HTTPSConnectionPool(host='polaris.adrtecnology.com', port=443): Max retries exceeded with url: /login (Caused by ConnectTimeoutError(<HTTPSConnection(host='polaris.adrtecnology.com', port=443) at 0x154e75bbf5d0>, 'Connection to polaris.adrtecnology.com timed out. (connect timeout=40)'))
[2026-09-25 02:40:04] INICIO DEL PROCESO
[2026-09-25 02:40:04] Abriendo página de login...
[2026-09-25 02:40:44] ERROR GENERAL: HTTPSConnectionPool(host='polaris.adrtecnology.com', port=443): Max retries exceeded with url: /login (Caused by ConnectTimeoutError(<HTTPSConnection(host='polaris.adrtecnology.com', port=443) at 0x147791b482d0>, 'Connection to polaris.adrtecnology.com timed out. (connect timeout=40)'))
[2026-09-25 03:40:08] INICIO DEL PROCESO
[2026-09-25 03:40:08] Abriendo página de login...
[2026-09-25 03:40:12] Realizando login...
[2026-09-25 03:40:16] LOGIN OK -> https://polaris.adrtecnology.com/gis/map
[2026-09-25 03:40:16] Estaciones conservadas del catálogo histórico: 32
[2026-09-25 03:40:17] Estaciones obtenidas desde viewer: 20
[2026-09-25 03:40:22] Estaciones obtenidas directamente desde GIS: 32
[2026-09-25 03:40:23] 200: SIN DATOS EN EL ÚLTIMO DÍA
[2026-09-25 03:40:24] 215: 1/4 variables -> Ll acu 1 h
[2026-09-25 03:40:24] 216: 3/4 variables -> HRa med 1h, Ll acu 1 h, Ta med 1h
[2026-09-25 03:40:25] 217: 3/4 variables -> HRa med 1h, Ll acu 1 h, Ta med 1h
[2026-09-25 03:40:25] 218: 2/4 variables -> Ll acu 1 h, Ta med 1h
[2026-09-25 03:40:26] 220: 1/4 variables -> PP Acc (1h)
[2026-09-25 03:40:26] 221: 3/4 variables -> HRa med 1h, Ll acu 1 h, Ta med 1h
[2026-09-25 03:40:27] 223: 3/4 variables -> HRa med 1h, Ll acu 1 h, Ta med 1h
[2026-09-25 03:40:27] 224: SIN DATOS EN EL ÚLTIMO DÍA
[2026-09-25 03:40:28] 225: 3/4 variables -> HRa med 1h, Ll acu 1 h, Ta med 1h
[2026-09-25 03:40:29] 226: 3/4 variables -> HRa med 1h, Ll acu 1 h, Ta med 1h
[2026-09-25 03:40:29] 227: 3/4 variables -> HRa med 1h, Ll acu 1 h, Ta med 1h
[2026-09-25 03:40:30] 228: 3/4 variables -> HRa med 1h, Ll acu 1 h, Ta med 1h
[2026-09-25 03:40:30] 229: 3/4 variables -> HRa med 1h, Ll acu 1 h, Ta med 1h
[2026-09-25 03:40:31] 230: SIN DATOS EN EL ÚLTIMO DÍA
[2026-09-25 03:40:31] 231: 3/4 variables -> HRa med 1h, Ll acu 1 h, Ta med 1h
[2026-09-25 03:40:32] 232: 3/4 variables -> HRa med 1h, Ll acu 1 h, Ta med 1h
[2026-09-25 03:40:32] 233: SIN DATOS EN EL ÚLTIMO DÍA
[2026-09-25 03:40:33] 234: 3/4 variables -> HRa med 1h, Ll acu 1 h, Ta med 1h
[2026-09-25 03:40:34] 235: 3/4 variables -> HRa med 1h, Ll acu 1 h, Ta med 1h
[2026-09-25 03:40:34] 236: 3/4 variables -> HRa med 1h, Ll acu 1 h, Ta med 1h
[2026-09-25 03:40:35] 237: SIN DATOS EN EL ÚLTIMO DÍA
[2026-09-25 03:40:35] 238: 3/4 variables -> HRa med 1h, Ll acu 1 h, Ta med 1h
[2026-09-25 03:40:36] 239: SIN DATOS EN EL ÚLTIMO DÍA
[2026-09-25 03:40:36] 240: 3/4 variables -> HRa med 1h, Ll acu 1 h, Ta med 1h
[2026-09-25 03:40:37] 241: 3/4 variables -> HRa med 1h, Ll acu 1 h, Ta med 1h
[2026-09-25 03:40:37] 242: 3/4 variables -> HRa med 1h, Ll acu 1 h, Ta med 1h
[2026-09-25 03:40:38] 243: 3/4 variables -> HRa med 1h, Ll acu 1 h, Ta med 1h
[2026-09-25 03:40:38] 244: SIN DATOS EN EL ÚLTIMO DÍA
[2026-09-25 03:40:39] 245: 3/4 variables -> HRa med 1h, Ll acu 1 h, Ta med 1h
[2026-09-25 03:40:39] 246: 3/4 variables -> HRa med 1h, Ll acu 1 h, Ta med 1h
[2026-09-25 03:40:40] 247: 3/4 variables -> HRa med 1h, Ll acu 1 h, Ta med 1h
[2026-09-25 03:40:40] 215: histórico actualizado -> 60 filas
[2026-09-25 03:40:40] 216: histórico actualizado -> 47 filas
[2026-09-25 03:40:40] 217: histórico actualizado -> 62 filas
[2026-09-25 03:40:40] 218: histórico actualizado -> 62 filas
[2026-09-25 03:40:40] 220: histórico actualizado -> 60 filas
[2026-09-25 03:40:41] 221: histórico actualizado -> 122 filas
[2026-09-25 03:40:41] 223: histórico actualizado -> 121 filas
[2026-09-25 03:40:41] 225: histórico actualizado -> 121 filas
[2026-09-25 03:40:41] 226: histórico actualizado -> 121 filas
[2026-09-25 03:40:41] 227: histórico actualizado -> 122 filas
[2026-09-25 03:40:41] 228: histórico actualizado -> 121 filas
[2026-09-25 03:40:41] 229: histórico actualizado -> 121 filas
[2026-09-25 03:40:41] 231: histórico actualizado -> 120 filas
[2026-09-25 03:40:41] 232: histórico actualizado -> 105 filas
[2026-09-25 03:40:41] 234: histórico actualizado -> 121 filas
[2026-09-25 03:40:41] 235: histórico actualizado -> 106 filas
[2026-09-25 03:40:41] 236: histórico actualizado -> 121 filas
[2026-09-25 03:40:41] 238: histórico actualizado -> 122 filas
[2026-09-25 03:40:41] 240: histórico actualizado -> 111 filas
[2026-09-25 03:40:41] 241: histórico actualizado -> 75 filas
[2026-09-25 03:40:41] 242: histórico actualizado -> 115 filas
[2026-09-25 03:40:41] 243: histórico actualizado -> 121 filas
[2026-09-25 03:40:41] 245: histórico actualizado -> 86 filas
[2026-09-25 03:40:41] 246: histórico actualizado -> 21 filas
[2026-09-25 03:40:41] 247: histórico actualizado -> 121 filas
[2026-09-25 03:40:41] Catálogo actualizado: 32 estaciones
[2026-09-25 03:40:41] FIN DEL PROCESO - 33.5 segundos
[2026-09-25 04:40:06] INICIO DEL PROCESO
[2026-09-25 04:40:06] Abriendo página de login...
[2026-09-25 04:40:07] Realizando login...
[2026-09-25 04:40:07] LOGIN OK -> https://polaris.adrtecnology.com/gis/map
[2026-09-25 04:40:07] Estaciones conservadas del catálogo histórico: 32
[2026-09-25 04:40:07] Estaciones obtenidas desde viewer: 20
[2026-09-25 04:40:09] Estaciones obtenidas directamente desde GIS: 32
[2026-09-25 04:40:09] 200: SIN DATOS EN EL ÚLTIMO DÍA
[2026-09-25 04:40:10] 215: 1/4 variables -> Ll acu 1 h
[2026-09-25 04:40:10] 216: 3/4 variables -> HRa med 1h, Ll acu 1 h, Ta med 1h
[2026-09-25 04:40:11] 217: 3/4 variables -> HRa med 1h, Ll acu 1 h, Ta med 1h
[2026-09-25 04:40:11] 218: 2/4 variables -> Ll acu 1 h, Ta med 1h
[2026-09-25 04:40:12] 220: 1/4 variables -> PP Acc (1h)
[2026-09-25 04:40:13] 221: 3/4 variables -> HRa med 1h, Ll acu 1 h, Ta med 1h
[2026-09-25 04:40:13] 223: 3/4 variables -> HRa med 1h, Ll acu 1 h, Ta med 1h
[2026-09-25 04:40:14] 224: SIN DATOS EN EL ÚLTIMO DÍA
[2026-09-25 04:40:14] 225: 3/4 variables -> HRa med 1h, Ll acu 1 h, Ta med 1h
[2026-09-25 04:40:15] 226: 3/4 variables -> HRa med 1h, Ll acu 1 h, Ta med 1h
[2026-09-25 04:40:15] 227: 3/4 variables -> HRa med 1h, Ll acu 1 h, Ta med 1h
[2026-09-25 04:40:16] 228: 3/4 variables -> HRa med 1h, Ll acu 1 h, Ta med 1h
[2026-09-25 04:40:16] 229: 3/4 variables -> HRa med 1h, Ll acu 1 h, Ta med 1h
[2026-09-25 04:40:17] 230: SIN DATOS EN EL ÚLTIMO DÍA
[2026-09-25 04:40:18] 231: 3/4 variables -> HRa med 1h, Ll acu 1 h, Ta med 1h
[2026-09-25 04:40:18] 232: 3/4 variables -> HRa med 1h, Ll acu 1 h, Ta med 1h
[2026-09-25 04:40:19] 233: SIN DATOS EN EL ÚLTIMO DÍA
[2026-09-25 04:40:19] 234: 3/4 variables -> HRa med 1h, Ll acu 1 h, Ta med 1h
[2026-09-25 04:40:20] 235: 3/4 variables -> HRa med 1h, Ll acu 1 h, Ta med 1h
[2026-09-25 04:40:21] 236: 3/4 variables -> HRa med 1h, Ll acu 1 h, Ta med 1h
[2026-09-25 04:40:21] 237: SIN DATOS EN EL ÚLTIMO DÍA
[2026-09-25 04:40:22] 238: 3/4 variables -> HRa med 1h, Ll acu 1 h, Ta med 1h
[2026-09-25 04:40:22] 239: SIN DATOS EN EL ÚLTIMO DÍA
[2026-09-25 04:40:23] 240: 3/4 variables -> HRa med 1h, Ll acu 1 h, Ta med 1h
[2026-09-25 04:40:23] 241: 3/4 variables -> HRa med 1h, Ll acu 1 h, Ta med 1h
[2026-09-25 04:40:24] 242: 3/4 variables -> HRa med 1h, Ll acu 1 h, Ta med 1h
[2026-09-25 04:40:25] 243: 3/4 variables -> HRa med 1h, Ll acu 1 h, Ta med 1h
[2026-09-25 04:40:25] 244: SIN DATOS EN EL ÚLTIMO DÍA
[2026-09-25 04:40:26] 245: 3/4 variables -> HRa med 1h, Ll acu 1 h, Ta med 1h
[2026-09-25 04:40:26] 246: 3/4 variables -> HRa med 1h, Ll acu 1 h, Ta med 1h
[2026-09-25 04:40:27] 247: 3/4 variables -> HRa med 1h, Ll acu 1 h, Ta med 1h
[2026-09-25 04:40:27] 215: histórico actualizado -> 60 filas
[2026-09-25 04:40:27] 216: histórico actualizado -> 47 filas
[2026-09-25 04:40:27] 217: histórico actualizado -> 62 filas
[2026-09-25 04:40:27] 218: histórico actualizado -> 62 filas
[2026-09-25 04:40:27] 220: histórico actualizado -> 60 filas
[2026-09-25 04:40:27] 221: histórico actualizado -> 122 filas
[2026-09-25 04:40:27] 223: histórico actualizado -> 121 filas
[2026-09-25 04:40:27] 225: histórico actualizado -> 121 filas
[2026-09-25 04:40:27] 226: histórico actualizado -> 121 filas
[2026-09-25 04:40:27] 227: histórico actualizado -> 122 filas
[2026-09-25 04:40:28] 228: histórico actualizado -> 121 filas
[2026-09-25 04:40:28] 229: histórico actualizado -> 121 filas
[2026-09-25 04:40:28] 231: histórico actualizado -> 120 filas
[2026-09-25 04:40:28] 232: histórico actualizado -> 105 filas
[2026-09-25 04:40:28] 234: histórico actualizado -> 121 filas
[2026-09-25 04:40:28] 235: histórico actualizado -> 106 filas
[2026-09-25 04:40:28] 236: histórico actualizado -> 121 filas
[2026-09-25 04:40:28] 238: histórico actualizado -> 122 filas
[2026-09-25 04:40:28] 240: histórico actualizado -> 111 filas
[2026-09-25 04:40:28] 241: histórico actualizado -> 75 filas
[2026-09-25 04:40:28] 242: histórico actualizado -> 115 filas
[2026-09-25 04:40:28] 243: histórico actualizado -> 121 filas
[2026-09-25 04:40:28] 245: histórico actualizado -> 86 filas
[2026-09-25 04:40:28] 246: histórico actualizado -> 21 filas
[2026-09-25 04:40:28] 247: histórico actualizado -> 121 filas
[2026-09-25 04:40:28] Catálogo actualizado: 32 estaciones
[2026-09-25 04:40:28] FIN DEL PROCESO - 22.1 segundos
[2026-09-25 05:40:05] INICIO DEL PROCESO
[2026-09-25 05:40:05] Abriendo página de login...
[2026-09-25 05:40:06] Realizando login...
[2026-09-25 05:40:06] LOGIN OK -> https://polaris.adrtecnology.com/gis/map
[2026-09-25 05:40:06] Estaciones conservadas del catálogo histórico: 32
[2026-09-25 05:40:06] Estaciones obtenidas desde viewer: 20
[2026-09-25 05:40:08] Estaciones obtenidas directamente desde GIS: 32
[2026-09-25 05:40:08] 200: SIN DATOS EN EL ÚLTIMO DÍA
[2026-09-25 05:40:09] 215: 1/4 variables -> Ll acu 1 h
[2026-09-25 05:40:09] 216: 3/4 variables -> HRa med 1h, Ll acu 1 h, Ta med 1h
[2026-09-25 05:40:10] 217: 3/4 variables -> HRa med 1h, Ll acu 1 h, Ta med 1h
[2026-09-25 05:40:10] 218: 2/4 variables -> Ll acu 1 h, Ta med 1h
[2026-09-25 05:40:11] 220: 1/4 variables -> PP Acc (1h)
[2026-09-25 05:40:12] 221: 3/4 variables -> HRa med 1h, Ll acu 1 h, Ta med 1h
[2026-09-25 05:40:12] 223: 3/4 variables -> HRa med 1h, Ll acu 1 h, Ta med 1h
[2026-09-25 05:40:13] 224: SIN DATOS EN EL ÚLTIMO DÍA
[2026-09-25 05:40:13] 225: 3/4 variables -> HRa med 1h, Ll acu 1 h, Ta med 1h
[2026-09-25 05:40:14] 226: 3/4 variables -> HRa med 1h, Ll acu 1 h, Ta med 1h
[2026-09-25 05:40:14] 227: 3/4 variables -> HRa med 1h, Ll acu 1 h, Ta med 1h
[2026-09-25 05:40:15] 228: 3/4 variables -> HRa med 1h, Ll acu 1 h, Ta med 1h
[2026-09-25 05:40:16] 229: 3/4 variables -> HRa med 1h, Ll acu 1 h, Ta med 1h
[2026-09-25 05:40:16] 230: SIN DATOS EN EL ÚLTIMO DÍA
[2026-09-25 05:40:17] 231: 3/4 variables -> HRa med 1h, Ll acu 1 h, Ta med 1h
[2026-09-25 05:40:17] 232: 3/4 variables -> HRa med 1h, Ll acu 1 h, Ta med 1h
[2026-09-25 05:40:18] 233: SIN DATOS EN EL ÚLTIMO DÍA
[2026-09-25 05:40:18] 234: 3/4 variables -> HRa med 1h, Ll acu 1 h, Ta med 1h
[2026-09-25 05:40:19] 235: 3/4 variables -> HRa med 1h, Ll acu 1 h, Ta med 1h
[2026-09-25 05:40:19] 236: 3/4 variables -> HRa med 1h, Ll acu 1 h, Ta med 1h
[2026-09-25 05:40:20] 237: SIN DATOS EN EL ÚLTIMO DÍA
[2026-09-25 05:40:20] 238: 3/4 variables -> HRa med 1h, Ll acu 1 h, Ta med 1h
[2026-09-25 05:40:21] 239: SIN DATOS EN EL ÚLTIMO DÍA
[2026-09-25 05:40:21] 240: 3/4 variables -> HRa med 1h, Ll acu 1 h, Ta med 1h
[2026-09-25 05:40:22] 241: 3/4 variables -> HRa med 1h, Ll acu 1 h, Ta med 1h
[2026-09-25 05:40:23] 242: 3/4 variables -> HRa med 1h, Ll acu 1 h, Ta med 1h
[2026-09-25 05:40:23] 243: 3/4 variables -> HRa med 1h, Ll acu 1 h, Ta med 1h
[2026-09-25 05:40:24] 244: SIN DATOS EN EL ÚLTIMO DÍA
[2026-09-25 05:40:24] 245: 3/4 variables -> HRa med 1h, Ll acu 1 h, Ta med 1h
[2026-09-25 05:40:25] 246: 3/4 variables -> HRa med 1h, Ll acu 1 h, Ta med 1h
[2026-09-25 05:40:25] 247: 3/4 variables -> HRa med 1h, Ll acu 1 h, Ta med 1h
[2026-09-25 05:40:25] 215: histórico actualizado -> 60 filas
[2026-09-25 05:40:25] 216: histórico actualizado -> 47 filas
[2026-09-25 05:40:26] 217: histórico actualizado -> 62 filas
[2026-09-25 05:40:26] 218: histórico actualizado -> 62 filas
[2026-09-25 05:40:26] 220: histórico actualizado -> 60 filas
[2026-09-25 05:40:26] 221: histórico actualizado -> 122 filas
[2026-09-25 05:40:26] 223: histórico actualizado -> 121 filas
[2026-09-25 05:40:26] 225: histórico actualizado -> 121 filas
[2026-09-25 05:40:26] 226: histórico actualizado -> 121 filas
[2026-09-25 05:40:26] 227: histórico actualizado -> 122 filas
[2026-09-25 05:40:26] 228: histórico actualizado -> 121 filas
[2026-09-25 05:40:26] 229: histórico actualizado -> 121 filas
[2026-09-25 05:40:26] 231: histórico actualizado -> 120 filas
[2026-09-25 05:40:26] 232: histórico actualizado -> 105 filas
[2026-09-25 05:40:26] 234: histórico actualizado -> 121 filas
[2026-09-25 05:40:26] 235: histórico actualizado -> 106 filas
[2026-09-25 05:40:26] 236: histórico actualizado -> 121 filas
[2026-09-25 05:40:26] 238: histórico actualizado -> 122 filas
[2026-09-25 05:40:26] 240: histórico actualizado -> 111 filas
[2026-09-25 05:40:26] 241: histórico actualizado -> 75 filas
[2026-09-25 05:40:26] 242: histórico actualizado -> 115 filas
[2026-09-25 05:40:26] 243: histórico actualizado -> 121 filas
[2026-09-25 05:40:26] 245: histórico actualizado -> 86 filas
[2026-09-25 05:40:26] 246: histórico actualizado -> 21 filas
[2026-09-25 05:40:26] 247: histórico actualizado -> 121 filas
[2026-09-25 05:40:26] Catálogo actualizado: 32 estaciones
[2026-09-25 05:40:26] FIN DEL PROCESO - 21.2 segundos
[2026-09-25 06:40:06] INICIO DEL PROCESO
[2026-09-25 06:40:06] Abriendo página de login...
[2026-09-25 06:40:07] Realizando login...
[2026-09-25 06:40:07] LOGIN OK -> https://polaris.adrtecnology.com/gis/map
[2026-09-25 06:40:07] Estaciones conservadas del catálogo histórico: 32
[2026-09-25 06:40:07] Estaciones obtenidas desde viewer: 20
[2026-09-25 06:40:09] Estaciones obtenidas directamente desde GIS: 32
[2026-09-25 06:40:09] 200: SIN DATOS EN EL ÚLTIMO DÍA
[2026-09-25 06:40:10] 215: 1/4 variables -> Ll acu 1 h
[2026-09-25 06:40:10] 216: 3/4 variables -> HRa med 1h, Ll acu 1 h, Ta med 1h
[2026-09-25 06:40:11] 217: 3/4 variables -> HRa med 1h, Ll acu 1 h, Ta med 1h
[2026-09-25 06:40:11] 218: 2/4 variables -> Ll acu 1 h, Ta med 1h
[2026-09-25 06:40:12] 220: 1/4 variables -> PP Acc (1h)
[2026-09-25 06:40:13] 221: 3/4 variables -> HRa med 1h, Ll acu 1 h, Ta med 1h
[2026-09-25 06:40:13] 223: 3/4 variables -> HRa med 1h, Ll acu 1 h, Ta med 1h
[2026-09-25 06:40:14] 224: SIN DATOS EN EL ÚLTIMO DÍA
[2026-09-25 06:40:14] 225: 3/4 variables -> HRa med 1h, Ll acu 1 h, Ta med 1h
[2026-09-25 06:40:15] 226: 3/4 variables -> HRa med 1h, Ll acu 1 h, Ta med 1h
[2026-09-25 06:40:15] 227: 3/4 variables -> HRa med 1h, Ll acu 1 h, Ta med 1h
[2026-09-25 06:40:16] 228: 3/4 variables -> HRa med 1h, Ll acu 1 h, Ta med 1h
[2026-09-25 06:40:16] 229: 3/4 variables -> HRa med 1h, Ll acu 1 h, Ta med 1h
[2026-09-25 06:40:17] 230: SIN DATOS EN EL ÚLTIMO DÍA
[2026-09-25 06:40:18] 231: 3/4 variables -> HRa med 1h, Ll acu 1 h, Ta med 1h
[2026-09-25 06:40:18] 232: 3/4 variables -> HRa med 1h, Ll acu 1 h, Ta med 1h
[2026-09-25 06:40:19] 233: SIN DATOS EN EL ÚLTIMO DÍA
[2026-09-25 06:40:19] 234: 3/4 variables -> HRa med 1h, Ll acu 1 h, Ta med 1h
[2026-09-25 06:40:20] 235: 3/4 variables -> HRa med 1h, Ll acu 1 h, Ta med 1h
[2026-09-25 06:40:20] 236: 3/4 variables -> HRa med 1h, Ll acu 1 h, Ta med 1h
[2026-09-25 06:40:21] 237: SIN DATOS EN EL ÚLTIMO DÍA
[2026-09-25 06:40:21] 238: 3/4 variables -> HRa med 1h, Ll acu 1 h, Ta med 1h
[2026-09-25 06:40:22] 239: SIN DATOS EN EL ÚLTIMO DÍA
[2026-09-25 06:40:22] 240: 3/4 variables -> HRa med 1h, Ll acu 1 h, Ta med 1h
[2026-09-25 06:40:23] 241: 3/4 variables -> HRa med 1h, Ll acu 1 h, Ta med 1h
[2026-09-25 06:40:24] 242: 3/4 variables -> HRa med 1h, Ll acu 1 h, Ta med 1h
[2026-09-25 06:40:24] 243: 3/4 variables -> HRa med 1h, Ll acu 1 h, Ta med 1h
[2026-09-25 06:40:25] 244: SIN DATOS EN EL ÚLTIMO DÍA
[2026-09-25 06:40:25] 245: 3/4 variables -> HRa med 1h, Ll acu 1 h, Ta med 1h
[2026-09-25 06:40:26] 246: 3/4 variables -> HRa med 1h, Ll acu 1 h, Ta med 1h
[2026-09-25 06:40:27] 247: 3/4 variables -> HRa med 1h, Ll acu 1 h, Ta med 1h
[2026-09-25 06:40:27] 215: histórico actualizado -> 60 filas
[2026-09-25 06:40:27] 216: histórico actualizado -> 47 filas
[2026-09-25 06:40:27] 217: histórico actualizado -> 62 filas
[2026-09-25 06:40:27] 218: histórico actualizado -> 62 filas
[2026-09-25 06:40:27] 220: histórico actualizado -> 60 filas
[2026-09-25 06:40:27] 221: histórico actualizado -> 122 filas
[2026-09-25 06:40:27] 223: histórico actualizado -> 121 filas
[2026-09-25 06:40:27] 225: histórico actualizado -> 121 filas
[2026-09-25 06:40:27] 226: histórico actualizado -> 121 filas
[2026-09-25 06:40:27] 227: histórico actualizado -> 122 filas
[2026-09-25 06:40:27] 228: histórico actualizado -> 121 filas
[2026-09-25 06:40:27] 229: histórico actualizado -> 121 filas
[2026-09-25 06:40:27] 231: histórico actualizado -> 120 filas
[2026-09-25 06:40:27] 232: histórico actualizado -> 105 filas
[2026-09-25 06:40:27] 234: histórico actualizado -> 121 filas
[2026-09-25 06:40:27] 235: histórico actualizado -> 106 filas
[2026-09-25 06:40:27] 236: histórico actualizado -> 121 filas
[2026-09-25 06:40:28] 238: histórico actualizado -> 122 filas
[2026-09-25 06:40:28] 240: histórico actualizado -> 111 filas
[2026-09-25 06:40:28] 241: histórico actualizado -> 75 filas
[2026-09-25 06:40:28] 242: histórico actualizado -> 115 filas
[2026-09-25 06:40:28] 243: histórico actualizado -> 121 filas
[2026-09-25 06:40:28] 245: histórico actualizado -> 86 filas
[2026-09-25 06:40:28] 246: histórico actualizado -> 21 filas
[2026-09-25 06:40:28] 247: histórico actualizado -> 121 filas
[2026-09-25 06:40:28] Catálogo actualizado: 32 estaciones
[2026-09-25 06:40:28] FIN DEL PROCESO - 22.1 segundos
[2026-09-25 07:40:06] INICIO DEL PROCESO
[2026-09-25 07:40:06] Abriendo página de login...
[2026-09-25 07:40:06] Realizando login...
[2026-09-25 07:40:07] LOGIN OK -> https://polaris.adrtecnology.com/gis/map
[2026-09-25 07:40:07] Estaciones conservadas del catálogo histórico: 32
[2026-09-25 07:40:07] Estaciones obtenidas desde viewer: 20
[2026-09-25 07:40:09] Estaciones obtenidas directamente desde GIS: 32
[2026-09-25 07:40:09] 200: SIN DATOS EN EL ÚLTIMO DÍA
[2026-09-25 07:40:09] 215: 1/4 variables -> Ll acu 1 h
[2026-09-25 07:40:10] 216: 3/4 variables -> HRa med 1h, Ll acu 1 h, Ta med 1h
[2026-09-25 07:40:10] 217: 3/4 variables -> HRa med 1h, Ll acu 1 h, Ta med 1h
[2026-09-25 07:40:11] 218: 2/4 variables -> Ll acu 1 h, Ta med 1h
[2026-09-25 07:40:12] 220: 1/4 variables -> PP Acc (1h)
[2026-09-25 07:40:12] 221: 3/4 variables -> HRa med 1h, Ll acu 1 h, Ta med 1h
[2026-09-25 07:40:13] 223: 3/4 variables -> HRa med 1h, Ll acu 1 h, Ta med 1h
[2026-09-25 07:40:13] 224: SIN DATOS EN EL ÚLTIMO DÍA
[2026-09-25 07:40:14] 225: 3/4 variables -> HRa med 1h, Ll acu 1 h, Ta med 1h
[2026-09-25 07:40:14] 226: 3/4 variables -> HRa med 1h, Ll acu 1 h, Ta med 1h
[2026-09-25 07:40:15] 227: 3/4 variables -> HRa med 1h, Ll acu 1 h, Ta med 1h
[2026-09-25 07:40:15] 228: 3/4 variables -> HRa med 1h, Ll acu 1 h, Ta med 1h
[2026-09-25 07:40:16] 229: 3/4 variables -> HRa med 1h, Ll acu 1 h, Ta med 1h
[2026-09-25 07:40:17] 230: SIN DATOS EN EL ÚLTIMO DÍA
[2026-09-25 07:40:17] 231: 3/4 variables -> HRa med 1h, Ll acu 1 h, Ta med 1h
[2026-09-25 07:40:18] 232: 3/4 variables -> HRa med 1h, Ll acu 1 h, Ta med 1h
[2026-09-25 07:40:18] 233: SIN DATOS EN EL ÚLTIMO DÍA
[2026-09-25 07:40:19] 234: 3/4 variables -> HRa med 1h, Ll acu 1 h, Ta med 1h
[2026-09-25 07:40:19] 235: 3/4 variables -> HRa med 1h, Ll acu 1 h, Ta med 1h
[2026-09-25 07:40:20] 236: 3/4 variables -> HRa med 1h, Ll acu 1 h, Ta med 1h
[2026-09-25 07:40:21] 237: SIN DATOS EN EL ÚLTIMO DÍA
[2026-09-25 07:40:21] 238: 3/4 variables -> HRa med 1h, Ll acu 1 h, Ta med 1h
[2026-09-25 07:40:22] 239: SIN DATOS EN EL ÚLTIMO DÍA
[2026-09-25 07:40:22] 240: 3/4 variables -> HRa med 1h, Ll acu 1 h, Ta med 1h
[2026-09-25 07:40:23] 241: 3/4 variables -> HRa med 1h, Ll acu 1 h, Ta med 1h
[2026-09-25 07:40:23] 242: 3/4 variables -> HRa med 1h, Ll acu 1 h, Ta med 1h
[2026-09-25 07:40:24] 243: 3/4 variables -> HRa med 1h, Ll acu 1 h, Ta med 1h
[2026-09-25 07:40:24] 244: SIN DATOS EN EL ÚLTIMO DÍA
[2026-09-25 07:40:25] 245: 3/4 variables -> HRa med 1h, Ll acu 1 h, Ta med 1h
[2026-09-25 07:40:26] 246: 3/4 variables -> HRa med 1h, Ll acu 1 h, Ta med 1h
[2026-09-25 07:40:26] 247: 3/4 variables -> HRa med 1h, Ll acu 1 h, Ta med 1h
[2026-09-25 07:40:27] 215: histórico actualizado -> 60 filas
[2026-09-25 07:40:27] 216: histórico actualizado -> 47 filas
[2026-09-25 07:40:27] 217: histórico actualizado -> 62 filas
[2026-09-25 07:40:27] 218: histórico actualizado -> 62 filas
[2026-09-25 07:40:27] 220: histórico actualizado -> 60 filas
[2026-09-25 07:40:27] 221: histórico actualizado -> 122 filas
[2026-09-25 07:40:27] 223: histórico actualizado -> 121 filas
[2026-09-25 07:40:27] 225: histórico actualizado -> 121 filas
[2026-09-25 07:40:27] 226: histórico actualizado -> 121 filas
[2026-09-25 07:40:27] 227: histórico actualizado -> 122 filas
[2026-09-25 07:40:27] 228: histórico actualizado -> 121 filas
[2026-09-25 07:40:27] 229: histórico actualizado -> 121 filas
[2026-09-25 07:40:27] 231: histórico actualizado -> 120 filas
[2026-09-25 07:40:27] 232: histórico actualizado -> 105 filas
[2026-09-25 07:40:27] 234: histórico actualizado -> 121 filas
[2026-09-25 07:40:27] 235: histórico actualizado -> 106 filas
[2026-09-25 07:40:27] 236: histórico actualizado -> 121 filas
[2026-09-25 07:40:27] 238: histórico actualizado -> 122 filas
[2026-09-25 07:40:27] 240: histórico actualizado -> 111 filas
[2026-09-25 07:40:27] 241: histórico actualizado -> 75 filas
[2026-09-25 07:40:27] 242: histórico actualizado -> 115 filas
[2026-09-25 07:40:27] 243: histórico actualizado -> 121 filas
[2026-09-25 07:40:27] 245: histórico actualizado -> 86 filas
[2026-09-25 07:40:27] 246: histórico actualizado -> 21 filas
[2026-09-25 07:40:27] 247: histórico actualizado -> 121 filas
[2026-09-25 07:40:27] Catálogo actualizado: 32 estaciones
[2026-09-25 07:40:27] FIN DEL PROCESO - 21.9 segundos
[2026-09-25 08:40:06] INICIO DEL PROCESO
[2026-09-25 08:40:06] Abriendo página de login...
[2026-09-25 08:40:07] Realizando login...
[2026-09-25 08:40:08] LOGIN OK -> https://polaris.adrtecnology.com/gis/map
[2026-09-25 08:40:08] Estaciones conservadas del catálogo histórico: 32
[2026-09-25 08:40:09] Estaciones obtenidas desde viewer: 20
[2026-09-25 08:40:14] Estaciones obtenidas directamente desde GIS: 32
[2026-09-25 08:40:14] 200: SIN DATOS EN EL ÚLTIMO DÍA
[2026-09-25 08:40:15] 215: 1/4 variables -> Ll acu 1 h
[2026-09-25 08:40:15] 216: 3/4 variables -> HRa med 1h, Ll acu 1 h, Ta med 1h
[2026-09-25 08:40:16] 217: 3/4 variables -> HRa med 1h, Ll acu 1 h, Ta med 1h
[2026-09-25 08:40:16] 218: 2/4 variables -> Ll acu 1 h, Ta med 1h
[2026-09-25 08:40:17] 220: 1/4 variables -> PP Acc (1h)
[2026-09-25 08:40:17] 221: 3/4 variables -> HRa med 1h, Ll acu 1 h, Ta med 1h
[2026-09-25 08:40:18] 223: 3/4 variables -> HRa med 1h, Ll acu 1 h, Ta med 1h
[2026-09-25 08:40:19] 224: SIN DATOS EN EL ÚLTIMO DÍA
[2026-09-25 08:40:19] 225: 3/4 variables -> HRa med 1h, Ll acu 1 h, Ta med 1h
[2026-09-25 08:40:20] 226: 3/4 variables -> HRa med 1h, Ll acu 1 h, Ta med 1h
[2026-09-25 08:40:21] 227: 3/4 variables -> HRa med 1h, Ll acu 1 h, Ta med 1h
[2026-09-25 08:40:21] 228: 3/4 variables -> HRa med 1h, Ll acu 1 h, Ta med 1h
[2026-09-25 08:40:22] 229: 3/4 variables -> HRa med 1h, Ll acu 1 h, Ta med 1h
[2026-09-25 08:40:22] 230: SIN DATOS EN EL ÚLTIMO DÍA
[2026-09-25 08:40:23] 231: 3/4 variables -> HRa med 1h, Ll acu 1 h, Ta med 1h
[2026-09-25 08:40:23] 232: 3/4 variables -> HRa med 1h, Ll acu 1 h, Ta med 1h
[2026-09-25 08:40:24] 233: SIN DATOS EN EL ÚLTIMO DÍA
[2026-09-25 08:40:24] 234: 3/4 variables -> HRa med 1h, Ll acu 1 h, Ta med 1h
[2026-09-25 08:40:25] 235: 3/4 variables -> HRa med 1h, Ll acu 1 h, Ta med 1h
[2026-09-25 08:40:26] 236: 3/4 variables -> HRa med 1h, Ll acu 1 h, Ta med 1h
[2026-09-25 08:40:26] 237: SIN DATOS EN EL ÚLTIMO DÍA
[2026-09-25 08:40:27] 238: 3/4 variables -> HRa med 1h, Ll acu 1 h, Ta med 1h
[2026-09-25 08:40:27] 239: SIN DATOS EN EL ÚLTIMO DÍA
[2026-09-25 08:40:28] 240: 3/4 variables -> HRa med 1h, Ll acu 1 h, Ta med 1h
[2026-09-25 08:40:29] 241: 3/4 variables -> HRa med 1h, Ll acu 1 h, Ta med 1h
[2026-09-25 08:40:29] 242: 3/4 variables -> HRa med 1h, Ll acu 1 h, Ta med 1h
[2026-09-25 08:40:30] 243: 3/4 variables -> HRa med 1h, Ll acu 1 h, Ta med 1h
[2026-09-25 08:40:30] 244: SIN DATOS EN EL ÚLTIMO DÍA
[2026-09-25 08:40:31] 245: 3/4 variables -> HRa med 1h, Ll acu 1 h, Ta med 1h
[2026-09-25 08:40:31] 246: 3/4 variables -> HRa med 1h, Ll acu 1 h, Ta med 1h
[2026-09-25 08:40:32] 247: 3/4 variables -> HRa med 1h, Ll acu 1 h, Ta med 1h
[2026-09-25 08:40:32] 215: histórico actualizado -> 60 filas
[2026-09-25 08:40:32] 216: histórico actualizado -> 47 filas
[2026-09-25 08:40:32] 217: histórico actualizado -> 62 filas
[2026-09-25 08:40:32] 218: histórico actualizado -> 62 filas
[2026-09-25 08:40:32] 220: histórico actualizado -> 60 filas
[2026-09-25 08:40:32] 221: histórico actualizado -> 122 filas
[2026-09-25 08:40:32] 223: histórico actualizado -> 121 filas
[2026-09-25 08:40:32] 225: histórico actualizado -> 121 filas
[2026-09-25 08:40:33] 226: histórico actualizado -> 121 filas
[2026-09-25 08:40:33] 227: histórico actualizado -> 122 filas
[2026-09-25 08:40:33] 228: histórico actualizado -> 121 filas
[2026-09-25 08:40:33] 229: histórico actualizado -> 121 filas
[2026-09-25 08:40:33] 231: histórico actualizado -> 120 filas
[2026-09-25 08:40:33] 232: histórico actualizado -> 105 filas
[2026-09-25 08:40:33] 234: histórico actualizado -> 121 filas
[2026-09-25 08:40:33] 235: histórico actualizado -> 106 filas
[2026-09-25 08:40:33] 236: histórico actualizado -> 121 filas
[2026-09-25 08:40:33] 238: histórico actualizado -> 122 filas
[2026-09-25 08:40:33] 240: histórico actualizado -> 111 filas
[2026-09-25 08:40:33] 241: histórico actualizado -> 75 filas
[2026-09-25 08:40:33] 242: histórico actualizado -> 115 filas
[2026-09-25 08:40:33] 243: histórico actualizado -> 121 filas
[2026-09-25 08:40:33] 245: histórico actualizado -> 86 filas
[2026-09-25 08:40:33] 246: histórico actualizado -> 21 filas
[2026-09-25 08:40:33] 247: histórico actualizado -> 121 filas
[2026-09-25 08:40:33] Catálogo actualizado: 32 estaciones
[2026-09-25 08:40:33] FIN DEL PROCESO - 27.2 segundos
[2026-09-25 09:40:06] INICIO DEL PROCESO
[2026-09-25 09:40:06] Abriendo página de login...
[2026-09-25 09:40:06] Realizando login...
[2026-09-25 09:40:07] LOGIN OK -> https://polaris.adrtecnology.com/gis/map
[2026-09-25 09:40:07] Estaciones conservadas del catálogo histórico: 32
[2026-09-25 09:40:07] Estaciones obtenidas desde viewer: 20
[2026-09-25 09:40:09] Estaciones obtenidas directamente desde GIS: 32
[2026-09-25 09:40:09] 200: SIN DATOS EN EL ÚLTIMO DÍA
[2026-09-25 09:40:09] 215: 1/4 variables -> Ll acu 1 h
[2026-09-25 09:40:10] 216: 3/4 variables -> HRa med 1h, Ll acu 1 h, Ta med 1h
[2026-09-25 09:40:10] 217: 3/4 variables -> HRa med 1h, Ll acu 1 h, Ta med 1h
[2026-09-25 09:40:11] 218: 2/4 variables -> Ll acu 1 h, Ta med 1h
[2026-09-25 09:40:11] 220: 1/4 variables -> PP Acc (1h)
[2026-09-25 09:40:12] 221: 3/4 variables -> HRa med 1h, Ll acu 1 h, Ta med 1h
[2026-09-25 09:40:13] 223: 3/4 variables -> HRa med 1h, Ll acu 1 h, Ta med 1h
[2026-09-25 09:40:13] 224: SIN DATOS EN EL ÚLTIMO DÍA
[2026-09-25 09:40:14] 225: 3/4 variables -> HRa med 1h, Ll acu 1 h, Ta med 1h
[2026-09-25 09:40:14] 226: 3/4 variables -> HRa med 1h, Ll acu 1 h, Ta med 1h
[2026-09-25 09:40:15] 227: 3/4 variables -> HRa med 1h, Ll acu 1 h, Ta med 1h
[2026-09-25 09:40:15] 228: 3/4 variables -> HRa med 1h, Ll acu 1 h, Ta med 1h
[2026-09-25 09:40:16] 229: 3/4 variables -> HRa med 1h, Ll acu 1 h, Ta med 1h
[2026-09-25 09:40:16] 230: SIN DATOS EN EL ÚLTIMO DÍA
[2026-09-25 09:40:17] 231: 3/4 variables -> HRa med 1h, Ll acu 1 h, Ta med 1h
[2026-09-25 09:40:17] 232: 3/4 variables -> HRa med 1h, Ll acu 1 h, Ta med 1h
[2026-09-25 09:40:18] 233: SIN DATOS EN EL ÚLTIMO DÍA
[2026-09-25 09:40:18] 234: 3/4 variables -> HRa med 1h, Ll acu 1 h, Ta med 1h
[2026-09-25 09:40:19] 235: 3/4 variables -> HRa med 1h, Ll acu 1 h, Ta med 1h
[2026-09-25 09:40:19] 236: 3/4 variables -> HRa med 1h, Ll acu 1 h, Ta med 1h
[2026-09-25 09:40:20] 237: SIN DATOS EN EL ÚLTIMO DÍA
[2026-09-25 09:40:21] 238: 3/4 variables -> HRa med 1h, Ll acu 1 h, Ta med 1h
[2026-09-25 09:40:21] 239: SIN DATOS EN EL ÚLTIMO DÍA
[2026-09-25 09:40:22] 240: 3/4 variables -> HRa med 1h, Ll acu 1 h, Ta med 1h
[2026-09-25 09:40:22] 241: 3/4 variables -> HRa med 1h, Ll acu 1 h, Ta med 1h
[2026-09-25 09:40:23] 242: 3/4 variables -> HRa med 1h, Ll acu 1 h, Ta med 1h
[2026-09-25 09:40:23] 243: 3/4 variables -> HRa med 1h, Ll acu 1 h, Ta med 1h
[2026-09-25 09:40:24] 244: SIN DATOS EN EL ÚLTIMO DÍA
[2026-09-25 09:40:24] 245: 3/4 variables -> HRa med 1h, Ll acu 1 h, Ta med 1h
[2026-09-25 09:40:25] 246: 3/4 variables -> HRa med 1h, Ll acu 1 h, Ta med 1h
[2026-09-25 09:40:25] 247: 3/4 variables -> HRa med 1h, Ll acu 1 h, Ta med 1h
[2026-09-25 09:40:26] 215: histórico actualizado -> 61 filas
[2026-09-25 09:40:26] 216: histórico actualizado -> 48 filas
[2026-09-25 09:40:26] 217: histórico actualizado -> 63 filas
[2026-09-25 09:40:26] 218: histórico actualizado -> 63 filas
[2026-09-25 09:40:26] 220: histórico actualizado -> 61 filas
[2026-09-25 09:40:26] 221: histórico actualizado -> 124 filas
[2026-09-25 09:40:26] 223: histórico actualizado -> 123 filas
[2026-09-25 09:40:26] 225: histórico actualizado -> 123 filas
[2026-09-25 09:40:26] 226: histórico actualizado -> 123 filas
[2026-09-25 09:40:26] 227: histórico actualizado -> 124 filas
[2026-09-25 09:40:26] 228: histórico actualizado -> 123 filas
[2026-09-25 09:40:26] 229: histórico actualizado -> 123 filas
[2026-09-25 09:40:26] 231: histórico actualizado -> 122 filas
[2026-09-25 09:40:26] 232: histórico actualizado -> 105 filas
[2026-09-25 09:40:26] 234: histórico actualizado -> 123 filas
[2026-09-25 09:40:26] 235: histórico actualizado -> 108 filas
[2026-09-25 09:40:26] 236: histórico actualizado -> 123 filas
[2026-09-25 09:40:26] 238: histórico actualizado -> 124 filas
[2026-09-25 09:40:26] 240: histórico actualizado -> 113 filas
[2026-09-25 09:40:27] 241: histórico actualizado -> 77 filas
[2026-09-25 09:40:27] 242: histórico actualizado -> 117 filas
[2026-09-25 09:40:27] 243: histórico actualizado -> 123 filas
[2026-09-25 09:40:27] 245: histórico actualizado -> 88 filas
[2026-09-25 09:40:27] 246: histórico actualizado -> 23 filas
[2026-09-25 09:40:27] 247: histórico actualizado -> 123 filas
[2026-09-25 09:40:27] Catálogo actualizado: 32 estaciones
[2026-09-25 09:40:27] FIN DEL PROCESO - 21.0 segundos
[2026-09-25 10:40:05] INICIO DEL PROCESO
[2026-09-25 10:40:05] Abriendo página de login...
[2026-09-25 10:40:05] Realizando login...
[2026-09-25 10:40:06] LOGIN OK -> https://polaris.adrtecnology.com/gis/map
[2026-09-25 10:40:06] Estaciones conservadas del catálogo histórico: 32
[2026-09-25 10:40:06] Estaciones obtenidas desde viewer: 20
[2026-09-25 10:40:08] Estaciones obtenidas directamente desde GIS: 32
[2026-09-25 10:40:08] 200: SIN DATOS EN EL ÚLTIMO DÍA
[2026-09-25 10:40:09] 215: 1/4 variables -> Ll acu 1 h
[2026-09-25 10:40:09] 216: 3/4 variables -> HRa med 1h, Ll acu 1 h, Ta med 1h
[2026-09-25 10:40:09] 217: 3/4 variables -> HRa med 1h, Ll acu 1 h, Ta med 1h
[2026-09-25 10:40:10] 218: 2/4 variables -> Ll acu 1 h, Ta med 1h
[2026-09-25 10:40:11] 220: 1/4 variables -> PP Acc (1h)
[2026-09-25 10:40:11] 221: 3/4 variables -> HRa med 1h, Ll acu 1 h, Ta med 1h
[2026-09-25 10:40:12] 223: 3/4 variables -> HRa med 1h, Ll acu 1 h, Ta med 1h
[2026-09-25 10:40:12] 224: SIN DATOS EN EL ÚLTIMO DÍA
[2026-09-25 10:40:13] 225: 3/4 variables -> HRa med 1h, Ll acu 1 h, Ta med 1h
[2026-09-25 10:40:13] 226: 3/4 variables -> HRa med 1h, Ll acu 1 h, Ta med 1h
[2026-09-25 10:40:14] 227: 3/4 variables -> HRa med 1h, Ll acu 1 h, Ta med 1h
[2026-09-25 10:40:14] 228: 3/4 variables -> HRa med 1h, Ll acu 1 h, Ta med 1h
[2026-09-25 10:40:15] 229: 3/4 variables -> HRa med 1h, Ll acu 1 h, Ta med 1h
[2026-09-25 10:40:15] 230: SIN DATOS EN EL ÚLTIMO DÍA
[2026-09-25 10:40:16] 231: 3/4 variables -> HRa med 1h, Ll acu 1 h, Ta med 1h
[2026-09-25 10:40:16] 232: 3/4 variables -> HRa med 1h, Ll acu 1 h, Ta med 1h
[2026-09-25 10:40:17] 233: SIN DATOS EN EL ÚLTIMO DÍA
[2026-09-25 10:40:17] 234: 3/4 variables -> HRa med 1h, Ll acu 1 h, Ta med 1h
[2026-09-25 10:40:18] 235: 3/4 variables -> HRa med 1h, Ll acu 1 h, Ta med 1h
[2026-09-25 10:40:19] 236: 3/4 variables -> HRa med 1h, Ll acu 1 h, Ta med 1h
[2026-09-25 10:40:19] 237: SIN DATOS EN EL ÚLTIMO DÍA
[2026-09-25 10:40:20] 238: 3/4 variables -> HRa med 1h, Ll acu 1 h, Ta med 1h
[2026-09-25 10:40:20] 239: SIN DATOS EN EL ÚLTIMO DÍA
[2026-09-25 10:40:21] 240: 3/4 variables -> HRa med 1h, Ll acu 1 h, Ta med 1h
[2026-09-25 10:40:21] 241: 3/4 variables -> HRa med 1h, Ll acu 1 h, Ta med 1h
[2026-09-25 10:40:22] 242: 3/4 variables -> HRa med 1h, Ll acu 1 h, Ta med 1h
[2026-09-25 10:40:22] 243: 3/4 variables -> HRa med 1h, Ll acu 1 h, Ta med 1h
[2026-09-25 10:40:23] 244: SIN DATOS EN EL ÚLTIMO DÍA
[2026-09-25 10:40:23] 245: 3/4 variables -> HRa med 1h, Ll acu 1 h, Ta med 1h
[2026-09-25 10:40:24] 246: 3/4 variables -> HRa med 1h, Ll acu 1 h, Ta med 1h
[2026-09-25 10:40:24] 247: 3/4 variables -> HRa med 1h, Ll acu 1 h, Ta med 1h
[2026-09-25 10:40:25] 215: histórico actualizado -> 62 filas
[2026-09-25 10:40:25] 216: histórico actualizado -> 49 filas
[2026-09-25 10:40:25] 217: histórico actualizado -> 64 filas
[2026-09-25 10:40:25] 218: histórico actualizado -> 64 filas
[2026-09-25 10:40:25] 220: histórico actualizado -> 62 filas
[2026-09-25 10:40:25] 221: histórico actualizado -> 126 filas
[2026-09-25 10:40:25] 223: histórico actualizado -> 125 filas
[2026-09-25 10:40:25] 225: histórico actualizado -> 125 filas
[2026-09-25 10:40:25] 226: histórico actualizado -> 125 filas
[2026-09-25 10:40:25] 227: histórico actualizado -> 126 filas
[2026-09-25 10:40:25] 228: histórico actualizado -> 125 filas
[2026-09-25 10:40:25] 229: histórico actualizado -> 125 filas
[2026-09-25 10:40:25] 231: histórico actualizado -> 124 filas
[2026-09-25 10:40:25] 232: histórico actualizado -> 105 filas
[2026-09-25 10:40:25] 234: histórico actualizado -> 125 filas
[2026-09-25 10:40:25] 235: histórico actualizado -> 110 filas
[2026-09-25 10:40:25] 236: histórico actualizado -> 125 filas
[2026-09-25 10:40:25] 238: histórico actualizado -> 126 filas
[2026-09-25 10:40:25] 240: histórico actualizado -> 113 filas
[2026-09-25 10:40:25] 241: histórico actualizado -> 79 filas
[2026-09-25 10:40:25] 242: histórico actualizado -> 119 filas
[2026-09-25 10:40:25] 243: histórico actualizado -> 125 filas
[2026-09-25 10:40:25] 245: histórico actualizado -> 89 filas
[2026-09-25 10:40:26] 246: histórico actualizado -> 25 filas
[2026-09-25 10:40:26] 247: histórico actualizado -> 125 filas
[2026-09-25 10:40:26] Catálogo actualizado: 32 estaciones
[2026-09-25 10:40:26] FIN DEL PROCESO - 20.7 segundos
[2026-09-25 11:40:08] INICIO DEL PROCESO
[2026-09-25 11:40:08] Abriendo página de login...
[2026-09-25 11:40:09] Realizando login...
[2026-09-25 11:40:09] LOGIN OK -> https://polaris.adrtecnology.com/gis/map
[2026-09-25 11:40:09] Estaciones conservadas del catálogo histórico: 32
[2026-09-25 11:40:10] Estaciones obtenidas desde viewer: 20
[2026-09-25 11:40:11] Estaciones obtenidas directamente desde GIS: 32
[2026-09-25 11:40:12] 200: SIN DATOS EN EL ÚLTIMO DÍA
[2026-09-25 11:40:12] 215: 1/4 variables -> Ll acu 1 h
[2026-09-25 11:40:13] 216: 3/4 variables -> HRa med 1h, Ll acu 1 h, Ta med 1h
[2026-09-25 11:40:13] 217: 3/4 variables -> HRa med 1h, Ll acu 1 h, Ta med 1h
[2026-09-25 11:40:14] 218: 2/4 variables -> Ll acu 1 h, Ta med 1h
[2026-09-25 11:40:14] 220: 1/4 variables -> PP Acc (1h)
[2026-09-25 11:40:15] 221: 3/4 variables -> HRa med 1h, Ll acu 1 h, Ta med 1h
[2026-09-25 11:40:15] 223: 3/4 variables -> HRa med 1h, Ll acu 1 h, Ta med 1h
[2026-09-25 11:40:16] 224: SIN DATOS EN EL ÚLTIMO DÍA
[2026-09-25 11:40:17] 225: 3/4 variables -> HRa med 1h, Ll acu 1 h, Ta med 1h
[2026-09-25 11:40:17] 226: 3/4 variables -> HRa med 1h, Ll acu 1 h, Ta med 1h
[2026-09-25 11:40:18] 227: 3/4 variables -> HRa med 1h, Ll acu 1 h, Ta med 1h
[2026-09-25 11:40:18] 228: 3/4 variables -> HRa med 1h, Ll acu 1 h, Ta med 1h
[2026-09-25 11:40:19] 229: 3/4 variables -> HRa med 1h, Ll acu 1 h, Ta med 1h
[2026-09-25 11:40:19] 230: SIN DATOS EN EL ÚLTIMO DÍA
[2026-09-25 11:40:20] 231: 3/4 variables -> HRa med 1h, Ll acu 1 h, Ta med 1h
[2026-09-25 11:40:20] 232: 3/4 variables -> HRa med 1h, Ll acu 1 h, Ta med 1h
[2026-09-25 11:40:21] 233: SIN DATOS EN EL ÚLTIMO DÍA
[2026-09-25 11:40:21] 234: 3/4 variables -> HRa med 1h, Ll acu 1 h, Ta med 1h
[2026-09-25 11:40:22] 235: 3/4 variables -> HRa med 1h, Ll acu 1 h, Ta med 1h
[2026-09-25 11:40:23] 236: 3/4 variables -> HRa med 1h, Ll acu 1 h, Ta med 1h
[2026-09-25 11:40:23] 237: SIN DATOS EN EL ÚLTIMO DÍA
[2026-09-25 11:40:24] 238: 3/4 variables -> HRa med 1h, Ll acu 1 h, Ta med 1h
[2026-09-25 11:40:24] 239: SIN DATOS EN EL ÚLTIMO DÍA
[2026-09-25 11:40:25] 240: 3/4 variables -> HRa med 1h, Ll acu 1 h, Ta med 1h
[2026-09-25 11:40:25] 241: 3/4 variables -> HRa med 1h, Ll acu 1 h, Ta med 1h
[2026-09-25 11:40:26] 242: 3/4 variables -> HRa med 1h, Ll acu 1 h, Ta med 1h
[2026-09-25 11:40:26] 243: 3/4 variables -> HRa med 1h, Ll acu 1 h, Ta med 1h
[2026-09-25 11:40:27] 244: SIN DATOS EN EL ÚLTIMO DÍA
[2026-09-25 11:40:27] 245: 3/4 variables -> HRa med 1h, Ll acu 1 h, Ta med 1h
[2026-09-25 11:40:28] 246: 3/4 variables -> HRa med 1h, Ll acu 1 h, Ta med 1h
[2026-09-25 11:40:28] 247: 3/4 variables -> HRa med 1h, Ll acu 1 h, Ta med 1h
[2026-09-25 11:40:29] 215: histórico actualizado -> 63 filas
[2026-09-25 11:40:29] 216: histórico actualizado -> 50 filas
[2026-09-25 11:40:29] 217: histórico actualizado -> 65 filas
[2026-09-25 11:40:29] 218: histórico actualizado -> 65 filas
[2026-09-25 11:40:29] 220: histórico actualizado -> 63 filas
[2026-09-25 11:40:29] 221: histórico actualizado -> 128 filas
[2026-09-25 11:40:29] 223: histórico actualizado -> 127 filas
[2026-09-25 11:40:29] 225: histórico actualizado -> 127 filas
[2026-09-25 11:40:29] 226: histórico actualizado -> 127 filas
[2026-09-25 11:40:29] 227: histórico actualizado -> 128 filas
[2026-09-25 11:40:29] 228: histórico actualizado -> 127 filas
[2026-09-25 11:40:29] 229: histórico actualizado -> 127 filas
[2026-09-25 11:40:29] 231: histórico actualizado -> 126 filas
[2026-09-25 11:40:29] 232: histórico actualizado -> 107 filas
[2026-09-25 11:40:30] 234: histórico actualizado -> 127 filas
[2026-09-25 11:40:30] 235: histórico actualizado -> 112 filas
[2026-09-25 11:40:30] 236: histórico actualizado -> 127 filas
[2026-09-25 11:40:30] 238: histórico actualizado -> 128 filas
[2026-09-25 11:40:30] 240: histórico actualizado -> 115 filas
[2026-09-25 11:40:30] 241: histórico actualizado -> 80 filas
[2026-09-25 11:40:30] 242: histórico actualizado -> 121 filas
[2026-09-25 11:40:30] 243: histórico actualizado -> 127 filas
[2026-09-25 11:40:30] 245: histórico actualizado -> 91 filas
[2026-09-25 11:40:30] 246: histórico actualizado -> 25 filas
[2026-09-25 11:40:30] 247: histórico actualizado -> 127 filas
[2026-09-25 11:40:30] Catálogo actualizado: 32 estaciones
[2026-09-25 11:40:30] FIN DEL PROCESO - 21.9 segundos
[2026-09-25 12:40:06] INICIO DEL PROCESO
[2026-09-25 12:40:06] Abriendo página de login...
[2026-09-25 12:40:06] Realizando login...
[2026-09-25 12:40:07] LOGIN OK -> https://polaris.adrtecnology.com/gis/map
[2026-09-25 12:40:07] Estaciones conservadas del catálogo histórico: 32
[2026-09-25 12:40:07] Estaciones obtenidas desde viewer: 20
[2026-09-25 12:40:09] Estaciones obtenidas directamente desde GIS: 32
[2026-09-25 12:40:09] 200: SIN DATOS EN EL ÚLTIMO DÍA
[2026-09-25 12:40:10] 215: 1/4 variables -> Ll acu 1 h
[2026-09-25 12:40:10] 216: 3/4 variables -> HRa med 1h, Ll acu 1 h, Ta med 1h
[2026-09-25 12:40:11] 217: 3/4 variables -> HRa med 1h, Ll acu 1 h, Ta med 1h
[2026-09-25 12:40:11] 218: 2/4 variables -> Ll acu 1 h, Ta med 1h
[2026-09-25 12:40:12] 220: 1/4 variables -> PP Acc (1h)
[2026-09-25 12:40:12] 221: 3/4 variables -> HRa med 1h, Ll acu 1 h, Ta med 1h
[2026-09-25 12:40:13] 223: 3/4 variables -> HRa med 1h, Ll acu 1 h, Ta med 1h
[2026-09-25 12:40:14] 224: SIN DATOS EN EL ÚLTIMO DÍA
[2026-09-25 12:40:14] 225: 3/4 variables -> HRa med 1h, Ll acu 1 h, Ta med 1h
[2026-09-25 12:40:15] 226: 3/4 variables -> HRa med 1h, Ll acu 1 h, Ta med 1h
[2026-09-25 12:40:15] 227: 3/4 variables -> HRa med 1h, Ll acu 1 h, Ta med 1h
[2026-09-25 12:40:16] 228: 3/4 variables -> HRa med 1h, Ll acu 1 h, Ta med 1h
[2026-09-25 12:40:16] 229: 3/4 variables -> HRa med 1h, Ll acu 1 h, Ta med 1h
[2026-09-25 12:40:17] 230: SIN DATOS EN EL ÚLTIMO DÍA
[2026-09-25 12:40:17] 231: 3/4 variables -> HRa med 1h, Ll acu 1 h, Ta med 1h
[2026-09-25 12:40:18] 232: 3/4 variables -> HRa med 1h, Ll acu 1 h, Ta med 1h
[2026-09-25 12:40:19] 233: SIN DATOS EN EL ÚLTIMO DÍA
[2026-09-25 12:40:19] 234: 3/4 variables -> HRa med 1h, Ll acu 1 h, Ta med 1h
[2026-09-25 12:40:20] 235: 3/4 variables -> HRa med 1h, Ll acu 1 h, Ta med 1h
[2026-09-25 12:40:20] 236: 3/4 variables -> HRa med 1h, Ll acu 1 h, Ta med 1h
[2026-09-25 12:40:21] 237: SIN DATOS EN EL ÚLTIMO DÍA
[2026-09-25 12:40:21] 238: 3/4 variables -> HRa med 1h, Ll acu 1 h, Ta med 1h
[2026-09-25 12:40:22] 239: SIN DATOS EN EL ÚLTIMO DÍA
[2026-09-25 12:40:23] 240: 3/4 variables -> HRa med 1h, Ll acu 1 h, Ta med 1h
[2026-09-25 12:40:23] 241: 3/4 variables -> HRa med 1h, Ll acu 1 h, Ta med 1h
[2026-09-25 12:40:24] 242: 3/4 variables -> HRa med 1h, Ll acu 1 h, Ta med 1h
[2026-09-25 12:40:24] 243: 3/4 variables -> HRa med 1h, Ll acu 1 h, Ta med 1h
[2026-09-25 12:40:25] 244: SIN DATOS EN EL ÚLTIMO DÍA
[2026-09-25 12:40:25] 245: 3/4 variables -> HRa med 1h, Ll acu 1 h, Ta med 1h
[2026-09-25 12:40:26] 246: 3/4 variables -> HRa med 1h, Ll acu 1 h, Ta med 1h
[2026-09-25 12:40:26] 247: 3/4 variables -> HRa med 1h, Ll acu 1 h, Ta med 1h
[2026-09-25 12:40:27] 215: histórico actualizado -> 64 filas
[2026-09-25 12:40:27] 216: histórico actualizado -> 51 filas
[2026-09-25 12:40:27] 217: histórico actualizado -> 66 filas
[2026-09-25 12:40:27] 218: histórico actualizado -> 66 filas
[2026-09-25 12:40:27] 220: histórico actualizado -> 64 filas
[2026-09-25 12:40:27] 221: histórico actualizado -> 130 filas
[2026-09-25 12:40:27] 223: histórico actualizado -> 129 filas
[2026-09-25 12:40:27] 225: histórico actualizado -> 129 filas
[2026-09-25 12:40:27] 226: histórico actualizado -> 129 filas
[2026-09-25 12:40:28] 227: histórico actualizado -> 130 filas
[2026-09-25 12:40:28] 228: histórico actualizado -> 129 filas
[2026-09-25 12:40:28] 229: histórico actualizado -> 129 filas
[2026-09-25 12:40:28] 231: histórico actualizado -> 128 filas
[2026-09-25 12:40:28] 232: histórico actualizado -> 109 filas
[2026-09-25 12:40:28] 234: histórico actualizado -> 129 filas
[2026-09-25 12:40:28] 235: histórico actualizado -> 113 filas
[2026-09-25 12:40:28] 236: histórico actualizado -> 129 filas
[2026-09-25 12:40:28] 238: histórico actualizado -> 130 filas
[2026-09-25 12:40:28] 240: histórico actualizado -> 116 filas
[2026-09-25 12:40:28] 241: histórico actualizado -> 80 filas
[2026-09-25 12:40:28] 242: histórico actualizado -> 123 filas
[2026-09-25 12:40:28] 243: histórico actualizado -> 129 filas
[2026-09-25 12:40:28] 245: histórico actualizado -> 93 filas
[2026-09-25 12:40:28] 246: histórico actualizado -> 26 filas
[2026-09-25 12:40:28] 247: histórico actualizado -> 129 filas
[2026-09-25 12:40:28] Catálogo actualizado: 32 estaciones
[2026-09-25 12:40:28] FIN DEL PROCESO - 22.5 segundos
[2026-09-25 13:40:07] INICIO DEL PROCESO
[2026-09-25 13:40:07] Abriendo página de login...
[2026-09-25 13:40:07] Realizando login...
[2026-09-25 13:40:08] LOGIN OK -> https://polaris.adrtecnology.com/gis/map
[2026-09-25 13:40:08] Estaciones conservadas del catálogo histórico: 32
[2026-09-25 13:40:08] Estaciones obtenidas desde viewer: 20
[2026-09-25 13:40:10] Estaciones obtenidas directamente desde GIS: 32
[2026-09-25 13:40:10] 200: SIN DATOS EN EL ÚLTIMO DÍA
[2026-09-25 13:40:11] 215: 1/4 variables -> Ll acu 1 h
[2026-09-25 13:40:11] 216: 3/4 variables -> HRa med 1h, Ll acu 1 h, Ta med 1h
[2026-09-25 13:40:12] 217: 3/4 variables -> HRa med 1h, Ll acu 1 h, Ta med 1h
[2026-09-25 13:40:12] 218: 2/4 variables -> Ll acu 1 h, Ta med 1h
[2026-09-25 13:40:13] 220: 1/4 variables -> PP Acc (1h)
[2026-09-25 13:40:13] 221: 3/4 variables -> HRa med 1h, Ll acu 1 h, Ta med 1h
[2026-09-25 13:40:14] 223: 3/4 variables -> HRa med 1h, Ll acu 1 h, Ta med 1h
[2026-09-25 13:40:14] 224: SIN DATOS EN EL ÚLTIMO DÍA
[2026-09-25 13:40:15] 225: 3/4 variables -> HRa med 1h, Ll acu 1 h, Ta med 1h
[2026-09-25 13:40:15] 226: 3/4 variables -> HRa med 1h, Ll acu 1 h, Ta med 1h
[2026-09-25 13:40:16] 227: 3/4 variables -> HRa med 1h, Ll acu 1 h, Ta med 1h
[2026-09-25 13:40:16] 228: 3/4 variables -> HRa med 1h, Ll acu 1 h, Ta med 1h
[2026-09-25 13:40:17] 229: 3/4 variables -> HRa med 1h, Ll acu 1 h, Ta med 1h
[2026-09-25 13:40:17] 230: SIN DATOS EN EL ÚLTIMO DÍA
[2026-09-25 13:40:18] 231: 3/4 variables -> HRa med 1h, Ll acu 1 h, Ta med 1h
[2026-09-25 13:40:18] 232: 3/4 variables -> HRa med 1h, Ll acu 1 h, Ta med 1h
[2026-09-25 13:40:19] 233: SIN DATOS EN EL ÚLTIMO DÍA
[2026-09-25 13:40:19] 234: 3/4 variables -> HRa med 1h, Ll acu 1 h, Ta med 1h
[2026-09-25 13:40:20] 235: 3/4 variables -> HRa med 1h, Ll acu 1 h, Ta med 1h
[2026-09-25 13:40:21] 236: 3/4 variables -> HRa med 1h, Ll acu 1 h, Ta med 1h
[2026-09-25 13:40:21] 237: SIN DATOS EN EL ÚLTIMO DÍA
[2026-09-25 13:40:22] 238: 3/4 variables -> HRa med 1h, Ll acu 1 h, Ta med 1h
[2026-09-25 13:40:22] 239: SIN DATOS EN EL ÚLTIMO DÍA
[2026-09-25 13:40:23] 240: 3/4 variables -> HRa med 1h, Ll acu 1 h, Ta med 1h
[2026-09-25 13:40:23] 241: 3/4 variables -> HRa med 1h, Ll acu 1 h, Ta med 1h
[2026-09-25 13:40:24] 242: 3/4 variables -> HRa med 1h, Ll acu 1 h, Ta med 1h
[2026-09-25 13:40:24] 243: 3/4 variables -> HRa med 1h, Ll acu 1 h, Ta med 1h
[2026-09-25 13:40:25] 244: SIN DATOS EN EL ÚLTIMO DÍA
[2026-09-25 13:40:25] 245: 3/4 variables -> HRa med 1h, Ll acu 1 h, Ta med 1h
[2026-09-25 13:40:26] 246: 3/4 variables -> HRa med 1h, Ll acu 1 h, Ta med 1h
[2026-09-25 13:40:27] 247: 3/4 variables -> HRa med 1h, Ll acu 1 h, Ta med 1h
[2026-09-25 13:40:27] 215: histórico actualizado -> 65 filas
[2026-09-25 13:40:27] 216: histórico actualizado -> 52 filas
[2026-09-25 13:40:27] 217: histórico actualizado -> 67 filas
[2026-09-25 13:40:27] 218: histórico actualizado -> 67 filas
[2026-09-25 13:40:27] 220: histórico actualizado -> 65 filas
[2026-09-25 13:40:27] 221: histórico actualizado -> 132 filas
[2026-09-25 13:40:27] 223: histórico actualizado -> 131 filas
[2026-09-25 13:40:27] 225: histórico actualizado -> 131 filas
[2026-09-25 13:40:27] 226: histórico actualizado -> 131 filas
[2026-09-25 13:40:27] 227: histórico actualizado -> 132 filas
[2026-09-25 13:40:27] 228: histórico actualizado -> 131 filas
[2026-09-25 13:40:27] 229: histórico actualizado -> 131 filas
[2026-09-25 13:40:27] 231: histórico actualizado -> 130 filas
[2026-09-25 13:40:27] 232: histórico actualizado -> 111 filas
[2026-09-25 13:40:27] 234: histórico actualizado -> 131 filas
[2026-09-25 13:40:27] 235: histórico actualizado -> 113 filas
[2026-09-25 13:40:27] 236: histórico actualizado -> 131 filas
[2026-09-25 13:40:27] 238: histórico actualizado -> 132 filas
[2026-09-25 13:40:28] 240: histórico actualizado -> 117 filas
[2026-09-25 13:40:28] 241: histórico actualizado -> 80 filas
[2026-09-25 13:40:28] 242: histórico actualizado -> 125 filas
[2026-09-25 13:40:28] 243: histórico actualizado -> 131 filas
[2026-09-25 13:40:28] 245: histórico actualizado -> 95 filas
[2026-09-25 13:40:28] 246: histórico actualizado -> 28 filas
[2026-09-25 13:40:28] 247: histórico actualizado -> 131 filas
[2026-09-25 13:40:28] Catálogo actualizado: 32 estaciones
[2026-09-25 13:40:28] FIN DEL PROCESO - 20.9 segundos
[2026-09-25 14:40:07] INICIO DEL PROCESO
[2026-09-25 14:40:07] Abriendo página de login...
[2026-09-25 14:40:07] Realizando login...
[2026-09-25 14:40:07] LOGIN OK -> https://polaris.adrtecnology.com/gis/map
[2026-09-25 14:40:08] Estaciones conservadas del catálogo histórico: 32
[2026-09-25 14:40:08] Estaciones obtenidas desde viewer: 20
[2026-09-25 14:40:10] Estaciones obtenidas directamente desde GIS: 32
[2026-09-25 14:40:10] 200: SIN DATOS EN EL ÚLTIMO DÍA
[2026-09-25 14:40:10] 215: 1/4 variables -> Ll acu 1 h
[2026-09-25 14:40:11] 216: 3/4 variables -> HRa med 1h, Ll acu 1 h, Ta med 1h
[2026-09-25 14:40:11] 217: 3/4 variables -> HRa med 1h, Ll acu 1 h, Ta med 1h
[2026-09-25 14:40:12] 218: 2/4 variables -> Ll acu 1 h, Ta med 1h
[2026-09-25 14:40:12] 220: 1/4 variables -> PP Acc (1h)
[2026-09-25 14:40:13] 221: 3/4 variables -> HRa med 1h, Ll acu 1 h, Ta med 1h
[2026-09-25 14:40:13] 223: 3/4 variables -> HRa med 1h, Ll acu 1 h, Ta med 1h
[2026-09-25 14:40:14] 224: SIN DATOS EN EL ÚLTIMO DÍA
[2026-09-25 14:40:15] 225: 3/4 variables -> HRa med 1h, Ll acu 1 h, Ta med 1h
[2026-09-25 14:40:15] 226: 3/4 variables -> HRa med 1h, Ll acu 1 h, Ta med 1h
[2026-09-25 14:40:16] 227: 3/4 variables -> HRa med 1h, Ll acu 1 h, Ta med 1h
[2026-09-25 14:40:16] 228: 3/4 variables -> HRa med 1h, Ll acu 1 h, Ta med 1h
[2026-09-25 14:40:17] 229: 3/4 variables -> HRa med 1h, Ll acu 1 h, Ta med 1h
[2026-09-25 14:40:17] 230: SIN DATOS EN EL ÚLTIMO DÍA
[2026-09-25 14:40:18] 231: 3/4 variables -> HRa med 1h, Ll acu 1 h, Ta med 1h
[2026-09-25 14:40:18] 232: 3/4 variables -> HRa med 1h, Ll acu 1 h, Ta med 1h
[2026-09-25 14:40:19] 233: SIN DATOS EN EL ÚLTIMO DÍA
[2026-09-25 14:40:19] 234: 3/4 variables -> HRa med 1h, Ll acu 1 h, Ta med 1h
[2026-09-25 14:40:20] 235: 3/4 variables -> HRa med 1h, Ll acu 1 h, Ta med 1h
[2026-09-25 14:40:21] 236: 3/4 variables -> HRa med 1h, Ll acu 1 h, Ta med 1h
[2026-09-25 14:40:21] 237: SIN DATOS EN EL ÚLTIMO DÍA
[2026-09-25 14:40:22] 238: 3/4 variables -> HRa med 1h, Ll acu 1 h, Ta med 1h
[2026-09-25 14:40:23] 239: SIN DATOS EN EL ÚLTIMO DÍA
[2026-09-25 14:40:23] 240: 3/4 variables -> HRa med 1h, Ll acu 1 h, Ta med 1h
[2026-09-25 14:40:24] 241: 3/4 variables -> HRa med 1h, Ll acu 1 h, Ta med 1h
[2026-09-25 14:40:24] 242: 3/4 variables -> HRa med 1h, Ll acu 1 h, Ta med 1h
[2026-09-25 14:40:25] 243: 3/4 variables -> HRa med 1h, Ll acu 1 h, Ta med 1h
[2026-09-25 14:40:25] 244: SIN DATOS EN EL ÚLTIMO DÍA
[2026-09-25 14:40:26] 245: 3/4 variables -> HRa med 1h, Ll acu 1 h, Ta med 1h
[2026-09-25 14:40:26] 246: 3/4 variables -> HRa med 1h, Ll acu 1 h, Ta med 1h
[2026-09-25 14:40:27] 247: 3/4 variables -> HRa med 1h, Ll acu 1 h, Ta med 1h
[2026-09-25 14:40:27] 215: histórico actualizado -> 66 filas
[2026-09-25 14:40:27] 216: histórico actualizado -> 52 filas
[2026-09-25 14:40:27] 217: histórico actualizado -> 68 filas
[2026-09-25 14:40:27] 218: histórico actualizado -> 68 filas
[2026-09-25 14:40:27] 220: histórico actualizado -> 66 filas
[2026-09-25 14:40:27] 221: histórico actualizado -> 134 filas
[2026-09-25 14:40:28] 223: histórico actualizado -> 133 filas
[2026-09-25 14:40:28] 225: histórico actualizado -> 133 filas
[2026-09-25 14:40:28] 226: histórico actualizado -> 133 filas
[2026-09-25 14:40:28] 227: histórico actualizado -> 134 filas
[2026-09-25 14:40:28] 228: histórico actualizado -> 133 filas
[2026-09-25 14:40:28] 229: histórico actualizado -> 133 filas
[2026-09-25 14:40:28] 231: histórico actualizado -> 132 filas
[2026-09-25 14:40:28] 232: histórico actualizado -> 113 filas
[2026-09-25 14:40:28] 234: histórico actualizado -> 133 filas
[2026-09-25 14:40:28] 235: histórico actualizado -> 115 filas
[2026-09-25 14:40:28] 236: histórico actualizado -> 133 filas
[2026-09-25 14:40:28] 238: histórico actualizado -> 134 filas
[2026-09-25 14:40:28] 240: histórico actualizado -> 119 filas
[2026-09-25 14:40:28] 241: histórico actualizado -> 80 filas
[2026-09-25 14:40:29] 242: histórico actualizado -> 127 filas
[2026-09-25 14:40:29] 243: histórico actualizado -> 133 filas
[2026-09-25 14:40:29] 245: histórico actualizado -> 97 filas
[2026-09-25 14:40:29] 246: histórico actualizado -> 29 filas
[2026-09-25 14:40:29] 247: histórico actualizado -> 133 filas
[2026-09-25 14:40:29] Catálogo actualizado: 32 estaciones
[2026-09-25 14:40:29] FIN DEL PROCESO - 22.2 segundos
[2026-09-25 15:40:05] INICIO DEL PROCESO
[2026-09-25 15:40:05] Abriendo página de login...
[2026-09-25 15:40:06] Realizando login...
[2026-09-25 15:40:06] LOGIN OK -> https://polaris.adrtecnology.com/gis/map
[2026-09-25 15:40:06] Estaciones conservadas del catálogo histórico: 32
[2026-09-25 15:40:07] Estaciones obtenidas desde viewer: 20
[2026-09-25 15:40:08] Estaciones obtenidas directamente desde GIS: 32
[2026-09-25 15:40:09] 200: SIN DATOS EN EL ÚLTIMO DÍA
[2026-09-25 15:40:09] 215: 1/4 variables -> Ll acu 1 h
[2026-09-25 15:40:10] 216: 3/4 variables -> HRa med 1h, Ll acu 1 h, Ta med 1h
[2026-09-25 15:40:10] 217: 3/4 variables -> HRa med 1h, Ll acu 1 h, Ta med 1h
[2026-09-25 15:40:11] 218: 2/4 variables -> Ll acu 1 h, Ta med 1h
[2026-09-25 15:40:11] 220: 1/4 variables -> PP Acc (1h)
[2026-09-25 15:40:12] 221: 3/4 variables -> HRa med 1h, Ll acu 1 h, Ta med 1h
[2026-09-25 15:40:12] 223: 3/4 variables -> HRa med 1h, Ll acu 1 h, Ta med 1h
[2026-09-25 15:40:13] 224: SIN DATOS EN EL ÚLTIMO DÍA
[2026-09-25 15:40:13] 225: 3/4 variables -> HRa med 1h, Ll acu 1 h, Ta med 1h
[2026-09-25 15:40:14] 226: 3/4 variables -> HRa med 1h, Ll acu 1 h, Ta med 1h
[2026-09-25 15:40:14] 227: 3/4 variables -> HRa med 1h, Ll acu 1 h, Ta med 1h
[2026-09-25 15:40:15] 228: 3/4 variables -> HRa med 1h, Ll acu 1 h, Ta med 1h
[2026-09-25 15:40:16] 229: 3/4 variables -> HRa med 1h, Ll acu 1 h, Ta med 1h
[2026-09-25 15:40:16] 230: SIN DATOS EN EL ÚLTIMO DÍA
[2026-09-25 15:40:17] 231: 3/4 variables -> HRa med 1h, Ll acu 1 h, Ta med 1h
[2026-09-25 15:40:17] 232: 3/4 variables -> HRa med 1h, Ll acu 1 h, Ta med 1h
[2026-09-25 15:40:18] 233: SIN DATOS EN EL ÚLTIMO DÍA
[2026-09-25 15:40:18] 234: 3/4 variables -> HRa med 1h, Ll acu 1 h, Ta med 1h
[2026-09-25 15:40:19] 235: 3/4 variables -> HRa med 1h, Ll acu 1 h, Ta med 1h
[2026-09-25 15:40:19] 236: 3/4 variables -> HRa med 1h, Ll acu 1 h, Ta med 1h
[2026-09-25 15:40:20] 237: SIN DATOS EN EL ÚLTIMO DÍA
[2026-09-25 15:40:20] 238: 3/4 variables -> HRa med 1h, Ll acu 1 h, Ta med 1h
[2026-09-25 15:40:21] 239: SIN DATOS EN EL ÚLTIMO DÍA
[2026-09-25 15:40:22] 240: 3/4 variables -> HRa med 1h, Ll acu 1 h, Ta med 1h
[2026-09-25 15:40:22] 241: 3/4 variables -> HRa med 1h, Ll acu 1 h, Ta med 1h
[2026-09-25 15:40:23] 242: 3/4 variables -> HRa med 1h, Ll acu 1 h, Ta med 1h
[2026-09-25 15:40:23] 243: 3/4 variables -> HRa med 1h, Ll acu 1 h, Ta med 1h
[2026-09-25 15:40:24] 244: SIN DATOS EN EL ÚLTIMO DÍA
[2026-09-25 15:40:24] 245: 3/4 variables -> HRa med 1h, Ll acu 1 h, Ta med 1h
[2026-09-25 15:40:25] 246: 3/4 variables -> HRa med 1h, Ll acu 1 h, Ta med 1h
[2026-09-25 15:40:26] 247: 3/4 variables -> HRa med 1h, Ll acu 1 h, Ta med 1h
[2026-09-25 15:40:26] 215: histórico actualizado -> 67 filas
[2026-09-25 15:40:26] 216: histórico actualizado -> 52 filas
[2026-09-25 15:40:26] 217: histórico actualizado -> 69 filas
[2026-09-25 15:40:26] 218: histórico actualizado -> 69 filas
[2026-09-25 15:40:26] 220: histórico actualizado -> 67 filas
[2026-09-25 15:40:26] 221: histórico actualizado -> 136 filas
[2026-09-25 15:40:26] 223: histórico actualizado -> 135 filas
[2026-09-25 15:40:27] 225: histórico actualizado -> 135 filas
[2026-09-25 15:40:27] 226: histórico actualizado -> 135 filas
[2026-09-25 15:40:27] 227: histórico actualizado -> 136 filas
[2026-09-25 15:40:27] 228: histórico actualizado -> 135 filas
[2026-09-25 15:40:27] 229: histórico actualizado -> 135 filas
[2026-09-25 15:40:27] 231: histórico actualizado -> 134 filas
[2026-09-25 15:40:27] 232: histórico actualizado -> 115 filas
[2026-09-25 15:40:27] 234: histórico actualizado -> 135 filas
[2026-09-25 15:40:27] 235: histórico actualizado -> 117 filas
[2026-09-25 15:40:27] 236: histórico actualizado -> 135 filas
[2026-09-25 15:40:28] 238: histórico actualizado -> 136 filas
[2026-09-25 15:40:28] 240: histórico actualizado -> 121 filas
[2026-09-25 15:40:28] 241: histórico actualizado -> 80 filas
[2026-09-25 15:40:28] 242: histórico actualizado -> 129 filas
[2026-09-25 15:40:28] 243: histórico actualizado -> 135 filas
[2026-09-25 15:40:28] 245: histórico actualizado -> 99 filas
[2026-09-25 15:40:28] 246: histórico actualizado -> 31 filas
[2026-09-25 15:40:28] 247: histórico actualizado -> 135 filas
[2026-09-25 15:40:28] Catálogo actualizado: 32 estaciones
[2026-09-25 15:40:28] FIN DEL PROCESO - 22.5 segundos
[2026-09-25 16:40:06] INICIO DEL PROCESO
[2026-09-25 16:40:06] Abriendo página de login...
[2026-09-25 16:40:07] Realizando login...
[2026-09-25 16:40:07] LOGIN OK -> https://polaris.adrtecnology.com/gis/map
[2026-09-25 16:40:07] Estaciones conservadas del catálogo histórico: 32
[2026-09-25 16:40:08] Estaciones obtenidas desde viewer: 20
[2026-09-25 16:40:09] Estaciones obtenidas directamente desde GIS: 32
[2026-09-25 16:40:10] 200: SIN DATOS EN EL ÚLTIMO DÍA
[2026-09-25 16:40:10] 215: 1/4 variables -> Ll acu 1 h
[2026-09-25 16:40:11] 216: 3/4 variables -> HRa med 1h, Ll acu 1 h, Ta med 1h
[2026-09-25 16:40:11] 217: 3/4 variables -> HRa med 1h, Ll acu 1 h, Ta med 1h
[2026-09-25 16:40:12] 218: 2/4 variables -> Ll acu 1 h, Ta med 1h
[2026-09-25 16:40:12] 220: 1/4 variables -> PP Acc (1h)
[2026-09-25 16:40:13] 221: 3/4 variables -> HRa med 1h, Ll acu 1 h, Ta med 1h
[2026-09-25 16:40:13] 223: 3/4 variables -> HRa med 1h, Ll acu 1 h, Ta med 1h
[2026-09-25 16:40:14] 224: SIN DATOS EN EL ÚLTIMO DÍA
[2026-09-25 16:40:14] 225: 3/4 variables -> HRa med 1h, Ll acu 1 h, Ta med 1h
[2026-09-25 16:40:15] 226: 3/4 variables -> HRa med 1h, Ll acu 1 h, Ta med 1h
[2026-09-25 16:40:15] 227: 3/4 variables -> HRa med 1h, Ll acu 1 h, Ta med 1h
[2026-09-25 16:40:16] 228: 3/4 variables -> HRa med 1h, Ll acu 1 h, Ta med 1h
[2026-09-25 16:40:16] 229: 3/4 variables -> HRa med 1h, Ll acu 1 h, Ta med 1h
[2026-09-25 16:40:17] 230: SIN DATOS EN EL ÚLTIMO DÍA
[2026-09-25 16:40:17] 231: 3/4 variables -> HRa med 1h, Ll acu 1 h, Ta med 1h
[2026-09-25 16:40:18] 232: 3/4 variables -> HRa med 1h, Ll acu 1 h, Ta med 1h
[2026-09-25 16:40:18] 233: SIN DATOS EN EL ÚLTIMO DÍA
[2026-09-25 16:40:19] 234: 3/4 variables -> HRa med 1h, Ll acu 1 h, Ta med 1h
[2026-09-25 16:40:20] 235: 3/4 variables -> HRa med 1h, Ll acu 1 h, Ta med 1h
[2026-09-25 16:40:20] 236: 3/4 variables -> HRa med 1h, Ll acu 1 h, Ta med 1h
[2026-09-25 16:40:21] 237: SIN DATOS EN EL ÚLTIMO DÍA
[2026-09-25 16:40:21] 238: 3/4 variables -> HRa med 1h, Ll acu 1 h, Ta med 1h
[2026-09-25 16:40:22] 239: SIN DATOS EN EL ÚLTIMO DÍA
[2026-09-25 16:40:22] 240: 3/4 variables -> HRa med 1h, Ll acu 1 h, Ta med 1h
[2026-09-25 16:40:23] 241: 3/4 variables -> HRa med 1h, Ll acu 1 h, Ta med 1h
[2026-09-25 16:40:23] 242: 3/4 variables -> HRa med 1h, Ll acu 1 h, Ta med 1h
[2026-09-25 16:40:24] 243: 3/4 variables -> HRa med 1h, Ll acu 1 h, Ta med 1h
[2026-09-25 16:40:24] 244: SIN DATOS EN EL ÚLTIMO DÍA
[2026-09-25 16:40:25] 245: 3/4 variables -> HRa med 1h, Ll acu 1 h, Ta med 1h
[2026-09-25 16:40:25] 246: 3/4 variables -> HRa med 1h, Ll acu 1 h, Ta med 1h
[2026-09-25 16:40:26] 247: 3/4 variables -> HRa med 1h, Ll acu 1 h, Ta med 1h
[2026-09-25 16:40:26] 215: histórico actualizado -> 68 filas
[2026-09-25 16:40:26] 216: histórico actualizado -> 53 filas
[2026-09-25 16:40:26] 217: histórico actualizado -> 70 filas
[2026-09-25 16:40:26] 218: histórico actualizado -> 70 filas
[2026-09-25 16:40:26] 220: histórico actualizado -> 68 filas
[2026-09-25 16:40:26] 221: histórico actualizado -> 138 filas
[2026-09-25 16:40:27] 223: histórico actualizado -> 137 filas
[2026-09-25 16:40:27] 225: histórico actualizado -> 137 filas
[2026-09-25 16:40:27] 226: histórico actualizado -> 137 filas
[2026-09-25 16:40:27] 227: histórico actualizado -> 138 filas
[2026-09-25 16:40:27] 228: histórico actualizado -> 137 filas
[2026-09-25 16:40:27] 229: histórico actualizado -> 137 filas
[2026-09-25 16:40:27] 231: histórico actualizado -> 136 filas
[2026-09-25 16:40:27] 232: histórico actualizado -> 117 filas
[2026-09-25 16:40:27] 234: histórico actualizado -> 137 filas
[2026-09-25 16:40:27] 235: histórico actualizado -> 119 filas
[2026-09-25 16:40:27] 236: histórico actualizado -> 137 filas
[2026-09-25 16:40:27] 238: histórico actualizado -> 138 filas
[2026-09-25 16:40:27] 240: histórico actualizado -> 123 filas
[2026-09-25 16:40:27] 241: histórico actualizado -> 80 filas
[2026-09-25 16:40:27] 242: histórico actualizado -> 131 filas
[2026-09-25 16:40:27] 243: histórico actualizado -> 137 filas
[2026-09-25 16:40:27] 245: histórico actualizado -> 101 filas
[2026-09-25 16:40:27] 246: histórico actualizado -> 33 filas
[2026-09-25 16:40:28] 247: histórico actualizado -> 137 filas
[2026-09-25 16:40:28] Catálogo actualizado: 32 estaciones
[2026-09-25 16:40:28] FIN DEL PROCESO - 21.4 segundos
[2026-09-25 17:40:06] INICIO DEL PROCESO
[2026-09-25 17:40:06] Abriendo página de login...
[2026-09-25 17:40:07] Realizando login...
[2026-09-25 17:40:07] LOGIN OK -> https://polaris.adrtecnology.com/gis/map
[2026-09-25 17:40:08] Estaciones conservadas del catálogo histórico: 32
[2026-09-25 17:40:08] Estaciones obtenidas desde viewer: 20
[2026-09-25 17:40:10] Estaciones obtenidas directamente desde GIS: 32
[2026-09-25 17:40:10] 200: SIN DATOS EN EL ÚLTIMO DÍA
[2026-09-25 17:40:10] 215: 1/4 variables -> Ll acu 1 h
[2026-09-25 17:40:11] 216: 3/4 variables -> HRa med 1h, Ll acu 1 h, Ta med 1h
[2026-09-25 17:40:12] 217: 3/4 variables -> HRa med 1h, Ll acu 1 h, Ta med 1h
[2026-09-25 17:40:12] 218: 2/4 variables -> Ll acu 1 h, Ta med 1h
[2026-09-25 17:40:13] 220: 1/4 variables -> PP Acc (1h)
[2026-09-25 17:40:13] 221: 3/4 variables -> HRa med 1h, Ll acu 1 h, Ta med 1h
[2026-09-25 17:40:14] 223: 3/4 variables -> HRa med 1h, Ll acu 1 h, Ta med 1h
[2026-09-25 17:40:14] 224: SIN DATOS EN EL ÚLTIMO DÍA
[2026-09-25 17:40:15] 225: 3/4 variables -> HRa med 1h, Ll acu 1 h, Ta med 1h
[2026-09-25 17:40:15] 226: 3/4 variables -> HRa med 1h, Ll acu 1 h, Ta med 1h
[2026-09-25 17:40:16] 227: 3/4 variables -> HRa med 1h, Ll acu 1 h, Ta med 1h
[2026-09-25 17:40:16] 228: 3/4 variables -> HRa med 1h, Ll acu 1 h, Ta med 1h
[2026-09-25 17:40:17] 229: 3/4 variables -> HRa med 1h, Ll acu 1 h, Ta med 1h
[2026-09-25 17:40:17] 230: SIN DATOS EN EL ÚLTIMO DÍA
[2026-09-25 17:40:18] 231: 3/4 variables -> HRa med 1h, Ll acu 1 h, Ta med 1h
[2026-09-25 17:40:19] 232: 3/4 variables -> HRa med 1h, Ll acu 1 h, Ta med 1h
[2026-09-25 17:40:19] 233: SIN DATOS EN EL ÚLTIMO DÍA
[2026-09-25 17:40:20] 234: 3/4 variables -> HRa med 1h, Ll acu 1 h, Ta med 1h
[2026-09-25 17:40:20] 235: 3/4 variables -> HRa med 1h, Ll acu 1 h, Ta med 1h
[2026-09-25 17:40:21] 236: 3/4 variables -> HRa med 1h, Ll acu 1 h, Ta med 1h
[2026-09-25 17:40:21] 237: SIN DATOS EN EL ÚLTIMO DÍA
[2026-09-25 17:40:22] 238: 3/4 variables -> HRa med 1h, Ll acu 1 h, Ta med 1h
[2026-09-25 17:40:23] 239: SIN DATOS EN EL ÚLTIMO DÍA
[2026-09-25 17:40:23] 240: 3/4 variables -> HRa med 1h, Ll acu 1 h, Ta med 1h
[2026-09-25 17:40:24] 241: 3/4 variables -> HRa med 1h, Ll acu 1 h, Ta med 1h
[2026-09-25 17:40:24] 242: 3/4 variables -> HRa med 1h, Ll acu 1 h, Ta med 1h
[2026-09-25 17:40:25] 243: 3/4 variables -> HRa med 1h, Ll acu 1 h, Ta med 1h
[2026-09-25 17:40:25] 244: SIN DATOS EN EL ÚLTIMO DÍA
[2026-09-25 17:40:26] 245: 3/4 variables -> HRa med 1h, Ll acu 1 h, Ta med 1h
[2026-09-25 17:40:26] 246: 3/4 variables -> HRa med 1h, Ll acu 1 h, Ta med 1h
[2026-09-25 17:40:27] 247: 3/4 variables -> HRa med 1h, Ll acu 1 h, Ta med 1h
[2026-09-25 17:40:27] 215: histórico actualizado -> 69 filas
[2026-09-25 17:40:27] 216: histórico actualizado -> 54 filas
[2026-09-25 17:40:27] 217: histórico actualizado -> 71 filas
[2026-09-25 17:40:27] 218: histórico actualizado -> 71 filas
[2026-09-25 17:40:27] 220: histórico actualizado -> 69 filas
[2026-09-25 17:40:27] 221: histórico actualizado -> 140 filas
[2026-09-25 17:40:27] 223: histórico actualizado -> 139 filas
[2026-09-25 17:40:28] 225: histórico actualizado -> 139 filas
[2026-09-25 17:40:28] 226: histórico actualizado -> 139 filas
[2026-09-25 17:40:28] 227: histórico actualizado -> 140 filas
[2026-09-25 17:40:28] 228: histórico actualizado -> 139 filas
[2026-09-25 17:40:28] 229: histórico actualizado -> 139 filas
[2026-09-25 17:40:28] 231: histórico actualizado -> 138 filas
[2026-09-25 17:40:28] 232: histórico actualizado -> 119 filas
[2026-09-25 17:40:28] 234: histórico actualizado -> 139 filas
[2026-09-25 17:40:28] 235: histórico actualizado -> 121 filas
[2026-09-25 17:40:28] 236: histórico actualizado -> 139 filas
[2026-09-25 17:40:28] 238: histórico actualizado -> 140 filas
[2026-09-25 17:40:28] 240: histórico actualizado -> 125 filas
[2026-09-25 17:40:28] 241: histórico actualizado -> 80 filas
[2026-09-25 17:40:28] 242: histórico actualizado -> 133 filas
[2026-09-25 17:40:28] 243: histórico actualizado -> 139 filas
[2026-09-25 17:40:28] 245: histórico actualizado -> 103 filas
[2026-09-25 17:40:28] 246: histórico actualizado -> 34 filas
[2026-09-25 17:40:28] 247: histórico actualizado -> 139 filas
[2026-09-25 17:40:28] Catálogo actualizado: 32 estaciones
[2026-09-25 17:40:28] FIN DEL PROCESO - 21.9 segundos
[2026-09-25 18:40:05] INICIO DEL PROCESO
[2026-09-25 18:40:05] Abriendo página de login...
[2026-09-25 18:40:05] Realizando login...
[2026-09-25 18:40:06] LOGIN OK -> https://polaris.adrtecnology.com/gis/map
[2026-09-25 18:40:06] Estaciones conservadas del catálogo histórico: 32
[2026-09-25 18:40:06] Estaciones obtenidas desde viewer: 20
[2026-09-25 18:40:08] Estaciones obtenidas directamente desde GIS: 32
[2026-09-25 18:40:08] 200: SIN DATOS EN EL ÚLTIMO DÍA
[2026-09-25 18:40:09] 215: 1/4 variables -> Ll acu 1 h
[2026-09-25 18:40:09] 216: 3/4 variables -> HRa med 1h, Ll acu 1 h, Ta med 1h
[2026-09-25 18:40:10] 217: 3/4 variables -> HRa med 1h, Ll acu 1 h, Ta med 1h
[2026-09-25 18:40:10] 218: 2/4 variables -> Ll acu 1 h, Ta med 1h
[2026-09-25 18:40:11] 220: 1/4 variables -> PP Acc (1h)
[2026-09-25 18:40:11] 221: 3/4 variables -> HRa med 1h, Ll acu 1 h, Ta med 1h
[2026-09-25 18:40:12] 223: 3/4 variables -> HRa med 1h, Ll acu 1 h, Ta med 1h
[2026-09-25 18:40:12] 224: SIN DATOS EN EL ÚLTIMO DÍA
[2026-09-25 18:40:13] 225: 3/4 variables -> HRa med 1h, Ll acu 1 h, Ta med 1h
[2026-09-25 18:40:14] 226: 3/4 variables -> HRa med 1h, Ll acu 1 h, Ta med 1h
[2026-09-25 18:40:14] 227: 3/4 variables -> HRa med 1h, Ll acu 1 h, Ta med 1h
[2026-09-25 18:40:15] 228: 3/4 variables -> HRa med 1h, Ll acu 1 h, Ta med 1h
[2026-09-25 18:40:15] 229: 3/4 variables -> HRa med 1h, Ll acu 1 h, Ta med 1h
[2026-09-25 18:40:16] 230: SIN DATOS EN EL ÚLTIMO DÍA
[2026-09-25 18:40:16] 231: 3/4 variables -> HRa med 1h, Ll acu 1 h, Ta med 1h
[2026-09-25 18:40:17] 232: 3/4 variables -> HRa med 1h, Ll acu 1 h, Ta med 1h
[2026-09-25 18:40:17] 233: SIN DATOS EN EL ÚLTIMO DÍA
[2026-09-25 18:40:18] 234: 3/4 variables -> HRa med 1h, Ll acu 1 h, Ta med 1h
[2026-09-25 18:40:18] 235: 3/4 variables -> HRa med 1h, Ll acu 1 h, Ta med 1h
[2026-09-25 18:40:19] 236: 3/4 variables -> HRa med 1h, Ll acu 1 h, Ta med 1h
[2026-09-25 18:40:19] 237: SIN DATOS EN EL ÚLTIMO DÍA
[2026-09-25 18:40:20] 238: 3/4 variables -> HRa med 1h, Ll acu 1 h, Ta med 1h
[2026-09-25 18:40:20] 239: SIN DATOS EN EL ÚLTIMO DÍA
[2026-09-25 18:40:21] 240: 3/4 variables -> HRa med 1h, Ll acu 1 h, Ta med 1h
[2026-09-25 18:40:22] 241: 3/4 variables -> HRa med 1h, Ll acu 1 h, Ta med 1h
[2026-09-25 18:40:22] 242: 3/4 variables -> HRa med 1h, Ll acu 1 h, Ta med 1h
[2026-09-25 18:40:23] 243: 3/4 variables -> HRa med 1h, Ll acu 1 h, Ta med 1h
[2026-09-25 18:40:23] 244: SIN DATOS EN EL ÚLTIMO DÍA
[2026-09-25 18:40:24] 245: 3/4 variables -> HRa med 1h, Ll acu 1 h, Ta med 1h
[2026-09-25 18:40:24] 246: 3/4 variables -> HRa med 1h, Ll acu 1 h, Ta med 1h
[2026-09-25 18:40:25] 247: 3/4 variables -> HRa med 1h, Ll acu 1 h, Ta med 1h
[2026-09-25 18:40:25] 215: histórico actualizado -> 70 filas
[2026-09-25 18:40:25] 216: histórico actualizado -> 55 filas
[2026-09-25 18:40:25] 217: histórico actualizado -> 72 filas
[2026-09-25 18:40:25] 218: histórico actualizado -> 72 filas
[2026-09-25 18:40:25] 220: histórico actualizado -> 70 filas
[2026-09-25 18:40:25] 221: histórico actualizado -> 142 filas
[2026-09-25 18:40:25] 223: histórico actualizado -> 141 filas
[2026-09-25 18:40:25] 225: histórico actualizado -> 141 filas
[2026-09-25 18:40:25] 226: histórico actualizado -> 141 filas
[2026-09-25 18:40:25] 227: histórico actualizado -> 142 filas
[2026-09-25 18:40:26] 228: histórico actualizado -> 141 filas
[2026-09-25 18:40:26] 229: histórico actualizado -> 141 filas
[2026-09-25 18:40:26] 231: histórico actualizado -> 140 filas
[2026-09-25 18:40:26] 232: histórico actualizado -> 121 filas
[2026-09-25 18:40:26] 234: histórico actualizado -> 141 filas
[2026-09-25 18:40:26] 235: histórico actualizado -> 123 filas
[2026-09-25 18:40:26] 236: histórico actualizado -> 141 filas
[2026-09-25 18:40:26] 238: histórico actualizado -> 142 filas
[2026-09-25 18:40:26] 240: histórico actualizado -> 127 filas
[2026-09-25 18:40:26] 241: histórico actualizado -> 80 filas
[2026-09-25 18:40:26] 242: histórico actualizado -> 135 filas
[2026-09-25 18:40:26] 243: histórico actualizado -> 141 filas
[2026-09-25 18:40:26] 245: histórico actualizado -> 103 filas
[2026-09-25 18:40:26] 246: histórico actualizado -> 34 filas
[2026-09-25 18:40:26] 247: histórico actualizado -> 141 filas
[2026-09-25 18:40:26] Catálogo actualizado: 32 estaciones
[2026-09-25 18:40:26] FIN DEL PROCESO - 21.4 segundos
[2026-09-25 19:40:05] INICIO DEL PROCESO
[2026-09-25 19:40:05] Abriendo página de login...
[2026-09-25 19:40:06] Realizando login...
[2026-09-25 19:40:06] LOGIN OK -> https://polaris.adrtecnology.com/gis/map
[2026-09-25 19:40:06] Estaciones conservadas del catálogo histórico: 32
[2026-09-25 19:40:07] Estaciones obtenidas desde viewer: 20
[2026-09-25 19:40:08] Estaciones obtenidas directamente desde GIS: 32
[2026-09-25 19:40:09] 200: SIN DATOS EN EL ÚLTIMO DÍA
[2026-09-25 19:40:09] 215: 1/4 variables -> Ll acu 1 h
[2026-09-25 19:40:10] 216: 3/4 variables -> HRa med 1h, Ll acu 1 h, Ta med 1h
[2026-09-25 19:40:10] 217: 3/4 variables -> HRa med 1h, Ll acu 1 h, Ta med 1h
[2026-09-25 19:40:11] 218: 2/4 variables -> Ll acu 1 h, Ta med 1h
[2026-09-25 19:40:11] 220: 1/4 variables -> PP Acc (1h)
[2026-09-25 19:40:12] 221: 3/4 variables -> HRa med 1h, Ll acu 1 h, Ta med 1h
[2026-09-25 19:40:12] 223: 3/4 variables -> HRa med 1h, Ll acu 1 h, Ta med 1h
[2026-09-25 19:40:13] 224: SIN DATOS EN EL ÚLTIMO DÍA
[2026-09-25 19:40:13] 225: 3/4 variables -> HRa med 1h, Ll acu 1 h, Ta med 1h
[2026-09-25 19:40:14] 226: 3/4 variables -> HRa med 1h, Ll acu 1 h, Ta med 1h
[2026-09-25 19:40:14] 227: 3/4 variables -> HRa med 1h, Ll acu 1 h, Ta med 1h
[2026-09-25 19:40:15] 228: 3/4 variables -> HRa med 1h, Ll acu 1 h, Ta med 1h
[2026-09-25 19:40:15] 229: 3/4 variables -> HRa med 1h, Ll acu 1 h, Ta med 1h
[2026-09-25 19:40:16] 230: SIN DATOS EN EL ÚLTIMO DÍA
[2026-09-25 19:40:17] 231: 3/4 variables -> HRa med 1h, Ll acu 1 h, Ta med 1h
[2026-09-25 19:40:17] 232: 3/4 variables -> HRa med 1h, Ll acu 1 h, Ta med 1h
[2026-09-25 19:40:18] 233: SIN DATOS EN EL ÚLTIMO DÍA
[2026-09-25 19:40:18] 234: 3/4 variables -> HRa med 1h, Ll acu 1 h, Ta med 1h
[2026-09-25 19:40:19] 235: 3/4 variables -> HRa med 1h, Ll acu 1 h, Ta med 1h
[2026-09-25 19:40:19] 236: 3/4 variables -> HRa med 1h, Ll acu 1 h, Ta med 1h
[2026-09-25 19:40:20] 237: SIN DATOS EN EL ÚLTIMO DÍA
[2026-09-25 19:40:20] 238: 3/4 variables -> HRa med 1h, Ll acu 1 h, Ta med 1h
[2026-09-25 19:40:21] 239: SIN DATOS EN EL ÚLTIMO DÍA
[2026-09-25 19:40:21] 240: 3/4 variables -> HRa med 1h, Ll acu 1 h, Ta med 1h
[2026-09-25 19:40:22] 241: 3/4 variables -> HRa med 1h, Ll acu 1 h, Ta med 1h
[2026-09-25 19:40:22] 242: 3/4 variables -> HRa med 1h, Ll acu 1 h, Ta med 1h
[2026-09-25 19:40:23] 243: 3/4 variables -> HRa med 1h, Ll acu 1 h, Ta med 1h
[2026-09-25 19:40:24] 244: SIN DATOS EN EL ÚLTIMO DÍA
[2026-09-25 19:40:24] 245: 3/4 variables -> HRa med 1h, Ll acu 1 h, Ta med 1h
[2026-09-25 19:40:25] 246: 3/4 variables -> HRa med 1h, Ll acu 1 h, Ta med 1h
[2026-09-25 19:40:25] 247: 3/4 variables -> HRa med 1h, Ll acu 1 h, Ta med 1h
[2026-09-25 19:40:25] 215: histórico actualizado -> 71 filas
[2026-09-25 19:40:25] 216: histórico actualizado -> 56 filas
[2026-09-25 19:40:25] 217: histórico actualizado -> 73 filas
[2026-09-25 19:40:25] 218: histórico actualizado -> 73 filas
[2026-09-25 19:40:25] 220: histórico actualizado -> 70 filas
[2026-09-25 19:40:26] 221: histórico actualizado -> 143 filas
[2026-09-25 19:40:26] 223: histórico actualizado -> 142 filas
[2026-09-25 19:40:26] 225: histórico actualizado -> 142 filas
[2026-09-25 19:40:26] 226: histórico actualizado -> 142 filas
[2026-09-25 19:40:26] 227: histórico actualizado -> 143 filas
[2026-09-25 19:40:26] 228: histórico actualizado -> 142 filas
[2026-09-25 19:40:26] 229: histórico actualizado -> 142 filas
[2026-09-25 19:40:26] 231: histórico actualizado -> 141 filas
[2026-09-25 19:40:26] 232: histórico actualizado -> 122 filas
[2026-09-25 19:40:26] 234: histórico actualizado -> 142 filas
[2026-09-25 19:40:26] 235: histórico actualizado -> 124 filas
[2026-09-25 19:40:26] 236: histórico actualizado -> 142 filas
[2026-09-25 19:40:26] 238: histórico actualizado -> 143 filas
[2026-09-25 19:40:26] 240: histórico actualizado -> 128 filas
[2026-09-25 19:40:26] 241: histórico actualizado -> 80 filas
[2026-09-25 19:40:26] 242: histórico actualizado -> 135 filas
[2026-09-25 19:40:26] 243: histórico actualizado -> 142 filas
[2026-09-25 19:40:26] 245: histórico actualizado -> 103 filas
[2026-09-25 19:40:26] 246: histórico actualizado -> 34 filas
[2026-09-25 19:40:26] 247: histórico actualizado -> 142 filas
[2026-09-25 19:40:26] Catálogo actualizado: 32 estaciones
[2026-09-25 19:40:26] FIN DEL PROCESO - 21.3 segundos
[2026-09-25 20:40:06] INICIO DEL PROCESO
[2026-09-25 20:40:06] Abriendo página de login...
[2026-09-25 20:40:07] Realizando login...
[2026-09-25 20:40:08] LOGIN OK -> https://polaris.adrtecnology.com/gis/map
[2026-09-25 20:40:08] Estaciones conservadas del catálogo histórico: 32
[2026-09-25 20:40:08] Estaciones obtenidas desde viewer: 20
[2026-09-25 20:40:10] Estaciones obtenidas directamente desde GIS: 32
[2026-09-25 20:40:10] 200: SIN DATOS EN EL ÚLTIMO DÍA
[2026-09-25 20:40:11] 215: 1/4 variables -> Ll acu 1 h
[2026-09-25 20:40:11] 216: 3/4 variables -> HRa med 1h, Ll acu 1 h, Ta med 1h
[2026-09-25 20:40:11] 217: 3/4 variables -> HRa med 1h, Ll acu 1 h, Ta med 1h
[2026-09-25 20:40:12] 218: 2/4 variables -> Ll acu 1 h, Ta med 1h
[2026-09-25 20:40:13] 220: 1/4 variables -> PP Acc (1h)
[2026-09-25 20:40:13] 221: 3/4 variables -> HRa med 1h, Ll acu 1 h, Ta med 1h
[2026-09-25 20:40:14] 223: 3/4 variables -> HRa med 1h, Ll acu 1 h, Ta med 1h
[2026-09-25 20:40:14] 224: SIN DATOS EN EL ÚLTIMO DÍA
[2026-09-25 20:40:15] 225: 3/4 variables -> HRa med 1h, Ll acu 1 h, Ta med 1h
[2026-09-25 20:40:15] 226: 3/4 variables -> HRa med 1h, Ll acu 1 h, Ta med 1h
[2026-09-25 20:40:16] 227: 3/4 variables -> HRa med 1h, Ll acu 1 h, Ta med 1h
[2026-09-25 20:40:16] 228: 3/4 variables -> HRa med 1h, Ll acu 1 h, Ta med 1h
[2026-09-25 20:40:17] 229: 3/4 variables -> HRa med 1h, Ll acu 1 h, Ta med 1h
[2026-09-25 20:40:18] 230: SIN DATOS EN EL ÚLTIMO DÍA
[2026-09-25 20:40:18] 231: 3/4 variables -> HRa med 1h, Ll acu 1 h, Ta med 1h
[2026-09-25 20:40:19] 232: 3/4 variables -> HRa med 1h, Ll acu 1 h, Ta med 1h
[2026-09-25 20:40:19] 233: SIN DATOS EN EL ÚLTIMO DÍA
[2026-09-25 20:40:20] 234: 3/4 variables -> HRa med 1h, Ll acu 1 h, Ta med 1h
[2026-09-25 20:40:20] 235: 3/4 variables -> HRa med 1h, Ll acu 1 h, Ta med 1h
[2026-09-25 20:40:21] 236: 3/4 variables -> HRa med 1h, Ll acu 1 h, Ta med 1h
[2026-09-25 20:40:22] 237: SIN DATOS EN EL ÚLTIMO DÍA
[2026-09-25 20:40:22] 238: 3/4 variables -> HRa med 1h, Ll acu 1 h, Ta med 1h
[2026-09-25 20:40:23] 239: SIN DATOS EN EL ÚLTIMO DÍA
[2026-09-25 20:40:23] 240: 3/4 variables -> HRa med 1h, Ll acu 1 h, Ta med 1h
[2026-09-25 20:40:24] 241: 3/4 variables -> HRa med 1h, Ll acu 1 h, Ta med 1h
[2026-09-25 20:40:24] 242: 3/4 variables -> HRa med 1h, Ll acu 1 h, Ta med 1h
[2026-09-25 20:40:25] 243: 3/4 variables -> HRa med 1h, Ll acu 1 h, Ta med 1h
[2026-09-25 20:40:25] 244: SIN DATOS EN EL ÚLTIMO DÍA
[2026-09-25 20:40:26] 245: 3/4 variables -> HRa med 1h, Ll acu 1 h, Ta med 1h
[2026-09-25 20:40:26] 246: 3/4 variables -> HRa med 1h, Ll acu 1 h, Ta med 1h
[2026-09-25 20:40:27] 247: 3/4 variables -> HRa med 1h, Ll acu 1 h, Ta med 1h
[2026-09-25 20:40:27] 215: histórico actualizado -> 71 filas
[2026-09-25 20:40:27] 216: histórico actualizado -> 56 filas
[2026-09-25 20:40:27] 217: histórico actualizado -> 73 filas
[2026-09-25 20:40:27] 218: histórico actualizado -> 73 filas
[2026-09-25 20:40:27] 220: histórico actualizado -> 70 filas
[2026-09-25 20:40:27] 221: histórico actualizado -> 143 filas
[2026-09-25 20:40:27] 223: histórico actualizado -> 142 filas
[2026-09-25 20:40:27] 225: histórico actualizado -> 142 filas
[2026-09-25 20:40:27] 226: histórico actualizado -> 142 filas
[2026-09-25 20:40:28] 227: histórico actualizado -> 143 filas
[2026-09-25 20:40:28] 228: histórico actualizado -> 142 filas
[2026-09-25 20:40:28] 229: histórico actualizado -> 142 filas
[2026-09-25 20:40:28] 231: histórico actualizado -> 141 filas
[2026-09-25 20:40:28] 232: histórico actualizado -> 122 filas
[2026-09-25 20:40:28] 234: histórico actualizado -> 142 filas
[2026-09-25 20:40:28] 235: histórico actualizado -> 124 filas
[2026-09-25 20:40:28] 236: histórico actualizado -> 142 filas
[2026-09-25 20:40:28] 238: histórico actualizado -> 143 filas
[2026-09-25 20:40:28] 240: histórico actualizado -> 128 filas
[2026-09-25 20:40:28] 241: histórico actualizado -> 80 filas
[2026-09-25 20:40:28] 242: histórico actualizado -> 135 filas
[2026-09-25 20:40:28] 243: histórico actualizado -> 142 filas
[2026-09-25 20:40:28] 245: histórico actualizado -> 103 filas
[2026-09-25 20:40:28] 246: histórico actualizado -> 34 filas
[2026-09-25 20:40:28] 247: histórico actualizado -> 142 filas
[2026-09-25 20:40:28] Catálogo actualizado: 32 estaciones
[2026-09-25 20:40:28] FIN DEL PROCESO - 21.9 segundos
[2026-09-25 21:40:05] INICIO DEL PROCESO
[2026-09-25 21:40:05] Abriendo página de login...
[2026-09-25 21:40:06] Realizando login...
[2026-09-25 21:40:07] LOGIN OK -> https://polaris.adrtecnology.com/gis/map
[2026-09-25 21:40:07] Estaciones conservadas del catálogo histórico: 32
[2026-09-25 21:40:07] Estaciones obtenidas desde viewer: 20
[2026-09-25 21:40:10] Estaciones obtenidas directamente desde GIS: 32
[2026-09-25 21:40:10] 200: SIN DATOS EN EL ÚLTIMO DÍA
[2026-09-25 21:40:11] 215: 1/4 variables -> Ll acu 1 h
[2026-09-25 21:40:11] 216: 3/4 variables -> HRa med 1h, Ll acu 1 h, Ta med 1h
[2026-09-25 21:40:12] 217: 3/4 variables -> HRa med 1h, Ll acu 1 h, Ta med 1h
[2026-09-25 21:40:12] 218: 2/4 variables -> Ll acu 1 h, Ta med 1h
[2026-09-25 21:40:13] 220: 1/4 variables -> PP Acc (1h)
[2026-09-25 21:40:13] 221: 3/4 variables -> HRa med 1h, Ll acu 1 h, Ta med 1h
[2026-09-25 21:40:14] 223: 3/4 variables -> HRa med 1h, Ll acu 1 h, Ta med 1h
[2026-09-25 21:40:14] 224: SIN DATOS EN EL ÚLTIMO DÍA
[2026-09-25 21:40:15] 225: 3/4 variables -> HRa med 1h, Ll acu 1 h, Ta med 1h
[2026-09-25 21:40:15] 226: 3/4 variables -> HRa med 1h, Ll acu 1 h, Ta med 1h
[2026-09-25 21:40:16] 227: 3/4 variables -> HRa med 1h, Ll acu 1 h, Ta med 1h
[2026-09-25 21:40:17] 228: 3/4 variables -> HRa med 1h, Ll acu 1 h, Ta med 1h
[2026-09-25 21:40:17] 229: 3/4 variables -> HRa med 1h, Ll acu 1 h, Ta med 1h
[2026-09-25 21:40:18] 230: SIN DATOS EN EL ÚLTIMO DÍA
[2026-09-25 21:40:18] 231: 3/4 variables -> HRa med 1h, Ll acu 1 h, Ta med 1h
[2026-09-25 21:40:19] 232: 3/4 variables -> HRa med 1h, Ll acu 1 h, Ta med 1h
[2026-09-25 21:40:19] 233: SIN DATOS EN EL ÚLTIMO DÍA
[2026-09-25 21:40:20] 234: 3/4 variables -> HRa med 1h, Ll acu 1 h, Ta med 1h
[2026-09-25 21:40:20] 235: 3/4 variables -> HRa med 1h, Ll acu 1 h, Ta med 1h
[2026-09-25 21:40:21] 236: 3/4 variables -> HRa med 1h, Ll acu 1 h, Ta med 1h
[2026-09-25 21:40:21] 237: SIN DATOS EN EL ÚLTIMO DÍA
[2026-09-25 21:40:22] 238: 3/4 variables -> HRa med 1h, Ll acu 1 h, Ta med 1h
[2026-09-25 21:40:22] 239: SIN DATOS EN EL ÚLTIMO DÍA
[2026-09-25 21:40:23] 240: 3/4 variables -> HRa med 1h, Ll acu 1 h, Ta med 1h
[2026-09-25 21:40:24] 241: 3/4 variables -> HRa med 1h, Ll acu 1 h, Ta med 1h
[2026-09-25 21:40:24] 242: 3/4 variables -> HRa med 1h, Ll acu 1 h, Ta med 1h
[2026-09-25 21:40:25] 243: 3/4 variables -> HRa med 1h, Ll acu 1 h, Ta med 1h
[2026-09-25 21:40:25] 244: SIN DATOS EN EL ÚLTIMO DÍA
[2026-09-25 21:40:26] 245: 3/4 variables -> HRa med 1h, Ll acu 1 h, Ta med 1h
[2026-09-25 21:40:26] 246: 3/4 variables -> HRa med 1h, Ll acu 1 h, Ta med 1h
[2026-09-25 21:40:27] 247: 3/4 variables -> HRa med 1h, Ll acu 1 h, Ta med 1h
[2026-09-25 21:40:27] 215: histórico actualizado -> 71 filas
[2026-09-25 21:40:27] 216: histórico actualizado -> 56 filas
[2026-09-25 21:40:27] 217: histórico actualizado -> 73 filas
[2026-09-25 21:40:27] 218: histórico actualizado -> 73 filas
[2026-09-25 21:40:27] 220: histórico actualizado -> 70 filas
[2026-09-25 21:40:27] 221: histórico actualizado -> 143 filas
[2026-09-25 21:40:27] 223: histórico actualizado -> 142 filas
[2026-09-25 21:40:28] 225: histórico actualizado -> 142 filas
[2026-09-25 21:40:28] 226: histórico actualizado -> 142 filas
[2026-09-25 21:40:28] 227: histórico actualizado -> 143 filas
[2026-09-25 21:40:28] 228: histórico actualizado -> 142 filas
[2026-09-25 21:40:28] 229: histórico actualizado -> 142 filas
[2026-09-25 21:40:28] 231: histórico actualizado -> 141 filas
[2026-09-25 21:40:28] 232: histórico actualizado -> 122 filas
[2026-09-25 21:40:28] 234: histórico actualizado -> 142 filas
[2026-09-25 21:40:28] 235: histórico actualizado -> 124 filas
[2026-09-25 21:40:28] 236: histórico actualizado -> 142 filas
[2026-09-25 21:40:28] 238: histórico actualizado -> 143 filas
[2026-09-25 21:40:28] 240: histórico actualizado -> 128 filas
[2026-09-25 21:40:28] 241: histórico actualizado -> 80 filas
[2026-09-25 21:40:28] 242: histórico actualizado -> 135 filas
[2026-09-25 21:40:28] 243: histórico actualizado -> 142 filas
[2026-09-25 21:40:28] 245: histórico actualizado -> 103 filas
[2026-09-25 21:40:28] 246: histórico actualizado -> 34 filas
[2026-09-25 21:40:28] 247: histórico actualizado -> 142 filas
[2026-09-25 21:40:28] Catálogo actualizado: 32 estaciones
[2026-09-25 21:40:28] FIN DEL PROCESO - 23.1 segundos
[2026-09-25 22:40:05] INICIO DEL PROCESO
[2026-09-25 22:40:05] Abriendo página de login...
[2026-09-25 22:40:06] Realizando login...
[2026-09-25 22:40:06] LOGIN OK -> https://polaris.adrtecnology.com/gis/map
[2026-09-25 22:40:06] Estaciones conservadas del catálogo histórico: 32
[2026-09-25 22:40:06] Estaciones obtenidas desde viewer: 20
[2026-09-25 22:40:08] Estaciones obtenidas directamente desde GIS: 32
[2026-09-25 22:40:08] 200: SIN DATOS EN EL ÚLTIMO DÍA
[2026-09-25 22:40:09] 215: 1/4 variables -> Ll acu 1 h
[2026-09-25 22:40:09] 216: 3/4 variables -> HRa med 1h, Ll acu 1 h, Ta med 1h
[2026-09-25 22:40:10] 217: 3/4 variables -> HRa med 1h, Ll acu 1 h, Ta med 1h
[2026-09-25 22:40:10] 218: 2/4 variables -> Ll acu 1 h, Ta med 1h
[2026-09-25 22:40:11] 220: 1/4 variables -> PP Acc (1h)
[2026-09-25 22:40:12] 221: 3/4 variables -> HRa med 1h, Ll acu 1 h, Ta med 1h
[2026-09-25 22:40:12] 223: 3/4 variables -> HRa med 1h, Ll acu 1 h, Ta med 1h
[2026-09-25 22:40:13] 224: SIN DATOS EN EL ÚLTIMO DÍA
[2026-09-25 22:40:13] 225: 3/4 variables -> HRa med 1h, Ll acu 1 h, Ta med 1h
[2026-09-25 22:40:14] 226: 3/4 variables -> HRa med 1h, Ll acu 1 h, Ta med 1h
[2026-09-25 22:40:14] 227: 3/4 variables -> HRa med 1h, Ll acu 1 h, Ta med 1h
[2026-09-25 22:40:15] 228: 3/4 variables -> HRa med 1h, Ll acu 1 h, Ta med 1h
[2026-09-25 22:40:15] 229: 3/4 variables -> HRa med 1h, Ll acu 1 h, Ta med 1h
[2026-09-25 22:40:16] 230: SIN DATOS EN EL ÚLTIMO DÍA
[2026-09-25 22:40:16] 231: 3/4 variables -> HRa med 1h, Ll acu 1 h, Ta med 1h
[2026-09-25 22:40:17] 232: 3/4 variables -> HRa med 1h, Ll acu 1 h, Ta med 1h
[2026-09-25 22:40:18] 233: SIN DATOS EN EL ÚLTIMO DÍA
[2026-09-25 22:40:18] 234: 3/4 variables -> HRa med 1h, Ll acu 1 h, Ta med 1h
[2026-09-25 22:40:19] 235: 3/4 variables -> HRa med 1h, Ll acu 1 h, Ta med 1h
[2026-09-25 22:40:19] 236: 3/4 variables -> HRa med 1h, Ll acu 1 h, Ta med 1h
[2026-09-25 22:40:20] 237: SIN DATOS EN EL ÚLTIMO DÍA
[2026-09-25 22:40:20] 238: 3/4 variables -> HRa med 1h, Ll acu 1 h, Ta med 1h
[2026-09-25 22:40:21] 239: SIN DATOS EN EL ÚLTIMO DÍA
[2026-09-25 22:40:21] 240: 3/4 variables -> HRa med 1h, Ll acu 1 h, Ta med 1h
[2026-09-25 22:40:22] 241: 3/4 variables -> HRa med 1h, Ll acu 1 h, Ta med 1h
[2026-09-25 22:40:22] 242: 3/4 variables -> HRa med 1h, Ll acu 1 h, Ta med 1h
[2026-09-25 22:40:23] 243: 3/4 variables -> HRa med 1h, Ll acu 1 h, Ta med 1h
[2026-09-25 22:40:24] 244: SIN DATOS EN EL ÚLTIMO DÍA
[2026-09-25 22:40:24] 245: 3/4 variables -> HRa med 1h, Ll acu 1 h, Ta med 1h
[2026-09-25 22:40:25] 246: 3/4 variables -> HRa med 1h, Ll acu 1 h, Ta med 1h
[2026-09-25 22:40:25] 247: 3/4 variables -> HRa med 1h, Ll acu 1 h, Ta med 1h
[2026-09-25 22:40:25] 215: histórico actualizado -> 71 filas
[2026-09-25 22:40:25] 216: histórico actualizado -> 56 filas
[2026-09-25 22:40:26] 217: histórico actualizado -> 73 filas
[2026-09-25 22:40:26] 218: histórico actualizado -> 73 filas
[2026-09-25 22:40:26] 220: histórico actualizado -> 70 filas
[2026-09-25 22:40:26] 221: histórico actualizado -> 143 filas
[2026-09-25 22:40:26] 223: histórico actualizado -> 142 filas
[2026-09-25 22:40:26] 225: histórico actualizado -> 142 filas
[2026-09-25 22:40:26] 226: histórico actualizado -> 142 filas
[2026-09-25 22:40:26] 227: histórico actualizado -> 143 filas
[2026-09-25 22:40:26] 228: histórico actualizado -> 142 filas
[2026-09-25 22:40:26] 229: histórico actualizado -> 142 filas
[2026-09-25 22:40:26] 231: histórico actualizado -> 141 filas
[2026-09-25 22:40:26] 232: histórico actualizado -> 122 filas
[2026-09-25 22:40:26] 234: histórico actualizado -> 142 filas
[2026-09-25 22:40:26] 235: histórico actualizado -> 124 filas
[2026-09-25 22:40:26] 236: histórico actualizado -> 142 filas
[2026-09-25 22:40:26] 238: histórico actualizado -> 143 filas
[2026-09-25 22:40:26] 240: histórico actualizado -> 128 filas
[2026-09-25 22:40:26] 241: histórico actualizado -> 80 filas
[2026-09-25 22:40:26] 242: histórico actualizado -> 135 filas
[2026-09-25 22:40:26] 243: histórico actualizado -> 142 filas
[2026-09-25 22:40:26] 245: histórico actualizado -> 103 filas
[2026-09-25 22:40:26] 246: histórico actualizado -> 34 filas
[2026-09-25 22:40:26] 247: histórico actualizado -> 142 filas
[2026-09-25 22:40:26] Catálogo actualizado: 32 estaciones
[2026-09-25 22:40:26] FIN DEL PROCESO - 21.3 segundos
[2026-09-25 23:40:05] INICIO DEL PROCESO
[2026-09-25 23:40:05] Abriendo página de login...
[2026-09-25 23:40:06] Realizando login...
[2026-09-25 23:40:06] LOGIN OK -> https://polaris.adrtecnology.com/gis/map
[2026-09-25 23:40:06] Estaciones conservadas del catálogo histórico: 32
[2026-09-25 23:40:06] Estaciones obtenidas desde viewer: 20
[2026-09-25 23:40:08] Estaciones obtenidas directamente desde GIS: 32
[2026-09-25 23:40:08] 200: SIN DATOS EN EL ÚLTIMO DÍA
[2026-09-25 23:40:09] 215: 1/4 variables -> Ll acu 1 h
[2026-09-25 23:40:09] 216: 3/4 variables -> HRa med 1h, Ll acu 1 h, Ta med 1h
[2026-09-25 23:40:10] 217: 3/4 variables -> HRa med 1h, Ll acu 1 h, Ta med 1h
[2026-09-25 23:40:10] 218: 2/4 variables -> Ll acu 1 h, Ta med 1h
[2026-09-25 23:40:11] 220: 1/4 variables -> PP Acc (1h)
[2026-09-25 23:40:11] 221: 3/4 variables -> HRa med 1h, Ll acu 1 h, Ta med 1h
[2026-09-25 23:40:12] 223: 3/4 variables -> HRa med 1h, Ll acu 1 h, Ta med 1h
[2026-09-25 23:40:12] 224: SIN DATOS EN EL ÚLTIMO DÍA
[2026-09-25 23:40:13] 225: 3/4 variables -> HRa med 1h, Ll acu 1 h, Ta med 1h
[2026-09-25 23:40:13] 226: 3/4 variables -> HRa med 1h, Ll acu 1 h, Ta med 1h
[2026-09-25 23:40:14] 227: 3/4 variables -> HRa med 1h, Ll acu 1 h, Ta med 1h
[2026-09-25 23:40:14] 228: 3/4 variables -> HRa med 1h, Ll acu 1 h, Ta med 1h
[2026-09-25 23:40:15] 229: 3/4 variables -> HRa med 1h, Ll acu 1 h, Ta med 1h
[2026-09-25 23:40:15] 230: SIN DATOS EN EL ÚLTIMO DÍA
[2026-09-25 23:40:16] 231: 3/4 variables -> HRa med 1h, Ll acu 1 h, Ta med 1h
[2026-09-25 23:40:17] 232: 3/4 variables -> HRa med 1h, Ll acu 1 h, Ta med 1h
[2026-09-25 23:40:17] 233: SIN DATOS EN EL ÚLTIMO DÍA
[2026-09-25 23:40:18] 234: 3/4 variables -> HRa med 1h, Ll acu 1 h, Ta med 1h
[2026-09-25 23:40:18] 235: 3/4 variables -> HRa med 1h, Ll acu 1 h, Ta med 1h
[2026-09-25 23:40:19] 236: 3/4 variables -> HRa med 1h, Ll acu 1 h, Ta med 1h
[2026-09-25 23:40:19] 237: SIN DATOS EN EL ÚLTIMO DÍA
[2026-09-25 23:40:20] 238: 3/4 variables -> HRa med 1h, Ll acu 1 h, Ta med 1h
[2026-09-25 23:40:20] 239: SIN DATOS EN EL ÚLTIMO DÍA
[2026-09-25 23:40:21] 240: 3/4 variables -> HRa med 1h, Ll acu 1 h, Ta med 1h
[2026-09-25 23:40:21] 241: 3/4 variables -> HRa med 1h, Ll acu 1 h, Ta med 1h
[2026-09-25 23:40:22] 242: 3/4 variables -> HRa med 1h, Ll acu 1 h, Ta med 1h
[2026-09-25 23:40:22] 243: 3/4 variables -> HRa med 1h, Ll acu 1 h, Ta med 1h
[2026-09-25 23:40:23] 244: SIN DATOS EN EL ÚLTIMO DÍA
[2026-09-25 23:40:23] 245: 3/4 variables -> HRa med 1h, Ll acu 1 h, Ta med 1h
[2026-09-25 23:40:24] 246: 3/4 variables -> HRa med 1h, Ll acu 1 h, Ta med 1h
[2026-09-25 23:40:25] 247: 3/4 variables -> HRa med 1h, Ll acu 1 h, Ta med 1h
[2026-09-25 23:40:25] 215: histórico actualizado -> 71 filas
[2026-09-25 23:40:25] 216: histórico actualizado -> 56 filas
[2026-09-25 23:40:25] 217: histórico actualizado -> 73 filas
[2026-09-25 23:40:25] 218: histórico actualizado -> 73 filas
[2026-09-25 23:40:25] 220: histórico actualizado -> 70 filas
[2026-09-25 23:40:25] 221: histórico actualizado -> 143 filas
[2026-09-25 23:40:25] 223: histórico actualizado -> 142 filas
[2026-09-25 23:40:25] 225: histórico actualizado -> 142 filas
[2026-09-25 23:40:25] 226: histórico actualizado -> 142 filas
[2026-09-25 23:40:25] 227: histórico actualizado -> 143 filas
[2026-09-25 23:40:25] 228: histórico actualizado -> 142 filas
[2026-09-25 23:40:25] 229: histórico actualizado -> 142 filas
[2026-09-25 23:40:25] 231: histórico actualizado -> 141 filas
[2026-09-25 23:40:25] 232: histórico actualizado -> 122 filas
[2026-09-25 23:40:25] 234: histórico actualizado -> 142 filas
[2026-09-25 23:40:26] 235: histórico actualizado -> 124 filas
[2026-09-25 23:40:26] 236: histórico actualizado -> 142 filas
[2026-09-25 23:40:26] 238: histórico actualizado -> 143 filas
[2026-09-25 23:40:26] 240: histórico actualizado -> 128 filas
[2026-09-25 23:40:26] 241: histórico actualizado -> 80 filas
[2026-09-25 23:40:26] 242: histórico actualizado -> 135 filas
[2026-09-25 23:40:26] 243: histórico actualizado -> 142 filas
[2026-09-25 23:40:26] 245: histórico actualizado -> 103 filas
[2026-09-25 23:40:26] 246: histórico actualizado -> 34 filas
[2026-09-25 23:40:26] 247: histórico actualizado -> 142 filas
[2026-09-25 23:40:26] Catálogo actualizado: 32 estaciones
[2026-09-25 23:40:26] FIN DEL PROCESO - 21.0 segundos
[2026-09-26 00:40:05] INICIO DEL PROCESO
[2026-09-26 00:40:05] Abriendo página de login...
[2026-09-26 00:40:05] Realizando login...
[2026-09-26 00:40:05] LOGIN OK -> https://polaris.adrtecnology.com/gis/map
[2026-09-26 00:40:06] Estaciones conservadas del catálogo histórico: 32
[2026-09-26 00:40:06] Estaciones obtenidas desde viewer: 20
[2026-09-26 00:40:07] Estaciones obtenidas directamente desde GIS: 32
[2026-09-26 00:40:08] 200: SIN DATOS EN EL ÚLTIMO DÍA
[2026-09-26 00:40:08] 215: 1/4 variables -> Ll acu 1 h
[2026-09-26 00:40:09] 216: 3/4 variables -> HRa med 1h, Ll acu 1 h, Ta med 1h
[2026-09-26 00:40:09] 217: 3/4 variables -> HRa med 1h, Ll acu 1 h, Ta med 1h
[2026-09-26 00:40:10] 218: 2/4 variables -> Ll acu 1 h, Ta med 1h
[2026-09-26 00:40:10] 220: 1/4 variables -> PP Acc (1h)
[2026-09-26 00:40:11] 221: 3/4 variables -> HRa med 1h, Ll acu 1 h, Ta med 1h
[2026-09-26 00:40:11] 223: 3/4 variables -> HRa med 1h, Ll acu 1 h, Ta med 1h
[2026-09-26 00:40:12] 224: SIN DATOS EN EL ÚLTIMO DÍA
[2026-09-26 00:40:13] 225: 3/4 variables -> HRa med 1h, Ll acu 1 h, Ta med 1h
[2026-09-26 00:40:13] 226: 3/4 variables -> HRa med 1h, Ll acu 1 h, Ta med 1h
[2026-09-26 00:40:14] 227: 3/4 variables -> HRa med 1h, Ll acu 1 h, Ta med 1h
[2026-09-26 00:40:14] 228: 3/4 variables -> HRa med 1h, Ll acu 1 h, Ta med 1h
[2026-09-26 00:40:15] 229: 3/4 variables -> HRa med 1h, Ll acu 1 h, Ta med 1h
[2026-09-26 00:40:15] 230: SIN DATOS EN EL ÚLTIMO DÍA
[2026-09-26 00:40:16] 231: 3/4 variables -> HRa med 1h, Ll acu 1 h, Ta med 1h
[2026-09-26 00:40:16] 232: 3/4 variables -> HRa med 1h, Ll acu 1 h, Ta med 1h
[2026-09-26 00:40:17] 233: SIN DATOS EN EL ÚLTIMO DÍA
[2026-09-26 00:40:17] 234: 3/4 variables -> HRa med 1h, Ll acu 1 h, Ta med 1h
[2026-09-26 00:40:18] 235: 3/4 variables -> HRa med 1h, Ll acu 1 h, Ta med 1h
[2026-09-26 00:40:19] 236: 3/4 variables -> HRa med 1h, Ll acu 1 h, Ta med 1h
[2026-09-26 00:40:19] 237: SIN DATOS EN EL ÚLTIMO DÍA
[2026-09-26 00:40:20] 238: 3/4 variables -> HRa med 1h, Ll acu 1 h, Ta med 1h
[2026-09-26 00:40:20] 239: SIN DATOS EN EL ÚLTIMO DÍA
[2026-09-26 00:40:21] 240: 3/4 variables -> HRa med 1h, Ll acu 1 h, Ta med 1h
[2026-09-26 00:40:21] 241: 3/4 variables -> HRa med 1h, Ll acu 1 h, Ta med 1h
[2026-09-26 00:40:22] 242: 3/4 variables -> HRa med 1h, Ll acu 1 h, Ta med 1h
[2026-09-26 00:40:22] 243: 3/4 variables -> HRa med 1h, Ll acu 1 h, Ta med 1h
[2026-09-26 00:40:23] 244: SIN DATOS EN EL ÚLTIMO DÍA
[2026-09-26 00:40:23] 245: 3/4 variables -> HRa med 1h, Ll acu 1 h, Ta med 1h
[2026-09-26 00:40:24] 246: 3/4 variables -> HRa med 1h, Ll acu 1 h, Ta med 1h
[2026-09-26 00:40:25] 247: 3/4 variables -> HRa med 1h, Ll acu 1 h, Ta med 1h
[2026-09-26 00:40:25] 215: histórico actualizado -> 71 filas
[2026-09-26 00:40:25] 216: histórico actualizado -> 56 filas
[2026-09-26 00:40:25] 217: histórico actualizado -> 73 filas
[2026-09-26 00:40:25] 218: histórico actualizado -> 73 filas
[2026-09-26 00:40:25] 220: histórico actualizado -> 70 filas
[2026-09-26 00:40:25] 221: histórico actualizado -> 143 filas
[2026-09-26 00:40:25] 223: histórico actualizado -> 142 filas
[2026-09-26 00:40:25] 225: histórico actualizado -> 142 filas
[2026-09-26 00:40:25] 226: histórico actualizado -> 142 filas
[2026-09-26 00:40:25] 227: histórico actualizado -> 143 filas
[2026-09-26 00:40:25] 228: histórico actualizado -> 142 filas
[2026-09-26 00:40:25] 229: histórico actualizado -> 142 filas
[2026-09-26 00:40:26] 231: histórico actualizado -> 141 filas
[2026-09-26 00:40:26] 232: histórico actualizado -> 122 filas
[2026-09-26 00:40:26] 234: histórico actualizado -> 142 filas
[2026-09-26 00:40:26] 235: histórico actualizado -> 124 filas
[2026-09-26 00:40:26] 236: histórico actualizado -> 142 filas
[2026-09-26 00:40:26] 238: histórico actualizado -> 143 filas
[2026-09-26 00:40:26] 240: histórico actualizado -> 128 filas
[2026-09-26 00:40:26] 241: histórico actualizado -> 80 filas
[2026-09-26 00:40:26] 242: histórico actualizado -> 135 filas
[2026-09-26 00:40:26] 243: histórico actualizado -> 142 filas
[2026-09-26 00:40:26] 245: histórico actualizado -> 103 filas
[2026-09-26 00:40:26] 246: histórico actualizado -> 34 filas
[2026-09-26 00:40:26] 247: histórico actualizado -> 142 filas
[2026-09-26 00:40:26] Catálogo actualizado: 32 estaciones
[2026-09-26 00:40:26] FIN DEL PROCESO - 21.5 segundos
[2026-09-26 01:40:05] INICIO DEL PROCESO
[2026-09-26 01:40:05] Abriendo página de login...
[2026-09-26 01:40:05] Realizando login...
[2026-09-26 01:40:06] LOGIN OK -> https://polaris.adrtecnology.com/gis/map
[2026-09-26 01:40:06] Estaciones conservadas del catálogo histórico: 32
[2026-09-26 01:40:06] Estaciones obtenidas desde viewer: 20
[2026-09-26 01:40:08] Estaciones obtenidas directamente desde GIS: 32
[2026-09-26 01:40:08] 200: SIN DATOS EN EL ÚLTIMO DÍA
[2026-09-26 01:40:08] 215: 1/4 variables -> Ll acu 1 h
[2026-09-26 01:40:09] 216: 3/4 variables -> HRa med 1h, Ll acu 1 h, Ta med 1h
[2026-09-26 01:40:09] 217: 3/4 variables -> HRa med 1h, Ll acu 1 h, Ta med 1h
[2026-09-26 01:40:10] 218: 2/4 variables -> Ll acu 1 h, Ta med 1h
[2026-09-26 01:40:10] 220: 1/4 variables -> PP Acc (1h)
[2026-09-26 01:40:11] 221: 3/4 variables -> HRa med 1h, Ll acu 1 h, Ta med 1h
[2026-09-26 01:40:12] 223: 3/4 variables -> HRa med 1h, Ll acu 1 h, Ta med 1h
[2026-09-26 01:40:12] 224: SIN DATOS EN EL ÚLTIMO DÍA
[2026-09-26 01:40:13] 225: 3/4 variables -> HRa med 1h, Ll acu 1 h, Ta med 1h
[2026-09-26 01:40:13] 226: 3/4 variables -> HRa med 1h, Ll acu 1 h, Ta med 1h
[2026-09-26 01:40:14] 227: 3/4 variables -> HRa med 1h, Ll acu 1 h, Ta med 1h
[2026-09-26 01:40:14] 228: 3/4 variables -> HRa med 1h, Ll acu 1 h, Ta med 1h
[2026-09-26 01:40:15] 229: 3/4 variables -> HRa med 1h, Ll acu 1 h, Ta med 1h
[2026-09-26 01:40:16] 230: SIN DATOS EN EL ÚLTIMO DÍA
[2026-09-26 01:40:16] 231: 3/4 variables -> HRa med 1h, Ll acu 1 h, Ta med 1h
[2026-09-26 01:40:17] 232: 3/4 variables -> HRa med 1h, Ll acu 1 h, Ta med 1h
[2026-09-26 01:40:17] 233: SIN DATOS EN EL ÚLTIMO DÍA
[2026-09-26 01:40:18] 234: 3/4 variables -> HRa med 1h, Ll acu 1 h, Ta med 1h
[2026-09-26 01:40:18] 235: 3/4 variables -> HRa med 1h, Ll acu 1 h, Ta med 1h
[2026-09-26 01:40:19] 236: 3/4 variables -> HRa med 1h, Ll acu 1 h, Ta med 1h
[2026-09-26 01:40:19] 237: SIN DATOS EN EL ÚLTIMO DÍA
[2026-09-26 01:40:20] 238: 3/4 variables -> HRa med 1h, Ll acu 1 h, Ta med 1h
[2026-09-26 01:40:20] 239: SIN DATOS EN EL ÚLTIMO DÍA
[2026-09-26 01:40:21] 240: 3/4 variables -> HRa med 1h, Ll acu 1 h, Ta med 1h
[2026-09-26 01:40:21] 241: 3/4 variables -> HRa med 1h, Ll acu 1 h, Ta med 1h
[2026-09-26 01:40:22] 242: 3/4 variables -> HRa med 1h, Ll acu 1 h, Ta med 1h
[2026-09-26 01:40:22] 243: 3/4 variables -> HRa med 1h, Ll acu 1 h, Ta med 1h
[2026-09-26 01:40:23] 244: SIN DATOS EN EL ÚLTIMO DÍA
[2026-09-26 01:40:24] 245: 3/4 variables -> HRa med 1h, Ll acu 1 h, Ta med 1h
[2026-09-26 01:40:24] 246: 3/4 variables -> HRa med 1h, Ll acu 1 h, Ta med 1h
[2026-09-26 01:40:25] 247: 3/4 variables -> HRa med 1h, Ll acu 1 h, Ta med 1h
[2026-09-26 01:40:25] 215: histórico actualizado -> 71 filas
[2026-09-26 01:40:25] 216: histórico actualizado -> 56 filas
[2026-09-26 01:40:25] 217: histórico actualizado -> 73 filas
[2026-09-26 01:40:25] 218: histórico actualizado -> 73 filas
[2026-09-26 01:40:25] 220: histórico actualizado -> 70 filas
[2026-09-26 01:40:25] 221: histórico actualizado -> 143 filas
[2026-09-26 01:40:25] 223: histórico actualizado -> 142 filas
[2026-09-26 01:40:25] 225: histórico actualizado -> 142 filas
[2026-09-26 01:40:25] 226: histórico actualizado -> 142 filas
[2026-09-26 01:40:25] 227: histórico actualizado -> 143 filas
[2026-09-26 01:40:25] 228: histórico actualizado -> 142 filas
[2026-09-26 01:40:25] 229: histórico actualizado -> 142 filas
[2026-09-26 01:40:25] 231: histórico actualizado -> 141 filas
[2026-09-26 01:40:26] 232: histórico actualizado -> 122 filas
[2026-09-26 01:40:26] 234: histórico actualizado -> 142 filas
[2026-09-26 01:40:26] 235: histórico actualizado -> 124 filas
[2026-09-26 01:40:26] 236: histórico actualizado -> 142 filas
[2026-09-26 01:40:26] 238: histórico actualizado -> 143 filas
[2026-09-26 01:40:26] 240: histórico actualizado -> 128 filas
[2026-09-26 01:40:26] 241: histórico actualizado -> 80 filas
[2026-09-26 01:40:26] 242: histórico actualizado -> 135 filas
[2026-09-26 01:40:26] 243: histórico actualizado -> 142 filas
[2026-09-26 01:40:26] 245: histórico actualizado -> 103 filas
[2026-09-26 01:40:26] 246: histórico actualizado -> 34 filas
[2026-09-26 01:40:26] 247: histórico actualizado -> 142 filas
[2026-09-26 01:40:26] Catálogo actualizado: 32 estaciones
[2026-09-26 01:40:26] FIN DEL PROCESO - 21.3 segundos
[2026-09-26 02:40:05] INICIO DEL PROCESO
[2026-09-26 02:40:05] Abriendo página de login...
[2026-09-26 02:40:06] Realizando login...
[2026-09-26 02:40:06] LOGIN OK -> https://polaris.adrtecnology.com/gis/map
[2026-09-26 02:40:06] Estaciones conservadas del catálogo histórico: 32
[2026-09-26 02:40:06] Estaciones obtenidas desde viewer: 20
[2026-09-26 02:40:08] Estaciones obtenidas directamente desde GIS: 32
[2026-09-26 02:40:08] 200: SIN DATOS EN EL ÚLTIMO DÍA
[2026-09-26 02:40:09] 215: 1/4 variables -> Ll acu 1 h
[2026-09-26 02:40:09] 216: 3/4 variables -> HRa med 1h, Ll acu 1 h, Ta med 1h
[2026-09-26 02:40:10] 217: 3/4 variables -> HRa med 1h, Ll acu 1 h, Ta med 1h
[2026-09-26 02:40:10] 218: 2/4 variables -> Ll acu 1 h, Ta med 1h
[2026-09-26 02:40:11] 220: 1/4 variables -> PP Acc (1h)
[2026-09-26 02:40:11] 221: 3/4 variables -> HRa med 1h, Ll acu 1 h, Ta med 1h
[2026-09-26 02:40:12] 223: 3/4 variables -> HRa med 1h, Ll acu 1 h, Ta med 1h
[2026-09-26 02:40:12] 224: SIN DATOS EN EL ÚLTIMO DÍA
[2026-09-26 02:40:13] 225: 3/4 variables -> HRa med 1h, Ll acu 1 h, Ta med 1h
[2026-09-26 02:40:13] 226: 3/4 variables -> HRa med 1h, Ll acu 1 h, Ta med 1h
[2026-09-26 02:40:14] 227: 3/4 variables -> HRa med 1h, Ll acu 1 h, Ta med 1h
[2026-09-26 02:40:15] 228: 3/4 variables -> HRa med 1h, Ll acu 1 h, Ta med 1h
[2026-09-26 02:40:15] 229: 3/4 variables -> HRa med 1h, Ll acu 1 h, Ta med 1h
[2026-09-26 02:40:16] 230: SIN DATOS EN EL ÚLTIMO DÍA
[2026-09-26 02:40:16] 231: 3/4 variables -> HRa med 1h, Ll acu 1 h, Ta med 1h
[2026-09-26 02:40:17] 232: 3/4 variables -> HRa med 1h, Ll acu 1 h, Ta med 1h
[2026-09-26 02:40:17] 233: SIN DATOS EN EL ÚLTIMO DÍA
[2026-09-26 02:40:18] 234: 3/4 variables -> HRa med 1h, Ll acu 1 h, Ta med 1h
[2026-09-26 02:40:18] 235: 3/4 variables -> HRa med 1h, Ll acu 1 h, Ta med 1h
[2026-09-26 02:40:19] 236: 3/4 variables -> HRa med 1h, Ll acu 1 h, Ta med 1h
[2026-09-26 02:40:19] 237: SIN DATOS EN EL ÚLTIMO DÍA
[2026-09-26 02:40:20] 238: 3/4 variables -> HRa med 1h, Ll acu 1 h, Ta med 1h
[2026-09-26 02:40:20] 239: SIN DATOS EN EL ÚLTIMO DÍA
[2026-09-26 02:40:21] 240: 3/4 variables -> HRa med 1h, Ll acu 1 h, Ta med 1h
[2026-09-26 02:40:21] 241: 3/4 variables -> HRa med 1h, Ll acu 1 h, Ta med 1h
[2026-09-26 02:40:22] 242: 3/4 variables -> HRa med 1h, Ll acu 1 h, Ta med 1h
[2026-09-26 02:40:23] 243: 3/4 variables -> HRa med 1h, Ll acu 1 h, Ta med 1h
[2026-09-26 02:40:23] 244: SIN DATOS EN EL ÚLTIMO DÍA
[2026-09-26 02:40:24] 245: 3/4 variables -> HRa med 1h, Ll acu 1 h, Ta med 1h
[2026-09-26 02:40:24] 246: 3/4 variables -> HRa med 1h, Ll acu 1 h, Ta med 1h
[2026-09-26 02:40:25] 247: 3/4 variables -> HRa med 1h, Ll acu 1 h, Ta med 1h
[2026-09-26 02:40:25] 215: histórico actualizado -> 71 filas
[2026-09-26 02:40:25] 216: histórico actualizado -> 56 filas
[2026-09-26 02:40:25] 217: histórico actualizado -> 73 filas
[2026-09-26 02:40:25] 218: histórico actualizado -> 73 filas
[2026-09-26 02:40:25] 220: histórico actualizado -> 70 filas
[2026-09-26 02:40:25] 221: histórico actualizado -> 143 filas
[2026-09-26 02:40:25] 223: histórico actualizado -> 142 filas
[2026-09-26 02:40:25] 225: histórico actualizado -> 142 filas
[2026-09-26 02:40:25] 226: histórico actualizado -> 142 filas
[2026-09-26 02:40:25] 227: histórico actualizado -> 143 filas
[2026-09-26 02:40:25] 228: histórico actualizado -> 142 filas
[2026-09-26 02:40:25] 229: histórico actualizado -> 142 filas
[2026-09-26 02:40:26] 231: histórico actualizado -> 141 filas
[2026-09-26 02:40:26] 232: histórico actualizado -> 122 filas
[2026-09-26 02:40:26] 234: histórico actualizado -> 142 filas
[2026-09-26 02:40:26] 235: histórico actualizado -> 124 filas
[2026-09-26 02:40:26] 236: histórico actualizado -> 142 filas
[2026-09-26 02:40:26] 238: histórico actualizado -> 143 filas
[2026-09-26 02:40:26] 240: histórico actualizado -> 128 filas
[2026-09-26 02:40:26] 241: histórico actualizado -> 80 filas
[2026-09-26 02:40:26] 242: histórico actualizado -> 135 filas
[2026-09-26 02:40:26] 243: histórico actualizado -> 142 filas
[2026-09-26 02:40:26] 245: histórico actualizado -> 103 filas
[2026-09-26 02:40:26] 246: histórico actualizado -> 34 filas
[2026-09-26 02:40:26] 247: histórico actualizado -> 142 filas
[2026-09-26 02:40:26] Catálogo actualizado: 32 estaciones
[2026-09-26 02:40:26] FIN DEL PROCESO - 21.2 segundos
[2026-09-26 03:40:07] INICIO DEL PROCESO
[2026-09-26 03:40:07] Abriendo página de login...
[2026-09-26 03:40:07] Realizando login...
[2026-09-26 03:40:08] LOGIN OK -> https://polaris.adrtecnology.com/gis/map
[2026-09-26 03:40:08] Estaciones conservadas del catálogo histórico: 32
[2026-09-26 03:40:08] Estaciones obtenidas desde viewer: 20
[2026-09-26 03:40:10] Estaciones obtenidas directamente desde GIS: 32
[2026-09-26 03:40:10] 200: SIN DATOS EN EL ÚLTIMO DÍA
[2026-09-26 03:40:11] 215: 1/4 variables -> Ll acu 1 h
[2026-09-26 03:40:11] 216: 3/4 variables -> HRa med 1h, Ll acu 1 h, Ta med 1h
[2026-09-26 03:40:12] 217: 3/4 variables -> HRa med 1h, Ll acu 1 h, Ta med 1h
[2026-09-26 03:40:12] 218: 2/4 variables -> Ll acu 1 h, Ta med 1h
[2026-09-26 03:40:13] 220: 1/4 variables -> PP Acc (1h)
[2026-09-26 03:40:13] 221: 3/4 variables -> HRa med 1h, Ll acu 1 h, Ta med 1h
[2026-09-26 03:40:14] 223: 3/4 variables -> HRa med 1h, Ll acu 1 h, Ta med 1h
[2026-09-26 03:40:15] 224: SIN DATOS EN EL ÚLTIMO DÍA
[2026-09-26 03:40:15] 225: 3/4 variables -> HRa med 1h, Ll acu 1 h, Ta med 1h
[2026-09-26 03:40:16] 226: 3/4 variables -> HRa med 1h, Ll acu 1 h, Ta med 1h
[2026-09-26 03:40:16] 227: 3/4 variables -> HRa med 1h, Ll acu 1 h, Ta med 1h
[2026-09-26 03:40:17] 228: 3/4 variables -> HRa med 1h, Ll acu 1 h, Ta med 1h
[2026-09-26 03:40:17] 229: 3/4 variables -> HRa med 1h, Ll acu 1 h, Ta med 1h
[2026-09-26 03:40:18] 230: SIN DATOS EN EL ÚLTIMO DÍA
[2026-09-26 03:40:18] 231: 3/4 variables -> HRa med 1h, Ll acu 1 h, Ta med 1h
[2026-09-26 03:40:19] 232: 3/4 variables -> HRa med 1h, Ll acu 1 h, Ta med 1h
[2026-09-26 03:40:19] 233: SIN DATOS EN EL ÚLTIMO DÍA
[2026-09-26 03:40:20] 234: 3/4 variables -> HRa med 1h, Ll acu 1 h, Ta med 1h
[2026-09-26 03:40:21] 235: 3/4 variables -> HRa med 1h, Ll acu 1 h, Ta med 1h
[2026-09-26 03:40:21] 236: 3/4 variables -> HRa med 1h, Ll acu 1 h, Ta med 1h
[2026-09-26 03:40:22] 237: SIN DATOS EN EL ÚLTIMO DÍA
[2026-09-26 03:40:22] 238: 3/4 variables -> HRa med 1h, Ll acu 1 h, Ta med 1h
[2026-09-26 03:40:23] 239: SIN DATOS EN EL ÚLTIMO DÍA
[2026-09-26 03:40:23] 240: 3/4 variables -> HRa med 1h, Ll acu 1 h, Ta med 1h
[2026-09-26 03:40:24] 241: 3/4 variables -> HRa med 1h, Ll acu 1 h, Ta med 1h
[2026-09-26 03:40:25] 242: 3/4 variables -> HRa med 1h, Ll acu 1 h, Ta med 1h
[2026-09-26 03:40:25] 243: 3/4 variables -> HRa med 1h, Ll acu 1 h, Ta med 1h
[2026-09-26 03:40:26] 244: SIN DATOS EN EL ÚLTIMO DÍA
[2026-09-26 03:40:26] 245: 3/4 variables -> HRa med 1h, Ll acu 1 h, Ta med 1h
[2026-09-26 03:40:27] 246: 3/4 variables -> HRa med 1h, Ll acu 1 h, Ta med 1h
[2026-09-26 03:40:27] 247: 3/4 variables -> HRa med 1h, Ll acu 1 h, Ta med 1h
[2026-09-26 03:40:28] 215: histórico actualizado -> 71 filas
[2026-09-26 03:40:28] 216: histórico actualizado -> 56 filas
[2026-09-26 03:40:28] 217: histórico actualizado -> 73 filas
[2026-09-26 03:40:28] 218: histórico actualizado -> 73 filas
[2026-09-26 03:40:28] 220: histórico actualizado -> 70 filas
[2026-09-26 03:40:28] 221: histórico actualizado -> 143 filas
[2026-09-26 03:40:28] 223: histórico actualizado -> 142 filas
[2026-09-26 03:40:28] 225: histórico actualizado -> 142 filas
[2026-09-26 03:40:28] 226: histórico actualizado -> 142 filas
[2026-09-26 03:40:28] 227: histórico actualizado -> 143 filas
[2026-09-26 03:40:28] 228: histórico actualizado -> 142 filas
[2026-09-26 03:40:28] 229: histórico actualizado -> 142 filas
[2026-09-26 03:40:28] 231: histórico actualizado -> 141 filas
[2026-09-26 03:40:28] 232: histórico actualizado -> 122 filas
[2026-09-26 03:40:28] 234: histórico actualizado -> 142 filas
[2026-09-26 03:40:28] 235: histórico actualizado -> 124 filas
[2026-09-26 03:40:28] 236: histórico actualizado -> 142 filas
[2026-09-26 03:40:28] 238: histórico actualizado -> 143 filas
[2026-09-26 03:40:28] 240: histórico actualizado -> 128 filas
[2026-09-26 03:40:28] 241: histórico actualizado -> 80 filas
[2026-09-26 03:40:28] 242: histórico actualizado -> 135 filas
[2026-09-26 03:40:28] 243: histórico actualizado -> 142 filas
[2026-09-26 03:40:29] 245: histórico actualizado -> 103 filas
[2026-09-26 03:40:29] 246: histórico actualizado -> 34 filas
[2026-09-26 03:40:29] 247: histórico actualizado -> 142 filas
[2026-09-26 03:40:29] Catálogo actualizado: 32 estaciones
[2026-09-26 03:40:29] FIN DEL PROCESO - 21.9 segundos
[2026-09-26 04:40:05] INICIO DEL PROCESO
[2026-09-26 04:40:05] Abriendo página de login...
[2026-09-26 04:40:06] Realizando login...
[2026-09-26 04:40:06] LOGIN OK -> https://polaris.adrtecnology.com/gis/map
[2026-09-26 04:40:06] Estaciones conservadas del catálogo histórico: 32
[2026-09-26 04:40:07] Estaciones obtenidas desde viewer: 20
[2026-09-26 04:40:08] Estaciones obtenidas directamente desde GIS: 32
[2026-09-26 04:40:09] 200: SIN DATOS EN EL ÚLTIMO DÍA
[2026-09-26 04:40:09] 215: 1/4 variables -> Ll acu 1 h
[2026-09-26 04:40:10] 216: 3/4 variables -> HRa med 1h, Ll acu 1 h, Ta med 1h
[2026-09-26 04:40:10] 217: 3/4 variables -> HRa med 1h, Ll acu 1 h, Ta med 1h
[2026-09-26 04:40:11] 218: 2/4 variables -> Ll acu 1 h, Ta med 1h
[2026-09-26 04:40:11] 220: 1/4 variables -> PP Acc (1h)
[2026-09-26 04:40:12] 221: 3/4 variables -> HRa med 1h, Ll acu 1 h, Ta med 1h
[2026-09-26 04:40:12] 223: 3/4 variables -> HRa med 1h, Ll acu 1 h, Ta med 1h
[2026-09-26 04:40:13] 224: SIN DATOS EN EL ÚLTIMO DÍA
[2026-09-26 04:40:13] 225: 3/4 variables -> HRa med 1h, Ll acu 1 h, Ta med 1h
[2026-09-26 04:40:14] 226: 3/4 variables -> HRa med 1h, Ll acu 1 h, Ta med 1h
[2026-09-26 04:40:14] 227: 3/4 variables -> HRa med 1h, Ll acu 1 h, Ta med 1h
[2026-09-26 04:40:15] 228: 3/4 variables -> HRa med 1h, Ll acu 1 h, Ta med 1h
[2026-09-26 04:40:15] 229: 3/4 variables -> HRa med 1h, Ll acu 1 h, Ta med 1h
[2026-09-26 04:40:16] 230: SIN DATOS EN EL ÚLTIMO DÍA
[2026-09-26 04:40:17] 231: 3/4 variables -> HRa med 1h, Ll acu 1 h, Ta med 1h
[2026-09-26 04:40:17] 232: 3/4 variables -> HRa med 1h, Ll acu 1 h, Ta med 1h
[2026-09-26 04:40:18] 233: SIN DATOS EN EL ÚLTIMO DÍA
[2026-09-26 04:40:18] 234: 3/4 variables -> HRa med 1h, Ll acu 1 h, Ta med 1h
[2026-09-26 04:40:19] 235: 3/4 variables -> HRa med 1h, Ll acu 1 h, Ta med 1h
[2026-09-26 04:40:19] 236: 3/4 variables -> HRa med 1h, Ll acu 1 h, Ta med 1h
[2026-09-26 04:40:20] 237: SIN DATOS EN EL ÚLTIMO DÍA
[2026-09-26 04:40:20] 238: 3/4 variables -> HRa med 1h, Ll acu 1 h, Ta med 1h
[2026-09-26 04:40:21] 239: SIN DATOS EN EL ÚLTIMO DÍA
[2026-09-26 04:40:21] 240: 3/4 variables -> HRa med 1h, Ll acu 1 h, Ta med 1h
[2026-09-26 04:40:22] 241: 3/4 variables -> HRa med 1h, Ll acu 1 h, Ta med 1h
[2026-09-26 04:40:23] 242: 3/4 variables -> HRa med 1h, Ll acu 1 h, Ta med 1h
[2026-09-26 04:40:23] 243: 3/4 variables -> HRa med 1h, Ll acu 1 h, Ta med 1h
[2026-09-26 04:40:24] 244: SIN DATOS EN EL ÚLTIMO DÍA
[2026-09-26 04:40:24] 245: 3/4 variables -> HRa med 1h, Ll acu 1 h, Ta med 1h
[2026-09-26 04:40:25] 246: 3/4 variables -> HRa med 1h, Ll acu 1 h, Ta med 1h
[2026-09-26 04:40:25] 247: 3/4 variables -> HRa med 1h, Ll acu 1 h, Ta med 1h
[2026-09-26 04:40:26] 215: histórico actualizado -> 71 filas
[2026-09-26 04:40:26] 216: histórico actualizado -> 56 filas
[2026-09-26 04:40:26] 217: histórico actualizado -> 73 filas
[2026-09-26 04:40:26] 218: histórico actualizado -> 73 filas
[2026-09-26 04:40:26] 220: histórico actualizado -> 70 filas
[2026-09-26 04:40:26] 221: histórico actualizado -> 143 filas
[2026-09-26 04:40:26] 223: histórico actualizado -> 142 filas
[2026-09-26 04:40:26] 225: histórico actualizado -> 142 filas
[2026-09-26 04:40:26] 226: histórico actualizado -> 142 filas
[2026-09-26 04:40:26] 227: histórico actualizado -> 143 filas
[2026-09-26 04:40:26] 228: histórico actualizado -> 142 filas
[2026-09-26 04:40:26] 229: histórico actualizado -> 142 filas
[2026-09-26 04:40:26] 231: histórico actualizado -> 141 filas
[2026-09-26 04:40:26] 232: histórico actualizado -> 122 filas
[2026-09-26 04:40:26] 234: histórico actualizado -> 142 filas
[2026-09-26 04:40:26] 235: histórico actualizado -> 124 filas
[2026-09-26 04:40:26] 236: histórico actualizado -> 142 filas
[2026-09-26 04:40:26] 238: histórico actualizado -> 143 filas
[2026-09-26 04:40:26] 240: histórico actualizado -> 128 filas
[2026-09-26 04:40:26] 241: histórico actualizado -> 80 filas
[2026-09-26 04:40:27] 242: histórico actualizado -> 135 filas
[2026-09-26 04:40:27] 243: histórico actualizado -> 142 filas
[2026-09-26 04:40:27] 245: histórico actualizado -> 103 filas
[2026-09-26 04:40:27] 246: histórico actualizado -> 34 filas
[2026-09-26 04:40:27] 247: histórico actualizado -> 142 filas
[2026-09-26 04:40:27] Catálogo actualizado: 32 estaciones
[2026-09-26 04:40:27] FIN DEL PROCESO - 21.6 segundos
[2026-09-26 05:40:06] INICIO DEL PROCESO
[2026-09-26 05:40:06] Abriendo página de login...
[2026-09-26 05:40:07] Realizando login...
[2026-09-26 05:40:07] LOGIN OK -> https://polaris.adrtecnology.com/gis/map
[2026-09-26 05:40:07] Estaciones conservadas del catálogo histórico: 32
[2026-09-26 05:40:07] Estaciones obtenidas desde viewer: 20
[2026-09-26 05:40:09] Estaciones obtenidas directamente desde GIS: 32
[2026-09-26 05:40:09] 200: SIN DATOS EN EL ÚLTIMO DÍA
[2026-09-26 05:40:10] 215: 1/4 variables -> Ll acu 1 h
[2026-09-26 05:40:10] 216: 3/4 variables -> HRa med 1h, Ll acu 1 h, Ta med 1h
[2026-09-26 05:40:11] 217: 3/4 variables -> HRa med 1h, Ll acu 1 h, Ta med 1h
[2026-09-26 05:40:11] 218: 2/4 variables -> Ll acu 1 h, Ta med 1h
[2026-09-26 05:40:12] 220: 1/4 variables -> PP Acc (1h)
[2026-09-26 05:40:12] 221: 3/4 variables -> HRa med 1h, Ll acu 1 h, Ta med 1h
[2026-09-26 05:40:13] 223: 3/4 variables -> HRa med 1h, Ll acu 1 h, Ta med 1h
[2026-09-26 05:40:13] 224: SIN DATOS EN EL ÚLTIMO DÍA
[2026-09-26 05:40:14] 225: 3/4 variables -> HRa med 1h, Ll acu 1 h, Ta med 1h
[2026-09-26 05:40:15] 226: 3/4 variables -> HRa med 1h, Ll acu 1 h, Ta med 1h
[2026-09-26 05:40:15] 227: 3/4 variables -> HRa med 1h, Ll acu 1 h, Ta med 1h
[2026-09-26 05:40:16] 228: 3/4 variables -> HRa med 1h, Ll acu 1 h, Ta med 1h
[2026-09-26 05:40:16] 229: 3/4 variables -> HRa med 1h, Ll acu 1 h, Ta med 1h
[2026-09-26 05:40:17] 230: SIN DATOS EN EL ÚLTIMO DÍA
[2026-09-26 05:40:17] 231: 3/4 variables -> HRa med 1h, Ll acu 1 h, Ta med 1h
[2026-09-26 05:40:18] 232: 3/4 variables -> HRa med 1h, Ll acu 1 h, Ta med 1h
[2026-09-26 05:40:18] 233: SIN DATOS EN EL ÚLTIMO DÍA
[2026-09-26 05:40:19] 234: 3/4 variables -> HRa med 1h, Ll acu 1 h, Ta med 1h
[2026-09-26 05:40:19] 235: 3/4 variables -> HRa med 1h, Ll acu 1 h, Ta med 1h
[2026-09-26 05:40:20] 236: 3/4 variables -> HRa med 1h, Ll acu 1 h, Ta med 1h
[2026-09-26 05:40:20] 237: SIN DATOS EN EL ÚLTIMO DÍA
[2026-09-26 05:40:21] 238: 3/4 variables -> HRa med 1h, Ll acu 1 h, Ta med 1h
[2026-09-26 05:40:21] 239: SIN DATOS EN EL ÚLTIMO DÍA
[2026-09-26 05:40:22] 240: 3/4 variables -> HRa med 1h, Ll acu 1 h, Ta med 1h
[2026-09-26 05:40:22] 241: 3/4 variables -> HRa med 1h, Ll acu 1 h, Ta med 1h
[2026-09-26 05:40:23] 242: 3/4 variables -> HRa med 1h, Ll acu 1 h, Ta med 1h
[2026-09-26 05:40:23] 243: 3/4 variables -> HRa med 1h, Ll acu 1 h, Ta med 1h
[2026-09-26 05:40:24] 244: SIN DATOS EN EL ÚLTIMO DÍA
[2026-09-26 05:40:24] 245: 3/4 variables -> HRa med 1h, Ll acu 1 h, Ta med 1h
[2026-09-26 05:40:25] 246: 3/4 variables -> HRa med 1h, Ll acu 1 h, Ta med 1h
[2026-09-26 05:40:25] 247: 3/4 variables -> HRa med 1h, Ll acu 1 h, Ta med 1h
[2026-09-26 05:40:26] 215: histórico actualizado -> 71 filas
[2026-09-26 05:40:26] 216: histórico actualizado -> 56 filas
[2026-09-26 05:40:26] 217: histórico actualizado -> 73 filas
[2026-09-26 05:40:26] 218: histórico actualizado -> 73 filas
[2026-09-26 05:40:26] 220: histórico actualizado -> 70 filas
[2026-09-26 05:40:26] 221: histórico actualizado -> 143 filas
[2026-09-26 05:40:26] 223: histórico actualizado -> 142 filas
[2026-09-26 05:40:26] 225: histórico actualizado -> 142 filas
[2026-09-26 05:40:26] 226: histórico actualizado -> 142 filas
[2026-09-26 05:40:26] 227: histórico actualizado -> 143 filas
[2026-09-26 05:40:26] 228: histórico actualizado -> 142 filas
[2026-09-26 05:40:26] 229: histórico actualizado -> 142 filas
[2026-09-26 05:40:26] 231: histórico actualizado -> 141 filas
[2026-09-26 05:40:26] 232: histórico actualizado -> 122 filas
[2026-09-26 05:40:26] 234: histórico actualizado -> 142 filas
[2026-09-26 05:40:26] 235: histórico actualizado -> 124 filas
[2026-09-26 05:40:26] 236: histórico actualizado -> 142 filas
[2026-09-26 05:40:27] 238: histórico actualizado -> 143 filas
[2026-09-26 05:40:27] 240: histórico actualizado -> 128 filas
[2026-09-26 05:40:27] 241: histórico actualizado -> 80 filas
[2026-09-26 05:40:27] 242: histórico actualizado -> 135 filas
[2026-09-26 05:40:27] 243: histórico actualizado -> 142 filas
[2026-09-26 05:40:27] 245: histórico actualizado -> 103 filas
[2026-09-26 05:40:27] 246: histórico actualizado -> 34 filas
[2026-09-26 05:40:27] 247: histórico actualizado -> 142 filas
[2026-09-26 05:40:27] Catálogo actualizado: 32 estaciones
[2026-09-26 05:40:27] FIN DEL PROCESO - 20.7 segundos
[2026-09-26 06:40:06] INICIO DEL PROCESO
[2026-09-26 06:40:06] Abriendo página de login...
[2026-09-26 06:40:07] Realizando login...
[2026-09-26 06:40:08] LOGIN OK -> https://polaris.adrtecnology.com/gis/map
[2026-09-26 06:40:08] Estaciones conservadas del catálogo histórico: 32
[2026-09-26 06:40:08] Estaciones obtenidas desde viewer: 20
[2026-09-26 06:40:10] Estaciones obtenidas directamente desde GIS: 32
[2026-09-26 06:40:10] 200: SIN DATOS EN EL ÚLTIMO DÍA
[2026-09-26 06:40:11] 215: 1/4 variables -> Ll acu 1 h
[2026-09-26 06:40:11] 216: 3/4 variables -> HRa med 1h, Ll acu 1 h, Ta med 1h
[2026-09-26 06:40:12] 217: 3/4 variables -> HRa med 1h, Ll acu 1 h, Ta med 1h
[2026-09-26 06:40:12] 218: 2/4 variables -> Ll acu 1 h, Ta med 1h
[2026-09-26 06:40:13] 220: 1/4 variables -> PP Acc (1h)
[2026-09-26 06:40:13] 221: 3/4 variables -> HRa med 1h, Ll acu 1 h, Ta med 1h
[2026-09-26 06:40:14] 223: 3/4 variables -> HRa med 1h, Ll acu 1 h, Ta med 1h
[2026-09-26 06:40:14] 224: SIN DATOS EN EL ÚLTIMO DÍA
[2026-09-26 06:40:15] 225: 3/4 variables -> HRa med 1h, Ll acu 1 h, Ta med 1h
[2026-09-26 06:40:15] 226: 3/4 variables -> HRa med 1h, Ll acu 1 h, Ta med 1h
[2026-09-26 06:40:16] 227: 3/4 variables -> HRa med 1h, Ll acu 1 h, Ta med 1h
[2026-09-26 06:40:17] 228: 3/4 variables -> HRa med 1h, Ll acu 1 h, Ta med 1h
[2026-09-26 06:40:17] 229: 3/4 variables -> HRa med 1h, Ll acu 1 h, Ta med 1h
[2026-09-26 06:40:18] 230: SIN DATOS EN EL ÚLTIMO DÍA
[2026-09-26 06:40:18] 231: 3/4 variables -> HRa med 1h, Ll acu 1 h, Ta med 1h
[2026-09-26 06:40:19] 232: 3/4 variables -> HRa med 1h, Ll acu 1 h, Ta med 1h
[2026-09-26 06:40:19] 233: SIN DATOS EN EL ÚLTIMO DÍA
[2026-09-26 06:40:20] 234: 3/4 variables -> HRa med 1h, Ll acu 1 h, Ta med 1h
[2026-09-26 06:40:20] 235: 3/4 variables -> HRa med 1h, Ll acu 1 h, Ta med 1h
[2026-09-26 06:40:21] 236: 3/4 variables -> HRa med 1h, Ll acu 1 h, Ta med 1h
[2026-09-26 06:40:21] 237: SIN DATOS EN EL ÚLTIMO DÍA
[2026-09-26 06:40:22] 238: 3/4 variables -> HRa med 1h, Ll acu 1 h, Ta med 1h
[2026-09-26 06:40:22] 239: SIN DATOS EN EL ÚLTIMO DÍA
[2026-09-26 06:40:23] 240: 3/4 variables -> HRa med 1h, Ll acu 1 h, Ta med 1h
[2026-09-26 06:40:24] 241: 3/4 variables -> HRa med 1h, Ll acu 1 h, Ta med 1h
[2026-09-26 06:40:24] 242: 3/4 variables -> HRa med 1h, Ll acu 1 h, Ta med 1h
[2026-09-26 06:40:25] 243: 3/4 variables -> HRa med 1h, Ll acu 1 h, Ta med 1h
[2026-09-26 06:40:25] 244: SIN DATOS EN EL ÚLTIMO DÍA
[2026-09-26 06:40:26] 245: 3/4 variables -> HRa med 1h, Ll acu 1 h, Ta med 1h
[2026-09-26 06:40:26] 246: 3/4 variables -> HRa med 1h, Ll acu 1 h, Ta med 1h
[2026-09-26 06:40:27] 247: 3/4 variables -> HRa med 1h, Ll acu 1 h, Ta med 1h
[2026-09-26 06:40:27] 215: histórico actualizado -> 72 filas
[2026-09-26 06:40:27] 216: histórico actualizado -> 57 filas
[2026-09-26 06:40:27] 217: histórico actualizado -> 73 filas
[2026-09-26 06:40:27] 218: histórico actualizado -> 74 filas
[2026-09-26 06:40:27] 220: histórico actualizado -> 71 filas
[2026-09-26 06:40:27] 221: histórico actualizado -> 145 filas
[2026-09-26 06:40:27] 223: histórico actualizado -> 143 filas
[2026-09-26 06:40:27] 225: histórico actualizado -> 144 filas
[2026-09-26 06:40:27] 226: histórico actualizado -> 144 filas
[2026-09-26 06:40:27] 227: histórico actualizado -> 145 filas
[2026-09-26 06:40:28] 228: histórico actualizado -> 143 filas
[2026-09-26 06:40:28] 229: histórico actualizado -> 143 filas
[2026-09-26 06:40:28] 231: histórico actualizado -> 143 filas
[2026-09-26 06:40:28] 232: histórico actualizado -> 123 filas
[2026-09-26 06:40:28] 234: histórico actualizado -> 144 filas
[2026-09-26 06:40:28] 235: histórico actualizado -> 125 filas
[2026-09-26 06:40:28] 236: histórico actualizado -> 142 filas
[2026-09-26 06:40:28] 238: histórico actualizado -> 145 filas
[2026-09-26 06:40:28] 240: histórico actualizado -> 129 filas
[2026-09-26 06:40:28] 241: histórico actualizado -> 80 filas
[2026-09-26 06:40:28] 242: histórico actualizado -> 137 filas
[2026-09-26 06:40:28] 243: histórico actualizado -> 143 filas
[2026-09-26 06:40:28] 245: histórico actualizado -> 104 filas
[2026-09-26 06:40:28] 246: histórico actualizado -> 34 filas
[2026-09-26 06:40:28] 247: histórico actualizado -> 143 filas
[2026-09-26 06:40:28] Catálogo actualizado: 32 estaciones
[2026-09-26 06:40:28] FIN DEL PROCESO - 22.1 segundos
[2026-09-26 07:40:05] INICIO DEL PROCESO
[2026-09-26 07:40:05] Abriendo página de login...
[2026-09-26 07:40:05] Realizando login...
[2026-09-26 07:40:06] LOGIN OK -> https://polaris.adrtecnology.com/gis/map
[2026-09-26 07:40:06] Estaciones conservadas del catálogo histórico: 32
[2026-09-26 07:40:06] Estaciones obtenidas desde viewer: 20
[2026-09-26 07:40:07] Estaciones obtenidas directamente desde GIS: 32
[2026-09-26 07:40:08] 200: SIN DATOS EN EL ÚLTIMO DÍA
[2026-09-26 07:40:08] 215: 1/4 variables -> Ll acu 1 h
[2026-09-26 07:40:09] 216: 3/4 variables -> HRa med 1h, Ll acu 1 h, Ta med 1h
[2026-09-26 07:40:09] 217: 3/4 variables -> HRa med 1h, Ll acu 1 h, Ta med 1h
[2026-09-26 07:40:10] 218: 2/4 variables -> Ll acu 1 h, Ta med 1h
[2026-09-26 07:40:10] 220: 1/4 variables -> PP Acc (1h)
[2026-09-26 07:40:11] 221: 3/4 variables -> HRa med 1h, Ll acu 1 h, Ta med 1h
[2026-09-26 07:40:11] 223: 3/4 variables -> HRa med 1h, Ll acu 1 h, Ta med 1h
[2026-09-26 07:40:12] 224: SIN DATOS EN EL ÚLTIMO DÍA
[2026-09-26 07:40:13] 225: 3/4 variables -> HRa med 1h, Ll acu 1 h, Ta med 1h
[2026-09-26 07:40:13] 226: 3/4 variables -> HRa med 1h, Ll acu 1 h, Ta med 1h
[2026-09-26 07:40:14] 227: 3/4 variables -> HRa med 1h, Ll acu 1 h, Ta med 1h
[2026-09-26 07:40:14] 228: 3/4 variables -> HRa med 1h, Ll acu 1 h, Ta med 1h
[2026-09-26 07:40:15] 229: 3/4 variables -> HRa med 1h, Ll acu 1 h, Ta med 1h
[2026-09-26 07:40:15] 230: SIN DATOS EN EL ÚLTIMO DÍA
[2026-09-26 07:40:16] 231: 3/4 variables -> HRa med 1h, Ll acu 1 h, Ta med 1h
[2026-09-26 07:40:16] 232: 3/4 variables -> HRa med 1h, Ll acu 1 h, Ta med 1h
[2026-09-26 07:40:17] 233: SIN DATOS EN EL ÚLTIMO DÍA
[2026-09-26 07:40:17] 234: 3/4 variables -> HRa med 1h, Ll acu 1 h, Ta med 1h
[2026-09-26 07:40:18] 235: 3/4 variables -> HRa med 1h, Ll acu 1 h, Ta med 1h
[2026-09-26 07:40:19] 236: 3/4 variables -> HRa med 1h, Ll acu 1 h, Ta med 1h
[2026-09-26 07:40:19] 237: SIN DATOS EN EL ÚLTIMO DÍA
[2026-09-26 07:40:20] 238: 3/4 variables -> HRa med 1h, Ll acu 1 h, Ta med 1h
[2026-09-26 07:40:20] 239: SIN DATOS EN EL ÚLTIMO DÍA
[2026-09-26 07:40:21] 240: 3/4 variables -> HRa med 1h, Ll acu 1 h, Ta med 1h
[2026-09-26 07:40:21] 241: 3/4 variables -> HRa med 1h, Ll acu 1 h, Ta med 1h
[2026-09-26 07:40:22] 242: 3/4 variables -> HRa med 1h, Ll acu 1 h, Ta med 1h
[2026-09-26 07:40:22] 243: 3/4 variables -> HRa med 1h, Ll acu 1 h, Ta med 1h
[2026-09-26 07:40:23] 244: SIN DATOS EN EL ÚLTIMO DÍA
[2026-09-26 07:40:23] 245: 3/4 variables -> HRa med 1h, Ll acu 1 h, Ta med 1h
[2026-09-26 07:40:24] 246: 3/4 variables -> HRa med 1h, Ll acu 1 h, Ta med 1h
[2026-09-26 07:40:24] 247: 3/4 variables -> HRa med 1h, Ll acu 1 h, Ta med 1h
[2026-09-26 07:40:25] 215: histórico actualizado -> 73 filas
[2026-09-26 07:40:25] 216: histórico actualizado -> 58 filas
[2026-09-26 07:40:25] 217: histórico actualizado -> 73 filas
[2026-09-26 07:40:25] 218: histórico actualizado -> 75 filas
[2026-09-26 07:40:25] 220: histórico actualizado -> 72 filas
[2026-09-26 07:40:25] 221: histórico actualizado -> 147 filas
[2026-09-26 07:40:25] 223: histórico actualizado -> 145 filas
[2026-09-26 07:40:25] 225: histórico actualizado -> 146 filas
[2026-09-26 07:40:25] 226: histórico actualizado -> 146 filas
[2026-09-26 07:40:25] 227: histórico actualizado -> 147 filas
[2026-09-26 07:40:25] 228: histórico actualizado -> 145 filas
[2026-09-26 07:40:25] 229: histórico actualizado -> 145 filas
[2026-09-26 07:40:25] 231: histórico actualizado -> 145 filas
[2026-09-26 07:40:25] 232: histórico actualizado -> 125 filas
[2026-09-26 07:40:25] 234: histórico actualizado -> 146 filas
[2026-09-26 07:40:25] 235: histórico actualizado -> 127 filas
[2026-09-26 07:40:25] 236: histórico actualizado -> 144 filas
[2026-09-26 07:40:25] 238: histórico actualizado -> 147 filas
[2026-09-26 07:40:25] 240: histórico actualizado -> 131 filas
[2026-09-26 07:40:26] 241: histórico actualizado -> 80 filas
[2026-09-26 07:40:26] 242: histórico actualizado -> 139 filas
[2026-09-26 07:40:26] 243: histórico actualizado -> 145 filas
[2026-09-26 07:40:26] 245: histórico actualizado -> 106 filas
[2026-09-26 07:40:26] 246: histórico actualizado -> 34 filas
[2026-09-26 07:40:26] 247: histórico actualizado -> 145 filas
[2026-09-26 07:40:26] Catálogo actualizado: 32 estaciones
[2026-09-26 07:40:26] FIN DEL PROCESO - 21.2 segundos
[2026-09-26 08:40:05] INICIO DEL PROCESO
[2026-09-26 08:40:05] Abriendo página de login...
[2026-09-26 08:40:06] Realizando login...
[2026-09-26 08:40:06] LOGIN OK -> https://polaris.adrtecnology.com/gis/map
[2026-09-26 08:40:07] Estaciones conservadas del catálogo histórico: 32
[2026-09-26 08:40:07] Estaciones obtenidas desde viewer: 20
[2026-09-26 08:40:10] Estaciones obtenidas directamente desde GIS: 32
[2026-09-26 08:40:10] 200: SIN DATOS EN EL ÚLTIMO DÍA
[2026-09-26 08:40:11] 215: 1/4 variables -> Ll acu 1 h
[2026-09-26 08:40:11] 216: 3/4 variables -> HRa med 1h, Ll acu 1 h, Ta med 1h
[2026-09-26 08:40:12] 217: 3/4 variables -> HRa med 1h, Ll acu 1 h, Ta med 1h
[2026-09-26 08:40:12] 218: 2/4 variables -> Ll acu 1 h, Ta med 1h
[2026-09-26 08:40:13] 220: 1/4 variables -> PP Acc (1h)
[2026-09-26 08:40:13] 221: 3/4 variables -> HRa med 1h, Ll acu 1 h, Ta med 1h
[2026-09-26 08:40:14] 223: 3/4 variables -> HRa med 1h, Ll acu 1 h, Ta med 1h
[2026-09-26 08:40:14] 224: SIN DATOS EN EL ÚLTIMO DÍA
[2026-09-26 08:40:15] 225: 3/4 variables -> HRa med 1h, Ll acu 1 h, Ta med 1h
[2026-09-26 08:40:16] 226: 3/4 variables -> HRa med 1h, Ll acu 1 h, Ta med 1h
[2026-09-26 08:40:16] 227: 3/4 variables -> HRa med 1h, Ll acu 1 h, Ta med 1h
[2026-09-26 08:40:17] 228: 3/4 variables -> HRa med 1h, Ll acu 1 h, Ta med 1h
[2026-09-26 08:40:17] 229: 3/4 variables -> HRa med 1h, Ll acu 1 h, Ta med 1h
[2026-09-26 08:40:18] 230: SIN DATOS EN EL ÚLTIMO DÍA
[2026-09-26 08:40:18] 231: 3/4 variables -> HRa med 1h, Ll acu 1 h, Ta med 1h
[2026-09-26 08:40:19] 232: 3/4 variables -> HRa med 1h, Ll acu 1 h, Ta med 1h
[2026-09-26 08:40:19] 233: SIN DATOS EN EL ÚLTIMO DÍA
[2026-09-26 08:40:20] 234: 3/4 variables -> HRa med 1h, Ll acu 1 h, Ta med 1h
[2026-09-26 08:40:20] 235: 3/4 variables -> HRa med 1h, Ll acu 1 h, Ta med 1h
[2026-09-26 08:40:21] 236: 3/4 variables -> HRa med 1h, Ll acu 1 h, Ta med 1h
[2026-09-26 08:40:21] 237: SIN DATOS EN EL ÚLTIMO DÍA
[2026-09-26 08:40:22] 238: 3/4 variables -> HRa med 1h, Ll acu 1 h, Ta med 1h
[2026-09-26 08:40:23] 239: SIN DATOS EN EL ÚLTIMO DÍA
[2026-09-26 08:40:23] 240: 3/4 variables -> HRa med 1h, Ll acu 1 h, Ta med 1h
[2026-09-26 08:40:24] 241: 3/4 variables -> HRa med 1h, Ll acu 1 h, Ta med 1h
[2026-09-26 08:40:24] 242: 3/4 variables -> HRa med 1h, Ll acu 1 h, Ta med 1h
[2026-09-26 08:40:25] 243: 3/4 variables -> HRa med 1h, Ll acu 1 h, Ta med 1h
[2026-09-26 08:40:25] 244: SIN DATOS EN EL ÚLTIMO DÍA
[2026-09-26 08:40:26] 245: 3/4 variables -> HRa med 1h, Ll acu 1 h, Ta med 1h
[2026-09-26 08:40:26] 246: 3/4 variables -> HRa med 1h, Ll acu 1 h, Ta med 1h
[2026-09-26 08:40:27] 247: 3/4 variables -> HRa med 1h, Ll acu 1 h, Ta med 1h
[2026-09-26 08:40:27] 215: histórico actualizado -> 74 filas
[2026-09-26 08:40:27] 216: histórico actualizado -> 59 filas
[2026-09-26 08:40:27] 217: histórico actualizado -> 74 filas
[2026-09-26 08:40:27] 218: histórico actualizado -> 76 filas
[2026-09-26 08:40:28] 220: histórico actualizado -> 73 filas
[2026-09-26 08:40:28] 221: histórico actualizado -> 149 filas
[2026-09-26 08:40:28] 223: histórico actualizado -> 147 filas
[2026-09-26 08:40:28] 225: histórico actualizado -> 148 filas
[2026-09-26 08:40:28] 226: histórico actualizado -> 148 filas
[2026-09-26 08:40:28] 227: histórico actualizado -> 149 filas
[2026-09-26 08:40:28] 228: histórico actualizado -> 147 filas
[2026-09-26 08:40:28] 229: histórico actualizado -> 147 filas
[2026-09-26 08:40:28] 231: histórico actualizado -> 147 filas
[2026-09-26 08:40:28] 232: histórico actualizado -> 127 filas
[2026-09-26 08:40:28] 234: histórico actualizado -> 148 filas
[2026-09-26 08:40:28] 235: histórico actualizado -> 129 filas
[2026-09-26 08:40:28] 236: histórico actualizado -> 146 filas
[2026-09-26 08:40:29] 238: histórico actualizado -> 149 filas
[2026-09-26 08:40:29] 240: histórico actualizado -> 133 filas
[2026-09-26 08:40:29] 241: histórico actualizado -> 80 filas
[2026-09-26 08:40:29] 242: histórico actualizado -> 141 filas
[2026-09-26 08:40:29] 243: histórico actualizado -> 147 filas
[2026-09-26 08:40:29] 245: histórico actualizado -> 106 filas
[2026-09-26 08:40:29] 246: histórico actualizado -> 34 filas
[2026-09-26 08:40:29] 247: histórico actualizado -> 147 filas
[2026-09-26 08:40:29] Catálogo actualizado: 32 estaciones
[2026-09-26 08:40:29] FIN DEL PROCESO - 23.7 segundos
[2026-09-26 09:40:06] INICIO DEL PROCESO
[2026-09-26 09:40:06] Abriendo página de login...
[2026-09-26 09:40:06] Realizando login...
[2026-09-26 09:40:07] LOGIN OK -> https://polaris.adrtecnology.com/gis/map
[2026-09-26 09:40:07] Estaciones conservadas del catálogo histórico: 32
[2026-09-26 09:40:07] Estaciones obtenidas desde viewer: 20
[2026-09-26 09:40:09] Estaciones obtenidas directamente desde GIS: 32
[2026-09-26 09:40:09] 200: SIN DATOS EN EL ÚLTIMO DÍA
[2026-09-26 09:40:09] 215: 1/4 variables -> Ll acu 1 h
[2026-09-26 09:40:10] 216: 3/4 variables -> HRa med 1h, Ll acu 1 h, Ta med 1h
[2026-09-26 09:40:10] 217: 3/4 variables -> HRa med 1h, Ll acu 1 h, Ta med 1h
[2026-09-26 09:40:11] 218: 2/4 variables -> Ll acu 1 h, Ta med 1h
[2026-09-26 09:40:12] 220: 1/4 variables -> PP Acc (1h)
[2026-09-26 09:40:12] 221: 3/4 variables -> HRa med 1h, Ll acu 1 h, Ta med 1h
[2026-09-26 09:40:13] 223: 3/4 variables -> HRa med 1h, Ll acu 1 h, Ta med 1h
[2026-09-26 09:40:13] 224: SIN DATOS EN EL ÚLTIMO DÍA
[2026-09-26 09:40:14] 225: 3/4 variables -> HRa med 1h, Ll acu 1 h, Ta med 1h
[2026-09-26 09:40:14] 226: 3/4 variables -> HRa med 1h, Ll acu 1 h, Ta med 1h
[2026-09-26 09:40:15] 227: 3/4 variables -> HRa med 1h, Ll acu 1 h, Ta med 1h
[2026-09-26 09:40:15] 228: 3/4 variables -> HRa med 1h, Ll acu 1 h, Ta med 1h
[2026-09-26 09:40:16] 229: 3/4 variables -> HRa med 1h, Ll acu 1 h, Ta med 1h
[2026-09-26 09:40:16] 230: SIN DATOS EN EL ÚLTIMO DÍA
[2026-09-26 09:40:17] 231: 3/4 variables -> HRa med 1h, Ll acu 1 h, Ta med 1h
[2026-09-26 09:40:18] 232: 3/4 variables -> HRa med 1h, Ll acu 1 h, Ta med 1h
[2026-09-26 09:40:18] 233: SIN DATOS EN EL ÚLTIMO DÍA
[2026-09-26 09:40:19] 234: 3/4 variables -> HRa med 1h, Ll acu 1 h, Ta med 1h
[2026-09-26 09:40:19] 235: 3/4 variables -> HRa med 1h, Ll acu 1 h, Ta med 1h
[2026-09-26 09:40:20] 236: 3/4 variables -> HRa med 1h, Ll acu 1 h, Ta med 1h
[2026-09-26 09:40:20] 237: SIN DATOS EN EL ÚLTIMO DÍA
[2026-09-26 09:40:21] 238: 3/4 variables -> HRa med 1h, Ll acu 1 h, Ta med 1h
[2026-09-26 09:40:21] 239: SIN DATOS EN EL ÚLTIMO DÍA
[2026-09-26 09:40:22] 240: 3/4 variables -> HRa med 1h, Ll acu 1 h, Ta med 1h
[2026-09-26 09:40:22] 241: 3/4 variables -> HRa med 1h, Ll acu 1 h, Ta med 1h
[2026-09-26 09:40:23] 242: 3/4 variables -> HRa med 1h, Ll acu 1 h, Ta med 1h
[2026-09-26 09:40:24] 243: 3/4 variables -> HRa med 1h, Ll acu 1 h, Ta med 1h
[2026-09-26 09:40:24] 244: SIN DATOS EN EL ÚLTIMO DÍA
[2026-09-26 09:40:25] 245: 3/4 variables -> HRa med 1h, Ll acu 1 h, Ta med 1h
[2026-09-26 09:40:26] 246: 3/4 variables -> HRa med 1h, Ll acu 1 h, Ta med 1h
[2026-09-26 09:40:26] 247: 3/4 variables -> HRa med 1h, Ll acu 1 h, Ta med 1h
[2026-09-26 09:40:27] 215: histórico actualizado -> 75 filas
[2026-09-26 09:40:27] 216: histórico actualizado -> 60 filas
[2026-09-26 09:40:27] 217: histórico actualizado -> 75 filas
[2026-09-26 09:40:27] 218: histórico actualizado -> 77 filas
[2026-09-26 09:40:27] 220: histórico actualizado -> 74 filas
[2026-09-26 09:40:27] 221: histórico actualizado -> 151 filas
[2026-09-26 09:40:27] 223: histórico actualizado -> 149 filas
[2026-09-26 09:40:27] 225: histórico actualizado -> 150 filas
[2026-09-26 09:40:27] 226: histórico actualizado -> 150 filas
[2026-09-26 09:40:27] 227: histórico actualizado -> 151 filas
[2026-09-26 09:40:27] 228: histórico actualizado -> 149 filas
[2026-09-26 09:40:27] 229: histórico actualizado -> 149 filas
[2026-09-26 09:40:27] 231: histórico actualizado -> 149 filas
[2026-09-26 09:40:27] 232: histórico actualizado -> 129 filas
[2026-09-26 09:40:27] 234: histórico actualizado -> 150 filas
[2026-09-26 09:40:27] 235: histórico actualizado -> 131 filas
[2026-09-26 09:40:27] 236: histórico actualizado -> 148 filas
[2026-09-26 09:40:27] 238: histórico actualizado -> 151 filas
[2026-09-26 09:40:27] 240: histórico actualizado -> 135 filas
[2026-09-26 09:40:27] 241: histórico actualizado -> 80 filas
[2026-09-26 09:40:27] 242: histórico actualizado -> 143 filas
[2026-09-26 09:40:27] 243: histórico actualizado -> 149 filas
[2026-09-26 09:40:27] 245: histórico actualizado -> 108 filas
[2026-09-26 09:40:27] 246: histórico actualizado -> 34 filas
[2026-09-26 09:40:27] 247: histórico actualizado -> 149 filas
[2026-09-26 09:40:27] Catálogo actualizado: 32 estaciones
[2026-09-26 09:40:27] FIN DEL PROCESO - 21.8 segundos
[2026-09-26 10:40:05] INICIO DEL PROCESO
[2026-09-26 10:40:05] Abriendo página de login...
[2026-09-26 10:40:06] Realizando login...
[2026-09-26 10:40:06] LOGIN OK -> https://polaris.adrtecnology.com/gis/map
[2026-09-26 10:40:06] Estaciones conservadas del catálogo histórico: 32
[2026-09-26 10:40:07] Estaciones obtenidas desde viewer: 20
[2026-09-26 10:40:08] Estaciones obtenidas directamente desde GIS: 32
[2026-09-26 10:40:09] 200: SIN DATOS EN EL ÚLTIMO DÍA
[2026-09-26 10:40:09] 215: 1/4 variables -> Ll acu 1 h
[2026-09-26 10:40:10] 216: 3/4 variables -> HRa med 1h, Ll acu 1 h, Ta med 1h
[2026-09-26 10:40:10] 217: 3/4 variables -> HRa med 1h, Ll acu 1 h, Ta med 1h
[2026-09-26 10:40:11] 218: 2/4 variables -> Ll acu 1 h, Ta med 1h
[2026-09-26 10:40:11] 220: 1/4 variables -> PP Acc (1h)
[2026-09-26 10:40:12] 221: 3/4 variables -> HRa med 1h, Ll acu 1 h, Ta med 1h
[2026-09-26 10:40:12] 223: 3/4 variables -> HRa med 1h, Ll acu 1 h, Ta med 1h
[2026-09-26 10:40:13] 224: SIN DATOS EN EL ÚLTIMO DÍA
[2026-09-26 10:40:14] 225: 3/4 variables -> HRa med 1h, Ll acu 1 h, Ta med 1h
[2026-09-26 10:40:14] 226: 3/4 variables -> HRa med 1h, Ll acu 1 h, Ta med 1h
[2026-09-26 10:40:15] 227: 3/4 variables -> HRa med 1h, Ll acu 1 h, Ta med 1h
[2026-09-26 10:40:15] 228: 3/4 variables -> HRa med 1h, Ll acu 1 h, Ta med 1h
[2026-09-26 10:40:16] 229: 3/4 variables -> HRa med 1h, Ll acu 1 h, Ta med 1h
[2026-09-26 10:40:16] 230: SIN DATOS EN EL ÚLTIMO DÍA
[2026-09-26 10:40:17] 231: 3/4 variables -> HRa med 1h, Ll acu 1 h, Ta med 1h
[2026-09-26 10:40:17] 232: 3/4 variables -> HRa med 1h, Ll acu 1 h, Ta med 1h
[2026-09-26 10:40:18] 233: SIN DATOS EN EL ÚLTIMO DÍA
[2026-09-26 10:40:18] 234: 3/4 variables -> HRa med 1h, Ll acu 1 h, Ta med 1h
[2026-09-26 10:40:19] 235: 3/4 variables -> HRa med 1h, Ll acu 1 h, Ta med 1h
[2026-09-26 10:40:20] 236: 3/4 variables -> HRa med 1h, Ll acu 1 h, Ta med 1h
[2026-09-26 10:40:20] 237: SIN DATOS EN EL ÚLTIMO DÍA
[2026-09-26 10:40:21] 238: 3/4 variables -> HRa med 1h, Ll acu 1 h, Ta med 1h
[2026-09-26 10:40:21] 239: SIN DATOS EN EL ÚLTIMO DÍA
[2026-09-26 10:40:22] 240: 3/4 variables -> HRa med 1h, Ll acu 1 h, Ta med 1h
[2026-09-26 10:40:22] 241: 3/4 variables -> HRa med 1h, Ll acu 1 h, Ta med 1h
[2026-09-26 10:40:23] 242: 3/4 variables -> HRa med 1h, Ll acu 1 h, Ta med 1h
[2026-09-26 10:40:23] 243: 3/4 variables -> HRa med 1h, Ll acu 1 h, Ta med 1h
[2026-09-26 10:40:24] 244: SIN DATOS EN EL ÚLTIMO DÍA
[2026-09-26 10:40:25] 245: 3/4 variables -> HRa med 1h, Ll acu 1 h, Ta med 1h
[2026-09-26 10:40:25] 246: 3/4 variables -> HRa med 1h, Ll acu 1 h, Ta med 1h
[2026-09-26 10:40:26] 247: 3/4 variables -> HRa med 1h, Ll acu 1 h, Ta med 1h
[2026-09-26 10:40:26] 215: histórico actualizado -> 76 filas
[2026-09-26 10:40:26] 216: histórico actualizado -> 61 filas
[2026-09-26 10:40:26] 217: histórico actualizado -> 76 filas
[2026-09-26 10:40:26] 218: histórico actualizado -> 78 filas
[2026-09-26 10:40:26] 220: histórico actualizado -> 75 filas
[2026-09-26 10:40:26] 221: histórico actualizado -> 153 filas
[2026-09-26 10:40:26] 223: histórico actualizado -> 151 filas
[2026-09-26 10:40:26] 225: histórico actualizado -> 152 filas
[2026-09-26 10:40:26] 226: histórico actualizado -> 152 filas
[2026-09-26 10:40:26] 227: histórico actualizado -> 153 filas
[2026-09-26 10:40:26] 228: histórico actualizado -> 151 filas
[2026-09-26 10:40:26] 229: histórico actualizado -> 151 filas
[2026-09-26 10:40:26] 231: histórico actualizado -> 151 filas
[2026-09-26 10:40:26] 232: histórico actualizado -> 131 filas
[2026-09-26 10:40:27] 234: histórico actualizado -> 152 filas
[2026-09-26 10:40:27] 235: histórico actualizado -> 133 filas
[2026-09-26 10:40:27] 236: histórico actualizado -> 150 filas
[2026-09-26 10:40:27] 238: histórico actualizado -> 153 filas
[2026-09-26 10:40:27] 240: histórico actualizado -> 137 filas
[2026-09-26 10:40:27] 241: histórico actualizado -> 81 filas
[2026-09-26 10:40:27] 242: histórico actualizado -> 145 filas
[2026-09-26 10:40:27] 243: histórico actualizado -> 151 filas
[2026-09-26 10:40:27] 245: histórico actualizado -> 110 filas
[2026-09-26 10:40:27] 246: histórico actualizado -> 34 filas
[2026-09-26 10:40:27] 247: histórico actualizado -> 151 filas
[2026-09-26 10:40:27] Catálogo actualizado: 32 estaciones
[2026-09-26 10:40:27] FIN DEL PROCESO - 21.8 segundos
[2026-09-26 11:40:05] INICIO DEL PROCESO
[2026-09-26 11:40:05] Abriendo página de login...
[2026-09-26 11:40:05] Realizando login...
[2026-09-26 11:40:06] LOGIN OK -> https://polaris.adrtecnology.com/gis/map
[2026-09-26 11:40:06] Estaciones conservadas del catálogo histórico: 32
[2026-09-26 11:40:06] Estaciones obtenidas desde viewer: 20
[2026-09-26 11:40:08] Estaciones obtenidas directamente desde GIS: 32
[2026-09-26 11:40:08] 200: SIN DATOS EN EL ÚLTIMO DÍA
[2026-09-26 11:40:08] 215: 1/4 variables -> Ll acu 1 h
[2026-09-26 11:40:09] 216: 3/4 variables -> HRa med 1h, Ll acu 1 h, Ta med 1h
[2026-09-26 11:40:09] 217: 3/4 variables -> HRa med 1h, Ll acu 1 h, Ta med 1h
[2026-09-26 11:40:10] 218: 2/4 variables -> Ll acu 1 h, Ta med 1h
[2026-09-26 11:40:11] 220: 1/4 variables -> PP Acc (1h)
[2026-09-26 11:40:11] 221: 3/4 variables -> HRa med 1h, Ll acu 1 h, Ta med 1h
[2026-09-26 11:40:12] 223: 3/4 variables -> HRa med 1h, Ll acu 1 h, Ta med 1h
[2026-09-26 11:40:13] 224: SIN DATOS EN EL ÚLTIMO DÍA
[2026-09-26 11:40:13] 225: 3/4 variables -> HRa med 1h, Ll acu 1 h, Ta med 1h
[2026-09-26 11:40:14] 226: 3/4 variables -> HRa med 1h, Ll acu 1 h, Ta med 1h
[2026-09-26 11:40:14] 227: 3/4 variables -> HRa med 1h, Ll acu 1 h, Ta med 1h
[2026-09-26 11:40:15] 228: 3/4 variables -> HRa med 1h, Ll acu 1 h, Ta med 1h
[2026-09-26 11:40:15] 229: 3/4 variables -> HRa med 1h, Ll acu 1 h, Ta med 1h
[2026-09-26 11:40:16] 230: SIN DATOS EN EL ÚLTIMO DÍA
[2026-09-26 11:40:16] 231: 3/4 variables -> HRa med 1h, Ll acu 1 h, Ta med 1h
[2026-09-26 11:40:17] 232: 3/4 variables -> HRa med 1h, Ll acu 1 h, Ta med 1h
[2026-09-26 11:40:17] 233: SIN DATOS EN EL ÚLTIMO DÍA
[2026-09-26 11:40:18] 234: 3/4 variables -> HRa med 1h, Ll acu 1 h, Ta med 1h
[2026-09-26 11:40:19] 235: 3/4 variables -> HRa med 1h, Ll acu 1 h, Ta med 1h
[2026-09-26 11:40:19] 236: 3/4 variables -> HRa med 1h, Ll acu 1 h, Ta med 1h
[2026-09-26 11:40:20] 237: SIN DATOS EN EL ÚLTIMO DÍA
[2026-09-26 11:40:20] 238: 3/4 variables -> HRa med 1h, Ll acu 1 h, Ta med 1h
[2026-09-26 11:40:21] 239: SIN DATOS EN EL ÚLTIMO DÍA
[2026-09-26 11:40:21] 240: 3/4 variables -> HRa med 1h, Ll acu 1 h, Ta med 1h
[2026-09-26 11:40:22] 241: 3/4 variables -> HRa med 1h, Ll acu 1 h, Ta med 1h
[2026-09-26 11:40:22] 242: 3/4 variables -> HRa med 1h, Ll acu 1 h, Ta med 1h
[2026-09-26 11:40:23] 243: 3/4 variables -> HRa med 1h, Ll acu 1 h, Ta med 1h
[2026-09-26 11:40:23] 244: SIN DATOS EN EL ÚLTIMO DÍA
[2026-09-26 11:40:24] 245: 3/4 variables -> HRa med 1h, Ll acu 1 h, Ta med 1h
[2026-09-26 11:40:24] 246: 3/4 variables -> HRa med 1h, Ll acu 1 h, Ta med 1h
[2026-09-26 11:40:25] 247: 3/4 variables -> HRa med 1h, Ll acu 1 h, Ta med 1h
[2026-09-26 11:40:25] 215: histórico actualizado -> 77 filas
[2026-09-26 11:40:25] 216: histórico actualizado -> 62 filas
[2026-09-26 11:40:25] 217: histórico actualizado -> 77 filas
[2026-09-26 11:40:25] 218: histórico actualizado -> 79 filas
[2026-09-26 11:40:25] 220: histórico actualizado -> 76 filas
[2026-09-26 11:40:25] 221: histórico actualizado -> 155 filas
[2026-09-26 11:40:26] 223: histórico actualizado -> 153 filas
[2026-09-26 11:40:26] 225: histórico actualizado -> 154 filas
[2026-09-26 11:40:26] 226: histórico actualizado -> 154 filas
[2026-09-26 11:40:26] 227: histórico actualizado -> 155 filas
[2026-09-26 11:40:26] 228: histórico actualizado -> 153 filas
[2026-09-26 11:40:26] 229: histórico actualizado -> 153 filas
[2026-09-26 11:40:26] 231: histórico actualizado -> 153 filas
[2026-09-26 11:40:26] 232: histórico actualizado -> 133 filas
[2026-09-26 11:40:26] 234: histórico actualizado -> 154 filas
[2026-09-26 11:40:26] 235: histórico actualizado -> 135 filas
[2026-09-26 11:40:26] 236: histórico actualizado -> 152 filas
[2026-09-26 11:40:26] 238: histórico actualizado -> 155 filas
[2026-09-26 11:40:26] 240: histórico actualizado -> 139 filas
[2026-09-26 11:40:26] 241: histórico actualizado -> 83 filas
[2026-09-26 11:40:26] 242: histórico actualizado -> 147 filas
[2026-09-26 11:40:26] 243: histórico actualizado -> 153 filas
[2026-09-26 11:40:26] 245: histórico actualizado -> 112 filas
[2026-09-26 11:40:26] 246: histórico actualizado -> 34 filas
[2026-09-26 11:40:26] 247: histórico actualizado -> 153 filas
[2026-09-26 11:40:26] Catálogo actualizado: 32 estaciones
[2026-09-26 11:40:26] FIN DEL PROCESO - 21.5 segundos
[2026-09-26 12:40:04] INICIO DEL PROCESO
[2026-09-26 12:40:04] Abriendo página de login...
[2026-09-26 12:40:05] Realizando login...
[2026-09-26 12:40:05] LOGIN OK -> https://polaris.adrtecnology.com/gis/map
[2026-09-26 12:40:05] Estaciones conservadas del catálogo histórico: 32
[2026-09-26 12:40:05] Estaciones obtenidas desde viewer: 20
[2026-09-26 12:40:07] Estaciones obtenidas directamente desde GIS: 32
[2026-09-26 12:40:07] 200: SIN DATOS EN EL ÚLTIMO DÍA
[2026-09-26 12:40:08] 215: 1/4 variables -> Ll acu 1 h
[2026-09-26 12:40:08] 216: 3/4 variables -> HRa med 1h, Ll acu 1 h, Ta med 1h
[2026-09-26 12:40:09] 217: 3/4 variables -> HRa med 1h, Ll acu 1 h, Ta med 1h
[2026-09-26 12:40:09] 218: 2/4 variables -> Ll acu 1 h, Ta med 1h
[2026-09-26 12:40:10] 220: 1/4 variables -> PP Acc (1h)
[2026-09-26 12:40:10] 221: 3/4 variables -> HRa med 1h, Ll acu 1 h, Ta med 1h
[2026-09-26 12:40:11] 223: 3/4 variables -> HRa med 1h, Ll acu 1 h, Ta med 1h
[2026-09-26 12:40:11] 224: SIN DATOS EN EL ÚLTIMO DÍA
[2026-09-26 12:40:12] 225: 3/4 variables -> HRa med 1h, Ll acu 1 h, Ta med 1h
[2026-09-26 12:40:12] 226: 3/4 variables -> HRa med 1h, Ll acu 1 h, Ta med 1h
[2026-09-26 12:40:13] 227: 3/4 variables -> HRa med 1h, Ll acu 1 h, Ta med 1h
[2026-09-26 12:40:13] 228: 3/4 variables -> HRa med 1h, Ll acu 1 h, Ta med 1h
[2026-09-26 12:40:14] 229: 3/4 variables -> HRa med 1h, Ll acu 1 h, Ta med 1h
[2026-09-26 12:40:15] 230: SIN DATOS EN EL ÚLTIMO DÍA
[2026-09-26 12:40:15] 231: 3/4 variables -> HRa med 1h, Ll acu 1 h, Ta med 1h
[2026-09-26 12:40:16] 232: 3/4 variables -> HRa med 1h, Ll acu 1 h, Ta med 1h
[2026-09-26 12:40:16] 233: SIN DATOS EN EL ÚLTIMO DÍA
[2026-09-26 12:40:17] 234: 3/4 variables -> HRa med 1h, Ll acu 1 h, Ta med 1h
[2026-09-26 12:40:17] 235: 3/4 variables -> HRa med 1h, Ll acu 1 h, Ta med 1h
[2026-09-26 12:40:18] 236: 3/4 variables -> HRa med 1h, Ll acu 1 h, Ta med 1h
[2026-09-26 12:40:18] 237: SIN DATOS EN EL ÚLTIMO DÍA
[2026-09-26 12:40:19] 238: 3/4 variables -> HRa med 1h, Ll acu 1 h, Ta med 1h
[2026-09-26 12:40:19] 239: SIN DATOS EN EL ÚLTIMO DÍA
[2026-09-26 12:40:20] 240: 3/4 variables -> HRa med 1h, Ll acu 1 h, Ta med 1h
[2026-09-26 12:40:20] 241: 3/4 variables -> HRa med 1h, Ll acu 1 h, Ta med 1h
[2026-09-26 12:40:21] 242: 3/4 variables -> HRa med 1h, Ll acu 1 h, Ta med 1h
[2026-09-26 12:40:22] 243: 3/4 variables -> HRa med 1h, Ll acu 1 h, Ta med 1h
[2026-09-26 12:40:22] 244: SIN DATOS EN EL ÚLTIMO DÍA
[2026-09-26 12:40:23] 245: 3/4 variables -> HRa med 1h, Ll acu 1 h, Ta med 1h
[2026-09-26 12:40:23] 246: 3/4 variables -> HRa med 1h, Ll acu 1 h, Ta med 1h
[2026-09-26 12:40:24] 247: 3/4 variables -> HRa med 1h, Ll acu 1 h, Ta med 1h
[2026-09-26 12:40:24] 215: histórico actualizado -> 78 filas
[2026-09-26 12:40:24] 216: histórico actualizado -> 63 filas
[2026-09-26 12:40:24] 217: histórico actualizado -> 78 filas
[2026-09-26 12:40:24] 218: histórico actualizado -> 80 filas
[2026-09-26 12:40:24] 220: histórico actualizado -> 77 filas
[2026-09-26 12:40:24] 221: histórico actualizado -> 157 filas
[2026-09-26 12:40:24] 223: histórico actualizado -> 155 filas
[2026-09-26 12:40:24] 225: histórico actualizado -> 156 filas
[2026-09-26 12:40:24] 226: histórico actualizado -> 156 filas
[2026-09-26 12:40:24] 227: histórico actualizado -> 157 filas
[2026-09-26 12:40:24] 228: histórico actualizado -> 155 filas
[2026-09-26 12:40:25] 229: histórico actualizado -> 155 filas
[2026-09-26 12:40:25] 231: histórico actualizado -> 155 filas
[2026-09-26 12:40:25] 232: histórico actualizado -> 135 filas
[2026-09-26 12:40:25] 234: histórico actualizado -> 156 filas
[2026-09-26 12:40:25] 235: histórico actualizado -> 137 filas
[2026-09-26 12:40:25] 236: histórico actualizado -> 154 filas
[2026-09-26 12:40:25] 238: histórico actualizado -> 157 filas
[2026-09-26 12:40:25] 240: histórico actualizado -> 140 filas
[2026-09-26 12:40:25] 241: histórico actualizado -> 85 filas
[2026-09-26 12:40:25] 242: histórico actualizado -> 149 filas
[2026-09-26 12:40:25] 243: histórico actualizado -> 155 filas
[2026-09-26 12:40:25] 245: histórico actualizado -> 114 filas
[2026-09-26 12:40:25] 246: histórico actualizado -> 35 filas
[2026-09-26 12:40:25] 247: histórico actualizado -> 155 filas
[2026-09-26 12:40:25] Catálogo actualizado: 32 estaciones
[2026-09-26 12:40:25] FIN DEL PROCESO - 21.1 segundos
[2026-09-26 13:40:05] INICIO DEL PROCESO
[2026-09-26 13:40:05] Abriendo página de login...
[2026-09-26 13:40:06] Realizando login...
[2026-09-26 13:40:06] LOGIN OK -> https://polaris.adrtecnology.com/gis/map
[2026-09-26 13:40:06] Estaciones conservadas del catálogo histórico: 32
[2026-09-26 13:40:07] Estaciones obtenidas desde viewer: 20
[2026-09-26 13:40:09] Estaciones obtenidas directamente desde GIS: 32
[2026-09-26 13:40:09] 200: SIN DATOS EN EL ÚLTIMO DÍA
[2026-09-26 13:40:09] 215: 1/4 variables -> Ll acu 1 h
[2026-09-26 13:40:10] 216: 3/4 variables -> HRa med 1h, Ll acu 1 h, Ta med 1h
[2026-09-26 13:40:10] 217: 3/4 variables -> HRa med 1h, Ll acu 1 h, Ta med 1h
[2026-09-26 13:40:11] 218: 2/4 variables -> Ll acu 1 h, Ta med 1h
[2026-09-26 13:40:11] 220: 1/4 variables -> PP Acc (1h)
[2026-09-26 13:40:12] 221: 3/4 variables -> HRa med 1h, Ll acu 1 h, Ta med 1h
[2026-09-26 13:40:13] 223: 3/4 variables -> HRa med 1h, Ll acu 1 h, Ta med 1h
[2026-09-26 13:40:13] 224: SIN DATOS EN EL ÚLTIMO DÍA
[2026-09-26 13:40:14] 225: 3/4 variables -> HRa med 1h, Ll acu 1 h, Ta med 1h
[2026-09-26 13:40:14] 226: 3/4 variables -> HRa med 1h, Ll acu 1 h, Ta med 1h
[2026-09-26 13:40:15] 227: 3/4 variables -> HRa med 1h, Ll acu 1 h, Ta med 1h
[2026-09-26 13:40:15] 228: 3/4 variables -> HRa med 1h, Ll acu 1 h, Ta med 1h
[2026-09-26 13:40:16] 229: 3/4 variables -> HRa med 1h, Ll acu 1 h, Ta med 1h
[2026-09-26 13:40:16] 230: SIN DATOS EN EL ÚLTIMO DÍA
[2026-09-26 13:40:17] 231: 3/4 variables -> HRa med 1h, Ll acu 1 h, Ta med 1h
[2026-09-26 13:40:18] 232: 3/4 variables -> HRa med 1h, Ll acu 1 h, Ta med 1h
[2026-09-26 13:40:18] 233: SIN DATOS EN EL ÚLTIMO DÍA
[2026-09-26 13:40:19] 234: 3/4 variables -> HRa med 1h, Ll acu 1 h, Ta med 1h
[2026-09-26 13:40:19] 235: 3/4 variables -> HRa med 1h, Ll acu 1 h, Ta med 1h
[2026-09-26 13:40:20] 236: 3/4 variables -> HRa med 1h, Ll acu 1 h, Ta med 1h
[2026-09-26 13:40:20] 237: SIN DATOS EN EL ÚLTIMO DÍA
[2026-09-26 13:40:21] 238: 3/4 variables -> HRa med 1h, Ll acu 1 h, Ta med 1h
[2026-09-26 13:40:21] 239: SIN DATOS EN EL ÚLTIMO DÍA
[2026-09-26 13:40:22] 240: 3/4 variables -> HRa med 1h, Ll acu 1 h, Ta med 1h
[2026-09-26 13:40:22] 241: 3/4 variables -> HRa med 1h, Ll acu 1 h, Ta med 1h
[2026-09-26 13:40:23] 242: 3/4 variables -> HRa med 1h, Ll acu 1 h, Ta med 1h
[2026-09-26 13:40:24] 243: 3/4 variables -> HRa med 1h, Ll acu 1 h, Ta med 1h
[2026-09-26 13:40:24] 244: SIN DATOS EN EL ÚLTIMO DÍA
[2026-09-26 13:40:25] 245: 3/4 variables -> HRa med 1h, Ll acu 1 h, Ta med 1h
[2026-09-26 13:40:25] 246: 3/4 variables -> HRa med 1h, Ll acu 1 h, Ta med 1h
[2026-09-26 13:40:26] 247: 3/4 variables -> HRa med 1h, Ll acu 1 h, Ta med 1h
[2026-09-26 13:40:26] 215: histórico actualizado -> 79 filas
[2026-09-26 13:40:26] 216: histórico actualizado -> 64 filas
[2026-09-26 13:40:26] 217: histórico actualizado -> 79 filas
[2026-09-26 13:40:26] 218: histórico actualizado -> 81 filas
[2026-09-26 13:40:26] 220: histórico actualizado -> 78 filas
[2026-09-26 13:40:26] 221: histórico actualizado -> 159 filas
[2026-09-26 13:40:26] 223: histórico actualizado -> 157 filas
[2026-09-26 13:40:26] 225: histórico actualizado -> 158 filas
[2026-09-26 13:40:26] 226: histórico actualizado -> 158 filas
[2026-09-26 13:40:26] 227: histórico actualizado -> 159 filas
[2026-09-26 13:40:26] 228: histórico actualizado -> 157 filas
[2026-09-26 13:40:26] 229: histórico actualizado -> 157 filas
[2026-09-26 13:40:26] 231: histórico actualizado -> 157 filas
[2026-09-26 13:40:27] 232: histórico actualizado -> 137 filas
[2026-09-26 13:40:27] 234: histórico actualizado -> 158 filas
[2026-09-26 13:40:27] 235: histórico actualizado -> 139 filas
[2026-09-26 13:40:27] 236: histórico actualizado -> 156 filas
[2026-09-26 13:40:27] 238: histórico actualizado -> 159 filas
[2026-09-26 13:40:27] 240: histórico actualizado -> 142 filas
[2026-09-26 13:40:27] 241: histórico actualizado -> 86 filas
[2026-09-26 13:40:27] 242: histórico actualizado -> 151 filas
[2026-09-26 13:40:27] 243: histórico actualizado -> 157 filas
[2026-09-26 13:40:27] 245: histórico actualizado -> 116 filas
[2026-09-26 13:40:27] 246: histórico actualizado -> 37 filas
[2026-09-26 13:40:27] 247: histórico actualizado -> 157 filas
[2026-09-26 13:40:27] Catálogo actualizado: 32 estaciones
[2026-09-26 13:40:27] FIN DEL PROCESO - 21.9 segundos
[2026-09-26 14:40:05] INICIO DEL PROCESO
[2026-09-26 14:40:05] Abriendo página de login...
[2026-09-26 14:40:06] Realizando login...
[2026-09-26 14:40:06] LOGIN OK -> https://polaris.adrtecnology.com/gis/map
[2026-09-26 14:40:07] Estaciones conservadas del catálogo histórico: 32
[2026-09-26 14:40:07] Estaciones obtenidas desde viewer: 20
[2026-09-26 14:40:08] Estaciones obtenidas directamente desde GIS: 32
[2026-09-26 14:40:09] 200: SIN DATOS EN EL ÚLTIMO DÍA
[2026-09-26 14:40:09] 215: 1/4 variables -> Ll acu 1 h
[2026-09-26 14:40:10] 216: 3/4 variables -> HRa med 1h, Ll acu 1 h, Ta med 1h
[2026-09-26 14:40:10] 217: 3/4 variables -> HRa med 1h, Ll acu 1 h, Ta med 1h
[2026-09-26 14:40:11] 218: 2/4 variables -> Ll acu 1 h, Ta med 1h
[2026-09-26 14:40:11] 220: 1/4 variables -> PP Acc (1h)
[2026-09-26 14:40:12] 221: 3/4 variables -> HRa med 1h, Ll acu 1 h, Ta med 1h
[2026-09-26 14:40:12] 223: 3/4 variables -> HRa med 1h, Ll acu 1 h, Ta med 1h
[2026-09-26 14:40:13] 224: SIN DATOS EN EL ÚLTIMO DÍA
[2026-09-26 14:40:13] 225: 3/4 variables -> HRa med 1h, Ll acu 1 h, Ta med 1h
[2026-09-26 14:40:14] 226: 3/4 variables -> HRa med 1h, Ll acu 1 h, Ta med 1h
[2026-09-26 14:40:14] 227: 3/4 variables -> HRa med 1h, Ll acu 1 h, Ta med 1h
[2026-09-26 14:40:15] 228: 3/4 variables -> HRa med 1h, Ll acu 1 h, Ta med 1h
[2026-09-26 14:40:16] 229: 3/4 variables -> HRa med 1h, Ll acu 1 h, Ta med 1h
[2026-09-26 14:40:16] 230: SIN DATOS EN EL ÚLTIMO DÍA
[2026-09-26 14:40:17] 231: 3/4 variables -> HRa med 1h, Ll acu 1 h, Ta med 1h
[2026-09-26 14:40:17] 232: 3/4 variables -> HRa med 1h, Ll acu 1 h, Ta med 1h
[2026-09-26 14:40:18] 233: SIN DATOS EN EL ÚLTIMO DÍA
[2026-09-26 14:40:18] 234: 3/4 variables -> HRa med 1h, Ll acu 1 h, Ta med 1h
[2026-09-26 14:40:19] 235: 3/4 variables -> HRa med 1h, Ll acu 1 h, Ta med 1h
[2026-09-26 14:40:19] 236: 3/4 variables -> HRa med 1h, Ll acu 1 h, Ta med 1h
[2026-09-26 14:40:20] 237: SIN DATOS EN EL ÚLTIMO DÍA
[2026-09-26 14:40:20] 238: 3/4 variables -> HRa med 1h, Ll acu 1 h, Ta med 1h
[2026-09-26 14:40:21] 239: SIN DATOS EN EL ÚLTIMO DÍA
[2026-09-26 14:40:21] 240: 3/4 variables -> HRa med 1h, Ll acu 1 h, Ta med 1h
[2026-09-26 14:40:22] 241: 3/4 variables -> HRa med 1h, Ll acu 1 h, Ta med 1h
[2026-09-26 14:40:23] 242: 3/4 variables -> HRa med 1h, Ll acu 1 h, Ta med 1h
[2026-09-26 14:40:23] 243: 3/4 variables -> HRa med 1h, Ll acu 1 h, Ta med 1h
[2026-09-26 14:40:24] 244: SIN DATOS EN EL ÚLTIMO DÍA
[2026-09-26 14:40:24] 245: 3/4 variables -> HRa med 1h, Ll acu 1 h, Ta med 1h
[2026-09-26 14:40:25] 246: 3/4 variables -> HRa med 1h, Ll acu 1 h, Ta med 1h
[2026-09-26 14:40:25] 247: 3/4 variables -> HRa med 1h, Ll acu 1 h, Ta med 1h
[2026-09-26 14:40:26] 215: histórico actualizado -> 80 filas
[2026-09-26 14:40:26] 216: histórico actualizado -> 65 filas
[2026-09-26 14:40:26] 217: histórico actualizado -> 80 filas
[2026-09-26 14:40:26] 218: histórico actualizado -> 82 filas
[2026-09-26 14:40:26] 220: histórico actualizado -> 79 filas
[2026-09-26 14:40:26] 221: histórico actualizado -> 161 filas
[2026-09-26 14:40:26] 223: histórico actualizado -> 159 filas
[2026-09-26 14:40:26] 225: histórico actualizado -> 160 filas
[2026-09-26 14:40:26] 226: histórico actualizado -> 160 filas
[2026-09-26 14:40:26] 227: histórico actualizado -> 161 filas
[2026-09-26 14:40:26] 228: histórico actualizado -> 159 filas
[2026-09-26 14:40:26] 229: histórico actualizado -> 159 filas
[2026-09-26 14:40:26] 231: histórico actualizado -> 159 filas
[2026-09-26 14:40:26] 232: histórico actualizado -> 139 filas
[2026-09-26 14:40:26] 234: histórico actualizado -> 160 filas
[2026-09-26 14:40:26] 235: histórico actualizado -> 141 filas
[2026-09-26 14:40:26] 236: histórico actualizado -> 158 filas
[2026-09-26 14:40:26] 238: histórico actualizado -> 161 filas
[2026-09-26 14:40:26] 240: histórico actualizado -> 142 filas
[2026-09-26 14:40:26] 241: histórico actualizado -> 86 filas
[2026-09-26 14:40:26] 242: histórico actualizado -> 153 filas
[2026-09-26 14:40:27] 243: histórico actualizado -> 159 filas
[2026-09-26 14:40:27] 245: histórico actualizado -> 118 filas
[2026-09-26 14:40:27] 246: histórico actualizado -> 38 filas
[2026-09-26 14:40:27] 247: histórico actualizado -> 159 filas
[2026-09-26 14:40:27] Catálogo actualizado: 32 estaciones
[2026-09-26 14:40:27] FIN DEL PROCESO - 21.4 segundos
[2026-09-26 15:40:05] INICIO DEL PROCESO
[2026-09-26 15:40:05] Abriendo página de login...
[2026-09-26 15:40:06] Realizando login...
[2026-09-26 15:40:06] LOGIN OK -> https://polaris.adrtecnology.com/gis/map
[2026-09-26 15:40:06] Estaciones conservadas del catálogo histórico: 32
[2026-09-26 15:40:07] Estaciones obtenidas desde viewer: 20
[2026-09-26 15:40:08] Estaciones obtenidas directamente desde GIS: 32
[2026-09-26 15:40:09] 200: SIN DATOS EN EL ÚLTIMO DÍA
[2026-09-26 15:40:09] 215: 1/4 variables -> Ll acu 1 h
[2026-09-26 15:40:10] 216: 3/4 variables -> HRa med 1h, Ll acu 1 h, Ta med 1h
[2026-09-26 15:40:10] 217: 3/4 variables -> HRa med 1h, Ll acu 1 h, Ta med 1h
[2026-09-26 15:40:11] 218: 2/4 variables -> Ll acu 1 h, Ta med 1h
[2026-09-26 15:40:11] 220: 1/4 variables -> PP Acc (1h)
[2026-09-26 15:40:12] 221: 3/4 variables -> HRa med 1h, Ll acu 1 h, Ta med 1h
[2026-09-26 15:40:12] 223: 3/4 variables -> HRa med 1h, Ll acu 1 h, Ta med 1h
[2026-09-26 15:40:13] 224: SIN DATOS EN EL ÚLTIMO DÍA
[2026-09-26 15:40:14] 225: 3/4 variables -> HRa med 1h, Ll acu 1 h, Ta med 1h
[2026-09-26 15:40:14] 226: 3/4 variables -> HRa med 1h, Ll acu 1 h, Ta med 1h
[2026-09-26 15:40:15] 227: 3/4 variables -> HRa med 1h, Ll acu 1 h, Ta med 1h
[2026-09-26 15:40:15] 228: 3/4 variables -> HRa med 1h, Ll acu 1 h, Ta med 1h
[2026-09-26 15:40:16] 229: 3/4 variables -> HRa med 1h, Ll acu 1 h, Ta med 1h
[2026-09-26 15:40:16] 230: SIN DATOS EN EL ÚLTIMO DÍA
[2026-09-26 15:40:17] 231: 3/4 variables -> HRa med 1h, Ll acu 1 h, Ta med 1h
[2026-09-26 15:40:17] 232: 3/4 variables -> HRa med 1h, Ll acu 1 h, Ta med 1h
[2026-09-26 15:40:18] 233: SIN DATOS EN EL ÚLTIMO DÍA
[2026-09-26 15:40:18] 234: 3/4 variables -> HRa med 1h, Ll acu 1 h, Ta med 1h
[2026-09-26 15:40:19] 235: 3/4 variables -> HRa med 1h, Ll acu 1 h, Ta med 1h
[2026-09-26 15:40:19] 236: 3/4 variables -> HRa med 1h, Ll acu 1 h, Ta med 1h
[2026-09-26 15:40:20] 237: SIN DATOS EN EL ÚLTIMO DÍA
[2026-09-26 15:40:20] 238: 3/4 variables -> HRa med 1h, Ll acu 1 h, Ta med 1h
[2026-09-26 15:40:21] 239: SIN DATOS EN EL ÚLTIMO DÍA
[2026-09-26 15:40:22] 240: 3/4 variables -> HRa med 1h, Ll acu 1 h, Ta med 1h
[2026-09-26 15:40:22] 241: 3/4 variables -> HRa med 1h, Ll acu 1 h, Ta med 1h
[2026-09-26 15:40:23] 242: 3/4 variables -> HRa med 1h, Ll acu 1 h, Ta med 1h
[2026-09-26 15:40:23] 243: 3/4 variables -> HRa med 1h, Ll acu 1 h, Ta med 1h
[2026-09-26 15:40:24] 244: SIN DATOS EN EL ÚLTIMO DÍA
[2026-09-26 15:40:24] 245: 3/4 variables -> HRa med 1h, Ll acu 1 h, Ta med 1h
[2026-09-26 15:40:25] 246: 3/4 variables -> HRa med 1h, Ll acu 1 h, Ta med 1h
[2026-09-26 15:40:25] 247: 3/4 variables -> HRa med 1h, Ll acu 1 h, Ta med 1h
[2026-09-26 15:40:26] 215: histórico actualizado -> 81 filas
[2026-09-26 15:40:26] 216: histórico actualizado -> 66 filas
[2026-09-26 15:40:26] 217: histórico actualizado -> 81 filas
[2026-09-26 15:40:26] 218: histórico actualizado -> 83 filas
[2026-09-26 15:40:26] 220: histórico actualizado -> 80 filas
[2026-09-26 15:40:26] 221: histórico actualizado -> 163 filas
[2026-09-26 15:40:26] 223: histórico actualizado -> 161 filas
[2026-09-26 15:40:26] 225: histórico actualizado -> 162 filas
[2026-09-26 15:40:26] 226: histórico actualizado -> 162 filas
[2026-09-26 15:40:26] 227: histórico actualizado -> 163 filas
[2026-09-26 15:40:26] 228: histórico actualizado -> 161 filas
[2026-09-26 15:40:26] 229: histórico actualizado -> 161 filas
[2026-09-26 15:40:26] 231: histórico actualizado -> 161 filas
[2026-09-26 15:40:26] 232: histórico actualizado -> 141 filas
[2026-09-26 15:40:26] 234: histórico actualizado -> 162 filas
[2026-09-26 15:40:26] 235: histórico actualizado -> 143 filas
[2026-09-26 15:40:26] 236: histórico actualizado -> 160 filas
[2026-09-26 15:40:26] 238: histórico actualizado -> 163 filas
[2026-09-26 15:40:26] 240: histórico actualizado -> 142 filas
[2026-09-26 15:40:27] 241: histórico actualizado -> 86 filas
[2026-09-26 15:40:27] 242: histórico actualizado -> 155 filas
[2026-09-26 15:40:27] 243: histórico actualizado -> 161 filas
[2026-09-26 15:40:27] 245: histórico actualizado -> 119 filas
[2026-09-26 15:40:27] 246: histórico actualizado -> 40 filas
[2026-09-26 15:40:27] 247: histórico actualizado -> 161 filas
[2026-09-26 15:40:27] Catálogo actualizado: 32 estaciones
[2026-09-26 15:40:27] FIN DEL PROCESO - 21.5 segundos
[2026-09-26 16:40:07] INICIO DEL PROCESO
[2026-09-26 16:40:07] Abriendo página de login...
[2026-09-26 16:40:07] Realizando login...
[2026-09-26 16:40:08] LOGIN OK -> https://polaris.adrtecnology.com/gis/map
[2026-09-26 16:40:08] Estaciones conservadas del catálogo histórico: 32
[2026-09-26 16:40:08] Estaciones obtenidas desde viewer: 20
[2026-09-26 16:40:10] Estaciones obtenidas directamente desde GIS: 32
[2026-09-26 16:40:10] 200: SIN DATOS EN EL ÚLTIMO DÍA
[2026-09-26 16:40:10] 215: 1/4 variables -> Ll acu 1 h
[2026-09-26 16:40:11] 216: 3/4 variables -> HRa med 1h, Ll acu 1 h, Ta med 1h
[2026-09-26 16:40:11] 217: 3/4 variables -> HRa med 1h, Ll acu 1 h, Ta med 1h
[2026-09-26 16:40:12] 218: 2/4 variables -> Ll acu 1 h, Ta med 1h
[2026-09-26 16:40:12] 220: 1/4 variables -> PP Acc (1h)
[2026-09-26 16:40:13] 221: 3/4 variables -> HRa med 1h, Ll acu 1 h, Ta med 1h
[2026-09-26 16:40:14] 223: 3/4 variables -> HRa med 1h, Ll acu 1 h, Ta med 1h
[2026-09-26 16:40:14] 224: SIN DATOS EN EL ÚLTIMO DÍA
[2026-09-26 16:40:15] 225: 3/4 variables -> HRa med 1h, Ll acu 1 h, Ta med 1h
[2026-09-26 16:40:15] 226: 3/4 variables -> HRa med 1h, Ll acu 1 h, Ta med 1h
[2026-09-26 16:40:16] 227: 3/4 variables -> HRa med 1h, Ll acu 1 h, Ta med 1h
[2026-09-26 16:40:16] 228: 3/4 variables -> HRa med 1h, Ll acu 1 h, Ta med 1h
[2026-09-26 16:40:17] 229: 3/4 variables -> HRa med 1h, Ll acu 1 h, Ta med 1h
[2026-09-26 16:40:18] 230: SIN DATOS EN EL ÚLTIMO DÍA
[2026-09-26 16:40:18] 231: 3/4 variables -> HRa med 1h, Ll acu 1 h, Ta med 1h
[2026-09-26 16:40:19] 232: 3/4 variables -> HRa med 1h, Ll acu 1 h, Ta med 1h
[2026-09-26 16:40:19] 233: SIN DATOS EN EL ÚLTIMO DÍA
[2026-09-26 16:40:20] 234: 3/4 variables -> HRa med 1h, Ll acu 1 h, Ta med 1h
[2026-09-26 16:40:21] 235: 3/4 variables -> HRa med 1h, Ll acu 1 h, Ta med 1h
[2026-09-26 16:40:21] 236: 3/4 variables -> HRa med 1h, Ll acu 1 h, Ta med 1h
[2026-09-26 16:40:22] 237: SIN DATOS EN EL ÚLTIMO DÍA
[2026-09-26 16:40:22] 238: 3/4 variables -> HRa med 1h, Ll acu 1 h, Ta med 1h
[2026-09-26 16:40:23] 239: SIN DATOS EN EL ÚLTIMO DÍA
[2026-09-26 16:40:23] 240: 3/4 variables -> HRa med 1h, Ll acu 1 h, Ta med 1h
[2026-09-26 16:40:24] 241: 3/4 variables -> HRa med 1h, Ll acu 1 h, Ta med 1h
[2026-09-26 16:40:24] 242: 3/4 variables -> HRa med 1h, Ll acu 1 h, Ta med 1h
[2026-09-26 16:40:25] 243: 3/4 variables -> HRa med 1h, Ll acu 1 h, Ta med 1h
[2026-09-26 16:40:25] 244: SIN DATOS EN EL ÚLTIMO DÍA
[2026-09-26 16:40:26] 245: 3/4 variables -> HRa med 1h, Ll acu 1 h, Ta med 1h
[2026-09-26 16:40:26] 246: 3/4 variables -> HRa med 1h, Ll acu 1 h, Ta med 1h
[2026-09-26 16:40:27] 247: 3/4 variables -> HRa med 1h, Ll acu 1 h, Ta med 1h
[2026-09-26 16:40:27] 215: histórico actualizado -> 82 filas
[2026-09-26 16:40:27] 216: histórico actualizado -> 67 filas
[2026-09-26 16:40:27] 217: histórico actualizado -> 82 filas
[2026-09-26 16:40:27] 218: histórico actualizado -> 84 filas
[2026-09-26 16:40:27] 220: histórico actualizado -> 81 filas
[2026-09-26 16:40:27] 221: histórico actualizado -> 165 filas
[2026-09-26 16:40:28] 223: histórico actualizado -> 163 filas
[2026-09-26 16:40:28] 225: histórico actualizado -> 164 filas
[2026-09-26 16:40:28] 226: histórico actualizado -> 164 filas
[2026-09-26 16:40:28] 227: histórico actualizado -> 165 filas
[2026-09-26 16:40:28] 228: histórico actualizado -> 163 filas
[2026-09-26 16:40:28] 229: histórico actualizado -> 163 filas
[2026-09-26 16:40:28] 231: histórico actualizado -> 163 filas
[2026-09-26 16:40:28] 232: histórico actualizado -> 143 filas
[2026-09-26 16:40:28] 234: histórico actualizado -> 164 filas
[2026-09-26 16:40:28] 235: histórico actualizado -> 145 filas
[2026-09-26 16:40:28] 236: histórico actualizado -> 162 filas
[2026-09-26 16:40:28] 238: histórico actualizado -> 165 filas
[2026-09-26 16:40:28] 240: histórico actualizado -> 142 filas
[2026-09-26 16:40:28] 241: histórico actualizado -> 86 filas
[2026-09-26 16:40:28] 242: histórico actualizado -> 157 filas
[2026-09-26 16:40:28] 243: histórico actualizado -> 163 filas
[2026-09-26 16:40:28] 245: histórico actualizado -> 120 filas
[2026-09-26 16:40:28] 246: histórico actualizado -> 42 filas
[2026-09-26 16:40:28] 247: histórico actualizado -> 163 filas
[2026-09-26 16:40:28] Catálogo actualizado: 32 estaciones
[2026-09-26 16:40:28] FIN DEL PROCESO - 22.0 segundos
[2026-09-26 17:40:07] INICIO DEL PROCESO
[2026-09-26 17:40:07] Abriendo página de login...
[2026-09-26 17:40:07] Realizando login...
[2026-09-26 17:40:08] LOGIN OK -> https://polaris.adrtecnology.com/gis/map
[2026-09-26 17:40:08] Estaciones conservadas del catálogo histórico: 32
[2026-09-26 17:40:08] Estaciones obtenidas desde viewer: 20
[2026-09-26 17:40:10] Estaciones obtenidas directamente desde GIS: 32
[2026-09-26 17:40:10] 200: SIN DATOS EN EL ÚLTIMO DÍA
[2026-09-26 17:40:10] 215: 1/4 variables -> Ll acu 1 h
[2026-09-26 17:40:11] 216: 3/4 variables -> HRa med 1h, Ll acu 1 h, Ta med 1h
[2026-09-26 17:40:11] 217: 3/4 variables -> HRa med 1h, Ll acu 1 h, Ta med 1h
[2026-09-26 17:40:12] 218: 2/4 variables -> Ll acu 1 h, Ta med 1h
[2026-09-26 17:40:12] 220: 1/4 variables -> PP Acc (1h)
[2026-09-26 17:40:13] 221: 3/4 variables -> HRa med 1h, Ll acu 1 h, Ta med 1h
[2026-09-26 17:40:14] 223: 3/4 variables -> HRa med 1h, Ll acu 1 h, Ta med 1h
[2026-09-26 17:40:14] 224: SIN DATOS EN EL ÚLTIMO DÍA
[2026-09-26 17:40:15] 225: 3/4 variables -> HRa med 1h, Ll acu 1 h, Ta med 1h
[2026-09-26 17:40:15] 226: 3/4 variables -> HRa med 1h, Ll acu 1 h, Ta med 1h
[2026-09-26 17:40:16] 227: 3/4 variables -> HRa med 1h, Ll acu 1 h, Ta med 1h
[2026-09-26 17:40:16] 228: 3/4 variables -> HRa med 1h, Ll acu 1 h, Ta med 1h
[2026-09-26 17:40:17] 229: 3/4 variables -> HRa med 1h, Ll acu 1 h, Ta med 1h
[2026-09-26 17:40:17] 230: SIN DATOS EN EL ÚLTIMO DÍA
[2026-09-26 17:40:18] 231: 3/4 variables -> HRa med 1h, Ll acu 1 h, Ta med 1h
[2026-09-26 17:40:18] 232: 3/4 variables -> HRa med 1h, Ll acu 1 h, Ta med 1h
[2026-09-26 17:40:19] 233: SIN DATOS EN EL ÚLTIMO DÍA
[2026-09-26 17:40:19] 234: 3/4 variables -> HRa med 1h, Ll acu 1 h, Ta med 1h
[2026-09-26 17:40:20] 235: 3/4 variables -> HRa med 1h, Ll acu 1 h, Ta med 1h
[2026-09-26 17:40:20] 236: 3/4 variables -> HRa med 1h, Ll acu 1 h, Ta med 1h
[2026-09-26 17:40:21] 237: SIN DATOS EN EL ÚLTIMO DÍA
[2026-09-26 17:40:22] 238: 3/4 variables -> HRa med 1h, Ll acu 1 h, Ta med 1h
[2026-09-26 17:40:22] 239: SIN DATOS EN EL ÚLTIMO DÍA
[2026-09-26 17:40:23] 240: 3/4 variables -> HRa med 1h, Ll acu 1 h, Ta med 1h
[2026-09-26 17:40:23] 241: 3/4 variables -> HRa med 1h, Ll acu 1 h, Ta med 1h
[2026-09-26 17:40:24] 242: 3/4 variables -> HRa med 1h, Ll acu 1 h, Ta med 1h
[2026-09-26 17:40:24] 243: 3/4 variables -> HRa med 1h, Ll acu 1 h, Ta med 1h
[2026-09-26 17:40:25] 244: SIN DATOS EN EL ÚLTIMO DÍA
[2026-09-26 17:40:25] 245: 3/4 variables -> HRa med 1h, Ll acu 1 h, Ta med 1h
[2026-09-26 17:40:26] 246: 3/4 variables -> HRa med 1h, Ll acu 1 h, Ta med 1h
[2026-09-26 17:40:26] 247: 3/4 variables -> HRa med 1h, Ll acu 1 h, Ta med 1h
[2026-09-26 17:40:27] 215: histórico actualizado -> 83 filas
[2026-09-26 17:40:27] 216: histórico actualizado -> 68 filas
[2026-09-26 17:40:27] 217: histórico actualizado -> 83 filas
[2026-09-26 17:40:27] 218: histórico actualizado -> 85 filas
[2026-09-26 17:40:27] 220: histórico actualizado -> 82 filas
[2026-09-26 17:40:27] 221: histórico actualizado -> 167 filas
[2026-09-26 17:40:27] 223: histórico actualizado -> 165 filas
[2026-09-26 17:40:27] 225: histórico actualizado -> 166 filas
[2026-09-26 17:40:27] 226: histórico actualizado -> 166 filas
[2026-09-26 17:40:27] 227: histórico actualizado -> 167 filas
[2026-09-26 17:40:27] 228: histórico actualizado -> 165 filas
[2026-09-26 17:40:27] 229: histórico actualizado -> 165 filas
[2026-09-26 17:40:27] 231: histórico actualizado -> 165 filas
[2026-09-26 17:40:27] 232: histórico actualizado -> 145 filas
[2026-09-26 17:40:27] 234: histórico actualizado -> 166 filas
[2026-09-26 17:40:27] 235: histórico actualizado -> 146 filas
[2026-09-26 17:40:27] 236: histórico actualizado -> 164 filas
[2026-09-26 17:40:28] 238: histórico actualizado -> 167 filas
[2026-09-26 17:40:28] 240: histórico actualizado -> 142 filas
[2026-09-26 17:40:28] 241: histórico actualizado -> 86 filas
[2026-09-26 17:40:28] 242: histórico actualizado -> 159 filas
[2026-09-26 17:40:28] 243: histórico actualizado -> 165 filas
[2026-09-26 17:40:28] 245: histórico actualizado -> 122 filas
[2026-09-26 17:40:28] 246: histórico actualizado -> 43 filas
[2026-09-26 17:40:28] 247: histórico actualizado -> 165 filas
[2026-09-26 17:40:28] Catálogo actualizado: 32 estaciones
[2026-09-26 17:40:28] FIN DEL PROCESO - 21.1 segundos
[2026-09-26 18:40:06] INICIO DEL PROCESO
[2026-09-26 18:40:06] Abriendo página de login...
[2026-09-26 18:40:06] Realizando login...
[2026-09-26 18:40:07] LOGIN OK -> https://polaris.adrtecnology.com/gis/map
[2026-09-26 18:40:07] Estaciones conservadas del catálogo histórico: 32
[2026-09-26 18:40:07] Estaciones obtenidas desde viewer: 20
[2026-09-26 18:40:09] Estaciones obtenidas directamente desde GIS: 32
[2026-09-26 18:40:09] 200: SIN DATOS EN EL ÚLTIMO DÍA
[2026-09-26 18:40:10] 215: 1/4 variables -> Ll acu 1 h
[2026-09-26 18:40:10] 216: 3/4 variables -> HRa med 1h, Ll acu 1 h, Ta med 1h
[2026-09-26 18:40:11] 217: 3/4 variables -> HRa med 1h, Ll acu 1 h, Ta med 1h
[2026-09-26 18:40:11] 218: 2/4 variables -> Ll acu 1 h, Ta med 1h
[2026-09-26 18:40:12] 220: 1/4 variables -> PP Acc (1h)
[2026-09-26 18:40:12] 221: 3/4 variables -> HRa med 1h, Ll acu 1 h, Ta med 1h
[2026-09-26 18:40:13] 223: 3/4 variables -> HRa med 1h, Ll acu 1 h, Ta med 1h
[2026-09-26 18:40:13] 224: SIN DATOS EN EL ÚLTIMO DÍA
[2026-09-26 18:40:14] 225: 3/4 variables -> HRa med 1h, Ll acu 1 h, Ta med 1h
[2026-09-26 18:40:14] 226: 3/4 variables -> HRa med 1h, Ll acu 1 h, Ta med 1h
[2026-09-26 18:40:15] 227: 3/4 variables -> HRa med 1h, Ll acu 1 h, Ta med 1h
[2026-09-26 18:40:15] 228: 3/4 variables -> HRa med 1h, Ll acu 1 h, Ta med 1h
[2026-09-26 18:40:16] 229: 3/4 variables -> HRa med 1h, Ll acu 1 h, Ta med 1h
[2026-09-26 18:40:17] 230: SIN DATOS EN EL ÚLTIMO DÍA
[2026-09-26 18:40:17] 231: 3/4 variables -> HRa med 1h, Ll acu 1 h, Ta med 1h
[2026-09-26 18:40:18] 232: 3/4 variables -> HRa med 1h, Ll acu 1 h, Ta med 1h
[2026-09-26 18:40:19] 233: SIN DATOS EN EL ÚLTIMO DÍA
[2026-09-26 18:40:19] 234: 3/4 variables -> HRa med 1h, Ll acu 1 h, Ta med 1h
[2026-09-26 18:40:20] 235: 3/4 variables -> HRa med 1h, Ll acu 1 h, Ta med 1h
[2026-09-26 18:40:20] 236: 3/4 variables -> HRa med 1h, Ll acu 1 h, Ta med 1h
[2026-09-26 18:40:21] 237: SIN DATOS EN EL ÚLTIMO DÍA
[2026-09-26 18:40:21] 238: 3/4 variables -> HRa med 1h, Ll acu 1 h, Ta med 1h
[2026-09-26 18:40:22] 239: SIN DATOS EN EL ÚLTIMO DÍA
[2026-09-26 18:40:22] 240: 3/4 variables -> HRa med 1h, Ll acu 1 h, Ta med 1h
[2026-09-26 18:40:23] 241: 3/4 variables -> HRa med 1h, Ll acu 1 h, Ta med 1h
[2026-09-26 18:40:23] 242: 3/4 variables -> HRa med 1h, Ll acu 1 h, Ta med 1h
[2026-09-26 18:40:24] 243: 3/4 variables -> HRa med 1h, Ll acu 1 h, Ta med 1h
[2026-09-26 18:40:24] 244: SIN DATOS EN EL ÚLTIMO DÍA
[2026-09-26 18:40:25] 245: 3/4 variables -> HRa med 1h, Ll acu 1 h, Ta med 1h
[2026-09-26 18:40:25] 246: 3/4 variables -> HRa med 1h, Ll acu 1 h, Ta med 1h
[2026-09-26 18:40:26] 247: 3/4 variables -> HRa med 1h, Ll acu 1 h, Ta med 1h
[2026-09-26 18:40:26] 215: histórico actualizado -> 84 filas
[2026-09-26 18:40:26] 216: histórico actualizado -> 68 filas
[2026-09-26 18:40:26] 217: histórico actualizado -> 84 filas
[2026-09-26 18:40:26] 218: histórico actualizado -> 86 filas
[2026-09-26 18:40:26] 220: histórico actualizado -> 83 filas
[2026-09-26 18:40:26] 221: histórico actualizado -> 169 filas
[2026-09-26 18:40:27] 223: histórico actualizado -> 167 filas
[2026-09-26 18:40:27] 225: histórico actualizado -> 168 filas
[2026-09-26 18:40:27] 226: histórico actualizado -> 168 filas
[2026-09-26 18:40:27] 227: histórico actualizado -> 169 filas
[2026-09-26 18:40:27] 228: histórico actualizado -> 167 filas
[2026-09-26 18:40:27] 229: histórico actualizado -> 167 filas
[2026-09-26 18:40:27] 231: histórico actualizado -> 167 filas
[2026-09-26 18:40:27] 232: histórico actualizado -> 147 filas
[2026-09-26 18:40:27] 234: histórico actualizado -> 168 filas
[2026-09-26 18:40:27] 235: histórico actualizado -> 146 filas
[2026-09-26 18:40:27] 236: histórico actualizado -> 166 filas
[2026-09-26 18:40:27] 238: histórico actualizado -> 169 filas
[2026-09-26 18:40:27] 240: histórico actualizado -> 144 filas
[2026-09-26 18:40:27] 241: histórico actualizado -> 86 filas
[2026-09-26 18:40:27] 242: histórico actualizado -> 161 filas
[2026-09-26 18:40:27] 243: histórico actualizado -> 167 filas
[2026-09-26 18:40:27] 245: histórico actualizado -> 124 filas
[2026-09-26 18:40:27] 246: histórico actualizado -> 45 filas
[2026-09-26 18:40:27] 247: histórico actualizado -> 167 filas
[2026-09-26 18:40:27] Catálogo actualizado: 32 estaciones
[2026-09-26 18:40:27] FIN DEL PROCESO - 21.6 segundos
[2026-09-26 19:40:06] INICIO DEL PROCESO
[2026-09-26 19:40:06] Abriendo página de login...
[2026-09-26 19:40:07] Realizando login...
[2026-09-26 19:40:07] LOGIN OK -> https://polaris.adrtecnology.com/gis/map
[2026-09-26 19:40:07] Estaciones conservadas del catálogo histórico: 32
[2026-09-26 19:40:07] Estaciones obtenidas desde viewer: 20
[2026-09-26 19:40:09] Estaciones obtenidas directamente desde GIS: 32
[2026-09-26 19:40:09] 200: SIN DATOS EN EL ÚLTIMO DÍA
[2026-09-26 19:40:10] 215: 1/4 variables -> Ll acu 1 h
[2026-09-26 19:40:10] 216: 3/4 variables -> HRa med 1h, Ll acu 1 h, Ta med 1h
[2026-09-26 19:40:11] 217: 3/4 variables -> HRa med 1h, Ll acu 1 h, Ta med 1h
[2026-09-26 19:40:11] 218: 2/4 variables -> Ll acu 1 h, Ta med 1h
[2026-09-26 19:40:12] 220: 1/4 variables -> PP Acc (1h)
[2026-09-26 19:40:12] 221: 3/4 variables -> HRa med 1h, Ll acu 1 h, Ta med 1h
[2026-09-26 19:40:13] 223: 3/4 variables -> HRa med 1h, Ll acu 1 h, Ta med 1h
[2026-09-26 19:40:13] 224: SIN DATOS EN EL ÚLTIMO DÍA
[2026-09-26 19:40:14] 225: 3/4 variables -> HRa med 1h, Ll acu 1 h, Ta med 1h
[2026-09-26 19:40:15] 226: 3/4 variables -> HRa med 1h, Ll acu 1 h, Ta med 1h
[2026-09-26 19:40:15] 227: 3/4 variables -> HRa med 1h, Ll acu 1 h, Ta med 1h
[2026-09-26 19:40:16] 228: 3/4 variables -> HRa med 1h, Ll acu 1 h, Ta med 1h
[2026-09-26 19:40:16] 229: 3/4 variables -> HRa med 1h, Ll acu 1 h, Ta med 1h
[2026-09-26 19:40:17] 230: SIN DATOS EN EL ÚLTIMO DÍA
[2026-09-26 19:40:17] 231: 3/4 variables -> HRa med 1h, Ll acu 1 h, Ta med 1h
[2026-09-26 19:40:18] 232: 3/4 variables -> HRa med 1h, Ll acu 1 h, Ta med 1h
[2026-09-26 19:40:19] 233: SIN DATOS EN EL ÚLTIMO DÍA
[2026-09-26 19:40:19] 234: 3/4 variables -> HRa med 1h, Ll acu 1 h, Ta med 1h
[2026-09-26 19:40:20] 235: 3/4 variables -> HRa med 1h, Ll acu 1 h, Ta med 1h
[2026-09-26 19:40:20] 236: 3/4 variables -> HRa med 1h, Ll acu 1 h, Ta med 1h
[2026-09-26 19:40:21] 237: SIN DATOS EN EL ÚLTIMO DÍA
[2026-09-26 19:40:21] 238: 3/4 variables -> HRa med 1h, Ll acu 1 h, Ta med 1h
[2026-09-26 19:40:22] 239: SIN DATOS EN EL ÚLTIMO DÍA
[2026-09-26 19:40:22] 240: 3/4 variables -> HRa med 1h, Ll acu 1 h, Ta med 1h
[2026-09-26 19:40:23] 241: 3/4 variables -> HRa med 1h, Ll acu 1 h, Ta med 1h
[2026-09-26 19:40:23] 242: 3/4 variables -> HRa med 1h, Ll acu 1 h, Ta med 1h
[2026-09-26 19:40:24] 243: 3/4 variables -> HRa med 1h, Ll acu 1 h, Ta med 1h
[2026-09-26 19:40:24] 244: SIN DATOS EN EL ÚLTIMO DÍA
[2026-09-26 19:40:25] 245: 3/4 variables -> HRa med 1h, Ll acu 1 h, Ta med 1h
[2026-09-26 19:40:25] 246: 3/4 variables -> HRa med 1h, Ll acu 1 h, Ta med 1h
[2026-09-26 19:40:26] 247: 3/4 variables -> HRa med 1h, Ll acu 1 h, Ta med 1h
[2026-09-26 19:40:26] 215: histórico actualizado -> 85 filas
[2026-09-26 19:40:26] 216: histórico actualizado -> 68 filas
[2026-09-26 19:40:26] 217: histórico actualizado -> 85 filas
[2026-09-26 19:40:26] 218: histórico actualizado -> 87 filas
[2026-09-26 19:40:26] 220: histórico actualizado -> 84 filas
[2026-09-26 19:40:26] 221: histórico actualizado -> 171 filas
[2026-09-26 19:40:26] 223: histórico actualizado -> 169 filas
[2026-09-26 19:40:26] 225: histórico actualizado -> 170 filas
[2026-09-26 19:40:27] 226: histórico actualizado -> 170 filas
[2026-09-26 19:40:27] 227: histórico actualizado -> 171 filas
[2026-09-26 19:40:27] 228: histórico actualizado -> 169 filas
[2026-09-26 19:40:27] 229: histórico actualizado -> 169 filas
[2026-09-26 19:40:27] 231: histórico actualizado -> 169 filas
[2026-09-26 19:40:27] 232: histórico actualizado -> 149 filas
[2026-09-26 19:40:27] 234: histórico actualizado -> 170 filas
[2026-09-26 19:40:27] 235: histórico actualizado -> 146 filas
[2026-09-26 19:40:27] 236: histórico actualizado -> 168 filas
[2026-09-26 19:40:27] 238: histórico actualizado -> 171 filas
[2026-09-26 19:40:27] 240: histórico actualizado -> 146 filas
[2026-09-26 19:40:27] 241: histórico actualizado -> 86 filas
[2026-09-26 19:40:27] 242: histórico actualizado -> 163 filas
[2026-09-26 19:40:27] 243: histórico actualizado -> 169 filas
[2026-09-26 19:40:27] 245: histórico actualizado -> 124 filas
[2026-09-26 19:40:27] 246: histórico actualizado -> 46 filas
[2026-09-26 19:40:27] 247: histórico actualizado -> 169 filas
[2026-09-26 19:40:27] Catálogo actualizado: 32 estaciones
[2026-09-26 19:40:27] FIN DEL PROCESO - 21.1 segundos
[2026-09-26 20:40:06] INICIO DEL PROCESO
[2026-09-26 20:40:06] Abriendo página de login...
[2026-09-26 20:40:06] Realizando login...
[2026-09-26 20:40:07] LOGIN OK -> https://polaris.adrtecnology.com/gis/map
[2026-09-26 20:40:07] Estaciones conservadas del catálogo histórico: 32
[2026-09-26 20:40:08] Estaciones obtenidas desde viewer: 20
[2026-09-26 20:40:11] Estaciones obtenidas directamente desde GIS: 32
[2026-09-26 20:40:11] 200: SIN DATOS EN EL ÚLTIMO DÍA
[2026-09-26 20:40:12] 215: 1/4 variables -> Ll acu 1 h
[2026-09-26 20:40:12] 216: 3/4 variables -> HRa med 1h, Ll acu 1 h, Ta med 1h
[2026-09-26 20:40:13] 217: 3/4 variables -> HRa med 1h, Ll acu 1 h, Ta med 1h
[2026-09-26 20:40:13] 218: 2/4 variables -> Ll acu 1 h, Ta med 1h
[2026-09-26 20:40:14] 220: 1/4 variables -> PP Acc (1h)
[2026-09-26 20:40:15] 221: 3/4 variables -> HRa med 1h, Ll acu 1 h, Ta med 1h
[2026-09-26 20:40:15] 223: 3/4 variables -> HRa med 1h, Ll acu 1 h, Ta med 1h
[2026-09-26 20:40:16] 224: SIN DATOS EN EL ÚLTIMO DÍA
[2026-09-26 20:40:16] 225: 3/4 variables -> HRa med 1h, Ll acu 1 h, Ta med 1h
[2026-09-26 20:40:17] 226: 3/4 variables -> HRa med 1h, Ll acu 1 h, Ta med 1h
[2026-09-26 20:40:17] 227: 3/4 variables -> HRa med 1h, Ll acu 1 h, Ta med 1h
[2026-09-26 20:40:18] 228: 3/4 variables -> HRa med 1h, Ll acu 1 h, Ta med 1h
[2026-09-26 20:40:18] 229: 3/4 variables -> HRa med 1h, Ll acu 1 h, Ta med 1h
[2026-09-26 20:40:19] 230: SIN DATOS EN EL ÚLTIMO DÍA
[2026-09-26 20:40:20] 231: 3/4 variables -> HRa med 1h, Ll acu 1 h, Ta med 1h
[2026-09-26 20:40:20] 232: 3/4 variables -> HRa med 1h, Ll acu 1 h, Ta med 1h
[2026-09-26 20:40:21] 233: SIN DATOS EN EL ÚLTIMO DÍA
[2026-09-26 20:40:21] 234: 3/4 variables -> HRa med 1h, Ll acu 1 h, Ta med 1h
[2026-09-26 20:40:22] 235: 3/4 variables -> HRa med 1h, Ll acu 1 h, Ta med 1h
[2026-09-26 20:40:22] 236: 3/4 variables -> HRa med 1h, Ll acu 1 h, Ta med 1h
[2026-09-26 20:40:23] 237: SIN DATOS EN EL ÚLTIMO DÍA
[2026-09-26 20:40:23] 238: 3/4 variables -> HRa med 1h, Ll acu 1 h, Ta med 1h
[2026-09-26 20:40:24] 239: SIN DATOS EN EL ÚLTIMO DÍA
[2026-09-26 20:40:24] 240: 3/4 variables -> HRa med 1h, Ll acu 1 h, Ta med 1h
[2026-09-26 20:40:25] 241: 3/4 variables -> HRa med 1h, Ll acu 1 h, Ta med 1h
[2026-09-26 20:40:25] 242: 3/4 variables -> HRa med 1h, Ll acu 1 h, Ta med 1h
[2026-09-26 20:40:26] 243: 3/4 variables -> HRa med 1h, Ll acu 1 h, Ta med 1h
[2026-09-26 20:40:27] 244: SIN DATOS EN EL ÚLTIMO DÍA
[2026-09-26 20:40:27] 245: 3/4 variables -> HRa med 1h, Ll acu 1 h, Ta med 1h
[2026-09-26 20:40:28] 246: 3/4 variables -> HRa med 1h, Ll acu 1 h, Ta med 1h
[2026-09-26 20:40:28] 247: 3/4 variables -> HRa med 1h, Ll acu 1 h, Ta med 1h
[2026-09-26 20:40:28] 215: histórico actualizado -> 86 filas
[2026-09-26 20:40:28] 216: histórico actualizado -> 68 filas
[2026-09-26 20:40:29] 217: histórico actualizado -> 86 filas
[2026-09-26 20:40:29] 218: histórico actualizado -> 88 filas
[2026-09-26 20:40:29] 220: histórico actualizado -> 85 filas
[2026-09-26 20:40:29] 221: histórico actualizado -> 173 filas
[2026-09-26 20:40:29] 223: histórico actualizado -> 171 filas
[2026-09-26 20:40:29] 225: histórico actualizado -> 172 filas
[2026-09-26 20:40:29] 226: histórico actualizado -> 172 filas
[2026-09-26 20:40:29] 227: histórico actualizado -> 173 filas
[2026-09-26 20:40:29] 228: histórico actualizado -> 171 filas
[2026-09-26 20:40:29] 229: histórico actualizado -> 171 filas
[2026-09-26 20:40:29] 231: histórico actualizado -> 171 filas
[2026-09-26 20:40:29] 232: histórico actualizado -> 151 filas
[2026-09-26 20:40:29] 234: histórico actualizado -> 172 filas
[2026-09-26 20:40:29] 235: histórico actualizado -> 146 filas
[2026-09-26 20:40:29] 236: histórico actualizado -> 170 filas
[2026-09-26 20:40:29] 238: histórico actualizado -> 173 filas
[2026-09-26 20:40:29] 240: histórico actualizado -> 147 filas
[2026-09-26 20:40:29] 241: histórico actualizado -> 88 filas
[2026-09-26 20:40:29] 242: histórico actualizado -> 165 filas
[2026-09-26 20:40:30] 243: histórico actualizado -> 171 filas
[2026-09-26 20:40:30] 245: histórico actualizado -> 126 filas
[2026-09-26 20:40:30] 246: histórico actualizado -> 48 filas
[2026-09-26 20:40:30] 247: histórico actualizado -> 171 filas
[2026-09-26 20:40:30] Catálogo actualizado: 32 estaciones
[2026-09-26 20:40:30] FIN DEL PROCESO - 24.1 segundos
[2026-09-26 21:40:06] INICIO DEL PROCESO
[2026-09-26 21:40:06] Abriendo página de login...
[2026-09-26 21:40:06] Realizando login...
[2026-09-26 21:40:07] LOGIN OK -> https://polaris.adrtecnology.com/gis/map
[2026-09-26 21:40:07] Estaciones conservadas del catálogo histórico: 32
[2026-09-26 21:40:07] Estaciones obtenidas desde viewer: 20
[2026-09-26 21:40:09] Estaciones obtenidas directamente desde GIS: 32
[2026-09-26 21:40:09] 200: SIN DATOS EN EL ÚLTIMO DÍA
[2026-09-26 21:40:09] 215: 1/4 variables -> Ll acu 1 h
[2026-09-26 21:40:10] 216: 3/4 variables -> HRa med 1h, Ll acu 1 h, Ta med 1h
[2026-09-26 21:40:10] 217: 3/4 variables -> HRa med 1h, Ll acu 1 h, Ta med 1h
[2026-09-26 21:40:11] 218: 2/4 variables -> Ll acu 1 h, Ta med 1h
[2026-09-26 21:40:11] 220: 1/4 variables -> PP Acc (1h)
[2026-09-26 21:40:12] 221: 3/4 variables -> HRa med 1h, Ll acu 1 h, Ta med 1h
[2026-09-26 21:40:13] 223: 3/4 variables -> HRa med 1h, Ll acu 1 h, Ta med 1h
[2026-09-26 21:40:13] 224: SIN DATOS EN EL ÚLTIMO DÍA
[2026-09-26 21:40:14] 225: 3/4 variables -> HRa med 1h, Ll acu 1 h, Ta med 1h
[2026-09-26 21:40:14] 226: 3/4 variables -> HRa med 1h, Ll acu 1 h, Ta med 1h
[2026-09-26 21:40:15] 227: 3/4 variables -> HRa med 1h, Ll acu 1 h, Ta med 1h
[2026-09-26 21:40:15] 228: 3/4 variables -> HRa med 1h, Ll acu 1 h, Ta med 1h
[2026-09-26 21:40:16] 229: 3/4 variables -> HRa med 1h, Ll acu 1 h, Ta med 1h
[2026-09-26 21:40:16] 230: SIN DATOS EN EL ÚLTIMO DÍA
[2026-09-26 21:40:17] 231: 3/4 variables -> HRa med 1h, Ll acu 1 h, Ta med 1h
[2026-09-26 21:40:17] 232: 3/4 variables -> HRa med 1h, Ll acu 1 h, Ta med 1h
[2026-09-26 21:40:18] 233: SIN DATOS EN EL ÚLTIMO DÍA
[2026-09-26 21:40:18] 234: 3/4 variables -> HRa med 1h, Ll acu 1 h, Ta med 1h
[2026-09-26 21:40:19] 235: 3/4 variables -> HRa med 1h, Ll acu 1 h, Ta med 1h
[2026-09-26 21:40:19] 236: 3/4 variables -> HRa med 1h, Ll acu 1 h, Ta med 1h
[2026-09-26 21:40:20] 237: SIN DATOS EN EL ÚLTIMO DÍA
[2026-09-26 21:40:20] 238: 3/4 variables -> HRa med 1h, Ll acu 1 h, Ta med 1h
[2026-09-26 21:40:21] 239: SIN DATOS EN EL ÚLTIMO DÍA
[2026-09-26 21:40:22] 240: 3/4 variables -> HRa med 1h, Ll acu 1 h, Ta med 1h
[2026-09-26 21:40:22] 241: 3/4 variables -> HRa med 1h, Ll acu 1 h, Ta med 1h
[2026-09-26 21:40:23] 242: 3/4 variables -> HRa med 1h, Ll acu 1 h, Ta med 1h
[2026-09-26 21:40:23] 243: 3/4 variables -> HRa med 1h, Ll acu 1 h, Ta med 1h
[2026-09-26 21:40:24] 244: 3/4 variables -> HRa med 1h, Ll acu 1 h, Ta med 1h
[2026-09-26 21:40:24] 245: 3/4 variables -> HRa med 1h, Ll acu 1 h, Ta med 1h
[2026-09-26 21:40:25] 246: 3/4 variables -> HRa med 1h, Ll acu 1 h, Ta med 1h
[2026-09-26 21:40:25] 247: 3/4 variables -> HRa med 1h, Ll acu 1 h, Ta med 1h
[2026-09-26 21:40:26] 215: histórico actualizado -> 87 filas
[2026-09-26 21:40:26] 216: histórico actualizado -> 69 filas
[2026-09-26 21:40:26] 217: histórico actualizado -> 87 filas
[2026-09-26 21:40:26] 218: histórico actualizado -> 89 filas
[2026-09-26 21:40:26] 220: histórico actualizado -> 86 filas
[2026-09-26 21:40:26] 221: histórico actualizado -> 175 filas
[2026-09-26 21:40:26] 223: histórico actualizado -> 173 filas
[2026-09-26 21:40:26] 225: histórico actualizado -> 174 filas
[2026-09-26 21:40:26] 226: histórico actualizado -> 174 filas
[2026-09-26 21:40:26] 227: histórico actualizado -> 175 filas
[2026-09-26 21:40:26] 228: histórico actualizado -> 173 filas
[2026-09-26 21:40:26] 229: histórico actualizado -> 173 filas
[2026-09-26 21:40:26] 231: histórico actualizado -> 173 filas
[2026-09-26 21:40:26] 232: histórico actualizado -> 153 filas
[2026-09-26 21:40:26] 234: histórico actualizado -> 174 filas
[2026-09-26 21:40:26] 235: histórico actualizado -> 148 filas
[2026-09-26 21:40:26] 236: histórico actualizado -> 172 filas
[2026-09-26 21:40:26] 238: histórico actualizado -> 175 filas
[2026-09-26 21:40:26] 240: histórico actualizado -> 149 filas
[2026-09-26 21:40:26] 241: histórico actualizado -> 90 filas
[2026-09-26 21:40:26] 242: histórico actualizado -> 166 filas
[2026-09-26 21:40:27] 243: histórico actualizado -> 173 filas
[2026-09-26 21:40:27] 244: histórico actualizado -> 57 filas
[2026-09-26 21:40:27] 245: histórico actualizado -> 128 filas
[2026-09-26 21:40:27] 246: histórico actualizado -> 50 filas
[2026-09-26 21:40:27] 247: histórico actualizado -> 173 filas
[2026-09-26 21:40:27] Catálogo actualizado: 32 estaciones
[2026-09-26 21:40:27] FIN DEL PROCESO - 20.9 segundos
[2026-09-26 22:40:05] INICIO DEL PROCESO
[2026-09-26 22:40:05] Abriendo página de login...
[2026-09-26 22:40:05] Realizando login...
[2026-09-26 22:40:06] LOGIN OK -> https://polaris.adrtecnology.com/gis/map
[2026-09-26 22:40:06] Estaciones conservadas del catálogo histórico: 32
[2026-09-26 22:40:06] Estaciones obtenidas desde viewer: 20
[2026-09-26 22:40:08] Estaciones obtenidas directamente desde GIS: 32
[2026-09-26 22:40:08] 200: SIN DATOS EN EL ÚLTIMO DÍA
[2026-09-26 22:40:08] 215: 1/4 variables -> Ll acu 1 h
[2026-09-26 22:40:09] 216: 3/4 variables -> HRa med 1h, Ll acu 1 h, Ta med 1h
[2026-09-26 22:40:09] 217: 3/4 variables -> HRa med 1h, Ll acu 1 h, Ta med 1h
[2026-09-26 22:40:10] 218: 2/4 variables -> Ll acu 1 h, Ta med 1h
[2026-09-26 22:40:11] 220: 1/4 variables -> PP Acc (1h)
[2026-09-26 22:40:11] 221: 3/4 variables -> HRa med 1h, Ll acu 1 h, Ta med 1h
[2026-09-26 22:40:12] 223: 3/4 variables -> HRa med 1h, Ll acu 1 h, Ta med 1h
[2026-09-26 22:40:12] 224: SIN DATOS EN EL ÚLTIMO DÍA
[2026-09-26 22:40:13] 225: 3/4 variables -> HRa med 1h, Ll acu 1 h, Ta med 1h
[2026-09-26 22:40:14] 226: 3/4 variables -> HRa med 1h, Ll acu 1 h, Ta med 1h
[2026-09-26 22:40:14] 227: 3/4 variables -> HRa med 1h, Ll acu 1 h, Ta med 1h
[2026-09-26 22:40:15] 228: 3/4 variables -> HRa med 1h, Ll acu 1 h, Ta med 1h
[2026-09-26 22:40:15] 229: 3/4 variables -> HRa med 1h, Ll acu 1 h, Ta med 1h
[2026-09-26 22:40:16] 230: SIN DATOS EN EL ÚLTIMO DÍA
[2026-09-26 22:40:16] 231: 3/4 variables -> HRa med 1h, Ll acu 1 h, Ta med 1h
[2026-09-26 22:40:17] 232: 3/4 variables -> HRa med 1h, Ll acu 1 h, Ta med 1h
[2026-09-26 22:40:17] 233: SIN DATOS EN EL ÚLTIMO DÍA
[2026-09-26 22:40:18] 234: 3/4 variables -> HRa med 1h, Ll acu 1 h, Ta med 1h
[2026-09-26 22:40:18] 235: 3/4 variables -> HRa med 1h, Ll acu 1 h, Ta med 1h
[2026-09-26 22:40:19] 236: 3/4 variables -> HRa med 1h, Ll acu 1 h, Ta med 1h
[2026-09-26 22:40:19] 237: SIN DATOS EN EL ÚLTIMO DÍA
[2026-09-26 22:40:20] 238: 3/4 variables -> HRa med 1h, Ll acu 1 h, Ta med 1h
[2026-09-26 22:40:20] 239: SIN DATOS EN EL ÚLTIMO DÍA
[2026-09-26 22:40:21] 240: 3/4 variables -> HRa med 1h, Ll acu 1 h, Ta med 1h
[2026-09-26 22:40:22] 241: 3/4 variables -> HRa med 1h, Ll acu 1 h, Ta med 1h
[2026-09-26 22:40:22] 242: 3/4 variables -> HRa med 1h, Ll acu 1 h, Ta med 1h
[2026-09-26 22:40:23] 243: 3/4 variables -> HRa med 1h, Ll acu 1 h, Ta med 1h
[2026-09-26 22:40:23] 244: 3/4 variables -> HRa med 1h, Ll acu 1 h, Ta med 1h
[2026-09-26 22:40:24] 245: 3/4 variables -> HRa med 1h, Ll acu 1 h, Ta med 1h
[2026-09-26 22:40:24] 246: 3/4 variables -> HRa med 1h, Ll acu 1 h, Ta med 1h
[2026-09-26 22:40:25] 247: 3/4 variables -> HRa med 1h, Ll acu 1 h, Ta med 1h
[2026-09-26 22:40:25] 215: histórico actualizado -> 88 filas
[2026-09-26 22:40:25] 216: histórico actualizado -> 70 filas
[2026-09-26 22:40:25] 217: histórico actualizado -> 88 filas
[2026-09-26 22:40:25] 218: histórico actualizado -> 90 filas
[2026-09-26 22:40:25] 220: histórico actualizado -> 87 filas
[2026-09-26 22:40:25] 221: histórico actualizado -> 177 filas
[2026-09-26 22:40:25] 223: histórico actualizado -> 175 filas
[2026-09-26 22:40:25] 225: histórico actualizado -> 176 filas
[2026-09-26 22:40:25] 226: histórico actualizado -> 176 filas
[2026-09-26 22:40:25] 227: histórico actualizado -> 177 filas
[2026-09-26 22:40:25] 228: histórico actualizado -> 175 filas
[2026-09-26 22:40:26] 229: histórico actualizado -> 175 filas
[2026-09-26 22:40:26] 231: histórico actualizado -> 175 filas
[2026-09-26 22:40:26] 232: histórico actualizado -> 155 filas
[2026-09-26 22:40:26] 234: histórico actualizado -> 176 filas
[2026-09-26 22:40:26] 235: histórico actualizado -> 150 filas
[2026-09-26 22:40:26] 236: histórico actualizado -> 174 filas
[2026-09-26 22:40:26] 238: histórico actualizado -> 177 filas
[2026-09-26 22:40:26] 240: histórico actualizado -> 151 filas
[2026-09-26 22:40:26] 241: histórico actualizado -> 91 filas
[2026-09-26 22:40:26] 242: histórico actualizado -> 166 filas
[2026-09-26 22:40:26] 243: histórico actualizado -> 175 filas
[2026-09-26 22:40:26] 244: histórico actualizado -> 59 filas
[2026-09-26 22:40:26] 245: histórico actualizado -> 130 filas
[2026-09-26 22:40:26] 246: histórico actualizado -> 52 filas
[2026-09-26 22:40:26] 247: histórico actualizado -> 175 filas
[2026-09-26 22:40:26] Catálogo actualizado: 32 estaciones
[2026-09-26 22:40:26] FIN DEL PROCESO - 21.4 segundos
[2026-09-26 23:40:04] INICIO DEL PROCESO
[2026-09-26 23:40:04] Abriendo página de login...
[2026-09-26 23:40:05] Realizando login...
[2026-09-26 23:40:05] LOGIN OK -> https://polaris.adrtecnology.com/gis/map
[2026-09-26 23:40:05] Estaciones conservadas del catálogo histórico: 32
[2026-09-26 23:40:06] Estaciones obtenidas desde viewer: 20
[2026-09-26 23:40:07] Estaciones obtenidas directamente desde GIS: 32
[2026-09-26 23:40:08] 200: SIN DATOS EN EL ÚLTIMO DÍA
[2026-09-26 23:40:08] 215: 1/4 variables -> Ll acu 1 h
[2026-09-26 23:40:09] 216: 3/4 variables -> HRa med 1h, Ll acu 1 h, Ta med 1h
[2026-09-26 23:40:09] 217: 3/4 variables -> HRa med 1h, Ll acu 1 h, Ta med 1h
[2026-09-26 23:40:10] 218: 2/4 variables -> Ll acu 1 h, Ta med 1h
[2026-09-26 23:40:10] 220: 1/4 variables -> PP Acc (1h)
[2026-09-26 23:40:11] 221: 3/4 variables -> HRa med 1h, Ll acu 1 h, Ta med 1h
[2026-09-26 23:40:11] 223: 3/4 variables -> HRa med 1h, Ll acu 1 h, Ta med 1h
[2026-09-26 23:40:12] 224: SIN DATOS EN EL ÚLTIMO DÍA
[2026-09-26 23:40:12] 225: 3/4 variables -> HRa med 1h, Ll acu 1 h, Ta med 1h
[2026-09-26 23:40:13] 226: 3/4 variables -> HRa med 1h, Ll acu 1 h, Ta med 1h
[2026-09-26 23:40:13] 227: 3/4 variables -> HRa med 1h, Ll acu 1 h, Ta med 1h
[2026-09-26 23:40:14] 228: 3/4 variables -> HRa med 1h, Ll acu 1 h, Ta med 1h
[2026-09-26 23:40:14] 229: 3/4 variables -> HRa med 1h, Ll acu 1 h, Ta med 1h
[2026-09-26 23:40:15] 230: SIN DATOS EN EL ÚLTIMO DÍA
[2026-09-26 23:40:16] 231: 3/4 variables -> HRa med 1h, Ll acu 1 h, Ta med 1h
[2026-09-26 23:40:16] 232: 3/4 variables -> HRa med 1h, Ll acu 1 h, Ta med 1h
[2026-09-26 23:40:17] 233: SIN DATOS EN EL ÚLTIMO DÍA
[2026-09-26 23:40:17] 234: 3/4 variables -> HRa med 1h, Ll acu 1 h, Ta med 1h
[2026-09-26 23:40:18] 235: 3/4 variables -> HRa med 1h, Ll acu 1 h, Ta med 1h
[2026-09-26 23:40:18] 236: 3/4 variables -> HRa med 1h, Ll acu 1 h, Ta med 1h
[2026-09-26 23:40:19] 237: SIN DATOS EN EL ÚLTIMO DÍA
[2026-09-26 23:40:19] 238: 3/4 variables -> HRa med 1h, Ll acu 1 h, Ta med 1h
[2026-09-26 23:40:20] 239: SIN DATOS EN EL ÚLTIMO DÍA
[2026-09-26 23:40:20] 240: 3/4 variables -> HRa med 1h, Ll acu 1 h, Ta med 1h
[2026-09-26 23:40:21] 241: 3/4 variables -> HRa med 1h, Ll acu 1 h, Ta med 1h
[2026-09-26 23:40:22] 242: 3/4 variables -> HRa med 1h, Ll acu 1 h, Ta med 1h
[2026-09-26 23:40:22] 243: 3/4 variables -> HRa med 1h, Ll acu 1 h, Ta med 1h
[2026-09-26 23:40:23] 244: 3/4 variables -> HRa med 1h, Ll acu 1 h, Ta med 1h
[2026-09-26 23:40:23] 245: 3/4 variables -> HRa med 1h, Ll acu 1 h, Ta med 1h
[2026-09-26 23:40:24] 246: 3/4 variables -> HRa med 1h, Ll acu 1 h, Ta med 1h
[2026-09-26 23:40:24] 247: 3/4 variables -> HRa med 1h, Ll acu 1 h, Ta med 1h
[2026-09-26 23:40:25] 215: histórico actualizado -> 89 filas
[2026-09-26 23:40:25] 216: histórico actualizado -> 71 filas
[2026-09-26 23:40:25] 217: histórico actualizado -> 89 filas
[2026-09-26 23:40:25] 218: histórico actualizado -> 91 filas
[2026-09-26 23:40:25] 220: histórico actualizado -> 88 filas
[2026-09-26 23:40:25] 221: histórico actualizado -> 179 filas
[2026-09-26 23:40:25] 223: histórico actualizado -> 177 filas
[2026-09-26 23:40:25] 225: histórico actualizado -> 178 filas
[2026-09-26 23:40:25] 226: histórico actualizado -> 178 filas
[2026-09-26 23:40:25] 227: histórico actualizado -> 179 filas
[2026-09-26 23:40:25] 228: histórico actualizado -> 177 filas
[2026-09-26 23:40:25] 229: histórico actualizado -> 177 filas
[2026-09-26 23:40:25] 231: histórico actualizado -> 177 filas
[2026-09-26 23:40:25] 232: histórico actualizado -> 157 filas
[2026-09-26 23:40:25] 234: histórico actualizado -> 178 filas
[2026-09-26 23:40:25] 235: histórico actualizado -> 152 filas
[2026-09-26 23:40:25] 236: histórico actualizado -> 176 filas
[2026-09-26 23:40:26] 238: histórico actualizado -> 179 filas
[2026-09-26 23:40:26] 240: histórico actualizado -> 153 filas
[2026-09-26 23:40:26] 241: histórico actualizado -> 91 filas
[2026-09-26 23:40:26] 242: histórico actualizado -> 166 filas
[2026-09-26 23:40:26] 243: histórico actualizado -> 177 filas
[2026-09-26 23:40:26] 244: histórico actualizado -> 61 filas
[2026-09-26 23:40:26] 245: histórico actualizado -> 132 filas
[2026-09-26 23:40:26] 246: histórico actualizado -> 53 filas
[2026-09-26 23:40:26] 247: histórico actualizado -> 177 filas
[2026-09-26 23:40:26] Catálogo actualizado: 32 estaciones
[2026-09-26 23:40:26] FIN DEL PROCESO - 21.9 segundos
[2026-09-27 00:40:04] INICIO DEL PROCESO
[2026-09-27 00:40:04] Abriendo página de login...
[2026-09-27 00:40:05] Realizando login...
[2026-09-27 00:40:05] LOGIN OK -> https://polaris.adrtecnology.com/gis/map
[2026-09-27 00:40:05] Estaciones conservadas del catálogo histórico: 32
[2026-09-27 00:40:06] Estaciones obtenidas desde viewer: 20
[2026-09-27 00:40:07] Estaciones obtenidas directamente desde GIS: 32
[2026-09-27 00:40:08] 200: SIN DATOS EN EL ÚLTIMO DÍA
[2026-09-27 00:40:08] 215: 1/4 variables -> Ll acu 1 h
[2026-09-27 00:40:09] 216: 3/4 variables -> HRa med 1h, Ll acu 1 h, Ta med 1h
[2026-09-27 00:40:09] 217: 3/4 variables -> HRa med 1h, Ll acu 1 h, Ta med 1h
[2026-09-27 00:40:10] 218: 2/4 variables -> Ll acu 1 h, Ta med 1h
[2026-09-27 00:40:10] 220: 1/4 variables -> PP Acc (1h)
[2026-09-27 00:40:11] 221: 3/4 variables -> HRa med 1h, Ll acu 1 h, Ta med 1h
[2026-09-27 00:40:11] 223: 3/4 variables -> HRa med 1h, Ll acu 1 h, Ta med 1h
[2026-09-27 00:40:12] 224: SIN DATOS EN EL ÚLTIMO DÍA
[2026-09-27 00:40:12] 225: 3/4 variables -> HRa med 1h, Ll acu 1 h, Ta med 1h
[2026-09-27 00:40:13] 226: 3/4 variables -> HRa med 1h, Ll acu 1 h, Ta med 1h
[2026-09-27 00:40:13] 227: 3/4 variables -> HRa med 1h, Ll acu 1 h, Ta med 1h
[2026-09-27 00:40:14] 228: 3/4 variables -> HRa med 1h, Ll acu 1 h, Ta med 1h
[2026-09-27 00:40:15] 229: 3/4 variables -> HRa med 1h, Ll acu 1 h, Ta med 1h
[2026-09-27 00:40:15] 230: SIN DATOS EN EL ÚLTIMO DÍA
[2026-09-27 00:40:16] 231: 3/4 variables -> HRa med 1h, Ll acu 1 h, Ta med 1h
[2026-09-27 00:40:16] 232: 3/4 variables -> HRa med 1h, Ll acu 1 h, Ta med 1h
[2026-09-27 00:40:17] 233: SIN DATOS EN EL ÚLTIMO DÍA
[2026-09-27 00:40:17] 234: 3/4 variables -> HRa med 1h, Ll acu 1 h, Ta med 1h
[2026-09-27 00:40:18] 235: 3/4 variables -> HRa med 1h, Ll acu 1 h, Ta med 1h
[2026-09-27 00:40:18] 236: 3/4 variables -> HRa med 1h, Ll acu 1 h, Ta med 1h
[2026-09-27 00:40:19] 237: SIN DATOS EN EL ÚLTIMO DÍA
[2026-09-27 00:40:20] 238: 3/4 variables -> HRa med 1h, Ll acu 1 h, Ta med 1h
[2026-09-27 00:40:20] 239: SIN DATOS EN EL ÚLTIMO DÍA
[2026-09-27 00:40:21] 240: 3/4 variables -> HRa med 1h, Ll acu 1 h, Ta med 1h
[2026-09-27 00:40:21] 241: 3/4 variables -> HRa med 1h, Ll acu 1 h, Ta med 1h
[2026-09-27 00:40:22] 242: 3/4 variables -> HRa med 1h, Ll acu 1 h, Ta med 1h
[2026-09-27 00:40:22] 243: 3/4 variables -> HRa med 1h, Ll acu 1 h, Ta med 1h
[2026-09-27 00:40:23] 244: 3/4 variables -> HRa med 1h, Ll acu 1 h, Ta med 1h
[2026-09-27 00:40:23] 245: 3/4 variables -> HRa med 1h, Ll acu 1 h, Ta med 1h
[2026-09-27 00:40:24] 246: 3/4 variables -> HRa med 1h, Ll acu 1 h, Ta med 1h
[2026-09-27 00:40:24] 247: 3/4 variables -> HRa med 1h, Ll acu 1 h, Ta med 1h
[2026-09-27 00:40:25] 215: histórico actualizado -> 90 filas
[2026-09-27 00:40:25] 216: histórico actualizado -> 71 filas
[2026-09-27 00:40:25] 217: histórico actualizado -> 90 filas
[2026-09-27 00:40:25] 218: histórico actualizado -> 92 filas
[2026-09-27 00:40:25] 220: histórico actualizado -> 89 filas
[2026-09-27 00:40:25] 221: histórico actualizado -> 181 filas
[2026-09-27 00:40:25] 223: histórico actualizado -> 179 filas
[2026-09-27 00:40:25] 225: histórico actualizado -> 180 filas
[2026-09-27 00:40:25] 226: histórico actualizado -> 180 filas
[2026-09-27 00:40:25] 227: histórico actualizado -> 181 filas
[2026-09-27 00:40:25] 228: histórico actualizado -> 179 filas
[2026-09-27 00:40:25] 229: histórico actualizado -> 179 filas
[2026-09-27 00:40:25] 231: histórico actualizado -> 179 filas
[2026-09-27 00:40:25] 232: histórico actualizado -> 159 filas
[2026-09-27 00:40:25] 234: histórico actualizado -> 180 filas
[2026-09-27 00:40:25] 235: histórico actualizado -> 154 filas
[2026-09-27 00:40:26] 236: histórico actualizado -> 178 filas
[2026-09-27 00:40:26] 238: histórico actualizado -> 181 filas
[2026-09-27 00:40:26] 240: histórico actualizado -> 155 filas
[2026-09-27 00:40:26] 241: histórico actualizado -> 91 filas
[2026-09-27 00:40:26] 242: histórico actualizado -> 166 filas
[2026-09-27 00:40:26] 243: histórico actualizado -> 179 filas
[2026-09-27 00:40:26] 244: histórico actualizado -> 63 filas
[2026-09-27 00:40:26] 245: histórico actualizado -> 134 filas
[2026-09-27 00:40:26] 246: histórico actualizado -> 53 filas
[2026-09-27 00:40:26] 247: histórico actualizado -> 178 filas
[2026-09-27 00:40:26] Catálogo actualizado: 32 estaciones
[2026-09-27 00:40:26] FIN DEL PROCESO - 21.9 segundos
[2026-09-27 01:40:04] INICIO DEL PROCESO
[2026-09-27 01:40:04] Abriendo página de login...
[2026-09-27 01:40:05] Realizando login...
[2026-09-27 01:40:05] LOGIN OK -> https://polaris.adrtecnology.com/gis/map
[2026-09-27 01:40:05] Estaciones conservadas del catálogo histórico: 32
[2026-09-27 01:40:05] Estaciones obtenidas desde viewer: 20
[2026-09-27 01:40:07] Estaciones obtenidas directamente desde GIS: 32
[2026-09-27 01:40:07] 200: SIN DATOS EN EL ÚLTIMO DÍA
[2026-09-27 01:40:08] 215: 1/4 variables -> Ll acu 1 h
[2026-09-27 01:40:08] 216: 3/4 variables -> HRa med 1h, Ll acu 1 h, Ta med 1h
[2026-09-27 01:40:09] 217: 3/4 variables -> HRa med 1h, Ll acu 1 h, Ta med 1h
[2026-09-27 01:40:09] 218: 2/4 variables -> Ll acu 1 h, Ta med 1h
[2026-09-27 01:40:10] 220: 1/4 variables -> PP Acc (1h)
[2026-09-27 01:40:10] 221: 3/4 variables -> HRa med 1h, Ll acu 1 h, Ta med 1h
[2026-09-27 01:40:11] 223: 3/4 variables -> HRa med 1h, Ll acu 1 h, Ta med 1h
[2026-09-27 01:40:11] 224: SIN DATOS EN EL ÚLTIMO DÍA
[2026-09-27 01:40:12] 225: 3/4 variables -> HRa med 1h, Ll acu 1 h, Ta med 1h
[2026-09-27 01:40:13] 226: 3/4 variables -> HRa med 1h, Ll acu 1 h, Ta med 1h
[2026-09-27 01:40:13] 227: 3/4 variables -> HRa med 1h, Ll acu 1 h, Ta med 1h
[2026-09-27 01:40:14] 228: 3/4 variables -> HRa med 1h, Ll acu 1 h, Ta med 1h
[2026-09-27 01:40:14] 229: 3/4 variables -> HRa med 1h, Ll acu 1 h, Ta med 1h
[2026-09-27 01:40:15] 230: SIN DATOS EN EL ÚLTIMO DÍA
[2026-09-27 01:40:15] 231: 3/4 variables -> HRa med 1h, Ll acu 1 h, Ta med 1h
[2026-09-27 01:40:16] 232: 3/4 variables -> HRa med 1h, Ll acu 1 h, Ta med 1h
[2026-09-27 01:40:16] 233: SIN DATOS EN EL ÚLTIMO DÍA
[2026-09-27 01:40:17] 234: 3/4 variables -> HRa med 1h, Ll acu 1 h, Ta med 1h
[2026-09-27 01:40:17] 235: 3/4 variables -> HRa med 1h, Ll acu 1 h, Ta med 1h
[2026-09-27 01:40:18] 236: 3/4 variables -> HRa med 1h, Ll acu 1 h, Ta med 1h
[2026-09-27 01:40:19] 237: SIN DATOS EN EL ÚLTIMO DÍA
[2026-09-27 01:40:19] 238: 3/4 variables -> HRa med 1h, Ll acu 1 h, Ta med 1h
[2026-09-27 01:40:20] 239: SIN DATOS EN EL ÚLTIMO DÍA
[2026-09-27 01:40:20] 240: 3/4 variables -> HRa med 1h, Ll acu 1 h, Ta med 1h
[2026-09-27 01:40:21] 241: 3/4 variables -> HRa med 1h, Ll acu 1 h, Ta med 1h
[2026-09-27 01:40:21] 242: 3/4 variables -> HRa med 1h, Ll acu 1 h, Ta med 1h
[2026-09-27 01:40:22] 243: 3/4 variables -> HRa med 1h, Ll acu 1 h, Ta med 1h
[2026-09-27 01:40:22] 244: 3/4 variables -> HRa med 1h, Ll acu 1 h, Ta med 1h
[2026-09-27 01:40:23] 245: 3/4 variables -> HRa med 1h, Ll acu 1 h, Ta med 1h
[2026-09-27 01:40:23] 246: 3/4 variables -> HRa med 1h, Ll acu 1 h, Ta med 1h
[2026-09-27 01:40:24] 247: 3/4 variables -> HRa med 1h, Ll acu 1 h, Ta med 1h
[2026-09-27 01:40:24] 215: histórico actualizado -> 91 filas
[2026-09-27 01:40:24] 216: histórico actualizado -> 71 filas
[2026-09-27 01:40:24] 217: histórico actualizado -> 91 filas
[2026-09-27 01:40:24] 218: histórico actualizado -> 93 filas
[2026-09-27 01:40:24] 220: histórico actualizado -> 90 filas
[2026-09-27 01:40:25] 221: histórico actualizado -> 183 filas
[2026-09-27 01:40:25] 223: histórico actualizado -> 181 filas
[2026-09-27 01:40:25] 225: histórico actualizado -> 182 filas
[2026-09-27 01:40:25] 226: histórico actualizado -> 182 filas
[2026-09-27 01:40:25] 227: histórico actualizado -> 183 filas
[2026-09-27 01:40:25] 228: histórico actualizado -> 181 filas
[2026-09-27 01:40:25] 229: histórico actualizado -> 181 filas
[2026-09-27 01:40:25] 231: histórico actualizado -> 181 filas
[2026-09-27 01:40:25] 232: histórico actualizado -> 161 filas
[2026-09-27 01:40:25] 234: histórico actualizado -> 182 filas
[2026-09-27 01:40:25] 235: histórico actualizado -> 156 filas
[2026-09-27 01:40:25] 236: histórico actualizado -> 180 filas
[2026-09-27 01:40:25] 238: histórico actualizado -> 183 filas
[2026-09-27 01:40:25] 240: histórico actualizado -> 157 filas
[2026-09-27 01:40:25] 241: histórico actualizado -> 91 filas
[2026-09-27 01:40:25] 242: histórico actualizado -> 166 filas
[2026-09-27 01:40:25] 243: histórico actualizado -> 181 filas
[2026-09-27 01:40:25] 244: histórico actualizado -> 65 filas
[2026-09-27 01:40:25] 245: histórico actualizado -> 136 filas
[2026-09-27 01:40:25] 246: histórico actualizado -> 53 filas
[2026-09-27 01:40:25] 247: histórico actualizado -> 178 filas
[2026-09-27 01:40:25] Catálogo actualizado: 32 estaciones
[2026-09-27 01:40:25] FIN DEL PROCESO - 21.3 segundos
[2026-09-27 02:40:04] INICIO DEL PROCESO
[2026-09-27 02:40:04] Abriendo página de login...
[2026-09-27 02:40:04] Realizando login...
[2026-09-27 02:40:05] LOGIN OK -> https://polaris.adrtecnology.com/gis/map
[2026-09-27 02:40:05] Estaciones conservadas del catálogo histórico: 32
[2026-09-27 02:40:06] Estaciones obtenidas desde viewer: 20
[2026-09-27 02:40:07] Estaciones obtenidas directamente desde GIS: 32
[2026-09-27 02:40:08] 200: SIN DATOS EN EL ÚLTIMO DÍA
[2026-09-27 02:40:08] 215: 1/4 variables -> Ll acu 1 h
[2026-09-27 02:40:09] 216: 3/4 variables -> HRa med 1h, Ll acu 1 h, Ta med 1h
[2026-09-27 02:40:09] 217: 3/4 variables -> HRa med 1h, Ll acu 1 h, Ta med 1h
[2026-09-27 02:40:10] 218: 2/4 variables -> Ll acu 1 h, Ta med 1h
[2026-09-27 02:40:11] 220: 1/4 variables -> PP Acc (1h)
[2026-09-27 02:40:11] 221: 3/4 variables -> HRa med 1h, Ll acu 1 h, Ta med 1h
[2026-09-27 02:40:12] 223: 3/4 variables -> HRa med 1h, Ll acu 1 h, Ta med 1h
[2026-09-27 02:40:12] 224: SIN DATOS EN EL ÚLTIMO DÍA
[2026-09-27 02:40:13] 225: 3/4 variables -> HRa med 1h, Ll acu 1 h, Ta med 1h
[2026-09-27 02:40:13] 226: 3/4 variables -> HRa med 1h, Ll acu 1 h, Ta med 1h
[2026-09-27 02:40:14] 227: 3/4 variables -> HRa med 1h, Ll acu 1 h, Ta med 1h
[2026-09-27 02:40:15] 228: 3/4 variables -> HRa med 1h, Ll acu 1 h, Ta med 1h
[2026-09-27 02:40:15] 229: 3/4 variables -> HRa med 1h, Ll acu 1 h, Ta med 1h
[2026-09-27 02:40:16] 230: SIN DATOS EN EL ÚLTIMO DÍA
[2026-09-27 02:40:16] 231: 3/4 variables -> HRa med 1h, Ll acu 1 h, Ta med 1h
[2026-09-27 02:40:17] 232: 3/4 variables -> HRa med 1h, Ll acu 1 h, Ta med 1h
[2026-09-27 02:40:17] 233: SIN DATOS EN EL ÚLTIMO DÍA
[2026-09-27 02:40:18] 234: 3/4 variables -> HRa med 1h, Ll acu 1 h, Ta med 1h
[2026-09-27 02:40:18] 235: 3/4 variables -> HRa med 1h, Ll acu 1 h, Ta med 1h
[2026-09-27 02:40:19] 236: 3/4 variables -> HRa med 1h, Ll acu 1 h, Ta med 1h
[2026-09-27 02:40:20] 237: SIN DATOS EN EL ÚLTIMO DÍA
[2026-09-27 02:40:20] 238: 3/4 variables -> HRa med 1h, Ll acu 1 h, Ta med 1h
[2026-09-27 02:40:21] 239: SIN DATOS EN EL ÚLTIMO DÍA
[2026-09-27 02:40:21] 240: 3/4 variables -> HRa med 1h, Ll acu 1 h, Ta med 1h
[2026-09-27 02:40:22] 241: 3/4 variables -> HRa med 1h, Ll acu 1 h, Ta med 1h
[2026-09-27 02:40:22] 242: 3/4 variables -> HRa med 1h, Ll acu 1 h, Ta med 1h
[2026-09-27 02:40:23] 243: 3/4 variables -> HRa med 1h, Ll acu 1 h, Ta med 1h
[2026-09-27 02:40:23] 244: 3/4 variables -> HRa med 1h, Ll acu 1 h, Ta med 1h
[2026-09-27 02:40:24] 245: 3/4 variables -> HRa med 1h, Ll acu 1 h, Ta med 1h
[2026-09-27 02:40:24] 246: 3/4 variables -> HRa med 1h, Ll acu 1 h, Ta med 1h
[2026-09-27 02:40:25] 247: 3/4 variables -> HRa med 1h, Ll acu 1 h, Ta med 1h
[2026-09-27 02:40:25] 215: histórico actualizado -> 92 filas
[2026-09-27 02:40:25] 216: histórico actualizado -> 71 filas
[2026-09-27 02:40:25] 217: histórico actualizado -> 92 filas
[2026-09-27 02:40:25] 218: histórico actualizado -> 94 filas
[2026-09-27 02:40:25] 220: histórico actualizado -> 91 filas
[2026-09-27 02:40:25] 221: histórico actualizado -> 185 filas
[2026-09-27 02:40:25] 223: histórico actualizado -> 183 filas
[2026-09-27 02:40:26] 225: histórico actualizado -> 184 filas
[2026-09-27 02:40:26] 226: histórico actualizado -> 184 filas
[2026-09-27 02:40:26] 227: histórico actualizado -> 185 filas
[2026-09-27 02:40:26] 228: histórico actualizado -> 183 filas
[2026-09-27 02:40:26] 229: histórico actualizado -> 183 filas
[2026-09-27 02:40:26] 231: histórico actualizado -> 183 filas
[2026-09-27 02:40:26] 232: histórico actualizado -> 163 filas
[2026-09-27 02:40:26] 234: histórico actualizado -> 184 filas
[2026-09-27 02:40:26] 235: histórico actualizado -> 158 filas
[2026-09-27 02:40:26] 236: histórico actualizado -> 182 filas
[2026-09-27 02:40:26] 238: histórico actualizado -> 185 filas
[2026-09-27 02:40:26] 240: histórico actualizado -> 158 filas
[2026-09-27 02:40:26] 241: histórico actualizado -> 93 filas
[2026-09-27 02:40:26] 242: histórico actualizado -> 166 filas
[2026-09-27 02:40:26] 243: histórico actualizado -> 183 filas
[2026-09-27 02:40:26] 244: histórico actualizado -> 67 filas
[2026-09-27 02:40:26] 245: histórico actualizado -> 138 filas
[2026-09-27 02:40:26] 246: histórico actualizado -> 53 filas
[2026-09-27 02:40:26] 247: histórico actualizado -> 178 filas
[2026-09-27 02:40:26] Catálogo actualizado: 32 estaciones
[2026-09-27 02:40:26] FIN DEL PROCESO - 22.4 segundos
[2026-09-27 03:40:05] INICIO DEL PROCESO
[2026-09-27 03:40:05] Abriendo página de login...
[2026-09-27 03:40:06] Realizando login...
[2026-09-27 03:40:06] LOGIN OK -> https://polaris.adrtecnology.com/gis/map
[2026-09-27 03:40:06] Estaciones conservadas del catálogo histórico: 32
[2026-09-27 03:40:06] Estaciones obtenidas desde viewer: 20
[2026-09-27 03:40:08] Estaciones obtenidas directamente desde GIS: 32
[2026-09-27 03:40:08] 200: SIN DATOS EN EL ÚLTIMO DÍA
[2026-09-27 03:40:09] 215: 1/4 variables -> Ll acu 1 h
[2026-09-27 03:40:09] 216: 3/4 variables -> HRa med 1h, Ll acu 1 h, Ta med 1h
[2026-09-27 03:40:10] 217: 3/4 variables -> HRa med 1h, Ll acu 1 h, Ta med 1h
[2026-09-27 03:40:10] 218: 2/4 variables -> Ll acu 1 h, Ta med 1h
[2026-09-27 03:40:11] 220: 1/4 variables -> PP Acc (1h)
[2026-09-27 03:40:11] 221: 3/4 variables -> HRa med 1h, Ll acu 1 h, Ta med 1h
[2026-09-27 03:40:12] 223: 3/4 variables -> HRa med 1h, Ll acu 1 h, Ta med 1h
[2026-09-27 03:40:12] 224: SIN DATOS EN EL ÚLTIMO DÍA
[2026-09-27 03:40:13] 225: 3/4 variables -> HRa med 1h, Ll acu 1 h, Ta med 1h
[2026-09-27 03:40:14] 226: 3/4 variables -> HRa med 1h, Ll acu 1 h, Ta med 1h
[2026-09-27 03:40:14] 227: 3/4 variables -> HRa med 1h, Ll acu 1 h, Ta med 1h
[2026-09-27 03:40:15] 228: 3/4 variables -> HRa med 1h, Ll acu 1 h, Ta med 1h
[2026-09-27 03:40:15] 229: 3/4 variables -> HRa med 1h, Ll acu 1 h, Ta med 1h
[2026-09-27 03:40:16] 230: SIN DATOS EN EL ÚLTIMO DÍA
[2026-09-27 03:40:16] 231: 3/4 variables -> HRa med 1h, Ll acu 1 h, Ta med 1h
[2026-09-27 03:40:17] 232: 3/4 variables -> HRa med 1h, Ll acu 1 h, Ta med 1h
[2026-09-27 03:40:17] 233: SIN DATOS EN EL ÚLTIMO DÍA
[2026-09-27 03:40:18] 234: 3/4 variables -> HRa med 1h, Ll acu 1 h, Ta med 1h
[2026-09-27 03:40:18] 235: 3/4 variables -> HRa med 1h, Ll acu 1 h, Ta med 1h
[2026-09-27 03:40:19] 236: 3/4 variables -> HRa med 1h, Ll acu 1 h, Ta med 1h
[2026-09-27 03:40:19] 237: SIN DATOS EN EL ÚLTIMO DÍA
[2026-09-27 03:40:20] 238: 3/4 variables -> HRa med 1h, Ll acu 1 h, Ta med 1h
[2026-09-27 03:40:20] 239: SIN DATOS EN EL ÚLTIMO DÍA
[2026-09-27 03:40:21] 240: 3/4 variables -> HRa med 1h, Ll acu 1 h, Ta med 1h
[2026-09-27 03:40:21] 241: 3/4 variables -> HRa med 1h, Ll acu 1 h, Ta med 1h
[2026-09-27 03:40:22] 242: 3/4 variables -> HRa med 1h, Ll acu 1 h, Ta med 1h
[2026-09-27 03:40:23] 243: 3/4 variables -> HRa med 1h, Ll acu 1 h, Ta med 1h
[2026-09-27 03:40:23] 244: 3/4 variables -> HRa med 1h, Ll acu 1 h, Ta med 1h
[2026-09-27 03:40:24] 245: 3/4 variables -> HRa med 1h, Ll acu 1 h, Ta med 1h
[2026-09-27 03:40:24] 246: 3/4 variables -> HRa med 1h, Ll acu 1 h, Ta med 1h
[2026-09-27 03:40:25] 247: 3/4 variables -> HRa med 1h, Ll acu 1 h, Ta med 1h
[2026-09-27 03:40:25] 215: histórico actualizado -> 93 filas
[2026-09-27 03:40:25] 216: histórico actualizado -> 72 filas
[2026-09-27 03:40:25] 217: histórico actualizado -> 93 filas
[2026-09-27 03:40:25] 218: histórico actualizado -> 95 filas
[2026-09-27 03:40:25] 220: histórico actualizado -> 92 filas
[2026-09-27 03:40:25] 221: histórico actualizado -> 187 filas
[2026-09-27 03:40:25] 223: histórico actualizado -> 185 filas
[2026-09-27 03:40:26] 225: histórico actualizado -> 186 filas
[2026-09-27 03:40:26] 226: histórico actualizado -> 186 filas
[2026-09-27 03:40:26] 227: histórico actualizado -> 187 filas
[2026-09-27 03:40:26] 228: histórico actualizado -> 185 filas
[2026-09-27 03:40:26] 229: histórico actualizado -> 185 filas
[2026-09-27 03:40:26] 231: histórico actualizado -> 185 filas
[2026-09-27 03:40:26] 232: histórico actualizado -> 165 filas
[2026-09-27 03:40:26] 234: histórico actualizado -> 184 filas
[2026-09-27 03:40:26] 235: histórico actualizado -> 160 filas
[2026-09-27 03:40:26] 236: histórico actualizado -> 184 filas
[2026-09-27 03:40:26] 238: histórico actualizado -> 187 filas
[2026-09-27 03:40:26] 240: histórico actualizado -> 160 filas
[2026-09-27 03:40:26] 241: histórico actualizado -> 95 filas
[2026-09-27 03:40:26] 242: histórico actualizado -> 168 filas
[2026-09-27 03:40:26] 243: histórico actualizado -> 185 filas
[2026-09-27 03:40:26] 244: histórico actualizado -> 69 filas
[2026-09-27 03:40:26] 245: histórico actualizado -> 140 filas
[2026-09-27 03:40:26] 246: histórico actualizado -> 53 filas
[2026-09-27 03:40:26] 247: histórico actualizado -> 178 filas
[2026-09-27 03:40:26] Catálogo actualizado: 32 estaciones
[2026-09-27 03:40:26] FIN DEL PROCESO - 21.5 segundos
[2026-09-27 04:40:05] INICIO DEL PROCESO
[2026-09-27 04:40:05] Abriendo página de login...
[2026-09-27 04:40:05] Realizando login...
[2026-09-27 04:40:06] LOGIN OK -> https://polaris.adrtecnology.com/gis/map
[2026-09-27 04:40:06] Estaciones conservadas del catálogo histórico: 32
[2026-09-27 04:40:06] Estaciones obtenidas desde viewer: 20
[2026-09-27 04:40:08] Estaciones obtenidas directamente desde GIS: 32
[2026-09-27 04:40:08] 200: SIN DATOS EN EL ÚLTIMO DÍA
[2026-09-27 04:40:08] 215: 1/4 variables -> Ll acu 1 h
[2026-09-27 04:40:09] 216: 3/4 variables -> HRa med 1h, Ll acu 1 h, Ta med 1h
[2026-09-27 04:40:09] 217: 3/4 variables -> HRa med 1h, Ll acu 1 h, Ta med 1h
[2026-09-27 04:40:10] 218: 2/4 variables -> Ll acu 1 h, Ta med 1h
[2026-09-27 04:40:11] 220: 1/4 variables -> PP Acc (1h)
[2026-09-27 04:40:11] 221: 3/4 variables -> HRa med 1h, Ll acu 1 h, Ta med 1h
[2026-09-27 04:40:12] 223: 3/4 variables -> HRa med 1h, Ll acu 1 h, Ta med 1h
[2026-09-27 04:40:12] 224: SIN DATOS EN EL ÚLTIMO DÍA
[2026-09-27 04:40:13] 225: 3/4 variables -> HRa med 1h, Ll acu 1 h, Ta med 1h
[2026-09-27 04:40:14] 226: 3/4 variables -> HRa med 1h, Ll acu 1 h, Ta med 1h
[2026-09-27 04:40:14] 227: 3/4 variables -> HRa med 1h, Ll acu 1 h, Ta med 1h
[2026-09-27 04:40:15] 228: 3/4 variables -> HRa med 1h, Ll acu 1 h, Ta med 1h
[2026-09-27 04:40:15] 229: 3/4 variables -> HRa med 1h, Ll acu 1 h, Ta med 1h
[2026-09-27 04:40:16] 230: SIN DATOS EN EL ÚLTIMO DÍA
[2026-09-27 04:40:16] 231: 3/4 variables -> HRa med 1h, Ll acu 1 h, Ta med 1h
[2026-09-27 04:40:17] 232: 3/4 variables -> HRa med 1h, Ll acu 1 h, Ta med 1h
[2026-09-27 04:40:17] 233: SIN DATOS EN EL ÚLTIMO DÍA
[2026-09-27 04:40:18] 234: 3/4 variables -> HRa med 1h, Ll acu 1 h, Ta med 1h
[2026-09-27 04:40:18] 235: 3/4 variables -> HRa med 1h, Ll acu 1 h, Ta med 1h
[2026-09-27 04:40:19] 236: 3/4 variables -> HRa med 1h, Ll acu 1 h, Ta med 1h
[2026-09-27 04:40:20] 237: SIN DATOS EN EL ÚLTIMO DÍA
[2026-09-27 04:40:20] 238: 3/4 variables -> HRa med 1h, Ll acu 1 h, Ta med 1h
[2026-09-27 04:40:21] 239: SIN DATOS EN EL ÚLTIMO DÍA
[2026-09-27 04:40:21] 240: 3/4 variables -> HRa med 1h, Ll acu 1 h, Ta med 1h
[2026-09-27 04:40:22] 241: 3/4 variables -> HRa med 1h, Ll acu 1 h, Ta med 1h
[2026-09-27 04:40:22] 242: 3/4 variables -> HRa med 1h, Ll acu 1 h, Ta med 1h
[2026-09-27 04:40:23] 243: 3/4 variables -> HRa med 1h, Ll acu 1 h, Ta med 1h
[2026-09-27 04:40:23] 244: 3/4 variables -> HRa med 1h, Ll acu 1 h, Ta med 1h
[2026-09-27 04:40:24] 245: 3/4 variables -> HRa med 1h, Ll acu 1 h, Ta med 1h
[2026-09-27 04:40:24] 246: 3/4 variables -> HRa med 1h, Ll acu 1 h, Ta med 1h
[2026-09-27 04:40:25] 247: 3/4 variables -> HRa med 1h, Ll acu 1 h, Ta med 1h
[2026-09-27 04:40:25] 215: histórico actualizado -> 94 filas
[2026-09-27 04:40:25] 216: histórico actualizado -> 73 filas
[2026-09-27 04:40:25] 217: histórico actualizado -> 94 filas
[2026-09-27 04:40:25] 218: histórico actualizado -> 96 filas
[2026-09-27 04:40:25] 220: histórico actualizado -> 93 filas
[2026-09-27 04:40:25] 221: histórico actualizado -> 189 filas
[2026-09-27 04:40:26] 223: histórico actualizado -> 187 filas
[2026-09-27 04:40:26] 225: histórico actualizado -> 188 filas
[2026-09-27 04:40:26] 226: histórico actualizado -> 188 filas
[2026-09-27 04:40:26] 227: histórico actualizado -> 189 filas
[2026-09-27 04:40:26] 228: histórico actualizado -> 187 filas
[2026-09-27 04:40:26] 229: histórico actualizado -> 187 filas
[2026-09-27 04:40:26] 231: histórico actualizado -> 187 filas
[2026-09-27 04:40:26] 232: histórico actualizado -> 167 filas
[2026-09-27 04:40:26] 234: histórico actualizado -> 185 filas
[2026-09-27 04:40:26] 235: histórico actualizado -> 160 filas
[2026-09-27 04:40:26] 236: histórico actualizado -> 186 filas
[2026-09-27 04:40:26] 238: histórico actualizado -> 189 filas
[2026-09-27 04:40:26] 240: histórico actualizado -> 162 filas
[2026-09-27 04:40:26] 241: histórico actualizado -> 97 filas
[2026-09-27 04:40:26] 242: histórico actualizado -> 170 filas
[2026-09-27 04:40:26] 243: histórico actualizado -> 187 filas
[2026-09-27 04:40:26] 244: histórico actualizado -> 71 filas
[2026-09-27 04:40:26] 245: histórico actualizado -> 142 filas
[2026-09-27 04:40:26] 246: histórico actualizado -> 53 filas
[2026-09-27 04:40:26] 247: histórico actualizado -> 178 filas
[2026-09-27 04:40:26] Catálogo actualizado: 32 estaciones
[2026-09-27 04:40:26] FIN DEL PROCESO - 21.7 segundos
[2026-09-27 05:40:06] INICIO DEL PROCESO
[2026-09-27 05:40:06] Abriendo página de login...
[2026-09-27 05:40:06] Realizando login...
[2026-09-27 05:40:07] LOGIN OK -> https://polaris.adrtecnology.com/gis/map
[2026-09-27 05:40:07] Estaciones conservadas del catálogo histórico: 32
[2026-09-27 05:40:07] Estaciones obtenidas desde viewer: 20
[2026-09-27 05:40:09] Estaciones obtenidas directamente desde GIS: 32
[2026-09-27 05:40:09] 200: SIN DATOS EN EL ÚLTIMO DÍA
[2026-09-27 05:40:10] 215: 1/4 variables -> Ll acu 1 h
[2026-09-27 05:40:10] 216: 3/4 variables -> HRa med 1h, Ll acu 1 h, Ta med 1h
[2026-09-27 05:40:11] 217: 3/4 variables -> HRa med 1h, Ll acu 1 h, Ta med 1h
[2026-09-27 05:40:11] 218: 2/4 variables -> Ll acu 1 h, Ta med 1h
[2026-09-27 05:40:12] 220: 1/4 variables -> PP Acc (1h)
[2026-09-27 05:40:12] 221: 3/4 variables -> HRa med 1h, Ll acu 1 h, Ta med 1h
[2026-09-27 05:40:13] 223: 3/4 variables -> HRa med 1h, Ll acu 1 h, Ta med 1h
[2026-09-27 05:40:14] 224: SIN DATOS EN EL ÚLTIMO DÍA
[2026-09-27 05:40:14] 225: 3/4 variables -> HRa med 1h, Ll acu 1 h, Ta med 1h
[2026-09-27 05:40:15] 226: 3/4 variables -> HRa med 1h, Ll acu 1 h, Ta med 1h
[2026-09-27 05:40:15] 227: 3/4 variables -> HRa med 1h, Ll acu 1 h, Ta med 1h
[2026-09-27 05:40:16] 228: 3/4 variables -> HRa med 1h, Ll acu 1 h, Ta med 1h
[2026-09-27 05:40:16] 229: 3/4 variables -> HRa med 1h, Ll acu 1 h, Ta med 1h
[2026-09-27 05:40:17] 230: SIN DATOS EN EL ÚLTIMO DÍA
[2026-09-27 05:40:18] 231: 3/4 variables -> HRa med 1h, Ll acu 1 h, Ta med 1h
[2026-09-27 05:40:18] 232: 3/4 variables -> HRa med 1h, Ll acu 1 h, Ta med 1h
[2026-09-27 05:40:19] 233: SIN DATOS EN EL ÚLTIMO DÍA
[2026-09-27 05:40:19] 234: 3/4 variables -> HRa med 1h, Ll acu 1 h, Ta med 1h
[2026-09-27 05:40:20] 235: 3/4 variables -> HRa med 1h, Ll acu 1 h, Ta med 1h
[2026-09-27 05:40:20] 236: 3/4 variables -> HRa med 1h, Ll acu 1 h, Ta med 1h
[2026-09-27 05:40:21] 237: SIN DATOS EN EL ÚLTIMO DÍA
[2026-09-27 05:40:21] 238: 3/4 variables -> HRa med 1h, Ll acu 1 h, Ta med 1h
[2026-09-27 05:40:22] 239: SIN DATOS EN EL ÚLTIMO DÍA
[2026-09-27 05:40:22] 240: 3/4 variables -> HRa med 1h, Ll acu 1 h, Ta med 1h
[2026-09-27 05:40:23] 241: 3/4 variables -> HRa med 1h, Ll acu 1 h, Ta med 1h
[2026-09-27 05:40:23] 242: 3/4 variables -> HRa med 1h, Ll acu 1 h, Ta med 1h
[2026-09-27 05:40:24] 243: 3/4 variables -> HRa med 1h, Ll acu 1 h, Ta med 1h
[2026-09-27 05:40:24] 244: 3/4 variables -> HRa med 1h, Ll acu 1 h, Ta med 1h
[2026-09-27 05:40:25] 245: 3/4 variables -> HRa med 1h, Ll acu 1 h, Ta med 1h
[2026-09-27 05:40:25] 246: 3/4 variables -> HRa med 1h, Ll acu 1 h, Ta med 1h
[2026-09-27 05:40:26] 247: 3/4 variables -> HRa med 1h, Ll acu 1 h, Ta med 1h
[2026-09-27 05:40:26] 215: histórico actualizado -> 95 filas
[2026-09-27 05:40:26] 216: histórico actualizado -> 74 filas
[2026-09-27 05:40:26] 217: histórico actualizado -> 95 filas
[2026-09-27 05:40:27] 218: histórico actualizado -> 97 filas
[2026-09-27 05:40:27] 220: histórico actualizado -> 94 filas
[2026-09-27 05:40:27] 221: histórico actualizado -> 191 filas
[2026-09-27 05:40:27] 223: histórico actualizado -> 189 filas
[2026-09-27 05:40:27] 225: histórico actualizado -> 190 filas
[2026-09-27 05:40:27] 226: histórico actualizado -> 190 filas
[2026-09-27 05:40:27] 227: histórico actualizado -> 191 filas
[2026-09-27 05:40:27] 228: histórico actualizado -> 189 filas
[2026-09-27 05:40:27] 229: histórico actualizado -> 189 filas
[2026-09-27 05:40:27] 231: histórico actualizado -> 189 filas
[2026-09-27 05:40:27] 232: histórico actualizado -> 169 filas
[2026-09-27 05:40:27] 234: histórico actualizado -> 187 filas
[2026-09-27 05:40:27] 235: histórico actualizado -> 161 filas
[2026-09-27 05:40:27] 236: histórico actualizado -> 188 filas
[2026-09-27 05:40:27] 238: histórico actualizado -> 191 filas
[2026-09-27 05:40:27] 240: histórico actualizado -> 162 filas
[2026-09-27 05:40:27] 241: histórico actualizado -> 99 filas
[2026-09-27 05:40:27] 242: histórico actualizado -> 172 filas
[2026-09-27 05:40:28] 243: histórico actualizado -> 189 filas
[2026-09-27 05:40:28] 244: histórico actualizado -> 73 filas
[2026-09-27 05:40:28] 245: histórico actualizado -> 144 filas
[2026-09-27 05:40:28] 246: histórico actualizado -> 53 filas
[2026-09-27 05:40:28] 247: histórico actualizado -> 178 filas
[2026-09-27 05:40:28] Catálogo actualizado: 32 estaciones
[2026-09-27 05:40:28] FIN DEL PROCESO - 22.0 segundos
[2026-09-27 06:40:05] INICIO DEL PROCESO
[2026-09-27 06:40:05] Abriendo página de login...
[2026-09-27 06:40:06] Realizando login...
[2026-09-27 06:40:06] LOGIN OK -> https://polaris.adrtecnology.com/gis/map
[2026-09-27 06:40:06] Estaciones conservadas del catálogo histórico: 32
[2026-09-27 06:40:07] Estaciones obtenidas desde viewer: 20
[2026-09-27 06:40:08] Estaciones obtenidas directamente desde GIS: 32
[2026-09-27 06:40:09] 200: SIN DATOS EN EL ÚLTIMO DÍA
[2026-09-27 06:40:09] 215: 1/4 variables -> Ll acu 1 h
[2026-09-27 06:40:10] 216: 3/4 variables -> HRa med 1h, Ll acu 1 h, Ta med 1h
[2026-09-27 06:40:10] 217: 3/4 variables -> HRa med 1h, Ll acu 1 h, Ta med 1h
[2026-09-27 06:40:11] 218: 2/4 variables -> Ll acu 1 h, Ta med 1h
[2026-09-27 06:40:11] 220: 1/4 variables -> PP Acc (1h)
[2026-09-27 06:40:12] 221: 3/4 variables -> HRa med 1h, Ll acu 1 h, Ta med 1h
[2026-09-27 06:40:12] 223: 3/4 variables -> HRa med 1h, Ll acu 1 h, Ta med 1h
[2026-09-27 06:40:13] 224: SIN DATOS EN EL ÚLTIMO DÍA
[2026-09-27 06:40:13] 225: 3/4 variables -> HRa med 1h, Ll acu 1 h, Ta med 1h
[2026-09-27 06:40:14] 226: 3/4 variables -> HRa med 1h, Ll acu 1 h, Ta med 1h
[2026-09-27 06:40:15] 227: 3/4 variables -> HRa med 1h, Ll acu 1 h, Ta med 1h
[2026-09-27 06:40:15] 228: 3/4 variables -> HRa med 1h, Ll acu 1 h, Ta med 1h
[2026-09-27 06:40:16] 229: 3/4 variables -> HRa med 1h, Ll acu 1 h, Ta med 1h
[2026-09-27 06:40:16] 230: SIN DATOS EN EL ÚLTIMO DÍA
[2026-09-27 06:40:17] 231: 3/4 variables -> HRa med 1h, Ll acu 1 h, Ta med 1h
[2026-09-27 06:40:17] 232: 3/4 variables -> HRa med 1h, Ll acu 1 h, Ta med 1h
[2026-09-27 06:40:18] 233: SIN DATOS EN EL ÚLTIMO DÍA
[2026-09-27 06:40:18] 234: 3/4 variables -> HRa med 1h, Ll acu 1 h, Ta med 1h
[2026-09-27 06:40:19] 235: 3/4 variables -> HRa med 1h, Ll acu 1 h, Ta med 1h
[2026-09-27 06:40:19] 236: 3/4 variables -> HRa med 1h, Ll acu 1 h, Ta med 1h
[2026-09-27 06:40:20] 237: SIN DATOS EN EL ÚLTIMO DÍA
[2026-09-27 06:40:20] 238: 3/4 variables -> HRa med 1h, Ll acu 1 h, Ta med 1h
[2026-09-27 06:40:21] 239: SIN DATOS EN EL ÚLTIMO DÍA
[2026-09-27 06:40:21] 240: 3/4 variables -> HRa med 1h, Ll acu 1 h, Ta med 1h
[2026-09-27 06:40:22] 241: 3/4 variables -> HRa med 1h, Ll acu 1 h, Ta med 1h
[2026-09-27 06:40:23] 242: 3/4 variables -> HRa med 1h, Ll acu 1 h, Ta med 1h
[2026-09-27 06:40:23] 243: 3/4 variables -> HRa med 1h, Ll acu 1 h, Ta med 1h
[2026-09-27 06:40:24] 244: 3/4 variables -> HRa med 1h, Ll acu 1 h, Ta med 1h
[2026-09-27 06:40:24] 245: 3/4 variables -> HRa med 1h, Ll acu 1 h, Ta med 1h
[2026-09-27 06:40:25] 246: 3/4 variables -> HRa med 1h, Ll acu 1 h, Ta med 1h
[2026-09-27 06:40:25] 247: 3/4 variables -> HRa med 1h, Ll acu 1 h, Ta med 1h
[2026-09-27 06:40:26] 215: histórico actualizado -> 96 filas
[2026-09-27 06:40:26] 216: histórico actualizado -> 75 filas
[2026-09-27 06:40:26] 217: histórico actualizado -> 96 filas
[2026-09-27 06:40:26] 218: histórico actualizado -> 98 filas
[2026-09-27 06:40:26] 220: histórico actualizado -> 95 filas
[2026-09-27 06:40:26] 221: histórico actualizado -> 193 filas
[2026-09-27 06:40:26] 223: histórico actualizado -> 191 filas
[2026-09-27 06:40:26] 225: histórico actualizado -> 192 filas
[2026-09-27 06:40:26] 226: histórico actualizado -> 192 filas
[2026-09-27 06:40:26] 227: histórico actualizado -> 193 filas
[2026-09-27 06:40:26] 228: histórico actualizado -> 191 filas
[2026-09-27 06:40:26] 229: histórico actualizado -> 191 filas
[2026-09-27 06:40:26] 231: histórico actualizado -> 191 filas
[2026-09-27 06:40:26] 232: histórico actualizado -> 171 filas
[2026-09-27 06:40:26] 234: histórico actualizado -> 189 filas
[2026-09-27 06:40:27] 235: histórico actualizado -> 163 filas
[2026-09-27 06:40:27] 236: histórico actualizado -> 190 filas
[2026-09-27 06:40:27] 238: histórico actualizado -> 193 filas
[2026-09-27 06:40:27] 240: histórico actualizado -> 162 filas
[2026-09-27 06:40:27] 241: histórico actualizado -> 101 filas
[2026-09-27 06:40:27] 242: histórico actualizado -> 174 filas
[2026-09-27 06:40:27] 243: histórico actualizado -> 191 filas
[2026-09-27 06:40:27] 244: histórico actualizado -> 75 filas
[2026-09-27 06:40:27] 245: histórico actualizado -> 144 filas
[2026-09-27 06:40:27] 246: histórico actualizado -> 53 filas
[2026-09-27 06:40:27] 247: histórico actualizado -> 178 filas
[2026-09-27 06:40:27] Catálogo actualizado: 32 estaciones
[2026-09-27 06:40:27] FIN DEL PROCESO - 21.8 segundos
[2026-09-27 07:40:05] INICIO DEL PROCESO
[2026-09-27 07:40:05] Abriendo página de login...
[2026-09-27 07:40:05] Realizando login...
[2026-09-27 07:40:06] LOGIN OK -> https://polaris.adrtecnology.com/gis/map
[2026-09-27 07:40:06] Estaciones conservadas del catálogo histórico: 32
[2026-09-27 07:40:06] Estaciones obtenidas desde viewer: 20
[2026-09-27 07:40:08] Estaciones obtenidas directamente desde GIS: 32
[2026-09-27 07:40:08] 200: SIN DATOS EN EL ÚLTIMO DÍA
[2026-09-27 07:40:09] 215: 1/4 variables -> Ll acu 1 h
[2026-09-27 07:40:09] 216: 3/4 variables -> HRa med 1h, Ll acu 1 h, Ta med 1h
[2026-09-27 07:40:10] 217: 3/4 variables -> HRa med 1h, Ll acu 1 h, Ta med 1h
[2026-09-27 07:40:10] 218: 2/4 variables -> Ll acu 1 h, Ta med 1h
[2026-09-27 07:40:11] 220: 1/4 variables -> PP Acc (1h)
[2026-09-27 07:40:11] 221: 3/4 variables -> HRa med 1h, Ll acu 1 h, Ta med 1h
[2026-09-27 07:40:12] 223: 3/4 variables -> HRa med 1h, Ll acu 1 h, Ta med 1h
[2026-09-27 07:40:13] 224: SIN DATOS EN EL ÚLTIMO DÍA
[2026-09-27 07:40:13] 225: 3/4 variables -> HRa med 1h, Ll acu 1 h, Ta med 1h
[2026-09-27 07:40:14] 226: 3/4 variables -> HRa med 1h, Ll acu 1 h, Ta med 1h
[2026-09-27 07:40:14] 227: 3/4 variables -> HRa med 1h, Ll acu 1 h, Ta med 1h
[2026-09-27 07:40:15] 228: 3/4 variables -> HRa med 1h, Ll acu 1 h, Ta med 1h
[2026-09-27 07:40:15] 229: 3/4 variables -> HRa med 1h, Ll acu 1 h, Ta med 1h
[2026-09-27 07:40:16] 230: SIN DATOS EN EL ÚLTIMO DÍA
[2026-09-27 07:40:16] 231: 3/4 variables -> HRa med 1h, Ll acu 1 h, Ta med 1h
[2026-09-27 07:40:17] 232: 3/4 variables -> HRa med 1h, Ll acu 1 h, Ta med 1h
[2026-09-27 07:40:18] 233: SIN DATOS EN EL ÚLTIMO DÍA
[2026-09-27 07:40:18] 234: 3/4 variables -> HRa med 1h, Ll acu 1 h, Ta med 1h
[2026-09-27 07:40:19] 235: 3/4 variables -> HRa med 1h, Ll acu 1 h, Ta med 1h
[2026-09-27 07:40:19] 236: 3/4 variables -> HRa med 1h, Ll acu 1 h, Ta med 1h
[2026-09-27 07:40:20] 237: SIN DATOS EN EL ÚLTIMO DÍA
[2026-09-27 07:40:21] 238: 3/4 variables -> HRa med 1h, Ll acu 1 h, Ta med 1h
[2026-09-27 07:40:21] 239: SIN DATOS EN EL ÚLTIMO DÍA
[2026-09-27 07:40:22] 240: 3/4 variables -> HRa med 1h, Ll acu 1 h, Ta med 1h
[2026-09-27 07:40:22] 241: 3/4 variables -> HRa med 1h, Ll acu 1 h, Ta med 1h
[2026-09-27 07:40:23] 242: 3/4 variables -> HRa med 1h, Ll acu 1 h, Ta med 1h
[2026-09-27 07:40:23] 243: 3/4 variables -> HRa med 1h, Ll acu 1 h, Ta med 1h
[2026-09-27 07:40:24] 244: 3/4 variables -> HRa med 1h, Ll acu 1 h, Ta med 1h
[2026-09-27 07:40:24] 245: 3/4 variables -> HRa med 1h, Ll acu 1 h, Ta med 1h
[2026-09-27 07:40:25] 246: 3/4 variables -> HRa med 1h, Ll acu 1 h, Ta med 1h
[2026-09-27 07:40:25] 247: 3/4 variables -> HRa med 1h, Ll acu 1 h, Ta med 1h
[2026-09-27 07:40:26] 215: histórico actualizado -> 97 filas
[2026-09-27 07:40:26] 216: histórico actualizado -> 76 filas
[2026-09-27 07:40:26] 217: histórico actualizado -> 97 filas
[2026-09-27 07:40:26] 218: histórico actualizado -> 99 filas
[2026-09-27 07:40:26] 220: histórico actualizado -> 96 filas
[2026-09-27 07:40:26] 221: histórico actualizado -> 195 filas
[2026-09-27 07:40:26] 223: histórico actualizado -> 193 filas
[2026-09-27 07:40:26] 225: histórico actualizado -> 194 filas
[2026-09-27 07:40:26] 226: histórico actualizado -> 194 filas
[2026-09-27 07:40:26] 227: histórico actualizado -> 195 filas
[2026-09-27 07:40:26] 228: histórico actualizado -> 193 filas
[2026-09-27 07:40:26] 229: histórico actualizado -> 193 filas
[2026-09-27 07:40:26] 231: histórico actualizado -> 193 filas
[2026-09-27 07:40:26] 232: histórico actualizado -> 173 filas
[2026-09-27 07:40:27] 234: histórico actualizado -> 191 filas
[2026-09-27 07:40:27] 235: histórico actualizado -> 165 filas
[2026-09-27 07:40:27] 236: histórico actualizado -> 192 filas
[2026-09-27 07:40:27] 238: histórico actualizado -> 195 filas
[2026-09-27 07:40:27] 240: histórico actualizado -> 162 filas
[2026-09-27 07:40:27] 241: histórico actualizado -> 103 filas
[2026-09-27 07:40:27] 242: histórico actualizado -> 176 filas
[2026-09-27 07:40:27] 243: histórico actualizado -> 193 filas
[2026-09-27 07:40:27] 244: histórico actualizado -> 77 filas
[2026-09-27 07:40:27] 245: histórico actualizado -> 146 filas
[2026-09-27 07:40:27] 246: histórico actualizado -> 53 filas
[2026-09-27 07:40:27] 247: histórico actualizado -> 178 filas
[2026-09-27 07:40:27] Catálogo actualizado: 32 estaciones
[2026-09-27 07:40:27] FIN DEL PROCESO - 22.3 segundos
[2026-09-27 08:40:06] INICIO DEL PROCESO
[2026-09-27 08:40:06] Abriendo página de login...
[2026-09-27 08:40:06] Realizando login...
[2026-09-27 08:40:07] LOGIN OK -> https://polaris.adrtecnology.com/gis/map
[2026-09-27 08:40:07] Estaciones conservadas del catálogo histórico: 32
[2026-09-27 08:40:07] Estaciones obtenidas desde viewer: 20
[2026-09-27 08:40:11] Estaciones obtenidas directamente desde GIS: 32
[2026-09-27 08:40:11] 200: SIN DATOS EN EL ÚLTIMO DÍA
[2026-09-27 08:40:12] 215: 1/4 variables -> Ll acu 1 h
[2026-09-27 08:40:12] 216: 3/4 variables -> HRa med 1h, Ll acu 1 h, Ta med 1h
[2026-09-27 08:40:13] 217: 3/4 variables -> HRa med 1h, Ll acu 1 h, Ta med 1h
[2026-09-27 08:40:13] 218: 2/4 variables -> Ll acu 1 h, Ta med 1h
[2026-09-27 08:40:14] 220: 1/4 variables -> PP Acc (1h)
[2026-09-27 08:40:14] 221: 3/4 variables -> HRa med 1h, Ll acu 1 h, Ta med 1h
[2026-09-27 08:40:15] 223: 3/4 variables -> HRa med 1h, Ll acu 1 h, Ta med 1h
[2026-09-27 08:40:15] 224: SIN DATOS EN EL ÚLTIMO DÍA
[2026-09-27 08:40:16] 225: 3/4 variables -> HRa med 1h, Ll acu 1 h, Ta med 1h
[2026-09-27 08:40:16] 226: 3/4 variables -> HRa med 1h, Ll acu 1 h, Ta med 1h
[2026-09-27 08:40:17] 227: 3/4 variables -> HRa med 1h, Ll acu 1 h, Ta med 1h
[2026-09-27 08:40:17] 228: 3/4 variables -> HRa med 1h, Ll acu 1 h, Ta med 1h
[2026-09-27 08:40:18] 229: 3/4 variables -> HRa med 1h, Ll acu 1 h, Ta med 1h
[2026-09-27 08:40:18] 230: SIN DATOS EN EL ÚLTIMO DÍA
[2026-09-27 08:40:19] 231: 3/4 variables -> HRa med 1h, Ll acu 1 h, Ta med 1h
[2026-09-27 08:40:20] 232: 3/4 variables -> HRa med 1h, Ll acu 1 h, Ta med 1h
[2026-09-27 08:40:20] 233: SIN DATOS EN EL ÚLTIMO DÍA
[2026-09-27 08:40:21] 234: 3/4 variables -> HRa med 1h, Ll acu 1 h, Ta med 1h
[2026-09-27 08:40:21] 235: 3/4 variables -> HRa med 1h, Ll acu 1 h, Ta med 1h
[2026-09-27 08:40:22] 236: 3/4 variables -> HRa med 1h, Ll acu 1 h, Ta med 1h
[2026-09-27 08:40:22] 237: SIN DATOS EN EL ÚLTIMO DÍA
[2026-09-27 08:40:23] 238: 3/4 variables -> HRa med 1h, Ll acu 1 h, Ta med 1h
[2026-09-27 08:40:23] 239: SIN DATOS EN EL ÚLTIMO DÍA
[2026-09-27 08:40:24] 240: 3/4 variables -> HRa med 1h, Ll acu 1 h, Ta med 1h
[2026-09-27 08:40:24] 241: 3/4 variables -> HRa med 1h, Ll acu 1 h, Ta med 1h
[2026-09-27 08:40:25] 242: 3/4 variables -> HRa med 1h, Ll acu 1 h, Ta med 1h
[2026-09-27 08:40:25] 243: 3/4 variables -> HRa med 1h, Ll acu 1 h, Ta med 1h
[2026-09-27 08:40:26] 244: 3/4 variables -> HRa med 1h, Ll acu 1 h, Ta med 1h
[2026-09-27 08:40:27] 245: 3/4 variables -> HRa med 1h, Ll acu 1 h, Ta med 1h
[2026-09-27 08:40:27] 246: 3/4 variables -> HRa med 1h, Ll acu 1 h, Ta med 1h
[2026-09-27 08:40:28] 247: 3/4 variables -> HRa med 1h, Ll acu 1 h, Ta med 1h
[2026-09-27 08:40:28] 215: histórico actualizado -> 98 filas
[2026-09-27 08:40:28] 216: histórico actualizado -> 77 filas
[2026-09-27 08:40:28] 217: histórico actualizado -> 98 filas
[2026-09-27 08:40:28] 218: histórico actualizado -> 100 filas
[2026-09-27 08:40:28] 220: histórico actualizado -> 97 filas
[2026-09-27 08:40:28] 221: histórico actualizado -> 197 filas
[2026-09-27 08:40:28] 223: histórico actualizado -> 195 filas
[2026-09-27 08:40:28] 225: histórico actualizado -> 196 filas
[2026-09-27 08:40:29] 226: histórico actualizado -> 196 filas
[2026-09-27 08:40:29] 227: histórico actualizado -> 197 filas
[2026-09-27 08:40:29] 228: histórico actualizado -> 195 filas
[2026-09-27 08:40:29] 229: histórico actualizado -> 195 filas
[2026-09-27 08:40:29] 231: histórico actualizado -> 195 filas
[2026-09-27 08:40:29] 232: histórico actualizado -> 175 filas
[2026-09-27 08:40:29] 234: histórico actualizado -> 193 filas
[2026-09-27 08:40:29] 235: histórico actualizado -> 167 filas
[2026-09-27 08:40:29] 236: histórico actualizado -> 194 filas
[2026-09-27 08:40:29] 238: histórico actualizado -> 197 filas
[2026-09-27 08:40:29] 240: histórico actualizado -> 162 filas
[2026-09-27 08:40:29] 241: histórico actualizado -> 104 filas
[2026-09-27 08:40:29] 242: histórico actualizado -> 178 filas
[2026-09-27 08:40:29] 243: histórico actualizado -> 195 filas
[2026-09-27 08:40:29] 244: histórico actualizado -> 79 filas
[2026-09-27 08:40:29] 245: histórico actualizado -> 148 filas
[2026-09-27 08:40:29] 246: histórico actualizado -> 54 filas
[2026-09-27 08:40:29] 247: histórico actualizado -> 178 filas
[2026-09-27 08:40:29] Catálogo actualizado: 32 estaciones
[2026-09-27 08:40:29] FIN DEL PROCESO - 23.7 segundos
[2026-09-27 09:40:04] INICIO DEL PROCESO
[2026-09-27 09:40:04] Abriendo página de login...
[2026-09-27 09:40:05] Realizando login...
[2026-09-27 09:40:05] LOGIN OK -> https://polaris.adrtecnology.com/gis/map
[2026-09-27 09:40:05] Estaciones conservadas del catálogo histórico: 32
[2026-09-27 09:40:06] Estaciones obtenidas desde viewer: 20
[2026-09-27 09:40:07] Estaciones obtenidas directamente desde GIS: 32
[2026-09-27 09:40:08] 200: SIN DATOS EN EL ÚLTIMO DÍA
[2026-09-27 09:40:08] 215: 1/4 variables -> Ll acu 1 h
[2026-09-27 09:40:09] 216: 3/4 variables -> HRa med 1h, Ll acu 1 h, Ta med 1h
[2026-09-27 09:40:09] 217: 3/4 variables -> HRa med 1h, Ll acu 1 h, Ta med 1h
[2026-09-27 09:40:10] 218: 2/4 variables -> Ll acu 1 h, Ta med 1h
[2026-09-27 09:40:10] 220: 1/4 variables -> PP Acc (1h)
[2026-09-27 09:40:11] 221: 3/4 variables -> HRa med 1h, Ll acu 1 h, Ta med 1h
[2026-09-27 09:40:11] 223: 3/4 variables -> HRa med 1h, Ll acu 1 h, Ta med 1h
[2026-09-27 09:40:12] 224: SIN DATOS EN EL ÚLTIMO DÍA
[2026-09-27 09:40:12] 225: 3/4 variables -> HRa med 1h, Ll acu 1 h, Ta med 1h
[2026-09-27 09:40:13] 226: 3/4 variables -> HRa med 1h, Ll acu 1 h, Ta med 1h
[2026-09-27 09:40:13] 227: 3/4 variables -> HRa med 1h, Ll acu 1 h, Ta med 1h
[2026-09-27 09:40:14] 228: 3/4 variables -> HRa med 1h, Ll acu 1 h, Ta med 1h
[2026-09-27 09:40:15] 229: 3/4 variables -> HRa med 1h, Ll acu 1 h, Ta med 1h
[2026-09-27 09:40:15] 230: SIN DATOS EN EL ÚLTIMO DÍA
[2026-09-27 09:40:16] 231: 3/4 variables -> HRa med 1h, Ll acu 1 h, Ta med 1h
[2026-09-27 09:40:16] 232: 3/4 variables -> HRa med 1h, Ll acu 1 h, Ta med 1h
[2026-09-27 09:40:17] 233: SIN DATOS EN EL ÚLTIMO DÍA
[2026-09-27 09:40:17] 234: 3/4 variables -> HRa med 1h, Ll acu 1 h, Ta med 1h
[2026-09-27 09:40:18] 235: 3/4 variables -> HRa med 1h, Ll acu 1 h, Ta med 1h
[2026-09-27 09:40:18] 236: 3/4 variables -> HRa med 1h, Ll acu 1 h, Ta med 1h
[2026-09-27 09:40:19] 237: SIN DATOS EN EL ÚLTIMO DÍA
[2026-09-27 09:40:19] 238: 3/4 variables -> HRa med 1h, Ll acu 1 h, Ta med 1h
[2026-09-27 09:40:20] 239: SIN DATOS EN EL ÚLTIMO DÍA
[2026-09-27 09:40:21] 240: 3/4 variables -> HRa med 1h, Ll acu 1 h, Ta med 1h
[2026-09-27 09:40:21] 241: 3/4 variables -> HRa med 1h, Ll acu 1 h, Ta med 1h
[2026-09-27 09:40:22] 242: 3/4 variables -> HRa med 1h, Ll acu 1 h, Ta med 1h
[2026-09-27 09:40:22] 243: 3/4 variables -> HRa med 1h, Ll acu 1 h, Ta med 1h
[2026-09-27 09:40:23] 244: 3/4 variables -> HRa med 1h, Ll acu 1 h, Ta med 1h
[2026-09-27 09:40:23] 245: 3/4 variables -> HRa med 1h, Ll acu 1 h, Ta med 1h
[2026-09-27 09:40:24] 246: 3/4 variables -> HRa med 1h, Ll acu 1 h, Ta med 1h
[2026-09-27 09:40:25] 247: 3/4 variables -> HRa med 1h, Ll acu 1 h, Ta med 1h
[2026-09-27 09:40:25] 215: histórico actualizado -> 99 filas
[2026-09-27 09:40:25] 216: histórico actualizado -> 78 filas
[2026-09-27 09:40:25] 217: histórico actualizado -> 99 filas
[2026-09-27 09:40:25] 218: histórico actualizado -> 101 filas
[2026-09-27 09:40:25] 220: histórico actualizado -> 98 filas
[2026-09-27 09:40:25] 221: histórico actualizado -> 199 filas
[2026-09-27 09:40:25] 223: histórico actualizado -> 197 filas
[2026-09-27 09:40:25] 225: histórico actualizado -> 198 filas
[2026-09-27 09:40:25] 226: histórico actualizado -> 198 filas
[2026-09-27 09:40:25] 227: histórico actualizado -> 199 filas
[2026-09-27 09:40:25] 228: histórico actualizado -> 197 filas
[2026-09-27 09:40:25] 229: histórico actualizado -> 197 filas
[2026-09-27 09:40:26] 231: histórico actualizado -> 197 filas
[2026-09-27 09:40:26] 232: histórico actualizado -> 177 filas
[2026-09-27 09:40:26] 234: histórico actualizado -> 195 filas
[2026-09-27 09:40:26] 235: histórico actualizado -> 169 filas
[2026-09-27 09:40:26] 236: histórico actualizado -> 196 filas
[2026-09-27 09:40:26] 238: histórico actualizado -> 199 filas
[2026-09-27 09:40:26] 240: histórico actualizado -> 163 filas
[2026-09-27 09:40:26] 241: histórico actualizado -> 104 filas
[2026-09-27 09:40:26] 242: histórico actualizado -> 180 filas
[2026-09-27 09:40:26] 243: histórico actualizado -> 197 filas
[2026-09-27 09:40:26] 244: histórico actualizado -> 81 filas
[2026-09-27 09:40:26] 245: histórico actualizado -> 150 filas
[2026-09-27 09:40:26] 246: histórico actualizado -> 56 filas
[2026-09-27 09:40:26] 247: histórico actualizado -> 178 filas
[2026-09-27 09:40:26] Catálogo actualizado: 32 estaciones
[2026-09-27 09:40:26] FIN DEL PROCESO - 21.6 segundos
[2026-09-27 10:40:04] INICIO DEL PROCESO
[2026-09-27 10:40:04] Abriendo página de login...
[2026-09-27 10:40:05] Realizando login...
[2026-09-27 10:40:05] LOGIN OK -> https://polaris.adrtecnology.com/gis/map
[2026-09-27 10:40:05] Estaciones conservadas del catálogo histórico: 32
[2026-09-27 10:40:05] Estaciones obtenidas desde viewer: 20
[2026-09-27 10:40:07] Estaciones obtenidas directamente desde GIS: 32
[2026-09-27 10:40:07] 200: SIN DATOS EN EL ÚLTIMO DÍA
[2026-09-27 10:40:08] 215: 1/4 variables -> Ll acu 1 h
[2026-09-27 10:40:08] 216: 3/4 variables -> HRa med 1h, Ll acu 1 h, Ta med 1h
[2026-09-27 10:40:09] 217: 3/4 variables -> HRa med 1h, Ll acu 1 h, Ta med 1h
[2026-09-27 10:40:09] 218: 2/4 variables -> Ll acu 1 h, Ta med 1h
[2026-09-27 10:40:10] 220: 1/4 variables -> PP Acc (1h)
[2026-09-27 10:40:10] 221: 3/4 variables -> HRa med 1h, Ll acu 1 h, Ta med 1h
[2026-09-27 10:40:11] 223: 3/4 variables -> HRa med 1h, Ll acu 1 h, Ta med 1h
[2026-09-27 10:40:11] 224: SIN DATOS EN EL ÚLTIMO DÍA
[2026-09-27 10:40:12] 225: 3/4 variables -> HRa med 1h, Ll acu 1 h, Ta med 1h
[2026-09-27 10:40:13] 226: 3/4 variables -> HRa med 1h, Ll acu 1 h, Ta med 1h
[2026-09-27 10:40:13] 227: 3/4 variables -> HRa med 1h, Ll acu 1 h, Ta med 1h
[2026-09-27 10:40:14] 228: 3/4 variables -> HRa med 1h, Ll acu 1 h, Ta med 1h
[2026-09-27 10:40:14] 229: 3/4 variables -> HRa med 1h, Ll acu 1 h, Ta med 1h
[2026-09-27 10:40:15] 230: SIN DATOS EN EL ÚLTIMO DÍA
[2026-09-27 10:40:15] 231: 3/4 variables -> HRa med 1h, Ll acu 1 h, Ta med 1h
[2026-09-27 10:40:16] 232: 3/4 variables -> HRa med 1h, Ll acu 1 h, Ta med 1h
[2026-09-27 10:40:16] 233: SIN DATOS EN EL ÚLTIMO DÍA
[2026-09-27 10:40:17] 234: 3/4 variables -> HRa med 1h, Ll acu 1 h, Ta med 1h
[2026-09-27 10:40:17] 235: 3/4 variables -> HRa med 1h, Ll acu 1 h, Ta med 1h
[2026-09-27 10:40:18] 236: 3/4 variables -> HRa med 1h, Ll acu 1 h, Ta med 1h
[2026-09-27 10:40:19] 237: SIN DATOS EN EL ÚLTIMO DÍA
[2026-09-27 10:40:19] 238: 3/4 variables -> HRa med 1h, Ll acu 1 h, Ta med 1h
[2026-09-27 10:40:20] 239: SIN DATOS EN EL ÚLTIMO DÍA
[2026-09-27 10:40:20] 240: 3/4 variables -> HRa med 1h, Ll acu 1 h, Ta med 1h
[2026-09-27 10:40:21] 241: 3/4 variables -> HRa med 1h, Ll acu 1 h, Ta med 1h
[2026-09-27 10:40:21] 242: 3/4 variables -> HRa med 1h, Ll acu 1 h, Ta med 1h
[2026-09-27 10:40:22] 243: 3/4 variables -> HRa med 1h, Ll acu 1 h, Ta med 1h
[2026-09-27 10:40:23] 244: 3/4 variables -> HRa med 1h, Ll acu 1 h, Ta med 1h
[2026-09-27 10:40:23] 245: 3/4 variables -> HRa med 1h, Ll acu 1 h, Ta med 1h
[2026-09-27 10:40:24] 246: 3/4 variables -> HRa med 1h, Ll acu 1 h, Ta med 1h
[2026-09-27 10:40:24] 247: 3/4 variables -> HRa med 1h, Ll acu 1 h, Ta med 1h
[2026-09-27 10:40:24] 215: histórico actualizado -> 100 filas
[2026-09-27 10:40:24] 216: histórico actualizado -> 78 filas
[2026-09-27 10:40:24] 217: histórico actualizado -> 100 filas
[2026-09-27 10:40:24] 218: histórico actualizado -> 102 filas
[2026-09-27 10:40:24] 220: histórico actualizado -> 99 filas
[2026-09-27 10:40:25] 221: histórico actualizado -> 201 filas
[2026-09-27 10:40:25] 223: histórico actualizado -> 199 filas
[2026-09-27 10:40:25] 225: histórico actualizado -> 200 filas
[2026-09-27 10:40:25] 226: histórico actualizado -> 200 filas
[2026-09-27 10:40:25] 227: histórico actualizado -> 201 filas
[2026-09-27 10:40:25] 228: histórico actualizado -> 199 filas
[2026-09-27 10:40:25] 229: histórico actualizado -> 199 filas
[2026-09-27 10:40:25] 231: histórico actualizado -> 199 filas
[2026-09-27 10:40:25] 232: histórico actualizado -> 179 filas
[2026-09-27 10:40:25] 234: histórico actualizado -> 196 filas
[2026-09-27 10:40:25] 235: histórico actualizado -> 171 filas
[2026-09-27 10:40:25] 236: histórico actualizado -> 198 filas
[2026-09-27 10:40:25] 238: histórico actualizado -> 201 filas
[2026-09-27 10:40:25] 240: histórico actualizado -> 165 filas
[2026-09-27 10:40:25] 241: histórico actualizado -> 106 filas
[2026-09-27 10:40:25] 242: histórico actualizado -> 182 filas
[2026-09-27 10:40:25] 243: histórico actualizado -> 199 filas
[2026-09-27 10:40:25] 244: histórico actualizado -> 82 filas
[2026-09-27 10:40:25] 245: histórico actualizado -> 150 filas
[2026-09-27 10:40:25] 246: histórico actualizado -> 56 filas
[2026-09-27 10:40:25] 247: histórico actualizado -> 178 filas
[2026-09-27 10:40:25] Catálogo actualizado: 32 estaciones
[2026-09-27 10:40:25] FIN DEL PROCESO - 21.3 segundos
[2026-09-27 11:40:04] INICIO DEL PROCESO
[2026-09-27 11:40:04] Abriendo página de login...
[2026-09-27 11:40:05] Realizando login...
[2026-09-27 11:40:05] LOGIN OK -> https://polaris.adrtecnology.com/gis/map
[2026-09-27 11:40:05] Estaciones conservadas del catálogo histórico: 32
[2026-09-27 11:40:06] Estaciones obtenidas desde viewer: 20
[2026-09-27 11:40:07] Estaciones obtenidas directamente desde GIS: 32
[2026-09-27 11:40:07] 200: SIN DATOS EN EL ÚLTIMO DÍA
[2026-09-27 11:40:08] 215: 1/4 variables -> Ll acu 1 h
[2026-09-27 11:40:08] 216: 3/4 variables -> HRa med 1h, Ll acu 1 h, Ta med 1h
[2026-09-27 11:40:09] 217: 3/4 variables -> HRa med 1h, Ll acu 1 h, Ta med 1h
[2026-09-27 11:40:09] 218: 2/4 variables -> Ll acu 1 h, Ta med 1h
[2026-09-27 11:40:10] 220: 1/4 variables -> PP Acc (1h)
[2026-09-27 11:40:11] 221: 3/4 variables -> HRa med 1h, Ll acu 1 h, Ta med 1h
[2026-09-27 11:40:11] 223: 3/4 variables -> HRa med 1h, Ll acu 1 h, Ta med 1h
[2026-09-27 11:40:12] 224: SIN DATOS EN EL ÚLTIMO DÍA
[2026-09-27 11:40:12] 225: 3/4 variables -> HRa med 1h, Ll acu 1 h, Ta med 1h
[2026-09-27 11:40:13] 226: 3/4 variables -> HRa med 1h, Ll acu 1 h, Ta med 1h
[2026-09-27 11:40:13] 227: 3/4 variables -> HRa med 1h, Ll acu 1 h, Ta med 1h
[2026-09-27 11:40:14] 228: 3/4 variables -> HRa med 1h, Ll acu 1 h, Ta med 1h
[2026-09-27 11:40:14] 229: 3/4 variables -> HRa med 1h, Ll acu 1 h, Ta med 1h
[2026-09-27 11:40:15] 230: SIN DATOS EN EL ÚLTIMO DÍA
[2026-09-27 11:40:15] 231: 3/4 variables -> HRa med 1h, Ll acu 1 h, Ta med 1h
[2026-09-27 11:40:16] 232: 3/4 variables -> HRa med 1h, Ll acu 1 h, Ta med 1h
[2026-09-27 11:40:16] 233: SIN DATOS EN EL ÚLTIMO DÍA
[2026-09-27 11:40:17] 234: 3/4 variables -> HRa med 1h, Ll acu 1 h, Ta med 1h
[2026-09-27 11:40:17] 235: 3/4 variables -> HRa med 1h, Ll acu 1 h, Ta med 1h
[2026-09-27 11:40:18] 236: 3/4 variables -> HRa med 1h, Ll acu 1 h, Ta med 1h
[2026-09-27 11:40:19] 237: SIN DATOS EN EL ÚLTIMO DÍA
[2026-09-27 11:40:19] 238: 3/4 variables -> HRa med 1h, Ll acu 1 h, Ta med 1h
[2026-09-27 11:40:20] 239: SIN DATOS EN EL ÚLTIMO DÍA
[2026-09-27 11:40:20] 240: 3/4 variables -> HRa med 1h, Ll acu 1 h, Ta med 1h
[2026-09-27 11:40:21] 241: 3/4 variables -> HRa med 1h, Ll acu 1 h, Ta med 1h
[2026-09-27 11:40:21] 242: 3/4 variables -> HRa med 1h, Ll acu 1 h, Ta med 1h
[2026-09-27 11:40:22] 243: 3/4 variables -> HRa med 1h, Ll acu 1 h, Ta med 1h
[2026-09-27 11:40:22] 244: 3/4 variables -> HRa med 1h, Ll acu 1 h, Ta med 1h
[2026-09-27 11:40:23] 245: 3/4 variables -> HRa med 1h, Ll acu 1 h, Ta med 1h
[2026-09-27 11:40:23] 246: 3/4 variables -> HRa med 1h, Ll acu 1 h, Ta med 1h
[2026-09-27 11:40:24] 247: 3/4 variables -> HRa med 1h, Ll acu 1 h, Ta med 1h
[2026-09-27 11:40:24] 215: histórico actualizado -> 101 filas
[2026-09-27 11:40:24] 216: histórico actualizado -> 78 filas
[2026-09-27 11:40:24] 217: histórico actualizado -> 101 filas
[2026-09-27 11:40:24] 218: histórico actualizado -> 103 filas
[2026-09-27 11:40:24] 220: histórico actualizado -> 100 filas
[2026-09-27 11:40:24] 221: histórico actualizado -> 203 filas
[2026-09-27 11:40:24] 223: histórico actualizado -> 201 filas
[2026-09-27 11:40:24] 225: histórico actualizado -> 202 filas
[2026-09-27 11:40:24] 226: histórico actualizado -> 202 filas
[2026-09-27 11:40:25] 227: histórico actualizado -> 203 filas
[2026-09-27 11:40:25] 228: histórico actualizado -> 201 filas
[2026-09-27 11:40:25] 229: histórico actualizado -> 201 filas
[2026-09-27 11:40:25] 231: histórico actualizado -> 201 filas
[2026-09-27 11:40:25] 232: histórico actualizado -> 181 filas
[2026-09-27 11:40:25] 234: histórico actualizado -> 196 filas
[2026-09-27 11:40:25] 235: histórico actualizado -> 173 filas
[2026-09-27 11:40:25] 236: histórico actualizado -> 200 filas
[2026-09-27 11:40:25] 238: histórico actualizado -> 203 filas
[2026-09-27 11:40:25] 240: histórico actualizado -> 167 filas
[2026-09-27 11:40:25] 241: histórico actualizado -> 107 filas
[2026-09-27 11:40:25] 242: histórico actualizado -> 184 filas
[2026-09-27 11:40:25] 243: histórico actualizado -> 201 filas
[2026-09-27 11:40:25] 244: histórico actualizado -> 82 filas
[2026-09-27 11:40:25] 245: histórico actualizado -> 152 filas
[2026-09-27 11:40:25] 246: histórico actualizado -> 58 filas
[2026-09-27 11:40:25] 247: histórico actualizado -> 178 filas
[2026-09-27 11:40:25] Catálogo actualizado: 32 estaciones
[2026-09-27 11:40:25] FIN DEL PROCESO - 20.8 segundos
[2026-09-27 12:40:03] INICIO DEL PROCESO
[2026-09-27 12:40:03] Abriendo página de login...
[2026-09-27 12:40:04] Realizando login...
[2026-09-27 12:40:04] LOGIN OK -> https://polaris.adrtecnology.com/gis/map
[2026-09-27 12:40:04] Estaciones conservadas del catálogo histórico: 32
[2026-09-27 12:40:05] Estaciones obtenidas desde viewer: 20
[2026-09-27 12:40:06] Estaciones obtenidas directamente desde GIS: 32
[2026-09-27 12:40:07] 200: SIN DATOS EN EL ÚLTIMO DÍA
[2026-09-27 12:40:07] 215: 1/4 variables -> Ll acu 1 h
[2026-09-27 12:40:08] 216: 3/4 variables -> HRa med 1h, Ll acu 1 h, Ta med 1h
[2026-09-27 12:40:08] 217: 3/4 variables -> HRa med 1h, Ll acu 1 h, Ta med 1h
[2026-09-27 12:40:09] 218: 2/4 variables -> Ll acu 1 h, Ta med 1h
[2026-09-27 12:40:09] 220: 1/4 variables -> PP Acc (1h)
[2026-09-27 12:40:10] 221: 3/4 variables -> HRa med 1h, Ll acu 1 h, Ta med 1h
[2026-09-27 12:40:10] 223: 3/4 variables -> HRa med 1h, Ll acu 1 h, Ta med 1h
[2026-09-27 12:40:11] 224: SIN DATOS EN EL ÚLTIMO DÍA
[2026-09-27 12:40:11] 225: 3/4 variables -> HRa med 1h, Ll acu 1 h, Ta med 1h
[2026-09-27 12:40:12] 226: 3/4 variables -> HRa med 1h, Ll acu 1 h, Ta med 1h
[2026-09-27 12:40:12] 227: 3/4 variables -> HRa med 1h, Ll acu 1 h, Ta med 1h
[2026-09-27 12:40:13] 228: 3/4 variables -> HRa med 1h, Ll acu 1 h, Ta med 1h
[2026-09-27 12:40:13] 229: 3/4 variables -> HRa med 1h, Ll acu 1 h, Ta med 1h
[2026-09-27 12:40:14] 230: SIN DATOS EN EL ÚLTIMO DÍA
[2026-09-27 12:40:15] 231: 3/4 variables -> HRa med 1h, Ll acu 1 h, Ta med 1h
[2026-09-27 12:40:15] 232: 3/4 variables -> HRa med 1h, Ll acu 1 h, Ta med 1h
[2026-09-27 12:40:16] 233: SIN DATOS EN EL ÚLTIMO DÍA
[2026-09-27 12:40:16] 234: 3/4 variables -> HRa med 1h, Ll acu 1 h, Ta med 1h
[2026-09-27 12:40:17] 235: 3/4 variables -> HRa med 1h, Ll acu 1 h, Ta med 1h
[2026-09-27 12:40:17] 236: 3/4 variables -> HRa med 1h, Ll acu 1 h, Ta med 1h
[2026-09-27 12:40:18] 237: SIN DATOS EN EL ÚLTIMO DÍA
[2026-09-27 12:40:18] 238: 3/4 variables -> HRa med 1h, Ll acu 1 h, Ta med 1h
[2026-09-27 12:40:19] 239: SIN DATOS EN EL ÚLTIMO DÍA
[2026-09-27 12:40:19] 240: 3/4 variables -> HRa med 1h, Ll acu 1 h, Ta med 1h
[2026-09-27 12:40:20] 241: 3/4 variables -> HRa med 1h, Ll acu 1 h, Ta med 1h
[2026-09-27 12:40:21] 242: 3/4 variables -> HRa med 1h, Ll acu 1 h, Ta med 1h
[2026-09-27 12:40:21] 243: 3/4 variables -> HRa med 1h, Ll acu 1 h, Ta med 1h
[2026-09-27 12:40:22] 244: 3/4 variables -> HRa med 1h, Ll acu 1 h, Ta med 1h
[2026-09-27 12:40:22] 245: 3/4 variables -> HRa med 1h, Ll acu 1 h, Ta med 1h
[2026-09-27 12:40:23] 246: 3/4 variables -> HRa med 1h, Ll acu 1 h, Ta med 1h
[2026-09-27 12:40:23] 247: 3/4 variables -> HRa med 1h, Ll acu 1 h, Ta med 1h
[2026-09-27 12:40:24] 215: histórico actualizado -> 102 filas
[2026-09-27 12:40:24] 216: histórico actualizado -> 78 filas
[2026-09-27 12:40:24] 217: histórico actualizado -> 102 filas
[2026-09-27 12:40:24] 218: histórico actualizado -> 104 filas
[2026-09-27 12:40:24] 220: histórico actualizado -> 101 filas
[2026-09-27 12:40:24] 221: histórico actualizado -> 205 filas
[2026-09-27 12:40:24] 223: histórico actualizado -> 203 filas
[2026-09-27 12:40:24] 225: histórico actualizado -> 204 filas
[2026-09-27 12:40:24] 226: histórico actualizado -> 204 filas
[2026-09-27 12:40:24] 227: histórico actualizado -> 205 filas
[2026-09-27 12:40:24] 228: histórico actualizado -> 203 filas
[2026-09-27 12:40:24] 229: histórico actualizado -> 203 filas
[2026-09-27 12:40:24] 231: histórico actualizado -> 203 filas
[2026-09-27 12:40:24] 232: histórico actualizado -> 183 filas
[2026-09-27 12:40:24] 234: histórico actualizado -> 198 filas
[2026-09-27 12:40:24] 235: histórico actualizado -> 175 filas
[2026-09-27 12:40:24] 236: histórico actualizado -> 202 filas
[2026-09-27 12:40:25] 238: histórico actualizado -> 205 filas
[2026-09-27 12:40:25] 240: histórico actualizado -> 169 filas
[2026-09-27 12:40:25] 241: histórico actualizado -> 108 filas
[2026-09-27 12:40:25] 242: histórico actualizado -> 185 filas
[2026-09-27 12:40:25] 243: histórico actualizado -> 203 filas
[2026-09-27 12:40:25] 244: histórico actualizado -> 84 filas
[2026-09-27 12:40:25] 245: histórico actualizado -> 154 filas
[2026-09-27 12:40:25] 246: histórico actualizado -> 60 filas
[2026-09-27 12:40:25] 247: histórico actualizado -> 178 filas
[2026-09-27 12:40:25] Catálogo actualizado: 32 estaciones
[2026-09-27 12:40:25] FIN DEL PROCESO - 21.5 segundos
[2026-09-27 13:40:04] INICIO DEL PROCESO
[2026-09-27 13:40:04] Abriendo página de login...
[2026-09-27 13:40:05] Realizando login...
[2026-09-27 13:40:05] LOGIN OK -> https://polaris.adrtecnology.com/gis/map
[2026-09-27 13:40:05] Estaciones conservadas del catálogo histórico: 32
[2026-09-27 13:40:05] Estaciones obtenidas desde viewer: 20
[2026-09-27 13:40:07] Estaciones obtenidas directamente desde GIS: 32
[2026-09-27 13:40:07] 200: SIN DATOS EN EL ÚLTIMO DÍA
[2026-09-27 13:40:08] 215: 1/4 variables -> Ll acu 1 h
[2026-09-27 13:40:08] 216: 3/4 variables -> HRa med 1h, Ll acu 1 h, Ta med 1h
[2026-09-27 13:40:09] 217: 3/4 variables -> HRa med 1h, Ll acu 1 h, Ta med 1h
[2026-09-27 13:40:09] 218: 2/4 variables -> Ll acu 1 h, Ta med 1h
[2026-09-27 13:40:10] 220: 1/4 variables -> PP Acc (1h)
[2026-09-27 13:40:11] 221: 3/4 variables -> HRa med 1h, Ll acu 1 h, Ta med 1h
[2026-09-27 13:40:11] 223: 3/4 variables -> HRa med 1h, Ll acu 1 h, Ta med 1h
[2026-09-27 13:40:12] 224: SIN DATOS EN EL ÚLTIMO DÍA
[2026-09-27 13:40:12] 225: 3/4 variables -> HRa med 1h, Ll acu 1 h, Ta med 1h
[2026-09-27 13:40:13] 226: 3/4 variables -> HRa med 1h, Ll acu 1 h, Ta med 1h
[2026-09-27 13:40:13] 227: 3/4 variables -> HRa med 1h, Ll acu 1 h, Ta med 1h
[2026-09-27 13:40:14] 228: 3/4 variables -> HRa med 1h, Ll acu 1 h, Ta med 1h
[2026-09-27 13:40:14] 229: 3/4 variables -> HRa med 1h, Ll acu 1 h, Ta med 1h
[2026-09-27 13:40:15] 230: SIN DATOS EN EL ÚLTIMO DÍA
[2026-09-27 13:40:15] 231: 3/4 variables -> HRa med 1h, Ll acu 1 h, Ta med 1h
[2026-09-27 13:40:16] 232: 3/4 variables -> HRa med 1h, Ll acu 1 h, Ta med 1h
[2026-09-27 13:40:16] 233: SIN DATOS EN EL ÚLTIMO DÍA
[2026-09-27 13:40:17] 234: 3/4 variables -> HRa med 1h, Ll acu 1 h, Ta med 1h
[2026-09-27 13:40:17] 235: 3/4 variables -> HRa med 1h, Ll acu 1 h, Ta med 1h
[2026-09-27 13:40:18] 236: 3/4 variables -> HRa med 1h, Ll acu 1 h, Ta med 1h
[2026-09-27 13:40:19] 237: SIN DATOS EN EL ÚLTIMO DÍA
[2026-09-27 13:40:19] 238: 3/4 variables -> HRa med 1h, Ll acu 1 h, Ta med 1h
[2026-09-27 13:40:20] 239: SIN DATOS EN EL ÚLTIMO DÍA
[2026-09-27 13:40:20] 240: 3/4 variables -> HRa med 1h, Ll acu 1 h, Ta med 1h
[2026-09-27 13:40:21] 241: 3/4 variables -> HRa med 1h, Ll acu 1 h, Ta med 1h
[2026-09-27 13:40:21] 242: 3/4 variables -> HRa med 1h, Ll acu 1 h, Ta med 1h
[2026-09-27 13:40:22] 243: 3/4 variables -> HRa med 1h, Ll acu 1 h, Ta med 1h
[2026-09-27 13:40:22] 244: 3/4 variables -> HRa med 1h, Ll acu 1 h, Ta med 1h
[2026-09-27 13:40:23] 245: 3/4 variables -> HRa med 1h, Ll acu 1 h, Ta med 1h
[2026-09-27 13:40:23] 246: 3/4 variables -> HRa med 1h, Ll acu 1 h, Ta med 1h
[2026-09-27 13:40:24] 247: 3/4 variables -> HRa med 1h, Ll acu 1 h, Ta med 1h
[2026-09-27 13:40:24] 215: histórico actualizado -> 103 filas
[2026-09-27 13:40:24] 216: histórico actualizado -> 78 filas
[2026-09-27 13:40:24] 217: histórico actualizado -> 103 filas
[2026-09-27 13:40:24] 218: histórico actualizado -> 105 filas
[2026-09-27 13:40:24] 220: histórico actualizado -> 102 filas
[2026-09-27 13:40:25] 221: histórico actualizado -> 207 filas
[2026-09-27 13:40:25] 223: histórico actualizado -> 205 filas
[2026-09-27 13:40:25] 225: histórico actualizado -> 206 filas
[2026-09-27 13:40:25] 226: histórico actualizado -> 206 filas
[2026-09-27 13:40:25] 227: histórico actualizado -> 207 filas
[2026-09-27 13:40:25] 228: histórico actualizado -> 205 filas
[2026-09-27 13:40:25] 229: histórico actualizado -> 205 filas
[2026-09-27 13:40:25] 231: histórico actualizado -> 205 filas
[2026-09-27 13:40:25] 232: histórico actualizado -> 185 filas
[2026-09-27 13:40:25] 234: histórico actualizado -> 200 filas
[2026-09-27 13:40:25] 235: histórico actualizado -> 177 filas
[2026-09-27 13:40:25] 236: histórico actualizado -> 204 filas
[2026-09-27 13:40:25] 238: histórico actualizado -> 207 filas
[2026-09-27 13:40:25] 240: histórico actualizado -> 171 filas
[2026-09-27 13:40:25] 241: histórico actualizado -> 108 filas
[2026-09-27 13:40:25] 242: histórico actualizado -> 185 filas
[2026-09-27 13:40:25] 243: histórico actualizado -> 205 filas
[2026-09-27 13:40:25] 244: histórico actualizado -> 86 filas
[2026-09-27 13:40:25] 245: histórico actualizado -> 156 filas
[2026-09-27 13:40:25] 246: histórico actualizado -> 62 filas
[2026-09-27 13:40:26] 247: histórico actualizado -> 178 filas
[2026-09-27 13:40:26] Catálogo actualizado: 32 estaciones
[2026-09-27 13:40:26] FIN DEL PROCESO - 21.3 segundos
[2026-09-27 14:40:04] INICIO DEL PROCESO
[2026-09-27 14:40:04] Abriendo página de login...
[2026-09-27 14:40:05] Realizando login...
[2026-09-27 14:40:05] LOGIN OK -> https://polaris.adrtecnology.com/gis/map
[2026-09-27 14:40:06] Estaciones conservadas del catálogo histórico: 32
[2026-09-27 14:40:06] Estaciones obtenidas desde viewer: 20
[2026-09-27 14:40:07] Estaciones obtenidas directamente desde GIS: 32
[2026-09-27 14:40:08] 200: SIN DATOS EN EL ÚLTIMO DÍA
[2026-09-27 14:40:08] 215: 1/4 variables -> Ll acu 1 h
[2026-09-27 14:40:09] 216: 3/4 variables -> HRa med 1h, Ll acu 1 h, Ta med 1h
[2026-09-27 14:40:09] 217: 3/4 variables -> HRa med 1h, Ll acu 1 h, Ta med 1h
[2026-09-27 14:40:10] 218: 2/4 variables -> Ll acu 1 h, Ta med 1h
[2026-09-27 14:40:10] 220: 1/4 variables -> PP Acc (1h)
[2026-09-27 14:40:11] 221: 3/4 variables -> HRa med 1h, Ll acu 1 h, Ta med 1h
[2026-09-27 14:40:11] 223: 3/4 variables -> HRa med 1h, Ll acu 1 h, Ta med 1h
[2026-09-27 14:40:12] 224: SIN DATOS EN EL ÚLTIMO DÍA
[2026-09-27 14:40:13] 225: 3/4 variables -> HRa med 1h, Ll acu 1 h, Ta med 1h
[2026-09-27 14:40:13] 226: 3/4 variables -> HRa med 1h, Ll acu 1 h, Ta med 1h
[2026-09-27 14:40:14] 227: 3/4 variables -> HRa med 1h, Ll acu 1 h, Ta med 1h
[2026-09-27 14:40:14] 228: 3/4 variables -> HRa med 1h, Ll acu 1 h, Ta med 1h
[2026-09-27 14:40:15] 229: 3/4 variables -> HRa med 1h, Ll acu 1 h, Ta med 1h
[2026-09-27 14:40:15] 230: SIN DATOS EN EL ÚLTIMO DÍA
[2026-09-27 14:40:16] 231: 3/4 variables -> HRa med 1h, Ll acu 1 h, Ta med 1h
[2026-09-27 14:40:16] 232: 3/4 variables -> HRa med 1h, Ll acu 1 h, Ta med 1h
[2026-09-27 14:40:17] 233: SIN DATOS EN EL ÚLTIMO DÍA
[2026-09-27 14:40:17] 234: 3/4 variables -> HRa med 1h, Ll acu 1 h, Ta med 1h
[2026-09-27 14:40:18] 235: 3/4 variables -> HRa med 1h, Ll acu 1 h, Ta med 1h
[2026-09-27 14:40:18] 236: 3/4 variables -> HRa med 1h, Ll acu 1 h, Ta med 1h
[2026-09-27 14:40:19] 237: SIN DATOS EN EL ÚLTIMO DÍA
[2026-09-27 14:40:20] 238: 3/4 variables -> HRa med 1h, Ll acu 1 h, Ta med 1h
[2026-09-27 14:40:20] 239: SIN DATOS EN EL ÚLTIMO DÍA
[2026-09-27 14:40:21] 240: 3/4 variables -> HRa med 1h, Ll acu 1 h, Ta med 1h
[2026-09-27 14:40:21] 241: 3/4 variables -> HRa med 1h, Ll acu 1 h, Ta med 1h
[2026-09-27 14:40:22] 242: 3/4 variables -> HRa med 1h, Ll acu 1 h, Ta med 1h
[2026-09-27 14:40:22] 243: 3/4 variables -> HRa med 1h, Ll acu 1 h, Ta med 1h
[2026-09-27 14:40:23] 244: 3/4 variables -> HRa med 1h, Ll acu 1 h, Ta med 1h
[2026-09-27 14:40:23] 245: 3/4 variables -> HRa med 1h, Ll acu 1 h, Ta med 1h
[2026-09-27 14:40:24] 246: 3/4 variables -> HRa med 1h, Ll acu 1 h, Ta med 1h
[2026-09-27 14:40:24] 247: 3/4 variables -> HRa med 1h, Ll acu 1 h, Ta med 1h
[2026-09-27 14:40:25] 215: histórico actualizado -> 104 filas
[2026-09-27 14:40:25] 216: histórico actualizado -> 78 filas
[2026-09-27 14:40:25] 217: histórico actualizado -> 104 filas
[2026-09-27 14:40:25] 218: histórico actualizado -> 106 filas
[2026-09-27 14:40:25] 220: histórico actualizado -> 103 filas
[2026-09-27 14:40:25] 221: histórico actualizado -> 209 filas
[2026-09-27 14:40:25] 223: histórico actualizado -> 207 filas
[2026-09-27 14:40:25] 225: histórico actualizado -> 208 filas
[2026-09-27 14:40:25] 226: histórico actualizado -> 208 filas
[2026-09-27 14:40:25] 227: histórico actualizado -> 209 filas
[2026-09-27 14:40:25] 228: histórico actualizado -> 207 filas
[2026-09-27 14:40:25] 229: histórico actualizado -> 207 filas
[2026-09-27 14:40:25] 231: histórico actualizado -> 207 filas
[2026-09-27 14:40:25] 232: histórico actualizado -> 187 filas
[2026-09-27 14:40:25] 234: histórico actualizado -> 200 filas
[2026-09-27 14:40:25] 235: histórico actualizado -> 178 filas
[2026-09-27 14:40:25] 236: histórico actualizado -> 206 filas
[2026-09-27 14:40:26] 238: histórico actualizado -> 209 filas
[2026-09-27 14:40:26] 240: histórico actualizado -> 173 filas
[2026-09-27 14:40:26] 241: histórico actualizado -> 108 filas
[2026-09-27 14:40:26] 242: histórico actualizado -> 185 filas
[2026-09-27 14:40:26] 243: histórico actualizado -> 207 filas
[2026-09-27 14:40:26] 244: histórico actualizado -> 88 filas
[2026-09-27 14:40:26] 245: histórico actualizado -> 156 filas
[2026-09-27 14:40:26] 246: histórico actualizado -> 63 filas
[2026-09-27 14:40:26] 247: histórico actualizado -> 178 filas
[2026-09-27 14:40:26] Catálogo actualizado: 32 estaciones
[2026-09-27 14:40:26] FIN DEL PROCESO - 21.6 segundos
[2026-09-27 15:40:06] INICIO DEL PROCESO
[2026-09-27 15:40:06] Abriendo página de login...
[2026-09-27 15:40:06] Realizando login...
[2026-09-27 15:40:07] LOGIN OK -> https://polaris.adrtecnology.com/gis/map
[2026-09-27 15:40:07] Estaciones conservadas del catálogo histórico: 32
[2026-09-27 15:40:07] Estaciones obtenidas desde viewer: 20
[2026-09-27 15:40:09] Estaciones obtenidas directamente desde GIS: 32
[2026-09-27 15:40:10] 200: SIN DATOS EN EL ÚLTIMO DÍA
[2026-09-27 15:40:10] 215: 1/4 variables -> Ll acu 1 h
[2026-09-27 15:40:11] 216: 3/4 variables -> HRa med 1h, Ll acu 1 h, Ta med 1h
[2026-09-27 15:40:11] 217: 3/4 variables -> HRa med 1h, Ll acu 1 h, Ta med 1h
[2026-09-27 15:40:12] 218: 2/4 variables -> Ll acu 1 h, Ta med 1h
[2026-09-27 15:40:12] 220: 1/4 variables -> PP Acc (1h)
[2026-09-27 15:40:13] 221: 3/4 variables -> HRa med 1h, Ll acu 1 h, Ta med 1h
[2026-09-27 15:40:13] 223: 3/4 variables -> HRa med 1h, Ll acu 1 h, Ta med 1h
[2026-09-27 15:40:14] 224: SIN DATOS EN EL ÚLTIMO DÍA
[2026-09-27 15:40:14] 225: 3/4 variables -> HRa med 1h, Ll acu 1 h, Ta med 1h
[2026-09-27 15:40:15] 226: 3/4 variables -> HRa med 1h, Ll acu 1 h, Ta med 1h
[2026-09-27 15:40:16] 227: 3/4 variables -> HRa med 1h, Ll acu 1 h, Ta med 1h
[2026-09-27 15:40:16] 228: 3/4 variables -> HRa med 1h, Ll acu 1 h, Ta med 1h
[2026-09-27 15:40:17] 229: 3/4 variables -> HRa med 1h, Ll acu 1 h, Ta med 1h
[2026-09-27 15:40:17] 230: SIN DATOS EN EL ÚLTIMO DÍA
[2026-09-27 15:40:18] 231: 3/4 variables -> HRa med 1h, Ll acu 1 h, Ta med 1h
[2026-09-27 15:40:18] 232: 3/4 variables -> HRa med 1h, Ll acu 1 h, Ta med 1h
[2026-09-27 15:40:19] 233: SIN DATOS EN EL ÚLTIMO DÍA
[2026-09-27 15:40:19] 234: 3/4 variables -> HRa med 1h, Ll acu 1 h, Ta med 1h
[2026-09-27 15:40:20] 235: 3/4 variables -> HRa med 1h, Ll acu 1 h, Ta med 1h
[2026-09-27 15:40:20] 236: 3/4 variables -> HRa med 1h, Ll acu 1 h, Ta med 1h
[2026-09-27 15:40:21] 237: SIN DATOS EN EL ÚLTIMO DÍA
[2026-09-27 15:40:21] 238: 3/4 variables -> HRa med 1h, Ll acu 1 h, Ta med 1h
[2026-09-27 15:40:22] 239: SIN DATOS EN EL ÚLTIMO DÍA
[2026-09-27 15:40:23] 240: 3/4 variables -> HRa med 1h, Ll acu 1 h, Ta med 1h
[2026-09-27 15:40:23] 241: 3/4 variables -> HRa med 1h, Ll acu 1 h, Ta med 1h
[2026-09-27 15:40:24] 242: 3/4 variables -> HRa med 1h, Ll acu 1 h, Ta med 1h
[2026-09-27 15:40:24] 243: 3/4 variables -> HRa med 1h, Ll acu 1 h, Ta med 1h
[2026-09-27 15:40:25] 244: 3/4 variables -> HRa med 1h, Ll acu 1 h, Ta med 1h
[2026-09-27 15:40:26] 245: 3/4 variables -> HRa med 1h, Ll acu 1 h, Ta med 1h
[2026-09-27 15:40:26] 246: 3/4 variables -> HRa med 1h, Ll acu 1 h, Ta med 1h
[2026-09-27 15:40:27] 247: 3/4 variables -> HRa med 1h, Ll acu 1 h, Ta med 1h
[2026-09-27 15:40:27] 215: histórico actualizado -> 105 filas
[2026-09-27 15:40:27] 216: histórico actualizado -> 79 filas
[2026-09-27 15:40:27] 217: histórico actualizado -> 105 filas
[2026-09-27 15:40:27] 218: histórico actualizado -> 107 filas
[2026-09-27 15:40:27] 220: histórico actualizado -> 104 filas
[2026-09-27 15:40:27] 221: histórico actualizado -> 211 filas
[2026-09-27 15:40:27] 223: histórico actualizado -> 209 filas
[2026-09-27 15:40:27] 225: histórico actualizado -> 210 filas
[2026-09-27 15:40:27] 226: histórico actualizado -> 210 filas
[2026-09-27 15:40:27] 227: histórico actualizado -> 211 filas
[2026-09-27 15:40:27] 228: histórico actualizado -> 209 filas
[2026-09-27 15:40:27] 229: histórico actualizado -> 209 filas
[2026-09-27 15:40:27] 231: histórico actualizado -> 209 filas
[2026-09-27 15:40:28] 232: histórico actualizado -> 189 filas
[2026-09-27 15:40:28] 234: histórico actualizado -> 202 filas
[2026-09-27 15:40:28] 235: histórico actualizado -> 180 filas
[2026-09-27 15:40:28] 236: histórico actualizado -> 208 filas
[2026-09-27 15:40:28] 238: histórico actualizado -> 211 filas
[2026-09-27 15:40:28] 240: histórico actualizado -> 175 filas
[2026-09-27 15:40:28] 241: histórico actualizado -> 108 filas
[2026-09-27 15:40:28] 242: histórico actualizado -> 185 filas
[2026-09-27 15:40:28] 243: histórico actualizado -> 209 filas
[2026-09-27 15:40:28] 244: histórico actualizado -> 90 filas
[2026-09-27 15:40:28] 245: histórico actualizado -> 158 filas
[2026-09-27 15:40:28] 246: histórico actualizado -> 65 filas
[2026-09-27 15:40:28] 247: histórico actualizado -> 178 filas
[2026-09-27 15:40:28] Catálogo actualizado: 32 estaciones
[2026-09-27 15:40:28] FIN DEL PROCESO - 22.5 segundos
[2026-09-27 16:40:06] INICIO DEL PROCESO
[2026-09-27 16:40:06] Abriendo página de login...
[2026-09-27 16:40:06] Realizando login...
[2026-09-27 16:40:06] LOGIN OK -> https://polaris.adrtecnology.com/gis/map
[2026-09-27 16:40:06] Estaciones conservadas del catálogo histórico: 32
[2026-09-27 16:40:07] Estaciones obtenidas desde viewer: 20
[2026-09-27 16:40:08] Estaciones obtenidas directamente desde GIS: 32
[2026-09-27 16:40:09] 200: SIN DATOS EN EL ÚLTIMO DÍA
[2026-09-27 16:40:09] 215: 1/4 variables -> Ll acu 1 h
[2026-09-27 16:40:10] 216: 3/4 variables -> HRa med 1h, Ll acu 1 h, Ta med 1h
[2026-09-27 16:40:10] 217: 3/4 variables -> HRa med 1h, Ll acu 1 h, Ta med 1h
[2026-09-27 16:40:11] 218: 2/4 variables -> Ll acu 1 h, Ta med 1h
[2026-09-27 16:40:11] 220: 1/4 variables -> PP Acc (1h)
[2026-09-27 16:40:12] 221: 3/4 variables -> HRa med 1h, Ll acu 1 h, Ta med 1h
[2026-09-27 16:40:12] 223: 3/4 variables -> HRa med 1h, Ll acu 1 h, Ta med 1h
[2026-09-27 16:40:13] 224: SIN DATOS EN EL ÚLTIMO DÍA
[2026-09-27 16:40:13] 225: 3/4 variables -> HRa med 1h, Ll acu 1 h, Ta med 1h
[2026-09-27 16:40:14] 226: 3/4 variables -> HRa med 1h, Ll acu 1 h, Ta med 1h
[2026-09-27 16:40:14] 227: 3/4 variables -> HRa med 1h, Ll acu 1 h, Ta med 1h
[2026-09-27 16:40:15] 228: 3/4 variables -> HRa med 1h, Ll acu 1 h, Ta med 1h
[2026-09-27 16:40:16] 229: 3/4 variables -> HRa med 1h, Ll acu 1 h, Ta med 1h
[2026-09-27 16:40:16] 230: SIN DATOS EN EL ÚLTIMO DÍA
[2026-09-27 16:40:17] 231: 3/4 variables -> HRa med 1h, Ll acu 1 h, Ta med 1h
[2026-09-27 16:40:17] 232: 3/4 variables -> HRa med 1h, Ll acu 1 h, Ta med 1h
[2026-09-27 16:40:18] 233: SIN DATOS EN EL ÚLTIMO DÍA
[2026-09-27 16:40:18] 234: 3/4 variables -> HRa med 1h, Ll acu 1 h, Ta med 1h
[2026-09-27 16:40:19] 235: 3/4 variables -> HRa med 1h, Ll acu 1 h, Ta med 1h
[2026-09-27 16:40:19] 236: 3/4 variables -> HRa med 1h, Ll acu 1 h, Ta med 1h
[2026-09-27 16:40:20] 237: SIN DATOS EN EL ÚLTIMO DÍA
[2026-09-27 16:40:21] 238: 3/4 variables -> HRa med 1h, Ll acu 1 h, Ta med 1h
[2026-09-27 16:40:21] 239: SIN DATOS EN EL ÚLTIMO DÍA
[2026-09-27 16:40:22] 240: 3/4 variables -> HRa med 1h, Ll acu 1 h, Ta med 1h
[2026-09-27 16:40:22] 241: 3/4 variables -> HRa med 1h, Ll acu 1 h, Ta med 1h
[2026-09-27 16:40:23] 242: 3/4 variables -> HRa med 1h, Ll acu 1 h, Ta med 1h
[2026-09-27 16:40:23] 243: 3/4 variables -> HRa med 1h, Ll acu 1 h, Ta med 1h
[2026-09-27 16:40:24] 244: 3/4 variables -> HRa med 1h, Ll acu 1 h, Ta med 1h
[2026-09-27 16:40:24] 245: 3/4 variables -> HRa med 1h, Ll acu 1 h, Ta med 1h
[2026-09-27 16:40:25] 246: 3/4 variables -> HRa med 1h, Ll acu 1 h, Ta med 1h
[2026-09-27 16:40:25] 247: 3/4 variables -> HRa med 1h, Ll acu 1 h, Ta med 1h
[2026-09-27 16:40:26] 215: histórico actualizado -> 106 filas
[2026-09-27 16:40:26] 216: histórico actualizado -> 80 filas
[2026-09-27 16:40:26] 217: histórico actualizado -> 106 filas
[2026-09-27 16:40:26] 218: histórico actualizado -> 108 filas
[2026-09-27 16:40:26] 220: histórico actualizado -> 105 filas
[2026-09-27 16:40:26] 221: histórico actualizado -> 213 filas
[2026-09-27 16:40:26] 223: histórico actualizado -> 211 filas
[2026-09-27 16:40:26] 225: histórico actualizado -> 212 filas
[2026-09-27 16:40:26] 226: histórico actualizado -> 212 filas
[2026-09-27 16:40:26] 227: histórico actualizado -> 213 filas
[2026-09-27 16:40:26] 228: histórico actualizado -> 211 filas
[2026-09-27 16:40:26] 229: histórico actualizado -> 211 filas
[2026-09-27 16:40:26] 231: histórico actualizado -> 211 filas
[2026-09-27 16:40:26] 232: histórico actualizado -> 191 filas
[2026-09-27 16:40:26] 234: histórico actualizado -> 204 filas
[2026-09-27 16:40:26] 235: histórico actualizado -> 182 filas
[2026-09-27 16:40:26] 236: histórico actualizado -> 210 filas
[2026-09-27 16:40:26] 238: histórico actualizado -> 213 filas
[2026-09-27 16:40:27] 240: histórico actualizado -> 177 filas
[2026-09-27 16:40:27] 241: histórico actualizado -> 108 filas
[2026-09-27 16:40:27] 242: histórico actualizado -> 185 filas
[2026-09-27 16:40:27] 243: histórico actualizado -> 211 filas
[2026-09-27 16:40:27] 244: histórico actualizado -> 92 filas
[2026-09-27 16:40:27] 245: histórico actualizado -> 160 filas
[2026-09-27 16:40:27] 246: histórico actualizado -> 66 filas
[2026-09-27 16:40:27] 247: histórico actualizado -> 178 filas
[2026-09-27 16:40:27] Catálogo actualizado: 32 estaciones
[2026-09-27 16:40:27] FIN DEL PROCESO - 21.2 segundos
[2026-09-27 17:40:06] INICIO DEL PROCESO
[2026-09-27 17:40:06] Abriendo página de login...
[2026-09-27 17:40:07] Realizando login...
[2026-09-27 17:40:07] LOGIN OK -> https://polaris.adrtecnology.com/gis/map
[2026-09-27 17:40:07] Estaciones conservadas del catálogo histórico: 32
[2026-09-27 17:40:07] Estaciones obtenidas desde viewer: 20
[2026-09-27 17:40:09] Estaciones obtenidas directamente desde GIS: 32
[2026-09-27 17:40:09] 200: SIN DATOS EN EL ÚLTIMO DÍA
[2026-09-27 17:40:10] 215: 1/4 variables -> Ll acu 1 h
[2026-09-27 17:40:10] 216: 3/4 variables -> HRa med 1h, Ll acu 1 h, Ta med 1h
[2026-09-27 17:40:11] 217: 3/4 variables -> HRa med 1h, Ll acu 1 h, Ta med 1h
[2026-09-27 17:40:12] 218: 2/4 variables -> Ll acu 1 h, Ta med 1h
[2026-09-27 17:40:12] 220: 1/4 variables -> PP Acc (1h)
[2026-09-27 17:40:13] 221: 3/4 variables -> HRa med 1h, Ll acu 1 h, Ta med 1h
[2026-09-27 17:40:13] 223: 3/4 variables -> HRa med 1h, Ll acu 1 h, Ta med 1h
[2026-09-27 17:40:14] 224: SIN DATOS EN EL ÚLTIMO DÍA
[2026-09-27 17:40:14] 225: 3/4 variables -> HRa med 1h, Ll acu 1 h, Ta med 1h
[2026-09-27 17:40:15] 226: 3/4 variables -> HRa med 1h, Ll acu 1 h, Ta med 1h
[2026-09-27 17:40:15] 227: 3/4 variables -> HRa med 1h, Ll acu 1 h, Ta med 1h
[2026-09-27 17:40:16] 228: 3/4 variables -> HRa med 1h, Ll acu 1 h, Ta med 1h
[2026-09-27 17:40:17] 229: 3/4 variables -> HRa med 1h, Ll acu 1 h, Ta med 1h
[2026-09-27 17:40:17] 230: SIN DATOS EN EL ÚLTIMO DÍA
[2026-09-27 17:40:18] 231: 3/4 variables -> HRa med 1h, Ll acu 1 h, Ta med 1h
[2026-09-27 17:40:18] 232: 3/4 variables -> HRa med 1h, Ll acu 1 h, Ta med 1h
[2026-09-27 17:40:19] 233: SIN DATOS EN EL ÚLTIMO DÍA
[2026-09-27 17:40:19] 234: 3/4 variables -> HRa med 1h, Ll acu 1 h, Ta med 1h
[2026-09-27 17:40:20] 235: 3/4 variables -> HRa med 1h, Ll acu 1 h, Ta med 1h
[2026-09-27 17:40:20] 236: 3/4 variables -> HRa med 1h, Ll acu 1 h, Ta med 1h
[2026-09-27 17:40:21] 237: SIN DATOS EN EL ÚLTIMO DÍA
[2026-09-27 17:40:21] 238: 3/4 variables -> HRa med 1h, Ll acu 1 h, Ta med 1h
[2026-09-27 17:40:22] 239: SIN DATOS EN EL ÚLTIMO DÍA
[2026-09-27 17:40:22] 240: 3/4 variables -> HRa med 1h, Ll acu 1 h, Ta med 1h
[2026-09-27 17:40:23] 241: 3/4 variables -> HRa med 1h, Ll acu 1 h, Ta med 1h
[2026-09-27 17:40:23] 242: 3/4 variables -> HRa med 1h, Ll acu 1 h, Ta med 1h
[2026-09-27 17:40:24] 243: 3/4 variables -> HRa med 1h, Ll acu 1 h, Ta med 1h
[2026-09-27 17:40:24] 244: 3/4 variables -> HRa med 1h, Ll acu 1 h, Ta med 1h
[2026-09-27 17:40:25] 245: 3/4 variables -> HRa med 1h, Ll acu 1 h, Ta med 1h
[2026-09-27 17:40:26] 246: 3/4 variables -> HRa med 1h, Ll acu 1 h, Ta med 1h
[2026-09-27 17:40:26] 247: 3/4 variables -> HRa med 1h, Ll acu 1 h, Ta med 1h
[2026-09-27 17:40:27] 215: histórico actualizado -> 107 filas
[2026-09-27 17:40:27] 216: histórico actualizado -> 81 filas
[2026-09-27 17:40:27] 217: histórico actualizado -> 107 filas
[2026-09-27 17:40:27] 218: histórico actualizado -> 109 filas
[2026-09-27 17:40:27] 220: histórico actualizado -> 106 filas
[2026-09-27 17:40:27] 221: histórico actualizado -> 215 filas
[2026-09-27 17:40:27] 223: histórico actualizado -> 213 filas
[2026-09-27 17:40:27] 225: histórico actualizado -> 214 filas
[2026-09-27 17:40:27] 226: histórico actualizado -> 214 filas
[2026-09-27 17:40:27] 227: histórico actualizado -> 215 filas
[2026-09-27 17:40:27] 228: histórico actualizado -> 213 filas
[2026-09-27 17:40:27] 229: histórico actualizado -> 213 filas
[2026-09-27 17:40:27] 231: histórico actualizado -> 213 filas
[2026-09-27 17:40:27] 232: histórico actualizado -> 193 filas
[2026-09-27 17:40:27] 234: histórico actualizado -> 206 filas
[2026-09-27 17:40:27] 235: histórico actualizado -> 184 filas
[2026-09-27 17:40:27] 236: histórico actualizado -> 212 filas
[2026-09-27 17:40:27] 238: histórico actualizado -> 215 filas
[2026-09-27 17:40:27] 240: histórico actualizado -> 179 filas
[2026-09-27 17:40:27] 241: histórico actualizado -> 108 filas
[2026-09-27 17:40:27] 242: histórico actualizado -> 185 filas
[2026-09-27 17:40:28] 243: histórico actualizado -> 213 filas
[2026-09-27 17:40:28] 244: histórico actualizado -> 94 filas
[2026-09-27 17:40:28] 245: histórico actualizado -> 162 filas
[2026-09-27 17:40:28] 246: histórico actualizado -> 67 filas
[2026-09-27 17:40:28] 247: histórico actualizado -> 178 filas
[2026-09-27 17:40:28] Catálogo actualizado: 32 estaciones
[2026-09-27 17:40:28] FIN DEL PROCESO - 21.7 segundos
[2026-09-27 18:40:04] INICIO DEL PROCESO
[2026-09-27 18:40:04] Abriendo página de login...
[2026-09-27 18:40:04] Realizando login...
[2026-09-27 18:40:05] LOGIN OK -> https://polaris.adrtecnology.com/gis/map
[2026-09-27 18:40:05] Estaciones conservadas del catálogo histórico: 32
[2026-09-27 18:40:05] Estaciones obtenidas desde viewer: 20
[2026-09-27 18:40:07] Estaciones obtenidas directamente desde GIS: 32
[2026-09-27 18:40:07] 200: SIN DATOS EN EL ÚLTIMO DÍA
[2026-09-27 18:40:07] 215: 1/4 variables -> Ll acu 1 h
[2026-09-27 18:40:08] 216: 3/4 variables -> HRa med 1h, Ll acu 1 h, Ta med 1h
[2026-09-27 18:40:08] 217: 3/4 variables -> HRa med 1h, Ll acu 1 h, Ta med 1h
[2026-09-27 18:40:09] 218: 2/4 variables -> Ll acu 1 h, Ta med 1h
[2026-09-27 18:40:10] 220: 1/4 variables -> PP Acc (1h)
[2026-09-27 18:40:10] 221: 3/4 variables -> HRa med 1h, Ll acu 1 h, Ta med 1h
[2026-09-27 18:40:11] 223: 3/4 variables -> HRa med 1h, Ll acu 1 h, Ta med 1h
[2026-09-27 18:40:11] 224: SIN DATOS EN EL ÚLTIMO DÍA
[2026-09-27 18:40:12] 225: 3/4 variables -> HRa med 1h, Ll acu 1 h, Ta med 1h
[2026-09-27 18:40:12] 226: 3/4 variables -> HRa med 1h, Ll acu 1 h, Ta med 1h
[2026-09-27 18:40:13] 227: 3/4 variables -> HRa med 1h, Ll acu 1 h, Ta med 1h
[2026-09-27 18:40:13] 228: 3/4 variables -> HRa med 1h, Ll acu 1 h, Ta med 1h
[2026-09-27 18:40:14] 229: 3/4 variables -> HRa med 1h, Ll acu 1 h, Ta med 1h
[2026-09-27 18:40:14] 230: SIN DATOS EN EL ÚLTIMO DÍA
[2026-09-27 18:40:15] 231: 3/4 variables -> HRa med 1h, Ll acu 1 h, Ta med 1h
[2026-09-27 18:40:15] 232: 3/4 variables -> HRa med 1h, Ll acu 1 h, Ta med 1h
[2026-09-27 18:40:16] 233: SIN DATOS EN EL ÚLTIMO DÍA
[2026-09-27 18:40:17] 234: 3/4 variables -> HRa med 1h, Ll acu 1 h, Ta med 1h
[2026-09-27 18:40:17] 235: 3/4 variables -> HRa med 1h, Ll acu 1 h, Ta med 1h
[2026-09-27 18:40:18] 236: 3/4 variables -> HRa med 1h, Ll acu 1 h, Ta med 1h
[2026-09-27 18:40:18] 237: SIN DATOS EN EL ÚLTIMO DÍA
[2026-09-27 18:40:19] 238: 3/4 variables -> HRa med 1h, Ll acu 1 h, Ta med 1h
[2026-09-27 18:40:19] 239: SIN DATOS EN EL ÚLTIMO DÍA
[2026-09-27 18:40:20] 240: 3/4 variables -> HRa med 1h, Ll acu 1 h, Ta med 1h
[2026-09-27 18:40:20] 241: 3/4 variables -> HRa med 1h, Ll acu 1 h, Ta med 1h
[2026-09-27 18:40:21] 242: 3/4 variables -> HRa med 1h, Ll acu 1 h, Ta med 1h
[2026-09-27 18:40:22] 243: 3/4 variables -> HRa med 1h, Ll acu 1 h, Ta med 1h
[2026-09-27 18:40:22] 244: 3/4 variables -> HRa med 1h, Ll acu 1 h, Ta med 1h
[2026-09-27 18:40:23] 245: 3/4 variables -> HRa med 1h, Ll acu 1 h, Ta med 1h
[2026-09-27 18:40:23] 246: 3/4 variables -> HRa med 1h, Ll acu 1 h, Ta med 1h
[2026-09-27 18:40:24] 247: 3/4 variables -> HRa med 1h, Ll acu 1 h, Ta med 1h
[2026-09-27 18:40:24] 215: histórico actualizado -> 108 filas
[2026-09-27 18:40:24] 216: histórico actualizado -> 82 filas
[2026-09-27 18:40:24] 217: histórico actualizado -> 108 filas
[2026-09-27 18:40:24] 218: histórico actualizado -> 110 filas
[2026-09-27 18:40:24] 220: histórico actualizado -> 107 filas
[2026-09-27 18:40:24] 221: histórico actualizado -> 217 filas
[2026-09-27 18:40:24] 223: histórico actualizado -> 215 filas
[2026-09-27 18:40:24] 225: histórico actualizado -> 216 filas
[2026-09-27 18:40:24] 226: histórico actualizado -> 216 filas
[2026-09-27 18:40:24] 227: histórico actualizado -> 217 filas
[2026-09-27 18:40:24] 228: histórico actualizado -> 215 filas
[2026-09-27 18:40:24] 229: histórico actualizado -> 215 filas
[2026-09-27 18:40:25] 231: histórico actualizado -> 215 filas
[2026-09-27 18:40:25] 232: histórico actualizado -> 195 filas
[2026-09-27 18:40:25] 234: histórico actualizado -> 208 filas
[2026-09-27 18:40:25] 235: histórico actualizado -> 186 filas
[2026-09-27 18:40:25] 236: histórico actualizado -> 214 filas
[2026-09-27 18:40:25] 238: histórico actualizado -> 217 filas
[2026-09-27 18:40:25] 240: histórico actualizado -> 181 filas
[2026-09-27 18:40:25] 241: histórico actualizado -> 108 filas
[2026-09-27 18:40:25] 242: histórico actualizado -> 185 filas
[2026-09-27 18:40:25] 243: histórico actualizado -> 215 filas
[2026-09-27 18:40:25] 244: histórico actualizado -> 96 filas
[2026-09-27 18:40:25] 245: histórico actualizado -> 164 filas
[2026-09-27 18:40:25] 246: histórico actualizado -> 67 filas
[2026-09-27 18:40:25] 247: histórico actualizado -> 178 filas
[2026-09-27 18:40:25] Catálogo actualizado: 32 estaciones
[2026-09-27 18:40:25] FIN DEL PROCESO - 21.4 segundos
[2026-09-27 19:40:04] INICIO DEL PROCESO
[2026-09-27 19:40:04] Abriendo página de login...
[2026-09-27 19:40:05] Realizando login...
[2026-09-27 19:40:05] LOGIN OK -> https://polaris.adrtecnology.com/gis/map
[2026-09-27 19:40:05] Estaciones conservadas del catálogo histórico: 32
[2026-09-27 19:40:05] Estaciones obtenidas desde viewer: 20
[2026-09-27 19:40:07] Estaciones obtenidas directamente desde GIS: 32
[2026-09-27 19:40:08] 200: SIN DATOS EN EL ÚLTIMO DÍA
[2026-09-27 19:40:08] 215: 1/4 variables -> Ll acu 1 h
[2026-09-27 19:40:09] 216: 3/4 variables -> HRa med 1h, Ll acu 1 h, Ta med 1h
[2026-09-27 19:40:09] 217: 3/4 variables -> HRa med 1h, Ll acu 1 h, Ta med 1h
[2026-09-27 19:40:10] 218: 2/4 variables -> Ll acu 1 h, Ta med 1h
[2026-09-27 19:40:10] 220: 1/4 variables -> PP Acc (1h)
[2026-09-27 19:40:11] 221: 3/4 variables -> HRa med 1h, Ll acu 1 h, Ta med 1h
[2026-09-27 19:40:11] 223: 3/4 variables -> HRa med 1h, Ll acu 1 h, Ta med 1h
[2026-09-27 19:40:12] 224: SIN DATOS EN EL ÚLTIMO DÍA
[2026-09-27 19:40:13] 225: 3/4 variables -> HRa med 1h, Ll acu 1 h, Ta med 1h
[2026-09-27 19:40:13] 226: 3/4 variables -> HRa med 1h, Ll acu 1 h, Ta med 1h
[2026-09-27 19:40:14] 227: 3/4 variables -> HRa med 1h, Ll acu 1 h, Ta med 1h
[2026-09-27 19:40:14] 228: 3/4 variables -> HRa med 1h, Ll acu 1 h, Ta med 1h
[2026-09-27 19:40:15] 229: 3/4 variables -> HRa med 1h, Ll acu 1 h, Ta med 1h
[2026-09-27 19:40:15] 230: SIN DATOS EN EL ÚLTIMO DÍA
[2026-09-27 19:40:16] 231: 3/4 variables -> HRa med 1h, Ll acu 1 h, Ta med 1h
[2026-09-27 19:40:17] 232: 3/4 variables -> HRa med 1h, Ll acu 1 h, Ta med 1h
[2026-09-27 19:40:17] 233: SIN DATOS EN EL ÚLTIMO DÍA
[2026-09-27 19:40:18] 234: 3/4 variables -> HRa med 1h, Ll acu 1 h, Ta med 1h
[2026-09-27 19:40:18] 235: 3/4 variables -> HRa med 1h, Ll acu 1 h, Ta med 1h
[2026-09-27 19:40:19] 236: 3/4 variables -> HRa med 1h, Ll acu 1 h, Ta med 1h
[2026-09-27 19:40:19] 237: SIN DATOS EN EL ÚLTIMO DÍA
[2026-09-27 19:40:20] 238: 3/4 variables -> HRa med 1h, Ll acu 1 h, Ta med 1h
[2026-09-27 19:40:20] 239: SIN DATOS EN EL ÚLTIMO DÍA
[2026-09-27 19:40:21] 240: 3/4 variables -> HRa med 1h, Ll acu 1 h, Ta med 1h
[2026-09-27 19:40:21] 241: 3/4 variables -> HRa med 1h, Ll acu 1 h, Ta med 1h
[2026-09-27 19:40:22] 242: 3/4 variables -> HRa med 1h, Ll acu 1 h, Ta med 1h
[2026-09-27 19:40:22] 243: 3/4 variables -> HRa med 1h, Ll acu 1 h, Ta med 1h
[2026-09-27 19:40:23] 244: 3/4 variables -> HRa med 1h, Ll acu 1 h, Ta med 1h
[2026-09-27 19:40:23] 245: 3/4 variables -> HRa med 1h, Ll acu 1 h, Ta med 1h
[2026-09-27 19:40:24] 246: 3/4 variables -> HRa med 1h, Ll acu 1 h, Ta med 1h
[2026-09-27 19:40:24] 247: 3/4 variables -> HRa med 1h, Ll acu 1 h, Ta med 1h
[2026-09-27 19:40:25] 215: histórico actualizado -> 109 filas
[2026-09-27 19:40:25] 216: histórico actualizado -> 83 filas
[2026-09-27 19:40:25] 217: histórico actualizado -> 109 filas
[2026-09-27 19:40:25] 218: histórico actualizado -> 111 filas
[2026-09-27 19:40:25] 220: histórico actualizado -> 108 filas
[2026-09-27 19:40:25] 221: histórico actualizado -> 219 filas
[2026-09-27 19:40:25] 223: histórico actualizado -> 217 filas
[2026-09-27 19:40:25] 225: histórico actualizado -> 218 filas
[2026-09-27 19:40:25] 226: histórico actualizado -> 218 filas
[2026-09-27 19:40:25] 227: histórico actualizado -> 219 filas
[2026-09-27 19:40:25] 228: histórico actualizado -> 217 filas
[2026-09-27 19:40:25] 229: histórico actualizado -> 217 filas
[2026-09-27 19:40:25] 231: histórico actualizado -> 217 filas
[2026-09-27 19:40:25] 232: histórico actualizado -> 197 filas
[2026-09-27 19:40:25] 234: histórico actualizado -> 210 filas
[2026-09-27 19:40:26] 235: histórico actualizado -> 188 filas
[2026-09-27 19:40:26] 236: histórico actualizado -> 216 filas
[2026-09-27 19:40:26] 238: histórico actualizado -> 219 filas
[2026-09-27 19:40:26] 240: histórico actualizado -> 183 filas
[2026-09-27 19:40:26] 241: histórico actualizado -> 108 filas
[2026-09-27 19:40:26] 242: histórico actualizado -> 187 filas
[2026-09-27 19:40:26] 243: histórico actualizado -> 217 filas
[2026-09-27 19:40:26] 244: histórico actualizado -> 98 filas
[2026-09-27 19:40:26] 245: histórico actualizado -> 164 filas
[2026-09-27 19:40:26] 246: histórico actualizado -> 68 filas
[2026-09-27 19:40:26] 247: histórico actualizado -> 178 filas
[2026-09-27 19:40:26] Catálogo actualizado: 32 estaciones
[2026-09-27 19:40:26] FIN DEL PROCESO - 21.7 segundos
[2026-09-27 20:40:06] INICIO DEL PROCESO
[2026-09-27 20:40:06] Abriendo página de login...
[2026-09-27 20:40:07] Realizando login...
[2026-09-27 20:40:07] LOGIN OK -> https://polaris.adrtecnology.com/gis/map
[2026-09-27 20:40:07] Estaciones conservadas del catálogo histórico: 32
[2026-09-27 20:40:07] Estaciones obtenidas desde viewer: 20
[2026-09-27 20:40:09] Estaciones obtenidas directamente desde GIS: 32
[2026-09-27 20:40:09] 200: SIN DATOS EN EL ÚLTIMO DÍA
[2026-09-27 20:40:10] 215: 1/4 variables -> Ll acu 1 h
[2026-09-27 20:40:10] 216: 3/4 variables -> HRa med 1h, Ll acu 1 h, Ta med 1h
[2026-09-27 20:40:11] 217: 3/4 variables -> HRa med 1h, Ll acu 1 h, Ta med 1h
[2026-09-27 20:40:11] 218: 2/4 variables -> Ll acu 1 h, Ta med 1h
[2026-09-27 20:40:12] 220: 1/4 variables -> PP Acc (1h)
[2026-09-27 20:40:13] 221: 3/4 variables -> HRa med 1h, Ll acu 1 h, Ta med 1h
[2026-09-27 20:40:13] 223: 3/4 variables -> HRa med 1h, Ll acu 1 h, Ta med 1h
[2026-09-27 20:40:14] 224: SIN DATOS EN EL ÚLTIMO DÍA
[2026-09-27 20:40:14] 225: 3/4 variables -> HRa med 1h, Ll acu 1 h, Ta med 1h
[2026-09-27 20:40:15] 226: 3/4 variables -> HRa med 1h, Ll acu 1 h, Ta med 1h
[2026-09-27 20:40:15] 227: 3/4 variables -> HRa med 1h, Ll acu 1 h, Ta med 1h
[2026-09-27 20:40:16] 228: 3/4 variables -> HRa med 1h, Ll acu 1 h, Ta med 1h
[2026-09-27 20:40:16] 229: 3/4 variables -> HRa med 1h, Ll acu 1 h, Ta med 1h
[2026-09-27 20:40:17] 230: SIN DATOS EN EL ÚLTIMO DÍA
[2026-09-27 20:40:17] 231: 3/4 variables -> HRa med 1h, Ll acu 1 h, Ta med 1h
[2026-09-27 20:40:18] 232: 3/4 variables -> HRa med 1h, Ll acu 1 h, Ta med 1h
[2026-09-27 20:40:18] 233: SIN DATOS EN EL ÚLTIMO DÍA
[2026-09-27 20:40:19] 234: 3/4 variables -> HRa med 1h, Ll acu 1 h, Ta med 1h
[2026-09-27 20:40:20] 235: 3/4 variables -> HRa med 1h, Ll acu 1 h, Ta med 1h
[2026-09-27 20:40:20] 236: 3/4 variables -> HRa med 1h, Ll acu 1 h, Ta med 1h
[2026-09-27 20:40:21] 237: SIN DATOS EN EL ÚLTIMO DÍA
[2026-09-27 20:40:21] 238: 3/4 variables -> HRa med 1h, Ll acu 1 h, Ta med 1h
[2026-09-27 20:40:22] 239: SIN DATOS EN EL ÚLTIMO DÍA
[2026-09-27 20:40:22] 240: 3/4 variables -> HRa med 1h, Ll acu 1 h, Ta med 1h
[2026-09-27 20:40:23] 241: 3/4 variables -> HRa med 1h, Ll acu 1 h, Ta med 1h
[2026-09-27 20:40:23] 242: 3/4 variables -> HRa med 1h, Ll acu 1 h, Ta med 1h
[2026-09-27 20:40:24] 243: 3/4 variables -> HRa med 1h, Ll acu 1 h, Ta med 1h
[2026-09-27 20:40:24] 244: 3/4 variables -> HRa med 1h, Ll acu 1 h, Ta med 1h
[2026-09-27 20:40:25] 245: 3/4 variables -> HRa med 1h, Ll acu 1 h, Ta med 1h
[2026-09-27 20:40:25] 246: 3/4 variables -> HRa med 1h, Ll acu 1 h, Ta med 1h
[2026-09-27 20:40:26] 247: 3/4 variables -> HRa med 1h, Ll acu 1 h, Ta med 1h
[2026-09-27 20:40:26] 215: histórico actualizado -> 110 filas
[2026-09-27 20:40:26] 216: histórico actualizado -> 84 filas
[2026-09-27 20:40:26] 217: histórico actualizado -> 110 filas
[2026-09-27 20:40:26] 218: histórico actualizado -> 112 filas
[2026-09-27 20:40:26] 220: histórico actualizado -> 109 filas
[2026-09-27 20:40:27] 221: histórico actualizado -> 221 filas
[2026-09-27 20:40:27] 223: histórico actualizado -> 219 filas
[2026-09-27 20:40:27] 225: histórico actualizado -> 220 filas
[2026-09-27 20:40:27] 226: histórico actualizado -> 220 filas
[2026-09-27 20:40:27] 227: histórico actualizado -> 221 filas
[2026-09-27 20:40:27] 228: histórico actualizado -> 219 filas
[2026-09-27 20:40:27] 229: histórico actualizado -> 219 filas
[2026-09-27 20:40:27] 231: histórico actualizado -> 219 filas
[2026-09-27 20:40:27] 232: histórico actualizado -> 199 filas
[2026-09-27 20:40:27] 234: histórico actualizado -> 212 filas
[2026-09-27 20:40:27] 235: histórico actualizado -> 190 filas
[2026-09-27 20:40:27] 236: histórico actualizado -> 218 filas
[2026-09-27 20:40:27] 238: histórico actualizado -> 221 filas
[2026-09-27 20:40:27] 240: histórico actualizado -> 185 filas
[2026-09-27 20:40:27] 241: histórico actualizado -> 108 filas
[2026-09-27 20:40:27] 242: histórico actualizado -> 189 filas
[2026-09-27 20:40:27] 243: histórico actualizado -> 219 filas
[2026-09-27 20:40:27] 244: histórico actualizado -> 100 filas
[2026-09-27 20:40:27] 245: histórico actualizado -> 166 filas
[2026-09-27 20:40:27] 246: histórico actualizado -> 69 filas
[2026-09-27 20:40:27] 247: histórico actualizado -> 178 filas
[2026-09-27 20:40:27] Catálogo actualizado: 32 estaciones
[2026-09-27 20:40:28] FIN DEL PROCESO - 21.5 segundos
[2026-09-27 21:40:05] INICIO DEL PROCESO
[2026-09-27 21:40:05] Abriendo página de login...
[2026-09-27 21:40:06] Realizando login...
[2026-09-27 21:40:07] LOGIN OK -> https://polaris.adrtecnology.com/gis/map
[2026-09-27 21:40:07] Estaciones conservadas del catálogo histórico: 32
[2026-09-27 21:40:07] Estaciones obtenidas desde viewer: 20
[2026-09-27 21:40:10] Estaciones obtenidas directamente desde GIS: 32
[2026-09-27 21:40:11] 200: SIN DATOS EN EL ÚLTIMO DÍA
[2026-09-27 21:40:11] 215: 1/4 variables -> Ll acu 1 h
[2026-09-27 21:40:12] 216: 3/4 variables -> HRa med 1h, Ll acu 1 h, Ta med 1h
[2026-09-27 21:40:12] 217: 3/4 variables -> HRa med 1h, Ll acu 1 h, Ta med 1h
[2026-09-27 21:40:13] 218: 2/4 variables -> Ll acu 1 h, Ta med 1h
[2026-09-27 21:40:13] 220: 1/4 variables -> PP Acc (1h)
[2026-09-27 21:40:14] 221: 3/4 variables -> HRa med 1h, Ll acu 1 h, Ta med 1h
[2026-09-27 21:40:14] 223: 3/4 variables -> HRa med 1h, Ll acu 1 h, Ta med 1h
[2026-09-27 21:40:15] 224: SIN DATOS EN EL ÚLTIMO DÍA
[2026-09-27 21:40:16] 225: 3/4 variables -> HRa med 1h, Ll acu 1 h, Ta med 1h
[2026-09-27 21:40:16] 226: 3/4 variables -> HRa med 1h, Ll acu 1 h, Ta med 1h
[2026-09-27 21:40:17] 227: 3/4 variables -> HRa med 1h, Ll acu 1 h, Ta med 1h
[2026-09-27 21:40:17] 228: 3/4 variables -> HRa med 1h, Ll acu 1 h, Ta med 1h
[2026-09-27 21:40:18] 229: 3/4 variables -> HRa med 1h, Ll acu 1 h, Ta med 1h
[2026-09-27 21:40:18] 230: SIN DATOS EN EL ÚLTIMO DÍA
[2026-09-27 21:40:19] 231: 3/4 variables -> HRa med 1h, Ll acu 1 h, Ta med 1h
[2026-09-27 21:40:20] 232: 3/4 variables -> HRa med 1h, Ll acu 1 h, Ta med 1h
[2026-09-27 21:40:20] 233: SIN DATOS EN EL ÚLTIMO DÍA
[2026-09-27 21:40:21] 234: 3/4 variables -> HRa med 1h, Ll acu 1 h, Ta med 1h
[2026-09-27 21:40:21] 235: 3/4 variables -> HRa med 1h, Ll acu 1 h, Ta med 1h
[2026-09-27 21:40:22] 236: 3/4 variables -> HRa med 1h, Ll acu 1 h, Ta med 1h
[2026-09-27 21:40:22] 237: SIN DATOS EN EL ÚLTIMO DÍA
[2026-09-27 21:40:23] 238: 3/4 variables -> HRa med 1h, Ll acu 1 h, Ta med 1h
[2026-09-27 21:40:23] 239: SIN DATOS EN EL ÚLTIMO DÍA
[2026-09-27 21:40:24] 240: 3/4 variables -> HRa med 1h, Ll acu 1 h, Ta med 1h
[2026-09-27 21:40:25] 241: 3/4 variables -> HRa med 1h, Ll acu 1 h, Ta med 1h
[2026-09-27 21:40:25] 242: 3/4 variables -> HRa med 1h, Ll acu 1 h, Ta med 1h
[2026-09-27 21:40:26] 243: 3/4 variables -> HRa med 1h, Ll acu 1 h, Ta med 1h
[2026-09-27 21:40:26] 244: 3/4 variables -> HRa med 1h, Ll acu 1 h, Ta med 1h
[2026-09-27 21:40:27] 245: 3/4 variables -> HRa med 1h, Ll acu 1 h, Ta med 1h
[2026-09-27 21:40:27] 246: 3/4 variables -> HRa med 1h, Ll acu 1 h, Ta med 1h
[2026-09-27 21:40:28] 247: 3/4 variables -> HRa med 1h, Ll acu 1 h, Ta med 1h
[2026-09-27 21:40:28] 215: histórico actualizado -> 111 filas
[2026-09-27 21:40:28] 216: histórico actualizado -> 85 filas
[2026-09-27 21:40:28] 217: histórico actualizado -> 111 filas
[2026-09-27 21:40:28] 218: histórico actualizado -> 113 filas
[2026-09-27 21:40:28] 220: histórico actualizado -> 110 filas
[2026-09-27 21:40:28] 221: histórico actualizado -> 223 filas
[2026-09-27 21:40:28] 223: histórico actualizado -> 221 filas
[2026-09-27 21:40:28] 225: histórico actualizado -> 222 filas
[2026-09-27 21:40:28] 226: histórico actualizado -> 222 filas
[2026-09-27 21:40:29] 227: histórico actualizado -> 223 filas
[2026-09-27 21:40:29] 228: histórico actualizado -> 221 filas
[2026-09-27 21:40:29] 229: histórico actualizado -> 221 filas
[2026-09-27 21:40:29] 231: histórico actualizado -> 221 filas
[2026-09-27 21:40:29] 232: histórico actualizado -> 201 filas
[2026-09-27 21:40:29] 234: histórico actualizado -> 214 filas
[2026-09-27 21:40:29] 235: histórico actualizado -> 192 filas
[2026-09-27 21:40:29] 236: histórico actualizado -> 220 filas
[2026-09-27 21:40:29] 238: histórico actualizado -> 223 filas
[2026-09-27 21:40:29] 240: histórico actualizado -> 187 filas
[2026-09-27 21:40:29] 241: histórico actualizado -> 108 filas
[2026-09-27 21:40:29] 242: histórico actualizado -> 189 filas
[2026-09-27 21:40:29] 243: histórico actualizado -> 221 filas
[2026-09-27 21:40:29] 244: histórico actualizado -> 102 filas
[2026-09-27 21:40:29] 245: histórico actualizado -> 168 filas
[2026-09-27 21:40:29] 246: histórico actualizado -> 71 filas
[2026-09-27 21:40:29] 247: histórico actualizado -> 178 filas
[2026-09-27 21:40:29] Catálogo actualizado: 32 estaciones
[2026-09-27 21:40:29] FIN DEL PROCESO - 24.1 segundos
[2026-09-27 22:40:06] INICIO DEL PROCESO
[2026-09-27 22:40:06] Abriendo página de login...
[2026-09-27 22:40:06] Realizando login...
[2026-09-27 22:40:07] LOGIN OK -> https://polaris.adrtecnology.com/gis/map
[2026-09-27 22:40:07] Estaciones conservadas del catálogo histórico: 32
[2026-09-27 22:40:07] Estaciones obtenidas desde viewer: 20
[2026-09-27 22:40:09] Estaciones obtenidas directamente desde GIS: 32
[2026-09-27 22:40:09] 200: SIN DATOS EN EL ÚLTIMO DÍA
[2026-09-27 22:40:10] 215: 1/4 variables -> Ll acu 1 h
[2026-09-27 22:40:11] 216: 3/4 variables -> HRa med 1h, Ll acu 1 h, Ta med 1h
[2026-09-27 22:40:11] 217: 3/4 variables -> HRa med 1h, Ll acu 1 h, Ta med 1h
[2026-09-27 22:40:12] 218: 2/4 variables -> Ll acu 1 h, Ta med 1h
[2026-09-27 22:40:12] 220: 1/4 variables -> PP Acc (1h)
[2026-09-27 22:40:13] 221: 3/4 variables -> HRa med 1h, Ll acu 1 h, Ta med 1h
[2026-09-27 22:40:13] 223: 3/4 variables -> HRa med 1h, Ll acu 1 h, Ta med 1h
[2026-09-27 22:40:14] 224: SIN DATOS EN EL ÚLTIMO DÍA
[2026-09-27 22:40:14] 225: 3/4 variables -> HRa med 1h, Ll acu 1 h, Ta med 1h
[2026-09-27 22:40:15] 226: 3/4 variables -> HRa med 1h, Ll acu 1 h, Ta med 1h
[2026-09-27 22:40:15] 227: 3/4 variables -> HRa med 1h, Ll acu 1 h, Ta med 1h
[2026-09-27 22:40:16] 228: 3/4 variables -> HRa med 1h, Ll acu 1 h, Ta med 1h
[2026-09-27 22:40:16] 229: 3/4 variables -> HRa med 1h, Ll acu 1 h, Ta med 1h
[2026-09-27 22:40:17] 230: SIN DATOS EN EL ÚLTIMO DÍA
[2026-09-27 22:40:18] 231: 3/4 variables -> HRa med 1h, Ll acu 1 h, Ta med 1h
[2026-09-27 22:40:18] 232: 3/4 variables -> HRa med 1h, Ll acu 1 h, Ta med 1h
[2026-09-27 22:40:19] 233: SIN DATOS EN EL ÚLTIMO DÍA
[2026-09-27 22:40:19] 234: 3/4 variables -> HRa med 1h, Ll acu 1 h, Ta med 1h
[2026-09-27 22:40:20] 235: 3/4 variables -> HRa med 1h, Ll acu 1 h, Ta med 1h
[2026-09-27 22:40:20] 236: 3/4 variables -> HRa med 1h, Ll acu 1 h, Ta med 1h
[2026-09-27 22:40:21] 237: SIN DATOS EN EL ÚLTIMO DÍA
[2026-09-27 22:40:21] 238: 3/4 variables -> HRa med 1h, Ll acu 1 h, Ta med 1h
[2026-09-27 22:40:22] 239: SIN DATOS EN EL ÚLTIMO DÍA
[2026-09-27 22:40:22] 240: 3/4 variables -> HRa med 1h, Ll acu 1 h, Ta med 1h
[2026-09-27 22:40:23] 241: 3/4 variables -> HRa med 1h, Ll acu 1 h, Ta med 1h
[2026-09-27 22:40:23] 242: 3/4 variables -> HRa med 1h, Ll acu 1 h, Ta med 1h
[2026-09-27 22:40:24] 243: 3/4 variables -> HRa med 1h, Ll acu 1 h, Ta med 1h
[2026-09-27 22:40:24] 244: 3/4 variables -> HRa med 1h, Ll acu 1 h, Ta med 1h
[2026-09-27 22:40:25] 245: 3/4 variables -> HRa med 1h, Ll acu 1 h, Ta med 1h
[2026-09-27 22:40:26] 246: 3/4 variables -> HRa med 1h, Ll acu 1 h, Ta med 1h
[2026-09-27 22:40:26] 247: 3/4 variables -> HRa med 1h, Ll acu 1 h, Ta med 1h
[2026-09-27 22:40:26] 215: histórico actualizado -> 112 filas
[2026-09-27 22:40:26] 216: histórico actualizado -> 86 filas
[2026-09-27 22:40:26] 217: histórico actualizado -> 112 filas
[2026-09-27 22:40:26] 218: histórico actualizado -> 114 filas
[2026-09-27 22:40:27] 220: histórico actualizado -> 111 filas
[2026-09-27 22:40:27] 221: histórico actualizado -> 225 filas
[2026-09-27 22:40:27] 223: histórico actualizado -> 223 filas
[2026-09-27 22:40:27] 225: histórico actualizado -> 224 filas
[2026-09-27 22:40:27] 226: histórico actualizado -> 224 filas
[2026-09-27 22:40:27] 227: histórico actualizado -> 225 filas
[2026-09-27 22:40:27] 228: histórico actualizado -> 223 filas
[2026-09-27 22:40:27] 229: histórico actualizado -> 223 filas
[2026-09-27 22:40:27] 231: histórico actualizado -> 223 filas
[2026-09-27 22:40:27] 232: histórico actualizado -> 203 filas
[2026-09-27 22:40:27] 234: histórico actualizado -> 216 filas
[2026-09-27 22:40:27] 235: histórico actualizado -> 194 filas
[2026-09-27 22:40:27] 236: histórico actualizado -> 222 filas
[2026-09-27 22:40:27] 238: histórico actualizado -> 225 filas
[2026-09-27 22:40:27] 240: histórico actualizado -> 189 filas
[2026-09-27 22:40:27] 241: histórico actualizado -> 108 filas
[2026-09-27 22:40:27] 242: histórico actualizado -> 189 filas
[2026-09-27 22:40:27] 243: histórico actualizado -> 223 filas
[2026-09-27 22:40:27] 244: histórico actualizado -> 104 filas
[2026-09-27 22:40:27] 245: histórico actualizado -> 170 filas
[2026-09-27 22:40:27] 246: histórico actualizado -> 72 filas
[2026-09-27 22:40:27] 247: histórico actualizado -> 178 filas
[2026-09-27 22:40:27] Catálogo actualizado: 32 estaciones
[2026-09-27 22:40:28] FIN DEL PROCESO - 21.7 segundos
[2026-09-27 23:40:04] INICIO DEL PROCESO
[2026-09-27 23:40:04] Abriendo página de login...
[2026-09-27 23:40:05] Realizando login...
[2026-09-27 23:40:05] LOGIN OK -> https://polaris.adrtecnology.com/gis/map
[2026-09-27 23:40:05] Estaciones conservadas del catálogo histórico: 32
[2026-09-27 23:40:06] Estaciones obtenidas desde viewer: 20
[2026-09-27 23:40:07] Estaciones obtenidas directamente desde GIS: 32
[2026-09-27 23:40:08] 200: SIN DATOS EN EL ÚLTIMO DÍA
[2026-09-27 23:40:08] 215: 1/4 variables -> Ll acu 1 h
[2026-09-27 23:40:09] 216: 3/4 variables -> HRa med 1h, Ll acu 1 h, Ta med 1h
[2026-09-27 23:40:09] 217: 3/4 variables -> HRa med 1h, Ll acu 1 h, Ta med 1h
[2026-09-27 23:40:10] 218: 2/4 variables -> Ll acu 1 h, Ta med 1h
[2026-09-27 23:40:10] 220: 1/4 variables -> PP Acc (1h)
[2026-09-27 23:40:11] 221: 3/4 variables -> HRa med 1h, Ll acu 1 h, Ta med 1h
[2026-09-27 23:40:11] 223: 3/4 variables -> HRa med 1h, Ll acu 1 h, Ta med 1h
[2026-09-27 23:40:12] 224: SIN DATOS EN EL ÚLTIMO DÍA
[2026-09-27 23:40:12] 225: 3/4 variables -> HRa med 1h, Ll acu 1 h, Ta med 1h
[2026-09-27 23:40:13] 226: 3/4 variables -> HRa med 1h, Ll acu 1 h, Ta med 1h
[2026-09-27 23:40:14] 227: 3/4 variables -> HRa med 1h, Ll acu 1 h, Ta med 1h
[2026-09-27 23:40:14] 228: 3/4 variables -> HRa med 1h, Ll acu 1 h, Ta med 1h
[2026-09-27 23:40:15] 229: 3/4 variables -> HRa med 1h, Ll acu 1 h, Ta med 1h
[2026-09-27 23:40:15] 230: SIN DATOS EN EL ÚLTIMO DÍA
[2026-09-27 23:40:16] 231: 3/4 variables -> HRa med 1h, Ll acu 1 h, Ta med 1h
[2026-09-27 23:40:16] 232: 3/4 variables -> HRa med 1h, Ll acu 1 h, Ta med 1h
[2026-09-27 23:40:17] 233: SIN DATOS EN EL ÚLTIMO DÍA
[2026-09-27 23:40:17] 234: 3/4 variables -> HRa med 1h, Ll acu 1 h, Ta med 1h
[2026-09-27 23:40:18] 235: 3/4 variables -> HRa med 1h, Ll acu 1 h, Ta med 1h
[2026-09-27 23:40:19] 236: 3/4 variables -> HRa med 1h, Ll acu 1 h, Ta med 1h
[2026-09-27 23:40:19] 237: SIN DATOS EN EL ÚLTIMO DÍA
[2026-09-27 23:40:20] 238: 3/4 variables -> HRa med 1h, Ll acu 1 h, Ta med 1h
[2026-09-27 23:40:20] 239: SIN DATOS EN EL ÚLTIMO DÍA
[2026-09-27 23:40:21] 240: 3/4 variables -> HRa med 1h, Ll acu 1 h, Ta med 1h
[2026-09-27 23:40:21] 241: 3/4 variables -> HRa med 1h, Ll acu 1 h, Ta med 1h
[2026-09-27 23:40:22] 242: 3/4 variables -> HRa med 1h, Ll acu 1 h, Ta med 1h
[2026-09-27 23:40:22] 243: 3/4 variables -> HRa med 1h, Ll acu 1 h, Ta med 1h
[2026-09-27 23:40:23] 244: 3/4 variables -> HRa med 1h, Ll acu 1 h, Ta med 1h
[2026-09-27 23:40:23] 245: 3/4 variables -> HRa med 1h, Ll acu 1 h, Ta med 1h
[2026-09-27 23:40:24] 246: 3/4 variables -> HRa med 1h, Ll acu 1 h, Ta med 1h
[2026-09-27 23:40:25] 247: 3/4 variables -> HRa med 1h, Ll acu 1 h, Ta med 1h
[2026-09-27 23:40:25] 215: histórico actualizado -> 113 filas
[2026-09-27 23:40:25] 216: histórico actualizado -> 87 filas
[2026-09-27 23:40:25] 217: histórico actualizado -> 113 filas
[2026-09-27 23:40:25] 218: histórico actualizado -> 115 filas
[2026-09-27 23:40:25] 220: histórico actualizado -> 112 filas
[2026-09-27 23:40:25] 221: histórico actualizado -> 227 filas
[2026-09-27 23:40:25] 223: histórico actualizado -> 225 filas
[2026-09-27 23:40:25] 225: histórico actualizado -> 226 filas
[2026-09-27 23:40:25] 226: histórico actualizado -> 226 filas
[2026-09-27 23:40:25] 227: histórico actualizado -> 227 filas
[2026-09-27 23:40:25] 228: histórico actualizado -> 225 filas
[2026-09-27 23:40:25] 229: histórico actualizado -> 225 filas
[2026-09-27 23:40:25] 231: histórico actualizado -> 225 filas
[2026-09-27 23:40:26] 232: histórico actualizado -> 205 filas
[2026-09-27 23:40:26] 234: histórico actualizado -> 218 filas
[2026-09-27 23:40:26] 235: histórico actualizado -> 196 filas
[2026-09-27 23:40:26] 236: histórico actualizado -> 224 filas
[2026-09-27 23:40:26] 238: histórico actualizado -> 227 filas
[2026-09-27 23:40:26] 240: histórico actualizado -> 191 filas
[2026-09-27 23:40:26] 241: histórico actualizado -> 108 filas
[2026-09-27 23:40:26] 242: histórico actualizado -> 189 filas
[2026-09-27 23:40:26] 243: histórico actualizado -> 225 filas
[2026-09-27 23:40:26] 244: histórico actualizado -> 106 filas
[2026-09-27 23:40:26] 245: histórico actualizado -> 172 filas
[2026-09-27 23:40:26] 246: histórico actualizado -> 74 filas
[2026-09-27 23:40:26] 247: histórico actualizado -> 178 filas
[2026-09-27 23:40:26] Catálogo actualizado: 32 estaciones
[2026-09-27 23:40:26] FIN DEL PROCESO - 21.6 segundos
[2026-09-28 00:40:05] INICIO DEL PROCESO
[2026-09-28 00:40:05] Abriendo página de login...
[2026-09-28 00:40:06] Realizando login...
[2026-09-28 00:40:06] LOGIN OK -> https://polaris.adrtecnology.com/gis/map
[2026-09-28 00:40:06] Estaciones conservadas del catálogo histórico: 32
[2026-09-28 00:40:06] Estaciones obtenidas desde viewer: 20
[2026-09-28 00:40:08] Estaciones obtenidas directamente desde GIS: 32
[2026-09-28 00:40:08] 200: SIN DATOS EN EL ÚLTIMO DÍA
[2026-09-28 00:40:09] 215: 1/4 variables -> Ll acu 1 h
[2026-09-28 00:40:09] 216: 3/4 variables -> HRa med 1h, Ll acu 1 h, Ta med 1h
[2026-09-28 00:40:10] 217: 3/4 variables -> HRa med 1h, Ll acu 1 h, Ta med 1h
[2026-09-28 00:40:10] 218: 2/4 variables -> Ll acu 1 h, Ta med 1h
[2026-09-28 00:40:11] 220: 1/4 variables -> PP Acc (1h)
[2026-09-28 00:40:12] 221: 3/4 variables -> HRa med 1h, Ll acu 1 h, Ta med 1h
[2026-09-28 00:40:12] 223: 3/4 variables -> HRa med 1h, Ll acu 1 h, Ta med 1h
[2026-09-28 00:40:13] 224: SIN DATOS EN EL ÚLTIMO DÍA
[2026-09-28 00:40:13] 225: 3/4 variables -> HRa med 1h, Ll acu 1 h, Ta med 1h
[2026-09-28 00:40:14] 226: 3/4 variables -> HRa med 1h, Ll acu 1 h, Ta med 1h
[2026-09-28 00:40:14] 227: 3/4 variables -> HRa med 1h, Ll acu 1 h, Ta med 1h
[2026-09-28 00:40:15] 228: 3/4 variables -> HRa med 1h, Ll acu 1 h, Ta med 1h
[2026-09-28 00:40:16] 229: 3/4 variables -> HRa med 1h, Ll acu 1 h, Ta med 1h
[2026-09-28 00:40:16] 230: SIN DATOS EN EL ÚLTIMO DÍA
[2026-09-28 00:40:17] 231: 3/4 variables -> HRa med 1h, Ll acu 1 h, Ta med 1h
[2026-09-28 00:40:17] 232: 3/4 variables -> HRa med 1h, Ll acu 1 h, Ta med 1h
[2026-09-28 00:40:18] 233: SIN DATOS EN EL ÚLTIMO DÍA
[2026-09-28 00:40:18] 234: 3/4 variables -> HRa med 1h, Ll acu 1 h, Ta med 1h
[2026-09-28 00:40:19] 235: 3/4 variables -> HRa med 1h, Ll acu 1 h, Ta med 1h
[2026-09-28 00:40:20] 236: 3/4 variables -> HRa med 1h, Ll acu 1 h, Ta med 1h
[2026-09-28 00:40:20] 237: SIN DATOS EN EL ÚLTIMO DÍA
[2026-09-28 00:40:21] 238: 3/4 variables -> HRa med 1h, Ll acu 1 h, Ta med 1h
[2026-09-28 00:40:21] 239: SIN DATOS EN EL ÚLTIMO DÍA
[2026-09-28 00:40:22] 240: 3/4 variables -> HRa med 1h, Ll acu 1 h, Ta med 1h
[2026-09-28 00:40:22] 241: 3/4 variables -> HRa med 1h, Ll acu 1 h, Ta med 1h
[2026-09-28 00:40:23] 242: 3/4 variables -> HRa med 1h, Ll acu 1 h, Ta med 1h
[2026-09-28 00:40:23] 243: 3/4 variables -> HRa med 1h, Ll acu 1 h, Ta med 1h
[2026-09-28 00:40:24] 244: 3/4 variables -> HRa med 1h, Ll acu 1 h, Ta med 1h
[2026-09-28 00:40:24] 245: 3/4 variables -> HRa med 1h, Ll acu 1 h, Ta med 1h
[2026-09-28 00:40:25] 246: 3/4 variables -> HRa med 1h, Ll acu 1 h, Ta med 1h
[2026-09-28 00:40:26] 247: SIN DATOS EN EL ÚLTIMO DÍA
[2026-09-28 00:40:26] 215: histórico actualizado -> 114 filas
[2026-09-28 00:40:26] 216: histórico actualizado -> 88 filas
[2026-09-28 00:40:26] 217: histórico actualizado -> 114 filas
[2026-09-28 00:40:26] 218: histórico actualizado -> 116 filas
[2026-09-28 00:40:26] 220: histórico actualizado -> 113 filas
[2026-09-28 00:40:26] 221: histórico actualizado -> 229 filas
[2026-09-28 00:40:26] 223: histórico actualizado -> 227 filas
[2026-09-28 00:40:26] 225: histórico actualizado -> 228 filas
[2026-09-28 00:40:26] 226: histórico actualizado -> 228 filas
[2026-09-28 00:40:26] 227: histórico actualizado -> 229 filas
[2026-09-28 00:40:26] 228: histórico actualizado -> 227 filas
[2026-09-28 00:40:26] 229: histórico actualizado -> 227 filas
[2026-09-28 00:40:26] 231: histórico actualizado -> 227 filas
[2026-09-28 00:40:26] 232: histórico actualizado -> 207 filas
[2026-09-28 00:40:27] 234: histórico actualizado -> 220 filas
[2026-09-28 00:40:27] 235: histórico actualizado -> 198 filas
[2026-09-28 00:40:27] 236: histórico actualizado -> 226 filas
[2026-09-28 00:40:27] 238: histórico actualizado -> 229 filas
[2026-09-28 00:40:27] 240: histórico actualizado -> 193 filas
[2026-09-28 00:40:27] 241: histórico actualizado -> 108 filas
[2026-09-28 00:40:27] 242: histórico actualizado -> 190 filas
[2026-09-28 00:40:27] 243: histórico actualizado -> 227 filas
[2026-09-28 00:40:27] 244: histórico actualizado -> 106 filas
[2026-09-28 00:40:27] 245: histórico actualizado -> 172 filas
[2026-09-28 00:40:27] 246: histórico actualizado -> 76 filas
[2026-09-28 00:40:27] Catálogo actualizado: 32 estaciones
[2026-09-28 00:40:27] FIN DEL PROCESO - 22.0 segundos
[2026-09-28 01:40:04] INICIO DEL PROCESO
[2026-09-28 01:40:04] Abriendo página de login...
[2026-09-28 01:40:05] Realizando login...
[2026-09-28 01:40:05] LOGIN OK -> https://polaris.adrtecnology.com/gis/map
[2026-09-28 01:40:05] Estaciones conservadas del catálogo histórico: 32
[2026-09-28 01:40:06] Estaciones obtenidas desde viewer: 20
[2026-09-28 01:40:07] Estaciones obtenidas directamente desde GIS: 32
[2026-09-28 01:40:08] 200: SIN DATOS EN EL ÚLTIMO DÍA
[2026-09-28 01:40:08] 215: 1/4 variables -> Ll acu 1 h
[2026-09-28 01:40:09] 216: 3/4 variables -> HRa med 1h, Ll acu 1 h, Ta med 1h
[2026-09-28 01:40:09] 217: 3/4 variables -> HRa med 1h, Ll acu 1 h, Ta med 1h
[2026-09-28 01:40:10] 218: 2/4 variables -> Ll acu 1 h, Ta med 1h
[2026-09-28 01:40:10] 220: 1/4 variables -> PP Acc (1h)
[2026-09-28 01:40:11] 221: 3/4 variables -> HRa med 1h, Ll acu 1 h, Ta med 1h
[2026-09-28 01:40:11] 223: 3/4 variables -> HRa med 1h, Ll acu 1 h, Ta med 1h
[2026-09-28 01:40:12] 224: SIN DATOS EN EL ÚLTIMO DÍA
[2026-09-28 01:40:12] 225: 3/4 variables -> HRa med 1h, Ll acu 1 h, Ta med 1h
[2026-09-28 01:40:13] 226: 3/4 variables -> HRa med 1h, Ll acu 1 h, Ta med 1h
[2026-09-28 01:40:13] 227: 3/4 variables -> HRa med 1h, Ll acu 1 h, Ta med 1h
[2026-09-28 01:40:14] 228: 3/4 variables -> HRa med 1h, Ll acu 1 h, Ta med 1h
[2026-09-28 01:40:15] 229: 3/4 variables -> HRa med 1h, Ll acu 1 h, Ta med 1h
[2026-09-28 01:40:15] 230: SIN DATOS EN EL ÚLTIMO DÍA
[2026-09-28 01:40:16] 231: 3/4 variables -> HRa med 1h, Ll acu 1 h, Ta med 1h
[2026-09-28 01:40:16] 232: 3/4 variables -> HRa med 1h, Ll acu 1 h, Ta med 1h
[2026-09-28 01:40:17] 233: SIN DATOS EN EL ÚLTIMO DÍA
[2026-09-28 01:40:17] 234: 3/4 variables -> HRa med 1h, Ll acu 1 h, Ta med 1h
[2026-09-28 01:40:18] 235: 3/4 variables -> HRa med 1h, Ll acu 1 h, Ta med 1h
[2026-09-28 01:40:18] 236: 3/4 variables -> HRa med 1h, Ll acu 1 h, Ta med 1h
[2026-09-28 01:40:19] 237: SIN DATOS EN EL ÚLTIMO DÍA
[2026-09-28 01:40:19] 238: 3/4 variables -> HRa med 1h, Ll acu 1 h, Ta med 1h
[2026-09-28 01:40:20] 239: SIN DATOS EN EL ÚLTIMO DÍA
[2026-09-28 01:40:21] 240: 3/4 variables -> HRa med 1h, Ll acu 1 h, Ta med 1h
[2026-09-28 01:40:21] 241: 3/4 variables -> HRa med 1h, Ll acu 1 h, Ta med 1h
[2026-09-28 01:40:22] 242: 3/4 variables -> HRa med 1h, Ll acu 1 h, Ta med 1h
[2026-09-28 01:40:22] 243: 3/4 variables -> HRa med 1h, Ll acu 1 h, Ta med 1h
[2026-09-28 01:40:23] 244: 3/4 variables -> HRa med 1h, Ll acu 1 h, Ta med 1h
[2026-09-28 01:40:23] 245: 3/4 variables -> HRa med 1h, Ll acu 1 h, Ta med 1h
[2026-09-28 01:40:24] 246: 3/4 variables -> HRa med 1h, Ll acu 1 h, Ta med 1h
[2026-09-28 01:40:24] 247: SIN DATOS EN EL ÚLTIMO DÍA
[2026-09-28 01:40:25] 215: histórico actualizado -> 115 filas
[2026-09-28 01:40:25] 216: histórico actualizado -> 88 filas
[2026-09-28 01:40:25] 217: histórico actualizado -> 115 filas
[2026-09-28 01:40:25] 218: histórico actualizado -> 117 filas
[2026-09-28 01:40:25] 220: histórico actualizado -> 114 filas
[2026-09-28 01:40:25] 221: histórico actualizado -> 231 filas
[2026-09-28 01:40:25] 223: histórico actualizado -> 229 filas
[2026-09-28 01:40:25] 225: histórico actualizado -> 230 filas
[2026-09-28 01:40:25] 226: histórico actualizado -> 230 filas
[2026-09-28 01:40:25] 227: histórico actualizado -> 231 filas
[2026-09-28 01:40:25] 228: histórico actualizado -> 229 filas
[2026-09-28 01:40:25] 229: histórico actualizado -> 229 filas
[2026-09-28 01:40:25] 231: histórico actualizado -> 229 filas
[2026-09-28 01:40:25] 232: histórico actualizado -> 209 filas
[2026-09-28 01:40:25] 234: histórico actualizado -> 221 filas
[2026-09-28 01:40:25] 235: histórico actualizado -> 200 filas
[2026-09-28 01:40:25] 236: histórico actualizado -> 228 filas
[2026-09-28 01:40:25] 238: histórico actualizado -> 231 filas
[2026-09-28 01:40:25] 240: histórico actualizado -> 195 filas
[2026-09-28 01:40:25] 241: histórico actualizado -> 108 filas
[2026-09-28 01:40:26] 242: histórico actualizado -> 192 filas
[2026-09-28 01:40:26] 243: histórico actualizado -> 229 filas
[2026-09-28 01:40:26] 244: histórico actualizado -> 106 filas
[2026-09-28 01:40:26] 245: histórico actualizado -> 174 filas
[2026-09-28 01:40:26] 246: histórico actualizado -> 78 filas
[2026-09-28 01:40:26] Catálogo actualizado: 32 estaciones
[2026-09-28 01:40:26] FIN DEL PROCESO - 21.5 segundos
[2026-09-28 02:40:05] INICIO DEL PROCESO
[2026-09-28 02:40:05] Abriendo página de login...
[2026-09-28 02:40:05] Realizando login...
[2026-09-28 02:40:06] LOGIN OK -> https://polaris.adrtecnology.com/gis/map
[2026-09-28 02:40:06] Estaciones conservadas del catálogo histórico: 32
[2026-09-28 02:40:06] Estaciones obtenidas desde viewer: 20
[2026-09-28 02:40:08] Estaciones obtenidas directamente desde GIS: 32
[2026-09-28 02:40:08] 200: SIN DATOS EN EL ÚLTIMO DÍA
[2026-09-28 02:40:09] 215: 1/4 variables -> Ll acu 1 h
[2026-09-28 02:40:09] 216: 3/4 variables -> HRa med 1h, Ll acu 1 h, Ta med 1h
[2026-09-28 02:40:10] 217: 3/4 variables -> HRa med 1h, Ll acu 1 h, Ta med 1h
[2026-09-28 02:40:10] 218: 2/4 variables -> Ll acu 1 h, Ta med 1h
[2026-09-28 02:40:11] 220: 1/4 variables -> PP Acc (1h)
[2026-09-28 02:40:12] 221: 3/4 variables -> HRa med 1h, Ll acu 1 h, Ta med 1h
[2026-09-28 02:40:12] 223: 3/4 variables -> HRa med 1h, Ll acu 1 h, Ta med 1h
[2026-09-28 02:40:13] 224: SIN DATOS EN EL ÚLTIMO DÍA
[2026-09-28 02:40:13] 225: 3/4 variables -> HRa med 1h, Ll acu 1 h, Ta med 1h
[2026-09-28 02:40:14] 226: 3/4 variables -> HRa med 1h, Ll acu 1 h, Ta med 1h
[2026-09-28 02:40:14] 227: 3/4 variables -> HRa med 1h, Ll acu 1 h, Ta med 1h
[2026-09-28 02:40:15] 228: 3/4 variables -> HRa med 1h, Ll acu 1 h, Ta med 1h
[2026-09-28 02:40:15] 229: 3/4 variables -> HRa med 1h, Ll acu 1 h, Ta med 1h
[2026-09-28 02:40:16] 230: SIN DATOS EN EL ÚLTIMO DÍA
[2026-09-28 02:40:16] 231: 3/4 variables -> HRa med 1h, Ll acu 1 h, Ta med 1h
[2026-09-28 02:40:17] 232: 3/4 variables -> HRa med 1h, Ll acu 1 h, Ta med 1h
[2026-09-28 02:40:17] 233: SIN DATOS EN EL ÚLTIMO DÍA
[2026-09-28 02:40:18] 234: 3/4 variables -> HRa med 1h, Ll acu 1 h, Ta med 1h
[2026-09-28 02:40:19] 235: 3/4 variables -> HRa med 1h, Ll acu 1 h, Ta med 1h
[2026-09-28 02:40:19] 236: 3/4 variables -> HRa med 1h, Ll acu 1 h, Ta med 1h
[2026-09-28 02:40:20] 237: SIN DATOS EN EL ÚLTIMO DÍA
[2026-09-28 02:40:20] 238: 3/4 variables -> HRa med 1h, Ll acu 1 h, Ta med 1h
[2026-09-28 02:40:21] 239: SIN DATOS EN EL ÚLTIMO DÍA
[2026-09-28 02:40:21] 240: 3/4 variables -> HRa med 1h, Ll acu 1 h, Ta med 1h
[2026-09-28 02:40:22] 241: 3/4 variables -> HRa med 1h, Ll acu 1 h, Ta med 1h
[2026-09-28 02:40:22] 242: 3/4 variables -> HRa med 1h, Ll acu 1 h, Ta med 1h
[2026-09-28 02:40:23] 243: 3/4 variables -> HRa med 1h, Ll acu 1 h, Ta med 1h
[2026-09-28 02:40:23] 244: 3/4 variables -> HRa med 1h, Ll acu 1 h, Ta med 1h
[2026-09-28 02:40:24] 245: 3/4 variables -> HRa med 1h, Ll acu 1 h, Ta med 1h
[2026-09-28 02:40:24] 246: 3/4 variables -> HRa med 1h, Ll acu 1 h, Ta med 1h
[2026-09-28 02:40:25] 247: SIN DATOS EN EL ÚLTIMO DÍA
[2026-09-28 02:40:25] 215: histórico actualizado -> 116 filas
[2026-09-28 02:40:25] 216: histórico actualizado -> 88 filas
[2026-09-28 02:40:25] 217: histórico actualizado -> 116 filas
[2026-09-28 02:40:25] 218: histórico actualizado -> 118 filas
[2026-09-28 02:40:25] 220: histórico actualizado -> 115 filas
[2026-09-28 02:40:25] 221: histórico actualizado -> 233 filas
[2026-09-28 02:40:25] 223: histórico actualizado -> 231 filas
[2026-09-28 02:40:26] 225: histórico actualizado -> 232 filas
[2026-09-28 02:40:26] 226: histórico actualizado -> 232 filas
[2026-09-28 02:40:26] 227: histórico actualizado -> 233 filas
[2026-09-28 02:40:26] 228: histórico actualizado -> 231 filas
[2026-09-28 02:40:26] 229: histórico actualizado -> 231 filas
[2026-09-28 02:40:26] 231: histórico actualizado -> 231 filas
[2026-09-28 02:40:26] 232: histórico actualizado -> 211 filas
[2026-09-28 02:40:26] 234: histórico actualizado -> 223 filas
[2026-09-28 02:40:26] 235: histórico actualizado -> 200 filas
[2026-09-28 02:40:26] 236: histórico actualizado -> 230 filas
[2026-09-28 02:40:26] 238: histórico actualizado -> 233 filas
[2026-09-28 02:40:26] 240: histórico actualizado -> 197 filas
[2026-09-28 02:40:26] 241: histórico actualizado -> 108 filas
[2026-09-28 02:40:26] 242: histórico actualizado -> 194 filas
[2026-09-28 02:40:26] 243: histórico actualizado -> 231 filas
[2026-09-28 02:40:26] 244: histórico actualizado -> 108 filas
[2026-09-28 02:40:26] 245: histórico actualizado -> 176 filas
[2026-09-28 02:40:26] 246: histórico actualizado -> 80 filas
[2026-09-28 02:40:26] Catálogo actualizado: 32 estaciones
[2026-09-28 02:40:26] FIN DEL PROCESO - 21.7 segundos
[2026-09-28 03:40:06] INICIO DEL PROCESO
[2026-09-28 03:40:06] Abriendo página de login...
[2026-09-28 03:40:06] Realizando login...
[2026-09-28 03:40:07] LOGIN OK -> https://polaris.adrtecnology.com/gis/map
[2026-09-28 03:40:07] Estaciones conservadas del catálogo histórico: 32
[2026-09-28 03:40:07] Estaciones obtenidas desde viewer: 20
[2026-09-28 03:40:09] Estaciones obtenidas directamente desde GIS: 32
[2026-09-28 03:40:09] 200: SIN DATOS EN EL ÚLTIMO DÍA
[2026-09-28 03:40:09] 215: 1/4 variables -> Ll acu 1 h
[2026-09-28 03:40:10] 216: 3/4 variables -> HRa med 1h, Ll acu 1 h, Ta med 1h
[2026-09-28 03:40:11] 217: 3/4 variables -> HRa med 1h, Ll acu 1 h, Ta med 1h
[2026-09-28 03:40:11] 218: 2/4 variables -> Ll acu 1 h, Ta med 1h
[2026-09-28 03:40:12] 220: 1/4 variables -> PP Acc (1h)
[2026-09-28 03:40:12] 221: 3/4 variables -> HRa med 1h, Ll acu 1 h, Ta med 1h
[2026-09-28 03:40:13] 223: 3/4 variables -> HRa med 1h, Ll acu 1 h, Ta med 1h
[2026-09-28 03:40:13] 224: SIN DATOS EN EL ÚLTIMO DÍA
[2026-09-28 03:40:14] 225: 3/4 variables -> HRa med 1h, Ll acu 1 h, Ta med 1h
[2026-09-28 03:40:14] 226: 3/4 variables -> HRa med 1h, Ll acu 1 h, Ta med 1h
[2026-09-28 03:40:15] 227: 3/4 variables -> HRa med 1h, Ll acu 1 h, Ta med 1h
[2026-09-28 03:40:16] 228: 3/4 variables -> HRa med 1h, Ll acu 1 h, Ta med 1h
[2026-09-28 03:40:16] 229: 3/4 variables -> HRa med 1h, Ll acu 1 h, Ta med 1h
[2026-09-28 03:40:17] 230: SIN DATOS EN EL ÚLTIMO DÍA
[2026-09-28 03:40:17] 231: 3/4 variables -> HRa med 1h, Ll acu 1 h, Ta med 1h
[2026-09-28 03:40:18] 232: 3/4 variables -> HRa med 1h, Ll acu 1 h, Ta med 1h
[2026-09-28 03:40:18] 233: SIN DATOS EN EL ÚLTIMO DÍA
[2026-09-28 03:40:19] 234: 3/4 variables -> HRa med 1h, Ll acu 1 h, Ta med 1h
[2026-09-28 03:40:19] 235: 3/4 variables -> HRa med 1h, Ll acu 1 h, Ta med 1h
[2026-09-28 03:40:20] 236: 3/4 variables -> HRa med 1h, Ll acu 1 h, Ta med 1h
[2026-09-28 03:40:20] 237: SIN DATOS EN EL ÚLTIMO DÍA
[2026-09-28 03:40:21] 238: 3/4 variables -> HRa med 1h, Ll acu 1 h, Ta med 1h
[2026-09-28 03:40:21] 239: SIN DATOS EN EL ÚLTIMO DÍA
[2026-09-28 03:40:22] 240: 3/4 variables -> HRa med 1h, Ll acu 1 h, Ta med 1h
[2026-09-28 03:40:22] 241: 3/4 variables -> HRa med 1h, Ll acu 1 h, Ta med 1h
[2026-09-28 03:40:23] 242: 3/4 variables -> HRa med 1h, Ll acu 1 h, Ta med 1h
[2026-09-28 03:40:23] 243: 3/4 variables -> HRa med 1h, Ll acu 1 h, Ta med 1h
[2026-09-28 03:40:24] 244: 3/4 variables -> HRa med 1h, Ll acu 1 h, Ta med 1h
[2026-09-28 03:40:24] 245: 3/4 variables -> HRa med 1h, Ll acu 1 h, Ta med 1h
[2026-09-28 03:40:25] 246: 3/4 variables -> HRa med 1h, Ll acu 1 h, Ta med 1h
[2026-09-28 03:40:26] 247: SIN DATOS EN EL ÚLTIMO DÍA
[2026-09-28 03:40:26] 215: histórico actualizado -> 117 filas
[2026-09-28 03:40:26] 216: histórico actualizado -> 89 filas
[2026-09-28 03:40:26] 217: histórico actualizado -> 117 filas
[2026-09-28 03:40:26] 218: histórico actualizado -> 119 filas
[2026-09-28 03:40:26] 220: histórico actualizado -> 116 filas
[2026-09-28 03:40:26] 221: histórico actualizado -> 235 filas
[2026-09-28 03:40:26] 223: histórico actualizado -> 233 filas
[2026-09-28 03:40:26] 225: histórico actualizado -> 234 filas
[2026-09-28 03:40:27] 226: histórico actualizado -> 234 filas
[2026-09-28 03:40:27] 227: histórico actualizado -> 235 filas
[2026-09-28 03:40:27] 228: histórico actualizado -> 233 filas
[2026-09-28 03:40:27] 229: histórico actualizado -> 233 filas
[2026-09-28 03:40:27] 231: histórico actualizado -> 233 filas
[2026-09-28 03:40:27] 232: histórico actualizado -> 213 filas
[2026-09-28 03:40:27] 234: histórico actualizado -> 225 filas
[2026-09-28 03:40:27] 235: histórico actualizado -> 202 filas
[2026-09-28 03:40:27] 236: histórico actualizado -> 232 filas
[2026-09-28 03:40:27] 238: histórico actualizado -> 235 filas
[2026-09-28 03:40:28] 240: histórico actualizado -> 199 filas
[2026-09-28 03:40:28] 241: histórico actualizado -> 108 filas
[2026-09-28 03:40:28] 242: histórico actualizado -> 196 filas
[2026-09-28 03:40:28] 243: histórico actualizado -> 233 filas
[2026-09-28 03:40:28] 244: histórico actualizado -> 110 filas
[2026-09-28 03:40:28] 245: histórico actualizado -> 178 filas
[2026-09-28 03:40:28] 246: histórico actualizado -> 82 filas
[2026-09-28 03:40:28] Catálogo actualizado: 32 estaciones
[2026-09-28 03:40:28] FIN DEL PROCESO - 22.2 segundos
[2026-09-28 04:40:05] INICIO DEL PROCESO
[2026-09-28 04:40:05] Abriendo página de login...
[2026-09-28 04:40:06] Realizando login...
[2026-09-28 04:40:06] LOGIN OK -> https://polaris.adrtecnology.com/gis/map
[2026-09-28 04:40:06] Estaciones conservadas del catálogo histórico: 32
[2026-09-28 04:40:06] Estaciones obtenidas desde viewer: 20
[2026-09-28 04:40:08] Estaciones obtenidas directamente desde GIS: 32
[2026-09-28 04:40:08] 200: SIN DATOS EN EL ÚLTIMO DÍA
[2026-09-28 04:40:09] 215: 1/4 variables -> Ll acu 1 h
[2026-09-28 04:40:09] 216: 3/4 variables -> HRa med 1h, Ll acu 1 h, Ta med 1h
[2026-09-28 04:40:10] 217: 3/4 variables -> HRa med 1h, Ll acu 1 h, Ta med 1h
[2026-09-28 04:40:10] 218: 2/4 variables -> Ll acu 1 h, Ta med 1h
[2026-09-28 04:40:11] 220: 1/4 variables -> PP Acc (1h)
[2026-09-28 04:40:12] 221: 3/4 variables -> HRa med 1h, Ll acu 1 h, Ta med 1h
[2026-09-28 04:40:12] 223: 3/4 variables -> HRa med 1h, Ll acu 1 h, Ta med 1h
[2026-09-28 04:40:13] 224: SIN DATOS EN EL ÚLTIMO DÍA
[2026-09-28 04:40:13] 225: 3/4 variables -> HRa med 1h, Ll acu 1 h, Ta med 1h
[2026-09-28 04:40:14] 226: 3/4 variables -> HRa med 1h, Ll acu 1 h, Ta med 1h
[2026-09-28 04:40:14] 227: 3/4 variables -> HRa med 1h, Ll acu 1 h, Ta med 1h
[2026-09-28 04:40:15] 228: 3/4 variables -> HRa med 1h, Ll acu 1 h, Ta med 1h
[2026-09-28 04:40:16] 229: 3/4 variables -> HRa med 1h, Ll acu 1 h, Ta med 1h
[2026-09-28 04:40:16] 230: SIN DATOS EN EL ÚLTIMO DÍA
[2026-09-28 04:40:17] 231: 3/4 variables -> HRa med 1h, Ll acu 1 h, Ta med 1h
[2026-09-28 04:40:17] 232: 3/4 variables -> HRa med 1h, Ll acu 1 h, Ta med 1h
[2026-09-28 04:40:18] 233: SIN DATOS EN EL ÚLTIMO DÍA
[2026-09-28 04:40:18] 234: 3/4 variables -> HRa med 1h, Ll acu 1 h, Ta med 1h
[2026-09-28 04:40:19] 235: 3/4 variables -> HRa med 1h, Ll acu 1 h, Ta med 1h
[2026-09-28 04:40:19] 236: 3/4 variables -> HRa med 1h, Ll acu 1 h, Ta med 1h
[2026-09-28 04:40:20] 237: SIN DATOS EN EL ÚLTIMO DÍA
[2026-09-28 04:40:20] 238: 3/4 variables -> HRa med 1h, Ll acu 1 h, Ta med 1h
[2026-09-28 04:40:21] 239: SIN DATOS EN EL ÚLTIMO DÍA
[2026-09-28 04:40:21] 240: 3/4 variables -> HRa med 1h, Ll acu 1 h, Ta med 1h
[2026-09-28 04:40:22] 241: 3/4 variables -> HRa med 1h, Ll acu 1 h, Ta med 1h
[2026-09-28 04:40:22] 242: 3/4 variables -> HRa med 1h, Ll acu 1 h, Ta med 1h
[2026-09-28 04:40:23] 243: 3/4 variables -> HRa med 1h, Ll acu 1 h, Ta med 1h
[2026-09-28 04:40:24] 244: 3/4 variables -> HRa med 1h, Ll acu 1 h, Ta med 1h
[2026-09-28 04:40:24] 245: 3/4 variables -> HRa med 1h, Ll acu 1 h, Ta med 1h
[2026-09-28 04:40:25] 246: 3/4 variables -> HRa med 1h, Ll acu 1 h, Ta med 1h
[2026-09-28 04:40:25] 247: SIN DATOS EN EL ÚLTIMO DÍA
[2026-09-28 04:40:25] 215: histórico actualizado -> 118 filas
[2026-09-28 04:40:25] 216: histórico actualizado -> 90 filas
[2026-09-28 04:40:26] 217: histórico actualizado -> 118 filas
[2026-09-28 04:40:26] 218: histórico actualizado -> 120 filas
[2026-09-28 04:40:26] 220: histórico actualizado -> 117 filas
[2026-09-28 04:40:26] 221: histórico actualizado -> 237 filas
[2026-09-28 04:40:26] 223: histórico actualizado -> 235 filas
[2026-09-28 04:40:26] 225: histórico actualizado -> 236 filas
[2026-09-28 04:40:26] 226: histórico actualizado -> 236 filas
[2026-09-28 04:40:26] 227: histórico actualizado -> 237 filas
[2026-09-28 04:40:26] 228: histórico actualizado -> 235 filas
[2026-09-28 04:40:26] 229: histórico actualizado -> 235 filas
[2026-09-28 04:40:26] 231: histórico actualizado -> 235 filas
[2026-09-28 04:40:26] 232: histórico actualizado -> 215 filas
[2026-09-28 04:40:26] 234: histórico actualizado -> 227 filas
[2026-09-28 04:40:26] 235: histórico actualizado -> 204 filas
[2026-09-28 04:40:26] 236: histórico actualizado -> 234 filas
[2026-09-28 04:40:26] 238: histórico actualizado -> 237 filas
[2026-09-28 04:40:26] 240: histórico actualizado -> 201 filas
[2026-09-28 04:40:26] 241: histórico actualizado -> 108 filas
[2026-09-28 04:40:26] 242: histórico actualizado -> 198 filas
[2026-09-28 04:40:27] 243: histórico actualizado -> 235 filas
[2026-09-28 04:40:27] 244: histórico actualizado -> 112 filas
[2026-09-28 04:40:27] 245: histórico actualizado -> 180 filas
[2026-09-28 04:40:27] 246: histórico actualizado -> 82 filas
[2026-09-28 04:40:27] Catálogo actualizado: 32 estaciones
[2026-09-28 04:40:27] FIN DEL PROCESO - 21.8 segundos
[2026-09-28 05:40:05] INICIO DEL PROCESO
[2026-09-28 05:40:05] Abriendo página de login...
[2026-09-28 05:40:05] Realizando login...
[2026-09-28 05:40:06] LOGIN OK -> https://polaris.adrtecnology.com/gis/map
[2026-09-28 05:40:06] Estaciones conservadas del catálogo histórico: 32
[2026-09-28 05:40:06] Estaciones obtenidas desde viewer: 20
[2026-09-28 05:40:08] Estaciones obtenidas directamente desde GIS: 32
[2026-09-28 05:40:08] 200: SIN DATOS EN EL ÚLTIMO DÍA
[2026-09-28 05:40:09] 215: 1/4 variables -> Ll acu 1 h
[2026-09-28 05:40:09] 216: 3/4 variables -> HRa med 1h, Ll acu 1 h, Ta med 1h
[2026-09-28 05:40:10] 217: 3/4 variables -> HRa med 1h, Ll acu 1 h, Ta med 1h
[2026-09-28 05:40:10] 218: 2/4 variables -> Ll acu 1 h, Ta med 1h
[2026-09-28 05:40:11] 220: 1/4 variables -> PP Acc (1h)
[2026-09-28 05:40:11] 221: 3/4 variables -> HRa med 1h, Ll acu 1 h, Ta med 1h
[2026-09-28 05:40:12] 223: 3/4 variables -> HRa med 1h, Ll acu 1 h, Ta med 1h
[2026-09-28 05:40:12] 224: SIN DATOS EN EL ÚLTIMO DÍA
[2026-09-28 05:40:13] 225: 3/4 variables -> HRa med 1h, Ll acu 1 h, Ta med 1h
[2026-09-28 05:40:13] 226: 3/4 variables -> HRa med 1h, Ll acu 1 h, Ta med 1h
[2026-09-28 05:40:14] 227: 3/4 variables -> HRa med 1h, Ll acu 1 h, Ta med 1h
[2026-09-28 05:40:14] 228: 3/4 variables -> HRa med 1h, Ll acu 1 h, Ta med 1h
[2026-09-28 05:40:15] 229: 3/4 variables -> HRa med 1h, Ll acu 1 h, Ta med 1h
[2026-09-28 05:40:16] 230: SIN DATOS EN EL ÚLTIMO DÍA
[2026-09-28 05:40:16] 231: 3/4 variables -> HRa med 1h, Ll acu 1 h, Ta med 1h
[2026-09-28 05:40:17] 232: 3/4 variables -> HRa med 1h, Ll acu 1 h, Ta med 1h
[2026-09-28 05:40:17] 233: SIN DATOS EN EL ÚLTIMO DÍA
[2026-09-28 05:40:18] 234: 3/4 variables -> HRa med 1h, Ll acu 1 h, Ta med 1h
[2026-09-28 05:40:18] 235: 3/4 variables -> HRa med 1h, Ll acu 1 h, Ta med 1h
[2026-09-28 05:40:19] 236: 3/4 variables -> HRa med 1h, Ll acu 1 h, Ta med 1h
[2026-09-28 05:40:19] 237: SIN DATOS EN EL ÚLTIMO DÍA
[2026-09-28 05:40:20] 238: 3/4 variables -> HRa med 1h, Ll acu 1 h, Ta med 1h
[2026-09-28 05:40:20] 239: SIN DATOS EN EL ÚLTIMO DÍA
[2026-09-28 05:40:21] 240: 3/4 variables -> HRa med 1h, Ll acu 1 h, Ta med 1h
[2026-09-28 05:40:21] 241: 3/4 variables -> HRa med 1h, Ll acu 1 h, Ta med 1h
[2026-09-28 05:40:22] 242: 3/4 variables -> HRa med 1h, Ll acu 1 h, Ta med 1h
[2026-09-28 05:40:23] 243: 3/4 variables -> HRa med 1h, Ll acu 1 h, Ta med 1h
[2026-09-28 05:40:23] 244: 3/4 variables -> HRa med 1h, Ll acu 1 h, Ta med 1h
[2026-09-28 05:40:24] 245: 3/4 variables -> HRa med 1h, Ll acu 1 h, Ta med 1h
[2026-09-28 05:40:24] 246: 3/4 variables -> HRa med 1h, Ll acu 1 h, Ta med 1h
[2026-09-28 05:40:25] 247: SIN DATOS EN EL ÚLTIMO DÍA
[2026-09-28 05:40:25] 215: histórico actualizado -> 119 filas
[2026-09-28 05:40:25] 216: histórico actualizado -> 91 filas
[2026-09-28 05:40:25] 217: histórico actualizado -> 119 filas
[2026-09-28 05:40:25] 218: histórico actualizado -> 121 filas
[2026-09-28 05:40:25] 220: histórico actualizado -> 118 filas
[2026-09-28 05:40:25] 221: histórico actualizado -> 239 filas
[2026-09-28 05:40:25] 223: histórico actualizado -> 237 filas
[2026-09-28 05:40:25] 225: histórico actualizado -> 238 filas
[2026-09-28 05:40:25] 226: histórico actualizado -> 238 filas
[2026-09-28 05:40:25] 227: histórico actualizado -> 239 filas
[2026-09-28 05:40:26] 228: histórico actualizado -> 237 filas
[2026-09-28 05:40:26] 229: histórico actualizado -> 237 filas
[2026-09-28 05:40:26] 231: histórico actualizado -> 237 filas
[2026-09-28 05:40:26] 232: histórico actualizado -> 217 filas
[2026-09-28 05:40:26] 234: histórico actualizado -> 229 filas
[2026-09-28 05:40:26] 235: histórico actualizado -> 204 filas
[2026-09-28 05:40:26] 236: histórico actualizado -> 236 filas
[2026-09-28 05:40:26] 238: histórico actualizado -> 239 filas
[2026-09-28 05:40:26] 240: histórico actualizado -> 203 filas
[2026-09-28 05:40:26] 241: histórico actualizado -> 108 filas
[2026-09-28 05:40:26] 242: histórico actualizado -> 200 filas
[2026-09-28 05:40:26] 243: histórico actualizado -> 237 filas
[2026-09-28 05:40:26] 244: histórico actualizado -> 114 filas
[2026-09-28 05:40:26] 245: histórico actualizado -> 182 filas
[2026-09-28 05:40:26] 246: histórico actualizado -> 82 filas
[2026-09-28 05:40:26] Catálogo actualizado: 32 estaciones
[2026-09-28 05:40:26] FIN DEL PROCESO - 21.5 segundos
[2026-09-28 06:40:07] INICIO DEL PROCESO
[2026-09-28 06:40:07] Abriendo página de login...
[2026-09-28 06:40:08] Realizando login...
[2026-09-28 06:40:08] LOGIN OK -> https://polaris.adrtecnology.com/gis/map
[2026-09-28 06:40:08] Estaciones conservadas del catálogo histórico: 32
[2026-09-28 06:40:08] Estaciones obtenidas desde viewer: 20
[2026-09-28 06:40:10] Estaciones obtenidas directamente desde GIS: 32
[2026-09-28 06:40:10] 200: SIN DATOS EN EL ÚLTIMO DÍA
[2026-09-28 06:40:11] 215: 1/4 variables -> Ll acu 1 h
[2026-09-28 06:40:11] 216: 3/4 variables -> HRa med 1h, Ll acu 1 h, Ta med 1h
[2026-09-28 06:40:12] 217: 3/4 variables -> HRa med 1h, Ll acu 1 h, Ta med 1h
[2026-09-28 06:40:12] 218: 2/4 variables -> Ll acu 1 h, Ta med 1h
[2026-09-28 06:40:13] 220: 1/4 variables -> PP Acc (1h)
[2026-09-28 06:40:13] 221: 3/4 variables -> HRa med 1h, Ll acu 1 h, Ta med 1h
[2026-09-28 06:40:14] 223: 3/4 variables -> HRa med 1h, Ll acu 1 h, Ta med 1h
[2026-09-28 06:40:15] 224: SIN DATOS EN EL ÚLTIMO DÍA
[2026-09-28 06:40:15] 225: 3/4 variables -> HRa med 1h, Ll acu 1 h, Ta med 1h
[2026-09-28 06:40:16] 226: 3/4 variables -> HRa med 1h, Ll acu 1 h, Ta med 1h
[2026-09-28 06:40:16] 227: 3/4 variables -> HRa med 1h, Ll acu 1 h, Ta med 1h
[2026-09-28 06:40:17] 228: 3/4 variables -> HRa med 1h, Ll acu 1 h, Ta med 1h
[2026-09-28 06:40:17] 229: 3/4 variables -> HRa med 1h, Ll acu 1 h, Ta med 1h
[2026-09-28 06:40:18] 230: SIN DATOS EN EL ÚLTIMO DÍA
[2026-09-28 06:40:18] 231: 3/4 variables -> HRa med 1h, Ll acu 1 h, Ta med 1h
[2026-09-28 06:40:19] 232: 3/4 variables -> HRa med 1h, Ll acu 1 h, Ta med 1h
[2026-09-28 06:40:19] 233: SIN DATOS EN EL ÚLTIMO DÍA
[2026-09-28 06:40:20] 234: 3/4 variables -> HRa med 1h, Ll acu 1 h, Ta med 1h
[2026-09-28 06:40:21] 235: 3/4 variables -> HRa med 1h, Ll acu 1 h, Ta med 1h
[2026-09-28 06:40:21] 236: 3/4 variables -> HRa med 1h, Ll acu 1 h, Ta med 1h
[2026-09-28 06:40:22] 237: SIN DATOS EN EL ÚLTIMO DÍA
[2026-09-28 06:40:22] 238: 3/4 variables -> HRa med 1h, Ll acu 1 h, Ta med 1h
[2026-09-28 06:40:23] 239: SIN DATOS EN EL ÚLTIMO DÍA
[2026-09-28 06:40:23] 240: 3/4 variables -> HRa med 1h, Ll acu 1 h, Ta med 1h
[2026-09-28 06:40:24] 241: 3/4 variables -> HRa med 1h, Ll acu 1 h, Ta med 1h
[2026-09-28 06:40:24] 242: 3/4 variables -> HRa med 1h, Ll acu 1 h, Ta med 1h
[2026-09-28 06:40:25] 243: 3/4 variables -> HRa med 1h, Ll acu 1 h, Ta med 1h
[2026-09-28 06:40:25] 244: 3/4 variables -> HRa med 1h, Ll acu 1 h, Ta med 1h
[2026-09-28 06:40:26] 245: 3/4 variables -> HRa med 1h, Ll acu 1 h, Ta med 1h
[2026-09-28 06:40:26] 246: 3/4 variables -> HRa med 1h, Ll acu 1 h, Ta med 1h
[2026-09-28 06:40:27] 247: SIN DATOS EN EL ÚLTIMO DÍA
[2026-09-28 06:40:27] 215: histórico actualizado -> 120 filas
[2026-09-28 06:40:27] 216: histórico actualizado -> 92 filas
[2026-09-28 06:40:27] 217: histórico actualizado -> 120 filas
[2026-09-28 06:40:27] 218: histórico actualizado -> 122 filas
[2026-09-28 06:40:27] 220: histórico actualizado -> 119 filas
[2026-09-28 06:40:27] 221: histórico actualizado -> 241 filas
[2026-09-28 06:40:28] 223: histórico actualizado -> 239 filas
[2026-09-28 06:40:28] 225: histórico actualizado -> 240 filas
[2026-09-28 06:40:28] 226: histórico actualizado -> 240 filas
[2026-09-28 06:40:28] 227: histórico actualizado -> 241 filas
[2026-09-28 06:40:28] 228: histórico actualizado -> 239 filas
[2026-09-28 06:40:28] 229: histórico actualizado -> 239 filas
[2026-09-28 06:40:28] 231: histórico actualizado -> 239 filas
[2026-09-28 06:40:28] 232: histórico actualizado -> 219 filas
[2026-09-28 06:40:28] 234: histórico actualizado -> 230 filas
[2026-09-28 06:40:28] 235: histórico actualizado -> 206 filas
[2026-09-28 06:40:28] 236: histórico actualizado -> 238 filas
[2026-09-28 06:40:28] 238: histórico actualizado -> 241 filas
[2026-09-28 06:40:28] 240: histórico actualizado -> 203 filas
[2026-09-28 06:40:28] 241: histórico actualizado -> 108 filas
[2026-09-28 06:40:28] 242: histórico actualizado -> 202 filas
[2026-09-28 06:40:28] 243: histórico actualizado -> 239 filas
[2026-09-28 06:40:29] 244: histórico actualizado -> 116 filas
[2026-09-28 06:40:29] 245: histórico actualizado -> 184 filas
[2026-09-28 06:40:29] 246: histórico actualizado -> 82 filas
[2026-09-28 06:40:29] Catálogo actualizado: 32 estaciones
[2026-09-28 06:40:29] FIN DEL PROCESO - 21.5 segundos
[2026-09-28 07:40:05] INICIO DEL PROCESO
[2026-09-28 07:40:05] Abriendo página de login...
[2026-09-28 07:40:06] Realizando login...
[2026-09-28 07:40:06] LOGIN OK -> https://polaris.adrtecnology.com/gis/map
[2026-09-28 07:40:06] Estaciones conservadas del catálogo histórico: 32
[2026-09-28 07:40:06] Estaciones obtenidas desde viewer: 20
[2026-09-28 07:40:08] Estaciones obtenidas directamente desde GIS: 32
[2026-09-28 07:40:08] 200: SIN DATOS EN EL ÚLTIMO DÍA
[2026-09-28 07:40:09] 215: 1/4 variables -> Ll acu 1 h
[2026-09-28 07:40:09] 216: 3/4 variables -> HRa med 1h, Ll acu 1 h, Ta med 1h
[2026-09-28 07:40:10] 217: 3/4 variables -> HRa med 1h, Ll acu 1 h, Ta med 1h
[2026-09-28 07:40:10] 218: 2/4 variables -> Ll acu 1 h, Ta med 1h
[2026-09-28 07:40:11] 220: 1/4 variables -> PP Acc (1h)
[2026-09-28 07:40:11] 221: 3/4 variables -> HRa med 1h, Ll acu 1 h, Ta med 1h
[2026-09-28 07:40:12] 223: 3/4 variables -> HRa med 1h, Ll acu 1 h, Ta med 1h
[2026-09-28 07:40:13] 224: SIN DATOS EN EL ÚLTIMO DÍA
[2026-09-28 07:40:13] 225: 3/4 variables -> HRa med 1h, Ll acu 1 h, Ta med 1h
[2026-09-28 07:40:14] 226: 3/4 variables -> HRa med 1h, Ll acu 1 h, Ta med 1h
[2026-09-28 07:40:14] 227: 3/4 variables -> HRa med 1h, Ll acu 1 h, Ta med 1h
[2026-09-28 07:40:15] 228: 3/4 variables -> HRa med 1h, Ll acu 1 h, Ta med 1h
[2026-09-28 07:40:15] 229: 3/4 variables -> HRa med 1h, Ll acu 1 h, Ta med 1h
[2026-09-28 07:40:16] 230: SIN DATOS EN EL ÚLTIMO DÍA
[2026-09-28 07:40:16] 231: 3/4 variables -> HRa med 1h, Ll acu 1 h, Ta med 1h
[2026-09-28 07:40:17] 232: 3/4 variables -> HRa med 1h, Ll acu 1 h, Ta med 1h
[2026-09-28 07:40:17] 233: SIN DATOS EN EL ÚLTIMO DÍA
[2026-09-28 07:40:18] 234: 3/4 variables -> HRa med 1h, Ll acu 1 h, Ta med 1h
[2026-09-28 07:40:18] 235: 3/4 variables -> HRa med 1h, Ll acu 1 h, Ta med 1h
[2026-09-28 07:40:19] 236: 3/4 variables -> HRa med 1h, Ll acu 1 h, Ta med 1h
[2026-09-28 07:40:19] 237: SIN DATOS EN EL ÚLTIMO DÍA
[2026-09-28 07:40:20] 238: 3/4 variables -> HRa med 1h, Ll acu 1 h, Ta med 1h
[2026-09-28 07:40:21] 239: SIN DATOS EN EL ÚLTIMO DÍA
[2026-09-28 07:40:21] 240: 3/4 variables -> HRa med 1h, Ll acu 1 h, Ta med 1h
[2026-09-28 07:40:22] 241: 3/4 variables -> HRa med 1h, Ll acu 1 h, Ta med 1h
[2026-09-28 07:40:22] 242: 3/4 variables -> HRa med 1h, Ll acu 1 h, Ta med 1h
[2026-09-28 07:40:23] 243: 3/4 variables -> HRa med 1h, Ll acu 1 h, Ta med 1h
[2026-09-28 07:40:23] 244: 3/4 variables -> HRa med 1h, Ll acu 1 h, Ta med 1h
[2026-09-28 07:40:24] 245: 3/4 variables -> HRa med 1h, Ll acu 1 h, Ta med 1h
[2026-09-28 07:40:24] 246: 3/4 variables -> HRa med 1h, Ll acu 1 h, Ta med 1h
[2026-09-28 07:40:25] 247: SIN DATOS EN EL ÚLTIMO DÍA
[2026-09-28 07:40:25] 215: histórico actualizado -> 121 filas
[2026-09-28 07:40:25] 216: histórico actualizado -> 93 filas
[2026-09-28 07:40:25] 217: histórico actualizado -> 121 filas
[2026-09-28 07:40:25] 218: histórico actualizado -> 123 filas
[2026-09-28 07:40:25] 220: histórico actualizado -> 120 filas
[2026-09-28 07:40:25] 221: histórico actualizado -> 243 filas
[2026-09-28 07:40:25] 223: histórico actualizado -> 241 filas
[2026-09-28 07:40:25] 225: histórico actualizado -> 242 filas
[2026-09-28 07:40:26] 226: histórico actualizado -> 242 filas
[2026-09-28 07:40:26] 227: histórico actualizado -> 243 filas
[2026-09-28 07:40:26] 228: histórico actualizado -> 241 filas
[2026-09-28 07:40:26] 229: histórico actualizado -> 241 filas
[2026-09-28 07:40:26] 231: histórico actualizado -> 241 filas
[2026-09-28 07:40:26] 232: histórico actualizado -> 221 filas
[2026-09-28 07:40:26] 234: histórico actualizado -> 230 filas
[2026-09-28 07:40:26] 235: histórico actualizado -> 208 filas
[2026-09-28 07:40:26] 236: histórico actualizado -> 240 filas
[2026-09-28 07:40:26] 238: histórico actualizado -> 243 filas
[2026-09-28 07:40:26] 240: histórico actualizado -> 205 filas
[2026-09-28 07:40:26] 241: histórico actualizado -> 109 filas
[2026-09-28 07:40:26] 242: histórico actualizado -> 204 filas
[2026-09-28 07:40:26] 243: histórico actualizado -> 241 filas
[2026-09-28 07:40:26] 244: histórico actualizado -> 118 filas
[2026-09-28 07:40:26] 245: histórico actualizado -> 185 filas
[2026-09-28 07:40:26] 246: histórico actualizado -> 82 filas
[2026-09-28 07:40:26] Catálogo actualizado: 32 estaciones
[2026-09-28 07:40:26] FIN DEL PROCESO - 21.2 segundos
[2026-09-28 08:40:06] INICIO DEL PROCESO
[2026-09-28 08:40:06] Abriendo página de login...
[2026-09-28 08:40:07] Realizando login...
[2026-09-28 08:40:07] LOGIN OK -> https://polaris.adrtecnology.com/gis/map
[2026-09-28 08:40:07] Estaciones conservadas del catálogo histórico: 32
[2026-09-28 08:40:08] Estaciones obtenidas desde viewer: 20
[2026-09-28 08:40:09] Estaciones obtenidas directamente desde GIS: 32
[2026-09-28 08:40:10] 200: SIN DATOS EN EL ÚLTIMO DÍA
[2026-09-28 08:40:10] 215: 1/4 variables -> Ll acu 1 h
[2026-09-28 08:40:11] 216: 3/4 variables -> HRa med 1h, Ll acu 1 h, Ta med 1h
[2026-09-28 08:40:11] 217: 3/4 variables -> HRa med 1h, Ll acu 1 h, Ta med 1h
[2026-09-28 08:40:12] 218: 2/4 variables -> Ll acu 1 h, Ta med 1h
[2026-09-28 08:40:12] 220: 1/4 variables -> PP Acc (1h)
[2026-09-28 08:40:13] 221: 3/4 variables -> HRa med 1h, Ll acu 1 h, Ta med 1h
[2026-09-28 08:40:14] 223: 3/4 variables -> HRa med 1h, Ll acu 1 h, Ta med 1h
[2026-09-28 08:40:14] 224: SIN DATOS EN EL ÚLTIMO DÍA
[2026-09-28 08:40:15] 225: 3/4 variables -> HRa med 1h, Ll acu 1 h, Ta med 1h
[2026-09-28 08:40:15] 226: 3/4 variables -> HRa med 1h, Ll acu 1 h, Ta med 1h
[2026-09-28 08:40:16] 227: 3/4 variables -> HRa med 1h, Ll acu 1 h, Ta med 1h
[2026-09-28 08:40:16] 228: 3/4 variables -> HRa med 1h, Ll acu 1 h, Ta med 1h
[2026-09-28 08:40:17] 229: 3/4 variables -> HRa med 1h, Ll acu 1 h, Ta med 1h
[2026-09-28 08:40:17] 230: SIN DATOS EN EL ÚLTIMO DÍA
[2026-09-28 08:40:18] 231: 3/4 variables -> HRa med 1h, Ll acu 1 h, Ta med 1h
[2026-09-28 08:40:18] 232: 3/4 variables -> HRa med 1h, Ll acu 1 h, Ta med 1h
[2026-09-28 08:40:19] 233: SIN DATOS EN EL ÚLTIMO DÍA
[2026-09-28 08:40:20] 234: 3/4 variables -> HRa med 1h, Ll acu 1 h, Ta med 1h
[2026-09-28 08:40:20] 235: 3/4 variables -> HRa med 1h, Ll acu 1 h, Ta med 1h
[2026-09-28 08:40:21] 236: 3/4 variables -> HRa med 1h, Ll acu 1 h, Ta med 1h
[2026-09-28 08:40:21] 237: SIN DATOS EN EL ÚLTIMO DÍA
[2026-09-28 08:40:22] 238: 3/4 variables -> HRa med 1h, Ll acu 1 h, Ta med 1h
[2026-09-28 08:40:22] 239: SIN DATOS EN EL ÚLTIMO DÍA
[2026-09-28 08:40:23] 240: 3/4 variables -> HRa med 1h, Ll acu 1 h, Ta med 1h
[2026-09-28 08:40:23] 241: 3/4 variables -> HRa med 1h, Ll acu 1 h, Ta med 1h
[2026-09-28 08:40:24] 242: 3/4 variables -> HRa med 1h, Ll acu 1 h, Ta med 1h
[2026-09-28 08:40:24] 243: 3/4 variables -> HRa med 1h, Ll acu 1 h, Ta med 1h
[2026-09-28 08:40:25] 244: 3/4 variables -> HRa med 1h, Ll acu 1 h, Ta med 1h
[2026-09-28 08:40:25] 245: 3/4 variables -> HRa med 1h, Ll acu 1 h, Ta med 1h
[2026-09-28 08:40:26] 246: 3/4 variables -> HRa med 1h, Ll acu 1 h, Ta med 1h
[2026-09-28 08:40:26] 247: SIN DATOS EN EL ÚLTIMO DÍA
[2026-09-28 08:40:27] 215: histórico actualizado -> 122 filas
[2026-09-28 08:40:27] 216: histórico actualizado -> 94 filas
[2026-09-28 08:40:27] 217: histórico actualizado -> 122 filas
[2026-09-28 08:40:27] 218: histórico actualizado -> 124 filas
[2026-09-28 08:40:27] 220: histórico actualizado -> 121 filas
[2026-09-28 08:40:27] 221: histórico actualizado -> 245 filas
[2026-09-28 08:40:27] 223: histórico actualizado -> 243 filas
[2026-09-28 08:40:27] 225: histórico actualizado -> 244 filas
[2026-09-28 08:40:27] 226: histórico actualizado -> 244 filas
[2026-09-28 08:40:27] 227: histórico actualizado -> 245 filas
[2026-09-28 08:40:27] 228: histórico actualizado -> 243 filas
[2026-09-28 08:40:27] 229: histórico actualizado -> 243 filas
[2026-09-28 08:40:27] 231: histórico actualizado -> 243 filas
[2026-09-28 08:40:27] 232: histórico actualizado -> 223 filas
[2026-09-28 08:40:27] 234: histórico actualizado -> 230 filas
[2026-09-28 08:40:28] 235: histórico actualizado -> 210 filas
[2026-09-28 08:40:28] 236: histórico actualizado -> 242 filas
[2026-09-28 08:40:28] 238: histórico actualizado -> 245 filas
[2026-09-28 08:40:28] 240: histórico actualizado -> 207 filas
[2026-09-28 08:40:28] 241: histórico actualizado -> 111 filas
[2026-09-28 08:40:28] 242: histórico actualizado -> 206 filas
[2026-09-28 08:40:28] 243: histórico actualizado -> 243 filas
[2026-09-28 08:40:28] 244: histórico actualizado -> 120 filas
[2026-09-28 08:40:28] 245: histórico actualizado -> 186 filas
[2026-09-28 08:40:28] 246: histórico actualizado -> 82 filas
[2026-09-28 08:40:28] Catálogo actualizado: 32 estaciones
[2026-09-28 08:40:28] FIN DEL PROCESO - 21.8 segundos
[2026-09-28 09:40:06] INICIO DEL PROCESO
[2026-09-28 09:40:06] Abriendo página de login...
[2026-09-28 09:40:06] Realizando login...
[2026-09-28 09:40:07] LOGIN OK -> https://polaris.adrtecnology.com/gis/map
[2026-09-28 09:40:07] Estaciones conservadas del catálogo histórico: 32
[2026-09-28 09:40:07] Estaciones obtenidas desde viewer: 20
[2026-09-28 09:40:09] Estaciones obtenidas directamente desde GIS: 32
[2026-09-28 09:40:09] 200: SIN DATOS EN EL ÚLTIMO DÍA
[2026-09-28 09:40:09] 215: 1/4 variables -> Ll acu 1 h
[2026-09-28 09:40:10] 216: 3/4 variables -> HRa med 1h, Ll acu 1 h, Ta med 1h
[2026-09-28 09:40:10] 217: 3/4 variables -> HRa med 1h, Ll acu 1 h, Ta med 1h
[2026-09-28 09:40:11] 218: 2/4 variables -> Ll acu 1 h, Ta med 1h
[2026-09-28 09:40:11] 220: 1/4 variables -> PP Acc (1h)
[2026-09-28 09:40:12] 221: 3/4 variables -> HRa med 1h, Ll acu 1 h, Ta med 1h
[2026-09-28 09:40:13] 223: 3/4 variables -> HRa med 1h, Ll acu 1 h, Ta med 1h
[2026-09-28 09:40:13] 224: SIN DATOS EN EL ÚLTIMO DÍA
[2026-09-28 09:40:14] 225: 3/4 variables -> HRa med 1h, Ll acu 1 h, Ta med 1h
[2026-09-28 09:40:14] 226: 3/4 variables -> HRa med 1h, Ll acu 1 h, Ta med 1h
[2026-09-28 09:40:15] 227: 3/4 variables -> HRa med 1h, Ll acu 1 h, Ta med 1h
[2026-09-28 09:40:15] 228: 3/4 variables -> HRa med 1h, Ll acu 1 h, Ta med 1h
[2026-09-28 09:40:16] 229: 3/4 variables -> HRa med 1h, Ll acu 1 h, Ta med 1h
[2026-09-28 09:40:17] 230: SIN DATOS EN EL ÚLTIMO DÍA
[2026-09-28 09:40:17] 231: 3/4 variables -> HRa med 1h, Ll acu 1 h, Ta med 1h
[2026-09-28 09:40:18] 232: 3/4 variables -> HRa med 1h, Ll acu 1 h, Ta med 1h
[2026-09-28 09:40:18] 233: SIN DATOS EN EL ÚLTIMO DÍA
[2026-09-28 09:40:19] 234: 3/4 variables -> HRa med 1h, Ll acu 1 h, Ta med 1h
[2026-09-28 09:40:19] 235: 3/4 variables -> HRa med 1h, Ll acu 1 h, Ta med 1h
[2026-09-28 09:40:20] 236: 3/4 variables -> HRa med 1h, Ll acu 1 h, Ta med 1h
[2026-09-28 09:40:20] 237: SIN DATOS EN EL ÚLTIMO DÍA
[2026-09-28 09:40:21] 238: 3/4 variables -> HRa med 1h, Ll acu 1 h, Ta med 1h
[2026-09-28 09:40:21] 239: SIN DATOS EN EL ÚLTIMO DÍA
[2026-09-28 09:40:22] 240: 3/4 variables -> HRa med 1h, Ll acu 1 h, Ta med 1h
[2026-09-28 09:40:22] 241: 3/4 variables -> HRa med 1h, Ll acu 1 h, Ta med 1h
[2026-09-28 09:40:23] 242: 3/4 variables -> HRa med 1h, Ll acu 1 h, Ta med 1h
[2026-09-28 09:40:24] 243: 3/4 variables -> HRa med 1h, Ll acu 1 h, Ta med 1h
[2026-09-28 09:40:24] 244: 3/4 variables -> HRa med 1h, Ll acu 1 h, Ta med 1h
[2026-09-28 09:40:25] 245: 3/4 variables -> HRa med 1h, Ll acu 1 h, Ta med 1h
[2026-09-28 09:40:25] 246: 3/4 variables -> HRa med 1h, Ll acu 1 h, Ta med 1h
[2026-09-28 09:40:26] 247: SIN DATOS EN EL ÚLTIMO DÍA
[2026-09-28 09:40:26] 215: histórico actualizado -> 123 filas
[2026-09-28 09:40:26] 216: histórico actualizado -> 95 filas
[2026-09-28 09:40:26] 217: histórico actualizado -> 123 filas
[2026-09-28 09:40:26] 218: histórico actualizado -> 125 filas
[2026-09-28 09:40:26] 220: histórico actualizado -> 122 filas
[2026-09-28 09:40:26] 221: histórico actualizado -> 247 filas
[2026-09-28 09:40:26] 223: histórico actualizado -> 245 filas
[2026-09-28 09:40:26] 225: histórico actualizado -> 246 filas
[2026-09-28 09:40:26] 226: histórico actualizado -> 246 filas
[2026-09-28 09:40:26] 227: histórico actualizado -> 247 filas
[2026-09-28 09:40:26] 228: histórico actualizado -> 245 filas
[2026-09-28 09:40:27] 229: histórico actualizado -> 245 filas
[2026-09-28 09:40:27] 231: histórico actualizado -> 245 filas
[2026-09-28 09:40:27] 232: histórico actualizado -> 225 filas
[2026-09-28 09:40:27] 234: histórico actualizado -> 232 filas
[2026-09-28 09:40:27] 235: histórico actualizado -> 212 filas
[2026-09-28 09:40:27] 236: histórico actualizado -> 244 filas
[2026-09-28 09:40:27] 238: histórico actualizado -> 247 filas
[2026-09-28 09:40:27] 240: histórico actualizado -> 209 filas
[2026-09-28 09:40:27] 241: histórico actualizado -> 113 filas
[2026-09-28 09:40:27] 242: histórico actualizado -> 208 filas
[2026-09-28 09:40:27] 243: histórico actualizado -> 245 filas
[2026-09-28 09:40:27] 244: histórico actualizado -> 122 filas
[2026-09-28 09:40:27] 245: histórico actualizado -> 188 filas
[2026-09-28 09:40:27] 246: histórico actualizado -> 84 filas
[2026-09-28 09:40:27] Catálogo actualizado: 32 estaciones
[2026-09-28 09:40:27] FIN DEL PROCESO - 21.6 segundos
[2026-09-28 10:40:05] INICIO DEL PROCESO
[2026-09-28 10:40:05] Abriendo página de login...
[2026-09-28 10:40:06] Realizando login...
[2026-09-28 10:40:06] LOGIN OK -> https://polaris.adrtecnology.com/gis/map
[2026-09-28 10:40:06] Estaciones conservadas del catálogo histórico: 32
[2026-09-28 10:40:07] Estaciones obtenidas desde viewer: 20
[2026-09-28 10:40:09] Estaciones obtenidas directamente desde GIS: 32
[2026-09-28 10:40:09] 200: SIN DATOS EN EL ÚLTIMO DÍA
[2026-09-28 10:40:09] 215: 1/4 variables -> Ll acu 1 h
[2026-09-28 10:40:10] 216: 3/4 variables -> HRa med 1h, Ll acu 1 h, Ta med 1h
[2026-09-28 10:40:10] 217: 3/4 variables -> HRa med 1h, Ll acu 1 h, Ta med 1h
[2026-09-28 10:40:11] 218: 2/4 variables -> Ll acu 1 h, Ta med 1h
[2026-09-28 10:40:12] 220: 1/4 variables -> PP Acc (1h)
[2026-09-28 10:40:12] 221: 3/4 variables -> HRa med 1h, Ll acu 1 h, Ta med 1h
[2026-09-28 10:40:13] 223: 3/4 variables -> HRa med 1h, Ll acu 1 h, Ta med 1h
[2026-09-28 10:40:13] 224: SIN DATOS EN EL ÚLTIMO DÍA
[2026-09-28 10:40:14] 225: 3/4 variables -> HRa med 1h, Ll acu 1 h, Ta med 1h
[2026-09-28 10:40:14] 226: 3/4 variables -> HRa med 1h, Ll acu 1 h, Ta med 1h
[2026-09-28 10:40:15] 227: 3/4 variables -> HRa med 1h, Ll acu 1 h, Ta med 1h
[2026-09-28 10:40:15] 228: 3/4 variables -> HRa med 1h, Ll acu 1 h, Ta med 1h
[2026-09-28 10:40:16] 229: 3/4 variables -> HRa med 1h, Ll acu 1 h, Ta med 1h
[2026-09-28 10:40:16] 230: SIN DATOS EN EL ÚLTIMO DÍA
[2026-09-28 10:40:17] 231: 3/4 variables -> HRa med 1h, Ll acu 1 h, Ta med 1h
[2026-09-28 10:40:17] 232: 3/4 variables -> HRa med 1h, Ll acu 1 h, Ta med 1h
[2026-09-28 10:40:18] 233: SIN DATOS EN EL ÚLTIMO DÍA
[2026-09-28 10:40:18] 234: 3/4 variables -> HRa med 1h, Ll acu 1 h, Ta med 1h
[2026-09-28 10:40:19] 235: 3/4 variables -> HRa med 1h, Ll acu 1 h, Ta med 1h
[2026-09-28 10:40:20] 236: 3/4 variables -> HRa med 1h, Ll acu 1 h, Ta med 1h
[2026-09-28 10:40:20] 237: SIN DATOS EN EL ÚLTIMO DÍA
[2026-09-28 10:40:21] 238: 3/4 variables -> HRa med 1h, Ll acu 1 h, Ta med 1h
[2026-09-28 10:40:21] 239: SIN DATOS EN EL ÚLTIMO DÍA
[2026-09-28 10:40:22] 240: 3/4 variables -> HRa med 1h, Ll acu 1 h, Ta med 1h
[2026-09-28 10:40:22] 241: 3/4 variables -> HRa med 1h, Ll acu 1 h, Ta med 1h
[2026-09-28 10:40:23] 242: 3/4 variables -> HRa med 1h, Ll acu 1 h, Ta med 1h
[2026-09-28 10:40:23] 243: 3/4 variables -> HRa med 1h, Ll acu 1 h, Ta med 1h
[2026-09-28 10:40:24] 244: 3/4 variables -> HRa med 1h, Ll acu 1 h, Ta med 1h
[2026-09-28 10:40:25] 245: 3/4 variables -> HRa med 1h, Ll acu 1 h, Ta med 1h
[2026-09-28 10:40:25] 246: 3/4 variables -> HRa med 1h, Ll acu 1 h, Ta med 1h
[2026-09-28 10:40:26] 247: SIN DATOS EN EL ÚLTIMO DÍA
[2026-09-28 10:40:26] 215: histórico actualizado -> 124 filas
[2026-09-28 10:40:26] 216: histórico actualizado -> 96 filas
[2026-09-28 10:40:26] 217: histórico actualizado -> 124 filas
[2026-09-28 10:40:26] 218: histórico actualizado -> 126 filas
[2026-09-28 10:40:26] 220: histórico actualizado -> 123 filas
[2026-09-28 10:40:26] 221: histórico actualizado -> 249 filas
[2026-09-28 10:40:26] 223: histórico actualizado -> 247 filas
[2026-09-28 10:40:26] 225: histórico actualizado -> 248 filas
[2026-09-28 10:40:26] 226: histórico actualizado -> 248 filas
[2026-09-28 10:40:26] 227: histórico actualizado -> 249 filas
[2026-09-28 10:40:26] 228: histórico actualizado -> 247 filas
[2026-09-28 10:40:26] 229: histórico actualizado -> 247 filas
[2026-09-28 10:40:27] 231: histórico actualizado -> 247 filas
[2026-09-28 10:40:27] 232: histórico actualizado -> 227 filas
[2026-09-28 10:40:27] 234: histórico actualizado -> 234 filas
[2026-09-28 10:40:27] 235: histórico actualizado -> 213 filas
[2026-09-28 10:40:27] 236: histórico actualizado -> 246 filas
[2026-09-28 10:40:27] 238: histórico actualizado -> 249 filas
[2026-09-28 10:40:27] 240: histórico actualizado -> 211 filas
[2026-09-28 10:40:27] 241: histórico actualizado -> 114 filas
[2026-09-28 10:40:27] 242: histórico actualizado -> 210 filas
[2026-09-28 10:40:27] 243: histórico actualizado -> 247 filas
[2026-09-28 10:40:27] 244: histórico actualizado -> 124 filas
[2026-09-28 10:40:27] 245: histórico actualizado -> 190 filas
[2026-09-28 10:40:27] 246: histórico actualizado -> 86 filas
[2026-09-28 10:40:27] Catálogo actualizado: 32 estaciones
[2026-09-28 10:40:27] FIN DEL PROCESO - 21.9 segundos
[2026-09-28 11:40:04] INICIO DEL PROCESO
[2026-09-28 11:40:04] Abriendo página de login...
[2026-09-28 11:40:05] Realizando login...
[2026-09-28 11:40:06] LOGIN OK -> https://polaris.adrtecnology.com/gis/map
[2026-09-28 11:40:06] Estaciones conservadas del catálogo histórico: 32
[2026-09-28 11:40:07] Estaciones obtenidas desde viewer: 20
[2026-09-28 11:40:10] Estaciones obtenidas directamente desde GIS: 32
[2026-09-28 11:40:11] 200: SIN DATOS EN EL ÚLTIMO DÍA
[2026-09-28 11:40:13] 215: 1/4 variables -> Ll acu 1 h
[2026-09-28 11:40:15] 216: 3/4 variables -> HRa med 1h, Ll acu 1 h, Ta med 1h
[2026-09-28 11:40:17] 217: 3/4 variables -> HRa med 1h, Ll acu 1 h, Ta med 1h
[2026-09-28 11:40:19] 218: 2/4 variables -> Ll acu 1 h, Ta med 1h
[2026-09-28 11:40:21] 220: 1/4 variables -> PP Acc (1h)
[2026-09-28 11:40:24] 221: 3/4 variables -> HRa med 1h, Ll acu 1 h, Ta med 1h
[2026-09-28 11:40:27] 223: 3/4 variables -> HRa med 1h, Ll acu 1 h, Ta med 1h
[2026-09-28 11:40:27] 224: SIN DATOS EN EL ÚLTIMO DÍA
[2026-09-28 11:40:30] 225: 3/4 variables -> HRa med 1h, Ll acu 1 h, Ta med 1h
[2026-09-28 11:40:33] 226: 3/4 variables -> HRa med 1h, Ll acu 1 h, Ta med 1h
[2026-09-28 11:40:35] 227: 3/4 variables -> HRa med 1h, Ll acu 1 h, Ta med 1h
[2026-09-28 11:40:38] 228: 3/4 variables -> HRa med 1h, Ll acu 1 h, Ta med 1h
[2026-09-28 11:40:40] 229: 3/4 variables -> HRa med 1h, Ll acu 1 h, Ta med 1h
[2026-09-28 11:40:41] 230: SIN DATOS EN EL ÚLTIMO DÍA
[2026-09-28 11:40:43] 231: 3/4 variables -> HRa med 1h, Ll acu 1 h, Ta med 1h
[2026-09-28 11:40:46] 232: 3/4 variables -> HRa med 1h, Ll acu 1 h, Ta med 1h
[2026-09-28 11:40:47] 233: SIN DATOS EN EL ÚLTIMO DÍA
[2026-09-28 11:40:49] 234: 3/4 variables -> HRa med 1h, Ll acu 1 h, Ta med 1h
[2026-09-28 11:40:51] 235: 3/4 variables -> HRa med 1h, Ll acu 1 h, Ta med 1h
[2026-09-28 11:40:53] 236: 3/4 variables -> HRa med 1h, Ll acu 1 h, Ta med 1h
[2026-09-28 11:40:53] 237: SIN DATOS EN EL ÚLTIMO DÍA
[2026-09-28 11:40:55] 238: 3/4 variables -> HRa med 1h, Ll acu 1 h, Ta med 1h
[2026-09-28 11:40:56] 239: SIN DATOS EN EL ÚLTIMO DÍA
[2026-09-28 11:40:58] 240: 3/4 variables -> HRa med 1h, Ll acu 1 h, Ta med 1h
[2026-09-28 11:41:00] 241: 3/4 variables -> HRa med 1h, Ll acu 1 h, Ta med 1h
[2026-09-28 11:41:02] 242: 3/4 variables -> HRa med 1h, Ll acu 1 h, Ta med 1h
[2026-09-28 11:41:05] 243: 3/4 variables -> HRa med 1h, Ll acu 1 h, Ta med 1h
[2026-09-28 11:41:08] 244: 3/4 variables -> HRa med 1h, Ll acu 1 h, Ta med 1h
[2026-09-28 11:41:10] 245: 3/4 variables -> HRa med 1h, Ll acu 1 h, Ta med 1h
[2026-09-28 11:41:13] 246: 3/4 variables -> HRa med 1h, Ll acu 1 h, Ta med 1h
[2026-09-28 11:41:13] 247: SIN DATOS EN EL ÚLTIMO DÍA
[2026-09-28 11:41:14] 215: histórico actualizado -> 125 filas
[2026-09-28 11:41:14] 216: histórico actualizado -> 97 filas
[2026-09-28 11:41:14] 217: histórico actualizado -> 125 filas
[2026-09-28 11:41:14] 218: histórico actualizado -> 127 filas
[2026-09-28 11:41:14] 220: histórico actualizado -> 124 filas
[2026-09-28 11:41:14] 221: histórico actualizado -> 251 filas
[2026-09-28 11:41:14] 223: histórico actualizado -> 249 filas
[2026-09-28 11:41:14] 225: histórico actualizado -> 250 filas
[2026-09-28 11:41:14] 226: histórico actualizado -> 250 filas
[2026-09-28 11:41:14] 227: histórico actualizado -> 251 filas
[2026-09-28 11:41:14] 228: histórico actualizado -> 249 filas
[2026-09-28 11:41:14] 229: histórico actualizado -> 249 filas
[2026-09-28 11:41:14] 231: histórico actualizado -> 249 filas
[2026-09-28 11:41:14] 232: histórico actualizado -> 229 filas
[2026-09-28 11:41:14] 234: histórico actualizado -> 236 filas
[2026-09-28 11:41:14] 235: histórico actualizado -> 214 filas
[2026-09-28 11:41:14] 236: histórico actualizado -> 248 filas
[2026-09-28 11:41:15] 238: histórico actualizado -> 251 filas
[2026-09-28 11:41:15] 240: histórico actualizado -> 213 filas
[2026-09-28 11:41:15] 241: histórico actualizado -> 114 filas
[2026-09-28 11:41:15] 242: histórico actualizado -> 212 filas
[2026-09-28 11:41:15] 243: histórico actualizado -> 249 filas
[2026-09-28 11:41:15] 244: histórico actualizado -> 126 filas
[2026-09-28 11:41:15] 245: histórico actualizado -> 192 filas
[2026-09-28 11:41:15] 246: histórico actualizado -> 88 filas
[2026-09-28 11:41:15] Catálogo actualizado: 32 estaciones
[2026-09-28 11:41:15] FIN DEL PROCESO - 70.5 segundos
[2026-09-28 12:40:05] INICIO DEL PROCESO
[2026-09-28 12:40:05] Abriendo página de login...
[2026-09-28 12:40:05] Realizando login...
[2026-09-28 12:40:06] LOGIN OK -> https://polaris.adrtecnology.com/gis/map
[2026-09-28 12:40:06] Estaciones conservadas del catálogo histórico: 32
[2026-09-28 12:40:09] Estaciones obtenidas desde viewer: 20
[2026-09-28 12:40:14] Estaciones obtenidas directamente desde GIS: 32
[2026-09-28 12:40:14] 200: SIN DATOS EN EL ÚLTIMO DÍA
[2026-09-28 12:40:18] 215: 1/4 variables -> Ll acu 1 h
[2026-09-28 12:40:21] 216: 3/4 variables -> HRa med 1h, Ll acu 1 h, Ta med 1h
[2026-09-28 12:40:25] 217: 3/4 variables -> HRa med 1h, Ll acu 1 h, Ta med 1h
[2026-09-28 12:40:29] 218: 2/4 variables -> Ll acu 1 h, Ta med 1h
[2026-09-28 12:40:35] 220: 1/4 variables -> PP Acc (1h)
[2026-09-28 12:40:40] 221: 3/4 variables -> HRa med 1h, Ll acu 1 h, Ta med 1h
[2026-09-28 12:40:45] 223: 3/4 variables -> HRa med 1h, Ll acu 1 h, Ta med 1h
[2026-09-28 12:40:45] 224: SIN DATOS EN EL ÚLTIMO DÍA
[2026-09-28 12:40:50] 225: 3/4 variables -> HRa med 1h, Ll acu 1 h, Ta med 1h
[2026-09-28 12:40:54] 226: 3/4 variables -> HRa med 1h, Ll acu 1 h, Ta med 1h
[2026-09-28 12:40:58] 227: 3/4 variables -> HRa med 1h, Ll acu 1 h, Ta med 1h
[2026-09-28 12:41:04] 228: 3/4 variables -> HRa med 1h, Ll acu 1 h, Ta med 1h
[2026-09-28 12:41:08] 229: 3/4 variables -> HRa med 1h, Ll acu 1 h, Ta med 1h
[2026-09-28 12:41:08] 230: SIN DATOS EN EL ÚLTIMO DÍA
[2026-09-28 12:41:12] 231: 3/4 variables -> HRa med 1h, Ll acu 1 h, Ta med 1h
[2026-09-28 12:41:16] 232: 3/4 variables -> HRa med 1h, Ll acu 1 h, Ta med 1h
[2026-09-28 12:41:16] 233: SIN DATOS EN EL ÚLTIMO DÍA
[2026-09-28 12:41:20] 234: 3/4 variables -> HRa med 1h, Ll acu 1 h, Ta med 1h
[2026-09-28 12:41:24] 235: 3/4 variables -> HRa med 1h, Ll acu 1 h, Ta med 1h
[2026-09-28 12:41:28] 236: 3/4 variables -> HRa med 1h, Ll acu 1 h, Ta med 1h
[2026-09-28 12:41:29] 237: SIN DATOS EN EL ÚLTIMO DÍA
[2026-09-28 12:41:32] 238: 3/4 variables -> HRa med 1h, Ll acu 1 h, Ta med 1h
[2026-09-28 12:41:33] 239: SIN DATOS EN EL ÚLTIMO DÍA
[2026-09-28 12:41:36] 240: 3/4 variables -> HRa med 1h, Ll acu 1 h, Ta med 1h
[2026-09-28 12:41:39] 241: 3/4 variables -> HRa med 1h, Ll acu 1 h, Ta med 1h
[2026-09-28 12:41:44] 242: 3/4 variables -> HRa med 1h, Ll acu 1 h, Ta med 1h
[2026-09-28 12:41:47] 243: 3/4 variables -> HRa med 1h, Ll acu 1 h, Ta med 1h
[2026-09-28 12:41:51] 244: 3/4 variables -> HRa med 1h, Ll acu 1 h, Ta med 1h
[2026-09-28 12:41:55] 245: 3/4 variables -> HRa med 1h, Ll acu 1 h, Ta med 1h
[2026-09-28 12:42:00] 246: 3/4 variables -> HRa med 1h, Ll acu 1 h, Ta med 1h
[2026-09-28 12:42:03] 247: 3/4 variables -> HRa med 1h, Ll acu 1 h, Ta med 1h
[2026-09-28 12:42:04] 215: histórico actualizado -> 126 filas
[2026-09-28 12:42:04] 216: histórico actualizado -> 98 filas
[2026-09-28 12:42:04] 217: histórico actualizado -> 126 filas
[2026-09-28 12:42:04] 218: histórico actualizado -> 128 filas
[2026-09-28 12:42:04] 220: histórico actualizado -> 125 filas
[2026-09-28 12:42:04] 221: histórico actualizado -> 253 filas
[2026-09-28 12:42:04] 223: histórico actualizado -> 251 filas
[2026-09-28 12:42:04] 225: histórico actualizado -> 252 filas
[2026-09-28 12:42:04] 226: histórico actualizado -> 252 filas
[2026-09-28 12:42:04] 227: histórico actualizado -> 253 filas
[2026-09-28 12:42:04] 228: histórico actualizado -> 251 filas
[2026-09-28 12:42:04] 229: histórico actualizado -> 251 filas
[2026-09-28 12:42:05] 231: histórico actualizado -> 251 filas
[2026-09-28 12:42:05] 232: histórico actualizado -> 231 filas
[2026-09-28 12:42:05] 234: histórico actualizado -> 238 filas
[2026-09-28 12:42:05] 235: histórico actualizado -> 216 filas
[2026-09-28 12:42:05] 236: histórico actualizado -> 250 filas
[2026-09-28 12:42:05] 238: histórico actualizado -> 253 filas
[2026-09-28 12:42:05] 240: histórico actualizado -> 215 filas
[2026-09-28 12:42:05] 241: histórico actualizado -> 114 filas
[2026-09-28 12:42:05] 242: histórico actualizado -> 214 filas
[2026-09-28 12:42:05] 243: histórico actualizado -> 251 filas
[2026-09-28 12:42:05] 244: histórico actualizado -> 128 filas
[2026-09-28 12:42:05] 245: histórico actualizado -> 194 filas
[2026-09-28 12:42:05] 246: histórico actualizado -> 89 filas
[2026-09-28 12:42:05] 247: histórico actualizado -> 180 filas
[2026-09-28 12:42:05] Catálogo actualizado: 32 estaciones
[2026-09-28 12:42:05] FIN DEL PROCESO - 120.6 segundos
[2026-09-28 13:40:04] INICIO DEL PROCESO
[2026-09-28 13:40:05] Abriendo página de login...
[2026-09-28 13:40:05] Realizando login...
[2026-09-28 13:40:05] LOGIN OK -> https://polaris.adrtecnology.com/gis/map
[2026-09-28 13:40:06] Estaciones conservadas del catálogo histórico: 32
[2026-09-28 13:40:10] Estaciones obtenidas desde viewer: 20
[2026-09-28 13:40:16] Estaciones obtenidas directamente desde GIS: 32
[2026-09-28 13:40:17] 200: SIN DATOS EN EL ÚLTIMO DÍA
[2026-09-28 13:40:21] 215: 1/4 variables -> Ll acu 1 h
[2026-09-28 13:40:26] 216: 3/4 variables -> HRa med 1h, Ll acu 1 h, Ta med 1h
[2026-09-28 13:40:30] 217: 3/4 variables -> HRa med 1h, Ll acu 1 h, Ta med 1h
[2026-09-28 13:40:34] 218: 2/4 variables -> Ll acu 1 h, Ta med 1h
[2026-09-28 13:40:39] 220: 1/4 variables -> PP Acc (1h)
[2026-09-28 13:40:45] 221: 3/4 variables -> HRa med 1h, Ll acu 1 h, Ta med 1h
[2026-09-28 13:40:52] 223: 3/4 variables -> HRa med 1h, Ll acu 1 h, Ta med 1h
[2026-09-28 13:40:53] 224: SIN DATOS EN EL ÚLTIMO DÍA
[2026-09-28 13:40:58] 225: 3/4 variables -> HRa med 1h, Ll acu 1 h, Ta med 1h
[2026-09-28 13:41:04] 226: 3/4 variables -> HRa med 1h, Ll acu 1 h, Ta med 1h
[2026-09-28 13:41:09] 227: 3/4 variables -> HRa med 1h, Ll acu 1 h, Ta med 1h
[2026-09-28 13:41:14] 228: 3/4 variables -> HRa med 1h, Ll acu 1 h, Ta med 1h
[2026-09-28 13:41:19] 229: 3/4 variables -> HRa med 1h, Ll acu 1 h, Ta med 1h
[2026-09-28 13:41:20] 230: SIN DATOS EN EL ÚLTIMO DÍA
[2026-09-28 13:41:25] 231: 3/4 variables -> HRa med 1h, Ll acu 1 h, Ta med 1h
[2026-09-28 13:41:30] 232: 3/4 variables -> HRa med 1h, Ll acu 1 h, Ta med 1h
[2026-09-28 13:41:30] 233: SIN DATOS EN EL ÚLTIMO DÍA
[2026-09-28 13:41:35] 234: 3/4 variables -> HRa med 1h, Ll acu 1 h, Ta med 1h
[2026-09-28 13:41:38] 235: 3/4 variables -> HRa med 1h, Ll acu 1 h, Ta med 1h
[2026-09-28 13:41:43] 236: 3/4 variables -> HRa med 1h, Ll acu 1 h, Ta med 1h
[2026-09-28 13:41:44] 237: SIN DATOS EN EL ÚLTIMO DÍA
[2026-09-28 13:41:47] 238: 3/4 variables -> HRa med 1h, Ll acu 1 h, Ta med 1h
[2026-09-28 13:41:48] 239: SIN DATOS EN EL ÚLTIMO DÍA
[2026-09-28 13:41:53] 240: 3/4 variables -> HRa med 1h, Ll acu 1 h, Ta med 1h
[2026-09-28 13:41:57] 241: 3/4 variables -> HRa med 1h, Ll acu 1 h, Ta med 1h
[2026-09-28 13:42:02] 242: 3/4 variables -> HRa med 1h, Ll acu 1 h, Ta med 1h
[2026-09-28 13:42:07] 243: 3/4 variables -> HRa med 1h, Ll acu 1 h, Ta med 1h
[2026-09-28 13:42:11] 244: 3/4 variables -> HRa med 1h, Ll acu 1 h, Ta med 1h
[2026-09-28 13:42:16] 245: 3/4 variables -> HRa med 1h, Ll acu 1 h, Ta med 1h
[2026-09-28 13:42:20] 246: 3/4 variables -> HRa med 1h, Ll acu 1 h, Ta med 1h
[2026-09-28 13:42:23] 247: 3/4 variables -> HRa med 1h, Ll acu 1 h, Ta med 1h
[2026-09-28 13:42:23] 215: histórico actualizado -> 127 filas
[2026-09-28 13:42:23] 216: histórico actualizado -> 99 filas
[2026-09-28 13:42:23] 217: histórico actualizado -> 127 filas
[2026-09-28 13:42:24] 218: histórico actualizado -> 129 filas
[2026-09-28 13:42:24] 220: histórico actualizado -> 126 filas
[2026-09-28 13:42:24] 221: histórico actualizado -> 255 filas
[2026-09-28 13:42:24] 223: histórico actualizado -> 253 filas
[2026-09-28 13:42:24] 225: histórico actualizado -> 254 filas
[2026-09-28 13:42:24] 226: histórico actualizado -> 254 filas
[2026-09-28 13:42:24] 227: histórico actualizado -> 255 filas
[2026-09-28 13:42:24] 228: histórico actualizado -> 253 filas
[2026-09-28 13:42:24] 229: histórico actualizado -> 253 filas
[2026-09-28 13:42:24] 231: histórico actualizado -> 253 filas
[2026-09-28 13:42:24] 232: histórico actualizado -> 233 filas
[2026-09-28 13:42:24] 234: histórico actualizado -> 240 filas
[2026-09-28 13:42:24] 235: histórico actualizado -> 218 filas
[2026-09-28 13:42:25] 236: histórico actualizado -> 252 filas
[2026-09-28 13:42:25] 238: histórico actualizado -> 255 filas
[2026-09-28 13:42:25] 240: histórico actualizado -> 217 filas
[2026-09-28 13:42:25] 241: histórico actualizado -> 114 filas
[2026-09-28 13:42:25] 242: histórico actualizado -> 216 filas
[2026-09-28 13:42:25] 243: histórico actualizado -> 253 filas
[2026-09-28 13:42:25] 244: histórico actualizado -> 130 filas
[2026-09-28 13:42:25] 245: histórico actualizado -> 196 filas
[2026-09-28 13:42:25] 246: histórico actualizado -> 90 filas
[2026-09-28 13:42:25] 247: histórico actualizado -> 182 filas
[2026-09-28 13:42:25] Catálogo actualizado: 32 estaciones
[2026-09-28 13:42:25] FIN DEL PROCESO - 140.6 segundos
[2026-09-28 14:40:05] INICIO DEL PROCESO
[2026-09-28 14:40:05] Abriendo página de login...
[2026-09-28 14:40:06] Realizando login...
[2026-09-28 14:40:06] LOGIN OK -> https://polaris.adrtecnology.com/gis/map
[2026-09-28 14:40:06] Estaciones conservadas del catálogo histórico: 32
[2026-09-28 14:40:11] Estaciones obtenidas desde viewer: 20
[2026-09-28 14:40:16] Estaciones obtenidas directamente desde GIS: 32
[2026-09-28 14:40:17] 200: SIN DATOS EN EL ÚLTIMO DÍA
[2026-09-28 14:40:23] 215: 1/4 variables -> Ll acu 1 h
[2026-09-28 14:40:29] 216: 3/4 variables -> HRa med 1h, Ll acu 1 h, Ta med 1h
[2026-09-28 14:40:33] 217: 3/4 variables -> HRa med 1h, Ll acu 1 h, Ta med 1h
[2026-09-28 14:40:40] 218: 2/4 variables -> Ll acu 1 h, Ta med 1h
[2026-09-28 14:40:46] 220: 1/4 variables -> PP Acc (1h)
[2026-09-28 14:40:52] 221: 3/4 variables -> HRa med 1h, Ll acu 1 h, Ta med 1h
[2026-09-28 14:40:59] 223: 3/4 variables -> HRa med 1h, Ll acu 1 h, Ta med 1h
[2026-09-28 14:41:00] 224: SIN DATOS EN EL ÚLTIMO DÍA
[2026-09-28 14:41:08] 225: 3/4 variables -> HRa med 1h, Ll acu 1 h, Ta med 1h
[2026-09-28 14:41:15] 226: 3/4 variables -> HRa med 1h, Ll acu 1 h, Ta med 1h
[2026-09-28 14:41:21] 227: 3/4 variables -> HRa med 1h, Ll acu 1 h, Ta med 1h
[2026-09-28 14:41:26] 228: 3/4 variables -> HRa med 1h, Ll acu 1 h, Ta med 1h
[2026-09-28 14:41:32] 229: 3/4 variables -> HRa med 1h, Ll acu 1 h, Ta med 1h
[2026-09-28 14:41:33] 230: SIN DATOS EN EL ÚLTIMO DÍA
[2026-09-28 14:41:39] 231: 3/4 variables -> HRa med 1h, Ll acu 1 h, Ta med 1h
[2026-09-28 14:41:46] 232: 3/4 variables -> HRa med 1h, Ll acu 1 h, Ta med 1h
[2026-09-28 14:41:47] 233: SIN DATOS EN EL ÚLTIMO DÍA
[2026-09-28 14:41:53] 234: 3/4 variables -> HRa med 1h, Ll acu 1 h, Ta med 1h
[2026-09-28 14:41:59] 235: 3/4 variables -> HRa med 1h, Ll acu 1 h, Ta med 1h
[2026-09-28 14:42:04] 236: 3/4 variables -> HRa med 1h, Ll acu 1 h, Ta med 1h
[2026-09-28 14:42:05] 237: SIN DATOS EN EL ÚLTIMO DÍA
[2026-09-28 14:42:10] 238: 3/4 variables -> HRa med 1h, Ll acu 1 h, Ta med 1h
[2026-09-28 14:42:11] 239: SIN DATOS EN EL ÚLTIMO DÍA
[2026-09-28 14:42:16] 240: 3/4 variables -> HRa med 1h, Ll acu 1 h, Ta med 1h
[2026-09-28 14:42:20] 241: 3/4 variables -> HRa med 1h, Ll acu 1 h, Ta med 1h
[2026-09-28 14:42:27] 242: 3/4 variables -> HRa med 1h, Ll acu 1 h, Ta med 1h
[2026-09-28 14:42:32] 243: 3/4 variables -> HRa med 1h, Ll acu 1 h, Ta med 1h
[2026-09-28 14:42:38] 244: 3/4 variables -> HRa med 1h, Ll acu 1 h, Ta med 1h
[2026-09-28 14:42:44] 245: 3/4 variables -> HRa med 1h, Ll acu 1 h, Ta med 1h
[2026-09-28 14:42:50] 246: 3/4 variables -> HRa med 1h, Ll acu 1 h, Ta med 1h
[2026-09-28 14:42:55] 247: 3/4 variables -> HRa med 1h, Ll acu 1 h, Ta med 1h
[2026-09-28 14:42:55] 215: histórico actualizado -> 128 filas
[2026-09-28 14:42:55] 216: histórico actualizado -> 100 filas
[2026-09-28 14:42:55] 217: histórico actualizado -> 128 filas
[2026-09-28 14:42:55] 218: histórico actualizado -> 130 filas
[2026-09-28 14:42:55] 220: histórico actualizado -> 127 filas
[2026-09-28 14:42:55] 221: histórico actualizado -> 257 filas
[2026-09-28 14:42:55] 223: histórico actualizado -> 255 filas
[2026-09-28 14:42:55] 225: histórico actualizado -> 256 filas
[2026-09-28 14:42:55] 226: histórico actualizado -> 256 filas
[2026-09-28 14:42:55] 227: histórico actualizado -> 257 filas
[2026-09-28 14:42:55] 228: histórico actualizado -> 255 filas
[2026-09-28 14:42:56] 229: histórico actualizado -> 255 filas
[2026-09-28 14:42:56] 231: histórico actualizado -> 255 filas
[2026-09-28 14:42:56] 232: histórico actualizado -> 235 filas
[2026-09-28 14:42:56] 234: histórico actualizado -> 242 filas
[2026-09-28 14:42:56] 235: histórico actualizado -> 220 filas
[2026-09-28 14:42:56] 236: histórico actualizado -> 254 filas
[2026-09-28 14:42:56] 238: histórico actualizado -> 257 filas
[2026-09-28 14:42:56] 240: histórico actualizado -> 219 filas
[2026-09-28 14:42:56] 241: histórico actualizado -> 114 filas
[2026-09-28 14:42:56] 242: histórico actualizado -> 218 filas
[2026-09-28 14:42:56] 243: histórico actualizado -> 255 filas
[2026-09-28 14:42:56] 244: histórico actualizado -> 132 filas
[2026-09-28 14:42:56] 245: histórico actualizado -> 197 filas
[2026-09-28 14:42:56] 246: histórico actualizado -> 91 filas
[2026-09-28 14:42:56] 247: histórico actualizado -> 184 filas
[2026-09-28 14:42:56] Catálogo actualizado: 32 estaciones
[2026-09-28 14:42:56] FIN DEL PROCESO - 171.5 segundos
[2026-09-28 15:40:06] INICIO DEL PROCESO
[2026-09-28 15:40:06] Abriendo página de login...
[2026-09-28 15:40:06] Realizando login...
[2026-09-28 15:40:07] LOGIN OK -> https://polaris.adrtecnology.com/gis/map
[2026-09-28 15:40:07] Estaciones conservadas del catálogo histórico: 32
[2026-09-28 15:40:12] Estaciones obtenidas desde viewer: 20
[2026-09-28 15:40:19] Estaciones obtenidas directamente desde GIS: 32
[2026-09-28 15:40:20] 200: SIN DATOS EN EL ÚLTIMO DÍA
[2026-09-28 15:40:28] 215: 1/4 variables -> Ll acu 1 h
[2026-09-28 15:40:33] 216: 3/4 variables -> HRa med 1h, Ll acu 1 h, Ta med 1h
[2026-09-28 15:40:39] 217: 3/4 variables -> HRa med 1h, Ll acu 1 h, Ta med 1h
[2026-09-28 15:40:44] 218: 2/4 variables -> Ll acu 1 h, Ta med 1h
[2026-09-28 15:40:52] 220: 1/4 variables -> PP Acc (1h)
[2026-09-28 15:40:59] 221: 3/4 variables -> HRa med 1h, Ll acu 1 h, Ta med 1h
[2026-09-28 15:41:08] 223: 3/4 variables -> HRa med 1h, Ll acu 1 h, Ta med 1h
[2026-09-28 15:41:09] 224: SIN DATOS EN EL ÚLTIMO DÍA
[2026-09-28 15:41:16] 225: 3/4 variables -> HRa med 1h, Ll acu 1 h, Ta med 1h
[2026-09-28 15:41:22] 226: 3/4 variables -> HRa med 1h, Ll acu 1 h, Ta med 1h
[2026-09-28 15:41:29] 227: 3/4 variables -> HRa med 1h, Ll acu 1 h, Ta med 1h
[2026-09-28 15:41:35] 228: 3/4 variables -> HRa med 1h, Ll acu 1 h, Ta med 1h
[2026-09-28 15:41:45] 229: 3/4 variables -> HRa med 1h, Ll acu 1 h, Ta med 1h
[2026-09-28 15:41:46] 230: SIN DATOS EN EL ÚLTIMO DÍA
[2026-09-28 15:41:52] 231: 3/4 variables -> HRa med 1h, Ll acu 1 h, Ta med 1h
[2026-09-28 15:42:00] 232: 3/4 variables -> HRa med 1h, Ll acu 1 h, Ta med 1h
[2026-09-28 15:42:01] 233: SIN DATOS EN EL ÚLTIMO DÍA
[2026-09-28 15:42:08] 234: 3/4 variables -> HRa med 1h, Ll acu 1 h, Ta med 1h
[2026-09-28 15:42:13] 235: 3/4 variables -> HRa med 1h, Ll acu 1 h, Ta med 1h
[2026-09-28 15:42:24] 236: 3/4 variables -> HRa med 1h, Ll acu 1 h, Ta med 1h
[2026-09-28 15:42:25] 237: SIN DATOS EN EL ÚLTIMO DÍA
[2026-09-28 15:42:30] 238: 3/4 variables -> HRa med 1h, Ll acu 1 h, Ta med 1h
[2026-09-28 15:42:31] 239: SIN DATOS EN EL ÚLTIMO DÍA
[2026-09-28 15:42:36] 240: 3/4 variables -> HRa med 1h, Ll acu 1 h, Ta med 1h
[2026-09-28 15:42:40] 241: 3/4 variables -> HRa med 1h, Ll acu 1 h, Ta med 1h
[2026-09-28 15:42:47] 242: 3/4 variables -> HRa med 1h, Ll acu 1 h, Ta med 1h
[2026-09-28 15:42:54] 243: 3/4 variables -> HRa med 1h, Ll acu 1 h, Ta med 1h
[2026-09-28 15:43:02] 244: 3/4 variables -> HRa med 1h, Ll acu 1 h, Ta med 1h
[2026-09-28 15:43:07] 245: 3/4 variables -> HRa med 1h, Ll acu 1 h, Ta med 1h
[2026-09-28 15:43:13] 246: 3/4 variables -> HRa med 1h, Ll acu 1 h, Ta med 1h
[2026-09-28 15:43:19] 247: 3/4 variables -> HRa med 1h, Ll acu 1 h, Ta med 1h
[2026-09-28 15:43:20] 215: histórico actualizado -> 129 filas
[2026-09-28 15:43:20] 216: histórico actualizado -> 101 filas
[2026-09-28 15:43:20] 217: histórico actualizado -> 129 filas
[2026-09-28 15:43:20] 218: histórico actualizado -> 131 filas
[2026-09-28 15:43:20] 220: histórico actualizado -> 128 filas
[2026-09-28 15:43:20] 221: histórico actualizado -> 259 filas
[2026-09-28 15:43:20] 223: histórico actualizado -> 257 filas
[2026-09-28 15:43:20] 225: histórico actualizado -> 258 filas
[2026-09-28 15:43:20] 226: histórico actualizado -> 258 filas
[2026-09-28 15:43:20] 227: histórico actualizado -> 259 filas
[2026-09-28 15:43:20] 228: histórico actualizado -> 257 filas
[2026-09-28 15:43:20] 229: histórico actualizado -> 257 filas
[2026-09-28 15:43:20] 231: histórico actualizado -> 257 filas
[2026-09-28 15:43:20] 232: histórico actualizado -> 237 filas
[2026-09-28 15:43:20] 234: histórico actualizado -> 244 filas
[2026-09-28 15:43:20] 235: histórico actualizado -> 222 filas
[2026-09-28 15:43:21] 236: histórico actualizado -> 256 filas
[2026-09-28 15:43:21] 238: histórico actualizado -> 259 filas
[2026-09-28 15:43:21] 240: histórico actualizado -> 221 filas
[2026-09-28 15:43:21] 241: histórico actualizado -> 116 filas
[2026-09-28 15:43:21] 242: histórico actualizado -> 220 filas
[2026-09-28 15:43:21] 243: histórico actualizado -> 257 filas
[2026-09-28 15:43:21] 244: histórico actualizado -> 134 filas
[2026-09-28 15:43:21] 245: histórico actualizado -> 197 filas
[2026-09-28 15:43:21] 246: histórico actualizado -> 93 filas
[2026-09-28 15:43:21] 247: histórico actualizado -> 186 filas
[2026-09-28 15:43:21] Catálogo actualizado: 32 estaciones
[2026-09-28 15:43:21] FIN DEL PROCESO - 195.5 segundos
[2026-09-28 16:40:06] INICIO DEL PROCESO
[2026-09-28 16:40:06] Abriendo página de login...
[2026-09-28 16:40:07] Realizando login...
[2026-09-28 16:40:08] LOGIN OK -> https://polaris.adrtecnology.com/gis/map
[2026-09-28 16:40:08] Estaciones conservadas del catálogo histórico: 32
[2026-09-28 16:40:14] Estaciones obtenidas desde viewer: 20
[2026-09-28 16:40:22] Estaciones obtenidas directamente desde GIS: 32
[2026-09-28 16:40:23] 200: SIN DATOS EN EL ÚLTIMO DÍA
[2026-09-28 16:40:30] 215: 1/4 variables -> Ll acu 1 h
[2026-09-28 16:41:10] 216: ERROR CONSULTA -> HTTPSConnectionPool(host='polaris.adrtecnology.com', port=443): Read timed out. (read timeout=40)
[2026-09-28 16:41:50] 217: ERROR CONSULTA -> HTTPSConnectionPool(host='polaris.adrtecnology.com', port=443): Read timed out. (read timeout=40)
[2026-09-28 16:42:31] 218: ERROR CONSULTA -> HTTPSConnectionPool(host='polaris.adrtecnology.com', port=443): Read timed out. (read timeout=40)
[2026-09-28 16:43:00] 220: 1/4 variables -> PP Acc (1h)
[2026-09-28 16:43:09] 221: 3/4 variables -> HRa med 1h, Ll acu 1 h, Ta med 1h
[2026-09-28 16:43:17] 223: 3/4 variables -> HRa med 1h, Ll acu 1 h, Ta med 1h
[2026-09-28 16:43:19] 224: SIN DATOS EN EL ÚLTIMO DÍA
[2026-09-28 16:43:28] 225: 3/4 variables -> HRa med 1h, Ll acu 1 h, Ta med 1h
[2026-09-28 16:43:35] 226: 3/4 variables -> HRa med 1h, Ll acu 1 h, Ta med 1h
[2026-09-28 16:43:44] 227: 3/4 variables -> HRa med 1h, Ll acu 1 h, Ta med 1h
[2026-09-28 16:43:53] 228: 3/4 variables -> HRa med 1h, Ll acu 1 h, Ta med 1h
[2026-09-28 16:44:00] 229: 3/4 variables -> HRa med 1h, Ll acu 1 h, Ta med 1h
[2026-09-28 16:44:01] 230: SIN DATOS EN EL ÚLTIMO DÍA
[2026-09-28 16:44:10] 231: 3/4 variables -> HRa med 1h, Ll acu 1 h, Ta med 1h
[2026-09-28 16:44:18] 232: 3/4 variables -> HRa med 1h, Ll acu 1 h, Ta med 1h
[2026-09-28 16:44:19] 233: SIN DATOS EN EL ÚLTIMO DÍA
[2026-09-28 16:44:27] 234: 3/4 variables -> HRa med 1h, Ll acu 1 h, Ta med 1h
[2026-09-28 16:44:35] 235: 3/4 variables -> HRa med 1h, Ll acu 1 h, Ta med 1h
[2026-09-28 16:44:44] 236: 3/4 variables -> HRa med 1h, Ll acu 1 h, Ta med 1h
[2026-09-28 16:44:45] 237: SIN DATOS EN EL ÚLTIMO DÍA
[2026-09-28 16:44:51] 238: 3/4 variables -> HRa med 1h, Ll acu 1 h, Ta med 1h
[2026-09-28 16:44:52] 239: SIN DATOS EN EL ÚLTIMO DÍA
[2026-09-28 16:44:58] 240: 3/4 variables -> HRa med 1h, Ll acu 1 h, Ta med 1h
[2026-09-28 16:45:06] 241: 3/4 variables -> HRa med 1h, Ll acu 1 h, Ta med 1h
[2026-09-28 16:45:13] 242: 3/4 variables -> HRa med 1h, Ll acu 1 h, Ta med 1h
[2026-09-28 16:45:22] 243: 3/4 variables -> HRa med 1h, Ll acu 1 h, Ta med 1h
[2026-09-28 16:45:31] 244: 3/4 variables -> HRa med 1h, Ll acu 1 h, Ta med 1h
[2026-09-28 16:45:36] 245: 3/4 variables -> HRa med 1h, Ll acu 1 h, Ta med 1h
[2026-09-28 16:45:43] 246: 3/4 variables -> HRa med 1h, Ll acu 1 h, Ta med 1h
[2026-09-28 16:45:50] 247: 3/4 variables -> HRa med 1h, Ll acu 1 h, Ta med 1h
[2026-09-28 16:45:50] 215: histórico actualizado -> 130 filas
[2026-09-28 16:45:50] 220: histórico actualizado -> 129 filas
[2026-09-28 16:45:50] 221: histórico actualizado -> 261 filas
[2026-09-28 16:45:50] 223: histórico actualizado -> 259 filas
[2026-09-28 16:45:51] 225: histórico actualizado -> 260 filas
[2026-09-28 16:45:51] 226: histórico actualizado -> 260 filas
[2026-09-28 16:45:51] 227: histórico actualizado -> 261 filas
[2026-09-28 16:45:51] 228: histórico actualizado -> 259 filas
[2026-09-28 16:45:51] 229: histórico actualizado -> 259 filas
[2026-09-28 16:45:51] 231: histórico actualizado -> 259 filas
[2026-09-28 16:45:51] 232: histórico actualizado -> 239 filas
[2026-09-28 16:45:51] 234: histórico actualizado -> 246 filas
[2026-09-28 16:45:51] 235: histórico actualizado -> 224 filas
[2026-09-28 16:45:51] 236: histórico actualizado -> 258 filas
[2026-09-28 16:45:51] 238: histórico actualizado -> 261 filas
[2026-09-28 16:45:51] 240: histórico actualizado -> 223 filas
[2026-09-28 16:45:51] 241: histórico actualizado -> 118 filas
[2026-09-28 16:45:51] 242: histórico actualizado -> 222 filas
[2026-09-28 16:45:51] 243: histórico actualizado -> 259 filas
[2026-09-28 16:45:51] 244: histórico actualizado -> 136 filas
[2026-09-28 16:45:51] 245: histórico actualizado -> 197 filas
[2026-09-28 16:45:51] 246: histórico actualizado -> 94 filas
[2026-09-28 16:45:51] 247: histórico actualizado -> 188 filas
[2026-09-28 16:45:51] Catálogo actualizado: 32 estaciones
[2026-09-28 16:45:52] FIN DEL PROCESO - 345.2 segundos
[2026-09-28 17:40:06] INICIO DEL PROCESO
[2026-09-28 17:40:06] Abriendo página de login...
[2026-09-28 17:40:06] Realizando login...
[2026-09-28 17:40:06] LOGIN OK -> https://polaris.adrtecnology.com/gis/map
[2026-09-28 17:40:06] Estaciones conservadas del catálogo histórico: 32
[2026-09-28 17:40:15] Estaciones obtenidas desde viewer: 20
[2026-09-28 17:40:22] Estaciones obtenidas directamente desde GIS: 32
[2026-09-28 17:40:23] 200: SIN DATOS EN EL ÚLTIMO DÍA
[2026-09-28 17:40:30] 215: 1/4 variables -> Ll acu 1 h
[2026-09-28 17:40:38] 216: 3/4 variables -> HRa med 1h, Ll acu 1 h, Ta med 1h
[2026-09-28 17:40:45] 217: 3/4 variables -> HRa med 1h, Ll acu 1 h, Ta med 1h
[2026-09-28 17:40:53] 218: 2/4 variables -> Ll acu 1 h, Ta med 1h
[2026-09-28 17:41:03] 220: 1/4 variables -> PP Acc (1h)
[2026-09-28 17:41:12] 221: 3/4 variables -> HRa med 1h, Ll acu 1 h, Ta med 1h
[2026-09-28 17:41:21] 223: 3/4 variables -> HRa med 1h, Ll acu 1 h, Ta med 1h
[2026-09-28 17:41:23] 224: SIN DATOS EN EL ÚLTIMO DÍA
[2026-09-28 17:41:34] 225: 3/4 variables -> HRa med 1h, Ll acu 1 h, Ta med 1h
[2026-09-28 17:41:43] 226: 3/4 variables -> HRa med 1h, Ll acu 1 h, Ta med 1h
[2026-09-28 17:41:52] 227: 3/4 variables -> HRa med 1h, Ll acu 1 h, Ta med 1h
[2026-09-28 17:42:03] 228: 3/4 variables -> HRa med 1h, Ll acu 1 h, Ta med 1h
[2026-09-28 17:42:12] 229: 3/4 variables -> HRa med 1h, Ll acu 1 h, Ta med 1h
[2026-09-28 17:42:13] 230: SIN DATOS EN EL ÚLTIMO DÍA
[2026-09-28 17:42:22] 231: 3/4 variables -> HRa med 1h, Ll acu 1 h, Ta med 1h
[2026-09-28 17:42:32] 232: 3/4 variables -> HRa med 1h, Ll acu 1 h, Ta med 1h
[2026-09-28 17:42:33] 233: SIN DATOS EN EL ÚLTIMO DÍA
[2026-09-28 17:42:46] 234: 3/4 variables -> HRa med 1h, Ll acu 1 h, Ta med 1h
[2026-09-28 17:42:53] 235: 3/4 variables -> HRa med 1h, Ll acu 1 h, Ta med 1h
[2026-09-28 17:43:01] 236: 3/4 variables -> HRa med 1h, Ll acu 1 h, Ta med 1h
[2026-09-28 17:43:02] 237: SIN DATOS EN EL ÚLTIMO DÍA
[2026-09-28 17:43:09] 238: 3/4 variables -> HRa med 1h, Ll acu 1 h, Ta med 1h
[2026-09-28 17:43:10] 239: SIN DATOS EN EL ÚLTIMO DÍA
[2026-09-28 17:43:17] 240: 3/4 variables -> HRa med 1h, Ll acu 1 h, Ta med 1h
[2026-09-28 17:43:27] 241: 3/4 variables -> HRa med 1h, Ll acu 1 h, Ta med 1h
[2026-09-28 17:43:36] 242: 3/4 variables -> HRa med 1h, Ll acu 1 h, Ta med 1h
[2026-09-28 17:43:44] 243: 3/4 variables -> HRa med 1h, Ll acu 1 h, Ta med 1h
[2026-09-28 17:43:51] 244: 3/4 variables -> HRa med 1h, Ll acu 1 h, Ta med 1h
[2026-09-28 17:43:59] 245: 3/4 variables -> HRa med 1h, Ll acu 1 h, Ta med 1h
[2026-09-28 17:44:07] 246: 3/4 variables -> HRa med 1h, Ll acu 1 h, Ta med 1h
[2026-09-28 17:44:15] 247: 3/4 variables -> HRa med 1h, Ll acu 1 h, Ta med 1h
[2026-09-28 17:44:15] 215: histórico actualizado -> 131 filas
[2026-09-28 17:44:15] 216: histórico actualizado -> 102 filas
[2026-09-28 17:44:15] 217: histórico actualizado -> 130 filas
[2026-09-28 17:44:15] 218: histórico actualizado -> 132 filas
[2026-09-28 17:44:16] 220: histórico actualizado -> 130 filas
[2026-09-28 17:44:16] 221: histórico actualizado -> 263 filas
[2026-09-28 17:44:16] 223: histórico actualizado -> 261 filas
[2026-09-28 17:44:16] 225: histórico actualizado -> 262 filas
[2026-09-28 17:44:16] 226: histórico actualizado -> 262 filas
[2026-09-28 17:44:16] 227: histórico actualizado -> 263 filas
[2026-09-28 17:44:16] 228: histórico actualizado -> 261 filas
[2026-09-28 17:44:16] 229: histórico actualizado -> 261 filas
[2026-09-28 17:44:16] 231: histórico actualizado -> 261 filas
[2026-09-28 17:44:16] 232: histórico actualizado -> 241 filas
[2026-09-28 17:44:16] 234: histórico actualizado -> 248 filas
[2026-09-28 17:44:16] 235: histórico actualizado -> 226 filas
[2026-09-28 17:44:16] 236: histórico actualizado -> 260 filas
[2026-09-28 17:44:16] 238: histórico actualizado -> 263 filas
[2026-09-28 17:44:16] 240: histórico actualizado -> 225 filas
[2026-09-28 17:44:16] 241: histórico actualizado -> 120 filas
[2026-09-28 17:44:16] 242: histórico actualizado -> 224 filas
[2026-09-28 17:44:17] 243: histórico actualizado -> 261 filas
[2026-09-28 17:44:17] 244: histórico actualizado -> 136 filas
[2026-09-28 17:44:17] 245: histórico actualizado -> 197 filas
[2026-09-28 17:44:17] 246: histórico actualizado -> 96 filas
[2026-09-28 17:44:17] 247: histórico actualizado -> 190 filas
[2026-09-28 17:44:17] Catálogo actualizado: 32 estaciones
[2026-09-28 17:44:17] FIN DEL PROCESO - 251.2 segundos
[2026-09-28 18:40:05] INICIO DEL PROCESO
[2026-09-28 18:40:05] Abriendo página de login...
[2026-09-28 18:40:06] Realizando login...
[2026-09-28 18:40:06] LOGIN OK -> https://polaris.adrtecnology.com/gis/map
[2026-09-28 18:40:06] Estaciones conservadas del catálogo histórico: 32
[2026-09-28 18:40:15] Estaciones obtenidas desde viewer: 20
[2026-09-28 18:40:24] Estaciones obtenidas directamente desde GIS: 32
[2026-09-28 18:40:25] 200: SIN DATOS EN EL ÚLTIMO DÍA
[2026-09-28 18:40:34] 215: 1/4 variables -> Ll acu 1 h
[2026-09-28 18:40:42] 216: 3/4 variables -> HRa med 1h, Ll acu 1 h, Ta med 1h
[2026-09-28 18:40:51] 217: 3/4 variables -> HRa med 1h, Ll acu 1 h, Ta med 1h
[2026-09-28 18:41:01] 218: 2/4 variables -> Ll acu 1 h, Ta med 1h
[2026-09-28 18:41:15] 220: 1/4 variables -> PP Acc (1h)
[2026-09-28 18:41:26] 221: 3/4 variables -> HRa med 1h, Ll acu 1 h, Ta med 1h
[2026-09-28 18:41:37] 223: 3/4 variables -> HRa med 1h, Ll acu 1 h, Ta med 1h
[2026-09-28 18:41:38] 224: SIN DATOS EN EL ÚLTIMO DÍA
[2026-09-28 18:41:47] 225: 3/4 variables -> HRa med 1h, Ll acu 1 h, Ta med 1h
[2026-09-28 18:41:56] 226: 3/4 variables -> HRa med 1h, Ll acu 1 h, Ta med 1h
[2026-09-28 18:42:08] 227: 3/4 variables -> HRa med 1h, Ll acu 1 h, Ta med 1h
[2026-09-28 18:42:18] 228: 3/4 variables -> HRa med 1h, Ll acu 1 h, Ta med 1h
[2026-09-28 18:42:30] 229: 3/4 variables -> HRa med 1h, Ll acu 1 h, Ta med 1h
[2026-09-28 18:42:32] 230: SIN DATOS EN EL ÚLTIMO DÍA
[2026-09-28 18:42:42] 231: 3/4 variables -> HRa med 1h, Ll acu 1 h, Ta med 1h
[2026-09-28 18:42:53] 232: 3/4 variables -> HRa med 1h, Ll acu 1 h, Ta med 1h
[2026-09-28 18:42:55] 233: SIN DATOS EN EL ÚLTIMO DÍA
[2026-09-28 18:43:05] 234: 3/4 variables -> HRa med 1h, Ll acu 1 h, Ta med 1h
[2026-09-28 18:43:18] 235: 3/4 variables -> HRa med 1h, Ll acu 1 h, Ta med 1h
[2026-09-28 18:43:28] 236: 3/4 variables -> HRa med 1h, Ll acu 1 h, Ta med 1h
[2026-09-28 18:43:30] 237: SIN DATOS EN EL ÚLTIMO DÍA
[2026-09-28 18:43:38] 238: 3/4 variables -> HRa med 1h, Ll acu 1 h, Ta med 1h
[2026-09-28 18:43:40] 239: SIN DATOS EN EL ÚLTIMO DÍA
[2026-09-28 18:43:50] 240: 3/4 variables -> HRa med 1h, Ll acu 1 h, Ta med 1h
[2026-09-28 18:44:05] 241: 3/4 variables -> HRa med 1h, Ll acu 1 h, Ta med 1h
[2026-09-28 18:44:16] 242: 3/4 variables -> HRa med 1h, Ll acu 1 h, Ta med 1h
[2026-09-28 18:44:56] 243: ERROR CONSULTA -> HTTPSConnectionPool(host='polaris.adrtecnology.com', port=443): Read timed out. (read timeout=40)
[2026-09-28 18:45:37] 244: ERROR CONSULTA -> HTTPSConnectionPool(host='polaris.adrtecnology.com', port=443): Read timed out. (read timeout=40)
[2026-09-28 18:46:17] 245: ERROR CONSULTA -> HTTPSConnectionPool(host='polaris.adrtecnology.com', port=443): Read timed out. (read timeout=40)
[2026-09-28 18:46:57] 246: ERROR CONSULTA -> HTTPSConnectionPool(host='polaris.adrtecnology.com', port=443): Read timed out. (read timeout=40)
[2026-09-28 18:47:16] 247: ERROR CONSULTA -> 403 Client Error: Forbidden for url: https://polaris.adrtecnology.com/gis/station
[2026-09-28 18:47:17] 215: histórico actualizado -> 132 filas
[2026-09-28 18:47:17] 216: histórico actualizado -> 102 filas
[2026-09-28 18:47:17] 217: histórico actualizado -> 131 filas
[2026-09-28 18:47:17] 218: histórico actualizado -> 133 filas
[2026-09-28 18:47:17] 220: histórico actualizado -> 131 filas
[2026-09-28 18:47:17] 221: histórico actualizado -> 265 filas
[2026-09-28 18:47:17] 223: histórico actualizado -> 263 filas
[2026-09-28 18:47:17] 225: histórico actualizado -> 263 filas
[2026-09-28 18:47:17] 226: histórico actualizado -> 263 filas
[2026-09-28 18:47:17] 227: histórico actualizado -> 265 filas
[2026-09-28 18:47:17] 228: histórico actualizado -> 262 filas
[2026-09-28 18:47:17] 229: histórico actualizado -> 263 filas
[2026-09-28 18:47:17] 231: histórico actualizado -> 263 filas
[2026-09-28 18:47:17] 232: histórico actualizado -> 243 filas
[2026-09-28 18:47:17] 234: histórico actualizado -> 249 filas
[2026-09-28 18:47:17] 235: histórico actualizado -> 228 filas
[2026-09-28 18:47:18] 236: histórico actualizado -> 262 filas
[2026-09-28 18:47:18] 238: histórico actualizado -> 265 filas
[2026-09-28 18:47:18] 240: histórico actualizado -> 227 filas
[2026-09-28 18:47:18] 241: histórico actualizado -> 122 filas
[2026-09-28 18:47:18] 242: histórico actualizado -> 226 filas
[2026-09-28 18:47:18] Catálogo actualizado: 32 estaciones
[2026-09-28 18:47:18] FIN DEL PROCESO - 432.6 segundos
[2026-09-28 19:40:07] INICIO DEL PROCESO
[2026-09-28 19:40:07] Abriendo página de login...
[2026-09-28 19:40:08] Realizando login...
[2026-09-28 19:40:08] LOGIN OK -> https://polaris.adrtecnology.com/gis/map
[2026-09-28 19:40:08] Estaciones conservadas del catálogo histórico: 32
[2026-09-28 19:40:24] Estaciones obtenidas desde viewer: 20
[2026-09-28 19:40:40] Estaciones obtenidas directamente desde GIS: 32
[2026-09-28 19:40:42] 200: SIN DATOS EN EL ÚLTIMO DÍA
[2026-09-28 19:40:57] 215: 1/4 variables -> Ll acu 1 h
[2026-09-28 19:41:13] 216: 3/4 variables -> HRa med 1h, Ll acu 1 h, Ta med 1h
[2026-09-28 19:41:28] 217: 3/4 variables -> HRa med 1h, Ll acu 1 h, Ta med 1h
[2026-09-28 19:41:44] 218: 2/4 variables -> Ll acu 1 h, Ta med 1h
[2026-09-28 19:42:05] 220: 1/4 variables -> PP Acc (1h)
[2026-09-28 19:42:26] 221: 3/4 variables -> HRa med 1h, Ll acu 1 h, Ta med 1h
[2026-09-28 19:42:49] 223: 3/4 variables -> HRa med 1h, Ll acu 1 h, Ta med 1h
[2026-09-28 19:42:51] 224: SIN DATOS EN EL ÚLTIMO DÍA
[2026-09-28 19:43:12] 225: 3/4 variables -> HRa med 1h, Ll acu 1 h, Ta med 1h
[2026-09-28 19:43:28] 226: 3/4 variables -> HRa med 1h, Ll acu 1 h, Ta med 1h
[2026-09-28 19:43:46] 227: 3/4 variables -> HRa med 1h, Ll acu 1 h, Ta med 1h
[2026-09-28 19:44:04] 228: 3/4 variables -> HRa med 1h, Ll acu 1 h, Ta med 1h
[2026-09-28 19:44:24] 229: 3/4 variables -> HRa med 1h, Ll acu 1 h, Ta med 1h
[2026-09-28 19:44:26] 230: SIN DATOS EN EL ÚLTIMO DÍA
[2026-09-28 19:44:41] 231: 3/4 variables -> HRa med 1h, Ll acu 1 h, Ta med 1h
[2026-09-28 19:45:01] 232: 3/4 variables -> HRa med 1h, Ll acu 1 h, Ta med 1h
[2026-09-28 19:45:03] 233: SIN DATOS EN EL ÚLTIMO DÍA
[2026-09-28 19:45:19] 234: 3/4 variables -> HRa med 1h, Ll acu 1 h, Ta med 1h
[2026-09-28 19:45:42] 235: 3/4 variables -> HRa med 1h, Ll acu 1 h, Ta med 1h
[2026-09-28 19:46:01] 236: 3/4 variables -> HRa med 1h, Ll acu 1 h, Ta med 1h
[2026-09-28 19:46:02] 237: SIN DATOS EN EL ÚLTIMO DÍA
[2026-09-28 19:46:23] 238: 3/4 variables -> HRa med 1h, Ll acu 1 h, Ta med 1h
[2026-09-28 19:46:25] 239: SIN DATOS EN EL ÚLTIMO DÍA
[2026-09-28 19:46:48] 240: 3/4 variables -> HRa med 1h, Ll acu 1 h, Ta med 1h
[2026-09-28 19:47:03] 241: 3/4 variables -> HRa med 1h, Ll acu 1 h, Ta med 1h
[2026-09-28 19:47:19] 242: 3/4 variables -> HRa med 1h, Ll acu 1 h, Ta med 1h
[2026-09-28 19:47:39] 243: 3/4 variables -> HRa med 1h, Ll acu 1 h, Ta med 1h
[2026-09-28 19:47:58] 244: 3/4 variables -> HRa med 1h, Ll acu 1 h, Ta med 1h
[2026-09-28 19:48:11] 245: 3/4 variables -> HRa med 1h, Ll acu 1 h, Ta med 1h
[2026-09-28 19:48:28] 246: 3/4 variables -> HRa med 1h, Ll acu 1 h, Ta med 1h
[2026-09-28 19:48:46] 247: 3/4 variables -> HRa med 1h, Ll acu 1 h, Ta med 1h
[2026-09-28 19:48:47] 215: histórico actualizado -> 133 filas
[2026-09-28 19:48:47] 216: histórico actualizado -> 102 filas
[2026-09-28 19:48:47] 217: histórico actualizado -> 132 filas
[2026-09-28 19:48:47] 218: histórico actualizado -> 134 filas
[2026-09-28 19:48:47] 220: histórico actualizado -> 132 filas
[2026-09-28 19:48:47] 221: histórico actualizado -> 267 filas
[2026-09-28 19:48:47] 223: histórico actualizado -> 265 filas
[2026-09-28 19:48:47] 225: histórico actualizado -> 263 filas
[2026-09-28 19:48:47] 226: histórico actualizado -> 263 filas
[2026-09-28 19:48:47] 227: histórico actualizado -> 267 filas
[2026-09-28 19:48:48] 228: histórico actualizado -> 262 filas
[2026-09-28 19:48:48] 229: histórico actualizado -> 265 filas
[2026-09-28 19:48:48] 231: histórico actualizado -> 265 filas
[2026-09-28 19:48:48] 232: histórico actualizado -> 245 filas
[2026-09-28 19:48:48] 234: histórico actualizado -> 249 filas
[2026-09-28 19:48:48] 235: histórico actualizado -> 230 filas
[2026-09-28 19:48:48] 236: histórico actualizado -> 264 filas
[2026-09-28 19:48:48] 238: histórico actualizado -> 267 filas
[2026-09-28 19:48:48] 240: histórico actualizado -> 229 filas
[2026-09-28 19:48:48] 241: histórico actualizado -> 123 filas
[2026-09-28 19:48:48] 242: histórico actualizado -> 226 filas
[2026-09-28 19:48:48] 243: histórico actualizado -> 263 filas
[2026-09-28 19:48:48] 244: histórico actualizado -> 138 filas
[2026-09-28 19:48:48] 245: histórico actualizado -> 197 filas
[2026-09-28 19:48:48] 246: histórico actualizado -> 97 filas
[2026-09-28 19:48:48] 247: histórico actualizado -> 192 filas
[2026-09-28 19:48:48] Catálogo actualizado: 32 estaciones
[2026-09-28 19:48:49] FIN DEL PROCESO - 521.6 segundos
[2026-09-28 20:40:05] INICIO DEL PROCESO
[2026-09-28 20:40:05] Abriendo página de login...
[2026-09-28 20:40:06] Realizando login...
[2026-09-28 20:40:06] LOGIN OK -> https://polaris.adrtecnology.com/gis/map
[2026-09-28 20:40:06] Estaciones conservadas del catálogo histórico: 32
[2026-09-28 20:40:24] Estaciones obtenidas desde viewer: 20
[2026-09-28 20:40:40] Estaciones obtenidas directamente desde GIS: 32
[2026-09-28 20:40:41] 200: SIN DATOS EN EL ÚLTIMO DÍA
[2026-09-28 20:40:56] 215: 1/4 variables -> Ll acu 1 h
[2026-09-28 20:41:10] 216: 3/4 variables -> HRa med 1h, Ll acu 1 h, Ta med 1h
[2026-09-28 20:41:27] 217: 3/4 variables -> HRa med 1h, Ll acu 1 h, Ta med 1h
[2026-09-28 20:41:39] 218: 2/4 variables -> Ll acu 1 h, Ta med 1h
[2026-09-28 20:41:54] 220: 1/4 variables -> PP Acc (1h)
[2026-09-28 20:42:08] 221: 3/4 variables -> HRa med 1h, Ll acu 1 h, Ta med 1h
[2026-09-28 20:42:22] 223: 3/4 variables -> HRa med 1h, Ll acu 1 h, Ta med 1h
[2026-09-28 20:42:24] 224: SIN DATOS EN EL ÚLTIMO DÍA
[2026-09-28 20:42:37] 225: 3/4 variables -> HRa med 1h, Ll acu 1 h, Ta med 1h
[2026-09-28 20:42:48] 226: 3/4 variables -> HRa med 1h, Ll acu 1 h, Ta med 1h
[2026-09-28 20:43:02] 227: 3/4 variables -> HRa med 1h, Ll acu 1 h, Ta med 1h
[2026-09-28 20:43:19] 228: 3/4 variables -> HRa med 1h, Ll acu 1 h, Ta med 1h
[2026-09-28 20:43:38] 229: 3/4 variables -> HRa med 1h, Ll acu 1 h, Ta med 1h
[2026-09-28 20:43:40] 230: SIN DATOS EN EL ÚLTIMO DÍA
[2026-09-28 20:44:00] 231: 3/4 variables -> HRa med 1h, Ll acu 1 h, Ta med 1h
[2026-09-28 20:44:19] 232: 3/4 variables -> HRa med 1h, Ll acu 1 h, Ta med 1h
[2026-09-28 20:44:21] 233: SIN DATOS EN EL ÚLTIMO DÍA
[2026-09-28 20:44:43] 234: 3/4 variables -> HRa med 1h, Ll acu 1 h, Ta med 1h
[2026-09-28 20:44:58] 235: 3/4 variables -> HRa med 1h, Ll acu 1 h, Ta med 1h
[2026-09-28 20:45:21] 236: 3/4 variables -> HRa med 1h, Ll acu 1 h, Ta med 1h
[2026-09-28 20:45:23] 237: SIN DATOS EN EL ÚLTIMO DÍA
[2026-09-28 20:45:39] 238: 3/4 variables -> HRa med 1h, Ll acu 1 h, Ta med 1h
[2026-09-28 20:45:41] 239: SIN DATOS EN EL ÚLTIMO DÍA
[2026-09-28 20:45:52] 240: 3/4 variables -> HRa med 1h, Ll acu 1 h, Ta med 1h
[2026-09-28 20:46:07] 241: 3/4 variables -> HRa med 1h, Ll acu 1 h, Ta med 1h
[2026-09-28 20:46:26] 242: 3/4 variables -> HRa med 1h, Ll acu 1 h, Ta med 1h
[2026-09-28 20:46:46] 243: 3/4 variables -> HRa med 1h, Ll acu 1 h, Ta med 1h
[2026-09-28 20:47:05] 244: 3/4 variables -> HRa med 1h, Ll acu 1 h, Ta med 1h
[2026-09-28 20:47:33] 245: 3/4 variables -> HRa med 1h, Ll acu 1 h, Ta med 1h
[2026-09-28 20:47:57] 246: 3/4 variables -> HRa med 1h, Ll acu 1 h, Ta med 1h
[2026-09-28 20:48:30] 247: 3/4 variables -> HRa med 1h, Ll acu 1 h, Ta med 1h
[2026-09-28 20:48:30] 215: histórico actualizado -> 134 filas
[2026-09-28 20:48:30] 216: histórico actualizado -> 102 filas
[2026-09-28 20:48:30] 217: histórico actualizado -> 133 filas
[2026-09-28 20:48:30] 218: histórico actualizado -> 135 filas
[2026-09-28 20:48:30] 220: histórico actualizado -> 133 filas
[2026-09-28 20:48:30] 221: histórico actualizado -> 269 filas
[2026-09-28 20:48:30] 223: histórico actualizado -> 267 filas
[2026-09-28 20:48:30] 225: histórico actualizado -> 263 filas
[2026-09-28 20:48:30] 226: histórico actualizado -> 263 filas
[2026-09-28 20:48:30] 227: histórico actualizado -> 269 filas
[2026-09-28 20:48:30] 228: histórico actualizado -> 262 filas
[2026-09-28 20:48:31] 229: histórico actualizado -> 267 filas
[2026-09-28 20:48:31] 231: histórico actualizado -> 267 filas
[2026-09-28 20:48:31] 232: histórico actualizado -> 247 filas
[2026-09-28 20:48:31] 234: histórico actualizado -> 251 filas
[2026-09-28 20:48:31] 235: histórico actualizado -> 231 filas
[2026-09-28 20:48:31] 236: histórico actualizado -> 266 filas
[2026-09-28 20:48:31] 238: histórico actualizado -> 269 filas
[2026-09-28 20:48:31] 240: histórico actualizado -> 231 filas
[2026-09-28 20:48:31] 241: histórico actualizado -> 123 filas
[2026-09-28 20:48:32] 242: histórico actualizado -> 226 filas
[2026-09-28 20:48:32] 243: histórico actualizado -> 265 filas
[2026-09-28 20:48:32] 244: histórico actualizado -> 140 filas
[2026-09-28 20:48:32] 245: histórico actualizado -> 197 filas
[2026-09-28 20:48:32] 246: histórico actualizado -> 98 filas
[2026-09-28 20:48:32] 247: histórico actualizado -> 194 filas
[2026-09-28 20:48:32] Catálogo actualizado: 32 estaciones
[2026-09-28 20:48:32] FIN DEL PROCESO - 506.8 segundos
[2026-09-28 21:40:05] INICIO DEL PROCESO
[2026-09-28 21:40:05] Abriendo página de login...
[2026-09-28 21:40:06] Realizando login...
[2026-09-28 21:40:06] LOGIN OK -> https://polaris.adrtecnology.com/gis/map
[2026-09-28 21:40:06] Estaciones conservadas del catálogo histórico: 32
[2026-09-28 21:40:24] Estaciones obtenidas desde viewer: 20
[2026-09-28 21:40:40] Estaciones obtenidas directamente desde GIS: 32
[2026-09-28 21:40:42] 200: SIN DATOS EN EL ÚLTIMO DÍA
[2026-09-28 21:41:01] 215: 1/4 variables -> Ll acu 1 h
[2026-09-28 21:41:18] 216: 3/4 variables -> HRa med 1h, Ll acu 1 h, Ta med 1h
[2026-09-28 21:41:34] 217: 3/4 variables -> HRa med 1h, Ll acu 1 h, Ta med 1h
[2026-09-28 21:41:51] 218: 2/4 variables -> Ll acu 1 h, Ta med 1h
[2026-09-28 21:42:15] 220: 1/4 variables -> PP Acc (1h)
[2026-09-28 21:42:38] 221: 3/4 variables -> HRa med 1h, Ll acu 1 h, Ta med 1h
[2026-09-28 21:43:01] 223: 3/4 variables -> HRa med 1h, Ll acu 1 h, Ta med 1h
[2026-09-28 21:43:04] 224: SIN DATOS EN EL ÚLTIMO DÍA
[2026-09-28 21:43:24] 225: 3/4 variables -> HRa med 1h, Ll acu 1 h, Ta med 1h
[2026-09-28 21:43:45] 226: 3/4 variables -> HRa med 1h, Ll acu 1 h, Ta med 1h
[2026-09-28 21:44:08] 227: 3/4 variables -> HRa med 1h, Ll acu 1 h, Ta med 1h
[2026-09-28 21:44:27] 228: 3/4 variables -> HRa med 1h, Ll acu 1 h, Ta med 1h
[2026-09-28 21:44:48] 229: 3/4 variables -> HRa med 1h, Ll acu 1 h, Ta med 1h
[2026-09-28 21:44:50] 230: SIN DATOS EN EL ÚLTIMO DÍA
[2026-09-28 21:45:13] 231: 3/4 variables -> HRa med 1h, Ll acu 1 h, Ta med 1h
[2026-09-28 21:45:34] 232: 3/4 variables -> HRa med 1h, Ll acu 1 h, Ta med 1h
[2026-09-28 21:45:37] 233: SIN DATOS EN EL ÚLTIMO DÍA
[2026-09-28 21:46:00] 234: 3/4 variables -> HRa med 1h, Ll acu 1 h, Ta med 1h
[2026-09-28 21:46:17] 235: 3/4 variables -> HRa med 1h, Ll acu 1 h, Ta med 1h
[2026-09-28 21:46:39] 236: 3/4 variables -> HRa med 1h, Ll acu 1 h, Ta med 1h
[2026-09-28 21:46:41] 237: SIN DATOS EN EL ÚLTIMO DÍA
[2026-09-28 21:46:58] 238: 3/4 variables -> HRa med 1h, Ll acu 1 h, Ta med 1h
[2026-09-28 21:47:00] 239: SIN DATOS EN EL ÚLTIMO DÍA
[2026-09-28 21:47:21] 240: 3/4 variables -> HRa med 1h, Ll acu 1 h, Ta med 1h
[2026-09-28 21:47:38] 241: 3/4 variables -> HRa med 1h, Ll acu 1 h, Ta med 1h
[2026-09-28 21:47:49] 242: 3/4 variables -> HRa med 1h, Ll acu 1 h, Ta med 1h
[2026-09-28 21:48:09] 243: 3/4 variables -> HRa med 1h, Ll acu 1 h, Ta med 1h
[2026-09-28 21:48:31] 244: 3/4 variables -> HRa med 1h, Ll acu 1 h, Ta med 1h
[2026-09-28 21:48:53] 245: 3/4 variables -> HRa med 1h, Ll acu 1 h, Ta med 1h
[2026-09-28 21:49:17] 246: 3/4 variables -> HRa med 1h, Ll acu 1 h, Ta med 1h
[2026-09-28 21:49:38] 247: 3/4 variables -> HRa med 1h, Ll acu 1 h, Ta med 1h
[2026-09-28 21:49:38] 215: histórico actualizado -> 135 filas
[2026-09-28 21:49:38] 216: histórico actualizado -> 103 filas
[2026-09-28 21:49:38] 217: histórico actualizado -> 134 filas
[2026-09-28 21:49:39] 218: histórico actualizado -> 136 filas
[2026-09-28 21:49:39] 220: histórico actualizado -> 134 filas
[2026-09-28 21:49:39] 221: histórico actualizado -> 271 filas
[2026-09-28 21:49:39] 223: histórico actualizado -> 269 filas
[2026-09-28 21:49:39] 225: histórico actualizado -> 263 filas
[2026-09-28 21:49:39] 226: histórico actualizado -> 264 filas
[2026-09-28 21:49:39] 227: histórico actualizado -> 271 filas
[2026-09-28 21:49:39] 228: histórico actualizado -> 263 filas
[2026-09-28 21:49:39] 229: histórico actualizado -> 269 filas
[2026-09-28 21:49:39] 231: histórico actualizado -> 269 filas
[2026-09-28 21:49:39] 232: histórico actualizado -> 249 filas
[2026-09-28 21:49:39] 234: histórico actualizado -> 253 filas
[2026-09-28 21:49:39] 235: histórico actualizado -> 231 filas
[2026-09-28 21:49:39] 236: histórico actualizado -> 268 filas
[2026-09-28 21:49:39] 238: histórico actualizado -> 271 filas
[2026-09-28 21:49:39] 240: histórico actualizado -> 233 filas
[2026-09-28 21:49:39] 241: histórico actualizado -> 123 filas
[2026-09-28 21:49:40] 242: histórico actualizado -> 226 filas
[2026-09-28 21:49:40] 243: histórico actualizado -> 267 filas
[2026-09-28 21:49:40] 244: histórico actualizado -> 142 filas
[2026-09-28 21:49:40] 245: histórico actualizado -> 199 filas
[2026-09-28 21:49:40] 246: histórico actualizado -> 100 filas
[2026-09-28 21:49:40] 247: histórico actualizado -> 196 filas
[2026-09-28 21:49:40] Catálogo actualizado: 32 estaciones
[2026-09-28 21:49:40] FIN DEL PROCESO - 574.6 segundos
[2026-09-28 22:40:03] INICIO DEL PROCESO
[2026-09-28 22:40:04] Abriendo página de login...
[2026-09-28 22:40:04] Realizando login...
[2026-09-28 22:40:05] LOGIN OK -> https://polaris.adrtecnology.com/gis/map
[2026-09-28 22:40:05] Estaciones conservadas del catálogo histórico: 32
[2026-09-28 22:40:22] Estaciones obtenidas desde viewer: 20
[2026-09-28 22:40:42] Estaciones obtenidas directamente desde GIS: 32
[2026-09-28 22:40:44] 200: SIN DATOS EN EL ÚLTIMO DÍA
[2026-09-28 22:41:00] 215: 1/4 variables -> Ll acu 1 h
[2026-09-28 22:41:18] 216: 3/4 variables -> HRa med 1h, Ll acu 1 h, Ta med 1h
[2026-09-28 22:41:31] 217: 3/4 variables -> HRa med 1h, Ll acu 1 h, Ta med 1h
[2026-09-28 22:41:48] 218: 2/4 variables -> Ll acu 1 h, Ta med 1h
[2026-09-28 22:42:05] 220: 1/4 variables -> PP Acc (1h)
[2026-09-28 22:42:45] 221: ERROR CONSULTA -> HTTPSConnectionPool(host='polaris.adrtecnology.com', port=443): Read timed out. (read timeout=40)
[2026-09-28 22:43:26] 223: ERROR CONSULTA -> HTTPSConnectionPool(host='polaris.adrtecnology.com', port=443): Read timed out. (read timeout=40)
[2026-09-28 22:44:06] 224: ERROR CONSULTA -> HTTPSConnectionPool(host='polaris.adrtecnology.com', port=443): Read timed out. (read timeout=40)
[2026-09-28 22:44:46] 225: ERROR CONSULTA -> HTTPSConnectionPool(host='polaris.adrtecnology.com', port=443): Read timed out. (read timeout=40)
[2026-09-28 22:45:27] 226: ERROR CONSULTA -> HTTPSConnectionPool(host='polaris.adrtecnology.com', port=443): Read timed out. (read timeout=40)
[2026-09-28 22:45:37] 227: ERROR CONSULTA -> 403 Client Error: Forbidden for url: https://polaris.adrtecnology.com/gis/station
[2026-09-28 22:45:38] 228: ERROR CONSULTA -> 403 Client Error: Forbidden for url: https://polaris.adrtecnology.com/gis/station
[2026-09-28 22:45:38] 229: ERROR CONSULTA -> 403 Client Error: Forbidden for url: https://polaris.adrtecnology.com/gis/station
[2026-09-28 22:45:38] 230: ERROR CONSULTA -> 403 Client Error: Forbidden for url: https://polaris.adrtecnology.com/gis/station
[2026-09-28 22:45:39] 231: ERROR CONSULTA -> 403 Client Error: Forbidden for url: https://polaris.adrtecnology.com/gis/station
[2026-09-28 22:45:39] 232: ERROR CONSULTA -> 403 Client Error: Forbidden for url: https://polaris.adrtecnology.com/gis/station
[2026-09-28 22:45:40] 233: ERROR CONSULTA -> 403 Client Error: Forbidden for url: https://polaris.adrtecnology.com/gis/station
[2026-09-28 22:45:40] 234: ERROR CONSULTA -> 403 Client Error: Forbidden for url: https://polaris.adrtecnology.com/gis/station
[2026-09-28 22:45:41] 235: ERROR CONSULTA -> 403 Client Error: Forbidden for url: https://polaris.adrtecnology.com/gis/station
[2026-09-28 22:45:41] 236: ERROR CONSULTA -> 403 Client Error: Forbidden for url: https://polaris.adrtecnology.com/gis/station
[2026-09-28 22:45:42] 237: ERROR CONSULTA -> 403 Client Error: Forbidden for url: https://polaris.adrtecnology.com/gis/station
[2026-09-28 22:45:42] 238: ERROR CONSULTA -> 403 Client Error: Forbidden for url: https://polaris.adrtecnology.com/gis/station
[2026-09-28 22:45:42] 239: ERROR CONSULTA -> 403 Client Error: Forbidden for url: https://polaris.adrtecnology.com/gis/station
[2026-09-28 22:45:43] 240: ERROR CONSULTA -> 403 Client Error: Forbidden for url: https://polaris.adrtecnology.com/gis/station
[2026-09-28 22:45:43] 241: ERROR CONSULTA -> 403 Client Error: Forbidden for url: https://polaris.adrtecnology.com/gis/station
[2026-09-28 22:45:44] 242: ERROR CONSULTA -> 403 Client Error: Forbidden for url: https://polaris.adrtecnology.com/gis/station
[2026-09-28 22:45:44] 243: ERROR CONSULTA -> 403 Client Error: Forbidden for url: https://polaris.adrtecnology.com/gis/station
[2026-09-28 22:45:45] 244: ERROR CONSULTA -> 403 Client Error: Forbidden for url: https://polaris.adrtecnology.com/gis/station
[2026-09-28 22:45:45] 245: ERROR CONSULTA -> 403 Client Error: Forbidden for url: https://polaris.adrtecnology.com/gis/station
[2026-09-28 22:45:45] 246: ERROR CONSULTA -> 403 Client Error: Forbidden for url: https://polaris.adrtecnology.com/gis/station
[2026-09-28 22:45:46] 247: ERROR CONSULTA -> 403 Client Error: Forbidden for url: https://polaris.adrtecnology.com/gis/station
[2026-09-28 22:45:46] 215: histórico actualizado -> 136 filas
[2026-09-28 22:45:46] 216: histórico actualizado -> 104 filas
[2026-09-28 22:45:46] 217: histórico actualizado -> 135 filas
[2026-09-28 22:45:46] 218: histórico actualizado -> 137 filas
[2026-09-28 22:45:46] 220: histórico actualizado -> 135 filas
[2026-09-28 22:45:46] Catálogo actualizado: 32 estaciones
[2026-09-28 22:45:46] FIN DEL PROCESO - 342.9 segundos
[2026-09-28 23:40:03] INICIO DEL PROCESO
[2026-09-28 23:40:03] Abriendo página de login...
[2026-09-28 23:40:04] Realizando login...
[2026-09-28 23:40:07] LOGIN OK -> https://polaris.adrtecnology.com/gis/map
[2026-09-28 23:40:07] Estaciones conservadas del catálogo histórico: 32
[2026-09-28 23:40:25] Estaciones obtenidas desde viewer: 20
[2026-09-28 23:40:48] Estaciones obtenidas directamente desde GIS: 32
[2026-09-28 23:40:51] 200: SIN DATOS EN EL ÚLTIMO DÍA
[2026-09-28 23:41:08] 215: 1/4 variables -> Ll acu 1 h
[2026-09-28 23:41:24] 216: 3/4 variables -> HRa med 1h, Ll acu 1 h, Ta med 1h
[2026-09-28 23:41:41] 217: 3/4 variables -> HRa med 1h, Ll acu 1 h, Ta med 1h
[2026-09-28 23:41:59] 218: 2/4 variables -> Ll acu 1 h, Ta med 1h
[2026-09-28 23:42:23] 220: 1/4 variables -> PP Acc (1h)
[2026-09-28 23:42:46] 221: 3/4 variables -> HRa med 1h, Ll acu 1 h, Ta med 1h
[2026-09-28 23:43:11] 223: 3/4 variables -> HRa med 1h, Ll acu 1 h, Ta med 1h
[2026-09-28 23:43:13] 224: SIN DATOS EN EL ÚLTIMO DÍA
[2026-09-28 23:43:40] 225: 3/4 variables -> HRa med 1h, Ll acu 1 h, Ta med 1h
[2026-09-28 23:44:04] 226: 3/4 variables -> HRa med 1h, Ll acu 1 h, Ta med 1h
[2026-09-28 23:44:26] 227: 3/4 variables -> HRa med 1h, Ll acu 1 h, Ta med 1h
[2026-09-28 23:44:50] 228: 3/4 variables -> HRa med 1h, Ll acu 1 h, Ta med 1h
[2026-09-28 23:45:12] 229: 3/4 variables -> HRa med 1h, Ll acu 1 h, Ta med 1h
[2026-09-28 23:45:14] 230: SIN DATOS EN EL ÚLTIMO DÍA
[2026-09-28 23:45:37] 231: 3/4 variables -> HRa med 1h, Ll acu 1 h, Ta med 1h
[2026-09-28 23:45:58] 232: 3/4 variables -> HRa med 1h, Ll acu 1 h, Ta med 1h
[2026-09-28 23:46:00] 233: SIN DATOS EN EL ÚLTIMO DÍA
[2026-09-28 23:46:20] 234: 3/4 variables -> HRa med 1h, Ll acu 1 h, Ta med 1h
[2026-09-28 23:46:41] 235: 3/4 variables -> HRa med 1h, Ll acu 1 h, Ta med 1h
[2026-09-28 23:47:01] 236: 3/4 variables -> HRa med 1h, Ll acu 1 h, Ta med 1h
[2026-09-28 23:47:03] 237: SIN DATOS EN EL ÚLTIMO DÍA
[2026-09-28 23:47:19] 238: 3/4 variables -> HRa med 1h, Ll acu 1 h, Ta med 1h
[2026-09-28 23:47:21] 239: SIN DATOS EN EL ÚLTIMO DÍA
[2026-09-28 23:47:39] 240: 3/4 variables -> HRa med 1h, Ll acu 1 h, Ta med 1h
[2026-09-28 23:47:54] 241: 3/4 variables -> HRa med 1h, Ll acu 1 h, Ta med 1h
[2026-09-28 23:48:12] 242: 3/4 variables -> HRa med 1h, Ll acu 1 h, Ta med 1h
[2026-09-28 23:48:29] 243: 3/4 variables -> HRa med 1h, Ll acu 1 h, Ta med 1h
[2026-09-28 23:48:43] 244: 3/4 variables -> HRa med 1h, Ll acu 1 h, Ta med 1h
[2026-09-28 23:48:57] 245: 3/4 variables -> HRa med 1h, Ll acu 1 h, Ta med 1h
[2026-09-28 23:49:37] 246: ERROR CONSULTA -> HTTPSConnectionPool(host='polaris.adrtecnology.com', port=443): Read timed out. (read timeout=40)
[2026-09-28 23:50:17] 247: ERROR CONSULTA -> HTTPSConnectionPool(host='polaris.adrtecnology.com', port=443): Read timed out. (read timeout=40)
[2026-09-28 23:50:18] 215: histórico actualizado -> 137 filas
[2026-09-28 23:50:18] 216: histórico actualizado -> 105 filas
[2026-09-28 23:50:18] 217: histórico actualizado -> 136 filas
[2026-09-28 23:50:18] 218: histórico actualizado -> 138 filas
[2026-09-28 23:50:18] 220: histórico actualizado -> 136 filas
[2026-09-28 23:50:18] 221: histórico actualizado -> 273 filas
[2026-09-28 23:50:18] 223: histórico actualizado -> 271 filas
[2026-09-28 23:50:18] 225: histórico actualizado -> 265 filas
[2026-09-28 23:50:18] 226: histórico actualizado -> 266 filas
[2026-09-28 23:50:18] 227: histórico actualizado -> 273 filas
[2026-09-28 23:50:18] 228: histórico actualizado -> 265 filas
[2026-09-28 23:50:18] 229: histórico actualizado -> 271 filas
[2026-09-28 23:50:18] 231: histórico actualizado -> 271 filas
[2026-09-28 23:50:18] 232: histórico actualizado -> 251 filas
[2026-09-28 23:50:18] 234: histórico actualizado -> 255 filas
[2026-09-28 23:50:18] 235: histórico actualizado -> 233 filas
[2026-09-28 23:50:18] 236: histórico actualizado -> 270 filas
[2026-09-28 23:50:19] 238: histórico actualizado -> 273 filas
[2026-09-28 23:50:19] 240: histórico actualizado -> 235 filas
[2026-09-28 23:50:19] 241: histórico actualizado -> 123 filas
[2026-09-28 23:50:19] 242: histórico actualizado -> 228 filas
[2026-09-28 23:50:19] 243: histórico actualizado -> 269 filas
[2026-09-28 23:50:19] 244: histórico actualizado -> 144 filas
[2026-09-28 23:50:19] 245: histórico actualizado -> 201 filas
[2026-09-28 23:50:19] Catálogo actualizado: 32 estaciones
[2026-09-28 23:50:19] FIN DEL PROCESO - 615.5 segundos
[2026-09-29 00:40:04] INICIO DEL PROCESO
[2026-09-29 00:40:04] Abriendo página de login...
[2026-09-29 00:40:05] Realizando login...
[2026-09-29 00:40:05] LOGIN OK -> https://polaris.adrtecnology.com/gis/map
[2026-09-29 00:40:06] Estaciones conservadas del catálogo histórico: 32
[2026-09-29 00:40:25] Estaciones obtenidas desde viewer: 20
[2026-09-29 00:40:41] Estaciones obtenidas directamente desde GIS: 32
[2026-09-29 00:40:43] 200: SIN DATOS EN EL ÚLTIMO DÍA
[2026-09-29 00:40:57] 215: 1/4 variables -> Ll acu 1 h
[2026-09-29 00:41:16] 216: 3/4 variables -> HRa med 1h, Ll acu 1 h, Ta med 1h
[2026-09-29 00:41:31] 217: 3/4 variables -> HRa med 1h, Ll acu 1 h, Ta med 1h
[2026-09-29 00:41:46] 218: 2/4 variables -> Ll acu 1 h, Ta med 1h
[2026-09-29 00:42:09] 220: 1/4 variables -> PP Acc (1h)
[2026-09-29 00:42:32] 221: 3/4 variables -> HRa med 1h, Ll acu 1 h, Ta med 1h
[2026-09-29 00:43:13] 223: ERROR CONSULTA -> HTTPSConnectionPool(host='polaris.adrtecnology.com', port=443): Read timed out. (read timeout=40)
[2026-09-29 00:43:53] 224: ERROR CONSULTA -> HTTPSConnectionPool(host='polaris.adrtecnology.com', port=443): Read timed out. (read timeout=40)
[2026-09-29 00:44:33] 225: ERROR CONSULTA -> HTTPSConnectionPool(host='polaris.adrtecnology.com', port=443): Read timed out. (read timeout=40)
[2026-09-29 00:45:14] 226: ERROR CONSULTA -> HTTPSConnectionPool(host='polaris.adrtecnology.com', port=443): Read timed out. (read timeout=40)
[2026-09-29 00:45:54] 227: ERROR CONSULTA -> HTTPSConnectionPool(host='polaris.adrtecnology.com', port=443): Read timed out. (read timeout=40)
[2026-09-29 00:46:34] 228: ERROR CONSULTA -> HTTPSConnectionPool(host='polaris.adrtecnology.com', port=443): Read timed out. (read timeout=40)
[2026-09-29 00:47:15] 229: ERROR CONSULTA -> HTTPSConnectionPool(host='polaris.adrtecnology.com', port=443): Read timed out. (read timeout=40)
[2026-09-29 00:47:55] 230: ERROR CONSULTA -> HTTPSConnectionPool(host='polaris.adrtecnology.com', port=443): Read timed out. (read timeout=40)
[2026-09-29 00:48:27] 231: ERROR CONSULTA -> 403 Client Error: Forbidden for url: https://polaris.adrtecnology.com/gis/station
[2026-09-29 00:48:27] 232: ERROR CONSULTA -> 403 Client Error: Forbidden for url: https://polaris.adrtecnology.com/gis/station
[2026-09-29 00:48:28] 233: ERROR CONSULTA -> 403 Client Error: Forbidden for url: https://polaris.adrtecnology.com/gis/station
[2026-09-29 00:48:28] 234: ERROR CONSULTA -> 403 Client Error: Forbidden for url: https://polaris.adrtecnology.com/gis/station
[2026-09-29 00:48:29] 235: ERROR CONSULTA -> 403 Client Error: Forbidden for url: https://polaris.adrtecnology.com/gis/station
[2026-09-29 00:48:29] 236: ERROR CONSULTA -> 403 Client Error: Forbidden for url: https://polaris.adrtecnology.com/gis/station
[2026-09-29 00:48:30] 237: ERROR CONSULTA -> 403 Client Error: Forbidden for url: https://polaris.adrtecnology.com/gis/station
[2026-09-29 00:48:30] 238: ERROR CONSULTA -> 403 Client Error: Forbidden for url: https://polaris.adrtecnology.com/gis/station
[2026-09-29 00:48:30] 239: ERROR CONSULTA -> 403 Client Error: Forbidden for url: https://polaris.adrtecnology.com/gis/station
[2026-09-29 00:48:31] 240: ERROR CONSULTA -> 403 Client Error: Forbidden for url: https://polaris.adrtecnology.com/gis/station
[2026-09-29 00:48:31] 241: ERROR CONSULTA -> 403 Client Error: Forbidden for url: https://polaris.adrtecnology.com/gis/station
[2026-09-29 00:48:32] 242: ERROR CONSULTA -> 403 Client Error: Forbidden for url: https://polaris.adrtecnology.com/gis/station
[2026-09-29 00:48:32] 243: ERROR CONSULTA -> 403 Client Error: Forbidden for url: https://polaris.adrtecnology.com/gis/station
[2026-09-29 00:48:33] 244: ERROR CONSULTA -> 403 Client Error: Forbidden for url: https://polaris.adrtecnology.com/gis/station
[2026-09-29 00:48:33] 245: ERROR CONSULTA -> 403 Client Error: Forbidden for url: https://polaris.adrtecnology.com/gis/station
[2026-09-29 00:48:33] 246: ERROR CONSULTA -> 403 Client Error: Forbidden for url: https://polaris.adrtecnology.com/gis/station
[2026-09-29 00:48:34] 247: ERROR CONSULTA -> 403 Client Error: Forbidden for url: https://polaris.adrtecnology.com/gis/station
[2026-09-29 00:48:34] 215: histórico actualizado -> 138 filas
[2026-09-29 00:48:34] 216: histórico actualizado -> 106 filas
[2026-09-29 00:48:34] 217: histórico actualizado -> 137 filas
[2026-09-29 00:48:34] 218: histórico actualizado -> 139 filas
[2026-09-29 00:48:34] 220: histórico actualizado -> 137 filas
[2026-09-29 00:48:34] 221: histórico actualizado -> 275 filas
[2026-09-29 00:48:34] Catálogo actualizado: 32 estaciones
[2026-09-29 00:48:35] FIN DEL PROCESO - 510.3 segundos
[2026-09-29 01:40:04] INICIO DEL PROCESO
[2026-09-29 01:40:04] Abriendo página de login...
[2026-09-29 01:40:04] Realizando login...
[2026-09-29 01:40:05] LOGIN OK -> https://polaris.adrtecnology.com/gis/map
[2026-09-29 01:40:05] Estaciones conservadas del catálogo histórico: 32
[2026-09-29 01:40:22] Estaciones obtenidas desde viewer: 20
[2026-09-29 01:40:42] Estaciones obtenidas directamente desde GIS: 32
[2026-09-29 01:40:45] 200: SIN DATOS EN EL ÚLTIMO DÍA
[2026-09-29 01:41:25] 215: ERROR CONSULTA -> HTTPSConnectionPool(host='polaris.adrtecnology.com', port=443): Read timed out. (read timeout=40)
[2026-09-29 01:42:06] 216: ERROR CONSULTA -> HTTPSConnectionPool(host='polaris.adrtecnology.com', port=443): Read timed out. (read timeout=40)
[2026-09-29 01:42:46] 217: ERROR CONSULTA -> HTTPSConnectionPool(host='polaris.adrtecnology.com', port=443): Read timed out. (read timeout=40)
[2026-09-29 01:43:26] 218: ERROR CONSULTA -> HTTPSConnectionPool(host='polaris.adrtecnology.com', port=443): Read timed out. (read timeout=40)
[2026-09-29 01:44:07] 220: ERROR CONSULTA -> HTTPSConnectionPool(host='polaris.adrtecnology.com', port=443): Read timed out. (read timeout=40)
[2026-09-29 01:44:47] 221: ERROR CONSULTA -> HTTPSConnectionPool(host='polaris.adrtecnology.com', port=443): Read timed out. (read timeout=40)
[2026-09-29 01:45:27] 223: ERROR CONSULTA -> HTTPSConnectionPool(host='polaris.adrtecnology.com', port=443): Read timed out. (read timeout=40)
[2026-09-29 01:46:08] 224: ERROR CONSULTA -> HTTPSConnectionPool(host='polaris.adrtecnology.com', port=443): Read timed out. (read timeout=40)
[2026-09-29 01:46:48] 225: ERROR CONSULTA -> HTTPSConnectionPool(host='polaris.adrtecnology.com', port=443): Read timed out. (read timeout=40)
[2026-09-29 01:47:28] 226: ERROR CONSULTA -> HTTPSConnectionPool(host='polaris.adrtecnology.com', port=443): Read timed out. (read timeout=40)
[2026-09-29 01:48:09] 227: ERROR CONSULTA -> HTTPSConnectionPool(host='polaris.adrtecnology.com', port=443): Read timed out. (read timeout=40)
[2026-09-29 01:48:49] 228: ERROR CONSULTA -> HTTPSConnectionPool(host='polaris.adrtecnology.com', port=443): Read timed out. (read timeout=40)
[2026-09-29 01:49:24] 229: ERROR CONSULTA -> 403 Client Error: Forbidden for url: https://polaris.adrtecnology.com/gis/station
[2026-09-29 01:49:24] 230: ERROR CONSULTA -> 403 Client Error: Forbidden for url: https://polaris.adrtecnology.com/gis/station
[2026-09-29 01:49:24] 231: ERROR CONSULTA -> 403 Client Error: Forbidden for url: https://polaris.adrtecnology.com/gis/station
[2026-09-29 01:49:25] 232: ERROR CONSULTA -> 403 Client Error: Forbidden for url: https://polaris.adrtecnology.com/gis/station
[2026-09-29 01:49:25] 233: ERROR CONSULTA -> 403 Client Error: Forbidden for url: https://polaris.adrtecnology.com/gis/station
[2026-09-29 01:49:26] 234: ERROR CONSULTA -> 403 Client Error: Forbidden for url: https://polaris.adrtecnology.com/gis/station
[2026-09-29 01:49:26] 235: ERROR CONSULTA -> 403 Client Error: Forbidden for url: https://polaris.adrtecnology.com/gis/station
[2026-09-29 01:49:27] 236: ERROR CONSULTA -> 403 Client Error: Forbidden for url: https://polaris.adrtecnology.com/gis/station
[2026-09-29 01:49:27] 237: ERROR CONSULTA -> 403 Client Error: Forbidden for url: https://polaris.adrtecnology.com/gis/station
[2026-09-29 01:49:27] 238: ERROR CONSULTA -> 403 Client Error: Forbidden for url: https://polaris.adrtecnology.com/gis/station
[2026-09-29 01:49:28] 239: ERROR CONSULTA -> 403 Client Error: Forbidden for url: https://polaris.adrtecnology.com/gis/station
[2026-09-29 01:49:28] 240: ERROR CONSULTA -> 403 Client Error: Forbidden for url: https://polaris.adrtecnology.com/gis/station
[2026-09-29 01:49:29] 241: ERROR CONSULTA -> 403 Client Error: Forbidden for url: https://polaris.adrtecnology.com/gis/station
[2026-09-29 01:49:29] 242: ERROR CONSULTA -> 403 Client Error: Forbidden for url: https://polaris.adrtecnology.com/gis/station
[2026-09-29 01:49:30] 243: ERROR CONSULTA -> 403 Client Error: Forbidden for url: https://polaris.adrtecnology.com/gis/station
[2026-09-29 01:49:30] 244: ERROR CONSULTA -> 403 Client Error: Forbidden for url: https://polaris.adrtecnology.com/gis/station
[2026-09-29 01:49:30] 245: ERROR CONSULTA -> 403 Client Error: Forbidden for url: https://polaris.adrtecnology.com/gis/station
[2026-09-29 01:49:31] 246: ERROR CONSULTA -> 403 Client Error: Forbidden for url: https://polaris.adrtecnology.com/gis/station
[2026-09-29 01:49:31] 247: ERROR CONSULTA -> 403 Client Error: Forbidden for url: https://polaris.adrtecnology.com/gis/station
[2026-09-29 01:49:32] Catálogo actualizado: 32 estaciones
[2026-09-29 01:49:32] FIN DEL PROCESO - 568.1 segundos
[2026-09-29 02:40:05] INICIO DEL PROCESO
[2026-09-29 02:40:05] Abriendo página de login...
[2026-09-29 02:40:06] Realizando login...
[2026-09-29 02:40:06] LOGIN OK -> https://polaris.adrtecnology.com/gis/map
[2026-09-29 02:40:06] Estaciones conservadas del catálogo histórico: 32
[2026-09-29 02:40:29] Estaciones obtenidas desde viewer: 20
[2026-09-29 02:40:46] Estaciones obtenidas directamente desde GIS: 32
[2026-09-29 02:40:48] 200: SIN DATOS EN EL ÚLTIMO DÍA
[2026-09-29 02:41:03] 215: 1/4 variables -> Ll acu 1 h
[2026-09-29 02:41:21] 216: 3/4 variables -> HRa med 1h, Ll acu 1 h, Ta med 1h
[2026-09-29 02:41:36] 217: 3/4 variables -> HRa med 1h, Ll acu 1 h, Ta med 1h
[2026-09-29 02:41:52] 218: 2/4 variables -> Ll acu 1 h, Ta med 1h
[2026-09-29 02:42:14] 220: 1/4 variables -> PP Acc (1h)
[2026-09-29 02:42:37] 221: 3/4 variables -> HRa med 1h, Ll acu 1 h, Ta med 1h
[2026-09-29 02:42:58] 223: 3/4 variables -> HRa med 1h, Ll acu 1 h, Ta med 1h
[2026-09-29 02:43:01] 224: SIN DATOS EN EL ÚLTIMO DÍA
[2026-09-29 02:43:27] 225: 3/4 variables -> HRa med 1h, Ll acu 1 h, Ta med 1h
[2026-09-29 02:43:49] 226: 3/4 variables -> HRa med 1h, Ll acu 1 h, Ta med 1h
[2026-09-29 02:44:06] 227: 3/4 variables -> HRa med 1h, Ll acu 1 h, Ta med 1h
[2026-09-29 02:44:24] 228: 3/4 variables -> HRa med 1h, Ll acu 1 h, Ta med 1h
[2026-09-29 02:44:40] 229: 3/4 variables -> HRa med 1h, Ll acu 1 h, Ta med 1h
[2026-09-29 02:44:42] 230: SIN DATOS EN EL ÚLTIMO DÍA
[2026-09-29 02:44:57] 231: 3/4 variables -> HRa med 1h, Ll acu 1 h, Ta med 1h
[2026-09-29 02:45:21] 232: 3/4 variables -> HRa med 1h, Ll acu 1 h, Ta med 1h
[2026-09-29 02:45:23] 233: SIN DATOS EN EL ÚLTIMO DÍA
[2026-09-29 02:45:44] 234: 3/4 variables -> HRa med 1h, Ll acu 1 h, Ta med 1h
[2026-09-29 02:46:04] 235: 3/4 variables -> HRa med 1h, Ll acu 1 h, Ta med 1h
[2026-09-29 02:46:25] 236: 3/4 variables -> HRa med 1h, Ll acu 1 h, Ta med 1h
[2026-09-29 02:46:27] 237: SIN DATOS EN EL ÚLTIMO DÍA
[2026-09-29 02:46:46] 238: 3/4 variables -> HRa med 1h, Ll acu 1 h, Ta med 1h
[2026-09-29 02:46:48] 239: SIN DATOS EN EL ÚLTIMO DÍA
[2026-09-29 02:47:08] 240: 3/4 variables -> HRa med 1h, Ll acu 1 h, Ta med 1h
[2026-09-29 02:47:30] 241: 3/4 variables -> HRa med 1h, Ll acu 1 h, Ta med 1h
[2026-09-29 02:47:51] 242: 3/4 variables -> HRa med 1h, Ll acu 1 h, Ta med 1h
[2026-09-29 02:48:11] 243: 3/4 variables -> HRa med 1h, Ll acu 1 h, Ta med 1h
[2026-09-29 02:48:32] 244: 3/4 variables -> HRa med 1h, Ll acu 1 h, Ta med 1h
[2026-09-29 02:48:53] 245: 3/4 variables -> HRa med 1h, Ll acu 1 h, Ta med 1h
[2026-09-29 02:49:15] 246: 3/4 variables -> HRa med 1h, Ll acu 1 h, Ta med 1h
[2026-09-29 02:49:36] 247: 3/4 variables -> HRa med 1h, Ll acu 1 h, Ta med 1h
[2026-09-29 02:49:36] 215: histórico actualizado -> 139 filas
[2026-09-29 02:49:36] 216: histórico actualizado -> 107 filas
[2026-09-29 02:49:37] 217: histórico actualizado -> 138 filas
[2026-09-29 02:49:37] 218: histórico actualizado -> 140 filas
[2026-09-29 02:49:37] 220: histórico actualizado -> 138 filas
[2026-09-29 02:49:37] 221: histórico actualizado -> 277 filas
[2026-09-29 02:49:37] 223: histórico actualizado -> 273 filas
[2026-09-29 02:49:37] 225: histórico actualizado -> 267 filas
[2026-09-29 02:49:37] 226: histórico actualizado -> 268 filas
[2026-09-29 02:49:37] 227: histórico actualizado -> 275 filas
[2026-09-29 02:49:37] 228: histórico actualizado -> 267 filas
[2026-09-29 02:49:37] 229: histórico actualizado -> 273 filas
[2026-09-29 02:49:37] 231: histórico actualizado -> 273 filas
[2026-09-29 02:49:37] 232: histórico actualizado -> 253 filas
[2026-09-29 02:49:37] 234: histórico actualizado -> 257 filas
[2026-09-29 02:49:37] 235: histórico actualizado -> 235 filas
[2026-09-29 02:49:38] 236: histórico actualizado -> 272 filas
[2026-09-29 02:49:38] 238: histórico actualizado -> 275 filas
[2026-09-29 02:49:38] 240: histórico actualizado -> 237 filas
[2026-09-29 02:49:38] 241: histórico actualizado -> 125 filas
[2026-09-29 02:49:38] 242: histórico actualizado -> 230 filas
[2026-09-29 02:49:38] 243: histórico actualizado -> 271 filas
[2026-09-29 02:49:38] 244: histórico actualizado -> 146 filas
[2026-09-29 02:49:38] 245: histórico actualizado -> 203 filas
[2026-09-29 02:49:38] 246: histórico actualizado -> 102 filas
[2026-09-29 02:49:38] 247: histórico actualizado -> 198 filas
[2026-09-29 02:49:38] Catálogo actualizado: 32 estaciones
[2026-09-29 02:49:38] FIN DEL PROCESO - 573.5 segundos
[2026-09-29 03:40:04] INICIO DEL PROCESO
[2026-09-29 03:40:04] Abriendo página de login...
[2026-09-29 03:40:05] Realizando login...
[2026-09-29 03:40:05] LOGIN OK -> https://polaris.adrtecnology.com/gis/map
[2026-09-29 03:40:05] Estaciones conservadas del catálogo histórico: 32
[2026-09-29 03:40:25] Estaciones obtenidas desde viewer: 20
[2026-09-29 03:40:42] Estaciones obtenidas directamente desde GIS: 32
[2026-09-29 03:40:44] 200: SIN DATOS EN EL ÚLTIMO DÍA
[2026-09-29 03:41:03] 215: 1/4 variables -> Ll acu 1 h
[2026-09-29 03:41:20] 216: 3/4 variables -> HRa med 1h, Ll acu 1 h, Ta med 1h
[2026-09-29 03:41:39] 217: 3/4 variables -> HRa med 1h, Ll acu 1 h, Ta med 1h
[2026-09-29 03:41:56] 218: 2/4 variables -> Ll acu 1 h, Ta med 1h
[2026-09-29 03:42:18] 220: 1/4 variables -> PP Acc (1h)
[2026-09-29 03:42:43] 221: 3/4 variables -> HRa med 1h, Ll acu 1 h, Ta med 1h
[2026-09-29 03:43:06] 223: 3/4 variables -> HRa med 1h, Ll acu 1 h, Ta med 1h
[2026-09-29 03:43:10] 224: SIN DATOS EN EL ÚLTIMO DÍA
[2026-09-29 03:43:33] 225: 3/4 variables -> HRa med 1h, Ll acu 1 h, Ta med 1h
[2026-09-29 03:43:55] 226: 3/4 variables -> HRa med 1h, Ll acu 1 h, Ta med 1h
[2026-09-29 03:44:36] 227: ERROR CONSULTA -> HTTPSConnectionPool(host='polaris.adrtecnology.com', port=443): Read timed out. (read timeout=40)
[2026-09-29 03:45:16] 228: ERROR CONSULTA -> HTTPSConnectionPool(host='polaris.adrtecnology.com', port=443): Read timed out. (read timeout=40)
[2026-09-29 03:45:56] 229: ERROR CONSULTA -> HTTPSConnectionPool(host='polaris.adrtecnology.com', port=443): Read timed out. (read timeout=40)
[2026-09-29 03:46:37] 230: ERROR CONSULTA -> HTTPSConnectionPool(host='polaris.adrtecnology.com', port=443): Read timed out. (read timeout=40)
[2026-09-29 03:47:17] 231: ERROR CONSULTA -> HTTPSConnectionPool(host='polaris.adrtecnology.com', port=443): Read timed out. (read timeout=40)
[2026-09-29 03:47:57] 232: ERROR CONSULTA -> HTTPSConnectionPool(host='polaris.adrtecnology.com', port=443): Read timed out. (read timeout=40)
[2026-09-29 03:48:38] 233: ERROR CONSULTA -> HTTPSConnectionPool(host='polaris.adrtecnology.com', port=443): Read timed out. (read timeout=40)
[2026-09-29 03:49:18] 234: ERROR CONSULTA -> HTTPSConnectionPool(host='polaris.adrtecnology.com', port=443): Read timed out. (read timeout=40)
[2026-09-29 03:49:58] 235: ERROR CONSULTA -> HTTPSConnectionPool(host='polaris.adrtecnology.com', port=443): Read timed out. (read timeout=40)
[2026-09-29 03:50:06] 236: ERROR CONSULTA -> 403 Client Error: Forbidden for url: https://polaris.adrtecnology.com/gis/station
[2026-09-29 03:50:06] 237: ERROR CONSULTA -> 403 Client Error: Forbidden for url: https://polaris.adrtecnology.com/gis/station
[2026-09-29 03:50:06] 238: ERROR CONSULTA -> 403 Client Error: Forbidden for url: https://polaris.adrtecnology.com/gis/station
[2026-09-29 03:50:07] 239: ERROR CONSULTA -> 403 Client Error: Forbidden for url: https://polaris.adrtecnology.com/gis/station
[2026-09-29 03:50:07] 240: ERROR CONSULTA -> 403 Client Error: Forbidden for url: https://polaris.adrtecnology.com/gis/station
[2026-09-29 03:50:08] 241: ERROR CONSULTA -> 403 Client Error: Forbidden for url: https://polaris.adrtecnology.com/gis/station
[2026-09-29 03:50:08] 242: ERROR CONSULTA -> 403 Client Error: Forbidden for url: https://polaris.adrtecnology.com/gis/station
[2026-09-29 03:50:09] 243: ERROR CONSULTA -> 403 Client Error: Forbidden for url: https://polaris.adrtecnology.com/gis/station
[2026-09-29 03:50:09] 244: ERROR CONSULTA -> 403 Client Error: Forbidden for url: https://polaris.adrtecnology.com/gis/station
[2026-09-29 03:50:09] 245: ERROR CONSULTA -> 403 Client Error: Forbidden for url: https://polaris.adrtecnology.com/gis/station
[2026-09-29 03:50:10] 246: ERROR CONSULTA -> 403 Client Error: Forbidden for url: https://polaris.adrtecnology.com/gis/station
[2026-09-29 03:50:10] 247: ERROR CONSULTA -> 403 Client Error: Forbidden for url: https://polaris.adrtecnology.com/gis/station
[2026-09-29 03:50:11] 215: histórico actualizado -> 140 filas
[2026-09-29 03:50:11] 216: histórico actualizado -> 107 filas
[2026-09-29 03:50:11] 217: histórico actualizado -> 139 filas
[2026-09-29 03:50:11] 218: histórico actualizado -> 141 filas
[2026-09-29 03:50:11] 220: histórico actualizado -> 139 filas
[2026-09-29 03:50:11] 221: histórico actualizado -> 279 filas
[2026-09-29 03:50:11] 223: histórico actualizado -> 275 filas
[2026-09-29 03:50:11] 225: histórico actualizado -> 269 filas
[2026-09-29 03:50:11] 226: histórico actualizado -> 270 filas
[2026-09-29 03:50:11] Catálogo actualizado: 32 estaciones
[2026-09-29 03:50:11] FIN DEL PROCESO - 607.0 segundos
[2026-09-29 04:40:06] INICIO DEL PROCESO
[2026-09-29 04:40:06] Abriendo página de login...
[2026-09-29 04:40:07] Realizando login...
[2026-09-29 04:40:08] LOGIN OK -> https://polaris.adrtecnology.com/gis/map
[2026-09-29 04:40:08] Estaciones conservadas del catálogo histórico: 32
[2026-09-29 04:40:25] Estaciones obtenidas desde viewer: 20
[2026-09-29 04:40:42] Estaciones obtenidas directamente desde GIS: 32
[2026-09-29 04:40:44] 200: SIN DATOS EN EL ÚLTIMO DÍA
[2026-09-29 04:41:00] 215: 1/4 variables -> Ll acu 1 h
[2026-09-29 04:41:17] 216: 3/4 variables -> HRa med 1h, Ll acu 1 h, Ta med 1h
[2026-09-29 04:41:34] 217: 3/4 variables -> HRa med 1h, Ll acu 1 h, Ta med 1h
[2026-09-29 04:41:53] 218: 2/4 variables -> Ll acu 1 h, Ta med 1h
[2026-09-29 04:42:16] 220: 1/4 variables -> PP Acc (1h)
[2026-09-29 04:42:40] 221: 3/4 variables -> HRa med 1h, Ll acu 1 h, Ta med 1h
[2026-09-29 04:43:06] 223: 3/4 variables -> HRa med 1h, Ll acu 1 h, Ta med 1h
[2026-09-29 04:43:08] 224: SIN DATOS EN EL ÚLTIMO DÍA
[2026-09-29 04:43:34] 225: 3/4 variables -> HRa med 1h, Ll acu 1 h, Ta med 1h
[2026-09-29 04:43:59] 226: 3/4 variables -> HRa med 1h, Ll acu 1 h, Ta med 1h
[2026-09-29 04:44:23] 227: 3/4 variables -> HRa med 1h, Ll acu 1 h, Ta med 1h
[2026-09-29 04:44:48] 228: 3/4 variables -> HRa med 1h, Ll acu 1 h, Ta med 1h
[2026-09-29 04:45:11] 229: 3/4 variables -> HRa med 1h, Ll acu 1 h, Ta med 1h
[2026-09-29 04:45:13] 230: SIN DATOS EN EL ÚLTIMO DÍA
[2026-09-29 04:45:34] 231: 3/4 variables -> HRa med 1h, Ll acu 1 h, Ta med 1h
[2026-09-29 04:45:58] 232: 3/4 variables -> HRa med 1h, Ll acu 1 h, Ta med 1h
[2026-09-29 04:46:00] 233: SIN DATOS EN EL ÚLTIMO DÍA
[2026-09-29 04:46:21] 234: 3/4 variables -> HRa med 1h, Ll acu 1 h, Ta med 1h
[2026-09-29 04:46:42] 235: 3/4 variables -> HRa med 1h, Ll acu 1 h, Ta med 1h
[2026-09-29 04:47:03] 236: 3/4 variables -> HRa med 1h, Ll acu 1 h, Ta med 1h
[2026-09-29 04:47:05] 237: SIN DATOS EN EL ÚLTIMO DÍA
[2026-09-29 04:47:23] 238: 3/4 variables -> HRa med 1h, Ll acu 1 h, Ta med 1h
[2026-09-29 04:47:25] 239: SIN DATOS EN EL ÚLTIMO DÍA
[2026-09-29 04:47:41] 240: 3/4 variables -> HRa med 1h, Ll acu 1 h, Ta med 1h
[2026-09-29 04:48:03] 241: 3/4 variables -> HRa med 1h, Ll acu 1 h, Ta med 1h
[2026-09-29 04:48:24] 242: 3/4 variables -> HRa med 1h, Ll acu 1 h, Ta med 1h
[2026-09-29 04:48:47] 243: 3/4 variables -> HRa med 1h, Ll acu 1 h, Ta med 1h
[2026-09-29 04:49:08] 244: 3/4 variables -> HRa med 1h, Ll acu 1 h, Ta med 1h
[2026-09-29 04:49:29] 245: 3/4 variables -> HRa med 1h, Ll acu 1 h, Ta med 1h
[2026-09-29 04:49:54] 246: 3/4 variables -> HRa med 1h, Ll acu 1 h, Ta med 1h
[2026-09-29 04:50:18] 247: 3/4 variables -> HRa med 1h, Ll acu 1 h, Ta med 1h
[2026-09-29 04:50:18] 215: histórico actualizado -> 141 filas
[2026-09-29 04:50:18] 216: histórico actualizado -> 107 filas
[2026-09-29 04:50:18] 217: histórico actualizado -> 140 filas
[2026-09-29 04:50:18] 218: histórico actualizado -> 142 filas
[2026-09-29 04:50:18] 220: histórico actualizado -> 140 filas
[2026-09-29 04:50:18] 221: histórico actualizado -> 281 filas
[2026-09-29 04:50:18] 223: histórico actualizado -> 277 filas
[2026-09-29 04:50:19] 225: histórico actualizado -> 271 filas
[2026-09-29 04:50:19] 226: histórico actualizado -> 272 filas
[2026-09-29 04:50:19] 227: histórico actualizado -> 277 filas
[2026-09-29 04:50:19] 228: histórico actualizado -> 269 filas
[2026-09-29 04:50:19] 229: histórico actualizado -> 275 filas
[2026-09-29 04:50:19] 231: histórico actualizado -> 275 filas
[2026-09-29 04:50:19] 232: histórico actualizado -> 255 filas
[2026-09-29 04:50:19] 234: histórico actualizado -> 259 filas
[2026-09-29 04:50:19] 235: histórico actualizado -> 237 filas
[2026-09-29 04:50:19] 236: histórico actualizado -> 274 filas
[2026-09-29 04:50:19] 238: histórico actualizado -> 277 filas
[2026-09-29 04:50:19] 240: histórico actualizado -> 239 filas
[2026-09-29 04:50:19] 241: histórico actualizado -> 127 filas
[2026-09-29 04:50:19] 242: histórico actualizado -> 232 filas
[2026-09-29 04:50:19] 243: histórico actualizado -> 273 filas
[2026-09-29 04:50:19] 244: histórico actualizado -> 148 filas
[2026-09-29 04:50:19] 245: histórico actualizado -> 205 filas
[2026-09-29 04:50:20] 246: histórico actualizado -> 104 filas
[2026-09-29 04:50:20] 247: histórico actualizado -> 200 filas
[2026-09-29 04:50:20] Catálogo actualizado: 32 estaciones
[2026-09-29 04:50:20] FIN DEL PROCESO - 613.2 segundos
[2026-09-29 05:40:05] INICIO DEL PROCESO
[2026-09-29 05:40:05] Abriendo página de login...
[2026-09-29 05:40:06] Realizando login...
[2026-09-29 05:40:06] LOGIN OK -> https://polaris.adrtecnology.com/gis/map
[2026-09-29 05:40:06] Estaciones conservadas del catálogo histórico: 32
[2026-09-29 05:40:23] Estaciones obtenidas desde viewer: 20
[2026-09-29 05:40:44] Estaciones obtenidas directamente desde GIS: 32
[2026-09-29 05:40:46] 200: SIN DATOS EN EL ÚLTIMO DÍA
[2026-09-29 05:41:03] 215: 1/4 variables -> Ll acu 1 h
[2026-09-29 05:41:20] 216: 3/4 variables -> HRa med 1h, Ll acu 1 h, Ta med 1h
[2026-09-29 05:41:38] 217: 3/4 variables -> HRa med 1h, Ll acu 1 h, Ta med 1h
[2026-09-29 05:41:57] 218: 2/4 variables -> Ll acu 1 h, Ta med 1h
[2026-09-29 05:42:23] 220: 1/4 variables -> PP Acc (1h)
[2026-09-29 05:42:45] 221: 3/4 variables -> HRa med 1h, Ll acu 1 h, Ta med 1h
[2026-09-29 05:43:25] 223: ERROR CONSULTA -> HTTPSConnectionPool(host='polaris.adrtecnology.com', port=443): Read timed out. (read timeout=40)
[2026-09-29 05:44:06] 224: ERROR CONSULTA -> HTTPSConnectionPool(host='polaris.adrtecnology.com', port=443): Read timed out. (read timeout=40)
[2026-09-29 05:44:46] 225: ERROR CONSULTA -> HTTPSConnectionPool(host='polaris.adrtecnology.com', port=443): Read timed out. (read timeout=40)
[2026-09-29 05:45:26] 226: ERROR CONSULTA -> HTTPSConnectionPool(host='polaris.adrtecnology.com', port=443): Read timed out. (read timeout=40)
[2026-09-29 05:46:07] 227: ERROR CONSULTA -> HTTPSConnectionPool(host='polaris.adrtecnology.com', port=443): Read timed out. (read timeout=40)
[2026-09-29 05:46:47] 228: ERROR CONSULTA -> HTTPSConnectionPool(host='polaris.adrtecnology.com', port=443): Read timed out. (read timeout=40)
[2026-09-29 05:47:27] 229: ERROR CONSULTA -> HTTPSConnectionPool(host='polaris.adrtecnology.com', port=443): Read timed out. (read timeout=40)
[2026-09-29 05:48:08] 230: ERROR CONSULTA -> HTTPSConnectionPool(host='polaris.adrtecnology.com', port=443): Read timed out. (read timeout=40)
[2026-09-29 05:48:48] 231: ERROR CONSULTA -> HTTPSConnectionPool(host='polaris.adrtecnology.com', port=443): Read timed out. (read timeout=40)
[2026-09-29 05:49:02] 232: ERROR CONSULTA -> 403 Client Error: Forbidden for url: https://polaris.adrtecnology.com/gis/station
[2026-09-29 05:49:02] 233: ERROR CONSULTA -> 403 Client Error: Forbidden for url: https://polaris.adrtecnology.com/gis/station
[2026-09-29 05:49:03] 234: ERROR CONSULTA -> 403 Client Error: Forbidden for url: https://polaris.adrtecnology.com/gis/station
[2026-09-29 05:49:03] 235: ERROR CONSULTA -> 403 Client Error: Forbidden for url: https://polaris.adrtecnology.com/gis/station
[2026-09-29 05:49:04] 236: ERROR CONSULTA -> 403 Client Error: Forbidden for url: https://polaris.adrtecnology.com/gis/station
[2026-09-29 05:49:04] 237: ERROR CONSULTA -> 403 Client Error: Forbidden for url: https://polaris.adrtecnology.com/gis/station
[2026-09-29 05:49:05] 238: ERROR CONSULTA -> 403 Client Error: Forbidden for url: https://polaris.adrtecnology.com/gis/station
[2026-09-29 05:49:05] 239: ERROR CONSULTA -> 403 Client Error: Forbidden for url: https://polaris.adrtecnology.com/gis/station
[2026-09-29 05:49:05] 240: ERROR CONSULTA -> 403 Client Error: Forbidden for url: https://polaris.adrtecnology.com/gis/station
[2026-09-29 05:49:06] 241: ERROR CONSULTA -> 403 Client Error: Forbidden for url: https://polaris.adrtecnology.com/gis/station
[2026-09-29 05:49:06] 242: ERROR CONSULTA -> 403 Client Error: Forbidden for url: https://polaris.adrtecnology.com/gis/station
[2026-09-29 05:49:07] 243: ERROR CONSULTA -> 403 Client Error: Forbidden for url: https://polaris.adrtecnology.com/gis/station
[2026-09-29 05:49:07] 244: ERROR CONSULTA -> 403 Client Error: Forbidden for url: https://polaris.adrtecnology.com/gis/station
[2026-09-29 05:49:07] 245: ERROR CONSULTA -> 403 Client Error: Forbidden for url: https://polaris.adrtecnology.com/gis/station
[2026-09-29 05:49:08] 246: ERROR CONSULTA -> 403 Client Error: Forbidden for url: https://polaris.adrtecnology.com/gis/station
[2026-09-29 05:49:08] 247: ERROR CONSULTA -> 403 Client Error: Forbidden for url: https://polaris.adrtecnology.com/gis/station
[2026-09-29 05:49:09] 215: histórico actualizado -> 142 filas
[2026-09-29 05:49:09] 216: histórico actualizado -> 107 filas
[2026-09-29 05:49:09] 217: histórico actualizado -> 141 filas
[2026-09-29 05:49:09] 218: histórico actualizado -> 143 filas
[2026-09-29 05:49:09] 220: histórico actualizado -> 141 filas
[2026-09-29 05:49:09] 221: histórico actualizado -> 283 filas
[2026-09-29 05:49:09] Catálogo actualizado: 32 estaciones
[2026-09-29 05:49:09] FIN DEL PROCESO - 543.7 segundos
[2026-09-29 06:40:05] INICIO DEL PROCESO
[2026-09-29 06:40:06] Abriendo página de login...
[2026-09-29 06:40:06] Realizando login...
[2026-09-29 06:40:07] LOGIN OK -> https://polaris.adrtecnology.com/gis/map
[2026-09-29 06:40:07] Estaciones conservadas del catálogo histórico: 32
[2026-09-29 06:40:26] Estaciones obtenidas desde viewer: 20
[2026-09-29 06:40:43] Estaciones obtenidas directamente desde GIS: 32
[2026-09-29 06:40:44] 200: SIN DATOS EN EL ÚLTIMO DÍA
[2026-09-29 06:41:01] 215: 1/4 variables -> Ll acu 1 h
[2026-09-29 06:41:21] 216: 3/4 variables -> HRa med 1h, Ll acu 1 h, Ta med 1h
[2026-09-29 06:41:39] 217: 3/4 variables -> HRa med 1h, Ll acu 1 h, Ta med 1h
[2026-09-29 06:41:56] 218: 2/4 variables -> Ll acu 1 h, Ta med 1h
[2026-09-29 06:42:21] 220: 1/4 variables -> PP Acc (1h)
[2026-09-29 06:42:48] 221: 3/4 variables -> HRa med 1h, Ll acu 1 h, Ta med 1h
[2026-09-29 06:43:11] 223: 3/4 variables -> HRa med 1h, Ll acu 1 h, Ta med 1h
[2026-09-29 06:43:13] 224: SIN DATOS EN EL ÚLTIMO DÍA
[2026-09-29 06:43:37] 225: 3/4 variables -> HRa med 1h, Ll acu 1 h, Ta med 1h
[2026-09-29 06:44:02] 226: 3/4 variables -> HRa med 1h, Ll acu 1 h, Ta med 1h
[2026-09-29 06:44:27] 227: 3/4 variables -> HRa med 1h, Ll acu 1 h, Ta med 1h
[2026-09-29 06:44:54] 228: 3/4 variables -> HRa med 1h, Ll acu 1 h, Ta med 1h
[2026-09-29 06:45:18] 229: 3/4 variables -> HRa med 1h, Ll acu 1 h, Ta med 1h
[2026-09-29 06:45:20] 230: SIN DATOS EN EL ÚLTIMO DÍA
[2026-09-29 06:45:43] 231: 3/4 variables -> HRa med 1h, Ll acu 1 h, Ta med 1h
[2026-09-29 06:46:05] 232: 3/4 variables -> HRa med 1h, Ll acu 1 h, Ta med 1h
[2026-09-29 06:46:07] 233: SIN DATOS EN EL ÚLTIMO DÍA
[2026-09-29 06:46:29] 234: 3/4 variables -> HRa med 1h, Ll acu 1 h, Ta med 1h
[2026-09-29 06:46:46] 235: 3/4 variables -> HRa med 1h, Ll acu 1 h, Ta med 1h
[2026-09-29 06:47:10] 236: 3/4 variables -> HRa med 1h, Ll acu 1 h, Ta med 1h
[2026-09-29 06:47:12] 237: SIN DATOS EN EL ÚLTIMO DÍA
[2026-09-29 06:47:29] 238: 3/4 variables -> HRa med 1h, Ll acu 1 h, Ta med 1h
[2026-09-29 06:47:31] 239: SIN DATOS EN EL ÚLTIMO DÍA
[2026-09-29 06:47:54] 240: 3/4 variables -> HRa med 1h, Ll acu 1 h, Ta med 1h
[2026-09-29 06:48:17] 241: 3/4 variables -> HRa med 1h, Ll acu 1 h, Ta med 1h
[2026-09-29 06:48:38] 242: 3/4 variables -> HRa med 1h, Ll acu 1 h, Ta med 1h
[2026-09-29 06:48:59] 243: 3/4 variables -> HRa med 1h, Ll acu 1 h, Ta med 1h
[2026-09-29 06:49:21] 244: 3/4 variables -> HRa med 1h, Ll acu 1 h, Ta med 1h
[2026-09-29 06:49:43] 245: 3/4 variables -> HRa med 1h, Ll acu 1 h, Ta med 1h
[2026-09-29 06:50:04] 246: 3/4 variables -> HRa med 1h, Ll acu 1 h, Ta med 1h
[2026-09-29 06:50:32] 247: 3/4 variables -> HRa med 1h, Ll acu 1 h, Ta med 1h
[2026-09-29 06:50:32] 215: histórico actualizado -> 143 filas
[2026-09-29 06:50:32] 216: histórico actualizado -> 108 filas
[2026-09-29 06:50:32] 217: histórico actualizado -> 142 filas
[2026-09-29 06:50:32] 218: histórico actualizado -> 144 filas
[2026-09-29 06:50:32] 220: histórico actualizado -> 142 filas
[2026-09-29 06:50:32] 221: histórico actualizado -> 285 filas
[2026-09-29 06:50:32] 223: histórico actualizado -> 279 filas
[2026-09-29 06:50:32] 225: histórico actualizado -> 273 filas
[2026-09-29 06:50:32] 226: histórico actualizado -> 274 filas
[2026-09-29 06:50:32] 227: histórico actualizado -> 279 filas
[2026-09-29 06:50:32] 228: histórico actualizado -> 271 filas
[2026-09-29 06:50:33] 229: histórico actualizado -> 277 filas
[2026-09-29 06:50:33] 231: histórico actualizado -> 277 filas
[2026-09-29 06:50:33] 232: histórico actualizado -> 257 filas
[2026-09-29 06:50:33] 234: histórico actualizado -> 261 filas
[2026-09-29 06:50:33] 235: histórico actualizado -> 237 filas
[2026-09-29 06:50:33] 236: histórico actualizado -> 276 filas
[2026-09-29 06:50:33] 238: histórico actualizado -> 279 filas
[2026-09-29 06:50:33] 240: histórico actualizado -> 241 filas
[2026-09-29 06:50:33] 241: histórico actualizado -> 129 filas
[2026-09-29 06:50:33] 242: histórico actualizado -> 234 filas
[2026-09-29 06:50:33] 243: histórico actualizado -> 275 filas
[2026-09-29 06:50:33] 244: histórico actualizado -> 150 filas
[2026-09-29 06:50:33] 245: histórico actualizado -> 207 filas
[2026-09-29 06:50:33] 246: histórico actualizado -> 106 filas
[2026-09-29 06:50:33] 247: histórico actualizado -> 202 filas
[2026-09-29 06:50:33] Catálogo actualizado: 32 estaciones
[2026-09-29 06:50:33] FIN DEL PROCESO - 627.9 segundos
[2026-09-29 07:40:05] INICIO DEL PROCESO
[2026-09-29 07:40:05] Abriendo página de login...
[2026-09-29 07:40:06] Realizando login...
[2026-09-29 07:40:06] LOGIN OK -> https://polaris.adrtecnology.com/gis/map
[2026-09-29 07:40:06] Estaciones conservadas del catálogo histórico: 32
[2026-09-29 07:40:25] Estaciones obtenidas desde viewer: 20
[2026-09-29 07:40:43] Estaciones obtenidas directamente desde GIS: 32
[2026-09-29 07:40:45] 200: SIN DATOS EN EL ÚLTIMO DÍA
[2026-09-29 07:41:02] 215: 1/4 variables -> Ll acu 1 h
[2026-09-29 07:41:21] 216: 3/4 variables -> HRa med 1h, Ll acu 1 h, Ta med 1h
[2026-09-29 07:41:39] 217: 3/4 variables -> HRa med 1h, Ll acu 1 h, Ta med 1h
[2026-09-29 07:41:58] 218: 2/4 variables -> Ll acu 1 h, Ta med 1h
[2026-09-29 07:42:23] 220: 1/4 variables -> PP Acc (1h)
[2026-09-29 07:42:48] 221: 3/4 variables -> HRa med 1h, Ll acu 1 h, Ta med 1h
[2026-09-29 07:43:13] 223: 3/4 variables -> HRa med 1h, Ll acu 1 h, Ta med 1h
[2026-09-29 07:43:15] 224: SIN DATOS EN EL ÚLTIMO DÍA
[2026-09-29 07:43:41] 225: 3/4 variables -> HRa med 1h, Ll acu 1 h, Ta med 1h
[2026-09-29 07:44:03] 226: 3/4 variables -> HRa med 1h, Ll acu 1 h, Ta med 1h
[2026-09-29 07:44:25] 227: 3/4 variables -> HRa med 1h, Ll acu 1 h, Ta med 1h
[2026-09-29 07:44:47] 228: 3/4 variables -> HRa med 1h, Ll acu 1 h, Ta med 1h
[2026-09-29 07:45:09] 229: 3/4 variables -> HRa med 1h, Ll acu 1 h, Ta med 1h
[2026-09-29 07:45:11] 230: SIN DATOS EN EL ÚLTIMO DÍA
[2026-09-29 07:45:30] 231: 3/4 variables -> HRa med 1h, Ll acu 1 h, Ta med 1h
[2026-09-29 07:45:43] 232: 3/4 variables -> HRa med 1h, Ll acu 1 h, Ta med 1h
[2026-09-29 07:45:45] 233: SIN DATOS EN EL ÚLTIMO DÍA
[2026-09-29 07:45:57] 234: 3/4 variables -> HRa med 1h, Ll acu 1 h, Ta med 1h
[2026-09-29 07:46:06] 235: 3/4 variables -> HRa med 1h, Ll acu 1 h, Ta med 1h
[2026-09-29 07:46:18] 236: 3/4 variables -> HRa med 1h, Ll acu 1 h, Ta med 1h
[2026-09-29 07:46:20] 237: SIN DATOS EN EL ÚLTIMO DÍA
[2026-09-29 07:46:29] 238: 3/4 variables -> HRa med 1h, Ll acu 1 h, Ta med 1h
[2026-09-29 07:46:30] 239: SIN DATOS EN EL ÚLTIMO DÍA
[2026-09-29 07:47:11] 240: ERROR CONSULTA -> HTTPSConnectionPool(host='polaris.adrtecnology.com', port=443): Read timed out. (read timeout=40)
[2026-09-29 07:47:51] 241: ERROR CONSULTA -> HTTPSConnectionPool(host='polaris.adrtecnology.com', port=443): Read timed out. (read timeout=40)
[2026-09-29 07:48:31] 242: ERROR CONSULTA -> HTTPSConnectionPool(host='polaris.adrtecnology.com', port=443): Read timed out. (read timeout=40)
[2026-09-29 07:49:12] 243: ERROR CONSULTA -> HTTPSConnectionPool(host='polaris.adrtecnology.com', port=443): Read timed out. (read timeout=40)
[2026-09-29 07:49:52] 244: ERROR CONSULTA -> HTTPSConnectionPool(host='polaris.adrtecnology.com', port=443): Read timed out. (read timeout=40)
[2026-09-29 07:50:32] 245: ERROR CONSULTA -> HTTPSConnectionPool(host='polaris.adrtecnology.com', port=443): Read timed out. (read timeout=40)
[2026-09-29 07:51:13] 246: ERROR CONSULTA -> HTTPSConnectionPool(host='polaris.adrtecnology.com', port=443): Read timed out. (read timeout=40)
[2026-09-29 07:51:53] 247: ERROR CONSULTA -> HTTPSConnectionPool(host='polaris.adrtecnology.com', port=443): Read timed out. (read timeout=40)
[2026-09-29 07:51:53] 215: histórico actualizado -> 144 filas
[2026-09-29 07:51:53] 216: histórico actualizado -> 109 filas
[2026-09-29 07:51:53] 217: histórico actualizado -> 143 filas
[2026-09-29 07:51:54] 218: histórico actualizado -> 145 filas
[2026-09-29 07:51:54] 220: histórico actualizado -> 143 filas
[2026-09-29 07:51:54] 221: histórico actualizado -> 287 filas
[2026-09-29 07:51:54] 223: histórico actualizado -> 281 filas
[2026-09-29 07:51:54] 225: histórico actualizado -> 275 filas
[2026-09-29 07:51:54] 226: histórico actualizado -> 276 filas
[2026-09-29 07:51:54] 227: histórico actualizado -> 281 filas
[2026-09-29 07:51:54] 228: histórico actualizado -> 273 filas
[2026-09-29 07:51:54] 229: histórico actualizado -> 279 filas
[2026-09-29 07:51:54] 231: histórico actualizado -> 279 filas
[2026-09-29 07:51:54] 232: histórico actualizado -> 259 filas
[2026-09-29 07:51:54] 234: histórico actualizado -> 263 filas
[2026-09-29 07:51:54] 235: histórico actualizado -> 237 filas
[2026-09-29 07:51:55] 236: histórico actualizado -> 278 filas
[2026-09-29 07:51:55] 238: histórico actualizado -> 281 filas
[2026-09-29 07:51:55] Catálogo actualizado: 32 estaciones
[2026-09-29 07:51:55] FIN DEL PROCESO - 709.8 segundos
[2026-09-29 08:40:06] INICIO DEL PROCESO
[2026-09-29 08:40:06] Abriendo página de login...
[2026-09-29 08:40:07] Realizando login...
[2026-09-29 08:40:08] LOGIN OK -> https://polaris.adrtecnology.com/gis/map
[2026-09-29 08:40:09] Estaciones conservadas del catálogo histórico: 32
[2026-09-29 08:40:32] Estaciones obtenidas desde viewer: 20
[2026-09-29 08:41:00] Estaciones obtenidas directamente desde GIS: 32
[2026-09-29 08:41:04] 200: SIN DATOS EN EL ÚLTIMO DÍA
[2026-09-29 08:41:45] 215: ERROR CONSULTA -> HTTPSConnectionPool(host='polaris.adrtecnology.com', port=443): Read timed out. (read timeout=40)
[2026-09-29 08:42:25] 216: ERROR CONSULTA -> HTTPSConnectionPool(host='polaris.adrtecnology.com', port=443): Read timed out. (read timeout=40)
[2026-09-29 08:43:05] 217: ERROR CONSULTA -> HTTPSConnectionPool(host='polaris.adrtecnology.com', port=443): Read timed out. (read timeout=40)
[2026-09-29 08:43:46] 218: ERROR CONSULTA -> HTTPSConnectionPool(host='polaris.adrtecnology.com', port=443): Read timed out. (read timeout=40)
[2026-09-29 08:44:26] 220: ERROR CONSULTA -> HTTPSConnectionPool(host='polaris.adrtecnology.com', port=443): Read timed out. (read timeout=40)
[2026-09-29 08:45:06] 221: ERROR CONSULTA -> HTTPSConnectionPool(host='polaris.adrtecnology.com', port=443): Read timed out. (read timeout=40)
[2026-09-29 08:45:47] 223: ERROR CONSULTA -> HTTPSConnectionPool(host='polaris.adrtecnology.com', port=443): Read timed out. (read timeout=40)
[2026-09-29 08:46:27] 224: ERROR CONSULTA -> HTTPSConnectionPool(host='polaris.adrtecnology.com', port=443): Read timed out. (read timeout=40)
[2026-09-29 08:47:07] 225: ERROR CONSULTA -> HTTPSConnectionPool(host='polaris.adrtecnology.com', port=443): Read timed out. (read timeout=40)
[2026-09-29 08:47:48] 226: ERROR CONSULTA -> HTTPSConnectionPool(host='polaris.adrtecnology.com', port=443): Read timed out. (read timeout=40)
[2026-09-29 08:48:28] 227: ERROR CONSULTA -> HTTPSConnectionPool(host='polaris.adrtecnology.com', port=443): Read timed out. (read timeout=40)
[2026-09-29 08:49:08] 228: ERROR CONSULTA -> HTTPSConnectionPool(host='polaris.adrtecnology.com', port=443): Read timed out. (read timeout=40)
[2026-09-29 08:49:49] 229: ERROR CONSULTA -> HTTPSConnectionPool(host='polaris.adrtecnology.com', port=443): Read timed out. (read timeout=40)
[2026-09-29 08:50:29] 230: ERROR CONSULTA -> HTTPSConnectionPool(host='polaris.adrtecnology.com', port=443): Read timed out. (read timeout=40)
[2026-09-29 08:51:09] 231: ERROR CONSULTA -> HTTPSConnectionPool(host='polaris.adrtecnology.com', port=443): Read timed out. (read timeout=40)
[2026-09-29 08:51:50] 232: ERROR CONSULTA -> HTTPSConnectionPool(host='polaris.adrtecnology.com', port=443): Read timed out. (read timeout=40)
[2026-09-29 08:52:30] 233: ERROR CONSULTA -> HTTPSConnectionPool(host='polaris.adrtecnology.com', port=443): Read timed out. (read timeout=40)
[2026-09-29 08:52:39] 234: ERROR CONSULTA -> 403 Client Error: Forbidden for url: https://polaris.adrtecnology.com/gis/station
[2026-09-29 08:52:39] 235: ERROR CONSULTA -> 403 Client Error: Forbidden for url: https://polaris.adrtecnology.com/gis/station
[2026-09-29 08:52:40] 236: ERROR CONSULTA -> 403 Client Error: Forbidden for url: https://polaris.adrtecnology.com/gis/station
[2026-09-29 08:52:40] 237: ERROR CONSULTA -> 403 Client Error: Forbidden for url: https://polaris.adrtecnology.com/gis/station
[2026-09-29 08:52:41] 238: ERROR CONSULTA -> 403 Client Error: Forbidden for url: https://polaris.adrtecnology.com/gis/station
[2026-09-29 08:52:41] 239: ERROR CONSULTA -> 403 Client Error: Forbidden for url: https://polaris.adrtecnology.com/gis/station
[2026-09-29 08:52:42] 240: ERROR CONSULTA -> 403 Client Error: Forbidden for url: https://polaris.adrtecnology.com/gis/station
[2026-09-29 08:52:42] 241: ERROR CONSULTA -> 403 Client Error: Forbidden for url: https://polaris.adrtecnology.com/gis/station
[2026-09-29 08:52:43] 242: ERROR CONSULTA -> 403 Client Error: Forbidden for url: https://polaris.adrtecnology.com/gis/station
[2026-09-29 08:52:43] 243: ERROR CONSULTA -> 403 Client Error: Forbidden for url: https://polaris.adrtecnology.com/gis/station
[2026-09-29 08:52:44] 244: ERROR CONSULTA -> 403 Client Error: Forbidden for url: https://polaris.adrtecnology.com/gis/station
[2026-09-29 08:52:44] 245: ERROR CONSULTA -> 403 Client Error: Forbidden for url: https://polaris.adrtecnology.com/gis/station
[2026-09-29 08:52:45] 246: ERROR CONSULTA -> 403 Client Error: Forbidden for url: https://polaris.adrtecnology.com/gis/station
[2026-09-29 08:52:45] 247: ERROR CONSULTA -> 403 Client Error: Forbidden for url: https://polaris.adrtecnology.com/gis/station
[2026-09-29 08:52:45] Catálogo actualizado: 32 estaciones
[2026-09-29 08:52:45] FIN DEL PROCESO - 759.2 segundos
[2026-09-29 09:40:05] INICIO DEL PROCESO
[2026-09-29 09:40:05] Abriendo página de login...
[2026-09-29 09:40:45] ERROR GENERAL: HTTPSConnectionPool(host='polaris.adrtecnology.com', port=443): Read timed out. (read timeout=40)
[2026-09-29 10:40:05] INICIO DEL PROCESO
[2026-09-29 10:40:05] Abriendo página de login...
[2026-09-29 10:40:06] Realizando login...
[2026-09-29 10:40:08] LOGIN OK -> https://polaris.adrtecnology.com/gis/map
[2026-09-29 10:40:08] Estaciones conservadas del catálogo histórico: 32
[2026-09-29 10:40:13] Estaciones obtenidas desde viewer: 20
[2026-09-29 10:40:19] Estaciones obtenidas directamente desde GIS: 32
[2026-09-29 10:40:23] 200: SIN DATOS EN EL ÚLTIMO DÍA
[2026-09-29 10:40:26] 215: 1/4 variables -> Ll acu 1 h
[2026-09-29 10:40:33] 216: 3/4 variables -> HRa med 1h, Ll acu 1 h, Ta med 1h
[2026-09-29 10:40:37] 217: 3/4 variables -> HRa med 1h, Ll acu 1 h, Ta med 1h
[2026-09-29 10:40:40] 218: 2/4 variables -> Ll acu 1 h, Ta med 1h
[2026-09-29 10:40:44] 220: 1/4 variables -> PP Acc (1h)
[2026-09-29 10:40:47] 221: 3/4 variables -> HRa med 1h, Ll acu 1 h, Ta med 1h
[2026-09-29 10:40:49] 223: 3/4 variables -> HRa med 1h, Ll acu 1 h, Ta med 1h
[2026-09-29 10:40:53] 224: SIN DATOS EN EL ÚLTIMO DÍA
[2026-09-29 10:40:56] 225: 3/4 variables -> HRa med 1h, Ll acu 1 h, Ta med 1h
[2026-09-29 10:40:58] 226: 3/4 variables -> HRa med 1h, Ll acu 1 h, Ta med 1h
[2026-09-29 10:41:00] 227: 3/4 variables -> HRa med 1h, Ll acu 1 h, Ta med 1h
[2026-09-29 10:41:05] 228: 3/4 variables -> HRa med 1h, Ll acu 1 h, Ta med 1h
[2026-09-29 10:41:07] 229: 3/4 variables -> HRa med 1h, Ll acu 1 h, Ta med 1h
[2026-09-29 10:41:09] 230: SIN DATOS EN EL ÚLTIMO DÍA
[2026-09-29 10:41:10] 231: 3/4 variables -> HRa med 1h, Ll acu 1 h, Ta med 1h
[2026-09-29 10:41:12] 232: 3/4 variables -> HRa med 1h, Ll acu 1 h, Ta med 1h
[2026-09-29 10:41:13] 233: SIN DATOS EN EL ÚLTIMO DÍA
[2026-09-29 10:41:15] 234: 3/4 variables -> HRa med 1h, Ll acu 1 h, Ta med 1h
[2026-09-29 10:41:17] 235: 3/4 variables -> HRa med 1h, Ll acu 1 h, Ta med 1h
[2026-09-29 10:41:19] 236: 3/4 variables -> HRa med 1h, Ll acu 1 h, Ta med 1h
[2026-09-29 10:41:20] 237: SIN DATOS EN EL ÚLTIMO DÍA
[2026-09-29 10:41:21] 238: 3/4 variables -> HRa med 1h, Ll acu 1 h, Ta med 1h
[2026-09-29 10:41:23] 239: SIN DATOS EN EL ÚLTIMO DÍA
[2026-09-29 10:41:24] 240: 3/4 variables -> HRa med 1h, Ll acu 1 h, Ta med 1h
[2026-09-29 10:41:26] 241: 3/4 variables -> HRa med 1h, Ll acu 1 h, Ta med 1h
[2026-09-29 10:41:28] 242: 3/4 variables -> HRa med 1h, Ll acu 1 h, Ta med 1h
[2026-09-29 10:41:29] 243: 3/4 variables -> HRa med 1h, Ll acu 1 h, Ta med 1h
[2026-09-29 10:41:31] 244: 3/4 variables -> HRa med 1h, Ll acu 1 h, Ta med 1h
[2026-09-29 10:41:33] 245: 3/4 variables -> HRa med 1h, Ll acu 1 h, Ta med 1h
[2026-09-29 10:41:35] 246: 3/4 variables -> HRa med 1h, Ll acu 1 h, Ta med 1h
[2026-09-29 10:41:36] 247: 3/4 variables -> HRa med 1h, Ll acu 1 h, Ta med 1h
[2026-09-29 10:41:37] 215: histórico actualizado -> 145 filas
[2026-09-29 10:41:37] 216: histórico actualizado -> 110 filas
[2026-09-29 10:41:37] 217: histórico actualizado -> 144 filas
[2026-09-29 10:41:37] 218: histórico actualizado -> 146 filas
[2026-09-29 10:41:37] 220: histórico actualizado -> 144 filas
[2026-09-29 10:41:37] 221: histórico actualizado -> 289 filas
[2026-09-29 10:41:37] 223: histórico actualizado -> 282 filas
[2026-09-29 10:41:37] 225: histórico actualizado -> 277 filas
[2026-09-29 10:41:37] 226: histórico actualizado -> 278 filas
[2026-09-29 10:41:37] 227: histórico actualizado -> 283 filas
[2026-09-29 10:41:37] 228: histórico actualizado -> 275 filas
[2026-09-29 10:41:37] 229: histórico actualizado -> 281 filas
[2026-09-29 10:41:37] 231: histórico actualizado -> 281 filas
[2026-09-29 10:41:38] 232: histórico actualizado -> 261 filas
[2026-09-29 10:41:38] 234: histórico actualizado -> 265 filas
[2026-09-29 10:41:38] 235: histórico actualizado -> 237 filas
[2026-09-29 10:41:38] 236: histórico actualizado -> 280 filas
[2026-09-29 10:41:38] 238: histórico actualizado -> 283 filas
[2026-09-29 10:41:38] 240: histórico actualizado -> 243 filas
[2026-09-29 10:41:38] 241: histórico actualizado -> 131 filas
[2026-09-29 10:41:38] 242: histórico actualizado -> 236 filas
[2026-09-29 10:41:38] 243: histórico actualizado -> 277 filas
[2026-09-29 10:41:38] 244: histórico actualizado -> 152 filas
[2026-09-29 10:41:38] 245: histórico actualizado -> 209 filas
[2026-09-29 10:41:38] 246: histórico actualizado -> 106 filas
[2026-09-29 10:41:38] 247: histórico actualizado -> 204 filas
[2026-09-29 10:41:38] Catálogo actualizado: 32 estaciones
[2026-09-29 10:41:38] FIN DEL PROCESO - 93.1 segundos
[2026-09-29 11:40:04] INICIO DEL PROCESO
[2026-09-29 11:40:04] Abriendo página de login...
[2026-09-29 11:40:04] Realizando login...
[2026-09-29 11:40:05] LOGIN OK -> https://polaris.adrtecnology.com/gis/map
[2026-09-29 11:40:05] Estaciones conservadas del catálogo histórico: 32
[2026-09-29 11:40:05] Estaciones obtenidas desde viewer: 20
[2026-09-29 11:40:07] Estaciones obtenidas directamente desde GIS: 32
[2026-09-29 11:40:07] 200: SIN DATOS EN EL ÚLTIMO DÍA
[2026-09-29 11:40:08] 215: 1/4 variables -> Ll acu 1 h
[2026-09-29 11:40:08] 216: 3/4 variables -> HRa med 1h, Ll acu 1 h, Ta med 1h
[2026-09-29 11:40:08] 217: 3/4 variables -> HRa med 1h, Ll acu 1 h, Ta med 1h
[2026-09-29 11:40:09] 218: 2/4 variables -> Ll acu 1 h, Ta med 1h
[2026-09-29 11:40:10] 220: 1/4 variables -> PP Acc (1h)
[2026-09-29 11:40:10] 221: 3/4 variables -> HRa med 1h, Ll acu 1 h, Ta med 1h
[2026-09-29 11:40:11] 223: 3/4 variables -> HRa med 1h, Ll acu 1 h, Ta med 1h
[2026-09-29 11:40:11] 224: SIN DATOS EN EL ÚLTIMO DÍA
[2026-09-29 11:40:12] 225: 3/4 variables -> HRa med 1h, Ll acu 1 h, Ta med 1h
[2026-09-29 11:40:12] 226: 3/4 variables -> HRa med 1h, Ll acu 1 h, Ta med 1h
[2026-09-29 11:40:13] 227: 3/4 variables -> HRa med 1h, Ll acu 1 h, Ta med 1h
[2026-09-29 11:40:14] 228: 3/4 variables -> HRa med 1h, Ll acu 1 h, Ta med 1h
[2026-09-29 11:40:14] 229: 3/4 variables -> HRa med 1h, Ll acu 1 h, Ta med 1h
[2026-09-29 11:40:15] 230: SIN DATOS EN EL ÚLTIMO DÍA
[2026-09-29 11:40:15] 231: 3/4 variables -> HRa med 1h, Ll acu 1 h, Ta med 1h
[2026-09-29 11:40:16] 232: 3/4 variables -> HRa med 1h, Ll acu 1 h, Ta med 1h
[2026-09-29 11:40:16] 233: SIN DATOS EN EL ÚLTIMO DÍA
[2026-09-29 11:40:17] 234: 3/4 variables -> HRa med 1h, Ll acu 1 h, Ta med 1h
[2026-09-29 11:40:17] 235: 3/4 variables -> HRa med 1h, Ll acu 1 h, Ta med 1h
[2026-09-29 11:40:18] 236: 3/4 variables -> HRa med 1h, Ll acu 1 h, Ta med 1h
[2026-09-29 11:40:18] 237: SIN DATOS EN EL ÚLTIMO DÍA
[2026-09-29 11:40:19] 238: 3/4 variables -> HRa med 1h, Ll acu 1 h, Ta med 1h
[2026-09-29 11:40:20] 239: SIN DATOS EN EL ÚLTIMO DÍA
[2026-09-29 11:40:20] 240: 3/4 variables -> HRa med 1h, Ll acu 1 h, Ta med 1h
[2026-09-29 11:40:21] 241: 3/4 variables -> HRa med 1h, Ll acu 1 h, Ta med 1h
[2026-09-29 11:40:21] 242: 3/4 variables -> HRa med 1h, Ll acu 1 h, Ta med 1h
[2026-09-29 11:40:22] 243: 3/4 variables -> HRa med 1h, Ll acu 1 h, Ta med 1h
[2026-09-29 11:40:23] 244: 3/4 variables -> HRa med 1h, Ll acu 1 h, Ta med 1h
[2026-09-29 11:40:23] 245: 3/4 variables -> HRa med 1h, Ll acu 1 h, Ta med 1h
[2026-09-29 11:40:24] 246: 3/4 variables -> HRa med 1h, Ll acu 1 h, Ta med 1h
[2026-09-29 11:40:24] 247: 3/4 variables -> HRa med 1h, Ll acu 1 h, Ta med 1h
[2026-09-29 11:40:25] 215: histórico actualizado -> 146 filas
[2026-09-29 11:40:25] 216: histórico actualizado -> 111 filas
[2026-09-29 11:40:25] 217: histórico actualizado -> 145 filas
[2026-09-29 11:40:25] 218: histórico actualizado -> 147 filas
[2026-09-29 11:40:25] 220: histórico actualizado -> 145 filas
[2026-09-29 11:40:25] 221: histórico actualizado -> 291 filas
[2026-09-29 11:40:25] 223: histórico actualizado -> 282 filas
[2026-09-29 11:40:25] 225: histórico actualizado -> 279 filas
[2026-09-29 11:40:25] 226: histórico actualizado -> 280 filas
[2026-09-29 11:40:25] 227: histórico actualizado -> 285 filas
[2026-09-29 11:40:25] 228: histórico actualizado -> 277 filas
[2026-09-29 11:40:25] 229: histórico actualizado -> 283 filas
[2026-09-29 11:40:25] 231: histórico actualizado -> 283 filas
[2026-09-29 11:40:25] 232: histórico actualizado -> 263 filas
[2026-09-29 11:40:25] 234: histórico actualizado -> 267 filas
[2026-09-29 11:40:25] 235: histórico actualizado -> 237 filas
[2026-09-29 11:40:25] 236: histórico actualizado -> 282 filas
[2026-09-29 11:40:25] 238: histórico actualizado -> 285 filas
[2026-09-29 11:40:25] 240: histórico actualizado -> 245 filas
[2026-09-29 11:40:26] 241: histórico actualizado -> 133 filas
[2026-09-29 11:40:26] 242: histórico actualizado -> 238 filas
[2026-09-29 11:40:26] 243: histórico actualizado -> 279 filas
[2026-09-29 11:40:26] 244: histórico actualizado -> 154 filas
[2026-09-29 11:40:26] 245: histórico actualizado -> 211 filas
[2026-09-29 11:40:26] 246: histórico actualizado -> 107 filas
[2026-09-29 11:40:26] 247: histórico actualizado -> 206 filas
[2026-09-29 11:40:26] Catálogo actualizado: 32 estaciones
[2026-09-29 11:40:26] FIN DEL PROCESO - 22.3 segundos
[2026-09-29 12:40:06] INICIO DEL PROCESO
[2026-09-29 12:40:06] Abriendo página de login...
[2026-09-29 12:40:06] Realizando login...
[2026-09-29 12:40:07] LOGIN OK -> https://polaris.adrtecnology.com/gis/map
[2026-09-29 12:40:07] Estaciones conservadas del catálogo histórico: 32
[2026-09-29 12:40:07] Estaciones obtenidas desde viewer: 20
[2026-09-29 12:40:09] Estaciones obtenidas directamente desde GIS: 32
[2026-09-29 12:40:09] 200: SIN DATOS EN EL ÚLTIMO DÍA
[2026-09-29 12:40:09] 215: 1/4 variables -> Ll acu 1 h
[2026-09-29 12:40:10] 216: 3/4 variables -> HRa med 1h, Ll acu 1 h, Ta med 1h
[2026-09-29 12:40:10] 217: 3/4 variables -> HRa med 1h, Ll acu 1 h, Ta med 1h
[2026-09-29 12:40:11] 218: 2/4 variables -> Ll acu 1 h, Ta med 1h
[2026-09-29 12:40:11] 220: 1/4 variables -> PP Acc (1h)
[2026-09-29 12:40:12] 221: 3/4 variables -> HRa med 1h, Ll acu 1 h, Ta med 1h
[2026-09-29 12:40:13] 223: 3/4 variables -> HRa med 1h, Ll acu 1 h, Ta med 1h
[2026-09-29 12:40:13] 224: SIN DATOS EN EL ÚLTIMO DÍA
[2026-09-29 12:40:14] 225: 3/4 variables -> HRa med 1h, Ll acu 1 h, Ta med 1h
[2026-09-29 12:40:15] 226: 3/4 variables -> HRa med 1h, Ll acu 1 h, Ta med 1h
[2026-09-29 12:40:15] 227: 3/4 variables -> HRa med 1h, Ll acu 1 h, Ta med 1h
[2026-09-29 12:40:16] 228: 3/4 variables -> HRa med 1h, Ll acu 1 h, Ta med 1h
[2026-09-29 12:40:16] 229: 3/4 variables -> HRa med 1h, Ll acu 1 h, Ta med 1h
[2026-09-29 12:40:17] 230: SIN DATOS EN EL ÚLTIMO DÍA
[2026-09-29 12:40:17] 231: 3/4 variables -> HRa med 1h, Ll acu 1 h, Ta med 1h
[2026-09-29 12:40:18] 232: 3/4 variables -> HRa med 1h, Ll acu 1 h, Ta med 1h
[2026-09-29 12:40:18] 233: SIN DATOS EN EL ÚLTIMO DÍA
[2026-09-29 12:40:19] 234: 3/4 variables -> HRa med 1h, Ll acu 1 h, Ta med 1h
[2026-09-29 12:40:19] 235: 3/4 variables -> HRa med 1h, Ll acu 1 h, Ta med 1h
[2026-09-29 12:40:20] 236: 3/4 variables -> HRa med 1h, Ll acu 1 h, Ta med 1h
[2026-09-29 12:40:20] 237: SIN DATOS EN EL ÚLTIMO DÍA
[2026-09-29 12:40:21] 238: 3/4 variables -> HRa med 1h, Ll acu 1 h, Ta med 1h
[2026-09-29 12:40:21] 239: SIN DATOS EN EL ÚLTIMO DÍA
[2026-09-29 12:40:22] 240: 3/4 variables -> HRa med 1h, Ll acu 1 h, Ta med 1h
[2026-09-29 12:40:23] 241: 3/4 variables -> HRa med 1h, Ll acu 1 h, Ta med 1h
[2026-09-29 12:40:23] 242: 3/4 variables -> HRa med 1h, Ll acu 1 h, Ta med 1h
[2026-09-29 12:40:24] 243: 3/4 variables -> HRa med 1h, Ll acu 1 h, Ta med 1h
[2026-09-29 12:40:24] 244: 3/4 variables -> HRa med 1h, Ll acu 1 h, Ta med 1h
[2026-09-29 12:40:25] 245: 3/4 variables -> HRa med 1h, Ll acu 1 h, Ta med 1h
[2026-09-29 12:40:25] 246: 3/4 variables -> HRa med 1h, Ll acu 1 h, Ta med 1h
[2026-09-29 12:40:26] 247: 3/4 variables -> HRa med 1h, Ll acu 1 h, Ta med 1h
[2026-09-29 12:40:26] 215: histórico actualizado -> 147 filas
[2026-09-29 12:40:26] 216: histórico actualizado -> 112 filas
[2026-09-29 12:40:26] 217: histórico actualizado -> 146 filas
[2026-09-29 12:40:26] 218: histórico actualizado -> 148 filas
[2026-09-29 12:40:26] 220: histórico actualizado -> 146 filas
[2026-09-29 12:40:26] 221: histórico actualizado -> 293 filas
[2026-09-29 12:40:26] 223: histórico actualizado -> 284 filas
[2026-09-29 12:40:26] 225: histórico actualizado -> 281 filas
[2026-09-29 12:40:27] 226: histórico actualizado -> 282 filas
[2026-09-29 12:40:27] 227: histórico actualizado -> 287 filas
[2026-09-29 12:40:27] 228: histórico actualizado -> 279 filas
[2026-09-29 12:40:27] 229: histórico actualizado -> 285 filas
[2026-09-29 12:40:27] 231: histórico actualizado -> 285 filas
[2026-09-29 12:40:27] 232: histórico actualizado -> 265 filas
[2026-09-29 12:40:27] 234: histórico actualizado -> 269 filas
[2026-09-29 12:40:27] 235: histórico actualizado -> 239 filas
[2026-09-29 12:40:27] 236: histórico actualizado -> 284 filas
[2026-09-29 12:40:27] 238: histórico actualizado -> 287 filas
[2026-09-29 12:40:27] 240: histórico actualizado -> 247 filas
[2026-09-29 12:40:27] 241: histórico actualizado -> 134 filas
[2026-09-29 12:40:27] 242: histórico actualizado -> 240 filas
[2026-09-29 12:40:28] 243: histórico actualizado -> 281 filas
[2026-09-29 12:40:28] 244: histórico actualizado -> 156 filas
[2026-09-29 12:40:28] 245: histórico actualizado -> 213 filas
[2026-09-29 12:40:28] 246: histórico actualizado -> 108 filas
[2026-09-29 12:40:28] 247: histórico actualizado -> 207 filas
[2026-09-29 12:40:28] Catálogo actualizado: 32 estaciones
[2026-09-29 12:40:28] FIN DEL PROCESO - 22.1 segundos
[2026-09-29 13:40:04] INICIO DEL PROCESO
[2026-09-29 13:40:04] Abriendo página de login...
[2026-09-29 13:40:05] Realizando login...
[2026-09-29 13:40:05] LOGIN OK -> https://polaris.adrtecnology.com/gis/map
[2026-09-29 13:40:05] Estaciones conservadas del catálogo histórico: 32
[2026-09-29 13:40:05] Estaciones obtenidas desde viewer: 20
[2026-09-29 13:40:07] Estaciones obtenidas directamente desde GIS: 32
[2026-09-29 13:40:07] 200: estación con datos, pero sin las variables seleccionadas
[2026-09-29 13:40:08] 215: 1/4 variables -> Ll acu 1 h
[2026-09-29 13:40:08] 216: 3/4 variables -> HRa med 1h, Ll acu 1 h, Ta med 1h
[2026-09-29 13:40:09] 217: 3/4 variables -> HRa med 1h, Ll acu 1 h, Ta med 1h
[2026-09-29 13:40:09] 218: 2/4 variables -> Ll acu 1 h, Ta med 1h
[2026-09-29 13:40:10] 220: 1/4 variables -> PP Acc (1h)
[2026-09-29 13:40:10] 221: 3/4 variables -> HRa med 1h, Ll acu 1 h, Ta med 1h
[2026-09-29 13:40:11] 223: 3/4 variables -> HRa med 1h, Ll acu 1 h, Ta med 1h
[2026-09-29 13:40:11] 224: SIN DATOS EN EL ÚLTIMO DÍA
[2026-09-29 13:40:12] 225: 3/4 variables -> HRa med 1h, Ll acu 1 h, Ta med 1h
[2026-09-29 13:40:12] 226: 3/4 variables -> HRa med 1h, Ll acu 1 h, Ta med 1h
[2026-09-29 13:40:13] 227: 3/4 variables -> HRa med 1h, Ll acu 1 h, Ta med 1h
[2026-09-29 13:40:14] 228: 3/4 variables -> HRa med 1h, Ll acu 1 h, Ta med 1h
[2026-09-29 13:40:14] 229: 3/4 variables -> HRa med 1h, Ll acu 1 h, Ta med 1h
[2026-09-29 13:40:15] 230: SIN DATOS EN EL ÚLTIMO DÍA
[2026-09-29 13:40:15] 231: 3/4 variables -> HRa med 1h, Ll acu 1 h, Ta med 1h
[2026-09-29 13:40:16] 232: 3/4 variables -> HRa med 1h, Ll acu 1 h, Ta med 1h
[2026-09-29 13:40:16] 233: SIN DATOS EN EL ÚLTIMO DÍA
[2026-09-29 13:40:17] 234: 3/4 variables -> HRa med 1h, Ll acu 1 h, Ta med 1h
[2026-09-29 13:40:17] 235: 3/4 variables -> HRa med 1h, Ll acu 1 h, Ta med 1h
[2026-09-29 13:40:18] 236: 3/4 variables -> HRa med 1h, Ll acu 1 h, Ta med 1h
[2026-09-29 13:40:18] 237: SIN DATOS EN EL ÚLTIMO DÍA
[2026-09-29 13:40:19] 238: 3/4 variables -> HRa med 1h, Ll acu 1 h, Ta med 1h
[2026-09-29 13:40:19] 239: SIN DATOS EN EL ÚLTIMO DÍA
[2026-09-29 13:40:20] 240: 3/4 variables -> HRa med 1h, Ll acu 1 h, Ta med 1h
[2026-09-29 13:40:20] 241: 3/4 variables -> HRa med 1h, Ll acu 1 h, Ta med 1h
[2026-09-29 13:40:21] 242: 3/4 variables -> HRa med 1h, Ll acu 1 h, Ta med 1h
[2026-09-29 13:40:21] 243: 3/4 variables -> HRa med 1h, Ll acu 1 h, Ta med 1h
[2026-09-29 13:40:22] 244: 3/4 variables -> HRa med 1h, Ll acu 1 h, Ta med 1h
[2026-09-29 13:40:23] 245: 3/4 variables -> HRa med 1h, Ll acu 1 h, Ta med 1h
[2026-09-29 13:40:23] 246: 3/4 variables -> HRa med 1h, Ll acu 1 h, Ta med 1h
[2026-09-29 13:40:24] 247: 3/4 variables -> HRa med 1h, Ll acu 1 h, Ta med 1h
[2026-09-29 13:40:24] 215: histórico actualizado -> 148 filas
[2026-09-29 13:40:24] 216: histórico actualizado -> 113 filas
[2026-09-29 13:40:24] 217: histórico actualizado -> 147 filas
[2026-09-29 13:40:24] 218: histórico actualizado -> 149 filas
[2026-09-29 13:40:24] 220: histórico actualizado -> 147 filas
[2026-09-29 13:40:24] 221: histórico actualizado -> 295 filas
[2026-09-29 13:40:24] 223: histórico actualizado -> 286 filas
[2026-09-29 13:40:24] 225: histórico actualizado -> 283 filas
[2026-09-29 13:40:24] 226: histórico actualizado -> 284 filas
[2026-09-29 13:40:25] 227: histórico actualizado -> 289 filas
[2026-09-29 13:40:25] 228: histórico actualizado -> 281 filas
[2026-09-29 13:40:25] 229: histórico actualizado -> 287 filas
[2026-09-29 13:40:25] 231: histórico actualizado -> 287 filas
[2026-09-29 13:40:25] 232: histórico actualizado -> 267 filas
[2026-09-29 13:40:25] 234: histórico actualizado -> 271 filas
[2026-09-29 13:40:25] 235: histórico actualizado -> 241 filas
[2026-09-29 13:40:25] 236: histórico actualizado -> 286 filas
[2026-09-29 13:40:25] 238: histórico actualizado -> 289 filas
[2026-09-29 13:40:25] 240: histórico actualizado -> 248 filas
[2026-09-29 13:40:26] 241: histórico actualizado -> 136 filas
[2026-09-29 13:40:26] 242: histórico actualizado -> 242 filas
[2026-09-29 13:40:26] 243: histórico actualizado -> 283 filas
[2026-09-29 13:40:26] 244: histórico actualizado -> 158 filas
[2026-09-29 13:40:26] 245: histórico actualizado -> 215 filas
[2026-09-29 13:40:26] 246: histórico actualizado -> 109 filas
[2026-09-29 13:40:26] 247: histórico actualizado -> 207 filas
[2026-09-29 13:40:26] Catálogo actualizado: 32 estaciones
[2026-09-29 13:40:26] FIN DEL PROCESO - 22.1 segundos
[2026-09-29 14:40:05] INICIO DEL PROCESO
[2026-09-29 14:40:05] Abriendo página de login...
[2026-09-29 14:40:05] Realizando login...
[2026-09-29 14:40:06] LOGIN OK -> https://polaris.adrtecnology.com/gis/map
[2026-09-29 14:40:06] Estaciones conservadas del catálogo histórico: 32
[2026-09-29 14:40:06] Estaciones obtenidas desde viewer: 20
[2026-09-29 14:40:08] Estaciones obtenidas directamente desde GIS: 32
[2026-09-29 14:40:08] 200: estación con datos, pero sin las variables seleccionadas
[2026-09-29 14:40:08] 215: 1/4 variables -> Ll acu 1 h
[2026-09-29 14:40:09] 216: 3/4 variables -> HRa med 1h, Ll acu 1 h, Ta med 1h
[2026-09-29 14:40:09] 217: 3/4 variables -> HRa med 1h, Ll acu 1 h, Ta med 1h
[2026-09-29 14:40:10] 218: 2/4 variables -> Ll acu 1 h, Ta med 1h
[2026-09-29 14:40:10] 220: 1/4 variables -> PP Acc (1h)
[2026-09-29 14:40:11] 221: 3/4 variables -> HRa med 1h, Ll acu 1 h, Ta med 1h
[2026-09-29 14:40:12] 223: 3/4 variables -> HRa med 1h, Ll acu 1 h, Ta med 1h
[2026-09-29 14:40:12] 224: SIN DATOS EN EL ÚLTIMO DÍA
[2026-09-29 14:40:13] 225: 3/4 variables -> HRa med 1h, Ll acu 1 h, Ta med 1h
[2026-09-29 14:40:13] 226: 3/4 variables -> HRa med 1h, Ll acu 1 h, Ta med 1h
[2026-09-29 14:40:14] 227: 3/4 variables -> HRa med 1h, Ll acu 1 h, Ta med 1h
[2026-09-29 14:40:14] 228: 3/4 variables -> HRa med 1h, Ll acu 1 h, Ta med 1h
[2026-09-29 14:40:15] 229: 3/4 variables -> HRa med 1h, Ll acu 1 h, Ta med 1h
[2026-09-29 14:40:15] 230: SIN DATOS EN EL ÚLTIMO DÍA
[2026-09-29 14:40:16] 231: 3/4 variables -> HRa med 1h, Ll acu 1 h, Ta med 1h
[2026-09-29 14:40:16] 232: 3/4 variables -> HRa med 1h, Ll acu 1 h, Ta med 1h
[2026-09-29 14:40:17] 233: SIN DATOS EN EL ÚLTIMO DÍA
[2026-09-29 14:40:17] 234: 3/4 variables -> HRa med 1h, Ll acu 1 h, Ta med 1h
[2026-09-29 14:40:18] 235: 3/4 variables -> HRa med 1h, Ll acu 1 h, Ta med 1h
[2026-09-29 14:40:18] 236: 3/4 variables -> HRa med 1h, Ll acu 1 h, Ta med 1h
[2026-09-29 14:40:19] 237: SIN DATOS EN EL ÚLTIMO DÍA
[2026-09-29 14:40:19] 238: 3/4 variables -> HRa med 1h, Ll acu 1 h, Ta med 1h
[2026-09-29 14:40:20] 239: SIN DATOS EN EL ÚLTIMO DÍA
[2026-09-29 14:40:21] 240: 3/4 variables -> HRa med 1h, Ll acu 1 h, Ta med 1h
[2026-09-29 14:40:21] 241: 3/4 variables -> HRa med 1h, Ll acu 1 h, Ta med 1h
[2026-09-29 14:40:22] 242: 3/4 variables -> HRa med 1h, Ll acu 1 h, Ta med 1h
[2026-09-29 14:40:22] 243: 3/4 variables -> HRa med 1h, Ll acu 1 h, Ta med 1h
[2026-09-29 14:40:23] 244: 3/4 variables -> HRa med 1h, Ll acu 1 h, Ta med 1h
[2026-09-29 14:40:23] 245: 3/4 variables -> HRa med 1h, Ll acu 1 h, Ta med 1h
[2026-09-29 14:40:24] 246: 3/4 variables -> HRa med 1h, Ll acu 1 h, Ta med 1h
[2026-09-29 14:40:24] 247: 3/4 variables -> HRa med 1h, Ll acu 1 h, Ta med 1h
[2026-09-29 14:40:25] 215: histórico actualizado -> 149 filas
[2026-09-29 14:40:25] 216: histórico actualizado -> 113 filas
[2026-09-29 14:40:25] 217: histórico actualizado -> 148 filas
[2026-09-29 14:40:25] 218: histórico actualizado -> 150 filas
[2026-09-29 14:40:25] 220: histórico actualizado -> 148 filas
[2026-09-29 14:40:25] 221: histórico actualizado -> 297 filas
[2026-09-29 14:40:25] 223: histórico actualizado -> 288 filas
[2026-09-29 14:40:25] 225: histórico actualizado -> 285 filas
[2026-09-29 14:40:25] 226: histórico actualizado -> 286 filas
[2026-09-29 14:40:25] 227: histórico actualizado -> 291 filas
[2026-09-29 14:40:25] 228: histórico actualizado -> 283 filas
[2026-09-29 14:40:25] 229: histórico actualizado -> 289 filas
[2026-09-29 14:40:25] 231: histórico actualizado -> 289 filas
[2026-09-29 14:40:26] 232: histórico actualizado -> 269 filas
[2026-09-29 14:40:26] 234: histórico actualizado -> 273 filas
[2026-09-29 14:40:26] 235: histórico actualizado -> 243 filas
[2026-09-29 14:40:26] 236: histórico actualizado -> 288 filas
[2026-09-29 14:40:26] 238: histórico actualizado -> 291 filas
[2026-09-29 14:40:26] 240: histórico actualizado -> 248 filas
[2026-09-29 14:40:26] 241: histórico actualizado -> 136 filas
[2026-09-29 14:40:26] 242: histórico actualizado -> 244 filas
[2026-09-29 14:40:26] 243: histórico actualizado -> 285 filas
[2026-09-29 14:40:26] 244: histórico actualizado -> 160 filas
[2026-09-29 14:40:26] 245: histórico actualizado -> 217 filas
[2026-09-29 14:40:27] 246: histórico actualizado -> 111 filas
[2026-09-29 14:40:27] 247: histórico actualizado -> 207 filas
[2026-09-29 14:40:27] Catálogo actualizado: 32 estaciones
[2026-09-29 14:40:27] FIN DEL PROCESO - 22.1 segundos
[2026-09-29 15:40:05] INICIO DEL PROCESO
[2026-09-29 15:40:05] Abriendo página de login...
[2026-09-29 15:40:06] Realizando login...
[2026-09-29 15:40:06] LOGIN OK -> https://polaris.adrtecnology.com/gis/map
[2026-09-29 15:40:06] Estaciones conservadas del catálogo histórico: 32
[2026-09-29 15:40:07] Estaciones obtenidas desde viewer: 20
[2026-09-29 15:40:08] Estaciones obtenidas directamente desde GIS: 32
[2026-09-29 15:40:09] 200: estación con datos, pero sin las variables seleccionadas
[2026-09-29 15:40:09] 215: 1/4 variables -> Ll acu 1 h
[2026-09-29 15:40:10] 216: 3/4 variables -> HRa med 1h, Ll acu 1 h, Ta med 1h
[2026-09-29 15:40:10] 217: 3/4 variables -> HRa med 1h, Ll acu 1 h, Ta med 1h
[2026-09-29 15:40:11] 218: 2/4 variables -> Ll acu 1 h, Ta med 1h
[2026-09-29 15:40:12] 220: 1/4 variables -> PP Acc (1h)
[2026-09-29 15:40:12] 221: 3/4 variables -> HRa med 1h, Ll acu 1 h, Ta med 1h
[2026-09-29 15:40:13] 223: 3/4 variables -> HRa med 1h, Ll acu 1 h, Ta med 1h
[2026-09-29 15:40:13] 224: SIN DATOS EN EL ÚLTIMO DÍA
[2026-09-29 15:40:14] 225: 3/4 variables -> HRa med 1h, Ll acu 1 h, Ta med 1h
[2026-09-29 15:40:14] 226: 3/4 variables -> HRa med 1h, Ll acu 1 h, Ta med 1h
[2026-09-29 15:40:15] 227: 3/4 variables -> HRa med 1h, Ll acu 1 h, Ta med 1h
[2026-09-29 15:40:15] 228: 3/4 variables -> HRa med 1h, Ll acu 1 h, Ta med 1h
[2026-09-29 15:40:16] 229: 3/4 variables -> HRa med 1h, Ll acu 1 h, Ta med 1h
[2026-09-29 15:40:17] 230: SIN DATOS EN EL ÚLTIMO DÍA
[2026-09-29 15:40:17] 231: 3/4 variables -> HRa med 1h, Ll acu 1 h, Ta med 1h
[2026-09-29 15:40:18] 232: 3/4 variables -> HRa med 1h, Ll acu 1 h, Ta med 1h
[2026-09-29 15:40:18] 233: SIN DATOS EN EL ÚLTIMO DÍA
[2026-09-29 15:40:19] 234: 3/4 variables -> HRa med 1h, Ll acu 1 h, Ta med 1h
[2026-09-29 15:40:19] 235: 3/4 variables -> HRa med 1h, Ll acu 1 h, Ta med 1h
[2026-09-29 15:40:20] 236: 3/4 variables -> HRa med 1h, Ll acu 1 h, Ta med 1h
[2026-09-29 15:40:20] 237: SIN DATOS EN EL ÚLTIMO DÍA
[2026-09-29 15:40:21] 238: 3/4 variables -> HRa med 1h, Ll acu 1 h, Ta med 1h
[2026-09-29 15:40:22] 239: SIN DATOS EN EL ÚLTIMO DÍA
[2026-09-29 15:40:22] 240: 3/4 variables -> HRa med 1h, Ll acu 1 h, Ta med 1h
[2026-09-29 15:40:23] 241: 3/4 variables -> HRa med 1h, Ll acu 1 h, Ta med 1h
[2026-09-29 15:40:23] 242: 3/4 variables -> HRa med 1h, Ll acu 1 h, Ta med 1h
[2026-09-29 15:40:24] 243: 3/4 variables -> HRa med 1h, Ll acu 1 h, Ta med 1h
[2026-09-29 15:40:24] 244: 3/4 variables -> HRa med 1h, Ll acu 1 h, Ta med 1h
[2026-09-29 15:40:25] 245: 3/4 variables -> HRa med 1h, Ll acu 1 h, Ta med 1h
[2026-09-29 15:40:26] 246: 3/4 variables -> HRa med 1h, Ll acu 1 h, Ta med 1h
[2026-09-29 15:40:26] 247: 3/4 variables -> HRa med 1h, Ll acu 1 h, Ta med 1h
[2026-09-29 15:40:26] 215: histórico actualizado -> 150 filas
[2026-09-29 15:40:26] 216: histórico actualizado -> 113 filas
[2026-09-29 15:40:27] 217: histórico actualizado -> 149 filas
[2026-09-29 15:40:27] 218: histórico actualizado -> 151 filas
[2026-09-29 15:40:27] 220: histórico actualizado -> 149 filas
[2026-09-29 15:40:27] 221: histórico actualizado -> 299 filas
[2026-09-29 15:40:27] 223: histórico actualizado -> 290 filas
[2026-09-29 15:40:27] 225: histórico actualizado -> 287 filas
[2026-09-29 15:40:27] 226: histórico actualizado -> 288 filas
[2026-09-29 15:40:27] 227: histórico actualizado -> 293 filas
[2026-09-29 15:40:27] 228: histórico actualizado -> 285 filas
[2026-09-29 15:40:27] 229: histórico actualizado -> 291 filas
[2026-09-29 15:40:27] 231: histórico actualizado -> 291 filas
[2026-09-29 15:40:27] 232: histórico actualizado -> 271 filas
[2026-09-29 15:40:27] 234: histórico actualizado -> 275 filas
[2026-09-29 15:40:27] 235: histórico actualizado -> 245 filas
[2026-09-29 15:40:27] 236: histórico actualizado -> 290 filas
[2026-09-29 15:40:27] 238: histórico actualizado -> 293 filas
[2026-09-29 15:40:28] 240: histórico actualizado -> 250 filas
[2026-09-29 15:40:28] 241: histórico actualizado -> 137 filas
[2026-09-29 15:40:28] 242: histórico actualizado -> 246 filas
[2026-09-29 15:40:28] 243: histórico actualizado -> 287 filas
[2026-09-29 15:40:28] 244: histórico actualizado -> 162 filas
[2026-09-29 15:40:28] 245: histórico actualizado -> 219 filas
[2026-09-29 15:40:28] 246: histórico actualizado -> 112 filas
[2026-09-29 15:40:28] 247: histórico actualizado -> 207 filas
[2026-09-29 15:40:28] Catálogo actualizado: 32 estaciones
[2026-09-29 15:40:28] FIN DEL PROCESO - 22.6 segundos
[2026-09-29 16:40:06] INICIO DEL PROCESO
[2026-09-29 16:40:06] Abriendo página de login...
[2026-09-29 16:40:07] Realizando login...
[2026-09-29 16:40:07] LOGIN OK -> https://polaris.adrtecnology.com/gis/map
[2026-09-29 16:40:07] Estaciones conservadas del catálogo histórico: 32
[2026-09-29 16:40:08] Estaciones obtenidas desde viewer: 20
[2026-09-29 16:40:09] Estaciones obtenidas directamente desde GIS: 32
[2026-09-29 16:40:10] 200: estación con datos, pero sin las variables seleccionadas
[2026-09-29 16:40:10] 215: 1/4 variables -> Ll acu 1 h
[2026-09-29 16:40:11] 216: 3/4 variables -> HRa med 1h, Ll acu 1 h, Ta med 1h
[2026-09-29 16:40:11] 217: 3/4 variables -> HRa med 1h, Ll acu 1 h, Ta med 1h
[2026-09-29 16:40:12] 218: 2/4 variables -> Ll acu 1 h, Ta med 1h
[2026-09-29 16:40:12] 220: 1/4 variables -> PP Acc (1h)
[2026-09-29 16:40:13] 221: 3/4 variables -> HRa med 1h, Ll acu 1 h, Ta med 1h
[2026-09-29 16:40:14] 223: 3/4 variables -> HRa med 1h, Ll acu 1 h, Ta med 1h
[2026-09-29 16:40:14] 224: SIN DATOS EN EL ÚLTIMO DÍA
[2026-09-29 16:40:15] 225: 3/4 variables -> HRa med 1h, Ll acu 1 h, Ta med 1h
[2026-09-29 16:40:15] 226: 3/4 variables -> HRa med 1h, Ll acu 1 h, Ta med 1h
[2026-09-29 16:40:16] 227: 3/4 variables -> HRa med 1h, Ll acu 1 h, Ta med 1h
[2026-09-29 16:40:16] 228: 3/4 variables -> HRa med 1h, Ll acu 1 h, Ta med 1h
[2026-09-29 16:40:17] 229: 3/4 variables -> HRa med 1h, Ll acu 1 h, Ta med 1h
[2026-09-29 16:40:17] 230: SIN DATOS EN EL ÚLTIMO DÍA
[2026-09-29 16:40:18] 231: 3/4 variables -> HRa med 1h, Ll acu 1 h, Ta med 1h
[2026-09-29 16:40:19] 232: 3/4 variables -> HRa med 1h, Ll acu 1 h, Ta med 1h
[2026-09-29 16:40:19] 233: SIN DATOS EN EL ÚLTIMO DÍA
[2026-09-29 16:40:20] 234: 3/4 variables -> HRa med 1h, Ll acu 1 h, Ta med 1h
[2026-09-29 16:40:20] 235: 3/4 variables -> HRa med 1h, Ll acu 1 h, Ta med 1h
[2026-09-29 16:40:21] 236: 3/4 variables -> HRa med 1h, Ll acu 1 h, Ta med 1h
[2026-09-29 16:40:22] 237: SIN DATOS EN EL ÚLTIMO DÍA
[2026-09-29 16:40:22] 238: 3/4 variables -> HRa med 1h, Ll acu 1 h, Ta med 1h
[2026-09-29 16:40:23] 239: SIN DATOS EN EL ÚLTIMO DÍA
[2026-09-29 16:40:23] 240: 3/4 variables -> HRa med 1h, Ll acu 1 h, Ta med 1h
[2026-09-29 16:40:24] 241: 3/4 variables -> HRa med 1h, Ll acu 1 h, Ta med 1h
[2026-09-29 16:40:24] 242: 3/4 variables -> HRa med 1h, Ll acu 1 h, Ta med 1h
[2026-09-29 16:40:25] 243: 3/4 variables -> HRa med 1h, Ll acu 1 h, Ta med 1h
[2026-09-29 16:40:26] 244: 3/4 variables -> HRa med 1h, Ll acu 1 h, Ta med 1h
[2026-09-29 16:40:26] 245: 3/4 variables -> HRa med 1h, Ll acu 1 h, Ta med 1h
[2026-09-29 16:40:27] 246: 3/4 variables -> HRa med 1h, Ll acu 1 h, Ta med 1h
[2026-09-29 16:40:27] 247: 3/4 variables -> HRa med 1h, Ll acu 1 h, Ta med 1h
[2026-09-29 16:40:28] 215: histórico actualizado -> 151 filas
[2026-09-29 16:40:28] 216: histórico actualizado -> 113 filas
[2026-09-29 16:40:28] 217: histórico actualizado -> 150 filas
[2026-09-29 16:40:28] 218: histórico actualizado -> 152 filas
[2026-09-29 16:40:28] 220: histórico actualizado -> 150 filas
[2026-09-29 16:40:28] 221: histórico actualizado -> 301 filas
[2026-09-29 16:40:28] 223: histórico actualizado -> 292 filas
[2026-09-29 16:40:28] 225: histórico actualizado -> 289 filas
[2026-09-29 16:40:28] 226: histórico actualizado -> 290 filas
[2026-09-29 16:40:28] 227: histórico actualizado -> 295 filas
[2026-09-29 16:40:28] 228: histórico actualizado -> 287 filas
[2026-09-29 16:40:28] 229: histórico actualizado -> 293 filas
[2026-09-29 16:40:28] 231: histórico actualizado -> 293 filas
[2026-09-29 16:40:28] 232: histórico actualizado -> 273 filas
[2026-09-29 16:40:28] 234: histórico actualizado -> 277 filas
[2026-09-29 16:40:28] 235: histórico actualizado -> 247 filas
[2026-09-29 16:40:29] 236: histórico actualizado -> 292 filas
[2026-09-29 16:40:29] 238: histórico actualizado -> 295 filas
[2026-09-29 16:40:29] 240: histórico actualizado -> 252 filas
[2026-09-29 16:40:29] 241: histórico actualizado -> 138 filas
[2026-09-29 16:40:29] 242: histórico actualizado -> 248 filas
[2026-09-29 16:40:29] 243: histórico actualizado -> 289 filas
[2026-09-29 16:40:29] 244: histórico actualizado -> 164 filas
[2026-09-29 16:40:29] 245: histórico actualizado -> 221 filas
[2026-09-29 16:40:29] 246: histórico actualizado -> 114 filas
[2026-09-29 16:40:29] 247: histórico actualizado -> 207 filas
[2026-09-29 16:40:29] Catálogo actualizado: 32 estaciones
[2026-09-29 16:40:29] FIN DEL PROCESO - 22.8 segundos
[2026-09-29 17:40:07] INICIO DEL PROCESO
[2026-09-29 17:40:07] Abriendo página de login...
[2026-09-29 17:40:08] Realizando login...
[2026-09-29 17:40:08] LOGIN OK -> https://polaris.adrtecnology.com/gis/map
[2026-09-29 17:40:08] Estaciones conservadas del catálogo histórico: 32
[2026-09-29 17:40:09] Estaciones obtenidas desde viewer: 20
[2026-09-29 17:40:10] Estaciones obtenidas directamente desde GIS: 32
[2026-09-29 17:40:11] 200: estación con datos, pero sin las variables seleccionadas
[2026-09-29 17:40:11] 215: 1/4 variables -> Ll acu 1 h
[2026-09-29 17:40:12] 216: 3/4 variables -> HRa med 1h, Ll acu 1 h, Ta med 1h
[2026-09-29 17:40:12] 217: 3/4 variables -> HRa med 1h, Ll acu 1 h, Ta med 1h
[2026-09-29 17:40:13] 218: 2/4 variables -> Ll acu 1 h, Ta med 1h
[2026-09-29 17:40:13] 220: 1/4 variables -> PP Acc (1h)
[2026-09-29 17:40:14] 221: 3/4 variables -> HRa med 1h, Ll acu 1 h, Ta med 1h
[2026-09-29 17:40:15] 223: 3/4 variables -> HRa med 1h, Ll acu 1 h, Ta med 1h
[2026-09-29 17:40:15] 224: SIN DATOS EN EL ÚLTIMO DÍA
[2026-09-29 17:40:16] 225: 3/4 variables -> HRa med 1h, Ll acu 1 h, Ta med 1h
[2026-09-29 17:40:16] 226: 3/4 variables -> HRa med 1h, Ll acu 1 h, Ta med 1h
[2026-09-29 17:40:17] 227: 3/4 variables -> HRa med 1h, Ll acu 1 h, Ta med 1h
[2026-09-29 17:40:17] 228: 3/4 variables -> HRa med 1h, Ll acu 1 h, Ta med 1h
[2026-09-29 17:40:18] 229: 3/4 variables -> HRa med 1h, Ll acu 1 h, Ta med 1h
[2026-09-29 17:40:18] 230: SIN DATOS EN EL ÚLTIMO DÍA
[2026-09-29 17:40:19] 231: 3/4 variables -> HRa med 1h, Ll acu 1 h, Ta med 1h
[2026-09-29 17:40:20] 232: 3/4 variables -> HRa med 1h, Ll acu 1 h, Ta med 1h
[2026-09-29 17:40:20] 233: SIN DATOS EN EL ÚLTIMO DÍA
[2026-09-29 17:40:21] 234: 3/4 variables -> HRa med 1h, Ll acu 1 h, Ta med 1h
[2026-09-29 17:40:21] 235: 3/4 variables -> HRa med 1h, Ll acu 1 h, Ta med 1h
[2026-09-29 17:40:22] 236: 3/4 variables -> HRa med 1h, Ll acu 1 h, Ta med 1h
[2026-09-29 17:40:22] 237: SIN DATOS EN EL ÚLTIMO DÍA
[2026-09-29 17:40:23] 238: 3/4 variables -> HRa med 1h, Ll acu 1 h, Ta med 1h
[2026-09-29 17:40:23] 239: SIN DATOS EN EL ÚLTIMO DÍA
[2026-09-29 17:40:24] 240: 3/4 variables -> HRa med 1h, Ll acu 1 h, Ta med 1h
[2026-09-29 17:40:24] 241: 3/4 variables -> HRa med 1h, Ll acu 1 h, Ta med 1h
[2026-09-29 17:40:25] 242: 3/4 variables -> HRa med 1h, Ll acu 1 h, Ta med 1h
[2026-09-29 17:40:26] 243: 3/4 variables -> HRa med 1h, Ll acu 1 h, Ta med 1h
[2026-09-29 17:40:26] 244: 3/4 variables -> HRa med 1h, Ll acu 1 h, Ta med 1h
[2026-09-29 17:40:27] 245: 3/4 variables -> HRa med 1h, Ll acu 1 h, Ta med 1h
[2026-09-29 17:40:27] 246: 3/4 variables -> HRa med 1h, Ll acu 1 h, Ta med 1h
[2026-09-29 17:40:28] 247: 3/4 variables -> HRa med 1h, Ll acu 1 h, Ta med 1h
[2026-09-29 17:40:28] 215: histórico actualizado -> 152 filas
[2026-09-29 17:40:28] 216: histórico actualizado -> 113 filas
[2026-09-29 17:40:28] 217: histórico actualizado -> 151 filas
[2026-09-29 17:40:28] 218: histórico actualizado -> 153 filas
[2026-09-29 17:40:28] 220: histórico actualizado -> 151 filas
[2026-09-29 17:40:28] 221: histórico actualizado -> 303 filas
[2026-09-29 17:40:28] 223: histórico actualizado -> 294 filas
[2026-09-29 17:40:29] 225: histórico actualizado -> 291 filas
[2026-09-29 17:40:29] 226: histórico actualizado -> 292 filas
[2026-09-29 17:40:29] 227: histórico actualizado -> 297 filas
[2026-09-29 17:40:29] 228: histórico actualizado -> 289 filas
[2026-09-29 17:40:29] 229: histórico actualizado -> 295 filas
[2026-09-29 17:40:29] 231: histórico actualizado -> 295 filas
[2026-09-29 17:40:29] 232: histórico actualizado -> 275 filas
[2026-09-29 17:40:29] 234: histórico actualizado -> 279 filas
[2026-09-29 17:40:29] 235: histórico actualizado -> 249 filas
[2026-09-29 17:40:29] 236: histórico actualizado -> 294 filas
[2026-09-29 17:40:29] 238: histórico actualizado -> 297 filas
[2026-09-29 17:40:29] 240: histórico actualizado -> 254 filas
[2026-09-29 17:40:29] 241: histórico actualizado -> 140 filas
[2026-09-29 17:40:29] 242: histórico actualizado -> 248 filas
[2026-09-29 17:40:29] 243: histórico actualizado -> 291 filas
[2026-09-29 17:40:29] 244: histórico actualizado -> 166 filas
[2026-09-29 17:40:29] 245: histórico actualizado -> 223 filas
[2026-09-29 17:40:29] 246: histórico actualizado -> 116 filas
[2026-09-29 17:40:30] 247: histórico actualizado -> 207 filas
[2026-09-29 17:40:30] Catálogo actualizado: 32 estaciones
[2026-09-29 17:40:30] FIN DEL PROCESO - 22.4 segundos
[2026-09-29 18:40:05] INICIO DEL PROCESO
[2026-09-29 18:40:05] Abriendo página de login...
[2026-09-29 18:40:05] Realizando login...
[2026-09-29 18:40:06] LOGIN OK -> https://polaris.adrtecnology.com/gis/map
[2026-09-29 18:40:06] Estaciones conservadas del catálogo histórico: 32
[2026-09-29 18:40:06] Estaciones obtenidas desde viewer: 20
[2026-09-29 18:40:08] Estaciones obtenidas directamente desde GIS: 32
[2026-09-29 18:40:08] 200: estación con datos, pero sin las variables seleccionadas
[2026-09-29 18:40:09] 215: 1/4 variables -> Ll acu 1 h
[2026-09-29 18:40:09] 216: 3/4 variables -> HRa med 1h, Ll acu 1 h, Ta med 1h
[2026-09-29 18:40:10] 217: 3/4 variables -> HRa med 1h, Ll acu 1 h, Ta med 1h
[2026-09-29 18:40:11] 218: 2/4 variables -> Ll acu 1 h, Ta med 1h
[2026-09-29 18:40:11] 220: 1/4 variables -> PP Acc (1h)
[2026-09-29 18:40:12] 221: 3/4 variables -> HRa med 1h, Ll acu 1 h, Ta med 1h
[2026-09-29 18:40:12] 223: 3/4 variables -> HRa med 1h, Ll acu 1 h, Ta med 1h
[2026-09-29 18:40:13] 224: SIN DATOS EN EL ÚLTIMO DÍA
[2026-09-29 18:40:14] 225: 3/4 variables -> HRa med 1h, Ll acu 1 h, Ta med 1h
[2026-09-29 18:40:14] 226: 3/4 variables -> HRa med 1h, Ll acu 1 h, Ta med 1h
[2026-09-29 18:40:15] 227: 3/4 variables -> HRa med 1h, Ll acu 1 h, Ta med 1h
[2026-09-29 18:40:15] 228: 3/4 variables -> HRa med 1h, Ll acu 1 h, Ta med 1h
[2026-09-29 18:40:16] 229: 3/4 variables -> HRa med 1h, Ll acu 1 h, Ta med 1h
[2026-09-29 18:40:16] 230: SIN DATOS EN EL ÚLTIMO DÍA
[2026-09-29 18:40:17] 231: 3/4 variables -> HRa med 1h, Ll acu 1 h, Ta med 1h
[2026-09-29 18:40:17] 232: 3/4 variables -> HRa med 1h, Ll acu 1 h, Ta med 1h
[2026-09-29 18:40:18] 233: SIN DATOS EN EL ÚLTIMO DÍA
[2026-09-29 18:40:19] 234: 3/4 variables -> HRa med 1h, Ll acu 1 h, Ta med 1h
[2026-09-29 18:40:19] 235: 3/4 variables -> HRa med 1h, Ll acu 1 h, Ta med 1h
[2026-09-29 18:40:20] 236: 3/4 variables -> HRa med 1h, Ll acu 1 h, Ta med 1h
[2026-09-29 18:40:20] 237: SIN DATOS EN EL ÚLTIMO DÍA
[2026-09-29 18:40:21] 238: 3/4 variables -> HRa med 1h, Ll acu 1 h, Ta med 1h
[2026-09-29 18:40:21] 239: SIN DATOS EN EL ÚLTIMO DÍA
[2026-09-29 18:40:22] 240: 3/4 variables -> HRa med 1h, Ll acu 1 h, Ta med 1h
[2026-09-29 18:40:22] 241: 3/4 variables -> HRa med 1h, Ll acu 1 h, Ta med 1h
[2026-09-29 18:40:23] 242: 3/4 variables -> HRa med 1h, Ll acu 1 h, Ta med 1h
[2026-09-29 18:40:24] 243: 3/4 variables -> HRa med 1h, Ll acu 1 h, Ta med 1h
[2026-09-29 18:40:24] 244: 3/4 variables -> HRa med 1h, Ll acu 1 h, Ta med 1h
[2026-09-29 18:40:25] 245: 3/4 variables -> HRa med 1h, Ll acu 1 h, Ta med 1h
[2026-09-29 18:40:25] 246: 3/4 variables -> HRa med 1h, Ll acu 1 h, Ta med 1h
[2026-09-29 18:40:26] 247: 3/4 variables -> HRa med 1h, Ll acu 1 h, Ta med 1h
[2026-09-29 18:40:26] 215: histórico actualizado -> 153 filas
[2026-09-29 18:40:26] 216: histórico actualizado -> 114 filas
[2026-09-29 18:40:26] 217: histórico actualizado -> 152 filas
[2026-09-29 18:40:26] 218: histórico actualizado -> 154 filas
[2026-09-29 18:40:26] 220: histórico actualizado -> 152 filas
[2026-09-29 18:40:26] 221: histórico actualizado -> 305 filas
[2026-09-29 18:40:26] 223: histórico actualizado -> 296 filas
[2026-09-29 18:40:27] 225: histórico actualizado -> 293 filas
[2026-09-29 18:40:27] 226: histórico actualizado -> 294 filas
[2026-09-29 18:40:27] 227: histórico actualizado -> 299 filas
[2026-09-29 18:40:27] 228: histórico actualizado -> 291 filas
[2026-09-29 18:40:27] 229: histórico actualizado -> 297 filas
[2026-09-29 18:40:27] 231: histórico actualizado -> 297 filas
[2026-09-29 18:40:27] 232: histórico actualizado -> 277 filas
[2026-09-29 18:40:27] 234: histórico actualizado -> 281 filas
[2026-09-29 18:40:27] 235: histórico actualizado -> 251 filas
[2026-09-29 18:40:27] 236: histórico actualizado -> 296 filas
[2026-09-29 18:40:27] 238: histórico actualizado -> 299 filas
[2026-09-29 18:40:27] 240: histórico actualizado -> 256 filas
[2026-09-29 18:40:27] 241: histórico actualizado -> 142 filas
[2026-09-29 18:40:27] 242: histórico actualizado -> 250 filas
[2026-09-29 18:40:27] 243: histórico actualizado -> 293 filas
[2026-09-29 18:40:27] 244: histórico actualizado -> 168 filas
[2026-09-29 18:40:27] 245: histórico actualizado -> 225 filas
[2026-09-29 18:40:28] 246: histórico actualizado -> 118 filas
[2026-09-29 18:40:28] 247: histórico actualizado -> 207 filas
[2026-09-29 18:40:28] Catálogo actualizado: 32 estaciones
[2026-09-29 18:40:28] FIN DEL PROCESO - 22.7 segundos
[2026-09-29 19:40:06] INICIO DEL PROCESO
[2026-09-29 19:40:06] Abriendo página de login...
[2026-09-29 19:40:07] Realizando login...
[2026-09-29 19:40:07] LOGIN OK -> https://polaris.adrtecnology.com/gis/map
[2026-09-29 19:40:07] Estaciones conservadas del catálogo histórico: 32
[2026-09-29 19:40:08] Estaciones obtenidas desde viewer: 20
[2026-09-29 19:40:10] Estaciones obtenidas directamente desde GIS: 32
[2026-09-29 19:40:11] 200: estación con datos, pero sin las variables seleccionadas
[2026-09-29 19:40:11] 215: 1/4 variables -> Ll acu 1 h
[2026-09-29 19:40:12] 216: 3/4 variables -> HRa med 1h, Ll acu 1 h, Ta med 1h
[2026-09-29 19:40:12] 217: 3/4 variables -> HRa med 1h, Ll acu 1 h, Ta med 1h
[2026-09-29 19:40:13] 218: 2/4 variables -> Ll acu 1 h, Ta med 1h
[2026-09-29 19:40:13] 220: 1/4 variables -> PP Acc (1h)
[2026-09-29 19:40:14] 221: 3/4 variables -> HRa med 1h, Ll acu 1 h, Ta med 1h
[2026-09-29 19:40:14] 223: 3/4 variables -> HRa med 1h, Ll acu 1 h, Ta med 1h
[2026-09-29 19:40:15] 224: SIN DATOS EN EL ÚLTIMO DÍA
[2026-09-29 19:40:15] 225: 3/4 variables -> HRa med 1h, Ll acu 1 h, Ta med 1h
[2026-09-29 19:40:16] 226: 3/4 variables -> HRa med 1h, Ll acu 1 h, Ta med 1h
[2026-09-29 19:40:17] 227: 3/4 variables -> HRa med 1h, Ll acu 1 h, Ta med 1h
[2026-09-29 19:40:17] 228: 3/4 variables -> HRa med 1h, Ll acu 1 h, Ta med 1h
[2026-09-29 19:40:18] 229: 3/4 variables -> HRa med 1h, Ll acu 1 h, Ta med 1h
[2026-09-29 19:40:18] 230: SIN DATOS EN EL ÚLTIMO DÍA
[2026-09-29 19:40:19] 231: 3/4 variables -> HRa med 1h, Ll acu 1 h, Ta med 1h
[2026-09-29 19:40:19] 232: 3/4 variables -> HRa med 1h, Ll acu 1 h, Ta med 1h
[2026-09-29 19:40:20] 233: SIN DATOS EN EL ÚLTIMO DÍA
[2026-09-29 19:40:21] 234: 3/4 variables -> HRa med 1h, Ll acu 1 h, Ta med 1h
[2026-09-29 19:40:21] 235: 3/4 variables -> HRa med 1h, Ll acu 1 h, Ta med 1h
[2026-09-29 19:40:22] 236: 3/4 variables -> HRa med 1h, Ll acu 1 h, Ta med 1h
[2026-09-29 19:40:22] 237: SIN DATOS EN EL ÚLTIMO DÍA
[2026-09-29 19:40:23] 238: 3/4 variables -> HRa med 1h, Ll acu 1 h, Ta med 1h
[2026-09-29 19:40:23] 239: SIN DATOS EN EL ÚLTIMO DÍA
[2026-09-29 19:40:24] 240: 3/4 variables -> HRa med 1h, Ll acu 1 h, Ta med 1h
[2026-09-29 19:40:25] 241: 3/4 variables -> HRa med 1h, Ll acu 1 h, Ta med 1h
[2026-09-29 19:40:25] 242: 3/4 variables -> HRa med 1h, Ll acu 1 h, Ta med 1h
[2026-09-29 19:40:26] 243: 3/4 variables -> HRa med 1h, Ll acu 1 h, Ta med 1h
[2026-09-29 19:40:26] 244: 3/4 variables -> HRa med 1h, Ll acu 1 h, Ta med 1h
[2026-09-29 19:40:27] 245: 3/4 variables -> HRa med 1h, Ll acu 1 h, Ta med 1h
[2026-09-29 19:40:28] 246: 3/4 variables -> HRa med 1h, Ll acu 1 h, Ta med 1h
[2026-09-29 19:40:28] 247: 3/4 variables -> HRa med 1h, Ll acu 1 h, Ta med 1h
[2026-09-29 19:40:28] 215: histórico actualizado -> 154 filas
[2026-09-29 19:40:28] 216: histórico actualizado -> 115 filas
[2026-09-29 19:40:29] 217: histórico actualizado -> 153 filas
[2026-09-29 19:40:29] 218: histórico actualizado -> 155 filas
[2026-09-29 19:40:29] 220: histórico actualizado -> 153 filas
[2026-09-29 19:40:29] 221: histórico actualizado -> 307 filas
[2026-09-29 19:40:29] 223: histórico actualizado -> 298 filas
[2026-09-29 19:40:29] 225: histórico actualizado -> 295 filas
[2026-09-29 19:40:29] 226: histórico actualizado -> 296 filas
[2026-09-29 19:40:29] 227: histórico actualizado -> 301 filas
[2026-09-29 19:40:30] 228: histórico actualizado -> 293 filas
[2026-09-29 19:40:30] 229: histórico actualizado -> 299 filas
[2026-09-29 19:40:30] 231: histórico actualizado -> 299 filas
[2026-09-29 19:40:30] 232: histórico actualizado -> 279 filas
[2026-09-29 19:40:30] 234: histórico actualizado -> 283 filas
[2026-09-29 19:40:30] 235: histórico actualizado -> 253 filas
[2026-09-29 19:40:30] 236: histórico actualizado -> 298 filas
[2026-09-29 19:40:30] 238: histórico actualizado -> 301 filas
[2026-09-29 19:40:30] 240: histórico actualizado -> 258 filas
[2026-09-29 19:40:30] 241: histórico actualizado -> 144 filas
[2026-09-29 19:40:30] 242: histórico actualizado -> 250 filas
[2026-09-29 19:40:30] 243: histórico actualizado -> 295 filas
[2026-09-29 19:40:30] 244: histórico actualizado -> 170 filas
[2026-09-29 19:40:30] 245: histórico actualizado -> 227 filas
[2026-09-29 19:40:31] 246: histórico actualizado -> 120 filas
[2026-09-29 19:40:31] 247: histórico actualizado -> 207 filas
[2026-09-29 19:40:31] Catálogo actualizado: 32 estaciones
[2026-09-29 19:40:31] FIN DEL PROCESO - 24.4 segundos
[2026-09-29 20:40:06] INICIO DEL PROCESO
[2026-09-29 20:40:06] Abriendo página de login...
[2026-09-29 20:40:06] Realizando login...
[2026-09-29 20:40:07] LOGIN OK -> https://polaris.adrtecnology.com/gis/map
[2026-09-29 20:40:07] Estaciones conservadas del catálogo histórico: 32
[2026-09-29 20:40:07] Estaciones obtenidas desde viewer: 20
[2026-09-29 20:40:09] Estaciones obtenidas directamente desde GIS: 32
[2026-09-29 20:40:09] 200: estación con datos, pero sin las variables seleccionadas
[2026-09-29 20:40:10] 215: 1/4 variables -> Ll acu 1 h
[2026-09-29 20:40:10] 216: 3/4 variables -> HRa med 1h, Ll acu 1 h, Ta med 1h
[2026-09-29 20:40:11] 217: 3/4 variables -> HRa med 1h, Ll acu 1 h, Ta med 1h
[2026-09-29 20:40:11] 218: 2/4 variables -> Ll acu 1 h, Ta med 1h
[2026-09-29 20:40:12] 220: 1/4 variables -> PP Acc (1h)
[2026-09-29 20:40:12] 221: 3/4 variables -> HRa med 1h, Ll acu 1 h, Ta med 1h
[2026-09-29 20:40:13] 223: 3/4 variables -> HRa med 1h, Ll acu 1 h, Ta med 1h
[2026-09-29 20:40:13] 224: SIN DATOS EN EL ÚLTIMO DÍA
[2026-09-29 20:40:14] 225: 3/4 variables -> HRa med 1h, Ll acu 1 h, Ta med 1h
[2026-09-29 20:40:14] 226: 3/4 variables -> HRa med 1h, Ll acu 1 h, Ta med 1h
[2026-09-29 20:40:15] 227: 3/4 variables -> HRa med 1h, Ll acu 1 h, Ta med 1h
[2026-09-29 20:40:16] 228: 3/4 variables -> HRa med 1h, Ll acu 1 h, Ta med 1h
[2026-09-29 20:40:16] 229: 3/4 variables -> HRa med 1h, Ll acu 1 h, Ta med 1h
[2026-09-29 20:40:17] 230: SIN DATOS EN EL ÚLTIMO DÍA
[2026-09-29 20:40:17] 231: 3/4 variables -> HRa med 1h, Ll acu 1 h, Ta med 1h
[2026-09-29 20:40:18] 232: 3/4 variables -> HRa med 1h, Ll acu 1 h, Ta med 1h
[2026-09-29 20:40:19] 233: SIN DATOS EN EL ÚLTIMO DÍA
[2026-09-29 20:40:19] 234: 3/4 variables -> HRa med 1h, Ll acu 1 h, Ta med 1h
[2026-09-29 20:40:20] 235: 3/4 variables -> HRa med 1h, Ll acu 1 h, Ta med 1h
[2026-09-29 20:40:20] 236: 3/4 variables -> HRa med 1h, Ll acu 1 h, Ta med 1h
[2026-09-29 20:40:21] 237: SIN DATOS EN EL ÚLTIMO DÍA
[2026-09-29 20:40:21] 238: 3/4 variables -> HRa med 1h, Ll acu 1 h, Ta med 1h
[2026-09-29 20:40:22] 239: SIN DATOS EN EL ÚLTIMO DÍA
[2026-09-29 20:40:22] 240: 3/4 variables -> HRa med 1h, Ll acu 1 h, Ta med 1h
[2026-09-29 20:40:23] 241: 3/4 variables -> HRa med 1h, Ll acu 1 h, Ta med 1h
[2026-09-29 20:40:24] 242: 3/4 variables -> HRa med 1h, Ll acu 1 h, Ta med 1h
[2026-09-29 20:40:24] 243: 3/4 variables -> HRa med 1h, Ll acu 1 h, Ta med 1h
[2026-09-29 20:40:25] 244: 3/4 variables -> HRa med 1h, Ll acu 1 h, Ta med 1h
[2026-09-29 20:40:25] 245: 3/4 variables -> HRa med 1h, Ll acu 1 h, Ta med 1h
[2026-09-29 20:40:26] 246: 3/4 variables -> HRa med 1h, Ll acu 1 h, Ta med 1h
[2026-09-29 20:40:26] 247: 3/4 variables -> HRa med 1h, Ll acu 1 h, Ta med 1h
[2026-09-29 20:40:27] 215: histórico actualizado -> 155 filas
[2026-09-29 20:40:27] 216: histórico actualizado -> 116 filas
[2026-09-29 20:40:27] 217: histórico actualizado -> 154 filas
[2026-09-29 20:40:27] 218: histórico actualizado -> 156 filas
[2026-09-29 20:40:27] 220: histórico actualizado -> 154 filas
[2026-09-29 20:40:27] 221: histórico actualizado -> 309 filas
[2026-09-29 20:40:27] 223: histórico actualizado -> 300 filas
[2026-09-29 20:40:27] 225: histórico actualizado -> 297 filas
[2026-09-29 20:40:28] 226: histórico actualizado -> 298 filas
[2026-09-29 20:40:28] 227: histórico actualizado -> 303 filas
[2026-09-29 20:40:28] 228: histórico actualizado -> 295 filas
[2026-09-29 20:40:28] 229: histórico actualizado -> 301 filas
[2026-09-29 20:40:28] 231: histórico actualizado -> 301 filas
[2026-09-29 20:40:28] 232: histórico actualizado -> 281 filas
[2026-09-29 20:40:28] 234: histórico actualizado -> 285 filas
[2026-09-29 20:40:28] 235: histórico actualizado -> 255 filas
[2026-09-29 20:40:29] 236: histórico actualizado -> 300 filas
[2026-09-29 20:40:29] 238: histórico actualizado -> 303 filas
[2026-09-29 20:40:29] 240: histórico actualizado -> 260 filas
[2026-09-29 20:40:29] 241: histórico actualizado -> 146 filas
[2026-09-29 20:40:29] 242: histórico actualizado -> 250 filas
[2026-09-29 20:40:29] 243: histórico actualizado -> 297 filas
[2026-09-29 20:40:29] 244: histórico actualizado -> 172 filas
[2026-09-29 20:40:29] 245: histórico actualizado -> 229 filas
[2026-09-29 20:40:29] 246: histórico actualizado -> 121 filas
[2026-09-29 20:40:29] 247: histórico actualizado -> 207 filas
[2026-09-29 20:40:29] Catálogo actualizado: 32 estaciones
[2026-09-29 20:40:29] FIN DEL PROCESO - 23.6 segundos
[2026-09-29 21:40:06] INICIO DEL PROCESO
[2026-09-29 21:40:06] Abriendo página de login...
[2026-09-29 21:40:06] Realizando login...
[2026-09-29 21:40:07] LOGIN OK -> https://polaris.adrtecnology.com/gis/map
[2026-09-29 21:40:07] Estaciones conservadas del catálogo histórico: 32
[2026-09-29 21:40:07] Estaciones obtenidas desde viewer: 20
[2026-09-29 21:40:09] Estaciones obtenidas directamente desde GIS: 32
[2026-09-29 21:40:09] 200: estación con datos, pero sin las variables seleccionadas
[2026-09-29 21:40:10] 215: 1/4 variables -> Ll acu 1 h
[2026-09-29 21:40:10] 216: 3/4 variables -> HRa med 1h, Ll acu 1 h, Ta med 1h
[2026-09-29 21:40:11] 217: 3/4 variables -> HRa med 1h, Ll acu 1 h, Ta med 1h
[2026-09-29 21:40:11] 218: 2/4 variables -> Ll acu 1 h, Ta med 1h
[2026-09-29 21:40:12] 220: 1/4 variables -> PP Acc (1h)
[2026-09-29 21:40:12] 221: 3/4 variables -> HRa med 1h, Ll acu 1 h, Ta med 1h
[2026-09-29 21:40:13] 223: 3/4 variables -> HRa med 1h, Ll acu 1 h, Ta med 1h
[2026-09-29 21:40:14] 224: SIN DATOS EN EL ÚLTIMO DÍA
[2026-09-29 21:40:14] 225: 3/4 variables -> HRa med 1h, Ll acu 1 h, Ta med 1h
[2026-09-29 21:40:15] 226: 3/4 variables -> HRa med 1h, Ll acu 1 h, Ta med 1h
[2026-09-29 21:40:15] 227: 3/4 variables -> HRa med 1h, Ll acu 1 h, Ta med 1h
[2026-09-29 21:40:16] 228: 3/4 variables -> HRa med 1h, Ll acu 1 h, Ta med 1h
[2026-09-29 21:40:16] 229: 3/4 variables -> HRa med 1h, Ll acu 1 h, Ta med 1h
[2026-09-29 21:40:17] 230: SIN DATOS EN EL ÚLTIMO DÍA
[2026-09-29 21:40:17] 231: 3/4 variables -> HRa med 1h, Ll acu 1 h, Ta med 1h
[2026-09-29 21:40:18] 232: 3/4 variables -> HRa med 1h, Ll acu 1 h, Ta med 1h
[2026-09-29 21:40:19] 233: SIN DATOS EN EL ÚLTIMO DÍA
[2026-09-29 21:40:19] 234: 3/4 variables -> HRa med 1h, Ll acu 1 h, Ta med 1h
[2026-09-29 21:40:20] 235: 3/4 variables -> HRa med 1h, Ll acu 1 h, Ta med 1h
[2026-09-29 21:40:20] 236: 3/4 variables -> HRa med 1h, Ll acu 1 h, Ta med 1h
[2026-09-29 21:40:21] 237: SIN DATOS EN EL ÚLTIMO DÍA
[2026-09-29 21:40:21] 238: 3/4 variables -> HRa med 1h, Ll acu 1 h, Ta med 1h
[2026-09-29 21:40:22] 239: SIN DATOS EN EL ÚLTIMO DÍA
[2026-09-29 21:40:23] 240: 3/4 variables -> HRa med 1h, Ll acu 1 h, Ta med 1h
[2026-09-29 21:40:23] 241: 3/4 variables -> HRa med 1h, Ll acu 1 h, Ta med 1h
[2026-09-29 21:40:24] 242: 3/4 variables -> HRa med 1h, Ll acu 1 h, Ta med 1h
[2026-09-29 21:40:24] 243: 3/4 variables -> HRa med 1h, Ll acu 1 h, Ta med 1h
[2026-09-29 21:40:25] 244: 3/4 variables -> HRa med 1h, Ll acu 1 h, Ta med 1h
[2026-09-29 21:40:25] 245: 3/4 variables -> HRa med 1h, Ll acu 1 h, Ta med 1h
[2026-09-29 21:40:26] 246: 3/4 variables -> HRa med 1h, Ll acu 1 h, Ta med 1h
[2026-09-29 21:40:27] 247: 3/4 variables -> HRa med 1h, Ll acu 1 h, Ta med 1h
[2026-09-29 21:40:27] 215: histórico actualizado -> 156 filas
[2026-09-29 21:40:27] 216: histórico actualizado -> 117 filas
[2026-09-29 21:40:27] 217: histórico actualizado -> 155 filas
[2026-09-29 21:40:27] 218: histórico actualizado -> 157 filas
[2026-09-29 21:40:27] 220: histórico actualizado -> 155 filas
[2026-09-29 21:40:27] 221: histórico actualizado -> 311 filas
[2026-09-29 21:40:27] 223: histórico actualizado -> 302 filas
[2026-09-29 21:40:27] 225: histórico actualizado -> 299 filas
[2026-09-29 21:40:27] 226: histórico actualizado -> 300 filas
[2026-09-29 21:40:27] 227: histórico actualizado -> 305 filas
[2026-09-29 21:40:27] 228: histórico actualizado -> 297 filas
[2026-09-29 21:40:28] 229: histórico actualizado -> 303 filas
[2026-09-29 21:40:28] 231: histórico actualizado -> 303 filas
[2026-09-29 21:40:28] 232: histórico actualizado -> 283 filas
[2026-09-29 21:40:28] 234: histórico actualizado -> 287 filas
[2026-09-29 21:40:28] 235: histórico actualizado -> 257 filas
[2026-09-29 21:40:28] 236: histórico actualizado -> 302 filas
[2026-09-29 21:40:28] 238: histórico actualizado -> 305 filas
[2026-09-29 21:40:28] 240: histórico actualizado -> 262 filas
[2026-09-29 21:40:28] 241: histórico actualizado -> 148 filas
[2026-09-29 21:40:28] 242: histórico actualizado -> 250 filas
[2026-09-29 21:40:28] 243: histórico actualizado -> 299 filas
[2026-09-29 21:40:28] 244: histórico actualizado -> 174 filas
[2026-09-29 21:40:29] 245: histórico actualizado -> 231 filas
[2026-09-29 21:40:29] 246: histórico actualizado -> 123 filas
[2026-09-29 21:40:29] 247: histórico actualizado -> 207 filas
[2026-09-29 21:40:29] Catálogo actualizado: 32 estaciones
[2026-09-29 21:40:29] FIN DEL PROCESO - 22.8 segundos
[2026-09-29 22:40:06] INICIO DEL PROCESO
[2026-09-29 22:40:06] Abriendo página de login...
[2026-09-29 22:40:07] Realizando login...
[2026-09-29 22:40:07] LOGIN OK -> https://polaris.adrtecnology.com/gis/map
[2026-09-29 22:40:07] Estaciones conservadas del catálogo histórico: 32
[2026-09-29 22:40:07] Estaciones obtenidas desde viewer: 20
[2026-09-29 22:40:09] Estaciones obtenidas directamente desde GIS: 32
[2026-09-29 22:40:10] 200: estación con datos, pero sin las variables seleccionadas
[2026-09-29 22:40:10] 215: 1/4 variables -> Ll acu 1 h
[2026-09-29 22:40:11] 216: 3/4 variables -> HRa med 1h, Ll acu 1 h, Ta med 1h
[2026-09-29 22:40:11] 217: 3/4 variables -> HRa med 1h, Ll acu 1 h, Ta med 1h
[2026-09-29 22:40:12] 218: 2/4 variables -> Ll acu 1 h, Ta med 1h
[2026-09-29 22:40:12] 220: 1/4 variables -> PP Acc (1h)
[2026-09-29 22:40:13] 221: 3/4 variables -> HRa med 1h, Ll acu 1 h, Ta med 1h
[2026-09-29 22:40:13] 223: 3/4 variables -> HRa med 1h, Ll acu 1 h, Ta med 1h
[2026-09-29 22:40:14] 224: SIN DATOS EN EL ÚLTIMO DÍA
[2026-09-29 22:40:15] 225: 3/4 variables -> HRa med 1h, Ll acu 1 h, Ta med 1h
[2026-09-29 22:40:15] 226: 3/4 variables -> HRa med 1h, Ll acu 1 h, Ta med 1h
[2026-09-29 22:40:16] 227: 3/4 variables -> HRa med 1h, Ll acu 1 h, Ta med 1h
[2026-09-29 22:40:16] 228: 3/4 variables -> HRa med 1h, Ll acu 1 h, Ta med 1h
[2026-09-29 22:40:17] 229: 3/4 variables -> HRa med 1h, Ll acu 1 h, Ta med 1h
[2026-09-29 22:40:18] 230: SIN DATOS EN EL ÚLTIMO DÍA
[2026-09-29 22:40:18] 231: 3/4 variables -> HRa med 1h, Ll acu 1 h, Ta med 1h
[2026-09-29 22:40:19] 232: 3/4 variables -> HRa med 1h, Ll acu 1 h, Ta med 1h
[2026-09-29 22:40:19] 233: SIN DATOS EN EL ÚLTIMO DÍA
[2026-09-29 22:40:20] 234: 3/4 variables -> HRa med 1h, Ll acu 1 h, Ta med 1h
[2026-09-29 22:40:20] 235: 3/4 variables -> HRa med 1h, Ll acu 1 h, Ta med 1h
[2026-09-29 22:40:21] 236: 3/4 variables -> HRa med 1h, Ll acu 1 h, Ta med 1h
[2026-09-29 22:40:21] 237: SIN DATOS EN EL ÚLTIMO DÍA
[2026-09-29 22:40:22] 238: 3/4 variables -> HRa med 1h, Ll acu 1 h, Ta med 1h
[2026-09-29 22:40:23] 239: SIN DATOS EN EL ÚLTIMO DÍA
[2026-09-29 22:40:23] 240: 3/4 variables -> HRa med 1h, Ll acu 1 h, Ta med 1h
[2026-09-29 22:40:24] 241: 3/4 variables -> HRa med 1h, Ll acu 1 h, Ta med 1h
[2026-09-29 22:40:24] 242: 3/4 variables -> HRa med 1h, Ll acu 1 h, Ta med 1h
[2026-09-29 22:40:25] 243: 3/4 variables -> HRa med 1h, Ll acu 1 h, Ta med 1h
[2026-09-29 22:40:25] 244: 3/4 variables -> HRa med 1h, Ll acu 1 h, Ta med 1h
[2026-09-29 22:40:26] 245: 3/4 variables -> HRa med 1h, Ll acu 1 h, Ta med 1h
[2026-09-29 22:40:27] 246: 3/4 variables -> HRa med 1h, Ll acu 1 h, Ta med 1h
[2026-09-29 22:40:27] 247: 3/4 variables -> HRa med 1h, Ll acu 1 h, Ta med 1h
[2026-09-29 22:40:27] 215: histórico actualizado -> 157 filas
[2026-09-29 22:40:27] 216: histórico actualizado -> 118 filas
[2026-09-29 22:40:28] 217: histórico actualizado -> 156 filas
[2026-09-29 22:40:28] 218: histórico actualizado -> 158 filas
[2026-09-29 22:40:28] 220: histórico actualizado -> 156 filas
[2026-09-29 22:40:28] 221: histórico actualizado -> 313 filas
[2026-09-29 22:40:28] 223: histórico actualizado -> 304 filas
[2026-09-29 22:40:28] 225: histórico actualizado -> 301 filas
[2026-09-29 22:40:28] 226: histórico actualizado -> 302 filas
[2026-09-29 22:40:28] 227: histórico actualizado -> 307 filas
[2026-09-29 22:40:28] 228: histórico actualizado -> 299 filas
[2026-09-29 22:40:28] 229: histórico actualizado -> 305 filas
[2026-09-29 22:40:28] 231: histórico actualizado -> 305 filas
[2026-09-29 22:40:28] 232: histórico actualizado -> 285 filas
[2026-09-29 22:40:28] 234: histórico actualizado -> 289 filas
[2026-09-29 22:40:28] 235: histórico actualizado -> 259 filas
[2026-09-29 22:40:28] 236: histórico actualizado -> 304 filas
[2026-09-29 22:40:29] 238: histórico actualizado -> 307 filas
[2026-09-29 22:40:29] 240: histórico actualizado -> 264 filas
[2026-09-29 22:40:29] 241: histórico actualizado -> 150 filas
[2026-09-29 22:40:29] 242: histórico actualizado -> 250 filas
[2026-09-29 22:40:29] 243: histórico actualizado -> 301 filas
[2026-09-29 22:40:29] 244: histórico actualizado -> 176 filas
[2026-09-29 22:40:29] 245: histórico actualizado -> 233 filas
[2026-09-29 22:40:29] 246: histórico actualizado -> 125 filas
[2026-09-29 22:40:29] 247: histórico actualizado -> 207 filas
[2026-09-29 22:40:29] Catálogo actualizado: 32 estaciones
[2026-09-29 22:40:29] FIN DEL PROCESO - 23.2 segundos
[2026-09-29 23:40:04] INICIO DEL PROCESO
[2026-09-29 23:40:04] Abriendo página de login...
[2026-09-29 23:40:05] Realizando login...
[2026-09-29 23:40:06] LOGIN OK -> https://polaris.adrtecnology.com/gis/map
[2026-09-29 23:40:06] Estaciones conservadas del catálogo histórico: 32
[2026-09-29 23:40:06] Estaciones obtenidas desde viewer: 20
[2026-09-29 23:40:08] Estaciones obtenidas directamente desde GIS: 32
[2026-09-29 23:40:08] 200: estación con datos, pero sin las variables seleccionadas
[2026-09-29 23:40:08] 215: 1/4 variables -> Ll acu 1 h
[2026-09-29 23:40:09] 216: 3/4 variables -> HRa med 1h, Ll acu 1 h, Ta med 1h
[2026-09-29 23:40:09] 217: 3/4 variables -> HRa med 1h, Ll acu 1 h, Ta med 1h
[2026-09-29 23:40:10] 218: 2/4 variables -> Ll acu 1 h, Ta med 1h
[2026-09-29 23:40:11] 220: 1/4 variables -> PP Acc (1h)
[2026-09-29 23:40:11] 221: 3/4 variables -> HRa med 1h, Ll acu 1 h, Ta med 1h
[2026-09-29 23:40:12] 223: 3/4 variables -> HRa med 1h, Ll acu 1 h, Ta med 1h
[2026-09-29 23:40:13] 224: SIN DATOS EN EL ÚLTIMO DÍA
[2026-09-29 23:40:13] 225: 3/4 variables -> HRa med 1h, Ll acu 1 h, Ta med 1h
[2026-09-29 23:40:14] 226: 3/4 variables -> HRa med 1h, Ll acu 1 h, Ta med 1h
[2026-09-29 23:40:14] 227: 3/4 variables -> HRa med 1h, Ll acu 1 h, Ta med 1h
[2026-09-29 23:40:15] 228: 3/4 variables -> HRa med 1h, Ll acu 1 h, Ta med 1h
[2026-09-29 23:40:15] 229: 3/4 variables -> HRa med 1h, Ll acu 1 h, Ta med 1h
[2026-09-29 23:40:16] 230: SIN DATOS EN EL ÚLTIMO DÍA
[2026-09-29 23:40:17] 231: 3/4 variables -> HRa med 1h, Ll acu 1 h, Ta med 1h
[2026-09-29 23:40:17] 232: 3/4 variables -> HRa med 1h, Ll acu 1 h, Ta med 1h
[2026-09-29 23:40:18] 233: SIN DATOS EN EL ÚLTIMO DÍA
[2026-09-29 23:40:18] 234: 3/4 variables -> HRa med 1h, Ll acu 1 h, Ta med 1h
[2026-09-29 23:40:19] 235: 3/4 variables -> HRa med 1h, Ll acu 1 h, Ta med 1h
[2026-09-29 23:40:19] 236: 3/4 variables -> HRa med 1h, Ll acu 1 h, Ta med 1h
[2026-09-29 23:40:20] 237: SIN DATOS EN EL ÚLTIMO DÍA
[2026-09-29 23:40:20] 238: 3/4 variables -> HRa med 1h, Ll acu 1 h, Ta med 1h
[2026-09-29 23:40:21] 239: SIN DATOS EN EL ÚLTIMO DÍA
[2026-09-29 23:40:22] 240: 3/4 variables -> HRa med 1h, Ll acu 1 h, Ta med 1h
[2026-09-29 23:40:22] 241: 3/4 variables -> HRa med 1h, Ll acu 1 h, Ta med 1h
[2026-09-29 23:40:23] 242: 3/4 variables -> HRa med 1h, Ll acu 1 h, Ta med 1h
[2026-09-29 23:40:23] 243: 3/4 variables -> HRa med 1h, Ll acu 1 h, Ta med 1h
[2026-09-29 23:40:24] 244: 3/4 variables -> HRa med 1h, Ll acu 1 h, Ta med 1h
[2026-09-29 23:40:24] 245: 3/4 variables -> HRa med 1h, Ll acu 1 h, Ta med 1h
[2026-09-29 23:40:25] 246: 3/4 variables -> HRa med 1h, Ll acu 1 h, Ta med 1h
[2026-09-29 23:40:26] 247: 3/4 variables -> HRa med 1h, Ll acu 1 h, Ta med 1h
[2026-09-29 23:40:26] 215: histórico actualizado -> 158 filas
[2026-09-29 23:40:26] 216: histórico actualizado -> 119 filas
[2026-09-29 23:40:26] 217: histórico actualizado -> 157 filas
[2026-09-29 23:40:26] 218: histórico actualizado -> 159 filas
[2026-09-29 23:40:26] 220: histórico actualizado -> 157 filas
[2026-09-29 23:40:26] 221: histórico actualizado -> 315 filas
[2026-09-29 23:40:26] 223: histórico actualizado -> 306 filas
[2026-09-29 23:40:26] 225: histórico actualizado -> 303 filas
[2026-09-29 23:40:26] 226: histórico actualizado -> 304 filas
[2026-09-29 23:40:26] 227: histórico actualizado -> 309 filas
[2026-09-29 23:40:27] 228: histórico actualizado -> 301 filas
[2026-09-29 23:40:27] 229: histórico actualizado -> 307 filas
[2026-09-29 23:40:27] 231: histórico actualizado -> 307 filas
[2026-09-29 23:40:27] 232: histórico actualizado -> 287 filas
[2026-09-29 23:40:27] 234: histórico actualizado -> 291 filas
[2026-09-29 23:40:27] 235: histórico actualizado -> 261 filas
[2026-09-29 23:40:27] 236: histórico actualizado -> 306 filas
[2026-09-29 23:40:27] 238: histórico actualizado -> 309 filas
[2026-09-29 23:40:27] 240: histórico actualizado -> 266 filas
[2026-09-29 23:40:27] 241: histórico actualizado -> 152 filas
[2026-09-29 23:40:27] 242: histórico actualizado -> 250 filas
[2026-09-29 23:40:27] 243: histórico actualizado -> 303 filas
[2026-09-29 23:40:27] 244: histórico actualizado -> 178 filas
[2026-09-29 23:40:27] 245: histórico actualizado -> 235 filas
[2026-09-29 23:40:27] 246: histórico actualizado -> 127 filas
[2026-09-29 23:40:27] 247: histórico actualizado -> 207 filas
[2026-09-29 23:40:27] Catálogo actualizado: 32 estaciones
[2026-09-29 23:40:28] FIN DEL PROCESO - 23.1 segundos
[2026-09-30 00:40:04] INICIO DEL PROCESO
[2026-09-30 00:40:04] Abriendo página de login...
[2026-09-30 00:40:05] Realizando login...
[2026-09-30 00:40:05] LOGIN OK -> https://polaris.adrtecnology.com/gis/map
[2026-09-30 00:40:06] Estaciones conservadas del catálogo histórico: 32
[2026-09-30 00:40:06] Estaciones obtenidas desde viewer: 20
[2026-09-30 00:40:08] Estaciones obtenidas directamente desde GIS: 32
[2026-09-30 00:40:08] 200: estación con datos, pero sin las variables seleccionadas
[2026-09-30 00:40:08] 215: 1/4 variables -> Ll acu 1 h
[2026-09-30 00:40:09] 216: 3/4 variables -> HRa med 1h, Ll acu 1 h, Ta med 1h
[2026-09-30 00:40:09] 217: 3/4 variables -> HRa med 1h, Ll acu 1 h, Ta med 1h
[2026-09-30 00:40:10] 218: 2/4 variables -> Ll acu 1 h, Ta med 1h
[2026-09-30 00:40:11] 220: 1/4 variables -> PP Acc (1h)
[2026-09-30 00:40:11] 221: 3/4 variables -> HRa med 1h, Ll acu 1 h, Ta med 1h
[2026-09-30 00:40:12] 223: 3/4 variables -> HRa med 1h, Ll acu 1 h, Ta med 1h
[2026-09-30 00:40:12] 224: SIN DATOS EN EL ÚLTIMO DÍA
[2026-09-30 00:40:13] 225: 3/4 variables -> HRa med 1h, Ll acu 1 h, Ta med 1h
[2026-09-30 00:40:13] 226: 3/4 variables -> HRa med 1h, Ll acu 1 h, Ta med 1h
[2026-09-30 00:40:14] 227: 3/4 variables -> HRa med 1h, Ll acu 1 h, Ta med 1h
[2026-09-30 00:40:15] 228: 3/4 variables -> HRa med 1h, Ll acu 1 h, Ta med 1h
[2026-09-30 00:40:15] 229: 3/4 variables -> HRa med 1h, Ll acu 1 h, Ta med 1h
[2026-09-30 00:40:16] 230: SIN DATOS EN EL ÚLTIMO DÍA
[2026-09-30 00:40:16] 231: 3/4 variables -> HRa med 1h, Ll acu 1 h, Ta med 1h
[2026-09-30 00:40:17] 232: 3/4 variables -> HRa med 1h, Ll acu 1 h, Ta med 1h
[2026-09-30 00:40:17] 233: SIN DATOS EN EL ÚLTIMO DÍA
[2026-09-30 00:40:18] 234: 3/4 variables -> HRa med 1h, Ll acu 1 h, Ta med 1h
[2026-09-30 00:40:19] 235: 3/4 variables -> HRa med 1h, Ll acu 1 h, Ta med 1h
[2026-09-30 00:40:19] 236: 3/4 variables -> HRa med 1h, Ll acu 1 h, Ta med 1h
[2026-09-30 00:40:20] 237: SIN DATOS EN EL ÚLTIMO DÍA
[2026-09-30 00:40:20] 238: 3/4 variables -> HRa med 1h, Ll acu 1 h, Ta med 1h
[2026-09-30 00:40:21] 239: SIN DATOS EN EL ÚLTIMO DÍA
[2026-09-30 00:40:21] 240: 3/4 variables -> HRa med 1h, Ll acu 1 h, Ta med 1h
[2026-09-30 00:40:22] 241: 3/4 variables -> HRa med 1h, Ll acu 1 h, Ta med 1h
[2026-09-30 00:40:22] 242: 3/4 variables -> HRa med 1h, Ll acu 1 h, Ta med 1h
[2026-09-30 00:40:23] 243: 3/4 variables -> HRa med 1h, Ll acu 1 h, Ta med 1h
[2026-09-30 00:40:24] 244: 3/4 variables -> HRa med 1h, Ll acu 1 h, Ta med 1h
[2026-09-30 00:40:24] 245: 3/4 variables -> HRa med 1h, Ll acu 1 h, Ta med 1h
[2026-09-30 00:40:25] 246: 3/4 variables -> HRa med 1h, Ll acu 1 h, Ta med 1h
[2026-09-30 00:40:25] 247: 3/4 variables -> HRa med 1h, Ll acu 1 h, Ta med 1h
[2026-09-30 00:40:26] 215: histórico actualizado -> 159 filas
[2026-09-30 00:40:26] 216: histórico actualizado -> 120 filas
[2026-09-30 00:40:26] 217: histórico actualizado -> 158 filas
[2026-09-30 00:40:26] 218: histórico actualizado -> 160 filas
[2026-09-30 00:40:26] 220: histórico actualizado -> 158 filas
[2026-09-30 00:40:26] 221: histórico actualizado -> 317 filas
[2026-09-30 00:40:26] 223: histórico actualizado -> 308 filas
[2026-09-30 00:40:26] 225: histórico actualizado -> 305 filas
[2026-09-30 00:40:26] 226: histórico actualizado -> 306 filas
[2026-09-30 00:40:26] 227: histórico actualizado -> 311 filas
[2026-09-30 00:40:26] 228: histórico actualizado -> 303 filas
[2026-09-30 00:40:26] 229: histórico actualizado -> 309 filas
[2026-09-30 00:40:26] 231: histórico actualizado -> 309 filas
[2026-09-30 00:40:26] 232: histórico actualizado -> 289 filas
[2026-09-30 00:40:26] 234: histórico actualizado -> 293 filas
[2026-09-30 00:40:27] 235: histórico actualizado -> 263 filas
[2026-09-30 00:40:27] 236: histórico actualizado -> 308 filas
[2026-09-30 00:40:27] 238: histórico actualizado -> 311 filas
[2026-09-30 00:40:27] 240: histórico actualizado -> 268 filas
[2026-09-30 00:40:27] 241: histórico actualizado -> 154 filas
[2026-09-30 00:40:27] 242: histórico actualizado -> 250 filas
[2026-09-30 00:40:27] 243: histórico actualizado -> 305 filas
[2026-09-30 00:40:27] 244: histórico actualizado -> 180 filas
[2026-09-30 00:40:27] 245: histórico actualizado -> 237 filas
[2026-09-30 00:40:27] 246: histórico actualizado -> 129 filas
[2026-09-30 00:40:27] 247: histórico actualizado -> 207 filas
[2026-09-30 00:40:27] Catálogo actualizado: 32 estaciones
[2026-09-30 00:40:27] FIN DEL PROCESO - 22.8 segundos
[2026-09-30 01:40:04] INICIO DEL PROCESO
[2026-09-30 01:40:04] Abriendo página de login...
[2026-09-30 01:40:05] Realizando login...
[2026-09-30 01:40:06] LOGIN OK -> https://polaris.adrtecnology.com/gis/map
[2026-09-30 01:40:06] Estaciones conservadas del catálogo histórico: 32
[2026-09-30 01:40:06] Estaciones obtenidas desde viewer: 20
[2026-09-30 01:40:10] Estaciones obtenidas directamente desde GIS: 32
[2026-09-30 01:40:10] 200: estación con datos, pero sin las variables seleccionadas
[2026-09-30 01:40:11] 215: 1/4 variables -> Ll acu 1 h
[2026-09-30 01:40:11] 216: 3/4 variables -> HRa med 1h, Ll acu 1 h, Ta med 1h
[2026-09-30 01:40:12] 217: 3/4 variables -> HRa med 1h, Ll acu 1 h, Ta med 1h
[2026-09-30 01:40:12] 218: 2/4 variables -> Ll acu 1 h, Ta med 1h
[2026-09-30 01:40:13] 220: 1/4 variables -> PP Acc (1h)
[2026-09-30 01:40:13] 221: 3/4 variables -> HRa med 1h, Ll acu 1 h, Ta med 1h
[2026-09-30 01:40:14] 223: 3/4 variables -> HRa med 1h, Ll acu 1 h, Ta med 1h
[2026-09-30 01:40:14] 224: SIN DATOS EN EL ÚLTIMO DÍA
[2026-09-30 01:40:15] 225: 3/4 variables -> HRa med 1h, Ll acu 1 h, Ta med 1h
[2026-09-30 01:40:15] 226: 3/4 variables -> HRa med 1h, Ll acu 1 h, Ta med 1h
[2026-09-30 01:40:16] 227: 3/4 variables -> HRa med 1h, Ll acu 1 h, Ta med 1h
[2026-09-30 01:40:17] 228: 3/4 variables -> HRa med 1h, Ll acu 1 h, Ta med 1h
[2026-09-30 01:40:17] 229: 3/4 variables -> HRa med 1h, Ll acu 1 h, Ta med 1h
[2026-09-30 01:40:18] 230: SIN DATOS EN EL ÚLTIMO DÍA
[2026-09-30 01:40:18] 231: 3/4 variables -> HRa med 1h, Ll acu 1 h, Ta med 1h
[2026-09-30 01:40:19] 232: 3/4 variables -> HRa med 1h, Ll acu 1 h, Ta med 1h
[2026-09-30 01:40:19] 233: SIN DATOS EN EL ÚLTIMO DÍA
[2026-09-30 01:40:20] 234: 3/4 variables -> HRa med 1h, Ll acu 1 h, Ta med 1h
[2026-09-30 01:40:20] 235: 3/4 variables -> HRa med 1h, Ll acu 1 h, Ta med 1h
[2026-09-30 01:40:21] 236: 3/4 variables -> HRa med 1h, Ll acu 1 h, Ta med 1h
[2026-09-30 01:40:22] 237: SIN DATOS EN EL ÚLTIMO DÍA
[2026-09-30 01:40:22] 238: 3/4 variables -> HRa med 1h, Ll acu 1 h, Ta med 1h
[2026-09-30 01:40:23] 239: SIN DATOS EN EL ÚLTIMO DÍA
[2026-09-30 01:40:23] 240: 3/4 variables -> HRa med 1h, Ll acu 1 h, Ta med 1h
[2026-09-30 01:40:24] 241: 3/4 variables -> HRa med 1h, Ll acu 1 h, Ta med 1h
[2026-09-30 01:40:24] 242: 3/4 variables -> HRa med 1h, Ll acu 1 h, Ta med 1h
[2026-09-30 01:40:25] 243: 3/4 variables -> HRa med 1h, Ll acu 1 h, Ta med 1h
[2026-09-30 01:40:25] 244: 3/4 variables -> HRa med 1h, Ll acu 1 h, Ta med 1h
[2026-09-30 01:40:26] 245: 3/4 variables -> HRa med 1h, Ll acu 1 h, Ta med 1h
[2026-09-30 01:40:27] 246: 3/4 variables -> HRa med 1h, Ll acu 1 h, Ta med 1h
[2026-09-30 01:40:27] 247: 3/4 variables -> HRa med 1h, Ll acu 1 h, Ta med 1h
[2026-09-30 01:40:27] 215: histórico actualizado -> 160 filas
[2026-09-30 01:40:27] 216: histórico actualizado -> 120 filas
[2026-09-30 01:40:28] 217: histórico actualizado -> 158 filas
[2026-09-30 01:40:28] 218: histórico actualizado -> 161 filas
[2026-09-30 01:40:28] 220: histórico actualizado -> 159 filas
[2026-09-30 01:40:28] 221: histórico actualizado -> 319 filas
[2026-09-30 01:40:28] 223: histórico actualizado -> 310 filas
[2026-09-30 01:40:28] 225: histórico actualizado -> 307 filas
[2026-09-30 01:40:28] 226: histórico actualizado -> 308 filas
[2026-09-30 01:40:28] 227: histórico actualizado -> 313 filas
[2026-09-30 01:40:28] 228: histórico actualizado -> 305 filas
[2026-09-30 01:40:28] 229: histórico actualizado -> 311 filas
[2026-09-30 01:40:28] 231: histórico actualizado -> 311 filas
[2026-09-30 01:40:28] 232: histórico actualizado -> 291 filas
[2026-09-30 01:40:28] 234: histórico actualizado -> 295 filas
[2026-09-30 01:40:28] 235: histórico actualizado -> 264 filas
[2026-09-30 01:40:28] 236: histórico actualizado -> 310 filas
[2026-09-30 01:40:29] 238: histórico actualizado -> 313 filas
[2026-09-30 01:40:29] 240: histórico actualizado -> 270 filas
[2026-09-30 01:40:29] 241: histórico actualizado -> 156 filas
[2026-09-30 01:40:29] 242: histórico actualizado -> 250 filas
[2026-09-30 01:40:29] 243: histórico actualizado -> 307 filas
[2026-09-30 01:40:29] 244: histórico actualizado -> 182 filas
[2026-09-30 01:40:29] 245: histórico actualizado -> 237 filas
[2026-09-30 01:40:29] 246: histórico actualizado -> 130 filas
[2026-09-30 01:40:29] 247: histórico actualizado -> 207 filas
[2026-09-30 01:40:29] Catálogo actualizado: 32 estaciones
[2026-09-30 01:40:29] FIN DEL PROCESO - 25.0 segundos
[2026-09-30 02:40:04] INICIO DEL PROCESO
[2026-09-30 02:40:04] Abriendo página de login...
[2026-09-30 02:40:04] Realizando login...
[2026-09-30 02:40:05] LOGIN OK -> https://polaris.adrtecnology.com/gis/map
[2026-09-30 02:40:05] Estaciones conservadas del catálogo histórico: 32
[2026-09-30 02:40:05] Estaciones obtenidas desde viewer: 20
[2026-09-30 02:40:07] Estaciones obtenidas directamente desde GIS: 32
[2026-09-30 02:40:07] 200: estación con datos, pero sin las variables seleccionadas
[2026-09-30 02:40:08] 215: 1/4 variables -> Ll acu 1 h
[2026-09-30 02:40:08] 216: 3/4 variables -> HRa med 1h, Ll acu 1 h, Ta med 1h
[2026-09-30 02:40:09] 217: 3/4 variables -> HRa med 1h, Ll acu 1 h, Ta med 1h
[2026-09-30 02:40:09] 218: 2/4 variables -> Ll acu 1 h, Ta med 1h
[2026-09-30 02:40:10] 220: 1/4 variables -> PP Acc (1h)
[2026-09-30 02:40:11] 221: 3/4 variables -> HRa med 1h, Ll acu 1 h, Ta med 1h
[2026-09-30 02:40:11] 223: 3/4 variables -> HRa med 1h, Ll acu 1 h, Ta med 1h
[2026-09-30 02:40:12] 224: SIN DATOS EN EL ÚLTIMO DÍA
[2026-09-30 02:40:12] 225: 3/4 variables -> HRa med 1h, Ll acu 1 h, Ta med 1h
[2026-09-30 02:40:13] 226: 3/4 variables -> HRa med 1h, Ll acu 1 h, Ta med 1h
[2026-09-30 02:40:14] 227: 3/4 variables -> HRa med 1h, Ll acu 1 h, Ta med 1h
[2026-09-30 02:40:14] 228: 3/4 variables -> HRa med 1h, Ll acu 1 h, Ta med 1h
[2026-09-30 02:40:15] 229: 3/4 variables -> HRa med 1h, Ll acu 1 h, Ta med 1h
[2026-09-30 02:40:15] 230: SIN DATOS EN EL ÚLTIMO DÍA
[2026-09-30 02:40:16] 231: 3/4 variables -> HRa med 1h, Ll acu 1 h, Ta med 1h
[2026-09-30 02:40:16] 232: 3/4 variables -> HRa med 1h, Ll acu 1 h, Ta med 1h
[2026-09-30 02:40:17] 233: SIN DATOS EN EL ÚLTIMO DÍA
[2026-09-30 02:40:18] 234: 3/4 variables -> HRa med 1h, Ll acu 1 h, Ta med 1h
[2026-09-30 02:40:18] 235: 3/4 variables -> HRa med 1h, Ll acu 1 h, Ta med 1h
[2026-09-30 02:40:19] 236: 3/4 variables -> HRa med 1h, Ll acu 1 h, Ta med 1h
[2026-09-30 02:40:19] 237: SIN DATOS EN EL ÚLTIMO DÍA
[2026-09-30 02:40:20] 238: 3/4 variables -> HRa med 1h, Ll acu 1 h, Ta med 1h
[2026-09-30 02:40:20] 239: SIN DATOS EN EL ÚLTIMO DÍA
[2026-09-30 02:40:21] 240: 3/4 variables -> HRa med 1h, Ll acu 1 h, Ta med 1h
[2026-09-30 02:40:21] 241: 3/4 variables -> HRa med 1h, Ll acu 1 h, Ta med 1h
[2026-09-30 02:40:22] 242: 3/4 variables -> HRa med 1h, Ll acu 1 h, Ta med 1h
[2026-09-30 02:40:23] 243: 3/4 variables -> HRa med 1h, Ll acu 1 h, Ta med 1h
[2026-09-30 02:40:23] 244: 3/4 variables -> HRa med 1h, Ll acu 1 h, Ta med 1h
[2026-09-30 02:40:24] 245: 3/4 variables -> HRa med 1h, Ll acu 1 h, Ta med 1h
[2026-09-30 02:40:24] 246: 3/4 variables -> HRa med 1h, Ll acu 1 h, Ta med 1h
[2026-09-30 02:40:25] 247: 3/4 variables -> HRa med 1h, Ll acu 1 h, Ta med 1h
[2026-09-30 02:40:25] 215: histórico actualizado -> 161 filas
[2026-09-30 02:40:25] 216: histórico actualizado -> 120 filas
[2026-09-30 02:40:25] 217: histórico actualizado -> 159 filas
[2026-09-30 02:40:25] 218: histórico actualizado -> 162 filas
[2026-09-30 02:40:25] 220: histórico actualizado -> 160 filas
[2026-09-30 02:40:25] 221: histórico actualizado -> 321 filas
[2026-09-30 02:40:26] 223: histórico actualizado -> 312 filas
[2026-09-30 02:40:26] 225: histórico actualizado -> 309 filas
[2026-09-30 02:40:26] 226: histórico actualizado -> 310 filas
[2026-09-30 02:40:26] 227: histórico actualizado -> 315 filas
[2026-09-30 02:40:26] 228: histórico actualizado -> 307 filas
[2026-09-30 02:40:26] 229: histórico actualizado -> 313 filas
[2026-09-30 02:40:26] 231: histórico actualizado -> 313 filas
[2026-09-30 02:40:26] 232: histórico actualizado -> 293 filas
[2026-09-30 02:40:26] 234: histórico actualizado -> 297 filas
[2026-09-30 02:40:26] 235: histórico actualizado -> 264 filas
[2026-09-30 02:40:26] 236: histórico actualizado -> 312 filas
[2026-09-30 02:40:26] 238: histórico actualizado -> 315 filas
[2026-09-30 02:40:26] 240: histórico actualizado -> 272 filas
[2026-09-30 02:40:26] 241: histórico actualizado -> 158 filas
[2026-09-30 02:40:26] 242: histórico actualizado -> 251 filas
[2026-09-30 02:40:26] 243: histórico actualizado -> 309 filas
[2026-09-30 02:40:27] 244: histórico actualizado -> 184 filas
[2026-09-30 02:40:27] 245: histórico actualizado -> 239 filas
[2026-09-30 02:40:27] 246: histórico actualizado -> 132 filas
[2026-09-30 02:40:27] 247: histórico actualizado -> 207 filas
[2026-09-30 02:40:27] Catálogo actualizado: 32 estaciones
[2026-09-30 02:40:27] FIN DEL PROCESO - 22.8 segundos
[2026-09-30 03:40:04] INICIO DEL PROCESO
[2026-09-30 03:40:04] Abriendo página de login...
[2026-09-30 03:40:05] Realizando login...
[2026-09-30 03:40:05] LOGIN OK -> https://polaris.adrtecnology.com/gis/map
[2026-09-30 03:40:05] Estaciones conservadas del catálogo histórico: 32
[2026-09-30 03:40:05] Estaciones obtenidas desde viewer: 20
[2026-09-30 03:40:07] Estaciones obtenidas directamente desde GIS: 32
[2026-09-30 03:40:08] 200: estación con datos, pero sin las variables seleccionadas
[2026-09-30 03:40:08] 215: 1/4 variables -> Ll acu 1 h
[2026-09-30 03:40:09] 216: 3/4 variables -> HRa med 1h, Ll acu 1 h, Ta med 1h
[2026-09-30 03:40:09] 217: 3/4 variables -> HRa med 1h, Ll acu 1 h, Ta med 1h
[2026-09-30 03:40:10] 218: 2/4 variables -> Ll acu 1 h, Ta med 1h
[2026-09-30 03:40:10] 220: 1/4 variables -> PP Acc (1h)
[2026-09-30 03:40:11] 221: 3/4 variables -> HRa med 1h, Ll acu 1 h, Ta med 1h
[2026-09-30 03:40:11] 223: 3/4 variables -> HRa med 1h, Ll acu 1 h, Ta med 1h
[2026-09-30 03:40:12] 224: SIN DATOS EN EL ÚLTIMO DÍA
[2026-09-30 03:40:13] 225: 3/4 variables -> HRa med 1h, Ll acu 1 h, Ta med 1h
[2026-09-30 03:40:13] 226: 3/4 variables -> HRa med 1h, Ll acu 1 h, Ta med 1h
[2026-09-30 03:40:14] 227: 3/4 variables -> HRa med 1h, Ll acu 1 h, Ta med 1h
[2026-09-30 03:40:14] 228: 3/4 variables -> HRa med 1h, Ll acu 1 h, Ta med 1h
[2026-09-30 03:40:15] 229: 3/4 variables -> HRa med 1h, Ll acu 1 h, Ta med 1h
[2026-09-30 03:40:15] 230: SIN DATOS EN EL ÚLTIMO DÍA
[2026-09-30 03:40:16] 231: 3/4 variables -> HRa med 1h, Ll acu 1 h, Ta med 1h
[2026-09-30 03:40:16] 232: 3/4 variables -> HRa med 1h, Ll acu 1 h, Ta med 1h
[2026-09-30 03:40:17] 233: SIN DATOS EN EL ÚLTIMO DÍA
[2026-09-30 03:40:18] 234: 3/4 variables -> HRa med 1h, Ll acu 1 h, Ta med 1h
[2026-09-30 03:40:18] 235: 3/4 variables -> HRa med 1h, Ll acu 1 h, Ta med 1h
[2026-09-30 03:40:19] 236: 3/4 variables -> HRa med 1h, Ll acu 1 h, Ta med 1h
[2026-09-30 03:40:19] 237: SIN DATOS EN EL ÚLTIMO DÍA
[2026-09-30 03:40:20] 238: 3/4 variables -> HRa med 1h, Ll acu 1 h, Ta med 1h
[2026-09-30 03:40:21] 239: SIN DATOS EN EL ÚLTIMO DÍA
[2026-09-30 03:40:22] 240: 3/4 variables -> HRa med 1h, Ll acu 1 h, Ta med 1h
[2026-09-30 03:40:22] 241: 3/4 variables -> HRa med 1h, Ll acu 1 h, Ta med 1h
[2026-09-30 03:40:23] 242: 3/4 variables -> HRa med 1h, Ll acu 1 h, Ta med 1h
[2026-09-30 03:40:23] 243: 3/4 variables -> HRa med 1h, Ll acu 1 h, Ta med 1h
[2026-09-30 03:40:24] 244: 3/4 variables -> HRa med 1h, Ll acu 1 h, Ta med 1h
[2026-09-30 03:40:24] 245: 3/4 variables -> HRa med 1h, Ll acu 1 h, Ta med 1h
[2026-09-30 03:40:25] 246: 3/4 variables -> HRa med 1h, Ll acu 1 h, Ta med 1h
[2026-09-30 03:40:26] 247: 3/4 variables -> HRa med 1h, Ll acu 1 h, Ta med 1h
[2026-09-30 03:40:26] 215: histórico actualizado -> 162 filas
[2026-09-30 03:40:26] 216: histórico actualizado -> 121 filas
[2026-09-30 03:40:26] 217: histórico actualizado -> 160 filas
[2026-09-30 03:40:26] 218: histórico actualizado -> 163 filas
[2026-09-30 03:40:26] 220: histórico actualizado -> 161 filas
[2026-09-30 03:40:26] 221: histórico actualizado -> 323 filas
[2026-09-30 03:40:26] 223: histórico actualizado -> 314 filas
[2026-09-30 03:40:26] 225: histórico actualizado -> 311 filas
[2026-09-30 03:40:26] 226: histórico actualizado -> 312 filas
[2026-09-30 03:40:26] 227: histórico actualizado -> 317 filas
[2026-09-30 03:40:26] 228: histórico actualizado -> 309 filas
[2026-09-30 03:40:26] 229: histórico actualizado -> 315 filas
[2026-09-30 03:40:27] 231: histórico actualizado -> 315 filas
[2026-09-30 03:40:27] 232: histórico actualizado -> 295 filas
[2026-09-30 03:40:27] 234: histórico actualizado -> 299 filas
[2026-09-30 03:40:27] 235: histórico actualizado -> 266 filas
[2026-09-30 03:40:27] 236: histórico actualizado -> 314 filas
[2026-09-30 03:40:27] 238: histórico actualizado -> 317 filas
[2026-09-30 03:40:27] 240: histórico actualizado -> 274 filas
[2026-09-30 03:40:27] 241: histórico actualizado -> 160 filas
[2026-09-30 03:40:27] 242: histórico actualizado -> 253 filas
[2026-09-30 03:40:27] 243: histórico actualizado -> 311 filas
[2026-09-30 03:40:27] 244: histórico actualizado -> 186 filas
[2026-09-30 03:40:27] 245: histórico actualizado -> 241 filas
[2026-09-30 03:40:27] 246: histórico actualizado -> 132 filas
[2026-09-30 03:40:27] 247: histórico actualizado -> 207 filas
[2026-09-30 03:40:27] Catálogo actualizado: 32 estaciones
[2026-09-30 03:40:27] FIN DEL PROCESO - 23.4 segundos
[2026-09-30 04:40:05] INICIO DEL PROCESO
[2026-09-30 04:40:05] Abriendo página de login...
[2026-09-30 04:40:06] Realizando login...
[2026-09-30 04:40:06] LOGIN OK -> https://polaris.adrtecnology.com/gis/map
[2026-09-30 04:40:07] Estaciones conservadas del catálogo histórico: 32
[2026-09-30 04:40:07] Estaciones obtenidas desde viewer: 20
[2026-09-30 04:40:09] Estaciones obtenidas directamente desde GIS: 32
[2026-09-30 04:40:09] 200: estación con datos, pero sin las variables seleccionadas
[2026-09-30 04:40:09] 215: 1/4 variables -> Ll acu 1 h
[2026-09-30 04:40:10] 216: 3/4 variables -> HRa med 1h, Ll acu 1 h, Ta med 1h
[2026-09-30 04:40:10] 217: 3/4 variables -> HRa med 1h, Ll acu 1 h, Ta med 1h
[2026-09-30 04:40:11] 218: 2/4 variables -> Ll acu 1 h, Ta med 1h
[2026-09-30 04:40:11] 220: 1/4 variables -> PP Acc (1h)
[2026-09-30 04:40:12] 221: 3/4 variables -> HRa med 1h, Ll acu 1 h, Ta med 1h
[2026-09-30 04:40:13] 223: 3/4 variables -> HRa med 1h, Ll acu 1 h, Ta med 1h
[2026-09-30 04:40:13] 224: SIN DATOS EN EL ÚLTIMO DÍA
[2026-09-30 04:40:14] 225: 3/4 variables -> HRa med 1h, Ll acu 1 h, Ta med 1h
[2026-09-30 04:40:14] 226: 3/4 variables -> HRa med 1h, Ll acu 1 h, Ta med 1h
[2026-09-30 04:40:15] 227: 3/4 variables -> HRa med 1h, Ll acu 1 h, Ta med 1h
[2026-09-30 04:40:15] 228: 3/4 variables -> HRa med 1h, Ll acu 1 h, Ta med 1h
[2026-09-30 04:40:16] 229: 3/4 variables -> HRa med 1h, Ll acu 1 h, Ta med 1h
[2026-09-30 04:40:17] 230: SIN DATOS EN EL ÚLTIMO DÍA
[2026-09-30 04:40:17] 231: 3/4 variables -> HRa med 1h, Ll acu 1 h, Ta med 1h
[2026-09-30 04:40:18] 232: 3/4 variables -> HRa med 1h, Ll acu 1 h, Ta med 1h
[2026-09-30 04:40:18] 233: SIN DATOS EN EL ÚLTIMO DÍA
[2026-09-30 04:40:19] 234: 3/4 variables -> HRa med 1h, Ll acu 1 h, Ta med 1h
[2026-09-30 04:40:19] 235: 3/4 variables -> HRa med 1h, Ll acu 1 h, Ta med 1h
[2026-09-30 04:40:20] 236: 3/4 variables -> HRa med 1h, Ll acu 1 h, Ta med 1h
[2026-09-30 04:40:21] 237: SIN DATOS EN EL ÚLTIMO DÍA
[2026-09-30 04:40:21] 238: 3/4 variables -> HRa med 1h, Ll acu 1 h, Ta med 1h
[2026-09-30 04:40:22] 239: SIN DATOS EN EL ÚLTIMO DÍA
[2026-09-30 04:40:22] 240: 3/4 variables -> HRa med 1h, Ll acu 1 h, Ta med 1h
[2026-09-30 04:40:23] 241: 3/4 variables -> HRa med 1h, Ll acu 1 h, Ta med 1h
[2026-09-30 04:40:23] 242: 3/4 variables -> HRa med 1h, Ll acu 1 h, Ta med 1h
[2026-09-30 04:40:24] 243: 3/4 variables -> HRa med 1h, Ll acu 1 h, Ta med 1h
[2026-09-30 04:40:25] 244: 3/4 variables -> HRa med 1h, Ll acu 1 h, Ta med 1h
[2026-09-30 04:40:25] 245: 3/4 variables -> HRa med 1h, Ll acu 1 h, Ta med 1h
[2026-09-30 04:40:26] 246: 3/4 variables -> HRa med 1h, Ll acu 1 h, Ta med 1h
[2026-09-30 04:40:26] 247: 3/4 variables -> HRa med 1h, Ll acu 1 h, Ta med 1h
[2026-09-30 04:40:27] 215: histórico actualizado -> 163 filas
[2026-09-30 04:40:27] 216: histórico actualizado -> 122 filas
[2026-09-30 04:40:27] 217: histórico actualizado -> 161 filas
[2026-09-30 04:40:27] 218: histórico actualizado -> 164 filas
[2026-09-30 04:40:27] 220: histórico actualizado -> 162 filas
[2026-09-30 04:40:27] 221: histórico actualizado -> 325 filas
[2026-09-30 04:40:27] 223: histórico actualizado -> 316 filas
[2026-09-30 04:40:27] 225: histórico actualizado -> 313 filas
[2026-09-30 04:40:27] 226: histórico actualizado -> 314 filas
[2026-09-30 04:40:27] 227: histórico actualizado -> 319 filas
[2026-09-30 04:40:27] 228: histórico actualizado -> 311 filas
[2026-09-30 04:40:27] 229: histórico actualizado -> 317 filas
[2026-09-30 04:40:28] 231: histórico actualizado -> 317 filas
[2026-09-30 04:40:28] 232: histórico actualizado -> 297 filas
[2026-09-30 04:40:28] 234: histórico actualizado -> 301 filas
[2026-09-30 04:40:28] 235: histórico actualizado -> 268 filas
[2026-09-30 04:40:28] 236: histórico actualizado -> 316 filas
[2026-09-30 04:40:28] 238: histórico actualizado -> 319 filas
[2026-09-30 04:40:28] 240: histórico actualizado -> 276 filas
[2026-09-30 04:40:28] 241: histórico actualizado -> 162 filas
[2026-09-30 04:40:28] 242: histórico actualizado -> 255 filas
[2026-09-30 04:40:28] 243: histórico actualizado -> 313 filas
[2026-09-30 04:40:28] 244: histórico actualizado -> 188 filas
[2026-09-30 04:40:28] 245: histórico actualizado -> 241 filas
[2026-09-30 04:40:28] 246: histórico actualizado -> 132 filas
[2026-09-30 04:40:28] 247: histórico actualizado -> 207 filas
[2026-09-30 04:40:28] Catálogo actualizado: 32 estaciones
[2026-09-30 04:40:28] FIN DEL PROCESO - 22.9 segundos
[2026-09-30 05:40:06] INICIO DEL PROCESO
[2026-09-30 05:40:06] Abriendo página de login...
[2026-09-30 05:40:06] Realizando login...
[2026-09-30 05:40:07] LOGIN OK -> https://polaris.adrtecnology.com/gis/map
[2026-09-30 05:40:07] Estaciones conservadas del catálogo histórico: 32
[2026-09-30 05:40:07] Estaciones obtenidas desde viewer: 20
[2026-09-30 05:40:09] Estaciones obtenidas directamente desde GIS: 32
[2026-09-30 05:40:09] 200: estación con datos, pero sin las variables seleccionadas
[2026-09-30 05:40:10] 215: 1/4 variables -> Ll acu 1 h
[2026-09-30 05:40:10] 216: 3/4 variables -> HRa med 1h, Ll acu 1 h, Ta med 1h
[2026-09-30 05:40:11] 217: 3/4 variables -> HRa med 1h, Ll acu 1 h, Ta med 1h
[2026-09-30 05:40:11] 218: 2/4 variables -> Ll acu 1 h, Ta med 1h
[2026-09-30 05:40:12] 220: 1/4 variables -> PP Acc (1h)
[2026-09-30 05:40:12] 221: 3/4 variables -> HRa med 1h, Ll acu 1 h, Ta med 1h
[2026-09-30 05:40:13] 223: 3/4 variables -> HRa med 1h, Ll acu 1 h, Ta med 1h
[2026-09-30 05:40:13] 224: SIN DATOS EN EL ÚLTIMO DÍA
[2026-09-30 05:40:14] 225: 3/4 variables -> HRa med 1h, Ll acu 1 h, Ta med 1h
[2026-09-30 05:40:15] 226: 3/4 variables -> HRa med 1h, Ll acu 1 h, Ta med 1h
[2026-09-30 05:40:15] 227: 3/4 variables -> HRa med 1h, Ll acu 1 h, Ta med 1h
[2026-09-30 05:40:16] 228: 3/4 variables -> HRa med 1h, Ll acu 1 h, Ta med 1h
[2026-09-30 05:40:16] 229: 3/4 variables -> HRa med 1h, Ll acu 1 h, Ta med 1h
[2026-09-30 05:40:17] 230: SIN DATOS EN EL ÚLTIMO DÍA
[2026-09-30 05:40:17] 231: 3/4 variables -> HRa med 1h, Ll acu 1 h, Ta med 1h
[2026-09-30 05:40:18] 232: 3/4 variables -> HRa med 1h, Ll acu 1 h, Ta med 1h
[2026-09-30 05:40:18] 233: SIN DATOS EN EL ÚLTIMO DÍA
[2026-09-30 05:40:19] 234: 3/4 variables -> HRa med 1h, Ll acu 1 h, Ta med 1h
[2026-09-30 05:40:20] 235: 3/4 variables -> HRa med 1h, Ll acu 1 h, Ta med 1h
[2026-09-30 05:40:20] 236: 3/4 variables -> HRa med 1h, Ll acu 1 h, Ta med 1h
[2026-09-30 05:40:21] 237: SIN DATOS EN EL ÚLTIMO DÍA
[2026-09-30 05:40:21] 238: 3/4 variables -> HRa med 1h, Ll acu 1 h, Ta med 1h
[2026-09-30 05:40:22] 239: SIN DATOS EN EL ÚLTIMO DÍA
[2026-09-30 05:40:22] 240: 3/4 variables -> HRa med 1h, Ll acu 1 h, Ta med 1h
[2026-09-30 05:40:23] 241: 3/4 variables -> HRa med 1h, Ll acu 1 h, Ta med 1h
[2026-09-30 05:40:24] 242: 3/4 variables -> HRa med 1h, Ll acu 1 h, Ta med 1h
[2026-09-30 05:40:24] 243: 3/4 variables -> HRa med 1h, Ll acu 1 h, Ta med 1h
[2026-09-30 05:40:25] 244: 3/4 variables -> HRa med 1h, Ll acu 1 h, Ta med 1h
[2026-09-30 05:40:26] 245: 3/4 variables -> HRa med 1h, Ll acu 1 h, Ta med 1h
[2026-09-30 05:40:26] 246: 3/4 variables -> HRa med 1h, Ll acu 1 h, Ta med 1h
[2026-09-30 05:40:27] 247: 3/4 variables -> HRa med 1h, Ll acu 1 h, Ta med 1h
[2026-09-30 05:40:27] 215: histórico actualizado -> 164 filas
[2026-09-30 05:40:27] 216: histórico actualizado -> 122 filas
[2026-09-30 05:40:27] 217: histórico actualizado -> 161 filas
[2026-09-30 05:40:27] 218: histórico actualizado -> 165 filas
[2026-09-30 05:40:27] 220: histórico actualizado -> 163 filas
[2026-09-30 05:40:27] 221: histórico actualizado -> 327 filas
[2026-09-30 05:40:27] 223: histórico actualizado -> 318 filas
[2026-09-30 05:40:27] 225: histórico actualizado -> 315 filas
[2026-09-30 05:40:27] 226: histórico actualizado -> 316 filas
[2026-09-30 05:40:27] 227: histórico actualizado -> 321 filas
[2026-09-30 05:40:28] 228: histórico actualizado -> 313 filas
[2026-09-30 05:40:28] 229: histórico actualizado -> 319 filas
[2026-09-30 05:40:28] 231: histórico actualizado -> 319 filas
[2026-09-30 05:40:28] 232: histórico actualizado -> 299 filas
[2026-09-30 05:40:28] 234: histórico actualizado -> 303 filas
[2026-09-30 05:40:28] 235: histórico actualizado -> 270 filas
[2026-09-30 05:40:28] 236: histórico actualizado -> 318 filas
[2026-09-30 05:40:28] 238: histórico actualizado -> 321 filas
[2026-09-30 05:40:28] 240: histórico actualizado -> 278 filas
[2026-09-30 05:40:28] 241: histórico actualizado -> 164 filas
[2026-09-30 05:40:28] 242: histórico actualizado -> 257 filas
[2026-09-30 05:40:28] 243: histórico actualizado -> 315 filas
[2026-09-30 05:40:28] 244: histórico actualizado -> 190 filas
[2026-09-30 05:40:28] 245: histórico actualizado -> 243 filas
[2026-09-30 05:40:28] 246: histórico actualizado -> 132 filas
[2026-09-30 05:40:28] 247: histórico actualizado -> 207 filas
[2026-09-30 05:40:28] Catálogo actualizado: 32 estaciones
[2026-09-30 05:40:28] FIN DEL PROCESO - 22.9 segundos
[2026-09-30 06:40:06] INICIO DEL PROCESO
[2026-09-30 06:40:06] Abriendo página de login...
[2026-09-30 06:40:07] Realizando login...
[2026-09-30 06:40:07] LOGIN OK -> https://polaris.adrtecnology.com/gis/map
[2026-09-30 06:40:07] Estaciones conservadas del catálogo histórico: 32
[2026-09-30 06:40:07] Estaciones obtenidas desde viewer: 20
[2026-09-30 06:40:09] Estaciones obtenidas directamente desde GIS: 32
[2026-09-30 06:40:09] 200: estación con datos, pero sin las variables seleccionadas
[2026-09-30 06:40:10] 215: 1/4 variables -> Ll acu 1 h
[2026-09-30 06:40:10] 216: 3/4 variables -> HRa med 1h, Ll acu 1 h, Ta med 1h
[2026-09-30 06:40:11] 217: 3/4 variables -> HRa med 1h, Ll acu 1 h, Ta med 1h
[2026-09-30 06:40:11] 218: 2/4 variables -> Ll acu 1 h, Ta med 1h
[2026-09-30 06:40:12] 220: 1/4 variables -> PP Acc (1h)
[2026-09-30 06:40:13] 221: 3/4 variables -> HRa med 1h, Ll acu 1 h, Ta med 1h
[2026-09-30 06:40:13] 223: 3/4 variables -> HRa med 1h, Ll acu 1 h, Ta med 1h
[2026-09-30 06:40:14] 224: SIN DATOS EN EL ÚLTIMO DÍA
[2026-09-30 06:40:14] 225: 3/4 variables -> HRa med 1h, Ll acu 1 h, Ta med 1h
[2026-09-30 06:40:15] 226: 3/4 variables -> HRa med 1h, Ll acu 1 h, Ta med 1h
[2026-09-30 06:40:15] 227: 3/4 variables -> HRa med 1h, Ll acu 1 h, Ta med 1h
[2026-09-30 06:40:16] 228: 3/4 variables -> HRa med 1h, Ll acu 1 h, Ta med 1h
[2026-09-30 06:40:16] 229: 3/4 variables -> HRa med 1h, Ll acu 1 h, Ta med 1h
[2026-09-30 06:40:17] 230: SIN DATOS EN EL ÚLTIMO DÍA
[2026-09-30 06:40:18] 231: 3/4 variables -> HRa med 1h, Ll acu 1 h, Ta med 1h
[2026-09-30 06:40:18] 232: 3/4 variables -> HRa med 1h, Ll acu 1 h, Ta med 1h
[2026-09-30 06:40:19] 233: SIN DATOS EN EL ÚLTIMO DÍA
[2026-09-30 06:40:19] 234: 3/4 variables -> HRa med 1h, Ll acu 1 h, Ta med 1h
[2026-09-30 06:40:20] 235: 3/4 variables -> HRa med 1h, Ll acu 1 h, Ta med 1h
[2026-09-30 06:40:20] 236: 3/4 variables -> HRa med 1h, Ll acu 1 h, Ta med 1h
[2026-09-30 06:40:21] 237: SIN DATOS EN EL ÚLTIMO DÍA
[2026-09-30 06:40:21] 238: 3/4 variables -> HRa med 1h, Ll acu 1 h, Ta med 1h
[2026-09-30 06:40:22] 239: SIN DATOS EN EL ÚLTIMO DÍA
[2026-09-30 06:40:23] 240: 3/4 variables -> HRa med 1h, Ll acu 1 h, Ta med 1h
[2026-09-30 06:40:23] 241: 3/4 variables -> HRa med 1h, Ll acu 1 h, Ta med 1h
[2026-09-30 06:40:24] 242: 3/4 variables -> HRa med 1h, Ll acu 1 h, Ta med 1h
[2026-09-30 06:40:24] 243: 3/4 variables -> HRa med 1h, Ll acu 1 h, Ta med 1h
[2026-09-30 06:40:25] 244: 3/4 variables -> HRa med 1h, Ll acu 1 h, Ta med 1h
[2026-09-30 06:40:25] 245: 3/4 variables -> HRa med 1h, Ll acu 1 h, Ta med 1h
[2026-09-30 06:40:26] 246: 3/4 variables -> HRa med 1h, Ll acu 1 h, Ta med 1h
[2026-09-30 06:40:27] 247: 3/4 variables -> HRa med 1h, Ll acu 1 h, Ta med 1h
[2026-09-30 06:40:27] 215: histórico actualizado -> 165 filas
[2026-09-30 06:40:27] 216: histórico actualizado -> 122 filas
[2026-09-30 06:40:27] 217: histórico actualizado -> 161 filas
[2026-09-30 06:40:27] 218: histórico actualizado -> 166 filas
[2026-09-30 06:40:27] 220: histórico actualizado -> 164 filas
[2026-09-30 06:40:27] 221: histórico actualizado -> 329 filas
[2026-09-30 06:40:27] 223: histórico actualizado -> 320 filas
[2026-09-30 06:40:27] 225: histórico actualizado -> 317 filas
[2026-09-30 06:40:27] 226: histórico actualizado -> 318 filas
[2026-09-30 06:40:27] 227: histórico actualizado -> 323 filas
[2026-09-30 06:40:28] 228: histórico actualizado -> 315 filas
[2026-09-30 06:40:28] 229: histórico actualizado -> 321 filas
[2026-09-30 06:40:28] 231: histórico actualizado -> 321 filas
[2026-09-30 06:40:28] 232: histórico actualizado -> 301 filas
[2026-09-30 06:40:28] 234: histórico actualizado -> 305 filas
[2026-09-30 06:40:28] 235: histórico actualizado -> 272 filas
[2026-09-30 06:40:28] 236: histórico actualizado -> 320 filas
[2026-09-30 06:40:28] 238: histórico actualizado -> 323 filas
[2026-09-30 06:40:28] 240: histórico actualizado -> 280 filas
[2026-09-30 06:40:29] 241: histórico actualizado -> 166 filas
[2026-09-30 06:40:29] 242: histórico actualizado -> 259 filas
[2026-09-30 06:40:29] 243: histórico actualizado -> 317 filas
[2026-09-30 06:40:29] 244: histórico actualizado -> 192 filas
[2026-09-30 06:40:29] 245: histórico actualizado -> 245 filas
[2026-09-30 06:40:29] 246: histórico actualizado -> 132 filas
[2026-09-30 06:40:29] 247: histórico actualizado -> 207 filas
[2026-09-30 06:40:29] Catálogo actualizado: 32 estaciones
[2026-09-30 06:40:29] FIN DEL PROCESO - 22.9 segundos
[2026-09-30 07:40:04] INICIO DEL PROCESO
[2026-09-30 07:40:04] Abriendo página de login...
[2026-09-30 07:40:05] Realizando login...
[2026-09-30 07:40:06] LOGIN OK -> https://polaris.adrtecnology.com/gis/map
[2026-09-30 07:40:06] Estaciones conservadas del catálogo histórico: 32
[2026-09-30 07:40:06] Estaciones obtenidas desde viewer: 20
[2026-09-30 07:40:08] Estaciones obtenidas directamente desde GIS: 32
[2026-09-30 07:40:08] 200: estación con datos, pero sin las variables seleccionadas
[2026-09-30 07:40:09] 215: 1/4 variables -> Ll acu 1 h
[2026-09-30 07:40:09] 216: 3/4 variables -> HRa med 1h, Ll acu 1 h, Ta med 1h
[2026-09-30 07:40:10] 217: 3/4 variables -> HRa med 1h, Ll acu 1 h, Ta med 1h
[2026-09-30 07:40:10] 218: 2/4 variables -> Ll acu 1 h, Ta med 1h
[2026-09-30 07:40:11] 220: 1/4 variables -> PP Acc (1h)
[2026-09-30 07:40:12] 221: 3/4 variables -> HRa med 1h, Ll acu 1 h, Ta med 1h
[2026-09-30 07:40:12] 223: 3/4 variables -> HRa med 1h, Ll acu 1 h, Ta med 1h
[2026-09-30 07:40:13] 224: SIN DATOS EN EL ÚLTIMO DÍA
[2026-09-30 07:40:13] 225: 3/4 variables -> HRa med 1h, Ll acu 1 h, Ta med 1h
[2026-09-30 07:40:14] 226: 3/4 variables -> HRa med 1h, Ll acu 1 h, Ta med 1h
[2026-09-30 07:40:14] 227: 3/4 variables -> HRa med 1h, Ll acu 1 h, Ta med 1h
[2026-09-30 07:40:15] 228: 3/4 variables -> HRa med 1h, Ll acu 1 h, Ta med 1h
[2026-09-30 07:40:15] 229: 3/4 variables -> HRa med 1h, Ll acu 1 h, Ta med 1h
[2026-09-30 07:40:16] 230: SIN DATOS EN EL ÚLTIMO DÍA
[2026-09-30 07:40:17] 231: 3/4 variables -> HRa med 1h, Ll acu 1 h, Ta med 1h
[2026-09-30 07:40:17] 232: 3/4 variables -> HRa med 1h, Ll acu 1 h, Ta med 1h
[2026-09-30 07:40:18] 233: SIN DATOS EN EL ÚLTIMO DÍA
[2026-09-30 07:40:18] 234: 3/4 variables -> HRa med 1h, Ll acu 1 h, Ta med 1h
[2026-09-30 07:40:19] 235: 3/4 variables -> HRa med 1h, Ll acu 1 h, Ta med 1h
[2026-09-30 07:40:19] 236: 3/4 variables -> HRa med 1h, Ll acu 1 h, Ta med 1h
[2026-09-30 07:40:20] 237: SIN DATOS EN EL ÚLTIMO DÍA
[2026-09-30 07:40:20] 238: 3/4 variables -> HRa med 1h, Ll acu 1 h, Ta med 1h
[2026-09-30 07:40:21] 239: SIN DATOS EN EL ÚLTIMO DÍA
[2026-09-30 07:40:22] 240: 3/4 variables -> HRa med 1h, Ll acu 1 h, Ta med 1h
[2026-09-30 07:40:22] 241: 3/4 variables -> HRa med 1h, Ll acu 1 h, Ta med 1h
[2026-09-30 07:40:23] 242: 3/4 variables -> HRa med 1h, Ll acu 1 h, Ta med 1h
[2026-09-30 07:40:23] 243: 3/4 variables -> HRa med 1h, Ll acu 1 h, Ta med 1h
[2026-09-30 07:40:24] 244: 3/4 variables -> HRa med 1h, Ll acu 1 h, Ta med 1h
[2026-09-30 07:40:24] 245: 3/4 variables -> HRa med 1h, Ll acu 1 h, Ta med 1h
[2026-09-30 07:40:25] 246: 3/4 variables -> HRa med 1h, Ll acu 1 h, Ta med 1h
[2026-09-30 07:40:25] 247: 3/4 variables -> HRa med 1h, Ll acu 1 h, Ta med 1h
[2026-09-30 07:40:26] 215: histórico actualizado -> 166 filas
[2026-09-30 07:40:26] 216: histórico actualizado -> 122 filas
[2026-09-30 07:40:26] 217: histórico actualizado -> 161 filas
[2026-09-30 07:40:26] 218: histórico actualizado -> 167 filas
[2026-09-30 07:40:26] 220: histórico actualizado -> 165 filas
[2026-09-30 07:40:26] 221: histórico actualizado -> 331 filas
[2026-09-30 07:40:26] 223: histórico actualizado -> 322 filas
[2026-09-30 07:40:26] 225: histórico actualizado -> 319 filas
[2026-09-30 07:40:26] 226: histórico actualizado -> 320 filas
[2026-09-30 07:40:26] 227: histórico actualizado -> 325 filas
[2026-09-30 07:40:26] 228: histórico actualizado -> 317 filas
[2026-09-30 07:40:26] 229: histórico actualizado -> 323 filas
[2026-09-30 07:40:27] 231: histórico actualizado -> 323 filas
[2026-09-30 07:40:27] 232: histórico actualizado -> 303 filas
[2026-09-30 07:40:27] 234: histórico actualizado -> 307 filas
[2026-09-30 07:40:27] 235: histórico actualizado -> 274 filas
[2026-09-30 07:40:27] 236: histórico actualizado -> 322 filas
[2026-09-30 07:40:27] 238: histórico actualizado -> 325 filas
[2026-09-30 07:40:27] 240: histórico actualizado -> 282 filas
[2026-09-30 07:40:27] 241: histórico actualizado -> 167 filas
[2026-09-30 07:40:27] 242: histórico actualizado -> 261 filas
[2026-09-30 07:40:27] 243: histórico actualizado -> 319 filas
[2026-09-30 07:40:27] 244: histórico actualizado -> 194 filas
[2026-09-30 07:40:27] 245: histórico actualizado -> 247 filas
[2026-09-30 07:40:27] 246: histórico actualizado -> 132 filas
[2026-09-30 07:40:28] 247: histórico actualizado -> 207 filas
[2026-09-30 07:40:28] Catálogo actualizado: 32 estaciones
[2026-09-30 07:40:28] FIN DEL PROCESO - 23.1 segundos
[2026-09-30 08:40:06] INICIO DEL PROCESO
[2026-09-30 08:40:06] Abriendo página de login...
[2026-09-30 08:40:06] Realizando login...
[2026-09-30 08:40:07] LOGIN OK -> https://polaris.adrtecnology.com/gis/map
[2026-09-30 08:40:07] Estaciones conservadas del catálogo histórico: 32
[2026-09-30 08:40:07] Estaciones obtenidas desde viewer: 20
[2026-09-30 08:40:09] Estaciones obtenidas directamente desde GIS: 32
[2026-09-30 08:40:09] 200: estación con datos, pero sin las variables seleccionadas
[2026-09-30 08:40:10] 215: 1/4 variables -> Ll acu 1 h
[2026-09-30 08:40:10] 216: 3/4 variables -> HRa med 1h, Ll acu 1 h, Ta med 1h
[2026-09-30 08:40:11] 217: 3/4 variables -> HRa med 1h, Ll acu 1 h, Ta med 1h
[2026-09-30 08:40:11] 218: 2/4 variables -> Ll acu 1 h, Ta med 1h
[2026-09-30 08:40:12] 220: 1/4 variables -> PP Acc (1h)
[2026-09-30 08:40:12] 221: 3/4 variables -> HRa med 1h, Ll acu 1 h, Ta med 1h
[2026-09-30 08:40:13] 223: 3/4 variables -> HRa med 1h, Ll acu 1 h, Ta med 1h
[2026-09-30 08:40:14] 224: SIN DATOS EN EL ÚLTIMO DÍA
[2026-09-30 08:40:14] 225: 3/4 variables -> HRa med 1h, Ll acu 1 h, Ta med 1h
[2026-09-30 08:40:15] 226: 3/4 variables -> HRa med 1h, Ll acu 1 h, Ta med 1h
[2026-09-30 08:40:15] 227: 3/4 variables -> HRa med 1h, Ll acu 1 h, Ta med 1h
[2026-09-30 08:40:16] 228: 3/4 variables -> HRa med 1h, Ll acu 1 h, Ta med 1h
[2026-09-30 08:40:16] 229: 3/4 variables -> HRa med 1h, Ll acu 1 h, Ta med 1h
[2026-09-30 08:40:17] 230: SIN DATOS EN EL ÚLTIMO DÍA
[2026-09-30 08:40:17] 231: 3/4 variables -> HRa med 1h, Ll acu 1 h, Ta med 1h
[2026-09-30 08:40:18] 232: 3/4 variables -> HRa med 1h, Ll acu 1 h, Ta med 1h
[2026-09-30 08:40:19] 233: SIN DATOS EN EL ÚLTIMO DÍA
[2026-09-30 08:40:19] 234: 3/4 variables -> HRa med 1h, Ll acu 1 h, Ta med 1h
[2026-09-30 08:40:20] 235: 3/4 variables -> HRa med 1h, Ll acu 1 h, Ta med 1h
[2026-09-30 08:40:20] 236: 3/4 variables -> HRa med 1h, Ll acu 1 h, Ta med 1h
[2026-09-30 08:40:21] 237: SIN DATOS EN EL ÚLTIMO DÍA
[2026-09-30 08:40:21] 238: 3/4 variables -> HRa med 1h, Ll acu 1 h, Ta med 1h
[2026-09-30 08:40:22] 239: SIN DATOS EN EL ÚLTIMO DÍA
[2026-09-30 08:40:23] 240: 3/4 variables -> HRa med 1h, Ll acu 1 h, Ta med 1h
[2026-09-30 08:40:23] 241: 3/4 variables -> HRa med 1h, Ll acu 1 h, Ta med 1h
[2026-09-30 08:40:24] 242: 3/4 variables -> HRa med 1h, Ll acu 1 h, Ta med 1h
[2026-09-30 08:40:24] 243: 3/4 variables -> HRa med 1h, Ll acu 1 h, Ta med 1h
[2026-09-30 08:40:25] 244: 3/4 variables -> HRa med 1h, Ll acu 1 h, Ta med 1h
[2026-09-30 08:40:25] 245: 3/4 variables -> HRa med 1h, Ll acu 1 h, Ta med 1h
[2026-09-30 08:40:26] 246: 3/4 variables -> HRa med 1h, Ll acu 1 h, Ta med 1h
[2026-09-30 08:40:27] 247: 3/4 variables -> HRa med 1h, Ll acu 1 h, Ta med 1h
[2026-09-30 08:40:27] 215: histórico actualizado -> 167 filas
[2026-09-30 08:40:27] 216: histórico actualizado -> 122 filas
[2026-09-30 08:40:27] 217: histórico actualizado -> 161 filas
[2026-09-30 08:40:27] 218: histórico actualizado -> 168 filas
[2026-09-30 08:40:27] 220: histórico actualizado -> 166 filas
[2026-09-30 08:40:27] 221: histórico actualizado -> 333 filas
[2026-09-30 08:40:27] 223: histórico actualizado -> 324 filas
[2026-09-30 08:40:27] 225: histórico actualizado -> 321 filas
[2026-09-30 08:40:27] 226: histórico actualizado -> 322 filas
[2026-09-30 08:40:28] 227: histórico actualizado -> 327 filas
[2026-09-30 08:40:28] 228: histórico actualizado -> 319 filas
[2026-09-30 08:40:28] 229: histórico actualizado -> 325 filas
[2026-09-30 08:40:28] 231: histórico actualizado -> 325 filas
[2026-09-30 08:40:28] 232: histórico actualizado -> 305 filas
[2026-09-30 08:40:28] 234: histórico actualizado -> 309 filas
[2026-09-30 08:40:28] 235: histórico actualizado -> 275 filas
[2026-09-30 08:40:28] 236: histórico actualizado -> 324 filas
[2026-09-30 08:40:28] 238: histórico actualizado -> 327 filas
[2026-09-30 08:40:28] 240: histórico actualizado -> 284 filas
[2026-09-30 08:40:28] 241: histórico actualizado -> 169 filas
[2026-09-30 08:40:28] 242: histórico actualizado -> 261 filas
[2026-09-30 08:40:28] 243: histórico actualizado -> 321 filas
[2026-09-30 08:40:28] 244: histórico actualizado -> 196 filas
[2026-09-30 08:40:28] 245: histórico actualizado -> 249 filas
[2026-09-30 08:40:28] 246: histórico actualizado -> 133 filas
[2026-09-30 08:40:29] 247: histórico actualizado -> 207 filas
[2026-09-30 08:40:29] Catálogo actualizado: 32 estaciones
[2026-09-30 08:40:29] FIN DEL PROCESO - 22.8 segundos
[2026-09-30 09:40:05] INICIO DEL PROCESO
[2026-09-30 09:40:05] Abriendo página de login...
[2026-09-30 09:40:05] Realizando login...
[2026-09-30 09:40:06] LOGIN OK -> https://polaris.adrtecnology.com/gis/map
[2026-09-30 09:40:06] Estaciones conservadas del catálogo histórico: 32
[2026-09-30 09:40:06] Estaciones obtenidas desde viewer: 20
[2026-09-30 09:40:08] Estaciones obtenidas directamente desde GIS: 32
[2026-09-30 09:40:08] 200: estación con datos, pero sin las variables seleccionadas
[2026-09-30 09:40:09] 215: 1/4 variables -> Ll acu 1 h
[2026-09-30 09:40:09] 216: 3/4 variables -> HRa med 1h, Ll acu 1 h, Ta med 1h
[2026-09-30 09:40:10] 217: 3/4 variables -> HRa med 1h, Ll acu 1 h, Ta med 1h
[2026-09-30 09:40:10] 218: 2/4 variables -> Ll acu 1 h, Ta med 1h
[2026-09-30 09:40:11] 220: 1/4 variables -> PP Acc (1h)
[2026-09-30 09:40:11] 221: 3/4 variables -> HRa med 1h, Ll acu 1 h, Ta med 1h
[2026-09-30 09:40:12] 223: 3/4 variables -> HRa med 1h, Ll acu 1 h, Ta med 1h
[2026-09-30 09:40:12] 224: SIN DATOS EN EL ÚLTIMO DÍA
[2026-09-30 09:40:13] 225: 3/4 variables -> HRa med 1h, Ll acu 1 h, Ta med 1h
[2026-09-30 09:40:13] 226: 3/4 variables -> HRa med 1h, Ll acu 1 h, Ta med 1h
[2026-09-30 09:40:14] 227: 3/4 variables -> HRa med 1h, Ll acu 1 h, Ta med 1h
[2026-09-30 09:40:15] 228: 3/4 variables -> HRa med 1h, Ll acu 1 h, Ta med 1h
[2026-09-30 09:40:15] 229: 3/4 variables -> HRa med 1h, Ll acu 1 h, Ta med 1h
[2026-09-30 09:40:16] 230: SIN DATOS EN EL ÚLTIMO DÍA
[2026-09-30 09:40:16] 231: 3/4 variables -> HRa med 1h, Ll acu 1 h, Ta med 1h
[2026-09-30 09:40:17] 232: 3/4 variables -> HRa med 1h, Ll acu 1 h, Ta med 1h
[2026-09-30 09:40:17] 233: SIN DATOS EN EL ÚLTIMO DÍA
[2026-09-30 09:40:18] 234: 3/4 variables -> HRa med 1h, Ll acu 1 h, Ta med 1h
[2026-09-30 09:40:18] 235: 3/4 variables -> HRa med 1h, Ll acu 1 h, Ta med 1h
[2026-09-30 09:40:19] 236: 3/4 variables -> HRa med 1h, Ll acu 1 h, Ta med 1h
[2026-09-30 09:40:20] 237: SIN DATOS EN EL ÚLTIMO DÍA
[2026-09-30 09:40:20] 238: 3/4 variables -> HRa med 1h, Ll acu 1 h, Ta med 1h
[2026-09-30 09:40:21] 239: SIN DATOS EN EL ÚLTIMO DÍA
[2026-09-30 09:40:21] 240: 3/4 variables -> HRa med 1h, Ll acu 1 h, Ta med 1h
[2026-09-30 09:40:22] 241: 3/4 variables -> HRa med 1h, Ll acu 1 h, Ta med 1h
[2026-09-30 09:40:22] 242: 3/4 variables -> HRa med 1h, Ll acu 1 h, Ta med 1h
[2026-09-30 09:40:23] 243: 3/4 variables -> HRa med 1h, Ll acu 1 h, Ta med 1h
[2026-09-30 09:40:23] 244: 3/4 variables -> HRa med 1h, Ll acu 1 h, Ta med 1h
[2026-09-30 09:40:24] 245: 3/4 variables -> HRa med 1h, Ll acu 1 h, Ta med 1h
[2026-09-30 09:40:25] 246: 3/4 variables -> HRa med 1h, Ll acu 1 h, Ta med 1h
[2026-09-30 09:40:25] 247: 3/4 variables -> HRa med 1h, Ll acu 1 h, Ta med 1h
[2026-09-30 09:40:25] 215: histórico actualizado -> 168 filas
[2026-09-30 09:40:26] 216: histórico actualizado -> 123 filas
[2026-09-30 09:40:26] 217: histórico actualizado -> 162 filas
[2026-09-30 09:40:26] 218: histórico actualizado -> 169 filas
[2026-09-30 09:40:26] 220: histórico actualizado -> 167 filas
[2026-09-30 09:40:26] 221: histórico actualizado -> 335 filas
[2026-09-30 09:40:26] 223: histórico actualizado -> 326 filas
[2026-09-30 09:40:26] 225: histórico actualizado -> 323 filas
[2026-09-30 09:40:26] 226: histórico actualizado -> 324 filas
[2026-09-30 09:40:26] 227: histórico actualizado -> 329 filas
[2026-09-30 09:40:26] 228: histórico actualizado -> 321 filas
[2026-09-30 09:40:26] 229: histórico actualizado -> 327 filas
[2026-09-30 09:40:26] 231: histórico actualizado -> 327 filas
[2026-09-30 09:40:26] 232: histórico actualizado -> 307 filas
[2026-09-30 09:40:26] 234: histórico actualizado -> 311 filas
[2026-09-30 09:40:26] 235: histórico actualizado -> 276 filas
[2026-09-30 09:40:27] 236: histórico actualizado -> 326 filas
[2026-09-30 09:40:27] 238: histórico actualizado -> 329 filas
[2026-09-30 09:40:27] 240: histórico actualizado -> 286 filas
[2026-09-30 09:40:27] 241: histórico actualizado -> 169 filas
[2026-09-30 09:40:27] 242: histórico actualizado -> 261 filas
[2026-09-30 09:40:27] 243: histórico actualizado -> 323 filas
[2026-09-30 09:40:27] 244: histórico actualizado -> 198 filas
[2026-09-30 09:40:27] 245: histórico actualizado -> 251 filas
[2026-09-30 09:40:27] 246: histórico actualizado -> 134 filas
[2026-09-30 09:40:27] 247: histórico actualizado -> 209 filas
[2026-09-30 09:40:27] Catálogo actualizado: 32 estaciones
[2026-09-30 09:40:27] FIN DEL PROCESO - 22.5 segundos
[2026-09-30 10:40:04] INICIO DEL PROCESO
[2026-09-30 10:40:04] Abriendo página de login...
[2026-09-30 10:40:05] Realizando login...
[2026-09-30 10:40:06] LOGIN OK -> https://polaris.adrtecnology.com/gis/map
[2026-09-30 10:40:06] Estaciones conservadas del catálogo histórico: 32
[2026-09-30 10:40:06] Estaciones obtenidas desde viewer: 20
[2026-09-30 10:40:08] Estaciones obtenidas directamente desde GIS: 32
[2026-09-30 10:40:08] 200: estación con datos, pero sin las variables seleccionadas
[2026-09-30 10:40:09] 215: 1/4 variables -> Ll acu 1 h
[2026-09-30 10:40:09] 216: 3/4 variables -> HRa med 1h, Ll acu 1 h, Ta med 1h
[2026-09-30 10:40:10] 217: 3/4 variables -> HRa med 1h, Ll acu 1 h, Ta med 1h
[2026-09-30 10:40:10] 218: 2/4 variables -> Ll acu 1 h, Ta med 1h
[2026-09-30 10:40:11] 220: 1/4 variables -> PP Acc (1h)
[2026-09-30 10:40:11] 221: 3/4 variables -> HRa med 1h, Ll acu 1 h, Ta med 1h
[2026-09-30 10:40:12] 223: 3/4 variables -> HRa med 1h, Ll acu 1 h, Ta med 1h
[2026-09-30 10:40:12] 224: SIN DATOS EN EL ÚLTIMO DÍA
[2026-09-30 10:40:13] 225: 3/4 variables -> HRa med 1h, Ll acu 1 h, Ta med 1h
[2026-09-30 10:40:14] 226: 3/4 variables -> HRa med 1h, Ll acu 1 h, Ta med 1h
[2026-09-30 10:40:14] 227: 3/4 variables -> HRa med 1h, Ll acu 1 h, Ta med 1h
[2026-09-30 10:40:15] 228: 3/4 variables -> HRa med 1h, Ll acu 1 h, Ta med 1h
[2026-09-30 10:40:15] 229: 3/4 variables -> HRa med 1h, Ll acu 1 h, Ta med 1h
[2026-09-30 10:40:16] 230: SIN DATOS EN EL ÚLTIMO DÍA
[2026-09-30 10:40:16] 231: 3/4 variables -> HRa med 1h, Ll acu 1 h, Ta med 1h
[2026-09-30 10:40:17] 232: 3/4 variables -> HRa med 1h, Ll acu 1 h, Ta med 1h
[2026-09-30 10:40:17] 233: SIN DATOS EN EL ÚLTIMO DÍA
[2026-09-30 10:40:18] 234: 3/4 variables -> HRa med 1h, Ll acu 1 h, Ta med 1h
[2026-09-30 10:40:19] 235: 3/4 variables -> HRa med 1h, Ll acu 1 h, Ta med 1h
[2026-09-30 10:40:19] 236: 3/4 variables -> HRa med 1h, Ll acu 1 h, Ta med 1h
[2026-09-30 10:40:20] 237: SIN DATOS EN EL ÚLTIMO DÍA
[2026-09-30 10:40:20] 238: 3/4 variables -> HRa med 1h, Ll acu 1 h, Ta med 1h
[2026-09-30 10:40:21] 239: SIN DATOS EN EL ÚLTIMO DÍA
[2026-09-30 10:40:21] 240: 3/4 variables -> HRa med 1h, Ll acu 1 h, Ta med 1h
[2026-09-30 10:40:22] 241: 3/4 variables -> HRa med 1h, Ll acu 1 h, Ta med 1h
[2026-09-30 10:40:22] 242: 3/4 variables -> HRa med 1h, Ll acu 1 h, Ta med 1h
[2026-09-30 10:40:23] 243: 3/4 variables -> HRa med 1h, Ll acu 1 h, Ta med 1h
[2026-09-30 10:40:24] 244: 3/4 variables -> HRa med 1h, Ll acu 1 h, Ta med 1h
[2026-09-30 10:40:24] 245: 3/4 variables -> HRa med 1h, Ll acu 1 h, Ta med 1h
[2026-09-30 10:40:25] 246: 3/4 variables -> HRa med 1h, Ll acu 1 h, Ta med 1h
[2026-09-30 10:40:25] 247: 3/4 variables -> HRa med 1h, Ll acu 1 h, Ta med 1h
[2026-09-30 10:40:26] 215: histórico actualizado -> 169 filas
[2026-09-30 10:40:26] 216: histórico actualizado -> 124 filas
[2026-09-30 10:40:26] 217: histórico actualizado -> 163 filas
[2026-09-30 10:40:26] 218: histórico actualizado -> 170 filas
[2026-09-30 10:40:26] 220: histórico actualizado -> 168 filas
[2026-09-30 10:40:26] 221: histórico actualizado -> 337 filas
[2026-09-30 10:40:26] 223: histórico actualizado -> 328 filas
[2026-09-30 10:40:26] 225: histórico actualizado -> 325 filas
[2026-09-30 10:40:26] 226: histórico actualizado -> 326 filas
[2026-09-30 10:40:26] 227: histórico actualizado -> 331 filas
[2026-09-30 10:40:26] 228: histórico actualizado -> 323 filas
[2026-09-30 10:40:26] 229: histórico actualizado -> 329 filas
[2026-09-30 10:40:26] 231: histórico actualizado -> 329 filas
[2026-09-30 10:40:27] 232: histórico actualizado -> 309 filas
[2026-09-30 10:40:27] 234: histórico actualizado -> 313 filas
[2026-09-30 10:40:27] 235: histórico actualizado -> 278 filas
[2026-09-30 10:40:27] 236: histórico actualizado -> 328 filas
[2026-09-30 10:40:27] 238: histórico actualizado -> 331 filas
[2026-09-30 10:40:27] 240: histórico actualizado -> 288 filas
[2026-09-30 10:40:27] 241: histórico actualizado -> 169 filas
[2026-09-30 10:40:27] 242: histórico actualizado -> 261 filas
[2026-09-30 10:40:27] 243: histórico actualizado -> 325 filas
[2026-09-30 10:40:27] 244: histórico actualizado -> 200 filas
[2026-09-30 10:40:27] 245: histórico actualizado -> 251 filas
[2026-09-30 10:40:27] 246: histórico actualizado -> 136 filas
[2026-09-30 10:40:27] 247: histórico actualizado -> 211 filas
[2026-09-30 10:40:27] Catálogo actualizado: 32 estaciones
[2026-09-30 10:40:27] FIN DEL PROCESO - 22.7 segundos
[2026-09-30 11:40:04] INICIO DEL PROCESO
[2026-09-30 11:40:04] Abriendo página de login...
[2026-09-30 11:40:05] Realizando login...
[2026-09-30 11:40:05] LOGIN OK -> https://polaris.adrtecnology.com/gis/map
[2026-09-30 11:40:05] Estaciones conservadas del catálogo histórico: 32
[2026-09-30 11:40:06] Estaciones obtenidas desde viewer: 20
[2026-09-30 11:40:07] Estaciones obtenidas directamente desde GIS: 32
[2026-09-30 11:40:08] 200: estación con datos, pero sin las variables seleccionadas
[2026-09-30 11:40:08] 215: 1/4 variables -> Ll acu 1 h
[2026-09-30 11:40:09] 216: 3/4 variables -> HRa med 1h, Ll acu 1 h, Ta med 1h
[2026-09-30 11:40:09] 217: 3/4 variables -> HRa med 1h, Ll acu 1 h, Ta med 1h
[2026-09-30 11:40:10] 218: 2/4 variables -> Ll acu 1 h, Ta med 1h
[2026-09-30 11:40:10] 220: 1/4 variables -> PP Acc (1h)
[2026-09-30 11:40:11] 221: 3/4 variables -> HRa med 1h, Ll acu 1 h, Ta med 1h
[2026-09-30 11:40:11] 223: 3/4 variables -> HRa med 1h, Ll acu 1 h, Ta med 1h
[2026-09-30 11:40:12] 224: SIN DATOS EN EL ÚLTIMO DÍA
[2026-09-30 11:40:13] 225: 3/4 variables -> HRa med 1h, Ll acu 1 h, Ta med 1h
[2026-09-30 11:40:13] 226: 3/4 variables -> HRa med 1h, Ll acu 1 h, Ta med 1h
[2026-09-30 11:40:14] 227: 3/4 variables -> HRa med 1h, Ll acu 1 h, Ta med 1h
[2026-09-30 11:40:14] 228: 3/4 variables -> HRa med 1h, Ll acu 1 h, Ta med 1h
[2026-09-30 11:40:15] 229: 3/4 variables -> HRa med 1h, Ll acu 1 h, Ta med 1h
[2026-09-30 11:40:16] 230: SIN DATOS EN EL ÚLTIMO DÍA
[2026-09-30 11:40:16] 231: 3/4 variables -> HRa med 1h, Ll acu 1 h, Ta med 1h
[2026-09-30 11:40:17] 232: 3/4 variables -> HRa med 1h, Ll acu 1 h, Ta med 1h
[2026-09-30 11:40:17] 233: SIN DATOS EN EL ÚLTIMO DÍA
[2026-09-30 11:40:18] 234: 3/4 variables -> HRa med 1h, Ll acu 1 h, Ta med 1h
[2026-09-30 11:40:18] 235: 3/4 variables -> HRa med 1h, Ll acu 1 h, Ta med 1h
[2026-09-30 11:40:19] 236: 3/4 variables -> HRa med 1h, Ll acu 1 h, Ta med 1h
[2026-09-30 11:40:19] 237: SIN DATOS EN EL ÚLTIMO DÍA
[2026-09-30 11:40:20] 238: 3/4 variables -> HRa med 1h, Ll acu 1 h, Ta med 1h
[2026-09-30 11:40:21] 239: SIN DATOS EN EL ÚLTIMO DÍA
[2026-09-30 11:40:21] 240: 3/4 variables -> HRa med 1h, Ll acu 1 h, Ta med 1h
[2026-09-30 11:40:22] 241: 3/4 variables -> HRa med 1h, Ll acu 1 h, Ta med 1h
[2026-09-30 11:40:22] 242: 3/4 variables -> HRa med 1h, Ll acu 1 h, Ta med 1h
[2026-09-30 11:40:23] 243: 3/4 variables -> HRa med 1h, Ll acu 1 h, Ta med 1h
[2026-09-30 11:40:23] 244: 3/4 variables -> HRa med 1h, Ll acu 1 h, Ta med 1h
[2026-09-30 11:40:24] 245: 3/4 variables -> HRa med 1h, Ll acu 1 h, Ta med 1h
[2026-09-30 11:40:24] 246: 3/4 variables -> HRa med 1h, Ll acu 1 h, Ta med 1h
[2026-09-30 11:40:25] 247: 3/4 variables -> HRa med 1h, Ll acu 1 h, Ta med 1h
[2026-09-30 11:40:25] 215: histórico actualizado -> 170 filas
[2026-09-30 11:40:25] 216: histórico actualizado -> 125 filas
[2026-09-30 11:40:25] 217: histórico actualizado -> 164 filas
[2026-09-30 11:40:25] 218: histórico actualizado -> 171 filas
[2026-09-30 11:40:26] 220: histórico actualizado -> 169 filas
[2026-09-30 11:40:26] 221: histórico actualizado -> 339 filas
[2026-09-30 11:40:26] 223: histórico actualizado -> 330 filas
[2026-09-30 11:40:26] 225: histórico actualizado -> 327 filas
[2026-09-30 11:40:26] 226: histórico actualizado -> 328 filas
[2026-09-30 11:40:26] 227: histórico actualizado -> 333 filas
[2026-09-30 11:40:26] 228: histórico actualizado -> 325 filas
[2026-09-30 11:40:26] 229: histórico actualizado -> 331 filas
[2026-09-30 11:40:26] 231: histórico actualizado -> 331 filas
[2026-09-30 11:40:26] 232: histórico actualizado -> 311 filas
[2026-09-30 11:40:26] 234: histórico actualizado -> 315 filas
[2026-09-30 11:40:26] 235: histórico actualizado -> 280 filas
[2026-09-30 11:40:26] 236: histórico actualizado -> 330 filas
[2026-09-30 11:40:26] 238: histórico actualizado -> 333 filas
[2026-09-30 11:40:26] 240: histórico actualizado -> 290 filas
[2026-09-30 11:40:26] 241: histórico actualizado -> 169 filas
[2026-09-30 11:40:27] 242: histórico actualizado -> 261 filas
[2026-09-30 11:40:27] 243: histórico actualizado -> 327 filas
[2026-09-30 11:40:27] 244: histórico actualizado -> 202 filas
[2026-09-30 11:40:27] 245: histórico actualizado -> 253 filas
[2026-09-30 11:40:27] 246: histórico actualizado -> 137 filas
[2026-09-30 11:40:27] 247: histórico actualizado -> 213 filas
[2026-09-30 11:40:27] Catálogo actualizado: 32 estaciones
[2026-09-30 11:40:27] FIN DEL PROCESO - 22.4 segundos
[2026-09-30 12:40:05] INICIO DEL PROCESO
[2026-09-30 12:40:05] Abriendo página de login...
[2026-09-30 12:40:05] Realizando login...
[2026-09-30 12:40:06] LOGIN OK -> https://polaris.adrtecnology.com/gis/map
[2026-09-30 12:40:06] Estaciones conservadas del catálogo histórico: 32
[2026-09-30 12:40:06] Estaciones obtenidas desde viewer: 20
[2026-09-30 12:40:08] Estaciones obtenidas directamente desde GIS: 32
[2026-09-30 12:40:08] 200: estación con datos, pero sin las variables seleccionadas
[2026-09-30 12:40:09] 215: 1/4 variables -> Ll acu 1 h
[2026-09-30 12:40:09] 216: 3/4 variables -> HRa med 1h, Ll acu 1 h, Ta med 1h
[2026-09-30 12:40:10] 217: 3/4 variables -> HRa med 1h, Ll acu 1 h, Ta med 1h
[2026-09-30 12:40:10] 218: 2/4 variables -> Ll acu 1 h, Ta med 1h
[2026-09-30 12:40:11] 220: 1/4 variables -> PP Acc (1h)
[2026-09-30 12:40:11] 221: 3/4 variables -> HRa med 1h, Ll acu 1 h, Ta med 1h
[2026-09-30 12:40:12] 223: 3/4 variables -> HRa med 1h, Ll acu 1 h, Ta med 1h
[2026-09-30 12:40:13] 224: SIN DATOS EN EL ÚLTIMO DÍA
[2026-09-30 12:40:13] 225: 3/4 variables -> HRa med 1h, Ll acu 1 h, Ta med 1h
[2026-09-30 12:40:14] 226: 3/4 variables -> HRa med 1h, Ll acu 1 h, Ta med 1h
[2026-09-30 12:40:14] 227: 3/4 variables -> HRa med 1h, Ll acu 1 h, Ta med 1h
[2026-09-30 12:40:15] 228: 3/4 variables -> HRa med 1h, Ll acu 1 h, Ta med 1h
[2026-09-30 12:40:15] 229: 3/4 variables -> HRa med 1h, Ll acu 1 h, Ta med 1h
[2026-09-30 12:40:16] 230: SIN DATOS EN EL ÚLTIMO DÍA
[2026-09-30 12:40:16] 231: 3/4 variables -> HRa med 1h, Ll acu 1 h, Ta med 1h
[2026-09-30 12:40:17] 232: 3/4 variables -> HRa med 1h, Ll acu 1 h, Ta med 1h
[2026-09-30 12:40:18] 233: SIN DATOS EN EL ÚLTIMO DÍA
[2026-09-30 12:40:18] 234: 3/4 variables -> HRa med 1h, Ll acu 1 h, Ta med 1h
[2026-09-30 12:40:19] 235: 3/4 variables -> HRa med 1h, Ll acu 1 h, Ta med 1h
[2026-09-30 12:40:19] 236: 3/4 variables -> HRa med 1h, Ll acu 1 h, Ta med 1h
[2026-09-30 12:40:20] 237: SIN DATOS EN EL ÚLTIMO DÍA
[2026-09-30 12:40:21] 238: 3/4 variables -> HRa med 1h, Ll acu 1 h, Ta med 1h
[2026-09-30 12:40:21] 239: SIN DATOS EN EL ÚLTIMO DÍA
[2026-09-30 12:40:22] 240: 3/4 variables -> HRa med 1h, Ll acu 1 h, Ta med 1h
[2026-09-30 12:40:22] 241: 3/4 variables -> HRa med 1h, Ll acu 1 h, Ta med 1h
[2026-09-30 12:40:23] 242: 3/4 variables -> HRa med 1h, Ll acu 1 h, Ta med 1h
[2026-09-30 12:40:23] 243: 3/4 variables -> HRa med 1h, Ll acu 1 h, Ta med 1h
[2026-09-30 12:40:24] 244: 3/4 variables -> HRa med 1h, Ll acu 1 h, Ta med 1h
[2026-09-30 12:40:24] 245: 3/4 variables -> HRa med 1h, Ll acu 1 h, Ta med 1h
[2026-09-30 12:40:25] 246: 3/4 variables -> HRa med 1h, Ll acu 1 h, Ta med 1h
[2026-09-30 12:40:26] 247: 3/4 variables -> HRa med 1h, Ll acu 1 h, Ta med 1h
[2026-09-30 12:40:26] 215: histórico actualizado -> 171 filas
[2026-09-30 12:40:26] 216: histórico actualizado -> 125 filas
[2026-09-30 12:40:26] 217: histórico actualizado -> 165 filas
[2026-09-30 12:40:26] 218: histórico actualizado -> 172 filas
[2026-09-30 12:40:26] 220: histórico actualizado -> 170 filas
[2026-09-30 12:40:26] 221: histórico actualizado -> 341 filas
[2026-09-30 12:40:26] 223: histórico actualizado -> 332 filas
[2026-09-30 12:40:26] 225: histórico actualizado -> 329 filas
[2026-09-30 12:40:26] 226: histórico actualizado -> 330 filas
[2026-09-30 12:40:27] 227: histórico actualizado -> 335 filas
[2026-09-30 12:40:27] 228: histórico actualizado -> 327 filas
[2026-09-30 12:40:27] 229: histórico actualizado -> 333 filas
[2026-09-30 12:40:27] 231: histórico actualizado -> 333 filas
[2026-09-30 12:40:27] 232: histórico actualizado -> 313 filas
[2026-09-30 12:40:27] 234: histórico actualizado -> 317 filas
[2026-09-30 12:40:27] 235: histórico actualizado -> 282 filas
[2026-09-30 12:40:27] 236: histórico actualizado -> 332 filas
[2026-09-30 12:40:27] 238: histórico actualizado -> 335 filas
[2026-09-30 12:40:27] 240: histórico actualizado -> 292 filas
[2026-09-30 12:40:27] 241: histórico actualizado -> 171 filas
[2026-09-30 12:40:27] 242: histórico actualizado -> 261 filas
[2026-09-30 12:40:28] 243: histórico actualizado -> 329 filas
[2026-09-30 12:40:28] 244: histórico actualizado -> 204 filas
[2026-09-30 12:40:28] 245: histórico actualizado -> 255 filas
[2026-09-30 12:40:28] 246: histórico actualizado -> 139 filas
[2026-09-30 12:40:28] 247: histórico actualizado -> 215 filas
[2026-09-30 12:40:28] Catálogo actualizado: 32 estaciones
[2026-09-30 12:40:28] FIN DEL PROCESO - 23.0 segundos
[2026-09-30 13:40:05] INICIO DEL PROCESO
[2026-09-30 13:40:05] Abriendo página de login...
[2026-09-30 13:40:07] Realizando login...
[2026-09-30 13:40:08] LOGIN OK -> https://polaris.adrtecnology.com/gis/map
[2026-09-30 13:40:08] Estaciones conservadas del catálogo histórico: 32
[2026-09-30 13:40:08] Estaciones obtenidas desde viewer: 20
[2026-09-30 13:40:10] Estaciones obtenidas directamente desde GIS: 32
[2026-09-30 13:40:10] 200: estación con datos, pero sin las variables seleccionadas
[2026-09-30 13:40:11] 215: 1/4 variables -> Ll acu 1 h
[2026-09-30 13:40:11] 216: 3/4 variables -> HRa med 1h, Ll acu 1 h, Ta med 1h
[2026-09-30 13:40:12] 217: 3/4 variables -> HRa med 1h, Ll acu 1 h, Ta med 1h
[2026-09-30 13:40:12] 218: 2/4 variables -> Ll acu 1 h, Ta med 1h
[2026-09-30 13:40:13] 220: 1/4 variables -> PP Acc (1h)
[2026-09-30 13:40:13] 221: 3/4 variables -> HRa med 1h, Ll acu 1 h, Ta med 1h
[2026-09-30 13:40:14] 223: 3/4 variables -> HRa med 1h, Ll acu 1 h, Ta med 1h
[2026-09-30 13:40:15] 224: SIN DATOS EN EL ÚLTIMO DÍA
[2026-09-30 13:40:15] 225: 3/4 variables -> HRa med 1h, Ll acu 1 h, Ta med 1h
[2026-09-30 13:40:16] 226: 3/4 variables -> HRa med 1h, Ll acu 1 h, Ta med 1h
[2026-09-30 13:40:16] 227: 3/4 variables -> HRa med 1h, Ll acu 1 h, Ta med 1h
[2026-09-30 13:40:17] 228: 3/4 variables -> HRa med 1h, Ll acu 1 h, Ta med 1h
[2026-09-30 13:40:17] 229: 3/4 variables -> HRa med 1h, Ll acu 1 h, Ta med 1h
[2026-09-30 13:40:18] 230: SIN DATOS EN EL ÚLTIMO DÍA
[2026-09-30 13:40:18] 231: 3/4 variables -> HRa med 1h, Ll acu 1 h, Ta med 1h
[2026-09-30 13:40:19] 232: 3/4 variables -> HRa med 1h, Ll acu 1 h, Ta med 1h
[2026-09-30 13:40:20] 233: SIN DATOS EN EL ÚLTIMO DÍA
[2026-09-30 13:40:20] 234: 3/4 variables -> HRa med 1h, Ll acu 1 h, Ta med 1h
[2026-09-30 13:40:21] 235: 3/4 variables -> HRa med 1h, Ll acu 1 h, Ta med 1h
[2026-09-30 13:40:21] 236: 3/4 variables -> HRa med 1h, Ll acu 1 h, Ta med 1h
[2026-09-30 13:40:22] 237: SIN DATOS EN EL ÚLTIMO DÍA
[2026-09-30 13:40:22] 238: 3/4 variables -> HRa med 1h, Ll acu 1 h, Ta med 1h
[2026-09-30 13:40:23] 239: SIN DATOS EN EL ÚLTIMO DÍA
[2026-09-30 13:40:24] 240: 3/4 variables -> HRa med 1h, Ll acu 1 h, Ta med 1h
[2026-09-30 13:40:24] 241: 3/4 variables -> HRa med 1h, Ll acu 1 h, Ta med 1h
[2026-09-30 13:40:25] 242: 3/4 variables -> HRa med 1h, Ll acu 1 h, Ta med 1h
[2026-09-30 13:40:25] 243: 3/4 variables -> HRa med 1h, Ll acu 1 h, Ta med 1h
[2026-09-30 13:40:26] 244: 3/4 variables -> HRa med 1h, Ll acu 1 h, Ta med 1h
[2026-09-30 13:40:26] 245: 3/4 variables -> HRa med 1h, Ll acu 1 h, Ta med 1h
[2026-09-30 13:40:27] 246: 3/4 variables -> HRa med 1h, Ll acu 1 h, Ta med 1h
[2026-09-30 13:40:27] 247: 3/4 variables -> HRa med 1h, Ll acu 1 h, Ta med 1h
[2026-09-30 13:40:28] 215: histórico actualizado -> 172 filas
[2026-09-30 13:40:28] 216: histórico actualizado -> 125 filas
[2026-09-30 13:40:28] 217: histórico actualizado -> 165 filas
[2026-09-30 13:40:28] 218: histórico actualizado -> 173 filas
[2026-09-30 13:40:28] 220: histórico actualizado -> 171 filas
[2026-09-30 13:40:28] 221: histórico actualizado -> 343 filas
[2026-09-30 13:40:28] 223: histórico actualizado -> 334 filas
[2026-09-30 13:40:28] 225: histórico actualizado -> 331 filas
[2026-09-30 13:40:28] 226: histórico actualizado -> 332 filas
[2026-09-30 13:40:28] 227: histórico actualizado -> 337 filas
[2026-09-30 13:40:29] 228: histórico actualizado -> 329 filas
[2026-09-30 13:40:29] 229: histórico actualizado -> 335 filas
[2026-09-30 13:40:29] 231: histórico actualizado -> 335 filas
[2026-09-30 13:40:29] 232: histórico actualizado -> 315 filas
[2026-09-30 13:40:29] 234: histórico actualizado -> 319 filas
[2026-09-30 13:40:29] 235: histórico actualizado -> 284 filas
[2026-09-30 13:40:29] 236: histórico actualizado -> 334 filas
[2026-09-30 13:40:29] 238: histórico actualizado -> 337 filas
[2026-09-30 13:40:29] 240: histórico actualizado -> 294 filas
[2026-09-30 13:40:29] 241: histórico actualizado -> 173 filas
[2026-09-30 13:40:29] 242: histórico actualizado -> 261 filas
[2026-09-30 13:40:29] 243: histórico actualizado -> 331 filas
[2026-09-30 13:40:29] 244: histórico actualizado -> 206 filas
[2026-09-30 13:40:29] 245: histórico actualizado -> 257 filas
[2026-09-30 13:40:30] 246: histórico actualizado -> 140 filas
[2026-09-30 13:40:30] 247: histórico actualizado -> 217 filas
[2026-09-30 13:40:30] Catálogo actualizado: 32 estaciones
[2026-09-30 13:40:30] FIN DEL PROCESO - 25.0 segundos
[2026-09-30 14:40:08] INICIO DEL PROCESO
[2026-09-30 14:40:08] Abriendo página de login...
[2026-09-30 14:40:08] Realizando login...
[2026-09-30 14:40:09] LOGIN OK -> https://polaris.adrtecnology.com/gis/map
[2026-09-30 14:40:09] Estaciones conservadas del catálogo histórico: 32
[2026-09-30 14:40:09] Estaciones obtenidas desde viewer: 20
[2026-09-30 14:40:11] Estaciones obtenidas directamente desde GIS: 32
[2026-09-30 14:40:11] 200: estación con datos, pero sin las variables seleccionadas
[2026-09-30 14:40:12] 215: 1/4 variables -> Ll acu 1 h
[2026-09-30 14:40:12] 216: 3/4 variables -> HRa med 1h, Ll acu 1 h, Ta med 1h
[2026-09-30 14:40:13] 217: 3/4 variables -> HRa med 1h, Ll acu 1 h, Ta med 1h
[2026-09-30 14:40:13] 218: 2/4 variables -> Ll acu 1 h, Ta med 1h
[2026-09-30 14:40:14] 220: 1/4 variables -> PP Acc (1h)
[2026-09-30 14:40:14] 221: 3/4 variables -> HRa med 1h, Ll acu 1 h, Ta med 1h
[2026-09-30 14:40:15] 223: 3/4 variables -> HRa med 1h, Ll acu 1 h, Ta med 1h
[2026-09-30 14:40:15] 224: SIN DATOS EN EL ÚLTIMO DÍA
[2026-09-30 14:40:16] 225: 3/4 variables -> HRa med 1h, Ll acu 1 h, Ta med 1h
[2026-09-30 14:40:17] 226: 3/4 variables -> HRa med 1h, Ll acu 1 h, Ta med 1h
[2026-09-30 14:40:17] 227: 3/4 variables -> HRa med 1h, Ll acu 1 h, Ta med 1h
[2026-09-30 14:40:18] 228: 3/4 variables -> HRa med 1h, Ll acu 1 h, Ta med 1h
[2026-09-30 14:40:18] 229: 3/4 variables -> HRa med 1h, Ll acu 1 h, Ta med 1h
[2026-09-30 14:40:19] 230: SIN DATOS EN EL ÚLTIMO DÍA
[2026-09-30 14:40:19] 231: 3/4 variables -> HRa med 1h, Ll acu 1 h, Ta med 1h
[2026-09-30 14:40:20] 232: 3/4 variables -> HRa med 1h, Ll acu 1 h, Ta med 1h
[2026-09-30 14:40:20] 233: SIN DATOS EN EL ÚLTIMO DÍA
[2026-09-30 14:40:21] 234: 3/4 variables -> HRa med 1h, Ll acu 1 h, Ta med 1h
[2026-09-30 14:40:21] 235: 3/4 variables -> HRa med 1h, Ll acu 1 h, Ta med 1h
[2026-09-30 14:40:22] 236: 3/4 variables -> HRa med 1h, Ll acu 1 h, Ta med 1h
[2026-09-30 14:40:23] 237: SIN DATOS EN EL ÚLTIMO DÍA
[2026-09-30 14:40:23] 238: 3/4 variables -> HRa med 1h, Ll acu 1 h, Ta med 1h
[2026-09-30 14:40:24] 239: SIN DATOS EN EL ÚLTIMO DÍA
[2026-09-30 14:40:24] 240: 3/4 variables -> HRa med 1h, Ll acu 1 h, Ta med 1h
[2026-09-30 14:40:25] 241: 3/4 variables -> HRa med 1h, Ll acu 1 h, Ta med 1h
[2026-09-30 14:40:26] 242: 3/4 variables -> HRa med 1h, Ll acu 1 h, Ta med 1h
[2026-09-30 14:40:26] 243: 3/4 variables -> HRa med 1h, Ll acu 1 h, Ta med 1h
[2026-09-30 14:40:27] 244: 3/4 variables -> HRa med 1h, Ll acu 1 h, Ta med 1h
[2026-09-30 14:40:27] 245: 3/4 variables -> HRa med 1h, Ll acu 1 h, Ta med 1h
[2026-09-30 14:40:28] 246: 3/4 variables -> HRa med 1h, Ll acu 1 h, Ta med 1h
[2026-09-30 14:40:28] 247: 3/4 variables -> HRa med 1h, Ll acu 1 h, Ta med 1h
[2026-09-30 14:40:29] 215: histórico actualizado -> 172 filas
[2026-09-30 14:40:29] 216: histórico actualizado -> 125 filas
[2026-09-30 14:40:29] 217: histórico actualizado -> 165 filas
[2026-09-30 14:40:29] 218: histórico actualizado -> 174 filas
[2026-09-30 14:40:29] 220: histórico actualizado -> 171 filas
[2026-09-30 14:40:29] 221: histórico actualizado -> 344 filas
[2026-09-30 14:40:29] 223: histórico actualizado -> 335 filas
[2026-09-30 14:40:29] 225: histórico actualizado -> 332 filas
[2026-09-30 14:40:29] 226: histórico actualizado -> 333 filas
[2026-09-30 14:40:29] 227: histórico actualizado -> 338 filas
[2026-09-30 14:40:29] 228: histórico actualizado -> 330 filas
[2026-09-30 14:40:29] 229: histórico actualizado -> 336 filas
[2026-09-30 14:40:29] 231: histórico actualizado -> 336 filas
[2026-09-30 14:40:29] 232: histórico actualizado -> 316 filas
[2026-09-30 14:40:29] 234: histórico actualizado -> 320 filas
[2026-09-30 14:40:30] 235: histórico actualizado -> 285 filas
[2026-09-30 14:40:30] 236: histórico actualizado -> 335 filas
[2026-09-30 14:40:30] 238: histórico actualizado -> 338 filas
[2026-09-30 14:40:30] 240: histórico actualizado -> 295 filas
[2026-09-30 14:40:30] 241: histórico actualizado -> 174 filas
[2026-09-30 14:40:30] 242: histórico actualizado -> 261 filas
[2026-09-30 14:40:30] 243: histórico actualizado -> 332 filas
[2026-09-30 14:40:30] 244: histórico actualizado -> 207 filas
[2026-09-30 14:40:30] 245: histórico actualizado -> 258 filas
[2026-09-30 14:40:30] 246: histórico actualizado -> 142 filas
[2026-09-30 14:40:30] 247: histórico actualizado -> 218 filas
[2026-09-30 14:40:30] Catálogo actualizado: 32 estaciones
[2026-09-30 14:40:30] FIN DEL PROCESO - 22.5 segundos
[2026-09-30 15:40:05] INICIO DEL PROCESO
[2026-09-30 15:40:05] Abriendo página de login...
[2026-09-30 15:40:06] Realizando login...
[2026-09-30 15:40:06] LOGIN OK -> https://polaris.adrtecnology.com/gis/map
[2026-09-30 15:40:06] Estaciones conservadas del catálogo histórico: 32
[2026-09-30 15:40:06] Estaciones obtenidas desde viewer: 20
[2026-09-30 15:40:08] Estaciones obtenidas directamente desde GIS: 32
[2026-09-30 15:40:08] 200: estación con datos, pero sin las variables seleccionadas
[2026-09-30 15:40:09] 215: 1/4 variables -> Ll acu 1 h
[2026-09-30 15:40:10] 216: 3/4 variables -> HRa med 1h, Ll acu 1 h, Ta med 1h
[2026-09-30 15:40:10] 217: 3/4 variables -> HRa med 1h, Ll acu 1 h, Ta med 1h
[2026-09-30 15:40:11] 218: 2/4 variables -> Ll acu 1 h, Ta med 1h
[2026-09-30 15:40:11] 220: 1/4 variables -> PP Acc (1h)
[2026-09-30 15:40:12] 221: 3/4 variables -> HRa med 1h, Ll acu 1 h, Ta med 1h
[2026-09-30 15:40:12] 223: 3/4 variables -> HRa med 1h, Ll acu 1 h, Ta med 1h
[2026-09-30 15:40:13] 224: SIN DATOS EN EL ÚLTIMO DÍA
[2026-09-30 15:40:14] 225: 3/4 variables -> HRa med 1h, Ll acu 1 h, Ta med 1h
[2026-09-30 15:40:14] 226: 3/4 variables -> HRa med 1h, Ll acu 1 h, Ta med 1h
[2026-09-30 15:40:15] 227: 3/4 variables -> HRa med 1h, Ll acu 1 h, Ta med 1h
[2026-09-30 15:40:15] 228: 3/4 variables -> HRa med 1h, Ll acu 1 h, Ta med 1h
[2026-09-30 15:40:16] 229: 3/4 variables -> HRa med 1h, Ll acu 1 h, Ta med 1h
[2026-09-30 15:40:16] 230: SIN DATOS EN EL ÚLTIMO DÍA
[2026-09-30 15:40:17] 231: 3/4 variables -> HRa med 1h, Ll acu 1 h, Ta med 1h
[2026-09-30 15:40:18] 232: 3/4 variables -> HRa med 1h, Ll acu 1 h, Ta med 1h
[2026-09-30 15:40:18] 233: SIN DATOS EN EL ÚLTIMO DÍA
[2026-09-30 15:40:19] 234: 3/4 variables -> HRa med 1h, Ll acu 1 h, Ta med 1h
[2026-09-30 15:40:20] 235: 3/4 variables -> HRa med 1h, Ll acu 1 h, Ta med 1h
[2026-09-30 15:40:20] 236: 3/4 variables -> HRa med 1h, Ll acu 1 h, Ta med 1h
[2026-09-30 15:40:21] 237: SIN DATOS EN EL ÚLTIMO DÍA
[2026-09-30 15:40:21] 238: 3/4 variables -> HRa med 1h, Ll acu 1 h, Ta med 1h
[2026-09-30 15:40:22] 239: SIN DATOS EN EL ÚLTIMO DÍA
[2026-09-30 15:40:22] 240: 3/4 variables -> HRa med 1h, Ll acu 1 h, Ta med 1h
[2026-09-30 15:40:23] 241: 3/4 variables -> HRa med 1h, Ll acu 1 h, Ta med 1h
[2026-09-30 15:40:23] 242: 3/4 variables -> HRa med 1h, Ll acu 1 h, Ta med 1h
[2026-09-30 15:40:24] 243: 3/4 variables -> HRa med 1h, Ll acu 1 h, Ta med 1h
[2026-09-30 15:40:25] 244: 3/4 variables -> HRa med 1h, Ll acu 1 h, Ta med 1h
[2026-09-30 15:40:25] 245: 3/4 variables -> HRa med 1h, Ll acu 1 h, Ta med 1h
[2026-09-30 15:40:26] 246: 3/4 variables -> HRa med 1h, Ll acu 1 h, Ta med 1h
[2026-09-30 15:40:26] 247: 3/4 variables -> HRa med 1h, Ll acu 1 h, Ta med 1h
[2026-09-30 15:40:27] 215: histórico actualizado -> 172 filas
[2026-09-30 15:40:27] 216: histórico actualizado -> 125 filas
[2026-09-30 15:40:27] 217: histórico actualizado -> 165 filas
[2026-09-30 15:40:27] 218: histórico actualizado -> 174 filas
[2026-09-30 15:40:27] 220: histórico actualizado -> 171 filas
[2026-09-30 15:40:27] 221: histórico actualizado -> 344 filas
[2026-09-30 15:40:27] 223: histórico actualizado -> 335 filas
[2026-09-30 15:40:27] 225: histórico actualizado -> 332 filas
[2026-09-30 15:40:27] 226: histórico actualizado -> 333 filas
[2026-09-30 15:40:27] 227: histórico actualizado -> 338 filas
[2026-09-30 15:40:27] 228: histórico actualizado -> 330 filas
[2026-09-30 15:40:27] 229: histórico actualizado -> 336 filas
[2026-09-30 15:40:27] 231: histórico actualizado -> 336 filas
[2026-09-30 15:40:27] 232: histórico actualizado -> 316 filas
[2026-09-30 15:40:28] 234: histórico actualizado -> 320 filas
[2026-09-30 15:40:28] 235: histórico actualizado -> 285 filas
[2026-09-30 15:40:28] 236: histórico actualizado -> 335 filas
[2026-09-30 15:40:28] 238: histórico actualizado -> 338 filas
[2026-09-30 15:40:28] 240: histórico actualizado -> 295 filas
[2026-09-30 15:40:28] 241: histórico actualizado -> 174 filas
[2026-09-30 15:40:28] 242: histórico actualizado -> 261 filas
[2026-09-30 15:40:28] 243: histórico actualizado -> 332 filas
[2026-09-30 15:40:28] 244: histórico actualizado -> 207 filas
[2026-09-30 15:40:28] 245: histórico actualizado -> 258 filas
[2026-09-30 15:40:28] 246: histórico actualizado -> 142 filas
[2026-09-30 15:40:28] 247: histórico actualizado -> 218 filas
[2026-09-30 15:40:28] Catálogo actualizado: 32 estaciones
[2026-09-30 15:40:28] FIN DEL PROCESO - 23.2 segundos
[2026-09-30 16:40:07] INICIO DEL PROCESO
[2026-09-30 16:40:07] Abriendo página de login...
[2026-09-30 16:40:07] Realizando login...
[2026-09-30 16:40:08] LOGIN OK -> https://polaris.adrtecnology.com/gis/map
[2026-09-30 16:40:08] Estaciones conservadas del catálogo histórico: 32
[2026-09-30 16:40:08] Estaciones obtenidas desde viewer: 20
[2026-09-30 16:40:10] Estaciones obtenidas directamente desde GIS: 32
[2026-09-30 16:40:10] 200: estación con datos, pero sin las variables seleccionadas
[2026-09-30 16:40:11] 215: 1/4 variables -> Ll acu 1 h
[2026-09-30 16:40:11] 216: 3/4 variables -> HRa med 1h, Ll acu 1 h, Ta med 1h
[2026-09-30 16:40:12] 217: 3/4 variables -> HRa med 1h, Ll acu 1 h, Ta med 1h
[2026-09-30 16:40:12] 218: 2/4 variables -> Ll acu 1 h, Ta med 1h
[2026-09-30 16:40:13] 220: 1/4 variables -> PP Acc (1h)
[2026-09-30 16:40:14] 221: 3/4 variables -> HRa med 1h, Ll acu 1 h, Ta med 1h
[2026-09-30 16:40:14] 223: 3/4 variables -> HRa med 1h, Ll acu 1 h, Ta med 1h
[2026-09-30 16:40:15] 224: SIN DATOS EN EL ÚLTIMO DÍA
[2026-09-30 16:40:15] 225: 3/4 variables -> HRa med 1h, Ll acu 1 h, Ta med 1h
[2026-09-30 16:40:16] 226: 3/4 variables -> HRa med 1h, Ll acu 1 h, Ta med 1h
[2026-09-30 16:40:17] 227: 3/4 variables -> HRa med 1h, Ll acu 1 h, Ta med 1h
[2026-09-30 16:40:17] 228: 3/4 variables -> HRa med 1h, Ll acu 1 h, Ta med 1h
[2026-09-30 16:40:18] 229: 3/4 variables -> HRa med 1h, Ll acu 1 h, Ta med 1h
[2026-09-30 16:40:18] 230: SIN DATOS EN EL ÚLTIMO DÍA
[2026-09-30 16:40:19] 231: 3/4 variables -> HRa med 1h, Ll acu 1 h, Ta med 1h
[2026-09-30 16:40:19] 232: 3/4 variables -> HRa med 1h, Ll acu 1 h, Ta med 1h
[2026-09-30 16:40:20] 233: SIN DATOS EN EL ÚLTIMO DÍA
[2026-09-30 16:40:21] 234: 3/4 variables -> HRa med 1h, Ll acu 1 h, Ta med 1h
[2026-09-30 16:40:21] 235: 3/4 variables -> HRa med 1h, Ll acu 1 h, Ta med 1h
[2026-09-30 16:40:22] 236: 3/4 variables -> HRa med 1h, Ll acu 1 h, Ta med 1h
[2026-09-30 16:40:22] 237: SIN DATOS EN EL ÚLTIMO DÍA
[2026-09-30 16:40:23] 238: 3/4 variables -> HRa med 1h, Ll acu 1 h, Ta med 1h
[2026-09-30 16:40:24] 239: SIN DATOS EN EL ÚLTIMO DÍA
[2026-09-30 16:40:24] 240: 3/4 variables -> HRa med 1h, Ll acu 1 h, Ta med 1h
[2026-09-30 16:40:25] 241: 3/4 variables -> HRa med 1h, Ll acu 1 h, Ta med 1h
[2026-09-30 16:40:25] 242: 3/4 variables -> HRa med 1h, Ll acu 1 h, Ta med 1h
[2026-09-30 16:40:26] 243: 3/4 variables -> HRa med 1h, Ll acu 1 h, Ta med 1h
[2026-09-30 16:40:26] 244: 3/4 variables -> HRa med 1h, Ll acu 1 h, Ta med 1h
[2026-09-30 16:40:27] 245: 3/4 variables -> HRa med 1h, Ll acu 1 h, Ta med 1h
[2026-09-30 16:40:28] 246: 3/4 variables -> HRa med 1h, Ll acu 1 h, Ta med 1h
[2026-09-30 16:40:28] 247: 3/4 variables -> HRa med 1h, Ll acu 1 h, Ta med 1h
[2026-09-30 16:40:29] 215: histórico actualizado -> 172 filas
[2026-09-30 16:40:29] 216: histórico actualizado -> 125 filas
[2026-09-30 16:40:29] 217: histórico actualizado -> 165 filas
[2026-09-30 16:40:29] 218: histórico actualizado -> 174 filas
[2026-09-30 16:40:29] 220: histórico actualizado -> 171 filas
[2026-09-30 16:40:29] 221: histórico actualizado -> 344 filas
[2026-09-30 16:40:29] 223: histórico actualizado -> 335 filas
[2026-09-30 16:40:29] 225: histórico actualizado -> 332 filas
[2026-09-30 16:40:29] 226: histórico actualizado -> 333 filas
[2026-09-30 16:40:29] 227: histórico actualizado -> 338 filas
[2026-09-30 16:40:29] 228: histórico actualizado -> 330 filas
[2026-09-30 16:40:29] 229: histórico actualizado -> 336 filas
[2026-09-30 16:40:29] 231: histórico actualizado -> 336 filas
[2026-09-30 16:40:29] 232: histórico actualizado -> 316 filas
[2026-09-30 16:40:29] 234: histórico actualizado -> 320 filas
[2026-09-30 16:40:29] 235: histórico actualizado -> 285 filas
[2026-09-30 16:40:29] 236: histórico actualizado -> 335 filas
[2026-09-30 16:40:30] 238: histórico actualizado -> 338 filas
[2026-09-30 16:40:30] 240: histórico actualizado -> 295 filas
[2026-09-30 16:40:30] 241: histórico actualizado -> 174 filas
[2026-09-30 16:40:30] 242: histórico actualizado -> 261 filas
[2026-09-30 16:40:30] 243: histórico actualizado -> 332 filas
[2026-09-30 16:40:30] 244: histórico actualizado -> 207 filas
[2026-09-30 16:40:30] 245: histórico actualizado -> 258 filas
[2026-09-30 16:40:30] 246: histórico actualizado -> 142 filas
[2026-09-30 16:40:30] 247: histórico actualizado -> 218 filas
[2026-09-30 16:40:30] Catálogo actualizado: 32 estaciones
[2026-09-30 16:40:31] FIN DEL PROCESO - 23.7 segundos
[2026-09-30 17:40:06] INICIO DEL PROCESO
[2026-09-30 17:40:06] Abriendo página de login...
[2026-09-30 17:40:07] Realizando login...
[2026-09-30 17:40:07] LOGIN OK -> https://polaris.adrtecnology.com/gis/map
[2026-09-30 17:40:07] Estaciones conservadas del catálogo histórico: 32
[2026-09-30 17:40:08] Estaciones obtenidas desde viewer: 20
[2026-09-30 17:40:10] Estaciones obtenidas directamente desde GIS: 32
[2026-09-30 17:40:10] 200: estación con datos, pero sin las variables seleccionadas
[2026-09-30 17:40:11] 215: 1/4 variables -> Ll acu 1 h
[2026-09-30 17:40:11] 216: 3/4 variables -> HRa med 1h, Ll acu 1 h, Ta med 1h
[2026-09-30 17:40:12] 217: 3/4 variables -> HRa med 1h, Ll acu 1 h, Ta med 1h
[2026-09-30 17:40:12] 218: 2/4 variables -> Ll acu 1 h, Ta med 1h
[2026-09-30 17:40:13] 220: 1/4 variables -> PP Acc (1h)
[2026-09-30 17:40:13] 221: 3/4 variables -> HRa med 1h, Ll acu 1 h, Ta med 1h
[2026-09-30 17:40:14] 223: 3/4 variables -> HRa med 1h, Ll acu 1 h, Ta med 1h
[2026-09-30 17:40:14] 224: SIN DATOS EN EL ÚLTIMO DÍA
[2026-09-30 17:40:15] 225: 3/4 variables -> HRa med 1h, Ll acu 1 h, Ta med 1h
[2026-09-30 17:40:15] 226: 3/4 variables -> HRa med 1h, Ll acu 1 h, Ta med 1h
[2026-09-30 17:40:16] 227: 3/4 variables -> HRa med 1h, Ll acu 1 h, Ta med 1h
[2026-09-30 17:40:17] 228: 3/4 variables -> HRa med 1h, Ll acu 1 h, Ta med 1h
[2026-09-30 17:40:17] 229: 3/4 variables -> HRa med 1h, Ll acu 1 h, Ta med 1h
[2026-09-30 17:40:18] 230: SIN DATOS EN EL ÚLTIMO DÍA
[2026-09-30 17:40:19] 231: 3/4 variables -> HRa med 1h, Ll acu 1 h, Ta med 1h
[2026-09-30 17:40:19] 232: 3/4 variables -> HRa med 1h, Ll acu 1 h, Ta med 1h
[2026-09-30 17:40:20] 233: SIN DATOS EN EL ÚLTIMO DÍA
[2026-09-30 17:40:20] 234: 3/4 variables -> HRa med 1h, Ll acu 1 h, Ta med 1h
[2026-09-30 17:40:21] 235: 3/4 variables -> HRa med 1h, Ll acu 1 h, Ta med 1h
[2026-09-30 17:40:22] 236: 3/4 variables -> HRa med 1h, Ll acu 1 h, Ta med 1h
[2026-09-30 17:40:22] 237: SIN DATOS EN EL ÚLTIMO DÍA
[2026-09-30 17:40:23] 238: 3/4 variables -> HRa med 1h, Ll acu 1 h, Ta med 1h
[2026-09-30 17:40:23] 239: SIN DATOS EN EL ÚLTIMO DÍA
[2026-09-30 17:40:24] 240: 3/4 variables -> HRa med 1h, Ll acu 1 h, Ta med 1h
[2026-09-30 17:40:24] 241: 3/4 variables -> HRa med 1h, Ll acu 1 h, Ta med 1h
[2026-09-30 17:40:25] 242: 3/4 variables -> HRa med 1h, Ll acu 1 h, Ta med 1h
[2026-09-30 17:40:26] 243: 3/4 variables -> HRa med 1h, Ll acu 1 h, Ta med 1h
[2026-09-30 17:40:26] 244: 3/4 variables -> HRa med 1h, Ll acu 1 h, Ta med 1h
[2026-09-30 17:40:27] 245: 3/4 variables -> HRa med 1h, Ll acu 1 h, Ta med 1h
[2026-09-30 17:40:27] 246: 3/4 variables -> HRa med 1h, Ll acu 1 h, Ta med 1h
[2026-09-30 17:40:28] 247: 3/4 variables -> HRa med 1h, Ll acu 1 h, Ta med 1h
[2026-09-30 17:40:28] 215: histórico actualizado -> 172 filas
[2026-09-30 17:40:28] 216: histórico actualizado -> 125 filas
[2026-09-30 17:40:28] 217: histórico actualizado -> 165 filas
[2026-09-30 17:40:28] 218: histórico actualizado -> 174 filas
[2026-09-30 17:40:28] 220: histórico actualizado -> 171 filas
[2026-09-30 17:40:29] 221: histórico actualizado -> 344 filas
[2026-09-30 17:40:29] 223: histórico actualizado -> 335 filas
[2026-09-30 17:40:29] 225: histórico actualizado -> 332 filas
[2026-09-30 17:40:29] 226: histórico actualizado -> 333 filas
[2026-09-30 17:40:29] 227: histórico actualizado -> 338 filas
[2026-09-30 17:40:29] 228: histórico actualizado -> 330 filas
[2026-09-30 17:40:29] 229: histórico actualizado -> 336 filas
[2026-09-30 17:40:29] 231: histórico actualizado -> 336 filas
[2026-09-30 17:40:29] 232: histórico actualizado -> 316 filas
[2026-09-30 17:40:29] 234: histórico actualizado -> 320 filas
[2026-09-30 17:40:29] 235: histórico actualizado -> 285 filas
[2026-09-30 17:40:29] 236: histórico actualizado -> 335 filas
[2026-09-30 17:40:29] 238: histórico actualizado -> 338 filas
[2026-09-30 17:40:29] 240: histórico actualizado -> 295 filas
[2026-09-30 17:40:29] 241: histórico actualizado -> 174 filas
[2026-09-30 17:40:29] 242: histórico actualizado -> 261 filas
[2026-09-30 17:40:30] 243: histórico actualizado -> 332 filas
[2026-09-30 17:40:30] 244: histórico actualizado -> 207 filas
[2026-09-30 17:40:30] 245: histórico actualizado -> 258 filas
[2026-09-30 17:40:30] 246: histórico actualizado -> 142 filas
[2026-09-30 17:40:30] 247: histórico actualizado -> 218 filas
[2026-09-30 17:40:30] Catálogo actualizado: 32 estaciones
[2026-09-30 17:40:30] FIN DEL PROCESO - 23.6 segundos
[2026-09-30 18:40:07] INICIO DEL PROCESO
[2026-09-30 18:40:07] Abriendo página de login...
[2026-09-30 18:40:08] Realizando login...
[2026-09-30 18:40:08] LOGIN OK -> https://polaris.adrtecnology.com/gis/map
[2026-09-30 18:40:08] Estaciones conservadas del catálogo histórico: 32
[2026-09-30 18:40:09] Estaciones obtenidas desde viewer: 20
[2026-09-30 18:40:10] Estaciones obtenidas directamente desde GIS: 32
[2026-09-30 18:40:11] 200: estación con datos, pero sin las variables seleccionadas
[2026-09-30 18:40:11] 215: 1/4 variables -> Ll acu 1 h
[2026-09-30 18:40:12] 216: 3/4 variables -> HRa med 1h, Ll acu 1 h, Ta med 1h
[2026-09-30 18:40:12] 217: 3/4 variables -> HRa med 1h, Ll acu 1 h, Ta med 1h
[2026-09-30 18:40:13] 218: 2/4 variables -> Ll acu 1 h, Ta med 1h
[2026-09-30 18:40:13] 220: 1/4 variables -> PP Acc (1h)
[2026-09-30 18:40:14] 221: 3/4 variables -> HRa med 1h, Ll acu 1 h, Ta med 1h
[2026-09-30 18:40:14] 223: 3/4 variables -> HRa med 1h, Ll acu 1 h, Ta med 1h
[2026-09-30 18:40:15] 224: SIN DATOS EN EL ÚLTIMO DÍA
[2026-09-30 18:40:15] 225: 3/4 variables -> HRa med 1h, Ll acu 1 h, Ta med 1h
[2026-09-30 18:40:16] 226: 3/4 variables -> HRa med 1h, Ll acu 1 h, Ta med 1h
[2026-09-30 18:40:17] 227: 3/4 variables -> HRa med 1h, Ll acu 1 h, Ta med 1h
[2026-09-30 18:40:17] 228: 3/4 variables -> HRa med 1h, Ll acu 1 h, Ta med 1h
[2026-09-30 18:40:18] 229: 3/4 variables -> HRa med 1h, Ll acu 1 h, Ta med 1h
[2026-09-30 18:40:18] 230: SIN DATOS EN EL ÚLTIMO DÍA
[2026-09-30 18:40:19] 231: 3/4 variables -> HRa med 1h, Ll acu 1 h, Ta med 1h
[2026-09-30 18:40:20] 232: 3/4 variables -> HRa med 1h, Ll acu 1 h, Ta med 1h
[2026-09-30 18:40:20] 233: SIN DATOS EN EL ÚLTIMO DÍA
[2026-09-30 18:40:21] 234: 3/4 variables -> HRa med 1h, Ll acu 1 h, Ta med 1h
[2026-09-30 18:40:21] 235: 3/4 variables -> HRa med 1h, Ll acu 1 h, Ta med 1h
[2026-09-30 18:40:22] 236: 3/4 variables -> HRa med 1h, Ll acu 1 h, Ta med 1h
[2026-09-30 18:40:23] 237: SIN DATOS EN EL ÚLTIMO DÍA
[2026-09-30 18:40:23] 238: 3/4 variables -> HRa med 1h, Ll acu 1 h, Ta med 1h
[2026-09-30 18:40:24] 239: SIN DATOS EN EL ÚLTIMO DÍA
[2026-09-30 18:40:24] 240: 3/4 variables -> HRa med 1h, Ll acu 1 h, Ta med 1h
[2026-09-30 18:40:25] 241: 3/4 variables -> HRa med 1h, Ll acu 1 h, Ta med 1h
[2026-09-30 18:40:26] 242: 3/4 variables -> HRa med 1h, Ll acu 1 h, Ta med 1h
[2026-09-30 18:40:26] 243: 3/4 variables -> HRa med 1h, Ll acu 1 h, Ta med 1h
[2026-09-30 18:40:27] 244: 3/4 variables -> HRa med 1h, Ll acu 1 h, Ta med 1h
[2026-09-30 18:40:27] 245: 3/4 variables -> HRa med 1h, Ll acu 1 h, Ta med 1h
[2026-09-30 18:40:28] 246: 3/4 variables -> HRa med 1h, Ll acu 1 h, Ta med 1h
[2026-09-30 18:40:29] 247: 3/4 variables -> HRa med 1h, Ll acu 1 h, Ta med 1h
[2026-09-30 18:40:29] 215: histórico actualizado -> 172 filas
[2026-09-30 18:40:29] 216: histórico actualizado -> 125 filas
[2026-09-30 18:40:29] 217: histórico actualizado -> 165 filas
[2026-09-30 18:40:29] 218: histórico actualizado -> 174 filas
[2026-09-30 18:40:29] 220: histórico actualizado -> 171 filas
[2026-09-30 18:40:29] 221: histórico actualizado -> 344 filas
[2026-09-30 18:40:29] 223: histórico actualizado -> 335 filas
[2026-09-30 18:40:29] 225: histórico actualizado -> 332 filas
[2026-09-30 18:40:29] 226: histórico actualizado -> 333 filas
[2026-09-30 18:40:29] 227: histórico actualizado -> 338 filas
[2026-09-30 18:40:30] 228: histórico actualizado -> 330 filas
[2026-09-30 18:40:30] 229: histórico actualizado -> 336 filas
[2026-09-30 18:40:30] 231: histórico actualizado -> 336 filas
[2026-09-30 18:40:30] 232: histórico actualizado -> 316 filas
[2026-09-30 18:40:30] 234: histórico actualizado -> 320 filas
[2026-09-30 18:40:30] 235: histórico actualizado -> 285 filas
[2026-09-30 18:40:30] 236: histórico actualizado -> 335 filas
[2026-09-30 18:40:30] 238: histórico actualizado -> 338 filas
[2026-09-30 18:40:30] 240: histórico actualizado -> 295 filas
[2026-09-30 18:40:30] 241: histórico actualizado -> 174 filas
[2026-09-30 18:40:30] 242: histórico actualizado -> 261 filas
[2026-09-30 18:40:30] 243: histórico actualizado -> 332 filas
[2026-09-30 18:40:30] 244: histórico actualizado -> 207 filas
[2026-09-30 18:40:30] 245: histórico actualizado -> 258 filas
[2026-09-30 18:40:30] 246: histórico actualizado -> 142 filas
[2026-09-30 18:40:30] 247: histórico actualizado -> 218 filas
[2026-09-30 18:40:30] Catálogo actualizado: 32 estaciones
[2026-09-30 18:40:30] FIN DEL PROCESO - 23.3 segundos
[2026-09-30 19:40:07] INICIO DEL PROCESO
[2026-09-30 19:40:07] Abriendo página de login...
[2026-09-30 19:40:08] Realizando login...
[2026-09-30 19:40:08] LOGIN OK -> https://polaris.adrtecnology.com/gis/map
[2026-09-30 19:40:09] Estaciones conservadas del catálogo histórico: 32
[2026-09-30 19:40:09] Estaciones obtenidas desde viewer: 20
[2026-09-30 19:40:12] Estaciones obtenidas directamente desde GIS: 32
[2026-09-30 19:40:12] 200: estación con datos, pero sin las variables seleccionadas
[2026-09-30 19:40:13] 215: 1/4 variables -> Ll acu 1 h
[2026-09-30 19:40:13] 216: 3/4 variables -> HRa med 1h, Ll acu 1 h, Ta med 1h
[2026-09-30 19:40:14] 217: 3/4 variables -> HRa med 1h, Ll acu 1 h, Ta med 1h
[2026-09-30 19:40:14] 218: 2/4 variables -> Ll acu 1 h, Ta med 1h
[2026-09-30 19:40:15] 220: 1/4 variables -> PP Acc (1h)
[2026-09-30 19:40:15] 221: 3/4 variables -> HRa med 1h, Ll acu 1 h, Ta med 1h
[2026-09-30 19:40:16] 223: 3/4 variables -> HRa med 1h, Ll acu 1 h, Ta med 1h
[2026-09-30 19:40:16] 224: SIN DATOS EN EL ÚLTIMO DÍA
[2026-09-30 19:40:17] 225: 3/4 variables -> HRa med 1h, Ll acu 1 h, Ta med 1h
[2026-09-30 19:40:18] 226: 3/4 variables -> HRa med 1h, Ll acu 1 h, Ta med 1h
[2026-09-30 19:40:18] 227: 3/4 variables -> HRa med 1h, Ll acu 1 h, Ta med 1h
[2026-09-30 19:40:19] 228: 3/4 variables -> HRa med 1h, Ll acu 1 h, Ta med 1h
[2026-09-30 19:40:19] 229: 3/4 variables -> HRa med 1h, Ll acu 1 h, Ta med 1h
[2026-09-30 19:40:20] 230: SIN DATOS EN EL ÚLTIMO DÍA
[2026-09-30 19:40:20] 231: 3/4 variables -> HRa med 1h, Ll acu 1 h, Ta med 1h
[2026-09-30 19:40:21] 232: 3/4 variables -> HRa med 1h, Ll acu 1 h, Ta med 1h
[2026-09-30 19:40:22] 233: SIN DATOS EN EL ÚLTIMO DÍA
[2026-09-30 19:40:22] 234: 3/4 variables -> HRa med 1h, Ll acu 1 h, Ta med 1h
[2026-09-30 19:40:23] 235: 3/4 variables -> HRa med 1h, Ll acu 1 h, Ta med 1h
[2026-09-30 19:40:23] 236: 3/4 variables -> HRa med 1h, Ll acu 1 h, Ta med 1h
[2026-09-30 19:40:24] 237: SIN DATOS EN EL ÚLTIMO DÍA
[2026-09-30 19:40:24] 238: 3/4 variables -> HRa med 1h, Ll acu 1 h, Ta med 1h
[2026-09-30 19:40:25] 239: SIN DATOS EN EL ÚLTIMO DÍA
[2026-09-30 19:40:26] 240: 3/4 variables -> HRa med 1h, Ll acu 1 h, Ta med 1h
[2026-09-30 19:40:26] 241: 3/4 variables -> HRa med 1h, Ll acu 1 h, Ta med 1h
[2026-09-30 19:40:27] 242: 3/4 variables -> HRa med 1h, Ll acu 1 h, Ta med 1h
[2026-09-30 19:40:27] 243: 3/4 variables -> HRa med 1h, Ll acu 1 h, Ta med 1h
[2026-09-30 19:40:28] 244: 3/4 variables -> HRa med 1h, Ll acu 1 h, Ta med 1h
[2026-09-30 19:40:29] 245: 3/4 variables -> HRa med 1h, Ll acu 1 h, Ta med 1h
[2026-09-30 19:40:29] 246: 3/4 variables -> HRa med 1h, Ll acu 1 h, Ta med 1h
[2026-09-30 19:40:30] 247: 3/4 variables -> HRa med 1h, Ll acu 1 h, Ta med 1h
[2026-09-30 19:40:30] 215: histórico actualizado -> 173 filas
[2026-09-30 19:40:30] 216: histórico actualizado -> 126 filas
[2026-09-30 19:40:30] 217: histórico actualizado -> 165 filas
[2026-09-30 19:40:30] 218: histórico actualizado -> 175 filas
[2026-09-30 19:40:30] 220: histórico actualizado -> 172 filas
[2026-09-30 19:40:30] 221: histórico actualizado -> 346 filas
[2026-09-30 19:40:30] 223: histórico actualizado -> 337 filas
[2026-09-30 19:40:30] 225: histórico actualizado -> 334 filas
[2026-09-30 19:40:30] 226: histórico actualizado -> 335 filas
[2026-09-30 19:40:31] 227: histórico actualizado -> 340 filas
[2026-09-30 19:40:31] 228: histórico actualizado -> 332 filas
[2026-09-30 19:40:31] 229: histórico actualizado -> 338 filas
[2026-09-30 19:40:31] 231: histórico actualizado -> 338 filas
[2026-09-30 19:40:31] 232: histórico actualizado -> 318 filas
[2026-09-30 19:40:31] 234: histórico actualizado -> 322 filas
[2026-09-30 19:40:31] 235: histórico actualizado -> 287 filas
[2026-09-30 19:40:31] 236: histórico actualizado -> 337 filas
[2026-09-30 19:40:31] 238: histórico actualizado -> 340 filas
[2026-09-30 19:40:31] 240: histórico actualizado -> 297 filas
[2026-09-30 19:40:31] 241: histórico actualizado -> 175 filas
[2026-09-30 19:40:31] 242: histórico actualizado -> 261 filas
[2026-09-30 19:40:31] 243: histórico actualizado -> 334 filas
[2026-09-30 19:40:31] 244: histórico actualizado -> 207 filas
[2026-09-30 19:40:31] 245: histórico actualizado -> 260 filas
[2026-09-30 19:40:32] 246: histórico actualizado -> 143 filas
[2026-09-30 19:40:32] 247: histórico actualizado -> 218 filas
[2026-09-30 19:40:32] Catálogo actualizado: 32 estaciones
[2026-09-30 19:40:32] FIN DEL PROCESO - 24.2 segundos
[2026-09-30 20:40:05] INICIO DEL PROCESO
[2026-09-30 20:40:06] Abriendo página de login...
[2026-09-30 20:40:06] Realizando login...
[2026-09-30 20:40:07] LOGIN OK -> https://polaris.adrtecnology.com/gis/map
[2026-09-30 20:40:07] Estaciones conservadas del catálogo histórico: 32
[2026-09-30 20:40:07] Estaciones obtenidas desde viewer: 20
[2026-09-30 20:40:09] Estaciones obtenidas directamente desde GIS: 32
[2026-09-30 20:40:09] 200: estación con datos, pero sin las variables seleccionadas
[2026-09-30 20:40:09] 215: 1/4 variables -> Ll acu 1 h
[2026-09-30 20:40:10] 216: 3/4 variables -> HRa med 1h, Ll acu 1 h, Ta med 1h
[2026-09-30 20:40:10] 217: 3/4 variables -> HRa med 1h, Ll acu 1 h, Ta med 1h
[2026-09-30 20:40:11] 218: 2/4 variables -> Ll acu 1 h, Ta med 1h
[2026-09-30 20:40:12] 220: 1/4 variables -> PP Acc (1h)
[2026-09-30 20:40:12] 221: 3/4 variables -> HRa med 1h, Ll acu 1 h, Ta med 1h
[2026-09-30 20:40:13] 223: 3/4 variables -> HRa med 1h, Ll acu 1 h, Ta med 1h
[2026-09-30 20:40:13] 224: SIN DATOS EN EL ÚLTIMO DÍA
[2026-09-30 20:40:14] 225: 3/4 variables -> HRa med 1h, Ll acu 1 h, Ta med 1h
[2026-09-30 20:40:14] 226: 3/4 variables -> HRa med 1h, Ll acu 1 h, Ta med 1h
[2026-09-30 20:40:15] 227: 3/4 variables -> HRa med 1h, Ll acu 1 h, Ta med 1h
[2026-09-30 20:40:15] 228: 3/4 variables -> HRa med 1h, Ll acu 1 h, Ta med 1h
[2026-09-30 20:40:16] 229: 3/4 variables -> HRa med 1h, Ll acu 1 h, Ta med 1h
[2026-09-30 20:40:17] 230: SIN DATOS EN EL ÚLTIMO DÍA
[2026-09-30 20:40:17] 231: 3/4 variables -> HRa med 1h, Ll acu 1 h, Ta med 1h
[2026-09-30 20:40:18] 232: 3/4 variables -> HRa med 1h, Ll acu 1 h, Ta med 1h
[2026-09-30 20:40:18] 233: SIN DATOS EN EL ÚLTIMO DÍA
[2026-09-30 20:40:19] 234: 3/4 variables -> HRa med 1h, Ll acu 1 h, Ta med 1h
[2026-09-30 20:40:19] 235: 3/4 variables -> HRa med 1h, Ll acu 1 h, Ta med 1h
[2026-09-30 20:40:20] 236: 3/4 variables -> HRa med 1h, Ll acu 1 h, Ta med 1h
[2026-09-30 20:40:20] 237: SIN DATOS EN EL ÚLTIMO DÍA
[2026-09-30 20:40:21] 238: 3/4 variables -> HRa med 1h, Ll acu 1 h, Ta med 1h
[2026-09-30 20:40:22] 239: SIN DATOS EN EL ÚLTIMO DÍA
[2026-09-30 20:40:22] 240: 3/4 variables -> HRa med 1h, Ll acu 1 h, Ta med 1h
[2026-09-30 20:40:23] 241: 3/4 variables -> HRa med 1h, Ll acu 1 h, Ta med 1h
[2026-09-30 20:40:23] 242: 3/4 variables -> HRa med 1h, Ll acu 1 h, Ta med 1h
[2026-09-30 20:40:24] 243: 3/4 variables -> HRa med 1h, Ll acu 1 h, Ta med 1h
[2026-09-30 20:40:24] 244: 3/4 variables -> HRa med 1h, Ll acu 1 h, Ta med 1h
[2026-09-30 20:40:25] 245: 3/4 variables -> HRa med 1h, Ll acu 1 h, Ta med 1h
[2026-09-30 20:40:25] 246: 3/4 variables -> HRa med 1h, Ll acu 1 h, Ta med 1h
[2026-09-30 20:40:26] 247: 3/4 variables -> HRa med 1h, Ll acu 1 h, Ta med 1h
[2026-09-30 20:40:26] 215: histórico actualizado -> 174 filas
[2026-09-30 20:40:26] 216: histórico actualizado -> 127 filas
[2026-09-30 20:40:26] 217: histórico actualizado -> 166 filas
[2026-09-30 20:40:27] 218: histórico actualizado -> 176 filas
[2026-09-30 20:40:27] 220: histórico actualizado -> 173 filas
[2026-09-30 20:40:27] 221: histórico actualizado -> 348 filas
[2026-09-30 20:40:27] 223: histórico actualizado -> 339 filas
[2026-09-30 20:40:27] 225: histórico actualizado -> 336 filas
[2026-09-30 20:40:27] 226: histórico actualizado -> 337 filas
[2026-09-30 20:40:27] 227: histórico actualizado -> 342 filas
[2026-09-30 20:40:27] 228: histórico actualizado -> 334 filas
[2026-09-30 20:40:27] 229: histórico actualizado -> 340 filas
[2026-09-30 20:40:27] 231: histórico actualizado -> 340 filas
[2026-09-30 20:40:27] 232: histórico actualizado -> 320 filas
[2026-09-30 20:40:27] 234: histórico actualizado -> 324 filas
[2026-09-30 20:40:28] 235: histórico actualizado -> 289 filas
[2026-09-30 20:40:28] 236: histórico actualizado -> 339 filas
[2026-09-30 20:40:28] 238: histórico actualizado -> 342 filas
[2026-09-30 20:40:28] 240: histórico actualizado -> 299 filas
[2026-09-30 20:40:28] 241: histórico actualizado -> 175 filas
[2026-09-30 20:40:28] 242: histórico actualizado -> 261 filas
[2026-09-30 20:40:28] 243: histórico actualizado -> 336 filas
[2026-09-30 20:40:28] 244: histórico actualizado -> 209 filas
[2026-09-30 20:40:28] 245: histórico actualizado -> 262 filas
[2026-09-30 20:40:28] 246: histórico actualizado -> 145 filas
[2026-09-30 20:40:28] 247: histórico actualizado -> 220 filas
[2026-09-30 20:40:28] Catálogo actualizado: 32 estaciones
[2026-09-30 20:40:28] FIN DEL PROCESO - 22.7 segundos
[2026-09-30 21:40:06] INICIO DEL PROCESO
[2026-09-30 21:40:06] Abriendo página de login...
[2026-09-30 21:40:06] Realizando login...
[2026-09-30 21:40:06] LOGIN OK -> https://polaris.adrtecnology.com/gis/map
[2026-09-30 21:40:07] Estaciones conservadas del catálogo histórico: 32
[2026-09-30 21:40:07] Estaciones obtenidas desde viewer: 20
[2026-09-30 21:40:09] Estaciones obtenidas directamente desde GIS: 32
[2026-09-30 21:40:09] 200: estación con datos, pero sin las variables seleccionadas
[2026-09-30 21:40:10] 215: 1/4 variables -> Ll acu 1 h
[2026-09-30 21:40:10] 216: 3/4 variables -> HRa med 1h, Ll acu 1 h, Ta med 1h
[2026-09-30 21:40:11] 217: 3/4 variables -> HRa med 1h, Ll acu 1 h, Ta med 1h
[2026-09-30 21:40:11] 218: 2/4 variables -> Ll acu 1 h, Ta med 1h
[2026-09-30 21:40:12] 220: 1/4 variables -> PP Acc (1h)
[2026-09-30 21:40:12] 221: 3/4 variables -> HRa med 1h, Ll acu 1 h, Ta med 1h
[2026-09-30 21:40:13] 223: 3/4 variables -> HRa med 1h, Ll acu 1 h, Ta med 1h
[2026-09-30 21:40:14] 224: SIN DATOS EN EL ÚLTIMO DÍA
[2026-09-30 21:40:14] 225: 3/4 variables -> HRa med 1h, Ll acu 1 h, Ta med 1h
[2026-09-30 21:40:15] 226: 3/4 variables -> HRa med 1h, Ll acu 1 h, Ta med 1h
[2026-09-30 21:40:15] 227: 3/4 variables -> HRa med 1h, Ll acu 1 h, Ta med 1h
[2026-09-30 21:40:16] 228: 3/4 variables -> HRa med 1h, Ll acu 1 h, Ta med 1h
[2026-09-30 21:40:16] 229: 3/4 variables -> HRa med 1h, Ll acu 1 h, Ta med 1h
[2026-09-30 21:40:17] 230: SIN DATOS EN EL ÚLTIMO DÍA
[2026-09-30 21:40:18] 231: 3/4 variables -> HRa med 1h, Ll acu 1 h, Ta med 1h
[2026-09-30 21:40:18] 232: 3/4 variables -> HRa med 1h, Ll acu 1 h, Ta med 1h
[2026-09-30 21:40:19] 233: SIN DATOS EN EL ÚLTIMO DÍA
[2026-09-30 21:40:19] 234: 3/4 variables -> HRa med 1h, Ll acu 1 h, Ta med 1h
[2026-09-30 21:40:20] 235: 3/4 variables -> HRa med 1h, Ll acu 1 h, Ta med 1h
[2026-09-30 21:40:20] 236: 3/4 variables -> HRa med 1h, Ll acu 1 h, Ta med 1h
[2026-09-30 21:40:21] 237: SIN DATOS EN EL ÚLTIMO DÍA
[2026-09-30 21:40:21] 238: 3/4 variables -> HRa med 1h, Ll acu 1 h, Ta med 1h
[2026-09-30 21:40:22] 239: SIN DATOS EN EL ÚLTIMO DÍA
[2026-09-30 21:40:23] 240: 3/4 variables -> HRa med 1h, Ll acu 1 h, Ta med 1h
[2026-09-30 21:40:23] 241: 3/4 variables -> HRa med 1h, Ll acu 1 h, Ta med 1h
[2026-09-30 21:40:24] 242: 3/4 variables -> HRa med 1h, Ll acu 1 h, Ta med 1h
[2026-09-30 21:40:24] 243: 3/4 variables -> HRa med 1h, Ll acu 1 h, Ta med 1h
[2026-09-30 21:40:25] 244: 3/4 variables -> HRa med 1h, Ll acu 1 h, Ta med 1h
[2026-09-30 21:40:25] 245: 3/4 variables -> HRa med 1h, Ll acu 1 h, Ta med 1h
[2026-09-30 21:40:26] 246: 3/4 variables -> HRa med 1h, Ll acu 1 h, Ta med 1h
[2026-09-30 21:40:26] 247: 3/4 variables -> HRa med 1h, Ll acu 1 h, Ta med 1h
[2026-09-30 21:40:27] 215: histórico actualizado -> 175 filas
[2026-09-30 21:40:27] 216: histórico actualizado -> 127 filas
[2026-09-30 21:40:27] 217: histórico actualizado -> 167 filas
[2026-09-30 21:40:27] 218: histórico actualizado -> 177 filas
[2026-09-30 21:40:27] 220: histórico actualizado -> 174 filas
[2026-09-30 21:40:27] 221: histórico actualizado -> 350 filas
[2026-09-30 21:40:27] 223: histórico actualizado -> 341 filas
[2026-09-30 21:40:27] 225: histórico actualizado -> 338 filas
[2026-09-30 21:40:27] 226: histórico actualizado -> 339 filas
[2026-09-30 21:40:27] 227: histórico actualizado -> 344 filas
[2026-09-30 21:40:27] 228: histórico actualizado -> 336 filas
[2026-09-30 21:40:28] 229: histórico actualizado -> 342 filas
[2026-09-30 21:40:28] 231: histórico actualizado -> 342 filas
[2026-09-30 21:40:28] 232: histórico actualizado -> 322 filas
[2026-09-30 21:40:28] 234: histórico actualizado -> 326 filas
[2026-09-30 21:40:28] 235: histórico actualizado -> 291 filas
[2026-09-30 21:40:28] 236: histórico actualizado -> 341 filas
[2026-09-30 21:40:28] 238: histórico actualizado -> 344 filas
[2026-09-30 21:40:28] 240: histórico actualizado -> 301 filas
[2026-09-30 21:40:28] 241: histórico actualizado -> 175 filas
[2026-09-30 21:40:28] 242: histórico actualizado -> 261 filas
[2026-09-30 21:40:28] 243: histórico actualizado -> 338 filas
[2026-09-30 21:40:28] 244: histórico actualizado -> 211 filas
[2026-09-30 21:40:28] 245: histórico actualizado -> 264 filas
[2026-09-30 21:40:28] 246: histórico actualizado -> 147 filas
[2026-09-30 21:40:28] 247: histórico actualizado -> 222 filas
[2026-09-30 21:40:28] Catálogo actualizado: 32 estaciones
[2026-09-30 21:40:28] FIN DEL PROCESO - 22.9 segundos
[2026-09-30 22:40:06] INICIO DEL PROCESO
[2026-09-30 22:40:06] Abriendo página de login...
[2026-09-30 22:40:06] Realizando login...
[2026-09-30 22:40:07] LOGIN OK -> https://polaris.adrtecnology.com/gis/map
[2026-09-30 22:40:07] Estaciones conservadas del catálogo histórico: 32
[2026-09-30 22:40:07] Estaciones obtenidas desde viewer: 20
[2026-09-30 22:40:09] Estaciones obtenidas directamente desde GIS: 32
[2026-09-30 22:40:09] 200: estación con datos, pero sin las variables seleccionadas
[2026-09-30 22:40:10] 215: 1/4 variables -> Ll acu 1 h
[2026-09-30 22:40:10] 216: 3/4 variables -> HRa med 1h, Ll acu 1 h, Ta med 1h
[2026-09-30 22:40:11] 217: 3/4 variables -> HRa med 1h, Ll acu 1 h, Ta med 1h
[2026-09-30 22:40:11] 218: 2/4 variables -> Ll acu 1 h, Ta med 1h
[2026-09-30 22:40:12] 220: 1/4 variables -> PP Acc (1h)
[2026-09-30 22:40:12] 221: 3/4 variables -> HRa med 1h, Ll acu 1 h, Ta med 1h
[2026-09-30 22:40:13] 223: 3/4 variables -> HRa med 1h, Ll acu 1 h, Ta med 1h
[2026-09-30 22:40:14] 224: SIN DATOS EN EL ÚLTIMO DÍA
[2026-09-30 22:40:14] 225: 3/4 variables -> HRa med 1h, Ll acu 1 h, Ta med 1h
[2026-09-30 22:40:15] 226: 3/4 variables -> HRa med 1h, Ll acu 1 h, Ta med 1h
[2026-09-30 22:40:15] 227: 3/4 variables -> HRa med 1h, Ll acu 1 h, Ta med 1h
[2026-09-30 22:40:16] 228: 3/4 variables -> HRa med 1h, Ll acu 1 h, Ta med 1h
[2026-09-30 22:40:16] 229: 3/4 variables -> HRa med 1h, Ll acu 1 h, Ta med 1h
[2026-09-30 22:40:17] 230: SIN DATOS EN EL ÚLTIMO DÍA
[2026-09-30 22:40:18] 231: 3/4 variables -> HRa med 1h, Ll acu 1 h, Ta med 1h
[2026-09-30 22:40:18] 232: 3/4 variables -> HRa med 1h, Ll acu 1 h, Ta med 1h
[2026-09-30 22:40:19] 233: SIN DATOS EN EL ÚLTIMO DÍA
[2026-09-30 22:40:19] 234: 3/4 variables -> HRa med 1h, Ll acu 1 h, Ta med 1h
[2026-09-30 22:40:20] 235: 3/4 variables -> HRa med 1h, Ll acu 1 h, Ta med 1h
[2026-09-30 22:40:20] 236: 3/4 variables -> HRa med 1h, Ll acu 1 h, Ta med 1h
[2026-09-30 22:40:21] 237: SIN DATOS EN EL ÚLTIMO DÍA
[2026-09-30 22:40:22] 238: 3/4 variables -> HRa med 1h, Ll acu 1 h, Ta med 1h
[2026-09-30 22:40:22] 239: SIN DATOS EN EL ÚLTIMO DÍA
[2026-09-30 22:40:23] 240: 3/4 variables -> HRa med 1h, Ll acu 1 h, Ta med 1h
[2026-09-30 22:40:23] 241: 3/4 variables -> HRa med 1h, Ll acu 1 h, Ta med 1h
[2026-09-30 22:40:24] 242: 3/4 variables -> HRa med 1h, Ll acu 1 h, Ta med 1h
[2026-09-30 22:40:24] 243: 3/4 variables -> HRa med 1h, Ll acu 1 h, Ta med 1h
[2026-09-30 22:40:25] 244: 3/4 variables -> HRa med 1h, Ll acu 1 h, Ta med 1h
[2026-09-30 22:40:25] 245: 3/4 variables -> HRa med 1h, Ll acu 1 h, Ta med 1h
[2026-09-30 22:40:26] 246: 3/4 variables -> HRa med 1h, Ll acu 1 h, Ta med 1h
[2026-09-30 22:40:27] 247: 3/4 variables -> HRa med 1h, Ll acu 1 h, Ta med 1h
[2026-09-30 22:40:27] 215: histórico actualizado -> 176 filas
[2026-09-30 22:40:27] 216: histórico actualizado -> 127 filas
[2026-09-30 22:40:27] 217: histórico actualizado -> 168 filas
[2026-09-30 22:40:27] 218: histórico actualizado -> 178 filas
[2026-09-30 22:40:27] 220: histórico actualizado -> 175 filas
[2026-09-30 22:40:27] 221: histórico actualizado -> 352 filas
[2026-09-30 22:40:27] 223: histórico actualizado -> 343 filas
[2026-09-30 22:40:27] 225: histórico actualizado -> 340 filas
[2026-09-30 22:40:27] 226: histórico actualizado -> 341 filas
[2026-09-30 22:40:27] 227: histórico actualizado -> 346 filas
[2026-09-30 22:40:27] 228: histórico actualizado -> 338 filas
[2026-09-30 22:40:28] 229: histórico actualizado -> 344 filas
[2026-09-30 22:40:28] 231: histórico actualizado -> 344 filas
[2026-09-30 22:40:28] 232: histórico actualizado -> 323 filas
[2026-09-30 22:40:28] 234: histórico actualizado -> 328 filas
[2026-09-30 22:40:28] 235: histórico actualizado -> 293 filas
[2026-09-30 22:40:28] 236: histórico actualizado -> 343 filas
[2026-09-30 22:40:28] 238: histórico actualizado -> 346 filas
[2026-09-30 22:40:28] 240: histórico actualizado -> 303 filas
[2026-09-30 22:40:28] 241: histórico actualizado -> 175 filas
[2026-09-30 22:40:28] 242: histórico actualizado -> 261 filas
[2026-09-30 22:40:28] 243: histórico actualizado -> 340 filas
[2026-09-30 22:40:28] 244: histórico actualizado -> 213 filas
[2026-09-30 22:40:28] 245: histórico actualizado -> 266 filas
[2026-09-30 22:40:28] 246: histórico actualizado -> 149 filas
[2026-09-30 22:40:28] 247: histórico actualizado -> 224 filas
[2026-09-30 22:40:28] Catálogo actualizado: 32 estaciones
[2026-09-30 22:40:28] FIN DEL PROCESO - 22.6 segundos
[2026-09-30 23:40:05] INICIO DEL PROCESO
[2026-09-30 23:40:05] Abriendo página de login...
[2026-09-30 23:40:05] Realizando login...
[2026-09-30 23:40:06] LOGIN OK -> https://polaris.adrtecnology.com/gis/map
[2026-09-30 23:40:06] Estaciones conservadas del catálogo histórico: 32
[2026-09-30 23:40:06] Estaciones obtenidas desde viewer: 20
[2026-09-30 23:40:08] Estaciones obtenidas directamente desde GIS: 32
[2026-09-30 23:40:08] 200: estación con datos, pero sin las variables seleccionadas
[2026-09-30 23:40:08] 215: 1/4 variables -> Ll acu 1 h
[2026-09-30 23:40:09] 216: 3/4 variables -> HRa med 1h, Ll acu 1 h, Ta med 1h
[2026-09-30 23:40:10] 217: 3/4 variables -> HRa med 1h, Ll acu 1 h, Ta med 1h
[2026-09-30 23:40:10] 218: 2/4 variables -> Ll acu 1 h, Ta med 1h
[2026-09-30 23:40:11] 220: 1/4 variables -> PP Acc (1h)
[2026-09-30 23:40:11] 221: 3/4 variables -> HRa med 1h, Ll acu 1 h, Ta med 1h
[2026-09-30 23:40:12] 223: 3/4 variables -> HRa med 1h, Ll acu 1 h, Ta med 1h
[2026-09-30 23:40:12] 224: SIN DATOS EN EL ÚLTIMO DÍA
[2026-09-30 23:40:13] 225: 3/4 variables -> HRa med 1h, Ll acu 1 h, Ta med 1h
[2026-09-30 23:40:13] 226: 3/4 variables -> HRa med 1h, Ll acu 1 h, Ta med 1h
[2026-09-30 23:40:14] 227: 3/4 variables -> HRa med 1h, Ll acu 1 h, Ta med 1h
[2026-09-30 23:40:15] 228: 3/4 variables -> HRa med 1h, Ll acu 1 h, Ta med 1h
[2026-09-30 23:40:15] 229: 3/4 variables -> HRa med 1h, Ll acu 1 h, Ta med 1h
[2026-09-30 23:40:16] 230: SIN DATOS EN EL ÚLTIMO DÍA
[2026-09-30 23:40:16] 231: 3/4 variables -> HRa med 1h, Ll acu 1 h, Ta med 1h
[2026-09-30 23:40:17] 232: 3/4 variables -> HRa med 1h, Ll acu 1 h, Ta med 1h
[2026-09-30 23:40:17] 233: SIN DATOS EN EL ÚLTIMO DÍA
[2026-09-30 23:40:18] 234: 3/4 variables -> HRa med 1h, Ll acu 1 h, Ta med 1h
[2026-09-30 23:40:19] 235: 3/4 variables -> HRa med 1h, Ll acu 1 h, Ta med 1h
[2026-09-30 23:40:19] 236: 3/4 variables -> HRa med 1h, Ll acu 1 h, Ta med 1h
[2026-09-30 23:40:20] 237: SIN DATOS EN EL ÚLTIMO DÍA
[2026-09-30 23:40:20] 238: 3/4 variables -> HRa med 1h, Ll acu 1 h, Ta med 1h
[2026-09-30 23:40:21] 239: SIN DATOS EN EL ÚLTIMO DÍA
[2026-09-30 23:40:21] 240: 3/4 variables -> HRa med 1h, Ll acu 1 h, Ta med 1h
[2026-09-30 23:40:22] 241: 3/4 variables -> HRa med 1h, Ll acu 1 h, Ta med 1h
[2026-09-30 23:40:22] 242: 3/4 variables -> HRa med 1h, Ll acu 1 h, Ta med 1h
[2026-09-30 23:40:23] 243: 3/4 variables -> HRa med 1h, Ll acu 1 h, Ta med 1h
[2026-09-30 23:40:24] 244: 3/4 variables -> HRa med 1h, Ll acu 1 h, Ta med 1h
[2026-09-30 23:40:24] 245: 3/4 variables -> HRa med 1h, Ll acu 1 h, Ta med 1h
[2026-09-30 23:40:25] 246: 3/4 variables -> HRa med 1h, Ll acu 1 h, Ta med 1h
[2026-09-30 23:40:25] 247: 3/4 variables -> HRa med 1h, Ll acu 1 h, Ta med 1h
[2026-09-30 23:40:25] 215: histórico actualizado -> 177 filas
[2026-09-30 23:40:26] 216: histórico actualizado -> 127 filas
[2026-09-30 23:40:26] 217: histórico actualizado -> 169 filas
[2026-09-30 23:40:26] 218: histórico actualizado -> 179 filas
[2026-09-30 23:40:26] 220: histórico actualizado -> 176 filas
[2026-09-30 23:40:26] 221: histórico actualizado -> 354 filas
[2026-09-30 23:40:26] 223: histórico actualizado -> 345 filas
[2026-09-30 23:40:26] 225: histórico actualizado -> 342 filas
[2026-09-30 23:40:26] 226: histórico actualizado -> 343 filas
[2026-09-30 23:40:26] 227: histórico actualizado -> 348 filas
[2026-09-30 23:40:26] 228: histórico actualizado -> 340 filas
[2026-09-30 23:40:26] 229: histórico actualizado -> 346 filas
[2026-09-30 23:40:26] 231: histórico actualizado -> 346 filas
[2026-09-30 23:40:26] 232: histórico actualizado -> 325 filas
[2026-09-30 23:40:26] 234: histórico actualizado -> 330 filas
[2026-09-30 23:40:26] 235: histórico actualizado -> 295 filas
[2026-09-30 23:40:27] 236: histórico actualizado -> 345 filas
[2026-09-30 23:40:27] 238: histórico actualizado -> 348 filas
[2026-09-30 23:40:27] 240: histórico actualizado -> 304 filas
[2026-09-30 23:40:27] 241: histórico actualizado -> 175 filas
[2026-09-30 23:40:27] 242: histórico actualizado -> 261 filas
[2026-09-30 23:40:27] 243: histórico actualizado -> 342 filas
[2026-09-30 23:40:27] 244: histórico actualizado -> 215 filas
[2026-09-30 23:40:27] 245: histórico actualizado -> 268 filas
[2026-09-30 23:40:27] 246: histórico actualizado -> 150 filas
[2026-09-30 23:40:27] 247: histórico actualizado -> 226 filas
[2026-09-30 23:40:27] Catálogo actualizado: 32 estaciones
[2026-09-30 23:40:27] FIN DEL PROCESO - 22.4 segundos
[2026-10-01 00:40:05] INICIO DEL PROCESO
[2026-10-01 00:40:05] Abriendo página de login...
[2026-10-01 00:40:06] Realizando login...
[2026-10-01 00:40:07] LOGIN OK -> https://polaris.adrtecnology.com/gis/map
[2026-10-01 00:40:07] Estaciones conservadas del catálogo histórico: 32
[2026-10-01 00:40:07] Estaciones obtenidas desde viewer: 20
[2026-10-01 00:40:09] Estaciones obtenidas directamente desde GIS: 32
[2026-10-01 00:40:09] 200: estación con datos, pero sin las variables seleccionadas
[2026-10-01 00:40:09] 215: 1/4 variables -> Ll acu 1 h
[2026-10-01 00:40:10] 216: 3/4 variables -> HRa med 1h, Ll acu 1 h, Ta med 1h
[2026-10-01 00:40:11] 217: 3/4 variables -> HRa med 1h, Ll acu 1 h, Ta med 1h
[2026-10-01 00:40:11] 218: 2/4 variables -> Ll acu 1 h, Ta med 1h
[2026-10-01 00:40:12] 220: 1/4 variables -> PP Acc (1h)
[2026-10-01 00:40:12] 221: 3/4 variables -> HRa med 1h, Ll acu 1 h, Ta med 1h
[2026-10-01 00:40:13] 223: 3/4 variables -> HRa med 1h, Ll acu 1 h, Ta med 1h
[2026-10-01 00:40:13] 224: SIN DATOS EN EL ÚLTIMO DÍA
[2026-10-01 00:40:14] 225: 3/4 variables -> HRa med 1h, Ll acu 1 h, Ta med 1h
[2026-10-01 00:40:15] 226: 3/4 variables -> HRa med 1h, Ll acu 1 h, Ta med 1h
[2026-10-01 00:40:15] 227: 3/4 variables -> HRa med 1h, Ll acu 1 h, Ta med 1h
[2026-10-01 00:40:16] 228: 3/4 variables -> HRa med 1h, Ll acu 1 h, Ta med 1h
[2026-10-01 00:40:16] 229: 3/4 variables -> HRa med 1h, Ll acu 1 h, Ta med 1h
[2026-10-01 00:40:17] 230: SIN DATOS EN EL ÚLTIMO DÍA
[2026-10-01 00:40:17] 231: 3/4 variables -> HRa med 1h, Ll acu 1 h, Ta med 1h
[2026-10-01 00:40:18] 232: 3/4 variables -> HRa med 1h, Ll acu 1 h, Ta med 1h
[2026-10-01 00:40:19] 233: SIN DATOS EN EL ÚLTIMO DÍA
[2026-10-01 00:40:19] 234: 3/4 variables -> HRa med 1h, Ll acu 1 h, Ta med 1h
[2026-10-01 00:40:20] 235: 3/4 variables -> HRa med 1h, Ll acu 1 h, Ta med 1h
[2026-10-01 00:40:21] 236: 3/4 variables -> HRa med 1h, Ll acu 1 h, Ta med 1h
[2026-10-01 00:40:21] 237: SIN DATOS EN EL ÚLTIMO DÍA
[2026-10-01 00:40:22] 238: 3/4 variables -> HRa med 1h, Ll acu 1 h, Ta med 1h
[2026-10-01 00:40:22] 239: SIN DATOS EN EL ÚLTIMO DÍA
[2026-10-01 00:40:23] 240: 3/4 variables -> HRa med 1h, Ll acu 1 h, Ta med 1h
[2026-10-01 00:40:23] 241: 3/4 variables -> HRa med 1h, Ll acu 1 h, Ta med 1h
[2026-10-01 00:40:24] 242: 3/4 variables -> HRa med 1h, Ll acu 1 h, Ta med 1h
[2026-10-01 00:40:25] 243: 3/4 variables -> HRa med 1h, Ll acu 1 h, Ta med 1h
[2026-10-01 00:40:25] 244: 3/4 variables -> HRa med 1h, Ll acu 1 h, Ta med 1h
[2026-10-01 00:40:26] 245: 3/4 variables -> HRa med 1h, Ll acu 1 h, Ta med 1h
[2026-10-01 00:40:26] 246: 3/4 variables -> HRa med 1h, Ll acu 1 h, Ta med 1h
[2026-10-01 00:40:27] 247: 3/4 variables -> HRa med 1h, Ll acu 1 h, Ta med 1h
[2026-10-01 00:40:27] 215: histórico actualizado -> 178 filas
[2026-10-01 00:40:27] 216: histórico actualizado -> 128 filas
[2026-10-01 00:40:27] 217: histórico actualizado -> 170 filas
[2026-10-01 00:40:27] 218: histórico actualizado -> 180 filas
[2026-10-01 00:40:27] 220: histórico actualizado -> 177 filas
[2026-10-01 00:40:27] 221: histórico actualizado -> 356 filas
[2026-10-01 00:40:28] 223: histórico actualizado -> 347 filas
[2026-10-01 00:40:28] 225: histórico actualizado -> 344 filas
[2026-10-01 00:40:28] 226: histórico actualizado -> 345 filas
[2026-10-01 00:40:28] 227: histórico actualizado -> 350 filas
[2026-10-01 00:40:28] 228: histórico actualizado -> 342 filas
[2026-10-01 00:40:28] 229: histórico actualizado -> 348 filas
[2026-10-01 00:40:28] 231: histórico actualizado -> 348 filas
[2026-10-01 00:40:28] 232: histórico actualizado -> 327 filas
[2026-10-01 00:40:28] 234: histórico actualizado -> 332 filas
[2026-10-01 00:40:28] 235: histórico actualizado -> 297 filas
[2026-10-01 00:40:28] 236: histórico actualizado -> 347 filas
[2026-10-01 00:40:28] 238: histórico actualizado -> 350 filas
[2026-10-01 00:40:28] 240: histórico actualizado -> 306 filas
[2026-10-01 00:40:28] 241: histórico actualizado -> 177 filas
[2026-10-01 00:40:28] 242: histórico actualizado -> 262 filas
[2026-10-01 00:40:29] 243: histórico actualizado -> 344 filas
[2026-10-01 00:40:29] 244: histórico actualizado -> 217 filas
[2026-10-01 00:40:29] 245: histórico actualizado -> 270 filas
[2026-10-01 00:40:29] 246: histórico actualizado -> 151 filas
[2026-10-01 00:40:29] 247: histórico actualizado -> 228 filas
[2026-10-01 00:40:29] Catálogo actualizado: 32 estaciones
[2026-10-01 00:40:29] FIN DEL PROCESO - 23.3 segundos
[2026-10-01 01:40:04] INICIO DEL PROCESO
[2026-10-01 01:40:04] Abriendo página de login...
[2026-10-01 01:40:05] Realizando login...
[2026-10-01 01:40:05] LOGIN OK -> https://polaris.adrtecnology.com/gis/map
[2026-10-01 01:40:05] Estaciones conservadas del catálogo histórico: 32
[2026-10-01 01:40:05] Estaciones obtenidas desde viewer: 20
[2026-10-01 01:40:07] Estaciones obtenidas directamente desde GIS: 32
[2026-10-01 01:40:07] 200: estación con datos, pero sin las variables seleccionadas
[2026-10-01 01:40:08] 215: 1/4 variables -> Ll acu 1 h
[2026-10-01 01:40:09] 216: 3/4 variables -> HRa med 1h, Ll acu 1 h, Ta med 1h
[2026-10-01 01:40:09] 217: 3/4 variables -> HRa med 1h, Ll acu 1 h, Ta med 1h
[2026-10-01 01:40:10] 218: 2/4 variables -> Ll acu 1 h, Ta med 1h
[2026-10-01 01:40:10] 220: 1/4 variables -> PP Acc (1h)
[2026-10-01 01:40:11] 221: 3/4 variables -> HRa med 1h, Ll acu 1 h, Ta med 1h
[2026-10-01 01:40:11] 223: 3/4 variables -> HRa med 1h, Ll acu 1 h, Ta med 1h
[2026-10-01 01:40:12] 224: SIN DATOS EN EL ÚLTIMO DÍA
[2026-10-01 01:40:12] 225: 3/4 variables -> HRa med 1h, Ll acu 1 h, Ta med 1h
[2026-10-01 01:40:13] 226: 3/4 variables -> HRa med 1h, Ll acu 1 h, Ta med 1h
[2026-10-01 01:40:14] 227: 3/4 variables -> HRa med 1h, Ll acu 1 h, Ta med 1h
[2026-10-01 01:40:14] 228: 3/4 variables -> HRa med 1h, Ll acu 1 h, Ta med 1h
[2026-10-01 01:40:15] 229: 3/4 variables -> HRa med 1h, Ll acu 1 h, Ta med 1h
[2026-10-01 01:40:15] 230: SIN DATOS EN EL ÚLTIMO DÍA
[2026-10-01 01:40:16] 231: 3/4 variables -> HRa med 1h, Ll acu 1 h, Ta med 1h
[2026-10-01 01:40:16] 232: 3/4 variables -> HRa med 1h, Ll acu 1 h, Ta med 1h
[2026-10-01 01:40:17] 233: SIN DATOS EN EL ÚLTIMO DÍA
[2026-10-01 01:40:18] 234: 3/4 variables -> HRa med 1h, Ll acu 1 h, Ta med 1h
[2026-10-01 01:40:18] 235: 3/4 variables -> HRa med 1h, Ll acu 1 h, Ta med 1h
[2026-10-01 01:40:19] 236: 3/4 variables -> HRa med 1h, Ll acu 1 h, Ta med 1h
[2026-10-01 01:40:19] 237: SIN DATOS EN EL ÚLTIMO DÍA
[2026-10-01 01:40:20] 238: 3/4 variables -> HRa med 1h, Ll acu 1 h, Ta med 1h
[2026-10-01 01:40:20] 239: SIN DATOS EN EL ÚLTIMO DÍA
[2026-10-01 01:40:21] 240: 3/4 variables -> HRa med 1h, Ll acu 1 h, Ta med 1h
[2026-10-01 01:40:21] 241: 3/4 variables -> HRa med 1h, Ll acu 1 h, Ta med 1h
[2026-10-01 01:40:22] 242: 3/4 variables -> HRa med 1h, Ll acu 1 h, Ta med 1h
[2026-10-01 01:40:22] 243: 3/4 variables -> HRa med 1h, Ll acu 1 h, Ta med 1h
[2026-10-01 01:40:23] 244: 3/4 variables -> HRa med 1h, Ll acu 1 h, Ta med 1h
[2026-10-01 01:40:24] 245: 3/4 variables -> HRa med 1h, Ll acu 1 h, Ta med 1h
[2026-10-01 01:40:24] 246: 3/4 variables -> HRa med 1h, Ll acu 1 h, Ta med 1h
[2026-10-01 01:40:25] 247: 3/4 variables -> HRa med 1h, Ll acu 1 h, Ta med 1h
[2026-10-01 01:40:25] 215: histórico actualizado -> 179 filas
[2026-10-01 01:40:25] 216: histórico actualizado -> 129 filas
[2026-10-01 01:40:25] 217: histórico actualizado -> 171 filas
[2026-10-01 01:40:26] 218: histórico actualizado -> 181 filas
[2026-10-01 01:40:26] 220: histórico actualizado -> 178 filas
[2026-10-01 01:40:26] 221: histórico actualizado -> 358 filas
[2026-10-01 01:40:26] 223: histórico actualizado -> 349 filas
[2026-10-01 01:40:26] 225: histórico actualizado -> 346 filas
[2026-10-01 01:40:26] 226: histórico actualizado -> 347 filas
[2026-10-01 01:40:26] 227: histórico actualizado -> 352 filas
[2026-10-01 01:40:26] 228: histórico actualizado -> 344 filas
[2026-10-01 01:40:26] 229: histórico actualizado -> 350 filas
[2026-10-01 01:40:26] 231: histórico actualizado -> 350 filas
[2026-10-01 01:40:26] 232: histórico actualizado -> 329 filas
[2026-10-01 01:40:26] 234: histórico actualizado -> 334 filas
[2026-10-01 01:40:26] 235: histórico actualizado -> 299 filas
[2026-10-01 01:40:26] 236: histórico actualizado -> 349 filas
[2026-10-01 01:40:26] 238: histórico actualizado -> 352 filas
[2026-10-01 01:40:26] 240: histórico actualizado -> 308 filas
[2026-10-01 01:40:27] 241: histórico actualizado -> 179 filas
[2026-10-01 01:40:27] 242: histórico actualizado -> 262 filas
[2026-10-01 01:40:27] 243: histórico actualizado -> 346 filas
[2026-10-01 01:40:27] 244: histórico actualizado -> 219 filas
[2026-10-01 01:40:27] 245: histórico actualizado -> 270 filas
[2026-10-01 01:40:27] 246: histórico actualizado -> 153 filas
[2026-10-01 01:40:27] 247: histórico actualizado -> 230 filas
[2026-10-01 01:40:27] Catálogo actualizado: 32 estaciones
[2026-10-01 01:40:27] FIN DEL PROCESO - 22.9 segundos
[2026-10-01 02:40:05] INICIO DEL PROCESO
[2026-10-01 02:40:05] Abriendo página de login...
[2026-10-01 02:40:05] Realizando login...
[2026-10-01 02:40:07] LOGIN OK -> https://polaris.adrtecnology.com/gis/map
[2026-10-01 02:40:07] Estaciones conservadas del catálogo histórico: 32
[2026-10-01 02:40:07] Estaciones obtenidas desde viewer: 20
[2026-10-01 02:40:10] Estaciones obtenidas directamente desde GIS: 32
[2026-10-01 02:40:11] 200: estación con datos, pero sin las variables seleccionadas
[2026-10-01 02:40:11] 215: 1/4 variables -> Ll acu 1 h
[2026-10-01 02:40:12] 216: 3/4 variables -> HRa med 1h, Ll acu 1 h, Ta med 1h
[2026-10-01 02:40:12] 217: 3/4 variables -> HRa med 1h, Ll acu 1 h, Ta med 1h
[2026-10-01 02:40:13] 218: 2/4 variables -> Ll acu 1 h, Ta med 1h
[2026-10-01 02:40:13] 220: 1/4 variables -> PP Acc (1h)
[2026-10-01 02:40:14] 221: 3/4 variables -> HRa med 1h, Ll acu 1 h, Ta med 1h
[2026-10-01 02:40:15] 223: 3/4 variables -> HRa med 1h, Ll acu 1 h, Ta med 1h
[2026-10-01 02:40:15] 224: SIN DATOS EN EL ÚLTIMO DÍA
[2026-10-01 02:40:16] 225: 3/4 variables -> HRa med 1h, Ll acu 1 h, Ta med 1h
[2026-10-01 02:40:16] 226: 3/4 variables -> HRa med 1h, Ll acu 1 h, Ta med 1h
[2026-10-01 02:40:17] 227: 3/4 variables -> HRa med 1h, Ll acu 1 h, Ta med 1h
[2026-10-01 02:40:17] 228: 3/4 variables -> HRa med 1h, Ll acu 1 h, Ta med 1h
[2026-10-01 02:40:18] 229: 3/4 variables -> HRa med 1h, Ll acu 1 h, Ta med 1h
[2026-10-01 02:40:18] 230: SIN DATOS EN EL ÚLTIMO DÍA
[2026-10-01 02:40:19] 231: 3/4 variables -> HRa med 1h, Ll acu 1 h, Ta med 1h
[2026-10-01 02:40:19] 232: 3/4 variables -> HRa med 1h, Ll acu 1 h, Ta med 1h
[2026-10-01 02:40:20] 233: SIN DATOS EN EL ÚLTIMO DÍA
[2026-10-01 02:40:21] 234: 3/4 variables -> HRa med 1h, Ll acu 1 h, Ta med 1h
[2026-10-01 02:40:21] 235: 3/4 variables -> HRa med 1h, Ll acu 1 h, Ta med 1h
[2026-10-01 02:40:22] 236: 3/4 variables -> HRa med 1h, Ll acu 1 h, Ta med 1h
[2026-10-01 02:40:22] 237: SIN DATOS EN EL ÚLTIMO DÍA
[2026-10-01 02:40:23] 238: 3/4 variables -> HRa med 1h, Ll acu 1 h, Ta med 1h
[2026-10-01 02:40:23] 239: SIN DATOS EN EL ÚLTIMO DÍA
[2026-10-01 02:40:24] 240: 3/4 variables -> HRa med 1h, Ll acu 1 h, Ta med 1h
[2026-10-01 02:40:24] 241: 3/4 variables -> HRa med 1h, Ll acu 1 h, Ta med 1h
[2026-10-01 02:40:25] 242: 3/4 variables -> HRa med 1h, Ll acu 1 h, Ta med 1h
[2026-10-01 02:40:26] 243: 3/4 variables -> HRa med 1h, Ll acu 1 h, Ta med 1h
[2026-10-01 02:40:26] 244: 3/4 variables -> HRa med 1h, Ll acu 1 h, Ta med 1h
[2026-10-01 02:40:27] 245: 3/4 variables -> HRa med 1h, Ll acu 1 h, Ta med 1h
[2026-10-01 02:40:27] 246: 3/4 variables -> HRa med 1h, Ll acu 1 h, Ta med 1h
[2026-10-01 02:40:28] 247: 3/4 variables -> HRa med 1h, Ll acu 1 h, Ta med 1h
[2026-10-01 02:40:28] 215: histórico actualizado -> 180 filas
[2026-10-01 02:40:28] 216: histórico actualizado -> 129 filas
[2026-10-01 02:40:28] 217: histórico actualizado -> 172 filas
[2026-10-01 02:40:28] 218: histórico actualizado -> 182 filas
[2026-10-01 02:40:28] 220: histórico actualizado -> 179 filas
[2026-10-01 02:40:29] 221: histórico actualizado -> 360 filas
[2026-10-01 02:40:29] 223: histórico actualizado -> 351 filas
[2026-10-01 02:40:29] 225: histórico actualizado -> 348 filas
[2026-10-01 02:40:29] 226: histórico actualizado -> 349 filas
[2026-10-01 02:40:29] 227: histórico actualizado -> 354 filas
[2026-10-01 02:40:29] 228: histórico actualizado -> 346 filas
[2026-10-01 02:40:29] 229: histórico actualizado -> 352 filas
[2026-10-01 02:40:29] 231: histórico actualizado -> 352 filas
[2026-10-01 02:40:29] 232: histórico actualizado -> 331 filas
[2026-10-01 02:40:29] 234: histórico actualizado -> 336 filas
[2026-10-01 02:40:29] 235: histórico actualizado -> 301 filas
[2026-10-01 02:40:29] 236: histórico actualizado -> 351 filas
[2026-10-01 02:40:29] 238: histórico actualizado -> 354 filas
[2026-10-01 02:40:29] 240: histórico actualizado -> 309 filas
[2026-10-01 02:40:29] 241: histórico actualizado -> 181 filas
[2026-10-01 02:40:30] 242: histórico actualizado -> 262 filas
[2026-10-01 02:40:30] 243: histórico actualizado -> 348 filas
[2026-10-01 02:40:30] 244: histórico actualizado -> 221 filas
[2026-10-01 02:40:30] 245: histórico actualizado -> 272 filas
[2026-10-01 02:40:30] 246: histórico actualizado -> 154 filas
[2026-10-01 02:40:30] 247: histórico actualizado -> 232 filas
[2026-10-01 02:40:30] Catálogo actualizado: 32 estaciones
[2026-10-01 02:40:30] FIN DEL PROCESO - 25.0 segundos
[2026-10-01 03:40:06] INICIO DEL PROCESO
[2026-10-01 03:40:06] Abriendo página de login...
[2026-10-01 03:40:07] Realizando login...
[2026-10-01 03:40:07] LOGIN OK -> https://polaris.adrtecnology.com/gis/map
[2026-10-01 03:40:07] Estaciones conservadas del catálogo histórico: 32
[2026-10-01 03:40:08] Estaciones obtenidas desde viewer: 20
[2026-10-01 03:40:09] Estaciones obtenidas directamente desde GIS: 32
[2026-10-01 03:40:10] 200: estación con datos, pero sin las variables seleccionadas
[2026-10-01 03:40:10] 215: 1/4 variables -> Ll acu 1 h
[2026-10-01 03:40:11] 216: 3/4 variables -> HRa med 1h, Ll acu 1 h, Ta med 1h
[2026-10-01 03:40:11] 217: 3/4 variables -> HRa med 1h, Ll acu 1 h, Ta med 1h
[2026-10-01 03:40:12] 218: 2/4 variables -> Ll acu 1 h, Ta med 1h
[2026-10-01 03:40:12] 220: 1/4 variables -> PP Acc (1h)
[2026-10-01 03:40:13] 221: 3/4 variables -> HRa med 1h, Ll acu 1 h, Ta med 1h
[2026-10-01 03:40:14] 223: 3/4 variables -> HRa med 1h, Ll acu 1 h, Ta med 1h
[2026-10-01 03:40:14] 224: SIN DATOS EN EL ÚLTIMO DÍA
[2026-10-01 03:40:15] 225: 3/4 variables -> HRa med 1h, Ll acu 1 h, Ta med 1h
[2026-10-01 03:40:15] 226: 3/4 variables -> HRa med 1h, Ll acu 1 h, Ta med 1h
[2026-10-01 03:40:16] 227: 3/4 variables -> HRa med 1h, Ll acu 1 h, Ta med 1h
[2026-10-01 03:40:16] 228: 3/4 variables -> HRa med 1h, Ll acu 1 h, Ta med 1h
[2026-10-01 03:40:17] 229: 3/4 variables -> HRa med 1h, Ll acu 1 h, Ta med 1h
[2026-10-01 03:40:17] 230: SIN DATOS EN EL ÚLTIMO DÍA
[2026-10-01 03:40:18] 231: 3/4 variables -> HRa med 1h, Ll acu 1 h, Ta med 1h
[2026-10-01 03:40:19] 232: 3/4 variables -> HRa med 1h, Ll acu 1 h, Ta med 1h
[2026-10-01 03:40:19] 233: SIN DATOS EN EL ÚLTIMO DÍA
[2026-10-01 03:40:20] 234: 3/4 variables -> HRa med 1h, Ll acu 1 h, Ta med 1h
[2026-10-01 03:40:20] 235: 3/4 variables -> HRa med 1h, Ll acu 1 h, Ta med 1h
[2026-10-01 03:40:21] 236: 3/4 variables -> HRa med 1h, Ll acu 1 h, Ta med 1h
[2026-10-01 03:40:21] 237: SIN DATOS EN EL ÚLTIMO DÍA
[2026-10-01 03:40:22] 238: 3/4 variables -> HRa med 1h, Ll acu 1 h, Ta med 1h
[2026-10-01 03:40:22] 239: SIN DATOS EN EL ÚLTIMO DÍA
[2026-10-01 03:40:23] 240: 3/4 variables -> HRa med 1h, Ll acu 1 h, Ta med 1h
[2026-10-01 03:40:24] 241: 3/4 variables -> HRa med 1h, Ll acu 1 h, Ta med 1h
[2026-10-01 03:40:24] 242: 3/4 variables -> HRa med 1h, Ll acu 1 h, Ta med 1h
[2026-10-01 03:40:25] 243: 3/4 variables -> HRa med 1h, Ll acu 1 h, Ta med 1h
[2026-10-01 03:40:25] 244: 3/4 variables -> HRa med 1h, Ll acu 1 h, Ta med 1h
[2026-10-01 03:40:26] 245: 3/4 variables -> HRa med 1h, Ll acu 1 h, Ta med 1h
[2026-10-01 03:40:26] 246: 3/4 variables -> HRa med 1h, Ll acu 1 h, Ta med 1h
[2026-10-01 03:40:27] 247: 3/4 variables -> HRa med 1h, Ll acu 1 h, Ta med 1h
[2026-10-01 03:40:27] 215: histórico actualizado -> 181 filas
[2026-10-01 03:40:27] 216: histórico actualizado -> 129 filas
[2026-10-01 03:40:27] 217: histórico actualizado -> 173 filas
[2026-10-01 03:40:27] 218: histórico actualizado -> 183 filas
[2026-10-01 03:40:27] 220: histórico actualizado -> 180 filas
[2026-10-01 03:40:28] 221: histórico actualizado -> 362 filas
[2026-10-01 03:40:28] 223: histórico actualizado -> 353 filas
[2026-10-01 03:40:28] 225: histórico actualizado -> 350 filas
[2026-10-01 03:40:28] 226: histórico actualizado -> 351 filas
[2026-10-01 03:40:28] 227: histórico actualizado -> 356 filas
[2026-10-01 03:40:28] 228: histórico actualizado -> 348 filas
[2026-10-01 03:40:28] 229: histórico actualizado -> 354 filas
[2026-10-01 03:40:28] 231: histórico actualizado -> 354 filas
[2026-10-01 03:40:28] 232: histórico actualizado -> 333 filas
[2026-10-01 03:40:28] 234: histórico actualizado -> 338 filas
[2026-10-01 03:40:28] 235: histórico actualizado -> 303 filas
[2026-10-01 03:40:28] 236: histórico actualizado -> 353 filas
[2026-10-01 03:40:28] 238: histórico actualizado -> 356 filas
[2026-10-01 03:40:28] 240: histórico actualizado -> 311 filas
[2026-10-01 03:40:28] 241: histórico actualizado -> 183 filas
[2026-10-01 03:40:29] 242: histórico actualizado -> 262 filas
[2026-10-01 03:40:29] 243: histórico actualizado -> 350 filas
[2026-10-01 03:40:29] 244: histórico actualizado -> 223 filas
[2026-10-01 03:40:29] 245: histórico actualizado -> 274 filas
[2026-10-01 03:40:29] 246: histórico actualizado -> 156 filas
[2026-10-01 03:40:29] 247: histórico actualizado -> 234 filas
[2026-10-01 03:40:29] Catálogo actualizado: 32 estaciones
[2026-10-01 03:40:29] FIN DEL PROCESO - 22.5 segundos
[2026-10-01 04:40:06] INICIO DEL PROCESO
[2026-10-01 04:40:06] Abriendo página de login...
[2026-10-01 04:40:06] Realizando login...
[2026-10-01 04:40:07] LOGIN OK -> https://polaris.adrtecnology.com/gis/map
[2026-10-01 04:40:07] Estaciones conservadas del catálogo histórico: 32
[2026-10-01 04:40:07] Estaciones obtenidas desde viewer: 20
[2026-10-01 04:40:09] Estaciones obtenidas directamente desde GIS: 32
[2026-10-01 04:40:09] 200: estación con datos, pero sin las variables seleccionadas
[2026-10-01 04:40:10] 215: 1/4 variables -> Ll acu 1 h
[2026-10-01 04:40:10] 216: 3/4 variables -> HRa med 1h, Ll acu 1 h, Ta med 1h
[2026-10-01 04:40:11] 217: 3/4 variables -> HRa med 1h, Ll acu 1 h, Ta med 1h
[2026-10-01 04:40:11] 218: 2/4 variables -> Ll acu 1 h, Ta med 1h
[2026-10-01 04:40:12] 220: 1/4 variables -> PP Acc (1h)
[2026-10-01 04:40:12] 221: 3/4 variables -> HRa med 1h, Ll acu 1 h, Ta med 1h
[2026-10-01 04:40:13] 223: 3/4 variables -> HRa med 1h, Ll acu 1 h, Ta med 1h
[2026-10-01 04:40:14] 224: SIN DATOS EN EL ÚLTIMO DÍA
[2026-10-01 04:40:14] 225: 3/4 variables -> HRa med 1h, Ll acu 1 h, Ta med 1h
[2026-10-01 04:40:15] 226: 3/4 variables -> HRa med 1h, Ll acu 1 h, Ta med 1h
[2026-10-01 04:40:15] 227: 3/4 variables -> HRa med 1h, Ll acu 1 h, Ta med 1h
[2026-10-01 04:40:16] 228: 3/4 variables -> HRa med 1h, Ll acu 1 h, Ta med 1h
[2026-10-01 04:40:17] 229: 3/4 variables -> HRa med 1h, Ll acu 1 h, Ta med 1h
[2026-10-01 04:40:17] 230: SIN DATOS EN EL ÚLTIMO DÍA
[2026-10-01 04:40:18] 231: 3/4 variables -> HRa med 1h, Ll acu 1 h, Ta med 1h
[2026-10-01 04:40:18] 232: 3/4 variables -> HRa med 1h, Ll acu 1 h, Ta med 1h
[2026-10-01 04:40:19] 233: SIN DATOS EN EL ÚLTIMO DÍA
[2026-10-01 04:40:19] 234: 3/4 variables -> HRa med 1h, Ll acu 1 h, Ta med 1h
[2026-10-01 04:40:20] 235: 3/4 variables -> HRa med 1h, Ll acu 1 h, Ta med 1h
[2026-10-01 04:40:21] 236: 3/4 variables -> HRa med 1h, Ll acu 1 h, Ta med 1h
[2026-10-01 04:40:21] 237: SIN DATOS EN EL ÚLTIMO DÍA
[2026-10-01 04:40:22] 238: 3/4 variables -> HRa med 1h, Ll acu 1 h, Ta med 1h
[2026-10-01 04:40:22] 239: SIN DATOS EN EL ÚLTIMO DÍA
[2026-10-01 04:40:23] 240: 3/4 variables -> HRa med 1h, Ll acu 1 h, Ta med 1h
[2026-10-01 04:40:23] 241: 3/4 variables -> HRa med 1h, Ll acu 1 h, Ta med 1h
[2026-10-01 04:40:24] 242: 3/4 variables -> HRa med 1h, Ll acu 1 h, Ta med 1h
[2026-10-01 04:40:24] 243: 3/4 variables -> HRa med 1h, Ll acu 1 h, Ta med 1h
[2026-10-01 04:40:25] 244: 3/4 variables -> HRa med 1h, Ll acu 1 h, Ta med 1h
[2026-10-01 04:40:26] 245: 3/4 variables -> HRa med 1h, Ll acu 1 h, Ta med 1h
[2026-10-01 04:40:26] 246: 3/4 variables -> HRa med 1h, Ll acu 1 h, Ta med 1h
[2026-10-01 04:40:27] 247: 3/4 variables -> HRa med 1h, Ll acu 1 h, Ta med 1h
[2026-10-01 04:40:27] 215: histórico actualizado -> 182 filas
[2026-10-01 04:40:27] 216: histórico actualizado -> 129 filas
[2026-10-01 04:40:27] 217: histórico actualizado -> 174 filas
[2026-10-01 04:40:27] 218: histórico actualizado -> 184 filas
[2026-10-01 04:40:27] 220: histórico actualizado -> 181 filas
[2026-10-01 04:40:27] 221: histórico actualizado -> 364 filas
[2026-10-01 04:40:27] 223: histórico actualizado -> 355 filas
[2026-10-01 04:40:28] 225: histórico actualizado -> 352 filas
[2026-10-01 04:40:28] 226: histórico actualizado -> 353 filas
[2026-10-01 04:40:28] 227: histórico actualizado -> 358 filas
[2026-10-01 04:40:28] 228: histórico actualizado -> 350 filas
[2026-10-01 04:40:28] 229: histórico actualizado -> 356 filas
[2026-10-01 04:40:28] 231: histórico actualizado -> 356 filas
[2026-10-01 04:40:28] 232: histórico actualizado -> 335 filas
[2026-10-01 04:40:28] 234: histórico actualizado -> 340 filas
[2026-10-01 04:40:28] 235: histórico actualizado -> 305 filas
[2026-10-01 04:40:28] 236: histórico actualizado -> 355 filas
[2026-10-01 04:40:28] 238: histórico actualizado -> 358 filas
[2026-10-01 04:40:28] 240: histórico actualizado -> 313 filas
[2026-10-01 04:40:28] 241: histórico actualizado -> 185 filas
[2026-10-01 04:40:28] 242: histórico actualizado -> 262 filas
[2026-10-01 04:40:29] 243: histórico actualizado -> 352 filas
[2026-10-01 04:40:29] 244: histórico actualizado -> 225 filas
[2026-10-01 04:40:29] 245: histórico actualizado -> 276 filas
[2026-10-01 04:40:29] 246: histórico actualizado -> 158 filas
[2026-10-01 04:40:29] 247: histórico actualizado -> 236 filas
[2026-10-01 04:40:29] Catálogo actualizado: 32 estaciones
[2026-10-01 04:40:29] FIN DEL PROCESO - 22.9 segundos
[2026-10-01 05:40:06] INICIO DEL PROCESO
[2026-10-01 05:40:06] Abriendo página de login...
[2026-10-01 05:40:07] Realizando login...
[2026-10-01 05:40:07] LOGIN OK -> https://polaris.adrtecnology.com/gis/map
[2026-10-01 05:40:07] Estaciones conservadas del catálogo histórico: 32
[2026-10-01 05:40:08] Estaciones obtenidas desde viewer: 20
[2026-10-01 05:40:09] Estaciones obtenidas directamente desde GIS: 32
[2026-10-01 05:40:10] 200: estación con datos, pero sin las variables seleccionadas
[2026-10-01 05:40:10] 215: 1/4 variables -> Ll acu 1 h
[2026-10-01 05:40:11] 216: 3/4 variables -> HRa med 1h, Ll acu 1 h, Ta med 1h
[2026-10-01 05:40:11] 217: 3/4 variables -> HRa med 1h, Ll acu 1 h, Ta med 1h
[2026-10-01 05:40:12] 218: 2/4 variables -> Ll acu 1 h, Ta med 1h
[2026-10-01 05:40:12] 220: 1/4 variables -> PP Acc (1h)
[2026-10-01 05:40:13] 221: 3/4 variables -> HRa med 1h, Ll acu 1 h, Ta med 1h
[2026-10-01 05:40:13] 223: 3/4 variables -> HRa med 1h, Ll acu 1 h, Ta med 1h
[2026-10-01 05:40:14] 224: SIN DATOS EN EL ÚLTIMO DÍA
[2026-10-01 05:40:15] 225: 3/4 variables -> HRa med 1h, Ll acu 1 h, Ta med 1h
[2026-10-01 05:40:15] 226: 3/4 variables -> HRa med 1h, Ll acu 1 h, Ta med 1h
[2026-10-01 05:40:16] 227: 3/4 variables -> HRa med 1h, Ll acu 1 h, Ta med 1h
[2026-10-01 05:40:16] 228: 3/4 variables -> HRa med 1h, Ll acu 1 h, Ta med 1h
[2026-10-01 05:40:17] 229: 3/4 variables -> HRa med 1h, Ll acu 1 h, Ta med 1h
[2026-10-01 05:40:17] 230: SIN DATOS EN EL ÚLTIMO DÍA
[2026-10-01 05:40:18] 231: 3/4 variables -> HRa med 1h, Ll acu 1 h, Ta med 1h
[2026-10-01 05:40:19] 232: 3/4 variables -> HRa med 1h, Ll acu 1 h, Ta med 1h
[2026-10-01 05:40:19] 233: SIN DATOS EN EL ÚLTIMO DÍA
[2026-10-01 05:40:20] 234: 3/4 variables -> HRa med 1h, Ll acu 1 h, Ta med 1h
[2026-10-01 05:40:20] 235: 3/4 variables -> HRa med 1h, Ll acu 1 h, Ta med 1h
[2026-10-01 05:40:21] 236: 3/4 variables -> HRa med 1h, Ll acu 1 h, Ta med 1h
[2026-10-01 05:40:21] 237: SIN DATOS EN EL ÚLTIMO DÍA
[2026-10-01 05:40:22] 238: 3/4 variables -> HRa med 1h, Ll acu 1 h, Ta med 1h
[2026-10-01 05:40:22] 239: SIN DATOS EN EL ÚLTIMO DÍA
[2026-10-01 05:40:23] 240: 3/4 variables -> HRa med 1h, Ll acu 1 h, Ta med 1h
[2026-10-01 05:40:24] 241: 3/4 variables -> HRa med 1h, Ll acu 1 h, Ta med 1h
[2026-10-01 05:40:24] 242: 3/4 variables -> HRa med 1h, Ll acu 1 h, Ta med 1h
[2026-10-01 05:40:25] 243: 3/4 variables -> HRa med 1h, Ll acu 1 h, Ta med 1h
[2026-10-01 05:40:25] 244: 3/4 variables -> HRa med 1h, Ll acu 1 h, Ta med 1h
[2026-10-01 05:40:26] 245: 3/4 variables -> HRa med 1h, Ll acu 1 h, Ta med 1h
[2026-10-01 05:40:26] 246: 3/4 variables -> HRa med 1h, Ll acu 1 h, Ta med 1h
[2026-10-01 05:40:27] 247: 3/4 variables -> HRa med 1h, Ll acu 1 h, Ta med 1h
[2026-10-01 05:40:27] 215: histórico actualizado -> 183 filas
[2026-10-01 05:40:27] 216: histórico actualizado -> 129 filas
[2026-10-01 05:40:27] 217: histórico actualizado -> 175 filas
[2026-10-01 05:40:27] 218: histórico actualizado -> 185 filas
[2026-10-01 05:40:27] 220: histórico actualizado -> 182 filas
[2026-10-01 05:40:27] 221: histórico actualizado -> 366 filas
[2026-10-01 05:40:28] 223: histórico actualizado -> 357 filas
[2026-10-01 05:40:28] 225: histórico actualizado -> 354 filas
[2026-10-01 05:40:28] 226: histórico actualizado -> 355 filas
[2026-10-01 05:40:28] 227: histórico actualizado -> 360 filas
[2026-10-01 05:40:28] 228: histórico actualizado -> 352 filas
[2026-10-01 05:40:28] 229: histórico actualizado -> 358 filas
[2026-10-01 05:40:28] 231: histórico actualizado -> 358 filas
[2026-10-01 05:40:28] 232: histórico actualizado -> 337 filas
[2026-10-01 05:40:28] 234: histórico actualizado -> 342 filas
[2026-10-01 05:40:28] 235: histórico actualizado -> 305 filas
[2026-10-01 05:40:28] 236: histórico actualizado -> 357 filas
[2026-10-01 05:40:28] 238: histórico actualizado -> 360 filas
[2026-10-01 05:40:28] 240: histórico actualizado -> 315 filas
[2026-10-01 05:40:28] 241: histórico actualizado -> 187 filas
[2026-10-01 05:40:28] 242: histórico actualizado -> 262 filas
[2026-10-01 05:40:28] 243: histórico actualizado -> 354 filas
[2026-10-01 05:40:29] 244: histórico actualizado -> 227 filas
[2026-10-01 05:40:29] 245: histórico actualizado -> 276 filas
[2026-10-01 05:40:29] 246: histórico actualizado -> 158 filas
[2026-10-01 05:40:29] 247: histórico actualizado -> 238 filas
[2026-10-01 05:40:29] Catálogo actualizado: 32 estaciones
[2026-10-01 05:40:29] FIN DEL PROCESO - 22.6 segundos
[2026-10-01 06:40:05] INICIO DEL PROCESO
[2026-10-01 06:40:05] Abriendo página de login...
[2026-10-01 06:40:05] Realizando login...
[2026-10-01 06:40:06] LOGIN OK -> https://polaris.adrtecnology.com/gis/map
[2026-10-01 06:40:06] Estaciones conservadas del catálogo histórico: 32
[2026-10-01 06:40:06] Estaciones obtenidas desde viewer: 20
[2026-10-01 06:40:08] Estaciones obtenidas directamente desde GIS: 32
[2026-10-01 06:40:08] 200: estación con datos, pero sin las variables seleccionadas
[2026-10-01 06:40:09] 215: 1/4 variables -> Ll acu 1 h
[2026-10-01 06:40:09] 216: 3/4 variables -> HRa med 1h, Ll acu 1 h, Ta med 1h
[2026-10-01 06:40:10] 217: 3/4 variables -> HRa med 1h, Ll acu 1 h, Ta med 1h
[2026-10-01 06:40:10] 218: 2/4 variables -> Ll acu 1 h, Ta med 1h
[2026-10-01 06:40:11] 220: 1/4 variables -> PP Acc (1h)
[2026-10-01 06:40:11] 221: 3/4 variables -> HRa med 1h, Ll acu 1 h, Ta med 1h
[2026-10-01 06:40:12] 223: 3/4 variables -> HRa med 1h, Ll acu 1 h, Ta med 1h
[2026-10-01 06:40:12] 224: SIN DATOS EN EL ÚLTIMO DÍA
[2026-10-01 06:40:13] 225: 3/4 variables -> HRa med 1h, Ll acu 1 h, Ta med 1h
[2026-10-01 06:40:14] 226: 3/4 variables -> HRa med 1h, Ll acu 1 h, Ta med 1h
[2026-10-01 06:40:14] 227: 3/4 variables -> HRa med 1h, Ll acu 1 h, Ta med 1h
[2026-10-01 06:40:15] 228: 3/4 variables -> HRa med 1h, Ll acu 1 h, Ta med 1h
[2026-10-01 06:40:15] 229: 3/4 variables -> HRa med 1h, Ll acu 1 h, Ta med 1h
[2026-10-01 06:40:16] 230: SIN DATOS EN EL ÚLTIMO DÍA
[2026-10-01 06:40:16] 231: 3/4 variables -> HRa med 1h, Ll acu 1 h, Ta med 1h
[2026-10-01 06:40:17] 232: 3/4 variables -> HRa med 1h, Ll acu 1 h, Ta med 1h
[2026-10-01 06:40:18] 233: SIN DATOS EN EL ÚLTIMO DÍA
[2026-10-01 06:40:18] 234: 3/4 variables -> HRa med 1h, Ll acu 1 h, Ta med 1h
[2026-10-01 06:40:19] 235: 3/4 variables -> HRa med 1h, Ll acu 1 h, Ta med 1h
[2026-10-01 06:40:19] 236: 3/4 variables -> HRa med 1h, Ll acu 1 h, Ta med 1h
[2026-10-01 06:40:20] 237: SIN DATOS EN EL ÚLTIMO DÍA
[2026-10-01 06:40:20] 238: 3/4 variables -> HRa med 1h, Ll acu 1 h, Ta med 1h
[2026-10-01 06:40:21] 239: SIN DATOS EN EL ÚLTIMO DÍA
[2026-10-01 06:40:22] 240: 3/4 variables -> HRa med 1h, Ll acu 1 h, Ta med 1h
[2026-10-01 06:40:22] 241: 3/4 variables -> HRa med 1h, Ll acu 1 h, Ta med 1h
[2026-10-01 06:40:23] 242: 3/4 variables -> HRa med 1h, Ll acu 1 h, Ta med 1h
[2026-10-01 06:40:23] 243: 3/4 variables -> HRa med 1h, Ll acu 1 h, Ta med 1h
[2026-10-01 06:40:24] 244: 3/4 variables -> HRa med 1h, Ll acu 1 h, Ta med 1h
[2026-10-01 06:40:24] 245: 3/4 variables -> HRa med 1h, Ll acu 1 h, Ta med 1h
[2026-10-01 06:40:25] 246: 3/4 variables -> HRa med 1h, Ll acu 1 h, Ta med 1h
[2026-10-01 06:40:25] 247: 3/4 variables -> HRa med 1h, Ll acu 1 h, Ta med 1h
[2026-10-01 06:40:26] 215: histórico actualizado -> 184 filas
[2026-10-01 06:40:26] 216: histórico actualizado -> 130 filas
[2026-10-01 06:40:26] 217: histórico actualizado -> 176 filas
[2026-10-01 06:40:26] 218: histórico actualizado -> 186 filas
[2026-10-01 06:40:26] 220: histórico actualizado -> 183 filas
[2026-10-01 06:40:26] 221: histórico actualizado -> 368 filas
[2026-10-01 06:40:26] 223: histórico actualizado -> 359 filas
[2026-10-01 06:40:26] 225: histórico actualizado -> 356 filas
[2026-10-01 06:40:26] 226: histórico actualizado -> 357 filas
[2026-10-01 06:40:26] 227: histórico actualizado -> 362 filas
[2026-10-01 06:40:26] 228: histórico actualizado -> 354 filas
[2026-10-01 06:40:26] 229: histórico actualizado -> 360 filas
[2026-10-01 06:40:26] 231: histórico actualizado -> 360 filas
[2026-10-01 06:40:27] 232: histórico actualizado -> 339 filas
[2026-10-01 06:40:27] 234: histórico actualizado -> 344 filas
[2026-10-01 06:40:27] 235: histórico actualizado -> 305 filas
[2026-10-01 06:40:27] 236: histórico actualizado -> 359 filas
[2026-10-01 06:40:27] 238: histórico actualizado -> 362 filas
[2026-10-01 06:40:27] 240: histórico actualizado -> 316 filas
[2026-10-01 06:40:27] 241: histórico actualizado -> 189 filas
[2026-10-01 06:40:27] 242: histórico actualizado -> 262 filas
[2026-10-01 06:40:27] 243: histórico actualizado -> 356 filas
[2026-10-01 06:40:27] 244: histórico actualizado -> 229 filas
[2026-10-01 06:40:27] 245: histórico actualizado -> 278 filas
[2026-10-01 06:40:27] 246: histórico actualizado -> 158 filas
[2026-10-01 06:40:27] 247: histórico actualizado -> 240 filas
[2026-10-01 06:40:27] Catálogo actualizado: 32 estaciones
[2026-10-01 06:40:27] FIN DEL PROCESO - 22.6 segundos
